datetime,X-ECEF,Y-ECEF,Z-ECEF,cdt,variance,VX-ECEF,VY-ECEF,VZ-ECEF
2026-04-23 07:30:00.000,3509419.496305732,779104.2746698309,5250978.202453249,-40767.038503439115,67.77353946160105,,,
2026-04-23 07:30:00.100,3509419.516674299,779104.3935114624,5250978.109789655,-40771.39425055684,67.83474764028418,0.2036856673657894,1.1884163145441562,-0.9266359452158213
2026-04-23 07:30:00.200,3509419.6668082885,779104.4822179241,5250977.870302144,-40775.78182582719,68.40249041636963,1.5013398975133896,0.8870646171271801,-2.3948751017451286
2026-04-23 07:30:00.300,3509425.440167501,779104.0533576627,5250971.910448027,-40781.64917696101,35.0573744482971,57.733592125587165,-4.288602613378316,-59.59854117594659
2026-04-23 07:30:00.400,3509425.744600675,779104.1623697341,5250971.559690118,-40786.05637944252,35.32741212739668,3.044331739656627,1.090120713924989,-3.5075790900737047
2026-04-23 07:30:00.500,3509419.833702959,779101.525972289,5250977.683027454,-40787.43182401672,66.4975342493153,-59.10897715948522,-26.363974451087415,61.23337335884571
2026-04-23 07:30:00.600,3509426.0704117278,779104.3996298414,5250971.170100929,-40794.77782804197,35.66682228602029,62.36708768643439,28.736575524089858,-65.12926524505019
2026-04-23 07:30:00.700,3509426.1652672216,779104.5097409431,5250971.048481631,-40799.11903205633,35.68914220922729,0.9485549386590719,1.1011110164690763,-1.2161929812282324
2026-04-23 07:30:00.800,3509420.087187236,779101.8169544874,5250977.345239959,-40800.44655846606,67.58897194863705,-60.780799854546785,-26.927864557364956,62.967583276331425
2026-04-23 07:30:00.900,3509426.3885049573,779104.7097286052,5250970.801500965,-40807.80883790506,35.89995600976445,63.013177211396396,28.92774117877707,-65.43738993816078
2026-04-23 07:30:01.000,3509420.1512160897,779105.4316142197,5250977.230073374,-40810.47237025166,70.47395636429218,-62.37288867589086,7.218856144463643,64.28572408854961
2026-04-23 07:30:01.100,3509420.3607162875,779102.1436365362,5250977.092417017,-40813.46754854534,68.00411974358899,2.095001977868378,-32.8797768347431,-1.3765635713934898
2026-04-23 07:30:01.200,3509426.4852201813,779105.0925432647,5250970.762464185,-40820.78570657213,35.76236751619183,61.24503893777728,29.489067285321653,-63.29952831380069
2026-04-23 07:30:01.300,3509398.03700991,779107.3075460879,5250999.803648248,-40817.41858342163,43.53826849087854,-284.4821027107537,22.150028231553733,290.4118406306952
2026-04-23 07:30:01.400,3509419.7194696353,779105.9629788367,5250977.651024479,-40827.6656063032,69.64609254220974,216.8245972506702,-13.445672511588782,-221.52623768895864
2026-04-23 07:30:01.500,3509419.5971149327,779106.0846375262,5250977.76960133,-40831.97435504646,68.8198184533307,-1.2235470255836844,1.216586894588545,1.1857685074210167
2026-04-23 07:30:01.600,3509419.7180903032,779106.2117002169,5250977.685590629,-40836.30456166733,68.47160398556647,1.209753705188632,1.2706269067712128,-0.8401070162653923
2026-04-23 07:30:01.700,3509419.5669266395,779106.348378491,5250977.844189106,-40840.58757041079,67.7773132923679,-1.5116366371512413,1.366782741388306,1.5859847702085972
2026-04-23 07:30:01.800,3509419.610159553,779106.4787186071,5250977.797595612,-40844.91167717829,67.1781834614196,0.43232913594692945,1.3034011609852314,-0.4659349378198385
2026-04-23 07:30:01.900,3509372.1664550146,779108.5568326103,5251030.63623509,-40837.23260188632,1.7577313964639518e-37,-474.43704538512975,20.781140031758696,528.3863947819918
2026-04-23 07:30:02.000,3509372.25423932,779108.6546831395,5251030.520267969,-40841.57511039972,2.565854121688508e-46,0.877843052148819,0.9785052924416959,-1.1596712097525597
2026-04-23 07:30:02.100,3509372.324199586,779108.772309213,5251030.436864916,-40845.91444680066,1.612895900893396e-45,0.6996026635169983,1.1762607342097908,-0.8340305276215076
2026-04-23 07:30:02.200,3509390.9557281695,779107.8622343341,5251010.521439958,-40855.131643984714,5.618636546114477,186.31528583355248,-9.100748788332567,-199.15424957871437
2026-04-23 07:30:02.300,3509390.839935483,779107.9765260561,5251010.650424125,-40859.399012170725,5.552026041491363,-1.1579268658533692,1.1429172195494175,1.2898416630923748
2026-04-23 07:30:02.400,3509372.582612493,779109.0548681377,5251030.142304681,-40858.91766073194,1.0618479243267734e-40,-182.57322989869863,10.783420816296712,194.91880556568503
2026-04-23 07:30:02.500,3509372.6782425833,779109.117589755,5251030.047163558,-40863.2661471127,4.392742256330725e-46,0.9563009021803737,0.6272161728702486,-0.9514112304896116
2026-04-23 07:30:02.600,3509372.63778941,779109.1782804964,5251030.079737283,-40867.571746699476,4.7570935416104935e-46,-0.40453173220157623,0.6069074140395969,0.3257372509688139
2026-04-23 07:30:02.700,3509390.573326573,779108.256025835,5251010.94395987,-40876.59509397574,5.326830512837661,179.3553716270253,-9.222546613309532,-191.3577741291374
2026-04-23 07:30:02.800,3509372.525501642,779109.3177385067,5251030.258587414,-40876.13641318138,2.8698592549372254e-40,-180.47824930865318,10.617126716533676,193.14627544023097
2026-04-23 07:30:02.900,3509372.5390719385,779109.4085166659,5251030.229396725,-40880.45757342816,1.1289758135429434e-47,0.13570296578109264,0.907781592104584,-0.2919068932533264
2026-04-23 07:30:03.000,3509372.485887013,779109.5088792945,5251030.325554045,-40884.745827007144,2.617171204122278e-47,-0.531849255785346,1.0036262858193368,0.9615731984376907
2026-04-23 07:30:03.100,3509372.5107671777,779109.5848963677,5251030.29672272,-40889.07322095991,7.276762289108608e-46,0.2488016476854682,0.7601707323919982,-0.2883132454007864
2026-04-23 07:30:03.200,3509372.512250202,779109.6865191313,5251030.305051056,-40893.37793141723,1.7943873157674965e-46,0.014830240979790688,1.0162276355549693,0.08328335359692574
2026-04-23 07:30:03.300,3509372.4111789283,779109.7925229234,5251030.399112275,-40897.68474119902,9.822410309588819e-50,-1.0107127344235778,1.060037921415642,0.9406121913343668
2026-04-23 07:30:03.400,3509372.6019430063,779109.8932927848,5251030.174654044,-40902.0569664584,2.292163015375067e-46,1.9076407793909311,1.0076986136846244,-2.2445823065936565
2026-04-23 07:30:03.500,3509372.4193744133,779110.0265427012,5251030.39581757,-40906.327169186174,1.9543255560194135e-47,-1.8256859295070171,1.3324991636909544,2.211635261774063
2026-04-23 07:30:03.600,3509372.456345966,779110.1296810475,5251030.335166272,-40910.65622866526,4.6933748309218956e-48,0.3697155276313424,1.031383463414386,-0.6065129861235619
2026-04-23 07:30:03.700,3509372.245077207,779110.2728007308,5251030.565789671,-40914.9156319596,8.005464859668144e-47,-2.1126875886693597,1.431196832563728,2.3062339890748262
2026-04-23 07:30:03.800,3509390.668058445,779109.363429391,5251010.8445265675,-40924.11133935801,5.624831304387564,184.22981237992644,-9.093713397160172,-197.21263103187084
2026-04-23 07:30:03.900,3509372.3437884226,779110.4874103216,5251030.444975798,-40923.6073095235,2.7837634772891086e-40,-183.24270022567362,11.239809305407107,196.00449230521917
2026-04-23 07:30:04.000,3509390.5672426415,779109.611615624,5251010.919120112,-40932.73700414431,5.660749838007989,182.23454218823463,-8.757946975529194,-195.25855685584247
2026-04-23 07:30:04.100,3509390.5585213243,779109.7087827136,5251010.932604456,-40937.0501825804,5.742462649450314,-0.08721317164599895,0.9716708958148956,0.13484343886375427
2026-04-23 07:30:04.200,3509371.9969925424,779110.8206059141,5251030.748740845,-40936.50276887021,6.210375427684156e-39,-185.61528781894594,11.118232004810125,198.16136389039457
2026-04-23 07:30:04.300,3509371.8553855764,779110.9243837246,5251030.857283907,-40940.81487081347,5.080391160943245e-47,-1.4160696603357792,1.0377781046554446,1.0854306165128946
2026-04-23 07:30:04.400,3509371.7343072207,779111.040012769,5251030.962912131,-40945.121735346176,1.03001937291649e-45,-1.210783557035029,1.1562904447782785,1.056282240897417
2026-04-23 07:30:04.500,3509371.5342091033,779111.158949259,5251031.148970923,-40949.40044472965,2.588091524076475e-46,-2.000981173478067,1.1893648991826922,1.8605879228562117
2026-04-23 07:30:04.600,3509371.4343071626,779111.2785126371,5251031.233481519,-40953.712525706454,8.775221096174697e-47,-0.9990194067358971,1.1956337816081941,0.8451059553772211
2026-04-23 07:30:04.700,3509371.4136657063,779111.389491292,5251031.230263945,-40958.043260127306,4.522317889475995e-48,-0.20641456358134747,1.1097865481860936,-0.03217574208974838
2026-04-23 07:30:04.800,3509371.2767485944,779111.4881181028,5251031.316848411,-40962.362441340985,1.820730084750165e-45,-1.3691711192950606,0.9862681082449853,0.8658446650952101
2026-04-23 07:30:04.900,3509371.124855368,779111.6092496321,5251031.49683085,-40966.654578548245,4.931785443062119e-47,-1.5189322642982006,1.2113152933306992,1.7998243868350983
2026-04-23 07:30:05.000,3509371.137287753,779111.6921049947,5251031.476984538,-40970.97670487286,1.0280522180898621e-46,0.12432385236024857,0.8285536256153136,-0.19846311770379543
2026-04-23 07:30:05.100,3509423.503497741,779108.232807669,5250975.590453435,-40988.85702127807,42.979077020077796,523.6620998801664,-34.592973256949335,-558.8653110340238
2026-04-23 07:30:05.200,3509370.9069968113,779111.924937438,5251031.658886426,-40979.60262141978,2.810166182434531e-38,-525.9650092991069,36.92129769013263,560.6843299139291
2026-04-23 07:30:05.300,3509416.8377575716,779105.6908302499,5250983.205033643,-40994.61404289911,73.81701640863318,459.3076076032594,-62.34107188065536,-484.53852782957256
2026-04-23 07:30:05.400,3509370.8399860593,779112.1540036302,5251031.688616699,-40988.24810208531,1.7816086254650295e-38,-459.9777151225135,64.63173380238004,484.8358305543661
2026-04-23 07:30:05.500,3509422.9762105183,779108.7095231193,5250976.04108843,-41006.064909231645,42.628568695795366,521.3622445892543,-34.44480510894209,-556.4752826839685
2026-04-23 07:30:05.600,3509370.797301265,779112.3572913269,5251031.725806747,-40996.88571655476,1.4344704499878227e-37,-521.7890925332904,36.4776820759289,556.8471831642091
2026-04-23 07:30:05.700,3509370.6936338805,779112.4607240191,5251031.802231128,-41001.19682135001,6.179582352748099e-47,-1.0366738447919488,1.0343269223812968,0.7642438169568777
2026-04-23 07:30:05.800,3509423.5253797513,779108.9740610472,5250975.409606652,-41019.18072957558,43.69279898322587,528.3174587087706,-34.8666297190357,-563.9262447599322
2026-04-23 07:30:05.900,3509370.634108044,779112.666530806,5251031.82404872,-41009.82168419023,1.8973213506240984e-37,-528.9127170713618,36.924697587965056,564.1444206796587
2026-04-23 07:30:06.000,3509417.099872222,779106.5065482692,5250982.768449569,-41025.01257781654,71.40665249559594,464.6576417796314,-61.59982536803,-490.55599151179194
2026-04-23 07:30:06.100,3509392.105399296,779111.738355521,5251008.82058017,-41024.141029129765,7.766325468201918,-249.94472926016897,52.31807251810096,260.5213060043752
2026-04-23 07:30:06.200,3509392.1191121256,779111.834199306,5251008.788370121,-41028.47366135649,7.852315416096735,0.13712829444557428,0.9584378497675061,-0.3221004828810692
2026-04-23 07:30:06.300,3509420.4709206345,779107.7892761409,5250976.3265357865,-41038.39959978399,66.59135604639557,283.51808508858085,-40.449231651145965,-324.61834334768355
2026-04-23 07:30:06.400,3509420.4668345125,779107.8988879763,5250976.340255222,-41042.71723093994,66.43543088374904,-0.04086121916770935,1.0961183544714004,0.13719435781240463
2026-04-23 07:30:06.500,3509420.414710832,779108.0051713557,5250976.382270221,-41047.02731781113,66.43096008875834,-0.5212368071079254,1.0628337936941534,0.42014998383820057
2026-04-23 07:30:06.600,3509420.3610047842,779108.1072407269,5250976.429259987,-41051.33837625872,66.23988850875256,-0.5370604759082198,1.0206937126349658,0.4698976594954729
2026-04-23 07:30:06.700,3509419.7182384394,779107.8176670641,5250983.066250682,-41052.199025438604,57.36847787912178,-6.427663448266685,-2.895736627979204,66.36990695260465
2026-04-23 07:30:06.800,3509419.736451433,779107.9284200537,5250982.987302485,-41056.55550835892,57.39563191060024,0.18212993629276752,1.1075298953801394,-0.789481969550252
2026-04-23 07:30:06.900,3509419.7372464417,779108.0379988138,5250982.942947249,-41060.893509042704,57.48726557010307,0.007950086146593094,1.0957876010797918,-0.4435523599386215
2026-04-23 07:30:07.000,3509419.7164900363,779108.1773110087,5250982.847436721,-41065.25645813693,57.42954191598008,-0.2075640531256795,1.3931219489313662,-0.9551052749156952
2026-04-23 07:30:07.100,3509419.746111717,779108.2753382997,5250982.758720898,-41069.61223758478,57.474127856598685,0.2962168073281646,0.980272910092026,-0.8871582336723804
2026-04-23 07:30:07.200,3509419.7654268225,779108.3786600359,5250982.678805919,-41073.9539833692,57.54799837902797,0.19315105397254229,1.0332173621281981,-0.7991497870534658
2026-04-23 07:30:07.300,3509420.32775505,779108.9019435502,5250976.2650130885,-41081.615492906996,67.1818172980169,5.623282273299992,5.232835143106058,-64.13792830891907
2026-04-23 07:30:07.400,3509420.3273133235,779109.0015610273,5250976.242472135,-41085.94277892495,67.08348864522189,-0.004417262971401215,0.9961747704073787,-0.22540953010320663
2026-04-23 07:30:07.500,3509420.33637471,779109.1140766094,5250976.23493767,-41090.26322638555,67.14939580396052,0.09061386343091726,1.1251558212097734,-0.07534465752542019
2026-04-23 07:30:07.600,3509420.3216518187,779109.2160095591,5250976.274093909,-41094.57791892069,66.91708612585172,-0.1472289115190506,1.0193294973578304,0.39156239479780197
2026-04-23 07:30:07.700,3509420.318038746,779109.3258552856,5250976.216550915,-41098.92339409415,67.1551119974523,-0.036130729131400585,1.0984572651796043,-0.5754299461841583
2026-04-23 07:30:07.800,3509420.331397887,779109.4306149113,5250976.217432637,-41103.24216268029,67.1224513091383,0.13359141070395708,1.047596256248653,0.008817221969366074
2026-04-23 07:30:07.900,3509420.295380995,779109.5331051676,5250976.218989198,-41107.56511069414,66.95825438841553,-0.36016891710460186,1.0249025630764663,0.01556561328470707
2026-04-23 07:30:08.000,3509420.290589847,779109.6375245746,5250976.2364811385,-41111.89079106482,66.8260296781245,-0.04791148006916046,1.0441940708551556,0.17491940408945084
2026-04-23 07:30:08.100,3509420.2572935573,779109.7406415476,5250976.218920638,-41116.223079255724,66.69123863178362,-0.3329628985375166,1.0311697295401245,-0.17560500651597977
2026-04-23 07:30:08.200,3509420.268088099,779109.8530481558,5250976.21505793,-41120.54462338349,66.98134581711284,0.10794541798532009,1.124066081829369,-0.038627078756690025
2026-04-23 07:30:08.300,3509420.246563113,779109.9686200046,5250976.217473351,-41124.868809542924,66.86046368816206,-0.21524986252188683,1.1557184881530702,0.024154214188456535
2026-04-23 07:30:08.400,3509420.225500011,779110.075784112,5250976.221052454,-41129.19082568755,66.80985722775876,-0.21063101943582296,1.0716410737950355,0.035791024565696716
2026-04-23 07:30:08.500,3509420.184773046,779110.1926638985,5250976.255632132,-41133.49836908203,66.74697341579886,-0.40726964827626944,1.168797864811495,0.3457967843860388
2026-04-23 07:30:08.600,3509420.229005202,779110.2966893311,5250976.213835233,-41137.82885384317,66.79329600152376,0.4423215612769127,1.0402543260715902,-0.41796899400651455
2026-04-23 07:30:08.700,3509420.1847200003,779110.4136315769,5250976.258361892,-41142.15449592234,66.50260922452158,-0.4428520193323493,1.1694224586244673,0.44526658952236176
2026-04-23 07:30:08.800,3509420.08486331,779110.527520228,5250976.366900582,-41146.46976667386,65.77250345712729,-0.9985669003799558,1.138886510161683,1.0853869002312422
2026-04-23 07:30:08.900,3509420.4202332883,779110.5105166775,5250976.119414954,-41150.720454056536,49.38863607178467,3.353699781000614,-0.17003550427034497,-2.474856274202466
2026-04-23 07:30:09.000,3509420.358631809,779110.6163228967,5250976.149114176,-41155.043005031424,49.21327298481107,-0.6160147953778505,1.0580621915869415,0.2969922125339508
2026-04-23 07:30:09.100,3509418.6686910936,779109.3922711024,5250980.977259379,-41158.771363290936,48.167152346032196,-16.899407152086496,-12.240517942700535,48.28145203180611
2026-04-23 07:30:09.200,3509418.604899642,779109.5104046908,5250981.025124117,-41163.10253733957,48.105890179662,-0.6379145151004195,1.1813358834479004,0.47864737920463085
2026-04-23 07:30:09.300,3509418.5591617953,779109.626068409,5250981.026556011,-41167.451237502915,48.041737378153734,-0.4573784675449133,1.156637181993574,0.01431894488632679
2026-04-23 07:30:09.400,3509418.4889430627,779109.7398002548,5250981.097120717,-41171.77694737652,47.759352047339235,-0.7021873258054256,1.137318458640948,0.7056470587849617
2026-04-23 07:30:09.500,3509418.455743432,779109.8450532542,5250981.118674699,-41176.096191216224,47.710553059594396,-0.3319963067770004,1.052529993467033,0.2155398204922676
2026-04-23 07:30:09.600,3509418.3909003176,779109.9640389528,5250981.162262965,-41180.430692021946,47.729245948348,-0.6484311446547508,1.1898569867480546,0.43588265776634216
2026-04-23 07:30:09.700,3509418.3618114637,779110.0696262914,5250981.165314871,-41184.77900156586,47.56785843185144,-0.2908885385841131,1.055873385630548,0.03051905892789364
2026-04-23 07:30:09.800,3509418.3207602515,779110.1728964202,5250981.172155505,-41189.11225498816,47.59315699273702,-0.4105121223255992,1.0327012883499265,0.06840634159743786
2026-04-23 07:30:09.900,3509418.2709977785,779110.2816226003,5250981.192565418,-41193.43649552076,47.64568376781262,-0.49762472975999117,1.0872618004214019,0.20409912802278996
2026-04-23 07:30:10.000,3509418.221363586,779110.3852586686,5250981.202149995,-41197.78195107111,47.50946730634559,-0.4963419260457158,1.0363606829196215,0.09584576822817326
2026-04-23 07:30:10.100,3509418.1914406875,779110.5031490274,5250981.224823963,-41202.10320295858,47.52384259239492,-0.2992289839312434,1.1789035878609866,0.22673968225717545
2026-04-23 07:30:10.200,3509418.1472722422,779110.6119385981,5250981.27149316,-41206.41850159593,47.48971649906352,-0.441684452816844,1.0878957074601203,0.46669197268784046
2026-04-23 07:30:10.300,3509418.1000126414,779110.7010973889,5250981.281548557,-41210.75523663088,47.49630432344941,-0.4725960083305836,0.8915879076812416,0.1005539670586586
2026-04-23 07:30:10.400,3509418.0875743143,779110.8134954342,5250981.295737038,-41215.08888856967,47.50181901251468,-0.12438327074050903,1.1239804537035525,0.14188481494784355
2026-04-23 07:30:10.500,3509418.0642476664,779110.9171554246,5250981.287880969,-41219.41938469453,47.43490327908817,-0.2332664793357253,1.0365999036002904,-0.07856069132685661
2026-04-23 07:30:10.600,3509418.0219735606,779111.0084530554,5250981.274743795,-41223.766575726266,47.61560646395156,-0.42274105828255415,0.9129763080272824,-0.1313717383891344
2026-04-23 07:30:10.700,3509417.992685614,779111.116740566,5250981.27975453,-41228.09908479799,47.52738473155838,-0.2928794641047716,1.082875105785206,0.05010734312236309
2026-04-23 07:30:10.800,3509417.9837589953,779111.235873363,5250981.320797428,-41232.40983174373,47.477050263761534,-0.08926618844270706,1.1913279700092971,0.4104289785027504
2026-04-23 07:30:10.900,3509417.9339909535,779111.3182502161,5250981.302922648,-41236.7610938187,47.523000856543284,-0.4976804181933403,0.823768530972302,-0.17874779179692268
2026-04-23 07:30:11.000,3509417.930054043,779111.4422901722,5250981.30627144,-41241.07652234114,47.423841614364484,-0.039369105361402035,1.240399561356753,0.033487919718027115
2026-04-23 07:30:11.100,3509417.8830661443,779111.5380753177,5250981.3042845065,-41245.41055412913,47.427730748175385,-0.46987898647785187,0.9578514553140849,-0.01986933872103691
2026-04-23 07:30:11.200,3509417.8734569005,779111.6510803696,5250981.304825945,-41249.74117600777,47.4565613444936,-0.09609243832528591,1.1300505185499787,0.005414383485913277
2026-04-23 07:30:11.300,3509417.826079127,779111.7407598789,5250981.3091738755,-41254.07222396634,47.55090770649607,-0.4737777356058359,0.8967950928490609,0.04347930662333965
2026-04-23 07:30:11.400,3509417.780526834,779111.8389400815,5250981.3072154345,-41258.40970937522,47.556984366605185,-0.45552292838692665,0.981802026508376,-0.01958440989255905
2026-04-23 07:30:11.500,3509417.7557952777,779111.9325429652,5250981.306535239,-41262.7472787396,47.499628989057605,-0.24731556419283152,0.9360288362950087,-0.006801951676607132
2026-04-23 07:30:11.600,3509417.736658077,779112.0490560841,5250981.323512111,-41267.06120850601,47.48705846760515,-0.19137200433760881,1.165131189627573,0.16976871527731419
2026-04-23 07:30:11.700,3509417.6955155744,779112.1571128845,5250981.302169247,-41271.417434975905,47.59465706510267,-0.41142502799630165,1.0805680032353848,-0.21342864260077477
2026-04-23 07:30:11.800,3509417.649676538,779112.2478572777,5250981.325246948,-41275.73097818056,47.48506439767878,-0.45839036349207163,0.9074439329560846,0.23077701218426228
2026-04-23 07:30:11.900,3509417.623859359,779112.3600791872,5250981.323142813,-41280.06259176058,47.662290318823295,-0.2581717912107706,1.1222190945409238,-0.021041352301836014
2026-04-23 07:30:12.000,3509417.583296005,779112.4567695599,5250981.29815085,-41284.40504018911,47.69368013297552,-0.40563353803008795,0.9669037268031389,-0.24991962127387524
2026-04-23 07:30:12.100,3509417.5386383003,779112.5619930292,5250981.313250316,-41288.72657495851,47.71668501477515,-0.4465770488604903,1.0522346931975335,0.1509946584701538
2026-04-23 07:30:12.200,3509417.48927073,779112.6596188705,5250981.32537776,-41293.06445084302,47.72818527882768,-0.4936757031828165,0.9762584127020091,0.1212744414806366
2026-04-23 07:30:12.300,3509418.9380200277,779113.9953231437,5250976.904924366,-41297.95076892708,46.985940732881076,14.487492977641523,13.35704273195006,-44.20453394763172
2026-04-23 07:30:12.400,3509418.947975037,779114.120790251,5250976.95415515,-41302.24222228074,46.890434547637696,0.09955009445548058,1.2546710728202015,0.4923078417778015
2026-04-23 07:30:12.500,3509421.890930562,779117.1739318788,5250983.19417837,-41301.587322346524,55.548223863663765,29.42955524660647,30.53141627809964,62.40023219957948
2026-04-23 07:30:12.600,3509418.735648767,779114.2103559952,5250976.727647707,-41311.08958171577,47.41378938866518,-31.552817947231233,-29.635758835356683,-64.66530662961304
2026-04-23 07:30:12.700,3509420.4163336083,779113.6670199966,5250978.6101003615,-41313.75584802896,39.176991509422415,16.806848412379622,-5.433359986636788,18.824526546522975
2026-04-23 07:30:12.800,3509420.4157861606,779113.7867199023,5250978.6128646685,-41318.06471244931,39.2955722562758,-0.00547447707504034,1.1969990574289113,0.027643069624900818
2026-04-23 07:30:12.900,3509420.402057158,779113.8821171297,5250978.648062348,-41322.3795772849,39.44326039931181,-0.137290027923882,0.9539722744375467,0.3519767988473177
2026-04-23 07:30:13.000,3509420.408378457,779114.0097223973,5250978.696470498,-41326.670955439215,39.256004792172384,0.06321299355477095,1.2760526756756008,0.48408149741590023
2026-04-23 07:30:13.100,3509420.43532958,779114.1414278769,5250978.766127614,-41330.934211511936,39.04080902208585,0.26951123028993607,1.317054795799777,0.6965711619704962
2026-04-23 07:30:13.200,3509420.4416251453,779114.2802603777,5250978.754487363,-41335.25312155469,39.12528274842909,0.0629556505009532,1.3883250078652054,-0.11640251614153385
2026-04-23 07:30:13.300,3509420.4055537106,779114.3854506133,5250978.768864071,-41339.58975525108,39.16939390274845,-0.3607143461704254,1.051902356557548,0.14376708306372166
2026-04-23 07:30:13.400,3509420.37764177,779114.4853942472,5250978.820432825,-41343.89664765051,39.08165423888915,-0.2791194058954716,0.9994363388977945,0.5156875401735306
2026-04-23 07:30:13.500,3509423.953559325,779117.5360072519,5250982.737279795,-41344.286326687456,42.133496545856204,35.759175550192595,30.506130047142506,39.168469700962305
2026-04-23 07:30:13.600,3509420.5866000773,779114.8330646908,5250979.138605578,-41352.25268708221,38.55152733092182,-33.66959247738123,-27.029425611253828,-35.98674217239022
2026-04-23 07:30:13.700,3509420.6384103983,779114.9538167752,5250979.194928704,-41356.50613395453,38.52621692441305,0.5181032093241811,1.2075208441819996,0.5632312595844269
2026-04-23 07:30:13.800,3509423.8979724366,779117.7480152342,5250982.726400877,-41357.25422554168,42.193702757021676,32.5956203835085,27.941984590142965,35.314721735194325
2026-04-23 07:30:13.900,3509423.8466210007,779117.8147336598,5250982.773266546,-41361.55804419184,42.2314613350125,-0.5135143594816327,0.6671842560172081,0.4686566907912493
2026-04-23 07:30:14.000,3509423.8278286285,779117.9269229213,5250982.824270677,-41365.84614071047,42.24437306351281,-0.18792372196912766,1.1218926147557795,0.5100413039326668
2026-04-23 07:30:14.100,3509423.812434298,779118.027580277,5250982.886590569,-41370.14324556527,42.47404520848026,-0.15394330490380526,1.0065735562238842,0.6231989245861769
2026-04-23 07:30:14.200,3509423.7859664583,779118.1255169202,5250982.898215874,-41374.46414881249,42.5184139955539,-0.2646783972159028,0.9793664328753948,0.11625304818153381
2026-04-23 07:30:14.300,3509423.7941743727,779118.2283950015,5250982.9793387,-41378.74294038713,42.75528130451319,0.08207914419472218,1.0287808126304299,0.8112282585352659
2026-04-23 07:30:14.400,3509423.7551030074,779118.319100285,5250982.9956440395,-41383.06475153743,42.77734484383421,-0.39071365259587765,0.9070528345182538,0.16305339522659779
2026-04-23 07:30:14.500,3509422.1416214723,779118.3624660047,5250978.512535888,-41390.522509462884,44.1101317637508,-16.134815351106226,0.43365719728171825,-44.83108151704073
2026-04-23 07:30:14.600,3509422.1160852355,779118.4814404199,5250978.529463651,-41394.82979912825,44.12994484570716,-0.2553623681887984,1.189744152361527,0.16927762888371944
2026-04-23 07:30:14.700,3509422.1133815497,779118.6015358114,5250978.529347986,-41399.14555253904,44.1661910582481,-0.027036857791244984,1.2009539152495563,-0.0011566467583179474
2026-04-23 07:30:14.800,3509422.0952409427,779118.7136992358,5250978.515389293,-41403.47340413374,44.22909228552196,-0.18140607047826052,1.12163424375467,-0.1395869255065918
2026-04-23 07:30:14.900,3509422.0766968704,779118.8240892906,5250978.546890975,-41407.78191681536,44.303173916486635,-0.18544072285294533,1.1039005476050079,0.3150168154388666
2026-04-23 07:30:15.000,3509422.0501432456,779118.9272169238,5250978.545530574,-41412.11733739583,44.23927550509586,-0.26553624775260687,1.0312763322144747,-0.013604005798697472
2026-04-23 07:30:15.100,3509422.030986637,779119.0464245698,5250978.541986442,-41416.43373206094,44.297192445787005,-0.1915660873055458,1.192076459992677,-0.03544132225215435
2026-04-23 07:30:15.200,3509420.4625461698,779118.9133701738,5250978.445644068,-41421.73195810656,36.7184658096203,-15.68440467119217,-1.3305439602117985,-0.9634237457066774
2026-04-23 07:30:15.300,3509420.423058394,779119.0154517989,5250978.43948436,-41426.078160933415,36.7227511031505,-0.394877758808434,1.0208162514027208,-0.061597079038619995
2026-04-23 07:30:15.400,3509420.3892812915,779119.1122695024,5250978.446085246,-41430.41458615842,36.75190198686954,-0.3377710236236453,0.9681770345196128,0.06600886583328247
2026-04-23 07:30:15.500,3509420.3477197015,779119.2222103208,5250978.467171284,-41434.745291976986,36.77202700581361,-0.41561590041965246,1.099408183945343,0.2108603809028864
2026-04-23 07:30:15.600,3509420.313626987,779119.3191776924,5250978.449670542,-41439.088525034036,36.83724536460835,-0.3409271454438567,0.9696737164631486,-0.17500742338597775
2026-04-23 07:30:15.700,3509420.2997166435,779119.4254029025,5250978.471376261,-41443.397449135366,36.82052825781993,-0.13910343404859304,1.0622521012555808,0.21705718711018562
2026-04-23 07:30:15.800,3509420.2803357732,779119.5304999215,5250978.469668891,-41447.71423896569,36.75225712788826,-0.19380870275199413,1.0509701899718493,-0.017073694616556168
2026-04-23 07:30:15.900,3509420.292340551,779119.6475178564,5250978.489574786,-41452.00269066161,36.754977302680345,0.12004777789115906,1.1701793491374701,0.19905894994735718
2026-04-23 07:30:16.000,3509420.2894119867,779119.7528375679,5250978.472450724,-41456.3211875824,36.71881026339704,-0.029285643249750137,1.0531971149612218,-0.17124062404036522
2026-04-23 07:30:16.100,3509420.2933600913,779119.8603359231,5250978.489450799,-41460.629223488686,36.6611124403115,0.03948104567825794,1.0749835520982742,0.17000075429677963
2026-04-23 07:30:16.200,3509420.277641235,779119.9677661675,5250978.497532686,-41464.94573495007,36.67210811720038,-0.1571885636076331,1.0743024433031678,0.08081886917352676
2026-04-23 07:30:16.300,3509421.788722297,779120.3115750625,5250978.607879417,-41468.30373081916,44.29214626600079,15.110810622572899,3.4380889497697353,1.103467307984829
2026-04-23 07:30:16.400,3509421.771478821,779120.4145703452,5250978.600682469,-41472.63188214414,44.24199005201529,-0.1724347611889243,1.0299528273753822,-0.07196947932243347
2026-04-23 07:30:16.500,3509421.7581928354,779120.5198073252,5250978.6158935,-41476.94604678364,44.21907268611093,-0.13285985682159662,1.052369800163433,0.15211030840873718
2026-04-23 07:30:16.600,3509421.7350901165,779120.6392606038,5250978.630548082,-41481.26008854487,44.17220253562815,-0.23102718871086836,1.1945327860303223,0.14654582366347313
2026-04-23 07:30:16.700,3509421.727992802,779120.7439091915,5250978.625394874,-41485.589253817365,44.16009027127822,-0.07097314577549696,1.0464858764316887,-0.05153208039700985
2026-04-23 07:30:16.800,3509421.712908362,779120.8492651773,5250978.628867519,-41489.909586778784,44.20517023273814,-0.15084439888596535,1.0535598581191152,0.034726448357105255
2026-04-23 07:30:16.900,3509421.6857619123,779120.9493541842,5250978.625760902,-41494.23637069078,44.215407095120426,-0.27146449778229,1.0008900694083422,-0.031066173687577248
2026-04-23 07:30:17.000,3509421.6655772137,779121.0583315575,5250978.642950089,-41498.55268219746,44.2399788758805,-0.2018469851464033,1.089773733401671,0.17189186997711658
2026-04-23 07:30:17.100,3509421.6571566,779121.162203578,5250978.621991396,-41502.889766064036,44.18665476597621,-0.08420613594353199,1.0387202049605548,-0.20958692766726017
2026-04-23 07:30:17.200,3509421.6496556858,779121.2671021705,5250978.629655258,-41507.20754075805,44.130262191319545,-0.07500914391130209,1.0489859245717525,0.07663861848413944
2026-04-23 07:30:17.300,3509421.635891861,779121.3793524324,5250978.651844296,-41511.51993070752,44.14900496155176,-0.13763824943453074,1.1225026194006205,0.2218903787434101
2026-04-23 07:30:17.400,3509421.6172695328,779121.4747167439,5250978.634067619,-41515.85776248257,44.12646325547948,-0.1862232806161046,0.953643114771694,-0.17776676453649998
2026-04-23 07:30:17.500,3509421.606435283,779121.5887360096,5250978.633500857,-41520.179578907206,44.155495484596976,-0.10834249667823315,1.1401926563121378,-0.0056676194071769714
2026-04-23 07:30:17.600,3509421.5978167187,779121.6996828817,5250978.635881889,-41524.505608999614,44.07103892970186,-0.0861856434494257,1.1094687215518206,0.023810314014554024
2026-04-23 07:30:17.700,3509421.5910712644,779121.8172705245,5250978.667024649,-41528.8125978496,44.044263000073435,-0.06745454389601946,1.1758764274418354,0.31142760068178177
2026-04-23 07:30:17.800,3509421.563744395,779121.9136786856,5250978.634616641,-41533.15389387081,44.1298409398765,-0.27326869312673807,0.9640816110186279,-0.3240800742059946
2026-04-23 07:30:17.900,3509421.5595289883,779122.027411068,5250978.646509177,-41537.4640004428,44.133039024212096,-0.04215406719595194,1.137323824223131,0.11892535723745823
2026-04-23 07:30:18.000,3509421.5436568223,779122.136166039,5250978.637822599,-41541.785807734756,44.095970972894996,-0.15872166026383638,1.0875497106462717,-0.08686577901244164
2026-04-23 07:30:18.100,3509421.548684731,779122.242130223,5250978.649103039,-41546.09979057999,44.13620138388435,0.05027908831834793,1.0596418392378837,0.11280439794063568
2026-04-23 07:30:18.200,3509421.535734773,779122.3490078116,5250978.624339236,-41550.449860460205,44.13373762141705,-0.12949957977980375,1.068775886669755,-0.24763802997767925
2026-04-23 07:30:18.300,3509421.7704479527,779122.2944931854,5250983.393112386,-41552.31779114353,37.02545134506355,2.3471317952498794,-0.5451462627388537,47.68773149698973
2026-04-23 07:30:18.400,3509421.7454376863,779122.4097312188,5250983.394968703,-41556.654927004885,37.047789875075544,-0.25010266341269016,1.1523803346790373,0.018563177436590195
2026-04-23 07:30:18.500,3509421.7084853095,779122.5141278249,5250983.39625232,-41561.00477957735,37.06294935144541,-0.3695237683132291,1.0439660609699786,0.012836167588829994
2026-04-23 07:30:18.600,3509421.6719974983,779122.6125136781,5250983.378302824,-41565.365531607626,37.07949722750396,-0.36487811245024204,0.9838585322722793,-0.17949496395885944
2026-04-23 07:30:18.700,3509421.629445549,779122.7178081984,5250983.358855084,-41569.72739949913,37.04678775910137,-0.425519491545856,1.0529452026821673,-0.1944774016737938
2026-04-23 07:30:18.800,3509421.5879732356,779122.8210765093,5250983.327061655,-41574.10018172113,37.04603405288899,-0.41472313459962606,1.03268310893327,-0.3179342858493328
2026-04-23 07:30:18.900,3509421.548704385,779122.9205518225,5250983.297772522,-41578.468539202586,37.02143297446808,-0.39268850814551115,0.994753132108599,-0.2928913291543722
2026-04-23 07:30:19.000,3509421.5047754296,779123.0250782012,5250983.266492847,-41582.82973551286,36.949211714237414,-0.4392895521596074,1.0452637868002057,-0.31279674731194973
2026-04-23 07:30:19.100,3509421.4752633763,779123.1202688597,5250983.233884359,-41587.19910192334,36.93199690556544,-0.2951205335557461,0.9519065846689045,-0.3260848857462406
2026-04-23 07:30:19.200,3509421.428662977,779123.2285922202,5250983.180944252,-41591.56923686529,36.89969966692742,-0.4660039907321334,1.0832336056046188,-0.5294010695070028
2026-04-23 07:30:19.300,3509421.4033210203,779123.3225129165,5250983.166937725,-41595.927185694054,36.876112436562515,-0.2534195687621832,0.9392069629393518,-0.1400652714073658
2026-04-23 07:30:19.400,3509421.359856306,779123.4219225524,5250983.157204838,-41600.28790240517,36.88594565707838,-0.4346471419557929,0.9940963587723672,-0.09732887148857117
2026-04-23 07:30:19.500,3509421.327588199,779123.5260272211,5250983.129687718,-41604.63802979156,36.89145816318186,-0.3226810693740845,1.0410466871690005,-0.2751711942255497
2026-04-23 07:30:19.600,3509421.2958743284,779123.6447175827,5250983.126474537,-41608.98216458111,36.864825969580174,-0.3171387081965804,1.1869036161806434,-0.03213181160390377
2026-04-23 07:30:19.700,3509421.2686622636,779123.7521781817,5250983.09416634,-41613.33647068572,36.90783777926208,-0.2721206471323967,1.0746059892699122,-0.32308196648955345
2026-04-23 07:30:19.800,3509421.238875959,779123.8577944853,5250983.083385466,-41617.692073246566,36.915939166640925,-0.297863045707345,1.0561630362644792,-0.10780874639749527
2026-04-23 07:30:19.900,3509421.2252286007,779123.9683737557,5250983.093683424,-41622.02492596121,36.95427826440257,-0.13647358398884535,1.105792704038322,0.10297958739101887
2026-04-23 07:30:20.000,3509421.190142327,779124.0807098444,5250983.071697374,-41626.37523893502,36.928358149494876,-0.35086273681372404,1.1233608867041767,-0.2198605053126812
2026-04-23 07:30:20.100,3509421.177806815,779124.1851254299,5250983.052411778,-41630.71649329615,36.928469407705656,-0.12335511855781078,1.0441558551974595,-0.1928559597581625
2026-04-23 07:30:20.200,3509421.159123325,779124.2965152208,5250983.051173816,-41635.04672950973,36.99333829739092,-0.18683490343391895,1.1138979089446366,-0.012379614636301994
2026-04-23 07:30:20.300,3509421.131222861,779124.3964198937,5250983.012889115,-41639.40500436914,36.97049904422816,-0.2790046390146017,0.9990467294119298,-0.3828470129519701
2026-04-23 07:30:20.400,3509421.1160875564,779124.5061346579,5250983.016181785,-41643.73534788562,36.98724213452413,-0.15135304536670446,1.0971476417034864,0.03292669542133808
2026-04-23 07:30:20.500,3509419.878641046,779124.6224238605,5250978.332154324,-41651.07345612328,36.344211835495756,-12.37446510232985,1.1628920258954167,-46.840274604037404
2026-04-23 07:30:20.600,3509419.863795011,779124.7414618864,5250978.323226557,-41655.41182660926,36.373728766779635,-0.14846035279333591,1.190380259649828,-0.08927767165005207
2026-04-23 07:30:20.700,3509419.825240475,779124.8430266031,5250978.300837722,-41659.776690680104,36.41521512105066,-0.3855453571304679,1.015647166641429,-0.22388835437595844
2026-04-23 07:30:20.800,3509419.8030739133,779124.9591358919,5250978.297088131,-41664.12173327705,36.49902646535286,-0.22166561800986528,1.1610928876325488,-0.03749590367078781
2026-04-23 07:30:20.900,3509419.7754265205,779125.0666400626,5250978.273484294,-41668.46756461141,36.50545926067521,-0.27647392824292183,1.0750417073722929,-0.23603837005794048
2026-04-23 07:30:21.000,3509419.746313733,779125.1655948657,5250978.270054161,-41672.810354435,36.54545762218113,-0.2911278745159507,0.9895480307750404,-0.034301336854696274
2026-04-23 07:30:21.100,3509419.7130681067,779125.2768978457,5250978.258386596,-41677.15988951548,36.54931942206503,-0.33245626371353865,1.1130297998897731,-0.11667564511299133
2026-04-23 07:30:21.200,3509419.686999496,779125.3814675751,5250978.26529463,-41681.48525756075,36.56731077255349,-0.2606861060485244,1.0456972941756248,0.06908033974468708
2026-04-23 07:30:21.300,3509419.65354861,779125.5193490388,5250978.247649586,-41685.8285416823,36.54848162524552,-0.3345088614150882,1.3788146374281496,-0.1764504425227642
2026-04-23 07:30:21.400,3509419.6175350766,779125.6779183442,5250978.231575632,-41690.160492591436,36.63399342653101,-0.3601353336125612,1.5856930532027036,-0.16073954291641712
2026-04-23 07:30:21.500,3509419.59179197,779125.8345132158,5250978.228340541,-41694.497176339835,36.61734505646642,-0.2574310638010502,1.5659487165976316,-0.03235090523958206
2026-04-23 07:30:21.600,3509419.55001185,779125.974202328,5250978.2390704695,-41698.831998124435,36.6038106587879,-0.41780120227485895,1.3968911219853908,0.10729928500950336
2026-04-23 07:30:21.700,3509419.5111227045,779126.1038365059,5250978.235367135,-41703.166416567634,36.68201234105439,-0.38889145478606224,1.2963417789433151,-0.03703334368765354
2026-04-23 07:30:21.800,3509419.483335226,779126.2456326158,5250978.213977915,-41707.50539017896,36.66413344049978,-0.27787478640675545,1.4179610984865576,-0.21389219909906387
2026-04-23 07:30:21.900,3509419.4451449234,779126.3914430942,5250978.209367361,-41711.83784932889,36.68720660253509,-0.38190302439033985,1.4581047848332673,-0.04610554315149784
2026-04-23 07:30:22.000,3509419.411222133,779126.5449554543,5250978.219247348,-41716.17461906824,36.66355898694826,-0.3392279054969549,1.5351236006245017,0.09879986755549908
2026-04-23 07:30:22.100,3509419.3706036005,779126.6980073445,5250978.206071707,-41720.509507731986,36.70081973095524,-0.40618532337248325,1.5305189020000398,-0.13175640255212784
2026-04-23 07:30:22.200,3509419.33737513,779126.8377960076,5250978.206209078,-41724.842024528116,36.64814830503631,-0.33228470478206873,1.3978866313118488,0.001373710110783577
2026-04-23 07:30:22.300,3509419.307570499,779126.985193302,5250978.227202155,-41729.15063880081,36.675683295576434,-0.29804631136357784,1.4739729440771043,0.20993076264858246
2026-04-23 07:30:22.400,3509419.2539912593,779127.1117612942,5250978.199668193,-41733.510535553214,36.72519338273894,-0.5357923964038491,1.265679921489209,-0.27533961459994316
2026-04-23 07:30:22.500,3509419.2325463737,779127.2598667546,5250978.201505394,-41737.83409477685,36.69862425278979,-0.21444885525852442,1.4810546045191586,0.018372004851698875
2026-04-23 07:30:22.600,3509419.191525152,779127.4102296853,5250978.205377252,-41742.15117485922,36.68179684645362,-0.4102122178301215,1.5036293060984462,0.038718581199645996
2026-04-23 07:30:22.700,3509419.1567228953,779127.5594899312,5250978.2068526335,-41746.48920876134,36.697301363264806,-0.34802256617695093,1.4926024596206844,0.014753816649317741
2026-04-23 07:30:22.800,3509419.114594085,779127.6995796969,5250978.189866812,-41750.82970327733,36.73491876596308,-0.42128810193389654,1.4008976565673947,-0.16985821537673473
2026-04-23 07:30:22.900,3509419.096117171,779127.8328923951,5250978.197543319,-41755.15822855067,36.773165899899666,-0.18476914148777723,1.3331269822083414,0.07676507346332073
2026-04-23 07:30:23.000,3509419.065301252,779127.9780710693,5250978.193498291,-41759.48797865757,36.751537007191054,-0.30815918929874897,1.4517867425456643,-0.04045028239488602
2026-04-23 07:30:23.100,3509419.046735839,779128.1333691508,5250978.192056789,-41763.81108533234,36.71194460515612,-0.1856541307643056,1.5529808145947754,-0.014415020123124123
2026-04-23 07:30:23.200,3509419.011166995,779128.2788978979,5250978.161485936,-41768.1548641791,36.808878016658106,-0.3556884406134486,1.4552874711807817,-0.30570853501558304
2026-04-23 07:30:23.300,3509418.976839782,779128.4294093726,5250978.155814782,-41772.48739914797,36.77956155652765,-0.3432721272110939,1.5051147469785064,-0.05671153776347637
2026-04-23 07:30:23.400,3509418.9722175067,779128.591544098,5250978.172262333,-41776.80716455016,36.73230823154136,-0.04622275475412607,1.621347253676504,0.16447551548480988
2026-04-23 07:30:23.500,3509418.943613753,779128.7474863058,5250978.146582947,-41781.15121286379,36.77150913811161,-0.2860375354066491,1.5594220778439194,-0.256793862208724
2026-04-23 07:30:23.600,3509418.923710368,779128.9032770211,5250978.142769233,-41785.49171818124,36.805164649187745,-0.1990338508039713,1.5579071536194533,-0.03813713788986206
2026-04-23 07:30:23.700,3509418.911381359,779129.0516287406,5250978.1442971295,-41789.81553690083,36.78917922591803,-0.12329008895903826,1.4835171948652714,0.015278961509466171
2026-04-23 07:30:23.800,3509418.873721814,779129.1721089734,5250978.121873653,-41794.17214863623,36.793999005394724,-0.3765954542905092,1.2048023275565356,-0.22423476912081242
2026-04-23 07:30:23.900,3509418.851079515,779129.3175574025,5250978.118004308,-41798.50099979263,36.772409177227075,-0.22642298601567745,1.454484291607514,-0.038693444803357124
2026-04-23 07:30:24.000,3509418.841176834,779129.4624010513,5250978.113807523,-41802.826017675725,36.798606094807994,-0.09902681224048138,1.4484364876989275,-0.04196785390377045
2026-04-23 07:30:24.100,3509418.812138597,779129.6073734161,5250978.0948902415,-41807.18481140187,36.85909076016178,-0.2903823694214225,1.4497236476745456,-0.18917281180620193
2026-04-23 07:30:24.200,3509418.786968652,779129.7548952949,5250978.0999742495,-41811.512279417424,36.85620137225264,-0.2516994485631585,1.475218788255006,0.05084007978439331
2026-04-23 07:30:24.300,3509418.7798370593,779129.9063120862,5250978.094230328,-41815.84711965054,36.92914036071157,-0.07131592836230993,1.514167912537232,-0.05743921734392643
2026-04-23 07:30:24.400,3509418.7522260942,779130.0478445117,5250978.09099859,-41820.18381737061,36.89931953637816,-0.27610965073108673,1.4153242553584278,-0.032317377626895905
2026-04-23 07:30:24.500,3509418.7349823127,779130.1849038525,5250978.085364613,-41824.51832435092,36.89868609710413,-0.17243781592696905,1.3705934083554894,-0.056339772418141365
2026-04-23 07:30:24.600,3509418.726840256,779130.3321619213,5250978.067574277,-41828.84178980712,36.966874427019235,-0.08142056874930859,1.4725806878414005,-0.17790336161851883
2026-04-23 07:30:24.700,3509418.6896910397,779130.4744959134,5250978.062546284,-41833.16564096801,36.930360652069645,-0.37149216048419476,1.4233399205841124,-0.050279926508665085
2026-04-23 07:30:24.800,3509418.686168656,779130.6347871189,5250978.058182202,-41837.48549741687,36.92359169813942,-0.03522383514791727,1.6029120550956577,-0.04364081658422947
2026-04-23 07:30:24.900,3509418.667487579,779130.7940271873,5250978.041132565,-41841.81740439101,36.946512921674994,-0.18681077286601067,1.5924006840214133,-0.17049637623131275
2026-04-23 07:30:25.000,3509418.6662738863,779130.9279376265,5250978.0255424315,-41846.14847408786,36.99853542583298,-0.01213692594319582,1.3391043921001256,-0.15590133145451546
2026-04-23 07:30:25.100,3509418.6554168174,779131.0779288294,5250978.013491945,-41850.4747587432,36.97331301728418,-0.10857068933546543,1.4999120286665857,-0.12050486169755459
2026-04-23 07:30:25.200,3509418.650047733,779131.2146114495,5250978.004788836,-41854.809555228596,36.979561687596345,-0.05369084421545267,1.3668262015562505,-0.08703108876943588
2026-04-23 07:30:25.300,3509418.660819779,779131.3729812293,5250977.995776973,-41859.123777899535,36.964167949154145,0.1077204616740346,1.5836977981962264,-0.09011863730847836
2026-04-23 07:30:25.400,3509418.6451117764,779131.5122566391,5250977.950789265,-41863.47416504908,36.998455276601874,-0.15708002727478743,1.392754097469151,-0.44987707398831844
2026-04-23 07:30:25.500,3509418.6377726514,779131.6605364603,5250977.95777588,-41867.79215422022,36.98196038965049,-0.07339125033468008,1.482798212673515,0.06986614316701889
2026-04-23 07:30:25.600,3509418.620651206,779131.8140031173,5250977.922603171,-41872.14851358343,37.017400352179536,-0.17121445387601852,1.534666569205001,-0.35172708332538605
2026-04-23 07:30:25.700,3509418.6217689556,779131.9688505266,5250977.923945517,-41876.46998691092,37.01668334636742,0.011177496053278446,1.5484740934334695,0.013423459604382515
2026-04-23 07:30:25.800,3509418.6169087687,779132.1130959233,5250977.899689446,-41880.806194595025,37.031180551746935,-0.048601869493722916,1.4424539671745151,-0.2425607107579708
2026-04-23 07:30:25.900,3509418.597996026,779132.250810106,5250977.880807495,-41885.15201198979,37.04754030166785,-0.18912742845714092,1.3771418272517622,-0.18881951458752155
2026-04-23 07:30:26.000,3509418.5878051077,779132.4006006509,5250977.864536053,-41889.48634225411,37.06499156573689,-0.10190918110311031,1.4979054487776011,-0.162714421749115
2026-04-23 07:30:26.100,3509418.600449962,779132.5424568653,5250977.85117875,-41893.831319161436,37.059745741508465,0.12644854374229908,1.4185621438082308,-0.1335730217397213
2026-04-23 07:30:26.200,3509418.608684483,779132.6726145119,5250977.833581033,-41898.157028755646,37.113737460704264,0.0823452090844512,1.3015764660667628,-0.17597717233002186
2026-04-23 07:30:26.300,3509418.6114622895,779132.8121214873,5250977.826169591,-41902.48042159202,37.13873708358048,0.02777806483209133,1.39506975421682,-0.07411441765725613
2026-04-23 07:30:26.400,3509418.6016124277,779132.9706324436,5250977.791412112,-41906.82065681004,37.135074878936095,-0.09849861729890108,1.5851095621474087,-0.3475747909396887
2026-04-23 07:30:26.500,3509418.6026228084,779133.1126882546,5250977.772809866,-41911.155516990046,37.14930841629001,0.010103806853294373,1.4205581101123244,-0.18602246418595314
2026-04-23 07:30:26.600,3509418.6087608743,779133.2759391856,5250977.753949421,-41915.490309392626,37.182376142097944,0.06138065829873085,1.6325093107298017,-0.1886044442653656
2026-04-23 07:30:26.700,3509418.611168446,779133.4265014159,5250977.744404017,-41919.81436863373,37.1880525704973,0.02407571766525507,1.50562230264768,-0.09545404464006424
2026-04-23 07:30:26.800,3509418.612681805,779133.5710266373,5250977.721772451,-41924.157115692266,37.20396992032912,0.015133591368794441,1.445252214325592,-0.22631566040217876
2026-04-23 07:30:26.900,3509418.597567409,779133.7073098492,5250977.701673194,-41928.49796135152,37.30739791794038,-0.1511439634487033,1.362832118757069,-0.20099257118999958
2026-04-23 07:30:27.000,3509418.6032195785,779133.8472586109,5250977.691179645,-41932.824931806834,37.28879845877661,0.05652169696986675,1.3994876167271286,-0.10493548586964607
2026-04-23 07:30:27.100,3509418.594580906,779133.9934598639,5250977.670486366,-41937.160139879525,37.29575529749543,-0.08638672530651093,1.4620125305373222,-0.2069327887147665
2026-04-23 07:30:27.200,3509418.5877471324,779134.1485201761,5250977.655014617,-41941.502883845045,37.275041043160485,-0.06833773571997881,1.550603121286258,-0.15471749007701874
2026-04-23 07:30:27.300,3509418.581324763,779134.2989330516,5250977.634294313,-41945.84537249774,37.313925980078686,-0.0642236927524209,1.504128755768761,-0.20720303989946842
2026-04-23 07:30:27.400,3509418.572094948,779134.4396364827,5250977.628018454,-41950.19156050706,37.30261095777665,-0.09229815099388361,1.407034310977906,-0.06275859661400318
2026-04-23 07:30:27.500,3509418.5703982767,779134.5878825837,5250977.607959921,-41954.52726462,37.32098823106652,-0.016966713592410088,1.4824610098730773,-0.20058533176779747
2026-04-23 07:30:27.600,3509418.569158474,779134.7346463659,5250977.569839698,-41958.88732641502,37.363951372857834,-0.012398026883602142,1.4676378213334829,-0.3812022227793932
2026-04-23 07:30:27.700,3509418.554815576,779134.8782724728,5250977.574813713,-41963.22375468788,37.367120305989616,-0.14342898037284613,1.4362610690295696,0.049740150570869446
2026-04-23 07:30:27.800,3509418.540224683,779135.0179517531,5250977.558710914,-41967.57415729673,37.41560900216673,-0.1459089294075966,1.3967928034253418,-0.16102799214422703
2026-04-23 07:30:27.900,3509418.553892548,779135.1679960312,5250977.545103901,-41971.91681418356,37.415121514477,0.13667865190654993,1.5004427812527865,-0.13607013039290905
2026-04-23 07:30:28.000,3509418.5611825306,779135.3048965363,5250977.526451234,-41976.261450584265,37.426143962620145,0.0728998240083456,1.369005050510168,-0.18652667291462421
2026-04-23 07:30:28.100,3509418.546618084,779135.4385432169,5250977.520225796,-41980.60150610409,37.40502488811375,-0.1456444663926959,1.3364668062422425,-0.06225437857210636
2026-04-23 07:30:28.200,3509418.541458354,779135.5820715333,5250977.4792755535,-41984.95723109112,37.48009636792787,-0.05159730091691017,1.4352831640280783,-0.40950242429971695
2026-04-23 07:30:28.300,3509418.5701912954,779135.7441703683,5250977.466886552,-41989.28351220789,37.4416330406354,0.2873294148594141,1.6209883498959243,-0.12389001436531544
2026-04-23 07:30:28.400,3509418.5755030336,779135.9053095772,5250977.422150357,-41993.624355351516,37.46344969730238,0.05311738234013319,1.6113920893985778,-0.44736195355653763
2026-04-23 07:30:28.500,3509418.577429858,779136.0651487792,5250977.428321871,-41997.932627170354,37.4432724057416,0.01926824450492859,1.5983920195139945,0.061715142801404
2026-04-23 07:30:28.600,3509418.579147956,779136.2141875016,5250977.386341387,-42002.272184746165,37.49382943457197,0.017180978320538998,1.4903872238937765,-0.4198048356920481
2026-04-23 07:30:28.700,3509418.585401978,779136.3512754476,5250977.3740760535,-42006.60883494227,37.495629248410694,0.06254022009670734,1.3708794605918229,-0.12265333905816078
2026-04-23 07:30:28.800,3509418.5854029204,779136.4705944187,5250977.328734507,-42010.9663987362,37.54966830703918,9.424984455108643e-06,1.1931897106114775,-0.4534154664725065
2026-04-23 07:30:28.900,3509418.582925107,779136.6044119789,5250977.321445698,-42015.30038660806,37.554787160188084,-0.024778135120868683,1.3381756015587598,-0.07288808934390545
2026-04-23 07:30:29.000,3509418.5985400896,779136.7494126594,5250977.290341607,-42019.64563036032,37.56647890212476,0.15614982694387436,1.4500068058259785,-0.3110409062355757
2026-04-23 07:30:29.100,3509418.613729137,779136.8972146751,5250977.255145012,-42023.98940557479,37.59715052496765,0.15189047437161207,1.478020156500861,-0.3519659489393234
2026-04-23 07:30:29.200,3509418.628124379,779137.0528960899,5250977.261755174,-42028.30485796506,37.53858154857698,0.143952420912683,1.5568141476251185,0.06610161624848843
2026-04-23 07:30:29.300,3509418.622079078,779137.1722851911,5250977.215898128,-42032.66361162286,37.584403884262365,-0.06045300979167223,1.193891012808308,-0.4585704579949379
2026-04-23 07:30:29.400,3509418.6307980376,779137.3191006297,5250977.1859597815,-42037.00290693179,37.60360587857828,0.08718959521502256,1.4681543852202594,-0.29938346706330776
2026-04-23 07:30:29.500,3509418.620193717,779137.452579237,5250977.156156439,-42041.34823091451,37.68759758558974,-0.1060432055965066,1.3347860740032047,-0.29803342185914516
2026-04-23 07:30:29.600,3509418.6483670934,779137.6128871599,5250977.140311797,-42045.656788063796,37.6642371107048,0.28173376340419054,1.6030792286619544,-0.1584464218467474
2026-04-23 07:30:29.700,3509418.653924164,779137.745415662,5250977.1177463,-42049.99482168838,37.638117879869625,0.055570704862475395,1.3252850202843547,-0.2256549708545208
2026-04-23 07:30:29.800,3509418.665947032,779137.8849548555,5250977.080384117,-42054.32685778078,37.708730257613624,0.12022868264466524,1.3953919359482825,-0.37362183444201946
2026-04-23 07:30:29.900,3509418.6871676454,779138.0171033926,5250977.056844417,-42058.65742577286,37.68090874161805,0.21220613270998,1.321485370863229,-0.23539699614048004
2026-04-23 07:30:30.000,3509418.7038621497,779138.1554022555,5250977.0193567695,-42062.99973316766,37.696700895230705,0.1669450430199504,1.3829886284656823,-0.37487647496163845
2026-04-23 07:30:30.100,3509418.705093057,779138.2793461833,5250976.99368906,-42067.33064162804,37.7311231008782,0.012309071607887745,1.2394392781425267,-0.25667709298431873
2026-04-23 07:30:30.200,3509418.7209825935,779138.4194010525,5250976.97617981,-42071.64702331972,37.719953547850864,0.1588953658938408,1.4005486923269928,-0.17509249970316887
2026-04-23 07:30:30.300,3509418.741893785,779138.5730876415,5250976.950488303,-42075.97153029879,37.68089096983861,0.2091119159013033,1.5368658897932619,-0.2569150738418102
2026-04-23 07:30:30.400,3509418.7388340104,779138.7133172596,5250976.913532503,-42080.30421213451,37.68412733881441,-0.0305977463722229,1.4022961806040257,-0.3695579990744591
2026-04-23 07:30:30.500,3509418.7575325035,779138.834207928,5250976.887730751,-42084.63420753807,37.661371460567715,0.18698493018746376,1.2089066847693175,-0.25801751762628555
2026-04-23 07:30:30.600,3509418.7601824137,779138.9817262329,5250976.876710096,-42088.95334848498,37.70529691673251,0.02649910282343626,1.4751830487512052,-0.11020654812455177
2026-04-23 07:30:30.700,3509418.7683408754,779139.1107350095,5250976.864654736,-42093.27369960445,37.673323961581765,0.08158461656421423,1.2900877662468702,-0.12055360712110996
2026-04-23 07:30:30.800,3509418.762160726,779139.2559665986,5250976.8361851,-42097.61100821815,37.69059048525418,-0.061801495030522346,1.4523158909287304,-0.2846963610500097
2026-04-23 07:30:30.900,3509418.7552733105,779139.3789492536,5250976.8329415005,-42101.94497775398,37.675036996398156,-0.06887415423989296,1.2298265495337546,-0.03243599086999893
2026-04-23 07:30:31.000,3509418.755937244,779139.5019579752,5250976.813858514,-42106.271358130565,37.64980926567425,0.006639333441853523,1.2300872162450105,-0.19082986749708652
2026-04-23 07:30:31.100,3509418.759896812,779139.6177525871,5250976.816041954,-42110.59172748914,37.66581071308376,0.03959568217396736,1.157946118619293,0.021834401413798332
2026-04-23 07:30:31.200,3509418.7557664206,779139.7198698795,5250976.79974172,-42114.92979923901,37.67616490198805,-0.04130391404032707,1.0211729246657342,-0.16300234012305737
2026-04-23 07:30:31.300,3509418.765667314,779139.8477460975,5250976.800409742,-42119.249999183434,37.61475435552231,0.09900893550366163,1.2787621794268489,0.006680218502879143
2026-04-23 07:30:31.400,3509418.7672210373,779139.9836170179,5250976.781443945,-42123.56841728799,37.61289724483995,0.015537231229245663,1.3587092037778348,-0.18965796567499638
2026-04-23 07:30:31.500,3509418.7716848142,779140.1056844477,5250976.760074956,-42127.89697756716,37.62695040992651,0.0446377694606781,1.2206742982380092,-0.21368988789618015
2026-04-23 07:30:31.600,3509418.7865776904,779140.2354849448,5250976.741219876,-42132.21746351606,37.60364404720771,0.14892876148223877,1.2980049708858132,-0.18855080008506775
2026-04-23 07:30:31.700,3509418.7870637225,779140.355200929,5250976.726115009,-42136.55031760528,37.55873832962802,0.004860321059823036,1.1971598421223462,-0.1510486751794815
2026-04-23 07:30:31.800,3509418.774097602,779140.4607085431,5250976.721068504,-42140.88055551309,37.5652344359213,-0.1296612061560154,1.055076140910387,-0.050465045496821404
2026-04-23 07:30:31.900,3509418.793139201,779140.5703194457,5250976.707222612,-42145.21124995068,37.52423346022873,0.19041599240154028,1.0961090261116624,-0.13845892623066902
2026-04-23 07:30:32.000,3509418.8100767396,779140.6880913983,5250976.687886085,-42149.53090818427,37.46712596176995,0.16937538515776396,1.1777195264585316,-0.19336526282131672
2026-04-23 07:30:32.100,3509418.8044103375,779140.7875855687,5250976.663893168,-42153.87590305518,37.49292100043944,-0.05666402168571949,0.9949417039752007,-0.23992917500436306
2026-04-23 07:30:32.200,3509418.7995853657,779140.8791257167,5250976.649587223,-42158.21052182276,37.453658874939435,-0.04824971780180931,0.9154014801606536,-0.14305944554507732
2026-04-23 07:30:32.300,3509418.8126099333,779140.985514976,5250976.634821264,-42162.532766954595,37.40295686496101,0.13024567626416683,1.0638925922103226,-0.14765959233045578
2026-04-23 07:30:32.400,3509418.8326702043,779141.089107804,5250976.613298471,-42166.860057943806,37.407499196080316,0.2006027102470398,1.0359282803256065,-0.21522792987525463
2026-04-23 07:30:32.500,3509418.832445458,779141.2051075691,5250976.594321601,-42171.188393305194,37.39769986734735,-0.0022474629804491997,1.1599976511206478,-0.18976869992911816
2026-04-23 07:30:32.600,3509418.835023464,779141.3259416999,5250976.581684759,-42175.52009577919,37.360073930744086,0.02578006125986576,1.208341307938099,-0.1263684220612049
2026-04-23 07:30:32.700,3509418.851923478,779141.4415141355,5250976.567307263,-42179.851116571284,37.31771117535157,0.1690001366659999,1.1557243554852903,-0.1437749620527029
2026-04-23 07:30:32.800,3509418.861091421,779141.5574268044,5250976.556614766,-42184.183978765075,37.28156593881772,0.09167943149805069,1.1591266898903996,-0.10692496784031391
2026-04-23 07:30:32.900,3509418.8681556163,779141.6424915012,5250976.528579898,-42188.52542921271,37.2903271141204,0.07064195349812508,0.8506469673011452,-0.28034867718815804
2026-04-23 07:30:33.000,3509418.8719733753,779141.7468475903,5250976.501818657,-42192.860954748365,37.27324099238354,0.038177589885890484,1.0435608914121985,-0.26761241257190704
2026-04-23 07:30:33.100,3509418.881835818,779141.8508133531,5250976.486268667,-42197.18727570641,37.24659523043262,0.09862442500889301,1.039657627698034,-0.15549990348517895
2026-04-23 07:30:33.200,3509418.8784499094,779141.9496066973,5250976.467098157,-42201.51976873207,37.28395731817823,-0.033859084360301495,0.987933442229405,-0.1917050965130329
2026-04-23 07:30:33.300,3509418.885109504,779142.064708128,5250976.436821382,-42205.85223503224,37.244267174680715,0.0665959483012557,1.1510143068153411,-0.3027677536010742
2026-04-23 07:30:33.400,3509418.8998242863,779142.1572804198,5250976.408870995,-42210.18385738679,37.23115452005663,0.14714782126247883,0.9257229184731841,-0.2795038651674986
2026-04-23 07:30:33.500,3509418.888600448,779142.2695755666,5250976.383676792,-42214.52068701551,37.23488585555234,-0.11223838198930025,1.12295146798715,-0.2519420348107815
2026-04-23 07:30:33.600,3509418.896244517,779142.3713125393,5250976.371488812,-42218.84407795577,37.23619813942638,0.07644068915396929,1.0173697269055992,-0.12187979184091091
2026-04-23 07:30:33.700,3509418.9069419554,779142.4708367637,5250976.350031049,-42223.179877356335,37.22600657215432,0.10697438381612301,0.9952422440983355,-0.21457763388752937
2026-04-23 07:30:33.800,3509418.9064743575,779142.578461041,5250976.314260727,-42227.521484931225,37.1836217061025,-0.0046759797260165215,1.076242772396654,-0.3577032219618559
2026-04-23 07:30:33.900,3509418.9069473827,779142.684010605,5250976.312346599,-42231.84165066972,37.16304689544522,0.0047302525490522385,1.0554956400301307,-0.01914127729833126
2026-04-23 07:30:34.000,3509418.9056285033,779142.7786243199,5250976.287603035,-42236.1754786022,37.14618492552016,-0.013188794255256653,0.946137149585411,-0.24743564426898956
2026-04-23 07:30:34.100,3509418.905370037,779142.8683095431,5250976.255581253,-42240.51408920657,37.16739521076744,-0.002584662288427353,0.89685223181732,-0.320217814296484
2026-04-23 07:30:34.200,3509418.921780384,779142.9598555502,5250976.253995463,-42244.836503930186,37.11060127556615,0.16410347074270248,0.9154600708279759,-0.01585789956152439
2026-04-23 07:30:34.300,3509418.9237126103,779143.02172192,5250976.251779447,-42249.16564476276,37.11828321083517,0.019322261214256287,0.6186636979691684,-0.022160159423947334
2026-04-23 07:30:34.400,3509418.917316493,779143.0937153122,5250976.221889151,-42253.51408313279,37.10604775388147,-0.06396117154508829,0.7199339219368994,-0.29890296049416065
2026-04-23 07:30:34.500,3509418.9246827145,779143.1743564635,5250976.195549424,-42257.859390275364,37.12425754596261,0.07366221398115158,0.8064115128945559,-0.2633972745388746
2026-04-23 07:30:34.600,3509418.939006505,779143.2503393823,5250976.179724802,-42262.196239457386,37.06637463031782,0.14323790557682514,0.7598291884642094,-0.1582462154328823
2026-04-23 07:30:34.700,3509418.932520787,779143.3122559325,5250976.166769355,-42266.54212348104,37.11131092446763,-0.06485717836767435,0.6191655015572906,-0.12955447658896446
2026-04-23 07:30:34.800,3509418.9398089177,779143.3656696544,5250976.157186379,-42270.87644049698,37.13735636273715,0.07288130465894938,0.5341372196562588,-0.09582975879311562
2026-04-23 07:30:34.900,3509418.929425295,779143.4086723982,5250976.136371446,-42275.223497288534,37.14354836725066,-0.10383622720837593,0.4300274373963475,-0.20814932882785797
2026-04-23 07:30:35.000,3509418.9385711853,779143.4493439991,5250976.131249298,-42279.55436277669,37.101838020327826,0.09145890362560749,0.40671600960195065,-0.05122147500514984
2026-04-23 07:30:35.100,3509418.943659561,779143.5070883865,5250976.121021818,-42283.87111032521,37.15336015184756,0.050883758813142776,0.5774438730441034,-0.10227479971945286
2026-04-23 07:30:35.200,3509418.941829993,779143.602712508,5250976.09626694,-42288.190459432895,37.144020751594404,-0.018295682966709137,0.956241216044873,-0.24754878133535385
2026-04-23 07:30:35.300,3509418.958238879,779143.671247983,5250976.100308975,-42292.519130897075,37.071209656201056,0.16408886294811964,0.6853547494392842,0.040420349687337875
2026-04-23 07:30:35.400,3509418.9468774553,779143.7514752762,5250976.084493318,-42296.84141725641,37.04468515628869,-0.11361423879861832,0.8022729319054633,-0.15815657563507557
2026-04-23 07:30:35.500,3509418.9425929827,779143.8282184574,5250976.076439669,-42301.166857346834,37.06934470384346,-0.04284472670406103,0.7674318121280521,-0.0805364828556776
2026-04-23 07:30:35.600,3509418.94489318,779143.8739122024,5250976.074607143,-42305.49301115632,37.04472790797543,0.02300197258591652,0.4569374502170831,-0.018325261771678925
2026-04-23 07:30:35.700,3509418.941144263,779143.9271669397,5250976.054745232,-42309.82788657767,37.046047127960456,-0.03748917020857334,0.5325473728589714,-0.19861911423504353
2026-04-23 07:30:35.800,3509418.9484689506,779143.9901484546,5250976.050223875,-42314.14123093291,37.00150479271069,0.07324687670916319,0.6298151484224945,-0.045213568955659866
2026-04-23 07:30:35.900,3509418.958053936,779144.0698863905,5250976.067207748,-42318.44738067413,36.98000589557979,0.09584985207766294,0.7973793591372669,0.16983873210847378
2026-04-23 07:30:36.000,3509418.966676424,779144.1487722328,5250976.044194078,-42322.76653043211,37.01497198099834,0.08622488006949425,0.7888584234751761,-0.2301366999745369
2026-04-23 07:30:36.100,3509418.951520341,779144.2142966721,5250976.025481482,-42327.103988242714,37.00521675124493,-0.15156082808971405,0.655244393274188,-0.18712596036493778
2026-04-23 07:30:36.200,3509418.9486829913,779144.2723610831,5250976.024859023,-42331.4190373941,37.01710489410689,-0.02837349660694599,0.5806441092863679,-0.006224587559700012
2026-04-23 07:30:36.300,3509418.95270974,779144.3349158426,5250976.003567701,-42335.74864472301,37.03868100853538,0.040267487056553364,0.6255475955549628,-0.21291322074830532
2026-04-23 07:30:36.400,3509418.949183743,779144.3958247289,5250975.989181345,-42340.0761653515,37.03958252687835,-0.03525997046381235,0.6090888625476509,-0.14386355876922607
2026-04-23 07:30:36.500,3509418.9679556503,779144.4740669434,5250975.992078757,-42344.39186460254,37.01798548050806,0.18771907314658165,0.7824221451301128,0.02897411584854126
2026-04-23 07:30:36.600,3509418.952429739,779144.542912133,5250975.977698759,-42348.73668385348,37.00860260738803,-0.155259114690125,0.6884518964216113,-0.14379997737705708
2026-04-23 07:30:36.700,3509418.952913973,779144.6116057707,5250975.968011464,-42353.059912261364,37.01227848381947,0.004842341877520084,0.6869363761506975,-0.0968729518353939
2026-04-23 07:30:36.800,3509418.966775153,779144.6837250954,5250975.957099505,-42357.379615816986,36.99475779949681,0.13861179817467928,0.7211932470090687,-0.1091195922344923
2026-04-23 07:30:36.900,3509418.958612506,779144.7439821853,5250975.952645335,-42361.71433556716,37.018938953402845,-0.08162647020071745,0.6025708990637213,-0.04454169422388077
2026-04-23 07:30:37.000,3509418.972344092,779144.806191247,5250975.936047756,-42366.03480931783,37.012864160264755,0.13731586281210184,0.6220906169619411,-0.1659757923334837
2026-04-23 07:30:37.100,3509418.970683099,779144.8736460308,5250975.914110305,-42370.37612420125,36.999327208551314,-0.016609933227300644,0.6745478382799774,-0.2193745132535696
2026-04-23 07:30:37.200,3509418.9811694315,779144.9413114814,5250975.914620071,-42374.69615998448,37.043610258272906,0.10486332699656487,0.6766545062419027,0.005097659304738045
2026-04-23 07:30:37.300,3509418.982263243,779145.0000406374,5250975.905210219,-42379.02817999218,37.03946808658763,0.010938113555312157,0.5872915603686124,-0.09409851394593716
2026-04-23 07:30:37.400,3509418.9321003193,779145.0791050951,5250975.865109077,-42383.39890138082,46.30347411804637,-0.5016292352229357,0.7906445767730474,-0.4010114260017872
2026-04-23 07:30:37.500,3509418.883554775,779145.1553132234,5250975.840846503,-42387.762765969004,37.09251640936551,-0.48545544501394033,0.7620812824461609,-0.24262573570013046
2026-04-23 07:30:37.600,3509418.9402392674,779145.2263775334,5250975.8591534905,-42392.04107879418,46.36563281944905,0.5668449262157083,0.7106431003194302,0.1830698736011982
2026-04-23 07:30:37.700,3509418.897718005,779145.3075913067,5250975.806972627,-42396.41032176973,37.14442028173823,-0.42521262541413307,0.8121377334464341,-0.5218086391687393
2026-04-23 07:30:37.800,3509418.9115894116,779145.3593403894,5250975.804584978,-42400.73002455979,37.163544813476086,0.1387140667065978,0.5174908263143152,-0.023876484483480453
2026-04-23 07:30:37.900,3509418.940763203,779145.4276639164,5250975.804746816,-42405.0273205058,37.15383028336872,0.2917379140853882,0.6832352699711919,0.0016183778643608093
2026-04-23 07:30:38.000,3509418.95835265,779145.4833569331,5250975.801918681,-42409.33336441822,37.20626824653512,0.175894470885396,0.5569301673676819,-0.028281351551413536
2026-04-23 07:30:38.100,3509418.959703025,779145.5552779322,5250975.79333922,-42413.64919720067,37.20642347386799,0.013503748923540115,0.7192099909298122,-0.0857946090400219
2026-04-23 07:30:38.200,3509418.9722372824,779145.6168014482,5250975.779906839,-42417.968229610444,37.2665365180132,0.12534257490187883,0.6152351596392691,-0.13432380743324757
2026-04-23 07:30:38.300,3509418.9639989696,779145.6851010087,5250975.755563297,-42422.29420647954,37.263658034560315,-0.08238312788307667,0.6829956057481468,-0.2434354182332754
2026-04-23 07:30:38.400,3509418.957529787,779145.7541367571,5250975.753051914,-42426.61009869271,37.279502516782614,-0.06469182670116425,0.6903574836906046,-0.025113830342888832
2026-04-23 07:30:38.500,3509418.9545766814,779145.8275525827,5250975.754912991,-42430.93217497431,37.26399535237712,-0.029531056061387062,0.7341582560911775,0.018610768020153046
2026-04-23 07:30:38.600,3509418.953876686,779145.882716263,5250975.728866588,-42435.2566912182,37.308324442316476,-0.006999955512583256,0.5516368022654206,-0.26046402752399445
2026-04-23 07:30:38.700,3509418.96177457,779145.9510337083,5250975.721691409,-42439.58036674917,37.302352730843715,0.07897884119302034,0.6831744534429163,-0.07175179198384285
2026-04-23 07:30:38.800,3509418.948575809,779146.0157159532,5250975.698518352,-42443.916480496024,37.30847886263748,-0.131987608037889,0.6468224490527064,-0.23173057474195957
2026-04-23 07:30:38.900,3509418.944056929,779146.0901239067,5250975.694837007,-42448.23604159868,37.297114167485695,-0.04518880043178797,0.7440795353613794,-0.03681344911456108
2026-04-23 07:30:39.000,3509418.953845647,779146.164667946,5250975.676797831,-42452.555261811845,37.318736072476895,0.09788718074560165,0.7454403932206333,-0.18039175309240818
2026-04-23 07:30:39.100,3509418.9606392747,779146.237456638,5250975.6586015625,-42456.87689591515,46.68949396228012,0.06793627515435219,0.7278869196306914,-0.18196268938481808
2026-04-23 07:30:39.200,3509418.956157889,779146.2950752485,5250975.653251594,-42461.19495172638,46.66016384781844,-0.04481385461986065,0.5761861044447869,-0.05349968560039997
2026-04-23 07:30:39.300,3509418.9520820742,779146.3577305974,5250975.645642167,-42465.51646020473,46.7463788982198,-0.040758149698376656,0.6265534891281277,-0.07609426975250244
2026-04-23 07:30:39.400,3509418.9590047933,779146.4195529112,5250975.626094725,-42469.841248727535,46.74475668572479,0.06922719068825245,0.618223138153553,-0.19547441974282265
2026-04-23 07:30:39.500,3509418.971289223,779146.490439914,5250975.626619748,-42474.142774409906,46.69021625018576,0.12284429743885994,0.7088700286112726,0.005250228568911552
2026-04-23 07:30:39.600,3509418.975283391,779146.5666959799,5250975.596102517,-42478.47470432692,46.733771000931114,0.03994167782366276,0.7625606586225331,-0.3051723074167967
2026-04-23 07:30:39.700,3509418.9739607573,779146.6357279874,5250975.586987596,-42482.79096978862,46.73077441986023,-0.013226335868239403,0.6903200747910887,-0.0911492109298706
2026-04-23 07:30:39.800,3509418.978996958,779146.7097141122,5250975.579083159,-42487.10199604165,46.736111163209834,0.05036200862377882,0.7398612482938915,-0.07904437370598316
2026-04-23 07:30:39.900,3509418.992823871,779146.7728761071,5250975.568761961,-42491.41360828726,46.682749984621395,0.13826912734657526,0.6316199491266161,-0.10321198031306267
2026-04-23 07:30:40.000,3509418.992331045,779146.8420698278,5250975.543467839,-42495.74158812473,46.73266756495408,-0.004928256385028362,0.691937207011506,-0.25294121354818344
2026-04-23 07:30:40.100,3509418.987853341,779146.9206257672,5250975.528479406,-42500.07064802713,46.74963677896121,-0.04477704409509897,0.7855593936983496,-0.14988433569669724
2026-04-23 07:30:40.200,3509418.9948005565,779146.9981940797,5250975.504354167,-42504.39206074084,46.80054134132502,0.06947215646505356,0.7756831252481788,-0.24125238880515099
2026-04-23 07:30:40.300,3509418.997872376,779147.059823094,5250975.488803882,-42508.704865261825,46.80492520081479,0.03071819432079792,0.616290143225342,-0.15550284646451473
2026-04-23 07:30:40.400,3509422.461986078,779147.3140895346,5250976.055765411,-42510.644347548485,58.875693457885326,34.64113702066243,2.542664405191317,5.669615287333727
2026-04-23 07:30:40.500,3509422.4796540057,779147.3866255571,5250976.065346418,-42514.93734047563,58.82706867354167,0.17667927779257298,0.7253602251876146,0.09581007063388824
2026-04-23 07:30:40.600,3509418.863246356,779147.2546179639,5250975.441709312,-42521.76042352264,47.01078869536749,-36.16407649591565,-1.3200759317260236,-6.23637106269598
2026-04-23 07:30:40.700,3509418.734053209,779147.3081149374,5250975.398419782,-42526.184369673916,47.22166139650466,-1.291931471787393,0.5349697347264737,-0.4328953009098768
2026-04-23 07:30:40.800,3509418.666660692,779147.3858666386,5250975.351453501,-42530.5700557115,47.392566354897156,-0.6739251688122749,0.7775170123204589,-0.4696628078818321
2026-04-23 07:30:40.900,3509418.670038211,779147.4529646008,5250975.354072781,-42534.88799582704,47.382603156428345,0.03377519082278013,0.6709796213544905,0.02619280479848385
2026-04-23 07:30:41.000,3509418.674014901,779147.5135606442,5250975.334189537,-42539.22039426569,47.41707492314433,0.03976689651608467,0.6059604347683489,-0.19883244298398495
2026-04-23 07:30:41.100,3509418.6737582865,779147.556981308,5250975.338030214,-42543.5342688194,47.43418242308365,-0.002566142939031124,0.43420663801953197,0.038406774401664734
2026-04-23 07:30:41.200,3509418.689261572,779147.5875181467,5250975.344508501,-42547.84883788269,47.32904686123172,0.15503285452723503,0.305368386907503,0.06478286348283291
2026-04-23 07:30:41.300,3509418.6887695817,779147.623113333,5250975.33012082,-42552.17556132802,47.380482839911316,-0.004919902421534061,0.35595186287537217,-0.14387681148946285
2026-04-23 07:30:41.400,3509418.6901040147,779147.6426625157,5250975.323333172,-42556.50037807249,47.3845211884152,0.01334432978183031,0.19549182732589543,-0.06787647493183613
2026-04-23 07:30:41.500,3509418.7035189206,779147.6616345523,5250975.3292809315,-42560.80897149015,47.36187616753961,0.1341490587219596,0.18972036545164883,0.05947759374976158
2026-04-23 07:30:41.600,3509418.694881475,779147.7054113493,5250975.316314298,-42565.141991720084,47.38224023836602,-0.08637445513159037,0.43776797014288604,-0.12966633774340153
2026-04-23 07:30:41.700,3509418.72406115,779147.7615999754,5250975.317107177,-42569.43638427034,47.354518358781554,0.2917967503890395,0.5618862609844655,0.007928796112537384
2026-04-23 07:30:41.800,3509418.7339723157,779147.7986522166,5250975.308232715,-42573.761833348224,47.32061186055084,0.09911165572702885,0.37052241154015064,-0.08874461986124516
2026-04-23 07:30:41.900,3509418.7392328274,779147.8453277386,5250975.300332262,-42578.08630211846,47.31919476022755,0.05260511767119169,0.4667552199680358,-0.07900453172624111
2026-04-23 07:30:42.000,3509418.727613501,779147.8833146751,5250975.300059259,-42582.41564156709,47.350114729401454,-0.11619326658546925,0.3798693651333451,-0.002730032429099083
2026-04-23 07:30:42.100,3509418.749950269,779147.9099851429,5250975.297776008,-42586.72689947048,47.323252233199476,0.22336767986416817,0.26670467806980014,-0.022832509130239487
2026-04-23 07:30:42.200,3509418.7476878064,779147.9540406459,5250975.291291398,-42591.05858565721,47.30989890484942,-0.022624623961746693,0.44055502978153527,-0.0648461002856493
2026-04-23 07:30:42.300,3509418.7380639743,779148.0128871236,5250975.271461544,-42595.39911281957,47.34830707867654,-0.09623832069337368,0.5884647776838392,-0.19829854369163513
2026-04-23 07:30:42.400,3509418.7446170794,779148.050188305,5250975.256453031,-42599.72320847555,47.296520980766715,0.065531050786376,0.37301181349903345,-0.15008512884378433
2026-04-23 07:30:42.500,3509418.7753300783,779148.0835542206,5250975.27811904,-42604.0248712283,47.26681910789233,0.3071299893781543,0.33365915645845234,0.21666008979082108
2026-04-23 07:30:42.600,3509419.735032935,779147.5676328957,5250976.737189058,-42606.97700421713,61.055098927583025,9.597028568387032,-5.159213249571621,14.59070018492639
2026-04-23 07:30:42.700,3509422.088417229,779146.8680521265,5250981.922482109,-42607.269552978505,53.03248345008273,23.53384293615818,-6.99580769171007,51.85293050482869
2026-04-23 07:30:42.800,3509422.0632235664,779146.8613900675,5250981.888336913,-42611.635644824426,52.96310788027833,-0.25193662382662296,-0.06662058993242681,-0.34145195968449116
2026-04-23 07:30:42.900,3509422.0513795707,779146.856753151,5250981.860879842,-42615.9835153376,52.81604708200031,-0.11843995656818151,-0.046369164483621716,-0.2745707053691149
2026-04-23 07:30:43.000,3509422.037299859,779146.8565374581,5250981.832377172,-42620.3342950324,52.82785978761344,-0.14079711865633726,-0.002156929112970829,-0.28502670116722584
2026-04-23 07:30:43.100,3509422.0304992674,779146.8618985016,5250981.796754098,-42624.68522941418,52.70665188563275,-0.06800591479986906,0.05361043498851359,-0.35623074509203434
2026-04-23 07:30:43.200,3509422.0259351553,779146.8727789442,5250981.783122177,-42629.021594824895,52.57705912452862,-0.04564112052321434,0.10880442569032311,-0.1363192033022642
2026-04-23 07:30:43.300,3509419.6024406017,779145.2682913343,5250979.941793206,-42635.641135037615,44.49116647134075,-24.234945536591113,-16.044876099331304,-18.413289710879326
2026-04-23 07:30:43.400,3509419.5830236054,779145.2759265354,5250979.907994827,-42639.9939345862,44.449532078368655,-0.19416996277868748,0.07635201094672084,-0.3379837889224291
2026-04-23 07:30:43.500,3509419.5734899915,779145.2825750592,5250979.876005832,-42644.3423563175,44.34305332004807,-0.09533613920211792,0.0664852384943515,-0.31988995149731636
2026-04-23 07:30:43.600,3509419.551337549,779145.2880017412,5250979.839799675,-42648.69035330385,44.2463889432468,-0.2215244248509407,0.054266819497570395,-0.36206156946718693
2026-04-23 07:30:43.700,3509419.547817529,779145.2831684873,5250979.808181829,-42653.02402722142,44.15724107876782,-0.03520019818097353,-0.04833253915421665,-0.31617846339941025
2026-04-23 07:30:43.800,3509419.53029234,779145.2794348334,5250979.769383522,-42657.37673199768,44.11394065484262,-0.17525189090520144,-0.03733653808012605,-0.38798307068645954
2026-04-23 07:30:43.900,3509419.510000598,779145.2855694576,5250979.752992188,-42661.71934206877,44.05620581113471,-0.2029174193739891,0.061346241272985935,-0.16391334123909473
2026-04-23 07:30:44.000,3509419.4967429307,779145.288293993,5250979.720236816,-42666.075966468095,44.02994373255167,-0.13257667422294617,0.02724535414017737,-0.32755371183156967
2026-04-23 07:30:44.100,3509419.488890524,779145.2914655522,5250979.690471694,-42670.424212899925,43.96623847008434,-0.07852406706660986,0.03171559190377593,-0.29765122570097446
2026-04-23 07:30:44.200,3509419.4735795506,779145.296649656,5250979.663482165,-42674.77210323925,43.90346166219614,-0.15310973394662142,0.05184103851206601,-0.269895289093256
2026-04-23 07:30:44.300,3509419.4644877235,779145.3020203913,5250979.6423986815,-42679.12006191579,43.8875493900883,-0.0909182708710432,0.05370735307224095,-0.2108348347246647
2026-04-23 07:30:44.400,3509419.45865747,779145.3055380528,5250979.627555793,-42683.45885095738,43.81050502141398,-0.058302534744143486,0.03517661476507783,-0.14842888340353966
2026-04-23 07:30:44.500,3509419.44940929,779145.3140729499,5250979.608332425,-42687.80249083042,43.7336076877251,-0.09248179849237204,0.08534897118806839,-0.19223367795348167
2026-04-23 07:30:44.600,3509419.4465477527,779145.3203422079,5250979.607406279,-42692.12734332367,43.71652358346355,-0.02861537504941225,0.06269257981330156,-0.009261462837457657
2026-04-23 07:30:44.700,3509419.4417875004,779145.3159808599,5250979.578979796,-42696.46986464166,43.68305837827835,-0.04760252311825752,-0.04361347993835807,-0.28426483273506165
2026-04-23 07:30:44.800,3509419.4362198045,779145.3198425727,5250979.57311112,-42700.79552853424,43.64695109151226,-0.055676959455013275,0.03861712757498026,-0.05868676118552685
2026-04-23 07:30:44.900,3509419.4304717854,779145.3301333643,5250979.569381208,-42705.12341461114,43.630603956369285,-0.05748019088059664,0.10290791629813612,-0.03729911521077156
2026-04-23 07:30:45.000,3509419.43194567,779145.3377015558,5250979.557612733,-42709.45666179784,43.59885700908653,0.014738845638930798,0.07568191504105926,-0.1176847517490387
2026-04-23 07:30:45.100,3509419.429300447,779145.3398700064,5250979.541991837,-42713.78947435628,43.54089726530621,-0.026452229358255863,0.02168450620956719,-0.1562089566141367
2026-04-23 07:30:45.200,3509419.4193572295,779145.3412532042,5250979.52450853,-42718.12518044937,43.549527990525675,-0.09943217504769564,0.013831977266818285,-0.17483307048678398
2026-04-23 07:30:45.300,3509419.408816749,779145.3435301565,5250979.499967584,-42722.46337547349,43.54759921740569,-0.10540480259805918,0.022769523784518242,-0.24540945887565613
2026-04-23 07:30:45.400,3509419.3996159565,779145.3462785742,5250979.479680998,-42726.80680274352,43.556763775752,-0.09200792759656906,0.02748417668044567,-0.2028658613562584
2026-04-23 07:30:45.500,3509419.3902650992,779145.3488565615,5250979.468496307,-42731.1482790579,43.528877425130226,-0.09350857231765985,0.0257798726670444,-0.11184691451489925
2026-04-23 07:30:45.600,3509419.385704114,779145.3493838235,5250979.451364229,-42735.48188829437,43.503448458440246,-0.045609851367771626,0.005272619891911745,-0.17132077366113663
2026-04-23 07:30:45.700,3509419.3794606104,779145.3493455756,5250979.439484627,-42739.806602095254,43.48260808883457,-0.06243503652513027,-0.0003824790474027395,-0.11879602447152138
2026-04-23 07:30:45.800,3509419.369983035,779145.3520710703,5250979.431763497,-42744.12822847816,43.47213374784088,-0.09477575309574604,0.027254947926849127,-0.07721129804849625
2026-04-23 07:30:45.900,3509419.3629204803,779145.3546702863,5250979.418480151,-42748.47203241933,43.495788221422025,-0.07062554825097322,0.02599215949885547,-0.13283345848321915
2026-04-23 07:30:46.000,3509419.356571617,779145.3513078323,5250979.402985335,-42752.81244871311,43.460413997314376,-0.06348863244056702,-0.03362454008311033,-0.1549481600522995
2026-04-23 07:30:46.100,3509419.3493027566,779145.3488132032,5250979.386950489,-42757.14815480457,43.47601373254581,-0.07268860470503569,-0.0249462912324816,-0.1603484619408846
2026-04-23 07:30:46.200,3509419.3415365363,779145.3526710204,5250979.37974482,-42761.47795776261,43.455758921229084,-0.0776622025296092,0.03857817267999053,-0.07205668836832047
2026-04-23 07:30:46.300,3509419.340792426,779145.3483810013,5250979.375485257,-42765.79522687034,43.4396846866202,-0.007441104389727116,-0.042900191619992256,-0.0425956305116415
2026-04-23 07:30:46.400,3509419.3378172508,779145.3509226163,5250979.362707698,-42770.122214744035,43.43893424495157,-0.029751751571893692,0.025416150456294417,-0.12777559459209442
2026-04-23 07:30:46.500,3509419.3297793344,779145.3554474002,5250979.367406326,-42774.44338948887,43.46446713576929,-0.08037916384637356,0.04524783929809928,0.04698628559708595
2026-04-23 07:30:46.600,3509419.322200229,779145.355236679,5250979.367370429,-42778.76861548624,43.476166903482735,-0.07579105440527201,-0.0021072127856314182,-0.00035896897315979004
2026-04-23 07:30:46.700,3509419.320184016,779145.3525121332,5250979.3649994265,-42783.08791177309,43.467060405801824,-0.020162127912044525,-0.027245457749813795,-0.02371002919971943
2026-04-23 07:30:46.800,3509419.320496855,779145.3570219341,5250979.357759963,-42787.41431379148,43.44533702130229,0.0031283870339393616,0.04509800928644836,-0.07239463739097118
2026-04-23 07:30:46.900,3509419.320624114,779145.3555724564,5250979.346944073,-42791.7453075244,43.40701793044825,0.0012725917622447014,-0.014494777424260974,-0.10815889574587345
2026-04-23 07:30:47.000,3509419.315739133,779145.359795283,5250979.343047624,-42796.07719278263,43.42513649531676,-0.04884981084614992,0.042228265665471554,-0.03896448761224747
2026-04-23 07:30:47.100,3509419.312610724,779145.3618900756,5250979.343768447,-42800.40029714669,43.48341324805426,-0.03128408920019865,0.020947926677763462,0.007208222523331642
2026-04-23 07:30:47.200,3509419.3139302987,779145.3607968383,5250979.33925481,-42804.7122534642,43.45987029079911,0.013195746578276157,-0.01093237311579287,-0.04513637162744999
2026-04-23 07:30:47.300,3509419.320262263,779145.3636138211,5250979.344252718,-42809.024398404625,43.43612774489263,0.06331964395940304,0.02816982800140977,0.04997908137738705
2026-04-23 07:30:47.400,3509419.3130522473,779145.3606981041,5250979.33706079,-42813.34548929317,43.471171011835466,-0.07210015784949064,-0.02915716962888837,-0.0719192810356617
2026-04-23 07:30:47.500,3509419.3134021573,779145.3589020345,5250979.338133536,-42817.66043584238,43.489300492558606,0.003499099984765053,-0.017960696713998914,0.010727467015385628
2026-04-23 07:30:47.600,3509419.322561488,779145.3545575388,5250979.335875014,-42821.98068697616,43.49276607924607,0.09159330744296312,-0.0434449571184814,-0.022585224360227585
2026-04-23 07:30:47.700,3509419.3162479666,779145.3512414222,5250979.326458579,-42826.306350610736,43.50826199195251,-0.06313521414995193,-0.033161165192723274,-0.09416434913873672
2026-04-23 07:30:47.800,3509419.3109043166,779145.3512619642,5250979.331428286,-42830.616682843654,43.54061661201997,-0.053436500020325184,0.00020541949197649956,0.049697067588567734
2026-04-23 07:30:47.900,3509419.306456722,779145.3455436506,5250979.333053294,-42834.93500019013,43.553240610915154,-0.04447594750672579,-0.057183136232197285,0.01625007949769497
2026-04-23 07:30:48.000,3509419.2994709485,779145.3431005209,5250979.335746732,-42839.25163216558,43.61107159705777,-0.06985773332417011,-0.02443129662424326,0.02693437971174717
2026-04-23 07:30:48.100,3509419.2932509216,779145.3439147818,5250979.343547564,-42843.56689878421,43.63651284567929,-0.0622002687305212,0.008142609149217606,0.07800832390785217
2026-04-23 07:30:48.200,3509419.2911071097,779145.344658601,5250979.339440092,-42847.89734644734,43.68008375163031,-0.021438119001686573,0.007438191678375006,-0.0410747155547142
2026-04-23 07:30:48.300,3509419.29072077,779145.3459917041,5250979.335084681,-42852.22461328396,43.69728789206554,-0.0038633961230516434,0.01333103165961802,-0.04355411045253277
2026-04-23 07:30:48.400,3509419.2858124124,779145.3498223565,5250979.339009888,-42856.533850105865,43.733098648538416,-0.04908357746899128,0.03830652334727347,0.039252061396837234
2026-04-23 07:30:48.500,3509419.289188663,779145.3511551883,5250979.337626408,-42860.84263637912,43.73625716174526,0.03376250620931387,0.013328318018466234,-0.013834796845912933
2026-04-23 07:30:48.600,3509419.2861675257,779145.3523563494,5250979.335417467,-42865.17020859459,43.75385177143225,-0.03021137323230505,0.012011610670015216,-0.022089406847953796
2026-04-23 07:30:48.700,3509418.9007442594,779145.767254794,5250979.497427912,-42869.68554889064,36.994908822397264,-3.8542326632887125,4.148984446655959,1.6201044525951147
2026-04-23 07:30:48.800,3509418.896204522,779145.771890229,5250979.504944233,-42874.00269347843,37.026228465457415,-0.04539737477898598,0.04635434946976602,0.07516320794820786
2026-04-23 07:30:48.900,3509418.890368387,779145.7790003085,5250979.508506873,-42878.31160709537,37.06351067572716,-0.058361347764730453,0.0711007951758802,0.03562639467418194
2026-04-23 07:30:49.000,3509418.883159849,779145.7905795589,5250979.51800081,-42882.61626737916,37.07890962473173,-0.07208538241684437,0.11579250451177359,0.09493937715888023
2026-04-23 07:30:49.100,3509418.8802929684,779145.796715511,5250979.5227074465,-42886.93148327353,37.10527304125265,-0.02866880502551794,0.061359520768746734,0.04706636071205139
2026-04-23 07:30:49.200,3509418.8808987336,779145.7976893765,5250979.52154709,-42891.254811663646,37.128289402500265,0.006057652644813061,0.009738655062392354,-0.011603562161326408
2026-04-23 07:30:49.300,3509418.885567425,779145.793213395,5250979.521219346,-42895.579958416725,37.110976358873174,0.04668691195547581,-0.044759814627468586,-0.003277445212006569
2026-04-23 07:30:49.400,3509418.88563927,779145.7908754187,5250979.518773347,-42899.9091052425,37.13635287462918,0.0007184501737356186,-0.023379763588309288,-0.02445998601615429
2026-04-23 07:30:49.500,3509418.884216974,779145.7827564082,5250979.509733853,-42904.24114139913,37.16040555284819,-0.014222958125174046,-0.08119010482914746,-0.09039494208991528
2026-04-23 07:30:49.600,3509418.88555373,779145.7802082718,5250979.511966457,-42908.56111099215,37.16623606464736,0.013367561623454094,-0.02548136399127543,0.022326037287712097
2026-04-23 07:30:49.700,3509418.8875634675,779145.778339151,5250979.514928545,-42912.87719487987,37.17735268760474,0.02009737305343151,-0.01869120867922902,0.029620882123708725
2026-04-23 07:30:49.800,3509418.8935615076,779145.7787252232,5250979.516213254,-42917.19635568759,37.16784018354954,0.05998040083795786,0.0038607220631092787,0.012847092002630234
2026-04-23 07:30:49.900,3509418.904236151,779145.7734022827,5250979.514012531,-42921.52679653678,37.149821252165744,0.10674643330276012,-0.053229404147714376,-0.022007226943969727
2026-04-23 07:30:50.000,3509418.9118247004,779145.7715457241,5250979.516883951,-42925.84989835483,37.15076005718515,0.07588549517095089,-0.018565586069598794,0.028714193031191826
2026-04-23 07:30:50.100,3509418.9165299875,779145.7722047666,5250979.5234679775,-42930.16477098286,37.155718527206254,0.047052870504558086,0.006590425036847591,0.06584026850759983
2026-04-23 07:30:50.200,3509418.924186889,779145.7700258071,5250979.518768573,-42934.4922195686,37.179066621326314,0.07656901609152555,-0.02178959548473358,-0.0469940435141325
2026-04-23 07:30:50.300,3509418.929562107,779145.770205636,5250979.508541697,-42938.82035560047,37.18622837899304,0.053752181120216846,0.0017982895951718092,-0.10226876474916935
2026-04-23 07:30:50.400,3509418.9308604454,779145.7719724587,5250979.510430633,-42943.14517131822,37.1834163848094,0.012983381748199463,0.017668226500973105,0.01888936385512352
2026-04-23 07:30:50.500,3509418.9309097724,779145.7733164896,5250979.515227052,-42947.463630116836,37.18582642719143,0.0004932703450322151,0.013440309558063745,0.0479641929268837
2026-04-23 07:30:50.600,3509418.929062958,779145.7715730413,5250979.515969238,-42951.7843843476,37.20277976558993,-0.01846814528107643,-0.017434483161196113,0.007421858608722687
2026-04-23 07:30:50.700,3509418.9307139753,779145.7731767568,5250979.523363955,-42956.10307727803,37.2156641647944,0.016510174609720707,0.016037154709920287,0.07394717074930668
2026-04-23 07:30:50.800,3509418.9311829256,779145.7783812885,5250979.5256194025,-42960.429738928535,37.220021690171784,0.004689502529799938,0.0520453171338886,0.022554472088813782
2026-04-23 07:30:50.900,3509418.9331792886,779145.7794340147,5250979.524471557,-42964.75824234525,37.2040643332333,0.019963630475103855,0.010527261765673757,-0.011478457599878311
2026-04-23 07:30:51.000,3509418.9326697877,779145.7758306444,5250979.517208241,-42969.094037646,37.210229755397414,-0.005095009692013264,-0.036033702781423926,-0.07263315841555595
2026-04-23 07:30:51.100,3509418.9336575987,779145.777436977,5250979.52288976,-42973.41734960915,37.228244545562994,0.009878110140562057,0.0160633260384202,0.056815193966031075
2026-04-23 07:30:51.200,3509418.933980214,779145.7779141082,5250979.520506401,-42977.749609099,37.23925035289161,0.0032261526212096214,0.004771312233060598,-0.02383359707891941
2026-04-23 07:30:51.300,3509418.9382005082,779145.776197004,5250979.514786831,-42982.08457391504,37.22451549824548,0.04220294300466776,-0.01717104227282107,-0.057195695117115974
2026-04-23 07:30:51.400,3509418.940074462,779145.7771699398,5250979.517748713,-42986.417768377236,37.21075173541529,0.018739537335932255,0.009729358134791255,0.02961881458759308
2026-04-23 07:30:51.500,3509418.9434088054,779145.7741736736,5250979.515999615,-42990.736660524446,37.206729394101345,0.03334343433380127,-0.029962662374600768,-0.017490973696112633
2026-04-23 07:30:51.600,3509418.94352468,779145.7748511326,5250979.511610395,-42995.058961686525,37.222578118262625,0.0011587468907237053,0.0067745905835181475,-0.04389219917356968
2026-04-23 07:30:51.700,3509418.9524831804,779145.7684451647,5250979.504662106,-42999.387498850294,37.19663792081271,0.0895850034430623,-0.0640596798621118,-0.06948289461433887
2026-04-23 07:30:51.800,3509418.951896935,779145.7673654845,5250979.502124673,-43003.721140233196,37.2048157399602,-0.005862456746399403,-0.010796801652759314,-0.025374330580234528
2026-04-23 07:30:51.900,3509418.950545598,779145.7693818467,5250979.49440685,-43008.051925974665,37.20461840206565,-0.013513369485735893,0.020163621520623565,-0.07717822678387165
2026-04-23 07:30:52.000,3509418.948165436,779145.7705493381,5250979.487935519,-43012.38504111874,37.219097623597364,-0.023801620118319988,0.011674914276227355,-0.06471331231296062
2026-04-23 07:30:52.100,3509418.943985786,779145.7720340509,5250979.485951989,-43016.72118880757,37.24087332923536,-0.041796499863266945,0.014847128186374903,-0.019835298880934715
2026-04-23 07:30:52.200,3509418.9387379754,779145.7715545805,5250979.4812358385,-43021.063381470776,37.267084317458774,-0.05247810389846563,-0.004794703563675284,-0.04716150462627411
2026-04-23 07:30:52.300,3509418.936344253,779145.7730530639,5250979.475682864,-43025.41035702251,37.2612021516096,-0.023937225341796875,0.014984833542257547,-0.055529745295643806
2026-04-23 07:30:52.400,3509418.9278277354,779145.777373412,5250979.474978997,-43029.75007846917,37.286723698126316,-0.08516517467796803,0.04320348147302866,-0.007038665935397148
2026-04-23 07:30:52.500,3509418.9273310965,779145.7769668312,5250979.465774886,-43034.08796949025,37.28349735679732,-0.004966389387845993,-0.004065808607265353,-0.09204111061990261
2026-04-23 07:30:52.600,3509418.9280980146,779145.7774897019,5250979.464129852,-43038.426213130966,37.29374576604678,0.007669180631637573,0.005228706868365407,-0.016450341790914536
2026-04-23 07:30:52.700,3509418.9230335215,779145.7800243748,5250979.461748128,-43042.76161163096,37.321639852411316,-0.05064493045210838,0.02534672967158258,-0.023817243054509163
2026-04-23 07:30:52.800,3509418.918701316,779145.7828439196,5250979.461055537,-43047.09439645474,37.33754728458204,-0.04332205280661583,0.028195447521284223,-0.006925910711288452
2026-04-23 07:30:52.900,3509418.917270058,779145.7837027811,5250979.456897409,-43051.42362261575,37.342636382526095,-0.014312583953142166,0.008588614873588085,-0.041581280529499054
2026-04-23 07:30:53.000,3509418.9167385777,779145.783822365,5250979.455275625,-43055.76153369583,37.33788118483387,-0.005314801819622517,0.0011958391405642033,-0.01621783711016178
2026-04-23 07:30:53.100,3509418.913042096,779145.7872635319,5250979.453302438,-43060.09588549895,37.347542746288404,-0.036964816972613335,0.03441166947595775,-0.01973186619579792
2026-04-23 07:30:53.200,3509418.9134531147,779145.7886301078,5250979.451082843,-43064.43241823303,37.33180079068192,0.004110187292098999,0.01366575830616057,-0.022195950150489807
2026-04-23 07:30:53.300,3509418.9118877104,779145.7885705985,5250979.448640027,-43068.764574498884,37.326812588562284,-0.01565404236316681,-0.0005950930062681437,-0.02442816272377968
2026-04-23 07:30:53.400,3509418.9079705905,779145.7931515754,5250979.450421451,-43073.098511173754,37.31877904542025,-0.039171199314296246,0.045809769071638584,0.017814235761761665
2026-04-23 07:30:53.500,3509418.90587931,779145.7965392524,5250979.454867793,-43077.42449846532,37.31470406565553,-0.020912806503474712,0.03387677017599344,0.04446342587471008
2026-04-23 07:30:53.600,3509418.9044051804,779145.7983799624,5250979.449277264,-43081.758895299696,37.304676067801836,-0.014741295017302036,0.01840710057877004,-0.05590529181063175
2026-04-23 07:30:53.700,3509418.9018701776,779145.7992302404,5250979.443427529,-43086.09536305586,37.33887077729145,-0.025350027717649937,0.00850277952849865,-0.05849734880030155
2026-04-23 07:30:53.800,3509418.8981416957,779145.797692545,5250979.435210202,-43090.42156329069,37.33858615100003,-0.03728481940925121,-0.015376954106613994,-0.08217327296733856
2026-04-23 07:30:53.900,3509418.8953742813,779145.7981593017,5250979.437337779,-43094.742831146985,37.320773100844114,-0.027674143202602863,0.004667567554861307,0.021275775507092476
2026-04-23 07:30:54.000,3509418.8951861323,779145.7977295552,5250979.439960655,-43099.0656383116,37.330668556599726,-0.0018814904615283012,-0.004297465784475207,0.026228753849864006
2026-04-23 07:30:54.100,3509418.8941692617,779145.7979147105,5250979.43786566,-43103.38653931591,37.333639050201434,-0.010168706066906452,0.0018515530973672867,-0.02094995230436325
2026-04-23 07:30:54.200,3509418.890255797,779145.8029824548,5250979.438582063,-43107.71389451365,37.360944697620575,-0.03913464490324259,0.05067744292318821,0.007164031267166138
2026-04-23 07:30:54.300,3509418.887967567,779145.8035770861,5250979.440278129,-43112.042830557904,37.38118676967392,-0.022882302291691303,0.00594631303101778,0.016960659995675087
2026-04-23 07:30:54.400,3509418.8850168018,779145.8048182019,5250979.43783447,-43116.37591861546,37.3858266945427,-0.029507651925086975,0.01241115853190422,-0.02443659119307995
2026-04-23 07:30:54.500,3509418.8825229765,779145.8065961957,5250979.439856676,-43120.70708729546,37.41628657495132,-0.02493825275450945,0.017779937479645014,0.020222067832946777
2026-04-23 07:30:54.600,3509418.877939527,779145.8103756236,5250979.438391911,-43125.02936777022,37.43964311046929,-0.045834495685994625,0.0377942796330899,-0.014647655189037323
2026-04-23 07:30:54.700,3509418.87239602,779145.8125379283,5250979.4399813125,-43129.35124086465,37.45585649325951,-0.0554350670427084,0.021623047068715096,0.01589401625096798
2026-04-23 07:30:54.800,3509418.8697383325,779145.8153268803,5250979.44247305,-43133.671186107065,37.456079313099465,-0.0265768775716424,0.02788951969705522,0.024917377158999443
2026-04-23 07:30:54.900,3509418.8684922564,779145.8164661424,5250979.442137066,-43137.991121939056,37.46682322345771,-0.012460760772228241,0.011392621090635657,-0.0033598393201828003
2026-04-23 07:30:55.000,3509418.8655341393,779145.821384003,5250979.444883325,-43142.31594847091,37.471063187580604,-0.02958117052912712,0.04917860613204539,0.027462588623166084
2026-04-23 07:30:55.100,3509418.864989909,779145.8238989369,5250979.448130256,-43146.64586134563,37.47785932861941,-0.005442304536700249,0.025149338180199265,0.03246930427849293
2026-04-23 07:30:55.200,3509418.861928136,779145.827930533,5250979.4505059095,-43150.97419871531,37.49377997025589,-0.030617727898061275,0.04031596123240888,0.023756539449095726
2026-04-23 07:30:55.300,3509418.85833198,779145.8287789801,5250979.451323455,-43155.30006602042,37.517832325936666,-0.03596155904233456,0.008484470890834928,0.008175456896424294
2026-04-23 07:30:55.400,3509418.855045629,779145.8307639536,5250979.452994247,-43159.626255015355,37.552935928178236,-0.032863509841263294,0.019849735544994473,0.01670791767537594
2026-04-23 07:30:55.500,3509418.8542621876,779145.8322137336,5250979.45738442,-43163.94855671925,37.56193697957552,-0.007834415882825851,0.014497799566015601,0.043901726603507996
2026-04-23 07:30:55.600,3509418.8509045956,779145.8314088036,5250979.458922701,-43168.27458629298,37.5809766505344,-0.03357592038810253,-0.00804929994046688,0.015382813289761543
2026-04-23 07:30:55.700,3509418.849163918,779145.8345291764,5250979.463243385,-43172.60252315009,37.56267133575107,-0.01740677747875452,0.031203727703541517,0.04320683889091015
2026-04-23 07:30:55.800,3509418.8479266064,779145.8324161177,5250979.463264234,-43176.924179166184,37.58457059932948,-0.012373114004731178,-0.021130586974322796,0.00020849518477916718
2026-04-23 07:30:55.900,3509418.84612077,779145.8301409659,5250979.462286604,-43181.24931569586,37.59077938941375,-0.01805836334824562,-0.02275151782669127,-0.00977630726993084
2026-04-23 07:30:56.000,3509418.844486671,779145.8289147359,5250979.461030505,-43185.58094499165,37.602161318296446,-0.01634099055081606,-0.012262299424037337,-0.012560989707708359
2026-04-23 07:30:56.100,3509418.842028056,779145.830726835,5250979.468453259,-43189.913348310605,37.61991902918215,-0.024586152285337448,0.01812099013477564,0.07422754541039467
2026-04-23 07:30:56.200,3509418.8373363735,779145.8303757235,5250979.471791205,-43194.25291874013,37.613575460215365,-0.04691682290285826,-0.0035111140459775925,0.033379457890987396
2026-04-23 07:30:56.300,3509418.833983028,779145.8289577762,5250979.473259669,-43198.58596662523,37.63049684460348,-0.03353345673531294,-0.01417947351001203,0.014684638008475304
2026-04-23 07:30:56.400,3509418.8318683533,779145.8283277799,5250979.4753065305,-43202.92204197722,37.65429895483245,-0.021146745420992374,-0.006299962988123298,0.020468616858124733
2026-04-23 07:30:56.500,3509418.824481838,779145.8288287069,5250979.476779305,-43207.261964093144,37.659364854282664,-0.07386515382677317,0.005009269807487726,0.014727748930454254
2026-04-23 07:30:56.600,3509418.8185791452,779145.8286478514,5250979.477534473,-43211.59414324666,37.67011423703513,-0.05902692675590515,-0.0018085550982505083,0.007551675662398338
2026-04-23 07:30:56.700,3509418.8150892183,779145.8313425162,5250979.483298006,-43215.91291002403,37.672212933608826,-0.034899269230663776,0.02694664872251451,0.05763532593846321
2026-04-23 07:30:56.800,3509418.814180968,779145.8300981616,5250979.483510763,-43220.24187120031,37.67822283061725,-0.00908250454813242,-0.012443546438589692,0.002127578482031822
2026-04-23 07:30:56.900,3509418.8130478784,779145.8274240188,5250979.485896247,-43224.57139313688,37.7036942860071,-0.011330894194543362,-0.026741428300738335,0.02385484054684639
2026-04-23 07:30:57.000,3509418.8111506714,779145.828427252,5250979.491106851,-43228.90004240327,37.714604690759884,-0.018972069956362247,0.010032332502305508,0.05210603587329388
2026-04-23 07:30:57.100,3509418.810509647,779145.8289284715,5250979.4954856625,-43233.22857546431,37.719724476764064,-0.006410246714949608,0.005012195324525237,0.04378811456263065
2026-04-23 07:30:57.200,3509418.809281712,779145.8263850256,5250979.497380329,-43237.55320236496,37.725100595097366,-0.012279348447918892,-0.02543445909395814,0.01894666813313961
2026-04-23 07:30:57.300,3509418.8035339722,779145.8218854982,5250979.493801423,-43241.89667828711,37.729188444366244,-0.05747739691287279,-0.04499527392908931,-0.03578905947506428
2026-04-23 07:30:57.400,3509418.7974335602,779145.8190645967,5250979.49214458,-43246.246132172986,37.74240921572397,-0.06100411992520094,-0.028209015727043152,-0.016568433493375778
2026-04-23 07:30:57.500,3509418.795550807,779145.8160713651,5250979.491372068,-43250.587918647594,37.749854529244274,-0.0188275333493948,-0.029932315228506923,-0.007725115865468979
2026-04-23 07:30:57.600,3509418.7960805576,779145.8181373836,5250979.495649904,-43254.922654835835,37.75294746258371,0.005297507159411907,0.020660184090957046,0.04277835600078106
2026-04-23 07:30:57.700,3509418.7950537987,779145.8161042251,5250979.495848389,-43259.260059034284,37.747158108251625,-0.01026758924126625,-0.020331584382802248,0.001984853297472
2026-04-23 07:30:57.800,3509418.7929053335,779145.8127857504,5250979.492612981,-43263.60296834244,37.755450316052624,-0.021484652534127235,-0.033184747444465756,-0.0323540810495615
2026-04-23 07:30:57.900,3509418.791862989,779145.8138387528,5250979.491750979,-43267.94322721964,37.75847231174456,-0.010423446074128151,0.01053002430126071,-0.008620023727416992
2026-04-23 07:30:58.000,3509418.792796631,779145.8105964599,5250979.489523326,-43272.277654974714,37.73840268605711,0.009336420334875584,-0.03242292907088995,-0.02227652817964554
2026-04-23 07:30:58.100,3509418.7874639514,779145.808916686,5250979.483685918,-43276.61422661035,37.73857353605124,-0.053326794877648354,-0.016797739081084728,-0.05837407894432545
2026-04-23 07:30:58.200,3509418.781437176,779145.8098537794,5250979.478759514,-43280.95742473059,37.74917172851215,-0.06026775576174259,0.009370933985337615,-0.04926403984427452
2026-04-23 07:30:58.300,3509418.7828754764,779145.8054411629,5250979.477516612,-43285.29429690124,37.74769899651825,0.014383005909621716,-0.04412616486661136,-0.012429021298885345
2026-04-23 07:30:58.400,3509418.784018743,779145.8010289497,5250979.4731334,-43289.63227074746,37.72990582961635,0.011432664468884468,-0.044122132239863276,-0.043832119554281235
2026-04-23 07:30:58.500,3509418.78360106,779145.8008947293,5250979.474261548,-43293.96870803118,37.719156568109646,-0.00417682807892561,-0.0013422034680843353,0.011281482875347137
2026-04-23 07:30:58.600,3509418.784593756,779145.8001041902,5250979.473738708,-43298.298233967325,37.70934959389385,0.00992695800960064,-0.007905390812084079,-0.005228407680988312
2026-04-23 07:30:58.700,3509418.782840394,779145.7952817354,5250979.46457846,-43302.63690349409,37.71436974127252,-0.017533618956804276,-0.04822454880923033,-0.09160247631371021
2026-04-23 07:30:58.800,3509418.78261564,779145.7900274438,5250979.4589443095,-43306.97550656039,37.73559005931457,-0.002247537486255169,-0.05254291580058634,-0.05634150467813015
2026-04-23 07:30:58.900,3509418.786009572,779145.7860676479,5250979.455153072,-43311.31520942034,37.714417144644536,0.03393931780010462,-0.039597959257662296,-0.03791237249970436
2026-04-23 07:30:59.000,3509418.7853360563,779145.7840767715,5250979.456944835,-43315.65616745896,37.69792797869945,-0.00673515722155571,-0.01990876393392682,0.017917631193995476
2026-04-23 07:30:59.100,3509418.785069226,779145.7834623718,5250979.45811744,-43319.99143596272,37.69112271133262,-0.002668304368853569,-0.00614399672485888,0.011726049706339836
2026-04-23 07:30:59.200,3509418.7885074704,779145.7796482382,5250979.456498283,-43324.33543184021,37.692393824168946,0.034382445737719536,-0.03814133582636714,-0.016191573813557625
2026-04-23 07:30:59.300,3509418.787421048,779145.7768103555,5250979.453601668,-43328.67407121275,37.700007184088896,-0.010864222422242165,-0.028378827264532447,-0.028966153040528297
2026-04-23 07:30:59.400,3509418.789419291,779145.7738600842,5250979.452501125,-43333.00983974356,37.70972808859996,0.01998242922127247,-0.029502712422981858,-0.011005429551005363
2026-04-23 07:30:59.500,3509418.7874685735,779145.7683140764,5250979.446278528,-43337.342001441,37.723782933875405,-0.01950717531144619,-0.055460078874602914,-0.06222596392035484
2026-04-23 07:30:59.600,3509418.786253355,779145.7636590581,5250979.440260708,-43341.67686155848,37.73306221308982,-0.012152185663580894,-0.04655018215999007,-0.06017819978296757
2026-04-23 07:30:59.700,3509418.784867051,779145.7602496189,5250979.4360461645,-43346.017049446185,37.747460395207206,-0.013863039202988148,-0.03409439232200384,-0.042145438492298126
2026-04-23 07:30:59.800,3509418.7856467133,779145.7553152957,5250979.432737855,-43350.34912215671,37.73987725084119,0.007796622812747955,-0.04934323253110051,-0.03308309242129326
2026-04-23 07:30:59.900,3509418.7853373326,779145.7503188315,5250979.429317756,-43354.68275306173,37.74902661983902,-0.003093807026743889,-0.049964641220867634,-0.0342009961605072
2026-04-23 07:31:00.000,3509418.785816,779145.7482390548,5250979.431599821,-43359.02027654862,37.754097857660305,0.004786672070622444,-0.020797767210751772,0.02282065339386463
2026-04-23 07:31:00.100,3509418.7857285435,779145.743523784,5250979.425507334,-43363.36369760383,37.760580522460465,-0.0008745631203055382,-0.047152708284556866,-0.060924869030714035
2026-04-23 07:31:00.200,3509418.7846173556,779145.7403843144,5250979.424571036,-43367.70314844489,37.785125772800825,-0.011111879721283913,-0.03139469539746642,-0.009362976998090744
2026-04-23 07:31:00.300,3509418.7840955337,779145.7334837555,5250979.418558397,-43372.05130379473,37.7932758073222,-0.005218219012022018,-0.069005589466542,-0.06012639030814171
2026-04-23 07:31:00.400,3509418.7849614955,779145.730408876,5250979.416746656,-43376.39740174418,37.801087323869545,0.00865961890667677,-0.03074879525229335,-0.018117409199476242
2026-04-23 07:31:00.500,3509418.7829126306,779145.7281152337,5250979.41491445,-43380.74141869012,37.82143094783971,-0.020488649606704712,-0.022936422610655427,-0.018322067335247993
2026-04-23 07:31:00.600,3509418.7818815745,779145.7199341169,5250979.406670163,-43385.07970495967,37.80361633784121,-0.010310560464859009,-0.08181116776540875,-0.0824428629130125
2026-04-23 07:31:00.700,3509418.780168007,779145.7131777878,5250979.398644258,-43389.41312587195,37.82637659552815,-0.017135674133896828,-0.06756329094059765,-0.0802590511739254
2026-04-23 07:31:00.800,3509418.7807150558,779145.7106825458,5250979.397856241,-43393.74612469949,37.84588847425747,0.005470486357808113,-0.024952420499175787,-0.00788017176091671
2026-04-23 07:31:00.900,3509418.7816847973,779145.708706202,5250979.390492067,-43398.089093961826,37.8559521604326,0.009697414934635162,-0.019763438031077385,-0.07364174351096153
2026-04-23 07:31:01.000,3509418.7829327364,779145.7053584701,5250979.3885306325,-43402.42926133717,37.86649403268734,0.012479391880333424,-0.033477318938821554,-0.019614342600107193
2026-04-23 07:31:01.100,3509418.7826140104,779145.7005379548,5250979.381042276,-43406.77587437076,37.864037816826674,-0.003187260590493679,-0.04820515285246074,-0.07488356903195381
2026-04-23 07:31:01.200,3509418.7826277125,779145.6945197487,5250979.372656296,-43411.11997551089,37.860247051571285,0.00013702083379030228,-0.06018206127919257,-0.08385979570448399
2026-04-23 07:31:01.300,3509418.7837162768,779145.6923563344,5250979.371062347,-43415.4629052542,37.870549771254154,0.01088564284145832,-0.02163414261303842,-0.015939492732286453
2026-04-23 07:31:01.400,3509418.784761544,779145.6836779073,5250979.365266569,-43419.80072231499,37.876322998294874,0.010452670976519585,-0.0867842708248645,-0.05795777775347233
2026-04-23 07:31:01.500,3509418.783222766,779145.6794712526,5250979.3597774925,-43424.132240546314,37.895934757837324,-0.015387777239084244,-0.04206654732115567,-0.05489076487720013
2026-04-23 07:31:01.600,3509418.779958364,779145.6750484713,5250979.350299414,-43428.466670276604,37.92025947012032,-0.03264402039349079,-0.04422781290486455,-0.09478078223764896
2026-04-23 07:31:01.700,3509418.7807730185,779145.6706130202,5250979.344541771,-43432.795869521426,37.92512778133107,0.008146543987095356,-0.04435451119206846,-0.05757642909884453
2026-04-23 07:31:01.800,3509418.7823881656,779145.6643590032,5250979.336512275,-43437.13349829966,37.94472936069021,0.016151471063494682,-0.06254017003811896,-0.08029496297240257
2026-04-23 07:31:01.900,3509418.7814624542,779145.6610428852,5250979.330540201,-43441.46938186597,37.94388553046921,-0.009257113561034203,-0.03316118032671511,-0.05972074344754219
2026-04-23 07:31:02.000,3509418.778668841,779145.6586679609,5250979.326935679,-43445.815627685806,37.941916576513876,-0.027936133556067944,-0.023749242536723614,-0.036045219749212265
2026-04-23 07:31:02.100,3509418.780285113,779145.6514827118,5250979.3201521905,-43450.172258407125,37.946883023288684,0.016162721440196037,-0.07185249123722315,-0.0678348820656538
2026-04-23 07:31:02.200,3509418.7792143533,779145.6468654927,5250979.314807797,-43454.53125192039,37.947087493645306,-0.010707597248256207,-0.04617219092324376,-0.05344393663108349
2026-04-23 07:31:02.300,3509418.779431711,779145.6417159729,5250979.30636318,-43458.8861163147,37.96217457527456,0.0021735765039920807,-0.05149519769474864,-0.08444616571068764
2026-04-23 07:31:02.400,3509418.7751834784,779145.6393701754,5250979.302826083,-43463.23659659323,37.99697439161109,-0.04248232580721378,-0.023457974893972278,-0.0353709701448679
2026-04-23 07:31:02.500,3509418.7762848674,779145.6352064835,5250979.296654443,-43467.58092995971,38.000695110311874,0.011013890616595745,-0.0416369189042598,-0.06171640008687973
2026-04-23 07:31:02.600,3509418.773158782,779145.633113113,5250979.292350458,-43471.92188041796,38.01469035111544,-0.031260852701961994,-0.020933705382049084,-0.04303985275328159
2026-04-23 07:31:02.700,3509418.77130679,779145.6302973916,5250979.285312163,-43476.27035080303,38.03161843094641,-0.01851992215961218,-0.02815721440128982,-0.07038295269012451
2026-04-23 07:31:02.800,3509418.7715468016,779145.6260616268,5250979.28316842,-43480.612391643175,38.04691140426156,0.0024001160636544228,-0.04235764732584357,-0.021437425166368484
2026-04-23 07:31:02.900,3509418.77016705,779145.6235117471,5250979.276025702,-43484.957023019895,38.058161296284716,-0.013797516003251076,-0.025498797185719013,-0.07142717950046062
2026-04-23 07:31:03.000,3509418.7670898,779145.6206610132,5250979.266946593,-43489.30596329533,38.075253856990386,-0.03077249974012375,-0.02850733930245042,-0.09079108946025372
2026-04-23 07:31:03.100,3509418.7689562244,779145.6163093481,5250979.26684221,-43493.64629438527,38.09717493065628,0.018664244562387466,-0.0435166503302753,-0.0010438356548547745
2026-04-23 07:31:03.200,3509418.7672450584,779145.6137166461,5250979.25945395,-43497.99652165977,38.10586840823991,-0.017111659981310368,-0.02592702046968043,-0.07388259284198284
2026-04-23 07:31:03.300,3509418.76695853,779145.6116306674,5250979.251618698,-43502.34648498892,38.11256943847987,-0.002865283749997616,-0.02085978747345507,-0.07835252210497856
2026-04-23 07:31:03.400,3509418.7672253167,779145.6088376001,5250979.243890603,-43506.69858601123,38.11110005214302,0.0026678666472434998,-0.027930672513321042,-0.07728095166385174
2026-04-23 07:31:03.500,3509418.7666247236,779145.6079792344,5250979.240096623,-43511.044848123856,38.14004712251921,-0.00600593164563179,-0.008583656745031476,-0.03793979994952679
2026-04-23 07:31:03.600,3509418.765496324,779145.606148927,5250979.235452501,-43515.390839027816,38.14815718563286,-0.0112839974462986,-0.01830307417549193,-0.0464412197470665
2026-04-23 07:31:03.700,3509418.7678162633,779145.6066001413,5250979.231341595,-43519.74750464243,38.13807527610472,0.02319939434528351,0.004512142622843385,-0.04110906273126602
2026-04-23 07:31:03.800,3509418.7674086345,779145.6054687585,5250979.223818509,-43524.10339999204,38.13801980127095,-0.004076287150382996,-0.011313827708363533,-0.07523085922002792
2026-04-23 07:31:03.900,3509418.766347778,779145.6037573378,5250979.218085075,-43528.45341992018,38.15681729084297,-0.01060856506228447,-0.01711420714855194,-0.05733434110879898
2026-04-23 07:31:04.000,3509418.7674010647,779145.6034511697,5250979.214077343,-43532.80841352733,38.13704560360698,0.010532867163419724,-0.003061681054532528,-0.040077315643429756
2026-04-23 07:31:04.100,3509418.7682057535,779145.6014880048,5250979.204248356,-43537.180869034506,38.13962852747468,0.008046887814998627,-0.019631648901849985,-0.09828987531363964
2026-04-23 07:31:04.200,3509418.763627101,779145.6020053658,5250979.198817896,-43541.545571982446,38.127957899853236,-0.04578652326017618,0.005173609824851155,-0.05430459976196289
2026-04-23 07:31:04.300,3509418.7640843643,779145.60461442,5250979.195397279,-43545.90629770776,38.12913251816396,0.004572630859911442,0.026090542087331414,-0.03420616500079632
2026-04-23 07:31:04.400,3509418.7629469694,779145.606467612,5250979.191370235,-43550.26046012505,38.13292116749907,-0.011373949237167835,0.018531919922679663,-0.04027044400572777
2026-04-23 07:31:04.500,3509418.76006872,779145.6077608333,5250979.184182708,-43554.6146992846,38.12723691711212,-0.028782491572201252,0.01293221372179687,-0.07187526673078537
2026-04-23 07:31:04.600,3509418.7623236557,779145.6048921073,5250979.175133538,-43558.971540042745,38.116993669721765,0.02254935447126627,-0.028687260346487164,-0.09049169719219208
2026-04-23 07:31:04.700,3509418.760866099,779145.6076644819,5250979.175122811,-43563.33069309242,38.114225578112816,-0.014575566165149212,0.027723745442926884,-0.00010726973414421082
2026-04-23 07:31:04.800,3509418.7601777725,779145.6066367971,5250979.166327319,-43567.694837695875,38.11454907841103,-0.006883265450596809,-0.010276847751811147,-0.08795492351055145
2026-04-23 07:31:04.900,3509418.760829473,779145.6087942907,5250979.161679041,-43572.063407319525,38.11624437642852,0.00651700422167778,0.021574936108663678,-0.04648278467357159
2026-04-23 07:31:05.000,3509418.7607942675,779145.6108940956,5250979.15461474,-43576.429235816315,38.10423123113771,-0.0003520539030432701,0.02099804929457605,-0.07064300589263439
2026-04-23 07:31:05.100,3509418.762566626,779145.6102372463,5250979.148619728,-43580.785914579756,38.106323361003696,0.017723585478961468,-0.006568493554368615,-0.05995011888444424
2026-04-23 07:31:05.200,3509418.7620525435,779145.6135031002,5250979.145596251,-43585.136389801315,38.08658977113274,-0.005140826106071472,0.03265853971242905,-0.030234772711992264
2026-04-23 07:31:05.300,3509418.7643685592,779145.6169499387,5250979.140828021,-43589.49073087748,38.081411674611026,0.023160157725214958,0.0344683846924454,-0.047682300209999084
2026-04-23 07:31:05.400,3509418.7638823213,779145.6185078961,5250979.137276404,-43593.84305606313,38.07824316712187,-0.004862379282712936,0.015579573810100555,-0.035516172647476196
2026-04-23 07:31:05.500,3509418.7655522623,779145.6194641227,5250979.132034328,-43598.19710608545,38.05770969614564,0.016699410043656826,0.009562266059219837,-0.052420757710933685
2026-04-23 07:31:05.600,3509418.765338019,779145.6232025874,5250979.126837797,-43602.54950890342,38.042202536595404,-0.002142433077096939,0.03738464671187103,-0.05196530371904373
2026-04-23 07:31:05.700,3509418.7641174737,779145.6254143548,5250979.117635831,-43606.896407297994,38.034651797210124,-0.012205452658236027,0.022117674816399813,-0.09201966226100922
2026-04-23 07:31:05.800,3509418.7655844786,779145.6276138369,5250979.114854978,-43611.241000757575,38.01102091022341,0.014670048840343952,0.02199482056312263,-0.027808528393507004
2026-04-23 07:31:05.900,3509418.766394524,779145.6314114424,5250979.116160156,-43615.581148148114,37.98342695772879,0.008100452832877636,0.03797605517320335,0.013051778078079224
2026-04-23 07:31:06.000,3509418.76793609,779145.6333633895,5250979.110009776,-43619.932812144,37.971188256498635,0.015415661036968231,0.01951947109773755,-0.06150379776954651
2026-04-23 07:31:06.100,3509418.768409341,779145.6371597478,5250979.107529557,-43624.283252941415,37.96092102125114,0.004732511006295681,0.03796358243562281,-0.024802191182971
2026-04-23 07:31:06.200,3509418.766565342,779145.6391549828,5250979.10321182,-43628.62481547535,37.93222628910461,-0.018439991399645805,0.019952349830418825,-0.043177371844649315
2026-04-23 07:31:06.300,3509418.767886531,779145.6443598572,5250979.100739434,-43632.968129069246,37.91016085627628,0.013211891055107117,0.05204874440096319,-0.024723857641220093
2026-04-23 07:31:06.400,3509418.7699257443,779145.6484327264,5250979.103806302,-43637.30320999743,37.89587544346379,0.020392131991684437,0.04072869196534157,0.030668675899505615
2026-04-23 07:31:06.500,3509418.7712718886,779145.6524354621,5250979.099967532,-43641.64405541701,37.8819340412394,0.013461443595588207,0.040027357172220945,-0.03838770091533661
2026-04-23 07:31:06.600,3509418.771924084,779145.6535656545,5250979.095959816,-43645.98314649828,37.865934022128634,0.006521954201161861,0.011301924241706729,-0.04007715731859207
2026-04-23 07:31:06.700,3509418.773172765,779145.6571319781,5250979.095312632,-43650.32068843567,37.84400668965126,0.012486809864640236,0.03566323546692729,-0.006471844390034676
2026-04-23 07:31:06.800,3509418.7752586445,779145.6636891162,5250979.092739655,-43654.656084135095,37.83647131664181,0.020858794450759888,0.06557138171046972,-0.025729769840836525
2026-04-23 07:31:06.900,3509418.777537027,779145.6657411777,5250979.089777271,-43658.99619292392,37.80780411419658,0.022783824242651463,0.02052061492577195,-0.029623834416270256
2026-04-23 07:31:07.000,3509418.777933989,779145.6689719103,5250979.0830527935,-43663.338605242185,37.7958971085721,0.003969622775912285,0.03230732516385615,-0.06724477745592594
2026-04-23 07:31:07.100,3509418.78049945,779145.6742454201,5250979.081708294,-43667.68129912146,37.77906230347434,0.025654607452452183,0.05273509887047112,-0.013444991782307625
2026-04-23 07:31:07.200,3509418.785028918,779145.6782618524,5250979.078042333,-43672.024639058305,37.761933859926216,0.045294682495296,0.04016432212665677,-0.036659613251686096
2026-04-23 07:31:07.300,3509418.789097751,779145.6799141946,5250979.071919444,-43676.37016657986,37.767010921491604,0.04068832844495773,0.016523422673344612,-0.06122888997197151
2026-04-23 07:31:07.400,3509418.7915315297,779145.6831583838,5250979.067272697,-43680.70612551919,37.735484843432715,0.024337787181138992,0.03244189196266234,-0.04646747373044491
2026-04-23 07:31:07.500,3509418.792427413,779145.6851600703,5250979.055334699,-43685.04990791845,37.71991590516779,0.00895883422344923,0.020016864873468876,-0.11937997303903103
2026-04-23 07:31:07.600,3509418.7953033336,779145.6889200357,5250979.053644554,-43689.389878209164,37.70952959068375,0.028759203851222992,0.037599654169753194,-0.01690145581960678
2026-04-23 07:31:07.700,3509418.796399713,779145.6913781397,5250979.048451696,-43693.730771138726,37.6954022930304,0.010963794775307178,0.02458103932440281,-0.05192858166992664
2026-04-23 07:31:07.800,3509418.7979853833,779145.6932219706,5250979.044352322,-43698.078541239025,37.677925391757945,0.01585670281201601,0.018438309198245406,-0.04099373705685139
2026-04-23 07:31:07.900,3509418.8002776285,779145.695041988,5250979.035000077,-43702.42080279296,37.662423036209425,0.022922451607882977,0.0182001746725291,-0.09352244436740875
2026-04-23 07:31:08.000,3509418.801832384,779145.700152266,5250979.032384274,-43706.76303168303,37.6543734201534,0.015547554939985275,0.05110277910716832,-0.026158038526773453
2026-04-23 07:31:08.100,3509418.8030506372,779145.701205903,5250979.025342529,-43711.111311341825,37.64935472342022,0.01218253280967474,0.010536370100453496,-0.07041744887828827
2026-04-23 07:31:08.200,3509418.8043095623,779145.704520567,5250979.019660783,-43715.45402880683,37.63240733111835,0.012589250691235065,0.03314664005301893,-0.05681745707988739
2026-04-23 07:31:08.300,3509418.8067053994,779145.7044269815,5250979.014312093,-43719.788144087885,37.62600501069251,0.02395837102085352,-0.0009358546230942011,-0.0534868985414505
2026-04-23 07:31:08.400,3509418.8086950816,779145.7081643862,5250979.006423038,-43724.1441118571,37.61416858066295,0.019896822050213814,0.037374047096818686,-0.07889054715633392
2026-04-23 07:31:08.500,3509418.8100952883,779145.7091410573,5250978.998273422,-43728.498644699204,37.58177204267191,0.014002067036926746,0.009766711154952645,-0.08149616420269012
2026-04-23 07:31:08.600,3509418.814860201,779145.7096049157,5250978.989926957,-43732.85115009082,37.55602696486833,0.04764912649989128,0.004638583632186055,-0.08346465416252613
2026-04-23 07:31:08.700,3509418.8181722546,779145.7131012805,5250978.986985668,-43737.207189724606,37.535851254789705,0.033120536245405674,0.03496364806778729,-0.02941288985311985
2026-04-23 07:31:08.800,3509418.819869456,779145.7159653268,5250978.978094991,-43741.56811717739,37.522989870235435,0.01697201281785965,0.028640462551265955,-0.08890676312148571
2026-04-23 07:31:08.900,3509418.82646952,779145.7192916748,5250978.975066758,-43745.924346684784,37.498012173657436,0.06600064225494862,0.03326348029077053,-0.030282335355877876
2026-04-23 07:31:09.000,3509418.8336037025,779145.7182171645,5250978.973376443,-43750.27723665894,37.48959193526081,0.07134182378649712,-0.01074510277248919,-0.01690315082669258
2026-04-23 07:31:09.100,3509418.8355033845,779145.7198073847,5250978.9754254045,-43754.624966704585,37.46252774152003,0.018996819853782654,0.01590220141224563,0.020489618182182312
2026-04-23 07:31:09.200,3509418.8401311147,779145.7219674543,5250978.965113951,-43758.977971619555,37.460950304085735,0.0462773023173213,0.021600696491077542,-0.10311453603208065
2026-04-23 07:31:09.300,3509418.8470535986,779145.7236470836,5250978.961844799,-43763.326876877996,37.44240241311227,0.06922483909875154,0.016796293202787638,-0.03269151784479618
2026-04-23 07:31:09.400,3509418.849449028,779145.7276637882,5250978.962036983,-43767.68378546982,37.41510643140242,0.023954291827976704,0.04016704624518752,0.0019218400120735168
2026-04-23 07:31:09.500,3509418.8501769193,779145.7292777067,5250978.958985584,-43772.0387450014,37.406303079817164,0.00727891456335783,0.016139184590429068,-0.03051399253308773
2026-04-23 07:31:09.600,3509418.8559342613,779145.73093153,5250978.95816304,-43776.37930556553,37.38692170767718,0.05757342092692852,0.016538233030587435,-0.008225440979003906
2026-04-23 07:31:09.700,3509418.86154632,779145.7324752832,5250978.951990506,-43780.726504642524,37.37381332782994,0.05612058565020561,0.015437531983479857,-0.06172534078359604
2026-04-23 07:31:09.800,3509418.8631801847,779145.731308368,5250978.9479856845,-43785.074973417686,37.35252461020777,0.0163386482745409,-0.011669151717796922,-0.04004821181297302
2026-04-23 07:31:09.900,3509418.8633125084,779145.731472265,5250978.940759743,-43789.43077465916,37.32698756255885,0.001323237083852291,0.0016389694064855576,-0.07225941866636276
2026-04-23 07:31:10.000,3509418.865276841,779145.7327084214,5250978.93588466,-43793.77370346019,37.324441010483795,0.019643325358629227,0.012361564440652728,-0.048750825226306915
2026-04-23 07:31:10.100,3509418.864457602,779145.7296042496,5250978.932565522,-43798.12682543859,37.31185596470441,-0.008192388340830803,-0.031041718320921063,-0.0331913772970438
2026-04-23 07:31:10.200,3509418.866275304,779145.7284518714,5250978.932645832,-43802.475245713365,37.31316796590758,0.018177018500864506,-0.011523781577125192,0.0008030980825424194
2026-04-23 07:31:10.300,3509418.865650137,779145.7280817789,5250978.928513539,-43806.8235694248,37.31139388135522,-0.00625167042016983,-0.003700925735756755,-0.04132293164730072
2026-04-23 07:31:10.400,3509418.8654373377,779145.7269455085,5250978.918141096,-43811.171674855876,37.30589730382039,-0.002127992920577526,-0.011362703517079353,-0.10372443124651909
2026-04-23 07:31:10.500,3509418.860518924,779145.7267427136,5250978.9145861715,-43815.52452830308,37.28548952987301,-0.049184137023985386,-0.002027949085459113,-0.03554924391210079
2026-04-23 07:31:10.600,3509418.8610437694,779145.7264172478,5250978.9119022405,-43819.87680150235,37.277779882333945,0.00524845439940691,-0.0032546580769121647,-0.02683931030333042
2026-04-23 07:31:10.700,3509418.8600834105,779145.7244934973,5250978.901643724,-43824.230826734936,37.25208026607006,-0.009603588841855526,-0.019237505039200187,-0.10258516296744347
2026-04-23 07:31:10.800,3509418.8590781256,779145.722360122,5250978.890948371,-43828.589211440434,37.25350151392538,-0.010052849538624287,-0.021333752665668726,-0.10695353150367737
2026-04-23 07:31:10.900,3509418.857514615,779145.7200270464,5250978.88452407,-43832.942698476734,37.25513597207166,-0.015635103918612003,-0.023330756230279803,-0.0642430130392313
2026-04-23 07:31:11.000,3509418.8540617167,779145.7205846092,5250978.879302858,-43837.29390134767,37.23459146355193,-0.03452898468822241,0.0055756280198693275,-0.05221211351454258
2026-04-23 07:31:11.100,3509418.848361708,779145.7189341667,5250978.873432486,-43841.63701341933,37.20726465674991,-0.05700008478015661,-0.016504424856975675,-0.058703720569610596
2026-04-23 07:31:11.200,3509418.844552807,779145.7185492313,5250978.864927968,-43845.973652952925,37.20951810805236,-0.038089011795818806,-0.0038493541069328785,-0.08504518307745457
2026-04-23 07:31:11.300,3509418.842056213,779145.7196526462,5250978.85871961,-43850.320280745924,37.20374810546139,-0.024965940974652767,0.011034149210900068,-0.06208358332514763
2026-04-23 07:31:11.400,3509418.838397572,779145.7188969254,5250978.854192204,-43854.667132924165,37.22106999914429,-0.03658641129732132,-0.007557207718491554,-0.04527405835688114
2026-04-23 07:31:11.500,3509418.836886285,779145.715051767,5250978.84723361,-43859.01811310742,37.193648086107004,-0.015112869441509247,-0.03845158498734236,-0.06958593614399433
2026-04-23 07:31:11.600,3509418.8326479923,779145.7180123326,5250978.847480598,-43863.364797976596,37.19430331225731,-0.04238292574882507,0.02960565616376698,0.002469876781105995
2026-04-23 07:31:11.700,3509418.8309753956,779145.7218402383,5250978.852325786,-43867.7016915616,37.171653853124404,-0.016725966706871986,0.03827905748039484,0.04845187999308109
2026-04-23 07:31:11.800,3509418.8281899234,779145.7221442547,5250978.852444189,-43872.037174291865,37.17303450726862,-0.02785472199320793,0.0030401640105992556,0.0011840276420116425
2026-04-23 07:31:11.900,3509418.8258061795,779145.7206723773,5250978.847349805,-43876.379656251665,37.148642166185894,-0.0238374387845397,-0.014718774473294616,-0.05094383843243122
2026-04-23 07:31:12.000,3509418.8223648816,779145.7227643077,5250978.850834078,-43880.72660103294,37.14651053376428,-0.034412979148328304,0.020919304806739092,0.034842733293771744
2026-04-23 07:31:12.100,3509418.8204563693,779145.726499357,5250978.856966223,-43885.06743351471,37.13423003217854,-0.01908512320369482,0.03735049278475344,0.0613214448094368
2026-04-23 07:31:12.200,3509418.8166951174,779145.7264660146,5250978.853986191,-43889.41443569155,37.13051798392623,-0.03761251922696829,-0.00033342395909130573,-0.02980032004415989
2026-04-23 07:31:12.300,3509418.8146285643,779145.7267061446,5250978.858450725,-43893.75868483785,37.11864556013615,-0.020665531046688557,0.0024013000074774027,0.044645341113209724
2026-04-23 07:31:12.400,3509418.808968592,779145.7312242725,5250978.864206801,-43898.1002448999,37.12632743852094,-0.05659972317516804,0.04518127883784473,0.057560764253139496
2026-04-23 07:31:12.500,3509418.808002672,779145.7331292843,5250978.863836656,-43902.4338656753,37.12590132672795,-0.009659198112785816,0.01905011828057468,-0.003701448440551758
2026-04-23 07:31:12.600,3509418.8038013126,779145.7354707253,5250978.865664497,-43906.7675325486,37.13091228584465,-0.042013595812022686,0.023414409952238202,0.01827840693295002
2026-04-23 07:31:12.700,3509418.803046838,779145.7386396617,5250978.867857805,-43911.1042729227,37.11151555650047,-0.007544746622443199,0.03168936353176832,0.02193308435380459
2026-04-23 07:31:12.800,3509418.800750452,779145.7424460138,5250978.872979873,-43915.44284601395,37.10857881995654,-0.02296385820955038,0.03806352149695158,0.05122067406773567
2026-04-23 07:31:12.900,3509418.799766184,779145.7454492089,5250978.880164959,-43919.789894231326,37.13212053034646,-0.009842682629823685,0.030031950445845723,0.0718508567661047
2026-04-23 07:31:13.000,3509418.797748466,779145.7481366755,5250978.880482443,-43924.141515455594,37.12971719146996,-0.02017717808485031,0.02687466563656926,0.0031748414039611816
2026-04-23 07:31:13.100,3509418.794125628,779145.7475497051,5250978.876538296,-43928.492225952774,37.127209418759925,-0.03622837830334902,-0.005869703600183129,-0.039441464468836784
2026-04-23 07:31:13.200,3509418.790001276,779145.7492410043,5250978.881784202,-43932.8352507736,37.13657785226787,-0.04124352242797613,0.01691299257799983,0.052459053695201874
2026-04-23 07:31:13.300,3509418.7852480817,779145.7516334198,5250978.882190286,-43937.176002283166,37.12134777684812,-0.04753194283694029,0.023924154229462147,0.004060845822095871
2026-04-23 07:31:13.400,3509418.7799278246,779145.7537908615,5250978.886519215,-43941.51289670187,37.120710244837845,-0.05320257041603327,0.02157441689632833,0.04328928887844086
2026-04-23 07:31:13.500,3509418.7762296926,779145.7537755889,5250978.886269201,-43945.85639926096,37.11702428805267,-0.03698132000863552,-0.00015272526070475578,-0.0025001447647809982
2026-04-23 07:31:13.600,3509418.7710278067,779145.7578047722,5250978.888528499,-43950.20312489954,37.13760215211739,-0.052018859423696995,0.04029183299280703,0.022592982277274132
2026-04-23 07:31:13.700,3509418.7665178627,779145.7602723847,5250978.893895326,-43954.54691032006,37.13084757041995,-0.04509944003075361,0.024676125030964613,0.053668273612856865
2026-04-23 07:31:13.800,3509418.7604909185,779145.7637184969,5250978.893270292,-43958.88581218517,37.13197596783901,-0.060269441455602646,0.034461121540516615,-0.00625033862888813
2026-04-23 07:31:13.900,3509418.759819229,779145.7651796287,5250978.894020403,-43963.22013625339,37.12771742181122,-0.0067168939858675,0.014611318474635482,0.007501104846596718
2026-04-23 07:31:14.000,3509418.753972283,779145.7656584522,5250978.893652257,-43967.55507244681,37.128487743726446,-0.05846946034580469,0.004788234364241362,-0.0036814622581005096
2026-04-23 07:31:14.100,3509418.7505586063,779145.7648437057,5250978.887913307,-43971.89189912851,37.13133979602149,-0.034136767499148846,-0.008147464832291007,-0.05738949403166771
2026-04-23 07:31:14.200,3509418.746884937,779145.7705732415,5250978.889911997,-43976.226379361695,37.12479306951776,-0.036736694164574146,0.05729535827413201,0.019986899569630623
2026-04-23 07:31:14.300,3509418.7435075217,779145.7740556626,5250978.8948666295,-43980.56031844872,37.11061287525842,-0.033774152398109436,0.03482421045191586,0.04954632371664047
2026-04-23 07:31:14.400,3509418.741571053,779145.7746893079,5250978.897660147,-43984.90005820554,37.11490512780259,-0.019364687614142895,0.00633645337074995,0.027935178950428963
2026-04-23 07:31:14.500,3509418.7383808503,779145.777550189,5250978.905411264,-43989.2437786076,37.09372630753872,-0.03190202638506889,0.028608811553567648,0.07751116529107094
2026-04-23 07:31:14.600,3509418.733269042,779145.7793936754,5250978.903073473,-43993.5917575996,37.08117834147797,-0.051118084229528904,0.01843486330471933,-0.023377910256385803
2026-04-23 07:31:14.700,3509418.730496022,779145.7809269782,5250978.903889376,-43997.93951895231,37.06597256207997,-0.02773019950836897,0.015333028277382255,0.008159028366208076
2026-04-23 07:31:14.800,3509418.7273226934,779145.7826908396,5250978.905934867,-44002.29044327584,37.05334972261809,-0.03173328470438719,0.017638613935559988,0.02045491710305214
2026-04-23 07:31:14.900,3509418.7259275513,779145.7810500792,5250978.906032718,-44006.63952548705,37.040212362200286,-0.013951421715319157,-0.01640760456211865,0.0009785033762454987
2026-04-23 07:31:15.000,3509418.7231026585,779145.7856205133,5250978.91209172,-44010.979268056544,37.02097051669002,-0.028248927555978298,0.045704341027885675,0.060590021312236786
2026-04-23 07:31:15.100,3509418.719396503,779145.7875572769,5250978.916705914,-44015.31411369248,37.00221677766812,-0.037061553448438644,0.01936763641424477,0.046141939237713814
2026-04-23 07:31:15.200,3509418.7159965853,779145.791297276,5250978.922932916,-44019.65782805294,36.978329371321145,-0.03399917855858803,0.037399991415441036,0.0622700247913599
2026-04-23 07:31:15.300,3509418.7143396204,779145.7932611105,5250978.928953766,-44024.00463764859,36.978001451624856,-0.01656964886933565,0.01963834511116147,0.06020849570631981
2026-04-23 07:31:15.400,3509418.7123085367,779145.7959083181,5250978.935689363,-44028.34770354222,36.96462575994378,-0.02031083684414625,0.02647207584232092,0.06735596805810928
2026-04-23 07:31:15.500,3509418.7110389643,779145.7990279592,5250978.939730756,-44032.68653921835,36.940525199415866,-0.01269572414457798,0.031196411000564694,0.040413932874798775
2026-04-23 07:31:15.600,3509418.708784402,779145.7992291492,5250978.941144927,-44037.02983099229,36.92804090003062,-0.022545624524354935,0.002011900069192052,0.014141714200377464
2026-04-23 07:31:15.700,3509418.7064348287,779145.8023900161,5250978.947500524,-44041.37859639555,36.91857499382005,-0.023495731875300407,0.031608669087290764,0.06355596706271172
2026-04-23 07:31:15.800,3509418.7029292975,779145.8065557266,5250978.951348338,-44045.7209608705,36.905283053241355,-0.0350553123280406,0.04165710415691137,0.03847814165055752
2026-04-23 07:31:15.900,3509418.7036586306,779145.8078366063,5250978.958242246,-44050.056468065326,36.89438586957123,0.007293331436812878,0.012808797182515264,0.0689390767365694
2026-04-23 07:31:16.000,3509418.701370244,779145.8102874832,5250978.960547148,-44054.40604643643,36.86644003569342,-0.022883866913616657,0.024508768692612648,0.023049023002386093
2026-04-23 07:31:16.100,3509418.700504849,779145.8117128285,5250978.962310788,-44058.75357036541,36.857126236076994,-0.008653947152197361,0.014253453118726611,0.01763639971613884
2026-04-23 07:31:16.200,3509418.698958111,779145.815013979,5250978.966632661,-44063.10649491533,36.857455514898895,-0.015467382036149502,0.03301150514744222,0.04321873188018799
2026-04-23 07:31:16.300,3509418.699300392,779145.8166659967,5250978.968881187,-44067.454702325675,36.85805961174447,0.003422810696065426,0.016520177014172077,0.02248525619506836
2026-04-23 07:31:16.400,3509418.6991550117,779145.8202863614,5250978.974663167,-44071.806318051444,36.83745835720938,-0.0014538038522005081,0.036203647032380104,0.057819802314043045
2026-04-23 07:31:16.500,3509418.697600301,779145.819792072,5250978.9766764315,-44076.1656483911,36.82458524711463,-0.01554710790514946,-0.004942893283441663,0.0201326422393322
2026-04-23 07:31:16.600,3509418.695487551,779145.8224611386,5250978.977625193,-44080.51779026899,36.82347349794254,-0.021127499639987946,0.0266906653996557,0.009487615898251534
2026-04-23 07:31:16.700,3509418.693836818,779145.8243279175,5250978.981279587,-44084.863959159346,36.81585410715653,-0.016507329419255257,0.018667789408937097,0.036543942987918854
2026-04-23 07:31:16.800,3509418.690291774,779145.8264962201,5250978.981205756,-44089.213422147644,36.81031827472149,-0.035450439900159836,0.02168302540667355,-0.0007383152842521667
2026-04-23 07:31:16.900,3509418.690979734,779145.828266421,5250978.983163955,-44093.56094052429,36.79860873216206,0.0068796006962656975,0.017702009063214064,0.01958198845386505
2026-04-23 07:31:17.000,3509418.690223067,779145.8299669396,5250978.986572284,-44097.905284663124,36.79864778612467,-0.0075666699558496475,0.017005186527967453,0.0340832956135273
2026-04-23 07:31:17.100,3509418.6887932606,779145.8316430026,5250978.9942885125,-44102.24842930948,36.781779791441984,-0.01429806463420391,0.016760629368945956,0.07716228254139423
2026-04-23 07:31:17.200,3509418.688927627,779145.8328257725,5250978.996976941,-44106.58553435534,36.77328143222896,0.0013436656445264816,0.011827698908746243,0.026884283870458603
2026-04-23 07:31:17.300,3509418.692232711,779145.8341945065,5250979.006420404,-44110.91879411086,36.7641546990228,0.03305083606392145,0.013687340542674065,0.09443462826311588
2026-04-23 07:31:17.400,3509418.6893053898,779145.8358538751,5250979.008949781,-44115.2741473026,36.74517014743901,-0.02927321009337902,0.016593686304986477,0.02529377117753029
2026-04-23 07:31:17.500,3509418.6880716844,779145.8349019455,5250979.007917861,-44119.62655542948,36.73372357676441,-0.012337053194642067,-0.009519295999780297,-0.010319193825125694
2026-04-23 07:31:17.600,3509418.6882167757,779145.8339021861,5250979.01138315,-44123.97735932842,36.73284472904663,0.001450912095606327,-0.00999759417027235,0.03465288318693638
2026-04-23 07:31:17.700,3509418.687457004,779145.8350427387,5250979.015742844,-44128.32510153911,36.72518742750182,-0.0075977155938744545,0.011405525729060173,0.043596941977739334
2026-04-23 07:31:17.800,3509418.6879024752,779145.8369579584,5250979.018280234,-44132.66822211464,36.69267690588192,0.004454711452126503,0.019152197055518627,0.025373902171850204
2026-04-23 07:31:17.900,3509418.6897722585,779145.8380526381,5250979.020347071,-44137.01617122566,36.673491046620974,0.018697832711040974,0.010946796974167228,0.02066836692392826
2026-04-23 07:31:18.000,3509418.686775114,779145.8417101486,5250979.034003842,-44141.363224626024,36.65511840591642,-0.02997144591063261,0.03657510504126549,0.13656770810484886
2026-04-23 07:31:18.100,3509418.686453504,779145.8423919112,5250979.03550124,-44145.71482133263,36.632002868828295,-0.0032160989940166473,0.0068176258355379105,0.01497398130595684
2026-04-23 07:31:18.200,3509418.6851488263,779145.8417067609,5250979.038173715,-44150.06806144239,36.59819306576505,-0.013046776875853539,-0.0068515026941895485,0.02672474831342697
2026-04-23 07:31:18.300,3509418.6841267594,779145.8415499476,5250979.039446965,-44154.41817972144,36.584813171483134,-0.010220669209957123,-0.0015681330114603043,0.012732502073049545
2026-04-23 07:31:18.400,3509418.682543066,779145.8408962068,5250979.042402696,-44158.76879947507,36.58757483636411,-0.015836935490369797,-0.006537408335134387,0.029557310044765472
2026-04-23 07:31:18.500,3509418.6820453503,779145.8419664779,5250979.040672885,-44163.11947208625,36.58797220384507,-0.004977155476808548,0.01070271129719913,-0.017298106104135513
2026-04-23 07:31:18.600,3509418.6819903003,779145.8416967603,5250979.040777012,-44167.47056771503,36.56230283622148,-0.0005505001172423363,-0.002697176532819867,0.0010412652045488358
2026-04-23 07:31:18.700,3509418.683491132,779145.8429287053,5250979.050809969,-44171.82295761613,36.538625957916075,0.015008319169282913,0.012319450033828616,0.10032957419753075
2026-04-23 07:31:18.800,3509418.6824098257,779145.8465147188,5250979.056627886,-44176.182168857275,36.536289536320986,-0.010813064873218536,0.035860135685652494,0.05817917175590992
2026-04-23 07:31:18.900,3509418.6835450176,779145.8465311164,5250979.056489861,-44180.53090317308,36.53050687971635,0.011351918801665306,0.00016397563740611076,-0.0013802573084831238
2026-04-23 07:31:19.000,3509418.684442958,779145.8481402462,5250979.065244348,-44184.875523828036,36.49467058102699,0.008979402482509613,0.016091298311948776,0.087544871494174
2026-04-23 07:31:19.100,3509418.6860585595,779145.8485035388,5250979.066092506,-44189.22728744288,36.47302086355277,0.016156015917658806,0.0036329252179712057,0.008481582626700401
2026-04-23 07:31:19.200,3509418.685667993,779145.852105936,5250979.074291981,-44193.579529532086,36.46198677608032,-0.003905664198100567,0.03602397278882563,0.08199474774301052
2026-04-23 07:31:19.300,3509418.684656522,779145.8561149795,5250979.084947962,-44197.93786198764,36.446440687703515,-0.01011471264064312,0.04009043448604643,0.10655981488525867
2026-04-23 07:31:19.400,3509418.6858413974,779145.856715518,5250979.0868473435,-44202.29151811906,36.441433828052034,0.011848756112158298,0.006005385657772422,0.018993811681866646
2026-04-23 07:31:19.500,3509418.684104187,779145.8629695295,5250979.098124874,-44206.64534456837,36.42730400174301,-0.017372104339301586,0.06254011415876448,0.1127753034234047
2026-04-23 07:31:19.600,3509418.686819512,779145.8639200948,5250979.103381443,-44211.00235707009,36.422628858843055,0.027153249830007553,0.009505653288215399,0.052565690129995346
2026-04-23 07:31:19.700,3509418.690172723,779145.865481022,5250979.1140643945,-44215.3526795854,36.42061153032328,0.03353211097419262,0.015609272522851825,0.10682951658964157
2026-04-23 07:31:19.800,3509418.690509291,779145.8677030989,5250979.124088569,-44219.69966687002,36.435359135448884,0.0033656787127256393,0.02222076873295009,0.10024174116551876
2026-04-23 07:31:19.900,3509418.6911622924,779145.871292072,5250979.135431742,-44224.055346716974,36.42613173309062,0.006530014798045158,0.03588973078876734,0.11343173682689667
2026-04-23 07:31:20.000,3509418.6870438773,779145.8738267004,5250979.141388091,-44228.402804558136,36.42898738231168,-0.041184150613844395,0.025346283800899982,0.05956348963081837
2026-04-23 07:31:20.100,3509418.6901203766,779145.8759031103,5250979.151966755,-44232.75908461793,36.408810042891496,0.030764993280172348,0.020764098735526204,0.10578664019703865
2026-04-23 07:31:20.200,3509418.6925614327,779145.878386084,5250979.161104739,-44237.11575312861,36.3978981817528,0.024410560727119446,0.02482973737642169,0.09137983433902264
2026-04-23 07:31:20.300,3509418.6940083504,779145.8801538886,5250979.168463464,-44241.47403942099,36.388895000709915,0.014469176530838013,0.017678046133369207,0.07358725182712078
2026-04-23 07:31:20.400,3509418.693310786,779145.8819500669,5250979.17507856,-44245.82846330566,36.40734723408012,-0.006975643336772919,0.01796178286895156,0.06615095771849155
2026-04-23 07:31:20.500,3509418.6958517977,779145.8806590552,5250979.18073709,-44250.178755465284,36.39246774799144,0.025410116650164127,-0.0129101169295609,0.05658530630171299
2026-04-23 07:31:20.600,3509418.696823532,779145.8824594697,5250979.180443385,-44254.532846502,36.371765376451414,0.009717345237731934,0.018004145240411162,-0.0029370561242103577
2026-04-23 07:31:20.700,3509418.7036517854,779145.8848791786,5250979.191704933,-44258.88467274976,36.36687100977692,0.06828253157436848,0.024197088787332177,0.11261547915637493
2026-04-23 07:31:20.800,3509418.704161642,779145.8893764385,5250979.20425202,-44263.24207970744,36.36910649076145,0.005098567344248295,0.04497259855270386,0.12547087855637074
2026-04-23 07:31:20.900,3509418.704896937,779145.8885105085,5250979.209224242,-44267.603559343916,36.38012211539287,0.0073529500514268875,-0.008659299928694963,0.04972221329808235
2026-04-23 07:31:21.000,3509418.7057200195,779145.8915873009,5250979.21461852,-44271.95051269795,36.40054288285397,0.008230824023485184,0.03076792461797595,0.05394278094172478
2026-04-23 07:31:21.100,3509418.70876555,779145.8914884112,5250979.214908007,-44276.31112744795,36.40705623284871,0.030455305241048336,-0.0009888969361782074,0.0028948672115802765
2026-04-23 07:31:21.200,3509418.7140255277,779145.8922526927,5250979.219852286,-44280.666236822144,36.371721570259574,0.05259977653622627,0.007642814889550209,0.049442797899246216
2026-04-23 07:31:21.300,3509418.7185399313,779145.898863896,5250979.233958677,-44285.01254763091,36.37250891832064,0.045144036412239075,0.0661120330914855,0.14106390997767448
2026-04-23 07:31:21.400,3509418.727618539,779145.9024451121,5250979.246591396,-44289.34950619192,36.3793128946931,0.09078607428818941,0.035812160931527615,0.12632718309760094
2026-04-23 07:31:21.500,3509418.7331848852,779145.9075556536,5250979.255244631,-44293.69869005455,36.40509482322937,0.0556634645909071,0.05110541475005448,0.08653235621750355
2026-04-23 07:31:21.600,3509418.732944454,779145.9028297743,5250979.252527741,-44298.059580266534,36.39171814108837,-0.0024043116718530655,-0.04725879291072488,-0.02716890536248684
2026-04-23 07:31:21.700,3509418.7338255504,779145.9041148517,5250979.258506806,-44302.41459237058,36.39377447062179,0.008810963481664658,0.01285077421925962,0.05979064851999283
2026-04-23 07:31:21.800,3509418.7360244775,779145.9051304164,5250979.26222581,-44306.772364328426,36.40365582773631,0.02198927104473114,0.010155646596103907,0.03719004802405834
2026-04-23 07:31:21.900,3509418.7353826184,779145.9028797956,5250979.268945668,-44311.12981414339,36.42188640209745,-0.0064185913652181625,-0.022506207460537553,0.06719857454299927
2026-04-23 07:31:22.000,3509418.7444663076,779145.9007487264,5250979.274317665,-44315.48537375887,36.43563560009509,0.0908368919044733,-0.02131069195456803,0.05371997132897377
2026-04-23 07:31:22.100,3509418.752911094,779145.9041334892,5250979.279407035,-44319.83890252907,36.439345350500375,0.08444786537438631,0.033847627928480506,0.050893696025013924
2026-04-23 07:31:22.200,3509418.773939124,779145.9200409853,5250979.305100196,-44324.17354079019,36.436119372690236,0.2102802973240614,0.15907496097497642,0.2569316141307354
2026-04-23 07:31:22.300,3509418.7735437024,779145.9188289765,5250979.309098087,-44328.538432500914,36.42590420027848,-0.003954214043915272,-0.01212008879519999,0.039978912100195885
2026-04-23 07:31:22.400,3509418.7783405054,779145.9218119206,5250979.318197444,-44332.89910540563,36.40993537948689,0.04796802997589111,0.029829441336914897,0.09099356830120087
2026-04-23 07:31:22.500,3509418.7861700007,779145.9285546949,5250979.335343602,-44337.243665973365,36.40694163897144,0.0782949524000287,0.06742774276062846,0.17146158032119274
2026-04-23 07:31:22.600,3509418.7823859705,779145.9255507326,5250979.337453501,-44341.60403715525,36.42789295168608,-0.03784030210226774,-0.030039622215554118,0.021098991855978966
2026-04-23 07:31:22.700,3509418.778692276,779145.9218016715,5250979.345877047,-44345.9623345862,36.44082612183991,-0.03693694248795509,-0.03749061143025756,0.08423545397818089
2026-04-23 07:31:22.800,3509418.7753597586,779145.9206857946,5250979.346075172,-44350.32857575138,36.414975075835024,-0.03332517575472593,-0.011158769484609365,0.0019812490791082382
2026-04-23 07:31:22.900,3509418.7776034153,779145.9142661786,5250979.360869768,-44354.67742861291,36.44038080262717,0.022436566650867462,-0.06419615936465561,0.1479459647089243
2026-04-23 07:31:23.000,3509418.7745960522,779145.9177789775,5250979.371959217,-44359.02594532617,36.44372262459483,-0.03007363062351942,0.03512798924930394,0.11089448817074299
2026-04-23 07:31:23.100,3509418.7711889814,779145.9168444265,5250979.368728545,-44363.386173080245,36.41244118911078,-0.03407070878893137,-0.00934551004320383,-0.0323067232966423
2026-04-23 07:31:23.200,3509418.767229912,779145.9169302117,5250979.374396959,-44367.74362297902,36.39997628696654,-0.039590694941580296,0.0008578517008572817,0.05668414756655693
2026-04-23 07:31:23.300,3509418.7668455136,779145.918421297,5250979.386843275,-44372.0946622266,36.424005752778406,-0.0038439827039837837,0.014910852769389749,0.12446315959095955
2026-04-23 07:31:23.400,3509418.7669377388,779145.9144954346,5250979.386491673,-44376.451910274474,36.42793380838854,0.0009222514927387238,-0.03925862372852862,-0.003516022115945816
2026-04-23 07:31:23.500,3509418.7573800245,779145.9099598449,5250979.382398763,-44380.822271284145,36.44379021462262,-0.09557714220136404,-0.04535589716397226,-0.04092910327017307
2026-04-23 07:31:23.600,3509418.754378697,779145.9088973255,5250979.385006657,-44385.183419109686,36.43387772669239,-0.030013276264071465,-0.010625193826854229,0.02607894130051136
2026-04-23 07:31:23.700,3509418.747933756,779145.9068637447,5250979.38238526,-44389.543250726885,36.436598599167205,-0.06444940809160471,-0.02033580793067813,-0.026213964447379112
2026-04-23 07:31:23.800,3509418.7461993485,779145.9045469945,5250979.3827158995,-44393.90056908274,36.41109640281315,-0.017344076186418533,-0.02316750236786902,0.003306390717625618
2026-04-23 07:31:23.900,3509418.7445302256,779145.9022887311,5250979.387354899,-44398.26459791115,36.39988266322669,-0.01669122837483883,-0.022582634119316936,0.046389997005462646
2026-04-23 07:31:24.000,3509418.739785978,779145.9010507968,5250979.393368928,-44402.62799994322,36.38279850435379,-0.04744247533380985,-0.01237934222444892,0.06014028564095497
2026-04-23 07:31:24.100,3509418.73844464,779145.9005058036,5250979.395994865,-44406.98975789603,36.37247198345592,-0.013413382694125175,-0.0054499320685863495,0.026259375736117363
2026-04-23 07:31:24.200,3509418.7339565433,779145.9014772505,5250979.403204529,-44411.34234346437,36.344500096571025,-0.04488096572458744,0.00971446861512959,0.07209663279354572
2026-04-23 07:31:24.300,3509418.1916564642,779146.8494625493,5250978.651443823,-44416.54058860186,35.973452474557796,-5.423000790178776,9.479852988151833,-7.517607053741813
2026-04-23 07:31:24.400,3509418.1799390973,779146.8585288626,5250978.646765984,-44420.897201560336,36.03889497562211,-0.11717366985976696,0.09066313272342086,-0.046778395771980286
2026-04-23 07:31:24.500,3509418.1830480206,779146.8531626315,5250978.6473471075,-44425.251288932595,35.99251219596419,0.031089233234524727,-0.05366231082007289,0.005811238661408424
2026-04-23 07:31:24.600,3509418.181853772,779146.8520520867,5250978.652288384,-44429.60861659806,35.95848401011161,-0.0119424844160676,-0.011105447774752975,0.04941276274621487
2026-04-23 07:31:24.700,3509418.1806175574,779146.8493916906,5250978.658290509,-44433.96407269706,35.915773624511836,-0.012362147681415081,-0.026603961596265435,0.06002125330269337
2026-04-23 07:31:24.800,3509418.1716499166,779146.8441020368,5250978.654873349,-44438.323670869744,35.89661098693854,-0.08967640809714794,-0.05289653781801462,-0.03417160362005234
2026-04-23 07:31:24.900,3509418.1691120462,779146.8422727778,5250978.650477976,-44442.68011153602,35.87422263288954,-0.025378703139722347,-0.018292589811608195,-0.043953731656074524
2026-04-23 07:31:25.000,3509418.1678119376,779146.8395574394,5250978.65604676,-44447.034873181656,35.85293499213655,-0.013001086190342903,-0.027153383707627654,0.05568784661591053
2026-04-23 07:31:25.100,3509418.1646884857,779146.8386050067,5250978.652730867,-44451.395987777956,35.843460105945496,-0.03123451955616474,-0.009524327469989657,-0.0331589300185442
2026-04-23 07:31:25.200,3509418.162030198,779146.8342469829,5250978.6475767065,-44455.75772711935,35.83518652913538,-0.026582875289022923,-0.04358023754321039,-0.051541607826948166
2026-04-23 07:31:25.300,3509418.157591729,779146.8291895657,5250978.6414511055,-44460.11825537499,35.816656677995404,-0.04438469186425209,-0.050574172055348754,-0.061256010085344315
2026-04-23 07:31:25.400,3509418.1540029105,779146.8281314931,5250978.6401128955,-44464.475851711824,35.78774955604844,-0.035888184793293476,-0.010580726666375995,-0.013382099568843842
2026-04-23 07:31:25.500,3509418.153397444,779146.8255392499,5250978.639028604,-44468.840736102655,35.76438477006561,-0.006054663099348545,-0.02592243137769401,-0.010842913761734962
2026-04-23 07:31:25.600,3509418.154257179,779146.8224000443,5250978.638725386,-44473.199946805966,35.73460859686518,0.008597346022725105,-0.031392056262120605,-0.0030321814119815826
2026-04-23 07:31:25.700,3509418.1555012693,779146.8226544101,5250978.6415014,-44477.559476468086,35.708138813177634,0.012440904974937439,0.00254365848377347,0.027760136872529984
2026-04-23 07:31:25.800,3509418.155416593,779146.8229679816,5250978.63845042,-44481.91688153938,35.67921617782521,-0.0008467631414532661,0.003135714214295149,-0.030509792268276215
2026-04-23 07:31:25.900,3509418.1500013447,779146.8171901767,5250978.629298304,-44486.289796311496,35.665538524582175,-0.05415248218923807,-0.0577780487947166,-0.09152116253972054
2026-04-23 07:31:26.000,3509418.1500161733,779146.8151002034,5250978.63389459,-44490.656638870896,35.679919078062575,0.0001482851803302765,-0.020899733062833548,0.045962855219841
2026-04-23 07:31:26.100,3509418.153712323,779146.8134389422,5250978.640694367,-44495.016038240145,35.6838875251646,0.03696149680763483,-0.01661261194385588,0.06799777038395405
2026-04-23 07:31:26.200,3509418.1558949114,779146.8092264384,5250978.642006984,-44499.376168921095,35.65814893541901,0.021825884468853474,-0.042125037871301174,0.013126172125339508
2026-04-23 07:31:26.300,3509418.1581223025,779146.8062452972,5250978.639835034,-44503.73494850965,35.58692494418603,0.02227391116321087,-0.02981141209602356,-0.02171950414776802
2026-04-23 07:31:26.400,3509418.1589322337,779146.8012625369,5250978.636974376,-44508.09685542737,35.552765805704794,0.008099311962723732,-0.04982760292477906,-0.028606578707695007
2026-04-23 07:31:26.500,3509418.1623768983,779146.8011013779,5250978.639370547,-44512.464934161915,35.53982456191514,0.034446646459400654,-0.0016115896869450808,0.023961709812283516
2026-04-23 07:31:26.600,3509418.164672083,779146.8004357934,5250978.639605167,-44516.8379391334,35.501907307501675,0.022951848804950714,-0.006655845791101456,0.002346206456422806
2026-04-23 07:31:26.700,3509418.1556743365,779146.7986617975,5250978.6396753285,-44521.21209586061,35.45229843579065,-0.08997746743261814,-0.017739958129823208,0.0007016118615865707
2026-04-23 07:31:26.800,3509418.1580914,779146.796038649,5250978.643568842,-44525.57076683904,35.42435669616814,0.024170633405447006,-0.026231484953314066,0.03893513232469559
2026-04-23 07:31:26.900,3509418.158262151,779146.7932021294,5250978.647702585,-44529.92986614791,35.4108711914341,0.0017075100913643837,-0.02836519619449973,0.04133743233978748
2026-04-23 07:31:27.000,3509418.159264157,779146.7945613314,5250978.653762348,-44534.28456738755,35.36526650826857,0.010020062327384949,0.01359201967716217,0.060597630217671394
2026-04-23 07:31:27.100,3509418.165863594,779146.7985809018,5250978.663976235,-44538.63188550851,35.30810794746102,0.06599436979740858,0.04019570420496166,0.10213887318968773
2026-04-23 07:31:27.200,3509418.164105853,779146.8025750462,5250978.679430108,-44542.980674858765,35.285968914262824,-0.017577409744262695,0.039941443828865886,0.1545387227088213
2026-04-23 07:31:27.300,3509418.171244853,779146.7999768363,5250978.681654476,-44547.34167176083,35.21280636540226,0.07139000110328197,-0.025982098886743188,0.02224368043243885
2026-04-23 07:31:27.400,3509418.178643954,779146.7981662352,5250978.685412814,-44551.70444826623,35.17813896568891,0.07399100810289383,-0.018106010975316167,0.03758338280022144
2026-04-23 07:31:27.500,3509418.1810209383,779146.797978888,5250978.687055819,-44556.06202887697,35.11820863062506,0.023769843392074108,-0.001873471774160862,0.016430048272013664
2026-04-23 07:31:27.600,3509418.1893376373,779146.7962464152,5250978.679471934,-44560.42064158641,35.029158117190164,0.0831669894978404,-0.017324727959930897,-0.0758388452231884
2026-04-23 07:31:27.700,3509418.9684718815,779146.4921960122,5250978.028491732,-44564.61732961037,34.31656821237026,7.791342441923916,-3.0405040306504816,-6.509802024811506
2026-04-23 07:31:27.800,3509418.830282014,779146.544671406,5250978.149104962,-44569.00294921097,39.969220117053084,-1.381898676045239,0.5247539386618882,1.2061323039233685
2026-04-23 07:31:27.900,3509418.8290290083,779146.5446124627,5250978.151613738,-44573.36151382616,39.93919618075591,-0.012530055828392506,-0.0005894328933209181,0.025087762624025345
2026-04-23 07:31:28.000,3509418.8329005754,779146.5466243367,5250978.1751745595,-44577.71402699442,39.9057242460633,0.03871567081660032,0.020118739921599627,0.23560821078717709
2026-04-23 07:31:28.100,3509418.8294145255,779146.5502634402,5250978.176082293,-44582.080101244865,39.830649550895764,-0.034860498271882534,0.03639103495515883,0.00907733105123043
2026-04-23 07:31:28.200,3509419.2561648055,779146.3819421501,5250977.823730488,-44586.349064153444,34.407067089359856,4.267502799630165,-1.6832129016984254,-3.523518042638898
2026-04-23 07:31:28.300,3509418.8336836426,779146.5482339789,5250978.1947232,-44590.79612084336,39.729141754828674,-4.224811629392207,1.662918288493529,3.7099271174520254
2026-04-23 07:31:28.400,3509418.8369739098,779146.5444879348,5250978.198204954,-44595.153325122286,39.66732964149478,0.032902671955525875,-0.03746044123545289,0.034817541018128395
2026-04-23 07:31:28.500,3509419.461882107,779146.3002334571,5250977.673568134,-44599.383474115384,34.66727661123685,6.249081972055137,-2.4425447767134756,-5.246368199586868
2026-04-23 07:31:28.600,3509419.4848976107,779146.2939747868,5250977.661869667,-44603.72954192579,34.668652308523455,0.23015503771603107,-0.06258670357055962,-0.11698467656970024
2026-04-23 07:31:28.700,3509419.504278544,779146.2914486947,5250977.65521035,-44608.07585608102,34.6410118653997,0.193809331394732,-0.025260921102017164,-0.06659316830337048
2026-04-23 07:31:28.800,3509419.507116039,779146.2892906375,5250977.647906687,-44612.434046890274,34.641218488932715,0.02837494947016239,-0.02158057177439332,-0.07303662598133087
2026-04-23 07:31:28.900,3509419.5174810723,779146.2818437815,5250977.63592804,-44616.79113105221,34.644982323815825,0.10365033522248268,-0.07446856005117297,-0.11978646740317345
2026-04-23 07:31:29.000,3509418.4974475643,779146.3818110812,5250973.186657098,-44623.899673112406,34.38132982842223,-10.200335080735385,0.99967299727723,-44.49270942248404
2026-04-23 07:31:29.100,3509418.501876847,779146.3804999731,5250973.186769401,-44628.25922859014,34.37692512938266,0.04429282620549202,-0.013111081207171082,0.0011230260133743286
2026-04-23 07:31:29.200,3509419.4640340353,779146.2882411893,5250977.33443197,-44630.04757907641,33.86859481014612,9.62157188449055,-0.9225878375582397,41.47662568837404
2026-04-23 07:31:29.300,3509419.4835007307,779146.2848936883,5250977.3998768935,-44634.359487644506,33.98113337165483,0.19466695375740528,-0.033475010422989726,0.6544492393732071
2026-04-23 07:31:29.400,3509419.4892459223,779146.2797353875,5250977.440327966,-44638.695453056716,34.071556552269165,0.05745191592723131,-0.05158300744369626,0.4045107215642929
2026-04-23 07:31:29.500,3509418.508267158,779146.3742421615,5250973.207584021,-44645.68090335025,34.353840111689756,-9.8097876412794,0.9450677398126572,-42.327439449727535
2026-04-23 07:31:29.600,3509418.515890663,779146.3764895987,5250973.214341248,-44650.034989565065,34.34880918489092,0.07623504847288132,0.02247437136247754,0.06757227703928947
2026-04-23 07:31:29.700,3509418.520843939,779146.372052022,5250973.217960654,-44654.39282946646,34.35074929490555,0.0495327590033412,-0.04437576630152762,0.036194054409861565
2026-04-23 07:31:29.800,3509418.514048358,779146.3703068005,5250973.214996696,-44658.76007593822,34.34093989515421,-0.06795580964535475,-0.01745221554301679,-0.029639573767781258
2026-04-23 07:31:29.900,3509418.5114694396,779146.3744555776,5250973.224053561,-44663.11819335695,34.3279578064946,-0.02578918356448412,0.04148777108639479,0.09056864306330681
2026-04-23 07:31:30.000,3509418.516321624,779146.3747288272,5250973.231100842,-44667.4655686321,34.3367530544142,0.04852184560149908,0.002732495777308941,0.07047281600534916
2026-04-23 07:31:30.100,3509418.5136072626,779146.3752739966,5250973.23437595,-44671.832643730435,34.3287465380316,-0.027143615297973156,0.005451694596558809,0.03275107592344284
2026-04-23 07:31:30.200,3509418.514548962,779146.3738806534,5250973.232577197,-44676.19891316238,34.33743082610641,0.009416993707418442,-0.01393343205563724,-0.017987526953220367
2026-04-23 07:31:30.300,3509419.67376404,779146.2567695816,5250978.228027479,-44677.46788394288,35.87774396384363,11.592150782234967,-1.1711107182782143,49.95450281538069
2026-04-23 07:31:30.400,3509419.663292328,779146.2560856694,5250978.190527785,-44681.85064849554,35.72823511705448,-0.10471712332218885,-0.006839121924713254,-0.37499694153666496
2026-04-23 07:31:30.500,3509419.6565557816,779146.2581390528,5250978.1548312055,-44686.23766685202,35.63849802857273,-0.06736546289175749,0.0205338338855654,-0.3569657914340496
2026-04-23 07:31:30.600,3509419.6415262953,779146.2590757982,5250978.107915731,-44690.64285387505,35.52378149359931,-0.15029486268758774,0.009367454331368208,-0.46915474347770214
2026-04-23 07:31:30.700,3509419.635738925,779146.2608190647,5250978.0949396705,-44695.022907502,35.501712882520046,-0.057873702608048916,0.017432664753869176,-0.1297606062144041
2026-04-23 07:31:30.800,3509419.6356769116,779146.2595135801,5250978.103842723,-44699.382515474776,35.51317539848621,-0.0006201351061463356,-0.013054845621809363,0.08903052657842636
2026-04-23 07:31:30.900,3509419.635141334,779146.2595761894,5250978.112489709,-44703.74498425437,35.53913604052523,-0.005355775356292725,0.0006260932423174381,0.0864698551595211
2026-04-23 07:31:31.000,3509419.6352061504,779146.2589198531,5250978.12928973,-44708.10395340132,35.550698558097515,0.0006481632590293884,-0.006563363131135702,0.1680002175271511
2026-04-23 07:31:31.100,3509419.637272677,779146.2615868122,5250978.137106153,-44712.45939332653,35.554863180848216,0.02066526561975479,0.02666959073394537,0.0781642273068428
2026-04-23 07:31:31.200,3509419.6419761814,779146.2644943973,5250978.134559794,-44716.82910533734,35.58094568009561,0.047035044990479946,0.029075851198285818,-0.025463588535785675
2026-04-23 07:31:31.300,3509419.6447674143,779146.263291365,5250978.136212063,-44721.198529479916,35.588009200446365,0.027912328951060772,-0.012030323268845677,0.016522686928510666
2026-04-23 07:31:31.400,3509419.6369568394,779146.2643948231,5250978.138066418,-44725.57898710953,35.553001556131456,-0.0781057495623827,0.011034581111744046,0.0185435451567173
2026-04-23 07:31:31.500,3509418.9065530803,779146.5534798731,5250978.75116358,-44730.115725733485,40.38633831007463,-7.304037590511143,2.8908504999708384,6.1309716291725636
2026-04-23 07:31:31.600,3509418.905571375,779146.5568161112,5250978.757074293,-44734.492642432364,40.42940424752207,-0.009817052632570267,0.0333623809274286,0.05910712294280529
2026-04-23 07:31:31.700,3509419.3425925844,779146.3849589805,5250978.379790289,-44738.77296493125,35.00637876047535,4.370212093926966,-1.7185713071376085,-3.7728400342166424
2026-04-23 07:31:31.800,3509418.8954471727,779146.5558246461,5250978.743996362,-44743.23399243872,40.413701658027925,-4.471454117447138,1.7086566565558314,3.6420607287436724
2026-04-23 07:31:31.900,3509419.2609144454,779146.4115199823,5250978.42760988,-44747.520383685034,34.88582526683317,3.6546727269887924,-1.4430466387420893,-3.163864817470312
2026-04-23 07:31:32.000,3509418.887618445,779146.5588396922,5250978.733335146,-44751.97319782436,40.414028232259035,-3.7329600052908063,1.4731970988214016,3.0572526529431343
2026-04-23 07:31:32.100,3509419.0405013715,779146.493988316,5250978.594633254,-44756.30412833804,34.69050463248397,1.5288292663171887,-0.6485137611161917,-1.3870189152657986
2026-04-23 07:31:32.200,3509419.0604190836,779146.4854127888,5250978.574117045,-44760.65128804355,34.70666955182902,0.19917712081223726,-0.08575527230277658,-0.20516209304332733
2026-04-23 07:31:32.300,3509419.899220781,779145.3457703907,5250979.166460496,-44764.024047468374,40.90118949917563,8.388016973622143,-11.396423981059343,5.923434514552355
2026-04-23 07:31:32.400,3509419.083220503,779146.3074941572,5250978.805261075,-44769.19216714518,38.07553352052059,-8.16000278107822,9.61723766522482,-3.611994218081236
2026-04-23 07:31:32.500,3509419.1038350286,779146.2812901775,5250978.810269648,-44773.5199634396,37.85369893135174,0.20614525768905878,-0.2620397973805666,0.05008573643863201
2026-04-23 07:31:32.600,3509419.1273547933,779146.2496337208,5250978.812969878,-44777.846347882754,37.56955940721904,0.2351976465433836,-0.31656456645578146,0.027002301067113876
2026-04-23 07:31:32.700,3509419.139954629,779146.2291265482,5250978.807812564,-44782.18820816679,37.40853538359221,0.12599835637956858,-0.2050717268139124,-0.051573142409324646
2026-04-23 07:31:32.800,3509419.1587843825,779146.2025460752,5250978.813950022,-44786.52435931485,37.21166820171994,0.18829753622412682,-0.265804729424417,0.06137457676231861
2026-04-23 07:31:32.900,3509419.169380176,779146.1866159925,5250978.8146352535,-44790.8657915852,37.06900668652992,0.1059579337015748,-0.1593008276540786,0.006852317601442337
2026-04-23 07:31:33.000,3509419.18271893,779146.1690304748,5250978.817984483,-44795.20224872487,36.94093486543898,0.13338753953576088,-0.17585517605766654,0.03349229693412781
2026-04-23 07:31:33.100,3509419.1887069484,779146.1620626957,5250978.822066805,-44799.53871477622,36.894189561236836,0.05988018587231636,-0.06967779132537544,0.04082322120666504
2026-04-23 07:31:33.200,3509419.1953856247,779146.1553847089,5250978.823023933,-44803.87811483468,36.84902101504563,0.0667867623269558,-0.0667798682115972,0.009571276605129242
2026-04-23 07:31:33.300,3509419.1946173073,779146.1563873702,5250978.824935482,-44808.22721223285,36.842126031941596,-0.007683173753321171,0.01002661301754415,0.019115488976240158
2026-04-23 07:31:33.400,3509419.1932318364,779146.1567398708,5250978.82515975,-44812.579426037344,36.83322416629119,-0.013854708522558212,0.0035250058863312006,0.002242680639028549
2026-04-23 07:31:33.500,3509419.1922760205,779146.1601300947,5250978.8232810795,-44816.94019012974,36.8406579234453,-0.009558158926665783,0.03390223952010274,-0.018786704167723656
2026-04-23 07:31:33.600,3509419.844620362,779145.3869702424,5250979.104494577,-44820.64568887945,41.1007435355839,6.523443413898349,-7.731598523678258,2.812134977430105
2026-04-23 07:31:33.700,3509419.0404875665,779146.337971012,5250978.753863116,-44825.80136616305,38.16539132722807,-8.041327954269946,9.51000769622624,-3.506314614787698
2026-04-23 07:31:33.800,3509419.050391024,779146.3279590795,5250978.759933549,-44830.14895091243,38.04574178305179,0.0990345748141408,-0.10011932463385165,0.06070433184504509
2026-04-23 07:31:33.900,3509419.036973715,779146.3424425866,5250978.758764896,-44834.52462185129,38.13141383878204,-0.13417309150099754,0.14483507024124265,-0.011686533689498901
2026-04-23 07:31:34.000,3509419.0354512087,779146.3437148251,5250978.761374522,-44838.8875143101,38.16596713371295,-0.0152250612154603,0.012722385581582785,0.026096263900399208
2026-04-23 07:31:34.100,3509419.8299777014,779145.4005823279,5250979.109286556,-44842.46005336501,41.18646830236148,7.945264927111566,-9.431324972538278,3.4791203401982784
2026-04-23 07:31:34.200,3509419.034676593,779146.3462403474,5250978.770682674,-44847.60900255929,38.186671064792215,-7.9530110862106085,9.456580195110291,-3.3860388211905956
2026-04-23 07:31:34.300,3509419.0752761685,779146.2989700922,5250978.791481453,-44851.92125693989,37.81332317568461,0.40599575731903315,-0.4727025516331196,0.20798779092729092
2026-04-23 07:31:34.400,3509419.1038511638,779146.2667128462,5250978.804429921,-44856.25879232427,37.57384913785037,0.2857499523088336,-0.32257245969958603,0.12948468327522278
2026-04-23 07:31:34.500,3509419.104492243,779146.2639919249,5250978.806739097,-44860.62069325449,37.57834232899782,0.006410791538655758,-0.027209213003516197,0.023091761395335197
2026-04-23 07:31:34.600,3509419.105265064,779146.2648778636,5250978.807735878,-44864.98823707957,37.60441801432742,0.007728212513029575,0.008859386434778571,0.009967805817723274
2026-04-23 07:31:34.700,3509419.113847606,779146.2573776249,5250978.812470411,-44869.35368183764,37.594658148406914,0.08582541719079018,-0.07500238716602325,0.04734532907605171
2026-04-23 07:31:34.800,3509419.122483416,779146.2476285374,5250978.817558027,-44873.712352566596,37.565055137288105,0.08635810110718012,-0.09749087505042553,0.050876159220933914
2026-04-23 07:31:34.900,3509419.1322225714,779146.2367963974,5250978.819678376,-44878.07140200766,37.509582051893375,0.09739155415445566,-0.10832139989361167,0.02120349556207657
2026-04-23 07:31:35.000,3509419.139844372,779146.2293218137,5250978.819050645,-44882.441112154476,37.475804455400485,0.07621800526976585,-0.07474583690054715,-0.0062773097306489944
2026-04-23 07:31:35.100,3509419.1416203403,779146.2291955322,5250978.821464793,-44886.809547368306,37.47502414652097,0.017759683541953564,-0.0012628152035176754,0.024141473695635796
2026-04-23 07:31:35.200,3509419.1474874103,779146.2244090916,5250978.823065713,-44891.17402862779,37.46857419371447,0.058670700527727604,-0.047864405205473304,0.016009202226996422
2026-04-23 07:31:35.300,3509419.15213602,779146.2194289864,5250978.821271552,-44895.54248180194,37.48808316627284,0.046486095525324345,-0.04980105208232999,-0.017941612750291824
2026-04-23 07:31:35.400,3509419.1603199965,779146.2110532649,5250978.818511351,-44899.91017300202,37.48753979241348,0.08183976635336876,-0.08375721517950296,-0.02760200761258602
2026-04-23 07:31:35.500,3509419.165899772,779146.2075276286,5250978.823612541,-44904.27624923853,37.4774926890938,0.055797756649553776,-0.035256362752988935,0.05101189948618412
2026-04-23 07:31:35.600,3509419.170740248,779146.2058705349,5250978.820336344,-44908.65402992405,37.489464363007876,0.04840475972741842,-0.016570937586948276,-0.03276197239756584
2026-04-23 07:31:35.700,3509419.1804033313,779146.1988085206,5250978.823852527,-44913.02060797496,37.470130595199315,0.09663083124905825,-0.0706201430875808,0.035161832347512245
2026-04-23 07:31:35.800,3509419.190133684,779146.1900605033,5250978.820305378,-44917.38931960706,37.45745452755228,0.097303525544703,-0.08748017251491547,-0.035471487790346146
2026-04-23 07:31:35.900,3509419.919844368,779145.3290589313,5250979.132804562,-44921.03895767618,41.1308510799728,7.29710684157908,-8.610015719896182,3.1249918416142464
2026-04-23 07:31:36.000,3509419.2962488593,779146.0758523026,5250978.8625951875,-44926.0407596,36.694009456212655,-6.235955087468028,7.4679337127599865,-2.7020937483757734
2026-04-23 07:31:36.100,3509419.3095866414,779146.0618818776,5250978.865193973,-44930.4135238371,36.66032277366046,0.13337782118469477,-0.1397042500320822,0.025987857952713966
2026-04-23 07:31:36.200,3509419.3437357373,779146.0228261066,5250978.876048401,-44934.76002495,36.455460681037614,0.3414909588173032,-0.3905577096156776,0.10854427702724934
2026-04-23 07:31:36.300,3509420.1484877523,779145.4130021943,5250978.255240975,-44938.89961899511,35.78491683596129,8.0475201504305,-6.0982391238212585,-6.208074260503054
2026-04-23 07:31:36.400,3509420.183146,779145.3866453546,5250978.244660306,-44943.26002911589,35.73325469421044,0.34658247604966164,-0.2635683969128877,-0.10580669157207012
2026-04-23 07:31:36.500,3509420.206357183,779145.3690471761,5250978.236378714,-44947.62102703772,35.7032666959121,0.2321118302643299,-0.17598178470507264,-0.08281591348350048
2026-04-23 07:31:36.600,3509420.225152006,779145.3568526519,5250978.221596614,-44951.984790066505,35.73968340322779,0.18794822972267866,-0.12194524169899523,-0.1478209998458624
2026-04-23 07:31:36.700,3509420.252482133,779145.3402326372,5250978.212795036,-44956.35345804366,35.75507966367851,0.2733012707903981,-0.16620014677755535,-0.08801578544080257
2026-04-23 07:31:36.800,3509420.27345727,779145.3280988015,5250978.202373585,-44960.73761698494,35.795085244553405,0.20975137129426003,-0.12133835698477924,-0.10421451181173325
2026-04-23 07:31:36.900,3509420.290350019,779145.3129826227,5250978.189747269,-44965.12788270728,35.84164618535299,0.168927488848567,-0.15116178896278143,-0.12626315467059612
2026-04-23 07:31:37.000,3509420.307733336,779145.3025505247,5250978.175726648,-44969.50469951849,35.88155583041152,0.1738331699743867,-0.10432097944431007,-0.14020620845258236
2026-04-23 07:31:37.100,3509420.3263410972,779145.2907475958,5250978.160979477,-44973.879160102355,35.93067919407369,0.186077612452209,-0.1180292887147516,-0.1474717166274786
2026-04-23 07:31:37.200,3509420.335514248,779145.2839677831,5250978.14639565,-44978.26185745668,36.00842443475177,0.09173150639981031,-0.0677981274202466,-0.1458382699638605
2026-04-23 07:31:37.300,3509420.3444322674,779145.2776001781,5250978.137622168,-44982.638576843325,36.08693354098459,0.08918019477277994,-0.0636760494671762,-0.08773481473326683
2026-04-23 07:31:37.400,3509420.3525696825,779145.2723467214,5250978.125110131,-44987.0151516956,36.147841532143,0.08137415163218975,-0.05253456765785813,-0.1251203753054142
2026-04-23 07:31:37.500,3509420.3643030683,779145.2631256174,5250978.110130943,-44991.3871973046,36.21382295801114,0.11733385734260082,-0.09221103973686695,-0.1497918739914894
2026-04-23 07:31:37.600,3509420.3724936973,779145.2576223203,5250978.099010068,-44995.7726394712,36.258985201409594,0.08190629072487354,-0.0550329708494246,-0.11120875366032124
2026-04-23 07:31:37.700,3509420.383255862,779145.2501903324,5250978.086069652,-45000.15475893069,36.29736764732544,0.1076216483488679,-0.07431987905874848,-0.12940416112542152
2026-04-23 07:31:37.800,3509420.392630578,779145.2425975979,5250978.074908595,-45004.53382045361,36.332180951065766,0.09374715853482485,-0.07592734531499445,-0.11161057278513908
2026-04-23 07:31:37.900,3509420.4043875225,779145.2341392363,5250978.063367784,-45008.906149900475,36.36100404853094,0.11756944470107555,-0.08458361611701548,-0.11540810577571392
2026-04-23 07:31:38.000,3509420.4140309356,779145.2257253724,5250978.051913783,-45013.28170517949,36.397056220089794,0.09643413126468658,-0.08413863833993673,-0.11454001069068909
2026-04-23 07:31:38.100,3509420.4239936345,779145.219532017,5250978.043943992,-45017.65878443812,36.420557660252406,0.0996269891038537,-0.061933554243296385,-0.07969791069626808
2026-04-23 07:31:38.200,3509420.4349712925,779145.2123504269,5250978.035248146,-45022.03590252715,36.44735437044046,0.10977657977491617,-0.07181590073741972,-0.08695845492184162
2026-04-23 07:31:38.300,3509420.441779132,779145.207218688,5250978.025743238,-45026.41175868757,36.47795351061056,0.06807839497923851,-0.05131738958880305,-0.09504908695816994
2026-04-23 07:31:38.400,3509420.443917304,779145.2024260394,5250978.018239727,-45030.79085986273,36.51945576173172,0.02138171810656786,-0.04792648600414395,-0.0750351045280695
2026-04-23 07:31:38.500,3509420.4487032793,779145.196701178,5250978.005747834,-45035.17603105156,36.58471079896058,0.04785975441336632,-0.057248614029958844,-0.12491893023252487
2026-04-23 07:31:38.600,3509420.4569529626,779145.1918752604,5250977.996787829,-45039.552644580006,36.59525219970309,0.08249683305621147,-0.04825917538255453,-0.08960004895925522
2026-04-23 07:31:38.700,3509420.46865373,779145.1863581388,5250977.991385026,-45043.911077878154,36.617060322692474,0.11700767558068037,-0.05517121637240052,-0.05402803421020508
2026-04-23 07:31:38.800,3509420.4664323498,779145.1834626199,5250977.984399148,-45048.26665397487,36.65994639065533,-0.022213803604245186,-0.028955189045518637,-0.06985877640545368
2026-04-23 07:31:38.900,3509420.467045969,779145.1729551576,5250977.97264617,-45052.64153145797,36.704999102055886,0.006136191077530384,-0.10507462313398719,-0.11752977967262268
2026-04-23 07:31:39.000,3509420.4638512675,779145.1658808335,5250977.961316951,-45057.0206607451,36.757348232547024,-0.031947013922035694,-0.0707432406488806,-0.11329219676554203
2026-04-23 07:31:39.100,3509420.460830939,779145.1620063646,5250977.954297846,-45061.40094558584,36.797999457953395,-0.030203284695744514,-0.03874468966387212,-0.07019104436039925
2026-04-23 07:31:39.200,3509420.4633973558,779145.1570311431,5250977.943819369,-45065.78411784638,36.801514702556524,0.02566416747868061,-0.04975221469067037,-0.10478476993739605
2026-04-23 07:31:39.300,3509420.4674438974,779145.1535057072,5250977.937270038,-45070.16399209219,36.783279606993055,0.04046541638672352,-0.03525435924530029,-0.06549331359565258
2026-04-23 07:31:39.400,3509420.4679206028,779145.1497098579,5250977.935132686,-45074.53846546465,36.78585225411606,0.004767053760588169,-0.03795849275775254,-0.02137351781129837
2026-04-23 07:31:39.500,3509420.470407519,779145.1429140865,5250977.930649451,-45078.91749246258,36.811401080765535,0.0248691625893116,-0.06795771420001984,-0.04483235068619251
2026-04-23 07:31:39.600,3509420.4730706303,779145.1417230194,5250977.928320076,-45083.30085526087,36.819533120407165,0.02663111314177513,-0.011910670436918736,-0.023293746635317802
2026-04-23 07:31:39.700,3509420.479193125,779145.1389855621,5250977.9257038245,-45087.678712067616,36.8137967916547,0.061224945820868015,-0.02737457281909883,-0.026162518188357353
2026-04-23 07:31:39.800,3509420.48593861,779145.1348947028,5250977.925071795,-45092.04096027165,36.805492640587275,0.06745485123246908,-0.0409085932187736,-0.006320299580693245
2026-04-23 07:31:39.900,3509425.945977421,779148.4610266415,5250981.004003698,-45091.75746800764,35.21874108343299,54.60038810968399,33.26131938723847,30.789319034665823
2026-04-23 07:31:40.000,3509425.9509194735,779148.4583405318,5250981.000334313,-45096.117051513065,35.21336430791192,0.04942052531987429,-0.026861097430810332,-0.03669384866952896
2026-04-23 07:31:40.100,3509420.170977514,779144.9322109752,5250977.734566942,-45105.40237535278,37.70014837599153,-57.79941959772259,-35.26129556586966,-32.657673712819815
2026-04-23 07:31:40.200,3509420.127235651,779144.9053966003,5250977.707801237,-45109.80830178171,37.84572279819252,-0.4374186275526881,-0.26814374956302345,-0.26765705086290836
2026-04-23 07:31:40.300,3509425.9712974085,779148.4651396524,5250981.007828153,-45109.205109472976,35.17894871090691,58.44061757437885,35.59743052115664,33.000269159674644
2026-04-23 07:31:40.400,3509425.969039504,779148.4668255476,5250981.008843538,-45113.57878222184,35.206485962760844,-0.02257904503494501,0.016858952585607767,0.010153856128454208
2026-04-23 07:31:40.500,3509425.972124191,779148.4682093853,5250981.010789345,-45117.9392335569,35.21940714393749,0.030846870504319668,0.013838376617059112,0.019458066672086716
2026-04-23 07:31:40.600,3509425.9805597113,779148.4726299949,5250981.014728334,-45122.292241177536,35.23380682905858,0.08435520343482494,0.044206095626577735,0.03938988782465458
2026-04-23 07:31:40.700,3509425.9874069397,779148.4734378045,5250981.010633376,-45126.65795002321,35.23877761410067,0.06847228389233351,0.008078096434473991,-0.04094957374036312
2026-04-23 07:31:40.800,3509425.9859445035,779148.4757489365,5250981.00619041,-45131.03602180989,35.24567899541988,-0.01462436281144619,0.02311132033355534,-0.04442966543138027
2026-04-23 07:31:40.900,3509425.9909291863,779148.4775909843,5250981.005939074,-45135.407655659175,35.234897064598734,0.049846828915178776,0.018420477863401175,-0.002513360232114792
2026-04-23 07:31:41.000,3509425.99515983,779148.4775827717,5250981.0063606985,-45139.77365745353,35.22063590823766,0.042306436225771904,-8.212635293602943e-05,0.00421624630689621
2026-04-23 07:31:41.100,3509425.9996206537,779148.4817318681,5250981.001826271,-45144.134902700906,35.20257171534445,0.044608237221837044,0.0414909643586725,-0.0453442707657814
2026-04-23 07:31:41.200,3509426.001208462,779148.4810963107,5250980.995439271,-45148.499295954476,35.20511510303088,0.01587808132171631,-0.0063555745873600245,-0.06386999972164631
2026-04-23 07:31:41.300,3509425.993372742,779148.4855872578,5250980.994448277,-45152.87595272988,35.24077694268616,-0.07835719734430313,0.044909471180289984,-0.009909942746162415
2026-04-23 07:31:41.400,3509425.992748167,779148.4892055002,5250980.996673087,-45157.24747544704,35.2401213445669,-0.006245751865208149,0.036182424519211054,0.022248094901442528
2026-04-23 07:31:41.500,3509425.984357673,779148.4871010497,5250980.993265187,-45161.628006850384,35.23863121235483,-0.0839049369096756,-0.021044504828751087,-0.034078992903232574
2026-04-23 07:31:41.600,3509425.978369564,779148.490276917,5250980.993210157,-45166.01546344084,35.249822969929724,-0.05988109391182661,0.031758672557771206,-0.0005502998828887939
2026-04-23 07:31:41.700,3509425.9693676913,779148.4930065331,5250980.992165603,-45170.40339081234,35.256522436895175,-0.0900187250226736,0.0272961612790823,-0.010445546358823776
2026-04-23 07:31:41.800,3509425.954144329,779148.4962476885,5250980.990816201,-45174.80073411118,35.283174148834895,-0.15223362483084202,0.03241155412979424,-0.013494016602635384
2026-04-23 07:31:41.900,3509425.94150882,779148.4973623006,5250980.990215803,-45179.19465842501,35.302649326379075,-0.1263550901785493,0.011146120959892869,-0.006003985181450844
2026-04-23 07:31:42.000,3509425.9243875127,779148.4988699612,5250980.992880653,-45183.59123845696,35.29601918283984,-0.17121307086199522,0.015076606068760157,0.026648500934243202
2026-04-23 07:31:42.100,3509425.9060693774,779148.5030070258,5250980.990420892,-45187.9940817472,35.331750214473274,-0.18318135291337967,0.04137064563110471,-0.02459760755300522
2026-04-23 07:31:42.200,3509425.887315154,779148.5050040133,5250980.987572412,-45192.39316916251,35.34619745717785,-0.18754223361611366,0.019969874992966652,-0.028484798967838287
2026-04-23 07:31:42.300,3509419.0653787726,779145.5283177003,5250978.780287573,-45201.851953574864,34.4994468507479,-68.21936381515115,-29.766863130498677,-22.072848388925195
2026-04-23 07:31:42.400,3509419.0400790153,779145.5303034928,5250978.777783914,-45206.27188813712,34.559286772920096,-0.2529975725337863,0.019857925362885,-0.02503659576177597
2026-04-23 07:31:42.500,3509419.0173630863,779145.5323704616,5250978.777267067,-45210.690250356995,34.606583498747106,-0.22715928964316845,0.020669688237830997,-0.00516846776008606
2026-04-23 07:31:42.600,3509418.9869481656,779145.5289378036,5250978.769813242,-45215.10569838877,34.651203047489,-0.3041492076590657,-0.034326580353081226,-0.07453824393451214
2026-04-23 07:31:42.700,3509418.9744724077,779145.5345218506,5250978.773081246,-45219.50766291564,34.669547478984846,-0.12475757859647274,0.055840470595285296,0.03268003463745117
2026-04-23 07:31:42.800,3509418.9658647925,779145.5443905101,5250978.774213476,-45223.923334745654,34.6590183750673,-0.08607615251094103,0.09868659428320825,0.011322302743792534
2026-04-23 07:31:42.900,3509418.9523306107,779145.548094744,5250978.771223538,-45228.34340110194,34.664528164618154,-0.13534181751310825,0.03704233909957111,-0.029899384826421738
2026-04-23 07:31:43.000,3509418.9309118884,779145.5441799451,5250978.760512929,-45232.762894375366,34.69250182640836,-0.21418722346425056,-0.03914798842743039,-0.10710608214139938
2026-04-23 07:31:43.100,3509418.915183898,779145.545563703,5250978.750069122,-45237.18188882757,34.69531209351422,-0.15727990306913853,0.013837579172104597,-0.10443807579576969
2026-04-23 07:31:43.200,3509418.8925209614,779145.543187882,5250978.741571822,-45241.60084004042,34.69326552631646,-0.22662936709821224,-0.023758210008963943,-0.08497299626469612
2026-04-23 07:31:43.300,3509418.266934718,779146.1582400985,5250979.201872541,-45246.204227658876,38.56162735592144,-6.255862433463335,6.150522164534777,4.60300718434155
2026-04-23 07:31:43.400,3509418.2549410253,779146.1568774203,5250979.198932194,-45250.61573226647,38.60420127730632,-0.11993692722171545,-0.013626782456412911,-0.02940346486866474
2026-04-23 07:31:43.500,3509418.3686285214,779146.0465864268,5250979.113001521,-45254.98557906594,33.17421828890697,1.1368749616667628,-1.102909934706986,-0.8593067340552807
2026-04-23 07:31:43.600,3509418.2406763243,779146.1688810384,5250979.194446409,-45259.431326541206,38.64085443003227,-1.2795219710096717,1.2229461164679378,0.8144488837569952
2026-04-23 07:31:43.700,3509418.224413224,779146.1691396507,5250979.190043822,-45263.84180628369,38.69752777919697,-0.16263100318610668,0.0025861221365630627,-0.04402587190270424
2026-04-23 07:31:43.800,3509418.21327539,779146.1698831538,5250979.190284755,-45268.24935975948,38.734412732595295,-0.11137833818793297,0.0074350310023874044,0.002409331500530243
2026-04-23 07:31:43.900,3509418.1975900903,779146.1686627395,5250979.185923795,-45272.66102151813,38.772815604626025,-0.1568529987707734,-0.012204142985865474,-0.04360959865152836
2026-04-23 07:31:44.000,3509418.0994961695,779146.2506911685,5250979.242974491,-45277.09902504258,33.29975896314076,-0.9809392085298896,0.8202842902392149,0.5705069564282894
2026-04-23 07:31:44.100,3509418.080668404,779146.2645886713,5250979.251222291,-45281.502650011214,33.34993061817413,-0.18827765248715878,0.13897502794861794,0.08247800171375275
2026-04-23 07:31:44.200,3509418.066590675,779146.2819468126,5250979.265915129,-45285.902906757554,33.38655547351221,-0.1407772907987237,0.17358141369186342,0.14692838303744793
2026-04-23 07:31:44.300,3509418.046684475,779146.3015462166,5250979.277224565,-45290.3041874992,33.41654043174386,-0.19906200002878904,0.19599403953179717,0.11309435591101646
2026-04-23 07:31:44.400,3509416.918992998,779146.4171105633,5250974.53977114,-45297.65126649241,32.36688999921014,-11.276914770714939,1.1556434666272253,-47.374534253031015
2026-04-23 07:31:44.500,3509417.9712329265,779146.3450304833,5250979.18228125,-45299.17631945433,33.22478725878431,10.52239928394556,-0.720800799317658,46.42510110512376
2026-04-23 07:31:44.600,3509416.8612616896,779146.4652274686,5250974.516506026,-45306.47429388698,32.35929641649471,-11.099712369032204,1.2019698531366885,-46.6577522456646
2026-04-23 07:31:44.700,3509417.9453440723,779146.3940303683,5250979.275072915,-45307.93560580886,33.46905085517599,10.840823827311397,-0.7119710033293813,47.585668889805675
2026-04-23 07:31:44.800,3509417.9513953757,779146.4102560047,5250979.382691524,-45312.27850608287,33.73541889883302,0.0605130335316062,0.16225636354647577,1.0761860944330692
2026-04-23 07:31:44.900,3509416.797449366,779146.5331328611,5250974.509835443,-45319.702080007184,32.343200606767375,-11.53946009464562,1.228768564760685,-48.72856080532074
2026-04-23 07:31:45.000,3509417.8772782055,779146.4573204769,5250979.2418410685,-45321.173587324716,33.39606069915895,10.798288392834365,-0.7581238425336778,47.320056250318885
2026-04-23 07:31:45.100,3509417.841891987,779146.4746622005,5250979.160140766,-45325.63350447395,33.20863889427453,-0.35386218689382076,0.17341723665595055,-0.8170030266046524
2026-04-23 07:31:45.200,3509417.8249792987,779146.4992199795,5250979.140342586,-45330.05131046676,33.13715316982584,-0.1691268803551793,0.24557778961025178,-0.1979818008840084
2026-04-23 07:31:45.300,3509417.81666013,779146.5213754178,5250979.1741521945,-45334.43340051086,33.20366424247148,-0.08319168817251921,0.22155438316985965,0.3380960877984762
2026-04-23 07:31:45.400,3509417.80628938,779146.5473481871,5250979.216495373,-45338.814803739064,33.30175798194476,-0.10370749980211258,0.25972769246436656,0.42343178763985634
2026-04-23 07:31:45.500,3509417.7945194463,779146.5693945875,5250979.253167208,-45343.19151593327,33.40920306216418,-0.11769933626055717,0.22046400466933846,0.36671834997832775
2026-04-23 07:31:45.600,3509418.090207983,779146.2862489221,5250979.05741692,-45347.47576143464,38.60071163511752,2.9568853648379445,-2.831456654239446,-1.9575028866529465
2026-04-23 07:31:45.700,3509417.478253218,779146.9185901766,5250979.56418069,-45352.0560311967,34.848021229402654,-6.119547649286687,6.323412545025349,5.067637702450156
2026-04-23 07:31:45.800,3509417.4999499354,779146.9134369516,5250979.577417422,-45356.434693264746,34.800856330620306,0.21696717478334904,-0.05153225036337972,0.13236732222139835
2026-04-23 07:31:45.900,3509417.510042674,779146.917575013,5250979.584539362,-45360.82041367017,34.76657744005182,0.10092738550156355,0.04138061427511275,0.07121940143406391
2026-04-23 07:31:46.000,3509417.4840099635,779146.9509231756,5250979.6113379225,-45365.23076112334,34.91169256621723,-0.2603271044790745,0.3334816254209727,0.2679856028407812
2026-04-23 07:31:46.100,3509417.4746576725,779146.9715658957,5250979.631226814,-45369.63238826217,35.01737272570906,-0.09352291002869606,0.206427201628685,0.19888891838490963
2026-04-23 07:31:46.200,3509417.470731357,779146.9846384993,5250979.634668948,-45374.04169663644,35.03387128722505,-0.039263153448700905,0.13072603615000844,0.03442133776843548
2026-04-23 07:31:46.300,3509417.4643004253,779146.9914049574,5250979.629451782,-45378.462040438906,34.97327318062868,-0.06430931854993105,0.06766458041965961,-0.05217165686190128
2026-04-23 07:31:46.400,3509417.4636709928,779146.9963937069,5250979.623813095,-45382.882724381816,34.93551069472376,-0.006294324994087219,0.04988749511539936,-0.056386878713965416
2026-04-23 07:31:46.500,3509417.466052412,779146.9990828971,5250979.61965436,-45387.28433032521,34.89742668400917,0.023814192973077297,0.026891902089118958,-0.0415873434394598
2026-04-23 07:31:46.600,3509417.4707472585,779147.0001053681,5250979.613596684,-45391.68340642056,34.85736865061146,0.04694846458733082,0.010224709985777736,-0.06057675927877426
2026-04-23 07:31:46.700,3509417.471499076,779147.0010086781,5250979.6082392605,-45396.09561425497,34.822199747554755,0.0075181759893894196,0.009033100213855505,-0.05357423797249794
2026-04-23 07:31:46.800,3509417.4725823742,779146.9976141824,5250979.595222682,-45400.51888944816,34.76658373573613,0.010832981206476688,-0.033944956958293915,-0.13016578741371632
2026-04-23 07:31:46.900,3509417.467880337,779146.9899736074,5250979.573140853,-45404.94586023974,34.6962309378969,-0.04702037200331688,-0.07640575058758259,-0.2208182867616415
2026-04-23 07:31:47.000,3509417.4775310964,779146.9869507158,5250979.556792692,-45409.36477014729,34.63223491171829,0.09650759398937225,-0.03022891585715115,-0.16348160803318024
2026-04-23 07:31:47.100,3509417.483858394,779146.9864569366,5250979.54081497,-45413.78399220065,34.5500897478163,0.06327297538518906,-0.0049377919640392065,-0.15977722592651844
2026-04-23 07:31:47.200,3509417.485579486,779146.9751893914,5250979.517341489,-45418.20278487577,34.476657240568294,0.017210920341312885,-0.1126754516735673,-0.23473480716347694
2026-04-23 07:31:47.300,3509417.496845836,779146.9654677091,5250979.500692625,-45422.60408995071,34.38143638002323,0.1126634981483221,-0.09721682290546596,-0.1664886437356472
2026-04-23 07:31:47.400,3509417.5038623875,779146.9597385953,5250979.481357107,-45427.01015207741,34.31061395330143,0.07016551680862904,-0.05729113821871579,-0.19335517659783363
2026-04-23 07:31:47.500,3509417.5115870177,779146.954025182,5250979.467174058,-45431.42473170251,34.245891871684414,0.07724630180746317,-0.057134132366627455,-0.14183049090206623
2026-04-23 07:31:47.600,3509417.5190862766,779146.9486698611,5250979.447848128,-45435.84124186834,34.18344436788087,0.0749925896525383,-0.05355320987291634,-0.19325929693877697
2026-04-23 07:31:47.700,3509417.528867525,779146.9436905786,5250979.434537889,-45440.24688920756,34.08797720034011,0.09781248401850462,-0.04979282501153648,-0.1331023871898651
2026-04-23 07:31:47.800,3509417.5346779223,779146.9390697752,5250979.423221925,-45444.6580626131,34.02958784964679,0.05810397211462259,-0.046208034036681056,-0.11315964162349701
2026-04-23 07:31:47.900,3509417.537874852,779146.9352700493,5250979.411096758,-45449.07649414869,33.97817027595708,0.03196929581463337,-0.03799725905992091,-0.12125167064368725
2026-04-23 07:31:48.000,3509417.541216243,779146.9272600599,5250979.398935955,-45453.49654968996,33.93476900387744,0.033413912169635296,-0.0800998939666897,-0.12160803191363811
2026-04-23 07:31:48.100,3509417.541636443,779146.9185410107,5250979.384688886,-45457.919814994406,33.90677079320271,0.004202001728117466,-0.08719049161300063,-0.14247069135308266
2026-04-23 07:31:48.200,3509417.5461625834,779146.9136520743,5250979.379024422,-45462.32984231893,33.85564500439579,0.04526140168309212,-0.04888936411589384,-0.05664464086294174
2026-04-23 07:31:48.300,3509417.550628987,779146.9087558312,5250979.364472198,-45466.74523569736,33.82081785059484,0.04466403741389513,-0.0489624310284853,-0.1455222349613905
2026-04-23 07:31:48.400,3509417.552945006,779146.9018970279,5250979.350592559,-45471.16118232007,33.77734110995732,0.02316019032150507,-0.06858803331851959,-0.13879639096558094
2026-04-23 07:31:48.500,3509417.557367828,779146.8980783178,5250979.338049114,-45475.56745309705,33.72350453283541,0.044228220358490944,-0.038187101017683744,-0.12543445453047752
2026-04-23 07:31:48.600,3509417.5637131957,779146.8930228028,5250979.322309949,-45479.98160946192,33.683127156110785,0.06345367524772882,-0.05055514979176223,-0.1573916431516409
2026-04-23 07:31:48.700,3509417.5657960516,779146.8869766798,5250979.302642184,-45484.39987329559,33.65209558374097,0.020828559063374996,-0.06046122987754643,-0.19667765125632286
2026-04-23 07:31:48.800,3509417.5685992823,779146.8799766217,5250979.287316328,-45488.812356168906,33.61087371151973,0.02803230658173561,-0.07000058074481785,-0.15325856395065784
2026-04-23 07:31:48.900,3509417.570962405,779146.8700049405,5250979.274219592,-45493.22761398104,33.5887025511616,0.02363122534006834,-0.09971681167371571,-0.13096735812723637
2026-04-23 07:31:49.000,3509417.5729443156,779146.8646676313,5250979.2651362,-45497.64253713037,33.573428743493245,0.019819107837975025,-0.05337309208698571,-0.09083392098546028
2026-04-23 07:31:49.100,3509417.576839266,779146.8600071139,5250979.256367507,-45502.055611087046,33.53838044899862,0.038949502632021904,-0.04660517442971468,-0.0876869261264801
2026-04-23 07:31:49.200,3509417.5836879886,779146.8548331439,5250979.244428507,-45506.47064128971,33.503633769105726,0.06848722696304321,-0.05173970013856888,-0.11939000338315964
2026-04-23 07:31:49.300,3509417.591405154,779146.8488389753,5250979.2314867815,-45510.88615810643,33.49058775643579,0.07717165630310774,-0.059941685758531094,-0.12941725552082062
2026-04-23 07:31:49.400,3509417.597795935,779146.8446480781,5250979.222154898,-45515.30303646382,33.46896948521853,0.06390780676156282,-0.0419089721981436,-0.09331883862614632
2026-04-23 07:31:49.500,3509417.608623976,779146.839976758,5250979.21060878,-45519.721187594565,33.43811800684052,0.1082804100587964,-0.046713200863450766,-0.11546117253601551
2026-04-23 07:31:49.600,3509417.6204415928,779146.8340472846,5250979.197635916,-45524.12833512624,33.42313958968956,0.11817616876214743,-0.059294734383001924,-0.1297286432236433
2026-04-23 07:31:49.700,3509417.6267908188,779146.8284887318,5250979.180574367,-45528.542184935795,33.37485039518541,0.06349225994199514,-0.05558552802540362,-0.17061549238860607
2026-04-23 07:31:49.800,3509417.6381266625,779146.8269320206,5250979.176441021,-45532.9471289108,33.342355784251296,0.11335843708366156,-0.015567111549898982,-0.041333455592393875
2026-04-23 07:31:49.900,3509417.6448045773,779146.8221413122,5250979.167381128,-45537.36073543743,33.33345820313331,0.06677914876490831,-0.047907084226608276,-0.0905989296734333
2026-04-23 07:31:50.000,3509417.6507320157,779146.8119337081,5250979.150848514,-45541.78170112624,33.334569048410295,0.05927438382059336,-0.10207604034803808,-0.16532613895833492
2026-04-23 07:31:50.100,3509417.659035011,779146.8051870527,5250979.140682018,-45546.19072960456,33.31525404203311,0.08302995469421148,-0.06746655446477234,-0.1016649603843689
2026-04-23 07:31:50.200,3509417.666032722,779146.8017806322,5250979.130702589,-45550.59975560558,33.29432799968034,0.06997711025178432,-0.0340642046649009,-0.0997942965477705
2026-04-23 07:31:50.300,3509417.67467383,779146.7964540061,5250979.122152304,-45555.00119305541,33.27329023855501,0.08641107939183712,-0.053266261238604784,-0.08550284430384636
2026-04-23 07:31:50.400,3509417.681874872,779146.7874574739,5250979.106632163,-45559.41829015955,33.25778398577021,0.07201042026281357,-0.08996532182209194,-0.1552014146000147
2026-04-23 07:31:50.500,3509417.686473843,779146.7789715589,5250979.091797046,-45563.85533101458,33.27139381425632,0.04598970990628004,-0.0848591502290219,-0.148351164534688
2026-04-23 07:31:50.600,3509417.691938912,779146.7709231252,5250979.067961474,-45568.28682546516,33.272811652423236,0.05465068854391575,-0.08048433694057167,-0.2383557241410017
2026-04-23 07:31:50.700,3509417.696847815,779146.7627181981,5250979.050335114,-45572.71079940775,33.29397339801667,0.04908903036266565,-0.08204927085898817,-0.17626360058784485
2026-04-23 07:31:50.800,3509417.708896558,779146.755658189,5250979.039850994,-45577.13797645671,33.29590319392887,0.12048742733895779,-0.07060009171254933,-0.104841198772192
2026-04-23 07:31:50.900,3509417.7156159775,779146.7505550507,5250979.025853009,-45581.57316818599,33.305978652342795,0.06719419732689857,-0.051031382754445076,-0.13997985050082207
2026-04-23 07:31:51.000,3509417.721495737,779146.742586355,5250979.0082710935,-45585.99955425246,33.3056958320896,0.05879759322851896,-0.07968695717863739,-0.17581915482878685
2026-04-23 07:31:51.100,3509417.726213296,779146.7373570809,5250978.988017067,-45590.43156220037,33.31257095385708,0.04717559088021517,-0.05229274043813348,-0.20254026167094707
2026-04-23 07:31:51.200,3509417.734249529,779146.7338670461,5250978.975257959,-45594.85577508098,33.314717968261164,0.08036233019083738,-0.03490034840069711,-0.1275910809636116
2026-04-23 07:31:51.300,3509417.7401842116,779146.7306078428,5250978.961581254,-45599.28090099451,33.32115622781523,0.05934682674705982,-0.03259203280322254,-0.13676704838871956
2026-04-23 07:31:51.400,3509417.7431175737,779146.7251044668,5250978.946511662,-45603.710131279426,33.31955988098525,0.029333620332181454,-0.05503376014530659,-0.15069592744112015
2026-04-23 07:31:51.500,3509417.7494167155,779146.7202359621,5250978.934032227,-45608.13276738188,33.33222126271222,0.0629914179444313,-0.04868504707701504,-0.12479434721171856
2026-04-23 07:31:51.600,3509417.7540410613,779146.7175930418,5250978.925344677,-45612.552485899716,33.3317416466255,0.046243458054959774,-0.026429202407598495,-0.08687550202012062
2026-04-23 07:31:51.700,3509417.752806441,779146.7141233685,5250978.907527884,-45616.9773408577,33.32963523683948,-0.012346203438937664,-0.03469673334620893,-0.1781679317355156
2026-04-23 07:31:51.800,3509417.75686277,779146.7078405478,5250978.896224663,-45621.396606624585,33.382268594413254,0.04056328907608986,-0.0628282071556896,-0.11303220875561237
2026-04-23 07:31:51.900,3509417.763486176,779146.7034012313,5250978.892747443,-45625.81916018641,33.432620571790395,0.0662340596318245,-0.044393164571374655,-0.03477219492197037
2026-04-23 07:31:52.000,3509417.7618142553,779146.7016950457,5250978.880191911,-45630.254675217504,33.43260721477348,-0.016719205304980278,-0.017061856342479587,-0.12555532157421112
2026-04-23 07:31:52.100,3509417.759996521,779146.6993256055,5250978.866568454,-45634.69341456196,33.432851404158676,-0.01817734446376562,-0.02369440160691738,-0.1362345740199089
2026-04-23 07:31:52.200,3509417.7627717685,779146.6941920007,5250978.855035083,-45639.12728281193,33.46134226280382,0.02775247674435377,-0.051336048636585474,-0.11533370241522789
2026-04-23 07:31:52.300,3509417.7665670067,779146.6933024516,5250978.854149871,-45643.555773829576,33.4802621249874,0.03795238211750984,-0.008895490318536758,-0.008852127939462662
2026-04-23 07:31:52.400,3509417.765667523,779146.689612391,5250978.842474129,-45647.97923586599,33.5177332587878,-0.008994839154183865,-0.03690060577355325,-0.11675741523504257
2026-04-23 07:31:52.500,3509417.7689060913,779146.6838853641,5250978.833764883,-45652.401877692486,33.572709227227264,0.03238568548113108,-0.05727026960812509,-0.08709246292710304
2026-04-23 07:31:52.600,3509417.7704852778,779146.681330235,5250978.823104928,-45656.82932878126,33.595743552836645,0.01579186413437128,-0.025551291182637215,-0.10659954510629177
2026-04-23 07:31:52.700,3509417.7695960766,779146.6793738821,5250978.811362794,-45661.26155093304,33.61014976730643,-0.00889201182872057,-0.019563528476282954,-0.1174213457852602
2026-04-23 07:31:52.800,3509417.7724723862,779146.6762886383,5250978.8194674775,-45665.681905333666,33.641024293063516,0.028763096779584885,-0.03085243864916265,0.08104683831334114
2026-04-23 07:31:52.900,3509417.7762431633,779146.6746479459,5250978.8213147,-45670.10089908853,33.658860311212024,0.037707770243287086,-0.016406923532485962,0.018472224473953247
2026-04-23 07:31:53.000,3509417.7758369725,779146.669667399,5250978.805380384,-45674.5300501632,33.69020327312913,-0.004061907529830933,-0.0498054688796401,-0.15934315510094166
2026-04-23 07:31:53.100,3509417.7767944913,779146.6680815787,5250978.80528839,-45678.95522523326,33.72082991923347,0.009575188159942627,-0.01585820340551436,-0.0009199418127536774
2026-04-23 07:31:53.200,3509417.776736565,779146.6622991667,5250978.795277899,-45683.37829823945,33.73837605183998,-0.0005792640149593353,-0.057824120158329606,-0.10010491125285625
2026-04-23 07:31:53.300,3509417.7748873304,779146.6594670255,5250978.78684164,-45687.80669445754,33.77613285240018,-0.018492345698177814,-0.028321411227807403,-0.08436258882284164
2026-04-23 07:31:53.400,3509416.6808219785,779146.7447070117,5250974.080697377,-45695.13543811613,32.95351773965713,-10.940653518773615,0.8523998619057238,-47.06144263036549
2026-04-23 07:31:53.500,3509416.6805584445,779146.7406752586,5250974.070546875,-45699.56233054577,32.96523460305904,-0.002635340206325054,-0.04031753167510033,-0.10150502435863018
2026-04-23 07:31:53.600,3509416.6801617118,779146.7378571812,5250974.061450732,-45703.98371698388,32.98024265483423,-0.003967327065765858,-0.028180773369967937,-0.09096142835915089
2026-04-23 07:31:53.700,3509416.6773420256,779146.7340583475,5250974.054719853,-45708.401392228756,32.99974274890543,-0.02819686196744442,-0.03798833698965609,-0.06730878725647926
2026-04-23 07:31:53.800,3509416.675720575,779146.7296098378,5250974.044521554,-45712.82145801019,33.01176479724502,-0.01621450763195753,-0.044485097751021385,-0.10198298841714859
2026-04-23 07:31:53.900,3509416.676362674,779146.7285574572,5250974.039082543,-45717.23801718227,33.030243572247464,0.0064209941774606705,-0.010523805394768715,-0.054390113800764084
2026-04-23 07:31:54.000,3509416.676303158,779146.7232072088,5250974.032242174,-45721.660617904774,33.056164332516126,-0.0005951616913080215,-0.05350248422473669,-0.0684036873281002
2026-04-23 07:31:54.100,3509416.673882732,779146.7184260892,5250974.018598797,-45726.08922471908,33.07527409910342,-0.024204258807003498,-0.047811196418479085,-0.1364337746053934
2026-04-23 07:31:54.200,3509416.67027155,779146.7185125491,5250974.01678123,-45730.51040821469,33.084757769640206,-0.03611182328313589,0.0008645991329103708,-0.01817566342651844
2026-04-23 07:31:54.300,3509417.7432955955,779146.627868204,5250978.635993017,-45732.07788825724,33.72256559761053,10.73024045675993,-0.9064434503670782,46.19211786426604
2026-04-23 07:31:54.400,3509417.7441164665,779146.6261787134,5250978.628556154,-45736.49724880555,33.72309455660525,0.00820870976895094,-0.016894906293600798,-0.07436863146722317
2026-04-23 07:31:54.500,3509417.7438439243,779146.6207013975,5250978.628901735,-45740.91070694767,33.76622720139414,-0.0027254223823547363,-0.0547731586266309,0.0034558121114969254
2026-04-23 07:31:54.600,3509417.749492084,779146.6166789104,5250978.646927312,-45745.314407257654,33.82914875132297,0.05648159887641668,-0.04022487089969218,0.18025577068328857
2026-04-23 07:31:54.700,3509417.7491340977,779146.6136438781,5250978.652149162,-45749.740403943506,33.85922536891851,-0.003579864278435707,-0.030350323067978024,0.05221850238740444
2026-04-23 07:31:54.800,3509417.7438003663,779146.6119693526,5250978.646718762,-45754.17658366063,33.86937952367781,-0.053337314166128635,-0.01674525556154549,-0.05430400371551514
2026-04-23 07:31:54.900,3509417.741012882,779146.608663608,5250978.635418491,-45758.60194011505,33.86050860541038,-0.0278748432174325,-0.033057446125894785,-0.11300270445644855
2026-04-23 07:31:55.000,3509417.7396251876,779146.6050346474,5250978.635004486,-45763.01512861751,33.88639068993991,-0.013876943849027157,-0.036289605777710676,-0.004140054807066917
2026-04-23 07:31:55.100,3509417.738639763,779146.6007939733,5250978.634603083,-45767.438539572475,33.91075942144237,-0.009854244999587536,-0.04240674083121121,-0.004014028236269951
2026-04-23 07:31:55.200,3509417.7391544604,779146.5965721619,5250978.625673157,-45771.874046233344,33.91650478668584,0.005146972835063934,-0.042218114249408245,-0.08929925970733166
2026-04-23 07:31:55.300,3509417.73782883,779146.5922333334,5250978.63096757,-45776.31390188915,33.94925762009485,-0.013256305828690529,-0.04338828497566283,0.0529441237449646
2026-04-23 07:31:55.400,3509417.7404653016,779146.5890814654,5250978.638495576,-45780.7468794006,33.96917238584801,0.02636471763253212,-0.03151868004351854,0.07528006099164486
2026-04-23 07:31:55.500,3509417.7389165265,779146.5832663813,5250978.646584566,-45785.175794270086,34.002942974404334,-0.015487750060856342,-0.05815084092319012,0.08088990114629269
2026-04-23 07:31:55.600,3509417.7387933717,779146.5794568626,5250978.6511157015,-45789.59658592195,34.01722402772396,-0.0012315483763813972,-0.038095186464488506,0.04531135782599449
2026-04-23 07:31:55.700,3509417.7378706066,779146.580339667,5250978.655350298,-45794.02210188228,34.037131727907386,-0.009227651171386242,0.008828043937683105,0.042345961555838585
2026-04-23 07:31:55.800,3509417.73638509,779146.574867457,5250978.659890044,-45798.45337378705,34.07155330899983,-0.01485516782850027,-0.05472210003063083,0.04539745859801769
2026-04-23 07:31:55.900,3509417.73655154,779146.5734507071,5250978.667630462,-45802.882685133896,34.103006072410594,0.001664501614868641,-0.014167499030008912,0.07740418426692486
2026-04-23 07:31:56.000,3509417.7399208597,779146.5691194244,5250978.67230334,-45807.30137526088,34.13339128469285,0.033693197183310986,-0.043312826892361045,0.04672878421843052
2026-04-23 07:31:56.100,3509417.7407199363,779146.569237605,5250978.684049222,-45811.721501454886,34.16311099508625,0.007990766316652298,0.0011818052735179663,0.11745881289243698
2026-04-23 07:31:56.200,3509417.7400825387,779146.5649339899,5250978.68761533,-45816.146257986715,34.1986054794096,-0.006373976357281208,-0.0430361507460475,0.035661086440086365
2026-04-23 07:31:56.300,3509417.744719504,779146.5632730398,5250978.6934546335,-45820.57504496922,34.23795792236027,0.04636965226382017,-0.016609501326456666,0.05839303135871887
2026-04-23 07:31:56.400,3509417.7444036915,779146.5616201587,5250978.69790141,-45825.00570602834,34.25976483361701,-0.003158124163746834,-0.016528810374438763,0.04446776583790779
2026-04-23 07:31:56.500,3509417.7444019653,779146.5583022207,5250978.708617488,-45829.42056459617,34.298452218894425,-1.7262063920497894e-05,-0.033179380698129535,0.10716077871620655
2026-04-23 07:31:56.600,3509417.748404534,779146.5574887063,5250978.718889155,-45833.83103875411,34.35057289013902,0.04002568777650595,-0.008135143434628844,0.10271667502820492
2026-04-23 07:31:56.700,3509417.7486794265,779146.5539103225,5250978.723431228,-45838.25018767711,34.37798284804203,0.002748924307525158,-0.03578383824788034,0.04542072303593159
2026-04-23 07:31:56.800,3509417.7524437374,779146.5524950505,5250978.73706631,-45842.667315183695,34.42066548870606,0.037643108516931534,-0.014152720104902983,0.1363508217036724
2026-04-23 07:31:56.900,3509417.7543590143,779146.5520817916,5250978.7529843785,-45847.09245083797,34.4513659334862,0.019152769818902016,-0.004132589092478156,0.1591806858778
2026-04-23 07:31:57.000,3509417.760444551,779146.5539110107,5250978.769427559,-45851.50958396779,34.48217648691968,0.06085536442697048,0.018292191671207547,0.16443180851638317
2026-04-23 07:31:57.100,3509417.762044118,779146.5547348228,5250978.775998745,-45855.93200001348,34.495381135745866,0.01599567010998726,0.008238120935857296,0.06571185775101185
2026-04-23 07:31:57.200,3509417.768027125,779146.5565521622,5250978.815500683,-45860.34802043383,34.58734000423541,0.0598300714045763,0.018173393327742815,0.3950193803757429
2026-04-23 07:31:57.300,3509417.77026998,779146.5544855905,5250978.829650259,-45864.78083933418,34.62873680940524,0.022428552620112896,-0.02066571614705026,0.14149575494229794
2026-04-23 07:31:57.400,3509417.771245013,779146.5535722532,5250978.828714361,-45869.21601874646,34.66652909405206,0.00975032802671194,-0.009133373387157917,-0.009358972311019897
2026-04-23 07:31:57.500,3509417.774254004,779146.5543747644,5250978.845443805,-45873.63887992026,34.70194261063626,0.0300899101421237,0.008025112329050899,0.16729443334043026
2026-04-23 07:31:57.600,3509417.7716932585,779146.5571249757,5250978.858357943,-45878.063025965275,34.731481766696454,-0.0256074545904994,0.027502112789079547,0.12914137914776802
2026-04-23 07:31:57.700,3509417.777023902,779146.55720629,5250978.870393885,-45882.49591624372,34.78578594709139,0.05330643616616726,0.0008131423965096474,0.12035942636430264
2026-04-23 07:31:57.800,3509417.772425761,779146.559543434,5250978.875626272,-45886.94709466117,34.8029329403508,-0.04598141182214022,0.023371439892798662,0.05232386291027069
2026-04-23 07:31:57.900,3509417.771622168,779146.5600584013,5250978.873232061,-45891.40732244735,34.76499511764878,-0.008035930804908276,0.005149673670530319,-0.02394210547208786
2026-04-23 07:31:58.000,3509417.768768701,779146.5624095403,5250978.866958876,-45895.85932940695,34.72037835542493,-0.028534671291708946,0.02351138973608613,-0.06273184902966022
2026-04-23 07:31:58.100,3509417.7708949144,779146.5648644643,5250978.879938909,-45900.29159017344,34.75250704955932,0.021262136287987232,0.024549240479245782,0.12980032712221146
2026-04-23 07:31:58.200,3509417.7737946208,779146.5662358386,5250978.893482115,-45904.72955664831,34.78947153074135,0.028997063636779785,0.013713742373511195,0.1354320626705885
2026-04-23 07:31:58.300,3509417.77371339,779146.5696961316,5250978.904487209,-45909.171368047115,34.801086980752544,-0.0008123088628053665,0.03460293053649366,0.11005094274878502
2026-04-23 07:31:58.400,3509417.774870255,779146.5712958174,5250978.913768489,-45913.61926737084,34.791936572475876,0.011568651534616947,0.015996857546269894,0.09281279519200325
2026-04-23 07:31:58.500,3509417.7777877487,779146.5731135242,5250978.919949247,-45918.068423593904,34.779291103672286,0.029174936935305595,0.01817706855945289,0.061807576566934586
2026-04-23 07:31:58.600,3509417.7788141044,779146.5752353286,5250978.931426344,-45922.51092883449,34.79623998258195,0.010263556614518166,0.02121804398484528,0.11477097868919373
2026-04-23 07:31:58.700,3509417.7806316656,779146.5780116342,5250978.945408428,-45926.94732188137,34.81410762095864,0.018175612203776836,0.027763055404648185,0.13982083648443222
2026-04-23 07:31:58.800,3509417.781622461,779146.5781843979,5250978.952941394,-45931.39872232909,34.828611314596614,0.00990795437246561,0.0017276371363550425,0.07532966323196888
2026-04-23 07:31:58.900,3509417.781489011,779146.5821968724,5250978.958568818,-45935.851023206946,34.83768481939571,-0.0013345014303922653,0.040124745573848486,0.056274235248565674
2026-04-23 07:31:59.000,3509417.782657764,779146.5838219499,5250978.965999739,-45940.28701548729,34.83666506090341,0.01168753020465374,0.016250774497166276,0.0743092130869627
2026-04-23 07:31:59.100,3509417.792955806,779146.589425275,5250978.985813561,-45944.70074852282,34.81975213140784,0.10298042092472315,0.056033250875771046,0.19813821651041508
2026-04-23 07:31:59.200,3509417.794169181,779146.5920955885,5250978.991349804,-45949.142204429125,34.82098003950829,0.012133750133216381,0.026703134644776583,0.055362433195114136
2026-04-23 07:31:59.300,3509417.795992021,779146.5958127625,5250979.006176963,-45953.57812774829,34.82217354481351,0.01822839956730604,0.03717174055054784,0.14827159233391285
2026-04-23 07:31:59.400,3509417.799500072,779146.5952121338,5250979.013098172,-45958.013370429384,34.83086872781586,0.03508050926029682,-0.006006286712363362,0.06921208463609219
2026-04-23 07:31:59.500,3509417.803233737,779146.5958574374,5250979.020853372,-45962.46057396856,34.841778042561096,0.03733665216714144,0.006453035166487098,0.07755200378596783
2026-04-23 07:31:59.600,3509417.8072174042,779146.5931028234,5250979.018935614,-45966.90889743397,34.84921856458039,0.03983667120337486,-0.027546139899641275,-0.019177580252289772
2026-04-23 07:31:59.700,3509417.8087273706,779146.598957164,5250979.037750629,-45971.345196767244,34.83929171151728,0.0150996632874012,0.05854340619407594,0.18815014511346817
2026-04-23 07:31:59.800,3509417.973011666,779146.4417768699,5250978.932068736,-45975.72265514367,40.49701079524254,1.6428429540246725,-1.5718029404524714,-1.056818924844265
2026-04-23 07:31:59.900,3509417.4787985254,779146.9462424057,5250979.328723191,-45980.31677013768,35.826412224219645,-4.942131405696273,5.0446553574875,3.9665445499122143
2026-04-23 07:32:00.000,3509417.461074915,779146.9691122335,5250979.358958082,-45984.77192334771,35.927500169106686,-0.17723610624670982,0.22869827807880938,0.3023489098995924
2026-04-23 07:32:00.100,3509417.469390643,779146.9667246101,5250979.374205586,-45989.22014163773,35.90444793300197,0.08315728046000004,-0.023876234190538526,0.1524750329554081
2026-04-23 07:32:00.200,3509417.46963921,779146.9711427094,5250979.386032528,-45993.67227892729,35.90568931191612,0.0024856720119714737,0.04418099299073219,0.11826942674815655
2026-04-23 07:32:00.300,3509417.47213054,779146.9818268057,5250979.41149152,-45998.10533366221,35.91995858039739,0.024913297966122627,0.10684096370823681,0.25458991527557373
2026-04-23 07:32:00.400,3509417.4814568516,779146.9849859466,5250979.430108671,-46002.534976323426,35.93647948550092,0.09326311759650707,0.031591408187523484,0.1861715130507946
2026-04-23 07:32:00.500,3509417.48408832,779146.98496765,5250979.441031476,-46006.97044698844,35.93957343348136,0.026314682327210903,-0.00018296530470252037,0.10922804474830627
2026-04-23 07:32:00.600,3509417.481426486,779146.9966125472,5250979.466016025,-46011.40376006893,36.00954725596521,-0.02661834005266428,0.11644897167570889,0.2498454973101616
2026-04-23 07:32:00.700,3509417.4770181933,779147.0093967501,5250979.489394734,-46015.83588520292,36.08027561532074,-0.04408292472362518,0.1278420293238014,0.2337870839983225
2026-04-23 07:32:00.800,3509417.467266495,779147.026956718,5250979.515010545,-46020.274715131185,36.167627452669294,-0.09751698467880487,0.17559967818669975,0.25615811347961426
2026-04-23 07:32:00.900,3509417.456398137,779147.0442598788,5250979.5457623545,-46024.718447540276,36.24088031449026,-0.10868357960134745,0.1730316085740924,0.3075180947780609
2026-04-23 07:32:01.000,3509417.4528645827,779147.0560694023,5250979.569699179,-46029.16235346409,36.296060938062034,-0.035335542634129524,0.1180952345021069,0.2393682487308979
2026-04-23 07:32:01.100,3509417.4537314735,779147.066303422,5250979.589784551,-46033.60558488625,36.31657151520309,0.008668908849358559,0.10234019719064236,0.20085372030735016
2026-04-23 07:32:01.200,3509417.46049502,779147.071413035,5250979.600239696,-46038.05080537795,36.32921822636791,0.06763546261936426,0.05109613062813878,0.10455144569277763
2026-04-23 07:32:01.300,3509417.456755161,779147.0847793368,5250979.623270599,-46042.49152846894,36.36390557066686,-0.03739858977496624,0.13366301776841283,0.23030903190374374
2026-04-23 07:32:01.400,3509417.459052489,779147.0944711935,5250979.645037268,-46046.91786057856,36.40164746090043,0.02297328319400549,0.09691856685094535,0.21766669116914272
2026-04-23 07:32:01.500,3509417.4627025435,779147.1022305016,5250979.6574348835,-46051.35016476549,36.41052186981993,0.03650054335594177,0.07759308093227446,0.12397615239024162
2026-04-23 07:32:01.600,3509417.4652701323,779147.1091692009,5250979.67300864,-46055.78086339723,36.44796745848414,0.025675888173282146,0.06938699283637106,0.15573756769299507
2026-04-23 07:32:01.700,3509417.4680027296,779147.1186314182,5250979.691322719,-46060.22298482479,36.44776374866932,0.02732597291469574,0.09462217334657907,0.18314078450202942
2026-04-23 07:32:01.800,3509417.4714125507,779147.1282920452,5250979.712095319,-46064.669094583805,36.461944990375,0.034098210744559765,0.0966062699444592,0.20772600546479225
2026-04-23 07:32:01.900,3509417.46999106,779147.137685944,5250979.725168677,-46069.11949905235,36.48346154832618,-0.014214906841516495,0.09393898770213127,0.1307335775345564
2026-04-23 07:32:02.000,3509417.4742386867,779147.1404917942,5250979.73929152,-46073.562973503766,36.4728323528556,0.04247626755386591,0.028058502357453108,0.1412284281104803
2026-04-23 07:32:02.100,3509417.479888971,779147.1511801291,5250979.755694568,-46078.00526216093,36.465214026237476,0.05650284234434366,0.10688334936276078,0.16403048299252987
2026-04-23 07:32:02.200,3509417.483289012,779147.1576997953,5250979.7662081905,-46082.44463009884,36.46059386416122,0.03400041256099939,0.06519666174426675,0.10513622313737869
2026-04-23 07:32:02.300,3509417.4877435416,779147.1628508519,5250979.770725086,-46086.882287839384,36.45391865081569,0.04454529378563166,0.051510565681383014,0.045168958604335785
2026-04-23 07:32:02.400,3509417.488914647,779147.1707116178,5250979.780989908,-46091.327601810684,36.46914955372194,0.011711055412888527,0.07860765908844769,0.10264821350574493
2026-04-23 07:32:02.500,3509417.4911854975,779147.181826961,5250979.789706859,-46095.77996511778,36.49785731857508,0.022708503529429436,0.11115343193523586,0.08716951124370098
2026-04-23 07:32:02.600,3509417.495317321,779147.1931612339,5250979.7992018815,-46100.22020678251,36.500536411869355,0.041318233124911785,0.11334272916428745,0.0949502270668745
2026-04-23 07:32:02.700,3509417.4980308674,779147.2066908942,5250979.821782745,-46104.65423796285,36.515647390632445,0.02713546622544527,0.1352966029662639,0.22580863907933235
2026-04-23 07:32:02.800,3509417.499147877,779147.2200550418,5250979.830674442,-46109.10066659047,36.54250965039859,0.011170096695423126,0.13364147627726197,0.0889169704169035
2026-04-23 07:32:02.900,3509417.50121055,779147.2303719269,5250979.842116862,-46113.55086883313,36.552375218044226,0.020626727491617203,0.10316885076463223,0.1144241914153099
2026-04-23 07:32:03.000,3509417.5017266544,779147.2401384339,5250979.856035761,-46118.00433601356,36.56834424271601,0.005161045119166374,0.09766506962478161,0.1391889899969101
2026-04-23 07:32:03.100,3509417.504638883,779147.250034655,5250979.865652615,-46122.46003082296,36.61843709977652,0.02912228461354971,0.09896221105009317,0.09616854600608349
2026-04-23 07:32:03.200,3509417.504018106,779147.2598934555,5250979.87176952,-46126.92913297541,36.64302511286398,-0.006207767874002457,0.09858800563961267,0.06116905249655247
2026-04-23 07:32:03.300,3509417.512321662,779147.2701181687,5250979.879410594,-46131.374437266175,36.62998166340289,0.08303556125611067,0.10224713128991425,0.07641073316335678
2026-04-23 07:32:03.400,3509417.5154771665,779147.2792232989,5250979.888963528,-46135.8116045332,36.63534566220505,0.031555043533444405,0.0910513021517545,0.0955293420702219
2026-04-23 07:32:03.500,3509417.516028293,779147.2899293015,5250979.899705164,-46140.26215035433,36.664505319818645,0.005511264316737652,0.10706002591177821,0.10741636157035828
2026-04-23 07:32:03.600,3509417.520269249,779147.2996851634,5250979.906736263,-46144.71646096465,36.68238709666384,0.042409561574459076,0.09755861945450306,0.07031098939478397
2026-04-23 07:32:03.700,3509417.5214398815,779147.3109016606,5250979.915602086,-46149.17394462987,36.70256686926551,0.01170632429420948,0.1121649716515094,0.08865823037922382
2026-04-23 07:32:03.800,3509417.5237730895,779147.3189244912,5250979.923728918,-46153.62410251242,36.73164673695229,0.023332079872488976,0.0802283058874309,0.08126831613481045
2026-04-23 07:32:03.900,3509417.5258168615,779147.3252169472,5250979.923738442,-46158.06976092016,36.708255713986205,0.020437720231711864,0.0629245606251061,9.524635970592499e-05
2026-04-23 07:32:04.000,3509417.5305418377,779147.3350683075,5250979.931953937,-46162.51905691318,36.73005664584148,0.047249761410057545,0.09851360227912664,0.08215494453907013
2026-04-23 07:32:04.100,3509417.5369578335,779147.3396544,5250979.928275434,-46166.97405407895,36.733680306907765,0.06415995769202709,0.045860925456508994,-0.036785025149583817
2026-04-23 07:32:04.200,3509417.537139107,779147.347180631,5250979.925258233,-46171.42709380897,36.74262272860484,0.0018127355724573135,0.07526230998337269,-0.030172010883688927
2026-04-23 07:32:04.300,3509417.5413732557,779147.35621706,5250979.926696419,-46175.882864318155,36.747350486127985,0.04234148655086756,0.09036428993567824,0.014381855726242065
2026-04-23 07:32:04.400,3509417.54688814,779147.3631691668,5250979.933786056,-46180.34001060301,36.74097222444464,0.05514884367585182,0.06952106836251915,0.07089637219905853
2026-04-23 07:32:04.500,3509417.5588430944,779147.3691210871,5250979.942534472,-46184.79958844081,36.726012642535025,0.11954954359680414,0.059519202914088964,0.08748415857553482
2026-04-23 07:32:04.600,3509417.5639642165,779147.3765774061,5250979.945952844,-46189.26104894837,36.72967453351737,0.051211221143603325,0.07456318940967321,0.034183720126748085
2026-04-23 07:32:04.700,3509417.5709544234,779147.3843416143,5250979.947892326,-46193.721012001675,36.73030619440723,0.06990206893533468,0.07764208246953785,0.01939482055604458
2026-04-23 07:32:04.800,3509417.5781784947,779147.3922506749,5250979.949443066,-46198.18706206842,36.731389644104254,0.07224071305245161,0.07909060572274029,0.015507396310567856
2026-04-23 07:32:04.900,3509417.5866604187,779147.3995169126,5250979.950410555,-46202.64787181527,36.718814893663755,0.08481923956423998,0.0726623774971813,0.00967489555478096
2026-04-23 07:32:05.000,3509417.595644093,779147.4055183531,5250979.948604539,-46207.103736656194,36.6959025505535,0.08983674459159374,0.06001440458931029,-0.01806016080081463
2026-04-23 07:32:05.100,3509417.6063604453,779147.4081189234,5250979.95139394,-46211.55184729794,36.68098055779542,0.1071635214611888,0.026005703257396817,0.027894005179405212
2026-04-23 07:32:05.200,3509417.611688798,779147.4179442705,5250979.956360311,-46216.01564245004,36.6972303532721,0.05328352563083172,0.09825347107835114,0.049663716927170753
2026-04-23 07:32:05.300,3509417.612644844,779147.4289113787,5250979.9602370635,-46220.48611127954,36.74544818824696,0.009560463950037956,0.10967108188197017,0.03876752220094204
2026-04-23 07:32:05.400,3509417.6210911367,779147.4350274598,5250979.961666972,-46224.95045408013,36.74706547290788,0.08446292486041784,0.06116081029176712,0.014299089089035988
2026-04-23 07:32:05.500,3509417.626944563,779147.443823592,5250979.965089021,-46229.409108931,36.75873032021119,0.058534261770546436,0.08796132286079228,0.034220488741993904
2026-04-23 07:32:05.600,3509417.629335036,779147.450488336,5250979.965499501,-46233.86976335318,36.76684838612987,0.02390473149716854,0.06664743996225297,0.004104794934391975
2026-04-23 07:32:05.700,3509417.6378769428,779147.4574448351,5250979.963358344,-46238.33409284032,36.743241521166446,0.08541906718164682,0.06956499069929123,-0.02141157165169716
2026-04-23 07:32:05.800,3509417.6437993,779147.4631091129,5250979.96785081,-46242.8030153465,36.730735065090144,0.05922357086092234,0.05664277821779251,0.0449246633797884
2026-04-23 07:32:05.900,3509418.4791902425,779146.6372404423,5250979.324691374,-46247.010227193176,39.30235718346093,8.353909426368773,-8.258686705958098,-6.431594360619783
2026-04-23 07:32:06.000,3509417.6342326044,779147.5070596277,5250979.988257016,-46251.749729845964,36.91335299978802,-8.44957638066262,8.698191853472963,6.635656422004104
2026-04-23 07:32:06.100,3509417.627118444,779147.5293773296,5250980.004432495,-46256.21790116142,37.030535009124186,-0.07114160340279341,0.2231770195066929,0.1617547869682312
2026-04-23 07:32:06.200,3509417.625026449,779147.5462957602,5250980.009578752,-46260.68583650859,37.08451047509063,-0.020919949747622013,0.1691843057051301,0.051462575793266296
2026-04-23 07:32:06.300,3509417.6383267893,779147.5460496135,5250980.007085312,-46265.14951235634,37.040826222665416,0.1330034015700221,-0.0024614669382572174,-0.024934401735663414
2026-04-23 07:32:06.400,3509417.6393495696,779147.5590538644,5250980.014258908,-46269.615591962734,37.06603288257203,0.010227803140878677,0.13004250940866768,0.07173595950007439
2026-04-23 07:32:06.500,3509417.647559594,779147.5664191444,5250980.017393456,-46274.08203789056,37.10118878267747,0.08210024330765009,0.07365279947407544,0.03134547732770443
2026-04-23 07:32:06.600,3509417.6607326367,779147.5670358584,5250980.016880106,-46278.543727732525,37.05024982543045,0.1317304279655218,0.006167140090838075,-0.005133496597409248
2026-04-23 07:32:06.700,3509417.671395,779147.5694979017,5250980.015326543,-46283.004569220066,37.0100447265594,0.1066236337646842,0.024620433105155826,-0.015535634011030197
2026-04-23 07:32:06.800,3509417.6816521604,779147.5713834951,5250980.007194894,-46287.473442045324,36.977343053038545,0.10257160291075706,0.018855934031307697,-0.08131648413836956
2026-04-23 07:32:06.900,3509418.541422957,779146.7167263789,5250979.345924601,-46291.66982100583,39.35601411030969,8.597707967273891,-8.546571162296459,-6.612702934071422
2026-04-23 07:32:07.000,3509418.5487420377,779146.7246800553,5250979.347048571,-46296.14380864898,39.35521592938697,0.07319080643355846,0.07953676395118237,0.011239703744649887
2026-04-23 07:32:07.100,3509417.7490893635,779147.5458603223,5250979.984651615,-46300.8593369394,36.64568390568367,-7.996526742354035,8.21180267026648,6.376030435785651
2026-04-23 07:32:07.200,3509417.756336089,779147.5529772538,5250979.9894906925,-46305.3131274893,36.65903416823033,0.07246725726872683,0.07116931490600109,0.04839077591896057
2026-04-23 07:32:07.300,3509417.765394995,779147.5571037176,5250979.992154884,-46309.7698758402,36.66168253907562,0.09058905765414238,0.0412646378390491,0.02664191648364067
2026-04-23 07:32:07.400,3509417.795598303,779147.539795003,5250979.974615945,-46314.228050090176,36.501186153435064,0.3020330797880888,-0.17308714566752315,-0.17538939602673054
2026-04-23 07:32:07.500,3509417.832037725,779147.5204258634,5250979.960411607,-46318.672971773056,36.32037477152276,0.3643942205235362,-0.193691395688802,-0.14204337261617184
2026-04-23 07:32:07.600,3509417.867795123,779147.4955346029,5250979.939606155,-46323.12940073845,36.133947241658994,0.3575739776715636,-0.24891260545700788,-0.20805452018976212
2026-04-23 07:32:07.700,3509417.903343188,779147.4702364188,5250979.913938749,-46327.58829226779,35.93062966737344,0.35548065323382616,-0.2529818413313478,-0.25667406618595123
2026-04-23 07:32:07.800,3509417.946761783,779147.4400137844,5250979.885745324,-46332.03836140427,35.71077171207394,0.4341859510168433,-0.30222634319216013,-0.28193424455821514
2026-04-23 07:32:07.900,3509417.9860883183,779147.4161008288,5250979.867950803,-46336.48864140997,35.52551853111711,0.3932653507217765,-0.23912955657579005,-0.17794521525502205
2026-04-23 07:32:08.000,3509418.013558375,779147.3991999828,5250979.851326403,-46340.94681034635,35.406335662642036,0.27470056898891926,-0.16900846036151052,-0.16624399460852146
2026-04-23 07:32:08.100,3509418.0432800017,779147.3838893585,5250979.833074882,-46345.40190636432,35.26223470816061,0.2972162654623389,-0.15310624265111983,-0.1825152151286602
2026-04-23 07:32:08.200,3509418.0768434918,779147.3676260939,5250979.819534828,-46349.84998879456,35.13074324544543,0.3356349002569914,-0.16263264580629766,-0.13540053740143776
2026-04-23 07:32:08.300,3509418.6539235646,779146.8003459787,5250979.375501168,-46354.125805616386,39.302588127690036,5.770800728350878,-5.672801152104512,-4.440336599946022
2026-04-23 07:32:08.400,3509418.665653099,779146.8067512625,5250979.375589023,-46358.58062956046,39.27099638773962,0.1172953424975276,0.06405283813364804,0.0008785538375377655
2026-04-23 07:32:08.500,3509418.674341459,779146.8130013435,5250979.381148734,-46363.03708938897,39.262526407540086,0.0868835998699069,0.06250081001780927,0.055597107857465744
2026-04-23 07:32:08.600,3509418.6819390263,779146.8210451857,5250979.385380377,-46367.492829723684,39.234115549119174,0.0759756751358509,0.0804384215734899,0.04231642931699753
2026-04-23 07:32:08.700,3509418.631375491,779146.8888760068,5250979.434008021,-46371.96887187556,33.61177567227644,-0.5056353518739343,0.6783082114998251,0.486276438459754
2026-04-23 07:32:08.800,3509418.62358761,779146.9135535673,5250979.448212289,-46376.43246814654,33.59512957304428,-0.07787880953401327,0.2467756043188274,0.14204268343746662
2026-04-23 07:32:08.900,3509418.6339815953,779146.9201891397,5250979.452909295,-46380.88765224165,33.58258316876859,0.10393985081464052,0.0663557241205126,0.04697006195783615
2026-04-23 07:32:09.000,3509418.64546115,779146.919993056,5250979.447130143,-46385.34073074493,33.56696841410787,0.11479554697871208,-0.0019608368165791035,-0.05779152736067772
2026-04-23 07:32:09.100,3509418.6560392957,779146.9243962336,5250979.440710959,-46389.793970422616,33.558311878181925,0.10578145738691092,0.0440317764878273,-0.06419183686375618
2026-04-23 07:32:09.200,3509418.6592467143,779146.934959263,5250979.453067724,-46394.25190261772,33.55731019996686,0.03207418601959944,0.10563029325567186,0.12356764636933804
2026-04-23 07:32:09.300,3509418.663707247,779146.9493699612,5250979.45726677,-46398.71260000329,33.52779448097363,0.04460532683879137,0.14410698204301298,0.04199046641588211
2026-04-23 07:32:09.400,3509418.659939744,779146.9675260205,5250979.469634812,-46403.17805411071,33.52716449006001,-0.03767502959817648,0.18156059319153428,0.12368042021989822
2026-04-23 07:32:09.500,3509418.659244385,779146.983152718,5250979.479738623,-46407.638905364256,33.50885716405986,-0.006953589618206024,0.1562669756822288,0.10103810578584671
2026-04-23 07:32:09.600,3509418.6665631765,779146.9932792953,5250979.481875602,-46412.09004295019,33.4860277473504,0.07318791467696428,0.10126577224582434,0.02136979252099991
2026-04-23 07:32:09.700,3509418.675285823,779147.0013520684,5250979.482701617,-46416.54826671976,33.455355585899966,0.08722646627575159,0.08072773111052811,0.008260151371359825
2026-04-23 07:32:09.800,3509418.684064077,779147.0057293447,5250979.483822521,-46421.00289645774,33.43244058489069,0.087782540358603,0.043772762874141335,0.0112090352922678
2026-04-23 07:32:09.900,3509418.6934237187,779147.008150478,5250979.483307425,-46425.46442711846,33.427617877845464,0.09359641466289759,0.02421133336611092,-0.005150958895683289
2026-04-23 07:32:10.000,3509418.709810714,779147.008279521,5250979.484162803,-46429.92057227781,33.4132133214376,0.1638699509203434,0.0012904300820082426,0.008553778752684593
2026-04-23 07:32:10.100,3509418.7241884414,779147.0106542198,5250979.485988344,-46434.37311618059,33.38392139759922,0.14377727638930082,0.023746987571939826,0.018255412578582764
2026-04-23 07:32:10.200,3509418.7390515744,779147.0130146381,5250979.4843731,-46438.82080099264,33.34085442172048,0.1486313296481967,0.02360418322496116,-0.016152439638972282
2026-04-23 07:32:10.300,3509418.747661851,779147.0131088227,5250979.481338328,-46443.27291226082,33.34463571616948,0.08610276505351067,0.0009418465197086334,-0.03034772351384163
2026-04-23 07:32:10.400,3509418.7646108405,779147.0115103606,5250979.477620677,-46447.72906507897,33.33488837157479,0.1694898959249258,-0.015984621131792665,-0.03717650659382343
2026-04-23 07:32:10.500,3509418.7764397776,779147.011189796,5250979.471567632,-46452.18045880996,33.3296121352554,0.11828937102109194,-0.003205646062269807,-0.06053045392036438
2026-04-23 07:32:10.600,3509418.788017475,779147.0104820444,5250979.475176549,-46456.63349765225,33.31694766323413,0.11577697470784187,-0.007077516056597233,0.03608916886150837
2026-04-23 07:32:10.700,3509418.799223519,779147.0090907952,5250979.469647438,-46461.09754043517,33.298911482960335,0.11206043884158134,-0.01391249243170023,-0.055291103199124336
2026-04-23 07:32:10.800,3509418.8103128406,779147.0121771743,5250979.467586221,-46465.56763267196,33.28450676242164,0.11089321691542864,0.030863791471347213,-0.020612170919775963
2026-04-23 07:32:10.900,3509418.8190589873,779147.0080988953,5250979.456314639,-46470.03157490853,33.27415711471359,0.08746146690100431,-0.040782790165394545,-0.112715819850564
2026-04-23 07:32:11.000,3509418.8293967317,779147.0097713517,5250979.453095076,-46474.49212262563,33.26488807676541,0.10337744373828173,0.016724563902243972,-0.03219563513994217
2026-04-23 07:32:11.100,3509418.836033598,779147.0096600947,5250979.45366814,-46478.951251707935,33.26829320429676,0.06636866368353367,-0.0011125695891678333,0.005730642005801201
2026-04-23 07:32:11.200,3509418.8484029146,779147.0079497861,5250979.455196027,-46483.412909580744,33.27497584520176,0.12369316536933184,-0.017103085992857814,0.01527886837720871
2026-04-23 07:32:11.300,3509418.8591451673,779147.0044387869,5250979.445928967,-46487.88021998711,33.26158279164049,0.10742252692580223,-0.03510999260470271,-0.09267060086131096
2026-04-23 07:32:11.400,3509418.874432316,779146.9994546986,5250979.444524122,-46492.34070405587,33.25883075460419,0.15287148766219616,-0.049840882420539856,-0.014048442244529724
2026-04-23 07:32:11.500,3509418.8869367107,779146.9917217151,5250979.442198517,-46496.80234182486,33.26024118808654,0.12504394631832838,-0.07732983562164009,-0.023256056010723114
2026-04-23 07:32:11.600,3509418.8983358275,779146.9856633779,5250979.434297228,-46501.270703479364,33.23954686018555,0.11399116832762957,-0.06058337166905403,-0.07901288568973541
2026-04-23 07:32:11.700,3509418.910063823,779146.9781510609,5250979.4230275545,-46505.75179981435,33.23540544012792,0.11727995704859495,-0.07512317039072514,-0.11269673705101013
2026-04-23 07:32:11.800,3509418.923465436,779146.9740131724,5250979.420836809,-46510.22366757976,33.22943756927133,0.13401612639427185,-0.0413788843434304,-0.02190745435655117
2026-04-23 07:32:11.900,3509418.8958775694,779147.0096250484,5250979.444655905,-46514.70410987929,38.74069532883145,-0.2758786641061306,0.3561187593732029,0.23819095455110073
2026-04-23 07:32:12.000,3509419.1911929413,779146.7160523245,5250979.221773289,-46519.08340401608,33.579417566914415,2.953153718262911,-2.9357272386550903,-2.228826154023409
2026-04-23 07:32:12.100,3509419.2032763343,779146.703228963,5250979.206181266,-46523.55049951027,33.59127720646682,0.12083393055945635,-0.12823361554183066,-0.1559202279895544
2026-04-23 07:32:12.200,3509419.2089168057,779146.7051980427,5250979.210872412,-46528.00823405867,33.583378114004624,0.0564047135412693,0.019690797198563814,0.0469114538282156
2026-04-23 07:32:12.300,3509419.2175689964,779146.6968735402,5250979.204323975,-46532.46698399745,33.600487332966985,0.08652190677821636,-0.08324502501636744,-0.06548436358571053
2026-04-23 07:32:12.400,3509419.2281734785,779146.690763494,5250979.202056788,-46536.934145203624,33.60962896028401,0.10604482144117355,-0.061100461753085256,-0.02267187461256981
2026-04-23 07:32:12.500,3509419.2330086,779146.688846862,5250979.2012302205,-46541.41336900577,33.60991602432021,0.048351213335990906,-0.01916632056236267,-0.008265674114227295
2026-04-23 07:32:12.600,3509419.238150673,779146.685643961,5250979.198430774,-46545.89724348196,33.59812957808903,0.05142073146998882,-0.03202900988981128,-0.027994466945528984
2026-04-23 07:32:12.700,3509418.913140604,779147.0185753457,5250979.456727743,-46550.48201561581,38.620411526220856,-3.2501006918027997,3.329313847934827,2.582969693467021
2026-04-23 07:32:12.800,3509419.161179884,779146.7655162748,5250979.261105147,-46554.87943299356,33.37648133081132,2.48039280064404,-2.5305907090660185,-1.956225959584117
2026-04-23 07:32:12.900,3509419.1493758215,779146.7814565978,5250979.279569893,-46559.352359505036,33.331981830268376,-0.11804062407463789,0.15940323006361723,0.18464745953679085
2026-04-23 07:32:13.000,3509418.916031348,779147.0186981619,5250979.465606146,-46563.89689811951,38.59092661935312,-2.3334447341039777,2.3724156408570707,1.8603625241667032
2026-04-23 07:32:13.100,3509418.9174607466,779147.0180112137,5250979.465109376,-46568.377490312734,38.58569732816746,0.014293985441327095,-0.0068694818764925,-0.004967693239450455
2026-04-23 07:32:13.200,3509418.9160719453,779147.015757475,5250979.466928584,-46572.86553953544,38.57914802874377,-0.013888012617826462,-0.02253738697618246,0.018192073330283165
2026-04-23 07:32:13.300,3509418.9173332285,779147.0142175542,5250979.468592438,-46577.35173197049,38.57682123834996,0.01261283177882433,-0.01539920805953443,0.01663854345679283
2026-04-23 07:32:13.400,3509418.917614816,779147.0115449205,5250979.467677748,-46581.83644109978,38.59323716230125,0.0028158770874142647,-0.02672633738256991,-0.009146900847554207
2026-04-23 07:32:13.500,3509418.915372433,779147.0107154148,5250979.467682514,-46586.32854318986,38.58584076784576,-0.022423830814659595,-0.008295057341456413,4.766508936882019e-05
2026-04-23 07:32:13.600,3509418.9168310836,779147.0070639488,5250979.470523913,-46590.81957838554,38.59311193736254,0.01458650454878807,-0.03651465987786651,0.028413990512490273
2026-04-23 07:32:13.700,3509418.9151568115,779147.0065502466,5250979.465458495,-46595.322232622006,38.567197921129086,-0.01674272119998932,-0.005137021653354168,-0.05065418779850006
2026-04-23 07:32:13.800,3509418.9141589226,779147.0051222118,5250979.463075545,-46599.81878478084,38.57331986080107,-0.009978888556361198,-0.014280348550528288,-0.023829499259591103
2026-04-23 07:32:13.900,3509418.9158742055,779147.0047467086,5250979.462118932,-46604.31329804878,38.57154988734728,0.017152829095721245,-0.0037550320848822594,-0.009566126391291618
2026-04-23 07:32:14.000,3509418.9182532215,779147.0014233694,5250979.467065768,-46608.80192226247,38.56448134983825,0.023790160194039345,-0.03323339158669114,0.04946836270391941
2026-04-23 07:32:14.100,3509418.9175341832,779147.0009360431,5250979.466471363,-46613.30215211151,38.567564605494304,-0.007190383039414883,-0.0048732629511505365,-0.005944054573774338
2026-04-23 07:32:14.200,3509418.916338442,779146.9964316649,5250979.462326635,-46617.81534207472,38.55785979906456,-0.011957413516938686,-0.045043781865388155,-0.04144728183746338
2026-04-23 07:32:14.300,3509418.9173813006,779146.9946275381,5250979.460986244,-46622.32190011105,38.548133987738424,0.010428586974740028,-0.018041267758235335,-0.013403911143541336
2026-04-23 07:32:14.400,3509418.9171274425,779146.9922955547,5250979.458370454,-46626.813014834675,38.54301770066149,-0.002538580447435379,-0.023319834144786,-0.02615789882838726
2026-04-23 07:32:14.500,3509418.9163941713,779146.9873259945,5250979.452932382,-46631.301857098064,38.559720040346264,-0.007332712411880493,-0.04969560191966593,-0.054380716755986214
2026-04-23 07:32:14.600,3509418.913935505,779146.9864435024,5250979.4516796125,-46635.80001159993,38.51180588996026,-0.024586664512753487,-0.008824921678751707,-0.012527694925665855
2026-04-23 07:32:14.700,3509418.910546135,779146.984360906,5250979.44033126,-46640.29504907813,38.489534182730246,-0.03389369696378708,-0.020825964165851474,-0.11348352767527103
2026-04-23 07:32:14.800,3509418.911814056,779146.980980378,5250979.4349357635,-46644.77379042613,38.503067962423735,0.012679207138717175,-0.03380527952685952,-0.05395496264100075
2026-04-23 07:32:14.900,3509418.9104501195,779146.9787047276,5250979.43129622,-46649.245920104804,38.50178287486701,-0.013639363460242748,-0.022756503894925117,-0.03639543429017067
2026-04-23 07:32:15.000,3509418.912366423,779146.9759704323,5250979.433068995,-46653.70547423765,38.4857661395031,0.019163032993674278,-0.027342953253537416,0.017727753147482872
2026-04-23 07:32:15.100,3509418.9125340492,779146.9699347033,5250979.426099755,-46658.175020494156,38.469595452776005,0.0016762642189860344,-0.06035728962160647,-0.06969240494072437
2026-04-23 07:32:15.200,3509418.9082984044,779146.9636609583,5250979.416538944,-46662.65423612121,38.46653161674799,-0.042356448248028755,-0.06273744977079332,-0.09560811333358288
2026-04-23 07:32:15.300,3509418.9057495836,779146.9617101196,5250979.411663278,-46667.12206214346,38.468991516166675,-0.025488208048045635,-0.01950838719494641,-0.04875665530562401
2026-04-23 07:32:15.400,3509418.90637805,779146.9576065774,5250979.411788147,-46671.5789103885,38.47221572019753,0.006284662522375584,-0.04103542189113796,0.0012486893683671951
2026-04-23 07:32:15.500,3509418.906624076,779146.952737714,5250979.399770171,-46676.03189454363,38.4532591067999,0.0024602608755230904,-0.04868863383308053,-0.12017975561320782
2026-04-23 07:32:15.600,3509418.906632394,779146.94718822,5250979.392889402,-46680.47305910078,38.436517388695705,8.318107575178146e-05,-0.05549494060687721,-0.0688076950609684
2026-04-23 07:32:15.700,3509418.9044971033,779146.9418036948,5250979.390147587,-46684.92238108347,38.43992665100213,-0.02135290764272213,-0.053845251677557826,-0.027418145909905434
2026-04-23 07:32:15.800,3509418.906537964,779146.938990066,5250979.390592731,-46689.367291681796,38.44895784391603,0.020408607088029385,-0.02813628874719143,0.0044514331966638565
2026-04-23 07:32:15.900,3509418.9083851804,779146.9338390473,5250979.386000771,-46693.818355207215,38.45010273641273,0.018472163937985897,-0.05151018616743386,-0.045919595286250114
2026-04-23 07:32:16.000,3509418.9101766213,779146.931780038,5250979.383775699,-46698.27057827118,38.4367888922241,0.017914408817887306,-0.020590092753991485,-0.022250721231102943
2026-04-23 07:32:16.100,3509418.911661714,779146.928576828,5250979.388770668,-46702.726566281,38.47104672881667,0.014850925654172897,-0.03203210071660578,0.04994968883693218
2026-04-23 07:32:16.200,3509418.909928533,779146.9223018723,5250979.379050087,-46707.196266989675,38.46054031138257,-0.017331810668110847,-0.06274955696426332,-0.09720580652356148
2026-04-23 07:32:16.300,3509418.9126851163,779146.9169154018,5250979.376413279,-46711.66665353047,38.48768648134813,0.027565835043787956,-0.05386470467783511,-0.02636807970702648
2026-04-23 07:32:16.400,3509418.9145866125,779146.912988067,5250979.376807027,-46716.13395435511,38.51120588775457,0.019014962017536163,-0.03927334793843329,0.0039374735206365585
2026-04-23 07:32:16.500,3509418.9154518493,779146.9081129073,5250979.3776448155,-46720.603348463934,38.5302434823354,0.008652368560433388,-0.04875159705989063,0.008377889171242714
2026-04-23 07:32:16.600,3509418.9184121164,779146.905357353,5250979.377872787,-46725.074229892925,38.563260309429886,0.02960267011076212,-0.027555542765185237,0.0022797193378210068
2026-04-23 07:32:16.700,3509418.916808963,779146.8981791144,5250979.366740426,-46729.55269228978,38.59180473243013,-0.0160315353423357,-0.07178238593041897,-0.11132361367344856
2026-04-23 07:32:16.800,3509418.9180777534,779146.8930137294,5250979.367045609,-46734.02158169792,38.625599056016085,0.012687905691564083,-0.05165385082364082,0.0030518323183059692
2026-04-23 07:32:16.900,3509418.917735364,779146.8886057709,5250979.367402695,-46738.50121845738,38.64822917004283,-0.003423895686864853,-0.04407958476804197,0.0035708583891391754
2026-04-23 07:32:17.000,3509418.918764408,779146.8841462248,5250979.362709137,-46742.980758035366,38.68905528224949,0.010290443897247314,-0.04459546064026654,-0.046935584396123886
2026-04-23 07:32:17.100,3509418.9208050915,779146.8784317623,5250979.362779312,-46747.450424735245,38.71810161246683,0.020406832918524742,-0.057144624879583716,0.0007017515599727631
2026-04-23 07:32:17.200,3509418.922639499,779146.872500397,5250979.357373147,-46751.9176516008,38.75251756339447,0.018344074487686157,-0.05931365303695202,-0.05406164564192295
2026-04-23 07:32:17.300,3509418.9187236764,779146.8677255799,5250979.35265828,-46756.39215821319,38.78011244181646,-0.03915822599083185,-0.04774817149154842,-0.04714867100119591
2026-04-23 07:32:17.400,3509418.9168626657,779146.8602933638,5250979.3494903995,-46760.87783127904,38.8203128038681,-0.01861010678112507,-0.07432216079905629,-0.031678806990385056
2026-04-23 07:32:17.500,3509418.91857747,779146.8535982431,5250979.338674733,-46765.35935006191,38.83005368355721,0.01714804209768772,-0.06695120711810887,-0.10815666057169437
2026-04-23 07:32:17.600,3509418.917635031,779146.8482552936,5250979.335582451,-46769.836616550485,38.85797116054251,-0.009424388408660889,-0.05342949531041086,-0.030922824516892433
2026-04-23 07:32:17.700,3509418.9168355893,779146.8435134946,5250979.330354995,-46774.3105014792,38.88496715549675,-0.00799441710114479,-0.04741798969916999,-0.05227455869317055
2026-04-23 07:32:17.800,3509418.9166030665,779146.836547489,5250979.3274069,-46778.79086596796,38.92412494056604,-0.002325228415429592,-0.0696600554510951,-0.02948095090687275
2026-04-23 07:32:17.900,3509418.9171867217,779146.8297840806,5250979.323945415,-46783.2846544483,38.958056799364876,0.005836552008986473,-0.06763408426195383,-0.03461484797298908
2026-04-23 07:32:18.000,3509418.91567057,779146.8231623028,5250979.321267953,-46787.781649102544,38.97258956063093,-0.015161517076194286,-0.06621777778491378,-0.02677462063729763
2026-04-23 07:32:18.100,3509418.9130604835,779146.8195815643,5250979.320094394,-46792.27729229006,38.98978849765125,-0.02610086463391781,-0.035807385575026274,-0.011735595762729645
2026-04-23 07:32:18.200,3509418.912572798,779146.8150036528,5250979.319742353,-46796.77102459072,39.02205630589669,-0.004876856692135334,-0.045779114589095116,-0.003520408645272255
2026-04-23 07:32:18.300,3509418.910894966,779146.8094918695,5250979.317349704,-46801.25695427851,39.0475269957275,-0.016778316348791122,-0.05511783296242356,-0.02392648719251156
2026-04-23 07:32:18.400,3509418.9089852483,779146.8032712349,5250979.309752948,-46805.74473943702,39.067830365165996,-0.019097179174423218,-0.062206346774473786,-0.075967563316226
2026-04-23 07:32:18.500,3509418.906641518,779146.7978221911,5250979.307248883,-46810.246083317084,39.07228641535983,-0.023437300696969032,-0.05449043703265488,-0.025040647014975548
2026-04-23 07:32:18.600,3509418.902639272,779146.7935738077,5250979.306212619,-46814.73916909047,39.107247473926215,-0.040022460743784904,-0.04248383454978466,-0.010362640023231506
2026-04-23 07:32:18.700,3509418.899186968,779146.7881795475,5250979.303170584,-46819.228667436255,39.12704114111664,-0.03452304285019636,-0.053942601662129164,-0.030420348048210144
2026-04-23 07:32:18.800,3509418.898847868,779146.7851407678,5250979.307631756,-46823.70178734068,39.15017331594093,-0.003390996716916561,-0.030387797160074115,0.044611720368266106
2026-04-23 07:32:18.900,3509418.8965031686,779146.7808391227,5250979.303256438,-46828.15193805854,39.1739946576399,-0.02344699576497078,-0.04301645094528794,-0.04375318065285683
2026-04-23 07:32:19.000,3509418.8939331933,779146.7752990087,5250979.30010021,-46832.593781578624,39.2046454143349,-0.025699753314256668,-0.05540114012546837,-0.03156227990984917
2026-04-23 07:32:19.100,3509418.8924510027,779146.7742172441,5250979.300168343,-46837.055991743575,39.227688460502,-0.014821905642747879,-0.010817645816132426,0.0006813276559114456
2026-04-23 07:32:19.200,3509418.8900939957,779146.7681533468,5250979.296292963,-46841.52019470665,39.288802107852,-0.023570070043206215,-0.060638972790911794,-0.03875379450619221
2026-04-23 07:32:19.300,3509418.8864093674,779146.7631417486,5250979.289292391,-46845.98180830427,39.31424003111963,-0.03684628289192915,-0.05011598230339587,-0.07000572048127651
2026-04-23 07:32:19.400,3509418.886174315,779146.7624966719,5250979.295131012,-46850.42736018938,39.32456473770256,-0.0023505231365561485,-0.006450767396017909,0.05838620476424694
2026-04-23 07:32:19.500,3509418.8838918535,779146.7567915223,5250979.288067128,-46854.88632344608,39.363911417040846,-0.02282461617141962,-0.05705149611458182,-0.07063884288072586
2026-04-23 07:32:19.600,3509418.882609714,779146.7533651465,5250979.285235602,-46859.34634535361,39.393619249694375,-0.012821396812796593,-0.03426375798881054,-0.02831525169312954
2026-04-23 07:32:19.700,3509418.8846327695,779146.7508915332,5250979.2879101485,-46863.80324792008,39.42743464407521,0.020230556838214397,-0.024736132472753525,0.02674546092748642
2026-04-23 07:32:19.800,3509418.882462482,779146.746065765,5250979.283826962,-46868.263997730886,39.46452711136303,-0.02170287538319826,-0.04825768177397549,-0.04083186388015747
2026-04-23 07:32:19.900,3509418.8823804767,779146.7425818857,5250979.280628391,-46872.72854146594,39.49822031861557,-0.0008200528100132942,-0.03483879379928112,-0.03198571503162384
2026-04-23 07:32:20.000,3509418.8798743086,779146.7408236023,5250979.276309173,-46877.19835762314,39.50903327982335,-0.02506168093532324,-0.017582833534106612,-0.0431921798735857
2026-04-23 07:32:20.100,3509418.8783598,779146.7374173988,5250979.276385279,-46881.653128769925,39.54066467196015,-0.015145083889365196,-0.034062034683302045,0.0007610674947500229
2026-04-23 07:32:20.200,3509418.8790112757,779146.7345663911,5250979.271956202,-46886.108791612554,39.55765042352538,0.006514755077660084,-0.028510077390819788,-0.044290777295827866
2026-04-23 07:32:20.300,3509418.8771415846,779146.7297189089,5250979.268315437,-46890.56901113309,39.60133708926006,-0.018696910701692104,-0.04847482196055353,-0.03640764392912388
2026-04-23 07:32:20.400,3509418.8755599614,779146.7236548206,5250979.262276709,-46895.0204956521,39.633643897945966,-0.015816232189536095,-0.060640883166342974,-0.06038728170096874
2026-04-23 07:32:20.500,3509418.876134996,779146.7207529908,5250979.259193543,-46899.44729001528,39.67360138233361,0.005750344134867191,-0.029018297791481018,-0.030831657350063324
2026-04-23 07:32:20.600,3509418.874525238,779146.7173688954,5250979.251162759,-46903.8580679339,39.68586548408997,-0.016097580082714558,-0.03384095383808017,-0.0803078431636095
2026-04-23 07:32:20.700,3509418.8746506325,779146.7126900672,5250979.24547457,-46908.25388257331,39.704311912090844,0.0012539466843008995,-0.04678828176110983,-0.05688188597559929
2026-04-23 07:32:20.800,3509418.8727368433,779146.7087464898,5250979.237574254,-46912.58463419213,39.72538608282097,-0.019137891940772533,-0.039435774087905884,-0.07900316268205643
2026-04-23 07:32:20.900,3509418.872755013,779146.7053178141,5250979.233992248,-46916.85268919989,39.75477957072123,0.00018169637769460678,-0.03428675699979067,-0.03582006320357323
2026-04-23 07:32:21.000,3509418.8704686146,779146.7011798118,5250979.228171048,-46921.19015443381,39.74961292990353,-0.022863983176648617,-0.04138002288527787,-0.058212000876665115
2026-04-23 07:32:21.100,3509418.867677334,779146.6982640387,5250979.216326736,-46925.56925283578,39.752944284142025,-0.027912803925573826,-0.029157731914892793,-0.11844311840832233
2026-04-23 07:32:21.200,3509418.86592901,779146.6923381444,5250979.209675601,-46929.96287104816,39.77633828341439,-0.017483243718743324,-0.05925894249230623,-0.0665113516151905
2026-04-23 07:32:21.300,3509418.8646905585,779146.68811898,5250979.20285237,-46934.30953945571,39.783524560196,-0.012384513393044472,-0.04219164373353124,-0.06823230534791946
2026-04-23 07:32:21.400,3509418.861913695,779146.684965016,5250979.19468259,-46938.6237790566,39.78926601377648,-0.02776863519102335,-0.03153964062221348,-0.08169780485332012
2026-04-23 07:32:21.500,3509418.8587148255,779146.6823029426,5250979.1868172875,-46942.94267274261,39.80494719836545,-0.03198869526386261,-0.02662073355168104,-0.07865302264690399
2026-04-23 07:32:21.600,3509418.860476048,779146.6764824615,5250979.17205223,-46947.313697527774,39.81010901271019,0.017612227238714695,-0.058204811066389084,-0.1476505771279335
2026-04-23 07:32:21.700,3509418.8552381448,779146.6731923082,5250979.163955459,-46951.69645178177,39.83918413947111,-0.05237903445959091,-0.03290153341367841,-0.08096770383417606
2026-04-23 07:32:21.800,3509418.850606542,779146.66991984,5250979.14814477,-46956.099807694896,39.87358254784386,-0.04631602670997381,-0.03272468224167824,-0.15810688957571983
2026-04-23 07:32:21.900,3509418.850382332,779146.6667422828,5250979.139408026,-46960.51653154135,39.90872023675831,-0.0022420985624194145,-0.031775571405887604,-0.08736744523048401
2026-04-23 07:32:22.000,3509418.8461918365,779146.6647631539,5250979.126890482,-46964.93203328998,39.933508312670504,-0.04190495703369379,-0.01979128923267126,-0.12517543509602547
2026-04-23 07:32:22.100,3509418.8450504653,779146.6645979815,5250979.12286297,-46969.34718242609,39.939282319678654,-0.011413712054491043,-0.0016517238691449165,-0.04027511924505234
2026-04-23 07:32:22.200,3509418.8427694147,779146.6614730795,5250979.120029805,-46973.7512681558,39.963446636630344,-0.022810506634414196,-0.031249020248651505,-0.028331652283668518
2026-04-23 07:32:22.300,3509418.8409310966,779146.6599556662,5250979.109724472,-46978.140552810284,39.99430870441824,-0.01838318072259426,-0.015174133004620671,-0.10305332951247692
2026-04-23 07:32:22.400,3509418.8409974114,779146.652879816,5250979.095298094,-46982.56890481029,40.04181143612817,0.0006631482392549515,-0.0707585015334189,-0.14426378533244133
2026-04-23 07:32:22.500,3509418.837176647,779146.6479161964,5250979.083245796,-46987.029242150726,40.059370633798515,-0.038207643665373325,-0.049636196345090866,-0.12052297592163086
2026-04-23 07:32:22.600,3509418.836650954,779146.6446745103,5250979.082561076,-46991.475531471326,40.08149877888426,-0.005256929434835911,-0.03241686034016311,-0.006847204640507698
2026-04-23 07:32:22.700,3509418.8329712227,779146.640517275,5250979.071422718,-46995.93372756738,40.086303174775516,-0.03679731395095587,-0.041572353802621365,-0.11138357222080231
2026-04-23 07:32:22.800,3509418.8316166922,779146.6387764475,5250979.062467157,-47000.38891494795,40.09842821915668,-0.013545304536819458,-0.017408274579793215,-0.08955561555922031
2026-04-23 07:32:22.900,3509418.8290722473,779146.6349297487,5250979.05618759,-47004.84126553923,40.11405674547638,-0.025444449856877327,-0.03846698789857328,-0.06279567256569862
2026-04-23 07:32:23.000,3509418.823771173,779146.6292407439,5250979.0468711015,-47009.30393157627,40.12598876650833,-0.053010741248726845,-0.056890047853812575,-0.09316488169133663
2026-04-23 07:32:23.100,3509418.818367332,779146.6271392567,5250979.038788172,-47013.78033618569,40.1336324749561,-0.054038409143686295,-0.02101487247273326,-0.08082929067313671
2026-04-23 07:32:23.200,3509418.8139254306,779146.6231954257,5250979.02780002,-47018.26516656765,40.137941760981725,-0.044419015757739544,-0.039438309613615274,-0.10988152585923672
2026-04-23 07:32:23.300,3509418.8072893703,779146.6176159305,5250979.017753798,-47022.74816734536,40.14831803346818,-0.06636060308665037,-0.055794952204450965,-0.10046222247183323
2026-04-23 07:32:23.400,3509418.8014291828,779146.6142105309,5250979.00628991,-47027.24206431307,40.159355242154355,-0.05860187578946352,-0.034053996205329895,-0.11463887989521027
2026-04-23 07:32:23.500,3509418.7978454875,779146.6114308194,5250978.998962399,-47031.731457488284,40.15719709012816,-0.03583695273846388,-0.02779711503535509,-0.07327510975301266
2026-04-23 07:32:23.600,3509418.792635024,779146.6079923527,5250978.991564465,-47036.221389895756,40.16566565352557,-0.05210463423281908,-0.034384666942059994,-0.0739793386310339
2026-04-23 07:32:23.700,3509418.789581335,779146.6039878825,5250978.9845585525,-47040.73801565388,40.18979353638408,-0.030536889098584652,-0.04004470189101994,-0.07005912251770496
2026-04-23 07:32:23.800,3509418.785611942,779146.6012601801,5250978.978186705,-47045.272716401836,40.19422311132991,-0.03969393204897642,-0.02727702376432717,-0.06371847353875637
2026-04-23 07:32:23.900,3509418.780022968,779146.5953243575,5250978.96745957,-47049.80425115464,40.219226826534104,-0.055889738723635674,-0.059358226135373116,-0.10727135464549065
2026-04-23 07:32:24.000,3509418.7749592774,779146.5924074872,5250978.961330474,-47054.329840653176,40.23828533007966,-0.05063690710812807,-0.029168702894821763,-0.06129095330834389
2026-04-23 07:32:24.100,3509418.768655748,779146.5887777247,5250978.950326927,-47058.87266929134,40.25485311356508,-0.06303529255092144,-0.036297625629231334,-0.11003547348082066
2026-04-23 07:32:24.200,3509418.764281679,779146.5844539927,5250978.939686765,-47063.42943511905,40.25773857626747,-0.04374069161713123,-0.043237319914624095,-0.10640162043273449
2026-04-23 07:32:24.300,3509418.759732983,779146.580976489,5250978.935130097,-47067.98685502739,40.272715999749884,-0.04548695869743824,-0.03477503661997616,-0.045566679909825325
2026-04-23 07:32:24.400,3509418.7546383706,779146.5791991309,5250978.925213749,-47072.54269027572,40.273979779753574,-0.0509461248293519,-0.017773581203073263,-0.0991634838283062
2026-04-23 07:32:24.500,3509418.7495689536,779146.5775308241,5250978.91762293,-47077.10109344722,40.294712153242976,-0.050694169476628304,-0.01668306766077876,-0.07590818218886852
2026-04-23 07:32:24.600,3509418.7427071435,779146.5745941491,5250978.907485293,-47081.67039508982,40.30477054248764,-0.06861810106784105,-0.029366749804466963,-0.1013763714581728
2026-04-23 07:32:24.700,3509418.7417488545,779146.5728248584,5250978.903598404,-47086.23064805635,40.29945134747845,-0.009582890197634697,-0.017692907713353634,-0.038868896663188934
2026-04-23 07:32:24.800,3509418.7394578485,779146.5709384017,5250978.899473665,-47090.7947878722,40.32172381686249,-0.022910060361027718,-0.018864566227421165,-0.04124738276004791
2026-04-23 07:32:24.900,3509418.734088923,779146.5666487861,5250978.893859685,-47095.364890890865,40.33433542501108,-0.05368925631046295,-0.042896156664937735,-0.05613979883491993
2026-04-23 07:32:25.000,3509418.733044673,779146.5622980652,5250978.88651966,-47099.93920674008,40.33639303176326,-0.01044249627739191,-0.04350720904767513,-0.07340025156736374
2026-04-23 07:32:25.100,3509418.7338584606,779146.5625438938,5250978.881736597,-47104.51216350108,40.332612184360286,0.008137873373925686,0.0024582864716649055,-0.04783063195645809
2026-04-23 07:32:25.200,3509418.7416152637,779146.563679336,5250978.884302156,-47109.079675291454,40.315324469843624,0.07756803184747696,0.011354421731084585,0.025655589997768402
2026-04-23 07:32:25.300,3509418.7432010435,779146.5677057953,5250978.889385687,-47113.650582712035,40.294218895453255,0.015857797116041183,0.040264592971652746,0.05083531141281128
2026-04-23 07:32:25.400,3509418.747079237,779146.5652977553,5250978.88271098,-47118.22486026612,40.273411782003855,0.038781934417784214,-0.02408039988949895,-0.06674706935882568
2026-04-23 07:32:25.500,3509418.7492289296,779146.5618244298,5250978.882689506,-47122.79605055827,40.263844875388365,0.021496927365660667,-0.034733255160972476,-0.00021474435925483704
2026-04-23 07:32:25.600,3509418.738027348,779146.552925435,5250978.880720283,-47127.376770794974,40.26075438467367,-0.11201581452041864,-0.08898994768969715,-0.019692229107022285
2026-04-23 07:32:25.700,3509418.72210741,779146.5435666458,5250978.873765882,-47131.96584766734,40.30478137309699,-0.1591993821784854,-0.09358789189718664,-0.06954400800168514
2026-04-23 07:32:25.800,3509418.724023371,779146.546691322,5250978.869236548,-47136.542387520654,40.30002662940742,0.019159610383212566,0.031246761791408062,-0.04529333673417568
2026-04-23 07:32:25.900,3509420.8458763296,779148.0782364281,5250980.492401291,-47139.11309813971,46.30448730117,21.21852958574891,15.315451060887426,16.231647422537208
2026-04-23 07:32:26.000,3509420.847916231,779148.0788806233,5250980.4958815975,-47143.68935681206,46.28496337343923,0.020399014465510845,0.0064419524278491735,0.03480306826531887
2026-04-23 07:32:26.100,3509420.846195611,779148.074476257,5250980.491668056,-47148.278693941036,46.276967624973345,-0.017206198535859585,-0.04404366365633905,-0.042135417461395264
2026-04-23 07:32:26.200,3509420.847168859,779148.0688513474,5250980.481010073,-47152.87040894942,46.28144590192464,0.009732479229569435,-0.05624909535981715,-0.10657982900738716
2026-04-23 07:32:26.300,3509420.845614614,779148.0645660172,5250980.472811505,-47157.468456816925,46.27595188582323,-0.015542451292276382,-0.0428533018566668,-0.08198567666113377
2026-04-23 07:32:26.400,3509420.8438901803,779148.0595645254,5250980.4668053575,-47162.06003558403,46.31327797457807,-0.01724433619529009,-0.05001491867005825,-0.06006147712469101
2026-04-23 07:32:26.500,3509420.8459279765,779148.0567628536,5250980.465411875,-47166.650168824686,46.312832705549035,0.020377961918711662,-0.028016717405989766,-0.013934820890426636
2026-04-23 07:32:26.600,3509420.8448778116,779148.052023598,5250980.461476083,-47171.23530785351,46.31097606850618,-0.010501649230718613,-0.04739255644381046,-0.039357924833893776
2026-04-23 07:32:26.700,3509420.840479624,779148.0495852542,5250980.455585296,-47175.82141642954,46.3434276146409,-0.043981876224279404,-0.024383438285440207,-0.05890786647796631
2026-04-23 07:32:26.800,3509420.8374150805,779148.0452430077,5250980.44657412,-47180.406916247965,46.340459705954814,-0.030645434744656086,-0.043422464514151216,-0.0901117641478777
2026-04-23 07:32:26.900,3509420.8383066095,779148.0417380773,5250980.43870737,-47184.98643375703,46.3381136101835,0.008915290236473083,-0.03504930413328111,-0.07866749539971352
2026-04-23 07:32:27.000,3509420.837206312,779148.0392434106,5250980.4368633395,-47189.575516315825,46.35376207383777,-0.011002975516021252,-0.0249466672539711,-0.018440308049321175
2026-04-23 07:32:27.100,3509420.8355699433,779148.0347490555,5250980.432387923,-47194.17253276788,46.37027315303361,-0.01636368688195944,-0.0449435506016016,-0.04475416615605354
2026-04-23 07:32:27.200,3509420.834217579,779148.0293354292,5250980.423288157,-47198.76766613922,46.38269882834619,-0.013523641973733902,-0.05413626320660114,-0.09099765680730343
2026-04-23 07:32:27.300,3509420.827159242,779148.0253083062,5250980.418973628,-47203.368399634724,46.39813430580582,-0.07058337330818176,-0.0402712298091501,-0.04314528778195381
2026-04-23 07:32:27.400,3509420.826872606,779148.0209465662,5250980.411422193,-47207.96570012148,46.40117140374581,-0.0028663594275712967,-0.04361739964224398,-0.07551435381174088
2026-04-23 07:32:27.500,3509420.8259283085,779148.0165554177,5250980.4020052245,-47212.56478006025,46.40845791106582,-0.00944297295063734,-0.04391148569993675,-0.09416968561708927
2026-04-23 07:32:27.600,3509420.8269524495,779148.0124106429,5250980.395770456,-47217.15529693792,46.41197823881127,0.01024140976369381,-0.04144774749875069,-0.062347687780857086
2026-04-23 07:32:27.700,3509420.829863142,779148.0087609704,5250980.388774691,-47221.747065217765,46.41119730153879,0.0291069271042943,-0.03649672493338585,-0.06995764560997486
2026-04-23 07:32:27.800,3509420.8288186598,779148.0038752106,5250980.389833618,-47226.344064916666,46.43215055406701,-0.01044482458382845,-0.048857597867026925,0.010589268058538437
2026-04-23 07:32:27.900,3509420.829502337,779148.002358589,5250980.386176408,-47230.939881684455,46.44866888564074,0.006836773827672005,-0.01516621676273644,-0.03657209686934948
2026-04-23 07:32:28.000,3509420.830972894,779147.9978193275,5250980.378691265,-47235.53916733909,46.45966981640995,0.014705569483339787,-0.045392614556476474,-0.07485142908990383
2026-04-23 07:32:28.100,3509420.829680732,779147.9939257752,5250980.376391245,-47240.13479823603,46.491821086686556,-0.012921621091663837,-0.038935523480176926,-0.02300020307302475
2026-04-23 07:32:28.200,3509420.829214309,779147.9905460061,5250980.371332747,-47244.739984762266,46.524862760308146,-0.004664231091737747,-0.033797690412029624,-0.050584981217980385
2026-04-23 07:32:28.300,3509420.829875396,779147.9875082914,5250980.365877725,-47249.3488303104,46.55162656073155,0.006610872223973274,-0.030377147486433387,-0.05455021746456623
2026-04-23 07:32:28.400,3509420.8326449273,779147.9837400899,5250980.3650166495,-47253.94337616977,46.56617764398691,0.027695312164723873,-0.037682014517486095,-0.008610757067799568
2026-04-23 07:32:28.500,3509420.831987942,779147.9819293441,5250980.356368449,-47258.54261405887,46.58614598795657,-0.0065698521211743355,-0.018107458017766476,-0.08648200891911983
2026-04-23 07:32:28.600,3509420.8334134063,779147.9782986783,5250980.359095916,-47263.14155320771,46.60014206140342,0.014254641719162464,-0.036306658294051886,0.02727467566728592
2026-04-23 07:32:28.700,3509420.832113582,779147.9756524189,5250980.362003868,-47267.74144858745,46.62794650098859,-0.012998240999877453,-0.026462593814358115,0.02907952293753624
2026-04-23 07:32:28.800,3509420.831392212,779147.971078064,5250980.352799616,-47272.34492985519,46.65882273522694,-0.007213703356683254,-0.04574354970827699,-0.09204252623021603
2026-04-23 07:32:28.900,3509420.830754381,779147.9691919002,5250980.3475337885,-47276.94065040713,46.68186477931285,-0.00637830700725317,-0.018861637217924,-0.05265827290713787
2026-04-23 07:32:29.000,3509420.831477826,779147.9662216759,5250980.339151781,-47281.53142225684,46.693141794920095,0.007234448567032814,-0.02970224362798035,-0.08382007479667664
2026-04-23 07:32:29.100,3509420.8342137034,779147.9640941406,5250980.3367396435,-47286.123956866504,46.69104056724689,0.027358774095773697,-0.021275352919474244,-0.024121375754475594
2026-04-23 07:32:29.200,3509420.834123556,779147.9618682719,5250980.335490149,-47290.71857289895,46.690439108492676,-0.0009014736860990524,-0.022258686367422342,-0.012494940310716629
2026-04-23 07:32:29.300,3509420.832078704,779147.957769238,5250980.327941002,-47295.30936536974,46.716924656745746,-0.02044851891696453,-0.04099033889360726,-0.07549147121608257
2026-04-23 07:32:29.400,3509420.832253186,779147.9541591824,5250980.319365686,-47299.904770005225,46.70432264680485,0.0017448188737034798,-0.03610055660828948,-0.08575316518545151
2026-04-23 07:32:29.500,3509420.8324283916,779147.9512254935,5250980.310070704,-47304.49797354101,46.69164136434179,0.001752055250108242,-0.029336889274418354,-0.09294982068240643
2026-04-23 07:32:29.600,3509420.8319272925,779147.9493603958,5250980.307222468,-47309.09613085503,46.71325362838724,-0.005010990425944328,-0.01865097670815885,-0.028482358902692795
2026-04-23 07:32:29.700,3509420.8313758853,779147.9451387874,5250980.299221348,-47313.69909062669,46.72535727855477,-0.0055140722543001175,-0.04221608396619558,-0.08001119829714298
2026-04-23 07:32:29.800,3509420.8294954468,779147.9415328833,5250980.292146691,-47318.29267667853,46.73563668090819,-0.01880438532680273,-0.03605904057621956,-0.07074656896293163
2026-04-23 07:32:29.900,3509420.8317405637,779147.9389144793,5250980.290058634,-47322.88347582963,46.76111607461033,0.022451169788837433,-0.0261840398889035,-0.020880568772554398
2026-04-23 07:32:30.000,3509420.8339857743,779147.9372006563,5250980.28718661,-47327.48125733073,46.75974640232046,0.02245210576802492,-0.017138230614364147,-0.028720246627926826
2026-04-23 07:32:30.100,3509420.8332725046,779147.9328600038,5250980.2809606865,-47332.08936530025,46.781333839530035,-0.0071326969191432,-0.04340652492828667,-0.06225923076272011
2026-04-23 07:32:30.200,3509420.830999456,779147.9298793711,5250980.276406132,-47336.688808016814,46.81268926611929,-0.022730487398803234,-0.02980632707476616,-0.0455455482006073
2026-04-23 07:32:30.300,3509418.464166751,779146.2198294491,5250978.458340128,-47343.53591091799,41.15772196419817,-23.668327047489583,-17.1004992199596,-18.180660037323833
2026-04-23 07:32:30.400,3509418.4788274984,779146.2276989175,5250978.466985475,-47348.12166220667,41.138797851626116,0.1466074725612998,0.0786946841981262,0.08645347319543362
2026-04-23 07:32:30.500,3509418.514537642,779146.2512310263,5250978.489525908,-47352.69315035971,41.089805712591584,0.3571014339104295,0.2353210875298828,0.22540432401001453
2026-04-23 07:32:30.600,3509418.5287853675,779146.2601301145,5250978.499003049,-47357.27881125971,41.07491705583595,0.1424772571772337,0.08899088250473142,0.09477141313254833
2026-04-23 07:32:30.700,3509418.5506231613,779146.2757020189,5250978.515729635,-47361.85230989726,41.062702896858696,0.2183779375627637,0.15571904368698597,0.16726586036384106
2026-04-23 07:32:30.800,3509418.5702135707,779146.2873692428,5250978.524913743,-47366.424394965026,41.04490133528797,0.19590409472584724,0.11667223880067468,0.0918410811573267
2026-04-23 07:32:30.900,3509418.5616574083,779146.2794682293,5250978.511420591,-47371.02907269485,41.06588576659831,-0.08556162472814322,-0.07901013479568064,-0.1349315233528614
2026-04-23 07:32:31.000,3509418.5528747393,779146.2729304759,5250978.499588801,-47375.64059239876,41.09361632139986,-0.08782668970525265,-0.06537753390148282,-0.11831790208816528
2026-04-23 07:32:31.100,3509418.540430182,779146.2624859263,5250978.485355784,-47380.252039248815,41.11991565224913,-0.12444557156413794,-0.10444549610838294,-0.14233016408979893
2026-04-23 07:32:31.200,3509418.531175408,779146.2545671576,5250978.470416883,-47384.86001785755,41.165993963218355,-0.09254774078726768,-0.07918768678791821,-0.149389011785388
2026-04-23 07:32:31.300,3509418.5262683313,779146.2489390167,5250978.460327932,-47389.46762453643,41.186657687908486,-0.049070767126977444,-0.05628140876069665,-0.10088951326906681
2026-04-23 07:32:31.400,3509418.515766519,779146.2386904174,5250978.445725291,-47394.07996933021,41.23063776866115,-0.1050181221216917,-0.10248599341139197,-0.14602640643715858
2026-04-23 07:32:31.500,3509418.5016685384,779146.2268730757,5250978.426629158,-47398.69467554733,41.29640128367218,-0.14097980689257383,-0.11817341670393944,-0.19096133299171925
2026-04-23 07:32:31.600,3509418.4838565486,779146.2137876835,5250978.408628861,-47403.30867052575,41.353446576212754,-0.1781198987737298,-0.13085392187349498,-0.1800029631704092
2026-04-23 07:32:31.700,3509418.4711647774,779146.2000741208,5250978.395042744,-47407.91678375575,41.422025264771406,-0.12691771145910025,-0.13713562744669616,-0.13586116954684258
2026-04-23 07:32:31.800,3509418.453356687,779146.1868148147,5250978.381025714,-47412.53252981554,41.49114916135772,-0.17808090429753065,-0.13259306084364653,-0.14017030596733093
2026-04-23 07:32:31.900,3509418.4370548255,779146.1739608005,5250978.369812768,-47417.14419560595,41.54069177369194,-0.16301861498504877,-0.12854014174081385,-0.1121294591575861
2026-04-23 07:32:32.000,3509418.424731393,779146.1635806968,5250978.352688843,-47421.76015515263,41.61697392483314,-0.12323432601988316,-0.10380103718489408,-0.1712392456829548
2026-04-23 07:32:32.100,3509418.411798965,779146.1514393857,5250978.334859228,-47426.38021231797,41.67845587187271,-0.12932427693158388,-0.12141311075538397,-0.17829615622758865
2026-04-23 07:32:32.200,3509418.3957015574,779146.1405811644,5250978.323431519,-47430.9938478948,41.74639612959006,-0.16097407788038254,-0.10858221328817308,-0.11427708901464939
2026-04-23 07:32:32.300,3509418.3799874308,779146.1264315358,5250978.309660121,-47435.60907607499,41.808927017979904,-0.15714126639068127,-0.14149628579616547,-0.1377139799296856
2026-04-23 07:32:32.400,3509418.3642855487,779146.1149539095,5250978.296746592,-47440.23051981759,41.870545069551525,-0.1570188207551837,-0.11477626278065145,-0.12913528829813004
2026-04-23 07:32:32.500,3509418.349832928,779146.103807184,5250978.278862774,-47444.85913035489,41.915469957511526,-0.1445262087509036,-0.11146725504659116,-0.17883817665278912
2026-04-23 07:32:32.600,3509418.3363290476,779146.0954174809,5250978.271287716,-47449.47907766712,41.98751577168408,-0.13503880240023136,-0.08389703114517033,-0.07575058378279209
2026-04-23 07:32:32.700,3509418.3285115412,779146.0893213451,5250978.262641941,-47454.09075328316,42.0312919613284,-0.07817506324499846,-0.06096135824918747,-0.0864577479660511
2026-04-23 07:32:32.800,3509418.3184172558,779146.0822507016,5250978.253632761,-47458.708856222074,42.05611996444299,-0.10094285476952791,-0.0707064347807318,-0.09009180590510368
2026-04-23 07:32:32.900,3509418.306423368,779146.0773148418,5250978.246008578,-47463.3298503923,42.105521894233966,-0.11993887834250927,-0.04935859818942845,-0.07624182850122452
2026-04-23 07:32:33.000,3509418.3009885787,779146.0722450366,5250978.243787431,-47467.94242246077,42.14083360218503,-0.05434789229184389,-0.05069805192761123,-0.0222114659845829
2026-04-23 07:32:33.100,3509418.2935544783,779146.0629685988,5250978.23446474,-47472.5490982873,42.19559518028726,-0.0743410037830472,-0.09276437805965543,-0.09322690777480602
2026-04-23 07:32:33.200,3509418.281506818,779146.0546525473,5250978.222804732,-47477.16048957318,42.24458820967011,-0.12047660537064075,-0.08316051447764039,-0.11660008691251278
2026-04-23 07:32:33.300,3509418.2727515516,779146.0478715387,5250978.216876558,-47481.77217774056,42.28061346527023,-0.08755266200751066,-0.06781008676625788,-0.059281736612319946
2026-04-23 07:32:33.400,3509418.262727416,779146.0405921638,5250978.210150729,-47486.3849187044,42.33556999843507,-0.1002413546666503,-0.07279374869540334,-0.06725829094648361
2026-04-23 07:32:33.500,3509418.2514902726,779146.0309626414,5250978.195333663,-47491.00564172291,42.37900975959161,-0.11237143538892269,-0.09629522450268269,-0.14817065559327602
2026-04-23 07:32:33.600,3509418.2417676756,779146.0255030212,5250978.187395291,-47495.62533342955,42.39624298175314,-0.0972259696573019,-0.05459620151668787,-0.0793837197124958
2026-04-23 07:32:33.700,3509418.232746022,779146.0186329368,5250978.173471599,-47500.24003843235,42.438887735361256,-0.09021653793752193,-0.06870084442198277,-0.13923692516982555
2026-04-23 07:32:33.800,3509418.226725052,779146.012321016,5250978.168000509,-47504.84938940268,42.47484393439752,-0.06020969711244106,-0.06311920704320073,-0.05471089854836464
2026-04-23 07:32:33.900,3509418.2201993815,779146.0083936192,5250978.162501676,-47509.46162836652,42.49211718533899,-0.06525670643895864,-0.03927396843209863,-0.054988330230116844
2026-04-23 07:32:34.000,3509418.214965796,779146.0048331749,5250978.158593892,-47514.06779527358,42.527144971334685,-0.052335853688418865,-0.03560444340109825,-0.03907783888280392
2026-04-23 07:32:34.100,3509418.208673865,779146.0004929199,5250978.154839061,-47518.67671026406,42.55528636901343,-0.0629193102940917,-0.04340254934504628,-0.037548309192061424
2026-04-23 07:32:34.200,3509418.202519594,779145.9958411353,5250978.150181127,-47523.28838745596,42.588453771107666,-0.061542708426713943,-0.04651784664019942,-0.04657934419810772
2026-04-23 07:32:34.300,3509418.19588611,779145.994548259,5250978.143680516,-47527.89757653676,42.6171319754625,-0.06633484270423651,-0.01292876317165792,-0.06500611081719398
2026-04-23 07:32:34.400,3509418.1887961347,779145.9913058333,5250978.139211144,-47532.50565014054,42.64301995197153,-0.07089975290000439,-0.03242425620555878,-0.04469371400773525
2026-04-23 07:32:34.500,3509418.183749676,779145.9892070859,5250978.135933366,-47537.11210217428,42.66023252179375,-0.05046458449214697,-0.02098747412674129,-0.03277778625488281
2026-04-23 07:32:34.600,3509418.1786940596,779145.9860425927,5250978.131841925,-47541.71476701861,42.69551735497379,-0.05055616609752178,-0.031644932460039854,-0.04091440699994564
2026-04-23 07:32:34.700,3509418.1738399277,779145.9830955231,5250978.126919242,-47546.32650466503,42.7272349007612,-0.04854131955653429,-0.029470695881173015,-0.04922683350741863
2026-04-23 07:32:34.800,3509418.171204852,779145.9801665304,5250978.1233789725,-47550.94606691655,42.75970657624389,-0.026350757107138634,-0.02928992733359337,-0.0354026909917593
2026-04-23 07:32:34.900,3509418.167028645,779145.9785444913,5250978.121746533,-47555.55463506711,42.774473331142566,-0.04176206886768341,-0.016220390098169446,-0.016324399039149284
2026-04-23 07:32:35.000,3509418.1637363615,779145.979258251,5250978.124355633,-47560.159407966035,42.79713536567155,-0.0329228350892663,0.007137596840038896,0.02609100192785263
2026-04-23 07:32:35.100,3509418.163094518,779145.9791981372,5250978.125948836,-47564.76340194685,42.80585093191354,-0.006418437696993351,-0.0006011384539306164,0.015932032838463783
2026-04-23 07:32:35.200,3509418.1638120427,779145.978752698,5250978.125578603,-47569.36738583511,42.84396813631819,0.007175249047577381,-0.004454391309991479,-0.0037023331969976425
2026-04-23 07:32:35.300,3509418.1640169565,779145.9790675504,5250978.126076186,-47573.97884517746,42.86213456499713,0.0020491378381848335,0.0031485233921557665,0.004975832998752594
2026-04-23 07:32:35.400,3509418.1623127335,779145.9785529929,5250978.126517093,-47578.586818375166,42.873256223825514,-0.017042229883372784,-0.005145574687048793,0.004409067332744598
2026-04-23 07:32:35.500,3509418.1604398326,779145.9786458248,5250978.131114375,-47583.191227180156,42.8799695578455,-0.018729008734226227,0.0009283190593123436,0.04597282037138939
2026-04-23 07:32:35.600,3509418.16051601,779145.9784629514,5250978.129247873,-47587.8029759522,42.91476234672404,0.0007617752999067307,-0.0018287345301359892,-0.018665017560124397
2026-04-23 07:32:35.700,3509418.1569295893,779145.9791465262,5250978.132702463,-47592.4142859251,42.928462756283835,-0.03586420789361,0.006835748208686709,0.0345459021627903
2026-04-23 07:32:35.800,3509418.156944256,779145.981082417,5250978.142759849,-47597.02579083065,42.95671740803638,0.00014666467905044556,0.019358907593414187,0.10057386010885239
2026-04-23 07:32:35.900,3509418.1597397355,779145.9828980683,5250978.142950677,-47601.64784553295,42.969057361841074,0.027954797260463238,0.01815651310607791,0.0019082799553871155
2026-04-23 07:32:36.000,3509418.160897083,779145.9831877602,5250978.145106553,-47606.265455485925,42.969613125438165,0.011573475785553455,0.0028969196137040854,0.02155875787138939
2026-04-23 07:32:36.100,3509418.158559366,779145.984041535,5250978.146831257,-47610.87957364742,42.976472983551524,-0.023377169854938984,0.008537747198715806,0.017247041687369347
2026-04-23 07:32:36.200,3509418.159744267,779145.9849492474,5250978.148563706,-47615.49158621987,42.96938775782056,0.011849007569253445,0.009077124996110797,0.01732449047267437
2026-04-23 07:32:36.300,3509418.1581948535,779145.9869469304,5250978.150079568,-47620.10972719731,42.96784058669221,-0.015494134277105331,0.019976829644292593,0.015158616006374359
2026-04-23 07:32:36.400,3509418.157300326,779145.9850505294,5250978.145476904,-47624.737210681305,42.97838529518884,-0.008945274166762829,-0.01896401052363217,-0.04602664150297642
2026-04-23 07:32:36.500,3509418.1541578914,779145.9848359782,5250978.145913779,-47629.37255217814,43.02301668705778,-0.03142434637993574,-0.0021455110982060432,0.004368750378489494
2026-04-23 07:32:36.600,3509418.1552335043,779145.9868600563,5250978.155888083,-47633.991682321735,43.0275205891411,0.010756128467619419,0.02024078043177724,0.09974304586648941
2026-04-23 07:32:36.700,3509418.157811606,779145.9883895398,5250978.158320776,-47638.62045046377,43.03560395209669,0.02578101586550474,0.015294834738597274,0.024326927959918976
2026-04-23 07:32:36.800,3509418.157382304,779145.9924781872,5250978.162482573,-47643.25275824167,43.04013618225205,-0.004293019883334637,0.040886474307626486,0.04161796532571316
2026-04-23 07:32:36.900,3509418.1583876587,779145.9943896121,5250978.1680602515,-47647.88547356811,43.075384959488304,0.010053548030555248,0.0191142491530627,0.05577678792178631
2026-04-23 07:32:37.000,3509418.1600128454,779145.9961561884,5250978.169960402,-47652.51580959662,43.072368771526904,0.01625186763703823,0.017665763152763247,0.01900150440633297
2026-04-23 07:32:37.100,3509418.1624770397,779145.9975947133,5250978.1762339305,-47657.14219612117,43.092892244980284,0.02464194316416979,0.01438524923287332,0.06273528560996056
2026-04-23 07:32:37.200,3509418.166218662,779145.9975888197,5250978.182478609,-47661.768032519125,43.131390234872406,0.037416224367916584,-5.893642082810402e-05,0.06244678050279617
2026-04-23 07:32:37.300,3509418.1698105372,779146.0030320395,5250978.183339878,-47666.39408283316,43.131019056301675,0.035918750800192356,0.05443219793960452,0.008612694218754768
2026-04-23 07:32:37.400,3509418.1717418144,779146.0040200567,5250978.190511785,-47671.0084173705,43.149308296574894,0.019312771037220955,0.009880171855911613,0.07171907462179661
2026-04-23 07:32:37.500,3509418.175554409,779146.0110772434,5250978.199257826,-47675.62510196769,43.14861036322833,0.038125948049128056,0.07057186681777239,0.08746040984988213
2026-04-23 07:32:37.600,3509418.1800913755,779146.0140876299,5250978.205891766,-47680.24575336228,43.17006193216776,0.045369663275778294,0.030103864846751094,0.0663393922150135
2026-04-23 07:32:37.700,3509418.179356501,779146.0169290804,5250978.213281267,-47684.87061353666,43.17580178044622,-0.007348745130002499,0.028414505068212748,0.07389501668512821
2026-04-23 07:32:37.800,3509418.1866880525,779146.0226144628,5250978.222529808,-47689.4822469228,43.18637492069025,0.07331551518291235,0.056853824062272906,0.09248540736734867
2026-04-23 07:32:37.900,3509418.190265256,779146.0293069821,5250978.229826837,-47694.09261569341,43.1688835764894,0.03577203489840031,0.06692519295029342,0.07297028787434101
2026-04-23 07:32:38.000,3509418.197111956,779146.0342935087,5250978.232583006,-47698.70321714693,43.17832143071351,0.06846699863672256,0.049865266773849726,0.027561690658330917
2026-04-23 07:32:38.100,3509418.1991448645,779146.0384336846,5250978.23440065,-47703.32556278585,43.192666941911945,0.020329086109995842,0.041401758790016174,0.01817643642425537
2026-04-23 07:32:38.200,3509418.2054831916,779146.042541477,5250978.241905771,-47707.946508707246,43.20179423292104,0.06338327191770077,0.04107792396098375,0.07505121640861034
2026-04-23 07:32:38.300,3509418.213186884,779146.0493412338,5250978.245273407,-47712.56534531529,43.210581311367996,0.07703692186623812,0.06799756782129407,0.033676354214549065
2026-04-23 07:32:38.400,3509418.215290207,779146.0525580598,5250978.246899123,-47717.19026223515,43.23099727409266,0.021033231168985367,0.032168260077014565,0.016257166862487793
2026-04-23 07:32:38.500,3509418.2166369935,779146.0533965272,5250978.241410105,-47721.81467072224,43.25409486287419,0.013467865064740181,0.008384673856198788,-0.054890187457203865
2026-04-23 07:32:38.600,3509418.2223527855,779146.05809093,5250978.247436008,-47726.427799759964,43.279210725356364,0.05715792067348957,0.046944027999415994,0.06025903858244419
2026-04-23 07:32:38.700,3509418.2226895234,779146.0605196907,5250978.2457417175,-47731.04945088587,43.31607057918118,0.0033673783764243126,0.02428760752081871,-0.016942908987402916
2026-04-23 07:32:38.800,3509418.224108509,779146.0636258486,5250978.2486098455,-47735.667478196265,43.33849424394061,0.014189854264259338,0.03106157877482474,0.028681280091404915
2026-04-23 07:32:38.900,3509418.2249195348,779146.0681878211,5250978.249955852,-47740.29105739606,43.36358857755395,0.008110259659588337,0.04561972455121577,0.013460060581564903
2026-04-23 07:32:39.000,3509418.2293880256,779146.0720507429,5250978.253785465,-47744.911420175624,43.368664152745424,0.04468490835279226,0.038629218470305204,0.038296133279800415
2026-04-23 07:32:39.100,3509418.2300599166,779146.0738702104,5250978.252766025,-47749.534413961694,43.415281683171344,0.006718910299241543,0.018194675212725997,-0.01019439660012722
2026-04-23 07:32:39.200,3509418.2328531593,779146.0772716826,5250978.256045147,-47754.16171811341,43.43546170045972,0.027932426892220974,0.03401472116820514,0.03279121592640877
2026-04-23 07:32:39.300,3509418.2341546607,779146.080234534,5250978.254109562,-47758.78382654892,43.45646639449266,0.013015014119446278,0.0296285143122077,-0.01935584470629692
2026-04-23 07:32:39.400,3509418.2368454244,779146.0786634793,5250978.255555265,-47763.40375556971,43.467543393767215,0.026907636784017086,-0.01571054686792195,0.01445702277123928
2026-04-23 07:32:39.500,3509418.240288144,779146.0796241654,5250978.2509594085,-47768.026613133174,43.48498756367747,0.03442719578742981,0.009606861276552081,-0.045958561822772026
2026-04-23 07:32:39.600,3509418.2415396506,779146.0801945137,5250978.247800182,-47772.646105152395,43.508685692573046,0.01251506619155407,0.005703482311218977,-0.031592268496751785
2026-04-23 07:32:39.700,3509418.2456200477,779146.0836658551,5250978.248676353,-47777.26348179592,43.52704655322369,0.04080397076904774,0.03471341449767351,0.008761715143918991
2026-04-23 07:32:39.800,3509418.2490815227,779146.0866491141,5250978.24897837,-47781.886558422804,43.55308109830742,0.03461475018411875,0.029832590371370316,0.003020167350769043
2026-04-23 07:32:39.900,3509418.2524428554,779146.0885380688,5250978.248855591,-47786.512282815136,43.56853742404444,0.03361332695931196,0.018889546627178788,-0.0012277904897928238
2026-04-23 07:32:40.000,3509418.2552272864,779146.0884778366,5250978.246558783,-47791.137431874435,43.603380965138946,0.02784430980682373,-0.0006023223977535963,-0.022968081757426262
2026-04-23 07:32:40.100,3509418.2613529903,779146.0921577036,5250978.253370826,-47795.762951218014,43.623318603181055,0.061257039196789265,0.03679867018945515,0.06812043488025665
2026-04-23 07:32:40.200,3509418.2626347416,779146.0917654249,5250978.256781719,-47800.38932967264,43.654184515289295,0.012817513197660446,-0.0039227865636348724,0.034108925610780716
2026-04-23 07:32:40.300,3509418.2683132915,779146.0924019164,5250978.2527709715,-47805.02374884431,43.677546599549316,0.05678549874573946,0.006364914588630199,-0.040107471868395805
2026-04-23 07:32:40.400,3509418.272191572,779146.093069646,5250978.254992828,-47809.65687584473,43.69189826305891,0.03878280520439148,0.006677296478301287,0.02221856266260147
2026-04-23 07:32:40.500,3509418.2765028165,779146.0958611396,5250978.255085683,-47814.28470312285,43.720770563482695,0.04311244469136,0.027914935490116477,0.0009285565465688705
2026-04-23 07:32:40.600,3509418.2818497634,779146.0974346786,5250978.264779247,-47818.90142880916,43.746715441618846,0.05346946883946657,0.015735389897599816,0.09693563915789127
2026-04-23 07:32:40.700,3509418.2850843947,779146.0961177094,5250978.261321424,-47823.53276715684,43.77803056618769,0.03234631381928921,-0.013169691665098071,-0.03457823768258095
2026-04-23 07:32:40.800,3509418.2868081992,779146.0985189141,5250978.265365211,-47828.16661613545,43.826896796796426,0.01723804511129856,0.024012046633288264,0.04043787717819214
2026-04-23 07:32:40.900,3509418.2948515206,779146.0981613612,5250978.26061855,-47832.79415627431,43.858217520451774,0.08043321315199137,-0.003575528971850872,-0.047466615214943886
2026-04-23 07:32:41.000,3509418.3038464747,779146.0995502374,5250978.267675016,-47837.41494426506,43.85752709287916,0.0899495417252183,0.013888762332499027,0.07056466303765774
2026-04-23 07:32:41.100,3509418.3110514674,779146.0995394345,5250978.272499513,-47842.03802948805,43.88946489731955,0.07204992696642876,-0.00010802876204252243,0.04824496805667877
2026-04-23 07:32:41.200,3509418.3168995795,779146.0986244974,5250978.2702133395,-47846.670386939084,43.92002824284469,0.05848112050443888,-0.009149371180683374,-0.02286173403263092
2026-04-23 07:32:41.300,3509418.3192191515,779146.1007047433,5250978.273809128,-47851.30601097294,43.948405052041956,0.02319572027772665,0.020802458748221397,0.03595788963139057
2026-04-23 07:32:41.400,3509418.322926394,779146.1015027971,5250978.279211607,-47855.930621484695,43.98660716520618,0.03707242663949728,0.007980538066476583,0.05402478389441967
2026-04-23 07:32:41.500,3509418.33039045,779146.1010860171,5250978.282681883,-47860.55332021575,44.007971382000896,0.0746405590325594,-0.004167800070717931,0.034702764824032784
2026-04-23 07:32:41.600,3509418.3350184895,779146.1007673361,5250978.280467863,-47865.18081310163,44.022271377638106,0.046280394308269024,-0.003186810063198209,-0.022140201181173325
2026-04-23 07:32:41.700,3509418.339353796,779146.1036821663,5250978.287340671,-47869.80676281844,44.060185285816296,0.043353065848350525,0.02914830227382481,0.06872807629406452
2026-04-23 07:32:41.800,3509418.3421378806,779146.1025495912,5250978.282406419,-47874.44517354382,44.09242389567211,0.02784084528684616,-0.011325750965625048,-0.04934252239763737
2026-04-23 07:32:41.900,3509418.3467646786,779146.1040094674,5250978.287646632,-47879.07406651431,44.1308253619645,0.0462679797783494,0.014598761918023229,0.052402131259441376
2026-04-23 07:32:42.000,3509418.3487861576,779146.1040279514,5250978.291674065,-47883.70618288011,44.14813367405344,0.020214789547026157,0.00018483959138393402,0.04027433693408966
2026-04-23 07:32:42.100,3509418.3521465277,779146.1042641688,5250978.296274753,-47888.339725640006,44.16147758896549,0.03360370174050331,0.002362173981964588,0.04600687883794308
2026-04-23 07:32:42.200,3509418.358459578,779146.1052573762,5250978.300297922,-47892.974770260094,44.18781691443775,0.06313050165772438,0.009932074462994933,0.04023169167339802
2026-04-23 07:32:42.300,3509418.3583822334,779146.1057429302,5250978.303523849,-47897.613528327565,44.18352526905875,-0.0007734447717666626,0.004855539882555604,0.0322592630982399
2026-04-23 07:32:42.400,3509418.357168922,779146.1066245366,5250978.307205838,-47902.26248261598,44.19165245687527,-0.01213311217725277,0.008816063636913896,0.03681989386677742
2026-04-23 07:32:42.500,3509418.3578864536,779146.104217853,5250978.305322595,-47906.91469961571,44.25001005416387,0.007175314240157604,-0.024066835176199675,-0.018832432106137276
2026-04-23 07:32:42.600,3509418.356727021,779146.1066077346,5250978.312481482,-47911.55371114897,44.26411077042371,-0.011594328097999096,0.023898815270513296,0.07158886641263962
2026-04-23 07:32:42.700,3509418.359429675,779146.1040528781,5250978.307877447,-47916.19076470643,44.27700108657472,0.027026543393731117,-0.025548564735800028,-0.04604034125804901
2026-04-23 07:32:42.800,3509418.359903223,779146.108063721,5250978.318625239,-47920.825016753195,44.2908787071164,0.004735477268695831,0.04010842880234122,0.10747791267931461
2026-04-23 07:32:42.900,3509418.3623987385,779146.1107459348,5250978.322389069,-47925.46725976513,44.32604936368864,0.02495515625923872,0.02682213787920773,0.03763830289244652
2026-04-23 07:32:43.000,3509418.3627643096,779146.1117307148,5250978.325437483,-47930.10787688094,44.31111421621836,0.0036557111889123917,0.009847800247371197,0.030484143644571304
2026-04-23 07:32:43.100,3509418.3648449644,779146.1126439827,5250978.323964104,-47934.75528389591,44.34738397719938,0.02080654725432396,0.009132679551839828,-0.014733793213963509
2026-04-23 07:32:43.200,3509418.364991826,779146.1147198547,5250978.328046827,-47939.4000984095,44.38311194713838,0.0014686165377497673,0.02075871918350458,0.040827225893735886
2026-04-23 07:32:43.300,3509418.3679893357,779146.1175600546,5250978.334525279,-47944.045426110686,44.38132614846438,0.029975096695125103,0.028401999734342098,0.06478452123701572
2026-04-23 07:32:43.400,3509418.3736944194,779146.1206641827,5250978.345301239,-47948.69730419829,44.40734550276758,0.05705083720386028,0.031041280599310994,0.10775960050523281
2026-04-23 07:32:43.500,3509418.3782456783,779146.1228105593,5250978.352455163,-47953.34624007548,44.42395038749634,0.04551258869469166,0.021463766461238265,0.0715392455458641
2026-04-23 07:32:43.600,3509418.382784829,779146.12693334,5250978.357620796,-47957.994619925485,44.417318047359004,0.0453915074467659,0.041227806359529495,0.0516563281416893
2026-04-23 07:32:43.700,3509418.382880999,779146.1245561022,5250978.354748195,-47962.64618497949,44.435523371256615,0.0009616976603865623,-0.02377237775363028,-0.028726011514663696
2026-04-23 07:32:43.800,3509418.386616243,779146.1286565566,5250978.36577341,-47967.28521681149,44.4579959191908,0.03735244274139404,0.04100454389117658,0.11025214567780495
2026-04-23 07:32:43.900,3509418.386539688,779146.1312139474,5250978.364173,-47971.932815814005,44.4628852233011,-0.0007655518129467964,0.02557390835136175,-0.01600409857928753
2026-04-23 07:32:44.000,3509418.388093639,779146.132823831,5250978.373847871,-47976.5754808134,44.46480844334915,0.01553951296955347,0.01609883620403707,0.0967487134039402
2026-04-23 07:32:44.100,3509418.392884683,779146.1344987752,5250978.381048163,-47981.219493028526,44.454923178580515,0.04791043698787689,0.016749441856518388,0.07200292311608791
2026-04-23 07:32:44.200,3509418.395405193,779146.136203754,5250978.388109008,-47985.86360529549,44.419766763132856,0.02520509995520115,0.01704978756606579,0.07060844451189041
2026-04-23 07:32:44.300,3509418.394992013,779146.136100271,5250978.388181355,-47990.5185865508,44.44063563513694,-0.004131798632442951,-0.0010348297655582428,0.000723470002412796
2026-04-23 07:32:44.400,3509418.3918829258,779146.1370009957,5250978.391900517,-47995.1757755386,44.462741760314096,-0.03109087236225605,0.00900724669918418,0.03719162195920944
2026-04-23 07:32:44.500,3509418.3917577704,779146.1390531231,5250978.392872323,-47999.83203359906,44.43294043498617,-0.0012515531852841377,0.020521273836493492,0.009718062356114388
2026-04-23 07:32:44.600,3509418.3909873087,779146.140926025,5250978.393889476,-48004.49354023188,44.42227384648152,-0.007704617455601692,0.01872901921160519,0.010171523317694664
2026-04-23 07:32:44.700,3509418.385781273,779146.1370783574,5250978.391688288,-48009.16248299321,44.42719647171387,-0.05206035915762186,-0.03847667598165572,-0.022011874243617058
2026-04-23 07:32:44.800,3509418.383555237,779146.1336545765,5250978.389358701,-48013.8290701649,44.45463092653551,-0.02226035576313734,-0.034237809013575315,-0.023295870050787926
2026-04-23 07:32:44.900,3509418.381803066,779146.1342893579,5250978.394418642,-48018.49353759739,44.45402640608395,-0.017521711997687817,0.006347814342007041,0.05059940740466118
2026-04-23 07:32:45.000,3509418.3814905584,779146.1339572192,5250978.393604831,-48023.15473014592,44.424432709458735,-0.0031250761821866035,-0.0033213873393833637,-0.008138110861182213
2026-04-23 07:32:45.100,3509418.3772985833,779146.1346772412,5250978.397250967,-48027.820150362524,44.44573692136992,-0.04191975109279156,0.007200220134109259,0.0364613626152277
2026-04-23 07:32:45.200,3509418.3738724296,779146.131967473,5250978.39497533,-48032.489027954005,44.46656800178359,-0.03426153678447008,-0.02709768246859312,-0.02275637350976467
2026-04-23 07:32:45.300,3509418.370702005,779146.1322969348,5250978.39677122,-48037.1647006755,44.44525790296186,-0.03170424606651068,0.0032946188002824783,0.017958898097276688
2026-04-23 07:32:45.400,3509418.3705298305,779146.1307101549,5250978.404349569,-48041.836172439514,44.453418363891494,-0.0017217453569173813,-0.015867799520492554,0.075783496722579
2026-04-23 07:32:45.500,3509418.3674313785,779146.1308715913,5250978.407499763,-48046.50557460776,44.47936064557063,-0.030984519980847836,0.0016143638640642166,0.03150193952023983
2026-04-23 07:32:45.600,3509418.3639798337,779146.1274184192,5250978.401220348,-48051.1859192803,44.474561289560846,-0.03451544791460037,-0.03453172044828534,-0.062794154509902
2026-04-23 07:32:45.700,3509418.3616596814,779146.124319516,5250978.400003879,-48055.86476414679,44.476277624760485,-0.023201522417366505,-0.030989032238721848,-0.012164684012532234
2026-04-23 07:32:45.800,3509418.3543436783,779146.1218257254,5250978.399224667,-48060.54731595659,44.4659490251508,-0.0731600308790803,-0.024937905836850405,-0.0077921245247125626
2026-04-23 07:32:45.900,3509418.3475828185,779146.1211733967,5250978.394515825,-48065.235055215024,44.44555307202253,-0.06760859861969948,-0.00652328715659678,-0.047088414430618286
2026-04-23 07:32:46.000,3509418.345525064,779146.1190848902,5250978.391994134,-48069.920314669245,44.446857768716626,-0.02057754434645176,-0.020885064732283354,-0.02521691843867302
2026-04-23 07:32:46.100,3509418.3452650458,779146.1157696081,5250978.387296993,-48074.6085568691,44.42289719029424,-0.00260018277913332,-0.03315282170660794,-0.0469714030623436
2026-04-23 07:32:46.200,3509418.3424985483,779146.1144976969,5250978.384381874,-48079.29152998208,44.415391828518956,-0.027664974331855774,-0.012719111982733011,-0.0291511882096529
2026-04-23 07:32:46.300,3509418.3438055012,779146.1147599609,5250978.38476873,-48083.97100708595,44.386616314689356,0.013069529086351395,0.002622640458866954,0.003868555650115013
2026-04-23 07:32:46.400,3509418.3442645487,779146.1110167947,5250978.378585779,-48088.65380489629,44.36232839350376,0.004590475000441074,-0.037431662203744054,-0.06182950921356678
2026-04-23 07:32:46.500,3509418.342150406,779146.103492048,5250978.367142267,-48093.339708557985,44.343750182559425,-0.02114142756909132,-0.07524746702983975,-0.11443512514233589
2026-04-23 07:32:46.600,3509418.3385267896,779146.1027546355,5250978.368479685,-48098.01874691047,44.31649856255174,-0.036236164160072803,-0.007374124834313989,0.01337418332695961
2026-04-23 07:32:46.700,3509418.3378800596,779146.104555319,5250978.371025541,-48102.695587805116,44.28151320927816,-0.006467299535870552,0.018006834434345365,0.02545855939388275
2026-04-23 07:32:46.800,3509418.3369089966,779146.1045101632,5250978.372930979,-48107.37105640344,44.27514712257312,-0.009710630401968956,-0.0004515575710684061,0.019054384902119637
2026-04-23 07:32:46.900,3509418.3344049724,779146.1043480355,5250978.366631579,-48112.055920048675,44.26071143350881,-0.02504024188965559,-0.0016212766058743,-0.06299400702118874
2026-04-23 07:32:47.000,3509418.3307820437,779146.1039612297,5250978.365606967,-48116.74321495056,44.23216571514121,-0.03622928634285927,-0.003868058556690812,-0.010246112942695618
2026-04-23 07:32:47.100,3509418.328767611,779146.1062390237,5250978.366490077,-48121.43329992847,44.21712645570003,-0.02014432568103075,0.02277794061228633,0.008831098675727844
2026-04-23 07:32:47.200,3509418.32381477,779146.1070191507,5250978.368500055,-48126.11153859904,44.22024103295908,-0.049528409726917744,0.0078012701123952866,0.02009977586567402
2026-04-23 07:32:47.300,3509418.312438835,779146.1073621478,5250978.363564671,-48130.79442101979,44.19999554050207,-0.11375935282558203,0.0034299702383577824,-0.049353837966918945
2026-04-23 07:32:47.400,3509418.310584425,779146.1063997245,5250978.364349314,-48135.47613681895,44.14415168633269,-0.018544099293649197,-0.009624232770875096,0.007846429944038391
2026-04-23 07:32:47.500,3509418.30577058,779146.105540017,5250978.360423097,-48140.16688040547,44.129038725753595,-0.04813844803720713,-0.008597074775025249,-0.03926216624677181
2026-04-23 07:32:47.600,3509418.305402813,779146.1050694314,5250978.360044188,-48144.84901454954,44.099741153319435,-0.0036776717752218246,-0.004705856554210186,-0.0037890952080488205
2026-04-23 07:32:47.700,3509418.3030234263,779146.1061771145,5250978.357144351,-48149.5347868761,44.044621933092664,-0.023793866857886314,0.011076831724494696,-0.028998367488384247
2026-04-23 07:32:47.800,3509418.297636453,779146.1018331673,5250978.346791684,-48154.231313879325,44.03809086554755,-0.05386973265558481,-0.04343947279267013,-0.10352667421102524
2026-04-23 07:32:47.900,3509418.2950997795,779146.1004829911,5250978.341285436,-48158.92099337733,44.0177473969811,-0.02536673564463854,-0.01350176171399653,-0.05506247282028198
2026-04-23 07:32:48.000,3509418.28950884,779146.0968772604,5250978.326963946,-48163.6077632303,43.98765907931559,-0.05590939428657293,-0.036057307152077556,-0.14321490190923214
2026-04-23 07:32:48.100,3509418.290627996,779146.09620825,5250978.323591029,-48168.292602117566,43.95965940653796,0.01119155902415514,-0.006690103327855468,-0.03372916951775551
2026-04-23 07:32:48.200,3509418.28736003,779146.0968588706,5250978.322480697,-48172.98384688675,43.923621285470915,-0.03267965745180845,0.006506205536425114,-0.011103320866823196
2026-04-23 07:32:48.300,3509418.2862747507,779146.0955959902,5250978.318159014,-48177.68154601603,43.885296790932706,-0.010852795094251633,-0.012628803960978985,-0.04321683198213577
2026-04-23 07:32:48.400,3509418.2846054737,779146.0882065851,5250978.30282352,-48182.3830866445,43.881576365150856,-0.016692769713699818,-0.07389405043795705,-0.15335493721067905
2026-04-23 07:32:48.500,3509418.2813972984,779146.0851813485,5250978.290674027,-48187.08937502147,43.84221199378529,-0.03208175301551819,-0.03025236655957997,-0.12149493210017681
2026-04-23 07:32:48.600,3509418.2827683897,779146.0862900205,5250978.289286641,-48191.78359165098,43.80803186050597,0.013710912317037582,0.011086720041930676,-0.013873856514692307
2026-04-23 07:32:48.700,3509418.284479304,779146.0866200267,5250978.285451037,-48196.47643781151,43.780319861327094,0.017109145410358906,0.003300062380731106,-0.03835604526102543
2026-04-23 07:32:48.800,3509418.2858223706,779146.0878785437,5250978.277183237,-48201.16850288183,43.768387291870916,0.013430663384497166,0.012585169170051813,-0.08267800323665142
2026-04-23 07:32:48.900,3509418.2828027345,779146.0864336567,5250978.275603174,-48205.8508882314,43.7415569060392,-0.03019636031240225,-0.014448869042098522,-0.01580062322318554
2026-04-23 07:32:49.000,3509418.278546945,779146.0843487837,5250978.271682256,-48210.55001738596,43.708137774017,-0.04255789332091808,-0.02084873034618795,-0.03920918330550194
2026-04-23 07:32:49.100,3509418.277630286,779146.0845339643,5250978.268896059,-48215.258208569285,43.661692308004035,-0.009166593663394451,0.0018518057186156511,-0.02786196768283844
2026-04-23 07:32:49.200,3509418.2787468773,779146.084252131,5250978.266378941,-48219.96560720203,43.627056750507855,0.011165915057063103,-0.0028183322865515947,-0.025171181187033653
2026-04-23 07:32:49.300,3509418.2772786887,779146.0824568989,5250978.261171867,-48224.676844942216,43.608901804663155,-0.014681885950267315,-0.017952321795746684,-0.05207073874771595
2026-04-23 07:32:49.400,3509418.277188933,779146.0842618609,5250978.26705382,-48229.37733357757,43.565735360140245,-0.0008975574746727943,0.018049620557576418,0.05881953053176403
2026-04-23 07:32:49.500,3509418.279188761,779146.084965233,5250978.265594639,-48234.08000715561,43.53806036244572,0.019998280331492424,0.00703372061252594,-0.014591813087463379
2026-04-23 07:32:49.600,3509418.280460774,779146.0846098467,5250978.2714784825,-48238.767700802586,43.49570777569843,0.012720129452645779,-0.003553862916305661,0.058838436380028725
2026-04-23 07:32:49.700,3509418.280070999,779146.0829103674,5250978.2720336225,-48243.457557015645,43.46432980441488,-0.0038977479562163353,-0.016994792968034744,0.005551399663090706
2026-04-23 07:32:49.800,3509418.2775942846,779146.0810474847,5250978.269123556,-48248.16111623389,43.43257287179336,-0.02476714551448822,-0.018628827529028058,-0.02910066395998001
2026-04-23 07:32:49.900,3509418.280961323,779146.0809287018,5250978.271897766,-48252.858922111795,43.37313269352166,0.03367038443684578,-0.0011878286022692919,0.02774209715425968
2026-04-23 07:32:50.000,3509418.284004053,779146.0796855256,5250978.268416385,-48257.55990727577,43.37166039705861,0.03042730037122965,-0.012431761715561152,-0.03481380641460419
2026-04-23 07:32:50.100,3509418.283909515,779146.0815003378,5250978.274277229,-48262.252099861675,43.346264140161225,-0.0009453808888792992,0.018148121889680624,0.058608436957001686
2026-04-23 07:32:50.200,3509418.2837695363,779146.079601013,5250978.270434524,-48266.95497962297,43.32200290024311,-0.0013997871428728104,-0.018993248231709003,-0.03842704929411411
2026-04-23 07:32:50.300,3509418.2846062416,779146.0772422224,5250978.271821939,-48271.65715633343,43.28049089537452,0.008367053233087063,-0.02358790603466332,0.013874154537916183
2026-04-23 07:32:50.400,3509418.2877722923,779146.0768635649,5250978.2802570425,-48276.357402062116,43.25163732734964,0.03166050650179386,-0.0037865748163312674,0.08435103110969067
2026-04-23 07:32:50.500,3509418.288804302,779146.0777310096,5250978.282027345,-48281.059922961096,43.23193676229335,0.010320097208023071,0.008674446726217866,0.01770302653312683
2026-04-23 07:32:50.600,3509418.2922196584,779146.0799839904,5250978.288943213,-48285.75159657354,43.202139340158205,0.034153563901782036,0.022529808338731527,0.06915868259966373
2026-04-23 07:32:50.700,3509418.2943488937,779146.0790012332,5250978.293542145,-48290.450163424444,43.181155498692526,0.02129235304892063,-0.009827571921050549,0.04598931409418583
2026-04-23 07:32:50.800,3509418.29413052,779146.0794419884,5250978.296416344,-48295.158258833675,43.14262446915435,-0.0021837372332811356,0.004407551605254412,0.028741993010044098
2026-04-23 07:32:50.900,3509418.295213444,779146.0788473242,5250978.298726591,-48299.87227913322,43.12029884902677,0.010829241946339607,-0.005946641322225332,0.023102471604943275
2026-04-23 07:32:51.000,3509418.296729257,779146.0809622703,5250978.303524036,-48304.58992378237,43.096917509330744,0.015158127062022686,0.02114946022629738,0.047974446788430214
2026-04-23 07:32:51.100,3509418.2960061003,779146.080056658,5250978.301026303,-48309.302704048896,43.07467470607227,-0.007231566123664379,-0.0090561225079,-0.02497732639312744
2026-04-23 07:32:51.200,3509418.2962940615,779146.0779528947,5250978.302224108,-48314.003619086194,43.06801402745621,0.002879612147808075,-0.021037632832303643,0.011978046968579292
2026-04-23 07:32:51.300,3509418.2983211796,779146.078880364,5250978.302060465,-48318.71083237927,43.03871365842119,0.020271181128919125,0.00927469227463007,-0.0016364268958568573
2026-04-23 07:32:51.400,3509418.298935605,779146.0791926091,5250978.298018933,-48323.428838930064,43.01334403636954,0.006144256331026554,0.003122451016679406,-0.04041532054543495
2026-04-23 07:32:51.500,3509418.3024270725,779146.0806823166,5250978.30164546,-48328.14216604401,42.97718024754775,0.034914673306047916,0.01489707501605153,0.036265263333916664
2026-04-23 07:32:51.600,3509418.304540916,779146.0790617625,5250978.301931323,-48332.85900489824,42.95630241293102,0.02113843336701393,-0.016205540159717202,0.0028586294502019882
2026-04-23 07:32:51.700,3509418.3031630255,779146.0788069057,5250978.301314472,-48337.57971871365,42.94553786417702,-0.013778903521597385,-0.00254856888204813,-0.006168503314256668
2026-04-23 07:32:51.800,3509418.3054697597,779146.0791561318,5250978.296487895,-48342.304289492735,42.920661529878515,0.02306734211742878,0.0034922617487609386,-0.04826577380299568
2026-04-23 07:32:51.900,3509418.307696787,779146.0795207748,5250978.298471227,-48347.01590579689,42.9111817343558,0.022270274348556995,0.00364642939530313,0.01983332447707653
2026-04-23 07:32:52.000,3509418.3053061706,779146.0778283693,5250978.295572561,-48351.7352011389,42.88981299761229,-0.02390616573393345,-0.016924054361879826,-0.02898666076362133
2026-04-23 07:32:52.100,3509418.3046692386,779146.0767180753,5250978.292140515,-48356.464970771856,42.86558098213096,-0.006369319744408131,-0.011102940188720822,-0.034320466220378876
2026-04-23 07:32:52.200,3509418.307821561,779146.0773915316,5250978.286804525,-48361.190717615005,42.839679215559634,0.03152322489768267,0.006734562339261174,-0.05335989408195019
2026-04-23 07:32:52.300,3509418.312743271,779146.0798154118,5250978.289592606,-48365.913415014074,42.79227756282345,0.04921709652990103,0.024238802725449204,0.02788080833852291
2026-04-23 07:32:52.400,3509418.3134154025,779146.081217604,5250978.29186634,-48370.63226867255,42.76670962754536,0.006721317768096924,0.01402192167006433,0.02273733727633953
2026-04-23 07:32:52.500,3509418.3185378425,779146.0810546181,5250978.2897486705,-48375.35683190589,42.76503980677938,0.051224399358034134,-0.0016298587433993816,-0.021176692098379135
2026-04-23 07:32:52.600,3509418.3219025442,779146.081967217,5250978.292807008,-48380.08289665775,42.73421256432736,0.03364701755344868,0.009125989163294435,0.030583376064896584
2026-04-23 07:32:52.700,3509418.323323381,779146.0843943403,5250978.292436747,-48384.80964289433,42.73815684160602,0.014208368957042694,0.024271232541650534,-0.003702612593770027
2026-04-23 07:32:52.800,3509418.328238003,779146.0849186154,5250978.286402185,-48389.54633602474,42.72203563503053,0.04914621822535992,0.005242751212790608,-0.060345614328980446
2026-04-23 07:32:52.900,3509418.3313803985,779146.0873373796,5250978.287287426,-48394.2789808636,42.70753934505146,0.0314239552244544,0.02418764168396592,0.008852407336235046
2026-04-23 07:32:53.000,3509418.3301053015,779146.0881533618,5250978.284710132,-48399.02315175993,42.695338366774116,-0.01275097019970417,0.008159822318702936,-0.0257729459553957
2026-04-23 07:32:53.100,3509418.3328377777,779146.0892747466,5250978.285739649,-48403.754799501876,42.68150790851456,0.02732476219534874,0.011213847901672125,0.010295175015926361
2026-04-23 07:32:53.200,3509418.3360792436,779146.0922661014,5250978.295231466,-48408.48461065879,42.680938399614575,0.032414658926427364,0.029913547914475203,0.09491817094385624
2026-04-23 07:32:53.300,3509418.337123804,779146.0936376466,5250978.293632919,-48413.22975203377,42.67246299396583,0.010445602238178253,0.013715452514588833,-0.01598547212779522
2026-04-23 07:32:53.400,3509418.3400934553,779146.0959773031,5250978.298190274,-48417.96029106388,42.652987122333734,0.029696514829993248,0.02339656464755535,0.04557355307042599
2026-04-23 07:32:53.500,3509418.3452551076,779146.0981312835,5250978.298952582,-48422.68403322626,42.62331074976245,0.051616523414850235,0.021539804292842746,0.007623080164194107
2026-04-23 07:32:53.600,3509418.3462932673,779146.1027833523,5250978.304915786,-48427.398773247245,42.57668010921777,0.010381597094237804,0.046520687174052,0.059632034972310066
2026-04-23 07:32:53.700,3509418.345234653,779146.1008355194,5250978.301934966,-48432.13053700284,42.58486869626298,-0.010586143471300602,-0.019478328758850694,-0.029808199033141136
2026-04-23 07:32:53.800,3509418.344426629,779146.1023509126,5250978.305839998,-48436.860768901235,42.56525546281245,-0.008080238476395607,0.015153932617977262,0.03905031830072403
2026-04-23 07:32:53.900,3509418.3423304115,779146.1029316066,5250978.303389259,-48441.592963683885,42.53568147425823,-0.02096217591315508,0.005806939443573356,-0.024507390335202217
2026-04-23 07:32:54.000,3509418.3416762515,779146.1075084528,5250978.308638317,-48446.32452871045,42.50420024586545,-0.006541600450873375,0.04576846258714795,0.05249057896435261
2026-04-23 07:32:54.100,3509418.3441325165,779146.109231255,5250978.307845865,-48451.0654623411,42.48850570330088,0.024562650360167027,0.017228021752089262,-0.007924512028694153
2026-04-23 07:32:54.200,3509418.3463663207,779146.1122655917,5250978.315164863,-48455.79999846181,42.47212950059988,0.02233804203569889,0.030343367252498865,0.07318997755646706
2026-04-23 07:32:54.300,3509418.346682043,779146.1145486569,5250978.316972035,-48460.528525507776,42.461491751485305,0.003157220780849457,0.02283065114170313,0.018071718513965607
2026-04-23 07:32:54.400,3509418.342523419,779146.1159770649,5250978.31895064,-48465.26386210546,42.46350625091946,-0.04158623982220888,0.01428408082574606,0.01978605054318905
2026-04-23 07:32:54.500,3509418.341030534,779146.1158329075,5250978.318369357,-48470.0107567022,42.45143226431494,-0.014928849413990974,-0.0014415744226425886,-0.005812831223011017
2026-04-23 07:32:54.600,3509418.340009441,779146.1182747262,5250978.321861008,-48474.75584512476,42.44923933402281,-0.010210927575826645,0.02441818709485233,0.03491651266813278
2026-04-23 07:32:54.700,3509418.3389068968,779146.1189518073,5250978.314146333,-48479.504289079945,42.45265254255904,-0.01102544367313385,0.006770810578018427,-0.07714674808084965
2026-04-23 07:32:54.800,3509418.33666445,779146.1219070968,5250978.311189788,-48484.237685155415,42.448028215377995,-0.022424468770623207,0.029552895575761795,-0.02956544980406761
2026-04-23 07:32:54.900,3509418.33405305,779146.1200054764,5250978.311028382,-48488.97530723999,42.46891907243302,-0.02611400093883276,-0.019016204169020057,-0.0016140658408403397
2026-04-23 07:32:55.000,3509418.3329861145,779146.1211196426,5250978.3090868695,-48493.71368271615,42.472425320020136,-0.010669352486729622,0.011141662253066897,-0.019415123388171196
2026-04-23 07:32:55.100,3509418.3319541463,779146.1230692207,5250978.306285553,-48498.44987360971,42.4622153199419,-0.010319682769477367,0.01949578057974577,-0.028013167902827263
2026-04-23 07:32:55.200,3509418.3344981344,779146.1247504158,5250978.309348682,-48503.19110762463,42.4568428299335,0.025439881719648838,0.01681195106357336,0.03063129261136055
2026-04-23 07:32:55.300,3509418.333333996,779146.1272926051,5250978.312752171,-48507.93900004546,42.440283420155296,-0.011641383171081543,0.02542189322412014,0.03403489477932453
2026-04-23 07:32:55.400,3509418.33029059,779146.1289792242,5250978.309899719,-48512.687162291535,42.42743696391101,-0.030434061773121357,0.016866191290318966,-0.028524519875645638
2026-04-23 07:32:55.500,3509418.3292711736,779146.1303478472,5250978.308616257,-48517.43126298128,42.45838690522583,-0.010194163769483566,0.013686229940503836,-0.012834621593356133
2026-04-23 07:32:55.600,3509418.3295719884,779146.1328196322,5250978.312126361,-48522.170626224484,42.44864175326213,0.0030081486329436302,0.024717849446460605,0.03510103560984135
2026-04-23 07:32:55.700,3509418.325800208,779146.1341703739,5250978.309788015,-48526.92197396515,42.44112021519927,-0.03771780524402857,0.013507417170330882,-0.02338346093893051
2026-04-23 07:32:55.800,3509418.326034756,779146.1364200008,5250978.3106166925,-48531.67699319939,42.410245493630136,0.0023454800248146057,0.022496269084513187,0.008286777883768082
2026-04-23 07:32:55.900,3509418.327457006,779146.1388772913,5250978.312639509,-48536.428139549156,42.415107476121015,0.014222501777112484,0.02457290538586676,0.02022816799581051
2026-04-23 07:32:56.000,3509418.3288126457,779146.1439240339,5250978.318640766,-48541.17436440794,42.39348634101703,0.013556396588683128,0.050467425025999546,0.060012564063072205
2026-04-23 07:32:56.100,3509418.326830453,779146.1467738525,5250978.320046184,-48545.92359394404,42.39253131494204,-0.01982192974537611,0.028498186729848385,0.014054179191589355
2026-04-23 07:32:56.200,3509418.323155388,779146.1486060611,5250978.31977791,-48550.67120401682,42.37417748119548,-0.03675065003335476,0.018322085961699486,-0.002682739868760109
2026-04-23 07:32:56.300,3509418.3231493426,779146.1498771008,5250978.319522052,-48555.41891953987,42.35332431822129,-6.045214831829071e-05,0.012710397131741047,-0.0025585759431123734
2026-04-23 07:32:56.400,3509418.32225408,779146.1533539842,5250978.32187531,-48560.170662033204,42.353776928233046,-0.008952626958489418,0.034768834011629224,0.023532574996352196
2026-04-23 07:32:56.500,3509418.320366723,779146.1541879929,5250978.320934211,-48564.91929106188,42.349638272504045,-0.01887356862425804,0.008340086787939072,-0.009410986676812172
2026-04-23 07:32:56.600,3509418.318653893,779146.158176359,5250978.331409813,-48569.66642239631,42.33588932097638,-0.017128298059105873,0.03988366108387709,0.10475602000951767
2026-04-23 07:32:56.700,3509418.317620677,779146.1609258928,5250978.330529052,-48574.413497906506,42.31963512919763,-0.010332162491977215,0.02749533741734922,-0.008807610720396042
2026-04-23 07:32:56.800,3509418.3154047513,779146.165085094,5250978.331837538,-48579.16788684933,42.30367890989127,-0.022159256041049957,0.04159201285801828,0.013084858655929565
2026-04-23 07:32:56.900,3509418.313033699,779146.1689740292,5250978.333180777,-48583.91998113388,42.29844929880801,-0.023710522800683975,0.038889351999387145,0.013432390987873077
2026-04-23 07:32:57.000,3509418.3105074666,779146.1728383793,5250978.338490023,-48588.67014712374,42.27454167007321,-0.025262325070798397,0.03864350030198693,0.05309246480464935
2026-04-23 07:32:57.100,3509418.311495987,779146.1753605923,5250978.340640812,-48593.42481055429,42.25746950614375,0.009885206818580627,0.02522213035263121,0.02150788903236389
2026-04-23 07:32:57.200,3509418.305573443,779146.1771200291,5250978.3342773225,-48598.194042459254,42.24783127828017,-0.059225442819297314,0.017594367964193225,-0.06363489665091038
2026-04-23 07:32:57.300,3509418.3048408,779146.1817436417,5250978.340389501,-48602.95191517776,42.22671285260614,-0.007326430641114712,0.046236126217991114,0.06112178787589073
2026-04-23 07:32:57.400,3509418.3036714154,779146.1830978014,5250978.340479197,-48607.71617408984,42.19712745719464,-0.011693844571709633,0.01354159670881927,0.0008969567716121674
2026-04-23 07:32:57.500,3509418.299187325,779146.1851896679,5250978.3399105165,-48612.47903764479,42.165307170074556,-0.044840904884040356,0.020918664522469044,-0.00568680465221405
2026-04-23 07:32:57.600,3509418.297878889,779146.18881613,5250978.340069069,-48617.2474411965,42.15863970990319,-0.013084360398352146,0.0362646218854934,0.0015855208039283752
2026-04-23 07:32:57.700,3509418.297437099,779146.1929611296,5250978.341881002,-48622.01484525865,42.136888872740094,-0.004417900927364826,0.041449995478615165,0.018119337037205696
2026-04-23 07:32:57.800,3509418.295995284,779146.1919940709,5250978.332001669,-48626.78762857205,42.124362304280105,-0.01441814936697483,-0.009670587023720145,-0.09879332967102528
2026-04-23 07:32:57.900,3509418.2948883804,779146.1943909593,5250978.332402249,-48631.554643550815,42.119180678273075,-0.011069034226238728,0.02396888448856771,0.00400579534471035
2026-04-23 07:32:58.000,3509418.296816932,779146.1956864442,5250978.322622465,-48636.32081898885,42.13234429199681,0.019285515882074833,0.012954848352819681,-0.09779783897101879
2026-04-23 07:32:58.100,3509418.297884116,779146.2007240952,5250978.324046036,-48641.07859751638,42.09247227626364,0.010671839118003845,0.0503765104804188,0.014235712587833405
2026-04-23 07:32:58.200,3509418.296151258,779146.2023797735,5250978.324513172,-48645.840485100016,42.07551157857869,-0.017328578978776932,0.01655678264796734,0.004671355709433556
2026-04-23 07:32:58.300,3509418.2990939505,779146.2060785656,5250978.318541432,-48650.608662412094,42.06822450477859,0.029426924884319305,0.03698792075738311,-0.05971739999949932
2026-04-23 07:32:58.400,3509418.300095999,779146.2079063054,5250978.316633061,-48655.38038784553,42.05058775368352,0.010020486079156399,0.018277398776263,-0.019083712249994278
2026-04-23 07:32:58.500,3509418.301157295,779146.2099751574,5250978.306678927,-48660.15401000044,42.02899689637665,0.010612956248223782,0.02068851958028972,-0.09954134002327919
2026-04-23 07:32:58.600,3509418.303226993,779146.2148047418,5250978.305368327,-48664.92007344336,42.011605741445145,0.02069698181003332,0.04829584388062358,-0.013105999678373337
2026-04-23 07:32:58.700,3509418.3069333965,779146.2192889268,5250978.305460504,-48669.68119175397,41.995758881386465,0.037064035423099995,0.04484185017645359,0.0009217765182256699
2026-04-23 07:32:58.800,3509418.3076644884,779146.2202279603,5250978.299345672,-48674.45226159911,41.97911594730982,0.007310919463634491,0.009390334598720074,-0.06114832125604153
2026-04-23 07:32:58.900,3509418.309615871,779146.2206219219,5250978.2886097245,-48679.23142697429,41.95569682876573,0.019513824954628944,0.003939616726711392,-0.10735947638750076
2026-04-23 07:32:59.000,3509418.31148797,779146.2227852393,5250978.280449772,-48684.01262160585,41.93593357711156,0.018720990046858788,0.02163317403756082,-0.08159952238202095
2026-04-23 07:32:59.100,3509418.3139006463,779146.2254521196,5250978.277639771,-48688.80026101667,41.90878179145614,0.024126763455569744,0.0266688026022166,-0.028100013732910156
2026-04-23 07:32:59.200,3509418.3142547575,779146.2277973302,5250978.272569655,-48693.58447092755,41.89471793267003,0.003541111946105957,0.023452106397598982,-0.05070115439593792
2026-04-23 07:32:59.300,3509418.3141762028,779146.2298143841,5250978.264853955,-48698.364609477525,41.86419366226671,-0.0007855473086237907,0.02017053891904652,-0.07715700194239616
2026-04-23 07:32:59.400,3509418.3180819335,779146.2318606882,5250978.262728224,-48703.13781574278,41.83720528035061,0.03905730787664652,0.020463040564209223,-0.021257316693663597
2026-04-23 07:32:59.500,3509418.321451184,779146.2314174724,5250978.255599014,-48707.917699889826,41.82237644435323,0.0336925033479929,-0.004432158311828971,-0.07129209116101265
2026-04-23 07:32:59.600,3509418.324674347,779146.2346116994,5250978.247675002,-48712.70308798691,41.77646486736412,0.03223163075745106,0.031942269997671247,-0.07924012839794159
2026-04-23 07:32:59.700,3509418.329855546,779146.2375026252,5250978.242293034,-48717.48349556178,41.75496858993598,0.05181198939681053,0.028909258544445038,-0.0538196787238121
2026-04-23 07:32:59.800,3509418.331899023,779146.2393502697,5250978.23944226,-48722.25805432601,41.7240244394317,0.020434772595763206,0.018476444529369473,-0.028507737442851067
2026-04-23 07:32:59.900,3509418.335456048,779146.2413540172,5250978.235940638,-48727.03212480676,41.69424506298767,0.035570249892771244,0.020037475042045116,-0.035016220062971115
2026-04-23 07:33:00.000,3509418.3395662876,779146.2425214184,5250978.2244998785,-48731.811890504185,41.67443407027913,0.041102394461631775,0.011674012057483196,-0.11440759524703026
2026-04-23 07:33:00.100,3509418.3454947704,779146.246221317,5250978.22324371,-48736.59331733806,41.64401821796856,0.05928482860326767,0.03699898603372276,-0.01256168819963932
2026-04-23 07:33:00.200,3509418.349321804,779146.2488331101,5250978.224251744,-48741.37542285907,41.622761272512044,0.038270335644483566,0.026117931120097637,0.010080346837639809
2026-04-23 07:33:00.300,3509418.352384769,779146.2497591279,5250978.218093923,-48746.15745821813,41.61436200111098,0.030629648827016354,0.009260177612304688,-0.061578210443258286
2026-04-23 07:33:00.400,3509418.356455787,779146.2503453905,5250978.210468832,-48750.94263555535,41.572517800474905,0.040710181929171085,0.00586262671276927,-0.07625090889632702
2026-04-23 07:33:00.500,3509418.3601419395,779146.2537421276,5250978.208583557,-48755.717484206165,41.54616073383666,0.03686152398586273,0.033967370400205255,-0.018852753564715385
2026-04-23 07:33:00.600,3509418.36567962,779146.25500398,5250978.206128357,-48760.49082849609,41.53649599598534,0.05537680350244045,0.012618524488061666,-0.0245520006865263
2026-04-23 07:33:00.700,3509418.369099533,779146.2564714552,5250978.201593621,-48765.27306449948,41.50616819287202,0.03419913351535797,0.01467475201934576,-0.045347362756729126
2026-04-23 07:33:00.800,3509418.374955485,779146.2575262808,5250978.196398692,-48770.06130802498,41.50393965629753,0.05855951923877001,0.010548256104812026,-0.051949284970760345
2026-04-23 07:33:00.900,3509418.3793850658,779146.2607856246,5250978.194587786,-48774.84691312068,41.484832093321494,0.04429580643773079,0.03259343793615699,-0.018109064549207687
2026-04-23 07:33:01.000,3509418.3847499276,779146.2626952002,5250978.191088739,-48779.626640135066,41.469546206077545,0.053648618049919605,0.019095755415037274,-0.034990468993783
2026-04-23 07:33:01.100,3509418.3901072387,779146.2634419432,5250978.183827718,-48784.40712807484,41.47111537627885,0.053573111072182655,0.007467430550605059,-0.07261021062731743
2026-04-23 07:33:01.200,3509418.395582015,779146.264608514,5250978.178055922,-48789.18580113359,41.45512055409788,0.05474776495248079,0.011665708152577281,-0.05771796219050884
2026-04-23 07:33:01.300,3509418.400549915,779146.2678954676,5250978.176118769,-48793.95980504574,41.43896980258984,0.049678999930620193,0.032869535498321056,-0.019371528178453445
2026-04-23 07:33:01.400,3509418.404435144,779146.2686491047,5250978.173441262,-48798.73673203957,41.4226447577198,0.03885228652507067,0.0075363717041909695,-0.026775067672133446
2026-04-23 07:33:01.500,3509418.407851484,779146.2703224117,5250978.169126562,-48803.51742632196,41.41246802420993,0.03416340332478285,0.016733069205656648,-0.043147001415491104
2026-04-23 07:33:01.600,3509418.416147908,779146.2719451325,5250978.161255075,-48808.29404479417,41.39397053529663,0.08296424057334661,0.01622720854356885,-0.0787148717790842
2026-04-23 07:33:01.700,3509418.4189371886,779146.273850288,5250978.158307713,-48813.07956310132,41.381996415686295,0.02789280377328396,0.019051554845646024,-0.02947361208498478
2026-04-23 07:33:01.800,3509418.4226133837,779146.2755076272,5250978.154716027,-48817.863528034,41.36835041641253,0.03676195163279772,0.016573391621932387,-0.03591686487197876
2026-04-23 07:33:01.900,3509418.4263909766,779146.2760455412,5250978.143568483,-48822.65326289705,41.34644550842503,0.03777592908591032,0.00537913991138339,-0.11147543787956238
2026-04-23 07:33:02.000,3509418.4295705054,779146.2762662395,5250978.139138429,-48827.44704740876,41.34149650388735,0.03179528750479221,0.002206983044743538,-0.044300537556409836
2026-04-23 07:33:02.100,3509418.4371188194,779146.2779851473,5250978.136447546,-48832.23317134074,41.336256388031096,0.07548314053565264,0.017189078498631716,-0.026908833533525467
2026-04-23 07:33:02.200,3509418.440789042,779146.2791810649,5250978.133309367,-48837.01914235746,41.31369675647087,0.03670222591608763,0.011959176044911146,-0.03138178959488869
2026-04-23 07:33:02.300,3509418.4431721494,779146.279982297,5250978.126705299,-48841.80654985292,41.30185978969921,0.023831073194742203,0.008012320613488555,-0.06604067981243134
2026-04-23 07:33:02.400,3509418.4473922406,779146.2803595911,5250978.1222418165,-48846.59201782016,41.29063241983061,0.0422009127214551,0.003772941417992115,-0.044634826481342316
2026-04-23 07:33:02.500,3509418.451231142,779146.2800475211,5250978.1127748145,-48851.3923714376,41.28622612776867,0.03838901408016682,-0.003120700130239129,-0.09467002004384995
2026-04-23 07:33:02.600,3509418.4569610474,779146.2795245617,5250978.109381961,-48856.1890100743,41.28505233749393,0.0572990532964468,-0.005229593953117728,-0.033928537741303444
2026-04-23 07:33:02.700,3509418.461722364,779146.2831263305,5250978.117816727,-48860.97211643343,41.24401759002372,0.04761316813528538,0.036017687525600195,0.08434765972197056
2026-04-23 07:33:02.800,3509418.4658158836,779146.2858657122,5250978.116968798,-48865.7635170465,41.22868063877445,0.04093519411981106,0.02739381743595004,-0.008479282259941101
2026-04-23 07:33:02.900,3509418.469420465,779146.2879478695,5250978.117630012,-48870.55076196392,41.21334628447301,0.03604581579566002,0.020821572979912162,0.006612138822674751
2026-04-23 07:33:03.000,3509418.4752376587,779146.2867194007,5250978.116864988,-48875.339668663466,41.197612096322466,0.05817193537950516,-0.012284688418731093,-0.0076502468436956406
2026-04-23 07:33:03.100,3509418.480010774,779146.2882301549,5250978.1164877815,-48880.12150976921,41.177137004857386,0.04773115273565054,0.015107542276382446,-0.0037720613181591034
2026-04-23 07:33:03.200,3509418.484263119,779146.2903165271,5250978.116931567,-48884.9042694551,41.16513279648321,0.04252344835549593,0.020863722311332822,0.004437854513525963
2026-04-23 07:33:03.300,3509418.489089236,779146.2929573865,5250978.120031878,-48889.69154093016,41.14480401707508,0.04826117306947708,0.026408593403175473,0.031003113836050034
2026-04-23 07:33:03.400,3509418.4910941864,779146.2935905244,5250978.120136343,-48894.48353552114,41.12919023171391,0.020049503073096275,0.006331378826871514,0.00104464590549469
2026-04-23 07:33:03.500,3509418.494157821,779146.2935445239,5250978.120619354,-48899.275277068235,41.12131920482732,0.03063634503632784,-0.0004600046668201685,0.00483010895550251
2026-04-23 07:33:03.600,3509418.4984842096,779146.2929193784,5250978.118730365,-48904.067304189375,41.09851164901187,0.04326388705521822,-0.0062514550518244505,-0.018889885395765305
2026-04-23 07:33:03.700,3509418.502552694,779146.2945880586,5250978.120606103,-48908.85382034044,41.085370041396196,0.04068484529852867,0.01668680226430297,0.018757376819849014
2026-04-23 07:33:03.800,3509418.5070782327,779146.2953860214,5250978.1239919,-48913.63088517494,41.06416441407728,0.0452553853392601,0.007979627698659897,0.03385797142982483
2026-04-23 07:33:03.900,3509418.5087146293,779146.2944614629,5250978.122430852,-48918.42400960227,41.060612191621665,0.016363966278731823,-0.009245584951713681,-0.015610484406352043
2026-04-23 07:33:04.000,3509418.511387464,779146.2965925502,5250978.126032673,-48923.22296137296,41.03088022329163,0.02672834787517786,0.02131087356247008,0.036018211394548416
2026-04-23 07:33:04.100,3509418.512052863,779146.2955127413,5250978.131202896,-48928.02437331297,41.018261783811965,0.006653987802565098,-0.01079808920621872,0.0517022330313921
2026-04-23 07:33:04.200,3509418.514446931,779146.2957726615,5250978.132998026,-48932.83551985848,40.98964449216186,0.0239406805485487,0.002599201397970319,0.017951298505067825
2026-04-23 07:33:04.300,3509418.5165310004,779146.2953425279,5250978.136972821,-48937.64815400973,40.96357865614443,0.020840694196522236,-0.004301335429772735,0.03974795341491699
2026-04-23 07:33:04.400,3509418.5209836387,779146.2974692767,5250978.142532239,-48942.44477836784,40.95427993315529,0.04452638328075409,0.021267487900331616,0.055594174191355705
2026-04-23 07:33:04.500,3509418.5214462387,779146.2975530215,5250978.144766986,-48947.242528992465,40.92503258488072,0.004626000300049782,0.0008374475874006748,0.022347476333379745
2026-04-23 07:33:04.600,3509418.522782033,779146.2978952525,5250978.150867451,-48952.042153952425,40.89520072230042,0.013357941061258316,0.00342231011018157,0.0610046461224556
2026-04-23 07:33:04.700,3509418.5262140166,779146.299686668,5250978.156324256,-48956.85662318401,40.87284792211627,0.03431983757764101,0.017914155032485723,0.05456805229187012
2026-04-23 07:33:04.800,3509418.5277600884,779146.3004712219,5250978.162355859,-48961.661914556644,40.84124904678717,0.015460718423128128,0.007845539366826415,0.06031602621078491
2026-04-23 07:33:04.900,3509418.530466597,779146.2999246692,5250978.165839331,-48966.462337587735,40.80737725149057,0.02706508617848158,-0.005465527065098286,0.03483472391963005
2026-04-23 07:33:05.000,3509418.530538841,779146.2998196952,5250978.168196408,-48971.26633562896,40.79496286209097,0.0007224408909678459,-0.0010497402399778366,0.023570768535137177
2026-04-23 07:33:05.100,3509418.5343614044,779146.3011560693,5250978.174042426,-48976.067129384566,40.763981557140035,0.03822563216090202,0.013363740872591734,0.05846017971634865
2026-04-23 07:33:05.200,3509418.5363077256,779146.300665603,5250978.1799551705,-48980.87638541127,40.74228214326501,0.019463212229311466,-0.004904662491753697,0.0591274444013834
2026-04-23 07:33:05.300,3509418.534629397,779146.3017273593,5250978.184178467,-48985.69390654095,40.72940767514163,-0.016783284954726696,0.010617562802508473,0.04223296418786049
2026-04-23 07:33:05.400,3509418.534798155,779146.3018960856,5250978.184708761,-48990.50699222432,40.71676129332442,0.0016875797882676125,0.0016872631385922432,0.0053029414266347885
2026-04-23 07:33:05.500,3509418.537590439,779146.3037484224,5250978.193774695,-48995.32259714205,40.685390672915425,0.027922838926315308,0.018523368053138256,0.09065933525562286
2026-04-23 07:33:05.600,3509418.5375709985,779146.3035093698,5250978.19089031,-49000.144127402404,40.678365227007,-0.00019440427422523499,-0.00239052576944232,-0.028843842446804047
2026-04-23 07:33:05.700,3509418.5381563245,779146.3043117299,5250978.197547052,-49004.95829933085,40.68626459470946,0.005853259935975075,0.008023600094020367,0.06656741723418236
2026-04-23 07:33:05.800,3509418.5380323045,779146.3047234882,5250978.198951663,-49009.782630643764,40.6811552889516,-0.001240200363099575,0.004117583157494664,0.014046113938093185
2026-04-23 07:33:05.900,3509418.5388545785,779146.3069511006,5250978.203896743,-49014.61344372158,40.68109396651344,0.008222740143537521,0.0222761242184788,0.04945079796016216
2026-04-23 07:33:06.000,3509418.5382966083,779146.306297181,5250978.201865138,-49019.44431005609,40.67318331895868,-0.00557970255613327,-0.0065391953103244305,-0.02031605690717697
2026-04-23 07:33:06.100,3509418.538032232,779146.3071733884,5250978.20270342,-49024.27252127958,40.675896006476854,-0.002643764019012451,0.008762073703110218,0.008382825180888176
2026-04-23 07:33:06.200,3509418.5400547837,779146.3090839903,5250978.209572357,-49029.099329041186,40.66889881715352,0.020225518383085728,0.019106018589809537,0.0686893705278635
2026-04-23 07:33:06.300,3509418.540393681,779146.3112830854,5250978.210629857,-49033.92162434649,40.6564148936846,0.0033889710903167725,0.021990950917825103,0.010575000196695328
2026-04-23 07:33:06.400,3509418.5426398814,779146.312441418,5250978.211140265,-49038.74257977205,40.66626025055472,0.022462005726993084,0.011583325685933232,0.005104076117277145
2026-04-23 07:33:06.500,3509418.5427127713,779146.315183694,5250978.217891675,-49043.55857453355,40.648762022567276,0.0007288996130228043,0.027422760613262653,0.06751410663127899
2026-04-23 07:33:06.600,3509418.541331042,779146.3186166078,5250978.223675347,-49048.37851628117,40.645598318278,-0.013817292638123035,0.034329137997701764,0.05783671513199806
2026-04-23 07:33:06.700,3509418.5410193577,779146.3203717427,5250978.227314833,-49053.20155330407,40.65072305596241,-0.0031168432906270027,0.017551349010318518,0.03639485687017441
2026-04-23 07:33:06.800,3509418.541507287,779146.3222701395,5250978.236443534,-49058.029976730715,40.64738331133778,0.0048792921006679535,0.01898396760225296,0.09128700941801071
2026-04-23 07:33:06.900,3509418.5418421454,779146.3258547147,5250978.239741468,-49062.86360730561,40.63279138776082,0.0033485842868685722,0.03584575257264078,0.032979343086481094
2026-04-23 07:33:07.000,3509418.540927713,779146.3282100608,5250978.245503822,-49067.69146814211,40.61856198636344,-0.009144325740635395,0.023553461069241166,0.057623544707894325
2026-04-23 07:33:07.100,3509418.539122031,779146.3314244989,5250978.252899124,-49072.52047855344,40.61272285167532,-0.01805681735277176,0.032144380966201425,0.07395301945507526
2026-04-23 07:33:07.200,3509418.539981435,779146.3320453077,5250978.253017397,-49077.35115223177,40.62576374576738,0.00859403982758522,0.006208088016137481,0.0011827237904071808
2026-04-23 07:33:07.300,3509418.5382436933,779146.3373182827,5250978.26093302,-49082.16873556078,40.60895068378411,-0.017377417534589767,0.05272974958643317,0.07915623486042023
2026-04-23 07:33:07.400,3509418.5373441526,779146.3411803648,5250978.26909596,-49086.986113679224,40.61545955503395,-0.00899540726095438,0.03862082143314183,0.08162939921021461
2026-04-23 07:33:07.500,3509418.53427227,779146.343523691,5250978.272115252,-49091.81546069562,40.62369448994033,-0.03071882762014866,0.023433261085301638,0.030192919075489044
2026-04-23 07:33:07.600,3509418.5357181667,779146.3448645863,5250978.278655579,-49096.63633631854,40.62150969924436,0.014458969235420227,0.01340895309112966,0.06540327332913876
2026-04-23 07:33:07.700,3509418.5348013137,779146.3491573551,5250978.284613437,-49101.462609974384,40.62750713191445,-0.009168530814349651,0.04292768891900778,0.05957857705652714
2026-04-23 07:33:07.800,3509418.5330906846,779146.3522329015,5250978.29062505,-49106.29234972272,40.63585579957547,-0.01710629090666771,0.030755463521927595,0.060116127133369446
2026-04-23 07:33:07.900,3509418.529604799,779146.3559514696,5250978.298732479,-49111.12075077769,40.64310514006114,-0.03485885448753834,0.037185681285336614,0.0810742937028408
2026-04-23 07:33:08.000,3509418.5313613443,779146.3583538843,5250978.3080921015,-49115.94340299798,40.667330789363824,0.017565451562404633,0.024024146841838956,0.09359622374176979
2026-04-23 07:33:08.100,3509418.53096028,779146.3595939782,5250978.316230114,-49120.76630380772,40.668342314458044,-0.004010642878711224,0.012400938430801034,0.08138012140989304
2026-04-23 07:33:08.200,3509418.5319855143,779146.3645900489,5250978.330431833,-49125.575376264074,40.67613136398465,0.010252343490719795,0.0499607075471431,0.1420171931385994
2026-04-23 07:33:08.300,3509418.527387643,779146.3674280844,5250978.334341619,-49130.399783483044,40.66201659561006,-0.045978715643286705,0.028380354633554816,0.03909786231815815
2026-04-23 07:33:08.400,3509418.522772231,779146.3722397295,5250978.346631202,-49135.223494130274,40.665159424975215,-0.04615411628037691,0.04811645136214793,0.12289582751691341
2026-04-23 07:33:08.500,3509418.518728916,779146.3740895542,5250978.355589215,-49140.05302524584,40.67264569336428,-0.040433150716125965,0.018498246790841222,0.0895801279693842
2026-04-23 07:33:08.600,3509418.5174407386,779146.3766551013,5250978.366211434,-49144.88582416194,40.683497757646116,-0.012881774455308914,0.02565547125414014,0.10622219182550907
2026-04-23 07:33:08.700,3509418.5085858735,779146.3735722823,5250978.369093721,-49149.71948050855,40.69701592054709,-0.08854865096509457,-0.030828190501779318,0.028822869062423706
2026-04-23 07:33:08.800,3509418.5055043274,779146.3787601519,5250978.384620467,-49154.54324218405,40.69370888998311,-0.03081546165049076,0.051878696540370584,0.15526746399700642
2026-04-23 07:33:08.900,3509418.504892394,779146.3816685961,5250978.394072148,-49159.36883919255,40.70630738442632,-0.006119334138929844,0.029084441484883428,0.09451680816709995
2026-04-23 07:33:09.000,3509418.500609237,779146.3843853066,5250978.406954728,-49164.18904009637,40.70766083135914,-0.04283157177269459,0.027167105581611395,0.12882580049335957
2026-04-23 07:33:09.100,3509418.497498222,779146.3852609873,5250978.414991752,-49169.01170677047,40.706442559204355,-0.031110146082937717,0.008756807073950768,0.08037024177610874
2026-04-23 07:33:09.200,3509418.495249634,779146.3894956787,5250978.428613799,-49173.828531504165,40.708924648643126,-0.022485880181193352,0.04234691383317113,0.13622046448290348
2026-04-23 07:33:09.300,3509418.4939684295,779146.393514672,5250978.440929569,-49178.64042608559,40.722306405486826,-0.012812046334147453,0.04018993233330548,0.12315770611166954
2026-04-23 07:33:09.400,3509418.491725024,779146.3962440261,5250978.448154328,-49183.46736676354,40.73604891632123,-0.022434056736528873,0.027293541934341192,0.07224759086966515
2026-04-23 07:33:09.500,3509418.4944061735,779146.3990638038,5250978.464166456,-49188.29409480433,40.748453046774536,0.02681149635463953,0.02819777699187398,0.1601212751120329
2026-04-23 07:33:09.600,3509418.4932318954,779146.402264705,5250978.475742958,-49193.12484851341,40.76247930288062,-0.011742780916392803,0.032009012065827847,0.11576501652598381
2026-04-23 07:33:09.700,3509418.4917315515,779146.4060864294,5250978.492734842,-49197.95501931569,40.7658097078449,-0.015003439038991928,0.038217243272811174,0.1699188444763422
2026-04-23 07:33:09.800,3509418.4875235395,779146.4091335608,5250978.50023681,-49202.787598474184,40.77351702818961,-0.04208012018352747,0.030471314676105976,0.07501968182623386
2026-04-23 07:33:09.900,3509418.4832004136,779146.4132681001,5250978.511828927,-49207.616554702196,40.769628764497604,-0.043231258168816566,0.04134539281949401,0.11592117138206959
2026-04-23 07:33:10.000,3509418.482629756,779146.4183886524,5250978.527905441,-49212.45069250838,40.7810212937838,-0.005706576630473137,0.051205522613599896,0.16076513566076756
2026-04-23 07:33:10.100,3509418.4788869848,779146.4189219221,5250978.535843887,-49217.28312205099,40.8002124897021,-0.037427712231874466,0.005332697182893753,0.0793844647705555
2026-04-23 07:33:10.200,3509418.475285215,779146.420049186,5250978.546558415,-49222.11502817442,40.808289464597024,-0.03601769916713238,0.011272638803347945,0.1071452721953392
2026-04-23 07:33:10.300,3509418.471325645,779146.421738116,5250978.557628638,-49226.950361395946,40.8242947097429,-0.03959569614380598,0.016889299731701612,0.11070223525166512
2026-04-23 07:33:10.400,3509418.4677500934,779146.4229117024,5250978.563050027,-49231.79271494487,40.84080667818028,-0.0357555178925395,0.011735864682123065,0.05421388894319534
2026-04-23 07:33:10.500,3509418.4640393043,779146.4239263036,5250978.571606731,-49236.63653542921,40.849149300619004,-0.03710789140313864,0.01014601206406951,0.0855670403689146
2026-04-23 07:33:10.600,3509418.45937962,779146.4254440258,5250978.579288977,-49241.47826793853,40.84642430849038,-0.046596843749284744,0.01517722150310874,0.07682246156036854
2026-04-23 07:33:10.700,3509418.452394124,779146.4257421932,5250978.586694545,-49246.31239045368,40.8625877029671,-0.06985495798289776,0.002981674624606967,0.07405567914247513
2026-04-23 07:33:10.800,3509418.4521637494,779146.4261628758,5250978.593460465,-49251.14322833406,40.875588941067114,-0.002303747460246086,0.004206825979053974,0.06765919737517834
2026-04-23 07:33:10.900,3509418.4466134715,779146.4277412159,5250978.601335802,-49255.98001252126,40.88110054134463,-0.055502778850495815,0.015783400740474463,0.07875337265431881
2026-04-23 07:33:11.000,3509418.4423312554,779146.4293629065,5250978.60867717,-49260.81119833463,40.882082279500544,-0.0428221607580781,0.016216905787587166,0.0734136812388897
2026-04-23 07:33:11.100,3509418.4394355174,779146.4295710953,5250978.613225294,-49265.6453549333,40.90086232028523,-0.02895737998187542,0.002081887796521187,0.0454812403768301
2026-04-23 07:33:11.200,3509418.4357937207,779146.4278385468,5250978.617579354,-49270.48718879354,40.892221409715006,-0.03641796763986349,-0.017325484659522772,0.0435405969619751
2026-04-23 07:33:11.300,3509418.428692336,779146.427248861,5250978.620698861,-49275.33641660325,40.89601530034043,-0.07101384457200766,-0.00589685863815248,0.03119506873190403
2026-04-23 07:33:11.400,3509418.424861998,779146.4282616222,5250978.6291604005,-49280.18097320948,40.90319453207618,-0.0383033836260438,0.010127612622454762,0.08461539633572102
2026-04-23 07:33:11.500,3509418.419930395,779146.4276331904,5250978.630594276,-49285.020755414866,40.92103762340362,-0.04931602627038956,-0.006284317933022976,0.014338754117488861
2026-04-23 07:33:11.600,3509418.414737482,779146.4265133698,5250978.632148545,-49289.85441223832,40.91336630209094,-0.051929131150245667,-0.011198206339031458,0.015542693436145782
2026-04-23 07:33:11.700,3509418.410152311,779146.4265490565,5250978.640212594,-49294.6953109991,40.9346158818151,-0.04585171118378639,0.00035686767660081387,0.08064048364758492
2026-04-23 07:33:11.800,3509418.4064532123,779146.426873392,5250978.647311928,-49299.53329060646,40.94742354737669,-0.03699098713696003,0.0032433541491627693,0.0709933415055275
2026-04-23 07:33:11.900,3509418.4020787426,779146.4264945831,5250978.647519905,-49304.37089410745,40.94549328898602,-0.04374469630420208,-0.0037880882155150175,0.0020797736942768097
2026-04-23 07:33:12.000,3509418.3960639653,779146.4266035035,5250978.650476802,-49309.21886205474,40.96195945445675,-0.06014777347445488,0.0010892038699239492,0.029568970203399658
2026-04-23 07:33:12.100,3509418.3908465365,779146.4265290552,5250978.65432651,-49314.07292953554,40.97477143106296,-0.05217428784817457,-0.0007444829680025578,0.03849707543849945
2026-04-23 07:33:12.200,3509418.383847108,779146.4244310518,5250978.655947901,-49318.922996873654,40.9823569542821,-0.06999428384006023,-0.02098003402352333,0.01621391624212265
2026-04-23 07:33:12.300,3509418.381559859,779146.4233026089,5250978.6634955425,-49323.77198329727,40.992616821276634,-0.02287249080836773,-0.011284429347142577,0.07547641173005104
2026-04-23 07:33:12.400,3509418.379295725,779146.421974223,5250978.666155691,-49328.61784142296,41.01977878623939,-0.02264134120196104,-0.013283859007060528,0.026601487770676613
2026-04-23 07:33:12.500,3509418.3722752496,779146.4219065936,5250978.670554332,-49333.46191616501,41.026947077001836,-0.07020475342869759,-0.000676293857395649,0.04398641176521778
2026-04-23 07:33:12.600,3509418.3660891955,779146.4216568625,5250978.674269572,-49338.30956781581,41.03849815665023,-0.06186054088175297,-0.0024973112158477306,0.03715239465236664
2026-04-23 07:33:12.700,3509418.362811626,779146.4211345994,5250978.67595687,-49343.1593440123,41.03385135238877,-0.0327756954357028,-0.005222631152719259,0.016872985288500786
2026-04-23 07:33:12.800,3509418.3562005125,779146.4204271494,5250978.672654755,-49348.01698710062,41.04942657795142,-0.066111134365201,-0.007074499735608697,-0.03302115015685558
2026-04-23 07:33:12.900,3509418.3528493606,779146.4197524734,5250978.676581995,-49352.86940867043,41.02818293436968,-0.03351151943206787,-0.0067467603366822,0.03927239216864109
2026-04-23 07:33:13.000,3509418.3477977943,779146.4174690827,5250978.6762207365,-49357.722019191264,41.040307707340155,-0.050515662878751755,-0.02283390611410141,-0.003612581640481949
2026-04-23 07:33:13.100,3509418.3422546424,779146.4157383684,5250978.67681066,-49362.584407506125,41.030581680065225,-0.05543151870369911,-0.017307143425568938,0.005899239331483841
2026-04-23 07:33:13.200,3509418.338044609,779146.4146614624,5250978.67855737,-49367.45315232792,41.028848588075135,-0.0421003345400095,-0.010769059881567955,0.017467094585299492
2026-04-23 07:33:13.300,3509418.3323385627,779146.4143893386,5250978.681084864,-49372.316648821965,41.03384261469823,-0.057060462422668934,-0.0027212384156882763,0.025274939835071564
2026-04-23 07:33:13.400,3509418.329628135,779146.4148296051,5250978.684310425,-49377.17870442125,41.04702126639186,-0.027104276232421398,0.004402665654197335,0.032255612313747406
2026-04-23 07:33:13.500,3509418.322811589,779146.4143411755,5250978.687163347,-49382.04515094373,41.045256795156725,-0.06816545967012644,-0.004884296795353293,0.028529223054647446
2026-04-23 07:33:13.600,3509418.3173594307,779146.41068588,5250978.679666999,-49386.91855210399,41.04521438326908,-0.05452158395200968,-0.03655295469798148,-0.07496348582208157
2026-04-23 07:33:13.700,3509418.3114822474,779146.4095246104,5250978.678235618,-49391.797707474645,41.06347151807716,-0.0587718328461051,-0.01161269610747695,-0.014313803985714912
2026-04-23 07:33:13.800,3509418.3096015905,779146.4085066679,5250978.681641884,-49396.67321709794,41.06764791270663,-0.018806569278240204,-0.010179424425587058,0.03406265750527382
2026-04-23 07:33:13.900,3509418.3067238773,779146.4082030692,5250978.683734062,-49401.55795984174,41.08376109590589,-0.02877713181078434,-0.003035987028852105,0.020921779796481133
2026-04-23 07:33:14.000,3509418.3034889656,779146.4075205687,5250978.68310516,-49406.44372131272,41.09928134853359,-0.0323491171002388,-0.00682500540278852,-0.006289025768637657
2026-04-23 07:33:14.100,3509418.2992837643,779146.4048043307,5250978.6790626515,-49411.32122079085,41.079043315006196,-0.042052012868225574,-0.02716238028369844,-0.04042508080601692
2026-04-23 07:33:14.200,3509418.2983304337,779146.4043282708,5250978.67749342,-49416.19892476491,41.08633922211077,-0.009533306583762169,-0.0047605985309928656,-0.01569231040775776
2026-04-23 07:33:14.300,3509418.2952157184,779146.4040266161,5250978.675658681,-49421.07972899611,41.095699559641396,-0.031147152185440063,-0.0030165468342602253,-0.01834738999605179
2026-04-23 07:33:14.400,3509418.2902908092,779146.4021265585,5250978.672789714,-49425.9663747302,41.091154609483986,-0.04924909211695194,-0.01900057657621801,-0.0286896713078022
2026-04-23 07:33:14.500,3509418.2860474656,779146.4001428367,5250978.672240834,-49430.85168133556,41.0791485247448,-0.042433436028659344,-0.019837217405438423,-0.0054888054728507996
2026-04-23 07:33:14.600,3509418.2820107415,779146.4005090882,5250978.6704965085,-49435.73629187725,41.08164222876176,-0.04036724101752043,0.0036625145003199577,-0.017443252727389336
2026-04-23 07:33:14.700,3509418.281371512,779146.4013679387,5250978.667893828,-49440.61450315971,41.08083937336494,-0.0063922954723238945,0.008588505443185568,-0.026026805862784386
2026-04-23 07:33:14.800,3509418.276347269,779146.4006098923,5250978.664344759,-49445.488340992284,41.09144478191454,-0.050242431461811066,-0.007580464007332921,-0.03549069166183472
2026-04-23 07:33:14.900,3509418.270233642,779146.3982560068,5250978.659677185,-49450.363291514535,41.09966887954661,-0.061136269941926,-0.02353885560296476,-0.04667573608458042
2026-04-23 07:33:15.000,3509418.2686308427,779146.3976742248,5250978.658870051,-49455.24902172394,41.10683521362409,-0.01602799165993929,-0.005817819619551301,-0.00807134434580803
2026-04-23 07:33:15.100,3509418.2646534,779146.3970145141,5250978.652354479,-49460.1295911472,41.10371383819367,-0.03977442625910044,-0.0065971072763204575,-0.06515571847558022
2026-04-23 07:33:15.200,3509418.2599755777,779146.3955360629,5250978.649676278,-49465.01144936911,41.11149715045651,-0.04677822347730398,-0.01478451187722385,-0.02678200602531433
2026-04-23 07:33:15.300,3509418.255339405,779146.3936002883,5250978.654024211,-49469.892955016585,41.10983846113528,-0.046361726708710194,-0.019357745768502355,0.043479325249791145
2026-04-23 07:33:15.400,3509418.2479357948,779146.3913521568,5250978.644290993,-49474.786413428184,41.08550516483725,-0.07403610274195671,-0.022481315536424518,-0.09733217768371105
2026-04-23 07:33:15.500,3509418.247426376,779146.3888408646,5250978.638528668,-49479.66666981683,41.08619575792351,-0.005094185471534729,-0.025112921139225364,-0.05762324668467045
2026-04-23 07:33:15.600,3509418.2429298726,779146.3899075214,5250978.634781335,-49484.54916617208,41.07519182430273,-0.04496503621339798,0.010666567832231522,-0.03747333772480488
2026-04-23 07:33:15.700,3509418.2363239587,779146.3917948229,5250978.6278450005,-49489.4335066158,41.034995318265416,-0.06605913862586021,0.018873014487326145,-0.06936334073543549
2026-04-23 07:33:15.800,3509418.2301838542,779146.3921366886,5250978.613953104,-49494.330933851874,41.02492576637393,-0.06140104494988918,0.003418656997382641,-0.13891896232962608
2026-04-23 07:33:15.900,3509418.224235945,779146.3907437727,5250978.60306587,-49499.22331232991,41.01697604891093,-0.05947909317910671,-0.013929158449172974,-0.10887234471738338
2026-04-23 07:33:16.000,3509418.221248792,779146.3891188847,5250978.599264183,-49504.10784125862,41.015346490611726,-0.02987152896821499,-0.016248880419880152,-0.03801686689257622
2026-04-23 07:33:16.100,3509418.2169136205,779146.3879534834,5250978.589193615,-49509.00170857526,40.98484392255909,-0.04335171543061733,-0.011654013069346547,-0.10070567950606346
2026-04-23 07:33:16.200,3509418.215445097,779146.3846764277,5250978.576881061,-49513.89264230302,40.97142866897409,-0.014685234054923058,-0.03277055686339736,-0.12312553822994232
2026-04-23 07:33:16.300,3509418.209880175,779146.3819843166,5250978.567801485,-49518.78493613169,40.93870066100836,-0.05564922001212835,-0.026921110693365335,-0.09079576469957829
2026-04-23 07:33:16.400,3509418.2072014534,779146.3836930479,5250978.564828552,-49523.6787789952,40.88846397731263,-0.026787216775119305,0.017087312880903482,-0.02972932532429695
2026-04-23 07:33:16.500,3509418.203160261,779146.3823220319,5250978.561671291,-49528.566266247355,40.891121804910746,-0.04041192587465048,-0.01371016027405858,-0.0315726175904274
2026-04-23 07:33:16.600,3509418.199528777,779146.3827091741,5250978.553465731,-49533.4512166259,40.88013715601468,-0.036314837634563446,0.0038714217953383923,-0.08205559104681015
2026-04-23 07:33:16.700,3509418.19416099,779146.3819173671,5250978.546592441,-49538.33189697731,40.85244234157144,-0.05367787089198828,-0.00791806960478425,-0.06873290054500103
2026-04-23 07:33:16.800,3509418.1896534306,779146.3800362785,5250978.538954326,-49543.2289311726,40.84912435670637,-0.04507559351623058,-0.018810885958373547,-0.076381154358387
2026-04-23 07:33:16.900,3509418.186504992,779146.3792389098,5250978.53077542,-49548.129171261055,40.821802445262726,-0.03148438408970833,-0.007973687024787068,-0.08178905583918095
2026-04-23 07:33:17.000,3509418.1824407117,779146.3800587654,5250978.519804302,-49553.029942085384,40.77959862781362,-0.04064280539751053,0.008198556024581194,-0.10971118696033955
2026-04-23 07:33:17.100,3509418.177987397,779146.3911504854,5250978.510589248,-49557.92564415136,40.777454283561276,-0.0445331446826458,0.1109171996358782,-0.09215054102241993
2026-04-23 07:33:17.200,3509418.173228154,779146.4142172106,5250978.501293929,-49562.82192454913,40.74754557898451,-0.047592432238161564,0.2306672523263842,-0.09295318275690079
2026-04-23 07:33:17.300,3509418.1741094054,779146.4394157821,5250978.480896258,-49567.71784586301,40.74514297259946,0.008812514133751392,0.25198571500368416,-0.2039767149835825
2026-04-23 07:33:17.400,3509418.1745785642,779146.4670826376,5250978.469882642,-49572.59726618608,40.747046483359135,0.004691588692367077,0.27666855487041175,-0.11013615876436234
2026-04-23 07:33:17.500,3509418.183326459,779146.5100177196,5250978.448491142,-49577.4774243913,40.73366415818085,0.08747894782572985,0.4293508199043572,-0.21391499787569046
2026-04-23 07:33:17.600,3509418.194013613,779146.5897219604,5250978.419223338,-49582.366383845074,40.65009488632115,0.10687153786420822,0.7970424077939242,-0.2926780376583338
2026-04-23 07:33:17.700,3509418.2015724084,779146.6751930406,5250978.3803936085,-49587.26110059166,40.64139682443164,0.07558795623481274,0.8547108026687056,-0.3882972989231348
2026-04-23 07:33:17.800,3509418.1883862554,779146.7272136552,5250978.384667378,-49592.14686698789,40.6246638585449,-0.13186153024435043,0.5202061461750418,0.04273769445717335
2026-04-23 07:33:17.900,3509418.184420719,779146.786268387,5250978.374615092,-49597.02751243706,40.61152657034673,-0.039655365981161594,0.5905473174061626,-0.10052286088466644
2026-04-23 07:33:18.000,3509418.186196846,779146.8381934451,5250978.356306043,-49601.91044160107,40.6095853376053,0.017761271446943283,0.5192505812738091,-0.18309048376977444
2026-04-23 07:33:18.100,3509418.1829305757,779146.9151742111,5250978.340832558,-49606.79946909146,40.5441098408024,-0.03266270272433758,0.7698076602537185,-0.15473484992980957
2026-04-23 07:33:18.200,3509418.191024397,779147.0016054789,5250978.3213545,-49611.69216620944,40.524380304911936,0.08093821350485086,0.8643126778770238,-0.19478058442473412
2026-04-23 07:33:18.300,3509418.1892058635,779147.0771407923,5250978.303605317,-49616.59417937052,40.568781665894875,-0.018185335211455822,0.7553531334269792,-0.17749182879924774
2026-04-23 07:33:18.400,3509418.1822077273,779147.1408248765,5250978.292582923,-49621.48757927971,40.46297508797345,-0.06998136173933744,0.6368408421985805,-0.11022394523024559
2026-04-23 07:33:18.500,3509418.1829285417,779147.2257544125,5250978.295252988,-49626.3740290915,40.475498947093556,0.0072081433609128,0.8492953598033637,0.02670065499842167
2026-04-23 07:33:18.600,3509418.1895838054,779147.2706746375,5250978.283082585,-49631.26248671329,40.453857362599734,0.06655263714492321,0.44920225045643747,-0.12170403264462948
2026-04-23 07:33:18.700,3509418.1868816535,779147.3520611398,5250978.264994912,-49636.15556066763,40.4359819414673,-0.027021518908441067,0.8138650225009769,-0.18087673000991344
2026-04-23 07:33:18.800,3509418.190279632,779147.4474542816,5250978.263175996,-49641.031478579906,40.43457370600334,0.03397978376597166,0.9539314184803516,-0.01818915829062462
2026-04-23 07:33:18.900,3509418.1975607807,779147.5463577908,5250978.260931101,-49645.91135928022,40.40809946955943,0.07281148806214333,0.9890350920613855,-0.022448953241109848
2026-04-23 07:33:19.000,3509418.1825009855,779147.6586725607,5250978.251345316,-49650.802107230586,40.364363643226646,-0.1505979523062706,1.1231476988177747,-0.09585784748196602
2026-04-23 07:33:19.100,3509418.2043893007,779147.7730876453,5250978.238745978,-49655.687321694226,40.34649363952639,0.21888315211981535,1.1441508459392935,-0.12599337846040726
2026-04-23 07:33:19.200,3509418.2040664777,779147.8573928477,5250978.2244823575,-49660.58980067417,40.353198354239844,-0.003228229470551014,0.8430520235560834,-0.14263620600104332
2026-04-23 07:33:19.300,3509418.2157864557,779147.9654084198,5250978.22991429,-49665.46740263013,40.347339618821884,0.1171997794881463,1.0801557218655944,0.05431932397186756
2026-04-23 07:33:19.400,3509418.2318288414,779148.0461270991,5250978.2101518,-49670.35184836973,40.32866235527966,0.1604238571599126,0.8071867923717946,-0.19762489944696426
2026-04-23 07:33:19.500,3509418.229079017,779148.152282802,5250978.198389854,-49675.240501290806,40.40865982420473,-0.027498244307935238,1.0615570296067744,-0.1176194567233324
2026-04-23 07:33:19.600,3509418.247859852,779148.2666858496,5250978.176401584,-49680.12628401435,40.36359647399907,0.1878083497285843,1.144030475988984,-0.21988269872963428
2026-04-23 07:33:19.700,3509418.2737645223,779148.4071718518,5250978.1952623185,-49684.99243426906,40.344007736621805,0.2590467035770416,1.4048600220121443,0.18860734067857265
2026-04-23 07:33:19.800,3509418.269654363,779148.5323498909,5250978.183067224,-49689.891178243386,40.374982780845905,-0.041101593524217606,1.251780390739441,-0.12195094488561153
2026-04-23 07:33:19.900,3509418.2943964363,779148.6503950605,5250978.186588329,-49694.76946226911,40.28902916354281,0.24742073379456997,1.1804516962729394,0.03521105274558067
2026-04-23 07:33:20.000,3509418.29366708,779148.7642283582,5250978.17377532,-49699.67007805454,40.371103883071065,-0.0072935642674565315,1.1383329762611538,-0.12813009321689606
2026-04-23 07:33:20.100,3509418.3101606504,779148.8694941862,5250978.165233159,-49704.56367869016,40.37232800898958,0.16493570525199175,1.0526582808233798,-0.08542160503566265
2026-04-23 07:33:20.200,3509418.321848781,779148.9654449185,5250978.1680443715,-49709.45631159393,40.3484231419155,0.1168813044205308,0.9595073224045336,0.028112120926380157
2026-04-23 07:33:20.300,3509418.3334598043,779149.0801337331,5250978.146265367,-49714.358165481535,40.371235142273164,0.1161102345213294,1.1468881461769342,-0.21779004484415054
2026-04-23 07:33:20.400,3509418.3407123736,779149.1989685694,5250978.14040217,-49719.253458002386,40.39422755494921,0.07252569310367107,1.1883483629208058,-0.05863197147846222
2026-04-23 07:33:20.500,3509418.362187388,779149.3214579622,5250978.133821006,-49724.14573038517,40.35792880164991,0.2147501427680254,1.2248939275741577,-0.06581163965165615
2026-04-23 07:33:20.600,3509418.3831888535,779149.4404848848,5250978.128862746,-49729.03886453575,40.35167390482828,0.21001465618610382,1.1902692262083292,-0.049582598730921745
2026-04-23 07:33:20.700,3509418.3954039626,779149.5539051399,5250978.144065615,-49733.92391149812,40.37248581609496,0.12215109076350927,1.1342025513295084,0.15202868729829788
2026-04-23 07:33:20.800,3509418.423874189,779149.6521791783,5250978.134880501,-49738.82900612755,40.42027351613468,0.2847022656351328,0.9827403840608895,-0.09185113944113255
2026-04-23 07:33:20.900,3509418.463566269,779149.7510478068,5250978.1378967315,-49743.71024232757,40.254665623492365,0.3969207964837551,0.988686284981668,0.030162306502461433
2026-04-23 07:33:21.000,3509418.484704763,779149.866670895,5250978.139823034,-49748.59434432878,40.23704807849246,0.21138494368642569,1.156230882043019,0.019263029098510742
2026-04-23 07:33:21.100,3509419.215490141,779148.8207971005,5250978.439323173,-49752.74190681227,43.39742999759097,7.307853777892888,-10.45873794471845,2.995001384988427
2026-04-23 07:33:21.200,3509419.2354213903,779148.9524868586,5250978.428391685,-49757.64931110137,43.34904369435455,0.1993124932050705,1.3168975804001093,-0.10931488126516342
2026-04-23 07:33:21.300,3509419.250965579,779149.0693141959,5250978.440673245,-49762.56168308963,43.40109458000092,0.15544188674539328,1.168273373041302,0.12281560339033604
2026-04-23 07:33:21.400,3509419.2625053166,779149.1770884254,5250978.41767131,-49767.475574290285,43.38490370838385,0.11539737693965435,1.0777422948740423,-0.23001935333013535
2026-04-23 07:33:21.500,3509419.2907626163,779149.3021460979,5250978.414693623,-49772.37895415075,43.34863758726602,0.28257299680262804,1.2505767249967903,-0.02977686934173107
2026-04-23 07:33:21.600,3509419.309363378,779149.4110859439,5250978.40975558,-49777.29535415389,43.352111794770046,0.18600761890411377,1.0893984604626894,-0.04938042722642422
2026-04-23 07:33:21.700,3509419.3170474633,779149.5364602685,5250978.421872442,-49782.19154561413,43.31715894420091,0.07684085052460432,1.2537432461977005,0.12116861529648304
2026-04-23 07:33:21.800,3509419.332906228,779149.659353317,5250978.416691997,-49787.105092286896,43.3214142594386,0.1585876476019621,1.2289304845035076,-0.051804445683956146
2026-04-23 07:33:21.900,3509419.3730103,779149.7671459557,5250978.4141180795,-49792.006159863544,43.24860485686914,0.4010407207533717,1.07792638707906,-0.02573917619884014
2026-04-23 07:33:22.000,3509419.392076177,779149.8974145587,5250978.405731233,-49796.92280744735,43.33207066343451,0.19065876957029104,1.302686029812321,-0.08386846631765366
2026-04-23 07:33:22.100,3509419.4042707146,779150.0224432249,5250978.407285652,-49801.83493646082,43.24571658154256,0.12194537557661533,1.2502866622526199,0.015544192865490913
2026-04-23 07:33:22.200,3509419.4075811575,779150.140083725,5250978.392625732,-49806.7605312616,43.30698028029849,0.0331044290214777,1.1764050007332116,-0.14659919776022434
2026-04-23 07:33:22.300,3509419.43306998,779150.2557773227,5250978.372091235,-49811.67783310068,43.26123776450732,0.25488822255283594,1.1569359770510346,-0.20534497685730457
2026-04-23 07:33:22.400,3509419.452664768,779150.3726433546,5250978.364103653,-49816.59108347661,43.280747709261036,0.1959478808566928,1.1686603189446032,-0.07987582124769688
2026-04-23 07:33:22.500,3509419.4599355403,779150.4850743326,5250978.357826585,-49821.50981240363,43.28378709532168,0.07270772475749254,1.1243097798433155,-0.06277067586779594
2026-04-23 07:33:22.600,3509419.4834578955,779150.5933619263,5250978.34468979,-49826.41480983318,43.2950974697669,0.23522355128079653,1.0828759369906038,-0.13136794790625572
2026-04-23 07:33:22.700,3509419.5014511766,779150.6989889127,5250978.329095396,-49831.331338276985,43.28438328627541,0.1799328112974763,1.0562698647845536,-0.15594393946230412
2026-04-23 07:33:22.800,3509419.5144740907,779150.8167936548,5250978.3135658605,-49836.2418675576,43.24292225745049,0.13022914063185453,1.1780474206898361,-0.15529535710811615
2026-04-23 07:33:22.900,3509419.535545273,779150.9326579915,5250978.308702805,-49841.15260312245,43.25204616214171,0.21071182563900948,1.1586433672346175,-0.04863055422902107
2026-04-23 07:33:23.000,3509419.5469163447,779151.0492953486,5250978.28526715,-49846.07825653393,43.23642307764776,0.11371071450412273,1.1663735704496503,-0.23435655049979687
2026-04-23 07:33:23.100,3509419.5584627474,779151.173391298,5250978.28334486,-49850.98151788546,43.25385885228183,0.11546402703970671,1.240959494607523,-0.01922289840877056
2026-04-23 07:33:23.200,3509419.566091506,779151.2871825051,5250978.276454223,-49855.892507751545,43.25642074553049,0.07628758437931538,1.1379120708443224,-0.06890636868774891
2026-04-23 07:33:23.300,3509419.574169567,779151.39754561,5250978.242967425,-49860.81560795308,43.241744467100325,0.08078061044216156,1.103631048463285,-0.3348679840564728
2026-04-23 07:33:23.400,3509419.587898436,779151.4990998842,5250978.242326869,-49865.72485336801,43.22956491885965,0.13728869147598743,1.0155427420977503,-0.006405562162399292
2026-04-23 07:33:23.500,3509419.5999350613,779151.6126349238,5250978.239337985,-49870.6340990783,43.2187922884625,0.12036625295877457,1.135350395925343,-0.029888832941651344
2026-04-23 07:33:23.600,3509419.619499633,779151.7110738372,5250978.223914878,-49875.543169273245,43.20600449439458,0.19564571790397167,0.9843891346827149,-0.15423106960952282
2026-04-23 07:33:23.700,3509419.637001071,779151.8222442381,5250978.211204443,-49880.459907001044,43.152034165091614,0.17501438036561012,1.11170400865376,-0.12710435315966606
2026-04-23 07:33:23.800,3509419.6340854326,779151.9362182703,5250978.187137981,-49885.40012942359,43.231660221318656,-0.029156384989619255,1.1397403222508729,-0.2406646218150854
2026-04-23 07:33:23.900,3509419.636193616,779152.0394390463,5250978.186167306,-49890.3156540005,43.20729668293345,0.021081832237541676,1.0322077595628798,-0.00970674678683281
2026-04-23 07:33:24.000,3509419.6531970655,779152.1558752514,5250978.162761347,-49895.22926384176,43.22177360288892,0.17003449611365795,1.1643620510585606,-0.23405958898365498
2026-04-23 07:33:24.100,3509419.681790863,779152.2827480218,5250978.153112639,-49900.13613834134,43.165178384482495,0.2859379770234227,1.2687277037184685,-0.09648708626627922
2026-04-23 07:33:24.200,3509419.675157252,779152.3999103473,5250978.132166604,-49905.066879815044,43.20837770866676,-0.06633611395955086,1.171623255359009,-0.20946035161614418
2026-04-23 07:33:24.300,3509418.9014939633,779153.8019287473,5250977.805710278,-49910.825142530935,41.09072461861856,-7.736632884480059,14.02018400025554,-3.264563251286745
2026-04-23 07:33:24.400,3509418.91039373,779153.9164110203,5250977.78291619,-49915.76134298405,41.0580768875693,0.08899766486138105,1.1448227299842983,-0.227940883487463
2026-04-23 07:33:24.500,3509418.9313014327,779154.0088805206,5250977.74245748,-49920.692246738705,41.06264649086068,0.2090770285576582,0.9246950026135892,-0.4045870993286371
2026-04-23 07:33:24.600,3509418.924294198,779154.1197857935,5250977.719288362,-49925.63962271476,40.95557218335093,-0.0700723472982645,1.1090527288615704,-0.23169117979705334
2026-04-23 07:33:24.700,3509418.9456788558,779154.2288799529,5250977.694035375,-49930.5739339134,40.978566155917555,0.21384657826274633,1.0909415944479406,-0.252529876306653
2026-04-23 07:33:24.800,3509418.944680074,779154.3399390698,5250977.675100045,-49935.520056420486,41.02583579194971,-0.009987815283238888,1.1105911689810455,-0.18935329280793667
2026-04-23 07:33:24.900,3509417.4506473094,779154.7596432681,5250972.611948599,-49943.76496760526,40.970153425332015,-14.940327648073435,4.197041982552037,-50.63151446171105
2026-04-23 07:33:25.000,3509418.853214329,779154.6010868747,5250977.359152315,-49945.577106286124,40.27403701741877,14.025670196861029,-1.5855639334768057,47.472037160769105
2026-04-23 07:33:25.100,3509418.870413058,779154.7028509373,5250977.3174875295,-49950.51681624351,40.28566849841709,0.1719872886314988,1.0176406253594905,-0.416647857055068
2026-04-23 07:33:25.200,3509418.861507812,779154.8125241605,5250977.269334457,-49955.4784740481,40.22118118936302,-0.08905245922505856,1.0967322322539985,-0.48153072595596313
2026-04-23 07:33:25.300,3509418.2836348657,779154.3897258067,5250973.880698625,-49962.25781662967,49.21532818202046,-5.778729463927448,-4.227983538294211,-33.8863583188504
2026-04-23 07:33:25.400,3509418.283409984,779154.5035529458,5250973.859611107,-49967.197718158364,49.217072099167694,-0.002248818054795265,1.1382713913917542,-0.21087517961859703
2026-04-23 07:33:25.500,3509418.2997287586,779154.6109833929,5250973.839116512,-49972.13302513102,49.210250297714275,0.16318774782121181,1.074304471258074,-0.20494595170021057
2026-04-23 07:33:25.600,3509418.2956868387,779154.7356052413,5250973.813001032,-49977.07678889649,49.22776431442387,-0.040419199503958225,1.2462184834294021,-0.2611547987908125
2026-04-23 07:33:25.700,3509421.1118327985,779153.1391452901,5250974.464174203,-49979.84590406557,61.622325373000585,28.16145959775895,-15.964599511353299,6.511731706559658
2026-04-23 07:33:25.800,3509418.15932853,779155.054735338,5250973.724434765,-49987.0720398207,49.53142973626054,-29.525042683817446,19.155900478363037,-7.397394375875592
2026-04-23 07:33:25.900,3509421.123064479,779153.3660065122,5250974.406510152,-49989.721043596095,61.57738158704035,29.637359487824142,-16.8872882577125,6.8207538686692715
2026-04-23 07:33:26.000,3509421.1395796877,779153.4784764308,5250974.391876895,-49994.65404857653,61.54083742315908,0.1651520887389779,1.124699185602367,-0.14633256942033768
2026-04-23 07:33:26.100,3509421.144607417,779153.5758692519,5250974.350913211,-49999.60369466569,61.54908538154381,0.05027729086577892,0.973928211024031,-0.4096368420869112
2026-04-23 07:33:26.200,3509421.159010802,779153.6808674127,5250974.3473759955,-50004.53228233611,61.544610357755886,0.14403385110199451,1.0499816085211933,-0.03537215292453766
2026-04-23 07:33:26.300,3509421.169389361,779153.7940127478,5250974.321882914,-50009.48258176441,61.560452656494334,0.10378559119999409,1.1314533511176705,-0.254930816590786
2026-04-23 07:33:26.400,3509421.188794729,779153.9053010219,5250974.279008482,-50014.43136071469,61.53543130056187,0.194053677842021,1.1128827405627817,-0.42874432168900967
2026-04-23 07:33:26.500,3509421.189800378,779154.0258241085,5250974.251894789,-50019.38695392804,61.49586598048605,0.010056491009891033,1.2052308663260192,-0.27113692834973335
2026-04-23 07:33:26.600,3509421.2035447233,779154.1257191338,5250974.235557902,-50024.31084721329,61.50436011186284,0.13744345400482416,0.9989502525422722,-0.16336887143552303
2026-04-23 07:33:26.700,3509421.211410794,779154.236289216,5250974.204605233,-50029.25326152025,61.53952296422028,0.07866070605814457,1.1057008220814168,-0.30952668748795986
2026-04-23 07:33:26.800,3509421.2382466607,779154.3333911262,5250974.16761558,-50034.19142423718,61.587123244862504,0.2683586673811078,0.9710191027261317,-0.36989652551710606
2026-04-23 07:33:26.900,3509421.235116976,779154.4425756781,5250974.160991208,-50039.12560740777,61.517140246044086,-0.03129684831947088,1.091845518676564,-0.066243726760149
2026-04-23 07:33:27.000,3509421.238254306,779154.564354989,5250974.141215406,-50044.077302275145,61.53452656398043,0.03137330058962107,1.2177931086625904,-0.19775801338255405
2026-04-23 07:33:27.100,3509421.2588819275,779154.6663248981,5250974.103025104,-50049.0279786671,61.529894399654644,0.20627621561288834,1.0196990915574133,-0.38190302439033985
2026-04-23 07:33:27.200,3509421.2686199085,779154.7721055213,5250974.062956217,-50053.98461496922,61.55113865823194,0.09737981017678976,1.057806231547147,-0.40068887174129486
2026-04-23 07:33:27.300,3509421.2762233545,779154.884884585,5250974.054375627,-50058.91389799833,61.51955010282072,0.07603446021676064,1.1277906375471503,-0.08580589666962624
2026-04-23 07:33:27.400,3509421.28762129,779154.9878342033,5250974.016291277,-50063.87784948218,61.54202978058144,0.11397935450077057,1.02949618245475,-0.38084350526332855
2026-04-23 07:33:27.500,3509421.306127303,779155.0936867835,5250973.997411531,-50068.812018385965,61.47395276071169,0.18506012856960297,1.0585258016362786,-0.1887974515557289
2026-04-23 07:33:27.600,3509421.323586907,779155.1979943333,5250973.961045048,-50073.7601170625,61.476793120846736,0.1745960395783186,1.0430754988919944,-0.36366483196616173
2026-04-23 07:33:27.700,3509421.3272089176,779155.3105798748,5250973.943772296,-50078.7007994251,61.43501786711051,0.03622010815888643,1.1258554144296795,-0.17272751778364182
2026-04-23 07:33:27.800,3509421.3352108225,779155.4259860946,5250973.913176977,-50083.65503675647,61.45350066111455,0.08001904934644699,1.1540621984750032,-0.3059531934559345
2026-04-23 07:33:27.900,3509421.3452479215,779155.535235615,5250973.866517425,-50088.61246044412,61.50369435831317,0.1003709901124239,1.0924952034838498,-0.4665955249220133
2026-04-23 07:33:28.000,3509421.3727075635,779155.6487892022,5250973.851818408,-50093.5537431319,61.5558494552403,0.2745964191854,1.1355358723085374,-0.14699016697704792
2026-04-23 07:33:28.100,3509421.379090607,779155.74916478,5250973.804461466,-50098.518416779654,61.49344298963981,0.06383043713867664,1.0037557780742645,-0.4735694173723459
2026-04-23 07:33:28.200,3509421.400401632,779155.8644154675,5250973.788718119,-50103.458756455235,61.53347234181158,0.2131102466955781,1.1525068746414036,-0.15743346884846687
2026-04-23 07:33:28.300,3509421.409562576,779155.9684000403,5250973.753715231,-50108.41229207975,61.51702483516306,0.09160944260656834,1.0398457280825824,-0.35002888180315495
2026-04-23 07:33:28.400,3509421.4151675464,779156.0650526154,5250973.713009129,-50113.36825671054,61.60064750746412,0.05604970268905163,0.9665257507003844,-0.40706101804971695
2026-04-23 07:33:28.500,3509421.426823379,779156.167696437,5250973.6812994275,-50118.32577022583,61.631798409251125,0.11655832640826702,1.026438216213137,-0.31709701754152775
2026-04-23 07:33:28.600,3509421.4553978867,779156.2733822657,5250973.691788669,-50123.25040309292,61.61835624950655,0.2857450768351555,1.056858287192881,0.1048924122005701
2026-04-23 07:33:28.700,3509421.4597848575,779156.381877411,5250973.649358123,-50128.210514775776,61.61649253368183,0.043869707733392715,1.0849514533765614,-0.4243054613471031
2026-04-23 07:33:28.800,3509421.475264346,779156.4864857534,5250973.616779805,-50133.177845852544,61.56408830641764,0.15479488763958216,1.04608342400752,-0.3257831744849682
2026-04-23 07:33:28.900,3509421.4917445295,779156.5885438501,5250973.594347531,-50138.13388460821,61.568338002033556,0.16480183228850365,1.0205809667240828,-0.2243227418512106
2026-04-23 07:33:29.000,3509421.5114578856,779156.6975158429,5250973.546956829,-50143.098507247545,61.54223967609195,0.19713356159627438,1.0897199274040759,-0.47390702180564404
2026-04-23 07:33:29.100,3509421.524764664,779156.8031187216,5250973.535138295,-50148.06314738692,61.583735387334876,0.13306778389960527,1.0560287872795016,-0.11818533763289452
2026-04-23 07:33:29.200,3509421.5476651476,779156.9123037694,5250973.502634287,-50153.03059877619,61.61233883999543,0.22900483570992947,1.091850477969274,-0.32504008151590824
2026-04-23 07:33:29.300,3509421.564524006,779157.0158809557,5250973.448758482,-50158.007748276315,61.61154925643542,0.1685885852202773,1.0357718635350466,-0.538758048787713
2026-04-23 07:33:29.400,3509421.573535393,779157.1409441212,5250973.403659064,-50162.988317042385,61.57645427450376,0.09011386893689632,1.250631654402241,-0.4509941767901182
2026-04-23 07:33:29.500,3509421.6033205967,779157.2439686331,5250973.395569477,-50167.93774692732,61.57081532509761,0.29785203747451305,1.0302451194729656,-0.08089587092399597
2026-04-23 07:33:29.600,3509421.604354019,779157.3544752805,5250973.368488736,-50172.91174807154,61.51801941901841,0.010334220714867115,1.1050664738286287,-0.2708074077963829
2026-04-23 07:33:29.700,3509421.619056639,779157.4626462036,5250973.334188453,-50177.8913224876,61.504039886372595,0.1470261998474598,1.0817092307843268,-0.34300283528864384
2026-04-23 07:33:29.800,3509421.6465729135,779157.5616275317,5250973.32200983,-50182.85403846163,61.48661903440936,0.27516274712979794,0.9898132807575166,-0.12178623117506504
2026-04-23 07:33:29.900,3509421.6617560545,779157.6687007991,5250973.287169124,-50187.83798749792,61.51946250071052,0.15183140989392996,1.070732674561441,-0.34840705804526806
2026-04-23 07:33:30.000,3509421.671582689,779157.7822837704,5250973.2542506885,-50192.82773190309,61.52650367579671,0.09826634544879198,1.135829712729901,-0.32918435521423817
2026-04-23 07:33:30.100,3509421.691500876,779157.8699751118,5250973.2249847725,-50197.80542451494,61.487042560334196,0.1991818705573678,0.8769134141039103,-0.2926591597497463
2026-04-23 07:33:30.200,3509421.7121754857,779157.981004313,5250973.210072208,-50202.77862408413,61.54193906254065,0.20674609579145908,1.110292011871934,-0.14912564307451248
2026-04-23 07:33:30.300,3509419.9444840928,779160.073448541,5250975.69621679,-50207.89459969701,39.392359067199116,-17.67691392917186,20.924442280083895,24.8614458180964
2026-04-23 07:33:30.400,3509419.9620819986,779160.163544829,5250975.701480405,-50212.85833833526,39.47721716529348,0.17597905825823545,0.9009628801140934,0.05263615399599075
2026-04-23 07:33:30.500,3509419.9837220986,779160.281446855,5250975.7049679775,-50217.824000497,39.530834934975296,0.21640100050717592,1.1790202604606748,0.034875720739364624
2026-04-23 07:33:30.600,3509420.0015351726,779160.385305515,5250975.719709374,-50222.80548703368,39.581585112342204,0.17813073936849833,1.038586599752307,0.1474139653146267
2026-04-23 07:33:30.700,3509419.784280825,779160.7472498209,5250975.9064543545,-50227.85290841252,34.22068239826818,-2.1725434763357043,3.6194430582690984,1.8674498051404953
2026-04-23 07:33:30.800,3509419.818732063,779160.8462361512,5250975.901699456,-50232.81879713376,34.29634086607196,0.3445123787969351,0.9898633032571524,-0.04754898138344288
2026-04-23 07:33:30.900,3509419.835817762,779160.946417479,5250975.902329931,-50237.793175280916,34.3826330083901,0.1708569936454296,1.0018132778350264,0.0063047464936971664
2026-04-23 07:33:31.000,3509419.8697158797,779161.0378187615,5250975.8743062345,-50242.775639489955,34.379103888988475,0.3389811748638749,0.9140128258150071,-0.2802369650453329
2026-04-23 07:33:31.100,3509419.899045827,779161.1388626243,5250975.852374401,-50247.74981083781,34.413299842305676,0.2932994719594717,1.010438627563417,-0.2193183358758688
2026-04-23 07:33:31.200,3509419.93832578,779161.2365740916,5250975.835477261,-50252.71876527117,34.48081869718956,0.39279953110963106,0.977114673005417,-0.16897140070796013
2026-04-23 07:33:31.300,3509419.98274025,779161.3316639118,5250975.781790564,-50257.714875207545,34.46469727760939,0.44414469972252846,0.9508982021361589,-0.5368669703602791
2026-04-23 07:33:31.400,3509420.411292263,779161.2740357654,5250975.465977701,-50262.603087376374,39.982947907881226,4.285520128905773,-0.576281463727355,-3.158128624781966
2026-04-23 07:33:31.500,3509420.4763994105,779161.3501268105,5250975.439696811,-50267.57662760977,40.00688933944347,0.6510714767500758,0.7609104504808784,-0.26280890218913555
2026-04-23 07:33:31.600,3509420.3182756044,779161.5016999326,5250975.522392902,-50272.62362260524,34.38939538537935,-1.5812380611896515,1.5157312212977558,0.8269609045237303
2026-04-23 07:33:31.700,3509420.5858059204,779161.3667161771,5250975.320883412,-50277.52912750642,39.88663628057433,2.675303160212934,-1.3498375553172082,-2.0150948967784643
2026-04-23 07:33:31.800,3509420.8449131143,779161.4557983654,5250975.168149974,-50282.446440626736,39.811991635169214,2.5910719390958548,0.8908218832220882,-1.527334377169609
2026-04-23 07:33:31.900,3509421.304924516,779161.2203993605,5250974.783349664,-50287.329439855224,47.53037953979517,4.600114016793668,-2.3539900488685817,-3.848003102466464
2026-04-23 07:33:32.000,3509421.398934468,779161.277615001,5250974.74554235,-50292.27574760073,47.5530123268267,0.9400995215401053,0.5721564043778926,-0.3780731372535229
2026-04-23 07:33:32.100,3509421.475889831,779161.3367852649,5250974.686200953,-50297.25117414679,47.63479639664938,0.7695536268875003,0.5917026393581182,-0.5934139713644981
2026-04-23 07:33:32.200,3509421.555732943,779161.3773145791,5250974.634141252,-50302.2228452142,47.73909353645557,0.7984311226755381,0.4052931419573724,-0.5205970071256161
2026-04-23 07:33:32.300,3509421.6406742143,779161.405166327,5250974.589861935,-50307.188191138404,47.72563003103717,0.8494127122685313,0.2785174793098122,-0.4427931737154722
2026-04-23 07:33:32.400,3509421.720524005,779161.4397828018,5250974.537253083,-50312.16978083685,47.77317204771402,0.7984979078173637,0.3461647476069629,-0.526088522747159
2026-04-23 07:33:32.500,3509421.8385837837,779161.4529612412,5250974.490063756,-50317.131427563516,47.85853520159367,1.1805977858603,0.13178439461626112,-0.4718932695686817
2026-04-23 07:33:32.600,3509421.9085288644,779161.4742934977,5250974.442736803,-50322.10477038693,47.88714877856031,0.6994508067145944,0.21332256495952606,-0.47326953150331974
2026-04-23 07:33:32.700,3509422.0188690764,779161.4897194529,5250974.396554173,-50327.06835707978,47.92188187399391,1.1034021200612187,0.154259551782161,-0.4618262965232134
2026-04-23 07:33:32.800,3509422.119566529,779161.481756788,5250974.342317318,-50332.050329674035,47.96083596788984,1.006974526681006,-0.07962664938531816,-0.5423685535788536
2026-04-23 07:33:32.900,3509422.196046575,779161.489856933,5250974.271165328,-50337.03890457444,48.01404147220327,0.7648004591464996,0.08100145030766726,-0.7115198951214552
2026-04-23 07:33:33.000,3509422.3206856414,779161.4879903476,5250974.221902325,-50342.01356981409,47.991295516632434,1.2463906640186906,-0.018665854586288333,-0.49263003282248974
2026-04-23 07:33:33.100,3509422.4149571857,779161.4773649998,5250974.157804009,-50346.99908076532,48.021768897283124,0.9427154436707497,-0.10625347727909684,-0.6409831624478102
2026-04-23 07:33:33.200,3509422.51946141,779161.4808223512,5250974.117057694,-50351.98452678323,48.03166393379715,1.0450422437861562,0.03457351354882121,-0.4074631445109844
2026-04-23 07:33:33.300,3509422.6141812336,779161.4537729052,5250974.0411058925,-50356.98706982324,48.119178947326176,0.9471982344985008,-0.27049446012824774,-0.7595180161297321
2026-04-23 07:33:33.400,3509422.6889293944,779161.4726790969,5250974.009186771,-50361.97292325801,48.10885889378419,0.7474816078320146,0.18906191689893603,-0.31919121742248535
2026-04-23 07:33:33.500,3509422.7712390707,779161.4753768352,5250973.952026736,-50366.96913408704,48.210079538009445,0.8230967633426189,0.02697738353163004,-0.5716003477573395
2026-04-23 07:33:33.600,3509422.8677773797,779161.4605482346,5250973.888138476,-50371.9568995099,48.22393115121325,0.9653830900788307,-0.14828600571490824,-0.638882601633668
2026-04-23 07:33:33.700,3509422.974668081,779161.4721833118,5250973.822265999,-50376.939336573036,48.27841474969182,1.068907012231648,0.11635077185928822,-0.6587247643619776
2026-04-23 07:33:33.800,3509423.0616693343,779161.481598266,5250973.778745408,-50381.929665084965,48.29306083470804,0.8700125338509679,0.09414954227395356,-0.4352059122174978
2026-04-23 07:33:33.900,3509423.166903165,779161.472874941,5250973.700966265,-50386.927695237464,48.270265568442454,1.0523383086547256,-0.08723325096070766,-0.7777914311736822
2026-04-23 07:33:34.000,3509423.254845195,779161.4768339101,5250973.648631347,-50391.922468174664,48.332349503118365,0.8794202981516719,0.03958969144150615,-0.5233491770923138
2026-04-23 07:33:34.100,3509423.3530091066,779161.4747983896,5250973.572327068,-50396.91970205905,48.279479298799004,0.9816391160711646,-0.020355205051600933,-0.7630427926778793
2026-04-23 07:33:34.200,3509423.445210898,779161.487448818,5250973.5198823195,-50401.91674616884,48.2999078676738,0.9220179123803973,0.12650428456254303,-0.5244474858045578
2026-04-23 07:33:34.300,3509423.5458899583,779161.4907427276,5250973.475390648,-50406.90736768713,48.273390464703816,1.006790604442358,0.032939095981419086,-0.44491671957075596
2026-04-23 07:33:34.400,3509423.6599055054,779161.4903469188,5250973.400141734,-50411.90172340823,48.29435815549542,1.1401554709300399,-0.003958088345825672,-0.7524891383945942
2026-04-23 07:33:34.500,3509421.7285196004,779162.0206985818,5250968.69486621,-50420.3502176867,50.752490991721245,-19.313859050162137,5.3035166300833225,-47.052755234763026
2026-04-23 07:33:34.600,3509423.720948584,779161.5097705994,5250973.0000680415,-50422.09884927649,47.523617307746406,19.924289835616946,-5.1092798239551485,43.052018312737346
2026-04-23 07:33:34.700,3509423.7764266203,779161.5086653315,5250972.859300767,-50427.14172010001,47.375439290486455,0.5547803640365601,-0.011052679037675261,-1.407672744244337
2026-04-23 07:33:34.800,3509423.863352795,779161.4912845064,5250972.794951715,-50432.138835639846,47.223672701829535,0.8692617481574416,-0.17380825127474964,-0.6434905249625444
2026-04-23 07:33:34.900,3509423.9766082224,779161.4759974494,5250972.764612861,-50437.11070232982,47.41057149809734,1.1325542721897364,-0.15287057030946016,-0.3033885359764099
2026-04-23 07:33:35.000,3509424.0977487755,779161.4514695553,5250972.728557083,-50442.08273831402,47.43930811956204,1.2114055315032601,-0.24527894100174308,-0.3605577815324068
2026-04-23 07:33:35.100,3509424.1892452654,779161.425897526,5250972.673454913,-50447.072918928556,47.521876996292356,0.9149648994207382,-0.25572029291652143,-0.5510216951370239
2026-04-23 07:33:35.200,3509424.2807884053,779161.4092575182,5250972.622175195,-50452.06226384499,47.5603185913787,0.9154313988983631,-0.1664000772871077,-0.5127971805632114
2026-04-23 07:33:35.300,3509424.3833159986,779161.3812603011,5250972.571704544,-50457.046917022504,47.52316821891047,1.025275932624936,-0.27997217141091824,-0.5047065112739801
2026-04-23 07:33:35.400,3509424.473589316,779161.362820117,5250972.515986531,-50462.048166007284,47.50607292078381,0.9027331741526723,-0.1844018406700343,-0.557180130854249
2026-04-23 07:33:35.500,3509424.5680624633,779161.3342875066,5250972.454068753,-50467.0561695466,47.67507216804506,0.9447314729914069,-0.28532610391266644,-0.6191777810454369
2026-04-23 07:33:35.600,3509424.663667754,779161.3131226405,5250972.407218859,-50472.058090310646,47.70450621946197,0.9560529049485922,-0.21164866164326668,-0.4684989433735609
2026-04-23 07:33:35.700,3509424.758195182,779161.2802761731,5250972.379007297,-50477.04782854428,47.846709693492,0.9452742803841829,-0.3284646733663976,-0.2821156196296215
2026-04-23 07:33:35.800,3509424.8567120875,779161.2559391421,5250972.333514245,-50482.04046410386,47.87199398515817,0.985169056802988,-0.24337031063623726,-0.45493051409721375
2026-04-23 07:33:35.900,3509424.9797894415,779161.2396480619,5250972.302741629,-50487.023542568335,48.00622780807352,1.2307735392823815,-0.16291080159135163,-0.30772616155445576
2026-04-23 07:33:36.000,3509425.0625387323,779161.2058722572,5250972.243159335,-50492.04005877033,47.96660497085246,0.8274929085746408,-0.33775804680772126,-0.5958229396492243
2026-04-23 07:33:36.100,3509423.2351161647,779161.7058758466,5250967.777363953,-50500.335481374335,50.941718973232575,-18.274225676432252,5.000035893172026,-44.65795381926
2026-04-23 07:33:36.200,3509423.3050379166,779161.6977606459,5250967.717119046,-50505.364847978664,50.95388724466462,0.6992175197228789,-0.08115200675092638,-0.6024490762501955
2026-04-23 07:33:36.300,3509424.6152582136,779161.7197138538,5250972.818088647,-50507.216583299305,41.171989316366755,13.10220296960324,0.21953207906335592,51.00969601422548
2026-04-23 07:33:36.400,3509424.680116846,779161.710319666,5250972.849215414,-50512.21218551187,35.378460494705756,0.6485863262787461,-0.09394187829457223,0.3112676739692688
2026-04-23 07:33:36.500,3509424.788395811,779161.6825832352,5250972.9130683895,-50517.16030722218,35.713619386961994,1.082789646461606,-0.2773643075488508,0.6385297514498234
2026-04-23 07:33:36.600,3509425.0371764586,779161.6123217646,5250972.832882224,-50522.10982790915,41.76372780899519,2.487806477583945,-0.702614706242457,-0.8018616586923599
2026-04-23 07:33:36.700,3509425.138201387,779161.6035584891,5250972.831665351,-50527.09453194692,41.93461915455638,1.0102492850273848,-0.08763275458477437,-0.012168725952506065
2026-04-23 07:33:36.800,3509425.253315258,779161.5907101709,5250972.820391828,-50532.08442355812,42.155603715209004,1.1511387070640922,-0.12848318205215037,-0.11273522861301899
2026-04-23 07:33:36.900,3509425.3678477844,779161.5689548816,5250972.842844225,-50537.05110364261,42.37435157622923,1.1453252658247948,-0.21755289286375046,0.22452396340668201
2026-04-23 07:33:37.000,3509425.4966529724,779161.530555909,5250972.862352584,-50542.015687056,42.544935124134135,1.2880518799647689,-0.3839897259604186,0.19508359022438526
2026-04-23 07:33:37.100,3509425.6380190095,779161.5022892026,5250972.925468476,-50546.94451051962,43.071630782416996,1.4136603707447648,-0.28266706387512386,0.6311589200049639
2026-04-23 07:33:37.200,3509424.112916743,779161.6085042328,5250967.116603299,-50555.64908862706,40.84660638791085,-15.251022665761411,1.0621503018774092,-58.08865176513791
2026-04-23 07:33:37.300,3509424.204795421,779161.58506065,5250967.061184405,-50560.656088462296,40.98429554399644,0.9187867818400264,-0.2344358281698078,-0.5541889369487762
2026-04-23 07:33:37.400,3509424.3014978734,779161.556030185,5250967.006849859,-50565.65575295372,40.94768599458398,0.9670245228335261,-0.2903046505525708,-0.5433454643934965
2026-04-23 07:33:37.500,3509424.4106786307,779161.5210902628,5250966.935689756,-50570.66764350108,41.0579253223989,1.0918075731024146,-0.34939922159537673,-0.7116010319441557
2026-04-23 07:33:37.600,3509424.5199896875,779161.4852037451,5250966.884564764,-50575.67124895109,40.941040001313,1.0931105678901076,-0.35886517725884914,-0.5112499184906483
2026-04-23 07:33:37.700,3509424.6241633934,779161.4604919507,5250966.839505634,-50580.68481624785,40.91481466400981,1.0417370591312647,-0.2471179433632642,-0.4505912959575653
2026-04-23 07:33:37.800,3509424.7285340526,779161.4530663297,5250966.780777089,-50585.70173001152,40.66824238783131,1.0437065921723843,-0.07425621035508811,-0.5872854497283697
2026-04-23 07:33:37.900,3509427.651309274,779164.584511355,5250969.246349524,-50589.842765236644,19.303768681410453,29.227752215228975,31.31445025326684,24.65572434477508
2026-04-23 07:33:38.000,3509427.763633103,779164.5541621016,5250969.188233855,-50594.84363626779,19.346304078039378,1.1232382897287607,-0.3034925344400108,-0.5811566859483719
2026-04-23 07:33:38.100,3509427.845965078,779164.5295130578,5250969.120871541,-50599.8676024399,19.34411897421555,0.8233197499066591,-0.246490438003093,-0.6736231409013271
2026-04-23 07:33:38.200,3509427.9290130073,779164.5168591469,5250969.069016944,-50604.87925949856,19.27903725711888,0.8304792921990156,-0.12653910904191434,-0.5185459740459919
2026-04-23 07:33:38.300,3509428.0114291916,779164.4908410077,5250969.015571581,-50609.89565062571,19.310379486408987,0.8241618424654007,-0.2601813920773566,-0.5344536248594522
2026-04-23 07:33:38.400,3509428.106926031,779164.4667780473,5250968.954611865,-50614.9093648306,19.315675618505196,0.9549683937802911,-0.24062960408627987,-0.6095971632748842
2026-04-23 07:33:38.500,3509425.4660691065,779161.0676827227,5250966.277897286,-50620.6843658174,52.94649335620398,-26.408569244667888,-33.99095324566588,-26.767145786434412
2026-04-23 07:33:38.600,3509425.559430159,779161.0368151119,5250966.200853734,-50625.705720488346,53.107684451527334,0.9336105268448591,-0.3086761082522571,-0.770435519516468
2026-04-23 07:33:38.700,3509425.658537911,779161.0203956226,5250966.1538320035,-50630.70588196377,52.9915115846231,0.9910775162279606,-0.1641948928590864,-0.47021730802953243
2026-04-23 07:33:38.800,3509425.7399959126,779161.0017374753,5250966.086176435,-50635.73637444224,53.07116526354146,0.8145800186321139,-0.1865814730990678,-0.6765556801110506
2026-04-23 07:33:38.900,3509425.830538628,779160.9772706635,5250966.036264497,-50640.73902410254,53.1521908191693,0.905427155084908,-0.24466811795718968,-0.4991193860769272
2026-04-23 07:33:39.000,3509425.9376754435,779160.9603991443,5250965.961939456,-50645.75200675442,53.33495605658118,1.071368153207004,-0.16871519153937697,-0.7432504091411829
2026-04-23 07:33:39.100,3509426.020783496,779160.9336137791,5250965.8913761405,-50650.752656061035,53.44428811166089,0.8310805261135101,-0.2678536518942565,-0.7056331541389227
2026-04-23 07:33:39.200,3509428.0256412462,779165.140811985,5250968.71864469,-50655.522709582954,23.980553553977614,20.048577501438558,42.07198205869645,28.272685492411256
2026-04-23 07:33:39.300,3509426.2153727864,779160.8433379955,5250965.734496447,-50660.769553941675,54.34660296860332,-18.10268459841609,-42.97473989543505,-29.841482425108552
2026-04-23 07:33:39.400,3509426.2931768945,779160.8256200756,5250965.68188418,-50665.787745984075,54.24038048142075,0.7780410815030336,-0.17717919894494116,-0.5261226743459702
2026-04-23 07:33:39.500,3509428.314889784,779165.0939489352,5250968.526490964,-50670.56731158978,24.01395205285299,20.217128894291818,42.683288595872,28.44606784172356
2026-04-23 07:33:39.600,3509426.499330537,779160.8273283115,5250965.567526189,-50675.81624723696,53.69961609439503,-18.155592470429838,-42.66620623646304,-29.589647753164172
2026-04-23 07:33:39.700,3509428.4949856307,779165.0397441768,5250968.401489526,-50680.591337088576,24.11011200857354,19.95655093807727,42.12415865273215,28.33963337354362
2026-04-23 07:33:39.800,3509426.6943106833,779160.8074850515,5250965.442087609,-50685.865898742115,53.35152539324794,-18.006749474443495,-42.32259125332348,-29.594019167125225
2026-04-23 07:33:39.900,3509426.800754362,779160.7921450472,5250965.39939672,-50690.870273600536,53.286149099171006,1.0644367849454284,-0.1534000423271209,-0.426908889785409
2026-04-23 07:33:40.000,3509426.8959291144,779160.7873543397,5250965.349409704,-50695.87649439394,53.02414589126736,0.9517475264146924,-0.04790707491338253,-0.4998701624572277
2026-04-23 07:33:40.100,3509427.011662407,779160.7844747062,5250965.307158116,-50700.87746509767,53.06518839319296,1.157332924194634,-0.02879633568227291,-0.42251587845385075
2026-04-23 07:33:40.200,3509427.092683731,779160.7632292958,5250965.229206114,-50705.91243983873,52.88417640283721,0.8102132426574826,-0.21245410316623747,-0.779520021751523
2026-04-23 07:33:40.300,3509427.1883229557,779160.7712149299,5250965.171344121,-50710.93413882112,52.823525178973306,0.956392246298492,0.07985634030774236,-0.5786199308931828
2026-04-23 07:33:40.400,3509427.2968438077,779160.7509431797,5250965.13491626,-50715.93181038947,52.59039897253467,1.0852085193619132,-0.20271750167012215,-0.3642786107957363
2026-04-23 07:33:40.500,3509427.4135028524,779160.7385272664,5250965.099556073,-50720.91715497318,52.32072987720029,1.166590447537601,-0.12415913282893598,-0.35360187292099
2026-04-23 07:33:40.600,3509429.3649808695,779164.8819337193,5250967.856401458,-50725.7126800698,24.10320592471759,19.51478017028421,41.434064528439194,27.568453857675195
2026-04-23 07:33:40.700,3509427.6398559613,779160.7893609412,5250965.020892576,-50730.95615683714,51.01536709027957,-17.25124908145517,-40.92572778114118,-28.355088820680976
2026-04-23 07:33:40.800,3509427.728712124,779160.7690396887,5250964.955352945,-50735.975594223186,50.935307119110256,0.888561625033617,-0.20321252406574786,-0.6553963106125593
2026-04-23 07:33:40.900,3509427.814872126,779160.7577122921,5250964.900348123,-50740.99260005336,50.894139230961905,0.8616000227630138,-0.11327396612614393,-0.5500482209026814
2026-04-23 07:33:41.000,3509427.9313420574,779160.7361230262,5250964.869934699,-50745.9868166831,50.841190226581546,1.1646993132308125,-0.21589265903458,-0.3041342459619045
2026-04-23 07:33:41.100,3509428.0257562036,779160.7273659501,5250964.795210176,-50751.01685159812,50.833969394511016,0.9441414615139365,-0.0875707610975951,-0.7472452241927385
2026-04-23 07:33:41.200,3509428.125967953,779160.7170326601,5250964.7393533345,-50756.02523976977,50.796540740710206,1.0021174931898713,-0.10333289974369109,-0.5585684161633253
2026-04-23 07:33:41.300,3509428.199316986,779160.6972600257,5250964.655845448,-50761.06871448516,50.81307466676633,0.7334903301671147,-0.19772634492255747,-0.8350788615643978
2026-04-23 07:33:41.400,3509428.2884350065,779160.6867466788,5250964.60620844,-50766.07552247614,50.86960391260194,0.8911802060902119,-0.10513346875086427,-0.4963700845837593
2026-04-23 07:33:41.500,3509428.382188355,779160.665307445,5250964.532897477,-50771.11220976581,50.91140872236616,0.9375334857031703,-0.21439233794808388,-0.7331096287816763
2026-04-23 07:33:41.600,3509428.474788882,779160.6595165372,5250964.496282266,-50776.11030767297,51.00328695679467,0.9260052675381303,-0.05790907773189247,-0.36615210585296154
2026-04-23 07:33:41.700,3509428.5726258694,779160.649072361,5250964.42937823,-50781.13786430224,51.079428562655416,0.9783698758110404,-0.10444176266901195,-0.6690403632819653
2026-04-23 07:33:41.800,3509428.6620261986,779160.6312735273,5250964.368654387,-50786.168127783414,50.96882925632699,0.8940032916143537,-0.17798833665437996,-0.6072384305298328
2026-04-23 07:33:41.900,3509428.7440524395,779160.6168099715,5250964.296398339,-50791.20373696441,51.139905464044396,0.8202624088153243,-0.14463555766269565,-0.7225604820996523
2026-04-23 07:33:42.000,3509428.8428415703,779160.599334967,5250964.214785306,-50796.242156685454,51.24511155425923,0.9878913080319762,-0.17475004540756345,-0.816130330786109
2026-04-23 07:33:42.100,3509428.934606948,779160.5796981981,5250964.155853241,-50801.264433601944,51.12527990339041,0.917653776705265,-0.19636768847703934,-0.5893206503242254
2026-04-23 07:33:42.200,3509429.013274124,779160.5579271002,5250964.092911983,-50806.29274797117,51.256810949039966,0.7866717595607042,-0.21771097905002534,-0.6294125784188509
2026-04-23 07:33:42.300,3509430.354250492,779160.5661939435,5250969.108974213,-50808.17495902942,41.03986162925039,13.409763681702316,0.08266843273304403,50.1606222987175
2026-04-23 07:33:42.400,3509430.452422714,779160.5563241283,5250969.03919806,-50813.19245992401,40.9795464887655,0.9817222179844975,-0.09869815199635923,-0.697761531919241
2026-04-23 07:33:42.500,3509430.5469336617,779160.5276342961,5250968.928785551,-50818.23059865507,41.02983300185674,0.9451094781979918,-0.28689832193776965,-1.1041250824928284
2026-04-23 07:33:42.600,3509430.6547526196,779160.5034338341,5250968.871739503,-50823.243606215205,41.05109907676037,1.0781895788386464,-0.24200462037697434,-0.5704604834318161
2026-04-23 07:33:42.700,3509430.7550100447,779160.4905866764,5250968.827777182,-50828.2557257653,41.11842942051125,1.0025742510333657,-0.12847157660871744,-0.439623212441802
2026-04-23 07:33:42.800,3509430.8523251438,779160.4632622293,5250968.75109423,-50833.28478543206,41.11804311291107,0.9731509909033775,-0.27324447059072554,-0.7668295130133629
2026-04-23 07:33:42.900,3509429.5383287505,779160.5388173617,5250963.671845111,-50841.51823523728,41.250608536359884,-13.139963932335377,0.7555513235274702,-50.79249119386077
2026-04-23 07:33:43.000,3509431.1715517095,779160.4310122073,5250969.132363405,-50843.002352275944,42.56092937688398,16.332229590043426,-1.078051544027403,54.60518294014037
2026-04-23 07:33:43.100,3509431.2980261478,779160.422659852,5250969.262403241,-50847.896125998144,43.111808839800744,1.2647443823516369,-0.08352355333045125,1.300398362800479
2026-04-23 07:33:43.200,3509431.4096023473,779160.393283314,5250969.228611058,-50852.895712391255,43.309025403141014,1.1157619953155518,-0.2937653800472617,-0.33792183734476566
2026-04-23 07:33:43.300,3509430.048186079,779160.3897086543,5250963.40277187,-50861.50649647134,51.52579098237122,-13.614162681624293,-0.0357465969864279,-58.25839187949896
2026-04-23 07:33:43.400,3509430.145404036,779160.3488202486,5250963.346963496,-50866.528533467404,51.573639915686314,0.972179570235312,-0.40888405637815595,-0.5580837372690439
2026-04-23 07:33:43.500,3509430.2145626885,779160.3181505615,5250963.2840647865,-50871.56019247058,51.63633403739374,0.6915865233168006,-0.30669687082991004,-0.6289870943874121
2026-04-23 07:33:43.600,3509430.3051084257,779160.2795910822,5250963.224856118,-50876.582395937665,51.60418023665268,0.9054573718458414,-0.3855947928968817,-0.5920866876840591
2026-04-23 07:33:43.700,3509430.372642884,779160.226472576,5250963.183853971,-50881.62308877746,51.697330142230626,0.6753445835784078,-0.5311850621365011,-0.41002146899700165
2026-04-23 07:33:43.800,3509430.451358111,779160.1699911222,5250963.1435654685,-50886.64108798982,51.71848701486125,0.7871522707864642,-0.5648145382292569,-0.4028850235044956
2026-04-23 07:33:43.900,3509430.5510075996,779160.0996260446,5250963.10534662,-50891.654013826424,51.65204077297671,0.9964948846027255,-0.7036507758311927,-0.38218848407268524
2026-04-23 07:33:44.000,3509430.624935736,779160.0269529065,5250963.060683187,-50896.6851384563,51.69402470340773,0.7392813637852669,-0.7267313811462373,-0.44663432985544205
2026-04-23 07:33:44.100,3509430.6774877817,779159.9456276416,5250963.01994777,-50901.714252734346,51.69699622573933,0.5255204578861594,-0.8132526488043368,-0.40735417045652866
2026-04-23 07:33:44.200,3509430.7667770796,779159.8713232916,5250962.999490361,-50906.71882664003,51.71698095663969,0.8928929781541228,-0.7430435006972402,-0.2045740932226181
2026-04-23 07:33:44.300,3509430.821042434,779159.792855662,5250962.990732292,-50911.739774292815,51.683238468996095,0.5426535429432988,-0.7846762961708009,-0.08758069016039371
2026-04-23 07:33:44.400,3509430.875854196,779159.6855469242,5250962.955901287,-50916.78336196935,51.67948743631503,0.5481176218017936,-1.0730873770080507,-0.3483100514858961
2026-04-23 07:33:44.500,3509430.9171006945,779159.588982079,5250962.9372025505,-50921.82739737709,51.745974814543885,0.41246498469263315,-0.9656484529841691,-0.1869873609393835
2026-04-23 07:33:44.600,3509430.9525585,779159.4915351514,5250962.907231074,-50926.876689735,51.68889567673892,0.3545780573040247,-0.9744692756794393,-0.2997147664427757
2026-04-23 07:33:44.700,3509430.9948023506,779159.384220068,5250962.889051549,-50931.923042636496,51.72051739135742,0.4224385041743517,-1.0731508338358253,-0.18179524689912796
2026-04-23 07:33:44.800,3509431.0412007812,779159.2731634994,5250962.881129666,-50936.95109378862,51.7080510112076,0.46398430597037077,-1.1105656856670976,-0.07921882905066013
2026-04-23 07:33:44.900,3509431.0857724063,779159.1695533043,5250962.87888413,-50941.989523610435,51.746019019109916,0.4457162506878376,-1.0361019510310143,-0.022455360740423203
2026-04-23 07:33:45.000,3509431.097253608,779159.0617317287,5250962.8501412235,-50947.047061836354,51.740425087112605,0.11481201741844416,-1.0782157559879124,-0.28742906637489796
2026-04-23 07:33:45.100,3509431.105776109,779158.9466619209,5250962.848462625,-50952.091745073056,51.77114303200176,0.0852250074967742,-1.1506980785634369,-0.016785981133580208
2026-04-23 07:33:45.200,3509431.130060155,779158.8542389397,5250962.857325147,-50957.120056016654,51.685499216066,0.2428404614329338,-0.9242298116441816,0.0886252149939537
2026-04-23 07:33:45.300,3509431.1462861784,779158.7504537653,5250962.845516407,-50962.1509591034,51.73703961893167,0.1622602343559265,-1.0378517443314195,-0.11808739975094795
2026-04-23 07:33:45.400,3509431.168477224,779158.6298489643,5250962.864398313,-50967.17633867629,51.631258692366785,0.22191045805811882,-1.20604800991714,0.18881905823946
2026-04-23 07:33:45.500,3509431.188352516,779158.5214820766,5250962.863532366,-50972.20788496426,51.71480997233377,0.19875291734933853,-1.0836688766721636,-0.008659465238451958
2026-04-23 07:33:45.600,3509431.193216051,779158.4202829088,5250962.863528308,-50977.25279087961,51.72229615840393,0.04863535054028034,-1.0119916778057814,-4.05777245759964e-05
2026-04-23 07:33:45.700,3509431.2012404967,779158.3267691043,5250962.864568859,-50982.28542026192,51.68833679902324,0.08024445734918118,-0.9351380448788404,0.010405508801341057
2026-04-23 07:33:45.800,3509431.220665847,779158.216757571,5250962.875395095,-50987.30760932583,51.69377605137623,0.19425350241363049,-1.1001153336837888,0.10826235637068748
2026-04-23 07:33:45.900,3509431.2323108013,779158.1246705034,5250962.888479455,-50992.33601376121,51.67082444180829,0.11644954327493906,-0.9208706754725426,0.13084360398352146
2026-04-23 07:33:46.000,3509431.251800499,779157.9980342457,5250962.87753049,-50997.37141619093,51.66344135743236,0.19489697646349669,-1.2663625774439424,-0.10948965325951576
2026-04-23 07:33:46.100,3509431.267266047,779157.900670389,5250962.898744858,-51002.405318511184,51.689973263101365,0.15465548262000084,-0.9736385673750192,0.2121436782181263
2026-04-23 07:33:46.200,3509431.275545781,779157.7739750862,5250962.8913816335,-51007.452933855595,51.650408893276015,0.08279733825474977,-1.2669530278071761,-0.07363224402070045
2026-04-23 07:33:46.300,3509431.2850468545,779157.6714262193,5250962.905903979,-51012.49129955537,51.74664497634361,0.09501073509454727,-1.0254886688198894,0.1452234573662281
2026-04-23 07:33:46.400,3509431.3029156337,779157.5587814589,5250962.929802179,-51017.51927671162,51.699595184866794,0.17868779134005308,-1.1264476040378213,0.23898200131952763
2026-04-23 07:33:46.500,3509431.3021110366,779157.4497833177,5250962.926771772,-51022.569953050064,51.695882134896046,-0.00804597046226263,-1.089981411350891,-0.0303040724247694
2026-04-23 07:33:46.600,3509431.281753916,779157.3476416807,5250962.954297345,-51027.61936970388,51.65026822638243,-0.20357120782136917,-1.0214163700584322,0.27525573037564754
2026-04-23 07:33:46.700,3509431.284483479,779157.2403025613,5250962.9713779325,-51032.65473588386,51.6838055587791,0.027295630425214767,-1.073391194222495,0.17080587334930897
2026-04-23 07:33:46.800,3509431.2816190333,779157.1196666708,5250962.990923507,-51037.69416290108,51.55662807251205,-0.02864445559680462,-1.2063589051831514,0.1954557467252016
2026-04-23 07:33:46.900,3509431.279036492,779157.0187563532,5250963.024763555,-51042.71567084751,51.613851624061965,-0.02582541201263666,-1.0091031761839986,0.33840048126876354
2026-04-23 07:33:47.000,3509431.2642086856,779156.9166606257,5250963.046510805,-51047.75669729925,51.65741824762505,-0.14827806502580643,-1.0209572745952755,0.21747250109910965
2026-04-23 07:33:47.100,3509431.2345040473,779156.8241077866,5250963.08984735,-51052.78992206757,51.620791844756205,-0.2970463829115033,-0.9255283907987177,0.43336544185876846
2026-04-23 07:33:47.200,3509431.2326365244,779156.7272109493,5250963.141291071,-51057.820230398196,51.5796387558546,-0.018675229512155056,-0.9689683734904975,0.5144372116774321
2026-04-23 07:33:47.300,3509431.230489182,779156.6047160956,5250963.131343631,-51062.87710480949,51.6017544874999,-0.021473425440490246,-1.2249485368374735,-0.09947439655661583
2026-04-23 07:33:47.400,3509431.237032483,779156.497646551,5250963.154148455,-51067.90671850139,51.590940077673565,0.06543301045894623,-1.070695446105674,0.22804823704063892
2026-04-23 07:33:47.500,3509431.1927582873,779156.3916332441,5250963.1949364785,-51072.946651370556,51.53566214646518,-0.44274195563048124,-1.0601330688223243,0.40788023732602596
2026-04-23 07:33:47.600,3509431.1753179254,779156.2679787283,5250963.194958733,-51078.00129591348,51.63526654649791,-0.1744036190211773,-1.2365451583173126,0.00022254884243011475
2026-04-23 07:33:47.700,3509431.174660166,779156.1777834023,5250963.224943997,-51083.043441960304,51.61604028186456,-0.006577596068382263,-0.9019532601814717,0.2998526394367218
2026-04-23 07:33:47.800,3509431.1905558244,779156.0586637649,5250963.2415261455,-51088.07774015068,51.60728122248183,0.15895658638328314,-1.191196374129504,0.16582148149609566
2026-04-23 07:33:47.900,3509431.183416571,779155.9594588253,5250963.263589526,-51093.11762546842,51.60570161365227,-0.07139253430068493,-0.9920493955723941,0.22063380107283592
2026-04-23 07:33:48.000,3509431.1583979754,779155.8713703417,5250963.31780356,-51098.1571061164,51.64534588989118,-0.2501859562471509,-0.8808848354965448,0.5421403422951698
2026-04-23 07:33:48.100,3509431.134419512,779155.7509241466,5250963.334537807,-51103.216334144265,51.57837882635434,-0.23978463374078274,-1.2044619512744248,0.16734247095882893
2026-04-23 07:33:48.200,3509431.13098732,779155.6414409544,5250963.350667166,-51108.24876821778,51.59177933615471,-0.034321919083595276,-1.0948319220915437,0.16129358671605587
2026-04-23 07:33:48.300,3509431.191081701,779155.4941898874,5250963.401298741,-51113.242214239435,41.26260591408539,0.6009438075125217,-1.4725106698460877,0.506315752863884
2026-04-23 07:33:48.400,3509431.1789456126,779155.3741717344,5250963.402434346,-51118.29699601579,41.25525732048823,-0.12136088218539953,-1.2001815298572183,0.011356053873896599
2026-04-23 07:33:48.500,3509431.171213373,779155.2522753477,5250963.41749914,-51123.34164539194,41.27795752175467,-0.07732239551842213,-1.2189638672862202,0.1506479363888502
2026-04-23 07:33:48.600,3509431.162635444,779155.1491148275,5250963.463724062,-51128.37113983242,41.23393310015339,-0.08577928878366947,-1.0316052020061761,0.462249219417572
2026-04-23 07:33:48.700,3509430.9210907533,779155.1100745422,5250963.579634408,-51133.50595155835,34.46488576700271,-2.4154469091445208,-0.3904028527904302,1.1591034568846226
2026-04-23 07:33:48.800,3509430.9212635304,779155.0006300049,5250963.602594684,-51138.54565516125,34.44886503008167,0.0017277710139751434,-1.0944453731644899,0.2296027634292841
2026-04-23 07:33:48.900,3509430.921011415,779154.8828860164,5250963.612078034,-51143.6003358268,34.476573977217804,-0.0025211554020643234,-1.1774398852139711,0.09483350440859795
2026-04-23 07:33:49.000,3509430.9082834166,779154.7708685902,5250963.661102286,-51148.64239295055,34.527210681147615,-0.12727998197078705,-1.1201742617413402,0.490242512896657
2026-04-23 07:33:49.100,3509430.887510099,779154.6637122667,5250963.684940019,-51153.69167253685,34.46267427056264,-0.2077331766486168,-1.0715632350184023,0.23837733082473278
2026-04-23 07:33:49.200,3509430.866353681,779154.556849878,5250963.7085592775,-51158.74565955733,34.460723473368965,-0.2115641813725233,-1.0686238866765052,0.23619258776307106
2026-04-23 07:33:49.300,3509431.1019700672,779154.3781428171,5250963.631703945,-51163.69633965714,41.21048897718229,2.3561638640239835,-1.7870706098619848,-0.7685533259063959
2026-04-23 07:33:49.400,3509431.091686592,779154.2743534055,5250963.653272155,-51168.7463079435,41.183359306307366,-0.10283475276082754,-1.0378941160161048,0.21568209864199162
2026-04-23 07:33:49.500,3509431.0767957596,779154.1673911075,5250963.680149194,-51173.79104563159,41.18397246678766,-0.14890832360833883,-1.069622979266569,0.2687703911215067
2026-04-23 07:33:49.600,3509431.049032865,779154.0680504687,5250963.719448465,-51178.84384258768,41.15233259417315,-0.2776289451867342,-0.9934063884429634,0.3929927106946707
2026-04-23 07:33:49.700,3509431.0328121423,779153.9680613108,5250963.746782219,-51183.893852472254,41.16134179145313,-0.16220722813159227,-0.9998915786854923,0.2733375411480665
2026-04-23 07:33:49.800,3509431.022723486,779153.8617543399,5250963.777510627,-51188.947856193925,41.163056348448755,-0.10088656097650528,-1.0630697093438357,0.3072840813547373
2026-04-23 07:33:49.900,3509431.017223303,779153.7582087108,5250963.813301693,-51193.99115164458,41.112139028760815,-0.055001829750835896,-1.0354562907014042,0.3579106554389
2026-04-23 07:33:50.000,3509431.0212573656,779153.6417180414,5250963.846637005,-51199.03118307655,41.10510008082163,0.04034062381833792,-1.1649066943209618,0.3333531226962805
2026-04-23 07:33:50.100,3509431.0135898036,779153.5335033091,5250963.857668789,-51204.08753993902,41.07836003538914,-0.07667561993002892,-1.0821473225951195,0.11031784117221832
2026-04-23 07:33:50.200,3509430.9873163146,779153.4281747923,5250963.913386844,-51209.13223287417,41.09230134215747,-0.26273488998413086,-1.053285168018192,0.5571805499494076
2026-04-23 07:33:50.300,3509430.985039383,779153.321927468,5250963.932206216,-51214.17615816212,41.08385749650023,-0.022769314236938953,-1.0624732438009232,0.18819372169673443
2026-04-23 07:33:50.400,3509430.9788865033,779153.215689494,5250963.955068565,-51219.22989340024,41.06883008432056,-0.06152879912406206,-1.0623797390144318,0.22862348705530167
2026-04-23 07:33:50.500,3509430.979861205,779153.116653214,5250963.975572003,-51224.27536441457,41.02204434684826,0.009747017174959183,-0.9903628006577492,0.2050343807786703
2026-04-23 07:33:50.600,3509430.966136544,779153.0129973014,5250964.013012986,-51229.330872568295,41.0082489306218,-0.13724660966545343,-1.0365591256413609,0.3744098264724016
2026-04-23 07:33:50.700,3509430.9532875824,779152.9086371253,5250964.031471159,-51234.381696995595,40.9699048638714,-0.12848961632698774,-1.0436017613392323,0.18458173610270023
2026-04-23 07:33:50.800,3509430.956258719,779152.80964444,5250964.045880489,-51239.431762059474,40.982887106913225,0.029711364768445492,-0.9899268532171845,0.14409329742193222
2026-04-23 07:33:50.900,3509430.948071889,779152.712147613,5250964.080191802,-51244.48249052369,40.98096206931411,-0.0818682974204421,-0.9749682690016925,0.34311313182115555
2026-04-23 07:33:51.000,3509430.939682043,779152.6021604649,5250964.099127819,-51249.542530785504,40.98103139307998,-0.08389845956116915,-1.0998714820016176,0.18936016596853733
2026-04-23 07:33:51.100,3509430.9259183165,779152.5042320053,5250964.1281201625,-51254.59682977603,40.927621661325404,-0.13763726688921452,-0.9792845952324569,0.28992343693971634
2026-04-23 07:33:51.200,3509430.9205170623,779152.3937768728,5250964.150875867,-51259.65087162551,40.935637373122155,-0.05401254165917635,-1.1045513255521655,0.22755704820156097
2026-04-23 07:33:51.300,3509430.9157523676,779152.2995973587,5250964.183313788,-51264.70290263755,40.91653184414755,-0.04764694720506668,-0.9417951409704983,0.32437920570373535
2026-04-23 07:33:51.400,3509430.9070687047,779152.1912423072,5250964.207550917,-51269.76570286824,40.91484182441557,-0.08683662861585617,-1.0835505148861557,0.24237128905951977
2026-04-23 07:33:51.500,3509430.899610928,779152.09507044,5250964.228847306,-51274.82308755619,40.91734394556839,-0.07457776926457882,-0.9617186721879989,0.21296389400959015
2026-04-23 07:33:51.600,3509430.8899110495,779151.9968298892,5250964.276983774,-51279.87149160901,40.819601994115985,-0.0969987828284502,-0.9824055072385818,0.48136468045413494
2026-04-23 07:33:51.700,3509430.881838533,779151.8890981937,5250964.279529655,-51284.94806520434,40.861657577100445,-0.08072516415268183,-1.0773169551976025,0.025458810850977898
2026-04-23 07:33:51.800,3509430.867206447,779151.7901784058,5250964.296818806,-51290.011249388415,40.86529919399335,-0.14632086269557476,-0.9891978790983558,0.1728915050625801
2026-04-23 07:33:51.900,3509430.855134348,779151.6931106506,5250964.333127303,-51295.05982194391,40.790992905910954,-0.12072098907083273,-0.9706775518134236,0.36308497190475464
2026-04-23 07:33:52.000,3509430.844101636,779151.5902237821,5250964.338410415,-51300.1338745926,40.84789846875179,-0.11032711714506149,-1.0288686852436513,0.05283111706376076
2026-04-23 07:33:52.100,3509430.8428775575,779151.4986331264,5250964.360148445,-51305.18639092047,40.84048629757996,-0.012240787036716938,-0.9159065573476255,0.21738030016422272
2026-04-23 07:33:52.200,3509430.843293336,779151.4063993443,5250964.396509939,-51310.22764004373,40.81295373280104,0.004157787188887596,-0.9223378205206245,0.3636149410158396
2026-04-23 07:33:52.300,3509430.8354885248,779151.298821529,5250964.40918996,-51315.29935430633,40.77728737284012,-0.07804811466485262,-1.0757781530264765,0.12680021114647388
2026-04-23 07:33:52.400,3509430.8180408957,779151.1953179691,5250964.42211578,-51320.373010394935,40.75793691559947,-0.17447629012167454,-1.035035599488765,0.1292582042515278
2026-04-23 07:33:52.500,3509430.800260413,779151.0965325752,5250964.441513274,-51325.436400862534,40.748791963471774,-0.1778048276901245,-0.9878539387136698,0.19397493451833725
2026-04-23 07:33:52.600,3509430.798134196,779150.9950790824,5250964.460936902,-51330.50243123262,40.73292378656076,-0.021262168884277344,-1.0145349276717752,0.19423628225922585
2026-04-23 07:33:52.700,3509430.7921297,779150.8904765497,5250964.4815686,-51335.560454041886,40.72424200995786,-0.060044960118830204,-1.0460253269411623,0.20631697960197926
2026-04-23 07:33:52.800,3509430.7894496047,779150.7828447861,5250964.514209289,-51340.616853798405,40.66027425243182,-0.026800953783094883,-1.0763176367618144,0.3264068905264139
2026-04-23 07:33:52.900,3509430.7749484936,779150.6827381409,5250964.523155801,-51345.68955474915,40.69401482181105,-0.1450111111626029,-1.0010664514265954,0.08946511894464493
2026-04-23 07:33:53.000,3509430.75878621,779150.5834795687,5250964.550099788,-51350.76167818461,40.735184896414054,-0.16162283718585968,-0.992585722124204,0.269439872354269
2026-04-23 07:33:53.100,3509430.743668628,779150.4752123632,5250964.559403116,-51355.83973266613,40.727621733215884,-0.151175819337368,-1.0826720553450286,0.09303327649831772
2026-04-23 07:33:53.200,3509430.739659102,779150.3743736204,5250964.568148954,-51360.92171695753,40.706217316085365,-0.04009525757282972,-1.0083874280098826,0.08745837956666946
2026-04-23 07:33:53.300,3509430.7314138887,779150.2764180296,5250964.575798226,-51365.988513077216,40.68248922091769,-0.0824521342292428,-0.9795559081248939,0.07649271748960018
2026-04-23 07:33:53.400,3509430.7335105953,779150.1767800173,5250964.597112593,-51371.05986111767,40.690627982463255,0.02096706535667181,-0.9963801223784685,0.21314367651939392
2026-04-23 07:33:53.500,3509430.71585993,779150.083216695,5250964.609931315,-51376.13956803253,40.68957465570892,-0.17650665249675512,-0.9356332232709974,0.12818722054362297
2026-04-23 07:33:53.600,3509430.71772219,779149.9940368042,5250964.632572695,-51381.20014926181,40.65629874334379,0.018622600473463535,-0.8917989081237465,0.226413793861866
2026-04-23 07:33:53.700,3509430.711566261,779149.8879768418,5250964.658617013,-51386.26854083938,40.6435612233701,-0.06155929062515497,-1.0605996241793036,0.26044318452477455
2026-04-23 07:33:53.800,3509430.703935275,779149.7885829409,5250964.652498554,-51391.347226459184,40.63246980697075,-0.07630986161530018,-0.9939390083309263,-0.061184586957097054
2026-04-23 07:33:53.900,3509430.7130468003,779149.6778371435,5250964.6931752525,-51396.40018784592,40.64557507332508,0.09111525490880013,-1.1074579739943147,0.40676698088645935
2026-04-23 07:33:54.000,3509430.710913648,779149.5711365395,5250964.70816278,-51401.46443332439,40.59829232313622,-0.02133152447640896,-1.0670060408301651,0.14987527392804623
2026-04-23 07:33:54.100,3509430.7016797704,779149.474029364,5250964.723920455,-51406.53101985821,40.613129964363864,-0.09233877528458834,-0.9710717550478876,0.15757675282657146
2026-04-23 07:33:54.200,3509430.6857851422,779149.3770664752,5250964.739447602,-51411.590752979086,40.585213202532934,-0.15894628129899502,-0.9696288872510195,0.15527146868407726
2026-04-23 07:33:54.300,3509430.6860180665,779149.2709967511,5250964.76169192,-51416.652694158016,40.61209013521469,0.002329242415726185,-1.060697240754962,0.22244318388402462
2026-04-23 07:33:54.400,3509430.6791751105,779149.17120149,5250964.776774105,-51421.72488260875,40.62158060240169,-0.06842955946922302,-0.9979526116512716,0.15082184225320816
2026-04-23 07:33:54.500,3509430.6767067118,779149.0772240125,5250964.805260106,-51426.7775794789,40.58342402689715,-0.024683987721800804,-0.939774775179103,0.28486001305282116
2026-04-23 07:33:54.600,3509430.6614612886,779148.9704688032,5250964.814516773,-51431.854463133626,40.62510889184175,-0.15245423186570406,-1.0675520927179605,0.09256667457520962
2026-04-23 07:33:54.700,3509430.304834226,779148.98404955,5250964.979844283,-51437.068413749024,34.06993216815644,-3.5662706242874265,0.13580746832303703,1.6532750986516476
2026-04-23 07:33:54.800,3509430.278994004,779148.8734699393,5250964.999059817,-51442.1434404302,34.07038003162719,-0.25840222369879484,-1.105796106858179,0.19215533509850502
2026-04-23 07:33:54.900,3509430.2608659863,779148.7681800048,5250965.025826284,-51447.2121201991,34.128820767351144,-0.181280174292624,-1.0528993455227464,0.2676646690815687
2026-04-23 07:33:55.000,3509430.252446347,779148.667423755,5250965.047623247,-51452.280919380864,34.13432871597241,-0.08419639430940151,-1.0075624973978847,0.21796963177621365
2026-04-23 07:33:55.100,3509430.2568998514,779148.5851648726,5250965.085346049,-51457.327627201485,34.103299973570614,0.04453504458069801,-0.8225888246670365,0.3772280178964138
2026-04-23 07:33:55.200,3509430.24658464,779148.4833840124,5250965.087994723,-51462.407574828954,34.087946953606085,-0.10315211489796638,-1.0178086021915078,0.02648673951625824
2026-04-23 07:33:55.300,3509430.246020067,779148.3804690188,5250965.109215673,-51467.46891686944,34.11990238267783,-0.005645728670060635,-1.0291499353479594,0.21220950409770012
2026-04-23 07:33:55.400,3509430.238383158,779148.2779999353,5250965.123937269,-51472.53931451038,34.125021600136705,-0.07636908907443285,-1.0246908350382,0.1472159568220377
2026-04-23 07:33:55.500,3509430.2474688753,779148.1768044676,5250965.15605468,-51477.60833475825,34.06370732474193,0.09085717145353556,-1.011954677524045,0.32117411494255066
2026-04-23 07:33:55.600,3509430.2607731526,779148.079444274,5250965.179202244,-51482.66500972299,34.08539168167845,0.13304277323186398,-0.9736019361298531,0.23147563450038433
2026-04-23 07:33:55.700,3509430.241459483,779147.974028303,5250965.193077119,-51487.73700093911,34.10978304566033,-0.1931366976350546,-1.0541597090195864,0.13874875381588936
2026-04-23 07:33:55.800,3509430.241501231,779147.8873329202,5250965.208399529,-51492.809455783165,34.08960052882612,0.00041748397052288055,-0.8669538283720613,0.15322409570217133
2026-04-23 07:33:55.900,3509430.2292795824,779147.778551701,5250965.233017858,-51497.882384533936,34.0726120238644,-0.12221648823469877,-1.087812192272395,0.24618329480290413
2026-04-23 07:33:56.000,3509430.267992047,779147.68959347,5250965.277395528,-51502.924014648655,34.063738692791546,0.3871246473863721,-0.8895823103375733,0.4437766969203949
2026-04-23 07:33:56.100,3509430.264568065,779147.5752519689,5250965.283369092,-51508.005714246705,34.0716228372614,-0.03423982299864292,-1.1434150103013963,0.05973564460873604
2026-04-23 07:33:56.200,3509430.268387554,779147.4563455726,5250965.332918665,-51513.057214327666,34.07963989331252,0.03819489385932684,-1.189063963247463,0.49549573101103306
2026-04-23 07:33:56.300,3509430.26778242,779147.3550877481,5250965.350350964,-51518.134580633836,34.05258857066912,-0.006051342934370041,-1.012578244553879,0.17432298511266708
2026-04-23 07:33:56.400,3509430.294901026,779147.2632903373,5250965.402819564,-51523.17627354359,34.023311869361294,0.2711860602721572,-0.9179741085972637,0.5246859975159168
2026-04-23 07:33:56.500,3509431.7411934324,779148.3217632106,5250966.763501794,-51526.76653372652,39.76852080670345,14.462924064137042,10.584728732937947,13.606822304427624
2026-04-23 07:33:56.600,3509431.737091642,779148.2270923896,5250966.775101143,-51531.843883573834,39.78132592984194,-0.04101790487766266,-0.9467082098126411,0.11599348857998848
2026-04-23 07:33:56.700,3509431.7590950117,779148.1229890226,5250966.80101244,-51536.899720885966,39.79954948491074,0.22003369871526957,-1.0410336696077138,0.2591129671782255
2026-04-23 07:33:56.800,3509431.7571548056,779148.0163450972,5250966.810374037,-51541.987159429176,39.787132685626304,-0.019402061589062214,-1.0664392542093992,0.09361597709357738
2026-04-23 07:33:56.900,3509431.771431208,779147.9053214343,5250966.835390466,-51547.045743468814,39.75363509666045,0.14276402536779642,-1.1102366296108812,0.25016428902745247
2026-04-23 07:33:57.000,3509431.7763330066,779147.8127069032,5250966.852182873,-51552.118595105065,39.761187953656645,0.04901798442006111,-0.9261453105136752,0.1679240632802248
2026-04-23 07:33:57.100,3509431.793698177,779147.6909959872,5250966.87306498,-51557.18706574883,39.70748846707665,0.17365170642733574,-1.2171091604977846,0.20882107317447662
2026-04-23 07:33:57.200,3509431.776034659,779147.5851500599,5250966.88677235,-51562.26784898514,39.77250286184291,-0.1766351843252778,-1.058459272608161,0.1370737049728632
2026-04-23 07:33:57.300,3509431.788048722,779147.4926144585,5250966.917912653,-51567.32682992129,39.725168228083874,0.12014063075184822,-0.9253560134675354,0.31140302307903767
2026-04-23 07:33:57.400,3509431.7918840838,779147.3827214517,5250966.938500119,-51572.38807552132,39.7967383819688,0.038353619165718555,-1.0989300685469061,0.20587466657161713
2026-04-23 07:33:57.500,3509431.798712105,779147.2816706431,5250966.9576568045,-51577.46292610062,39.71200559169983,0.06828021258115768,-1.0105080856010318,0.191566850990057
2026-04-23 07:33:57.600,3509431.7953595035,779147.1845898986,5250966.982865048,-51582.51944386858,39.77707680113071,-0.03352601546794176,-0.9708074457012117,0.25208243168890476
2026-04-23 07:33:57.700,3509431.7861027513,779147.0756649189,5250967.004762654,-51587.60265977361,39.722364653008825,-0.09256752207875252,-1.0892497969325632,0.21897606551647186
2026-04-23 07:33:57.800,3509431.787804948,779146.9783312108,5250967.026407754,-51592.674887325025,39.74530987212877,0.017021968960762024,-0.9733370807953179,0.21645099855959415
2026-04-23 07:33:57.900,3509431.782452529,779146.8887828784,5250967.041852949,-51597.7506867656,39.71986917790651,-0.05352419335395098,-0.8954833238385618,0.15445195138454437
2026-04-23 07:33:58.000,3509431.777930989,779146.7803332456,5250967.071365899,-51602.818534325255,39.72197654738445,-0.045215399004518986,-1.084496327675879,0.2951295021921396
2026-04-23 07:33:58.100,3509431.7848987277,779146.6752021573,5250967.082806149,-51607.89160745086,39.72499442829565,0.0696773873642087,-1.0513108829036355,0.11440249159932137
2026-04-23 07:33:58.200,3509431.7950144047,779146.5722117109,5250967.105151297,-51612.9658615655,39.67746186359491,0.10115677025169134,-1.0299044649582356,0.22345148026943207
2026-04-23 07:33:58.300,3509431.7861624667,779146.4823538923,5250967.1268368075,-51618.0388793222,39.69547173134684,-0.0885193794965744,-0.8985781855881214,0.21685510873794556
2026-04-23 07:33:58.400,3509431.7898418866,779146.3730810608,5250967.156501217,-51623.11260850219,39.7049293258443,0.03679419867694378,-1.0927283146884292,0.2966440934687853
2026-04-23 07:33:58.500,3509431.797991979,779146.2689154149,5250967.15787473,-51628.19482596409,39.645326622407175,0.08150092326104641,-1.0416564589831978,0.013735136017203331
2026-04-23 07:33:58.600,3509431.8089845283,779146.1815002299,5250967.179825214,-51633.2624132121,39.6449546899068,0.10992549359798431,-0.8741518505848944,0.21950483322143555
2026-04-23 07:33:58.700,3509431.8066109736,779146.0776867699,5250967.190580385,-51638.33707975232,39.5911828438422,-0.023735547438263893,-1.0381345998030156,0.10755171068012714
2026-04-23 07:33:58.800,3509431.7992106816,779145.972390333,5250967.213646753,-51643.40751241836,39.55840282942161,-0.07400291971862316,-1.0529643693007529,0.23066367954015732
2026-04-23 07:33:58.900,3509431.81715092,779145.8715330568,5250967.253629572,-51648.46402863587,39.56944851240423,0.1794023858383298,-1.008572761202231,0.39982818998396397
2026-04-23 07:33:59.000,3509431.8373120325,779145.7652408377,5250967.251726738,-51653.53512588319,39.55963081632622,0.20161112304776907,-1.0629221913404763,-0.01902833580970764
2026-04-23 07:33:59.100,3509431.8319761055,779145.6821737014,5250967.27675622,-51658.60981627656,39.521074892781,-0.053359270095825195,-0.8306713635101914,0.25029481388628483
2026-04-23 07:33:59.200,3509431.842584694,779145.5804910614,5250967.300662425,-51663.68305400723,39.51664718117765,0.10608588345348835,-1.0168263991363347,0.23906205780804157
2026-04-23 07:33:59.300,3509431.8552201367,779145.4851217379,5250967.33050961,-51668.73752615459,39.49950757130229,0.1263544289395213,-0.9536932350602001,0.2984718419611454
2026-04-23 07:33:59.400,3509431.8501999113,779145.3889017818,5250967.341607287,-51673.83433987019,39.47902945903489,-0.050202254205942154,-0.9621995617635548,0.11097677052021027
2026-04-23 07:33:59.500,3509431.863982254,779145.2921542618,5250967.380091174,-51678.901179123015,39.46323162537889,0.1378234289586544,-0.9674751991406083,0.3848388697952032
2026-04-23 07:33:59.600,3509431.8693330763,779145.1895272804,5250967.395534079,-51683.99123330635,39.445030696562235,0.05350822117179632,-1.026269814465195,0.15442905016243458
2026-04-23 07:33:59.700,3509431.8677420556,779145.0753058374,5250967.408406622,-51689.076893603655,39.45996873588598,-0.01591020729392767,-1.142214429564774,0.12872543185949326
2026-04-23 07:33:59.800,3509431.8725454533,779144.9700640362,5250967.449464735,-51694.14769242462,39.412575782368116,0.048033976927399635,-1.0524180124048144,0.4105811286717653
2026-04-23 07:33:59.900,3509431.863126491,779144.8631640638,5250967.466635019,-51699.23739440473,39.390524726724955,-0.09418962057679892,-1.0689997242297977,0.17170283943414688
2026-04-23 07:34:00.000,3509431.872348388,779144.7527388933,5250967.492363149,-51704.31084478377,39.425864925469426,0.0922189699485898,-1.104251705110073,0.257281307131052
2026-04-23 07:34:00.100,3509431.872003704,779144.6485317376,5250967.50862067,-51709.39578483441,39.426089730389776,-0.0034468434751033783,-1.0420715564396232,0.16257520765066147
2026-04-23 07:34:00.200,3509431.868690986,779144.5363419187,5250967.52451228,-51714.478955363375,39.4303688295239,-0.03312717657536268,-1.1218981887213886,0.15891609713435173
2026-04-23 07:34:00.300,3509430.306391344,779143.1761610049,5250966.077372493,-51721.170722355826,33.85971322661984,-15.622996422462165,-13.601809138199314,-14.471397865563631
2026-04-23 07:34:00.400,3509430.297591263,779143.0715622143,5250966.095935058,-51726.26373721967,33.83765624498577,-0.08800080977380276,-1.0459879064001143,0.18562564626336098
2026-04-23 07:34:00.500,3509430.3037539753,779142.9708607726,5250966.104237662,-51731.35313839899,33.859469033173795,0.06162712350487709,-1.00701441639103,0.08302603848278522
2026-04-23 07:34:00.600,3509430.2941257423,779142.8798415897,5250966.127305111,-51736.425904209864,33.83187009753093,-0.09628233034163713,-0.910191829316318,0.2306744921952486
2026-04-23 07:34:00.700,3509431.685925227,779142.7444534322,5250972.03664383,-51737.898951422365,36.56569369089375,13.917994848452508,-1.3538815756328404,59.09338719211519
2026-04-23 07:34:00.800,3509431.6649951264,779142.6338505592,5250972.042208683,-51742.98678402769,36.548460856213374,-0.20930100698024035,-1.1060287291184068,0.055648526176810265
2026-04-23 07:34:00.900,3509431.65645361,779142.517754172,5250972.055259464,-51748.06344064768,36.55935739363683,-0.08541516494005919,-1.1609638726804405,0.13050781562924385
2026-04-23 07:34:01.000,3509431.6433478454,779142.4069543794,5250972.06743408,-51753.151561018356,36.59885754112309,-0.13105764519423246,-1.1079979257192463,0.12174615636467934
2026-04-23 07:34:01.100,3509431.6283797203,779142.2858075567,5250972.07202279,-51758.24958804286,36.592663092487,-0.14968125149607658,-1.21146822697483,0.04588710144162178
2026-04-23 07:34:01.200,3509431.6009927155,779142.1678194891,5250972.070698697,-51763.35580201089,36.60003040238577,-0.2738700481131673,-1.1798806756269187,-0.013240929692983627
2026-04-23 07:34:01.300,3509431.587142876,779142.0588683271,5250972.076158051,-51768.45290850949,36.617017100913856,-0.13849839568138123,-1.089511620812118,0.05459354259073734
2026-04-23 07:34:01.400,3509431.573671305,779141.947975191,5250972.075171816,-51773.539121494265,36.579638149016446,-0.13471570797264576,-1.1089313600677997,-0.009862352162599564
2026-04-23 07:34:01.500,3509431.5496683493,779141.8354999843,5250972.084401489,-51778.62544147961,36.55471783557575,-0.240029557608068,-1.1247520672623068,0.09229673072695732
2026-04-23 07:34:01.600,3509431.5367505415,779141.7209875805,5250972.090633291,-51783.71712597962,36.545340809835736,-0.12917807791382074,-1.1451240384485573,0.06231801584362984
2026-04-23 07:34:01.700,3509431.525308655,779141.6130468186,5250972.094659883,-51788.80726850933,36.47495430124825,-0.1144188642501831,-1.079407618381083,0.04026591777801514
2026-04-23 07:34:01.800,3509431.509719463,779141.5205979428,5250972.110581379,-51793.887703141794,36.48873866598153,-0.15589192043989897,-0.9244887589011341,0.15921496786177158
2026-04-23 07:34:01.900,3509431.5033696597,779141.4106470314,5250972.117506761,-51798.973404019904,36.47579995234912,-0.06349803414195776,-1.0995091137010604,0.0692538172006607
2026-04-23 07:34:02.000,3509431.483446733,779141.3113696686,5250972.130515392,-51804.05818545964,36.433352853705635,-0.19922926556318998,-0.9927736280951649,0.13008630834519863
2026-04-23 07:34:02.100,3509431.4759259885,779141.2160950894,5250972.1407422675,-51809.142892090495,36.39551606327653,-0.07520744577050209,-0.952745791291818,0.1022687554359436
2026-04-23 07:34:02.200,3509431.4687726726,779141.1113502432,5250972.151322918,-51814.22291751387,36.341459542275935,-0.071533159352839,-1.0474484623409808,0.1058065053075552
2026-04-23 07:34:02.300,3509431.4686521664,779141.0118668812,5250972.1788837025,-51819.28831141562,36.296824950183534,-0.001205061562359333,-0.9948336204979569,0.27560784481465816
2026-04-23 07:34:02.400,3509431.463249399,779140.9118263797,5250972.193047192,-51824.384118542934,36.25577781020131,-0.05402767565101385,-1.0004050144925714,0.1416348945349455
2026-04-23 07:34:02.500,3509431.4550790046,779140.8039213482,5250972.21995177,-51829.46367496482,36.269052242828494,-0.08170394226908684,-1.0790503153111786,0.2690457832068205
2026-04-23 07:34:02.600,3509431.448351276,779140.7034789186,5250972.239474402,-51834.532207727665,36.16000761251125,-0.0672772852703929,-1.0044242953881621,0.19522631540894508
2026-04-23 07:34:02.700,3509431.450049344,779140.607574299,5250972.26925237,-51839.607575570924,36.11499212864022,0.016980678774416447,-0.9590461966581643,0.2977796830236912
2026-04-23 07:34:02.800,3509431.447081936,779140.4991646699,5250972.273252973,-51844.6982431502,36.10270325901149,-0.02967407926917076,-1.0840962908696383,0.04000603221356869
2026-04-23 07:34:02.900,3509431.44543106,779140.4063057248,5250972.303156956,-51849.75764718539,36.00091648484654,-0.01650875899940729,-0.9285894513595849,0.29903982765972614
2026-04-23 07:34:03.000,3509431.4213155196,779140.2842492725,5250972.301514194,-51854.84310018923,36.02208459156109,-0.2411554055288434,-1.220564522081986,-0.016427617520093918
2026-04-23 07:34:03.100,3509431.414611111,779140.1842553231,5250972.333086346,-51859.90495568554,35.9537628316012,-0.06704408675432205,-0.999939494067803,0.3157215192914009
2026-04-23 07:34:03.200,3509431.389512986,779140.052733625,5250972.319172106,-51864.99277439421,35.91926235416319,-0.25098124984651804,-1.3152169808745384,-0.13914240524172783
2026-04-23 07:34:03.300,3509431.404033779,779139.9624285456,5250972.342857471,-51870.06166827671,35.851475303062905,0.14520793221890926,-0.9030507947318256,0.23685364983975887
2026-04-23 07:34:03.400,3509431.430656774,779139.875217057,5250972.390601678,-51875.10940427433,35.8530675751905,0.2662299480289221,-0.872114886296913,0.47744207084178925
2026-04-23 07:34:03.500,3509431.432253718,779139.790167611,5250972.4176258,-51880.17935618986,35.813974222019915,0.015969439409673214,-0.8504944597370923,0.27024121955037117
2026-04-23 07:34:03.600,3509431.4292951613,779139.6877331713,5250972.44871295,-51885.2418826804,35.81655801347801,-0.029585566371679306,-1.0243443970102817,0.3108714986592531
2026-04-23 07:34:03.700,3509433.339427211,779141.170300214,5250974.111045806,-51888.41628404512,40.12959075867923,19.101320495828986,14.82567042694427,16.623328560963273
2026-04-23 07:34:03.800,3509433.347924952,779141.0693377288,5250974.134177549,-51893.48607497079,40.11420933606334,0.0849774107336998,-1.0096248518675566,0.2313174307346344
2026-04-23 07:34:03.900,3509433.3384194816,779140.9703029089,5250974.1612863485,-51898.55693588384,40.06516424519095,-0.09505470283329487,-0.9903481986839324,0.27108799666166306
2026-04-23 07:34:04.000,3509433.33618221,779140.8547783361,5250974.183017704,-51903.62471876691,40.046157887445595,-0.022372715175151825,-1.1552457278594375,0.21731355227530003
2026-04-23 07:34:04.100,3509433.3264597734,779140.7544409082,5250974.2061948385,-51908.70752860995,40.003070432146146,-0.09722436778247356,-1.0033742792438716,0.23177134804427624
2026-04-23 07:34:04.200,3509433.3436480705,779140.6555950101,5250974.224226864,-51913.769413366565,40.00704783537878,0.17188297118991613,-0.9884589805733413,0.18032025545835495
2026-04-23 07:34:04.300,3509433.3344219127,779140.5456121777,5250974.234703391,-51918.85238084744,40.00591809544007,-0.09226157795637846,-1.0998283245135099,0.1047652680426836
2026-04-23 07:34:04.400,3509433.3200296415,779140.4423937006,5250974.248674809,-51923.93039225594,40.01324974598979,-0.14392271172255278,-1.0321847710292786,0.13971418142318726
2026-04-23 07:34:04.500,3509433.3089408623,779140.3355296811,5250974.264960036,-51929.003808012145,40.023892274199625,-0.1108877919614315,-1.06864019529894,0.16285226680338383
2026-04-23 07:34:04.600,3509433.300670451,779140.2071083281,5250974.264225299,-51934.09332698274,39.98650204141642,-0.08270411286503077,-1.284213529434055,-0.007347371429204941
2026-04-23 07:34:04.700,3509433.3266714835,779140.1165043542,5250974.261188546,-51939.171806272076,39.89060707529159,0.26001032441854477,-0.9060397394932806,-0.030367523431777954
2026-04-23 07:34:04.800,3509433.318299793,779140.017502978,5250974.264854531,-51944.257789684634,39.900629054892306,-0.08371690288186073,-0.9900137619115412,0.03665984608232975
2026-04-23 07:34:04.900,3509433.314767222,779139.9092249459,5250974.2778177075,-51949.3444480741,39.859482828650705,-0.03532571252435446,-1.0827803204301745,0.1296317670494318
2026-04-23 07:34:05.000,3509433.3098639906,779139.8153936581,5250974.291901789,-51954.419772467074,39.81079320483469,-0.04903231281787157,-0.9383128781337291,0.14084081165492535
2026-04-23 07:34:05.100,3509433.3125855876,779139.6996661444,5250974.294085666,-51959.504351510564,39.8323135297985,0.027215969748795033,-1.1572751367930323,0.02183876931667328
2026-04-23 07:34:05.200,3509433.314501059,779139.5939212532,5250974.300674841,-51964.58348001309,39.80309055303942,0.01915471162647009,-1.0574489121790975,0.06589175201952457
2026-04-23 07:34:05.300,3509433.31452574,779139.491126928,5250974.331807582,-51969.6375826623,39.794388566629856,0.00024681445211172104,-1.027943252120167,0.31132740899920464
2026-04-23 07:34:05.400,3509433.3024800518,779139.3805983567,5250974.348160303,-51974.70309200014,39.808702954111226,-0.12045688461512327,-1.1052857129834592,0.16352721489965916
2026-04-23 07:34:05.500,3509433.2961513926,779139.2655745265,5250974.354652803,-51979.787710762845,39.75463765934169,-0.06328659132122993,-1.1502383020706475,0.06492500193417072
2026-04-23 07:34:05.600,3509433.2872692747,779139.1528113361,5250974.3680681195,-51984.86210007601,39.73430998505943,-0.08882117923349142,-1.127631904091686,0.13415316119790077
2026-04-23 07:34:05.700,3509433.279338929,779139.0441561267,5250974.373261484,-51989.93919913646,39.730132864463464,-0.07930345833301544,-1.0865520942024887,0.05193364806473255
2026-04-23 07:34:05.800,3509433.2694078893,779138.9387144822,5250974.38587245,-51995.00914335189,39.67823732134327,-0.09931039530783892,-1.0544164443854243,0.126109654083848
2026-04-23 07:34:05.900,3509433.259735925,779138.8406042358,5250974.397504492,-52000.08256660093,39.71666306039835,-0.09671964216977358,-0.9811024647206068,0.1163204200565815
2026-04-23 07:34:06.000,3509433.2606251254,779138.7527396542,5250974.425330855,-52005.1350243603,39.65441422345062,0.008892002515494823,-0.8786458161193877,0.2782636322081089
2026-04-23 07:34:06.100,3509433.2431077347,779138.6386715987,5250974.437870334,-52010.21464095542,39.61707489275778,-0.175173906609416,-1.1406805540900677,0.12539478950202465
2026-04-23 07:34:06.200,3509433.2448106073,779138.5550572434,5250974.451341468,-52015.28415725604,39.58673733502489,0.01702872570604086,-0.8361435530241579,0.1347113400697708
2026-04-23 07:34:06.300,3509431.3920264384,779136.9233251625,5250972.872802205,-52022.19555231366,35.19967551811318,-18.5278416890651,-16.317320809466764,-15.785392625257373
2026-04-23 07:34:06.400,3509431.3750322666,779136.8162387003,5250972.897953402,-52027.269210941726,35.20666762240768,-0.16994171775877476,-1.070864622015506,0.25151196867227554
2026-04-23 07:34:06.500,3509431.3445945703,779136.6971450354,5250972.919645659,-52032.35155847846,35.21022309041704,-0.30437696259468794,-1.1909366492182016,0.21692256443202496
2026-04-23 07:34:06.600,3509431.330668459,779136.5945181168,5250972.915265752,-52037.436807399376,35.21055602564889,-0.13926111161708832,-1.026269185822457,-0.04379906691610813
2026-04-23 07:34:06.700,3509431.3156045894,779136.4857189975,5250972.957012754,-52042.49846055135,35.183913281200645,-0.15063869766891003,-1.087991192471236,0.4174700193107128
2026-04-23 07:34:06.800,3509431.3049608166,779136.3840130225,5250972.980418283,-52047.56515422139,35.21597431700096,-0.10643772780895233,-1.017059750156477,0.23405528627336025
2026-04-23 07:34:06.900,3509431.2986628567,779136.280459607,5250972.989790293,-52052.64176565603,35.14077561669247,-0.06297959946095943,-1.0355341550894082,0.09372010827064514
2026-04-23 07:34:07.000,3509431.2971129366,779136.1838437516,5250973.01274087,-52057.715262246966,35.11683839695694,-0.01549920067191124,-0.9661585546564311,0.2295057661831379
2026-04-23 07:34:07.100,3509431.2818914466,779136.0795940999,5250973.026089719,-52062.80250375138,35.114377990430256,-0.15221490059047937,-1.0424965166021138,0.13348848558962345
2026-04-23 07:34:07.200,3509431.272985946,779135.9842202354,5250973.061149463,-52067.87224912099,35.09761168701055,-0.08905500639230013,-0.9537386451847851,0.35059744492173195
2026-04-23 07:34:07.300,3509431.260773801,779135.8834482755,5250973.08625106,-52072.94673249803,35.0558755965496,-0.12212145142257214,-1.007719598710537,0.25101596489548683
2026-04-23 07:34:07.400,3509431.2436892516,779135.7832757335,5250973.101738172,-52078.02883044309,35.06341988347242,-0.1708454918116331,-1.0017254203557968,0.1548711210489273
2026-04-23 07:34:07.500,3509431.2364538526,779135.6774100388,5250973.120245389,-52083.10097289294,35.00688845650088,-0.07235398981720209,-1.0586569469887763,0.18507217057049274
2026-04-23 07:34:07.600,3509431.226975619,779135.5821276655,5250973.159845205,-52088.166675297594,35.00452156622024,-0.09478233754634857,-0.9528237325139344,0.3959981631487608
2026-04-23 07:34:07.700,3509431.219022053,779135.4789189242,5250973.187579336,-52093.23581990698,35.04529682220121,-0.07953566033393145,-1.0320874128956348,0.2773413062095642
2026-04-23 07:34:07.800,3509431.1736514806,779135.376903621,5250973.194908374,-52098.3353097709,35.019289125675314,-0.4537057224661112,-1.0201530321501195,0.07329038344323635
2026-04-23 07:34:07.900,3509431.649678918,779135.1118044768,5250972.893652418,-52103.272986918644,40.397328504699054,4.760274374857545,-2.6509914419148117,-3.012559562921524
2026-04-23 07:34:08.000,3509431.6400554585,779135.0102183936,5250972.899097522,-52108.36145591465,40.405290247273236,-0.09623459540307522,-1.0158608318306506,0.05445104092359543
2026-04-23 07:34:08.100,3509431.625500229,779134.9158963443,5250972.928386023,-52113.42710356393,40.35590881057409,-0.1455522933974862,-0.9432204929180443,0.2928850147873163
2026-04-23 07:34:08.200,3509431.607691262,779134.8009320595,5250972.935041693,-52118.51346344961,40.353992716342724,-0.17808967269957066,-1.1496428481768817,0.06655669771134853
2026-04-23 07:34:08.300,3509431.6093018716,779134.7079084944,5250972.970580781,-52123.57648308192,40.33179468232789,0.016106097027659416,-0.9302356513217092,0.3553908783942461
2026-04-23 07:34:08.400,3509431.6115081236,779134.6048978969,5250972.989617143,-52128.650077668,40.270709670872876,0.022062519565224648,-1.0301059752237052,0.19036361947655678
2026-04-23 07:34:08.500,3509431.5909413886,779134.4978781968,5250973.00835365,-52133.73032630041,40.24120459078823,-0.20566734950989485,-1.0701970010995865,0.18736506812274456
2026-04-23 07:34:08.600,3509431.6012838995,779134.399643806,5250973.042852031,-52138.79654414564,40.19483009395254,0.10342510882765055,-0.9823439072351903,0.34498381428420544
2026-04-23 07:34:08.700,3509431.5914011453,779134.2808058633,5250973.046698497,-52143.87135855363,40.19787009062972,-0.09882754180580378,-1.1883794271852821,0.038464656099677086
2026-04-23 07:34:08.800,3509431.57212797,779134.1810682308,5250973.065851497,-52148.94755061625,40.229645983306895,-0.1927317539229989,-0.9973763255402446,0.1915300078690052
2026-04-23 07:34:08.900,3509431.563725637,779134.0673875915,5250973.077830011,-52154.02505108527,40.203109123879294,-0.08402333129197359,-1.1368063930422068,0.11978513561189175
2026-04-23 07:34:09.000,3509431.5639161672,779133.9625942166,5250973.102863192,-52159.082240177806,40.17802399562276,0.001905304379761219,-1.047933748923242,0.25033180601894855
2026-04-23 07:34:09.100,3509431.56055929,779133.8635005968,5250973.12618251,-52164.15062417685,40.199994140518626,-0.03356877248734236,-0.9909361973404884,0.2331931795924902
2026-04-23 07:34:09.200,3509431.5499166586,779133.7485040016,5250973.145922805,-52169.23092449518,40.25741233990859,-0.10642631445080042,-1.149965951917693,0.19740295596420765
2026-04-23 07:34:09.300,3509431.533695447,779133.6298031429,5250973.147485312,-52174.313329582415,40.14661820108743,-0.162212117575109,-1.1870085878763348,0.01562506891787052
2026-04-23 07:34:09.400,3509431.530257076,779133.5326642467,5250973.193039574,-52179.36899145321,40.260039895889435,-0.03438370767980814,-0.9713889611884952,0.455542616546154
2026-04-23 07:34:09.500,3509431.519302412,779133.4354551638,5250973.209466634,-52184.446442613684,40.27250191628014,-0.10954664088785648,-0.9720908291637897,0.16427060589194298
2026-04-23 07:34:09.600,3509431.4951784494,779133.3274982309,5250973.224143242,-52189.52433916047,40.28690461953929,-0.24123962502926588,-1.0795693297404796,0.1467660814523697
2026-04-23 07:34:09.700,3509431.4814287378,779133.2211333035,5250973.24403159,-52194.60295848405,40.24525973424755,-0.1374971168115735,-1.0636492737103254,0.19888347946107388
2026-04-23 07:34:09.800,3509431.5146972793,779133.1317531125,5250973.267084294,-52199.65093165994,40.202067892242205,0.3326854156330228,-0.8938019094057381,0.23052703589200974
2026-04-23 07:34:09.900,3509434.7859113147,779135.0766656317,5250975.242347325,-52201.87794900532,45.123756107241135,32.712140353396535,19.44912519189529,19.752630311995745
2026-04-23 07:34:10.000,3509431.76407976,779133.0879724688,5250973.461592341,-52209.57348159651,39.7421336597639,-30.21831554826349,-19.88693162915297,-17.80754984356463
2026-04-23 07:34:10.100,3509431.7279916517,779132.976868465,5250973.464270435,-52214.66355370021,39.80701144900909,-0.3608810808509588,-1.111040038522333,0.02678094431757927
2026-04-23 07:34:10.200,3509431.686178457,779132.8668181156,5250973.465786497,-52219.75642245839,39.82835659420142,-0.418131947517395,-1.1005034937988967,0.015160618349909782
2026-04-23 07:34:10.300,3509434.7084054165,779134.6618968663,5250975.284683168,-52222.18844941789,45.104054081678626,30.222269594669342,17.950787506997585,18.188966708257794
2026-04-23 07:34:10.400,3509434.7073995923,779134.5682674593,5250975.299535247,-52227.252359943624,45.131024674999324,-0.01005824189633131,-0.9362940699793398,0.1485207863152027
2026-04-23 07:34:10.500,3509434.690654961,779134.4629017374,5250975.311689555,-52232.32358334239,45.081416152207744,-0.16744631342589855,-1.0536572185810655,0.12154308147728443
2026-04-23 07:34:10.600,3509434.6773469974,779134.3566569032,5250975.333572887,-52237.39624040773,45.110802133455394,-0.13307963497936726,-1.0624483425635844,0.21883332170546055
2026-04-23 07:34:10.700,3509434.6609795853,779134.2511833493,5250975.353920024,-52242.46487806712,45.05378542912056,-0.163674121722579,-1.0547355387825519,0.2034713700413704
2026-04-23 07:34:10.800,3509434.644891218,779134.1482919799,5250975.373833634,-52247.536112899645,45.06942667380362,-0.1608836743980646,-1.028913693735376,0.19913610070943832
2026-04-23 07:34:10.900,3509434.6381829083,779134.0422758342,5250975.382726855,-52252.613189925636,45.08571225159421,-0.06708309520035982,-1.0601614566985518,0.0889322068542242
2026-04-23 07:34:11.000,3509434.6290269103,779133.9433314125,5250975.398494338,-52257.67291612366,45.10385449884187,-0.09155998006463051,-0.9894442174118012,0.15767483040690422
2026-04-23 07:34:11.100,3509434.6093853917,779133.8317600626,5250975.408389917,-52262.73730451022,45.10154711930919,-0.19641518592834473,-1.115713499020785,0.0989557895809412
2026-04-23 07:34:11.200,3509434.5996540203,779133.7328223755,5250975.422615896,-52267.80081238001,45.15039627966052,-0.0973137142136693,-0.9893768711481243,0.14225979335606098
2026-04-23 07:34:11.300,3509434.606226503,779133.66162455,5250975.44680003,-52272.864313003236,45.10913003809727,0.06572482641786337,-0.711978254839778,0.24184133857488632
2026-04-23 07:34:11.400,3509434.6004998703,779133.5702015966,5250975.458271443,-52277.92481061514,45.191488766990446,-0.05726632662117481,-0.9142295341007411,0.1147141307592392
2026-04-23 07:34:11.500,3509434.618831738,779133.4951796166,5250975.457910006,-52282.98712267657,45.20606767874996,0.18331867642700672,-0.7502197998110205,-0.0036143697798252106
2026-04-23 07:34:11.600,3509434.632658063,779133.4000841156,5250975.447135867,-52288.061191007735,45.147854561478574,0.13826325070112944,-0.950955010484904,-0.10774139314889908
2026-04-23 07:34:11.700,3509434.6255825,779133.3117266829,5250975.446017626,-52293.12945291478,45.166561553025915,-0.07075563073158264,-0.8835743262898177,-0.011182408779859543
2026-04-23 07:34:11.800,3509434.652784926,779133.2266056461,5250975.442355099,-52298.19867308653,45.19120474507717,0.27202425990253687,-0.8512103685643524,-0.03662526607513428
2026-04-23 07:34:11.900,3509434.682777394,779133.1409596467,5250975.4261252405,-52303.26708405489,45.169691985833204,0.2999246818944812,-0.8564599941018969,-0.16229858621954918
2026-04-23 07:34:12.000,3509434.7048140583,779133.0616168978,5250975.406118398,-52308.34208141802,45.17215921099139,0.22036664187908173,-0.79342748853378,-0.2000684291124344
2026-04-23 07:34:12.100,3509434.7621618365,779133.0062260655,5250975.395013715,-52313.398170734115,45.210554188299156,0.5734777823090553,-0.5539083236362785,-0.11104682460427284
2026-04-23 07:34:12.200,3509434.8141864776,779132.9275079499,5250975.361445513,-52318.47491529907,45.30870951484558,0.5202464107424021,-0.7871811557561159,-0.33568202517926693
2026-04-23 07:34:12.300,3509432.1559928283,779131.7913686857,5250974.560108765,-52325.500916653145,33.81492240023683,-26.581936492584646,-11.361392642138526,-8.013367475941777
2026-04-23 07:34:12.400,3509432.2440908654,779131.7694252,5250974.576143656,-52330.52784451034,33.86013520027161,0.8809803705662489,-0.2194348571356386,0.1603489089757204
2026-04-23 07:34:12.500,3509432.299429933,779131.7356778546,5250974.573923837,-52335.582543647026,33.81670998210349,0.553390677087009,-0.33747345325537026,-0.022198185324668884
2026-04-23 07:34:12.600,3509432.3151296447,779131.6677735002,5250974.534889232,-52340.66378144397,33.855676132681495,0.15699711628258228,-0.6790435442235321,-0.39034605026245117
2026-04-23 07:34:12.700,3509432.3369752965,779131.5925376163,5250974.474712376,-52345.76295225387,33.84686308175359,0.21845651790499687,-0.7523588393814862,-0.6017685681581497
2026-04-23 07:34:12.800,3509432.375264221,779131.518155548,5250974.420165004,-52350.85483815871,33.895763318344464,0.38288924377411604,-0.7438206824008375,-0.5454737134277821
2026-04-23 07:34:12.900,3509432.3874898166,779131.4449042841,5250974.366111657,-52355.96423216978,33.88020593359461,0.12225595768541098,-0.7325126393698156,-0.5405334755778313
2026-04-23 07:34:13.000,3509432.4476764067,779131.4101412126,5250974.33513251,-52361.03554568751,33.88752592431678,0.6018659006804228,-0.3476307145319879,-0.30979146249592304
2026-04-23 07:34:13.100,3509432.487277167,779131.3568484948,5250974.285413964,-52366.12911004936,33.98195902891037,0.3960076021030545,-0.5329271778464317,-0.4971854668110609
2026-04-23 07:34:13.200,3509432.5299223093,779131.2980818185,5250974.24794509,-52371.210379225755,33.92873147588494,0.42645142413675785,-0.587666763458401,-0.37468873895704746
2026-04-23 07:34:13.300,3509433.434750712,779131.9815582549,5250974.943973955,-52375.44299324868,39.35007541630054,9.048284026794136,6.8347643641754985,6.9602886494249105
2026-04-23 07:34:13.400,3509433.5010451996,779131.9470918762,5250974.9089971185,-52380.50630991145,39.40192663708381,0.6629448756575584,-0.34466378740035,-0.34976836293935776
2026-04-23 07:34:13.500,3509433.5589535693,779131.9196397496,5250974.862912202,-52385.58119042095,39.41251983248939,0.5790836969390512,-0.2745212661102414,-0.4608491621911526
2026-04-23 07:34:13.600,3509433.6118208673,779131.898434357,5250974.8253338635,-52390.64913036416,39.414484136395735,0.5286729801446199,-0.21205392549745739,-0.37578338757157326
2026-04-23 07:34:13.700,3509433.6740078856,779131.8876079066,5250974.774728802,-52395.71802292657,39.45379670058264,0.6218701833859086,-0.10826450423337519,-0.5060506146401167
2026-04-23 07:34:13.800,3509433.7210984705,779131.8566095602,5250974.7261775285,-52400.80156660852,39.45120027343523,0.4709058487787843,-0.30998346395790577,-0.4855127353221178
2026-04-23 07:34:13.900,3509433.7651987183,779131.8403976692,5250974.691396069,-52405.874818467266,39.522286884181185,0.4410024778917432,-0.16211890964768827,-0.3478145971894264
2026-04-23 07:34:14.000,3509433.8219702328,779131.8285643344,5250974.659448476,-52410.93695413714,39.55043225170342,0.5677151447162032,-0.11833334807306528,-0.31947593204677105
2026-04-23 07:34:14.100,3509433.8699564137,779131.8258105342,5250974.614772209,-52416.01440841839,39.5279000346686,0.4798618098720908,-0.027538002468645573,-0.44676266610622406
2026-04-23 07:34:14.200,3509433.933597959,779131.8238397044,5250974.564415373,-52421.09370436266,39.550766591282375,0.6364154536277056,-0.019708297913894057,-0.5035683605819941
2026-04-23 07:34:14.300,3509433.989036334,779131.8253094206,5250974.519184671,-52426.17590038632,39.59530655971733,0.5543837510049343,0.014697161968797445,-0.4523070156574249
2026-04-23 07:34:14.400,3509434.050061468,779131.8259074851,5250974.483213132,-52431.24129577179,39.614063695767946,0.6102513382211328,0.005980645073577762,-0.35971539095044136
2026-04-23 07:34:14.500,3509432.535409102,779131.5957677737,5250968.836168261,-52439.89345926047,38.987691895268355,-15.146523658186197,-2.301397114060819,-56.47044871002436
2026-04-23 07:34:14.600,3509434.2303187954,779131.8603520454,5250974.691377251,-52441.22272486425,40.42808258325339,16.949096932075918,2.6458427170291543,58.55208990164101
2026-04-23 07:34:14.700,3509434.296275059,779131.8700535198,5250974.683606025,-52446.28517367761,40.54271239267015,0.6595626380294561,0.0970147445332259,-0.07771226577460766
2026-04-23 07:34:14.800,3509434.3557105213,779131.8882048163,5250974.668784015,-52451.33913938456,40.59325354117524,0.5943546211346984,0.18151296419091523,-0.14822009950876236
2026-04-23 07:34:14.900,3509434.424215374,779131.9077071777,5250974.643756995,-52456.396692563096,40.63104120327658,0.685048527084291,0.19502361421473324,-0.25027019903063774
2026-04-23 07:34:15.000,3509434.479137664,779131.9392931897,5250974.609973275,-52461.46710960156,40.66903010097794,0.5492229014635086,0.3158601198811084,-0.3378371987491846
2026-04-23 07:34:15.100,3509432.8388516987,779131.7235732997,5250968.563767326,-52470.37492997661,39.083344869287465,-16.402859655208886,-2.157198899658397,-60.46205949038267
2026-04-23 07:34:15.200,3509432.900489336,779131.7577831257,5250968.526226186,-52475.44239192197,39.0838565415793,0.6163763720542192,0.3420982602983713,-0.37541139870882034
2026-04-23 07:34:15.300,3509432.963358285,779131.7997627436,5250968.478218605,-52480.51915541978,39.08600927016893,0.6286894902586937,0.419796179048717,-0.48007581382989883
2026-04-23 07:34:15.400,3509433.0082698814,779131.8455889286,5250968.447457456,-52485.59021235226,39.06215310140026,0.44911596458405256,0.4582618491258472,-0.30761148780584335
2026-04-23 07:34:15.500,3509433.036132051,779131.8871092565,5250968.407813885,-52490.67200149675,39.06083957891456,0.2786216977983713,0.4152032791171223,-0.3964357078075409
2026-04-23 07:34:15.600,3509433.094439007,779131.9385368944,5250968.351649154,-52495.751107527416,39.15010837358855,0.5830695573240519,0.5142763792537153,-0.5616473127156496
2026-04-23 07:34:15.700,3509433.139754879,779131.9940917516,5250968.326011861,-52500.811364128174,39.11386552018771,0.45315871946513653,0.555548572447151,-0.25637293234467506
2026-04-23 07:34:15.800,3509433.1767877177,779132.052047492,5250968.280091872,-52505.8864868108,39.13172896812078,0.370328389108181,0.5795574036892503,-0.459199883043766
2026-04-23 07:34:15.900,3509433.2128608837,779132.0948245917,5250968.214570539,-52510.97418827264,39.16333597024795,0.3607316594570875,0.42777099646627903,-0.6552133336663246
2026-04-23 07:34:16.000,3509433.264773808,779132.1591171047,5250968.194259783,-52516.038824505784,39.12049224792725,0.5191292427480221,0.6429251306690276,-0.2031075581908226
2026-04-23 07:34:16.100,3509433.2864051615,779132.2190396279,5250968.160351547,-52521.133644907946,39.12942314587407,0.2163135353475809,0.5992252321448177,-0.339082358404994
2026-04-23 07:34:16.200,3509433.314531831,779132.304085234,5250968.128622797,-52526.21412534147,39.116952773911194,0.28126669581979513,0.8504560601431876,-0.31728750094771385
2026-04-23 07:34:16.300,3509433.3554994636,779132.3953588299,5250968.09460361,-52531.279349163255,39.09034915879515,0.409676325507462,0.9127359592821449,-0.34019187092781067
2026-04-23 07:34:16.400,3509433.4083297206,779132.4758917419,5250968.061849726,-52536.33664081015,39.04710344587839,0.528302569873631,0.8053291204851121,-0.32753883861005306
2026-04-23 07:34:16.500,3509433.4653896177,779132.5693094565,5250967.993196134,-52541.422814465666,39.043965465866926,0.5705989710986614,0.9341771458275616,-0.686535919085145
2026-04-23 07:34:16.600,3509433.5038855616,779132.6788428951,5250967.939284924,-52546.50796217015,39.03759951221262,0.38495943881571293,1.0953343857545406,-0.5391121003776789
2026-04-23 07:34:16.700,3509433.539967237,779132.7867672999,5250967.908483238,-52551.59124254661,39.067216898338145,0.36081675440073013,1.0792440478689969,-0.30801686458289623
2026-04-23 07:34:16.800,3509433.5683573727,779132.9025780517,5250967.85189609,-52556.68224053716,39.08082414080993,0.2839013561606407,1.158107517985627,-0.56587147526443
2026-04-23 07:34:16.900,3509433.624035492,779133.0311929075,5250967.830590558,-52561.737661793944,39.02610258413996,0.5567811941727996,1.2861485581379384,-0.21305532194674015
2026-04-23 07:34:17.000,3509433.646617719,779133.1463838883,5250967.77802595,-52566.819085882344,39.05460906121325,0.22582226898521185,1.1519098083954304,-0.5256460793316364
2026-04-23 07:34:17.100,3509433.6937255426,779133.2438392263,5250967.768531181,-52571.87148436127,39.01740887633602,0.4710782365873456,0.9745533799286932,-0.09494769386947155
2026-04-23 07:34:17.200,3509433.6856986554,779133.3408581769,5250967.708163541,-52576.977158121,39.04998308758185,-0.08026887197047472,0.970189506188035,-0.603676401078701
2026-04-23 07:34:17.300,3509433.7085648403,779133.4511358216,5250967.706452974,-52582.02561088333,39.01558713844175,0.22866184823215008,1.102776447078213,-0.017105666920542717
2026-04-23 07:34:17.400,3509433.75528663,779133.5718593758,5250967.692004586,-52587.08998679102,39.00992852478523,0.4672178952023387,1.2072355416603386,-0.1444838847965002
2026-04-23 07:34:17.500,3509433.76590257,779133.679105274,5250967.660092323,-52592.1716258033,39.02917783750015,0.1061594020575285,1.0724589822348207,-0.3191226255148649
2026-04-23 07:34:17.600,3509433.79861836,779133.7936137319,5250967.64688975,-52597.23667801223,38.99230018542311,0.3271578997373581,1.1450845783110708,-0.1320257317274809
2026-04-23 07:34:17.700,3509433.804087948,779133.9071671576,5250967.622330334,-52602.30640433349,39.01577623671702,0.054695880971848965,1.1355342576280236,-0.24559415876865387
2026-04-23 07:34:17.800,3509433.8469125284,779134.027385269,5250967.590191087,-52607.36776964951,38.94843164373305,0.4282458033412695,1.202181113185361,-0.321392472833395
2026-04-23 07:34:17.900,3509433.881476141,779134.1448143296,5250967.56447535,-52612.439867672205,38.956576227504854,0.34563612658530474,1.1742906062863767,-0.2571573667228222
2026-04-23 07:34:18.000,3509433.9017711617,779134.2576033563,5250967.566914285,-52617.49978749746,38.91658379157021,0.20295020658522844,1.127890266943723,0.024389345198869705
2026-04-23 07:34:18.100,3509433.922786387,779134.370226466,5250967.545781364,-52622.5731540673,38.91549929613795,0.21015225443989038,1.126231097150594,-0.21132920868694782
2026-04-23 07:34:18.200,3509433.9405784705,779134.4924632704,5250967.529765035,-52627.63541603918,38.92365187233644,0.17792083323001862,1.222368044545874,-0.1601632870733738
2026-04-23 07:34:18.300,3509435.4519223394,779134.8396063279,5250972.788716357,-52629.32984140936,38.686982821590185,15.113438689149916,3.4714305750094354,52.589513221755624
2026-04-23 07:34:18.400,3509435.467125189,779134.9622642715,5250972.799947174,-52634.378577736505,38.69945631081416,0.15202849637717009,1.2265794351696968,0.11230817064642906
2026-04-23 07:34:18.500,3509435.488513911,779135.0825362512,5250972.822589115,-52639.417902364396,38.794627812058884,0.21388722117990255,1.202719797147438,0.22641940973699093
2026-04-23 07:34:18.600,3509435.4917416787,779135.1988492128,5250972.785221785,-52644.492681616444,38.73586186985768,0.03227767534554005,1.16312961676158,-0.3736732993274927
2026-04-23 07:34:18.700,3509435.5105563053,779135.3226902924,5250972.772821658,-52649.55168042698,38.6809751821845,0.1881462661549449,1.2384107953403145,-0.124001270160079
2026-04-23 07:34:18.800,3509435.483131144,779135.4337959643,5250972.693023143,-52654.66700705878,38.67540911384274,-0.27425161097198725,1.1110567196737975,-0.7979851495474577
2026-04-23 07:34:18.900,3509435.4832658316,779135.5532670725,5250972.682587068,-52659.73125186994,38.61857252572033,0.001346874050796032,1.1947110819164664,-0.10436075739562511
2026-04-23 07:34:19.000,3509435.5079066134,779135.6808727041,5250972.686848044,-52664.779988571245,38.635357176560824,0.24640781804919243,1.2760563159827143,0.042609767988324165
2026-04-23 07:34:19.100,3509435.5067345793,779135.7952756755,5250972.6732116435,-52669.84773224448,38.68055964911044,-0.011720340698957443,1.1440297134686261,-0.13636400923132896
2026-04-23 07:34:19.200,3509435.5321489563,779135.9176956826,5250972.686940559,-52674.89599976705,38.64732010271731,0.25414376985281706,1.2242000713013113,0.13728915713727474
2026-04-23 07:34:19.300,3509435.546520391,779136.0316630364,5250972.644239046,-52679.95874835827,38.62984777165667,0.14371434692293406,1.1396735382732004,-0.4270151350647211
2026-04-23 07:34:19.400,3509435.56480964,779136.1482652596,5250972.628927027,-52685.01149233713,38.687766724745536,0.18289248924702406,1.166022231336683,-0.15312018804252148
2026-04-23 07:34:19.500,3509435.5659130123,779136.2704928002,5250972.621855898,-52690.06967876245,38.71628130386882,0.011033723130822182,1.222275405889377,-0.0707112904638052
2026-04-23 07:34:19.600,3509435.58449017,779136.3858163302,5250972.610588833,-52695.11502649812,38.66145206824503,0.18577157519757748,1.1532353004440665,-0.11267065070569515
2026-04-23 07:34:19.700,3509435.5944596436,779136.5018148579,5250972.593201917,-52700.17630768053,38.66244721084646,0.0996947381645441,1.1599852773360908,-0.1738691609352827
2026-04-23 07:34:19.800,3509435.6257417817,779136.6194356347,5250972.567383271,-52705.229749226775,38.67855532887129,0.3128213807940483,1.176207767566666,-0.2581864595413208
2026-04-23 07:34:19.900,3509435.6302776467,779136.7324449784,5250972.536618702,-52710.29590408762,38.66535335513165,0.045358650386333466,1.1300934373866767,-0.30764568597078323
2026-04-23 07:34:20.000,3509435.6411293806,779136.8593366408,5250972.526635186,-52715.336949545366,38.62506472063111,0.10851733852177858,1.2689166236668825,-0.09983516298234463
2026-04-23 07:34:20.100,3509435.6587207983,779136.9759136417,5250972.511800581,-52720.38368614273,38.60749995601302,0.17591417767107487,1.1657700093928725,-0.14834605157375336
2026-04-23 07:34:20.200,3509435.679803945,779137.0989352836,5250972.490216152,-52725.43236497432,38.631541904870005,0.21083146799355745,1.230216418625787,-0.2158442884683609
2026-04-23 07:34:20.300,3509435.702478821,779137.2169489102,5250972.4654043615,-52730.48916998913,38.578129966271725,0.22674875799566507,1.1801362654659897,-0.24811790324747562
2026-04-23 07:34:20.400,3509435.7002656404,779137.3341275429,5250972.412266642,-52735.571980601395,38.59118339177103,-0.022131805308163166,1.1717863276135176,-0.5313771963119507
2026-04-23 07:34:20.500,3509435.7012617528,779137.4346875641,5250972.365903632,-52740.65019665715,38.60363701312736,0.009961123578250408,1.005600212374702,-0.46363010071218014
2026-04-23 07:34:20.600,3509435.690719223,779137.5439598943,5250972.331452134,-52745.72744000125,38.57067881251517,-0.10542529635131359,1.0927233018446714,-0.34451497718691826
2026-04-23 07:34:20.700,3509435.725382885,779137.6634597359,5250972.302986117,-52750.76657342626,38.51564315514608,0.3466366184875369,1.1949984158854932,-0.28466016985476017
2026-04-23 07:34:20.800,3509435.740946074,779137.7807022937,5250972.265742415,-52755.83294784945,38.4618639415696,0.15563189052045345,1.172425578115508,-0.37243702448904514
2026-04-23 07:34:20.900,3509435.7597897616,779137.9059788004,5250972.224243258,-52760.90211048554,38.40599061002339,0.1884368760511279,1.2527650664560497,-0.4149915650486946
2026-04-23 07:34:21.000,3509435.771170173,779138.0098170242,5250972.196489715,-52765.968402950566,38.404351518555465,0.11380411218851805,1.0383822384756058,-0.27753543108701706
2026-04-23 07:34:21.100,3509435.7621067883,779138.1264437177,5250972.156342181,-52771.0451353629,38.40309503030854,-0.09063384495675564,1.16626693517901,-0.40147533640265465
2026-04-23 07:34:21.200,3509435.7850700887,779138.2418108335,5250972.136223362,-52776.10128841448,38.35951278740013,0.22963300347328186,1.1536711570806801,-0.20118819549679756
2026-04-23 07:34:21.300,3509435.7820681846,779138.3605291304,5250972.117073639,-52781.16213657973,38.31486538513232,-0.030019041150808334,1.187182969879359,-0.19149722531437874
2026-04-23 07:34:21.400,3509435.783308546,779138.4806626225,5250972.099703474,-52786.23957370193,38.31940197716427,0.012403614819049835,1.2013349204789847,-0.17370165325701237
2026-04-23 07:34:21.500,3509435.7957903626,779138.59791531,5250972.062407045,-52791.310078868104,38.28907772955752,0.12481816578656435,1.1725268745794892,-0.3729642927646637
2026-04-23 07:34:21.600,3509435.798268517,779138.7362312124,5250972.0418678885,-52796.38117690606,38.25744888785811,0.024781543761491776,1.3831590244080871,-0.20539156161248684
2026-04-23 07:34:21.700,3509435.780848313,779138.8537841329,5250972.006904389,-52801.46403069633,38.2951662209952,-0.17420203890651464,1.175529204774648,-0.3496349975466728
2026-04-23 07:34:21.800,3509435.7704841946,779138.9633085268,5250972.001217484,-52806.539980543625,38.2725967344111,-0.10364118497818708,1.0952439391985536,-0.05686905235052109
2026-04-23 07:34:21.900,3509435.796805363,779139.0837052613,5250971.973366777,-52811.59251636869,38.21908431921408,0.2632116852328181,1.2039673456456512,-0.2785070613026619
2026-04-23 07:34:22.000,3509435.790965718,779139.2049897937,5250971.962075276,-52816.658244276434,38.20116517209302,-0.05839644931256771,1.2128453236073256,-0.11291501112282276
2026-04-23 07:34:22.100,3509435.788139014,779139.3022804871,5250971.937043404,-52821.73211267844,38.26792701468275,-0.02826704178005457,0.9729069343302399,-0.2503187209367752
2026-04-23 07:34:22.200,3509435.7939101635,779139.432206954,5250971.914760014,-52826.79607629722,38.25032240800455,0.05771149415522814,1.2992646684870124,-0.22283390164375305
2026-04-23 07:34:22.300,3509435.8044549515,779139.5591597742,5250971.894820534,-52831.85804313268,38.20036511761878,0.10544788092374802,1.2695282022468746,-0.199394803494215
2026-04-23 07:34:22.400,3509435.8171419995,779139.6752354191,5250971.878537691,-52836.92434023436,38.224382313252974,0.12687047943472862,1.1607564485166222,-0.16282842494547367
2026-04-23 07:34:22.500,3509435.8209217316,779139.7970659356,5250971.852618094,-52841.99958936957,38.20572188648679,0.03779732156544924,1.2183051649481058,-0.259195975959301
2026-04-23 07:34:22.600,3509435.8475805135,779139.9008469724,5250971.8407489015,-52847.047511372766,38.192284814151016,0.2665878180414438,1.0378103679977357,-0.11869192123413086
2026-04-23 07:34:22.700,3509435.82744175,779140.0027217212,5250971.8217164995,-52852.12019761874,38.21853314986699,-0.2013876335695386,1.0187474882695824,-0.19032401964068413
2026-04-23 07:34:22.800,3509435.829947572,779140.1316722048,5250971.80207631,-52857.17996403896,38.20056181580394,0.025058221071958542,1.2895048363134265,-0.19640189595520496
2026-04-23 07:34:22.900,3509435.8396387296,779140.2417570528,5250971.793891247,-52862.25045638897,38.224623350162375,0.09691157378256321,1.1008484801277518,-0.08185062557458878
2026-04-23 07:34:23.000,3509435.8502627574,779140.3497881808,5250971.784895007,-52867.30704402567,38.17509698155576,0.1062402781099081,1.0803112795110792,-0.08996240794658661
2026-04-23 07:34:23.100,3509435.8609383507,779140.4666118772,5250971.77096669,-52872.366885306954,38.19485456788381,0.1067559327930212,1.1682369641494006,-0.1392831653356552
2026-04-23 07:34:23.200,3509435.865121103,779140.5696232561,5250971.761916876,-52877.41094272723,38.19353774657963,0.041827522218227386,1.0301137890201062,-0.09049814194440842
2026-04-23 07:34:23.300,3509435.866841284,779140.6859885965,5250971.743179312,-52882.472599467554,38.221298565181144,0.017201812006533146,1.163653404219076,-0.18737563863396645
2026-04-23 07:34:23.400,3509436.3873581933,779140.6409082132,5250971.621067396,-52887.24678928984,45.198212867542814,5.205169091932476,-0.4508038330823183,-1.2211191561073065
2026-04-23 07:34:23.500,3509437.68224192,779141.3210245108,5250971.8027690705,-52891.47175782635,44.19039305354497,12.948837266303599,6.80116297560744,1.8170167412608862
2026-04-23 07:34:23.600,3509437.6448981017,779141.4543987314,5250971.790183044,-52896.56017986365,44.34430099990246,-0.37343818228691816,1.3337422057520598,-0.12586026452481747
2026-04-23 07:34:23.700,3509437.689039975,779141.5898812165,5250971.7655023625,-52901.596201335335,44.27181823169125,0.44141873251646757,1.354824851732701,-0.2468068152666092
2026-04-23 07:34:23.800,3509437.684530647,779141.7116195575,5250971.755530132,-52906.665181563236,44.31025869796919,-0.04509327933192253,1.217383409384638,-0.09972230531275272
2026-04-23 07:34:23.900,3509437.6752260313,779141.8300774425,5250971.742425635,-52911.7236340106,44.29484480551318,-0.09304615668952465,1.1845788499340415,-0.13104496523737907
2026-04-23 07:34:24.000,3509437.7154193926,779141.9465662257,5250971.724021661,-52916.75954523702,44.32598507948397,0.4019336123019457,1.1648878327105194,-0.184039743617177
2026-04-23 07:34:24.100,3509440.912445775,779141.9882094018,5250971.490188731,-52919.93217738792,51.12924797060509,31.9702638220042,0.41643176111392677,-2.338329302147031
2026-04-23 07:34:24.200,3509440.9201735584,779142.0926574098,5250971.4566245545,-52924.999405457755,51.22935568726587,0.07727783638983965,1.04448008001782,-0.3356417641043663
2026-04-23 07:34:24.300,3509435.7881091633,779141.8577107427,5250971.561682223,-52933.11712611838,38.53935452210603,-51.32064395118505,-2.3494666710030288,1.050576688721776
2026-04-23 07:34:24.400,3509435.802595972,779141.9590445071,5250971.5541291125,-52938.15356618169,38.52929164149852,0.1448680879548192,1.0133376438170671,-0.07553110830485821
2026-04-23 07:34:24.500,3509435.8309085025,779142.0803516865,5250971.542076594,-52943.190543370845,38.49063599248877,0.28312530368566513,1.2130717933177948,-0.1205251831561327
2026-04-23 07:34:24.600,3509435.8488607435,779142.1975405768,5250971.525510458,-52948.22278482729,38.50380336965941,0.17952241003513336,1.1718889034818858,-0.16566135920584202
2026-04-23 07:34:24.700,3509434.0682423525,779140.8396050547,5250969.976532647,-52955.03860919477,34.21263343549953,-17.806183909997344,-13.579355221008882,-15.489778108894825
2026-04-23 07:34:24.800,3509434.0580943204,779140.9802155554,5250969.968065284,-52960.085555222584,34.214613501558084,-0.1014803210273385,1.406105007044971,-0.08467363193631172
2026-04-23 07:34:24.900,3509434.058521322,779141.0945338153,5250969.936459915,-52965.14770883783,34.23187678391938,0.004270016215741634,1.143182598752901,-0.316053694114089
2026-04-23 07:34:25.000,3509434.058986629,779141.2152439363,5250969.934818018,-52970.201777896684,34.24680206483149,0.004653069190680981,1.2071012100204825,-0.01641896553337574
2026-04-23 07:34:25.100,3509434.058921935,779141.3287449746,5250969.925744838,-52975.25666668348,34.21853618347849,-0.0006469385698437691,1.1350103828590363,-0.0907318014651537
2026-04-23 07:34:25.200,3509434.063828782,779141.4285347249,5250969.901697384,-52980.310021524674,34.25293635051172,0.04906847141683102,0.9978975029662251,-0.2404745388776064
2026-04-23 07:34:25.300,3509434.0704344497,779141.5379238086,5250969.885849718,-52985.35316786409,34.24812435829619,0.06605667527765036,1.0938908369280398,-0.15847666189074516
2026-04-23 07:34:25.400,3509434.088778345,779141.6477447693,5250969.863545065,-52990.39761484946,34.23536204534184,0.18343895208090544,1.0982096078805625,-0.2230465319007635
2026-04-23 07:34:25.500,3509434.107856605,779141.7621967501,5250969.843780865,-52995.43663926727,34.20468075493502,0.1907826028764248,1.144519808003679,-0.1976419985294342
2026-04-23 07:34:25.600,3509434.105279823,779141.8733906501,5250969.8388773175,-53000.480160671694,34.240136280423044,-0.025767823681235313,1.111938999965787,-0.04903547465801239
2026-04-23 07:34:25.700,3509434.1318198442,779142.0081525554,5250969.8430987345,-53005.50548931029,34.24793704027648,0.26540021412074566,1.3476190529763699,0.04221417009830475
2026-04-23 07:34:25.800,3509434.1561691533,779142.129910235,5250969.816082471,-53010.546540840594,34.20031570191531,0.24349309038370848,1.2175767950247973,-0.2701626345515251
2026-04-23 07:34:25.900,3509434.1485660556,779142.2641086567,5250969.811267709,-53015.591722836805,34.17549260843454,-0.07603097707033157,1.3419842172879726,-0.048147616907954216
2026-04-23 07:34:26.000,3509434.1737486077,779142.3727388071,5250969.802670766,-53020.62293827394,34.15902845171487,0.2518255217000842,1.08630150440149,-0.08596943691372871
2026-04-23 07:34:26.100,3509434.1943230587,779142.4948472272,5250969.793172974,-53025.66372625253,34.158031191701966,0.20574450958520174,1.2210842012427747,-0.09497791528701782
2026-04-23 07:34:26.200,3509434.2078628433,779142.6186533013,5250969.789550943,-53030.71065781909,34.197725406803684,0.13539784587919712,1.238060740288347,-0.036220308393239975
2026-04-23 07:34:26.300,3509434.213969718,779142.7345442006,5250969.785924225,-53035.757220250896,34.19918189819132,0.06106874905526638,1.1589089932385832,-0.03626718185842037
2026-04-23 07:34:26.400,3509434.2141303727,779142.8655023477,5250969.764416533,-53040.80738170074,34.18787401915264,0.0016065454110503197,1.3095814711414278,-0.21507692523300648
2026-04-23 07:34:26.500,3509434.2245856663,779142.989922884,5250969.768316553,-53045.85289483491,34.148531770640844,0.10455293580889702,1.2442053633276373,0.03900020383298397
2026-04-23 07:34:26.600,3509434.2350906706,779143.1057705424,5250969.747425812,-53050.908834186645,34.17874080515846,0.10505004320293665,1.158476583659649,-0.20890740677714348
2026-04-23 07:34:26.700,3509434.236370363,779143.2232669205,5250969.751266652,-53055.96116479302,34.19403262578417,0.012796921655535698,1.1749637813773006,0.038408394902944565
2026-04-23 07:34:26.800,3509434.24385156,779143.3310481205,5250969.738456908,-53061.00789923351,34.157910488453204,0.07481197360903025,1.0778119997121394,-0.12809744104743004
2026-04-23 07:34:26.900,3509434.267223788,779143.4396885019,5250969.712211892,-53066.05592878583,34.17494099000824,0.23372227791696787,1.0864038136787713,-0.26245015673339367
2026-04-23 07:34:27.000,3509434.252175572,779143.5527965538,5250969.708444855,-53071.10877493337,34.16207923966563,-0.15048216097056866,1.1310805194079876,-0.03767036832869053
2026-04-23 07:34:27.100,3509434.2661855007,779143.6692245487,5250969.698676884,-53076.14295213393,34.16947861100687,0.14009928796440363,1.1642799491528422,-0.09767971001565456
2026-04-23 07:34:27.200,3509434.2692341595,779143.7828721113,5250969.686937153,-53081.18439022227,34.18881982572952,0.03048658836632967,1.1364756256807595,-0.11739730834960938
2026-04-23 07:34:27.300,3509434.2777232104,779143.9039786851,5250969.661089112,-53086.23729966967,34.19031298740913,0.08489050902426243,1.2110657384619117,-0.2584804128855467
2026-04-23 07:34:27.400,3509434.269238975,779144.0326118362,5250969.637545253,-53091.29897897486,34.20971436917852,-0.08484235499054193,1.2863315106369555,-0.23543858900666237
2026-04-23 07:34:27.500,3509434.2608007654,779144.1568105508,5250969.6220674105,-53096.35237665961,34.22871426398276,-0.08438209537416697,1.2419871462043375,-0.15477842651307583
2026-04-23 07:34:27.600,3509434.248724915,779144.275020128,5250969.62941386,-53101.39749318597,34.25337007751594,-0.12075850274413824,1.1820957716554403,0.07346449419856071
2026-04-23 07:34:27.700,3509434.241159989,779144.3776349789,5250969.592897617,-53106.46040273333,34.23557333789382,-0.0756492605432868,1.026148508535698,-0.36516242660582066
2026-04-23 07:34:27.800,3509434.258422061,779144.4783888209,5250969.5499338005,-53111.510295602486,34.21838478532733,0.17262071836739779,1.0075384203810245,-0.4296381678432226
2026-04-23 07:34:27.900,3509434.248797773,779144.5998381499,5250969.540743953,-53116.55685036586,34.25066577181806,-0.09624287951737642,1.214493289589882,-0.09189847856760025
2026-04-23 07:34:28.000,3509434.2367832772,779144.6997848965,5250969.50910894,-53121.61250207887,34.28356918402342,-0.12014495674520731,0.9994674660265446,-0.3163501247763634
2026-04-23 07:34:28.100,3509434.233724286,779144.8149003391,5250969.51360222,-53126.6578923745,34.30304086425124,-0.030589913949370384,1.1511544266249985,0.04493280313909054
2026-04-23 07:34:28.200,3509434.2383956388,779144.902877678,5250969.483319301,-53131.72309547986,34.31568441064437,0.04671352915465832,0.8797733893152326,-0.3028291929513216
2026-04-23 07:34:28.300,3509434.253973975,779144.9962147283,5250969.449051224,-53136.771432038324,34.343548468436225,0.15578336082398891,0.9333705028984696,-0.34268077462911606
2026-04-23 07:34:28.400,3509434.2542858534,779145.1005213506,5250969.416794241,-53141.83616958665,34.384528924485096,0.003118785098195076,1.0430662229191512,-0.32256982289254665
2026-04-23 07:34:28.500,3509434.255183962,779145.2148681373,5250969.392849614,-53146.89313040191,34.388868625693995,0.008981088176369667,1.1434678663499653,-0.2394462749361992
2026-04-23 07:34:28.600,3509434.2543281727,779145.3341035655,5250969.361974731,-53151.95346257104,34.392448840781626,-0.008557895198464394,1.1923542828299105,-0.3087488282471895
2026-04-23 07:34:28.700,3509434.2546049813,779145.4483900791,5250969.343914845,-53157.007273456424,34.425831604725666,0.0027680862694978714,1.1428651353344321,-0.18059886060655117
2026-04-23 07:34:28.800,3509434.265471933,779145.5537816784,5250969.31711734,-53162.07195786632,34.41827914777738,0.10866951663047075,1.0539159935433418,-0.2679750509560108
2026-04-23 07:34:28.900,3509434.2738907114,779145.653611846,5250969.274626059,-53167.13996304783,34.478522079852816,0.08418778423219919,0.9983016760088503,-0.4249128047376871
2026-04-23 07:34:29.000,3509434.261881741,779145.7653725173,5250969.2564266,-53172.20785598063,34.478889646112506,-0.12008970137685537,1.1176067125052214,-0.1819945964962244
2026-04-23 07:34:29.100,3509434.2753077894,779145.8676358239,5250969.2229752615,-53177.26960626604,34.495408164764015,0.1342604821547866,1.022633066168055,-0.33451338298618793
2026-04-23 07:34:29.200,3509434.2757539144,779145.9779678317,5250969.201262717,-53182.331908776294,34.50851634701525,0.004461249336600304,1.1033200775273144,-0.2171254437416792
2026-04-23 07:34:29.300,3509434.2825279688,779146.0942578854,5250969.173020133,-53187.38408380066,34.55295056914455,0.06774054374545813,1.1629005370195955,-0.2824258431792259
2026-04-23 07:34:29.400,3509434.3015540186,779146.2027356541,5250969.151100076,-53192.43837345265,34.58996721903282,0.19026049878448248,1.0847776872105896,-0.21920057013630867
2026-04-23 07:34:29.500,3509434.3057274,779146.3170276588,5250969.128178053,-53197.49171213653,34.55524768661569,0.04173381254076958,1.1429200472775847,-0.22922023199498653
2026-04-23 07:34:29.600,3509434.2943712813,779146.4224619488,5250969.10728382,-53202.5449543815,34.58681047694038,-0.11356118600815535,1.0543429001700133,-0.2089423220604658
2026-04-23 07:34:29.700,3509434.292044531,779146.5252342483,5250969.093042189,-53207.58883770243,34.62528007463162,-0.023267501965165138,1.0277229943312705,-0.14241631142795086
2026-04-23 07:34:29.800,3509434.3200456062,779146.6367106993,5250969.07277576,-53212.61774136293,34.61617381338138,0.2800107514485717,1.1147645104210824,-0.20266429521143436
2026-04-23 07:34:29.900,3509434.3245726684,779146.758497473,5250969.042600651,-53217.672248295996,34.62550106178293,0.04527062177658081,1.2178677367046475,-0.301751084625721
2026-04-23 07:34:30.000,3509434.3168009436,779146.8801348909,5250969.012767776,-53222.73358499345,34.60451303381997,-0.07771724835038185,1.2163741793483496,-0.2983287535607815
2026-04-23 07:34:30.100,3509434.3264505174,779146.9977517587,5250968.994081516,-53227.7799837705,34.676555591925116,0.0964957382529974,1.176168677629903,-0.18686260096728802
2026-04-23 07:34:30.200,3509434.3348015943,779147.1167848341,5250968.974833709,-53232.81995334768,34.71090774979963,0.08351076859980822,1.1903307540342212,-0.19247806631028652
2026-04-23 07:34:30.300,3509434.3400399354,779147.227723597,5250968.940036964,-53237.87768929104,34.686745091065774,0.052383411675691605,1.1093876289669424,-0.34796745516359806
2026-04-23 07:34:30.400,3509434.3322877646,779147.3447455944,5250968.927487602,-53242.930458261915,34.71636315869261,-0.07752170786261559,1.170219974592328,-0.1254936121404171
2026-04-23 07:34:30.500,3509434.3448052895,779147.4632543433,5250968.918311755,-53247.96783961121,34.723101277510324,0.12517524883151054,1.185087488265708,-0.0917584728449583
2026-04-23 07:34:30.600,3509434.3430724065,779147.5759050811,5250968.892569452,-53253.02116060403,34.79573770469846,-0.017328830435872078,1.1265073786489666,-0.257423035800457
2026-04-23 07:34:30.700,3509434.3483540337,779147.6875816856,5250968.874507958,-53258.07336956622,34.781144839411176,0.05281627178192139,1.116766044870019,-0.18061493523418903
2026-04-23 07:34:30.800,3509434.349163057,779147.8014523281,5250968.837678483,-53263.13703224928,34.83543195262934,0.008090231567621231,1.1387064249720424,-0.36829475313425064
2026-04-23 07:34:30.900,3509434.34023826,779147.9187164963,5250968.834463224,-53268.18169518463,34.82623862758757,-0.08924796711653471,1.1726416822057217,-0.03215258941054344
2026-04-23 07:34:31.000,3509434.3424881897,779148.0278714132,5250968.813812986,-53273.24335847427,34.817847754354055,0.022499295882880688,1.0915491683408618,-0.20650237798690796
2026-04-23 07:34:31.100,3509434.327847399,779148.1423833041,5250968.805404014,-53278.29336466449,34.89540474040005,-0.1464079087600112,1.1451189091894776,-0.08408972062170506
2026-04-23 07:34:31.200,3509434.349339232,779148.2571348931,5250968.804260509,-53283.328109221984,34.87450202673287,0.2149183303117752,1.1475158901885152,-0.011435048654675484
2026-04-23 07:34:31.300,3509434.327437614,779148.3736017018,5250968.773193542,-53288.400305061194,34.88094587194612,-0.21901617757976055,1.164668087149039,-0.3106696717441082
2026-04-23 07:34:31.400,3509434.318498157,779148.4846339236,5250968.730455943,-53293.46068417109,34.90504101273914,-0.0893945712596178,1.1103222181554884,-0.4273759853094816
2026-04-23 07:34:31.500,3509434.327989588,779148.5967595779,5250968.723283572,-53298.4921300899,34.86239957411457,0.09491431061178446,1.121256542392075,-0.07172371260821819
2026-04-23 07:34:31.600,3509434.3209929527,779148.6975332331,5250968.688914267,-53303.55003464834,34.87214827402469,-0.06996635347604752,1.0077365522738546,-0.3436930477619171
2026-04-23 07:34:31.700,3509434.3219749834,779148.8056891611,5250968.675922156,-53308.59242316877,34.92880796321676,0.009820307604968548,1.0815592797007412,-0.12992111034691334
2026-04-23 07:34:31.800,3509434.3241422363,779148.9384314547,5250968.675873051,-53313.63077646022,34.917570921908656,0.021672528237104416,1.3274229364469647,-0.0004910491406917572
2026-04-23 07:34:31.900,3509434.3207792826,779149.0573779166,5250968.636979553,-53318.683509055154,34.88720717943591,-0.033629536628723145,1.189464619383216,-0.38893498480319977
2026-04-23 07:34:32.000,3509434.30893935,779149.1707685617,5250968.594416084,-53323.739180087934,34.88918128265542,-0.11839932762086391,1.1339064501225948,-0.42563469149172306
2026-04-23 07:34:32.100,3509434.313870114,779149.2722169543,5250968.574879217,-53328.786851073615,34.9138932255908,0.049307639710605145,1.0144839261192828,-0.19536866806447506
2026-04-23 07:34:32.200,3509434.3091842015,779149.3707203855,5250968.562599259,-53333.82908573497,34.91026750270305,-0.046859122812747955,0.9850343118887395,-0.1227995753288269
2026-04-23 07:34:32.300,3509434.3135432326,779149.4926501332,5250968.557146262,-53338.86302763867,34.90951453452602,0.04359031096100807,1.2192974775098264,-0.05452997051179409
2026-04-23 07:34:32.400,3509434.289912432,779149.6177426552,5250968.554264352,-53343.908672015175,34.95398997468708,-0.23630800656974316,1.2509252200834453,-0.02881910651922226
2026-04-23 07:34:32.500,3509434.2998488294,779149.7432013225,5250968.520529362,-53348.95218518846,34.90589892380215,0.09936397429555655,1.2545866728760302,-0.3373498935252428
2026-04-23 07:34:32.600,3509434.2944827527,779149.8677371375,5250968.500011938,-53354.00139849129,34.885448205483364,-0.053660767152905464,1.2453581497538835,-0.20517424680292606
2026-04-23 07:34:32.700,3509434.430501687,779149.8490771839,5250968.370664866,-53358.998958570875,40.5651046370763,1.3601893419399858,-0.18659953610040247,-1.2934707198292017
2026-04-23 07:34:32.800,3509434.3174150605,779150.084525495,5250968.463165958,-53364.07205106863,34.89013358789487,-1.1308662639930844,2.354483110830188,0.9250109270215034
2026-04-23 07:34:32.900,3509434.2979368637,779150.2019239988,5250968.455446526,-53369.10963422225,34.879306296950716,-0.19478196743875742,1.1739850381854922,-0.077194320037961
2026-04-23 07:34:33.000,3509434.301645256,779150.3256728534,5250968.445290954,-53374.141598084054,34.877281269525106,0.03708392381668091,1.2374885461758822,-0.10155572555959225
2026-04-23 07:34:33.100,3509434.4225028604,779150.3034397723,5250968.302237649,-53379.16522306465,40.660635244356335,1.2085760431364179,-0.22233081050217152,-1.430533044040203
2026-04-23 07:34:33.200,3509434.4286366594,779150.4243455972,5250968.289824096,-53384.20037088264,40.665208265492886,0.06133798975497484,1.2090582482051104,-0.12413553893566132
2026-04-23 07:34:33.300,3509434.4253525906,779150.5415110226,5250968.2747212695,-53389.243685998685,40.63597842323327,-0.03284068778157234,1.171654254430905,-0.15102826058864594
2026-04-23 07:34:33.400,3509434.404461999,779150.6596284237,5250968.261114568,-53394.28698420826,40.61388377205729,-0.2089059166610241,1.1811740114353597,-0.1360670104622841
2026-04-23 07:34:33.500,3509434.3986182963,779150.7739397506,5250968.258901188,-53399.32302377956,40.63986569820646,-0.05843702703714371,1.1431132687721401,-0.022133802995085716
2026-04-23 07:34:33.600,3509434.397995174,779150.8898700883,5250968.247218747,-53404.353668045995,40.61066780654755,-0.0062312232330441475,1.159303376916796,-0.11682441458106041
2026-04-23 07:34:33.700,3509434.4042222025,779150.9998944823,5250968.222288578,-53409.39472477721,40.62730817997201,0.062270285561680794,1.1002439400181174,-0.24930168874561787
2026-04-23 07:34:33.800,3509434.4043486617,779151.1207612586,5250968.224695814,-53414.434307161544,40.59853906868241,0.0012645917013287544,1.2086677632760257,0.02407236024737358
2026-04-23 07:34:33.900,3509434.3911728524,779151.2382327472,5250968.2090608375,-53419.476602252675,40.59502881298291,-0.13175809290260077,1.1747148854192346,-0.1563497632741928
2026-04-23 07:34:34.000,3509434.3813666697,779151.3426364181,5250968.184013977,-53424.5367521383,40.61972543649374,-0.09806182701140642,1.0440367087721825,-0.2504686079919338
2026-04-23 07:34:34.100,3509434.385059331,779151.4589070365,5250968.1784651745,-53429.58004921926,40.624486218584785,0.03692661412060261,1.1627061839681119,-0.05548802204430103
2026-04-23 07:34:34.200,3509434.374772533,779151.5870392981,5250968.176197676,-53434.626862849305,40.619992468102275,-0.10286798235028982,1.2813226168509573,-0.022674985229969025
2026-04-23 07:34:34.300,3509434.366776152,779151.7118350115,5250968.159483842,-53439.66911427326,40.63485449185114,-0.07996380794793367,1.247957133455202,-0.1671383436769247
2026-04-23 07:34:34.400,3509434.3707072455,779151.8316530448,5250968.148037885,-53444.7114041546,40.643052830567264,0.03931093495339155,1.198180333012715,-0.1144595630466938
2026-04-23 07:34:34.500,3509434.368202806,779151.9520367202,5250968.146314078,-53449.746376425894,40.68878053157221,-0.025044395588338375,1.2038367544300854,-0.0172380730509758
2026-04-23 07:34:34.600,3509434.367590039,779152.0732813623,5250968.137324965,-53454.78195617414,40.732249435245144,-0.0061276694759726524,1.2124464206863195,-0.08989113382995129
2026-04-23 07:34:34.700,3509432.790385768,779152.4522944771,5250962.838842068,-53463.27758832773,40.469651657074536,-15.772042712196708,3.790131148416549,-52.98482896760106
2026-04-23 07:34:34.800,3509434.45281621,779152.2911452942,5250968.446245825,-53464.65367806775,41.77863551426983,16.62430442404002,-1.6114918293897063,56.074037570506334
2026-04-23 07:34:34.900,3509432.788492868,779152.6848386254,5250962.779633421,-53473.37306029718,40.47248519449332,-16.643233420327306,3.9369333116337657,-56.666124034672976
2026-04-23 07:34:35.000,3509432.7816471076,779152.8126198238,5250962.780274103,-53478.40722719005,40.414185434066226,-0.06845760624855757,1.277811984764412,0.006406819447875023
2026-04-23 07:34:35.100,3509432.8053035266,779152.9154701314,5250962.734845879,-53483.45350360004,40.45584210970865,0.2365641901269555,1.0285030759405345,-0.45428224839270115
2026-04-23 07:34:35.200,3509432.831019041,779153.0288189374,5250962.707794893,-53488.490917522875,40.374312761510865,0.25715514551848173,1.133488059276715,-0.270509859547019
2026-04-23 07:34:35.300,3509432.8595357924,779153.1325883806,5250962.69024316,-53493.520779045306,40.327462887003406,0.2851675124838948,1.0376944323070347,-0.17551732249557972
2026-04-23 07:34:35.400,3509432.843771955,779153.2468183917,5250962.664558557,-53498.5755095997,40.29364484030561,-0.1576383737847209,1.1423001112416387,-0.256846034899354
2026-04-23 07:34:35.500,3509433.2588296207,779153.1927508077,5250962.5256167585,-53503.42488259961,50.21396709415584,4.150576656684279,-0.5406758398748934,-1.3894179835915565
2026-04-23 07:34:35.600,3509433.2691046186,779153.3052866915,5250962.505196284,-53508.46285901897,50.159779014912445,0.10274997912347317,1.1253588378895074,-0.2042047493159771
2026-04-23 07:34:35.700,3509433.259852743,779153.4111978904,5250962.476358661,-53513.525801241514,50.133745135057026,-0.09251875802874565,1.059111988870427,-0.2883762214332819
2026-04-23 07:34:35.800,3509433.2662809226,779153.5263144424,5250962.4425433185,-53518.583162846066,50.14530742880163,0.06428179796785116,1.1511655198410153,-0.3381534293293953
2026-04-23 07:34:35.900,3509433.259584327,779153.629635631,5250962.446532587,-53523.6218046511,50.125962873984754,-0.06696595344692469,1.0332118859514594,0.03989268094301224
2026-04-23 07:34:36.000,3509433.2657954935,779153.7363288442,5250962.406214621,-53528.67786293703,50.20041680145472,0.062111662700772285,1.0669321322347969,-0.403179656714201
2026-04-23 07:34:36.100,3509433.2783537554,779153.8448654284,5250962.3876680145,-53533.72675434508,50.18081675363337,0.1255826186388731,1.085365841863677,-0.18546606414020061
2026-04-23 07:34:36.200,3509433.284607383,779153.9592513723,5250962.363233219,-53538.77001347935,50.1835422386271,0.06253627594560385,1.143859438598156,-0.2443479560315609
2026-04-23 07:34:36.300,3509434.8550511696,779153.9067948604,5250967.2593742255,-53540.55493774281,39.65324251816843,15.704437866806984,-0.524565118830651,48.961410066112876
2026-04-23 07:34:36.400,3509434.8369320943,779154.0493520304,5250967.247420873,-53545.60834923381,39.61100421112976,-0.1811907533556223,1.425571700092405,-0.11953352950513363
2026-04-23 07:34:36.500,3509434.8280798616,779154.1848404082,5250967.247638503,-53550.667827458245,39.62245727362838,-0.08852232713252306,1.3548837776761502,0.002176305279135704
2026-04-23 07:34:36.600,3509434.828767368,779154.3095169555,5250967.255380654,-53555.71438803646,39.739997268978634,0.00687506515532732,1.2467654736246914,0.0774215068668127
2026-04-23 07:34:36.700,3509434.8329305104,779154.4302927869,5250967.257156189,-53560.75917531917,39.81399807172339,0.04163142293691635,1.2077583139762282,0.01775534823536873
2026-04-23 07:34:36.800,3509434.830284463,779154.5550081886,5250967.256698379,-53565.80103917655,39.80096129714748,-0.026460476219654083,1.247154016746208,-0.004578093066811562
2026-04-23 07:34:36.900,3509434.8451309926,779154.6691263515,5250967.255434611,-53570.84571345452,39.8407359068641,0.14846529811620712,1.1411816289182752,-0.012637684121727943
2026-04-23 07:34:37.000,3509434.8606754076,779154.7834523572,5250967.247156803,-53575.8881456159,39.87846555947028,0.1554441498592496,1.1432600568514317,-0.0827780831605196
2026-04-23 07:34:37.100,3509434.8816999695,779154.8957279345,5250967.251440876,-53580.9255887428,39.894946185804734,0.2102456195279956,1.1227557738311589,0.042840735986828804
2026-04-23 07:34:37.200,3509434.889429494,779155.0025195538,5250967.25476455,-53585.969172252255,39.92800088180335,0.07729524280875921,1.0679161921143532,0.03323674201965332
2026-04-23 07:34:37.300,3509434.90289637,779155.1077637336,5250967.232291796,-53591.017333158954,39.98307329640498,0.1346687600016594,1.05244179838337,-0.2247275412082672
2026-04-23 07:34:37.400,3509434.921925142,779155.2098770504,5250967.226068855,-53596.054001084914,39.985509164603265,0.1902877213433385,1.021133167669177,-0.06222940981388092
2026-04-23 07:34:37.500,3509434.9406087114,779155.3277604732,5250967.215250093,-53601.08489776061,40.00264356484106,0.18683569505810738,1.1788342287763953,-0.10818762704730034
2026-04-23 07:34:37.600,3509434.9458252955,779155.4387682838,5250967.191461853,-53606.13454732855,40.02754952607425,0.05216584075242281,1.1100781057029963,-0.23788239806890488
2026-04-23 07:34:37.700,3509434.951052516,779155.5492307573,5250967.168150618,-53611.18952626092,40.05088625432955,0.05227220244705677,1.1046247347258031,-0.23311235010623932
2026-04-23 07:34:37.800,3509434.950398357,779155.6572547696,5250967.154343297,-53616.239087350834,40.07186034217029,-0.006541586481034756,1.080240122973919,-0.13807320967316628
2026-04-23 07:34:37.900,3509434.965900558,779155.7683665669,5250967.129468017,-53621.26584071543,40.04894194270837,0.15502200927585363,1.11111797275953,-0.24875279515981674
2026-04-23 07:34:38.000,3509434.9813697753,779155.871564494,5250967.100147809,-53626.29672760053,40.07657280679137,0.15469217207282782,1.03197927121073,-0.29320208355784416
2026-04-23 07:34:38.100,3509434.9846790037,779155.9793103514,5250967.09190582,-53631.334880634495,40.10338034900048,0.03309228457510471,1.077458574436605,-0.08241988718509674
2026-04-23 07:34:38.200,3509434.987367685,779156.1017860177,5250967.0691229245,-53636.36448599007,40.113715734843616,0.026886812411248684,1.2247566622681916,-0.2278289571404457
2026-04-23 07:34:38.300,3509434.9877450867,779156.2068947948,5250967.039341142,-53641.407468429716,40.07639288541883,0.003774017095565796,1.051087771775201,-0.2978178206831217
2026-04-23 07:34:38.400,3509434.994336188,779156.3236685196,5250967.01257365,-53646.43944915822,40.114502028374545,0.06591101177036762,1.1677372478879988,-0.26767492294311523
2026-04-23 07:34:38.500,3509435.0096231746,779156.4420665717,5250966.973621528,-53651.46810867307,40.07649209369449,0.15286986716091633,1.1839805205818266,-0.389521224424243
2026-04-23 07:34:38.600,3509435.0113726445,779156.5428687949,5250966.938478409,-53656.50599002171,40.1071713669507,0.017494698986411095,1.0080222319811583,-0.3514311835169792
2026-04-23 07:34:38.700,3509435.0228520012,779156.6514120079,5250966.947155929,-53661.523094700926,40.121249032703716,0.11479356791824102,1.0854321299120784,0.08677519857883453
2026-04-23 07:34:38.800,3509435.0155957807,779156.7505305327,5250966.923763501,-53666.557548614495,40.068523864971624,-0.07256220560520887,0.9911852481309325,-0.2339242771267891
2026-04-23 07:34:38.900,3509435.0283655077,779156.8513890447,5250966.902250944,-53671.57685690678,40.11836304764078,0.12769727036356926,1.0085851198527962,-0.2151255775243044
2026-04-23 07:34:39.000,3509435.0489853066,779156.9525119803,5250966.874622606,-53676.5976413866,40.12679277618357,0.2061979891732335,1.0112293565180153,-0.2762833796441555
2026-04-23 07:34:39.100,3509435.057859903,779157.059142956,5250966.852689384,-53681.61898397325,40.103287771271475,0.08874596562236547,1.0663097572978586,-0.21933222189545631
2026-04-23 07:34:39.200,3509435.063942534,779157.1648619284,5250966.813739547,-53686.64490309996,40.1272952936716,0.06082630716264248,1.0571897239424288,-0.3894983697682619
2026-04-23 07:34:39.300,3509435.0717103467,779157.2729514019,5250966.8172133565,-53691.64903673058,40.15017848210821,0.07767812814563513,1.0808947344776243,0.034738099202513695
2026-04-23 07:34:39.400,3509435.0676881233,779157.3816052865,5250966.769676996,-53696.694478818536,40.19230132530328,-0.0402222340926528,1.0865388461388648,-0.4753636009991169
2026-04-23 07:34:39.500,3509435.0727738175,779157.4993818675,5250966.753294301,-53701.72576358304,40.221935323069154,0.050856941379606724,1.1777658096980304,-0.1638269517570734
2026-04-23 07:34:39.600,3509435.077112944,779157.6014144437,5250966.724878264,-53706.75888178061,40.23789324333324,0.04339126404374838,1.020325762219727,-0.2841603755950928
2026-04-23 07:34:39.700,3509435.0774178994,779157.7169715649,5250966.699875634,-53711.78319253486,40.252299573787404,0.0030495552346110344,1.1555712122935802,-0.2500262949615717
2026-04-23 07:34:39.800,3509435.0731013874,779157.8189971187,5250966.686913734,-53716.79825552009,40.280722819450155,-0.04316512029618025,1.0202555381692946,-0.12961899861693382
2026-04-23 07:34:39.900,3509435.0766065866,779157.9198794154,5250966.657206236,-53721.8295574727,40.305455869583135,0.035051992163062096,1.0088229668326676,-0.2970749791711569
2026-04-23 07:34:40.000,3509435.0819863556,779158.0352892429,5250966.641631334,-53726.845168381995,40.28902063036707,0.05379769019782543,1.1540982744190842,-0.15574902296066284
2026-04-23 07:34:40.100,3509435.0890723793,779158.1351921092,5250966.624474233,-53731.867527761104,40.274132764947645,0.07086023688316345,0.9990286629181355,-0.17157101072371006
2026-04-23 07:34:40.200,3509435.0865701856,779158.2334077639,5250966.565610483,-53736.91174376348,40.246659718917165,-0.025021936744451523,0.9821565472520888,-0.5886374972760677
2026-04-23 07:34:40.300,3509435.5152004506,779158.0232316809,5250966.241829328,-53741.79427066591,48.07194279345051,4.2863026494160295,-2.1017608302645385,-3.2378115504980087
2026-04-23 07:34:40.400,3509435.5242637047,779158.1336116133,5250966.1883166935,-53746.82202821877,48.11871918018544,0.09063254110515118,1.1037993244826794,-0.5351263470947742
2026-04-23 07:34:40.500,3509435.523348784,779158.2537809482,5250966.178945397,-53751.824712419315,48.09276722023174,-0.00914920587092638,1.2016933492850512,-0.09371296502649784
2026-04-23 07:34:40.600,3509435.5416556224,779158.3531232559,5250966.153237405,-53756.846475725346,48.115630759049964,0.1830683834850788,0.9934230765793473,-0.25707991793751717
2026-04-23 07:34:40.700,3509435.547637796,779158.4633486603,5250966.10504563,-53761.87183089071,48.06152915326167,0.05982173606753349,1.1022540437988937,-0.4819177556782961
2026-04-23 07:34:40.800,3509435.55600576,779158.5693445835,5250966.076725911,-53766.88901194497,48.0654727423914,0.08367964066565037,1.0599592328071594,-0.28319718316197395
2026-04-23 07:34:40.900,3509435.571486946,779158.6746968454,5250966.057257458,-53771.89779834307,48.12829030689939,0.15481186099350452,1.053522618021816,-0.19468453712761402
2026-04-23 07:34:41.000,3509435.5717810527,779158.792503213,5250966.020720804,-53776.918094496454,48.14169367587862,0.0029410654678940773,1.178063676925376,-0.3653665352612734
2026-04-23 07:34:41.100,3509435.5858604237,779158.9078525791,5250965.980318843,-53781.93627889211,48.115166811463936,0.14079371001571417,1.153493660967797,-0.4040196072310209
2026-04-23 07:34:41.200,3509435.596304822,779159.0179776695,5250965.947516012,-53786.948371375845,48.142669368911875,0.10444398038089275,1.10125090344809,-0.3280283138155937
2026-04-23 07:34:41.300,3509435.6055868394,779159.1398134716,5250965.915424426,-53791.97007860735,48.10093870956183,0.09282017592340708,1.218358020996675,-0.3209158591926098
2026-04-23 07:34:41.400,3509435.6256746682,779159.2422177796,5250965.852762931,-53797.00426963417,48.07628438176742,0.20087828859686852,1.0240430803969502,-0.6266149505972862
2026-04-23 07:34:41.500,3509435.6573238345,779159.3155111723,5250965.827569952,-53802.02341015726,48.0964051714932,0.31649166252464056,0.7329339266289026,-0.2519297879189253
2026-04-23 07:34:41.600,3509435.700903218,779159.3731780911,5250965.783617681,-53807.04369902717,48.06998885887356,0.4357938328757882,0.5766691884491593,-0.43952271342277527
2026-04-23 07:34:41.700,3509435.7257064953,779159.430377431,5250965.740539283,-53812.06164214587,48.1648431477467,0.2480327757075429,0.5719933984801173,-0.4307839833199978
2026-04-23 07:34:41.800,3509435.7548826705,779159.4815729739,5250965.698011989,-53817.07903199732,48.191252405086985,0.29176175128668547,0.5119554291013628,-0.42527293786406517
2026-04-23 07:34:41.900,3509435.7906855275,779159.5536580838,5250965.6466911035,-53822.100362048324,48.23360437733389,0.35802857019007206,0.7208510988857597,-0.5132088530808687
2026-04-23 07:34:42.000,3509435.832965941,779159.6266537812,5250965.606840546,-53827.11064817505,48.22267910442483,0.42280413676053286,0.7299569738097489,-0.3985055722296238
2026-04-23 07:34:42.100,3509435.8889426338,779159.687227284,5250965.555626137,-53832.12967395717,48.19540856797147,0.5597669258713722,0.605735027929768,-0.5121440906077623
2026-04-23 07:34:42.200,3509435.9515259475,779159.7238682297,5250965.482338007,-53837.15009638822,48.231264804049445,0.6258331378921866,0.3664094570558518,-0.7328813057392836
2026-04-23 07:34:42.300,3509435.536667319,779160.129534558,5250965.828191019,-53842.28415284839,40.476702778885546,-4.148586285300553,4.05666328384541,3.458530120551586
2026-04-23 07:34:42.400,3509435.5819129082,779160.1913454654,5250965.782111762,-53847.305907067814,40.53192727127105,0.4524558922275901,0.6181090732570738,-0.4607925657182932
2026-04-23 07:34:42.500,3509435.6237911186,779160.2299290423,5250965.749169116,-53852.32365764782,40.60061391230707,0.4187821038067341,0.3858357691206038,-0.3294264618307352
2026-04-23 07:34:42.600,3509435.6866890276,779160.2651443578,5250965.685595894,-53857.32261010012,40.59480552427374,0.6289790896698833,0.3521531552542001,-0.6357322167605162
2026-04-23 07:34:42.700,3509435.7562271543,779160.2948497543,5250965.633707071,-53862.329800814405,40.60290792116428,0.6953812669962645,0.2970539650414139,-0.5188882350921631
2026-04-23 07:34:42.800,3509435.8287549773,779160.3350411515,5250965.579937251,-53867.33960897864,40.6051078957735,0.7252782303839922,0.40191397187300026,-0.5376981943845749
2026-04-23 07:34:42.900,3509435.8905270183,779160.3667564461,5250965.5311425915,-53872.35536210925,40.619143956706694,0.6177204102277756,0.31715294579043984,-0.4879465978592634
2026-04-23 07:34:43.000,3509435.969133168,779160.3928961521,5250965.49613355,-53877.34407269595,40.66343557615389,0.7860614964738488,0.26139706023968756,-0.3500904142856598
2026-04-23 07:34:43.100,3509436.021250936,779160.4164559105,5250965.413488257,-53882.36942034884,40.689732175484174,0.521177682094276,0.23559758439660072,-0.8264529332518578
2026-04-23 07:34:43.200,3509436.101077056,779160.4409501313,5250965.39096045,-53887.362363179374,40.65502269177945,0.7982611982151866,0.24494220735505223,-0.2252780646085739
2026-04-23 07:34:43.300,3509436.1633088747,779160.4472834019,5250965.345456371,-53892.37560906749,40.727340223293375,0.6223181867972016,0.06333270575851202,-0.45504079200327396
2026-04-23 07:34:43.400,3509436.239092073,779160.4541288243,5250965.300010419,-53897.38180003525,40.73656962506748,0.7578319823369384,0.0684542243834585,-0.45445951633155346
2026-04-23 07:34:43.500,3509436.3096422735,779160.4501073787,5250965.277328691,-53902.38398756011,40.69518483162384,0.7055020052939653,-0.04021445638500154,-0.2268172800540924
2026-04-23 07:34:43.600,3509436.379347134,779160.4605588067,5250965.245391244,-53907.39172425584,40.820818140840885,0.6970486044883728,0.10451428010128438,-0.31937447376549244
2026-04-23 07:34:43.700,3509436.4573972644,779160.4518406313,5250965.193659172,-53912.39411535069,40.78807261377337,0.7805013051256537,-0.0871817534789443,-0.517320716753602
2026-04-23 07:34:43.800,3509436.545626154,779160.4282011656,5250965.141519786,-53917.40641551206,40.83267220716556,0.8822888974100351,-0.23639465682208538,-0.5213938653469086
2026-04-23 07:34:43.900,3509436.6179633704,779160.4165926503,5250965.103780409,-53922.41941937891,40.841926879025955,0.7233721623197198,-0.11608515284024179,-0.3773937653750181
2026-04-23 07:34:44.000,3509437.253104034,779159.9678959223,5250964.602322698,-53927.27417215383,48.44448871079824,6.351406634785235,-4.486967280972749,-5.014577116817236
2026-04-23 07:34:44.100,3509436.7958553913,779160.3415498801,5250965.012105871,-53932.41541275343,40.85028131210529,-4.572486425749958,3.7365395785309374,4.097831733524799
2026-04-23 07:34:44.200,3509436.8641039534,779160.3124759827,5250964.975651055,-53937.426579853505,40.86786993045956,0.6824856204912066,-0.29073897399939597,-0.36454816348850727
2026-04-23 07:34:44.300,3509436.9325703657,779160.2667152383,5250964.915694634,-53942.449438932104,40.889546585414166,0.6846641236916184,-0.45760744367726147,-0.5995642021298409
2026-04-23 07:34:44.400,3509437.0270242393,779160.2219906354,5250964.872231604,-53947.45322180381,40.827221166585936,0.9445387357845902,-0.4472460295073688,-0.43463030830025673
2026-04-23 07:34:44.500,3509437.656130888,779159.7996450049,5250964.428598631,-53952.297849102666,48.596890645274236,6.2910664873197675,-4.223456304753199,-4.436329724267125
2026-04-23 07:34:44.600,3509437.736844211,779159.7752011038,5250964.382043781,-53957.31176148035,48.57169889059938,0.8071332285180688,-0.24443901143968105,-0.4655485041439533
2026-04-23 07:34:44.700,3509437.807001226,779159.7592334901,5250964.3224853035,-53962.33578431878,48.59455952885246,0.7015701523050666,-0.15967613668181002,-0.5955847725272179
2026-04-23 07:34:44.800,3509437.8782877456,779159.7285441672,5250964.278979521,-53967.354753337364,48.657031312670654,0.7128651952371001,-0.30689322855323553,-0.4350578226149082
2026-04-23 07:34:44.900,3509437.941694719,779159.7149146551,5250964.230606324,-53972.37773120168,48.77657785290184,0.6340697314590216,-0.1362951216287911,-0.48373197205364704
2026-04-23 07:34:45.000,3509438.0297840736,779159.7029684131,5250964.181367767,-53977.39306797105,48.79586861771975,0.8808935480192304,-0.11946241953410208,-0.4923855699598789
2026-04-23 07:34:45.100,3509438.1231150976,779159.6894798124,5250964.145447487,-53982.385917554224,48.81051198863798,0.9333102405071259,-0.1348860072903335,-0.35920280031859875
2026-04-23 07:34:45.200,3509438.2049061204,779159.6699776398,5250964.092960012,-53987.39773917555,48.82107497307772,0.8179102279245853,-0.1950217259582132,-0.5248747486621141
2026-04-23 07:34:45.300,3509438.2812729967,779159.6588814611,5250964.042979218,-53992.42667048475,48.87326152957996,0.7636687625199556,-0.11096178670413792,-0.49980794079601765
2026-04-23 07:34:45.400,3509438.34980141,779159.6488513774,5250963.992556887,-53997.44873474627,48.87235174768596,0.6852841330692172,-0.10030083707533777,-0.5042233131825924
2026-04-23 07:34:45.500,3509438.430971102,779159.6300305376,5250963.943840394,-54002.46127819015,48.91899429675036,0.8116969186812639,-0.18820839817635715,-0.4871649295091629
2026-04-23 07:34:45.600,3509438.501898466,779159.6163481437,5250963.899901462,-54007.47817982009,48.89782205916091,0.709273642860353,-0.13682393939234316,-0.4393893200904131
2026-04-23 07:34:45.700,3509438.584199129,779159.6068933205,5250963.878052085,-54012.47800395018,48.9413615822423,0.8230066299438477,-0.0945482321549207,-0.2184937708079815
2026-04-23 07:34:45.800,3509438.6577879996,779159.589763396,5250963.802706544,-54017.49803337997,49.011658647887664,0.7358887046575546,-0.17129924497567117,-0.7534554041922092
2026-04-23 07:34:45.900,3509438.7380135222,779159.5793644929,5250963.756661741,-54022.5067997602,49.03270913612889,0.8022552262991667,-0.10398903046734631,-0.46044803224503994
2026-04-23 07:34:46.000,3509438.8253515963,779159.5726436138,5250963.715780288,-54027.508316799336,49.05128621405986,0.8733807411044836,-0.0672087911516428,-0.40881453081965446
2026-04-23 07:34:46.100,3509438.9039140507,779159.5559810634,5250963.674501997,-54032.520390366095,49.05250146175412,0.7856245432049036,-0.16662550391629338,-0.41278290562331676
2026-04-23 07:34:46.200,3509438.9714062517,779159.5478085295,5250963.605512795,-54037.55065838402,49.00377790506749,0.6749220099300146,-0.08172533940523863,-0.6898920238018036
2026-04-23 07:34:46.300,3509439.0537167965,779159.5323767544,5250963.568570586,-54042.548202646,49.12958357716734,0.8231054479256272,-0.15431775012984872,-0.36942209117114544
2026-04-23 07:34:46.400,3509439.132318268,779159.523417926,5250963.499726694,-54047.57814150251,49.052525804877966,0.7860147161409259,-0.08958828402683139,-0.688438918441534
2026-04-23 07:34:46.500,3509439.200814517,779159.5279043854,5250963.446565715,-54052.59982856819,49.01010795387182,0.684962491504848,0.0448645930737257,-0.5316097941249609
2026-04-23 07:34:46.600,3509439.2948154365,779159.4959651827,5250963.380812893,-54057.605714105724,49.0815195327374,0.9400091925635934,-0.3193920268677175,-0.6575282197445631
2026-04-23 07:34:46.700,3509439.3527625445,779159.4965855662,5250963.316555911,-54062.63803465744,49.197958258930115,0.5794710805639625,0.006203835364431143,-0.6425698194652796
2026-04-23 07:34:46.800,3509439.4326209086,779159.4790937445,5250963.267192895,-54067.64941105527,49.16696103434925,0.79858364071697,-0.1749182166531682,-0.4936301615089178
2026-04-23 07:34:46.900,3509439.50676952,779159.4586433702,5250963.213784561,-54072.6533570852,49.1875710135384,0.7414861163124442,-0.2045037434436381,-0.5340833403170109
2026-04-23 07:34:47.000,3509439.5774557847,779159.4475296576,5250963.151137654,-54077.664674577594,49.403158537348034,0.7068626442924142,-0.11113712564110756,-0.6264690682291985
2026-04-23 07:34:47.100,3509439.658690413,779159.4477928347,5250963.085250217,-54082.69300608774,49.233860959790384,0.8123462833464146,0.0026317709125578403,-0.6588743720203638
2026-04-23 07:34:47.200,3509439.7478660643,779159.4395696773,5250963.042035735,-54087.70647200951,49.00030024569402,0.8917565131559968,-0.08223157376050949,-0.43214481323957443
2026-04-23 07:34:47.300,3509439.820506084,779159.3982223524,5250962.966844909,-54092.726957143146,49.19018023690724,0.7264001946896315,-0.4134732496459037,-0.7519082631915808
2026-04-23 07:34:47.400,3509439.898629246,779159.3745257332,5250962.924565217,-54097.72350408941,49.39823805405125,0.78123162034899,-0.23696619202382863,-0.4227969143539667
2026-04-23 07:34:47.500,3509439.9594416725,779159.3641830368,5250962.871737572,-54102.743905073985,49.402407677957804,0.6081242673099041,-0.10342696332372725,-0.5282764509320259
2026-04-23 07:34:47.600,3509440.0353922914,779159.3418743946,5250962.806493738,-54107.760183954844,49.40679420955699,0.7595061883330345,-0.22308642277494073,-0.6524383462965488
2026-04-23 07:34:47.700,3509440.106230345,779159.3228810644,5250962.752091734,-54112.768406803116,49.553439316669674,0.7083805371075869,-0.1899333018809557,-0.544020039960742
2026-04-23 07:34:47.800,3509440.183942066,779159.2900584693,5250962.684145757,-54117.781573782144,49.599656345444814,0.7771172095090151,-0.3282259509433061,-0.6794597674161196
2026-04-23 07:34:47.900,3509440.2492998093,779159.2718500895,5250962.639973239,-54122.79089127061,49.57743860600427,0.6535774329677224,-0.18208379740826786,-0.4417251795530319
2026-04-23 07:34:48.000,3509440.329926906,779159.2483252757,5250962.576634017,-54127.80128694432,49.58803349379014,0.8062709681689739,-0.23524813819676638,-0.633392222225666
2026-04-23 07:34:48.100,3509440.3998513124,779159.2391932621,5250962.525278908,-54132.80644989292,49.629252792812046,0.6992440624162555,-0.09132013656198978,-0.5135510861873627
2026-04-23 07:34:48.200,3509440.4874555073,779159.2187449376,5250962.473706481,-54137.80432471977,49.699218646999,0.8760419487953186,-0.2044832450337708,-0.5157242715358734
2026-04-23 07:34:48.300,3509440.0219454,779159.5917073867,5250962.844609872,-54142.9603939135,41.95892593664011,-4.655101071111858,3.7296244909521192,3.709033913910389
2026-04-23 07:34:48.400,3509440.11301888,779159.5692656016,5250962.7951442925,-54147.96537252992,41.979877926908536,0.9107347996905446,-0.22441785084083676,-0.4946557991206646
2026-04-23 07:34:48.500,3509440.182427508,779159.5483891341,5250962.745209234,-54152.97376404462,42.05946287746408,0.6940862769261003,-0.20876467460766435,-0.4993505869060755
2026-04-23 07:34:48.600,3509440.2400954,779159.5454507291,5250962.713934965,-54157.97724176952,42.064735700746745,0.5766789196059108,-0.029384050285443664,-0.3127426840364933
2026-04-23 07:34:48.700,3509440.3189509027,779159.5331665725,5250962.6601397535,-54162.97152495285,42.07849986763105,0.78855502884835,-0.12284156633540988,-0.5379521194845438
2026-04-23 07:34:48.800,3509440.393301527,779159.5038328744,5250962.596755724,-54167.969443535534,42.201740290981675,0.7435062434524298,-0.29333698097616434,-0.6338402908295393
2026-04-23 07:34:48.900,3509440.476664212,779159.492379538,5250962.568250064,-54172.96804548315,42.14941714130286,0.8336268505081534,-0.11453336337581277,-0.28505660593509674
2026-04-23 07:34:49.000,3509440.5512014152,779159.467242502,5250962.511777911,-54177.97644242951,42.22203896114875,0.7453720318153501,-0.25137035991065204,-0.5647215247154236
2026-04-23 07:34:49.100,3509440.6286560334,779159.4683183148,5250962.47512234,-54182.978343747935,42.225409073182014,0.7745461817830801,0.010758127318695188,-0.36655571311712265
2026-04-23 07:34:49.200,3509440.6984471,779159.4460371119,5250962.424248539,-54187.99138721586,42.26154405632257,0.6979106646031141,-0.222812028368935,-0.5087380111217499
2026-04-23 07:34:49.300,3509440.7796845175,779159.4295252506,5250962.375796373,-54193.00310357028,42.25558824579981,0.8123741764575243,-0.16511861351318657,-0.484521659091115
2026-04-23 07:34:49.400,3509440.8558195913,779159.4034710942,5250962.316703172,-54198.01309868292,42.33474685191279,0.7613507378846407,-0.26054156362079084,-0.5909320060163736
2026-04-23 07:34:49.500,3509440.9212307907,779159.3944431964,5250962.2854090575,-54203.02495387804,42.26273055681246,0.6541119934991002,-0.09027897845953703,-0.31294114887714386
2026-04-23 07:34:49.600,3509440.9914343003,779159.3757859101,5250962.224170003,-54208.03921964819,42.37122928356083,0.7020350964739919,-0.1865728630218655,-0.6123905442655087
2026-04-23 07:34:49.700,3509441.0702593536,779159.3704467064,5250962.191843428,-54213.03686433447,42.355847404351884,0.7882505329325795,-0.053392036352306604,-0.32326575368642807
2026-04-23 07:34:49.800,3509441.1404870995,779159.3423313899,5250962.143418173,-54218.0420603342,42.451619023804966,0.7022774592041969,-0.28115316526964307,-0.4842525441199541
2026-04-23 07:34:49.900,3509441.22550015,779159.3273509018,5250962.102750596,-54223.049019276965,42.491967804728084,0.8501305058598518,-0.14980488107539713,-0.40667577646672726
2026-04-23 07:34:50.000,3509441.301119483,779159.3078347546,5250962.072181601,-54228.047214153856,42.59998413625215,0.7561933295801282,-0.19516147207468748,-0.3056899458169937
2026-04-23 07:34:50.100,3509441.3880188693,779159.3000562768,5250962.067243787,-54233.03861121345,42.66750695397777,0.8689938625320792,-0.077784777386114,-0.04937813617289066
2026-04-23 07:34:50.200,3509439.9283823157,779159.3290410929,5250956.590381458,-54241.50480745344,42.43215649742034,-14.596365536563098,0.2898481604643166,-54.76862329058349
2026-04-23 07:34:50.300,3509441.7213289477,779159.2581243956,5250962.676052259,-54242.60333374573,44.73445596764685,17.929466320201755,-0.7091669726651162,60.85670800879598
2026-04-23 07:34:50.400,3509441.7815584126,779159.2319315743,5250962.569187609,-54247.65322788207,44.72106497728081,0.6022946489974856,-0.2619282132945955,-1.0686465073376894
2026-04-23 07:34:50.500,3509440.139384189,779159.2891397706,5250956.437233336,-54256.54106675044,42.42947096637148,-16.421742234379053,0.5720819626003504,-61.31954272277653
2026-04-23 07:34:50.600,3509440.1936156745,779159.2720476675,5250956.360534543,-54261.57265487661,42.486932971066295,0.5423148535192013,-0.17092103022150695,-0.766987930983305
2026-04-23 07:34:50.700,3509440.2847188897,779159.2635642381,5250956.332387798,-54266.55340707413,42.4596511136054,0.9110321523621678,-0.08483429439365864,-0.2814674563705921
2026-04-23 07:34:50.800,3509440.352401206,779159.2465074316,5250956.294639462,-54271.56148456473,42.4583841252147,0.676823160611093,-0.17056806478649378,-0.37748335860669613
2026-04-23 07:34:50.900,3509440.4218646893,779159.2368099779,5250956.24649072,-54276.564239483625,42.46229217470729,0.6946348352357745,-0.09697453700937331,-0.4814874194562435
2026-04-23 07:34:51.000,3509440.5088009844,779159.2182044111,5250956.216130701,-54281.54788123326,42.364780526792806,0.8693629503250122,-0.18605566816404462,-0.303600188344717
2026-04-23 07:34:51.100,3509440.589224664,779159.2057451232,5250956.160361489,-54286.547872545576,42.406883602970694,0.8042367966845632,-0.12459287885576487,-0.5576921161264181
2026-04-23 07:34:51.200,3509440.6376521294,779159.1788712221,5250956.088566764,-54291.575593406706,42.413928631123774,0.4842746537178755,-0.26873901137150824,-0.7179472502321005
2026-04-23 07:34:51.300,3509440.716980546,779159.1663534837,5250956.051168048,-54296.56993285083,42.41731297772266,0.7932841638103127,-0.12517738388851285,-0.3739871643483639
2026-04-23 07:34:51.400,3509440.796636742,779159.1597921597,5250956.011478509,-54301.55326348535,42.40845777159899,0.7965619629248977,-0.06561324000358582,-0.3968953900039196
2026-04-23 07:34:51.500,3509440.8778370176,779159.1433610896,5250955.949090478,-54306.55696998646,42.38710888663456,0.8120027557015419,-0.1643107004929334,-0.6238803081214428
2026-04-23 07:34:51.600,3509440.94534082,779159.1214430521,5250955.90555812,-54311.56449730571,42.30375963732714,0.6750380247831345,-0.21918037557043135,-0.43532357551157475
2026-04-23 07:34:51.700,3509441.03568571,779159.1088570984,5250955.866235568,-54316.55123239021,42.23603852136348,0.9034489002078772,-0.12585953692905605,-0.39322552271187305
2026-04-23 07:34:51.800,3509441.1090630353,779159.0866600686,5250955.801783795,-54321.55737430189,42.27245090659834,0.7337732519954443,-0.2219702978618443,-0.6445177365094423
2026-04-23 07:34:51.900,3509441.1796886716,779159.0693739048,5250955.748794466,-54326.562410342056,42.25297381056587,0.7062563626095653,-0.1728616375476122,-0.5298932828009129
2026-04-23 07:34:52.000,3509441.257255348,779159.0627320501,5250955.702861319,-54331.54834626938,42.23842050025404,0.7756667630746961,-0.06641854764893651,-0.45933146961033344
2026-04-23 07:34:52.100,3509441.334556153,779159.037235307,5250955.653604379,-54336.53932708069,42.210958327214264,0.773008051328361,-0.25496743037365377,-0.49256940372288227
2026-04-23 07:34:52.200,3509441.4207489537,779159.0251130182,5250955.609727706,-54341.54927577604,42.206466398508255,0.8619280066341162,-0.12122288811951876,-0.43876673094928265
2026-04-23 07:34:52.300,3509441.485718305,779159.0044230412,5250955.563509285,-54346.56077673984,42.17794128158973,0.6496935151517391,-0.20689976983703673,-0.4621842037886381
2026-04-23 07:34:52.400,3509441.5750659923,779158.9885554184,5250955.520958609,-54351.549906543965,42.144733830162714,0.893476870842278,-0.1586762280203402,-0.4255067650228739
2026-04-23 07:34:52.500,3509441.6274169385,779158.9742610937,5250955.468901906,-54356.56572904707,42.1270003934235,0.523509462364018,-0.1429432479199022,-0.5205670278519392
2026-04-23 07:34:52.600,3509441.702638706,779158.9566885382,5250955.407676612,-54361.57730668726,42.095132196724926,0.7522176764905453,-0.17572555458173156,-0.6122529413551092
2026-04-23 07:34:52.700,3509441.788046992,779158.9489180237,5250955.369845931,-54366.56903650825,42.041493983118315,0.8540828572586179,-0.0777051446493715,-0.3783068060874939
2026-04-23 07:34:52.800,3509441.851460382,779158.9270146481,5250955.302457143,-54371.58208459072,42.060066634101034,0.6341338995844126,-0.21903375629335642,-0.6738878879696131
2026-04-23 07:34:52.900,3509441.9328548633,779158.9173512224,5250955.257061774,-54376.58273926759,42.033586016951915,0.8139448147267103,-0.09663425735197961,-0.45395368710160255
2026-04-23 07:34:53.000,3509442.009779709,779158.9099407732,5250955.213740025,-54381.58257242938,42.01106806353174,0.7692484557628632,-0.07410449208691716,-0.43321749195456505
2026-04-23 07:34:53.100,3509442.0854154094,779158.8972299512,5250955.160978979,-54386.578821225055,41.98116047506736,0.756357004866004,-0.12710821931250393,-0.5276104528456926
2026-04-23 07:34:53.200,3509442.166805791,779158.8893267346,5250955.11743731,-54391.57166208781,41.967685984481435,0.8139038179069757,-0.07903216639533639,-0.43541669845581055
2026-04-23 07:34:53.300,3509442.2523816745,779158.876279394,5250955.069318999,-54396.56165628571,41.922045255573394,0.8557588327676058,-0.13047340558841825,-0.4811831098049879
2026-04-23 07:34:53.400,3509442.322803556,779158.861002249,5250955.013449327,-54401.56575847022,41.95531079849079,0.7042188150808215,-0.15277145081199706,-0.5586967151612043
2026-04-23 07:34:53.500,3509442.402985606,779158.8552108518,5250954.963180337,-54406.56429711811,41.960398069520565,0.8018204988911748,-0.05791397183202207,-0.5026898998767138
2026-04-23 07:34:53.600,3509442.485882896,779158.8470320306,5250954.925003221,-54411.55271132838,41.96789725007527,0.8289729012176394,-0.0817882118280977,-0.38177115842700005
2026-04-23 07:34:53.700,3509442.564153914,779158.8368582836,5250954.884464608,-54416.541010820285,41.92489569255814,0.7827101787552238,-0.1017374696675688,-0.4053861368447542
2026-04-23 07:34:53.800,3509442.643039973,779158.8216246894,5250954.827521463,-54421.54323573683,41.86839615533587,0.7888605911284685,-0.1523359422571957,-0.569431446492672
2026-04-23 07:34:53.900,3509442.7204596726,779158.8097840243,5250954.787656064,-54426.52630192377,41.85887109180211,0.7741969963535666,-0.11840665130876005,-0.3986539877951145
2026-04-23 07:34:54.000,3509442.8074669815,779158.7995760909,5250954.714731721,-54431.526173082755,41.88992495606598,0.8700730884447694,-0.10207933373749256,-0.7292434293776751
2026-04-23 07:34:54.100,3509442.8770701103,779158.7949427752,5250954.671032742,-54436.52177144834,41.90933545230196,0.6960312882438302,-0.046333157224580646,-0.43698979541659355
2026-04-23 07:34:54.200,3509442.947368878,779158.7901862424,5250954.63200081,-54441.51180198676,41.858685335600214,0.702987676486373,-0.0475653272587806,-0.3903193213045597
2026-04-23 07:34:54.300,3509443.042350055,779158.7720037333,5250954.577913501,-54446.50379968073,41.83224739875287,0.9498117724433541,-0.1818250911310315,-0.5408730823546648
2026-04-23 07:34:54.400,3509443.1266070656,779158.7685598764,5250954.528836744,-54451.49842994368,41.873263980257306,0.8425701037049294,-0.0344385695643723,-0.4907675739377737
2026-04-23 07:34:54.500,3509443.1932697194,779158.7655897106,5250954.472298421,-54456.50271103208,41.902002071554186,0.6666265381500125,-0.029701658058911562,-0.5653832294046879
2026-04-23 07:34:54.600,3509443.2794113657,779158.7472473888,5250954.42046688,-54461.487333833305,41.887701927385585,0.86141646374017,-0.1834232173860073,-0.5183154065161943
2026-04-23 07:34:54.700,3509443.340861845,779158.7389351053,5250954.3862884035,-54466.485760628115,34.85653161498755,0.6145047908648849,-0.08312283549457788,-0.34178476780653
2026-04-23 07:34:54.800,3509443.414255194,779158.7348149373,5250954.342505853,-54471.481929502865,34.83975785757047,0.7339334907010198,-0.041201679268851876,-0.437825508415699
2026-04-23 07:34:54.900,3509443.4772137217,779158.7390610173,5250954.289821297,-54476.484168061535,34.86898005084308,0.6295852782204747,0.042460799450054765,-0.5268455576151609
2026-04-23 07:34:55.000,3509443.5452614315,779158.7250410308,5250954.242392438,-54481.49129119955,34.92785263630747,0.6804770976305008,-0.140199864981696,-0.474288584664464
2026-04-23 07:34:55.100,3509443.6144969896,779158.7202222288,5250954.203114736,-54486.492371550936,34.9063035959264,0.6923555815592408,-0.04818802000954747,-0.3927770256996155
2026-04-23 07:34:55.200,3509443.6930030035,779158.7145909694,5250954.156530578,-54491.49624682786,34.841244900225895,0.7850601384416223,-0.05631259409710765,-0.46584158204495907
2026-04-23 07:34:55.300,3509443.7514899424,779158.7101114321,5250954.092334494,-54496.5118512044,34.91600625540573,0.5848693894222379,-0.044795372523367405,-0.6419608369469643
2026-04-23 07:34:55.400,3509443.8095560735,779158.7140959845,5250954.04573488,-54501.517096500764,34.90673885358863,0.580661310814321,0.03984552342444658,-0.46599614433944225
2026-04-23 07:34:55.500,3509443.8840612774,779158.7063230217,5250954.005604182,-54506.51990876772,34.866237886299,0.7450520386919379,-0.07772962795570493,-0.40130697190761566
2026-04-23 07:34:55.600,3509443.955055584,779158.6916546796,5250953.952065592,-54511.52846281138,34.911950531507436,0.7099430682137609,-0.14668342075310647,-0.5353859066963196
2026-04-23 07:34:55.700,3509444.028969815,779158.6899898195,5250953.929735891,-54516.52315060755,34.91819433647054,0.739142308011651,-0.01664860057644546,-0.22329701110720634
2026-04-23 07:34:55.800,3509444.081278862,779158.6844923,5250953.871242073,-54521.54550790989,34.91320831696675,0.5230904696509242,-0.05497519508935511,-0.5849381722509861
2026-04-23 07:34:55.900,3509444.161126756,779158.6747807993,5250953.805672522,-54526.55386773537,34.95565058003634,0.7984789414331317,-0.09711500722914934,-0.655695516616106
2026-04-23 07:34:56.000,3509444.2360376627,779158.6719015876,5250953.785677848,-54531.54238944416,34.887241282465574,0.7491090660914779,-0.028792116791009903,-0.19994673319160938
2026-04-23 07:34:56.100,3509444.3020862425,779158.6566629548,5250953.712244761,-54536.56342780484,34.974943669046674,0.6604857975617051,-0.15238632797263563,-0.7343308720737696
2026-04-23 07:34:56.200,3509444.382075002,779158.6529613193,5250953.645836623,-54541.5576872828,34.91599533824624,0.7998875947669148,-0.03701635519973934,-0.6640813779085875
2026-04-23 07:34:56.300,3509444.4497909807,779158.6437172599,5250953.625259269,-54546.544786338054,34.955774494806725,0.6771597871556878,-0.09244059445336461,-0.20577354356646538
2026-04-23 07:34:56.400,3509444.5193588077,779158.6280793133,5250953.569310683,-54551.55421364428,34.94627073610187,0.6956782704219222,-0.15637946547940373,-0.559485862031579
2026-04-23 07:34:56.500,3509444.585796552,779158.6066881366,5250953.524287928,-54556.55563285366,34.96810814144457,0.6643774406984448,-0.21391176735050976,-0.45022754929959774
2026-04-23 07:34:56.600,3509444.6533601535,779158.5874740481,5250953.472837199,-54561.56351349825,35.01572567030416,0.6756360176950693,-0.19214088446460664,-0.5145072843879461
2026-04-23 07:34:56.700,3509444.7201594138,779158.5590016074,5250953.436019924,-54566.5516615102,35.06179537095313,0.6679926021024585,-0.2847244078293443,-0.36817275919020176
2026-04-23 07:34:56.800,3509444.7904978474,779158.5311833799,5250953.4032639945,-54571.532690949505,35.01768853378875,0.7033843360841274,-0.27818227419629693,-0.3275592904537916
2026-04-23 07:34:56.900,3509444.846069518,779158.4769520633,5250953.357793094,-54576.535834347866,35.04165223398784,0.5557167064398527,-0.542313166661188,-0.4547090083360672
2026-04-23 07:34:57.000,3509444.9319631527,779158.4328431187,5250953.336307061,-54581.50898920548,35.01717743964847,0.8589363470673561,-0.441089445957914,-0.21486032754182816
2026-04-23 07:34:57.100,3509444.985511663,779158.3775645873,5250953.31289332,-54586.50549931689,35.03160641753999,0.5354851018637419,-0.5527853139210492,-0.23413741029798985
2026-04-23 07:34:57.200,3509445.0454326454,779158.3139975013,5250953.266324296,-54591.508410332644,35.00951716624991,0.5992098245769739,-0.6356708600651473,-0.46569024212658405
2026-04-23 07:34:57.300,3509445.09961531,779158.2653761549,5250953.2336403765,-54596.50143656297,35.10489249600897,0.5418266449123621,-0.4862134635914117,-0.32683919183909893
2026-04-23 07:34:57.400,3509445.149322128,779158.1964002898,5250953.223387828,-54601.48364672335,35.08077517332646,0.4970681807026267,-0.6897586514241993,-0.1025254838168621
2026-04-23 07:34:57.500,3509445.201119431,779158.1350727555,5250953.177899183,-54606.489595150044,35.05098028756454,0.5179730290547013,-0.6132753426209092,-0.4548864532262087
2026-04-23 07:34:57.600,3509445.259999246,779158.0727924438,5250953.180617142,-54611.45906471831,35.0633251621253,0.5887981504201889,-0.6228031171485782,0.02717958763241768
2026-04-23 07:34:57.700,3509445.3035375397,779157.9825431649,5250953.136941904,-54616.47356713022,35.10646741356867,0.43538293801248074,-0.9024927893187851,-0.4367523733526468
2026-04-23 07:34:57.800,3509445.3504704707,779157.915424819,5250953.134522029,-54621.45186341842,35.09938331190211,0.46932931058108807,-0.6711834587622434,-0.024198750033974648
2026-04-23 07:34:57.900,3509445.3943822114,779157.8441952426,5250953.11726756,-54626.44220621962,35.114771098962336,0.4391174064949155,-0.7122957636602223,-0.17254468984901905
2026-04-23 07:34:58.000,3509445.4265853404,779157.7598989148,5250953.09177418,-54631.44690456382,35.11130429490709,0.3220312902703881,-0.8429632778279483,-0.2549338061362505
2026-04-23 07:34:58.100,3509445.4549917714,779157.6757815245,5250953.0837324625,-54636.4475092888,35.10744301451974,0.2840643096715212,-0.841173903318122,-0.08041717112064362
2026-04-23 07:34:58.200,3509445.4958662414,779157.6013645341,5250953.0736171175,-54641.44577262153,35.12498949042149,0.4087447002530098,-0.7441699039191008,-0.10115345008671284
2026-04-23 07:34:58.300,3509445.520763344,779157.5076488727,5250953.069853378,-54646.4551908945,35.133512386138484,0.24897102732211351,-0.93715661438182,-0.037637390196323395
2026-04-23 07:34:58.400,3509445.5481494553,779157.4218139673,5250953.061772584,-54651.45300354786,35.1331570747995,0.27386111207306385,-0.8583490538876504,-0.08080794475972652
2026-04-23 07:34:58.500,3509445.554388434,779157.3342404086,5250953.049954874,-54656.46182174303,35.16592473683481,0.06238978821784258,-0.8757355867419392,-0.11817709542810917
2026-04-23 07:34:58.600,3509445.579334226,779157.2457547282,5250953.0576950265,-54661.45686734262,35.17488467799549,0.2494579181075096,-0.8848568040411919,0.07740152068436146
2026-04-23 07:34:58.700,3509445.599869464,779157.1588598624,5250953.073084929,-54666.444686646,35.157620070904905,0.20535238087177277,-0.8689486584626138,0.15389902517199516
2026-04-23 07:34:58.800,3509445.6080698664,779157.0600149856,5250953.081174829,-54671.45131323589,35.11063605736991,0.08200402371585369,-0.9884487674571574,0.08089900016784668
2026-04-23 07:34:58.900,3509445.5971538317,779156.9604491726,5250953.079854517,-54676.46980049399,35.142937673662466,-0.10916034691035748,-0.9956581296864897,-0.013203117996454239
2026-04-23 07:34:59.000,3509445.6044523017,779156.8758459436,5250953.092156546,-54681.4678126859,35.132232801410204,0.07298470009118319,-0.8460322907194495,0.12302028946578503
2026-04-23 07:34:59.100,3509445.5981137534,779156.7777660113,5250953.102760278,-54686.47447875087,35.15317422202502,-0.06338548380881548,-0.9807993227150291,0.10603731498122215
2026-04-23 07:34:59.200,3509445.597373713,779156.6703585413,5250953.121836836,-54691.46992287698,35.16107300119622,-0.007400405593216419,-1.0740747000090778,0.19076558761298656
2026-04-23 07:34:59.300,3509445.585409409,779156.5878612885,5250953.129124852,-54696.47768749754,35.12301752053027,-0.11964303907006979,-0.8249725284986198,0.07288015447556973
2026-04-23 07:34:59.400,3509445.571690549,779156.5070626404,5250953.147269544,-54701.471253940465,35.18040439337769,-0.13718859758228064,-0.8079864806495607,0.18144692294299603
2026-04-23 07:34:59.500,3509445.568171365,779156.4092783065,5250953.162997588,-54706.476265612946,35.18417896966393,-0.035191839560866356,-0.9778433386236429,0.15728043392300606
2026-04-23 07:34:59.600,3509445.555009335,779156.3169888904,5250953.175391236,-54711.483753953624,35.15541390595361,-0.1316203037276864,-0.9228941611945629,0.12393648736178875
2026-04-23 07:34:59.700,3509445.5464271014,779156.230610101,5250953.2018795395,-54716.47183004437,35.17637536882604,-0.0858223345130682,-0.863787893904373,0.2648830320686102
2026-04-23 07:34:59.800,3509445.554417325,779156.1556006179,5250953.209502628,-54721.4692386962,35.15270031174,0.07990223821252584,-0.7500948314554989,0.07623088546097279
2026-04-23 07:34:59.900,3509445.5384785254,779156.0737298087,5250953.230815938,-54726.45589041239,35.125335579694955,-0.1593879982829094,-0.8187080919742584,0.2131330966949463
2026-04-23 07:35:00.000,3509445.531985529,779155.9911434117,5250953.250159685,-54731.44487889755,35.17152451486198,-0.06492996122688055,-0.8258639695122838,0.19343746826052666
2026-04-23 07:35:00.100,3509445.539716701,779155.9002662939,5250953.265016272,-54736.432292713645,35.18088660125013,0.07731171790510416,-0.9087711782194674,0.14856587164103985
2026-04-23 07:35:00.200,3509445.5281585557,779155.8076601243,5250953.273450472,-54741.43452596982,35.13273264865983,-0.1155814528465271,-0.9260616963729262,0.08434200659394264
2026-04-23 07:35:00.300,3509445.5192871597,779155.7097599626,5250953.312151931,-54746.41797049052,35.11251672318385,-0.08871396072208881,-0.9790016163606197,0.3870145883411169
2026-04-23 07:35:00.400,3509445.513261059,779155.6109941128,5250953.328580767,-54751.403624368075,35.10189791348153,-0.0602610083296895,-0.9876584983430803,0.16428835690021515
2026-04-23 07:35:00.500,3509445.49919439,779155.5215453019,5250953.349055234,-54756.39308701564,35.11299949917634,-0.14066668692976236,-0.894488109042868,0.20474467426538467
2026-04-23 07:35:00.600,3509445.4906103,779155.4271205644,5250953.377990374,-54761.381639202125,35.109103667603534,-0.08584090042859316,-0.9442473750095814,0.289351399987936
2026-04-23 07:35:00.700,3509445.4903471717,779155.3298254928,5250953.392912359,-54766.363206658636,35.09175562430094,-0.0026312842965126038,-0.9729507158044726,0.14921984635293484
2026-04-23 07:35:00.800,3509445.480620934,779155.232826634,5250953.422401472,-54771.346396472676,35.07097154208958,-0.09726237505674362,-0.9699885884765536,0.2948911301791668
2026-04-23 07:35:00.900,3509445.455751278,779155.1408673518,5250953.474805031,-54776.320688330285,35.06718218319263,-0.24869656190276146,-0.9195928217377514,0.5240355897694826
2026-04-23 07:35:01.000,3509445.4310287493,779155.0405462818,5250953.461633047,-54781.32792923299,35.06134688486082,-0.24722528643906116,-1.0032106994185597,-0.13171983882784843
2026-04-23 07:35:01.100,3509445.4233020684,779154.9477475118,5250953.518949922,-54786.27550014196,35.05244906276735,-0.0772668095305562,-0.9279877005610615,0.5731687508523464
2026-04-23 07:35:01.200,3509445.4154230827,779154.8552507015,5250953.529556163,-54791.27478679295,35.02467444646407,-0.07878985721617937,-0.9249681024812162,0.1060624048113823
2026-04-23 07:35:01.300,3509445.404539139,779154.768348365,5250953.559969619,-54796.24849721898,34.9796021066398,-0.10883943643420935,-0.8690233656670898,0.3041345626115799
2026-04-23 07:35:01.400,3509445.38056156,779154.6834266342,5250953.586639063,-54801.2300969719,34.98595363567332,-0.23977579083293676,-0.8492173079866916,0.26669444516301155
2026-04-23 07:35:01.500,3509445.3883774667,779154.5914371939,5250953.630401945,-54806.19514392192,34.98929664545809,0.07815906777977943,-0.9198944026138633,0.4376288130879402
2026-04-23 07:35:01.600,3509445.3682100438,779154.5011448135,5250953.646641467,-54811.17179031236,34.95868269672922,-0.20167422946542501,-0.9029238042421639,0.16239522024989128
2026-04-23 07:35:01.700,3509445.350140706,779154.4198713677,5250953.707431978,-54816.12570066548,34.928611354967636,-0.18069337587803602,-0.8127344574313611,0.6079051084816456
2026-04-23 07:35:01.800,3509445.3496932155,779154.3185687014,5250953.704479688,-54821.111986869815,34.94505055726558,-0.00447490718215704,-1.0130266635678709,-0.02952289767563343
2026-04-23 07:35:01.900,3509445.3377423026,779154.2263643766,5250953.727337144,-54826.085827680734,34.920958223811034,-0.1195091288536787,-0.9220432478468865,0.22857456468045712
2026-04-23 07:35:02.000,3509445.3251184677,779154.1316517058,5250953.779847852,-54831.04112979196,34.88321011584791,-0.12623834889382124,-0.9471267077606171,0.5251070763915777
2026-04-23 07:35:02.100,3509445.3104747385,779154.0454165622,5250953.80135068,-54836.00886055526,34.90259412236562,-0.14643729198724031,-0.8623514359351248,0.2150282822549343
2026-04-23 07:35:02.200,3509445.2927585114,779153.9568045328,5250953.828849381,-54840.967789868584,34.8785004622197,-0.1771622709929943,-0.8861202944535762,0.274987006559968
2026-04-23 07:35:02.300,3509445.2871459723,779153.8709585947,5250953.843286616,-54845.94993459675,34.8721634548463,-0.05612539127469063,-0.8584593806881458,0.14437234960496426
2026-04-23 07:35:02.400,3509445.2987988074,779153.7773143534,5250953.858794811,-54850.92515321623,34.86881797175183,0.11652835179120302,-0.936442413367331,0.15508195385336876
2026-04-23 07:35:02.500,3509445.304982001,779153.6810374801,5250953.886024769,-54855.88620608299,34.88278626023225,0.06183193530887365,-0.9627687325701118,0.27229958213865757
2026-04-23 07:35:02.600,3509445.2912682877,779153.5934253387,5250953.913755394,-54860.86181198681,34.88858128346989,-0.13713713269680738,-0.8761214138939977,0.27730624191462994
2026-04-23 07:35:02.700,3509445.2614549305,779153.4963655297,5250953.923746699,-54865.85454337358,34.893034985369546,-0.29813357163220644,-0.9705980902072042,0.09991304948925972
2026-04-23 07:35:02.800,3509445.252440062,779153.4096494352,5250953.9502968695,-54870.82286435293,34.83116260720408,-0.09014868643134832,-0.86716094519943,0.26550170965492725
2026-04-23 07:35:02.900,3509445.255414058,779153.32567738,5250953.985135912,-54875.79652994739,34.82061376823563,0.02973996102809906,-0.8397205523215234,0.3483904246240854
2026-04-23 07:35:03.000,3509445.269630833,779153.2324920195,5250954.002103603,-54880.77734056426,34.795678047232705,0.14216775074601173,-0.9318536042701453,0.16967691481113434
2026-04-23 07:35:03.100,3509445.2761924225,779153.1304522052,5250954.012286072,-54885.766526361214,34.80822464611771,0.06561589427292347,-1.020398143446073,0.10182468220591545
2026-04-23 07:35:03.200,3509445.2672183476,779153.0443320848,5250954.0397347575,-54890.74572999068,34.79400849230067,-0.08974074851721525,-0.8612012036610395,0.27448685839772224
2026-04-23 07:35:03.300,3509445.250943603,779152.9492293407,5250954.070874893,-54895.72313822368,34.789680102990175,-0.16274744644761086,-0.9510274417698383,0.3114013560116291
2026-04-23 07:35:03.400,3509445.234485478,779152.8661280515,5250954.096407276,-54900.69849341042,34.79419226147379,-0.16458124853670597,-0.8310128911398351,0.25532382540404797
2026-04-23 07:35:03.500,3509445.223959138,779152.7857870552,5250954.128171812,-54905.667392141295,34.757441683164174,-0.10526339989155531,-0.8034099638462067,0.31764536164700985
2026-04-23 07:35:03.600,3509445.213867163,779152.6837746822,5250954.153513467,-54910.639046642806,34.75794999003937,-0.10091975331306458,-1.0201237292494625,0.25341655127704144
2026-04-23 07:35:03.700,3509445.191208567,779152.5720623347,5250954.167471033,-54915.62780388459,34.74904895522515,-0.22658595815300941,-1.1171234748326242,0.13957565650343895
2026-04-23 07:35:03.800,3509445.1938438485,779152.4728211232,5250954.204298628,-54920.587721687756,34.7314388344754,0.026352815330028534,-0.9924121154472232,0.36827594973146915
2026-04-23 07:35:03.900,3509445.1787833087,779152.3821030293,5250954.2235934315,-54925.55672234217,34.74366048229633,-0.15060539823025465,-0.9071809391025454,0.19294803962111473
2026-04-23 07:35:04.000,3509445.1673580552,779152.299466843,5250954.247039115,-54930.5313278707,34.762312927606295,-0.11425253469496965,-0.8263618627097458,0.23445683531463146
2026-04-23 07:35:04.100,3509445.1601745724,779152.2169461161,5250954.285391192,-54935.49298086282,34.72178153026265,-0.07183482870459557,-0.8252072695177048,0.3835207689553499
2026-04-23 07:35:04.200,3509445.1354538337,779152.1264590333,5250954.299353436,-54940.47959877007,34.72563661830571,-0.24720738641917706,-0.904870827216655,0.13962243683636189
2026-04-23 07:35:04.300,3509445.1182615017,779152.0281017659,5250954.308408251,-54945.47584916096,34.76941762597675,-0.17192332074046135,-0.9835726744495332,0.09054815396666527
2026-04-23 07:35:04.400,3509445.115013385,779151.9445955855,5250954.343737763,-54950.45154233753,34.701994936598126,-0.032481164671480656,-0.8350618043914437,0.3532951232045889
2026-04-23 07:35:04.500,3509445.0983524933,779151.8627489326,5250954.3591635,-54955.45181780932,34.70307674716625,-0.16660891938954592,-0.8184665290173143,0.15425737015902996
2026-04-23 07:35:04.600,3509445.0896140356,779151.7699535248,5250954.375788394,-54960.43278017342,34.726284726066424,-0.08738457690924406,-0.9279540774878114,0.16624893993139267
2026-04-23 07:35:04.700,3509445.0728587955,779151.6730000951,5250954.404968513,-54965.42203013165,34.729675977866314,-0.167552400380373,-0.9695342974737287,0.29180118814110756
2026-04-23 07:35:04.800,3509445.067390867,779151.5724529567,5250954.443829689,-54970.3891813887,34.70192023786818,-0.05467928480356932,-1.0054713836871088,0.3886117599904537
2026-04-23 07:35:04.900,3509445.0475471793,779151.4711325783,5250954.448911121,-54975.38926585532,34.70031482024532,-0.19843687769025564,-1.0132037836592644,0.050814319401979446
2026-04-23 07:35:05.000,3509445.0452470426,779151.3780214874,5250954.4780453965,-54980.37322721677,34.722422879547544,-0.02300136722624302,-0.931110909441486,0.29134275391697884
2026-04-23 07:35:05.100,3509445.0316571607,779151.2867509621,5250954.490336159,-54985.36291994024,34.704324058233965,-0.1358988182619214,-0.9127052524127066,0.12290762737393379
2026-04-23 07:35:05.200,3509445.01705642,779151.2024719408,5250954.533514293,-54990.337319864615,34.683105899834516,-0.14600740745663643,-0.8427902136463672,0.4317813366651535
2026-04-23 07:35:05.300,3509444.9926830805,779151.1078231818,5250954.551261357,-54995.32886081312,34.6928868462599,-0.24373339489102364,-0.9464875899720937,0.17747064121067524
2026-04-23 07:35:05.400,3509444.9902511896,779151.0259016531,5250954.592827322,-55000.289627672326,34.66336204532389,-0.024318909272551537,-0.8192152867559344,0.415659649297595
2026-04-23 07:35:05.500,3509444.974847178,779150.9294503321,5250954.611320031,-55005.26841718692,34.66603585238813,-0.15404011588543653,-0.9645132103469223,0.18492708913981915
2026-04-23 07:35:05.600,3509444.9618422464,779150.8350118569,5250954.624076705,-55010.25075888231,34.66479236287294,-0.1300493162125349,-0.9443847520742565,0.1275667455047369
2026-04-23 07:35:05.700,3509444.9561948404,779150.752071632,5250954.656105775,-55015.232465606736,34.68275463641621,-0.05647405982017517,-0.8294022490736097,0.3202906996011734
2026-04-23 07:35:05.800,3509444.9420184325,779150.6618672947,5250954.686486751,-55020.21214604232,34.647493532069056,-0.1417640782892704,-0.9020433726254851,0.303809754550457
2026-04-23 07:35:05.900,3509444.9415980387,779150.5747745394,5250954.69950474,-55025.1950167778,34.62622328006291,-0.004203938879072666,-0.8709275524597615,0.130179887637496
2026-04-23 07:35:06.000,3509444.942157675,779150.4786204488,5250954.738823586,-55030.172384283374,34.63196571525233,0.005596363916993141,-0.9615409059915692,0.3931884653866291
2026-04-23 07:35:06.100,3509444.936565379,779150.3807833105,5250954.749997147,-55035.1638889858,34.61631869564554,-0.05592295899987221,-0.9783713833894581,0.11173561215400696
2026-04-23 07:35:06.200,3509444.9362143734,779150.2938488242,5250954.771421187,-55040.14735509432,34.621834469926235,-0.003510056994855404,-0.86934486287646,0.21424039267003536
2026-04-23 07:35:06.300,3509444.9309875625,779150.2091696993,5250954.797361003,-55045.13278744482,34.61861283283547,-0.052268109284341335,-0.846791248768568,0.25939816609025
2026-04-23 07:35:06.400,3509444.9308796776,779150.1274035777,5250954.82782841,-55050.1106702958,34.636446674742054,-0.0010788487270474434,-0.8176612167153507,0.3046740684658289
2026-04-23 07:35:06.500,3509444.9273979687,779150.0303579612,5250954.8413533615,-55055.09043048666,34.61083662425691,-0.03481708932667971,-0.9704561647959054,0.1352495141327381
2026-04-23 07:35:06.600,3509444.9198211487,779149.9389547793,5250954.868154316,-55060.06794343355,34.59121621463654,-0.07576819974929094,-0.9140318189747632,0.2680095471441746
2026-04-23 07:35:06.700,3509444.9129130095,779149.842728301,5250954.893482823,-55065.038814378335,34.603887287967495,-0.0690813921391964,-0.9622647834476084,0.2532850671559572
2026-04-23 07:35:06.800,3509444.894120176,779149.7502612656,5250954.922362318,-55070.01612600835,34.65354749823925,-0.18792833667248487,-0.9246703539974988,0.28879495337605476
2026-04-23 07:35:06.900,3509444.895462541,779149.6597697281,5250954.946828393,-55075.00266536286,34.62786002921481,0.013423650525510311,-0.9049153747037053,0.24466075003147125
2026-04-23 07:35:07.000,3509444.891310756,779149.561035052,5250954.965751191,-55079.98812753953,34.59362451688259,-0.041517848148941994,-0.9873467613942921,0.1892279740422964
2026-04-23 07:35:07.100,3509444.8785775467,779149.465323633,5250954.989282911,-55084.97460785768,34.59264431588173,-0.12733209412544966,-0.9571141889318824,0.235317200422287
2026-04-23 07:35:07.200,3509444.863030369,779149.3835498942,5250955.027532897,-55089.945929188885,34.59327709080113,-0.15547177754342556,-0.8177373884245753,0.3824998624622822
2026-04-23 07:35:07.300,3509444.8520194325,779149.2952733892,5250955.055178411,-55094.91767378042,34.55345370076131,-0.11010936461389065,-0.8827650500461459,0.27645514346659184
2026-04-23 07:35:07.400,3509444.863561095,779149.2131854256,5250955.061051828,-55099.90041105921,34.59582616795702,0.11541662737727165,-0.8208796358667314,0.058734165504574776
2026-04-23 07:35:07.500,3509444.860298764,779149.1339947184,5250955.0648244135,-55104.89178584614,34.59572068019298,-0.032623312436044216,-0.7919070718344301,0.03772585652768612
2026-04-23 07:35:07.600,3509444.8632714264,779149.0357584833,5250955.100561653,-55109.86631916476,34.582255897818854,0.029726624488830566,-0.9823623509146273,0.357372397556901
2026-04-23 07:35:07.700,3509444.852991612,779148.9529193033,5250955.123328197,-55114.85962275692,34.553987591699254,-0.1027981424704194,-0.8283918001689017,0.22766543552279472
2026-04-23 07:35:07.800,3509444.847125928,779148.8640006633,5250955.139730018,-55119.85176116876,34.57732044248358,-0.058656842447817326,-0.8891864004544914,0.16401820816099644
2026-04-23 07:35:07.900,3509444.849743249,779148.7740005006,5250955.157007186,-55124.83531736663,34.56765185221765,0.02617320977151394,-0.9000016271602362,0.17277168110013008
2026-04-23 07:35:08.000,3509444.8542790567,779148.689980945,5250955.189540953,-55129.80237687733,34.56752572540072,0.04535807762295008,-0.8401955559384078,0.32533767633140087
2026-04-23 07:35:08.100,3509444.848331718,779148.5929434975,5250955.200121586,-55134.78785193709,34.594944737956645,-0.05947338882833719,-0.9703744750004262,0.10580632835626602
2026-04-23 07:35:08.200,3509444.8581667435,779148.5004044891,5250955.226453292,-55139.76300265499,34.61451934770226,0.09835025761276484,-0.9253900835756212,0.263317059725523
2026-04-23 07:35:08.300,3509444.851839855,779148.4038544905,5250955.252536591,-55144.7418552805,34.58898429032372,-0.0632688868790865,-0.9654999861959368,0.26083298958837986
2026-04-23 07:35:08.400,3509444.8444089447,779148.3122477361,5250955.274857036,-55149.73245447528,34.59609323204954,-0.07430910132825375,-0.9160675434395671,0.2232044469565153
2026-04-23 07:35:08.500,3509444.837464419,779148.221181225,5250955.295406731,-55154.71015966872,34.633197793757105,-0.06944525521248579,-0.9106651111505926,0.20549695007503033
2026-04-23 07:35:08.600,3509444.839305745,779148.1133664163,5250955.315333363,-55159.69010940504,34.592854927302156,0.018413257785141468,-1.078148087253794,0.19926631823182106
2026-04-23 07:35:08.700,3509444.8400795273,779147.9879232454,5250955.346463026,-55164.68173544602,34.59008203140913,0.007737823761999607,-1.2544317089486867,0.3112966287881136
2026-04-23 07:35:08.800,3509444.8209841726,779147.870277791,5250955.3777229125,-55169.67056341324,34.60818073514168,-0.19095354713499546,-1.1764545436017215,0.3125988692045212
2026-04-23 07:35:08.900,3509444.8069281112,779147.7558492532,5250955.383800635,-55174.66874612454,34.6312685656744,-0.14056061394512653,-1.1442853789776564,0.06077722646296024
2026-04-23 07:35:09.000,3509444.7989496132,779147.6440574222,5250955.404492244,-55179.653623372316,34.633788759995774,-0.07978498004376888,-1.1179183097556233,0.20691609010100365
2026-04-23 07:35:09.100,3509444.790130537,779147.5346461333,5250955.434330682,-55184.62995320487,34.63286795334226,-0.08819076232612133,-1.0941128886770457,0.29838438145816326
2026-04-23 07:35:09.200,3509444.7806939622,779147.4216515542,5250955.454631897,-55189.60916780685,34.624724049486694,-0.09436574764549732,-1.1299457913264632,0.20301214419305325
2026-04-23 07:35:09.300,3509444.768739189,779147.3027612916,5250955.480008003,-55194.58173336126,34.618784528981294,-0.11954773217439651,-1.1889026255812496,0.2537610661238432
2026-04-23 07:35:09.400,3509444.770103088,779147.1882482151,5250955.503057203,-55199.55135045963,34.613372903879885,0.013638990931212902,-1.1451307649258524,0.2304919995367527
2026-04-23 07:35:09.500,3509444.7577599855,779147.0820597449,5250955.528752639,-55204.526145129596,34.630612302257084,-0.12343102600425482,-1.0618847026489675,0.2569543570280075
2026-04-23 07:35:09.600,3509444.7305623684,779146.9713196143,5250955.545520503,-55209.50398946228,34.64186563656947,-0.2719761710613966,-1.1074013053439558,0.16767864115536213
2026-04-23 07:35:09.700,3509444.72540118,779146.8744656711,5250955.581683181,-55214.467716973675,34.62696298570736,-0.05161188542842865,-0.9685394319240004,0.3616267815232277
2026-04-23 07:35:09.800,3509444.721911113,779146.7625318305,5250955.60965055,-55219.43375922241,34.631996458653255,-0.03490067087113857,-1.119338406715542,0.2796736918389797
2026-04-23 07:35:09.900,3509444.717342084,779146.6556177047,5250955.6269128155,-55224.39730062807,34.61189850750774,-0.045690289698541164,-1.069141257321462,0.1726226508617401
2026-04-23 07:35:10.000,3509444.715013386,779146.5323638686,5250955.665767245,-55229.35144713466,34.60920700700826,-0.023286975920200348,-1.2325383618008345,0.3885442949831486
2026-04-23 07:35:10.100,3509444.703864717,779146.4137056278,5250955.6957496945,-55234.3238116624,34.57545683577293,-0.1114866929128766,-1.1865824076812714,0.2998244948685169
2026-04-23 07:35:10.200,3509444.6969455895,779146.2857579202,5250955.707436532,-55239.296755563046,34.59026111187481,-0.0691912742331624,-1.2794770754408091,0.11686837300658226
2026-04-23 07:35:10.300,3509444.6937650824,779146.1707615262,5250955.72737449,-55244.26354670383,34.62694753041419,-0.03180507104843855,-1.1499639402609318,0.1993795856833458
2026-04-23 07:35:10.400,3509444.6867784197,779146.049234385,5250955.74399338,-55249.215898736504,34.62014160904226,-0.06986662745475769,-1.2152714119292796,0.1661888975650072
2026-04-23 07:35:10.500,3509444.6799005875,779145.9326671954,5250955.770829549,-55254.17726161746,34.59245528446501,-0.06877832114696503,-1.16567189572379,0.26836168952286243
2026-04-23 07:35:10.600,3509444.6865898543,779145.8287518909,5250955.80101439,-55259.12609520976,34.55355567170642,0.0668926676735282,-1.03915304527618,0.3018484078347683
2026-04-23 07:35:10.700,3509444.6915172213,779145.7259271997,5250955.822122907,-55264.07620804902,34.55548936518981,0.049273669719696045,-1.0282469121739268,0.21108517423272133
2026-04-23 07:35:10.800,3509444.7038015835,779145.611716247,5250955.846511237,-55269.029341591486,34.54234107261549,0.12284362222999334,-1.1421095265541226,0.24388330057263374
2026-04-23 07:35:10.900,3509444.6996360873,779145.4959046945,5250955.861881432,-55273.986612220855,34.518361313201474,-0.04165496211498976,-1.1581155250314623,0.15370194800198078
2026-04-23 07:35:11.000,3509444.6998010026,779145.3725878714,5250955.906077792,-55278.94341335678,34.51424881231093,0.0016491534188389778,-1.233168231556192,0.4419635981321335
2026-04-23 07:35:11.100,3509444.7175845667,779145.2561830514,5250955.917369391,-55283.89426726425,34.50451369935943,0.17783564049750566,-1.164048200007528,0.11291598901152611
2026-04-23 07:35:11.200,3509444.712318609,779145.1456361826,5250955.941711311,-55288.84758929994,34.5354069572523,-0.05265957675874233,-1.1054686876013875,0.24341920390725136
2026-04-23 07:35:11.300,3509444.6855250094,779145.0358682452,5250955.97383385,-55293.80737790624,34.49038224758711,-0.2679359959438443,-1.097679374506697,0.32122538425028324
2026-04-23 07:35:11.400,3509444.688755934,779144.9199319262,5250956.007691429,-55298.76540568534,34.527305941376795,0.03230924718081951,-1.1593631899449974,0.33857579343020916
2026-04-23 07:35:11.500,3509444.6757533327,779144.8018739444,5250956.030572709,-55303.72006477418,34.51680090939075,-0.13002601452171803,-1.1805798183195293,0.22881279699504375
2026-04-23 07:35:11.600,3509444.669930844,779144.686571731,5250956.049694376,-55308.6845820586,34.5163033612898,-0.05822488572448492,-1.1530221335124224,0.19121667370200157
2026-04-23 07:35:11.700,3509444.6752305124,779144.5657941569,5250956.089193697,-55313.62879378891,34.482381318848,0.052996682934463024,-1.2077757413499057,0.3949932102113962
2026-04-23 07:35:11.800,3509444.650209663,779144.4441154051,5250956.113603158,-55318.59693355595,34.48358102462222,-0.2502084942534566,-1.2167875177692622,0.24409460835158825
2026-04-23 07:35:11.900,3509444.6548685636,779144.3354129783,5250956.1447854275,-55323.55147408951,34.46752803303243,0.046589006669819355,-1.0870242677628994,0.3118226956576109
2026-04-23 07:35:12.000,3509444.6491384315,779144.2131358256,5250956.177891476,-55328.51400632484,34.422173213677404,-0.05730132106691599,-1.2227715272456408,0.33106048591434956
2026-04-23 07:35:12.100,3509444.6384217427,779144.0980157708,5250956.186440404,-55333.4834133108,34.47519041350989,-0.10716688819229603,-1.1512005480471998,0.08548927493393421
2026-04-23 07:35:12.200,3509444.635067067,779143.9952830969,5250956.214964346,-55338.4408900651,34.44032066231647,-0.03354675602167845,-1.0273267386946827,0.28523942455649376
2026-04-23 07:35:12.300,3509444.6270424044,779143.8793890568,5250956.231521439,-55343.402082832865,34.425449041484654,-0.08024662733078003,-1.158940400928259,0.16557092778384686
2026-04-23 07:35:12.400,3509444.609080486,779143.7729244628,5250956.266294166,-55348.34969162391,34.466597711883786,-0.17961918376386166,-1.0646459402050823,0.3477272763848305
2026-04-23 07:35:12.500,3509444.5978337456,779143.6620007034,5250956.283440842,-55353.31689809953,34.444841585923314,-0.11246740352362394,-1.109237594064325,0.1714667584747076
2026-04-23 07:35:12.600,3509444.5913434764,779143.551679226,5250956.312041931,-55358.27795155416,34.46111322236185,-0.06490269210189581,-1.1032147740479559,0.2860108856111765
2026-04-23 07:35:12.700,3509444.5766245914,779143.4449111758,5250956.349469925,-55363.23880558639,34.42983363856246,-0.1471888506785035,-1.0676805023103952,0.37427994422614574
2026-04-23 07:35:12.800,3509444.564398694,779143.3404597951,5250956.375434312,-55368.20703582703,34.41555180872093,-0.12225897517055273,-1.0445138067007065,0.25964386761188507
2026-04-23 07:35:12.900,3509444.563949364,779143.2231106956,5250956.3923993725,-55373.17008066879,34.3967649627768,-0.004493300803005695,-1.173490994842723,0.16965060494840145
2026-04-23 07:35:13.000,3509444.550396535,779143.1294617669,5250956.421911554,-55378.13926005681,34.400776630710915,-0.13552828691899776,-0.9364892868325114,0.29512181878089905
2026-04-23 07:35:13.100,3509444.522879657,779143.0310813662,5250956.438702269,-55383.11050285467,34.43951222976119,-0.27516878210008144,-0.9838040068279952,0.16790715046226978
2026-04-23 07:35:13.200,3509444.517392933,779142.9114911641,5250956.46460883,-55388.08123375231,34.43341913165175,-0.05486723966896534,-1.1959020211361349,0.2590656094253063
2026-04-23 07:35:13.300,3509444.516329206,779142.8029127608,5250956.472983491,-55393.058168346375,34.37148493770515,-0.010637268424034119,-1.0857840336393565,0.08374660275876522
2026-04-23 07:35:13.400,3509444.5041207555,779142.687783841,5250956.509246263,-55398.02229647822,34.38197076675252,-0.12208450585603714,-1.1512891971506178,0.3626277204602957
2026-04-23 07:35:13.500,3509444.4720547367,779142.5542737112,5250956.527865671,-55403.0002332413,34.413248520010264,-0.3206601878628135,-1.3351012987550348,0.18619407899677753
2026-04-23 07:35:13.600,3509444.4589040126,779142.4528541849,5250956.564893775,-55407.96499236557,34.39134664186048,-0.13150724116712809,-1.0141952626872808,0.37028104066848755
2026-04-23 07:35:13.700,3509444.4647987923,779142.3365606228,5250956.602731023,-55412.92654854536,34.403573851589705,0.05894779693335295,-1.1629356211051345,0.3783724829554558
2026-04-23 07:35:13.800,3509444.456875785,779142.217617133,5250956.619171167,-55417.89847723504,34.39494140561973,-0.07923007477074862,-1.1894348973874003,0.16440143808722496
2026-04-23 07:35:13.900,3509444.4408736997,779142.1019348385,5250956.637558505,-55422.874033994034,34.38495492699959,-0.1600208505988121,-1.1568229459226131,0.18387338146567345
2026-04-23 07:35:14.000,3509444.423577189,779141.9765454731,5250956.670093036,-55427.84037393701,34.36988524894491,-0.17296510748565197,-1.2538936536293477,0.3253453131765127
2026-04-23 07:35:14.100,3509444.40545867,779141.86820947,5250956.700741271,-55432.798203099344,34.38542703610676,-0.18118518870323896,-1.0833600314799696,0.3064823430031538
2026-04-23 07:35:14.200,3509444.3987009525,779141.7550679084,5250956.716400984,-55437.76308770902,34.37918692527709,-0.06757717579603195,-1.1314156150911003,0.15659713186323643
2026-04-23 07:35:14.300,3509444.369571996,779141.6386636635,5250956.743293319,-55442.72967518829,34.37384513283524,-0.29128956608474255,-1.1640424490906298,0.26892335154116154
2026-04-23 07:35:14.400,3509444.3553633783,779141.5236240037,5250956.770042409,-55447.67969679049,34.37009692022075,-0.14208617620170116,-1.1503965978045017,0.26749090291559696
2026-04-23 07:35:14.500,3509444.3471812187,779141.4144018794,5250956.801474272,-55452.62578143415,34.357941104309894,-0.08182159624993801,-1.0922212433069944,0.31431863084435463
2026-04-23 07:35:14.600,3509444.339692029,779141.3101498771,5250956.834044917,-55457.58171253354,34.33033034209682,-0.07489189505577087,-1.0425200231838971,0.3257064428180456
2026-04-23 07:35:14.700,3509444.3174320855,779141.1823132425,5250956.84933847,-55462.543931473076,34.343718707382926,-0.22259943652898073,-1.2783663463778794,0.15293553471565247
2026-04-23 07:35:14.800,3509444.3027778217,779141.0791714917,5250956.87932282,-55467.49215443143,34.32270255920543,-0.14654263854026794,-1.031417507911101,0.2998435031622648
2026-04-23 07:35:14.900,3509444.283801052,779140.9620579024,5250956.910817522,-55472.444598693815,34.355931039477134,-0.18976769875735044,-1.1711358930915594,0.3149470128118992
2026-04-23 07:35:15.000,3509444.266394765,779140.8455260483,5250956.9385339795,-55477.398669336435,34.34652236835558,-0.17406286671757698,-1.1653185402974486,0.2771645784378052
2026-04-23 07:35:15.100,3509444.2525454354,779140.736503391,5250956.947573065,-55482.359587492065,34.34950439173626,-0.1384932966902852,-1.090226573869586,0.09039085358381271
2026-04-23 07:35:15.200,3509444.2316301474,779140.6251636577,5250956.973858361,-55487.31384257035,34.370169583776125,-0.20915288012474775,-1.1133973323740065,0.2628529630601406
2026-04-23 07:35:15.300,3509444.200405868,779140.5025806887,5250957.00065174,-55492.26494888508,34.35256323160098,-0.31224279664456844,-1.2258296902291477,0.2679337840527296
2026-04-23 07:35:15.400,3509444.194309487,779140.3935894538,5250957.043922251,-55497.196483655665,34.34871630545889,-0.06096380762755871,-1.0899123491253704,0.4327051155269146
2026-04-23 07:35:15.500,3509444.1814485607,779140.2854127896,5250957.0812747795,-55502.132913100395,34.35721378609313,-0.1286092633381486,-1.081766642164439,0.3735252842307091
2026-04-23 07:35:15.600,3509444.154161749,779140.1756560872,5250957.1003911495,-55507.09214637637,34.3459285380682,-0.27286811731755733,-1.097567023243755,0.19116370007395744
2026-04-23 07:35:15.700,3509444.151250795,779140.0791685719,5250957.121186067,-55512.03921815232,34.34641462219824,-0.029109539464116096,-0.9648751537315547,0.20794917829334736
2026-04-23 07:35:15.800,3509444.134204029,779139.9555241624,5250957.134968768,-55517.00373155262,34.3459621455995,-0.17046765889972448,-1.236444094683975,0.13782700523734093
2026-04-23 07:35:15.900,3509444.126572956,779139.8463648654,5250957.170384804,-55521.94561524173,34.31116305695429,-0.07631073240190744,-1.0915929696056992,0.35416035912930965
2026-04-23 07:35:16.000,3509444.1143704792,779139.7271922027,5250957.224913851,-55526.88413659466,34.28258270921656,-0.12202476616948843,-1.1917266272939742,0.5452904757112265
2026-04-23 07:35:16.100,3509444.1014695573,779139.60621216,5250957.242951207,-55531.84410802463,34.30911670872192,-0.1290092198178172,-1.209800427313894,0.1803735550493002
2026-04-23 07:35:16.200,3509444.1031522388,779139.4918867397,5250957.247492315,-55536.80137765957,34.3093520626184,0.016826814971864223,-1.143254202324897,0.04541108384728432
2026-04-23 07:35:16.300,3509444.0928631965,779139.389462041,5250957.280389542,-55541.74208696562,34.27392331244859,-0.10289042256772518,-1.0242469876538962,0.328972265124321
2026-04-23 07:35:16.400,3509444.078674684,779139.278225807,5250957.289756811,-55546.69625162063,34.33405071000769,-0.14188512694090605,-1.1123623396269977,0.09367269463837147
2026-04-23 07:35:16.500,3509444.086055624,779139.1927970959,5250957.349073417,-55551.615408105215,34.266155345378,0.07380940020084381,-0.8542871114332229,0.5931660532951355
2026-04-23 07:35:16.600,3509444.0667144433,779139.0874226582,5250957.373697931,-55556.5624449616,34.23644139884823,-0.19341180566698313,-1.053744376404211,0.24624514393508434
2026-04-23 07:35:16.700,3509444.066260915,779138.9694907309,5250957.374224956,-55561.52067261053,34.26454211676295,-0.004535284824669361,-1.1793192732147872,0.005270252004265785
2026-04-23 07:35:16.800,3509444.069845098,779138.8604226011,5250957.419608445,-55566.45281491233,34.27207326376915,0.035841832868754864,-1.090681297937408,0.4538348875939846
2026-04-23 07:35:16.900,3509444.0578244887,779138.7325349539,5250957.438231079,-55571.40771350556,34.29508891285459,-0.12020609341561794,-1.278876472497359,0.18622634001076221
2026-04-23 07:35:17.000,3509444.044102912,779138.6073677237,5250957.462323605,-55576.35794140122,34.25589609145636,-0.13721576891839504,-1.251672301441431,0.2409252617508173
2026-04-23 07:35:17.100,3509444.0350306015,779138.5029696611,5250957.489052097,-55581.30903972117,34.228257474170356,-0.09072310291230679,-1.0439806256908923,0.26728492230176926
2026-04-23 07:35:17.200,3509444.0319707957,779138.3956301891,5250957.503169367,-55586.26240024743,34.25456321344159,-0.030598058365285397,-1.073394720442593,0.14117269776761532
2026-04-23 07:35:17.300,3509444.023967477,779138.2778820638,5250957.525162731,-55591.21525982535,34.219389558649276,-0.08003318682312965,-1.1774812533985823,0.21993364207446575
2026-04-23 07:35:17.400,3509444.0035790713,779138.1779111387,5250957.544292175,-55596.176321106774,34.23697656419164,-0.203884057700634,-0.9997092501726002,0.19129443913698196
2026-04-23 07:35:17.500,3509443.9887419846,779138.0684255691,5250957.560024182,-55601.12343612696,34.243531440122105,-0.148370866663754,-1.0948556964285672,0.1573200710117817
2026-04-23 07:35:17.600,3509443.975733674,779137.9758999668,5250957.596598381,-55606.070142441014,34.244361540332264,-0.13008310459554195,-0.925256023183465,0.36574198864400387
2026-04-23 07:35:17.700,3509443.9654369215,779137.8897627639,5250957.628887757,-55611.0134477379,34.236745664128,-0.1029675267636776,-0.8613720291759819,0.3228937555104494
2026-04-23 07:35:17.800,3509443.921038239,779137.7544843545,5250957.5954249995,-55616.004688282876,34.2770770923425,-0.4439868265762925,-1.3527840934693813,-0.33462757244706154
2026-04-23 07:35:17.900,3509443.918664508,779137.654525121,5250957.637609339,-55620.93274979594,34.27281308402704,-0.023737307637929916,-0.9995923354290426,0.42184339836239815
2026-04-23 07:35:18.000,3509443.898121303,779137.542322355,5250957.646855118,-55625.88383210611,34.20375789918879,-0.20543205086141825,-1.1220276600215584,0.09245778433978558
2026-04-23 07:35:18.100,3509446.857711918,779139.0647350958,5250959.591140055,-55628.17692299987,48.83819664797095,29.595906152389944,15.224127408582717,19.442849373444915
2026-04-23 07:35:18.200,3509446.86261216,779138.9586467412,5250959.60832485,-55633.10551949762,48.825520531909014,0.049002417363226414,-1.0608835460152477,0.17184794880449772
2026-04-23 07:35:18.300,3509443.8515456947,779137.216666637,5250957.6938835485,-55640.72293528663,34.291797660235055,-30.110664651729167,-17.4198010424152,-19.144413014873862
2026-04-23 07:35:18.400,3509443.848320292,779137.0972333432,5250957.711591373,-55645.66030824589,34.31116760635682,-0.03225402906537056,-1.1943329381756485,0.1770782470703125
2026-04-23 07:35:18.500,3509443.8297824203,779136.9650819509,5250957.700704793,-55650.625754252695,34.322494833323844,-0.18537871539592743,-1.3215139228850603,-0.10886579751968384
2026-04-23 07:35:18.600,3509443.849213884,779136.8609789321,5250957.730648977,-55655.55062680205,34.29529674249886,0.19431463908404112,-1.041030187625438,0.2994418330490589
2026-04-23 07:35:18.700,3509443.844968192,779136.7476482127,5250957.7506784955,-55660.48763119312,34.27601037778252,-0.042456923983991146,-1.1333071941044182,0.20029518753290176
2026-04-23 07:35:18.800,3509443.8467998425,779136.6435933289,5250957.758068961,-55665.426351651644,34.29213590938401,0.01831650733947754,-1.0405488382093608,0.07390465587377548
2026-04-23 07:35:18.900,3509443.8329939726,779136.5377589635,5250957.79011965,-55670.35607097761,34.28966588710967,-0.13805869966745377,-1.0583436535671353,0.3205068875104189
2026-04-23 07:35:19.000,3509443.841694537,779136.4604274303,5250957.819748577,-55675.27180561243,34.256902682027295,0.08700564503669739,-0.7733153318986297,0.29628926888108253
2026-04-23 07:35:19.100,3509443.8557879725,779136.3879232128,5250957.842438644,-55680.19601437459,34.24643906766929,0.14093435369431973,-0.7250421750359237,0.22690067067742348
2026-04-23 07:35:19.200,3509443.865373125,779136.3185349277,5250957.851259611,-55685.112982079496,34.26710649764948,0.09585152380168438,-0.6938828516285866,0.08820966817438602
2026-04-23 07:35:19.300,3509443.865572777,779136.2563277946,5250957.875598495,-55690.034829916294,34.241248853694195,0.001996522769331932,-0.622071330435574,0.2433888427913189
2026-04-23 07:35:19.400,3509443.856770001,779136.1851716838,5250957.913245628,-55694.95785963703,34.22488766923368,-0.08802776224911213,-0.7115611084736884,0.3764713276177645
2026-04-23 07:35:19.500,3509443.8542372948,779136.0854269711,5250957.925903114,-55699.89135962863,34.20192800426691,-0.02532706130295992,-0.9974471270106733,0.12657485902309418
2026-04-23 07:35:19.600,3509443.8556070477,779135.9933805888,5250957.95446327,-55704.82136586305,34.22373126040739,0.013697529211640358,-0.920463822549209,0.28560156002640724
2026-04-23 07:35:19.700,3509443.8566530854,779135.9102163869,5250957.968595533,-55709.75965481089,34.20746440614247,0.010460377670824528,-0.8316420193295926,0.14132263138890266
2026-04-23 07:35:19.800,3509443.8534523454,779135.8310256661,5250957.990900277,-55714.69319962216,34.19412324059826,-0.03200740087777376,-0.7919072080403566,0.22304744459688663
2026-04-23 07:35:19.900,3509443.87214176,779135.765667543,5250958.007829802,-55719.61994268465,34.18035339857757,0.18689414486289024,-0.6535812304355204,0.16929524950683117
2026-04-23 07:35:20.000,3509443.8703053556,779135.6772610693,5250958.031033266,-55724.54853718147,34.14218419983421,-0.018364042043685913,-0.8840647374745458,0.23203464224934578
2026-04-23 07:35:20.100,3509443.872658712,779135.5952140169,5250958.031946794,-55729.5011082647,34.15932165920542,0.023533562198281288,-0.8204705244861543,0.009135277941823006
2026-04-23 07:35:20.200,3509443.8754342953,779135.5145224127,5250958.0617253445,-55734.432910375384,34.15968364351208,0.02775583416223526,-0.806916041765362,0.2977855037897825
2026-04-23 07:35:20.300,3509443.8780712844,779135.4440436102,5250958.066867019,-55739.38051227808,34.19072500273084,0.02636989112943411,-0.7047880243044347,0.05141674540936947
2026-04-23 07:35:20.400,3509443.898277652,779135.3669732856,5250958.071764786,-55744.30434551154,34.11587503879253,0.2020636759698391,-0.7707032468169928,0.04897766746580601
2026-04-23 07:35:20.500,3509443.894609996,779135.296102077,5250958.082719161,-55749.23731691078,34.16282304140202,-0.036676558665931225,-0.7087120856158435,0.10954375378787518
2026-04-23 07:35:20.600,3509443.891328624,779135.2035747196,5250958.092659978,-55754.17927615178,34.17122101365062,-0.03281372133642435,-0.9252735739573836,0.09940817020833492
2026-04-23 07:35:20.700,3509443.9076896636,779135.1158908356,5250958.11126401,-55759.106118568176,34.12792983785945,0.16361039597541094,-0.8768388396129012,0.18604031763970852
2026-04-23 07:35:20.800,3509443.891568822,779135.0166132165,5250958.130809677,-55764.03349300724,34.12624934282964,-0.16120841726660728,-0.9927761915605515,0.19545666873455048
2026-04-23 07:35:20.900,3509443.8981013615,779134.9226356811,5250958.1295353,-55768.979961365905,34.13493218020871,0.06532539613544941,-0.9397753537632525,-0.012743771076202393
2026-04-23 07:35:21.000,3509443.926668406,779134.8586125616,5250958.137291506,-55773.899707246856,34.143835612414705,0.2856704453006387,-0.6402311951387674,0.07756206206977367
2026-04-23 07:35:21.100,3509443.92820208,779134.7611872528,5250958.14441852,-55778.836991137505,34.14824193798517,0.015336740761995316,-0.9742530877701938,0.07127013988792896
2026-04-23 07:35:21.200,3509443.922496807,779134.667133523,5250958.141828148,-55783.76997892015,34.16865066689386,-0.057052732445299625,-0.9405372978653759,-0.025903722271323204
2026-04-23 07:35:21.300,3509443.932509795,779134.5806665153,5250958.144147903,-55788.70162485177,34.12119083201414,0.1001298800110817,-0.8646700775716454,0.02319755032658577
2026-04-23 07:35:21.400,3509443.9239814356,779134.4966054746,5250958.159491029,-55793.624926598786,34.17694978163656,-0.08528359234333038,-0.8406104065943509,0.1534312590956688
2026-04-23 07:35:21.500,3509443.9292055834,779134.4151567284,5250958.146253337,-55798.54256590779,34.18759681133224,0.052241478115320206,-0.8144874626304954,-0.1323769148439169
2026-04-23 07:35:21.600,3509443.9365896676,779134.3432216112,5250958.15989461,-55803.45657755883,34.16936010442847,0.07384084165096283,-0.7193511712830514,0.1364127267152071
2026-04-23 07:35:21.700,3509443.945804771,779134.2530384612,5250958.162690464,-55808.37799481654,34.150454089908855,0.09215103462338448,-0.9018315002322197,0.027958545833826065
2026-04-23 07:35:21.800,3509443.9523228146,779134.1675626972,5250958.186966755,-55813.27761547143,34.1604889927197,0.06518043577671051,-0.8547576400451362,0.24276291020214558
2026-04-23 07:35:21.900,3509443.942698913,779134.0760335803,5250958.173861242,-55818.22238549374,34.177735253281874,-0.09623901452869177,-0.91529116849415,-0.13105513527989388
2026-04-23 07:35:22.000,3509443.9625760694,779133.9962197497,5250958.197375645,-55823.130115197935,34.18348768717397,0.19877156242728233,-0.7981383067090064,0.23514403030276299
2026-04-23 07:35:22.100,3509443.9508247916,779133.9094415541,5250958.2000212,-55828.058652090185,34.17566826141627,-0.11751277837902308,-0.8677819557487965,0.026455549523234367
2026-04-23 07:35:22.200,3509443.9490904547,779133.8096958976,5250958.2226822665,-55832.98009050428,34.17972739731672,-0.017343368381261826,-0.9974565648008138,0.22661066614091396
2026-04-23 07:35:22.300,3509443.932972714,779133.7110275123,5250958.231586487,-55837.92084158501,34.224103608814616,-0.16117740888148546,-0.9866838529706001,0.08904220536351204
2026-04-23 07:35:22.400,3509443.934434146,779133.6301122457,5250958.244049914,-55842.84220497514,34.23388230751838,0.014614323154091835,-0.8091526664793491,0.12463427148759365
2026-04-23 07:35:22.500,3509443.938503522,779133.5417605207,5250958.249788399,-55847.77861481657,34.18884980069623,0.04069375805556774,-0.8835172501858324,0.05738484673202038
2026-04-23 07:35:22.600,3509443.955986253,779133.4599973807,5250958.271649834,-55852.69475835319,34.16882456982534,0.17482731025665998,-0.8176313992589712,0.21861434914171696
2026-04-23 07:35:22.700,3509443.970776601,779133.4015195535,5250958.304868105,-55857.601639508786,34.18592651452661,0.1479034824296832,-0.5847782723139971,0.3321827109903097
2026-04-23 07:35:22.800,3509443.951658918,779133.3142735983,5250958.319337528,-55862.548300461014,34.146172543708246,-0.19117683172225952,-0.8724595524836332,0.14469423331320286
2026-04-23 07:35:22.900,3509446.748959072,779134.8221722505,5250960.211505286,-55864.94884949619,48.90006643160529,27.97300153877586,15.078986522275954,18.921677581965923
2026-04-23 07:35:23.000,3509446.748373422,779134.7474593902,5250960.2280743355,-55869.88045541118,48.89943974248712,-0.005856500938534737,-0.747128602815792,0.165690490975976
2026-04-23 07:35:23.100,3509446.7335530985,779134.6490664178,5250960.219692693,-55874.84656015211,48.957252857050946,-0.14820323325693607,-0.9839297237340361,-0.08381642401218414
2026-04-23 07:35:23.200,3509446.7410490415,779134.5727310717,5250960.244588241,-55879.778353768,48.93131725796179,0.07495942991226912,-0.7633534609340131,0.2489554788917303
2026-04-23 07:35:23.300,3509446.7176211104,779134.4905969502,5250960.243715215,-55884.72766932351,48.921890741458675,-0.23427931126207113,-0.8213412156328559,-0.008730264380574226
2026-04-23 07:35:23.400,3509446.745885956,779134.4184417663,5250960.280970504,-55889.642439624666,48.87804893029881,0.28264845721423626,-0.7215518387965858,0.37255289033055305
2026-04-23 07:35:23.500,3509446.7178518698,779134.3284791553,5250960.2756368555,-55894.610420402074,48.838589439176324,-0.280340863391757,-0.8996261097490788,-0.053336480632424355
2026-04-23 07:35:23.600,3509446.7079584594,779134.2440721518,5250960.279247861,-55899.568247321426,48.9029640746979,-0.09893410373479128,-0.8440700348000973,0.036110058426856995
2026-04-23 07:35:23.700,3509446.706296514,779134.1737980865,5250960.295709284,-55904.51754210785,48.91169767494516,-0.016619456000626087,-0.7027406536508352,0.1646142266690731
2026-04-23 07:35:23.800,3509446.692854535,779134.0804741364,5250960.306753321,-55909.47917706548,48.86657932329944,-0.13441978953778744,-0.9332395007368177,0.11044036597013474
2026-04-23 07:35:23.900,3509446.685237914,779133.9975370702,5250960.323034505,-55914.43516489962,48.83207565927406,-0.07616620976477861,-0.8293706621043384,0.16281184740364552
2026-04-23 07:35:24.000,3509446.6918448033,779133.9206181312,5250960.335580946,-55919.38755151184,48.882835578198936,0.06606889422982931,-0.7691893901210278,0.12546440586447716
2026-04-23 07:35:24.100,3509446.686499816,779133.8360222536,5250960.343247174,-55924.35202812211,48.874297857404734,-0.05344987381249666,-0.845958775607869,0.07666228339076042
2026-04-23 07:35:24.200,3509446.661778163,779133.75229204,5250960.334443765,-55929.33561326144,48.909810280362755,-0.2472165273502469,-0.8373021357692778,-0.08803409524261951
2026-04-23 07:35:24.300,3509444.3892396707,779132.2711058988,5250958.711414312,-55936.40581528412,33.70664362127936,-22.725384924560785,-14.811861412599683,-16.230294527485967
2026-04-23 07:35:24.400,3509444.4235535692,779132.2411361539,5250958.778284041,-55941.303995320835,33.62361380414348,0.3431389853358269,-0.29969744849950075,0.6686972919851542
2026-04-23 07:35:24.500,3509444.465956894,779132.1925694762,5250958.825459452,-55946.21232693294,33.57718948370641,0.42403324972838163,-0.4856667772401124,0.47175411134958267
2026-04-23 07:35:24.600,3509444.467510412,779132.13344714,5250958.8549968805,-55951.145281595316,33.57870593129321,0.015535177662968636,-0.5912233621347696,0.2953742817044258
2026-04-23 07:35:24.700,3509444.566661356,779132.0052331502,5250958.917539565,-55956.0000521889,40.22507289496683,0.9915094403550029,-1.2821398978121579,0.6254268437623978
2026-04-23 07:35:24.800,3509444.5360440873,779131.9366171861,5250958.930122101,-55960.96379234165,40.22359243638361,-0.3061726875603199,-0.686159641481936,0.12582535855472088
2026-04-23 07:35:24.900,3509444.587019192,779131.8779717647,5250958.973019824,-55965.880570477726,40.100815769042825,0.5097510479390621,-0.5864542140625417,0.42897723615169525
2026-04-23 07:35:25.000,3509444.596353637,779131.792724602,5250958.970760687,-55970.83132068773,40.159091356042765,0.09334444999694824,-0.852471626130864,-0.022591371089220047
2026-04-23 07:35:25.100,3509444.6068514036,779131.7250165673,5250958.974254895,-55975.77076391619,40.10312224004833,0.10497766546905041,-0.6770803476683795,0.03494207747280598
2026-04-23 07:35:25.200,3509444.62921762,779131.6526502613,5250958.960569441,-55980.72848759464,40.0874807822461,0.22366216406226158,-0.7236630597617477,-0.13685453683137894
2026-04-23 07:35:25.300,3509444.6699569486,779131.5757445091,5250958.95511172,-55985.66543062963,40.06917832054239,0.4073932860046625,-0.7690575218293816,-0.054577216506004333
2026-04-23 07:35:25.400,3509444.699677247,779131.522350921,5250958.955060419,-55990.61381224496,40.055266934248586,0.2972029848024249,-0.5339358816854656,-0.0005130097270011902
2026-04-23 07:35:25.500,3509444.7103792676,779131.4404868594,5250958.93352161,-55995.573728156836,40.081769718304066,0.10702020488679409,-0.8186406153254211,-0.21538808941841125
2026-04-23 07:35:25.600,3509444.7516540377,779131.3713284319,5250958.920399788,-56000.515650068286,39.99073252836894,0.4127477016299963,-0.6915842753369361,-0.1312182191759348
2026-04-23 07:35:25.700,3509444.77884514,779131.3115374135,5250958.883427208,-56005.47275124837,40.05487877782116,0.2719110203906894,-0.5979101837147027,-0.36972579546272755
2026-04-23 07:35:25.800,3509444.8196681244,779131.2468400152,5250958.8633900415,-56010.42420178409,40.06108233710625,0.40822984650731087,-0.6469739833846688,-0.2003716677427292
2026-04-23 07:35:25.900,3509444.8542430527,779131.1691358665,5250958.834657894,-56015.38625910072,40.07605831996007,0.3457492822781205,-0.7770414871629328,-0.28732147067785263
2026-04-23 07:35:26.000,3509444.916595394,779131.1183646449,5250958.8006388,-56020.329802946784,40.05807489355153,0.6235234113410115,-0.5077122151851654,-0.3401909489184618
2026-04-23 07:35:26.100,3509444.9573052805,779131.0751916362,5250958.754521191,-56025.281714350145,40.05095580948309,0.4070988669991493,-0.43173008714802563,-0.46117608435451984
2026-04-23 07:35:26.200,3509445.007681849,779130.9895180899,5250958.739097759,-56030.22890276112,40.03492902174804,0.5037656845524907,-0.8567354630213231,-0.15423431992530823
2026-04-23 07:35:26.300,3509445.05919406,779130.9554043855,5250958.692034607,-56035.181021743214,40.075739601567584,0.5151221109554172,-0.3411370445974171,-0.4706315230578184
2026-04-23 07:35:26.400,3509445.128427416,779130.9246882674,5250958.698772586,-56040.089767681864,40.031461361532706,0.692333560436964,-0.30716118053533137,0.06737979128956795
2026-04-23 07:35:26.500,3509445.191026265,779130.8887890799,5250958.621495799,-56045.051862339096,40.11778130703654,0.6259884871542454,-0.35899187554605305,-0.7727678678929806
2026-04-23 07:35:26.600,3509445.257789654,779130.862966956,5250958.587088116,-56049.99279647122,40.065428387985136,0.6676338938996196,-0.2582212386187166,-0.34407682716846466
2026-04-23 07:35:26.700,3509445.3235086277,779130.8024176295,5250958.535368691,-56054.94142827161,40.15620518951799,0.657189735211432,-0.6054932647384703,-0.517194252461195
2026-04-23 07:35:26.800,3509445.402993147,779130.7643892638,5250958.458161903,-56059.90000720936,40.20934339793295,0.7948451908305287,-0.3802836569957435,-0.7720678858458996
2026-04-23 07:35:26.900,3509445.4673373927,779130.7360519738,5250958.392102174,-56064.85689407838,40.14822837460895,0.6434424594044685,-0.28337290044873953,-0.6605972815304995
2026-04-23 07:35:27.000,3509445.542100651,779130.7217936217,5250958.359735672,-56069.79361227915,40.18930900483703,0.7476325845345855,-0.14258352108299732,-0.32366502098739147
2026-04-23 07:35:27.100,3509445.608070338,779130.6873167059,5250958.304019707,-56074.74316852268,40.16372802849945,0.6596968695521355,-0.34476915723644197,-0.5571596510708332
2026-04-23 07:35:27.200,3509445.683701681,779130.6434246285,5250958.216698906,-56079.709545018995,40.29746672948269,0.7563134282827377,-0.4389207740314305,-0.8732080087065697
2026-04-23 07:35:27.300,3509445.7634647167,779130.6066142654,5250958.173021269,-56084.648849006284,40.23503417731226,0.797630357556045,-0.3681036317721009,-0.43677637353539467
2026-04-23 07:35:27.400,3509445.8294503763,779130.565709687,5250958.140125188,-56089.595739531585,40.27128372413533,0.6598565960302949,-0.4090457840356976,-0.3289608098566532
2026-04-23 07:35:27.500,3509445.893869652,779130.5300612665,5250958.081967526,-56094.54173996019,40.29391725199061,0.6441927561536431,-0.35648420453071594,-0.581576619297266
2026-04-23 07:35:27.600,3509445.9490775825,779130.5003574598,5250958.0125419265,-56099.497441226915,40.348735824629394,0.5520793050527573,-0.2970380673650652,-0.6942559964954853
2026-04-23 07:35:27.700,3509446.020327167,779130.4811588627,5250957.982867223,-56104.42504060464,40.23605142206306,0.7124958466738462,-0.19198597059585154,-0.29674703255295753
2026-04-23 07:35:27.800,3509446.070507689,779130.4440623317,5250957.90104477,-56109.39892367294,40.40740642557925,0.501805217936635,-0.37096531013958156,-0.8182245306670666
2026-04-23 07:35:27.900,3509446.163409784,779130.422324596,5250957.84940397,-56114.332775611605,40.39255920476501,0.9290209505707026,-0.21737735718488693,-0.5164080020040274
2026-04-23 07:35:28.000,3509446.2381301383,779130.3910359159,5250957.775422726,-56119.28074845959,40.42714528173458,0.7472035428509116,-0.31288680038414896,-0.7398124411702156
2026-04-23 07:35:28.100,3509446.312026024,779130.3655504863,5250957.7528959485,-56124.21213476645,40.48006211156416,0.7389588560909033,-0.25485429679974914,-0.2252677734941244
2026-04-23 07:35:28.200,3509446.3652335173,779130.3612363708,5250957.675448001,-56129.182304284244,40.45886996317044,0.5320749338716269,-0.043141155038028955,-0.7744794711470604
2026-04-23 07:35:28.300,3509446.444897359,779130.3677878118,5250957.618519513,-56134.1292515217,40.528905777525885,0.7966384151950479,0.06551441038027406,-0.5692848842591047
2026-04-23 07:35:28.400,3509446.4931131634,779130.3661239479,5250957.5588549785,-56139.08901156492,40.53495910248986,0.48215804621577263,-0.01663863891735673,-0.5966453440487385
2026-04-23 07:35:28.500,3509446.559742673,779130.3805935032,5250957.480528219,-56144.0539893875,40.639074090551766,0.6662950944155455,0.14469555346295238,-0.7832675985991955
2026-04-23 07:35:28.600,3509446.6291512223,779130.4037739262,5250957.428010644,-56148.9937825353,40.648303859175954,0.6940854946151376,0.23180422955192626,-0.5251757428050041
2026-04-23 07:35:28.700,3509446.6816565506,779130.4299535146,5250957.362955621,-56153.951659370825,40.68315602578988,0.5250532831996679,0.2617958839982748,-0.6505502294749022
2026-04-23 07:35:28.800,3509446.741281718,779130.4649443956,5250957.305775974,-56158.89601097853,40.74464549967393,0.5962516739964485,0.3499088098760694,-0.5717964749783278
2026-04-23 07:35:28.900,3509446.8080025893,779130.5028819608,5250957.251976081,-56163.83529983801,40.69169911574665,0.6672087125480175,0.37937565241008997,-0.537998927757144
2026-04-23 07:35:29.000,3509446.8668975676,779130.5258055172,5250957.179990097,-56168.784975364746,40.78588229454957,0.5889497837051749,0.22923556389287114,-0.7198598422110081
2026-04-23 07:35:29.100,3509446.930417824,779130.5548503126,5250957.135671499,-56173.73591179592,40.80315109204037,0.6352025642991066,0.2904479543212801,-0.4431859776377678
2026-04-23 07:35:29.200,3509446.972984088,779130.601992525,5250957.086677066,-56178.69176697733,40.863231435307455,0.42566264048218727,0.4714221239555627,-0.48994433134794235
2026-04-23 07:35:29.300,3509447.0194765627,779130.6716273049,5250957.020618388,-56183.64414681699,40.94208014573622,0.46492474619299173,0.6963477982208133,-0.6605867762118578
2026-04-23 07:35:29.400,3509447.072614103,779130.7170178836,5250956.973825672,-56188.595271261365,40.96505861720165,0.5313754035159945,0.45390578685328364,-0.4679271671921015
2026-04-23 07:35:29.500,3509447.101069818,779130.7730734318,5250956.903679832,-56193.56529138828,40.98085385949099,0.2845571469515562,0.5605554825160652,-0.7014583982527256
2026-04-23 07:35:29.600,3509447.155576177,779130.8436830313,5250956.864548895,-56198.507556671524,41.03925661938723,0.5450635915622115,0.7060959946829826,-0.39130937308073044
2026-04-23 07:35:29.700,3509447.1927549765,779130.8995486078,5250956.818589214,-56203.45269477505,41.01746809437735,0.37178799510002136,0.5586557649075985,-0.4595968034118414
2026-04-23 07:35:29.800,3509447.217790755,779130.9702276697,5250956.785129561,-56208.40266741152,41.04770836123908,0.25035778526216745,0.7067906192969531,-0.3345965314656496
2026-04-23 07:35:29.900,3509447.246082715,779131.0556386203,5250956.743041091,-56213.361052492386,41.06405470185782,0.2829196024686098,0.8541095058899373,-0.4208847042173147
2026-04-23 07:35:30.000,3509447.264273816,779131.1330109987,5250956.729663306,-56218.298976639126,41.03346704551348,0.1819110056385398,0.7737237843684852,-0.13377784751355648
2026-04-23 07:35:30.100,3509447.297995912,779131.2122982115,5250956.664633089,-56223.2670921126,41.08245093111337,0.33722096122801304,0.7928721280768514,-0.6503021717071533
2026-04-23 07:35:30.200,3509447.3218120867,779131.302180783,5250956.668512102,-56228.19598661567,41.07819723981767,0.2381617482751608,0.8988257148303092,0.0387901347130537
2026-04-23 07:35:30.300,3509447.3332025614,779131.3714575061,5250956.634850637,-56233.16121413,41.092901880276045,0.11390474624931812,0.6927672307938337,-0.33661465160548687
2026-04-23 07:35:30.400,3509447.235018772,779131.5555359436,5250956.620664858,-56238.182136099465,34.29464767031007,-0.9818378929048777,1.840784375090152,-0.1418577879667282
2026-04-23 07:35:30.500,3509447.2487931354,779131.636837103,5250956.588767177,-56243.13460602343,34.321882445105636,0.13774363324046135,0.8130115945823491,-0.3189768083393574
2026-04-23 07:35:30.600,3509447.236850347,779131.7290069876,5250956.571787836,-56248.080189962566,34.350452541175805,-0.11942788492888212,0.9216988459229469,-0.169793413951993
2026-04-23 07:35:30.700,3509447.3566386327,779131.7440002228,5250956.570195274,-56252.95136937807,41.203814063548435,1.1978828581050038,0.14993235119618475,-0.015925616025924683
2026-04-23 07:35:30.800,3509447.334426178,779131.8335291378,5250956.528920563,-56257.91782076698,41.18478101126399,-0.22212454583495855,0.8952891500666738,-0.4127471148967743
2026-04-23 07:35:30.900,3509447.328722483,779131.9289337477,5250956.546153322,-56262.852663759484,41.234773312639994,-0.057036951184272766,0.9540460992138833,0.17232758924365044
2026-04-23 07:35:31.000,3509447.287870306,779132.0186207058,5250956.527479771,-56267.812738013876,41.19419705050939,-0.4085217695683241,0.8968695811927319,-0.186735512688756
2026-04-23 07:35:31.100,3509447.286337576,779132.0982606815,5250956.536766819,-56272.746843293564,41.12488632029175,-0.015327301807701588,0.7963997568003833,0.09287048131227493
2026-04-23 07:35:31.200,3509447.2581177303,779132.2001722881,5250956.537862114,-56277.686947322814,41.15544652285084,-0.2821984561160207,1.0191160661634058,0.010952949523925781
2026-04-23 07:35:31.300,3509447.2109221667,779132.2910167822,5250956.538076948,-56282.63710975913,41.18371847607949,-0.47195563558489084,0.9084449405781925,0.0021483469754457474
2026-04-23 07:35:31.400,3509447.1813088167,779132.3963956486,5250956.539301555,-56287.57748491829,41.18304542661792,-0.2961335005238652,1.0537886642850935,0.012246062979102135
2026-04-23 07:35:31.500,3509447.1444082125,779132.4903609905,5250956.558692276,-56292.51444261585,41.20436264694278,-0.36900604143738747,0.9396534191910177,0.1939072087407112
2026-04-23 07:35:31.600,3509447.0929883923,779132.5548283613,5250956.54179019,-56297.48058478743,41.15142675791444,-0.5141982017084956,0.6446737074293196,-0.1690208539366722
2026-04-23 07:35:31.700,3509447.085017489,779132.6624029388,5250956.5724126045,-56302.3946796911,41.15791287162672,-0.07970903534442186,1.07574577559717,0.3062241431325674
2026-04-23 07:35:31.800,3509447.043213383,779132.7640425193,5250956.580921671,-56307.34262652403,41.08077432926922,-0.4180410597473383,1.0163958044722676,0.08509066887199879
2026-04-23 07:35:31.900,3509447.0128475004,779132.8424865006,5250956.566548423,-56312.29215546258,41.171481275833344,-0.3036588244140148,0.7844398135785013,-0.1437324844300747
2026-04-23 07:35:32.000,3509446.9857760356,779132.9220117251,5250956.548230158,-56317.24245304024,41.195104295826496,-0.2707146480679512,0.7952522451523691,-0.18318264745175838
2026-04-23 07:35:32.100,3509446.98199729,779133.0330350794,5250956.545287771,-56322.173114235855,41.10172804154718,-0.03778745420277119,1.1102335422765464,-0.029423870146274567
2026-04-23 07:35:32.200,3509446.980563538,779133.1233803134,5250956.5429795645,-56327.10682885756,41.0899630350525,-0.014337520115077496,0.9034523402806371,-0.02308206632733345
2026-04-23 07:35:32.300,3509446.983201589,779133.2081126531,5250956.504623153,-56332.057705386,41.14244997535162,0.026380508206784725,0.8473233971744776,-0.3835641127079725
2026-04-23 07:35:32.400,3509446.986541689,779133.2992886906,5250956.464921435,-56337.00291660809,41.18734490383583,0.03340099938213825,0.9117603744380176,-0.39701717905700207
2026-04-23 07:35:32.500,3509446.9950027713,779133.4144117823,5250956.482379278,-56341.929410598714,41.13465418934191,0.08461082354187965,1.1512309173122048,0.17457842826843262
2026-04-23 07:35:32.600,3509447.015062285,779133.5037684897,5250956.454316436,-56346.86804307994,41.13599442906087,0.20059513859450817,0.8935670740902424,-0.2806284185498953
2026-04-23 07:35:32.700,3509447.0343526774,779133.5898127914,5250956.411229893,-56351.82082812692,41.11684285534619,0.1929039228707552,0.8604430174455047,-0.43086543679237366
2026-04-23 07:35:32.800,3509447.0492306394,779133.6842866393,5250956.381991696,-56356.75961760524,41.076617710732634,0.14877961948513985,0.9447384788654745,-0.2923819702118635
2026-04-23 07:35:32.900,3509447.056786605,779133.7960201709,5250956.363432219,-56361.70762669806,41.10824962137829,0.07555965799838305,1.1173353157937527,-0.18559476360678673
2026-04-23 07:35:33.000,3509447.042750947,779133.8833536366,5250956.33762077,-56366.65588780014,41.13385468940749,-0.14035657979547977,0.8733346569351852,-0.25811449624598026
2026-04-23 07:35:33.100,3509447.061764842,779133.9856731187,5250956.309018508,-56371.6019025496,41.05854712702294,0.19013894721865654,1.0231948213186115,-0.28602262027561665
2026-04-23 07:35:33.200,3509447.054490691,779134.082421034,5250956.274261454,-56376.56346886916,41.10218675860298,-0.07274150848388672,0.9674791526049376,-0.3475705347955227
2026-04-23 07:35:33.300,3509447.0630648136,779134.203362131,5250956.267041899,-56381.4944937441,41.043636660205024,0.08574122563004494,1.209410970332101,-0.07219554856419563
2026-04-23 07:35:33.400,3509447.0652800524,779134.323830264,5250956.2486132765,-56386.44367187353,40.98385218182186,0.022152387537062168,1.2046813301276416,-0.18428622744977474
2026-04-23 07:35:33.500,3509447.058558936,779134.4489449477,5250956.222092822,-56391.39024540844,41.06280087699239,-0.0672111613675952,1.2511468364391476,-0.26520454324781895
2026-04-23 07:35:33.600,3509447.07775055,779134.5389615807,5250956.196675754,-56396.338260798846,40.94604904187397,0.19191613886505365,0.9001663303934038,-0.2541706804186106
2026-04-23 07:35:33.700,3509447.0922531267,779134.6357107189,5250956.157726604,-56401.28387094653,41.0135662488051,0.14502576552331448,0.9674913820344955,-0.389491505920887
2026-04-23 07:35:33.800,3509447.1107645994,779134.7482869335,5250956.143168068,-56406.21013251035,41.04541266944064,0.1851147273555398,1.1257621459662914,-0.14558536000549793
2026-04-23 07:35:33.900,3509447.1233238624,779134.8478449469,5250956.106982397,-56411.16134285195,41.00177374371633,0.12559263035655022,0.9955801337491721,-0.36185670644044876
2026-04-23 07:35:34.000,3509447.128375795,779134.9685546918,5250956.083559951,-56416.10643585973,41.02786531345299,0.05051932763308287,1.2070974486414343,-0.23422446101903915
2026-04-23 07:35:34.100,3509447.157754475,779135.0616589786,5250956.050016875,-56421.05623534764,41.00075750457375,0.293786795809865,0.9310428681783378,-0.3354307543486357
2026-04-23 07:35:34.200,3509447.173025998,779135.1824737063,5250956.027250471,-56426.00343894434,40.931097125126136,0.15271523036062717,1.2081472773570567,-0.22766404785215855
2026-04-23 07:35:34.300,3509447.188046218,779135.2806369896,5250956.00061093,-56430.941382516015,40.98046351759343,0.15020220074802637,0.9816328331362456,-0.26639540679752827
2026-04-23 07:35:34.400,3509447.226677447,779135.4009789285,5250955.965480519,-56435.87922765804,40.96152290907305,0.386312291957438,1.2034193892031908,-0.35130410455167294
2026-04-23 07:35:34.500,3509447.2325307685,779135.5146388835,5250955.907031467,-56440.82299703843,40.92426013095567,0.058533214032649994,1.1365995497908443,-0.5844905227422714
2026-04-23 07:35:34.600,3509447.265441775,779135.6295809449,5250955.907845452,-56445.751532047136,40.935880098011204,0.3291100636124611,1.1494206136558205,0.008139852434396744
2026-04-23 07:35:34.700,3509447.2953396398,779135.7291546849,5250955.854549612,-56450.6946227901,40.970296902771686,0.29897864907979965,0.9957374003715813,-0.5329584050923586
2026-04-23 07:35:34.800,3509447.3117446355,779135.8422750831,5250955.825272838,-56455.639047785604,40.94551549601594,0.16404995694756508,1.1312039813492447,-0.29276774264872074
2026-04-23 07:35:34.900,3509447.326356731,779135.9646731413,5250955.789493471,-56460.587003805544,40.942576915808196,0.14612095430493355,1.2239805818535388,-0.3577936626970768
2026-04-23 07:35:35.000,3509447.3328108075,779136.1057359483,5250955.780832284,-56465.5205081641,40.92980782471828,0.06454076617956161,1.410628070589155,-0.08661187253892422
2026-04-23 07:35:35.100,3509447.321699052,779136.243970418,5250955.792347659,-56470.46462255484,40.924739295873415,-0.11111755389720201,1.3823446969036013,0.11515375226736069
2026-04-23 07:35:35.200,3509447.3310012203,779136.3673328833,5250955.754080135,-56475.41500123293,40.95511967703256,0.09302168153226376,1.2336246529594064,-0.382675239816308
2026-04-23 07:35:35.300,3509447.3249339433,779136.4817733465,5250955.714525266,-56480.38102037837,40.93319715234069,-0.06067276932299137,1.1444046325050294,-0.3955486975610256
2026-04-23 07:35:35.400,3509447.313746518,779136.5901455793,5250955.737574487,-56485.31347808379,40.86421499393712,-0.11187425348907709,1.0837223276030272,0.23049221374094486
2026-04-23 07:35:35.500,3509447.291670378,779136.7008104324,5250955.696931932,-56490.28164362385,40.93733929563779,-0.220761401578784,1.1066485312767327,-0.40642554871737957
2026-04-23 07:35:35.600,3509447.298281463,779136.8329564178,5250955.684515191,-56495.21265395046,40.94615809684962,0.06611085031181574,1.3214598537888378,-0.12416740879416466
2026-04-23 07:35:35.700,3509447.3072200976,779136.9585207404,5250955.665418412,-56500.1600494569,40.948098411174456,0.08938634768128395,1.2556432257406414,-0.19096779637038708
2026-04-23 07:35:35.800,3509447.2748887213,779137.092528946,5250955.655749318,-56505.11075344237,40.92841530982034,-0.3233137633651495,1.3400820561219007,-0.09669093415141106
2026-04-23 07:35:35.900,3509447.262715895,779137.206869426,5250955.654034382,-56510.05264335423,40.88312061413712,-0.1217282610014081,1.1434047995135188,-0.017149364575743675
2026-04-23 07:35:36.000,3509447.203494075,779137.3043038079,5250955.611790273,-56515.0388897617,40.997108240841754,-0.5922181997448206,0.9743438195437193,-0.4224410839378834
2026-04-23 07:35:36.100,3509448.833748913,779138.5928655897,5250957.069938771,-56518.31017382917,49.87831269169275,16.302548376843333,12.885617817519233,14.581484980881214
2026-04-23 07:35:36.200,3509448.833955627,779138.7092259773,5250957.070548862,-56523.24964365976,49.82905608716649,0.0020671403035521507,1.163603876484558,0.006100907921791077
2026-04-23 07:35:36.300,3509447.0610052533,779137.648297581,5250955.498276132,-56529.9710033372,34.22085858399446,-17.729503735899925,-10.6092839629855,-15.722727300599217
2026-04-23 07:35:36.400,3509447.043251625,779137.7572329318,5250955.47751645,-56534.92860223794,34.22921962223671,-0.177536285482347,1.0893535078503191,-0.20759682171046734
2026-04-23 07:35:36.500,3509447.0332709914,779137.8621952599,5250955.460591144,-56539.873111777866,34.24815730032531,-0.0998063338920474,1.0496232809964567,-0.1692530605942011
2026-04-23 07:35:36.600,3509446.9861225705,779137.954922072,5250955.404592095,-56544.859961604816,34.28643039679243,-0.47148420941084623,0.9272681211587042,-0.5599904898554087
2026-04-23 07:35:36.700,3509446.9717715182,779138.048122778,5250955.372095959,-56549.81659780487,34.27755604518909,-0.14351052232086658,0.9320070594549179,-0.324961356818676
2026-04-23 07:35:36.800,3509446.9388910197,779138.1279630816,5250955.31042475,-56554.79870445105,34.3371895264798,-0.3288049856200814,0.7984030363149941,-0.6167120952159166
2026-04-23 07:35:36.900,3509446.910398434,779138.2305995087,5250955.295776659,-56559.75616042813,34.37422093594682,-0.2849258575588465,1.0263642715290189,-0.14648091048002243
2026-04-23 07:35:37.000,3509446.8949459023,779138.3380744001,5250955.261991253,-56564.707847574806,34.35687277550395,-0.1545253163203597,1.0747489135246724,-0.33785405568778515
2026-04-23 07:35:37.100,3509446.8780460535,779138.4511257434,5250955.245506579,-56569.65693231346,34.40218014584929,-0.16899848822504282,1.1305134335998446,-0.1648467406630516
2026-04-23 07:35:37.200,3509446.8680785876,779138.5810971553,5250955.23697787,-56574.59918951248,34.442683297621166,-0.0996746588498354,1.2997141189407557,-0.08528709411621094
2026-04-23 07:35:37.300,3509446.864592481,779138.7001437581,5250955.231668692,-56579.537774126984,34.382861289226305,-0.03486106637865305,1.1904660274740309,-0.05309177562594414
2026-04-23 07:35:37.400,3509446.867976972,779138.8419239884,5250955.233208023,-56584.47016369326,34.37152737670949,0.03384490963071585,1.4178023033309728,0.01539330929517746
2026-04-23 07:35:37.500,3509446.875425039,779138.9748256053,5250955.226152037,-56589.40457690386,34.377220786295254,0.07448066957294941,1.329016168601811,-0.07055985741317272
2026-04-23 07:35:37.600,3509446.879179916,779139.1042532942,5250955.213930805,-56594.33803557063,34.32466581708167,0.03754877019673586,1.294276888947934,-0.12221232056617737
2026-04-23 07:35:37.700,3509446.8842670457,779139.2373261875,5250955.208062552,-56599.26880351392,34.29390511530006,0.05087129771709442,1.3307289336808026,-0.058682532981038094
2026-04-23 07:35:37.800,3509446.897070287,779139.3870780318,5250955.213359897,-56604.19224357144,34.25641667461587,0.1280324114486575,1.4975184423383325,0.05297345109283924
2026-04-23 07:35:37.900,3509447.053566485,779139.4913114818,5250955.133290228,-56609.0725644195,41.0702817872381,1.5649619838222861,1.042334500234574,-0.8006966859102249
2026-04-23 07:35:38.000,3509447.0607726406,779139.6405411151,5250955.113562098,-56614.00508432996,41.06611767159361,0.07206155452877283,1.492296332726255,-0.19728130660951138
2026-04-23 07:35:38.100,3509447.075300727,779139.794225791,5250955.105463928,-56618.938184818915,41.01871430273259,0.1452808640897274,1.536846759263426,-0.08098170161247253
2026-04-23 07:35:38.200,3509447.0838766466,779139.933810808,5250955.0852125175,-56623.88649762286,41.048779305801304,0.08575919549912214,1.3958501699380577,-0.20251410081982613
2026-04-23 07:35:38.300,3509447.103828031,779140.0778059994,5250955.068287856,-56628.81745415796,41.004617711784604,0.19951384514570236,1.4399519143626094,-0.16924661584198475
2026-04-23 07:35:38.400,3509447.109531087,779140.2257457743,5250955.033286586,-56633.759097626316,41.05226002420863,0.05703055765479803,1.4793977490626276,-0.35001269541680813
2026-04-23 07:35:38.500,3509447.1178926593,779140.3471548714,5250955.0150157325,-56638.71562667291,41.03771550832756,0.08361572399735451,1.2140909710433334,-0.18270853906869888
2026-04-23 07:35:38.600,3509447.1066103536,779140.4928735036,5250955.014694178,-56643.64957872695,41.013488195432174,-0.1128230569884181,1.4571863214951009,-0.003215549513697624
2026-04-23 07:35:38.700,3509447.102576469,779140.6065161263,5250955.004665694,-56648.58779345295,41.04058325325003,-0.0403388449922204,1.1364262271672487,-0.10028483346104622
2026-04-23 07:35:38.800,3509447.1149254483,779140.7608472408,5250954.982140822,-56653.52939074277,40.97937891013762,0.12348979245871305,1.5433111449237913,-0.22524871863424778
2026-04-23 07:35:38.900,3509447.123346304,779140.926366439,5250954.956165121,-56658.46871293908,40.985152054176616,0.08420855738222599,1.6551919816993177,-0.2597570139914751
2026-04-23 07:35:39.000,3509447.10970459,779141.0924227672,5250954.935148465,-56663.422187089665,40.937160820947085,-0.13641714118421078,1.6605632822029293,-0.2101665548980236
2026-04-23 07:35:39.100,3509447.1131127602,779141.2482969298,5250954.916168526,-56668.36800182127,40.93412991524381,0.034081703051924706,1.558741625631228,-0.18979939632117748
2026-04-23 07:35:39.200,3509447.1013011495,779141.3880639942,5250954.914282584,-56673.30526260844,41.01931486730722,-0.11811610776931047,1.39767064480111,-0.018859421834349632
2026-04-23 07:35:39.300,3509447.1154929367,779141.5303388103,5250954.8946550945,-56678.233300909706,41.022193576097145,0.14191787224262953,1.4227481605485082,-0.19627489149570465
2026-04-23 07:35:39.400,3509447.115706077,779141.6815023042,5250954.877060374,-56683.1685487233,40.93153238517447,0.0021314015612006187,1.5116349386516958,-0.17594720236957073
2026-04-23 07:35:39.500,3509447.1096354206,779141.8436067061,5250954.868389801,-56688.09646216862,40.960852099525006,-0.060706562362611294,1.621044019702822,-0.08670573122799397
2026-04-23 07:35:39.600,3509447.1078091864,779142.0040630292,5250954.845342722,-56693.033885172896,40.975015603501376,-0.018262341618537903,1.6045632306486368,-0.2304707933217287
2026-04-23 07:35:39.700,3509447.1298687817,779142.175356869,5250954.817636865,-56697.97238517187,40.90970982527638,0.22059595212340355,1.7129383981227875,-0.2770585659891367
2026-04-23 07:35:39.800,3509447.1161667346,779142.3302847263,5250954.813429444,-56702.899806807756,40.9703608722273,-0.13702047057449818,1.549278573365882,-0.042074210941791534
2026-04-23 07:35:39.900,3509447.1166361123,779142.4695408257,5250954.777979823,-56707.83539312567,40.95941243243201,0.004693777300417423,1.3925609935540706,-0.3544962126761675
2026-04-23 07:35:40.000,3509447.119645278,779142.6376885482,5250954.737876798,-56712.76882004399,40.95926098956483,0.030091656371951103,1.681477224919945,-0.40103024803102016
2026-04-23 07:35:40.100,3509447.123576608,779142.8073141513,5250954.703864,-56717.694432081036,40.97825589564869,0.039313300512731075,1.6962560312822461,-0.34012798219919205
2026-04-23 07:35:40.200,3509447.123765138,779142.9596746052,5250954.68489145,-56722.61909182562,41.001464940274275,0.0018852995708584785,1.5236045385245234,-0.18972549587488174
2026-04-23 07:35:40.300,3509447.125302712,779143.1130106469,5250954.658614193,-56727.544022262184,40.9856433941078,0.015375739894807339,1.53336041723378,-0.2627725712954998
2026-04-23 07:35:40.400,3509447.138601869,779143.2475318748,5250954.638384827,-56732.46052432782,40.973935652878495,0.13299156911671162,1.3452122791204602,-0.20229365676641464
2026-04-23 07:35:40.500,3509447.144289468,779143.3879973713,5250954.624932784,-56737.3747224749,40.96718445124681,0.05687599070370197,1.4046549645718187,-0.13452043756842613
2026-04-23 07:35:40.600,3509447.1566346395,779143.5303224233,5250954.598638716,-56742.29079150611,41.02608049872251,0.1234517153352499,1.4232505206018686,-0.2629406750202179
2026-04-23 07:35:40.700,3509447.1679856325,779143.6854440885,5250954.578153037,-56747.20739721438,40.98590389328268,0.11350993067026138,1.5512166521511972,-0.20485679619014263
2026-04-23 07:35:40.800,3509447.1835746993,779143.8308246742,5250954.532922655,-56752.14387382718,41.05768743608921,0.1558906678110361,1.45380585687235,-0.45230381190776825
2026-04-23 07:35:40.900,3509447.189676678,779143.9864110193,5250954.502187871,-56757.07246565098,41.02500235556492,0.06101978477090597,1.5558634512126446,-0.30734783969819546
2026-04-23 07:35:41.000,3509447.21221944,779144.1325544527,5250954.496529462,-56761.97785535963,41.02248803454366,0.22542762104421854,1.461434334050864,-0.05658409558236599
2026-04-23 07:35:41.100,3509447.223090186,779144.2901686765,5250954.446299904,-56766.91239505036,41.04822704334347,0.10870745871216059,1.5761422377545387,-0.5022955778986216
2026-04-23 07:35:41.200,3509447.2393411207,779144.4329162858,5250954.4279883895,-56771.83171125415,41.03611993692359,0.16250934917479753,1.4274760929401964,-0.18311514519155025
2026-04-23 07:35:41.300,3509447.2555114953,779144.603362083,5250954.387305879,-56776.76871197364,41.08557915788123,0.1617037458345294,1.7044579715002328,-0.4068251047283411
2026-04-23 07:35:41.400,3509447.282366947,779144.7670799987,5250954.373781026,-56781.685342939716,40.99880765082505,0.2685545152053237,1.6371791576966643,-0.13524852693080902
2026-04-23 07:35:41.500,3509447.294818835,779144.9189702321,5250954.336999307,-56786.62245348449,41.079494899531106,0.12451888062059879,1.518902333918959,-0.3678171895444393
2026-04-23 07:35:41.600,3509447.321289805,779145.0597382707,5250954.302032425,-56791.545418684764,41.149687009586856,0.2647097036242485,1.4076803857460618,-0.34966882318258286
2026-04-23 07:35:41.700,3509447.3297808887,779145.2139192483,5250954.264731004,-56796.478240082484,41.12437218184124,0.08491083513945341,1.5418097760993987,-0.3730142116546631
2026-04-23 07:35:41.800,3509447.3495350885,779145.3729482555,5250954.240395497,-56801.38678351611,41.106300911082734,0.19754199776798487,1.5902900719083846,-0.24335507303476334
2026-04-23 07:35:41.900,3509447.360461253,779145.5214125967,5250954.197890724,-56806.31913022175,41.11219403574929,0.1092616468667984,1.484643411822617,-0.42504772543907166
2026-04-23 07:35:42.000,3509447.366046761,779145.6913525796,5250954.1702271635,-56811.24077325539,41.1408848639494,0.05585507955402136,1.699399829376489,-0.2766356058418751
2026-04-23 07:35:42.100,3509447.3909727638,779145.8319676009,5250954.143215152,-56816.154694849225,41.128841748509345,0.24926002603024244,1.4061502122785896,-0.2701201103627682
2026-04-23 07:35:42.200,3509447.400663435,779145.9797560192,5250954.111976057,-56821.08040112048,41.156249601290135,0.09690671227872372,1.4778841834049672,-0.3123909514397383
2026-04-23 07:35:42.300,3509447.5069330866,779146.1023263913,5250954.056549297,-56825.960896189885,34.31558146517605,1.0626965155825019,1.2257037207018584,-0.554267605766654
2026-04-23 07:35:42.400,3509447.514478354,779146.2528425893,5250954.013964954,-56830.89661849803,34.30368359403415,0.07545267231762409,1.5051619801670313,-0.42584342882037163
2026-04-23 07:35:42.500,3509447.5586638404,779146.4202907167,5250954.002953642,-56835.788038497645,34.29940749022483,0.4418548662215471,1.6744812740944326,-0.11011311784386635
2026-04-23 07:35:42.600,3509447.5440718615,779146.5711353716,5250953.965439322,-56840.731207002056,34.31329744633901,-0.1459197886288166,1.5084465488325804,-0.3751431964337826
2026-04-23 07:35:42.700,3509447.545234585,779146.7250784971,5250953.941340827,-56845.65066641748,34.311554889917296,0.011627236381173134,1.5394312550779432,-0.2409849502146244
2026-04-23 07:35:42.800,3509447.5631944323,779146.8721835497,5250953.897320446,-56850.57558701905,34.29703157682933,0.1795984711498022,1.4710505260154605,-0.4402038175612688
2026-04-23 07:35:42.900,3509447.571781276,779147.0312677769,5250953.871826114,-56855.50286078053,34.30589419298202,0.08586843498051167,1.5908422716893256,-0.2549433149397373
2026-04-23 07:35:43.000,3509447.575261057,779147.1933132729,5250953.839080509,-56860.41976075078,34.32545090403445,0.034797810949385166,1.6204549605026841,-0.3274560533463955
2026-04-23 07:35:43.100,3509447.602477636,779147.3372648772,5250953.806383235,-56865.326641657375,34.31934964528723,0.2721657929942012,1.439516042592004,-0.32697273418307304
2026-04-23 07:35:43.200,3509447.605076292,779147.4876961937,5250953.780726255,-56870.239307287906,34.32074197039492,0.025986558757722378,1.5043131657876074,-0.25656980462372303
2026-04-23 07:35:43.300,3509447.6089384737,779147.6343001144,5250953.748216618,-56875.16135435572,41.22528905340594,0.03862181678414345,1.4660392061341554,-0.325096370652318
2026-04-23 07:35:43.400,3509447.636728917,779147.7862888036,5250953.730420133,-56880.07053567115,41.19246638320954,0.27790443040430546,1.5198868920560926,-0.17796484753489494
2026-04-23 07:35:43.500,3509447.6432156013,779147.9349450822,5250953.697725391,-56884.994088063766,41.18209073744706,0.06486684549599886,1.4865627861581743,-0.326947420835495
2026-04-23 07:35:43.600,3509447.65160206,779148.0927019918,5250953.671025986,-56889.898427565175,41.266819371256034,0.08386458735913038,1.577569096116349,-0.26699405163526535
2026-04-23 07:35:43.700,3509447.6668378585,779148.2569728656,5250953.646373785,-56894.81872810525,41.16325567025353,0.15235798433423042,1.642708737635985,-0.24652200751006603
2026-04-23 07:35:43.800,3509447.6778327976,779148.4084605286,5250953.6099368315,-56899.73216953817,41.18964933866948,0.10994939133524895,1.514876630390063,-0.364369535818696
2026-04-23 07:35:43.900,3509447.679722237,779148.5535844216,5250953.576517708,-56904.6500198535,41.23974005966873,0.018894392997026443,1.451238930458203,-0.33419123850762844
2026-04-23 07:35:44.000,3509447.6814061585,779148.7138015492,5250953.5699718045,-56909.555098804056,41.18471711268342,0.01683921553194523,1.6021712752990425,-0.06545903161168098
2026-04-23 07:35:44.100,3509447.69468218,779148.8577410193,5250953.527940458,-56914.47324136541,41.16372161830505,0.1327602146193385,1.4393947017379105,-0.42031346820294857
2026-04-23 07:35:44.200,3509447.6966325548,779149.0255808015,5250953.512824287,-56919.38142045788,41.20634712202308,0.019503748044371605,1.6783978219609708,-0.1511617098003626
2026-04-23 07:35:44.300,3509447.700366868,779149.1812856665,5250953.464057316,-56924.30584065104,41.147715751859224,0.03734313417226076,1.5570486499927938,-0.4876697063446045
2026-04-23 07:35:44.400,3509447.718052707,779149.3254485457,5250953.440399621,-56929.21354467184,41.132522185975425,0.17685838975012302,1.4416287920903414,-0.23657695390284061
2026-04-23 07:35:44.500,3509447.732517041,779149.4869594306,5250953.416023715,-56934.1352142741,41.16479527052779,0.14464333653450012,1.6151088487822562,-0.2437590528279543
2026-04-23 07:35:44.600,3509447.72775796,779149.635652343,5250953.389431365,-56939.04522524774,41.12686495941161,-0.04759080708026886,1.4869291242212057,-0.2659235056489706
2026-04-23 07:35:44.700,3509447.738542578,779149.7805713804,5250953.351871613,-56943.96580964965,41.15256233469876,0.10784618090838194,1.449190373532474,-0.3755975142121315
2026-04-23 07:35:44.800,3509447.7648219075,779149.9379605288,5250953.317823291,-56948.87631272386,41.13136429262235,0.262793293222785,1.5738914837129414,-0.3404832258820534
2026-04-23 07:35:44.900,3509447.744893149,779150.0880062645,5250953.289344913,-56953.80452506279,41.13559137601713,-0.1992875849828124,1.5004573576152325,-0.28478377498686314
2026-04-23 07:35:45.000,3509447.7516616657,779150.2543903658,5250953.259837906,-56958.71212201371,41.140726507231626,0.06768516730517149,1.6638410126324743,-0.2950700744986534
2026-04-23 07:35:45.100,3509447.762321687,779150.398170524,5250953.218097762,-56963.620427672846,41.103131685820294,0.10660021100193262,1.4378015825059265,-0.41740143671631813
2026-04-23 07:35:45.200,3509447.7684808504,779150.5669790952,5250953.206784645,-56968.527042563626,41.09204845449744,0.06159163545817137,1.688085711793974,-0.11313117109239101
2026-04-23 07:35:45.300,3509447.771716925,779150.711603716,5250953.187037436,-56973.43787713104,41.0641357877042,0.032360744662582874,1.4462462079245597,-0.19747208803892136
2026-04-23 07:35:45.400,3509447.788440012,779150.8550066751,5250953.160727321,-56978.36059793549,40.996070888607036,0.16723087057471275,1.4340295910369605,-0.2631011512130499
2026-04-23 07:35:45.500,3509447.7901137825,779150.9950440864,5250953.136278991,-56983.28124204012,40.994396030112405,0.016737706027925014,1.4003741124179214,-0.24448330514132977
2026-04-23 07:35:45.600,3509447.800460807,779151.1341343337,5250953.12563268,-56988.180804669886,40.94108542525744,0.10347024537622929,1.3909024733584374,-0.1064631063491106
2026-04-23 07:35:45.700,3509447.79175868,779151.2935628811,5250953.089920727,-56993.1154267606,40.96020735366849,-0.08702127262949944,1.5942854736931622,-0.35711953416466713
2026-04-23 07:35:45.800,3509447.7994434065,779151.4556030588,5250953.055392467,-56998.03370928875,40.97451441080072,0.07684726733714342,1.6204017773270607,-0.34528259187936783
2026-04-23 07:35:45.900,3509447.8192108404,779151.6088706534,5250953.040550997,-57002.93299931992,40.983167989855524,0.19767433870583773,1.5326759463641793,-0.148414708673954
2026-04-23 07:35:46.000,3509447.826357807,779151.784720367,5250952.997060349,-57007.85498035291,40.98095341722641,0.07146966643631458,1.7584971361793578,-0.43490647338330746
2026-04-23 07:35:46.100,3509447.826469518,779151.9295542146,5250952.961064347,-57012.773820571616,40.984455185779865,0.0011171074584126472,1.448338475311175,-0.3599600214511156
2026-04-23 07:35:46.200,3509447.8478239034,779152.0943532367,5250952.955877512,-57017.671958404186,40.89411111209411,0.21354385651648045,1.6479902213905007,-0.05186835303902626
2026-04-23 07:35:46.300,3509447.849675594,779152.2341070635,5250952.92371845,-57022.58404321693,40.86041100040892,0.018516904674470425,1.3975382677745074,-0.3215906210243702
2026-04-23 07:35:46.400,3509447.856219334,779152.3758639813,5250952.894103327,-57027.49704552537,40.87516778148697,0.06543740164488554,1.4175691781565547,-0.29615122824907303
2026-04-23 07:35:46.500,3509447.863347216,779152.5197708766,5250952.860593027,-57032.41801308199,40.866301562003194,0.07127881981432438,1.4390689530409873,-0.33510299399495125
2026-04-23 07:35:46.600,3509447.867877255,779152.6745054494,5250952.836205242,-57037.325757736486,40.828580736019646,0.045300391502678394,1.547345727449283,-0.24387785233557224
2026-04-23 07:35:46.700,3509447.885194971,779152.8321261208,5250952.825493573,-57042.220422100676,40.86231907813878,0.17317716032266617,1.5762067143805325,-0.10711668990552425
2026-04-23 07:35:46.800,3509447.8984746886,779152.9953372413,5250952.788463922,-57047.14423320325,40.77758965242652,0.13279717415571213,1.63211120525375,-0.3702965099364519
2026-04-23 07:35:46.900,3509447.8967637755,779153.1453998378,5250952.777203238,-57052.05369701529,40.77217386358597,-0.017109131440520287,1.5006259642541409,-0.11260684579610825
2026-04-23 07:35:47.000,3509447.898184028,779153.302386082,5250952.75670986,-57056.97018552322,40.80883916029683,0.014202524907886982,1.5698624425567687,-0.20493377931416035
2026-04-23 07:35:47.100,3509447.90036642,779153.468431793,5250952.722188326,-57061.90032025283,40.70540133396102,0.021823919378221035,1.6604571102652699,-0.34521534107625484
2026-04-23 07:35:47.200,3509447.910715428,779153.6197252978,5250952.695551132,-57066.814000948994,40.7576786899485,0.1034900825470686,1.5129350475035608,-0.26637193746864796
2026-04-23 07:35:47.300,3509447.8764782567,779153.7872944765,5250952.689806667,-57071.73840225405,40.73182538503815,-0.3423717152327299,1.675691787386313,-0.05744464695453644
2026-04-23 07:35:47.400,3509447.879948958,779153.9271415205,5250952.657187163,-57076.65543640711,40.71072523209969,0.03470701165497303,1.3984704401809722,-0.32619504258036613
2026-04-23 07:35:47.500,3509447.9315939234,779154.0500702793,5250952.652720415,-57081.52500229843,50.86371722328395,0.516449655406177,1.2292875873390585,-0.044667478650808334
2026-04-23 07:35:47.600,3509447.911702799,779154.1910629472,5250952.639665049,-57086.442618285095,50.89884389480456,-0.19891124218702316,1.4099266787525266,-0.13055366463959217
2026-04-23 07:35:47.700,3509447.919208517,779154.3440439971,5250952.618276907,-57091.352182885465,50.848826860370266,0.07505717687308788,1.529810499632731,-0.21388141438364983
2026-04-23 07:35:47.800,3509447.918705447,779154.4919203558,5250952.589130441,-57096.27989947071,50.79149095070885,-0.005030697211623192,1.4787635870743543,-0.291464664041996
2026-04-23 07:35:47.900,3509447.9062922285,779154.6509384831,5250952.560720961,-57101.21030694362,50.78466764999112,-0.1241321861743927,1.5901812724769115,-0.2840948011726141
2026-04-23 07:35:48.000,3509447.9292578935,779154.7976223149,5250952.5606206255,-57106.10812425498,50.800368808925846,0.22965664975345135,1.4668383181560785,-0.0010033510625362396
2026-04-23 07:35:48.100,3509450.8963844287,779152.8147833428,5250954.62212123,-57107.98857770277,61.94587438981853,29.671265352517366,-19.828389721224084,20.61500604264438
2026-04-23 07:35:48.200,3509450.8965059742,779152.9615918027,5250954.592194638,-57112.91059130756,62.05299851493897,0.0012154551222920418,1.468084598891437,-0.2992659155279398
2026-04-23 07:35:48.300,3509448.6889404305,779154.5208926009,5250953.845352969,-57119.62939008152,38.42508015500133,-22.0756554370746,15.593007982242852,-7.468416690826416
2026-04-23 07:35:48.400,3509448.6848287852,779154.667964118,5250953.839267678,-57124.53791939822,38.40964541545635,-0.041116452775895596,1.47071517072618,-0.06085291504859924
2026-04-23 07:35:48.500,3509448.876641841,779154.6066562283,5250953.96538289,-57129.24243507943,47.925723316011016,1.9181305589154363,-0.6130788964219391,1.261152122169733
2026-04-23 07:35:48.600,3509448.8371067536,779154.7465262471,5250953.939005698,-57134.1768194898,47.967624188145,-0.39535087533295155,1.398700188146904,-0.2637719176709652
2026-04-23 07:35:48.700,3509448.7907905057,779154.8749398653,5250953.925479375,-57139.11068573328,48.0157702399187,-0.46316247899085283,1.28413618193008,-0.1352632325142622
2026-04-23 07:35:48.800,3509448.7567989323,779154.9892199847,5250953.9034993565,-57144.0485003571,47.99369623777321,-0.3399157337844372,1.1428011942189187,-0.21980018354952335
2026-04-23 07:35:48.900,3509448.7190726236,779155.0883344561,5250953.893005707,-57148.984900991665,48.01025390184297,-0.37726308684796095,0.9911447134800255,-0.10493649169802666
2026-04-23 07:35:49.000,3509448.6931585497,779155.1776454813,5250953.889182187,-57153.9129089728,48.0388297787185,-0.25914073921740055,0.893110252218321,-0.03823520615696907
2026-04-23 07:35:49.100,3509448.6493071555,779155.2891810406,5250953.86977315,-57158.85860908746,48.061687201166485,-0.43851394206285477,1.1153555929195136,-0.1940903626382351
2026-04-23 07:35:49.200,3509448.633031536,779155.4035186569,5250953.849187023,-57163.781558311035,48.09707987293011,-0.16275619622319937,1.1433761625085026,-0.20586127415299416
2026-04-23 07:35:49.300,3509448.5883997246,779155.5350200443,5250953.842598872,-57168.7154982479,48.02717244724972,-0.44631811324507,1.3150138745550066,-0.0658815074712038
2026-04-23 07:35:49.400,3509448.546919777,779155.6491933471,5250953.865439997,-57173.627510623366,48.07967789865757,-0.4147994751110673,1.141733027761802,0.22841124795377254
2026-04-23 07:35:49.500,3509448.4876960185,779155.7545206273,5250953.87107876,-57178.56271959085,48.031599797818856,-0.5922375852242112,1.0532728023827076,0.056387633085250854
2026-04-23 07:35:49.600,3509448.4329570835,779155.8726462703,5250953.840353815,-57183.51649334742,48.058488795462864,-0.5473893508315086,1.1812564299907535,-0.3072494547814131
2026-04-23 07:35:49.700,3509448.394703112,779155.9863375956,5250953.876466497,-57188.43024606782,48.061316781986115,-0.38253971375525,1.1369132529944181,0.36112681962549686
2026-04-23 07:35:49.800,3509448.3183633653,779156.1044802961,5250953.861526041,-57193.379157650925,48.053308700578164,-0.7633974682539701,1.181427005212754,-0.14940455555915833
2026-04-23 07:35:49.900,3509448.2642395934,779156.2233536424,5250953.892053091,-57198.295708536454,48.01490104020692,-0.5412377184256911,1.1887334624771029,0.3052704967558384
2026-04-23 07:35:50.000,3509448.186166833,779156.3250888556,5250953.884821751,-57203.23779531563,48.12414366976045,-0.7807276025414467,1.0173521318938583,-0.07231339812278748
2026-04-23 07:35:50.100,3509448.120058299,779156.4446394929,5250953.900366132,-57208.16933763649,48.062898765434355,-0.6610853411257267,1.195506373187527,0.15544380992650986
2026-04-23 07:35:50.200,3509448.0490467735,779156.5732616881,5250953.907094792,-57213.11278724262,48.06018981621084,-0.7101152557879686,1.2862219521775842,0.06728660315275192
2026-04-23 07:35:50.300,3509447.972339658,779156.6768489016,5250953.906604266,-57218.06050124187,48.076905967937805,-0.7670711539685726,1.0358721343800426,-0.004905266687273979
2026-04-23 07:35:50.400,3509447.9070745218,779156.7698910767,5250953.9346914785,-57222.978043195435,48.08702534313637,-0.6526513630524278,0.9304217516910285,0.28087212704122066
2026-04-23 07:35:50.500,3509447.8354643723,779156.8794716039,5250953.954387143,-57227.91254967693,48.00557626378749,-0.7161014946177602,1.095805271761492,0.19695664756000042
2026-04-23 07:35:50.600,3509447.769955304,779156.9909579039,5250953.964901026,-57232.852329862995,48.05628274777815,-0.6550906831398606,1.1148630001116544,0.10513883084058762
2026-04-23 07:35:50.700,3509447.69772269,779157.0916448148,5250953.972400987,-57237.79305583068,48.12564102335829,-0.7223261380568147,1.006869109114632,0.07499960251152515
2026-04-23 07:35:50.800,3509447.624116262,779157.1850205786,5250953.990184997,-57242.742067722604,48.096521432565154,-0.736064282245934,0.9337576373945922,0.17784010618925095
2026-04-23 07:35:50.900,3509447.535908057,779157.2806074688,5250954.00177088,-57247.69087867721,48.14336092885407,-0.882082050666213,0.9558689023833722,0.11585882864892483
2026-04-23 07:35:51.000,3509447.481761789,779157.3961171367,5250954.029248848,-57252.609177038394,48.15532938512222,-0.5414626793935895,1.155096678994596,0.2747796755284071
2026-04-23 07:35:51.100,3509447.4091145755,779157.4868269144,5250954.051460045,-57257.54214876038,48.15904350787885,-0.7264721347019076,0.9070977766532451,0.22211197763681412
2026-04-23 07:35:51.200,3509447.3336190735,779157.5850163887,5250954.075552066,-57262.47439708483,48.17123188460073,-0.7549550198018551,0.9818947431631386,0.24092020466923714
2026-04-23 07:35:51.300,3509447.2430352247,779157.6739231833,5250954.112522448,-57267.411278221174,48.14234818371534,-0.9058384876698256,0.8890679467003793,0.36970382556319237
2026-04-23 07:35:51.400,3509447.1665703678,779157.757977167,5250954.120062338,-57272.341284323425,48.21582803918279,-0.7646485697478056,0.8405398367904127,0.0753988977521658
2026-04-23 07:35:51.500,3509447.090281487,779157.8561851417,5250954.150935672,-57277.264061094225,48.20156347360014,-0.7628888078033924,0.9820797469001263,0.30873334035277367
2026-04-23 07:35:51.600,3509447.0057822196,779157.9385579483,5250954.1859651,-57282.19696462126,48.203273854994876,-0.8449926739558578,0.8237280661705881,0.3502942807972431
2026-04-23 07:35:51.700,3509446.929476073,779158.0193109035,5250954.208038926,-57287.13239160424,48.188608882204726,-0.7630614656955004,0.8075295516755432,0.2207382582128048
2026-04-23 07:35:51.800,3509446.857083083,779158.0923158693,5250954.2472009575,-57292.05574185879,48.1368148789636,-0.7239298988133669,0.7300496578682214,0.3916203137487173
2026-04-23 07:35:51.900,3509446.762376882,779158.1531823932,5250954.268271477,-57296.98182340142,48.196460214355724,-0.9470620099455118,0.6086652388330549,0.2107051946222782
2026-04-23 07:35:52.000,3509446.677317505,779158.2267612336,5250954.3224371625,-57301.89953496966,48.19503829637102,-0.8505937736481428,0.7357884047087282,0.541656855493784
2026-04-23 07:35:52.100,3509446.5970426877,779158.293429152,5250954.354163859,-57306.822046534886,48.221697969134794,-0.8027481706812978,0.6666791834868491,0.3172669652849436
2026-04-23 07:35:52.200,3509446.5193087007,779158.3489737283,5250954.409213625,-57311.73461301649,48.10665045447417,-0.7773398701101542,0.5554457625839859,0.5504976585507393
2026-04-23 07:35:52.300,3509446.425817698,779158.4057436474,5250954.441545756,-57316.65998210553,48.157385100453354,-0.9349100291728973,0.5676991911605,0.3233213070780039
2026-04-23 07:35:52.400,3509446.320843358,779158.4457152593,5250954.4828286,-57321.58255218867,48.18528421992217,-1.0497433971613646,0.3997161192819476,0.41282844729721546
2026-04-23 07:35:52.500,3509446.2543282737,779158.5119054539,5250954.547112791,-57326.47803034349,48.10228975289171,-0.6651508435606956,0.6619019457139075,0.6428419053554535
2026-04-23 07:35:52.600,3509446.161869974,779158.5514745538,5250954.590165207,-57331.39896335246,48.16779836290715,-0.9245829982683063,0.395690998993814,0.43052416294813156
2026-04-23 07:35:52.700,3509446.0633407123,779158.6007749942,5250954.656196823,-57336.31406097677,48.12511968750613,-0.9852926153689623,0.49300440470688045,0.6603161618113518
2026-04-23 07:35:52.800,3509445.979611483,779158.6444276873,5250954.702880872,-57341.21429855965,48.170024429873685,-0.8372922940179706,0.4365269304253161,0.4668404906988144
2026-04-23 07:35:52.900,3509448.0127279693,779160.0635214577,5250956.781281938,-57343.89311528263,61.46432525033753,20.3311648638919,14.190937704406679,20.784010654315352
2026-04-23 07:35:53.000,3509445.679169132,779158.6561109282,5250954.724979615,-57351.14294188658,48.46620612110605,-23.33558837417513,-14.074105295585468,-20.563023230060935
2026-04-23 07:35:53.100,3509445.5583523843,779158.6839182089,5250954.742426731,-57356.08891978676,48.39434248614108,-1.208167476579547,0.27807280770502985,0.1744711585342884
2026-04-23 07:35:53.200,3509445.4790528324,779158.7123121617,5250954.810652163,-57360.98386135239,48.33810041584547,-0.7929955190047622,0.28393952758051455,0.682254321873188
2026-04-23 07:35:53.300,3509445.3925804123,779158.7716619262,5250954.881074673,-57365.881284649455,48.2184633059708,-0.8647242002189159,0.5934976448770612,0.7042250968515873
2026-04-23 07:35:53.400,3509445.274677673,779158.7962555127,5250954.922826905,-57370.8001832141,48.28479944123178,-1.1790273943915963,0.24593586567789316,0.4175223223865032
2026-04-23 07:35:53.500,3509445.15984697,779158.7900875965,5250954.960760954,-57375.728383880865,48.49453176656674,-1.1483070300891995,-0.06167916231788695,0.37934049032628536
2026-04-23 07:35:53.600,3509445.016909175,779158.7825442929,5250954.977623124,-57380.68786796414,48.55442965828157,-1.4293779479339719,-0.07543303654529154,0.16862169839441776
2026-04-23 07:35:53.700,3509444.9018694335,779158.7933894732,5250955.030682456,-57385.61237571605,48.54150874152738,-1.150397416204214,0.10845180368050933,0.5305933207273483
2026-04-23 07:35:53.800,3509444.776831561,779158.7887358262,5250955.056513239,-57390.551913666204,48.678410539726556,-1.2503787269815803,-0.046536470763385296,0.2583078294992447
2026-04-23 07:35:53.900,3509444.6736518163,779158.8221532557,5250955.117252647,-57395.46476103804,48.62063766984919,-1.031797444447875,0.33417429542168975,0.6073940824717283
2026-04-23 07:35:54.000,3509443.7720411816,779159.673666132,5250953.82048475,-57401.63589324842,40.59539487357673,-9.016106347553432,8.515128763392568,-12.967678969725966
2026-04-23 07:35:54.100,3509444.467407946,779158.8327338937,5250955.212627067,-57405.30603706603,48.6701129603627,6.9536676444113255,-8.40932238381356,13.921423172578216
2026-04-23 07:35:54.200,3509444.393857009,779158.8641044503,5250955.294925671,-57410.1921878083,48.631915162990175,-0.7355093723163009,0.31370556680485606,0.8229860384017229
2026-04-23 07:35:54.300,3509444.2142389123,779159.0050285063,5250955.331449183,-57415.165420811914,38.92206874771253,-1.796180964447558,1.4092405594419688,0.3652351163327694
2026-04-23 07:35:54.400,3509444.1050266433,779159.02738812,5250955.376884964,-57420.0835755023,39.0291794767807,-1.0921226907521486,0.223596136784181,0.45435781590640545
2026-04-23 07:35:54.500,3509445.45695601,779161.1433604485,5250956.132881757,-57423.91672556733,38.8168640227025,13.519293665885925,21.159723285818473,7.559967925772071
2026-04-23 07:35:54.600,3509445.851041593,779160.6519014093,5250957.411265123,-57427.84740537359,46.495118810035464,3.940855832770467,-4.914590392727405,12.783833658322692
2026-04-23 07:35:54.700,3509445.243947454,779161.1747097943,5250956.239471763,-57433.74107905643,38.88723698242455,-6.070941393263638,5.228083850815892,-11.717933593317866
2026-04-23 07:35:54.800,3509445.1230689962,779161.1953817931,5250956.270973881,-57438.67530013314,38.97679673788532,-1.2087845755741,0.20671998732723296,0.3150211740285158
2026-04-23 07:35:54.900,3509445.0231929193,779161.2141994787,5250956.301026072,-57443.602929086235,39.08611781426668,-0.9987607691437006,0.18817685660906136,0.3005219157785177
2026-04-23 07:35:55.000,3509444.9224178963,779161.2272925994,5250956.366226502,-57448.49565564725,39.129343458091924,-1.007750229910016,0.13093120651319623,0.6520042940974236
2026-04-23 07:35:55.100,3509444.8063048,779161.2339084289,5250956.412532793,-57453.41236762282,39.27049881297571,-1.161130964756012,0.0661582953762263,0.46306291595101357
2026-04-23 07:35:55.200,3509444.7145792195,779161.2411249641,5250956.489123916,-57458.31357784547,39.23651030501325,-0.9172558039426804,0.07216535159386694,0.765911228954792
2026-04-23 07:35:55.300,3509445.1295847185,779160.7271158145,5250957.836001309,-57462.20711691183,46.858720584283304,4.150054990313947,-5.140091496286914,13.468773923814297
2026-04-23 07:35:55.400,3509445.0296050785,779160.7243346361,5250957.907582811,-57467.113598625845,46.93421780246372,-0.999796399846673,-0.027811783365905285,0.7158150244504213
2026-04-23 07:35:55.500,3509444.9241137216,779160.7404562164,5250957.970822887,-57472.013635780284,46.963224929696,-1.0549135692417622,0.16121580265462399,0.6324007548391819
2026-04-23 07:35:55.600,3509447.7608792153,779161.1506474555,5250959.440635489,-57474.46770070801,58.43167531371236,28.367654937319458,4.101912390906364,14.698126027360559
2026-04-23 07:35:55.700,3509444.518297714,779160.733891225,5250957.999266314,-57481.99296116065,47.552718915466734,-32.42581501137465,-4.167562305228785,-14.413691749796271
2026-04-23 07:35:55.800,3509444.47634973,779160.7478614901,5250958.085334433,-57486.85519996056,47.42682721121956,-0.41947984136641026,0.13970265164971352,0.860681189224124
2026-04-23 07:35:55.900,3509447.4779397193,779161.1699159825,5250959.655775467,-57489.159250537305,58.49489940077249,30.015899892896414,4.220544924028218,15.704410336911678
2026-04-23 07:35:56.000,3509447.365544976,779161.1781574045,5250959.71983322,-57494.06458192893,58.50537317968906,-1.123947431333363,0.0824142200872302,0.6405775342136621
2026-04-23 07:35:56.100,3509447.2369316164,779161.1997723315,5250959.795227415,-57498.971284803374,58.58146749488546,-1.2861335976049304,0.21614926983602345,0.7539419457316399
2026-04-23 07:35:56.200,3509447.1027217433,779161.2099351552,5250959.859098951,-57503.89483779356,58.59736904478967,-1.342098731547594,0.10162823717109859,0.6387153640389442
2026-04-23 07:35:56.300,3509446.9857361615,779161.2181050165,5250959.91858003,-57508.80150241453,58.691381274602776,-1.1698558181524277,0.0816986127756536,0.5948107875883579
2026-04-23 07:35:56.400,3509446.8652276313,779161.2376304631,5250959.968482888,-57513.705124955624,58.89969010704755,-1.20508530177176,0.19525446579791605,0.4990285821259022
2026-04-23 07:35:56.500,3509446.7454910246,779161.2561168306,5250960.023047162,-57518.6264928934,58.80082006212351,-1.1973660672083497,0.18486367538571358,0.545642739161849
2026-04-23 07:35:56.600,3509446.6176274153,779161.2723446193,5250960.076767274,-57523.53245659312,58.87579694627009,-1.2786360923200846,0.16227788641117513,0.5372011195868254
2026-04-23 07:35:56.700,3509446.4990306934,779161.29117313,5250960.162102197,-57528.43334259222,59.019460342400144,-1.1859672190621495,0.18828510772436857,0.8533492311835289
2026-04-23 07:35:56.800,3509446.3681840976,779161.298611705,5250960.215395075,-57533.35345370823,58.99798554142899,-1.3084659585729241,0.0743857491761446,0.5329287797212601
2026-04-23 07:35:56.900,3509444.3699485767,779161.8594775588,5250958.051159571,-57540.59231452821,48.448518406893854,-19.982355209067464,5.6086585379671305,-21.642355043441057
2026-04-23 07:35:57.000,3509444.245575189,779161.8833670904,5250958.106385393,-57545.50389820785,48.60461412898658,-1.2437338754534721,0.23889531614258885,0.5522582214325666
2026-04-23 07:35:57.100,3509444.139098689,779161.902131072,5250958.181818481,-57550.40429272144,48.630367915866174,-1.0647650016471744,0.18763981643132865,0.754330875352025
2026-04-23 07:35:57.200,3509444.0158706238,779161.915101859,5250958.221809562,-57555.33446078619,48.71648602891189,-1.232280652038753,0.1297078700736165,0.39991081692278385
2026-04-23 07:35:57.300,3509443.873924557,779161.9296752814,5250958.282535624,-57560.2588547592,48.790767465760055,-1.4194606663659215,0.1457342237699777,0.6072606146335602
2026-04-23 07:35:57.400,3509443.7790906443,779161.9606893257,5250958.358703799,-57565.14286201662,48.83317120853979,-0.9483391279354692,0.3101404430344701,0.7616817485541105
2026-04-23 07:35:57.500,3509443.670086396,779161.9764059663,5250958.426784867,-57570.04893551091,48.79711709445245,-1.0900424839928746,0.1571664062794298,0.6808106880635023
2026-04-23 07:35:57.600,3509445.425492347,779161.4408066381,5250960.716760225,-57572.64109455062,59.43899066375254,17.554059512913227,-5.355993282282725,22.899753572419286
2026-04-23 07:35:57.700,3509443.501844602,779161.9772705202,5250958.638625887,-57579.78911527267,48.63689486898384,-19.236477450467646,5.364638820756227,-20.78134337440133
2026-04-23 07:35:57.800,3509443.376036242,779161.993773483,5250958.689445816,-57584.70206883847,48.663647649420376,-1.25808360055089,0.1650296279694885,0.5081992875784636
2026-04-23 07:35:57.900,3509443.241261838,779162.0157634944,5250958.745192362,-57589.63839496375,48.721865387888585,-1.3477440411224961,0.2199001144617796,0.557465460151434
2026-04-23 07:35:58.000,3509443.099267067,779162.0128496932,5250958.777469603,-57594.58605500766,48.87386049661292,-1.4199477108195424,-0.029138012323528528,0.32277241349220276
2026-04-23 07:35:58.100,3509444.8279674654,779161.4821063223,5250961.040700917,-57597.21578698062,59.847189124385295,17.28700398467481,-5.307433708803728,22.632313137874007
2026-04-23 07:35:58.200,3509442.7672736174,779162.0506388994,5250958.766928801,-57604.55935924303,49.47827529692247,-20.606938479468226,5.685325771337375,-22.73772115819156
2026-04-23 07:35:58.300,3509442.6499206554,779162.0527530854,5250958.846981781,-57609.48194390204,49.49136302711494,-1.173529620282352,0.021141859469935298,0.8005297929048538
2026-04-23 07:35:58.400,3509444.4612188237,779161.5099513562,5250961.196599421,-57612.013625711865,60.10696031737974,18.112981682643294,-5.428017291706055,23.496176404878497
2026-04-23 07:35:58.500,3509442.4204222094,779162.069734231,5250958.969252605,-57619.32271922463,49.53222954550625,-20.40796614252031,5.597828747704625,-22.2734681610018
2026-04-23 07:35:58.600,3509442.3375777304,779162.0889366509,5250959.071382851,-57624.205973288495,49.41857593745442,-0.8284447900950909,0.19202419905923307,1.0213024634867907
2026-04-23 07:35:58.700,3509442.230957514,779162.095279477,5250959.148123619,-57629.103991740485,49.441875905948194,-1.0662021627649665,0.06342826061882079,0.7674076780676842
2026-04-23 07:35:58.800,3509442.1039156476,779162.0964713051,5250959.228999309,-57634.019868103984,49.32641791210971,-1.2704186653718352,0.01191828167065978,0.8087569009512663
2026-04-23 07:35:58.900,3509441.995972302,779162.1129948677,5250959.295498009,-57638.9177178508,49.37597643634174,-1.0794334579259157,0.16523562604561448,0.6649869959801435
2026-04-23 07:35:59.000,3509441.880106125,779162.1195800104,5250959.364521585,-57643.82922544174,49.31848319811939,-1.1586617678403854,0.06585142691619694,0.6902357656508684
2026-04-23 07:35:59.100,3509443.598477709,779161.6195625239,5250961.609872374,-57646.45939799229,60.44297792575404,17.183715840801597,-5.00017486512661,22.45350788347423
2026-04-23 07:35:59.200,3509441.7292622193,779162.1297549576,5250959.587533975,-57653.5483838909,48.99929821273428,-18.692154898308218,5.101924337213859,-20.22338398732245
2026-04-23 07:35:59.300,3509443.348019525,779161.6408981282,5250961.71969314,-57656.29572571041,60.497536899342066,16.187573056668043,-4.888568294700235,21.321591651067138
2026-04-23 07:35:59.400,3509441.497044054,779162.1584278409,5250959.685065204,-57663.36927451901,49.047841471700075,-18.509754710830748,5.175297127570957,-20.3462793584913
2026-04-23 07:35:59.500,3509441.3672349877,779162.1782146617,5250959.719521162,-57668.29783340485,49.189134632798485,-1.2980906618759036,0.19786820746958256,0.3445595782250166
2026-04-23 07:35:59.600,3509441.2499088985,779162.200741609,5250959.76166435,-57673.20897856075,49.21697969988085,-1.1732608918100595,0.22526947315782309,0.4214318748563528
2026-04-23 07:35:59.700,3509441.1307998626,779162.2167099583,5250959.833243267,-57678.11942095909,49.19582568397432,-1.191090359352529,0.15968349296599627,0.71578917093575
2026-04-23 07:35:59.800,3509440.996736461,779162.2079296404,5250959.881368466,-57683.04461341051,49.23380951072276,-1.340634017251432,-0.08780317846685648,0.48125199042260647
2026-04-23 07:35:59.900,3509440.885244507,779162.2397371635,5250959.953298476,-57687.9390155359,49.34374374133002,-1.114919539541006,0.3180752310436219,0.7193000987172127
2026-04-23 07:36:00.000,3509440.744229271,779162.2453049358,5250960.007301833,-57692.87511855702,49.2528113673528,-1.4101523580029607,0.05567772313952446,0.5400335695594549
2026-04-23 07:36:00.100,3509440.641103353,779162.2597859511,5250960.067893029,-57697.769551213,49.17204756251773,-1.0312591819092631,0.1448101527057588,0.6059119664132595
2026-04-23 07:36:00.200,3509440.518806345,779162.2723213122,5250960.134629458,-57702.67750435423,49.26395608534845,-1.222970080561936,0.12535361107438803,0.667364289984107
2026-04-23 07:36:00.300,3509437.99396572,779159.7773152338,5250959.221635851,-57709.355957981395,39.84352446870301,-25.248406250029802,-24.95006078388542,-9.129936071112752
2026-04-23 07:36:00.400,3509437.3628557185,779160.3413513413,5250957.918769334,-57715.33656034057,34.938902386289094,-6.311100013554096,5.640361075056717,-13.028665166348219
2026-04-23 07:36:00.500,3509437.2738480004,779160.3420049922,5250957.965201302,-57720.24056845448,34.958687442263134,-0.8900771802291274,0.006536508444696665,0.4643196798861027
2026-04-23 07:36:00.600,3509437.1789009245,779160.3529259427,5250958.017045294,-57725.14227288566,34.95905818450859,-0.9494707593694329,0.10920950560830534,0.5184399150311947
2026-04-23 07:36:00.700,3509438.4519909583,779160.4371870706,5250963.621482199,-57726.65211257978,41.805542468980285,12.730900337919593,0.8426112786401063,56.044369051232934
2026-04-23 07:36:00.800,3509438.3486982407,779160.45209337,5250963.674949576,-57731.56955287611,41.799531956969304,-1.0329271759837866,0.14906299416907132,0.5346737708896399
2026-04-23 07:36:00.900,3509438.2483120947,779160.4747216974,5250963.789419404,-57736.46039027002,41.82791768440524,-1.003861459903419,0.2262832736596465,1.1446982808411121
2026-04-23 07:36:01.000,3509438.137068656,779160.4714089247,5250963.86214517,-57741.37223129547,41.8663778817262,-1.1124343890696764,-0.033127727219834924,0.7272576540708542
2026-04-23 07:36:01.100,3509438.0225597164,779160.4841681719,5250963.940558211,-57746.28106374681,41.95930762415515,-1.1450893944129348,0.12759247212670743,0.7841304130852222
2026-04-23 07:36:01.200,3509437.908555281,779160.5016436232,5250964.019980863,-57751.198986086696,42.01966729825359,-1.1400443548336625,0.17475451342761517,0.7942265179008245
2026-04-23 07:36:01.300,3509437.8097588527,779160.5244390079,5250964.095170356,-57756.117018728204,42.03313976373193,-0.9879642818123102,0.22795384633354843,0.751894935965538
2026-04-23 07:36:01.400,3509437.7042522845,779160.5261265658,5250964.188823056,-57761.01589426668,42.04270917800611,-1.055065682157874,0.01687557902187109,0.9365270007401705
2026-04-23 07:36:01.500,3509437.6052322797,779160.5295278355,5250964.273794924,-57765.906534231486,42.114220343616644,-0.9902000473812222,0.03401269786991179,0.8497186750173569
2026-04-23 07:36:01.600,3509437.49540579,779160.5343273992,5250964.344441792,-57770.81092957064,42.09715087548392,-1.098264898173511,0.04799563670530915,0.7064686808735132
2026-04-23 07:36:01.700,3509437.3929191013,779160.5364594397,5250964.411725791,-57775.71284502525,42.08592530150789,-1.0248668864369392,0.02132040448486805,0.672839991748333
2026-04-23 07:36:01.800,3509437.276257067,779160.5351319939,5250964.4807982445,-57780.616641889086,42.05364574544058,-1.1666203429922462,-0.013274457305669785,0.6907245330512524
2026-04-23 07:36:01.900,3509437.1651822203,779160.5432165115,5250964.532264827,-57785.52638731776,42.13467972037541,-1.1107484670355916,0.0808451755438,0.5146658234298229
2026-04-23 07:36:02.000,3509437.0551265655,779160.5498706755,5250964.609057766,-57790.43199161008,42.00613364726156,-1.1005565477535129,0.06654164055362344,0.767929395660758
2026-04-23 07:36:02.100,3509436.944407476,779160.556775598,5250964.657050476,-57795.34591728699,42.016853413481364,-1.1071908939629793,0.06904922425746918,0.47992710024118423
2026-04-23 07:36:02.200,3509436.843766652,779160.5727042278,5250964.719693434,-57800.25017105482,41.99408228220525,-1.0064082406461239,0.15928629785776138,0.6264295801520348
2026-04-23 07:36:02.300,3509436.730040031,779160.5838919599,5250964.789638502,-57805.14923123309,41.99836849167981,-1.1372662102803588,0.11187732103280723,0.699450671672821
2026-04-23 07:36:02.400,3509436.6276815194,779160.5925016403,5250964.8473902885,-57810.060513390876,41.95716736371195,-1.0235851164907217,0.08609680458903313,0.577517868950963
2026-04-23 07:36:02.500,3509436.5311940527,779160.6123666073,5250964.912295684,-57814.951413824165,42.00256405676394,-0.9648746671155095,0.19864966976456344,0.6490539573132992
2026-04-23 07:36:02.600,3509436.4285824415,779160.626603323,5250964.979192743,-57819.849208811276,41.9857883302702,-1.0261161113157868,0.14236715738661587,0.6689705885946751
2026-04-23 07:36:02.700,3509436.3305516336,779160.644774979,5250965.046874055,-57824.748609273236,41.983250918295575,-0.9803080791607499,0.1817165594547987,0.6768131162971258
2026-04-23 07:36:02.800,3509436.238520636,779160.6698473733,5250965.125761352,-57829.641572336295,41.94723105169697,-0.9203099738806486,0.25072394288145006,0.7888729684054852
2026-04-23 07:36:02.900,3509436.1433553356,779160.704305697,5250965.202449894,-57834.53576994024,41.92580060354303,-0.9516530064865947,0.3445832373108715,0.766885420307517
2026-04-23 07:36:03.000,3509436.0433855117,779160.7149435643,5250965.264849484,-57839.43948652219,41.92066004499841,-0.9996982384473085,0.10637867264449596,0.6239959038794041
2026-04-23 07:36:03.100,3509435.925171137,779160.720274192,5250965.323132922,-57844.35375096694,41.94709509910253,-1.1821437487378716,0.053306277841329575,0.58283437974751
2026-04-23 07:36:03.200,3509435.829954798,779160.745724208,5250965.38916393,-57849.254865159375,41.931007944503996,-0.9521633898839355,0.25450015906244516,0.6603100802749395
2026-04-23 07:36:03.300,3509435.731791843,779160.7667598091,5250965.461046213,-57854.16035652709,41.9256061632995,-0.9816295467317104,0.2103560115210712,0.7188228331506252
2026-04-23 07:36:03.400,3509435.6322590164,779160.7790464887,5250965.524874414,-57859.08429458986,41.910735609940055,-0.9953282680362463,0.12286679586395621,0.6382820103317499
2026-04-23 07:36:03.500,3509435.531061943,779160.7950120525,5250965.597549436,-57863.99153541497,41.88031653227109,-1.0119707323610783,0.15965563827194273,0.7267502136528492
2026-04-23 07:36:03.600,3509435.4334120797,779160.8163921224,5250965.669058944,-57868.89283873026,41.83038761912701,-0.9764986345544457,0.21380069898441434,0.7150950841605663
2026-04-23 07:36:03.700,3509435.3155304124,779160.8291952921,5250965.737596397,-57873.804631335624,41.91592487384708,-1.1788166733458638,0.1280316966585815,0.6853745318949223
2026-04-23 07:36:03.800,3509435.231018415,779160.8457414884,5250965.807545322,-57878.704884187435,41.94045219890072,-0.8451199717819691,0.16546196304261684,0.6994892470538616
2026-04-23 07:36:03.900,3509435.1242209333,779160.8690941278,5250965.872795152,-57883.608590311334,41.916820691355866,-1.0679748188704252,0.2335263940040022,0.6524982955306768
2026-04-23 07:36:04.000,3509435.0235112207,779160.8885697286,5250965.938889803,-57888.511620969504,42.00907868122786,-1.0070971259847283,0.19475600798614323,0.6609465181827545
2026-04-23 07:36:04.100,3509434.936586919,779160.9047536303,5250966.013369548,-57893.413154791895,41.96462501090766,-0.8692430192604661,0.16183901694603264,0.7447974476963282
2026-04-23 07:36:04.200,3509434.825454061,779160.9194229108,5250966.07099366,-57898.31906514142,42.00477933306891,-1.1113285785540938,0.14669280499219894,0.5762411188334227
2026-04-23 07:36:04.300,3509434.72973759,779160.931111309,5250966.144515264,-57903.22941020825,41.99872247531726,-0.9571647085249424,0.11688398197293282,0.7352160383015871
2026-04-23 07:36:04.400,3509434.622244341,779160.9388854086,5250966.200166165,-57908.13992453133,42.0085998191146,-1.074932492338121,0.07774099591188133,0.5565090104937553
2026-04-23 07:36:04.500,3509434.5301989405,779160.9405114013,5250966.2755007185,-57913.03205048719,42.008699393195556,-0.9204540029168129,0.01625992706976831,0.7533455360680819
2026-04-23 07:36:04.600,3509434.459397717,779160.9598602947,5250966.313614693,-57917.92598162698,41.94713387464913,-0.7080122362822294,0.19348893431015313,0.38113974034786224
2026-04-23 07:36:04.700,3509434.359696392,779160.9708213874,5250966.389658116,-57922.82227720667,41.9960697398384,-0.9970132494345307,0.10961092659272254,0.7604342326521873
2026-04-23 07:36:04.800,3509434.2508769836,779160.9872408417,5250966.444045631,-57927.72837607928,41.96820349341287,-1.0881940834224224,0.1641945436131209,0.5438751541078091
2026-04-23 07:36:04.900,3509434.6801689295,779160.6055247562,5250966.061537877,-57932.47952750295,49.86671510844396,4.292919458821416,-3.817160854814574,-3.8250775448977947
2026-04-23 07:36:05.000,3509434.5692763627,779160.6302745183,5250966.127991378,-57937.38353139182,49.86196679768354,-1.1089256685227156,0.24749762029387057,0.6645350158214569
2026-04-23 07:36:05.100,3509434.4664566545,779160.6467286359,5250966.189986947,-57942.27891534199,49.86948400751321,-1.028197081759572,0.1645411760546267,0.6199556868523359
2026-04-23 07:36:05.200,3509434.356704506,779160.6658782009,5250966.257411484,-57947.17909915545,49.92758792942539,-1.0975214838981628,0.19149565021507442,0.6742453668266535
2026-04-23 07:36:05.300,3509434.2795518334,779160.6944535392,5250966.342624033,-57952.063879747955,49.87964838788212,-0.7715267268940806,0.28575338306836784,0.8521254919469357
2026-04-23 07:36:05.400,3509434.1780707105,779160.7178204372,5250966.413547794,-57956.958215233855,49.84500489306471,-1.0148112289607525,0.23366897949017584,0.709237614646554
2026-04-23 07:36:05.500,3509434.096268031,779160.7481995124,5250966.498832192,-57961.84177516785,49.842341764945765,-0.8180267969146371,0.3037907520774752,0.8528439793735743
2026-04-23 07:36:05.600,3509433.997384483,779160.7720380308,5250966.585058903,-57966.72627559644,49.89452741713803,-0.9888354782015085,0.23838518420234323,0.8622671104967594
2026-04-23 07:36:05.700,3509433.907543976,779160.7973246021,5250966.636825023,-57971.62435501323,49.88766532938696,-0.8984050713479519,0.2528657135553658,0.5176611989736557
2026-04-23 07:36:05.800,3509433.8204230107,779160.8260613146,5250966.732686937,-57976.50461279483,49.82356574018958,-0.8712096512317657,0.2873671241104603,0.9586191363632679
2026-04-23 07:36:05.900,3509433.727281618,779160.8531137209,5250966.808260232,-57981.394353285126,49.89057164456135,-0.9314139280468225,0.2705240633804351,0.7557329535484314
2026-04-23 07:36:06.000,3509433.6242106236,779160.8722878471,5250966.860948954,-57986.30099616345,49.82843718246508,-1.0307099437341094,0.19174126209691167,0.5268872156739235
2026-04-23 07:36:06.100,3509433.5238043657,779160.901100061,5250966.939710456,-57991.20217529563,49.845443504847566,-1.0040625790134072,0.2881221391726285,0.7876150216907263
2026-04-23 07:36:06.200,3509433.4258257556,779160.937064664,5250967.006078796,-57996.08908079997,49.7652492608876,-0.9797861007973552,0.35964602953754365,0.6636834051460028
2026-04-23 07:36:06.300,3509432.9922874123,779161.20748758,5250967.370639865,-58001.07624053914,41.679885385049026,-4.335383432917297,2.704229160444811,3.645610688254237
2026-04-23 07:36:06.400,3509432.914960173,779161.2156435506,5250967.417138099,-58005.96772318773,41.61669031839053,-0.773272393271327,0.0815597060136497,0.4649823345243931
2026-04-23 07:36:06.500,3509432.823988153,779161.2335346325,5250967.473769991,-58010.85790126381,41.597275611602214,-0.909720198251307,0.1789108186494559,0.5663189198821783
2026-04-23 07:36:06.600,3509432.733350208,779161.2566839362,5250967.537098086,-58015.748849666816,41.619098553436274,-0.9063794510439038,0.23149303742684424,0.6332809571176767
2026-04-23 07:36:06.700,3509432.6368350685,779161.2803955439,5250967.613467192,-58020.6414002137,41.5304469296562,-0.9651513956487179,0.2371160767506808,0.7636910583823919
2026-04-23 07:36:06.800,3509432.533658005,779161.309755429,5250967.692186882,-58025.53109292489,41.47830365177534,-1.0317706363275647,0.29359885142184794,0.7871968951076269
2026-04-23 07:36:06.900,3509432.4355747453,779161.332342394,5250967.78322408,-58030.40802054528,41.56646573753742,-0.9808325953781605,0.2258696500211954,0.9103719796985388
2026-04-23 07:36:07.000,3509432.32928763,779161.3519234691,5250967.850335547,-58035.305776434136,41.4858306760329,-1.062871152535081,0.19581075059249997,0.6711146701127291
2026-04-23 07:36:07.100,3509432.237020287,779161.3721909376,5250967.930495132,-58040.20920965066,41.483374064231946,-0.9226734284311533,0.20267468527890742,0.8015958499163389
2026-04-23 07:36:07.200,3509432.134877859,779161.3797034223,5250967.991803378,-58045.11412283203,41.50104581715817,-1.0214242804795504,0.07512484677135944,0.6130824610590935
2026-04-23 07:36:07.300,3509432.030406083,779161.4002517815,5250968.068147054,-58050.00678058572,41.601504775281704,-1.0447177616879344,0.20548359141685069,0.7634367607533932
2026-04-23 07:36:07.400,3509431.9327309877,779161.4218739611,5250968.153383397,-58054.900424209,41.5598559335371,-0.9767509531229734,0.21622179658152163,0.8523634262382984
2026-04-23 07:36:07.500,3509431.8297828576,779161.4420781479,5250968.223668947,-58059.79642800723,41.54162160282638,-1.0294813010841608,0.20204186788760126,0.7028555031865835
2026-04-23 07:36:07.600,3509431.719108654,779161.4559594752,5250968.306229681,-58064.69685196685,41.518179196948445,-1.1067420337349176,0.13881327351555228,0.8256073389202356
2026-04-23 07:36:07.700,3509431.619640246,779161.4716725135,5250968.395855024,-58069.576944336375,41.583760907790015,-0.9946840815246105,0.15713038272224367,0.8962534368038177
2026-04-23 07:36:07.800,3509431.516688472,779161.4936656507,5250968.494926217,-58074.4661432362,41.58396030941561,-1.0295177390798926,0.21993137197569013,0.9907119255512953
2026-04-23 07:36:07.900,3509431.396074111,779161.5111847194,5250968.559247276,-58079.37564014546,41.64746040930681,-1.2061436101794243,0.17519068671390414,0.6432105880230665
2026-04-23 07:36:08.000,3509431.28330583,779161.5367822354,5250968.639224328,-58084.27555362638,41.731839672909295,-1.127682812511921,0.2559751598164439,0.7997705228626728
2026-04-23 07:36:08.100,3509431.182679917,779161.5599113868,5250968.728015931,-58089.16797102162,41.68755800678767,-1.0062591265887022,0.2312915143556893,0.8879160322248936
2026-04-23 07:36:08.200,3509431.0716206576,779161.560179231,5250968.792967006,-58094.064659398464,41.73676701522666,-1.110592596232891,0.0026784418150782585,0.6495107430964708
2026-04-23 07:36:08.300,3509430.9701963,779161.5721692637,5250968.8713876195,-58098.96323702731,41.69073023987725,-1.0142435738816857,0.11990032740868628,0.7842061389237642
2026-04-23 07:36:08.400,3509430.8719833386,779161.5988913929,5250968.931354565,-58103.86663954015,41.59339664041155,-0.9821296157315373,0.2672212920151651,0.5996694508939981
2026-04-23 07:36:08.500,3509430.7690665657,779161.6280028572,5250969.018135569,-58108.74867732653,41.69713534340902,-1.0291677294299006,0.29111464275047183,0.8678100444376469
2026-04-23 07:36:08.600,3509430.659871161,779161.6491339923,5250969.105670418,-58113.6484922469,41.71447770605907,-1.0919540468603373,0.21131135057657957,0.8753484860062599
2026-04-23 07:36:08.700,3509430.534110742,779161.6580651879,5250969.150082398,-58118.575232932395,41.67062592201662,-1.257604188285768,0.0893119559623301,0.444119805470109
2026-04-23 07:36:08.800,3509430.4348296914,779161.6871940673,5250969.221145401,-58123.480915389184,41.66016400887591,-0.9928105073049664,0.29128879425115883,0.7106300257146358
2026-04-23 07:36:08.900,3509430.328234263,779161.7100704972,5250969.250545562,-58128.40710263031,41.46199793242295,-1.0659542819485068,0.22876429953612387,0.2940016146749258
2026-04-23 07:36:09.000,3509430.2508765985,779161.7590080771,5250969.351439478,-58133.282626947235,41.43157742376899,-0.7735766470432281,0.489375798497349,1.0089391563087702
2026-04-23 07:36:09.100,3509431.7915625367,779163.7583750874,5250966.349687396,-58138.651780450564,48.91238934423073,15.4068593820557,19.993670103140175,-30.01752082258463
2026-04-23 07:36:09.200,3509431.66342922,779163.759808604,5250966.403441803,-58143.58705899024,48.868287227372505,-1.281333165243268,0.014335166197270155,0.5375440698117018
2026-04-23 07:36:09.300,3509431.540882514,779163.7856653194,5250966.46723317,-58148.50699086587,48.897820804003665,-1.225467063486576,0.25856715394183993,0.6379136722534895
2026-04-23 07:36:09.400,3509431.4038025076,779163.7807568944,5250966.514565907,-58153.44137714014,48.90841422215082,-1.3708000630140305,-0.04908425034955144,0.4733273759484291
2026-04-23 07:36:09.500,3509431.286204308,779163.7839534456,5250966.597467699,-58158.36113270257,48.83353357931257,-1.175981997512281,0.031965512316673994,0.8290179166942835
2026-04-23 07:36:09.600,3509431.1964055873,779163.7864910326,5250966.696273007,-58163.238442514616,48.68069615822669,-0.8979872055351734,0.02537586959078908,0.9880530834197998
2026-04-23 07:36:09.700,3509432.98525444,779163.2763669211,5250969.032970202,-58165.77905465837,59.15291486514527,17.88848852738738,-5.101241114316508,23.36697194725275
2026-04-23 07:36:09.800,3509432.84188936,779163.2689708893,5250969.080946156,-58170.72363673735,59.280918342039406,-1.4336508000269532,-0.07396031869575381,0.4797595366835594
2026-04-23 07:36:09.900,3509432.730669653,779163.2670580342,5250969.156064188,-58175.62121372991,59.251814924394345,-1.1121970694512129,-0.01912855077534914,0.7511803228408098
2026-04-23 07:36:10.000,3509432.618567046,779163.2942036918,5250969.235800675,-58180.51192664155,59.32967247930524,-1.1210260726511478,0.27145657571963966,0.7973648700863123
2026-04-23 07:36:10.100,3509432.5064216466,779163.3028032162,5250969.305572363,-58185.41322157865,59.20769175718487,-1.1214539920911193,0.08599524386227131,0.6977168750017881
2026-04-23 07:36:10.200,3509432.3748663403,779163.3142416672,5250969.381038716,-58190.321088911645,59.3228438385675,-1.315553062595427,0.11438451008871198,0.7546635344624519
2026-04-23 07:36:10.300,3509432.237273519,779163.3154870454,5250969.441016874,-58195.251738818035,59.402624032084425,-1.3759282138198614,0.012453782837837934,0.5997815821319818
2026-04-23 07:36:10.400,3509432.1203648914,779163.3113872784,5250969.498540751,-58200.15895155085,59.33128829892428,-1.1690862756222486,-0.04099767073057592,0.5752387642860413
2026-04-23 07:36:10.500,3509431.9869103,779163.3257159716,5250969.560207458,-58205.06883747467,59.458380762133025,-1.3345459150150418,0.14328693272545934,0.6166670750826597
2026-04-23 07:36:10.600,3509431.870363839,779163.3408146186,5250969.635519151,-58209.961251757515,59.439670064594175,-1.1654646089300513,0.1509864698164165,0.753116924315691
2026-04-23 07:36:10.700,3509431.7357524023,779163.3534481043,5250969.692769868,-58214.88570517144,59.546043816598846,-1.3461143663153052,0.12633485719561577,0.5725071765482426
2026-04-23 07:36:10.800,3509431.6101271696,779163.3716053367,5250969.771180808,-58219.79555963247,59.546352099403116,-1.256252327002585,0.18157232319936156,0.7841093931347132
2026-04-23 07:36:10.900,3509431.4901937163,779163.3732832914,5250969.820264851,-58224.704107094374,59.6298829199013,-1.1993345338851213,0.016779546858742833,0.4908404313027859
2026-04-23 07:36:11.000,3509431.3503637733,779163.3909954919,5250969.882665737,-58229.62930365369,59.777150456340884,-1.398299429565668,0.1771220052614808,0.624008858576417
2026-04-23 07:36:11.100,3509431.2245673807,779163.4134508936,5250969.950565688,-58234.54433605411,59.72627791460382,-1.2579639256000519,0.22455401718616486,0.6789995171129704
2026-04-23 07:36:11.200,3509431.09197301,779163.4158708416,5250970.0068177935,-58239.45842985443,59.78894640525035,-1.3259437074884772,0.024199479958042502,0.5625210516154766
2026-04-23 07:36:11.300,3509430.9802651647,779163.4495653168,5250970.079834798,-58244.345661133084,59.91653538858075,-1.1170784523710608,0.33694475190714,0.7301700487732887
2026-04-23 07:36:11.400,3509428.9045773023,779164.012819308,5250967.828529752,-58251.66349638501,49.40589209477211,-20.756878624670208,5.632539911894128,-22.51305046491325
2026-04-23 07:36:11.500,3509463.923439553,779161.3684114456,5250989.556680665,-58223.95401726798,27.72939481228984,350.1886225072667,-26.444078623317182,217.28150913491845
2026-04-23 07:36:11.600,3509430.428932391,779164.0724065492,5250968.635466125,-58260.030051262715,64.54801990506341,-334.945071619004,27.039951035985723,-209.21214540489018
2026-04-23 07:36:11.700,3509430.296967212,779164.089869355,5250968.703990957,-58264.90530125676,64.4797865664029,-1.3196517899632454,0.17462805728428066,0.6852483190596104
2026-04-23 07:36:11.800,3509430.2030293695,779164.1111330693,5250968.782602975,-58269.75524954026,64.51890353696761,-0.9393784264102578,0.21263714297674596,0.7861201837658882
2026-04-23 07:36:11.900,3509430.07956089,779164.1322751282,5250968.852147352,-58274.62382261009,64.63011479191013,-1.2346847960725427,0.21142058889381588,0.6954437680542469
2026-04-23 07:36:12.000,3509429.94338423,779164.1319648129,5250968.904897936,-58279.51569605878,64.71586829981486,-1.3617665972560644,-0.003103152848780155,0.5275058373808861
2026-04-23 07:36:12.100,3509429.873022457,779164.171090839,5250968.997890741,-58284.355578007395,64.44959705303923,-0.7036177301779389,0.3912602609489113,0.9299280494451523
2026-04-23 07:36:12.200,3509429.741731431,779164.171434704,5250969.038456008,-58289.236150684694,64.62633170555408,-1.3129102624952793,0.0034386501647531986,0.4056526720523834
2026-04-23 07:36:12.300,3509427.0051233675,779162.5108649862,5250973.426312658,-58293.68870668799,45.33279703001369,-27.366080633364618,-16.60569717758335,43.878566501662135
2026-04-23 07:36:12.400,3509426.8968490236,779162.5224852666,5250973.445451898,-58298.574229543876,45.16539634394149,-1.0827434388920665,0.11620280332863331,0.19139239564538002
2026-04-23 07:36:12.500,3509426.784042352,779162.5035064582,5250973.51530353,-58303.451006409916,45.17011883484205,-1.128066717647016,-0.18978808308020234,0.6985163222998381
2026-04-23 07:36:12.600,3509426.6513501136,779162.50830261,5250973.543821836,-58308.34464345904,45.187996107277634,-1.326922383159399,0.047961517702788115,0.28518306091427803
2026-04-23 07:36:12.700,3509426.8136445447,779162.4323385312,5250973.417929101,-58313.14572878244,38.686451607485715,1.6229443112388253,-0.7596407877281308,-1.2589273508638144
2026-04-23 07:36:12.800,3509426.6959252697,779162.4509008959,5250973.515804336,-58318.00522895859,38.78315461242317,-1.1771927494555712,0.185623646248132,0.9787523560225964
2026-04-23 07:36:12.900,3509426.5864252695,779162.4608770483,5250973.613810944,-58322.8710639693,38.817474450542896,-1.0950000025331974,0.099761524470523,0.980066079646349
2026-04-23 07:36:13.000,3509426.4543324434,779162.464438894,5250973.696618432,-58327.74889658593,38.66448470991572,-1.3209282606840134,0.03561845631338656,0.8280748780816793
2026-04-23 07:36:13.100,3509426.2854622155,779162.4642980471,5250973.7740777135,-58332.65894797667,38.64225090857049,-1.6887022787705064,-0.001408468233421445,0.7745928131043911
2026-04-23 07:36:13.200,3509426.1597734317,779162.465441549,5250973.836471839,-58337.55362196847,38.512566960001216,-1.2568878382444382,0.011435018386691809,0.6239412538707256
2026-04-23 07:36:13.300,3509426.38265119,779162.1018491093,5250973.582570709,-58342.35261481012,44.12184751321049,2.22877758089453,-3.6359243968036026,-2.5390112958848476
2026-04-23 07:36:13.400,3509426.27303379,779162.1193829144,5250973.680852362,-58347.21606110792,44.256819411156364,-1.0961739998310804,0.17533805104903877,0.9828165266662836
2026-04-23 07:36:13.500,3509426.156442737,779162.1553264168,5250973.743605803,-58352.11232880471,43.970424610713536,-1.1659105261787772,0.3594350244384259,0.6275344081223011
2026-04-23 07:36:13.600,3509426.0120221963,779162.1590930958,5250973.807088547,-58357.021588272546,44.11615138788952,-1.4442054089158773,0.03766678972169757,0.634827446192503
2026-04-23 07:36:13.700,3509425.8904215586,779162.1887139572,5250973.898811488,-58361.910785694585,44.01069901624614,-1.2160063767805696,0.2962086140178144,0.9172294102609158
2026-04-23 07:36:13.800,3509425.7585371537,779162.208575371,5250973.979416894,-58366.80268396672,43.96252651427585,-1.3188440492376685,0.19861413748003542,0.8060540538281202
2026-04-23 07:36:13.900,3509425.630976257,779162.220515237,5250974.051208298,-58371.70260405536,43.94397924069069,-1.2756089679896832,0.11939866002649069,0.7179140392690897
2026-04-23 07:36:14.000,3509425.4977359474,779162.2362732317,5250974.125926969,-58376.6070021916,43.95219107334666,-1.3324030954390764,0.1575799472630024,0.7471867091953754
2026-04-23 07:36:14.100,3509425.7806969467,779162.0676034506,5250973.935876195,-58381.383388447364,52.54550816028272,2.829609992913902,-1.6866978106554598,-1.9005077332258224
2026-04-23 07:36:14.200,3509425.669304202,779162.0684249373,5250973.971977383,-58386.29697886335,52.368174727832596,-1.113927448168397,0.008214866975322366,0.3610118757933378
2026-04-23 07:36:14.300,3509424.803038965,779162.4091612854,5250974.56634487,-58391.41513367841,44.32109492969687,-8.662652368657291,3.4073634806554765,5.943674873560667
2026-04-23 07:36:14.400,3509425.439899295,779162.0786871961,5250974.102024293,-58396.102915965486,52.35982888394932,6.368603301234543,-3.304740892490372,-4.643205776810646
2026-04-23 07:36:14.500,3509425.3269903413,779162.0941254506,5250974.169644671,-58401.006245653414,52.275298383521104,-1.1290895380079746,0.15438254456967115,0.6762037798762321
2026-04-23 07:36:14.600,3509425.214980573,779162.0960316429,5250974.250587751,-58405.89602936628,52.26120184245165,-1.1200976837426424,0.01906192279420793,0.809430805966258
2026-04-23 07:36:14.700,3509425.112943663,779162.0963032175,5250974.289187943,-58410.80245184555,52.21024804039168,-1.0203691013157368,0.0027157459408044815,0.38600191473960876
2026-04-23 07:36:14.800,3509425.0076030246,779162.1123843393,5250974.370556525,-58415.69001856905,52.17493696976529,-1.0534063819795847,0.16081121866591275,0.8136858232319355
2026-04-23 07:36:14.900,3509424.8968616636,779162.1212551299,5250974.43799474,-58420.590443866364,52.1437908296431,-1.1074136104434729,0.0887079059612006,0.6743821501731873
2026-04-23 07:36:15.000,3509424.7903048727,779162.1545437061,5250974.508158168,-58425.48554642528,52.03062029050191,-1.065567908808589,0.33288576174527407,0.7016342785209417
2026-04-23 07:36:15.100,3509424.6788846334,779162.1607754464,5250974.554645879,-58430.40441000881,52.08508913157116,-1.114202393218875,0.06231740349903703,0.464877113699913
2026-04-23 07:36:15.200,3509424.572907121,779162.1608144114,5250974.61892303,-58435.30638260766,51.88815068123031,-1.0597751243039966,0.00038964906707406044,0.6427715066820383
2026-04-23 07:36:15.300,3509424.4532163353,779162.1787908173,5250974.674372797,-58440.211760271886,51.874795281923674,-1.196907856501639,0.17976405913941562,0.5544976703822613
2026-04-23 07:36:15.400,3509424.351876186,779162.2041657089,5250974.742852954,-58445.10132398672,51.8926303137455,-1.01340149063617,0.2537489158567041,0.6848015729337931
2026-04-23 07:36:15.500,3509424.2413941575,779162.2037022271,5250974.804299982,-58450.000288457595,51.77859273993308,-1.1048202868551016,-0.004634817596524954,0.6144702807068825
2026-04-23 07:36:15.600,3509424.1336444267,779162.2139859813,5250974.878290433,-58454.88874829204,51.72556778009415,-1.0774973081424832,0.10283754207193851,0.7399045117199421
2026-04-23 07:36:15.700,3509424.010804433,779162.2241968233,5250974.942543712,-58459.791181170745,51.70413783579562,-1.2283999379724264,0.10210842010565102,0.6425327900797129
2026-04-23 07:36:15.800,3509423.910852573,779162.2243738275,5250974.986684045,-58464.680026697344,51.63913343647761,-0.9995186002925038,0.0017700414173305035,0.44140332378447056
2026-04-23 07:36:15.900,3509423.784690789,779162.2524029651,5250975.066327913,-58469.59083512643,51.56156920178847,-1.2616178393363953,0.2802913764026016,0.796438679099083
2026-04-23 07:36:16.000,3509423.683828012,779162.2589084347,5250975.129216879,-58474.49100775272,51.53561069114254,-1.0086277686059475,0.06505469558760524,0.6288896594196558
2026-04-23 07:36:16.100,3509423.565902448,779162.2606642554,5250975.186830331,-58479.38779327414,51.55244903090352,-1.179255642928183,0.017558207036927342,0.5761345196515322
2026-04-23 07:36:16.200,3509423.4662375976,779162.2710739676,5250975.247065952,-58484.27221749065,51.44584055329083,-0.9966485016047955,0.10409712209366262,0.6023562140762806
2026-04-23 07:36:16.300,3509423.358511547,779162.2765723815,5250975.312707486,-58489.17491613073,51.33518130310547,-1.0772605054080486,0.054984139278531075,0.6564153358340263
2026-04-23 07:36:16.400,3509423.239367555,779162.2781440312,5250975.390144192,-58494.075680383175,51.358039914167634,-1.1914399219676852,0.015716496855020523,0.7743670605123043
2026-04-23 07:36:16.500,3509423.142431275,779162.287019789,5250975.432692669,-58498.969985212614,51.372435151333356,-0.9693627990782261,0.08875757805071771,0.4254847764968872
2026-04-23 07:36:16.600,3509423.0153955375,779162.2844722499,5250975.500094681,-58503.883986165165,51.231693510476234,-1.2703573750331998,-0.02547539072111249,0.674020117148757
2026-04-23 07:36:16.700,3509422.8941665115,779162.2913423255,5250975.556420019,-58508.79144637912,51.201687673399455,-1.2122902600094676,0.06870075594633818,0.563253378495574
2026-04-23 07:36:16.800,3509422.7964536245,779162.3006783248,5250975.631484503,-58513.67855980852,51.19181131180061,-0.9771288698539138,0.09335999260656536,0.7506448403000832
2026-04-23 07:36:16.900,3509422.665724406,779162.3032905959,5250975.676902605,-58518.61046592778,51.16556128203579,-1.307292184792459,0.02612271113321185,0.4541810229420662
2026-04-23 07:36:17.000,3509422.5392225487,779162.3016218796,5250975.734559493,-58523.522840613055,51.19401102733866,-1.2650185730308294,-0.016687163151800632,0.5765688791871071
2026-04-23 07:36:17.100,3509422.429143469,779162.2909684707,5250975.781141948,-58528.44116049067,51.2075151988351,-1.100790798664093,-0.10653408826328814,0.46582454815506935
2026-04-23 07:36:17.200,3509422.3188232556,779162.2849110897,5250975.83845118,-58533.35332483877,51.19756571953075,-1.1032021325081587,-0.060573810478672385,0.5730923172086477
2026-04-23 07:36:17.300,3509422.193387254,779162.2805653667,5250975.913427296,-58538.25638630422,51.130680291090194,-1.2543600145727396,-0.04345722962170839,0.749761164188385
2026-04-23 07:36:17.400,3509422.0765772737,779162.2569398718,5250975.969409677,-58543.17427233034,51.08769731616782,-1.1680998047813773,-0.2362549491226673,0.5598238110542297
2026-04-23 07:36:17.500,3509421.9630743056,779162.2373653159,5250976.021515434,-58548.0957866847,51.10632963365123,-1.1350296810269356,-0.1957455591764301,0.5210575647652149
2026-04-23 07:36:17.600,3509421.8619812443,779162.2041071678,5250976.073590682,-58553.0151173207,51.025198161125445,-1.0109306126832962,-0.3325814811978489,0.5207524821162224
2026-04-23 07:36:17.700,3509421.7776862984,779162.1757565098,5250976.1362305675,-58557.911255601444,51.04928287996928,-0.8429494593292475,-0.2835065801627934,0.6263988558202982
2026-04-23 07:36:17.800,3509421.680902744,779162.1382459153,5250976.193759462,-58562.81602208834,50.92060500926203,-0.9678355418145657,-0.3751059446949512,0.5752889439463615
2026-04-23 07:36:17.900,3509421.5778485443,779162.0962148922,5250976.26449281,-58567.71971935376,50.91088909418005,-1.030541998334229,-0.42031023069284856,0.7073334790766239
2026-04-23 07:36:18.000,3509421.460653129,779162.0362624103,5250976.315965547,-58572.63663336869,50.87536130949773,-1.1719541531056166,-0.5995248188264668,0.5147273745387793
2026-04-23 07:36:18.100,3509421.3744470295,779161.9778796018,5250976.371048588,-58577.550168127345,50.82859138529023,-0.8620609948411584,-0.5838280858006328,0.5508304107934237
2026-04-23 07:36:18.200,3509421.282519417,779161.9175208509,5250976.430452434,-58582.46137751784,50.90359529916324,-0.9192761266604066,-0.6035875086672604,0.5940384604036808
2026-04-23 07:36:18.300,3509420.401861047,779162.434112235,5250977.129594972,-58587.58327068972,43.2732236489479,-8.806583699770272,5.16591384075582,6.991425380110741
2026-04-23 07:36:18.400,3509420.3315549693,779162.3598798594,5250977.185353456,-58592.496900656646,43.27002691915465,-0.7030607759952545,-0.7423237559851259,0.5575848370790482
2026-04-23 07:36:18.500,3509420.2513464536,779162.3013313158,5250977.2431523735,-58597.41042304507,43.27956924121229,-0.8020851574838161,-0.5854854360222816,0.5779891740530729
2026-04-23 07:36:18.600,3509420.1787436483,779162.2166995818,5250977.328293145,-58602.306269357985,43.314702900678235,-0.7260280521586537,-0.8463173394557089,0.8514077123254538
2026-04-23 07:36:18.700,3509420.1138244895,779162.1206386166,5250977.358219887,-58607.21753413901,43.277845018771494,-0.6491915881633759,-0.9606096521019936,0.2992674242705107
2026-04-23 07:36:18.800,3509420.0559699098,779162.0206427922,5250977.416122089,-58612.124184209424,43.226343654761195,-0.5785457976162434,-0.9999582439195365,0.5790220201015472
2026-04-23 07:36:18.900,3509420.0116073554,779161.89724132,5250977.440301054,-58617.035040613395,43.24530063230818,-0.4436255432665348,-1.2340147222857922,0.24178965017199516
2026-04-23 07:36:19.000,3509419.9754837863,779161.7830566778,5250977.474731654,-58621.93904375824,43.15826584868761,-0.3612356912344694,-1.1418464221060276,0.3443059977144003
2026-04-23 07:36:19.100,3509419.934563955,779161.6669449084,5250977.505046083,-58626.83923919214,43.070142747119775,-0.4091983148828149,-1.1611176934093237,0.30314428731799126
2026-04-23 07:36:19.200,3509419.9052175423,779161.5465788066,5250977.547851208,-58631.73561415469,43.076143836328924,-0.29346412513405085,-1.2036610185168684,0.4280512500554323
2026-04-23 07:36:19.300,3509419.8867090447,779161.4150987493,5250977.554630825,-58636.642993192225,43.02656933761566,-0.1850849762558937,-1.3148005725815892,0.06779617629945278
2026-04-23 07:36:19.400,3509419.890210334,779161.2961532135,5250977.577988197,-58641.524285322375,42.96433840552097,0.03501289524137974,-1.1894553585443646,0.23357371799647808
2026-04-23 07:36:19.500,3509419.8741244436,779161.178857931,5250977.591751319,-58646.408942059956,42.949075215993226,-0.16085890587419271,-1.1729528242722154,0.13763122260570526
2026-04-23 07:36:19.600,3509419.8702776516,779161.0560072877,5250977.616293945,-58651.27706891748,42.91070430826637,-0.03846792038530111,-1.2285064335446805,0.2454262599349022
2026-04-23 07:36:19.700,3509419.8637652104,779160.9214740274,5250977.612795846,-58656.161836552004,42.9346195762962,-0.06512441206723452,-1.3453326025046408,-0.03498099744319916
2026-04-23 07:36:19.800,3509419.8744764067,779160.8078564068,5250977.640429238,-58661.02089173668,42.94175612856731,0.10711196344345808,-1.136176206637174,0.2763339225202799
2026-04-23 07:36:19.900,3509419.872633071,779160.6705820246,5250977.63861433,-58665.89862396897,42.87132895834464,-0.01843335572630167,-1.3727438217028975,-0.01814907416701317
2026-04-23 07:36:20.000,3509419.8690696,779160.5437056869,5250977.662177483,-58670.76364745304,42.89257742812104,-0.035634711384773254,-1.268763376865536,0.2356315217912197
2026-04-23 07:36:20.100,3509419.853840049,779160.4057302234,5250977.667372379,-58675.63843205588,42.83068434431356,-0.15229551121592522,-1.3797546352725476,0.051948968321084976
2026-04-23 07:36:20.200,3509419.862676265,779160.2919812013,5250977.683916443,-58680.50796650306,42.797728455671326,0.08836216293275356,-1.137490221299231,0.16544063575565815
2026-04-23 07:36:20.300,3509419.8857497396,779160.165433542,5250977.6950464845,-58685.37258073789,42.71733458329903,0.23073474410921335,-1.2654765928164124,0.11130041442811489
2026-04-23 07:36:20.400,3509419.8782256325,779160.0426009668,5250977.720228259,-58690.232875425616,42.731024588821505,-0.07524107117205858,-1.2283257523085922,0.25181774981319904
2026-04-23 07:36:20.500,3509419.844339927,779159.9179493962,5250977.725554229,-58695.12993831793,42.75686733881826,-0.33885705284774303,-1.246515705715865,0.05325969308614731
2026-04-23 07:36:20.600,3509419.8293654816,779159.8077480826,5250977.749992167,-58699.99978580931,42.75684248799712,-0.14974445570260286,-1.1020131362602115,0.24437937885522842
2026-04-23 07:36:20.700,3509419.8150104485,779159.6762513716,5250977.775386441,-58704.874244500534,42.74035367496265,-0.14355033170431852,-1.3149671093560755,0.25394273921847343
2026-04-23 07:36:20.800,3509419.803867072,779159.5551829572,5250977.807203458,-58709.7481699491,42.66834501870738,-0.11143376585096121,-1.2106841441709548,0.3181701712310314
2026-04-23 07:36:20.900,3509419.781892053,779159.4195274664,5250977.8383764075,-58714.627043884226,42.65907054199,-0.219750190153718,-1.3565549079794437,0.3117294982075691
2026-04-23 07:36:21.000,3509419.7825555205,779159.3012107443,5250977.8568960745,-58719.50056785352,42.71729721741679,0.006634676828980446,-1.1831672210246325,0.18519666977226734
2026-04-23 07:36:21.100,3509419.7721123737,779159.1704027565,5250977.8735096855,-58724.38006461859,42.660049734579324,-0.1044314680621028,-1.308079877635464,0.166136110201478
2026-04-23 07:36:21.200,3509419.7774832346,779159.041183981,5250977.891018974,-58729.25152289679,42.663334553118354,0.05370860919356346,-1.2921877554617822,0.17509288154542446
2026-04-23 07:36:21.300,3509419.7705890923,779158.914207818,5250977.927506122,-58734.11746939304,42.70936474061483,-0.06894142366945744,-1.2697616301011294,0.3648714814335108
2026-04-23 07:36:21.400,3509419.7638596105,779158.7906867218,5250977.935638325,-58739.004411462876,42.69108005035628,-0.06729481741786003,-1.2352109618950635,0.08132203482091427
2026-04-23 07:36:21.500,3509419.7736809794,779158.6713947792,5250977.965087051,-58743.87976669017,42.63542016775636,0.09821368847042322,-1.1929194256663322,0.29448725283145905
2026-04-23 07:36:21.600,3509419.7765432578,779158.5526400522,5250977.983473536,-58748.758857647794,42.69823696902978,0.028622783720493317,-1.1875472706742585,0.18386485055088997
2026-04-23 07:36:21.700,3509419.7678531893,779158.4319359007,5250977.999048454,-58753.644869523414,42.76339777764701,-0.08690068498253822,-1.2070415145717561,0.15574918128550053
2026-04-23 07:36:21.800,3509419.753273925,779158.311199111,5250978.0114526935,-58758.54644627831,42.757359697571985,-0.1457926444709301,-1.2073678965680301,0.12404239736497402
2026-04-23 07:36:21.900,3509419.7529081614,779158.1948695191,5250978.053926567,-58763.42369160359,42.74564884348123,-0.0036576343700289726,-1.1632959195412695,0.42473873123526573
2026-04-23 07:36:22.000,3509419.748876168,779158.0810156055,5250978.071075459,-58768.312393552274,42.74770590615898,-0.040319934487342834,-1.1385391361545771,0.17148892395198345
2026-04-23 07:36:22.100,3509419.741446241,779157.9405475826,5250978.097065175,-58773.206649048116,42.78025883211095,-0.07429927121847868,-1.4046802290249616,0.25989715941250324
2026-04-23 07:36:22.200,3509419.740041896,779157.8154039728,5250978.124763953,-58778.091929845286,42.75662748744961,-0.014043450355529785,-1.2514360982459038,0.2769877761602402
2026-04-23 07:36:22.300,3509419.7417076803,779157.6750178733,5250978.149637321,-58782.97413806218,42.7877611075095,0.016657845117151737,-1.4038609946146607,0.24873368442058563
2026-04-23 07:36:22.400,3509419.7295404663,779157.5397435316,5250978.161445959,-58787.86888122103,42.818948182752884,-0.12167213950306177,-1.3527434167917818,0.11808637529611588
2026-04-23 07:36:22.500,3509419.7139463807,779157.4150168434,5250978.190735078,-58792.760706058194,42.82575375535896,-0.15594085678458214,-1.2472668825648725,0.29289119876921177
2026-04-23 07:36:22.600,3509419.705894553,779157.2944196055,5250978.205549569,-58797.65861256064,42.834682076468916,-0.08051827549934387,-1.2059723783750087,0.1481449045240879
2026-04-23 07:36:22.700,3509419.7255568565,779157.1709066482,5250978.231105663,-58802.53257084029,42.790435261366355,0.19662303384393454,-1.2351295736152679,0.25556094013154507
2026-04-23 07:36:22.800,3509419.718143164,779157.050086178,5250978.234509105,-58807.42025110868,42.774967216132325,-0.07413692306727171,-1.2082047015428543,0.03403441980481148
2026-04-23 07:36:22.900,3509419.7046227753,779156.9241835736,5250978.271995457,-58812.29918394427,42.76691129212427,-0.1352038886398077,-1.2590260442811996,0.37486352026462555
2026-04-23 07:36:23.000,3509419.710627467,779156.7936555034,5250978.299791,-58817.17738744471,42.82246911002361,0.060046915896236897,-1.305280701490119,0.2779554296284914
2026-04-23 07:36:23.100,3509419.710994753,779156.6700511241,5250978.318714713,-58822.05490259855,42.77728539520407,0.0036728614941239357,-1.2360437936149538,0.18923712894320488
2026-04-23 07:36:23.200,3509419.7185254195,779156.5380161034,5250978.342659414,-58826.93205115207,42.71045076183393,0.07530666422098875,-1.3203502062242478,0.23944701068103313
2026-04-23 07:36:23.300,3509419.7172602382,779156.4177650408,5250978.366925243,-58831.80382080885,42.747631395880994,-0.01265181228518486,-1.2025106267537922,0.24265829473733902
2026-04-23 07:36:23.400,3509419.71092321,779156.2783770959,5250978.392685996,-58836.68450674622,42.76382884724859,-0.06337028462439775,-1.3938794482965022,0.2576075308024883
2026-04-23 07:36:23.500,3509419.7171144267,779156.1363081542,5250978.405646103,-58841.55917328748,42.701704931014554,0.06191216874867678,-1.4206894172821194,0.12960107065737247
2026-04-23 07:36:23.600,3509419.7251877957,779156.0075563173,5250978.411517799,-58846.43852425457,42.64594308263097,0.08073369041085243,-1.287518369499594,0.05871695466339588
2026-04-23 07:36:23.700,3509419.7208089177,779155.8785763741,5250978.432273093,-58851.32130823272,42.64397268310264,-0.0437887804582715,-1.2897994311060756,0.20755293779075146
2026-04-23 07:36:23.800,3509419.7274945625,779155.7431022424,5250978.438502804,-58856.203262479285,42.61673347085752,0.0668564485386014,-1.3547413179185241,0.062297116965055466
2026-04-23 07:36:23.900,3509419.7333905557,779155.6158692448,5250978.452381217,-58861.084231717316,42.59070656316223,0.05895993206650019,-1.2723299756180495,0.13878412544727325
2026-04-23 07:36:24.000,3509419.737568278,779155.4845022815,5250978.472561442,-58865.96404324999,42.57757024798953,0.041777221485972404,-1.313669632654637,0.20180225372314453
2026-04-23 07:36:24.100,3509419.739081042,779155.3517901007,5250978.48094274,-58870.849623543094,42.5434089349841,0.015127640217542648,-1.3271218084264547,0.08381297811865807
2026-04-23 07:36:24.200,3509419.738319623,779155.2182944466,5250978.512508291,-58875.71877765672,42.56150946133877,-0.007614190690219402,-1.3349565409589559,0.31565550714731216
2026-04-23 07:36:24.300,3509419.727838423,779155.0907687276,5250978.537137292,-58880.599388093164,42.55580764456893,-0.10481199715286493,-1.2752571899909526,0.24629001505672932
2026-04-23 07:36:24.400,3509420.451032946,779154.4222688768,5250977.939655987,-58885.28944164721,50.106200503222595,7.231945227831602,-6.684998507844284,-5.9748130571097136
2026-04-23 07:36:24.500,3509419.990396588,779154.6273186302,5250978.333390219,-58890.303965284744,42.06500922363403,-4.606363577768207,2.0504975342191756,3.9373423252254725
2026-04-23 07:36:24.600,3509420.0058921706,779154.4993222201,5250978.348028496,-58895.186512052765,42.00784126645386,0.15495582483708858,-1.2799641012679785,0.14638276770710945
2026-04-23 07:36:24.700,3509419.527320088,779154.4422890781,5250978.595801844,-58900.22643052791,42.48450464620416,-4.785720827057958,-0.5703314195852727,2.4777334835380316
2026-04-23 07:36:24.800,3509419.522876024,779154.3189005415,5250978.621592603,-58905.10601468402,42.492821830126545,-0.044440641067922115,-1.233885366236791,0.25790758430957794
2026-04-23 07:36:24.900,3509419.5285440446,779154.1831835546,5250978.625545794,-58909.98754755167,42.46886849955072,0.05668020807206631,-1.357169869588688,0.03953191451728344
2026-04-23 07:36:25.000,3509419.537563924,779154.0571955951,5250978.631945771,-58914.87188517581,42.44604447881076,0.09019879624247551,-1.2598795944359154,0.06399977020919323
2026-04-23 07:36:25.100,3509419.532437879,779153.9265541165,5250978.652191644,-58919.73763629995,42.38158677039869,-0.0512604508548975,-1.3064147857949138,0.2024587243795395
2026-04-23 07:36:25.200,3509419.5348002473,779153.7963533672,5250978.688748089,-58924.61321446277,42.40659954926592,0.023623681627213955,-1.302007493795827,0.3655644506216049
2026-04-23 07:36:25.300,3509419.5394713576,779153.6761152779,5250978.716623365,-58929.47344145614,42.46441591859445,0.046711103059351444,-1.202380892354995,0.27875276282429695
2026-04-23 07:36:25.400,3509419.5237357696,779153.5449353753,5250978.723633945,-58934.35717977674,42.403338631151335,-0.15735588036477566,-1.3117990258615464,0.07010580040514469
2026-04-23 07:36:25.500,3509419.5217562807,779153.4098972267,5250978.738714269,-58939.23359839762,42.40996672239276,-0.01979488879442215,-1.3503814861178398,0.1508032437413931
2026-04-23 07:36:25.600,3509419.5144826532,779153.2667385255,5250978.760795348,-58944.10737112115,42.40221360063811,-0.07273627445101738,-1.4315870124846697,0.22081078961491585
2026-04-23 07:36:25.700,3509419.516821221,779153.1317975138,5250978.767969916,-58949.00889981954,42.39286217301281,0.023385677486658096,-1.3494101166725159,0.07174567319452763
2026-04-23 07:36:25.800,3509419.51790051,779152.9941155235,5250978.79248465,-58953.89024828296,42.357329031861205,0.010792892426252365,-1.376819902798161,0.24514734745025635
2026-04-23 07:36:25.900,3509419.512358581,779152.8717993725,5250978.809105484,-58958.772599650896,42.34361633448514,-0.05541929043829441,-1.2231615104246885,0.16620833426713943
2026-04-23 07:36:26.000,3509419.5124139856,779152.7502888162,5250978.814730128,-58963.653659897725,42.33287128533477,0.0005540437996387482,-1.2151055631693453,0.05624644458293915
2026-04-23 07:36:26.100,3509419.5111592105,779152.6249316547,5250978.825609344,-58968.53385786025,42.28784490141696,-0.0125477509573102,-1.253571615088731,0.10879215784370899
2026-04-23 07:36:26.200,3509419.5120505863,779152.5041584139,5250978.854413647,-58973.4064268216,42.30675847455302,0.008913758210837841,-1.207732408074662,0.28804303146898746
2026-04-23 07:36:26.300,3509419.502440604,779152.38129783,5250978.863560442,-58978.30213553692,42.30506177300703,-0.09609982371330261,-1.228605838259682,0.091467946767807
2026-04-23 07:36:26.400,3509419.499527148,779152.2593857375,5250978.887421627,-58983.189788893374,42.26017922166596,-0.02913455944508314,-1.2191209255252033,0.2386118471622467
2026-04-23 07:36:26.500,3509419.5001752684,779152.1311782488,5250978.9057230875,-58988.0738270842,42.27137756460886,0.006481204181909561,-1.2820748868398368,0.18301460891962051
2026-04-23 07:36:26.600,3509419.4897046876,779151.9922357278,5250978.929087584,-58992.95846174241,42.304444492577616,-0.10470580775290728,-1.3894252094905823,0.23364496417343616
2026-04-23 07:36:26.700,3509419.490107009,779151.8582980956,5250978.932594238,-58997.85590442939,42.269121156179544,0.0040232157334685326,-1.3393763219937682,0.03506653942167759
2026-04-23 07:36:26.800,3509419.4845873304,779151.7245714775,5250978.946462581,-59002.74585030275,42.148051735794375,-0.05519678816199303,-1.3372661813627928,0.13868343085050583
2026-04-23 07:36:26.900,3509419.470904327,779151.6037801304,5250978.969061506,-59007.6394320268,42.164415297255445,-0.1368300337344408,-1.207913471153006,0.22598925046622753
2026-04-23 07:36:27.000,3509419.470723426,779151.4931085716,5250978.978740436,-59012.529810213106,42.09370135112696,-0.0018090102821588516,-1.1067155876662582,0.09678930044174194
2026-04-23 07:36:27.100,3509419.4760853467,779151.3737304279,5250978.993136695,-59017.421434038624,42.08639436896973,0.05361920688301325,-1.1937814368866384,0.14396258629858494
2026-04-23 07:36:27.200,3509419.4641809706,779151.2410953675,5250979.019982666,-59022.31315669017,42.10424415839176,-0.11904376093298197,-1.3263506046496332,0.2684597112238407
2026-04-23 07:36:27.300,3509419.449755555,779151.1048296208,5250979.038089045,-59027.21316574113,42.10242578536327,-0.1442541554570198,-1.3626574666704983,0.1810637954622507
2026-04-23 07:36:27.400,3509419.449320864,779150.9619733022,5250979.053559676,-59032.11185504115,42.03994801045456,-0.004346910864114761,-1.4285631862003356,0.1547063048928976
2026-04-23 07:36:27.500,3509419.441934941,779150.8161959153,5250979.058897481,-59037.01417854491,42.0378813383214,-0.07385923061519861,-1.4577738684602082,0.05337805487215519
2026-04-23 07:36:27.600,3509419.4282410545,779150.6814364404,5250979.074142237,-59041.904300203,42.023761168549996,-0.1369388634338975,-1.347594748949632,0.15244755893945694
2026-04-23 07:36:27.700,3509419.4286936163,779150.5525281223,5250979.07657045,-59046.817152294665,42.01444912745086,0.0045256176963448524,-1.2890831811819226,0.02428213134407997
2026-04-23 07:36:27.800,3509419.4319743346,779150.4295482751,5250979.093239119,-59051.7122684659,41.96922160436292,0.03280718345195055,-1.2297984724864364,0.16668668948113918
2026-04-23 07:36:27.900,3509419.4323006724,779150.2983422391,5250979.100384083,-59056.61350559032,41.970668679296146,0.003263377584517002,-1.3120603596325964,0.0714496336877346
2026-04-23 07:36:28.000,3509419.4233182524,779150.1647240205,5250979.112997088,-59061.51660826396,41.998474445989544,-0.08982419967651367,-1.3361821859143674,0.12613005004823208
2026-04-23 07:36:28.100,3509419.399526624,779150.041153413,5250979.123676143,-59066.42687116625,41.986142316012284,-0.23791628424078226,-1.2357060750946403,0.10679055005311966
2026-04-23 07:36:28.200,3509419.3970228247,779149.9147941974,5250979.148227902,-59071.317527748724,41.97153602836902,-0.025037992745637894,-1.2635921558830887,0.24551759473979473
2026-04-23 07:36:28.300,3509419.393645099,779149.7738699507,5250979.153625827,-59076.22289862974,41.87081962436668,-0.03377725835889578,-1.4092424674890935,0.05397925153374672
2026-04-23 07:36:28.400,3509419.3936293786,779149.6570702692,5250979.168155458,-59081.11543206166,41.88873002240551,-0.0001572025939822197,-1.1679968144744635,0.14529630541801453
2026-04-23 07:36:28.500,3509419.375359913,779149.544322623,5250979.194246172,-59086.02286617486,41.9207621334859,-0.18269465770572424,-1.1274764616973698,0.26090714149177074
2026-04-23 07:36:28.600,3509419.365197143,779149.4141286484,5250979.210548988,-59090.918669613646,41.87778571243706,-0.10162769816815853,-1.301939747063443,0.1630281563848257
2026-04-23 07:36:28.700,3509419.3644202496,779149.2845240989,5250979.24197653,-59095.80327513677,41.903776375566316,-0.007768934592604637,-1.2960454949643463,0.3142754267901182
2026-04-23 07:36:28.800,3509419.3473901674,779149.1652168613,5250979.258344106,-59100.70231684246,41.828455127343794,-0.17030082177370787,-1.1930723756086081,0.16367576085031033
2026-04-23 07:36:28.900,3509419.3367767283,779149.0429221548,5250979.263598315,-59105.614588236225,41.862222931071976,-0.1061343913897872,-1.2229470652528107,0.05254209041595459
2026-04-23 07:36:29.000,3509419.323884882,779148.9193666157,5250979.284754257,-59110.51215968529,41.8486966869569,-0.12891846243292093,-1.2355553905945271,0.21155941300094128
2026-04-23 07:36:29.100,3509419.307630734,779148.789661035,5250979.299328451,-59115.420133776075,41.81300877198138,-0.16254147980362177,-1.2970558064989746,0.14574194326996803
2026-04-23 07:36:29.200,3509419.2954982016,779148.6710610266,5250979.329266681,-59120.32351964678,41.769284140778176,-0.12132532428950071,-1.1860000842716545,0.2993823029100895
2026-04-23 07:36:29.300,3509419.2865368947,779148.5506863327,5250979.354219828,-59125.228560578915,41.71581719782018,-0.08961306884884834,-1.2037469388451427,0.249531464651227
2026-04-23 07:36:29.400,3509419.274332461,779148.4228238052,5250979.376482166,-59130.13087189638,41.702667896290315,-0.12204433791339397,-1.2786252750083804,0.22262338548898697
2026-04-23 07:36:29.500,3509419.264745843,779148.3029984274,5250979.397600305,-59135.032995494235,41.7248005830907,-0.09586617816239595,-1.1982537782751024,0.21118138916790485
2026-04-23 07:36:29.600,3509419.260341163,779148.1693585328,5250979.412523515,-59139.93422767349,41.693229944123935,-0.04404680337756872,-1.3363989465869963,0.14923209324479103
2026-04-23 07:36:29.700,3509419.2598160426,779148.0500563915,5250979.437086506,-59144.82914507728,41.688812685259656,-0.005251201801002026,-1.193021412473172,0.24562991224229336
2026-04-23 07:36:29.800,3509419.2540047383,779147.9296529229,5250979.47204083,-59149.72030476488,41.6552959427294,-0.05811304319649935,-1.204034686088562,0.3495432436466217
2026-04-23 07:36:29.900,3509419.246202257,779147.7963546036,5250979.499130482,-59154.61777958397,41.668446304606945,-0.07802481297403574,-1.33298319298774,0.2708965167403221
2026-04-23 07:36:30.000,3509419.238470588,779147.6789410784,5250979.517584077,-59159.51628340408,41.683465071628184,-0.07731669116765261,-1.174135252367705,0.18453595228493214
2026-04-23 07:36:30.100,3509419.238218886,779147.5423027695,5250979.548837162,-59164.40669747656,41.6107629721013,-0.0025170203298330307,-1.3663830887526274,0.31253084540367126
2026-04-23 07:36:30.200,3509419.2246217807,779147.4130236637,5250979.566350284,-59169.307364550375,41.630409524229066,-0.13597105164080858,-1.2927910580765456,0.17513122409582138
2026-04-23 07:36:30.300,3509419.1910813125,779147.3196300642,5250979.6174403485,-59174.1993087624,35.716678373532865,-0.3354046819731593,-0.9339359949808568,0.5109006445854902
2026-04-23 07:36:30.400,3509419.195085874,779147.18974123,5250979.6277351,-59179.09229425936,35.71493522454796,0.040045613422989845,-1.2988883419893682,0.10294751264154911
2026-04-23 07:36:30.500,3509419.197679519,779147.0654239509,5250979.645776052,-59183.984312811655,35.755503167497615,0.025936453603208065,-1.2431727908551693,0.18040952272713184
2026-04-23 07:36:30.600,3509419.187199836,779146.9434901207,5250979.659460015,-59188.87949681633,35.70365382250137,-0.10479683056473732,-1.2193383020348847,0.13683962635695934
2026-04-23 07:36:30.700,3509419.185901044,779146.8019966462,5250979.676455377,-59193.7701919916,35.655207446000034,-0.012987921945750713,-1.4149347448255867,0.16995362006127834
2026-04-23 07:36:30.800,3509419.194810824,779146.6714521509,5250979.683865224,-59198.657673391055,35.71579285500401,0.08909780066460371,-1.305444953031838,0.07409847341477871
2026-04-23 07:36:30.900,3509419.196353403,779146.5348292597,5250979.703907476,-59203.54489732594,35.68833652144717,0.015425789169967175,-1.3662289117928594,0.2004225179553032
2026-04-23 07:36:31.000,3509419.1866339683,779146.4040753823,5250979.734170664,-59208.43117893043,35.72474939092944,-0.09719434659928083,-1.3075387745629996,0.30263188295066357
2026-04-23 07:36:31.100,3509419.1865486996,779146.281111954,5250979.748605679,-59213.32637240051,35.723803649309595,-0.0008526863530278206,-1.229634282644838,0.14435014687478542
2026-04-23 07:36:31.200,3509419.1895829965,779146.1598656493,5250979.755918741,-59218.210887778245,35.724878908454,0.030342969112098217,-1.2124630471225828,0.07313062436878681
2026-04-23 07:36:31.300,3509419.174673639,779146.0378972733,5250979.784178486,-59223.1049847855,35.754113514637126,-0.14909357763826847,-1.2196837598457932,0.28259744867682457
2026-04-23 07:36:31.400,3509419.1595540675,779145.9166688537,5250979.811992173,-59227.99097676086,35.73186850284393,-0.1511957123875618,-1.2122841959353536,0.278136869892478
2026-04-23 07:36:31.500,3509419.145458217,779145.8000921016,5250979.8361418815,-59232.8817205554,35.807107384401206,-0.14095850754529238,-1.165767521597445,0.24149708449840546
2026-04-23 07:36:31.600,3509419.165216775,779145.7007624401,5250979.839414639,-59237.756758059055,35.78147040044649,0.19758558366447687,-0.9932966146152467,0.03272757865488529
2026-04-23 07:36:31.700,3509419.1797985537,779145.580294711,5250979.866341596,-59242.640821979825,35.81651419993918,0.14581778552383184,-1.2046772905159742,0.2692695613950491
2026-04-23 07:36:31.800,3509419.165771629,779145.4606181071,5250979.888493081,-59247.527220142016,35.839235061779945,-0.1402692450210452,-1.1967660393565893,0.22151485085487366
2026-04-23 07:36:31.900,3509419.151352698,779145.3164985925,5250979.903561332,-59252.430345352615,35.8592034865587,-0.1441893121227622,-1.4411951461806893,0.15068251639604568
2026-04-23 07:36:32.000,3509419.1513856575,779145.2005618417,5250979.942260101,-59257.30014396566,35.879263038596456,0.00032959505915641785,-1.159367507789284,0.386987691745162
2026-04-23 07:36:32.100,3509419.1640950893,779145.0776126543,5250979.954935931,-59262.192574158704,35.8952132353162,0.12709431815892458,-1.2294918741099536,0.12675829231739044
2026-04-23 07:36:32.200,3509419.1778692324,779144.954237346,5250979.990032288,-59267.073949728525,35.911454451938134,0.13774143066257238,-1.233753083506599,0.35096357576549053
2026-04-23 07:36:32.300,3509419.16777259,779144.8300542248,5250979.994955802,-59271.975197018546,35.93261346727057,-0.10096642188727856,-1.24183121137321,0.0492351409047842
2026-04-23 07:36:32.400,3509419.1573687554,779144.6974095688,5250980.008249927,-59276.873945770174,35.90982905815031,-0.10403834749013186,-1.326446559978649,0.13294124975800514
2026-04-23 07:36:32.500,3509419.1810523826,779144.5692823653,5250980.016555907,-59281.755187318355,35.91012509878142,0.23683627136051655,-1.2812720355577767,0.08305979892611504
2026-04-23 07:36:32.600,3509419.1895535253,779144.4634838257,5250980.048023091,-59286.637507878906,35.898699048258344,0.08501142729073763,-1.057985395891592,0.31467183493077755
2026-04-23 07:36:32.700,3509419.192807723,779144.3338286229,5250980.054054717,-59291.53570547544,35.925728536664124,0.03254197537899017,-1.296552027342841,0.060316259041428566
2026-04-23 07:36:32.800,3509419.1915408997,779144.2135613869,5250980.066968794,-59296.42865506604,35.93544751955695,-0.012668231502175331,-1.2026723602321,0.12914077378809452
2026-04-23 07:36:32.900,3509419.2123342687,779144.0983389702,5250980.079108182,-59301.33175670324,35.9802959826876,0.2079336903989315,-1.1522241670172662,0.12139388360083103
2026-04-23 07:36:33.000,3509419.2217328483,779143.9771254354,5250980.090467275,-59306.22817298415,35.93491632701943,0.09398579597473145,-1.212135348469019,0.11359092779457569
2026-04-23 07:36:33.100,3509419.2228165534,779143.8524019672,5250980.095914003,-59311.12994348083,35.93726947726862,0.010837051086127758,-1.2472346820868552,0.05446728318929672
2026-04-23 07:36:33.200,3509419.2340135155,779143.7313775598,5250980.128159564,-59316.010383880675,35.943348192869614,0.11196962092071772,-1.210244073299691,0.3224556054919958
2026-04-23 07:36:33.300,3509419.240348905,779143.6183206546,5250980.147505672,-59320.909910777504,35.97253979862105,0.06335389334708452,-1.1305690521840006,0.19346107728779316
2026-04-23 07:36:33.400,3509419.2462381828,779143.4951959868,5250980.1654335745,-59325.80360912648,35.96789369176976,0.05889277905225754,-1.2312466779258102,0.1792790275067091
2026-04-23 07:36:33.500,3509419.25915929,779143.3585080038,5250980.17227004,-59330.69199274456,35.95127015920041,0.12921107467263937,-1.3668798306025565,0.06836465559899807
2026-04-23 07:36:33.600,3509419.268382239,779143.235367199,5250980.188708697,-59335.58703903999,35.96772939884621,0.09222948923707008,-1.2314080470241606,0.1643865741789341
2026-04-23 07:36:33.700,3509419.2707830723,779143.1101470654,5250980.216697978,-59340.47724250049,36.01530589140527,0.024008331820368767,-1.252201336901635,0.2798928041011095
2026-04-23 07:36:33.800,3509419.241343178,779142.9956392903,5250980.239945653,-59345.39211605532,35.97413288497337,-0.294398944824934,-1.1450777505524457,0.2324767503887415
2026-04-23 07:36:33.900,3509419.2170454096,779142.8828562624,5250980.260617166,-59350.29206358995,35.98096660894964,-0.24297768250107765,-1.1278302792925388,0.20671512931585312
2026-04-23 07:36:34.000,3509419.1885360987,779142.7634918031,5250980.29309536,-59355.19555838127,35.962242911553815,-0.2850931091234088,-1.1936445930041373,0.3247819375246763
2026-04-23 07:36:34.100,3509419.1509016617,779142.6485946598,5250980.340483544,-59360.09547847128,35.95915121260514,-0.3763443697243929,-1.1489714332856238,0.4738818481564522
2026-04-23 07:36:34.200,3509419.1224019667,779142.5230927536,5250980.369668606,-59365.004243389914,35.95475776388354,-0.28499695006757975,-1.2550190615002066,0.2918506134301424
2026-04-23 07:36:34.300,3509419.097885552,779142.4083256124,5250980.402585707,-59369.90273224413,35.971890537326324,-0.2451641485095024,-1.1476714117452502,0.3291710093617439
2026-04-23 07:36:34.400,3509419.081494498,779142.2890345652,5250980.425934619,-59374.799893989286,35.95263952783026,-0.16391053795814514,-1.1929104721639305,0.23348912596702576
2026-04-23 07:36:34.500,3509419.0488569103,779142.1684061314,5250980.455791426,-59379.696205231325,35.9412210381781,-0.3263758774846792,-1.2062843376770616,0.29856806620955467
2026-04-23 07:36:34.600,3509419.032006938,779142.055915681,5250980.494419097,-59384.583948396044,35.90912790526361,-0.16849972307682037,-1.1249045049771667,0.3862767107784748
2026-04-23 07:36:34.700,3509419.0146615077,779141.9262306335,5250980.523598227,-59389.47579705973,35.92996035075244,-0.17345430329442024,-1.2968504743184894,0.29179129749536514
2026-04-23 07:36:34.800,3509418.996345126,779141.8062089022,5250980.527284431,-59394.38393655727,35.963856468475505,-0.18316381610929966,-1.2002173135988414,0.03686204552650452
2026-04-23 07:36:34.900,3509418.9855246367,779141.6869551948,5250980.561849391,-59399.27191378279,35.880512073451975,-0.10820489376783371,-1.1925370735116303,0.34564959816634655
2026-04-23 07:36:35.000,3509418.978168172,779141.6221906487,5250980.5584462,-59404.176737371694,35.922981569322005,-0.07356464862823486,-0.6476454611402005,-0.03403191454708576
2026-04-23 07:36:35.100,3509418.9753816384,779141.5766480142,5250980.574699857,-59409.06977761316,35.95121490794744,-0.027865334413945675,-0.45542634441517293,0.16253657639026642
2026-04-23 07:36:35.200,3509418.9784079664,779141.5389449664,5250980.581990949,-59413.971917484494,35.851665932527226,0.030263280496001244,-0.37703047855757177,0.07291091606020927
2026-04-23 07:36:35.300,3509418.9710045797,779141.519048242,5250980.5841221865,-59418.86453138097,35.90781921445268,-0.07403386756777763,-0.198967243777588,0.021312376484274864
2026-04-23 07:36:35.400,3509418.969185636,779141.5127752983,5250980.584063767,-59423.759628694366,35.920216405864686,-0.018189437687397003,-0.06272943690419197,-0.0005841907113790512
2026-04-23 07:36:35.500,3509418.9654573477,779141.5065857425,5250980.584929971,-59428.661632492214,35.90826453668593,-0.03728288225829601,-0.06189555861055851,0.008662035688757896
2026-04-23 07:36:35.600,3509418.961093411,779141.5158968439,5250980.584726585,-59433.55289302494,35.92192054964635,-0.04363936837762594,0.09311101399362087,-0.0020338594913482666
2026-04-23 07:36:35.700,3509418.9558521025,779141.52101125,5250980.580892844,-59438.4508641016,35.93289861638191,-0.052413083612918854,0.051144061144441366,-0.03833740949630737
2026-04-23 07:36:35.800,3509418.951679246,779141.5233961663,5250980.584573513,-59443.35592873197,35.95015508866782,-0.04172856453806162,0.02384916297160089,0.03680668771266937
2026-04-23 07:36:35.900,3509418.949313119,779141.5245845632,5250980.583100566,-59448.255178288426,35.93579753510058,-0.023661269806325436,0.01188396941870451,-0.014729471877217293
2026-04-23 07:36:36.000,3509418.943428667,779141.5216996924,5250980.581801607,-59453.15448508824,35.94312720868637,-0.05884452257305384,-0.028848708607256413,-0.012989584356546402
2026-04-23 07:36:36.100,3509418.9386589304,779141.5196443496,5250980.584932615,-59458.05857643786,35.9489506534437,-0.04769736435264349,-0.02055342774838209,0.031310077756643295
2026-04-23 07:36:36.200,3509418.936281256,779141.5244747757,5250980.584846375,-59462.96389372927,35.973364940330086,-0.02377674449235201,0.048304260708391666,-0.0008624047040939331
2026-04-23 07:36:36.300,3509418.932168586,779141.5223591669,5250980.582788078,-59467.86488042839,35.96696041269742,-0.041126697324216366,-0.021156087750568986,-0.02058296464383602
2026-04-23 07:36:36.400,3509418.928824333,779141.517534033,5250980.580387887,-59472.76840309389,35.974198724549844,-0.03344253171235323,-0.04825133830308914,-0.024001915007829666
2026-04-23 07:36:36.500,3509418.9262905703,779141.5215907795,5250980.585944823,-59477.66247694499,35.967941611317485,-0.02533762715756893,0.04056746489368379,0.05556936375796795
2026-04-23 07:36:36.600,3509418.923464301,779141.5222247125,5250980.581082222,-59482.57057553919,36.00423795212792,-0.028262692503631115,0.006339329993352294,-0.04862600937485695
2026-04-23 07:36:36.700,3509418.9196703658,779141.5209214296,5250980.578346448,-59487.47761550369,36.00396186976996,-0.03793935291469097,-0.013032829156145453,-0.027357740327715874
2026-04-23 07:36:36.800,3509418.917615795,779141.5250630132,5250980.5875821635,-59492.36829101147,36.00780591038609,-0.02054570708423853,0.04141583573073149,0.09235715493559837
2026-04-23 07:36:36.900,3509418.913285284,779141.5230926974,5250980.585034674,-59497.269839541565,36.02860088158186,-0.043305112048983574,-0.019703158177435398,-0.025474894791841507
2026-04-23 07:36:37.000,3509418.910821516,779141.5257612702,5250980.587984871,-59502.16610243146,36.02664529697844,-0.02463767770677805,0.02668572822585702,0.02950197085738182
2026-04-23 07:36:37.100,3509418.9090033327,779141.5288065452,5250980.588213572,-59507.06707553332,36.04511336554308,-0.018181833438575268,0.030452749924734235,0.002287011593580246
2026-04-23 07:36:37.200,3509418.906279173,779141.5325853127,5250980.590050442,-59511.9750757014,36.050801865339885,-0.027241595089435577,0.03778767539188266,0.01836869865655899
2026-04-23 07:36:37.300,3509418.904154632,779141.5350131496,5250980.590572568,-59516.88090575117,36.0643051504764,-0.02124541439116001,0.024278368800878525,0.005221255123615265
2026-04-23 07:36:37.400,3509418.9026770517,779141.536446756,5250980.59155779,-59521.77373647781,36.0753096313423,-0.01477580051869154,0.01433606375940144,0.009852219372987747
2026-04-23 07:36:37.500,3509418.8983483175,779141.5397786184,5250980.590736311,-59526.655513890946,36.08506336152174,-0.04328734241425991,0.03331862390041351,-0.008214786648750305
2026-04-23 07:36:37.600,3509418.8958784584,779141.5414088554,5250980.590157796,-59531.54602435826,36.11117312180612,-0.024698590859770775,0.016302369767799973,-0.005785152316093445
2026-04-23 07:36:37.700,3509418.8928677,779141.5429898264,5250980.588512538,-59536.4374796014,36.129274333430864,-0.030107581987977028,0.01580971060320735,-0.016452576965093613
2026-04-23 07:36:37.800,3509418.8897017604,779141.5473927711,5250980.591100773,-59541.32948738281,36.149791642642086,-0.03165939822793007,0.044029447017237544,0.02588234841823578
2026-04-23 07:36:37.900,3509418.8887878596,779141.5501230379,5250980.5918674795,-59546.22495135282,36.17303384734401,-0.00913900788873434,0.027302667731419206,0.007667066529393196
2026-04-23 07:36:38.000,3509418.8872935167,779141.5538116844,5250980.592625907,-59551.119516683044,36.19026713224561,-0.01494342926889658,0.036886464804410934,0.00758427195250988
2026-04-23 07:36:38.100,3509418.8864226695,779141.5563261706,5250980.590732157,-59556.02677526842,36.20295079008026,-0.008708471432328224,0.02514486201107502,-0.018937494605779648
2026-04-23 07:36:38.200,3509418.882781899,779141.5585443038,5250980.591398293,-59560.937047321655,36.21940926022863,-0.03640770446509123,0.022181331878528,0.006661359220743179
2026-04-23 07:36:38.300,3509418.88120452,779141.5616048146,5250980.5905293,-59565.83849709126,36.240627308157094,-0.015773791819810867,0.030605108477175236,-0.00868992879986763
2026-04-23 07:36:38.400,3509418.8807106256,779141.5633123959,5250980.591130714,-59570.73897356064,36.24650036957559,-0.004938943311572075,0.017075813375413418,0.0060141365975141525
2026-04-23 07:36:38.500,3509418.8775745216,779141.5668486626,5250980.590418467,-59575.64253216192,36.27946313440047,-0.031361039727926254,0.03536266623996198,-0.007122466340661049
2026-04-23 07:36:38.600,3509418.8769125016,779141.5689961972,5250980.588811223,-59580.542899447304,36.29507198402614,-0.006620199419558048,0.02147534629330039,-0.016072439029812813
2026-04-23 07:36:38.700,3509418.8734508893,779141.5696568505,5250980.586184101,-59585.45011858987,36.31423853166222,-0.034616123884916306,0.006606533424928784,-0.026271222159266472
2026-04-23 07:36:38.800,3509418.8732376667,779141.5724873316,5250980.588461472,-59590.35041271942,36.335684544267075,-0.0021322257816791534,0.02830481040291488,0.022773705422878265
2026-04-23 07:36:38.900,3509418.8722793786,779141.5762718272,5250980.588311177,-59595.25257953637,36.36532170538228,-0.00958288088440895,0.03784495638683438,-0.001502949744462967
2026-04-23 07:36:39.000,3509418.869719744,779141.5796538641,5250980.586546776,-59600.16661738797,36.4002423849072,-0.02559634391218424,0.03382036928087473,-0.017644008621573448
2026-04-23 07:36:39.100,3509418.865569357,779141.5818601832,5250980.584287458,-59605.084729163565,36.41328385808094,-0.04150387365370989,0.02206319011747837,-0.0225931778550148
2026-04-23 07:36:39.200,3509418.8652867563,779141.5869487555,5250980.586418403,-59609.99973651279,36.450453893272545,-0.002826005220413208,0.050885723903775215,0.02130945213139057
2026-04-23 07:36:39.300,3509418.8617223143,779141.5889845177,5250980.58706045,-59614.911059849685,36.467038673130865,-0.03564442042261362,0.02035762183368206,0.00642046332359314
2026-04-23 07:36:39.400,3509418.8585552797,779141.5917980984,5250980.5849423865,-59619.82105635348,36.48683543593877,-0.031670345924794674,0.028135806787759066,-0.02118063159286976
2026-04-23 07:36:39.500,3509418.8546020645,779141.5941310305,5250980.586623932,-59624.73089599703,36.511544663474275,-0.03953215200453997,0.023329320829361677,0.016815457493066788
2026-04-23 07:36:39.600,3509418.8522708127,779141.5999081526,5250980.590763769,-59629.65424531524,36.53783977974464,-0.023312517441809177,0.05777122103609145,0.041398368775844574
2026-04-23 07:36:39.700,3509418.8503298387,779141.604771552,5250980.592206019,-59634.568321388426,36.56125118201885,-0.01940974034368992,0.04863399430178106,0.014422498643398285
2026-04-23 07:36:39.800,3509418.8460953566,779141.6069708456,5250980.596085658,-59639.47612164372,36.57255182447686,-0.04234482068568468,0.021992935799062252,0.03879639320075512
2026-04-23 07:36:39.900,3509418.842580581,779141.608767114,5250980.595174358,-59644.38452284451,36.5947451536283,-0.03514775540679693,0.0179626839235425,-0.009113000705838203
2026-04-23 07:36:40.000,3509418.838402778,779141.6122035459,5250980.595464998,-59649.3004024357,36.617986813990235,-0.04177803173661232,0.034364318707957864,0.002906396985054016
2026-04-23 07:36:40.100,3509418.835673628,779141.614153069,5250980.5963874925,-59654.20992102884,36.63373902842039,-0.027291500009596348,0.019495231099426746,0.009224945679306984
2026-04-23 07:36:40.200,3509418.83158429,779141.6176619693,5250980.599736475,-59659.108313092096,36.663798970886496,-0.04089337773621082,0.035089002922177315,0.03348982892930508
2026-04-23 07:36:40.300,3509418.8309030863,779141.6216377525,5250980.603894055,-59664.01211299133,36.68526003124207,-0.006812037900090218,0.039757832419127226,0.04157579503953457
2026-04-23 07:36:40.400,3509418.8290775535,779141.6241996929,5250980.608298885,-59668.919933063706,36.72116926978731,-0.01825532875955105,0.025619403459131718,0.04404829815030098
2026-04-23 07:36:40.500,3509418.8277581753,779141.6259243779,5250980.613920687,-59673.82531655621,36.72588031657034,-0.013193781487643719,0.01724685076624155,0.056218020617961884
2026-04-23 07:36:40.600,3509418.8267237917,779141.6284427346,5250980.617714545,-59678.73596300036,36.74381516086346,-0.01034383662045002,0.02518356661312282,0.03793857991695404
2026-04-23 07:36:40.700,3509418.8248417117,779141.6329525799,5250980.6222155085,-59683.64841864046,36.77381725844826,-0.01882079988718033,0.04509845282882452,0.045009637251496315
2026-04-23 07:36:40.800,3509418.822880368,779141.6363596471,5250980.628632072,-59688.54423629108,36.78583207923573,-0.019613434560596943,0.0340706727001816,0.06416563875973225
2026-04-23 07:36:40.900,3509418.8216922735,779141.6383295225,5250980.632122008,-59693.43804975471,36.80787359264304,-0.011880947276949883,0.019698753021657467,0.034899357706308365
2026-04-23 07:36:41.000,3509418.8209824036,779141.6432360844,5250980.638251619,-59698.342887354316,36.83255343803928,-0.007098698988556862,0.04906561924144626,0.06129611283540726
2026-04-23 07:36:41.100,3509418.8185635665,779141.646232837,5250980.642752669,-59703.24821295598,36.85296673287992,-0.024188370443880558,0.029967526206746697,0.04501049406826496
2026-04-23 07:36:41.200,3509418.8188918205,779141.6486832696,5250980.649231004,-59708.15196163564,36.8760560446225,0.0032825395464897156,0.024504326283931732,0.06478334777057171
2026-04-23 07:36:41.300,3509418.8187093744,779141.6539127891,5250980.656365765,-59713.04283317351,36.89338312578853,-0.0018244609236717224,0.05229519447311759,0.07134761661291122
2026-04-23 07:36:41.400,3509418.818648903,779141.6573687069,5250980.662490443,-59717.93231561476,36.90387640352612,-0.0006047124043107033,0.03455917816609144,0.061246780678629875
2026-04-23 07:36:41.500,3509418.8161297576,779141.6608361518,5250980.667438987,-59722.8313064465,36.928979712133774,-0.025191456079483032,0.03467444912530482,0.04948543384671211
2026-04-23 07:36:41.600,3509418.8150671218,779141.6654479426,5250980.672140338,-59727.72122367059,36.951646655395315,-0.010626357980072498,0.04611790762282908,0.04701351746916771
2026-04-23 07:36:41.700,3509418.814649017,779141.6659430827,5250980.676391331,-59732.61142464206,36.960599397959605,-0.004181046970188618,0.004951400915160775,0.04250992089509964
2026-04-23 07:36:41.800,3509418.8147643483,779141.6704840373,5250980.682103698,-59737.50367384724,36.985769376454904,0.001153312623500824,0.04540954600088298,0.05712367594242096
2026-04-23 07:36:41.900,3509418.8132258854,779141.6724140175,5250980.683703184,-59742.397106352444,36.99282475112813,-0.015384629368782043,0.019299802370369434,0.015994859859347343
2026-04-23 07:36:42.000,3509418.8112020115,779141.676650943,5250980.6892613545,-59747.28445062762,37.01151216037439,-0.020238738507032394,0.042369255097582936,0.055581703782081604
2026-04-23 07:36:42.100,3509418.8118656958,779141.6784858336,5250980.693091347,-59752.17237541783,37.01587553708239,0.006636842153966427,0.018348905723541975,0.0382999237626791
2026-04-23 07:36:42.200,3509418.812875283,779141.6813829994,5250980.700615043,-59757.065486972584,37.01106971143576,0.010095871984958649,0.028971658321097493,0.07523695938289165
2026-04-23 07:36:42.300,3509418.812727856,779141.6827951171,5250980.705639418,-59761.96306803518,37.01497213460756,-0.0014742696657776833,0.014121177373453975,0.05024375393986702
2026-04-23 07:36:42.400,3509418.8118444947,779141.6849590923,5250980.708718484,-59766.85718171292,37.02723202924374,-0.008833613246679306,0.021639751503244042,0.03079066053032875
2026-04-23 07:36:42.500,3509418.8111511315,779141.6875408316,5250980.713694413,-59771.757156387954,37.0349713326492,-0.0069336313754320145,0.025817393325269222,0.049759289249777794
2026-04-23 07:36:42.600,3509418.8092826228,779141.6882105739,5250980.71673199,-59776.66201028815,37.04813385355629,-0.01868508756160736,0.006697422359138727,0.0303757656365633
2026-04-23 07:36:42.700,3509418.8087714575,779141.688465442,5250980.721872499,-59781.55675395121,37.040917536947404,-0.005111652426421642,0.002548681804910302,0.05140509456396103
2026-04-23 07:36:42.800,3509418.806926464,779141.6901056955,5250980.722981014,-59786.44398902532,37.03955104250209,-0.018449933268129826,0.016402534674853086,0.011085150763392448
2026-04-23 07:36:42.900,3509418.806577859,779141.6902373049,5250980.727119907,-59791.345442097445,37.034647856037566,-0.00348605215549469,0.0013160938397049904,0.04138892516493797
2026-04-23 07:36:43.000,3509418.805172255,779141.692733248,5250980.732348752,-59796.245272529646,37.0453074810986,-0.014056041836738586,0.024959431029856205,0.05228845402598381
2026-04-23 07:36:43.100,3509418.8033690844,779141.6933706168,5250980.732441975,-59801.14968071896,37.03812415480667,-0.018031704239547253,0.006373687647283077,0.0009322259575128555
2026-04-23 07:36:43.200,3509418.8020344903,779141.6955476239,5250980.736775154,-59806.04132857379,37.03141360014971,-0.013345940969884396,0.021770071471109986,0.04333179444074631
2026-04-23 07:36:43.300,3509418.7998717446,779141.6973063836,5250980.739095077,-59810.93376883631,37.030307472466184,-0.0216274568811059,0.01758759724907577,0.023199226707220078
2026-04-23 07:36:43.400,3509418.7973131076,779141.6983766495,5250980.742160217,-59815.83034281897,37.028945737784774,-0.025586369447410107,0.010702658910304308,0.030651399865746498
2026-04-23 07:36:43.500,3509418.7963220985,779141.6994544201,5250980.744616387,-59820.72056978977,37.02505850531747,-0.009910091757774353,0.010777706047520041,0.024561705067753792
2026-04-23 07:36:43.600,3509418.7948590955,779141.6994784229,5250980.751557428,-59825.60430161688,37.02188331860391,-0.014630029909312725,0.00024002743884921074,0.06941040977835655
2026-04-23 07:36:43.700,3509418.792293397,779141.6993506703,5250980.75435511,-59830.49151501517,37.01590415059724,-0.025656986981630325,-0.0012775254435837269,0.02797681838274002
2026-04-23 07:36:43.800,3509418.7915899386,779141.6998388093,5250980.758574808,-59835.380913373876,37.00968592751111,-0.007034582085907459,0.004881389904767275,0.04219697788357735
2026-04-23 07:36:43.900,3509418.7884372235,779141.700780689,5250980.761255679,-59840.268611014464,37.01000086682803,-0.03152715042233467,0.009418796980753541,0.026808707043528557
2026-04-23 07:36:44.000,3509418.7878524642,779141.7005200366,5250980.764327202,-59845.15283231083,37.00416693391219,-0.00584759283810854,-0.002606523921713233,0.030715232715010643
2026-04-23 07:36:44.100,3509418.787059378,779141.700876033,5250980.768199649,-59850.049675714945,37.00263639518203,-0.00793086364865303,0.003559964243322611,0.038724467158317566
2026-04-23 07:36:44.200,3509418.7871606476,779141.7013751107,5250980.773164839,-59854.946960266774,36.99389185372519,0.001012696884572506,0.004990776069462299,0.04965189844369888
2026-04-23 07:36:44.300,3509418.7842811067,779141.7032006348,5250980.775064103,-59859.846439581685,36.99157435488947,-0.02879540901631117,0.018255241448059678,0.018992647528648376
2026-04-23 07:36:44.400,3509418.7846679464,779141.7037017783,5250980.781130061,-59864.74680386772,36.9899867525761,0.0038683973252773285,0.005011435132473707,0.06065957248210907
2026-04-23 07:36:44.500,3509418.7822269,779141.705547479,5250980.782064071,-59869.64582160049,36.992071300089755,-0.02441046293824911,0.01845700666308403,0.009340103715658188
2026-04-23 07:36:44.600,3509418.780520454,779141.7075978421,5250980.783068548,-59874.54364546705,36.99097894665623,-0.017064460553228855,0.02050363109447062,0.010044770315289497
2026-04-23 07:36:44.700,3509418.7813005582,779141.7071929829,5250980.789085052,-59879.43656725457,36.98065905137463,0.007801041938364506,-0.004048591945320368,0.06016504019498825
2026-04-23 07:36:44.800,3509418.779703674,779141.7076550204,5250980.789225537,-59884.342458169056,36.9930975627204,-0.01596884336322546,0.004620375111699104,0.0014048535376787186
2026-04-23 07:36:44.900,3509418.7786486144,779141.7077026599,5250980.788511624,-59889.247492027884,36.99161930812664,-0.01055059488862753,0.00047639477998018265,-0.007139137014746666
2026-04-23 07:36:45.000,3509418.778760772,779141.7097785985,5250980.7897358285,-59894.150064088266,36.997433991285284,0.0011215778067708015,0.02075938624329865,0.012242048978805542
2026-04-23 07:36:45.100,3509418.7786677894,779141.7091352995,5250980.791920235,-59899.04623937032,36.99141380294511,-0.0009298278018832207,-0.006432989612221718,0.02184406854212284
2026-04-23 07:36:45.200,3509418.7756794505,779141.709310089,5250980.789373284,-59903.94574559559,37.010793920153,-0.029883389361202717,0.0017478945665061474,-0.02546951174736023
2026-04-23 07:36:45.300,3509418.77634029,779141.7105839783,5250980.791092063,-59908.844977534,37.016388121321945,0.006608394905924797,0.012738893274217844,0.01718779094517231
2026-04-23 07:36:45.400,3509418.7765074424,779141.7107766457,5250980.790601218,-59913.74162059587,37.018199980122326,0.0016715237870812416,0.0019266735762357712,-0.004908451810479164
2026-04-23 07:36:45.500,3509418.7776326663,779141.7119601934,5250980.791358464,-59918.63850104164,37.02829086000525,0.011252239346504211,0.0118354766163975,0.007572462782263756
2026-04-23 07:36:45.600,3509418.776038305,779141.7108207379,5250980.792833503,-59923.53885418002,37.02569354326427,-0.015943613834679127,-0.011394554749131203,0.014750389382243156
2026-04-23 07:36:45.700,3509418.7763894363,779141.7102909433,5250980.792831452,-59928.437666530335,37.03494550643411,0.003511314280331135,-0.005297946045175195,-2.0517036318778992e-05
2026-04-23 07:36:45.800,3509418.778335582,779141.7116913074,5250980.790866488,-59933.34096922829,37.05646099625774,0.019461456686258316,0.014003640972077847,-0.01964963972568512
2026-04-23 07:36:45.900,3509418.779070477,779141.7122272033,5250980.791382346,-59938.2407962319,37.069172443619536,0.007348950020968914,0.005358959315344691,0.005158586427569389
2026-04-23 07:36:46.000,3509418.779501039,779141.714273252,5250980.793335692,-59943.139187302186,37.08659788846961,0.004305620677769184,0.02046048641204834,0.01953345723450184
2026-04-23 07:36:46.100,3509418.7773017776,779141.715077808,5250980.793448098,-59948.03862524648,37.10872057160526,-0.02199261449277401,0.0080455606803298,0.0011240597814321518
2026-04-23 07:36:46.200,3509418.776395423,779141.7122167307,5250980.790613759,-59952.93825740944,37.10206092542426,-0.009063547477126122,-0.028610773151740432,-0.028343386948108673
2026-04-23 07:36:46.300,3509418.7778844093,779141.7137164064,5250980.790785142,-59957.84201846943,37.11238806245883,0.01488986425101757,0.014996756799519062,0.0017138291150331497
2026-04-23 07:36:46.400,3509418.7783608893,779141.7152327487,5250980.791138765,-59962.74548031391,37.138488307260694,0.0047647999599576,0.015163422795012593,0.003536231815814972
2026-04-23 07:36:46.500,3509418.778632777,779141.7172111844,5250980.791425773,-59967.649413772335,37.164091841916225,0.0027188751846551895,0.019784357864409685,0.0028700754046440125
2026-04-23 07:36:46.600,3509418.77775625,779141.7176172093,5250980.790892729,-59972.56291667013,37.17601482282406,-0.00876526813954115,0.004060248611494899,-0.005330443382263184
2026-04-23 07:36:46.700,3509418.7767631216,779141.7181926706,5250980.790402986,-59977.46999300331,37.19852650396354,-0.009931284002959728,0.005754613084718585,-0.004897424951195717
2026-04-23 07:36:46.800,3509418.7762207757,779141.7195220939,5250980.789451851,-59982.37680630621,37.22244282864205,-0.0054234592244029045,0.013294232776388526,-0.009511355310678482
2026-04-23 07:36:46.900,3509418.777226765,779141.7201038162,5250980.789407509,-59987.2722024575,37.24180692367879,0.010059894993901253,0.005817223573103547,-0.0004434119910001755
2026-04-23 07:36:47.000,3509418.777167997,779141.7218231945,5250980.789693463,-59992.176095863964,37.26517248159945,-0.0005876831710338593,0.017193782841786742,0.0028595328330993652
2026-04-23 07:36:47.100,3509418.7773308656,779141.7233709876,5250980.789057138,-59997.07952019921,37.2818477146676,0.0016286876052618027,0.01547793042846024,-0.006363242864608765
2026-04-23 07:36:47.200,3509418.777167959,779141.7259558864,5250980.790613023,-60001.988695997214,37.31407842743714,-0.001629064790904522,0.025848988443613052,0.015558842569589615
2026-04-23 07:36:47.300,3509418.7763962043,779141.7270590374,5250980.786715283,-60006.90341885228,37.349432327385784,-0.007717548869550228,0.011031510075554252,-0.03897739574313164
2026-04-23 07:36:47.400,3509418.7779628984,779141.7264175336,5250980.787561158,-60011.801969457796,37.367646787439206,0.015666941180825233,-0.0064150383695960045,0.00845874659717083
2026-04-23 07:36:47.500,3509418.779811613,779141.7277333619,5250980.789511359,-60016.70563474208,37.383286201260674,0.018487144261598587,0.013158282963559031,0.01950201578438282
2026-04-23 07:36:47.600,3509418.7808779636,779141.7309632626,5250980.789704841,-60021.61018522164,37.42682400350288,0.01066350843757391,0.032299007289111614,0.0019348133355379105
2026-04-23 07:36:47.700,3509418.7807232384,779141.7325787813,5250980.787051998,-60026.51252307574,37.455089322543586,-0.0015472527593374252,0.016155187040567398,-0.02652842551469803
2026-04-23 07:36:47.800,3509418.7817924013,779141.7348584323,5250980.78812373,-60031.42154346455,37.47803068414873,0.010691629722714424,0.022796510020270944,0.010717315599322319
2026-04-23 07:36:47.900,3509418.7804347547,779141.736728175,5250980.786913817,-60036.33037050797,37.50918580206866,-0.013576466590166092,0.018697426421567798,-0.01209912821650505
2026-04-23 07:36:48.000,3509418.7824068014,779141.7381791011,5250980.787537094,-60041.22534167272,37.532874578541644,0.019720466807484627,0.014509261818602681,0.006232773885130882
2026-04-23 07:36:48.100,3509418.7828673003,779141.7392844843,5250980.784734441,-60046.11966102419,37.5636939129299,0.004604989662766457,0.011053831549361348,-0.028026532381772995
2026-04-23 07:36:48.200,3509418.7835846944,779141.7409980204,5250980.7859097235,-60051.017022975655,37.59515962115393,0.007173940539360046,0.017135360976681113,0.011752825230360031
2026-04-23 07:36:48.300,3509418.7848874414,779141.7439424256,5250980.786226019,-60055.910529264685,37.62778186496261,0.01302747055888176,0.029444051906466484,0.003162957727909088
2026-04-23 07:36:48.400,3509418.7841378907,779141.7438928821,5250980.783043171,-60060.81461111706,37.64567379111425,-0.007495507597923279,-0.0004954345058649778,-0.03182847984135151
2026-04-23 07:36:48.500,3509418.7861601515,779141.7466061222,5250980.786108541,-60065.708405758014,37.67178196815832,0.020222608000040054,0.027132401010021567,0.0306537002325058
2026-04-23 07:36:48.600,3509418.786998022,779141.7491088863,5250980.78612308,-60070.61220500533,37.71006171311711,0.008378704078495502,0.025027641095221043,0.00014538876712322235
2026-04-23 07:36:48.700,3509418.7865770874,779141.7496891635,5250980.783391349,-60075.514311881365,37.73723300543798,-0.004209345206618309,0.005802771775051951,-0.027317311614751816
2026-04-23 07:36:48.800,3509418.7869503982,779141.7518950528,5250980.783936321,-60080.41510752061,37.750637806060226,0.003733108751475811,0.02205889322794974,0.005449717864394188
2026-04-23 07:36:48.900,3509418.7862459635,779141.7536384568,5250980.782692963,-60085.310915215116,37.78628575495723,-0.0070443470031023026,0.017434039618819952,-0.012433575466275215
2026-04-23 07:36:49.000,3509418.787754827,779141.7539825828,5250980.78193027,-60090.213427140414,37.816724821040644,0.015088636428117752,0.0034412601962685585,-0.007626935839653015
2026-04-23 07:36:49.100,3509418.789096178,779141.7581164006,5250980.781915002,-60095.11272056927,37.84103276429638,0.013413508422672749,0.041338177397847176,-0.00015268102288246155
2026-04-23 07:36:49.200,3509418.786105018,779141.7592125859,5250980.778121803,-60100.020514254924,37.875440705577695,-0.02991159912198782,0.010961852967739105,-0.03793198615312576
2026-04-23 07:36:49.300,3509418.785400141,779141.7611788876,5250980.776496477,-60104.92668027654,37.90622655768776,-0.007048770785331726,0.019663017010316253,-0.016253255307674408
2026-04-23 07:36:49.400,3509418.7867848575,779141.7630053794,5250980.77599447,-60109.8318872741,37.92325195770597,0.013847164809703827,0.018264917889609933,-0.005020070821046829
2026-04-23 07:36:49.500,3509418.786410419,779141.763751499,5250980.772209088,-60114.74352654762,37.947115908094055,-0.0037443870678544044,0.007461196510121226,-0.037853820249438286
2026-04-23 07:36:49.600,3509418.7868140177,779141.7646568798,5250980.77309637,-60119.6434198217,37.96550391053248,0.004035988822579384,0.00905380817130208,0.008872812613844872
2026-04-23 07:36:49.700,3509418.785837059,779141.7666727159,5250980.7710860595,-60124.54561040456,37.99852769431867,-0.009769587777554989,0.020158360712230206,-0.020103100687265396
2026-04-23 07:36:49.800,3509418.784889175,779141.7676220462,5250980.769355861,-60129.44831395468,38.012388238535515,-0.009478838182985783,0.00949330278672278,-0.01730198971927166
2026-04-23 07:36:49.900,3509418.786278461,779141.7693900013,5250980.768434537,-60134.351277540496,38.032981719854455,0.013892860151827335,0.01767955138348043,-0.009213238954544067
2026-04-23 07:36:50.000,3509418.785893969,779141.76928305,5250980.768662533,-60139.25798896866,38.04430836026524,-0.0038449233397841454,-0.0010695133823901415,0.002279961481690407
2026-04-23 07:36:50.100,3509418.7853999576,779141.773261192,5250980.76978128,-60144.15692755526,38.07792066776701,-0.004940112121403217,0.0397814204916358,0.011187475174665451
2026-04-23 07:36:50.200,3509418.7850643964,779141.7751299919,5250980.767520629,-60149.059818891794,38.09227349579385,-0.003355611115694046,0.018687999108806252,-0.022606514394283295
2026-04-23 07:36:50.300,3509418.7853838713,779141.7745246077,5250980.765077524,-60153.963067483644,38.10745065170291,0.0031947484239935875,-0.006053842371329665,-0.024431049823760986
2026-04-23 07:36:50.400,3509418.785796807,779141.775507849,5250980.765327048,-60158.86722187306,38.13078234666824,0.004129358567297459,0.009832412470132113,0.0024952366948127747
2026-04-23 07:36:50.500,3509418.7869824893,779141.7755337855,5250980.763784683,-60163.776245411085,38.14379691871007,0.011856821365654469,0.0002593651879578829,-0.015423642471432686
2026-04-23 07:36:50.600,3509418.785840582,779141.776725054,5250980.760383133,-60168.6869822967,38.15396787415732,-0.011419071815907955,0.01191268558613956,-0.03401550464332104
2026-04-23 07:36:50.700,3509418.786492811,779141.7777594726,5250980.75941468,-60173.594177894185,38.17298614339596,0.006522289477288723,0.0103441858664155,-0.009684525430202484
2026-04-23 07:36:50.800,3509418.786699824,779141.776680394,5250980.756892212,-60178.50553402667,38.1742211264005,0.0020701298490166664,-0.010790786473080516,-0.025224685668945312
2026-04-23 07:36:50.900,3509418.7869639737,779141.777907256,5250980.753625213,-60183.41295422327,38.1838789958745,0.0026414962485432625,0.01226862077601254,-0.03266998566687107
2026-04-23 07:36:51.000,3509418.7885812735,779141.7781020546,5250980.751922038,-60188.31752146344,38.20406523800131,0.01617299858480692,0.0019479857292026281,-0.017031747847795486
2026-04-23 07:36:51.100,3509418.7908104397,779141.777692455,5250980.75062618,-60193.21832592464,38.21829317339883,0.02229166217148304,-0.004095996264368296,-0.012958580628037453
2026-04-23 07:36:51.200,3509418.7917164294,779141.7778427268,5250980.747597222,-60198.12757594483,38.21356473159305,0.009059896692633629,0.0015027180779725313,-0.030289581045508385
2026-04-23 07:36:51.300,3509418.7926308983,779141.7776228815,5250980.7424653005,-60203.04609984543,38.23197183563621,0.009144688956439495,-0.0021984532941132784,-0.051319217309355736
2026-04-23 07:36:51.400,3509418.7916637184,779141.778265155,5250980.7391572455,-60207.95221954816,38.24540159569226,-0.009671798907220364,0.006422735750675201,-0.03308054991066456
2026-04-23 07:36:51.500,3509418.7915157815,779141.7772131073,5250980.735402567,-60212.85775622761,38.24667755916776,-0.001479368656873703,-0.010520477080717683,-0.037546781823039055
2026-04-23 07:36:51.600,3509418.792096772,779141.7774012624,5250980.734071531,-60217.76793207032,38.24810027850344,0.005809906870126724,0.0018815509974956512,-0.013310359790921211
2026-04-23 07:36:51.700,3509418.7942442256,779141.7774550006,5250980.731225101,-60222.67301562212,38.26795903424125,0.021474533714354038,0.000537381274625659,-0.028464300557971
2026-04-23 07:36:51.800,3509418.794827292,779141.777062386,5250980.726208002,-60227.5789357069,38.25854235893473,0.005830666050314903,-0.0039261451456695795,-0.05017098970711231
2026-04-23 07:36:51.900,3509418.796136821,779141.7779289704,5250980.722965779,-60232.4929240322,38.25299334113511,0.013095289468765259,0.008665843633934855,-0.03242223523557186
2026-04-23 07:36:52.000,3509418.795752685,779141.7776928454,5250980.71973288,-60237.404331489764,38.2651076545903,-0.003841361030936241,-0.0023612496443092823,-0.03232899121940136
2026-04-23 07:36:52.100,3509418.796094425,779141.7760324796,5250980.716082853,-60242.308999996894,38.26565895753065,0.00341739971190691,-0.016603658441454172,-0.03650026395916939
2026-04-23 07:36:52.200,3509418.798310726,779141.7764762288,5250980.714271873,-60247.20633286224,38.26663788514127,0.022163009271025658,0.004437492461875081,-0.018109800294041634
2026-04-23 07:36:52.300,3509418.797678577,779141.7762713053,5250980.708619084,-60252.11249441705,38.288218186923025,-0.006321491673588753,-0.002049235627055168,-0.056527890264987946
2026-04-23 07:36:52.400,3509418.7985899835,779141.7765877588,5250980.706287674,-60257.01205898543,38.28373816932392,0.009114067070186138,0.003164535155519843,-0.023314105346798897
2026-04-23 07:36:52.500,3509418.8006913043,779141.7752417937,5250980.706613685,-60261.91344119342,38.278104360606555,0.021013207733631134,-0.013459650799632072,0.003260113298892975
2026-04-23 07:36:52.600,3509418.7999278964,779141.7751695506,5250980.70486194,-60266.81030782103,38.28999946539786,-0.007634079083800316,-0.0007224315777420998,-0.01751745119690895
2026-04-23 07:36:52.700,3509418.7999603255,779141.7758686276,5250980.701191093,-60271.71290910443,38.28882035952332,0.0003242911770939827,0.006990770343691111,-0.036708470433950424
2026-04-23 07:36:52.800,3509418.8017043024,779141.7763956072,5250980.702280155,-60276.611550601854,38.268857029613535,0.017439769580960274,0.005269795656204224,0.010890625417232513
2026-04-23 07:36:52.900,3509418.802160231,779141.7739247401,5250980.697796165,-60281.51759115133,38.25976754716133,0.004559285007417202,-0.02470867009833455,-0.044839903712272644
2026-04-23 07:36:53.000,3509418.8023597924,779141.7734217759,5250980.698000346,-60286.42398563318,38.241793407563726,0.001995614729821682,-0.00502964248880744,0.002041812986135483
2026-04-23 07:36:53.100,3509418.803104746,779141.7741485056,5250980.699162744,-60291.3236458042,38.23536615740635,0.007449537515640259,0.00726729747839272,0.01162397675216198
2026-04-23 07:36:53.200,3509418.8040918214,779141.772706031,5250980.695883128,-60296.2159363409,38.22146946887118,0.009870752692222595,-0.014424746623262763,-0.032796161249279976
2026-04-23 07:36:53.300,3509418.8040060825,779141.7723286586,5250980.696553594,-60301.10803076396,38.21179407152557,-0.0008573895320296288,-0.003773723728954792,0.006704665720462799
2026-04-23 07:36:53.400,3509418.804973025,779141.773214506,5250980.696902215,-60305.99999848794,38.20735512109479,0.009669424034655094,0.008858473738655448,0.0034862011671066284
2026-04-23 07:36:53.500,3509418.8042975054,779141.7721761304,5250980.692624855,-60310.89955911063,38.20166931071323,-0.006755194626748562,-0.010383755434304476,-0.042773596942424774
2026-04-23 07:36:53.600,3509418.8062972394,779141.7700848363,5250980.692489523,-60315.80027488689,38.18733848696471,0.019997339695692062,-0.02091294154524803,-0.001353314146399498
2026-04-23 07:36:53.700,3509418.806559806,779141.7709520623,5250980.694030369,-60320.69974690546,38.18278669955104,0.0026256684213876724,0.008672260446473956,0.015408452600240707
2026-04-23 07:36:53.800,3509418.8070821334,779141.7735422031,5250980.696099826,-60325.59647316636,38.184656298755115,0.005223271436989307,0.025901407934725285,0.02069457434117794
2026-04-23 07:36:53.900,3509418.806321913,779141.7726672684,5250980.691968557,-60330.48991326775,38.173007637363604,-0.007602204568684101,-0.008749347180128098,-0.04131268709897995
2026-04-23 07:36:54.000,3509418.8064611,779141.7716250335,5250980.692016131,-60335.37741260689,38.17263507355892,0.0013918709009885788,-0.010422349441796541,0.00047573819756507874
2026-04-23 07:36:54.100,3509418.807148434,779141.7713885941,5250980.693419494,-60340.2625511972,38.17076126699645,0.0068733422085642815,-0.002364394022151828,0.014033624902367592
2026-04-23 07:36:54.200,3509418.8064336157,779141.7731232602,5250980.692587466,-60345.15117800075,38.15926463273655,-0.007148184813559055,0.01734666177071631,-0.008320277556777
2026-04-23 07:36:54.300,3509418.807132672,779141.7718224091,5250980.690948804,-60350.04746460241,38.14160558792095,0.006990563124418259,-0.013008511159569025,-0.016386620700359344
2026-04-23 07:36:54.400,3509418.805402999,779141.7727986019,5250980.6910506645,-60354.939548415176,38.146540003068345,-0.017296732403337955,0.009761927649378777,0.0010186061263084412
2026-04-23 07:36:54.500,3509418.8050751365,779141.771981268,5250980.688749984,-60359.826580032175,38.13504927268942,-0.0032786233350634575,-0.008173339301720262,-0.023006806150078773
2026-04-23 07:36:54.600,3509418.804286355,779141.7737840605,5250980.689225211,-60364.72378518746,38.137267531162486,-0.00788781326264143,0.01802792539820075,0.004752269014716148
2026-04-23 07:36:54.700,3509418.8053677226,779141.7742183248,5250980.685576719,-60369.61916790563,38.13312059828097,0.01081367488950491,0.004342643078416586,-0.036484915763139725
2026-04-23 07:36:54.800,3509418.8053431143,779141.7753331008,5250980.684990935,-60374.522521340696,38.12749422163256,-0.0002460833638906479,0.011147760087624192,-0.005857842043042183
2026-04-23 07:36:54.900,3509418.805422364,779141.7748596943,5250980.683303359,-60379.41991740428,38.1076130586171,0.0007924949750304222,-0.004734065150842071,-0.01687576062977314
2026-04-23 07:36:55.000,3509418.8040232956,779141.7775587589,5250980.684905911,-60384.31424519806,38.110022573303,-0.013990681618452072,0.026990645565092564,0.016025518998503685
2026-04-23 07:36:55.100,3509418.804460878,779141.778100171,5250980.680349353,-60389.21936905085,38.105039980759514,0.004375823773443699,0.005414121551439166,-0.04556558094918728
2026-04-23 07:36:55.200,3509418.8041189606,779141.7799066439,5250980.677843067,-60394.121916709984,38.11057970485641,-0.0034191738814115524,0.018064728938043118,-0.025062859058380127
2026-04-23 07:36:55.300,3509418.8047951884,779141.7802159477,5250980.679755062,-60399.02720521759,38.0911594205284,0.006762277334928513,0.003093037521466613,0.019119950011372566
2026-04-23 07:36:55.400,3509418.803691164,779141.7808188905,5250980.676872095,-60403.936120912476,38.07458644603641,-0.01104024238884449,0.006029428914189339,-0.0288296677172184
2026-04-23 07:36:55.500,3509418.8031249195,779141.7826947243,5250980.675172207,-60408.8365402104,38.065198022213664,-0.0056624459102749825,0.018758337246254086,-0.016998881474137306
2026-04-23 07:36:55.600,3509418.802487181,779141.7849309571,5250980.675188378,-60413.74517208827,38.078539117189216,-0.006377384997904301,0.022362328600138426,0.0001617148518562317
2026-04-23 07:36:55.700,3509418.80232788,779141.783023053,5250980.673265888,-60418.65862871216,38.05301867750659,-0.0015930086374282837,-0.01907904166728258,-0.019224900752305984
2026-04-23 07:36:55.800,3509418.802347782,779141.7842120725,5250980.671349924,-60423.56595905428,38.03514869905927,0.00019901897758245468,0.011890195310115814,-0.019159642979502678
2026-04-23 07:36:55.900,3509418.8029101877,779141.785687225,5250980.6714367,-60428.47009633063,38.0161457109508,0.005624056793749332,0.014751525595784187,0.0008677598088979721
2026-04-23 07:36:56.000,3509418.8010319555,779141.7859114674,5250980.669681023,-60433.370242351135,38.00301343829841,-0.01878232229501009,0.0022424233611673117,-0.017556771636009216
2026-04-23 07:36:56.100,3509418.8006208395,779141.7856495552,5250980.664974793,-60438.27388418315,37.99797431661832,-0.004111160524189472,-0.002619122387841344,-0.04706230014562607
2026-04-23 07:36:56.200,3509418.801672226,779141.7876606588,5250980.665294082,-60443.17894475773,37.984073288228224,0.010513863526284695,0.020111036719754338,0.0031928904354572296
2026-04-23 07:36:56.300,3509418.7995777447,779141.7879521195,5250980.664674613,-60448.10226473852,37.97079040287853,-0.020944811403751373,0.0029146065935492516,-0.006194692105054855
2026-04-23 07:36:56.400,3509418.7975354013,779141.7895803669,5250980.661527673,-60453.0350177576,37.959192743353626,-0.020423433743417263,0.01628247438929975,-0.031469399109482765
2026-04-23 07:36:56.500,3509418.797114488,779141.7889612019,5250980.656800268,-60457.95356220176,37.945560043772886,-0.0042091310024261475,-0.0061916501726955175,-0.04727404564619064
2026-04-23 07:36:56.600,3509418.797060844,779141.7909053344,5250980.653741912,-60462.86965779918,37.93610356036725,-0.0005364418029785156,0.019441324984654784,-0.030583562329411507
2026-04-23 07:36:56.700,3509418.796350608,779141.7918560148,5250980.652991153,-60467.77707596751,37.929613779257714,-0.007102359086275101,0.009506803471595049,-0.0075075868517160416
2026-04-23 07:36:56.800,3509418.796525119,779141.7913633868,5250980.649847322,-60472.68556975723,37.91229288551938,0.0017451075837016106,-0.004926279652863741,-0.0314383115619421
2026-04-23 07:36:56.900,3509418.7939841296,779141.7891679058,5250980.645334215,-60477.59926161484,37.89466792295025,-0.02540989313274622,-0.02195480978116393,-0.04513107240200043
2026-04-23 07:36:57.000,3509418.7924639788,779141.7901018452,5250980.640020252,-60482.51553378684,37.891724335579326,-0.015201508067548275,0.009339393582195044,-0.05313962697982788
2026-04-23 07:36:57.100,3509418.7919396455,779141.7908877129,5250980.638535125,-60487.431804399814,37.889642187262034,-0.005243332125246525,0.007858676835894585,-0.014851270243525505
2026-04-23 07:36:57.200,3509418.7898556725,779141.7901228446,5250980.63376653,-60492.34060882628,37.880982649644075,-0.02083973027765751,-0.0076486822217702866,-0.04768595099449158
2026-04-23 07:36:57.300,3509418.7881694906,779141.7896987802,5250980.628062965,-60497.244866257955,37.86944779274264,-0.016861818730831146,-0.004240644630044699,-0.057035647332668304
2026-04-23 07:36:57.400,3509418.78686632,779141.7889535588,5250980.625680701,-60502.160712289406,37.85407040243383,-0.01303170807659626,-0.00745221390388906,-0.023822644725441933
2026-04-23 07:36:57.500,3509418.784653132,779141.7908908509,5250980.623056344,-60507.07917812463,37.85373928998664,-0.022131879813969135,0.019372921669855714,-0.02624357119202614
2026-04-23 07:36:57.600,3509418.781873037,779141.7923249312,5250980.618441885,-60512.00254337149,37.85273421605018,-0.027800947427749634,0.014340803027153015,-0.04614458419382572
2026-04-23 07:36:57.700,3509418.7804737175,779141.7939749006,5250980.618130744,-60516.9248433972,37.84736378288982,-0.013993196189403534,0.016499693738296628,-0.0031114090234041214
2026-04-23 07:36:57.800,3509418.780982928,779141.7941069236,5250980.614414778,-60521.84072240233,37.84757385031315,0.005092103965580463,0.0013202300760895014,-0.037159668281674385
2026-04-23 07:36:57.900,3509418.7782741114,779141.7948963791,5250980.610048024,-60526.75449971786,37.83013178365688,-0.02708816435188055,0.007894554873928428,-0.04366753622889519
2026-04-23 07:36:58.000,3509418.777025468,779141.7964672936,5250980.606601799,-60531.67231273068,37.83594439634856,-0.012486432678997517,0.015709145227447152,-0.034462250769138336
2026-04-23 07:36:58.100,3509418.776416437,779141.7985318692,5250980.6066015465,-60536.58763686182,37.82495985742513,-0.006090314127504826,0.020645755575969815,-2.5238841772079468e-06
2026-04-23 07:36:58.200,3509418.776596839,779141.7999376296,5250980.603754195,-60541.4908451694,37.81685612825586,0.0018040230497717857,0.014057604130357504,-0.028473511338233948
2026-04-23 07:36:58.300,3509418.775180903,779141.8005375762,5250980.600224248,-60546.40640338667,37.818496852024865,-0.014159362763166428,0.005999465938657522,-0.03529947251081467
2026-04-23 07:36:58.400,3509418.772881231,779141.80087777,5250980.5997901475,-60551.3139946547,37.79219527093915,-0.022996719926595688,0.0034019374288618565,-0.004341006278991699
2026-04-23 07:36:58.500,3509418.771952487,779141.7992019337,5250980.5960799595,-60556.21526723819,37.78256830698126,-0.009287437424063683,-0.016758362762629986,-0.037101879715919495
2026-04-23 07:36:58.600,3509418.7700550617,779141.8008614029,5250980.592485799,-60561.11841464908,37.78350400696896,-0.01897425390779972,0.01659469213336706,-0.03594160079956055
2026-04-23 07:36:58.700,3509418.769573186,779141.799720159,5250980.59053756,-60566.017748987986,37.76612815260085,-0.004818756133317947,-0.011412438470870256,-0.019482392817735672
2026-04-23 07:36:58.800,3509418.7678209813,779141.7990053085,5250980.588273082,-60570.91888652419,37.762392103687155,-0.017522047273814678,-0.007148504955694079,-0.022644782438874245
2026-04-23 07:36:58.900,3509418.766336763,779141.7977494798,5250980.584410927,-60575.826486472426,37.73919322108218,-0.014842185191810131,-0.012558287708088756,-0.03862154670059681
2026-04-23 07:36:59.000,3509418.7653808906,779141.7965625761,5250980.58219297,-60580.73058533076,37.72390980447487,-0.009558722376823425,-0.011869036825373769,-0.02217956818640232
2026-04-23 07:36:59.100,3509418.764502192,779141.7961949874,5250980.579455827,-60585.62805904478,37.70880393492287,-0.008786986581981182,-0.0036758871283382177,-0.02737143076956272
2026-04-23 07:36:59.200,3509418.7645957666,779141.7957094735,5250980.582052778,-60590.52186281773,37.686153929626585,0.000935746356844902,-0.004855138249695301,0.02596951089799404
2026-04-23 07:36:59.300,3509418.763811604,779141.7943721398,5250980.577789081,-60595.42515835914,37.674339111626416,-0.007841624319553375,-0.013373336987569928,-0.042636971920728683
2026-04-23 07:36:59.400,3509418.761685206,779141.7954770827,5250980.576215252,-60600.33603908822,37.66772442266576,-0.02126398030668497,0.011049428721889853,-0.015738289803266525
2026-04-23 07:36:59.500,3509418.7631519674,779141.7971163472,5250980.575053539,-60605.23930907103,37.66127603146514,0.014667613431811333,0.01639264519326389,-0.011617131531238556
2026-04-23 07:36:59.600,3509418.763128062,779141.7947491904,5250980.571035691,-60610.13976003235,37.6374319270599,-0.0002390565350651741,-0.023671567905694246,-0.040178485214710236
2026-04-23 07:36:59.700,3509418.762954106,779141.7947125117,5250980.568775294,-60615.04363477251,37.63709053520696,-0.0017395569011569023,-0.000366787426173687,-0.02260396257042885
2026-04-23 07:36:59.800,3509418.762338083,779141.7950375134,5250980.5690955445,-60619.94260147322,37.619777041762624,-0.006160233169794083,0.003250016598030925,0.0032025016844272614
2026-04-23 07:36:59.900,3509418.7632689397,779141.7956919175,5250980.566157237,-60624.84521072654,37.59584934601033,0.009308569133281708,0.006544041680172086,-0.02938307821750641
2026-04-23 07:37:00.000,3509418.7610022426,779141.7952566037,5250980.5636013765,-60629.75927234788,37.59954950843811,-0.02266697119921446,-0.004353137919679284,-0.025558602064847946
2026-04-23 07:37:00.100,3509418.7627034755,779141.7956259738,5250980.563011903,-60634.665549654695,37.59517596023908,0.017012329772114754,0.0036937010008841753,-0.005894731730222702
2026-04-23 07:37:00.200,3509418.763791061,779141.7972723042,5250980.561714051,-60639.571537266784,37.58124517605999,0.010875854641199112,0.016463303472846746,-0.01297852024435997
2026-04-23 07:37:00.300,3509418.763803546,779141.7948982317,5250980.558050545,-60644.47711449004,37.56158917275957,0.00012484844774007797,-0.023740724427625537,-0.03663506358861923
2026-04-23 07:37:00.400,3509418.763263864,779141.7963343402,5250980.557566623,-60649.380443411384,37.56682454500996,-0.005396818742156029,0.014361084904521704,-0.0048392172902822495
2026-04-23 07:37:00.500,3509418.764308654,779141.7955288066,5250980.557562354,-60654.28691147272,37.544145016599415,0.01044789794832468,-0.008055336074903607,-4.2691826820373535e-05
2026-04-23 07:37:00.600,3509418.765142588,779141.7966678423,5250980.556884155,-60659.187288580506,37.531606290484945,0.00833934172987938,0.011390356812626123,-0.006781993433833122
2026-04-23 07:37:00.700,3509418.765363712,779141.7969455711,5250980.552055817,-60664.096299110955,37.52318095597098,0.0022112391889095306,0.0027772877365350723,-0.048283375799655914
2026-04-23 07:37:00.800,3509418.7656309153,779141.795925227,5250980.551090893,-60669.00192071573,37.51575695749002,0.002672034315764904,-0.010203440906479955,-0.009649237617850304
2026-04-23 07:37:00.900,3509418.7655704576,779141.7957526672,5250980.547468271,-60673.90152927778,37.50733843317678,-0.000604577362537384,-0.0017255975399166346,-0.03622622229158878
2026-04-23 07:37:01.000,3509418.7643751525,779141.7964375652,5250980.546122475,-60678.80816412773,37.49618798193336,-0.011953050270676613,0.006848979974165559,-0.013457965105772018
2026-04-23 07:37:01.100,3509418.7662723237,779141.7971163742,5250980.54509277,-60683.7198314328,37.48954520321843,0.01897171139717102,0.006788090104237199,-0.010297046974301338
2026-04-23 07:37:01.200,3509418.766325177,779141.7963027969,5250980.541470216,-60688.6315423114,37.47864773320672,0.0005285348743200302,-0.008135773241519928,-0.036225542426109314
2026-04-23 07:37:01.300,3509418.767463141,779141.7972944352,5250980.538604398,-60693.53658766845,37.47729207882428,0.011379639618098736,0.00991638284176588,-0.028658173978328705
2026-04-23 07:37:01.400,3509418.7681435333,779141.7962645091,5250980.536061191,-60698.44220419736,37.465622182282,0.006803921423852444,-0.010299261193722486,-0.025432072579860687
2026-04-23 07:37:01.500,3509418.768355617,779141.794893075,5250980.53271371,-60703.348054687944,37.45220048585332,0.002120835706591606,-0.013714340748265386,-0.03347480669617653
2026-04-23 07:37:01.600,3509418.768095389,779141.7932325469,5250980.529153031,-60708.252456516326,37.44904845628995,-0.0026022782549262047,-0.01660528127104044,-0.03560679033398628
2026-04-23 07:37:01.700,3509418.7686005966,779141.7924570461,5250980.525847347,-60713.15813779689,37.43725852312065,0.00505207572132349,-0.007755007827654481,-0.03305683843791485
2026-04-23 07:37:01.800,3509418.769958603,779141.7912002974,5250980.526470901,-60718.06732290561,37.42408264523717,0.01358006615191698,-0.01256748684681952,0.00623553991317749
2026-04-23 07:37:01.900,3509418.770372016,779141.7892413269,5250980.5213925,-60722.976385029,37.39687723884081,0.00413412693887949,-0.01958970562554896,-0.05078401416540146
2026-04-23 07:37:02.000,3509418.770044221,779141.7876004782,5250980.516552358,-60727.88920791075,37.39226171862813,-0.0032779481261968613,-0.016408486990258098,-0.048401420935988426
2026-04-23 07:37:02.100,3509418.770714918,779141.7870588971,5250980.5160452975,-60732.79823414542,37.38110557766868,0.006706970743834972,-0.005415810737758875,-0.005070604383945465
2026-04-23 07:37:02.200,3509418.771321092,779141.7856503275,5250980.513271295,-60737.698347922415,37.357966578554695,0.00606173649430275,-0.014085696311667562,-0.02774002030491829
2026-04-23 07:37:02.300,3509418.7701889467,779141.7854153028,5250980.511069092,-60742.60794752036,37.351314636102586,-0.01132145058363676,-0.0023502460680902004,-0.022022034972906113
2026-04-23 07:37:02.400,3509418.770566173,779141.7844835484,5250980.510475086,-60747.52713693425,37.342149567465874,0.0037722615525126457,-0.009317544754594564,-0.005940059199929237
2026-04-23 07:37:02.500,3509418.770726118,779141.7832285401,5250980.507983981,-60752.43417151079,37.33532118779096,0.0015994487330317497,-0.012550082756206393,-0.024911053478717804
2026-04-23 07:37:02.600,3509418.771094955,779141.7817304564,5250980.504573165,-60757.333212079786,37.32712348423397,0.0036883726716041565,-0.014980837004259229,-0.034108152613043785
2026-04-23 07:37:02.700,3509418.7694200273,779141.7796843706,5250980.5018174285,-60762.23679716802,37.31234664004136,-0.016749277710914612,-0.020460857776924968,-0.0275573693215847
2026-04-23 07:37:02.800,3509418.768308433,779141.7785838322,5250980.4981160415,-60767.139924550414,37.29296538568632,-0.01111594494432211,-0.011005384149029851,-0.03701386973261833
2026-04-23 07:37:02.900,3509418.7675403077,779141.777002662,5250980.497319697,-60772.05028047258,37.278975815925136,-0.00768125057220459,-0.01581170246936381,-0.00796344131231308
2026-04-23 07:37:03.000,3509418.766321818,779141.7762794946,5250980.495608022,-60776.960379543394,37.28096447369813,-0.012184898369014263,-0.00723167322576046,-0.01711674965918064
2026-04-23 07:37:03.100,3509418.764801034,779141.7739744121,5250980.488311703,-60781.87605164204,37.2624395821711,-0.01520784106105566,-0.023050825111567974,-0.07296319119632244
2026-04-23 07:37:03.200,3509418.7627316737,779141.7727774989,5250980.485222368,-60786.77918473893,37.24967210419792,-0.020693601109087467,-0.011969131883233786,-0.0308933574706316
2026-04-23 07:37:03.300,3509418.761915164,779141.7710480429,5250980.484602964,-60791.681116052176,37.22764794895312,-0.008165095932781696,-0.017294560093432665,-0.0061940401792526245
2026-04-23 07:37:03.400,3509418.7590975235,779141.7682251551,5250980.476706708,-60796.58922938418,37.21545228176287,-0.02817640546709299,-0.028228878509253263,-0.07896255701780319
2026-04-23 07:37:03.500,3509418.7563626994,779141.7681361934,5250980.4721342875,-60801.500788146564,37.22084632853138,-0.027348240837454796,-0.0008896167855709791,-0.04572420381009579
2026-04-23 07:37:03.600,3509418.7537825513,779141.7650002637,5250980.466321963,-60806.41075069472,37.20711120314978,-0.025801481679081917,-0.031359296990558505,-0.05812324583530426
2026-04-23 07:37:03.700,3509418.7533303713,779141.7639381089,5250980.465659958,-60811.31951533732,37.18030435480178,-0.004521799273788929,-0.01062154769897461,-0.006620045751333237
2026-04-23 07:37:03.800,3509418.751115029,779141.7630578022,5250980.461463933,-60816.224111884665,37.1761630505189,-0.02215342130511999,-0.008803067030385137,-0.041960254311561584
2026-04-23 07:37:03.900,3509418.7487818315,779141.7622548006,5250980.455389369,-60821.13130711315,37.179336803886606,-0.023331977427005768,-0.008030015742406249,-0.060745636001229286
2026-04-23 07:37:04.000,3509418.747709548,779141.7596505567,5250980.452442316,-60826.04078070436,37.162348562927676,-0.010722833685576916,-0.026042439276352525,-0.029470529407262802
2026-04-23 07:37:04.100,3509418.747136785,779141.7576154711,5250980.444980123,-60830.95334078598,37.14985657171718,-0.00572762917727232,-0.02035085577517748,-0.07462193258106709
2026-04-23 07:37:04.200,3509418.7470784937,779141.7574340875,5250980.445875764,-60835.86354869253,37.136086212727136,-0.000582914799451828,-0.0018138368614017963,0.008956408128142357
2026-04-23 07:37:04.300,3509418.7444385714,779141.7556875306,5250980.440465266,-60840.77219658843,37.12708734625323,-0.026399223133921623,-0.01746556838043034,-0.05410498008131981
2026-04-23 07:37:04.400,3509418.7443087,779141.7535954869,5250980.437996747,-60845.67800499704,37.120375831780926,-0.0012987153604626656,-0.020920437527820468,-0.024685189127922058
2026-04-23 07:37:04.500,3509418.743924635,779141.7517579058,5250980.435326541,-60850.58411231235,37.119088022499575,-0.0038406485691666603,-0.018375810468569398,-0.02670206129550934
2026-04-23 07:37:04.600,3509418.7434563884,779141.7497805179,5250980.4306380395,-60855.476634000195,37.11841781857331,-0.004682466387748718,-0.019773879321292043,-0.046885013580322266
2026-04-23 07:37:04.700,3509418.7427061438,779141.7473930204,5250980.428665456,-60860.37407015187,37.09475961994373,-0.007502445951104164,-0.023874974576756358,-0.019725831225514412
2026-04-23 07:37:04.800,3509418.7424309957,779141.7454583383,5250980.426774765,-60865.28065416451,37.096850879796236,-0.0027514807879924774,-0.019346821354702115,-0.018906909972429276
2026-04-23 07:37:04.900,3509418.741771074,779141.7418062047,5250980.423477353,-60870.17860080394,37.08298534924126,-0.0065992167219519615,-0.03652133629657328,-0.03297412768006325
2026-04-23 07:37:05.000,3509418.741586252,779141.741774764,5250980.423345055,-60875.07723766007,37.080438721271044,-0.0018482189625501633,-0.00031440635211765766,-0.0013229716569185257
2026-04-23 07:37:05.100,3509418.741628226,779141.7394930817,5250980.421389102,-60879.97019126371,37.05827384862641,0.00041973777115345,-0.022816823329776525,-0.019559534266591072
2026-04-23 07:37:05.200,3509418.742812723,779141.7365886855,5250980.4218955375,-60884.8645188708,37.04378449376634,0.011844970285892487,-0.029043961549177766,0.005064355209469795
2026-04-23 07:37:05.300,3509418.742819067,779141.7344621313,5250980.421970429,-60889.76935042013,37.02973162323849,6.34416937828064e-05,-0.02126554260030389,0.0007489137351512909
2026-04-23 07:37:05.400,3509418.7425019713,779141.7307625249,5250980.41771346,-60894.66721226548,37.00132794399188,-0.003170957788825035,-0.0369960640091449,-0.04256969317793846
2026-04-23 07:37:05.500,3509418.741480738,779141.7299400701,5250980.415355977,-60899.564478913315,37.005304829183224,-0.010212333872914314,-0.008224548073485494,-0.0235748291015625
2026-04-23 07:37:05.600,3509418.741818473,779141.7286220536,5250980.4165422395,-60904.472809192834,36.99607837200693,0.0033773528411984444,-0.013180164387449622,0.011862628161907196
2026-04-23 07:37:05.700,3509418.7411353183,779141.7279190153,5250980.413728163,-60909.38816268211,36.973366593019705,-0.006831549108028412,-0.007030382985249162,-0.02814076840877533
2026-04-23 07:37:05.800,3509418.7413730924,779141.7278218048,5250980.413851262,-60914.306480919135,36.97663203003589,0.002377741038799286,-0.0009721051901578903,0.001230994239449501
2026-04-23 07:37:05.900,3509418.739476393,779141.7272810556,5250980.413213354,-60919.21351531996,36.96315421284819,-0.018966994248330593,-0.005407491698861122,-0.006379084661602974
2026-04-23 07:37:06.000,3509418.740487512,779141.7260072329,5250980.412872328,-60924.11417568341,36.95512198997717,0.010111192241311073,-0.012738227378576994,-0.003410251811146736
2026-04-23 07:37:06.100,3509418.74104351,779141.7270884548,5250980.415477872,-60929.01361600324,36.94968702437176,0.005559977144002914,0.010812218533828855,0.026055434718728065
2026-04-23 07:37:06.200,3509418.741513199,779141.7246679562,5250980.413759723,-60933.90907042928,36.94376154418808,0.004696892574429512,-0.024204985238611698,-0.017181485891342163
2026-04-23 07:37:06.300,3509418.74037085,779141.7243458445,5250980.414602684,-60938.79892739875,36.94874813088177,-0.011423490941524506,-0.0032211176585406065,0.008429605513811111
2026-04-23 07:37:06.400,3509418.73943968,779141.7253103887,5250980.413680027,-60943.70154334297,36.92899612335901,-0.009311703033745289,0.009645442478358746,-0.009226566180586815
2026-04-23 07:37:06.500,3509418.74131108,779141.7245616727,5250980.413495034,-60948.60325065095,36.93207213147703,0.0187140004709363,-0.007487160619348288,-0.0018499325960874557
2026-04-23 07:37:06.600,3509418.7408168497,779141.7239295641,5250980.4146775305,-60953.50820720223,36.92224477021997,-0.004942300729453564,-0.006321085384115577,0.011824965476989746
2026-04-23 07:37:06.700,3509418.7418144667,779141.7229329727,5250980.4183203885,-60958.40789336098,36.90925582351679,0.009976169094443321,-0.009965914068743587,0.036428580060601234
2026-04-23 07:37:06.800,3509418.7411983884,779141.722162533,5250980.416856125,-60963.30834468044,36.906535765550004,-0.006160782650113106,-0.007704397430643439,-0.014642635360360146
2026-04-23 07:37:06.900,3509418.7427920713,779141.7237065035,5250980.418420411,-60968.20344334903,36.904202572870986,0.015936829149723053,0.015439705457538366,0.015642857179045677
2026-04-23 07:37:07.000,3509418.7428503917,779141.7248376134,5250980.417991215,-60973.0950983058,36.89709156694479,0.0005832035094499588,0.01131109893321991,-0.004291953518986702
2026-04-23 07:37:07.100,3509418.746326204,779141.7221709137,5250980.420306399,-60977.98128276437,36.85589895652133,0.03475812263786793,-0.026666997000575066,0.023151841014623642
2026-04-23 07:37:07.200,3509418.7474476006,779141.7227057974,5250980.420026546,-60982.87958497014,36.845156815093574,0.011213966645300388,0.005348837003111839,-0.0027985312044620514
2026-04-23 07:37:07.300,3509418.748470796,779141.7243785647,5250980.421337561,-60987.775814894696,36.832425595141146,0.01023195218294859,0.01672767335548997,0.013110144063830376
2026-04-23 07:37:07.400,3509418.7479891186,779141.7248115266,5250980.420583022,-60992.67013828,36.82736522039037,-0.004816772416234016,0.0043296185322105885,-0.007545389235019684
2026-04-23 07:37:07.500,3509418.7503454215,779141.7250196283,5250980.421739582,-60997.56120917249,36.81601618726187,0.023563029244542122,0.0020810170099139214,0.011565601453185081
2026-04-23 07:37:07.600,3509418.7541144295,779141.7255576593,5250980.426631122,-61002.45031199416,36.798466886394905,0.037690079770982265,0.005380309885367751,0.048915399238467216
2026-04-23 07:37:07.700,3509418.752873402,779141.7275195046,5250980.426192742,-61007.34570670471,36.800680764196954,-0.012410273775458336,0.019618453225120902,-0.0043838005512952805
2026-04-23 07:37:07.800,3509418.7543200958,779141.728966737,5250980.426557113,-61012.243034384046,36.79901651746364,0.014466936700046062,0.014472324401140213,0.0036437157541513443
2026-04-23 07:37:07.900,3509418.7557031093,779141.7293729805,5250980.428709066,-61017.138406329155,36.79866305310502,0.013830135576426983,0.004062434891238809,0.02151952125132084
2026-04-23 07:37:08.000,3509418.7557691974,779141.7295587772,5250980.430399328,-61022.02283103621,36.79128650162495,0.0006608804687857628,0.0018579664174467325,0.01690261997282505
2026-04-23 07:37:08.100,3509418.759310998,779141.728410919,5250980.432612961,-61026.901581443664,36.7829805618846,0.03541800659149885,-0.011478582164272666,0.02213633619248867
2026-04-23 07:37:08.200,3509418.759885525,779141.7297106611,5250980.430741592,-61031.784680672245,36.793415241376344,0.005745268426835537,0.012997421436011791,-0.018713688477873802
2026-04-23 07:37:08.300,3509418.763259792,779141.7302880764,5250980.432576365,-61036.668682327945,36.792045158599116,0.03374266903847456,0.005774153396487236,0.01834772527217865
2026-04-23 07:37:08.400,3509418.764430509,779141.7321553358,5250980.435034746,-61041.565127219306,36.801466046616234,0.01170717179775238,0.018672593869268894,0.024583814665675163
2026-04-23 07:37:08.500,3509418.767462002,779141.7314309065,5250980.438404951,-61046.461310345425,36.79352367051873,0.030314931645989418,-0.007244293810799718,0.033702049404382706
2026-04-23 07:37:08.600,3509418.768601373,779141.7337498618,5250980.442400371,-61051.35824514865,36.81478004952748,0.011393707245588303,0.023189553758129478,0.03995419479906559
2026-04-23 07:37:08.700,3509418.7700438267,779141.7327487884,5250980.444441748,-61056.24859818061,36.818715493184506,0.014424538239836693,-0.010010733967646956,0.020413771271705627
2026-04-23 07:37:08.800,3509418.7726234253,779141.7348222047,5250980.449855787,-61061.133049963006,36.823730259568,0.025795986875891685,0.020734162535518408,0.05414038896560669
2026-04-23 07:37:08.900,3509418.773732398,779141.7348503507,5250980.451113017,-61066.026217982755,36.81428194752926,0.011089728213846684,0.00028145965188741684,0.012572305276989937
2026-04-23 07:37:09.000,3509418.77647361,779141.7348810137,5250980.457026908,-61070.91532923398,36.82003825077302,0.02741212025284767,0.0003066309727728367,0.059138908982276917
2026-04-23 07:37:09.100,3509418.777610569,779141.7362993065,5250980.45854833,-61075.80428117085,36.82668575995155,0.011369585990905762,0.014182927552610636,0.015214215964078903
2026-04-23 07:37:09.200,3509418.779396559,779141.7368966439,5250980.463729098,-61080.69771622571,36.823091793826464,0.017859903164207935,0.005973373772576451,0.05180768668651581
2026-04-23 07:37:09.300,3509418.7806216404,779141.7379255849,5250980.463703095,-61085.59482347252,36.82545252591057,0.012250812724232674,0.010289410129189491,-0.00026003457605838776
2026-04-23 07:37:09.400,3509418.781291385,779141.7382991608,5250980.465896303,-61090.4899812017,36.832698033990944,0.006697447970509529,0.0037357595283538103,0.021932078525424004
2026-04-23 07:37:09.500,3509418.782442803,779141.7389472004,5250980.469027492,-61095.38118932457,36.822368324690615,0.011514178477227688,0.006480395095422864,0.031311893835663795
2026-04-23 07:37:09.600,3509418.7820471125,779141.7406520337,5250980.472345963,-61100.282119853226,36.82817623388625,-0.0039569055661559105,0.01704833353869617,0.033184709027409554
2026-04-23 07:37:09.700,3509418.781392604,779141.7425222431,5250980.475902584,-61105.185010847024,36.83622307479755,-0.006545083597302437,0.01870209351181984,0.035566212609410286
2026-04-23 07:37:09.800,3509418.7825431577,779141.7440917067,5250980.479491184,-61110.09230554982,36.8406882500783,0.011505535803735256,0.01569463638588786,0.035886000841856
2026-04-23 07:37:09.900,3509418.7824128317,779141.7442275193,5250980.480508975,-61115.00116075541,36.844357335109564,-0.001303260214626789,0.0013581255916506052,0.01017790287733078
2026-04-23 07:37:10.000,3509418.7808132945,779141.7461987023,5250980.481495219,-61119.90259523673,36.868193632526015,-0.015995372086763382,0.019711829954758286,0.009862445294857025
2026-04-23 07:37:10.100,3509418.780781838,779141.7467738627,5250980.480915745,-61124.80918206777,36.871691634054336,-0.000314563512802124,0.005751604912802577,-0.005794744938611984
2026-04-23 07:37:10.200,3509418.7796559418,779141.7504620285,5250980.486353762,-61129.71597826162,36.8851520537149,-0.011258963495492935,0.0368816580157727,0.05438017658889294
2026-04-23 07:37:10.300,3509418.7779691396,779141.7534501496,5250980.486335828,-61134.61778607629,36.903053323128454,-0.016868021339178085,0.029881210066378117,-0.0001793447881937027
2026-04-23 07:37:10.400,3509418.7769842055,779141.7536929338,5250980.4892227445,-61139.51811671391,36.90802872007797,-0.009849341586232185,0.002427842700853944,0.02886916510760784
2026-04-23 07:37:10.500,3509418.7754035913,779141.7547359329,5250980.4871841315,-61144.43678181002,36.91014532040352,-0.015806141309440136,0.010429990943521261,-0.02038612961769104
2026-04-23 07:37:10.600,3509418.7758448427,779141.7548332684,5250980.488711337,-61149.34363743628,36.91983812827988,0.004412513226270676,0.0009733543265610933,0.015272051095962524
2026-04-23 07:37:10.700,3509418.7756975205,779141.7559741025,5250980.490187816,-61154.245395261445,36.92669876583163,-0.0014732219278812408,0.011408341815695167,0.014764796942472458
2026-04-23 07:37:10.800,3509418.7758661434,779141.7579076624,5250980.492143214,-61159.154632210164,36.93954630388013,0.00168622937053442,0.019335598917678,0.019553974270820618
2026-04-23 07:37:10.900,3509418.775154178,779141.7586827744,5250980.491766222,-61164.05987457952,36.952083709070074,-0.00711965374648571,0.007751119555905461,-0.003769919276237488
2026-04-23 07:37:11.000,3509418.773669645,779141.7594971563,5250980.492238918,-61168.961966235285,36.97502744972481,-0.014845328405499458,0.008143818704411387,0.004726964980363846
2026-04-23 07:37:11.100,3509418.773658982,779141.7582508117,5250980.491706139,-61173.859900617994,36.96479783618328,-0.00010663177818059921,-0.01246344530954957,-0.0053277891129255295
2026-04-23 07:37:11.200,3509418.7724645343,779141.7580674778,5250980.490687846,-61178.75147623962,36.98274897878975,-0.011944477446377277,-0.0018333387561142445,-0.010182932019233704
2026-04-23 07:37:11.300,3509418.7724003806,779141.7566160377,5250980.494417959,-61183.64408452587,36.98726352930036,-0.0006415368989109993,-0.01451440155506134,0.03730112686753273
2026-04-23 07:37:11.400,3509418.7713861493,779141.7570325205,5250980.491446815,-61188.54081736686,37.00009482922298,-0.01014231238514185,0.004164827987551689,-0.029711434617638588
2026-04-23 07:37:11.500,3509418.771661913,779141.7572521836,5250980.492951986,-61193.43113697764,37.01244903629889,0.0027576368302106857,0.002196631394326687,0.015051709488034248
2026-04-23 07:37:11.600,3509418.7713510697,779141.7543041501,5250980.491491629,-61198.329188114534,37.00306838615482,-0.003108433447778225,-0.029480335069820285,-0.014603575691580772
2026-04-23 07:37:11.700,3509418.7716198554,779141.7511896086,5250980.489858851,-61203.23125365007,37.00083572096777,0.002687857486307621,-0.031145415268838406,-0.01632777974009514
2026-04-23 07:37:11.800,3509418.7707295176,779141.7512784683,5250980.488639385,-61208.12772790061,37.01725975340114,-0.008903378620743752,0.0008885969873517752,-0.01219465397298336
2026-04-23 07:37:11.900,3509418.770770974,779141.7495756218,5250980.489494104,-61213.02716866685,37.00588711083673,0.00041456427425146103,-0.017028464935719967,0.008547184988856316
2026-04-23 07:37:12.000,3509418.770094082,779141.7482055,5250980.4876028625,-61217.93163461726,37.01645224805255,-0.006768917664885521,-0.013701218413189054,-0.018912414088845253
2026-04-23 07:37:12.100,3509418.7684374223,779141.7443211876,5250980.4818142755,-61222.82945943887,37.02128040556245,-0.016566598787903786,-0.03884312347508967,-0.05788587033748627
2026-04-23 07:37:12.200,3509418.766619422,779141.7443895024,5250980.480987441,-61227.7226797701,37.03651858412659,-0.01818000338971615,0.0006831483915448189,-0.008268347010016441
2026-04-23 07:37:12.300,3509418.768224569,779141.7398297011,5250980.47997591,-61232.61206175982,37.01323485495021,0.016051470302045345,-0.045598013093695045,-0.010115308687090874
2026-04-23 07:37:12.400,3509418.767987901,779141.739406596,5250980.479608043,-61237.510859596405,37.02022243156457,-0.002366681583225727,-0.004231050843372941,-0.003678668290376663
2026-04-23 07:37:12.500,3509418.7661801865,779141.7390812398,5250980.476731061,-61242.409891384865,37.024407756592474,-0.018077143467962742,-0.0032535626087337732,-0.02876982092857361
2026-04-23 07:37:12.600,3509418.7657614397,779141.7352502507,5250980.474065051,-61247.30455909688,37.02000885149782,-0.004187468439340591,-0.03830989124253392,-0.026660095900297165
2026-04-23 07:37:12.700,3509418.765006342,779141.7344161276,5250980.470594056,-61252.20128640316,37.018783147795986,-0.007550977170467377,-0.00834123115055263,-0.034709954634308815
2026-04-23 07:37:12.800,3509418.7641068557,779141.732431229,5250980.4678499065,-61257.09360938932,37.017365785164024,-0.00899486243724823,-0.019848985830321908,-0.027441494166851044
2026-04-23 07:37:12.900,3509418.7628171155,779141.7326755322,5250980.464893269,-61261.98283541572,37.019346255756076,-0.012897402048110962,0.0024430325720459223,-0.02956637181341648
2026-04-23 07:37:13.000,3509418.7631193823,779141.7320610656,5250980.46473571,-61266.874621800074,37.01747627876947,0.0030226679518818855,-0.006144666112959385,-0.0015755929052829742
2026-04-23 07:37:13.100,3509418.759834243,779141.7294710871,5250980.458428103,-61271.765022287065,37.015139348466384,-0.03285139333456755,-0.025899785105139017,-0.06307607516646385
2026-04-23 07:37:13.200,3509418.7598513025,779141.7274568479,5250980.454840487,-61276.652485653365,37.002655142593326,0.00017059501260519028,-0.020142392022535205,-0.03587615676224232
2026-04-23 07:37:13.300,3509418.7594109364,779141.7244015912,5250980.45395512,-61281.53993853532,36.99330794041813,-0.0044036610051989555,-0.030552566749975085,-0.008853664621710777
2026-04-23 07:37:13.400,3509418.7597197182,779141.7252678896,5250980.455325006,-61286.429494807584,36.996033620037394,0.0030878186225891113,0.008662983309477568,0.013698851689696312
2026-04-23 07:37:13.500,3509418.7587774303,779141.7243787852,5250980.453545354,-61291.3174268998,36.98478242979179,-0.009422879666090012,-0.00889104325324297,-0.017796512693166733
2026-04-23 07:37:13.600,3509418.7584108706,779141.7223937267,5250980.451514955,-61296.20386723158,36.97331361382682,-0.003665597178041935,-0.01985058537684381,-0.0203039962798357
2026-04-23 07:37:13.700,3509418.757133935,779141.7232417251,5250980.448550331,-61301.09010222359,36.97502166864115,-0.01276935450732708,0.008479984244331717,-0.02964623272418976
2026-04-23 07:37:13.800,3509418.7583834124,779141.7231907451,5250980.444246303,-61305.97303622612,36.987197949561164,0.012494772672653198,-0.0005098001565784216,-0.043040281161665916
2026-04-23 07:37:13.900,3509418.758494531,779141.720048599,5250980.440994119,-61310.84966571257,36.97972960473238,0.0011111842468380928,-0.03142146160826087,-0.03252184018492699
2026-04-23 07:37:14.000,3509418.759347577,779141.719184268,5250980.440463458,-61315.73016459027,36.97538610606674,0.008530463092029095,-0.008643309120088816,-0.0053066108375787735
2026-04-23 07:37:14.100,3509418.758431373,779141.7182362438,5250980.436711621,-61320.62823853096,36.969352650138674,-0.009162039496004581,-0.009480242151767015,-0.03751837648451328
2026-04-23 07:37:14.200,3509418.758389754,779141.7165014788,5250980.431610139,-61325.52149679416,36.97035366282898,-0.00041618943214416504,-0.01734765013679862,-0.05101481452584267
2026-04-23 07:37:14.300,3509418.7589618624,779141.7165991876,5250980.428763841,-61330.40161581857,36.98012055644748,0.005721081979572773,0.0009770877659320831,-0.028462978079915047
2026-04-23 07:37:14.400,3509418.7583681773,779141.715802182,5250980.428187805,-61335.28265075698,36.96823253488636,-0.005936850793659687,-0.007970056030899286,-0.005760360509157181
2026-04-23 07:37:14.500,3509418.759151665,779141.7136224346,5250980.424709374,-61340.167772331406,36.975378684607634,0.007834876887500286,-0.02179747330956161,-0.034784311428666115
2026-04-23 07:37:14.600,3509418.7592588104,779141.7130083072,5250980.422235108,-61345.051643301245,36.966822816892694,0.0010714540258049965,-0.006141274934634566,-0.02474266104400158
2026-04-23 07:37:14.700,3509418.7607498216,779141.7123494444,5250980.421588117,-61349.92672681012,36.96377064211218,0.014910111203789711,-0.0065886275842785835,-0.006469907239079475
2026-04-23 07:37:14.800,3509418.761875002,779141.7098519336,5250980.419949529,-61354.80438857823,36.96338634397557,0.011251806281507015,-0.02497510751709342,-0.016385884955525398
2026-04-23 07:37:14.900,3509418.7637316254,779141.7093622964,5250980.419029721,-61359.688440162055,36.95664598055041,0.018566232174634933,-0.004896372556686401,-0.009198077023029327
2026-04-23 07:37:15.000,3509418.764153858,779141.7041363503,5250980.416830467,-61364.576140563186,36.935567637061354,0.004222327843308449,-0.05225946079008281,-0.02199253998696804
2026-04-23 07:37:15.100,3509418.7643594197,779141.702475588,5250980.414628002,-61369.46191728812,36.93136058336105,0.002055615186691284,-0.016607623547315598,-0.022024651989340782
2026-04-23 07:37:15.200,3509418.7645999426,779141.7020235511,5250980.411892792,-61374.338526208725,36.92957599243639,0.0024052290245890617,-0.004520368529483676,-0.027352096512913704
2026-04-23 07:37:15.300,3509418.7664979873,779141.6975752311,5250980.408839473,-61379.20890633758,36.91809951508043,0.018980447202920914,-0.044483200181275606,-0.0305331964045763
2026-04-23 07:37:15.400,3509418.767055303,779141.6961215674,5250980.407859121,-61384.088289241095,36.920512593989606,0.0055731553584337234,-0.014536636881530285,-0.009803511202335358
2026-04-23 07:37:15.500,3509418.7662878786,779141.6932802792,5250980.4033001065,-61388.97653758121,36.92077675881901,-0.007674242369830608,-0.02841288223862648,-0.045590149238705635
2026-04-23 07:37:15.600,3509418.766675847,779141.691683556,5250980.40244123,-61393.858493040556,36.92563791495805,0.003879684954881668,-0.015967232175171375,-0.008588768541812897
2026-04-23 07:37:15.700,3509418.768589181,779141.6889238454,5250980.401382746,-61398.741055602135,36.91083575286535,0.019133337773382664,-0.02759710536338389,-0.010584834963083267
2026-04-23 07:37:15.800,3509418.7699588975,779141.6858590724,5250980.400541814,-61403.62064448915,36.90850347751458,0.013697165995836258,-0.030647730454802513,-0.008409321308135986
2026-04-23 07:37:15.900,3509418.7709403327,779141.6841989481,5250980.399873103,-61408.500267098054,36.91553697796734,0.009814351797103882,-0.016601242823526263,-0.006687110289931297
2026-04-23 07:37:16.000,3509418.772037346,779141.6821908775,5250980.395987065,-61413.37392397447,36.92905252195544,0.010970132425427437,-0.02008070587180555,-0.03886038437485695
2026-04-23 07:37:16.100,3509418.7754386417,779141.6784171705,5250980.395280197,-61418.24419232005,36.924471422941515,0.034012957476079464,-0.03773706965148449,-0.007068673148751259
2026-04-23 07:37:16.200,3509418.7766168253,779141.6756057518,5250980.392735465,-61423.11361414846,36.94661030983424,0.011781835928559303,-0.028114187298342586,-0.025447318330407143
2026-04-23 07:37:16.300,3509418.778328446,779141.6718039667,5250980.39183657,-61427.98631852613,36.940331470206175,0.017116209492087364,-0.038017850602045655,-0.008988957852125168
2026-04-23 07:37:16.400,3509418.7809228147,779141.670625193,5250980.391091155,-61432.85744634578,36.9555024558227,0.025943685322999954,-0.01178773702122271,-0.007454147562384605
2026-04-23 07:37:16.500,3509418.7841283916,779141.6664584863,5250980.3890692815,-61437.72882429045,36.9621423297335,0.03205576911568642,-0.04166706698015332,-0.020218733698129654
2026-04-23 07:37:16.600,3509418.7844198183,779141.6664857112,5250980.387548948,-61442.609718882806,36.98717901737229,0.002914266660809517,0.00027224887162446976,-0.015203338116407394
2026-04-23 07:37:16.700,3509418.7878018604,779141.6619431892,5250980.386643873,-61447.49723672507,36.98688702780576,0.03382042050361633,-0.04542522015981376,-0.009050751104950905
2026-04-23 07:37:16.800,3509418.7890854785,779141.6580105487,5250980.383135889,-61452.382910041895,36.98439194437947,0.012836181558668613,-0.03932640538550913,-0.0350798387080431
2026-04-23 07:37:16.900,3509418.7922716546,779141.6555686432,5250980.381503514,-61457.259251702846,36.99879470889433,0.03186176065355539,-0.02441905438899994,-0.016323747113347054
2026-04-23 07:37:17.000,3509418.7958763614,779141.6509754434,5250980.379396262,-61462.12803961412,36.99903905568086,0.03604706842452288,-0.045931998174637556,-0.021072523668408394
2026-04-23 07:37:17.100,3509418.795965386,779141.6461646387,5250980.37575519,-61467.006110959,36.99126746115574,0.0008902465924620628,-0.04810804734006524,-0.03641071729362011
2026-04-23 07:37:17.200,3509418.7981145396,779141.6414163925,5250980.372452606,-61471.88166007132,36.99220182816047,0.021491535007953644,-0.04748246166855097,-0.0330258347094059
2026-04-23 07:37:17.300,3509418.7998927524,779141.6411767721,5250980.369742497,-61476.76285766632,37.01600059388788,0.017782128416001797,-0.0023962045088410378,-0.027101095765829086
2026-04-23 07:37:17.400,3509418.801189644,779141.6356548559,5250980.36684429,-61481.63762224707,37.005681333564304,0.012968913652002811,-0.055219162022694945,-0.028982069343328476
2026-04-23 07:37:17.500,3509418.802394499,779141.6306130397,5250980.362298633,-61486.5145407867,37.017160246061735,0.012048552744090557,-0.05041816155426204,-0.04545656964182854
2026-04-23 07:37:17.600,3509418.803943761,779141.6265758775,5250980.361038769,-61491.396209019455,37.02275379094794,0.015492620877921581,-0.040371621726080775,-0.012598643079400063
2026-04-23 07:37:17.700,3509418.80676827,779141.6219657699,5250980.357666663,-61496.267965286606,37.02036512077812,0.028245090506970882,-0.04610107629559934,-0.03372105769813061
2026-04-23 07:37:17.800,3509418.808383837,779141.6148448581,5250980.355067089,-61501.148343857174,37.00816405135121,0.016155666671693325,-0.07120911846868694,-0.025995736941695213
2026-04-23 07:37:17.900,3509418.8134366437,779141.6069636713,5250980.3550187545,-61506.0185219982,36.98305022512578,0.05052806809544563,-0.07881186786107719,-0.0004833471029996872
2026-04-23 07:37:18.000,3509418.814806903,779141.6018523563,5250980.35293022,-61510.890408009174,36.98662913673353,0.013702590949833393,-0.05111314938403666,-0.020885346457362175
2026-04-23 07:37:18.100,3509418.8176401393,779141.5953759518,5250980.349473512,-61515.76779541961,36.984538010248095,0.0283323647454381,-0.06476404494605958,-0.034567080438137054
2026-04-23 07:37:18.200,3509418.819027388,779141.5873286388,5250980.345635261,-61520.64186699142,36.96711212493451,0.013872487470507622,-0.0804731308016926,-0.038382504135370255
2026-04-23 07:37:18.300,3509418.821999141,779141.5828544435,5250980.343615152,-61525.5149217529,36.963243637996655,0.029717530123889446,-0.04474195302464068,-0.020201094448566437
2026-04-23 07:37:18.400,3509418.8238239605,779141.5755917651,5250980.34277455,-61530.38570681758,36.94793114268649,0.018248194828629494,-0.07262678351253271,-0.008406015112996101
2026-04-23 07:37:18.500,3509418.827368874,779141.5690762227,5250980.338253765,-61535.257356812435,36.936563359861914,0.035449136048555374,-0.065155423944816,-0.04520785063505173
2026-04-23 07:37:18.600,3509418.8305229526,779141.5641680055,5250980.336130152,-61540.12898926653,36.94012439298882,0.03154078498482704,-0.04908217233605683,-0.021236129105091095
2026-04-23 07:37:18.700,3509418.834197964,779141.5561325651,5250980.337070206,-61544.998098911215,36.91726213933982,0.036750114522874355,-0.08035440347157419,0.009400537237524986
2026-04-23 07:37:18.800,3509418.835028667,779141.5521372607,5250980.334807714,-61549.8776642996,36.93263617722154,0.008307029493153095,-0.03995304461568594,-0.022624917328357697
2026-04-23 07:37:18.900,3509418.838549342,779141.547145507,5250980.333284813,-61554.75263273925,36.930800692728674,0.03520675003528595,-0.04991753725335002,-0.015229014679789543
2026-04-23 07:37:19.000,3509418.840064602,779141.5418565304,5250980.330609782,-61559.620495583986,36.92730354841594,0.015152599662542343,-0.05288976593874395,-0.026750313118100166
2026-04-23 07:37:19.100,3509418.842320683,779141.5344762871,5250980.325374945,-61564.48410299823,36.922930666025024,0.02256080973893404,-0.07380243274383247,-0.052348366007208824
2026-04-23 07:37:19.200,3509418.8435981325,779141.5293641477,5250980.321431584,-61569.347617978645,36.91611304930599,0.012774495407938957,-0.051121393917128444,-0.039433613419532776
2026-04-23 07:37:19.300,3509418.8455807194,779141.5261241794,5250980.323688292,-61574.20884531434,36.92122206658657,0.019825869239866734,-0.03239968325942755,0.022567082196474075
2026-04-23 07:37:19.400,3509418.8485701284,779141.5178889856,5250980.317767062,-61579.073660916634,36.900546913071786,0.02989409025758505,-0.0823519378900528,-0.059212297201156616
2026-04-23 07:37:19.500,3509418.850418452,779141.5121841495,5250980.311356844,-61583.94490634731,36.90284608729975,0.018483237363398075,-0.057048361049965024,-0.06410217843949795
2026-04-23 07:37:19.600,3509418.852913711,779141.5058830568,5250980.308695801,-61588.82146734233,36.897598464396296,0.024952590465545654,-0.06301092682406306,-0.026610437780618668
2026-04-23 07:37:19.700,3509418.854810515,779141.5015923665,5250980.307725751,-61593.70430692284,36.8876097043071,0.018968037329614162,-0.04290690296329558,-0.00970049761235714
2026-04-23 07:37:19.800,3509418.857525853,779141.4978390725,5250980.30732377,-61598.57437221322,36.878944891456534,0.027153380215168,-0.03753294004127383,-0.004019811749458313
2026-04-23 07:37:19.900,3509418.8595452863,779141.4932388914,5250980.304858677,-61603.44378986233,36.87133420368077,0.02019433304667473,-0.04600181127898395,-0.024650925770401955
2026-04-23 07:37:20.000,3509418.8628605814,779141.4876380218,5250980.302840914,-61608.30305604384,36.87064421578772,0.033152950927615166,-0.05600869539193809,-0.020177634432911873
2026-04-23 07:37:20.100,3509418.864473732,779141.4840471463,5250980.29823689,-61613.16185790818,36.87101954211896,0.0161315081641078,-0.035908755380660295,-0.046040238812565804
2026-04-23 07:37:20.200,3509418.866108106,779141.4783826894,5250980.294639806,-61618.02468478038,36.85084406585671,0.016343737952411175,-0.05664456868544221,-0.03597083501517773
2026-04-23 07:37:20.300,3509418.868498093,779141.4737340795,5250980.292440065,-61622.89825278512,36.84597354498114,0.023899869993329048,-0.046486099017784,-0.02199741080403328
2026-04-23 07:37:20.400,3509418.868454017,779141.470055983,5250980.28796435,-61627.771788293445,36.845293065510305,-0.00044075772166252136,-0.03678096458315849,-0.04475715570151806
2026-04-23 07:37:20.500,3509418.8704767306,779141.4654770955,5250980.286341509,-61632.63641718789,36.835008589314235,0.020227134227752686,-0.045788876013830304,-0.016228407621383667
2026-04-23 07:37:20.600,3509418.8725831183,779141.462558717,5250980.287934651,-61637.503187644994,36.83684917715194,0.02106387633830309,-0.029183784499764442,0.015931418165564537
2026-04-23 07:37:20.700,3509418.873663441,779141.4584433351,5250980.284038586,-61642.37297202096,36.82946096710244,0.010803225450217724,-0.04115381860174239,-0.03896065056324005
2026-04-23 07:37:20.800,3509418.8761451202,779141.4546819675,5250980.284617757,-61647.24150998468,36.82916902356696,0.02481679432094097,-0.03761367639526725,0.005791718140244484
2026-04-23 07:37:20.900,3509418.877549807,779141.4505296268,5250980.284456076,-61652.110538722845,36.81900600318369,0.014046868309378624,-0.04152340698055923,-0.0016168132424354553
2026-04-23 07:37:21.000,3509418.879905963,779141.4469208319,5250980.282296541,-61656.977865418754,36.81838678819805,0.02356155775487423,-0.03608794882893562,-0.02159534953534603
2026-04-23 07:37:21.100,3509418.8821340767,779141.441719325,5250980.280210072,-61661.83853404778,36.793050829667905,0.022281138226389885,-0.05201506894081831,-0.020864689722657204
2026-04-23 07:37:21.200,3509418.884018542,779141.4349845289,5250980.27715319,-61666.70375945791,36.77622855148536,0.01884465105831623,-0.06734796101227403,-0.030568819493055344
2026-04-23 07:37:21.300,3509418.8851148663,779141.4318340577,5250980.277852095,-61671.571380177105,36.78784191657752,0.010963245294988155,-0.03150471253320575,0.0069890450686216354
2026-04-23 07:37:21.400,3509418.888183986,779141.42743765,5250980.275110484,-61676.442716926686,36.770733990141146,0.030691195279359818,-0.043964076321572065,-0.027416106313467026
2026-04-23 07:37:21.500,3509418.891345447,779141.4232425634,5250980.273195307,-61681.30599384449,36.76178507855957,0.03161461092531681,-0.04195086658000946,-0.019151773303747177
2026-04-23 07:37:21.600,3509418.8938344233,779141.4175565486,5250980.269449607,-61686.16748720673,36.741667669114406,0.024889763444662094,-0.056860147742554545,-0.03745700232684612
2026-04-23 07:37:21.700,3509418.8956865063,779141.4130977093,5250980.268946681,-61691.02828564166,36.733426762347776,0.01852083019912243,-0.044588393066078424,-0.005029253661632538
2026-04-23 07:37:21.800,3509418.8983912696,779141.4066520595,5250980.264203906,-61695.89186925898,36.719899680899736,0.027047633193433285,-0.06445649778470397,-0.04742775112390518
2026-04-23 07:37:21.900,3509418.90048646,779141.4025520761,5250980.26111978,-61700.75764000422,36.697206513698006,0.02095190342515707,-0.040999833727255464,-0.03084125928580761
2026-04-23 07:37:22.000,3509418.9012917127,779141.3961101992,5250980.25711458,-61705.625142340075,36.68368675472044,0.008052526973187923,-0.0644187699072063,-0.04005200229585171
2026-04-23 07:37:22.100,3509418.9037543256,779141.3913134828,5250980.256155989,-61710.489479051634,36.678612825457535,0.024626129306852818,-0.04796716384589672,-0.009585907682776451
2026-04-23 07:37:22.200,3509418.903899463,779141.387268319,5250980.254906804,-61715.35740751733,36.66682116413103,0.0014513731002807617,-0.04045163746923208,-0.012491848319768906
2026-04-23 07:37:22.300,3509418.905668334,779141.3827787237,5250980.252256834,-61720.22244655047,36.665172379382945,0.01768871210515499,-0.04489595303311944,-0.026499703526496887
2026-04-23 07:37:22.400,3509418.9055790463,779141.3773462146,5250980.246710701,-61725.098513050405,36.650241984205124,-0.0008928775787353516,-0.05432509118691087,-0.05546133033931255
2026-04-23 07:37:22.500,3509418.906344066,779141.3741361441,5250980.246577517,-61729.9807202554,36.64657181872185,0.007650195620954037,-0.03210070542991161,-0.001331837847828865
2026-04-23 07:37:22.600,3509418.9073815155,779141.3690049162,5250980.244254828,-61734.85638769812,36.64074215862013,0.010374495759606361,-0.05131227895617485,-0.023226886987686157
2026-04-23 07:37:22.700,3509418.906712288,779141.364699238,5250980.243808643,-61739.72299021057,36.630436631330554,-0.00669227447360754,-0.043056781869381666,-0.004461854696273804
2026-04-23 07:37:22.800,3509418.906531243,779141.3607029148,5250980.243362156,-61744.58750844135,36.618258983061914,-0.0018104491755366325,-0.039963232120499015,-0.004464872181415558
2026-04-23 07:37:22.900,3509418.9076177096,779141.3581471897,5250980.243611302,-61749.45463300633,36.62141311827093,0.010864664800465107,-0.025557250482961535,0.002491464838385582
2026-04-23 07:37:23.000,3509418.9076158768,779141.3541198488,5250980.243597222,-61754.32702489345,36.61708931362242,-1.8328428268432617e-05,-0.0402734091039747,-0.0001408066600561142
2026-04-23 07:37:23.100,3509418.907382678,779141.3505716713,5250980.242424121,-61759.19969706327,36.61702902058645,-0.0023319898173213005,-0.03548177541233599,-0.01173100434243679
2026-04-23 07:37:23.200,3509418.907007231,779141.3469413783,5250980.242537306,-61764.067778501885,36.62758994666268,-0.003754468634724617,-0.03630292951129377,0.0011318456381559372
2026-04-23 07:37:23.300,3509418.90901444,779141.3418160788,5250980.240516053,-61768.931501339146,36.62380139106354,0.020072092302143574,-0.0512529956176877,-0.020212531089782715
2026-04-23 07:37:23.400,3509418.908632495,779141.337358623,5250980.241261987,-61773.804018517374,36.62185528086373,-0.003819451667368412,-0.04457455710507929,0.00745934434235096
2026-04-23 07:37:23.500,3509418.908958947,779141.3337700231,5250980.237674544,-61778.680068334615,36.618100178056444,0.003264518454670906,-0.035885999677702785,-0.03587443381547928
2026-04-23 07:37:23.600,3509418.908910293,779141.3301005237,5250980.237524636,-61783.54356864294,36.61290279110019,-0.0004865368828177452,-0.03669499419629574,-0.0014990754425525665
2026-04-23 07:37:23.700,3509418.9106385666,779141.3254379521,5250980.239970207,-61788.40394268523,36.60640855115866,0.017282734625041485,-0.04662571591325104,0.024455711245536804
2026-04-23 07:37:23.800,3509418.909682633,779141.321297714,5250980.238085246,-61793.267674118324,36.60624893714338,-0.009559337049722672,-0.04140238044783473,-0.01884961500763893
2026-04-23 07:37:23.900,3509418.9098373563,779141.3174499173,5250980.238697526,-61798.13464316567,36.609744644557544,0.001547234132885933,-0.03847796702757478,0.0061228033155202866
2026-04-23 07:37:24.000,3509418.9083171124,779141.3110525472,5250980.234618666,-61802.99839628766,36.601357894580815,-0.01520243939012289,-0.06397370132617652,-0.04078860394656658
2026-04-23 07:37:24.100,3509418.907972938,779141.3071533658,5250980.234202104,-61807.86033026586,36.604292864904586,-0.0034417444840073586,-0.0389918137807399,-0.004165619611740112
2026-04-23 07:37:24.200,3509418.908212,779141.3028083657,5250980.23186741,-61812.72236121154,36.59386908723193,0.002390621230006218,-0.04345000139437616,-0.023346934467554092
2026-04-23 07:37:24.300,3509418.9068187554,779141.2969463438,5250980.230030131,-61817.58491773649,36.58695069350267,-0.013932446017861366,-0.05862021818757057,-0.0183727964758873
2026-04-23 07:37:24.400,3509418.906522172,779141.2910568984,5250980.227575687,-61822.44483676329,36.57898126116876,-0.002965833991765976,-0.05889445426873863,-0.02454443834722042
2026-04-23 07:37:24.500,3509418.9058912224,779141.2846120868,5250980.22295333,-61827.30915873017,36.56427282212849,-0.006309496238827705,-0.06444811588153243,-0.04622356966137886
2026-04-23 07:37:24.600,3509418.9038872523,779141.2808436243,5250980.219468999,-61832.17408112803,36.569102765882384,-0.020039700902998447,-0.037684625713154674,-0.034843310713768005
2026-04-23 07:37:24.700,3509418.9039993165,779141.2748355961,5250980.218312585,-61837.036971197136,36.56739730182806,0.001120641827583313,-0.060080281691625714,-0.011564139276742935
2026-04-23 07:37:24.800,3509418.903252796,779141.269341257,5250980.213659381,-61841.8988143146,36.556662817410064,-0.007465207017958164,-0.05494339042343199,-0.046532042324543
2026-04-23 07:37:24.900,3509418.9020638764,779141.2652963423,5250980.212663441,-61846.750165506055,36.55691514280757,-0.011889194138348103,-0.040449147345498204,-0.009959395974874496
2026-04-23 07:37:25.000,3509418.9011589517,779141.2597941124,5250980.206508002,-61851.602035501055,36.54941251681099,-0.0090492470189929,-0.055022299056872725,-0.06155438721179962
2026-04-23 07:37:25.100,3509418.900699979,779141.2563037525,5250980.205389284,-61856.464952387585,36.54914409791883,-0.004589725285768509,-0.03490359871648252,-0.01118718646466732
2026-04-23 07:37:25.200,3509418.900042135,779141.2513319663,5250980.20330286,-61861.33272042643,36.55132486578838,-0.006578443571925163,-0.04971786285750568,-0.020864233374595642
2026-04-23 07:37:25.300,3509418.8979797093,779141.2467624835,5250980.197169279,-61866.20115102894,36.54989167816541,-0.0206242548301816,-0.04569482756778598,-0.061335815116763115
2026-04-23 07:37:25.400,3509418.897792365,779141.2418534688,5250980.19560416,-61871.05597499227,36.54009080048556,-0.0018734438344836235,-0.049090146785601974,-0.01565118320286274
2026-04-23 07:37:25.500,3509418.897789395,779141.2363549788,5250980.188438793,-61875.90943742961,36.53813664628079,-2.969987690448761e-05,-0.05498490063473582,-0.07165367715060711
2026-04-23 07:37:25.600,3509418.897471155,779141.2320980742,5250980.1869924115,-61880.75927575587,36.52890735606787,-0.0031823990866541862,-0.042569045908749104,-0.014463812112808228
2026-04-23 07:37:25.700,3509418.895898282,779141.2276190326,5250980.181243157,-61885.6090221895,36.53293600607076,-0.015728729777038097,-0.044790415558964014,-0.05749254487454891
2026-04-23 07:37:25.800,3509418.897097595,779141.2245096704,5250980.177298879,-61890.47111819478,36.538236611147184,0.01199312973767519,-0.031093622092157602,-0.03944277763366699
2026-04-23 07:37:25.900,3509418.896700846,779141.2192065546,5250980.172300088,-61895.3315144839,36.53125708959121,-0.003967490047216415,-0.05303115816786885,-0.0499879103153944
2026-04-23 07:37:26.000,3509418.8982001175,779141.2150684263,5250980.170026228,-61900.18498156693,36.52401625085077,0.01499271485954523,-0.041381282499060035,-0.022738603875041008
2026-04-23 07:37:26.100,3509418.8977446053,779141.2101853255,5250980.163879856,-61905.0394033132,36.53395646067461,-0.004555121995508671,-0.04883100860752165,-0.061463722959160805
2026-04-23 07:37:26.200,3509418.898530457,779141.2066253532,5250980.162147558,-61909.89667604186,36.54133045155084,0.0078585185110569,-0.03559972275979817,-0.017322972416877747
2026-04-23 07:37:26.300,3509418.8989039874,779141.2019584079,5250980.158192619,-61914.757331988076,36.54516813164266,0.0037353020161390305,-0.04666945314966142,-0.03954939544200897
2026-04-23 07:37:26.400,3509418.8987158947,779141.1977649246,5250980.152914783,-61919.61476161837,36.55364807329139,-0.0018809270113706589,-0.04193483269773424,-0.05277835763990879
2026-04-23 07:37:26.500,3509418.8976529427,779141.1922952678,5250980.146575721,-61924.46639548914,36.55905190072208,-0.010629519820213318,-0.054696567822247744,-0.06339062005281448
2026-04-23 07:37:26.600,3509418.898938318,779141.187172925,5250980.142662536,-61929.32712463026,36.55660621871488,0.012853750959038734,-0.0512234284542501,-0.03913184627890587
2026-04-23 07:37:26.700,3509418.898505833,779141.1858178183,5250980.140277649,-61934.18904281829,36.565061841059226,-0.004324847832322121,-0.013551067095249891,-0.023848870769143105
2026-04-23 07:37:26.800,3509418.8996763458,779141.1798467705,5250980.133275535,-61939.04530761516,36.55270653312482,0.0117051275447011,-0.05971047794446349,-0.07002114318311214
2026-04-23 07:37:26.900,3509418.899687231,779141.1751962187,5250980.128631103,-61943.896424977065,36.55050465491182,0.00010885298252105713,-0.04650551825761795,-0.04644432105123997
2026-04-23 07:37:27.000,3509418.8992173965,779141.1720920969,5250980.124412335,-61948.75187086172,36.561189738473516,-0.004698345437645912,-0.031041217735037208,-0.04218767397105694
2026-04-23 07:37:27.100,3509418.89789367,779141.1681469221,5250980.119677167,-61953.61248927083,36.565322573521975,-0.013237264938652515,-0.03945174743421376,-0.04735168069601059
2026-04-23 07:37:27.200,3509418.898503967,779141.1634886015,5250980.113333976,-61958.47634032156,36.57074644412422,0.00610297080129385,-0.04658320685848594,-0.06343191489577293
2026-04-23 07:37:27.300,3509418.8995998064,779141.1601077752,5250980.1076012645,-61963.34138418298,36.56099839980602,0.010958393104374409,-0.03380826208740473,-0.057327114045619965
2026-04-23 07:37:27.400,3509418.9017011006,779141.1551216806,5250980.104401588,-61968.20576404255,36.55915190941294,0.02101294230669737,-0.04986094660125673,-0.03199676051735878
2026-04-23 07:37:27.500,3509418.902574444,779141.1505929912,5250980.098604127,-61973.06696873842,36.561307976693335,0.008733435533940792,-0.04528689431026578,-0.057974616065621376
2026-04-23 07:37:27.600,3509418.903628833,779141.1460084332,5250980.094043737,-61977.917739276105,36.55986722774521,0.010543889366090298,-0.04584557958878577,-0.04560389555990696
2026-04-23 07:37:27.700,3509418.9027062957,779141.1417999184,5250980.089790754,-61982.773573197584,36.551069583999876,-0.009225374087691307,-0.042085148161277175,-0.04252983257174492
2026-04-23 07:37:27.800,3509418.9034577007,779141.1374193167,5250980.084339589,-61987.63251089446,36.550866738974904,0.007514050230383873,-0.0438060169108212,-0.054511651396751404
2026-04-23 07:37:27.900,3509418.904271273,779141.1323242468,5250980.078369281,-61992.49161555476,36.53812672635045,0.008135722018778324,-0.05095069878734648,-0.059703076258301735
2026-04-23 07:37:28.000,3509418.904134578,779141.1276305612,5250980.073601536,-61997.351988686896,36.54221028736131,-0.0013669487088918686,-0.046936855651438236,-0.04767744801938534
2026-04-23 07:37:28.100,3509418.904310471,779141.1237310453,5250980.069796773,-62002.20283090229,36.54098816028375,0.0017589284107089043,-0.03899515955708921,-0.03804763779044151
2026-04-23 07:37:28.200,3509418.9037385844,779141.1201803221,5250980.065501934,-62007.06233667963,36.53373509544472,-0.005718865431845188,-0.03550723195075989,-0.04294838756322861
2026-04-23 07:37:28.300,3509418.9053121614,779141.1164501276,5250980.06399772,-62011.924113263165,36.53179735085019,0.01573577057570219,-0.03730194526724517,-0.015042135491967201
2026-04-23 07:37:28.400,3509418.906539908,779141.1101935416,5250980.059551658,-62016.78480047354,36.52036660155517,0.012277467176318169,-0.06256585940718651,-0.04446062259376049
2026-04-23 07:37:28.500,3509418.9043331007,779141.1050750378,5250980.052849524,-62021.64258419847,36.51987001876715,-0.02206807490438223,-0.05118503817357123,-0.06702134385704994
2026-04-23 07:37:28.600,3509418.903959088,779141.1009112565,5250980.048441035,-62026.492779954286,36.51600272306419,-0.0037401262670755386,-0.04163781297393143,-0.04408488981425762
2026-04-23 07:37:28.700,3509418.9043250163,779141.0971053507,5250980.045487348,-62031.33560834949,36.508701445712475,0.003659282810986042,-0.038059058133512735,-0.029536867514252663
2026-04-23 07:37:28.800,3509418.9030272895,779141.0935833341,5250980.041690959,-62036.1832066803,36.505234919043495,-0.012977267615497112,-0.035220165736973286,-0.03796389326453209
2026-04-23 07:37:28.900,3509418.9043657663,779141.0900222536,5250980.0364228925,-62041.03672967244,36.50572349308839,0.013384767808020115,-0.03561080549843609,-0.05268066190183163
2026-04-23 07:37:29.000,3509418.905623325,779141.0877105391,5250980.0372091,-62045.891596587855,36.51160354759103,0.012575588189065456,-0.023117144592106342,0.007862076163291931
2026-04-23 07:37:29.100,3509418.9048250183,779141.084429614,5250980.031585001,-62050.74648869979,36.5132136767475,-0.007983068935573101,-0.032809250988066196,-0.0562409870326519
2026-04-23 07:37:29.200,3509418.906831821,779141.0791257998,5250980.027467156,-62055.596483603746,36.50525548761668,0.020068027079105377,-0.05303814192302525,-0.04117845557630062
2026-04-23 07:37:29.300,3509418.9062188454,779141.0753681791,5250980.024706946,-62060.45206999153,36.506866789787985,-0.006129755638539791,-0.03757620695978403,-0.027602100744843483
2026-04-23 07:37:29.400,3509418.905745207,779141.0721100656,5250980.020362106,-62065.30617957313,36.50756625067714,-0.004736385308206081,-0.03258113516494632,-0.043448396027088165
2026-04-23 07:37:29.500,3509418.9069076637,779141.0698265869,5250980.019204271,-62070.16042030683,36.51341508647444,0.01162456814199686,-0.02283478737808764,-0.011578351259231567
2026-04-23 07:37:29.600,3509418.9087628014,779141.0666509699,5250980.018608022,-62075.005157419495,36.50838358756055,0.018551377579569817,-0.03175616962835193,-0.005962494760751724
2026-04-23 07:37:29.700,3509418.906409082,779141.0637447879,5250980.014965056,-62079.85919479748,36.500553093004264,-0.02353719435632229,-0.029061819659546018,-0.03642965108156204
2026-04-23 07:37:29.800,3509418.90804377,779141.0615922961,5250980.011578175,-62084.71042162986,36.50077396848646,0.016346881166100502,-0.021524918265640736,-0.03386881202459335
2026-04-23 07:37:29.900,3509418.907621013,779141.0608065972,5250980.011430591,-62089.550045648764,36.50982044730297,-0.004227571189403534,-0.007856988813728094,-0.0014758389443159103
2026-04-23 07:37:30.000,3509418.9094761168,779141.0589861481,5250980.006575125,-62094.39338357625,36.51398704904483,0.018551037646830082,-0.018204491352662444,-0.04855466075241566
2026-04-23 07:37:30.100,3509418.911420882,779141.0575548315,5250980.003798523,-62099.24360072513,36.513609976580085,0.019447654485702515,-0.0143131660297513,-0.027766022831201553
2026-04-23 07:37:30.200,3509418.9112496786,779141.0534679207,5250979.9997644415,-62104.09282983193,36.50751000229974,-0.001712036319077015,-0.040869107469916344,-0.040340814739465714
2026-04-23 07:37:30.300,3509418.9114974528,779141.0515319533,5250979.997969921,-62108.94128199084,36.51142262661359,0.002477741800248623,-0.019359674770385027,-0.01794520765542984
2026-04-23 07:37:30.400,3509418.910977442,779141.0497947487,5250980.001625752,-62113.781214189374,36.505852233458505,-0.0052001094445586205,-0.017372046131640673,0.03655831329524517
2026-04-23 07:37:30.500,3509418.910350427,779141.0483670065,5250979.999113994,-62118.61912437889,36.510180371896325,-0.006270147860050201,-0.014277421869337559,-0.025117583572864532
2026-04-23 07:37:30.600,3509418.9110534284,779141.047895894,5250979.998779063,-62123.46257709397,36.52738969270201,0.00703001394867897,-0.004711124347522855,-0.0033493060618638992
2026-04-23 07:37:30.700,3509418.9113261225,779141.0461088903,5250979.997392908,-62128.31298901351,36.51960191136934,0.0027269404381513596,-0.01787003711797297,-0.013861553743481636
2026-04-23 07:37:30.800,3509418.910911356,779141.0481142459,5250980.001577611,-62133.15402259171,36.526342741508344,-0.004147663712501526,0.02005355549044907,0.04184703342616558
2026-04-23 07:37:30.900,3509418.912014545,779141.0464811891,5250980.000331543,-62137.99528603303,36.52568652759076,0.01103188842535019,-0.016330567887052894,-0.012460676953196526
2026-04-23 07:37:31.000,3509418.909768839,779141.0457062455,5250980.001201372,-62142.8348791745,36.523519448827265,-0.022457060404121876,-0.007749436190351844,0.00869828276336193
2026-04-23 07:37:31.100,3509418.908983791,779141.0456830327,5250980.000498644,-62147.679751642434,36.52910996245432,-0.007850481197237968,-0.00023212749511003494,-0.007027275860309601
2026-04-23 07:37:31.200,3509418.908476032,779141.0463319509,5250979.999665689,-62152.52533902982,36.53292080872701,-0.005077589303255081,0.006489182123914361,-0.00832955352962017
2026-04-23 07:37:31.300,3509418.908571206,779141.0455332318,5250979.998867941,-62157.379449605716,36.53612256417359,0.0009517418220639229,-0.007987191202118993,-0.007977476343512535
2026-04-23 07:37:31.400,3509418.906207267,779141.0443310837,5250979.99644298,-62162.237525819604,36.531529247709344,-0.023639388382434845,-0.012021481525152922,-0.0242496095597744
2026-04-23 07:37:31.500,3509418.9055851987,779141.0447036746,5250979.996346447,-62167.08402241818,36.53259744769336,-0.006220685318112373,0.0037259096279740334,-0.0009653344750404358
2026-04-23 07:37:31.600,3509418.9039649186,779141.0465668818,5250979.993917708,-62171.93286143397,36.521545312621626,-0.016202800907194614,0.018632072024047375,-0.024287384003400803
2026-04-23 07:37:31.700,3509418.901853977,779141.0456540026,5250979.993250842,-62176.78848944664,36.5205759101516,-0.021109418012201786,-0.009128792444244027,-0.006668660789728165
2026-04-23 07:37:31.800,3509418.8998434916,779141.048383759,5250979.9924014,-62181.649330494656,36.52808878683814,-0.020104851573705673,0.027297564083710313,-0.008494425565004349
2026-04-23 07:37:31.900,3509418.898414113,779141.0492730188,5250979.988447275,-62186.515237096966,36.524942144294904,-0.014293785206973553,0.008892598561942577,-0.03954124636948109
2026-04-23 07:37:32.000,3509418.89610634,779141.0484524278,5250979.984098904,-62191.374561224016,36.52548323648739,-0.023077731020748615,-0.008205909980461001,-0.043483711779117584
2026-04-23 07:37:32.100,3509418.8943100967,779141.0505456122,5250979.98196086,-62196.232083662035,36.52883489203912,-0.017962432466447353,0.02093184390105307,-0.021380437538027763
2026-04-23 07:37:32.200,3509418.892756247,779141.0521047631,5250979.979526532,-62201.08636127229,36.52570976389681,-0.01553849782794714,0.015591508708894253,-0.024343281984329224
2026-04-23 07:37:32.300,3509418.8887975477,779141.0525443397,5250979.974054284,-62205.94541017972,36.522024002122215,-0.0395869929343462,0.004395765718072653,-0.05472247488796711
2026-04-23 07:37:32.400,3509418.887181382,779141.054555604,5250979.969999138,-62210.80031943968,36.52415148870616,-0.016161655075848103,0.02011264325119555,-0.04055146127939224
2026-04-23 07:37:32.500,3509418.885455709,779141.0567637722,5250979.968925661,-62215.64758257872,36.52231642847294,-0.01725673209875822,0.02208168152719736,-0.010734768584370613
2026-04-23 07:37:32.600,3509418.880619904,779141.0591098351,5250979.963604647,-62220.49577655378,36.52200328289229,-0.04835804924368858,0.023460629163309932,-0.053210146725177765
2026-04-23 07:37:32.700,3509418.878656767,779141.0598935348,5250979.962464604,-62225.3495286109,36.51090503709693,-0.019631371833384037,0.007836996810510755,-0.011400431394577026
2026-04-23 07:37:32.800,3509418.8754277285,779141.0627534615,5250979.961454407,-62230.194264219186,36.509934575568536,-0.032290383242070675,0.028599267825484276,-0.010101962834596634
2026-04-23 07:37:32.900,3509418.871807747,779141.0639525895,5250979.955941841,-62235.040114075804,36.50603744248109,-0.03619981463998556,0.01199127989821136,-0.05512566305696964
2026-04-23 07:37:33.000,3509418.8684759587,779141.0662061068,5250979.954757201,-62239.88833236416,36.49572476157322,-0.033317883498966694,0.022535172756761312,-0.011846404522657394
2026-04-23 07:37:33.100,3509418.8665805925,779141.0667042765,5250979.952317886,-62244.73071728939,36.49228602675241,-0.018953662365674973,0.004981696838513017,-0.024393144994974136
2026-04-23 07:37:33.200,3509418.863190032,779141.0689600715,5250979.949650977,-62249.58175017315,36.47892047295096,-0.03390560392290354,0.02255795057862997,-0.02666909247636795
2026-04-23 07:37:33.300,3509418.8607749143,779141.0708829378,5250979.949124737,-62254.433975826454,36.48283571902332,-0.02415117807686329,0.019228662131354213,-0.005262400954961777
2026-04-23 07:37:33.400,3509418.858976282,779141.0728718463,5250979.948834417,-62259.28353505788,36.46956998705032,-0.01798632089048624,0.019889085087925196,-0.002903193235397339
2026-04-23 07:37:33.500,3509418.8569751927,779141.0750104546,5250979.946475561,-62264.13011260968,36.467012365716066,-0.02001089509576559,0.02138608368113637,-0.02358856610953808
2026-04-23 07:37:33.600,3509418.85283746,779141.0769255653,5250979.944699216,-62268.971625473125,36.455358597777796,-0.04137732554227114,0.01915110624395311,-0.017763450741767883
2026-04-23 07:37:33.700,3509418.8523718417,779141.078560723,5250979.946080524,-62273.81611985986,36.44974999890376,-0.0046561844646930695,0.016351577360183,0.0138130784034729
2026-04-23 07:37:33.800,3509418.8507705964,779141.079926795,5250979.944529687,-62278.66650836456,36.44334445882215,-0.01601245254278183,0.0136607198510319,-0.015508364886045456
2026-04-23 07:37:33.900,3509418.8486100715,779141.0820951085,5250979.941595979,-62283.516331906765,36.45010202253424,-0.021605249494314194,0.021683134837076068,-0.02933708019554615
2026-04-23 07:37:34.000,3509418.8461364065,779141.0852857303,5250979.942221742,-62288.36621331887,36.454331944252225,-0.024736649356782436,0.03190621850080788,0.006257630884647369
2026-04-23 07:37:34.100,3509418.8432226186,779141.0861302896,5250979.938892062,-62293.21137078869,36.452860172638495,-0.029137879610061646,0.008445592829957604,-0.03329680301249027
2026-04-23 07:37:34.200,3509418.842848625,779141.0901599197,5250979.938367405,-62298.05362640635,36.45369977932218,-0.0037399353459477425,0.04029630101285875,-0.005246568471193314
2026-04-23 07:37:34.300,3509418.839988633,779141.0909802795,5250979.93261402,-62302.90072003892,36.44331783091424,-0.028599919751286507,0.008203597972169518,-0.05753384903073311
2026-04-23 07:37:34.400,3509418.8383641895,779141.092520131,5250979.930759943,-62307.74613852278,36.440654633850485,-0.0162444356828928,0.01539851538836956,-0.018540769815444946
2026-04-23 07:37:34.500,3509418.8373487787,779141.0955012346,5250979.929134063,-62312.58634445188,36.44723238081375,-0.010154107585549355,0.02981103607453406,-0.01625879667699337
2026-04-23 07:37:34.600,3509418.8348626164,779141.0968494753,5250979.928261324,-62317.421562283715,36.44489845757619,-0.024861623533070087,0.013482406502589583,-0.00872739590704441
2026-04-23 07:37:34.700,3509418.833301558,779141.0990845071,5250979.925165983,-62322.256967023524,36.433947941531486,-0.015610582195222378,0.02235031803138554,-0.030953409150242805
2026-04-23 07:37:34.800,3509418.831195353,779141.101213043,5250979.924292948,-62327.098414137996,36.43225789823764,-0.021062050946056843,0.02128535881638527,-0.008730348199605942
2026-04-23 07:37:34.900,3509418.8277247325,779141.1019412646,5250979.921291246,-62331.94021513312,36.436173361418035,-0.03470620606094599,0.007282216101884842,-0.03001702018082142
2026-04-23 07:37:35.000,3509418.8265971728,779141.1044132316,5250979.919187549,-62336.7786079788,36.43831811538045,-0.011275596916675568,0.024719670182093978,-0.02103697508573532
2026-04-23 07:37:35.100,3509418.823647295,779141.1065088183,5250979.917881336,-62341.61406768894,36.43452580293403,-0.02949877642095089,0.020955867366865277,-0.013062125071883202
2026-04-23 07:37:35.200,3509418.8205602914,779141.106557049,5250979.912835444,-62346.450211781055,36.44223969353705,-0.030870037153363228,0.0004823063500225544,-0.050458917394280434
2026-04-23 07:37:35.300,3509418.819798974,779141.1081073515,5250979.909964356,-62351.29675013016,36.44065381767464,-0.0076131755486130714,0.015503024915233254,-0.02871088683605194
2026-04-23 07:37:35.400,3509418.819218762,779141.1107909853,5250979.908264474,-62356.13171125454,36.44007228333739,-0.005802116356790066,0.02683633822016418,-0.016998816281557083
2026-04-23 07:37:35.500,3509418.816409687,779141.1127102231,5250979.904847823,-62360.96470099694,36.45674636221666,-0.028090751729905605,0.019192377803847194,-0.03416650928556919
2026-04-23 07:37:35.600,3509418.814476277,779141.1132218954,5250979.901411251,-62365.806646540266,36.44789839584781,-0.01933409832417965,0.005116723477840424,-0.03436571918427944
2026-04-23 07:37:35.700,3509418.812552809,779141.1146344084,5250979.895692163,-62370.651460486995,36.459757185606406,-0.01923468429595232,0.01412512967363,-0.05719088017940521
2026-04-23 07:37:35.800,3509418.811835069,779141.114034365,5250979.8893204415,-62375.490970852756,36.46193323785493,-0.00717739574611187,-0.006000433349981904,-0.06371721625328064
2026-04-23 07:37:35.900,3509418.8104137797,779141.1147853445,5250979.886049355,-62380.31881625234,36.446197294405984,-0.014212895184755325,0.00750979408621788,-0.032710861414670944
2026-04-23 07:37:36.000,3509418.8078344706,779141.1157708734,5250979.881355969,-62385.14832141311,36.451019621562196,-0.02579309046268463,0.009855289245024323,-0.04693386144936085
2026-04-23 07:37:36.100,3509418.8080628165,779141.1151986166,5250979.876616142,-62389.98027262019,36.44998840114872,0.002283458597958088,-0.005722567439079285,-0.0473982747644186
2026-04-23 07:37:36.200,3509418.806500428,779141.1154303687,5250979.870387449,-62394.81659337005,36.44424316525961,-0.01562388613820076,0.0023175205569714308,-0.06228692829608917
2026-04-23 07:37:36.300,3509418.8053228785,779141.114719136,5250979.864251683,-62399.65792024536,36.43161533030345,-0.011775493621826172,-0.007112326566129923,-0.061357663944363594
2026-04-23 07:37:36.400,3509418.806484937,779141.1147519639,5250979.859847028,-62404.49692460099,36.44259162648409,0.01162058673799038,0.0003282784018665552,-0.0440465472638607
2026-04-23 07:37:36.500,3509418.8053924027,779141.1137251711,5250979.852937101,-62409.339686940955,36.42987484765954,-0.010925345122814178,-0.010267928009852767,-0.06909926421940327
2026-04-23 07:37:36.600,3509418.804770512,779141.1144389481,5250979.846772112,-62414.17691518636,36.42589105769597,-0.006218906491994858,0.007137770298868418,-0.06164989434182644
2026-04-23 07:37:36.700,3509418.8049865216,779141.1139722136,5250979.842807437,-62419.01708679173,36.42573059410329,0.0021600956097245216,-0.004667345201596618,-0.03964674659073353
2026-04-23 07:37:36.800,3509418.804008669,779141.1135867968,5250979.836309084,-62423.85952307641,36.42377908351294,-0.009778523817658424,-0.0038541678804904222,-0.0649835355579853
2026-04-23 07:37:36.900,3509418.80399243,779141.1131858197,5250979.831540138,-62428.69327654863,36.43164956257775,-0.0001623900607228279,-0.00400977092795074,-0.04768945276737213
2026-04-23 07:37:37.000,3509418.8051611152,779141.1117448567,5250979.827089201,-62433.52309698871,36.418406900639276,0.01168685033917427,-0.014409630093723536,-0.04450937733054161
2026-04-23 07:37:37.100,3509418.806099559,779141.1122434725,5250979.823461984,-62438.350803092355,36.40782352044745,0.009384439326822758,0.004986157873645425,-0.036272164434194565
2026-04-23 07:37:37.200,3509418.8062479366,779141.1106908277,5250979.816657998,-62443.186337786305,36.40672012025581,0.0014837738126516342,-0.015526447677984834,-0.06803986616432667
2026-04-23 07:37:37.300,3509418.807424486,779141.1098838678,5250979.81369722,-62448.01958706733,36.402494808659114,0.011765495873987675,-0.008069599280133843,-0.029607778415083885
2026-04-23 07:37:37.400,3509418.807394595,779141.1093155637,5250979.808683437,-62452.85631638602,36.402432434266935,-0.0002989126369357109,-0.0056830409448593855,-0.050137825310230255
2026-04-23 07:37:37.500,3509418.807930158,779141.1076733934,5250979.8057083795,-62457.68336115602,36.39517578636262,0.005355631001293659,-0.01642170245759189,-0.029750578105449677
2026-04-23 07:37:37.600,3509418.808022598,779141.1053143982,5250979.802189764,-62462.514264113954,36.3791841545269,0.0009243981912732124,-0.023589952616021037,-0.0351861584931612
2026-04-23 07:37:37.700,3509418.808022585,779141.103841658,5250979.7992953835,-62467.34888267306,36.37996258702214,-1.257285475730896e-07,-0.01472740201279521,-0.028943801298737526
2026-04-23 07:37:37.800,3509418.8079155083,779141.1038473685,5250979.797005544,-62472.179379645524,36.38078120196471,-0.0010707695037126541,5.7105207815766335e-05,-0.022898390889167786
2026-04-23 07:37:37.900,3509418.808600462,779141.1015401238,5250979.791487065,-62477.01031687653,36.3559924375292,0.00684953760355711,-0.02307244692929089,-0.05518479272723198
2026-04-23 07:37:38.000,3509418.80617394,779141.0989518759,5250979.784175219,-62481.83768374115,36.34329162881046,-0.024265218526124954,-0.025882478803396225,-0.07311846129596233
2026-04-23 07:37:38.100,3509418.8077057768,779141.1009066559,5250979.785677525,-62486.67112162602,36.33121290959467,0.015318365767598152,0.019547799602150917,0.015023062005639076
2026-04-23 07:37:38.200,3509418.8075448875,779141.0980192167,5250979.781271226,-62491.50559878861,36.31785145837629,-0.0016088923439383507,-0.02887439215555787,-0.04406299442052841
2026-04-23 07:37:38.300,3509418.8070642087,779141.0961546759,5250979.774775855,-62496.34567474018,36.316140960863116,-0.0048067886382341385,-0.01864540739916265,-0.06495370529592037
2026-04-23 07:37:38.400,3509418.8072221684,779141.0949792302,5250979.7714464525,-62501.18246272735,36.30743502902849,0.0015795975923538208,-0.011754457373172045,-0.03329402767121792
2026-04-23 07:37:38.500,3509418.8066222956,779141.0910220812,5250979.76631466,-62506.01062919189,36.28498395744544,-0.0059987278655171394,-0.039571489905938506,-0.05131792277097702
2026-04-23 07:37:38.600,3509418.8069141866,779141.0896684167,5250979.7608334245,-62510.84331646336,36.285156006936276,0.002918909303843975,-0.01353664556518197,-0.05481235682964325
2026-04-23 07:37:38.700,3509418.80692234,779141.0871846769,5250979.757819238,-62515.67644924607,36.28605157354543,8.153263479471207e-05,-0.024837397504597902,-0.030141863971948624
2026-04-23 07:37:38.800,3509418.806913814,779141.0846663108,5250979.755243104,-62520.49841972471,36.282250771477294,-8.525792509317398e-05,-0.0251836609095335,-0.02576134167611599
2026-04-23 07:37:38.900,3509418.8079047585,779141.0832940033,5250979.749711585,-62525.319405689086,36.27231591660599,0.009909444488584995,-0.01372307538986206,-0.05531518720090389
2026-04-23 07:37:39.000,3509418.8094969424,779141.0820775136,5250979.748645935,-62530.140329329835,36.26877758488042,0.015921839512884617,-0.012164897052571177,-0.010656500235199928
2026-04-23 07:37:39.100,3509418.811766161,779141.0806446444,5250979.746152893,-62534.97010524997,36.26692302872147,0.022692186757922173,-0.01432869117707014,-0.024930424988269806
2026-04-23 07:37:39.200,3509418.8119217595,779141.0793507684,5250979.740673934,-62539.79902623228,36.263752653010144,0.0015559839084744453,-0.012938760919496417,-0.0547895859926939
2026-04-23 07:37:39.300,3509418.813180439,779141.0766131929,5250979.735331789,-62544.627110745765,36.255536576516576,0.012586796656250954,-0.027375754434615374,-0.05342145450413227
2026-04-23 07:37:39.400,3509418.814587877,779141.0753528523,5250979.735768113,-62549.44825946702,36.25711973549781,0.014074379578232765,-0.012603405630216002,0.004363246262073517
2026-04-23 07:37:39.500,3509418.815364745,779141.0732382612,5250979.728145072,-62554.26864959511,36.25787285997692,0.007768678478896618,-0.021145911887288094,-0.07623041048645973
2026-04-23 07:37:39.600,3509418.8143661628,779141.070202701,5250979.724166071,-62559.088814076116,36.25400237747407,-0.00998582225292921,-0.030355601338669658,-0.03979001194238663
2026-04-23 07:37:39.700,3509418.816121176,779141.0670049468,5250979.7179405,-62563.91406829421,36.255689485031674,0.017550131306052208,-0.03197754267603159,-0.06225571036338806
2026-04-23 07:37:39.800,3509418.8168078233,779141.0660415537,5250979.715295281,-62568.73035638291,36.25476023945843,0.006866473704576492,-0.00963393016718328,-0.026452187448740005
2026-04-23 07:37:39.900,3509418.8169000517,779141.0644604448,5250979.711958312,-62573.55089703855,36.26077544220548,0.0009222840890288353,-0.01581108896061778,-0.03336968831717968
2026-04-23 07:37:40.000,3509418.81739553,779141.0621754379,5250979.708298848,-62578.370157473946,36.245093389972986,0.004954785108566284,-0.02285006921738386,-0.03659464418888092
2026-04-23 07:37:40.100,3509418.8197752195,779141.0590438454,5250979.704298242,-62583.179359098845,36.246913247433355,0.023796893656253815,-0.03131592529825866,-0.040006060153245926
2026-04-23 07:37:40.200,3509418.819732361,779141.0566774021,5250979.699754674,-62587.99883565611,36.24749586963994,-0.00042858533561229706,-0.023664432810619473,-0.04543568007647991
2026-04-23 07:37:40.300,3509418.821403093,779141.0572725949,5250979.6999735,-62592.81322368208,36.237510386563855,0.016707321628928185,0.005951927741989493,0.002188263460993767
2026-04-23 07:37:40.400,3509418.8233463275,779141.0566866598,5250979.695502482,-62597.63273789716,36.23274055386104,0.019432343542575836,-0.00585935078561306,-0.044710179790854454
2026-04-23 07:37:40.500,3509418.824624827,779141.0555704611,5250979.694039343,-62602.45709467625,36.23689791539947,0.012784996069967747,-0.011161987204104662,-0.014631394296884537
2026-04-23 07:37:40.600,3509418.826176997,779141.0564494863,5250979.694496402,-62607.27921332351,36.237407742222366,0.015521696768701077,0.008790252031758428,0.004570586606860161
2026-04-23 07:37:40.700,3509418.8262481675,779141.0574747005,5250979.690842073,-62612.096788589464,36.238047923607354,0.0007117073982954025,0.010252142092213035,-0.03654328174889088
2026-04-23 07:37:40.800,3509418.828898123,779141.0568101841,5250979.687998382,-62616.908585433164,36.24131971348844,0.02649955451488495,-0.006645163521170616,-0.02843691036105156
2026-04-23 07:37:40.900,3509418.82962549,779141.0578096048,5250979.685085966,-62621.72661031633,36.25420035823205,0.007273671217262745,0.009994206484407187,-0.02912416122853756
2026-04-23 07:37:41.000,3509418.8299362655,779141.0594213702,5250979.687183974,-62626.55095844465,36.263356018336154,0.0031077535822987556,0.016117653576657176,0.02098008058965206
2026-04-23 07:37:41.100,3509418.832018311,779141.0600409602,5250979.68579351,-62631.36405909255,36.26894053638725,0.02082045655697584,0.006195900496095419,-0.013904646039009094
2026-04-23 07:37:41.200,3509418.8324486944,779141.0618767818,5250979.683684463,-62636.17773569483,36.293302071933915,0.004303832538425922,0.018358215456828475,-0.021090470254421234
2026-04-23 07:37:41.300,3509418.8310202328,779141.0615857412,5250979.681557679,-62641.003228890266,36.30311326676242,-0.014284616336226463,-0.0029104051645845175,-0.021267840638756752
2026-04-23 07:37:41.400,3509418.8313869103,779141.0624942409,5250979.680653548,-62645.822240355206,36.32215800486932,0.0036667753010988235,0.009084997000172734,-0.009041307494044304
2026-04-23 07:37:41.500,3509418.831803108,779141.0640330641,5250979.682000872,-62650.63474813968,36.33783333681184,0.004161978140473366,0.015388231258839369,0.013473238795995712
2026-04-23 07:37:41.600,3509418.833059351,779141.0657571029,5250979.680705843,-62655.44703096228,36.35080991491342,0.01256242860108614,0.017240388551726937,-0.012950291857123375
2026-04-23 07:37:41.700,3509418.8332383973,779141.0668755571,5250979.679758049,-62660.25883176956,36.373130275454024,0.0017904629930853844,0.011184541508555412,-0.009477939456701279
2026-04-23 07:37:41.800,3509418.8330418067,779141.068243137,5250979.680441607,-62665.065969576746,36.383778263037925,-0.001965905539691448,0.013675799127668142,0.006835581734776497
2026-04-23 07:37:41.900,3509418.8343909914,779141.070555853,5250979.681358172,-62669.87852344067,36.395521709717435,0.01349184662103653,0.023127159802243114,0.009165648370981216
2026-04-23 07:37:42.000,3509418.835712656,779141.0715251544,5250979.682346054,-62674.68792048484,36.41877273109985,0.013216645456850529,0.009693014435470104,0.009878827258944511
2026-04-23 07:37:42.100,3509418.834901151,779141.0729325765,5250979.680629227,-62679.50506537603,36.441040625634365,-0.008115051314234734,0.01407422125339508,-0.01716827042400837
2026-04-23 07:37:42.200,3509418.83507898,779141.0763299079,5250979.681952385,-62684.326120602025,36.46001300013604,0.00177829060703516,0.03397331340238452,0.013231579214334488
2026-04-23 07:37:42.300,3509418.8367822557,779141.0778089848,5250979.684551377,-62689.13385168694,36.46521915632615,0.017032758332788944,0.014790769200772047,0.025989916175603867
2026-04-23 07:37:42.400,3509418.835406799,779141.0789561847,5250979.680960006,-62693.945091759204,36.488489480197366,-0.013754568062722683,0.011471998877823353,-0.03591370768845081
2026-04-23 07:37:42.500,3509418.836711501,779141.0824094797,5250979.682316243,-62698.74548024577,36.50783396696794,0.013047019019722939,0.034532949794083834,0.013562366366386414
2026-04-23 07:37:42.600,3509418.8371919566,779141.0846156625,5250979.678269849,-62703.55223317997,36.53006968191631,0.004804558120667934,0.022061828058212996,-0.04046393558382988
2026-04-23 07:37:42.700,3509418.8365325495,779141.0868169199,5250979.677780767,-62708.35109144889,36.540981291452475,-0.006594071164727211,0.022012573899701238,-0.004890821874141693
2026-04-23 07:37:42.800,3509418.836222172,779141.0888705315,5250979.678111823,-62713.154182377155,36.56103980511967,-0.0031037768349051476,0.020536116790026426,0.0033105630427598953
2026-04-23 07:37:42.900,3509418.8367806254,779141.0909074002,5250979.679099589,-62717.95508179435,36.5727493306635,0.005584536120295525,0.02036868711002171,0.009877653792500496
2026-04-23 07:37:43.000,3509418.8366153613,779141.093177821,5250979.679237178,-62722.754763117315,36.5854846652118,-0.0016526412218809128,0.022704207804054022,0.0013758894056081772
2026-04-23 07:37:43.100,3509418.8363111657,779141.0957254111,5250979.679718503,-62727.559836031825,36.59857933198576,-0.003041955642402172,0.02547590062022209,0.00481325201690197
2026-04-23 07:37:43.200,3509418.8363496037,779141.0973017188,5250979.680928731,-62732.365064927144,36.60922313564551,0.00038438010960817337,0.015763076953589916,0.012102285400032997
2026-04-23 07:37:43.300,3509418.8355763247,779141.0999438408,5250979.682092334,-62737.16311923485,36.62757908750955,-0.00773278996348381,0.026421219808980823,0.011636028066277504
2026-04-23 07:37:43.400,3509418.833896016,779141.102078223,5250979.682171615,-62741.96430957468,36.63836390013314,-0.016803089529275894,0.021343822591006756,0.0007928069680929184
2026-04-23 07:37:43.500,3509418.8330489416,779141.104820064,5250979.685774265,-62746.76901542761,36.659176749463896,-0.008470742031931877,0.02741841017268598,0.036026500165462494
2026-04-23 07:37:43.600,3509418.832283324,779141.1077337634,5250979.690090392,-62751.56298355614,36.66168510117461,-0.007656174711883068,0.029136993689462543,0.04316126927733421
2026-04-23 07:37:43.700,3509418.831676518,779141.1106966777,5250979.691968945,-62756.363472071804,36.675785296973096,-0.006068060174584389,0.029629142954945564,0.01878553070127964
2026-04-23 07:37:43.800,3509418.8314793073,779141.1135521857,5250979.697816908,-62761.161762941345,36.698480470028144,-0.0019721081480383873,0.028555080061778426,0.058479635044932365
2026-04-23 07:37:43.900,3509418.8308946947,779141.1170956931,5250979.699671155,-62765.95489175146,36.706911818124865,-0.00584612600505352,0.0354350742418319,0.018542464822530746
2026-04-23 07:37:44.000,3509418.827402859,779141.118872582,5250979.699688512,-62770.74989014364,36.70856543640748,-0.03491835668683052,0.01776888850145042,0.00017357058823108673
2026-04-23 07:37:44.100,3509418.8261691304,779141.1196370298,5250979.701330433,-62775.55308013733,36.71505731599244,-0.01233728602528572,0.007644478464499116,0.01641920767724514
2026-04-23 07:37:44.200,3509418.8258285346,779141.1230531882,5250979.706731386,-62780.35206425692,36.71336430206155,-0.003405958414077759,0.03416158375330269,0.05400952883064747
2026-04-23 07:37:44.300,3509418.8240296463,779141.1236872978,5250979.707987794,-62785.14626960969,36.73518022024184,-0.017988882027566433,0.006341096013784409,0.012564081698656082
2026-04-23 07:37:44.400,3509418.8215956884,779141.1269604112,5250979.708768259,-62789.932060584884,36.74081831560716,-0.024339579977095127,0.03273113397881389,0.007804650813341141
2026-04-23 07:37:44.500,3509418.820250245,779141.1295844289,5250979.711188492,-62794.71819317299,36.74956166713705,-0.013454435393214226,0.026240176521241665,0.024202335625886917
2026-04-23 07:37:44.600,3509418.8195949635,779141.1327122884,5250979.714006059,-62799.50255900625,36.750304457793426,-0.006552813574671745,0.03127859556116164,0.02817566506564617
2026-04-23 07:37:44.700,3509418.8179686177,779141.1345274851,5250979.716421224,-62804.29373473691,36.756500393159186,-0.01626345794647932,0.018151967087760568,0.024151653051376343
2026-04-23 07:37:44.800,3509418.8172060675,779141.1365534284,5250979.719574578,-62809.08072370076,36.767195648674566,-0.007625501602888107,0.02025943249464035,0.03153353929519653
2026-04-23 07:37:44.900,3509418.8157437127,779141.139644718,5250979.723497884,-62813.86790915301,36.77741216398329,-0.014623547904193401,0.030912896618247032,0.03923306241631508
2026-04-23 07:37:45.000,3509418.814988523,779141.1431499685,5250979.726626297,-62818.65557565762,36.773716184985076,-0.007551899179816246,0.035052504390478134,0.03128413110971451
2026-04-23 07:37:45.100,3509418.812537814,779141.1437298736,5250979.725945859,-62823.44050585975,36.79351085391265,-0.024507087655365467,0.005799051141366363,-0.006804382428526878
2026-04-23 07:37:45.200,3509418.810447233,779141.1462908322,5250979.725755613,-62828.236766340946,36.81222195399348,-0.02090581227093935,0.025609586155042052,-0.0019024591892957687
2026-04-23 07:37:45.300,3509418.810552405,779141.1485423269,5250979.7290421985,-62833.02154860181,36.80795782420468,0.0010517239570617676,0.0225149467587471,0.03286585211753845
2026-04-23 07:37:45.400,3509418.8095095614,779141.151643315,5250979.728435086,-62837.81420840122,36.82159737032266,-0.01042843796312809,0.031009881058707833,-0.006071124225854874
2026-04-23 07:37:45.500,3509418.8064379306,779141.1533062672,5250979.7293043155,-62842.606054626354,36.836258637780695,-0.030716308392584324,0.016629522433504462,0.008692294359207153
2026-04-23 07:37:45.600,3509418.8024465595,779141.1544127904,5250979.726846192,-62847.39839543209,36.845804486732,-0.039913710206747055,0.01106523210182786,-0.02458123490214348
2026-04-23 07:37:45.700,3509418.801493293,779141.1558393268,5250979.726467918,-62852.18371923219,36.84815011399167,-0.009532663971185684,0.014265363570302725,-0.003782743588089943
2026-04-23 07:37:45.800,3509418.800782156,779141.1576215959,5250979.727535004,-62856.965048125116,36.84479850140765,-0.0071113696321845055,0.017822691006585956,0.010670861229300499
2026-04-23 07:37:45.900,3509418.7982057026,779141.1608344268,5250979.728258923,-62861.75123006567,36.845397641913394,-0.02576453611254692,0.03212830866687,0.007239188998937607
2026-04-23 07:37:46.000,3509418.795838235,779141.161548079,5250979.722257769,-62866.54940248763,36.870248970827696,-0.023674676194787025,0.007136522326618433,-0.06001153960824013
2026-04-23 07:37:46.100,3509418.793262125,779141.1640158318,5250979.721806956,-62871.34688077547,36.88245147983188,-0.02576109953224659,0.024677527835592628,-0.004508122801780701
2026-04-23 07:37:46.200,3509418.789649518,779141.1660113399,5250979.723148677,-62876.14574098799,36.88155000415073,-0.036126067861914635,0.019955080933868885,0.013417201116681099
2026-04-23 07:37:46.300,3509418.788026217,779141.1698596721,5250979.721376127,-62880.94298444489,36.89373282867982,-0.01623301301151514,0.03848332213237882,-0.017725499346852303
2026-04-23 07:37:46.400,3509418.785988767,779141.1714348492,5250979.722372371,-62885.739410946495,36.9037640763595,-0.020374497398734093,0.015751770697534084,0.009962441399693489
2026-04-23 07:37:46.500,3509418.78502744,779141.1733911642,5250979.723378759,-62890.54041560637,36.92540366046146,-0.009613269940018654,0.019563150126487017,0.010063881054520607
2026-04-23 07:37:46.600,3509418.78245818,779141.1733240894,5250979.72151879,-62895.33971530566,36.93240671949742,-0.02569260075688362,-0.0006707478314638138,-0.01859968528151512
2026-04-23 07:37:46.700,3509418.7804244314,779141.1761308818,5250979.721786418,-62900.138114180896,36.9443238645517,-0.020337486639618874,0.02806792384944856,0.0026762764900922775
2026-04-23 07:37:46.800,3509418.778988221,779141.1789509279,5250979.721482572,-62904.93443327197,36.95891255648117,-0.014362102374434471,0.02820046152919531,-0.003038458526134491
2026-04-23 07:37:46.900,3509418.776969598,779141.178917414,5250979.721165172,-62909.7225865277,36.97099651588941,-0.020186230540275574,-0.0003351387567818165,-0.0031740032136440277
2026-04-23 07:37:47.000,3509418.776129849,779141.1799317246,5250979.723019665,-62914.51268669881,36.987609084785454,-0.00839749351143837,0.010143105173483491,0.018544932827353477
2026-04-23 07:37:47.100,3509418.773607629,779141.1817027947,5250979.723802734,-62919.307049885276,37.00258585316472,-0.02522219903767109,0.01771070179529488,0.00783069059252739
2026-04-23 07:37:47.200,3509418.7713691485,779141.183326978,5250979.722438982,-62924.10066935374,37.01171165742739,-0.022384803742170334,0.01624183263629675,-0.013637524098157883
2026-04-23 07:37:47.300,3509418.770833125,779141.1853088338,5250979.727093442,-62928.88810032936,37.026925229562366,-0.005360236391425133,0.019818558357656002,0.04654460586607456
2026-04-23 07:37:47.400,3509418.769579704,779141.1865782706,5250979.73198108,-62933.670611493195,37.0380527889425,-0.01253420952707529,0.012694367906078696,0.04887637682259083
2026-04-23 07:37:47.500,3509418.768638169,779141.1891392448,5250979.73459108,-62938.451961414,37.054411303944065,-0.009415349923074245,0.0256097421515733,0.026099998503923416
2026-04-23 07:37:47.600,3509418.767377712,779141.1903368763,5250979.736840477,-62943.23600033903,37.07627687463952,-0.01260457094758749,0.011976314708590508,0.02249397337436676
2026-04-23 07:37:47.700,3509418.765637104,779141.1912004988,5250979.740882333,-62948.02559145852,37.09783380692092,-0.01740607898682356,0.008636225247755647,0.040418561547994614
2026-04-23 07:37:47.800,3509418.7646794557,779141.1943306056,5250979.746744359,-62952.811429213965,37.112862425462765,-0.009576482698321342,0.03130106721073389,0.058620255440473557
2026-04-23 07:37:47.900,3509418.7626725268,779141.1951654959,5250979.748333125,-62957.59231417791,37.133672429493416,-0.02006928902119398,0.008348902920261025,0.015887664631009102
2026-04-23 07:37:48.000,3509418.761111274,779141.1973843798,5250979.74922929,-62962.37613856446,37.15642472541914,-0.015612528659403324,0.022188839502632618,0.008961642161011696
2026-04-23 07:37:48.100,3509418.7588086156,779141.1982748806,5250979.751249046,-62967.15776350746,37.17820993947229,-0.023026582784950733,0.008905008435249329,0.020197564736008644
2026-04-23 07:37:48.200,3509418.7580367457,779141.2013070431,5250979.756081254,-62971.93723566107,37.197297056606104,-0.007718699052929878,0.03032162436284125,0.048322081565856934
2026-04-23 07:37:48.300,3509418.7560566403,779141.2023382512,5250979.759232145,-62976.72102679444,37.210722228528425,-0.019801054149866104,0.010312080848962069,0.031508905813097954
2026-04-23 07:37:48.400,3509418.7556865867,779141.2041395057,5250979.763533489,-62981.50817906539,37.240861490178,-0.0037005357444286346,0.018012545770034194,0.0430134404450655
2026-04-23 07:37:48.500,3509418.7548051486,779141.206136149,5250979.765324895,-62986.28647903307,37.24744198751979,-0.008814381435513496,0.01996643259190023,0.0179140642285347
2026-04-23 07:37:48.600,3509418.7543104086,779141.2078538366,5250979.77028381,-62991.058222451014,37.26611592816695,-0.0049473997205495834,0.017176875844597816,0.04958914592862129
2026-04-23 07:37:48.700,3509418.751116412,779141.2099102547,5250979.770310299,-62995.83836000089,37.29869596261667,-0.031939963810145855,0.020564181031659245,0.0002648867666721344
2026-04-23 07:37:48.800,3509418.7485814937,779141.2125738082,5250979.772802518,-63000.61070825484,37.3139236218152,-0.02534918487071991,0.026635534595698118,0.024922192096710205
2026-04-23 07:37:48.900,3509418.747226548,779141.2138056984,5250979.777123951,-63005.386544276414,37.333446087417926,-0.013549458235502243,0.01231890288181603,0.0432143360376358
2026-04-23 07:37:49.000,3509418.7435957016,779141.2136156189,5250979.779118665,-63010.168610234134,37.380010795314895,-0.0363084627315402,-0.0019007956143468618,0.019947132095694542
2026-04-23 07:37:49.100,3509418.7429437237,779141.215351282,5250979.780696734,-63014.95122494168,37.38997434376426,-0.006519779562950134,0.017356631578877568,0.015780692920088768
2026-04-23 07:37:49.200,3509418.741625558,779141.2177755721,5250979.785755855,-63019.73196630516,37.4085920646217,-0.013181655667722225,0.024242900544777513,0.05059121176600456
2026-04-23 07:37:49.300,3509418.7377587864,779141.2186954638,5250979.787000965,-63024.50427208238,37.43512618995967,-0.03866771701723337,0.009198917541652918,0.012451102957129478
2026-04-23 07:37:49.400,3509418.7366004055,779141.2214692167,5250979.791292448,-63029.269138017946,37.45969588970378,-0.011583808809518814,0.027737529017031193,0.042914822697639465
2026-04-23 07:37:49.500,3509418.7342685554,779141.2221650605,5250979.794884574,-63034.04009275677,37.490359150691425,-0.023318501189351082,0.006958437152206898,0.035921260714530945
2026-04-23 07:37:49.600,3509418.7307064887,779141.2235334489,5250979.797131979,-63038.80920874497,37.52716859603442,-0.03562066704034805,0.013683884171769023,0.022474052384495735
2026-04-23 07:37:49.700,3509418.7277508224,779141.2271452764,5250979.79874313,-63043.576028772055,37.56011548943356,-0.029556662775576115,0.03611827502027154,0.016111508011817932
2026-04-23 07:37:49.800,3509418.7277825745,779141.2294724908,5250979.801907237,-63048.35148363835,37.57902603936139,0.00031752046197652817,0.023272144608199596,0.031641069799661636
2026-04-23 07:37:49.900,3509418.725191833,779141.2303562656,5250979.802929615,-63053.1335521032,37.60635897634452,-0.025907414965331554,0.00883774715475738,0.010223779827356339
2026-04-23 07:37:50.000,3509418.722158363,779141.2320927233,5250979.801700352,-63057.91074242182,37.641134155814065,-0.03033469896763563,0.017364576924592257,-0.012292629107832909
2026-04-23 07:37:50.100,3509418.720229243,779141.2330225264,5250979.802574868,-63062.6781924499,37.663565446840614,-0.01929120160639286,0.009298031218349934,0.008745165541768074
2026-04-23 07:37:50.200,3509418.7191818077,779141.2343109788,5250979.804710572,-63067.446529639,37.67459097442561,-0.010474352166056633,0.012884524185210466,0.021357033401727676
2026-04-23 07:37:50.300,3509418.718222668,779141.2368317397,5250979.805641892,-63072.21793190386,37.699106653610855,-0.00959139782935381,0.02520760870538652,0.009313207119703293
2026-04-23 07:37:50.400,3509418.7173454147,779141.2372326643,5250979.8063210705,-63076.99159045165,37.71617970472356,-0.00877253245562315,0.0040092458948493,0.006791781634092331
2026-04-23 07:37:50.500,3509418.7142149024,779141.2398568401,5250979.804993792,-63081.77026373935,37.739485811390516,-0.03130512312054634,0.026241758605465293,-0.013272780925035477
2026-04-23 07:37:50.600,3509418.7135206754,779141.2421077569,5250979.808134232,-63086.5402221129,37.760689026178405,-0.006942269392311573,0.022509167902171612,0.031404392793774605
2026-04-23 07:37:50.700,3509418.7125101634,779141.2451680406,5250979.812526104,-63091.31757544014,37.78388300408378,-0.01010512001812458,0.030602837214246392,0.04391872324049473
2026-04-23 07:37:50.800,3509418.71040929,779141.2464811581,5250979.811199154,-63096.1032568592,37.7978367139952,-0.021008732728660107,0.013131174491718411,-0.01326950266957283
2026-04-23 07:37:50.900,3509418.710464704,779141.248724989,5250979.81150661,-63100.87432081985,37.828699020470474,0.0005541369318962097,0.02243830938823521,0.003074565902352333
2026-04-23 07:37:51.000,3509418.7084322963,779141.2513515151,5250979.812340541,-63105.6376448924,37.854004505809264,-0.02032407559454441,0.026265260530635715,0.008339304476976395
2026-04-23 07:37:51.100,3509418.7088757735,779141.2549892666,5250979.815709481,-63110.39740033033,37.868750627043276,0.004434771835803986,0.03637751564383507,0.03368940204381943
2026-04-23 07:37:51.200,3509418.7058894625,779141.25722803,5250979.817046653,-63115.1673860496,37.89033919304433,-0.029863109812140465,0.022387633798643947,0.013371715322136879
2026-04-23 07:37:51.300,3509418.70574974,779141.2554451928,5250979.818850025,-63119.93983900463,37.90653461518126,-0.0013972260057926178,-0.01782837207429111,0.018033720552921295
2026-04-23 07:37:51.400,3509418.7047769004,779141.2172749235,5250979.84375549,-63124.69927229655,37.94190020352757,-0.009728395380079746,-0.3817026934120804,0.2490546554327011
2026-04-23 07:37:51.500,3509418.6939121005,779141.1666097373,5250979.846574711,-63129.472458915974,37.965563791684225,-0.10864799842238426,-0.5066518613602966,0.028192205354571342
2026-04-23 07:37:51.600,3509418.666046147,779141.1084973601,5250979.868363185,-63134.243684385794,38.00571724347351,-0.27865953743457794,-0.5811237718444318,0.21788474172353745
2026-04-23 07:37:51.700,3509418.644447108,779141.065475568,5250979.88578863,-63139.01581153394,37.989686078601764,-0.2159903896972537,-0.43021792196668684,0.17425444908440113
2026-04-23 07:37:51.800,3509418.622066801,779141.0283999948,5250979.895711409,-63143.80229544199,37.975051699194225,-0.22380306851118803,-0.3707557311281562,0.0992277916520834
2026-04-23 07:37:51.900,3509418.604438256,779140.9893645468,5250979.925607084,-63148.56192779609,37.96045015638468,-0.17628544941544533,-0.39035447989590466,0.29895675368607044
2026-04-23 07:37:52.000,3509418.57901977,779140.9438566257,5250979.958784473,-63153.32787543982,37.943973937603054,-0.2541848598048091,-0.4550792113877833,0.33177388831973076
2026-04-23 07:37:52.100,3509418.5372169707,779140.8643716043,5250979.996024707,-63158.086624803465,37.84622898897459,-0.41802799329161644,-0.7948502141516656,0.37240234203636646
2026-04-23 07:37:52.200,3509418.477892175,779140.7979960546,5250980.055938013,-63162.85245961912,37.840889218711474,-0.5932479584589601,-0.6637554964981973,0.5991330556571484
2026-04-23 07:37:52.300,3509418.4255988267,779140.752239873,5250980.090096343,-63167.62013097574,37.86641291214164,-0.5229334812611341,-0.4575618158560246,0.3415833041071892
2026-04-23 07:37:52.400,3509418.358492243,779140.6824577395,5250980.150966902,-63172.388401266115,37.82634115790712,-0.6710658362135291,-0.6978213356342167,0.6087055895477533
2026-04-23 07:37:52.500,3509418.296151344,779140.6184599837,5250980.198135089,-63177.15904700959,37.79739773007366,-0.6234089890494943,-0.6399775575846434,0.47168186865746975
2026-04-23 07:37:52.600,3509418.220212307,779140.5706370863,5250980.258149759,-63181.93106701368,37.78328669195141,-0.7593903737142682,-0.4782289743889123,0.6001466978341341
2026-04-23 07:37:52.700,3509418.137692651,779140.5248663212,5250980.318122018,-63186.70708073001,37.773058562345675,-0.82519656047225,-0.45770765049383044,0.5997225921601057
2026-04-23 07:37:52.800,3509418.069155284,779140.4837145132,5250980.38439885,-63191.46153812185,37.688553621851675,-0.6853736657649279,-0.41151807992719114,0.6627683155238628
2026-04-23 07:37:52.900,3509417.9833012177,779140.4563797052,5250980.441190606,-63196.222653291974,37.72753066558152,-0.858540665358305,-0.2733480802271515,0.567917563021183
2026-04-23 07:37:53.000,3509417.920929764,779140.4126775053,5250980.487703811,-63200.97130614419,37.63079938448211,-0.6237145373597741,-0.43702199938707054,0.46513205394148827
2026-04-23 07:37:53.100,3509417.8246988645,779140.3975229528,5250980.56117061,-63205.72923190677,37.633981847489956,-0.9623089944943786,-0.1515455252956599,0.7346679829061031
2026-04-23 07:37:53.200,3509417.733309789,779140.3871231545,5250980.631083319,-63210.48147756425,37.587596704403055,-0.9138907538726926,-0.1039979828055948,0.6991270929574966
2026-04-23 07:37:53.300,3509417.643127954,779140.3879497504,5250980.686833958,-63215.23340232265,37.58900164012528,-0.9018183499574661,0.008265959331765771,0.5575063917785883
2026-04-23 07:37:53.400,3509417.5517008007,779140.3938006876,5250980.7531020865,-63219.972002424714,37.55011294704753,-0.9142715344205499,0.05850937217473984,0.662681283429265
2026-04-23 07:37:53.500,3509417.4776087613,779140.3817843262,5250980.804116135,-63224.70536154663,37.527232235840344,-0.7409203937277198,-0.12016361462883651,0.5101404897868633
2026-04-23 07:37:53.600,3509417.3703842717,779140.3893638757,5250980.878391103,-63229.43930217802,37.53488124439478,-1.0722448956221342,0.0757954956497997,0.7427496742457151
2026-04-23 07:37:53.700,3509417.280544296,779140.4191553835,5250980.927352458,-63234.16572518961,37.52741559031677,-0.8983997581526637,0.29791507753543556,0.4896135535091162
2026-04-23 07:37:53.800,3509417.2118084924,779140.4476235864,5250980.989889484,-63238.859256417934,37.45012524977572,-0.6873580347746611,0.2846820291597396,0.6253702566027641
2026-04-23 07:37:53.900,3509417.1096537956,779140.4595977518,5250981.035389868,-63243.55456312535,37.48585431256323,-1.0215469682589173,0.11974165448918939,0.4550038371235132
2026-04-23 07:37:54.000,3509417.023771322,779140.4847166734,5250981.097176152,-63248.227492977625,37.42838820222391,-0.8588247373700142,0.2511892153415829,0.6178628467023373
2026-04-23 07:37:54.100,3509416.942337807,779140.5373665204,5250981.147001828,-63252.911011332486,37.43047470466218,-0.8143351506441832,0.5264984699897468,0.49825675785541534
2026-04-23 07:37:54.200,3509416.878382783,779140.5835150102,5250981.185023745,-63257.59294261974,37.45739305727936,-0.6395502388477325,0.46148489811457694,0.38021916523575783
2026-04-23 07:37:54.300,3509416.8302189577,779140.642142046,5250981.229217697,-63262.25890358181,37.4497203877194,-0.48163825180381536,0.5862703581806272,0.4419395234435797
2026-04-23 07:37:54.400,3509416.8096904797,779140.6829246235,5250981.269617068,-63266.93198374451,37.42977611968811,-0.2052847808226943,0.40782577474601567,0.40399370715022087
2026-04-23 07:37:54.500,3509416.7992058336,779140.6751747694,5250981.282684538,-63271.61627534775,37.45344500364053,-0.10484646074473858,-0.07749854121357203,0.1306746993213892
2026-04-23 07:37:54.600,3509416.804957332,779140.6668025661,5250981.2809759155,-63276.29540327272,37.441933987926625,0.05751498509198427,-0.08372203214094043,-0.017086220905184746
2026-04-23 07:37:54.700,3509416.8149952,779140.6728732099,5250981.283070607,-63280.97961608361,37.45157489175756,0.10037867818027735,0.06070643779821694,0.020946916192770004
2026-04-23 07:37:54.800,3509416.817422382,779140.6748950701,5250981.284645047,-63285.66841904915,37.48516397346272,0.024271821603178978,0.02021860214881599,0.015744399279356003
2026-04-23 07:37:54.900,3509416.812870351,779140.678707216,5250981.293324694,-63290.324403046325,37.50471058645817,-0.04552030935883522,0.03812145907431841,0.08679646998643875
2026-04-23 07:37:55.000,3509416.8165044715,779140.6889730236,5250981.296631614,-63294.97217162148,37.52456351499736,0.03634120337665081,0.1026580750476569,0.033069197088479996
2026-04-23 07:37:55.100,3509416.818335553,779140.6896458237,5250981.298219647,-63299.617688065584,37.53347401518113,0.01831081695854664,0.006728001171723008,0.015880335122346878
2026-04-23 07:37:55.200,3509416.8198852967,779140.6948327982,5250981.3034301065,-63304.24348208782,37.56234455072026,0.015497435815632343,0.05186974536627531,0.05210459232330322
2026-04-23 07:37:55.300,3509416.8192478586,779140.6981603391,5250981.302008407,-63308.84410688842,37.599312424876366,-0.006374381482601166,0.03327540936879814,-0.014216993004083633
2026-04-23 07:37:55.400,3509416.8198414315,779140.7024249932,5250981.302662271,-63313.4417252045,37.62668456643558,0.005935728549957275,0.04264654009602964,0.006538638845086098
2026-04-23 07:37:55.500,3509416.8174154703,779140.7004324325,5250981.302130749,-63318.076212975655,37.660947441193464,-0.02425961196422577,-0.01992560690268874,-0.0053152162581682205
2026-04-23 07:37:55.600,3509416.838060346,779140.6933993399,5250981.302304691,-63322.702461207584,37.68242880173769,0.20644875708967447,-0.07033092551864684,0.001739412546157837
2026-04-23 07:37:55.700,3509416.893681066,779140.6633706619,5250981.240698373,-63327.3286864017,37.7189903213666,0.5562072014436126,-0.3002867801114917,-0.6160631775856018
2026-04-23 07:37:55.800,3509416.9630966713,779140.6684719388,5250981.217204563,-63331.920083020086,37.737109767726224,0.6941560516133904,0.05101276910863817,-0.234938096255064
2026-04-23 07:37:55.900,3509417.0382291405,779140.6771350432,5250981.159412093,-63336.550404180125,37.79141943500754,0.7513246918097138,0.08663104381412268,-0.5779246985912323
2026-04-23 07:37:56.000,3509417.0923143593,779140.6957606728,5250981.141458332,-63341.1781218739,37.77911994785527,0.5408521881327033,0.18625629600137472,-0.17953761853277683
2026-04-23 07:37:56.100,3509417.120454514,779140.6778202924,5250981.107024683,-63345.79991040533,37.88864194438126,0.2814015466719866,-0.17940380377694964,-0.3443364892154932
2026-04-23 07:37:56.200,3509417.1455584564,779140.6522262549,5250981.094251162,-63350.395109141435,37.856062710794625,0.2510394249111414,-0.25594037491828203,-0.12773520313203335
2026-04-23 07:37:56.300,3509417.1962886346,779140.628344789,5250981.066252277,-63355.0299403422,37.91568414106393,0.5073017813265324,-0.23881465895101428,-0.2799888513982296
2026-04-23 07:37:56.400,3509417.2735630013,779140.6187956242,5250981.0366298845,-63359.67088775698,37.93988786451398,0.7727436674758792,-0.09549164795316756,-0.2962239272892475
2026-04-23 07:37:56.500,3509417.334921314,779140.5960534733,5250980.985202778,-63364.33628598953,37.931859005674504,0.6135831261053681,-0.22742150933481753,-0.5142710637301207
2026-04-23 07:37:56.600,3509417.3676278424,779140.5748162451,5250980.953125234,-63369.01491367478,37.88160109551001,0.32706528436392546,-0.21237228182144463,-0.320775443688035
2026-04-23 07:37:56.700,3509417.429320166,779140.5384158387,5250980.944170741,-63373.684491953936,37.88761638395534,0.6169232353568077,-0.364004063885659,-0.08954492397606373
2026-04-23 07:37:56.800,3509417.4709916776,779140.5026181651,5250980.910754092,-63378.3855551421,37.84397764377098,0.41671511717140675,-0.3579767362680286,-0.3341664932668209
2026-04-23 07:37:56.900,3509417.503809742,779140.454380608,5250980.914767412,-63383.07823583705,37.86456313727577,0.3281806455925107,-0.4823755705729127,0.040133194997906685
2026-04-23 07:37:57.000,3509417.5276306956,779140.414738905,5250980.895111729,-63387.79071149154,37.80129475098664,0.2382095344364643,-0.396417030133307,-0.19655682146549225
2026-04-23 07:37:57.100,3509417.5830432777,779140.3561259143,5250980.859647743,-63392.518878425144,37.86207040204879,0.5541258212178946,-0.5861299077514559,-0.3546398598700762
2026-04-23 07:37:57.200,3509417.604298302,779140.3048743446,5250980.851904934,-63397.248698455594,37.81628620448508,0.2125502424314618,-0.5125156964641064,-0.07742809131741524
2026-04-23 07:37:57.300,3509417.6280477494,779140.2595775791,5250980.841751338,-63401.97802184191,37.801712263559295,0.2374944742769003,-0.4529676551464945,-0.1015359628945589
2026-04-23 07:37:57.400,3509417.6430045846,779140.2095259646,5250980.8352013575,-63406.731162231285,37.80114317577827,0.14956835191696882,-0.5005161452572793,-0.06549980491399765
2026-04-23 07:37:57.500,3509417.674649929,779140.1410070821,5250980.813990488,-63411.48396191389,37.78657871229924,0.3164534457027912,-0.6851888250093907,-0.21210869774222374
2026-04-23 07:37:57.600,3509417.6929725953,779140.0861930585,5250980.808522059,-63416.24489755455,37.75234146486115,0.1832266617566347,-0.5481402354780585,-0.054684290662407875
2026-04-23 07:37:57.700,3509417.7132512545,779140.0300957682,5250980.803290204,-63420.99967197577,37.75767604327179,0.20278659183532,-0.5609729036223143,-0.05231854505836964
2026-04-23 07:37:57.800,3509417.7240048447,779140.008504106,5250980.7920948975,-63425.755558980505,37.732373561686856,0.10753590147942305,-0.21591662196442485,-0.11195306666195393
2026-04-23 07:37:57.900,3509417.7243770217,779140.0119551482,5250980.78876241,-63430.51908235533,37.720787974980055,0.0037217698991298676,0.034510422265157104,-0.03332487307488918
2026-04-23 07:37:58.000,3509417.714053176,779140.0360406545,5250980.795087259,-63435.288603795736,37.6977950663832,-0.10323845781385899,0.24085506331175566,0.06324849091470242
2026-04-23 07:37:58.100,3509417.7012918154,779140.0551893967,5250980.795744501,-63440.059716667005,37.69978025765384,-0.12761360500007868,0.1914874219801277,0.006572417914867401
2026-04-23 07:37:58.200,3509417.7065008897,779140.063568054,5250980.800508997,-63444.82413868366,37.67606268132805,0.05209074355661869,0.08378657279536128,0.04764496348798275
2026-04-23 07:37:58.300,3509417.7014410277,779140.0634831719,5250980.798237799,-63449.605223592676,37.69046158399161,-0.05059862043708563,-0.0008488213643431664,-0.022711986675858498
2026-04-23 07:37:58.400,3509417.700771915,779140.0640312916,5250980.802754917,-63454.38298806695,37.68625069822178,-0.006691128946840763,0.005481197731569409,0.045171184465289116
2026-04-23 07:37:58.500,3509417.702834985,779140.0637632683,5250980.804756878,-63459.159640359416,37.677496877169816,0.02063070423901081,-0.002680233446881175,0.02001960761845112
2026-04-23 07:37:58.600,3509417.702197557,779140.0697998699,5250980.803329288,-63463.929087753495,37.691846266816434,-0.006374283693730831,0.060366016114130616,-0.014275899156928062
2026-04-23 07:37:58.700,3509417.700637264,779140.0780867735,5250980.796126634,-63468.69874953439,37.67766224133538,-0.015602926723659039,0.08286903612315655,-0.07202654145658016
2026-04-23 07:37:58.800,3509417.706275568,779140.1096472647,5250980.786486306,-63473.45719817689,37.689048219353815,0.05638303700834513,0.31560491188429296,-0.09640327654778957
2026-04-23 07:37:58.900,3509417.7306877365,779140.1954465515,5250980.757291599,-63478.210063394945,37.657839525063686,0.2441216865554452,0.8579928684048355,-0.29194707050919533
2026-04-23 07:37:59.000,3509417.762529093,779140.280104941,5250980.720932519,-63482.98304923606,37.671919229669065,0.3184135630726814,0.8465838944539428,-0.36359080113470554
2026-04-23 07:37:59.100,3509417.799058545,779140.3286309378,5250980.683238578,-63487.745070014535,37.66556419405868,0.36529452074319124,0.4852599685546011,-0.3769394103437662
2026-04-23 07:37:59.200,3509417.8334385324,779140.3722169545,5250980.663289638,-63492.50312977726,37.67952465843735,0.3437998751178384,0.4358601663261652,-0.1994893979281187
2026-04-23 07:37:59.300,3509417.8599248896,779140.4030669379,5250980.640680667,-63497.27310062688,37.666960101627765,0.2648635720834136,0.3084998345002532,-0.2260897122323513
2026-04-23 07:37:59.400,3509417.8773469753,779140.4381553353,5250980.632143605,-63502.03761876306,37.580587780592246,0.17422085627913475,0.3508839732967317,-0.0853706244379282
2026-04-23 07:37:59.500,3509418.2403447926,779139.5393296332,5250980.824999639,-63506.30089985689,39.37106814485059,3.6299781734123826,-8.988257020246238,1.9285603426396847
2026-04-23 07:37:59.600,3509418.251196196,779139.6037243692,5250980.814053773,-63511.06213085046,39.39204849765715,0.1085140323266387,0.6439473596401513,-0.10945865884423256
2026-04-23 07:37:59.700,3509418.261432032,779139.6686788411,5250980.7995719435,-63515.81553724437,39.37324073088836,0.10235836263746023,0.649544718908146,-0.14481829479336739
2026-04-23 07:37:59.800,3509418.2651412156,779139.7326686506,5250980.795645724,-63520.58323396125,39.36601295342466,0.03709183540195227,0.6398980948142707,-0.03926219418644905
2026-04-23 07:37:59.900,3509418.2798184864,779139.7869898824,5250980.778535801,-63525.34920011519,39.34183999669361,0.14677270781248808,0.5432123178616166,-0.1710992306470871
2026-04-23 07:38:00.000,3509418.2750152512,779139.8554785856,5250980.7815994965,-63530.11135612265,39.33597505222167,-0.04803235176950693,0.684887032257393,0.030636955052614212
