% program   : RTKPOST-EX 2.5.0
% inp file  : C:\Users\holge\git\GNSS_IMU\data\run2.obs
% inp file  : C:\Users\holge\git\GNSS_IMU\data\b32800DNK_R_20261130700_01H_01S_MO.rnx
% inp file  : C:\Users\holge\git\GNSS_IMU\data\b32800DNK_R_20261130700_01H_GN.rnx
% inp file  : C:\Users\holge\git\GNSS_IMU\data\COD0OPSRAP_20261130000_01D_05M_ORB.SP3
% obs start : 2026/04/23 07:30:00.0 GPST (week2415 372600.0s)
% obs end   : 2026/04/23 07:38:00.0 GPST (week2415 373080.0s)
% pos mode  : Kinematic
% freqs     : L1+L2/E5b+L5+L6
% solution  : Forward
% elev mask : 15.0 deg
% dynamics  : on
% tidecorr  : solid
% ionos opt : Iono-Free LC
% tropo opt : Saastamoinen
% ephemeris : Precise
% navi sys  : GPS GLONASS Galileo BDS
% amb res   : Fix and Hold
% amb glo   : Fix and Hold
% amb bds   : on
% val thres : 3.0
% antenna1  :                       ( 0.0000  0.0000  0.0762)
% antenna2  :                       ( 0.0000  0.0000  0.2567)
% ref pos   :   3509449.0069    779054.7259   5250988.6520
%
% (x/y/z-ecef=WGS84,Q=1:fix,2:float,3:sbas,4:dgps,5:single,6:ppp,ns=# of satellites)
%  GPST                      x-ecef(m)      y-ecef(m)      z-ecef(m)   Q  ns   sdx(m)   sdy(m)   sdz(m)  sdxy(m)  sdyz(m)  sdzx(m) age(s)  ratio
2026/04/23 07:30:00.000   3509425.6147    779103.2785   5250974.3740   2   4  18.1516   4.7129  19.0763  -3.6810   4.3096 -14.8906   0.00    0.0
2026/04/23 07:30:00.100   3509425.5443    779103.2353   5250972.1279   2   4  11.4759   3.3919  10.8904  -3.8305   4.2364  -7.6036   0.10    0.0
2026/04/23 07:30:00.200   3509425.4643    779103.2785   5250971.5169   2   4   9.3314   2.8083   8.6313  -3.3017   3.6091  -5.8685   0.20    0.0
2026/04/23 07:30:00.300   3509425.4525    779103.3527   5250971.3208   2   4   8.0885   2.4508   7.3922  -2.9286   3.1828  -4.9681   0.30    0.0
2026/04/23 07:30:00.400   3509425.5770    779103.4720   5250971.1815   2   4   7.2440   2.2027   6.5742  -2.6554   2.8759  -4.3899   0.40    0.0
2026/04/23 07:30:00.500   3509425.3595    779103.6327   5250971.3891   2   5   6.6115   2.0173   5.9762  -2.4448   2.6420  -3.9670  -0.50    0.0
2026/04/23 07:30:00.600   3509425.1318    779103.7923   5250971.6458   2   4   6.1282   1.8721   5.5208  -2.2776   2.4572  -3.6552  -0.40    0.0
2026/04/23 07:30:00.700   3509424.9470    779103.9181   5250971.7793   2   4   5.7377   1.7543   5.1561  -2.1403   2.3062  -3.4072  -0.30    0.0
2026/04/23 07:30:00.800   3509424.8151    779104.0450   5250971.8244   2   5   5.4135   1.6563   4.8553  -2.0250   2.1799  -3.2035  -0.20    0.0
2026/04/23 07:30:00.900   3509424.7148    779104.1723   5250971.8824   2   4   5.1389   1.5728   4.6019  -1.9268   2.0723  -3.0328  -0.10    0.0
2026/04/23 07:30:01.000   3509424.6292    779104.3180   5250971.9870   2   4   4.9026   1.5009   4.3847  -1.8412   1.9790  -2.8871   0.00    0.0
2026/04/23 07:30:01.100   3509424.5780    779104.4522   5250972.0088   2   5   4.6957   1.4381   4.1952  -1.7661   1.8973  -2.7598   0.10    0.0
2026/04/23 07:30:01.200   3509424.4373    779104.5861   5250972.0763   2   4   4.5133   1.3826   4.0286  -1.6994   1.8249  -2.6485   0.20    0.0
2026/04/23 07:30:01.300   3509424.3075    779104.6922   5250972.0380   2   5   4.3504   1.3330   3.8802  -1.6397   1.7602  -2.5493   0.30    0.0
2026/04/23 07:30:01.400   3509424.2491    779104.7725   5250971.9570   2   4   4.2041   1.2884   3.7472  -1.5858   1.7018  -2.4607   0.40    0.0
2026/04/23 07:30:01.500   3509424.1006    779104.8540   5250971.9235   2   4   4.0716   1.2480   3.6270  -1.5369   1.6489  -2.3806  -0.50    0.0
2026/04/23 07:30:01.600   3509423.9972    779104.9253   5250971.8883   2   4   3.9508   1.2112   3.5176  -1.4922   1.6006  -2.3079  -0.40    0.0
2026/04/23 07:30:01.700   3509423.8116    779104.9996   5250971.9178   2   4   3.8401   1.1774   3.4176  -1.4511   1.5563  -2.2413  -0.30    0.0
2026/04/23 07:30:01.800   3509423.6713    779105.0714   5250971.9152   2   4   3.7383   1.1463   3.3255  -1.4133   1.5154  -2.1801  -0.20    0.0
2026/04/23 07:30:01.900   3509423.5751    779105.1482   5250971.8971   4   3   3.6625   1.1206   3.2407  -1.3673   1.4778  -2.1233  -0.10    0.0
2026/04/23 07:30:02.000   3509423.5107    779105.2186   5250971.8450   4   3   3.5918   1.0966   3.1620  -1.3247   1.4429  -2.0706   0.00    0.0
2026/04/23 07:30:02.100   3509423.4697    779105.2898   5250971.7718   4   3   3.5256   1.0743   3.0889  -1.2851   1.4103  -2.0217   0.10    0.0
2026/04/23 07:30:02.200   3509423.4523    779105.3560   5250971.6788   2   4   3.4625   1.0533   3.0203  -1.2481   1.3798  -1.9752   0.20    0.0
2026/04/23 07:30:02.300   3509423.3979    779105.4260   5250971.6481   2   4   3.4040   1.0336   2.9565  -1.2136   1.3513  -1.9325   0.30    0.0
2026/04/23 07:30:02.400   3509423.3415    779105.4930   5250971.6372   4   3   3.3489   1.0150   2.8966  -1.1812   1.3244  -1.8928   0.40    0.0
2026/04/23 07:30:02.500   3509423.2893    779105.5438   5250971.6211   4   3   3.2969   0.9974   2.8404  -1.1506   1.2991  -1.8557  -0.50    0.0
2026/04/23 07:30:02.600   3509423.2212    779105.5929   5250971.6335   4   3   3.2477   0.9808   2.7875  -1.1219   1.2751  -1.8209  -0.40    0.0
2026/04/23 07:30:02.700   3509423.1401    779105.6318   5250971.6852   2   4   3.2005   0.9651   2.7374  -1.0947   1.2523  -1.7877  -0.30    0.0
2026/04/23 07:30:02.800   3509423.0665    779105.6769   5250971.7602   4   3   3.1565   0.9501   2.6903  -1.0689   1.2307  -1.7573  -0.20    0.0
2026/04/23 07:30:02.900   3509423.0123    779105.7345   5250971.8107   4   3   3.1147   0.9358   2.6458  -1.0444   1.2101  -1.7288  -0.10    0.0
2026/04/23 07:30:03.000   3509422.9785    779105.8053   5250971.8542   4   3   3.0751   0.9223   2.6037  -1.0210   1.1905  -1.7021   0.00    0.0
2026/04/23 07:30:03.100   3509423.1746    779105.9271   5250971.8958   4   3   3.0235   0.9069   2.5638  -1.0083   1.1715  -1.6778   0.10    0.0
2026/04/23 07:30:03.200   3509423.3592    779106.0553   5250971.9185   4   3   2.9750   0.8923   2.5260  -0.9958   1.1533  -1.6552   0.20    0.0
2026/04/23 07:30:03.300   3509423.5376    779106.1882   5250971.9187   4   3   2.9293   0.8785   2.4903  -0.9836   1.1359  -1.6342   0.30    0.0
2026/04/23 07:30:03.400   3509423.7092    779106.3199   5250971.8970   4   3   2.8863   0.8652   2.4564  -0.9716   1.1192  -1.6147   0.40    0.0
2026/04/23 07:30:03.500   3509423.9018    779106.4733   5250971.8718   4   3   2.8458   0.8526   2.4243  -0.9599   1.1031  -1.5968  -0.50    0.0
2026/04/23 07:30:03.600   3509424.0868    779106.6299   5250971.8519   4   3   2.8078   0.8405   2.3940  -0.9484   1.0876  -1.5805  -0.40    0.0
2026/04/23 07:30:03.700   3509424.2355    779106.8056   5250971.8693   4   3   2.7721   0.8289   2.3654  -0.9372   1.0726  -1.5656  -0.30    0.0
2026/04/23 07:30:03.800   3509424.3613    779106.9675   5250971.8902   2   4   2.7382   0.8178   2.3383  -0.9261   1.0581  -1.5520  -0.20    0.0
2026/04/23 07:30:03.900   3509424.4702    779107.1308   5250971.9095   4   3   2.7069   0.8072   2.3129  -0.9152   1.0440  -1.5403  -0.10    0.0
2026/04/23 07:30:04.000   3509424.3106    779107.2822   5250972.1331   2   4   2.6461   0.7964   2.2668  -0.9112   1.0350  -1.4869   0.00    0.0
2026/04/23 07:30:04.100   3509424.3761    779107.4433   5250972.1867   2   4   2.6139   0.7865   2.2409  -0.9015   1.0223  -1.4715   0.10    0.0
2026/04/23 07:30:04.200   3509424.4653    779107.5971   5250972.2068   4   3   2.5835   0.7770   2.2162  -0.8920   1.0100  -1.4574   0.20    0.0
2026/04/23 07:30:04.300   3509424.5526    779107.7452   5250972.2066   4   3   2.5545   0.7678   2.1926  -0.8826   0.9981  -1.4441   0.30    0.0
2026/04/23 07:30:04.400   3509424.6155    779107.8905   5250972.2113   4   3   2.5269   0.7589   2.1700  -0.8735   0.9866  -1.4318   0.40    0.0
2026/04/23 07:30:04.500   3509424.6764    779108.0407   5250972.2284   4   3   2.5007   0.7504   2.1484  -0.8645   0.9753  -1.4204  -0.50    0.0
2026/04/23 07:30:04.600   3509424.7495    779108.1895   5250972.2407   4   3   2.4758   0.7421   2.1279  -0.8557   0.9644  -1.4100  -0.40    0.0
2026/04/23 07:30:04.700   3509424.7353    779108.3550   5250972.3127   4   3   2.3821   0.7221   2.0682  -0.8002   0.9249  -1.3127  -0.30    0.0
2026/04/23 07:30:04.800   3509424.7568    779108.5123   5250972.3566   4   3   2.3006   0.7044   2.0160  -0.7511   0.8901  -1.2277  -0.20    0.0
2026/04/23 07:30:04.900   3509424.6098    779108.6721   5250972.4657   4   3   2.2437   0.6888   1.9707  -0.7036   0.8583  -1.1597  -0.10    0.0
2026/04/23 07:30:05.000   3509424.4856    779108.8077   5250972.5576   4   3   2.1934   0.6749   1.9300  -0.6594   0.8296  -1.0992   0.00    0.0
2026/04/23 07:30:05.100   3509424.3676    779108.9435   5250972.6475   2   4   2.1475   0.6622   1.8929  -0.6172   0.8030  -1.0440   0.10    0.0
2026/04/23 07:30:05.200   3509424.2307    779109.0895   5250972.7485   4   3   2.1075   0.6509   1.8596  -0.5780   0.7789  -0.9961   0.20    0.0
2026/04/23 07:30:05.300   3509423.8081    779109.1770   5250973.0573   2   5   2.0219   0.6370   1.7971  -0.5668   0.7711  -0.8688   0.30    0.0
2026/04/23 07:30:05.400   3509423.6662    779109.3145   5250973.1494   4   3   1.9843   0.6270   1.7663  -0.5360   0.7524  -0.8191   0.40    0.0
2026/04/23 07:30:05.500   3509423.5069    779109.4528   5250973.2484   2   4   1.9493   0.6176   1.7375  -0.5070   0.7352  -0.7724  -0.50    0.0
2026/04/23 07:30:05.600   3509423.3793    779109.5849   5250973.3221   4   3   1.9168   0.6089   1.7106  -0.4794   0.7193  -0.7284  -0.40    0.0
2026/04/23 07:30:05.700   3509423.3122    779109.7037   5250973.3540   4   3   1.8865   0.6008   1.6852  -0.4531   0.7045  -0.6867  -0.30    0.0
2026/04/23 07:30:05.800   3509423.2612    779109.8176   5250973.3797   2   4   1.8577   0.5931   1.6612  -0.4275   0.6906  -0.6466  -0.20    0.0
2026/04/23 07:30:05.900   3509423.2197    779109.9284   5250973.3992   4   3   1.8312   0.5859   1.6387  -0.4033   0.6776  -0.6089  -0.10    0.0
2026/04/23 07:30:06.000   3509423.1942    779110.0603   5250973.4083   2   5   1.8049   0.5790   1.6166  -0.3807   0.6659  -0.5701   0.00    0.0
2026/04/23 07:30:06.100   3509423.1307    779110.1876   5250973.4412   2   4   1.7809   0.5725   1.5960  -0.3582   0.6546  -0.5343   0.10    0.0
2026/04/23 07:30:06.200   3509423.0678    779110.3113   5250973.4783   2   4   1.7582   0.5664   1.5764  -0.3363   0.6439  -0.4996   0.20    0.0
2026/04/23 07:30:06.300   3509423.0357    779110.4238   5250973.4827   2   5   1.7366   0.5605   1.5577  -0.3149   0.6339  -0.4659   0.30    0.0
2026/04/23 07:30:06.400   3509423.0148    779110.5406   5250973.4801   2   5   1.7160   0.5549   1.5398  -0.2938   0.6243  -0.4328   0.40    0.0
2026/04/23 07:30:06.500   3509422.9734    779110.6613   5250973.5091   2   5   1.6965   0.5496   1.5227  -0.2728   0.6153  -0.4001  -0.50    0.0
2026/04/23 07:30:06.600   3509422.9262    779110.7770   5250973.5468   2   5   1.6777   0.5445   1.5063  -0.2519   0.6067  -0.3676  -0.40    0.0
2026/04/23 07:30:06.700   3509422.8805    779110.9015   5250973.5860   2   5   1.6598   0.5396   1.4905  -0.2309   0.5985  -0.3350  -0.30    0.0
2026/04/23 07:30:06.800   3509422.8498    779111.0190   5250973.6223   2   5   1.6427   0.5348   1.4752  -0.2095   0.5907  -0.3018  -0.20    0.0
2026/04/23 07:30:06.900   3509422.8357    779111.1361   5250973.6487   2   5   1.6262   0.5303   1.4605  -0.1874   0.5832  -0.2676  -0.10    0.0
2026/04/23 07:30:07.000   3509422.8112    779111.2633   5250973.6821   2   5   1.6103   0.5259   1.4464  -0.1643   0.5761  -0.2316   0.00    0.0
2026/04/23 07:30:07.100   3509422.7924    779111.3780   5250973.7190   2   5   1.5951   0.5217   1.4327  -0.1394   0.5692  -0.1924   0.10    0.0
2026/04/23 07:30:07.200   3509422.7908    779111.4959   5250973.7454   2   5   1.5804   0.5176   1.4194  -0.1112   0.5627  -0.1470   0.20    0.0
2026/04/23 07:30:07.300   3509422.7894    779111.6132   5250973.7597   2   5   1.5662   0.5137   1.4066  -0.0759   0.5564  -0.0855   0.30    0.0
2026/04/23 07:30:07.400   3509422.7960    779111.7314   5250973.7692   2   5   1.5525   0.5098   1.3942   0.0203   0.5504   0.0772   0.40    0.0
2026/04/23 07:30:07.500   3509422.7910    779111.8459   5250973.7881   2   5   1.5392   0.5061   1.3821   0.0786   0.5446   0.1353  -0.50    0.0
2026/04/23 07:30:07.600   3509422.7808    779111.9569   5250973.8167   2   5   1.5264   0.5025   1.3704   0.1076   0.5390   0.1726  -0.40    0.0
2026/04/23 07:30:07.700   3509422.7806    779112.0676   5250973.8405   2   5   1.5139   0.4990   1.3590   0.1290   0.5336   0.2013  -0.30    0.0
2026/04/23 07:30:07.800   3509422.7884    779112.1769   5250973.8559   2   5   1.5019   0.4956   1.3480   0.1463   0.5284   0.2247  -0.20    0.0
2026/04/23 07:30:07.900   3509422.7881    779112.2844   5250973.8650   2   5   1.4901   0.4923   1.3372   0.1608   0.5233   0.2446  -0.10    0.0
2026/04/23 07:30:08.000   3509422.7958    779112.3975   5250973.8740   2   5   1.4788   0.4891   1.3267   0.1734   0.5185   0.2618   0.00    0.0
2026/04/23 07:30:08.100   3509422.7928    779112.5054   5250973.8759   2   5   1.4677   0.4860   1.3165   0.1844   0.5138   0.2769   0.10    0.0
2026/04/23 07:30:08.200   3509422.7844    779112.6194   5250973.9072   2   5   1.4570   0.4829   1.3066   0.1942   0.5092   0.2903   0.20    0.0
2026/04/23 07:30:08.300   3509422.7863    779112.7397   5250973.9297   2   5   1.4465   0.4800   1.2969   0.2030   0.5048   0.3024   0.30    0.0
2026/04/23 07:30:08.400   3509422.7792    779112.8475   5250973.9418   2   5   1.4363   0.4771   1.2874   0.2109   0.5005   0.3132   0.40    0.0
2026/04/23 07:30:08.500   3509422.7419    779112.9600   5250973.9710   2   5   1.4264   0.4742   1.2782   0.2182   0.4964   0.3230  -0.50    0.0
2026/04/23 07:30:08.600   3509422.7032    779113.0696   5250973.9947   2   5   1.4166   0.4714   1.2691   0.2249   0.4924   0.3322  -0.40    0.0
2026/04/23 07:30:08.700   3509422.6700    779113.1852   5250974.0197   2   5   1.4071   0.4687   1.2603   0.2309   0.4884   0.3403  -0.30    0.0
2026/04/23 07:30:08.800   3509422.6410    779113.3023   5250974.0328   2   5   1.3979   0.4661   1.2517   0.2365   0.4846   0.3478  -0.20    0.0
2026/04/23 07:30:08.900   3509422.5837    779113.4237   5250974.0788   2   5   1.3889   0.4635   1.2433   0.2416   0.4809   0.3547  -0.10    0.0
2026/04/23 07:30:09.000   3509422.5321    779113.5396   5250974.1147   2   5   1.3801   0.4609   1.2350   0.2464   0.4773   0.3611   0.00    0.0
2026/04/23 07:30:09.100   3509422.5112    779113.6659   5250974.1570   2   5   1.3665   0.4576   1.2269   0.2443   0.4736   0.3658   0.10    0.0
2026/04/23 07:30:09.200   3509422.4799    779113.7908   5250974.2055   2   5   1.3533   0.4544   1.2190   0.2423   0.4700   0.3701   0.20    0.0
2026/04/23 07:30:09.300   3509422.4417    779113.9101   5250974.2435   2   5   1.3406   0.4512   1.2113   0.2403   0.4665   0.3740   0.30    0.0
2026/04/23 07:30:09.400   3509422.4073    779114.0288   5250974.2728   2   5   1.3282   0.4481   1.2037   0.2384   0.4630   0.3776   0.40    0.0
2026/04/23 07:30:09.500   3509422.3603    779114.1385   5250974.3059   2   5   1.3162   0.4451   1.1963   0.2365   0.4597   0.3808  -0.50    0.0
2026/04/23 07:30:09.600   3509422.3080    779114.2549   5250974.3521   2   5   1.3045   0.4421   1.1890   0.2346   0.4563   0.3837  -0.40    0.0
2026/04/23 07:30:09.700   3509422.2729    779114.3669   5250974.3832   2   5   1.2931   0.4391   1.1818   0.2328   0.4531   0.3864  -0.30    0.0
2026/04/23 07:30:09.800   3509422.2486    779114.4832   5250974.4199   2   5   1.2820   0.4363   1.1748   0.2310   0.4499   0.3888  -0.20    0.0
2026/04/23 07:30:09.900   3509422.2224    779114.5993   5250974.4656   2   5   1.2712   0.4335   1.1680   0.2293   0.4468   0.3910  -0.10    0.0
2026/04/23 07:30:10.000   3509422.1965    779114.7135   5250974.5016   2   5   1.2607   0.4307   1.1612   0.2276   0.4438   0.3929   0.00    0.0
2026/04/23 07:30:10.100   3509422.1586    779114.8246   5250974.5387   2   5   1.2505   0.4280   1.1546   0.2259   0.4408   0.3947   0.10    0.0
2026/04/23 07:30:10.200   3509422.1072    779114.9309   5250974.5798   2   5   1.2405   0.4253   1.1481   0.2243   0.4378   0.3964   0.20    0.0
2026/04/23 07:30:10.300   3509422.0485    779115.0254   5250974.6177   2   5   1.2308   0.4227   1.1417   0.2227   0.4350   0.3978   0.30    0.0
2026/04/23 07:30:10.400   3509421.9877    779115.1275   5250974.6588   2   5   1.2213   0.4202   1.1354   0.2212   0.4321   0.3992   0.40    0.0
2026/04/23 07:30:10.500   3509421.9486    779115.2340   5250974.6853   2   5   1.2121   0.4177   1.1292   0.2197   0.4294   0.4004  -0.50    0.0
2026/04/23 07:30:10.600   3509421.9082    779115.3404   5250974.7233   2   5   1.2030   0.4152   1.1231   0.2182   0.4266   0.4015  -0.40    0.0
2026/04/23 07:30:10.700   3509421.8726    779115.4478   5250974.7518   2   5   1.1941   0.4128   1.1171   0.2167   0.4240   0.4024  -0.30    0.0
2026/04/23 07:30:10.800   3509421.8420    779115.5591   5250974.7851   2   5   1.1855   0.4104   1.1112   0.2153   0.4213   0.4033  -0.20    0.0
2026/04/23 07:30:10.900   3509421.8015    779115.6649   5250974.8238   2   5   1.1770   0.4080   1.1054   0.2139   0.4188   0.4041  -0.10    0.0
2026/04/23 07:30:11.000   3509421.7687    779115.7775   5250974.8519   2   5   1.1687   0.4057   1.0997   0.2126   0.4162   0.4048   0.00    0.0
2026/04/23 07:30:11.100   3509421.7315    779115.8900   5250974.8839   2   5   1.1606   0.4035   1.0941   0.2112   0.4137   0.4054   0.10    0.0
2026/04/23 07:30:11.200   3509421.7127    779116.0026   5250974.9065   2   5   1.1527   0.4012   1.0885   0.2099   0.4113   0.4060   0.20    0.0
2026/04/23 07:30:11.300   3509421.6855    779116.1127   5250974.9429   2   5   1.1449   0.3991   1.0831   0.2086   0.4089   0.4064   0.30    0.0
2026/04/23 07:30:11.400   3509421.6481    779116.2188   5250974.9791   2   5   1.1373   0.3969   1.0777   0.2074   0.4065   0.4068   0.40    0.0
2026/04/23 07:30:11.500   3509421.6169    779116.3230   5250975.0088   2   5   1.1299   0.3948   1.0724   0.2061   0.4042   0.4072  -0.50    0.0
2026/04/23 07:30:11.600   3509421.5908    779116.4307   5250975.0361   2   5   1.1225   0.3927   1.0672   0.2049   0.4019   0.4074  -0.40    0.0
2026/04/23 07:30:11.700   3509421.5577    779116.5416   5250975.0654   2   5   1.1154   0.3906   1.0621   0.2037   0.3996   0.4077  -0.30    0.0
2026/04/23 07:30:11.800   3509421.5341    779116.6469   5250975.0900   2   5   1.1083   0.3886   1.0571   0.2026   0.3974   0.4078  -0.20    0.0
2026/04/23 07:30:11.900   3509421.4970    779116.7563   5250975.1222   2   5   1.1014   0.3866   1.0521   0.2015   0.3952   0.4079  -0.10    0.0
2026/04/23 07:30:12.000   3509421.4598    779116.8628   5250975.1476   2   5   1.0947   0.3847   1.0472   0.2003   0.3931   0.4080   0.00    0.0
2026/04/23 07:30:12.100   3509421.4245    779116.9690   5250975.1745   2   5   1.0880   0.3827   1.0424   0.1992   0.3910   0.4080   0.10    0.0
2026/04/23 07:30:12.200   3509421.3877    779117.0747   5250975.2045   2   5   1.0815   0.3808   1.0376   0.1981   0.3889   0.4079   0.20    0.0
2026/04/23 07:30:12.300   3509421.3421    779117.1804   5250975.2406   2   6   1.0751   0.3789   1.0329   0.1970   0.3869   0.4079   0.30    0.0
2026/04/23 07:30:12.400   3509421.3131    779117.2805   5250975.2665   2   6   1.0687   0.3771   1.0283   0.1958   0.3849   0.4078   0.40    0.0
2026/04/23 07:30:12.500   3509421.2760    779117.3808   5250975.2944   2   6   1.0626   0.3753   1.0238   0.1948   0.3829   0.4076  -0.50    0.0
2026/04/23 07:30:12.600   3509421.2425    779117.4794   5250975.3189   2   6   1.0566   0.3735   1.0193   0.1937   0.3810   0.4073  -0.40    0.0
2026/04/23 07:30:12.700   3509421.2284    779117.5775   5250975.3363   2   6   1.0506   0.3717   1.0149   0.1927   0.3790   0.4071  -0.30    0.0
2026/04/23 07:30:12.800   3509421.2141    779117.6780   5250975.3519   2   6   1.0448   0.3699   1.0105   0.1917   0.3772   0.4068  -0.20    0.0
2026/04/23 07:30:12.900   3509421.2027    779117.7720   5250975.3615   2   6   1.0390   0.3682   1.0062   0.1907   0.3753   0.4065  -0.10    0.0
2026/04/23 07:30:13.000   3509421.1741    779117.8613   5250975.3754   2   6   1.0334   0.3665   1.0020   0.1897   0.3735   0.4061   0.00    0.0
2026/04/23 07:30:13.100   3509421.1422    779117.9448   5250975.3863   2   6   1.0279   0.3649   0.9978   0.1888   0.3717   0.4057   0.10    0.0
2026/04/23 07:30:13.200   3509421.1299    779118.0457   5250975.3847   2   6   1.0224   0.3632   0.9936   0.1878   0.3699   0.4053   0.20    0.0
2026/04/23 07:30:13.300   3509421.1227    779118.1454   5250975.3848   2   6   1.0170   0.3616   0.9895   0.1869   0.3681   0.4049   0.30    0.0
2026/04/23 07:30:13.400   3509421.1027    779118.2380   5250975.3922   2   6   1.0118   0.3600   0.9855   0.1860   0.3664   0.4045   0.40    0.0
2026/04/23 07:30:13.500   3509421.0786    779118.3184   5250975.4095   2   6   1.0066   0.3584   0.9815   0.1850   0.3647   0.4041  -0.50    0.0
2026/04/23 07:30:13.600   3509421.0604    779118.3885   5250975.4178   2   6   1.0014   0.3568   0.9775   0.1842   0.3630   0.4036  -0.40    0.0
2026/04/23 07:30:13.700   3509421.0384    779118.4568   5250975.4254   2   6   0.9964   0.3553   0.9737   0.1833   0.3613   0.4032  -0.30    0.0
2026/04/23 07:30:13.800   3509421.0204    779118.5251   5250975.4309   2   6   0.9914   0.3538   0.9698   0.1824   0.3597   0.4027  -0.20    0.0
2026/04/23 07:30:13.900   3509420.9872    779118.5902   5250975.4524   2   6   0.9866   0.3523   0.9660   0.1816   0.3581   0.4022  -0.10    0.0
2026/04/23 07:30:14.000   3509420.9489    779118.6739   5250975.4824   2   6   0.9817   0.3508   0.9622   0.1807   0.3565   0.4017   0.00    0.0
2026/04/23 07:30:14.100   3509420.9087    779118.7666   5250975.5214   2   6   0.9770   0.3493   0.9585   0.1799   0.3549   0.4012   0.10    0.0
2026/04/23 07:30:14.200   3509420.8730    779118.8643   5250975.5524   2   6   0.9723   0.3479   0.9548   0.1791   0.3533   0.4007   0.20    0.0
2026/04/23 07:30:14.300   3509420.8459    779118.9655   5250975.5771   2   6   0.9677   0.3464   0.9512   0.1783   0.3518   0.4001   0.30    0.0
2026/04/23 07:30:14.400   3509420.8053    779119.0658   5250975.6127   2   6   0.9632   0.3450   0.9476   0.1775   0.3503   0.3996   0.40    0.0
2026/04/23 07:30:14.500   3509420.7772    779119.1687   5250975.6389   2   6   0.9587   0.3436   0.9440   0.1768   0.3488   0.3991  -0.50    0.0
2026/04/23 07:30:14.600   3509420.7495    779119.2794   5250975.6670   2   6   0.9543   0.3422   0.9405   0.1760   0.3473   0.3985  -0.40    0.0
2026/04/23 07:30:14.700   3509420.7326    779119.3955   5250975.6890   2   6   0.9499   0.3409   0.9370   0.1752   0.3458   0.3980  -0.30    0.0
2026/04/23 07:30:14.800   3509420.7191    779119.5122   5250975.7078   2   6   0.9456   0.3395   0.9336   0.1745   0.3444   0.3974  -0.20    0.0
2026/04/23 07:30:14.900   3509420.7016    779119.6265   5250975.7343   2   6   0.9414   0.3382   0.9302   0.1738   0.3429   0.3968  -0.10    0.0
2026/04/23 07:30:15.000   3509420.6821    779119.7375   5250975.7509   2   6   0.9372   0.3369   0.9268   0.1730   0.3415   0.3963   0.00    0.0
2026/04/23 07:30:15.100   3509420.6585    779119.8527   5250975.7739   2   6   0.9331   0.3356   0.9235   0.1723   0.3401   0.3957   0.10    0.0
2026/04/23 07:30:15.200   3509420.6381    779119.9627   5250975.7943   2   6   0.9290   0.3343   0.9202   0.1716   0.3388   0.3951   0.20    0.0
2026/04/23 07:30:15.300   3509420.6186    779120.0707   5250975.8126   2   6   0.9250   0.3330   0.9169   0.1709   0.3374   0.3945   0.30    0.0
2026/04/23 07:30:15.400   3509420.5960    779120.1729   5250975.8345   2   6   0.9211   0.3318   0.9137   0.1703   0.3360   0.3939   0.40    0.0
2026/04/23 07:30:15.500   3509420.5749    779120.2788   5250975.8554   2   6   0.9171   0.3305   0.9105   0.1696   0.3347   0.3933  -0.50    0.0
2026/04/23 07:30:15.600   3509420.5479    779120.3806   5250975.8816   2   6   0.9133   0.3293   0.9073   0.1689   0.3334   0.3927  -0.40    0.0
2026/04/23 07:30:15.700   3509420.5224    779120.4807   5250975.9080   2   6   0.9095   0.3281   0.9042   0.1683   0.3321   0.3921  -0.30    0.0
2026/04/23 07:30:15.800   3509420.4949    779120.5834   5250975.9284   2   6   0.9057   0.3269   0.9011   0.1676   0.3308   0.3915  -0.20    0.0
2026/04/23 07:30:15.900   3509420.4611    779120.6883   5250975.9581   2   6   0.9020   0.3257   0.8980   0.1670   0.3295   0.3909  -0.10    0.0
2026/04/23 07:30:16.000   3509420.4270    779120.7926   5250975.9886   2   6   0.8983   0.3245   0.8949   0.1664   0.3283   0.3903   0.00    0.0
2026/04/23 07:30:16.100   3509420.3979    779120.8970   5250976.0119   2   6   0.8947   0.3234   0.8919   0.1657   0.3270   0.3897   0.10    0.0
2026/04/23 07:30:16.200   3509420.3743    779121.0029   5250976.0334   2   6   0.8911   0.3222   0.8889   0.1651   0.3258   0.3891   0.20    0.0
2026/04/23 07:30:16.300   3509420.3438    779121.1095   5250976.0599   2   6   0.8876   0.3211   0.8860   0.1645   0.3245   0.3885   0.30    0.0
2026/04/23 07:30:16.400   3509420.3130    779121.2169   5250976.0828   2   6   0.8841   0.3199   0.8830   0.1639   0.3233   0.3879   0.40    0.0
2026/04/23 07:30:16.500   3509420.2766    779121.3254   5250976.1099   2   6   0.8806   0.3188   0.8801   0.1633   0.3221   0.3873  -0.50    0.0
2026/04/23 07:30:16.600   3509420.2457    779121.4375   5250976.1276   2   6   0.8772   0.3177   0.8773   0.1628   0.3210   0.3867  -0.40    0.0
2026/04/23 07:30:16.700   3509420.2187    779121.5480   5250976.1403   2   6   0.8738   0.3166   0.8744   0.1622   0.3198   0.3861  -0.30    0.0
2026/04/23 07:30:16.800   3509420.1909    779121.6569   5250976.1576   2   6   0.8705   0.3155   0.8716   0.1616   0.3186   0.3855  -0.20    0.0
2026/04/23 07:30:16.900   3509420.1616    779121.7627   5250976.1727   2   6   0.8672   0.3145   0.8688   0.1611   0.3175   0.3849  -0.10    0.0
2026/04/23 07:30:17.000   3509420.1285    779121.8701   5250976.1938   2   6   0.8639   0.3134   0.8660   0.1605   0.3163   0.3843   0.00    0.0
2026/04/23 07:30:17.100   3509420.0957    779121.9795   5250976.2109   2   6   0.8607   0.3124   0.8633   0.1600   0.3152   0.3837   0.10    0.0
2026/04/23 07:30:17.200   3509420.0720    779122.0867   5250976.2182   2   6   0.8575   0.3113   0.8605   0.1594   0.3141   0.3831   0.20    0.0
2026/04/23 07:30:17.300   3509420.0439    779122.1969   5250976.2339   2   6   0.8543   0.3103   0.8578   0.1589   0.3130   0.3825   0.30    0.0
2026/04/23 07:30:17.400   3509420.0180    779122.3023   5250976.2436   2   6   0.8512   0.3093   0.8552   0.1584   0.3119   0.3819   0.40    0.0
2026/04/23 07:30:17.500   3509419.9899    779122.4129   5250976.2590   2   6   0.8481   0.3083   0.8525   0.1579   0.3108   0.3813  -0.50    0.0
2026/04/23 07:30:17.600   3509419.9684    779122.5244   5250976.2646   2   6   0.8451   0.3073   0.8499   0.1573   0.3097   0.3807  -0.40    0.0
2026/04/23 07:30:17.700   3509419.9459    779122.6391   5250976.2745   2   6   0.8420   0.3063   0.8473   0.1568   0.3087   0.3801  -0.30    0.0
2026/04/23 07:30:17.800   3509419.9222    779122.7485   5250976.2891   2   6   0.8391   0.3053   0.8447   0.1563   0.3076   0.3795  -0.20    0.0
2026/04/23 07:30:17.900   3509419.8939    779122.8610   5250976.3101   2   6   0.8361   0.3043   0.8421   0.1559   0.3066   0.3789  -0.10    0.0
2026/04/23 07:30:18.000   3509419.8640    779122.9742   5250976.3277   2   6   0.8332   0.3034   0.8396   0.1554   0.3055   0.3783   0.00    0.0
2026/04/23 07:30:18.100   3509419.8446    779123.0840   5250976.3445   2   6   0.8303   0.3024   0.8370   0.1549   0.3045   0.3778   0.10    0.0
2026/04/23 07:30:18.200   3509419.8248    779123.1948   5250976.3582   2   6   0.8274   0.3015   0.8345   0.1544   0.3035   0.3772   0.20    0.0
2026/04/23 07:30:18.300   3509419.8050    779123.3046   5250976.3682   2   6   0.8246   0.3005   0.8321   0.1539   0.3025   0.3766   0.30    0.0
2026/04/23 07:30:18.400   3509419.7866    779123.4189   5250976.3776   2   6   0.8217   0.2996   0.8296   0.1535   0.3015   0.3760   0.40    0.0
2026/04/23 07:30:18.500   3509419.7676    779123.5329   5250976.3848   2   6   0.8190   0.2987   0.8271   0.1530   0.3005   0.3754  -0.50    0.0
2026/04/23 07:30:18.600   3509419.7520    779123.6443   5250976.3924   2   6   0.8162   0.2978   0.8247   0.1526   0.2995   0.3749  -0.40    0.0
2026/04/23 07:30:18.700   3509419.7382    779123.7556   5250976.3934   2   6   0.8135   0.2969   0.8223   0.1521   0.2985   0.3743  -0.30    0.0
2026/04/23 07:30:18.800   3509419.7194    779123.8671   5250976.4013   2   6   0.8108   0.2960   0.8199   0.1517   0.2976   0.3737  -0.20    0.0
2026/04/23 07:30:18.900   3509419.6975    779123.9765   5250976.4105   2   6   0.8081   0.2951   0.8176   0.1513   0.2966   0.3732  -0.10    0.0
2026/04/23 07:30:19.000   3509419.6742    779124.0868   5250976.4198   2   6   0.8055   0.2942   0.8152   0.1508   0.2957   0.3726   0.00    0.0
2026/04/23 07:30:19.100   3509419.6543    779124.1943   5250976.4256   2   6   0.8028   0.2933   0.8129   0.1504   0.2947   0.3720   0.10    0.0
2026/04/23 07:30:19.200   3509419.6327    779124.3041   5250976.4362   2   6   0.8002   0.2925   0.8106   0.1500   0.2938   0.3715   0.20    0.0
2026/04/23 07:30:19.300   3509419.6100    779124.4098   5250976.4410   2   6   0.7977   0.2916   0.8083   0.1496   0.2929   0.3709   0.30    0.0
2026/04/23 07:30:19.400   3509419.5816    779124.5148   5250976.4556   2   6   0.7951   0.2908   0.8060   0.1492   0.2920   0.3704   0.40    0.0
2026/04/23 07:30:19.500   3509419.5544    779124.6223   5250976.4637   2   6   0.7926   0.2899   0.8037   0.1488   0.2911   0.3698  -0.50    0.0
2026/04/23 07:30:19.600   3509419.5323    779124.7360   5250976.4682   2   6   0.7901   0.2891   0.8015   0.1484   0.2902   0.3693  -0.40    0.0
2026/04/23 07:30:19.700   3509419.5055    779124.8517   5250976.4772   2   6   0.7876   0.2883   0.7993   0.1480   0.2893   0.3687  -0.30    0.0
2026/04/23 07:30:19.800   3509419.4853    779124.9656   5250976.4830   2   6   0.7852   0.2874   0.7970   0.1476   0.2884   0.3682  -0.20    0.0
2026/04/23 07:30:19.900   3509419.4664    779125.0798   5250976.4875   2   6   0.7827   0.2866   0.7948   0.1472   0.2875   0.3676  -0.10    0.0
2026/04/23 07:30:20.000   3509419.4439    779125.1968   5250976.4873   2   6   0.7803   0.2858   0.7927   0.1468   0.2866   0.3671   0.00    0.0
2026/04/23 07:30:20.100   3509419.4282    779125.3104   5250976.4833   2   6   0.7779   0.2850   0.7905   0.1464   0.2858   0.3666   0.10    0.0
2026/04/23 07:30:20.200   3509419.4073    779125.4271   5250976.4856   2   6   0.7755   0.2842   0.7884   0.1460   0.2849   0.3660   0.20    0.0
2026/04/23 07:30:20.300   3509419.3819    779125.5380   5250976.4905   2   6   0.7732   0.2834   0.7862   0.1457   0.2840   0.3655   0.30    0.0
2026/04/23 07:30:20.400   3509419.3598    779125.6482   5250976.4939   2   6   0.7709   0.2827   0.7841   0.1453   0.2832   0.3650   0.40    0.0
2026/04/23 07:30:20.500   3509419.3421    779125.7613   5250976.4890   2   6   0.7686   0.2819   0.7820   0.1449   0.2824   0.3644  -0.50    0.0
2026/04/23 07:30:20.600   3509419.3258    779125.8772   5250976.4865   2   6   0.7663   0.2811   0.7799   0.1446   0.2815   0.3639  -0.40    0.0
2026/04/23 07:30:20.700   3509419.3037    779125.9906   5250976.4872   2   6   0.7640   0.2804   0.7778   0.1442   0.2807   0.3634  -0.30    0.0
2026/04/23 07:30:20.800   3509419.2862    779126.1053   5250976.4895   2   6   0.7618   0.2796   0.7758   0.1439   0.2799   0.3629  -0.20    0.0
2026/04/23 07:30:20.900   3509419.2645    779126.2197   5250976.4906   2   6   0.7595   0.2788   0.7737   0.1435   0.2791   0.3624  -0.10    0.0
2026/04/23 07:30:21.000   3509419.2380    779126.3281   5250976.4947   2   6   0.7573   0.2781   0.7717   0.1432   0.2783   0.3619   0.00    0.0
2026/04/23 07:30:21.100   3509419.2115    779126.4380   5250976.4929   2   6   0.7551   0.2774   0.7697   0.1429   0.2775   0.3614   0.10    0.0
2026/04/23 07:30:21.200   3509419.1813    779126.5443   5250976.4937   2   6   0.7530   0.2766   0.7677   0.1425   0.2767   0.3609   0.20    0.0
2026/04/23 07:30:21.300   3509419.1475    779126.6651   5250976.4877   2   6   0.7508   0.2759   0.7657   0.1422   0.2759   0.3604   0.30    0.0
2026/04/23 07:30:21.400   3509419.1095    779126.8043   5250976.4871   2   6   0.7487   0.2752   0.7637   0.1419   0.2751   0.3599   0.40    0.0
2026/04/23 07:30:21.500   3509419.0756    779126.9556   5250976.4801   2   6   0.7465   0.2745   0.7617   0.1415   0.2743   0.3594  -0.50    0.0
2026/04/23 07:30:21.600   3509419.0365    779127.1084   5250976.4752   2   6   0.7444   0.2738   0.7598   0.1412   0.2735   0.3589  -0.40    0.0
2026/04/23 07:30:21.700   3509418.9909    779127.2555   5250976.4847   2   6   0.7424   0.2730   0.7578   0.1409   0.2728   0.3584  -0.30    0.0
2026/04/23 07:30:21.800   3509418.9483    779127.4041   5250976.4861   2   6   0.7403   0.2723   0.7559   0.1406   0.2720   0.3579  -0.20    0.0
2026/04/23 07:30:21.900   3509418.8983    779127.5561   5250976.4980   2   6   0.7382   0.2716   0.7540   0.1403   0.2713   0.3574  -0.10    0.0
2026/04/23 07:30:22.000   3509418.8524    779127.7111   5250976.5032   2   6   0.7362   0.2710   0.7521   0.1400   0.2705   0.3569   0.00    0.0
2026/04/23 07:30:22.100   3509418.8089    779127.8662   5250976.5087   2   6   0.7342   0.2703   0.7502   0.1397   0.2698   0.3565   0.10    0.0
2026/04/23 07:30:22.200   3509418.7624    779128.0175   5250976.5108   2   6   0.7322   0.2696   0.7483   0.1394   0.2690   0.3560   0.20    0.0
2026/04/23 07:30:22.300   3509418.7146    779128.1668   5250976.5196   2   6   0.7302   0.2689   0.7464   0.1391   0.2683   0.3555   0.30    0.0
2026/04/23 07:30:22.400   3509418.6655    779128.3071   5250976.5283   2   6   0.7282   0.2682   0.7446   0.1388   0.2676   0.3550   0.40    0.0
2026/04/23 07:30:22.500   3509418.6225    779128.4484   5250976.5325   2   6   0.7263   0.2676   0.7427   0.1385   0.2668   0.3546  -0.50    0.0
2026/04/23 07:30:22.600   3509418.5852    779128.5912   5250976.5298   2   6   0.7243   0.2669   0.7409   0.1382   0.2661   0.3541  -0.40    0.0
2026/04/23 07:30:22.700   3509418.5378    779128.7373   5250976.5387   2   6   0.7224   0.2663   0.7391   0.1379   0.2654   0.3537  -0.30    0.0
2026/04/23 07:30:22.800   3509418.5398    779128.8779   5250976.5508   2   6   0.7181   0.2656   0.7373   0.1383   0.2647   0.3528  -0.20    0.0
2026/04/23 07:30:22.900   3509418.5452    779129.0132   5250976.5699   2   6   0.7138   0.2649   0.7355   0.1386   0.2640   0.3520  -0.10    0.0
2026/04/23 07:30:23.000   3509418.5544    779129.1492   5250976.5783   2   6   0.7097   0.2643   0.7336   0.1388   0.2633   0.3512   0.00    0.0
2026/04/23 07:30:23.100   3509418.5696    779129.2911   5250976.5759   2   6   0.7056   0.2636   0.7319   0.1391   0.2627   0.3503   0.10    0.0
2026/04/23 07:30:23.200   3509418.5872    779129.4345   5250976.5815   2   7   0.7014   0.2630   0.7301   0.1394   0.2620   0.3495   0.20    0.0
2026/04/23 07:30:23.300   3509418.5991    779129.5800   5250976.5825   2   7   0.6974   0.2623   0.7283   0.1397   0.2613   0.3487   0.30    0.0
2026/04/23 07:30:23.400   3509418.6221    779129.7307   5250976.5752   2   7   0.6935   0.2617   0.7265   0.1399   0.2607   0.3480   0.40    0.0
2026/04/23 07:30:23.500   3509418.6423    779129.8840   5250976.5723   2   7   0.6897   0.2611   0.7248   0.1401   0.2600   0.3472  -0.50    0.0
2026/04/23 07:30:23.600   3509418.6628    779130.0391   5250976.5730   2   7   0.6860   0.2604   0.7230   0.1403   0.2594   0.3464  -0.40    0.0
2026/04/23 07:30:23.700   3509418.6883    779130.1892   5250976.5706   2   7   0.6823   0.2598   0.7213   0.1405   0.2587   0.3456  -0.30    0.0
2026/04/23 07:30:23.800   3509418.7038    779130.3270   5250976.5704   2   7   0.6787   0.2592   0.7196   0.1406   0.2581   0.3449  -0.20    0.0
2026/04/23 07:30:23.900   3509418.7172    779130.4649   5250976.5700   2   7   0.6751   0.2586   0.7179   0.1408   0.2574   0.3441  -0.10    0.0
2026/04/23 07:30:24.000   3509418.7370    779130.6003   5250976.5696   2   7   0.6716   0.2580   0.7162   0.1410   0.2568   0.3433   0.00    0.0
2026/04/23 07:30:24.100   3509418.7561    779130.7385   5250976.5680   2   7   0.6681   0.2574   0.7145   0.1411   0.2562   0.3426   0.10    0.0
2026/04/23 07:30:24.200   3509418.7681    779130.8791   5250976.5723   2   7   0.6647   0.2568   0.7128   0.1412   0.2555   0.3419   0.20    0.0
2026/04/23 07:30:24.300   3509418.7843    779131.0217   5250976.5809   2   7   0.6613   0.2562   0.7111   0.1413   0.2549   0.3411   0.30    0.0
2026/04/23 07:30:24.400   3509418.7985    779131.1630   5250976.5850   2   7   0.6580   0.2556   0.7094   0.1414   0.2543   0.3404   0.40    0.0
2026/04/23 07:30:24.500   3509418.8131    779131.3009   5250976.5862   2   7   0.6548   0.2550   0.7078   0.1415   0.2537   0.3397  -0.50    0.0
2026/04/23 07:30:24.600   3509418.8329    779131.4407   5250976.5865   2   7   0.6516   0.2544   0.7061   0.1416   0.2530   0.3389  -0.40    0.0
2026/04/23 07:30:24.700   3509418.8456    779131.5813   5250976.5877   2   7   0.6484   0.2538   0.7045   0.1417   0.2524   0.3382  -0.30    0.0
2026/04/23 07:30:24.800   3509418.8610    779131.7299   5250976.5831   2   7   0.6453   0.2532   0.7028   0.1418   0.2518   0.3375  -0.20    0.0
2026/04/23 07:30:24.900   3509418.8782    779131.8820   5250976.5693   2   7   0.6423   0.2527   0.7012   0.1418   0.2512   0.3368  -0.10    0.0
2026/04/23 07:30:25.000   3509418.8948    779132.0278   5250976.5711   2   7   0.6393   0.2521   0.6996   0.1419   0.2506   0.3361   0.00    0.0
2026/04/23 07:30:25.100   3509418.9169    779132.1736   5250976.5650   2   7   0.6363   0.2515   0.6980   0.1419   0.2500   0.3354   0.10    0.0
2026/04/23 07:30:25.200   3509418.9394    779132.3146   5250976.5546   2   7   0.6334   0.2510   0.6964   0.1420   0.2494   0.3347   0.20    0.0
2026/04/23 07:30:25.300   3509418.9707    779132.4593   5250976.5391   2   7   0.6305   0.2504   0.6948   0.1420   0.2488   0.3340   0.30    0.0
2026/04/23 07:30:25.400   3509418.9972    779132.6021   5250976.5175   2   7   0.6276   0.2499   0.6932   0.1420   0.2482   0.3334   0.40    0.0
2026/04/23 07:30:25.500   3509419.0209    779132.7453   5250976.5041   2   7   0.6248   0.2493   0.6916   0.1420   0.2476   0.3327  -0.50    0.0
2026/04/23 07:30:25.600   3509419.0408    779132.8921   5250976.4921   2   7   0.6220   0.2488   0.6900   0.1421   0.2470   0.3320  -0.40    0.0
2026/04/23 07:30:25.700   3509419.0624    779133.0417   5250976.4841   2   7   0.6193   0.2482   0.6884   0.1421   0.2464   0.3313  -0.30    0.0
2026/04/23 07:30:25.800   3509419.0827    779133.1893   5250976.4779   2   7   0.6166   0.2477   0.6868   0.1421   0.2458   0.3307  -0.20    0.0
2026/04/23 07:30:25.900   3509419.0979    779133.3322   5250976.4728   2   7   0.6139   0.2471   0.6853   0.1421   0.2453   0.3300  -0.10    0.0
2026/04/23 07:30:26.000   3509419.1120    779133.4770   5250976.4709   2   7   0.6113   0.2466   0.6837   0.1421   0.2447   0.3294   0.00    0.0
2026/04/23 07:30:26.100   3509419.1360    779133.6177   5250976.4590   2   7   0.6087   0.2461   0.6822   0.1420   0.2441   0.3287   0.10    0.0
2026/04/23 07:30:26.200   3509419.1586    779133.7537   5250976.4539   2   7   0.6061   0.2455   0.6806   0.1420   0.2435   0.3281   0.20    0.0
2026/04/23 07:30:26.300   3509419.1838    779133.8881   5250976.4507   2   7   0.6036   0.2450   0.6791   0.1420   0.2430   0.3274   0.30    0.0
2026/04/23 07:30:26.400   3509419.2088    779134.0319   5250976.4379   2   7   0.6011   0.2445   0.6776   0.1420   0.2424   0.3268   0.40    0.0
2026/04/23 07:30:26.500   3509419.2330    779134.1754   5250976.4216   2   7   0.5987   0.2440   0.6760   0.1420   0.2418   0.3262  -0.50    0.0
2026/04/23 07:30:26.600   3509419.2573    779134.3275   5250976.4121   2   7   0.5962   0.2435   0.6745   0.1419   0.2413   0.3255  -0.40    0.0
2026/04/23 07:30:26.700   3509419.2804    779134.4807   5250976.3991   2   7   0.5938   0.2429   0.6730   0.1419   0.2407   0.3249  -0.30    0.0
2026/04/23 07:30:26.800   3509419.3025    779134.6318   5250976.3964   2   7   0.5914   0.2424   0.6715   0.1418   0.2401   0.3243  -0.20    0.0
2026/04/23 07:30:26.900   3509419.3176    779134.7758   5250976.3961   2   7   0.5891   0.2419   0.6700   0.1418   0.2396   0.3237  -0.10    0.0
2026/04/23 07:30:27.000   3509419.3362    779134.9153   5250976.3872   2   7   0.5868   0.2414   0.6685   0.1418   0.2390   0.3231   0.00    0.0
2026/04/23 07:30:27.100   3509419.3490    779135.0576   5250976.3886   2   7   0.5845   0.2409   0.6670   0.1417   0.2385   0.3224   0.10    0.0
2026/04/23 07:30:27.200   3509419.3618    779135.2042   5250976.3860   2   7   0.5822   0.2404   0.6656   0.1417   0.2379   0.3218   0.20    0.0
2026/04/23 07:30:27.300   3509419.3742    779135.3511   5250976.3785   2   7   0.5800   0.2399   0.6641   0.1416   0.2374   0.3212   0.30    0.0
2026/04/23 07:30:27.400   3509419.3794    779135.4972   5250976.3808   2   7   0.5777   0.2394   0.6626   0.1415   0.2368   0.3206   0.40    0.0
2026/04/23 07:30:27.500   3509419.3865    779135.6431   5250976.3793   2   7   0.5754   0.2389   0.6602   0.1416   0.2361   0.3207  -0.50    0.0
2026/04/23 07:30:27.600   3509419.3941    779135.7897   5250976.3721   2   7   0.5731   0.2384   0.6578   0.1416   0.2353   0.3208  -0.40    0.0
2026/04/23 07:30:27.700   3509419.3984    779135.9339   5250976.3769   2   7   0.5709   0.2379   0.6554   0.1417   0.2346   0.3208  -0.30    0.0
2026/04/23 07:30:27.800   3509419.3963    779136.0766   5250976.3823   2   7   0.5687   0.2375   0.6530   0.1417   0.2339   0.3208  -0.20    0.0
2026/04/23 07:30:27.900   3509419.3993    779136.2221   5250976.3885   2   8   0.5665   0.2370   0.6506   0.1417   0.2332   0.3209  -0.10    0.0
2026/04/23 07:30:28.000   3509419.4057    779136.3643   5250976.3939   2   8   0.5643   0.2365   0.6483   0.1417   0.2325   0.3208   0.00    0.0
2026/04/23 07:30:28.100   3509419.4055    779136.5031   5250976.3934   2   8   0.5621   0.2360   0.6460   0.1417   0.2318   0.3208   0.10    0.0
2026/04/23 07:30:28.200   3509419.4076    779136.6434   5250976.3925   2   8   0.5600   0.2355   0.6438   0.1417   0.2311   0.3208   0.20    0.0
2026/04/23 07:30:28.300   3509419.4233    779136.7920   5250976.3808   2   8   0.5579   0.2350   0.6415   0.1417   0.2304   0.3207   0.30    0.0
2026/04/23 07:30:28.400   3509419.4434    779136.9483   5250976.3760   2   8   0.5559   0.2346   0.6393   0.1417   0.2297   0.3206   0.40    0.0
2026/04/23 07:30:28.500   3509419.4611    779137.1058   5250976.3679   2   8   0.5538   0.2341   0.6371   0.1417   0.2290   0.3205  -0.50    0.0
2026/04/23 07:30:28.600   3509419.4795    779137.2624   5250976.3587   2   8   0.5518   0.2336   0.6349   0.1417   0.2283   0.3204  -0.40    0.0
2026/04/23 07:30:28.700   3509419.4974    779137.4113   5250976.3478   2   8   0.5498   0.2331   0.6327   0.1416   0.2277   0.3203  -0.30    0.0
2026/04/23 07:30:28.800   3509419.5142    779137.5493   5250976.3495   2   8   0.5478   0.2327   0.6306   0.1416   0.2270   0.3201  -0.20    0.0
2026/04/23 07:30:28.900   3509419.5293    779137.6814   5250976.3383   2   8   0.5459   0.2322   0.6285   0.1416   0.2264   0.3200  -0.10    1.1
2026/04/23 07:30:29.000   3509419.5475    779137.8176   5250976.3259   2   8   0.5439   0.2318   0.6264   0.1415   0.2257   0.3198   0.00    1.1
2026/04/23 07:30:29.100   3509419.5684    779137.9585   5250976.3101   2   8   0.5420   0.2313   0.6243   0.1415   0.2251   0.3197   0.10    1.1
2026/04/23 07:30:29.200   3509419.5894    779138.1035   5250976.3006   2   8   0.5401   0.2309   0.6222   0.1414   0.2244   0.3195   0.20    1.0
2026/04/23 07:30:29.300   3509419.6070    779138.2411   5250976.3017   2   8   0.5383   0.2304   0.6202   0.1414   0.2238   0.3193   0.30    1.0
2026/04/23 07:30:29.400   3509419.6253    779138.3818   5250976.2948   2   8   0.5364   0.2299   0.6181   0.1413   0.2232   0.3191   0.40    1.0
2026/04/23 07:30:29.500   3509419.6373    779138.5198   5250976.2877   2   8   0.5346   0.2295   0.6161   0.1413   0.2225   0.3189  -0.50    1.0
2026/04/23 07:30:29.600   3509419.6580    779138.6665   5250976.2838   2   8   0.5328   0.2291   0.6141   0.1412   0.2219   0.3186  -0.40    1.0
2026/04/23 07:30:29.700   3509419.6786    779138.8088   5250976.2724   2   8   0.5310   0.2286   0.6121   0.1411   0.2213   0.3184  -0.30    1.0
2026/04/23 07:30:29.800   3509419.7028    779138.9491   5250976.2646   2   8   0.5292   0.2282   0.6101   0.1411   0.2207   0.3182  -0.20    1.0
2026/04/23 07:30:29.900   3509419.7326    779139.0836   5250976.2513   2   8   0.5275   0.2277   0.6082   0.1410   0.2201   0.3179  -0.10    1.0
2026/04/23 07:30:30.000   3509419.7644    779139.2191   5250976.2354   2   8   0.5258   0.2273   0.6063   0.1409   0.2195   0.3177   0.00    1.0
2026/04/23 07:30:30.100   3509419.7872    779139.3506   5250976.2365   2   8   0.5241   0.2269   0.6043   0.1408   0.2189   0.3174   0.10    1.0
2026/04/23 07:30:30.200   3509419.8080    779139.4849   5250976.2277   2   8   0.5224   0.2264   0.6024   0.1407   0.2183   0.3171   0.20    1.1
2026/04/23 07:30:30.300   3509419.8319    779139.6266   5250976.2109   2   8   0.5207   0.2260   0.6005   0.1407   0.2177   0.3168   0.30    1.1
2026/04/23 07:30:30.400   3509419.8504    779139.7687   5250976.1909   2   8   0.5190   0.2256   0.5986   0.1406   0.2171   0.3165   0.40    1.1
2026/04/23 07:30:30.500   3509419.8744    779139.9026   5250976.1766   2   8   0.5174   0.2252   0.5968   0.1405   0.2165   0.3163  -0.50    1.1
2026/04/23 07:30:30.600   3509419.8887    779140.0411   5250976.1701   2   8   0.5157   0.2247   0.5949   0.1404   0.2159   0.3160  -0.40    1.1
2026/04/23 07:30:30.700   3509419.9025    779140.1766   5250976.1761   2   8   0.5141   0.2243   0.5931   0.1403   0.2153   0.3156  -0.30    1.1
2026/04/23 07:30:30.800   3509419.9136    779140.3156   5250976.1685   2   8   0.5125   0.2239   0.5912   0.1402   0.2147   0.3153  -0.20    1.1
2026/04/23 07:30:30.900   3509419.9156    779140.4475   5250976.1612   2   8   0.5109   0.2235   0.5894   0.1401   0.2142   0.3150  -0.10    1.1
2026/04/23 07:30:31.000   3509419.9199    779140.5746   5250976.1616   2   8   0.5094   0.2231   0.5876   0.1400   0.2136   0.3147   0.00    1.1
2026/04/23 07:30:31.100   3509419.9216    779140.6936   5250976.1667   2   8   0.5078   0.2227   0.5858   0.1399   0.2130   0.3144   0.10    1.1
2026/04/23 07:30:31.200   3509419.9246    779140.8007   5250976.1702   2   8   0.5063   0.2223   0.5840   0.1398   0.2124   0.3140   0.20    1.0
2026/04/23 07:30:31.300   3509419.9280    779140.9147   5250976.1726   2   8   0.5047   0.2219   0.5823   0.1397   0.2119   0.3137   0.30    1.0
2026/04/23 07:30:31.400   3509419.9379    779141.0336   5250976.1746   2   8   0.5032   0.2215   0.5805   0.1396   0.2113   0.3133   0.40    1.0
2026/04/23 07:30:31.500   3509419.9500    779141.1525   5250976.1739   2   8   0.5017   0.2211   0.5788   0.1394   0.2108   0.3130  -0.50    1.0
2026/04/23 07:30:31.600   3509419.9664    779141.2744   5250976.1651   2   8   0.5003   0.2207   0.5770   0.1393   0.2102   0.3126  -0.40    1.0
2026/04/23 07:30:31.700   3509419.9808    779141.3963   5250976.1567   2   8   0.4988   0.2203   0.5753   0.1392   0.2096   0.3123  -0.30    1.0
2026/04/23 07:30:31.800   3509419.9862    779141.5103   5250976.1500   2   8   0.4973   0.2199   0.5736   0.1391   0.2091   0.3119  -0.20    1.0
2026/04/23 07:30:31.900   3509419.9981    779141.6208   5250976.1403   2   8   0.4959   0.2195   0.5719   0.1390   0.2085   0.3116  -0.10    1.0
2026/04/23 07:30:32.000   3509420.0193    779141.7311   5250976.1309   2   8   0.4944   0.2191   0.5702   0.1388   0.2080   0.3112   0.00    1.0
2026/04/23 07:30:32.100   3509420.0318    779141.8366   5250976.1198   2   8   0.4930   0.2187   0.5685   0.1387   0.2074   0.3108   0.10    1.0
2026/04/23 07:30:32.200   3509420.0403    779141.9355   5250976.1153   2   8   0.4916   0.2183   0.5668   0.1386   0.2069   0.3104   0.20    1.0
2026/04/23 07:30:32.300   3509420.0548    779142.0353   5250976.1124   2   8   0.4902   0.2179   0.5651   0.1385   0.2064   0.3101   0.30    1.0
2026/04/23 07:30:32.400   3509420.0763    779142.1332   5250976.1105   2   8   0.4888   0.2175   0.5635   0.1383   0.2058   0.3097   0.40    1.0
2026/04/23 07:30:32.500   3509420.0937    779142.2369   5250976.1014   2   8   0.4875   0.2171   0.5618   0.1382   0.2053   0.3093  -0.50    1.0
2026/04/23 07:30:32.600   3509420.1083    779142.3486   5250976.0898   2   8   0.4861   0.2167   0.5602   0.1381   0.2048   0.3089  -0.40    1.0
2026/04/23 07:30:32.700   3509420.1301    779142.4625   5250976.0836   2   8   0.4847   0.2164   0.5585   0.1379   0.2042   0.3085  -0.30    1.0
2026/04/23 07:30:32.800   3509420.1477    779142.5795   5250976.0695   2   8   0.4834   0.2160   0.5569   0.1378   0.2037   0.3081  -0.20    1.0
2026/04/23 07:30:32.900   3509420.1630    779142.6858   5250976.0527   2   8   0.4821   0.2156   0.5553   0.1377   0.2032   0.3077  -0.10    1.0
2026/04/23 07:30:33.000   3509420.1786    779142.7913   5250976.0389   2   8   0.4808   0.2152   0.5537   0.1375   0.2026   0.3073   0.00    1.0
2026/04/23 07:30:33.100   3509420.1943    779142.8955   5250976.0218   2   8   0.4794   0.2149   0.5521   0.1374   0.2021   0.3069   0.10    1.0
2026/04/23 07:30:33.200   3509420.2058    779142.9969   5250976.0165   2   8   0.4782   0.2145   0.5505   0.1372   0.2016   0.3065   0.20    1.0
2026/04/23 07:30:33.300   3509420.2184    779143.1044   5250976.0090   2   8   0.4769   0.2141   0.5489   0.1371   0.2011   0.3061   0.30    1.0
2026/04/23 07:30:33.400   3509420.2327    779143.2054   5250975.9909   2   8   0.4756   0.2138   0.5473   0.1370   0.2006   0.3057   0.40    1.0
2026/04/23 07:30:33.500   3509420.2390    779143.3127   5250975.9813   2   8   0.4743   0.2134   0.5458   0.1368   0.2001   0.3052  -0.50    1.0
2026/04/23 07:30:33.600   3509420.2430    779143.4185   5250975.9797   2   8   0.4731   0.2130   0.5442   0.1367   0.1995   0.3048  -0.40    1.0
2026/04/23 07:30:33.700   3509420.2486    779143.5207   5250975.9662   2   8   0.4718   0.2127   0.5427   0.1365   0.1990   0.3044  -0.30    1.0
2026/04/23 07:30:33.800   3509420.2584    779143.6252   5250975.9467   2   8   0.4706   0.2123   0.5411   0.1364   0.1985   0.3040  -0.20    1.0
2026/04/23 07:30:33.900   3509420.2644    779143.7289   5250975.9303   2   8   0.4694   0.2119   0.5396   0.1362   0.1980   0.3036  -0.10    1.0
2026/04/23 07:30:34.000   3509420.2672    779143.8303   5250975.9156   2   8   0.4681   0.2116   0.5381   0.1361   0.1975   0.3031   0.00    1.0
2026/04/23 07:30:34.100   3509420.2698    779143.9272   5250975.9001   2   8   0.4669   0.2112   0.5365   0.1359   0.1970   0.3027   0.10    1.0
2026/04/23 07:30:34.200   3509420.2780    779144.0205   5250975.8879   2   8   0.4657   0.2109   0.5350   0.1358   0.1965   0.3023   0.20    1.0
2026/04/23 07:30:34.300   3509420.2826    779144.0963   5250975.8690   2   8   0.4645   0.2105   0.5335   0.1356   0.1960   0.3018   0.30    1.1
2026/04/23 07:30:34.400   3509420.2850    779144.1676   5250975.8464   2   8   0.4633   0.2101   0.5320   0.1355   0.1955   0.3014   0.40    1.1
2026/04/23 07:30:34.500   3509420.2921    779144.2385   5250975.8326   2   8   0.4622   0.2098   0.5305   0.1353   0.1950   0.3010  -0.50    1.1
2026/04/23 07:30:34.600   3509420.3030    779144.3084   5250975.8162   2   8   0.4610   0.2094   0.5291   0.1352   0.1945   0.3005  -0.40    1.1
2026/04/23 07:30:34.700   3509420.3078    779144.3713   5250975.8011   2   8   0.4598   0.2091   0.5276   0.1350   0.1940   0.3001  -0.30    1.1
2026/04/23 07:30:34.800   3509420.3129    779144.4269   5250975.7902   2   8   0.4587   0.2087   0.5261   0.1349   0.1935   0.2997  -0.20    1.1
2026/04/23 07:30:34.900   3509420.3157    779144.4747   5250975.7884   2   8   0.4576   0.2084   0.5246   0.1347   0.1930   0.2992  -0.10    1.1
2026/04/23 07:30:35.000   3509420.3217    779144.5146   5250975.7820   2   8   0.4564   0.2081   0.5232   0.1346   0.1925   0.2988   0.00    1.1
2026/04/23 07:30:35.100   3509420.3238    779144.5600   5250975.7837   2   8   0.4553   0.2077   0.5217   0.1344   0.1920   0.2983   0.10    1.1
2026/04/23 07:30:35.200   3509420.3276    779144.6261   5250975.7867   2   8   0.4542   0.2074   0.5203   0.1342   0.1916   0.2979   0.20    1.1
2026/04/23 07:30:35.300   3509420.3377    779144.6929   5250975.7782   2   8   0.4531   0.2070   0.5188   0.1341   0.1911   0.2975   0.30    1.1
2026/04/23 07:30:35.400   3509420.3388    779144.7694   5250975.7649   2   8   0.4520   0.2067   0.5174   0.1339   0.1906   0.2970   0.40    1.1
2026/04/23 07:30:35.500   3509420.3392    779144.8472   5250975.7562   2   8   0.4509   0.2064   0.5160   0.1338   0.1901   0.2966  -0.50    1.1
2026/04/23 07:30:35.600   3509420.3388    779144.9140   5250975.7440   2   8   0.4498   0.2060   0.5146   0.1336   0.1896   0.2961  -0.40    1.1
2026/04/23 07:30:35.700   3509420.3390    779144.9757   5250975.7350   2   8   0.4487   0.2057   0.5132   0.1334   0.1891   0.2957  -0.30    1.1
2026/04/23 07:30:35.800   3509420.3413    779145.0391   5250975.7290   2   8   0.4476   0.2054   0.5117   0.1333   0.1887   0.2952  -0.20    1.1
2026/04/23 07:30:35.900   3509420.3430    779145.1094   5250975.7221   2   8   0.4466   0.2050   0.5103   0.1331   0.1882   0.2948  -0.10    1.1
2026/04/23 07:30:36.000   3509420.3511    779145.1832   5250975.7139   2   8   0.4455   0.2047   0.5089   0.1330   0.1877   0.2943   0.00    1.1
2026/04/23 07:30:36.100   3509420.3506    779145.2567   5250975.7007   2   8   0.4444   0.2044   0.5075   0.1328   0.1872   0.2939   0.10    1.1
2026/04/23 07:30:36.200   3509420.3503    779145.3240   5250975.6935   2   8   0.4434   0.2040   0.5062   0.1326   0.1868   0.2934   0.20    1.1
2026/04/23 07:30:36.300   3509420.3503    779145.3913   5250975.6911   2   8   0.4424   0.2037   0.5048   0.1325   0.1863   0.2930   0.30    1.1
2026/04/23 07:30:36.400   3509420.3518    779145.4533   5250975.6857   2   8   0.4413   0.2034   0.5034   0.1323   0.1858   0.2925   0.40    1.1
2026/04/23 07:30:36.500   3509420.3567    779145.5210   5250975.6773   2   8   0.4403   0.2031   0.5020   0.1321   0.1853   0.2921  -0.50    1.1
2026/04/23 07:30:36.600   3509420.3532    779145.5882   5250975.6599   2   8   0.4393   0.2027   0.5007   0.1320   0.1849   0.2916  -0.40    1.1
2026/04/23 07:30:36.700   3509420.3525    779145.6551   5250975.6502   2   8   0.4383   0.2024   0.4993   0.1318   0.1844   0.2911  -0.30    1.1
2026/04/23 07:30:36.800   3509420.3556    779145.7241   5250975.6340   2   8   0.4373   0.2021   0.4980   0.1316   0.1839   0.2907  -0.20    1.1
2026/04/23 07:30:36.900   3509420.3584    779145.7879   5250975.6287   2   8   0.4363   0.2018   0.4966   0.1315   0.1835   0.2902  -0.10    1.1
2026/04/23 07:30:37.000   3509420.3628    779145.8525   5250975.6177   2   8   0.4353   0.2014   0.4953   0.1313   0.1830   0.2898   0.00    1.1
2026/04/23 07:30:37.100   3509420.3707    779145.9169   5250975.6033   2   8   0.4343   0.2011   0.4939   0.1311   0.1826   0.2893   0.10    1.1
2026/04/23 07:30:37.200   3509420.3760    779145.9827   5250975.5937   2   8   0.4333   0.2008   0.4926   0.1310   0.1821   0.2889   0.20    1.1
2026/04/23 07:30:37.300   3509420.3800    779146.0451   5250975.5792   2   8   0.4323   0.2005   0.4913   0.1308   0.1816   0.2884   0.30    1.1
2026/04/23 07:30:37.400   3509420.3875    779146.1091   5250975.5730   2   8   0.4314   0.2002   0.4900   0.1306   0.1812   0.2879   0.40    1.1
2026/04/23 07:30:37.500   3509420.3907    779146.1723   5250975.5666   2   8   0.4304   0.1999   0.4886   0.1305   0.1807   0.2875  -0.50    1.1
2026/04/23 07:30:37.600   3509420.3952    779146.2428   5250975.5560   2   8   0.4294   0.1996   0.4873   0.1303   0.1803   0.2870  -0.40    1.1
2026/04/23 07:30:37.700   3509420.4016    779146.3173   5250975.5516   2   8   0.4285   0.1992   0.4860   0.1301   0.1798   0.2866  -0.30    1.1
2026/04/23 07:30:37.800   3509420.4053    779146.3845   5250975.5458   2   8   0.4275   0.1989   0.4847   0.1299   0.1794   0.2861  -0.20    1.1
2026/04/23 07:30:37.900   3509420.4127    779146.4533   5250975.5311   2   8   0.4266   0.1986   0.4834   0.1298   0.1789   0.2856  -0.10    1.1
2026/04/23 07:30:38.000   3509420.4175    779146.5194   5250975.5316   2   8   0.4257   0.1983   0.4821   0.1296   0.1784   0.2852   0.00    1.1
2026/04/23 07:30:38.100   3509420.4199    779146.5876   5250975.5201   2   8   0.4247   0.1980   0.4808   0.1294   0.1780   0.2847   0.10    1.1
2026/04/23 07:30:38.200   3509420.4218    779146.6552   5250975.5164   2   8   0.4238   0.1977   0.4795   0.1293   0.1775   0.2843   0.20    1.1
2026/04/23 07:30:38.300   3509420.4208    779146.7240   5250975.5059   2   8   0.4229   0.1974   0.4783   0.1291   0.1771   0.2838   0.30    1.1
2026/04/23 07:30:38.400   3509420.4203    779146.7907   5250975.4984   2   8   0.4220   0.1971   0.4770   0.1289   0.1766   0.2833   0.40    1.1
2026/04/23 07:30:38.500   3509420.4167    779146.8604   5250975.4904   2   8   0.4211   0.1968   0.4757   0.1287   0.1762   0.2829  -0.50    1.1
2026/04/23 07:30:38.600   3509420.4177    779146.9254   5250975.4948   2   8   0.4202   0.1965   0.4744   0.1286   0.1758   0.2824  -0.40    1.1
2026/04/23 07:30:38.700   3509420.4231    779146.9883   5250975.4878   2   8   0.4193   0.1962   0.4732   0.1284   0.1753   0.2819  -0.30    1.1
2026/04/23 07:30:38.800   3509420.4254    779147.0530   5250975.4900   2   8   0.4184   0.1959   0.4719   0.1282   0.1749   0.2815  -0.20    1.1
2026/04/23 07:30:38.900   3509420.4289    779147.1180   5250975.4812   2   8   0.4175   0.1956   0.4707   0.1281   0.1744   0.2810  -0.10    1.1
2026/04/23 07:30:39.000   3509420.4358    779147.1875   5250975.4738   2   8   0.4166   0.1953   0.4694   0.1279   0.1740   0.2806   0.00    1.1
2026/04/23 07:30:39.100   3509420.4420    779147.2592   5250975.4660   2   8   0.4157   0.1950   0.4682   0.1277   0.1735   0.2801   0.10    1.1
2026/04/23 07:30:39.200   3509420.4446    779147.3261   5250975.4616   2   8   0.4148   0.1947   0.4669   0.1275   0.1731   0.2796   0.20    1.1
2026/04/23 07:30:39.300   3509420.4413    779147.3902   5250975.4540   2   8   0.4140   0.1944   0.4657   0.1274   0.1727   0.2792   0.30    1.1
2026/04/23 07:30:39.400   3509420.4439    779147.4525   5250975.4489   2   8   0.4131   0.1941   0.4645   0.1272   0.1722   0.2787   0.40    1.1
2026/04/23 07:30:39.500   3509420.4477    779147.5170   5250975.4339   2   8   0.4122   0.1939   0.4632   0.1270   0.1718   0.2782  -0.50    1.1
2026/04/23 07:30:39.600   3509420.4543    779147.5874   5250975.4259   2   8   0.4114   0.1936   0.4620   0.1268   0.1713   0.2778  -0.40    1.1
2026/04/23 07:30:39.700   3509420.4555    779147.6571   5250975.4135   2   8   0.4105   0.1933   0.4608   0.1267   0.1709   0.2773  -0.30    1.1
2026/04/23 07:30:39.800   3509420.4550    779147.7286   5250975.3984   2   8   0.4097   0.1930   0.4596   0.1265   0.1705   0.2769  -0.20    1.1
2026/04/23 07:30:39.900   3509420.4575    779147.7972   5250975.3757   2   8   0.4088   0.1927   0.4584   0.1263   0.1700   0.2764  -0.10    1.1
2026/04/23 07:30:40.000   3509420.4607    779147.8672   5250975.3649   2   8   0.4080   0.1924   0.4571   0.1261   0.1696   0.2759   0.00    1.1
2026/04/23 07:30:40.100   3509420.4622    779147.9402   5250975.3497   2   8   0.4072   0.1921   0.4559   0.1260   0.1692   0.2755   0.10    1.1
2026/04/23 07:30:40.200   3509420.4642    779148.0165   5250975.3345   2   8   0.4063   0.1918   0.4547   0.1258   0.1687   0.2750   0.20    1.1
2026/04/23 07:30:40.300   3509420.4652    779148.0893   5250975.3232   2   8   0.4055   0.1916   0.4535   0.1256   0.1683   0.2745   0.30    1.1
2026/04/23 07:30:40.400   3509420.4619    779148.1586   5250975.3116   2   7   0.4052   0.1913   0.4524   0.1254   0.1679   0.2744   0.40    1.0
2026/04/23 07:30:40.500   3509420.4592    779148.2292   5250975.3079   2   7   0.4049   0.1910   0.4514   0.1252   0.1675   0.2742  -0.50    1.0
2026/04/23 07:30:40.600   3509420.4527    779148.2950   5250975.2917   2   8   0.4040   0.1907   0.4502   0.1251   0.1671   0.2737  -0.40    1.1
2026/04/23 07:30:40.700   3509420.4523    779148.3579   5250975.2762   2   8   0.4032   0.1905   0.4490   0.1249   0.1667   0.2732  -0.30    1.1
2026/04/23 07:30:40.800   3509420.4474    779148.4269   5250975.2597   2   8   0.4023   0.1902   0.4478   0.1247   0.1662   0.2727  -0.20    1.1
2026/04/23 07:30:40.900   3509420.4469    779148.4926   5250975.2342   2   8   0.4015   0.1899   0.4466   0.1245   0.1658   0.2722  -0.10    1.1
2026/04/23 07:30:41.000   3509420.4445    779148.5558   5250975.2217   2   8   0.4007   0.1896   0.4455   0.1244   0.1654   0.2717   0.00    1.1
2026/04/23 07:30:41.100   3509420.4338    779148.6094   5250975.2177   2   8   0.3999   0.1894   0.4443   0.1242   0.1650   0.2713   0.10    1.1
2026/04/23 07:30:41.200   3509420.4247    779148.6497   5250975.2080   2   8   0.3991   0.1891   0.4431   0.1240   0.1646   0.2708   0.20    1.1
2026/04/23 07:30:41.300   3509420.4132    779148.6831   5250975.2069   2   8   0.3983   0.1888   0.4420   0.1238   0.1641   0.2703   0.30    1.1
2026/04/23 07:30:41.400   3509420.4023    779148.7052   5250975.2041   2   8   0.3975   0.1885   0.4408   0.1237   0.1637   0.2698   0.40    1.1
2026/04/23 07:30:41.500   3509420.3963    779148.7198   5250975.2018   2   8   0.3967   0.1883   0.4396   0.1235   0.1633   0.2694  -0.50    1.1
2026/04/23 07:30:41.600   3509420.3893    779148.7418   5250975.2091   2   8   0.3959   0.1880   0.4385   0.1233   0.1629   0.2689  -0.40    1.1
2026/04/23 07:30:41.700   3509420.3877    779148.7750   5250975.1992   2   8   0.3951   0.1877   0.4373   0.1231   0.1624   0.2684  -0.30    1.1
2026/04/23 07:30:41.800   3509420.3905    779148.8092   5250975.1917   2   8   0.3944   0.1874   0.4362   0.1229   0.1620   0.2680  -0.20    1.1
2026/04/23 07:30:41.900   3509420.3921    779148.8510   5250975.1940   2   8   0.3936   0.1872   0.4350   0.1228   0.1616   0.2675  -0.10    1.1
2026/04/23 07:30:42.000   3509420.3853    779148.8913   5250975.1970   2   8   0.3928   0.1869   0.4339   0.1226   0.1612   0.2670   0.00    1.1
2026/04/23 07:30:42.100   3509420.3819    779148.9270   5250975.1914   2   8   0.3921   0.1866   0.4328   0.1224   0.1608   0.2666   0.10    1.1
2026/04/23 07:30:42.200   3509420.3734    779148.9668   5250975.1863   2   8   0.3913   0.1864   0.4316   0.1222   0.1604   0.2661   0.20    1.1
2026/04/23 07:30:42.300   3509420.3637    779149.0155   5250975.1887   2   8   0.3906   0.1861   0.4305   0.1221   0.1599   0.2657   0.30    1.1
2026/04/23 07:30:42.400   3509420.3570    779149.0646   5250975.1968   2   8   0.3898   0.1858   0.4294   0.1219   0.1595   0.2652   0.40    1.1
2026/04/23 07:30:42.500   3509420.3526    779149.1080   5250975.1946   2   8   0.3891   0.1856   0.4283   0.1217   0.1591   0.2647  -0.50    1.1
2026/04/23 07:30:42.600   3509420.3488    779149.1483   5250975.1850   2   7   0.3884   0.1853   0.4273   0.1215   0.1587   0.2644  -0.40    1.3
2026/04/23 07:30:42.700   3509420.3432    779149.1757   5250975.1901   2   7   0.3878   0.1851   0.4263   0.1212   0.1583   0.2641  -0.30    1.3
2026/04/23 07:30:42.800   3509420.3323    779149.1837   5250975.1902   2   7   0.3872   0.1849   0.4253   0.1210   0.1579   0.2638  -0.20    1.3
2026/04/23 07:30:42.900   3509420.3230    779149.1784   5250975.1914   2   7   0.3865   0.1846   0.4244   0.1208   0.1575   0.2635  -0.10    1.3
2026/04/23 07:30:43.000   3509420.3136    779149.1672   5250975.1925   2   7   0.3859   0.1844   0.4234   0.1206   0.1571   0.2632   0.00    1.3
2026/04/23 07:30:43.100   3509420.3078    779149.1555   5250975.1934   2   7   0.3853   0.1841   0.4225   0.1203   0.1567   0.2629   0.10    1.3
2026/04/23 07:30:43.200   3509420.3028    779149.1461   5250975.1978   2   7   0.3847   0.1839   0.4215   0.1201   0.1563   0.2626   0.20    1.3
2026/04/23 07:30:43.300   3509420.2984    779149.1378   5250975.2058   2   7   0.3840   0.1836   0.4206   0.1199   0.1558   0.2623   0.30    1.3
2026/04/23 07:30:43.400   3509420.2906    779149.1310   5250975.2113   2   7   0.3834   0.1834   0.4197   0.1196   0.1554   0.2620   0.40    1.3
2026/04/23 07:30:43.500   3509420.2825    779149.1253   5250975.2200   2   7   0.3828   0.1832   0.4187   0.1194   0.1550   0.2617  -0.50    1.3
2026/04/23 07:30:43.600   3509420.2736    779149.1224   5250975.2276   2   7   0.3822   0.1829   0.4178   0.1192   0.1546   0.2614  -0.40    1.3
2026/04/23 07:30:43.700   3509420.2737    779149.1203   5250975.2284   2   7   0.3816   0.1827   0.4169   0.1190   0.1542   0.2611  -0.30    1.3
2026/04/23 07:30:43.800   3509420.2733    779149.1194   5250975.2371   2   7   0.3810   0.1824   0.4160   0.1187   0.1537   0.2608  -0.20    1.3
2026/04/23 07:30:43.900   3509420.2660    779149.1191   5250975.2319   2   7   0.3804   0.1822   0.4150   0.1185   0.1533   0.2605  -0.10    1.3
2026/04/23 07:30:44.000   3509420.2604    779149.1218   5250975.2328   2   7   0.3798   0.1819   0.4141   0.1183   0.1529   0.2602   0.00    1.3
2026/04/23 07:30:44.100   3509420.2569    779149.1246   5250975.2365   2   7   0.3792   0.1817   0.4132   0.1181   0.1525   0.2599   0.10    1.4
2026/04/23 07:30:44.200   3509420.2536    779149.1289   5250975.2353   2   7   0.3786   0.1815   0.4123   0.1178   0.1521   0.2596   0.20    1.4
2026/04/23 07:30:44.300   3509420.2479    779149.1326   5250975.2435   2   7   0.3780   0.1812   0.4114   0.1176   0.1517   0.2593   0.30    1.4
2026/04/23 07:30:44.400   3509420.2455    779149.1356   5250975.2472   2   7   0.3774   0.1810   0.4105   0.1174   0.1513   0.2591   0.40    1.4
2026/04/23 07:30:44.500   3509420.2420    779149.1379   5250975.2430   2   7   0.3768   0.1808   0.4096   0.1172   0.1509   0.2588  -0.50    1.4
2026/04/23 07:30:44.600   3509420.2337    779149.1378   5250975.2404   2   7   0.3763   0.1805   0.4087   0.1170   0.1505   0.2585  -0.40    1.4
2026/04/23 07:30:44.700   3509420.2304    779149.1361   5250975.2441   2   7   0.3757   0.1803   0.4079   0.1168   0.1501   0.2582  -0.30    1.4
2026/04/23 07:30:44.800   3509420.2262    779149.1343   5250975.2467   2   7   0.3751   0.1801   0.4070   0.1165   0.1497   0.2579  -0.20    1.4
2026/04/23 07:30:44.900   3509420.2195    779149.1323   5250975.2436   2   7   0.3745   0.1798   0.4061   0.1163   0.1493   0.2576  -0.10    1.4
2026/04/23 07:30:45.000   3509420.2139    779149.1317   5250975.2406   2   7   0.3740   0.1796   0.4052   0.1161   0.1489   0.2573   0.00    1.4
2026/04/23 07:30:45.100   3509420.2109    779149.1318   5250975.2396   2   7   0.3734   0.1794   0.4043   0.1159   0.1485   0.2570   0.10    1.4
2026/04/23 07:30:45.200   3509420.2045    779149.1307   5250975.2369   2   7   0.3728   0.1791   0.4035   0.1157   0.1481   0.2567   0.20    1.4
2026/04/23 07:30:45.300   3509420.2004    779149.1309   5250975.2348   2   7   0.3723   0.1789   0.4026   0.1155   0.1477   0.2564   0.30    1.4
2026/04/23 07:30:45.400   3509420.1962    779149.1311   5250975.2363   2   7   0.3717   0.1787   0.4017   0.1152   0.1473   0.2561   0.40    1.4
2026/04/23 07:30:45.500   3509420.1887    779149.1290   5250975.2361   2   7   0.3711   0.1784   0.4008   0.1150   0.1469   0.2559  -0.50    1.4
2026/04/23 07:30:45.600   3509420.1840    779149.1274   5250975.2325   2   7   0.3706   0.1782   0.4000   0.1148   0.1465   0.2556  -0.40    1.4
2026/04/23 07:30:45.700   3509420.1813    779149.1261   5250975.2297   2   7   0.3700   0.1780   0.3991   0.1146   0.1461   0.2553  -0.30    1.4
2026/04/23 07:30:45.800   3509420.1775    779149.1252   5250975.2249   2   7   0.3694   0.1778   0.3983   0.1144   0.1457   0.2550  -0.20    1.4
2026/04/23 07:30:45.900   3509420.1717    779149.1253   5250975.2239   2   7   0.3689   0.1775   0.3974   0.1142   0.1454   0.2547  -0.10    1.4
2026/04/23 07:30:46.000   3509420.1689    779149.1229   5250975.2176   2   7   0.3683   0.1773   0.3965   0.1140   0.1450   0.2544   0.00    1.4
2026/04/23 07:30:46.100   3509420.1659    779149.1197   5250975.2106   2   7   0.3678   0.1771   0.3957   0.1137   0.1446   0.2541   0.10    1.4
2026/04/23 07:30:46.200   3509420.1626    779149.1189   5250975.2086   2   7   0.3672   0.1769   0.3948   0.1135   0.1442   0.2538   0.20    1.4
2026/04/23 07:30:46.300   3509420.1627    779149.1171   5250975.2047   2   7   0.3667   0.1766   0.3940   0.1133   0.1438   0.2535   0.30    1.4
2026/04/23 07:30:46.400   3509420.1634    779149.1176   5250975.2002   2   7   0.3661   0.1764   0.3931   0.1131   0.1434   0.2532   0.40    1.4
2026/04/23 07:30:46.500   3509420.1583    779149.1178   5250975.1951   2   7   0.3656   0.1762   0.3923   0.1129   0.1430   0.2529  -0.50    1.5
2026/04/23 07:30:46.600   3509420.1513    779149.1158   5250975.1894   2   7   0.3650   0.1760   0.3914   0.1127   0.1426   0.2526  -0.40    1.5
2026/04/23 07:30:46.700   3509420.1475    779149.1142   5250975.1850   2   7   0.3645   0.1758   0.3906   0.1125   0.1422   0.2523  -0.30    1.5
2026/04/23 07:30:46.800   3509420.1450    779149.1138   5250975.1804   2   7   0.3640   0.1755   0.3897   0.1123   0.1419   0.2520  -0.20    1.5
2026/04/23 07:30:46.900   3509420.1454    779149.1123   5250975.1763   2   7   0.3634   0.1753   0.3889   0.1120   0.1415   0.2517  -0.10    1.5
2026/04/23 07:30:47.000   3509420.1423    779149.1121   5250975.1769   2   7   0.3629   0.1751   0.3880   0.1118   0.1411   0.2514   0.00    1.5
2026/04/23 07:30:47.100   3509420.1347    779149.1128   5250975.1803   2   7   0.3624   0.1749   0.3872   0.1116   0.1407   0.2511   0.10    1.5
2026/04/23 07:30:47.200   3509420.1306    779149.1137   5250975.1879   2   7   0.3618   0.1747   0.3863   0.1114   0.1403   0.2508   0.20    1.5
2026/04/23 07:30:47.300   3509420.1281    779149.1142   5250975.1948   2   7   0.3613   0.1744   0.3855   0.1112   0.1399   0.2504   0.30    1.5
2026/04/23 07:30:47.400   3509420.1237    779149.1133   5250975.2008   2   7   0.3608   0.1742   0.3846   0.1110   0.1396   0.2501   0.40    1.5
2026/04/23 07:30:47.500   3509420.1211    779149.1128   5250975.2004   2   7   0.3602   0.1740   0.3838   0.1108   0.1392   0.2498  -0.50    1.5
2026/04/23 07:30:47.600   3509420.1236    779149.1127   5250975.2007   2   7   0.3597   0.1738   0.3830   0.1106   0.1388   0.2495  -0.40    1.5
2026/04/23 07:30:47.700   3509420.1244    779149.1114   5250975.2049   2   7   0.3592   0.1736   0.3821   0.1104   0.1384   0.2492  -0.30    1.5
2026/04/23 07:30:47.800   3509420.1222    779149.1109   5250975.2056   2   7   0.3587   0.1734   0.3813   0.1102   0.1380   0.2489  -0.20    1.5
2026/04/23 07:30:47.900   3509420.1195    779149.1094   5250975.2056   2   7   0.3581   0.1732   0.3805   0.1100   0.1377   0.2486  -0.10    1.5
2026/04/23 07:30:48.000   3509420.1152    779149.1087   5250975.2056   2   7   0.3576   0.1729   0.3796   0.1097   0.1373   0.2483   0.00    1.5
2026/04/23 07:30:48.100   3509420.1107    779149.1074   5250975.2056   2   7   0.3571   0.1727   0.3788   0.1095   0.1369   0.2480   0.10    1.5
2026/04/23 07:30:48.200   3509420.1077    779149.1060   5250975.2050   2   7   0.3566   0.1725   0.3780   0.1093   0.1365   0.2477   0.20    1.5
2026/04/23 07:30:48.300   3509420.1075    779149.1049   5250975.2058   2   7   0.3561   0.1723   0.3772   0.1091   0.1362   0.2473   0.30    1.5
2026/04/23 07:30:48.400   3509420.1065    779149.1043   5250975.2069   2   7   0.3556   0.1721   0.3763   0.1089   0.1358   0.2470   0.40    1.5
2026/04/23 07:30:48.500   3509420.1080    779149.1031   5250975.2063   2   7   0.3550   0.1719   0.3755   0.1087   0.1354   0.2467  -0.50    1.5
2026/04/23 07:30:48.600   3509420.1092    779149.1013   5250975.2030   2   7   0.3545   0.1717   0.3747   0.1085   0.1350   0.2464  -0.40    1.6
2026/04/23 07:30:48.700   3509420.1103    779149.0992   5250975.1971   2   7   0.3540   0.1715   0.3739   0.1083   0.1347   0.2461  -0.30    1.6
2026/04/23 07:30:48.800   3509420.1090    779149.0968   5250975.1902   2   7   0.3535   0.1713   0.3731   0.1081   0.1343   0.2458  -0.20    1.6
2026/04/23 07:30:48.900   3509420.1065    779149.0942   5250975.1833   2   7   0.3530   0.1711   0.3723   0.1079   0.1339   0.2455  -0.10    1.6
2026/04/23 07:30:49.000   3509420.1045    779149.0918   5250975.1727   2   7   0.3525   0.1709   0.3715   0.1077   0.1335   0.2452   0.00    1.6
2026/04/23 07:30:49.100   3509420.1058    779149.0902   5250975.1679   2   7   0.3520   0.1707   0.3706   0.1075   0.1332   0.2448   0.10    1.6
2026/04/23 07:30:49.200   3509420.1108    779149.0891   5250975.1696   2   7   0.3515   0.1704   0.3698   0.1073   0.1328   0.2445   0.20    1.6
2026/04/23 07:30:49.300   3509420.1135    779149.0874   5250975.1692   2   7   0.3510   0.1702   0.3690   0.1071   0.1324   0.2442   0.30    1.6
2026/04/23 07:30:49.400   3509420.1148    779149.0868   5250975.1677   2   7   0.3505   0.1700   0.3682   0.1069   0.1321   0.2439   0.40    1.6
2026/04/23 07:30:49.500   3509420.1156    779149.0854   5250975.1663   2   7   0.3500   0.1698   0.3674   0.1067   0.1317   0.2436  -0.50    1.6
2026/04/23 07:30:49.600   3509420.1156    779149.0847   5250975.1650   2   7   0.3495   0.1696   0.3666   0.1065   0.1313   0.2433  -0.40    1.6
2026/04/23 07:30:49.700   3509420.1136    779149.0834   5250975.1614   2   7   0.3490   0.1694   0.3658   0.1063   0.1310   0.2430  -0.30    1.6
2026/04/23 07:30:49.800   3509420.1118    779149.0835   5250975.1576   2   7   0.3485   0.1692   0.3650   0.1060   0.1306   0.2426  -0.20    1.6
2026/04/23 07:30:49.900   3509420.1118    779149.0843   5250975.1595   2   7   0.3480   0.1690   0.3642   0.1058   0.1302   0.2423  -0.10    1.6
2026/04/23 07:30:50.000   3509420.1121    779149.0853   5250975.1591   2   7   0.3475   0.1688   0.3634   0.1056   0.1299   0.2420   0.00    1.6
2026/04/23 07:30:50.100   3509420.1112    779149.0852   5250975.1525   2   7   0.3471   0.1686   0.3626   0.1054   0.1295   0.2417   0.10    1.6
2026/04/23 07:30:50.200   3509420.1134    779149.0856   5250975.1503   2   7   0.3466   0.1684   0.3619   0.1052   0.1292   0.2414   0.20    1.6
2026/04/23 07:30:50.300   3509420.1180    779149.0867   5250975.1511   2   7   0.3461   0.1682   0.3611   0.1050   0.1288   0.2411   0.30    1.6
2026/04/23 07:30:50.400   3509420.1224    779149.0866   5250975.1509   2   7   0.3456   0.1680   0.3603   0.1048   0.1284   0.2408   0.40    1.6
2026/04/23 07:30:50.500   3509420.1245    779149.0864   5250975.1507   2   7   0.3451   0.1678   0.3595   0.1046   0.1281   0.2404  -0.50    1.6
2026/04/23 07:30:50.600   3509420.1268    779149.0867   5250975.1553   2   7   0.3446   0.1677   0.3587   0.1044   0.1277   0.2401  -0.40    1.6
2026/04/23 07:30:50.700   3509420.1270    779149.0866   5250975.1553   2   7   0.3442   0.1675   0.3579   0.1042   0.1274   0.2398  -0.30    1.6
2026/04/23 07:30:50.800   3509420.1271    779149.0860   5250975.1547   2   7   0.3437   0.1673   0.3572   0.1040   0.1270   0.2395  -0.20    1.6
2026/04/23 07:30:50.900   3509420.1267    779149.0850   5250975.1558   2   7   0.3432   0.1671   0.3564   0.1038   0.1266   0.2392  -0.10    1.6
2026/04/23 07:30:51.000   3509420.1282    779149.0847   5250975.1548   2   7   0.3427   0.1669   0.3556   0.1036   0.1263   0.2389   0.00    1.6
2026/04/23 07:30:51.100   3509420.1280    779149.0844   5250975.1515   2   7   0.3423   0.1667   0.3548   0.1034   0.1259   0.2385   0.10    1.6
2026/04/23 07:30:51.200   3509420.1269    779149.0839   5250975.1473   2   7   0.3418   0.1665   0.3541   0.1033   0.1256   0.2382   0.20    1.6
2026/04/23 07:30:51.300   3509420.1272    779149.0839   5250975.1464   2   7   0.3413   0.1663   0.3533   0.1031   0.1252   0.2379   0.30    1.6
2026/04/23 07:30:51.400   3509420.1279    779149.0841   5250975.1445   2   7   0.3408   0.1661   0.3525   0.1029   0.1249   0.2376   0.40    1.6
2026/04/23 07:30:51.500   3509420.1280    779149.0840   5250975.1431   2   7   0.3404   0.1659   0.3518   0.1027   0.1245   0.2373  -0.50    1.6
2026/04/23 07:30:51.600   3509420.1287    779149.0843   5250975.1441   2   7   0.3399   0.1657   0.3510   0.1025   0.1242   0.2370  -0.40    1.6
2026/04/23 07:30:51.700   3509420.1304    779149.0848   5250975.1448   2   7   0.3394   0.1655   0.3502   0.1023   0.1238   0.2367  -0.30    1.6
2026/04/23 07:30:51.800   3509420.1301    779149.0859   5250975.1479   2   7   0.3390   0.1653   0.3495   0.1021   0.1235   0.2363  -0.20    1.6
2026/04/23 07:30:51.900   3509420.1309    779149.0877   5250975.1548   2   7   0.3385   0.1651   0.3487   0.1019   0.1231   0.2360  -0.10    1.6
2026/04/23 07:30:52.000   3509420.1317    779149.0900   5250975.1611   2   7   0.3380   0.1650   0.3480   0.1017   0.1228   0.2357   0.00    1.6
2026/04/23 07:30:52.100   3509420.1324    779149.0919   5250975.1675   2   7   0.3376   0.1648   0.3472   0.1015   0.1224   0.2354   0.10    1.6
2026/04/23 07:30:52.200   3509420.1336    779149.0939   5250975.1791   2   7   0.3371   0.1646   0.3465   0.1013   0.1221   0.2351   0.20    1.6
2026/04/23 07:30:52.300   3509420.1356    779149.0953   5250975.1930   2   7   0.3367   0.1644   0.3457   0.1011   0.1217   0.2348   0.30    1.6
2026/04/23 07:30:52.400   3509420.1332    779149.0969   5250975.2020   2   7   0.3362   0.1642   0.3450   0.1009   0.1214   0.2344   0.40    1.6
2026/04/23 07:30:52.500   3509420.1312    779149.0978   5250975.2082   2   7   0.3358   0.1640   0.3442   0.1007   0.1210   0.2341  -0.50    1.6
2026/04/23 07:30:52.600   3509420.1309    779149.0989   5250975.2145   2   7   0.3353   0.1638   0.3435   0.1005   0.1207   0.2338  -0.40    1.6
2026/04/23 07:30:52.700   3509420.1287    779149.0992   5250975.2240   2   7   0.3348   0.1637   0.3427   0.1003   0.1204   0.2335  -0.30    1.6
2026/04/23 07:30:52.800   3509420.1238    779149.0990   5250975.2331   2   7   0.3344   0.1635   0.3420   0.1001   0.1200   0.2332  -0.20    1.5
2026/04/23 07:30:52.900   3509420.1200    779149.0986   5250975.2417   2   7   0.3339   0.1633   0.3412   0.0999   0.1197   0.2329  -0.10    1.5
2026/04/23 07:30:53.000   3509420.1181    779149.0987   5250975.2493   2   7   0.3335   0.1631   0.3405   0.0997   0.1193   0.2326   0.00    1.5
2026/04/23 07:30:53.100   3509420.1146    779149.0984   5250975.2553   2   7   0.3330   0.1629   0.3398   0.0996   0.1190   0.2322   0.10    1.5
2026/04/23 07:30:53.200   3509420.1129    779149.0989   5250975.2629   2   7   0.3326   0.1627   0.3390   0.0994   0.1186   0.2319   0.20    1.5
2026/04/23 07:30:53.300   3509420.1107    779149.0984   5250975.2697   2   7   0.3321   0.1626   0.3383   0.0992   0.1183   0.2316   0.30    1.5
2026/04/23 07:30:53.400   3509420.1068    779149.0967   5250975.2748   2   7   0.3317   0.1624   0.3376   0.0990   0.1180   0.2313   0.40    1.5
2026/04/23 07:30:53.500   3509420.1017    779149.0949   5250975.2772   2   7   0.3313   0.1622   0.3368   0.0988   0.1176   0.2310  -0.50    1.5
2026/04/23 07:30:53.600   3509420.0974    779149.0932   5250975.2785   2   7   0.3308   0.1620   0.3361   0.0986   0.1173   0.2307  -0.40    1.5
2026/04/23 07:30:53.700   3509420.0933    779149.0932   5250975.2841   2   7   0.3304   0.1618   0.3354   0.0984   0.1170   0.2304  -0.30    1.5
2026/04/23 07:30:53.800   3509420.0904    779149.0918   5250975.2898   2   7   0.3299   0.1617   0.3347   0.0982   0.1166   0.2301  -0.20    1.5
2026/04/23 07:30:53.900   3509420.0886    779149.0900   5250975.2951   2   7   0.3295   0.1615   0.3339   0.0980   0.1163   0.2297  -0.10    1.5
2026/04/23 07:30:54.000   3509420.0875    779149.0887   5250975.3013   2   7   0.3291   0.1613   0.3332   0.0979   0.1160   0.2294   0.00    1.5
2026/04/23 07:30:54.100   3509420.0863    779149.0882   5250975.3064   2   7   0.3286   0.1611   0.3325   0.0977   0.1156   0.2291   0.10    1.5
2026/04/23 07:30:54.200   3509420.0863    779149.0895   5250975.3125   2   7   0.3282   0.1609   0.3318   0.0975   0.1153   0.2288   0.20    1.5
2026/04/23 07:30:54.300   3509420.0855    779149.0900   5250975.3184   2   7   0.3277   0.1608   0.3311   0.0973   0.1150   0.2285   0.30    1.5
2026/04/23 07:30:54.400   3509420.0845    779149.0902   5250975.3245   2   7   0.3273   0.1606   0.3303   0.0971   0.1146   0.2282   0.40    1.5
2026/04/23 07:30:54.500   3509420.0828    779149.0907   5250975.3316   2   7   0.3269   0.1604   0.3296   0.0969   0.1143   0.2279  -0.50    1.5
2026/04/23 07:30:54.600   3509420.0792    779149.0909   5250975.3379   2   7   0.3265   0.1602   0.3289   0.0967   0.1140   0.2275  -0.40    1.5
2026/04/23 07:30:54.700   3509420.0741    779149.0913   5250975.3414   2   7   0.3260   0.1601   0.3282   0.0965   0.1136   0.2272  -0.30    1.5
2026/04/23 07:30:54.800   3509420.0696    779149.0921   5250975.3457   2   7   0.3256   0.1599   0.3275   0.0964   0.1133   0.2269  -0.20    1.5
2026/04/23 07:30:54.900   3509420.0673    779149.0926   5250975.3532   2   7   0.3252   0.1597   0.3268   0.0962   0.1130   0.2266  -0.10    1.5
2026/04/23 07:30:55.000   3509420.0654    779149.0930   5250975.3600   2   7   0.3247   0.1596   0.3261   0.0960   0.1127   0.2263   0.00    1.5
2026/04/23 07:30:55.100   3509420.0636    779149.0942   5250975.3696   2   7   0.3243   0.1594   0.3254   0.0958   0.1123   0.2260   0.10    1.5
2026/04/23 07:30:55.200   3509420.0626    779149.0952   5250975.3788   2   7   0.3239   0.1592   0.3247   0.0956   0.1120   0.2257   0.20    1.5
2026/04/23 07:30:55.300   3509420.0617    779149.0969   5250975.3883   2   7   0.3235   0.1590   0.3240   0.0954   0.1117   0.2254   0.30    1.5
2026/04/23 07:30:55.400   3509420.0614    779149.0979   5250975.3964   2   7   0.3230   0.1589   0.3233   0.0952   0.1114   0.2251   0.40    1.5
2026/04/23 07:30:55.500   3509420.0633    779149.0988   5250975.4047   2   7   0.3226   0.1587   0.3226   0.0951   0.1110   0.2247  -0.50    1.4
2026/04/23 07:30:55.600   3509420.0654    779149.0989   5250975.4137   2   7   0.3222   0.1585   0.3219   0.0949   0.1107   0.2244  -0.40    1.4
2026/04/23 07:30:55.700   3509420.0662    779149.0997   5250975.4200   2   7   0.3218   0.1584   0.3212   0.0947   0.1104   0.2241  -0.30    1.4
2026/04/23 07:30:55.800   3509420.0680    779149.1007   5250975.4261   2   7   0.3214   0.1582   0.3205   0.0945   0.1101   0.2238  -0.20    1.4
2026/04/23 07:30:55.900   3509420.0703    779149.1013   5250975.4323   2   7   0.3209   0.1580   0.3198   0.0943   0.1098   0.2235  -0.10    1.4
2026/04/23 07:30:56.000   3509420.0735    779149.1020   5250975.4391   2   7   0.3205   0.1578   0.3192   0.0942   0.1094   0.2232   0.00    1.4
2026/04/23 07:30:56.100   3509420.0734    779149.1029   5250975.4441   2   7   0.3201   0.1577   0.3185   0.0940   0.1091   0.2229   0.10    1.4
2026/04/23 07:30:56.200   3509420.0718    779149.1043   5250975.4494   2   7   0.3197   0.1575   0.3178   0.0938   0.1088   0.2226   0.20    1.4
2026/04/23 07:30:56.300   3509420.0726    779149.1045   5250975.4579   2   7   0.3193   0.1573   0.3171   0.0936   0.1085   0.2223   0.30    1.4
2026/04/23 07:30:56.400   3509420.0738    779149.1056   5250975.4646   2   7   0.3189   0.1572   0.3164   0.0934   0.1082   0.2220   0.40    1.4
2026/04/23 07:30:56.500   3509420.0734    779149.1066   5250975.4714   2   7   0.3185   0.1570   0.3158   0.0932   0.1079   0.2217  -0.50    1.4
2026/04/23 07:30:56.600   3509420.0719    779149.1074   5250975.4768   2   7   0.3180   0.1569   0.3151   0.0931   0.1075   0.2214  -0.40    1.4
2026/04/23 07:30:56.700   3509420.0703    779149.1089   5250975.4790   2   7   0.3176   0.1567   0.3144   0.0929   0.1072   0.2210  -0.30    1.4
2026/04/23 07:30:56.800   3509420.0708    779149.1109   5250975.4841   2   7   0.3172   0.1565   0.3137   0.0927   0.1069   0.2207  -0.20    1.4
2026/04/23 07:30:56.900   3509420.0703    779149.1119   5250975.4880   2   7   0.3168   0.1564   0.3131   0.0925   0.1066   0.2204  -0.10    1.4
2026/04/23 07:30:57.000   3509420.0708    779149.1132   5250975.4916   2   7   0.3164   0.1562   0.3124   0.0924   0.1063   0.2201   0.00    1.4
2026/04/23 07:30:57.100   3509420.0707    779149.1149   5250975.4941   2   7   0.3160   0.1560   0.3117   0.0922   0.1060   0.2198   0.10    1.4
2026/04/23 07:30:57.200   3509420.0705    779149.1166   5250975.4946   2   7   0.3156   0.1559   0.3111   0.0920   0.1057   0.2195   0.20    1.4
2026/04/23 07:30:57.300   3509420.0691    779149.1180   5250975.4960   2   7   0.3152   0.1557   0.3104   0.0918   0.1053   0.2192   0.30    1.4
2026/04/23 07:30:57.400   3509420.0661    779149.1188   5250975.4952   2   7   0.3148   0.1555   0.3097   0.0916   0.1050   0.2189   0.40    1.4
2026/04/23 07:30:57.500   3509420.0635    779149.1190   5250975.4955   2   7   0.3144   0.1554   0.3091   0.0915   0.1047   0.2186  -0.50    1.4
2026/04/23 07:30:57.600   3509420.0608    779149.1211   5250975.4961   2   7   0.3140   0.1552   0.3084   0.0913   0.1044   0.2183  -0.40    1.4
2026/04/23 07:30:57.700   3509420.0574    779149.1226   5250975.4937   2   7   0.3136   0.1551   0.3078   0.0911   0.1041   0.2180  -0.30    1.4
2026/04/23 07:30:57.800   3509420.0527    779149.1230   5250975.4894   2   7   0.3132   0.1549   0.3071   0.0909   0.1038   0.2177  -0.20    1.4
2026/04/23 07:30:57.900   3509420.0483    779149.1235   5250975.4835   2   7   0.3128   0.1547   0.3065   0.0908   0.1035   0.2174  -0.10    1.4
2026/04/23 07:30:58.000   3509420.0469    779149.1237   5250975.4814   2   7   0.3124   0.1546   0.3058   0.0906   0.1032   0.2171   0.00    1.4
2026/04/23 07:30:58.100   3509420.0446    779149.1232   5250975.4766   2   7   0.3120   0.1544   0.3051   0.0904   0.1029   0.2168   0.10    1.3
2026/04/23 07:30:58.200   3509420.0427    779149.1233   5250975.4717   2   7   0.3116   0.1543   0.3045   0.0902   0.1026   0.2165   0.20    1.3
2026/04/23 07:30:58.300   3509420.0406    779149.1233   5250975.4673   2   7   0.3112   0.1541   0.3039   0.0901   0.1023   0.2162   0.30    1.3
2026/04/23 07:30:58.400   3509420.0394    779149.1223   5250975.4647   2   7   0.3108   0.1540   0.3032   0.0899   0.1020   0.2159   0.40    1.3
2026/04/23 07:30:58.500   3509420.0389    779149.1224   5250975.4634   2   7   0.3104   0.1538   0.3026   0.0897   0.1017   0.2156  -0.50    1.3
2026/04/23 07:30:58.600   3509420.0390    779149.1225   5250975.4595   2   7   0.3101   0.1536   0.3019   0.0895   0.1014   0.2153  -0.40    1.3
2026/04/23 07:30:58.700   3509420.0390    779149.1220   5250975.4557   2   7   0.3097   0.1535   0.3013   0.0894   0.1011   0.2150  -0.30    1.3
2026/04/23 07:30:58.800   3509420.0388    779149.1211   5250975.4526   2   7   0.3093   0.1533   0.3007   0.0892   0.1008   0.2147  -0.20    1.3
2026/04/23 07:30:58.900   3509420.0409    779149.1212   5250975.4510   2   7   0.3089   0.1532   0.3000   0.0890   0.1005   0.2144  -0.10    1.3
2026/04/23 07:30:59.000   3509420.0427    779149.1218   5250975.4502   2   7   0.3085   0.1530   0.2994   0.0889   0.1002   0.2141   0.00    1.3
2026/04/23 07:30:59.100   3509420.0437    779149.1231   5250975.4484   2   7   0.3081   0.1529   0.2987   0.0887   0.0999   0.2138   0.10    1.3
2026/04/23 07:30:59.200   3509420.0452    779149.1239   5250975.4458   2   7   0.3077   0.1527   0.2981   0.0885   0.0996   0.2135   0.20    1.3
2026/04/23 07:30:59.300   3509420.0464    779149.1246   5250975.4442   2   7   0.3073   0.1526   0.2975   0.0883   0.0993   0.2132   0.30    1.3
2026/04/23 07:30:59.400   3509420.0482    779149.1259   5250975.4417   2   7   0.3070   0.1524   0.2969   0.0882   0.0990   0.2129   0.40    1.3
2026/04/23 07:30:59.500   3509420.0507    779149.1272   5250975.4397   2   7   0.3066   0.1522   0.2962   0.0880   0.0987   0.2126  -0.50    1.3
2026/04/23 07:30:59.600   3509420.0538    779149.1287   5250975.4389   2   7   0.3062   0.1521   0.2956   0.0878   0.0984   0.2123  -0.40    1.3
2026/04/23 07:30:59.700   3509420.0554    779149.1303   5250975.4375   2   7   0.3058   0.1519   0.2950   0.0877   0.0981   0.2120  -0.30    1.3
2026/04/23 07:30:59.800   3509420.0570    779149.1315   5250975.4343   2   7   0.3054   0.1518   0.2944   0.0875   0.0978   0.2117  -0.20    1.3
2026/04/23 07:30:59.900   3509420.0575    779149.1325   5250975.4313   2   7   0.3051   0.1516   0.2938   0.0873   0.0975   0.2114  -0.10    1.3
2026/04/23 07:31:00.000   3509420.0554    779149.1335   5250975.4263   2   7   0.3047   0.1515   0.2931   0.0872   0.0972   0.2111   0.00    1.3
2026/04/23 07:31:00.100   3509420.0548    779149.1345   5250975.4225   2   7   0.3043   0.1513   0.2925   0.0870   0.0970   0.2108   0.10    1.3
2026/04/23 07:31:00.200   3509420.0525    779149.1350   5250975.4185   2   7   0.3039   0.1512   0.2919   0.0868   0.0967   0.2105   0.20    1.3
2026/04/23 07:31:00.300   3509420.0498    779149.1356   5250975.4156   2   7   0.3036   0.1510   0.2913   0.0867   0.0964   0.2102   0.30    1.3
2026/04/23 07:31:00.400   3509420.0482    779149.1370   5250975.4131   2   7   0.3032   0.1509   0.2907   0.0865   0.0961   0.2099   0.40    1.3
2026/04/23 07:31:00.500   3509420.0448    779149.1390   5250975.4107   2   7   0.3028   0.1507   0.2901   0.0863   0.0958   0.2096  -0.50    1.2
2026/04/23 07:31:00.600   3509420.0431    779149.1393   5250975.4083   2   7   0.3024   0.1506   0.2895   0.0862   0.0955   0.2094  -0.40    1.2
2026/04/23 07:31:00.700   3509420.0431    779149.1407   5250975.4087   2   7   0.3021   0.1504   0.2889   0.0860   0.0952   0.2091  -0.30    1.2
2026/04/23 07:31:00.800   3509420.0436    779149.1425   5250975.4101   2   7   0.3017   0.1503   0.2883   0.0858   0.0949   0.2088  -0.20    1.2
2026/04/23 07:31:00.900   3509420.0436    779149.1449   5250975.4114   2   7   0.3013   0.1502   0.2877   0.0857   0.0947   0.2085  -0.10    1.2
2026/04/23 07:31:01.000   3509420.0436    779149.1474   5250975.4120   2   7   0.3010   0.1500   0.2871   0.0855   0.0944   0.2082   0.00    1.2
2026/04/23 07:31:01.100   3509420.0424    779149.1494   5250975.4128   2   7   0.3006   0.1499   0.2865   0.0853   0.0941   0.2079   0.10    1.2
2026/04/23 07:31:01.200   3509420.0412    779149.1505   5250975.4131   2   7   0.3002   0.1497   0.2859   0.0852   0.0938   0.2076   0.20    1.2
2026/04/23 07:31:01.300   3509420.0414    779149.1519   5250975.4110   2   7   0.2998   0.1496   0.2853   0.0850   0.0935   0.2073   0.30    1.2
2026/04/23 07:31:01.400   3509420.0428    779149.1529   5250975.4100   2   7   0.2995   0.1494   0.2847   0.0848   0.0932   0.2070   0.40    1.2
2026/04/23 07:31:01.500   3509420.0419    779149.1540   5250975.4066   2   7   0.2991   0.1493   0.2841   0.0847   0.0930   0.2067  -0.50    1.2
2026/04/23 07:31:01.600   3509420.0415    779149.1549   5250975.4038   2   7   0.2988   0.1491   0.2835   0.0845   0.0927   0.2065  -0.40    1.2
2026/04/23 07:31:01.700   3509420.0411    779149.1563   5250975.4010   2   7   0.2984   0.1490   0.2829   0.0843   0.0924   0.2062  -0.30    1.2
2026/04/23 07:31:01.800   3509420.0392    779149.1568   5250975.3980   2   7   0.2980   0.1488   0.2823   0.0842   0.0921   0.2059  -0.20    1.2
2026/04/23 07:31:01.900   3509420.0357    779149.1581   5250975.3933   2   7   0.2977   0.1487   0.2817   0.0840   0.0918   0.2056  -0.10    1.2
2026/04/23 07:31:02.000   3509420.0293    779149.1585   5250975.3842   2   7   0.2973   0.1486   0.2811   0.0839   0.0916   0.2053   0.00    1.2
2026/04/23 07:31:02.100   3509420.0239    779149.1584   5250975.3766   2   7   0.2969   0.1484   0.2805   0.0837   0.0913   0.2050   0.10    1.2
2026/04/23 07:31:02.200   3509420.0211    779149.1585   5250975.3687   2   7   0.2966   0.1483   0.2800   0.0835   0.0910   0.2047   0.20    1.2
2026/04/23 07:31:02.300   3509420.0197    779149.1587   5250975.3612   2   7   0.2962   0.1481   0.2794   0.0834   0.0907   0.2045   0.30    1.2
2026/04/23 07:31:02.400   3509420.0166    779149.1593   5250975.3525   2   7   0.2959   0.1480   0.2788   0.0832   0.0905   0.2042   0.40    1.2
2026/04/23 07:31:02.500   3509420.0154    779149.1597   5250975.3432   2   7   0.2955   0.1479   0.2782   0.0831   0.0902   0.2039  -0.50    1.2
2026/04/23 07:31:02.600   3509420.0124    779149.1605   5250975.3323   2   7   0.2952   0.1477   0.2777   0.0829   0.0899   0.2036  -0.40    1.2
2026/04/23 07:31:02.700   3509420.0106    779149.1617   5250975.3221   2   7   0.2948   0.1476   0.2771   0.0827   0.0896   0.2033  -0.30    1.2
2026/04/23 07:31:02.800   3509420.0085    779149.1622   5250975.3124   2   7   0.2944   0.1474   0.2765   0.0826   0.0894   0.2030  -0.20    1.2
2026/04/23 07:31:02.900   3509420.0066    779149.1623   5250975.3038   2   7   0.2941   0.1473   0.2760   0.0824   0.0891   0.2028  -0.10    1.2
2026/04/23 07:31:03.000   3509420.0045    779149.1625   5250975.2969   2   7   0.2937   0.1472   0.2754   0.0823   0.0888   0.2025   0.00    1.2
2026/04/23 07:31:03.100   3509420.0023    779149.1629   5250975.2898   2   7   0.2934   0.1470   0.2748   0.0821   0.0886   0.2022   0.10    1.2
2026/04/23 07:31:03.200   3509419.9999    779149.1630   5250975.2818   2   7   0.2930   0.1469   0.2742   0.0819   0.0883   0.2019   0.20    1.1
2026/04/23 07:31:03.300   3509420.0001    779149.1636   5250975.2741   2   7   0.2927   0.1467   0.2737   0.0818   0.0880   0.2016   0.30    1.1
2026/04/23 07:31:03.400   3509420.0007    779149.1642   5250975.2669   2   7   0.2923   0.1466   0.2731   0.0816   0.0878   0.2013   0.40    1.1
2026/04/23 07:31:03.500   3509420.0010    779149.1650   5250975.2602   2   7   0.2920   0.1465   0.2726   0.0815   0.0875   0.2011  -0.50    1.1
2026/04/23 07:31:03.600   3509420.0005    779149.1658   5250975.2542   2   7   0.2916   0.1463   0.2720   0.0813   0.0872   0.2008  -0.40    1.1
2026/04/23 07:31:03.700   3509420.0003    779149.1670   5250975.2474   2   7   0.2913   0.1462   0.2715   0.0812   0.0870   0.2005  -0.30    1.1
2026/04/23 07:31:03.800   3509420.0015    779149.1683   5250975.2430   2   7   0.2909   0.1461   0.2709   0.0810   0.0867   0.2002  -0.20    1.1
2026/04/23 07:31:03.900   3509420.0028    779149.1692   5250975.2407   2   7   0.2906   0.1459   0.2703   0.0809   0.0864   0.2000  -0.10    1.1
2026/04/23 07:31:04.000   3509420.0040    779149.1705   5250975.2373   2   7   0.2903   0.1458   0.2698   0.0807   0.0862   0.1997   0.00    1.1
2026/04/23 07:31:04.100   3509420.0053    779149.1717   5250975.2358   2   7   0.2899   0.1456   0.2692   0.0805   0.0859   0.1994   0.10    1.1
2026/04/23 07:31:04.200   3509420.0046    779149.1726   5250975.2327   2   7   0.2896   0.1455   0.2687   0.0804   0.0856   0.1991   0.20    1.1
2026/04/23 07:31:04.300   3509420.0048    779149.1747   5250975.2299   2   7   0.2892   0.1454   0.2681   0.0802   0.0854   0.1989   0.30    1.1
2026/04/23 07:31:04.400   3509420.0033    779149.1769   5250975.2270   2   7   0.2889   0.1452   0.2676   0.0801   0.0851   0.1986   0.40    1.1
2026/04/23 07:31:04.500   3509420.0011    779149.1782   5250975.2210   2   7   0.2885   0.1451   0.2671   0.0799   0.0848   0.1983  -0.50    1.1
2026/04/23 07:31:04.600   3509420.0001    779149.1792   5250975.2150   2   7   0.2882   0.1450   0.2665   0.0798   0.0846   0.1980  -0.40    1.1
2026/04/23 07:31:04.700   3509419.9971    779149.1797   5250975.2084   2   7   0.2879   0.1448   0.2660   0.0796   0.0843   0.1978  -0.30    1.1
2026/04/23 07:31:04.800   3509419.9952    779149.1797   5250975.2027   2   7   0.2875   0.1447   0.2654   0.0795   0.0841   0.1975  -0.20    1.1
2026/04/23 07:31:04.900   3509419.9935    779149.1803   5250975.1963   2   7   0.2872   0.1446   0.2649   0.0793   0.0838   0.1972  -0.10    1.1
2026/04/23 07:31:05.000   3509419.9926    779149.1810   5250975.1890   2   7   0.2869   0.1444   0.2643   0.0792   0.0835   0.1969   0.00    1.1
2026/04/23 07:31:05.100   3509419.9925    779149.1811   5250975.1836   2   7   0.2865   0.1443   0.2638   0.0790   0.0833   0.1967   0.10    1.1
2026/04/23 07:31:05.200   3509419.9916    779149.1814   5250975.1771   2   7   0.2862   0.1442   0.2633   0.0789   0.0830   0.1964   0.20    1.1
2026/04/23 07:31:05.300   3509419.9922    779149.1828   5250975.1710   2   7   0.2858   0.1441   0.2627   0.0787   0.0828   0.1961   0.30    1.1
2026/04/23 07:31:05.400   3509419.9921    779149.1834   5250975.1662   2   7   0.2855   0.1439   0.2622   0.0786   0.0825   0.1959   0.40    1.1
2026/04/23 07:31:05.500   3509419.9927    779149.1839   5250975.1619   2   7   0.2852   0.1438   0.2617   0.0784   0.0823   0.1956  -0.50    1.1
2026/04/23 07:31:05.600   3509419.9924    779149.1840   5250975.1552   2   7   0.2848   0.1437   0.2612   0.0783   0.0820   0.1953  -0.40    1.1
2026/04/23 07:31:05.700   3509419.9916    779149.1839   5250975.1499   2   7   0.2845   0.1435   0.2606   0.0781   0.0818   0.1950  -0.30    1.1
2026/04/23 07:31:05.800   3509419.9916    779149.1845   5250975.1434   2   7   0.2842   0.1434   0.2601   0.0780   0.0815   0.1948  -0.20    1.1
2026/04/23 07:31:05.900   3509419.9901    779149.1850   5250975.1373   2   7   0.2838   0.1433   0.2596   0.0778   0.0812   0.1945  -0.10    1.1
2026/04/23 07:31:06.000   3509419.9896    779149.1856   5250975.1309   2   7   0.2835   0.1431   0.2591   0.0777   0.0810   0.1942   0.00    1.1
2026/04/23 07:31:06.100   3509419.9885    779149.1866   5250975.1248   2   7   0.2832   0.1430   0.2585   0.0775   0.0807   0.1940   0.10    1.1
2026/04/23 07:31:06.200   3509419.9864    779149.1870   5250975.1167   2   7   0.2829   0.1429   0.2580   0.0774   0.0805   0.1937   0.20    1.1
2026/04/23 07:31:06.300   3509419.9845    779149.1874   5250975.1091   2   7   0.2825   0.1428   0.2575   0.0772   0.0802   0.1934   0.30    1.0
2026/04/23 07:31:06.400   3509419.9837    779149.1891   5250975.1022   2   7   0.2822   0.1426   0.2570   0.0771   0.0800   0.1932   0.40    1.0
2026/04/23 07:31:06.500   3509419.9814    779149.1901   5250975.0952   2   7   0.2819   0.1425   0.2565   0.0769   0.0797   0.1929  -0.50    1.0
2026/04/23 07:31:06.600   3509419.9792    779149.1908   5250975.0885   2   7   0.2816   0.1424   0.2560   0.0768   0.0795   0.1926  -0.40    1.0
2026/04/23 07:31:06.700   3509419.9765    779149.1910   5250975.0820   2   7   0.2812   0.1423   0.2555   0.0766   0.0792   0.1924  -0.30    1.0
2026/04/23 07:31:06.800   3509419.9743    779149.1923   5250975.0745   2   7   0.2809   0.1421   0.2549   0.0765   0.0790   0.1921  -0.20    1.0
2026/04/23 07:31:06.900   3509419.9708    779149.1930   5250975.0649   2   7   0.2806   0.1420   0.2544   0.0763   0.0788   0.1919  -0.10    1.0
2026/04/23 07:31:07.000   3509419.9682    779149.1931   5250975.0549   2   7   0.2803   0.1419   0.2539   0.0762   0.0785   0.1916   0.00    1.0
2026/04/23 07:31:07.100   3509419.9651    779149.1934   5250975.0458   2   7   0.2799   0.1417   0.2534   0.0760   0.0783   0.1913   0.10    1.0
2026/04/23 07:31:07.200   3509419.9632    779149.1940   5250975.0376   2   7   0.2796   0.1416   0.2529   0.0759   0.0780   0.1911   0.20    1.0
2026/04/23 07:31:07.300   3509419.9627    779149.1954   5250975.0294   2   7   0.2793   0.1415   0.2524   0.0757   0.0778   0.1908   0.30    1.0
2026/04/23 07:31:07.400   3509419.9627    779149.1960   5250975.0218   2   7   0.2790   0.1414   0.2519   0.0756   0.0775   0.1905   0.40    1.0
2026/04/23 07:31:07.500   3509419.9628    779149.1961   5250975.0150   2   7   0.2787   0.1413   0.2514   0.0755   0.0773   0.1903  -0.50    1.0
2026/04/23 07:31:07.600   3509419.9636    779149.1968   5250975.0094   2   7   0.2783   0.1411   0.2509   0.0753   0.0770   0.1900  -0.40    1.0
2026/04/23 07:31:07.700   3509419.9636    779149.1972   5250975.0035   2   7   0.2780   0.1410   0.2504   0.0752   0.0768   0.1898  -0.30    1.0
2026/04/23 07:31:07.800   3509419.9621    779149.1974   5250974.9986   2   7   0.2777   0.1409   0.2499   0.0750   0.0766   0.1895  -0.20    1.0
2026/04/23 07:31:07.900   3509419.9617    779149.1969   5250974.9931   2   7   0.2774   0.1408   0.2494   0.0749   0.0763   0.1893  -0.10    1.0
2026/04/23 07:31:08.000   3509419.9612    779149.1975   5250974.9877   2   7   0.2771   0.1406   0.2489   0.0747   0.0761   0.1890   0.00    1.0
2026/04/23 07:31:08.100   3509419.9593    779149.1982   5250974.9821   2   7   0.2767   0.1405   0.2485   0.0746   0.0758   0.1887   0.10    1.0
2026/04/23 07:31:08.200   3509419.9558    779149.1991   5250974.9768   2   7   0.2764   0.1404   0.2480   0.0745   0.0756   0.1885   0.20    1.0
2026/04/23 07:31:08.300   3509419.9529    779149.1997   5250974.9714   2   7   0.2761   0.1403   0.2475   0.0743   0.0754   0.1882   0.30    1.0
2026/04/23 07:31:08.400   3509419.9505    779149.2006   5250974.9655   2   7   0.2758   0.1401   0.2470   0.0742   0.0751   0.1880   0.40    1.0
2026/04/23 07:31:08.500   3509419.9467    779149.2011   5250974.9590   2   7   0.2755   0.1400   0.2465   0.0740   0.0749   0.1877  -0.50    1.0
2026/04/23 07:31:08.600   3509419.9429    779149.2008   5250974.9494   2   7   0.2752   0.1399   0.2460   0.0739   0.0746   0.1875  -0.40    1.0
2026/04/23 07:31:08.700   3509419.9387    779149.2004   5250974.9397   2   7   0.2749   0.1398   0.2455   0.0738   0.0744   0.1872  -0.30    1.0
2026/04/23 07:31:08.800   3509419.9342    779149.1999   5250974.9297   2   7   0.2746   0.1397   0.2451   0.0736   0.0742   0.1870  -0.20    1.0
2026/04/23 07:31:08.900   3509419.9303    779149.2011   5250974.9207   2   7   0.2743   0.1395   0.2446   0.0735   0.0739   0.1867  -0.10    1.0
2026/04/23 07:31:09.000   3509419.9262    779149.2018   5250974.9117   2   7   0.2739   0.1394   0.2441   0.0733   0.0737   0.1865   0.00    1.0
2026/04/23 07:31:09.100   3509419.9193    779149.2014   5250974.9016   2   7   0.2736   0.1393   0.2436   0.0732   0.0735   0.1862   0.10    1.0
2026/04/23 07:31:09.200   3509419.9136    779149.2018   5250974.8918   2   7   0.2733   0.1392   0.2431   0.0731   0.0732   0.1859   0.20    1.0
2026/04/23 07:31:09.300   3509419.9079    779149.2028   5250974.8835   2   7   0.2730   0.1391   0.2427   0.0729   0.0730   0.1857   0.30    1.0
2026/04/23 07:31:09.400   3509419.9003    779149.2036   5250974.8734   2   7   0.2727   0.1389   0.2422   0.0728   0.0728   0.1854   0.40    1.0
2026/04/23 07:31:09.500   3509419.8930    779149.2030   5250974.8628   2   7   0.2724   0.1388   0.2417   0.0726   0.0725   0.1852  -0.50    1.0
2026/04/23 07:31:09.600   3509419.8866    779149.2027   5250974.8516   2   7   0.2721   0.1387   0.2413   0.0725   0.0723   0.1849  -0.40    1.0
2026/04/23 07:31:09.700   3509419.8831    779149.2032   5250974.8435   2   7   0.2718   0.1386   0.2408   0.0724   0.0721   0.1847  -0.30    1.0
2026/04/23 07:31:09.800   3509419.8788    779149.2027   5250974.8351   2   7   0.2715   0.1385   0.2403   0.0722   0.0718   0.1845  -0.20    1.0
2026/04/23 07:31:09.900   3509419.8744    779149.2027   5250974.8254   2   7   0.2712   0.1384   0.2399   0.0721   0.0716   0.1842  -0.10    1.0
2026/04/23 07:31:10.000   3509419.8711    779149.2031   5250974.8179   2   7   0.2709   0.1382   0.2394   0.0719   0.0714   0.1840   0.00    1.0
2026/04/23 07:31:10.100   3509419.8675    779149.2028   5250974.8094   2   7   0.2706   0.1381   0.2389   0.0718   0.0712   0.1837   0.10    1.0
2026/04/23 07:31:10.200   3509419.8636    779149.2025   5250974.8021   2   7   0.2703   0.1380   0.2385   0.0717   0.0709   0.1835   0.20    1.1
2026/04/23 07:31:10.300   3509419.8592    779149.2024   5250974.7937   2   7   0.2700   0.1379   0.2380   0.0715   0.0707   0.1832   0.30    1.1
2026/04/23 07:31:10.400   3509419.8559    779149.2031   5250974.7867   2   7   0.2697   0.1378   0.2376   0.0714   0.0705   0.1830   0.40    1.1
2026/04/23 07:31:10.500   3509419.8506    779149.2042   5250974.7808   2   7   0.2694   0.1377   0.2371   0.0713   0.0702   0.1827  -0.50    1.1
2026/04/23 07:31:10.600   3509419.8436    779149.2052   5250974.7743   2   7   0.2691   0.1376   0.2366   0.0711   0.0700   0.1825  -0.40    1.1
2026/04/23 07:31:10.700   3509419.8377    779149.2050   5250974.7668   2   7   0.2688   0.1374   0.2362   0.0710   0.0698   0.1822  -0.30    1.1
2026/04/23 07:31:10.800   3509419.8315    779149.2045   5250974.7589   2   7   0.2685   0.1373   0.2357   0.0709   0.0696   0.1820  -0.20    1.1
2026/04/23 07:31:10.900   3509419.8268    779149.2044   5250974.7521   2   7   0.2682   0.1372   0.2353   0.0707   0.0693   0.1818  -0.10    1.1
2026/04/23 07:31:11.000   3509419.8216    779149.2037   5250974.7447   2   7   0.2679   0.1371   0.2348   0.0706   0.0691   0.1815   0.00    1.1
2026/04/23 07:31:11.100   3509419.8156    779149.2026   5250974.7360   2   7   0.2676   0.1370   0.2344   0.0705   0.0689   0.1813   0.10    1.1
2026/04/23 07:31:11.200   3509419.8113    779149.2015   5250974.7295   2   7   0.2673   0.1369   0.2339   0.0703   0.0687   0.1810   0.20    1.1
2026/04/23 07:31:11.300   3509419.8049    779149.2004   5250974.7224   2   7   0.2670   0.1368   0.2335   0.0702   0.0684   0.1808   0.30    1.1
2026/04/23 07:31:11.400   3509419.7987    779149.1990   5250974.7171   2   7   0.2667   0.1366   0.2330   0.0701   0.0682   0.1805   0.40    1.1
2026/04/23 07:31:11.500   3509419.7929    779149.1971   5250974.7118   2   7   0.2664   0.1365   0.2326   0.0699   0.0680   0.1803  -0.50    1.1
2026/04/23 07:31:11.600   3509419.7859    779149.1962   5250974.7066   2   7   0.2661   0.1364   0.2322   0.0698   0.0678   0.1801  -0.40    1.1
2026/04/23 07:31:11.700   3509419.7786    779149.1957   5250974.7032   2   7   0.2658   0.1363   0.2317   0.0697   0.0676   0.1798  -0.30    1.1
2026/04/23 07:31:11.800   3509419.7711    779149.1951   5250974.6990   2   7   0.2655   0.1362   0.2313   0.0695   0.0673   0.1796  -0.20    1.1
2026/04/23 07:31:11.900   3509419.7671    779149.1938   5250974.6938   2   7   0.2652   0.1361   0.2308   0.0694   0.0671   0.1793  -0.10    1.1
2026/04/23 07:31:12.000   3509419.7620    779149.1934   5250974.6884   2   7   0.2650   0.1360   0.2304   0.0693   0.0669   0.1791   0.00    1.1
2026/04/23 07:31:12.100   3509419.7586    779149.1938   5250974.6851   2   7   0.2647   0.1359   0.2300   0.0691   0.0667   0.1789   0.10    1.1
2026/04/23 07:31:12.200   3509419.7563    779149.1933   5250974.6813   2   7   0.2644   0.1357   0.2295   0.0690   0.0665   0.1786   0.20    1.1
2026/04/23 07:31:12.300   3509419.7537    779149.1922   5250974.6765   2   7   0.2641   0.1356   0.2291   0.0689   0.0662   0.1784   0.30    1.1
2026/04/23 07:31:12.400   3509419.7484    779149.1919   5250974.6714   2   7   0.2638   0.1355   0.2287   0.0687   0.0660   0.1782   0.40    1.1
2026/04/23 07:31:12.500   3509419.7435    779149.1913   5250974.6649   2   7   0.2635   0.1354   0.2282   0.0686   0.0658   0.1779  -0.50    1.1
2026/04/23 07:31:12.600   3509419.7407    779149.1908   5250974.6601   2   7   0.2632   0.1353   0.2278   0.0685   0.0656   0.1777  -0.40    1.1
2026/04/23 07:31:12.700   3509419.7401    779149.1911   5250974.6554   2   7   0.2629   0.1352   0.2274   0.0684   0.0654   0.1775  -0.30    1.1
2026/04/23 07:31:12.800   3509419.7410    779149.1919   5250974.6510   2   7   0.2626   0.1351   0.2269   0.0682   0.0652   0.1772  -0.20    1.1
2026/04/23 07:31:12.900   3509419.7394    779149.1919   5250974.6471   2   7   0.2624   0.1350   0.2265   0.0681   0.0650   0.1770  -0.10    1.1
2026/04/23 07:31:13.000   3509419.7373    779149.1919   5250974.6438   2   7   0.2621   0.1349   0.2261   0.0680   0.0647   0.1768   0.00    1.1
2026/04/23 07:31:13.100   3509419.7362    779149.1914   5250974.6384   2   7   0.2618   0.1348   0.2257   0.0678   0.0645   0.1765   0.10    1.1
2026/04/23 07:31:13.200   3509419.7329    779149.1908   5250974.6336   2   7   0.2615   0.1347   0.2252   0.0677   0.0643   0.1763   0.20    1.1
2026/04/23 07:31:13.300   3509419.7289    779149.1902   5250974.6280   2   7   0.2612   0.1345   0.2248   0.0676   0.0641   0.1761   0.30    1.1
2026/04/23 07:31:13.400   3509419.7245    779149.1900   5250974.6223   2   7   0.2609   0.1344   0.2244   0.0675   0.0639   0.1758   0.40    1.1
2026/04/23 07:31:13.500   3509419.7216    779149.1903   5250974.6173   2   7   0.2607   0.1343   0.2240   0.0673   0.0637   0.1756  -0.50    1.1
2026/04/23 07:31:13.600   3509419.7181    779149.1905   5250974.6129   2   7   0.2604   0.1342   0.2236   0.0672   0.0635   0.1754  -0.40    1.1
2026/04/23 07:31:13.700   3509419.7144    779149.1907   5250974.6093   2   7   0.2601   0.1341   0.2231   0.0671   0.0633   0.1751  -0.30    1.1
2026/04/23 07:31:13.800   3509419.7112    779149.1909   5250974.6067   2   7   0.2598   0.1340   0.2227   0.0670   0.0630   0.1749  -0.20    1.1
2026/04/23 07:31:13.900   3509419.7080    779149.1908   5250974.6034   2   7   0.2595   0.1339   0.2223   0.0668   0.0628   0.1747  -0.10    1.1
2026/04/23 07:31:14.000   3509419.7049    779149.1909   5250974.6011   2   7   0.2593   0.1338   0.2219   0.0667   0.0626   0.1745   0.00    1.1
2026/04/23 07:31:14.100   3509419.7033    779149.1909   5250974.5989   2   7   0.2590   0.1337   0.2215   0.0666   0.0624   0.1742   0.10    1.1
2026/04/23 07:31:14.200   3509419.7011    779149.1914   5250974.5961   2   7   0.2587   0.1336   0.2211   0.0664   0.0622   0.1740   0.20    1.1
2026/04/23 07:31:14.300   3509419.6984    779149.1918   5250974.5937   2   7   0.2584   0.1335   0.2207   0.0663   0.0620   0.1738   0.30    1.1
2026/04/23 07:31:14.400   3509419.6955    779149.1928   5250974.5910   2   7   0.2582   0.1334   0.2203   0.0662   0.0618   0.1736   0.40    1.1
2026/04/23 07:31:14.500   3509419.6912    779149.1932   5250974.5902   2   7   0.2579   0.1333   0.2199   0.0661   0.0616   0.1733  -0.50    1.1
2026/04/23 07:31:14.600   3509419.6877    779149.1931   5250974.5892   2   7   0.2576   0.1332   0.2195   0.0660   0.0614   0.1731  -0.40    1.1
2026/04/23 07:31:14.700   3509419.6835    779149.1928   5250974.5879   2   7   0.2573   0.1331   0.2191   0.0658   0.0612   0.1729  -0.30    1.2
2026/04/23 07:31:14.800   3509419.6790    779149.1920   5250974.5854   2   7   0.2571   0.1330   0.2186   0.0657   0.0610   0.1727  -0.20    1.2
2026/04/23 07:31:14.900   3509419.6751    779149.1920   5250974.5846   2   7   0.2568   0.1328   0.2182   0.0656   0.0608   0.1724  -0.10    1.2
2026/04/23 07:31:15.000   3509419.6716    779149.1929   5250974.5848   2   7   0.2565   0.1327   0.2178   0.0655   0.0606   0.1722   0.00    1.2
2026/04/23 07:31:15.100   3509419.6688    779149.1933   5250974.5844   2   7   0.2562   0.1326   0.2174   0.0653   0.0603   0.1720   0.10    1.2
2026/04/23 07:31:15.200   3509419.6658    779149.1935   5250974.5832   2   7   0.2560   0.1325   0.2170   0.0652   0.0601   0.1718   0.20    1.2
2026/04/23 07:31:15.300   3509419.6632    779149.1940   5250974.5840   2   7   0.2557   0.1324   0.2166   0.0651   0.0599   0.1715   0.30    1.2
2026/04/23 07:31:15.400   3509419.6602    779149.1948   5250974.5840   2   7   0.2554   0.1323   0.2163   0.0650   0.0597   0.1713   0.40    1.2
2026/04/23 07:31:15.500   3509419.6576    779149.1960   5250974.5843   2   7   0.2551   0.1322   0.2159   0.0648   0.0595   0.1711  -0.50    1.2
2026/04/23 07:31:15.600   3509419.6542    779149.1964   5250974.5839   2   7   0.2549   0.1321   0.2155   0.0647   0.0593   0.1709  -0.40    1.2
2026/04/23 07:31:15.700   3509419.6499    779149.1965   5250974.5849   2   7   0.2546   0.1320   0.2151   0.0646   0.0591   0.1707  -0.30    1.2
2026/04/23 07:31:15.800   3509419.6461    779149.1966   5250974.5869   2   7   0.2543   0.1319   0.2147   0.0645   0.0589   0.1704  -0.20    1.2
2026/04/23 07:31:15.900   3509419.6412    779149.1970   5250974.5890   2   7   0.2541   0.1318   0.2143   0.0644   0.0587   0.1702  -0.10    1.2
2026/04/23 07:31:16.000   3509419.6358    779149.1977   5250974.5891   2   7   0.2538   0.1317   0.2139   0.0642   0.0585   0.1700   0.00    1.2
2026/04/23 07:31:16.100   3509419.6303    779149.1981   5250974.5891   2   7   0.2535   0.1316   0.2135   0.0641   0.0583   0.1698   0.10    1.2
2026/04/23 07:31:16.200   3509419.6250    779149.1987   5250974.5897   2   7   0.2533   0.1315   0.2131   0.0640   0.0581   0.1696   0.20    1.2
2026/04/23 07:31:16.300   3509419.6210    779149.1990   5250974.5912   2   7   0.2530   0.1314   0.2127   0.0639   0.0579   0.1694   0.30    1.2
2026/04/23 07:31:16.400   3509419.6160    779149.1997   5250974.5927   2   7   0.2527   0.1313   0.2124   0.0638   0.0577   0.1691   0.40    1.2
2026/04/23 07:31:16.500   3509419.6116    779149.2000   5250974.5931   2   7   0.2525   0.1312   0.2120   0.0636   0.0575   0.1689  -0.50    1.2
2026/04/23 07:31:16.600   3509419.6077    779149.2004   5250974.5944   2   7   0.2522   0.1311   0.2116   0.0635   0.0573   0.1687  -0.40    1.2
2026/04/23 07:31:16.700   3509419.6042    779149.2006   5250974.5942   2   7   0.2519   0.1310   0.2112   0.0634   0.0571   0.1685  -0.30    1.2
2026/04/23 07:31:16.800   3509419.6000    779149.2007   5250974.5939   2   7   0.2517   0.1309   0.2108   0.0633   0.0569   0.1683  -0.20    1.2
2026/04/23 07:31:16.900   3509419.5967    779149.2003   5250974.5934   2   7   0.2514   0.1308   0.2105   0.0632   0.0567   0.1681  -0.10    1.2
2026/04/23 07:31:17.000   3509419.5933    779149.1997   5250974.5927   2   7   0.2511   0.1307   0.2101   0.0630   0.0565   0.1678   0.00    1.2
2026/04/23 07:31:17.100   3509419.5881    779149.1995   5250974.5900   2   7   0.2509   0.1306   0.2097   0.0629   0.0563   0.1676   0.10    1.2
2026/04/23 07:31:17.200   3509419.5832    779149.1995   5250974.5872   2   7   0.2506   0.1305   0.2093   0.0628   0.0562   0.1674   0.20    1.2
2026/04/23 07:31:17.300   3509419.5769    779149.1994   5250974.5839   2   7   0.2504   0.1304   0.2089   0.0627   0.0560   0.1672   0.30    1.2
2026/04/23 07:31:17.400   3509419.5716    779149.1995   5250974.5801   2   7   0.2501   0.1303   0.2086   0.0626   0.0558   0.1670   0.40    1.2
2026/04/23 07:31:17.500   3509419.5679    779149.1997   5250974.5763   2   7   0.2498   0.1302   0.2082   0.0625   0.0556   0.1668  -0.50    1.2
2026/04/23 07:31:17.600   3509419.5647    779149.1993   5250974.5726   2   7   0.2496   0.1301   0.2078   0.0623   0.0554   0.1666  -0.40    1.2
2026/04/23 07:31:17.700   3509419.5611    779149.1993   5250974.5692   2   7   0.2493   0.1300   0.2075   0.0622   0.0552   0.1664  -0.30    1.2
2026/04/23 07:31:17.800   3509419.5572    779149.1993   5250974.5666   2   7   0.2491   0.1299   0.2071   0.0621   0.0550   0.1662  -0.20    1.2
2026/04/23 07:31:17.900   3509419.5536    779149.1984   5250974.5627   2   7   0.2488   0.1298   0.2067   0.0620   0.0548   0.1659  -0.10    1.2
2026/04/23 07:31:18.000   3509419.5464    779149.1972   5250974.5594   2   7   0.2486   0.1297   0.2064   0.0619   0.0546   0.1657   0.00    1.2
2026/04/23 07:31:18.100   3509419.5403    779149.1965   5250974.5550   2   7   0.2483   0.1296   0.2060   0.0618   0.0544   0.1655   0.10    1.2
2026/04/23 07:31:18.200   3509419.5337    779149.1958   5250974.5496   2   7   0.2480   0.1295   0.2056   0.0616   0.0542   0.1653   0.20    1.2
2026/04/23 07:31:18.300   3509419.5264    779149.1950   5250974.5431   2   7   0.2478   0.1294   0.2053   0.0615   0.0540   0.1651   0.30    1.2
2026/04/23 07:31:18.400   3509419.5186    779149.1945   5250974.5359   2   7   0.2475   0.1293   0.2049   0.0614   0.0538   0.1649   0.40    1.2
2026/04/23 07:31:18.500   3509419.5109    779149.1936   5250974.5260   2   7   0.2473   0.1292   0.2045   0.0613   0.0536   0.1647  -0.50    1.2
2026/04/23 07:31:18.600   3509419.5026    779149.1926   5250974.5155   2   7   0.2470   0.1292   0.2042   0.0612   0.0535   0.1645  -0.40    1.2
2026/04/23 07:31:18.700   3509419.4938    779149.1916   5250974.5063   2   7   0.2468   0.1291   0.2038   0.0611   0.0533   0.1643  -0.30    1.2
2026/04/23 07:31:18.800   3509419.4827    779149.1904   5250974.4968   2   7   0.2465   0.1290   0.2035   0.0610   0.0531   0.1641  -0.20    1.2
2026/04/23 07:31:18.900   3509419.4732    779149.1892   5250974.4871   2   7   0.2463   0.1289   0.2031   0.0608   0.0529   0.1639  -0.10    1.2
2026/04/23 07:31:19.000   3509419.4641    779149.1874   5250974.4760   2   7   0.2460   0.1288   0.2027   0.0607   0.0527   0.1637   0.00    1.2
2026/04/23 07:31:19.100   3509419.4569    779149.1852   5250974.4649   2   7   0.2457   0.1287   0.2024   0.0606   0.0525   0.1635   0.10    1.3
2026/04/23 07:31:19.200   3509419.4482    779149.1827   5250974.4528   2   7   0.2455   0.1286   0.2020   0.0605   0.0523   0.1633   0.20    1.3
2026/04/23 07:31:19.300   3509419.4394    779149.1810   5250974.4411   2   7   0.2452   0.1285   0.2017   0.0604   0.0521   0.1631   0.30    1.3
2026/04/23 07:31:19.400   3509419.4329    779149.1794   5250974.4298   2   7   0.2450   0.1284   0.2013   0.0603   0.0519   0.1629   0.40    1.3
2026/04/23 07:31:19.500   3509419.4262    779149.1781   5250974.4189   2   7   0.2447   0.1283   0.2010   0.0602   0.0518   0.1627  -0.50    1.3
2026/04/23 07:31:19.600   3509419.4217    779149.1755   5250974.4084   2   7   0.2445   0.1282   0.2006   0.0601   0.0516   0.1625  -0.40    1.3
2026/04/23 07:31:19.700   3509419.4196    779149.1738   5250974.3984   2   7   0.2442   0.1281   0.2003   0.0599   0.0514   0.1623  -0.30    1.3
2026/04/23 07:31:19.800   3509419.4173    779149.1724   5250974.3903   2   7   0.2440   0.1280   0.1999   0.0598   0.0512   0.1621  -0.20    1.3
2026/04/23 07:31:19.900   3509419.4135    779149.1720   5250974.3822   2   7   0.2438   0.1279   0.1996   0.0597   0.0510   0.1618  -0.10    1.3
2026/04/23 07:31:20.000   3509419.4088    779149.1718   5250974.3738   2   7   0.2435   0.1278   0.1992   0.0596   0.0508   0.1616   0.00    1.3
2026/04/23 07:31:20.100   3509419.4047    779149.1710   5250974.3681   2   7   0.2433   0.1277   0.1989   0.0595   0.0506   0.1614   0.10    1.3
2026/04/23 07:31:20.200   3509419.4000    779149.1701   5250974.3636   2   7   0.2430   0.1276   0.1986   0.0594   0.0504   0.1612   0.20    1.3
2026/04/23 07:31:20.300   3509419.3940    779149.1682   5250974.3564   2   7   0.2428   0.1275   0.1982   0.0593   0.0503   0.1610   0.30    1.3
2026/04/23 07:31:20.400   3509419.3847    779149.1666   5250974.3474   2   7   0.2425   0.1275   0.1979   0.0592   0.0501   0.1609   0.40    1.3
2026/04/23 07:31:20.500   3509419.3783    779149.1651   5250974.3426   2   7   0.2423   0.1274   0.1975   0.0591   0.0499   0.1607  -0.50    1.3
2026/04/23 07:31:20.600   3509419.3747    779149.1636   5250974.3374   2   7   0.2420   0.1273   0.1972   0.0589   0.0497   0.1605  -0.40    1.3
2026/04/23 07:31:20.700   3509419.3717    779149.1638   5250974.3340   2   7   0.2418   0.1272   0.1969   0.0588   0.0495   0.1603  -0.30    1.3
2026/04/23 07:31:20.800   3509419.3650    779149.1634   5250974.3288   2   7   0.2415   0.1271   0.1965   0.0587   0.0494   0.1601  -0.20    1.3
2026/04/23 07:31:20.900   3509419.3596    779149.1627   5250974.3211   2   7   0.2413   0.1270   0.1962   0.0586   0.0492   0.1599  -0.10    1.3
2026/04/23 07:31:21.000   3509419.3541    779149.1619   5250974.3144   2   7   0.2411   0.1269   0.1958   0.0585   0.0490   0.1597   0.00    1.3
2026/04/23 07:31:21.100   3509419.3514    779149.1615   5250974.3116   2   7   0.2408   0.1268   0.1955   0.0584   0.0488   0.1595   0.10    1.3
2026/04/23 07:31:21.200   3509419.3508    779149.1608   5250974.3099   2   7   0.2406   0.1267   0.1952   0.0583   0.0486   0.1593   0.20    1.3
2026/04/23 07:31:21.300   3509419.3465    779149.1592   5250974.3037   2   7   0.2403   0.1266   0.1948   0.0582   0.0484   0.1591   0.30    1.3
2026/04/23 07:31:21.400   3509419.3412    779149.1592   5250974.2970   2   7   0.2401   0.1265   0.1945   0.0581   0.0483   0.1589   0.40    1.3
2026/04/23 07:31:21.500   3509419.3363    779149.1597   5250974.2902   2   7   0.2398   0.1265   0.1942   0.0580   0.0481   0.1587  -0.50    1.3
2026/04/23 07:31:21.600   3509419.3341    779149.1599   5250974.2830   2   7   0.2396   0.1264   0.1938   0.0579   0.0479   0.1585  -0.40    1.3
2026/04/23 07:31:21.700   3509419.3315    779149.1588   5250974.2776   2   7   0.2394   0.1263   0.1935   0.0577   0.0477   0.1583  -0.30    1.3
2026/04/23 07:31:21.800   3509419.3309    779149.1578   5250974.2732   2   7   0.2391   0.1262   0.1932   0.0576   0.0475   0.1581  -0.20    1.3
2026/04/23 07:31:21.900   3509419.3330    779149.1571   5250974.2696   2   7   0.2389   0.1261   0.1929   0.0575   0.0474   0.1579  -0.10    1.3
2026/04/23 07:31:22.000   3509419.3418    779149.1580   5250974.2680   2   7   0.2386   0.1260   0.1925   0.0574   0.0472   0.1577   0.00    1.3
2026/04/23 07:31:22.100   3509419.3483    779149.1583   5250974.2642   2   7   0.2384   0.1259   0.1922   0.0573   0.0470   0.1575   0.10    1.3
2026/04/23 07:31:22.200   3509419.3526    779149.1602   5250974.2639   2   7   0.2382   0.1258   0.1919   0.0572   0.0468   0.1574   0.20    1.3
2026/04/23 07:31:22.300   3509419.3549    779149.1604   5250974.2626   2   7   0.2379   0.1257   0.1916   0.0571   0.0466   0.1572   0.30    1.3
2026/04/23 07:31:22.400   3509419.3548    779149.1594   5250974.2604   2   7   0.2377   0.1256   0.1912   0.0570   0.0465   0.1570   0.40    1.3
2026/04/23 07:31:22.500   3509419.3536    779149.1609   5250974.2597   2   7   0.2375   0.1256   0.1909   0.0569   0.0463   0.1568  -0.50    1.3
2026/04/23 07:31:22.600   3509419.3522    779149.1634   5250974.2602   2   7   0.2372   0.1255   0.1906   0.0568   0.0461   0.1566  -0.40    1.3
2026/04/23 07:31:22.700   3509419.3481    779149.1633   5250974.2573   2   7   0.2370   0.1254   0.1903   0.0567   0.0459   0.1564  -0.30    1.3
2026/04/23 07:31:22.800   3509419.3438    779149.1644   5250974.2540   2   7   0.2368   0.1253   0.1900   0.0566   0.0458   0.1562  -0.20    1.3
2026/04/23 07:31:22.900   3509419.3378    779149.1659   5250974.2538   2   7   0.2365   0.1252   0.1896   0.0565   0.0456   0.1560  -0.10    1.3
2026/04/23 07:31:23.000   3509419.3285    779149.1664   5250974.2523   2   7   0.2363   0.1251   0.1893   0.0564   0.0454   0.1558   0.00    1.3
2026/04/23 07:31:23.100   3509419.3229    779149.1660   5250974.2515   2   7   0.2361   0.1250   0.1890   0.0563   0.0452   0.1557   0.10    1.3
2026/04/23 07:31:23.200   3509419.3166    779149.1666   5250974.2480   2   7   0.2358   0.1249   0.1887   0.0562   0.0450   0.1555   0.20    1.3
2026/04/23 07:31:23.300   3509419.3095    779149.1677   5250974.2417   2   7   0.2356   0.1249   0.1884   0.0561   0.0449   0.1553   0.30    1.3
2026/04/23 07:31:23.400   3509419.3053    779149.1677   5250974.2355   2   7   0.2354   0.1248   0.1881   0.0560   0.0447   0.1551   0.40    1.3
2026/04/23 07:31:23.500   3509419.2996    779149.1679   5250974.2295   2   7   0.2351   0.1247   0.1878   0.0558   0.0445   0.1549  -0.50    1.3
2026/04/23 07:31:23.600   3509419.2931    779149.1680   5250974.2230   2   7   0.2349   0.1246   0.1874   0.0557   0.0444   0.1547  -0.40    1.4
2026/04/23 07:31:23.700   3509419.2862    779149.1675   5250974.2186   2   7   0.2347   0.1245   0.1871   0.0556   0.0442   0.1545  -0.30    1.4
2026/04/23 07:31:23.800   3509419.2795    779149.1670   5250974.2140   2   7   0.2344   0.1244   0.1868   0.0555   0.0440   0.1544  -0.20    1.4
2026/04/23 07:31:23.900   3509419.2723    779149.1662   5250974.2090   2   7   0.2342   0.1243   0.1865   0.0554   0.0438   0.1542  -0.10    1.4
2026/04/23 07:31:24.000   3509419.2654    779149.1648   5250974.2049   2   7   0.2340   0.1242   0.1862   0.0553   0.0437   0.1540   0.00    1.4
2026/04/23 07:31:24.100   3509419.2629    779149.1633   5250974.2045   2   7   0.2337   0.1242   0.1859   0.0552   0.0435   0.1538   0.10    1.4
2026/04/23 07:31:24.200   3509419.2620    779149.1623   5250974.2041   2   7   0.2335   0.1241   0.1856   0.0551   0.0433   0.1536   0.20    1.4
2026/04/23 07:31:24.300   3509419.2619    779149.1607   5250974.2050   2   7   0.2333   0.1240   0.1853   0.0550   0.0431   0.1534   0.30    1.4
2026/04/23 07:31:24.400   3509419.2618    779149.1593   5250974.2086   2   7   0.2331   0.1239   0.1850   0.0549   0.0430   0.1533   0.40    1.4
2026/04/23 07:31:24.500   3509419.2700    779149.1582   5250974.2155   2   7   0.2328   0.1238   0.1847   0.0548   0.0428   0.1531  -0.50    1.4
2026/04/23 07:31:24.600   3509419.2768    779149.1569   5250974.2228   2   7   0.2326   0.1237   0.1844   0.0547   0.0426   0.1529  -0.40    1.4
2026/04/23 07:31:24.700   3509419.2775    779149.1565   5250974.2280   2   7   0.2324   0.1237   0.1841   0.0546   0.0424   0.1527  -0.30    1.4
2026/04/23 07:31:24.800   3509419.2776    779149.1569   5250974.2320   2   7   0.2322   0.1236   0.1838   0.0545   0.0423   0.1525  -0.20    1.4
2026/04/23 07:31:24.900   3509419.2825    779149.1582   5250974.2383   2   7   0.2319   0.1235   0.1835   0.0544   0.0421   0.1524  -0.10    1.4
2026/04/23 07:31:25.000   3509419.2861    779149.1592   5250974.2444   2   7   0.2317   0.1234   0.1832   0.0543   0.0419   0.1522   0.00    1.4
2026/04/23 07:31:25.100   3509419.2913    779149.1599   5250974.2527   2   7   0.2315   0.1233   0.1829   0.0542   0.0418   0.1520   0.10    1.4
2026/04/23 07:31:25.200   3509419.2988    779149.1619   5250974.2611   2   7   0.2313   0.1232   0.1826   0.0541   0.0416   0.1518   0.20    1.4
2026/04/23 07:31:25.300   3509419.3027    779149.1636   5250974.2672   2   7   0.2310   0.1231   0.1823   0.0540   0.0414   0.1516   0.30    1.4
2026/04/23 07:31:25.400   3509419.3026    779149.1649   5250974.2749   2   7   0.2308   0.1231   0.1820   0.0539   0.0412   0.1515   0.40    1.4
2026/04/23 07:31:25.500   3509419.3009    779149.1661   5250974.2815   2   7   0.2306   0.1230   0.1817   0.0538   0.0411   0.1513  -0.50    1.4
2026/04/23 07:31:25.600   3509419.2998    779149.1669   5250974.2876   2   7   0.2304   0.1229   0.1814   0.0537   0.0409   0.1511  -0.40    1.4
2026/04/23 07:31:25.700   3509419.2988    779149.1678   5250974.2924   2   7   0.2301   0.1228   0.1811   0.0536   0.0407   0.1509  -0.30    1.4
2026/04/23 07:31:25.800   3509419.2995    779149.1690   5250974.2965   2   7   0.2299   0.1227   0.1808   0.0535   0.0406   0.1507  -0.20    1.4
2026/04/23 07:31:25.900   3509419.3001    779149.1698   5250974.3005   2   7   0.2297   0.1226   0.1805   0.0534   0.0404   0.1506  -0.10    1.4
2026/04/23 07:31:26.000   3509419.3007    779149.1692   5250974.3041   2   7   0.2295   0.1226   0.1802   0.0533   0.0402   0.1504   0.00    1.4
2026/04/23 07:31:26.100   3509419.3018    779149.1693   5250974.3100   2   7   0.2293   0.1225   0.1799   0.0532   0.0401   0.1502   0.10    1.4
2026/04/23 07:31:26.200   3509419.3040    779149.1692   5250974.3173   2   7   0.2290   0.1224   0.1796   0.0531   0.0399   0.1500   0.20    1.4
2026/04/23 07:31:26.300   3509419.3094    779149.1689   5250974.3238   2   7   0.2288   0.1223   0.1794   0.0530   0.0397   0.1499   0.30    1.4
2026/04/23 07:31:26.400   3509419.3143    779149.1680   5250974.3306   2   7   0.2286   0.1222   0.1791   0.0529   0.0396   0.1497   0.40    1.4
2026/04/23 07:31:26.500   3509419.3188    779149.1676   5250974.3371   2   7   0.2284   0.1222   0.1788   0.0528   0.0394   0.1495  -0.50    1.4
2026/04/23 07:31:26.600   3509419.3256    779149.1668   5250974.3442   2   7   0.2282   0.1221   0.1785   0.0527   0.0392   0.1493  -0.40    1.4
2026/04/23 07:31:26.700   3509419.3283    779149.1663   5250974.3509   2   7   0.2279   0.1220   0.1782   0.0526   0.0390   0.1492  -0.30    1.4
2026/04/23 07:31:26.800   3509419.3311    779149.1656   5250974.3566   2   7   0.2277   0.1219   0.1779   0.0525   0.0389   0.1490  -0.20    1.4
2026/04/23 07:31:26.900   3509419.3328    779149.1649   5250974.3610   2   7   0.2275   0.1218   0.1776   0.0524   0.0387   0.1488  -0.10    1.4
2026/04/23 07:31:27.000   3509419.3334    779149.1649   5250974.3667   2   7   0.2273   0.1217   0.1774   0.0523   0.0385   0.1487   0.00    1.4
2026/04/23 07:31:27.100   3509419.3316    779149.1663   5250974.3735   2   7   0.2271   0.1217   0.1771   0.0522   0.0384   0.1485   0.10    1.4
2026/04/23 07:31:27.200   3509419.3224    779149.1675   5250974.3763   2   7   0.2269   0.1216   0.1768   0.0521   0.0382   0.1483   0.20    1.4
2026/04/23 07:31:27.300   3509419.3201    779149.1677   5250974.3796   2   7   0.2266   0.1215   0.1765   0.0520   0.0380   0.1481   0.30    1.4
2026/04/23 07:31:27.400   3509419.3252    779149.1661   5250974.3857   2   7   0.2264   0.1214   0.1762   0.0520   0.0379   0.1480   0.40    1.4
2026/04/23 07:31:27.500   3509419.3284    779149.1650   5250974.3907   2   7   0.2262   0.1213   0.1760   0.0519   0.0377   0.1478  -0.50    1.4
2026/04/23 07:31:27.600   3509419.3342    779149.1645   5250974.3954   2   7   0.2260   0.1212   0.1757   0.0518   0.0376   0.1476  -0.40    1.4
2026/04/23 07:31:27.700   3509419.3429    779149.1662   5250974.4014   2   7   0.2257   0.1212   0.1754   0.0518   0.0375   0.1474  -0.30    1.4
2026/04/23 07:31:27.800   3509419.3437    779149.1687   5250974.4059   2   6   0.2258   0.1211   0.1751   0.0517   0.0373   0.1474  -0.20    1.0
2026/04/23 07:31:27.900   3509419.3449    779149.1694   5250974.4101   2   7   0.2259   0.1210   0.1749   0.0516   0.0372   0.1474  -0.10    1.0
2026/04/23 07:31:28.000   3509419.3450    779149.1701   5250974.4146   2   7   0.2260   0.1209   0.1747   0.0515   0.0370   0.1474   0.00    1.0
2026/04/23 07:31:28.100   3509419.3435    779149.1714   5250974.4186   2   7   0.2261   0.1208   0.1745   0.0515   0.0369   0.1474   0.10    1.0
2026/04/23 07:31:28.200   3509419.3627    779149.1728   5250974.4299   2   8   0.2254   0.1207   0.1742   0.0515   0.0369   0.1471   0.20    1.2
2026/04/23 07:31:28.300   3509419.3616    779149.1747   5250974.4362   2   7   0.2255   0.1207   0.1740   0.0515   0.0368   0.1471   0.30    1.0
2026/04/23 07:31:28.400   3509419.3611    779149.1749   5250974.4439   2   7   0.2255   0.1206   0.1738   0.0515   0.0367   0.1471   0.40    1.0
2026/04/23 07:31:28.500   3509419.3878    779149.1762   5250974.4603   2   8   0.2249   0.1205   0.1735   0.0515   0.0367   0.1467  -0.50    1.3
2026/04/23 07:31:28.600   3509419.4074    779149.1785   5250974.4769   2   8   0.2245   0.1204   0.1732   0.0515   0.0366   0.1464  -0.40    1.4
2026/04/23 07:31:28.700   3509419.4306    779149.1806   5250974.4945   2   8   0.2242   0.1203   0.1729   0.0514   0.0365   0.1462  -0.30    1.3
2026/04/23 07:31:28.800   3509419.4426    779149.1823   5250974.5085   2   8   0.2238   0.1202   0.1726   0.0514   0.0364   0.1459  -0.20    1.3
2026/04/23 07:31:28.900   3509419.4584    779149.1839   5250974.5242   2   8   0.2236   0.1202   0.1723   0.0513   0.0363   0.1457  -0.10    1.3
2026/04/23 07:31:29.000   3509419.4768    779149.1862   5250974.5368   2   8   0.2233   0.1201   0.1720   0.0512   0.0361   0.1455   0.00    1.3
2026/04/23 07:31:29.100   3509419.4951    779149.1890   5250974.5478   2   8   0.2230   0.1200   0.1717   0.0511   0.0360   0.1453   0.10    1.2
2026/04/23 07:31:29.200   3509419.5124    779149.1922   5250974.5610   2   8   0.2228   0.1199   0.1714   0.0511   0.0358   0.1451   0.20    1.2
2026/04/23 07:31:29.300   3509419.5313    779149.1952   5250974.5750   2   8   0.2226   0.1198   0.1711   0.0510   0.0357   0.1448   0.30    1.2
2026/04/23 07:31:29.400   3509419.5517    779149.1976   5250974.5903   2   8   0.2223   0.1197   0.1708   0.0509   0.0355   0.1446   0.40    1.2
2026/04/23 07:31:29.500   3509419.5704    779149.2006   5250974.6038   2   8   0.2221   0.1196   0.1705   0.0509   0.0354   0.1444  -0.50    1.1
2026/04/23 07:31:29.600   3509419.5914    779149.2039   5250974.6174   2   8   0.2219   0.1195   0.1702   0.0508   0.0352   0.1443  -0.40    1.1
2026/04/23 07:31:29.700   3509419.6131    779149.2059   5250974.6304   2   8   0.2216   0.1195   0.1700   0.0507   0.0351   0.1441  -0.30    1.1
2026/04/23 07:31:29.800   3509419.6352    779149.2087   5250974.6446   2   8   0.2214   0.1194   0.1697   0.0507   0.0349   0.1439  -0.20    1.1
2026/04/23 07:31:29.900   3509419.6578    779149.2119   5250974.6619   2   8   0.2212   0.1193   0.1694   0.0506   0.0348   0.1437  -0.10    1.1
2026/04/23 07:31:30.000   3509419.6809    779149.2152   5250974.6782   2   8   0.2209   0.1192   0.1691   0.0506   0.0347   0.1435   0.00    1.1
2026/04/23 07:31:30.100   3509419.7041    779149.2195   5250974.6962   2   8   0.2207   0.1191   0.1688   0.0505   0.0345   0.1433   0.10    1.0
2026/04/23 07:31:30.200   3509419.7271    779149.2239   5250974.7127   2   8   0.2205   0.1190   0.1685   0.0504   0.0344   0.1431   0.20    1.0
2026/04/23 07:31:30.300   3509419.7495    779149.2276   5250974.7283   2   8   0.2203   0.1190   0.1683   0.0504   0.0343   0.1429   0.30    1.0
2026/04/23 07:31:30.400   3509419.7727    779149.2307   5250974.7427   2   8   0.2200   0.1189   0.1680   0.0503   0.0341   0.1427   0.40    1.0
2026/04/23 07:31:30.500   3509419.7956    779149.2351   5250974.7571   2   8   0.2198   0.1188   0.1677   0.0503   0.0340   0.1426  -0.50    1.0
2026/04/23 07:31:30.600   3509419.8184    779149.2398   5250974.7733   2   8   0.2196   0.1187   0.1675   0.0502   0.0339   0.1424  -0.40    1.0
2026/04/23 07:31:30.700   3509419.8433    779149.2443   5250974.7893   2   8   0.2194   0.1186   0.1672   0.0502   0.0337   0.1422  -0.30    1.0
2026/04/23 07:31:30.800   3509419.8689    779149.2479   5250974.8048   2   8   0.2191   0.1185   0.1669   0.0501   0.0336   0.1420  -0.20    1.0
2026/04/23 07:31:30.900   3509419.8934    779149.2519   5250974.8215   2   8   0.2189   0.1185   0.1667   0.0501   0.0335   0.1418  -0.10    1.0
2026/04/23 07:31:31.000   3509419.9147    779149.2557   5250974.8367   2   8   0.2187   0.1184   0.1664   0.0500   0.0334   0.1417   0.00    1.0
2026/04/23 07:31:31.100   3509419.9366    779149.2592   5250974.8520   2   8   0.2185   0.1183   0.1661   0.0499   0.0332   0.1415   0.10    1.0
2026/04/23 07:31:31.200   3509419.9631    779149.2640   5250974.8673   2   8   0.2182   0.1182   0.1659   0.0499   0.0331   0.1413   0.20    1.0
2026/04/23 07:31:31.300   3509419.9913    779149.2681   5250974.8828   2   8   0.2180   0.1181   0.1656   0.0498   0.0330   0.1411   0.30    1.0
2026/04/23 07:31:31.400   3509420.0158    779149.2720   5250974.8984   2   8   0.2178   0.1181   0.1654   0.0498   0.0329   0.1410   0.40    1.0
2026/04/23 07:31:31.500   3509420.0143    779149.2771   5250974.9081   2   7   0.2178   0.1180   0.1651   0.0497   0.0327   0.1409  -0.50    1.1
2026/04/23 07:31:31.600   3509420.0071    779149.2821   5250974.9155   2   7   0.2179   0.1179   0.1649   0.0496   0.0326   0.1409  -0.40    1.1
2026/04/23 07:31:31.700   3509420.0382    779149.2863   5250974.9310   2   8   0.2175   0.1178   0.1647   0.0496   0.0325   0.1407  -0.30    1.0
2026/04/23 07:31:31.800   3509420.0311    779149.2903   5250974.9346   2   7   0.2175   0.1177   0.1645   0.0496   0.0324   0.1406  -0.20    1.1
2026/04/23 07:31:31.900   3509420.0630    779149.2937   5250974.9501   2   8   0.2172   0.1177   0.1642   0.0496   0.0323   0.1404  -0.10    1.0
2026/04/23 07:31:32.000   3509420.0567    779149.2981   5250974.9546   2   7   0.2172   0.1176   0.1640   0.0495   0.0322   0.1404   0.00    1.1
2026/04/23 07:31:32.100   3509420.0914    779149.3004   5250974.9696   2   8   0.2168   0.1175   0.1637   0.0495   0.0321   0.1402   0.10    1.0
2026/04/23 07:31:32.200   3509420.1146    779149.3035   5250974.9820   2   8   0.2165   0.1174   0.1635   0.0494   0.0320   0.1400   0.20    1.0
2026/04/23 07:31:32.300   3509420.1114    779149.3071   5250974.9868   2   6   0.2166   0.1174   0.1633   0.0493   0.0318   0.1399   0.30    1.0
2026/04/23 07:31:32.400   3509420.1040    779149.3101   5250974.9896   2   7   0.2166   0.1173   0.1631   0.0492   0.0317   0.1399   0.40    1.2
2026/04/23 07:31:32.500   3509420.0958    779149.3129   5250974.9916   2   7   0.2166   0.1172   0.1629   0.0492   0.0317   0.1399  -0.50    1.2
2026/04/23 07:31:32.600   3509420.0887    779149.3149   5250974.9918   2   7   0.2166   0.1171   0.1627   0.0492   0.0316   0.1399  -0.40    1.2
2026/04/23 07:31:32.700   3509420.0813    779149.3172   5250974.9907   2   7   0.2166   0.1171   0.1625   0.0493   0.0316   0.1398  -0.30    1.2
2026/04/23 07:31:32.800   3509420.0750    779149.3182   5250974.9887   2   7   0.2166   0.1170   0.1624   0.0493   0.0315   0.1398  -0.20    1.2
2026/04/23 07:31:32.900   3509420.0700    779149.3187   5250974.9859   2   7   0.2165   0.1169   0.1622   0.0493   0.0315   0.1398  -0.10    1.2
2026/04/23 07:31:33.000   3509420.0663    779149.3187   5250974.9830   2   7   0.2164   0.1169   0.1620   0.0493   0.0314   0.1397   0.00    1.2
2026/04/23 07:31:33.100   3509420.0606    779149.3189   5250974.9808   2   7   0.2164   0.1168   0.1618   0.0493   0.0314   0.1397   0.10    1.2
2026/04/23 07:31:33.200   3509420.0590    779149.3184   5250974.9799   2   7   0.2163   0.1167   0.1616   0.0493   0.0314   0.1396   0.20    1.2
2026/04/23 07:31:33.300   3509420.0619    779149.3181   5250974.9810   2   7   0.2162   0.1166   0.1615   0.0493   0.0313   0.1396   0.30    1.2
2026/04/23 07:31:33.400   3509420.0647    779149.3171   5250974.9819   2   7   0.2161   0.1166   0.1613   0.0493   0.0313   0.1395   0.40    1.2
2026/04/23 07:31:33.500   3509420.0683    779149.3174   5250974.9848   2   7   0.2160   0.1165   0.1611   0.0493   0.0313   0.1395  -0.50    1.2
2026/04/23 07:31:33.600   3509420.0574    779149.3205   5250974.9803   2   6   0.2161   0.1165   0.1610   0.0492   0.0311   0.1395  -0.40    1.0
2026/04/23 07:31:33.700   3509420.0690    779149.3195   5250974.9853   2   7   0.2160   0.1164   0.1608   0.0492   0.0311   0.1395  -0.30    1.2
2026/04/23 07:31:33.800   3509420.0780    779149.3199   5250974.9902   2   7   0.2158   0.1163   0.1606   0.0492   0.0311   0.1394  -0.20    1.2
2026/04/23 07:31:33.900   3509420.0823    779149.3220   5250974.9944   2   7   0.2157   0.1162   0.1604   0.0492   0.0311   0.1393  -0.10    1.2
2026/04/23 07:31:34.000   3509420.0874    779149.3242   5250974.9994   2   7   0.2156   0.1162   0.1602   0.0492   0.0310   0.1392   0.00    1.2
2026/04/23 07:31:34.100   3509420.0777    779149.3294   5250974.9983   2   6   0.2157   0.1161   0.1601   0.0491   0.0309   0.1393   0.10    1.0
2026/04/23 07:31:34.200   3509420.0905    779149.3306   5250975.0063   2   7   0.2155   0.1161   0.1599   0.0492   0.0309   0.1392   0.20    1.3
2026/04/23 07:31:34.300   3509420.0992    779149.3325   5250975.0128   2   7   0.2154   0.1160   0.1597   0.0492   0.0308   0.1391   0.30    1.3
2026/04/23 07:31:34.400   3509420.1042    779149.3357   5250975.0200   2   7   0.2153   0.1159   0.1595   0.0492   0.0308   0.1390   0.40    1.3
2026/04/23 07:31:34.500   3509420.1072    779149.3383   5250975.0247   2   7   0.2152   0.1158   0.1593   0.0492   0.0307   0.1389  -0.50    1.3
2026/04/23 07:31:34.600   3509420.1105    779149.3410   5250975.0298   2   7   0.2151   0.1158   0.1591   0.0492   0.0307   0.1388  -0.40    1.3
2026/04/23 07:31:34.700   3509420.1139    779149.3433   5250975.0346   2   7   0.2150   0.1157   0.1589   0.0491   0.0306   0.1388  -0.30    1.3
2026/04/23 07:31:34.800   3509420.1168    779149.3453   5250975.0395   2   7   0.2149   0.1156   0.1587   0.0491   0.0306   0.1387  -0.20    1.3
2026/04/23 07:31:34.900   3509420.1211    779149.3468   5250975.0453   2   7   0.2148   0.1156   0.1585   0.0491   0.0305   0.1386  -0.10    1.3
2026/04/23 07:31:35.000   3509420.1238    779149.3495   5250975.0503   2   7   0.2147   0.1155   0.1583   0.0491   0.0304   0.1385   0.00    1.3
2026/04/23 07:31:35.100   3509420.1235    779149.3530   5250975.0532   2   7   0.2146   0.1154   0.1581   0.0491   0.0304   0.1385   0.10    1.3
2026/04/23 07:31:35.200   3509420.1270    779149.3561   5250975.0584   2   7   0.2145   0.1154   0.1579   0.0491   0.0303   0.1384   0.20    1.3
2026/04/23 07:31:35.300   3509420.1324    779149.3588   5250975.0638   2   7   0.2144   0.1153   0.1578   0.0491   0.0302   0.1383   0.30    1.4
2026/04/23 07:31:35.400   3509420.1369    779149.3606   5250975.0697   2   7   0.2143   0.1152   0.1576   0.0490   0.0302   0.1382   0.40    1.4
2026/04/23 07:31:35.500   3509420.1401    779149.3623   5250975.0747   2   7   0.2142   0.1152   0.1574   0.0490   0.0301   0.1382  -0.50    1.4
2026/04/23 07:31:35.600   3509420.1412    779149.3650   5250975.0790   2   7   0.2141   0.1151   0.1572   0.0490   0.0301   0.1381  -0.40    1.4
2026/04/23 07:31:35.700   3509420.1423    779149.3663   5250975.0819   2   7   0.2140   0.1150   0.1570   0.0490   0.0300   0.1380  -0.30    1.4
2026/04/23 07:31:35.800   3509420.1442    779149.3686   5250975.0845   2   7   0.2139   0.1150   0.1568   0.0490   0.0300   0.1380  -0.20    1.4
2026/04/23 07:31:35.900   3509420.1360    779149.3735   5250975.0829   2   6   0.2140   0.1149   0.1567   0.0489   0.0298   0.1380  -0.10    1.0
2026/04/23 07:31:36.000   3509420.1433    779149.3740   5250975.0870   2   7   0.2138   0.1148   0.1565   0.0489   0.0298   0.1379   0.00    1.4
2026/04/23 07:31:36.100   3509420.1483    779149.3742   5250975.0901   2   7   0.2137   0.1148   0.1563   0.0489   0.0297   0.1378   0.10    1.4
2026/04/23 07:31:36.200   3509420.1530    779149.3746   5250975.0944   2   7   0.2136   0.1147   0.1561   0.0489   0.0297   0.1377   0.20    1.4
2026/04/23 07:31:36.300   3509420.1580    779149.3758   5250975.0996   2   7   0.2135   0.1146   0.1559   0.0489   0.0297   0.1377   0.30    1.4
2026/04/23 07:31:36.400   3509420.1616    779149.3776   5250975.1028   2   7   0.2134   0.1146   0.1558   0.0489   0.0296   0.1376   0.40    1.4
2026/04/23 07:31:36.500   3509420.1602    779149.3799   5250975.1041   2   7   0.2133   0.1145   0.1556   0.0489   0.0296   0.1375  -0.50    1.4
2026/04/23 07:31:36.600   3509420.1584    779149.3826   5250975.1037   2   7   0.2132   0.1145   0.1554   0.0489   0.0296   0.1375  -0.40    1.5
2026/04/23 07:31:36.700   3509420.1555    779149.3855   5250975.1055   2   7   0.2131   0.1144   0.1552   0.0489   0.0295   0.1374  -0.30    1.5
2026/04/23 07:31:36.800   3509420.1535    779149.3879   5250975.1063   2   7   0.2131   0.1143   0.1550   0.0489   0.0295   0.1373  -0.20    1.5
2026/04/23 07:31:36.900   3509420.1507    779149.3900   5250975.1076   2   7   0.2130   0.1143   0.1549   0.0489   0.0294   0.1373  -0.10    1.5
2026/04/23 07:31:37.000   3509420.1491    779149.3916   5250975.1081   2   7   0.2129   0.1142   0.1547   0.0489   0.0294   0.1372   0.00    1.5
2026/04/23 07:31:37.100   3509420.1482    779149.3926   5250975.1095   2   7   0.2128   0.1141   0.1545   0.0489   0.0293   0.1371   0.10    1.5
2026/04/23 07:31:37.200   3509420.1458    779149.3933   5250975.1117   2   7   0.2127   0.1141   0.1543   0.0489   0.0293   0.1371   0.20    1.5
2026/04/23 07:31:37.300   3509420.1431    779149.3943   5250975.1124   2   7   0.2126   0.1140   0.1542   0.0489   0.0292   0.1370   0.30    1.5
2026/04/23 07:31:37.400   3509420.1427    779149.3954   5250975.1127   2   7   0.2125   0.1139   0.1540   0.0489   0.0292   0.1370   0.40    1.5
2026/04/23 07:31:37.500   3509420.1453    779149.3957   5250975.1154   2   7   0.2124   0.1139   0.1538   0.0489   0.0291   0.1369  -0.50    1.5
2026/04/23 07:31:37.600   3509420.1489    779149.3959   5250975.1185   2   7   0.2124   0.1138   0.1537   0.0489   0.0291   0.1368  -0.40    1.5
2026/04/23 07:31:37.700   3509420.1525    779149.3966   5250975.1229   2   7   0.2123   0.1137   0.1535   0.0489   0.0291   0.1368  -0.30    1.5
2026/04/23 07:31:37.800   3509420.1565    779149.3967   5250975.1285   2   7   0.2122   0.1137   0.1533   0.0489   0.0290   0.1367  -0.20    1.5
2026/04/23 07:31:37.900   3509420.1603    779149.3974   5250975.1311   2   7   0.2121   0.1136   0.1531   0.0489   0.0290   0.1367  -0.10    1.5
2026/04/23 07:31:38.000   3509420.1606    779149.3990   5250975.1335   2   7   0.2120   0.1136   0.1530   0.0489   0.0289   0.1366   0.00    1.6
2026/04/23 07:31:38.100   3509420.1590    779149.4010   5250975.1356   2   7   0.2119   0.1135   0.1528   0.0489   0.0289   0.1366   0.10    1.6
2026/04/23 07:31:38.200   3509420.1584    779149.4019   5250975.1358   2   7   0.2119   0.1134   0.1526   0.0489   0.0289   0.1365   0.20    1.6
2026/04/23 07:31:38.300   3509420.1588    779149.4035   5250975.1355   2   7   0.2118   0.1134   0.1525   0.0489   0.0288   0.1364   0.30    1.6
2026/04/23 07:31:38.400   3509420.1572    779149.4064   5250975.1371   2   7   0.2117   0.1133   0.1523   0.0489   0.0288   0.1364   0.40    1.6
2026/04/23 07:31:38.500   3509420.1554    779149.4091   5250975.1392   2   7   0.2116   0.1132   0.1522   0.0489   0.0288   0.1363  -0.50    1.6
2026/04/23 07:31:38.600   3509420.1538    779149.4101   5250975.1390   2   7   0.2115   0.1132   0.1520   0.0489   0.0287   0.1363  -0.40    1.6
2026/04/23 07:31:38.700   3509420.1535    779149.4092   5250975.1382   2   7   0.2115   0.1131   0.1518   0.0489   0.0287   0.1362  -0.30    1.6
2026/04/23 07:31:38.800   3509420.1533    779149.4105   5250975.1427   2   7   0.2114   0.1131   0.1517   0.0489   0.0287   0.1362  -0.20    1.6
2026/04/23 07:31:38.900   3509420.1536    779149.4121   5250975.1493   2   7   0.2113   0.1130   0.1515   0.0489   0.0286   0.1361  -0.10    1.6
2026/04/23 07:31:39.000   3509420.1562    779149.4135   5250975.1566   2   7   0.2112   0.1129   0.1513   0.0489   0.0286   0.1361   0.00    1.6
2026/04/23 07:31:39.100   3509420.1568    779149.4150   5250975.1624   2   7   0.2111   0.1129   0.1512   0.0489   0.0286   0.1360   0.10    1.6
2026/04/23 07:31:39.200   3509420.1562    779149.4152   5250975.1655   2   7   0.2111   0.1128   0.1510   0.0489   0.0285   0.1359   0.20    1.6
2026/04/23 07:31:39.300   3509420.1558    779149.4160   5250975.1683   2   7   0.2110   0.1127   0.1509   0.0489   0.0285   0.1359   0.30    1.7
2026/04/23 07:31:39.400   3509420.1539    779149.4175   5250975.1705   2   7   0.2109   0.1127   0.1507   0.0489   0.0285   0.1358   0.40    1.7
2026/04/23 07:31:39.500   3509420.1530    779149.4189   5250975.1719   2   7   0.2108   0.1126   0.1505   0.0489   0.0284   0.1358  -0.50    1.7
2026/04/23 07:31:39.600   3509420.1516    779149.4210   5250975.1730   2   7   0.2107   0.1126   0.1504   0.0489   0.0284   0.1357  -0.40    1.7
2026/04/23 07:31:39.700   3509420.1494    779149.4235   5250975.1746   2   7   0.2107   0.1125   0.1502   0.0489   0.0284   0.1357  -0.30    1.7
2026/04/23 07:31:39.800   3509420.1469    779149.4266   5250975.1759   2   7   0.2106   0.1124   0.1501   0.0490   0.0283   0.1356  -0.20    1.7
2026/04/23 07:31:39.900   3509420.1438    779149.4294   5250975.1755   2   7   0.2105   0.1124   0.1499   0.0490   0.0283   0.1356  -0.10    1.7
2026/04/23 07:31:40.000   3509420.1410    779149.4305   5250975.1742   2   7   0.2104   0.1123   0.1497   0.0490   0.0283   0.1355   0.00    1.7
2026/04/23 07:31:40.100   3509420.1357    779149.4323   5250975.1722   2   7   0.2103   0.1123   0.1496   0.0490   0.0282   0.1354   0.10    1.7
2026/04/23 07:31:40.200   3509420.1285    779149.4350   5250975.1692   2   7   0.2103   0.1122   0.1494   0.0490   0.0282   0.1354   0.20    1.7
2026/04/23 07:31:40.300   3509420.1241    779149.4368   5250975.1660   2   7   0.2102   0.1121   0.1493   0.0490   0.0282   0.1353   0.30    1.7
2026/04/23 07:31:40.400   3509420.1187    779149.4380   5250975.1610   2   7   0.2101   0.1121   0.1491   0.0490   0.0281   0.1353   0.40    1.7
2026/04/23 07:31:40.500   3509420.1135    779149.4390   5250975.1568   2   7   0.2100   0.1120   0.1490   0.0490   0.0281   0.1352  -0.50    1.7
2026/04/23 07:31:40.600   3509420.1091    779149.4404   5250975.1531   2   7   0.2099   0.1120   0.1488   0.0490   0.0281   0.1352  -0.40    1.7
2026/04/23 07:31:40.700   3509420.1056    779149.4409   5250975.1484   2   7   0.2099   0.1119   0.1486   0.0490   0.0280   0.1351  -0.30    1.7
2026/04/23 07:31:40.800   3509420.0999    779149.4415   5250975.1429   2   7   0.2098   0.1118   0.1485   0.0490   0.0280   0.1351  -0.20    1.7
2026/04/23 07:31:40.900   3509420.0923    779149.4419   5250975.1369   2   7   0.2097   0.1118   0.1483   0.0490   0.0280   0.1350  -0.10    1.7
2026/04/23 07:31:41.000   3509420.0841    779149.4416   5250975.1310   2   7   0.2096   0.1117   0.1482   0.0490   0.0279   0.1350   0.00    1.7
2026/04/23 07:31:41.100   3509420.0765    779149.4421   5250975.1245   2   7   0.2095   0.1116   0.1480   0.0490   0.0279   0.1349   0.10    1.7
2026/04/23 07:31:41.200   3509420.0725    779149.4414   5250975.1208   2   7   0.2094   0.1116   0.1479   0.0490   0.0279   0.1348   0.20    1.7
2026/04/23 07:31:41.300   3509420.0687    779149.4417   5250975.1165   2   7   0.2094   0.1115   0.1477   0.0490   0.0278   0.1348   0.30    1.7
2026/04/23 07:31:41.400   3509420.0661    779149.4427   5250975.1118   2   7   0.2093   0.1115   0.1476   0.0490   0.0278   0.1347   0.40    1.7
2026/04/23 07:31:41.500   3509420.0637    779149.4416   5250975.1092   2   7   0.2092   0.1114   0.1474   0.0490   0.0278   0.1347  -0.50    1.7
2026/04/23 07:31:41.600   3509420.0604    779149.4417   5250975.1068   2   7   0.2091   0.1114   0.1472   0.0490   0.0277   0.1346  -0.40    1.7
2026/04/23 07:31:41.700   3509420.0571    779149.4426   5250975.1040   2   7   0.2091   0.1113   0.1471   0.0490   0.0277   0.1346  -0.30    1.7
2026/04/23 07:31:41.800   3509420.0533    779149.4436   5250975.1009   2   7   0.2090   0.1112   0.1469   0.0490   0.0277   0.1345  -0.20    1.7
2026/04/23 07:31:41.900   3509420.0494    779149.4440   5250975.0984   2   7   0.2089   0.1112   0.1468   0.0490   0.0277   0.1345  -0.10    1.7
2026/04/23 07:31:42.000   3509420.0474    779149.4441   5250975.0970   2   7   0.2088   0.1111   0.1466   0.0490   0.0276   0.1344   0.00    1.7
2026/04/23 07:31:42.100   3509420.0421    779149.4451   5250975.0939   2   7   0.2087   0.1111   0.1465   0.0490   0.0276   0.1343   0.10    1.7
2026/04/23 07:31:42.200   3509420.0388    779149.4455   5250975.0903   2   7   0.2087   0.1110   0.1463   0.0490   0.0276   0.1343   0.20    1.7
2026/04/23 07:31:42.300   3509420.0340    779149.4463   5250975.0859   2   7   0.2086   0.1109   0.1462   0.0490   0.0275   0.1342   0.30    1.7
2026/04/23 07:31:42.400   3509420.0305    779149.4467   5250975.0819   2   7   0.2084   0.1109   0.1460   0.0490   0.0275   0.1341   0.40    1.7
2026/04/23 07:31:42.500   3509420.0267    779149.4470   5250975.0765   2   7   0.2083   0.1108   0.1459   0.0491   0.0275   0.1341  -0.50    1.7
2026/04/23 07:31:42.600   3509420.0224    779149.4461   5250975.0702   2   7   0.2082   0.1108   0.1457   0.0491   0.0275   0.1340  -0.40    1.7
2026/04/23 07:31:42.700   3509420.0174    779149.4454   5250975.0648   2   7   0.2080   0.1107   0.1455   0.0491   0.0275   0.1339  -0.30    1.7
2026/04/23 07:31:42.800   3509420.0123    779149.4456   5250975.0597   2   8   0.2079   0.1106   0.1454   0.0491   0.0274   0.1338  -0.20    1.2
2026/04/23 07:31:42.900   3509420.0082    779149.4452   5250975.0554   2   8   0.2078   0.1106   0.1452   0.0492   0.0274   0.1337  -0.10    1.2
2026/04/23 07:31:43.000   3509420.0052    779149.4449   5250975.0524   2   8   0.2076   0.1105   0.1451   0.0492   0.0274   0.1336   0.00    1.3
2026/04/23 07:31:43.100   3509420.0034    779149.4442   5250975.0502   2   8   0.2075   0.1105   0.1449   0.0492   0.0274   0.1335   0.10    1.4
2026/04/23 07:31:43.200   3509420.0021    779149.4423   5250975.0476   2   8   0.2073   0.1104   0.1447   0.0492   0.0274   0.1335   0.20    1.5
2026/04/23 07:31:43.300   3509420.0018    779149.4412   5250975.0463   2   8   0.2072   0.1103   0.1446   0.0493   0.0274   0.1334   0.30    1.6
2026/04/23 07:31:43.400   3509420.0025    779149.4396   5250975.0449   2   8   0.2070   0.1103   0.1444   0.0493   0.0273   0.1333   0.40    1.7
2026/04/23 07:31:43.500   3509420.0039    779149.4381   5250975.0449   2   8   0.2069   0.1102   0.1443   0.0494   0.0273   0.1332  -0.50    1.7
2026/04/23 07:31:43.600   3509420.0064    779149.4374   5250975.0439   2   8   0.2067   0.1102   0.1441   0.0494   0.0273   0.1331  -0.40    1.7
2026/04/23 07:31:43.700   3509420.0084    779149.4375   5250975.0435   2   8   0.2066   0.1101   0.1440   0.0494   0.0273   0.1330  -0.30    1.7
2026/04/23 07:31:43.800   3509420.0107    779149.4369   5250975.0441   2   8   0.2064   0.1101   0.1438   0.0495   0.0273   0.1330  -0.20    1.7
2026/04/23 07:31:43.900   3509420.0123    779149.4365   5250975.0453   2   8   0.2063   0.1100   0.1436   0.0495   0.0272   0.1329  -0.10    1.7
2026/04/23 07:31:44.000   3509420.0138    779149.4364   5250975.0470   2   8   0.2062   0.1099   0.1435   0.0495   0.0272   0.1328   0.00    1.7
2026/04/23 07:31:44.100   3509420.0155    779149.4369   5250975.0475   2   8   0.2060   0.1099   0.1433   0.0495   0.0272   0.1327   0.10    1.7
2026/04/23 07:31:44.200   3509420.0166    779149.4381   5250975.0477   2   8   0.2059   0.1098   0.1432   0.0496   0.0272   0.1326   0.20    1.7
2026/04/23 07:31:44.300   3509420.0182    779149.4388   5250975.0496   2   8   0.2057   0.1098   0.1430   0.0496   0.0272   0.1325   0.30    1.7
2026/04/23 07:31:44.400   3509420.0198    779149.4390   5250975.0511   2   8   0.2056   0.1097   0.1429   0.0496   0.0272   0.1324   0.40    1.7
2026/04/23 07:31:44.500   3509420.0218    779149.4389   5250975.0537   2   8   0.2055   0.1096   0.1427   0.0496   0.0272   0.1323  -0.50    1.7
2026/04/23 07:31:44.600   3509420.0250    779149.4392   5250975.0552   2   8   0.2053   0.1096   0.1426   0.0496   0.0271   0.1323  -0.40    1.7
2026/04/23 07:31:44.700   3509420.0285    779149.4397   5250975.0576   2   8   0.2052   0.1095   0.1424   0.0497   0.0271   0.1322  -0.30    1.7
2026/04/23 07:31:44.800   3509420.0321    779149.4395   5250975.0600   2   8   0.2051   0.1095   0.1422   0.0497   0.0271   0.1321  -0.20    1.7
2026/04/23 07:31:44.900   3509420.0340    779149.4407   5250975.0629   2   8   0.2049   0.1094   0.1421   0.0497   0.0271   0.1320  -0.10    1.7
2026/04/23 07:31:45.000   3509420.0369    779149.4412   5250975.0663   2   8   0.2048   0.1094   0.1419   0.0497   0.0271   0.1319   0.00    1.7
2026/04/23 07:31:45.100   3509420.0396    779149.4410   5250975.0701   2   8   0.2047   0.1093   0.1418   0.0497   0.0271   0.1318   0.10    1.7
2026/04/23 07:31:45.200   3509420.0415    779149.4414   5250975.0745   2   8   0.2045   0.1092   0.1416   0.0497   0.0270   0.1317   0.20    1.7
2026/04/23 07:31:45.300   3509420.0440    779149.4425   5250975.0797   2   8   0.2044   0.1092   0.1415   0.0498   0.0270   0.1316   0.30    1.7
2026/04/23 07:31:45.400   3509420.0473    779149.4428   5250975.0836   2   8   0.2043   0.1091   0.1413   0.0498   0.0270   0.1315   0.40    1.7
2026/04/23 07:31:45.500   3509420.0501    779149.4433   5250975.0892   2   8   0.2041   0.1091   0.1412   0.0498   0.0270   0.1315  -0.50    1.7
2026/04/23 07:31:45.600   3509420.0522    779149.4427   5250975.0934   2   8   0.2040   0.1090   0.1410   0.0498   0.0270   0.1314  -0.40    1.7
2026/04/23 07:31:45.700   3509420.0539    779149.4413   5250975.0965   2   8   0.2039   0.1090   0.1409   0.0498   0.0270   0.1313  -0.30    1.7
2026/04/23 07:31:45.800   3509420.0562    779149.4403   5250975.0998   2   8   0.2038   0.1089   0.1407   0.0499   0.0269   0.1312  -0.20    1.7
2026/04/23 07:31:45.900   3509420.0578    779149.4400   5250975.1015   2   8   0.2036   0.1089   0.1406   0.0499   0.0269   0.1311  -0.10    1.6
2026/04/23 07:31:46.000   3509420.0599    779149.4396   5250975.1025   2   8   0.2035   0.1088   0.1404   0.0499   0.0269   0.1310   0.00    1.6
2026/04/23 07:31:46.100   3509420.0640    779149.4388   5250975.1039   2   8   0.2034   0.1087   0.1403   0.0499   0.0269   0.1309   0.10    1.6
2026/04/23 07:31:46.200   3509420.0688    779149.4389   5250975.1071   2   8   0.2032   0.1087   0.1401   0.0499   0.0269   0.1309   0.20    1.6
2026/04/23 07:31:46.300   3509420.0706    779149.4391   5250975.1114   2   8   0.2031   0.1086   0.1400   0.0499   0.0269   0.1308   0.30    1.6
2026/04/23 07:31:46.400   3509420.0707    779149.4387   5250975.1148   2   8   0.2030   0.1086   0.1398   0.0500   0.0269   0.1307   0.40    1.6
2026/04/23 07:31:46.500   3509420.0699    779149.4387   5250975.1161   2   8   0.2029   0.1085   0.1397   0.0500   0.0268   0.1306  -0.50    1.6
2026/04/23 07:31:46.600   3509420.0689    779149.4395   5250975.1161   2   8   0.2027   0.1085   0.1395   0.0500   0.0268   0.1305  -0.40    1.6
2026/04/23 07:31:46.700   3509420.0673    779149.4398   5250975.1163   2   8   0.2026   0.1084   0.1394   0.0500   0.0268   0.1304  -0.30    1.6
2026/04/23 07:31:46.800   3509420.0665    779149.4396   5250975.1153   2   8   0.2025   0.1084   0.1392   0.0500   0.0268   0.1304  -0.20    1.6
2026/04/23 07:31:46.900   3509420.0649    779149.4390   5250975.1145   2   8   0.2023   0.1083   0.1391   0.0500   0.0268   0.1303  -0.10    1.6
2026/04/23 07:31:47.000   3509420.0645    779149.4383   5250975.1151   2   8   0.2022   0.1082   0.1389   0.0501   0.0268   0.1302   0.00    1.6
2026/04/23 07:31:47.100   3509420.0646    779149.4385   5250975.1153   2   8   0.2021   0.1082   0.1388   0.0501   0.0268   0.1301   0.10    1.6
2026/04/23 07:31:47.200   3509420.0649    779149.4384   5250975.1150   2   8   0.2020   0.1081   0.1386   0.0501   0.0267   0.1300   0.20    1.6
2026/04/23 07:31:47.300   3509420.0653    779149.4368   5250975.1142   2   8   0.2018   0.1081   0.1385   0.0501   0.0267   0.1299   0.30    1.6
2026/04/23 07:31:47.400   3509420.0677    779149.4364   5250975.1124   2   8   0.2017   0.1080   0.1384   0.0501   0.0267   0.1299   0.40    1.6
2026/04/23 07:31:47.500   3509420.0711    779149.4361   5250975.1114   2   8   0.2016   0.1080   0.1382   0.0501   0.0267   0.1298  -0.50    1.6
2026/04/23 07:31:47.600   3509420.0750    779149.4356   5250975.1111   2   8   0.2015   0.1079   0.1381   0.0502   0.0267   0.1297  -0.40    1.6
2026/04/23 07:31:47.700   3509420.0778    779149.4350   5250975.1109   2   8   0.2013   0.1079   0.1379   0.0502   0.0267   0.1296  -0.30    1.6
2026/04/23 07:31:47.800   3509420.0796    779149.4346   5250975.1128   2   8   0.2012   0.1078   0.1378   0.0502   0.0267   0.1295  -0.20    1.6
2026/04/23 07:31:47.900   3509420.0802    779149.4341   5250975.1141   2   8   0.2011   0.1078   0.1376   0.0502   0.0266   0.1295  -0.10    1.6
2026/04/23 07:31:48.000   3509420.0820    779149.4340   5250975.1158   2   8   0.2010   0.1077   0.1375   0.0502   0.0266   0.1294   0.00    1.6
2026/04/23 07:31:48.100   3509420.0844    779149.4346   5250975.1178   2   8   0.2009   0.1076   0.1374   0.0502   0.0266   0.1293   0.10    1.6
2026/04/23 07:31:48.200   3509420.0852    779149.4355   5250975.1203   2   8   0.2007   0.1076   0.1372   0.0503   0.0266   0.1292   0.20    1.6
2026/04/23 07:31:48.300   3509420.0871    779149.4360   5250975.1216   2   8   0.2006   0.1075   0.1371   0.0503   0.0266   0.1291   0.30    1.6
2026/04/23 07:31:48.400   3509420.0881    779149.4366   5250975.1229   2   8   0.2005   0.1075   0.1369   0.0503   0.0266   0.1291   0.40    1.6
2026/04/23 07:31:48.500   3509420.0881    779149.4363   5250975.1234   2   8   0.2004   0.1074   0.1368   0.0503   0.0266   0.1290  -0.50    1.6
2026/04/23 07:31:48.600   3509420.0882    779149.4360   5250975.1233   2   8   0.2002   0.1074   0.1367   0.0503   0.0266   0.1289  -0.40    1.6
2026/04/23 07:31:48.700   3509420.0873    779149.4357   5250975.1230   2   8   0.2001   0.1073   0.1365   0.0503   0.0265   0.1288  -0.30    1.6
2026/04/23 07:31:48.800   3509420.0861    779149.4360   5250975.1225   2   8   0.2000   0.1073   0.1364   0.0504   0.0265   0.1287  -0.20    1.6
2026/04/23 07:31:48.900   3509420.0830    779149.4358   5250975.1228   2   8   0.1999   0.1072   0.1362   0.0504   0.0265   0.1287  -0.10    1.6
2026/04/23 07:31:49.000   3509420.0798    779149.4350   5250975.1240   2   8   0.1998   0.1072   0.1361   0.0504   0.0265   0.1286   0.00    1.6
2026/04/23 07:31:49.100   3509420.0764    779149.4341   5250975.1247   2   8   0.1996   0.1071   0.1360   0.0504   0.0265   0.1285   0.10    1.6
2026/04/23 07:31:49.200   3509420.0742    779149.4343   5250975.1231   2   8   0.1995   0.1071   0.1358   0.0504   0.0265   0.1284   0.20    1.6
2026/04/23 07:31:49.300   3509420.0734    779149.4345   5250975.1211   2   8   0.1994   0.1070   0.1357   0.0504   0.0265   0.1283   0.30    1.6
2026/04/23 07:31:49.400   3509420.0716    779149.4346   5250975.1191   2   8   0.1993   0.1069   0.1355   0.0504   0.0265   0.1283   0.40    1.6
2026/04/23 07:31:49.500   3509420.0694    779149.4343   5250975.1168   2   8   0.1992   0.1069   0.1354   0.0505   0.0264   0.1282  -0.50    1.6
2026/04/23 07:31:49.600   3509420.0683    779149.4337   5250975.1146   2   8   0.1990   0.1068   0.1353   0.0505   0.0264   0.1281  -0.40    1.6
2026/04/23 07:31:49.700   3509420.0664    779149.4329   5250975.1107   2   8   0.1989   0.1068   0.1351   0.0505   0.0264   0.1280  -0.30    1.6
2026/04/23 07:31:49.800   3509420.0644    779149.4325   5250975.1073   2   8   0.1988   0.1067   0.1350   0.0505   0.0264   0.1279  -0.20    1.6
2026/04/23 07:31:49.900   3509420.0630    779149.4325   5250975.1042   2   8   0.1987   0.1067   0.1349   0.0505   0.0264   0.1279  -0.10    1.6
2026/04/23 07:31:50.000   3509420.0634    779149.4326   5250975.1000   2   8   0.1986   0.1066   0.1347   0.0505   0.0264   0.1278   0.00    1.6
2026/04/23 07:31:50.100   3509420.0644    779149.4323   5250975.0975   2   8   0.1984   0.1066   0.1346   0.0505   0.0264   0.1277   0.10    1.6
2026/04/23 07:31:50.200   3509420.0643    779149.4314   5250975.0943   2   8   0.1983   0.1065   0.1344   0.0506   0.0263   0.1276   0.20    1.6
2026/04/23 07:31:50.300   3509420.0632    779149.4310   5250975.0904   2   8   0.1982   0.1065   0.1343   0.0506   0.0263   0.1275   0.30    1.6
2026/04/23 07:31:50.400   3509420.0619    779149.4310   5250975.0872   2   8   0.1981   0.1064   0.1342   0.0506   0.0263   0.1275   0.40    1.6
2026/04/23 07:31:50.500   3509420.0596    779149.4318   5250975.0840   2   8   0.1980   0.1064   0.1340   0.0506   0.0263   0.1274  -0.50    1.6
2026/04/23 07:31:50.600   3509420.0584    779149.4329   5250975.0802   2   8   0.1978   0.1063   0.1339   0.0506   0.0263   0.1273  -0.40    1.6
2026/04/23 07:31:50.700   3509420.0564    779149.4340   5250975.0777   2   8   0.1977   0.1063   0.1338   0.0506   0.0263   0.1272  -0.30    1.6
2026/04/23 07:31:50.800   3509420.0540    779149.4349   5250975.0747   2   8   0.1976   0.1062   0.1336   0.0506   0.0263   0.1271  -0.20    1.6
2026/04/23 07:31:50.900   3509420.0513    779149.4343   5250975.0721   2   8   0.1975   0.1062   0.1335   0.0506   0.0263   0.1271  -0.10    1.6
2026/04/23 07:31:51.000   3509420.0478    779149.4338   5250975.0686   2   8   0.1974   0.1061   0.1334   0.0507   0.0262   0.1270   0.00    1.6
2026/04/23 07:31:51.100   3509420.0450    779149.4341   5250975.0644   2   8   0.1973   0.1061   0.1332   0.0507   0.0262   0.1269   0.10    1.6
2026/04/23 07:31:51.200   3509420.0417    779149.4351   5250975.0600   2   8   0.1971   0.1060   0.1331   0.0507   0.0262   0.1268   0.20    1.6
2026/04/23 07:31:51.300   3509420.0401    779149.4355   5250975.0559   2   8   0.1970   0.1059   0.1330   0.0507   0.0262   0.1267   0.30    1.6
2026/04/23 07:31:51.400   3509420.0372    779149.4354   5250975.0509   2   8   0.1969   0.1059   0.1328   0.0507   0.0262   0.1267   0.40    1.6
2026/04/23 07:31:51.500   3509420.0354    779149.4352   5250975.0458   2   8   0.1968   0.1058   0.1327   0.0507   0.0262   0.1266  -0.50    1.6
2026/04/23 07:31:51.600   3509420.0328    779149.4355   5250975.0402   2   8   0.1967   0.1058   0.1326   0.0507   0.0262   0.1265  -0.40    1.6
2026/04/23 07:31:51.700   3509420.0298    779149.4365   5250975.0352   2   8   0.1966   0.1057   0.1324   0.0507   0.0262   0.1264  -0.30    1.6
2026/04/23 07:31:51.800   3509420.0272    779149.4361   5250975.0284   2   8   0.1964   0.1057   0.1323   0.0508   0.0261   0.1264  -0.20    1.6
2026/04/23 07:31:51.900   3509420.0252    779149.4364   5250975.0213   2   8   0.1963   0.1056   0.1322   0.0508   0.0261   0.1263  -0.10    1.6
2026/04/23 07:31:52.000   3509420.0222    779149.4370   5250975.0154   2   8   0.1962   0.1056   0.1320   0.0508   0.0261   0.1262   0.00    1.6
2026/04/23 07:31:52.100   3509420.0183    779149.4377   5250975.0097   2   8   0.1961   0.1055   0.1319   0.0508   0.0261   0.1261   0.10    1.6
2026/04/23 07:31:52.200   3509420.0143    779149.4387   5250975.0036   2   8   0.1960   0.1055   0.1318   0.0508   0.0261   0.1260   0.20    1.6
2026/04/23 07:31:52.300   3509420.0094    779149.4396   5250974.9982   2   8   0.1959   0.1054   0.1316   0.0508   0.0261   0.1260   0.30    1.6
2026/04/23 07:31:52.400   3509420.0048    779149.4398   5250974.9937   2   8   0.1957   0.1054   0.1315   0.0508   0.0261   0.1259   0.40    1.6
2026/04/23 07:31:52.500   3509420.0016    779149.4397   5250974.9885   2   8   0.1956   0.1053   0.1314   0.0508   0.0260   0.1258  -0.50    1.6
2026/04/23 07:31:52.600   3509420.0004    779149.4399   5250974.9833   2   8   0.1955   0.1053   0.1313   0.0508   0.0260   0.1257  -0.40    1.6
2026/04/23 07:31:52.700   3509419.9984    779149.4400   5250974.9781   2   8   0.1954   0.1052   0.1311   0.0508   0.0260   0.1257  -0.30    1.6
2026/04/23 07:31:52.800   3509419.9948    779149.4392   5250974.9718   2   8   0.1953   0.1052   0.1310   0.0509   0.0260   0.1256  -0.20    1.6
2026/04/23 07:31:52.900   3509419.9907    779149.4378   5250974.9658   2   8   0.1952   0.1051   0.1309   0.0509   0.0260   0.1255  -0.10    1.6
2026/04/23 07:31:53.000   3509419.9858    779149.4370   5250974.9596   2   8   0.1950   0.1051   0.1307   0.0509   0.0260   0.1254   0.00    1.6
2026/04/23 07:31:53.100   3509419.9817    779149.4360   5250974.9546   2   8   0.1949   0.1050   0.1306   0.0509   0.0260   0.1253   0.10    1.6
2026/04/23 07:31:53.200   3509419.9775    779149.4355   5250974.9494   2   8   0.1948   0.1050   0.1305   0.0509   0.0260   0.1253   0.20    1.6
2026/04/23 07:31:53.300   3509419.9718    779149.4352   5250974.9439   2   8   0.1947   0.1049   0.1304   0.0509   0.0259   0.1252   0.30    1.6
2026/04/23 07:31:53.400   3509419.9671    779149.4343   5250974.9391   2   8   0.1946   0.1049   0.1302   0.0509   0.0259   0.1251   0.40    1.6
2026/04/23 07:31:53.500   3509419.9646    779149.4344   5250974.9355   2   8   0.1945   0.1048   0.1301   0.0509   0.0259   0.1250  -0.50    1.6
2026/04/23 07:31:53.600   3509419.9619    779149.4345   5250974.9321   2   8   0.1944   0.1048   0.1300   0.0509   0.0259   0.1250  -0.40    1.6
2026/04/23 07:31:53.700   3509419.9580    779149.4346   5250974.9289   2   8   0.1942   0.1047   0.1298   0.0509   0.0259   0.1249  -0.30    1.5
2026/04/23 07:31:53.800   3509419.9532    779149.4342   5250974.9247   2   8   0.1941   0.1047   0.1297   0.0510   0.0259   0.1248  -0.20    1.5
2026/04/23 07:31:53.900   3509419.9484    779149.4343   5250974.9214   2   8   0.1940   0.1046   0.1296   0.0510   0.0259   0.1247  -0.10    1.5
2026/04/23 07:31:54.000   3509419.9459    779149.4340   5250974.9184   2   8   0.1939   0.1046   0.1295   0.0510   0.0258   0.1247   0.00    1.5
2026/04/23 07:31:54.100   3509419.9449    779149.4329   5250974.9142   2   8   0.1938   0.1045   0.1293   0.0510   0.0258   0.1246   0.10    1.5
2026/04/23 07:31:54.200   3509419.9422    779149.4326   5250974.9099   2   8   0.1937   0.1045   0.1292   0.0510   0.0258   0.1245   0.20    1.5
2026/04/23 07:31:54.300   3509419.9384    779149.4327   5250974.9068   2   8   0.1936   0.1044   0.1291   0.0510   0.0258   0.1244   0.30    1.5
2026/04/23 07:31:54.400   3509419.9357    779149.4320   5250974.9047   2   8   0.1935   0.1044   0.1290   0.0510   0.0258   0.1244   0.40    1.5
2026/04/23 07:31:54.500   3509419.9346    779149.4312   5250974.9014   2   8   0.1933   0.1043   0.1288   0.0510   0.0258   0.1243  -0.50    1.5
2026/04/23 07:31:54.600   3509419.9335    779149.4301   5250974.8973   2   8   0.1932   0.1043   0.1287   0.0510   0.0258   0.1242  -0.40    1.5
2026/04/23 07:31:54.700   3509419.9308    779149.4289   5250974.8943   2   8   0.1931   0.1042   0.1286   0.0510   0.0258   0.1241  -0.30    1.5
2026/04/23 07:31:54.800   3509419.9265    779149.4281   5250974.8918   2   8   0.1930   0.1042   0.1285   0.0510   0.0257   0.1240  -0.20    1.5
2026/04/23 07:31:54.900   3509419.9230    779149.4276   5250974.8895   2   8   0.1929   0.1041   0.1283   0.0510   0.0257   0.1240  -0.10    1.5
2026/04/23 07:31:55.000   3509419.9196    779149.4267   5250974.8878   2   8   0.1928   0.1041   0.1282   0.0511   0.0257   0.1239   0.00    1.5
2026/04/23 07:31:55.100   3509419.9167    779149.4256   5250974.8860   2   8   0.1927   0.1040   0.1281   0.0511   0.0257   0.1238   0.10    1.5
2026/04/23 07:31:55.200   3509419.9148    779149.4245   5250974.8832   2   8   0.1926   0.1040   0.1280   0.0511   0.0257   0.1237   0.20    1.5
2026/04/23 07:31:55.300   3509419.9110    779149.4239   5250974.8809   2   8   0.1924   0.1039   0.1278   0.0511   0.0257   0.1237   0.30    1.5
2026/04/23 07:31:55.400   3509419.9065    779149.4231   5250974.8775   2   8   0.1923   0.1039   0.1277   0.0511   0.0257   0.1236   0.40    1.5
2026/04/23 07:31:55.500   3509419.9016    779149.4223   5250974.8738   2   8   0.1922   0.1038   0.1276   0.0511   0.0257   0.1235  -0.50    1.5
2026/04/23 07:31:55.600   3509419.8964    779149.4212   5250974.8705   2   8   0.1921   0.1038   0.1275   0.0511   0.0256   0.1234  -0.40    1.5
2026/04/23 07:31:55.700   3509419.8889    779149.4205   5250974.8653   2   8   0.1920   0.1037   0.1274   0.0511   0.0256   0.1234  -0.30    1.5
2026/04/23 07:31:55.800   3509419.8831    779149.4191   5250974.8608   2   8   0.1919   0.1037   0.1272   0.0511   0.0256   0.1233  -0.20    1.5
2026/04/23 07:31:55.900   3509419.8776    779149.4178   5250974.8566   2   8   0.1918   0.1036   0.1271   0.0511   0.0256   0.1232  -0.10    1.5
2026/04/23 07:31:56.000   3509419.8747    779149.4162   5250974.8531   2   8   0.1917   0.1036   0.1270   0.0511   0.0256   0.1231   0.00    1.5
2026/04/23 07:31:56.100   3509419.8719    779149.4153   5250974.8495   2   8   0.1916   0.1035   0.1269   0.0511   0.0256   0.1231   0.10    1.5
2026/04/23 07:31:56.200   3509419.8687    779149.4140   5250974.8457   2   8   0.1914   0.1035   0.1267   0.0511   0.0256   0.1230   0.20    1.5
2026/04/23 07:31:56.300   3509419.8671    779149.4126   5250974.8419   2   8   0.1913   0.1035   0.1266   0.0511   0.0255   0.1229   0.30    1.5
2026/04/23 07:31:56.400   3509419.8642    779149.4110   5250974.8387   2   8   0.1912   0.1034   0.1265   0.0512   0.0255   0.1228   0.40    1.5
2026/04/23 07:31:56.500   3509419.8584    779149.4095   5250974.8345   2   8   0.1911   0.1034   0.1264   0.0512   0.0255   0.1228  -0.50    1.5
2026/04/23 07:31:56.600   3509419.8537    779149.4087   5250974.8312   2   8   0.1910   0.1033   0.1263   0.0512   0.0255   0.1227  -0.40    1.5
2026/04/23 07:31:56.700   3509419.8490    779149.4073   5250974.8270   2   8   0.1909   0.1033   0.1261   0.0512   0.0255   0.1226  -0.30    1.5
2026/04/23 07:31:56.800   3509419.8435    779149.4059   5250974.8233   2   8   0.1908   0.1032   0.1260   0.0512   0.0255   0.1225  -0.20    1.5
2026/04/23 07:31:56.900   3509419.8372    779149.4043   5250974.8194   2   8   0.1907   0.1032   0.1259   0.0512   0.0255   0.1225  -0.10    1.5
2026/04/23 07:31:57.000   3509419.8303    779149.4034   5250974.8154   2   8   0.1906   0.1031   0.1258   0.0512   0.0255   0.1224   0.00    1.5
2026/04/23 07:31:57.100   3509419.8241    779149.4024   5250974.8100   2   8   0.1905   0.1031   0.1257   0.0512   0.0254   0.1223   0.10    1.5
2026/04/23 07:31:57.200   3509419.8197    779149.4016   5250974.8037   2   8   0.1904   0.1030   0.1255   0.0512   0.0254   0.1222   0.20    1.5
2026/04/23 07:31:57.300   3509419.8150    779149.4010   5250974.7983   2   8   0.1902   0.1030   0.1254   0.0512   0.0254   0.1222   0.30    1.5
2026/04/23 07:31:57.400   3509419.8121    779149.3998   5250974.7943   2   8   0.1901   0.1029   0.1253   0.0512   0.0254   0.1221   0.40    1.5
2026/04/23 07:31:57.500   3509419.8097    779149.3983   5250974.7911   2   8   0.1900   0.1029   0.1252   0.0512   0.0254   0.1220  -0.50    1.5
2026/04/23 07:31:57.600   3509419.8086    779149.3967   5250974.7866   2   8   0.1899   0.1028   0.1251   0.0512   0.0254   0.1219  -0.40    1.5
2026/04/23 07:31:57.700   3509419.8091    779149.3961   5250974.7824   2   8   0.1898   0.1028   0.1250   0.0512   0.0254   0.1219  -0.30    1.5
2026/04/23 07:31:57.800   3509419.8087    779149.3956   5250974.7790   2   8   0.1897   0.1027   0.1248   0.0512   0.0253   0.1218  -0.20    1.5
2026/04/23 07:31:57.900   3509419.8100    779149.3941   5250974.7761   2   8   0.1896   0.1027   0.1247   0.0512   0.0253   0.1217  -0.10    1.5
2026/04/23 07:31:58.000   3509419.8116    779149.3928   5250974.7733   2   8   0.1895   0.1026   0.1246   0.0512   0.0253   0.1216   0.00    1.5
2026/04/23 07:31:58.100   3509419.8104    779149.3923   5250974.7710   2   8   0.1894   0.1026   0.1245   0.0513   0.0253   0.1216   0.10    1.5
2026/04/23 07:31:58.200   3509419.8074    779149.3921   5250974.7697   2   8   0.1893   0.1025   0.1244   0.0513   0.0253   0.1215   0.20    1.5
2026/04/23 07:31:58.300   3509419.8055    779149.3916   5250974.7682   2   8   0.1892   0.1025   0.1242   0.0513   0.0253   0.1214   0.30    1.5
2026/04/23 07:31:58.400   3509419.8061    779149.3904   5250974.7677   2   8   0.1891   0.1025   0.1241   0.0513   0.0253   0.1213   0.40    1.5
2026/04/23 07:31:58.500   3509419.8063    779149.3891   5250974.7663   2   8   0.1889   0.1024   0.1240   0.0513   0.0253   0.1213  -0.50    1.5
2026/04/23 07:31:58.600   3509419.8049    779149.3891   5250974.7651   2   8   0.1888   0.1024   0.1239   0.0513   0.0252   0.1212  -0.40    1.5
2026/04/23 07:31:58.700   3509419.8029    779149.3892   5250974.7639   2   8   0.1887   0.1023   0.1238   0.0513   0.0252   0.1211  -0.30    1.5
2026/04/23 07:31:58.800   3509419.8014    779149.3888   5250974.7637   2   8   0.1886   0.1023   0.1237   0.0513   0.0252   0.1211  -0.20    1.5
2026/04/23 07:31:58.900   3509419.7990    779149.3883   5250974.7630   2   8   0.1885   0.1022   0.1236   0.0513   0.0252   0.1210  -0.10    1.5
2026/04/23 07:31:59.000   3509419.7951    779149.3872   5250974.7611   2   8   0.1884   0.1022   0.1234   0.0513   0.0252   0.1209   0.00    1.5
2026/04/23 07:31:59.100   3509419.7926    779149.3866   5250974.7598   2   8   0.1883   0.1021   0.1233   0.0513   0.0252   0.1208   0.10    1.5
2026/04/23 07:31:59.200   3509419.7899    779149.3867   5250974.7579   2   8   0.1882   0.1021   0.1232   0.0513   0.0252   0.1208   0.20    1.5
2026/04/23 07:31:59.300   3509419.7873    779149.3873   5250974.7571   2   8   0.1881   0.1020   0.1231   0.0513   0.0251   0.1207   0.30    1.5
2026/04/23 07:31:59.400   3509419.7865    779149.3880   5250974.7570   2   8   0.1880   0.1020   0.1230   0.0513   0.0251   0.1206   0.40    1.5
2026/04/23 07:31:59.500   3509419.7861    779149.3874   5250974.7551   2   8   0.1879   0.1019   0.1229   0.0513   0.0251   0.1205  -0.50    1.5
2026/04/23 07:31:59.600   3509419.7886    779149.3866   5250974.7527   2   8   0.1878   0.1019   0.1228   0.0513   0.0251   0.1205  -0.40    1.5
2026/04/23 07:31:59.700   3509419.7870    779149.3866   5250974.7513   2   8   0.1877   0.1018   0.1226   0.0513   0.0251   0.1204  -0.30    1.5
2026/04/23 07:31:59.800   3509419.7821    779149.3862   5250974.7501   2   8   0.1876   0.1018   0.1225   0.0513   0.0251   0.1203  -0.20    1.5
2026/04/23 07:31:59.900   3509419.7759    779149.3859   5250974.7477   2   8   0.1874   0.1018   0.1224   0.0513   0.0251   0.1202  -0.10    1.5
2026/04/23 07:32:00.000   3509419.7700    779149.3852   5250974.7464   2   8   0.1873   0.1017   0.1223   0.0513   0.0250   0.1202   0.00    1.5
2026/04/23 07:32:00.100   3509419.7647    779149.3840   5250974.7449   2   8   0.1872   0.1017   0.1222   0.0513   0.0250   0.1201   0.10    1.5
2026/04/23 07:32:00.200   3509419.7593    779149.3827   5250974.7425   2   8   0.1871   0.1016   0.1221   0.0513   0.0250   0.1200   0.20    1.5
2026/04/23 07:32:00.300   3509419.7547    779149.3814   5250974.7400   2   8   0.1870   0.1016   0.1220   0.0513   0.0250   0.1200   0.30    1.5
2026/04/23 07:32:00.400   3509419.7522    779149.3805   5250974.7370   2   8   0.1869   0.1015   0.1218   0.0513   0.0250   0.1199   0.40    1.5
2026/04/23 07:32:00.500   3509419.7496    779149.3795   5250974.7335   2   8   0.1868   0.1015   0.1217   0.0513   0.0250   0.1198  -0.50    1.5
2026/04/23 07:32:00.600   3509419.7481    779149.3791   5250974.7291   2   8   0.1867   0.1014   0.1216   0.0513   0.0250   0.1197  -0.40    1.5
2026/04/23 07:32:00.700   3509419.7471    779149.3786   5250974.7247   2   8   0.1866   0.1014   0.1215   0.0513   0.0250   0.1197  -0.30    1.5
2026/04/23 07:32:00.800   3509419.7462    779149.3784   5250974.7202   2   8   0.1865   0.1013   0.1214   0.0513   0.0249   0.1196  -0.20    1.5
2026/04/23 07:32:00.900   3509419.7451    779149.3784   5250974.7168   2   8   0.1864   0.1013   0.1213   0.0513   0.0249   0.1195  -0.10    1.5
2026/04/23 07:32:01.000   3509419.7451    779149.3775   5250974.7147   2   8   0.1863   0.1012   0.1212   0.0513   0.0249   0.1194   0.00    1.5
2026/04/23 07:32:01.100   3509419.7455    779149.3771   5250974.7123   2   8   0.1862   0.1012   0.1211   0.0513   0.0249   0.1194   0.10    1.5
2026/04/23 07:32:01.200   3509419.7487    779149.3771   5250974.7086   2   8   0.1861   0.1012   0.1210   0.0513   0.0249   0.1193   0.20    1.5
2026/04/23 07:32:01.300   3509419.7484    779149.3773   5250974.7051   2   8   0.1860   0.1011   0.1208   0.0514   0.0249   0.1192   0.30    1.5
2026/04/23 07:32:01.400   3509419.7480    779149.3781   5250974.7021   2   8   0.1859   0.1011   0.1207   0.0514   0.0249   0.1192   0.40    1.5
2026/04/23 07:32:01.500   3509419.7478    779149.3778   5250974.6988   2   8   0.1858   0.1010   0.1206   0.0514   0.0248   0.1191  -0.50    1.5
2026/04/23 07:32:01.600   3509419.7479    779149.3769   5250974.6963   2   8   0.1857   0.1010   0.1205   0.0514   0.0248   0.1190  -0.40    1.5
2026/04/23 07:32:01.700   3509419.7467    779149.3764   5250974.6947   2   8   0.1856   0.1009   0.1204   0.0514   0.0248   0.1189  -0.30    1.5
2026/04/23 07:32:01.800   3509419.7435    779149.3761   5250974.6932   2   8   0.1854   0.1009   0.1203   0.0514   0.0248   0.1189  -0.20    1.5
2026/04/23 07:32:01.900   3509419.7396    779149.3769   5250974.6905   2   8   0.1853   0.1008   0.1202   0.0514   0.0248   0.1188  -0.10    1.5
2026/04/23 07:32:02.000   3509419.7356    779149.3765   5250974.6881   2   8   0.1852   0.1008   0.1201   0.0514   0.0248   0.1187   0.00    1.5
2026/04/23 07:32:02.100   3509419.7322    779149.3764   5250974.6857   2   8   0.1851   0.1007   0.1200   0.0514   0.0248   0.1186   0.10    1.5
2026/04/23 07:32:02.200   3509419.7297    779149.3769   5250974.6836   2   8   0.1850   0.1007   0.1199   0.0514   0.0247   0.1186   0.20    1.5
2026/04/23 07:32:02.300   3509419.7280    779149.3779   5250974.6802   2   8   0.1849   0.1007   0.1197   0.0514   0.0247   0.1185   0.30    1.5
2026/04/23 07:32:02.400   3509419.7258    779149.3782   5250974.6777   2   8   0.1848   0.1006   0.1196   0.0514   0.0247   0.1184   0.40    1.5
2026/04/23 07:32:02.500   3509419.7242    779149.3785   5250974.6744   2   8   0.1847   0.1006   0.1195   0.0514   0.0247   0.1184  -0.50    1.5
2026/04/23 07:32:02.600   3509419.7233    779149.3783   5250974.6702   2   8   0.1846   0.1005   0.1194   0.0514   0.0247   0.1183  -0.40    1.5
2026/04/23 07:32:02.700   3509419.7218    779149.3784   5250974.6666   2   8   0.1845   0.1005   0.1193   0.0514   0.0247   0.1182  -0.30    1.5
2026/04/23 07:32:02.800   3509419.7221    779149.3788   5250974.6627   2   8   0.1844   0.1004   0.1192   0.0514   0.0247   0.1181  -0.20    1.5
2026/04/23 07:32:02.900   3509419.7219    779149.3793   5250974.6591   2   8   0.1843   0.1004   0.1191   0.0514   0.0246   0.1181  -0.10    1.5
2026/04/23 07:32:03.000   3509419.7210    779149.3793   5250974.6555   2   8   0.1842   0.1003   0.1190   0.0514   0.0246   0.1180   0.00    1.5
2026/04/23 07:32:03.100   3509419.7211    779149.3788   5250974.6518   2   8   0.1841   0.1003   0.1189   0.0514   0.0246   0.1179   0.10    1.5
2026/04/23 07:32:03.200   3509419.7210    779149.3795   5250974.6479   2   8   0.1840   0.1003   0.1188   0.0514   0.0246   0.1179   0.20    1.5
2026/04/23 07:32:03.300   3509419.7213    779149.3804   5250974.6441   2   8   0.1839   0.1002   0.1187   0.0514   0.0246   0.1178   0.30    1.5
2026/04/23 07:32:03.400   3509419.7212    779149.3813   5250974.6394   2   8   0.1838   0.1002   0.1186   0.0514   0.0246   0.1177   0.40    1.5
2026/04/23 07:32:03.500   3509419.7194    779149.3823   5250974.6357   2   8   0.1837   0.1001   0.1185   0.0514   0.0246   0.1176  -0.50    1.5
2026/04/23 07:32:03.600   3509419.7159    779149.3833   5250974.6311   2   8   0.1836   0.1001   0.1184   0.0514   0.0245   0.1176  -0.40    1.5
2026/04/23 07:32:03.700   3509419.7109    779149.3842   5250974.6281   2   8   0.1835   0.1000   0.1182   0.0514   0.0245   0.1175  -0.30    1.5
2026/04/23 07:32:03.800   3509419.7049    779149.3846   5250974.6260   2   8   0.1834   0.1000   0.1181   0.0514   0.0245   0.1174  -0.20    1.5
2026/04/23 07:32:03.900   3509419.6971    779149.3853   5250974.6238   2   8   0.1833   0.0999   0.1180   0.0514   0.0245   0.1174  -0.10    1.5
2026/04/23 07:32:04.000   3509419.6914    779149.3864   5250974.6211   2   8   0.1832   0.0999   0.1179   0.0514   0.0245   0.1173   0.00    1.5
2026/04/23 07:32:04.100   3509419.6884    779149.3871   5250974.6183   2   8   0.1831   0.0999   0.1178   0.0514   0.0245   0.1172   0.10    1.5
2026/04/23 07:32:04.200   3509419.6846    779149.3868   5250974.6149   2   8   0.1830   0.0998   0.1177   0.0514   0.0245   0.1171   0.20    1.5
2026/04/23 07:32:04.300   3509419.6815    779149.3865   5250974.6119   2   8   0.1829   0.0998   0.1176   0.0514   0.0244   0.1171   0.30    1.5
2026/04/23 07:32:04.400   3509419.6779    779149.3858   5250974.6092   2   8   0.1828   0.0997   0.1175   0.0514   0.0244   0.1170   0.40    1.5
2026/04/23 07:32:04.500   3509419.6759    779149.3860   5250974.6059   2   8   0.1827   0.0997   0.1174   0.0514   0.0244   0.1169  -0.50    1.5
2026/04/23 07:32:04.600   3509419.6744    779149.3864   5250974.6025   2   8   0.1826   0.0996   0.1173   0.0514   0.0244   0.1169  -0.40    1.5
2026/04/23 07:32:04.700   3509419.6746    779149.3868   5250974.5991   2   8   0.1825   0.0996   0.1172   0.0514   0.0244   0.1168  -0.30    1.5
2026/04/23 07:32:04.800   3509419.6743    779149.3867   5250974.5953   2   8   0.1824   0.0996   0.1171   0.0514   0.0244   0.1167  -0.20    1.5
2026/04/23 07:32:04.900   3509419.6744    779149.3867   5250974.5918   2   8   0.1823   0.0995   0.1170   0.0514   0.0244   0.1166  -0.10    1.5
2026/04/23 07:32:05.000   3509419.6764    779149.3872   5250974.5886   2   8   0.1822   0.0995   0.1169   0.0514   0.0243   0.1166   0.00    1.5
2026/04/23 07:32:05.100   3509419.6785    779149.3868   5250974.5874   2   8   0.1821   0.0994   0.1168   0.0514   0.0243   0.1165   0.10    1.5
2026/04/23 07:32:05.200   3509419.6788    779149.3875   5250974.5870   2   8   0.1820   0.0994   0.1167   0.0514   0.0243   0.1164   0.20    1.5
2026/04/23 07:32:05.300   3509419.6794    779149.3881   5250974.5869   2   8   0.1819   0.0993   0.1166   0.0514   0.0243   0.1164   0.30    1.5
2026/04/23 07:32:05.400   3509419.6793    779149.3888   5250974.5870   2   8   0.1818   0.0993   0.1165   0.0513   0.0243   0.1163   0.40    1.5
2026/04/23 07:32:05.500   3509419.6794    779149.3901   5250974.5864   2   8   0.1817   0.0993   0.1164   0.0513   0.0243   0.1162  -0.50    1.5
2026/04/23 07:32:05.600   3509419.6767    779149.3913   5250974.5862   2   8   0.1816   0.0992   0.1163   0.0513   0.0242   0.1162  -0.40    1.5
2026/04/23 07:32:05.700   3509419.6722    779149.3919   5250974.5862   2   8   0.1815   0.0992   0.1162   0.0513   0.0242   0.1161  -0.30    1.5
2026/04/23 07:32:05.800   3509419.6665    779149.3928   5250974.5868   2   8   0.1814   0.0991   0.1161   0.0513   0.0242   0.1160  -0.20    1.5
2026/04/23 07:32:05.900   3509419.6603    779149.3941   5250974.5875   2   8   0.1813   0.0991   0.1159   0.0513   0.0242   0.1159  -0.10    1.5
2026/04/23 07:32:06.000   3509419.6552    779149.3958   5250974.5876   2   8   0.1812   0.0990   0.1158   0.0513   0.0242   0.1159   0.00    1.5
2026/04/23 07:32:06.100   3509419.6517    779149.3972   5250974.5873   2   8   0.1811   0.0990   0.1157   0.0513   0.0242   0.1158   0.10    1.5
2026/04/23 07:32:06.200   3509419.6485    779149.3987   5250974.5861   2   8   0.1810   0.0989   0.1156   0.0513   0.0242   0.1157   0.20    1.5
2026/04/23 07:32:06.300   3509419.6461    779149.3996   5250974.5859   2   8   0.1809   0.0989   0.1155   0.0513   0.0241   0.1157   0.30    1.5
2026/04/23 07:32:06.400   3509419.6442    779149.4004   5250974.5863   2   8   0.1808   0.0989   0.1154   0.0513   0.0241   0.1156   0.40    1.5
2026/04/23 07:32:06.500   3509419.6437    779149.4006   5250974.5860   2   8   0.1807   0.0988   0.1153   0.0513   0.0241   0.1155  -0.50    1.5
2026/04/23 07:32:06.600   3509419.6433    779149.4015   5250974.5855   2   8   0.1806   0.0988   0.1152   0.0513   0.0241   0.1154  -0.40    1.5
2026/04/23 07:32:06.700   3509419.6424    779149.4029   5250974.5848   2   8   0.1805   0.0987   0.1151   0.0513   0.0241   0.1154  -0.30    1.5
2026/04/23 07:32:06.800   3509419.6422    779149.4037   5250974.5846   2   8   0.1804   0.0987   0.1150   0.0513   0.0241   0.1153  -0.20    1.5
2026/04/23 07:32:06.900   3509419.6422    779149.4039   5250974.5844   2   8   0.1803   0.0986   0.1149   0.0513   0.0240   0.1152  -0.10    1.5
2026/04/23 07:32:07.000   3509419.6427    779149.4051   5250974.5847   2   8   0.1802   0.0986   0.1148   0.0513   0.0240   0.1152   0.00    1.5
2026/04/23 07:32:07.100   3509419.6428    779149.4064   5250974.5855   2   8   0.1801   0.0986   0.1147   0.0513   0.0240   0.1151   0.10    1.5
2026/04/23 07:32:07.200   3509419.6441    779149.4070   5250974.5870   2   8   0.1800   0.0985   0.1146   0.0513   0.0240   0.1150   0.20    1.5
2026/04/23 07:32:07.300   3509419.6460    779149.4077   5250974.5891   2   8   0.1799   0.0985   0.1145   0.0513   0.0240   0.1150   0.30    1.5
2026/04/23 07:32:07.400   3509419.6480    779149.4083   5250974.5904   2   8   0.1798   0.0984   0.1144   0.0513   0.0240   0.1149   0.40    1.5
2026/04/23 07:32:07.500   3509419.6501    779149.4097   5250974.5922   2   8   0.1797   0.0984   0.1143   0.0513   0.0240   0.1148  -0.50    1.5
2026/04/23 07:32:07.600   3509419.6518    779149.4102   5250974.5941   2   8   0.1796   0.0984   0.1142   0.0513   0.0239   0.1147  -0.40    1.5
2026/04/23 07:32:07.700   3509419.6537    779149.4113   5250974.5960   2   8   0.1795   0.0983   0.1141   0.0513   0.0239   0.1147  -0.30    1.5
2026/04/23 07:32:07.800   3509419.6562    779149.4121   5250974.5990   2   8   0.1794   0.0983   0.1140   0.0513   0.0239   0.1146  -0.20    1.5
2026/04/23 07:32:07.900   3509419.6582    779149.4131   5250974.6019   2   8   0.1793   0.0982   0.1139   0.0513   0.0239   0.1145  -0.10    1.5
2026/04/23 07:32:08.000   3509419.6594    779149.4135   5250974.6060   2   8   0.1792   0.0982   0.1138   0.0513   0.0239   0.1145   0.00    1.5
2026/04/23 07:32:08.100   3509419.6609    779149.4147   5250974.6093   2   8   0.1791   0.0981   0.1137   0.0513   0.0239   0.1144   0.10    1.5
2026/04/23 07:32:08.200   3509419.6601    779149.4162   5250974.6127   2   8   0.1790   0.0981   0.1136   0.0513   0.0238   0.1143   0.20    1.5
2026/04/23 07:32:08.300   3509419.6593    779149.4172   5250974.6158   2   8   0.1789   0.0981   0.1135   0.0513   0.0238   0.1143   0.30    1.5
2026/04/23 07:32:08.400   3509419.6595    779149.4192   5250974.6186   2   8   0.1788   0.0980   0.1134   0.0513   0.0238   0.1142   0.40    1.5
2026/04/23 07:32:08.500   3509419.6591    779149.4209   5250974.6209   2   8   0.1787   0.0980   0.1133   0.0513   0.0238   0.1141  -0.50    1.5
2026/04/23 07:32:08.600   3509419.6568    779149.4231   5250974.6228   2   8   0.1786   0.0979   0.1132   0.0513   0.0238   0.1141  -0.40    1.5
2026/04/23 07:32:08.700   3509419.6562    779149.4248   5250974.6238   2   8   0.1785   0.0979   0.1131   0.0512   0.0238   0.1140  -0.30    1.5
2026/04/23 07:32:08.800   3509419.6565    779149.4275   5250974.6221   2   8   0.1784   0.0978   0.1130   0.0512   0.0238   0.1139  -0.20    1.5
2026/04/23 07:32:08.900   3509419.6567    779149.4293   5250974.6207   2   8   0.1783   0.0978   0.1129   0.0512   0.0237   0.1138  -0.10    1.5
2026/04/23 07:32:09.000   3509419.6563    779149.4304   5250974.6187   2   8   0.1782   0.0978   0.1128   0.0512   0.0237   0.1138   0.00    1.5
2026/04/23 07:32:09.100   3509419.6578    779149.4310   5250974.6176   2   8   0.1781   0.0977   0.1128   0.0512   0.0237   0.1137   0.10    1.5
2026/04/23 07:32:09.200   3509419.6568    779149.4322   5250974.6179   2   8   0.1780   0.0977   0.1127   0.0512   0.0237   0.1136   0.20    1.5
2026/04/23 07:32:09.300   3509419.6576    779149.4338   5250974.6198   2   8   0.1779   0.0976   0.1126   0.0512   0.0237   0.1136   0.30    1.5
2026/04/23 07:32:09.400   3509419.6578    779149.4342   5250974.6211   2   8   0.1778   0.0976   0.1125   0.0512   0.0237   0.1135   0.40    1.5
2026/04/23 07:32:09.500   3509419.6557    779149.4347   5250974.6204   2   8   0.1777   0.0976   0.1124   0.0512   0.0236   0.1134  -0.50    1.5
2026/04/23 07:32:09.600   3509419.6550    779149.4359   5250974.6206   2   8   0.1776   0.0975   0.1123   0.0512   0.0236   0.1134  -0.40    1.5
2026/04/23 07:32:09.700   3509419.6546    779149.4378   5250974.6210   2   8   0.1775   0.0975   0.1122   0.0512   0.0236   0.1133  -0.30    1.6
2026/04/23 07:32:09.800   3509419.6534    779149.4394   5250974.6216   2   8   0.1774   0.0974   0.1121   0.0512   0.0236   0.1132  -0.20    1.6
2026/04/23 07:32:09.900   3509419.6508    779149.4402   5250974.6210   2   8   0.1773   0.0974   0.1120   0.0512   0.0236   0.1132  -0.10    1.6
2026/04/23 07:32:10.000   3509419.6488    779149.4402   5250974.6219   2   8   0.1772   0.0973   0.1119   0.0512   0.0236   0.1131   0.00    1.6
2026/04/23 07:32:10.100   3509419.6471    779149.4409   5250974.6231   2   8   0.1771   0.0973   0.1118   0.0512   0.0235   0.1130   0.10    1.6
2026/04/23 07:32:10.200   3509419.6460    779149.4425   5250974.6238   2   8   0.1770   0.0973   0.1117   0.0512   0.0235   0.1129   0.20    1.6
2026/04/23 07:32:10.300   3509419.6440    779149.4423   5250974.6251   2   8   0.1769   0.0972   0.1116   0.0512   0.0235   0.1129   0.30    1.6
2026/04/23 07:32:10.400   3509419.6431    779149.4430   5250974.6262   2   8   0.1768   0.0972   0.1115   0.0512   0.0235   0.1128   0.40    1.6
2026/04/23 07:32:10.500   3509419.6421    779149.4436   5250974.6264   2   8   0.1767   0.0971   0.1114   0.0512   0.0235   0.1127  -0.50    1.6
2026/04/23 07:32:10.600   3509419.6397    779149.4444   5250974.6264   2   8   0.1766   0.0971   0.1113   0.0512   0.0235   0.1127  -0.40    1.6
2026/04/23 07:32:10.700   3509419.6379    779149.4452   5250974.6256   2   8   0.1765   0.0971   0.1112   0.0511   0.0235   0.1126  -0.30    1.6
2026/04/23 07:32:10.800   3509419.6360    779149.4464   5250974.6236   2   8   0.1764   0.0970   0.1111   0.0511   0.0234   0.1125  -0.20    1.6
2026/04/23 07:32:10.900   3509419.6334    779149.4469   5250974.6216   2   8   0.1763   0.0970   0.1110   0.0511   0.0234   0.1125  -0.10    1.6
2026/04/23 07:32:11.000   3509419.6316    779149.4485   5250974.6184   2   8   0.1762   0.0969   0.1109   0.0511   0.0234   0.1124   0.00    1.6
2026/04/23 07:32:11.100   3509419.6282    779149.4493   5250974.6160   2   8   0.1761   0.0969   0.1108   0.0511   0.0234   0.1123   0.10    1.6
2026/04/23 07:32:11.200   3509419.6253    779149.4494   5250974.6136   2   8   0.1760   0.0969   0.1107   0.0511   0.0234   0.1123   0.20    1.6
2026/04/23 07:32:11.300   3509419.6234    779149.4496   5250974.6114   2   8   0.1759   0.0968   0.1106   0.0511   0.0234   0.1122   0.30    1.6
2026/04/23 07:32:11.400   3509419.6232    779149.4495   5250974.6092   2   8   0.1758   0.0968   0.1106   0.0511   0.0233   0.1121   0.40    1.6
2026/04/23 07:32:11.500   3509419.6231    779149.4491   5250974.6066   2   8   0.1758   0.0967   0.1105   0.0511   0.0233   0.1121  -0.50    1.6
2026/04/23 07:32:11.600   3509419.6226    779149.4492   5250974.6052   2   8   0.1757   0.0967   0.1104   0.0511   0.0233   0.1120  -0.40    1.6
2026/04/23 07:32:11.700   3509419.6209    779149.4485   5250974.6038   2   8   0.1756   0.0967   0.1103   0.0511   0.0233   0.1119  -0.30    1.6
2026/04/23 07:32:11.800   3509419.6194    779149.4480   5250974.6016   2   8   0.1755   0.0966   0.1102   0.0511   0.0233   0.1119  -0.20    1.6
2026/04/23 07:32:11.900   3509419.6176    779149.4483   5250974.5994   2   8   0.1754   0.0966   0.1101   0.0511   0.0233   0.1118  -0.10    1.6
2026/04/23 07:32:12.000   3509419.6144    779149.4484   5250974.5978   2   8   0.1753   0.0965   0.1100   0.0511   0.0232   0.1117   0.00    1.6
2026/04/23 07:32:12.100   3509419.6124    779149.4473   5250974.5956   2   8   0.1752   0.0965   0.1099   0.0511   0.0232   0.1117   0.10    1.6
2026/04/23 07:32:12.200   3509419.6102    779149.4474   5250974.5931   2   8   0.1751   0.0965   0.1098   0.0511   0.0232   0.1116   0.20    1.6
2026/04/23 07:32:12.300   3509419.6082    779149.4468   5250974.5911   2   8   0.1750   0.0964   0.1097   0.0510   0.0232   0.1115   0.30    1.6
2026/04/23 07:32:12.400   3509419.6064    779149.4467   5250974.5893   2   8   0.1749   0.0964   0.1096   0.0510   0.0232   0.1114   0.40    1.6
2026/04/23 07:32:12.500   3509419.6038    779149.4465   5250974.5871   2   8   0.1748   0.0963   0.1095   0.0510   0.0232   0.1114  -0.50    1.6
2026/04/23 07:32:12.600   3509419.6012    779149.4457   5250974.5859   2   8   0.1747   0.0963   0.1094   0.0510   0.0231   0.1113  -0.40    1.6
2026/04/23 07:32:12.700   3509419.5993    779149.4463   5250974.5850   2   8   0.1746   0.0963   0.1093   0.0510   0.0231   0.1112  -0.30    1.6
2026/04/23 07:32:12.800   3509419.5959    779149.4452   5250974.5848   2   8   0.1745   0.0962   0.1093   0.0510   0.0231   0.1112  -0.20    1.6
2026/04/23 07:32:12.900   3509419.5923    779149.4452   5250974.5850   2   8   0.1744   0.0962   0.1092   0.0510   0.0231   0.1111  -0.10    1.6
2026/04/23 07:32:13.000   3509419.5894    779149.4447   5250974.5860   2   8   0.1743   0.0961   0.1091   0.0510   0.0231   0.1110   0.00    1.6
2026/04/23 07:32:13.100   3509419.5879    779149.4451   5250974.5864   2   8   0.1742   0.0961   0.1090   0.0510   0.0230   0.1110   0.10    1.6
2026/04/23 07:32:13.200   3509419.5853    779149.4442   5250974.5873   2   8   0.1741   0.0961   0.1089   0.0510   0.0230   0.1109   0.20    1.6
2026/04/23 07:32:13.300   3509419.5832    779149.4443   5250974.5868   2   8   0.1740   0.0960   0.1088   0.0510   0.0230   0.1108   0.30    1.6
2026/04/23 07:32:13.400   3509419.5812    779149.4440   5250974.5874   2   8   0.1739   0.0960   0.1087   0.0510   0.0230   0.1108   0.40    1.6
2026/04/23 07:32:13.500   3509419.5789    779149.4444   5250974.5872   2   8   0.1738   0.0959   0.1086   0.0510   0.0230   0.1107  -0.50    1.6
2026/04/23 07:32:13.600   3509419.5769    779149.4444   5250974.5868   2   8   0.1738   0.0959   0.1085   0.0510   0.0230   0.1106  -0.40    1.6
2026/04/23 07:32:13.700   3509419.5753    779149.4450   5250974.5851   2   8   0.1737   0.0959   0.1084   0.0509   0.0230   0.1106  -0.30    1.6
2026/04/23 07:32:13.800   3509419.5727    779149.4450   5250974.5841   2   8   0.1736   0.0958   0.1083   0.0509   0.0229   0.1105  -0.20    1.6
2026/04/23 07:32:13.900   3509419.5706    779149.4458   5250974.5829   2   8   0.1735   0.0958   0.1082   0.0509   0.0229   0.1104  -0.10    1.6
2026/04/23 07:32:14.000   3509419.5688    779149.4459   5250974.5821   2   8   0.1734   0.0957   0.1082   0.0509   0.0229   0.1104   0.00    1.6
2026/04/23 07:32:14.100   3509419.5671    779149.4459   5250974.5808   2   8   0.1733   0.0957   0.1081   0.0509   0.0229   0.1103   0.10    1.6
2026/04/23 07:32:14.200   3509419.5655    779149.4451   5250974.5803   2   8   0.1732   0.0957   0.1080   0.0509   0.0229   0.1102   0.20    1.6
2026/04/23 07:32:14.300   3509419.5645    779149.4449   5250974.5805   2   8   0.1731   0.0956   0.1079   0.0509   0.0228   0.1102   0.30    1.6
2026/04/23 07:32:14.400   3509419.5647    779149.4453   5250974.5801   2   8   0.1730   0.0956   0.1078   0.0509   0.0228   0.1101   0.40    1.6
2026/04/23 07:32:14.500   3509419.5662    779149.4457   5250974.5793   2   8   0.1729   0.0955   0.1077   0.0509   0.0228   0.1100  -0.50    1.6
2026/04/23 07:32:14.600   3509419.5661    779149.4459   5250974.5788   2   8   0.1728   0.0955   0.1076   0.0509   0.0228   0.1100  -0.40    1.6
2026/04/23 07:32:14.700   3509419.5664    779149.4455   5250974.5791   2   8   0.1727   0.0955   0.1075   0.0509   0.0228   0.1099  -0.30    1.6
2026/04/23 07:32:14.800   3509419.5689    779149.4457   5250974.5797   2   8   0.1726   0.0954   0.1074   0.0509   0.0228   0.1098  -0.20    1.6
2026/04/23 07:32:14.900   3509419.5724    779149.4460   5250974.5816   2   8   0.1725   0.0954   0.1073   0.0509   0.0227   0.1098  -0.10    1.6
2026/04/23 07:32:15.000   3509419.5773    779149.4461   5250974.5845   2   8   0.1724   0.0953   0.1073   0.0508   0.0227   0.1097   0.00    1.6
2026/04/23 07:32:15.100   3509419.5832    779149.4455   5250974.5883   2   8   0.1723   0.0953   0.1072   0.0508   0.0227   0.1096   0.10    1.6
2026/04/23 07:32:15.200   3509419.5884    779149.4459   5250974.5932   2   8   0.1722   0.0953   0.1071   0.0508   0.0227   0.1096   0.20    1.6
2026/04/23 07:32:15.300   3509419.5913    779149.4467   5250974.5993   2   8   0.1721   0.0952   0.1070   0.0508   0.0227   0.1095   0.30    1.6
2026/04/23 07:32:15.400   3509419.5930    779149.4474   5250974.6051   2   8   0.1721   0.0952   0.1069   0.0508   0.0227   0.1094   0.40    1.6
2026/04/23 07:32:15.500   3509419.5948    779149.4484   5250974.6112   2   8   0.1720   0.0951   0.1068   0.0508   0.0226   0.1094  -0.50    1.6
2026/04/23 07:32:15.600   3509419.5967    779149.4498   5250974.6174   2   8   0.1719   0.0951   0.1067   0.0508   0.0226   0.1093  -0.40    1.6
2026/04/23 07:32:15.700   3509419.5972    779149.4506   5250974.6245   2   8   0.1718   0.0951   0.1066   0.0508   0.0226   0.1092  -0.30    1.6
2026/04/23 07:32:15.800   3509419.5969    779149.4521   5250974.6309   2   8   0.1717   0.0950   0.1066   0.0508   0.0226   0.1092  -0.20    1.6
2026/04/23 07:32:15.900   3509419.5971    779149.4528   5250974.6373   2   8   0.1716   0.0950   0.1065   0.0508   0.0226   0.1091  -0.10    1.6
2026/04/23 07:32:16.000   3509419.5989    779149.4544   5250974.6440   2   8   0.1715   0.0950   0.1064   0.0508   0.0225   0.1090   0.00    1.6
2026/04/23 07:32:16.100   3509419.6000    779149.4557   5250974.6498   2   8   0.1714   0.0949   0.1063   0.0507   0.0225   0.1090   0.10    1.7
2026/04/23 07:32:16.200   3509419.6016    779149.4566   5250974.6547   2   8   0.1713   0.0949   0.1062   0.0507   0.0225   0.1089   0.20    1.7
2026/04/23 07:32:16.300   3509419.6037    779149.4575   5250974.6598   2   8   0.1712   0.0948   0.1061   0.0507   0.0225   0.1088   0.30    1.7
2026/04/23 07:32:16.400   3509419.6049    779149.4588   5250974.6662   2   8   0.1711   0.0948   0.1060   0.0507   0.0225   0.1088   0.40    1.7
2026/04/23 07:32:16.500   3509419.6045    779149.4598   5250974.6731   2   8   0.1710   0.0948   0.1059   0.0507   0.0225   0.1087  -0.50    1.7
2026/04/23 07:32:16.600   3509419.6032    779149.4609   5250974.6795   2   8   0.1709   0.0947   0.1059   0.0507   0.0224   0.1086  -0.40    1.7
2026/04/23 07:32:16.700   3509419.6020    779149.4620   5250974.6840   2   8   0.1708   0.0947   0.1058   0.0507   0.0224   0.1086  -0.30    1.7
2026/04/23 07:32:16.800   3509419.6010    779149.4639   5250974.6880   2   8   0.1708   0.0946   0.1057   0.0507   0.0224   0.1085  -0.20    1.7
2026/04/23 07:32:16.900   3509419.5992    779149.4656   5250974.6922   2   8   0.1707   0.0946   0.1056   0.0507   0.0224   0.1084  -0.10    1.7
2026/04/23 07:32:17.000   3509419.5971    779149.4666   5250974.6968   2   8   0.1706   0.0946   0.1055   0.0507   0.0224   0.1084   0.00    1.7
2026/04/23 07:32:17.100   3509419.5956    779149.4680   5250974.6999   2   8   0.1705   0.0945   0.1054   0.0507   0.0224   0.1083   0.10    1.7
2026/04/23 07:32:17.200   3509419.5953    779149.4689   5250974.7023   2   8   0.1704   0.0945   0.1053   0.0506   0.0223   0.1082   0.20    1.7
2026/04/23 07:32:17.300   3509419.5940    779149.4700   5250974.7053   2   8   0.1703   0.0945   0.1052   0.0506   0.0223   0.1082   0.30    1.7
2026/04/23 07:32:17.400   3509419.5921    779149.4702   5250974.7077   2   8   0.1702   0.0944   0.1052   0.0506   0.0223   0.1081   0.40    1.7
2026/04/23 07:32:17.500   3509419.5927    779149.4703   5250974.7096   2   8   0.1701   0.0944   0.1051   0.0506   0.0223   0.1080  -0.50    1.7
2026/04/23 07:32:17.600   3509419.5926    779149.4706   5250974.7102   2   8   0.1700   0.0943   0.1050   0.0506   0.0223   0.1080  -0.40    1.7
2026/04/23 07:32:17.700   3509419.5931    779149.4712   5250974.7115   2   8   0.1699   0.0943   0.1049   0.0506   0.0222   0.1079  -0.30    1.7
2026/04/23 07:32:17.800   3509419.5935    779149.4716   5250974.7124   2   8   0.1698   0.0943   0.1048   0.0506   0.0222   0.1078  -0.20    1.7
2026/04/23 07:32:17.900   3509419.5943    779149.4713   5250974.7136   2   8   0.1697   0.0942   0.1047   0.0506   0.0222   0.1078  -0.10    1.7
2026/04/23 07:32:18.000   3509419.5948    779149.4706   5250974.7144   2   8   0.1696   0.0942   0.1046   0.0506   0.0222   0.1077   0.00    1.7
2026/04/23 07:32:18.100   3509419.5949    779149.4711   5250974.7166   2   8   0.1696   0.0941   0.1046   0.0506   0.0222   0.1076   0.10    1.7
2026/04/23 07:32:18.200   3509419.5945    779149.4715   5250974.7188   2   8   0.1695   0.0941   0.1045   0.0505   0.0222   0.1076   0.20    1.7
2026/04/23 07:32:18.300   3509419.5935    779149.4715   5250974.7220   2   8   0.1694   0.0941   0.1044   0.0505   0.0221   0.1075   0.30    1.7
2026/04/23 07:32:18.400   3509419.5920    779149.4713   5250974.7250   2   8   0.1693   0.0940   0.1043   0.0505   0.0221   0.1074   0.40    1.7
2026/04/23 07:32:18.500   3509419.5907    779149.4718   5250974.7282   2   8   0.1692   0.0940   0.1042   0.0505   0.0221   0.1074  -0.50    1.7
2026/04/23 07:32:18.600   3509419.5876    779149.4718   5250974.7322   2   8   0.1691   0.0940   0.1041   0.0505   0.0221   0.1073  -0.40    1.7
2026/04/23 07:32:18.700   3509419.5847    779149.4712   5250974.7368   2   8   0.1690   0.0939   0.1041   0.0505   0.0221   0.1072  -0.30    1.8
2026/04/23 07:32:18.800   3509419.5824    779149.4724   5250974.7405   2   8   0.1689   0.0939   0.1040   0.0505   0.0220   0.1072  -0.20    1.8
2026/04/23 07:32:18.900   3509419.5806    779149.4729   5250974.7443   2   8   0.1688   0.0938   0.1039   0.0505   0.0220   0.1071  -0.10    1.8
2026/04/23 07:32:19.000   3509419.5792    779149.4728   5250974.7483   2   8   0.1687   0.0938   0.1038   0.0505   0.0220   0.1070   0.00    1.8
2026/04/23 07:32:19.100   3509419.5772    779149.4739   5250974.7521   2   8   0.1686   0.0938   0.1037   0.0504   0.0220   0.1070   0.10    1.8
2026/04/23 07:32:19.200   3509419.5762    779149.4741   5250974.7562   2   8   0.1685   0.0937   0.1036   0.0504   0.0220   0.1069   0.20    1.8
2026/04/23 07:32:19.300   3509419.5752    779149.4746   5250974.7596   2   8   0.1685   0.0937   0.1035   0.0504   0.0219   0.1068   0.30    1.8
2026/04/23 07:32:19.400   3509419.5732    779149.4764   5250974.7632   2   8   0.1684   0.0937   0.1035   0.0504   0.0219   0.1068   0.40    1.8
2026/04/23 07:32:19.500   3509419.5719    779149.4767   5250974.7678   2   8   0.1683   0.0936   0.1034   0.0504   0.0219   0.1067  -0.50    1.8
2026/04/23 07:32:19.600   3509419.5710    779149.4770   5250974.7724   2   8   0.1682   0.0936   0.1033   0.0504   0.0219   0.1067  -0.40    1.8
2026/04/23 07:32:19.700   3509419.5701    779149.4779   5250974.7752   2   8   0.1681   0.0935   0.1032   0.0504   0.0219   0.1066  -0.30    1.8
2026/04/23 07:32:19.800   3509419.5689    779149.4780   5250974.7786   2   8   0.1680   0.0935   0.1031   0.0504   0.0219   0.1065  -0.20    1.8
2026/04/23 07:32:19.900   3509419.5686    779149.4788   5250974.7817   2   8   0.1679   0.0935   0.1030   0.0504   0.0218   0.1065  -0.10    1.8
2026/04/23 07:32:20.000   3509419.5673    779149.4797   5250974.7841   2   8   0.1678   0.0934   0.1030   0.0504   0.0218   0.1064   0.00    1.8
2026/04/23 07:32:20.100   3509419.5662    779149.4808   5250974.7862   2   8   0.1677   0.0934   0.1029   0.0503   0.0218   0.1063   0.10    1.8
2026/04/23 07:32:20.200   3509419.5668    779149.4824   5250974.7870   2   8   0.1676   0.0934   0.1028   0.0503   0.0218   0.1063   0.20    1.8
2026/04/23 07:32:20.300   3509419.5676    779149.4838   5250974.7868   2   8   0.1675   0.0933   0.1027   0.0503   0.0218   0.1062   0.30    1.8
2026/04/23 07:32:20.400   3509419.5681    779149.4840   5250974.7874   2   8   0.1675   0.0933   0.1026   0.0503   0.0217   0.1061   0.40    1.8
2026/04/23 07:32:20.500   3509419.5692    779149.4848   5250974.7883   2   8   0.1674   0.0932   0.1026   0.0503   0.0217   0.1061  -0.50    1.8
2026/04/23 07:32:20.600   3509419.5701    779149.4859   5250974.7883   2   8   0.1673   0.0932   0.1025   0.0503   0.0217   0.1060  -0.40    1.8
2026/04/23 07:32:20.700   3509419.5709    779149.4863   5250974.7889   2   8   0.1672   0.0932   0.1024   0.0503   0.0217   0.1059  -0.30    1.8
2026/04/23 07:32:20.800   3509419.5717    779149.4864   5250974.7918   2   8   0.1671   0.0931   0.1023   0.0503   0.0217   0.1059  -0.20    1.8
2026/04/23 07:32:20.900   3509419.5730    779149.4872   5250974.7934   2   8   0.1670   0.0931   0.1022   0.0502   0.0216   0.1058  -0.10    1.8
2026/04/23 07:32:21.000   3509419.5734    779149.4874   5250974.7954   2   8   0.1669   0.0931   0.1021   0.0502   0.0216   0.1057   0.00    1.8
2026/04/23 07:32:21.100   3509419.5743    779149.4885   5250974.7967   2   8   0.1668   0.0930   0.1021   0.0502   0.0216   0.1057   0.10    1.8
2026/04/23 07:32:21.200   3509419.5748    779149.4884   5250974.7990   2   8   0.1667   0.0930   0.1020   0.0502   0.0216   0.1056   0.20    1.8
2026/04/23 07:32:21.300   3509419.5754    779149.4889   5250974.8017   2   8   0.1666   0.0929   0.1019   0.0502   0.0216   0.1055   0.30    1.8
2026/04/23 07:32:21.400   3509419.5754    779149.4888   5250974.8047   2   8   0.1666   0.0929   0.1018   0.0502   0.0216   0.1055   0.40    1.8
2026/04/23 07:32:21.500   3509419.5743    779149.4892   5250974.8078   2   8   0.1665   0.0929   0.1017   0.0502   0.0215   0.1054  -0.50    1.8
2026/04/23 07:32:21.600   3509419.5743    779149.4892   5250974.8099   2   8   0.1664   0.0928   0.1017   0.0502   0.0215   0.1054  -0.40    1.8
2026/04/23 07:32:21.700   3509419.5727    779149.4895   5250974.8127   2   8   0.1663   0.0928   0.1016   0.0502   0.0215   0.1053  -0.30    1.8
2026/04/23 07:32:21.800   3509419.5711    779149.4901   5250974.8149   2   8   0.1662   0.0928   0.1015   0.0501   0.0215   0.1052  -0.20    1.8
2026/04/23 07:32:21.900   3509419.5695    779149.4906   5250974.8172   2   8   0.1661   0.0927   0.1014   0.0501   0.0215   0.1052  -0.10    1.8
2026/04/23 07:32:22.000   3509419.5666    779149.4910   5250974.8188   2   8   0.1660   0.0927   0.1013   0.0501   0.0214   0.1051   0.00    1.8
2026/04/23 07:32:22.100   3509419.5628    779149.4916   5250974.8212   2   8   0.1659   0.0927   0.1012   0.0501   0.0214   0.1050   0.10    1.8
2026/04/23 07:32:22.200   3509419.5587    779149.4918   5250974.8243   2   8   0.1658   0.0926   0.1012   0.0501   0.0214   0.1050   0.20    1.8
2026/04/23 07:32:22.300   3509419.5556    779149.4927   5250974.8268   2   8   0.1658   0.0926   0.1011   0.0501   0.0214   0.1049   0.30    1.8
2026/04/23 07:32:22.400   3509419.5553    779149.4927   5250974.8280   2   8   0.1657   0.0925   0.1010   0.0501   0.0214   0.1048   0.40    1.8
2026/04/23 07:32:22.500   3509419.5551    779149.4927   5250974.8296   2   8   0.1656   0.0925   0.1009   0.0501   0.0213   0.1048  -0.50    1.8
2026/04/23 07:32:22.600   3509419.5539    779149.4927   5250974.8315   2   8   0.1655   0.0925   0.1008   0.0500   0.0213   0.1047  -0.40    1.8
2026/04/23 07:32:22.700   3509419.5519    779149.4926   5250974.8318   2   8   0.1654   0.0924   0.1008   0.0500   0.0213   0.1046  -0.30    1.8
2026/04/23 07:32:22.800   3509419.5499    779149.4933   5250974.8321   2   8   0.1653   0.0924   0.1007   0.0500   0.0213   0.1046  -0.20    1.8
2026/04/23 07:32:22.900   3509419.5478    779149.4939   5250974.8331   2   8   0.1652   0.0924   0.1006   0.0500   0.0213   0.1045  -0.10    1.8
2026/04/23 07:32:23.000   3509419.5449    779149.4939   5250974.8336   2   8   0.1651   0.0923   0.1005   0.0500   0.0212   0.1045   0.00    1.8
2026/04/23 07:32:23.100   3509419.5416    779149.4943   5250974.8334   2   8   0.1650   0.0923   0.1004   0.0500   0.0212   0.1044   0.10    1.8
2026/04/23 07:32:23.200   3509419.5396    779149.4949   5250974.8325   2   8   0.1649   0.0923   0.1004   0.0500   0.0212   0.1043   0.20    1.8
2026/04/23 07:32:23.300   3509419.5373    779149.4945   5250974.8315   2   8   0.1649   0.0922   0.1003   0.0500   0.0212   0.1043   0.30    1.8
2026/04/23 07:32:23.400   3509419.5348    779149.4939   5250974.8301   2   8   0.1648   0.0922   0.1002   0.0499   0.0212   0.1042   0.40    1.8
2026/04/23 07:32:23.500   3509419.5333    779149.4940   5250974.8293   2   8   0.1647   0.0921   0.1001   0.0499   0.0211   0.1041  -0.50    1.8
2026/04/23 07:32:23.600   3509419.5322    779149.4949   5250974.8286   2   8   0.1646   0.0921   0.1001   0.0499   0.0211   0.1041  -0.40    1.8
2026/04/23 07:32:23.700   3509419.5322    779149.4956   5250974.8265   2   8   0.1645   0.0921   0.1000   0.0499   0.0211   0.1040  -0.30    1.8
2026/04/23 07:32:23.800   3509419.5318    779149.4960   5250974.8250   2   8   0.1644   0.0920   0.0999   0.0499   0.0211   0.1039  -0.20    1.8
2026/04/23 07:32:23.900   3509419.5307    779149.4963   5250974.8230   2   8   0.1643   0.0920   0.0998   0.0499   0.0211   0.1039  -0.10    1.8
2026/04/23 07:32:24.000   3509419.5291    779149.4971   5250974.8219   2   8   0.1642   0.0920   0.0997   0.0499   0.0210   0.1038   0.00    1.8
2026/04/23 07:32:24.100   3509419.5267    779149.4976   5250974.8205   2   8   0.1642   0.0919   0.0997   0.0499   0.0210   0.1037   0.10    1.8
2026/04/23 07:32:24.200   3509419.5239    779149.4976   5250974.8187   2   8   0.1641   0.0919   0.0996   0.0498   0.0210   0.1037   0.20    1.8
2026/04/23 07:32:24.300   3509419.5198    779149.4960   5250974.8170   2   8   0.1640   0.0919   0.0995   0.0498   0.0210   0.1036   0.30    1.8
2026/04/23 07:32:24.400   3509419.5155    779149.4952   5250974.8158   2   8   0.1639   0.0918   0.0994   0.0498   0.0210   0.1036   0.40    1.8
2026/04/23 07:32:24.500   3509419.5114    779149.4952   5250974.8142   2   8   0.1638   0.0918   0.0993   0.0498   0.0209   0.1035  -0.50    1.8
2026/04/23 07:32:24.600   3509419.5073    779149.4954   5250974.8118   2   8   0.1637   0.0918   0.0993   0.0498   0.0209   0.1034  -0.40    1.8
2026/04/23 07:32:24.700   3509419.5033    779149.4955   5250974.8099   2   8   0.1636   0.0917   0.0992   0.0498   0.0209   0.1034  -0.30    1.8
2026/04/23 07:32:24.800   3509419.4997    779149.4956   5250974.8086   2   8   0.1635   0.0917   0.0991   0.0498   0.0209   0.1033  -0.20    1.8
2026/04/23 07:32:24.900   3509419.4966    779149.4949   5250974.8072   2   8   0.1634   0.0916   0.0990   0.0497   0.0209   0.1032  -0.10    1.8
2026/04/23 07:32:25.000   3509419.4954    779149.4940   5250974.8060   2   8   0.1634   0.0916   0.0990   0.0497   0.0208   0.1032   0.00    1.8
2026/04/23 07:32:25.100   3509419.4944    779149.4934   5250974.8041   2   8   0.1633   0.0916   0.0989   0.0497   0.0208   0.1031   0.10    1.8
2026/04/23 07:32:25.200   3509419.4952    779149.4931   5250974.8031   2   8   0.1632   0.0915   0.0988   0.0497   0.0208   0.1031   0.20    1.8
2026/04/23 07:32:25.300   3509419.4941    779149.4936   5250974.8038   2   8   0.1631   0.0915   0.0987   0.0497   0.0208   0.1030   0.30    1.8
2026/04/23 07:32:25.400   3509419.4945    779149.4929   5250974.8058   2   8   0.1630   0.0915   0.0986   0.0497   0.0208   0.1029   0.40    1.8
2026/04/23 07:32:25.500   3509419.4952    779149.4928   5250974.8071   2   8   0.1629   0.0914   0.0986   0.0497   0.0207   0.1029  -0.50    1.8
2026/04/23 07:32:25.600   3509419.4939    779149.4931   5250974.8080   2   8   0.1628   0.0914   0.0985   0.0496   0.0207   0.1028  -0.40    1.8
2026/04/23 07:32:25.700   3509419.4915    779149.4934   5250974.8081   2   8   0.1627   0.0914   0.0984   0.0496   0.0207   0.1027  -0.30    1.8
2026/04/23 07:32:25.800   3509419.4889    779149.4938   5250974.8092   2   8   0.1627   0.0913   0.0983   0.0496   0.0207   0.1027  -0.20    1.8
2026/04/23 07:32:25.900   3509419.4846    779149.4941   5250974.8100   2   8   0.1626   0.0913   0.0983   0.0496   0.0207   0.1026  -0.10    1.8
2026/04/23 07:32:26.000   3509419.4810    779149.4950   5250974.8116   2   8   0.1625   0.0913   0.0982   0.0496   0.0206   0.1025   0.00    1.8
2026/04/23 07:32:26.100   3509419.4777    779149.4956   5250974.8135   2   8   0.1624   0.0912   0.0981   0.0496   0.0206   0.1025   0.10    1.8
2026/04/23 07:32:26.200   3509419.4762    779149.4952   5250974.8154   2   8   0.1623   0.0912   0.0980   0.0496   0.0206   0.1024   0.20    1.8
2026/04/23 07:32:26.300   3509419.4747    779149.4943   5250974.8165   2   8   0.1622   0.0911   0.0980   0.0496   0.0206   0.1024   0.30    1.8
2026/04/23 07:32:26.400   3509419.4727    779149.4934   5250974.8166   2   8   0.1621   0.0911   0.0979   0.0495   0.0206   0.1023   0.40    1.8
2026/04/23 07:32:26.500   3509419.4707    779149.4935   5250974.8166   2   8   0.1620   0.0911   0.0978   0.0495   0.0205   0.1022  -0.50    1.8
2026/04/23 07:32:26.600   3509419.4685    779149.4939   5250974.8167   2   8   0.1620   0.0910   0.0977   0.0495   0.0205   0.1022  -0.40    1.8
2026/04/23 07:32:26.700   3509419.4653    779149.4947   5250974.8166   2   8   0.1619   0.0910   0.0977   0.0495   0.0205   0.1021  -0.30    1.8
2026/04/23 07:32:26.800   3509419.4627    779149.4946   5250974.8174   2   8   0.1618   0.0910   0.0976   0.0495   0.0205   0.1020  -0.20    1.8
2026/04/23 07:32:26.900   3509419.4624    779149.4943   5250974.8173   2   8   0.1617   0.0909   0.0975   0.0495   0.0205   0.1020  -0.10    1.8
2026/04/23 07:32:27.000   3509419.4627    779149.4952   5250974.8169   2   8   0.1616   0.0909   0.0974   0.0495   0.0204   0.1019   0.00    1.8
2026/04/23 07:32:27.100   3509419.4639    779149.4960   5250974.8169   2   8   0.1615   0.0909   0.0974   0.0494   0.0204   0.1019   0.10    1.8
2026/04/23 07:32:27.200   3509419.4660    779149.4957   5250974.8168   2   8   0.1614   0.0908   0.0973   0.0494   0.0204   0.1018   0.20    1.8
2026/04/23 07:32:27.300   3509419.4661    779149.4962   5250974.8179   2   8   0.1614   0.0908   0.0972   0.0494   0.0204   0.1017   0.30    1.8
2026/04/23 07:32:27.400   3509419.4678    779149.4967   5250974.8186   2   8   0.1613   0.0908   0.0971   0.0494   0.0204   0.1017   0.40    1.8
2026/04/23 07:32:27.500   3509419.4702    779149.4970   5250974.8193   2   8   0.1612   0.0907   0.0971   0.0494   0.0203   0.1016  -0.50    1.8
2026/04/23 07:32:27.600   3509419.4726    779149.4971   5250974.8202   2   8   0.1611   0.0907   0.0970   0.0494   0.0203   0.1015  -0.40    1.8
2026/04/23 07:32:27.700   3509419.4752    779149.4971   5250974.8215   2   8   0.1610   0.0907   0.0969   0.0494   0.0203   0.1015  -0.30    1.8
2026/04/23 07:32:27.800   3509419.4748    779149.4966   5250974.8232   2   8   0.1609   0.0906   0.0968   0.0493   0.0203   0.1014  -0.20    1.8
2026/04/23 07:32:27.900   3509419.4729    779149.4973   5250974.8258   2   8   0.1608   0.0906   0.0968   0.0493   0.0203   0.1014  -0.10    1.7
2026/04/23 07:32:28.000   3509419.4713    779149.4980   5250974.8272   2   8   0.1607   0.0906   0.0967   0.0493   0.0202   0.1013   0.00    1.7
2026/04/23 07:32:28.100   3509419.4676    779149.4984   5250974.8281   2   8   0.1607   0.0905   0.0966   0.0493   0.0202   0.1012   0.10    1.7
2026/04/23 07:32:28.200   3509419.4630    779149.4997   5250974.8280   2   8   0.1606   0.0905   0.0965   0.0493   0.0202   0.1012   0.20    1.7
2026/04/23 07:32:28.300   3509419.4581    779149.5012   5250974.8276   2   8   0.1605   0.0904   0.0965   0.0493   0.0202   0.1011   0.30    1.7
2026/04/23 07:32:28.400   3509419.4547    779149.5020   5250974.8281   2   8   0.1604   0.0904   0.0964   0.0492   0.0201   0.1010   0.40    1.7
2026/04/23 07:32:28.500   3509419.4524    779149.5032   5250974.8277   2   8   0.1603   0.0904   0.0963   0.0492   0.0201   0.1010  -0.50    1.7
2026/04/23 07:32:28.600   3509419.4501    779149.5038   5250974.8277   2   8   0.1602   0.0903   0.0962   0.0492   0.0201   0.1009  -0.40    1.7
2026/04/23 07:32:28.700   3509419.4472    779149.5047   5250974.8275   2   8   0.1601   0.0903   0.0962   0.0492   0.0201   0.1009  -0.30    1.7
2026/04/23 07:32:28.800   3509419.4460    779149.5049   5250974.8276   2   8   0.1601   0.0903   0.0961   0.0492   0.0201   0.1008  -0.20    1.7
2026/04/23 07:32:28.900   3509419.4451    779149.5055   5250974.8268   2   8   0.1600   0.0902   0.0960   0.0492   0.0200   0.1007  -0.10    1.7
2026/04/23 07:32:29.000   3509419.4451    779149.5063   5250974.8254   2   8   0.1599   0.0902   0.0959   0.0492   0.0200   0.1007   0.00    1.7
2026/04/23 07:32:29.100   3509419.4456    779149.5072   5250974.8249   2   8   0.1598   0.0902   0.0959   0.0491   0.0200   0.1006   0.10    1.7
2026/04/23 07:32:29.200   3509419.4452    779149.5079   5250974.8259   2   8   0.1597   0.0901   0.0958   0.0491   0.0200   0.1005   0.20    1.7
2026/04/23 07:32:29.300   3509419.4440    779149.5082   5250974.8255   2   8   0.1596   0.0901   0.0957   0.0491   0.0200   0.1005   0.30    1.7
2026/04/23 07:32:29.400   3509419.4426    779149.5087   5250974.8245   2   8   0.1595   0.0901   0.0956   0.0491   0.0199   0.1004   0.40    1.7
2026/04/23 07:32:29.500   3509419.4409    779149.5091   5250974.8230   2   8   0.1595   0.0900   0.0956   0.0491   0.0199   0.1004  -0.50    1.7
2026/04/23 07:32:29.600   3509419.4385    779149.5093   5250974.8235   2   8   0.1594   0.0900   0.0955   0.0491   0.0199   0.1003  -0.40    1.7
2026/04/23 07:32:29.700   3509419.4365    779149.5095   5250974.8243   2   8   0.1593   0.0900   0.0954   0.0491   0.0199   0.1002  -0.30    1.7
2026/04/23 07:32:29.800   3509419.4341    779149.5095   5250974.8255   2   8   0.1592   0.0899   0.0954   0.0490   0.0199   0.1002  -0.20    1.7
2026/04/23 07:32:29.900   3509419.4325    779149.5100   5250974.8262   2   8   0.1591   0.0899   0.0953   0.0490   0.0198   0.1001  -0.10    1.7
2026/04/23 07:32:30.000   3509419.4315    779149.5109   5250974.8265   2   8   0.1590   0.0899   0.0952   0.0490   0.0198   0.1001   0.00    1.7
2026/04/23 07:32:30.100   3509419.4306    779149.5109   5250974.8267   2   8   0.1590   0.0898   0.0951   0.0490   0.0198   0.1000   0.10    1.7
2026/04/23 07:32:30.200   3509419.4289    779149.5103   5250974.8277   2   8   0.1589   0.0898   0.0951   0.0490   0.0198   0.0999   0.20    1.7
2026/04/23 07:32:30.300   3509419.4268    779149.5103   5250974.8271   2   8   0.1588   0.0898   0.0950   0.0490   0.0197   0.0999   0.30    1.7
2026/04/23 07:32:30.400   3509419.4246    779149.5105   5250974.8266   2   8   0.1587   0.0897   0.0949   0.0489   0.0197   0.0998   0.40    1.7
2026/04/23 07:32:30.500   3509419.4234    779149.5109   5250974.8270   2   8   0.1586   0.0897   0.0949   0.0489   0.0197   0.0997  -0.50    1.7
2026/04/23 07:32:30.600   3509419.4218    779149.5109   5250974.8282   2   8   0.1585   0.0897   0.0948   0.0489   0.0197   0.0997  -0.40    1.7
2026/04/23 07:32:30.700   3509419.4195    779149.5109   5250974.8299   2   8   0.1584   0.0896   0.0947   0.0489   0.0197   0.0996  -0.30    1.7
2026/04/23 07:32:30.800   3509419.4177    779149.5105   5250974.8306   2   8   0.1584   0.0896   0.0946   0.0489   0.0196   0.0996  -0.20    1.7
2026/04/23 07:32:30.900   3509419.4169    779149.5100   5250974.8312   2   8   0.1583   0.0896   0.0946   0.0489   0.0196   0.0995  -0.10    1.7
2026/04/23 07:32:31.000   3509419.4162    779149.5101   5250974.8310   2   8   0.1582   0.0895   0.0945   0.0488   0.0196   0.0994   0.00    1.7
2026/04/23 07:32:31.100   3509419.4142    779149.5095   5250974.8311   2   8   0.1581   0.0895   0.0944   0.0488   0.0196   0.0994   0.10    1.7
2026/04/23 07:32:31.200   3509419.4129    779149.5094   5250974.8311   2   8   0.1580   0.0895   0.0943   0.0488   0.0195   0.0993   0.20    1.7
2026/04/23 07:32:31.300   3509419.4116    779149.5097   5250974.8312   2   8   0.1579   0.0894   0.0943   0.0488   0.0195   0.0993   0.30    1.7
2026/04/23 07:32:31.400   3509419.4096    779149.5098   5250974.8308   2   8   0.1578   0.0894   0.0942   0.0488   0.0195   0.0992   0.40    1.7
2026/04/23 07:32:31.500   3509419.4072    779149.5107   5250974.8299   2   8   0.1578   0.0894   0.0941   0.0488   0.0195   0.0991  -0.50    1.7
2026/04/23 07:32:31.600   3509419.4031    779149.5111   5250974.8273   2   8   0.1577   0.0893   0.0941   0.0488   0.0195   0.0991  -0.40    1.7
2026/04/23 07:32:31.700   3509419.4002    779149.5110   5250974.8260   2   8   0.1576   0.0893   0.0940   0.0487   0.0194   0.0990  -0.30    1.7
2026/04/23 07:32:31.800   3509419.3965    779149.5110   5250974.8251   2   8   0.1575   0.0893   0.0939   0.0487   0.0194   0.0989  -0.20    1.7
2026/04/23 07:32:31.900   3509419.3910    779149.5109   5250974.8236   2   8   0.1574   0.0892   0.0939   0.0487   0.0194   0.0989  -0.10    1.7
2026/04/23 07:32:32.000   3509419.3873    779149.5114   5250974.8203   2   8   0.1573   0.0892   0.0938   0.0487   0.0194   0.0988   0.00    1.7
2026/04/23 07:32:32.100   3509419.3851    779149.5117   5250974.8169   2   8   0.1573   0.0892   0.0937   0.0487   0.0194   0.0988   0.10    1.7
2026/04/23 07:32:32.200   3509419.3812    779149.5114   5250974.8146   2   8   0.1572   0.0891   0.0936   0.0487   0.0193   0.0987   0.20    1.7
2026/04/23 07:32:32.300   3509419.3777    779149.5099   5250974.8131   2   8   0.1571   0.0891   0.0936   0.0486   0.0193   0.0986   0.30    1.7
2026/04/23 07:32:32.400   3509419.3743    779149.5083   5250974.8123   2   8   0.1570   0.0891   0.0935   0.0486   0.0193   0.0986   0.40    1.7
2026/04/23 07:32:32.500   3509419.3719    779149.5072   5250974.8103   2   8   0.1569   0.0890   0.0934   0.0486   0.0193   0.0985  -0.50    1.7
2026/04/23 07:32:32.600   3509419.3694    779149.5066   5250974.8087   2   8   0.1568   0.0890   0.0934   0.0486   0.0192   0.0985  -0.40    1.7
2026/04/23 07:32:32.700   3509419.3688    779149.5058   5250974.8074   2   8   0.1568   0.0890   0.0933   0.0486   0.0192   0.0984  -0.30    1.7
2026/04/23 07:32:32.800   3509419.3674    779149.5048   5250974.8063   2   8   0.1567   0.0889   0.0932   0.0486   0.0192   0.0983  -0.20    1.7
2026/04/23 07:32:32.900   3509419.3649    779149.5053   5250974.8052   2   8   0.1566   0.0889   0.0931   0.0485   0.0192   0.0983  -0.10    1.7
2026/04/23 07:32:33.000   3509419.3609    779149.5052   5250974.8037   2   8   0.1565   0.0888   0.0931   0.0485   0.0192   0.0982   0.00    1.7
2026/04/23 07:32:33.100   3509419.3575    779149.5041   5250974.8031   2   8   0.1564   0.0888   0.0930   0.0485   0.0191   0.0982   0.10    1.7
2026/04/23 07:32:33.200   3509419.3530    779149.5023   5250974.8023   2   8   0.1563   0.0888   0.0929   0.0485   0.0191   0.0981   0.20    1.7
2026/04/23 07:32:33.300   3509419.3476    779149.5007   5250974.8014   2   8   0.1563   0.0888   0.0929   0.0485   0.0191   0.0980   0.30    1.7
2026/04/23 07:32:33.400   3509419.3415    779149.4998   5250974.8003   2   8   0.1562   0.0887   0.0928   0.0485   0.0191   0.0980   0.40    1.7
2026/04/23 07:32:33.500   3509419.3372    779149.4990   5250974.7992   2   8   0.1561   0.0887   0.0927   0.0484   0.0190   0.0979  -0.50    1.7
2026/04/23 07:32:33.600   3509419.3323    779149.4978   5250974.8003   2   8   0.1560   0.0887   0.0927   0.0484   0.0190   0.0979  -0.40    1.7
2026/04/23 07:32:33.700   3509419.3295    779149.4968   5250974.8005   2   8   0.1559   0.0886   0.0926   0.0484   0.0190   0.0978  -0.30    1.7
2026/04/23 07:32:33.800   3509419.3277    779149.4957   5250974.8014   2   8   0.1558   0.0886   0.0925   0.0484   0.0190   0.0977  -0.20    1.7
2026/04/23 07:32:33.900   3509419.3263    779149.4944   5250974.8036   2   8   0.1558   0.0886   0.0925   0.0484   0.0190   0.0977  -0.10    1.7
2026/04/23 07:32:34.000   3509419.3266    779149.4936   5250974.8058   2   8   0.1557   0.0885   0.0924   0.0484   0.0189   0.0976   0.00    1.7
2026/04/23 07:32:34.100   3509419.3270    779149.4927   5250974.8065   2   8   0.1556   0.0885   0.0923   0.0483   0.0189   0.0976   0.10    1.7
2026/04/23 07:32:34.200   3509419.3284    779149.4916   5250974.8083   2   8   0.1555   0.0885   0.0922   0.0483   0.0189   0.0975   0.20    1.7
2026/04/23 07:32:34.300   3509419.3303    779149.4911   5250974.8099   2   8   0.1554   0.0884   0.0922   0.0483   0.0189   0.0974   0.30    1.7
2026/04/23 07:32:34.400   3509419.3318    779149.4913   5250974.8120   2   8   0.1553   0.0884   0.0921   0.0483   0.0188   0.0974   0.40    1.7
2026/04/23 07:32:34.500   3509419.3333    779149.4917   5250974.8133   2   8   0.1553   0.0884   0.0920   0.0483   0.0188   0.0973  -0.50    1.7
2026/04/23 07:32:34.600   3509419.3354    779149.4913   5250974.8153   2   8   0.1552   0.0883   0.0920   0.0483   0.0188   0.0973  -0.40    1.7
2026/04/23 07:32:34.700   3509419.3378    779149.4909   5250974.8181   2   8   0.1551   0.0883   0.0919   0.0482   0.0188   0.0972  -0.30    1.7
2026/04/23 07:32:34.800   3509419.3401    779149.4907   5250974.8213   2   8   0.1550   0.0883   0.0918   0.0482   0.0188   0.0971  -0.20    1.7
2026/04/23 07:32:34.900   3509419.3413    779149.4912   5250974.8233   2   8   0.1549   0.0882   0.0918   0.0482   0.0187   0.0971  -0.10    1.7
2026/04/23 07:32:35.000   3509419.3398    779149.4907   5250974.8259   2   8   0.1548   0.0882   0.0917   0.0482   0.0187   0.0970   0.00    1.7
2026/04/23 07:32:35.100   3509419.3376    779149.4905   5250974.8280   2   8   0.1548   0.0882   0.0916   0.0482   0.0187   0.0970   0.10    1.7
2026/04/23 07:32:35.200   3509419.3361    779149.4899   5250974.8295   2   8   0.1547   0.0881   0.0916   0.0482   0.0187   0.0969   0.20    1.7
2026/04/23 07:32:35.300   3509419.3353    779149.4895   5250974.8305   2   8   0.1546   0.0881   0.0915   0.0481   0.0186   0.0968   0.30    1.7
2026/04/23 07:32:35.400   3509419.3343    779149.4893   5250974.8317   2   8   0.1545   0.0881   0.0914   0.0481   0.0186   0.0968   0.40    1.7
2026/04/23 07:32:35.500   3509419.3327    779149.4889   5250974.8334   2   8   0.1544   0.0880   0.0914   0.0481   0.0186   0.0967  -0.50    1.7
2026/04/23 07:32:35.600   3509419.3325    779149.4883   5250974.8337   2   8   0.1543   0.0880   0.0913   0.0481   0.0186   0.0967  -0.40    1.7
2026/04/23 07:32:35.700   3509419.3312    779149.4868   5250974.8341   2   8   0.1543   0.0880   0.0912   0.0481   0.0186   0.0966  -0.30    1.7
2026/04/23 07:32:35.800   3509419.3292    779149.4853   5250974.8344   2   8   0.1542   0.0879   0.0912   0.0481   0.0185   0.0965  -0.20    1.7
2026/04/23 07:32:35.900   3509419.3296    779149.4844   5250974.8343   2   8   0.1541   0.0879   0.0911   0.0480   0.0185   0.0965  -0.10    1.7
2026/04/23 07:32:36.000   3509419.3312    779149.4832   5250974.8341   2   8   0.1540   0.0879   0.0910   0.0480   0.0185   0.0964   0.00    1.7
2026/04/23 07:32:36.100   3509419.3322    779149.4818   5250974.8347   2   8   0.1539   0.0878   0.0910   0.0480   0.0185   0.0964   0.10    1.7
2026/04/23 07:32:36.200   3509419.3341    779149.4810   5250974.8349   2   8   0.1539   0.0878   0.0909   0.0480   0.0184   0.0963   0.20    1.7
2026/04/23 07:32:36.300   3509419.3360    779149.4808   5250974.8347   2   8   0.1538   0.0878   0.0908   0.0480   0.0184   0.0962   0.30    1.7
2026/04/23 07:32:36.400   3509419.3392    779149.4792   5250974.8347   2   8   0.1537   0.0877   0.0908   0.0479   0.0184   0.0962   0.40    1.7
2026/04/23 07:32:36.500   3509419.3412    779149.4783   5250974.8350   2   8   0.1536   0.0877   0.0907   0.0479   0.0184   0.0961  -0.50    1.7
2026/04/23 07:32:36.600   3509419.3423    779149.4784   5250974.8358   2   8   0.1535   0.0877   0.0906   0.0479   0.0183   0.0961  -0.40    1.7
2026/04/23 07:32:36.700   3509419.3447    779149.4776   5250974.8374   2   8   0.1534   0.0876   0.0906   0.0479   0.0183   0.0960  -0.30    1.7
2026/04/23 07:32:36.800   3509419.3454    779149.4770   5250974.8399   2   8   0.1534   0.0876   0.0905   0.0479   0.0183   0.0959  -0.20    1.7
2026/04/23 07:32:36.900   3509419.3454    779149.4764   5250974.8429   2   8   0.1533   0.0876   0.0904   0.0479   0.0183   0.0959  -0.10    1.7
2026/04/23 07:32:37.000   3509419.3461    779149.4755   5250974.8453   2   8   0.1532   0.0875   0.0904   0.0478   0.0182   0.0958   0.00    1.7
2026/04/23 07:32:37.100   3509419.3477    779149.4748   5250974.8482   2   8   0.1531   0.0875   0.0903   0.0478   0.0182   0.0958   0.10    1.7
2026/04/23 07:32:37.200   3509419.3499    779149.4735   5250974.8510   2   8   0.1530   0.0875   0.0902   0.0478   0.0182   0.0957   0.20    1.7
2026/04/23 07:32:37.300   3509419.3511    779149.4736   5250974.8515   2   8   0.1530   0.0874   0.0902   0.0478   0.0182   0.0956   0.30    1.7
2026/04/23 07:32:37.400   3509419.3517    779149.4731   5250974.8516   2   8   0.1529   0.0874   0.0901   0.0478   0.0182   0.0956   0.40    1.7
2026/04/23 07:32:37.500   3509419.3518    779149.4736   5250974.8521   2   8   0.1528   0.0874   0.0900   0.0478   0.0181   0.0955  -0.50    1.7
2026/04/23 07:32:37.600   3509419.3522    779149.4737   5250974.8525   2   8   0.1527   0.0873   0.0900   0.0477   0.0181   0.0955  -0.40    1.7
2026/04/23 07:32:37.700   3509419.3508    779149.4732   5250974.8524   2   8   0.1526   0.0873   0.0899   0.0477   0.0181   0.0954  -0.30    1.7
2026/04/23 07:32:37.800   3509419.3507    779149.4730   5250974.8540   2   8   0.1526   0.0873   0.0898   0.0477   0.0181   0.0953  -0.20    1.7
2026/04/23 07:32:37.900   3509419.3501    779149.4723   5250974.8573   2   8   0.1525   0.0873   0.0898   0.0477   0.0180   0.0953  -0.10    1.7
2026/04/23 07:32:38.000   3509419.3504    779149.4719   5250974.8592   2   8   0.1524   0.0872   0.0897   0.0477   0.0180   0.0952   0.00    1.7
2026/04/23 07:32:38.100   3509419.3487    779149.4719   5250974.8594   2   8   0.1523   0.0872   0.0896   0.0476   0.0180   0.0952   0.10    1.7
2026/04/23 07:32:38.200   3509419.3465    779149.4712   5250974.8609   2   8   0.1522   0.0872   0.0896   0.0476   0.0180   0.0951   0.20    1.7
2026/04/23 07:32:38.300   3509419.3444    779149.4711   5250974.8617   2   8   0.1521   0.0871   0.0895   0.0476   0.0179   0.0951   0.30    1.7
2026/04/23 07:32:38.400   3509419.3415    779149.4705   5250974.8624   2   8   0.1521   0.0871   0.0894   0.0476   0.0179   0.0950   0.40    1.7
2026/04/23 07:32:38.500   3509419.3397    779149.4694   5250974.8619   2   8   0.1520   0.0871   0.0894   0.0476   0.0179   0.0949  -0.50    1.7
2026/04/23 07:32:38.600   3509419.3379    779149.4684   5250974.8621   2   8   0.1519   0.0870   0.0893   0.0476   0.0179   0.0949  -0.40    1.7
2026/04/23 07:32:38.700   3509419.3365    779149.4674   5250974.8617   2   8   0.1518   0.0870   0.0893   0.0475   0.0179   0.0948  -0.30    1.7
2026/04/23 07:32:38.800   3509419.3341    779149.4657   5250974.8605   2   8   0.1517   0.0870   0.0892   0.0475   0.0178   0.0948  -0.20    1.7
2026/04/23 07:32:38.900   3509419.3314    779149.4642   5250974.8595   2   8   0.1517   0.0869   0.0891   0.0475   0.0178   0.0947  -0.10    1.7
2026/04/23 07:32:39.000   3509419.3298    779149.4635   5250974.8586   2   8   0.1516   0.0869   0.0891   0.0475   0.0178   0.0946   0.00    1.7
2026/04/23 07:32:39.100   3509419.3284    779149.4631   5250974.8576   2   8   0.1515   0.0869   0.0890   0.0475   0.0178   0.0946   0.10    1.7
2026/04/23 07:32:39.200   3509419.3265    779149.4623   5250974.8561   2   8   0.1514   0.0868   0.0889   0.0474   0.0177   0.0945   0.20    1.7
2026/04/23 07:32:39.300   3509419.3253    779149.4615   5250974.8542   2   8   0.1513   0.0868   0.0889   0.0474   0.0177   0.0945   0.30    1.7
2026/04/23 07:32:39.400   3509419.3240    779149.4596   5250974.8526   2   8   0.1513   0.0868   0.0888   0.0474   0.0177   0.0944   0.40    1.7
2026/04/23 07:32:39.500   3509419.3230    779149.4574   5250974.8508   2   8   0.1512   0.0867   0.0887   0.0474   0.0177   0.0944  -0.50    1.7
2026/04/23 07:32:39.600   3509419.3226    779149.4560   5250974.8493   2   8   0.1511   0.0867   0.0887   0.0474   0.0176   0.0943  -0.40    1.7
2026/04/23 07:32:39.700   3509419.3224    779149.4561   5250974.8480   2   8   0.1510   0.0867   0.0886   0.0474   0.0176   0.0942  -0.30    1.7
2026/04/23 07:32:39.800   3509419.3217    779149.4556   5250974.8463   2   8   0.1509   0.0866   0.0885   0.0473   0.0176   0.0942  -0.20    1.7
2026/04/23 07:32:39.900   3509419.3215    779149.4548   5250974.8447   2   8   0.1509   0.0866   0.0885   0.0473   0.0176   0.0941  -0.10    1.7
2026/04/23 07:32:40.000   3509419.3213    779149.4534   5250974.8422   2   8   0.1508   0.0866   0.0884   0.0473   0.0175   0.0941   0.00    1.7
2026/04/23 07:32:40.100   3509419.3219    779149.4526   5250974.8418   2   8   0.1507   0.0866   0.0883   0.0473   0.0175   0.0940   0.10    1.7
2026/04/23 07:32:40.200   3509419.3214    779149.4517   5250974.8417   2   8   0.1506   0.0865   0.0883   0.0473   0.0175   0.0939   0.20    1.7
2026/04/23 07:32:40.300   3509419.3231    779149.4511   5250974.8413   2   8   0.1505   0.0865   0.0882   0.0472   0.0175   0.0939   0.30    1.7
2026/04/23 07:32:40.400   3509419.3250    779149.4502   5250974.8421   2   8   0.1505   0.0865   0.0882   0.0472   0.0175   0.0938   0.40    1.7
2026/04/23 07:32:40.500   3509419.3271    779149.4497   5250974.8435   2   8   0.1504   0.0864   0.0881   0.0472   0.0174   0.0938  -0.50    1.7
2026/04/23 07:32:40.600   3509419.3292    779149.4498   5250974.8457   2   8   0.1503   0.0864   0.0880   0.0472   0.0174   0.0937  -0.40    1.7
2026/04/23 07:32:40.700   3509419.3320    779149.4497   5250974.8469   2   8   0.1502   0.0864   0.0880   0.0472   0.0174   0.0937  -0.30    1.7
2026/04/23 07:32:40.800   3509419.3331    779149.4500   5250974.8494   2   8   0.1501   0.0863   0.0879   0.0472   0.0174   0.0936  -0.20    1.7
2026/04/23 07:32:40.900   3509419.3363    779149.4502   5250974.8506   2   8   0.1501   0.0863   0.0878   0.0471   0.0173   0.0935  -0.10    1.7
2026/04/23 07:32:41.000   3509419.3399    779149.4506   5250974.8533   2   8   0.1500   0.0863   0.0878   0.0471   0.0173   0.0935   0.00    1.7
2026/04/23 07:32:41.100   3509419.3445    779149.4505   5250974.8563   2   8   0.1499   0.0862   0.0877   0.0471   0.0173   0.0934   0.10    1.7
2026/04/23 07:32:41.200   3509419.3494    779149.4501   5250974.8589   2   8   0.1498   0.0862   0.0877   0.0471   0.0173   0.0934   0.20    1.7
2026/04/23 07:32:41.300   3509419.3515    779149.4502   5250974.8613   2   8   0.1497   0.0862   0.0876   0.0471   0.0172   0.0933   0.30    1.7
2026/04/23 07:32:41.400   3509419.3527    779149.4502   5250974.8638   2   8   0.1497   0.0861   0.0875   0.0470   0.0172   0.0933   0.40    1.7
2026/04/23 07:32:41.500   3509419.3551    779149.4508   5250974.8660   2   8   0.1496   0.0861   0.0875   0.0470   0.0172   0.0932  -0.50    1.7
2026/04/23 07:32:41.600   3509419.3574    779149.4502   5250974.8679   2   8   0.1495   0.0861   0.0874   0.0470   0.0172   0.0931  -0.40    1.7
2026/04/23 07:32:41.700   3509419.3579    779149.4505   5250974.8696   2   8   0.1494   0.0861   0.0873   0.0470   0.0171   0.0931  -0.30    1.7
2026/04/23 07:32:41.800   3509419.3592    779149.4503   5250974.8719   2   8   0.1493   0.0860   0.0873   0.0470   0.0171   0.0930  -0.20    1.7
2026/04/23 07:32:41.900   3509419.3595    779149.4513   5250974.8735   2   8   0.1493   0.0860   0.0872   0.0469   0.0171   0.0930  -0.10    1.7
2026/04/23 07:32:42.000   3509419.3586    779149.4524   5250974.8754   2   8   0.1492   0.0860   0.0872   0.0469   0.0171   0.0929   0.00    1.7
2026/04/23 07:32:42.100   3509419.3571    779149.4528   5250974.8772   2   8   0.1491   0.0859   0.0871   0.0469   0.0170   0.0928   0.10    1.7
2026/04/23 07:32:42.200   3509419.3569    779149.4537   5250974.8785   2   8   0.1490   0.0859   0.0870   0.0469   0.0170   0.0928   0.20    1.7
2026/04/23 07:32:42.300   3509419.3560    779149.4538   5250974.8810   2   8   0.1490   0.0859   0.0870   0.0469   0.0170   0.0927   0.30    1.7
2026/04/23 07:32:42.400   3509419.3542    779149.4540   5250974.8838   2   8   0.1489   0.0858   0.0869   0.0469   0.0170   0.0927   0.40    1.7
2026/04/23 07:32:42.500   3509419.3529    779149.4539   5250974.8848   2   8   0.1488   0.0858   0.0868   0.0468   0.0169   0.0926  -0.50    1.7
2026/04/23 07:32:42.600   3509419.3505    779149.4548   5250974.8860   2   8   0.1487   0.0858   0.0868   0.0468   0.0169   0.0926  -0.40    1.7
2026/04/23 07:32:42.700   3509419.3507    779149.4545   5250974.8861   2   8   0.1486   0.0857   0.0867   0.0468   0.0169   0.0925  -0.30    1.7
2026/04/23 07:32:42.800   3509419.3487    779149.4543   5250974.8871   2   8   0.1486   0.0857   0.0867   0.0468   0.0169   0.0924  -0.20    1.7
2026/04/23 07:32:42.900   3509419.3465    779149.4553   5250974.8880   2   8   0.1485   0.0857   0.0866   0.0468   0.0168   0.0924  -0.10    1.7
2026/04/23 07:32:43.000   3509419.3441    779149.4553   5250974.8893   2   8   0.1484   0.0857   0.0865   0.0467   0.0168   0.0923   0.00    1.7
2026/04/23 07:32:43.100   3509419.3428    779149.4554   5250974.8893   2   8   0.1483   0.0856   0.0865   0.0467   0.0168   0.0923   0.10    1.7
2026/04/23 07:32:43.200   3509419.3398    779149.4552   5250974.8885   2   8   0.1482   0.0856   0.0864   0.0467   0.0168   0.0922   0.20    1.7
2026/04/23 07:32:43.300   3509419.3371    779149.4554   5250974.8875   2   8   0.1482   0.0856   0.0863   0.0467   0.0167   0.0922   0.30    1.7
2026/04/23 07:32:43.400   3509419.3354    779149.4550   5250974.8870   2   8   0.1481   0.0855   0.0863   0.0467   0.0167   0.0921   0.40    1.7
2026/04/23 07:32:43.500   3509419.3350    779149.4546   5250974.8872   2   8   0.1480   0.0855   0.0862   0.0466   0.0167   0.0921  -0.50    1.7
2026/04/23 07:32:43.600   3509419.3354    779149.4552   5250974.8877   2   8   0.1479   0.0855   0.0862   0.0466   0.0167   0.0920  -0.40    1.7
2026/04/23 07:32:43.700   3509419.3364    779149.4544   5250974.8856   2   8   0.1479   0.0854   0.0861   0.0466   0.0167   0.0919  -0.30    1.7
2026/04/23 07:32:43.800   3509419.3363    779149.4547   5250974.8829   2   8   0.1478   0.0854   0.0860   0.0466   0.0166   0.0919  -0.20    1.7
2026/04/23 07:32:43.900   3509419.3353    779149.4545   5250974.8808   2   8   0.1477   0.0854   0.0860   0.0466   0.0166   0.0918  -0.10    1.7
2026/04/23 07:32:44.000   3509419.3333    779149.4534   5250974.8809   2   8   0.1476   0.0853   0.0859   0.0466   0.0166   0.0918   0.00    1.7
2026/04/23 07:32:44.100   3509419.3314    779149.4518   5250974.8802   2   8   0.1475   0.0853   0.0859   0.0465   0.0165   0.0917   0.10    1.7
2026/04/23 07:32:44.200   3509419.3295    779149.4502   5250974.8802   2   8   0.1475   0.0853   0.0858   0.0465   0.0165   0.0917   0.20    1.7
2026/04/23 07:32:44.300   3509419.3281    779149.4489   5250974.8788   2   8   0.1474   0.0853   0.0857   0.0465   0.0165   0.0916   0.30    1.7
2026/04/23 07:32:44.400   3509419.3257    779149.4485   5250974.8777   2   8   0.1473   0.0852   0.0857   0.0465   0.0165   0.0915   0.40    1.7
2026/04/23 07:32:44.500   3509419.3234    779149.4481   5250974.8766   2   8   0.1472   0.0852   0.0856   0.0465   0.0165   0.0915  -0.50    1.7
2026/04/23 07:32:44.600   3509419.3217    779149.4482   5250974.8745   2   8   0.1472   0.0852   0.0856   0.0464   0.0164   0.0914  -0.40    1.7
2026/04/23 07:32:44.700   3509419.3209    779149.4476   5250974.8729   2   8   0.1471   0.0851   0.0855   0.0464   0.0164   0.0914  -0.30    1.7
2026/04/23 07:32:44.800   3509419.3213    779149.4457   5250974.8708   2   8   0.1470   0.0851   0.0854   0.0464   0.0164   0.0913  -0.20    1.7
2026/04/23 07:32:44.900   3509419.3205    779149.4445   5250974.8695   2   8   0.1469   0.0851   0.0854   0.0464   0.0164   0.0913  -0.10    1.7
2026/04/23 07:32:45.000   3509419.3200    779149.4429   5250974.8686   2   8   0.1468   0.0850   0.0853   0.0464   0.0163   0.0912   0.00    1.7
2026/04/23 07:32:45.100   3509419.3181    779149.4422   5250974.8680   2   8   0.1468   0.0850   0.0853   0.0463   0.0163   0.0911   0.10    1.7
2026/04/23 07:32:45.200   3509419.3167    779149.4411   5250974.8661   2   8   0.1467   0.0850   0.0852   0.0463   0.0163   0.0911   0.20    1.7
2026/04/23 07:32:45.300   3509419.3155    779149.4401   5250974.8652   2   8   0.1466   0.0850   0.0851   0.0463   0.0162   0.0910   0.30    1.7
2026/04/23 07:32:45.400   3509419.3157    779149.4387   5250974.8659   2   8   0.1465   0.0849   0.0851   0.0463   0.0162   0.0910   0.40    1.7
2026/04/23 07:32:45.500   3509419.3158    779149.4386   5250974.8667   2   8   0.1465   0.0849   0.0850   0.0463   0.0162   0.0909  -0.50    1.7
2026/04/23 07:32:45.600   3509419.3169    779149.4383   5250974.8664   2   8   0.1464   0.0849   0.0850   0.0462   0.0162   0.0909  -0.40    1.7
2026/04/23 07:32:45.700   3509419.3178    779149.4375   5250974.8646   2   8   0.1463   0.0848   0.0849   0.0462   0.0162   0.0908  -0.30    1.7
2026/04/23 07:32:45.800   3509419.3165    779149.4365   5250974.8636   2   8   0.1462   0.0848   0.0848   0.0462   0.0161   0.0908  -0.20    1.7
2026/04/23 07:32:45.900   3509419.3138    779149.4355   5250974.8621   2   8   0.1461   0.0848   0.0848   0.0462   0.0161   0.0907  -0.10    1.7
2026/04/23 07:32:46.000   3509419.3113    779149.4344   5250974.8616   2   8   0.1461   0.0847   0.0847   0.0462   0.0161   0.0906   0.00    1.7
2026/04/23 07:32:46.100   3509419.3080    779149.4330   5250974.8615   2   8   0.1460   0.0847   0.0847   0.0461   0.0160   0.0906   0.10    1.7
2026/04/23 07:32:46.200   3509419.3027    779149.4317   5250974.8603   2   8   0.1459   0.0847   0.0846   0.0461   0.0160   0.0905   0.20    1.7
2026/04/23 07:32:46.300   3509419.2973    779149.4310   5250974.8593   2   8   0.1458   0.0847   0.0845   0.0461   0.0160   0.0905   0.30    1.7
2026/04/23 07:32:46.400   3509419.2922    779149.4289   5250974.8577   2   8   0.1458   0.0846   0.0845   0.0461   0.0160   0.0904   0.40    1.7
2026/04/23 07:32:46.500   3509419.2890    779149.4257   5250974.8549   2   8   0.1457   0.0846   0.0844   0.0461   0.0159   0.0904  -0.50    1.7
2026/04/23 07:32:46.600   3509419.2830    779149.4234   5250974.8516   2   8   0.1456   0.0846   0.0844   0.0460   0.0159   0.0903  -0.40    1.7
2026/04/23 07:32:46.700   3509419.2761    779149.4218   5250974.8493   2   8   0.1455   0.0845   0.0843   0.0460   0.0159   0.0903  -0.30    1.7
2026/04/23 07:32:46.800   3509419.2701    779149.4203   5250974.8474   2   8   0.1455   0.0845   0.0843   0.0460   0.0159   0.0902  -0.20    1.7
2026/04/23 07:32:46.900   3509419.2672    779149.4188   5250974.8447   2   8   0.1454   0.0845   0.0842   0.0460   0.0158   0.0901  -0.10    1.7
2026/04/23 07:32:47.000   3509419.2657    779149.4172   5250974.8428   2   8   0.1453   0.0844   0.0841   0.0460   0.0158   0.0901   0.00    1.7
2026/04/23 07:32:47.100   3509419.2653    779149.4167   5250974.8410   2   8   0.1452   0.0844   0.0841   0.0460   0.0158   0.0900   0.10    1.7
2026/04/23 07:32:47.200   3509419.2617    779149.4152   5250974.8394   2   8   0.1451   0.0844   0.0840   0.0459   0.0158   0.0900   0.20    1.7
2026/04/23 07:32:47.300   3509419.2528    779149.4133   5250974.8363   2   8   0.1451   0.0844   0.0840   0.0459   0.0157   0.0899   0.30    1.7
2026/04/23 07:32:47.400   3509419.2445    779149.4118   5250974.8330   2   8   0.1450   0.0843   0.0839   0.0459   0.0157   0.0899   0.40    1.7
2026/04/23 07:32:47.500   3509419.2352    779149.4104   5250974.8279   2   8   0.1449   0.0843   0.0838   0.0459   0.0157   0.0898  -0.50    1.7
2026/04/23 07:32:47.600   3509419.2269    779149.4096   5250974.8238   2   8   0.1448   0.0843   0.0838   0.0459   0.0157   0.0898  -0.40    1.7
2026/04/23 07:32:47.700   3509419.2179    779149.4081   5250974.8201   2   8   0.1448   0.0842   0.0837   0.0458   0.0156   0.0897  -0.30    1.7
2026/04/23 07:32:47.800   3509419.2094    779149.4053   5250974.8158   2   8   0.1447   0.0842   0.0837   0.0458   0.0156   0.0896  -0.20    1.7
2026/04/23 07:32:47.900   3509419.2010    779149.4024   5250974.8099   2   8   0.1446   0.0842   0.0836   0.0458   0.0156   0.0896  -0.10    1.7
2026/04/23 07:32:48.000   3509419.1946    779149.3997   5250974.8030   2   8   0.1445   0.0841   0.0836   0.0458   0.0156   0.0895   0.00    1.7
2026/04/23 07:32:48.100   3509419.1913    779149.3968   5250974.7973   2   8   0.1445   0.0841   0.0835   0.0458   0.0155   0.0895   0.10    1.7
2026/04/23 07:32:48.200   3509419.1896    779149.3945   5250974.7938   2   8   0.1444   0.0841   0.0834   0.0457   0.0155   0.0894   0.20    1.7
2026/04/23 07:32:48.300   3509419.1894    779149.3921   5250974.7914   2   8   0.1443   0.0841   0.0834   0.0457   0.0155   0.0894   0.30    1.7
2026/04/23 07:32:48.400   3509419.1913    779149.3882   5250974.7897   2   8   0.1442   0.0840   0.0833   0.0457   0.0155   0.0893   0.40    1.7
2026/04/23 07:32:48.500   3509419.1939    779149.3850   5250974.7892   2   8   0.1442   0.0840   0.0833   0.0457   0.0154   0.0893  -0.50    1.7
2026/04/23 07:32:48.600   3509419.1956    779149.3823   5250974.7881   2   8   0.1441   0.0840   0.0832   0.0457   0.0154   0.0892  -0.40    1.7
2026/04/23 07:32:48.700   3509419.1978    779149.3809   5250974.7879   2   8   0.1440   0.0839   0.0832   0.0456   0.0154   0.0891  -0.30    1.7
2026/04/23 07:32:48.800   3509419.1989    779149.3796   5250974.7874   2   8   0.1439   0.0839   0.0831   0.0456   0.0154   0.0891  -0.20    1.7
2026/04/23 07:32:48.900   3509419.1980    779149.3777   5250974.7882   2   8   0.1439   0.0839   0.0830   0.0456   0.0153   0.0890  -0.10    1.7
2026/04/23 07:32:49.000   3509419.1957    779149.3761   5250974.7894   2   8   0.1438   0.0839   0.0830   0.0456   0.0153   0.0890   0.00    1.7
2026/04/23 07:32:49.100   3509419.1941    779149.3744   5250974.7915   2   8   0.1437   0.0838   0.0829   0.0456   0.0153   0.0889   0.10    1.7
2026/04/23 07:32:49.200   3509419.1945    779149.3733   5250974.7929   2   8   0.1436   0.0838   0.0829   0.0455   0.0153   0.0889   0.20    1.7
2026/04/23 07:32:49.300   3509419.1954    779149.3723   5250974.7930   2   8   0.1436   0.0838   0.0828   0.0455   0.0152   0.0888   0.30    1.7
2026/04/23 07:32:49.400   3509419.1948    779149.3715   5250974.7935   2   8   0.1435   0.0837   0.0827   0.0455   0.0152   0.0888   0.40    1.7
2026/04/23 07:32:49.500   3509419.1947    779149.3709   5250974.7925   2   8   0.1434   0.0837   0.0827   0.0455   0.0152   0.0887  -0.50    1.7
2026/04/23 07:32:49.600   3509419.1950    779149.3706   5250974.7925   2   8   0.1433   0.0837   0.0826   0.0455   0.0152   0.0887  -0.40    1.7
2026/04/23 07:32:49.700   3509419.1943    779149.3683   5250974.7937   2   8   0.1433   0.0836   0.0826   0.0454   0.0151   0.0886  -0.30    1.7
2026/04/23 07:32:49.800   3509419.1923    779149.3660   5250974.7946   2   8   0.1432   0.0836   0.0825   0.0454   0.0151   0.0885  -0.20    1.7
2026/04/23 07:32:49.900   3509419.1902    779149.3638   5250974.7946   2   8   0.1431   0.0836   0.0825   0.0454   0.0151   0.0885  -0.10    1.7
2026/04/23 07:32:50.000   3509419.1886    779149.3612   5250974.7938   2   8   0.1430   0.0836   0.0824   0.0454   0.0150   0.0884   0.00    1.7
2026/04/23 07:32:50.100   3509419.1867    779149.3607   5250974.7927   2   8   0.1430   0.0835   0.0824   0.0454   0.0150   0.0884   0.10    1.7
2026/04/23 07:32:50.200   3509419.1847    779149.3595   5250974.7911   2   8   0.1429   0.0835   0.0823   0.0453   0.0150   0.0883   0.20    1.7
2026/04/23 07:32:50.300   3509419.1827    779149.3572   5250974.7900   2   8   0.1428   0.0835   0.0822   0.0453   0.0150   0.0883   0.30    1.7
2026/04/23 07:32:50.400   3509419.1805    779149.3551   5250974.7880   2   8   0.1427   0.0834   0.0822   0.0453   0.0149   0.0882   0.40    1.7
2026/04/23 07:32:50.500   3509419.1787    779149.3538   5250974.7863   2   8   0.1427   0.0834   0.0821   0.0453   0.0149   0.0882  -0.50    1.7
2026/04/23 07:32:50.600   3509419.1773    779149.3529   5250974.7855   2   8   0.1426   0.0834   0.0821   0.0453   0.0149   0.0881  -0.40    1.7
2026/04/23 07:32:50.700   3509419.1764    779149.3516   5250974.7840   2   8   0.1425   0.0834   0.0820   0.0452   0.0149   0.0881  -0.30    1.7
2026/04/23 07:32:50.800   3509419.1749    779149.3501   5250974.7826   2   8   0.1424   0.0833   0.0820   0.0452   0.0148   0.0880  -0.20    1.7
2026/04/23 07:32:50.900   3509419.1733    779149.3480   5250974.7806   2   8   0.1424   0.0833   0.0819   0.0452   0.0148   0.0879  -0.10    1.7
2026/04/23 07:32:51.000   3509419.1718    779149.3469   5250974.7776   2   8   0.1423   0.0833   0.0818   0.0452   0.0148   0.0879   0.00    1.7
2026/04/23 07:32:51.100   3509419.1701    779149.3456   5250974.7746   2   8   0.1422   0.0832   0.0818   0.0452   0.0148   0.0878   0.10    1.7
2026/04/23 07:32:51.200   3509419.1679    779149.3437   5250974.7717   2   8   0.1421   0.0832   0.0817   0.0451   0.0147   0.0878   0.20    1.7
2026/04/23 07:32:51.300   3509419.1665    779149.3413   5250974.7699   2   8   0.1421   0.0832   0.0817   0.0451   0.0147   0.0877   0.30    1.7
2026/04/23 07:32:51.400   3509419.1661    779149.3390   5250974.7673   2   8   0.1420   0.0832   0.0816   0.0451   0.0147   0.0877   0.40    1.7
2026/04/23 07:32:51.500   3509419.1661    779149.3376   5250974.7654   2   8   0.1419   0.0831   0.0816   0.0451   0.0146   0.0876  -0.50    1.7
2026/04/23 07:32:51.600   3509419.1663    779149.3355   5250974.7637   2   8   0.1418   0.0831   0.0815   0.0451   0.0146   0.0876  -0.40    1.7
2026/04/23 07:32:51.700   3509419.1660    779149.3333   5250974.7621   2   8   0.1418   0.0831   0.0815   0.0450   0.0146   0.0875  -0.30    1.7
2026/04/23 07:32:51.800   3509419.1676    779149.3325   5250974.7598   2   8   0.1417   0.0830   0.0814   0.0450   0.0146   0.0875  -0.20    1.7
2026/04/23 07:32:51.900   3509419.1689    779149.3317   5250974.7572   2   8   0.1416   0.0830   0.0813   0.0450   0.0145   0.0874  -0.10    1.7
2026/04/23 07:32:52.000   3509419.1685    779149.3305   5250974.7564   2   8   0.1415   0.0830   0.0813   0.0450   0.0145   0.0874   0.00    1.7
2026/04/23 07:32:52.100   3509419.1668    779149.3291   5250974.7554   2   8   0.1415   0.0830   0.0812   0.0450   0.0145   0.0873   0.10    1.7
2026/04/23 07:32:52.200   3509419.1653    779149.3278   5250974.7529   2   8   0.1414   0.0829   0.0812   0.0449   0.0145   0.0872   0.20    1.7
2026/04/23 07:32:52.300   3509419.1628    779149.3264   5250974.7505   2   8   0.1413   0.0829   0.0811   0.0449   0.0144   0.0872   0.30    1.7
2026/04/23 07:32:52.400   3509419.1587    779149.3242   5250974.7493   2   8   0.1412   0.0829   0.0811   0.0449   0.0144   0.0871   0.40    1.7
2026/04/23 07:32:52.500   3509419.1552    779149.3223   5250974.7468   2   8   0.1412   0.0828   0.0810   0.0449   0.0144   0.0871  -0.50    1.7
2026/04/23 07:32:52.600   3509419.1513    779149.3200   5250974.7447   2   8   0.1411   0.0828   0.0810   0.0449   0.0144   0.0870  -0.40    1.7
2026/04/23 07:32:52.700   3509419.1468    779149.3191   5250974.7421   2   8   0.1410   0.0828   0.0809   0.0448   0.0143   0.0870  -0.30    1.7
2026/04/23 07:32:52.800   3509419.1438    779149.3178   5250974.7378   2   8   0.1409   0.0828   0.0809   0.0448   0.0143   0.0869  -0.20    1.7
2026/04/23 07:32:52.900   3509419.1404    779149.3162   5250974.7337   2   8   0.1409   0.0827   0.0808   0.0448   0.0143   0.0869  -0.10    1.7
2026/04/23 07:32:53.000   3509419.1362    779149.3145   5250974.7296   2   8   0.1408   0.0827   0.0807   0.0448   0.0142   0.0868   0.00    1.7
2026/04/23 07:32:53.100   3509419.1325    779149.3123   5250974.7243   2   8   0.1407   0.0827   0.0807   0.0448   0.0142   0.0868   0.10    1.7
2026/04/23 07:32:53.200   3509419.1286    779149.3101   5250974.7202   2   8   0.1406   0.0826   0.0806   0.0447   0.0142   0.0867   0.20    1.7
2026/04/23 07:32:53.300   3509419.1247    779149.3082   5250974.7158   2   8   0.1406   0.0826   0.0806   0.0447   0.0142   0.0867   0.30    1.7
2026/04/23 07:32:53.400   3509419.1206    779149.3059   5250974.7113   2   8   0.1405   0.0826   0.0805   0.0447   0.0141   0.0866   0.40    1.7
2026/04/23 07:32:53.500   3509419.1174    779149.3042   5250974.7075   2   8   0.1404   0.0826   0.0805   0.0447   0.0141   0.0866  -0.50    1.7
2026/04/23 07:32:53.600   3509419.1133    779149.3020   5250974.7060   2   8   0.1404   0.0825   0.0804   0.0447   0.0141   0.0865  -0.40    1.7
2026/04/23 07:32:53.700   3509419.1117    779149.3004   5250974.7034   2   8   0.1403   0.0825   0.0804   0.0446   0.0141   0.0865  -0.30    1.7
2026/04/23 07:32:53.800   3509419.1096    779149.2986   5250974.7020   2   8   0.1402   0.0825   0.0803   0.0446   0.0140   0.0864  -0.20    1.7
2026/04/23 07:32:53.900   3509419.1076    779149.2962   5250974.7002   2   8   0.1401   0.0824   0.0803   0.0446   0.0140   0.0863  -0.10    1.7
2026/04/23 07:32:54.000   3509419.1050    779149.2946   5250974.6984   2   8   0.1401   0.0824   0.0802   0.0446   0.0140   0.0863   0.00    1.7
2026/04/23 07:32:54.100   3509419.1041    779149.2931   5250974.6959   2   8   0.1400   0.0824   0.0801   0.0445   0.0139   0.0862   0.10    1.7
2026/04/23 07:32:54.200   3509419.1031    779149.2917   5250974.6934   2   8   0.1399   0.0824   0.0801   0.0445   0.0139   0.0862   0.20    1.7
2026/04/23 07:32:54.300   3509419.1026    779149.2903   5250974.6917   2   8   0.1398   0.0823   0.0800   0.0445   0.0139   0.0861   0.30    1.7
2026/04/23 07:32:54.400   3509419.1008    779149.2892   5250974.6910   2   8   0.1398   0.0823   0.0800   0.0445   0.0139   0.0861   0.40    1.7
2026/04/23 07:32:54.500   3509419.0994    779149.2875   5250974.6898   2   8   0.1397   0.0823   0.0799   0.0445   0.0138   0.0860  -0.50    1.7
2026/04/23 07:32:54.600   3509419.0976    779149.2857   5250974.6891   2   8   0.1396   0.0822   0.0799   0.0444   0.0138   0.0860  -0.40    1.7
2026/04/23 07:32:54.700   3509419.0964    779149.2844   5250974.6875   2   8   0.1396   0.0822   0.0798   0.0444   0.0138   0.0859  -0.30    1.7
2026/04/23 07:32:54.800   3509419.0945    779149.2833   5250974.6864   2   8   0.1395   0.0822   0.0798   0.0444   0.0138   0.0859  -0.20    1.7
2026/04/23 07:32:54.900   3509419.0926    779149.2821   5250974.6852   2   8   0.1394   0.0822   0.0797   0.0444   0.0137   0.0858  -0.10    1.7
2026/04/23 07:32:55.000   3509419.0909    779149.2812   5250974.6840   2   8   0.1393   0.0821   0.0797   0.0444   0.0137   0.0858   0.00    1.6
2026/04/23 07:32:55.100   3509419.0893    779149.2803   5250974.6826   2   8   0.1393   0.0821   0.0796   0.0443   0.0137   0.0857   0.10    1.6
2026/04/23 07:32:55.200   3509419.0882    779149.2795   5250974.6821   2   8   0.1392   0.0821   0.0796   0.0443   0.0136   0.0857   0.20    1.6
2026/04/23 07:32:55.300   3509419.0854    779149.2783   5250974.6826   2   8   0.1391   0.0820   0.0795   0.0443   0.0136   0.0856   0.30    1.6
2026/04/23 07:32:55.400   3509419.0821    779149.2772   5250974.6829   2   8   0.1390   0.0820   0.0795   0.0443   0.0136   0.0856   0.40    1.6
2026/04/23 07:32:55.500   3509419.0792    779149.2768   5250974.6831   2   8   0.1390   0.0820   0.0794   0.0443   0.0136   0.0855  -0.50    1.6
2026/04/23 07:32:55.600   3509419.0763    779149.2759   5250974.6828   2   8   0.1389   0.0820   0.0794   0.0442   0.0135   0.0855  -0.40    1.6
2026/04/23 07:32:55.700   3509419.0730    779149.2744   5250974.6826   2   8   0.1388   0.0819   0.0793   0.0442   0.0135   0.0854  -0.30    1.6
2026/04/23 07:32:55.800   3509419.0708    779149.2729   5250974.6823   2   8   0.1388   0.0819   0.0792   0.0442   0.0135   0.0853  -0.20    1.6
2026/04/23 07:32:55.900   3509419.0699    779149.2718   5250974.6823   2   8   0.1387   0.0819   0.0792   0.0442   0.0134   0.0853  -0.10    1.6
2026/04/23 07:32:56.000   3509419.0679    779149.2701   5250974.6826   2   8   0.1386   0.0819   0.0791   0.0442   0.0134   0.0852   0.00    1.6
2026/04/23 07:32:56.100   3509419.0653    779149.2695   5250974.6810   2   8   0.1385   0.0818   0.0791   0.0441   0.0134   0.0852   0.10    1.6
2026/04/23 07:32:56.200   3509419.0628    779149.2694   5250974.6796   2   8   0.1385   0.0818   0.0790   0.0441   0.0134   0.0851   0.20    1.6
2026/04/23 07:32:56.300   3509419.0608    779149.2686   5250974.6778   2   8   0.1384   0.0818   0.0790   0.0441   0.0133   0.0851   0.30    1.6
2026/04/23 07:32:56.400   3509419.0586    779149.2676   5250974.6755   2   8   0.1383   0.0817   0.0789   0.0441   0.0133   0.0850   0.40    1.6
2026/04/23 07:32:56.500   3509419.0570    779149.2664   5250974.6731   2   8   0.1383   0.0817   0.0789   0.0441   0.0133   0.0850  -0.50    1.6
2026/04/23 07:32:56.600   3509419.0546    779149.2650   5250974.6718   2   8   0.1382   0.0817   0.0788   0.0440   0.0133   0.0849  -0.40    1.6
2026/04/23 07:32:56.700   3509419.0529    779149.2636   5250974.6712   2   8   0.1381   0.0817   0.0788   0.0440   0.0132   0.0849  -0.30    1.6
2026/04/23 07:32:56.800   3509419.0507    779149.2626   5250974.6702   2   8   0.1380   0.0816   0.0787   0.0440   0.0132   0.0848  -0.20    1.6
2026/04/23 07:32:56.900   3509419.0475    779149.2614   5250974.6695   2   8   0.1380   0.0816   0.0787   0.0440   0.0132   0.0848  -0.10    1.6
2026/04/23 07:32:57.000   3509419.0435    779149.2604   5250974.6687   2   8   0.1379   0.0816   0.0786   0.0440   0.0131   0.0847   0.00    1.6
2026/04/23 07:32:57.100   3509419.0404    779149.2590   5250974.6683   2   8   0.1378   0.0815   0.0786   0.0439   0.0131   0.0847   0.10    1.6
2026/04/23 07:32:57.200   3509419.0370    779149.2579   5250974.6670   2   8   0.1378   0.0815   0.0785   0.0439   0.0131   0.0846   0.20    1.6
2026/04/23 07:32:57.300   3509419.0330    779149.2564   5250974.6672   2   8   0.1377   0.0815   0.0785   0.0439   0.0130   0.0846   0.30    1.6
2026/04/23 07:32:57.400   3509419.0293    779149.2550   5250974.6674   2   8   0.1376   0.0815   0.0784   0.0439   0.0130   0.0845   0.40    1.6
2026/04/23 07:32:57.500   3509419.0250    779149.2532   5250974.6676   2   8   0.1375   0.0814   0.0784   0.0439   0.0130   0.0845  -0.50    1.6
2026/04/23 07:32:57.600   3509419.0212    779149.2516   5250974.6666   2   8   0.1375   0.0814   0.0783   0.0438   0.0130   0.0844  -0.40    1.6
2026/04/23 07:32:57.700   3509419.0183    779149.2500   5250974.6656   2   8   0.1374   0.0814   0.0783   0.0438   0.0129   0.0844  -0.30    1.6
2026/04/23 07:32:57.800   3509419.0180    779149.2486   5250974.6627   2   8   0.1373   0.0814   0.0782   0.0438   0.0129   0.0843  -0.20    1.6
2026/04/23 07:32:57.900   3509419.0167    779149.2473   5250974.6601   2   8   0.1373   0.0813   0.0782   0.0438   0.0129   0.0843  -0.10    1.6
2026/04/23 07:32:58.000   3509419.0172    779149.2467   5250974.6567   2   8   0.1372   0.0813   0.0781   0.0437   0.0128   0.0842   0.00    1.6
2026/04/23 07:32:58.100   3509419.0172    779149.2458   5250974.6545   2   8   0.1371   0.0813   0.0780   0.0437   0.0128   0.0842   0.10    1.6
2026/04/23 07:32:58.200   3509419.0161    779149.2442   5250974.6528   2   8   0.1370   0.0812   0.0780   0.0437   0.0128   0.0841   0.20    1.6
2026/04/23 07:32:58.300   3509419.0164    779149.2439   5250974.6512   2   8   0.1370   0.0812   0.0779   0.0437   0.0128   0.0841   0.30    1.6
2026/04/23 07:32:58.400   3509419.0162    779149.2433   5250974.6501   2   8   0.1369   0.0812   0.0779   0.0437   0.0127   0.0840   0.40    1.6
2026/04/23 07:32:58.500   3509419.0150    779149.2417   5250974.6476   2   8   0.1368   0.0812   0.0778   0.0436   0.0127   0.0840  -0.50    1.6
2026/04/23 07:32:58.600   3509419.0127    779149.2405   5250974.6458   2   8   0.1368   0.0811   0.0778   0.0436   0.0127   0.0839  -0.40    1.6
2026/04/23 07:32:58.700   3509419.0098    779149.2397   5250974.6446   2   8   0.1367   0.0811   0.0777   0.0436   0.0127   0.0838  -0.30    1.6
2026/04/23 07:32:58.800   3509419.0065    779149.2379   5250974.6439   2   8   0.1366   0.0811   0.0777   0.0436   0.0126   0.0838  -0.20    1.6
2026/04/23 07:32:58.900   3509419.0036    779149.2363   5250974.6435   2   8   0.1365   0.0811   0.0776   0.0436   0.0126   0.0837  -0.10    1.6
2026/04/23 07:32:59.000   3509419.0001    779149.2347   5250974.6421   2   8   0.1365   0.0810   0.0776   0.0435   0.0126   0.0837   0.00    1.6
2026/04/23 07:32:59.100   3509418.9967    779149.2334   5250974.6416   2   8   0.1364   0.0810   0.0775   0.0435   0.0125   0.0836   0.10    1.6
2026/04/23 07:32:59.200   3509418.9930    779149.2318   5250974.6412   2   8   0.1363   0.0810   0.0775   0.0435   0.0125   0.0836   0.20    1.6
2026/04/23 07:32:59.300   3509418.9881    779149.2300   5250974.6397   2   8   0.1363   0.0809   0.0774   0.0435   0.0125   0.0835   0.30    1.6
2026/04/23 07:32:59.400   3509418.9837    779149.2284   5250974.6384   2   8   0.1362   0.0809   0.0774   0.0435   0.0124   0.0835   0.40    1.6
2026/04/23 07:32:59.500   3509418.9799    779149.2264   5250974.6373   2   8   0.1361   0.0809   0.0773   0.0434   0.0124   0.0834  -0.50    1.6
2026/04/23 07:32:59.600   3509418.9767    779149.2250   5250974.6358   2   8   0.1361   0.0809   0.0773   0.0434   0.0124   0.0834  -0.40    1.6
2026/04/23 07:32:59.700   3509418.9737    779149.2236   5250974.6336   2   8   0.1360   0.0808   0.0772   0.0434   0.0124   0.0833  -0.30    1.6
2026/04/23 07:32:59.800   3509418.9697    779149.2216   5250974.6322   2   8   0.1359   0.0808   0.0772   0.0434   0.0123   0.0833  -0.20    1.6
2026/04/23 07:32:59.900   3509418.9654    779149.2194   5250974.6309   2   8   0.1358   0.0808   0.0771   0.0434   0.0123   0.0832  -0.10    1.6
2026/04/23 07:33:00.000   3509418.9619    779149.2171   5250974.6289   2   8   0.1358   0.0808   0.0771   0.0433   0.0123   0.0832   0.00    1.6
2026/04/23 07:33:00.100   3509418.9583    779149.2154   5250974.6276   2   8   0.1357   0.0807   0.0770   0.0433   0.0122   0.0831   0.10    1.6
2026/04/23 07:33:00.200   3509418.9536    779149.2133   5250974.6270   2   8   0.1356   0.0807   0.0770   0.0433   0.0122   0.0831   0.20    1.6
2026/04/23 07:33:00.300   3509418.9495    779149.2116   5250974.6264   2   8   0.1356   0.0807   0.0769   0.0433   0.0122   0.0830   0.30    1.6
2026/04/23 07:33:00.400   3509418.9467    779149.2098   5250974.6252   2   8   0.1355   0.0807   0.0769   0.0433   0.0122   0.0830   0.40    1.6
2026/04/23 07:33:00.500   3509418.9429    779149.2077   5250974.6239   2   8   0.1354   0.0806   0.0768   0.0432   0.0121   0.0829  -0.50    1.6
2026/04/23 07:33:00.600   3509418.9394    779149.2057   5250974.6235   2   8   0.1354   0.0806   0.0768   0.0432   0.0121   0.0829  -0.40    1.6
2026/04/23 07:33:00.700   3509418.9365    779149.2044   5250974.6224   2   8   0.1353   0.0806   0.0767   0.0432   0.0121   0.0828  -0.30    1.6
2026/04/23 07:33:00.800   3509418.9351    779149.2031   5250974.6208   2   8   0.1352   0.0805   0.0767   0.0432   0.0120   0.0828  -0.20    1.6
2026/04/23 07:33:00.900   3509418.9336    779149.2019   5250974.6196   2   8   0.1351   0.0805   0.0766   0.0431   0.0120   0.0827  -0.10    1.6
2026/04/23 07:33:01.000   3509418.9326    779149.2007   5250974.6189   2   8   0.1351   0.0805   0.0766   0.0431   0.0120   0.0827   0.00    1.6
2026/04/23 07:33:01.100   3509418.9322    779149.1993   5250974.6183   2   8   0.1350   0.0805   0.0765   0.0431   0.0119   0.0826   0.10    1.6
2026/04/23 07:33:01.200   3509418.9320    779149.1976   5250974.6173   2   8   0.1349   0.0804   0.0765   0.0431   0.0119   0.0826   0.20    1.6
2026/04/23 07:33:01.300   3509418.9316    779149.1964   5250974.6158   2   8   0.1349   0.0804   0.0764   0.0431   0.0119   0.0825   0.30    1.6
2026/04/23 07:33:01.400   3509418.9303    779149.1945   5250974.6147   2   8   0.1348   0.0804   0.0764   0.0430   0.0119   0.0825   0.40    1.6
2026/04/23 07:33:01.500   3509418.9277    779149.1929   5250974.6136   2   8   0.1347   0.0804   0.0763   0.0430   0.0118   0.0824  -0.50    1.6
2026/04/23 07:33:01.600   3509418.9267    779149.1918   5250974.6124   2   8   0.1347   0.0803   0.0763   0.0430   0.0118   0.0824  -0.40    1.6
2026/04/23 07:33:01.700   3509418.9247    779149.1911   5250974.6128   2   8   0.1346   0.0803   0.0762   0.0430   0.0118   0.0823  -0.30    1.6
2026/04/23 07:33:01.800   3509418.9219    779149.1903   5250974.6139   2   8   0.1345   0.0803   0.0762   0.0430   0.0117   0.0823  -0.20    1.6
2026/04/23 07:33:01.900   3509418.9197    779149.1896   5250974.6141   2   8   0.1345   0.0803   0.0761   0.0429   0.0117   0.0822  -0.10    1.6
2026/04/23 07:33:02.000   3509418.9176    779149.1885   5250974.6142   2   8   0.1344   0.0802   0.0761   0.0429   0.0117   0.0822   0.00    1.6
2026/04/23 07:33:02.100   3509418.9166    779149.1876   5250974.6139   2   8   0.1343   0.0802   0.0760   0.0429   0.0116   0.0821   0.10    1.6
2026/04/23 07:33:02.200   3509418.9160    779149.1874   5250974.6145   2   8   0.1342   0.0802   0.0760   0.0429   0.0116   0.0821   0.20    1.6
2026/04/23 07:33:02.300   3509418.9148    779149.1866   5250974.6143   2   8   0.1342   0.0801   0.0759   0.0429   0.0116   0.0820   0.30    1.6
2026/04/23 07:33:02.400   3509418.9138    779149.1856   5250974.6146   2   8   0.1341   0.0801   0.0759   0.0428   0.0116   0.0820   0.40    1.6
2026/04/23 07:33:02.500   3509418.9128    779149.1848   5250974.6133   2   8   0.1340   0.0801   0.0759   0.0428   0.0115   0.0819  -0.50    1.6
2026/04/23 07:33:02.600   3509418.9122    779149.1836   5250974.6120   2   8   0.1340   0.0801   0.0758   0.0428   0.0115   0.0819  -0.40    1.6
2026/04/23 07:33:02.700   3509418.9096    779149.1821   5250974.6125   2   8   0.1339   0.0800   0.0758   0.0428   0.0115   0.0818  -0.30    1.6
2026/04/23 07:33:02.800   3509418.9067    779149.1809   5250974.6132   2   8   0.1338   0.0800   0.0757   0.0428   0.0114   0.0818  -0.20    1.6
2026/04/23 07:33:02.900   3509418.9032    779149.1798   5250974.6137   2   8   0.1338   0.0800   0.0757   0.0427   0.0114   0.0817  -0.10    1.6
2026/04/23 07:33:03.000   3509418.9009    779149.1782   5250974.6133   2   8   0.1337   0.0800   0.0756   0.0427   0.0114   0.0817   0.00    1.6
2026/04/23 07:33:03.100   3509418.8993    779149.1767   5250974.6135   2   8   0.1336   0.0799   0.0756   0.0427   0.0113   0.0816   0.10    1.6
2026/04/23 07:33:03.200   3509418.8972    779149.1755   5250974.6129   2   8   0.1336   0.0799   0.0755   0.0427   0.0113   0.0816   0.20    1.6
2026/04/23 07:33:03.300   3509418.8946    779149.1742   5250974.6130   2   8   0.1335   0.0799   0.0755   0.0426   0.0113   0.0815   0.30    1.6
2026/04/23 07:33:03.400   3509418.8920    779149.1730   5250974.6129   2   8   0.1334   0.0799   0.0754   0.0426   0.0112   0.0815   0.40    1.6
2026/04/23 07:33:03.500   3509418.8895    779149.1718   5250974.6130   2   8   0.1334   0.0798   0.0754   0.0426   0.0112   0.0814  -0.50    1.6
2026/04/23 07:33:03.600   3509418.8883    779149.1702   5250974.6114   2   8   0.1333   0.0798   0.0753   0.0426   0.0112   0.0814  -0.40    1.6
2026/04/23 07:33:03.700   3509418.8879    779149.1692   5250974.6101   2   8   0.1332   0.0798   0.0753   0.0426   0.0112   0.0813  -0.30    1.6
2026/04/23 07:33:03.800   3509418.8878    779149.1679   5250974.6093   2   8   0.1331   0.0798   0.0752   0.0425   0.0111   0.0813  -0.20    1.6
2026/04/23 07:33:03.900   3509418.8882    779149.1659   5250974.6075   2   8   0.1331   0.0797   0.0752   0.0425   0.0111   0.0812  -0.10    1.6
2026/04/23 07:33:04.000   3509418.8887    779149.1649   5250974.6052   2   8   0.1330   0.0797   0.0751   0.0425   0.0111   0.0812   0.00    1.6
2026/04/23 07:33:04.100   3509418.8887    779149.1638   5250974.6032   2   8   0.1329   0.0797   0.0751   0.0425   0.0110   0.0811   0.10    1.6
2026/04/23 07:33:04.200   3509418.8891    779149.1627   5250974.6006   2   8   0.1329   0.0796   0.0750   0.0425   0.0110   0.0811   0.20    1.6
2026/04/23 07:33:04.300   3509418.8895    779149.1613   5250974.5979   2   8   0.1328   0.0796   0.0750   0.0424   0.0110   0.0810   0.30    1.6
2026/04/23 07:33:04.400   3509418.8903    779149.1602   5250974.5944   2   8   0.1327   0.0796   0.0749   0.0424   0.0109   0.0810   0.40    1.6
2026/04/23 07:33:04.500   3509418.8913    779149.1593   5250974.5920   2   8   0.1327   0.0796   0.0749   0.0424   0.0109   0.0809  -0.50    1.6
2026/04/23 07:33:04.600   3509418.8914    779149.1582   5250974.5901   2   8   0.1326   0.0795   0.0748   0.0424   0.0109   0.0809  -0.40    1.6
2026/04/23 07:33:04.700   3509418.8910    779149.1572   5250974.5870   2   8   0.1325   0.0795   0.0748   0.0424   0.0108   0.0809  -0.30    1.6
2026/04/23 07:33:04.800   3509418.8898    779149.1559   5250974.5848   2   8   0.1325   0.0795   0.0747   0.0423   0.0108   0.0808  -0.20    1.6
2026/04/23 07:33:04.900   3509418.8891    779149.1543   5250974.5831   2   8   0.1324   0.0795   0.0747   0.0423   0.0108   0.0808  -0.10    1.6
2026/04/23 07:33:05.000   3509418.8877    779149.1529   5250974.5808   2   8   0.1323   0.0794   0.0747   0.0423   0.0107   0.0807   0.00    1.6
2026/04/23 07:33:05.100   3509418.8857    779149.1515   5250974.5784   2   8   0.1323   0.0794   0.0746   0.0423   0.0107   0.0807   0.10    1.6
2026/04/23 07:33:05.200   3509418.8838    779149.1502   5250974.5766   2   8   0.1322   0.0794   0.0746   0.0423   0.0107   0.0806   0.20    1.6
2026/04/23 07:33:05.300   3509418.8804    779149.1490   5250974.5754   2   8   0.1321   0.0794   0.0745   0.0422   0.0106   0.0806   0.30    1.6
2026/04/23 07:33:05.400   3509418.8772    779149.1474   5250974.5736   2   8   0.1321   0.0793   0.0745   0.0422   0.0106   0.0805   0.40    1.6
2026/04/23 07:33:05.500   3509418.8739    779149.1450   5250974.5733   2   8   0.1320   0.0793   0.0744   0.0422   0.0106   0.0805  -0.50    1.6
2026/04/23 07:33:05.600   3509418.8717    779149.1436   5250974.5719   2   8   0.1319   0.0793   0.0744   0.0422   0.0106   0.0804  -0.40    1.6
2026/04/23 07:33:05.700   3509418.8682    779149.1418   5250974.5701   2   8   0.1319   0.0793   0.0743   0.0421   0.0105   0.0804  -0.30    1.6
2026/04/23 07:33:05.800   3509418.8650    779149.1399   5250974.5675   2   8   0.1318   0.0792   0.0743   0.0421   0.0105   0.0803  -0.20    1.6
2026/04/23 07:33:05.900   3509418.8610    779149.1387   5250974.5654   2   8   0.1317   0.0792   0.0742   0.0421   0.0105   0.0803  -0.10    1.6
2026/04/23 07:33:06.000   3509418.8570    779149.1369   5250974.5623   2   8   0.1317   0.0792   0.0742   0.0421   0.0104   0.0802   0.00    1.6
2026/04/23 07:33:06.100   3509418.8531    779149.1350   5250974.5599   2   8   0.1316   0.0792   0.0741   0.0421   0.0104   0.0802   0.10    1.6
2026/04/23 07:33:06.200   3509418.8498    779149.1338   5250974.5576   2   8   0.1315   0.0791   0.0741   0.0420   0.0104   0.0801   0.20    1.6
2026/04/23 07:33:06.300   3509418.8467    779149.1327   5250974.5563   2   8   0.1315   0.0791   0.0740   0.0420   0.0103   0.0801   0.30    1.6
2026/04/23 07:33:06.400   3509418.8449    779149.1315   5250974.5545   2   8   0.1314   0.0791   0.0740   0.0420   0.0103   0.0800   0.40    1.6
2026/04/23 07:33:06.500   3509418.8427    779149.1295   5250974.5531   2   8   0.1313   0.0791   0.0740   0.0420   0.0103   0.0800  -0.50    1.6
2026/04/23 07:33:06.600   3509418.8410    779149.1283   5250974.5520   2   8   0.1313   0.0790   0.0739   0.0420   0.0102   0.0799  -0.40    1.6
2026/04/23 07:33:06.700   3509418.8402    779149.1278   5250974.5508   2   8   0.1312   0.0790   0.0739   0.0419   0.0102   0.0799  -0.30    1.6
2026/04/23 07:33:06.800   3509418.8392    779149.1264   5250974.5500   2   8   0.1311   0.0790   0.0738   0.0419   0.0102   0.0798  -0.20    1.6
2026/04/23 07:33:06.900   3509418.8386    779149.1256   5250974.5491   2   8   0.1311   0.0789   0.0738   0.0419   0.0101   0.0798  -0.10    1.6
2026/04/23 07:33:07.000   3509418.8385    779149.1247   5250974.5482   2   8   0.1310   0.0789   0.0737   0.0419   0.0101   0.0797   0.00    1.6
2026/04/23 07:33:07.100   3509418.8371    779149.1236   5250974.5482   2   8   0.1309   0.0789   0.0737   0.0419   0.0101   0.0797   0.10    1.6
2026/04/23 07:33:07.200   3509418.8373    779149.1216   5250974.5472   2   8   0.1309   0.0789   0.0736   0.0418   0.0100   0.0796   0.20    1.6
2026/04/23 07:33:07.300   3509418.8358    779149.1207   5250974.5468   2   8   0.1308   0.0788   0.0736   0.0418   0.0100   0.0796   0.30    1.6
2026/04/23 07:33:07.400   3509418.8338    779149.1198   5250974.5468   2   8   0.1307   0.0788   0.0735   0.0418   0.0100   0.0795   0.40    1.6
2026/04/23 07:33:07.500   3509418.8318    779149.1190   5250974.5469   2   8   0.1307   0.0788   0.0735   0.0418   0.0099   0.0795  -0.50    1.6
2026/04/23 07:33:07.600   3509418.8306    779149.1179   5250974.5468   2   8   0.1306   0.0788   0.0734   0.0418   0.0099   0.0794  -0.40    1.6
2026/04/23 07:33:07.700   3509418.8296    779149.1174   5250974.5465   2   8   0.1305   0.0787   0.0734   0.0417   0.0099   0.0794  -0.30    1.6
2026/04/23 07:33:07.800   3509418.8283    779149.1165   5250974.5461   2   8   0.1305   0.0787   0.0734   0.0417   0.0098   0.0794  -0.20    1.6
2026/04/23 07:33:07.900   3509418.8262    779149.1163   5250974.5457   2   8   0.1304   0.0787   0.0733   0.0417   0.0098   0.0793  -0.10    1.6
2026/04/23 07:33:08.000   3509418.8257    779149.1160   5250974.5454   2   8   0.1303   0.0787   0.0733   0.0417   0.0098   0.0793   0.00    1.6
2026/04/23 07:33:08.100   3509418.8259    779149.1146   5250974.5459   2   8   0.1303   0.0786   0.0732   0.0417   0.0097   0.0792   0.10    1.6
2026/04/23 07:33:08.200   3509418.8257    779149.1133   5250974.5468   2   8   0.1302   0.0786   0.0732   0.0416   0.0097   0.0792   0.20    1.6
2026/04/23 07:33:08.300   3509418.8249    779149.1116   5250974.5475   2   8   0.1301   0.0786   0.0731   0.0416   0.0097   0.0791   0.30    1.6
2026/04/23 07:33:08.400   3509418.8236    779149.1113   5250974.5481   2   8   0.1301   0.0786   0.0731   0.0416   0.0096   0.0791   0.40    1.6
2026/04/23 07:33:08.500   3509418.8223    779149.1109   5250974.5483   2   8   0.1300   0.0785   0.0730   0.0416   0.0096   0.0790  -0.50    1.6
2026/04/23 07:33:08.600   3509418.8215    779149.1104   5250974.5483   2   8   0.1299   0.0785   0.0730   0.0415   0.0096   0.0790  -0.40    1.6
2026/04/23 07:33:08.700   3509418.8206    779149.1088   5250974.5476   2   8   0.1299   0.0785   0.0729   0.0415   0.0095   0.0789  -0.30    1.6
2026/04/23 07:33:08.800   3509418.8186    779149.1071   5250974.5474   2   8   0.1298   0.0785   0.0729   0.0415   0.0095   0.0789  -0.20    1.6
2026/04/23 07:33:08.900   3509418.8181    779149.1062   5250974.5464   2   8   0.1297   0.0784   0.0729   0.0415   0.0095   0.0788  -0.10    1.6
2026/04/23 07:33:09.000   3509418.8164    779149.1055   5250974.5459   2   8   0.1297   0.0784   0.0728   0.0415   0.0094   0.0788   0.00    1.6
2026/04/23 07:33:09.100   3509418.8157    779149.1041   5250974.5452   2   8   0.1296   0.0784   0.0728   0.0414   0.0094   0.0787   0.10    1.6
2026/04/23 07:33:09.200   3509418.8150    779149.1034   5250974.5440   2   8   0.1295   0.0784   0.0727   0.0414   0.0093   0.0787   0.20    1.6
2026/04/23 07:33:09.300   3509418.8150    779149.1033   5250974.5437   2   8   0.1295   0.0783   0.0727   0.0414   0.0093   0.0786   0.30    1.6
2026/04/23 07:33:09.400   3509418.8151    779149.1028   5250974.5423   2   8   0.1294   0.0783   0.0726   0.0414   0.0093   0.0786   0.40    1.6
2026/04/23 07:33:09.500   3509418.8160    779149.1023   5250974.5414   2   8   0.1293   0.0783   0.0726   0.0414   0.0092   0.0785  -0.50    1.6
2026/04/23 07:33:09.600   3509418.8163    779149.1010   5250974.5401   2   8   0.1293   0.0783   0.0725   0.0413   0.0092   0.0785  -0.40    1.6
2026/04/23 07:33:09.700   3509418.8156    779149.1001   5250974.5397   2   8   0.1292   0.0782   0.0725   0.0413   0.0092   0.0785  -0.30    1.6
2026/04/23 07:33:09.800   3509418.8141    779149.0994   5250974.5386   2   8   0.1291   0.0782   0.0724   0.0413   0.0091   0.0784  -0.20    1.6
2026/04/23 07:33:09.900   3509418.8117    779149.0987   5250974.5386   2   8   0.1291   0.0782   0.0724   0.0413   0.0091   0.0784  -0.10    1.6
2026/04/23 07:33:10.000   3509418.8096    779149.0983   5250974.5388   2   8   0.1290   0.0782   0.0724   0.0413   0.0091   0.0783   0.00    1.6
2026/04/23 07:33:10.100   3509418.8077    779149.0975   5250974.5383   2   8   0.1289   0.0781   0.0723   0.0412   0.0090   0.0783   0.10    1.6
2026/04/23 07:33:10.200   3509418.8060    779149.0969   5250974.5375   2   8   0.1289   0.0781   0.0723   0.0412   0.0090   0.0782   0.20    1.6
2026/04/23 07:33:10.300   3509418.8044    779149.0960   5250974.5373   2   8   0.1288   0.0781   0.0722   0.0412   0.0090   0.0782   0.30    1.6
2026/04/23 07:33:10.400   3509418.8031    779149.0949   5250974.5368   2   8   0.1288   0.0781   0.0722   0.0412   0.0089   0.0781   0.40    1.6
2026/04/23 07:33:10.500   3509418.8015    779149.0940   5250974.5363   2   8   0.1287   0.0780   0.0721   0.0412   0.0089   0.0781  -0.50    1.6
2026/04/23 07:33:10.600   3509418.8004    779149.0940   5250974.5352   2   8   0.1286   0.0780   0.0721   0.0411   0.0089   0.0780  -0.40    1.6
2026/04/23 07:33:10.700   3509418.7980    779149.0933   5250974.5342   2   8   0.1286   0.0780   0.0720   0.0411   0.0088   0.0780  -0.30    1.6
2026/04/23 07:33:10.800   3509418.7966    779149.0925   5250974.5328   2   8   0.1285   0.0780   0.0720   0.0411   0.0088   0.0779  -0.20    1.6
2026/04/23 07:33:10.900   3509418.7952    779149.0923   5250974.5319   2   8   0.1284   0.0779   0.0720   0.0411   0.0087   0.0779  -0.10    1.6
2026/04/23 07:33:11.000   3509418.7937    779149.0923   5250974.5311   2   8   0.1284   0.0779   0.0719   0.0410   0.0087   0.0778   0.00    1.6
2026/04/23 07:33:11.100   3509418.7919    779149.0922   5250974.5299   2   8   0.1283   0.0779   0.0719   0.0410   0.0087   0.0778   0.10    1.6
2026/04/23 07:33:11.200   3509418.7903    779149.0915   5250974.5294   2   8   0.1282   0.0779   0.0718   0.0410   0.0086   0.0778   0.20    1.6
2026/04/23 07:33:11.300   3509418.7876    779149.0907   5250974.5284   2   8   0.1282   0.0778   0.0718   0.0410   0.0086   0.0777   0.30    1.6
2026/04/23 07:33:11.400   3509418.7857    779149.0910   5250974.5277   2   8   0.1281   0.0778   0.0717   0.0410   0.0086   0.0777   0.40    1.6
2026/04/23 07:33:11.500   3509418.7836    779149.0904   5250974.5270   2   8   0.1280   0.0778   0.0717   0.0409   0.0085   0.0776  -0.50    1.6
2026/04/23 07:33:11.600   3509418.7814    779149.0897   5250974.5264   2   8   0.1280   0.0778   0.0717   0.0409   0.0085   0.0776  -0.40    1.6
2026/04/23 07:33:11.700   3509418.7785    779149.0884   5250974.5263   2   8   0.1279   0.0777   0.0716   0.0409   0.0085   0.0775  -0.30    1.6
2026/04/23 07:33:11.800   3509418.7759    779149.0875   5250974.5263   2   8   0.1279   0.0777   0.0716   0.0409   0.0084   0.0775  -0.20    1.6
2026/04/23 07:33:11.900   3509418.7742    779149.0866   5250974.5262   2   8   0.1278   0.0777   0.0715   0.0409   0.0084   0.0774  -0.10    1.6
2026/04/23 07:33:12.000   3509418.7723    779149.0865   5250974.5259   2   8   0.1277   0.0777   0.0715   0.0408   0.0083   0.0774   0.00    1.6
2026/04/23 07:33:12.100   3509418.7708    779149.0865   5250974.5263   2   8   0.1277   0.0776   0.0714   0.0408   0.0083   0.0773   0.10    1.6
2026/04/23 07:33:12.200   3509418.7695    779149.0866   5250974.5262   2   8   0.1276   0.0776   0.0714   0.0408   0.0083   0.0773   0.20    1.6
2026/04/23 07:33:12.300   3509418.7681    779149.0862   5250974.5259   2   8   0.1275   0.0776   0.0713   0.0408   0.0082   0.0772   0.30    1.6
2026/04/23 07:33:12.400   3509418.7682    779149.0855   5250974.5247   2   8   0.1275   0.0776   0.0713   0.0408   0.0082   0.0772   0.40    1.6
2026/04/23 07:33:12.500   3509418.7667    779149.0845   5250974.5247   2   8   0.1274   0.0775   0.0713   0.0407   0.0082   0.0772  -0.50    1.6
2026/04/23 07:33:12.600   3509418.7647    779149.0844   5250974.5249   2   8   0.1273   0.0775   0.0712   0.0407   0.0081   0.0771  -0.40    1.6
2026/04/23 07:33:12.700   3509418.7643    779149.0842   5250974.5261   2   8   0.1273   0.0775   0.0712   0.0407   0.0081   0.0771  -0.30    1.6
2026/04/23 07:33:12.800   3509418.7641    779149.0840   5250974.5259   2   8   0.1272   0.0775   0.0711   0.0407   0.0080   0.0770  -0.20    1.6
2026/04/23 07:33:12.900   3509418.7635    779149.0835   5250974.5266   2   8   0.1271   0.0774   0.0711   0.0407   0.0080   0.0770  -0.10    1.6
2026/04/23 07:33:13.000   3509418.7628    779149.0825   5250974.5268   2   8   0.1271   0.0774   0.0710   0.0406   0.0080   0.0769   0.00    1.6
2026/04/23 07:33:13.100   3509418.7615    779149.0813   5250974.5266   2   8   0.1270   0.0774   0.0710   0.0406   0.0079   0.0769   0.10    1.6
2026/04/23 07:33:13.200   3509418.7605    779149.0802   5250974.5259   2   8   0.1270   0.0774   0.0710   0.0406   0.0079   0.0768   0.20    1.6
2026/04/23 07:33:13.300   3509418.7592    779149.0796   5250974.5255   2   8   0.1269   0.0773   0.0709   0.0406   0.0078   0.0768   0.30    1.6
2026/04/23 07:33:13.400   3509418.7580    779149.0795   5250974.5250   2   8   0.1268   0.0773   0.0709   0.0406   0.0078   0.0767   0.40    1.6
2026/04/23 07:33:13.500   3509418.7563    779149.0797   5250974.5238   2   8   0.1268   0.0773   0.0708   0.0405   0.0078   0.0767  -0.50    1.6
2026/04/23 07:33:13.600   3509418.7556    779149.0787   5250974.5221   2   8   0.1267   0.0773   0.0708   0.0405   0.0077   0.0767  -0.40    1.6
2026/04/23 07:33:13.700   3509418.7536    779149.0776   5250974.5191   2   8   0.1266   0.0773   0.0707   0.0405   0.0077   0.0766  -0.30    1.6
2026/04/23 07:33:13.800   3509418.7518    779149.0769   5250974.5164   2   8   0.1266   0.0772   0.0707   0.0405   0.0077   0.0766  -0.20    1.6
2026/04/23 07:33:13.900   3509418.7502    779149.0762   5250974.5144   2   8   0.1265   0.0772   0.0707   0.0404   0.0076   0.0765  -0.10    1.6
2026/04/23 07:33:14.000   3509418.7492    779149.0753   5250974.5124   2   8   0.1264   0.0772   0.0706   0.0404   0.0076   0.0765   0.00    1.6
2026/04/23 07:33:14.100   3509418.7487    779149.0740   5250974.5103   2   8   0.1264   0.0772   0.0706   0.0404   0.0075   0.0764   0.10    1.6
2026/04/23 07:33:14.200   3509418.7492    779149.0731   5250974.5085   2   8   0.1263   0.0771   0.0705   0.0404   0.0075   0.0764   0.20    1.6
2026/04/23 07:33:14.300   3509418.7493    779149.0728   5250974.5066   2   8   0.1263   0.0771   0.0705   0.0404   0.0074   0.0763   0.30    1.6
2026/04/23 07:33:14.400   3509418.7486    779149.0718   5250974.5051   2   8   0.1262   0.0771   0.0704   0.0403   0.0074   0.0763   0.40    1.6
2026/04/23 07:33:14.500   3509418.7469    779149.0701   5250974.5044   2   8   0.1261   0.0771   0.0704   0.0403   0.0074   0.0762  -0.50    1.6
2026/04/23 07:33:14.600   3509418.7450    779149.0696   5250974.5039   2   8   0.1261   0.0770   0.0704   0.0403   0.0073   0.0762  -0.40    1.6
2026/04/23 07:33:14.700   3509418.7449    779149.0696   5250974.5046   2   8   0.1260   0.0770   0.0703   0.0403   0.0073   0.0762  -0.30    1.6
2026/04/23 07:33:14.800   3509418.7445    779149.0697   5250974.5038   2   8   0.1259   0.0770   0.0703   0.0403   0.0072   0.0761  -0.20    1.6
2026/04/23 07:33:14.900   3509418.7437    779149.0684   5250974.5025   2   8   0.1259   0.0770   0.0702   0.0402   0.0072   0.0761  -0.10    1.6
2026/04/23 07:33:15.000   3509418.7432    779149.0667   5250974.5019   2   8   0.1258   0.0769   0.0702   0.0402   0.0072   0.0760   0.00    1.6
2026/04/23 07:33:15.100   3509418.7431    779149.0650   5250974.5021   2   8   0.1258   0.0769   0.0701   0.0402   0.0071   0.0760   0.10    1.6
2026/04/23 07:33:15.200   3509418.7428    779149.0636   5250974.5018   2   8   0.1257   0.0769   0.0701   0.0402   0.0071   0.0759   0.20    1.6
2026/04/23 07:33:15.300   3509418.7396    779149.0621   5250974.5015   2   8   0.1256   0.0769   0.0701   0.0402   0.0070   0.0759   0.30    1.6
2026/04/23 07:33:15.400   3509418.7354    779149.0600   5250974.5013   2   8   0.1256   0.0768   0.0700   0.0401   0.0070   0.0758   0.40    1.6
2026/04/23 07:33:15.500   3509418.7333    779149.0585   5250974.5002   2   8   0.1255   0.0768   0.0700   0.0401   0.0070   0.0758  -0.50    1.6
2026/04/23 07:33:15.600   3509418.7304    779149.0577   5250974.4998   2   8   0.1254   0.0768   0.0699   0.0401   0.0069   0.0758  -0.40    1.6
2026/04/23 07:33:15.700   3509418.7261    779149.0574   5250974.4996   2   8   0.1254   0.0768   0.0699   0.0401   0.0069   0.0757  -0.30    1.6
2026/04/23 07:33:15.800   3509418.7223    779149.0577   5250974.4991   2   8   0.1253   0.0767   0.0699   0.0401   0.0068   0.0757  -0.20    1.6
2026/04/23 07:33:15.900   3509418.7188    779149.0574   5250974.4977   2   8   0.1253   0.0767   0.0698   0.0400   0.0068   0.0756  -0.10    1.6
2026/04/23 07:33:16.000   3509418.7153    779149.0561   5250974.4956   2   8   0.1252   0.0767   0.0698   0.0400   0.0067   0.0756   0.00    1.6
2026/04/23 07:33:16.100   3509418.7126    779149.0547   5250974.4933   2   8   0.1251   0.0767   0.0697   0.0400   0.0067   0.0755   0.10    1.6
2026/04/23 07:33:16.200   3509418.7118    779149.0535   5250974.4905   2   8   0.1251   0.0766   0.0697   0.0400   0.0066   0.0755   0.20    1.6
2026/04/23 07:33:16.300   3509418.7108    779149.0520   5250974.4885   2   8   0.1250   0.0766   0.0696   0.0400   0.0066   0.0754   0.30    1.6
2026/04/23 07:33:16.400   3509418.7090    779149.0514   5250974.4869   2   8   0.1249   0.0766   0.0696   0.0399   0.0066   0.0754   0.40    1.6
2026/04/23 07:33:16.500   3509418.7066    779149.0502   5250974.4857   2   8   0.1249   0.0766   0.0696   0.0399   0.0065   0.0753  -0.50    1.6
2026/04/23 07:33:16.600   3509418.7053    779149.0496   5250974.4845   2   8   0.1248   0.0766   0.0695   0.0399   0.0065   0.0753  -0.40    1.6
2026/04/23 07:33:16.700   3509418.7033    779149.0486   5250974.4842   2   8   0.1248   0.0765   0.0695   0.0399   0.0064   0.0753  -0.30    1.6
2026/04/23 07:33:16.800   3509418.7017    779149.0474   5250974.4832   2   8   0.1247   0.0765   0.0694   0.0399   0.0064   0.0752  -0.20    1.6
2026/04/23 07:33:16.900   3509418.7011    779149.0458   5250974.4824   2   8   0.1246   0.0765   0.0694   0.0398   0.0063   0.0752  -0.10    1.6
2026/04/23 07:33:17.000   3509418.7018    779149.0449   5250974.4814   2   8   0.1246   0.0765   0.0694   0.0398   0.0063   0.0751   0.00    1.6
2026/04/23 07:33:17.100   3509418.7021    779149.0482   5250974.4803   2   8   0.1245   0.0764   0.0693   0.0398   0.0062   0.0751   0.10    1.6
2026/04/23 07:33:17.200   3509418.7007    779149.0593   5250974.4778   2   8   0.1245   0.0764   0.0693   0.0398   0.0062   0.0750   0.20    1.6
2026/04/23 07:33:17.300   3509418.7028    779149.0791   5250974.4702   2   8   0.1244   0.0764   0.0692   0.0398   0.0061   0.0750   0.30    1.6
2026/04/23 07:33:17.400   3509418.7050    779149.1037   5250974.4614   2   8   0.1243   0.0764   0.0692   0.0397   0.0061   0.0750   0.40    1.6
2026/04/23 07:33:17.500   3509418.7100    779149.1354   5250974.4509   2   8   0.1243   0.0763   0.0692   0.0397   0.0061   0.0749  -0.50    1.6
2026/04/23 07:33:17.600   3509418.7214    779149.1925   5250974.4381   2   8   0.1242   0.0763   0.0691   0.0397   0.0060   0.0749  -0.40    1.5
2026/04/23 07:33:17.700   3509418.7352    779149.2686   5250974.4225   2   8   0.1241   0.0763   0.0691   0.0397   0.0060   0.0748  -0.30    1.5
2026/04/23 07:33:17.800   3509418.7363    779149.3388   5250974.4106   2   8   0.1241   0.0763   0.0690   0.0397   0.0059   0.0748  -0.20    1.5
2026/04/23 07:33:17.900   3509418.7351    779149.4079   5250974.4018   2   8   0.1240   0.0762   0.0690   0.0396   0.0059   0.0747  -0.10    1.5
2026/04/23 07:33:18.000   3509418.7340    779149.4701   5250974.3919   2   8   0.1240   0.0762   0.0689   0.0396   0.0058   0.0747   0.00    1.5
2026/04/23 07:33:18.100   3509418.7345    779149.5410   5250974.3819   2   8   0.1239   0.0762   0.0689   0.0396   0.0057   0.0746   0.10    1.5
2026/04/23 07:33:18.200   3509418.7379    779149.6221   5250974.3700   2   8   0.1238   0.0762   0.0689   0.0396   0.0057   0.0746   0.20    1.5
2026/04/23 07:33:18.300   3509418.7405    779149.7026   5250974.3582   2   8   0.1238   0.0762   0.0688   0.0395   0.0056   0.0746   0.30    1.5
2026/04/23 07:33:18.400   3509418.7382    779149.7756   5250974.3495   2   8   0.1237   0.0761   0.0688   0.0395   0.0056   0.0745   0.40    1.5
2026/04/23 07:33:18.500   3509418.7348    779149.8491   5250974.3410   2   8   0.1237   0.0761   0.0687   0.0395   0.0056   0.0745  -0.50    1.5
2026/04/23 07:33:18.600   3509418.7339    779149.9089   5250974.3334   2   8   0.1236   0.0761   0.0687   0.0395   0.0055   0.0744  -0.40    1.5
2026/04/23 07:33:18.700   3509418.7329    779149.9732   5250974.3271   2   8   0.1235   0.0761   0.0687   0.0395   0.0055   0.0744  -0.30    1.5
2026/04/23 07:33:18.800   3509418.7284    779150.0448   5250974.3168   2   8   0.1235   0.0760   0.0686   0.0394   0.0054   0.0743  -0.20    1.5
2026/04/23 07:33:18.900   3509418.7250    779150.1255   5250974.3077   2   8   0.1234   0.0760   0.0686   0.0394   0.0053   0.0743  -0.10    1.5
2026/04/23 07:33:19.000   3509418.7156    779150.2183   5250974.2983   2   8   0.1234   0.0760   0.0685   0.0394   0.0053   0.0742   0.00    1.5
2026/04/23 07:33:19.100   3509418.7119    779150.3182   5250974.2846   2   8   0.1233   0.0760   0.0685   0.0394   0.0052   0.0742   0.10    1.5
2026/04/23 07:33:19.200   3509418.7096    779150.4137   5250974.2689   2   8   0.1232   0.0759   0.0685   0.0394   0.0052   0.0742   0.20    1.5
2026/04/23 07:33:19.300   3509418.7072    779150.5139   5250974.2541   2   8   0.1232   0.0759   0.0684   0.0393   0.0051   0.0741   0.30    1.5
2026/04/23 07:33:19.400   3509418.7115    779150.6066   5250974.2335   2   8   0.1231   0.0759   0.0684   0.0393   0.0051   0.0741   0.40    1.5
2026/04/23 07:33:19.500   3509418.7100    779150.6994   5250974.2130   2   8   0.1230   0.0759   0.0683   0.0393   0.0050   0.0740  -0.50    1.5
2026/04/23 07:33:19.600   3509418.7175    779150.8017   5250974.1889   2   8   0.1230   0.0758   0.0683   0.0393   0.0050   0.0740  -0.40    1.5
2026/04/23 07:33:19.700   3509418.7257    779150.9155   5250974.1665   2   8   0.1229   0.0758   0.0683   0.0393   0.0049   0.0739  -0.30    1.5
2026/04/23 07:33:19.800   3509418.7267    779151.0346   5250974.1421   2   8   0.1229   0.0758   0.0682   0.0392   0.0049   0.0739  -0.20    1.5
2026/04/23 07:33:19.900   3509418.7338    779151.1547   5250974.1197   2   8   0.1228   0.0758   0.0682   0.0392   0.0048   0.0739  -0.10    1.5
2026/04/23 07:33:20.000   3509418.7383    779151.2708   5250974.0969   2   8   0.1227   0.0758   0.0681   0.0392   0.0047   0.0738   0.00    1.5
2026/04/23 07:33:20.100   3509418.7449    779151.3794   5250974.0727   2   8   0.1227   0.0757   0.0681   0.0392   0.0047   0.0738   0.10    1.5
2026/04/23 07:33:20.200   3509418.7508    779151.4782   5250974.0520   2   8   0.1226   0.0757   0.0681   0.0392   0.0046   0.0737   0.20    1.5
2026/04/23 07:33:20.300   3509418.7598    779151.5794   5250974.0276   2   8   0.1226   0.0757   0.0680   0.0391   0.0045   0.0737   0.30    1.5
2026/04/23 07:33:20.400   3509418.7655    779151.6849   5250974.0058   2   8   0.1225   0.0757   0.0680   0.0391   0.0045   0.0736   0.40    1.5
2026/04/23 07:33:20.500   3509418.7768    779151.7974   5250973.9812   2   8   0.1224   0.0756   0.0679   0.0391   0.0044   0.0736  -0.50    1.5
2026/04/23 07:33:20.600   3509418.7886    779151.9078   5250973.9560   2   8   0.1224   0.0756   0.0679   0.0391   0.0044   0.0736  -0.40    1.5
2026/04/23 07:33:20.700   3509418.7944    779152.0133   5250973.9352   2   8   0.1223   0.0756   0.0679   0.0391   0.0043   0.0735  -0.30    1.5
2026/04/23 07:33:20.800   3509418.8082    779152.1135   5250973.9144   2   8   0.1223   0.0756   0.0678   0.0390   0.0042   0.0735  -0.20    1.5
2026/04/23 07:33:20.900   3509418.8266    779152.2101   5250973.8930   2   8   0.1222   0.0755   0.0678   0.0390   0.0042   0.0734  -0.10    1.5
2026/04/23 07:33:21.000   3509418.8442    779152.3117   5250973.8732   2   8   0.1221   0.0755   0.0677   0.0390   0.0041   0.0734   0.00    1.5
2026/04/23 07:33:21.100   3509418.8588    779152.4155   5250973.8537   2   7   0.1221   0.0755   0.0677   0.0390   0.0039   0.0734   0.10    1.0
2026/04/23 07:33:21.200   3509418.8738    779152.5292   5250973.8321   2   7   0.1220   0.0755   0.0677   0.0389   0.0037   0.0733   0.20    1.0
2026/04/23 07:33:21.300   3509418.8842    779152.6410   5250973.8130   2   7   0.1220   0.0755   0.0676   0.0389   0.0035   0.0733   0.30    1.0
2026/04/23 07:33:21.400   3509418.8940    779152.7500   5250973.7906   2   7   0.1219   0.0755   0.0676   0.0389   0.0034   0.0732   0.40    1.0
2026/04/23 07:33:21.500   3509418.9087    779152.8678   5250973.7683   2   7   0.1219   0.0754   0.0676   0.0388   0.0033   0.0732  -0.50    1.0
2026/04/23 07:33:21.600   3509418.9217    779152.9795   5250973.7465   2   7   0.1218   0.0754   0.0675   0.0388   0.0031   0.0732  -0.40    1.0
2026/04/23 07:33:21.700   3509418.9287    779153.0938   5250973.7312   2   7   0.1218   0.0754   0.0675   0.0388   0.0030   0.0731  -0.30    1.0
2026/04/23 07:33:21.800   3509418.9353    779153.2107   5250973.7136   2   7   0.1217   0.0754   0.0675   0.0387   0.0029   0.0731  -0.20    1.0
2026/04/23 07:33:21.900   3509418.9514    779153.3236   5250973.6956   2   7   0.1217   0.0754   0.0674   0.0387   0.0028   0.0730  -0.10    1.0
2026/04/23 07:33:22.000   3509418.9681    779153.4434   5250973.6736   2   7   0.1216   0.0753   0.0674   0.0387   0.0026   0.0730   0.00    1.0
2026/04/23 07:33:22.100   3509418.9828    779153.5671   5250973.6509   2   7   0.1215   0.0753   0.0673   0.0387   0.0024   0.0730   0.10    1.0
2026/04/23 07:33:22.200   3509418.9915    779153.6862   5250973.6281   2   7   0.1215   0.0753   0.0673   0.0386   0.0022   0.0729   0.20    1.0
2026/04/23 07:33:22.300   3509419.0069    779153.8030   5250973.6029   2   7   0.1214   0.0753   0.0673   0.0386   0.0020   0.0729   0.30    1.0
2026/04/23 07:33:22.400   3509419.0225    779153.9182   5250973.5764   2   7   0.1214   0.0753   0.0672   0.0386   0.0018   0.0728   0.40    1.0
2026/04/23 07:33:22.500   3509419.0334    779154.0304   5250973.5529   2   7   0.1213   0.0752   0.0672   0.0385   0.0016   0.0728  -0.50    1.0
2026/04/23 07:33:22.600   3509419.0470    779154.1347   5250973.5278   2   7   0.1213   0.0752   0.0672   0.0385   0.0013   0.0728  -0.40    1.0
2026/04/23 07:33:22.700   3509419.0638    779154.2401   5250973.5027   2   7   0.1212   0.0752   0.0671   0.0385   0.0008   0.0727  -0.30    1.0
2026/04/23 07:33:22.800   3509419.0780    779154.3466   5250973.4763   2   7   0.1212   0.0752   0.0671   0.0385  -0.0004   0.0727  -0.20    1.0
2026/04/23 07:33:22.900   3509419.0910    779154.4549   5250973.4499   2   7   0.1211   0.0752   0.0671   0.0384  -0.0010   0.0727  -0.10    1.0
2026/04/23 07:33:23.000   3509419.1040    779154.5651   5250973.4211   2   7   0.1211   0.0751   0.0670   0.0384  -0.0014   0.0727   0.00    1.0
2026/04/23 07:33:23.100   3509419.1142    779154.6796   5250973.3935   2   7   0.1211   0.0751   0.0670   0.0384  -0.0016   0.0726   0.10    1.0
2026/04/23 07:33:23.200   3509419.1196    779154.7916   5250973.3694   2   7   0.1210   0.0751   0.0670   0.0383  -0.0018   0.0726   0.20    1.0
2026/04/23 07:33:23.300   3509419.1265    779154.9044   5250973.3409   2   7   0.1210   0.0751   0.0670   0.0383  -0.0020   0.0726   0.30    1.0
2026/04/23 07:33:23.400   3509419.1312    779155.0102   5250973.3165   2   7   0.1209   0.0751   0.0669   0.0383  -0.0022   0.0725   0.40    1.0
2026/04/23 07:33:23.500   3509419.1353    779155.1182   5250973.2935   2   7   0.1209   0.0750   0.0669   0.0383  -0.0024   0.0725  -0.50    1.0
2026/04/23 07:33:23.600   3509419.1441    779155.2219   5250973.2696   2   7   0.1208   0.0750   0.0669   0.0382  -0.0025   0.0725  -0.40    1.0
2026/04/23 07:33:23.700   3509419.1538    779155.3269   5250973.2472   2   7   0.1208   0.0750   0.0668   0.0382  -0.0027   0.0725  -0.30    1.0
2026/04/23 07:33:23.800   3509419.1597    779155.4372   5250973.2238   2   7   0.1207   0.0750   0.0668   0.0382  -0.0028   0.0724  -0.20    1.0
2026/04/23 07:33:23.900   3509419.1597    779155.5429   5250973.2045   2   7   0.1207   0.0749   0.0668   0.0382  -0.0030   0.0724  -0.10    1.0
2026/04/23 07:33:24.000   3509419.1633    779155.6528   5250973.1803   2   7   0.1206   0.0749   0.0668   0.0381  -0.0031   0.0724   0.00    1.0
2026/04/23 07:33:24.100   3509419.1756    779155.7706   5250973.1567   2   7   0.1206   0.0749   0.0667   0.0381  -0.0033   0.0723   0.10    1.0
2026/04/23 07:33:24.200   3509419.1824    779155.8896   5250973.1327   2   7   0.1205   0.0749   0.0667   0.0381  -0.0034   0.0723   0.20    1.0
2026/04/23 07:33:24.300   3509419.1844    779156.0082   5250973.1087   2   7   0.1205   0.0749   0.0667   0.0381  -0.0035   0.0723   0.30    1.0
2026/04/23 07:33:24.400   3509419.1884    779156.1264   5250973.0853   2   7   0.1204   0.0748   0.0667   0.0380  -0.0036   0.0723   0.40    1.0
2026/04/23 07:33:24.500   3509419.2033    779156.2382   5250973.0624   2   7   0.1204   0.0748   0.0666   0.0380  -0.0037   0.0722  -0.50    1.0
2026/04/23 07:33:24.600   3509419.2074    779156.3472   5250973.0381   2   7   0.1204   0.0748   0.0666   0.0380  -0.0038   0.0722  -0.40    1.0
2026/04/23 07:33:24.700   3509419.2215    779156.4550   5250973.0158   2   7   0.1203   0.0748   0.0666   0.0379  -0.0039   0.0722  -0.30    1.0
2026/04/23 07:33:24.800   3509419.2312    779156.5641   5250972.9919   2   7   0.1203   0.0748   0.0665   0.0379  -0.0040   0.0721  -0.20    1.0
2026/04/23 07:33:24.900   3509419.2355    779156.6747   5250972.9669   2   7   0.1202   0.0747   0.0665   0.0379  -0.0041   0.0721  -0.10    1.0
2026/04/23 07:33:25.000   3509419.2316    779156.7909   5250972.9466   2   7   0.1202   0.0747   0.0665   0.0379  -0.0042   0.0721   0.00    1.0
2026/04/23 07:33:25.100   3509419.2393    779156.8995   5250972.9254   2   7   0.1201   0.0747   0.0665   0.0378  -0.0043   0.0721   0.10    1.0
2026/04/23 07:33:25.200   3509419.2397    779157.0084   5250972.9029   2   7   0.1201   0.0747   0.0664   0.0378  -0.0044   0.0720   0.20    1.0
2026/04/23 07:33:25.300   3509419.2474    779157.1163   5250972.8808   2   7   0.1200   0.0747   0.0664   0.0378  -0.0045   0.0720   0.30    1.0
2026/04/23 07:33:25.400   3509419.2505    779157.2241   5250972.8576   2   7   0.1200   0.0746   0.0664   0.0378  -0.0046   0.0720   0.40    1.0
2026/04/23 07:33:25.500   3509419.2564    779157.3329   5250972.8373   2   7   0.1199   0.0746   0.0663   0.0377  -0.0047   0.0719  -0.50    1.0
2026/04/23 07:33:25.600   3509419.2608    779157.4460   5250972.8183   2   7   0.1202   0.0746   0.0663   0.0376  -0.0049   0.0720  -0.40    1.1
2026/04/23 07:33:25.700   3509419.2659    779157.5585   5250972.7954   2   6   0.1204   0.0746   0.0663   0.0375  -0.0051   0.0721  -0.30    1.6
2026/04/23 07:33:25.800   3509419.2707    779157.6708   5250972.7737   2   7   0.1206   0.0746   0.0663   0.0375  -0.0053   0.0722  -0.20    1.1
2026/04/23 07:33:25.900   3509419.2747    779157.7864   5250972.7504   2   6   0.1208   0.0745   0.0664   0.0374  -0.0054   0.0723  -0.10    1.6
2026/04/23 07:33:26.000   3509419.2793    779157.9014   5250972.7274   2   6   0.1210   0.0745   0.0664   0.0374  -0.0054   0.0725   0.00    1.6
2026/04/23 07:33:26.100   3509419.2844    779158.0105   5250972.7041   2   6   0.1212   0.0745   0.0665   0.0374  -0.0053   0.0726   0.10    1.6
2026/04/23 07:33:26.200   3509419.2899    779158.1172   5250972.6838   2   6   0.1213   0.0745   0.0665   0.0374  -0.0052   0.0727   0.20    1.6
2026/04/23 07:33:26.300   3509419.2966    779158.2268   5250972.6634   2   6   0.1214   0.0745   0.0666   0.0375  -0.0050   0.0728   0.30    1.6
2026/04/23 07:33:26.400   3509419.3090    779158.3377   5250972.6377   2   6   0.1215   0.0745   0.0667   0.0375  -0.0048   0.0729   0.40    1.6
2026/04/23 07:33:26.500   3509419.3155    779158.4532   5250972.6104   2   6   0.1216   0.0744   0.0667   0.0375  -0.0046   0.0730  -0.50    1.6
2026/04/23 07:33:26.600   3509419.3203    779158.5630   5250972.5874   2   6   0.1216   0.0744   0.0668   0.0376  -0.0043   0.0731  -0.40    1.6
2026/04/23 07:33:26.700   3509419.3282    779158.6733   5250972.5642   2   6   0.1217   0.0744   0.0668   0.0376  -0.0040   0.0732  -0.30    1.6
2026/04/23 07:33:26.800   3509419.3460    779158.7782   5250972.5387   2   6   0.1217   0.0744   0.0669   0.0376  -0.0037   0.0732  -0.20    1.6
2026/04/23 07:33:26.900   3509419.3542    779158.8833   5250972.5172   2   6   0.1217   0.0744   0.0669   0.0376  -0.0035   0.0733  -0.10    1.6
2026/04/23 07:33:27.000   3509419.3599    779158.9952   5250972.4985   2   6   0.1217   0.0744   0.0669   0.0376  -0.0032   0.0733   0.00    1.6
2026/04/23 07:33:27.100   3509419.3719    779159.1037   5250972.4751   2   6   0.1217   0.0744   0.0669   0.0377  -0.0030   0.0733   0.10    1.6
2026/04/23 07:33:27.200   3509419.3859    779159.2117   5250972.4483   2   6   0.1217   0.0743   0.0669   0.0377  -0.0028   0.0733   0.20    1.6
2026/04/23 07:33:27.300   3509419.3926    779159.3217   5250972.4260   2   6   0.1217   0.0743   0.0669   0.0377  -0.0026   0.0734   0.30    1.6
2026/04/23 07:33:27.400   3509419.4026    779159.4298   5250972.4004   2   6   0.1217   0.0743   0.0669   0.0377  -0.0025   0.0734   0.40    1.6
2026/04/23 07:33:27.500   3509419.4094    779159.5367   5250972.3754   2   6   0.1217   0.0743   0.0669   0.0377  -0.0024   0.0734  -0.50    1.6
2026/04/23 07:33:27.600   3509419.4214    779159.6425   5250972.3476   2   6   0.1217   0.0743   0.0669   0.0377  -0.0023   0.0734  -0.40    1.6
2026/04/23 07:33:27.700   3509419.4308    779159.7504   5250972.3195   2   6   0.1217   0.0743   0.0669   0.0377  -0.0023   0.0734  -0.30    1.6
2026/04/23 07:33:27.800   3509419.4373    779159.8624   5250972.2924   2   6   0.1217   0.0743   0.0669   0.0377  -0.0023   0.0734  -0.20    1.6
2026/04/23 07:33:27.900   3509419.4493    779159.9747   5250972.2610   2   6   0.1217   0.0742   0.0668   0.0377  -0.0024   0.0734  -0.10    1.6
2026/04/23 07:33:28.000   3509419.4647    779160.0889   5250972.2337   2   6   0.1217   0.0742   0.0668   0.0377  -0.0024   0.0733   0.00    1.6
2026/04/23 07:33:28.100   3509419.4791    779160.1974   5250972.2002   2   6   0.1216   0.0742   0.0668   0.0376  -0.0024   0.0733   0.10    1.6
2026/04/23 07:33:28.200   3509419.4934    779160.3090   5250972.1710   2   6   0.1216   0.0742   0.0668   0.0376  -0.0025   0.0733   0.20    1.6
2026/04/23 07:33:28.300   3509419.5077    779160.4170   5250972.1397   2   6   0.1216   0.0742   0.0667   0.0376  -0.0025   0.0733   0.30    1.6
2026/04/23 07:33:28.400   3509419.5250    779160.5202   5250972.1095   2   6   0.1216   0.0742   0.0667   0.0376  -0.0026   0.0733   0.40    1.6
2026/04/23 07:33:28.500   3509419.5414    779160.6219   5250972.0813   2   6   0.1216   0.0741   0.0667   0.0376  -0.0026   0.0733  -0.50    1.6
2026/04/23 07:33:28.600   3509419.5551    779160.7234   5250972.0620   2   6   0.1215   0.0741   0.0667   0.0376  -0.0027   0.0733  -0.40    1.6
2026/04/23 07:33:28.700   3509419.5670    779160.8270   5250972.0394   2   6   0.1215   0.0741   0.0667   0.0376  -0.0028   0.0732  -0.30    1.6
2026/04/23 07:33:28.800   3509419.5801    779160.9297   5250972.0127   2   6   0.1215   0.0741   0.0666   0.0376  -0.0029   0.0732  -0.20    1.6
2026/04/23 07:33:28.900   3509419.5941    779161.0310   5250971.9876   2   6   0.1215   0.0741   0.0666   0.0376  -0.0029   0.0732  -0.10    1.6
2026/04/23 07:33:29.000   3509419.6107    779161.1344   5250971.9568   2   6   0.1214   0.0741   0.0666   0.0376  -0.0030   0.0732   0.00    1.6
2026/04/23 07:33:29.100   3509419.6268    779161.2377   5250971.9328   2   6   0.1214   0.0740   0.0665   0.0376  -0.0031   0.0732   0.10    1.6
2026/04/23 07:33:29.200   3509419.6436    779161.3435   5250971.9096   2   6   0.1214   0.0740   0.0665   0.0375  -0.0031   0.0732   0.20    1.6
2026/04/23 07:33:29.300   3509419.6666    779161.4483   5250971.8794   2   6   0.1214   0.0740   0.0665   0.0375  -0.0032   0.0731   0.30    1.6
2026/04/23 07:33:29.400   3509419.6833    779161.5618   5250971.8466   2   6   0.1214   0.0740   0.0665   0.0375  -0.0032   0.0731   0.40    1.6
2026/04/23 07:33:29.500   3509419.7026    779161.6716   5250971.8183   2   6   0.1213   0.0740   0.0665   0.0375  -0.0032   0.0731  -0.50    1.6
2026/04/23 07:33:29.600   3509419.7182    779161.7811   5250971.7892   2   6   0.1213   0.0740   0.0664   0.0375  -0.0033   0.0731  -0.40    1.6
2026/04/23 07:33:29.700   3509419.7287    779161.8908   5250971.7606   2   6   0.1213   0.0740   0.0664   0.0375  -0.0033   0.0731  -0.30    1.6
2026/04/23 07:33:29.800   3509419.7430    779161.9954   5250971.7345   2   6   0.1213   0.0739   0.0664   0.0375  -0.0034   0.0731  -0.20    1.6
2026/04/23 07:33:29.900   3509419.7609    779162.1008   5250971.7058   2   6   0.1212   0.0739   0.0664   0.0375  -0.0034   0.0730  -0.10    1.6
2026/04/23 07:33:30.000   3509419.7738    779162.2093   5250971.6801   2   6   0.1212   0.0739   0.0663   0.0375  -0.0035   0.0730   0.00    1.6
2026/04/23 07:33:30.100   3509419.7849    779162.3087   5250971.6540   2   6   0.1212   0.0739   0.0663   0.0375  -0.0035   0.0730   0.10    1.6
2026/04/23 07:33:30.200   3509419.7982    779162.4121   5250971.6316   2   6   0.1212   0.0739   0.0663   0.0374  -0.0035   0.0730   0.20    1.6
2026/04/23 07:33:30.300   3509419.8199    779162.5082   5250971.6033   2   6   0.1211   0.0739   0.0663   0.0374  -0.0035   0.0730   0.30    1.6
2026/04/23 07:33:30.400   3509419.8422    779162.6046   5250971.5742   2   6   0.1211   0.0739   0.0663   0.0374  -0.0036   0.0730   0.40    1.6
2026/04/23 07:33:30.500   3509419.8647    779162.7097   5250971.5446   2   6   0.1211   0.0738   0.0662   0.0374  -0.0036   0.0730  -0.50    1.6
2026/04/23 07:33:30.600   3509419.8826    779162.8111   5250971.5188   2   6   0.1211   0.0738   0.0662   0.0374  -0.0035   0.0730  -0.40    1.6
2026/04/23 07:33:30.700   3509419.9051    779162.9212   5250971.4876   2   6   0.1211   0.0738   0.0662   0.0374  -0.0035   0.0729  -0.30    1.6
2026/04/23 07:33:30.800   3509419.9242    779163.0301   5250971.4611   2   6   0.1210   0.0738   0.0662   0.0374  -0.0035   0.0729  -0.20    1.6
2026/04/23 07:33:30.900   3509419.9476    779163.1354   5250971.4357   2   7   0.1210   0.0738   0.0661   0.0374  -0.0035   0.0729  -0.10    1.1
2026/04/23 07:33:31.000   3509419.9695    779163.2378   5250971.4051   2   7   0.1210   0.0738   0.0661   0.0374  -0.0035   0.0729   0.00    1.1
2026/04/23 07:33:31.100   3509419.9910    779163.3428   5250971.3759   2   7   0.1210   0.0737   0.0661   0.0374  -0.0034   0.0729   0.10    1.2
2026/04/23 07:33:31.200   3509420.0182    779163.4488   5250971.3456   2   7   0.1210   0.0737   0.0661   0.0374  -0.0034   0.0729   0.20    1.3
2026/04/23 07:33:31.300   3509420.0498    779163.5543   5250971.3079   2   7   0.1209   0.0737   0.0661   0.0375  -0.0033   0.0729   0.30    1.4
2026/04/23 07:33:31.400   3509420.0862    779163.6474   5250971.2682   2   7   0.1209   0.0737   0.0660   0.0375  -0.0031   0.0728   0.40    1.4
2026/04/23 07:33:31.500   3509420.1324    779163.7348   5250971.2287   2   7   0.1209   0.0736   0.0660   0.0375  -0.0030   0.0728  -0.50    1.5
2026/04/23 07:33:31.600   3509420.1892    779163.8182   5250971.1791   2   7   0.1208   0.0736   0.0660   0.0376  -0.0028   0.0728  -0.40    1.6
2026/04/23 07:33:31.700   3509420.2500    779163.8952   5250971.1278   2   7   0.1208   0.0736   0.0660   0.0376  -0.0025   0.0728  -0.30    1.7
2026/04/23 07:33:31.800   3509420.3197    779163.9652   5250971.0721   2   7   0.1207   0.0736   0.0660   0.0377  -0.0023   0.0728  -0.20    1.7
2026/04/23 07:33:31.900   3509420.3924    779164.0309   5250971.0077   2   7   0.1207   0.0735   0.0659   0.0377  -0.0020   0.0727  -0.10    1.8
2026/04/23 07:33:32.000   3509420.4759    779164.0895   5250970.9451   2   7   0.1206   0.0735   0.0659   0.0377  -0.0017   0.0727   0.00    1.8
2026/04/23 07:33:32.100   3509420.5643    779164.1444   5250970.8780   2   7   0.1206   0.0735   0.0659   0.0378  -0.0014   0.0727   0.10    1.8
2026/04/23 07:33:32.200   3509420.6522    779164.1888   5250970.8097   2   7   0.1205   0.0735   0.0658   0.0378  -0.0009   0.0726   0.20    1.8
2026/04/23 07:33:32.300   3509420.7383    779164.2196   5250970.7468   2   7   0.1205   0.0735   0.0658   0.0378   0.0002   0.0726   0.30    1.8
2026/04/23 07:33:32.400   3509420.8217    779164.2472   5250970.6771   2   7   0.1204   0.0735   0.0658   0.0378   0.0009   0.0726   0.40    1.8
2026/04/23 07:33:32.500   3509420.9162    779164.2647   5250970.6078   2   7   0.1204   0.0734   0.0657   0.0378   0.0013   0.0725  -0.50    1.8
2026/04/23 07:33:32.600   3509421.0011    779164.2784   5250970.5457   2   7   0.1204   0.0734   0.0657   0.0378   0.0015   0.0725  -0.40    1.8
2026/04/23 07:33:32.700   3509421.0889    779164.2913   5250970.4839   2   7   0.1203   0.0734   0.0657   0.0378   0.0016   0.0725  -0.30    1.8
2026/04/23 07:33:32.800   3509421.1847    779164.2938   5250970.4204   2   7   0.1203   0.0734   0.0656   0.0378   0.0018   0.0724  -0.20    1.8
2026/04/23 07:33:32.900   3509421.2752    779164.2946   5250970.3579   2   7   0.1203   0.0734   0.0656   0.0378   0.0019   0.0724  -0.10    1.8
2026/04/23 07:33:33.000   3509421.3725    779164.2921   5250970.2940   2   7   0.1202   0.0734   0.0656   0.0378   0.0019   0.0724   0.00    1.8
2026/04/23 07:33:33.100   3509421.4669    779164.2847   5250970.2283   2   7   0.1202   0.0733   0.0655   0.0378   0.0020   0.0723   0.10    1.8
2026/04/23 07:33:33.200   3509421.5580    779164.2781   5250970.1660   2   7   0.1202   0.0733   0.0655   0.0378   0.0021   0.0723   0.20    1.8
2026/04/23 07:33:33.300   3509421.6620    779164.2635   5250970.1051   2   7   0.1201   0.0733   0.0654   0.0378   0.0022   0.0723   0.30    1.8
2026/04/23 07:33:33.400   3509421.7443    779164.2606   5250970.0503   2   7   0.1201   0.0733   0.0654   0.0379   0.0023   0.0723   0.40    1.8
2026/04/23 07:33:33.500   3509421.8227    779164.2588   5250969.9920   2   7   0.1201   0.0733   0.0654   0.0379   0.0024   0.0722  -0.50    1.8
2026/04/23 07:33:33.600   3509421.9092    779164.2559   5250969.9322   2   7   0.1200   0.0733   0.0654   0.0379   0.0025   0.0722  -0.40    1.8
2026/04/23 07:33:33.700   3509421.9998    779164.2614   5250969.8714   2   7   0.1200   0.0732   0.0653   0.0379   0.0025   0.0722  -0.30    1.8
2026/04/23 07:33:33.800   3509422.0859    779164.2734   5250969.8116   2   7   0.1200   0.0732   0.0653   0.0379   0.0026   0.0722  -0.20    1.8
2026/04/23 07:33:33.900   3509422.1752    779164.2819   5250969.7499   2   7   0.1200   0.0732   0.0653   0.0379   0.0027   0.0721  -0.10    1.8
2026/04/23 07:33:34.000   3509422.2590    779164.2903   5250969.6906   2   7   0.1199   0.0732   0.0652   0.0379   0.0027   0.0721   0.00    1.8
2026/04/23 07:33:34.100   3509422.3465    779164.2965   5250969.6298   2   7   0.1199   0.0732   0.0652   0.0379   0.0028   0.0721   0.10    1.8
2026/04/23 07:33:34.200   3509422.4322    779164.3070   5250969.5692   2   7   0.1199   0.0732   0.0652   0.0379   0.0028   0.0721   0.20    1.8
2026/04/23 07:33:34.300   3509422.5197    779164.3151   5250969.5085   2   7   0.1199   0.0731   0.0652   0.0379   0.0029   0.0721   0.30    1.8
2026/04/23 07:33:34.400   3509422.6171    779164.3212   5250969.4441   2   7   0.1198   0.0731   0.0651   0.0379   0.0030   0.0721   0.40    1.8
2026/04/23 07:33:34.500   3509422.7207    779164.3146   5250969.3779   2   7   0.1198   0.0731   0.0651   0.0379   0.0030   0.0720  -0.50    1.8
2026/04/23 07:33:34.600   3509422.8183    779164.3117   5250969.3187   2   7   0.1198   0.0731   0.0651   0.0379   0.0031   0.0720  -0.40    1.8
2026/04/23 07:33:34.700   3509422.9157    779164.3084   5250969.2619   2   7   0.1198   0.0731   0.0651   0.0379   0.0032   0.0720  -0.30    1.8
2026/04/23 07:33:34.800   3509423.0075    779164.2978   5250969.2011   2   7   0.1197   0.0731   0.0650   0.0379   0.0032   0.0720  -0.20    1.8
2026/04/23 07:33:34.900   3509423.1016    779164.2831   5250969.1458   2   7   0.1197   0.0730   0.0650   0.0379   0.0032   0.0720  -0.10    1.8
2026/04/23 07:33:35.000   3509423.1986    779164.2648   5250969.0846   2   7   0.1197   0.0730   0.0650   0.0379   0.0033   0.0720   0.00    1.8
2026/04/23 07:33:35.100   3509423.2935    779164.2406   5250969.0283   2   7   0.1197   0.0730   0.0650   0.0379   0.0033   0.0720   0.10    1.8
2026/04/23 07:33:35.200   3509423.3846    779164.2197   5250968.9716   2   7   0.1197   0.0730   0.0650   0.0379   0.0034   0.0719   0.20    1.8
2026/04/23 07:33:35.300   3509423.4739    779164.1935   5250968.9182   2   7   0.1196   0.0730   0.0649   0.0379   0.0034   0.0719   0.30    1.8
2026/04/23 07:33:35.400   3509423.5624    779164.1683   5250968.8656   2   7   0.1196   0.0730   0.0649   0.0379   0.0035   0.0719   0.40    1.8
2026/04/23 07:33:35.500   3509423.6524    779164.1424   5250968.8078   2   7   0.1196   0.0730   0.0649   0.0379   0.0035   0.0719  -0.50    1.8
2026/04/23 07:33:35.600   3509423.7443    779164.1178   5250968.7496   2   7   0.1196   0.0729   0.0649   0.0379   0.0036   0.0719  -0.40    1.8
2026/04/23 07:33:35.700   3509423.8363    779164.0911   5250968.6967   2   7   0.1196   0.0729   0.0649   0.0379   0.0036   0.0719  -0.30    1.8
2026/04/23 07:33:35.800   3509423.9239    779164.0669   5250968.6429   2   7   0.1196   0.0729   0.0648   0.0379   0.0036   0.0719  -0.20    1.8
2026/04/23 07:33:35.900   3509424.0192    779164.0500   5250968.5840   2   7   0.1195   0.0729   0.0648   0.0379   0.0037   0.0719  -0.10    1.8
2026/04/23 07:33:36.000   3509424.1123    779164.0263   5250968.5307   2   7   0.1195   0.0729   0.0648   0.0379   0.0037   0.0719   0.00    1.8
2026/04/23 07:33:36.100   3509424.2052    779163.9999   5250968.4765   2   7   0.1195   0.0729   0.0648   0.0379   0.0037   0.0718   0.10    1.8
2026/04/23 07:33:36.200   3509424.2878    779163.9801   5250968.4247   2   7   0.1195   0.0728   0.0648   0.0379   0.0038   0.0718   0.20    1.8
2026/04/23 07:33:36.300   3509424.3739    779163.9585   5250968.3768   2   7   0.1195   0.0728   0.0647   0.0379   0.0038   0.0718   0.30    1.8
2026/04/23 07:33:36.400   3509424.4689    779163.9397   5250968.3184   2   7   0.1194   0.0728   0.0647   0.0379   0.0039   0.0718   0.40    1.8
2026/04/23 07:33:36.500   3509424.5667    779163.9170   5250968.2642   2   7   0.1194   0.0728   0.0647   0.0379   0.0039   0.0718  -0.50    1.8
2026/04/23 07:33:36.600   3509424.6699    779163.8927   5250968.2017   2   7   0.1194   0.0728   0.0647   0.0379   0.0039   0.0718  -0.40    1.8
2026/04/23 07:33:36.700   3509424.7673    779163.8729   5250968.1403   2   7   0.1194   0.0728   0.0647   0.0379   0.0040   0.0718  -0.30    1.8
2026/04/23 07:33:36.800   3509424.8657    779163.8624   5250968.0752   2   7   0.1194   0.0727   0.0647   0.0380   0.0040   0.0718  -0.20    1.8
2026/04/23 07:33:36.900   3509424.9623    779163.8492   5250968.0167   2   7   0.1194   0.0727   0.0646   0.0380   0.0040   0.0718  -0.10    1.8
2026/04/23 07:33:37.000   3509425.0582    779163.8325   5250967.9604   2   7   0.1193   0.0727   0.0646   0.0380   0.0040   0.0718   0.00    1.8
2026/04/23 07:33:37.100   3509425.1595    779163.8147   5250967.8990   2   7   0.1193   0.0727   0.0646   0.0380   0.0041   0.0717   0.10    1.8
2026/04/23 07:33:37.200   3509425.2463    779163.8047   5250967.8408   2   7   0.1193   0.0727   0.0646   0.0380   0.0041   0.0717   0.20    1.8
2026/04/23 07:33:37.300   3509425.3351    779163.7886   5250967.7881   2   7   0.1193   0.0727   0.0646   0.0380   0.0041   0.0717   0.30    1.8
2026/04/23 07:33:37.400   3509425.4269    779163.7683   5250967.7342   2   7   0.1193   0.0726   0.0645   0.0380   0.0042   0.0717   0.40    1.8
2026/04/23 07:33:37.500   3509425.5218    779163.7439   5250967.6786   2   7   0.1193   0.0726   0.0645   0.0380   0.0042   0.0717  -0.50    1.8
2026/04/23 07:33:37.600   3509425.6202    779163.7193   5250967.6235   2   7   0.1192   0.0726   0.0645   0.0380   0.0043   0.0717  -0.40    1.8
2026/04/23 07:33:37.700   3509425.7162    779163.6963   5250967.5694   2   7   0.1192   0.0726   0.0645   0.0380   0.0043   0.0717  -0.30    1.8
2026/04/23 07:33:37.800   3509425.8066    779163.6778   5250967.5140   2   7   0.1192   0.0727   0.0645   0.0380   0.0034   0.0717  -0.20    1.2
2026/04/23 07:33:37.900   3509425.8968    779163.6504   5250967.4574   2   6   0.1192   0.0727   0.0645   0.0379   0.0023   0.0717  -0.10    1.4
2026/04/23 07:33:38.000   3509425.9915    779163.6226   5250967.3997   2   6   0.1192   0.0727   0.0645   0.0379   0.0010   0.0717   0.00    1.4
2026/04/23 07:33:38.100   3509426.0806    779163.5984   5250967.3428   2   6   0.1192   0.0727   0.0645   0.0379  -0.0013   0.0717   0.10    1.4
2026/04/23 07:33:38.200   3509426.1651    779163.5742   5250967.2870   2   6   0.1191   0.0727   0.0645   0.0379  -0.0017   0.0717   0.20    1.4
2026/04/23 07:33:38.300   3509426.2511    779163.5506   5250967.2332   2   6   0.1191   0.0727   0.0646   0.0379  -0.0019   0.0717   0.30    1.4
2026/04/23 07:33:38.400   3509426.3433    779163.5251   5250967.1771   2   6   0.1191   0.0727   0.0645   0.0379  -0.0018   0.0717   0.40    1.4
2026/04/23 07:33:38.500   3509426.4260    779163.5109   5250967.1230   2   7   0.1191   0.0727   0.0645   0.0379  -0.0016   0.0717  -0.50    1.3
2026/04/23 07:33:38.600   3509426.5193    779163.4947   5250967.0621   2   7   0.1191   0.0727   0.0645   0.0379  -0.0014   0.0716  -0.40    1.3
2026/04/23 07:33:38.700   3509426.6136    779163.4774   5250967.0044   2   7   0.1191   0.0726   0.0645   0.0379  -0.0010   0.0716  -0.30    1.2
2026/04/23 07:33:38.800   3509426.7046    779163.4603   5250966.9440   2   7   0.1190   0.0726   0.0645   0.0379   0.0005   0.0716  -0.20    1.1
2026/04/23 07:33:38.900   3509426.7918    779163.4460   5250966.8911   2   7   0.1190   0.0726   0.0645   0.0379   0.0013   0.0716  -0.10    1.0
2026/04/23 07:33:39.000   3509426.8891    779163.4352   5250966.8305   2   7   0.1190   0.0725   0.0645   0.0379   0.0017   0.0716   0.00    1.1
2026/04/23 07:33:39.100   3509426.9787    779163.4222   5250966.7728   2   7   0.1190   0.0725   0.0645   0.0379   0.0021   0.0716   0.10    1.2
2026/04/23 07:33:39.200   3509427.0757    779163.4071   5250966.7132   2   6   0.1190   0.0725   0.0645   0.0380   0.0021   0.0716   0.20    1.4
2026/04/23 07:33:39.300   3509427.1763    779163.3926   5250966.6497   2   7   0.1190   0.0725   0.0645   0.0380   0.0025   0.0716   0.30    1.3
2026/04/23 07:33:39.400   3509427.2670    779163.3758   5250966.5946   2   7   0.1189   0.0724   0.0645   0.0380   0.0028   0.0716   0.40    1.3
2026/04/23 07:33:39.500   3509427.3655    779163.3638   5250966.5349   2   6   0.1189   0.0724   0.0645   0.0380   0.0026   0.0716  -0.50    1.4
2026/04/23 07:33:39.600   3509427.4562    779163.3460   5250966.4739   2   7   0.1189   0.0724   0.0645   0.0380   0.0030   0.0716  -0.40    1.4
2026/04/23 07:33:39.700   3509427.5550    779163.3274   5250966.4157   2   6   0.1189   0.0724   0.0645   0.0380   0.0027   0.0716  -0.30    1.4
2026/04/23 07:33:39.800   3509427.6511    779163.3062   5250966.3500   2   7   0.1189   0.0723   0.0645   0.0380   0.0031   0.0716  -0.20    1.5
2026/04/23 07:33:39.900   3509427.7521    779163.2831   5250966.2889   2   7   0.1189   0.0723   0.0644   0.0380   0.0033   0.0716  -0.10    1.6
2026/04/23 07:33:40.000   3509427.8405    779163.2622   5250966.2299   2   7   0.1188   0.0723   0.0644   0.0380   0.0034   0.0716   0.00    1.6
2026/04/23 07:33:40.100   3509427.9373    779163.2456   5250966.1752   2   7   0.1188   0.0723   0.0644   0.0380   0.0034   0.0716   0.10    1.7
2026/04/23 07:33:40.200   3509428.0312    779163.2276   5250966.1151   2   7   0.1188   0.0722   0.0644   0.0380   0.0035   0.0715   0.20    1.8
2026/04/23 07:33:40.300   3509428.1211    779163.2165   5250966.0568   2   7   0.1188   0.0722   0.0644   0.0380   0.0035   0.0715   0.30    1.8
2026/04/23 07:33:40.400   3509428.2125    779163.1961   5250966.0025   2   7   0.1188   0.0722   0.0644   0.0380   0.0035   0.0715   0.40    1.9
2026/04/23 07:33:40.500   3509428.3086    779163.1764   5250965.9531   2   7   0.1188   0.0722   0.0644   0.0380   0.0036   0.0715  -0.50    1.9
2026/04/23 07:33:40.600   3509428.4019    779163.1555   5250965.8984   2   6   0.1187   0.0722   0.0644   0.0380   0.0032   0.0715  -0.40    1.4
2026/04/23 07:33:40.700   3509428.4999    779163.1318   5250965.8417   2   7   0.1187   0.0722   0.0644   0.0380   0.0035   0.0715  -0.30    2.0
2026/04/23 07:33:40.800   3509428.5932    779163.1144   5250965.7842   2   7   0.1187   0.0722   0.0644   0.0380   0.0037   0.0715  -0.20    2.0
2026/04/23 07:33:40.900   3509428.6845    779163.1016   5250965.7295   2   7   0.1187   0.0721   0.0644   0.0380   0.0038   0.0715  -0.10    2.0
2026/04/23 07:33:41.000   3509428.7822    779163.0815   5250965.6799   2   7   0.1187   0.0721   0.0644   0.0380   0.0038   0.0715   0.00    2.0
2026/04/23 07:33:41.100   3509428.8799    779163.0629   5250965.6248   2   7   0.1187   0.0721   0.0643   0.0380   0.0039   0.0715   0.10    2.0
2026/04/23 07:33:41.200   3509428.9755    779163.0473   5250965.5683   2   7   0.1186   0.0721   0.0643   0.0380   0.0039   0.0715   0.20    2.0
2026/04/23 07:33:41.300   3509429.0641    779163.0329   5250965.5077   2   7   0.1186   0.0721   0.0643   0.0380   0.0040   0.0715   0.30    2.0
2026/04/23 07:33:41.400   3509429.1511    779163.0201   5250965.4500   2   7   0.1186   0.0721   0.0643   0.0380   0.0040   0.0715   0.40    2.0
2026/04/23 07:33:41.500   3509429.2459    779163.0009   5250965.3900   2   7   0.1186   0.0720   0.0643   0.0380   0.0041   0.0714  -0.50    2.0
2026/04/23 07:33:41.600   3509429.3347    779162.9845   5250965.3390   2   7   0.1186   0.0720   0.0643   0.0380   0.0041   0.0714  -0.40    2.1
2026/04/23 07:33:41.700   3509429.4273    779162.9735   5250965.2874   2   7   0.1186   0.0720   0.0643   0.0380   0.0041   0.0714  -0.30    2.1
2026/04/23 07:33:41.800   3509429.5181    779162.9597   5250965.2341   2   7   0.1185   0.0720   0.0643   0.0380   0.0042   0.0714  -0.20    2.1
2026/04/23 07:33:41.900   3509429.6084    779162.9469   5250965.1774   2   7   0.1185   0.0720   0.0643   0.0380   0.0042   0.0714  -0.10    2.1
2026/04/23 07:33:42.000   3509429.7025    779162.9332   5250965.1155   2   7   0.1185   0.0720   0.0643   0.0380   0.0042   0.0714   0.00    2.1
2026/04/23 07:33:42.100   3509429.7925    779162.9193   5250965.0562   2   7   0.1185   0.0719   0.0643   0.0380   0.0043   0.0714   0.10    2.1
2026/04/23 07:33:42.200   3509429.8835    779162.9035   5250964.9981   2   7   0.1185   0.0719   0.0643   0.0380   0.0043   0.0714   0.20    2.1
2026/04/23 07:33:42.300   3509429.9757    779162.8901   5250964.9376   2   7   0.1185   0.0719   0.0643   0.0380   0.0043   0.0714   0.30    2.1
2026/04/23 07:33:42.400   3509430.0648    779162.8716   5250964.8797   2   7   0.1185   0.0719   0.0643   0.0380   0.0044   0.0714   0.40    2.1
2026/04/23 07:33:42.500   3509430.1606    779162.8592   5250964.8150   2   7   0.1184   0.0719   0.0642   0.0380   0.0044   0.0714  -0.50    2.1
2026/04/23 07:33:42.600   3509430.2538    779162.8469   5250964.7535   2   7   0.1184   0.0719   0.0642   0.0380   0.0045   0.0714  -0.40    2.1
2026/04/23 07:33:42.700   3509430.3475    779162.8366   5250964.6947   2   7   0.1184   0.0718   0.0642   0.0380   0.0045   0.0714  -0.30    2.1
2026/04/23 07:33:42.800   3509430.4409    779162.8204   5250964.6342   2   7   0.1184   0.0718   0.0642   0.0380   0.0045   0.0713  -0.20    2.1
2026/04/23 07:33:42.900   3509430.5334    779162.8063   5250964.5785   2   7   0.1184   0.0718   0.0642   0.0380   0.0046   0.0713  -0.10    2.1
2026/04/23 07:33:43.000   3509430.6262    779162.7910   5250964.5193   2   7   0.1184   0.0718   0.0642   0.0380   0.0046   0.0713   0.00    2.1
2026/04/23 07:33:43.100   3509430.7112    779162.7814   5250964.4633   2   7   0.1183   0.0718   0.0642   0.0380   0.0046   0.0713   0.10    2.1
2026/04/23 07:33:43.200   3509430.8072    779162.7668   5250964.4096   2   7   0.1183   0.0718   0.0642   0.0380   0.0046   0.0713   0.20    2.1
2026/04/23 07:33:43.300   3509430.8911    779162.7477   5250964.3520   2   7   0.1183   0.0717   0.0642   0.0380   0.0047   0.0713   0.30    2.1
2026/04/23 07:33:43.400   3509430.9788    779162.7176   5250964.2954   2   7   0.1183   0.0717   0.0642   0.0380   0.0047   0.0713   0.40    2.1
2026/04/23 07:33:43.500   3509431.0655    779162.6863   5250964.2421   2   7   0.1183   0.0717   0.0642   0.0380   0.0047   0.0713  -0.50    2.1
2026/04/23 07:33:43.600   3509431.1516    779162.6479   5250964.1900   2   7   0.1183   0.0717   0.0642   0.0380   0.0048   0.0713  -0.40    2.1
2026/04/23 07:33:43.700   3509431.2364    779162.6029   5250964.1446   2   7   0.1182   0.0717   0.0642   0.0380   0.0048   0.0713  -0.30    2.1
2026/04/23 07:33:43.800   3509431.3170    779162.5480   5250964.1041   2   7   0.1182   0.0717   0.0642   0.0380   0.0048   0.0713  -0.20    2.1
2026/04/23 07:33:43.900   3509431.3992    779162.4825   5250964.0647   2   7   0.1182   0.0717   0.0642   0.0380   0.0049   0.0713  -0.10    2.1
2026/04/23 07:33:44.000   3509431.4791    779162.4079   5250964.0277   2   7   0.1182   0.0716   0.0642   0.0380   0.0049   0.0713   0.00    2.1
2026/04/23 07:33:44.100   3509431.5480    779162.3250   5250963.9952   2   7   0.1182   0.0716   0.0641   0.0380   0.0049   0.0713   0.10    2.1
2026/04/23 07:33:44.200   3509431.6181    779162.2393   5250963.9682   2   7   0.1182   0.0716   0.0641   0.0381   0.0049   0.0712   0.20    2.1
2026/04/23 07:33:44.300   3509431.6823    779162.1533   5250963.9482   2   7   0.1181   0.0716   0.0641   0.0381   0.0050   0.0712   0.30    2.1
2026/04/23 07:33:44.400   3509431.7375    779162.0529   5250963.9313   2   7   0.1181   0.0716   0.0641   0.0381   0.0050   0.0712   0.40    2.1
2026/04/23 07:33:44.500   3509431.7927    779161.9501   5250963.9170   2   7   0.1181   0.0716   0.0641   0.0381   0.0050   0.0712  -0.50    2.1
2026/04/23 07:33:44.600   3509431.8323    779161.8438   5250963.9032   2   7   0.1181   0.0715   0.0641   0.0381   0.0051   0.0712  -0.40    2.2
2026/04/23 07:33:44.700   3509431.8779    779161.7363   5250963.8933   2   7   0.1181   0.0715   0.0641   0.0381   0.0051   0.0712  -0.30    2.2
2026/04/23 07:33:44.800   3509431.9156    779161.6264   5250963.8874   2   7   0.1181   0.0715   0.0641   0.0381   0.0051   0.0712  -0.20    2.2
2026/04/23 07:33:44.900   3509431.9559    779161.5155   5250963.8845   2   7   0.1180   0.0715   0.0641   0.0381   0.0051   0.0712  -0.10    2.2
2026/04/23 07:33:45.000   3509431.9838    779161.4053   5250963.8791   2   7   0.1180   0.0715   0.0641   0.0381   0.0052   0.0712   0.00    2.2
2026/04/23 07:33:45.100   3509432.0097    779161.2961   5250963.8809   2   7   0.1180   0.0715   0.0641   0.0381   0.0052   0.0712   0.10    2.2
2026/04/23 07:33:45.200   3509432.0236    779161.1896   5250963.8849   2   7   0.1180   0.0715   0.0641   0.0381   0.0052   0.0712   0.20    2.2
2026/04/23 07:33:45.300   3509432.0410    779161.0908   5250963.8886   2   7   0.1180   0.0714   0.0641   0.0381   0.0052   0.0712   0.30    2.2
2026/04/23 07:33:45.400   3509432.0550    779160.9826   5250963.8954   2   7   0.1180   0.0714   0.0641   0.0381   0.0053   0.0712   0.40    2.2
2026/04/23 07:33:45.500   3509432.0692    779160.8775   5250963.9039   2   7   0.1180   0.0714   0.0641   0.0381   0.0053   0.0712  -0.50    2.2
2026/04/23 07:33:45.600   3509432.0790    779160.7751   5250963.9119   2   7   0.1179   0.0714   0.0641   0.0381   0.0053   0.0711  -0.40    2.2
2026/04/23 07:33:45.700   3509432.0868    779160.6796   5250963.9192   2   7   0.1179   0.0714   0.0641   0.0381   0.0054   0.0711  -0.30    2.2
2026/04/23 07:33:45.800   3509432.0944    779160.5823   5250963.9272   2   7   0.1179   0.0714   0.0641   0.0381   0.0054   0.0711  -0.20    2.2
2026/04/23 07:33:45.900   3509432.1037    779160.4903   5250963.9371   2   7   0.1179   0.0713   0.0640   0.0381   0.0054   0.0711  -0.10    2.2
2026/04/23 07:33:46.000   3509432.1173    779160.3870   5250963.9438   2   7   0.1179   0.0713   0.0640   0.0381   0.0054   0.0711   0.00    2.2
2026/04/23 07:33:46.100   3509432.1306    779160.2852   5250963.9526   2   7   0.1179   0.0713   0.0640   0.0381   0.0054   0.0711   0.10    2.2
2026/04/23 07:33:46.200   3509432.1471    779160.1741   5250963.9581   2   7   0.1178   0.0713   0.0640   0.0381   0.0055   0.0711   0.20    2.2
2026/04/23 07:33:46.300   3509432.1648    779160.0667   5250963.9658   2   7   0.1178   0.0713   0.0640   0.0381   0.0055   0.0711   0.30    2.2
2026/04/23 07:33:46.400   3509432.1789    779159.9554   5250963.9788   2   7   0.1178   0.0713   0.0640   0.0381   0.0055   0.0711   0.40    2.2
2026/04/23 07:33:46.500   3509432.1871    779159.8443   5250963.9885   2   7   0.1178   0.0713   0.0640   0.0381   0.0056   0.0711  -0.50    2.2
2026/04/23 07:33:46.600   3509432.1893    779159.7379   5250964.0040   2   7   0.1178   0.0712   0.0640   0.0381   0.0056   0.0711  -0.40    2.2
2026/04/23 07:33:46.700   3509432.1926    779159.6312   5250964.0206   2   7   0.1178   0.0712   0.0640   0.0381   0.0056   0.0711  -0.30    2.2
2026/04/23 07:33:46.800   3509432.1923    779159.5185   5250964.0378   2   7   0.1177   0.0712   0.0640   0.0381   0.0056   0.0711  -0.20    2.2
2026/04/23 07:33:46.900   3509432.1887    779159.4083   5250964.0599   2   7   0.1177   0.0712   0.0640   0.0381   0.0056   0.0710  -0.10    2.2
2026/04/23 07:33:47.000   3509432.1820    779159.3027   5250964.0846   2   7   0.1177   0.0712   0.0640   0.0381   0.0057   0.0710   0.00    2.2
2026/04/23 07:33:47.100   3509432.1645    779159.2079   5250964.1169   2   7   0.1177   0.0712   0.0640   0.0381   0.0057   0.0710   0.10    2.2
2026/04/23 07:33:47.200   3509432.1433    779159.1094   5250964.1518   2   7   0.1177   0.0712   0.0640   0.0381   0.0057   0.0710   0.20    2.2
2026/04/23 07:33:47.300   3509432.1297    779159.0041   5250964.1782   2   7   0.1177   0.0711   0.0640   0.0381   0.0057   0.0710   0.30    2.2
2026/04/23 07:33:47.400   3509432.1253    779158.9000   5250964.2024   2   7   0.1176   0.0711   0.0640   0.0381   0.0058   0.0710   0.40    2.2
2026/04/23 07:33:47.500   3509432.1034    779158.7934   5250964.2330   2   7   0.1176   0.0711   0.0640   0.0381   0.0058   0.0710  -0.50    2.3
2026/04/23 07:33:47.600   3509432.0901    779158.6828   5250964.2595   2   7   0.1176   0.0711   0.0640   0.0381   0.0058   0.0710  -0.40    2.3
2026/04/23 07:33:47.700   3509432.0803    779158.5798   5250964.2840   2   7   0.1176   0.0711   0.0639   0.0381   0.0058   0.0710  -0.30    2.3
2026/04/23 07:33:47.800   3509432.0798    779158.4690   5250964.3045   2   7   0.1176   0.0711   0.0639   0.0381   0.0059   0.0710  -0.20    2.3
2026/04/23 07:33:47.900   3509432.0778    779158.3632   5250964.3247   2   7   0.1176   0.0710   0.0639   0.0381   0.0059   0.0710  -0.10    2.3
2026/04/23 07:33:48.000   3509432.0674    779158.2615   5250964.3517   2   7   0.1176   0.0710   0.0639   0.0381   0.0059   0.0710   0.00    2.3
2026/04/23 07:33:48.100   3509432.0564    779158.1541   5250964.3776   2   7   0.1175   0.0710   0.0639   0.0381   0.0059   0.0710   0.10    2.3
2026/04/23 07:33:48.200   3509432.0554    779158.0532   5250964.3993   2   7   0.1175   0.0710   0.0639   0.0381   0.0059   0.0710   0.20    2.3
2026/04/23 07:33:48.300   3509432.0521    779157.9432   5250964.4276   2   7   0.1175   0.0710   0.0639   0.0381   0.0060   0.0709   0.30    2.3
2026/04/23 07:33:48.400   3509432.0427    779157.8342   5250964.4509   2   7   0.1175   0.0710   0.0639   0.0381   0.0060   0.0709   0.40    2.3
2026/04/23 07:33:48.500   3509432.0355    779157.7219   5250964.4715   2   7   0.1175   0.0710   0.0639   0.0381   0.0060   0.0709  -0.50    2.3
2026/04/23 07:33:48.600   3509432.0272    779157.6132   5250964.4970   2   7   0.1175   0.0709   0.0639   0.0381   0.0060   0.0709  -0.40    2.3
2026/04/23 07:33:48.700   3509432.0138    779157.5092   5250964.5232   2   7   0.1174   0.0709   0.0639   0.0381   0.0061   0.0709  -0.30    2.3
2026/04/23 07:33:48.800   3509432.0034    779157.4064   5250964.5465   2   7   0.1174   0.0709   0.0639   0.0381   0.0061   0.0709  -0.20    2.3
2026/04/23 07:33:48.900   3509432.0009    779157.3019   5250964.5650   2   7   0.1174   0.0709   0.0639   0.0381   0.0061   0.0709  -0.10    2.3
2026/04/23 07:33:49.000   3509431.9945    779157.1924   5250964.5906   2   7   0.1174   0.0709   0.0639   0.0381   0.0061   0.0709   0.00    2.3
2026/04/23 07:33:49.100   3509431.9844    779157.0832   5250964.6153   2   7   0.1174   0.0709   0.0639   0.0381   0.0061   0.0709   0.10    2.3
2026/04/23 07:33:49.200   3509431.9726    779156.9750   5250964.6412   2   7   0.1174   0.0709   0.0639   0.0381   0.0062   0.0709   0.20    2.3
2026/04/23 07:33:49.300   3509431.9629    779156.8671   5250964.6652   2   7   0.1173   0.0708   0.0639   0.0381   0.0062   0.0709   0.30    2.3
2026/04/23 07:33:49.400   3509431.9575    779156.7629   5250964.6879   2   7   0.1173   0.0708   0.0639   0.0381   0.0062   0.0709   0.40    2.3
2026/04/23 07:33:49.500   3509431.9495    779156.6568   5250964.7118   2   7   0.1173   0.0708   0.0638   0.0381   0.0062   0.0709  -0.50    2.3
2026/04/23 07:33:49.600   3509431.9327    779156.5512   5250964.7400   2   7   0.1173   0.0708   0.0638   0.0381   0.0063   0.0708  -0.40    2.3
2026/04/23 07:33:49.700   3509431.9146    779156.4469   5250964.7669   2   7   0.1173   0.0708   0.0638   0.0381   0.0063   0.0708  -0.30    2.3
2026/04/23 07:33:49.800   3509431.8961    779156.3409   5250964.7939   2   7   0.1173   0.0708   0.0638   0.0381   0.0063   0.0708  -0.20    2.3
2026/04/23 07:33:49.900   3509431.8801    779156.2363   5250964.8220   2   7   0.1173   0.0707   0.0638   0.0381   0.0063   0.0708  -0.10    2.3
2026/04/23 07:33:50.000   3509431.8678    779156.1278   5250964.8492   2   7   0.1172   0.0707   0.0638   0.0381   0.0063   0.0708   0.00    2.3
2026/04/23 07:33:50.100   3509431.8580    779156.0209   5250964.8721   2   7   0.1172   0.0707   0.0638   0.0381   0.0063   0.0708   0.10    2.3
2026/04/23 07:33:50.200   3509431.8439    779155.9108   5250964.9022   2   7   0.1172   0.0707   0.0638   0.0381   0.0064   0.0708   0.20    2.3
2026/04/23 07:33:50.300   3509431.8365    779155.8038   5250964.9280   2   7   0.1172   0.0707   0.0638   0.0381   0.0064   0.0708   0.30    2.3
2026/04/23 07:33:50.400   3509431.8306    779155.6958   5250964.9515   2   7   0.1172   0.0707   0.0638   0.0381   0.0064   0.0708   0.40    2.3
2026/04/23 07:33:50.500   3509431.8295    779155.5892   5250964.9706   2   7   0.1172   0.0707   0.0638   0.0381   0.0064   0.0708  -0.50    2.4
2026/04/23 07:33:50.600   3509431.8272    779155.4844   5250964.9922   2   7   0.1171   0.0706   0.0638   0.0381   0.0065   0.0708  -0.40    2.4
2026/04/23 07:33:50.700   3509431.8208    779155.3777   5250965.0126   2   7   0.1171   0.0706   0.0638   0.0381   0.0065   0.0708  -0.30    2.4
2026/04/23 07:33:50.800   3509431.8162    779155.2704   5250965.0286   2   7   0.1171   0.0706   0.0638   0.0381   0.0065   0.0708  -0.20    2.4
2026/04/23 07:33:50.900   3509431.8102    779155.1661   5250965.0479   2   7   0.1171   0.0706   0.0638   0.0381   0.0065   0.0708  -0.10    2.4
2026/04/23 07:33:51.000   3509431.8070    779155.0621   5250965.0674   2   7   0.1171   0.0706   0.0638   0.0381   0.0065   0.0707   0.00    2.4
2026/04/23 07:33:51.100   3509431.8001    779154.9600   5250965.0876   2   7   0.1171   0.0706   0.0638   0.0381   0.0065   0.0707   0.10    2.4
2026/04/23 07:33:51.200   3509431.7943    779154.8536   5250965.1085   2   7   0.1171   0.0706   0.0637   0.0381   0.0066   0.0707   0.20    2.4
2026/04/23 07:33:51.300   3509431.7872    779154.7476   5250965.1306   2   7   0.1170   0.0705   0.0637   0.0381   0.0066   0.0707   0.30    2.4
2026/04/23 07:33:51.400   3509431.7843    779154.6400   5250965.1525   2   7   0.1170   0.0705   0.0637   0.0381   0.0066   0.0707   0.40    2.4
2026/04/23 07:33:51.500   3509431.7797    779154.5379   5250965.1752   2   7   0.1170   0.0705   0.0637   0.0381   0.0066   0.0707  -0.50    2.4
2026/04/23 07:33:51.600   3509431.7706    779154.4352   5250965.2017   2   7   0.1170   0.0705   0.0637   0.0381   0.0066   0.0707  -0.40    2.4
2026/04/23 07:33:51.700   3509431.7659    779154.3335   5250965.2231   2   7   0.1170   0.0705   0.0637   0.0381   0.0067   0.0707  -0.30    2.4
2026/04/23 07:33:51.800   3509431.7609    779154.2341   5250965.2449   2   7   0.1170   0.0705   0.0637   0.0381   0.0067   0.0707  -0.20    2.4
2026/04/23 07:33:51.900   3509431.7477    779154.1341   5250965.2690   2   7   0.1169   0.0705   0.0637   0.0381   0.0067   0.0707  -0.10    2.3
2026/04/23 07:33:52.000   3509431.7406    779154.0348   5250965.2907   2   7   0.1169   0.0704   0.0637   0.0381   0.0067   0.0707   0.00    2.3
2026/04/23 07:33:52.100   3509431.7357    779153.9349   5250965.3116   2   7   0.1169   0.0704   0.0637   0.0381   0.0067   0.0707   0.10    2.3
2026/04/23 07:33:52.200   3509431.7324    779153.8372   5250965.3355   2   7   0.1169   0.0704   0.0637   0.0381   0.0067   0.0707   0.20    2.3
2026/04/23 07:33:52.300   3509431.7312    779153.7336   5250965.3559   2   7   0.1169   0.0704   0.0637   0.0382   0.0068   0.0706   0.30    2.3
2026/04/23 07:33:52.400   3509431.7261    779153.6290   5250965.3767   2   7   0.1169   0.0704   0.0637   0.0382   0.0068   0.0706   0.40    2.3
2026/04/23 07:33:52.500   3509431.7210    779153.5281   5250965.3982   2   7   0.1169   0.0704   0.0637   0.0382   0.0068   0.0706  -0.50    2.3
2026/04/23 07:33:52.600   3509431.7199    779153.4258   5250965.4189   2   7   0.1168   0.0704   0.0637   0.0382   0.0068   0.0706  -0.40    2.3
2026/04/23 07:33:52.700   3509431.7177    779153.3172   5250965.4380   2   7   0.1168   0.0703   0.0637   0.0382   0.0068   0.0706  -0.30    2.3
2026/04/23 07:33:52.800   3509431.7156    779153.2046   5250965.4604   2   7   0.1168   0.0703   0.0637   0.0382   0.0069   0.0706  -0.20    2.3
2026/04/23 07:33:52.900   3509431.7160    779153.0964   5250965.4801   2   7   0.1168   0.0703   0.0637   0.0382   0.0069   0.0706  -0.10    2.3
2026/04/23 07:33:53.000   3509431.7180    779152.9884   5250965.5022   2   7   0.1168   0.0703   0.0637   0.0382   0.0069   0.0706   0.00    2.3
2026/04/23 07:33:53.100   3509431.7200    779152.8788   5250965.5225   2   7   0.1168   0.0703   0.0636   0.0382   0.0069   0.0706   0.10    2.3
2026/04/23 07:33:53.200   3509431.7243    779152.7715   5250965.5399   2   7   0.1167   0.0703   0.0636   0.0382   0.0069   0.0706   0.20    2.3
2026/04/23 07:33:53.300   3509431.7286    779152.6693   5250965.5553   2   7   0.1167   0.0703   0.0636   0.0382   0.0069   0.0706   0.30    2.3
2026/04/23 07:33:53.400   3509431.7314    779152.5666   5250965.5709   2   7   0.1167   0.0702   0.0636   0.0382   0.0070   0.0706   0.40    2.3
2026/04/23 07:33:53.500   3509431.7314    779152.4685   5250965.5879   2   7   0.1167   0.0702   0.0636   0.0382   0.0070   0.0706  -0.50    2.3
2026/04/23 07:33:53.600   3509431.7334    779152.3738   5250965.6044   2   7   0.1167   0.0702   0.0636   0.0382   0.0070   0.0705  -0.40    2.3
2026/04/23 07:33:53.700   3509431.7345    779152.2740   5250965.6233   2   7   0.1167   0.0702   0.0636   0.0382   0.0070   0.0705  -0.30    2.3
2026/04/23 07:33:53.800   3509431.7322    779152.1750   5250965.6374   2   7   0.1166   0.0702   0.0636   0.0382   0.0070   0.0705  -0.20    2.3
2026/04/23 07:33:53.900   3509431.7307    779152.0699   5250965.6572   2   7   0.1166   0.0702   0.0636   0.0382   0.0071   0.0705  -0.10    2.3
2026/04/23 07:33:54.000   3509431.7338    779151.9595   5250965.6744   2   7   0.1166   0.0702   0.0636   0.0382   0.0071   0.0705   0.00    2.3
2026/04/23 07:33:54.100   3509431.7340    779151.8519   5250965.6917   2   7   0.1166   0.0701   0.0636   0.0382   0.0071   0.0705   0.10    2.3
2026/04/23 07:33:54.200   3509431.7290    779151.7494   5250965.7113   2   7   0.1166   0.0701   0.0636   0.0382   0.0071   0.0705   0.20    2.3
2026/04/23 07:33:54.300   3509431.7266    779151.6439   5250965.7306   2   7   0.1166   0.0701   0.0636   0.0382   0.0071   0.0705   0.30    2.3
2026/04/23 07:33:54.400   3509431.7256    779151.5403   5250965.7507   2   7   0.1165   0.0701   0.0636   0.0382   0.0071   0.0705   0.40    2.3
2026/04/23 07:33:54.500   3509431.7220    779151.4386   5250965.7720   2   7   0.1165   0.0701   0.0636   0.0382   0.0072   0.0705  -0.50    2.3
2026/04/23 07:33:54.600   3509431.7208    779151.3351   5250965.7917   2   7   0.1165   0.0701   0.0636   0.0382   0.0072   0.0705  -0.40    2.3
2026/04/23 07:33:54.700   3509431.7175    779151.2312   5250965.8102   2   7   0.1165   0.0701   0.0636   0.0382   0.0072   0.0704  -0.30    2.3
2026/04/23 07:33:54.800   3509431.7103    779151.1252   5250965.8315   2   8   0.1164   0.0700   0.0635   0.0382   0.0072   0.0704  -0.20    1.0
2026/04/23 07:33:54.900   3509431.7058    779151.0170   5250965.8539   2   8   0.1164   0.0700   0.0635   0.0382   0.0072   0.0704  -0.10    1.0
2026/04/23 07:33:55.000   3509431.7020    779150.9106   5250965.8763   2   8   0.1164   0.0700   0.0635   0.0382   0.0073   0.0704   0.00    1.0
2026/04/23 07:33:55.100   3509431.6940    779150.8092   5250965.8996   2   8   0.1164   0.0700   0.0635   0.0382   0.0073   0.0704   0.10    1.1
2026/04/23 07:33:55.200   3509431.6859    779150.7109   5250965.9194   2   8   0.1163   0.0700   0.0635   0.0382   0.0073   0.0704   0.20    1.1
2026/04/23 07:33:55.300   3509431.6802    779150.6122   5250965.9405   2   8   0.1163   0.0700   0.0635   0.0382   0.0073   0.0704   0.30    1.1
2026/04/23 07:33:55.400   3509431.6726    779150.5110   5250965.9602   2   8   0.1162   0.0699   0.0635   0.0383   0.0073   0.0704   0.40    1.1
2026/04/23 07:33:55.500   3509431.6677    779150.4074   5250965.9799   2   8   0.1162   0.0699   0.0635   0.0383   0.0073   0.0704  -0.50    1.1
2026/04/23 07:33:55.600   3509431.6697    779150.3056   5250965.9985   2   8   0.1161   0.0699   0.0635   0.0383   0.0073   0.0704  -0.40    1.2
2026/04/23 07:33:55.700   3509431.6667    779150.2060   5250966.0187   2   8   0.1161   0.0699   0.0635   0.0383   0.0073   0.0704  -0.30    1.2
2026/04/23 07:33:55.800   3509431.6639    779150.1107   5250966.0362   2   8   0.1160   0.0699   0.0635   0.0383   0.0073   0.0703  -0.20    1.2
2026/04/23 07:33:55.900   3509431.6574    779150.0140   5250966.0556   2   8   0.1160   0.0699   0.0635   0.0383   0.0074   0.0703  -0.10    1.2
2026/04/23 07:33:56.000   3509431.6581    779149.9097   5250966.0722   2   8   0.1159   0.0699   0.0634   0.0383   0.0074   0.0703   0.00    1.2
2026/04/23 07:33:56.100   3509431.6559    779149.8018   5250966.0870   2   8   0.1159   0.0698   0.0634   0.0383   0.0074   0.0703   0.10    1.2
2026/04/23 07:33:56.200   3509431.6583    779149.6887   5250966.1094   2   8   0.1158   0.0698   0.0634   0.0383   0.0074   0.0703   0.20    1.3
2026/04/23 07:33:56.300   3509431.6535    779149.5757   5250966.1283   2   8   0.1158   0.0698   0.0634   0.0383   0.0074   0.0702   0.30    1.3
2026/04/23 07:33:56.400   3509431.6550    779149.4651   5250966.1503   2   8   0.1158   0.0698   0.0634   0.0383   0.0075   0.0702   0.40    1.3
2026/04/23 07:33:56.500   3509431.6620    779149.3565   5250966.1679   2   8   0.1157   0.0698   0.0634   0.0383   0.0075   0.0702  -0.50    1.3
2026/04/23 07:33:56.600   3509431.6639    779149.2535   5250966.1831   2   8   0.1157   0.0698   0.0634   0.0383   0.0075   0.0702  -0.40    1.3
2026/04/23 07:33:56.700   3509431.6714    779149.1513   5250966.1988   2   8   0.1157   0.0698   0.0634   0.0383   0.0075   0.0702  -0.30    1.3
2026/04/23 07:33:56.800   3509431.6745    779149.0467   5250966.2111   2   8   0.1156   0.0697   0.0634   0.0383   0.0075   0.0701  -0.20    1.4
2026/04/23 07:33:56.900   3509431.6827    779148.9401   5250966.2258   2   8   0.1156   0.0697   0.0633   0.0383   0.0075   0.0701  -0.10    1.4
2026/04/23 07:33:57.000   3509431.6892    779148.8399   5250966.2401   2   8   0.1156   0.0697   0.0633   0.0383   0.0075   0.0701   0.00    1.4
2026/04/23 07:33:57.100   3509431.6967    779148.7302   5250966.2528   2   8   0.1155   0.0697   0.0633   0.0383   0.0075   0.0701   0.10    1.4
2026/04/23 07:33:57.200   3509431.7000    779148.6211   5250966.2675   2   8   0.1155   0.0697   0.0633   0.0383   0.0076   0.0701   0.20    1.4
2026/04/23 07:33:57.300   3509431.6996    779148.5178   5250966.2843   2   8   0.1155   0.0697   0.0633   0.0383   0.0076   0.0700   0.30    1.5
2026/04/23 07:33:57.400   3509431.6957    779148.4126   5250966.3040   2   8   0.1154   0.0697   0.0633   0.0383   0.0076   0.0700   0.40    1.5
2026/04/23 07:33:57.500   3509431.6937    779148.3090   5250966.3207   2   8   0.1155   0.0696   0.0633   0.0383   0.0076   0.0700  -0.50    1.0
2026/04/23 07:33:57.600   3509431.6872    779148.2072   5250966.3419   2   8   0.1156   0.0696   0.0632   0.0383   0.0076   0.0700  -0.40    1.1
2026/04/23 07:33:57.700   3509431.6814    779148.1018   5250966.3637   2   8   0.1156   0.0696   0.0632   0.0382   0.0076   0.0700  -0.30    1.1
2026/04/23 07:33:57.800   3509431.6734    779147.9992   5250966.3842   2   8   0.1156   0.0696   0.0632   0.0382   0.0076   0.0700  -0.20    1.1
2026/04/23 07:33:57.900   3509431.6636    779147.9024   5250966.4035   2   8   0.1156   0.0696   0.0632   0.0383   0.0076   0.0700  -0.10    1.2
2026/04/23 07:33:58.000   3509431.6535    779147.7997   5250966.4251   2   8   0.1156   0.0696   0.0632   0.0383   0.0076   0.0700   0.00    1.2
2026/04/23 07:33:58.100   3509431.6486    779147.6962   5250966.4423   2   8   0.1155   0.0696   0.0632   0.0383   0.0076   0.0700   0.10    1.2
2026/04/23 07:33:58.200   3509431.6451    779147.5925   5250966.4569   2   8   0.1155   0.0695   0.0632   0.0383   0.0077   0.0700   0.20    1.3
2026/04/23 07:33:58.300   3509431.6448    779147.4922   5250966.4738   2   8   0.1154   0.0695   0.0632   0.0383   0.0077   0.0700   0.30    1.3
2026/04/23 07:33:58.400   3509431.6428    779147.3890   5250966.4929   2   8   0.1154   0.0695   0.0632   0.0384   0.0077   0.0700   0.40    1.3
2026/04/23 07:33:58.500   3509431.6461    779147.2833   5250966.5047   2   8   0.1153   0.0695   0.0632   0.0384   0.0078   0.0700  -0.50    1.3
2026/04/23 07:33:58.600   3509431.6522    779147.1842   5250966.5161   2   8   0.1153   0.0695   0.0632   0.0384   0.0078   0.0700  -0.40    1.4
2026/04/23 07:33:58.700   3509431.6526    779147.0829   5250966.5275   2   8   0.1153   0.0695   0.0632   0.0384   0.0078   0.0699  -0.30    1.4
2026/04/23 07:33:58.800   3509431.6488    779146.9802   5250966.5419   2   8   0.1152   0.0695   0.0632   0.0384   0.0079   0.0699  -0.20    1.4
2026/04/23 07:33:58.900   3509431.6526    779146.8743   5250966.5576   2   8   0.1152   0.0694   0.0632   0.0384   0.0079   0.0699  -0.10    1.4
2026/04/23 07:33:59.000   3509431.6597    779146.7665   5250966.5684   2   8   0.1152   0.0694   0.0633   0.0384   0.0078   0.0698   0.00    1.0
2026/04/23 07:33:59.100   3509431.6628    779146.6652   5250966.5856   2   8   0.1152   0.0694   0.0634   0.0384   0.0078   0.0697   0.10    1.1
2026/04/23 07:33:59.200   3509431.6637    779146.5627   5250966.6018   2   8   0.1151   0.0694   0.0635   0.0384   0.0078   0.0697   0.20    1.0
2026/04/23 07:33:59.300   3509431.6682    779146.4623   5250966.6207   2   8   0.1151   0.0694   0.0635   0.0384   0.0079   0.0696   0.30    1.0
2026/04/23 07:33:59.400   3509431.6673    779146.3621   5250966.6389   2   8   0.1151   0.0694   0.0635   0.0384   0.0079   0.0696   0.40    1.1
2026/04/23 07:33:59.500   3509431.6664    779146.2609   5250966.6613   2   8   0.1150   0.0694   0.0635   0.0384   0.0079   0.0696  -0.50    1.1
2026/04/23 07:33:59.600   3509431.6647    779146.1581   5250966.6825   2   8   0.1150   0.0693   0.0634   0.0384   0.0080   0.0696  -0.40    1.1
2026/04/23 07:33:59.700   3509431.6661    779146.0472   5250966.6987   2   8   0.1150   0.0693   0.0634   0.0384   0.0080   0.0696  -0.30    1.2
2026/04/23 07:33:59.800   3509431.6643    779145.9350   5250966.7238   2   8   0.1149   0.0693   0.0633   0.0384   0.0081   0.0696  -0.20    1.2
2026/04/23 07:33:59.900   3509431.6600    779145.8231   5250966.7464   2   8   0.1149   0.0693   0.0633   0.0384   0.0081   0.0696  -0.10    1.2
2026/04/23 07:34:00.000   3509431.6584    779145.7068   5250966.7704   2   8   0.1149   0.0693   0.0633   0.0384   0.0081   0.0696   0.00    1.3
2026/04/23 07:34:00.100   3509431.6575    779145.5931   5250966.7921   2   8   0.1148   0.0693   0.0632   0.0384   0.0081   0.0696   0.10    1.3
2026/04/23 07:34:00.200   3509431.6534    779145.4786   5250966.8121   2   8   0.1148   0.0693   0.0632   0.0384   0.0081   0.0696   0.20    1.3
2026/04/23 07:34:00.300   3509431.6503    779145.3729   5250966.8328   2   8   0.1148   0.0692   0.0631   0.0384   0.0081   0.0696   0.30    1.3
2026/04/23 07:34:00.400   3509431.6448    779145.2705   5250966.8523   2   8   0.1147   0.0692   0.0631   0.0384   0.0081   0.0696   0.40    1.3
2026/04/23 07:34:00.500   3509431.6427    779145.1701   5250966.8680   2   8   0.1147   0.0692   0.0631   0.0384   0.0081   0.0696  -0.50    1.3
2026/04/23 07:34:00.600   3509431.6389    779145.0756   5250966.8865   2   8   0.1147   0.0692   0.0631   0.0384   0.0081   0.0695  -0.40    1.3
2026/04/23 07:34:00.700   3509431.6328    779144.9790   5250966.9059   2   8   0.1147   0.0692   0.0631   0.0384   0.0081   0.0695  -0.30    1.3
2026/04/23 07:34:00.800   3509431.6231    779144.8789   5250966.9259   2   8   0.1146   0.0692   0.0630   0.0384   0.0081   0.0695  -0.20    1.3
2026/04/23 07:34:00.900   3509431.6142    779144.7755   5250966.9470   2   8   0.1146   0.0692   0.0630   0.0384   0.0082   0.0695  -0.10    1.3
2026/04/23 07:34:01.000   3509431.6112    779144.6752   5250966.9676   2   8   0.1146   0.0691   0.0630   0.0384   0.0082   0.0695   0.00    1.3
2026/04/23 07:34:01.100   3509431.6051    779144.5729   5250966.9858   2   8   0.1146   0.0691   0.0630   0.0384   0.0082   0.0695   0.10    1.3
2026/04/23 07:34:01.200   3509431.5965    779144.4694   5250967.0055   2   8   0.1145   0.0691   0.0630   0.0384   0.0082   0.0695   0.20    1.3
2026/04/23 07:34:01.300   3509431.5895    779144.3684   5250967.0269   2   8   0.1145   0.0691   0.0630   0.0384   0.0082   0.0694   0.30    1.3
2026/04/23 07:34:01.400   3509431.5833    779144.2650   5250967.0463   2   8   0.1145   0.0691   0.0629   0.0384   0.0082   0.0694   0.40    1.3
2026/04/23 07:34:01.500   3509431.5731    779144.1621   5250967.0685   2   8   0.1145   0.0691   0.0629   0.0384   0.0082   0.0694  -0.50    1.3
2026/04/23 07:34:01.600   3509431.5642    779144.0554   5250967.0920   2   8   0.1144   0.0691   0.0629   0.0384   0.0082   0.0694  -0.40    1.3
2026/04/23 07:34:01.700   3509431.5545    779143.9498   5250967.1125   2   8   0.1144   0.0691   0.0629   0.0384   0.0082   0.0694  -0.30    1.3
2026/04/23 07:34:01.800   3509431.5419    779143.8457   5250967.1306   2   8   0.1144   0.0690   0.0629   0.0384   0.0083   0.0694  -0.20    1.3
2026/04/23 07:34:01.900   3509431.5348    779143.7423   5250967.1487   2   8   0.1144   0.0690   0.0629   0.0384   0.0083   0.0694  -0.10    1.3
2026/04/23 07:34:02.000   3509431.5232    779143.6397   5250967.1687   2   8   0.1144   0.0690   0.0629   0.0384   0.0083   0.0694   0.00    1.3
2026/04/23 07:34:02.100   3509431.5123    779143.5413   5250967.1895   2   8   0.1143   0.0690   0.0629   0.0384   0.0083   0.0694   0.10    1.3
2026/04/23 07:34:02.200   3509431.5011    779143.4374   5250967.2089   2   8   0.1143   0.0690   0.0629   0.0384   0.0083   0.0694   0.20    1.3
2026/04/23 07:34:02.300   3509431.4915    779143.3347   5250967.2303   2   8   0.1143   0.0690   0.0628   0.0384   0.0083   0.0693   0.30    1.2
2026/04/23 07:34:02.400   3509431.4825    779143.2299   5250967.2492   2   8   0.1143   0.0690   0.0628   0.0384   0.0084   0.0693   0.40    1.2
2026/04/23 07:34:02.500   3509431.4749    779143.1259   5250967.2661   2   8   0.1142   0.0689   0.0628   0.0384   0.0084   0.0693  -0.50    1.2
2026/04/23 07:34:02.600   3509431.4660    779143.0214   5250967.2884   2   8   0.1142   0.0689   0.0628   0.0384   0.0084   0.0693  -0.40    1.2
2026/04/23 07:34:02.700   3509431.4589    779142.9170   5250967.3082   2   8   0.1142   0.0689   0.0628   0.0384   0.0084   0.0693  -0.30    1.2
2026/04/23 07:34:02.800   3509431.4570    779142.8129   5250967.3243   2   8   0.1142   0.0689   0.0628   0.0384   0.0084   0.0693  -0.20    1.2
2026/04/23 07:34:02.900   3509431.4521    779142.7111   5250967.3470   2   8   0.1142   0.0689   0.0628   0.0384   0.0084   0.0693  -0.10    1.2
2026/04/23 07:34:03.000   3509431.4478    779142.6051   5250967.3648   2   8   0.1141   0.0689   0.0628   0.0384   0.0085   0.0693   0.00    1.2
2026/04/23 07:34:03.100   3509431.4404    779142.5000   5250967.3881   2   8   0.1141   0.0689   0.0628   0.0384   0.0085   0.0693   0.10    1.2
2026/04/23 07:34:03.200   3509431.4339    779142.3890   5250967.4091   2   8   0.1141   0.0688   0.0628   0.0384   0.0085   0.0693   0.20    1.2
2026/04/23 07:34:03.300   3509431.4305    779142.2824   5250967.4272   2   8   0.1141   0.0688   0.0628   0.0384   0.0085   0.0693   0.30    1.2
2026/04/23 07:34:03.400   3509431.4295    779142.1749   5250967.4452   2   8   0.1140   0.0688   0.0628   0.0384   0.0085   0.0692   0.40    1.2
2026/04/23 07:34:03.500   3509431.4245    779142.0748   5250967.4627   2   8   0.1140   0.0688   0.0628   0.0384   0.0085   0.0692  -0.50    1.2
2026/04/23 07:34:03.600   3509431.4193    779141.9742   5250967.4839   2   8   0.1140   0.0688   0.0628   0.0384   0.0086   0.0692  -0.40    1.2
2026/04/23 07:34:03.700   3509431.4129    779141.8706   5250967.5007   2   8   0.1140   0.0688   0.0628   0.0385   0.0086   0.0692  -0.30    1.2
2026/04/23 07:34:03.800   3509431.4106    779141.7695   5250967.5186   2   8   0.1139   0.0688   0.0628   0.0385   0.0086   0.0692  -0.20    1.2
2026/04/23 07:34:03.900   3509431.4052    779141.6702   5250967.5361   2   8   0.1139   0.0687   0.0628   0.0385   0.0086   0.0692  -0.10    1.2
2026/04/23 07:34:04.000   3509431.4021    779141.5633   5250967.5554   2   8   0.1139   0.0687   0.0627   0.0385   0.0086   0.0692   0.00    1.2
2026/04/23 07:34:04.100   3509431.3948    779141.4601   5250967.5759   2   8   0.1139   0.0687   0.0627   0.0385   0.0086   0.0692   0.10    1.2
2026/04/23 07:34:04.200   3509431.3967    779141.3600   5250967.5913   2   8   0.1139   0.0687   0.0627   0.0385   0.0086   0.0692   0.20    1.2
2026/04/23 07:34:04.300   3509431.3974    779141.2557   5250967.6088   2   8   0.1138   0.0687   0.0627   0.0385   0.0087   0.0692   0.30    1.2
2026/04/23 07:34:04.400   3509431.3948    779141.1509   5250967.6268   2   8   0.1138   0.0687   0.0627   0.0385   0.0087   0.0691   0.40    1.2
2026/04/23 07:34:04.500   3509431.3913    779141.0449   5250967.6440   2   8   0.1138   0.0687   0.0627   0.0385   0.0087   0.0691  -0.50    1.2
2026/04/23 07:34:04.600   3509431.3896    779140.9299   5250967.6616   2   8   0.1138   0.0687   0.0627   0.0385   0.0087   0.0691  -0.40    1.2
2026/04/23 07:34:04.700   3509431.3992    779140.8237   5250967.6711   2   8   0.1137   0.0686   0.0627   0.0385   0.0087   0.0691  -0.30    1.2
2026/04/23 07:34:04.800   3509431.4033    779140.7224   5250967.6826   2   8   0.1137   0.0686   0.0627   0.0385   0.0087   0.0691  -0.20    1.2
2026/04/23 07:34:04.900   3509431.4064    779140.6195   5250967.6943   2   8   0.1137   0.0686   0.0627   0.0385   0.0088   0.0691  -0.10    1.2
2026/04/23 07:34:05.000   3509431.4079    779140.5197   5250967.7096   2   8   0.1137   0.0686   0.0627   0.0385   0.0088   0.0691   0.00    1.2
2026/04/23 07:34:05.100   3509431.4138    779140.4137   5250967.7240   2   8   0.1137   0.0686   0.0627   0.0385   0.0088   0.0691   0.10    1.2
2026/04/23 07:34:05.200   3509431.4187    779140.3074   5250967.7371   2   8   0.1136   0.0686   0.0627   0.0385   0.0088   0.0691   0.20    1.2
2026/04/23 07:34:05.300   3509431.4208    779140.2024   5250967.7541   2   8   0.1136   0.0686   0.0627   0.0385   0.0088   0.0690   0.30    1.2
2026/04/23 07:34:05.400   3509431.4168    779140.0966   5250967.7739   2   8   0.1136   0.0685   0.0627   0.0385   0.0088   0.0690   0.40    1.2
2026/04/23 07:34:05.500   3509431.4156    779139.9846   5250967.7936   2   8   0.1137   0.0685   0.0627   0.0384   0.0088   0.0690  -0.50    1.1
2026/04/23 07:34:05.600   3509431.4127    779139.8726   5250967.8141   2   8   0.1138   0.0685   0.0627   0.0384   0.0089   0.0690  -0.40    1.1
2026/04/23 07:34:05.700   3509431.4104    779139.7615   5250967.8332   2   8   0.1138   0.0685   0.0627   0.0384   0.0089   0.0690  -0.30    1.1
2026/04/23 07:34:05.800   3509431.4050    779139.6522   5250967.8541   2   8   0.1139   0.0685   0.0627   0.0384   0.0088   0.0691  -0.20    1.1
2026/04/23 07:34:05.900   3509431.3978    779139.5493   5250967.8723   2   8   0.1139   0.0685   0.0627   0.0384   0.0089   0.0691  -0.10    1.1
2026/04/23 07:34:06.000   3509431.3884    779139.4511   5250967.8952   2   8   0.1139   0.0685   0.0627   0.0384   0.0089   0.0691   0.00    1.2
2026/04/23 07:34:06.100   3509431.3814    779139.3493   5250967.9182   2   8   0.1138   0.0685   0.0627   0.0384   0.0089   0.0691   0.10    1.2
2026/04/23 07:34:06.200   3509431.3738    779139.2563   5250967.9367   2   8   0.1138   0.0684   0.0627   0.0385   0.0089   0.0691   0.20    1.2
2026/04/23 07:34:06.300   3509431.3666    779139.1599   5250967.9577   2   8   0.1137   0.0684   0.0627   0.0385   0.0090   0.0691   0.30    1.3
2026/04/23 07:34:06.400   3509431.3575    779139.0597   5250967.9759   2   8   0.1137   0.0684   0.0627   0.0385   0.0090   0.0691   0.40    1.3
2026/04/23 07:34:06.500   3509431.3409    779138.9569   5250967.9988   2   8   0.1136   0.0684   0.0627   0.0385   0.0090   0.0691  -0.50    1.3
2026/04/23 07:34:06.600   3509431.3242    779138.8530   5250968.0197   2   8   0.1136   0.0684   0.0627   0.0385   0.0091   0.0691  -0.40    1.3
2026/04/23 07:34:06.700   3509431.3083    779138.7476   5250968.0435   2   8   0.1136   0.0684   0.0627   0.0385   0.0091   0.0691  -0.30    1.4
2026/04/23 07:34:06.800   3509431.2921    779138.6411   5250968.0681   2   8   0.1135   0.0684   0.0627   0.0385   0.0091   0.0691  -0.20    1.4
2026/04/23 07:34:06.900   3509431.2748    779138.5314   5250968.0900   2   8   0.1135   0.0683   0.0627   0.0385   0.0092   0.0691  -0.10    1.4
2026/04/23 07:34:07.000   3509431.2628    779138.4264   5250968.1120   2   8   0.1134   0.0683   0.0627   0.0385   0.0092   0.0691   0.00    1.4
2026/04/23 07:34:07.100   3509431.2536    779138.3244   5250968.1335   2   8   0.1134   0.0683   0.0627   0.0386   0.0092   0.0690   0.10    1.5
2026/04/23 07:34:07.200   3509431.2429    779138.2172   5250968.1547   2   9   0.1134   0.0683   0.0627   0.0386   0.0092   0.0690   0.20    1.2
2026/04/23 07:34:07.300   3509431.2304    779138.1125   5250968.1776   2   9   0.1133   0.0683   0.0627   0.0386   0.0092   0.0690   0.30    1.3
2026/04/23 07:34:07.400   3509431.2184    779138.0093   5250968.2008   2   9   0.1133   0.0683   0.0627   0.0386   0.0092   0.0690   0.40    1.4
2026/04/23 07:34:07.500   3509431.2082    779137.9053   5250968.2247   2   9   0.1132   0.0683   0.0626   0.0386   0.0093   0.0690  -0.50    1.5
2026/04/23 07:34:07.600   3509431.1935    779137.7986   5250968.2493   2   9   0.1132   0.0682   0.0626   0.0386   0.0093   0.0689  -0.40    1.7
2026/04/23 07:34:07.700   3509431.1801    779137.6911   5250968.2697   2   9   0.1132   0.0682   0.0626   0.0386   0.0093   0.0689  -0.30    1.8
2026/04/23 07:34:07.800   3509431.1606    779137.5916   5250968.2943   2   9   0.1131   0.0682   0.0626   0.0386   0.0093   0.0689  -0.20    1.8
2026/04/23 07:34:07.900   3509431.1412    779137.4869   5250968.3204   2   8   0.1132   0.0682   0.0626   0.0386   0.0093   0.0689  -0.10    1.9
2026/04/23 07:34:08.000   3509431.1316    779137.3873   5250968.3394   2   8   0.1132   0.0682   0.0626   0.0386   0.0093   0.0689   0.00    2.0
2026/04/23 07:34:08.100   3509431.1173    779137.2863   5250968.3624   2   8   0.1132   0.0682   0.0626   0.0386   0.0093   0.0688   0.10    2.1
2026/04/23 07:34:08.200   3509431.1065    779137.1818   5250968.3822   2   8   0.1132   0.0681   0.0626   0.0386   0.0093   0.0688   0.20    2.1
2026/04/23 07:34:08.300   3509431.0994    779137.0799   5250968.4022   2   8   0.1132   0.0681   0.0626   0.0386   0.0094   0.0688   0.30    2.1
2026/04/23 07:34:08.400   3509431.0883    779136.9716   5250968.4216   2   8   0.1132   0.0681   0.0626   0.0386   0.0094   0.0688   0.40    2.0
2026/04/23 07:34:08.500   3509431.0794    779136.8645   5250968.4406   2   8   0.1132   0.0681   0.0626   0.0386   0.0094   0.0688  -0.50    2.0
2026/04/23 07:34:08.600   3509431.0730    779136.7555   5250968.4589   2   8   0.1131   0.0681   0.0626   0.0386   0.0094   0.0688  -0.40    2.0
2026/04/23 07:34:08.700   3509431.0689    779136.6455   5250968.4766   2   8   0.1131   0.0681   0.0626   0.0387   0.0095   0.0688  -0.30    2.0
2026/04/23 07:34:08.800   3509431.0643    779136.5388   5250968.4947   2   8   0.1131   0.0681   0.0626   0.0387   0.0095   0.0688  -0.20    2.0
2026/04/23 07:34:08.900   3509431.0601    779136.4279   5250968.5127   2   8   0.1131   0.0680   0.0626   0.0387   0.0095   0.0688  -0.10    2.0
2026/04/23 07:34:09.000   3509431.0539    779136.3168   5250968.5302   2   8   0.1130   0.0680   0.0626   0.0387   0.0096   0.0688   0.00    2.0
2026/04/23 07:34:09.100   3509431.0477    779136.2092   5250968.5489   2   8   0.1130   0.0680   0.0626   0.0387   0.0096   0.0688   0.10    2.0
2026/04/23 07:34:09.200   3509431.0434    779136.0998   5250968.5639   2   8   0.1130   0.0680   0.0625   0.0387   0.0096   0.0688   0.20    2.0
2026/04/23 07:34:09.300   3509431.0362    779135.9880   5250968.5836   2   8   0.1130   0.0680   0.0625   0.0387   0.0096   0.0687   0.30    2.0
2026/04/23 07:34:09.400   3509431.0301    779135.8829   5250968.6035   2   8   0.1129   0.0680   0.0625   0.0387   0.0096   0.0687   0.40    2.0
2026/04/23 07:34:09.500   3509431.0223    779135.7799   5250968.6197   2   8   0.1129   0.0680   0.0625   0.0387   0.0097   0.0687  -0.50    2.0
2026/04/23 07:34:09.600   3509431.0110    779135.6793   5250968.6392   2   8   0.1129   0.0680   0.0625   0.0387   0.0097   0.0687  -0.40    2.0
2026/04/23 07:34:09.700   3509431.0024    779135.5776   5250968.6600   2   8   0.1129   0.0679   0.0625   0.0387   0.0097   0.0687  -0.30    2.0
2026/04/23 07:34:09.800   3509430.9926    779135.4705   5250968.6764   2   8   0.1128   0.0679   0.0625   0.0387   0.0097   0.0687  -0.20    2.0
2026/04/23 07:34:09.900   3509430.9897    779135.3629   5250968.6942   2   8   0.1128   0.0679   0.0625   0.0387   0.0097   0.0687  -0.10    1.9
2026/04/23 07:34:10.000   3509430.9800    779135.2543   5250968.7135   2   8   0.1128   0.0679   0.0625   0.0387   0.0097   0.0686   0.00    1.9
2026/04/23 07:34:10.100   3509430.9688    779135.1531   5250968.7335   2   8   0.1128   0.0679   0.0625   0.0387   0.0097   0.0686   0.10    1.9
2026/04/23 07:34:10.200   3509430.9573    779135.0569   5250968.7530   2   8   0.1128   0.0679   0.0625   0.0387   0.0098   0.0686   0.20    1.9
2026/04/23 07:34:10.300   3509430.9461    779134.9545   5250968.7698   2   8   0.1127   0.0679   0.0625   0.0387   0.0098   0.0686   0.30    1.9
2026/04/23 07:34:10.400   3509430.9392    779134.8564   5250968.7845   2   8   0.1127   0.0678   0.0625   0.0387   0.0098   0.0686   0.40    1.9
2026/04/23 07:34:10.500   3509430.9309    779134.7560   5250968.8025   2   8   0.1127   0.0678   0.0625   0.0387   0.0098   0.0686  -0.50    1.9
2026/04/23 07:34:10.600   3509430.9224    779134.6532   5250968.8194   2   8   0.1127   0.0678   0.0625   0.0387   0.0098   0.0686  -0.40    1.9
2026/04/23 07:34:10.700   3509430.9125    779134.5486   5250968.8412   2   8   0.1127   0.0678   0.0625   0.0387   0.0098   0.0686  -0.30    1.9
2026/04/23 07:34:10.800   3509430.9014    779134.4444   5250968.8627   2   8   0.1126   0.0678   0.0624   0.0387   0.0099   0.0686  -0.20    1.9
2026/04/23 07:34:10.900   3509430.8942    779134.3391   5250968.8815   2   8   0.1126   0.0678   0.0624   0.0387   0.0099   0.0685  -0.10    1.9
2026/04/23 07:34:11.000   3509430.8880    779134.2361   5250968.8979   2   8   0.1126   0.0678   0.0624   0.0387   0.0099   0.0685   0.00    1.9
2026/04/23 07:34:11.100   3509430.8789    779134.1295   5250968.9154   2   8   0.1126   0.0677   0.0624   0.0387   0.0099   0.0685   0.10    1.9
2026/04/23 07:34:11.200   3509430.8723    779134.0246   5250968.9313   2   8   0.1125   0.0677   0.0624   0.0387   0.0099   0.0685   0.20    1.9
2026/04/23 07:34:11.300   3509430.8692    779133.9345   5250968.9451   2   8   0.1125   0.0677   0.0624   0.0387   0.0099   0.0685   0.30    1.9
2026/04/23 07:34:11.400   3509430.8674    779133.8462   5250968.9584   2   8   0.1125   0.0677   0.0624   0.0387   0.0100   0.0685   0.40    1.9
2026/04/23 07:34:11.500   3509430.8756    779133.7652   5250968.9632   2   8   0.1125   0.0677   0.0624   0.0387   0.0100   0.0685  -0.50    1.9
2026/04/23 07:34:11.600   3509430.8902    779133.6813   5250968.9641   2   8   0.1125   0.0677   0.0624   0.0387   0.0100   0.0685  -0.40    1.8
2026/04/23 07:34:11.700   3509430.9006    779133.5971   5250968.9680   2   8   0.1125   0.0677   0.0624   0.0387   0.0100   0.0685  -0.30    1.8
2026/04/23 07:34:11.800   3509430.9215    779133.5133   5250968.9667   2   8   0.1124   0.0677   0.0624   0.0388   0.0100   0.0685  -0.20    1.8
2026/04/23 07:34:11.900   3509430.9512    779133.4293   5250968.9597   2   8   0.1124   0.0676   0.0624   0.0388   0.0100   0.0685  -0.10    1.8
2026/04/23 07:34:12.000   3509430.9823    779133.3494   5250968.9486   2   8   0.1124   0.0676   0.0624   0.0388   0.0101   0.0684   0.00    1.8
2026/04/23 07:34:12.100   3509431.0250    779133.2804   5250968.9317   2   8   0.1124   0.0676   0.0624   0.0388   0.0101   0.0684   0.10    1.8
2026/04/23 07:34:12.200   3509431.0781    779133.2096   5250968.9056   2   8   0.1124   0.0676   0.0624   0.0388   0.0101   0.0684   0.20    1.8
2026/04/23 07:34:12.300   3509431.1286    779133.1452   5250968.8803   2   8   0.1123   0.0676   0.0624   0.0388   0.0101   0.0684   0.30    1.8
2026/04/23 07:34:12.400   3509431.1835    779133.0885   5250968.8547   2   8   0.1123   0.0676   0.0624   0.0388   0.0101   0.0684   0.40    1.8
2026/04/23 07:34:12.500   3509431.2308    779133.0378   5250968.8324   2   8   0.1123   0.0676   0.0624   0.0388   0.0101   0.0684  -0.50    1.8
2026/04/23 07:34:12.600   3509431.2762    779132.9899   5250968.8115   2   8   0.1123   0.0675   0.0624   0.0388   0.0102   0.0684  -0.40    1.8
2026/04/23 07:34:12.700   3509431.3234    779132.9420   5250968.7876   2   8   0.1123   0.0675   0.0624   0.0388   0.0102   0.0684  -0.30    1.8
2026/04/23 07:34:12.800   3509431.3752    779132.8933   5250968.7611   2   8   0.1122   0.0675   0.0624   0.0388   0.0102   0.0684  -0.20    1.8
2026/04/23 07:34:12.900   3509431.4247    779132.8467   5250968.7355   2   8   0.1122   0.0675   0.0624   0.0388   0.0102   0.0684  -0.10    1.8
2026/04/23 07:34:13.000   3509431.4781    779132.8057   5250968.7095   2   8   0.1122   0.0675   0.0623   0.0388   0.0102   0.0684   0.00    1.8
2026/04/23 07:34:13.100   3509431.5326    779132.7656   5250968.6802   2   8   0.1122   0.0675   0.0623   0.0388   0.0102   0.0684   0.10    1.8
2026/04/23 07:34:13.200   3509431.5889    779132.7229   5250968.6515   2   8   0.1122   0.0675   0.0623   0.0388   0.0103   0.0684   0.20    1.8
2026/04/23 07:34:13.300   3509431.6396    779132.6876   5250968.6184   2   8   0.1122   0.0675   0.0623   0.0388   0.0103   0.0683   0.30    1.8
2026/04/23 07:34:13.400   3509431.7004    779132.6547   5250968.5859   2   8   0.1121   0.0674   0.0623   0.0388   0.0103   0.0683   0.40    1.7
2026/04/23 07:34:13.500   3509431.7616    779132.6250   5250968.5489   2   8   0.1121   0.0674   0.0623   0.0388   0.0103   0.0683  -0.50    1.7
2026/04/23 07:34:13.600   3509431.8232    779132.6016   5250968.5116   2   8   0.1121   0.0674   0.0623   0.0388   0.0103   0.0683  -0.40    1.7
2026/04/23 07:34:13.700   3509431.8896    779132.5864   5250968.4724   2   8   0.1121   0.0674   0.0623   0.0388   0.0103   0.0683  -0.30    1.7
2026/04/23 07:34:13.800   3509431.9532    779132.5684   5250968.4344   2   8   0.1121   0.0674   0.0623   0.0388   0.0104   0.0683  -0.20    1.7
2026/04/23 07:34:13.900   3509432.0116    779132.5527   5250968.3975   2   8   0.1120   0.0674   0.0623   0.0388   0.0104   0.0683  -0.10    1.7
2026/04/23 07:34:14.000   3509432.0709    779132.5409   5250968.3607   2   8   0.1120   0.0674   0.0623   0.0388   0.0104   0.0683   0.00    1.7
2026/04/23 07:34:14.100   3509432.1259    779132.5345   5250968.3252   2   8   0.1120   0.0673   0.0623   0.0388   0.0104   0.0683   0.10    1.7
2026/04/23 07:34:14.200   3509432.1845    779132.5323   5250968.2859   2   8   0.1120   0.0673   0.0623   0.0388   0.0104   0.0683   0.20    1.7
2026/04/23 07:34:14.300   3509432.2466    779132.5347   5250968.2440   2   8   0.1120   0.0673   0.0623   0.0388   0.0104   0.0683   0.30    1.7
2026/04/23 07:34:14.400   3509432.3091    779132.5384   5250968.2027   2   8   0.1120   0.0673   0.0623   0.0388   0.0104   0.0683   0.40    1.7
2026/04/23 07:34:14.500   3509432.3713    779132.5450   5250968.1613   2   8   0.1119   0.0673   0.0623   0.0388   0.0105   0.0682  -0.50    1.7
2026/04/23 07:34:14.600   3509432.4271    779132.5576   5250968.1211   2   8   0.1119   0.0673   0.0623   0.0388   0.0105   0.0682  -0.40    1.7
2026/04/23 07:34:14.700   3509432.4812    779132.5699   5250968.0822   2   8   0.1119   0.0673   0.0623   0.0388   0.0105   0.0682  -0.30    1.7
2026/04/23 07:34:14.800   3509432.5358    779132.5851   5250968.0460   2   8   0.1119   0.0673   0.0623   0.0388   0.0105   0.0682  -0.20    1.6
2026/04/23 07:34:14.900   3509432.5929    779132.6024   5250968.0066   2   8   0.1119   0.0672   0.0623   0.0389   0.0105   0.0682  -0.10    1.6
2026/04/23 07:34:15.000   3509432.6484    779132.6262   5250967.9631   2   8   0.1118   0.0672   0.0623   0.0389   0.0105   0.0682   0.00    1.6
2026/04/23 07:34:15.100   3509432.7004    779132.6577   5250967.9230   2   8   0.1118   0.0672   0.0623   0.0389   0.0105   0.0682   0.10    1.6
2026/04/23 07:34:15.200   3509432.7517    779132.6904   5250967.8832   2   8   0.1118   0.0672   0.0623   0.0389   0.0106   0.0682   0.20    1.6
2026/04/23 07:34:15.300   3509432.8044    779132.7285   5250967.8418   2   8   0.1118   0.0672   0.0623   0.0389   0.0106   0.0682   0.30    1.6
2026/04/23 07:34:15.400   3509432.8513    779132.7710   5250967.8051   2   8   0.1118   0.0672   0.0623   0.0389   0.0106   0.0682   0.40    1.6
2026/04/23 07:34:15.500   3509432.8937    779132.8166   5250967.7696   2   8   0.1118   0.0672   0.0623   0.0389   0.0106   0.0682  -0.50    1.6
2026/04/23 07:34:15.600   3509432.9382    779132.8653   5250967.7318   2   8   0.1117   0.0671   0.0623   0.0389   0.0106   0.0682  -0.40    1.6
2026/04/23 07:34:15.700   3509432.9788    779132.9179   5250967.6979   2   8   0.1117   0.0671   0.0622   0.0389   0.0106   0.0682  -0.30    1.6
2026/04/23 07:34:15.800   3509433.0165    779132.9739   5250967.6635   2   8   0.1117   0.0671   0.0622   0.0389   0.0107   0.0681  -0.20    1.6
2026/04/23 07:34:15.900   3509433.0591    779133.0262   5250967.6237   2   8   0.1117   0.0671   0.0622   0.0389   0.0107   0.0681  -0.10    1.6
2026/04/23 07:34:16.000   3509433.0979    779133.0839   5250967.5889   2   8   0.1118   0.0671   0.0622   0.0388   0.0107   0.0681   0.00    1.1
2026/04/23 07:34:16.100   3509433.1311    779133.1422   5250967.5576   2   8   0.1118   0.0671   0.0622   0.0388   0.0106   0.0681   0.10    1.2
2026/04/23 07:34:16.200   3509433.1592    779133.2114   5250967.5274   2   8   0.1119   0.0671   0.0622   0.0387   0.0106   0.0682   0.20    1.3
2026/04/23 07:34:16.300   3509433.1864    779133.2921   5250967.4969   2   8   0.1119   0.0671   0.0622   0.0387   0.0106   0.0682   0.30    1.4
2026/04/23 07:34:16.400   3509433.2194    779133.3747   5250967.4651   2   8   0.1119   0.0671   0.0622   0.0388   0.0106   0.0682   0.40    1.5
2026/04/23 07:34:16.500   3509433.2635    779133.4649   5250967.4233   2   8   0.1119   0.0670   0.0622   0.0388   0.0107   0.0682  -0.50    1.5
2026/04/23 07:34:16.600   3509433.3036    779133.5666   5250967.3783   2   8   0.1118   0.0670   0.0623   0.0388   0.0107   0.0682  -0.40    1.6
2026/04/23 07:34:16.700   3509433.3425    779133.6739   5250967.3375   2   8   0.1118   0.0670   0.0623   0.0388   0.0107   0.0682  -0.30    1.7
2026/04/23 07:34:16.800   3509433.3744    779133.7880   5250967.2960   2   8   0.1118   0.0670   0.0623   0.0389   0.0108   0.0682  -0.20    1.7
2026/04/23 07:34:16.900   3509433.4046    779133.9092   5250967.2579   2   8   0.1117   0.0670   0.0623   0.0389   0.0108   0.0682  -0.10    1.7
2026/04/23 07:34:17.000   3509433.4375    779134.0325   5250967.2170   2   8   0.1117   0.0670   0.0623   0.0389   0.0108   0.0682   0.00    1.7
2026/04/23 07:34:17.100   3509433.4641    779134.1431   5250967.1845   2   8   0.1117   0.0669   0.0623   0.0389   0.0109   0.0682   0.10    1.7
2026/04/23 07:34:17.200   3509433.4850    779134.2502   5250967.1517   2   8   0.1116   0.0669   0.0623   0.0389   0.0109   0.0682   0.20    1.7
2026/04/23 07:34:17.300   3509433.4971    779134.3534   5250967.1267   2   8   0.1116   0.0669   0.0623   0.0389   0.0109   0.0682   0.30    1.7
2026/04/23 07:34:17.400   3509433.5127    779134.4596   5250967.1029   2   8   0.1116   0.0669   0.0623   0.0389   0.0109   0.0682   0.40    1.7
2026/04/23 07:34:17.500   3509433.5259    779134.5639   5250967.0808   2   8   0.1116   0.0669   0.0623   0.0389   0.0109   0.0682  -0.50    1.7
2026/04/23 07:34:17.600   3509433.5383    779134.6684   5250967.0607   2   8   0.1115   0.0669   0.0623   0.0389   0.0110   0.0681  -0.40    1.7
2026/04/23 07:34:17.700   3509433.5472    779134.7748   5250967.0426   2   8   0.1115   0.0669   0.0623   0.0389   0.0110   0.0681  -0.30    1.7
2026/04/23 07:34:17.800   3509433.5637    779134.8845   5250967.0175   2   8   0.1115   0.0669   0.0622   0.0389   0.0110   0.0681  -0.20    1.7
2026/04/23 07:34:17.900   3509433.5836    779134.9951   5250966.9920   2   8   0.1114   0.0668   0.0622   0.0390   0.0110   0.0681  -0.10    1.7
2026/04/23 07:34:18.000   3509433.5990    779135.1026   5250966.9732   2   8   0.1114   0.0668   0.0622   0.0390   0.0110   0.0681   0.00    1.7
2026/04/23 07:34:18.100   3509433.6118    779135.2087   5250966.9535   2   8   0.1114   0.0668   0.0622   0.0390   0.0110   0.0681   0.10    1.7
2026/04/23 07:34:18.200   3509433.6216    779135.3199   5250966.9367   2   8   0.1114   0.0668   0.0622   0.0390   0.0110   0.0681   0.20    1.7
2026/04/23 07:34:18.300   3509433.6312    779135.4321   5250966.9185   2   8   0.1114   0.0668   0.0622   0.0390   0.0110   0.0680   0.30    1.7
2026/04/23 07:34:18.400   3509433.6404    779135.5472   5250966.9001   2   8   0.1113   0.0668   0.0622   0.0390   0.0110   0.0680   0.40    1.7
2026/04/23 07:34:18.500   3509433.6479    779135.6623   5250966.8837   2   8   0.1113   0.0668   0.0622   0.0390   0.0111   0.0680  -0.50    1.7
2026/04/23 07:34:18.600   3509433.6522    779135.7769   5250966.8708   2   8   0.1113   0.0668   0.0622   0.0390   0.0111   0.0680  -0.40    1.7
2026/04/23 07:34:18.700   3509433.6574    779135.8939   5250966.8561   2   8   0.1113   0.0667   0.0622   0.0390   0.0111   0.0680  -0.30    1.7
2026/04/23 07:34:18.800   3509433.6602    779136.0094   5250966.8383   2   8   0.1112   0.0667   0.0622   0.0390   0.0111   0.0680  -0.20    1.7
2026/04/23 07:34:18.900   3509433.6585    779136.1242   5250966.8240   2   8   0.1112   0.0667   0.0621   0.0390   0.0111   0.0680  -0.10    1.7
2026/04/23 07:34:19.000   3509433.6602    779136.2413   5250966.8113   2   8   0.1112   0.0667   0.0621   0.0390   0.0111   0.0679   0.00    1.7
2026/04/23 07:34:19.100   3509433.6637    779136.3568   5250966.7929   2   8   0.1112   0.0667   0.0621   0.0390   0.0111   0.0679   0.10    1.7
2026/04/23 07:34:19.200   3509433.6699    779136.4706   5250966.7767   2   8   0.1112   0.0667   0.0621   0.0390   0.0111   0.0679   0.20    1.7
2026/04/23 07:34:19.300   3509433.6843    779136.5829   5250966.7563   2   8   0.1111   0.0667   0.0621   0.0390   0.0111   0.0679   0.30    1.7
2026/04/23 07:34:19.400   3509433.6973    779136.6940   5250966.7370   2   8   0.1111   0.0666   0.0621   0.0390   0.0112   0.0679   0.40    1.7
2026/04/23 07:34:19.500   3509433.7114    779136.8096   5250966.7130   2   8   0.1111   0.0666   0.0621   0.0390   0.0112   0.0679  -0.50    1.7
2026/04/23 07:34:19.600   3509433.7255    779136.9210   5250966.6915   2   8   0.1111   0.0666   0.0621   0.0390   0.0112   0.0679  -0.40    1.7
2026/04/23 07:34:19.700   3509433.7385    779137.0311   5250966.6726   2   8   0.1111   0.0666   0.0621   0.0390   0.0112   0.0679  -0.30    1.7
2026/04/23 07:34:19.800   3509433.7581    779137.1422   5250966.6467   2   8   0.1110   0.0666   0.0621   0.0390   0.0112   0.0679  -0.20    1.7
2026/04/23 07:34:19.900   3509433.7790    779137.2527   5250966.6227   2   8   0.1110   0.0666   0.0621   0.0390   0.0112   0.0679  -0.10    1.6
2026/04/23 07:34:20.000   3509433.7913    779137.3669   5250966.6025   2   8   0.1110   0.0666   0.0621   0.0390   0.0112   0.0678   0.00    1.6
2026/04/23 07:34:20.100   3509433.8055    779137.4802   5250966.5793   2   8   0.1110   0.0666   0.0621   0.0390   0.0112   0.0678   0.10    1.6
2026/04/23 07:34:20.200   3509433.8228    779137.5965   5250966.5553   2   8   0.1110   0.0665   0.0621   0.0390   0.0113   0.0678   0.20    1.6
2026/04/23 07:34:20.300   3509433.8406    779137.7115   5250966.5297   2   8   0.1109   0.0665   0.0621   0.0390   0.0113   0.0678   0.30    1.6
2026/04/23 07:34:20.400   3509433.8577    779137.8271   5250966.5044   2   8   0.1109   0.0665   0.0621   0.0390   0.0113   0.0678   0.40    1.6
2026/04/23 07:34:20.500   3509433.8716    779137.9349   5250966.4813   2   8   0.1109   0.0665   0.0621   0.0390   0.0113   0.0678  -0.50    1.6
2026/04/23 07:34:20.600   3509433.8838    779138.0413   5250966.4597   2   8   0.1109   0.0665   0.0621   0.0390   0.0113   0.0678  -0.40    1.6
2026/04/23 07:34:20.700   3509433.8999    779138.1504   5250966.4337   2   8   0.1109   0.0665   0.0621   0.0390   0.0113   0.0678  -0.30    1.6
2026/04/23 07:34:20.800   3509433.9129    779138.2611   5250966.4057   2   8   0.1108   0.0665   0.0620   0.0390   0.0113   0.0678  -0.20    1.6
2026/04/23 07:34:20.900   3509433.9285    779138.3766   5250966.3759   2   9   0.1108   0.0665   0.0620   0.0390   0.0114   0.0678  -0.10    1.1
2026/04/23 07:34:21.000   3509433.9437    779138.4855   5250966.3500   2   9   0.1108   0.0664   0.0620   0.0390   0.0114   0.0677   0.00    1.1
2026/04/23 07:34:21.100   3509433.9542    779138.5967   5250966.3237   2   9   0.1108   0.0664   0.0620   0.0390   0.0114   0.0677   0.10    1.2
2026/04/23 07:34:21.200   3509433.9660    779138.7070   5250966.2973   2   9   0.1107   0.0664   0.0620   0.0390   0.0114   0.0677   0.20    1.3
2026/04/23 07:34:21.300   3509433.9706    779138.8190   5250966.2759   2   9   0.1107   0.0664   0.0620   0.0390   0.0114   0.0677   0.30    1.4
2026/04/23 07:34:21.400   3509433.9758    779138.9338   5250966.2536   2   9   0.1107   0.0664   0.0620   0.0390   0.0114   0.0677   0.40    1.4
2026/04/23 07:34:21.500   3509433.9807    779139.0480   5250966.2290   2   9   0.1106   0.0664   0.0620   0.0391   0.0114   0.0677  -0.50    1.5
2026/04/23 07:34:21.600   3509433.9861    779139.1725   5250966.2063   2   9   0.1106   0.0664   0.0620   0.0391   0.0114   0.0677  -0.40    1.6
2026/04/23 07:34:21.700   3509433.9832    779139.2948   5250966.1875   2   9   0.1105   0.0663   0.0620   0.0391   0.0114   0.0677  -0.30    1.6
2026/04/23 07:34:21.800   3509433.9758    779139.4113   5250966.1716   2   9   0.1105   0.0663   0.0620   0.0391   0.0115   0.0677  -0.20    1.6
2026/04/23 07:34:21.900   3509433.9782    779139.5261   5250966.1524   2   9   0.1105   0.0663   0.0620   0.0391   0.0115   0.0677  -0.10    1.6
2026/04/23 07:34:22.000   3509433.9783    779139.6414   5250966.1358   2   9   0.1104   0.0663   0.0620   0.0391   0.0115   0.0677   0.00    1.6
2026/04/23 07:34:22.100   3509433.9804    779139.7469   5250966.1171   2   9   0.1104   0.0663   0.0620   0.0391   0.0115   0.0676   0.10    1.6
2026/04/23 07:34:22.200   3509433.9839    779139.8588   5250966.0964   2   9   0.1104   0.0663   0.0620   0.0391   0.0115   0.0676   0.20    1.6
2026/04/23 07:34:22.300   3509433.9879    779139.9744   5250966.0741   2   9   0.1103   0.0663   0.0620   0.0391   0.0115   0.0676   0.30    1.6
2026/04/23 07:34:22.400   3509433.9944    779140.0879   5250966.0501   2   9   0.1103   0.0663   0.0619   0.0391   0.0115   0.0676   0.40    1.6
2026/04/23 07:34:22.500   3509434.0012    779140.2024   5250966.0232   2   9   0.1103   0.0662   0.0619   0.0391   0.0115   0.0676  -0.50    1.6
2026/04/23 07:34:22.600   3509434.0128    779140.3083   5250965.9972   2   9   0.1102   0.0662   0.0619   0.0391   0.0116   0.0676  -0.40    1.6
2026/04/23 07:34:22.700   3509434.0165    779140.4109   5250965.9779   2   9   0.1102   0.0662   0.0619   0.0391   0.0116   0.0676  -0.30    1.6
2026/04/23 07:34:22.800   3509434.0195    779140.5217   5250965.9561   2   9   0.1102   0.0662   0.0619   0.0391   0.0116   0.0675  -0.20    1.6
2026/04/23 07:34:22.900   3509434.0243    779140.6302   5250965.9362   2   9   0.1102   0.0662   0.0619   0.0391   0.0116   0.0675  -0.10    1.6
2026/04/23 07:34:23.000   3509434.0283    779140.7341   5250965.9181   2   9   0.1101   0.0662   0.0619   0.0391   0.0116   0.0675   0.00    1.6
2026/04/23 07:34:23.100   3509434.0333    779140.8414   5250965.8993   2   9   0.1101   0.0662   0.0619   0.0391   0.0116   0.0675   0.10    1.6
2026/04/23 07:34:23.200   3509434.0366    779140.9449   5250965.8804   2   9   0.1101   0.0662   0.0619   0.0391   0.0116   0.0675   0.20    1.6
2026/04/23 07:34:23.300   3509434.0389    779141.0537   5250965.8632   2   9   0.1101   0.0661   0.0619   0.0391   0.0116   0.0675   0.30    1.6
2026/04/23 07:34:23.400   3509434.0486    779141.1618   5250965.8467   2   8   0.1101   0.0661   0.0619   0.0391   0.0116   0.0675   0.40    1.6
2026/04/23 07:34:23.500   3509434.0553    779141.2735   5250965.8289   2   8   0.1101   0.0661   0.0619   0.0391   0.0116   0.0674  -0.50    1.5
2026/04/23 07:34:23.600   3509434.0683    779141.3944   5250965.8054   2   8   0.1101   0.0661   0.0619   0.0391   0.0117   0.0674  -0.40    1.5
2026/04/23 07:34:23.700   3509434.0818    779141.5232   5250965.7834   2   8   0.1102   0.0661   0.0619   0.0390   0.0117   0.0674  -0.30    1.1
2026/04/23 07:34:23.800   3509434.0954    779141.6508   5250965.7610   2   8   0.1103   0.0661   0.0619   0.0390   0.0116   0.0674  -0.20    1.3
2026/04/23 07:34:23.900   3509434.1029    779141.7758   5250965.7429   2   8   0.1103   0.0661   0.0619   0.0389   0.0116   0.0675  -0.10    1.3
2026/04/23 07:34:24.000   3509434.1123    779141.8981   5250965.7236   2   8   0.1104   0.0661   0.0619   0.0389   0.0116   0.0675   0.00    1.4
2026/04/23 07:34:24.100   3509434.1200    779142.0177   5250965.7066   2   7   0.1104   0.0661   0.0619   0.0389   0.0116   0.0675   0.10    1.7
2026/04/23 07:34:24.200   3509434.1282    779142.1311   5250965.6876   2   7   0.1104   0.0660   0.0619   0.0389   0.0117   0.0675   0.20    1.7
2026/04/23 07:34:24.300   3509434.1300    779142.2464   5250965.6712   2   7   0.1104   0.0660   0.0619   0.0389   0.0117   0.0675   0.30    1.7
2026/04/23 07:34:24.400   3509434.1349    779142.3547   5250965.6553   2   7   0.1104   0.0660   0.0619   0.0389   0.0117   0.0675   0.40    1.7
2026/04/23 07:34:24.500   3509434.1398    779142.4649   5250965.6380   2   7   0.1104   0.0660   0.0619   0.0389   0.0118   0.0675  -0.50    1.7
2026/04/23 07:34:24.600   3509434.1449    779142.5764   5250965.6190   2   7   0.1104   0.0660   0.0619   0.0389   0.0118   0.0676  -0.40    1.7
2026/04/23 07:34:24.700   3509434.1486    779142.6884   5250965.6039   2   7   0.1104   0.0660   0.0619   0.0389   0.0118   0.0676  -0.30    1.7
2026/04/23 07:34:24.800   3509434.1507    779142.8055   5250965.5886   2   7   0.1104   0.0660   0.0619   0.0389   0.0118   0.0676  -0.20    1.7
2026/04/23 07:34:24.900   3509434.1516    779142.9232   5250965.5700   2   7   0.1104   0.0660   0.0619   0.0389   0.0119   0.0676  -0.10    1.7
2026/04/23 07:34:25.000   3509434.1512    779143.0413   5250965.5518   2   7   0.1104   0.0660   0.0620   0.0389   0.0119   0.0676   0.00    1.6
2026/04/23 07:34:25.100   3509434.1459    779143.1570   5250965.5353   2   7   0.1104   0.0659   0.0620   0.0389   0.0119   0.0676   0.10    1.6
2026/04/23 07:34:25.200   3509434.1439    779143.2684   5250965.5176   2   7   0.1104   0.0659   0.0620   0.0389   0.0119   0.0675   0.20    1.6
2026/04/23 07:34:25.300   3509434.1430    779143.3781   5250965.4997   2   7   0.1104   0.0659   0.0620   0.0389   0.0119   0.0675   0.30    1.6
2026/04/23 07:34:25.400   3509434.1438    779143.4827   5250965.4796   2   7   0.1103   0.0659   0.0620   0.0389   0.0119   0.0675   0.40    1.6
2026/04/23 07:34:25.500   3509434.1438    779143.5918   5250965.4614   2   7   0.1103   0.0659   0.0620   0.0389   0.0119   0.0675  -0.50    1.6
2026/04/23 07:34:25.600   3509434.1458    779143.7008   5250965.4452   2   7   0.1103   0.0659   0.0620   0.0389   0.0119   0.0675  -0.40    1.6
2026/04/23 07:34:25.700   3509434.1481    779143.8149   5250965.4273   2   7   0.1103   0.0659   0.0620   0.0389   0.0119   0.0675  -0.30    1.6
2026/04/23 07:34:25.800   3509434.1531    779143.9285   5250965.4033   2   7   0.1103   0.0659   0.0619   0.0389   0.0119   0.0675  -0.20    1.6
2026/04/23 07:34:25.900   3509434.1555    779144.0462   5250965.3840   2   7   0.1103   0.0658   0.0619   0.0389   0.0120   0.0675  -0.10    1.6
2026/04/23 07:34:26.000   3509434.1555    779144.1595   5250965.3656   2   7   0.1103   0.0658   0.0619   0.0389   0.0120   0.0675   0.00    1.6
2026/04/23 07:34:26.100   3509434.1605    779144.2746   5250965.3403   2   7   0.1103   0.0658   0.0619   0.0389   0.0120   0.0675   0.10    1.6
2026/04/23 07:34:26.200   3509434.1630    779144.3904   5250965.3179   2   7   0.1103   0.0658   0.0619   0.0389   0.0120   0.0675   0.20    1.6
2026/04/23 07:34:26.300   3509434.1592    779144.5027   5250965.2996   2   7   0.1102   0.0658   0.0619   0.0389   0.0120   0.0675   0.30    1.6
2026/04/23 07:34:26.400   3509434.1556    779144.6199   5250965.2776   2   7   0.1102   0.0658   0.0619   0.0389   0.0120   0.0675   0.40    1.6
2026/04/23 07:34:26.500   3509434.1501    779144.7402   5250965.2583   2   7   0.1102   0.0658   0.0619   0.0389   0.0120   0.0675  -0.50    1.6
2026/04/23 07:34:26.600   3509434.1444    779144.8596   5250965.2393   2   7   0.1102   0.0658   0.0619   0.0389   0.0120   0.0675  -0.40    1.6
2026/04/23 07:34:26.700   3509434.1390    779144.9766   5250965.2220   2   7   0.1102   0.0658   0.0619   0.0389   0.0120   0.0675  -0.30    1.6
2026/04/23 07:34:26.800   3509434.1304    779145.0888   5250965.2071   2   7   0.1102   0.0657   0.0619   0.0389   0.0120   0.0675  -0.20    1.6
2026/04/23 07:34:26.900   3509434.1309    779145.1978   5250965.1862   2   7   0.1102   0.0657   0.0619   0.0389   0.0120   0.0675  -0.10    1.6
2026/04/23 07:34:27.000   3509434.1279    779145.3060   5250965.1696   2   7   0.1102   0.0657   0.0619   0.0389   0.0120   0.0675   0.00    1.6
2026/04/23 07:34:27.100   3509434.1247    779145.4171   5250965.1517   2   7   0.1101   0.0657   0.0619   0.0389   0.0120   0.0675   0.10    1.6
2026/04/23 07:34:27.200   3509434.1235    779145.5309   5250965.1322   2   7   0.1101   0.0657   0.0619   0.0389   0.0120   0.0675   0.20    1.6
2026/04/23 07:34:27.300   3509434.1224    779145.6497   5250965.1142   2   7   0.1101   0.0657   0.0619   0.0389   0.0120   0.0675   0.30    1.6
2026/04/23 07:34:27.400   3509434.1252    779145.7711   5250965.0964   2   7   0.1101   0.0657   0.0619   0.0389   0.0121   0.0675   0.40    1.6
2026/04/23 07:34:27.500   3509434.1274    779145.8947   5250965.0751   2   7   0.1101   0.0657   0.0619   0.0389   0.0121   0.0675  -0.50    1.6
2026/04/23 07:34:27.600   3509434.1215    779146.0157   5250965.0593   2   7   0.1101   0.0656   0.0619   0.0389   0.0121   0.0675  -0.40    1.6
2026/04/23 07:34:27.700   3509434.1167    779146.1332   5250965.0431   2   7   0.1101   0.0656   0.0619   0.0389   0.0121   0.0675  -0.30    1.6
2026/04/23 07:34:27.800   3509434.1128    779146.2494   5250965.0244   2   7   0.1101   0.0656   0.0619   0.0389   0.0121   0.0674  -0.20    1.6
2026/04/23 07:34:27.900   3509434.1125    779146.3652   5250965.0067   2   7   0.1100   0.0656   0.0619   0.0389   0.0121   0.0674  -0.10    1.6
2026/04/23 07:34:28.000   3509434.1115    779146.4782   5250964.9857   2   7   0.1100   0.0656   0.0619   0.0389   0.0121   0.0674   0.00    1.6
2026/04/23 07:34:28.100   3509434.1092    779146.5916   5250964.9715   2   8   0.1100   0.0656   0.0619   0.0389   0.0121   0.0674   0.10    1.0
2026/04/23 07:34:28.200   3509434.1114    779146.6948   5250964.9534   2   8   0.1100   0.0656   0.0619   0.0389   0.0121   0.0674   0.20    1.0
2026/04/23 07:34:28.300   3509434.1218    779146.7940   5250964.9321   2   8   0.1100   0.0656   0.0619   0.0389   0.0121   0.0674   0.30    1.0
2026/04/23 07:34:28.400   3509434.1326    779146.8950   5250964.9085   2   8   0.1099   0.0655   0.0619   0.0389   0.0121   0.0674   0.40    1.0
2026/04/23 07:34:28.500   3509434.1422    779147.0027   5250964.8875   2   8   0.1099   0.0655   0.0619   0.0389   0.0121   0.0674  -0.50    1.1
2026/04/23 07:34:28.600   3509434.1559    779147.1155   5250964.8636   2   8   0.1098   0.0655   0.0619   0.0389   0.0121   0.0674  -0.40    1.1
2026/04/23 07:34:28.700   3509434.1638    779147.2318   5250964.8411   2   8   0.1098   0.0655   0.0619   0.0390   0.0121   0.0674  -0.30    1.1
2026/04/23 07:34:28.800   3509434.1752    779147.3468   5250964.8154   2   8   0.1097   0.0655   0.0618   0.0390   0.0121   0.0674  -0.20    1.1
2026/04/23 07:34:28.900   3509434.1917    779147.4597   5250964.7891   2   8   0.1097   0.0655   0.0618   0.0390   0.0121   0.0674  -0.10    1.1
2026/04/23 07:34:29.000   3509434.1963    779147.5738   5250964.7666   2   8   0.1097   0.0655   0.0618   0.0390   0.0121   0.0674   0.00    1.1
2026/04/23 07:34:29.100   3509434.2086    779147.6868   5250964.7416   2   8   0.1096   0.0654   0.0618   0.0390   0.0121   0.0674   0.10    1.1
2026/04/23 07:34:29.200   3509434.2206    779147.8017   5250964.7163   2   8   0.1096   0.0654   0.0618   0.0390   0.0122   0.0673   0.20    1.0
2026/04/23 07:34:29.300   3509434.2336    779147.9195   5250964.6907   2   8   0.1097   0.0654   0.0618   0.0389   0.0122   0.0673   0.30    1.1
2026/04/23 07:34:29.400   3509434.2460    779148.0354   5250964.6651   2   8   0.1097   0.0654   0.0618   0.0389   0.0122   0.0673   0.40    1.1
2026/04/23 07:34:29.500   3509434.2548    779148.1496   5250964.6416   2   8   0.1097   0.0654   0.0618   0.0389   0.0122   0.0673  -0.50    1.1
2026/04/23 07:34:29.600   3509434.2585    779148.2618   5250964.6215   2   8   0.1096   0.0654   0.0618   0.0389   0.0122   0.0673  -0.40    1.1
2026/04/23 07:34:29.700   3509434.2568    779148.3700   5250964.6023   2   8   0.1096   0.0654   0.0618   0.0389   0.0122   0.0673  -0.30    1.1
2026/04/23 07:34:29.800   3509434.2615    779148.4800   5250964.5843   2   8   0.1096   0.0654   0.0618   0.0389   0.0122   0.0673  -0.20    1.0
2026/04/23 07:34:29.900   3509434.2718    779148.5956   5250964.5636   2   8   0.1096   0.0654   0.0618   0.0389   0.0122   0.0673  -0.10    1.0
2026/04/23 07:34:30.000   3509434.2765    779148.7156   5250964.5403   2   8   0.1096   0.0653   0.0618   0.0389   0.0122   0.0673   0.00    1.0
2026/04/23 07:34:30.100   3509434.2835    779148.8380   5250964.5176   2   8   0.1096   0.0653   0.0618   0.0389   0.0122   0.0673   0.10    1.1
2026/04/23 07:34:30.200   3509434.2925    779148.9579   5250964.4924   2   8   0.1095   0.0653   0.0618   0.0389   0.0122   0.0673   0.20    1.1
2026/04/23 07:34:30.300   3509434.3016    779149.0774   5250964.4673   2   8   0.1095   0.0653   0.0618   0.0389   0.0122   0.0673   0.30    1.1
2026/04/23 07:34:30.400   3509434.3059    779149.1980   5250964.4458   2   8   0.1094   0.0653   0.0618   0.0390   0.0122   0.0673   0.40    1.1
2026/04/23 07:34:30.500   3509434.3081    779149.3152   5250964.4242   2   8   0.1094   0.0653   0.0618   0.0390   0.0122   0.0673  -0.50    1.1
2026/04/23 07:34:30.600   3509434.3114    779149.4336   5250964.4007   2   8   0.1094   0.0653   0.0618   0.0390   0.0122   0.0673  -0.40    1.1
2026/04/23 07:34:30.700   3509434.3154    779149.5495   5250964.3749   2   8   0.1093   0.0653   0.0618   0.0390   0.0123   0.0672  -0.30    1.1
2026/04/23 07:34:30.800   3509434.3209    779149.6645   5250964.3485   2   8   0.1093   0.0652   0.0618   0.0390   0.0123   0.0672  -0.20    1.2
2026/04/23 07:34:30.900   3509434.3192    779149.7777   5250964.3292   2   8   0.1092   0.0652   0.0617   0.0390   0.0123   0.0672  -0.10    1.2
2026/04/23 07:34:31.000   3509434.3190    779149.8897   5250964.3081   2   8   0.1092   0.0652   0.0617   0.0390   0.0123   0.0672   0.00    1.2
2026/04/23 07:34:31.100   3509434.3171    779150.0001   5250964.2882   2   8   0.1092   0.0652   0.0617   0.0390   0.0123   0.0672   0.10    1.0
2026/04/23 07:34:31.200   3509434.3177    779150.1096   5250964.2698   2   8   0.1093   0.0652   0.0617   0.0389   0.0123   0.0672   0.20    1.1
2026/04/23 07:34:31.300   3509434.3142    779150.2238   5250964.2503   2   8   0.1093   0.0652   0.0617   0.0389   0.0123   0.0671   0.30    1.1
2026/04/23 07:34:31.400   3509434.3104    779150.3363   5250964.2292   2   8   0.1093   0.0652   0.0617   0.0389   0.0123   0.0671   0.40    1.1
2026/04/23 07:34:31.500   3509434.3056    779150.4460   5250964.2107   2   8   0.1093   0.0652   0.0617   0.0389   0.0123   0.0671  -0.50    1.1
2026/04/23 07:34:31.600   3509434.3042    779150.5551   5250964.1885   2   8   0.1092   0.0652   0.0617   0.0389   0.0123   0.0671  -0.40    1.1
2026/04/23 07:34:31.700   3509434.3045    779150.6633   5250964.1664   2   8   0.1092   0.0651   0.0617   0.0389   0.0123   0.0671  -0.30    1.1
2026/04/23 07:34:31.800   3509434.3043    779150.7784   5250964.1441   2   8   0.1092   0.0651   0.0617   0.0390   0.0123   0.0671  -0.20    1.1
2026/04/23 07:34:31.900   3509434.3048    779150.8948   5250964.1226   2   8   0.1091   0.0651   0.0617   0.0390   0.0123   0.0671  -0.10    1.2
2026/04/23 07:34:32.000   3509434.3052    779151.0108   5250964.1018   2   8   0.1091   0.0651   0.0617   0.0390   0.0123   0.0671   0.00    1.2
2026/04/23 07:34:32.100   3509434.3094    779151.1231   5250964.0769   2   8   0.1090   0.0651   0.0617   0.0390   0.0123   0.0671   0.10    1.2
2026/04/23 07:34:32.200   3509434.3083    779151.2282   5250964.0557   2   8   0.1090   0.0651   0.0617   0.0390   0.0124   0.0671   0.20    1.2
2026/04/23 07:34:32.300   3509434.3089    779151.3357   5250964.0381   2   8   0.1090   0.0651   0.0617   0.0390   0.0124   0.0671   0.30    1.2
2026/04/23 07:34:32.400   3509434.3065    779151.4485   5250964.0193   2   8   0.1090   0.0651   0.0617   0.0389   0.0124   0.0671   0.40    1.0
2026/04/23 07:34:32.500   3509434.3059    779151.5659   5250963.9998   2   8   0.1090   0.0651   0.0617   0.0389   0.0124   0.0670  -0.50    1.1
2026/04/23 07:34:32.600   3509434.3060    779151.6848   5250963.9787   2   8   0.1091   0.0650   0.0617   0.0389   0.0124   0.0670  -0.40    1.1
2026/04/23 07:34:32.700   3509434.3067    779151.8044   5250963.9582   2   8   0.1091   0.0650   0.0617   0.0389   0.0124   0.0670  -0.30    1.1
2026/04/23 07:34:32.800   3509434.3075    779151.9206   5250963.9369   2   8   0.1090   0.0650   0.0616   0.0389   0.0124   0.0670  -0.20    1.1
2026/04/23 07:34:32.900   3509434.3000    779152.0364   5250963.9210   2   8   0.1090   0.0650   0.0616   0.0389   0.0124   0.0670  -0.10    1.1
2026/04/23 07:34:33.000   3509434.2938    779152.1521   5250963.9070   2   8   0.1090   0.0650   0.0616   0.0389   0.0124   0.0670   0.00    1.1
2026/04/23 07:34:33.100   3509434.2932    779152.2611   5250963.8863   2   8   0.1089   0.0650   0.0616   0.0389   0.0124   0.0670   0.10    1.1
2026/04/23 07:34:33.200   3509434.2937    779152.3732   5250963.8665   2   8   0.1089   0.0650   0.0616   0.0390   0.0124   0.0670   0.20    1.1
2026/04/23 07:34:33.300   3509434.2931    779152.4847   5250963.8469   2   8   0.1088   0.0649   0.0616   0.0390   0.0124   0.0670   0.30    1.2
2026/04/23 07:34:33.400   3509434.2870    779152.6003   5250963.8319   2   8   0.1088   0.0649   0.0616   0.0390   0.0124   0.0670   0.40    1.2
2026/04/23 07:34:33.500   3509434.2778    779152.7151   5250963.8179   2   8   0.1088   0.0649   0.0616   0.0390   0.0125   0.0670  -0.50    1.2
2026/04/23 07:34:33.600   3509434.2681    779152.8282   5250963.8048   2   8   0.1087   0.0649   0.0616   0.0390   0.0125   0.0670  -0.40    1.2
2026/04/23 07:34:33.700   3509434.2646    779152.9406   5250963.7870   2   8   0.1087   0.0649   0.0616   0.0390   0.0125   0.0670  -0.30    1.2
2026/04/23 07:34:33.800   3509434.2588    779153.0536   5250963.7714   2   8   0.1087   0.0649   0.0616   0.0390   0.0125   0.0670  -0.20    1.2
2026/04/23 07:34:33.900   3509434.2505    779153.1665   5250963.7560   2   8   0.1086   0.0649   0.0616   0.0390   0.0125   0.0670  -0.10    1.2
2026/04/23 07:34:34.000   3509434.2437    779153.2751   5250963.7392   2   8   0.1086   0.0649   0.0616   0.0390   0.0125   0.0669   0.00    1.2
2026/04/23 07:34:34.100   3509434.2405    779153.3858   5250963.7240   2   8   0.1086   0.0649   0.0616   0.0390   0.0125   0.0669   0.10    1.3
2026/04/23 07:34:34.200   3509434.2340    779153.5029   5250963.7089   2   8   0.1085   0.0648   0.0616   0.0390   0.0125   0.0669   0.20    1.3
2026/04/23 07:34:34.300   3509434.2282    779153.6224   5250963.6923   2   8   0.1085   0.0648   0.0616   0.0390   0.0125   0.0669   0.30    1.3
2026/04/23 07:34:34.400   3509434.2275    779153.7414   5250963.6769   2   8   0.1085   0.0648   0.0615   0.0390   0.0125   0.0669   0.40    1.3
2026/04/23 07:34:34.500   3509434.2247    779153.8580   5250963.6573   2   8   0.1085   0.0648   0.0615   0.0390   0.0125   0.0669  -0.50    1.3
2026/04/23 07:34:34.600   3509434.2240    779153.9761   5250963.6394   2   8   0.1084   0.0648   0.0615   0.0390   0.0125   0.0668  -0.40    1.3
2026/04/23 07:34:34.700   3509434.2205    779154.0959   5250963.6211   2   8   0.1084   0.0648   0.0615   0.0390   0.0125   0.0668  -0.30    1.3
2026/04/23 07:34:34.800   3509434.2238    779154.2147   5250963.6011   2   8   0.1084   0.0648   0.0615   0.0389   0.0125   0.0668  -0.20    1.3
2026/04/23 07:34:34.900   3509434.2299    779154.3337   5250963.5797   2   8   0.1084   0.0648   0.0615   0.0389   0.0125   0.0668  -0.10    1.3
2026/04/23 07:34:35.000   3509434.2312    779154.4526   5250963.5614   2   8   0.1083   0.0647   0.0615   0.0389   0.0125   0.0668   0.00    1.3
2026/04/23 07:34:35.100   3509434.2471    779154.5670   5250963.5378   2   8   0.1083   0.0647   0.0615   0.0389   0.0125   0.0668   0.10    1.3
2026/04/23 07:34:35.200   3509434.2536    779154.6848   5250963.5147   2   8   0.1084   0.0647   0.0615   0.0389   0.0125   0.0667   0.20    1.0
2026/04/23 07:34:35.300   3509434.2601    779154.8004   5250963.4942   2   8   0.1085   0.0647   0.0615   0.0389   0.0125   0.0667   0.30    1.0
2026/04/23 07:34:35.400   3509434.2625    779154.9130   5250963.4733   2   8   0.1085   0.0647   0.0614   0.0388   0.0125   0.0667   0.40    1.0
2026/04/23 07:34:35.500   3509434.2670    779155.0286   5250963.4512   2   7   0.1086   0.0647   0.0614   0.0388   0.0125   0.0668  -0.50    1.4
2026/04/23 07:34:35.600   3509434.2715    779155.1400   5250963.4283   2   7   0.1086   0.0647   0.0614   0.0388   0.0125   0.0668  -0.40    1.4
2026/04/23 07:34:35.700   3509434.2734    779155.2491   5250963.4058   2   7   0.1086   0.0647   0.0615   0.0388   0.0125   0.0668  -0.30    1.4
2026/04/23 07:34:35.800   3509434.2820    779155.3613   5250963.3799   2   7   0.1086   0.0647   0.0615   0.0388   0.0126   0.0668  -0.20    1.4
2026/04/23 07:34:35.900   3509434.2802    779155.4660   5250963.3624   2   7   0.1086   0.0646   0.0615   0.0388   0.0126   0.0668  -0.10    1.4
2026/04/23 07:34:36.000   3509434.2830    779155.5691   5250963.3417   2   7   0.1086   0.0646   0.0615   0.0388   0.0126   0.0668   0.00    1.4
2026/04/23 07:34:36.100   3509434.2885    779155.6727   5250963.3218   2   7   0.1086   0.0646   0.0615   0.0388   0.0126   0.0668   0.10    1.4
2026/04/23 07:34:36.200   3509434.2925    779155.7786   5250963.3015   2   7   0.1086   0.0646   0.0615   0.0388   0.0126   0.0668   0.20    1.4
2026/04/23 07:34:36.300   3509434.2983    779155.8913   5250963.2794   2   7   0.1086   0.0646   0.0615   0.0388   0.0126   0.0668   0.30    1.4
2026/04/23 07:34:36.400   3509434.3058    779156.0089   5250963.2552   2   7   0.1086   0.0646   0.0615   0.0388   0.0127   0.0668   0.40    1.4
2026/04/23 07:34:36.500   3509434.3139    779156.1287   5250963.2297   2   7   0.1086   0.0646   0.0615   0.0388   0.0127   0.0668  -0.50    1.4
2026/04/23 07:34:36.600   3509434.3239    779156.2473   5250963.2050   2   7   0.1086   0.0646   0.0615   0.0388   0.0127   0.0668  -0.40    1.4
2026/04/23 07:34:36.700   3509434.3329    779156.3630   5250963.1798   2   7   0.1085   0.0646   0.0615   0.0388   0.0127   0.0668  -0.30    1.4
2026/04/23 07:34:36.800   3509434.3353    779156.4814   5250963.1579   2   7   0.1085   0.0645   0.0615   0.0388   0.0127   0.0668  -0.20    1.4
2026/04/23 07:34:36.900   3509434.3393    779156.6014   5250963.1346   2   7   0.1085   0.0645   0.0615   0.0388   0.0127   0.0668  -0.10    1.4
2026/04/23 07:34:37.000   3509434.3472    779156.7191   5250963.1099   2   7   0.1085   0.0645   0.0615   0.0388   0.0127   0.0668   0.00    1.4
2026/04/23 07:34:37.100   3509434.3573    779156.8345   5250963.0874   2   7   0.1085   0.0645   0.0615   0.0388   0.0127   0.0668   0.10    1.4
2026/04/23 07:34:37.200   3509434.3642    779156.9477   5250963.0667   2   7   0.1085   0.0645   0.0615   0.0388   0.0127   0.0668   0.20    1.4
2026/04/23 07:34:37.300   3509434.3708    779157.0601   5250963.0413   2   7   0.1085   0.0645   0.0615   0.0388   0.0127   0.0668   0.30    1.4
2026/04/23 07:34:37.400   3509434.3757    779157.1699   5250963.0175   2   7   0.1085   0.0645   0.0615   0.0388   0.0127   0.0668   0.40    1.4
2026/04/23 07:34:37.500   3509434.3822    779157.2812   5250962.9955   2   7   0.1085   0.0645   0.0615   0.0388   0.0128   0.0668  -0.50    1.4
2026/04/23 07:34:37.600   3509434.3907    779157.3903   5250962.9730   2   7   0.1084   0.0645   0.0615   0.0388   0.0128   0.0668  -0.40    1.4
2026/04/23 07:34:37.700   3509434.4012    779157.4982   5250962.9471   2   7   0.1084   0.0644   0.0615   0.0388   0.0128   0.0668  -0.30    1.4
2026/04/23 07:34:37.800   3509434.4049    779157.6075   5250962.9219   2   7   0.1084   0.0644   0.0615   0.0388   0.0128   0.0668  -0.20    1.4
2026/04/23 07:34:37.900   3509434.4096    779157.7180   5250962.8985   2   7   0.1084   0.0644   0.0615   0.0388   0.0128   0.0668  -0.10    1.4
2026/04/23 07:34:38.000   3509434.4205    779157.8271   5250962.8699   2   7   0.1084   0.0644   0.0615   0.0388   0.0128   0.0668   0.00    1.4
2026/04/23 07:34:38.100   3509434.4225    779157.9359   5250962.8462   2   7   0.1084   0.0644   0.0615   0.0388   0.0128   0.0667   0.10    1.4
2026/04/23 07:34:38.200   3509434.4271    779158.0520   5250962.8236   2   7   0.1084   0.0644   0.0615   0.0388   0.0128   0.0667   0.20    1.4
2026/04/23 07:34:38.300   3509434.4268    779158.1659   5250962.8020   2   7   0.1084   0.0644   0.0615   0.0388   0.0128   0.0667   0.30    1.4
2026/04/23 07:34:38.400   3509434.4293    779158.2838   5250962.7772   2   7   0.1084   0.0644   0.0615   0.0388   0.0128   0.0667   0.40    1.4
2026/04/23 07:34:38.500   3509434.4296    779158.4082   5250962.7548   2   7   0.1083   0.0644   0.0615   0.0388   0.0128   0.0667  -0.50    1.4
2026/04/23 07:34:38.600   3509434.4305    779158.5272   5250962.7302   2   7   0.1083   0.0643   0.0614   0.0388   0.0128   0.0667  -0.40    1.4
2026/04/23 07:34:38.700   3509434.4303    779158.6449   5250962.7109   2   7   0.1083   0.0643   0.0614   0.0388   0.0128   0.0667  -0.30    1.4
2026/04/23 07:34:38.800   3509434.4248    779158.7565   5250962.6926   2   7   0.1083   0.0643   0.0614   0.0388   0.0128   0.0667  -0.20    1.4
2026/04/23 07:34:38.900   3509434.4246    779158.8665   5250962.6728   2   7   0.1083   0.0643   0.0614   0.0388   0.0128   0.0667  -0.10    1.4
2026/04/23 07:34:39.000   3509434.4235    779158.9756   5250962.6565   2   7   0.1083   0.0643   0.0614   0.0388   0.0128   0.0667   0.00    1.4
2026/04/23 07:34:39.100   3509434.4277    779159.0866   5250962.6355   2   7   0.1083   0.0643   0.0614   0.0388   0.0128   0.0667   0.10    1.4
2026/04/23 07:34:39.200   3509434.4322    779159.1975   5250962.6135   2   7   0.1083   0.0643   0.0614   0.0388   0.0128   0.0667   0.20    1.4
2026/04/23 07:34:39.300   3509434.4327    779159.3103   5250962.5932   2   7   0.1083   0.0643   0.0614   0.0388   0.0128   0.0667   0.30    1.4
2026/04/23 07:34:39.400   3509434.4383    779159.4241   5250962.5687   2   7   0.1082   0.0642   0.0614   0.0388   0.0129   0.0667   0.40    1.4
2026/04/23 07:34:39.500   3509434.4448    779159.5390   5250962.5443   2   7   0.1082   0.0642   0.0614   0.0388   0.0129   0.0667  -0.50    1.4
2026/04/23 07:34:39.600   3509434.4515    779159.6513   5250962.5216   2   7   0.1082   0.0642   0.0614   0.0388   0.0129   0.0667  -0.40    1.4
2026/04/23 07:34:39.700   3509434.4538    779159.7653   5250962.4989   2   7   0.1082   0.0642   0.0614   0.0388   0.0129   0.0667  -0.30    1.4
2026/04/23 07:34:39.800   3509434.4558    779159.8784   5250962.4772   2   7   0.1082   0.0642   0.0614   0.0388   0.0129   0.0667  -0.20    1.4
2026/04/23 07:34:39.900   3509434.4571    779159.9854   5250962.4561   2   7   0.1082   0.0642   0.0614   0.0388   0.0129   0.0667  -0.10    1.4
2026/04/23 07:34:40.000   3509434.4593    779160.0986   5250962.4383   2   7   0.1082   0.0642   0.0614   0.0388   0.0129   0.0667   0.00    1.4
2026/04/23 07:34:40.100   3509434.4616    779160.2059   5250962.4199   2   7   0.1082   0.0642   0.0614   0.0388   0.0129   0.0667   0.10    1.4
2026/04/23 07:34:40.200   3509434.4663    779160.3118   5250962.3990   2   7   0.1083   0.0642   0.0614   0.0389   0.0129   0.0667   0.20    1.1
2026/04/23 07:34:40.300   3509434.4712    779160.4140   5250962.3780   2   7   0.1084   0.0642   0.0614   0.0391   0.0129   0.0667   0.30    1.1
2026/04/23 07:34:40.400   3509434.4791    779160.5158   5250962.3536   2   7   0.1085   0.0642   0.0614   0.0392   0.0130   0.0667   0.40    1.1
2026/04/23 07:34:40.500   3509434.4802    779160.6211   5250962.3349   2   7   0.1086   0.0642   0.0614   0.0392   0.0131   0.0667  -0.50    1.1
2026/04/23 07:34:40.600   3509434.4902    779160.7265   5250962.3102   2   7   0.1086   0.0642   0.0614   0.0393   0.0131   0.0668  -0.40    1.1
2026/04/23 07:34:40.700   3509434.5015    779160.8320   5250962.2853   2   7   0.1086   0.0642   0.0614   0.0392   0.0132   0.0668  -0.30    1.1
2026/04/23 07:34:40.800   3509434.5143    779160.9397   5250962.2591   2   7   0.1086   0.0642   0.0614   0.0392   0.0132   0.0668  -0.20    1.1
2026/04/23 07:34:40.900   3509434.5293    779161.0468   5250962.2327   2   7   0.1086   0.0641   0.0614   0.0391   0.0132   0.0669  -0.10    1.1
2026/04/23 07:34:41.000   3509434.5417    779161.1587   5250962.2100   2   7   0.1086   0.0641   0.0614   0.0391   0.0132   0.0669   0.00    1.1
2026/04/23 07:34:41.100   3509434.5560    779161.2725   5250962.1827   2   7   0.1086   0.0641   0.0614   0.0390   0.0132   0.0669   0.10    1.1
2026/04/23 07:34:41.200   3509434.5692    779161.3869   5250962.1551   2   7   0.1086   0.0641   0.0614   0.0390   0.0132   0.0669   0.20    1.1
2026/04/23 07:34:41.300   3509434.5850    779161.5071   5250962.1269   2   7   0.1086   0.0640   0.0614   0.0390   0.0132   0.0669   0.30    1.1
2026/04/23 07:34:41.400   3509434.6064    779161.6222   5250962.0920   2   7   0.1085   0.0640   0.0615   0.0389   0.0132   0.0669   0.40    1.1
2026/04/23 07:34:41.500   3509434.6309    779161.7202   5250962.0608   2   7   0.1085   0.0640   0.0615   0.0389   0.0132   0.0669  -0.50    1.1
2026/04/23 07:34:41.600   3509434.6666    779161.7995   5250962.0256   2   7   0.1085   0.0640   0.0615   0.0389   0.0131   0.0669  -0.40    1.1
2026/04/23 07:34:41.700   3509434.7008    779161.8632   5250961.9897   2   7   0.1085   0.0640   0.0615   0.0389   0.0131   0.0669  -0.30    1.1
2026/04/23 07:34:41.800   3509434.7385    779161.9150   5250961.9573   2   7   0.1084   0.0640   0.0614   0.0388   0.0131   0.0669  -0.20    1.1
2026/04/23 07:34:41.900   3509434.7794    779161.9690   5250961.9198   2   7   0.1084   0.0640   0.0614   0.0388   0.0131   0.0669  -0.10    1.1
2026/04/23 07:34:42.000   3509434.8218    779162.0276   5250961.8772   2   7   0.1084   0.0639   0.0614   0.0388   0.0131   0.0669   0.00    1.1
2026/04/23 07:34:42.100   3509434.8701    779162.0831   5250961.8300   2   7   0.1084   0.0639   0.0614   0.0388   0.0131   0.0668   0.10    1.1
2026/04/23 07:34:42.200   3509434.9280    779162.1283   5250961.7775   2   7   0.1083   0.0639   0.0614   0.0388   0.0131   0.0668   0.20    1.1
2026/04/23 07:34:42.300   3509434.9889    779162.1743   5250961.7258   2   7   0.1083   0.0639   0.0614   0.0388   0.0131   0.0668   0.30    1.1
2026/04/23 07:34:42.400   3509435.0502    779162.2202   5250961.6726   2   7   0.1083   0.0639   0.0614   0.0388   0.0131   0.0668   0.40    1.1
2026/04/23 07:34:42.500   3509435.1112    779162.2554   5250961.6208   2   7   0.1083   0.0639   0.0614   0.0388   0.0131   0.0668  -0.50    1.1
2026/04/23 07:34:42.600   3509435.1765    779162.2886   5250961.5683   2   7   0.1083   0.0639   0.0614   0.0387   0.0130   0.0668  -0.40    1.1
2026/04/23 07:34:42.700   3509435.2439    779162.3185   5250961.5151   2   7   0.1082   0.0639   0.0614   0.0387   0.0130   0.0668  -0.30    1.1
2026/04/23 07:34:42.800   3509435.3113    779162.3521   5250961.4583   2   7   0.1082   0.0639   0.0614   0.0387   0.0130   0.0667  -0.20    1.1
2026/04/23 07:34:42.900   3509435.3768    779162.3804   5250961.4045   2   7   0.1082   0.0638   0.0613   0.0387   0.0130   0.0667  -0.10    1.1
2026/04/23 07:34:43.000   3509435.4475    779162.4055   5250961.3491   2   7   0.1082   0.0638   0.0613   0.0387   0.0130   0.0667   0.00    1.1
2026/04/23 07:34:43.100   3509435.5201    779162.4282   5250961.2939   2   7   0.1082   0.0638   0.0613   0.0387   0.0130   0.0667   0.10    1.1
2026/04/23 07:34:43.200   3509435.5940    779162.4497   5250961.2427   2   7   0.1082   0.0638   0.0613   0.0387   0.0130   0.0667   0.20    1.1
2026/04/23 07:34:43.300   3509435.6630    779162.4607   5250961.1910   2   7   0.1081   0.0638   0.0613   0.0387   0.0130   0.0667   0.30    1.1
2026/04/23 07:34:43.400   3509435.7351    779162.4664   5250961.1383   2   7   0.1081   0.0638   0.0613   0.0387   0.0130   0.0667   0.40    1.1
2026/04/23 07:34:43.500   3509435.8102    779162.4657   5250961.0931   2   7   0.1081   0.0638   0.0613   0.0386   0.0130   0.0667  -0.50    1.1
2026/04/23 07:34:43.600   3509435.8767    779162.4657   5250961.0461   2   7   0.1081   0.0638   0.0613   0.0386   0.0130   0.0667  -0.40    1.1
2026/04/23 07:34:43.700   3509435.9528    779162.4586   5250960.9960   2   7   0.1081   0.0638   0.0613   0.0386   0.0130   0.0666  -0.30    1.1
2026/04/23 07:34:43.800   3509436.0307    779162.4421   5250960.9474   2   7   0.1081   0.0637   0.0613   0.0386   0.0130   0.0666  -0.20    1.1
2026/04/23 07:34:43.900   3509436.1072    779162.4209   5250960.8991   2   7   0.1080   0.0637   0.0613   0.0386   0.0130   0.0666  -0.10    1.1
2026/04/23 07:34:44.000   3509436.1798    779162.3927   5250960.8556   2   7   0.1080   0.0637   0.0613   0.0386   0.0130   0.0666   0.00    1.1
2026/04/23 07:34:44.100   3509436.2543    779162.3643   5250960.8099   2   7   0.1080   0.0637   0.0613   0.0386   0.0130   0.0666   0.10    1.1
2026/04/23 07:34:44.200   3509436.3266    779162.3318   5250960.7676   2   7   0.1080   0.0637   0.0613   0.0386   0.0130   0.0666   0.20    1.1
2026/04/23 07:34:44.300   3509436.3946    779162.2903   5250960.7263   2   7   0.1080   0.0637   0.0613   0.0386   0.0130   0.0666   0.30    1.1
2026/04/23 07:34:44.400   3509436.4637    779162.2473   5250960.6844   2   7   0.1080   0.0637   0.0612   0.0386   0.0130   0.0666   0.40    1.1
2026/04/23 07:34:44.500   3509436.5359    779162.2077   5250960.6409   2   7   0.1080   0.0637   0.0612   0.0386   0.0130   0.0666  -0.50    1.1
2026/04/23 07:34:44.600   3509436.6089    779162.1749   5250960.5946   2   7   0.1080   0.0637   0.0612   0.0386   0.0130   0.0666  -0.40    1.1
2026/04/23 07:34:44.700   3509436.6840    779162.1493   5250960.5472   2   7   0.1079   0.0636   0.0612   0.0386   0.0131   0.0666  -0.30    1.1
2026/04/23 07:34:44.800   3509436.7602    779162.1216   5250960.5045   2   7   0.1079   0.0636   0.0612   0.0385   0.0131   0.0666  -0.20    1.1
2026/04/23 07:34:44.900   3509436.8332    779162.1023   5250960.4587   2   7   0.1079   0.0636   0.0612   0.0385   0.0131   0.0666  -0.10    1.1
2026/04/23 07:34:45.000   3509436.9082    779162.0902   5250960.4104   2   7   0.1079   0.0636   0.0612   0.0385   0.0131   0.0666   0.00    1.1
2026/04/23 07:34:45.100   3509436.9847    779162.0809   5250960.3604   2   7   0.1079   0.0636   0.0612   0.0385   0.0131   0.0666   0.10    1.1
2026/04/23 07:34:45.200   3509437.0651    779162.0699   5250960.3062   2   7   0.1079   0.0636   0.0612   0.0385   0.0131   0.0666   0.20    1.1
2026/04/23 07:34:45.300   3509437.1427    779162.0625   5250960.2550   2   7   0.1079   0.0636   0.0612   0.0385   0.0131   0.0666   0.30    1.1
2026/04/23 07:34:45.400   3509437.2183    779162.0569   5250960.2040   2   7   0.1079   0.0636   0.0612   0.0385   0.0131   0.0665   0.40    1.1
2026/04/23 07:34:45.500   3509437.2956    779162.0490   5250960.1513   2   7   0.1079   0.0636   0.0612   0.0385   0.0131   0.0665  -0.50    1.1
2026/04/23 07:34:45.600   3509437.3684    779162.0378   5250960.1039   2   7   0.1079   0.0636   0.0612   0.0385   0.0131   0.0665  -0.40    1.1
2026/04/23 07:34:45.700   3509437.4388    779162.0286   5250960.0571   2   7   0.1078   0.0635   0.0612   0.0385   0.0131   0.0665  -0.30    1.1
2026/04/23 07:34:45.800   3509437.5147    779162.0173   5250960.0086   2   7   0.1078   0.0635   0.0612   0.0385   0.0131   0.0665  -0.20    1.1
2026/04/23 07:34:45.900   3509437.5908    779162.0078   5250959.9585   2   7   0.1078   0.0635   0.0612   0.0385   0.0131   0.0665  -0.10    1.1
2026/04/23 07:34:46.000   3509437.6673    779161.9971   5250959.9095   2   7   0.1078   0.0635   0.0612   0.0385   0.0131   0.0665   0.00    1.1
2026/04/23 07:34:46.100   3509437.7451    779161.9859   5250959.8612   2   7   0.1078   0.0635   0.0612   0.0385   0.0131   0.0665   0.10    1.1
2026/04/23 07:34:46.200   3509437.8241    779161.9756   5250959.8105   2   7   0.1078   0.0635   0.0612   0.0385   0.0131   0.0665   0.20    1.1
2026/04/23 07:34:46.300   3509437.9017    779161.9656   5250959.7637   2   7   0.1078   0.0635   0.0612   0.0385   0.0131   0.0665   0.30    1.1
2026/04/23 07:34:46.400   3509437.9810    779161.9561   5250959.7141   2   7   0.1078   0.0635   0.0612   0.0384   0.0131   0.0665   0.40    1.1
2026/04/23 07:34:46.500   3509438.0553    779161.9527   5250959.6611   2   7   0.1078   0.0635   0.0612   0.0384   0.0131   0.0665  -0.50    1.1
2026/04/23 07:34:46.600   3509438.1388    779161.9395   5250959.6095   2   7   0.1078   0.0635   0.0612   0.0384   0.0131   0.0665  -0.40    1.1
2026/04/23 07:34:46.700   3509438.2137    779161.9307   5250959.5573   2   7   0.1077   0.0634   0.0612   0.0384   0.0131   0.0665  -0.30    1.1
2026/04/23 07:34:46.800   3509438.2901    779161.9194   5250959.5069   2   7   0.1077   0.0634   0.0611   0.0384   0.0131   0.0665  -0.20    1.1
2026/04/23 07:34:46.900   3509438.3663    779161.9054   5250959.4596   2   7   0.1077   0.0634   0.0611   0.0384   0.0131   0.0665  -0.10    1.1
2026/04/23 07:34:47.000   3509438.4350    779161.8888   5250959.4152   2   7   0.1077   0.0634   0.0611   0.0384   0.0131   0.0665   0.00    1.1
2026/04/23 07:34:47.100   3509438.5100    779161.8813   5250959.3627   2   7   0.1077   0.0634   0.0611   0.0384   0.0131   0.0665   0.10    1.1
2026/04/23 07:34:47.200   3509438.5924    779161.8777   5250959.3102   2   7   0.1077   0.0635   0.0611   0.0384   0.0129   0.0665   0.20    1.1
2026/04/23 07:34:47.300   3509438.6752    779161.8687   5250959.2583   2   7   0.1077   0.0635   0.0612   0.0384   0.0128   0.0665   0.30    1.0
2026/04/23 07:34:47.400   3509438.7526    779161.8586   5250959.2086   2   7   0.1077   0.0636   0.0612   0.0384   0.0127   0.0665   0.40    1.0
2026/04/23 07:34:47.500   3509438.8272    779161.8517   5250959.1577   2   7   0.1077   0.0636   0.0612   0.0384   0.0126   0.0664  -0.50    1.0
2026/04/23 07:34:47.600   3509438.9031    779161.8389   5250959.1087   2   7   0.1077   0.0635   0.0612   0.0384   0.0126   0.0664  -0.40    1.0
2026/04/23 07:34:47.700   3509438.9753    779161.8253   5250959.0608   2   7   0.1077   0.0635   0.0612   0.0384   0.0127   0.0664  -0.30    1.0
2026/04/23 07:34:47.800   3509439.0546    779161.8078   5250959.0118   2   7   0.1076   0.0635   0.0612   0.0384   0.0127   0.0664  -0.20    1.1
2026/04/23 07:34:47.900   3509439.1252    779161.7892   5250958.9695   2   7   0.1076   0.0634   0.0612   0.0384   0.0127   0.0664  -0.10    1.1
2026/04/23 07:34:48.000   3509439.2003    779161.7708   5250958.9215   2   7   0.1076   0.0634   0.0612   0.0384   0.0128   0.0664   0.00    1.1
2026/04/23 07:34:48.100   3509439.2750    779161.7609   5250958.8749   2   7   0.1076   0.0634   0.0611   0.0384   0.0128   0.0664   0.10    1.1
2026/04/23 07:34:48.200   3509439.3527    779161.7498   5250958.8259   2   7   0.1076   0.0634   0.0611   0.0384   0.0128   0.0664   0.20    1.1
2026/04/23 07:34:48.300   3509439.4291    779161.7368   5250958.7744   2   7   0.1076   0.0633   0.0611   0.0384   0.0128   0.0664   0.30    1.1
2026/04/23 07:34:48.400   3509439.5063    779161.7224   5250958.7259   2   7   0.1076   0.0633   0.0611   0.0384   0.0129   0.0664   0.40    1.1
2026/04/23 07:34:48.500   3509439.5866    779161.7049   5250958.6754   2   7   0.1076   0.0633   0.0611   0.0384   0.0129   0.0664  -0.50    1.1
2026/04/23 07:34:48.600   3509439.6606    779161.6921   5250958.6273   2   7   0.1076   0.0633   0.0611   0.0384   0.0129   0.0664  -0.40    1.1
2026/04/23 07:34:48.700   3509439.7371    779161.6827   5250958.5797   2   7   0.1076   0.0633   0.0611   0.0383   0.0129   0.0664  -0.30    1.1
2026/04/23 07:34:48.800   3509439.8158    779161.6664   5250958.5311   2   7   0.1076   0.0633   0.0611   0.0383   0.0129   0.0664  -0.20    1.1
2026/04/23 07:34:48.900   3509439.8910    779161.6501   5250958.4821   2   7   0.1075   0.0633   0.0611   0.0383   0.0129   0.0664  -0.10    1.1
2026/04/23 07:34:49.000   3509439.9655    779161.6337   5250958.4351   2   7   0.1075   0.0632   0.0611   0.0383   0.0129   0.0664   0.00    1.1
2026/04/23 07:34:49.100   3509440.0424    779161.6234   5250958.3869   2   7   0.1075   0.0632   0.0611   0.0383   0.0129   0.0664   0.10    1.1
2026/04/23 07:34:49.200   3509440.1194    779161.6085   5250958.3408   2   7   0.1075   0.0632   0.0611   0.0383   0.0129   0.0664   0.20    1.1
2026/04/23 07:34:49.300   3509440.1973    779161.5903   5250958.2905   2   7   0.1075   0.0632   0.0611   0.0383   0.0129   0.0664   0.30    1.1
2026/04/23 07:34:49.400   3509440.2767    779161.5724   5250958.2410   2   7   0.1075   0.0632   0.0611   0.0383   0.0129   0.0664   0.40    1.1
2026/04/23 07:34:49.500   3509440.3526    779161.5552   5250958.1932   2   7   0.1075   0.0632   0.0611   0.0383   0.0129   0.0663  -0.50    1.1
2026/04/23 07:34:49.600   3509440.4345    779161.5402   5250958.1471   2   7   0.1075   0.0632   0.0611   0.0383   0.0129   0.0663  -0.40    1.1
2026/04/23 07:34:49.700   3509440.5141    779161.5233   5250958.0983   2   7   0.1075   0.0633   0.0611   0.0383   0.0128   0.0663  -0.30    1.1
2026/04/23 07:34:49.800   3509440.5976    779161.5048   5250958.0502   2   7   0.1075   0.0633   0.0611   0.0383   0.0127   0.0663  -0.20    1.1
2026/04/23 07:34:49.900   3509440.6820    779161.4841   5250957.9978   2   7   0.1075   0.0633   0.0611   0.0383   0.0127   0.0663  -0.10    1.1
2026/04/23 07:34:50.000   3509440.7621    779161.4655   5250957.9473   2   7   0.1074   0.0633   0.0611   0.0383   0.0127   0.0663   0.00    1.1
2026/04/23 07:34:50.100   3509440.8407    779161.4481   5250957.8984   2   7   0.1074   0.0633   0.0611   0.0383   0.0127   0.0663   0.10    1.0
2026/04/23 07:34:50.200   3509440.9168    779161.4297   5250957.8504   2   7   0.1074   0.0632   0.0611   0.0383   0.0127   0.0663   0.20    1.0
2026/04/23 07:34:50.300   3509440.9907    779161.4140   5250957.8030   2   7   0.1074   0.0632   0.0611   0.0383   0.0128   0.0663   0.30    1.1
2026/04/23 07:34:50.400   3509441.0709    779161.3952   5250957.7494   2   7   0.1074   0.0632   0.0611   0.0383   0.0128   0.0663   0.40    1.1
2026/04/23 07:34:50.500   3509441.1449    779161.3801   5250957.6995   2   7   0.1074   0.0632   0.0611   0.0383   0.0128   0.0663  -0.50    1.1
2026/04/23 07:34:50.600   3509441.2237    779161.3628   5250957.6434   2   7   0.1074   0.0631   0.0611   0.0383   0.0128   0.0663  -0.40    1.1
2026/04/23 07:34:50.700   3509441.2995    779161.3472   5250957.5920   2   7   0.1074   0.0631   0.0611   0.0383   0.0129   0.0663  -0.30    1.1
2026/04/23 07:34:50.800   3509441.3703    779161.3280   5250957.5432   2   7   0.1074   0.0631   0.0610   0.0383   0.0129   0.0663  -0.20    1.1
2026/04/23 07:34:50.900   3509441.4409    779161.3110   5250957.4954   2   7   0.1074   0.0631   0.0610   0.0382   0.0129   0.0663  -0.10    1.1
2026/04/23 07:34:51.000   3509441.5157    779161.2934   5250957.4507   2   7   0.1074   0.0631   0.0610   0.0382   0.0129   0.0663   0.00    1.1
2026/04/23 07:34:51.100   3509441.5983    779161.2742   5250957.4018   2   7   0.1073   0.0631   0.0610   0.0382   0.0129   0.0663   0.10    1.1
2026/04/23 07:34:51.200   3509441.6730    779161.2563   5250957.3524   2   7   0.1073   0.0630   0.0610   0.0382   0.0129   0.0663   0.20    1.1
2026/04/23 07:34:51.300   3509441.7488    779161.2357   5250957.3035   2   7   0.1073   0.0630   0.0610   0.0382   0.0129   0.0662   0.30    1.1
2026/04/23 07:34:51.400   3509441.8267    779161.2194   5250957.2564   2   7   0.1073   0.0630   0.0610   0.0382   0.0129   0.0662   0.40    1.1
2026/04/23 07:34:51.500   3509441.9093    779161.2026   5250957.2052   2   7   0.1073   0.0630   0.0610   0.0382   0.0130   0.0662  -0.50    1.1
2026/04/23 07:34:51.600   3509441.9865    779161.1829   5250957.1556   2   7   0.1073   0.0630   0.0610   0.0382   0.0130   0.0662  -0.40    1.1
2026/04/23 07:34:51.700   3509442.0694    779161.1606   5250957.1060   2   7   0.1073   0.0630   0.0610   0.0382   0.0130   0.0662  -0.30    1.1
2026/04/23 07:34:51.800   3509442.1536    779161.1392   5250957.0548   2   7   0.1073   0.0630   0.0610   0.0382   0.0130   0.0662  -0.20    1.1
2026/04/23 07:34:51.900   3509442.2335    779161.1185   5250957.0040   2   7   0.1073   0.0630   0.0610   0.0382   0.0130   0.0662  -0.10    1.1
2026/04/23 07:34:52.000   3509442.3109    779161.0994   5250956.9539   2   7   0.1073   0.0630   0.0610   0.0382   0.0130   0.0662   0.00    1.1
2026/04/23 07:34:52.100   3509442.3925    779161.0790   5250956.9045   2   7   0.1073   0.0629   0.0610   0.0382   0.0130   0.0662   0.10    1.1
2026/04/23 07:34:52.200   3509442.4753    779161.0567   5250956.8555   2   7   0.1072   0.0629   0.0610   0.0382   0.0130   0.0662   0.20    1.2
2026/04/23 07:34:52.300   3509442.5519    779161.0341   5250956.8095   2   7   0.1072   0.0629   0.0610   0.0382   0.0130   0.0662   0.30    1.2
2026/04/23 07:34:52.400   3509442.6317    779161.0128   5250956.7644   2   7   0.1072   0.0629   0.0610   0.0382   0.0130   0.0662   0.40    1.2
2026/04/23 07:34:52.500   3509442.7047    779160.9920   5250956.7210   2   7   0.1072   0.0629   0.0610   0.0382   0.0130   0.0662  -0.50    1.2
2026/04/23 07:34:52.600   3509442.7822    779160.9755   5250956.6733   2   7   0.1072   0.0629   0.0610   0.0382   0.0130   0.0662  -0.40    1.2
2026/04/23 07:34:52.700   3509442.8566    779160.9583   5250956.6267   2   7   0.1072   0.0629   0.0610   0.0382   0.0130   0.0662  -0.30    1.2
2026/04/23 07:34:52.800   3509442.9323    779160.9422   5250956.5783   2   7   0.1072   0.0629   0.0610   0.0382   0.0130   0.0662  -0.20    1.2
2026/04/23 07:34:52.900   3509443.0072    779160.9269   5250956.5305   2   7   0.1072   0.0629   0.0610   0.0382   0.0130   0.0662  -0.10    1.2
2026/04/23 07:34:53.000   3509443.0822    779160.9145   5250956.4841   2   7   0.1072   0.0629   0.0609   0.0382   0.0130   0.0662   0.00    1.2
2026/04/23 07:34:53.100   3509443.1587    779160.9010   5250956.4364   2   7   0.1072   0.0628   0.0609   0.0382   0.0130   0.0661   0.10    1.2
2026/04/23 07:34:53.200   3509443.2319    779160.8882   5250956.3886   2   7   0.1072   0.0628   0.0609   0.0381   0.0130   0.0661   0.20    1.2
2026/04/23 07:34:53.300   3509443.3122    779160.8757   5250956.3401   2   7   0.1071   0.0628   0.0609   0.0381   0.0130   0.0661   0.30    1.2
2026/04/23 07:34:53.400   3509443.3948    779160.8611   5250956.2899   2   7   0.1071   0.0628   0.0609   0.0381   0.0130   0.0661   0.40    1.2
2026/04/23 07:34:53.500   3509443.4756    779160.8492   5250956.2398   2   7   0.1071   0.0628   0.0609   0.0381   0.0130   0.0661  -0.50    1.2
2026/04/23 07:34:53.600   3509443.5550    779160.8366   5250956.1929   2   7   0.1071   0.0628   0.0609   0.0381   0.0130   0.0661  -0.40    1.2
2026/04/23 07:34:53.700   3509443.6315    779160.8255   5250956.1466   2   7   0.1071   0.0628   0.0609   0.0381   0.0130   0.0661  -0.30    1.2
2026/04/23 07:34:53.800   3509443.7097    779160.8151   5250956.0966   2   7   0.1071   0.0628   0.0609   0.0381   0.0130   0.0661  -0.20    1.2
2026/04/23 07:34:53.900   3509443.7839    779160.8008   5250956.0490   2   7   0.1071   0.0628   0.0609   0.0381   0.0130   0.0661  -0.10    1.2
2026/04/23 07:34:54.000   3509443.8640    779160.7855   5250955.9937   2   7   0.1071   0.0628   0.0609   0.0381   0.0130   0.0661   0.00    1.2
2026/04/23 07:34:54.100   3509443.9380    779160.7739   5250955.9420   2   7   0.1071   0.0627   0.0609   0.0381   0.0130   0.0661   0.10    1.2
2026/04/23 07:34:54.200   3509444.0077    779160.7668   5250955.8946   2   7   0.1071   0.0627   0.0609   0.0381   0.0130   0.0661   0.20    1.2
2026/04/23 07:34:54.300   3509444.0833    779160.7548   5250955.8432   2   7   0.1071   0.0627   0.0609   0.0381   0.0130   0.0661   0.30    1.2
2026/04/23 07:34:54.400   3509444.1613    779160.7434   5250955.7923   2   7   0.1070   0.0627   0.0609   0.0381   0.0130   0.0661   0.40    1.2
2026/04/23 07:34:54.500   3509444.2352    779160.7345   5250955.7414   2   7   0.1070   0.0627   0.0609   0.0381   0.0130   0.0661  -0.50    1.2
2026/04/23 07:34:54.600   3509444.3132    779160.7241   5250955.6899   2   7   0.1070   0.0627   0.0609   0.0381   0.0130   0.0661  -0.40    1.2
2026/04/23 07:34:54.700   3509444.3923    779160.7150   5250955.6431   2   7   0.1070   0.0627   0.0609   0.0381   0.0130   0.0661  -0.30    1.2
2026/04/23 07:34:54.800   3509444.4708    779160.7063   5250955.5957   2   7   0.1070   0.0627   0.0609   0.0381   0.0130   0.0660  -0.20    1.2
2026/04/23 07:34:54.900   3509444.5479    779160.7001   5250955.5467   2   7   0.1070   0.0627   0.0609   0.0381   0.0130   0.0660  -0.10    1.2
2026/04/23 07:34:55.000   3509444.6285    779160.6898   5250955.4987   2   7   0.1070   0.0627   0.0609   0.0381   0.0130   0.0660   0.00    1.2
2026/04/23 07:34:55.100   3509444.7097    779160.6800   5250955.4517   2   7   0.1070   0.0626   0.0609   0.0381   0.0130   0.0660   0.10    1.2
2026/04/23 07:34:55.200   3509444.7907    779160.6702   5250955.4022   2   7   0.1070   0.0626   0.0609   0.0381   0.0130   0.0660   0.20    1.2
2026/04/23 07:34:55.300   3509444.8702    779160.6635   5250955.3521   2   7   0.1070   0.0626   0.0609   0.0380   0.0130   0.0660   0.30    1.2
2026/04/23 07:34:55.400   3509444.9454    779160.6593   5250955.3022   2   7   0.1070   0.0626   0.0609   0.0380   0.0130   0.0660   0.40    1.2
2026/04/23 07:34:55.500   3509445.0185    779160.6545   5250955.2530   2   7   0.1069   0.0626   0.0609   0.0380   0.0130   0.0660  -0.50    1.2
2026/04/23 07:34:55.600   3509445.0952    779160.6438   5250955.2042   2   7   0.1069   0.0626   0.0609   0.0380   0.0130   0.0660  -0.40    1.2
2026/04/23 07:34:55.700   3509445.1712    779160.6316   5250955.1591   2   7   0.1069   0.0626   0.0608   0.0380   0.0130   0.0660  -0.30    1.2
2026/04/23 07:34:55.800   3509445.2449    779160.6214   5250955.1120   2   7   0.1069   0.0626   0.0608   0.0380   0.0130   0.0660  -0.20    1.2
2026/04/23 07:34:55.900   3509445.3253    779160.6135   5250955.0610   2   7   0.1069   0.0626   0.0608   0.0380   0.0130   0.0660  -0.10    1.2
2026/04/23 07:34:56.000   3509445.3984    779160.6024   5250955.0153   2   7   0.1069   0.0626   0.0608   0.0380   0.0130   0.0660   0.00    1.2
2026/04/23 07:34:56.100   3509445.4786    779160.5912   5250954.9644   2   7   0.1069   0.0625   0.0608   0.0380   0.0130   0.0660   0.10    1.2
2026/04/23 07:34:56.200   3509445.5547    779160.5838   5250954.9105   2   7   0.1069   0.0625   0.0608   0.0380   0.0130   0.0660   0.20    1.2
2026/04/23 07:34:56.300   3509445.6280    779160.5702   5250954.8628   2   7   0.1069   0.0625   0.0608   0.0380   0.0131   0.0660   0.30    1.2
2026/04/23 07:34:56.400   3509445.7062    779160.5589   5250954.8148   2   7   0.1069   0.0625   0.0608   0.0380   0.0131   0.0660   0.40    1.2
2026/04/23 07:34:56.500   3509445.7871    779160.5414   5250954.7665   2   7   0.1069   0.0625   0.0608   0.0380   0.0131   0.0660  -0.50    1.2
2026/04/23 07:34:56.600   3509445.8652    779160.5195   5250954.7184   2   7   0.1068   0.0625   0.0608   0.0380   0.0131   0.0659  -0.40    1.2
2026/04/23 07:34:56.700   3509445.9424    779160.4923   5250954.6741   2   7   0.1068   0.0625   0.0608   0.0380   0.0131   0.0659  -0.30    1.2
2026/04/23 07:34:56.800   3509446.0090    779160.4618   5250954.6329   2   7   0.1068   0.0625   0.0608   0.0380   0.0131   0.0659  -0.20    1.2
2026/04/23 07:34:56.900   3509446.0758    779160.4193   5250954.5931   2   7   0.1068   0.0625   0.0608   0.0380   0.0131   0.0659  -0.10    1.2
2026/04/23 07:34:57.000   3509446.1453    779160.3713   5250954.5569   2   7   0.1068   0.0625   0.0608   0.0380   0.0131   0.0659   0.00    1.2
2026/04/23 07:34:57.100   3509446.2113    779160.3151   5250954.5248   2   7   0.1068   0.0625   0.0608   0.0380   0.0131   0.0659   0.10    1.2
2026/04/23 07:34:57.200   3509446.2686    779160.2501   5250954.4937   2   7   0.1068   0.0624   0.0608   0.0380   0.0131   0.0659   0.20    1.2
2026/04/23 07:34:57.300   3509446.3307    779160.1867   5250954.4639   2   7   0.1068   0.0624   0.0608   0.0380   0.0131   0.0659   0.30    1.2
2026/04/23 07:34:57.400   3509446.3850    779160.1170   5250954.4428   2   7   0.1068   0.0624   0.0608   0.0380   0.0131   0.0659   0.40    1.2
2026/04/23 07:34:57.500   3509446.4404    779160.0494   5250954.4153   2   7   0.1068   0.0624   0.0608   0.0379   0.0131   0.0659  -0.50    1.2
2026/04/23 07:34:57.600   3509446.4917    779159.9774   5250954.3955   2   7   0.1068   0.0624   0.0608   0.0379   0.0131   0.0659  -0.40    1.2
2026/04/23 07:34:57.700   3509446.5459    779159.8970   5250954.3739   2   7   0.1067   0.0624   0.0608   0.0379   0.0131   0.0659  -0.30    1.2
2026/04/23 07:34:57.800   3509446.5948    779159.8177   5250954.3571   2   7   0.1067   0.0624   0.0608   0.0379   0.0131   0.0659  -0.20    1.2
2026/04/23 07:34:57.900   3509446.6393    779159.7415   5250954.3431   2   7   0.1067   0.0624   0.0608   0.0379   0.0131   0.0659  -0.10    1.2
2026/04/23 07:34:58.000   3509446.6809    779159.6617   5250954.3286   2   7   0.1067   0.0624   0.0607   0.0379   0.0131   0.0659   0.00    1.2
2026/04/23 07:34:58.100   3509446.7118    779159.5809   5250954.3191   2   7   0.1067   0.0624   0.0607   0.0379   0.0131   0.0659   0.10    1.2
2026/04/23 07:34:58.200   3509446.7480    779159.5025   5250954.3093   2   7   0.1067   0.0623   0.0607   0.0379   0.0131   0.0659   0.20    1.2
2026/04/23 07:34:58.300   3509446.7752    779159.4172   5250954.3042   2   7   0.1067   0.0623   0.0607   0.0379   0.0131   0.0658   0.30    1.1
2026/04/23 07:34:58.400   3509446.8022    779159.3339   5250954.2998   2   7   0.1067   0.0623   0.0607   0.0379   0.0131   0.0658   0.40    1.1
2026/04/23 07:34:58.500   3509446.8251    779159.2514   5250954.2993   2   7   0.1067   0.0623   0.0607   0.0379   0.0131   0.0658  -0.50    1.1
2026/04/23 07:34:58.600   3509446.8459    779159.1651   5250954.3010   2   7   0.1067   0.0623   0.0607   0.0379   0.0131   0.0658  -0.40    1.1
2026/04/23 07:34:58.700   3509446.8615    779159.0755   5250954.3070   2   7   0.1067   0.0623   0.0607   0.0379   0.0131   0.0658  -0.30    1.1
2026/04/23 07:34:58.800   3509446.8675    779158.9833   5250954.3173   2   7   0.1066   0.0623   0.0607   0.0379   0.0131   0.0658  -0.20    1.1
2026/04/23 07:34:58.900   3509446.8721    779158.8878   5250954.3297   2   7   0.1066   0.0623   0.0607   0.0379   0.0131   0.0658  -0.10    1.1
2026/04/23 07:34:59.000   3509446.8735    779158.7984   5250954.3429   2   7   0.1066   0.0623   0.0607   0.0379   0.0131   0.0658   0.00    1.1
2026/04/23 07:34:59.100   3509446.8726    779158.7042   5250954.3576   2   7   0.1066   0.0623   0.0607   0.0379   0.0131   0.0658   0.10    1.1
2026/04/23 07:34:59.200   3509446.8673    779158.6059   5250954.3768   2   8   0.1066   0.0623   0.0607   0.0379   0.0131   0.0658   0.20    1.1
2026/04/23 07:34:59.300   3509446.8538    779158.5155   5250954.3952   2   8   0.1066   0.0622   0.0607   0.0379   0.0131   0.0658   0.30    1.1
2026/04/23 07:34:59.400   3509446.8364    779158.4292   5250954.4168   2   8   0.1065   0.0622   0.0607   0.0379   0.0131   0.0658   0.40    1.1
2026/04/23 07:34:59.500   3509446.8269    779158.3402   5250954.4373   2   8   0.1065   0.0622   0.0607   0.0379   0.0131   0.0658  -0.50    1.1
2026/04/23 07:34:59.600   3509446.8145    779158.2531   5250954.4575   2   8   0.1065   0.0622   0.0607   0.0379   0.0131   0.0657  -0.40    1.1
2026/04/23 07:34:59.700   3509446.8001    779158.1669   5250954.4801   2   8   0.1064   0.0622   0.0607   0.0379   0.0131   0.0657  -0.30    1.1
2026/04/23 07:34:59.800   3509446.7941    779158.0876   5250954.4984   2   8   0.1064   0.0622   0.0607   0.0379   0.0131   0.0657  -0.20    1.1
2026/04/23 07:34:59.900   3509446.7851    779158.0104   5250954.5157   2   8   0.1063   0.0622   0.0606   0.0379   0.0131   0.0657  -0.10    1.1
2026/04/23 07:35:00.000   3509446.7795    779157.9332   5250954.5334   2   8   0.1063   0.0622   0.0606   0.0379   0.0131   0.0657   0.00    1.1
2026/04/23 07:35:00.100   3509446.7825    779157.8517   5250954.5476   2   8   0.1063   0.0622   0.0606   0.0379   0.0131   0.0657   0.10    1.1
2026/04/23 07:35:00.200   3509446.7848    779157.7660   5250954.5587   2   8   0.1062   0.0621   0.0606   0.0379   0.0131   0.0657   0.20    1.1
2026/04/23 07:35:00.300   3509446.7833    779157.6744   5250954.5760   2   8   0.1062   0.0621   0.0606   0.0379   0.0131   0.0657   0.30    1.1
2026/04/23 07:35:00.400   3509446.7835    779157.5830   5250954.5938   2   8   0.1061   0.0621   0.0606   0.0379   0.0131   0.0657   0.40    1.1
2026/04/23 07:35:00.500   3509446.7829    779157.4923   5250954.6111   2   8   0.1061   0.0621   0.0606   0.0379   0.0131   0.0657  -0.50    1.1
2026/04/23 07:35:00.600   3509446.7816    779157.3976   5250954.6309   2   8   0.1061   0.0621   0.0606   0.0379   0.0131   0.0656  -0.40    1.1
2026/04/23 07:35:00.700   3509446.7826    779157.3010   5250954.6476   2   8   0.1060   0.0621   0.0606   0.0379   0.0131   0.0656  -0.30    1.1
2026/04/23 07:35:00.800   3509446.7793    779157.2035   5250954.6672   2   8   0.1060   0.0621   0.0606   0.0379   0.0131   0.0656  -0.20    1.1
2026/04/23 07:35:00.900   3509446.7686    779157.1073   5250954.6953   2   8   0.1060   0.0621   0.0606   0.0379   0.0131   0.0656  -0.10    1.1
2026/04/23 07:35:01.000   3509446.7580    779157.0127   5250954.7170   2   8   0.1060   0.0621   0.0607   0.0379   0.0130   0.0655   0.00    1.2
2026/04/23 07:35:01.100   3509446.7492    779156.9167   5250954.7384   2   8   0.1060   0.0621   0.0608   0.0379   0.0130   0.0654   0.10    1.3
2026/04/23 07:35:01.200   3509446.7362    779156.8260   5250954.7628   2   8   0.1060   0.0621   0.0608   0.0379   0.0130   0.0653   0.20    1.3
2026/04/23 07:35:01.300   3509446.7232    779156.7375   5250954.7875   2   8   0.1060   0.0620   0.0608   0.0379   0.0130   0.0653   0.30    1.3
2026/04/23 07:35:01.400   3509446.7068    779156.6513   5250954.8095   2   8   0.1060   0.0620   0.0608   0.0379   0.0130   0.0653   0.40    1.2
2026/04/23 07:35:01.500   3509446.6992    779156.5648   5250954.8342   2   8   0.1059   0.0620   0.0608   0.0379   0.0130   0.0653  -0.50    1.2
2026/04/23 07:35:01.600   3509446.6876    779156.4796   5250954.8564   2   8   0.1059   0.0620   0.0608   0.0379   0.0130   0.0653  -0.40    1.2
2026/04/23 07:35:01.700   3509446.6706    779156.3969   5250954.8827   2   8   0.1059   0.0620   0.0607   0.0379   0.0130   0.0653  -0.30    1.2
2026/04/23 07:35:01.800   3509446.6597    779156.3083   5250954.9053   2   8   0.1059   0.0620   0.0608   0.0379   0.0130   0.0652  -0.20    1.1
2026/04/23 07:35:01.900   3509446.6505    779156.2193   5250954.9235   2   8   0.1058   0.0620   0.0608   0.0379   0.0130   0.0652  -0.10    1.3
2026/04/23 07:35:02.000   3509446.6402    779156.1276   5250954.9435   2   8   0.1058   0.0620   0.0608   0.0379   0.0130   0.0651   0.00    1.3
2026/04/23 07:35:02.100   3509446.6305    779156.0389   5250954.9637   2   8   0.1058   0.0620   0.0608   0.0379   0.0130   0.0651   0.10    1.3
2026/04/23 07:35:02.200   3509446.6169    779155.9503   5250954.9855   2   8   0.1058   0.0620   0.0608   0.0378   0.0130   0.0651   0.20    1.3
2026/04/23 07:35:02.300   3509446.6071    779155.8650   5250955.0052   2   8   0.1058   0.0619   0.0607   0.0378   0.0130   0.0651   0.30    1.2
2026/04/23 07:35:02.400   3509446.6044    779155.7766   5250955.0207   2   8   0.1057   0.0619   0.0607   0.0378   0.0130   0.0651   0.40    1.2
2026/04/23 07:35:02.500   3509446.6041    779155.6843   5250955.0374   2   8   0.1057   0.0619   0.0607   0.0378   0.0130   0.0651  -0.50    1.2
2026/04/23 07:35:02.600   3509446.6010    779155.5931   5250955.0547   2   8   0.1057   0.0619   0.0606   0.0378   0.0130   0.0651  -0.40    1.2
2026/04/23 07:35:02.700   3509446.5928    779155.5024   5250955.0734   2   8   0.1056   0.0619   0.0606   0.0378   0.0130   0.0652  -0.30    1.2
2026/04/23 07:35:02.800   3509446.5827    779155.4128   5250955.0923   2   8   0.1056   0.0619   0.0606   0.0378   0.0130   0.0652  -0.20    1.2
2026/04/23 07:35:02.900   3509446.5757    779155.3265   5250955.1119   2   8   0.1056   0.0619   0.0605   0.0378   0.0131   0.0652  -0.10    1.2
2026/04/23 07:35:03.000   3509446.5754    779155.2371   5250955.1264   2   8   0.1056   0.0619   0.0605   0.0378   0.0131   0.0652   0.00    1.1
2026/04/23 07:35:03.100   3509446.5802    779155.1416   5250955.1384   2   8   0.1056   0.0619   0.0605   0.0378   0.0131   0.0652   0.10    1.1
2026/04/23 07:35:03.200   3509446.5799    779155.0501   5250955.1541   2   8   0.1056   0.0619   0.0604   0.0378   0.0131   0.0652   0.20    1.1
2026/04/23 07:35:03.300   3509446.5730    779154.9568   5250955.1740   2   8   0.1055   0.0619   0.0604   0.0378   0.0131   0.0652   0.30    1.1
2026/04/23 07:35:03.400   3509446.5633    779154.8696   5250955.1950   2   8   0.1055   0.0618   0.0604   0.0378   0.0131   0.0652   0.40    1.1
2026/04/23 07:35:03.500   3509446.5502    779154.7858   5250955.2176   2   8   0.1055   0.0618   0.0604   0.0378   0.0131   0.0651  -0.50    1.1
2026/04/23 07:35:03.600   3509446.5382    779154.6970   5250955.2405   2   8   0.1055   0.0618   0.0604   0.0378   0.0131   0.0651  -0.40    1.1
2026/04/23 07:35:03.700   3509446.5252    779154.6013   5250955.2621   2   8   0.1055   0.0618   0.0604   0.0378   0.0131   0.0651  -0.30    1.1
2026/04/23 07:35:03.800   3509446.5149    779154.5025   5250955.2867   2   8   0.1055   0.0618   0.0603   0.0378   0.0131   0.0651  -0.20    1.1
2026/04/23 07:35:03.900   3509446.5015    779154.4050   5250955.3101   2   8   0.1055   0.0618   0.0603   0.0378   0.0131   0.0651  -0.10    1.0
2026/04/23 07:35:04.000   3509446.4892    779154.3154   5250955.3321   2   8   0.1055   0.0618   0.0603   0.0378   0.0131   0.0651   0.00    1.0
2026/04/23 07:35:04.100   3509446.4764    779154.2285   5250955.3568   2   8   0.1055   0.0618   0.0603   0.0378   0.0131   0.0651   0.10    1.0
2026/04/23 07:35:04.200   3509446.4610    779154.1431   5250955.3794   2   8   0.1054   0.0618   0.0603   0.0378   0.0131   0.0651   0.20    1.0
2026/04/23 07:35:04.300   3509446.4448    779154.0544   5250955.4012   2   8   0.1054   0.0618   0.0603   0.0378   0.0131   0.0651   0.30    1.0
2026/04/23 07:35:04.400   3509446.4304    779153.9654   5250955.4223   2   8   0.1054   0.0618   0.0603   0.0378   0.0131   0.0651   0.40    1.0
2026/04/23 07:35:04.500   3509446.4183    779153.8825   5250955.4402   2   8   0.1054   0.0617   0.0603   0.0378   0.0131   0.0651  -0.50    1.0
2026/04/23 07:35:04.600   3509446.4080    779153.7960   5250955.4569   2   8   0.1054   0.0617   0.0603   0.0378   0.0131   0.0651  -0.40    1.0
2026/04/23 07:35:04.700   3509446.3937    779153.7040   5250955.4769   2   8   0.1054   0.0617   0.0603   0.0378   0.0131   0.0651  -0.30    1.0
2026/04/23 07:35:04.800   3509446.3837    779153.6093   5250955.4978   2   8   0.1054   0.0617   0.0603   0.0378   0.0131   0.0651  -0.20    1.0
2026/04/23 07:35:04.900   3509446.3745    779153.5141   5250955.5158   2   8   0.1054   0.0617   0.0602   0.0378   0.0131   0.0651  -0.10    1.0
2026/04/23 07:35:05.000   3509446.3702    779153.4189   5250955.5358   2   8   0.1053   0.0617   0.0602   0.0378   0.0131   0.0651   0.00    1.0
2026/04/23 07:35:05.100   3509446.3663    779153.3257   5250955.5551   2   8   0.1053   0.0617   0.0602   0.0378   0.0131   0.0651   0.10    1.0
2026/04/23 07:35:05.200   3509446.3571    779153.2342   5250955.5813   2   8   0.1053   0.0617   0.0602   0.0378   0.0131   0.0651   0.20    1.0
2026/04/23 07:35:05.300   3509446.3454    779153.1421   5250955.6062   2   8   0.1053   0.0617   0.0602   0.0378   0.0131   0.0650   0.30    1.0
2026/04/23 07:35:05.400   3509446.3355    779153.0543   5250955.6335   2   8   0.1053   0.0617   0.0602   0.0378   0.0131   0.0650   0.40    1.0
2026/04/23 07:35:05.500   3509446.3254    779152.9642   5250955.6594   2   8   0.1053   0.0617   0.0602   0.0378   0.0131   0.0650  -0.50    1.0
2026/04/23 07:35:05.600   3509446.3190    779152.8756   5250955.6843   2   8   0.1053   0.0616   0.0602   0.0377   0.0131   0.0650  -0.40    1.0
2026/04/23 07:35:05.700   3509446.3115    779152.7872   5250955.7088   2   8   0.1053   0.0616   0.0602   0.0377   0.0131   0.0650  -0.30    1.0
2026/04/23 07:35:05.800   3509446.3006    779152.6984   5250955.7355   2   8   0.1052   0.0616   0.0602   0.0377   0.0131   0.0650  -0.20    1.0
2026/04/23 07:35:05.900   3509446.2926    779152.6097   5250955.7572   2   8   0.1052   0.0616   0.0602   0.0377   0.0131   0.0650  -0.10    1.0
2026/04/23 07:35:06.000   3509446.2892    779152.5194   5250955.7817   2   8   0.1052   0.0616   0.0602   0.0377   0.0131   0.0650   0.00    1.0
2026/04/23 07:35:06.100   3509446.2887    779152.4267   5250955.8013   2   8   0.1053   0.0616   0.0602   0.0377   0.0131   0.0650   0.10    1.0
2026/04/23 07:35:06.200   3509446.2925    779152.3364   5250955.8202   2   8   0.1054   0.0616   0.0602   0.0377   0.0131   0.0650   0.20    1.0
2026/04/23 07:35:06.300   3509446.2937    779152.2484   5250955.8406   2   8   0.1055   0.0616   0.0602   0.0376   0.0131   0.0650   0.30    1.0
2026/04/23 07:35:06.400   3509446.2964    779152.1612   5250955.8614   2   8   0.1055   0.0616   0.0602   0.0376   0.0131   0.0651   0.40    1.0
2026/04/23 07:35:06.500   3509446.3006    779152.0698   5250955.8798   2   8   0.1055   0.0616   0.0602   0.0377   0.0131   0.0651  -0.50    1.0
2026/04/23 07:35:06.600   3509446.3015    779151.9791   5250955.9000   2   8   0.1055   0.0616   0.0602   0.0377   0.0131   0.0651  -0.40    1.0
2026/04/23 07:35:06.700   3509446.2999    779151.8855   5250955.9221   2   8   0.1055   0.0615   0.0602   0.0377   0.0131   0.0651  -0.30    1.0
2026/04/23 07:35:06.800   3509446.2936    779151.7918   5250955.9474   2   8   0.1055   0.0615   0.0602   0.0377   0.0131   0.0651  -0.20    1.0
2026/04/23 07:35:06.900   3509446.2890    779151.6984   5250955.9716   2   8   0.1054   0.0615   0.0602   0.0377   0.0132   0.0651  -0.10    1.0
2026/04/23 07:35:07.000   3509446.2848    779151.6024   5250955.9948   2   8   0.1054   0.0615   0.0602   0.0377   0.0132   0.0651   0.00    1.0
2026/04/23 07:35:07.100   3509446.2779    779151.5055   5250956.0195   2   8   0.1054   0.0615   0.0602   0.0377   0.0132   0.0651   0.10    1.0
2026/04/23 07:35:07.200   3509446.2675    779151.4134   5250956.0471   2   8   0.1053   0.0615   0.0602   0.0377   0.0132   0.0651   0.20    1.0
2026/04/23 07:35:07.300   3509446.2561    779151.3213   5250956.0725   2   8   0.1053   0.0615   0.0602   0.0377   0.0132   0.0651   0.30    1.0
2026/04/23 07:35:07.400   3509446.2537    779151.2352   5250956.0926   2   8   0.1053   0.0615   0.0602   0.0377   0.0132   0.0651   0.40    1.0
2026/04/23 07:35:07.500   3509446.2530    779151.1546   5250956.1087   2   8   0.1052   0.0615   0.0602   0.0377   0.0132   0.0651  -0.50    1.0
2026/04/23 07:35:07.600   3509446.2511    779151.0657   5250956.1277   2   8   0.1052   0.0615   0.0602   0.0377   0.0133   0.0651  -0.40    1.0
2026/04/23 07:35:07.700   3509446.2442    779150.9787   5250956.1470   2   8   0.1052   0.0615   0.0602   0.0377   0.0133   0.0651  -0.30    1.0
2026/04/23 07:35:07.800   3509446.2385    779150.8915   5250956.1650   2   8   0.1052   0.0614   0.0602   0.0377   0.0133   0.0651  -0.20    1.0
2026/04/23 07:35:07.900   3509446.2349    779150.8023   5250956.1808   2   8   0.1051   0.0614   0.0602   0.0377   0.0133   0.0650  -0.10    1.0
2026/04/23 07:35:08.000   3509446.2320    779150.7153   5250956.1988   2   8   0.1051   0.0614   0.0602   0.0377   0.0133   0.0650   0.00    1.0
2026/04/23 07:35:08.100   3509446.2322    779150.6246   5250956.2134   2   8   0.1051   0.0614   0.0602   0.0377   0.0132   0.0650   0.10    1.0
2026/04/23 07:35:08.200   3509446.2340    779150.5313   5250956.2304   2   8   0.1051   0.0614   0.0602   0.0377   0.0132   0.0650   0.20    1.0
2026/04/23 07:35:08.300   3509446.2329    779150.4354   5250956.2480   2   8   0.1051   0.0614   0.0602   0.0377   0.0132   0.0650   0.30    1.0
2026/04/23 07:35:08.400   3509446.2316    779150.3411   5250956.2671   2   8   0.1050   0.0614   0.0601   0.0377   0.0132   0.0650   0.40    1.0
2026/04/23 07:35:08.500   3509446.2289    779150.2465   5250956.2857   2   8   0.1050   0.0614   0.0601   0.0377   0.0132   0.0650  -0.50    1.0
2026/04/23 07:35:08.600   3509446.2285    779150.1462   5250956.3030   2   8   0.1050   0.0614   0.0601   0.0377   0.0133   0.0649  -0.40    1.0
2026/04/23 07:35:08.700   3509446.2274    779150.0333   5250956.3247   2   8   0.1050   0.0614   0.0601   0.0377   0.0132   0.0649  -0.30    1.0
2026/04/23 07:35:08.800   3509446.2167    779149.9127   5250956.3491   2   8   0.1050   0.0614   0.0601   0.0377   0.0132   0.0649  -0.20    1.0
2026/04/23 07:35:08.900   3509446.2080    779149.7941   5250956.3707   2   8   0.1049   0.0613   0.0601   0.0377   0.0132   0.0649  -0.10    1.0
2026/04/23 07:35:09.000   3509446.2013    779149.6757   5250956.3922   2   8   0.1050   0.0613   0.0601   0.0376   0.0133   0.0649   0.00    1.0
2026/04/23 07:35:09.100   3509446.1897    779149.5577   5250956.4167   2   8   0.1051   0.0613   0.0601   0.0376   0.0132   0.0649   0.10    1.0
2026/04/23 07:35:09.200   3509446.1804    779149.4411   5250956.4399   2   8   0.1052   0.0613   0.0601   0.0376   0.0132   0.0649   0.20    1.0
2026/04/23 07:35:09.300   3509446.1708    779149.3215   5250956.4637   2   8   0.1052   0.0613   0.0601   0.0376   0.0132   0.0649   0.30    1.0
2026/04/23 07:35:09.400   3509446.1625    779149.2041   5250956.4871   2   8   0.1052   0.0613   0.0601   0.0376   0.0132   0.0649   0.40    1.0
2026/04/23 07:35:09.500   3509446.1526    779149.0913   5250956.5110   2   8   0.1052   0.0613   0.0601   0.0376   0.0132   0.0649  -0.50    1.0
2026/04/23 07:35:09.600   3509446.1367    779148.9822   5250956.5350   2   8   0.1052   0.0613   0.0601   0.0376   0.0132   0.0649  -0.40    1.0
2026/04/23 07:35:09.700   3509446.1167    779148.8771   5250956.5605   2   8   0.1052   0.0613   0.0601   0.0376   0.0133   0.0650  -0.30    1.0
2026/04/23 07:35:09.800   3509446.1047    779148.7721   5250956.5851   2   8   0.1051   0.0613   0.0601   0.0376   0.0133   0.0650  -0.20    1.0
2026/04/23 07:35:09.900   3509446.0898    779148.6648   5250956.6061   2   8   0.1051   0.0613   0.0601   0.0376   0.0133   0.0650  -0.10    1.0
2026/04/23 07:35:10.000   3509446.0838    779148.5526   5250956.6314   2   8   0.1051   0.0612   0.0601   0.0376   0.0133   0.0650   0.00    1.0
2026/04/23 07:35:10.100   3509446.0734    779148.4369   5250956.6573   2   8   0.1050   0.0612   0.0601   0.0376   0.0133   0.0650   0.10    1.0
2026/04/23 07:35:10.200   3509446.0679    779148.3171   5250956.6809   2   8   0.1050   0.0612   0.0601   0.0377   0.0133   0.0650   0.20    1.0
2026/04/23 07:35:10.300   3509446.0615    779148.1982   5250956.7028   2   8   0.1050   0.0612   0.0601   0.0376   0.0134   0.0649   0.30    1.0
2026/04/23 07:35:10.400   3509446.0557    779148.0792   5250956.7248   2   8   0.1051   0.0612   0.0601   0.0376   0.0134   0.0649   0.40    1.0
2026/04/23 07:35:10.500   3509446.0506    779147.9600   5250956.7460   2   8   0.1051   0.0612   0.0601   0.0376   0.0134   0.0649  -0.50    1.0
2026/04/23 07:35:10.600   3509446.0459    779147.8442   5250956.7659   2   8   0.1051   0.0612   0.0601   0.0376   0.0134   0.0649  -0.40    1.0
2026/04/23 07:35:10.700   3509446.0437    779147.7351   5250956.7842   2   8   0.1051   0.0612   0.0601   0.0376   0.0134   0.0649  -0.30    1.0
2026/04/23 07:35:10.800   3509446.0450    779147.6200   5250956.7988   2   8   0.1050   0.0612   0.0601   0.0376   0.0134   0.0649  -0.20    1.0
2026/04/23 07:35:10.900   3509446.0469    779147.5070   5250956.8130   2   8   0.1050   0.0612   0.0601   0.0376   0.0134   0.0649  -0.10    1.0
2026/04/23 07:35:11.000   3509446.0469    779147.3901   5250956.8338   2   8   0.1050   0.0612   0.0601   0.0376   0.0134   0.0649   0.00    1.0
2026/04/23 07:35:11.100   3509446.0559    779147.2724   5250956.8481   2   8   0.1049   0.0611   0.0601   0.0376   0.0134   0.0649   0.10    1.0
2026/04/23 07:35:11.200   3509446.0595    779147.1579   5250956.8662   2   8   0.1049   0.0611   0.0601   0.0376   0.0134   0.0649   0.20    1.0
2026/04/23 07:35:11.300   3509446.0490    779147.0455   5250956.8892   2   8   0.1049   0.0611   0.0601   0.0376   0.0134   0.0649   0.30    1.0
2026/04/23 07:35:11.400   3509446.0434    779146.9318   5250956.9145   2   8   0.1048   0.0611   0.0601   0.0376   0.0134   0.0649   0.40    1.0
2026/04/23 07:35:11.500   3509446.0331    779146.8153   5250956.9400   2   8   0.1048   0.0611   0.0601   0.0376   0.0134   0.0649  -0.50    1.0
2026/04/23 07:35:11.600   3509446.0246    779146.7006   5250956.9638   2   8   0.1048   0.0611   0.0601   0.0376   0.0134   0.0649  -0.40    1.0
2026/04/23 07:35:11.700   3509446.0182    779146.5820   5250956.9896   2   8   0.1048   0.0611   0.0601   0.0376   0.0134   0.0649  -0.30    1.0
2026/04/23 07:35:11.800   3509446.0060    779146.4623   5250957.0174   2   8   0.1049   0.0611   0.0601   0.0375   0.0134   0.0648  -0.20    1.1
2026/04/23 07:35:11.900   3509445.9926    779146.3411   5250957.0433   2   8   0.1049   0.0611   0.0601   0.0375   0.0134   0.0648  -0.10    1.1
2026/04/23 07:35:12.000   3509445.9805    779146.2179   5250957.0687   2   8   0.1049   0.0611   0.0601   0.0375   0.0134   0.0648   0.00    1.1
2026/04/23 07:35:12.100   3509445.9715    779146.1029   5250957.0941   2   8   0.1049   0.0611   0.0601   0.0375   0.0134   0.0648   0.10    1.1
2026/04/23 07:35:12.200   3509445.9615    779145.9891   5250957.1174   2   8   0.1049   0.0611   0.0600   0.0375   0.0134   0.0648   0.20    1.1
2026/04/23 07:35:12.300   3509445.9542    779145.8757   5250957.1376   2   8   0.1048   0.0610   0.0600   0.0376   0.0134   0.0648   0.30    1.1
2026/04/23 07:35:12.400   3509445.9421    779145.7638   5250957.1635   2   8   0.1048   0.0610   0.0600   0.0376   0.0134   0.0648   0.40    1.1
2026/04/23 07:35:12.500   3509445.9309    779145.6548   5250957.1877   2   8   0.1048   0.0610   0.0600   0.0376   0.0134   0.0648  -0.50    1.1
2026/04/23 07:35:12.600   3509445.9195    779145.5459   5250957.2119   2   8   0.1047   0.0610   0.0600   0.0376   0.0134   0.0648  -0.40    1.1
2026/04/23 07:35:12.700   3509445.9078    779145.4357   5250957.2385   2   8   0.1047   0.0610   0.0600   0.0376   0.0134   0.0648  -0.30    1.1
2026/04/23 07:35:12.800   3509445.8957    779145.3297   5250957.2650   2   8   0.1047   0.0610   0.0600   0.0376   0.0134   0.0648  -0.20    1.1
2026/04/23 07:35:12.900   3509445.8890    779145.2217   5250957.2898   2   8   0.1046   0.0610   0.0600   0.0376   0.0134   0.0648  -0.10    1.1
2026/04/23 07:35:13.000   3509445.8783    779145.1180   5250957.3160   2   8   0.1046   0.0610   0.0600   0.0376   0.0134   0.0648   0.00    1.1
2026/04/23 07:35:13.100   3509445.8597    779145.0164   5250957.3422   2   8   0.1046   0.0610   0.0600   0.0376   0.0135   0.0648   0.10    1.1
2026/04/23 07:35:13.200   3509445.8501    779144.9089   5250957.3679   2   8   0.1045   0.0610   0.0600   0.0376   0.0135   0.0648   0.20    1.1
2026/04/23 07:35:13.300   3509445.8417    779144.7991   5250957.3882   2   8   0.1045   0.0610   0.0600   0.0376   0.0135   0.0648   0.30    1.1
2026/04/23 07:35:13.400   3509445.8303    779144.6864   5250957.4138   2   8   0.1045   0.0609   0.0600   0.0376   0.0135   0.0648   0.40    1.1
2026/04/23 07:35:13.500   3509445.8174    779144.5674   5250957.4421   2   8   0.1045   0.0609   0.0600   0.0376   0.0135   0.0647  -0.50    1.1
2026/04/23 07:35:13.600   3509445.7989    779144.4489   5250957.4719   2   8   0.1045   0.0609   0.0600   0.0376   0.0135   0.0647  -0.40    1.1
2026/04/23 07:35:13.700   3509445.7881    779144.3296   5250957.5034   2   8   0.1044   0.0609   0.0600   0.0376   0.0135   0.0647  -0.30    1.1
2026/04/23 07:35:13.800   3509445.7822    779144.2100   5250957.5311   2   8   0.1044   0.0609   0.0600   0.0376   0.0135   0.0647  -0.20    1.1
2026/04/23 07:35:13.900   3509445.7711    779144.0905   5250957.5573   2   8   0.1044   0.0609   0.0600   0.0376   0.0135   0.0647  -0.10    1.1
2026/04/23 07:35:14.000   3509445.7593    779143.9715   5250957.5878   2   8   0.1044   0.0609   0.0600   0.0375   0.0135   0.0647   0.00    1.1
2026/04/23 07:35:14.100   3509445.7478    779143.8583   5250957.6201   2   8   0.1044   0.0609   0.0600   0.0375   0.0135   0.0647   0.10    1.1
2026/04/23 07:35:14.200   3509445.7397    779143.7445   5250957.6474   2   8   0.1043   0.0609   0.0599   0.0375   0.0135   0.0646   0.20    1.1
2026/04/23 07:35:14.300   3509445.7235    779143.6321   5250957.6780   2   8   0.1043   0.0609   0.0599   0.0375   0.0135   0.0646   0.30    1.1
2026/04/23 07:35:14.400   3509445.7073    779143.5220   5250957.7080   2   8   0.1043   0.0609   0.0599   0.0375   0.0135   0.0646   0.40    1.1
2026/04/23 07:35:14.500   3509445.6939    779143.4134   5250957.7371   2   8   0.1043   0.0608   0.0599   0.0375   0.0135   0.0646  -0.50    1.1
2026/04/23 07:35:14.600   3509445.6818    779143.3069   5250957.7660   2   8   0.1043   0.0608   0.0599   0.0375   0.0135   0.0646  -0.40    1.1
2026/04/23 07:35:14.700   3509445.6681    779143.1951   5250957.7952   2   8   0.1043   0.0608   0.0599   0.0375   0.0135   0.0646  -0.30    1.1
2026/04/23 07:35:14.800   3509445.6516    779143.0828   5250957.8234   2   8   0.1042   0.0608   0.0599   0.0375   0.0135   0.0646  -0.20    1.1
2026/04/23 07:35:14.900   3509445.6335    779142.9673   5250957.8521   2   8   0.1043   0.0608   0.0600   0.0375   0.0134   0.0645  -0.10    1.1
2026/04/23 07:35:15.000   3509445.6172    779142.8512   5250957.8796   2   8   0.1043   0.0608   0.0602   0.0375   0.0134   0.0644   0.00    1.1
2026/04/23 07:35:15.100   3509445.6066    779142.7398   5250957.9043   2   8   0.1043   0.0608   0.0602   0.0375   0.0134   0.0644   0.10    1.2
2026/04/23 07:35:15.200   3509445.5891    779142.6279   5250957.9324   2   8   0.1042   0.0608   0.0603   0.0375   0.0134   0.0643   0.20    1.3
2026/04/23 07:35:15.300   3509445.5684    779142.5156   5250957.9603   2   8   0.1042   0.0608   0.0603   0.0375   0.0134   0.0643   0.30    1.3
2026/04/23 07:35:15.400   3509445.5520    779142.4028   5250957.9883   2   8   0.1042   0.0608   0.0603   0.0375   0.0135   0.0643   0.40    1.3
2026/04/23 07:35:15.500   3509445.5345    779142.2912   5250958.0179   2   8   0.1042   0.0608   0.0603   0.0375   0.0135   0.0644  -0.50    1.3
2026/04/23 07:35:15.600   3509445.5155    779142.1815   5250958.0455   2   8   0.1041   0.0608   0.0603   0.0375   0.0135   0.0644  -0.40    1.3
2026/04/23 07:35:15.700   3509445.5024    779142.0782   5250958.0678   2   8   0.1041   0.0607   0.0602   0.0375   0.0135   0.0644  -0.30    1.3
2026/04/23 07:35:15.800   3509445.4911    779141.9720   5250958.0907   2   8   0.1041   0.0607   0.0602   0.0375   0.0136   0.0644  -0.20    1.2
2026/04/23 07:35:15.900   3509445.4792    779141.8600   5250958.1104   2   8   0.1041   0.0607   0.0602   0.0375   0.0136   0.0644  -0.10    1.2
2026/04/23 07:35:16.000   3509445.4651    779141.7445   5250958.1386   2   8   0.1041   0.0607   0.0601   0.0375   0.0136   0.0644   0.00    1.2
2026/04/23 07:35:16.100   3509445.4532    779141.6247   5250958.1633   2   8   0.1041   0.0607   0.0601   0.0375   0.0136   0.0644   0.10    1.2
2026/04/23 07:35:16.200   3509445.4469    779141.5095   5250958.1818   2   8   0.1042   0.0607   0.0601   0.0374   0.0136   0.0644   0.20    1.1
2026/04/23 07:35:16.300   3509445.4406    779141.3976   5250958.2013   2   8   0.1042   0.0607   0.0601   0.0374   0.0136   0.0644   0.30    1.1
2026/04/23 07:35:16.400   3509445.4383    779141.2899   5250958.2193   2   8   0.1043   0.0607   0.0600   0.0374   0.0136   0.0645   0.40    1.1
2026/04/23 07:35:16.500   3509445.4304    779141.1861   5250958.2428   2   8   0.1043   0.0607   0.0600   0.0374   0.0136   0.0645  -0.50    1.1
2026/04/23 07:35:16.600   3509445.4188    779141.0837   5250958.2652   2   8   0.1043   0.0607   0.0600   0.0374   0.0136   0.0645  -0.40    1.1
2026/04/23 07:35:16.700   3509445.4144    779140.9756   5250958.2827   2   8   0.1043   0.0607   0.0600   0.0374   0.0136   0.0645  -0.30    1.1
2026/04/23 07:35:16.800   3509445.4091    779140.8638   5250958.3050   2   8   0.1043   0.0606   0.0600   0.0374   0.0136   0.0645  -0.20    1.1
2026/04/23 07:35:16.900   3509445.4050    779140.7447   5250958.3267   2   8   0.1043   0.0606   0.0600   0.0374   0.0136   0.0646  -0.10    1.1
2026/04/23 07:35:17.000   3509445.3988    779140.6231   5250958.3509   2   8   0.1042   0.0606   0.0600   0.0374   0.0136   0.0646   0.00    1.1
2026/04/23 07:35:17.100   3509445.3928    779140.5077   5250958.3751   2   8   0.1042   0.0606   0.0600   0.0375   0.0136   0.0646   0.10    1.0
2026/04/23 07:35:17.200   3509445.3909    779140.3944   5250958.3950   2   8   0.1042   0.0606   0.0600   0.0375   0.0136   0.0646   0.20    1.0
2026/04/23 07:35:17.300   3509445.3856    779140.2805   5250958.4172   2   8   0.1041   0.0606   0.0600   0.0375   0.0136   0.0646   0.30    1.0
2026/04/23 07:35:17.400   3509445.3757    779140.1715   5250958.4378   2   8   0.1041   0.0606   0.0600   0.0375   0.0136   0.0645   0.40    1.0
2026/04/23 07:35:17.500   3509445.3652    779140.0647   5250958.4588   2   8   0.1041   0.0606   0.0600   0.0375   0.0136   0.0645  -0.50    1.0
2026/04/23 07:35:17.600   3509445.3512    779139.9623   5250958.4823   2   8   0.1040   0.0606   0.0600   0.0375   0.0136   0.0645  -0.40    1.0
2026/04/23 07:35:17.700   3509445.3485    779139.8617   5250958.5000   2   8   0.1041   0.0606   0.0600   0.0374   0.0137   0.0645  -0.30    1.0
2026/04/23 07:35:17.800   3509445.3453    779139.7636   5250958.5155   2   8   0.1042   0.0606   0.0599   0.0374   0.0137   0.0645  -0.20    1.0
2026/04/23 07:35:17.900   3509445.3382    779139.6639   5250958.5356   2   8   0.1042   0.0606   0.0599   0.0374   0.0137   0.0645  -0.10    1.0
2026/04/23 07:35:18.000   3509445.3284    779139.5627   5250958.5541   2   9   0.1042   0.0605   0.0599   0.0374   0.0136   0.0645   0.00    1.0
2026/04/23 07:35:18.100   3509445.3197    779139.4612   5250958.5764   2   8   0.1042   0.0605   0.0599   0.0374   0.0136   0.0645   0.10    1.0
2026/04/23 07:35:18.200   3509445.3165    779139.3584   5250958.5963   2   8   0.1042   0.0605   0.0599   0.0374   0.0136   0.0645   0.20    1.0
2026/04/23 07:35:18.300   3509445.3151    779139.2564   5250958.6144   2   8   0.1042   0.0605   0.0599   0.0374   0.0136   0.0645   0.30    1.0
2026/04/23 07:35:18.400   3509445.3163    779139.1503   5250958.6334   2   8   0.1042   0.0605   0.0599   0.0374   0.0137   0.0645   0.40    1.0
2026/04/23 07:35:18.500   3509445.3133    779139.0408   5250958.6518   2   8   0.1042   0.0605   0.0599   0.0374   0.0137   0.0645  -0.50    1.1
2026/04/23 07:35:18.600   3509445.3113    779138.9286   5250958.6707   2   8   0.1041   0.0605   0.0599   0.0374   0.0137   0.0645  -0.40    1.1
2026/04/23 07:35:18.700   3509445.3071    779138.8167   5250958.6907   2   8   0.1041   0.0605   0.0599   0.0375   0.0137   0.0645  -0.30    1.1
2026/04/23 07:35:18.800   3509445.3028    779138.7066   5250958.7082   2   8   0.1041   0.0605   0.0599   0.0375   0.0137   0.0645  -0.20    1.1
2026/04/23 07:35:18.900   3509445.2975    779138.6005   5250958.7292   2   8   0.1041   0.0604   0.0599   0.0375   0.0137   0.0645  -0.10    1.1
2026/04/23 07:35:19.000   3509445.2902    779138.5025   5250958.7494   2   8   0.1040   0.0604   0.0599   0.0375   0.0137   0.0645   0.00    1.1
2026/04/23 07:35:19.100   3509445.2903    779138.4145   5250958.7651   2   8   0.1040   0.0604   0.0599   0.0375   0.0137   0.0645   0.10    1.1
2026/04/23 07:35:19.200   3509445.2943    779138.3369   5250958.7776   2   8   0.1040   0.0604   0.0599   0.0375   0.0137   0.0644   0.20    1.1
2026/04/23 07:35:19.300   3509445.2928    779138.2685   5250958.7914   2   8   0.1039   0.0604   0.0599   0.0375   0.0138   0.0644   0.30    1.1
2026/04/23 07:35:19.400   3509445.2853    779138.1974   5250958.8090   2   8   0.1039   0.0604   0.0599   0.0375   0.0138   0.0644   0.40    1.1
2026/04/23 07:35:19.500   3509445.2774    779138.1163   5250958.8253   2   8   0.1039   0.0604   0.0599   0.0375   0.0138   0.0644  -0.50    1.1
2026/04/23 07:35:19.600   3509445.2723    779138.0309   5250958.8444   2   8   0.1039   0.0604   0.0599   0.0375   0.0138   0.0644  -0.40    1.1
2026/04/23 07:35:19.700   3509445.2692    779137.9445   5250958.8613   2   8   0.1039   0.0604   0.0599   0.0375   0.0138   0.0644  -0.30    1.1
2026/04/23 07:35:19.800   3509445.2685    779137.8575   5250958.8766   2   8   0.1038   0.0604   0.0598   0.0375   0.0138   0.0644  -0.20    1.1
2026/04/23 07:35:19.900   3509445.2693    779137.7761   5250958.8898   2   8   0.1038   0.0604   0.0598   0.0375   0.0138   0.0644  -0.10    1.1
2026/04/23 07:35:20.000   3509445.2674    779137.6892   5250958.9044   2   8   0.1038   0.0603   0.0598   0.0375   0.0138   0.0644   0.00    1.1
2026/04/23 07:35:20.100   3509445.2707    779137.6008   5250958.9138   2   8   0.1038   0.0603   0.0598   0.0375   0.0138   0.0643   0.10    1.1
2026/04/23 07:35:20.200   3509445.2695    779137.5135   5250958.9287   2   8   0.1038   0.0603   0.0598   0.0375   0.0138   0.0643   0.20    1.1
2026/04/23 07:35:20.300   3509445.2754    779137.4320   5250958.9394   2   8   0.1037   0.0603   0.0598   0.0375   0.0138   0.0643   0.30    1.1
2026/04/23 07:35:20.400   3509445.2817    779137.3523   5250958.9464   2   8   0.1037   0.0603   0.0598   0.0375   0.0138   0.0643   0.40    1.1
2026/04/23 07:35:20.500   3509445.2860    779137.2743   5250958.9543   2   8   0.1037   0.0603   0.0598   0.0375   0.0138   0.0643  -0.50    1.2
2026/04/23 07:35:20.600   3509445.2938    779137.1938   5250958.9625   2   8   0.1037   0.0603   0.0598   0.0375   0.0138   0.0643  -0.40    1.2
2026/04/23 07:35:20.700   3509445.2997    779137.1057   5250958.9711   2   8   0.1037   0.0603   0.0598   0.0375   0.0138   0.0643  -0.30    1.2
2026/04/23 07:35:20.800   3509445.2983    779137.0132   5250958.9849   2   8   0.1037   0.0603   0.0598   0.0375   0.0138   0.0643  -0.20    1.2
2026/04/23 07:35:20.900   3509445.2987    779136.9200   5250958.9971   2   8   0.1037   0.0603   0.0597   0.0375   0.0138   0.0643  -0.10    1.2
2026/04/23 07:35:21.000   3509445.3086    779136.8385   5250959.0045   2   8   0.1036   0.0603   0.0597   0.0375   0.0138   0.0642   0.00    1.2
2026/04/23 07:35:21.100   3509445.3167    779136.7522   5250959.0140   2   8   0.1036   0.0602   0.0597   0.0375   0.0138   0.0642   0.10    1.2
2026/04/23 07:35:21.200   3509445.3200    779136.6657   5250959.0247   2   8   0.1036   0.0602   0.0597   0.0375   0.0138   0.0642   0.20    1.2
2026/04/23 07:35:21.300   3509445.3190    779136.5794   5250959.0338   2   8   0.1036   0.0602   0.0597   0.0375   0.0138   0.0642   0.30    1.2
2026/04/23 07:35:21.400   3509445.3158    779136.4982   5250959.0494   2   8   0.1036   0.0602   0.0597   0.0375   0.0138   0.0642   0.40    1.2
2026/04/23 07:35:21.500   3509445.3164    779136.4221   5250959.0599   2   8   0.1036   0.0602   0.0597   0.0375   0.0138   0.0642  -0.50    1.2
2026/04/23 07:35:21.600   3509445.3174    779136.3493   5250959.0702   2   8   0.1036   0.0602   0.0597   0.0375   0.0138   0.0642  -0.40    1.2
2026/04/23 07:35:21.700   3509445.3141    779136.2693   5250959.0798   2   8   0.1035   0.0602   0.0597   0.0375   0.0139   0.0642  -0.30    1.2
2026/04/23 07:35:21.800   3509445.3120    779136.1874   5250959.0936   2   8   0.1035   0.0602   0.0597   0.0375   0.0139   0.0642  -0.20    1.2
2026/04/23 07:35:21.900   3509445.3104    779136.1030   5250959.1033   2   8   0.1035   0.0602   0.0597   0.0375   0.0139   0.0642  -0.10    1.2
2026/04/23 07:35:22.000   3509445.3053    779136.0195   5250959.1181   2   8   0.1035   0.0602   0.0597   0.0375   0.0139   0.0642   0.00    1.2
2026/04/23 07:35:22.100   3509445.3061    779135.9370   5250959.1292   2   8   0.1035   0.0602   0.0597   0.0375   0.0139   0.0642   0.10    1.2
2026/04/23 07:35:22.200   3509445.3054    779135.8470   5250959.1445   2   8   0.1035   0.0601   0.0597   0.0375   0.0139   0.0642   0.20    1.2
2026/04/23 07:35:22.300   3509445.3039    779135.7550   5250959.1612   2   8   0.1035   0.0601   0.0597   0.0375   0.0139   0.0642   0.30    1.2
2026/04/23 07:35:22.400   3509445.2969    779135.6624   5250959.1779   2   8   0.1035   0.0601   0.0597   0.0375   0.0139   0.0642   0.40    1.2
2026/04/23 07:35:22.500   3509445.2980    779135.5713   5250959.1890   2   8   0.1035   0.0601   0.0597   0.0375   0.0139   0.0641  -0.50    1.2
2026/04/23 07:35:22.600   3509445.2971    779135.4807   5250959.2018   2   8   0.1034   0.0601   0.0597   0.0375   0.0139   0.0641  -0.40    1.3
2026/04/23 07:35:22.700   3509445.2958    779135.3944   5250959.2126   2   8   0.1034   0.0601   0.0597   0.0375   0.0139   0.0641  -0.30    1.3
2026/04/23 07:35:22.800   3509445.2917    779135.3071   5250959.2256   2   8   0.1034   0.0601   0.0597   0.0375   0.0139   0.0641  -0.20    1.3
2026/04/23 07:35:22.900   3509445.2894    779135.2202   5250959.2368   2   8   0.1034   0.0601   0.0597   0.0375   0.0139   0.0641  -0.10    1.3
2026/04/23 07:35:23.000   3509445.2863    779135.1389   5250959.2499   2   8   0.1034   0.0601   0.0597   0.0375   0.0139   0.0641   0.00    1.3
2026/04/23 07:35:23.100   3509445.2828    779135.0516   5250959.2592   2   8   0.1034   0.0601   0.0597   0.0375   0.0139   0.0641   0.10    1.3
2026/04/23 07:35:23.200   3509445.2810    779134.9683   5250959.2718   2   8   0.1034   0.0601   0.0597   0.0375   0.0139   0.0641   0.20    1.3
2026/04/23 07:35:23.300   3509445.2750    779134.8876   5250959.2822   2   8   0.1034   0.0600   0.0597   0.0375   0.0139   0.0641   0.30    1.3
2026/04/23 07:35:23.400   3509445.2772    779134.8099   5250959.2952   2   8   0.1034   0.0600   0.0597   0.0375   0.0139   0.0641   0.40    1.3
2026/04/23 07:35:23.500   3509445.2721    779134.7299   5250959.3072   2   8   0.1033   0.0600   0.0597   0.0375   0.0140   0.0641  -0.50    1.3
2026/04/23 07:35:23.600   3509445.2683    779134.6481   5250959.3183   2   8   0.1033   0.0600   0.0596   0.0375   0.0140   0.0641  -0.40    1.3
2026/04/23 07:35:23.700   3509445.2652    779134.5715   5250959.3307   2   8   0.1033   0.0600   0.0596   0.0375   0.0140   0.0641  -0.30    1.3
2026/04/23 07:35:23.800   3509445.2600    779134.4896   5250959.3446   2   8   0.1033   0.0600   0.0596   0.0375   0.0140   0.0641  -0.20    1.3
2026/04/23 07:35:23.900   3509445.2534    779134.4044   5250959.3601   2   8   0.1033   0.0601   0.0596   0.0375   0.0138   0.0641  -0.10    1.1
2026/04/23 07:35:24.000   3509445.2509    779134.3205   5250959.3752   2   8   0.1033   0.0601   0.0597   0.0376   0.0138   0.0641   0.00    1.0
2026/04/23 07:35:24.100   3509445.2477    779134.2367   5250959.3902   2   8   0.1033   0.0601   0.0597   0.0376   0.0137   0.0640   0.10    1.0
2026/04/23 07:35:24.200   3509445.2427    779134.1522   5250959.4013   2   8   0.1033   0.0601   0.0597   0.0376   0.0137   0.0640   0.20    1.1
2026/04/23 07:35:24.300   3509445.2358    779134.0679   5250959.4165   2   8   0.1033   0.0601   0.0596   0.0376   0.0138   0.0640   0.30    1.1
2026/04/23 07:35:24.400   3509445.2266    779133.9835   5250959.4341   2   8   0.1034   0.0601   0.0596   0.0375   0.0138   0.0640   0.40    1.0
2026/04/23 07:35:24.500   3509445.2225    779133.9000   5250959.4488   2   8   0.1034   0.0601   0.0596   0.0374   0.0138   0.0641  -0.50    1.0
2026/04/23 07:35:24.600   3509445.2152    779133.8169   5250959.4623   2   8   0.1035   0.0601   0.0596   0.0374   0.0138   0.0641  -0.40    1.0
2026/04/23 07:35:24.700   3509445.2085    779133.7324   5250959.4756   2   7   0.1035   0.0600   0.0597   0.0374   0.0138   0.0641  -0.30    1.0
2026/04/23 07:35:24.800   3509445.2080    779133.6496   5250959.4854   2   7   0.1036   0.0600   0.0597   0.0373   0.0138   0.0641  -0.20    1.0
2026/04/23 07:35:24.900   3509445.2118    779133.5658   5250959.4926   2   7   0.1036   0.0600   0.0597   0.0373   0.0138   0.0642  -0.10    1.1
2026/04/23 07:35:25.000   3509445.2228    779133.4786   5250959.4956   2   7   0.1036   0.0600   0.0597   0.0373   0.0138   0.0642   0.00    1.1
2026/04/23 07:35:25.100   3509445.2350    779133.3962   5250959.4940   2   7   0.1036   0.0600   0.0597   0.0373   0.0139   0.0642   0.10    1.2
2026/04/23 07:35:25.200   3509445.2590    779133.3177   5250959.4864   2   7   0.1036   0.0600   0.0597   0.0373   0.0139   0.0642   0.20    1.2
2026/04/23 07:35:25.300   3509445.2921    779133.2386   5250959.4745   2   7   0.1036   0.0599   0.0597   0.0373   0.0139   0.0642   0.30    1.2
2026/04/23 07:35:25.400   3509445.3272    779133.1656   5250959.4591   2   7   0.1036   0.0599   0.0597   0.0373   0.0139   0.0642   0.40    1.3
2026/04/23 07:35:25.500   3509445.3674    779133.0966   5250959.4432   2   7   0.1036   0.0599   0.0597   0.0373   0.0139   0.0642  -0.50    1.3
2026/04/23 07:35:25.600   3509445.4130    779133.0261   5250959.4236   2   7   0.1036   0.0599   0.0597   0.0373   0.0140   0.0642  -0.40    1.3
2026/04/23 07:35:25.700   3509445.4575    779132.9642   5250959.4002   2   7   0.1036   0.0599   0.0597   0.0373   0.0140   0.0642  -0.30    1.3
2026/04/23 07:35:25.800   3509445.5082    779132.9026   5250959.3752   2   7   0.1036   0.0599   0.0597   0.0373   0.0140   0.0642  -0.20    1.3
2026/04/23 07:35:25.900   3509445.5618    779132.8403   5250959.3520   2   7   0.1036   0.0599   0.0597   0.0373   0.0140   0.0642  -0.10    1.3
2026/04/23 07:35:26.000   3509445.6223    779132.7821   5250959.3208   2   7   0.1036   0.0599   0.0597   0.0373   0.0140   0.0642   0.00    1.3
2026/04/23 07:35:26.100   3509445.6779    779132.7337   5250959.2874   2   7   0.1036   0.0599   0.0597   0.0373   0.0140   0.0642   0.10    1.3
2026/04/23 07:35:26.200   3509445.7353    779132.6760   5250959.2597   2   7   0.1036   0.0599   0.0597   0.0373   0.0140   0.0642   0.20    1.3
2026/04/23 07:35:26.300   3509445.7939    779132.6279   5250959.2279   2   7   0.1036   0.0599   0.0597   0.0373   0.0140   0.0642   0.30    1.3
2026/04/23 07:35:26.400   3509445.8535    779132.5834   5250959.2018   2   7   0.1035   0.0599   0.0597   0.0373   0.0140   0.0642   0.40    1.3
2026/04/23 07:35:26.500   3509445.9246    779132.5471   5250959.1642   2   7   0.1035   0.0598   0.0597   0.0373   0.0140   0.0642  -0.50    1.3
2026/04/23 07:35:26.600   3509445.9904    779132.5158   5250959.1263   2   7   0.1035   0.0598   0.0597   0.0373   0.0140   0.0642  -0.40    1.3
2026/04/23 07:35:26.700   3509446.0648    779132.4790   5250959.0880   2   7   0.1035   0.0598   0.0597   0.0373   0.0140   0.0642  -0.30    1.3
2026/04/23 07:35:26.800   3509446.1487    779132.4438   5250959.0402   2   7   0.1035   0.0598   0.0597   0.0373   0.0140   0.0642  -0.20    1.3
2026/04/23 07:35:26.900   3509446.2346    779132.4188   5250958.9887   2   7   0.1035   0.0598   0.0597   0.0373   0.0140   0.0642  -0.10    1.4
2026/04/23 07:35:27.000   3509446.3119    779132.3969   5250958.9414   2   7   0.1035   0.0598   0.0597   0.0373   0.0140   0.0642   0.00    1.4
2026/04/23 07:35:27.100   3509446.3961    779132.3790   5250958.8923   2   7   0.1036   0.0598   0.0599   0.0373   0.0140   0.0641   0.10    1.0
2026/04/23 07:35:27.200   3509446.4839    779132.3522   5250958.8401   2   7   0.1036   0.0598   0.0600   0.0373   0.0140   0.0640   0.20    1.0
2026/04/23 07:35:27.300   3509446.5758    779132.3218   5250958.7859   2   7   0.1037   0.0598   0.0601   0.0373   0.0140   0.0639   0.30    1.0
2026/04/23 07:35:27.400   3509446.6570    779132.2881   5250958.7430   2   7   0.1037   0.0598   0.0602   0.0373   0.0140   0.0638   0.40    1.0
2026/04/23 07:35:27.500   3509446.7363    779132.2532   5250958.6992   2   7   0.1037   0.0598   0.0602   0.0373   0.0140   0.0638  -0.50    1.0
2026/04/23 07:35:27.600   3509446.8132    779132.2228   5250958.6552   2   7   0.1036   0.0597   0.0602   0.0373   0.0140   0.0639  -0.40    1.0
2026/04/23 07:35:27.700   3509446.8812    779132.1960   5250958.6154   2   7   0.1036   0.0597   0.0602   0.0373   0.0140   0.0639  -0.30    1.0
2026/04/23 07:35:27.800   3509446.9488    779132.1677   5250958.5730   2   7   0.1036   0.0597   0.0601   0.0373   0.0140   0.0639  -0.20    1.0
2026/04/23 07:35:27.900   3509447.0232    779132.1422   5250958.5259   2   7   0.1035   0.0597   0.0601   0.0373   0.0140   0.0640  -0.10    1.0
2026/04/23 07:35:28.000   3509447.1027    779132.1173   5250958.4730   2   7   0.1035   0.0597   0.0601   0.0373   0.0141   0.0640   0.00    1.0
2026/04/23 07:35:28.100   3509447.1798    779132.0943   5250958.4319   2   7   0.1035   0.0597   0.0600   0.0373   0.0141   0.0640   0.10    1.0
2026/04/23 07:35:28.200   3509447.2539    779132.0832   5250958.3830   2   7   0.1035   0.0597   0.0600   0.0373   0.0141   0.0640   0.20    1.0
2026/04/23 07:35:28.300   3509447.3279    779132.0798   5250958.3329   2   7   0.1035   0.0597   0.0600   0.0373   0.0141   0.0641   0.30    1.0
2026/04/23 07:35:28.400   3509447.3948    779132.0834   5250958.2838   2   7   0.1035   0.0597   0.0599   0.0373   0.0141   0.0641   0.40    1.0
2026/04/23 07:35:28.500   3509447.4716    779132.0968   5250958.2271   2   7   0.1035   0.0597   0.0599   0.0373   0.0141   0.0641  -0.50    1.0
2026/04/23 07:35:28.600   3509447.5439    779132.1219   5250958.1751   2   7   0.1034   0.0597   0.0599   0.0373   0.0141   0.0641  -0.40    1.0
2026/04/23 07:35:28.700   3509447.6083    779132.1541   5250958.1229   2   7   0.1034   0.0597   0.0599   0.0373   0.0141   0.0641  -0.30    1.1
2026/04/23 07:35:28.800   3509447.6730    779132.1931   5250958.0703   2   7   0.1034   0.0596   0.0599   0.0373   0.0141   0.0641  -0.20    1.1
2026/04/23 07:35:28.900   3509447.7346    779132.2378   5250958.0169   2   7   0.1034   0.0596   0.0598   0.0373   0.0141   0.0641  -0.10    1.1
2026/04/23 07:35:29.000   3509447.7996    779132.2792   5250957.9626   2   7   0.1034   0.0596   0.0598   0.0373   0.0141   0.0641   0.00    1.1
2026/04/23 07:35:29.100   3509447.8689    779132.3189   5250957.9114   2   7   0.1034   0.0596   0.0598   0.0373   0.0141   0.0641   0.10    1.1
2026/04/23 07:35:29.200   3509447.9297    779132.3615   5250957.8640   2   7   0.1034   0.0596   0.0598   0.0373   0.0141   0.0641   0.20    1.1
2026/04/23 07:35:29.300   3509447.9863    779132.4173   5250957.8158   2   7   0.1034   0.0596   0.0598   0.0373   0.0141   0.0641   0.30    1.1
2026/04/23 07:35:29.400   3509448.0418    779132.4730   5250957.7708   2   7   0.1034   0.0596   0.0598   0.0373   0.0141   0.0641   0.40    1.1
2026/04/23 07:35:29.500   3509448.0897    779132.5326   5250957.7261   2   7   0.1034   0.0596   0.0598   0.0373   0.0141   0.0641  -0.50    1.2
2026/04/23 07:35:29.600   3509448.1379    779132.5992   5250957.6853   2   7   0.1034   0.0596   0.0598   0.0373   0.0141   0.0641  -0.40    1.2
2026/04/23 07:35:29.700   3509448.1848    779132.6623   5250957.6443   2   7   0.1034   0.0596   0.0598   0.0373   0.0141   0.0641  -0.30    1.2
2026/04/23 07:35:29.800   3509448.2203    779132.7309   5250957.6104   2   7   0.1034   0.0596   0.0598   0.0373   0.0141   0.0641  -0.20    1.2
2026/04/23 07:35:29.900   3509448.2523    779132.8077   5250957.5759   2   7   0.1034   0.0596   0.0598   0.0373   0.0141   0.0641  -0.10    1.2
2026/04/23 07:35:30.000   3509448.2786    779132.8859   5250957.5470   2   7   0.1034   0.0595   0.0598   0.0373   0.0141   0.0641   0.00    1.2
2026/04/23 07:35:30.100   3509448.3036    779132.9700   5250957.5144   2   7   0.1034   0.0595   0.0598   0.0372   0.0141   0.0641   0.10    1.2
2026/04/23 07:35:30.200   3509448.3247    779133.0561   5250957.4906   2   7   0.1034   0.0595   0.0597   0.0372   0.0141   0.0641   0.20    1.2
2026/04/23 07:35:30.300   3509448.3400    779133.1358   5250957.4684   2   7   0.1034   0.0595   0.0597   0.0372   0.0141   0.0641   0.30    1.3
2026/04/23 07:35:30.400   3509448.3463    779133.2232   5250957.4518   2   7   0.1034   0.0595   0.0597   0.0372   0.0141   0.0641   0.40    1.3
2026/04/23 07:35:30.500   3509448.3529    779133.3114   5250957.4358   2   7   0.1034   0.0595   0.0597   0.0372   0.0141   0.0641  -0.50    1.3
2026/04/23 07:35:30.600   3509448.3511    779133.4002   5250957.4233   2   7   0.1034   0.0595   0.0597   0.0372   0.0141   0.0641  -0.40    1.3
2026/04/23 07:35:30.700   3509448.3523    779133.4924   5250957.4133   2   7   0.1033   0.0595   0.0597   0.0372   0.0141   0.0641  -0.30    1.3
2026/04/23 07:35:30.800   3509448.3494    779133.5876   5250957.3998   2   7   0.1033   0.0595   0.0597   0.0372   0.0141   0.0641  -0.20    1.3
2026/04/23 07:35:30.900   3509448.3411    779133.6782   5250957.3956   2   7   0.1033   0.0595   0.0597   0.0372   0.0141   0.0641  -0.10    1.3
2026/04/23 07:35:31.000   3509448.3239    779133.7685   5250957.3935   2   7   0.1033   0.0595   0.0597   0.0372   0.0141   0.0641   0.00    1.3
2026/04/23 07:35:31.100   3509448.3054    779133.8538   5250957.3957   2   7   0.1033   0.0595   0.0597   0.0372   0.0141   0.0641   0.10    1.3
2026/04/23 07:35:31.200   3509448.2793    779133.9422   5250957.4018   2   7   0.1033   0.0594   0.0597   0.0372   0.0141   0.0641   0.20    1.3
2026/04/23 07:35:31.300   3509448.2489    779134.0330   5250957.4129   2   7   0.1033   0.0594   0.0597   0.0372   0.0141   0.0641   0.30    1.3
2026/04/23 07:35:31.400   3509448.2187    779134.1255   5250957.4218   2   7   0.1033   0.0594   0.0597   0.0372   0.0141   0.0641   0.40    1.2
2026/04/23 07:35:31.500   3509448.1847    779134.2169   5250957.4375   2   7   0.1033   0.0594   0.0597   0.0372   0.0142   0.0641  -0.50    1.2
2026/04/23 07:35:31.600   3509448.1439    779134.3015   5250957.4523   2   7   0.1033   0.0594   0.0597   0.0372   0.0142   0.0641  -0.40    1.2
2026/04/23 07:35:31.700   3509448.1040    779134.3869   5250957.4689   2   7   0.1033   0.0594   0.0597   0.0372   0.0142   0.0641  -0.30    1.2
2026/04/23 07:35:31.800   3509448.0662    779134.4798   5250957.4841   2   7   0.1033   0.0594   0.0597   0.0372   0.0142   0.0641  -0.20    1.2
2026/04/23 07:35:31.900   3509448.0343    779134.5651   5250957.4951   2   7   0.1033   0.0594   0.0597   0.0372   0.0142   0.0641  -0.10    1.2
2026/04/23 07:35:32.000   3509448.0073    779134.6505   5250957.5021   2   7   0.1033   0.0594   0.0597   0.0372   0.0142   0.0641   0.00    1.2
2026/04/23 07:35:32.100   3509447.9910    779134.7429   5250957.5001   2   7   0.1033   0.0594   0.0597   0.0372   0.0142   0.0641   0.10    1.2
2026/04/23 07:35:32.200   3509447.9853    779134.8344   5250957.4945   2   7   0.1033   0.0594   0.0597   0.0372   0.0142   0.0641   0.20    1.2
2026/04/23 07:35:32.300   3509447.9924    779134.9232   5250957.4800   2   7   0.1032   0.0594   0.0597   0.0372   0.0142   0.0641   0.30    1.2
2026/04/23 07:35:32.400   3509448.0064    779135.0149   5250957.4591   2   7   0.1032   0.0593   0.0597   0.0372   0.0142   0.0641   0.40    1.2
2026/04/23 07:35:32.500   3509448.0242    779135.1145   5250957.4425   2   7   0.1032   0.0593   0.0597   0.0372   0.0142   0.0641  -0.50    1.2
2026/04/23 07:35:32.600   3509448.0506    779135.2072   5250957.4188   2   7   0.1032   0.0593   0.0597   0.0372   0.0142   0.0641  -0.40    1.2
2026/04/23 07:35:32.700   3509448.0821    779135.2994   5250957.3898   2   7   0.1032   0.0593   0.0597   0.0372   0.0142   0.0641  -0.30    1.2
2026/04/23 07:35:32.800   3509448.1155    779135.3907   5250957.3574   2   7   0.1032   0.0593   0.0597   0.0372   0.0142   0.0641  -0.20    1.2
2026/04/23 07:35:32.900   3509448.1464    779135.4898   5250957.3295   2   7   0.1032   0.0593   0.0597   0.0372   0.0142   0.0641  -0.10    1.2
2026/04/23 07:35:33.000   3509448.1666    779135.5835   5250957.3061   2   7   0.1032   0.0593   0.0596   0.0372   0.0142   0.0640   0.00    1.2
2026/04/23 07:35:33.100   3509448.1864    779135.6798   5250957.2806   2   7   0.1032   0.0593   0.0596   0.0372   0.0142   0.0640   0.10    1.2
2026/04/23 07:35:33.200   3509448.2066    779135.7744   5250957.2548   2   7   0.1032   0.0593   0.0596   0.0372   0.0142   0.0640   0.20    1.2
2026/04/23 07:35:33.300   3509448.2220    779135.8787   5250957.2330   2   7   0.1032   0.0593   0.0596   0.0372   0.0142   0.0640   0.30    1.2
2026/04/23 07:35:33.400   3509448.2290    779135.9881   5250957.2117   2   7   0.1031   0.0593   0.0596   0.0372   0.0143   0.0640   0.40    1.2
2026/04/23 07:35:33.500   3509448.2386    779136.1065   5250957.1926   2   7   0.1031   0.0593   0.0596   0.0372   0.0143   0.0640  -0.50    1.2
2026/04/23 07:35:33.600   3509448.2470    779136.2151   5250957.1720   2   7   0.1031   0.0592   0.0596   0.0372   0.0143   0.0640  -0.40    1.2
2026/04/23 07:35:33.700   3509448.2596    779136.3189   5250957.1497   2   7   0.1031   0.0592   0.0596   0.0372   0.0143   0.0640  -0.30    1.2
2026/04/23 07:35:33.800   3509448.2749    779136.4213   5250957.1272   2   7   0.1031   0.0592   0.0596   0.0372   0.0143   0.0640  -0.20    1.2
2026/04/23 07:35:33.900   3509448.2882    779136.5231   5250957.1030   2   7   0.1031   0.0592   0.0596   0.0372   0.0143   0.0640  -0.10    1.2
2026/04/23 07:35:34.000   3509448.2993    779136.6277   5250957.0789   2   7   0.1031   0.0592   0.0596   0.0372   0.0143   0.0640   0.00    1.2
2026/04/23 07:35:34.100   3509448.3178    779136.7291   5250957.0516   2   7   0.1031   0.0592   0.0596   0.0372   0.0143   0.0640   0.10    1.2
2026/04/23 07:35:34.200   3509448.3391    779136.8355   5250957.0213   2   7   0.1031   0.0592   0.0596   0.0372   0.0143   0.0640   0.20    1.2
2026/04/23 07:35:34.300   3509448.3578    779136.9355   5250956.9926   2   7   0.1031   0.0592   0.0596   0.0372   0.0143   0.0640   0.30    1.2
2026/04/23 07:35:34.400   3509448.3835    779137.0437   5250956.9596   2   7   0.1030   0.0592   0.0596   0.0372   0.0143   0.0640   0.40    1.2
2026/04/23 07:35:34.500   3509448.4096    779137.1547   5250956.9185   2   7   0.1030   0.0592   0.0596   0.0372   0.0143   0.0640  -0.50    1.2
2026/04/23 07:35:34.600   3509448.4407    779137.2662   5250956.8836   2   7   0.1030   0.0592   0.0596   0.0372   0.0143   0.0640  -0.40    1.2
2026/04/23 07:35:34.700   3509448.4760    779137.3748   5250956.8447   2   7   0.1030   0.0592   0.0596   0.0372   0.0143   0.0640  -0.30    1.2
2026/04/23 07:35:34.800   3509448.5105    779137.4833   5250956.8061   2   7   0.1030   0.0591   0.0596   0.0372   0.0143   0.0640  -0.20    1.2
2026/04/23 07:35:34.900   3509448.5404    779137.5991   5250956.7684   2   7   0.1030   0.0591   0.0596   0.0372   0.0143   0.0640  -0.10    1.2
2026/04/23 07:35:35.000   3509448.5565    779137.7203   5250956.7362   2   7   0.1030   0.0591   0.0596   0.0372   0.0143   0.0640   0.00    1.1
2026/04/23 07:35:35.100   3509448.5598    779137.8456   5250956.7139   2   7   0.1030   0.0591   0.0596   0.0372   0.0143   0.0640   0.10    1.1
2026/04/23 07:35:35.200   3509448.5665    779137.9758   5250956.6914   2   7   0.1030   0.0591   0.0596   0.0372   0.0144   0.0640   0.20    1.1
2026/04/23 07:35:35.300   3509448.5693    779138.1000   5250956.6659   2   7   0.1030   0.0591   0.0596   0.0372   0.0144   0.0640   0.30    1.1
2026/04/23 07:35:35.400   3509448.5541    779138.2167   5250956.6546   2   7   0.1030   0.0591   0.0596   0.0372   0.0144   0.0640   0.40    1.1
2026/04/23 07:35:35.500   3509448.5448    779138.3298   5250956.6403   2   7   0.1029   0.0591   0.0596   0.0372   0.0144   0.0639  -0.50    1.1
2026/04/23 07:35:35.600   3509448.5343    779138.4454   5250956.6246   2   7   0.1029   0.0591   0.0596   0.0372   0.0144   0.0639  -0.40    1.1
2026/04/23 07:35:35.700   3509448.5247    779138.5651   5250956.6084   2   7   0.1029   0.0591   0.0596   0.0372   0.0144   0.0639  -0.30    1.1
2026/04/23 07:35:35.800   3509448.5112    779138.6892   5250956.5952   2   8   0.1029   0.0591   0.0596   0.0372   0.0144   0.0639  -0.20    1.1
2026/04/23 07:35:35.900   3509448.4926    779138.8102   5250956.5863   2   8   0.1029   0.0591   0.0596   0.0372   0.0144   0.0639  -0.10    1.1
2026/04/23 07:35:36.000   3509448.4751    779138.9274   5250956.5773   2   8   0.1029   0.0590   0.0596   0.0372   0.0144   0.0639   0.00    1.1
2026/04/23 07:35:36.100   3509448.4611    779139.0449   5250956.5641   2   8   0.1028   0.0590   0.0596   0.0372   0.0144   0.0639   0.10    1.1
2026/04/23 07:35:36.200   3509448.4492    779139.1592   5250956.5524   2   8   0.1028   0.0590   0.0596   0.0373   0.0144   0.0639   0.20    1.1
2026/04/23 07:35:36.300   3509448.4388    779139.2761   5250956.5378   2   9   0.1028   0.0590   0.0595   0.0373   0.0144   0.0639   0.30    1.0
2026/04/23 07:35:36.400   3509448.4325    779139.3914   5250956.5226   2   9   0.1027   0.0590   0.0595   0.0373   0.0144   0.0639   0.40    1.1
2026/04/23 07:35:36.500   3509448.4299    779139.5012   5250956.5058   2   9   0.1027   0.0590   0.0595   0.0373   0.0144   0.0639  -0.50    1.1
2026/04/23 07:35:36.600   3509448.4296    779139.6154   5250956.4864   2   9   0.1026   0.0590   0.0595   0.0373   0.0144   0.0639  -0.40    1.1
2026/04/23 07:35:36.700   3509448.4306    779139.7257   5250956.4653   2   9   0.1026   0.0590   0.0595   0.0374   0.0144   0.0639  -0.30    1.1
2026/04/23 07:35:36.800   3509448.4364    779139.8364   5250956.4424   2   9   0.1025   0.0590   0.0595   0.0374   0.0144   0.0639  -0.20    1.1
2026/04/23 07:35:36.900   3509448.4399    779139.9493   5250956.4252   2   9   0.1025   0.0589   0.0595   0.0374   0.0144   0.0639  -0.10    1.0
2026/04/23 07:35:37.000   3509448.4407    779140.0645   5250956.4058   2   9   0.1024   0.0589   0.0595   0.0374   0.0144   0.0639   0.00    1.0
2026/04/23 07:35:37.100   3509448.4376    779140.1798   5250956.3890   2   9   0.1024   0.0589   0.0595   0.0374   0.0144   0.0639   0.10    1.0
2026/04/23 07:35:37.200   3509448.4339    779140.2996   5250956.3745   2   9   0.1023   0.0589   0.0595   0.0374   0.0144   0.0638   0.20    1.0
2026/04/23 07:35:37.300   3509448.4283    779140.4194   5250956.3620   2   9   0.1023   0.0589   0.0595   0.0374   0.0144   0.0638   0.30    1.0
2026/04/23 07:35:37.400   3509448.4228    779140.5437   5250956.3501   2   9   0.1024   0.0589   0.0595   0.0374   0.0145   0.0638   0.40    1.0
2026/04/23 07:35:37.500   3509448.4179    779140.6663   5250956.3355   2   9   0.1024   0.0589   0.0595   0.0374   0.0145   0.0638  -0.50    1.0
2026/04/23 07:35:37.600   3509448.4113    779140.7892   5250956.3196   2   9   0.1023   0.0589   0.0595   0.0374   0.0145   0.0638  -0.40    1.0
2026/04/23 07:35:37.700   3509448.4043    779140.9122   5250956.3027   2   9   0.1023   0.0589   0.0595   0.0374   0.0145   0.0638  -0.30    1.0
2026/04/23 07:35:37.800   3509448.4010    779141.0417   5250956.2849   2   9   0.1023   0.0589   0.0594   0.0374   0.0145   0.0637  -0.20    1.0
2026/04/23 07:35:37.900   3509448.4022    779141.1809   5250956.2626   2   8   0.1023   0.0589   0.0594   0.0374   0.0145   0.0637  -0.10    1.0
2026/04/23 07:35:38.000   3509448.4014    779141.3223   5250956.2379   2   8   0.1023   0.0589   0.0594   0.0374   0.0145   0.0637   0.00    1.0
2026/04/23 07:35:38.100   3509448.4026    779141.4686   5250956.2130   2   8   0.1023   0.0588   0.0594   0.0374   0.0145   0.0637   0.10    1.0
2026/04/23 07:35:38.200   3509448.4070    779141.6146   5250956.1887   2   8   0.1023   0.0588   0.0594   0.0374   0.0145   0.0637   0.20    1.0
2026/04/23 07:35:38.300   3509448.4115    779141.7601   5250956.1643   2   8   0.1022   0.0588   0.0594   0.0374   0.0145   0.0637   0.30    1.0
2026/04/23 07:35:38.400   3509448.4186    779141.9091   5250956.1364   2   8   0.1022   0.0588   0.0594   0.0374   0.0145   0.0637   0.40    1.0
2026/04/23 07:35:38.500   3509448.4233    779142.0476   5250956.1111   2   8   0.1022   0.0588   0.0594   0.0374   0.0145   0.0637  -0.50    1.0
2026/04/23 07:35:38.600   3509448.4191    779142.1891   5250956.0932   2   8   0.1022   0.0588   0.0594   0.0374   0.0145   0.0636  -0.40    1.0
2026/04/23 07:35:38.700   3509448.4117    779142.3168   5250956.0785   2   8   0.1022   0.0588   0.0594   0.0374   0.0145   0.0636  -0.30    1.0
2026/04/23 07:35:38.800   3509448.4055    779142.4555   5250956.0616   2   8   0.1022   0.0588   0.0594   0.0374   0.0145   0.0636  -0.20    1.0
2026/04/23 07:35:38.900   3509448.4031    779142.6061   5250956.0404   2   8   0.1022   0.0588   0.0594   0.0374   0.0145   0.0636  -0.10    1.0
2026/04/23 07:35:39.000   3509448.3923    779142.7656   5250956.0196   2   8   0.1021   0.0588   0.0594   0.0374   0.0145   0.0636   0.00    1.0
2026/04/23 07:35:39.100   3509448.3851    779142.9284   5250955.9976   2   8   0.1021   0.0588   0.0594   0.0374   0.0145   0.0636   0.10    1.0
2026/04/23 07:35:39.200   3509448.3735    779143.0827   5250955.9830   2   8   0.1021   0.0588   0.0594   0.0374   0.0145   0.0636   0.20    1.0
2026/04/23 07:35:39.300   3509448.3657    779143.2310   5250955.9662   2   8   0.1021   0.0587   0.0594   0.0374   0.0145   0.0636   0.30    1.0
2026/04/23 07:35:39.400   3509448.3598    779143.3803   5250955.9458   2   8   0.1021   0.0587   0.0594   0.0374   0.0145   0.0636   0.40    1.1
2026/04/23 07:35:39.500   3509448.3502    779143.5351   5250955.9294   2   8   0.1021   0.0587   0.0593   0.0374   0.0146   0.0636  -0.50    1.1
2026/04/23 07:35:39.600   3509448.3443    779143.6932   5250955.9095   2   8   0.1021   0.0587   0.0593   0.0374   0.0146   0.0636  -0.40    1.1
2026/04/23 07:35:39.700   3509448.3431    779143.8546   5250955.8820   2   8   0.1021   0.0587   0.0593   0.0374   0.0146   0.0636  -0.30    1.1
2026/04/23 07:35:39.800   3509448.3393    779144.0161   5250955.8622   2   8   0.1020   0.0587   0.0593   0.0374   0.0146   0.0635  -0.20    1.1
2026/04/23 07:35:39.900   3509448.3397    779144.1707   5250955.8382   2   8   0.1020   0.0587   0.0593   0.0374   0.0146   0.0635  -0.10    1.1
2026/04/23 07:35:40.000   3509448.3429    779144.3330   5250955.8096   2   8   0.1020   0.0587   0.0593   0.0374   0.0146   0.0635   0.00    1.1
2026/04/23 07:35:40.100   3509448.3474    779144.4985   5250955.7773   2   8   0.1020   0.0587   0.0593   0.0374   0.0146   0.0635   0.10    1.1
2026/04/23 07:35:40.200   3509448.3505    779144.6603   5250955.7481   2   8   0.1020   0.0587   0.0593   0.0374   0.0146   0.0635   0.20    1.1
2026/04/23 07:35:40.300   3509448.3536    779144.8195   5250955.7178   2   8   0.1020   0.0587   0.0593   0.0374   0.0146   0.0635   0.30    1.1
2026/04/23 07:35:40.400   3509448.3567    779144.9658   5250955.6895   2   8   0.1020   0.0587   0.0593   0.0374   0.0146   0.0635   0.40    1.1
2026/04/23 07:35:40.500   3509448.3581    779145.1070   5250955.6643   2   8   0.1020   0.0587   0.0593   0.0374   0.0146   0.0635  -0.50    1.1
2026/04/23 07:35:40.600   3509448.3627    779145.2455   5250955.6371   2   8   0.1019   0.0586   0.0593   0.0374   0.0146   0.0635  -0.40    1.1
2026/04/23 07:35:40.700   3509448.3660    779145.3890   5250955.6105   2   8   0.1019   0.0586   0.0593   0.0374   0.0146   0.0635  -0.30    1.1
2026/04/23 07:35:40.800   3509448.3751    779145.5324   5250955.5784   2   8   0.1019   0.0586   0.0593   0.0374   0.0146   0.0635  -0.20    1.1
2026/04/23 07:35:40.900   3509448.3833    779145.6849   5250955.5476   2   8   0.1019   0.0586   0.0593   0.0374   0.0146   0.0635  -0.10    1.1
2026/04/23 07:35:41.000   3509448.3937    779145.8341   5250955.5195   2   8   0.1019   0.0586   0.0593   0.0374   0.0146   0.0635   0.00    1.1
2026/04/23 07:35:41.100   3509448.4041    779145.9871   5250955.4858   2   8   0.1019   0.0586   0.0593   0.0374   0.0146   0.0635   0.10    1.1
2026/04/23 07:35:41.200   3509448.4149    779146.1371   5250955.4551   2   8   0.1019   0.0586   0.0593   0.0374   0.0146   0.0635   0.20    1.1
2026/04/23 07:35:41.300   3509448.4248    779146.2948   5250955.4218   2   8   0.1019   0.0586   0.0593   0.0374   0.0146   0.0635   0.30    1.1
2026/04/23 07:35:41.400   3509448.4362    779146.4565   5250955.3884   2   8   0.1019   0.0586   0.0593   0.0374   0.0146   0.0635   0.40    1.1
2026/04/23 07:35:41.500   3509448.4488    779146.6181   5250955.3563   2   8   0.1019   0.0586   0.0593   0.0374   0.0147   0.0635  -0.50    1.2
2026/04/23 07:35:41.600   3509448.4664    779146.7718   5250955.3236   2   8   0.1018   0.0586   0.0593   0.0374   0.0147   0.0635  -0.40    1.2
2026/04/23 07:35:41.700   3509448.4819    779146.9273   5250955.2892   2   8   0.1018   0.0586   0.0593   0.0374   0.0147   0.0635  -0.30    1.2
2026/04/23 07:35:41.800   3509448.4959    779147.0822   5250955.2555   2   8   0.1018   0.0585   0.0593   0.0374   0.0147   0.0634  -0.20    1.2
2026/04/23 07:35:41.900   3509448.5104    779147.2365   5250955.2198   2   8   0.1018   0.0585   0.0593   0.0374   0.0147   0.0634  -0.10    1.2
2026/04/23 07:35:42.000   3509448.5182    779147.3951   5250955.1852   2   8   0.1018   0.0585   0.0593   0.0374   0.0147   0.0634   0.00    1.2
2026/04/23 07:35:42.100   3509448.5305    779147.5480   5250955.1528   2   8   0.1018   0.0585   0.0593   0.0374   0.0147   0.0634   0.10    1.2
2026/04/23 07:35:42.200   3509448.5409    779147.6969   5250955.1208   2   8   0.1018   0.0585   0.0593   0.0374   0.0147   0.0634   0.20    1.2
2026/04/23 07:35:42.300   3509448.5531    779147.8446   5250955.0892   2   8   0.1018   0.0585   0.0593   0.0374   0.0147   0.0634   0.30    1.2
2026/04/23 07:35:42.400   3509448.5651    779147.9933   5250955.0540   2   8   0.1018   0.0585   0.0593   0.0374   0.0147   0.0634   0.40    1.2
2026/04/23 07:35:42.500   3509448.5876    779148.1501   5250955.0203   2   8   0.1018   0.0585   0.0593   0.0374   0.0147   0.0634  -0.50    1.2
2026/04/23 07:35:42.600   3509448.6050    779148.3007   5250954.9845   2   8   0.1017   0.0585   0.0593   0.0374   0.0147   0.0634  -0.40    1.2
2026/04/23 07:35:42.700   3509448.6211    779148.4524   5250954.9513   2   8   0.1017   0.0585   0.0593   0.0374   0.0147   0.0634  -0.30    1.2
2026/04/23 07:35:42.800   3509448.6408    779148.6038   5250954.9141   2   8   0.1017   0.0585   0.0592   0.0374   0.0147   0.0634  -0.20    1.2
2026/04/23 07:35:42.900   3509448.6600    779148.7565   5250954.8774   2   8   0.1017   0.0585   0.0592   0.0374   0.0147   0.0634  -0.10    1.2
2026/04/23 07:35:43.000   3509448.6778    779148.9123   5250954.8409   2   8   0.1017   0.0584   0.0592   0.0374   0.0147   0.0634   0.00    1.2
2026/04/23 07:35:43.100   3509448.6942    779149.0642   5250954.8045   2   8   0.1017   0.0584   0.0592   0.0374   0.0147   0.0634   0.10    1.2
2026/04/23 07:35:43.200   3509448.7106    779149.2163   5250954.7716   2   8   0.1017   0.0584   0.0592   0.0374   0.0147   0.0634   0.20    1.2
2026/04/23 07:35:43.300   3509448.7283    779149.3624   5250954.7371   2   8   0.1017   0.0584   0.0592   0.0374   0.0147   0.0634   0.30    1.2
2026/04/23 07:35:43.400   3509448.7473    779149.5094   5250954.7045   2   8   0.1017   0.0584   0.0592   0.0374   0.0147   0.0634   0.40    1.2
2026/04/23 07:35:43.500   3509448.7644    779149.6586   5250954.6724   2   8   0.1017   0.0584   0.0592   0.0374   0.0148   0.0634  -0.50    1.2
2026/04/23 07:35:43.600   3509448.7780    779149.8113   5250954.6436   2   8   0.1016   0.0584   0.0592   0.0374   0.0148   0.0634  -0.40    1.2
2026/04/23 07:35:43.700   3509448.7896    779149.9693   5250954.6130   2   8   0.1016   0.0584   0.0592   0.0374   0.0148   0.0634  -0.30    1.2
2026/04/23 07:35:43.800   3509448.8044    779150.1296   5250954.5821   2   8   0.1016   0.0584   0.0592   0.0374   0.0148   0.0634  -0.20    1.3
2026/04/23 07:35:43.900   3509448.8143    779150.2850   5250954.5549   2   8   0.1017   0.0584   0.0592   0.0373   0.0148   0.0634  -0.10    1.0
2026/04/23 07:35:44.000   3509448.8199    779150.4398   5250954.5312   2   8   0.1018   0.0584   0.0592   0.0373   0.0147   0.0634   0.00    1.0
2026/04/23 07:35:44.100   3509448.8276    779150.5925   5250954.5034   2   8   0.1019   0.0584   0.0592   0.0372   0.0147   0.0634   0.10    1.0
2026/04/23 07:35:44.200   3509448.8332    779150.7532   5250954.4805   2   8   0.1019   0.0584   0.0592   0.0372   0.0147   0.0634   0.20    1.0
2026/04/23 07:35:44.300   3509448.8389    779150.9120   5250954.4501   2   8   0.1019   0.0584   0.0592   0.0373   0.0147   0.0635   0.30    1.0
2026/04/23 07:35:44.400   3509448.8461    779151.0648   5250954.4207   2   8   0.1019   0.0583   0.0592   0.0373   0.0147   0.0635   0.40    1.0
2026/04/23 07:35:44.500   3509448.8580    779151.2216   5250954.3919   2   8   0.1019   0.0583   0.0593   0.0373   0.0147   0.0635  -0.50    1.0
2026/04/23 07:35:44.600   3509448.8653    779151.3745   5250954.3640   2   8   0.1019   0.0583   0.0593   0.0373   0.0148   0.0635  -0.40    1.0
2026/04/23 07:35:44.700   3509448.8746    779151.5262   5250954.3349   2   8   0.1018   0.0583   0.0593   0.0373   0.0148   0.0635  -0.30    1.0
2026/04/23 07:35:44.800   3509448.8897    779151.6787   5250954.3014   2   8   0.1018   0.0583   0.0593   0.0374   0.0148   0.0635  -0.20    1.0
2026/04/23 07:35:44.900   3509448.8969    779151.8316   5250954.2714   2   8   0.1018   0.0583   0.0593   0.0374   0.0148   0.0635  -0.10    1.0
2026/04/23 07:35:45.000   3509448.9001    779151.9900   5250954.2418   2   8   0.1017   0.0583   0.0593   0.0374   0.0148   0.0635   0.00    1.0
2026/04/23 07:35:45.100   3509448.9052    779152.1427   5250954.2079   2   8   0.1017   0.0583   0.0593   0.0374   0.0149   0.0635   0.10    1.1
2026/04/23 07:35:45.200   3509448.9077    779152.2999   5250954.1770   2   8   0.1017   0.0583   0.0593   0.0374   0.0149   0.0635   0.20    1.1
2026/04/23 07:35:45.300   3509448.9111    779152.4549   5250954.1500   2   8   0.1017   0.0583   0.0593   0.0374   0.0149   0.0635   0.30    1.1
2026/04/23 07:35:45.400   3509448.9162    779152.6047   5250954.1213   2   8   0.1016   0.0583   0.0593   0.0374   0.0149   0.0635   0.40    1.1
2026/04/23 07:35:45.500   3509448.9189    779152.7499   5250954.0948   2   8   0.1016   0.0583   0.0593   0.0374   0.0149   0.0635  -0.50    1.1
2026/04/23 07:35:45.600   3509448.9205    779152.8896   5250954.0702   2   8   0.1016   0.0582   0.0593   0.0374   0.0149   0.0634  -0.40    1.1
2026/04/23 07:35:45.700   3509448.9242    779153.0332   5250954.0424   2   8   0.1017   0.0582   0.0593   0.0374   0.0149   0.0634  -0.30    1.0
2026/04/23 07:35:45.800   3509448.9284    779153.1864   5250954.0122   2   8   0.1017   0.0582   0.0593   0.0373   0.0149   0.0634  -0.20    1.0
2026/04/23 07:35:45.900   3509448.9381    779153.3402   5250953.9846   2   8   0.1017   0.0582   0.0593   0.0373   0.0149   0.0634  -0.10    1.0
2026/04/23 07:35:46.000   3509448.9512    779153.5068   5250953.9516   2   8   0.1018   0.0582   0.0592   0.0373   0.0149   0.0634   0.00    1.0
2026/04/23 07:35:46.100   3509448.9623    779153.6686   5250953.9194   2   8   0.1017   0.0582   0.0592   0.0373   0.0149   0.0634   0.10    1.0
2026/04/23 07:35:46.200   3509448.9714    779153.8322   5250953.8904   2   8   0.1017   0.0582   0.0592   0.0373   0.0149   0.0634   0.20    1.0
2026/04/23 07:35:46.300   3509448.9792    779153.9854   5250953.8609   2   8   0.1017   0.0582   0.0592   0.0373   0.0149   0.0634   0.30    1.1
2026/04/23 07:35:46.400   3509448.9866    779154.1339   5250953.8318   2   8   0.1017   0.0582   0.0592   0.0374   0.0149   0.0634   0.40    1.1
2026/04/23 07:35:46.500   3509448.9968    779154.2801   5250953.8015   2   8   0.1017   0.0582   0.0592   0.0374   0.0149   0.0634  -0.50    1.1
2026/04/23 07:35:46.600   3509449.0029    779154.4297   5250953.7720   2   8   0.1016   0.0582   0.0592   0.0374   0.0149   0.0634  -0.40    1.1
2026/04/23 07:35:46.700   3509449.0120    779154.5812   5250953.7454   2   8   0.1016   0.0582   0.0593   0.0374   0.0149   0.0634  -0.30    1.1
2026/04/23 07:35:46.800   3509449.0224    779154.7374   5250953.7142   2   8   0.1016   0.0581   0.0593   0.0374   0.0149   0.0634  -0.20    1.1
2026/04/23 07:35:46.900   3509449.0250    779154.8912   5250953.6885   2   8   0.1015   0.0581   0.0593   0.0374   0.0149   0.0634  -0.10    1.1
2026/04/23 07:35:47.000   3509449.0242    779155.0465   5250953.6657   2   8   0.1015   0.0581   0.0592   0.0374   0.0150   0.0634   0.00    1.1
2026/04/23 07:35:47.100   3509449.0228    779155.2086   5250953.6379   2   8   0.1015   0.0581   0.0592   0.0374   0.0150   0.0634   0.10    1.1
2026/04/23 07:35:47.200   3509449.0245    779155.3703   5250953.6122   2   8   0.1015   0.0581   0.0592   0.0374   0.0150   0.0634   0.20    1.1
2026/04/23 07:35:47.300   3509449.0163    779155.5279   5250953.5918   2   8   0.1015   0.0581   0.0592   0.0374   0.0150   0.0634   0.30    1.0
2026/04/23 07:35:47.400   3509449.0130    779155.6836   5250953.5699   2   8   0.1016   0.0581   0.0592   0.0373   0.0150   0.0634   0.40    1.0
2026/04/23 07:35:47.500   3509449.0087    779155.8364   5250953.5528   2   7   0.1016   0.0581   0.0592   0.0373   0.0150   0.0634  -0.50    1.0
2026/04/23 07:35:47.600   3509448.9978    779155.9839   5250953.5409   2   7   0.1016   0.0581   0.0592   0.0373   0.0150   0.0634  -0.40    1.0
2026/04/23 07:35:47.700   3509448.9931    779156.1358   5250953.5268   2   7   0.1017   0.0581   0.0592   0.0372   0.0150   0.0634  -0.30    1.0
2026/04/23 07:35:47.800   3509448.9910    779156.2849   5250953.5070   2   7   0.1017   0.0581   0.0592   0.0372   0.0150   0.0634  -0.20    1.0
2026/04/23 07:35:47.900   3509448.9811    779156.4358   5250953.4859   2   7   0.1017   0.0581   0.0592   0.0372   0.0150   0.0634  -0.10    1.0
2026/04/23 07:35:48.000   3509448.9791    779156.5853   5250953.4677   2   7   0.1017   0.0581   0.0592   0.0372   0.0150   0.0634   0.00    1.0
2026/04/23 07:35:48.100   3509448.9704    779156.7429   5250953.4447   2   6   0.1018   0.0581   0.0593   0.0371   0.0148   0.0635   0.10    1.1
2026/04/23 07:35:48.200   3509448.9683    779156.8989   5250953.4202   2   6   0.1020   0.0581   0.0593   0.0370   0.0147   0.0636   0.20    1.1
2026/04/23 07:35:48.300   3509448.9624    779157.0660   5250953.3941   2   6   0.1021   0.0581   0.0594   0.0369   0.0146   0.0637   0.30    1.1
2026/04/23 07:35:48.400   3509448.9535    779157.2341   5250953.3680   2   6   0.1023   0.0581   0.0594   0.0368   0.0145   0.0638   0.40    1.1
2026/04/23 07:35:48.500   3509448.9456    779157.3980   5250953.3424   2   6   0.1024   0.0581   0.0595   0.0368   0.0145   0.0639  -0.50    1.1
2026/04/23 07:35:48.600   3509448.9336    779157.5503   5250953.3208   2   6   0.1024   0.0581   0.0596   0.0368   0.0145   0.0640  -0.40    1.1
2026/04/23 07:35:48.700   3509448.9191    779157.6814   5250953.3066   2   6   0.1025   0.0581   0.0596   0.0368   0.0145   0.0641  -0.30    1.1
2026/04/23 07:35:48.800   3509448.9049    779157.7914   5250953.2926   2   6   0.1026   0.0581   0.0597   0.0368   0.0145   0.0642  -0.20    1.1
2026/04/23 07:35:48.900   3509448.8897    779157.8811   5250953.2831   2   6   0.1026   0.0581   0.0597   0.0368   0.0146   0.0642  -0.10    1.1
2026/04/23 07:35:49.000   3509448.8740    779157.9580   5250953.2777   2   6   0.1026   0.0581   0.0598   0.0368   0.0146   0.0643   0.00    1.1
2026/04/23 07:35:49.100   3509448.8587    779158.0324   5250953.2717   2   6   0.1027   0.0581   0.0598   0.0368   0.0146   0.0643   0.10    1.1
2026/04/23 07:35:49.200   3509448.8502    779158.1131   5250953.2634   2   6   0.1027   0.0581   0.0598   0.0368   0.0147   0.0643   0.20    1.1
2026/04/23 07:35:49.300   3509448.8264    779158.2085   5250953.2555   2   6   0.1027   0.0581   0.0599   0.0368   0.0147   0.0644   0.30    1.1
2026/04/23 07:35:49.400   3509448.7991    779158.3045   5250953.2591   2   6   0.1027   0.0581   0.0599   0.0369   0.0147   0.0644   0.40    1.1
2026/04/23 07:35:49.500   3509448.7601    779158.4008   5250953.2669   2   6   0.1027   0.0581   0.0599   0.0369   0.0147   0.0644  -0.50    1.1
2026/04/23 07:35:49.600   3509448.7221    779158.5022   5250953.2697   2   6   0.1027   0.0580   0.0599   0.0369   0.0147   0.0644  -0.40    1.1
2026/04/23 07:35:49.700   3509448.6790    779158.6087   5250953.2827   2   6   0.1027   0.0580   0.0599   0.0369   0.0147   0.0644  -0.30    1.1
2026/04/23 07:35:49.800   3509448.6311    779158.7229   5250953.2941   2   6   0.1027   0.0580   0.0599   0.0369   0.0147   0.0644  -0.20    1.1
2026/04/23 07:35:49.900   3509448.5756    779158.8394   5250953.3114   2   6   0.1027   0.0580   0.0599   0.0369   0.0147   0.0644  -0.10    1.1
2026/04/23 07:35:50.000   3509448.5198    779158.9496   5250953.3317   2   6   0.1027   0.0580   0.0599   0.0368   0.0147   0.0644   0.00    1.1
2026/04/23 07:35:50.100   3509448.4583    779159.0639   5250953.3517   2   6   0.1027   0.0580   0.0599   0.0368   0.0147   0.0644   0.10    1.1
2026/04/23 07:35:50.200   3509448.3964    779159.1829   5250953.3703   2   6   0.1027   0.0580   0.0599   0.0368   0.0147   0.0644   0.20    1.1
2026/04/23 07:35:50.300   3509448.3315    779159.2927   5250953.3879   2   6   0.1027   0.0580   0.0599   0.0368   0.0147   0.0644   0.30    1.1
2026/04/23 07:35:50.400   3509448.2628    779159.3970   5250953.4111   2   6   0.1027   0.0580   0.0599   0.0368   0.0147   0.0644   0.40    1.1
2026/04/23 07:35:50.500   3509448.1910    779159.5003   5250953.4316   2   6   0.1027   0.0580   0.0599   0.0368   0.0148   0.0644  -0.50    1.1
2026/04/23 07:35:50.600   3509448.1291    779159.6040   5250953.4520   2   6   0.1027   0.0580   0.0599   0.0368   0.0148   0.0644  -0.40    1.1
2026/04/23 07:35:50.700   3509448.0719    779159.7041   5250953.4730   2   6   0.1027   0.0580   0.0599   0.0368   0.0148   0.0644  -0.30    1.1
2026/04/23 07:35:50.800   3509448.0143    779159.7954   5250953.4927   2   6   0.1027   0.0580   0.0599   0.0368   0.0148   0.0644  -0.20    1.1
2026/04/23 07:35:50.900   3509447.9552    779159.8859   5250953.5146   2   6   0.1027   0.0579   0.0599   0.0368   0.0148   0.0644  -0.10    1.1
2026/04/23 07:35:51.000   3509447.9025    779159.9812   5250953.5370   2   6   0.1027   0.0579   0.0599   0.0368   0.0148   0.0644   0.00    1.1
2026/04/23 07:35:51.100   3509447.8477    779160.0723   5250953.5606   2   6   0.1027   0.0579   0.0599   0.0368   0.0148   0.0644   0.10    1.1
2026/04/23 07:35:51.200   3509447.7924    779160.1619   5250953.5862   2   6   0.1027   0.0579   0.0599   0.0368   0.0148   0.0644   0.20    1.1
2026/04/23 07:35:51.300   3509447.7241    779160.2477   5250953.6171   2   6   0.1027   0.0579   0.0599   0.0368   0.0148   0.0644   0.30    1.1
2026/04/23 07:35:51.400   3509447.6644    779160.3304   5250953.6482   2   6   0.1027   0.0579   0.0599   0.0368   0.0148   0.0644   0.40    1.1
2026/04/23 07:35:51.500   3509447.6018    779160.4151   5250953.6808   2   6   0.1027   0.0579   0.0599   0.0368   0.0148   0.0644  -0.50    1.1
2026/04/23 07:35:51.600   3509447.5338    779160.4955   5250953.7174   2   6   0.1027   0.0579   0.0599   0.0368   0.0148   0.0644  -0.40    1.1
2026/04/23 07:35:51.700   3509447.4671    779160.5751   5250953.7533   2   6   0.1026   0.0579   0.0599   0.0368   0.0148   0.0644  -0.30    1.1
2026/04/23 07:35:51.800   3509447.3960    779160.6464   5250953.7912   2   6   0.1026   0.0579   0.0599   0.0368   0.0148   0.0644  -0.20    1.1
2026/04/23 07:35:51.900   3509447.3252    779160.7096   5250953.8317   2   6   0.1026   0.0579   0.0599   0.0368   0.0148   0.0644  -0.10    1.1
2026/04/23 07:35:52.000   3509447.2481    779160.7734   5250953.8800   2   6   0.1026   0.0579   0.0599   0.0368   0.0148   0.0644   0.00    1.1
2026/04/23 07:35:52.100   3509447.1791    779160.8346   5250953.9291   2   6   0.1026   0.0579   0.0599   0.0368   0.0148   0.0644   0.10    1.1
2026/04/23 07:35:52.200   3509447.0965    779160.8889   5250953.9788   2   6   0.1026   0.0578   0.0599   0.0368   0.0148   0.0644   0.20    1.1
2026/04/23 07:35:52.300   3509447.0207    779160.9435   5250954.0306   2   6   0.1026   0.0578   0.0599   0.0368   0.0148   0.0644   0.30    1.1
2026/04/23 07:35:52.400   3509446.9397    779160.9865   5250954.0866   2   6   0.1026   0.0578   0.0599   0.0368   0.0148   0.0644   0.40    1.1
2026/04/23 07:35:52.500   3509446.8610    779161.0301   5250954.1409   2   6   0.1026   0.0578   0.0599   0.0368   0.0148   0.0644  -0.50    1.1
2026/04/23 07:35:52.600   3509446.7829    779161.0711   5250954.1988   2   6   0.1026   0.0578   0.0599   0.0368   0.0148   0.0644  -0.40    1.1
2026/04/23 07:35:52.700   3509446.6962    779161.1114   5250954.2613   2   6   0.1026   0.0578   0.0599   0.0368   0.0148   0.0644  -0.30    1.1
2026/04/23 07:35:52.800   3509446.6132    779161.1507   5250954.3240   2   6   0.1026   0.0578   0.0599   0.0368   0.0148   0.0644  -0.20    1.1
2026/04/23 07:35:52.900   3509446.5285    779161.1877   5250954.3925   2   6   0.1026   0.0578   0.0599   0.0368   0.0148   0.0644  -0.10    1.1
2026/04/23 07:35:53.000   3509446.4484    779161.2209   5250954.4615   2   6   0.1026   0.0578   0.0599   0.0368   0.0148   0.0644   0.00    1.1
2026/04/23 07:35:53.100   3509446.3586    779161.2561   5250954.5217   2   6   0.1026   0.0578   0.0599   0.0368   0.0148   0.0644   0.10    1.1
2026/04/23 07:35:53.200   3509446.2668    779161.2900   5250954.5823   2   6   0.1026   0.0578   0.0599   0.0368   0.0148   0.0644   0.20    1.2
2026/04/23 07:35:53.300   3509446.1721    779161.3260   5250954.6430   2   6   0.1026   0.0579   0.0600   0.0365   0.0143   0.0645   0.30    1.0
2026/04/23 07:35:53.400   3509446.0739    779161.3628   5250954.7010   2   6   0.1028   0.0581   0.0602   0.0363   0.0137   0.0647   0.40    1.0
2026/04/23 07:35:53.500   3509445.9759    779161.3988   5250954.7583   2   6   0.1029   0.0582   0.0603   0.0361   0.0132   0.0648  -0.50    1.1
2026/04/23 07:35:53.600   3509445.8796    779161.4227   5250954.8151   2   6   0.1030   0.0582   0.0604   0.0359   0.0128   0.0650  -0.40    1.1
2026/04/23 07:35:53.700   3509445.7735    779161.4477   5250954.8727   2   6   0.1030   0.0582   0.0605   0.0358   0.0127   0.0651  -0.30    1.2
2026/04/23 07:35:53.800   3509445.6722    779161.4705   5250954.9294   2   6   0.1031   0.0581   0.0606   0.0358   0.0126   0.0652  -0.20    1.2
2026/04/23 07:35:53.900   3509445.5711    779161.4973   5250954.9854   2   6   0.1032   0.0581   0.0607   0.0358   0.0127   0.0653  -0.10    1.2
2026/04/23 07:35:54.000   3509445.4747    779161.5135   5250955.0403   2   7   0.1032   0.0580   0.0607   0.0359   0.0128   0.0653   0.00    1.1
2026/04/23 07:35:54.100   3509445.3742    779161.5285   5250955.0943   2   6   0.1032   0.0580   0.0608   0.0359   0.0129   0.0654   0.10    1.2
2026/04/23 07:35:54.200   3509445.2724    779161.5451   5250955.1487   2   6   0.1033   0.0579   0.0608   0.0360   0.0131   0.0654   0.20    1.2
2026/04/23 07:35:54.300   3509445.1676    779161.5633   5250955.2054   2   6   0.1033   0.0579   0.0608   0.0360   0.0132   0.0654   0.30    1.2
2026/04/23 07:35:54.400   3509445.0737    779161.5781   5250955.2647   2   6   0.1033   0.0578   0.0609   0.0361   0.0133   0.0655   0.40    1.2
2026/04/23 07:35:54.500   3509444.9805    779161.5875   5250955.3270   2   7   0.1033   0.0578   0.0609   0.0361   0.0134   0.0655  -0.50    1.0
2026/04/23 07:35:54.600   3509444.8827    779161.5987   5250955.3856   2   6   0.1033   0.0578   0.0609   0.0362   0.0135   0.0655  -0.40    1.2
2026/04/23 07:35:54.700   3509444.7847    779161.6094   5250955.4437   2   7   0.1033   0.0577   0.0609   0.0362   0.0137   0.0655  -0.30    1.0
2026/04/23 07:35:54.800   3509444.6848    779161.6211   5250955.4997   2   7   0.1032   0.0577   0.0609   0.0363   0.0137   0.0654  -0.20    1.1
2026/04/23 07:35:54.900   3509444.5798    779161.6315   5250955.5535   2   7   0.1032   0.0577   0.0608   0.0364   0.0138   0.0654  -0.10    1.1
2026/04/23 07:35:55.000   3509444.4768    779161.6432   5250955.6080   2   7   0.1031   0.0577   0.0608   0.0364   0.0139   0.0654   0.00    1.1
2026/04/23 07:35:55.100   3509444.3753    779161.6519   5250955.6641   2   7   0.1030   0.0577   0.0608   0.0365   0.0140   0.0653   0.10    1.1
2026/04/23 07:35:55.200   3509444.2725    779161.6594   5250955.7202   2   7   0.1030   0.0576   0.0608   0.0365   0.0141   0.0653   0.20    1.2
2026/04/23 07:35:55.300   3509444.1729    779161.6668   5250955.7795   2   6   0.1030   0.0576   0.0607   0.0365   0.0141   0.0652   0.30    1.0
2026/04/23 07:35:55.400   3509444.0750    779161.6684   5250955.8414   2   6   0.1030   0.0577   0.0607   0.0365   0.0141   0.0652   0.40    1.0
2026/04/23 07:35:55.500   3509443.9815    779161.6723   5250955.9048   2   6   0.1030   0.0577   0.0607   0.0364   0.0141   0.0652  -0.50    1.0
2026/04/23 07:35:55.600   3509443.8894    779161.6791   5250955.9687   2   6   0.1029   0.0577   0.0607   0.0364   0.0141   0.0652  -0.40    1.0
2026/04/23 07:35:55.700   3509443.7934    779161.6842   5250956.0325   2   6   0.1029   0.0577   0.0607   0.0364   0.0141   0.0651  -0.30    1.0
2026/04/23 07:35:55.800   3509443.6989    779161.6879   5250956.0934   2   6   0.1029   0.0576   0.0606   0.0364   0.0141   0.0651  -0.20    1.1
2026/04/23 07:35:55.900   3509443.6053    779161.6922   5250956.1594   2   6   0.1029   0.0576   0.0606   0.0364   0.0141   0.0651  -0.10    1.1
2026/04/23 07:35:56.000   3509443.5054    779161.6985   5250956.2246   2   6   0.1029   0.0576   0.0606   0.0364   0.0141   0.0651   0.00    1.1
2026/04/23 07:35:56.100   3509443.4009    779161.7109   5250956.2945   2   6   0.1029   0.0576   0.0606   0.0364   0.0141   0.0651   0.10    1.1
2026/04/23 07:35:56.200   3509443.2839    779161.7250   5250956.3627   2   6   0.1028   0.0576   0.0605   0.0364   0.0141   0.0650   0.20    1.1
2026/04/23 07:35:56.300   3509443.1689    779161.7384   5250956.4296   2   6   0.1028   0.0576   0.0605   0.0364   0.0142   0.0650   0.30    1.2
2026/04/23 07:35:56.400   3509443.0671    779161.7536   5250956.4974   2   6   0.1028   0.0576   0.0605   0.0365   0.0142   0.0650   0.40    1.2
2026/04/23 07:35:56.500   3509442.9558    779161.7731   5250956.5575   2   6   0.1028   0.0576   0.0605   0.0365   0.0142   0.0650  -0.50    1.2
2026/04/23 07:35:56.600   3509442.8511    779161.7908   5250956.6190   2   6   0.1028   0.0576   0.0605   0.0365   0.0143   0.0649  -0.40    1.2
2026/04/23 07:35:56.700   3509442.7488    779161.8085   5250956.6890   2   6   0.1027   0.0576   0.0605   0.0365   0.0143   0.0649  -0.30    1.2
2026/04/23 07:35:56.800   3509442.6377    779161.8241   5250956.7550   2   6   0.1027   0.0576   0.0604   0.0365   0.0143   0.0649  -0.20    1.3
2026/04/23 07:35:56.900   3509442.5239    779161.8452   5250956.8212   2   7   0.1027   0.0575   0.0604   0.0365   0.0143   0.0649  -0.10    1.2
2026/04/23 07:35:57.000   3509442.4155    779161.8681   5250956.8893   2   7   0.1027   0.0575   0.0604   0.0365   0.0144   0.0649   0.00    1.2
2026/04/23 07:35:57.100   3509442.3082    779161.8907   5250956.9590   2   7   0.1027   0.0575   0.0604   0.0365   0.0144   0.0649   0.10    1.3
2026/04/23 07:35:57.200   3509442.2047    779161.9104   5250957.0236   2   7   0.1026   0.0575   0.0604   0.0366   0.0144   0.0648   0.20    1.3
2026/04/23 07:35:57.300   3509442.1011    779161.9271   5250957.0921   2   7   0.1026   0.0575   0.0604   0.0366   0.0144   0.0648   0.30    1.4
2026/04/23 07:35:57.400   3509442.0029    779161.9493   5250957.1619   2   7   0.1026   0.0575   0.0603   0.0366   0.0145   0.0648   0.40    1.4
2026/04/23 07:35:57.500   3509441.8996    779161.9715   5250957.2286   2   7   0.1025   0.0575   0.0603   0.0367   0.0145   0.0648  -0.50    1.4
2026/04/23 07:35:57.600   3509441.7960    779161.9846   5250957.2916   2   6   0.1025   0.0575   0.0603   0.0366   0.0145   0.0648  -0.40    1.4
2026/04/23 07:35:57.700   3509441.6966    779161.9983   5250957.3640   2   7   0.1025   0.0574   0.0603   0.0367   0.0146   0.0647  -0.30    1.4
2026/04/23 07:35:57.800   3509441.5926    779162.0146   5250957.4311   2   7   0.1024   0.0574   0.0603   0.0368   0.0147   0.0647  -0.20    1.5
2026/04/23 07:35:57.900   3509441.4880    779162.0302   5250957.5010   2   7   0.1023   0.0574   0.0603   0.0368   0.0147   0.0646  -0.10    1.5
2026/04/23 07:35:58.000   3509441.3832    779162.0357   5250957.5698   2   7   0.1023   0.0574   0.0602   0.0369   0.0147   0.0646   0.00    1.5
2026/04/23 07:35:58.100   3509441.2768    779162.0360   5250957.6384   2   6   0.1023   0.0574   0.0602   0.0368   0.0147   0.0646   0.10    1.5
2026/04/23 07:35:58.200   3509441.1795    779162.0383   5250957.7050   2   7   0.1022   0.0574   0.0602   0.0368   0.0148   0.0645   0.20    1.5
2026/04/23 07:35:58.300   3509441.0830    779162.0399   5250957.7749   2   7   0.1021   0.0574   0.0602   0.0369   0.0148   0.0645   0.30    1.6
2026/04/23 07:35:58.400   3509440.9894    779162.0428   5250957.8414   2   6   0.1022   0.0574   0.0602   0.0368   0.0148   0.0645   0.40    1.5
2026/04/23 07:35:58.500   3509440.8899    779162.0502   5250957.9094   2   7   0.1021   0.0574   0.0601   0.0369   0.0148   0.0644  -0.50    1.6
2026/04/23 07:35:58.600   3509440.7898    779162.0656   5250957.9787   2   7   0.1020   0.0573   0.0601   0.0369   0.0149   0.0644  -0.40    1.6
2026/04/23 07:35:58.700   3509440.6926    779162.0809   5250958.0497   2   7   0.1020   0.0573   0.0601   0.0369   0.0149   0.0643  -0.30    1.6
2026/04/23 07:35:58.800   3509440.5827    779162.0953   5250958.1213   2   7   0.1019   0.0573   0.0601   0.0369   0.0149   0.0643  -0.20    1.7
2026/04/23 07:35:58.900   3509440.4794    779162.1140   5250958.1922   2   7   0.1019   0.0573   0.0600   0.0369   0.0149   0.0643  -0.10    1.7
2026/04/23 07:35:59.000   3509440.3690    779162.1320   5250958.2626   2   7   0.1018   0.0573   0.0600   0.0369   0.0149   0.0642   0.00    1.7
2026/04/23 07:35:59.100   3509440.2671    779162.1542   5250958.3308   2   6   0.1019   0.0573   0.0600   0.0368   0.0148   0.0642   0.10    1.5
2026/04/23 07:35:59.200   3509440.1623    779162.1774   5250958.3981   2   7   0.1019   0.0573   0.0600   0.0369   0.0149   0.0642   0.20    1.7
2026/04/23 07:35:59.300   3509440.0582    779162.1955   5250958.4653   2   6   0.1019   0.0573   0.0600   0.0368   0.0148   0.0642   0.30    1.5
2026/04/23 07:35:59.400   3509439.9584    779162.2164   5250958.5290   2   7   0.1018   0.0573   0.0599   0.0369   0.0149   0.0642   0.40    1.8
2026/04/23 07:35:59.500   3509439.8622    779162.2364   5250958.5934   2   7   0.1018   0.0573   0.0599   0.0369   0.0149   0.0641  -0.50    1.8
2026/04/23 07:35:59.600   3509439.7660    779162.2585   5250958.6548   2   7   0.1017   0.0573   0.0599   0.0369   0.0150   0.0641  -0.40    1.8
2026/04/23 07:35:59.700   3509439.6637    779162.2806   5250958.7206   2   7   0.1017   0.0572   0.0599   0.0369   0.0150   0.0641  -0.30    1.8
2026/04/23 07:35:59.800   3509439.5541    779162.2913   5250958.7876   2   7   0.1017   0.0572   0.0599   0.0369   0.0150   0.0640  -0.20    1.8
2026/04/23 07:35:59.900   3509439.4541    779162.3094   5250958.8591   2   7   0.1016   0.0572   0.0598   0.0369   0.0150   0.0640  -0.10    1.8
2026/04/23 07:36:00.000   3509439.3442    779162.3230   5250958.9296   2   7   0.1016   0.0572   0.0598   0.0369   0.0150   0.0640   0.00    1.8
2026/04/23 07:36:00.100   3509439.2329    779162.3386   5250958.9969   2   7   0.1016   0.0572   0.0598   0.0369   0.0150   0.0640   0.10    1.9
2026/04/23 07:36:00.200   3509439.1226    779162.3529   5250959.0684   2   7   0.1016   0.0572   0.0598   0.0369   0.0150   0.0640   0.20    1.9
2026/04/23 07:36:00.300   3509439.0169    779162.3712   5250959.1352   2   6   0.1017   0.0572   0.0598   0.0368   0.0149   0.0640   0.30    1.5
2026/04/23 07:36:00.400   3509438.9198    779162.3820   5250959.1992   2   7   0.1016   0.0573   0.0598   0.0369   0.0148   0.0640   0.40    1.1
2026/04/23 07:36:00.500   3509438.8163    779162.3903   5250959.2613   2   7   0.1016   0.0573   0.0598   0.0369   0.0147   0.0640  -0.50    1.0
2026/04/23 07:36:00.600   3509438.7209    779162.3979   5250959.3222   2   7   0.1015   0.0574   0.0598   0.0369   0.0146   0.0639  -0.40    1.0
2026/04/23 07:36:00.700   3509438.6193    779162.4167   5250959.3841   2   7   0.1015   0.0573   0.0598   0.0369   0.0146   0.0639  -0.30    1.0
2026/04/23 07:36:00.800   3509438.5215    779162.4332   5250959.4455   2   7   0.1015   0.0573   0.0598   0.0369   0.0147   0.0639  -0.20    1.1
2026/04/23 07:36:00.900   3509438.4175    779162.4507   5250959.5112   2   7   0.1015   0.0573   0.0598   0.0369   0.0147   0.0639  -0.10    1.1
2026/04/23 07:36:01.000   3509438.3125    779162.4629   5250959.5785   2   7   0.1015   0.0573   0.0598   0.0369   0.0147   0.0639   0.00    1.2
2026/04/23 07:36:01.100   3509438.2054    779162.4738   5250959.6463   2   7   0.1014   0.0572   0.0598   0.0369   0.0148   0.0639   0.10    1.3
2026/04/23 07:36:01.200   3509438.0996    779162.4873   5250959.7170   2   7   0.1014   0.0572   0.0598   0.0369   0.0148   0.0639   0.20    1.3
2026/04/23 07:36:01.300   3509437.9940    779162.5045   5250959.7838   2   7   0.1014   0.0572   0.0598   0.0369   0.0149   0.0639   0.30    1.4
2026/04/23 07:36:01.400   3509437.8823    779162.5130   5250959.8545   2   7   0.1014   0.0572   0.0598   0.0369   0.0149   0.0639   0.40    1.4
2026/04/23 07:36:01.500   3509437.7782    779162.5186   5250959.9238   2   7   0.1014   0.0572   0.0598   0.0369   0.0149   0.0639  -0.50    1.5
2026/04/23 07:36:01.600   3509437.6707    779162.5262   5250959.9922   2   7   0.1014   0.0571   0.0598   0.0369   0.0149   0.0639  -0.40    1.5
2026/04/23 07:36:01.700   3509437.5680    779162.5323   5250960.0595   2   7   0.1014   0.0571   0.0598   0.0369   0.0150   0.0639  -0.30    1.5
2026/04/23 07:36:01.800   3509437.4617    779162.5357   5250960.1285   2   7   0.1014   0.0571   0.0598   0.0369   0.0150   0.0639  -0.20    1.6
2026/04/23 07:36:01.900   3509437.3639    779162.5409   5250960.1945   2   7   0.1014   0.0571   0.0598   0.0369   0.0150   0.0638  -0.10    1.6
2026/04/23 07:36:02.000   3509437.2565    779162.5487   5250960.2641   2   7   0.1014   0.0571   0.0597   0.0369   0.0150   0.0638   0.00    1.6
2026/04/23 07:36:02.100   3509437.1555    779162.5594   5250960.3309   2   7   0.1014   0.0571   0.0597   0.0369   0.0150   0.0638   0.10    1.6
2026/04/23 07:36:02.200   3509437.0510    779162.5729   5250960.4003   2   7   0.1013   0.0571   0.0597   0.0369   0.0150   0.0638   0.20    1.6
2026/04/23 07:36:02.300   3509436.9451    779162.5872   5250960.4726   2   7   0.1013   0.0571   0.0597   0.0369   0.0150   0.0638   0.30    1.6
2026/04/23 07:36:02.400   3509436.8418    779162.6011   5250960.5386   2   7   0.1013   0.0571   0.0597   0.0369   0.0150   0.0638   0.40    1.6
2026/04/23 07:36:02.500   3509436.7437    779162.6171   5250960.6046   2   7   0.1013   0.0571   0.0597   0.0369   0.0150   0.0638  -0.50    1.6
2026/04/23 07:36:02.600   3509436.6393    779162.6299   5250960.6706   2   7   0.1013   0.0570   0.0597   0.0369   0.0150   0.0638  -0.40    1.6
2026/04/23 07:36:02.700   3509436.5321    779162.6456   5250960.7368   2   7   0.1013   0.0570   0.0597   0.0369   0.0151   0.0638  -0.30    1.6
2026/04/23 07:36:02.800   3509436.4283    779162.6617   5250960.8056   2   7   0.1013   0.0570   0.0597   0.0369   0.0151   0.0638  -0.20    1.6
2026/04/23 07:36:02.900   3509436.3227    779162.6853   5250960.8739   2   7   0.1013   0.0570   0.0597   0.0369   0.0151   0.0638  -0.10    1.7
2026/04/23 07:36:03.000   3509436.2211    779162.7072   5250960.9408   2   7   0.1013   0.0570   0.0597   0.0369   0.0151   0.0638   0.00    1.7
2026/04/23 07:36:03.100   3509436.1180    779162.7231   5250961.0088   2   7   0.1013   0.0570   0.0597   0.0369   0.0151   0.0638   0.10    1.7
2026/04/23 07:36:03.200   3509436.0119    779162.7385   5250961.0757   2   7   0.1013   0.0570   0.0597   0.0369   0.0151   0.0638   0.20    1.7
2026/04/23 07:36:03.300   3509435.9037    779162.7552   5250961.1423   2   7   0.1013   0.0570   0.0597   0.0369   0.0151   0.0638   0.30    1.7
2026/04/23 07:36:03.400   3509435.8003    779162.7673   5250961.2073   2   7   0.1012   0.0570   0.0597   0.0369   0.0151   0.0638   0.40    1.7
2026/04/23 07:36:03.500   3509435.6993    779162.7812   5250961.2767   2   7   0.1012   0.0570   0.0597   0.0369   0.0151   0.0638  -0.50    1.7
2026/04/23 07:36:03.600   3509435.5945    779162.7956   5250961.3439   2   7   0.1012   0.0570   0.0597   0.0369   0.0151   0.0638  -0.40    1.7
2026/04/23 07:36:03.700   3509435.4862    779162.8097   5250961.4129   2   7   0.1012   0.0570   0.0597   0.0369   0.0151   0.0638  -0.30    1.7
2026/04/23 07:36:03.800   3509435.3823    779162.8232   5250961.4785   2   7   0.1012   0.0570   0.0597   0.0369   0.0151   0.0638  -0.20    1.7
2026/04/23 07:36:03.900   3509435.2781    779162.8390   5250961.5460   2   7   0.1012   0.0569   0.0597   0.0369   0.0151   0.0638  -0.10    1.7
2026/04/23 07:36:04.000   3509435.1796    779162.8579   5250961.6098   2   7   0.1012   0.0569   0.0597   0.0369   0.0152   0.0638   0.00    1.7
2026/04/23 07:36:04.100   3509435.0795    779162.8752   5250961.6755   2   7   0.1012   0.0569   0.0597   0.0369   0.0152   0.0638   0.10    1.7
2026/04/23 07:36:04.200   3509434.9793    779162.8930   5250961.7393   2   7   0.1012   0.0569   0.0597   0.0369   0.0152   0.0638   0.20    1.7
2026/04/23 07:36:04.300   3509434.8799    779162.9095   5250961.8061   2   7   0.1012   0.0569   0.0597   0.0369   0.0152   0.0637   0.30    1.7
2026/04/23 07:36:04.400   3509434.7772    779162.9250   5250961.8713   2   7   0.1012   0.0569   0.0597   0.0369   0.0152   0.0637   0.40    1.7
2026/04/23 07:36:04.500   3509434.6660    779162.9416   5250961.9420   2   7   0.1012   0.0569   0.0597   0.0369   0.0152   0.0637  -0.50    1.7
2026/04/23 07:36:04.600   3509434.5627    779162.9656   5250962.0091   2   7   0.1012   0.0569   0.0597   0.0369   0.0152   0.0637  -0.40    1.7
2026/04/23 07:36:04.700   3509434.4548    779162.9821   5250962.0790   2   7   0.1012   0.0569   0.0597   0.0369   0.0152   0.0637  -0.30    1.7
2026/04/23 07:36:04.800   3509434.3502    779163.0019   5250962.1466   2   7   0.1011   0.0569   0.0597   0.0369   0.0152   0.0637  -0.20    1.7
2026/04/23 07:36:04.900   3509434.2478    779163.0232   5250962.2136   2   7   0.1011   0.0569   0.0597   0.0369   0.0152   0.0637  -0.10    1.7
2026/04/23 07:36:05.000   3509434.1411    779163.0458   5250962.2807   2   7   0.1011   0.0569   0.0597   0.0369   0.0152   0.0637   0.00    1.7
2026/04/23 07:36:05.100   3509434.0384    779163.0676   5250962.3472   2   7   0.1011   0.0569   0.0597   0.0369   0.0152   0.0637   0.10    1.7
2026/04/23 07:36:05.200   3509433.9368    779163.0914   5250962.4142   2   7   0.1011   0.0568   0.0597   0.0369   0.0152   0.0637   0.20    1.8
2026/04/23 07:36:05.300   3509433.8337    779163.1120   5250962.4833   2   7   0.1011   0.0568   0.0597   0.0369   0.0152   0.0637   0.30    1.8
2026/04/23 07:36:05.400   3509433.7271    779163.1321   5250962.5511   2   7   0.1011   0.0568   0.0597   0.0369   0.0152   0.0637   0.40    1.8
2026/04/23 07:36:05.500   3509433.6255    779163.1539   5250962.6195   2   7   0.1011   0.0568   0.0597   0.0369   0.0153   0.0637  -0.50    1.8
2026/04/23 07:36:05.600   3509433.5223    779163.1757   5250962.6915   2   7   0.1011   0.0568   0.0597   0.0369   0.0153   0.0637  -0.40    1.8
2026/04/23 07:36:05.700   3509433.4214    779163.1954   5250962.7551   2   7   0.1011   0.0568   0.0597   0.0369   0.0153   0.0637  -0.30    1.8
2026/04/23 07:36:05.800   3509433.3172    779163.2189   5250962.8238   2   7   0.1011   0.0568   0.0597   0.0369   0.0153   0.0637  -0.20    1.8
2026/04/23 07:36:05.900   3509433.2143    779163.2421   5250962.8897   2   7   0.1011   0.0568   0.0597   0.0369   0.0153   0.0637  -0.10    1.8
2026/04/23 07:36:06.000   3509433.1133    779163.2649   5250962.9568   2   7   0.1011   0.0568   0.0597   0.0369   0.0153   0.0637   0.00    1.8
2026/04/23 07:36:06.100   3509433.0088    779163.2878   5250963.0249   2   7   0.1010   0.0568   0.0597   0.0369   0.0153   0.0637   0.10    1.8
2026/04/23 07:36:06.200   3509432.9045    779163.3139   5250963.0927   2   7   0.1010   0.0568   0.0597   0.0369   0.0153   0.0637   0.20    1.8
2026/04/23 07:36:06.300   3509432.8026    779163.3350   5250963.1607   2   7   0.1010   0.0568   0.0597   0.0369   0.0153   0.0637   0.30    1.8
2026/04/23 07:36:06.400   3509432.6974    779163.3548   5250963.2245   2   7   0.1010   0.0568   0.0597   0.0369   0.0153   0.0637   0.40    1.8
2026/04/23 07:36:06.500   3509432.5896    779163.3772   5250963.2907   2   7   0.1010   0.0568   0.0597   0.0369   0.0153   0.0637  -0.50    1.8
2026/04/23 07:36:06.600   3509432.4918    779163.4014   5250963.3572   2   7   0.1010   0.0567   0.0597   0.0369   0.0153   0.0637  -0.40    1.8
2026/04/23 07:36:06.700   3509432.3885    779163.4226   5250963.4231   2   7   0.1010   0.0567   0.0597   0.0369   0.0153   0.0637  -0.30    1.8
2026/04/23 07:36:06.800   3509432.2784    779163.4413   5250963.4919   2   7   0.1010   0.0567   0.0597   0.0369   0.0153   0.0637  -0.20    1.8
2026/04/23 07:36:06.900   3509432.1746    779163.4580   5250963.5606   2   7   0.1010   0.0567   0.0597   0.0369   0.0153   0.0637  -0.10    1.8
2026/04/23 07:36:07.000   3509432.0677    779163.4732   5250963.6280   2   7   0.1010   0.0567   0.0597   0.0369   0.0153   0.0637   0.00    1.8
2026/04/23 07:36:07.100   3509431.9623    779163.4919   5250963.6970   2   7   0.1010   0.0567   0.0597   0.0369   0.0153   0.0637   0.10    1.8
2026/04/23 07:36:07.200   3509431.8612    779163.5010   5250963.7642   2   7   0.1010   0.0567   0.0597   0.0369   0.0153   0.0637   0.20    1.8
2026/04/23 07:36:07.300   3509431.7621    779163.5096   5250963.8283   2   7   0.1010   0.0567   0.0597   0.0369   0.0153   0.0637   0.30    1.8
2026/04/23 07:36:07.400   3509431.6606    779163.5217   5250963.8954   2   7   0.1010   0.0567   0.0597   0.0369   0.0153   0.0637   0.40    1.8
2026/04/23 07:36:07.500   3509431.5572    779163.5322   5250963.9615   2   7   0.1010   0.0567   0.0597   0.0369   0.0154   0.0637  -0.50    1.8
2026/04/23 07:36:07.600   3509431.4538    779163.5425   5250964.0298   2   7   0.1009   0.0567   0.0597   0.0369   0.0154   0.0637  -0.40    1.8
2026/04/23 07:36:07.700   3509431.3542    779163.5519   5250964.0980   2   7   0.1009   0.0567   0.0597   0.0369   0.0154   0.0637  -0.30    1.8
2026/04/23 07:36:07.800   3509431.2458    779163.5630   5250964.1678   2   7   0.1009   0.0567   0.0597   0.0369   0.0154   0.0637  -0.20    1.8
2026/04/23 07:36:07.900   3509431.1351    779163.5777   5250964.2383   2   7   0.1009   0.0566   0.0597   0.0369   0.0154   0.0636  -0.10    1.9
2026/04/23 07:36:08.000   3509431.0281    779163.5980   5250964.3084   2   7   0.1009   0.0566   0.0597   0.0369   0.0154   0.0636   0.00    1.9
2026/04/23 07:36:08.100   3509430.9182    779163.6201   5250964.3813   2   7   0.1009   0.0566   0.0597   0.0369   0.0154   0.0636   0.10    1.9
2026/04/23 07:36:08.200   3509430.8143    779163.6360   5250964.4510   2   7   0.1009   0.0566   0.0597   0.0369   0.0154   0.0636   0.20    1.9
2026/04/23 07:36:08.300   3509430.7059    779163.6504   5250964.5226   2   7   0.1009   0.0566   0.0597   0.0369   0.0154   0.0636   0.30    1.9
2026/04/23 07:36:08.400   3509430.5933    779163.6632   5250964.5895   2   7   0.1009   0.0566   0.0597   0.0369   0.0154   0.0636   0.40    1.9
2026/04/23 07:36:08.500   3509430.4870    779163.6844   5250964.6613   2   7   0.1009   0.0566   0.0597   0.0369   0.0154   0.0636  -0.50    1.9
2026/04/23 07:36:08.600   3509430.3769    779163.7066   5250964.7298   2   7   0.1009   0.0566   0.0597   0.0369   0.0154   0.0636  -0.40    1.9
2026/04/23 07:36:08.700   3509430.2696    779163.7206   5250964.7962   2   7   0.1009   0.0566   0.0597   0.0369   0.0154   0.0636  -0.30    1.9
2026/04/23 07:36:08.800   3509430.1627    779163.7428   5250964.8648   2   7   0.1009   0.0566   0.0596   0.0369   0.0154   0.0636  -0.20    1.9
2026/04/23 07:36:08.900   3509430.0485    779163.7592   5250964.9355   2   7   0.1009   0.0566   0.0596   0.0369   0.0154   0.0636  -0.10    1.9
2026/04/23 07:36:09.000   3509429.9341    779163.7855   5250965.0036   2   7   0.1009   0.0566   0.0596   0.0369   0.0154   0.0636   0.00    1.9
2026/04/23 07:36:09.100   3509429.8260    779163.8114   5250965.0707   2   7   0.1008   0.0566   0.0596   0.0369   0.0154   0.0636   0.10    1.9
2026/04/23 07:36:09.200   3509429.7156    779163.8287   5250965.1374   2   7   0.1008   0.0566   0.0596   0.0369   0.0154   0.0636   0.20    1.9
2026/04/23 07:36:09.300   3509429.6116    779163.8492   5250965.2055   2   7   0.1008   0.0565   0.0596   0.0369   0.0154   0.0636   0.30    1.9
2026/04/23 07:36:09.400   3509429.5034    779163.8591   5250965.2707   2   7   0.1008   0.0565   0.0596   0.0369   0.0154   0.0636   0.40    1.9
2026/04/23 07:36:09.500   3509429.3888    779163.8633   5250965.3419   2   7   0.1008   0.0565   0.0596   0.0369   0.0154   0.0636  -0.50    1.9
2026/04/23 07:36:09.600   3509429.2904    779163.8647   5250965.4158   2   7   0.1008   0.0565   0.0596   0.0369   0.0155   0.0636  -0.40    1.9
2026/04/23 07:36:09.700   3509429.1780    779163.8810   5250965.4834   2   6   0.1010   0.0566   0.0597   0.0368   0.0153   0.0637  -0.30    1.6
2026/04/23 07:36:09.800   3509429.0644    779163.8870   5250965.5517   2   6   0.1011   0.0566   0.0597   0.0367   0.0152   0.0638  -0.20    1.6
2026/04/23 07:36:09.900   3509428.9525    779163.8865   5250965.6206   2   6   0.1012   0.0566   0.0598   0.0366   0.0151   0.0639  -0.10    1.6
2026/04/23 07:36:10.000   3509428.8428    779163.8939   5250965.6927   2   6   0.1013   0.0566   0.0598   0.0365   0.0150   0.0640   0.00    1.6
2026/04/23 07:36:10.100   3509428.7326    779163.9004   5250965.7611   2   6   0.1014   0.0566   0.0599   0.0365   0.0150   0.0641   0.10    1.6
2026/04/23 07:36:10.200   3509428.6226    779163.9064   5250965.8355   2   6   0.1015   0.0566   0.0599   0.0365   0.0150   0.0642   0.20    1.6
2026/04/23 07:36:10.300   3509428.5118    779163.9095   5250965.9101   2   6   0.1016   0.0566   0.0600   0.0365   0.0150   0.0642   0.30    1.6
2026/04/23 07:36:10.400   3509428.4063    779163.9076   5250965.9797   2   6   0.1016   0.0565   0.0600   0.0365   0.0150   0.0643   0.40    1.6
2026/04/23 07:36:10.500   3509428.3018    779163.9106   5250966.0503   2   6   0.1017   0.0565   0.0601   0.0365   0.0150   0.0644  -0.50    1.6
2026/04/23 07:36:10.600   3509428.1906    779163.9197   5250966.1210   2   6   0.1017   0.0565   0.0601   0.0365   0.0150   0.0644  -0.40    1.6
2026/04/23 07:36:10.700   3509428.0812    779163.9306   5250966.1916   2   6   0.1017   0.0565   0.0602   0.0365   0.0151   0.0644  -0.30    1.6
2026/04/23 07:36:10.800   3509427.9704    779163.9442   5250966.2662   2   6   0.1018   0.0565   0.0602   0.0365   0.0151   0.0645  -0.20    1.6
2026/04/23 07:36:10.900   3509427.8667    779163.9541   5250966.3359   2   6   0.1018   0.0565   0.0602   0.0365   0.0151   0.0645  -0.10    1.6
2026/04/23 07:36:11.000   3509427.7594    779163.9678   5250966.4080   2   6   0.1018   0.0565   0.0602   0.0365   0.0151   0.0645   0.00    1.6
2026/04/23 07:36:11.100   3509427.6507    779163.9856   5250966.4790   2   6   0.1018   0.0565   0.0603   0.0365   0.0151   0.0645   0.10    1.6
2026/04/23 07:36:11.200   3509427.5408    779163.9981   5250966.5492   2   6   0.1018   0.0565   0.0603   0.0365   0.0152   0.0645   0.20    1.6
2026/04/23 07:36:11.300   3509427.4385    779164.0188   5250966.6201   2   6   0.1018   0.0565   0.0603   0.0365   0.0152   0.0645   0.30    1.6
2026/04/23 07:36:11.400   3509427.3294    779164.0377   5250966.6898   2   7   0.1018   0.0565   0.0603   0.0365   0.0152   0.0646   0.40    1.2
2026/04/23 07:36:11.500   3509427.2140    779164.0607   5250966.7620   2   6   0.1018   0.0565   0.0603   0.0365   0.0152   0.0646  -0.50    1.6
2026/04/23 07:36:11.600   3509427.1059    779164.0800   5250966.8330   2   7   0.1018   0.0565   0.0603   0.0365   0.0152   0.0646  -0.40    1.3
2026/04/23 07:36:11.700   3509426.9912    779164.0982   5250966.9020   2   7   0.1017   0.0564   0.0603   0.0366   0.0152   0.0645  -0.30    1.4
2026/04/23 07:36:11.800   3509426.8798    779164.1180   5250966.9699   2   7   0.1017   0.0564   0.0603   0.0366   0.0152   0.0645  -0.20    1.5
2026/04/23 07:36:11.900   3509426.7700    779164.1380   5250967.0402   2   7   0.1017   0.0564   0.0603   0.0366   0.0153   0.0645  -0.10    1.5
2026/04/23 07:36:12.000   3509426.6565    779164.1499   5250967.1093   2   7   0.1016   0.0564   0.0603   0.0367   0.0153   0.0645   0.00    1.6
2026/04/23 07:36:12.100   3509426.5516    779164.1669   5250967.1751   2   7   0.1016   0.0565   0.0603   0.0366   0.0150   0.0646   0.10    1.0
2026/04/23 07:36:12.200   3509426.4502    779164.1786   5250967.2368   2   7   0.1016   0.0566   0.0604   0.0365   0.0147   0.0646   0.20    1.0
2026/04/23 07:36:12.300   3509426.3387    779164.1943   5250967.3031   2   7   0.1016   0.0566   0.0605   0.0364   0.0145   0.0646   0.30    1.0
2026/04/23 07:36:12.400   3509426.2378    779164.2088   5250967.3666   2   7   0.1016   0.0566   0.0605   0.0364   0.0144   0.0646   0.40    1.0
2026/04/23 07:36:12.500   3509426.1287    779164.2126   5250967.4347   2   7   0.1016   0.0566   0.0605   0.0364   0.0144   0.0646  -0.50    1.0
2026/04/23 07:36:12.600   3509426.0177    779164.2206   5250967.5003   2   8   0.1015   0.0565   0.0605   0.0365   0.0145   0.0646  -0.40    1.0
2026/04/23 07:36:12.700   3509425.9096    779164.2294   5250967.5697   2   8   0.1015   0.0565   0.0605   0.0365   0.0146   0.0646  -0.30    1.0
2026/04/23 07:36:12.800   3509425.7975    779164.2390   5250967.6382   2   8   0.1015   0.0565   0.0605   0.0365   0.0147   0.0646  -0.20    1.0
2026/04/23 07:36:12.900   3509425.6956    779164.2446   5250967.7070   2   8   0.1014   0.0564   0.0605   0.0366   0.0148   0.0646  -0.10    1.0
2026/04/23 07:36:13.000   3509425.5940    779164.2496   5250967.7779   2   8   0.1014   0.0564   0.0605   0.0366   0.0149   0.0645   0.00    1.1
2026/04/23 07:36:13.100   3509425.4856    779164.2554   5250967.8501   2   8   0.1013   0.0564   0.0604   0.0366   0.0149   0.0645   0.10    1.1
2026/04/23 07:36:13.200   3509425.3687    779164.2602   5250967.9249   2   8   0.1013   0.0563   0.0604   0.0367   0.0150   0.0644   0.20    1.1
2026/04/23 07:36:13.300   3509425.2587    779164.2653   5250967.9994   2   7   0.1013   0.0563   0.0604   0.0367   0.0151   0.0644   0.30    1.2
2026/04/23 07:36:13.400   3509425.1525    779164.2710   5250968.0750   2   7   0.1012   0.0563   0.0603   0.0367   0.0151   0.0644   0.40    1.2
2026/04/23 07:36:13.500   3509425.0491    779164.2858   5250968.1458   2   7   0.1012   0.0563   0.0603   0.0367   0.0151   0.0643  -0.50    1.2
2026/04/23 07:36:13.600   3509424.9369    779164.2942   5250968.2144   2   7   0.1012   0.0563   0.0603   0.0367   0.0152   0.0643  -0.40    1.3
2026/04/23 07:36:13.700   3509424.8244    779164.3013   5250968.2868   2   7   0.1011   0.0563   0.0602   0.0367   0.0152   0.0642  -0.30    1.3
2026/04/23 07:36:13.800   3509424.7167    779164.3155   5250968.3600   2   7   0.1011   0.0563   0.0602   0.0367   0.0152   0.0642  -0.20    1.3
2026/04/23 07:36:13.900   3509424.6073    779164.3262   5250968.4313   2   7   0.1011   0.0563   0.0602   0.0367   0.0152   0.0642  -0.10    1.3
2026/04/23 07:36:14.000   3509424.4975    779164.3382   5250968.4992   2   7   0.1010   0.0563   0.0601   0.0367   0.0152   0.0641   0.00    1.4
2026/04/23 07:36:14.100   3509424.3883    779164.3460   5250968.5723   2   7   0.1010   0.0562   0.0601   0.0367   0.0152   0.0641   0.10    1.4
2026/04/23 07:36:14.200   3509424.2825    779164.3500   5250968.6424   2   7   0.1010   0.0562   0.0601   0.0367   0.0152   0.0641   0.20    1.4
2026/04/23 07:36:14.300   3509424.1806    779164.3544   5250968.7176   2   7   0.1009   0.0562   0.0601   0.0367   0.0153   0.0640   0.30    1.4
2026/04/23 07:36:14.400   3509424.0691    779164.3587   5250968.7881   2   7   0.1009   0.0562   0.0600   0.0367   0.0153   0.0640   0.40    1.4
2026/04/23 07:36:14.500   3509423.9583    779164.3668   5250968.8631   2   7   0.1009   0.0562   0.0600   0.0367   0.0153   0.0640  -0.50    1.5
2026/04/23 07:36:14.600   3509423.8435    779164.3722   5250968.9426   2   7   0.1009   0.0562   0.0600   0.0367   0.0153   0.0640  -0.40    1.5
2026/04/23 07:36:14.700   3509423.7393    779164.3775   5250969.0122   2   7   0.1008   0.0562   0.0600   0.0367   0.0153   0.0639  -0.30    1.5
2026/04/23 07:36:14.800   3509423.6334    779164.3852   5250969.0829   2   7   0.1008   0.0562   0.0600   0.0367   0.0153   0.0639  -0.20    1.5
2026/04/23 07:36:14.900   3509423.5264    779164.3935   5250969.1545   2   7   0.1008   0.0562   0.0599   0.0367   0.0153   0.0639  -0.10    1.6
2026/04/23 07:36:15.000   3509423.4175    779164.4103   5250969.2228   2   7   0.1008   0.0562   0.0599   0.0368   0.0153   0.0639   0.00    1.6
2026/04/23 07:36:15.100   3509423.3135    779164.4233   5250969.2892   2   7   0.1007   0.0562   0.0599   0.0368   0.0154   0.0639   0.10    1.6
2026/04/23 07:36:15.200   3509423.2082    779164.4302   5250969.3603   2   7   0.1007   0.0562   0.0599   0.0368   0.0154   0.0638   0.20    1.6
2026/04/23 07:36:15.300   3509423.1039    779164.4392   5250969.4305   2   7   0.1007   0.0562   0.0599   0.0368   0.0154   0.0638   0.30    1.6
2026/04/23 07:36:15.400   3509422.9965    779164.4516   5250969.4999   2   7   0.1007   0.0562   0.0599   0.0368   0.0154   0.0638   0.40    1.7
2026/04/23 07:36:15.500   3509422.8911    779164.4611   5250969.5684   2   7   0.1007   0.0561   0.0599   0.0368   0.0154   0.0638  -0.50    1.7
2026/04/23 07:36:15.600   3509422.7802    779164.4665   5250969.6392   2   7   0.1007   0.0561   0.0599   0.0368   0.0154   0.0638  -0.40    1.7
2026/04/23 07:36:15.700   3509422.6616    779164.4737   5250969.7072   2   7   0.1007   0.0561   0.0599   0.0368   0.0154   0.0638  -0.30    1.7
2026/04/23 07:36:15.800   3509422.5493    779164.4739   5250969.7801   2   7   0.1006   0.0561   0.0598   0.0368   0.0154   0.0638  -0.20    1.7
2026/04/23 07:36:15.900   3509422.4358    779164.4899   5250969.8528   2   7   0.1006   0.0561   0.0598   0.0368   0.0155   0.0638  -0.10    1.7
2026/04/23 07:36:16.000   3509422.3214    779164.4950   5250969.9237   2   7   0.1006   0.0561   0.0598   0.0368   0.0155   0.0637   0.00    1.7
2026/04/23 07:36:16.100   3509422.2085    779164.4990   5250969.9930   2   7   0.1006   0.0561   0.0598   0.0368   0.0155   0.0637   0.10    1.7
2026/04/23 07:36:16.200   3509422.1006    779164.5056   5250970.0600   2   7   0.1006   0.0561   0.0598   0.0368   0.0155   0.0637   0.20    1.7
2026/04/23 07:36:16.300   3509421.9924    779164.5065   5250970.1285   2   7   0.1006   0.0561   0.0598   0.0368   0.0155   0.0637   0.30    1.7
2026/04/23 07:36:16.400   3509421.8859    779164.5068   5250970.2023   2   7   0.1006   0.0561   0.0598   0.0368   0.0155   0.0637   0.40    1.7
2026/04/23 07:36:16.500   3509421.7889    779164.5120   5250970.2679   2   7   0.1006   0.0561   0.0598   0.0368   0.0155   0.0637  -0.50    1.7
2026/04/23 07:36:16.600   3509421.6808    779164.5100   5250970.3404   2   7   0.1006   0.0561   0.0598   0.0368   0.0155   0.0637  -0.40    1.7
2026/04/23 07:36:16.700   3509421.5730    779164.5101   5250970.4081   2   7   0.1006   0.0561   0.0598   0.0368   0.0155   0.0637  -0.30    1.7
2026/04/23 07:36:16.800   3509421.4682    779164.5109   5250970.4788   2   7   0.1005   0.0560   0.0598   0.0368   0.0155   0.0637  -0.20    1.7
2026/04/23 07:36:16.900   3509421.3610    779164.5125   5250970.5492   2   7   0.1005   0.0560   0.0598   0.0368   0.0155   0.0637  -0.10    1.7
2026/04/23 07:36:17.000   3509421.2538    779164.5135   5250970.6205   2   7   0.1005   0.0560   0.0598   0.0368   0.0155   0.0637   0.00    1.8
2026/04/23 07:36:17.100   3509421.1511    779164.5087   5250970.6876   2   7   0.1005   0.0560   0.0598   0.0368   0.0155   0.0637   0.10    1.8
2026/04/23 07:36:17.200   3509421.0453    779164.5005   5250970.7555   2   7   0.1005   0.0560   0.0598   0.0368   0.0156   0.0637   0.20    1.8
2026/04/23 07:36:17.300   3509420.9341    779164.4908   5250970.8278   2   7   0.1005   0.0560   0.0598   0.0368   0.0156   0.0637   0.30    1.8
2026/04/23 07:36:17.400   3509420.8255    779164.4714   5250970.8999   2   7   0.1005   0.0560   0.0598   0.0368   0.0156   0.0637   0.40    1.8
2026/04/23 07:36:17.500   3509420.7188    779164.4493   5250970.9730   2   7   0.1005   0.0560   0.0598   0.0368   0.0156   0.0637  -0.50    1.8
2026/04/23 07:36:17.600   3509420.6183    779164.4171   5250971.0465   2   7   0.1005   0.0560   0.0598   0.0368   0.0156   0.0637  -0.40    1.8
2026/04/23 07:36:17.700   3509420.5250    779164.3834   5250971.1127   2   7   0.1005   0.0560   0.0598   0.0368   0.0156   0.0637  -0.30    1.8
2026/04/23 07:36:17.800   3509420.4356    779164.3443   5250971.1811   2   7   0.1005   0.0560   0.0598   0.0368   0.0156   0.0637  -0.20    1.8
2026/04/23 07:36:17.900   3509420.3445    779164.3015   5250971.2506   2   7   0.1005   0.0560   0.0598   0.0368   0.0156   0.0637  -0.10    1.8
2026/04/23 07:36:18.000   3509420.2501    779164.2462   5250971.3224   2   7   0.1005   0.0560   0.0598   0.0368   0.0156   0.0637   0.00    1.8
2026/04/23 07:36:18.100   3509420.1629    779164.1845   5250971.3900   2   7   0.1004   0.0560   0.0598   0.0368   0.0156   0.0637   0.10    1.8
2026/04/23 07:36:18.200   3509420.0761    779164.1178   5250971.4559   2   7   0.1004   0.0559   0.0598   0.0368   0.0156   0.0637   0.20    1.8
2026/04/23 07:36:18.300   3509419.9880    779164.0470   5250971.5211   2   7   0.1004   0.0559   0.0598   0.0368   0.0156   0.0637   0.30    1.8
2026/04/23 07:36:18.400   3509419.9078    779163.9756   5250971.5864   2   7   0.1004   0.0559   0.0598   0.0368   0.0156   0.0637   0.40    1.8
2026/04/23 07:36:18.500   3509419.8388    779163.9014   5250971.6432   2   7   0.1004   0.0559   0.0598   0.0368   0.0156   0.0637  -0.50    1.8
2026/04/23 07:36:18.600   3509419.7673    779163.8184   5250971.7061   2   7   0.1004   0.0559   0.0598   0.0368   0.0157   0.0637  -0.40    1.8
2026/04/23 07:36:18.700   3509419.7017    779163.7277   5250971.7644   2   7   0.1004   0.0559   0.0598   0.0368   0.0157   0.0637  -0.30    1.8
2026/04/23 07:36:18.800   3509419.6403    779163.6298   5250971.8241   2   7   0.1004   0.0559   0.0598   0.0368   0.0157   0.0637  -0.20    1.8
2026/04/23 07:36:18.900   3509419.5939    779163.5226   5250971.8773   2   7   0.1004   0.0559   0.0598   0.0368   0.0157   0.0637  -0.10    1.8
2026/04/23 07:36:19.000   3509419.5465    779163.4096   5250971.9264   2   7   0.1004   0.0559   0.0598   0.0368   0.0157   0.0637   0.00    1.8
2026/04/23 07:36:19.100   3509419.5062    779163.2930   5250971.9713   2   7   0.1004   0.0559   0.0598   0.0368   0.0157   0.0636   0.10    1.8
2026/04/23 07:36:19.200   3509419.4732    779163.1728   5250972.0101   2   7   0.1004   0.0559   0.0598   0.0368   0.0157   0.0636   0.20    1.8
2026/04/23 07:36:19.300   3509419.4517    779163.0477   5250972.0444   2   7   0.1004   0.0559   0.0598   0.0368   0.0157   0.0636   0.30    1.9
2026/04/23 07:36:19.400   3509419.4453    779162.9227   5250972.0740   2   7   0.1004   0.0559   0.0598   0.0368   0.0157   0.0636   0.40    1.9
2026/04/23 07:36:19.500   3509419.4395    779162.7978   5250972.0989   2   7   0.1004   0.0559   0.0598   0.0368   0.0157   0.0636  -0.50    1.9
2026/04/23 07:36:19.600   3509419.4420    779162.6718   5250972.1199   2   7   0.1003   0.0558   0.0598   0.0368   0.0157   0.0636  -0.40    1.9
2026/04/23 07:36:19.700   3509419.4490    779162.5434   5250972.1323   2   7   0.1003   0.0558   0.0598   0.0368   0.0157   0.0636  -0.30    1.9
2026/04/23 07:36:19.800   3509419.4611    779162.4193   5250972.1470   2   7   0.1003   0.0558   0.0598   0.0368   0.0157   0.0636  -0.20    1.9
2026/04/23 07:36:19.900   3509419.4762    779162.2933   5250972.1572   2   7   0.1003   0.0558   0.0598   0.0368   0.0157   0.0636  -0.10    1.9
2026/04/23 07:36:20.000   3509419.4879    779162.1667   5250972.1720   2   7   0.1003   0.0558   0.0598   0.0368   0.0157   0.0636   0.00    1.9
2026/04/23 07:36:20.100   3509419.4893    779162.0365   5250972.1886   2   7   0.1003   0.0558   0.0598   0.0368   0.0157   0.0636   0.10    1.9
2026/04/23 07:36:20.200   3509419.4946    779161.9131   5250972.2022   2   7   0.1003   0.0558   0.0598   0.0368   0.0157   0.0636   0.20    1.9
2026/04/23 07:36:20.300   3509419.5057    779161.7915   5250972.2155   2   7   0.1003   0.0558   0.0598   0.0368   0.0157   0.0636   0.30    1.9
2026/04/23 07:36:20.400   3509419.5122    779161.6697   5250972.2335   2   7   0.1003   0.0558   0.0598   0.0368   0.0158   0.0636   0.40    1.9
2026/04/23 07:36:20.500   3509419.5112    779161.5506   5250972.2547   2   7   0.1003   0.0558   0.0598   0.0368   0.0158   0.0636  -0.50    1.9
2026/04/23 07:36:20.600   3509419.5031    779161.4353   5250972.2792   2   7   0.1003   0.0558   0.0598   0.0368   0.0158   0.0636  -0.40    1.9
2026/04/23 07:36:20.700   3509419.4933    779161.3150   5250972.3080   2   7   0.1003   0.0558   0.0598   0.0368   0.0158   0.0636  -0.30    1.9
2026/04/23 07:36:20.800   3509419.4774    779161.1923   5250972.3400   2   7   0.1003   0.0558   0.0598   0.0368   0.0158   0.0636  -0.20    1.9
2026/04/23 07:36:20.900   3509419.4543    779161.0649   5250972.3750   2   7   0.1002   0.0558   0.0598   0.0368   0.0158   0.0636  -0.10    1.9
2026/04/23 07:36:21.000   3509419.4359    779160.9417   5250972.4052   2   7   0.1002   0.0557   0.0598   0.0368   0.0158   0.0636   0.00    1.9
2026/04/23 07:36:21.100   3509419.4259    779160.8150   5250972.4293   2   7   0.1003   0.0557   0.0599   0.0368   0.0157   0.0635   0.10    1.0
2026/04/23 07:36:21.200   3509419.4212    779160.6856   5250972.4526   2   7   0.1003   0.0557   0.0601   0.0368   0.0157   0.0634   0.20    1.1
2026/04/23 07:36:21.300   3509419.4145    779160.5540   5250972.4771   2   7   0.1004   0.0557   0.0602   0.0368   0.0157   0.0633   0.30    1.1
2026/04/23 07:36:21.400   3509419.4079    779160.4250   5250972.4986   2   7   0.1003   0.0557   0.0603   0.0368   0.0157   0.0633   0.40    1.1
2026/04/23 07:36:21.500   3509419.4106    779160.2987   5250972.5180   2   7   0.1003   0.0557   0.0603   0.0368   0.0157   0.0633  -0.50    1.1
2026/04/23 07:36:21.600   3509419.4156    779160.1751   5250972.5325   2   7   0.1003   0.0557   0.0603   0.0368   0.0158   0.0633  -0.40    1.1
2026/04/23 07:36:21.700   3509419.4161    779160.0557   5250972.5505   2   7   0.1003   0.0557   0.0603   0.0368   0.0158   0.0633  -0.30    1.1
2026/04/23 07:36:21.800   3509419.4165    779159.9341   5250972.5687   2   7   0.1003   0.0557   0.0602   0.0368   0.0158   0.0633  -0.20    1.1
2026/04/23 07:36:21.900   3509419.4126    779159.8134   5250972.5904   2   7   0.1002   0.0557   0.0602   0.0368   0.0158   0.0634  -0.10    1.1
2026/04/23 07:36:22.000   3509419.4106    779159.6963   5250972.6122   2   7   0.1002   0.0557   0.0602   0.0368   0.0158   0.0634   0.00    1.0
2026/04/23 07:36:22.100   3509419.4053    779159.5695   5250972.6359   2   7   0.1002   0.0557   0.0601   0.0368   0.0158   0.0634   0.10    1.0
2026/04/23 07:36:22.200   3509419.4030    779159.4424   5250972.6610   2   7   0.1002   0.0557   0.0601   0.0368   0.0158   0.0635   0.20    1.1
2026/04/23 07:36:22.300   3509419.4022    779159.3086   5250972.6842   2   7   0.1002   0.0557   0.0601   0.0368   0.0158   0.0635   0.30    1.1
2026/04/23 07:36:22.400   3509419.3978    779159.1717   5250972.7100   2   7   0.1001   0.0557   0.0600   0.0368   0.0158   0.0635   0.40    1.2
2026/04/23 07:36:22.500   3509419.3871    779159.0397   5250972.7367   2   7   0.1001   0.0556   0.0600   0.0368   0.0158   0.0635  -0.50    1.2
2026/04/23 07:36:22.600   3509419.3767    779158.9126   5250972.7609   2   7   0.1001   0.0556   0.0600   0.0368   0.0158   0.0635  -0.40    1.3
2026/04/23 07:36:22.700   3509419.3744    779158.7869   5250972.7843   2   7   0.1001   0.0556   0.0600   0.0368   0.0158   0.0635  -0.30    1.3
2026/04/23 07:36:22.800   3509419.3712    779158.6663   5250972.8021   2   7   0.1001   0.0556   0.0600   0.0368   0.0158   0.0635  -0.20    1.4
2026/04/23 07:36:22.900   3509419.3642    779158.5454   5250972.8260   2   7   0.1001   0.0556   0.0600   0.0368   0.0158   0.0635  -0.10    1.4
2026/04/23 07:36:23.000   3509419.3635    779158.4226   5250972.8502   2   7   0.1001   0.0556   0.0599   0.0368   0.0158   0.0635   0.00    1.4
2026/04/23 07:36:23.100   3509419.3610    779158.2996   5250972.8744   2   7   0.1001   0.0556   0.0599   0.0368   0.0158   0.0635   0.10    1.4
2026/04/23 07:36:23.200   3509419.3588    779158.1721   5250972.9001   2   7   0.1001   0.0556   0.0599   0.0368   0.0158   0.0635   0.20    1.4
2026/04/23 07:36:23.300   3509419.3579    779158.0510   5250972.9242   2   7   0.1001   0.0556   0.0599   0.0368   0.0158   0.0635   0.30    1.4
2026/04/23 07:36:23.400   3509419.3538    779157.9229   5250972.9500   2   7   0.1001   0.0556   0.0599   0.0368   0.0159   0.0635   0.40    1.4
2026/04/23 07:36:23.500   3509419.3525    779157.7902   5250972.9757   2   7   0.1001   0.0556   0.0599   0.0368   0.0159   0.0635  -0.50    1.4
2026/04/23 07:36:23.600   3509419.3516    779157.6606   5250972.9957   2   7   0.1001   0.0556   0.0599   0.0368   0.0159   0.0635  -0.40    1.4
2026/04/23 07:36:23.700   3509419.3532    779157.5333   5250973.0193   2   7   0.1000   0.0556   0.0599   0.0368   0.0159   0.0635  -0.30    1.4
2026/04/23 07:36:23.800   3509419.3540    779157.4063   5250973.0408   2   7   0.1000   0.0556   0.0599   0.0368   0.0159   0.0635  -0.20    1.4
2026/04/23 07:36:23.900   3509419.3591    779157.2808   5250973.0610   2   7   0.1000   0.0556   0.0599   0.0368   0.0159   0.0635  -0.10    1.4
2026/04/23 07:36:24.000   3509419.3674    779157.1534   5250973.0806   2   7   0.1000   0.0555   0.0599   0.0368   0.0159   0.0635   0.00    1.4
2026/04/23 07:36:24.100   3509419.3718    779157.0253   5250973.0999   2   7   0.1000   0.0555   0.0599   0.0368   0.0159   0.0635   0.10    1.4
2026/04/23 07:36:24.200   3509419.3706    779156.8979   5250973.1221   2   7   0.1000   0.0555   0.0599   0.0368   0.0159   0.0635   0.20    1.4
2026/04/23 07:36:24.300   3509419.3700    779156.7702   5250973.1458   2   7   0.1000   0.0555   0.0599   0.0368   0.0159   0.0635   0.30    1.4
2026/04/23 07:36:24.400   3509419.3702    779156.6416   5250973.1663   2   7   0.1000   0.0555   0.0598   0.0368   0.0159   0.0635   0.40    1.4
2026/04/23 07:36:24.500   3509419.3691    779156.5118   5250973.1868   2   7   0.1000   0.0555   0.0598   0.0368   0.0159   0.0635  -0.50    1.5
2026/04/23 07:36:24.600   3509419.3679    779156.3871   5250973.2089   2   7   0.1000   0.0555   0.0598   0.0368   0.0159   0.0635  -0.40    1.5
2026/04/23 07:36:24.700   3509419.3605    779156.2639   5250973.2315   2   7   0.1000   0.0555   0.0598   0.0368   0.0159   0.0635  -0.30    1.5
2026/04/23 07:36:24.800   3509419.3547    779156.1414   5250973.2552   2   7   0.1000   0.0555   0.0600   0.0368   0.0159   0.0633  -0.20    1.0
2026/04/23 07:36:24.900   3509419.3486    779156.0146   5250973.2767   2   7   0.1001   0.0555   0.0601   0.0368   0.0159   0.0633  -0.10    1.1
2026/04/23 07:36:25.000   3509419.3456    779155.8906   5250973.2999   2   7   0.1001   0.0555   0.0601   0.0368   0.0159   0.0632   0.00    1.1
2026/04/23 07:36:25.100   3509419.3374    779155.7642   5250973.3251   2   7   0.1001   0.0555   0.0602   0.0368   0.0159   0.0632   0.10    1.1
2026/04/23 07:36:25.200   3509419.3338    779155.6368   5250973.3511   2   7   0.1001   0.0555   0.0602   0.0368   0.0159   0.0632   0.20    1.1
2026/04/23 07:36:25.300   3509419.3316    779155.5124   5250973.3733   2   7   0.1000   0.0555   0.0602   0.0368   0.0159   0.0632   0.30    1.1
2026/04/23 07:36:25.400   3509419.3236    779155.3869   5250973.4012   2   7   0.1000   0.0555   0.0601   0.0368   0.0160   0.0632   0.40    1.1
2026/04/23 07:36:25.500   3509419.3244    779155.2592   5250973.4258   2   7   0.1000   0.0555   0.0601   0.0368   0.0160   0.0633  -0.50    1.1
2026/04/23 07:36:25.600   3509419.3255    779155.1256   5250973.4524   2   7   0.1000   0.0554   0.0601   0.0368   0.0160   0.0633  -0.40    1.0
2026/04/23 07:36:25.700   3509419.3293    779154.9917   5250973.4747   2   7   0.0999   0.0554   0.0601   0.0368   0.0160   0.0633  -0.30    1.0
2026/04/23 07:36:25.800   3509419.3334    779154.8543   5250973.4972   2   7   0.0999   0.0554   0.0600   0.0368   0.0160   0.0633  -0.20    1.1
2026/04/23 07:36:25.900   3509419.3306    779154.7234   5250973.5202   2   7   0.0999   0.0554   0.0600   0.0368   0.0160   0.0634  -0.10    1.2
2026/04/23 07:36:26.000   3509419.3328    779154.5989   5250973.5413   2   7   0.0999   0.0554   0.0600   0.0368   0.0160   0.0634   0.00    1.2
2026/04/23 07:36:26.100   3509419.3327    779154.4783   5250973.5629   2   7   0.0999   0.0554   0.0599   0.0368   0.0160   0.0634   0.10    1.3
2026/04/23 07:36:26.200   3509419.3293    779154.3583   5250973.5849   2   7   0.0999   0.0554   0.0599   0.0368   0.0160   0.0634   0.20    1.3
2026/04/23 07:36:26.300   3509419.3282    779154.2412   5250973.6065   2   7   0.0999   0.0554   0.0599   0.0368   0.0160   0.0634   0.30    1.4
2026/04/23 07:36:26.400   3509419.3254    779154.1252   5250973.6292   2   8   0.0998   0.0554   0.0599   0.0368   0.0160   0.0634   0.40    1.0
2026/04/23 07:36:26.500   3509419.3228    779154.0063   5250973.6519   2   8   0.0998   0.0554   0.0599   0.0368   0.0160   0.0634  -0.50    1.0
2026/04/23 07:36:26.600   3509419.3200    779153.8818   5250973.6762   2   8   0.0998   0.0554   0.0599   0.0368   0.0160   0.0634  -0.40    1.0
2026/04/23 07:36:26.700   3509419.3190    779153.7534   5250973.7014   2   8   0.0998   0.0554   0.0599   0.0368   0.0160   0.0634  -0.30    1.0
2026/04/23 07:36:26.800   3509419.3191    779153.6216   5250973.7275   2   8   0.0998   0.0554   0.0598   0.0368   0.0160   0.0634  -0.20    1.0
2026/04/23 07:36:26.900   3509419.3127    779153.4956   5250973.7555   2   8   0.0997   0.0554   0.0598   0.0369   0.0160   0.0634  -0.10    1.0
2026/04/23 07:36:27.000   3509419.3049    779153.3756   5250973.7815   2   8   0.0997   0.0553   0.0598   0.0369   0.0160   0.0634   0.00    1.1
2026/04/23 07:36:27.100   3509419.2994    779153.2545   5250973.8043   2   8   0.0996   0.0553   0.0598   0.0369   0.0160   0.0634   0.10    1.1
2026/04/23 07:36:27.200   3509419.2917    779153.1301   5250973.8280   2   8   0.0996   0.0553   0.0598   0.0369   0.0160   0.0634   0.20    1.1
2026/04/23 07:36:27.300   3509419.2837    779153.0017   5250973.8552   2   8   0.0996   0.0553   0.0598   0.0369   0.0160   0.0634   0.30    1.1
2026/04/23 07:36:27.400   3509419.2767    779152.8661   5250973.8796   2   8   0.0995   0.0553   0.0598   0.0369   0.0160   0.0634   0.40    1.1
2026/04/23 07:36:27.500   3509419.2734    779152.7279   5250973.9050   2   8   0.0995   0.0553   0.0598   0.0369   0.0160   0.0633  -0.50    1.1
2026/04/23 07:36:27.600   3509419.2648    779152.5914   5250973.9292   2   8   0.0995   0.0553   0.0598   0.0369   0.0160   0.0633  -0.40    1.1
2026/04/23 07:36:27.700   3509419.2579    779152.4562   5250973.9453   2   8   0.0994   0.0553   0.0598   0.0369   0.0160   0.0633  -0.30    1.1
2026/04/23 07:36:27.800   3509419.2529    779152.3252   5250973.9620   2   8   0.0994   0.0553   0.0598   0.0369   0.0160   0.0633  -0.20    1.2
2026/04/23 07:36:27.900   3509419.2529    779152.1972   5250973.9773   2   8   0.0994   0.0553   0.0597   0.0369   0.0160   0.0633  -0.10    1.2
2026/04/23 07:36:28.000   3509419.2519    779152.0690   5250973.9925   2   8   0.0993   0.0553   0.0597   0.0369   0.0160   0.0633   0.00    1.2
2026/04/23 07:36:28.100   3509419.2448    779151.9452   5250974.0103   2   8   0.0993   0.0553   0.0597   0.0369   0.0160   0.0633   0.10    1.2
2026/04/23 07:36:28.200   3509419.2350    779151.8184   5250974.0292   2   8   0.0993   0.0553   0.0597   0.0369   0.0160   0.0632   0.20    1.2
2026/04/23 07:36:28.300   3509419.2268    779151.6875   5250974.0481   2   8   0.0993   0.0553   0.0597   0.0369   0.0160   0.0632   0.30    1.2
2026/04/23 07:36:28.400   3509419.2219    779151.5633   5250974.0656   2   8   0.0992   0.0552   0.0597   0.0369   0.0160   0.0632   0.40    1.2
2026/04/23 07:36:28.500   3509419.2117    779151.4460   5250974.0886   2   8   0.0992   0.0552   0.0597   0.0369   0.0160   0.0632  -0.50    1.2
2026/04/23 07:36:28.600   3509419.1991    779151.3241   5250974.1114   2   8   0.0992   0.0552   0.0597   0.0369   0.0160   0.0632  -0.40    1.2
2026/04/23 07:36:28.700   3509419.1922    779151.1982   5250974.1363   2   8   0.0992   0.0552   0.0596   0.0369   0.0160   0.0632  -0.30    1.2
2026/04/23 07:36:28.800   3509419.1812    779151.0766   5250974.1648   2   8   0.0992   0.0552   0.0596   0.0369   0.0160   0.0632  -0.20    1.2
2026/04/23 07:36:28.900   3509419.1709    779150.9536   5250974.1885   2   8   0.0992   0.0552   0.0596   0.0369   0.0160   0.0631  -0.10    1.2
2026/04/23 07:36:29.000   3509419.1605    779150.8333   5250974.2147   2   8   0.0991   0.0552   0.0596   0.0369   0.0160   0.0631   0.00    1.2
2026/04/23 07:36:29.100   3509419.1477    779150.7091   5250974.2416   2   8   0.0991   0.0552   0.0596   0.0369   0.0160   0.0631   0.10    1.2
2026/04/23 07:36:29.200   3509419.1348    779150.5854   5250974.2705   2   8   0.0991   0.0552   0.0596   0.0369   0.0160   0.0631   0.20    1.2
2026/04/23 07:36:29.300   3509419.1219    779150.4636   5250974.3010   2   8   0.0991   0.0552   0.0596   0.0369   0.0160   0.0631   0.30    1.2
2026/04/23 07:36:29.400   3509419.1120    779150.3404   5250974.3313   2   8   0.0991   0.0552   0.0596   0.0369   0.0160   0.0631   0.40    1.1
2026/04/23 07:36:29.500   3509419.1025    779150.2176   5250974.3600   2   8   0.0990   0.0552   0.0596   0.0369   0.0160   0.0631  -0.50    1.1
2026/04/23 07:36:29.600   3509419.0963    779150.0906   5250974.3868   2   8   0.0990   0.0552   0.0596   0.0369   0.0160   0.0631  -0.40    1.1
2026/04/23 07:36:29.700   3509419.0935    779149.9660   5250974.4142   2   8   0.0990   0.0552   0.0596   0.0369   0.0160   0.0631  -0.30    1.1
2026/04/23 07:36:29.800   3509419.0876    779149.8390   5250974.4411   2   8   0.0990   0.0552   0.0595   0.0369   0.0160   0.0631  -0.20    1.1
2026/04/23 07:36:29.900   3509419.0840    779149.7075   5250974.4688   2   8   0.0990   0.0551   0.0595   0.0369   0.0160   0.0630  -0.10    1.1
2026/04/23 07:36:30.000   3509419.0784    779149.5810   5250974.4939   2   8   0.0990   0.0551   0.0595   0.0369   0.0160   0.0630   0.00    1.1
2026/04/23 07:36:30.100   3509419.0782    779149.4511   5250974.5244   2   8   0.0990   0.0551   0.0595   0.0369   0.0160   0.0630   0.10    1.1
2026/04/23 07:36:30.200   3509419.0742    779149.3208   5250974.5524   2   8   0.0989   0.0551   0.0595   0.0369   0.0160   0.0630   0.20    1.1
2026/04/23 07:36:30.300   3509419.0613    779149.1969   5250974.5840   2   8   0.0989   0.0551   0.0595   0.0369   0.0160   0.0630   0.30    1.1
2026/04/23 07:36:30.400   3509419.0544    779149.0749   5250974.6122   2   8   0.0989   0.0551   0.0595   0.0369   0.0160   0.0630   0.40    1.0
2026/04/23 07:36:30.500   3509419.0519    779148.9526   5250974.6363   2   8   0.0989   0.0551   0.0595   0.0369   0.0160   0.0630  -0.50    1.0
2026/04/23 07:36:30.600   3509419.0484    779148.8324   5250974.6617   2   8   0.0989   0.0551   0.0595   0.0369   0.0160   0.0630  -0.40    1.0
2026/04/23 07:36:30.700   3509419.0445    779148.7053   5250974.6873   2   8   0.0989   0.0551   0.0595   0.0369   0.0161   0.0630  -0.30    1.0
2026/04/23 07:36:30.800   3509419.0462    779148.5791   5250974.7086   2   8   0.0989   0.0551   0.0595   0.0369   0.0161   0.0630  -0.20    1.0
2026/04/23 07:36:30.900   3509419.0481    779148.4476   5250974.7334   2   8   0.0988   0.0551   0.0595   0.0369   0.0161   0.0630  -0.10    1.0
2026/04/23 07:36:31.000   3509419.0444    779148.3149   5250974.7606   2   8   0.0988   0.0551   0.0595   0.0369   0.0161   0.0630   0.00    1.0
2026/04/23 07:36:31.100   3509419.0439    779148.1833   5250974.7834   2   8   0.0988   0.0551   0.0595   0.0369   0.0161   0.0630   0.10    1.0
2026/04/23 07:36:31.200   3509419.0508    779148.0545   5250974.7996   2   8   0.0988   0.0551   0.0595   0.0369   0.0161   0.0630   0.20    1.0
2026/04/23 07:36:31.300   3509419.0546    779147.9272   5250974.8164   2   8   0.0988   0.0551   0.0595   0.0369   0.0161   0.0629   0.30    1.0
2026/04/23 07:36:31.400   3509419.0541    779147.8000   5250974.8372   2   8   0.0988   0.0551   0.0595   0.0369   0.0161   0.0629   0.40    1.0
2026/04/23 07:36:31.500   3509419.0488    779147.6768   5250974.8574   2   8   0.0988   0.0550   0.0595   0.0369   0.0161   0.0629  -0.50    1.0
2026/04/23 07:36:31.600   3509419.0555    779147.5618   5250974.8710   2   8   0.0988   0.0550   0.0595   0.0369   0.0161   0.0629  -0.40    1.1
2026/04/23 07:36:31.700   3509419.0662    779147.4455   5250974.8825   2   8   0.0987   0.0550   0.0595   0.0369   0.0161   0.0629  -0.30    1.1
2026/04/23 07:36:31.800   3509419.0699    779147.3295   5250974.8982   2   8   0.0987   0.0550   0.0595   0.0369   0.0161   0.0629  -0.20    1.1
2026/04/23 07:36:31.900   3509419.0701    779147.2028   5250974.9166   2   8   0.0987   0.0550   0.0595   0.0369   0.0161   0.0629  -0.10    1.1
2026/04/23 07:36:32.000   3509419.0666    779147.0770   5250974.9386   2   8   0.0987   0.0550   0.0595   0.0369   0.0161   0.0629   0.00    1.1
2026/04/23 07:36:32.100   3509419.0679    779146.9501   5250974.9553   2   8   0.0987   0.0550   0.0594   0.0369   0.0161   0.0629   0.10    1.1
2026/04/23 07:36:32.200   3509419.0745    779146.8226   5250974.9746   2   8   0.0987   0.0550   0.0594   0.0369   0.0161   0.0629   0.20    1.1
2026/04/23 07:36:32.300   3509419.0772    779146.6965   5250974.9920   2   8   0.0987   0.0550   0.0594   0.0369   0.0161   0.0629   0.30    1.1
2026/04/23 07:36:32.400   3509419.0785    779146.5624   5250975.0090   2   8   0.0987   0.0550   0.0594   0.0369   0.0161   0.0629   0.40    1.1
2026/04/23 07:36:32.500   3509419.0904    779146.4312   5250975.0200   2   8   0.0987   0.0550   0.0594   0.0369   0.0161   0.0629  -0.50    1.1
2026/04/23 07:36:32.600   3509419.1001    779146.3068   5250975.0363   2   8   0.0987   0.0550   0.0596   0.0369   0.0161   0.0628  -0.40    1.0
2026/04/23 07:36:32.700   3509419.1096    779146.1791   5250975.0495   2   8   0.0987   0.0550   0.0597   0.0369   0.0161   0.0627  -0.30    1.0
2026/04/23 07:36:32.800   3509419.1173    779146.0515   5250975.0612   2   8   0.0987   0.0550   0.0598   0.0369   0.0161   0.0627  -0.20    1.0
2026/04/23 07:36:32.900   3509419.1345    779145.9303   5250975.0692   2   8   0.0987   0.0550   0.0598   0.0369   0.0161   0.0627  -0.10    1.0
2026/04/23 07:36:33.000   3509419.1498    779145.8060   5250975.0793   2   8   0.0987   0.0549   0.0598   0.0369   0.0161   0.0627   0.00    1.1
2026/04/23 07:36:33.100   3509419.1631    779145.6812   5250975.0908   2   8   0.0986   0.0549   0.0598   0.0369   0.0161   0.0627   0.10    1.1
2026/04/23 07:36:33.200   3509419.1766    779145.5557   5250975.1044   2   8   0.0986   0.0549   0.0598   0.0368   0.0161   0.0627   0.20    1.2
2026/04/23 07:36:33.300   3509419.1873    779145.4342   5250975.1171   2   8   0.0986   0.0549   0.0598   0.0368   0.0162   0.0627   0.30    1.2
2026/04/23 07:36:33.400   3509419.1992    779145.3120   5250975.1296   2   8   0.0986   0.0549   0.0598   0.0368   0.0162   0.0627   0.40    1.2
2026/04/23 07:36:33.500   3509419.2161    779145.1831   5250975.1403   2   8   0.0985   0.0549   0.0597   0.0368   0.0162   0.0627  -0.50    1.2
2026/04/23 07:36:33.600   3509419.2300    779145.0557   5250975.1516   2   8   0.0985   0.0549   0.0597   0.0368   0.0162   0.0628  -0.40    1.2
2026/04/23 07:36:33.700   3509419.2400    779144.9291   5250975.1684   2   8   0.0985   0.0549   0.0597   0.0368   0.0162   0.0628  -0.30    1.2
2026/04/23 07:36:33.800   3509419.2383    779144.8047   5250975.1908   2   8   0.0985   0.0549   0.0597   0.0368   0.0162   0.0628  -0.20    1.3
2026/04/23 07:36:33.900   3509419.2261    779144.6866   5250975.2163   2   8   0.0985   0.0549   0.0596   0.0368   0.0162   0.0628  -0.10    1.3
2026/04/23 07:36:34.000   3509419.2063    779144.5690   5250975.2471   2   8   0.0985   0.0549   0.0596   0.0368   0.0162   0.0628   0.00    1.3
2026/04/23 07:36:34.100   3509419.1761    779144.4534   5250975.2861   2   8   0.0985   0.0549   0.0596   0.0368   0.0162   0.0628   0.10    1.3
2026/04/23 07:36:34.200   3509419.1410    779144.3344   5250975.3243   2   8   0.0984   0.0549   0.0596   0.0368   0.0162   0.0628   0.20    1.3
2026/04/23 07:36:34.300   3509419.1065    779144.2170   5250975.3637   2   9   0.0984   0.0549   0.0595   0.0368   0.0162   0.0628   0.30    1.1
2026/04/23 07:36:34.400   3509419.0755    779144.1004   5250975.3987   2   9   0.0984   0.0549   0.0595   0.0368   0.0162   0.0628   0.40    1.1
2026/04/23 07:36:34.500   3509419.0443    779143.9804   5250975.4345   2   9   0.0984   0.0549   0.0595   0.0368   0.0162   0.0627  -0.50    1.1
2026/04/23 07:36:34.600   3509419.0150    779143.8637   5250975.4684   2   9   0.0984   0.0548   0.0595   0.0369   0.0162   0.0627  -0.40    1.1
2026/04/23 07:36:34.700   3509418.9895    779143.7399   5250975.5024   2   9   0.0984   0.0548   0.0595   0.0369   0.0162   0.0627  -0.30    1.2
2026/04/23 07:36:34.800   3509418.9709    779143.6201   5250975.5280   2   9   0.0983   0.0548   0.0595   0.0369   0.0162   0.0627  -0.20    1.2
2026/04/23 07:36:34.900   3509418.9586    779143.4993   5250975.5570   2   9   0.0983   0.0548   0.0594   0.0369   0.0162   0.0627  -0.10    1.3
2026/04/23 07:36:35.000   3509418.9534    779143.4049   5250975.5717   2   9   0.0983   0.0548   0.0594   0.0369   0.0162   0.0627   0.00    1.3
2026/04/23 07:36:35.100   3509418.9491    779143.3344   5250975.5823   2   9   0.0983   0.0548   0.0594   0.0369   0.0162   0.0627   0.10    1.4
2026/04/23 07:36:35.200   3509418.9527    779143.2885   5250975.5900   2   9   0.0982   0.0548   0.0594   0.0369   0.0162   0.0627   0.20    1.4
2026/04/23 07:36:35.300   3509418.9573    779143.2669   5250975.5923   2   9   0.0982   0.0548   0.0594   0.0369   0.0162   0.0627   0.30    1.4
2026/04/23 07:36:35.400   3509418.9626    779143.2648   5250975.5910   2   9   0.0982   0.0548   0.0594   0.0369   0.0162   0.0627   0.40    1.5
2026/04/23 07:36:35.500   3509418.9690    779143.2747   5250975.5870   2   9   0.0982   0.0548   0.0594   0.0369   0.0162   0.0627  -0.50    1.4
2026/04/23 07:36:35.600   3509418.9755    779143.2976   5250975.5817   2   9   0.0981   0.0548   0.0594   0.0369   0.0162   0.0626  -0.40    1.4
2026/04/23 07:36:35.700   3509418.9810    779143.3241   5250975.5753   2   9   0.0981   0.0547   0.0594   0.0369   0.0163   0.0626  -0.30    1.4
2026/04/23 07:36:35.800   3509418.9854    779143.3485   5250975.5689   2   9   0.0981   0.0547   0.0594   0.0369   0.0163   0.0626  -0.20    1.4
2026/04/23 07:36:35.900   3509418.9903    779143.3691   5250975.5647   2   9   0.0981   0.0547   0.0593   0.0369   0.0163   0.0626  -0.10    1.4
2026/04/23 07:36:36.000   3509418.9930    779143.3818   5250975.5613   2   9   0.0981   0.0547   0.0593   0.0369   0.0163   0.0626   0.00    1.4
2026/04/23 07:36:36.100   3509418.9947    779143.3878   5250975.5604   2   9   0.0981   0.0547   0.0593   0.0369   0.0163   0.0626   0.10    1.4
2026/04/23 07:36:36.200   3509418.9968    779143.3928   5250975.5602   2   9   0.0980   0.0547   0.0593   0.0369   0.0163   0.0626   0.20    1.4
2026/04/23 07:36:36.300   3509418.9971    779143.3914   5250975.5614   2   9   0.0980   0.0547   0.0593   0.0369   0.0163   0.0626   0.30    1.4
2026/04/23 07:36:36.400   3509418.9970    779143.3855   5250975.5629   2   9   0.0980   0.0547   0.0593   0.0369   0.0163   0.0626   0.40    1.4
2026/04/23 07:36:36.500   3509418.9953    779143.3795   5250975.5649   2   9   0.0980   0.0547   0.0593   0.0369   0.0163   0.0625  -0.50    1.4
2026/04/23 07:36:36.600   3509418.9934    779143.3724   5250975.5664   2   9   0.0980   0.0547   0.0593   0.0369   0.0163   0.0625  -0.40    1.4
2026/04/23 07:36:36.700   3509418.9914    779143.3641   5250975.5674   2   9   0.0980   0.0547   0.0593   0.0369   0.0163   0.0625  -0.30    1.4
2026/04/23 07:36:36.800   3509418.9878    779143.3563   5250975.5706   2   9   0.0979   0.0547   0.0593   0.0369   0.0163   0.0625  -0.20    1.4
2026/04/23 07:36:36.900   3509418.9854    779143.3501   5250975.5720   2   9   0.0979   0.0547   0.0592   0.0369   0.0163   0.0625  -0.10    1.4
2026/04/23 07:36:37.000   3509418.9822    779143.3443   5250975.5735   2   9   0.0979   0.0547   0.0592   0.0369   0.0163   0.0625   0.00    1.4
2026/04/23 07:36:37.100   3509418.9796    779143.3397   5250975.5747   2   9   0.0979   0.0547   0.0592   0.0369   0.0163   0.0625   0.10    1.4
2026/04/23 07:36:37.200   3509418.9770    779143.3370   5250975.5752   2   9   0.0979   0.0546   0.0592   0.0369   0.0163   0.0625   0.20    1.4
2026/04/23 07:36:37.300   3509418.9745    779143.3350   5250975.5753   2   9   0.0979   0.0546   0.0592   0.0369   0.0163   0.0625   0.30    1.4
2026/04/23 07:36:37.400   3509418.9731    779143.3334   5250975.5752   2   9   0.0978   0.0546   0.0592   0.0369   0.0163   0.0625   0.40    1.4
2026/04/23 07:36:37.500   3509418.9709    779143.3330   5250975.5748   2   9   0.0978   0.0546   0.0592   0.0369   0.0163   0.0625  -0.50    1.4
2026/04/23 07:36:37.600   3509418.9694    779143.3336   5250975.5736   2   9   0.0978   0.0546   0.0592   0.0369   0.0163   0.0624  -0.40    1.4
2026/04/23 07:36:37.700   3509418.9681    779143.3336   5250975.5727   2   9   0.0978   0.0546   0.0592   0.0369   0.0163   0.0624  -0.30    1.4
2026/04/23 07:36:37.800   3509418.9659    779143.3344   5250975.5722   2   9   0.0978   0.0546   0.0592   0.0369   0.0163   0.0624  -0.20    1.4
2026/04/23 07:36:37.900   3509418.9644    779143.3351   5250975.5712   2   9   0.0978   0.0546   0.0592   0.0369   0.0163   0.0624  -0.10    1.4
2026/04/23 07:36:38.000   3509418.9632    779143.3357   5250975.5703   2   9   0.0977   0.0546   0.0592   0.0369   0.0163   0.0624   0.00    1.4
2026/04/23 07:36:38.100   3509418.9630    779143.3366   5250975.5690   2   9   0.0977   0.0546   0.0592   0.0369   0.0163   0.0624   0.10    1.4
2026/04/23 07:36:38.200   3509418.9613    779143.3371   5250975.5674   2   9   0.0977   0.0546   0.0592   0.0369   0.0163   0.0624   0.20    1.4
2026/04/23 07:36:38.300   3509418.9598    779143.3376   5250975.5658   2   9   0.0977   0.0546   0.0592   0.0369   0.0163   0.0624   0.30    1.4
2026/04/23 07:36:38.400   3509418.9591    779143.3375   5250975.5648   2   9   0.0977   0.0546   0.0592   0.0369   0.0163   0.0624   0.40    1.4
2026/04/23 07:36:38.500   3509418.9575    779143.3376   5250975.5638   2   9   0.0977   0.0546   0.0592   0.0369   0.0164   0.0624  -0.50    1.4
2026/04/23 07:36:38.600   3509418.9570    779143.3382   5250975.5625   2   9   0.0977   0.0546   0.0592   0.0369   0.0164   0.0624  -0.40    1.4
2026/04/23 07:36:38.700   3509418.9557    779143.3380   5250975.5616   2   9   0.0976   0.0546   0.0591   0.0369   0.0164   0.0624  -0.30    1.4
2026/04/23 07:36:38.800   3509418.9546    779143.3383   5250975.5609   2   9   0.0976   0.0545   0.0591   0.0369   0.0164   0.0623  -0.20    1.4
2026/04/23 07:36:38.900   3509418.9533    779143.3388   5250975.5607   2   9   0.0976   0.0545   0.0591   0.0369   0.0164   0.0623  -0.10    1.3
2026/04/23 07:36:39.000   3509418.9517    779143.3392   5250975.5600   2   9   0.0976   0.0545   0.0591   0.0369   0.0164   0.0623   0.00    1.3
2026/04/23 07:36:39.100   3509418.9498    779143.3391   5250975.5589   2   9   0.0976   0.0545   0.0591   0.0369   0.0164   0.0623   0.10    1.3
2026/04/23 07:36:39.200   3509418.9486    779143.3394   5250975.5577   2   9   0.0976   0.0545   0.0591   0.0369   0.0164   0.0623   0.20    1.3
2026/04/23 07:36:39.300   3509418.9474    779143.3387   5250975.5572   2   9   0.0975   0.0545   0.0591   0.0369   0.0164   0.0623   0.30    1.3
2026/04/23 07:36:39.400   3509418.9467    779143.3383   5250975.5561   2   9   0.0975   0.0545   0.0591   0.0369   0.0164   0.0623   0.40    1.3
2026/04/23 07:36:39.500   3509418.9459    779143.3380   5250975.5551   2   9   0.0975   0.0545   0.0591   0.0369   0.0164   0.0623  -0.50    1.3
2026/04/23 07:36:39.600   3509418.9451    779143.3385   5250975.5548   2   9   0.0975   0.0545   0.0591   0.0369   0.0164   0.0623  -0.40    1.3
2026/04/23 07:36:39.700   3509418.9449    779143.3393   5250975.5536   2   9   0.0975   0.0545   0.0591   0.0369   0.0164   0.0623  -0.30    1.3
2026/04/23 07:36:39.800   3509418.9443    779143.3392   5250975.5535   2   9   0.0975   0.0545   0.0591   0.0369   0.0164   0.0623  -0.20    1.3
2026/04/23 07:36:39.900   3509418.9440    779143.3385   5250975.5534   2   9   0.0975   0.0545   0.0591   0.0369   0.0164   0.0623  -0.10    1.3
2026/04/23 07:36:40.000   3509418.9432    779143.3383   5250975.5527   2   9   0.0974   0.0545   0.0591   0.0369   0.0164   0.0622   0.00    1.3
2026/04/23 07:36:40.100   3509418.9424    779143.3376   5250975.5517   2   9   0.0974   0.0545   0.0591   0.0369   0.0164   0.0622   0.10    1.3
2026/04/23 07:36:40.200   3509418.9406    779143.3374   5250975.5506   2   9   0.0974   0.0545   0.0591   0.0369   0.0164   0.0622   0.20    1.3
2026/04/23 07:36:40.300   3509418.9399    779143.3380   5250975.5500   2   9   0.0974   0.0544   0.0591   0.0369   0.0164   0.0622   0.30    1.3
2026/04/23 07:36:40.400   3509418.9387    779143.3375   5250975.5488   2   9   0.0974   0.0544   0.0591   0.0369   0.0164   0.0622   0.40    1.3
2026/04/23 07:36:40.500   3509418.9379    779143.3369   5250975.5488   2   9   0.0974   0.0544   0.0591   0.0369   0.0164   0.0622  -0.50    1.3
2026/04/23 07:36:40.600   3509418.9370    779143.3362   5250975.5488   2   9   0.0974   0.0544   0.0591   0.0369   0.0164   0.0622  -0.40    1.3
2026/04/23 07:36:40.700   3509418.9359    779143.3368   5250975.5487   2   9   0.0973   0.0544   0.0591   0.0369   0.0164   0.0622  -0.30    1.3
2026/04/23 07:36:40.800   3509418.9347    779143.3371   5250975.5492   2   9   0.0973   0.0544   0.0591   0.0369   0.0164   0.0622  -0.20    1.3
2026/04/23 07:36:40.900   3509418.9336    779143.3366   5250975.5499   2   9   0.0973   0.0544   0.0590   0.0369   0.0165   0.0622  -0.10    1.3
2026/04/23 07:36:41.000   3509418.9325    779143.3368   5250975.5502   2   9   0.0973   0.0544   0.0590   0.0369   0.0165   0.0622   0.00    1.3
2026/04/23 07:36:41.100   3509418.9309    779143.3368   5250975.5502   2   9   0.0973   0.0544   0.0590   0.0369   0.0165   0.0622   0.10    1.3
2026/04/23 07:36:41.200   3509418.9304    779143.3370   5250975.5504   2   9   0.0973   0.0544   0.0590   0.0369   0.0165   0.0622   0.20    1.3
2026/04/23 07:36:41.300   3509418.9300    779143.3377   5250975.5510   2   9   0.0972   0.0544   0.0590   0.0369   0.0165   0.0621   0.30    1.3
2026/04/23 07:36:41.400   3509418.9296    779143.3374   5250975.5515   2   9   0.0972   0.0544   0.0590   0.0369   0.0165   0.0621   0.40    1.3
2026/04/23 07:36:41.500   3509418.9282    779143.3373   5250975.5511   2   9   0.0972   0.0544   0.0590   0.0369   0.0165   0.0621  -0.50    1.3
2026/04/23 07:36:41.600   3509418.9275    779143.3380   5250975.5497   2   9   0.0972   0.0544   0.0590   0.0369   0.0165   0.0621  -0.40    1.3
2026/04/23 07:36:41.700   3509418.9275    779143.3373   5250975.5490   2   9   0.0972   0.0544   0.0590   0.0369   0.0165   0.0621  -0.30    1.3
2026/04/23 07:36:41.800   3509418.9275    779143.3368   5250975.5483   2   9   0.0972   0.0544   0.0590   0.0369   0.0165   0.0621  -0.20    1.3
2026/04/23 07:36:41.900   3509418.9279    779143.3367   5250975.5471   2   9   0.0972   0.0543   0.0590   0.0369   0.0165   0.0621  -0.10    1.3
2026/04/23 07:36:42.000   3509418.9268    779143.3367   5250975.5466   2   9   0.0971   0.0543   0.0590   0.0369   0.0165   0.0621   0.00    1.3
2026/04/23 07:36:42.100   3509418.9262    779143.3365   5250975.5459   2   9   0.0971   0.0543   0.0590   0.0369   0.0165   0.0621   0.10    1.3
2026/04/23 07:36:42.200   3509418.9257    779143.3363   5250975.5454   2   9   0.0971   0.0543   0.0590   0.0369   0.0165   0.0621   0.20    1.3
2026/04/23 07:36:42.300   3509418.9250    779143.3359   5250975.5452   2   9   0.0971   0.0543   0.0590   0.0369   0.0165   0.0621   0.30    1.3
2026/04/23 07:36:42.400   3509418.9248    779143.3359   5250975.5446   2   9   0.0971   0.0543   0.0590   0.0369   0.0165   0.0621   0.40    1.3
2026/04/23 07:36:42.500   3509418.9242    779143.3363   5250975.5444   2   9   0.0971   0.0543   0.0590   0.0369   0.0165   0.0621  -0.50    1.3
2026/04/23 07:36:42.600   3509418.9235    779143.3369   5250975.5432   2   9   0.0971   0.0543   0.0590   0.0369   0.0165   0.0620  -0.40    1.3
2026/04/23 07:36:42.700   3509418.9225    779143.3370   5250975.5424   2   9   0.0970   0.0543   0.0590   0.0369   0.0165   0.0620  -0.30    1.3
2026/04/23 07:36:42.800   3509418.9210    779143.3371   5250975.5419   2   9   0.0970   0.0543   0.0590   0.0369   0.0165   0.0620  -0.20    1.3
2026/04/23 07:36:42.900   3509418.9205    779143.3373   5250975.5410   2   9   0.0970   0.0543   0.0590   0.0369   0.0165   0.0620  -0.10    1.3
2026/04/23 07:36:43.000   3509418.9199    779143.3378   5250975.5409   2   9   0.0970   0.0543   0.0590   0.0369   0.0165   0.0620   0.00    1.3
2026/04/23 07:36:43.100   3509418.9192    779143.3376   5250975.5403   2   9   0.0970   0.0543   0.0589   0.0369   0.0165   0.0620   0.10    1.3
2026/04/23 07:36:43.200   3509418.9184    779143.3376   5250975.5406   2   9   0.0970   0.0543   0.0589   0.0369   0.0165   0.0620   0.20    1.3
2026/04/23 07:36:43.300   3509418.9172    779143.3378   5250975.5406   2   9   0.0970   0.0543   0.0589   0.0369   0.0165   0.0620   0.30    1.3
2026/04/23 07:36:43.400   3509418.9158    779143.3377   5250975.5409   2   9   0.0969   0.0542   0.0589   0.0369   0.0165   0.0620   0.40    1.3
2026/04/23 07:36:43.500   3509418.9152    779143.3382   5250975.5405   2   9   0.0969   0.0542   0.0589   0.0369   0.0166   0.0620  -0.50    1.3
2026/04/23 07:36:43.600   3509418.9144    779143.3380   5250975.5406   2   9   0.0969   0.0542   0.0589   0.0369   0.0166   0.0620  -0.40    1.3
2026/04/23 07:36:43.700   3509418.9137    779143.3378   5250975.5406   2   9   0.0969   0.0542   0.0589   0.0369   0.0166   0.0620  -0.30    1.3
2026/04/23 07:36:43.800   3509418.9138    779143.3378   5250975.5407   2   9   0.0969   0.0542   0.0589   0.0369   0.0166   0.0620  -0.20    1.3
2026/04/23 07:36:43.900   3509418.9129    779143.3377   5250975.5407   2   9   0.0969   0.0542   0.0589   0.0369   0.0166   0.0619  -0.10    1.3
2026/04/23 07:36:44.000   3509418.9127    779143.3378   5250975.5403   2   9   0.0969   0.0542   0.0589   0.0369   0.0166   0.0619   0.00    1.3
2026/04/23 07:36:44.100   3509418.9129    779143.3381   5250975.5401   2   9   0.0968   0.0542   0.0589   0.0369   0.0166   0.0619   0.10    1.3
2026/04/23 07:36:44.200   3509418.9132    779143.3381   5250975.5400   2   9   0.0968   0.0542   0.0589   0.0369   0.0166   0.0619   0.20    1.3
2026/04/23 07:36:44.300   3509418.9128    779143.3383   5250975.5396   2   9   0.0968   0.0542   0.0589   0.0369   0.0166   0.0619   0.30    1.3
2026/04/23 07:36:44.400   3509418.9128    779143.3380   5250975.5393   2   9   0.0968   0.0542   0.0589   0.0369   0.0166   0.0619   0.40    1.3
2026/04/23 07:36:44.500   3509418.9122    779143.3386   5250975.5382   2   9   0.0968   0.0542   0.0589   0.0369   0.0166   0.0619  -0.50    1.3
2026/04/23 07:36:44.600   3509418.9109    779143.3389   5250975.5369   2   9   0.0968   0.0542   0.0589   0.0369   0.0166   0.0619  -0.40    1.3
2026/04/23 07:36:44.700   3509418.9105    779143.3391   5250975.5359   2   9   0.0967   0.0542   0.0589   0.0369   0.0166   0.0619  -0.30    1.2
2026/04/23 07:36:44.800   3509418.9095    779143.3385   5250975.5345   2   9   0.0967   0.0542   0.0589   0.0369   0.0166   0.0619  -0.20    1.2
2026/04/23 07:36:44.900   3509418.9091    779143.3382   5250975.5335   2   9   0.0967   0.0542   0.0589   0.0369   0.0166   0.0619  -0.10    1.2
2026/04/23 07:36:45.000   3509418.9088    779143.3382   5250975.5325   2   9   0.0967   0.0541   0.0589   0.0369   0.0166   0.0619   0.00    1.2
2026/04/23 07:36:45.100   3509418.9086    779143.3376   5250975.5320   2   9   0.0967   0.0541   0.0589   0.0369   0.0166   0.0618   0.10    1.2
2026/04/23 07:36:45.200   3509418.9078    779143.3370   5250975.5309   2   9   0.0967   0.0541   0.0589   0.0369   0.0166   0.0618   0.20    1.2
2026/04/23 07:36:45.300   3509418.9074    779143.3371   5250975.5300   2   9   0.0967   0.0541   0.0589   0.0369   0.0166   0.0618   0.30    1.2
2026/04/23 07:36:45.400   3509418.9070    779143.3372   5250975.5299   2   9   0.0966   0.0541   0.0588   0.0369   0.0166   0.0618   0.40    1.2
2026/04/23 07:36:45.500   3509418.9068    779143.3375   5250975.5297   2   9   0.0966   0.0541   0.0588   0.0369   0.0166   0.0618  -0.50    1.2
2026/04/23 07:36:45.600   3509418.9053    779143.3372   5250975.5303   2   9   0.0966   0.0541   0.0588   0.0369   0.0166   0.0618  -0.40    1.2
2026/04/23 07:36:45.700   3509418.9043    779143.3372   5250975.5305   2   9   0.0966   0.0541   0.0588   0.0369   0.0166   0.0618  -0.30    1.2
2026/04/23 07:36:45.800   3509418.9038    779143.3380   5250975.5303   2   9   0.0966   0.0541   0.0588   0.0369   0.0166   0.0618  -0.20    1.2
2026/04/23 07:36:45.900   3509418.9033    779143.3390   5250975.5302   2   9   0.0966   0.0541   0.0588   0.0369   0.0166   0.0618  -0.10    1.2
2026/04/23 07:36:46.000   3509418.9023    779143.3400   5250975.5301   2   9   0.0966   0.0541   0.0588   0.0369   0.0166   0.0618   0.00    1.2
2026/04/23 07:36:46.100   3509418.9006    779143.3407   5250975.5307   2   9   0.0965   0.0541   0.0588   0.0369   0.0166   0.0618   0.10    1.2
2026/04/23 07:36:46.200   3509418.9001    779143.3401   5250975.5320   2   9   0.0965   0.0541   0.0588   0.0369   0.0166   0.0618   0.20    1.2
2026/04/23 07:36:46.300   3509418.8999    779143.3396   5250975.5335   2   9   0.0965   0.0541   0.0588   0.0369   0.0166   0.0618   0.30    1.2
2026/04/23 07:36:46.400   3509418.8999    779143.3398   5250975.5346   2   9   0.0965   0.0541   0.0588   0.0369   0.0166   0.0617   0.40    1.2
2026/04/23 07:36:46.500   3509418.9002    779143.3407   5250975.5353   2   9   0.0965   0.0541   0.0588   0.0369   0.0167   0.0617  -0.50    1.2
2026/04/23 07:36:46.600   3509418.9003    779143.3411   5250975.5360   2   9   0.0965   0.0540   0.0588   0.0369   0.0167   0.0617  -0.40    1.2
2026/04/23 07:36:46.700   3509418.9007    779143.3416   5250975.5366   2   9   0.0965   0.0540   0.0588   0.0369   0.0167   0.0617  -0.30    1.2
2026/04/23 07:36:46.800   3509418.9010    779143.3418   5250975.5371   2   9   0.0964   0.0540   0.0588   0.0369   0.0167   0.0617  -0.20    1.2
2026/04/23 07:36:46.900   3509418.9020    779143.3415   5250975.5373   2   9   0.0964   0.0540   0.0588   0.0369   0.0167   0.0617  -0.10    1.2
2026/04/23 07:36:47.000   3509418.9027    779143.3415   5250975.5378   2   9   0.0964   0.0540   0.0588   0.0369   0.0167   0.0617   0.00    1.2
2026/04/23 07:36:47.100   3509418.9039    779143.3420   5250975.5379   2   9   0.0964   0.0540   0.0588   0.0369   0.0167   0.0617   0.10    1.2
2026/04/23 07:36:47.200   3509418.9040    779143.3429   5250975.5385   2   9   0.0964   0.0540   0.0588   0.0369   0.0167   0.0617   0.20    1.2
2026/04/23 07:36:47.300   3509418.9040    779143.3436   5250975.5382   2   9   0.0964   0.0540   0.0588   0.0369   0.0167   0.0617   0.30    1.0
2026/04/23 07:36:47.400   3509418.9041    779143.3435   5250975.5383   2   9   0.0964   0.0540   0.0588   0.0369   0.0167   0.0617   0.40    1.1
2026/04/23 07:36:47.500   3509418.9044    779143.3438   5250975.5386   2   9   0.0964   0.0540   0.0588   0.0369   0.0167   0.0617  -0.50    1.1
2026/04/23 07:36:47.600   3509418.9041    779143.3439   5250975.5377   2   9   0.0964   0.0540   0.0588   0.0369   0.0167   0.0617  -0.40    1.2
2026/04/23 07:36:47.700   3509418.9040    779143.3444   5250975.5366   2   9   0.0964   0.0540   0.0588   0.0369   0.0167   0.0617  -0.30    1.2
2026/04/23 07:36:47.800   3509418.9036    779143.3446   5250975.5358   2   9   0.0964   0.0540   0.0588   0.0369   0.0167   0.0617  -0.20    1.2
2026/04/23 07:36:47.900   3509418.9025    779143.3450   5250975.5349   2   9   0.0964   0.0540   0.0588   0.0369   0.0167   0.0617  -0.10    1.3
2026/04/23 07:36:48.000   3509418.9021    779143.3448   5250975.5340   2   9   0.0964   0.0540   0.0588   0.0369   0.0167   0.0617   0.00    1.3
2026/04/23 07:36:48.100   3509418.9018    779143.3445   5250975.5328   2   9   0.0963   0.0539   0.0588   0.0369   0.0167   0.0617   0.10    1.3
2026/04/23 07:36:48.200   3509418.9018    779143.3439   5250975.5315   2   9   0.0963   0.0539   0.0588   0.0369   0.0167   0.0617   0.20    1.4
2026/04/23 07:36:48.300   3509418.9020    779143.3438   5250975.5307   2   9   0.0963   0.0539   0.0588   0.0369   0.0167   0.0616   0.30    1.4
2026/04/23 07:36:48.400   3509418.9022    779143.3434   5250975.5301   2   9   0.0963   0.0539   0.0587   0.0369   0.0167   0.0616   0.40    1.4
2026/04/23 07:36:48.500   3509418.9021    779143.3437   5250975.5292   2   9   0.0962   0.0539   0.0587   0.0369   0.0167   0.0616  -0.50    1.4
2026/04/23 07:36:48.600   3509418.9022    779143.3451   5250975.5286   2   9   0.0962   0.0539   0.0587   0.0369   0.0167   0.0616  -0.40    1.4
2026/04/23 07:36:48.700   3509418.9014    779143.3455   5250975.5275   2   9   0.0962   0.0539   0.0587   0.0369   0.0167   0.0616  -0.30    1.4
2026/04/23 07:36:48.800   3509418.9005    779143.3461   5250975.5271   2   9   0.0962   0.0539   0.0587   0.0369   0.0167   0.0616  -0.20    1.4
2026/04/23 07:36:48.900   3509418.9001    779143.3467   5250975.5266   2   9   0.0962   0.0539   0.0587   0.0369   0.0167   0.0616  -0.10    1.4
2026/04/23 07:36:49.000   3509418.9010    779143.3467   5250975.5271   2   9   0.0961   0.0539   0.0587   0.0369   0.0167   0.0616   0.00    1.4
2026/04/23 07:36:49.100   3509418.9016    779143.3474   5250975.5277   2   9   0.0961   0.0539   0.0587   0.0369   0.0167   0.0616   0.10    1.4
2026/04/23 07:36:49.200   3509418.9015    779143.3482   5250975.5279   2   9   0.0961   0.0539   0.0587   0.0369   0.0167   0.0616   0.20    1.4
2026/04/23 07:36:49.300   3509418.9012    779143.3490   5250975.5284   2   9   0.0961   0.0539   0.0587   0.0369   0.0167   0.0615   0.30    1.4
2026/04/23 07:36:49.400   3509418.9009    779143.3493   5250975.5294   2   9   0.0961   0.0539   0.0587   0.0369   0.0167   0.0615   0.40    1.4
2026/04/23 07:36:49.500   3509418.9006    779143.3496   5250975.5301   2   9   0.0961   0.0539   0.0587   0.0369   0.0167   0.0615  -0.50    1.4
2026/04/23 07:36:49.600   3509418.8998    779143.3497   5250975.5315   2   9   0.0960   0.0539   0.0587   0.0369   0.0167   0.0615  -0.40    1.4
2026/04/23 07:36:49.700   3509418.8990    779143.3505   5250975.5324   2   9   0.0960   0.0538   0.0587   0.0369   0.0167   0.0615  -0.30    1.4
2026/04/23 07:36:49.800   3509418.8978    779143.3513   5250975.5329   2   9   0.0960   0.0538   0.0587   0.0369   0.0167   0.0615  -0.20    1.4
2026/04/23 07:36:49.900   3509418.8971    779143.3521   5250975.5329   2   9   0.0960   0.0538   0.0587   0.0369   0.0168   0.0615  -0.10    1.4
2026/04/23 07:36:50.000   3509418.8964    779143.3521   5250975.5331   2   9   0.0960   0.0538   0.0586   0.0369   0.0168   0.0615   0.00    1.4
2026/04/23 07:36:50.100   3509418.8955    779143.3532   5250975.5332   2   9   0.0960   0.0538   0.0586   0.0369   0.0168   0.0615   0.10    1.4
2026/04/23 07:36:50.200   3509418.8948    779143.3543   5250975.5331   2   9   0.0960   0.0538   0.0586   0.0369   0.0168   0.0614   0.20    1.4
2026/04/23 07:36:50.300   3509418.8942    779143.3547   5250975.5329   2   9   0.0959   0.0538   0.0586   0.0369   0.0168   0.0614   0.30    1.4
2026/04/23 07:36:50.400   3509418.8937    779143.3548   5250975.5330   2   9   0.0959   0.0538   0.0586   0.0369   0.0168   0.0614   0.40    1.4
2026/04/23 07:36:50.500   3509418.8935    779143.3546   5250975.5330   2   9   0.0959   0.0538   0.0586   0.0369   0.0168   0.0614  -0.50    1.4
2026/04/23 07:36:50.600   3509418.8927    779143.3550   5250975.5330   2   9   0.0959   0.0538   0.0586   0.0369   0.0168   0.0614  -0.40    1.4
2026/04/23 07:36:50.700   3509418.8923    779143.3556   5250975.5329   2   9   0.0959   0.0538   0.0586   0.0369   0.0168   0.0614  -0.30    1.4
2026/04/23 07:36:50.800   3509418.8922    779143.3560   5250975.5323   2   9   0.0959   0.0538   0.0586   0.0369   0.0168   0.0614  -0.20    1.4
2026/04/23 07:36:50.900   3509418.8920    779143.3566   5250975.5310   2   9   0.0958   0.0538   0.0586   0.0369   0.0168   0.0614  -0.10    1.4
2026/04/23 07:36:51.000   3509418.8922    779143.3566   5250975.5299   2   9   0.0958   0.0538   0.0586   0.0369   0.0168   0.0614   0.00    1.4
2026/04/23 07:36:51.100   3509418.8931    779143.3570   5250975.5287   2   9   0.0958   0.0538   0.0586   0.0369   0.0168   0.0614   0.10    1.4
2026/04/23 07:36:51.200   3509418.8936    779143.3571   5250975.5279   2   9   0.0958   0.0537   0.0586   0.0369   0.0168   0.0614   0.20    1.4
2026/04/23 07:36:51.300   3509418.8939    779143.3567   5250975.5270   2   9   0.0958   0.0537   0.0586   0.0369   0.0168   0.0613   0.30    1.4
2026/04/23 07:36:51.400   3509418.8937    779143.3568   5250975.5266   2   9   0.0958   0.0537   0.0586   0.0369   0.0168   0.0613   0.40    1.4
2026/04/23 07:36:51.500   3509418.8934    779143.3570   5250975.5265   2   9   0.0957   0.0537   0.0586   0.0369   0.0168   0.0613  -0.50    1.4
2026/04/23 07:36:51.600   3509418.8928    779143.3572   5250975.5269   2   9   0.0957   0.0537   0.0586   0.0369   0.0168   0.0613  -0.40    1.4
2026/04/23 07:36:51.700   3509418.8929    779143.3580   5250975.5269   2   9   0.0957   0.0537   0.0586   0.0369   0.0168   0.0613  -0.30    1.4
2026/04/23 07:36:51.800   3509418.8925    779143.3585   5250975.5271   2   9   0.0957   0.0537   0.0586   0.0369   0.0168   0.0613  -0.20    1.4
2026/04/23 07:36:51.900   3509418.8922    779143.3589   5250975.5267   2   9   0.0957   0.0537   0.0586   0.0369   0.0168   0.0613  -0.10    1.4
2026/04/23 07:36:52.000   3509418.8915    779143.3598   5250975.5265   2   9   0.0957   0.0537   0.0585   0.0369   0.0168   0.0613   0.00    1.4
2026/04/23 07:36:52.100   3509418.8908    779143.3593   5250975.5265   2   9   0.0957   0.0537   0.0585   0.0369   0.0168   0.0613   0.10    1.4
2026/04/23 07:36:52.200   3509418.8908    779143.3594   5250975.5263   2   9   0.0956   0.0537   0.0585   0.0369   0.0168   0.0613   0.20    1.4
2026/04/23 07:36:52.300   3509418.8906    779143.3596   5250975.5256   2   9   0.0956   0.0537   0.0585   0.0369   0.0168   0.0613   0.30    1.4
2026/04/23 07:36:52.400   3509418.8899    779143.3603   5250975.5250   2   9   0.0956   0.0537   0.0585   0.0369   0.0168   0.0613   0.40    1.4
2026/04/23 07:36:52.500   3509418.8898    779143.3604   5250975.5250   2   9   0.0956   0.0537   0.0585   0.0369   0.0168   0.0612  -0.50    1.4
2026/04/23 07:36:52.600   3509418.8889    779143.3606   5250975.5245   2   9   0.0956   0.0537   0.0585   0.0369   0.0168   0.0612  -0.40    1.4
2026/04/23 07:36:52.700   3509418.8879    779143.3619   5250975.5236   2   9   0.0956   0.0537   0.0585   0.0369   0.0168   0.0612  -0.30    1.4
2026/04/23 07:36:52.800   3509418.8874    779143.3628   5250975.5238   2   9   0.0955   0.0536   0.0585   0.0369   0.0168   0.0612  -0.20    1.4
2026/04/23 07:36:52.900   3509418.8869    779143.3628   5250975.5231   2   9   0.0955   0.0536   0.0585   0.0369   0.0168   0.0612  -0.10    1.4
2026/04/23 07:36:53.000   3509418.8866    779143.3626   5250975.5232   2   9   0.0955   0.0536   0.0585   0.0369   0.0168   0.0612   0.00    1.4
2026/04/23 07:36:53.100   3509418.8859    779143.3627   5250975.5237   2   9   0.0955   0.0536   0.0585   0.0369   0.0168   0.0612   0.10    1.4
2026/04/23 07:36:53.200   3509418.8859    779143.3627   5250975.5235   2   9   0.0955   0.0536   0.0585   0.0369   0.0168   0.0612   0.20    1.4
2026/04/23 07:36:53.300   3509418.8850    779143.3625   5250975.5235   2   9   0.0955   0.0536   0.0585   0.0369   0.0168   0.0612   0.30    1.4
2026/04/23 07:36:53.400   3509418.8846    779143.3630   5250975.5238   2   9   0.0955   0.0536   0.0585   0.0369   0.0168   0.0612   0.40    1.4
2026/04/23 07:36:53.500   3509418.8841    779143.3629   5250975.5232   2   9   0.0954   0.0536   0.0585   0.0369   0.0168   0.0612  -0.50    1.4
2026/04/23 07:36:53.600   3509418.8843    779143.3625   5250975.5231   2   9   0.0954   0.0536   0.0585   0.0369   0.0168   0.0612  -0.40    1.4
2026/04/23 07:36:53.700   3509418.8839    779143.3625   5250975.5236   2   9   0.0954   0.0536   0.0585   0.0369   0.0168   0.0611  -0.30    1.4
2026/04/23 07:36:53.800   3509418.8834    779143.3634   5250975.5237   2   9   0.0954   0.0536   0.0585   0.0369   0.0168   0.0611  -0.20    1.5
2026/04/23 07:36:53.900   3509418.8831    779143.3641   5250975.5234   2   9   0.0954   0.0536   0.0585   0.0369   0.0168   0.0611  -0.10    1.5
2026/04/23 07:36:54.000   3509418.8825    779143.3640   5250975.5237   2   9   0.0954   0.0536   0.0584   0.0369   0.0168   0.0611   0.00    1.5
2026/04/23 07:36:54.100   3509418.8817    779143.3642   5250975.5242   2   9   0.0954   0.0536   0.0584   0.0369   0.0168   0.0611   0.10    1.5
2026/04/23 07:36:54.200   3509418.8806    779143.3653   5250975.5239   2   9   0.0953   0.0536   0.0584   0.0369   0.0169   0.0611   0.20    1.5
2026/04/23 07:36:54.300   3509418.8803    779143.3656   5250975.5236   2   9   0.0953   0.0536   0.0584   0.0369   0.0169   0.0611   0.30    1.5
2026/04/23 07:36:54.400   3509418.8792    779143.3664   5250975.5232   2   9   0.0953   0.0535   0.0584   0.0369   0.0169   0.0611   0.40    1.5
2026/04/23 07:36:54.500   3509418.8792    779143.3667   5250975.5224   2   9   0.0953   0.0535   0.0584   0.0369   0.0169   0.0611  -0.50    1.5
2026/04/23 07:36:54.600   3509418.8790    779143.3672   5250975.5221   2   9   0.0953   0.0535   0.0584   0.0369   0.0169   0.0611  -0.40    1.5
2026/04/23 07:36:54.700   3509418.8794    779143.3670   5250975.5212   2   9   0.0953   0.0535   0.0584   0.0369   0.0169   0.0611  -0.30    1.5
2026/04/23 07:36:54.800   3509418.8800    779143.3669   5250975.5207   2   9   0.0952   0.0535   0.0584   0.0369   0.0169   0.0610  -0.20    1.5
2026/04/23 07:36:54.900   3509418.8802    779143.3666   5250975.5211   2   9   0.0952   0.0535   0.0584   0.0369   0.0169   0.0610  -0.10    1.5
2026/04/23 07:36:55.000   3509418.8791    779143.3664   5250975.5220   2   9   0.0952   0.0535   0.0584   0.0369   0.0169   0.0610   0.00    1.4
2026/04/23 07:36:55.100   3509418.8792    779143.3665   5250975.5228   2   9   0.0952   0.0535   0.0584   0.0369   0.0169   0.0610   0.10    1.4
2026/04/23 07:36:55.200   3509418.8793    779143.3671   5250975.5232   2   9   0.0952   0.0535   0.0584   0.0369   0.0169   0.0610   0.20    1.4
2026/04/23 07:36:55.300   3509418.8798    779143.3673   5250975.5247   2   9   0.0952   0.0535   0.0584   0.0369   0.0169   0.0610   0.30    1.4
2026/04/23 07:36:55.400   3509418.8794    779143.3673   5250975.5258   2   9   0.0952   0.0535   0.0584   0.0369   0.0169   0.0610   0.40    1.4
2026/04/23 07:36:55.500   3509418.8786    779143.3676   5250975.5267   2   9   0.0951   0.0535   0.0584   0.0369   0.0169   0.0610  -0.50    1.4
2026/04/23 07:36:55.600   3509418.8777    779143.3681   5250975.5274   2   9   0.0951   0.0535   0.0584   0.0369   0.0169   0.0610  -0.40    1.4
2026/04/23 07:36:55.700   3509418.8776    779143.3681   5250975.5279   2   9   0.0951   0.0535   0.0584   0.0369   0.0169   0.0610  -0.30    1.4
2026/04/23 07:36:55.800   3509418.8775    779143.3683   5250975.5289   2   9   0.0951   0.0535   0.0584   0.0369   0.0169   0.0610  -0.20    1.4
2026/04/23 07:36:55.900   3509418.8776    779143.3689   5250975.5303   2   9   0.0951   0.0534   0.0583   0.0369   0.0169   0.0609  -0.10    1.4
2026/04/23 07:36:56.000   3509418.8772    779143.3691   5250975.5307   2   9   0.0951   0.0534   0.0583   0.0369   0.0169   0.0609   0.00    1.4
2026/04/23 07:36:56.100   3509418.8770    779143.3692   5250975.5306   2   9   0.0950   0.0534   0.0583   0.0369   0.0169   0.0609   0.10    1.4
2026/04/23 07:36:56.200   3509418.8770    779143.3700   5250975.5297   2   9   0.0950   0.0534   0.0583   0.0368   0.0169   0.0609   0.20    1.4
2026/04/23 07:36:56.300   3509418.8762    779143.3709   5250975.5293   2   9   0.0950   0.0534   0.0583   0.0368   0.0169   0.0609   0.30    1.4
2026/04/23 07:36:56.400   3509418.8746    779143.3717   5250975.5302   2   9   0.0950   0.0534   0.0583   0.0368   0.0169   0.0609   0.40    1.4
2026/04/23 07:36:56.500   3509418.8729    779143.3719   5250975.5307   2   9   0.0950   0.0534   0.0583   0.0368   0.0169   0.0609  -0.50    1.4
2026/04/23 07:36:56.600   3509418.8716    779143.3727   5250975.5314   2   9   0.0950   0.0534   0.0583   0.0368   0.0169   0.0609  -0.40    1.4
2026/04/23 07:36:56.700   3509418.8699    779143.3735   5250975.5316   2   9   0.0950   0.0534   0.0583   0.0368   0.0169   0.0609  -0.30    1.4
2026/04/23 07:36:56.800   3509418.8690    779143.3740   5250975.5314   2   9   0.0949   0.0534   0.0583   0.0368   0.0169   0.0609  -0.20    1.4
2026/04/23 07:36:56.900   3509418.8679    779143.3735   5250975.5318   2   9   0.0949   0.0534   0.0583   0.0368   0.0169   0.0609  -0.10    1.4
2026/04/23 07:36:57.000   3509418.8668    779143.3735   5250975.5311   2   9   0.0949   0.0534   0.0583   0.0368   0.0169   0.0609   0.00    1.4
2026/04/23 07:36:57.100   3509418.8662    779143.3736   5250975.5305   2   9   0.0949   0.0534   0.0583   0.0368   0.0169   0.0608   0.10    1.4
2026/04/23 07:36:57.200   3509418.8653    779143.3736   5250975.5294   2   9   0.0949   0.0534   0.0583   0.0368   0.0169   0.0608   0.20    1.4
2026/04/23 07:36:57.300   3509418.8649    779143.3733   5250975.5292   2   9   0.0949   0.0534   0.0583   0.0368   0.0169   0.0608   0.30    1.4
2026/04/23 07:36:57.400   3509418.8649    779143.3726   5250975.5291   2   9   0.0948   0.0534   0.0583   0.0368   0.0169   0.0608   0.40    1.4
2026/04/23 07:36:57.500   3509418.8648    779143.3727   5250975.5287   2   9   0.0948   0.0533   0.0583   0.0368   0.0169   0.0608  -0.50    1.4
2026/04/23 07:36:57.600   3509418.8644    779143.3728   5250975.5274   2   9   0.0948   0.0533   0.0583   0.0368   0.0169   0.0608  -0.40    1.4
2026/04/23 07:36:57.700   3509418.8637    779143.3728   5250975.5268   2   9   0.0948   0.0533   0.0583   0.0368   0.0169   0.0608  -0.30    1.4
2026/04/23 07:36:57.800   3509418.8642    779143.3727   5250975.5253   2   9   0.0948   0.0533   0.0582   0.0368   0.0169   0.0608  -0.20    1.4
2026/04/23 07:36:57.900   3509418.8636    779143.3729   5250975.5242   2   9   0.0948   0.0533   0.0582   0.0368   0.0169   0.0608  -0.10    1.4
2026/04/23 07:36:58.000   3509418.8626    779143.3734   5250975.5227   2   9   0.0948   0.0533   0.0582   0.0368   0.0169   0.0608   0.00    1.4
2026/04/23 07:36:58.100   3509418.8610    779143.3736   5250975.5214   2   9   0.0947   0.0533   0.0582   0.0368   0.0169   0.0608   0.10    1.4
2026/04/23 07:36:58.200   3509418.8597    779143.3743   5250975.5196   2   9   0.0947   0.0533   0.0582   0.0368   0.0169   0.0607   0.20    1.3
2026/04/23 07:36:58.300   3509418.8584    779143.3747   5250975.5174   2   9   0.0947   0.0533   0.0582   0.0368   0.0169   0.0607   0.30    1.3
2026/04/23 07:36:58.400   3509418.8559    779143.3751   5250975.5166   2   9   0.0947   0.0533   0.0582   0.0368   0.0169   0.0607   0.40    1.3
2026/04/23 07:36:58.500   3509418.8544    779143.3751   5250975.5154   2   9   0.0947   0.0533   0.0582   0.0368   0.0169   0.0607  -0.50    1.3
2026/04/23 07:36:58.600   3509418.8517    779143.3756   5250975.5140   2   9   0.0947   0.0533   0.0582   0.0368   0.0169   0.0607  -0.40    1.3
2026/04/23 07:36:58.700   3509418.8499    779143.3760   5250975.5129   2   9   0.0946   0.0533   0.0582   0.0368   0.0169   0.0607  -0.30    1.3
2026/04/23 07:36:58.800   3509418.8480    779143.3759   5250975.5118   2   9   0.0946   0.0533   0.0582   0.0368   0.0169   0.0607  -0.20    1.3
2026/04/23 07:36:58.900   3509418.8466    779143.3757   5250975.5108   2   9   0.0946   0.0533   0.0582   0.0368   0.0169   0.0607  -0.10    1.3
2026/04/23 07:36:59.000   3509418.8458    779143.3754   5250975.5098   2   9   0.0946   0.0533   0.0582   0.0368   0.0169   0.0607   0.00    1.3
2026/04/23 07:36:59.100   3509418.8453    779143.3753   5250975.5088   2   9   0.0946   0.0532   0.0582   0.0368   0.0169   0.0607   0.10    1.3
2026/04/23 07:36:59.200   3509418.8449    779143.3750   5250975.5084   2   9   0.0946   0.0532   0.0582   0.0368   0.0169   0.0607   0.20    1.3
2026/04/23 07:36:59.300   3509418.8449    779143.3742   5250975.5067   2   9   0.0946   0.0532   0.0582   0.0368   0.0169   0.0606   0.30    1.3
2026/04/23 07:36:59.400   3509418.8445    779143.3743   5250975.5059   2   9   0.0945   0.0532   0.0582   0.0368   0.0169   0.0606   0.40    1.3
2026/04/23 07:36:59.500   3509418.8442    779143.3747   5250975.5049   2   9   0.0945   0.0532   0.0581   0.0368   0.0169   0.0606  -0.50    1.3
2026/04/23 07:36:59.600   3509418.8442    779143.3744   5250975.5042   2   9   0.0945   0.0532   0.0581   0.0368   0.0169   0.0606  -0.40    1.3
2026/04/23 07:36:59.700   3509418.8441    779143.3737   5250975.5035   2   9   0.0945   0.0532   0.0581   0.0368   0.0169   0.0606  -0.30    1.3
2026/04/23 07:36:59.800   3509418.8431    779143.3734   5250975.5038   2   9   0.0945   0.0532   0.0581   0.0368   0.0169   0.0606  -0.20    1.3
2026/04/23 07:36:59.900   3509418.8427    779143.3733   5250975.5045   2   9   0.0945   0.0532   0.0581   0.0368   0.0169   0.0606  -0.10    1.3
2026/04/23 07:37:00.000   3509418.8419    779143.3728   5250975.5044   2   9   0.0944   0.0532   0.0581   0.0368   0.0169   0.0606   0.00    1.3
2026/04/23 07:37:00.100   3509418.8420    779143.3729   5250975.5047   2   9   0.0944   0.0532   0.0581   0.0368   0.0169   0.0606   0.10    1.3
2026/04/23 07:37:00.200   3509418.8420    779143.3737   5250975.5047   2   9   0.0944   0.0532   0.0581   0.0368   0.0169   0.0606   0.20    1.3
2026/04/23 07:37:00.300   3509418.8428    779143.3739   5250975.5040   2   9   0.0944   0.0532   0.0581   0.0368   0.0169   0.0605   0.30    1.3
2026/04/23 07:37:00.400   3509418.8426    779143.3744   5250975.5041   2   9   0.0944   0.0532   0.0581   0.0368   0.0169   0.0605   0.40    1.3
2026/04/23 07:37:00.500   3509418.8421    779143.3742   5250975.5047   2   9   0.0944   0.0532   0.0581   0.0368   0.0169   0.0605  -0.50    1.3
2026/04/23 07:37:00.600   3509418.8417    779143.3749   5250975.5052   2   9   0.0943   0.0532   0.0581   0.0368   0.0170   0.0605  -0.40    1.3
2026/04/23 07:37:00.700   3509418.8416    779143.3755   5250975.5050   2   9   0.0943   0.0531   0.0581   0.0368   0.0170   0.0605  -0.30    1.3
2026/04/23 07:37:00.800   3509418.8416    779143.3756   5250975.5053   2   9   0.0943   0.0531   0.0581   0.0368   0.0170   0.0605  -0.20    1.3
2026/04/23 07:37:00.900   3509418.8411    779143.3753   5250975.5053   2   9   0.0943   0.0531   0.0581   0.0368   0.0170   0.0605  -0.10    1.3
2026/04/23 07:37:01.000   3509418.8403    779143.3762   5250975.5060   2   9   0.0943   0.0531   0.0581   0.0368   0.0170   0.0605   0.00    1.3
2026/04/23 07:37:01.100   3509418.8401    779143.3770   5250975.5067   2   9   0.0943   0.0531   0.0581   0.0368   0.0170   0.0605   0.10    1.3
2026/04/23 07:37:01.200   3509418.8396    779143.3778   5250975.5073   2   9   0.0943   0.0531   0.0580   0.0368   0.0170   0.0605   0.20    1.3
2026/04/23 07:37:01.300   3509418.8396    779143.3789   5250975.5078   2   9   0.0942   0.0531   0.0580   0.0368   0.0170   0.0605   0.30    1.3
2026/04/23 07:37:01.400   3509418.8397    779143.3796   5250975.5082   2   9   0.0942   0.0531   0.0580   0.0368   0.0170   0.0604   0.40    1.3
2026/04/23 07:37:01.500   3509418.8396    779143.3799   5250975.5089   2   9   0.0942   0.0531   0.0580   0.0368   0.0170   0.0604  -0.50    1.3
2026/04/23 07:37:01.600   3509418.8398    779143.3796   5250975.5092   2   9   0.0942   0.0531   0.0580   0.0368   0.0170   0.0604  -0.40    1.3
2026/04/23 07:37:01.700   3509418.8399    779143.3803   5250975.5093   2   9   0.0942   0.0531   0.0580   0.0368   0.0170   0.0604  -0.30    1.3
2026/04/23 07:37:01.800   3509418.8396    779143.3803   5250975.5097   2   9   0.0942   0.0531   0.0580   0.0368   0.0170   0.0604  -0.20    1.3
2026/04/23 07:37:01.900   3509418.8394    779143.3799   5250975.5098   2   9   0.0941   0.0531   0.0580   0.0368   0.0170   0.0604  -0.10    1.3
2026/04/23 07:37:02.000   3509418.8389    779143.3792   5250975.5092   2   9   0.0941   0.0531   0.0580   0.0367   0.0170   0.0604   0.00    1.3
2026/04/23 07:37:02.100   3509418.8383    779143.3795   5250975.5088   2   9   0.0941   0.0531   0.0580   0.0367   0.0170   0.0604   0.10    1.3
2026/04/23 07:37:02.200   3509418.8376    779143.3798   5250975.5091   2   9   0.0941   0.0530   0.0580   0.0367   0.0170   0.0604   0.20    1.3
2026/04/23 07:37:02.300   3509418.8370    779143.3805   5250975.5091   2   9   0.0941   0.0530   0.0580   0.0367   0.0170   0.0604   0.30    1.3
2026/04/23 07:37:02.400   3509418.8365    779143.3805   5250975.5087   2   9   0.0941   0.0530   0.0580   0.0367   0.0170   0.0603   0.40    1.3
2026/04/23 07:37:02.500   3509418.8366    779143.3804   5250975.5080   2   9   0.0940   0.0530   0.0580   0.0367   0.0170   0.0603  -0.50    1.2
2026/04/23 07:37:02.600   3509418.8377    779143.3804   5250975.5075   2   9   0.0940   0.0530   0.0580   0.0367   0.0170   0.0603  -0.40    1.2
2026/04/23 07:37:02.700   3509418.8374    779143.3798   5250975.5066   2   9   0.0940   0.0530   0.0580   0.0367   0.0170   0.0603  -0.30    1.2
2026/04/23 07:37:02.800   3509418.8370    779143.3798   5250975.5061   2   9   0.0940   0.0530   0.0579   0.0367   0.0170   0.0603  -0.20    1.2
2026/04/23 07:37:02.900   3509418.8367    779143.3797   5250975.5058   2   9   0.0940   0.0530   0.0579   0.0367   0.0170   0.0603  -0.10    1.2
2026/04/23 07:37:03.000   3509418.8359    779143.3793   5250975.5056   2   9   0.0940   0.0530   0.0579   0.0367   0.0170   0.0603   0.00    1.2
2026/04/23 07:37:03.100   3509418.8358    779143.3785   5250975.5052   2   9   0.0940   0.0530   0.0579   0.0367   0.0170   0.0603   0.10    1.2
2026/04/23 07:37:03.200   3509418.8354    779143.3781   5250975.5050   2   9   0.0939   0.0530   0.0579   0.0367   0.0170   0.0603   0.20    1.2
2026/04/23 07:37:03.300   3509418.8345    779143.3780   5250975.5047   2   9   0.0939   0.0530   0.0579   0.0367   0.0170   0.0603   0.30    1.2
2026/04/23 07:37:03.400   3509418.8334    779143.3775   5250975.5044   2   9   0.0939   0.0530   0.0579   0.0367   0.0170   0.0603   0.40    1.2
2026/04/23 07:37:03.500   3509418.8320    779143.3775   5250975.5035   2   9   0.0939   0.0530   0.0579   0.0367   0.0170   0.0602  -0.50    1.2
2026/04/23 07:37:03.600   3509418.8319    779143.3781   5250975.5025   2   9   0.0939   0.0530   0.0579   0.0367   0.0170   0.0602  -0.40    1.2
2026/04/23 07:37:03.700   3509418.8309    779143.3787   5250975.5020   2   9   0.0939   0.0530   0.0579   0.0367   0.0170   0.0602  -0.30    1.2
2026/04/23 07:37:03.800   3509418.8294    779143.3792   5250975.5012   2   9   0.0938   0.0529   0.0579   0.0367   0.0170   0.0602  -0.20    1.2
2026/04/23 07:37:03.900   3509418.8281    779143.3800   5250975.4996   2   9   0.0938   0.0529   0.0579   0.0367   0.0170   0.0602  -0.10    1.2
2026/04/23 07:37:04.000   3509418.8279    779143.3798   5250975.4987   2   9   0.0938   0.0529   0.0579   0.0367   0.0170   0.0602   0.00    1.2
2026/04/23 07:37:04.100   3509418.8284    779143.3797   5250975.4975   2   9   0.0938   0.0529   0.0579   0.0367   0.0170   0.0602   0.10    1.2
2026/04/23 07:37:04.200   3509418.8287    779143.3794   5250975.4967   2   9   0.0938   0.0529   0.0579   0.0367   0.0170   0.0602   0.20    1.2
2026/04/23 07:37:04.300   3509418.8287    779143.3791   5250975.4959   2   9   0.0938   0.0529   0.0579   0.0367   0.0170   0.0602   0.30    1.2
2026/04/23 07:37:04.400   3509418.8290    779143.3790   5250975.4954   2   9   0.0937   0.0529   0.0578   0.0367   0.0170   0.0602   0.40    1.2
2026/04/23 07:37:04.500   3509418.8295    779143.3791   5250975.4950   2   9   0.0937   0.0529   0.0578   0.0367   0.0170   0.0601  -0.50    1.2
2026/04/23 07:37:04.600   3509418.8294    779143.3787   5250975.4946   2   9   0.0937   0.0529   0.0578   0.0367   0.0170   0.0601  -0.40    1.2
2026/04/23 07:37:04.700   3509418.8291    779143.3786   5250975.4948   2   9   0.0937   0.0529   0.0578   0.0367   0.0170   0.0601  -0.30    1.2
2026/04/23 07:37:04.800   3509418.8292    779143.3790   5250975.4949   2   9   0.0937   0.0529   0.0578   0.0367   0.0170   0.0601  -0.20    1.2
2026/04/23 07:37:04.900   3509418.8299    779143.3788   5250975.4951   2   9   0.0937   0.0529   0.0578   0.0367   0.0170   0.0601  -0.10    1.2
2026/04/23 07:37:05.000   3509418.8299    779143.3791   5250975.4954   2   9   0.0936   0.0529   0.0578   0.0367   0.0170   0.0601   0.00    1.2
2026/04/23 07:37:05.100   3509418.8300    779143.3795   5250975.4956   2   9   0.0936   0.0529   0.0578   0.0367   0.0170   0.0601   0.10    1.2
2026/04/23 07:37:05.200   3509418.8302    779143.3792   5250975.4963   2   9   0.0936   0.0529   0.0578   0.0367   0.0170   0.0601   0.20    1.2
2026/04/23 07:37:05.300   3509418.8301    779143.3789   5250975.4973   2   9   0.0936   0.0529   0.0578   0.0367   0.0170   0.0601   0.30    1.2
2026/04/23 07:37:05.400   3509418.8303    779143.3786   5250975.4974   2   9   0.0936   0.0528   0.0578   0.0367   0.0170   0.0601   0.40    1.2
2026/04/23 07:37:05.500   3509418.8298    779143.3786   5250975.4969   2   9   0.0936   0.0528   0.0578   0.0367   0.0170   0.0600  -0.50    1.2
2026/04/23 07:37:05.600   3509418.8292    779143.3787   5250975.4971   2   9   0.0936   0.0528   0.0578   0.0367   0.0170   0.0600  -0.40    1.2
2026/04/23 07:37:05.700   3509418.8283    779143.3790   5250975.4975   2   9   0.0935   0.0528   0.0578   0.0367   0.0170   0.0600  -0.30    1.2
2026/04/23 07:37:05.800   3509418.8275    779143.3796   5250975.4971   2   9   0.0935   0.0528   0.0578   0.0367   0.0170   0.0600  -0.20    1.2
2026/04/23 07:37:05.900   3509418.8258    779143.3801   5250975.4971   2   9   0.0935   0.0528   0.0577   0.0367   0.0170   0.0600  -0.10    1.2
2026/04/23 07:37:06.000   3509418.8253    779143.3806   5250975.4964   2   9   0.0935   0.0528   0.0577   0.0367   0.0170   0.0600   0.00    1.2
2026/04/23 07:37:06.100   3509418.8249    779143.3818   5250975.4960   2   9   0.0935   0.0528   0.0577   0.0367   0.0170   0.0600   0.10    1.2
2026/04/23 07:37:06.200   3509418.8253    779143.3819   5250975.4954   2   9   0.0935   0.0528   0.0577   0.0367   0.0170   0.0600   0.20    1.2
2026/04/23 07:37:06.300   3509418.8255    779143.3825   5250975.4955   2   9   0.0934   0.0528   0.0577   0.0366   0.0170   0.0600   0.30    1.2
2026/04/23 07:37:06.400   3509418.8255    779143.3835   5250975.4958   2   9   0.0934   0.0528   0.0577   0.0366   0.0170   0.0599   0.40    1.2
2026/04/23 07:37:06.500   3509418.8260    779143.3839   5250975.4960   2   9   0.0934   0.0528   0.0577   0.0366   0.0170   0.0599  -0.50    1.2
2026/04/23 07:37:06.600   3509418.8258    779143.3840   5250975.4963   2   9   0.0934   0.0528   0.0577   0.0366   0.0170   0.0599  -0.40    1.2
2026/04/23 07:37:06.700   3509418.8258    779143.3841   5250975.4969   2   9   0.0934   0.0528   0.0577   0.0366   0.0170   0.0599  -0.30    1.2
2026/04/23 07:37:06.800   3509418.8254    779143.3844   5250975.4974   2   9   0.0934   0.0528   0.0577   0.0366   0.0170   0.0599  -0.20    1.2
2026/04/23 07:37:06.900   3509418.8250    779143.3847   5250975.4974   2   9   0.0933   0.0527   0.0577   0.0366   0.0170   0.0599  -0.10    1.2
2026/04/23 07:37:07.000   3509418.8243    779143.3855   5250975.4978   2   9   0.0933   0.0527   0.0577   0.0366   0.0170   0.0599   0.00    1.2
2026/04/23 07:37:07.100   3509418.8246    779143.3849   5250975.4991   2   9   0.0933   0.0527   0.0577   0.0366   0.0170   0.0599   0.10    1.2
2026/04/23 07:37:07.200   3509418.8249    779143.3850   5250975.4995   2   9   0.0933   0.0527   0.0577   0.0366   0.0170   0.0599   0.20    1.2
2026/04/23 07:37:07.300   3509418.8248    779143.3858   5250975.5003   2   9   0.0933   0.0527   0.0576   0.0366   0.0170   0.0599   0.30    1.1
2026/04/23 07:37:07.400   3509418.8243    779143.3865   5250975.4996   2   9   0.0933   0.0527   0.0576   0.0366   0.0170   0.0598   0.40    1.1
2026/04/23 07:37:07.500   3509418.8245    779143.3873   5250975.4993   2   9   0.0932   0.0527   0.0576   0.0366   0.0170   0.0598  -0.50    1.1
2026/04/23 07:37:07.600   3509418.8251    779143.3876   5250975.4998   2   9   0.0932   0.0527   0.0576   0.0366   0.0170   0.0598  -0.40    1.1
2026/04/23 07:37:07.700   3509418.8248    779143.3884   5250975.4994   2   9   0.0932   0.0527   0.0576   0.0366   0.0170   0.0598  -0.30    1.1
2026/04/23 07:37:07.800   3509418.8251    779143.3893   5250975.4995   2   9   0.0932   0.0527   0.0576   0.0366   0.0170   0.0598  -0.20    1.1
2026/04/23 07:37:07.900   3509418.8252    779143.3898   5250975.4997   2   9   0.0932   0.0527   0.0576   0.0366   0.0170   0.0598  -0.10    1.1
2026/04/23 07:37:08.000   3509418.8248    779143.3905   5250975.5004   2   9   0.0932   0.0527   0.0576   0.0366   0.0170   0.0598   0.00    1.1
2026/04/23 07:37:08.100   3509418.8254    779143.3904   5250975.5010   2   9   0.0931   0.0527   0.0576   0.0366   0.0170   0.0598   0.10    1.1
2026/04/23 07:37:08.200   3509418.8256    779143.3903   5250975.5010   2   9   0.0931   0.0527   0.0576   0.0366   0.0170   0.0598   0.20    1.1
2026/04/23 07:37:08.300   3509418.8264    779143.3901   5250975.5015   2   9   0.0931   0.0527   0.0576   0.0366   0.0170   0.0598   0.30    1.1
2026/04/23 07:37:08.400   3509418.8272    779143.3904   5250975.5018   2   9   0.0931   0.0527   0.0576   0.0366   0.0170   0.0597   0.40    1.1
2026/04/23 07:37:08.500   3509418.8282    779143.3898   5250975.5019   2   9   0.0931   0.0527   0.0576   0.0366   0.0170   0.0597  -0.50    1.1
2026/04/23 07:37:08.600   3509418.8286    779143.3894   5250975.5032   2   9   0.0931   0.0526   0.0576   0.0366   0.0170   0.0597  -0.40    1.1
2026/04/23 07:37:08.700   3509418.8292    779143.3890   5250975.5037   2   9   0.0930   0.0526   0.0576   0.0366   0.0170   0.0597  -0.30    1.1
2026/04/23 07:37:08.800   3509418.8293    779143.3893   5250975.5043   2   9   0.0930   0.0526   0.0575   0.0366   0.0170   0.0597  -0.20    1.1
2026/04/23 07:37:08.900   3509418.8291    779143.3895   5250975.5043   2   9   0.0930   0.0526   0.0575   0.0366   0.0170   0.0597  -0.10    1.1
2026/04/23 07:37:09.000   3509418.8291    779143.3896   5250975.5050   2   9   0.0930   0.0526   0.0575   0.0366   0.0170   0.0597   0.00    1.1
2026/04/23 07:37:09.100   3509418.8290    779143.3903   5250975.5056   2   9   0.0930   0.0526   0.0575   0.0366   0.0170   0.0597   0.10    1.1
2026/04/23 07:37:09.200   3509418.8283    779143.3905   5250975.5065   2   9   0.0930   0.0526   0.0575   0.0366   0.0170   0.0597   0.20    1.1
2026/04/23 07:37:09.300   3509418.8283    779143.3910   5250975.5069   2   9   0.0929   0.0526   0.0575   0.0366   0.0170   0.0596   0.30    1.1
2026/04/23 07:37:09.400   3509418.8287    779143.3915   5250975.5071   2   9   0.0929   0.0526   0.0575   0.0366   0.0170   0.0596   0.40    1.1
2026/04/23 07:37:09.500   3509418.8291    779143.3916   5250975.5076   2   9   0.0929   0.0526   0.0575   0.0366   0.0170   0.0596  -0.50    1.1
2026/04/23 07:37:09.600   3509418.8294    779143.3923   5250975.5078   2   9   0.0929   0.0526   0.0575   0.0366   0.0170   0.0596  -0.40    1.1
2026/04/23 07:37:09.700   3509418.8295    779143.3930   5250975.5083   2   9   0.0929   0.0526   0.0575   0.0366   0.0170   0.0596  -0.30    1.1
2026/04/23 07:37:09.800   3509418.8303    779143.3933   5250975.5087   2   9   0.0929   0.0526   0.0575   0.0366   0.0170   0.0596  -0.20    1.1
2026/04/23 07:37:09.900   3509418.8312    779143.3931   5250975.5089   2   9   0.0928   0.0526   0.0575   0.0366   0.0170   0.0596  -0.10    1.1
2026/04/23 07:37:10.000   3509418.8316    779143.3926   5250975.5093   2   9   0.0928   0.0526   0.0575   0.0365   0.0170   0.0596   0.00    1.1
2026/04/23 07:37:10.100   3509418.8330    779143.3924   5250975.5095   2   9   0.0928   0.0525   0.0574   0.0365   0.0170   0.0596   0.10    1.1
2026/04/23 07:37:10.200   3509418.8336    779143.3928   5250975.5103   2   9   0.0928   0.0525   0.0574   0.0365   0.0170   0.0595   0.20    1.1
2026/04/23 07:37:10.300   3509418.8336    779143.3936   5250975.5115   2   9   0.0928   0.0525   0.0574   0.0365   0.0170   0.0595   0.30    1.1
2026/04/23 07:37:10.400   3509418.8328    779143.3940   5250975.5125   2   9   0.0928   0.0525   0.0574   0.0365   0.0170   0.0595   0.40    1.1
2026/04/23 07:37:10.500   3509418.8321    779143.3944   5250975.5132   2   9   0.0927   0.0525   0.0574   0.0365   0.0170   0.0595  -0.50    1.1
2026/04/23 07:37:10.600   3509418.8319    779143.3946   5250975.5138   2   9   0.0927   0.0525   0.0574   0.0365   0.0170   0.0595  -0.40    1.1
2026/04/23 07:37:10.700   3509418.8313    779143.3949   5250975.5142   2   9   0.0927   0.0525   0.0574   0.0365   0.0170   0.0595  -0.30    1.1
2026/04/23 07:37:10.800   3509418.8305    779143.3957   5250975.5148   2   9   0.0927   0.0525   0.0574   0.0365   0.0170   0.0595  -0.20    1.1
2026/04/23 07:37:10.900   3509418.8298    779143.3971   5250975.5161   2   9   0.0927   0.0525   0.0574   0.0365   0.0170   0.0595  -0.10    1.1
2026/04/23 07:37:11.000   3509418.8286    779143.3985   5250975.5166   2   9   0.0927   0.0525   0.0574   0.0365   0.0170   0.0595   0.00    1.1
2026/04/23 07:37:11.100   3509418.8281    779143.3992   5250975.5177   2   9   0.0926   0.0525   0.0574   0.0365   0.0170   0.0595   0.10    1.1
2026/04/23 07:37:11.200   3509418.8279    779143.4001   5250975.5178   2   9   0.0926   0.0525   0.0574   0.0365   0.0170   0.0594   0.20    1.1
2026/04/23 07:37:11.300   3509418.8280    779143.4004   5250975.5182   2   9   0.0926   0.0525   0.0574   0.0365   0.0170   0.0594   0.30    1.1
2026/04/23 07:37:11.400   3509418.8280    779143.4011   5250975.5176   2   9   0.0926   0.0525   0.0573   0.0365   0.0170   0.0594   0.40    1.1
2026/04/23 07:37:11.500   3509418.8285    779143.4021   5250975.5175   2   9   0.0926   0.0525   0.0573   0.0365   0.0170   0.0594  -0.50    1.1
2026/04/23 07:37:11.600   3509418.8293    779143.4025   5250975.5173   2   9   0.0926   0.0525   0.0573   0.0365   0.0170   0.0594  -0.40    1.1
2026/04/23 07:37:11.700   3509418.8308    779143.4026   5250975.5171   2   9   0.0925   0.0524   0.0573   0.0365   0.0170   0.0594  -0.30    1.1
2026/04/23 07:37:11.800   3509418.8318    779143.4035   5250975.5172   2   9   0.0925   0.0524   0.0573   0.0365   0.0170   0.0594  -0.20    1.1
2026/04/23 07:37:11.900   3509418.8328    779143.4044   5250975.5173   2   9   0.0925   0.0524   0.0573   0.0365   0.0170   0.0594  -0.10    1.0
2026/04/23 07:37:12.000   3509418.8327    779143.4052   5250975.5172   2   9   0.0925   0.0524   0.0573   0.0365   0.0170   0.0594   0.00    1.0
2026/04/23 07:37:12.100   3509418.8325    779143.4055   5250975.5168   2   9   0.0925   0.0524   0.0573   0.0365   0.0170   0.0593   0.10    1.0
2026/04/23 07:37:12.200   3509418.8310    779143.4066   5250975.5153   2   9   0.0925   0.0524   0.0573   0.0365   0.0170   0.0593   0.20    1.0
2026/04/23 07:37:12.300   3509418.8305    779143.4066   5250975.5146   2   9   0.0924   0.0524   0.0573   0.0365   0.0170   0.0593   0.30    1.0
2026/04/23 07:37:12.400   3509418.8299    779143.4068   5250975.5137   2   9   0.0924   0.0524   0.0573   0.0365   0.0170   0.0593   0.40    1.0
2026/04/23 07:37:12.500   3509418.8289    779143.4075   5250975.5123   2   9   0.0924   0.0524   0.0573   0.0365   0.0170   0.0593  -0.50    1.0
2026/04/23 07:37:12.600   3509418.8287    779143.4077   5250975.5107   2   9   0.0924   0.0524   0.0573   0.0365   0.0170   0.0593  -0.40    1.0
2026/04/23 07:37:12.700   3509418.8281    779143.4079   5250975.5100   2   9   0.0924   0.0524   0.0572   0.0365   0.0170   0.0593  -0.30    1.0
2026/04/23 07:37:12.800   3509418.8275    779143.4081   5250975.5093   2   9   0.0924   0.0524   0.0572   0.0365   0.0170   0.0593  -0.20    1.0
2026/04/23 07:37:12.900   3509418.8261    779143.4085   5250975.5085   2   9   0.0923   0.0524   0.0572   0.0365   0.0169   0.0593  -0.10    1.0
2026/04/23 07:37:13.000   3509418.8253    779143.4087   5250975.5083   2   9   0.0923   0.0524   0.0572   0.0365   0.0169   0.0592   0.00    1.0
2026/04/23 07:37:13.100   3509418.8246    779143.4086   5250975.5081   2   9   0.0923   0.0524   0.0572   0.0365   0.0169   0.0592   0.10    1.0
2026/04/23 07:37:13.200   3509418.8244    779143.4081   5250975.5083   2   9   0.0923   0.0523   0.0572   0.0364   0.0169   0.0592   0.20    1.0
2026/04/23 07:37:13.300   3509418.8241    779143.4075   5250975.5082   2   9   0.0923   0.0523   0.0572   0.0364   0.0169   0.0592   0.30    1.0
2026/04/23 07:37:13.400   3509418.8231    779143.4078   5250975.5074   2   9   0.0923   0.0523   0.0572   0.0364   0.0169   0.0592   0.40    1.0
2026/04/23 07:37:13.500   3509418.8217    779143.4081   5250975.5069   2   9   0.0922   0.0523   0.0572   0.0364   0.0169   0.0592  -0.50    1.0
2026/04/23 07:37:13.600   3509418.8211    779143.4084   5250975.5066   2   9   0.0922   0.0523   0.0572   0.0364   0.0169   0.0592  -0.40    1.0
2026/04/23 07:37:13.700   3509418.8207    779143.4089   5250975.5058   2   9   0.0922   0.0523   0.0572   0.0364   0.0169   0.0592  -0.30    1.0
2026/04/23 07:37:13.800   3509418.8212    779143.4092   5250975.5045   2   9   0.0922   0.0523   0.0572   0.0364   0.0169   0.0591  -0.20    1.0
2026/04/23 07:37:13.900   3509418.8224    779143.4092   5250975.5034   2   9   0.0922   0.0523   0.0572   0.0364   0.0169   0.0591  -0.10    1.0
2026/04/23 07:37:14.000   3509418.8238    779143.4094   5250975.5028   2   9   0.0921   0.0523   0.0571   0.0364   0.0169   0.0591   0.00    1.0
2026/04/23 07:37:14.100   3509418.8247    779143.4096   5250975.5033   2   9   0.0921   0.0523   0.0571   0.0364   0.0169   0.0591   0.10    1.0
2026/04/23 07:37:14.200   3509418.8256    779143.4091   5250975.5037   2   9   0.0921   0.0523   0.0571   0.0364   0.0169   0.0591   0.20    1.0
2026/04/23 07:37:14.300   3509418.8265    779143.4093   5250975.5038   2   9   0.0921   0.0523   0.0571   0.0364   0.0169   0.0591   0.30    1.0
2026/04/23 07:37:14.400   3509418.8263    779143.4092   5250975.5047   2   9   0.0921   0.0523   0.0571   0.0364   0.0169   0.0591   0.40    1.0
2026/04/23 07:37:14.500   3509418.8268    779143.4094   5250975.5056   2   9   0.0921   0.0523   0.0571   0.0364   0.0169   0.0591  -0.50    1.0
2026/04/23 07:37:14.600   3509418.8268    779143.4104   5250975.5065   2   9   0.0920   0.0523   0.0571   0.0364   0.0169   0.0591  -0.40    1.0
2026/04/23 07:37:14.700   3509418.8269    779143.4113   5250975.5076   2   9   0.0920   0.0523   0.0571   0.0364   0.0169   0.0590  -0.30    1.0
2026/04/23 07:37:14.800   3509418.8270    779143.4114   5250975.5079   2   9   0.0920   0.0522   0.0571   0.0364   0.0169   0.0590  -0.20    1.0
2026/04/23 07:37:14.900   3509418.8269    779143.4115   5250975.5082   2   9   0.0920   0.0522   0.0571   0.0364   0.0169   0.0590  -0.10    1.0
2026/04/23 07:37:15.000   3509418.8276    779143.4110   5250975.5084   2   9   0.0920   0.0522   0.0571   0.0364   0.0169   0.0590   0.00    1.0
2026/04/23 07:37:15.100   3509418.8276    779143.4106   5250975.5091   2   9   0.0920   0.0522   0.0570   0.0364   0.0169   0.0590   0.10    1.0
2026/04/23 07:37:15.200   3509418.8274    779143.4114   5250975.5096   2   9   0.0919   0.0522   0.0570   0.0364   0.0169   0.0590   0.20    1.0
2026/04/23 07:37:15.300   3509418.8279    779143.4113   5250975.5096   2   9   0.0919   0.0522   0.0570   0.0364   0.0169   0.0590   0.30    1.0
2026/04/23 07:37:15.400   3509418.8280    779143.4117   5250975.5100   2   9   0.0919   0.0522   0.0570   0.0364   0.0169   0.0590   0.40    1.0
2026/04/23 07:37:15.500   3509418.8274    779143.4119   5250975.5098   2   9   0.0919   0.0522   0.0570   0.0364   0.0169   0.0590  -0.50    1.0
2026/04/23 07:37:15.600   3509418.8266    779143.4125   5250975.5101   2   9   0.0919   0.0522   0.0570   0.0364   0.0169   0.0589  -0.40    1.0
2026/04/23 07:37:15.700   3509418.8261    779143.4134   5250975.5102   2   9   0.0919   0.0522   0.0570   0.0364   0.0169   0.0589  -0.30    1.0
2026/04/23 07:37:15.800   3509418.8262    779143.4143   5250975.5102   2   9   0.0918   0.0522   0.0570   0.0364   0.0169   0.0589  -0.20    1.0
2026/04/23 07:37:15.900   3509418.8260    779143.4148   5250975.5105   2   9   0.0918   0.0522   0.0570   0.0364   0.0169   0.0589  -0.10    1.0
2026/04/23 07:37:16.000   3509418.8263    779143.4154   5250975.5101   2   9   0.0918   0.0522   0.0570   0.0363   0.0169   0.0589   0.00    1.0
2026/04/23 07:37:16.100   3509418.8272    779143.4149   5250975.5101   2   9   0.0918   0.0522   0.0570   0.0363   0.0169   0.0589   0.10    1.0
2026/04/23 07:37:16.200   3509418.8273    779143.4148   5250975.5097   2   9   0.0918   0.0522   0.0570   0.0363   0.0169   0.0589   0.20    1.0
2026/04/23 07:37:16.300   3509418.8274    779143.4146   5250975.5094   2   9   0.0917   0.0522   0.0569   0.0363   0.0169   0.0589   0.30    1.0
2026/04/23 07:37:16.400   3509418.8271    779143.4150   5250975.5094   2   9   0.0917   0.0521   0.0569   0.0363   0.0169   0.0588   0.40    1.0
2026/04/23 07:37:16.500   3509418.8277    779143.4151   5250975.5093   2   9   0.0917   0.0521   0.0569   0.0363   0.0169   0.0588  -0.50    1.0
2026/04/23 07:37:16.600   3509418.8269    779143.4168   5250975.5086   2   9   0.0917   0.0521   0.0569   0.0363   0.0169   0.0588  -0.40    1.1
2026/04/23 07:37:16.700   3509418.8265    779143.4173   5250975.5077   2   9   0.0917   0.0521   0.0569   0.0363   0.0169   0.0588  -0.30    1.1
2026/04/23 07:37:16.800   3509418.8256    779143.4173   5250975.5071   2   9   0.0917   0.0521   0.0569   0.0363   0.0169   0.0588  -0.20    1.1
2026/04/23 07:37:16.900   3509418.8249    779143.4176   5250975.5064   2   9   0.0916   0.0521   0.0569   0.0363   0.0169   0.0588  -0.10    1.1
2026/04/23 07:37:17.000   3509418.8248    779143.4172   5250975.5064   2   9   0.0916   0.0521   0.0569   0.0363   0.0169   0.0588   0.00    1.1
2026/04/23 07:37:17.100   3509418.8246    779143.4167   5250975.5069   2   9   0.0916   0.0521   0.0569   0.0363   0.0169   0.0588   0.10    1.1
2026/04/23 07:37:17.200   3509418.8254    779143.4161   5250975.5074   2   9   0.0916   0.0521   0.0569   0.0363   0.0169   0.0587   0.20    1.1
2026/04/23 07:37:17.300   3509418.8253    779143.4162   5250975.5072   2   9   0.0916   0.0521   0.0569   0.0363   0.0169   0.0587   0.30    1.1
2026/04/23 07:37:17.400   3509418.8254    779143.4160   5250975.5078   2   9   0.0916   0.0521   0.0569   0.0363   0.0169   0.0587   0.40    1.1
2026/04/23 07:37:17.500   3509418.8257    779143.4161   5250975.5077   2   9   0.0915   0.0521   0.0568   0.0363   0.0169   0.0587  -0.50    1.1
2026/04/23 07:37:17.600   3509418.8259    779143.4162   5250975.5084   2   9   0.0915   0.0521   0.0568   0.0363   0.0169   0.0587  -0.40    1.1
2026/04/23 07:37:17.700   3509418.8263    779143.4158   5250975.5087   2   9   0.0915   0.0521   0.0568   0.0363   0.0169   0.0587  -0.30    1.1
2026/04/23 07:37:17.800   3509418.8270    779143.4151   5250975.5099   2   9   0.0915   0.0521   0.0568   0.0363   0.0169   0.0587  -0.20    1.1
2026/04/23 07:37:17.900   3509418.8286    779143.4136   5250975.5120   2   9   0.0915   0.0520   0.0568   0.0363   0.0169   0.0587  -0.10    1.1
2026/04/23 07:37:18.000   3509418.8299    779143.4132   5250975.5137   2   9   0.0914   0.0520   0.0568   0.0363   0.0169   0.0587   0.00    1.1
2026/04/23 07:37:18.100   3509418.8313    779143.4125   5250975.5142   2   9   0.0914   0.0520   0.0568   0.0363   0.0169   0.0586   0.10    1.1
2026/04/23 07:37:18.200   3509418.8321    779143.4116   5250975.5146   2   9   0.0914   0.0520   0.0568   0.0363   0.0169   0.0586   0.20    1.1
2026/04/23 07:37:18.300   3509418.8326    779143.4119   5250975.5153   2   9   0.0914   0.0520   0.0568   0.0363   0.0169   0.0586   0.30    1.1
2026/04/23 07:37:18.400   3509418.8327    779143.4120   5250975.5160   2   9   0.0914   0.0520   0.0568   0.0363   0.0169   0.0586   0.40    1.1
2026/04/23 07:37:18.500   3509418.8333    779143.4121   5250975.5163   2   9   0.0914   0.0520   0.0568   0.0363   0.0169   0.0586  -0.50    1.1
2026/04/23 07:37:18.600   3509418.8343    779143.4128   5250975.5155   2   9   0.0913   0.0520   0.0568   0.0363   0.0169   0.0586  -0.40    1.1
2026/04/23 07:37:18.700   3509418.8354    779143.4126   5250975.5155   2   9   0.0913   0.0520   0.0567   0.0362   0.0169   0.0586  -0.30    1.1
2026/04/23 07:37:18.800   3509418.8352    779143.4127   5250975.5153   2   9   0.0913   0.0520   0.0567   0.0362   0.0169   0.0586  -0.20    1.1
2026/04/23 07:37:18.900   3509418.8350    779143.4129   5250975.5154   2   9   0.0913   0.0520   0.0567   0.0362   0.0169   0.0585  -0.10    1.1
2026/04/23 07:37:19.000   3509418.8346    779143.4137   5250975.5152   2   9   0.0913   0.0520   0.0567   0.0362   0.0169   0.0585   0.00    1.1
2026/04/23 07:37:19.100   3509418.8345    779143.4138   5250975.5148   2   9   0.0913   0.0520   0.0567   0.0362   0.0169   0.0585   0.10    1.1
2026/04/23 07:37:19.200   3509418.8341    779143.4137   5250975.5141   2   9   0.0912   0.0520   0.0567   0.0362   0.0169   0.0585   0.20    1.1
2026/04/23 07:37:19.300   3509418.8332    779143.4144   5250975.5135   2   9   0.0912   0.0520   0.0567   0.0362   0.0169   0.0585   0.30    1.1
2026/04/23 07:37:19.400   3509418.8336    779143.4140   5250975.5137   2   9   0.0912   0.0520   0.0567   0.0362   0.0169   0.0585   0.40    1.1
2026/04/23 07:37:19.500   3509418.8343    779143.4138   5250975.5134   2   9   0.0912   0.0519   0.0567   0.0362   0.0169   0.0585  -0.50    1.1
2026/04/23 07:37:19.600   3509418.8352    779143.4128   5250975.5129   2   9   0.0912   0.0519   0.0567   0.0362   0.0168   0.0585  -0.40    1.1
2026/04/23 07:37:19.700   3509418.8356    779143.4122   5250975.5123   2   9   0.0911   0.0519   0.0566   0.0362   0.0168   0.0584  -0.30    1.1
2026/04/23 07:37:19.800   3509418.8359    779143.4122   5250975.5121   2   9   0.0911   0.0519   0.0566   0.0362   0.0168   0.0584  -0.20    1.1
2026/04/23 07:37:19.900   3509418.8356    779143.4121   5250975.5123   2   9   0.0911   0.0519   0.0566   0.0362   0.0168   0.0584  -0.10    1.1
2026/04/23 07:37:20.000   3509418.8360    779143.4122   5250975.5120   2   9   0.0911   0.0519   0.0566   0.0362   0.0168   0.0584   0.00    1.1
2026/04/23 07:37:20.100   3509418.8360    779143.4127   5250975.5117   2   9   0.0911   0.0519   0.0566   0.0362   0.0168   0.0584   0.10    1.1
2026/04/23 07:37:20.200   3509418.8359    779143.4126   5250975.5115   2   9   0.0911   0.0519   0.0566   0.0362   0.0168   0.0584   0.20    1.1
2026/04/23 07:37:20.300   3509418.8361    779143.4125   5250975.5113   2   9   0.0910   0.0519   0.0566   0.0362   0.0168   0.0584   0.30    1.1
2026/04/23 07:37:20.400   3509418.8360    779143.4129   5250975.5111   2   9   0.0910   0.0519   0.0566   0.0362   0.0168   0.0584   0.40    1.1
2026/04/23 07:37:20.500   3509418.8364    779143.4130   5250975.5112   2   9   0.0910   0.0519   0.0566   0.0362   0.0168   0.0583  -0.50    1.1
2026/04/23 07:37:20.600   3509418.8366    779143.4131   5250975.5118   2   9   0.0910   0.0519   0.0566   0.0362   0.0168   0.0583  -0.40    1.1
2026/04/23 07:37:20.700   3509418.8370    779143.4129   5250975.5121   2   9   0.0910   0.0519   0.0566   0.0362   0.0168   0.0583  -0.30    1.1
2026/04/23 07:37:20.800   3509418.8375    779143.4129   5250975.5128   2   9   0.0909   0.0519   0.0565   0.0362   0.0168   0.0583  -0.20    1.1
2026/04/23 07:37:20.900   3509418.8373    779143.4126   5250975.5132   2   9   0.0909   0.0519   0.0565   0.0362   0.0168   0.0583  -0.10    1.1
2026/04/23 07:37:21.000   3509418.8377    779143.4124   5250975.5130   2   9   0.0909   0.0518   0.0565   0.0362   0.0168   0.0583   0.00    1.1
2026/04/23 07:37:21.100   3509418.8384    779143.4122   5250975.5131   2   9   0.0909   0.0518   0.0565   0.0362   0.0168   0.0583   0.10    1.1
2026/04/23 07:37:21.200   3509418.8399    779143.4118   5250975.5132   2   9   0.0909   0.0518   0.0565   0.0361   0.0168   0.0583   0.20    1.1
2026/04/23 07:37:21.300   3509418.8403    779143.4118   5250975.5135   2   9   0.0909   0.0518   0.0565   0.0361   0.0168   0.0582   0.30    1.1
2026/04/23 07:37:21.400   3509418.8407    779143.4114   5250975.5138   2   9   0.0908   0.0518   0.0565   0.0361   0.0168   0.0582   0.40    1.1
2026/04/23 07:37:21.500   3509418.8416    779143.4116   5250975.5142   2   9   0.0908   0.0518   0.0565   0.0361   0.0168   0.0582  -0.50    1.1
2026/04/23 07:37:21.600   3509418.8433    779143.4121   5250975.5144   2   9   0.0908   0.0518   0.0565   0.0361   0.0168   0.0582  -0.40    1.1
2026/04/23 07:37:21.700   3509418.8446    779143.4126   5250975.5149   2   9   0.0908   0.0518   0.0565   0.0361   0.0168   0.0582  -0.30    1.1
2026/04/23 07:37:21.800   3509418.8464    779143.4122   5250975.5142   2   9   0.0908   0.0518   0.0565   0.0361   0.0168   0.0582  -0.20    1.1
2026/04/23 07:37:21.900   3509418.8478    779143.4122   5250975.5148   2   9   0.0907   0.0518   0.0564   0.0361   0.0168   0.0582  -0.10    1.1
2026/04/23 07:37:22.000   3509418.8487    779143.4116   5250975.5157   2   9   0.0907   0.0518   0.0564   0.0361   0.0168   0.0582   0.00    1.1
2026/04/23 07:37:22.100   3509418.8498    779143.4114   5250975.5167   2   9   0.0907   0.0518   0.0564   0.0361   0.0168   0.0581   0.10    1.1
2026/04/23 07:37:22.200   3509418.8498    779143.4112   5250975.5179   2   9   0.0907   0.0518   0.0564   0.0361   0.0168   0.0581   0.20    1.1
2026/04/23 07:37:22.300   3509418.8505    779143.4108   5250975.5189   2   9   0.0907   0.0518   0.0564   0.0361   0.0168   0.0581   0.30    1.1
2026/04/23 07:37:22.400   3509418.8515    779143.4112   5250975.5196   2   9   0.0907   0.0518   0.0564   0.0361   0.0168   0.0581   0.40    1.1
2026/04/23 07:37:22.500   3509418.8519    779143.4112   5250975.5204   2   9   0.0906   0.0518   0.0564   0.0361   0.0168   0.0581  -0.50    1.1
2026/04/23 07:37:22.600   3509418.8531    779143.4111   5250975.5205   2   9   0.0906   0.0517   0.0564   0.0361   0.0168   0.0581  -0.40    1.1
2026/04/23 07:37:22.700   3509418.8536    779143.4112   5250975.5213   2   9   0.0906   0.0517   0.0564   0.0361   0.0168   0.0581  -0.30    1.1
2026/04/23 07:37:22.800   3509418.8539    779143.4111   5250975.5227   2   9   0.0906   0.0517   0.0564   0.0361   0.0168   0.0580  -0.20    1.1
2026/04/23 07:37:22.900   3509418.8539    779143.4109   5250975.5235   2   9   0.0906   0.0517   0.0563   0.0361   0.0168   0.0580  -0.10    1.1
2026/04/23 07:37:23.000   3509418.8540    779143.4111   5250975.5243   2   9   0.0905   0.0517   0.0563   0.0361   0.0168   0.0580   0.00    1.1
2026/04/23 07:37:23.100   3509418.8541    779143.4117   5250975.5246   2   9   0.0905   0.0517   0.0563   0.0361   0.0168   0.0580   0.10    1.1
2026/04/23 07:37:23.200   3509418.8537    779143.4121   5250975.5247   2   9   0.0905   0.0517   0.0563   0.0361   0.0168   0.0580   0.20    1.1
2026/04/23 07:37:23.300   3509418.8543    779143.4121   5250975.5250   2   9   0.0905   0.0517   0.0563   0.0361   0.0168   0.0580   0.30    1.1
2026/04/23 07:37:23.400   3509418.8543    779143.4122   5250975.5247   2   9   0.0905   0.0517   0.0563   0.0361   0.0168   0.0580   0.40    1.1
2026/04/23 07:37:23.500   3509418.8542    779143.4127   5250975.5241   2   9   0.0905   0.0517   0.0563   0.0360   0.0168   0.0580  -0.50    1.1
2026/04/23 07:37:23.600   3509418.8539    779143.4136   5250975.5236   2   9   0.0904   0.0517   0.0563   0.0360   0.0168   0.0579  -0.40    1.1
2026/04/23 07:37:23.700   3509418.8531    779143.4134   5250975.5233   2   9   0.0904   0.0517   0.0563   0.0360   0.0168   0.0579  -0.30    1.1
2026/04/23 07:37:23.800   3509418.8526    779143.4135   5250975.5237   2   9   0.0904   0.0517   0.0563   0.0360   0.0167   0.0579  -0.20    1.1
2026/04/23 07:37:23.900   3509418.8527    779143.4135   5250975.5241   2   9   0.0904   0.0517   0.0562   0.0360   0.0167   0.0579  -0.10    1.1
2026/04/23 07:37:24.000   3509418.8534    779143.4130   5250975.5241   2   9   0.0904   0.0517   0.0562   0.0360   0.0167   0.0579   0.00    1.1
2026/04/23 07:37:24.100   3509418.8545    779143.4128   5250975.5238   2   9   0.0903   0.0516   0.0562   0.0360   0.0167   0.0579   0.10    1.1
2026/04/23 07:37:24.200   3509418.8563    779143.4131   5250975.5234   2   9   0.0903   0.0516   0.0562   0.0360   0.0167   0.0579   0.20    1.1
2026/04/23 07:37:24.300   3509418.8584    779143.4129   5250975.5239   2   9   0.0903   0.0516   0.0562   0.0360   0.0167   0.0579   0.30    1.1
2026/04/23 07:37:24.400   3509418.8608    779143.4124   5250975.5244   2   9   0.0903   0.0516   0.0562   0.0360   0.0167   0.0578   0.40    1.1
2026/04/23 07:37:24.500   3509418.8629    779143.4117   5250975.5245   2   9   0.0903   0.0516   0.0562   0.0360   0.0167   0.0578  -0.50    1.1
2026/04/23 07:37:24.600   3509418.8646    779143.4113   5250975.5242   2   9   0.0903   0.0516   0.0562   0.0360   0.0167   0.0578  -0.40    1.1
2026/04/23 07:37:24.700   3509418.8666    779143.4108   5250975.5241   2   9   0.0902   0.0516   0.0562   0.0360   0.0167   0.0578  -0.30    1.1
2026/04/23 07:37:24.800   3509418.8688    779143.4101   5250975.5247   2   9   0.0902   0.0516   0.0562   0.0360   0.0167   0.0578  -0.20    1.1
2026/04/23 07:37:24.900   3509418.8707    779143.4097   5250975.5257   2   9   0.0902   0.0516   0.0561   0.0360   0.0167   0.0578  -0.10    1.1
2026/04/23 07:37:25.000   3509418.8725    779143.4093   5250975.5263   2   9   0.0902   0.0516   0.0561   0.0360   0.0167   0.0578   0.00    1.1
2026/04/23 07:37:25.100   3509418.8739    779143.4095   5250975.5273   2   9   0.0902   0.0516   0.0561   0.0360   0.0167   0.0577   0.10    1.1
2026/04/23 07:37:25.200   3509418.8750    779143.4097   5250975.5283   2   9   0.0901   0.0516   0.0561   0.0360   0.0167   0.0577   0.20    1.1
2026/04/23 07:37:25.300   3509418.8752    779143.4099   5250975.5292   2   9   0.0901   0.0516   0.0561   0.0360   0.0167   0.0577   0.30    1.1
2026/04/23 07:37:25.400   3509418.8751    779143.4103   5250975.5300   2   9   0.0901   0.0516   0.0561   0.0360   0.0167   0.0577   0.40    1.1
2026/04/23 07:37:25.500   3509418.8754    779143.4103   5250975.5298   2   9   0.0901   0.0516   0.0561   0.0360   0.0167   0.0577  -0.50    1.1
2026/04/23 07:37:25.600   3509418.8756    779143.4107   5250975.5307   2   9   0.0901   0.0516   0.0561   0.0360   0.0167   0.0577  -0.40    1.1
2026/04/23 07:37:25.700   3509418.8750    779143.4104   5250975.5312   2   9   0.0901   0.0515   0.0561   0.0359   0.0167   0.0577  -0.30    1.1
2026/04/23 07:37:25.800   3509418.8750    779143.4105   5250975.5310   2   9   0.0900   0.0515   0.0561   0.0359   0.0167   0.0577  -0.20    1.1
2026/04/23 07:37:25.900   3509418.8751    779143.4104   5250975.5313   2   9   0.0900   0.0515   0.0560   0.0359   0.0167   0.0576  -0.10    1.1
2026/04/23 07:37:26.000   3509418.8756    779143.4102   5250975.5319   2   9   0.0900   0.0515   0.0560   0.0359   0.0167   0.0576   0.00    1.1
2026/04/23 07:37:26.100   3509418.8765    779143.4107   5250975.5318   2   9   0.0900   0.0515   0.0560   0.0359   0.0167   0.0576   0.10    1.1
2026/04/23 07:37:26.200   3509418.8772    779143.4115   5250975.5322   2   9   0.0900   0.0515   0.0560   0.0359   0.0167   0.0576   0.20    1.1
2026/04/23 07:37:26.300   3509418.8776    779143.4120   5250975.5321   2   9   0.0899   0.0515   0.0560   0.0359   0.0167   0.0576   0.30    1.1
2026/04/23 07:37:26.400   3509418.8779    779143.4122   5250975.5321   2   9   0.0899   0.0515   0.0560   0.0359   0.0167   0.0576   0.40    1.1
2026/04/23 07:37:26.500   3509418.8784    779143.4124   5250975.5322   2   9   0.0899   0.0515   0.0560   0.0359   0.0167   0.0576  -0.50    1.1
2026/04/23 07:37:26.600   3509418.8794    779143.4121   5250975.5327   2   9   0.0899   0.0515   0.0560   0.0359   0.0167   0.0575  -0.40    1.1
2026/04/23 07:37:26.700   3509418.8797    779143.4124   5250975.5336   2   9   0.0899   0.0515   0.0560   0.0359   0.0167   0.0575  -0.30    1.1
2026/04/23 07:37:26.800   3509418.8806    779143.4119   5250975.5338   2   9   0.0898   0.0515   0.0559   0.0359   0.0167   0.0575  -0.20    1.1
2026/04/23 07:37:26.900   3509418.8817    779143.4113   5250975.5348   2   9   0.0898   0.0515   0.0559   0.0359   0.0167   0.0575  -0.10    1.1
2026/04/23 07:37:27.000   3509418.8824    779143.4113   5250975.5362   2   9   0.0898   0.0515   0.0559   0.0359   0.0167   0.0575   0.00    1.1
2026/04/23 07:37:27.100   3509418.8826    779143.4113   5250975.5372   2   9   0.0898   0.0515   0.0559   0.0359   0.0166   0.0575   0.10    1.1
2026/04/23 07:37:27.200   3509418.8838    779143.4109   5250975.5377   2   9   0.0898   0.0514   0.0559   0.0359   0.0166   0.0575   0.20    1.1
2026/04/23 07:37:27.300   3509418.8853    779143.4105   5250975.5386   2   9   0.0898   0.0514   0.0559   0.0359   0.0166   0.0574   0.30    1.1
2026/04/23 07:37:27.400   3509418.8876    779143.4103   5250975.5392   2   9   0.0897   0.0514   0.0559   0.0359   0.0166   0.0574   0.40    1.1
2026/04/23 07:37:27.500   3509418.8900    779143.4100   5250975.5391   2   9   0.0897   0.0514   0.0559   0.0359   0.0166   0.0574  -0.50    1.1
2026/04/23 07:37:27.600   3509418.8927    779143.4100   5250975.5397   2   9   0.0897   0.0514   0.0559   0.0359   0.0166   0.0574  -0.40    1.1
2026/04/23 07:37:27.700   3509418.8943    779143.4098   5250975.5403   2   9   0.0897   0.0514   0.0559   0.0359   0.0166   0.0574  -0.30    1.1
2026/04/23 07:37:27.800   3509418.8964    779143.4098   5250975.5412   2   9   0.0897   0.0514   0.0558   0.0358   0.0166   0.0574  -0.20    1.1
2026/04/23 07:37:27.900   3509418.8987    779143.4091   5250975.5423   2   9   0.0896   0.0514   0.0558   0.0358   0.0166   0.0574  -0.10    1.1
2026/04/23 07:37:28.000   3509418.9012    779143.4089   5250975.5428   2   9   0.0896   0.0514   0.0558   0.0358   0.0166   0.0574   0.00    1.1
2026/04/23 07:37:28.100   3509418.9029    779143.4086   5250975.5439   2   9   0.0896   0.0514   0.0558   0.0358   0.0166   0.0573   0.10    1.1
2026/04/23 07:37:28.200   3509418.9042    779143.4084   5250975.5450   2   9   0.0896   0.0514   0.0558   0.0358   0.0166   0.0573   0.20    1.1
2026/04/23 07:37:28.300   3509418.9055    779143.4089   5250975.5465   2   9   0.0896   0.0514   0.0558   0.0358   0.0166   0.0573   0.30    1.1
2026/04/23 07:37:28.400   3509418.9072    779143.4089   5250975.5482   2   9   0.0895   0.0514   0.0558   0.0358   0.0166   0.0573   0.40    1.1
2026/04/23 07:37:28.500   3509418.9083    779143.4089   5250975.5490   2   9   0.0895   0.0514   0.0558   0.0358   0.0166   0.0573  -0.50    1.1
2026/04/23 07:37:28.600   3509418.9094    779143.4091   5250975.5499   2   9   0.0895   0.0514   0.0558   0.0358   0.0166   0.0573  -0.40    1.1
2026/04/23 07:37:28.700   3509418.9103    779143.4089   5250975.5514   2   9   0.0895   0.0514   0.0557   0.0358   0.0166   0.0573  -0.30    1.1
2026/04/23 07:37:28.800   3509418.9106    779143.4089   5250975.5535   2   9   0.0895   0.0513   0.0557   0.0358   0.0166   0.0572  -0.20    1.1
2026/04/23 07:37:28.900   3509418.9119    779143.4091   5250975.5547   2   9   0.0894   0.0513   0.0557   0.0358   0.0166   0.0572  -0.10    1.1
2026/04/23 07:37:29.000   3509418.9124    779143.4088   5250975.5563   2   9   0.0894   0.0513   0.0557   0.0358   0.0166   0.0572   0.00    1.1
2026/04/23 07:37:29.100   3509418.9132    779143.4086   5250975.5575   2   9   0.0894   0.0513   0.0557   0.0358   0.0166   0.0572   0.10    1.1
2026/04/23 07:37:29.200   3509418.9150    779143.4079   5250975.5585   2   9   0.0894   0.0513   0.0557   0.0358   0.0166   0.0572   0.20    1.1
2026/04/23 07:37:29.300   3509418.9163    779143.4075   5250975.5593   2   9   0.0894   0.0513   0.0557   0.0358   0.0166   0.0572   0.30    1.1
2026/04/23 07:37:29.400   3509418.9173    779143.4074   5250975.5608   2   9   0.0894   0.0513   0.0557   0.0358   0.0166   0.0572   0.40    1.1
2026/04/23 07:37:29.500   3509418.9184    779143.4079   5250975.5622   2   9   0.0893   0.0513   0.0557   0.0358   0.0166   0.0571  -0.50    1.1
2026/04/23 07:37:29.600   3509418.9199    779143.4082   5250975.5634   2   9   0.0893   0.0513   0.0557   0.0358   0.0166   0.0571  -0.40    1.1
2026/04/23 07:37:29.700   3509418.9199    779143.4082   5250975.5653   2   9   0.0893   0.0513   0.0556   0.0358   0.0166   0.0571  -0.30    1.1
2026/04/23 07:37:29.800   3509418.9207    779143.4079   5250975.5666   2   9   0.0893   0.0513   0.0556   0.0357   0.0166   0.0571  -0.20    1.1
2026/04/23 07:37:29.900   3509418.9203    779143.4078   5250975.5677   2   9   0.0893   0.0513   0.0556   0.0357   0.0166   0.0571  -0.10    1.1
2026/04/23 07:37:30.000   3509418.9211    779143.4075   5250975.5681   2   9   0.0892   0.0513   0.0556   0.0357   0.0165   0.0571   0.00    1.1
2026/04/23 07:37:30.100   3509418.9224    779143.4078   5250975.5684   2   9   0.0892   0.0513   0.0556   0.0357   0.0165   0.0571   0.10    1.1
2026/04/23 07:37:30.200   3509418.9233    779143.4069   5250975.5684   2   9   0.0892   0.0513   0.0556   0.0357   0.0165   0.0570   0.20    1.1
2026/04/23 07:37:30.300   3509418.9244    779143.4066   5250975.5681   2   9   0.0892   0.0513   0.0556   0.0357   0.0165   0.0570   0.30    1.1
2026/04/23 07:37:30.400   3509418.9244    779143.4068   5250975.5690   2   9   0.0892   0.0512   0.0556   0.0357   0.0165   0.0570   0.40    1.1
2026/04/23 07:37:30.500   3509418.9242    779143.4063   5250975.5692   2   9   0.0891   0.0512   0.0556   0.0357   0.0165   0.0570  -0.50    1.1
2026/04/23 07:37:30.600   3509418.9244    779143.4063   5250975.5688   2   9   0.0891   0.0512   0.0555   0.0357   0.0165   0.0570  -0.40    1.1
2026/04/23 07:37:30.700   3509418.9250    779143.4062   5250975.5685   2   9   0.0891   0.0512   0.0555   0.0357   0.0165   0.0570  -0.30    1.1
2026/04/23 07:37:30.800   3509418.9250    779143.4069   5250975.5686   2   9   0.0891   0.0512   0.0555   0.0357   0.0165   0.0570  -0.20    1.1
2026/04/23 07:37:30.900   3509418.9258    779143.4069   5250975.5684   2   9   0.0891   0.0512   0.0555   0.0357   0.0165   0.0569  -0.10    1.1
2026/04/23 07:37:31.000   3509418.9258    779143.4065   5250975.5685   2   9   0.0890   0.0512   0.0555   0.0357   0.0165   0.0569   0.00    1.1
2026/04/23 07:37:31.100   3509418.9257    779143.4062   5250975.5688   2   9   0.0890   0.0512   0.0555   0.0357   0.0165   0.0569   0.10    1.1
2026/04/23 07:37:31.200   3509418.9257    779143.4059   5250975.5689   2   9   0.0890   0.0512   0.0555   0.0357   0.0165   0.0569   0.20    1.1
2026/04/23 07:37:31.300   3509418.9266    779143.4058   5250975.5692   2   9   0.0890   0.0512   0.0555   0.0357   0.0165   0.0569   0.30    1.1
2026/04/23 07:37:31.400   3509418.9271    779143.4052   5250975.5699   2   9   0.0890   0.0512   0.0554   0.0357   0.0165   0.0569   0.40    1.1
2026/04/23 07:37:31.500   3509418.9278    779143.4049   5250975.5700   2   9   0.0890   0.0512   0.0554   0.0357   0.0165   0.0569  -0.50    1.1
2026/04/23 07:37:31.600   3509418.9280    779143.4056   5250975.5703   2   9   0.0889   0.0512   0.0554   0.0357   0.0165   0.0568  -0.40    1.1
2026/04/23 07:37:31.700   3509418.9280    779143.4055   5250975.5706   2   9   0.0889   0.0512   0.0554   0.0357   0.0165   0.0568  -0.30    1.1
2026/04/23 07:37:31.800   3509418.9273    779143.4056   5250975.5712   2   9   0.0889   0.0512   0.0554   0.0356   0.0165   0.0568  -0.20    1.1
2026/04/23 07:37:31.900   3509418.9275    779143.4062   5250975.5718   2   9   0.0889   0.0511   0.0554   0.0356   0.0165   0.0568  -0.10    1.1
2026/04/23 07:37:32.000   3509418.9280    779143.4060   5250975.5716   2   9   0.0889   0.0511   0.0554   0.0356   0.0165   0.0568   0.00    1.1
2026/04/23 07:37:32.100   3509418.9285    779143.4063   5250975.5717   2   9   0.0888   0.0511   0.0554   0.0356   0.0165   0.0568   0.10    1.1
2026/04/23 07:37:32.200   3509418.9294    779143.4066   5250975.5722   2   9   0.0888   0.0511   0.0554   0.0356   0.0165   0.0568   0.20    1.1
2026/04/23 07:37:32.300   3509418.9299    779143.4063   5250975.5728   2   9   0.0888   0.0511   0.0553   0.0356   0.0165   0.0567   0.30    1.1
2026/04/23 07:37:32.400   3509418.9307    779143.4062   5250975.5730   2   9   0.0888   0.0511   0.0553   0.0356   0.0165   0.0567   0.40    1.1
2026/04/23 07:37:32.500   3509418.9319    779143.4066   5250975.5733   2   9   0.0888   0.0511   0.0553   0.0356   0.0165   0.0567  -0.50    1.1
2026/04/23 07:37:32.600   3509418.9321    779143.4066   5250975.5731   2   9   0.0887   0.0511   0.0553   0.0356   0.0165   0.0567  -0.40    1.1
2026/04/23 07:37:32.700   3509418.9328    779143.4059   5250975.5735   2   9   0.0887   0.0511   0.0553   0.0356   0.0164   0.0567  -0.30    1.1
2026/04/23 07:37:32.800   3509418.9336    779143.4058   5250975.5742   2   9   0.0887   0.0511   0.0553   0.0356   0.0164   0.0567  -0.20    1.1
2026/04/23 07:37:32.900   3509418.9353    779143.4056   5250975.5750   2   9   0.0887   0.0511   0.0553   0.0356   0.0164   0.0567  -0.10    1.1
2026/04/23 07:37:33.000   3509418.9365    779143.4050   5250975.5758   2   9   0.0887   0.0511   0.0553   0.0356   0.0164   0.0566   0.00    1.1
2026/04/23 07:37:33.100   3509418.9389    779143.4048   5250975.5760   2   9   0.0886   0.0511   0.0553   0.0356   0.0164   0.0566   0.10    1.1
2026/04/23 07:37:33.200   3509418.9401    779143.4046   5250975.5766   2   9   0.0886   0.0511   0.0552   0.0356   0.0164   0.0566   0.20    1.1
2026/04/23 07:37:33.300   3509418.9407    779143.4043   5250975.5771   2   9   0.0886   0.0511   0.0552   0.0356   0.0164   0.0566   0.30    1.1
2026/04/23 07:37:33.400   3509418.9415    779143.4048   5250975.5778   2   9   0.0886   0.0511   0.0552   0.0356   0.0164   0.0566   0.40    1.1
2026/04/23 07:37:33.500   3509418.9422    779143.4052   5250975.5776   2   9   0.0886   0.0510   0.0552   0.0356   0.0164   0.0566  -0.50    1.1
2026/04/23 07:37:33.600   3509418.9422    779143.4061   5250975.5769   2   9   0.0885   0.0510   0.0552   0.0356   0.0164   0.0566  -0.40    1.1
2026/04/23 07:37:33.700   3509418.9421    779143.4065   5250975.5774   2   9   0.0885   0.0510   0.0552   0.0355   0.0164   0.0565  -0.30    1.1
2026/04/23 07:37:33.800   3509418.9425    779143.4071   5250975.5783   2   9   0.0885   0.0510   0.0552   0.0355   0.0164   0.0565  -0.20    1.1
2026/04/23 07:37:33.900   3509418.9426    779143.4074   5250975.5782   2   9   0.0885   0.0510   0.0552   0.0355   0.0164   0.0565  -0.10    1.1
2026/04/23 07:37:34.000   3509418.9421    779143.4078   5250975.5786   2   9   0.0885   0.0510   0.0551   0.0355   0.0164   0.0565   0.00    1.1
2026/04/23 07:37:34.100   3509418.9417    779143.4079   5250975.5789   2   9   0.0884   0.0510   0.0551   0.0355   0.0164   0.0565   0.10    1.1
2026/04/23 07:37:34.200   3509418.9414    779143.4082   5250975.5795   2   9   0.0884   0.0510   0.0551   0.0355   0.0164   0.0565   0.20    1.1
2026/04/23 07:37:34.300   3509418.9412    779143.4085   5250975.5794   2   9   0.0884   0.0510   0.0551   0.0355   0.0164   0.0564   0.30    1.1
2026/04/23 07:37:34.400   3509418.9407    779143.4082   5250975.5793   2   9   0.0884   0.0510   0.0551   0.0355   0.0164   0.0564   0.40    1.1
2026/04/23 07:37:34.500   3509418.9403    779143.4081   5250975.5788   2   9   0.0884   0.0510   0.0551   0.0355   0.0164   0.0564  -0.50    1.1
2026/04/23 07:37:34.600   3509418.9397    779143.4079   5250975.5788   2   9   0.0884   0.0510   0.0551   0.0355   0.0164   0.0564  -0.40    1.1
2026/04/23 07:37:34.700   3509418.9397    779143.4083   5250975.5784   2   9   0.0883   0.0510   0.0551   0.0355   0.0164   0.0564  -0.30    1.1
2026/04/23 07:37:34.800   3509418.9392    779143.4083   5250975.5786   2   9   0.0883   0.0510   0.0551   0.0355   0.0164   0.0564  -0.20    1.1
2026/04/23 07:37:34.900   3509418.9384    779143.4082   5250975.5779   2   9   0.0883   0.0510   0.0550   0.0355   0.0164   0.0564  -0.10    1.1
2026/04/23 07:37:35.000   3509418.9379    779143.4083   5250975.5771   2   9   0.0883   0.0509   0.0550   0.0355   0.0163   0.0563   0.00    1.1
2026/04/23 07:37:35.100   3509418.9365    779143.4086   5250975.5764   2   9   0.0883   0.0509   0.0550   0.0355   0.0163   0.0563   0.10    1.1
2026/04/23 07:37:35.200   3509418.9355    779143.4082   5250975.5758   2   9   0.0882   0.0509   0.0550   0.0355   0.0163   0.0563   0.20    1.1
2026/04/23 07:37:35.300   3509418.9352    779143.4077   5250975.5749   2   9   0.0882   0.0509   0.0550   0.0355   0.0163   0.0563   0.30    1.1
2026/04/23 07:37:35.400   3509418.9351    779143.4078   5250975.5747   2   9   0.0882   0.0509   0.0550   0.0355   0.0163   0.0563   0.40    1.1
2026/04/23 07:37:35.500   3509418.9345    779143.4083   5250975.5743   2   9   0.0882   0.0509   0.0550   0.0354   0.0163   0.0563  -0.50    1.1
2026/04/23 07:37:35.600   3509418.9340    779143.4084   5250975.5750   2   9   0.0882   0.0509   0.0550   0.0354   0.0163   0.0563  -0.40    1.1
2026/04/23 07:37:35.700   3509418.9342    779143.4088   5250975.5753   2   9   0.0881   0.0509   0.0549   0.0354   0.0163   0.0562  -0.30    1.1
2026/04/23 07:37:35.800   3509418.9351    779143.4087   5250975.5757   2   9   0.0881   0.0509   0.0549   0.0354   0.0163   0.0562  -0.20    1.1
2026/04/23 07:37:35.900   3509418.9358    779143.4085   5250975.5767   2   9   0.0881   0.0509   0.0549   0.0354   0.0163   0.0562  -0.10    1.1
2026/04/23 07:37:36.000   3509418.9362    779143.4086   5250975.5775   2   9   0.0881   0.0509   0.0549   0.0354   0.0163   0.0562   0.00    1.1
2026/04/23 07:37:36.100   3509418.9369    779143.4084   5250975.5780   2   9   0.0881   0.0509   0.0549   0.0354   0.0163   0.0562   0.10    1.1
2026/04/23 07:37:36.200   3509418.9372    779143.4088   5250975.5779   2   9   0.0880   0.0509   0.0549   0.0354   0.0163   0.0562   0.20    1.1
2026/04/23 07:37:36.300   3509418.9373    779143.4088   5250975.5778   2   9   0.0880   0.0509   0.0549   0.0354   0.0163   0.0561   0.30    1.1
2026/04/23 07:37:36.400   3509418.9381    779143.4090   5250975.5780   2   9   0.0880   0.0509   0.0549   0.0354   0.0163   0.0561   0.40    1.1
2026/04/23 07:37:36.500   3509418.9386    779143.4091   5250975.5780   2   9   0.0880   0.0509   0.0549   0.0354   0.0163   0.0561  -0.50    1.1
2026/04/23 07:37:36.600   3509418.9389    779143.4096   5250975.5775   2   9   0.0880   0.0508   0.0548   0.0354   0.0163   0.0561  -0.40    1.1
2026/04/23 07:37:36.700   3509418.9397    779143.4103   5250975.5777   2   9   0.0879   0.0508   0.0548   0.0354   0.0163   0.0561  -0.30    1.1
2026/04/23 07:37:36.800   3509418.9400    779143.4107   5250975.5776   2   9   0.0879   0.0508   0.0548   0.0354   0.0163   0.0561  -0.20    1.1
2026/04/23 07:37:36.900   3509418.9403    779143.4111   5250975.5768   2   9   0.0879   0.0508   0.0548   0.0354   0.0163   0.0561  -0.10    1.1
2026/04/23 07:37:37.000   3509418.9406    779143.4108   5250975.5766   2   9   0.0879   0.0508   0.0548   0.0354   0.0163   0.0560   0.00    1.1
2026/04/23 07:37:37.100   3509418.9405    779143.4108   5250975.5765   2   9   0.0879   0.0508   0.0548   0.0354   0.0163   0.0560   0.10    1.1
2026/04/23 07:37:37.200   3509418.9410    779143.4112   5250975.5762   2   9   0.0878   0.0508   0.0548   0.0353   0.0162   0.0560   0.20    1.1
2026/04/23 07:37:37.300   3509418.9414    779143.4113   5250975.5761   2   9   0.0878   0.0508   0.0548   0.0353   0.0162   0.0560   0.30    1.1
2026/04/23 07:37:37.400   3509418.9414    779143.4109   5250975.5764   2   9   0.0878   0.0508   0.0547   0.0353   0.0162   0.0560   0.40    1.1
2026/04/23 07:37:37.500   3509418.9414    779143.4105   5250975.5765   2   9   0.0878   0.0508   0.0547   0.0353   0.0162   0.0560  -0.50    1.1
2026/04/23 07:37:37.600   3509418.9412    779143.4093   5250975.5771   2   9   0.0878   0.0508   0.0547   0.0353   0.0162   0.0559  -0.40    1.1
2026/04/23 07:37:37.700   3509418.9415    779143.4090   5250975.5778   2   9   0.0877   0.0508   0.0547   0.0353   0.0162   0.0559  -0.30    1.1
2026/04/23 07:37:37.800   3509418.9412    779143.4091   5250975.5787   2   9   0.0877   0.0508   0.0547   0.0353   0.0162   0.0559  -0.20    1.1
2026/04/23 07:37:37.900   3509418.9413    779143.4088   5250975.5790   2   9   0.0877   0.0508   0.0547   0.0353   0.0162   0.0559  -0.10    1.1
2026/04/23 07:37:38.000   3509418.9411    779143.4085   5250975.5796   2   9   0.0877   0.0508   0.0547   0.0353   0.0162   0.0559   0.00    1.1
2026/04/23 07:37:38.100   3509418.9410    779143.4094   5250975.5805   2   9   0.0877   0.0507   0.0547   0.0353   0.0162   0.0559   0.10    1.1
2026/04/23 07:37:38.200   3509418.9414    779143.4096   5250975.5813   2   9   0.0876   0.0507   0.0546   0.0353   0.0162   0.0559   0.20    1.1
2026/04/23 07:37:38.300   3509418.9419    779143.4098   5250975.5821   2   9   0.0876   0.0507   0.0546   0.0353   0.0162   0.0558   0.30    1.1
2026/04/23 07:37:38.400   3509418.9424    779143.4104   5250975.5829   2   9   0.0876   0.0507   0.0546   0.0353   0.0162   0.0558   0.40    1.1
2026/04/23 07:37:38.500   3509418.9430    779143.4104   5250975.5842   2   9   0.0876   0.0507   0.0546   0.0353   0.0162   0.0558  -0.50    1.1
2026/04/23 07:37:38.600   3509418.9434    779143.4107   5250975.5852   2   9   0.0876   0.0507   0.0546   0.0353   0.0162   0.0558  -0.40    1.1
2026/04/23 07:37:38.700   3509418.9439    779143.4106   5250975.5854   2   9   0.0875   0.0507   0.0546   0.0353   0.0162   0.0558  -0.30    1.1
2026/04/23 07:37:38.800   3509418.9443    779143.4101   5250975.5863   2   9   0.0875   0.0507   0.0546   0.0353   0.0162   0.0558  -0.20    1.1
2026/04/23 07:37:38.900   3509418.9453    779143.4101   5250975.5871   2   9   0.0875   0.0507   0.0546   0.0353   0.0162   0.0557  -0.10    1.1
2026/04/23 07:37:39.000   3509418.9461    779143.4104   5250975.5881   2   9   0.0875   0.0507   0.0545   0.0352   0.0162   0.0557   0.00    1.1
2026/04/23 07:37:39.100   3509418.9473    779143.4106   5250975.5886   2   9   0.0875   0.0507   0.0545   0.0352   0.0162   0.0557   0.10    1.1
2026/04/23 07:37:39.200   3509418.9484    779143.4112   5250975.5894   2   9   0.0874   0.0507   0.0545   0.0352   0.0162   0.0557   0.20    1.1
2026/04/23 07:37:39.300   3509418.9494    779143.4112   5250975.5900   2   9   0.0874   0.0507   0.0545   0.0352   0.0161   0.0557   0.30    1.1
2026/04/23 07:37:39.400   3509418.9497    779143.4109   5250975.5915   2   9   0.0874   0.0507   0.0545   0.0352   0.0161   0.0557   0.40    1.1
2026/04/23 07:37:39.500   3509418.9504    779143.4111   5250975.5919   2   9   0.0874   0.0507   0.0545   0.0352   0.0161   0.0557  -0.50    1.1
2026/04/23 07:37:39.600   3509418.9503    779143.4109   5250975.5929   2   9   0.0874   0.0507   0.0545   0.0352   0.0161   0.0556  -0.40    1.1
2026/04/23 07:37:39.700   3509418.9508    779143.4103   5250975.5931   2   9   0.0873   0.0506   0.0545   0.0352   0.0161   0.0556  -0.30    1.1
2026/04/23 07:37:39.800   3509418.9510    779143.4102   5250975.5936   2   9   0.0873   0.0506   0.0544   0.0352   0.0161   0.0556  -0.20    1.1
2026/04/23 07:37:39.900   3509418.9508    779143.4104   5250975.5937   2   9   0.0873   0.0506   0.0544   0.0352   0.0161   0.0556  -0.10    1.1
2026/04/23 07:37:40.000   3509418.9504    779143.4105   5250975.5945   2   9   0.0873   0.0506   0.0544   0.0352   0.0161   0.0556   0.00    1.1
2026/04/23 07:37:40.100   3509418.9512    779143.4102   5250975.5946   2   9   0.0873   0.0506   0.0544   0.0352   0.0161   0.0556   0.10    1.1
2026/04/23 07:37:40.200   3509418.9519    779143.4103   5250975.5948   2   9   0.0872   0.0506   0.0544   0.0352   0.0161   0.0555   0.20    1.1
2026/04/23 07:37:40.300   3509418.9524    779143.4109   5250975.5948   2   9   0.0872   0.0506   0.0544   0.0352   0.0161   0.0555   0.30    1.1
2026/04/23 07:37:40.400   3509418.9534    779143.4111   5250975.5939   2   9   0.0872   0.0506   0.0544   0.0352   0.0161   0.0555   0.40    1.1
2026/04/23 07:37:40.500   3509418.9544    779143.4114   5250975.5936   2   9   0.0872   0.0506   0.0544   0.0352   0.0161   0.0555  -0.50    1.1
2026/04/23 07:37:40.600   3509418.9553    779143.4116   5250975.5934   2   9   0.0872   0.0506   0.0543   0.0352   0.0161   0.0555  -0.40    1.1
2026/04/23 07:37:40.700   3509418.9558    779143.4124   5250975.5931   2   9   0.0871   0.0506   0.0543   0.0351   0.0161   0.0555  -0.30    1.1
2026/04/23 07:37:40.800   3509418.9572    779143.4124   5250975.5933   2   9   0.0871   0.0506   0.0543   0.0351   0.0161   0.0555  -0.20    1.1
2026/04/23 07:37:40.900   3509418.9584    779143.4120   5250975.5934   2   9   0.0871   0.0506   0.0543   0.0351   0.0161   0.0554  -0.10    1.1
2026/04/23 07:37:41.000   3509418.9594    779143.4122   5250975.5941   2   9   0.0871   0.0506   0.0543   0.0351   0.0161   0.0554   0.00    1.1
2026/04/23 07:37:41.100   3509418.9612    779143.4125   5250975.5948   2   9   0.0871   0.0505   0.0543   0.0351   0.0161   0.0554   0.10    1.1
2026/04/23 07:37:41.200   3509418.9627    779143.4132   5250975.5953   2   9   0.0870   0.0505   0.0543   0.0351   0.0161   0.0554   0.20    1.1
2026/04/23 07:37:41.300   3509418.9635    779143.4135   5250975.5956   2   9   0.0870   0.0505   0.0543   0.0351   0.0160   0.0554   0.30    1.1
2026/04/23 07:37:41.400   3509418.9640    779143.4135   5250975.5958   2   9   0.0870   0.0505   0.0542   0.0351   0.0160   0.0554   0.40    1.1
2026/04/23 07:37:41.500   3509418.9641    779143.4131   5250975.5964   2   9   0.0870   0.0505   0.0542   0.0351   0.0160   0.0553  -0.50    1.1
2026/04/23 07:37:41.600   3509418.9654    779143.4132   5250975.5964   2   9   0.0870   0.0505   0.0542   0.0351   0.0160   0.0553  -0.40    1.1
2026/04/23 07:37:41.700   3509418.9671    779143.4132   5250975.5965   2   9   0.0869   0.0505   0.0542   0.0351   0.0160   0.0553  -0.30    1.1
2026/04/23 07:37:41.800   3509418.9689    779143.4133   5250975.5972   2   9   0.0869   0.0505   0.0542   0.0351   0.0160   0.0553  -0.20    1.1
2026/04/23 07:37:41.900   3509418.9708    779143.4134   5250975.5976   2   9   0.0869   0.0505   0.0542   0.0351   0.0160   0.0553  -0.10    1.1
2026/04/23 07:37:42.000   3509418.9726    779143.4130   5250975.5980   2   9   0.0869   0.0505   0.0542   0.0351   0.0160   0.0553   0.00    1.1
2026/04/23 07:37:42.100   3509418.9741    779143.4134   5250975.5983   2   9   0.0869   0.0505   0.0541   0.0351   0.0160   0.0552   0.10    1.1
2026/04/23 07:37:42.200   3509418.9748    779143.4139   5250975.5990   2   9   0.0868   0.0505   0.0541   0.0351   0.0160   0.0552   0.20    1.1
2026/04/23 07:37:42.300   3509418.9758    779143.4142   5250975.6009   2   9   0.0868   0.0505   0.0541   0.0350   0.0160   0.0552   0.30    1.1
2026/04/23 07:37:42.400   3509418.9759    779143.4139   5250975.6020   2   9   0.0868   0.0505   0.0541   0.0350   0.0160   0.0552   0.40    1.1
2026/04/23 07:37:42.500   3509418.9762    779143.4138   5250975.6030   2   9   0.0868   0.0505   0.0541   0.0350   0.0160   0.0552  -0.50    1.1
2026/04/23 07:37:42.600   3509418.9766    779143.4144   5250975.6035   2   9   0.0868   0.0505   0.0541   0.0350   0.0160   0.0552  -0.40    1.1
2026/04/23 07:37:42.700   3509418.9770    779143.4149   5250975.6046   2   9   0.0867   0.0504   0.0541   0.0350   0.0160   0.0552  -0.30    1.1
2026/04/23 07:37:42.800   3509418.9771    779143.4150   5250975.6057   2   9   0.0867   0.0504   0.0541   0.0350   0.0160   0.0551  -0.20    1.1
2026/04/23 07:37:42.900   3509418.9779    779143.4150   5250975.6066   2   9   0.0867   0.0504   0.0540   0.0350   0.0160   0.0551  -0.10    1.1
2026/04/23 07:37:43.000   3509418.9789    779143.4148   5250975.6074   2   9   0.0867   0.0504   0.0540   0.0350   0.0160   0.0551   0.00    1.1
2026/04/23 07:37:43.100   3509418.9799    779143.4147   5250975.6084   2   9   0.0867   0.0504   0.0540   0.0350   0.0160   0.0551   0.10    1.1
2026/04/23 07:37:43.200   3509418.9808    779143.4142   5250975.6089   2   9   0.0866   0.0504   0.0540   0.0350   0.0159   0.0551   0.20    1.1
2026/04/23 07:37:43.300   3509418.9819    779143.4147   5250975.6091   2   9   0.0866   0.0504   0.0540   0.0350   0.0159   0.0551   0.30    1.1
2026/04/23 07:37:43.400   3509418.9827    779143.4152   5250975.6090   2   9   0.0866   0.0504   0.0540   0.0350   0.0159   0.0550   0.40    1.1
2026/04/23 07:37:43.500   3509418.9832    779143.4155   5250975.6093   2   9   0.0866   0.0504   0.0540   0.0350   0.0159   0.0550  -0.50    1.1
2026/04/23 07:37:43.600   3509418.9837    779143.4156   5250975.6096   2   9   0.0866   0.0504   0.0540   0.0350   0.0159   0.0550  -0.40    1.1
2026/04/23 07:37:43.700   3509418.9846    779143.4162   5250975.6090   2   9   0.0865   0.0504   0.0539   0.0350   0.0159   0.0550  -0.30    1.1
2026/04/23 07:37:43.800   3509418.9856    779143.4166   5250975.6089   2   9   0.0865   0.0504   0.0539   0.0350   0.0159   0.0550  -0.20    1.1
2026/04/23 07:37:43.900   3509418.9868    779143.4170   5250975.6086   2   9   0.0865   0.0504   0.0539   0.0349   0.0159   0.0550  -0.10    1.1
2026/04/23 07:37:44.000   3509418.9872    779143.4169   5250975.6086   2   9   0.0865   0.0504   0.0539   0.0349   0.0159   0.0549   0.00    1.1
2026/04/23 07:37:44.100   3509418.9880    779143.4167   5250975.6084   2   9   0.0864   0.0504   0.0539   0.0349   0.0159   0.0549   0.10    1.1
2026/04/23 07:37:44.200   3509418.9883    779143.4164   5250975.6088   2   9   0.0864   0.0503   0.0539   0.0349   0.0159   0.0549   0.20    1.1
2026/04/23 07:37:44.300   3509418.9891    779143.4163   5250975.6093   2   9   0.0864   0.0503   0.0539   0.0349   0.0159   0.0549   0.30    1.1
2026/04/23 07:37:44.400   3509418.9890    779143.4161   5250975.6104   2   9   0.0864   0.0503   0.0538   0.0349   0.0159   0.0549   0.40    1.1
2026/04/23 07:37:44.500   3509418.9893    779143.4167   5250975.6116   2   9   0.0864   0.0503   0.0538   0.0349   0.0159   0.0549  -0.50    1.1
2026/04/23 07:37:44.600   3509418.9895    779143.4174   5250975.6125   2   9   0.0863   0.0503   0.0538   0.0349   0.0159   0.0548  -0.40    1.1
2026/04/23 07:37:44.700   3509418.9900    779143.4176   5250975.6128   2   9   0.0863   0.0503   0.0538   0.0349   0.0159   0.0548  -0.30    1.1
2026/04/23 07:37:44.800   3509418.9904    779143.4179   5250975.6133   2   9   0.0863   0.0503   0.0538   0.0349   0.0159   0.0548  -0.20    1.1
2026/04/23 07:37:44.900   3509418.9906    779143.4181   5250975.6140   2   9   0.0863   0.0503   0.0538   0.0349   0.0159   0.0548  -0.10    1.1
2026/04/23 07:37:45.000   3509418.9907    779143.4189   5250975.6150   2   9   0.0863   0.0503   0.0538   0.0349   0.0159   0.0548   0.00    1.1
2026/04/23 07:37:45.100   3509418.9910    779143.4195   5250975.6155   2   9   0.0862   0.0503   0.0538   0.0349   0.0158   0.0548   0.10    1.1
2026/04/23 07:37:45.200   3509418.9910    779143.4199   5250975.6157   2   9   0.0862   0.0503   0.0537   0.0349   0.0158   0.0547   0.20    1.1
2026/04/23 07:37:45.300   3509418.9913    779143.4199   5250975.6165   2   9   0.0862   0.0503   0.0537   0.0349   0.0158   0.0547   0.30    1.1
2026/04/23 07:37:45.400   3509418.9920    779143.4204   5250975.6170   2   9   0.0862   0.0503   0.0537   0.0349   0.0158   0.0547   0.40    1.1
2026/04/23 07:37:45.500   3509418.9921    779143.4208   5250975.6176   2   9   0.0862   0.0503   0.0537   0.0348   0.0158   0.0547  -0.50    1.1
2026/04/23 07:37:45.600   3509418.9918    779143.4210   5250975.6178   2   9   0.0861   0.0503   0.0537   0.0348   0.0158   0.0547  -0.40    1.1
2026/04/23 07:37:45.700   3509418.9914    779143.4203   5250975.6185   2   9   0.0861   0.0503   0.0537   0.0348   0.0158   0.0547  -0.30    1.1
2026/04/23 07:37:45.800   3509418.9913    779143.4200   5250975.6197   2   9   0.0861   0.0502   0.0537   0.0348   0.0158   0.0546  -0.20    1.1
2026/04/23 07:37:45.900   3509418.9910    779143.4200   5250975.6203   2   9   0.0861   0.0502   0.0536   0.0348   0.0158   0.0546  -0.10    1.1
2026/04/23 07:37:46.000   3509418.9915    779143.4201   5250975.6199   2   9   0.0861   0.0502   0.0536   0.0348   0.0158   0.0546   0.00    1.1
2026/04/23 07:37:46.100   3509418.9920    779143.4207   5250975.6198   2   9   0.0860   0.0502   0.0536   0.0348   0.0158   0.0546   0.10    1.1
2026/04/23 07:37:46.200   3509418.9919    779143.4210   5250975.6201   2   9   0.0860   0.0502   0.0536   0.0348   0.0158   0.0546   0.20    1.1
2026/04/23 07:37:46.300   3509418.9924    779143.4222   5250975.6199   2   9   0.0860   0.0502   0.0536   0.0348   0.0158   0.0546   0.30    1.1
2026/04/23 07:37:46.400   3509418.9926    779143.4226   5250975.6202   2   9   0.0860   0.0502   0.0536   0.0348   0.0158   0.0546   0.40    1.1
2026/04/23 07:37:46.500   3509418.9933    779143.4229   5250975.6207   2   9   0.0860   0.0502   0.0536   0.0348   0.0158   0.0545  -0.50    1.1
2026/04/23 07:37:46.600   3509418.9937    779143.4224   5250975.6210   2   9   0.0859   0.0502   0.0536   0.0348   0.0158   0.0545  -0.40    1.1
2026/04/23 07:37:46.700   3509418.9946    779143.4226   5250975.6216   2   9   0.0859   0.0502   0.0535   0.0348   0.0158   0.0545  -0.30    1.1
2026/04/23 07:37:46.800   3509418.9960    779143.4236   5250975.6216   2   9   0.0859   0.0502   0.0535   0.0348   0.0158   0.0545  -0.20    1.1
2026/04/23 07:37:46.900   3509418.9974    779143.4239   5250975.6214   2   9   0.0859   0.0502   0.0535   0.0348   0.0157   0.0545  -0.10    1.1
2026/04/23 07:37:47.000   3509418.9984    779143.4239   5250975.6210   2   9   0.0859   0.0502   0.0535   0.0348   0.0157   0.0545   0.00    1.1
2026/04/23 07:37:47.100   3509418.9995    779143.4244   5250975.6206   2   9   0.0858   0.0502   0.0535   0.0347   0.0157   0.0544   0.10    1.1
2026/04/23 07:37:47.200   3509419.0006    779143.4255   5250975.6205   2   9   0.0858   0.0502   0.0535   0.0347   0.0157   0.0544   0.20    1.1
2026/04/23 07:37:47.300   3509419.0014    779143.4263   5250975.6200   2   9   0.0858   0.0501   0.0535   0.0347   0.0157   0.0544   0.30    1.1
2026/04/23 07:37:47.400   3509419.0018    779143.4268   5250975.6204   2   9   0.0858   0.0501   0.0534   0.0347   0.0157   0.0544   0.40    1.1
2026/04/23 07:37:47.500   3509419.0027    779143.4277   5250975.6204   2   9   0.0858   0.0501   0.0534   0.0347   0.0157   0.0544  -0.50    1.1
2026/04/23 07:37:47.600   3509419.0039    779143.4280   5250975.6196   2   9   0.0857   0.0501   0.0534   0.0347   0.0157   0.0544  -0.40    1.1
2026/04/23 07:37:47.700   3509419.0045    779143.4276   5250975.6196   2   9   0.0857   0.0501   0.0534   0.0347   0.0157   0.0543  -0.30    1.1
2026/04/23 07:37:47.800   3509419.0047    779143.4274   5250975.6196   2   9   0.0857   0.0501   0.0534   0.0347   0.0157   0.0543  -0.20    1.1
2026/04/23 07:37:47.900   3509419.0049    779143.4269   5250975.6196   2   9   0.0857   0.0501   0.0534   0.0347   0.0157   0.0543  -0.10    1.1
2026/04/23 07:37:48.000   3509419.0052    779143.4268   5250975.6198   2   9   0.0856   0.0501   0.0534   0.0347   0.0157   0.0543   0.00    1.1
2026/04/23 07:37:48.100   3509419.0049    779143.4269   5250975.6200   2   9   0.0856   0.0501   0.0533   0.0347   0.0157   0.0543   0.10    1.1
2026/04/23 07:37:48.200   3509419.0045    779143.4276   5250975.6207   2   9   0.0856   0.0501   0.0533   0.0347   0.0157   0.0543   0.20    1.1
2026/04/23 07:37:48.300   3509419.0042    779143.4278   5250975.6215   2   9   0.0856   0.0501   0.0533   0.0347   0.0157   0.0542   0.30    1.1
2026/04/23 07:37:48.400   3509419.0043    779143.4277   5250975.6219   2   9   0.0856   0.0501   0.0533   0.0347   0.0157   0.0542   0.40    1.1
2026/04/23 07:37:48.500   3509419.0047    779143.4277   5250975.6220   2   9   0.0855   0.0501   0.0533   0.0347   0.0157   0.0542  -0.50    1.1
2026/04/23 07:37:48.600   3509419.0058    779143.4278   5250975.6219   2   9   0.0855   0.0501   0.0533   0.0346   0.0156   0.0542  -0.40    1.1
2026/04/23 07:37:48.700   3509419.0066    779143.4281   5250975.6219   2   9   0.0855   0.0501   0.0533   0.0346   0.0156   0.0542  -0.30    1.1
2026/04/23 07:37:48.800   3509419.0070    779143.4287   5250975.6220   2   9   0.0855   0.0501   0.0533   0.0346   0.0156   0.0542  -0.20    1.1
2026/04/23 07:37:48.900   3509419.0079    779143.4291   5250975.6224   2   9   0.0855   0.0500   0.0532   0.0346   0.0156   0.0541  -0.10    1.1
2026/04/23 07:37:49.000   3509419.0089    779143.4293   5250975.6228   2   9   0.0854   0.0500   0.0532   0.0346   0.0156   0.0541   0.00    1.1
2026/04/23 07:37:49.100   3509419.0099    779143.4294   5250975.6230   2   9   0.0854   0.0500   0.0532   0.0346   0.0156   0.0541   0.10    1.1
2026/04/23 07:37:49.200   3509419.0108    779143.4300   5250975.6230   2   9   0.0854   0.0500   0.0532   0.0346   0.0156   0.0541   0.20    1.1
2026/04/23 07:37:49.300   3509419.0112    779143.4302   5250975.6235   2   9   0.0854   0.0500   0.0532   0.0346   0.0156   0.0541   0.30    1.1
2026/04/23 07:37:49.400   3509419.0118    779143.4307   5250975.6238   2   9   0.0854   0.0500   0.0532   0.0346   0.0156   0.0541   0.40    1.1
2026/04/23 07:37:49.500   3509419.0124    779143.4311   5250975.6246   2   9   0.0853   0.0500   0.0532   0.0346   0.0156   0.0540  -0.50    1.1
2026/04/23 07:37:49.600   3509419.0124    779143.4308   5250975.6251   2   9   0.0853   0.0500   0.0531   0.0346   0.0156   0.0540  -0.40    1.1
2026/04/23 07:37:49.700   3509419.0122    779143.4314   5250975.6251   2   9   0.0853   0.0500   0.0531   0.0346   0.0156   0.0540  -0.30    1.1
2026/04/23 07:37:49.800   3509419.0128    779143.4320   5250975.6254   2   9   0.0853   0.0500   0.0531   0.0346   0.0156   0.0540  -0.20    1.1
2026/04/23 07:37:49.900   3509419.0130    779143.4325   5250975.6265   2   9   0.0853   0.0500   0.0531   0.0346   0.0156   0.0540  -0.10    1.1
2026/04/23 07:37:50.000   3509419.0128    779143.4329   5250975.6271   2   9   0.0852   0.0500   0.0531   0.0346   0.0156   0.0540   0.00    1.1
2026/04/23 07:37:50.100   3509419.0129    779143.4328   5250975.6271   2   9   0.0852   0.0500   0.0531   0.0345   0.0156   0.0539   0.10    1.1
2026/04/23 07:37:50.200   3509419.0130    779143.4322   5250975.6271   2   9   0.0852   0.0500   0.0531   0.0345   0.0155   0.0539   0.20    1.1
2026/04/23 07:37:50.300   3509419.0133    779143.4323   5250975.6278   2   9   0.0852   0.0500   0.0530   0.0345   0.0155   0.0539   0.30    1.1
2026/04/23 07:37:50.400   3509419.0142    779143.4319   5250975.6283   2   9   0.0852   0.0499   0.0530   0.0345   0.0155   0.0539   0.40    1.1
2026/04/23 07:37:50.500   3509419.0144    779143.4315   5250975.6285   2   9   0.0851   0.0499   0.0530   0.0345   0.0155   0.0539  -0.50    1.1
2026/04/23 07:37:50.600   3509419.0149    779143.4316   5250975.6286   2   9   0.0851   0.0499   0.0530   0.0345   0.0155   0.0539  -0.40    1.1
2026/04/23 07:37:50.700   3509419.0152    779143.4318   5250975.6287   2   9   0.0851   0.0499   0.0530   0.0345   0.0155   0.0538  -0.30    1.1
2026/04/23 07:37:50.800   3509419.0156    779143.4317   5250975.6289   2   9   0.0851   0.0499   0.0530   0.0345   0.0155   0.0538  -0.20    1.1
2026/04/23 07:37:50.900   3509419.0164    779143.4314   5250975.6287   2   9   0.0850   0.0499   0.0530   0.0345   0.0155   0.0538  -0.10    1.1
2026/04/23 07:37:51.000   3509419.0172    779143.4317   5250975.6283   2   9   0.0850   0.0499   0.0529   0.0345   0.0155   0.0538   0.00    1.1
2026/04/23 07:37:51.100   3509419.0182    779143.4325   5250975.6282   2   9   0.0850   0.0499   0.0529   0.0345   0.0155   0.0538   0.10    1.1
2026/04/23 07:37:51.200   3509419.0185    779143.4332   5250975.6275   2   9   0.0850   0.0499   0.0529   0.0345   0.0155   0.0538   0.20    1.1
2026/04/23 07:37:51.300   3509419.0193    779143.4317   5250975.6274   2   9   0.0850   0.0499   0.0529   0.0345   0.0155   0.0537   0.30    1.1
2026/04/23 07:37:51.400   3509419.0192    779143.4127   5250975.6326   2   9   0.0849   0.0499   0.0529   0.0345   0.0155   0.0537   0.40    1.1
2026/04/23 07:37:51.500   3509419.0164    779143.3753   5250975.6404   2   9   0.0849   0.0499   0.0529   0.0345   0.0155   0.0537  -0.50    1.1
2026/04/23 07:37:51.600   3509419.0043    779143.3230   5250975.6565   2   9   0.0849   0.0499   0.0529   0.0344   0.0155   0.0537  -0.40    1.1
2026/04/23 07:37:51.700   3509418.9865    779143.2669   5250975.6758   2   9   0.0849   0.0499   0.0529   0.0344   0.0155   0.0537  -0.30    1.1
2026/04/23 07:37:51.800   3509418.9662    779143.2134   5250975.6955   2   9   0.0849   0.0499   0.0528   0.0344   0.0155   0.0536  -0.20    1.1
2026/04/23 07:37:51.900   3509418.9441    779143.1603   5250975.7173   2   9   0.0848   0.0498   0.0528   0.0344   0.0154   0.0536  -0.10    1.1
2026/04/23 07:37:52.000   3509418.9178    779143.1051   5250975.7446   2   9   0.0848   0.0498   0.0528   0.0344   0.0154   0.0536   0.00    1.1
2026/04/23 07:37:52.100   3509418.8828    779143.0346   5250975.7819   2   9   0.0848   0.0498   0.0528   0.0344   0.0154   0.0536   0.10    1.1
2026/04/23 07:37:52.200   3509418.8361    779142.9619   5250975.8252   2   9   0.0848   0.0498   0.0528   0.0344   0.0154   0.0536   0.20    1.1
2026/04/23 07:37:52.300   3509418.7838    779142.8977   5250975.8712   2   9   0.0848   0.0498   0.0528   0.0344   0.0154   0.0536   0.30    1.1
2026/04/23 07:37:52.400   3509418.7206    779142.8283   5250975.9258   2   9   0.0847   0.0498   0.0528   0.0344   0.0154   0.0535   0.40    1.1
2026/04/23 07:37:52.500   3509418.6552    779142.7598   5250975.9814   2   9   0.0847   0.0498   0.0527   0.0344   0.0154   0.0535  -0.50    1.1
2026/04/23 07:37:52.600   3509418.5806    779142.6971   5250976.0418   2   9   0.0847   0.0498   0.0527   0.0344   0.0154   0.0535  -0.40    1.1
2026/04/23 07:37:52.700   3509418.5002    779142.6439   5250976.1044   2   9   0.0847   0.0498   0.0527   0.0344   0.0154   0.0535  -0.30    1.1
2026/04/23 07:37:52.800   3509418.4178    779142.5955   5250976.1701   2   9   0.0847   0.0498   0.0527   0.0344   0.0154   0.0535  -0.20    1.1
2026/04/23 07:37:52.900   3509418.3324    779142.5613   5250976.2334   2   9   0.0846   0.0498   0.0527   0.0344   0.0154   0.0535  -0.10    1.1
2026/04/23 07:37:53.000   3509418.2542    779142.5257   5250976.2927   2   9   0.0846   0.0498   0.0527   0.0344   0.0154   0.0534   0.00    1.1
2026/04/23 07:37:53.100   3509418.1671    779142.5034   5250976.3556   2   9   0.0846   0.0498   0.0527   0.0343   0.0154   0.0534   0.10    1.1
2026/04/23 07:37:53.200   3509418.0753    779142.4886   5250976.4199   2   9   0.0846   0.0498   0.0526   0.0343   0.0154   0.0534   0.20    1.1
2026/04/23 07:37:53.300   3509417.9838    779142.4867   5250976.4844   2   9   0.0845   0.0498   0.0526   0.0343   0.0154   0.0534   0.30    1.1
2026/04/23 07:37:53.400   3509417.8905    779142.4929   5250976.5452   2   9   0.0845   0.0498   0.0526   0.0343   0.0153   0.0534   0.40    1.1
2026/04/23 07:37:53.500   3509417.8051    779142.4969   5250976.6000   2   9   0.0845   0.0497   0.0526   0.0343   0.0153   0.0534  -0.50    1.1
2026/04/23 07:37:53.600   3509417.7104    779142.5046   5250976.6625   2   9   0.0845   0.0497   0.0526   0.0343   0.0153   0.0533  -0.40    1.1
2026/04/23 07:37:53.700   3509417.6192    779142.5267   5250976.7168   2   9   0.0845   0.0497   0.0526   0.0343   0.0153   0.0533  -0.30    1.1
2026/04/23 07:37:53.800   3509417.5349    779142.5545   5250976.7697   2   9   0.0844   0.0497   0.0526   0.0343   0.0153   0.0533  -0.20    1.1
2026/04/23 07:37:53.900   3509417.4492    779142.5798   5250976.8188   2   9   0.0844   0.0497   0.0525   0.0343   0.0153   0.0533  -0.10    1.1
2026/04/23 07:37:54.000   3509417.3608    779142.6027   5250976.8698   2   9   0.0844   0.0497   0.0525   0.0343   0.0153   0.0533   0.00    1.1
2026/04/23 07:37:54.100   3509417.2768    779142.6403   5250976.9145   2   9   0.0844   0.0497   0.0525   0.0343   0.0153   0.0533   0.10    1.1
2026/04/23 07:37:54.200   3509417.2034    779142.6840   5250976.9536   2   9   0.0844   0.0497   0.0525   0.0343   0.0153   0.0532   0.20    1.1
2026/04/23 07:37:54.300   3509417.1421    779142.7357   5250976.9859   2   9   0.0843   0.0497   0.0525   0.0343   0.0153   0.0532   0.30    1.1
2026/04/23 07:37:54.400   3509417.0969    779142.7801   5250977.0109   2   9   0.0843   0.0497   0.0525   0.0343   0.0153   0.0532   0.40    1.1
2026/04/23 07:37:54.500   3509417.0732    779142.8000   5250977.0239   2   9   0.0843   0.0497   0.0525   0.0343   0.0153   0.0532  -0.50    1.1
2026/04/23 07:37:54.600   3509417.0721    779142.8026   5250977.0225   2   9   0.0843   0.0497   0.0524   0.0342   0.0153   0.0532  -0.40    1.1
2026/04/23 07:37:54.700   3509417.0859    779142.7977   5250977.0117   2   9   0.0843   0.0497   0.0524   0.0342   0.0153   0.0532  -0.30    1.1
2026/04/23 07:37:54.800   3509417.1068    779142.7883   5250976.9980   2   9   0.0842   0.0497   0.0524   0.0342   0.0153   0.0531  -0.20    1.0
2026/04/23 07:37:54.900   3509417.1272    779142.7779   5250976.9850   2   9   0.0842   0.0497   0.0524   0.0342   0.0153   0.0531  -0.10    1.0
2026/04/23 07:37:55.000   3509417.1470    779142.7682   5250976.9713   2   9   0.0842   0.0496   0.0524   0.0342   0.0152   0.0531   0.00    1.0
2026/04/23 07:37:55.100   3509417.1648    779142.7579   5250976.9596   2   9   0.0842   0.0496   0.0524   0.0342   0.0152   0.0531   0.10    1.0
2026/04/23 07:37:55.200   3509417.1789    779142.7500   5250976.9505   2   9   0.0841   0.0496   0.0524   0.0342   0.0152   0.0531   0.20    1.0
2026/04/23 07:37:55.300   3509417.1894    779142.7441   5250976.9441   2   9   0.0841   0.0496   0.0523   0.0342   0.0152   0.0530   0.30    1.0
2026/04/23 07:37:55.400   3509417.1953    779142.7398   5250976.9397   2   9   0.0841   0.0496   0.0523   0.0342   0.0152   0.0530   0.40    1.0
2026/04/23 07:37:55.500   3509417.1967    779142.7347   5250976.9373   2   9   0.0841   0.0496   0.0523   0.0342   0.0152   0.0530  -0.50    1.0
2026/04/23 07:37:55.600   3509417.2009    779142.7249   5250976.9324   2   9   0.0841   0.0496   0.0523   0.0342   0.0152   0.0530  -0.40    1.0
2026/04/23 07:37:55.700   3509417.2289    779142.7064   5250976.9131   2   9   0.0840   0.0496   0.0523   0.0342   0.0152   0.0530  -0.30    1.0
2026/04/23 07:37:55.800   3509417.2724    779142.6927   5250976.8855   2   9   0.0840   0.0496   0.0523   0.0342   0.0152   0.0530  -0.20    1.0
2026/04/23 07:37:55.900   3509417.3322    779142.6867   5250976.8428   2   9   0.0840   0.0496   0.0523   0.0342   0.0152   0.0529  -0.10    1.0
2026/04/23 07:37:56.000   3509417.3923    779142.6888   5250976.8022   2   9   0.0840   0.0496   0.0522   0.0341   0.0152   0.0529   0.00    1.0
2026/04/23 07:37:56.100   3509417.4464    779142.6847   5250976.7662   2   9   0.0840   0.0496   0.0522   0.0341   0.0152   0.0529   0.10    1.0
2026/04/23 07:37:56.200   3509417.4898    779142.6692   5250976.7429   2   9   0.0839   0.0496   0.0522   0.0341   0.0152   0.0529   0.20    1.0
2026/04/23 07:37:56.300   3509417.5332    779142.6448   5250976.7125   2   9   0.0839   0.0496   0.0522   0.0341   0.0152   0.0529   0.30    1.0
2026/04/23 07:37:56.400   3509417.5879    779142.6218   5250976.6786   2   9   0.0839   0.0496   0.0522   0.0341   0.0152   0.0529   0.40    1.0
2026/04/23 07:37:56.500   3509417.6482    779142.5961   5250976.6424   2   9   0.0839   0.0496   0.0522   0.0341   0.0151   0.0528  -0.50    1.0
2026/04/23 07:37:56.600   3509417.6991    779142.5678   5250976.6120   2   9   0.0839   0.0496   0.0522   0.0341   0.0151   0.0528  -0.40    1.0
2026/04/23 07:37:56.700   3509417.7500    779142.5328   5250976.5832   2   9   0.0839   0.0496   0.0521   0.0340   0.0151   0.0528  -0.30    1.0
2026/04/23 07:37:56.800   3509417.7950    779142.4908   5250976.5583   2   9   0.0839   0.0495   0.0521   0.0340   0.0151   0.0528  -0.20    1.0
2026/04/23 07:37:56.900   3509417.8330    779142.4421   5250976.5421   2   9   0.0839   0.0495   0.0521   0.0340   0.0151   0.0528  -0.10    1.0
2026/04/23 07:37:57.000   3509417.8625    779142.3906   5250976.5325   2   9   0.0839   0.0495   0.0521   0.0340   0.0151   0.0528   0.00    1.0
2026/04/23 07:37:57.100   3509417.9011    779142.3313   5250976.5172   2   9   0.0839   0.0495   0.0521   0.0340   0.0151   0.0528   0.10    1.0
2026/04/23 07:37:57.200   3509417.9347    779142.2691   5250976.5094   2   9   0.0840   0.0495   0.0521   0.0340   0.0151   0.0528   0.20    1.0
2026/04/23 07:37:57.300   3509417.9599    779142.2107   5250976.5061   2   9   0.0842   0.0495   0.0521   0.0340   0.0151   0.0529   0.30    1.0
2026/04/23 07:37:57.400   3509417.9768    779142.1515   5250976.5047   2   9   0.0843   0.0495   0.0521   0.0341   0.0151   0.0529   0.40    1.0
2026/04/23 07:37:57.500   3509417.9964    779142.0836   5250976.5029   2   9   0.0843   0.0495   0.0521   0.0341   0.0151   0.0530  -0.50    1.0
2026/04/23 07:37:57.600   3509418.0112    779142.0172   5250976.5006   2   9   0.0843   0.0495   0.0521   0.0341   0.0151   0.0530  -0.40    1.0
2026/04/23 07:37:57.700   3509418.0260    779141.9543   5250976.5035   2   9   0.0843   0.0495   0.0522   0.0341   0.0152   0.0531  -0.30    1.0
2026/04/23 07:37:57.800   3509418.0354    779141.9093   5250976.5046   2   9   0.0843   0.0495   0.0522   0.0342   0.0152   0.0531  -0.20    1.0
2026/04/23 07:37:57.900   3509418.0382    779141.8885   5250976.5068   2   9   0.0843   0.0495   0.0522   0.0342   0.0152   0.0531  -0.10    1.0
2026/04/23 07:37:58.000   3509418.0314    779141.8932   5250976.5122   2   9   0.0843   0.0495   0.0522   0.0342   0.0153   0.0531   0.00    1.0
2026/04/23 07:37:58.100   3509418.0194    779141.9126   5250976.5182   2   9   0.0842   0.0495   0.0522   0.0342   0.0153   0.0532   0.10    1.0
2026/04/23 07:37:58.200   3509418.0098    779141.9366   5250976.5233   2   9   0.0842   0.0495   0.0523   0.0342   0.0153   0.0532   0.20    1.0
2026/04/23 07:37:58.300   3509418.0004    779141.9564   5250976.5290   2   9   0.0842   0.0495   0.0523   0.0342   0.0153   0.0532   0.30    1.0
2026/04/23 07:37:58.400   3509417.9907    779141.9713   5250976.5328   2   9   0.0842   0.0495   0.0523   0.0342   0.0153   0.0531   0.40    1.0
2026/04/23 07:37:58.500   3509417.9843    779141.9818   5250976.5363   2   9   0.0841   0.0494   0.0523   0.0342   0.0154   0.0531  -0.50    1.0
2026/04/23 07:37:58.600   3509417.9783    779141.9894   5250976.5371   2   9   0.0841   0.0494   0.0523   0.0342   0.0154   0.0531  -0.40    1.0
2026/04/23 07:37:58.700   3509417.9749    779141.9951   5250976.5367   2   9   0.0841   0.0494   0.0523   0.0342   0.0154   0.0531  -0.30    1.0
2026/04/23 07:37:58.800   3509417.9752    779142.0088   5250976.5318   2   9   0.0841   0.0494   0.0522   0.0342   0.0153   0.0531  -0.20    1.0
2026/04/23 07:37:58.900   3509417.9869    779142.0536   5250976.5148   2   9   0.0840   0.0494   0.0522   0.0342   0.0153   0.0531  -0.10    1.0
2026/04/23 07:37:59.000   3509418.0114    779142.1209   5250976.4885   2   9   0.0840   0.0494   0.0522   0.0342   0.0153   0.0531   0.00    1.0
2026/04/23 07:37:59.100   3509418.0458    779142.1837   5250976.4517   2   9   0.0840   0.0494   0.0522   0.0342   0.0153   0.0530   0.10    1.0
2026/04/23 07:37:59.200   3509418.0879    779142.2406   5250976.4127   2   9   0.0840   0.0494   0.0522   0.0342   0.0153   0.0530   0.20    1.0
2026/04/23 07:37:59.300   3509418.1314    779142.2861   5250976.3788   2   9   0.0840   0.0494   0.0521   0.0342   0.0153   0.0530   0.30    1.0
2026/04/23 07:37:59.400   3509418.1736    779142.3270   5250976.3522   2   9   0.0839   0.0494   0.0521   0.0342   0.0153   0.0530   0.40    1.0
2026/04/23 07:37:59.500   3509418.2029    779142.3782   5250976.3182   2   8   0.0840   0.0494   0.0521   0.0341   0.0152   0.0530  -0.50    1.3
2026/04/23 07:37:59.600   3509418.2274    779142.4335   5250976.2894   2   8   0.0840   0.0494   0.0521   0.0341   0.0152   0.0530  -0.40    1.3
2026/04/23 07:37:59.700   3509418.2477    779142.4894   5250976.2667   2   8   0.0840   0.0494   0.0521   0.0341   0.0151   0.0530  -0.30    1.3
2026/04/23 07:37:59.800   3509418.2601    779142.5465   5250976.2472   2   8   0.0840   0.0494   0.0521   0.0340   0.0151   0.0530  -0.20    1.3
2026/04/23 07:37:59.900   3509418.2732    779142.6017   5250976.2291   2   8   0.0840   0.0494   0.0521   0.0340   0.0151   0.0530  -0.10    1.3
2026/04/23 07:38:00.000   3509418.2757    779142.6588   5250976.2158   2   8   0.0840   0.0494   0.0521   0.0340   0.0151   0.0530   0.00    1.3
