% program   : RTKPOST-EX 2.5.0
% inp file  : C:\Users\holge\git\GNSS_IMU\data\run2.obs
% inp file  : C:\Users\holge\Downloads\BUDD00DNK_R_20261130000_01D_01S_MO.rnx
% inp file  : C:\Users\holge\Downloads\BUDD00DNK_R_20261130000_01D_MN.rnx
% inp file  : C:\Users\holge\git\GNSS_IMU\data\COD0OPSRAP_20261130000_01D_05M_ORB.SP3
% obs start : 2026/04/23 07:30:00.0 GPST (week2415 372600.0s)
% obs end   : 2026/04/23 07:38:00.0 GPST (week2415 373080.0s)
% pos mode  : Kinematic
% freqs     : L1+L2/E5b+L5+L6
% solution  : Forward
% elev mask : 15.0 deg
% dynamics  : on
% tidecorr  : solid
% ionos opt : Iono-Free LC
% tropo opt : Saastamoinen
% ephemeris : Precise
% navi sys  : GPS GLONASS Galileo BDS
% amb res   : Fix and Hold
% amb glo   : Fix and Hold
% amb bds   : on
% val thres : 3.0
% antenna1  :                       ( 0.0000  0.0000  0.0762)
% antenna2  :                       ( 0.0000  0.0000  0.2567)
% ref pos   :   3513649.6252    778954.5456   5248201.7777
%
% (x/y/z-ecef=WGS84,Q=1:fix,2:float,3:sbas,4:dgps,5:single,6:ppp,ns=# of satellites)
%  GPST                      x-ecef(m)      y-ecef(m)      z-ecef(m)   Q  ns   sdx(m)   sdy(m)   sdz(m)  sdxy(m)  sdyz(m)  sdzx(m) age(s)  ratio
2026/04/23 07:30:00.000   3509420.9907    779102.1497   5250977.3783   2   9   8.8593   3.5810  10.9066  -3.1617   4.2211  -4.7539   0.00    0.0
2026/04/23 07:30:00.100   3509421.2752    779102.3027   5250974.9793   2   9   6.3844   2.5730   7.5718  -2.3961   3.2244  -3.0873   0.10    0.0
2026/04/23 07:30:00.200   3509421.3143    779102.4473   5250974.5020   2   9   5.2484   2.1147   6.1603  -1.9946   2.6891  -2.4505   0.20    0.0
2026/04/23 07:30:00.300   3509421.3831    779102.5746   5250974.2594   2   9   4.5627   1.8378   5.3289  -1.7437   2.3525  -2.0953   0.30    0.0
2026/04/23 07:30:00.400   3509421.5643    779102.7041   5250974.0190   2   9   4.0922   1.6473   4.7649  -1.5687   2.1169  -1.8633   0.40    0.0
2026/04/23 07:30:00.500   3509421.5762    779102.8487   5250974.1872   2  10   3.7414   1.5060   4.3483  -1.4376   1.9402  -1.6924  -0.50    0.0
2026/04/23 07:30:00.600   3509421.6418    779102.9577   5250974.1522   2   9   3.4686   1.3957   4.0254  -1.3345   1.8012  -1.5628  -0.40    0.0
2026/04/23 07:30:00.700   3509421.6066    779103.0853   5250974.3024   2   9   3.2479   1.3065   3.7651  -1.2508   1.6883  -1.4590  -0.30    0.0
2026/04/23 07:30:00.800   3509421.6710    779103.2052   5250974.2587   2  10   3.0620   1.2324   3.5493  -1.1820   1.5940  -1.3739  -0.20    0.0
2026/04/23 07:30:00.900   3509421.7594    779103.3305   5250974.2659   2   9   2.9054   1.1694   3.3669  -1.1233   1.5139  -1.3022  -0.10    0.0
2026/04/23 07:30:01.000   3509421.7562    779103.4934   5250974.4587   2   9   2.7712   1.1154   3.2098  -1.0717   1.4448  -1.2389   0.00    0.0
2026/04/23 07:30:01.100   3509421.7850    779103.6209   5250974.4751   2  10   2.6546   1.0683   3.0728  -1.0267   1.3844  -1.1847   0.10    0.0
2026/04/23 07:30:01.200   3509421.8084    779103.7627   5250974.5179   2   9   2.5516   1.0267   2.9521  -0.9870   1.3310  -1.1372   0.20    0.0
2026/04/23 07:30:01.300   3509421.7871    779103.8916   5250974.5369   2  10   2.4597   0.9895   2.8445  -0.9515   1.2833  -1.0949   0.30    0.0
2026/04/23 07:30:01.400   3509421.8100    779103.9821   5250974.4307   2   9   2.3767   0.9562   2.7478  -0.9195   1.2403  -1.0565   0.40    0.0
2026/04/23 07:30:01.500   3509421.8508    779104.0614   5250974.2767   2   9   2.3016   0.9260   2.6603  -0.8906   1.2014  -1.0219  -0.50    0.0
2026/04/23 07:30:01.600   3509421.8679    779104.1469   5250974.1771   2   9   2.2334   0.8985   2.5807  -0.8642   1.1659  -0.9909  -0.40    0.0
2026/04/23 07:30:01.700   3509421.8166    779104.2521   5250974.2023   2   9   2.1702   0.8732   2.5079  -0.8403   1.1334  -0.9624  -0.30    0.0
2026/04/23 07:30:01.800   3509421.7932    779104.3543   5250974.2244   2   9   2.1128   0.8500   2.4409  -0.8180   1.1035  -0.9362  -0.20    0.0
2026/04/23 07:30:01.900   3509421.7357    779104.4676   5250974.2964   2   8   2.0621   0.8310   2.3800  -0.7932   1.0780  -0.9076  -0.10    0.0
2026/04/23 07:30:02.000   3509421.7440    779104.5670   5250974.2407   2   8   2.0152   0.8133   2.3236  -0.7704   1.0542  -0.8814   0.00    0.0
2026/04/23 07:30:02.100   3509421.7686    779104.6670   5250974.2035   2   8   1.9714   0.7967   2.2710  -0.7492   1.0319  -0.8572   0.10    0.0
2026/04/23 07:30:02.200   3509421.8051    779104.7450   5250974.1132   2   9   1.9302   0.7810   2.2217  -0.7297   1.0110  -0.8346   0.20    0.0
2026/04/23 07:30:02.300   3509421.8552    779104.8337   5250974.0502   2   9   1.8916   0.7663   2.1756  -0.7114   0.9913  -0.8137   0.30    0.0
2026/04/23 07:30:02.400   3509421.8796    779104.9138   5250974.0564   2   8   1.8551   0.7524   2.1322  -0.6944   0.9728  -0.7940   0.40    0.0
2026/04/23 07:30:02.500   3509421.9429    779104.9630   5250973.9955   2   8   1.8208   0.7392   2.0914  -0.6784   0.9553  -0.7757  -0.50    0.0
2026/04/23 07:30:02.600   3509421.9639    779105.0144   5250974.0176   2   8   1.7884   0.7267   2.0528  -0.6634   0.9386  -0.7586  -0.40    0.0
2026/04/23 07:30:02.700   3509421.9805    779105.0558   5250974.0436   2   9   1.7576   0.7148   2.0162  -0.6493   0.9229  -0.7423  -0.30    0.0
2026/04/23 07:30:02.800   3509422.0808    779105.1021   5250973.9765   2   8   1.7284   0.7035   1.9815  -0.6360   0.9079  -0.7271  -0.20    0.0
2026/04/23 07:30:02.900   3509422.1179    779105.1619   5250973.9846   2   8   1.7006   0.6927   1.9485  -0.6235   0.8935  -0.7127  -0.10    0.0
2026/04/23 07:30:03.000   3509422.1582    779105.2549   5250974.0145   2   8   1.6741   0.6824   1.9172  -0.6116   0.8799  -0.6991   0.00    0.0
2026/04/23 07:30:03.100   3509422.2280    779105.3634   5250974.0415   2   8   1.6472   0.6711   1.8865  -0.6029   0.8655  -0.6888   0.10    0.0
2026/04/23 07:30:03.200   3509422.2734    779105.4743   5250974.0701   2   8   1.6216   0.6603   1.8573  -0.5946   0.8518  -0.6790   0.20    0.0
2026/04/23 07:30:03.300   3509422.2831    779105.6104   5250974.1522   2   8   1.5971   0.6500   1.8293  -0.5866   0.8387  -0.6695   0.30    0.0
2026/04/23 07:30:03.400   3509422.3214    779105.7346   5250974.1417   2   8   1.5738   0.6402   1.8026  -0.5790   0.8262  -0.6604   0.40    0.0
2026/04/23 07:30:03.500   3509422.3749    779105.8639   5250974.1335   2   8   1.5514   0.6308   1.7770  -0.5715   0.8142  -0.6516  -0.50    0.0
2026/04/23 07:30:03.600   3509422.4325    779106.0022   5250974.1463   2   8   1.5299   0.6218   1.7524  -0.5644   0.8027  -0.6432  -0.40    0.0
2026/04/23 07:30:03.700   3509422.4950    779106.1525   5250974.1469   2   8   1.5093   0.6132   1.7287  -0.5575   0.7917  -0.6350  -0.30    0.0
2026/04/23 07:30:03.800   3509422.5868    779106.2794   5250974.0382   2   9   1.4895   0.6049   1.7060  -0.5508   0.7811  -0.6270  -0.20    0.0
2026/04/23 07:30:03.900   3509422.6377    779106.4154   5250974.0052   2   8   1.4704   0.5970   1.6841  -0.5444   0.7709  -0.6193  -0.10    0.0
2026/04/23 07:30:04.000   3509422.6484    779106.5590   5250974.0852   2   9   1.4521   0.5893   1.6630  -0.5381   0.7611  -0.6119   0.00    0.0
2026/04/23 07:30:04.100   3509422.7049    779106.6738   5250974.0220   2   9   1.4344   0.5820   1.6426  -0.5321   0.7516  -0.6046   0.10    0.0
2026/04/23 07:30:04.200   3509422.7124    779106.7951   5250974.0173   2   8   1.4173   0.5748   1.6229  -0.5262   0.7424  -0.5976   0.20    0.0
2026/04/23 07:30:04.300   3509422.7249    779106.9151   5250973.9982   2   8   1.4008   0.5680   1.6039  -0.5205   0.7336  -0.5908   0.30    0.0
2026/04/23 07:30:04.400   3509422.7096    779107.0450   5250974.0666   2   8   1.3849   0.5614   1.5855  -0.5149   0.7250  -0.5841   0.40    0.0
2026/04/23 07:30:04.500   3509422.6593    779107.1856   5250974.1550   2   8   1.3695   0.5550   1.5677  -0.5096   0.7167  -0.5777  -0.50    0.0
2026/04/23 07:30:04.600   3509422.6825    779107.3099   5250974.1007   2   8   1.3546   0.5488   1.5505  -0.5044   0.7087  -0.5714  -0.40    0.0
2026/04/23 07:30:04.700   3509422.7603    779107.4193   5250974.0715   2   8   1.3295   0.5391   1.5245  -0.4885   0.6933  -0.5396  -0.30    0.0
2026/04/23 07:30:04.800   3509422.8142    779107.5272   5250974.0943   2   8   1.3059   0.5300   1.5000  -0.4738   0.6789  -0.5096  -0.20    0.0
2026/04/23 07:30:04.900   3509422.8372    779107.6237   5250974.0564   2   8   1.2859   0.5216   1.4767  -0.4588   0.6654  -0.4811  -0.10    0.0
2026/04/23 07:30:05.000   3509422.9180    779107.6872   5250973.9163   2   8   1.2668   0.5136   1.4547  -0.4446   0.6526  -0.4540   0.00    0.0
2026/04/23 07:30:05.100   3509422.9795    779107.7619   5250973.8210   2   9   1.2486   0.5060   1.4336  -0.4311   0.6405  -0.4276   0.10    0.0
2026/04/23 07:30:05.200   3509423.0234    779107.8370   5250973.7329   2   8   1.2314   0.4989   1.4137  -0.4185   0.6292  -0.4027   0.20    0.0
2026/04/23 07:30:05.300   3509423.0904    779107.9095   5250973.5466   2  10   1.2149   0.4921   1.3944  -0.4064   0.6184  -0.3781   0.30    0.0
2026/04/23 07:30:05.400   3509423.0756    779108.0183   5250973.5462   2   8   1.1993   0.4856   1.3762  -0.3951   0.6082  -0.3548   0.40    0.0
2026/04/23 07:30:05.500   3509423.0565    779108.1288   5250973.5331   2   9   1.1844   0.4794   1.3587  -0.3843   0.5985  -0.3321  -0.50    0.0
2026/04/23 07:30:05.600   3509423.0703    779108.2236   5250973.4294   2   8   1.1701   0.4735   1.3419  -0.3741   0.5893  -0.3100  -0.40    0.0
2026/04/23 07:30:05.700   3509423.0806    779108.3061   5250973.3339   2   8   1.1563   0.4678   1.3258  -0.3644   0.5805  -0.2882  -0.30    0.0
2026/04/23 07:30:05.800   3509423.1185    779108.3981   5250973.2658   2   9   1.1431   0.4623   1.3103  -0.3549   0.5720  -0.2664  -0.20    0.0
2026/04/23 07:30:05.900   3509423.1159    779108.4911   5250973.2534   2   8   1.1304   0.4571   1.2953  -0.3460   0.5640  -0.2450  -0.10    0.0
2026/04/23 07:30:06.000   3509423.1289    779108.5915   5250973.1639   2  10   1.1182   0.4521   1.2808  -0.3375   0.5562  -0.2232   0.00    0.0
2026/04/23 07:30:06.100   3509423.1375    779108.6814   5250973.0608   2   9   1.1064   0.4472   1.2668  -0.3293   0.5488  -0.2011   0.10    0.0
2026/04/23 07:30:06.200   3509423.1309    779108.7748   5250972.9944   2   9   1.0950   0.4425   1.2533  -0.3215   0.5417  -0.1785   0.20    0.0
2026/04/23 07:30:06.300   3509423.1743    779108.8519   5250972.8705   2  10   1.0841   0.4380   1.2402  -0.3140   0.5349  -0.1545   0.30    0.0
2026/04/23 07:30:06.400   3509423.1573    779108.9514   5250972.8519   2  10   1.0734   0.4336   1.2275  -0.3067   0.5283  -0.1285   0.40    0.0
2026/04/23 07:30:06.500   3509423.1192    779109.0643   5250972.8461   2  10   1.0632   0.4294   1.2153  -0.2997   0.5219  -0.0985  -0.50    0.0
2026/04/23 07:30:06.600   3509423.0856    779109.1586   5250972.7892   2  10   1.0532   0.4253   1.2034  -0.2930   0.5158  -0.0581  -0.40    0.0
2026/04/23 07:30:06.700   3509423.0686    779109.2720   5250972.7365   2  10   1.0436   0.4214   1.1918  -0.2866   0.5099   0.0500  -0.30    0.0
2026/04/23 07:30:06.800   3509423.0577    779109.3761   5250972.6805   2  10   1.0342   0.4175   1.1806  -0.2803   0.5042   0.0892  -0.20    0.0
2026/04/23 07:30:06.900   3509423.0347    779109.4899   5250972.6960   2   9   1.0273   0.4142   1.1702  -0.2719   0.4993   0.1244  -0.10    0.0
2026/04/23 07:30:07.000   3509423.0300    779109.6091   5250972.6600   2  10   1.0185   0.4106   1.1596  -0.2661   0.4939   0.1419   0.00    0.0
2026/04/23 07:30:07.100   3509423.0283    779109.7156   5250972.6160   2  10   1.0098   0.4071   1.1493  -0.2605   0.4887   0.1565   0.10    0.0
2026/04/23 07:30:07.200   3509423.0370    779109.8227   5250972.5683   2  10   1.0014   0.4036   1.1392  -0.2551   0.4837   0.1691   0.20    0.0
2026/04/23 07:30:07.300   3509423.0415    779109.9374   5250972.5512   2  10   0.9932   0.4003   1.1294  -0.2498   0.4788   0.1801   0.30    0.0
2026/04/23 07:30:07.400   3509423.0489    779110.0466   5250972.5174   2  10   0.9852   0.3971   1.1198  -0.2447   0.4741   0.1898   0.40    0.0
2026/04/23 07:30:07.500   3509423.0431    779110.1597   5250972.5297   2  10   0.9775   0.3939   1.1105  -0.2398   0.4695   0.1984  -0.50    0.0
2026/04/23 07:30:07.600   3509423.0548    779110.2518   5250972.4446   2  10   0.9700   0.3908   1.1014  -0.2349   0.4650   0.2062  -0.40    0.0
2026/04/23 07:30:07.700   3509423.0551    779110.3618   5250972.4522   2  10   0.9627   0.3878   1.0925  -0.2302   0.4606   0.2133  -0.30    0.0
2026/04/23 07:30:07.800   3509423.0714    779110.4606   5250972.3955   2  10   0.9555   0.3849   1.0838  -0.2257   0.4564   0.2196  -0.20    0.0
2026/04/23 07:30:07.900   3509423.0319    779110.5751   5250972.4612   2  10   0.9485   0.3820   1.0753  -0.2212   0.4522   0.2255  -0.10    0.0
2026/04/23 07:30:08.000   3509423.0799    779110.6844   5250972.4022   2  10   0.9417   0.3792   1.0670  -0.2169   0.4482   0.2307   0.00    0.0
2026/04/23 07:30:08.100   3509423.0579    779110.7933   5250972.4135   2  10   0.9350   0.3765   1.0588  -0.2127   0.4443   0.2356   0.10    0.0
2026/04/23 07:30:08.200   3509423.0505    779110.9192   5250972.4818   2  10   0.9285   0.3738   1.0509  -0.2086   0.4404   0.2400   0.20    0.0
2026/04/23 07:30:08.300   3509423.0556    779111.0333   5250972.4624   2  10   0.9221   0.3712   1.0430  -0.2047   0.4367   0.2441   0.30    0.0
2026/04/23 07:30:08.400   3509423.0750    779111.1295   5250972.3900   2  10   0.9159   0.3686   1.0354  -0.2008   0.4330   0.2479   0.40    0.0
2026/04/23 07:30:08.500   3509423.0589    779111.2412   5250972.3687   2  10   0.9098   0.3661   1.0279  -0.1970   0.4294   0.2513  -0.50    0.0
2026/04/23 07:30:08.600   3509423.0379    779111.3548   5250972.4054   2  10   0.9037   0.3637   1.0205  -0.1933   0.4259   0.2546  -0.40    0.0
2026/04/23 07:30:08.700   3509423.0129    779111.4696   5250972.4205   2  10   0.8979   0.3613   1.0133  -0.1897   0.4225   0.2575  -0.30    0.0
2026/04/23 07:30:08.800   3509423.0030    779111.5802   5250972.3957   2  10   0.8921   0.3589   1.0062  -0.1862   0.4192   0.2603  -0.20    0.0
2026/04/23 07:30:08.900   3509422.9562    779111.6957   5250972.4222   2  10   0.8864   0.3566   0.9993  -0.1828   0.4159   0.2628  -0.10    0.0
2026/04/23 07:30:09.000   3509422.9284    779111.8145   5250972.4451   2  10   0.8809   0.3544   0.9925  -0.1794   0.4128   0.2652   0.00    0.0
2026/04/23 07:30:09.100   3509422.8928    779111.9423   5250972.5315   2  10   0.8747   0.3520   0.9858  -0.1773   0.4095   0.2670   0.10    0.0
2026/04/23 07:30:09.200   3509422.8631    779112.0521   5250972.5046   2  10   0.8685   0.3496   0.9791  -0.1754   0.4064   0.2687   0.20    0.0
2026/04/23 07:30:09.300   3509422.8297    779112.1753   5250972.5442   2  10   0.8625   0.3473   0.9727  -0.1735   0.4033   0.2702   0.30    0.0
2026/04/23 07:30:09.400   3509422.8079    779112.2877   5250972.5515   2  10   0.8566   0.3450   0.9663  -0.1716   0.4002   0.2715   0.40    0.0
2026/04/23 07:30:09.500   3509422.7649    779112.3978   5250972.5816   2  10   0.8507   0.3428   0.9600  -0.1698   0.3973   0.2728  -0.50    0.0
2026/04/23 07:30:09.600   3509422.7308    779112.5068   5250972.5989   2  10   0.8451   0.3406   0.9538  -0.1680   0.3943   0.2740  -0.40    0.0
2026/04/23 07:30:09.700   3509422.7023    779112.6154   5250972.6206   2  10   0.8395   0.3385   0.9478  -0.1663   0.3915   0.2751  -0.30    0.0
2026/04/23 07:30:09.800   3509422.6720    779112.7290   5250972.6602   2  10   0.8341   0.3364   0.9418  -0.1646   0.3886   0.2761  -0.20    0.0
2026/04/23 07:30:09.900   3509422.6454    779112.8402   5250972.6934   2  10   0.8288   0.3343   0.9359  -0.1630   0.3859   0.2770  -0.10    0.0
2026/04/23 07:30:10.000   3509422.6281    779112.9449   5250972.6540   2  10   0.8235   0.3323   0.9301  -0.1614   0.3832   0.2779   0.00    0.0
2026/04/23 07:30:10.100   3509422.5959    779113.0513   5250972.6427   2   9   0.8197   0.3306   0.9248  -0.1578   0.3809   0.2808   0.10    0.0
2026/04/23 07:30:10.200   3509422.5558    779113.1536   5250972.6477   2  10   0.8146   0.3286   0.9192  -0.1563   0.3783   0.2814   0.20    0.0
2026/04/23 07:30:10.300   3509422.5315    779113.2607   5250972.7204   2  10   0.8096   0.3267   0.9136  -0.1549   0.3757   0.2820   0.30    0.0
2026/04/23 07:30:10.400   3509422.4899    779113.3736   5250972.7642   2  11   0.8039   0.3245   0.9049  -0.1518   0.3718   0.2874   0.40    0.0
2026/04/23 07:30:10.500   3509422.4241    779113.4870   5250972.8147   2  11   0.7984   0.3223   0.8965  -0.1490   0.3679   0.2920  -0.50    0.0
2026/04/23 07:30:10.600   3509422.3863    779113.6025   5250972.8654   2  11   0.7931   0.3202   0.8884  -0.1462   0.3642   0.2962  -0.40    0.0
2026/04/23 07:30:10.700   3509422.3244    779113.7190   5250972.9457   2  11   0.7879   0.3182   0.8805  -0.1435   0.3606   0.3001  -0.30    0.0
2026/04/23 07:30:10.800   3509422.2800    779113.8424   5250973.0389   2  11   0.7828   0.3162   0.8728  -0.1409   0.3571   0.3036  -0.20    0.0
2026/04/23 07:30:10.900   3509422.2190    779113.9637   5250973.1605   2  10   0.7791   0.3144   0.8654  -0.1365   0.3540   0.3081  -0.10    0.0
2026/04/23 07:30:11.000   3509422.1717    779114.0886   5250973.2410   2  11   0.7741   0.3125   0.8581  -0.1341   0.3507   0.3110   0.00    0.0
2026/04/23 07:30:11.100   3509422.1141    779114.2113   5250973.3125   2  10   0.7706   0.3108   0.8512  -0.1298   0.3477   0.3149   0.10    0.0
2026/04/23 07:30:11.200   3509422.0809    779114.3200   5250973.2955   2  11   0.7659   0.3090   0.8443  -0.1275   0.3446   0.3173   0.20    0.0
2026/04/23 07:30:11.300   3509422.0388    779114.4380   5250973.3796   2  10   0.7625   0.3074   0.8377  -0.1233   0.3418   0.3207   0.30    0.0
2026/04/23 07:30:11.400   3509421.9998    779114.5504   5250973.4480   2  11   0.7580   0.3056   0.8311  -0.1212   0.3389   0.3227   0.40    0.0
2026/04/23 07:30:11.500   3509421.9825    779114.6574   5250973.4730   2  11   0.7535   0.3038   0.8247  -0.1192   0.3360   0.3245  -0.50    0.0
2026/04/23 07:30:11.600   3509421.9663    779114.7657   5250973.4835   2  11   0.7491   0.3021   0.8184  -0.1172   0.3331   0.3262  -0.40    0.0
2026/04/23 07:30:11.700   3509421.9363    779114.8854   5250973.5332   2  11   0.7449   0.3004   0.8122  -0.1152   0.3303   0.3277  -0.30    0.0
2026/04/23 07:30:11.800   3509421.9018    779115.0000   5250973.5860   2  11   0.7407   0.2988   0.8062  -0.1133   0.3276   0.3291  -0.20    0.0
2026/04/23 07:30:11.900   3509421.8561    779115.1115   5250973.6045   2  10   0.7376   0.2973   0.8004  -0.1095   0.3253   0.3315  -0.10    0.0
2026/04/23 07:30:12.000   3509421.8288    779115.2151   5250973.5955   2  10   0.7346   0.2959   0.7949  -0.1057   0.3230   0.3337   0.00    0.0
2026/04/23 07:30:12.100   3509421.7926    779115.3291   5250973.6755   2  11   0.7306   0.2944   0.7892  -0.1040   0.3204   0.3346   0.10    0.0
2026/04/23 07:30:12.200   3509421.7480    779115.4330   5250973.6829   2  10   0.7278   0.2930   0.7839  -0.1002   0.3182   0.3366   0.20    0.0
2026/04/23 07:30:12.300   3509421.7214    779115.5355   5250973.7197   2  11   0.7250   0.2917   0.7786  -0.0965   0.3161   0.3384   0.30    0.0
2026/04/23 07:30:12.400   3509421.6773    779115.6362   5250973.7491   2  11   0.7222   0.2903   0.7735  -0.0927   0.3140   0.3401   0.40    0.0
2026/04/23 07:30:12.500   3509421.6371    779115.7347   5250973.7557   2  11   0.7195   0.2891   0.7685  -0.0889   0.3119   0.3417  -0.50    0.0
2026/04/23 07:30:12.600   3509421.5624    779115.8370   5250973.8395   2  11   0.7168   0.2878   0.7636  -0.0850   0.3099   0.3432  -0.40    0.0
2026/04/23 07:30:12.700   3509421.5414    779115.9340   5250973.8617   2  11   0.7141   0.2865   0.7588  -0.0811   0.3080   0.3446  -0.30    0.0
2026/04/23 07:30:12.800   3509421.5132    779116.0317   5250973.8844   2  11   0.7115   0.2853   0.7540  -0.0772   0.3061   0.3459  -0.20    0.0
2026/04/23 07:30:12.900   3509421.4954    779116.1231   5250973.8607   2  11   0.7089   0.2841   0.7494  -0.0732   0.3042   0.3471  -0.10    0.0
2026/04/23 07:30:13.000   3509421.4593    779116.2153   5250973.8796   2  11   0.7064   0.2829   0.7448  -0.0691   0.3024   0.3482   0.00    0.0
2026/04/23 07:30:13.100   3509421.4241    779116.3040   5250973.9183   2  11   0.7039   0.2817   0.7403  -0.0649   0.3006   0.3493   0.10    0.0
2026/04/23 07:30:13.200   3509421.4026    779116.4047   5250973.9208   2  11   0.7014   0.2805   0.7359  -0.0606   0.2988   0.3503   0.20    0.0
2026/04/23 07:30:13.300   3509421.3911    779116.5044   5250973.9027   2  11   0.6990   0.2794   0.7316  -0.0561   0.2971   0.3512   0.30    0.0
2026/04/23 07:30:13.400   3509421.3628    779116.6006   5250973.9234   2  11   0.6966   0.2783   0.7274  -0.0513   0.2954   0.3521   0.40    0.0
2026/04/23 07:30:13.500   3509421.3303    779116.6836   5250973.9495   2  11   0.6942   0.2772   0.7232  -0.0463   0.2937   0.3529  -0.50    0.0
2026/04/23 07:30:13.600   3509421.3011    779116.7543   5250973.9575   2  11   0.6919   0.2761   0.7191  -0.0408   0.2921   0.3536  -0.40    0.0
2026/04/23 07:30:13.700   3509421.2762    779116.8332   5250974.0131   2  11   0.6896   0.2750   0.7151  -0.0346   0.2905   0.3543  -0.30    0.0
2026/04/23 07:30:13.800   3509421.2405    779116.9067   5250974.0548   2  11   0.6873   0.2739   0.7111  -0.0273   0.2889   0.3550  -0.20    0.0
2026/04/23 07:30:13.900   3509421.2131    779116.9805   5250974.1092   2  11   0.6850   0.2729   0.7072  -0.0176   0.2874   0.3556  -0.10    0.0
2026/04/23 07:30:14.000   3509421.1747    779117.0676   5250974.1319   2  11   0.6828   0.2718   0.7034   0.0108   0.2858   0.3561   0.00    0.0
2026/04/23 07:30:14.100   3509421.1104    779117.1618   5250974.1586   2  11   0.6797   0.2706   0.6994   0.0134   0.2841   0.3558   0.10    0.0
2026/04/23 07:30:14.200   3509421.0463    779117.2608   5250974.1799   2  11   0.6766   0.2694   0.6955   0.0154   0.2823   0.3554   0.20    0.0
2026/04/23 07:30:14.300   3509421.0347    779117.3589   5250974.1507   2  11   0.6745   0.2684   0.6918   0.0251   0.2809   0.3559   0.30    0.0
2026/04/23 07:30:14.400   3509420.9855    779117.4627   5250974.1996   2  11   0.6723   0.2674   0.6882   0.0319   0.2794   0.3563   0.40    0.0
2026/04/23 07:30:14.500   3509420.9597    779117.5679   5250974.2012   2  11   0.6702   0.2665   0.6846   0.0372   0.2781   0.3567  -0.50    0.0
2026/04/23 07:30:14.600   3509420.9029    779117.6706   5250974.1712   2  11   0.6673   0.2653   0.6809   0.0377   0.2764   0.3562  -0.40    0.0
2026/04/23 07:30:14.700   3509420.8760    779117.7789   5250974.1601   2  11   0.6644   0.2642   0.6772   0.0381   0.2748   0.3557  -0.30    0.0
2026/04/23 07:30:14.800   3509420.8458    779117.8938   5250974.1827   2  11   0.6615   0.2631   0.6736   0.0384   0.2732   0.3553  -0.20    0.0
2026/04/23 07:30:14.900   3509420.8207    779118.0047   5250974.1825   2  11   0.6595   0.2622   0.6703   0.0426   0.2718   0.3555  -0.10    0.0
2026/04/23 07:30:15.000   3509420.8259    779118.1202   5250974.1976   2  11   0.6567   0.2611   0.6667   0.0428   0.2703   0.3550   0.00    0.0
2026/04/23 07:30:15.100   3509420.8135    779118.2368   5250974.2018   2  11   0.6540   0.2600   0.6633   0.0431   0.2687   0.3545   0.10    0.0
2026/04/23 07:30:15.200   3509420.8156    779118.3454   5250974.1746   2  11   0.6512   0.2590   0.6598   0.0433   0.2672   0.3540   0.20    0.0
2026/04/23 07:30:15.300   3509420.7879    779118.4554   5250974.1936   2  11   0.6485   0.2579   0.6565   0.0434   0.2657   0.3534   0.30    0.0
2026/04/23 07:30:15.400   3509420.7564    779118.5626   5250974.2259   2  11   0.6459   0.2569   0.6531   0.0436   0.2642   0.3529   0.40    0.0
2026/04/23 07:30:15.500   3509420.7435    779118.6769   5250974.2731   2  11   0.6433   0.2559   0.6498   0.0438   0.2628   0.3523  -0.50    0.0
2026/04/23 07:30:15.600   3509420.7084    779118.7811   5250974.2845   2  11   0.6414   0.2550   0.6468   0.0470   0.2616   0.3524  -0.40    0.0
2026/04/23 07:30:15.700   3509420.6747    779118.8787   5250974.2547   2  11   0.6397   0.2542   0.6437   0.0500   0.2604   0.3525  -0.30    0.0
2026/04/23 07:30:15.800   3509420.6381    779118.9802   5250974.2639   2  11   0.6379   0.2533   0.6407   0.0527   0.2593   0.3526  -0.20    0.0
2026/04/23 07:30:15.900   3509420.6093    779119.0869   5250974.2700   2  11   0.6361   0.2525   0.6378   0.0552   0.2581   0.3527  -0.10    0.0
2026/04/23 07:30:16.000   3509420.5772    779119.1949   5250974.2864   2  11   0.6344   0.2517   0.6349   0.0575   0.2570   0.3528   0.00    0.0
2026/04/23 07:30:16.100   3509420.5456    779119.2994   5250974.2899   2  11   0.6327   0.2509   0.6320   0.0597   0.2559   0.3528   0.10    0.0
2026/04/23 07:30:16.200   3509420.5164    779119.4053   5250974.2764   2  11   0.6309   0.2501   0.6291   0.0618   0.2548   0.3528   0.20    0.0
2026/04/23 07:30:16.300   3509420.4811    779119.5106   5250974.2689   2  11   0.6292   0.2493   0.6263   0.0638   0.2537   0.3528   0.30    0.0
2026/04/23 07:30:16.400   3509420.4469    779119.6181   5250974.2930   2  11   0.6276   0.2485   0.6235   0.0656   0.2527   0.3528   0.40    0.0
2026/04/23 07:30:16.500   3509420.4082    779119.7250   5250974.2961   2  11   0.6259   0.2477   0.6208   0.0673   0.2516   0.3528  -0.50    0.0
2026/04/23 07:30:16.600   3509420.3631    779119.8401   5250974.3207   2  11   0.6243   0.2470   0.6180   0.0690   0.2506   0.3527  -0.40    0.0
2026/04/23 07:30:16.700   3509420.3294    779119.9462   5250974.2967   2  11   0.6226   0.2462   0.6154   0.0706   0.2496   0.3527  -0.30    0.0
2026/04/23 07:30:16.800   3509420.2992    779120.0545   5250974.2935   2  11   0.6210   0.2455   0.6127   0.0721   0.2486   0.3526  -0.20    0.0
2026/04/23 07:30:16.900   3509420.2559    779120.1618   5250974.3182   2  11   0.6194   0.2447   0.6100   0.0735   0.2476   0.3525  -0.10    0.0
2026/04/23 07:30:17.000   3509420.2180    779120.2696   5250974.3361   2  11   0.6178   0.2440   0.6074   0.0749   0.2466   0.3524   0.00    0.0
2026/04/23 07:30:17.100   3509420.1776    779120.3786   5250974.3465   2  11   0.6163   0.2432   0.6049   0.0762   0.2456   0.3523   0.10    0.0
2026/04/23 07:30:17.200   3509420.1564    779120.4804   5250974.3246   2  11   0.6147   0.2425   0.6023   0.0775   0.2446   0.3522   0.20    0.0
2026/04/23 07:30:17.300   3509420.1338    779120.5918   5250974.3317   2  11   0.6124   0.2416   0.5996   0.0771   0.2434   0.3515   0.30    0.0
2026/04/23 07:30:17.400   3509420.1008    779120.6958   5250974.3274   2  11   0.6102   0.2408   0.5969   0.0768   0.2422   0.3507   0.40    0.0
2026/04/23 07:30:17.500   3509420.0870    779120.8051   5250974.3285   2  11   0.6080   0.2399   0.5943   0.0764   0.2410   0.3500  -0.50    0.0
2026/04/23 07:30:17.600   3509420.0731    779120.9141   5250974.3207   2  11   0.6058   0.2391   0.5916   0.0761   0.2398   0.3492  -0.40    0.0
2026/04/23 07:30:17.700   3509420.0587    779121.0265   5250974.3207   2  11   0.6037   0.2383   0.5890   0.0757   0.2387   0.3485  -0.30    0.0
2026/04/23 07:30:17.800   3509420.0395    779121.1353   5250974.3295   2  11   0.6015   0.2375   0.5864   0.0754   0.2375   0.3477  -0.20    0.0
2026/04/23 07:30:17.900   3509420.0162    779121.2487   5250974.3457   2  11   0.5994   0.2366   0.5839   0.0750   0.2364   0.3470  -0.10    0.0
2026/04/23 07:30:18.000   3509420.0011    779121.3614   5250974.3420   2  11   0.5973   0.2358   0.5814   0.0747   0.2353   0.3463   0.00    0.0
2026/04/23 07:30:18.100   3509419.9946    779121.4745   5250974.3629   2  11   0.5953   0.2350   0.5789   0.0743   0.2342   0.3455   0.10    1.0
2026/04/23 07:30:18.200   3509419.9587    779121.5869   5250974.3990   2  11   0.5939   0.2344   0.5765   0.0755   0.2333   0.3454   0.20    1.0
2026/04/23 07:30:18.300   3509419.9231    779121.6907   5250974.3978   2  11   0.5925   0.2337   0.5743   0.0765   0.2324   0.3452   0.30    1.0
2026/04/23 07:30:18.400   3509419.8992    779121.7992   5250974.3825   2  11   0.5911   0.2331   0.5720   0.0776   0.2316   0.3450   0.40    1.0
2026/04/23 07:30:18.500   3509419.8803    779121.9107   5250974.3719   2  11   0.5897   0.2324   0.5698   0.0786   0.2308   0.3448  -0.50    1.0
2026/04/23 07:30:18.600   3509419.8633    779122.0187   5250974.3685   2  11   0.5884   0.2318   0.5675   0.0795   0.2299   0.3446  -0.40    1.0
2026/04/23 07:30:18.700   3509419.8376    779122.1243   5250974.3447   2  11   0.5870   0.2312   0.5653   0.0804   0.2291   0.3444  -0.30    1.0
2026/04/23 07:30:18.800   3509419.7977    779122.2347   5250974.3670   2  11   0.5857   0.2306   0.5632   0.0813   0.2283   0.3442  -0.20    1.0
2026/04/23 07:30:18.900   3509419.7634    779122.3419   5250974.3866   2  11   0.5843   0.2299   0.5610   0.0822   0.2275   0.3439  -0.10    1.0
2026/04/23 07:30:19.000   3509419.7435    779122.4497   5250974.3902   2  11   0.5830   0.2293   0.5588   0.0830   0.2267   0.3437   0.00    1.0
2026/04/23 07:30:19.100   3509419.7175    779122.5527   5250974.3693   2  11   0.5817   0.2287   0.5567   0.0839   0.2259   0.3435   0.10    1.0
2026/04/23 07:30:19.200   3509419.6929    779122.6563   5250974.3425   2  11   0.5804   0.2281   0.5546   0.0846   0.2251   0.3432   0.20    1.0
2026/04/23 07:30:19.300   3509419.6639    779122.7642   5250974.3584   2  11   0.5791   0.2275   0.5525   0.0854   0.2243   0.3430   0.30    1.0
2026/04/23 07:30:19.400   3509419.6191    779122.8674   5250974.3557   2  11   0.5778   0.2269   0.5504   0.0861   0.2235   0.3428   0.40    1.0
2026/04/23 07:30:19.500   3509419.5899    779122.9703   5250974.3475   2  11   0.5766   0.2263   0.5484   0.0868   0.2228   0.3425  -0.50    1.0
2026/04/23 07:30:19.600   3509419.5631    779123.0791   5250974.3532   2  11   0.5753   0.2257   0.5464   0.0875   0.2220   0.3422  -0.40    1.0
2026/04/23 07:30:19.700   3509419.5463    779123.1909   5250974.3437   2  11   0.5740   0.2251   0.5443   0.0882   0.2213   0.3420  -0.30    1.0
2026/04/23 07:30:19.800   3509419.5230    779123.2985   5250974.3263   2  11   0.5728   0.2246   0.5423   0.0889   0.2205   0.3417  -0.20    1.0
2026/04/23 07:30:19.900   3509419.4955    779123.4138   5250974.3602   2  11   0.5715   0.2240   0.5403   0.0895   0.2198   0.3414  -0.10    1.1
2026/04/23 07:30:20.000   3509419.4686    779123.5307   5250974.3663   2  11   0.5703   0.2234   0.5384   0.0901   0.2190   0.3412   0.00    1.1
2026/04/23 07:30:20.100   3509419.4543    779123.6457   5250974.3623   2  11   0.5691   0.2228   0.5364   0.0907   0.2183   0.3409   0.10    1.1
2026/04/23 07:30:20.200   3509419.4306    779123.7611   5250974.3804   2  11   0.5679   0.2223   0.5345   0.0913   0.2176   0.3406   0.20    1.1
2026/04/23 07:30:20.300   3509419.3866    779123.8668   5250974.3707   2  11   0.5667   0.2217   0.5326   0.0918   0.2169   0.3403   0.30    1.1
2026/04/23 07:30:20.400   3509419.3495    779123.9733   5250974.3799   2  11   0.5655   0.2212   0.5306   0.0924   0.2162   0.3400   0.40    1.1
2026/04/23 07:30:20.500   3509419.3265    779124.0840   5250974.3855   2  11   0.5643   0.2206   0.5288   0.0929   0.2155   0.3397  -0.50    1.1
2026/04/23 07:30:20.600   3509419.3068    779124.1989   5250974.3956   2  11   0.5631   0.2201   0.5269   0.0934   0.2148   0.3394  -0.40    1.1
2026/04/23 07:30:20.700   3509419.2834    779124.3099   5250974.3853   2  11   0.5619   0.2195   0.5250   0.0939   0.2141   0.3391  -0.30    1.1
2026/04/23 07:30:20.800   3509419.2646    779124.4237   5250974.3857   2  11   0.5608   0.2190   0.5232   0.0944   0.2134   0.3388  -0.20    1.1
2026/04/23 07:30:20.900   3509419.2383    779124.5363   5250974.3717   2  11   0.5596   0.2185   0.5213   0.0949   0.2127   0.3385  -0.10    1.1
2026/04/23 07:30:21.000   3509419.2140    779124.6466   5250974.3804   2  11   0.5585   0.2179   0.5195   0.0953   0.2120   0.3382   0.00    1.1
2026/04/23 07:30:21.100   3509419.1860    779124.7591   5250974.3829   2  11   0.5573   0.2174   0.5177   0.0958   0.2113   0.3379   0.10    1.1
2026/04/23 07:30:21.200   3509419.1443    779124.8650   5250974.3748   2  11   0.5562   0.2169   0.5159   0.0962   0.2107   0.3376   0.20    1.1
2026/04/23 07:30:21.300   3509419.1007    779124.9845   5250974.3495   2  11   0.5551   0.2164   0.5141   0.0966   0.2100   0.3373   0.30    1.1
2026/04/23 07:30:21.400   3509419.0616    779125.1257   5250974.3553   2  11   0.5539   0.2159   0.5124   0.0970   0.2093   0.3369   0.40    1.1
2026/04/23 07:30:21.500   3509419.0322    779125.2819   5250974.3647   2  11   0.5528   0.2153   0.5106   0.0974   0.2087   0.3366  -0.50    1.1
2026/04/23 07:30:21.600   3509418.9915    779125.4347   5250974.3603   2  11   0.5517   0.2148   0.5089   0.0978   0.2080   0.3363  -0.40    1.1
2026/04/23 07:30:21.700   3509418.9493    779125.5816   5250974.3626   2  11   0.5506   0.2143   0.5071   0.0982   0.2074   0.3360  -0.30    1.1
2026/04/23 07:30:21.800   3509418.8965    779125.7278   5250974.3606   2  11   0.5495   0.2138   0.5054   0.0986   0.2068   0.3356  -0.20    1.1
2026/04/23 07:30:21.900   3509418.8445    779125.8759   5250974.3460   2  11   0.5484   0.2133   0.5037   0.0989   0.2061   0.3353  -0.10    1.1
2026/04/23 07:30:22.000   3509418.8019    779126.0298   5250974.3480   2  11   0.5473   0.2128   0.5020   0.0993   0.2055   0.3350   0.00    1.1
2026/04/23 07:30:22.100   3509418.7498    779126.1868   5250974.3761   2  11   0.5463   0.2124   0.5003   0.0996   0.2049   0.3346   0.10    1.1
2026/04/23 07:30:22.200   3509418.7113    779126.3363   5250974.3664   2  11   0.5452   0.2119   0.4987   0.0999   0.2042   0.3343   0.20    1.1
2026/04/23 07:30:22.300   3509418.6738    779126.4873   5250974.3704   2  11   0.5441   0.2114   0.4970   0.1003   0.2036   0.3340   0.30    1.1
2026/04/23 07:30:22.400   3509418.6206    779126.6269   5250974.3909   2  11   0.5431   0.2109   0.4953   0.1006   0.2030   0.3336   0.40    1.1
2026/04/23 07:30:22.500   3509418.5669    779126.7661   5250974.4041   2  11   0.5420   0.2104   0.4937   0.1009   0.2024   0.3333  -0.50    1.1
2026/04/23 07:30:22.600   3509418.5256    779126.9061   5250974.3989   2  11   0.5410   0.2099   0.4921   0.1012   0.2018   0.3329  -0.40    1.1
2026/04/23 07:30:22.700   3509418.4877    779127.0481   5250974.3896   2  11   0.5400   0.2095   0.4905   0.1014   0.2012   0.3326  -0.30    1.1
2026/04/23 07:30:22.800   3509418.4722    779127.1896   5250974.4015   2  11   0.5379   0.2090   0.4888   0.1020   0.2006   0.3318  -0.20    1.1
2026/04/23 07:30:22.900   3509418.4591    779127.3320   5250974.4576   2  11   0.5360   0.2085   0.4872   0.1026   0.2001   0.3311  -0.10    1.2
2026/04/23 07:30:23.000   3509418.4497    779127.4691   5250974.4601   2  11   0.5340   0.2080   0.4855   0.1031   0.1995   0.3304   0.00    1.2
2026/04/23 07:30:23.100   3509418.4416    779127.6137   5250974.4754   2  11   0.5320   0.2076   0.4839   0.1036   0.1990   0.3296   0.10    1.2
2026/04/23 07:30:23.200   3509418.4402    779127.7593   5250974.4681   2  12   0.5300   0.2071   0.4822   0.1042   0.1984   0.3289   0.20    1.0
2026/04/23 07:30:23.300   3509418.4318    779127.9016   5250974.4453   2  12   0.5281   0.2066   0.4806   0.1047   0.1979   0.3282   0.30    1.2
2026/04/23 07:30:23.400   3509418.4468    779128.0538   5250974.4205   2  12   0.5258   0.2061   0.4789   0.1044   0.1971   0.3270   0.40    1.1
2026/04/23 07:30:23.500   3509418.4568    779128.2137   5250974.4506   2  12   0.5239   0.2056   0.4773   0.1049   0.1966   0.3263  -0.50    1.2
2026/04/23 07:30:23.600   3509418.4608    779128.3741   5250974.4942   2  12   0.5216   0.2051   0.4755   0.1046   0.1959   0.3252  -0.40    1.1
2026/04/23 07:30:23.700   3509418.4734    779128.5274   5250974.4922   2  12   0.5198   0.2046   0.4740   0.1051   0.1953   0.3245  -0.30    1.1
2026/04/23 07:30:23.800   3509418.4711    779128.6645   5250974.4865   2  12   0.5176   0.2041   0.4723   0.1048   0.1946   0.3234  -0.20    1.1
2026/04/23 07:30:23.900   3509418.4653    779128.8022   5250974.4757   2  12   0.5158   0.2036   0.4707   0.1052   0.1941   0.3227  -0.10    1.4
2026/04/23 07:30:24.000   3509418.4654    779128.9406   5250974.4905   2  12   0.5140   0.2032   0.4691   0.1056   0.1936   0.3220   0.00    1.1
2026/04/23 07:30:24.100   3509418.4643    779129.0758   5250974.4694   2  12   0.5119   0.2026   0.4675   0.1053   0.1929   0.3210   0.10    1.4
2026/04/23 07:30:24.200   3509418.4710    779129.2171   5250974.4621   2  12   0.5101   0.2022   0.4659   0.1057   0.1923   0.3203   0.20    1.1
2026/04/23 07:30:24.300   3509418.4649    779129.3594   5250974.4755   2  12   0.5080   0.2017   0.4643   0.1054   0.1916   0.3192   0.30    1.0
2026/04/23 07:30:24.400   3509418.4565    779129.4972   5250974.4629   2  12   0.5059   0.2012   0.4626   0.1052   0.1909   0.3182   0.40    1.1
2026/04/23 07:30:24.500   3509418.4575    779129.6347   5250974.4664   2  12   0.5038   0.2006   0.4610   0.1049   0.1902   0.3171  -0.50    1.1
2026/04/23 07:30:24.600   3509418.4617    779129.7760   5250974.4658   2  12   0.5018   0.2001   0.4594   0.1046   0.1896   0.3161  -0.40    1.1
2026/04/23 07:30:24.700   3509418.4466    779129.9143   5250974.4869   2  12   0.4998   0.1996   0.4578   0.1043   0.1889   0.3151  -0.30    1.1
2026/04/23 07:30:24.800   3509418.4348    779130.0553   5250974.4587   2  12   0.4978   0.1991   0.4562   0.1041   0.1882   0.3141  -0.20    1.1
2026/04/23 07:30:24.900   3509418.4325    779130.2052   5250974.4490   2  12   0.4958   0.1986   0.4546   0.1038   0.1875   0.3131  -0.10    1.0
2026/04/23 07:30:25.000   3509418.4413    779130.3491   5250974.4347   2  12   0.4938   0.1981   0.4530   0.1035   0.1868   0.3121   0.00    1.1
2026/04/23 07:30:25.100   3509418.4505    779130.4934   5250974.4347   2  12   0.4919   0.1975   0.4514   0.1033   0.1862   0.3111   0.10    1.2
2026/04/23 07:30:25.200   3509418.4586    779130.6307   5250974.4101   2  12   0.4900   0.1970   0.4498   0.1030   0.1855   0.3101   0.20    1.0
2026/04/23 07:30:25.300   3509418.4679    779130.7735   5250974.4022   2  12   0.4881   0.1966   0.4483   0.1027   0.1848   0.3092   0.30    1.3
2026/04/23 07:30:25.400   3509418.4788    779130.9161   5250974.3755   2  12   0.4862   0.1961   0.4467   0.1025   0.1842   0.3082   0.40    1.0
2026/04/23 07:30:25.500   3509418.4803    779131.0547   5250974.3585   2  12   0.4844   0.1956   0.4452   0.1022   0.1835   0.3073  -0.50    1.3
2026/04/23 07:30:25.600   3509418.4817    779131.1999   5250974.3604   2  12   0.4826   0.1951   0.4437   0.1019   0.1829   0.3063  -0.40    1.0
2026/04/23 07:30:25.700   3509418.4906    779131.3483   5250974.3496   2  12   0.4811   0.1947   0.4423   0.1022   0.1824   0.3057  -0.30    1.0
2026/04/23 07:30:25.800   3509418.4968    779131.4912   5250974.3466   2  12   0.4793   0.1942   0.4408   0.1020   0.1818   0.3048  -0.20    1.7
2026/04/23 07:30:25.900   3509418.4879    779131.6284   5250974.3381   2  12   0.4776   0.1937   0.4393   0.1017   0.1812   0.3039  -0.10    1.7
2026/04/23 07:30:26.000   3509418.4825    779131.7688   5250974.3150   2  12   0.4758   0.1933   0.4378   0.1015   0.1805   0.3030   0.00    1.7
2026/04/23 07:30:26.100   3509418.4915    779131.9086   5250974.3106   2  12   0.4741   0.1928   0.4363   0.1012   0.1799   0.3021   0.10    1.7
2026/04/23 07:30:26.200   3509418.5001    779132.0404   5250974.2742   2  12   0.4724   0.1923   0.4348   0.1009   0.1793   0.3012   0.20    1.7
2026/04/23 07:30:26.300   3509418.5098    779132.1695   5250974.2554   2  12   0.4707   0.1918   0.4334   0.1007   0.1787   0.3003   0.30    1.7
2026/04/23 07:30:26.400   3509418.5171    779132.3070   5250974.2172   2  12   0.4690   0.1914   0.4319   0.1004   0.1780   0.2994   0.40    1.7
2026/04/23 07:30:26.500   3509418.5162    779132.4409   5250974.1626   2  12   0.4673   0.1909   0.4305   0.1002   0.1774   0.2985  -0.50    1.7
2026/04/23 07:30:26.600   3509418.5286    779132.5876   5250974.1092   2  12   0.4657   0.1905   0.4290   0.0999   0.1768   0.2976  -0.40    1.7
2026/04/23 07:30:26.700   3509418.5341    779132.7375   5250974.0911   2  12   0.4641   0.1900   0.4276   0.0997   0.1762   0.2968  -0.30    1.7
2026/04/23 07:30:26.800   3509418.5447    779132.8843   5250974.0826   2  12   0.4625   0.1896   0.4262   0.0994   0.1756   0.2959  -0.20    1.0
2026/04/23 07:30:26.900   3509418.5399    779133.0237   5250974.0829   2  12   0.4609   0.1891   0.4248   0.0992   0.1750   0.2951  -0.10    1.2
2026/04/23 07:30:27.000   3509418.5501    779133.1620   5250974.0798   2  12   0.4593   0.1887   0.4234   0.0989   0.1744   0.2942   0.00    1.0
2026/04/23 07:30:27.100   3509418.5497    779133.2995   5250974.0472   2  12   0.4577   0.1882   0.4220   0.0987   0.1738   0.2934   0.10    1.0
2026/04/23 07:30:27.200   3509418.5466    779133.4393   5250974.0265   2  12   0.4562   0.1878   0.4206   0.0984   0.1733   0.2926   0.20    1.0
2026/04/23 07:30:27.300   3509418.5544    779133.5831   5250973.9982   2  12   0.4547   0.1874   0.4192   0.0982   0.1727   0.2918   0.30    1.8
2026/04/23 07:30:27.400   3509418.5601    779133.7287   5250973.9904   2  12   0.4532   0.1869   0.4178   0.0980   0.1721   0.2909   0.40    1.8
2026/04/23 07:30:27.500   3509418.5680    779133.8768   5250974.0072   2  12   0.4516   0.1865   0.4163   0.0978   0.1715   0.2902  -0.50    1.8
2026/04/23 07:30:27.600   3509418.5698    779134.0253   5250974.0098   2  13   0.4500   0.1860   0.4147   0.0973   0.1707   0.2894  -0.40    1.2
2026/04/23 07:30:27.700   3509418.5712    779134.1702   5250974.0269   2  13   0.4484   0.1855   0.4131   0.0968   0.1700   0.2885  -0.30    1.0
2026/04/23 07:30:27.800   3509418.5727    779134.3150   5250974.0230   2  13   0.4468   0.1850   0.4116   0.0963   0.1692   0.2876  -0.20    1.4
2026/04/23 07:30:27.900   3509418.5668    779134.4593   5250974.0117   2  14   0.4452   0.1845   0.4100   0.0958   0.1685   0.2868  -0.10    1.1
2026/04/23 07:30:28.000   3509418.5804    779134.6035   5250974.0287   2  14   0.4436   0.1840   0.4084   0.0953   0.1678   0.2859   0.00    1.8
2026/04/23 07:30:28.100   3509418.5728    779134.7415   5250974.0351   2  14   0.4420   0.1835   0.4069   0.0949   0.1670   0.2851   0.10    1.8
2026/04/23 07:30:28.200   3509418.5713    779134.8814   5250974.0210   2  14   0.4405   0.1830   0.4053   0.0944   0.1663   0.2842   0.20    2.0
2026/04/23 07:30:28.300   3509418.5851    779135.0287   5250973.9956   2  14   0.4390   0.1825   0.4038   0.0939   0.1656   0.2834   0.30    1.0
2026/04/23 07:30:28.400   3509418.6095    779135.1862   5250973.9772   2  14   0.4375   0.1820   0.4023   0.0935   0.1649   0.2826   0.40    1.0
2026/04/23 07:30:28.500   3509418.6261    779135.3405   5250973.9532   2  14   0.4360   0.1816   0.4008   0.0930   0.1642   0.2818  -0.50    1.1
2026/04/23 07:30:28.600   3509418.6483    779135.4958   5250973.9326   2  14   0.4345   0.1811   0.3994   0.0926   0.1635   0.2810  -0.40    1.0
2026/04/23 07:30:28.700   3509418.6660    779135.6461   5250973.9207   2  14   0.4330   0.1806   0.3979   0.0921   0.1628   0.2802  -0.30    1.1
2026/04/23 07:30:28.800   3509418.6827    779135.7796   5250973.8947   2  14   0.4316   0.1802   0.3964   0.0917   0.1621   0.2794  -0.20    1.1
2026/04/23 07:30:28.900   3509418.6970    779135.9119   5250973.8864   2  15   0.4296   0.1797   0.3949   0.0913   0.1615   0.2783  -0.10    1.0
2026/04/23 07:30:29.000   3509418.7210    779136.0496   5250973.8850   2  15   0.4277   0.1793   0.3934   0.0909   0.1608   0.2773   0.00    1.0
2026/04/23 07:30:29.100   3509418.7413    779136.1883   5250973.8472   2  15   0.4258   0.1788   0.3920   0.0904   0.1601   0.2763   0.10    1.2
2026/04/23 07:30:29.200   3509418.7583    779136.3301   5250973.8299   2  15   0.4239   0.1783   0.3905   0.0900   0.1595   0.2754   0.20    1.1
2026/04/23 07:30:29.300   3509418.7750    779136.4657   5250973.8099   2  15   0.4221   0.1779   0.3891   0.0896   0.1588   0.2744   0.30    1.4
2026/04/23 07:30:29.400   3509418.7912    779136.6018   5250973.7743   2  15   0.4203   0.1775   0.3876   0.0892   0.1582   0.2734   0.40    1.0
2026/04/23 07:30:29.500   3509418.8093    779136.7386   5250973.7538   2  15   0.4185   0.1770   0.3862   0.0888   0.1576   0.2725  -0.50    1.1
2026/04/23 07:30:29.600   3509418.8239    779136.8822   5250973.7348   2  15   0.4167   0.1766   0.3848   0.0884   0.1569   0.2715  -0.40    1.0
2026/04/23 07:30:29.700   3509418.8383    779137.0223   5250973.7192   2  15   0.4150   0.1762   0.3834   0.0880   0.1563   0.2706  -0.30    1.0
2026/04/23 07:30:29.800   3509418.8598    779137.1623   5250973.7061   2  15   0.4132   0.1757   0.3820   0.0876   0.1557   0.2697  -0.20    1.3
2026/04/23 07:30:29.900   3509418.8885    779137.3012   5250973.6919   2  15   0.4115   0.1753   0.3806   0.0873   0.1550   0.2688  -0.10    1.1
2026/04/23 07:30:30.000   3509418.9228    779137.4382   5250973.6755   2  15   0.4098   0.1749   0.3793   0.0869   0.1544   0.2678   0.00    1.1
2026/04/23 07:30:30.100   3509418.9519    779137.5717   5250973.6917   2  15   0.4082   0.1744   0.3779   0.0865   0.1538   0.2669   0.10    1.0
2026/04/23 07:30:30.200   3509418.9806    779137.7092   5250973.6798   2  15   0.4065   0.1740   0.3765   0.0861   0.1532   0.2660   0.20    1.1
2026/04/23 07:30:30.300   3509418.9988    779137.8513   5250973.6500   2  15   0.4049   0.1736   0.3752   0.0858   0.1526   0.2652   0.30    1.0
2026/04/23 07:30:30.400   3509419.0136    779137.9947   5250973.6250   2  15   0.4033   0.1732   0.3739   0.0854   0.1520   0.2643   0.40    1.0
2026/04/23 07:30:30.500   3509419.0315    779138.1314   5250973.6236   2  15   0.4017   0.1728   0.3725   0.0850   0.1514   0.2634  -0.50    1.0
2026/04/23 07:30:30.600   3509419.0446    779138.2688   5250973.6135   2  15   0.4001   0.1724   0.3712   0.0847   0.1508   0.2625  -0.40    1.4
2026/04/23 07:30:30.700   3509419.0575    779138.4070   5250973.6136   2  15   0.3986   0.1720   0.3699   0.0843   0.1503   0.2617  -0.30    1.1
2026/04/23 07:30:30.800   3509419.0671    779138.5456   5250973.6058   2  15   0.3970   0.1716   0.3686   0.0839   0.1497   0.2608  -0.20    1.2
2026/04/23 07:30:30.900   3509419.0743    779138.6803   5250973.6105   2  15   0.3955   0.1712   0.3673   0.0836   0.1491   0.2600  -0.10    1.1
2026/04/23 07:30:31.000   3509419.0705    779138.8063   5250973.6122   2  15   0.3940   0.1708   0.3661   0.0832   0.1485   0.2592   0.00    1.1
2026/04/23 07:30:31.100   3509419.0634    779138.9231   5250973.5981   2  15   0.3925   0.1704   0.3648   0.0829   0.1480   0.2583   0.10    1.0
2026/04/23 07:30:31.200   3509419.0619    779139.0301   5250973.6057   2  15   0.3910   0.1700   0.3635   0.0826   0.1474   0.2575   0.20    1.0
2026/04/23 07:30:31.300   3509419.0566    779139.1449   5250973.6074   2  15   0.3896   0.1696   0.3623   0.0822   0.1469   0.2567   0.30    1.4
2026/04/23 07:30:31.400   3509419.0726    779139.2647   5250973.6217   2  15   0.3882   0.1692   0.3610   0.0819   0.1463   0.2559   0.40    1.1
2026/04/23 07:30:31.500   3509419.0781    779139.3815   5250973.6061   2  15   0.3867   0.1688   0.3598   0.0816   0.1458   0.2551  -0.50    1.0
2026/04/23 07:30:31.600   3509419.0962    779139.5063   5250973.6014   2  15   0.3853   0.1684   0.3586   0.0812   0.1452   0.2543  -0.40    1.0
2026/04/23 07:30:31.700   3509419.1101    779139.6292   5250973.5899   2  15   0.3839   0.1681   0.3574   0.0809   0.1447   0.2535  -0.30    1.1
2026/04/23 07:30:31.800   3509419.1228    779139.7458   5250973.5864   2  15   0.3826   0.1677   0.3562   0.0806   0.1441   0.2527  -0.20    1.0
2026/04/23 07:30:31.900   3509419.1334    779139.8577   5250973.5786   2  15   0.3812   0.1673   0.3549   0.0803   0.1436   0.2520  -0.10    1.1
2026/04/23 07:30:32.000   3509419.1544    779139.9708   5250973.5689   2  15   0.3798   0.1669   0.3537   0.0799   0.1431   0.2512   0.00    1.1
2026/04/23 07:30:32.100   3509419.1751    779140.0801   5250973.5624   2  15   0.3785   0.1666   0.3526   0.0796   0.1425   0.2504   0.10    1.5
2026/04/23 07:30:32.200   3509419.1823    779140.1816   5250973.5700   2  15   0.3772   0.1662   0.3514   0.0793   0.1420   0.2497   0.20    1.1
2026/04/23 07:30:32.300   3509419.2029    779140.2819   5250973.5614   2  16   0.3759   0.1658   0.3502   0.0790   0.1415   0.2489   0.30    1.0
2026/04/23 07:30:32.400   3509419.2199    779140.3822   5250973.5600   2  16   0.3746   0.1655   0.3490   0.0787   0.1410   0.2482   0.40    1.1
2026/04/23 07:30:32.500   3509419.2398    779140.4889   5250973.5410   2  16   0.3733   0.1651   0.3479   0.0784   0.1405   0.2474  -0.50    1.1
2026/04/23 07:30:32.600   3509419.2547    779140.6041   5250973.5323   2  16   0.3720   0.1647   0.3467   0.0781   0.1400   0.2467  -0.40    1.0
2026/04/23 07:30:32.700   3509419.2793    779140.7224   5250973.5206   2  16   0.3708   0.1644   0.3456   0.0778   0.1395   0.2460  -0.30    1.0
2026/04/23 07:30:32.800   3509419.2941    779140.8415   5250973.5240   2  16   0.3695   0.1640   0.3445   0.0775   0.1390   0.2453  -0.20    1.0
2026/04/23 07:30:32.900   3509419.3091    779140.9497   5250973.5251   2  16   0.3683   0.1637   0.3433   0.0772   0.1385   0.2445  -0.10    1.2
2026/04/23 07:30:33.000   3509419.3243    779141.0556   5250973.5151   2  16   0.3671   0.1633   0.3422   0.0769   0.1380   0.2438   0.00    1.1
2026/04/23 07:30:33.100   3509419.3393    779141.1619   5250973.4913   2  16   0.3659   0.1630   0.3411   0.0766   0.1375   0.2431   0.10    1.1
2026/04/23 07:30:33.200   3509419.3425    779141.2648   5250973.4791   2  16   0.3647   0.1626   0.3400   0.0763   0.1370   0.2424   0.20    1.1
2026/04/23 07:30:33.300   3509419.3498    779141.3694   5250973.4583   2  16   0.3635   0.1623   0.3389   0.0760   0.1365   0.2417   0.30    1.1
2026/04/23 07:30:33.400   3509419.3584    779141.4696   5250973.4258   2  16   0.3623   0.1619   0.3378   0.0757   0.1360   0.2410   0.40    1.0
2026/04/23 07:30:33.500   3509419.3660    779141.5774   5250973.4064   2  16   0.3611   0.1616   0.3367   0.0754   0.1356   0.2404  -0.50    1.1
2026/04/23 07:30:33.600   3509419.3766    779141.6868   5250973.4075   2  16   0.3600   0.1613   0.3356   0.0751   0.1351   0.2397  -0.40    1.0
2026/04/23 07:30:33.700   3509419.3809    779141.7877   5250973.3741   2  16   0.3589   0.1609   0.3346   0.0749   0.1346   0.2390  -0.30    1.2
2026/04/23 07:30:33.800   3509419.3798    779141.8927   5250973.3673   2  16   0.3577   0.1606   0.3335   0.0746   0.1341   0.2384  -0.20    1.1
2026/04/23 07:30:33.900   3509419.3875    779141.9956   5250973.3493   2  16   0.3566   0.1603   0.3324   0.0743   0.1337   0.2377  -0.10    1.0
2026/04/23 07:30:34.000   3509419.3969    779142.0941   5250973.3197   2  16   0.3555   0.1599   0.3314   0.0740   0.1332   0.2370   0.00    1.2
2026/04/23 07:30:34.100   3509419.4088    779142.1947   5250973.3108   2  16   0.3544   0.1596   0.3303   0.0738   0.1328   0.2364   0.10    1.0
2026/04/23 07:30:34.200   3509419.4248    779142.2885   5250973.2889   2  16   0.3533   0.1593   0.3293   0.0735   0.1323   0.2357   0.20    1.1
2026/04/23 07:30:34.300   3509419.4340    779142.3663   5250973.2882   2  16   0.3522   0.1589   0.3283   0.0732   0.1318   0.2351   0.30    1.0
2026/04/23 07:30:34.400   3509419.4459    779142.4386   5250973.2700   2  16   0.3511   0.1586   0.3272   0.0730   0.1314   0.2344   0.40    1.0
2026/04/23 07:30:34.500   3509419.4543    779142.5107   5250973.2577   2  16   0.3501   0.1583   0.3262   0.0727   0.1310   0.2338  -0.50    1.2
2026/04/23 07:30:34.600   3509419.4589    779142.5788   5250973.2362   2  16   0.3490   0.1580   0.3252   0.0724   0.1305   0.2332  -0.40    1.0
2026/04/23 07:30:34.700   3509419.4728    779142.6454   5250973.2207   2  16   0.3480   0.1577   0.3242   0.0722   0.1301   0.2325  -0.30    1.2
2026/04/23 07:30:34.800   3509419.4736    779142.6980   5250973.2032   2  16   0.3469   0.1573   0.3232   0.0719   0.1296   0.2319  -0.20    1.1
2026/04/23 07:30:34.900   3509419.4809    779142.7480   5250973.1988   2  16   0.3459   0.1570   0.3222   0.0717   0.1292   0.2313  -0.10    1.1
2026/04/23 07:30:35.000   3509419.4831    779142.7877   5250973.1978   2  16   0.3449   0.1567   0.3212   0.0714   0.1288   0.2307   0.00    1.0
2026/04/23 07:30:35.100   3509419.4879    779142.8361   5250973.1918   2  16   0.3438   0.1564   0.3202   0.0712   0.1283   0.2300   0.10    1.2
2026/04/23 07:30:35.200   3509419.4907    779142.9041   5250973.1912   2  16   0.3428   0.1561   0.3192   0.0709   0.1279   0.2294   0.20    1.1
2026/04/23 07:30:35.300   3509419.5021    779142.9753   5250973.1779   2  16   0.3418   0.1558   0.3182   0.0707   0.1275   0.2288   0.30    1.5
2026/04/23 07:30:35.400   3509419.4978    779143.0536   5250973.1702   2  16   0.3409   0.1555   0.3173   0.0704   0.1270   0.2282   0.40    1.2
2026/04/23 07:30:35.500   3509419.5081    779143.1360   5250973.1708   2  16   0.3399   0.1552   0.3163   0.0702   0.1266   0.2276  -0.50    1.0
2026/04/23 07:30:35.600   3509419.5107    779143.2060   5250973.1593   2  16   0.3389   0.1549   0.3153   0.0699   0.1262   0.2270  -0.40    1.2
2026/04/23 07:30:35.700   3509419.5168    779143.2710   5250973.1591   2  16   0.3379   0.1546   0.3144   0.0697   0.1258   0.2264  -0.30    1.1
2026/04/23 07:30:35.800   3509419.5125    779143.3322   5250973.1533   2  16   0.3370   0.1543   0.3134   0.0694   0.1254   0.2258  -0.20    1.0
2026/04/23 07:30:35.900   3509419.5136    779143.4023   5250973.1535   2  16   0.3360   0.1540   0.3125   0.0692   0.1250   0.2252  -0.10    1.0
2026/04/23 07:30:36.000   3509419.5228    779143.4799   5250973.1422   2  16   0.3351   0.1537   0.3115   0.0689   0.1246   0.2247   0.00    1.0
2026/04/23 07:30:36.100   3509419.5144    779143.5515   5250973.1161   2  16   0.3342   0.1534   0.3106   0.0687   0.1241   0.2241   0.10    1.2
2026/04/23 07:30:36.200   3509419.5226    779143.6170   5250973.0995   2  16   0.3332   0.1531   0.3097   0.0685   0.1237   0.2235   0.20    1.0
2026/04/23 07:30:36.300   3509419.5267    779143.6804   5250973.0728   2  16   0.3323   0.1528   0.3087   0.0682   0.1233   0.2229   0.30    1.2
2026/04/23 07:30:36.400   3509419.5413    779143.7458   5250973.0594   2  16   0.3314   0.1525   0.3078   0.0680   0.1229   0.2224   0.40    1.1
2026/04/23 07:30:36.500   3509419.5445    779143.8125   5250973.0409   2  16   0.3305   0.1522   0.3069   0.0678   0.1225   0.2218  -0.50    1.2
2026/04/23 07:30:36.600   3509419.5485    779143.8802   5250973.0233   2  16   0.3296   0.1519   0.3060   0.0675   0.1222   0.2212  -0.40    1.0
2026/04/23 07:30:36.700   3509419.5548    779143.9460   5250973.0241   2  16   0.3287   0.1516   0.3051   0.0673   0.1218   0.2207  -0.30    1.2
2026/04/23 07:30:36.800   3509419.5606    779144.0136   5250973.0138   2  16   0.3278   0.1514   0.3042   0.0671   0.1214   0.2201  -0.20    1.1
2026/04/23 07:30:36.900   3509419.5702    779144.0758   5250973.0093   2  16   0.3269   0.1511   0.3033   0.0669   0.1210   0.2196  -0.10    1.5
2026/04/23 07:30:37.000   3509419.5750    779144.1402   5250972.9965   2  16   0.3261   0.1508   0.3024   0.0666   0.1206   0.2190   0.00    1.2
2026/04/23 07:30:37.100   3509419.5940    779144.2074   5250972.9900   2  16   0.3252   0.1505   0.3015   0.0664   0.1202   0.2185   0.10    1.0
2026/04/23 07:30:37.200   3509419.6057    779144.2736   5250972.9792   2  16   0.3243   0.1502   0.3006   0.0662   0.1198   0.2179   0.20    1.2
2026/04/23 07:30:37.300   3509419.6115    779144.3368   5250972.9633   2  16   0.3235   0.1500   0.2997   0.0660   0.1195   0.2174   0.30    1.1
2026/04/23 07:30:37.400   3509419.6189    779144.4013   5250972.9429   2  16   0.3226   0.1497   0.2989   0.0658   0.1191   0.2169   0.40    1.0
2026/04/23 07:30:37.500   3509419.6222    779144.4655   5250972.9525   2  16   0.3218   0.1494   0.2980   0.0655   0.1187   0.2163  -0.50    1.0
2026/04/23 07:30:37.600   3509419.6265    779144.5382   5250972.9552   2  16   0.3210   0.1491   0.2971   0.0653   0.1183   0.2158  -0.40    1.0
2026/04/23 07:30:37.700   3509419.6240    779144.6102   5250972.9394   2  16   0.3201   0.1489   0.2963   0.0651   0.1180   0.2153  -0.30    1.2
2026/04/23 07:30:37.800   3509419.6351    779144.6800   5250972.9393   2  16   0.3193   0.1486   0.2954   0.0649   0.1176   0.2147  -0.20    1.0
2026/04/23 07:30:37.900   3509419.6513    779144.7528   5250972.9380   2  16   0.3185   0.1483   0.2946   0.0647   0.1172   0.2142  -0.10    1.3
2026/04/23 07:30:38.000   3509419.6615    779144.8199   5250972.9370   2  16   0.3177   0.1481   0.2937   0.0645   0.1169   0.2137   0.00    1.0
2026/04/23 07:30:38.100   3509419.6728    779144.8897   5250972.9210   2  16   0.3169   0.1478   0.2929   0.0643   0.1165   0.2132   0.10    1.3
2026/04/23 07:30:38.200   3509419.6706    779144.9561   5250972.9161   2  16   0.3161   0.1475   0.2920   0.0640   0.1161   0.2127   0.20    1.0
2026/04/23 07:30:38.300   3509419.6735    779145.0266   5250972.9112   2  16   0.3153   0.1473   0.2912   0.0638   0.1158   0.2122   0.30    1.2
2026/04/23 07:30:38.400   3509419.6772    779145.0917   5250972.9124   2  16   0.3145   0.1470   0.2904   0.0636   0.1154   0.2117   0.40    1.0
2026/04/23 07:30:38.500   3509419.6826    779145.1638   5250972.9187   2  16   0.3137   0.1467   0.2896   0.0634   0.1151   0.2112  -0.50    1.5
2026/04/23 07:30:38.600   3509419.6944    779145.2305   5250972.9165   2  16   0.3129   0.1465   0.2887   0.0632   0.1147   0.2107  -0.40    1.2
2026/04/23 07:30:38.700   3509419.7059    779145.2966   5250972.9189   2  16   0.3121   0.1462   0.2879   0.0630   0.1144   0.2102  -0.30    1.0
2026/04/23 07:30:38.800   3509419.7175    779145.3643   5250972.9146   2  16   0.3114   0.1460   0.2871   0.0628   0.1140   0.2097  -0.20    1.3
2026/04/23 07:30:38.900   3509419.7260    779145.4283   5250972.9130   2  16   0.3106   0.1457   0.2863   0.0626   0.1137   0.2092  -0.10    1.1
2026/04/23 07:30:39.000   3509419.7402    779145.5009   5250972.9206   2  16   0.3098   0.1454   0.2855   0.0624   0.1133   0.2087   0.00    1.0
2026/04/23 07:30:39.100   3509419.7491    779145.5740   5250972.9156   2  16   0.3091   0.1452   0.2847   0.0622   0.1130   0.2082   0.10    1.1
2026/04/23 07:30:39.200   3509419.7495    779145.6402   5250972.9053   2  16   0.3083   0.1449   0.2839   0.0620   0.1126   0.2077   0.20    1.0
2026/04/23 07:30:39.300   3509419.7386    779145.7050   5250972.8898   2  16   0.3076   0.1447   0.2831   0.0618   0.1123   0.2072   0.30    1.2
2026/04/23 07:30:39.400   3509419.7397    779145.7685   5250972.8842   2  16   0.3069   0.1444   0.2823   0.0616   0.1119   0.2067   0.40    1.1
2026/04/23 07:30:39.500   3509419.7476    779145.8330   5250972.8672   2  16   0.3061   0.1442   0.2815   0.0614   0.1116   0.2062  -0.50    1.3
2026/04/23 07:30:39.600   3509419.7456    779145.9033   5250972.8632   2  16   0.3054   0.1439   0.2807   0.0612   0.1113   0.2058  -0.40    1.0
2026/04/23 07:30:39.700   3509419.7487    779145.9737   5250972.8543   2  16   0.3047   0.1437   0.2800   0.0610   0.1109   0.2053  -0.30    1.3
2026/04/23 07:30:39.800   3509419.7511    779146.0464   5250972.8546   2  16   0.3040   0.1434   0.2792   0.0609   0.1106   0.2048  -0.20    1.0
2026/04/23 07:30:39.900   3509419.7520    779146.1126   5250972.8359   2  16   0.3032   0.1432   0.2784   0.0607   0.1103   0.2044  -0.10    1.2
2026/04/23 07:30:40.000   3509419.7580    779146.1816   5250972.8216   2  16   0.3025   0.1430   0.2776   0.0605   0.1099   0.2039   0.00    1.0
2026/04/23 07:30:40.100   3509419.7612    779146.2516   5250972.8144   2  16   0.3018   0.1427   0.2769   0.0603   0.1096   0.2034   0.10    1.4
2026/04/23 07:30:40.200   3509419.7766    779146.3296   5250972.7930   2  16   0.3011   0.1425   0.2761   0.0601   0.1093   0.2030   0.20    1.1
2026/04/23 07:30:40.300   3509419.7750    779146.3996   5250972.7835   2  16   0.3004   0.1422   0.2753   0.0599   0.1090   0.2025   0.30    1.0
2026/04/23 07:30:40.400   3509419.7719    779146.4685   5250972.7712   2  15   0.2999   0.1420   0.2746   0.0596   0.1086   0.2021   0.40    1.2
2026/04/23 07:30:40.500   3509419.7677    779146.5368   5250972.7661   2  15   0.2994   0.1418   0.2739   0.0594   0.1083   0.2018  -0.50    1.0
2026/04/23 07:30:40.600   3509419.7548    779146.6012   5250972.7477   2  16   0.2987   0.1415   0.2732   0.0592   0.1080   0.2013  -0.40    1.0
2026/04/23 07:30:40.700   3509419.7533    779146.6627   5250972.7360   2  16   0.2980   0.1413   0.2724   0.0590   0.1077   0.2009  -0.30    1.1
2026/04/23 07:30:40.800   3509419.7542    779146.7288   5250972.7187   2  16   0.2973   0.1410   0.2717   0.0588   0.1073   0.2004  -0.20    1.0
2026/04/23 07:30:40.900   3509419.7532    779146.7927   5250972.6942   2  16   0.2967   0.1408   0.2709   0.0587   0.1070   0.2000  -0.10    1.2
2026/04/23 07:30:41.000   3509419.7507    779146.8522   5250972.6838   2  16   0.2960   0.1406   0.2702   0.0585   0.1067   0.1995   0.00    1.1
2026/04/23 07:30:41.100   3509419.7307    779146.9039   5250972.6951   2  16   0.2953   0.1403   0.2695   0.0583   0.1064   0.1991   0.10    1.3
2026/04/23 07:30:41.200   3509419.7194    779146.9403   5250972.7025   2  16   0.2946   0.1401   0.2687   0.0581   0.1061   0.1986   0.20    1.0
2026/04/23 07:30:41.300   3509419.7072    779146.9729   5250972.7099   2  16   0.2940   0.1399   0.2680   0.0580   0.1058   0.1982   0.30    1.3
2026/04/23 07:30:41.400   3509419.7030    779146.9972   5250972.7141   2  16   0.2933   0.1397   0.2673   0.0578   0.1055   0.1977   0.40    1.1
2026/04/23 07:30:41.500   3509419.6961    779147.0126   5250972.7208   2  15   0.2927   0.1395   0.2666   0.0577   0.1052   0.1973  -0.50    1.1
2026/04/23 07:30:41.600   3509419.6919    779147.0378   5250972.7210   2  16   0.2921   0.1392   0.2659   0.0575   0.1049   0.1969  -0.40    1.0
2026/04/23 07:30:41.700   3509419.6890    779147.0721   5250972.7005   2  16   0.2914   0.1390   0.2652   0.0574   0.1046   0.1965  -0.30    1.0
2026/04/23 07:30:41.800   3509419.6973    779147.1084   5250972.6884   2  16   0.2908   0.1388   0.2645   0.0572   0.1043   0.1960  -0.20    1.0
2026/04/23 07:30:41.900   3509419.6985    779147.1528   5250972.6909   2  16   0.2902   0.1386   0.2638   0.0570   0.1040   0.1956  -0.10    1.0
2026/04/23 07:30:42.000   3509419.7011    779147.1952   5250972.6925   2  16   0.2895   0.1383   0.2631   0.0569   0.1037   0.1952   0.00    1.1
2026/04/23 07:30:42.100   3509419.7030    779147.2335   5250972.6911   2  15   0.2889   0.1381   0.2624   0.0568   0.1035   0.1948   0.10    1.0
2026/04/23 07:30:42.200   3509419.7017    779147.2749   5250972.6830   2  16   0.2883   0.1379   0.2617   0.0566   0.1032   0.1944   0.20    1.0
2026/04/23 07:30:42.300   3509419.6969    779147.3240   5250972.6735   2  16   0.2877   0.1377   0.2610   0.0564   0.1029   0.1940   0.30    1.1
2026/04/23 07:30:42.400   3509419.6841    779147.3724   5250972.6883   2  16   0.2871   0.1375   0.2603   0.0563   0.1026   0.1936   0.40    1.0
2026/04/23 07:30:42.500   3509419.6774    779147.4175   5250972.6856   2  16   0.2865   0.1373   0.2596   0.0561   0.1023   0.1932  -0.50    1.2
2026/04/23 07:30:42.600   3509419.6636    779147.4549   5250972.6723   2  15   0.2859   0.1371   0.2590   0.0559   0.1020   0.1928  -0.40    1.3
2026/04/23 07:30:42.700   3509419.6517    779147.4797   5250972.6731   2  15   0.2854   0.1369   0.2584   0.0557   0.1017   0.1924  -0.30    1.1
2026/04/23 07:30:42.800   3509419.6400    779147.4861   5250972.6828   2  15   0.2848   0.1367   0.2577   0.0554   0.1014   0.1921  -0.20    1.0
2026/04/23 07:30:42.900   3509419.6299    779147.4807   5250972.6914   2  15   0.2843   0.1364   0.2571   0.0552   0.1011   0.1917  -0.10    1.0
2026/04/23 07:30:43.000   3509419.6181    779147.4698   5250972.6983   2  15   0.2837   0.1362   0.2565   0.0550   0.1009   0.1914   0.00    1.1
2026/04/23 07:30:43.100   3509419.6099    779147.4560   5250972.7018   2  15   0.2832   0.1360   0.2558   0.0548   0.1006   0.1910   0.10    1.0
2026/04/23 07:30:43.200   3509419.6075    779147.4499   5250972.7156   2  15   0.2826   0.1358   0.2552   0.0546   0.1003   0.1907   0.20    1.2
2026/04/23 07:30:43.300   3509419.5991    779147.4423   5250972.7244   2  15   0.2821   0.1356   0.2546   0.0544   0.1000   0.1903   0.30    1.0
2026/04/23 07:30:43.400   3509419.5927    779147.4352   5250972.7378   2  15   0.2816   0.1354   0.2540   0.0542   0.0997   0.1900   0.40    1.0
2026/04/23 07:30:43.500   3509419.5796    779147.4332   5250972.7410   2  15   0.2811   0.1352   0.2534   0.0540   0.0994   0.1897  -0.50    1.0
2026/04/23 07:30:43.600   3509419.5725    779147.4327   5250972.7461   2  15   0.2805   0.1350   0.2527   0.0538   0.0991   0.1893  -0.40    1.1
2026/04/23 07:30:43.700   3509419.5689    779147.4323   5250972.7523   2  15   0.2800   0.1348   0.2521   0.0536   0.0989   0.1890  -0.30    1.0
2026/04/23 07:30:43.800   3509419.5637    779147.4325   5250972.7605   2  15   0.2795   0.1346   0.2515   0.0534   0.0986   0.1887  -0.20    1.2
2026/04/23 07:30:43.900   3509419.5510    779147.4329   5250972.7572   2  15   0.2790   0.1344   0.2509   0.0532   0.0983   0.1883  -0.10    1.0
2026/04/23 07:30:44.000   3509419.5436    779147.4380   5250972.7574   2  15   0.2785   0.1342   0.2503   0.0530   0.0980   0.1880   0.00    1.1
2026/04/23 07:30:44.100   3509419.5413    779147.4417   5250972.7636   2  15   0.2779   0.1341   0.2497   0.0528   0.0978   0.1877   0.10    1.1
2026/04/23 07:30:44.200   3509419.5308    779147.4425   5250972.7630   2  15   0.2774   0.1339   0.2491   0.0526   0.0975   0.1873   0.20    1.0
2026/04/23 07:30:44.300   3509419.5201    779147.4435   5250972.7687   2  15   0.2769   0.1337   0.2486   0.0524   0.0972   0.1870   0.30    1.0
2026/04/23 07:30:44.400   3509419.5160    779147.4460   5250972.7711   2  15   0.2764   0.1335   0.2480   0.0522   0.0970   0.1867   0.40    1.1
2026/04/23 07:30:44.500   3509419.5135    779147.4524   5250972.7734   2  15   0.2759   0.1333   0.2474   0.0520   0.0967   0.1864  -0.50    1.1
2026/04/23 07:30:44.600   3509419.5078    779147.4551   5250972.7822   2  15   0.2754   0.1331   0.2468   0.0518   0.0964   0.1860  -0.40    1.1
2026/04/23 07:30:44.700   3509419.5030    779147.4527   5250972.7878   2  15   0.2749   0.1329   0.2462   0.0516   0.0962   0.1857  -0.30    1.1
2026/04/23 07:30:44.800   3509419.4958    779147.4530   5250972.7959   2  15   0.2744   0.1327   0.2457   0.0514   0.0959   0.1854  -0.20    1.1
2026/04/23 07:30:44.900   3509419.4941    779147.4549   5250972.7990   2  15   0.2739   0.1325   0.2451   0.0512   0.0956   0.1851  -0.10    1.2
2026/04/23 07:30:45.000   3509419.4918    779147.4562   5250972.8119   2  15   0.2735   0.1323   0.2445   0.0510   0.0954   0.1848   0.00    1.2
2026/04/23 07:30:45.100   3509419.4875    779147.4566   5250972.8216   2  15   0.2730   0.1321   0.2439   0.0508   0.0951   0.1845   0.10    1.0
2026/04/23 07:30:45.200   3509419.4845    779147.4548   5250972.8279   2  15   0.2725   0.1319   0.2434   0.0507   0.0949   0.1841   0.20    1.1
2026/04/23 07:30:45.300   3509419.4830    779147.4548   5250972.8349   2  15   0.2720   0.1318   0.2428   0.0505   0.0946   0.1838   0.30    1.2
2026/04/23 07:30:45.400   3509419.4796    779147.4574   5250972.8370   2  15   0.2715   0.1316   0.2422   0.0503   0.0943   0.1835   0.40    1.1
2026/04/23 07:30:45.500   3509419.4760    779147.4581   5250972.8358   2  15   0.2710   0.1314   0.2417   0.0501   0.0941   0.1832  -0.50    1.1
2026/04/23 07:30:45.600   3509419.4713    779147.4574   5250972.8375   2  15   0.2706   0.1312   0.2411   0.0499   0.0938   0.1829  -0.40    1.4
2026/04/23 07:30:45.700   3509419.4648    779147.4550   5250972.8392   2  15   0.2701   0.1310   0.2406   0.0497   0.0936   0.1826  -0.30    1.0
2026/04/23 07:30:45.800   3509419.4584    779147.4536   5250972.8433   2  15   0.2696   0.1308   0.2400   0.0495   0.0933   0.1823  -0.20    1.0
2026/04/23 07:30:45.900   3509419.4573    779147.4571   5250972.8502   2  15   0.2692   0.1307   0.2395   0.0494   0.0931   0.1820  -0.10    1.1
2026/04/23 07:30:46.000   3509419.4530    779147.4577   5250972.8591   2  15   0.2687   0.1305   0.2389   0.0492   0.0928   0.1816   0.00    1.2
2026/04/23 07:30:46.100   3509419.4515    779147.4577   5250972.8656   2  15   0.2682   0.1303   0.2384   0.0490   0.0926   0.1813   0.10    1.0
2026/04/23 07:30:46.200   3509419.4499    779147.4585   5250972.8726   2  15   0.2678   0.1301   0.2378   0.0488   0.0923   0.1810   0.20    1.2
2026/04/23 07:30:46.300   3509419.4502    779147.4578   5250972.8747   2  15   0.2673   0.1299   0.2373   0.0486   0.0921   0.1807   0.30    1.1
2026/04/23 07:30:46.400   3509419.4507    779147.4596   5250972.8751   2  15   0.2668   0.1298   0.2367   0.0485   0.0918   0.1804   0.40    1.3
2026/04/23 07:30:46.500   3509419.4462    779147.4605   5250972.8778   2  15   0.2664   0.1296   0.2362   0.0483   0.0916   0.1801  -0.50    1.2
2026/04/23 07:30:46.600   3509419.4442    779147.4606   5250972.8828   2  15   0.2659   0.1294   0.2356   0.0481   0.0913   0.1798  -0.40    1.0
2026/04/23 07:30:46.700   3509419.4428    779147.4624   5250972.8897   2  15   0.2655   0.1292   0.2351   0.0479   0.0911   0.1795  -0.30    1.1
2026/04/23 07:30:46.800   3509419.4425    779147.4652   5250972.8919   2  15   0.2650   0.1290   0.2346   0.0477   0.0909   0.1792  -0.20    1.2
2026/04/23 07:30:46.900   3509419.4462    779147.4681   5250972.8991   2  15   0.2646   0.1289   0.2340   0.0476   0.0906   0.1789  -0.10    1.1
2026/04/23 07:30:47.000   3509419.4472    779147.4702   5250972.9127   2  15   0.2641   0.1287   0.2335   0.0474   0.0904   0.1786   0.00    1.1
2026/04/23 07:30:47.100   3509419.4456    779147.4708   5250972.9228   2  15   0.2637   0.1285   0.2330   0.0472   0.0901   0.1783   0.10    1.5
2026/04/23 07:30:47.200   3509419.4440    779147.4715   5250972.9325   2  15   0.2632   0.1283   0.2324   0.0470   0.0899   0.1780   0.20    1.0
2026/04/23 07:30:47.300   3509419.4438    779147.4738   5250972.9461   2  15   0.2628   0.1282   0.2319   0.0469   0.0897   0.1777   0.30    1.0
2026/04/23 07:30:47.400   3509419.4446    779147.4759   5250972.9589   2  15   0.2623   0.1280   0.2314   0.0467   0.0894   0.1774   0.40    1.0
2026/04/23 07:30:47.500   3509419.4472    779147.4786   5250972.9704   2  15   0.2619   0.1278   0.2309   0.0465   0.0892   0.1771  -0.50    1.2
2026/04/23 07:30:47.600   3509419.4529    779147.4814   5250972.9783   2  15   0.2615   0.1277   0.2303   0.0463   0.0890   0.1768  -0.40    1.0
2026/04/23 07:30:47.700   3509419.4563    779147.4821   5250972.9841   2  15   0.2610   0.1275   0.2298   0.0462   0.0887   0.1765  -0.30    1.2
2026/04/23 07:30:47.800   3509419.4550    779147.4812   5250972.9896   2  15   0.2606   0.1273   0.2293   0.0460   0.0885   0.1762  -0.20    1.1
2026/04/23 07:30:47.900   3509419.4519    779147.4784   5250972.9959   2  15   0.2602   0.1271   0.2288   0.0458   0.0883   0.1760  -0.10    1.3
2026/04/23 07:30:48.000   3509419.4477    779147.4778   5250973.0027   2  15   0.2597   0.1270   0.2283   0.0457   0.0880   0.1757   0.00    1.2
2026/04/23 07:30:48.100   3509419.4453    779147.4785   5250973.0072   2  15   0.2593   0.1268   0.2278   0.0455   0.0878   0.1754   0.10    1.0
2026/04/23 07:30:48.200   3509419.4427    779147.4776   5250973.0099   2  15   0.2589   0.1266   0.2273   0.0453   0.0876   0.1751   0.20    1.2
2026/04/23 07:30:48.300   3509419.4449    779147.4793   5250973.0149   2  15   0.2585   0.1265   0.2267   0.0452   0.0873   0.1748   0.30    1.2
2026/04/23 07:30:48.400   3509419.4472    779147.4808   5250973.0253   2  15   0.2580   0.1263   0.2262   0.0450   0.0871   0.1745   0.40    1.1
2026/04/23 07:30:48.500   3509419.4486    779147.4830   5250973.0387   2  15   0.2576   0.1261   0.2257   0.0448   0.0869   0.1742  -0.50    1.0
2026/04/23 07:30:48.600   3509419.4502    779147.4853   5250973.0482   2  15   0.2572   0.1260   0.2252   0.0447   0.0867   0.1739  -0.40    1.5
2026/04/23 07:30:48.700   3509419.4484    779147.4843   5250973.0484   2  15   0.2568   0.1258   0.2247   0.0445   0.0864   0.1736  -0.30    1.1
2026/04/23 07:30:48.800   3509419.4473    779147.4858   5250973.0513   2  15   0.2564   0.1256   0.2242   0.0443   0.0862   0.1734  -0.20    1.0
2026/04/23 07:30:48.900   3509419.4494    779147.4844   5250973.0527   2  15   0.2560   0.1255   0.2237   0.0442   0.0860   0.1731  -0.10    1.0
2026/04/23 07:30:49.000   3509419.4488    779147.4840   5250973.0520   2  15   0.2555   0.1253   0.2232   0.0440   0.0858   0.1728   0.00    1.2
2026/04/23 07:30:49.100   3509419.4484    779147.4834   5250973.0586   2  15   0.2551   0.1252   0.2228   0.0438   0.0855   0.1725   0.10    1.1
2026/04/23 07:30:49.200   3509419.4478    779147.4814   5250973.0652   2  15   0.2547   0.1250   0.2223   0.0437   0.0853   0.1722   0.20    1.2
2026/04/23 07:30:49.300   3509419.4517    779147.4829   5250973.0706   2  15   0.2543   0.1248   0.2218   0.0435   0.0851   0.1720   0.30    1.0
2026/04/23 07:30:49.400   3509419.4565    779147.4856   5250973.0794   2  15   0.2539   0.1247   0.2213   0.0434   0.0849   0.1717   0.40    1.3
2026/04/23 07:30:49.500   3509419.4572    779147.4854   5250973.0879   2  15   0.2535   0.1245   0.2208   0.0432   0.0847   0.1714  -0.50    1.2
2026/04/23 07:30:49.600   3509419.4565    779147.4848   5250973.0944   2  15   0.2531   0.1244   0.2203   0.0430   0.0845   0.1711  -0.40    1.0
2026/04/23 07:30:49.700   3509419.4543    779147.4848   5250973.1010   2  15   0.2527   0.1242   0.2198   0.0429   0.0842   0.1708  -0.30    1.2
2026/04/23 07:30:49.800   3509419.4508    779147.4853   5250973.1051   2  15   0.2523   0.1240   0.2194   0.0427   0.0840   0.1706  -0.20    1.2
2026/04/23 07:30:49.900   3509419.4489    779147.4872   5250973.1121   2  15   0.2519   0.1239   0.2189   0.0426   0.0838   0.1703  -0.10    1.1
2026/04/23 07:30:50.000   3509419.4447    779147.4898   5250973.1170   2  15   0.2515   0.1237   0.2184   0.0424   0.0836   0.1700   0.00    1.0
2026/04/23 07:30:50.100   3509419.4363    779147.4888   5250973.1194   2  15   0.2511   0.1236   0.2179   0.0422   0.0834   0.1697   0.10    1.5
2026/04/23 07:30:50.200   3509419.4283    779147.4878   5250973.1196   2  15   0.2507   0.1234   0.2174   0.0421   0.0832   0.1695   0.20    1.1
2026/04/23 07:30:50.300   3509419.4253    779147.4874   5250973.1142   2  15   0.2503   0.1232   0.2170   0.0419   0.0830   0.1692   0.30    1.1
2026/04/23 07:30:50.400   3509419.4239    779147.4867   5250973.1113   2  15   0.2499   0.1231   0.2165   0.0418   0.0828   0.1689   0.40    1.0
2026/04/23 07:30:50.500   3509419.4235    779147.4866   5250973.1109   2  15   0.2495   0.1229   0.2160   0.0416   0.0825   0.1687  -0.50    1.2
2026/04/23 07:30:50.600   3509419.4206    779147.4876   5250973.1133   2  15   0.2492   0.1228   0.2156   0.0415   0.0823   0.1684  -0.40    1.1
2026/04/23 07:30:50.700   3509419.4162    779147.4889   5250973.1138   2  15   0.2488   0.1226   0.2151   0.0413   0.0821   0.1681  -0.30    1.2
2026/04/23 07:30:50.800   3509419.4138    779147.4891   5250973.1148   2  15   0.2484   0.1225   0.2146   0.0412   0.0819   0.1679  -0.20    1.0
2026/04/23 07:30:50.900   3509419.4136    779147.4894   5250973.1180   2  15   0.2480   0.1223   0.2142   0.0410   0.0817   0.1676  -0.10    1.3
2026/04/23 07:30:51.000   3509419.4162    779147.4903   5250973.1218   2  15   0.2476   0.1222   0.2137   0.0408   0.0815   0.1673   0.00    1.2
2026/04/23 07:30:51.100   3509419.4167    779147.4919   5250973.1243   2  15   0.2472   0.1220   0.2133   0.0407   0.0813   0.1671   0.10    1.0
2026/04/23 07:30:51.200   3509419.4180    779147.4944   5250973.1268   2  15   0.2469   0.1219   0.2128   0.0405   0.0811   0.1668   0.20    1.2
2026/04/23 07:30:51.300   3509419.4194    779147.4961   5250973.1312   2  15   0.2465   0.1217   0.2123   0.0404   0.0809   0.1665   0.30    1.2
2026/04/23 07:30:51.400   3509419.4177    779147.4964   5250973.1324   2  15   0.2461   0.1216   0.2119   0.0402   0.0807   0.1663   0.40    1.1
2026/04/23 07:30:51.500   3509419.4176    779147.4965   5250973.1342   2  15   0.2457   0.1214   0.2114   0.0401   0.0805   0.1660  -0.50    1.0
2026/04/23 07:30:51.600   3509419.4183    779147.4974   5250973.1387   2  15   0.2454   0.1213   0.2110   0.0399   0.0803   0.1657  -0.40    1.5
2026/04/23 07:30:51.700   3509419.4184    779147.4992   5250973.1403   2  15   0.2450   0.1211   0.2105   0.0398   0.0801   0.1655  -0.30    1.2
2026/04/23 07:30:51.800   3509419.4169    779147.5000   5250973.1439   2  15   0.2446   0.1210   0.2101   0.0396   0.0799   0.1652  -0.20    1.0
2026/04/23 07:30:51.900   3509419.4140    779147.5003   5250973.1496   2  15   0.2442   0.1208   0.2096   0.0395   0.0797   0.1650  -0.10    1.2
2026/04/23 07:30:52.000   3509419.4111    779147.5013   5250973.1545   2  15   0.2439   0.1207   0.2092   0.0393   0.0795   0.1647   0.00    1.3
2026/04/23 07:30:52.100   3509419.4072    779147.5025   5250973.1580   2  15   0.2435   0.1205   0.2087   0.0392   0.0793   0.1644   0.10    1.2
2026/04/23 07:30:52.200   3509419.4057    779147.5042   5250973.1658   2  15   0.2431   0.1204   0.2083   0.0391   0.0791   0.1642   0.20    1.4
2026/04/23 07:30:52.300   3509419.4061    779147.5064   5250973.1741   2  15   0.2428   0.1202   0.2079   0.0389   0.0789   0.1639   0.30    1.3
2026/04/23 07:30:52.400   3509419.4056    779147.5098   5250973.1829   2  15   0.2424   0.1201   0.2074   0.0388   0.0787   0.1637   0.40    1.2
2026/04/23 07:30:52.500   3509419.4019    779147.5105   5250973.1856   2  15   0.2420   0.1199   0.2070   0.0386   0.0785   0.1634  -0.50    1.1
2026/04/23 07:30:52.600   3509419.3999    779147.5123   5250973.1872   2  15   0.2417   0.1198   0.2066   0.0385   0.0783   0.1632  -0.40    1.2
2026/04/23 07:30:52.700   3509419.3965    779147.5152   5250973.1914   2  15   0.2413   0.1196   0.2061   0.0383   0.0781   0.1629  -0.30    1.2
2026/04/23 07:30:52.800   3509419.3901    779147.5153   5250973.1952   2  15   0.2410   0.1195   0.2057   0.0382   0.0779   0.1626  -0.20    1.2
2026/04/23 07:30:52.900   3509419.3861    779147.5169   5250973.1973   2  15   0.2406   0.1194   0.2053   0.0380   0.0778   0.1624  -0.10    1.1
2026/04/23 07:30:53.000   3509419.3815    779147.5180   5250973.1992   2  15   0.2403   0.1192   0.2048   0.0379   0.0776   0.1621   0.00    1.0
2026/04/23 07:30:53.100   3509419.3762    779147.5180   5250973.2039   2  15   0.2399   0.1191   0.2044   0.0377   0.0774   0.1619   0.10    1.5
2026/04/23 07:30:53.200   3509419.3716    779147.5198   5250973.2026   2  15   0.2395   0.1189   0.2040   0.0376   0.0772   0.1616   0.20    1.1
2026/04/23 07:30:53.300   3509419.3661    779147.5199   5250973.2027   2  15   0.2392   0.1188   0.2035   0.0375   0.0770   0.1614   0.30    1.1
2026/04/23 07:30:53.400   3509419.3604    779147.5200   5250973.2086   2  15   0.2388   0.1186   0.2031   0.0373   0.0768   0.1611   0.40    1.0
2026/04/23 07:30:53.500   3509419.3552    779147.5205   5250973.2136   2  15   0.2385   0.1185   0.2027   0.0372   0.0766   0.1609  -0.50    1.2
2026/04/23 07:30:53.600   3509419.3472    779147.5204   5250973.2138   2  15   0.2381   0.1184   0.2023   0.0370   0.0764   0.1606  -0.40    1.1
2026/04/23 07:30:53.700   3509419.3427    779147.5212   5250973.2137   2  15   0.2378   0.1182   0.2019   0.0369   0.0763   0.1604  -0.30    1.2
2026/04/23 07:30:53.800   3509419.3415    779147.5222   5250973.2128   2  15   0.2375   0.1181   0.2014   0.0368   0.0761   0.1601  -0.20    1.0
2026/04/23 07:30:53.900   3509419.3390    779147.5229   5250973.2124   2  15   0.2371   0.1179   0.2010   0.0366   0.0759   0.1599  -0.10    1.2
2026/04/23 07:30:54.000   3509419.3350    779147.5237   5250973.2104   2  15   0.2368   0.1178   0.2006   0.0365   0.0757   0.1597   0.00    1.2
2026/04/23 07:30:54.100   3509419.3288    779147.5249   5250973.2085   2  15   0.2364   0.1177   0.2002   0.0363   0.0755   0.1594   0.10    1.0
2026/04/23 07:30:54.200   3509419.3259    779147.5259   5250973.2101   2  15   0.2361   0.1175   0.1998   0.0362   0.0753   0.1592   0.20    1.3
2026/04/23 07:30:54.300   3509419.3243    779147.5276   5250973.2150   2  15   0.2357   0.1174   0.1994   0.0361   0.0752   0.1589   0.30    1.2
2026/04/23 07:30:54.400   3509419.3214    779147.5279   5250973.2191   2  15   0.2354   0.1172   0.1990   0.0359   0.0750   0.1587   0.40    1.1
2026/04/23 07:30:54.500   3509419.3166    779147.5289   5250973.2231   2  15   0.2351   0.1171   0.1986   0.0358   0.0748   0.1584  -0.50    1.1
2026/04/23 07:30:54.600   3509419.3135    779147.5297   5250973.2252   2  15   0.2347   0.1170   0.1981   0.0356   0.0746   0.1582  -0.40    1.5
2026/04/23 07:30:54.700   3509419.3097    779147.5312   5250973.2279   2  15   0.2344   0.1168   0.1977   0.0355   0.0744   0.1580  -0.30    1.2
2026/04/23 07:30:54.800   3509419.3059    779147.5320   5250973.2272   2  15   0.2341   0.1167   0.1973   0.0354   0.0743   0.1577  -0.20    1.1
2026/04/23 07:30:54.900   3509419.3031    779147.5320   5250973.2268   2  15   0.2337   0.1166   0.1969   0.0352   0.0741   0.1575  -0.10    1.0
2026/04/23 07:30:55.000   3509419.2996    779147.5323   5250973.2300   2  15   0.2334   0.1164   0.1965   0.0351   0.0739   0.1572   0.00    1.2
2026/04/23 07:30:55.100   3509419.2956    779147.5334   5250973.2345   2  15   0.2331   0.1163   0.1961   0.0350   0.0737   0.1570   0.10    1.1
2026/04/23 07:30:55.200   3509419.2920    779147.5349   5250973.2355   2  15   0.2327   0.1162   0.1957   0.0348   0.0735   0.1568   0.20    1.2
2026/04/23 07:30:55.300   3509419.2887    779147.5367   5250973.2381   2  15   0.2324   0.1160   0.1953   0.0347   0.0734   0.1565   0.30    1.0
2026/04/23 07:30:55.400   3509419.2862    779147.5377   5250973.2369   2  15   0.2321   0.1159   0.1949   0.0346   0.0732   0.1563   0.40    1.1
2026/04/23 07:30:55.500   3509419.2854    779147.5397   5250973.2365   2  15   0.2317   0.1158   0.1945   0.0344   0.0730   0.1561  -0.50    1.2
2026/04/23 07:30:55.600   3509419.2839    779147.5404   5250973.2367   2  15   0.2314   0.1156   0.1941   0.0343   0.0729   0.1558  -0.40    1.0
2026/04/23 07:30:55.700   3509419.2812    779147.5415   5250973.2381   2  15   0.2311   0.1155   0.1938   0.0342   0.0727   0.1556  -0.30    1.3
2026/04/23 07:30:55.800   3509419.2799    779147.5424   5250973.2395   2  15   0.2308   0.1154   0.1934   0.0340   0.0725   0.1554  -0.20    1.3
2026/04/23 07:30:55.900   3509419.2781    779147.5433   5250973.2405   2  15   0.2304   0.1152   0.1930   0.0339   0.0723   0.1551  -0.10    1.1
2026/04/23 07:30:56.000   3509419.2768    779147.5437   5250973.2403   2  15   0.2301   0.1151   0.1926   0.0338   0.0722   0.1549   0.00    1.1
2026/04/23 07:30:56.100   3509419.2745    779147.5443   5250973.2409   2  15   0.2298   0.1150   0.1922   0.0336   0.0720   0.1547   0.10    1.5
2026/04/23 07:30:56.200   3509419.2730    779147.5465   5250973.2413   2  15   0.2295   0.1148   0.1918   0.0334   0.0718   0.1544   0.20    1.2
2026/04/23 07:30:56.300   3509419.2729    779147.5475   5250973.2441   2  15   0.2291   0.1147   0.1914   0.0333   0.0717   0.1542   0.30    1.1
2026/04/23 07:30:56.400   3509419.2683    779147.5483   5250973.2452   2  15   0.2288   0.1146   0.1910   0.0331   0.0715   0.1540   0.40    1.0
2026/04/23 07:30:56.500   3509419.2636    779147.5478   5250973.2490   2  15   0.2285   0.1144   0.1907   0.0329   0.0713   0.1537  -0.50    1.2
2026/04/23 07:30:56.600   3509419.2592    779147.5479   5250973.2514   2  15   0.2282   0.1143   0.1903   0.0328   0.0712   0.1535  -0.40    1.1
2026/04/23 07:30:56.700   3509419.2563    779147.5493   5250973.2524   2  15   0.2278   0.1141   0.1899   0.0326   0.0710   0.1533  -0.30    1.2
2026/04/23 07:30:56.800   3509419.2525    779147.5511   5250973.2564   2  15   0.2275   0.1140   0.1895   0.0324   0.0708   0.1530  -0.20    1.0
2026/04/23 07:30:56.900   3509419.2482    779147.5521   5250973.2594   2  15   0.2272   0.1139   0.1891   0.0323   0.0707   0.1528  -0.10    1.1
2026/04/23 07:30:57.000   3509419.2454    779147.5524   5250973.2618   2  15   0.2269   0.1137   0.1888   0.0321   0.0705   0.1526   0.00    1.2
2026/04/23 07:30:57.100   3509419.2448    779147.5540   5250973.2664   2  15   0.2266   0.1136   0.1884   0.0319   0.0703   0.1524   0.10    1.0
2026/04/23 07:30:57.200   3509419.2418    779147.5549   5250973.2702   2  15   0.2262   0.1135   0.1880   0.0318   0.0702   0.1521   0.20    1.3
2026/04/23 07:30:57.300   3509419.2372    779147.5568   5250973.2746   2  15   0.2259   0.1133   0.1876   0.0316   0.0700   0.1519   0.30    1.3
2026/04/23 07:30:57.400   3509419.2324    779147.5588   5250973.2772   2  15   0.2256   0.1132   0.1873   0.0314   0.0698   0.1517   0.40    1.1
2026/04/23 07:30:57.500   3509419.2287    779147.5592   5250973.2801   2  15   0.2253   0.1131   0.1869   0.0313   0.0697   0.1515  -0.50    1.1
2026/04/23 07:30:57.600   3509419.2247    779147.5601   5250973.2856   2  15   0.2250   0.1129   0.1865   0.0311   0.0695   0.1512  -0.40    1.5
2026/04/23 07:30:57.700   3509419.2216    779147.5598   5250973.2887   2  15   0.2247   0.1128   0.1862   0.0310   0.0693   0.1510  -0.30    1.2
2026/04/23 07:30:57.800   3509419.2195    779147.5599   5250973.2896   2  15   0.2244   0.1127   0.1858   0.0308   0.0692   0.1508  -0.20    1.1
2026/04/23 07:30:57.900   3509419.2168    779147.5607   5250973.2914   2  15   0.2240   0.1126   0.1854   0.0306   0.0690   0.1506  -0.10    1.0
2026/04/23 07:30:58.000   3509419.2134    779147.5614   5250973.2931   2  15   0.2237   0.1124   0.1851   0.0305   0.0689   0.1504   0.00    1.1
2026/04/23 07:30:58.100   3509419.2088    779147.5625   5250973.2935   2  15   0.2234   0.1123   0.1847   0.0303   0.0687   0.1501   0.10    1.1
2026/04/23 07:30:58.200   3509419.2067    779147.5631   5250973.2947   2  15   0.2231   0.1122   0.1843   0.0301   0.0685   0.1499   0.20    1.2
2026/04/23 07:30:58.300   3509419.2044    779147.5639   5250973.2971   2  15   0.2228   0.1120   0.1840   0.0300   0.0684   0.1497   0.30    1.0
2026/04/23 07:30:58.400   3509419.2020    779147.5638   5250973.2985   2  15   0.2225   0.1119   0.1836   0.0298   0.0682   0.1495   0.40    1.1
2026/04/23 07:30:58.500   3509419.2011    779147.5650   5250973.2992   2  15   0.2222   0.1118   0.1833   0.0297   0.0681   0.1493  -0.50    1.2
2026/04/23 07:30:58.600   3509419.1979    779147.5662   5250973.3006   2  15   0.2219   0.1117   0.1829   0.0295   0.0679   0.1490  -0.40    1.1
2026/04/23 07:30:58.700   3509419.1964    779147.5672   5250973.3025   2  15   0.2216   0.1115   0.1826   0.0293   0.0678   0.1488  -0.30    1.4
2026/04/23 07:30:58.800   3509419.1977    779147.5674   5250973.3031   2  15   0.2213   0.1114   0.1822   0.0292   0.0676   0.1486  -0.20    1.3
2026/04/23 07:30:58.900   3509419.2003    779147.5687   5250973.3104   2  15   0.2210   0.1113   0.1819   0.0290   0.0675   0.1484  -0.10    1.1
2026/04/23 07:30:59.000   3509419.2027    779147.5700   5250973.3180   2  15   0.2207   0.1111   0.1815   0.0289   0.0673   0.1482   0.00    1.1
2026/04/23 07:30:59.100   3509419.2035    779147.5712   5250973.3203   2  15   0.2204   0.1110   0.1811   0.0287   0.0671   0.1480   0.10    1.4
2026/04/23 07:30:59.200   3509419.2032    779147.5731   5250973.3212   2  15   0.2201   0.1109   0.1808   0.0286   0.0670   0.1478   0.20    1.2
2026/04/23 07:30:59.300   3509419.2017    779147.5737   5250973.3219   2  15   0.2198   0.1108   0.1804   0.0284   0.0668   0.1475   0.30    1.1
2026/04/23 07:30:59.400   3509419.2016    779147.5742   5250973.3220   2  15   0.2195   0.1106   0.1801   0.0282   0.0667   0.1473   0.40    1.0
2026/04/23 07:30:59.500   3509419.2016    779147.5745   5250973.3222   2  15   0.2192   0.1105   0.1798   0.0281   0.0665   0.1471  -0.50    1.1
2026/04/23 07:30:59.600   3509419.2017    779147.5755   5250973.3213   2  15   0.2189   0.1104   0.1794   0.0279   0.0664   0.1469  -0.40    1.1
2026/04/23 07:30:59.700   3509419.1996    779147.5767   5250973.3195   2  15   0.2186   0.1103   0.1791   0.0278   0.0662   0.1467  -0.30    1.2
2026/04/23 07:30:59.800   3509419.1970    779147.5768   5250973.3153   2  15   0.2183   0.1101   0.1787   0.0276   0.0661   0.1465  -0.20    1.0
2026/04/23 07:30:59.900   3509419.1923    779147.5753   5250973.3103   2  15   0.2180   0.1100   0.1784   0.0275   0.0659   0.1463  -0.10    1.0
2026/04/23 07:31:00.000   3509419.1871    779147.5745   5250973.3047   2  15   0.2177   0.1099   0.1780   0.0273   0.0658   0.1461   0.00    1.1
2026/04/23 07:31:00.100   3509419.1836    779147.5748   5250973.3023   2  15   0.2175   0.1098   0.1777   0.0271   0.0656   0.1459   0.10    1.1
2026/04/23 07:31:00.200   3509419.1794    779147.5745   5250973.2980   2  15   0.2172   0.1096   0.1774   0.0270   0.0655   0.1456   0.20    1.4
2026/04/23 07:31:00.300   3509419.1753    779147.5746   5250973.2947   2  15   0.2169   0.1095   0.1770   0.0268   0.0653   0.1454   0.30    1.3
2026/04/23 07:31:00.400   3509419.1718    779147.5754   5250973.2945   2  15   0.2166   0.1094   0.1767   0.0267   0.0652   0.1452   0.40    1.1
2026/04/23 07:31:00.500   3509419.1665    779147.5753   5250973.2933   2  15   0.2163   0.1093   0.1764   0.0265   0.0650   0.1450  -0.50    1.1
2026/04/23 07:31:00.600   3509419.1642    779147.5758   5250973.2894   2  15   0.2160   0.1092   0.1760   0.0264   0.0649   0.1448  -0.40    1.4
2026/04/23 07:31:00.700   3509419.1651    779147.5769   5250973.2895   2  15   0.2157   0.1090   0.1757   0.0262   0.0648   0.1446  -0.30    1.1
2026/04/23 07:31:00.800   3509419.1639    779147.5771   5250973.2907   2  15   0.2154   0.1089   0.1753   0.0261   0.0646   0.1444  -0.20    1.1
2026/04/23 07:31:00.900   3509419.1634    779147.5771   5250973.2899   2  15   0.2152   0.1088   0.1750   0.0259   0.0645   0.1442  -0.10    1.0
2026/04/23 07:31:01.000   3509419.1624    779147.5774   5250973.2904   2  15   0.2149   0.1087   0.1747   0.0257   0.0643   0.1440   0.00    1.1
2026/04/23 07:31:01.100   3509419.1587    779147.5776   5250973.2920   2  15   0.2146   0.1086   0.1744   0.0256   0.0642   0.1438   0.10    1.0
2026/04/23 07:31:01.200   3509419.1571    779147.5775   5250973.2900   2  15   0.2143   0.1084   0.1740   0.0254   0.0640   0.1436   0.20    1.2
2026/04/23 07:31:01.300   3509419.1565    779147.5783   5250973.2900   2  15   0.2140   0.1083   0.1737   0.0253   0.0639   0.1434   0.30    1.0
2026/04/23 07:31:01.400   3509419.1568    779147.5775   5250973.2884   2  15   0.2138   0.1082   0.1734   0.0251   0.0637   0.1432   0.40    1.0
2026/04/23 07:31:01.500   3509419.1554    779147.5770   5250973.2862   2  15   0.2135   0.1081   0.1731   0.0250   0.0636   0.1430  -0.50    1.1
2026/04/23 07:31:01.600   3509419.1538    779147.5760   5250973.2859   2  15   0.2132   0.1080   0.1727   0.0248   0.0635   0.1428  -0.40    1.1
2026/04/23 07:31:01.700   3509419.1532    779147.5766   5250973.2858   2  15   0.2129   0.1079   0.1724   0.0247   0.0633   0.1426  -0.30    1.3
2026/04/23 07:31:01.800   3509419.1500    779147.5760   5250973.2864   2  15   0.2126   0.1077   0.1721   0.0245   0.0632   0.1424  -0.20    1.4
2026/04/23 07:31:01.900   3509419.1468    779147.5751   5250973.2874   2  15   0.2124   0.1076   0.1718   0.0244   0.0630   0.1422  -0.10    1.1
2026/04/23 07:31:02.000   3509419.1425    779147.5747   5250973.2865   2  15   0.2121   0.1075   0.1714   0.0242   0.0629   0.1420   0.00    1.1
2026/04/23 07:31:02.100   3509419.1395    779147.5747   5250973.2854   2  15   0.2118   0.1074   0.1711   0.0241   0.0628   0.1418   0.10    1.4
2026/04/23 07:31:02.200   3509419.1371    779147.5741   5250973.2837   2  15   0.2115   0.1073   0.1708   0.0239   0.0626   0.1416   0.20    1.1
2026/04/23 07:31:02.300   3509419.1333    779147.5733   5250973.2812   2  15   0.2113   0.1072   0.1705   0.0238   0.0625   0.1414   0.30    1.1
2026/04/23 07:31:02.400   3509419.1303    779147.5739   5250973.2789   2  15   0.2110   0.1070   0.1702   0.0236   0.0623   0.1412   0.40    1.0
2026/04/23 07:31:02.500   3509419.1301    779147.5734   5250973.2769   2  15   0.2107   0.1069   0.1699   0.0234   0.0622   0.1410  -0.50    1.1
2026/04/23 07:31:02.600   3509419.1290    779147.5724   5250973.2718   2  15   0.2105   0.1068   0.1695   0.0233   0.0621   0.1408  -0.40    1.0
2026/04/23 07:31:02.700   3509419.1275    779147.5722   5250973.2688   2  15   0.2102   0.1067   0.1692   0.0231   0.0619   0.1406  -0.30    1.2
2026/04/23 07:31:02.800   3509419.1268    779147.5721   5250973.2663   2  15   0.2099   0.1066   0.1689   0.0230   0.0618   0.1404  -0.20    1.1
2026/04/23 07:31:02.900   3509419.1246    779147.5720   5250973.2643   2  15   0.2097   0.1065   0.1686   0.0228   0.0617   0.1402  -0.10    1.0
2026/04/23 07:31:03.000   3509419.1222    779147.5720   5250973.2623   2  15   0.2094   0.1064   0.1683   0.0227   0.0615   0.1400   0.00    1.1
2026/04/23 07:31:03.100   3509419.1214    779147.5719   5250973.2597   2  15   0.2091   0.1062   0.1680   0.0225   0.0614   0.1398   0.10    1.1
2026/04/23 07:31:03.200   3509419.1220    779147.5716   5250973.2569   2  15   0.2089   0.1061   0.1677   0.0224   0.0612   0.1396   0.20    1.3
2026/04/23 07:31:03.300   3509419.1214    779147.5710   5250973.2537   2  15   0.2086   0.1060   0.1674   0.0222   0.0611   0.1394   0.30    1.4
2026/04/23 07:31:03.400   3509419.1200    779147.5709   5250973.2509   2  15   0.2083   0.1059   0.1671   0.0221   0.0610   0.1392   0.40    1.1
2026/04/23 07:31:03.500   3509419.1191    779147.5709   5250973.2504   2  15   0.2081   0.1058   0.1668   0.0219   0.0608   0.1390  -0.50    1.0
2026/04/23 07:31:03.600   3509419.1180    779147.5693   5250973.2502   2  15   0.2078   0.1057   0.1665   0.0218   0.0607   0.1388  -0.40    1.4
2026/04/23 07:31:03.700   3509419.1162    779147.5684   5250973.2483   2  15   0.2075   0.1056   0.1661   0.0216   0.0606   0.1386  -0.30    1.1
2026/04/23 07:31:03.800   3509419.1160    779147.5678   5250973.2464   2  15   0.2073   0.1055   0.1658   0.0215   0.0605   0.1385  -0.20    1.1
2026/04/23 07:31:03.900   3509419.1165    779147.5671   5250973.2435   2  15   0.2070   0.1054   0.1655   0.0213   0.0603   0.1383  -0.10    1.0
2026/04/23 07:31:04.000   3509419.1166    779147.5671   5250973.2435   2  15   0.2068   0.1052   0.1652   0.0212   0.0602   0.1381   0.00    1.1
2026/04/23 07:31:04.100   3509419.1163    779147.5669   5250973.2438   2  15   0.2065   0.1051   0.1649   0.0210   0.0601   0.1379   0.10    1.0
2026/04/23 07:31:04.200   3509419.1146    779147.5655   5250973.2416   2  15   0.2062   0.1050   0.1646   0.0209   0.0599   0.1377   0.20    1.1
2026/04/23 07:31:04.300   3509419.1130    779147.5659   5250973.2396   2  15   0.2060   0.1049   0.1643   0.0207   0.0598   0.1375   0.30    1.1
2026/04/23 07:31:04.400   3509419.1123    779147.5670   5250973.2391   2  15   0.2057   0.1048   0.1640   0.0206   0.0597   0.1373   0.40    1.1
2026/04/23 07:31:04.500   3509419.1106    779147.5677   5250973.2377   2  15   0.2055   0.1047   0.1638   0.0204   0.0595   0.1371  -0.50    1.1
2026/04/23 07:31:04.600   3509419.1099    779147.5685   5250973.2341   2  15   0.2052   0.1046   0.1635   0.0203   0.0594   0.1369  -0.40    1.1
2026/04/23 07:31:04.700   3509419.1073    779147.5683   5250973.2314   2  15   0.2050   0.1045   0.1632   0.0201   0.0593   0.1368  -0.30    1.3
2026/04/23 07:31:04.800   3509419.1059    779147.5676   5250973.2289   2  15   0.2047   0.1044   0.1629   0.0199   0.0591   0.1366  -0.20    1.4
2026/04/23 07:31:04.900   3509419.1043    779147.5679   5250973.2253   2  15   0.2045   0.1043   0.1626   0.0198   0.0590   0.1364  -0.10    1.0
2026/04/23 07:31:05.000   3509419.1024    779147.5670   5250973.2216   2  15   0.2042   0.1042   0.1623   0.0196   0.0589   0.1362   0.00    1.0
2026/04/23 07:31:05.100   3509419.1026    779147.5661   5250973.2188   2  15   0.2039   0.1040   0.1620   0.0195   0.0588   0.1360   0.10    1.3
2026/04/23 07:31:05.200   3509419.1018    779147.5650   5250973.2146   2  15   0.2037   0.1039   0.1617   0.0193   0.0586   0.1358   0.20    1.1
2026/04/23 07:31:05.300   3509419.1009    779147.5645   5250973.2123   2  15   0.2034   0.1038   0.1614   0.0192   0.0585   0.1356   0.30    1.1
2026/04/23 07:31:05.400   3509419.1031    779147.5650   5250973.2117   2  15   0.2032   0.1037   0.1611   0.0190   0.0584   0.1355   0.40    1.1
2026/04/23 07:31:05.500   3509419.1049    779147.5648   5250973.2097   2  15   0.2029   0.1036   0.1608   0.0189   0.0583   0.1353  -0.50    1.1
2026/04/23 07:31:05.600   3509419.1056    779147.5652   5250973.2079   2  15   0.2027   0.1035   0.1606   0.0187   0.0581   0.1351  -0.40    1.0
2026/04/23 07:31:05.700   3509419.1057    779147.5643   5250973.2082   2  15   0.2024   0.1034   0.1603   0.0186   0.0580   0.1349  -0.30    1.1
2026/04/23 07:31:05.800   3509419.1063    779147.5637   5250973.2046   2  15   0.2022   0.1033   0.1600   0.0184   0.0579   0.1347  -0.20    1.1
2026/04/23 07:31:05.900   3509419.1071    779147.5640   5250973.2026   2  15   0.2020   0.1032   0.1597   0.0183   0.0578   0.1345  -0.10    1.1
2026/04/23 07:31:06.000   3509419.1085    779147.5644   5250973.2029   2  15   0.2017   0.1031   0.1594   0.0181   0.0576   0.1344   0.00    1.0
2026/04/23 07:31:06.100   3509419.1085    779147.5656   5250973.2028   2  15   0.2015   0.1030   0.1591   0.0180   0.0575   0.1342   0.10    1.1
2026/04/23 07:31:06.200   3509419.1088    779147.5653   5250973.2010   2  15   0.2012   0.1029   0.1588   0.0178   0.0574   0.1340   0.20    1.2
2026/04/23 07:31:06.300   3509419.1092    779147.5650   5250973.1996   2  15   0.2010   0.1028   0.1586   0.0176   0.0573   0.1338   0.30    1.3
2026/04/23 07:31:06.400   3509419.1106    779147.5671   5250973.1970   2  15   0.2007   0.1027   0.1583   0.0175   0.0571   0.1336   0.40    1.0
2026/04/23 07:31:06.500   3509419.1062    779147.5665   5250973.1936   2  15   0.2005   0.1026   0.1580   0.0173   0.0570   0.1335  -0.50    1.0
2026/04/23 07:31:06.600   3509419.1060    779147.5676   5250973.1921   2  15   0.2002   0.1025   0.1577   0.0172   0.0569   0.1333  -0.40    1.3
2026/04/23 07:31:06.700   3509419.1049    779147.5678   5250973.1919   2  15   0.2000   0.1024   0.1575   0.0170   0.0568   0.1331  -0.30    1.1
2026/04/23 07:31:06.800   3509419.1044    779147.5678   5250973.1886   2  15   0.1998   0.1023   0.1572   0.0169   0.0567   0.1329  -0.20    1.1
2026/04/23 07:31:06.900   3509419.1016    779147.5673   5250973.1833   2  15   0.1995   0.1022   0.1569   0.0167   0.0565   0.1327  -0.10    1.1
2026/04/23 07:31:07.000   3509419.1019    779147.5674   5250973.1806   2  15   0.1993   0.1021   0.1566   0.0165   0.0564   0.1326   0.00    1.1
2026/04/23 07:31:07.100   3509419.1023    779147.5681   5250973.1778   2  15   0.1990   0.1020   0.1564   0.0164   0.0563   0.1324   0.10    1.0
2026/04/23 07:31:07.200   3509419.1013    779147.5688   5250973.1740   2  15   0.1988   0.1019   0.1561   0.0162   0.0562   0.1322   0.20    1.1
2026/04/23 07:31:07.300   3509419.1025    779147.5692   5250973.1704   2  15   0.1986   0.1018   0.1558   0.0161   0.0561   0.1320   0.30    1.1
2026/04/23 07:31:07.400   3509419.1020    779147.5695   5250973.1680   2  15   0.1983   0.1017   0.1555   0.0159   0.0559   0.1319   0.40    1.1
2026/04/23 07:31:07.500   3509419.1018    779147.5701   5250973.1646   2  15   0.1981   0.1016   0.1553   0.0157   0.0558   0.1317  -0.50    1.0
2026/04/23 07:31:07.600   3509419.1030    779147.5704   5250973.1612   2  15   0.1979   0.1015   0.1550   0.0156   0.0557   0.1315  -0.40    1.1
2026/04/23 07:31:07.700   3509419.1038    779147.5699   5250973.1590   2  15   0.1976   0.1013   0.1547   0.0154   0.0556   0.1313  -0.30    1.2
2026/04/23 07:31:07.800   3509419.1032    779147.5704   5250973.1583   2  15   0.1974   0.1012   0.1545   0.0153   0.0555   0.1312  -0.20    1.3
2026/04/23 07:31:07.900   3509419.1048    779147.5703   5250973.1559   2  15   0.1971   0.1011   0.1542   0.0151   0.0554   0.1310  -0.10    1.0
2026/04/23 07:31:08.000   3509419.1059    779147.5714   5250973.1536   2  15   0.1969   0.1010   0.1539   0.0149   0.0552   0.1308   0.00    1.0
2026/04/23 07:31:08.100   3509419.1046    779147.5712   5250973.1500   2  15   0.1967   0.1009   0.1537   0.0148   0.0551   0.1306   0.10    1.3
2026/04/23 07:31:08.200   3509419.1012    779147.5719   5250973.1491   2  15   0.1964   0.1008   0.1534   0.0146   0.0550   0.1305   0.20    1.1
2026/04/23 07:31:08.300   3509419.1005    779147.5718   5250973.1481   2  15   0.1962   0.1008   0.1531   0.0144   0.0549   0.1303   0.30    1.1
2026/04/23 07:31:08.400   3509419.1000    779147.5720   5250973.1470   2  15   0.1960   0.1007   0.1529   0.0143   0.0548   0.1301   0.40    1.1
2026/04/23 07:31:08.500   3509419.1007    779147.5722   5250973.1443   2  15   0.1957   0.1006   0.1526   0.0141   0.0547   0.1300  -0.50    1.1
2026/04/23 07:31:08.600   3509419.1014    779147.5733   5250973.1403   2  15   0.1955   0.1005   0.1523   0.0139   0.0546   0.1298  -0.40    1.0
2026/04/23 07:31:08.700   3509419.1024    779147.5737   5250973.1370   2  15   0.1953   0.1004   0.1521   0.0138   0.0544   0.1296  -0.30    1.1
2026/04/23 07:31:08.800   3509419.1018    779147.5744   5250973.1364   2  15   0.1951   0.1003   0.1518   0.0136   0.0543   0.1294  -0.20    1.1
2026/04/23 07:31:08.900   3509419.1018    779147.5762   5250973.1358   2  15   0.1948   0.1002   0.1516   0.0134   0.0542   0.1293  -0.10    1.2
2026/04/23 07:31:09.000   3509419.1029    779147.5764   5250973.1350   2  15   0.1946   0.1001   0.1513   0.0133   0.0541   0.1291   0.00    1.0
2026/04/23 07:31:09.100   3509419.1033    779147.5767   5250973.1340   2  15   0.1944   0.1000   0.1510   0.0131   0.0540   0.1289   0.10    1.1
2026/04/23 07:31:09.200   3509419.0998    779147.5770   5250973.1339   2  15   0.1941   0.0999   0.1508   0.0129   0.0539   0.1288   0.20    1.2
2026/04/23 07:31:09.300   3509419.0985    779147.5778   5250973.1333   2  15   0.1939   0.0998   0.1505   0.0127   0.0538   0.1286   0.30    1.3
2026/04/23 07:31:09.400   3509419.0975    779147.5784   5250973.1326   2  15   0.1937   0.0997   0.1503   0.0126   0.0536   0.1284   0.40    1.0
2026/04/23 07:31:09.500   3509419.0959    779147.5774   5250973.1315   2  15   0.1935   0.0996   0.1500   0.0124   0.0535   0.1283  -0.50    1.0
2026/04/23 07:31:09.600   3509419.0955    779147.5774   5250973.1296   2  15   0.1932   0.0995   0.1498   0.0122   0.0534   0.1281  -0.40    1.3
2026/04/23 07:31:09.700   3509419.0935    779147.5784   5250973.1283   2  15   0.1930   0.0994   0.1495   0.0120   0.0533   0.1279  -0.30    1.0
2026/04/23 07:31:09.800   3509419.0944    779147.5784   5250973.1263   2  15   0.1928   0.0993   0.1493   0.0118   0.0532   0.1278  -0.20    1.1
2026/04/23 07:31:09.900   3509419.0960    779147.5789   5250973.1251   2  15   0.1926   0.0992   0.1490   0.0117   0.0531   0.1276  -0.10    1.1
2026/04/23 07:31:10.000   3509419.0965    779147.5789   5250973.1243   2  15   0.1923   0.0991   0.1488   0.0115   0.0530   0.1274   0.00    1.1
2026/04/23 07:31:10.100   3509419.0987    779147.5787   5250973.1230   2  15   0.1921   0.0990   0.1485   0.0113   0.0529   0.1273   0.10    1.0
2026/04/23 07:31:10.200   3509419.1018    779147.5793   5250973.1217   2  15   0.1919   0.0989   0.1483   0.0111   0.0528   0.1271   0.20    1.1
2026/04/23 07:31:10.300   3509419.1022    779147.5793   5250973.1197   2  15   0.1917   0.0988   0.1480   0.0109   0.0527   0.1269   0.30    1.1
2026/04/23 07:31:10.400   3509419.1032    779147.5805   5250973.1186   2  15   0.1915   0.0987   0.1478   0.0107   0.0525   0.1268   0.40    1.2
2026/04/23 07:31:10.500   3509419.1024    779147.5819   5250973.1172   2  15   0.1912   0.0986   0.1475   0.0105   0.0524   0.1266  -0.50    1.0
2026/04/23 07:31:10.600   3509419.1032    779147.5844   5250973.1177   2  15   0.1910   0.0985   0.1473   0.0103   0.0523   0.1265  -0.40    1.1
2026/04/23 07:31:10.700   3509419.1060    779147.5850   5250973.1160   2  15   0.1908   0.0984   0.1470   0.0101   0.0522   0.1263  -0.30    1.2
2026/04/23 07:31:10.800   3509419.1070    779147.5856   5250973.1124   2  15   0.1906   0.0983   0.1468   0.0099   0.0521   0.1261  -0.20    1.3
2026/04/23 07:31:10.900   3509419.1090    779147.5872   5250973.1104   2  15   0.1904   0.0983   0.1465   0.0097   0.0520   0.1260  -0.10    1.0
2026/04/23 07:31:11.000   3509419.1131    779147.5873   5250973.1101   2  15   0.1901   0.0982   0.1463   0.0095   0.0519   0.1258   0.00    1.0
2026/04/23 07:31:11.100   3509419.1149    779147.5877   5250973.1094   2  15   0.1899   0.0981   0.1460   0.0093   0.0518   0.1256   0.10    1.2
2026/04/23 07:31:11.200   3509419.1168    779147.5878   5250973.1097   2  15   0.1897   0.0980   0.1458   0.0091   0.0517   0.1255   0.20    1.0
2026/04/23 07:31:11.300   3509419.1174    779147.5871   5250973.1081   2  15   0.1895   0.0979   0.1456   0.0089   0.0516   0.1253   0.30    1.1
2026/04/23 07:31:11.400   3509419.1188    779147.5871   5250973.1073   2  15   0.1893   0.0978   0.1453   0.0087   0.0515   0.1252   0.40    1.1
2026/04/23 07:31:11.500   3509419.1194    779147.5860   5250973.1054   2  15   0.1891   0.0977   0.1451   0.0084   0.0514   0.1250  -0.50    1.0
2026/04/23 07:31:11.600   3509419.1200    779147.5872   5250973.1032   2  15   0.1889   0.0976   0.1448   0.0082   0.0513   0.1248  -0.40    1.1
2026/04/23 07:31:11.700   3509419.1208    779147.5886   5250973.1037   2  15   0.1886   0.0975   0.1446   0.0080   0.0512   0.1247  -0.30    1.1
2026/04/23 07:31:11.800   3509419.1214    779147.5904   5250973.1039   2  15   0.1884   0.0974   0.1444   0.0077   0.0511   0.1245  -0.20    1.0
2026/04/23 07:31:11.900   3509419.1224    779147.5909   5250973.1025   2  15   0.1882   0.0973   0.1441   0.0075   0.0510   0.1244  -0.10    1.2
2026/04/23 07:31:12.000   3509419.1233    779147.5910   5250973.1011   2  15   0.1880   0.0972   0.1439   0.0072   0.0509   0.1242   0.00    1.0
2026/04/23 07:31:12.100   3509419.1251    779147.5910   5250973.0988   2  15   0.1878   0.0972   0.1436   0.0070   0.0508   0.1241   0.10    1.1
2026/04/23 07:31:12.200   3509419.1273    779147.5915   5250973.0992   2  15   0.1876   0.0971   0.1434   0.0067   0.0506   0.1239   0.20    1.2
2026/04/23 07:31:12.300   3509419.1272    779147.5917   5250973.0988   2  15   0.1874   0.0970   0.1432   0.0064   0.0505   0.1237   0.30    1.3
2026/04/23 07:31:12.400   3509419.1277    779147.5930   5250973.0988   2  15   0.1872   0.0969   0.1429   0.0061   0.0504   0.1236   0.40    1.0
2026/04/23 07:31:12.500   3509419.1283    779147.5930   5250973.0969   2  15   0.1869   0.0968   0.1427   0.0058   0.0503   0.1234  -0.50    1.0
2026/04/23 07:31:12.600   3509419.1282    779147.5928   5250973.0956   2  15   0.1867   0.0967   0.1425   0.0055   0.0502   0.1233  -0.40    1.2
2026/04/23 07:31:12.700   3509419.1311    779147.5932   5250973.0938   2  15   0.1865   0.0966   0.1422   0.0052   0.0501   0.1231  -0.30    1.0
2026/04/23 07:31:12.800   3509419.1354    779147.5945   5250973.0933   2  15   0.1863   0.0965   0.1420   0.0048   0.0500   0.1230  -0.20    1.1
2026/04/23 07:31:12.900   3509419.1371    779147.5951   5250973.0929   2  15   0.1861   0.0964   0.1418   0.0044   0.0499   0.1228  -0.10    1.2
2026/04/23 07:31:13.000   3509419.1398    779147.5949   5250973.0926   2  15   0.1859   0.0963   0.1416   0.0040   0.0498   0.1227   0.00    1.0
2026/04/23 07:31:13.100   3509419.1425    779147.5939   5250973.0917   2  15   0.1857   0.0963   0.1413   0.0036   0.0497   0.1225   0.10    1.1
2026/04/23 07:31:13.200   3509419.1427    779147.5944   5250973.0910   2  15   0.1855   0.0962   0.1411   0.0030   0.0496   0.1223   0.20    1.1
2026/04/23 07:31:13.300   3509419.1422    779147.5946   5250973.0902   2  15   0.1853   0.0961   0.1409   0.0024   0.0495   0.1222   0.30    1.0
2026/04/23 07:31:13.400   3509419.1437    779147.5962   5250973.0886   2  15   0.1851   0.0960   0.1406   0.0016   0.0494   0.1220   0.40    1.3
2026/04/23 07:31:13.500   3509419.1467    779147.5974   5250973.0874   2  15   0.1849   0.0959   0.1404  -0.0010   0.0493   0.1219  -0.50    1.0
2026/04/23 07:31:13.600   3509419.1488    779147.5986   5250973.0875   2  15   0.1847   0.0958   0.1402  -0.0021   0.0492   0.1217  -0.40    1.1
2026/04/23 07:31:13.700   3509419.1501    779147.6005   5250973.0868   2  15   0.1845   0.0957   0.1400  -0.0028   0.0491   0.1216  -0.30    1.1
2026/04/23 07:31:13.800   3509419.1518    779147.6018   5250973.0873   2  15   0.1843   0.0956   0.1397  -0.0033   0.0490   0.1214  -0.20    1.3
2026/04/23 07:31:13.900   3509419.1540    779147.6022   5250973.0856   2  15   0.1841   0.0956   0.1395  -0.0038   0.0489   0.1213  -0.10    1.0
2026/04/23 07:31:14.000   3509419.1556    779147.6037   5250973.0863   2  15   0.1838   0.0955   0.1393  -0.0042   0.0488   0.1211   0.00    1.0
2026/04/23 07:31:14.100   3509419.1595    779147.6048   5250973.0859   2  15   0.1836   0.0954   0.1391  -0.0045   0.0487   0.1210   0.10    1.2
2026/04/23 07:31:14.200   3509419.1600    779147.6049   5250973.0858   2  15   0.1834   0.0953   0.1388  -0.0049   0.0487   0.1208   0.20    1.0
2026/04/23 07:31:14.300   3509419.1613    779147.6059   5250973.0850   2  15   0.1832   0.0952   0.1386  -0.0052   0.0486   0.1207   0.30    1.0
2026/04/23 07:31:14.400   3509419.1610    779147.6058   5250973.0836   2  15   0.1830   0.0951   0.1384  -0.0055   0.0485   0.1205   0.40    1.2
2026/04/23 07:31:14.500   3509419.1613    779147.6070   5250973.0851   2  15   0.1828   0.0950   0.1382  -0.0058   0.0484   0.1204  -0.50    1.0
2026/04/23 07:31:14.600   3509419.1606    779147.6075   5250973.0862   2  15   0.1826   0.0950   0.1380  -0.0060   0.0483   0.1202  -0.40    1.1
2026/04/23 07:31:14.700   3509419.1618    779147.6084   5250973.0857   2  15   0.1824   0.0949   0.1377  -0.0063   0.0482   0.1201  -0.30    1.1
2026/04/23 07:31:14.800   3509419.1639    779147.6079   5250973.0855   2  15   0.1822   0.0948   0.1375  -0.0065   0.0481   0.1199  -0.20    1.0
2026/04/23 07:31:14.900   3509419.1658    779147.6083   5250973.0849   2  15   0.1820   0.0947   0.1373  -0.0068   0.0480   0.1198  -0.10    1.3
2026/04/23 07:31:15.000   3509419.1673    779147.6095   5250973.0860   2  15   0.1818   0.0946   0.1371  -0.0070   0.0479   0.1196   0.00    1.1
2026/04/23 07:31:15.100   3509419.1682    779147.6105   5250973.0864   2  15   0.1816   0.0945   0.1369  -0.0072   0.0478   0.1195   0.10    1.1
2026/04/23 07:31:15.200   3509419.1696    779147.6113   5250973.0860   2  15   0.1814   0.0944   0.1366  -0.0074   0.0477   0.1193   0.20    1.1
2026/04/23 07:31:15.300   3509419.1709    779147.6121   5250973.0866   2  15   0.1813   0.0944   0.1364  -0.0076   0.0476   0.1192   0.30    1.2
2026/04/23 07:31:15.400   3509419.1721    779147.6135   5250973.0876   2  15   0.1811   0.0943   0.1362  -0.0078   0.0475   0.1190   0.40    1.0
2026/04/23 07:31:15.500   3509419.1729    779147.6145   5250973.0875   2  15   0.1809   0.0942   0.1360  -0.0080   0.0474   0.1189  -0.50    1.0
2026/04/23 07:31:15.600   3509419.1764    779147.6154   5250973.0864   2  15   0.1807   0.0941   0.1358  -0.0082   0.0473   0.1188  -0.40    1.2
2026/04/23 07:31:15.700   3509419.1788    779147.6163   5250973.0878   2  15   0.1805   0.0940   0.1356  -0.0083   0.0472   0.1186  -0.30    1.0
2026/04/23 07:31:15.800   3509419.1784    779147.6159   5250973.0895   2  15   0.1803   0.0939   0.1354  -0.0085   0.0471   0.1185  -0.20    1.0
2026/04/23 07:31:15.900   3509419.1795    779147.6165   5250973.0922   2  15   0.1801   0.0939   0.1352  -0.0087   0.0470   0.1183  -0.10    1.2
2026/04/23 07:31:16.000   3509419.1796    779147.6178   5250973.0949   2  15   0.1799   0.0938   0.1349  -0.0088   0.0469   0.1182   0.00    1.0
2026/04/23 07:31:16.100   3509419.1806    779147.6189   5250973.0962   2  15   0.1797   0.0937   0.1347  -0.0090   0.0469   0.1180   0.10    1.1
2026/04/23 07:31:16.200   3509419.1821    779147.6202   5250973.0975   2  15   0.1795   0.0936   0.1345  -0.0091   0.0468   0.1179   0.20    1.1
2026/04/23 07:31:16.300   3509419.1832    779147.6197   5250973.0978   2  15   0.1793   0.0935   0.1343  -0.0093   0.0467   0.1177   0.30    1.1
2026/04/23 07:31:16.400   3509419.1827    779147.6216   5250973.1000   2  15   0.1791   0.0934   0.1341  -0.0094   0.0466   0.1176   0.40    1.3
2026/04/23 07:31:16.500   3509419.1829    779147.6231   5250973.1024   2  15   0.1789   0.0934   0.1339  -0.0096   0.0465   0.1175  -0.50    1.1
2026/04/23 07:31:16.600   3509419.1853    779147.6236   5250973.1046   2  15   0.1787   0.0933   0.1337  -0.0097   0.0464   0.1173  -0.40    1.1
2026/04/23 07:31:16.700   3509419.1874    779147.6250   5250973.1060   2  15   0.1785   0.0932   0.1335  -0.0099   0.0463   0.1172  -0.30    1.1
2026/04/23 07:31:16.800   3509419.1881    779147.6260   5250973.1051   2  15   0.1783   0.0931   0.1333  -0.0100   0.0462   0.1170  -0.20    1.2
2026/04/23 07:31:16.900   3509419.1881    779147.6254   5250973.1044   2  15   0.1782   0.0930   0.1331  -0.0101   0.0461   0.1169  -0.10    1.0
2026/04/23 07:31:17.000   3509419.1879    779147.6256   5250973.1046   2  15   0.1780   0.0930   0.1329  -0.0103   0.0460   0.1167   0.00    1.0
2026/04/23 07:31:17.100   3509419.1887    779147.6266   5250973.1061   2  15   0.1778   0.0929   0.1327  -0.0104   0.0459   0.1166   0.10    1.2
2026/04/23 07:31:17.200   3509419.1874    779147.6267   5250973.1054   2  15   0.1776   0.0928   0.1324  -0.0105   0.0459   0.1165   0.20    1.0
2026/04/23 07:31:17.300   3509419.1868    779147.6269   5250973.1038   2  15   0.1774   0.0927   0.1322  -0.0106   0.0458   0.1163   0.30    1.0
2026/04/23 07:31:17.400   3509419.1853    779147.6278   5250973.1007   2  15   0.1772   0.0926   0.1320  -0.0107   0.0457   0.1162   0.40    1.2
2026/04/23 07:31:17.500   3509419.1865    779147.6286   5250973.0989   2  15   0.1770   0.0925   0.1318  -0.0109   0.0456   0.1160  -0.50    1.0
2026/04/23 07:31:17.600   3509419.1866    779147.6292   5250973.0972   2  15   0.1768   0.0925   0.1316  -0.0110   0.0455   0.1159  -0.40    1.1
2026/04/23 07:31:17.700   3509419.1880    779147.6291   5250973.0939   2  15   0.1766   0.0924   0.1314  -0.0111   0.0454   0.1158  -0.30    1.1
2026/04/23 07:31:17.800   3509419.1900    779147.6305   5250973.0938   2  15   0.1765   0.0923   0.1312  -0.0112   0.0453   0.1156  -0.20    1.1
2026/04/23 07:31:17.900   3509419.1916    779147.6300   5250973.0917   2  15   0.1763   0.0922   0.1310  -0.0113   0.0452   0.1155  -0.10    1.3
2026/04/23 07:31:18.000   3509419.1922    779147.6308   5250973.0905   2  15   0.1761   0.0921   0.1308  -0.0114   0.0452   0.1153   0.00    1.1
2026/04/23 07:31:18.100   3509419.1934    779147.6314   5250973.0914   2  15   0.1759   0.0921   0.1306  -0.0115   0.0451   0.1152   0.10    1.1
2026/04/23 07:31:18.200   3509419.1925    779147.6318   5250973.0919   2  15   0.1757   0.0920   0.1304  -0.0116   0.0450   0.1151   0.20    1.1
2026/04/23 07:31:18.300   3509419.1888    779147.6309   5250973.0911   2  15   0.1755   0.0919   0.1302  -0.0117   0.0449   0.1149   0.30    1.2
2026/04/23 07:31:18.400   3509419.1854    779147.6311   5250973.0897   2  15   0.1753   0.0918   0.1300  -0.0118   0.0448   0.1148   0.40    1.1
2026/04/23 07:31:18.500   3509419.1837    779147.6307   5250973.0885   2  15   0.1752   0.0918   0.1298  -0.0119   0.0447   0.1147  -0.50    1.0
2026/04/23 07:31:18.600   3509419.1838    779147.6297   5250973.0836   2  15   0.1750   0.0917   0.1296  -0.0120   0.0446   0.1145  -0.40    1.1
2026/04/23 07:31:18.700   3509419.1808    779147.6289   5250973.0804   2  15   0.1748   0.0916   0.1294  -0.0121   0.0445   0.1144  -0.30    1.0
2026/04/23 07:31:18.800   3509419.1784    779147.6285   5250973.0770   2  15   0.1746   0.0915   0.1292  -0.0122   0.0445   0.1143  -0.20    1.0
2026/04/23 07:31:18.900   3509419.1759    779147.6281   5250973.0758   2  15   0.1744   0.0914   0.1291  -0.0123   0.0444   0.1141  -0.10    1.2
2026/04/23 07:31:19.000   3509419.1727    779147.6289   5250973.0719   2  15   0.1742   0.0914   0.1289  -0.0124   0.0443   0.1140   0.00    1.0
2026/04/23 07:31:19.100   3509419.1691    779147.6303   5250973.0668   2  15   0.1741   0.0913   0.1287  -0.0125   0.0442   0.1138   0.10    1.2
2026/04/23 07:31:19.200   3509419.1659    779147.6308   5250973.0638   2  15   0.1739   0.0912   0.1285  -0.0126   0.0441   0.1137   0.20    1.1
2026/04/23 07:31:19.300   3509419.1604    779147.6301   5250973.0570   2  15   0.1737   0.0911   0.1283  -0.0127   0.0440   0.1136   0.30    1.1
2026/04/23 07:31:19.400   3509419.1561    779147.6303   5250973.0506   2  15   0.1735   0.0911   0.1281  -0.0128   0.0440   0.1134   0.40    1.3
2026/04/23 07:31:19.500   3509419.1533    779147.6308   5250973.0481   2  15   0.1733   0.0910   0.1279  -0.0129   0.0439   0.1133  -0.50    1.1
2026/04/23 07:31:19.600   3509419.1529    779147.6303   5250973.0446   2  15   0.1732   0.0909   0.1277  -0.0130   0.0438   0.1132  -0.40    1.1
2026/04/23 07:31:19.700   3509419.1509    779147.6299   5250973.0423   2  15   0.1730   0.0908   0.1275  -0.0130   0.0437   0.1130  -0.30    1.1
2026/04/23 07:31:19.800   3509419.1486    779147.6296   5250973.0390   2  15   0.1728   0.0907   0.1273  -0.0131   0.0436   0.1129  -0.20    1.2
2026/04/23 07:31:19.900   3509419.1453    779147.6313   5250973.0373   2  15   0.1726   0.0907   0.1271  -0.0132   0.0435   0.1128  -0.10    1.1
2026/04/23 07:31:20.000   3509419.1441    779147.6313   5250973.0328   2  15   0.1724   0.0906   0.1269  -0.0133   0.0435   0.1126   0.00    1.0
2026/04/23 07:31:20.100   3509419.1442    779147.6312   5250973.0314   2  15   0.1723   0.0905   0.1267  -0.0134   0.0434   0.1125   0.10    1.1
2026/04/23 07:31:20.200   3509419.1433    779147.6307   5250973.0308   2  15   0.1721   0.0904   0.1266  -0.0134   0.0433   0.1124   0.20    1.0
2026/04/23 07:31:20.300   3509419.1434    779147.6322   5250973.0271   2  15   0.1719   0.0904   0.1264  -0.0135   0.0432   0.1122   0.30    1.0
2026/04/23 07:31:20.400   3509419.1386    779147.6336   5250973.0249   2  15   0.1717   0.0903   0.1262  -0.0136   0.0431   0.1121   0.40    1.2
2026/04/23 07:31:20.500   3509419.1347    779147.6323   5250973.0230   2  15   0.1716   0.0902   0.1260  -0.0137   0.0430   0.1120  -0.50    1.1
2026/04/23 07:31:20.600   3509419.1301    779147.6301   5250973.0203   2  15   0.1714   0.0901   0.1258  -0.0137   0.0430   0.1119  -0.40    1.2
2026/04/23 07:31:20.700   3509419.1229    779147.6275   5250973.0181   2  15   0.1712   0.0901   0.1256  -0.0138   0.0429   0.1117  -0.30    1.1
2026/04/23 07:31:20.800   3509419.1168    779147.6267   5250973.0163   2  15   0.1710   0.0900   0.1254  -0.0139   0.0428   0.1116  -0.20    1.1
2026/04/23 07:31:20.900   3509419.1125    779147.6272   5250973.0128   2  15   0.1709   0.0899   0.1253  -0.0140   0.0427   0.1115  -0.10    1.3
2026/04/23 07:31:21.000   3509419.1115    779147.6298   5250973.0107   2  15   0.1707   0.0898   0.1251  -0.0140   0.0426   0.1113   0.00    1.1
2026/04/23 07:31:21.100   3509419.1111    779147.6318   5250973.0091   2  15   0.1705   0.0898   0.1249  -0.0141   0.0426   0.1112   0.10    1.1
2026/04/23 07:31:21.200   3509419.1104    779147.6318   5250973.0133   2  15   0.1703   0.0897   0.1247  -0.0142   0.0425   0.1111   0.20    1.1
2026/04/23 07:31:21.300   3509419.1081    779147.6307   5250973.0115   2  15   0.1702   0.0896   0.1245  -0.0142   0.0424   0.1109   0.30    1.2
2026/04/23 07:31:21.400   3509419.1044    779147.6299   5250973.0092   2  15   0.1700   0.0895   0.1243  -0.0143   0.0423   0.1108   0.40    1.1
2026/04/23 07:31:21.500   3509419.1034    779147.6317   5250973.0078   2  15   0.1698   0.0895   0.1242  -0.0144   0.0422   0.1107  -0.50    1.0
2026/04/23 07:31:21.600   3509419.1048    779147.6324   5250973.0064   2  15   0.1696   0.0894   0.1240  -0.0144   0.0422   0.1106  -0.40    1.1
2026/04/23 07:31:21.700   3509419.1083    779147.6316   5250973.0057   2  15   0.1695   0.0893   0.1238  -0.0145   0.0421   0.1104  -0.30    1.0
2026/04/23 07:31:21.800   3509419.1147    779147.6317   5250973.0042   2  15   0.1693   0.0892   0.1236  -0.0146   0.0420   0.1103  -0.20    1.0
2026/04/23 07:31:21.900   3509419.1175    779147.6312   5250973.0074   2  15   0.1691   0.0892   0.1234  -0.0146   0.0419   0.1102  -0.10    1.2
2026/04/23 07:31:22.000   3509419.1210    779147.6315   5250973.0099   2  15   0.1690   0.0891   0.1233  -0.0147   0.0418   0.1100   0.00    1.1
2026/04/23 07:31:22.100   3509419.1250    779147.6330   5250973.0093   2  15   0.1688   0.0890   0.1231  -0.0148   0.0418   0.1099   0.10    1.2
2026/04/23 07:31:22.200   3509419.1257    779147.6344   5250973.0101   2  15   0.1686   0.0889   0.1229  -0.0148   0.0417   0.1098   0.20    1.1
2026/04/23 07:31:22.300   3509419.1253    779147.6337   5250973.0111   2  15   0.1684   0.0889   0.1227  -0.0149   0.0416   0.1097   0.30    1.2
2026/04/23 07:31:22.400   3509419.1224    779147.6328   5250973.0097   2  15   0.1683   0.0888   0.1225  -0.0149   0.0415   0.1095   0.40    1.3
2026/04/23 07:31:22.500   3509419.1160    779147.6329   5250973.0068   2  15   0.1681   0.0887   0.1224  -0.0150   0.0415   0.1094  -0.50    1.1
2026/04/23 07:31:22.600   3509419.1133    779147.6349   5250973.0055   2  15   0.1679   0.0887   0.1222  -0.0151   0.0414   0.1093  -0.40    1.1
2026/04/23 07:31:22.700   3509419.1118    779147.6366   5250973.0081   2  15   0.1678   0.0886   0.1220  -0.0151   0.0413   0.1092  -0.30    1.1
2026/04/23 07:31:22.800   3509419.1093    779147.6356   5250973.0098   2  15   0.1676   0.0885   0.1218  -0.0152   0.0412   0.1090  -0.20    1.2
2026/04/23 07:31:22.900   3509419.1018    779147.6352   5250973.0100   2  15   0.1674   0.0884   0.1217  -0.0152   0.0411   0.1089  -0.10    1.1
2026/04/23 07:31:23.000   3509419.0979    779147.6372   5250973.0102   2  15   0.1673   0.0884   0.1215  -0.0153   0.0411   0.1088   0.00    1.0
2026/04/23 07:31:23.100   3509419.0955    779147.6400   5250973.0082   2  14   0.1672   0.0883   0.1213  -0.0154   0.0410   0.1087   0.10    1.5
2026/04/23 07:31:23.200   3509419.0916    779147.6426   5250973.0043   2  14   0.1671   0.0882   0.1211  -0.0155   0.0409   0.1086   0.20    1.1
2026/04/23 07:31:23.300   3509419.0826    779147.6446   5250972.9999   2  15   0.1669   0.0882   0.1210  -0.0156   0.0408   0.1085   0.30    1.0
2026/04/23 07:31:23.400   3509419.0759    779147.6463   5250972.9953   2  14   0.1668   0.0881   0.1208  -0.0157   0.0407   0.1084   0.40    1.1
2026/04/23 07:31:23.500   3509419.0672    779147.6487   5250972.9893   2  15   0.1666   0.0880   0.1206  -0.0158   0.0407   0.1083  -0.50    1.1
2026/04/23 07:31:23.600   3509419.0575    779147.6512   5250972.9825   2  15   0.1665   0.0879   0.1205  -0.0158   0.0406   0.1082  -0.40    1.0
2026/04/23 07:31:23.700   3509419.0515    779147.6543   5250972.9767   2  15   0.1663   0.0879   0.1203  -0.0158   0.0405   0.1081  -0.30    1.0
2026/04/23 07:31:23.800   3509419.0478    779147.6554   5250972.9700   2  15   0.1661   0.0878   0.1202  -0.0159   0.0404   0.1079  -0.20    1.1
2026/04/23 07:31:23.900   3509419.0452    779147.6567   5250972.9616   2  14   0.1660   0.0877   0.1200  -0.0160   0.0404   0.1078  -0.10    1.1
2026/04/23 07:31:24.000   3509419.0408    779147.6587   5250972.9556   2  15   0.1658   0.0877   0.1198  -0.0160   0.0403   0.1077   0.00    1.0
2026/04/23 07:31:24.100   3509419.0388    779147.6605   5250972.9530   2  15   0.1657   0.0876   0.1197  -0.0160   0.0402   0.1076   0.10    1.0
2026/04/23 07:31:24.200   3509419.0373    779147.6628   5250972.9507   2  15   0.1655   0.0875   0.1195  -0.0161   0.0401   0.1075   0.20    1.0
2026/04/23 07:31:24.300   3509419.0377    779147.6629   5250972.9482   2  15   0.1653   0.0874   0.1193  -0.0161   0.0401   0.1074   0.30    1.1
2026/04/23 07:31:24.400   3509419.0376    779147.6641   5250972.9463   2  15   0.1652   0.0874   0.1192  -0.0161   0.0400   0.1072   0.40    1.0
2026/04/23 07:31:24.500   3509419.0390    779147.6638   5250972.9474   2  15   0.1650   0.0873   0.1190  -0.0162   0.0399   0.1071  -0.50    1.0
2026/04/23 07:31:24.600   3509419.0362    779147.6639   5250972.9488   2  15   0.1648   0.0872   0.1188  -0.0162   0.0399   0.1070  -0.40    1.2
2026/04/23 07:31:24.700   3509419.0292    779147.6652   5250972.9502   2  15   0.1647   0.0872   0.1187  -0.0163   0.0398   0.1069  -0.30    1.1
2026/04/23 07:31:24.800   3509419.0277    779147.6648   5250972.9506   2  15   0.1645   0.0871   0.1185  -0.0163   0.0397   0.1068  -0.20    1.0
2026/04/23 07:31:24.900   3509419.0266    779147.6650   5250972.9504   2  15   0.1643   0.0870   0.1183  -0.0164   0.0396   0.1066  -0.10    1.1
2026/04/23 07:31:25.000   3509419.0260    779147.6653   5250972.9504   2  15   0.1642   0.0870   0.1182  -0.0164   0.0396   0.1065   0.00    1.1
2026/04/23 07:31:25.100   3509419.0271    779147.6684   5250972.9514   2  15   0.1640   0.0869   0.1180  -0.0164   0.0395   0.1064   0.10    1.2
2026/04/23 07:31:25.200   3509419.0249    779147.6713   5250972.9530   2  15   0.1639   0.0868   0.1178  -0.0165   0.0394   0.1063   0.20    1.1
2026/04/23 07:31:25.300   3509419.0179    779147.6732   5250972.9544   2  15   0.1637   0.0867   0.1177  -0.0165   0.0393   0.1062   0.30    1.1
2026/04/23 07:31:25.400   3509419.0166    779147.6748   5250972.9573   2  15   0.1635   0.0867   0.1175  -0.0166   0.0393   0.1060   0.40    1.1
2026/04/23 07:31:25.500   3509419.0157    779147.6772   5250972.9574   2  15   0.1634   0.0866   0.1174  -0.0166   0.0392   0.1059  -0.50    1.0
2026/04/23 07:31:25.600   3509419.0138    779147.6791   5250972.9569   2  15   0.1632   0.0865   0.1172  -0.0167   0.0391   0.1058  -0.40    1.0
2026/04/23 07:31:25.700   3509419.0124    779147.6827   5250972.9569   2  15   0.1631   0.0865   0.1170  -0.0167   0.0391   0.1057  -0.30    1.1
2026/04/23 07:31:25.800   3509419.0133    779147.6860   5250972.9559   2  15   0.1629   0.0864   0.1169  -0.0168   0.0390   0.1056  -0.20    1.3
2026/04/23 07:31:25.900   3509419.0108    779147.6889   5250972.9571   2  15   0.1627   0.0863   0.1167  -0.0168   0.0389   0.1055  -0.10    1.0
2026/04/23 07:31:26.000   3509419.0083    779147.6883   5250972.9576   2  15   0.1626   0.0863   0.1165  -0.0168   0.0388   0.1053   0.00    1.1
2026/04/23 07:31:26.100   3509419.0041    779147.6874   5250972.9578   2  15   0.1624   0.0862   0.1164  -0.0169   0.0388   0.1052   0.10    1.4
2026/04/23 07:31:26.200   3509419.0009    779147.6880   5250972.9586   2  15   0.1623   0.0861   0.1162  -0.0169   0.0387   0.1051   0.20    1.1
2026/04/23 07:31:26.300   3509418.9982    779147.6885   5250972.9591   2  15   0.1621   0.0861   0.1161  -0.0170   0.0386   0.1050   0.30    1.1
2026/04/23 07:31:26.400   3509418.9960    779147.6883   5250972.9597   2  15   0.1619   0.0860   0.1159  -0.0170   0.0386   0.1049   0.40    1.1
2026/04/23 07:31:26.500   3509418.9960    779147.6883   5250972.9580   2  15   0.1618   0.0859   0.1157  -0.0170   0.0385   0.1048  -0.50    1.1
2026/04/23 07:31:26.600   3509418.9964    779147.6888   5250972.9566   2  15   0.1616   0.0859   0.1156  -0.0171   0.0384   0.1046  -0.40    1.2
2026/04/23 07:31:26.700   3509418.9912    779147.6904   5250972.9565   2  15   0.1615   0.0858   0.1154  -0.0171   0.0384   0.1045  -0.30    1.1
2026/04/23 07:31:26.800   3509418.9851    779147.6925   5250972.9581   2  15   0.1613   0.0857   0.1153  -0.0172   0.0383   0.1044  -0.20    1.0
2026/04/23 07:31:26.900   3509418.9790    779147.6945   5250972.9598   2  15   0.1612   0.0857   0.1151  -0.0172   0.0382   0.1043  -0.10    1.2
2026/04/23 07:31:27.000   3509418.9727    779147.6957   5250972.9600   2  15   0.1610   0.0856   0.1149  -0.0172   0.0381   0.1042   0.00    1.0
2026/04/23 07:31:27.100   3509418.9683    779147.6996   5250972.9616   2  15   0.1609   0.0855   0.1148  -0.0173   0.0381   0.1041   0.10    1.1
2026/04/23 07:31:27.200   3509418.9644    779147.7027   5250972.9634   2  15   0.1607   0.0855   0.1146  -0.0173   0.0380   0.1040   0.20    1.2
2026/04/23 07:31:27.300   3509418.9615    779147.7037   5250972.9632   2  15   0.1605   0.0854   0.1145  -0.0173   0.0379   0.1039   0.30    1.4
2026/04/23 07:31:27.400   3509418.9620    779147.7025   5250972.9626   2  15   0.1604   0.0853   0.1143  -0.0174   0.0379   0.1037   0.40    1.0
2026/04/23 07:31:27.500   3509418.9609    779147.7010   5250972.9623   2  15   0.1602   0.0853   0.1142  -0.0174   0.0378   0.1036  -0.50    1.1
2026/04/23 07:31:27.600   3509418.9581    779147.7009   5250972.9646   2  15   0.1601   0.0852   0.1140  -0.0174   0.0378   0.1035  -0.40    1.5
2026/04/23 07:31:27.700   3509418.9573    779147.7026   5250972.9655   2  15   0.1599   0.0851   0.1139  -0.0174   0.0377   0.1034  -0.30    1.1
2026/04/23 07:31:27.800   3509418.9482    779147.7064   5250972.9663   2  14   0.1598   0.0851   0.1137  -0.0175   0.0376   0.1033  -0.20    1.4
2026/04/23 07:31:27.900   3509418.9437    779147.7069   5250972.9637   2  15   0.1597   0.0850   0.1136  -0.0177   0.0375   0.1032  -0.10    1.0
2026/04/23 07:31:28.000   3509418.9367    779147.7081   5250972.9616   2  15   0.1596   0.0849   0.1134  -0.0177   0.0375   0.1031   0.00    1.0
2026/04/23 07:31:28.100   3509418.9240    779147.7113   5250972.9599   2  15   0.1595   0.0849   0.1133  -0.0178   0.0374   0.1030   0.10    1.2
2026/04/23 07:31:28.200   3509418.9394    779147.7105   5250972.9624   2  16   0.1593   0.0848   0.1131  -0.0176   0.0374   0.1029   0.20    1.0
2026/04/23 07:31:28.300   3509418.9379    779147.7130   5250972.9604   2  15   0.1592   0.0847   0.1130  -0.0177   0.0373   0.1028   0.30    1.1
2026/04/23 07:31:28.400   3509418.9312    779147.7131   5250972.9600   2  15   0.1591   0.0847   0.1128  -0.0178   0.0372   0.1027   0.40    1.0
2026/04/23 07:31:28.500   3509418.9379    779147.7109   5250972.9640   2  16   0.1589   0.0846   0.1127  -0.0177   0.0372   0.1026  -0.50    1.0
2026/04/23 07:31:28.600   3509418.9408    779147.7112   5250972.9722   2  16   0.1587   0.0845   0.1125  -0.0176   0.0371   0.1025  -0.40    1.0
2026/04/23 07:31:28.700   3509418.9455    779147.7087   5250972.9776   2  16   0.1585   0.0844   0.1124  -0.0176   0.0371   0.1023  -0.30    1.1
2026/04/23 07:31:28.800   3509418.9479    779147.7080   5250972.9857   2  16   0.1583   0.0844   0.1122  -0.0175   0.0370   0.1022  -0.20    1.0
2026/04/23 07:31:28.900   3509418.9543    779147.7075   5250972.9927   2  16   0.1582   0.0843   0.1121  -0.0175   0.0370   0.1021  -0.10    1.1
2026/04/23 07:31:29.000   3509418.9558    779147.7060   5250972.9982   2  16   0.1580   0.0842   0.1119  -0.0175   0.0369   0.1020   0.00    1.0
2026/04/23 07:31:29.100   3509418.9590    779147.7066   5250973.0034   2  16   0.1578   0.0842   0.1118  -0.0175   0.0369   0.1018   0.10    1.0
2026/04/23 07:31:29.200   3509418.9650    779147.7054   5250973.0084   2  16   0.1577   0.0841   0.1116  -0.0175   0.0368   0.1017   0.20    1.2
2026/04/23 07:31:29.300   3509418.9673    779147.7049   5250973.0140   2  16   0.1575   0.0840   0.1114  -0.0175   0.0367   0.1016   0.30    1.1
2026/04/23 07:31:29.400   3509418.9704    779147.7045   5250973.0197   2  16   0.1574   0.0840   0.1113  -0.0175   0.0367   0.1015   0.40    1.0
2026/04/23 07:31:29.500   3509418.9736    779147.7045   5250973.0234   2  16   0.1572   0.0839   0.1111  -0.0175   0.0366   0.1014  -0.50    1.1
2026/04/23 07:31:29.600   3509418.9795    779147.7057   5250973.0267   2  16   0.1570   0.0838   0.1110  -0.0175   0.0366   0.1013  -0.40    1.1
2026/04/23 07:31:29.700   3509418.9844    779147.7045   5250973.0288   2  16   0.1569   0.0838   0.1108  -0.0175   0.0365   0.1011  -0.30    1.1
2026/04/23 07:31:29.800   3509418.9903    779147.7052   5250973.0305   2  16   0.1567   0.0837   0.1107  -0.0175   0.0364   0.1010  -0.20    1.2
2026/04/23 07:31:29.900   3509418.9948    779147.7060   5250973.0351   2  16   0.1566   0.0836   0.1105  -0.0175   0.0364   0.1009  -0.10    1.0
2026/04/23 07:31:30.000   3509418.9995    779147.7068   5250973.0417   2  16   0.1564   0.0836   0.1104  -0.0175   0.0363   0.1008   0.00    1.0
2026/04/23 07:31:30.100   3509419.0038    779147.7063   5250973.0484   2  16   0.1563   0.0835   0.1102  -0.0175   0.0363   0.1007   0.10    1.1
2026/04/23 07:31:30.200   3509419.0082    779147.7057   5250973.0521   2  16   0.1561   0.0834   0.1101  -0.0175   0.0362   0.1006   0.20    1.0
2026/04/23 07:31:30.300   3509419.0129    779147.7049   5250973.0544   2  16   0.1560   0.0834   0.1099  -0.0175   0.0362   0.1005   0.30    1.0
2026/04/23 07:31:30.400   3509419.0190    779147.7061   5250973.0565   2  16   0.1558   0.0833   0.1098  -0.0175   0.0361   0.1003   0.40    1.1
2026/04/23 07:31:30.500   3509419.0231    779147.7069   5250973.0597   2  16   0.1557   0.0833   0.1096  -0.0175   0.0361   0.1002  -0.50    1.3
2026/04/23 07:31:30.600   3509419.0273    779147.7069   5250973.0620   2  16   0.1555   0.0832   0.1095  -0.0175   0.0360   0.1001  -0.40    1.0
2026/04/23 07:31:30.700   3509419.0322    779147.7064   5250973.0650   2  16   0.1553   0.0831   0.1094  -0.0175   0.0359   0.1000  -0.30    1.0
2026/04/23 07:31:30.800   3509419.0388    779147.7057   5250973.0686   2  16   0.1552   0.0831   0.1092  -0.0175   0.0359   0.0999  -0.20    1.4
2026/04/23 07:31:30.900   3509419.0465    779147.7061   5250973.0723   2  16   0.1550   0.0830   0.1091  -0.0175   0.0358   0.0998  -0.10    1.0
2026/04/23 07:31:31.000   3509419.0506    779147.7050   5250973.0756   2  16   0.1549   0.0829   0.1089  -0.0175   0.0358   0.0997   0.00    1.0
2026/04/23 07:31:31.100   3509419.0528    779147.7047   5250973.0788   2  16   0.1547   0.0829   0.1088  -0.0175   0.0357   0.0996   0.10    1.0
2026/04/23 07:31:31.200   3509419.0585    779147.7044   5250973.0812   2  16   0.1546   0.0828   0.1086  -0.0175   0.0357   0.0995   0.20    1.1
2026/04/23 07:31:31.300   3509419.0647    779147.7042   5250973.0822   2  16   0.1544   0.0827   0.1085  -0.0175   0.0356   0.0993   0.30    1.1
2026/04/23 07:31:31.400   3509419.0700    779147.7041   5250973.0824   2  16   0.1543   0.0827   0.1083  -0.0175   0.0356   0.0992   0.40    1.2
2026/04/23 07:31:31.500   3509419.0502    779147.7084   5250973.0834   2  15   0.1542   0.0826   0.1082  -0.0176   0.0355   0.0991  -0.50    1.2
2026/04/23 07:31:31.600   3509419.0295    779147.7122   5250973.0830   2  15   0.1541   0.0826   0.1081  -0.0177   0.0354   0.0991  -0.40    1.0
2026/04/23 07:31:31.700   3509419.0396    779147.7092   5250973.0814   2  16   0.1539   0.0825   0.1079  -0.0176   0.0354   0.0989  -0.30    1.2
2026/04/23 07:31:31.800   3509419.0216    779147.7118   5250973.0751   2  15   0.1538   0.0824   0.1078  -0.0177   0.0353   0.0989  -0.20    1.3
2026/04/23 07:31:31.900   3509419.0357    779147.7084   5250973.0752   2  16   0.1537   0.0824   0.1077  -0.0176   0.0353   0.0987  -0.10    1.0
2026/04/23 07:31:32.000   3509419.0193    779147.7119   5250973.0723   2  15   0.1536   0.0823   0.1075  -0.0177   0.0352   0.0987   0.00    1.1
2026/04/23 07:31:32.100   3509419.0416    779147.7060   5250973.0706   2  15   0.1534   0.0822   0.1074  -0.0177   0.0351   0.0986   0.10    1.5
2026/04/23 07:31:32.200   3509419.0445    779147.7036   5250973.0701   2  16   0.1533   0.0822   0.1073  -0.0177   0.0351   0.0985   0.20    1.0
2026/04/23 07:31:32.300   3509419.0318    779147.7069   5250973.0652   2  13   0.1533   0.0821   0.1071  -0.0179   0.0350   0.0984   0.30    1.1
2026/04/23 07:31:32.400   3509419.0226    779147.7085   5250973.0616   2  14   0.1532   0.0821   0.1070  -0.0180   0.0350   0.0983   0.40    1.5
2026/04/23 07:31:32.500   3509419.0123    779147.7116   5250973.0598   2  14   0.1532   0.0820   0.1069  -0.0181   0.0349   0.0982  -0.50    1.4
2026/04/23 07:31:32.600   3509418.9876    779147.7159   5250973.0554   2  15   0.1530   0.0819   0.1067  -0.0181   0.0348   0.0982  -0.40    1.4
2026/04/23 07:31:32.700   3509418.9743    779147.7174   5250973.0493   2  15   0.1529   0.0819   0.1066  -0.0181   0.0348   0.0981  -0.30    1.1
2026/04/23 07:31:32.800   3509418.9682    779147.7176   5250973.0449   2  14   0.1528   0.0818   0.1065  -0.0182   0.0347   0.0980  -0.20    1.2
2026/04/23 07:31:32.900   3509418.9633    779147.7174   5250973.0402   2  14   0.1527   0.0818   0.1064  -0.0182   0.0346   0.0979  -0.10    1.2
2026/04/23 07:31:33.000   3509418.9576    779147.7166   5250973.0372   2  14   0.1527   0.0817   0.1062  -0.0183   0.0346   0.0979   0.00    1.2
2026/04/23 07:31:33.100   3509418.9528    779147.7166   5250973.0338   2  14   0.1526   0.0816   0.1061  -0.0183   0.0345   0.0978   0.10    1.0
2026/04/23 07:31:33.200   3509418.9516    779147.7164   5250973.0301   2  14   0.1525   0.0816   0.1060  -0.0184   0.0345   0.0977   0.20    1.2
2026/04/23 07:31:33.300   3509418.9510    779147.7149   5250973.0244   2  14   0.1524   0.0815   0.1059  -0.0184   0.0344   0.0976   0.30    1.3
2026/04/23 07:31:33.400   3509418.9483    779147.7129   5250973.0197   2  14   0.1523   0.0814   0.1058  -0.0185   0.0343   0.0976   0.40    1.0
2026/04/23 07:31:33.500   3509418.9477    779147.7122   5250973.0174   2  14   0.1522   0.0814   0.1056  -0.0185   0.0343   0.0975  -0.50    1.2
2026/04/23 07:31:33.600   3509418.9390    779147.7141   5250973.0125   2  13   0.1522   0.0813   0.1055  -0.0187   0.0342   0.0975  -0.40    1.4
2026/04/23 07:31:33.700   3509418.9412    779147.7119   5250973.0098   2  14   0.1521   0.0813   0.1054  -0.0187   0.0342   0.0974  -0.30    1.2
2026/04/23 07:31:33.800   3509418.9427    779147.7118   5250973.0084   2  14   0.1520   0.0812   0.1053  -0.0187   0.0341   0.0973  -0.20    1.0
2026/04/23 07:31:33.900   3509418.9444    779147.7139   5250973.0079   2  14   0.1519   0.0812   0.1052  -0.0187   0.0340   0.0972  -0.10    1.5
2026/04/23 07:31:34.000   3509418.9436    779147.7156   5250973.0086   2  14   0.1518   0.0811   0.1050  -0.0187   0.0340   0.0971   0.00    1.4
2026/04/23 07:31:34.100   3509418.9373    779147.7183   5250973.0062   2  13   0.1517   0.0810   0.1049  -0.0189   0.0339   0.0971   0.10    1.5
2026/04/23 07:31:34.200   3509418.9393    779147.7163   5250973.0045   2  14   0.1516   0.0810   0.1048  -0.0189   0.0339   0.0970   0.20    1.0
2026/04/23 07:31:34.300   3509418.9389    779147.7165   5250973.0045   2  14   0.1515   0.0809   0.1047  -0.0189   0.0338   0.0969   0.30    1.2
2026/04/23 07:31:34.400   3509418.9373    779147.7179   5250973.0077   2  14   0.1514   0.0809   0.1045  -0.0189   0.0337   0.0968   0.40    1.2
2026/04/23 07:31:34.500   3509418.9353    779147.7183   5250973.0080   2  14   0.1513   0.0808   0.1044  -0.0189   0.0337   0.0968  -0.50    1.2
2026/04/23 07:31:34.600   3509418.9332    779147.7178   5250973.0101   2  14   0.1512   0.0807   0.1043  -0.0189   0.0336   0.0967  -0.40    1.0
2026/04/23 07:31:34.700   3509418.9349    779147.7181   5250973.0093   2  14   0.1510   0.0807   0.1042  -0.0190   0.0336   0.0966  -0.30    1.2
2026/04/23 07:31:34.800   3509418.9359    779147.7182   5250973.0090   2  14   0.1509   0.0806   0.1040  -0.0190   0.0335   0.0965  -0.20    1.3
2026/04/23 07:31:34.900   3509418.9376    779147.7177   5250973.0093   2  14   0.1508   0.0806   0.1039  -0.0190   0.0335   0.0964  -0.10    1.0
2026/04/23 07:31:35.000   3509418.9366    779147.7189   5250973.0088   2  14   0.1507   0.0805   0.1038  -0.0190   0.0334   0.0963   0.00    1.2
2026/04/23 07:31:35.100   3509418.9350    779147.7225   5250973.0082   2  14   0.1506   0.0804   0.1037  -0.0191   0.0334   0.0962   0.10    1.4
2026/04/23 07:31:35.200   3509418.9370    779147.7239   5250973.0087   2  14   0.1505   0.0804   0.1035  -0.0191   0.0333   0.0961   0.20    1.2
2026/04/23 07:31:35.300   3509418.9365    779147.7240   5250973.0094   2  14   0.1503   0.0803   0.1034  -0.0191   0.0332   0.0960   0.30    1.0
2026/04/23 07:31:35.400   3509418.9369    779147.7238   5250973.0086   2  14   0.1502   0.0803   0.1033  -0.0191   0.0332   0.0959   0.40    1.5
2026/04/23 07:31:35.500   3509418.9351    779147.7247   5250973.0088   2  14   0.1501   0.0802   0.1032  -0.0192   0.0331   0.0958  -0.50    1.5
2026/04/23 07:31:35.600   3509418.9306    779147.7254   5250973.0082   2  14   0.1500   0.0802   0.1030  -0.0192   0.0331   0.0958  -0.40    1.5
2026/04/23 07:31:35.700   3509418.9277    779147.7255   5250973.0057   2  14   0.1499   0.0801   0.1029  -0.0192   0.0330   0.0957  -0.30    1.1
2026/04/23 07:31:35.800   3509418.9267    779147.7251   5250973.0037   2  14   0.1497   0.0800   0.1028  -0.0192   0.0330   0.0956  -0.20    1.2
2026/04/23 07:31:35.900   3509418.9180    779147.7288   5250973.0015   2  13   0.1497   0.0800   0.1027  -0.0194   0.0329   0.0955  -0.10    1.2
2026/04/23 07:31:36.000   3509418.9192    779147.7266   5250973.0008   2  14   0.1495   0.0799   0.1025  -0.0193   0.0328   0.0954   0.00    1.0
2026/04/23 07:31:36.100   3509418.9209    779147.7242   5250972.9981   2  14   0.1494   0.0799   0.1024  -0.0193   0.0328   0.0953   0.10    1.3
2026/04/23 07:31:36.200   3509418.9242    779147.7229   5250972.9962   2  14   0.1493   0.0798   0.1023  -0.0193   0.0327   0.0952   0.20    1.3
2026/04/23 07:31:36.300   3509418.9279    779147.7221   5250972.9969   2  14   0.1492   0.0797   0.1022  -0.0193   0.0327   0.0952   0.30    1.0
2026/04/23 07:31:36.400   3509418.9300    779147.7227   5250972.9960   2  14   0.1491   0.0797   0.1020  -0.0194   0.0326   0.0951   0.40    1.2
2026/04/23 07:31:36.500   3509418.9274    779147.7230   5250972.9953   2  14   0.1489   0.0796   0.1019  -0.0194   0.0326   0.0950  -0.50    1.3
2026/04/23 07:31:36.600   3509418.9251    779147.7234   5250972.9934   2  14   0.1488   0.0796   0.1018  -0.0194   0.0325   0.0949  -0.40    1.2
2026/04/23 07:31:36.700   3509418.9225    779147.7243   5250972.9912   2  14   0.1487   0.0795   0.1017  -0.0194   0.0325   0.0948  -0.30    1.0
2026/04/23 07:31:36.800   3509418.9217    779147.7248   5250972.9883   2  14   0.1486   0.0795   0.1016  -0.0194   0.0324   0.0947  -0.20    1.4
2026/04/23 07:31:36.900   3509418.9173    779147.7236   5250972.9851   2  14   0.1485   0.0794   0.1014  -0.0195   0.0324   0.0946  -0.10    1.5
2026/04/23 07:31:37.000   3509418.9169    779147.7247   5250972.9842   2  14   0.1484   0.0793   0.1013  -0.0195   0.0323   0.0945   0.00    1.5
2026/04/23 07:31:37.100   3509418.9181    779147.7254   5250972.9855   2  14   0.1482   0.0793   0.1012  -0.0195   0.0323   0.0945   0.10    1.1
2026/04/23 07:31:37.200   3509418.9152    779147.7253   5250972.9859   2  14   0.1481   0.0792   0.1011  -0.0195   0.0322   0.0944   0.20    1.2
2026/04/23 07:31:37.300   3509418.9100    779147.7260   5250972.9847   2  14   0.1480   0.0792   0.1010  -0.0195   0.0322   0.0943   0.30    1.2
2026/04/23 07:31:37.400   3509418.9063    779147.7262   5250972.9829   2  14   0.1479   0.0791   0.1008  -0.0195   0.0321   0.0942   0.40    1.2
2026/04/23 07:31:37.500   3509418.9015    779147.7254   5250972.9816   2  14   0.1478   0.0791   0.1007  -0.0196   0.0320   0.0941  -0.50    1.0
2026/04/23 07:31:37.600   3509418.9013    779147.7250   5250972.9805   2  14   0.1477   0.0790   0.1006  -0.0196   0.0320   0.0940  -0.40    1.3
2026/04/23 07:31:37.700   3509418.9007    779147.7248   5250972.9804   2  14   0.1476   0.0790   0.1005  -0.0196   0.0319   0.0939  -0.30    1.3
2026/04/23 07:31:37.800   3509418.8999    779147.7246   5250972.9806   2  14   0.1475   0.0789   0.1004  -0.0196   0.0319   0.0939  -0.20    1.1
2026/04/23 07:31:37.900   3509418.8963    779147.7251   5250972.9810   2  14   0.1473   0.0788   0.1003  -0.0196   0.0318   0.0938  -0.10    1.2
2026/04/23 07:31:38.000   3509418.8893    779147.7263   5250972.9811   2  14   0.1472   0.0788   0.1001  -0.0196   0.0318   0.0937   0.00    1.3
2026/04/23 07:31:38.100   3509418.8850    779147.7271   5250972.9810   2  14   0.1471   0.0787   0.1000  -0.0197   0.0317   0.0936   0.10    1.2
2026/04/23 07:31:38.200   3509418.8843    779147.7242   5250972.9794   2  14   0.1470   0.0787   0.0999  -0.0197   0.0317   0.0935   0.20    1.0
2026/04/23 07:31:38.300   3509418.8847    779147.7239   5250972.9795   2  14   0.1469   0.0786   0.0998  -0.0197   0.0316   0.0934   0.30    1.4
2026/04/23 07:31:38.400   3509418.8824    779147.7256   5250972.9788   2  14   0.1468   0.0786   0.0997  -0.0197   0.0316   0.0934   0.40    1.5
2026/04/23 07:31:38.500   3509418.8826    779147.7274   5250972.9772   2  14   0.1467   0.0785   0.0996  -0.0197   0.0315   0.0933  -0.50    1.5
2026/04/23 07:31:38.600   3509418.8858    779147.7283   5250972.9783   2  14   0.1466   0.0785   0.0994  -0.0197   0.0315   0.0932  -0.40    1.1
2026/04/23 07:31:38.700   3509418.8907    779147.7253   5250972.9779   2  14   0.1464   0.0784   0.0993  -0.0198   0.0314   0.0931  -0.30    1.2
2026/04/23 07:31:38.800   3509418.8844    779147.7240   5250972.9769   2  14   0.1463   0.0783   0.0992  -0.0198   0.0314   0.0930  -0.20    1.2
2026/04/23 07:31:38.900   3509418.8702    779147.7212   5250972.9734   2  14   0.1462   0.0783   0.0991  -0.0198   0.0313   0.0929  -0.10    1.2
2026/04/23 07:31:39.000   3509418.8585    779147.7190   5250972.9706   2  14   0.1461   0.0782   0.0990  -0.0198   0.0313   0.0929   0.00    1.0
2026/04/23 07:31:39.100   3509418.8486    779147.7208   5250972.9698   2  14   0.1460   0.0782   0.0989  -0.0198   0.0312   0.0928   0.10    1.3
2026/04/23 07:31:39.200   3509418.8423    779147.7221   5250972.9678   2  14   0.1459   0.0781   0.0988  -0.0198   0.0312   0.0927   0.20    1.3
2026/04/23 07:31:39.300   3509418.8359    779147.7218   5250972.9648   2  14   0.1458   0.0781   0.0986  -0.0199   0.0311   0.0926   0.30    1.1
2026/04/23 07:31:39.400   3509418.8329    779147.7223   5250972.9651   2  14   0.1457   0.0780   0.0985  -0.0199   0.0311   0.0925   0.40    1.2
2026/04/23 07:31:39.500   3509418.8326    779147.7239   5250972.9646   2  14   0.1456   0.0780   0.0984  -0.0199   0.0310   0.0924  -0.50    1.3
2026/04/23 07:31:39.600   3509418.8323    779147.7269   5250972.9652   2  14   0.1454   0.0779   0.0983  -0.0199   0.0310   0.0924  -0.40    1.2
2026/04/23 07:31:39.700   3509418.8323    779147.7295   5250972.9658   2  14   0.1453   0.0778   0.0982  -0.0199   0.0309   0.0923  -0.30    1.0
2026/04/23 07:31:39.800   3509418.8278    779147.7302   5250972.9615   2  14   0.1452   0.0778   0.0981  -0.0199   0.0309   0.0922  -0.20    1.3
2026/04/23 07:31:39.900   3509418.8210    779147.7304   5250972.9596   2  15   0.1451   0.0777   0.0980  -0.0199   0.0308   0.0921  -0.10    1.0
2026/04/23 07:31:40.000   3509418.8197    779147.7302   5250972.9575   2  15   0.1450   0.0777   0.0979  -0.0199   0.0308   0.0920   0.00    1.0
2026/04/23 07:31:40.100   3509418.8176    779147.7326   5250972.9569   2  15   0.1449   0.0776   0.0977  -0.0200   0.0307   0.0920   0.10    1.0
2026/04/23 07:31:40.200   3509418.8152    779147.7351   5250972.9561   2  15   0.1448   0.0776   0.0976  -0.0200   0.0307   0.0919   0.20    1.2
2026/04/23 07:31:40.300   3509418.8104    779147.7340   5250972.9533   2  15   0.1447   0.0775   0.0975  -0.0200   0.0306   0.0918   0.30    1.0
2026/04/23 07:31:40.400   3509418.8079    779147.7335   5250972.9488   2  15   0.1445   0.0775   0.0974  -0.0200   0.0306   0.0917   0.40    1.1
2026/04/23 07:31:40.500   3509418.8069    779147.7343   5250972.9477   2  15   0.1444   0.0774   0.0973  -0.0200   0.0305   0.0916  -0.50    1.0
2026/04/23 07:31:40.600   3509418.8099    779147.7353   5250972.9451   2  15   0.1443   0.0774   0.0972  -0.0200   0.0305   0.0916  -0.40    1.1
2026/04/23 07:31:40.700   3509418.8094    779147.7351   5250972.9448   2  15   0.1442   0.0773   0.0971  -0.0200   0.0304   0.0915  -0.30    1.1
2026/04/23 07:31:40.800   3509418.8061    779147.7357   5250972.9439   2  15   0.1441   0.0773   0.0970  -0.0200   0.0304   0.0914  -0.20    1.1
2026/04/23 07:31:40.900   3509418.7998    779147.7376   5250972.9418   2  15   0.1439   0.0772   0.0969  -0.0200   0.0303   0.0913  -0.10    1.0
2026/04/23 07:31:41.000   3509418.7974    779147.7384   5250972.9387   2  15   0.1438   0.0771   0.0967  -0.0200   0.0303   0.0912   0.00    1.1
2026/04/23 07:31:41.100   3509418.7935    779147.7388   5250972.9356   2  15   0.1437   0.0771   0.0966  -0.0200   0.0302   0.0912   0.10    1.1
2026/04/23 07:31:41.200   3509418.7904    779147.7384   5250972.9336   2  15   0.1436   0.0770   0.0965  -0.0200   0.0302   0.0911   0.20    1.0
2026/04/23 07:31:41.300   3509418.7894    779147.7394   5250972.9340   2  15   0.1435   0.0770   0.0964  -0.0200   0.0301   0.0910   0.30    1.2
2026/04/23 07:31:41.400   3509418.7870    779147.7400   5250972.9335   2  15   0.1434   0.0769   0.0963  -0.0200   0.0301   0.0909   0.40    1.1
2026/04/23 07:31:41.500   3509418.7802    779147.7385   5250972.9336   2  15   0.1432   0.0769   0.0962  -0.0200   0.0300   0.0908  -0.50    1.2
2026/04/23 07:31:41.600   3509418.7737    779147.7377   5250972.9307   2  15   0.1431   0.0768   0.0961  -0.0200   0.0300   0.0907  -0.40    1.0
2026/04/23 07:31:41.700   3509418.7701    779147.7393   5250972.9288   2  15   0.1430   0.0768   0.0960  -0.0200   0.0299   0.0907  -0.30    1.2
2026/04/23 07:31:41.800   3509418.7653    779147.7405   5250972.9277   2  15   0.1429   0.0767   0.0959  -0.0201   0.0299   0.0906  -0.20    1.2
2026/04/23 07:31:41.900   3509418.7612    779147.7411   5250972.9275   2  15   0.1428   0.0767   0.0958  -0.0201   0.0298   0.0905  -0.10    1.2
2026/04/23 07:31:42.000   3509418.7573    779147.7412   5250972.9275   2  15   0.1427   0.0766   0.0956  -0.0201   0.0298   0.0904   0.00    1.0
2026/04/23 07:31:42.100   3509418.7542    779147.7424   5250972.9269   2  15   0.1426   0.0766   0.0955  -0.0201   0.0297   0.0903   0.10    1.2
2026/04/23 07:31:42.200   3509418.7506    779147.7424   5250972.9244   2  15   0.1425   0.0765   0.0954  -0.0201   0.0297   0.0903   0.20    1.2
2026/04/23 07:31:42.300   3509418.7480    779147.7425   5250972.9225   2  15   0.1424   0.0765   0.0953  -0.0201   0.0296   0.0902   0.30    1.1
2026/04/23 07:31:42.400   3509418.7439    779147.7426   5250972.9216   2  15   0.1422   0.0764   0.0952  -0.0201   0.0296   0.0901   0.40    1.1
2026/04/23 07:31:42.500   3509418.7401    779147.7429   5250972.9205   2  15   0.1421   0.0764   0.0951  -0.0201   0.0296   0.0900  -0.50    1.2
2026/04/23 07:31:42.600   3509418.7379    779147.7430   5250972.9182   2  15   0.1420   0.0763   0.0950  -0.0201   0.0295   0.0899  -0.40    1.2
2026/04/23 07:31:42.700   3509418.7336    779147.7425   5250972.9162   2  15   0.1419   0.0762   0.0949  -0.0201   0.0295   0.0898  -0.30    1.1
2026/04/23 07:31:42.800   3509418.7311    779147.7430   5250972.9134   2  16   0.1417   0.0762   0.0948  -0.0201   0.0294   0.0897  -0.20    1.0
2026/04/23 07:31:42.900   3509418.7263    779147.7423   5250972.9111   2  16   0.1416   0.0761   0.0947  -0.0200   0.0294   0.0896  -0.10    1.0
2026/04/23 07:31:43.000   3509418.7219    779147.7419   5250972.9109   2  16   0.1415   0.0761   0.0946  -0.0200   0.0294   0.0895   0.00    1.0
2026/04/23 07:31:43.100   3509418.7191    779147.7424   5250972.9113   2  16   0.1413   0.0760   0.0944  -0.0200   0.0293   0.0894   0.10    1.0
2026/04/23 07:31:43.200   3509418.7179    779147.7420   5250972.9102   2  16   0.1412   0.0760   0.0943  -0.0200   0.0293   0.0894   0.20    1.0
2026/04/23 07:31:43.300   3509418.7157    779147.7410   5250972.9100   2  16   0.1411   0.0759   0.0942  -0.0200   0.0292   0.0893   0.30    1.0
2026/04/23 07:31:43.400   3509418.7144    779147.7398   5250972.9107   2  16   0.1410   0.0759   0.0941  -0.0199   0.0292   0.0892   0.40    1.2
2026/04/23 07:31:43.500   3509418.7101    779147.7384   5250972.9104   2  16   0.1408   0.0758   0.0940  -0.0199   0.0291   0.0891  -0.50    1.1
2026/04/23 07:31:43.600   3509418.7066    779147.7374   5250972.9100   2  16   0.1407   0.0758   0.0939  -0.0199   0.0291   0.0890  -0.40    1.0
2026/04/23 07:31:43.700   3509418.7066    779147.7393   5250972.9113   2  16   0.1406   0.0757   0.0938  -0.0199   0.0291   0.0889  -0.30    1.1
2026/04/23 07:31:43.800   3509418.7046    779147.7391   5250972.9108   2  16   0.1404   0.0757   0.0937  -0.0198   0.0290   0.0888  -0.20    1.1
2026/04/23 07:31:43.900   3509418.7019    779147.7385   5250972.9109   2  16   0.1403   0.0756   0.0936  -0.0198   0.0290   0.0888  -0.10    1.0
2026/04/23 07:31:44.000   3509418.7000    779147.7388   5250972.9120   2  16   0.1402   0.0756   0.0935  -0.0198   0.0289   0.0887   0.00    1.1
2026/04/23 07:31:44.100   3509418.6983    779147.7385   5250972.9126   2  16   0.1401   0.0755   0.0934  -0.0198   0.0289   0.0886   0.10    1.1
2026/04/23 07:31:44.200   3509418.6942    779147.7393   5250972.9158   2  16   0.1399   0.0755   0.0933  -0.0198   0.0288   0.0885   0.20    1.0
2026/04/23 07:31:44.300   3509418.6924    779147.7406   5250972.9191   2  16   0.1398   0.0754   0.0932  -0.0198   0.0288   0.0884   0.30    1.1
2026/04/23 07:31:44.400   3509418.6916    779147.7400   5250972.9170   2  16   0.1397   0.0754   0.0931  -0.0197   0.0288   0.0883   0.40    1.1
2026/04/23 07:31:44.500   3509418.6923    779147.7403   5250972.9163   2  16   0.1396   0.0753   0.0930  -0.0197   0.0287   0.0882  -0.50    1.0
2026/04/23 07:31:44.600   3509418.6926    779147.7400   5250972.9147   2  16   0.1394   0.0753   0.0928  -0.0197   0.0287   0.0881  -0.40    1.1
2026/04/23 07:31:44.700   3509418.6916    779147.7409   5250972.9137   2  16   0.1393   0.0752   0.0927  -0.0197   0.0286   0.0881  -0.30    1.0
2026/04/23 07:31:44.800   3509418.6920    779147.7407   5250972.9136   2  16   0.1392   0.0752   0.0926  -0.0197   0.0286   0.0880  -0.20    1.0
2026/04/23 07:31:44.900   3509418.6961    779147.7408   5250972.9132   2  16   0.1391   0.0751   0.0925  -0.0197   0.0286   0.0879  -0.10    1.0
2026/04/23 07:31:45.000   3509418.6987    779147.7408   5250972.9125   2  16   0.1390   0.0750   0.0924  -0.0197   0.0285   0.0878   0.00    1.2
2026/04/23 07:31:45.100   3509418.6992    779147.7399   5250972.9102   2  16   0.1388   0.0750   0.0923  -0.0197   0.0285   0.0877   0.10    1.2
2026/04/23 07:31:45.200   3509418.7008    779147.7408   5250972.9068   2  16   0.1387   0.0749   0.0922  -0.0197   0.0284   0.0876   0.20    1.0
2026/04/23 07:31:45.300   3509418.7006    779147.7425   5250972.9065   2  16   0.1386   0.0749   0.0921  -0.0196   0.0284   0.0875   0.30    1.3
2026/04/23 07:31:45.400   3509418.7014    779147.7442   5250972.9079   2  16   0.1385   0.0748   0.0920  -0.0196   0.0284   0.0875   0.40    1.2
2026/04/23 07:31:45.500   3509418.7048    779147.7472   5250972.9098   2  16   0.1384   0.0748   0.0919  -0.0196   0.0283   0.0874  -0.50    1.0
2026/04/23 07:31:45.600   3509418.7030    779147.7478   5250972.9125   2  16   0.1382   0.0747   0.0918  -0.0196   0.0283   0.0873  -0.40    1.0
2026/04/23 07:31:45.700   3509418.7002    779147.7474   5250972.9131   2  16   0.1381   0.0747   0.0917  -0.0196   0.0283   0.0872  -0.30    1.2
2026/04/23 07:31:45.800   3509418.6989    779147.7478   5250972.9161   2  16   0.1380   0.0746   0.0916  -0.0196   0.0282   0.0871  -0.20    1.1
2026/04/23 07:31:45.900   3509418.7027    779147.7488   5250972.9145   2  16   0.1379   0.0746   0.0915  -0.0196   0.0282   0.0870  -0.10    1.1
2026/04/23 07:31:46.000   3509418.7075    779147.7482   5250972.9105   2  16   0.1378   0.0745   0.0914  -0.0196   0.0281   0.0870   0.00    1.1
2026/04/23 07:31:46.100   3509418.7051    779147.7468   5250972.9095   2  16   0.1376   0.0745   0.0913  -0.0195   0.0281   0.0869   0.10    1.1
2026/04/23 07:31:46.200   3509418.7058    779147.7461   5250972.9123   2  16   0.1375   0.0744   0.0912  -0.0195   0.0281   0.0868   0.20    1.2
2026/04/23 07:31:46.300   3509418.7046    779147.7455   5250972.9173   2  16   0.1374   0.0744   0.0911  -0.0195   0.0280   0.0867   0.30    1.0
2026/04/23 07:31:46.400   3509418.7018    779147.7445   5250972.9156   2  16   0.1373   0.0743   0.0910  -0.0195   0.0280   0.0866   0.40    1.1
2026/04/23 07:31:46.500   3509418.7016    779147.7464   5250972.9147   2  16   0.1372   0.0743   0.0909  -0.0195   0.0279   0.0865  -0.50    1.1
2026/04/23 07:31:46.600   3509418.6998    779147.7496   5250972.9149   2  16   0.1370   0.0742   0.0908  -0.0195   0.0279   0.0864  -0.40    1.2
2026/04/23 07:31:46.700   3509418.6976    779147.7511   5250972.9159   2  16   0.1369   0.0742   0.0907  -0.0195   0.0279   0.0864  -0.30    1.2
2026/04/23 07:31:46.800   3509418.6965    779147.7515   5250972.9159   2  16   0.1368   0.0742   0.0906  -0.0195   0.0278   0.0863  -0.20    1.0
2026/04/23 07:31:46.900   3509418.6947    779147.7512   5250972.9165   2  16   0.1367   0.0741   0.0905  -0.0195   0.0278   0.0862  -0.10    1.3
2026/04/23 07:31:47.000   3509418.6989    779147.7522   5250972.9166   2  16   0.1366   0.0741   0.0904  -0.0194   0.0278   0.0861   0.00    1.2
2026/04/23 07:31:47.100   3509418.6956    779147.7514   5250972.9159   2  16   0.1365   0.0740   0.0903  -0.0194   0.0277   0.0860   0.10    1.1
2026/04/23 07:31:47.200   3509418.6955    779147.7507   5250972.9120   2  16   0.1363   0.0740   0.0902  -0.0194   0.0277   0.0860   0.20    1.0
2026/04/23 07:31:47.300   3509418.6975    779147.7498   5250972.9089   2  16   0.1362   0.0739   0.0901  -0.0194   0.0276   0.0859   0.30    1.3
2026/04/23 07:31:47.400   3509418.6991    779147.7495   5250972.9051   2  16   0.1361   0.0739   0.0900  -0.0194   0.0276   0.0858   0.40    1.1
2026/04/23 07:31:47.500   3509418.7010    779147.7489   5250972.9013   2  16   0.1360   0.0738   0.0899  -0.0194   0.0276   0.0857  -0.50    1.1
2026/04/23 07:31:47.600   3509418.7012    779147.7481   5250972.8989   2  16   0.1359   0.0738   0.0898  -0.0194   0.0275   0.0856  -0.40    1.1
2026/04/23 07:31:47.700   3509418.7023    779147.7476   5250972.8972   2  16   0.1358   0.0737   0.0897  -0.0194   0.0275   0.0855  -0.30    1.1
2026/04/23 07:31:47.800   3509418.7040    779147.7479   5250972.8960   2  16   0.1357   0.0737   0.0896  -0.0193   0.0274   0.0855  -0.20    1.3
2026/04/23 07:31:47.900   3509418.7030    779147.7479   5250972.8926   2  16   0.1355   0.0736   0.0895  -0.0193   0.0274   0.0854  -0.10    1.0
2026/04/23 07:31:48.000   3509418.7019    779147.7477   5250972.8903   2  16   0.1354   0.0736   0.0894  -0.0193   0.0274   0.0853   0.00    1.1
2026/04/23 07:31:48.100   3509418.7044    779147.7493   5250972.8896   2  16   0.1353   0.0735   0.0893  -0.0193   0.0273   0.0852   0.10    1.1
2026/04/23 07:31:48.200   3509418.7040    779147.7501   5250972.8900   2  16   0.1352   0.0735   0.0892  -0.0193   0.0273   0.0851   0.20    1.2
2026/04/23 07:31:48.300   3509418.7038    779147.7514   5250972.8896   2  16   0.1351   0.0734   0.0891  -0.0193   0.0273   0.0851   0.30    1.2
2026/04/23 07:31:48.400   3509418.7055    779147.7536   5250972.8900   2  16   0.1350   0.0734   0.0890  -0.0193   0.0272   0.0850   0.40    1.0
2026/04/23 07:31:48.500   3509418.7053    779147.7541   5250972.8921   2  16   0.1349   0.0733   0.0889  -0.0193   0.0272   0.0849  -0.50    1.3
2026/04/23 07:31:48.600   3509418.7027    779147.7535   5250972.8920   2  16   0.1347   0.0733   0.0888  -0.0193   0.0271   0.0848  -0.40    1.2
2026/04/23 07:31:48.700   3509418.7017    779147.7540   5250972.8916   2  16   0.1346   0.0732   0.0887  -0.0192   0.0271   0.0847  -0.30    1.1
2026/04/23 07:31:48.800   3509418.7009    779147.7557   5250972.8912   2  16   0.1345   0.0732   0.0886  -0.0192   0.0271   0.0847  -0.20    1.0
2026/04/23 07:31:48.900   3509418.6992    779147.7566   5250972.8902   2  16   0.1344   0.0731   0.0885  -0.0192   0.0270   0.0846  -0.10    1.3
2026/04/23 07:31:49.000   3509418.6966    779147.7566   5250972.8894   2  16   0.1343   0.0731   0.0885  -0.0192   0.0270   0.0845   0.00    1.1
2026/04/23 07:31:49.100   3509418.6957    779147.7567   5250972.8908   2  16   0.1342   0.0730   0.0884  -0.0192   0.0270   0.0844   0.10    1.1
2026/04/23 07:31:49.200   3509418.6941    779147.7564   5250972.8925   2  16   0.1341   0.0730   0.0883  -0.0192   0.0269   0.0843   0.20    1.0
2026/04/23 07:31:49.300   3509418.6946    779147.7548   5250972.8907   2  16   0.1340   0.0729   0.0882  -0.0192   0.0269   0.0843   0.30    1.1
2026/04/23 07:31:49.400   3509418.6939    779147.7564   5250972.8897   2  16   0.1338   0.0729   0.0881  -0.0192   0.0269   0.0842   0.40    1.3
2026/04/23 07:31:49.500   3509418.6941    779147.7547   5250972.8891   2  16   0.1337   0.0728   0.0880  -0.0192   0.0268   0.0841  -0.50    1.1
2026/04/23 07:31:49.600   3509418.6964    779147.7547   5250972.8875   2  16   0.1336   0.0728   0.0879  -0.0192   0.0268   0.0840  -0.40    1.1
2026/04/23 07:31:49.700   3509418.6970    779147.7542   5250972.8838   2  16   0.1335   0.0728   0.0878  -0.0191   0.0267   0.0840  -0.30    1.1
2026/04/23 07:31:49.800   3509418.6948    779147.7529   5250972.8804   2  16   0.1334   0.0727   0.0877  -0.0191   0.0267   0.0839  -0.20    1.2
2026/04/23 07:31:49.900   3509418.6934    779147.7522   5250972.8779   2  16   0.1333   0.0727   0.0876  -0.0191   0.0267   0.0838  -0.10    1.2
2026/04/23 07:31:50.000   3509418.6931    779147.7528   5250972.8757   2  16   0.1332   0.0726   0.0875  -0.0191   0.0266   0.0837   0.00    1.0
2026/04/23 07:31:50.100   3509418.6942    779147.7529   5250972.8762   2  16   0.1331   0.0726   0.0874  -0.0191   0.0266   0.0836   0.10    1.3
2026/04/23 07:31:50.200   3509418.6929    779147.7520   5250972.8740   2  16   0.1330   0.0725   0.0873  -0.0191   0.0266   0.0836   0.20    1.2
2026/04/23 07:31:50.300   3509418.6915    779147.7517   5250972.8710   2  16   0.1328   0.0725   0.0872  -0.0191   0.0265   0.0835   0.30    1.1
2026/04/23 07:31:50.400   3509418.6924    779147.7522   5250972.8694   2  16   0.1327   0.0724   0.0871  -0.0191   0.0265   0.0834   0.40    1.1
2026/04/23 07:31:50.500   3509418.6896    779147.7525   5250972.8681   2  16   0.1326   0.0724   0.0870  -0.0191   0.0265   0.0833  -0.50    1.3
2026/04/23 07:31:50.600   3509418.6862    779147.7537   5250972.8668   2  16   0.1325   0.0723   0.0870  -0.0190   0.0264   0.0832  -0.40    1.1
2026/04/23 07:31:50.700   3509418.6835    779147.7554   5250972.8648   2  16   0.1324   0.0723   0.0869  -0.0190   0.0264   0.0832  -0.30    1.0
2026/04/23 07:31:50.800   3509418.6794    779147.7562   5250972.8629   2  16   0.1323   0.0722   0.0868  -0.0190   0.0263   0.0831  -0.20    1.0
2026/04/23 07:31:50.900   3509418.6756    779147.7542   5250972.8614   2  16   0.1322   0.0722   0.0867  -0.0190   0.0263   0.0830  -0.10    1.1
2026/04/23 07:31:51.000   3509418.6732    779147.7539   5250972.8571   2  16   0.1321   0.0721   0.0866  -0.0190   0.0263   0.0829   0.00    1.3
2026/04/23 07:31:51.100   3509418.6715    779147.7546   5250972.8539   2  16   0.1320   0.0721   0.0865  -0.0190   0.0262   0.0829   0.10    1.1
2026/04/23 07:31:51.200   3509418.6686    779147.7541   5250972.8502   2  16   0.1319   0.0721   0.0864  -0.0190   0.0262   0.0828   0.20    1.1
2026/04/23 07:31:51.300   3509418.6656    779147.7533   5250972.8485   2  16   0.1318   0.0720   0.0863  -0.0190   0.0262   0.0827   0.30    1.1
2026/04/23 07:31:51.400   3509418.6637    779147.7530   5250972.8461   2  16   0.1316   0.0720   0.0862  -0.0190   0.0261   0.0826   0.40    1.2
2026/04/23 07:31:51.500   3509418.6645    779147.7531   5250972.8432   2  16   0.1315   0.0719   0.0861  -0.0189   0.0261   0.0826  -0.50    1.3
2026/04/23 07:31:51.600   3509418.6612    779147.7522   5250972.8422   2  16   0.1314   0.0719   0.0860  -0.0189   0.0261   0.0825  -0.40    1.0
2026/04/23 07:31:51.700   3509418.6582    779147.7518   5250972.8395   2  16   0.1313   0.0718   0.0860  -0.0189   0.0260   0.0824  -0.30    1.3
2026/04/23 07:31:51.800   3509418.6549    779147.7524   5250972.8360   2  16   0.1312   0.0718   0.0859  -0.0189   0.0260   0.0823  -0.20    1.2
2026/04/23 07:31:51.900   3509418.6536    779147.7515   5250972.8322   2  16   0.1311   0.0717   0.0858  -0.0189   0.0260   0.0823  -0.10    1.0
2026/04/23 07:31:52.000   3509418.6541    779147.7519   5250972.8277   2  16   0.1310   0.0717   0.0857  -0.0189   0.0259   0.0822   0.00    1.1
2026/04/23 07:31:52.100   3509418.6570    779147.7533   5250972.8273   2  16   0.1309   0.0716   0.0856  -0.0189   0.0259   0.0821   0.10    1.2
2026/04/23 07:31:52.200   3509418.6550    779147.7530   5250972.8258   2  16   0.1308   0.0716   0.0855  -0.0189   0.0259   0.0820   0.20    1.1
2026/04/23 07:31:52.300   3509418.6508    779147.7527   5250972.8240   2  16   0.1307   0.0716   0.0854  -0.0189   0.0258   0.0820   0.30    1.0
2026/04/23 07:31:52.400   3509418.6486    779147.7550   5250972.8261   2  16   0.1306   0.0715   0.0853  -0.0188   0.0258   0.0819   0.40    1.0
2026/04/23 07:31:52.500   3509418.6499    779147.7555   5250972.8246   2  16   0.1305   0.0715   0.0852  -0.0188   0.0258   0.0818  -0.50    1.1
2026/04/23 07:31:52.600   3509418.6518    779147.7561   5250972.8234   2  16   0.1304   0.0714   0.0852  -0.0188   0.0257   0.0817  -0.40    1.3
2026/04/23 07:31:52.700   3509418.6488    779147.7555   5250972.8225   2  16   0.1303   0.0714   0.0851  -0.0188   0.0257   0.0817  -0.30    1.1
2026/04/23 07:31:52.800   3509418.6476    779147.7537   5250972.8186   2  16   0.1301   0.0713   0.0850  -0.0188   0.0257   0.0816  -0.20    1.1
2026/04/23 07:31:52.900   3509418.6462    779147.7511   5250972.8132   2  16   0.1300   0.0713   0.0849  -0.0188   0.0256   0.0815  -0.10    1.1
2026/04/23 07:31:53.000   3509418.6477    779147.7508   5250972.8103   2  16   0.1299   0.0712   0.0848  -0.0188   0.0256   0.0814   0.00    1.2
2026/04/23 07:31:53.100   3509418.6471    779147.7498   5250972.8092   2  16   0.1298   0.0712   0.0847  -0.0188   0.0255   0.0814   0.10    1.3
2026/04/23 07:31:53.200   3509418.6416    779147.7487   5250972.8070   2  16   0.1297   0.0712   0.0846  -0.0188   0.0255   0.0813   0.20    1.0
2026/04/23 07:31:53.300   3509418.6397    779147.7483   5250972.8037   2  16   0.1296   0.0711   0.0845  -0.0188   0.0255   0.0812   0.30    1.3
2026/04/23 07:31:53.400   3509418.6375    779147.7486   5250972.8040   2  16   0.1295   0.0711   0.0844  -0.0187   0.0254   0.0811   0.40    1.1
2026/04/23 07:31:53.500   3509418.6365    779147.7487   5250972.8031   2  16   0.1294   0.0710   0.0844  -0.0187   0.0254   0.0811  -0.50    1.0
2026/04/23 07:31:53.600   3509418.6363    779147.7493   5250972.8009   2  16   0.1293   0.0710   0.0843  -0.0187   0.0254   0.0810  -0.40    1.1
2026/04/23 07:31:53.700   3509418.6341    779147.7488   5250972.7979   2  16   0.1292   0.0709   0.0842  -0.0187   0.0253   0.0809  -0.30    1.2
2026/04/23 07:31:53.800   3509418.6346    779147.7493   5250972.7954   2  16   0.1291   0.0709   0.0841  -0.0187   0.0253   0.0808  -0.20    1.1
2026/04/23 07:31:53.900   3509418.6313    779147.7498   5250972.7942   2  16   0.1290   0.0708   0.0840  -0.0187   0.0253   0.0808  -0.10    1.0
2026/04/23 07:31:54.000   3509418.6320    779147.7510   5250972.7904   2  16   0.1289   0.0708   0.0839  -0.0187   0.0252   0.0807   0.00    1.1
2026/04/23 07:31:54.100   3509418.6312    779147.7477   5250972.7856   2  16   0.1288   0.0708   0.0838  -0.0187   0.0252   0.0806   0.10    1.1
2026/04/23 07:31:54.200   3509418.6300    779147.7470   5250972.7812   2  16   0.1287   0.0707   0.0838  -0.0187   0.0252   0.0806   0.20    1.2
2026/04/23 07:31:54.300   3509418.6273    779147.7473   5250972.7787   2  16   0.1286   0.0707   0.0837  -0.0187   0.0251   0.0805   0.30    1.1
2026/04/23 07:31:54.400   3509418.6239    779147.7465   5250972.7756   2  16   0.1285   0.0706   0.0836  -0.0186   0.0251   0.0804   0.40    1.1
2026/04/23 07:31:54.500   3509418.6227    779147.7455   5250972.7711   2  16   0.1284   0.0706   0.0835  -0.0186   0.0251   0.0803  -0.50    1.1
2026/04/23 07:31:54.600   3509418.6207    779147.7439   5250972.7654   2  16   0.1283   0.0705   0.0834  -0.0186   0.0250   0.0803  -0.40    1.2
2026/04/23 07:31:54.700   3509418.6163    779147.7437   5250972.7607   2  16   0.1282   0.0705   0.0833  -0.0186   0.0250   0.0802  -0.30    1.3
2026/04/23 07:31:54.800   3509418.6137    779147.7433   5250972.7577   2  16   0.1281   0.0704   0.0832  -0.0186   0.0250   0.0801  -0.20    1.0
2026/04/23 07:31:54.900   3509418.6102    779147.7439   5250972.7535   2  16   0.1280   0.0704   0.0832  -0.0186   0.0249   0.0800  -0.10    1.3
2026/04/23 07:31:55.000   3509418.6068    779147.7437   5250972.7512   2  16   0.1279   0.0704   0.0831  -0.0186   0.0249   0.0800   0.00    1.1
2026/04/23 07:31:55.100   3509418.6047    779147.7437   5250972.7465   2  16   0.1278   0.0703   0.0830  -0.0186   0.0249   0.0799   0.10    1.0
2026/04/23 07:31:55.200   3509418.6019    779147.7428   5250972.7428   2  16   0.1277   0.0703   0.0829  -0.0186   0.0248   0.0798   0.20    1.1
2026/04/23 07:31:55.300   3509418.6005    779147.7429   5250972.7405   2  16   0.1276   0.0702   0.0828  -0.0185   0.0248   0.0798   0.30    1.2
2026/04/23 07:31:55.400   3509418.5991    779147.7426   5250972.7371   2  16   0.1275   0.0702   0.0827  -0.0185   0.0248   0.0797   0.40    1.1
2026/04/23 07:31:55.500   3509418.5962    779147.7424   5250972.7349   2  16   0.1274   0.0701   0.0827  -0.0185   0.0247   0.0796  -0.50    1.0
2026/04/23 07:31:55.600   3509418.5935    779147.7420   5250972.7316   2  16   0.1273   0.0701   0.0826  -0.0185   0.0247   0.0795  -0.40    1.1
2026/04/23 07:31:55.700   3509418.5901    779147.7436   5250972.7293   2  16   0.1272   0.0701   0.0825  -0.0185   0.0247   0.0795  -0.30    1.0
2026/04/23 07:31:55.800   3509418.5874    779147.7429   5250972.7274   2  16   0.1271   0.0700   0.0824  -0.0185   0.0247   0.0794  -0.20    1.2
2026/04/23 07:31:55.900   3509418.5859    779147.7414   5250972.7243   2  16   0.1270   0.0700   0.0823  -0.0185   0.0246   0.0793  -0.10    1.1
2026/04/23 07:31:56.000   3509418.5849    779147.7404   5250972.7224   2  16   0.1269   0.0699   0.0822  -0.0185   0.0246   0.0793   0.00    1.1
2026/04/23 07:31:56.100   3509418.5852    779147.7396   5250972.7209   2  16   0.1268   0.0699   0.0822  -0.0185   0.0246   0.0792   0.10    1.1
2026/04/23 07:31:56.200   3509418.5830    779147.7390   5250972.7196   2  16   0.1267   0.0698   0.0821  -0.0185   0.0245   0.0791   0.20    1.2
2026/04/23 07:31:56.300   3509418.5810    779147.7371   5250972.7168   2  16   0.1266   0.0698   0.0820  -0.0184   0.0245   0.0791   0.30    1.3
2026/04/23 07:31:56.400   3509418.5806    779147.7363   5250972.7149   2  16   0.1265   0.0698   0.0819  -0.0184   0.0245   0.0790   0.40    1.0
2026/04/23 07:31:56.500   3509418.5774    779147.7360   5250972.7146   2  16   0.1264   0.0697   0.0818  -0.0184   0.0244   0.0789  -0.50    1.3
2026/04/23 07:31:56.600   3509418.5742    779147.7353   5250972.7111   2  16   0.1263   0.0697   0.0818  -0.0184   0.0244   0.0788  -0.40    1.1
2026/04/23 07:31:56.700   3509418.5734    779147.7326   5250972.7090   2  16   0.1262   0.0696   0.0817  -0.0184   0.0244   0.0788  -0.30    1.0
2026/04/23 07:31:56.800   3509418.5718    779147.7319   5250972.7089   2  16   0.1261   0.0696   0.0816  -0.0184   0.0243   0.0787  -0.20    1.1
2026/04/23 07:31:56.900   3509418.5692    779147.7318   5250972.7082   2  16   0.1260   0.0695   0.0815  -0.0184   0.0243   0.0786  -0.10    1.2
2026/04/23 07:31:57.000   3509418.5697    779147.7315   5250972.7071   2  16   0.1259   0.0695   0.0814  -0.0184   0.0243   0.0786   0.00    1.1
2026/04/23 07:31:57.100   3509418.5688    779147.7302   5250972.7066   2  16   0.1258   0.0695   0.0813  -0.0184   0.0242   0.0785   0.10    1.0
2026/04/23 07:31:57.200   3509418.5673    779147.7298   5250972.7048   2  16   0.1257   0.0694   0.0813  -0.0184   0.0242   0.0784   0.20    1.2
2026/04/23 07:31:57.300   3509418.5619    779147.7289   5250972.7043   2  16   0.1256   0.0694   0.0812  -0.0183   0.0242   0.0784   0.30    1.0
2026/04/23 07:31:57.400   3509418.5583    779147.7265   5250972.7045   2  16   0.1255   0.0693   0.0811  -0.0183   0.0241   0.0783   0.40    1.2
2026/04/23 07:31:57.500   3509418.5538    779147.7239   5250972.7033   2  16   0.1254   0.0693   0.0810  -0.0183   0.0241   0.0782  -0.50    1.1
2026/04/23 07:31:57.600   3509418.5549    779147.7212   5250972.7006   2  16   0.1253   0.0693   0.0809  -0.0183   0.0241   0.0781  -0.40    1.1
2026/04/23 07:31:57.700   3509418.5585    779147.7209   5250972.6980   2  16   0.1252   0.0692   0.0809  -0.0183   0.0240   0.0781  -0.30    1.1
2026/04/23 07:31:57.800   3509418.5564    779147.7206   5250972.6969   2  16   0.1251   0.0692   0.0808  -0.0183   0.0240   0.0780  -0.20    1.2
2026/04/23 07:31:57.900   3509418.5565    779147.7175   5250972.6968   2  16   0.1250   0.0691   0.0807  -0.0183   0.0240   0.0779  -0.10    1.3
2026/04/23 07:31:58.000   3509418.5597    779147.7157   5250972.6952   2  16   0.1249   0.0691   0.0806  -0.0183   0.0240   0.0779   0.00    1.0
2026/04/23 07:31:58.100   3509418.5604    779147.7146   5250972.6938   2  16   0.1248   0.0690   0.0805  -0.0183   0.0239   0.0778   0.10    1.3
2026/04/23 07:31:58.200   3509418.5584    779147.7134   5250972.6922   2  16   0.1247   0.0690   0.0805  -0.0183   0.0239   0.0777   0.20    1.1
2026/04/23 07:31:58.300   3509418.5549    779147.7122   5250972.6921   2  16   0.1246   0.0690   0.0804  -0.0182   0.0239   0.0777   0.30    1.0
2026/04/23 07:31:58.400   3509418.5525    779147.7114   5250972.6917   2  16   0.1245   0.0689   0.0803  -0.0182   0.0238   0.0776   0.40    1.1
2026/04/23 07:31:58.500   3509418.5528    779147.7100   5250972.6898   2  16   0.1244   0.0689   0.0802  -0.0182   0.0238   0.0775  -0.50    1.2
2026/04/23 07:31:58.600   3509418.5534    779147.7097   5250972.6912   2  16   0.1243   0.0688   0.0802  -0.0182   0.0238   0.0775  -0.40    1.1
2026/04/23 07:31:58.700   3509418.5520    779147.7097   5250972.6920   2  16   0.1242   0.0688   0.0801  -0.0182   0.0237   0.0774  -0.30    1.0
2026/04/23 07:31:58.800   3509418.5493    779147.7088   5250972.6930   2  16   0.1241   0.0688   0.0800  -0.0182   0.0237   0.0773  -0.20    1.2
2026/04/23 07:31:58.900   3509418.5469    779147.7082   5250972.6927   2  16   0.1240   0.0687   0.0799  -0.0182   0.0237   0.0773  -0.10    1.0
2026/04/23 07:31:59.000   3509418.5443    779147.7072   5250972.6926   2  16   0.1239   0.0687   0.0798  -0.0182   0.0236   0.0772   0.00    1.2
2026/04/23 07:31:59.100   3509418.5428    779147.7070   5250972.6933   2  16   0.1238   0.0686   0.0798  -0.0182   0.0236   0.0771   0.10    1.1
2026/04/23 07:31:59.200   3509418.5427    779147.7076   5250972.6921   2  16   0.1237   0.0686   0.0797  -0.0182   0.0236   0.0771   0.20    1.1
2026/04/23 07:31:59.300   3509418.5396    779147.7070   5250972.6916   2  16   0.1236   0.0686   0.0796  -0.0181   0.0236   0.0770   0.30    1.1
2026/04/23 07:31:59.400   3509418.5344    779147.7056   5250972.6925   2  16   0.1235   0.0685   0.0795  -0.0181   0.0235   0.0769   0.40    1.2
2026/04/23 07:31:59.500   3509418.5344    779147.7034   5250972.6930   2  16   0.1234   0.0685   0.0794  -0.0181   0.0235   0.0769  -0.50    1.3
2026/04/23 07:31:59.600   3509418.5354    779147.7010   5250972.6912   2  16   0.1234   0.0684   0.0794  -0.0181   0.0235   0.0768  -0.40    1.0
2026/04/23 07:31:59.700   3509418.5305    779147.7002   5250972.6926   2  16   0.1233   0.0684   0.0793  -0.0181   0.0234   0.0767  -0.30    1.3
2026/04/23 07:31:59.800   3509418.5291    779147.6996   5250972.6923   2  16   0.1232   0.0684   0.0792  -0.0181   0.0234   0.0767  -0.20    1.1
2026/04/23 07:31:59.900   3509418.5240    779147.6990   5250972.6920   2  16   0.1231   0.0683   0.0791  -0.0181   0.0234   0.0766  -0.10    1.0
2026/04/23 07:32:00.000   3509418.5190    779147.6984   5250972.6918   2  16   0.1230   0.0683   0.0791  -0.0181   0.0233   0.0765   0.00    1.1
2026/04/23 07:32:00.100   3509418.5136    779147.6971   5250972.6914   2  16   0.1229   0.0682   0.0790  -0.0181   0.0233   0.0765   0.10    1.2
2026/04/23 07:32:00.200   3509418.5100    779147.6954   5250972.6904   2  16   0.1228   0.0682   0.0789  -0.0181   0.0233   0.0764   0.20    1.1
2026/04/23 07:32:00.300   3509418.5069    779147.6932   5250972.6904   2  16   0.1227   0.0682   0.0788  -0.0181   0.0233   0.0763   0.30    1.0
2026/04/23 07:32:00.400   3509418.5050    779147.6915   5250972.6885   2  16   0.1226   0.0681   0.0788  -0.0180   0.0232   0.0763   0.40    1.3
2026/04/23 07:32:00.500   3509418.5052    779147.6901   5250972.6885   2  16   0.1225   0.0681   0.0787  -0.0180   0.0232   0.0762  -0.50    1.1
2026/04/23 07:32:00.600   3509418.5049    779147.6896   5250972.6882   2  16   0.1224   0.0680   0.0786  -0.0180   0.0232   0.0761  -0.40    1.1
2026/04/23 07:32:00.700   3509418.5002    779147.6885   5250972.6879   2  16   0.1223   0.0680   0.0785  -0.0180   0.0231   0.0761  -0.30    1.1
2026/04/23 07:32:00.800   3509418.4940    779147.6864   5250972.6871   2  16   0.1222   0.0680   0.0785  -0.0180   0.0231   0.0760  -0.20    1.1
2026/04/23 07:32:00.900   3509418.4926    779147.6849   5250972.6855   2  16   0.1221   0.0679   0.0784  -0.0180   0.0231   0.0759  -0.10    1.1
2026/04/23 07:32:01.000   3509418.4936    779147.6817   5250972.6843   2  16   0.1220   0.0679   0.0783  -0.0180   0.0230   0.0759   0.00    1.2
2026/04/23 07:32:01.100   3509418.4940    779147.6816   5250972.6823   2  16   0.1220   0.0678   0.0782  -0.0180   0.0230   0.0758   0.10    1.3
2026/04/23 07:32:01.200   3509418.4941    779147.6823   5250972.6790   2  16   0.1219   0.0678   0.0782  -0.0180   0.0230   0.0757   0.20    1.0
2026/04/23 07:32:01.300   3509418.4923    779147.6807   5250972.6756   2  16   0.1218   0.0678   0.0781  -0.0180   0.0230   0.0757   0.30    1.3
2026/04/23 07:32:01.400   3509418.4902    779147.6799   5250972.6736   2  16   0.1217   0.0677   0.0780  -0.0179   0.0229   0.0756   0.40    1.1
2026/04/23 07:32:01.500   3509418.4880    779147.6788   5250972.6713   2  16   0.1216   0.0677   0.0779  -0.0179   0.0229   0.0756  -0.50    1.0
2026/04/23 07:32:01.600   3509418.4875    779147.6783   5250972.6705   2  16   0.1215   0.0676   0.0779  -0.0179   0.0229   0.0755  -0.40    1.1
2026/04/23 07:32:01.700   3509418.4848    779147.6781   5250972.6696   2  16   0.1214   0.0676   0.0778  -0.0179   0.0228   0.0754  -0.30    1.2
2026/04/23 07:32:01.800   3509418.4811    779147.6777   5250972.6699   2  16   0.1213   0.0676   0.0777  -0.0179   0.0228   0.0754  -0.20    1.1
2026/04/23 07:32:01.900   3509418.4760    779147.6774   5250972.6701   2  16   0.1212   0.0675   0.0776  -0.0179   0.0228   0.0753  -0.10    1.0
2026/04/23 07:32:02.000   3509418.4741    779147.6768   5250972.6719   2  16   0.1211   0.0675   0.0776  -0.0179   0.0228   0.0752   0.00    1.4
2026/04/23 07:32:02.100   3509418.4724    779147.6761   5250972.6716   2  16   0.1210   0.0674   0.0775  -0.0179   0.0227   0.0752   0.10    1.1
2026/04/23 07:32:02.200   3509418.4696    779147.6761   5250972.6720   2  16   0.1209   0.0674   0.0774  -0.0179   0.0227   0.0751   0.20    1.1
2026/04/23 07:32:02.300   3509418.4707    779147.6763   5250972.6698   2  16   0.1209   0.0674   0.0773  -0.0179   0.0227   0.0750   0.30    1.1
2026/04/23 07:32:02.400   3509418.4723    779147.6768   5250972.6677   2  16   0.1208   0.0673   0.0773  -0.0179   0.0226   0.0750   0.40    1.1
2026/04/23 07:32:02.500   3509418.4727    779147.6777   5250972.6689   2  16   0.1207   0.0673   0.0772  -0.0178   0.0226   0.0749  -0.50    1.1
2026/04/23 07:32:02.600   3509418.4710    779147.6763   5250972.6682   2  16   0.1206   0.0672   0.0771  -0.0178   0.0226   0.0748  -0.40    1.2
2026/04/23 07:32:02.700   3509418.4712    779147.6750   5250972.6689   2  16   0.1205   0.0672   0.0771  -0.0178   0.0226   0.0748  -0.30    1.3
2026/04/23 07:32:02.800   3509418.4685    779147.6742   5250972.6693   2  16   0.1204   0.0672   0.0770  -0.0178   0.0225   0.0747  -0.20    1.0
2026/04/23 07:32:02.900   3509418.4680    779147.6748   5250972.6678   2  16   0.1203   0.0671   0.0769  -0.0178   0.0225   0.0747  -0.10    1.2
2026/04/23 07:32:03.000   3509418.4667    779147.6745   5250972.6673   2  16   0.1202   0.0671   0.0768  -0.0178   0.0225   0.0746   0.00    1.1
2026/04/23 07:32:03.100   3509418.4666    779147.6734   5250972.6664   2  16   0.1201   0.0670   0.0768  -0.0178   0.0224   0.0745   0.10    1.0
2026/04/23 07:32:03.200   3509418.4659    779147.6734   5250972.6646   2  16   0.1200   0.0670   0.0767  -0.0178   0.0224   0.0745   0.20    1.1
2026/04/23 07:32:03.300   3509418.4648    779147.6722   5250972.6631   2  16   0.1199   0.0670   0.0766  -0.0178   0.0224   0.0744   0.30    1.2
2026/04/23 07:32:03.400   3509418.4636    779147.6717   5250972.6608   2  16   0.1199   0.0669   0.0765  -0.0178   0.0224   0.0743   0.40    1.2
2026/04/23 07:32:03.500   3509418.4632    779147.6717   5250972.6599   2  16   0.1198   0.0669   0.0765  -0.0178   0.0223   0.0743  -0.50    1.0
2026/04/23 07:32:03.600   3509418.4598    779147.6711   5250972.6593   2  16   0.1197   0.0669   0.0764  -0.0177   0.0223   0.0742  -0.40    1.4
2026/04/23 07:32:03.700   3509418.4586    779147.6711   5250972.6602   2  16   0.1196   0.0668   0.0763  -0.0177   0.0223   0.0742  -0.30    1.1
2026/04/23 07:32:03.800   3509418.4545    779147.6703   5250972.6602   2  16   0.1195   0.0668   0.0763  -0.0177   0.0222   0.0741  -0.20    1.1
2026/04/23 07:32:03.900   3509418.4513    779147.6718   5250972.6610   2  16   0.1194   0.0667   0.0762  -0.0177   0.0222   0.0740  -0.10    1.1
2026/04/23 07:32:04.000   3509418.4488    779147.6707   5250972.6586   2  16   0.1193   0.0667   0.0761  -0.0177   0.0222   0.0740   0.00    1.1
2026/04/23 07:32:04.100   3509418.4495    779147.6701   5250972.6574   2  16   0.1192   0.0667   0.0760  -0.0177   0.0222   0.0739   0.10    1.1
2026/04/23 07:32:04.200   3509418.4483    779147.6683   5250972.6544   2  16   0.1192   0.0666   0.0760  -0.0177   0.0221   0.0738   0.20    1.2
2026/04/23 07:32:04.300   3509418.4494    779147.6683   5250972.6514   2  16   0.1191   0.0666   0.0759  -0.0177   0.0221   0.0738   0.30    1.3
2026/04/23 07:32:04.400   3509418.4456    779147.6679   5250972.6480   2  16   0.1190   0.0666   0.0758  -0.0177   0.0221   0.0737   0.40    1.0
2026/04/23 07:32:04.500   3509418.4441    779147.6676   5250972.6445   2  16   0.1189   0.0665   0.0758  -0.0177   0.0220   0.0737  -0.50    1.2
2026/04/23 07:32:04.600   3509418.4435    779147.6682   5250972.6421   2  16   0.1188   0.0665   0.0757  -0.0176   0.0220   0.0736  -0.40    1.1
2026/04/23 07:32:04.700   3509418.4460    779147.6680   5250972.6377   2  16   0.1187   0.0664   0.0756  -0.0176   0.0220   0.0735  -0.30    1.1
2026/04/23 07:32:04.800   3509418.4462    779147.6680   5250972.6355   2  16   0.1186   0.0664   0.0756  -0.0176   0.0220   0.0735  -0.20    1.1
2026/04/23 07:32:04.900   3509418.4431    779147.6653   5250972.6325   2  16   0.1185   0.0664   0.0755  -0.0176   0.0219   0.0734  -0.10    1.2
2026/04/23 07:32:05.000   3509418.4406    779147.6632   5250972.6290   2  15   0.1185   0.0663   0.0754  -0.0176   0.0219   0.0734   0.00    1.2
2026/04/23 07:32:05.100   3509418.4385    779147.6610   5250972.6271   2  15   0.1185   0.0663   0.0753  -0.0177   0.0219   0.0733   0.10    1.1
2026/04/23 07:32:05.200   3509418.4375    779147.6598   5250972.6261   2  16   0.1183   0.0663   0.0753  -0.0176   0.0218   0.0732   0.20    1.5
2026/04/23 07:32:05.300   3509418.4344    779147.6593   5250972.6244   2  16   0.1182   0.0662   0.0752  -0.0176   0.0218   0.0732   0.30    1.1
2026/04/23 07:32:05.400   3509418.4361    779147.6591   5250972.6226   2  16   0.1181   0.0662   0.0751  -0.0176   0.0218   0.0731   0.40    1.1
2026/04/23 07:32:05.500   3509418.4342    779147.6581   5250972.6200   2  16   0.1180   0.0661   0.0751  -0.0176   0.0218   0.0731  -0.50    1.1
2026/04/23 07:32:05.600   3509418.4298    779147.6584   5250972.6193   2  16   0.1180   0.0661   0.0750  -0.0176   0.0217   0.0730  -0.40    1.1
2026/04/23 07:32:05.700   3509418.4264    779147.6579   5250972.6193   2  16   0.1179   0.0661   0.0749  -0.0176   0.0217   0.0729  -0.30    1.1
2026/04/23 07:32:05.800   3509418.4257    779147.6583   5250972.6206   2  16   0.1178   0.0660   0.0749  -0.0175   0.0217   0.0729  -0.20    1.3
2026/04/23 07:32:05.900   3509418.4193    779147.6590   5250972.6218   2  16   0.1177   0.0660   0.0748  -0.0175   0.0217   0.0728  -0.10    1.3
2026/04/23 07:32:06.000   3509418.4167    779147.6583   5250972.6214   2  16   0.1176   0.0660   0.0747  -0.0175   0.0216   0.0728   0.00    1.0
2026/04/23 07:32:06.100   3509418.4188    779147.6575   5250972.6212   2  16   0.1175   0.0659   0.0747  -0.0175   0.0216   0.0727   0.10    1.2
2026/04/23 07:32:06.200   3509418.4222    779147.6583   5250972.6228   2  16   0.1174   0.0659   0.0746  -0.0175   0.0216   0.0726   0.20    1.0
2026/04/23 07:32:06.300   3509418.4173    779147.6581   5250972.6234   2  16   0.1173   0.0658   0.0745  -0.0175   0.0216   0.0726   0.30    1.1
2026/04/23 07:32:06.400   3509418.4099    779147.6583   5250972.6235   2  16   0.1173   0.0658   0.0745  -0.0175   0.0215   0.0725   0.40    1.1
2026/04/23 07:32:06.500   3509418.4062    779147.6562   5250972.6218   2  16   0.1172   0.0658   0.0744  -0.0175   0.0215   0.0725  -0.50    1.3
2026/04/23 07:32:06.600   3509418.4037    779147.6560   5250972.6217   2  15   0.1171   0.0657   0.0743  -0.0175   0.0215   0.0724  -0.40    1.2
2026/04/23 07:32:06.700   3509418.4008    779147.6558   5250972.6229   2  15   0.1171   0.0657   0.0743  -0.0175   0.0214   0.0724  -0.30    1.1
2026/04/23 07:32:06.800   3509418.4027    779147.6544   5250972.6208   2  16   0.1170   0.0657   0.0742  -0.0175   0.0214   0.0723  -0.20    1.5
2026/04/23 07:32:06.900   3509418.4009    779147.6540   5250972.6198   2  15   0.1169   0.0656   0.0741  -0.0175   0.0214   0.0722  -0.10    1.1
2026/04/23 07:32:07.000   3509418.4029    779147.6540   5250972.6179   2  16   0.1168   0.0656   0.0741  -0.0175   0.0214   0.0722   0.00    1.0
2026/04/23 07:32:07.100   3509418.4008    779147.6548   5250972.6161   2  15   0.1168   0.0656   0.0740  -0.0175   0.0213   0.0721   0.10    1.4
2026/04/23 07:32:07.200   3509418.4014    779147.6543   5250972.6165   2  16   0.1167   0.0655   0.0739  -0.0175   0.0213   0.0721   0.20    1.1
2026/04/23 07:32:07.300   3509418.3964    779147.6529   5250972.6163   2  16   0.1166   0.0655   0.0739  -0.0174   0.0213   0.0720   0.30    1.1
2026/04/23 07:32:07.400   3509418.3944    779147.6525   5250972.6156   2  15   0.1165   0.0654   0.0738  -0.0175   0.0213   0.0720   0.40    1.1
2026/04/23 07:32:07.500   3509418.3893    779147.6527   5250972.6173   2  16   0.1164   0.0654   0.0737  -0.0174   0.0212   0.0719  -0.50    1.3
2026/04/23 07:32:07.600   3509418.3892    779147.6514   5250972.6182   2  16   0.1163   0.0654   0.0737  -0.0174   0.0212   0.0718  -0.40    1.0
2026/04/23 07:32:07.700   3509418.3885    779147.6511   5250972.6162   2  15   0.1163   0.0653   0.0736  -0.0174   0.0212   0.0718  -0.30    1.2
2026/04/23 07:32:07.800   3509418.3874    779147.6509   5250972.6151   2  15   0.1162   0.0653   0.0735  -0.0174   0.0212   0.0717  -0.20    1.1
2026/04/23 07:32:07.900   3509418.3855    779147.6501   5250972.6137   2  15   0.1161   0.0653   0.0735  -0.0174   0.0211   0.0717  -0.10    1.4
2026/04/23 07:32:08.000   3509418.3819    779147.6489   5250972.6136   2  15   0.1161   0.0652   0.0734  -0.0174   0.0211   0.0716   0.00    1.1
2026/04/23 07:32:08.100   3509418.3782    779147.6488   5250972.6150   2  15   0.1160   0.0652   0.0733  -0.0174   0.0211   0.0716   0.10    1.3
2026/04/23 07:32:08.200   3509418.3764    779147.6497   5250972.6159   2  15   0.1159   0.0652   0.0733  -0.0174   0.0210   0.0715   0.20    1.2
2026/04/23 07:32:08.300   3509418.3743    779147.6494   5250972.6161   2  15   0.1158   0.0651   0.0732  -0.0174   0.0210   0.0715   0.30    1.1
2026/04/23 07:32:08.400   3509418.3711    779147.6500   5250972.6168   2  15   0.1158   0.0651   0.0732  -0.0174   0.0210   0.0714   0.40    1.6
2026/04/23 07:32:08.500   3509418.3675    779147.6484   5250972.6165   2  15   0.1157   0.0651   0.0731  -0.0174   0.0210   0.0714  -0.50    1.1
2026/04/23 07:32:08.600   3509418.3616    779147.6486   5250972.6159   2  15   0.1156   0.0650   0.0730  -0.0174   0.0209   0.0713  -0.40    1.0
2026/04/23 07:32:08.700   3509418.3591    779147.6491   5250972.6155   2  15   0.1155   0.0650   0.0730  -0.0174   0.0209   0.0712  -0.30    1.4
2026/04/23 07:32:08.800   3509418.3550    779147.6507   5250972.6145   2  15   0.1154   0.0649   0.0729  -0.0174   0.0209   0.0712  -0.20    1.1
2026/04/23 07:32:08.900   3509418.3520    779147.6525   5250972.6130   2  15   0.1154   0.0649   0.0728  -0.0174   0.0209   0.0711  -0.10    1.0
2026/04/23 07:32:09.000   3509418.3496    779147.6520   5250972.6112   2  15   0.1153   0.0649   0.0728  -0.0173   0.0208   0.0711   0.00    1.1
2026/04/23 07:32:09.100   3509418.3495    779147.6525   5250972.6098   2  15   0.1152   0.0648   0.0727  -0.0173   0.0208   0.0710   0.10    1.3
2026/04/23 07:32:09.200   3509418.3479    779147.6527   5250972.6084   2  15   0.1151   0.0648   0.0726  -0.0173   0.0208   0.0710   0.20    1.0
2026/04/23 07:32:09.300   3509418.3451    779147.6537   5250972.6072   2  15   0.1150   0.0648   0.0726  -0.0173   0.0208   0.0709   0.30    1.1
2026/04/23 07:32:09.400   3509418.3427    779147.6543   5250972.6031   2  15   0.1149   0.0647   0.0725  -0.0173   0.0207   0.0708   0.40    1.1
2026/04/23 07:32:09.500   3509418.3388    779147.6551   5250972.5994   2  15   0.1149   0.0647   0.0725  -0.0173   0.0207   0.0708  -0.50    1.4
2026/04/23 07:32:09.600   3509418.3341    779147.6563   5250972.5976   2  15   0.1148   0.0647   0.0724  -0.0173   0.0207   0.0707  -0.40    1.1
2026/04/23 07:32:09.700   3509418.3270    779147.6570   5250972.5968   2  15   0.1147   0.0646   0.0723  -0.0173   0.0207   0.0707  -0.30    1.3
2026/04/23 07:32:09.800   3509418.3230    779147.6570   5250972.5967   2  15   0.1146   0.0646   0.0723  -0.0173   0.0206   0.0706  -0.20    1.1
2026/04/23 07:32:09.900   3509418.3180    779147.6570   5250972.5946   2  15   0.1145   0.0646   0.0722  -0.0173   0.0206   0.0706  -0.10    1.1
2026/04/23 07:32:10.000   3509418.3132    779147.6564   5250972.5930   2  15   0.1145   0.0645   0.0721  -0.0173   0.0206   0.0705   0.00    1.6
2026/04/23 07:32:10.100   3509418.3101    779147.6543   5250972.5885   2  15   0.1144   0.0645   0.0721  -0.0172   0.0206   0.0704   0.10    1.1
2026/04/23 07:32:10.200   3509418.3079    779147.6547   5250972.5865   2  15   0.1143   0.0644   0.0720  -0.0172   0.0205   0.0704   0.20    1.0
2026/04/23 07:32:10.300   3509418.3055    779147.6550   5250972.5868   2  15   0.1142   0.0644   0.0719  -0.0172   0.0205   0.0703   0.30    1.4
2026/04/23 07:32:10.400   3509418.3025    779147.6548   5250972.5861   2  15   0.1141   0.0644   0.0719  -0.0172   0.0205   0.0703   0.40    1.1
2026/04/23 07:32:10.500   3509418.2992    779147.6538   5250972.5850   2  15   0.1141   0.0643   0.0718  -0.0172   0.0205   0.0702  -0.50    1.0
2026/04/23 07:32:10.600   3509418.2940    779147.6546   5250972.5842   2  15   0.1140   0.0643   0.0718  -0.0172   0.0204   0.0702  -0.40    1.1
2026/04/23 07:32:10.700   3509418.2924    779147.6544   5250972.5825   2  15   0.1139   0.0643   0.0717  -0.0172   0.0204   0.0701  -0.30    1.3
2026/04/23 07:32:10.800   3509418.2890    779147.6545   5250972.5801   2  15   0.1138   0.0642   0.0716  -0.0172   0.0204   0.0700  -0.20    1.0
2026/04/23 07:32:10.900   3509418.2870    779147.6552   5250972.5789   2  15   0.1137   0.0642   0.0716  -0.0172   0.0204   0.0700  -0.10    1.1
2026/04/23 07:32:11.000   3509418.2837    779147.6559   5250972.5766   2  15   0.1137   0.0642   0.0715  -0.0172   0.0203   0.0699   0.00    1.1
2026/04/23 07:32:11.100   3509418.2792    779147.6567   5250972.5742   2  15   0.1136   0.0641   0.0714  -0.0172   0.0203   0.0699   0.10    1.4
2026/04/23 07:32:11.200   3509418.2776    779147.6560   5250972.5713   2  15   0.1135   0.0641   0.0714  -0.0172   0.0203   0.0698   0.20    1.1
2026/04/23 07:32:11.300   3509418.2752    779147.6557   5250972.5700   2  15   0.1134   0.0641   0.0713  -0.0171   0.0203   0.0698   0.30    1.3
2026/04/23 07:32:11.400   3509418.2756    779147.6550   5250972.5687   2  15   0.1133   0.0640   0.0713  -0.0171   0.0202   0.0697   0.40    1.1
2026/04/23 07:32:11.500   3509418.2756    779147.6550   5250972.5687   2  15   0.1133   0.0640   0.0712  -0.0171   0.0202   0.0697  -0.50    1.1
2026/04/23 07:32:11.600   3509418.2745    779147.6542   5250972.5672   2  15   0.1132   0.0640   0.0711  -0.0171   0.0202   0.0696  -0.40    1.7
2026/04/23 07:32:11.700   3509418.2746    779147.6534   5250972.5669   2  15   0.1131   0.0639   0.0711  -0.0171   0.0202   0.0695  -0.30    1.4
2026/04/23 07:32:11.800   3509418.2755    779147.6528   5250972.5664   2  15   0.1130   0.0639   0.0710  -0.0171   0.0201   0.0695  -0.20    1.4
2026/04/23 07:32:11.900   3509418.2741    779147.6529   5250972.5650   2  15   0.1129   0.0639   0.0710  -0.0171   0.0201   0.0694  -0.10    1.5
2026/04/23 07:32:12.000   3509418.2729    779147.6529   5250972.5640   2  15   0.1129   0.0638   0.0709  -0.0171   0.0201   0.0694   0.00    1.7
2026/04/23 07:32:12.100   3509418.2717    779147.6514   5250972.5646   2  15   0.1128   0.0638   0.0708  -0.0171   0.0201   0.0693   0.10    1.3
2026/04/23 07:32:12.200   3509418.2716    779147.6509   5250972.5633   2  15   0.1127   0.0638   0.0708  -0.0171   0.0200   0.0693   0.20    1.6
2026/04/23 07:32:12.300   3509418.2711    779147.6510   5250972.5631   2  15   0.1126   0.0637   0.0707  -0.0171   0.0200   0.0692   0.30    1.7
2026/04/23 07:32:12.400   3509418.2713    779147.6516   5250972.5615   2  15   0.1125   0.0637   0.0707  -0.0170   0.0200   0.0692   0.40    1.5
2026/04/23 07:32:12.500   3509418.2714    779147.6519   5250972.5609   2  15   0.1125   0.0637   0.0706  -0.0170   0.0200   0.0691  -0.50    1.6
2026/04/23 07:32:12.600   3509418.2699    779147.6505   5250972.5609   2  15   0.1124   0.0636   0.0705  -0.0170   0.0200   0.0691  -0.40    1.3
2026/04/23 07:32:12.700   3509418.2680    779147.6505   5250972.5613   2  15   0.1123   0.0636   0.0705  -0.0170   0.0199   0.0690  -0.30    1.1
2026/04/23 07:32:12.800   3509418.2654    779147.6495   5250972.5628   2  15   0.1122   0.0636   0.0704  -0.0170   0.0199   0.0690  -0.20    1.1
2026/04/23 07:32:12.900   3509418.2646    779147.6492   5250972.5636   2  15   0.1122   0.0635   0.0703  -0.0170   0.0199   0.0689  -0.10    1.3
2026/04/23 07:32:13.000   3509418.2647    779147.6493   5250972.5665   2  15   0.1121   0.0635   0.0703  -0.0170   0.0199   0.0688   0.00    1.1
2026/04/23 07:32:13.100   3509418.2651    779147.6488   5250972.5667   2  15   0.1120   0.0635   0.0702  -0.0170   0.0198   0.0688   0.10    1.1
2026/04/23 07:32:13.200   3509418.2668    779147.6481   5250972.5674   2  15   0.1119   0.0634   0.0702  -0.0170   0.0198   0.0687   0.20    1.8
2026/04/23 07:32:13.300   3509418.2654    779147.6480   5250972.5691   2  15   0.1119   0.0634   0.0701  -0.0170   0.0198   0.0687   0.30    1.4
2026/04/23 07:32:13.400   3509418.2665    779147.6483   5250972.5680   2  15   0.1118   0.0634   0.0701  -0.0170   0.0198   0.0686   0.40    1.4
2026/04/23 07:32:13.500   3509418.2658    779147.6482   5250972.5681   2  15   0.1117   0.0633   0.0700  -0.0170   0.0197   0.0686  -0.50    1.5
2026/04/23 07:32:13.600   3509418.2645    779147.6476   5250972.5676   2  15   0.1116   0.0633   0.0699  -0.0169   0.0197   0.0685  -0.40    1.8
2026/04/23 07:32:13.700   3509418.2680    779147.6476   5250972.5649   2  15   0.1115   0.0633   0.0699  -0.0169   0.0197   0.0685  -0.30    1.4
2026/04/23 07:32:13.800   3509418.2677    779147.6465   5250972.5643   2  15   0.1115   0.0632   0.0698  -0.0169   0.0197   0.0684  -0.20    1.6
2026/04/23 07:32:13.900   3509418.2665    779147.6472   5250972.5639   2  15   0.1114   0.0632   0.0698  -0.0169   0.0196   0.0684  -0.10    1.7
2026/04/23 07:32:14.000   3509418.2680    779147.6475   5250972.5636   2  15   0.1113   0.0632   0.0697  -0.0169   0.0196   0.0683   0.00    1.6
2026/04/23 07:32:14.100   3509418.2658    779147.6480   5250972.5627   2  15   0.1112   0.0631   0.0696  -0.0169   0.0196   0.0683   0.10    1.7
2026/04/23 07:32:14.200   3509418.2652    779147.6478   5250972.5633   2  15   0.1112   0.0631   0.0696  -0.0169   0.0196   0.0682   0.20    1.3
2026/04/23 07:32:14.300   3509418.2648    779147.6478   5250972.5632   2  15   0.1111   0.0631   0.0695  -0.0169   0.0195   0.0681   0.30    1.2
2026/04/23 07:32:14.400   3509418.2655    779147.6473   5250972.5610   2  15   0.1110   0.0630   0.0695  -0.0169   0.0195   0.0681   0.40    1.1
2026/04/23 07:32:14.500   3509418.2661    779147.6473   5250972.5602   2  15   0.1109   0.0630   0.0694  -0.0169   0.0195   0.0680  -0.50    1.3
2026/04/23 07:32:14.600   3509418.2674    779147.6474   5250972.5600   2  15   0.1109   0.0630   0.0693  -0.0169   0.0195   0.0680  -0.40    1.1
2026/04/23 07:32:14.700   3509418.2679    779147.6466   5250972.5616   2  15   0.1108   0.0629   0.0693  -0.0169   0.0195   0.0679  -0.30    1.1
2026/04/23 07:32:14.800   3509418.2719    779147.6466   5250972.5626   2  15   0.1107   0.0629   0.0692  -0.0168   0.0194   0.0679  -0.20    1.9
2026/04/23 07:32:14.900   3509418.2768    779147.6470   5250972.5633   2  15   0.1106   0.0629   0.0692  -0.0168   0.0194   0.0678  -0.10    1.4
2026/04/23 07:32:15.000   3509418.2825    779147.6474   5250972.5630   2  15   0.1106   0.0628   0.0691  -0.0168   0.0194   0.0678   0.00    1.5
2026/04/23 07:32:15.100   3509418.2869    779147.6471   5250972.5640   2  15   0.1105   0.0628   0.0691  -0.0168   0.0194   0.0677   0.10    1.4
2026/04/23 07:32:15.200   3509418.2905    779147.6458   5250972.5665   2  15   0.1104   0.0628   0.0690  -0.0168   0.0193   0.0677   0.20    1.9
2026/04/23 07:32:15.300   3509418.2923    779147.6465   5250972.5695   2  15   0.1103   0.0627   0.0689  -0.0168   0.0193   0.0676   0.30    1.4
2026/04/23 07:32:15.400   3509418.2930    779147.6465   5250972.5705   2  15   0.1103   0.0627   0.0689  -0.0168   0.0193   0.0676   0.40    1.6
2026/04/23 07:32:15.500   3509418.2937    779147.6467   5250972.5712   2  15   0.1102   0.0627   0.0688  -0.0168   0.0193   0.0675  -0.50    1.7
2026/04/23 07:32:15.600   3509418.2959    779147.6477   5250972.5734   2  15   0.1101   0.0626   0.0688  -0.0168   0.0192   0.0675  -0.40    1.6
2026/04/23 07:32:15.700   3509418.2961    779147.6471   5250972.5749   2  15   0.1100   0.0626   0.0687  -0.0168   0.0192   0.0674  -0.30    1.7
2026/04/23 07:32:15.800   3509418.2946    779147.6479   5250972.5771   2  15   0.1100   0.0626   0.0687  -0.0168   0.0192   0.0674  -0.20    1.4
2026/04/23 07:32:15.900   3509418.2960    779147.6485   5250972.5804   2  15   0.1099   0.0625   0.0686  -0.0167   0.0192   0.0673  -0.10    1.2
2026/04/23 07:32:16.000   3509418.2969    779147.6512   5250972.5843   2  15   0.1098   0.0625   0.0685  -0.0167   0.0192   0.0673   0.00    1.2
2026/04/23 07:32:16.100   3509418.2972    779147.6517   5250972.5868   2  15   0.1097   0.0625   0.0685  -0.0167   0.0191   0.0672   0.10    1.2
2026/04/23 07:32:16.200   3509418.2992    779147.6534   5250972.5910   2  15   0.1097   0.0624   0.0684  -0.0167   0.0191   0.0672   0.20    1.1
2026/04/23 07:32:16.300   3509418.3019    779147.6548   5250972.5949   2  15   0.1096   0.0624   0.0684  -0.0167   0.0191   0.0671   0.30    1.1
2026/04/23 07:32:16.400   3509418.3040    779147.6551   5250972.5979   2  15   0.1095   0.0624   0.0683  -0.0167   0.0191   0.0671   0.40    2.0
2026/04/23 07:32:16.500   3509418.3051    779147.6558   5250972.6018   2  15   0.1094   0.0623   0.0683  -0.0167   0.0190   0.0670  -0.50    1.5
2026/04/23 07:32:16.600   3509418.3061    779147.6578   5250972.6056   2  15   0.1094   0.0623   0.0682  -0.0167   0.0190   0.0670  -0.40    1.5
2026/04/23 07:32:16.700   3509418.3065    779147.6585   5250972.6087   2  15   0.1093   0.0623   0.0681  -0.0167   0.0190   0.0669  -0.30    1.4
2026/04/23 07:32:16.800   3509418.3064    779147.6592   5250972.6103   2  15   0.1092   0.0622   0.0681  -0.0167   0.0190   0.0669  -0.20    2.0
2026/04/23 07:32:16.900   3509418.3046    779147.6596   5250972.6123   2  15   0.1091   0.0622   0.0680  -0.0167   0.0190   0.0668  -0.10    1.4
2026/04/23 07:32:17.000   3509418.3044    779147.6602   5250972.6145   2  15   0.1091   0.0622   0.0680  -0.0167   0.0189   0.0668   0.00    1.6
2026/04/23 07:32:17.100   3509418.3058    779147.6614   5250972.6164   2  15   0.1090   0.0621   0.0679  -0.0166   0.0189   0.0667   0.10    1.8
2026/04/23 07:32:17.200   3509418.3079    779147.6617   5250972.6173   2  15   0.1089   0.0621   0.0679  -0.0166   0.0189   0.0666   0.20    1.6
2026/04/23 07:32:17.300   3509418.3092    779147.6623   5250972.6173   2  15   0.1089   0.0621   0.0678  -0.0166   0.0189   0.0666   0.30    1.7
2026/04/23 07:32:17.400   3509418.3089    779147.6622   5250972.6183   2  15   0.1088   0.0621   0.0678  -0.0166   0.0188   0.0665   0.40    1.4
2026/04/23 07:32:17.500   3509418.3084    779147.6604   5250972.6191   2  15   0.1087   0.0620   0.0677  -0.0166   0.0188   0.0665  -0.50    1.2
2026/04/23 07:32:17.600   3509418.3090    779147.6611   5250972.6177   2  15   0.1086   0.0620   0.0676  -0.0166   0.0188   0.0664  -0.40    1.1
2026/04/23 07:32:17.700   3509418.3098    779147.6611   5250972.6162   2  15   0.1086   0.0620   0.0676  -0.0166   0.0188   0.0664  -0.30    1.2
2026/04/23 07:32:17.800   3509418.3105    779147.6620   5250972.6149   2  15   0.1085   0.0619   0.0675  -0.0166   0.0188   0.0663  -0.20    1.1
2026/04/23 07:32:17.900   3509418.3098    779147.6615   5250972.6148   2  15   0.1084   0.0619   0.0675  -0.0166   0.0187   0.0663  -0.10    1.1
2026/04/23 07:32:18.000   3509418.3095    779147.6616   5250972.6128   2  15   0.1083   0.0619   0.0674  -0.0166   0.0187   0.0662   0.00    2.0
2026/04/23 07:32:18.100   3509418.3107    779147.6626   5250972.6124   2  15   0.1083   0.0618   0.0674  -0.0166   0.0187   0.0662   0.10    1.5
2026/04/23 07:32:18.200   3509418.3111    779147.6637   5250972.6132   2  15   0.1082   0.0618   0.0673  -0.0166   0.0187   0.0661   0.20    1.5
2026/04/23 07:32:18.300   3509418.3107    779147.6644   5250972.6129   2  15   0.1081   0.0618   0.0673  -0.0165   0.0186   0.0661   0.30    1.3
2026/04/23 07:32:18.400   3509418.3081    779147.6640   5250972.6125   2  15   0.1081   0.0617   0.0672  -0.0165   0.0186   0.0660   0.40    2.0
2026/04/23 07:32:18.500   3509418.3054    779147.6637   5250972.6130   2  15   0.1080   0.0617   0.0671  -0.0165   0.0186   0.0660  -0.50    1.5
2026/04/23 07:32:18.600   3509418.3031    779147.6647   5250972.6137   2  15   0.1079   0.0617   0.0671  -0.0165   0.0186   0.0659  -0.40    1.7
2026/04/23 07:32:18.700   3509418.3041    779147.6652   5250972.6143   2  15   0.1078   0.0616   0.0670  -0.0165   0.0186   0.0659  -0.30    1.8
2026/04/23 07:32:18.800   3509418.3027    779147.6667   5250972.6165   2  15   0.1078   0.0616   0.0670  -0.0165   0.0185   0.0658  -0.20    1.7
2026/04/23 07:32:18.900   3509418.3033    779147.6684   5250972.6198   2  15   0.1077   0.0616   0.0669  -0.0165   0.0185   0.0658  -0.10    1.8
2026/04/23 07:32:19.000   3509418.3033    779147.6695   5250972.6237   2  15   0.1076   0.0615   0.0669  -0.0165   0.0185   0.0657   0.00    1.4
2026/04/23 07:32:19.100   3509418.3032    779147.6699   5250972.6231   2  15   0.1076   0.0615   0.0668  -0.0165   0.0185   0.0657   0.10    1.3
2026/04/23 07:32:19.200   3509418.3015    779147.6707   5250972.6234   2  15   0.1075   0.0615   0.0668  -0.0165   0.0184   0.0657   0.20    1.1
2026/04/23 07:32:19.300   3509418.3022    779147.6702   5250972.6231   2  15   0.1074   0.0615   0.0667  -0.0165   0.0184   0.0656   0.30    1.2
2026/04/23 07:32:19.400   3509418.3004    779147.6714   5250972.6254   2  15   0.1074   0.0614   0.0667  -0.0165   0.0184   0.0656   0.40    1.1
2026/04/23 07:32:19.500   3509418.3004    779147.6723   5250972.6280   2  15   0.1073   0.0614   0.0666  -0.0165   0.0184   0.0655  -0.50    1.1
2026/04/23 07:32:19.600   3509418.2978    779147.6719   5250972.6310   2  15   0.1072   0.0614   0.0666  -0.0164   0.0184   0.0655  -0.40    2.1
2026/04/23 07:32:19.700   3509418.2961    779147.6714   5250972.6316   2  15   0.1071   0.0613   0.0665  -0.0164   0.0183   0.0654  -0.30    1.5
2026/04/23 07:32:19.800   3509418.2943    779147.6713   5250972.6328   2  15   0.1071   0.0613   0.0664  -0.0164   0.0183   0.0654  -0.20    1.5
2026/04/23 07:32:19.900   3509418.2938    779147.6706   5250972.6335   2  15   0.1070   0.0613   0.0664  -0.0164   0.0183   0.0653  -0.10    1.3
2026/04/23 07:32:20.000   3509418.2910    779147.6708   5250972.6365   2  15   0.1069   0.0612   0.0663  -0.0164   0.0183   0.0653   0.00    2.1
2026/04/23 07:32:20.100   3509418.2896    779147.6721   5250972.6371   2  15   0.1069   0.0612   0.0663  -0.0164   0.0183   0.0652   0.10    1.5
2026/04/23 07:32:20.200   3509418.2893    779147.6730   5250972.6335   2  15   0.1068   0.0612   0.0662  -0.0164   0.0182   0.0652   0.20    1.7
2026/04/23 07:32:20.300   3509418.2909    779147.6740   5250972.6306   2  15   0.1067   0.0611   0.0662  -0.0164   0.0182   0.0651   0.30    1.8
2026/04/23 07:32:20.400   3509418.2897    779147.6739   5250972.6315   2  15   0.1066   0.0611   0.0661  -0.0164   0.0182   0.0651   0.40    1.7
2026/04/23 07:32:20.500   3509418.2901    779147.6745   5250972.6300   2  15   0.1066   0.0611   0.0661  -0.0164   0.0182   0.0650  -0.50    1.8
2026/04/23 07:32:20.600   3509418.2897    779147.6761   5250972.6280   2  15   0.1065   0.0611   0.0660  -0.0164   0.0181   0.0650  -0.40    1.4
2026/04/23 07:32:20.700   3509418.2908    779147.6776   5250972.6275   2  15   0.1064   0.0610   0.0660  -0.0164   0.0181   0.0649  -0.30    1.3
2026/04/23 07:32:20.800   3509418.2901    779147.6792   5250972.6296   2  15   0.1064   0.0610   0.0659  -0.0163   0.0181   0.0649  -0.20    1.1
2026/04/23 07:32:20.900   3509418.2924    779147.6814   5250972.6293   2  15   0.1063   0.0610   0.0659  -0.0163   0.0181   0.0648  -0.10    1.2
2026/04/23 07:32:21.000   3509418.2928    779147.6822   5250972.6295   2  15   0.1062   0.0609   0.0658  -0.0163   0.0181   0.0648   0.00    1.1
2026/04/23 07:32:21.100   3509418.2935    779147.6845   5250972.6288   2  15   0.1062   0.0609   0.0658  -0.0163   0.0180   0.0647   0.10    1.1
2026/04/23 07:32:21.200   3509418.2940    779147.6863   5250972.6310   2  15   0.1061   0.0609   0.0657  -0.0163   0.0180   0.0647   0.20    2.1
2026/04/23 07:32:21.300   3509418.2930    779147.6850   5250972.6294   2  15   0.1060   0.0608   0.0657  -0.0163   0.0180   0.0646   0.30    1.6
2026/04/23 07:32:21.400   3509418.2888    779147.6843   5250972.6294   2  15   0.1060   0.0608   0.0656  -0.0163   0.0180   0.0646   0.40    1.5
2026/04/23 07:32:21.500   3509418.2881    779147.6854   5250972.6299   2  16   0.1059   0.0608   0.0655  -0.0163   0.0180   0.0645  -0.50    1.0
2026/04/23 07:32:21.600   3509418.2873    779147.6855   5250972.6304   2  16   0.1058   0.0608   0.0655  -0.0163   0.0179   0.0645  -0.40    2.1
2026/04/23 07:32:21.700   3509418.2859    779147.6858   5250972.6307   2  16   0.1057   0.0607   0.0654  -0.0163   0.0179   0.0644  -0.30    1.5
2026/04/23 07:32:21.800   3509418.2825    779147.6852   5250972.6305   2  16   0.1057   0.0607   0.0654  -0.0163   0.0179   0.0644  -0.20    1.7
2026/04/23 07:32:21.900   3509418.2818    779147.6865   5250972.6296   2  16   0.1056   0.0607   0.0653  -0.0162   0.0179   0.0644  -0.10    1.9
2026/04/23 07:32:22.000   3509418.2810    779147.6877   5250972.6291   2  16   0.1055   0.0606   0.0653  -0.0162   0.0178   0.0643   0.00    1.8
2026/04/23 07:32:22.100   3509418.2759    779147.6895   5250972.6295   2  16   0.1055   0.0606   0.0652  -0.0162   0.0178   0.0643   0.10    1.8
2026/04/23 07:32:22.200   3509418.2734    779147.6903   5250972.6308   2  16   0.1054   0.0606   0.0652  -0.0162   0.0178   0.0642   0.20    1.5
2026/04/23 07:32:22.300   3509418.2702    779147.6912   5250972.6322   2  16   0.1053   0.0605   0.0651  -0.0162   0.0178   0.0642   0.30    1.3
2026/04/23 07:32:22.400   3509418.2720    779147.6915   5250972.6326   2  16   0.1052   0.0605   0.0651  -0.0162   0.0178   0.0641   0.40    1.1
2026/04/23 07:32:22.500   3509418.2708    779147.6926   5250972.6327   2  16   0.1052   0.0605   0.0650  -0.0162   0.0177   0.0641  -0.50    1.2
2026/04/23 07:32:22.600   3509418.2723    779147.6931   5250972.6319   2  16   0.1051   0.0605   0.0650  -0.0161   0.0177   0.0640  -0.40    1.1
2026/04/23 07:32:22.700   3509418.2724    779147.6946   5250972.6304   2  16   0.1050   0.0604   0.0649  -0.0161   0.0177   0.0640  -0.30    1.1
2026/04/23 07:32:22.800   3509418.2734    779147.6945   5250972.6293   2  16   0.1049   0.0604   0.0649  -0.0161   0.0177   0.0639  -0.20    1.1
2026/04/23 07:32:22.900   3509418.2700    779147.6955   5250972.6307   2  16   0.1049   0.0604   0.0648  -0.0161   0.0177   0.0639  -0.10    1.1
2026/04/23 07:32:23.000   3509418.2676    779147.6960   5250972.6324   2  16   0.1048   0.0603   0.0648  -0.0161   0.0176   0.0638   0.00    1.0
2026/04/23 07:32:23.100   3509418.2643    779147.6963   5250972.6334   2  16   0.1047   0.0603   0.0647  -0.0161   0.0176   0.0638   0.10    1.1
2026/04/23 07:32:23.200   3509418.2633    779147.6957   5250972.6323   2  16   0.1047   0.0603   0.0647  -0.0161   0.0176   0.0637   0.20    1.1
2026/04/23 07:32:23.300   3509418.2613    779147.6968   5250972.6348   2  16   0.1046   0.0602   0.0646  -0.0161   0.0176   0.0637   0.30    1.0
2026/04/23 07:32:23.400   3509418.2602    779147.6977   5250972.6348   2  16   0.1045   0.0602   0.0646  -0.0161   0.0176   0.0636   0.40    1.1
2026/04/23 07:32:23.500   3509418.2591    779147.6981   5250972.6355   2  16   0.1045   0.0602   0.0645  -0.0161   0.0175   0.0636  -0.50    1.1
2026/04/23 07:32:23.600   3509418.2621    779147.6993   5250972.6357   2  16   0.1044   0.0602   0.0645  -0.0161   0.0175   0.0636  -0.40    1.0
2026/04/23 07:32:23.700   3509418.2619    779147.7004   5250972.6338   2  16   0.1043   0.0601   0.0644  -0.0161   0.0175   0.0635  -0.30    1.0
2026/04/23 07:32:23.800   3509418.2633    779147.7022   5250972.6325   2  16   0.1042   0.0601   0.0644  -0.0160   0.0175   0.0635  -0.20    1.1
2026/04/23 07:32:23.900   3509418.2608    779147.7032   5250972.6339   2  16   0.1042   0.0601   0.0643  -0.0160   0.0175   0.0634  -0.10    1.1
2026/04/23 07:32:24.000   3509418.2607    779147.7048   5250972.6342   2  16   0.1041   0.0600   0.0643  -0.0160   0.0174   0.0634   0.00    1.1
2026/04/23 07:32:24.100   3509418.2565    779147.7057   5250972.6365   2  16   0.1040   0.0600   0.0642  -0.0160   0.0174   0.0633   0.10    1.2
2026/04/23 07:32:24.200   3509418.2566    779147.7058   5250972.6360   2  16   0.1040   0.0600   0.0642  -0.0160   0.0174   0.0633   0.20    1.1
2026/04/23 07:32:24.300   3509418.2559    779147.7042   5250972.6335   2  16   0.1039   0.0600   0.0641  -0.0160   0.0174   0.0632   0.30    1.1
2026/04/23 07:32:24.400   3509418.2540    779147.7038   5250972.6324   2  16   0.1038   0.0599   0.0641  -0.0160   0.0174   0.0632   0.40    1.1
2026/04/23 07:32:24.500   3509418.2539    779147.7046   5250972.6311   2  16   0.1038   0.0599   0.0640  -0.0160   0.0173   0.0631  -0.50    1.2
2026/04/23 07:32:24.600   3509418.2510    779147.7061   5250972.6296   2  16   0.1037   0.0599   0.0640  -0.0160   0.0173   0.0631  -0.40    1.1
2026/04/23 07:32:24.700   3509418.2506    779147.7068   5250972.6289   2  16   0.1036   0.0598   0.0639  -0.0160   0.0173   0.0630  -0.30    1.2
2026/04/23 07:32:24.800   3509418.2477    779147.7079   5250972.6270   2  16   0.1036   0.0598   0.0639  -0.0160   0.0173   0.0630  -0.20    1.1
2026/04/23 07:32:24.900   3509418.2438    779147.7073   5250972.6263   2  16   0.1035   0.0598   0.0638  -0.0160   0.0173   0.0629  -0.10    1.0
2026/04/23 07:32:25.000   3509418.2461    779147.7075   5250972.6250   2  16   0.1034   0.0597   0.0638  -0.0160   0.0172   0.0629   0.00    1.1
2026/04/23 07:32:25.100   3509418.2445    779147.7076   5250972.6234   2  16   0.1034   0.0597   0.0637  -0.0159   0.0172   0.0629   0.10    1.1
2026/04/23 07:32:25.200   3509418.2436    779147.7061   5250972.6215   2  16   0.1033   0.0597   0.0637  -0.0159   0.0172   0.0628   0.20    1.0
2026/04/23 07:32:25.300   3509418.2402    779147.7063   5250972.6236   2  16   0.1032   0.0597   0.0636  -0.0159   0.0172   0.0628   0.30    1.0
2026/04/23 07:32:25.400   3509418.2393    779147.7049   5250972.6221   2  16   0.1032   0.0596   0.0636  -0.0159   0.0172   0.0627   0.40    1.1
2026/04/23 07:32:25.500   3509418.2379    779147.7038   5250972.6212   2  16   0.1031   0.0596   0.0635  -0.0159   0.0171   0.0627  -0.50    1.1
2026/04/23 07:32:25.600   3509418.2400    779147.7024   5250972.6216   2  16   0.1031   0.0596   0.0635  -0.0159   0.0171   0.0626  -0.40    1.1
2026/04/23 07:32:25.700   3509418.2401    779147.7026   5250972.6212   2  16   0.1030   0.0595   0.0634  -0.0159   0.0171   0.0626  -0.30    1.3
2026/04/23 07:32:25.800   3509418.2409    779147.7059   5250972.6202   2  16   0.1029   0.0595   0.0634  -0.0159   0.0171   0.0625  -0.20    1.1
2026/04/23 07:32:25.900   3509418.2437    779147.7092   5250972.6195   2  16   0.1029   0.0595   0.0633  -0.0159   0.0171   0.0625  -0.10    1.1
2026/04/23 07:32:26.000   3509418.2488    779147.7119   5250972.6211   2  16   0.1028   0.0595   0.0633  -0.0159   0.0170   0.0624   0.00    1.2
2026/04/23 07:32:26.100   3509418.2510    779147.7119   5250972.6246   2  16   0.1027   0.0594   0.0632  -0.0159   0.0170   0.0624   0.10    1.2
2026/04/23 07:32:26.200   3509418.2547    779147.7114   5250972.6267   2  16   0.1027   0.0594   0.0632  -0.0159   0.0170   0.0624   0.20    1.1
2026/04/23 07:32:26.300   3509418.2540    779147.7093   5250972.6280   2  16   0.1026   0.0594   0.0631  -0.0159   0.0170   0.0623   0.30    1.3
2026/04/23 07:32:26.400   3509418.2532    779147.7068   5250972.6292   2  16   0.1025   0.0593   0.0631  -0.0158   0.0170   0.0623   0.40    1.1
2026/04/23 07:32:26.500   3509418.2506    779147.7051   5250972.6293   2  16   0.1025   0.0593   0.0630  -0.0158   0.0169   0.0622  -0.50    1.0
2026/04/23 07:32:26.600   3509418.2463    779147.7056   5250972.6303   2  16   0.1024   0.0593   0.0630  -0.0158   0.0169   0.0622  -0.40    1.1
2026/04/23 07:32:26.700   3509418.2454    779147.7086   5250972.6313   2  16   0.1023   0.0593   0.0629  -0.0158   0.0169   0.0621  -0.30    1.1
2026/04/23 07:32:26.800   3509418.2438    779147.7100   5250972.6327   2  16   0.1023   0.0592   0.0629  -0.0158   0.0169   0.0621  -0.20    1.0
2026/04/23 07:32:26.900   3509418.2434    779147.7100   5250972.6332   2  16   0.1022   0.0592   0.0628  -0.0158   0.0169   0.0620  -0.10    1.0
2026/04/23 07:32:27.000   3509418.2433    779147.7112   5250972.6335   2  16   0.1021   0.0592   0.0628  -0.0158   0.0168   0.0620   0.00    1.1
2026/04/23 07:32:27.100   3509418.2409    779147.7114   5250972.6314   2  16   0.1021   0.0591   0.0628  -0.0158   0.0168   0.0620   0.10    1.2
2026/04/23 07:32:27.200   3509418.2435    779147.7121   5250972.6314   2  16   0.1020   0.0591   0.0627  -0.0158   0.0168   0.0619   0.20    1.1
2026/04/23 07:32:27.300   3509418.2461    779147.7136   5250972.6307   2  16   0.1020   0.0591   0.0627  -0.0158   0.0168   0.0619   0.30    1.3
2026/04/23 07:32:27.400   3509418.2473    779147.7148   5250972.6313   2  16   0.1019   0.0591   0.0626  -0.0158   0.0168   0.0618   0.40    1.1
2026/04/23 07:32:27.500   3509418.2488    779147.7153   5250972.6306   2  16   0.1018   0.0590   0.0626  -0.0158   0.0167   0.0618  -0.50    1.1
2026/04/23 07:32:27.600   3509418.2518    779147.7145   5250972.6280   2  16   0.1018   0.0590   0.0625  -0.0158   0.0167   0.0617  -0.40    1.2
2026/04/23 07:32:27.700   3509418.2527    779147.7149   5250972.6266   2  16   0.1017   0.0590   0.0625  -0.0157   0.0167   0.0617  -0.30    1.3
2026/04/23 07:32:27.800   3509418.2556    779147.7145   5250972.6273   2  16   0.1016   0.0590   0.0624  -0.0157   0.0167   0.0617  -0.20    1.1
2026/04/23 07:32:27.900   3509418.2573    779147.7169   5250972.6316   2  16   0.1016   0.0589   0.0624  -0.0157   0.0167   0.0616  -0.10    1.2
2026/04/23 07:32:28.000   3509418.2549    779147.7191   5250972.6341   2  16   0.1015   0.0589   0.0623  -0.0157   0.0167   0.0616   0.00    1.1
2026/04/23 07:32:28.100   3509418.2547    779147.7201   5250972.6358   2  16   0.1014   0.0589   0.0623  -0.0157   0.0166   0.0615   0.10    1.1
2026/04/23 07:32:28.200   3509418.2550    779147.7235   5250972.6397   2  16   0.1014   0.0588   0.0622  -0.0157   0.0166   0.0615   0.20    1.1
2026/04/23 07:32:28.300   3509418.2541    779147.7260   5250972.6412   2  16   0.1013   0.0588   0.0622  -0.0157   0.0166   0.0614   0.30    1.2
2026/04/23 07:32:28.400   3509418.2532    779147.7280   5250972.6447   2  16   0.1013   0.0588   0.0621  -0.0157   0.0166   0.0614   0.40    1.0
2026/04/23 07:32:28.500   3509418.2509    779147.7300   5250972.6448   2  16   0.1012   0.0588   0.0621  -0.0157   0.0166   0.0613  -0.50    1.0
2026/04/23 07:32:28.600   3509418.2480    779147.7272   5250972.6440   2  16   0.1011   0.0587   0.0621  -0.0157   0.0165   0.0613  -0.40    1.2
2026/04/23 07:32:28.700   3509418.2457    779147.7243   5250972.6421   2  16   0.1011   0.0587   0.0620  -0.0157   0.0165   0.0613  -0.30    1.2
2026/04/23 07:32:28.800   3509418.2478    779147.7242   5250972.6397   2  16   0.1010   0.0587   0.0620  -0.0157   0.0165   0.0612  -0.20    1.1
2026/04/23 07:32:28.900   3509418.2450    779147.7244   5250972.6379   2  16   0.1009   0.0586   0.0619  -0.0157   0.0165   0.0612  -0.10    1.3
2026/04/23 07:32:29.000   3509418.2459    779147.7244   5250972.6375   2  16   0.1009   0.0586   0.0619  -0.0156   0.0165   0.0611   0.00    1.1
2026/04/23 07:32:29.100   3509418.2487    779147.7245   5250972.6384   2  16   0.1008   0.0586   0.0618  -0.0156   0.0164   0.0611   0.10    1.1
2026/04/23 07:32:29.200   3509418.2492    779147.7244   5250972.6382   2  15   0.1008   0.0586   0.0618  -0.0157   0.0164   0.0610   0.20    2.3
2026/04/23 07:32:29.300   3509418.2553    779147.7260   5250972.6375   2  16   0.1007   0.0585   0.0617  -0.0156   0.0164   0.0610   0.30    1.2
2026/04/23 07:32:29.400   3509418.2550    779147.7256   5250972.6369   2  16   0.1007   0.0585   0.0617  -0.0156   0.0164   0.0610   0.40    1.2
2026/04/23 07:32:29.500   3509418.2548    779147.7272   5250972.6362   2  16   0.1006   0.0585   0.0616  -0.0156   0.0164   0.0609  -0.50    1.3
2026/04/23 07:32:29.600   3509418.2583    779147.7303   5250972.6372   2  16   0.1005   0.0585   0.0616  -0.0156   0.0164   0.0609  -0.40    2.3
2026/04/23 07:32:29.700   3509418.2579    779147.7312   5250972.6384   2  16   0.1005   0.0584   0.0615  -0.0156   0.0163   0.0608  -0.30    1.6
2026/04/23 07:32:29.800   3509418.2506    779147.7314   5250972.6399   2  16   0.1004   0.0584   0.0615  -0.0156   0.0163   0.0608  -0.20    1.8
2026/04/23 07:32:29.900   3509418.2449    779147.7325   5250972.6400   2  16   0.1003   0.0584   0.0615  -0.0156   0.0163   0.0607  -0.10    1.9
2026/04/23 07:32:30.000   3509418.2453    779147.7346   5250972.6399   2  16   0.1003   0.0583   0.0614  -0.0156   0.0163   0.0607   0.00    1.9
2026/04/23 07:32:30.100   3509418.2461    779147.7357   5250972.6404   2  16   0.1002   0.0583   0.0614  -0.0156   0.0163   0.0607   0.10    1.8
2026/04/23 07:32:30.200   3509418.2466    779147.7376   5250972.6424   2  16   0.1001   0.0583   0.0613  -0.0156   0.0162   0.0606   0.20    1.6
2026/04/23 07:32:30.300   3509418.2470    779147.7383   5250972.6442   2  16   0.1001   0.0583   0.0613  -0.0155   0.0162   0.0606   0.30    1.4
2026/04/23 07:32:30.400   3509418.2517    779147.7390   5250972.6438   2  16   0.1000   0.0582   0.0612  -0.0155   0.0162   0.0605   0.40    1.7
2026/04/23 07:32:30.500   3509418.2518    779147.7402   5250972.6427   2  16   0.1000   0.0582   0.0612  -0.0155   0.0162   0.0605  -0.50    1.2
2026/04/23 07:32:30.600   3509418.2531    779147.7388   5250972.6415   2  16   0.0999   0.0582   0.0611  -0.0155   0.0162   0.0605  -0.40    1.1
2026/04/23 07:32:30.700   3509418.2497    779147.7388   5250972.6433   2  16   0.0998   0.0582   0.0611  -0.0155   0.0162   0.0604  -0.30    1.1
2026/04/23 07:32:30.800   3509418.2509    779147.7387   5250972.6438   2  16   0.0998   0.0581   0.0611  -0.0155   0.0161   0.0604  -0.20    1.3
2026/04/23 07:32:30.900   3509418.2522    779147.7386   5250972.6428   2  16   0.0997   0.0581   0.0610  -0.0155   0.0161   0.0603  -0.10    1.3
2026/04/23 07:32:31.000   3509418.2481    779147.7377   5250972.6444   2  16   0.0997   0.0581   0.0610  -0.0155   0.0161   0.0603   0.00    1.1
2026/04/23 07:32:31.100   3509418.2482    779147.7374   5250972.6449   2  16   0.0996   0.0580   0.0609  -0.0155   0.0161   0.0602   0.10    1.2
2026/04/23 07:32:31.200   3509418.2499    779147.7394   5250972.6465   2  15   0.0996   0.0580   0.0609  -0.0155   0.0161   0.0602   0.20    1.1
2026/04/23 07:32:31.300   3509418.2470    779147.7397   5250972.6469   2  16   0.0995   0.0580   0.0608  -0.0155   0.0160   0.0602   0.30    1.1
2026/04/23 07:32:31.400   3509418.2481    779147.7399   5250972.6471   2  16   0.0994   0.0580   0.0608  -0.0155   0.0160   0.0601   0.40    1.1
2026/04/23 07:32:31.500   3509418.2498    779147.7426   5250972.6481   2  16   0.0994   0.0579   0.0607  -0.0155   0.0160   0.0601  -0.50    1.1
2026/04/23 07:32:31.600   3509418.2512    779147.7446   5250972.6488   2  16   0.0993   0.0579   0.0607  -0.0155   0.0160   0.0600  -0.40    1.0
2026/04/23 07:32:31.700   3509418.2506    779147.7456   5250972.6480   2  16   0.0992   0.0579   0.0607  -0.0154   0.0160   0.0600  -0.30    1.0
2026/04/23 07:32:31.800   3509418.2500    779147.7460   5250972.6478   2  16   0.0992   0.0579   0.0606  -0.0154   0.0160   0.0600  -0.20    1.3
2026/04/23 07:32:31.900   3509418.2496    779147.7490   5250972.6491   2  16   0.0991   0.0578   0.0606  -0.0154   0.0159   0.0599  -0.10    1.3
2026/04/23 07:32:32.000   3509418.2488    779147.7509   5250972.6484   2  16   0.0991   0.0578   0.0605  -0.0154   0.0159   0.0599   0.00    1.1
2026/04/23 07:32:32.100   3509418.2507    779147.7516   5250972.6456   2  16   0.0990   0.0578   0.0605  -0.0154   0.0159   0.0598   0.10    1.2
2026/04/23 07:32:32.200   3509418.2487    779147.7522   5250972.6443   2  16   0.0989   0.0578   0.0604  -0.0154   0.0159   0.0598   0.20    1.1
2026/04/23 07:32:32.300   3509418.2470    779147.7541   5250972.6446   2  16   0.0989   0.0577   0.0604  -0.0154   0.0159   0.0597   0.30    1.1
2026/04/23 07:32:32.400   3509418.2498    779147.7555   5250972.6451   2  16   0.0988   0.0577   0.0603  -0.0154   0.0158   0.0597   0.40    1.3
2026/04/23 07:32:32.500   3509418.2527    779147.7572   5250972.6459   2  16   0.0988   0.0577   0.0603  -0.0154   0.0158   0.0597  -0.50    1.3
2026/04/23 07:32:32.600   3509418.2559    779147.7585   5250972.6459   2  16   0.0987   0.0577   0.0603  -0.0154   0.0158   0.0596  -0.40    1.2
2026/04/23 07:32:32.700   3509418.2546    779147.7586   5250972.6447   2  16   0.0986   0.0576   0.0602  -0.0154   0.0158   0.0596  -0.30    1.2
2026/04/23 07:32:32.800   3509418.2588    779147.7589   5250972.6454   2  16   0.0986   0.0576   0.0602  -0.0154   0.0158   0.0595  -0.20    1.1
2026/04/23 07:32:32.900   3509418.2610    779147.7596   5250972.6449   2  16   0.0985   0.0576   0.0601  -0.0154   0.0158   0.0595  -0.10    1.1
2026/04/23 07:32:33.000   3509418.2603    779147.7599   5250972.6456   2  16   0.0985   0.0575   0.0601  -0.0154   0.0157   0.0595   0.00    1.1
2026/04/23 07:32:33.100   3509418.2607    779147.7606   5250972.6467   2  16   0.0984   0.0575   0.0600  -0.0153   0.0157   0.0594   0.10    1.1
2026/04/23 07:32:33.200   3509418.2605    779147.7615   5250972.6471   2  16   0.0983   0.0575   0.0600  -0.0153   0.0157   0.0594   0.20    1.1
2026/04/23 07:32:33.300   3509418.2585    779147.7612   5250972.6464   2  16   0.0983   0.0575   0.0600  -0.0153   0.0157   0.0593   0.30    1.0
2026/04/23 07:32:33.400   3509418.2562    779147.7603   5250972.6445   2  15   0.0983   0.0574   0.0599  -0.0154   0.0157   0.0593   0.40    1.1
2026/04/23 07:32:33.500   3509418.2559    779147.7597   5250972.6436   2  16   0.0982   0.0574   0.0599  -0.0153   0.0157   0.0593  -0.50    1.3
2026/04/23 07:32:33.600   3509418.2520    779147.7607   5250972.6448   2  16   0.0981   0.0574   0.0598  -0.0153   0.0156   0.0592  -0.40    1.1
2026/04/23 07:32:33.700   3509418.2527    779147.7615   5250972.6427   2  16   0.0981   0.0574   0.0598  -0.0153   0.0156   0.0592  -0.30    1.2
2026/04/23 07:32:33.800   3509418.2530    779147.7612   5250972.6418   2  16   0.0980   0.0573   0.0597  -0.0153   0.0156   0.0591  -0.20    1.1
2026/04/23 07:32:33.900   3509418.2520    779147.7605   5250972.6418   2  15   0.0980   0.0573   0.0597  -0.0153   0.0156   0.0591  -0.10    1.1
2026/04/23 07:32:34.000   3509418.2576    779147.7605   5250972.6416   2  16   0.0979   0.0573   0.0597  -0.0153   0.0156   0.0591   0.00    1.3
2026/04/23 07:32:34.100   3509418.2590    779147.7617   5250972.6428   2  15   0.0979   0.0573   0.0596  -0.0153   0.0155   0.0590   0.10    1.2
2026/04/23 07:32:34.200   3509418.2626    779147.7619   5250972.6427   2  15   0.0979   0.0572   0.0596  -0.0153   0.0155   0.0590   0.20    1.1
2026/04/23 07:32:34.300   3509418.2643    779147.7625   5250972.6435   2  15   0.0978   0.0572   0.0595  -0.0153   0.0155   0.0590   0.30    1.2
2026/04/23 07:32:34.400   3509418.2644    779147.7621   5250972.6436   2  15   0.0978   0.0572   0.0595  -0.0153   0.0155   0.0589   0.40    1.1
2026/04/23 07:32:34.500   3509418.2643    779147.7628   5250972.6446   2  15   0.0977   0.0572   0.0595  -0.0153   0.0155   0.0589  -0.50    1.1
2026/04/23 07:32:34.600   3509418.2690    779147.7638   5250972.6454   2  15   0.0977   0.0571   0.0594  -0.0153   0.0155   0.0589  -0.40    1.2
2026/04/23 07:32:34.700   3509418.2746    779147.7666   5250972.6473   2  15   0.0976   0.0571   0.0594  -0.0153   0.0154   0.0588  -0.30    1.2
2026/04/23 07:32:34.800   3509418.2804    779147.7692   5250972.6505   2  15   0.0976   0.0571   0.0593  -0.0153   0.0154   0.0588  -0.20    1.0
2026/04/23 07:32:34.900   3509418.2841    779147.7720   5250972.6524   2  15   0.0975   0.0571   0.0593  -0.0153   0.0154   0.0588  -0.10    1.1
2026/04/23 07:32:35.000   3509418.2870    779147.7751   5250972.6560   2  15   0.0975   0.0570   0.0593  -0.0153   0.0154   0.0587   0.00    1.1
2026/04/23 07:32:35.100   3509418.2888    779147.7779   5250972.6596   2  15   0.0974   0.0570   0.0592  -0.0153   0.0154   0.0587   0.10    1.4
2026/04/23 07:32:35.200   3509418.2899    779147.7781   5250972.6623   2  15   0.0974   0.0570   0.0592  -0.0153   0.0154   0.0586   0.20    1.0
2026/04/23 07:32:35.300   3509418.2900    779147.7781   5250972.6631   2  15   0.0973   0.0570   0.0591  -0.0153   0.0153   0.0586   0.30    1.2
2026/04/23 07:32:35.400   3509418.2907    779147.7795   5250972.6653   2  15   0.0972   0.0569   0.0591  -0.0153   0.0153   0.0586   0.40    1.1
2026/04/23 07:32:35.500   3509418.2899    779147.7799   5250972.6676   2  15   0.0972   0.0569   0.0591  -0.0153   0.0153   0.0585  -0.50    1.1
2026/04/23 07:32:35.600   3509418.2911    779147.7805   5250972.6684   2  15   0.0971   0.0569   0.0590  -0.0153   0.0153   0.0585  -0.40    2.4
2026/04/23 07:32:35.700   3509418.2911    779147.7804   5250972.6688   2  15   0.0971   0.0569   0.0590  -0.0152   0.0153   0.0584  -0.30    1.8
2026/04/23 07:32:35.800   3509418.2956    779147.7823   5250972.6694   2  15   0.0970   0.0568   0.0589  -0.0152   0.0153   0.0584  -0.20    1.5
2026/04/23 07:32:35.900   3509418.2966    779147.7810   5250972.6686   2  15   0.0970   0.0568   0.0589  -0.0152   0.0152   0.0584  -0.10    1.0
2026/04/23 07:32:36.000   3509418.2986    779147.7812   5250972.6696   2  15   0.0969   0.0568   0.0589  -0.0152   0.0152   0.0583   0.00    2.4
2026/04/23 07:32:36.100   3509418.2998    779147.7805   5250972.6713   2  15   0.0968   0.0568   0.0588  -0.0152   0.0152   0.0583   0.10    1.8
2026/04/23 07:32:36.200   3509418.3013    779147.7809   5250972.6723   2  15   0.0968   0.0567   0.0588  -0.0152   0.0152   0.0582   0.20    1.9
2026/04/23 07:32:36.300   3509418.3021    779147.7813   5250972.6715   2  15   0.0967   0.0567   0.0587  -0.0152   0.0152   0.0582   0.30    2.0
2026/04/23 07:32:36.400   3509418.3004    779147.7794   5250972.6718   2  15   0.0967   0.0567   0.0587  -0.0152   0.0152   0.0582   0.40    2.1
2026/04/23 07:32:36.500   3509418.3015    779147.7810   5250972.6719   2  15   0.0966   0.0567   0.0587  -0.0152   0.0151   0.0581  -0.50    1.9
2026/04/23 07:32:36.600   3509418.3078    779147.7854   5250972.6735   2  15   0.0966   0.0566   0.0586  -0.0152   0.0151   0.0581  -0.40    1.6
2026/04/23 07:32:36.700   3509418.3073    779147.7846   5250972.6726   2  14   0.0965   0.0566   0.0586  -0.0150   0.0152   0.0581  -0.30    1.1
2026/04/23 07:32:36.800   3509418.3100    779147.7865   5250972.6765   2  15   0.0965   0.0566   0.0585  -0.0151   0.0152   0.0580  -0.20    1.1
2026/04/23 07:32:36.900   3509418.3079    779147.7861   5250972.6783   2  15   0.0964   0.0566   0.0585  -0.0151   0.0151   0.0580  -0.10    1.2
2026/04/23 07:32:37.000   3509418.3050    779147.7850   5250972.6789   2  14   0.0964   0.0566   0.0585  -0.0149   0.0152   0.0580   0.00    1.1
2026/04/23 07:32:37.100   3509418.3044    779147.7838   5250972.6791   2  15   0.0963   0.0565   0.0584  -0.0150   0.0151   0.0579   0.10    2.4
2026/04/23 07:32:37.200   3509418.3062    779147.7821   5250972.6784   2  15   0.0963   0.0565   0.0584  -0.0150   0.0151   0.0579   0.20    1.9
2026/04/23 07:32:37.300   3509418.3107    779147.7836   5250972.6792   2  15   0.0962   0.0565   0.0584  -0.0151   0.0151   0.0579   0.30    1.5
2026/04/23 07:32:37.400   3509418.3112    779147.7841   5250972.6781   2  15   0.0961   0.0564   0.0583  -0.0151   0.0150   0.0578   0.40    1.1
2026/04/23 07:32:37.500   3509418.3112    779147.7853   5250972.6782   2  15   0.0961   0.0564   0.0583  -0.0151   0.0150   0.0578  -0.50    2.4
2026/04/23 07:32:37.600   3509418.3099    779147.7852   5250972.6789   2  15   0.0960   0.0564   0.0582  -0.0151   0.0150   0.0577  -0.40    1.8
2026/04/23 07:32:37.700   3509418.3109    779147.7857   5250972.6795   2  15   0.0960   0.0564   0.0582  -0.0151   0.0150   0.0577  -0.30    1.9
2026/04/23 07:32:37.800   3509418.3100    779147.7874   5250972.6837   2  15   0.0959   0.0563   0.0581  -0.0151   0.0149   0.0576  -0.20    2.0
2026/04/23 07:32:37.900   3509418.3084    779147.7888   5250972.6873   2  15   0.0958   0.0563   0.0581  -0.0151   0.0149   0.0576  -0.10    2.1
2026/04/23 07:32:38.000   3509418.3108    779147.7900   5250972.6877   2  15   0.0958   0.0563   0.0581  -0.0151   0.0149   0.0576   0.00    1.9
2026/04/23 07:32:38.100   3509418.3118    779147.7919   5250972.6882   2  15   0.0957   0.0563   0.0580  -0.0150   0.0149   0.0575   0.10    1.7
2026/04/23 07:32:38.200   3509418.3121    779147.7927   5250972.6900   2  15   0.0957   0.0562   0.0580  -0.0150   0.0149   0.0575   0.20    1.4
2026/04/23 07:32:38.300   3509418.3129    779147.7946   5250972.6926   2  15   0.0956   0.0562   0.0579  -0.0150   0.0149   0.0574   0.30    1.1
2026/04/23 07:32:38.400   3509418.3132    779147.7956   5250972.6959   2  15   0.0956   0.0562   0.0579  -0.0150   0.0148   0.0574   0.40    1.1
2026/04/23 07:32:38.500   3509418.3169    779147.7963   5250972.6978   2  15   0.0955   0.0562   0.0579  -0.0150   0.0148   0.0574  -0.50    1.1
2026/04/23 07:32:38.600   3509418.3209    779147.7977   5250972.7015   2  15   0.0955   0.0561   0.0578  -0.0150   0.0148   0.0573  -0.40    1.1
2026/04/23 07:32:38.700   3509418.3236    779147.7983   5250972.7034   2  15   0.0954   0.0561   0.0578  -0.0150   0.0148   0.0573  -0.30    2.4
2026/04/23 07:32:38.800   3509418.3256    779147.7987   5250972.7055   2  15   0.0953   0.0561   0.0577  -0.0150   0.0148   0.0573  -0.20    1.9
2026/04/23 07:32:38.900   3509418.3268    779147.7981   5250972.7087   2  15   0.0953   0.0561   0.0577  -0.0150   0.0148   0.0572  -0.10    1.5
2026/04/23 07:32:39.000   3509418.3275    779147.7971   5250972.7096   2  15   0.0952   0.0560   0.0577  -0.0150   0.0147   0.0572   0.00    1.1
2026/04/23 07:32:39.100   3509418.3302    779147.7970   5250972.7104   2  15   0.0952   0.0560   0.0576  -0.0150   0.0147   0.0571   0.10    2.5
2026/04/23 07:32:39.200   3509418.3321    779147.7976   5250972.7119   2  15   0.0951   0.0560   0.0576  -0.0150   0.0147   0.0571   0.20    1.8
2026/04/23 07:32:39.300   3509418.3314    779147.7974   5250972.7124   2  15   0.0951   0.0560   0.0575  -0.0150   0.0147   0.0571   0.30    1.9
2026/04/23 07:32:39.400   3509418.3309    779147.7962   5250972.7122   2  15   0.0950   0.0559   0.0575  -0.0150   0.0147   0.0570   0.40    2.0
2026/04/23 07:32:39.500   3509418.3322    779147.7946   5250972.7106   2  15   0.0950   0.0559   0.0575  -0.0150   0.0147   0.0570  -0.50    2.1
2026/04/23 07:32:39.600   3509418.3360    779147.7949   5250972.7094   2  15   0.0949   0.0559   0.0574  -0.0149   0.0147   0.0570  -0.40    1.9
2026/04/23 07:32:39.700   3509418.3386    779147.7968   5250972.7092   2  15   0.0949   0.0559   0.0574  -0.0149   0.0146   0.0569  -0.30    1.7
2026/04/23 07:32:39.800   3509418.3380    779147.7974   5250972.7093   2  15   0.0948   0.0558   0.0573  -0.0149   0.0146   0.0569  -0.20    1.6
2026/04/23 07:32:39.900   3509418.3390    779147.7971   5250972.7097   2  15   0.0947   0.0558   0.0573  -0.0149   0.0146   0.0568  -0.10    1.1
2026/04/23 07:32:40.000   3509418.3431    779147.7981   5250972.7093   2  15   0.0947   0.0558   0.0573  -0.0149   0.0146   0.0568   0.00    1.1
2026/04/23 07:32:40.100   3509418.3426    779147.7983   5250972.7099   2  15   0.0946   0.0558   0.0572  -0.0149   0.0146   0.0568   0.10    1.1
2026/04/23 07:32:40.200   3509418.3397    779147.7974   5250972.7107   2  15   0.0946   0.0557   0.0572  -0.0149   0.0146   0.0567   0.20    1.1
2026/04/23 07:32:40.300   3509418.3395    779147.7970   5250972.7109   2  15   0.0945   0.0557   0.0571  -0.0149   0.0145   0.0567   0.30    2.5
2026/04/23 07:32:40.400   3509418.3412    779147.7963   5250972.7119   2  15   0.0945   0.0557   0.0571  -0.0149   0.0145   0.0567   0.40    2.0
2026/04/23 07:32:40.500   3509418.3419    779147.7944   5250972.7128   2  15   0.0944   0.0557   0.0571  -0.0149   0.0145   0.0566  -0.50    1.5
2026/04/23 07:32:40.600   3509418.3432    779147.7941   5250972.7151   2  15   0.0944   0.0556   0.0570  -0.0149   0.0145   0.0566  -0.40    1.1
2026/04/23 07:32:40.700   3509418.3455    779147.7922   5250972.7159   2  15   0.0943   0.0556   0.0570  -0.0149   0.0145   0.0565  -0.30    2.5
2026/04/23 07:32:40.800   3509418.3434    779147.7905   5250972.7170   2  15   0.0943   0.0556   0.0570  -0.0149   0.0145   0.0565  -0.20    1.8
2026/04/23 07:32:40.900   3509418.3449    779147.7915   5250972.7151   2  15   0.0942   0.0556   0.0569  -0.0149   0.0144   0.0565  -0.10    1.9
2026/04/23 07:32:41.000   3509418.3477    779147.7911   5250972.7162   2  15   0.0942   0.0555   0.0569  -0.0148   0.0144   0.0564   0.00    2.0
2026/04/23 07:32:41.100   3509418.3516    779147.7921   5250972.7180   2  15   0.0941   0.0555   0.0568  -0.0148   0.0144   0.0564   0.10    2.2
2026/04/23 07:32:41.200   3509418.3549    779147.7916   5250972.7187   2  15   0.0940   0.0555   0.0568  -0.0148   0.0144   0.0564   0.20    2.0
2026/04/23 07:32:41.300   3509418.3573    779147.7923   5250972.7199   2  15   0.0940   0.0555   0.0568  -0.0148   0.0144   0.0563   0.30    1.7
2026/04/23 07:32:41.400   3509418.3575    779147.7925   5250972.7201   2  15   0.0939   0.0555   0.0567  -0.0148   0.0144   0.0563   0.40    1.6
2026/04/23 07:32:41.500   3509418.3574    779147.7915   5250972.7189   2  15   0.0939   0.0554   0.0567  -0.0148   0.0144   0.0563  -0.50    1.1
2026/04/23 07:32:41.600   3509418.3598    779147.7921   5250972.7202   2  15   0.0938   0.0554   0.0567  -0.0148   0.0143   0.0562  -0.40    1.1
2026/04/23 07:32:41.700   3509418.3618    779147.7933   5250972.7209   2  15   0.0938   0.0554   0.0566  -0.0148   0.0143   0.0562  -0.30    1.1
2026/04/23 07:32:41.800   3509418.3632    779147.7936   5250972.7229   2  15   0.0937   0.0554   0.0566  -0.0148   0.0143   0.0561  -0.20    1.1
2026/04/23 07:32:41.900   3509418.3605    779147.7921   5250972.7222   2  15   0.0937   0.0553   0.0565  -0.0148   0.0143   0.0561  -0.10    2.5
2026/04/23 07:32:42.000   3509418.3602    779147.7923   5250972.7205   2  15   0.0936   0.0553   0.0565  -0.0148   0.0143   0.0561   0.00    2.0
2026/04/23 07:32:42.100   3509418.3584    779147.7919   5250972.7194   2  15   0.0936   0.0553   0.0565  -0.0148   0.0143   0.0560   0.10    1.5
2026/04/23 07:32:42.200   3509418.3554    779147.7905   5250972.7193   2  15   0.0935   0.0553   0.0564  -0.0148   0.0142   0.0560   0.20    1.1
2026/04/23 07:32:42.300   3509418.3512    779147.7882   5250972.7194   2  15   0.0935   0.0552   0.0564  -0.0148   0.0142   0.0560   0.30    2.5
2026/04/23 07:32:42.400   3509418.3497    779147.7876   5250972.7196   2  15   0.0934   0.0552   0.0564  -0.0148   0.0142   0.0559   0.40    1.9
2026/04/23 07:32:42.500   3509418.3460    779147.7874   5250972.7186   2  15   0.0934   0.0552   0.0563  -0.0147   0.0142   0.0559  -0.50    1.9
2026/04/23 07:32:42.600   3509418.3419    779147.7878   5250972.7161   2  15   0.0933   0.0552   0.0563  -0.0147   0.0142   0.0559  -0.40    2.1
2026/04/23 07:32:42.700   3509418.3405    779147.7880   5250972.7116   2  15   0.0933   0.0551   0.0562  -0.0147   0.0142   0.0558  -0.30    2.2
2026/04/23 07:32:42.800   3509418.3373    779147.7864   5250972.7100   2  15   0.0932   0.0551   0.0562  -0.0147   0.0142   0.0558  -0.20    2.0
2026/04/23 07:32:42.900   3509418.3342    779147.7860   5250972.7103   2  15   0.0931   0.0551   0.0562  -0.0147   0.0141   0.0557  -0.10    1.7
2026/04/23 07:32:43.000   3509418.3324    779147.7850   5250972.7087   2  15   0.0931   0.0551   0.0561  -0.0147   0.0141   0.0557   0.00    1.6
2026/04/23 07:32:43.100   3509418.3304    779147.7856   5250972.7107   2  15   0.0930   0.0551   0.0561  -0.0147   0.0141   0.0557   0.10    1.1
2026/04/23 07:32:43.200   3509418.3260    779147.7869   5250972.7133   2  15   0.0930   0.0550   0.0561  -0.0147   0.0141   0.0556   0.20    1.1
2026/04/23 07:32:43.300   3509418.3238    779147.7880   5250972.7131   2  15   0.0929   0.0550   0.0560  -0.0147   0.0141   0.0556   0.30    1.1
2026/04/23 07:32:43.400   3509418.3227    779147.7883   5250972.7101   2  15   0.0929   0.0550   0.0560  -0.0147   0.0141   0.0556   0.40    1.1
2026/04/23 07:32:43.500   3509418.3249    779147.7877   5250972.7096   2  15   0.0928   0.0550   0.0559  -0.0147   0.0140   0.0555  -0.50    2.5
2026/04/23 07:32:43.600   3509418.3265    779147.7885   5250972.7097   2  15   0.0928   0.0549   0.0559  -0.0147   0.0140   0.0555  -0.40    2.0
2026/04/23 07:32:43.700   3509418.3309    779147.7871   5250972.7082   2  15   0.0927   0.0549   0.0559  -0.0147   0.0140   0.0555  -0.30    1.5
2026/04/23 07:32:43.800   3509418.3348    779147.7855   5250972.7042   2  15   0.0927   0.0549   0.0558  -0.0147   0.0140   0.0554  -0.20    1.2
2026/04/23 07:32:43.900   3509418.3364    779147.7838   5250972.7012   2  15   0.0926   0.0549   0.0558  -0.0147   0.0140   0.0554  -0.10    2.5
2026/04/23 07:32:44.000   3509418.3347    779147.7836   5250972.7018   2  15   0.0926   0.0548   0.0558  -0.0146   0.0140   0.0554   0.00    1.9
2026/04/23 07:32:44.100   3509418.3337    779147.7832   5250972.7033   2  15   0.0925   0.0548   0.0557  -0.0146   0.0140   0.0553   0.10    2.0
2026/04/23 07:32:44.200   3509418.3343    779147.7836   5250972.7052   2  15   0.0925   0.0548   0.0557  -0.0146   0.0139   0.0553   0.20    2.1
2026/04/23 07:32:44.300   3509418.3371    779147.7840   5250972.7052   2  15   0.0924   0.0548   0.0556  -0.0146   0.0139   0.0553   0.30    2.2
2026/04/23 07:32:44.400   3509418.3377    779147.7854   5250972.7071   2  15   0.0924   0.0548   0.0556  -0.0146   0.0139   0.0552   0.40    2.0
2026/04/23 07:32:44.500   3509418.3412    779147.7871   5250972.7062   2  15   0.0923   0.0547   0.0556  -0.0146   0.0139   0.0552  -0.50    1.7
2026/04/23 07:32:44.600   3509418.3424    779147.7878   5250972.7060   2  15   0.0923   0.0547   0.0555  -0.0146   0.0139   0.0551  -0.40    1.7
2026/04/23 07:32:44.700   3509418.3448    779147.7880   5250972.7100   2  15   0.0922   0.0547   0.0555  -0.0146   0.0139   0.0551  -0.30    1.1
2026/04/23 07:32:44.800   3509418.3457    779147.7852   5250972.7128   2  15   0.0922   0.0547   0.0555  -0.0146   0.0138   0.0551  -0.20    1.1
2026/04/23 07:32:44.900   3509418.3471    779147.7829   5250972.7142   2  15   0.0921   0.0546   0.0554  -0.0146   0.0138   0.0550  -0.10    1.1
2026/04/23 07:32:45.000   3509418.3494    779147.7797   5250972.7145   2  15   0.0921   0.0546   0.0554  -0.0146   0.0138   0.0550   0.00    1.1
2026/04/23 07:32:45.100   3509418.3513    779147.7792   5250972.7161   2  15   0.0920   0.0546   0.0554  -0.0146   0.0138   0.0550   0.10    2.6
2026/04/23 07:32:45.200   3509418.3538    779147.7772   5250972.7148   2  15   0.0920   0.0546   0.0553  -0.0146   0.0138   0.0549   0.20    2.1
2026/04/23 07:32:45.300   3509418.3553    779147.7760   5250972.7137   2  15   0.0919   0.0545   0.0553  -0.0146   0.0138   0.0549   0.30    1.5
2026/04/23 07:32:45.400   3509418.3572    779147.7738   5250972.7138   2  15   0.0919   0.0545   0.0552  -0.0146   0.0138   0.0549   0.40    1.2
2026/04/23 07:32:45.500   3509418.3579    779147.7721   5250972.7163   2  15   0.0918   0.0545   0.0552  -0.0145   0.0137   0.0548  -0.50    2.6
2026/04/23 07:32:45.600   3509418.3583    779147.7706   5250972.7156   2  15   0.0918   0.0545   0.0552  -0.0145   0.0137   0.0548  -0.40    2.0
2026/04/23 07:32:45.700   3509418.3586    779147.7692   5250972.7124   2  15   0.0917   0.0545   0.0551  -0.0145   0.0137   0.0548  -0.30    2.0
2026/04/23 07:32:45.800   3509418.3564    779147.7682   5250972.7098   2  15   0.0917   0.0544   0.0551  -0.0145   0.0137   0.0547  -0.20    2.1
2026/04/23 07:32:45.900   3509418.3565    779147.7666   5250972.7077   2  15   0.0916   0.0544   0.0551  -0.0145   0.0137   0.0547  -0.10    2.2
2026/04/23 07:32:46.000   3509418.3573    779147.7661   5250972.7061   2  15   0.0916   0.0544   0.0550  -0.0145   0.0137   0.0547   0.00    2.0
2026/04/23 07:32:46.100   3509418.3577    779147.7676   5250972.7039   2  15   0.0915   0.0544   0.0550  -0.0145   0.0137   0.0546   0.10    1.7
2026/04/23 07:32:46.200   3509418.3547    779147.7671   5250972.7032   2  15   0.0915   0.0543   0.0550  -0.0145   0.0136   0.0546   0.20    1.7
2026/04/23 07:32:46.300   3509418.3494    779147.7673   5250972.7039   2  15   0.0914   0.0543   0.0549  -0.0145   0.0136   0.0546   0.30    1.2
2026/04/23 07:32:46.400   3509418.3468    779147.7673   5250972.7039   2  15   0.0914   0.0543   0.0549  -0.0145   0.0136   0.0545   0.40    1.1
2026/04/23 07:32:46.500   3509418.3460    779147.7648   5250972.7024   2  15   0.0913   0.0543   0.0549  -0.0145   0.0136   0.0545  -0.50    1.1
2026/04/23 07:32:46.600   3509418.3445    779147.7643   5250972.6998   2  15   0.0913   0.0543   0.0548  -0.0145   0.0136   0.0545  -0.40    1.1
2026/04/23 07:32:46.700   3509418.3430    779147.7638   5250972.6980   2  15   0.0912   0.0542   0.0548  -0.0145   0.0136   0.0544  -0.30    2.6
2026/04/23 07:32:46.800   3509418.3414    779147.7623   5250972.6977   2  15   0.0912   0.0542   0.0548  -0.0145   0.0136   0.0544  -0.20    2.1
2026/04/23 07:32:46.900   3509418.3432    779147.7601   5250972.6980   2  15   0.0911   0.0542   0.0547  -0.0145   0.0135   0.0544  -0.10    1.5
2026/04/23 07:32:47.000   3509418.3441    779147.7572   5250972.6981   2  15   0.0911   0.0542   0.0547  -0.0144   0.0135   0.0543   0.00    1.2
2026/04/23 07:32:47.100   3509418.3472    779147.7561   5250972.6958   2  15   0.0910   0.0541   0.0546  -0.0144   0.0135   0.0543   0.10    2.6
2026/04/23 07:32:47.200   3509418.3491    779147.7541   5250972.6939   2  15   0.0910   0.0541   0.0546  -0.0144   0.0135   0.0542   0.20    2.0
2026/04/23 07:32:47.300   3509418.3462    779147.7536   5250972.6930   2  15   0.0909   0.0541   0.0546  -0.0144   0.0135   0.0542   0.30    2.0
2026/04/23 07:32:47.400   3509418.3430    779147.7528   5250972.6912   2  15   0.0909   0.0541   0.0545  -0.0144   0.0135   0.0542   0.40    2.1
2026/04/23 07:32:47.500   3509418.3365    779147.7523   5250972.6880   2  15   0.0908   0.0540   0.0545  -0.0144   0.0135   0.0541  -0.50    2.3
2026/04/23 07:32:47.600   3509418.3317    779147.7526   5250972.6845   2  15   0.0908   0.0540   0.0545  -0.0144   0.0134   0.0541  -0.40    2.0
2026/04/23 07:32:47.700   3509418.3275    779147.7511   5250972.6832   2  15   0.0907   0.0540   0.0544  -0.0144   0.0134   0.0541  -0.30    1.7
2026/04/23 07:32:47.800   3509418.3251    779147.7489   5250972.6810   2  15   0.0907   0.0540   0.0544  -0.0144   0.0134   0.0540  -0.20    1.7
2026/04/23 07:32:47.900   3509418.3204    779147.7472   5250972.6773   2  15   0.0906   0.0540   0.0544  -0.0144   0.0134   0.0540  -0.10    1.2
2026/04/23 07:32:48.000   3509418.3178    779147.7466   5250972.6751   2  15   0.0906   0.0539   0.0543  -0.0144   0.0134   0.0540   0.00    1.1
2026/04/23 07:32:48.100   3509418.3167    779147.7454   5250972.6746   2  15   0.0905   0.0539   0.0543  -0.0144   0.0134   0.0539   0.10    1.1
2026/04/23 07:32:48.200   3509418.3157    779147.7447   5250972.6743   2  15   0.0905   0.0539   0.0543  -0.0144   0.0133   0.0539   0.20    1.1
2026/04/23 07:32:48.300   3509418.3171    779147.7437   5250972.6745   2  15   0.0904   0.0539   0.0542  -0.0144   0.0133   0.0539   0.30    2.6
2026/04/23 07:32:48.400   3509418.3233    779147.7411   5250972.6716   2  15   0.0904   0.0538   0.0542  -0.0144   0.0133   0.0538   0.40    2.2
2026/04/23 07:32:48.500   3509418.3265    779147.7379   5250972.6725   2  15   0.0903   0.0538   0.0542  -0.0144   0.0133   0.0538  -0.50    1.5
2026/04/23 07:32:48.600   3509418.3292    779147.7349   5250972.6733   2  15   0.0903   0.0538   0.0541  -0.0143   0.0133   0.0538  -0.40    1.3
2026/04/23 07:32:48.700   3509418.3304    779147.7333   5250972.6752   2  15   0.0902   0.0538   0.0541  -0.0143   0.0133   0.0537  -0.30    2.6
2026/04/23 07:32:48.800   3509418.3323    779147.7332   5250972.6772   2  16   0.0902   0.0538   0.0541  -0.0143   0.0133   0.0537  -0.20    1.0
2026/04/23 07:32:48.900   3509418.3323    779147.7326   5250972.6794   2  16   0.0901   0.0537   0.0540  -0.0143   0.0133   0.0537  -0.10    1.0
2026/04/23 07:32:49.000   3509418.3335    779147.7318   5250972.6819   2  16   0.0901   0.0537   0.0540  -0.0143   0.0132   0.0536   0.00    1.0
2026/04/23 07:32:49.100   3509418.3338    779147.7299   5250972.6841   2  16   0.0900   0.0537   0.0540  -0.0143   0.0132   0.0536   0.10    1.0
2026/04/23 07:32:49.200   3509418.3359    779147.7283   5250972.6842   2  16   0.0900   0.0537   0.0539  -0.0143   0.0132   0.0536   0.20    1.1
2026/04/23 07:32:49.300   3509418.3367    779147.7279   5250972.6849   2  16   0.0899   0.0536   0.0539  -0.0143   0.0132   0.0536   0.30    1.1
2026/04/23 07:32:49.400   3509418.3373    779147.7261   5250972.6853   2  16   0.0899   0.0536   0.0539  -0.0143   0.0132   0.0535   0.40    1.1
2026/04/23 07:32:49.500   3509418.3378    779147.7254   5250972.6845   2  16   0.0898   0.0536   0.0538  -0.0142   0.0132   0.0535  -0.50    1.0
2026/04/23 07:32:49.600   3509418.3371    779147.7246   5250972.6841   2  16   0.0897   0.0536   0.0538  -0.0142   0.0131   0.0535  -0.40    1.0
2026/04/23 07:32:49.700   3509418.3366    779147.7235   5250972.6866   2  16   0.0897   0.0536   0.0538  -0.0142   0.0131   0.0534  -0.30    1.1
2026/04/23 07:32:49.800   3509418.3360    779147.7209   5250972.6891   2  16   0.0896   0.0535   0.0537  -0.0142   0.0131   0.0534  -0.20    1.1
2026/04/23 07:32:49.900   3509418.3355    779147.7195   5250972.6893   2  16   0.0896   0.0535   0.0537  -0.0142   0.0131   0.0534  -0.10    1.1
2026/04/23 07:32:50.000   3509418.3357    779147.7169   5250972.6883   2  16   0.0895   0.0535   0.0536  -0.0142   0.0131   0.0533   0.00    1.0
2026/04/23 07:32:50.100   3509418.3355    779147.7162   5250972.6860   2  16   0.0895   0.0535   0.0536  -0.0142   0.0131   0.0533   0.10    1.0
2026/04/23 07:32:50.200   3509418.3353    779147.7159   5250972.6838   2  16   0.0894   0.0535   0.0536  -0.0142   0.0131   0.0533   0.20    1.0
2026/04/23 07:32:50.300   3509418.3378    779147.7145   5250972.6827   2  16   0.0894   0.0534   0.0535  -0.0142   0.0130   0.0532   0.30    1.1
2026/04/23 07:32:50.400   3509418.3401    779147.7137   5250972.6828   2  16   0.0893   0.0534   0.0535  -0.0142   0.0130   0.0532   0.40    1.1
2026/04/23 07:32:50.500   3509418.3404    779147.7107   5250972.6813   2  16   0.0893   0.0534   0.0535  -0.0142   0.0130   0.0532  -0.50    1.1
2026/04/23 07:32:50.600   3509418.3402    779147.7097   5250972.6789   2  16   0.0892   0.0534   0.0534  -0.0141   0.0130   0.0531  -0.40    1.1
2026/04/23 07:32:50.700   3509418.3395    779147.7086   5250972.6774   2  16   0.0892   0.0533   0.0534  -0.0141   0.0130   0.0531  -0.30    1.0
2026/04/23 07:32:50.800   3509418.3398    779147.7076   5250972.6763   2  16   0.0891   0.0533   0.0534  -0.0141   0.0130   0.0531  -0.20    1.1
2026/04/23 07:32:50.900   3509418.3402    779147.7051   5250972.6735   2  16   0.0891   0.0533   0.0533  -0.0141   0.0130   0.0530  -0.10    1.1
2026/04/23 07:32:51.000   3509418.3398    779147.7039   5250972.6721   2  16   0.0890   0.0533   0.0533  -0.0141   0.0129   0.0530   0.00    1.1
2026/04/23 07:32:51.100   3509418.3397    779147.7020   5250972.6676   2  16   0.0890   0.0533   0.0533  -0.0141   0.0129   0.0530   0.10    1.1
2026/04/23 07:32:51.200   3509418.3386    779147.7010   5250972.6663   2  16   0.0889   0.0532   0.0532  -0.0141   0.0129   0.0529   0.20    1.1
2026/04/23 07:32:51.300   3509418.3357    779147.6993   5250972.6668   2  16   0.0889   0.0532   0.0532  -0.0141   0.0129   0.0529   0.30    1.1
2026/04/23 07:32:51.400   3509418.3361    779147.6973   5250972.6666   2  16   0.0888   0.0532   0.0532  -0.0141   0.0129   0.0529   0.40    1.0
2026/04/23 07:32:51.500   3509418.3382    779147.6966   5250972.6666   2  16   0.0888   0.0532   0.0531  -0.0141   0.0129   0.0528  -0.50    1.4
2026/04/23 07:32:51.600   3509418.3390    779147.6933   5250972.6653   2  16   0.0887   0.0532   0.0531  -0.0141   0.0129   0.0528  -0.40    1.0
2026/04/23 07:32:51.700   3509418.3392    779147.6920   5250972.6644   2  16   0.0887   0.0531   0.0531  -0.0141   0.0128   0.0528  -0.30    1.1
2026/04/23 07:32:51.800   3509418.3385    779147.6920   5250972.6641   2  16   0.0886   0.0531   0.0530  -0.0141   0.0128   0.0527  -0.20    1.0
2026/04/23 07:32:51.900   3509418.3389    779147.6907   5250972.6616   2  16   0.0886   0.0531   0.0530  -0.0141   0.0128   0.0527  -0.10    1.1
2026/04/23 07:32:52.000   3509418.3395    779147.6895   5250972.6610   2  16   0.0885   0.0531   0.0530  -0.0141   0.0128   0.0527   0.00    1.1
2026/04/23 07:32:52.100   3509418.3394    779147.6881   5250972.6605   2  16   0.0885   0.0530   0.0529  -0.0141   0.0128   0.0526   0.10    1.2
2026/04/23 07:32:52.200   3509418.3383    779147.6860   5250972.6582   2  16   0.0884   0.0530   0.0529  -0.0140   0.0128   0.0526   0.20    1.0
2026/04/23 07:32:52.300   3509418.3380    779147.6847   5250972.6559   2  16   0.0884   0.0530   0.0529  -0.0140   0.0128   0.0526   0.30    1.0
2026/04/23 07:32:52.400   3509418.3370    779147.6827   5250972.6545   2  16   0.0883   0.0530   0.0528  -0.0140   0.0128   0.0525   0.40    1.2
2026/04/23 07:32:52.500   3509418.3348    779147.6809   5250972.6532   2  16   0.0883   0.0530   0.0528  -0.0140   0.0127   0.0525  -0.50    1.2
2026/04/23 07:32:52.600   3509418.3333    779147.6799   5250972.6502   2  16   0.0883   0.0529   0.0528  -0.0140   0.0127   0.0525  -0.40    1.1
2026/04/23 07:32:52.700   3509418.3319    779147.6798   5250972.6487   2  16   0.0882   0.0529   0.0527  -0.0140   0.0127   0.0524  -0.30    1.1
2026/04/23 07:32:52.800   3509418.3308    779147.6807   5250972.6469   2  16   0.0882   0.0529   0.0527  -0.0140   0.0127   0.0524  -0.20    1.1
2026/04/23 07:32:52.900   3509418.3303    779147.6797   5250972.6465   2  16   0.0881   0.0529   0.0527  -0.0140   0.0127   0.0524  -0.10    1.1
2026/04/23 07:32:53.000   3509418.3291    779147.6780   5250972.6442   2  16   0.0881   0.0529   0.0526  -0.0140   0.0127   0.0523   0.00    1.0
2026/04/23 07:32:53.100   3509418.3279    779147.6770   5250972.6418   2  16   0.0880   0.0528   0.0526  -0.0140   0.0127   0.0523   0.10    1.6
2026/04/23 07:32:53.200   3509418.3252    779147.6754   5250972.6395   2  16   0.0880   0.0528   0.0526  -0.0140   0.0126   0.0523   0.20    1.6
2026/04/23 07:32:53.300   3509418.3215    779147.6731   5250972.6368   2  16   0.0879   0.0528   0.0525  -0.0140   0.0126   0.0522   0.30    1.6
2026/04/23 07:32:53.400   3509418.3195    779147.6711   5250972.6344   2  16   0.0879   0.0528   0.0525  -0.0140   0.0126   0.0522   0.40    1.5
2026/04/23 07:32:53.500   3509418.3170    779147.6693   5250972.6327   2  16   0.0878   0.0528   0.0525  -0.0140   0.0126   0.0522  -0.50    2.7
2026/04/23 07:32:53.600   3509418.3129    779147.6677   5250972.6328   2  16   0.0878   0.0527   0.0525  -0.0140   0.0126   0.0521  -0.40    2.2
2026/04/23 07:32:53.700   3509418.3093    779147.6652   5250972.6309   2  16   0.0877   0.0527   0.0524  -0.0140   0.0126   0.0521  -0.30    2.1
2026/04/23 07:32:53.800   3509418.3077    779147.6646   5250972.6296   2  16   0.0877   0.0527   0.0524  -0.0139   0.0126   0.0521  -0.20    2.2
2026/04/23 07:32:53.900   3509418.3074    779147.6635   5250972.6271   2  16   0.0876   0.0527   0.0524  -0.0139   0.0126   0.0521  -0.10    2.3
2026/04/23 07:32:54.000   3509418.3053    779147.6623   5250972.6242   2  16   0.0876   0.0526   0.0523  -0.0139   0.0125   0.0520   0.00    2.1
2026/04/23 07:32:54.100   3509418.3062    779147.6607   5250972.6204   2  16   0.0876   0.0526   0.0523  -0.0139   0.0125   0.0520   0.10    1.8
2026/04/23 07:32:54.200   3509418.3068    779147.6601   5250972.6169   2  16   0.0875   0.0526   0.0523  -0.0139   0.0125   0.0520   0.20    1.8
2026/04/23 07:32:54.300   3509418.3074    779147.6590   5250972.6145   2  16   0.0875   0.0526   0.0522  -0.0139   0.0125   0.0519   0.30    1.6
2026/04/23 07:32:54.400   3509418.3074    779147.6575   5250972.6119   2  16   0.0874   0.0526   0.0522  -0.0139   0.0125   0.0519   0.40    1.1
2026/04/23 07:32:54.500   3509418.3066    779147.6566   5250972.6114   2  16   0.0874   0.0525   0.0522  -0.0139   0.0125   0.0519  -0.50    1.1
2026/04/23 07:32:54.600   3509418.3070    779147.6562   5250972.6101   2  16   0.0873   0.0525   0.0521  -0.0139   0.0125   0.0518  -0.40    1.0
2026/04/23 07:32:54.700   3509418.3060    779147.6556   5250972.6085   2  16   0.0873   0.0525   0.0521  -0.0139   0.0124   0.0518  -0.30    1.7
2026/04/23 07:32:54.800   3509418.3065    779147.6554   5250972.6087   2  16   0.0872   0.0525   0.0521  -0.0139   0.0124   0.0518  -0.20    1.8
2026/04/23 07:32:54.900   3509418.3056    779147.6547   5250972.6078   2  16   0.0872   0.0525   0.0520  -0.0139   0.0124   0.0517  -0.10    1.6
2026/04/23 07:32:55.000   3509418.3064    779147.6553   5250972.6068   2  16   0.0871   0.0524   0.0520  -0.0139   0.0124   0.0517   0.00    1.6
2026/04/23 07:32:55.100   3509418.3078    779147.6548   5250972.6058   2  16   0.0871   0.0524   0.0520  -0.0139   0.0124   0.0517   0.10    2.7
2026/04/23 07:32:55.200   3509418.3102    779147.6541   5250972.6059   2  16   0.0871   0.0524   0.0519  -0.0139   0.0124   0.0517   0.20    2.2
2026/04/23 07:32:55.300   3509418.3126    779147.6541   5250972.6075   2  16   0.0870   0.0524   0.0519  -0.0139   0.0124   0.0516   0.30    2.2
2026/04/23 07:32:55.400   3509418.3127    779147.6535   5250972.6110   2  16   0.0870   0.0524   0.0519  -0.0138   0.0124   0.0516   0.40    2.2
2026/04/23 07:32:55.500   3509418.3108    779147.6537   5250972.6129   2  16   0.0869   0.0523   0.0519  -0.0138   0.0123   0.0516  -0.50    2.3
2026/04/23 07:32:55.600   3509418.3093    779147.6537   5250972.6140   2  16   0.0869   0.0523   0.0518  -0.0138   0.0123   0.0515  -0.40    2.1
2026/04/23 07:32:55.700   3509418.3082    779147.6524   5250972.6144   2  16   0.0868   0.0523   0.0518  -0.0138   0.0123   0.0515  -0.30    1.8
2026/04/23 07:32:55.800   3509418.3091    779147.6516   5250972.6139   2  16   0.0868   0.0523   0.0518  -0.0138   0.0123   0.0515  -0.20    1.9
2026/04/23 07:32:55.900   3509418.3096    779147.6511   5250972.6145   2  16   0.0867   0.0523   0.0517  -0.0138   0.0123   0.0514  -0.10    1.3
2026/04/23 07:32:56.000   3509418.3105    779147.6500   5250972.6151   2  16   0.0867   0.0522   0.0517  -0.0138   0.0123   0.0514   0.00    1.0
2026/04/23 07:32:56.100   3509418.3106    779147.6500   5250972.6135   2  16   0.0866   0.0522   0.0517  -0.0138   0.0123   0.0514   0.10    1.1
2026/04/23 07:32:56.200   3509418.3084    779147.6496   5250972.6122   2  16   0.0866   0.0522   0.0516  -0.0138   0.0122   0.0513   0.20    1.0
2026/04/23 07:32:56.300   3509418.3073    779147.6487   5250972.6112   2  16   0.0866   0.0522   0.0516  -0.0138   0.0122   0.0513   0.30    1.9
2026/04/23 07:32:56.400   3509418.3074    779147.6485   5250972.6095   2  16   0.0865   0.0522   0.0516  -0.0138   0.0122   0.0513   0.40    2.0
2026/04/23 07:32:56.500   3509418.3097    779147.6482   5250972.6085   2  16   0.0865   0.0521   0.0515  -0.0138   0.0122   0.0513  -0.50    1.6
2026/04/23 07:32:56.600   3509418.3120    779147.6473   5250972.6064   2  16   0.0864   0.0521   0.0515  -0.0138   0.0122   0.0512  -0.40    1.6
2026/04/23 07:32:56.700   3509418.3113    779147.6458   5250972.6061   2  16   0.0864   0.0521   0.0515  -0.0138   0.0122   0.0512  -0.30    2.7
2026/04/23 07:32:56.800   3509418.3101    779147.6449   5250972.6050   2  16   0.0863   0.0521   0.0515  -0.0138   0.0122   0.0512  -0.20    2.3
2026/04/23 07:32:56.900   3509418.3101    779147.6453   5250972.6054   2  16   0.0863   0.0520   0.0514  -0.0138   0.0122   0.0511  -0.10    2.2
2026/04/23 07:32:57.000   3509418.3101    779147.6469   5250972.6034   2  16   0.0862   0.0520   0.0514  -0.0137   0.0121   0.0511   0.00    2.2
2026/04/23 07:32:57.100   3509418.3080    779147.6471   5250972.6044   2  16   0.0862   0.0520   0.0514  -0.0137   0.0121   0.0511   0.10    2.3
2026/04/23 07:32:57.200   3509418.3051    779147.6462   5250972.6030   2  16   0.0862   0.0520   0.0513  -0.0137   0.0121   0.0510   0.20    2.1
2026/04/23 07:32:57.300   3509418.3038    779147.6454   5250972.6030   2  16   0.0861   0.0520   0.0513  -0.0137   0.0121   0.0510   0.30    1.8
2026/04/23 07:32:57.400   3509418.3029    779147.6442   5250972.6039   2  16   0.0861   0.0519   0.0513  -0.0137   0.0121   0.0510   0.40    1.9
2026/04/23 07:32:57.500   3509418.3023    779147.6431   5250972.6039   2  16   0.0860   0.0519   0.0512  -0.0137   0.0121   0.0510  -0.50    1.3
2026/04/23 07:32:57.600   3509418.3013    779147.6423   5250972.6033   2  16   0.0860   0.0519   0.0512  -0.0137   0.0121   0.0509  -0.40    1.0
2026/04/23 07:32:57.700   3509418.3019    779147.6410   5250972.6036   2  16   0.0859   0.0519   0.0512  -0.0137   0.0121   0.0509  -0.30    1.1
2026/04/23 07:32:57.800   3509418.3033    779147.6391   5250972.6020   2  16   0.0859   0.0519   0.0511  -0.0137   0.0120   0.0509  -0.20    1.0
2026/04/23 07:32:57.900   3509418.3040    779147.6381   5250972.6001   2  16   0.0859   0.0518   0.0511  -0.0137   0.0120   0.0508  -0.10    2.1
2026/04/23 07:32:58.000   3509418.3045    779147.6388   5250972.5975   2  16   0.0858   0.0518   0.0511  -0.0137   0.0120   0.0508   0.00    2.2
2026/04/23 07:32:58.100   3509418.3050    779147.6381   5250972.5956   2  16   0.0858   0.0518   0.0511  -0.0137   0.0120   0.0508   0.10    1.7
2026/04/23 07:32:58.200   3509418.3074    779147.6376   5250972.5945   2  16   0.0857   0.0518   0.0510  -0.0137   0.0120   0.0507   0.20    1.6
2026/04/23 07:32:58.300   3509418.3071    779147.6377   5250972.5948   2  16   0.0857   0.0518   0.0510  -0.0137   0.0120   0.0507   0.30    2.7
2026/04/23 07:32:58.400   3509418.3080    779147.6370   5250972.5945   2  16   0.0856   0.0517   0.0510  -0.0137   0.0120   0.0507   0.40    2.3
2026/04/23 07:32:58.500   3509418.3099    779147.6365   5250972.5917   2  16   0.0856   0.0517   0.0509  -0.0137   0.0120   0.0507  -0.50    2.2
2026/04/23 07:32:58.600   3509418.3076    779147.6349   5250972.5907   2  16   0.0855   0.0517   0.0509  -0.0137   0.0119   0.0506  -0.40    2.2
2026/04/23 07:32:58.700   3509418.3067    779147.6348   5250972.5902   2  16   0.0855   0.0517   0.0509  -0.0136   0.0119   0.0506  -0.30    2.3
2026/04/23 07:32:58.800   3509418.3034    779147.6324   5250972.5899   2  16   0.0855   0.0517   0.0508  -0.0136   0.0119   0.0506  -0.20    2.1
2026/04/23 07:32:58.900   3509418.3019    779147.6312   5250972.5882   2  16   0.0854   0.0516   0.0508  -0.0136   0.0119   0.0505  -0.10    1.8
2026/04/23 07:32:59.000   3509418.3006    779147.6289   5250972.5876   2  16   0.0854   0.0516   0.0508  -0.0136   0.0119   0.0505   0.00    1.9
2026/04/23 07:32:59.100   3509418.3003    779147.6283   5250972.5857   2  16   0.0853   0.0516   0.0508  -0.0136   0.0119   0.0505   0.10    1.3
2026/04/23 07:32:59.200   3509418.2992    779147.6269   5250972.5846   2  16   0.0853   0.0516   0.0507  -0.0136   0.0119   0.0504   0.20    1.0
2026/04/23 07:32:59.300   3509418.2971    779147.6255   5250972.5842   2  16   0.0852   0.0516   0.0507  -0.0136   0.0119   0.0504   0.30    1.1
2026/04/23 07:32:59.400   3509418.2947    779147.6253   5250972.5827   2  16   0.0852   0.0516   0.0507  -0.0136   0.0118   0.0504   0.40    1.0
2026/04/23 07:32:59.500   3509418.2939    779147.6257   5250972.5832   2  16   0.0852   0.0515   0.0506  -0.0136   0.0118   0.0504  -0.50    2.3
2026/04/23 07:32:59.600   3509418.2928    779147.6241   5250972.5803   2  16   0.0851   0.0515   0.0506  -0.0136   0.0118   0.0503  -0.40    2.3
2026/04/23 07:32:59.700   3509418.2903    779147.6218   5250972.5784   2  16   0.0851   0.0515   0.0506  -0.0136   0.0118   0.0503  -0.30    1.7
2026/04/23 07:32:59.800   3509418.2895    779147.6201   5250972.5768   2  16   0.0850   0.0515   0.0506  -0.0136   0.0118   0.0503  -0.20    1.6
2026/04/23 07:32:59.900   3509418.2901    779147.6197   5250972.5752   2  16   0.0850   0.0515   0.0505  -0.0136   0.0118   0.0502  -0.10    2.7
2026/04/23 07:33:00.000   3509418.2897    779147.6188   5250972.5737   2  16   0.0849   0.0514   0.0505  -0.0136   0.0118   0.0502   0.00    2.3
2026/04/23 07:33:00.100   3509418.2883    779147.6178   5250972.5743   2  16   0.0849   0.0514   0.0505  -0.0136   0.0118   0.0502   0.10    2.3
2026/04/23 07:33:00.200   3509418.2869    779147.6165   5250972.5748   2  16   0.0849   0.0514   0.0504  -0.0136   0.0117   0.0502   0.20    2.2
2026/04/23 07:33:00.300   3509418.2840    779147.6156   5250972.5747   2  16   0.0848   0.0514   0.0504  -0.0135   0.0117   0.0501   0.30    2.3
2026/04/23 07:33:00.400   3509418.2823    779147.6155   5250972.5759   2  16   0.0848   0.0514   0.0504  -0.0135   0.0117   0.0501   0.40    2.2
2026/04/23 07:33:00.500   3509418.2813    779147.6147   5250972.5766   2  16   0.0847   0.0513   0.0503  -0.0135   0.0117   0.0501  -0.50    1.8
2026/04/23 07:33:00.600   3509418.2814    779147.6134   5250972.5773   2  16   0.0847   0.0513   0.0503  -0.0135   0.0117   0.0500  -0.40    2.0
2026/04/23 07:33:00.700   3509418.2812    779147.6110   5250972.5755   2  16   0.0846   0.0513   0.0503  -0.0135   0.0117   0.0500  -0.30    1.3
2026/04/23 07:33:00.800   3509418.2823    779147.6107   5250972.5740   2  16   0.0846   0.0513   0.0503  -0.0135   0.0117   0.0500  -0.20    1.0
2026/04/23 07:33:00.900   3509418.2836    779147.6098   5250972.5741   2  16   0.0846   0.0513   0.0502  -0.0135   0.0117   0.0500  -0.10    1.1
2026/04/23 07:33:01.000   3509418.2833    779147.6083   5250972.5734   2  16   0.0845   0.0512   0.0502  -0.0135   0.0116   0.0499   0.00    1.0
2026/04/23 07:33:01.100   3509418.2844    779147.6072   5250972.5715   2  16   0.0845   0.0512   0.0502  -0.0135   0.0116   0.0499   0.10    2.5
2026/04/23 07:33:01.200   3509418.2855    779147.6042   5250972.5705   2  16   0.0844   0.0512   0.0501  -0.0135   0.0116   0.0499   0.20    2.3
2026/04/23 07:33:01.300   3509418.2880    779147.6026   5250972.5689   2  16   0.0844   0.0512   0.0501  -0.0135   0.0116   0.0498   0.30    1.7
2026/04/23 07:33:01.400   3509418.2901    779147.6000   5250972.5684   2  16   0.0843   0.0512   0.0501  -0.0135   0.0116   0.0498   0.40    1.7
2026/04/23 07:33:01.500   3509418.2905    779147.5975   5250972.5676   2  16   0.0843   0.0511   0.0501  -0.0135   0.0116   0.0498  -0.50    2.8
2026/04/23 07:33:01.600   3509418.2898    779147.5958   5250972.5665   2  16   0.0843   0.0511   0.0500  -0.0135   0.0116   0.0498  -0.40    2.3
2026/04/23 07:33:01.700   3509418.2901    779147.5949   5250972.5662   2  16   0.0842   0.0511   0.0500  -0.0135   0.0116   0.0497  -0.30    2.3
2026/04/23 07:33:01.800   3509418.2878    779147.5940   5250972.5672   2  16   0.0842   0.0511   0.0500  -0.0135   0.0116   0.0497  -0.20    2.2
2026/04/23 07:33:01.900   3509418.2856    779147.5924   5250972.5671   2  16   0.0841   0.0511   0.0499  -0.0135   0.0115   0.0497  -0.10    2.3
2026/04/23 07:33:02.000   3509418.2853    779147.5918   5250972.5683   2  16   0.0841   0.0510   0.0499  -0.0134   0.0115   0.0496   0.00    2.2
2026/04/23 07:33:02.100   3509418.2864    779147.5908   5250972.5678   2  16   0.0841   0.0510   0.0499  -0.0134   0.0115   0.0496   0.10    1.8
2026/04/23 07:33:02.200   3509418.2869    779147.5904   5250972.5670   2  16   0.0840   0.0510   0.0499  -0.0134   0.0115   0.0496   0.20    2.0
2026/04/23 07:33:02.300   3509418.2865    779147.5895   5250972.5662   2  16   0.0840   0.0510   0.0498  -0.0134   0.0115   0.0496   0.30    1.3
2026/04/23 07:33:02.400   3509418.2873    779147.5896   5250972.5663   2  16   0.0839   0.0510   0.0498  -0.0134   0.0115   0.0495   0.40    1.0
2026/04/23 07:33:02.500   3509418.2880    779147.5893   5250972.5641   2  16   0.0839   0.0510   0.0498  -0.0134   0.0115   0.0495  -0.50    1.1
2026/04/23 07:33:02.600   3509418.2875    779147.5890   5250972.5637   2  16   0.0838   0.0509   0.0497  -0.0134   0.0115   0.0495  -0.40    1.0
2026/04/23 07:33:02.700   3509418.2872    779147.5879   5250972.5645   2  16   0.0838   0.0509   0.0497  -0.0134   0.0114   0.0494  -0.30    2.7
2026/04/23 07:33:02.800   3509418.2850    779147.5869   5250972.5657   2  16   0.0838   0.0509   0.0497  -0.0134   0.0114   0.0494  -0.20    2.3
2026/04/23 07:33:02.900   3509418.2841    779147.5858   5250972.5672   2  16   0.0837   0.0509   0.0497  -0.0134   0.0114   0.0494  -0.10    1.8
2026/04/23 07:33:03.000   3509418.2844    779147.5836   5250972.5675   2  16   0.0837   0.0509   0.0496  -0.0134   0.0114   0.0494   0.00    1.7
2026/04/23 07:33:03.100   3509418.2840    779147.5833   5250972.5671   2  16   0.0836   0.0508   0.0496  -0.0134   0.0114   0.0493   0.10    2.8
2026/04/23 07:33:03.200   3509418.2843    779147.5817   5250972.5653   2  16   0.0836   0.0508   0.0496  -0.0134   0.0114   0.0493   0.20    2.3
2026/04/23 07:33:03.300   3509418.2838    779147.5794   5250972.5641   2  16   0.0836   0.0508   0.0495  -0.0134   0.0114   0.0493   0.30    2.3
2026/04/23 07:33:03.400   3509418.2837    779147.5791   5250972.5650   2  16   0.0835   0.0508   0.0495  -0.0134   0.0114   0.0492   0.40    2.2
2026/04/23 07:33:03.500   3509418.2837    779147.5784   5250972.5668   2  16   0.0835   0.0508   0.0495  -0.0134   0.0113   0.0492  -0.50    2.3
2026/04/23 07:33:03.600   3509418.2844    779147.5775   5250972.5656   2  16   0.0834   0.0507   0.0495  -0.0134   0.0113   0.0492  -0.40    2.2
2026/04/23 07:33:03.700   3509418.2851    779147.5763   5250972.5648   2  16   0.0834   0.0507   0.0494  -0.0133   0.0113   0.0492  -0.30    1.8
2026/04/23 07:33:03.800   3509418.2857    779147.5746   5250972.5650   2  16   0.0833   0.0507   0.0494  -0.0133   0.0113   0.0491  -0.20    2.0
2026/04/23 07:33:03.900   3509418.2877    779147.5720   5250972.5632   2  16   0.0833   0.0507   0.0494  -0.0133   0.0113   0.0491  -0.10    1.4
2026/04/23 07:33:04.000   3509418.2887    779147.5708   5250972.5625   2  16   0.0833   0.0507   0.0494  -0.0133   0.0113   0.0491   0.00    1.0
2026/04/23 07:33:04.100   3509418.2884    779147.5695   5250972.5607   2  16   0.0832   0.0506   0.0493  -0.0133   0.0113   0.0491   0.10    1.1
2026/04/23 07:33:04.200   3509418.2893    779147.5701   5250972.5579   2  16   0.0832   0.0506   0.0493  -0.0133   0.0113   0.0490   0.20    1.0
2026/04/23 07:33:04.300   3509418.2899    779147.5680   5250972.5560   2  16   0.0831   0.0506   0.0493  -0.0133   0.0113   0.0490   0.30    2.7
2026/04/23 07:33:04.400   3509418.2889    779147.5658   5250972.5543   2  16   0.0831   0.0506   0.0492  -0.0133   0.0112   0.0490   0.40    2.3
2026/04/23 07:33:04.500   3509418.2883    779147.5647   5250972.5506   2  16   0.0831   0.0506   0.0492  -0.0133   0.0112   0.0489  -0.50    1.8
2026/04/23 07:33:04.600   3509418.2860    779147.5640   5250972.5506   2  16   0.0830   0.0506   0.0492  -0.0133   0.0112   0.0489  -0.40    1.7
2026/04/23 07:33:04.700   3509418.2847    779147.5636   5250972.5487   2  16   0.0830   0.0505   0.0492  -0.0133   0.0112   0.0489  -0.30    2.8
2026/04/23 07:33:04.800   3509418.2842    779147.5624   5250972.5454   2  16   0.0829   0.0505   0.0491  -0.0133   0.0112   0.0489  -0.20    2.3
2026/04/23 07:33:04.900   3509418.2848    779147.5609   5250972.5440   2  16   0.0829   0.0505   0.0491  -0.0133   0.0112   0.0488  -0.10    2.4
2026/04/23 07:33:05.000   3509418.2840    779147.5602   5250972.5419   2  16   0.0829   0.0505   0.0491  -0.0133   0.0112   0.0488   0.00    2.2
2026/04/23 07:33:05.100   3509418.2826    779147.5596   5250972.5408   2  16   0.0828   0.0505   0.0490  -0.0133   0.0112   0.0488   0.10    2.3
2026/04/23 07:33:05.200   3509418.2822    779147.5582   5250972.5385   2  16   0.0828   0.0504   0.0490  -0.0133   0.0111   0.0487   0.20    2.2
2026/04/23 07:33:05.300   3509418.2799    779147.5578   5250972.5362   2  16   0.0827   0.0504   0.0490  -0.0133   0.0111   0.0487   0.30    1.8
2026/04/23 07:33:05.400   3509418.2787    779147.5579   5250972.5350   2  16   0.0827   0.0504   0.0490  -0.0132   0.0111   0.0487   0.40    2.1
2026/04/23 07:33:05.500   3509418.2791    779147.5555   5250972.5348   2  16   0.0827   0.0504   0.0489  -0.0132   0.0111   0.0487  -0.50    1.4
2026/04/23 07:33:05.600   3509418.2782    779147.5546   5250972.5342   2  16   0.0826   0.0504   0.0489  -0.0132   0.0111   0.0486  -0.40    1.0
2026/04/23 07:33:05.700   3509418.2771    779147.5534   5250972.5341   2  16   0.0826   0.0504   0.0489  -0.0132   0.0111   0.0486  -0.30    1.0
2026/04/23 07:33:05.800   3509418.2748    779147.5513   5250972.5314   2  16   0.0825   0.0503   0.0489  -0.0132   0.0111   0.0486  -0.20    1.0
2026/04/23 07:33:05.900   3509418.2732    779147.5505   5250972.5299   2  16   0.0825   0.0503   0.0488  -0.0132   0.0111   0.0486  -0.10    2.7
2026/04/23 07:33:06.000   3509418.2738    779147.5502   5250972.5279   2  16   0.0825   0.0503   0.0488  -0.0132   0.0111   0.0485   0.00    2.3
2026/04/23 07:33:06.100   3509418.2726    779147.5492   5250972.5246   2  16   0.0824   0.0503   0.0488  -0.0132   0.0110   0.0485   0.10    1.8
2026/04/23 07:33:06.200   3509418.2732    779147.5482   5250972.5227   2  16   0.0824   0.0503   0.0487  -0.0132   0.0110   0.0485   0.20    1.8
2026/04/23 07:33:06.300   3509418.2748    779147.5473   5250972.5219   2  16   0.0823   0.0502   0.0487  -0.0132   0.0110   0.0484   0.30    2.8
2026/04/23 07:33:06.400   3509418.2741    779147.5458   5250972.5212   2  16   0.0823   0.0502   0.0487  -0.0132   0.0110   0.0484   0.40    2.3
2026/04/23 07:33:06.500   3509418.2742    779147.5446   5250972.5214   2  16   0.0823   0.0502   0.0487  -0.0132   0.0110   0.0484  -0.50    2.4
2026/04/23 07:33:06.600   3509418.2739    779147.5430   5250972.5209   2  16   0.0822   0.0502   0.0486  -0.0132   0.0110   0.0484  -0.40    2.2
2026/04/23 07:33:06.700   3509418.2744    779147.5424   5250972.5195   2  16   0.0822   0.0502   0.0486  -0.0132   0.0110   0.0483  -0.30    2.3
2026/04/23 07:33:06.800   3509418.2734    779147.5406   5250972.5188   2  16   0.0821   0.0501   0.0486  -0.0132   0.0110   0.0483  -0.20    2.2
2026/04/23 07:33:06.900   3509418.2720    779147.5393   5250972.5166   2  16   0.0821   0.0501   0.0486  -0.0132   0.0110   0.0483  -0.10    1.8
2026/04/23 07:33:07.000   3509418.2731    779147.5388   5250972.5147   2  16   0.0821   0.0501   0.0485  -0.0132   0.0109   0.0483   0.00    2.1
2026/04/23 07:33:07.100   3509418.2738    779147.5366   5250972.5140   2  16   0.0820   0.0501   0.0485  -0.0131   0.0109   0.0482   0.10    1.4
2026/04/23 07:33:07.200   3509418.2745    779147.5353   5250972.5126   2  16   0.0820   0.0501   0.0485  -0.0131   0.0109   0.0482   0.20    1.0
2026/04/23 07:33:07.300   3509418.2732    779147.5356   5250972.5116   2  16   0.0819   0.0501   0.0485  -0.0131   0.0109   0.0482   0.30    1.0
2026/04/23 07:33:07.400   3509418.2722    779147.5352   5250972.5114   2  16   0.0819   0.0500   0.0484  -0.0131   0.0109   0.0482   0.40    1.0
2026/04/23 07:33:07.500   3509418.2718    779147.5360   5250972.5106   2  16   0.0819   0.0500   0.0484  -0.0131   0.0109   0.0481  -0.50    2.7
2026/04/23 07:33:07.600   3509418.2712    779147.5361   5250972.5089   2  16   0.0818   0.0500   0.0484  -0.0131   0.0109   0.0481  -0.40    2.3
2026/04/23 07:33:07.700   3509418.2707    779147.5362   5250972.5094   2  16   0.0818   0.0500   0.0484  -0.0131   0.0109   0.0481  -0.30    1.8
2026/04/23 07:33:07.800   3509418.2710    779147.5359   5250972.5104   2  16   0.0817   0.0500   0.0483  -0.0131   0.0109   0.0480  -0.20    1.8
2026/04/23 07:33:07.900   3509418.2700    779147.5357   5250972.5126   2  16   0.0817   0.0499   0.0483  -0.0131   0.0108   0.0480  -0.10    2.8
2026/04/23 07:33:08.000   3509418.2701    779147.5349   5250972.5137   2  16   0.0817   0.0499   0.0483  -0.0131   0.0108   0.0480   0.00    2.4
2026/04/23 07:33:08.100   3509418.2707    779147.5328   5250972.5126   2  16   0.0816   0.0499   0.0482  -0.0131   0.0108   0.0480   0.10    2.4
2026/04/23 07:33:08.200   3509418.2710    779147.5309   5250972.5120   2  16   0.0816   0.0499   0.0482  -0.0131   0.0108   0.0479   0.20    2.3
2026/04/23 07:33:08.300   3509418.2718    779147.5298   5250972.5126   2  16   0.0815   0.0499   0.0482  -0.0131   0.0108   0.0479   0.30    2.3
2026/04/23 07:33:08.400   3509418.2714    779147.5291   5250972.5139   2  16   0.0815   0.0499   0.0482  -0.0131   0.0108   0.0479   0.40    2.2
2026/04/23 07:33:08.500   3509418.2721    779147.5295   5250972.5155   2  16   0.0815   0.0498   0.0481  -0.0131   0.0108   0.0479  -0.50    1.8
2026/04/23 07:33:08.600   3509418.2747    779147.5295   5250972.5161   2  16   0.0814   0.0498   0.0481  -0.0131   0.0108   0.0478  -0.40    2.1
2026/04/23 07:33:08.700   3509418.2744    779147.5287   5250972.5176   2  16   0.0814   0.0498   0.0481  -0.0131   0.0108   0.0478  -0.30    1.4
2026/04/23 07:33:08.800   3509418.2758    779147.5288   5250972.5183   2  16   0.0813   0.0498   0.0481  -0.0131   0.0107   0.0478  -0.20    1.0
2026/04/23 07:33:08.900   3509418.2749    779147.5286   5250972.5203   2  16   0.0813   0.0498   0.0480  -0.0130   0.0107   0.0478  -0.10    1.0
2026/04/23 07:33:09.000   3509418.2748    779147.5275   5250972.5200   2  16   0.0813   0.0497   0.0480  -0.0130   0.0107   0.0477   0.00    1.0
2026/04/23 07:33:09.100   3509418.2754    779147.5252   5250972.5204   2  16   0.0812   0.0497   0.0480  -0.0130   0.0107   0.0477   0.10    2.7
2026/04/23 07:33:09.200   3509418.2760    779147.5246   5250972.5203   2  16   0.0812   0.0497   0.0480  -0.0130   0.0107   0.0477   0.20    2.3
2026/04/23 07:33:09.300   3509418.2777    779147.5240   5250972.5198   2  16   0.0812   0.0497   0.0479  -0.0130   0.0107   0.0477   0.30    1.8
2026/04/23 07:33:09.400   3509418.2806    779147.5240   5250972.5169   2  16   0.0811   0.0497   0.0479  -0.0130   0.0107   0.0476   0.40    1.8
2026/04/23 07:33:09.500   3509418.2821    779147.5233   5250972.5182   2  16   0.0811   0.0497   0.0479  -0.0130   0.0107   0.0476  -0.50    2.8
2026/04/23 07:33:09.600   3509418.2834    779147.5218   5250972.5183   2  16   0.0810   0.0496   0.0479  -0.0130   0.0107   0.0476  -0.40    2.4
2026/04/23 07:33:09.700   3509418.2844    779147.5216   5250972.5189   2  16   0.0810   0.0496   0.0478  -0.0130   0.0106   0.0475  -0.30    2.5
2026/04/23 07:33:09.800   3509418.2831    779147.5201   5250972.5191   2  16   0.0810   0.0496   0.0478  -0.0130   0.0106   0.0475  -0.20    2.3
2026/04/23 07:33:09.900   3509418.2844    779147.5188   5250972.5191   2  16   0.0809   0.0496   0.0478  -0.0130   0.0106   0.0475  -0.10    2.3
2026/04/23 07:33:10.000   3509418.2848    779147.5188   5250972.5195   2  16   0.0809   0.0496   0.0477  -0.0130   0.0106   0.0475   0.00    2.2
2026/04/23 07:33:10.100   3509418.2842    779147.5176   5250972.5193   2  16   0.0808   0.0496   0.0477  -0.0130   0.0106   0.0474   0.10    1.8
2026/04/23 07:33:10.200   3509418.2847    779147.5169   5250972.5197   2  16   0.0808   0.0495   0.0477  -0.0130   0.0106   0.0474   0.20    2.2
2026/04/23 07:33:10.300   3509418.2839    779147.5159   5250972.5189   2  16   0.0808   0.0495   0.0477  -0.0130   0.0106   0.0474   0.30    1.5
2026/04/23 07:33:10.400   3509418.2827    779147.5152   5250972.5192   2  16   0.0807   0.0495   0.0476  -0.0130   0.0106   0.0474   0.40    1.0
2026/04/23 07:33:10.500   3509418.2809    779147.5149   5250972.5213   2  16   0.0807   0.0495   0.0476  -0.0130   0.0106   0.0473  -0.50    1.0
2026/04/23 07:33:10.600   3509418.2796    779147.5150   5250972.5212   2  16   0.0807   0.0495   0.0476  -0.0130   0.0105   0.0473  -0.40    1.0
2026/04/23 07:33:10.700   3509418.2792    779147.5143   5250972.5193   2  16   0.0806   0.0494   0.0476  -0.0129   0.0105   0.0473  -0.30    2.7
2026/04/23 07:33:10.800   3509418.2804    779147.5139   5250972.5171   2  16   0.0806   0.0494   0.0475  -0.0129   0.0105   0.0473  -0.20    2.3
2026/04/23 07:33:10.900   3509418.2793    779147.5141   5250972.5169   2  16   0.0805   0.0494   0.0475  -0.0129   0.0105   0.0472  -0.10    1.9
2026/04/23 07:33:11.000   3509418.2782    779147.5137   5250972.5165   2  16   0.0805   0.0494   0.0475  -0.0129   0.0105   0.0472   0.00    1.8
2026/04/23 07:33:11.100   3509418.2762    779147.5138   5250972.5167   2  16   0.0805   0.0494   0.0475  -0.0129   0.0105   0.0472   0.10    2.9
2026/04/23 07:33:11.200   3509418.2759    779147.5136   5250972.5166   2  16   0.0804   0.0494   0.0474  -0.0129   0.0105   0.0472   0.20    2.4
2026/04/23 07:33:11.300   3509418.2761    779147.5136   5250972.5154   2  16   0.0804   0.0493   0.0474  -0.0129   0.0105   0.0471   0.30    2.5
2026/04/23 07:33:11.400   3509418.2772    779147.5126   5250972.5136   2  16   0.0804   0.0493   0.0474  -0.0129   0.0105   0.0471   0.40    2.3
2026/04/23 07:33:11.500   3509418.2779    779147.5106   5250972.5128   2  16   0.0803   0.0493   0.0474  -0.0129   0.0104   0.0471  -0.50    2.3
2026/04/23 07:33:11.600   3509418.2775    779147.5102   5250972.5130   2  16   0.0803   0.0493   0.0473  -0.0129   0.0104   0.0471  -0.40    2.2
2026/04/23 07:33:11.700   3509418.2765    779147.5097   5250972.5122   2  16   0.0802   0.0493   0.0473  -0.0129   0.0104   0.0470  -0.30    1.8
2026/04/23 07:33:11.800   3509418.2781    779147.5085   5250972.5122   2  16   0.0802   0.0493   0.0473  -0.0129   0.0104   0.0470  -0.20    2.2
2026/04/23 07:33:11.900   3509418.2789    779147.5072   5250972.5119   2  16   0.0802   0.0492   0.0473  -0.0129   0.0104   0.0470  -0.10    1.5
2026/04/23 07:33:12.000   3509418.2784    779147.5070   5250972.5125   2  16   0.0801   0.0492   0.0472  -0.0129   0.0104   0.0470   0.00    1.0
2026/04/23 07:33:12.100   3509418.2797    779147.5060   5250972.5124   2  16   0.0801   0.0492   0.0472  -0.0129   0.0104   0.0469   0.10    1.0
2026/04/23 07:33:12.200   3509418.2809    779147.5067   5250972.5119   2  16   0.0801   0.0492   0.0472  -0.0129   0.0104   0.0469   0.20    1.0
2026/04/23 07:33:12.300   3509418.2805    779147.5069   5250972.5122   2  16   0.0800   0.0492   0.0472  -0.0129   0.0104   0.0469   0.30    2.7
2026/04/23 07:33:12.400   3509418.2803    779147.5053   5250972.5134   2  16   0.0800   0.0492   0.0471  -0.0129   0.0103   0.0469   0.40    2.3
2026/04/23 07:33:12.500   3509418.2816    779147.5040   5250972.5148   2  16   0.0799   0.0491   0.0471  -0.0129   0.0103   0.0468  -0.50    1.9
2026/04/23 07:33:12.600   3509418.2806    779147.5044   5250972.5153   2  16   0.0799   0.0491   0.0471  -0.0128   0.0103   0.0468  -0.40    1.8
2026/04/23 07:33:12.700   3509418.2801    779147.5041   5250972.5178   2  16   0.0799   0.0491   0.0471  -0.0128   0.0103   0.0468  -0.30    2.9
2026/04/23 07:33:12.800   3509418.2806    779147.5044   5250972.5183   2  16   0.0798   0.0491   0.0470  -0.0128   0.0103   0.0468  -0.20    2.4
2026/04/23 07:33:12.900   3509418.2823    779147.5034   5250972.5173   2  16   0.0798   0.0491   0.0470  -0.0128   0.0103   0.0467  -0.10    2.6
2026/04/23 07:33:13.000   3509418.2835    779147.5024   5250972.5177   2  16   0.0798   0.0490   0.0470  -0.0128   0.0103   0.0467   0.00    2.3
2026/04/23 07:33:13.100   3509418.2847    779147.5020   5250972.5195   2  16   0.0797   0.0490   0.0470  -0.0128   0.0103   0.0467   0.10    2.3
2026/04/23 07:33:13.200   3509418.2864    779147.5018   5250972.5198   2  16   0.0797   0.0490   0.0469  -0.0128   0.0103   0.0467   0.20    2.2
2026/04/23 07:33:13.300   3509418.2857    779147.5011   5250972.5204   2  16   0.0796   0.0490   0.0469  -0.0128   0.0103   0.0466   0.30    1.8
2026/04/23 07:33:13.400   3509418.2868    779147.5012   5250972.5205   2  16   0.0796   0.0490   0.0469  -0.0128   0.0102   0.0466   0.40    2.2
2026/04/23 07:33:13.500   3509418.2854    779147.5008   5250972.5207   2  16   0.0796   0.0490   0.0469  -0.0128   0.0102   0.0466  -0.50    1.5
2026/04/23 07:33:13.600   3509418.2870    779147.5014   5250972.5196   2  16   0.0795   0.0489   0.0468  -0.0128   0.0102   0.0466  -0.40    1.0
2026/04/23 07:33:13.700   3509418.2883    779147.5012   5250972.5191   2  16   0.0795   0.0489   0.0468  -0.0128   0.0102   0.0465  -0.30    1.0
2026/04/23 07:33:13.800   3509418.2889    779147.5004   5250972.5192   2  16   0.0795   0.0489   0.0468  -0.0128   0.0102   0.0465  -0.20    1.0
2026/04/23 07:33:13.900   3509418.2882    779147.4985   5250972.5178   2  16   0.0794   0.0489   0.0468  -0.0128   0.0102   0.0465  -0.10    2.7
2026/04/23 07:33:14.000   3509418.2881    779147.4970   5250972.5142   2  16   0.0794   0.0489   0.0467  -0.0128   0.0102   0.0465   0.00    2.3
2026/04/23 07:33:14.100   3509418.2894    779147.4968   5250972.5137   2  16   0.0793   0.0489   0.0467  -0.0128   0.0102   0.0464   0.10    1.9
2026/04/23 07:33:14.200   3509418.2894    779147.4952   5250972.5125   2  16   0.0793   0.0488   0.0467  -0.0128   0.0102   0.0464   0.20    1.9
2026/04/23 07:33:14.300   3509418.2893    779147.4942   5250972.5102   2  16   0.0793   0.0488   0.0467  -0.0128   0.0101   0.0464   0.30    2.9
2026/04/23 07:33:14.400   3509418.2888    779147.4939   5250972.5070   2  16   0.0792   0.0488   0.0466  -0.0127   0.0101   0.0464   0.40    2.4
2026/04/23 07:33:14.500   3509418.2879    779147.4926   5250972.5057   2  16   0.0792   0.0488   0.0466  -0.0127   0.0101   0.0463  -0.50    2.6
2026/04/23 07:33:14.600   3509418.2874    779147.4925   5250972.5056   2  16   0.0792   0.0488   0.0466  -0.0127   0.0101   0.0463  -0.40    2.3
2026/04/23 07:33:14.700   3509418.2870    779147.4931   5250972.5064   2  16   0.0791   0.0488   0.0466  -0.0127   0.0101   0.0463  -0.30    2.3
2026/04/23 07:33:14.800   3509418.2871    779147.4939   5250972.5055   2  16   0.0791   0.0487   0.0466  -0.0127   0.0101   0.0463  -0.20    2.2
2026/04/23 07:33:14.900   3509418.2886    779147.4932   5250972.5041   2  16   0.0791   0.0487   0.0465  -0.0127   0.0101   0.0462  -0.10    1.8
2026/04/23 07:33:15.000   3509418.2875    779147.4916   5250972.5054   2  16   0.0790   0.0487   0.0465  -0.0127   0.0101   0.0462   0.00    2.2
2026/04/23 07:33:15.100   3509418.2863    779147.4904   5250972.5077   2  16   0.0790   0.0487   0.0465  -0.0127   0.0101   0.0462   0.10    1.5
2026/04/23 07:33:15.200   3509418.2879    779147.4905   5250972.5073   2  16   0.0789   0.0487   0.0465  -0.0127   0.0101   0.0462   0.20    1.0
2026/04/23 07:33:15.300   3509418.2877    779147.4900   5250972.5088   2  16   0.0789   0.0487   0.0464  -0.0127   0.0100   0.0461   0.30    1.0
2026/04/23 07:33:15.400   3509418.2866    779147.4886   5250972.5096   2  16   0.0789   0.0486   0.0464  -0.0127   0.0100   0.0461   0.40    1.0
2026/04/23 07:33:15.500   3509418.2873    779147.4876   5250972.5107   2  16   0.0788   0.0486   0.0464  -0.0127   0.0100   0.0461  -0.50    2.7
2026/04/23 07:33:15.600   3509418.2866    779147.4876   5250972.5121   2  16   0.0788   0.0486   0.0464  -0.0127   0.0100   0.0461  -0.40    2.3
2026/04/23 07:33:15.700   3509418.2851    779147.4881   5250972.5127   2  16   0.0788   0.0486   0.0463  -0.0127   0.0100   0.0460  -0.30    1.9
2026/04/23 07:33:15.800   3509418.2841    779147.4888   5250972.5151   2  16   0.0787   0.0486   0.0463  -0.0127   0.0100   0.0460  -0.20    1.9
2026/04/23 07:33:15.900   3509418.2837    779147.4895   5250972.5170   2  16   0.0787   0.0486   0.0463  -0.0127   0.0100   0.0460  -0.10    2.9
2026/04/23 07:33:16.000   3509418.2843    779147.4902   5250972.5179   2  16   0.0787   0.0485   0.0463  -0.0127   0.0100   0.0460   0.00    2.4
2026/04/23 07:33:16.100   3509418.2838    779147.4892   5250972.5165   2  16   0.0786   0.0485   0.0462  -0.0127   0.0100   0.0459   0.10    2.6
2026/04/23 07:33:16.200   3509418.2834    779147.4874   5250972.5151   2  16   0.0786   0.0485   0.0462  -0.0126   0.0099   0.0459   0.20    2.3
2026/04/23 07:33:16.300   3509418.2824    779147.4852   5250972.5124   2  16   0.0785   0.0485   0.0462  -0.0126   0.0099   0.0459   0.30    2.3
2026/04/23 07:33:16.400   3509418.2800    779147.4845   5250972.5115   2  16   0.0785   0.0485   0.0462  -0.0126   0.0099   0.0459   0.40    2.2
2026/04/23 07:33:16.500   3509418.2812    779147.4849   5250972.5115   2  16   0.0785   0.0485   0.0461  -0.0126   0.0099   0.0458  -0.50    1.8
2026/04/23 07:33:16.600   3509418.2815    779147.4854   5250972.5117   2  16   0.0784   0.0484   0.0461  -0.0126   0.0099   0.0458  -0.40    2.2
2026/04/23 07:33:16.700   3509418.2810    779147.4853   5250972.5138   2  16   0.0784   0.0484   0.0461  -0.0126   0.0099   0.0458  -0.30    1.5
2026/04/23 07:33:16.800   3509418.2806    779147.4848   5250972.5144   2  16   0.0784   0.0484   0.0461  -0.0126   0.0099   0.0458  -0.20    1.0
2026/04/23 07:33:16.900   3509418.2793    779147.4841   5250972.5136   2  16   0.0783   0.0484   0.0460  -0.0126   0.0099   0.0457  -0.10    1.0
2026/04/23 07:33:17.000   3509418.2820    779147.4843   5250972.5136   2  16   0.0783   0.0484   0.0460  -0.0126   0.0099   0.0457   0.00    1.0
2026/04/23 07:33:17.100   3509418.2825    779147.4877   5250972.5127   2  16   0.0783   0.0484   0.0460  -0.0126   0.0099   0.0457   0.10    2.7
2026/04/23 07:33:17.200   3509418.2849    779147.5012   5250972.5102   2  16   0.0782   0.0483   0.0460  -0.0126   0.0098   0.0457   0.20    2.2
2026/04/23 07:33:17.300   3509418.2913    779147.5242   5250972.5039   2  16   0.0782   0.0483   0.0460  -0.0126   0.0098   0.0457   0.30    1.9
2026/04/23 07:33:17.400   3509418.2990    779147.5511   5250972.4968   2  16   0.0782   0.0483   0.0459  -0.0126   0.0098   0.0456   0.40    1.9
2026/04/23 07:33:17.500   3509418.3089    779147.5815   5250972.4893   2  16   0.0781   0.0483   0.0459  -0.0126   0.0098   0.0456  -0.50    2.9
2026/04/23 07:33:17.600   3509418.3149    779147.6383   5250972.4828   2  16   0.0781   0.0483   0.0459  -0.0126   0.0098   0.0456  -0.40    2.4
2026/04/23 07:33:17.700   3509418.3234    779147.7169   5250972.4658   2  16   0.0781   0.0483   0.0459  -0.0126   0.0098   0.0456  -0.30    2.7
2026/04/23 07:33:17.800   3509418.3185    779147.7892   5250972.4581   2  16   0.0780   0.0482   0.0458  -0.0126   0.0098   0.0455  -0.20    2.3
2026/04/23 07:33:17.900   3509418.3159    779147.8568   5250972.4492   2  16   0.0780   0.0482   0.0458  -0.0126   0.0098   0.0455  -0.10    2.3
2026/04/23 07:33:18.000   3509418.3182    779147.9129   5250972.4367   2  16   0.0779   0.0482   0.0458  -0.0126   0.0098   0.0455   0.00    2.2
2026/04/23 07:33:18.100   3509418.3177    779147.9760   5250972.4266   2  16   0.0780   0.0482   0.0458  -0.0126   0.0098   0.0455   0.10    1.0
2026/04/23 07:33:18.200   3509418.3230    779148.0547   5250972.4147   2  16   0.0780   0.0482   0.0457  -0.0126   0.0097   0.0454   0.20    1.0
2026/04/23 07:33:18.300   3509418.3233    779148.1326   5250972.4055   2  16   0.0780   0.0482   0.0457  -0.0126   0.0097   0.0454   0.30    1.0
2026/04/23 07:33:18.400   3509418.3189    779148.2040   5250972.3999   2  16   0.0779   0.0481   0.0457  -0.0126   0.0097   0.0454   0.40    1.0
2026/04/23 07:33:18.500   3509418.3091    779148.2735   5250972.3932   2  16   0.0779   0.0481   0.0457  -0.0126   0.0097   0.0454  -0.50    1.0
2026/04/23 07:33:18.600   3509418.3111    779148.3315   5250972.3881   2  16   0.0778   0.0481   0.0457  -0.0126   0.0097   0.0454  -0.40    1.0
2026/04/23 07:33:18.700   3509418.3102    779148.3941   5250972.3828   2  16   0.0778   0.0481   0.0456  -0.0126   0.0097   0.0454  -0.30    1.1
2026/04/23 07:33:18.800   3509418.3140    779148.4658   5250972.3641   2  16   0.0778   0.0481   0.0456  -0.0125   0.0097   0.0453  -0.20    1.0
2026/04/23 07:33:18.900   3509418.3187    779148.5470   5250972.3466   2  16   0.0777   0.0481   0.0456  -0.0125   0.0097   0.0453  -0.10    1.0
2026/04/23 07:33:19.000   3509418.3110    779148.6430   5250972.3368   2  16   0.0777   0.0480   0.0456  -0.0125   0.0097   0.0453   0.00    1.0
2026/04/23 07:33:19.100   3509418.3089    779148.7439   5250972.3198   2  16   0.0776   0.0480   0.0456  -0.0125   0.0097   0.0453   0.10    1.1
2026/04/23 07:33:19.200   3509418.3102    779148.8411   5250972.3058   2  16   0.0776   0.0480   0.0455  -0.0125   0.0096   0.0453   0.20    1.0
2026/04/23 07:33:19.300   3509418.3105    779148.9438   5250972.2934   2  16   0.0776   0.0480   0.0455  -0.0125   0.0096   0.0452   0.30    1.1
2026/04/23 07:33:19.400   3509418.3112    779149.0377   5250972.2740   2  16   0.0775   0.0480   0.0455  -0.0125   0.0096   0.0452   0.40    1.1
2026/04/23 07:33:19.500   3509418.3084    779149.1327   5250972.2576   2  16   0.0775   0.0480   0.0455  -0.0125   0.0096   0.0452  -0.50    1.1
2026/04/23 07:33:19.600   3509418.3182    779149.2369   5250972.2350   2  16   0.0774   0.0479   0.0455  -0.0125   0.0096   0.0452  -0.40    1.1
2026/04/23 07:33:19.700   3509418.3240    779149.3534   5250972.2198   2  16   0.0774   0.0479   0.0454  -0.0125   0.0096   0.0451  -0.30    1.1
2026/04/23 07:33:19.800   3509418.3233    779149.4720   5250972.1975   2  16   0.0774   0.0479   0.0454  -0.0125   0.0096   0.0451  -0.20    1.0
2026/04/23 07:33:19.900   3509418.3283    779149.5908   5250972.1756   2  16   0.0773   0.0479   0.0454  -0.0125   0.0096   0.0451  -0.10    1.1
2026/04/23 07:33:20.000   3509418.3377    779149.7023   5250972.1488   2  16   0.0773   0.0479   0.0454  -0.0124   0.0096   0.0451   0.00    1.1
2026/04/23 07:33:20.100   3509418.3467    779149.8094   5250972.1236   2  16   0.0773   0.0479   0.0453  -0.0124   0.0096   0.0450   0.10    1.0
2026/04/23 07:33:20.200   3509418.3558    779149.9057   5250972.1060   2  16   0.0772   0.0478   0.0453  -0.0124   0.0095   0.0450   0.20    1.0
2026/04/23 07:33:20.300   3509418.3685    779150.0059   5250972.0816   2  16   0.0772   0.0478   0.0453  -0.0124   0.0095   0.0450   0.30    1.3
2026/04/23 07:33:20.400   3509418.3744    779150.1095   5250972.0567   2  16   0.0771   0.0478   0.0453  -0.0124   0.0095   0.0450   0.40    1.1
2026/04/23 07:33:20.500   3509418.3837    779150.2185   5250972.0345   2  16   0.0771   0.0478   0.0452  -0.0124   0.0095   0.0449  -0.50    1.1
2026/04/23 07:33:20.600   3509418.3948    779150.3273   5250972.0113   2  16   0.0771   0.0478   0.0452  -0.0124   0.0095   0.0449  -0.40    1.0
2026/04/23 07:33:20.700   3509418.4076    779150.4344   5250971.9906   2  16   0.0770   0.0478   0.0452  -0.0124   0.0095   0.0449  -0.30    1.1
2026/04/23 07:33:20.800   3509418.4193    779150.5339   5250971.9706   2  16   0.0770   0.0478   0.0452  -0.0124   0.0095   0.0449  -0.20    1.1
2026/04/23 07:33:20.900   3509418.4300    779150.6310   5250971.9522   2  16   0.0770   0.0477   0.0451  -0.0124   0.0095   0.0448  -0.10    1.2
2026/04/23 07:33:21.000   3509418.4462    779150.7323   5250971.9342   2  16   0.0769   0.0477   0.0451  -0.0124   0.0095   0.0448   0.00    1.1
2026/04/23 07:33:21.100   3509418.4578    779150.8366   5250971.9156   2  15   0.0769   0.0477   0.0451  -0.0124   0.0094   0.0448   0.10    1.0
2026/04/23 07:33:21.200   3509418.4750    779150.9491   5250971.8910   2  15   0.0769   0.0477   0.0451  -0.0125   0.0094   0.0448   0.20    1.0
2026/04/23 07:33:21.300   3509418.4867    779151.0584   5250971.8692   2  15   0.0769   0.0477   0.0451  -0.0125   0.0094   0.0447   0.30    1.0
2026/04/23 07:33:21.400   3509418.4991    779151.1704   5250971.8470   2  15   0.0769   0.0477   0.0450  -0.0126   0.0094   0.0447   0.40    1.0
2026/04/23 07:33:21.500   3509418.5114    779151.2871   5250971.8245   2  15   0.0769   0.0477   0.0450  -0.0126   0.0093   0.0447  -0.50    1.0
2026/04/23 07:33:21.600   3509418.5268    779151.3977   5250971.8022   2  15   0.0769   0.0477   0.0450  -0.0126   0.0093   0.0447  -0.40    1.0
2026/04/23 07:33:21.700   3509418.5331    779151.5127   5250971.7843   2  15   0.0768   0.0476   0.0450  -0.0126   0.0093   0.0447  -0.30    1.0
2026/04/23 07:33:21.800   3509418.5359    779151.6318   5250971.7700   2  15   0.0768   0.0476   0.0450  -0.0125   0.0093   0.0447  -0.20    1.0
2026/04/23 07:33:21.900   3509418.5490    779151.7393   5250971.7532   2  15   0.0767   0.0476   0.0449  -0.0125   0.0093   0.0447  -0.10    1.1
2026/04/23 07:33:22.000   3509418.5651    779151.8526   5250971.7269   2  15   0.0767   0.0476   0.0449  -0.0125   0.0093   0.0446   0.00    1.0
2026/04/23 07:33:22.100   3509418.5814    779151.9721   5250971.7063   2  15   0.0767   0.0476   0.0449  -0.0125   0.0093   0.0446   0.10    1.0
2026/04/23 07:33:22.200   3509418.5885    779152.0930   5250971.6842   2  15   0.0766   0.0476   0.0449  -0.0125   0.0093   0.0446   0.20    1.0
2026/04/23 07:33:22.300   3509418.6039    779152.2094   5250971.6573   2  15   0.0766   0.0476   0.0449  -0.0126   0.0092   0.0446   0.30    1.1
2026/04/23 07:33:22.400   3509418.6229    779152.3214   5250971.6259   2  15   0.0766   0.0475   0.0448  -0.0126   0.0092   0.0445   0.40    1.0
2026/04/23 07:33:22.500   3509418.6309    779152.4316   5250971.5966   2  15   0.0766   0.0475   0.0448  -0.0126   0.0092   0.0445  -0.50    1.0
2026/04/23 07:33:22.600   3509418.6400    779152.5357   5250971.5731   2  15   0.0765   0.0475   0.0448  -0.0125   0.0092   0.0445  -0.40    1.0
2026/04/23 07:33:22.700   3509418.6543    779152.6362   5250971.5448   2  15   0.0765   0.0475   0.0448  -0.0125   0.0092   0.0445  -0.30    1.0
2026/04/23 07:33:22.800   3509418.6726    779152.7408   5250971.5145   2  15   0.0765   0.0475   0.0448  -0.0125   0.0092   0.0445  -0.20    1.0
2026/04/23 07:33:22.900   3509418.6864    779152.8498   5250971.4928   2  15   0.0764   0.0475   0.0447  -0.0125   0.0092   0.0445  -0.10    1.0
2026/04/23 07:33:23.000   3509418.6890    779152.9606   5250971.4680   2  15   0.0764   0.0474   0.0447  -0.0125   0.0092   0.0444   0.00    1.0
2026/04/23 07:33:23.100   3509418.6915    779153.0736   5250971.4442   2  15   0.0763   0.0474   0.0447  -0.0125   0.0092   0.0444   0.10    1.0
2026/04/23 07:33:23.200   3509418.6937    779153.1841   5250971.4221   2  15   0.0763   0.0474   0.0447  -0.0125   0.0091   0.0444   0.20    1.1
2026/04/23 07:33:23.300   3509418.7006    779153.2971   5250971.3944   2  15   0.0763   0.0474   0.0447  -0.0124   0.0091   0.0444   0.30    1.0
2026/04/23 07:33:23.400   3509418.7104    779153.4059   5250971.3659   2  15   0.0762   0.0474   0.0447  -0.0124   0.0091   0.0444   0.40    1.2
2026/04/23 07:33:23.500   3509418.7126    779153.5109   5250971.3488   2  15   0.0762   0.0474   0.0446  -0.0124   0.0091   0.0444  -0.50    1.0
2026/04/23 07:33:23.600   3509418.7201    779153.6145   5250971.3317   2  15   0.0762   0.0474   0.0446  -0.0124   0.0091   0.0443  -0.40    1.0
2026/04/23 07:33:23.700   3509418.7285    779153.7190   5250971.3136   2  15   0.0761   0.0473   0.0446  -0.0124   0.0091   0.0443  -0.30    1.0
2026/04/23 07:33:23.800   3509418.7370    779153.8292   5250971.2939   2  15   0.0761   0.0473   0.0446  -0.0124   0.0091   0.0443  -0.20    1.1
2026/04/23 07:33:23.900   3509418.7392    779153.9376   5250971.2799   2  15   0.0761   0.0473   0.0446  -0.0124   0.0091   0.0443  -0.10    1.1
2026/04/23 07:33:24.000   3509418.7463    779154.0493   5250971.2621   2  15   0.0760   0.0473   0.0445  -0.0124   0.0091   0.0443   0.00    1.0
2026/04/23 07:33:24.100   3509418.7563    779154.1648   5250971.2401   2  15   0.0760   0.0473   0.0445  -0.0124   0.0091   0.0442   0.10    1.0
2026/04/23 07:33:24.200   3509418.7647    779154.2811   5250971.2123   2  15   0.0760   0.0473   0.0445  -0.0124   0.0091   0.0442   0.20    1.0
2026/04/23 07:33:24.300   3509418.7733    779154.3988   5250971.1864   2  15   0.0760   0.0472   0.0445  -0.0124   0.0091   0.0442   0.30    1.1
2026/04/23 07:33:24.400   3509418.7787    779154.5169   5250971.1644   2  15   0.0759   0.0472   0.0445  -0.0124   0.0091   0.0442   0.40    1.1
2026/04/23 07:33:24.500   3509418.7877    779154.6261   5250971.1407   2  15   0.0759   0.0472   0.0444  -0.0124   0.0090   0.0442  -0.50    1.1
2026/04/23 07:33:24.600   3509418.7934    779154.7353   5250971.1118   2  15   0.0759   0.0472   0.0444  -0.0124   0.0090   0.0441  -0.40    1.0
2026/04/23 07:33:24.700   3509418.8044    779154.8443   5250971.0882   2  15   0.0758   0.0472   0.0444  -0.0124   0.0090   0.0441  -0.30    1.1
2026/04/23 07:33:24.800   3509418.8112    779154.9532   5250971.0664   2  15   0.0758   0.0472   0.0444  -0.0124   0.0090   0.0441  -0.20    1.0
2026/04/23 07:33:24.900   3509418.8147    779155.0628   5250971.0472   2  15   0.0758   0.0472   0.0444  -0.0124   0.0090   0.0441  -0.10    1.4
2026/04/23 07:33:25.000   3509418.8093    779155.1794   5250971.0269   2  15   0.0758   0.0471   0.0443  -0.0124   0.0090   0.0441   0.00    1.0
2026/04/23 07:33:25.100   3509418.8152    779155.2901   5250971.0031   2  15   0.0757   0.0471   0.0443  -0.0124   0.0090   0.0441   0.10    1.1
2026/04/23 07:33:25.200   3509418.8243    779155.3988   5250970.9788   2  15   0.0757   0.0471   0.0443  -0.0124   0.0090   0.0440   0.20    1.0
2026/04/23 07:33:25.300   3509418.8365    779155.5051   5250970.9508   2  15   0.0757   0.0471   0.0443  -0.0124   0.0090   0.0440   0.30    1.1
2026/04/23 07:33:25.400   3509418.8363    779155.6115   5250970.9319   2  15   0.0757   0.0471   0.0443  -0.0124   0.0090   0.0440   0.40    1.0
2026/04/23 07:33:25.500   3509418.8389    779155.7178   5250970.9113   2  15   0.0757   0.0471   0.0442  -0.0124   0.0089   0.0440  -0.50    1.0
2026/04/23 07:33:25.600   3509418.8407    779155.8297   5250970.8926   2  15   0.0758   0.0471   0.0442  -0.0126   0.0089   0.0440  -0.40    1.0
2026/04/23 07:33:25.700   3509418.8395    779155.9417   5250970.8725   2  14   0.0759   0.0471   0.0442  -0.0128   0.0089   0.0440  -0.30    1.0
2026/04/23 07:33:25.800   3509418.8540    779156.0513   5250970.8494   2  15   0.0760   0.0471   0.0442  -0.0129   0.0088   0.0440  -0.20    1.0
2026/04/23 07:33:25.900   3509418.8674    779156.1679   5250970.8241   2  14   0.0760   0.0470   0.0442  -0.0129   0.0088   0.0440  -0.10    1.0
2026/04/23 07:33:26.000   3509418.8728    779156.2868   5250970.7982   2  14   0.0760   0.0470   0.0442  -0.0129   0.0087   0.0441   0.00    1.0
2026/04/23 07:33:26.100   3509418.8782    779156.3949   5250970.7756   2  14   0.0760   0.0470   0.0442  -0.0129   0.0087   0.0441   0.10    1.0
2026/04/23 07:33:26.200   3509418.8842    779156.5022   5250970.7571   2  14   0.0759   0.0470   0.0442  -0.0129   0.0087   0.0441   0.20    1.0
2026/04/23 07:33:26.300   3509418.8939    779156.6124   5250970.7362   2  14   0.0759   0.0470   0.0442  -0.0128   0.0087   0.0441   0.30    1.1
2026/04/23 07:33:26.400   3509418.9062    779156.7237   5250970.7109   2  14   0.0758   0.0470   0.0442  -0.0128   0.0087   0.0441   0.40    1.1
2026/04/23 07:33:26.500   3509418.9050    779156.8406   5250970.6843   2  14   0.0758   0.0470   0.0442  -0.0128   0.0087   0.0441  -0.50    1.0
2026/04/23 07:33:26.600   3509418.9144    779156.9521   5250970.6583   2  14   0.0758   0.0469   0.0442  -0.0129   0.0087   0.0440  -0.40    1.0
2026/04/23 07:33:26.700   3509418.9177    779157.0603   5250970.6376   2  14   0.0758   0.0469   0.0442  -0.0129   0.0087   0.0440  -0.30    1.0
2026/04/23 07:33:26.800   3509418.9317    779157.1635   5250970.6138   2  14   0.0759   0.0469   0.0442  -0.0129   0.0087   0.0440  -0.20    1.1
2026/04/23 07:33:26.900   3509418.9466    779157.2674   5250970.5895   2  14   0.0758   0.0469   0.0441  -0.0129   0.0087   0.0440  -0.10    1.0
2026/04/23 07:33:27.000   3509418.9500    779157.3772   5250970.5692   2  13   0.0758   0.0469   0.0441  -0.0130   0.0087   0.0440   0.00    1.0
2026/04/23 07:33:27.100   3509418.9529    779157.4852   5250970.5479   2  14   0.0758   0.0469   0.0441  -0.0129   0.0087   0.0440   0.10    1.0
2026/04/23 07:33:27.200   3509418.9642    779157.5952   5250970.5189   2  13   0.0758   0.0469   0.0441  -0.0130   0.0086   0.0440   0.20    1.2
2026/04/23 07:33:27.300   3509418.9802    779157.7058   5250970.4979   2  14   0.0757   0.0468   0.0441  -0.0129   0.0086   0.0440   0.30    1.0
2026/04/23 07:33:27.400   3509418.9993    779157.8078   5250970.4722   2  14   0.0756   0.0468   0.0441  -0.0129   0.0086   0.0440   0.40    1.0
2026/04/23 07:33:27.500   3509419.0057    779157.9171   5250970.4491   2  14   0.0756   0.0468   0.0440  -0.0128   0.0086   0.0439  -0.50    1.0
2026/04/23 07:33:27.600   3509419.0285    779158.0152   5250970.4195   2  14   0.0756   0.0468   0.0440  -0.0129   0.0086   0.0439  -0.40    1.0
2026/04/23 07:33:27.700   3509419.0375    779158.1224   5250970.3957   2  14   0.0756   0.0468   0.0440  -0.0129   0.0086   0.0439  -0.30    1.0
2026/04/23 07:33:27.800   3509419.0565    779158.2306   5250970.3712   2  14   0.0756   0.0468   0.0440  -0.0130   0.0086   0.0439  -0.20    1.0
2026/04/23 07:33:27.900   3509419.0668    779158.3418   5250970.3414   2  14   0.0756   0.0468   0.0440  -0.0130   0.0086   0.0439  -0.10    1.0
2026/04/23 07:33:28.000   3509419.0739    779158.4566   5250970.3221   2  14   0.0756   0.0467   0.0439  -0.0129   0.0086   0.0438   0.00    1.0
2026/04/23 07:33:28.100   3509419.0926    779158.5648   5250970.2900   2  14   0.0755   0.0467   0.0439  -0.0129   0.0085   0.0438   0.10    1.0
2026/04/23 07:33:28.200   3509419.1069    779158.6757   5250970.2616   2  14   0.0755   0.0467   0.0439  -0.0129   0.0085   0.0438   0.20    1.1
2026/04/23 07:33:28.300   3509419.1250    779158.7841   5250970.2360   2  13   0.0755   0.0467   0.0439  -0.0129   0.0085   0.0438   0.30    1.4
2026/04/23 07:33:28.400   3509419.1448    779158.8881   5250970.2042   2  14   0.0755   0.0467   0.0439  -0.0130   0.0085   0.0438   0.40    1.0
2026/04/23 07:33:28.500   3509419.1617    779158.9896   5250970.1801   2  13   0.0755   0.0467   0.0439  -0.0130   0.0085   0.0438  -0.50    1.0
2026/04/23 07:33:28.600   3509419.1807    779159.0908   5250970.1607   2  13   0.0755   0.0467   0.0439  -0.0130   0.0085   0.0437  -0.40    1.2
2026/04/23 07:33:28.700   3509419.2016    779159.1925   5250970.1375   2  13   0.0755   0.0467   0.0438  -0.0130   0.0085   0.0437  -0.30    1.1
2026/04/23 07:33:28.800   3509419.2181    779159.2978   5250970.1084   2  14   0.0754   0.0466   0.0438  -0.0130   0.0085   0.0437  -0.20    1.0
2026/04/23 07:33:28.900   3509419.2265    779159.3981   5250970.0832   2  14   0.0754   0.0466   0.0438  -0.0130   0.0085   0.0437  -0.10    1.0
2026/04/23 07:33:29.000   3509419.2462    779159.4973   5250970.0538   2  14   0.0754   0.0466   0.0438  -0.0130   0.0084   0.0437   0.00    1.0
2026/04/23 07:33:29.100   3509419.2639    779159.6000   5250970.0265   2  14   0.0754   0.0466   0.0438  -0.0130   0.0084   0.0437   0.10    1.0
2026/04/23 07:33:29.200   3509419.2766    779159.7029   5250970.0007   2  14   0.0754   0.0466   0.0438  -0.0129   0.0085   0.0437   0.20    1.0
2026/04/23 07:33:29.300   3509419.2963    779159.8080   5250969.9699   2  14   0.0754   0.0466   0.0438  -0.0128   0.0086   0.0437   0.30    1.0
2026/04/23 07:33:29.400   3509419.3156    779159.9217   5250969.9412   2  14   0.0754   0.0466   0.0438  -0.0128   0.0086   0.0437   0.40    1.0
2026/04/23 07:33:29.500   3509419.3439    779160.0340   5250969.9120   2  14   0.0754   0.0466   0.0438  -0.0128   0.0086   0.0438  -0.50    1.0
2026/04/23 07:33:29.600   3509419.3652    779160.1450   5250969.8844   2  14   0.0754   0.0465   0.0438  -0.0128   0.0086   0.0438  -0.40    1.0
2026/04/23 07:33:29.700   3509419.3795    779160.2532   5250969.8586   2  14   0.0754   0.0465   0.0438  -0.0129   0.0085   0.0438  -0.30    1.0
2026/04/23 07:33:29.800   3509419.3994    779160.3587   5250969.8392   2  14   0.0754   0.0465   0.0438  -0.0129   0.0085   0.0438  -0.20    1.0
2026/04/23 07:33:29.900   3509419.4140    779160.4605   5250969.8082   2  14   0.0754   0.0465   0.0438  -0.0129   0.0084   0.0438  -0.10    1.0
2026/04/23 07:33:30.000   3509419.4357    779160.5668   5250969.7776   2  14   0.0754   0.0465   0.0438  -0.0130   0.0084   0.0438   0.00    1.0
2026/04/23 07:33:30.100   3509419.4431    779160.6660   5250969.7545   2  14   0.0754   0.0465   0.0437  -0.0130   0.0083   0.0438   0.10    1.0
2026/04/23 07:33:30.200   3509419.4553    779160.7670   5250969.7328   2  14   0.0754   0.0464   0.0437  -0.0131   0.0083   0.0438   0.20    1.0
2026/04/23 07:33:30.300   3509419.4587    779160.8701   5250969.7084   2  14   0.0753   0.0464   0.0437  -0.0131   0.0083   0.0437   0.30    1.0
2026/04/23 07:33:30.400   3509419.4795    779160.9693   5250969.6803   2  14   0.0753   0.0464   0.0437  -0.0131   0.0082   0.0437   0.40    1.0
2026/04/23 07:33:30.500   3509419.5049    779161.0776   5250969.6543   2  14   0.0753   0.0464   0.0437  -0.0131   0.0082   0.0437  -0.50    1.0
2026/04/23 07:33:30.600   3509419.5308    779161.1782   5250969.6263   2  14   0.0753   0.0464   0.0437  -0.0131   0.0082   0.0437  -0.40    1.0
2026/04/23 07:33:30.700   3509419.5471    779161.2886   5250969.5905   2  14   0.0752   0.0464   0.0436  -0.0131   0.0081   0.0437  -0.30    1.0
2026/04/23 07:33:30.800   3509419.5736    779161.3941   5250969.5625   2  14   0.0752   0.0464   0.0436  -0.0132   0.0081   0.0437  -0.20    1.0
2026/04/23 07:33:30.900   3509419.5964    779161.4969   5250969.5408   2  15   0.0752   0.0463   0.0436  -0.0132   0.0081   0.0436  -0.10    1.0
2026/04/23 07:33:31.000   3509419.6220    779161.6037   5250969.5162   2  14   0.0752   0.0463   0.0436  -0.0132   0.0081   0.0436   0.00    1.0
2026/04/23 07:33:31.100   3509419.6468    779161.7089   5250969.4916   2  15   0.0751   0.0463   0.0435  -0.0132   0.0081   0.0436   0.10    1.0
2026/04/23 07:33:31.200   3509419.6884    779161.8118   5250969.4539   2  14   0.0751   0.0463   0.0435  -0.0132   0.0081   0.0436   0.20    1.0
2026/04/23 07:33:31.300   3509419.7185    779161.9135   5250969.4130   2  14   0.0751   0.0463   0.0435  -0.0132   0.0081   0.0436   0.30    1.0
2026/04/23 07:33:31.400   3509419.7664    779162.0048   5250969.3734   2  15   0.0751   0.0463   0.0435  -0.0132   0.0080   0.0435   0.40    1.0
2026/04/23 07:33:31.500   3509419.8167    779162.0850   5250969.3266   2  15   0.0750   0.0462   0.0435  -0.0131   0.0080   0.0435  -0.50    1.0
2026/04/23 07:33:31.600   3509419.8744    779162.1696   5250969.2769   2  15   0.0750   0.0462   0.0434  -0.0131   0.0080   0.0435  -0.40    1.0
2026/04/23 07:33:31.700   3509419.9291    779162.2456   5250969.2305   2  15   0.0750   0.0462   0.0434  -0.0131   0.0080   0.0435  -0.30    1.0
2026/04/23 07:33:31.800   3509419.9950    779162.3166   5250969.1752   2  15   0.0749   0.0462   0.0434  -0.0131   0.0080   0.0435  -0.20    1.0
2026/04/23 07:33:31.900   3509420.0666    779162.3833   5250969.1136   2  15   0.0749   0.0462   0.0434  -0.0130   0.0080   0.0434  -0.10    1.0
2026/04/23 07:33:32.000   3509420.1451    779162.4456   5250969.0503   2  15   0.0749   0.0462   0.0433  -0.0130   0.0080   0.0434   0.00    1.0
2026/04/23 07:33:32.100   3509420.2302    779162.5020   5250968.9867   2  15   0.0748   0.0461   0.0433  -0.0130   0.0080   0.0434   0.10    1.0
2026/04/23 07:33:32.200   3509420.3158    779162.5406   5250968.9200   2  15   0.0748   0.0461   0.0433  -0.0130   0.0080   0.0433   0.20    1.0
2026/04/23 07:33:32.300   3509420.4086    779162.5736   5250968.8560   2  14   0.0748   0.0461   0.0433  -0.0130   0.0080   0.0433   0.30    1.1
2026/04/23 07:33:32.400   3509420.4896    779162.6040   5250968.7839   2  15   0.0747   0.0461   0.0433  -0.0130   0.0080   0.0433   0.40    1.0
2026/04/23 07:33:32.500   3509420.5817    779162.6189   5250968.7120   2  14   0.0747   0.0461   0.0432  -0.0130   0.0080   0.0433  -0.50    1.0
2026/04/23 07:33:32.600   3509420.6691    779162.6302   5250968.6489   2  15   0.0747   0.0461   0.0432  -0.0130   0.0080   0.0432  -0.40    1.0
2026/04/23 07:33:32.700   3509420.7531    779162.6386   5250968.5884   2  15   0.0746   0.0461   0.0432  -0.0130   0.0080   0.0432  -0.30    1.0
2026/04/23 07:33:32.800   3509420.8451    779162.6439   5250968.5306   2  15   0.0746   0.0461   0.0432  -0.0130   0.0080   0.0432  -0.20    1.0
2026/04/23 07:33:32.900   3509420.9322    779162.6477   5250968.4724   2  15   0.0746   0.0460   0.0431  -0.0130   0.0080   0.0432  -0.10    1.0
2026/04/23 07:33:33.000   3509421.0291    779162.6474   5250968.4044   2  15   0.0745   0.0460   0.0431  -0.0130   0.0080   0.0432   0.00    1.0
2026/04/23 07:33:33.100   3509421.1224    779162.6436   5250968.3387   2  15   0.0745   0.0460   0.0431  -0.0130   0.0080   0.0431   0.10    1.0
2026/04/23 07:33:33.200   3509421.2161    779162.6410   5250968.2811   2  15   0.0744   0.0460   0.0431  -0.0130   0.0079   0.0431   0.20    1.0
2026/04/23 07:33:33.300   3509421.3191    779162.6297   5250968.2185   2  15   0.0744   0.0460   0.0430  -0.0130   0.0079   0.0431   0.30    1.0
2026/04/23 07:33:33.400   3509421.4094    779162.6285   5250968.1591   2  15   0.0744   0.0460   0.0430  -0.0130   0.0079   0.0431   0.40    1.0
2026/04/23 07:33:33.500   3509421.4915    779162.6228   5250968.1054   2  15   0.0744   0.0460   0.0430  -0.0130   0.0079   0.0430  -0.50    1.0
2026/04/23 07:33:33.600   3509421.5750    779162.6194   5250968.0442   2  15   0.0744   0.0459   0.0430  -0.0130   0.0079   0.0430  -0.40    1.0
2026/04/23 07:33:33.700   3509421.6634    779162.6216   5250967.9831   2  14   0.0744   0.0459   0.0430  -0.0131   0.0079   0.0430  -0.30    1.0
2026/04/23 07:33:33.800   3509421.7487    779162.6310   5250967.9297   2  15   0.0743   0.0459   0.0429  -0.0131   0.0079   0.0430  -0.20    1.0
2026/04/23 07:33:33.900   3509421.8424    779162.6386   5250967.8668   2  14   0.0743   0.0459   0.0429  -0.0131   0.0079   0.0430  -0.10    1.1
2026/04/23 07:33:34.000   3509421.9363    779162.6460   5250967.8020   2  15   0.0743   0.0459   0.0429  -0.0131   0.0079   0.0429   0.00    1.0
2026/04/23 07:33:34.100   3509422.0203    779162.6524   5250967.7359   2  15   0.0743   0.0459   0.0429  -0.0131   0.0079   0.0429   0.10    1.0
2026/04/23 07:33:34.200   3509422.1078    779162.6631   5250967.6744   2  15   0.0743   0.0459   0.0429  -0.0131   0.0079   0.0429   0.20    1.0
2026/04/23 07:33:34.300   3509422.1938    779162.6702   5250967.6106   2  15   0.0742   0.0459   0.0428  -0.0131   0.0079   0.0429   0.30    1.0
2026/04/23 07:33:34.400   3509422.2978    779162.6759   5250967.5440   2  14   0.0742   0.0458   0.0428  -0.0131   0.0078   0.0429   0.40    1.2
2026/04/23 07:33:34.500   3509422.4017    779162.6681   5250967.4809   2  14   0.0742   0.0458   0.0428  -0.0131   0.0078   0.0429  -0.50    1.1
2026/04/23 07:33:34.600   3509422.5054    779162.6660   5250967.4234   2  15   0.0742   0.0458   0.0428  -0.0131   0.0078   0.0429  -0.40    1.0
2026/04/23 07:33:34.700   3509422.5981    779162.6578   5250967.3666   2  14   0.0742   0.0458   0.0428  -0.0131   0.0078   0.0428  -0.30    1.0
2026/04/23 07:33:34.800   3509422.6824    779162.6436   5250967.3063   2  14   0.0742   0.0458   0.0429  -0.0132   0.0078   0.0427  -0.20    1.0
2026/04/23 07:33:34.900   3509422.7701    779162.6300   5250967.2490   2  14   0.0742   0.0458   0.0429  -0.0132   0.0078   0.0427  -0.10    1.0
2026/04/23 07:33:35.000   3509422.8700    779162.6076   5250967.1901   2  14   0.0742   0.0458   0.0429  -0.0132   0.0078   0.0426   0.00    1.0
2026/04/23 07:33:35.100   3509422.9672    779162.5804   5250967.1372   2  14   0.0742   0.0458   0.0429  -0.0132   0.0078   0.0426   0.10    1.3
2026/04/23 07:33:35.200   3509423.0545    779162.5591   5250967.0833   2  14   0.0741   0.0457   0.0428  -0.0132   0.0078   0.0426   0.20    1.1
2026/04/23 07:33:35.300   3509423.1442    779162.5377   5250967.0307   2  14   0.0741   0.0457   0.0428  -0.0132   0.0078   0.0426   0.30    1.1
2026/04/23 07:33:35.400   3509423.2382    779162.5169   5250966.9737   2  14   0.0741   0.0457   0.0428  -0.0132   0.0078   0.0426   0.40    1.1
2026/04/23 07:33:35.500   3509423.3357    779162.4889   5250966.9188   2  14   0.0741   0.0457   0.0428  -0.0132   0.0077   0.0427  -0.50    1.1
2026/04/23 07:33:35.600   3509423.4253    779162.4680   5250966.8631   2  14   0.0740   0.0457   0.0427  -0.0132   0.0077   0.0427  -0.40    1.1
2026/04/23 07:33:35.700   3509423.5238    779162.4376   5250966.8100   2  13   0.0741   0.0457   0.0427  -0.0132   0.0079   0.0426  -0.30    1.1
2026/04/23 07:33:35.800   3509423.6167    779162.4178   5250966.7614   2  14   0.0741   0.0457   0.0427  -0.0133   0.0079   0.0426  -0.20    1.0
2026/04/23 07:33:35.900   3509423.7121    779162.3969   5250966.7016   2  14   0.0741   0.0457   0.0427  -0.0133   0.0079   0.0426  -0.10    1.0
2026/04/23 07:33:36.000   3509423.8032    779162.3709   5250966.6531   2  14   0.0741   0.0457   0.0427  -0.0133   0.0080   0.0426   0.00    1.0
2026/04/23 07:33:36.100   3509423.9001    779162.3440   5250966.5983   2  16   0.0740   0.0457   0.0427  -0.0132   0.0080   0.0426   0.10    1.0
2026/04/23 07:33:36.200   3509423.9903    779162.3211   5250966.5480   2  16   0.0740   0.0457   0.0426  -0.0132   0.0079   0.0426   0.20    1.1
2026/04/23 07:33:36.300   3509424.0785    779162.3019   5250966.4980   2  16   0.0740   0.0456   0.0426  -0.0132   0.0079   0.0426   0.30    1.1
2026/04/23 07:33:36.400   3509424.1705    779162.2842   5250966.4444   2  16   0.0740   0.0456   0.0426  -0.0131   0.0079   0.0426   0.40    1.1
2026/04/23 07:33:36.500   3509424.2637    779162.2651   5250966.3858   2  15   0.0740   0.0456   0.0426  -0.0131   0.0078   0.0426  -0.50    1.4
2026/04/23 07:33:36.600   3509424.3699    779162.2442   5250966.3251   2  16   0.0739   0.0456   0.0426  -0.0131   0.0078   0.0426  -0.40    1.0
2026/04/23 07:33:36.700   3509424.4742    779162.2243   5250966.2714   2  16   0.0739   0.0456   0.0426  -0.0131   0.0078   0.0426  -0.30    1.2
2026/04/23 07:33:36.800   3509424.5685    779162.2108   5250966.2032   2  16   0.0739   0.0456   0.0425  -0.0131   0.0077   0.0426  -0.20    1.2
2026/04/23 07:33:36.900   3509424.6594    779162.1986   5250966.1452   2  16   0.0738   0.0455   0.0425  -0.0132   0.0077   0.0426  -0.10    1.1
2026/04/23 07:33:37.000   3509424.7533    779162.1795   5250966.0859   2  16   0.0738   0.0455   0.0425  -0.0132   0.0077   0.0426   0.00    1.2
2026/04/23 07:33:37.100   3509424.8534    779162.1637   5250966.0188   2  16   0.0738   0.0455   0.0425  -0.0132   0.0077   0.0426   0.10    1.2
2026/04/23 07:33:37.200   3509424.9436    779162.1512   5250965.9540   2  16   0.0738   0.0455   0.0424  -0.0132   0.0077   0.0426   0.20    1.2
2026/04/23 07:33:37.300   3509425.0268    779162.1339   5250965.8949   2  16   0.0737   0.0455   0.0424  -0.0132   0.0076   0.0426   0.30    1.1
2026/04/23 07:33:37.400   3509425.1206    779162.1124   5250965.8384   2  16   0.0737   0.0455   0.0424  -0.0132   0.0076   0.0425   0.40    1.1
2026/04/23 07:33:37.500   3509425.2165    779162.0851   5250965.7825   2  16   0.0737   0.0455   0.0424  -0.0132   0.0076   0.0425  -0.50    1.1
2026/04/23 07:33:37.600   3509425.3199    779162.0581   5250965.7233   2  16   0.0737   0.0454   0.0424  -0.0132   0.0076   0.0425  -0.40    1.0
2026/04/23 07:33:37.700   3509425.4074    779162.0329   5250965.6745   2  16   0.0736   0.0454   0.0423  -0.0133   0.0076   0.0425  -0.30    1.0
2026/04/23 07:33:37.800   3509425.4889    779162.0115   5250965.6285   2  16   0.0736   0.0455   0.0423  -0.0133   0.0074   0.0425  -0.20    1.0
2026/04/23 07:33:37.900   3509425.5739    779161.9867   5250965.5789   2  15   0.0736   0.0455   0.0423  -0.0134   0.0073   0.0425  -0.10    1.1
2026/04/23 07:33:38.000   3509425.6691    779161.9646   5250965.5200   2  15   0.0736   0.0455   0.0423  -0.0134   0.0072   0.0425   0.00    1.1
2026/04/23 07:33:38.100   3509425.7657    779161.9409   5250965.4632   2  15   0.0736   0.0455   0.0423  -0.0134   0.0071   0.0425   0.10    1.1
2026/04/23 07:33:38.200   3509425.8532    779161.9171   5250965.4097   2  15   0.0735   0.0455   0.0423  -0.0134   0.0071   0.0424   0.20    1.1
2026/04/23 07:33:38.300   3509425.9415    779161.8931   5250965.3533   2  15   0.0735   0.0454   0.0423  -0.0134   0.0071   0.0424   0.30    2.0
2026/04/23 07:33:38.400   3509426.0404    779161.8715   5250965.2978   2  15   0.0735   0.0454   0.0423  -0.0134   0.0071   0.0424   0.40    1.8
2026/04/23 07:33:38.500   3509426.1243    779161.8578   5250965.2448   2  16   0.0735   0.0454   0.0422  -0.0135   0.0070   0.0424  -0.50    1.1
2026/04/23 07:33:38.600   3509426.2089    779161.8437   5250965.1858   2  16   0.0735   0.0454   0.0422  -0.0132   0.0072   0.0424  -0.40    1.1
2026/04/23 07:33:38.700   3509426.2988    779161.8299   5250965.1239   2  16   0.0736   0.0455   0.0423  -0.0131   0.0073   0.0425  -0.30    1.0
2026/04/23 07:33:38.800   3509426.3934    779161.8098   5250965.0537   2  16   0.0736   0.0454   0.0423  -0.0130   0.0074   0.0425  -0.20    1.0
2026/04/23 07:33:38.900   3509426.4806    779161.7960   5250965.0003   2  16   0.0737   0.0454   0.0423  -0.0129   0.0075   0.0426  -0.10    1.3
2026/04/23 07:33:39.000   3509426.5716    779161.7742   5250964.9403   2  16   0.0737   0.0454   0.0423  -0.0129   0.0075   0.0426   0.00    1.3
2026/04/23 07:33:39.100   3509426.6710    779161.7602   5250964.8820   2  16   0.0737   0.0454   0.0423  -0.0129   0.0075   0.0426   0.10    1.3
2026/04/23 07:33:39.200   3509426.7716    779161.7456   5250964.8197   2  15   0.0737   0.0454   0.0423  -0.0129   0.0075   0.0427   0.20    1.0
2026/04/23 07:33:39.300   3509426.8695    779161.7304   5250964.7498   2  16   0.0737   0.0453   0.0424  -0.0129   0.0076   0.0427   0.30    1.1
2026/04/23 07:33:39.400   3509426.9653    779161.7181   5250964.6930   2  16   0.0737   0.0453   0.0424  -0.0129   0.0076   0.0427   0.40    1.1
2026/04/23 07:33:39.500   3509427.0612    779161.7053   5250964.6385   2  15   0.0737   0.0453   0.0424  -0.0129   0.0075   0.0427  -0.50    1.0
2026/04/23 07:33:39.600   3509427.1522    779161.6844   5250964.5711   2  16   0.0737   0.0453   0.0424  -0.0129   0.0075   0.0427  -0.40    1.1
2026/04/23 07:33:39.700   3509427.2432    779161.6692   5250964.5166   2  15   0.0737   0.0453   0.0424  -0.0129   0.0075   0.0427  -0.30    1.1
2026/04/23 07:33:39.800   3509427.3372    779161.6567   5250964.4546   2  16   0.0736   0.0453   0.0424  -0.0129   0.0075   0.0427  -0.20    1.1
2026/04/23 07:33:39.900   3509427.4330    779161.6323   5250964.3940   2  16   0.0736   0.0453   0.0423  -0.0129   0.0075   0.0427  -0.10    1.1
2026/04/23 07:33:40.000   3509427.5133    779161.6083   5250964.3402   2  16   0.0736   0.0452   0.0423  -0.0129   0.0075   0.0427   0.00    1.2
2026/04/23 07:33:40.100   3509427.6018    779161.5914   5250964.2845   2  16   0.0736   0.0452   0.0423  -0.0129   0.0075   0.0427   0.10    1.5
2026/04/23 07:33:40.200   3509427.7008    779161.5734   5250964.2278   2  16   0.0736   0.0452   0.0423  -0.0129   0.0075   0.0427   0.20    1.1
2026/04/23 07:33:40.300   3509427.7968    779161.5594   5250964.1714   2  16   0.0736   0.0452   0.0423  -0.0128   0.0076   0.0427   0.30    1.0
2026/04/23 07:33:40.400   3509427.8845    779161.5376   5250964.1101   2  16   0.0736   0.0452   0.0423  -0.0127   0.0077   0.0427   0.40    1.0
2026/04/23 07:33:40.500   3509427.9882    779161.5174   5250964.0521   2  16   0.0736   0.0452   0.0423  -0.0126   0.0078   0.0427  -0.50    1.0
2026/04/23 07:33:40.600   3509428.0839    779161.5013   5250963.9877   2  15   0.0736   0.0453   0.0423  -0.0126   0.0078   0.0427  -0.40    1.0
2026/04/23 07:33:40.700   3509428.1714    779161.4814   5250963.9283   2  16   0.0736   0.0452   0.0423  -0.0126   0.0078   0.0427  -0.30    1.0
2026/04/23 07:33:40.800   3509428.2718    779161.4588   5250963.8689   2  16   0.0736   0.0452   0.0423  -0.0126   0.0078   0.0427  -0.20    1.0
2026/04/23 07:33:40.900   3509428.3565    779161.4434   5250963.8139   2  16   0.0736   0.0452   0.0423  -0.0126   0.0078   0.0427  -0.10    1.0
2026/04/23 07:33:41.000   3509428.4478    779161.4237   5250963.7570   2  16   0.0736   0.0452   0.0423  -0.0125   0.0077   0.0427   0.00    1.1
2026/04/23 07:33:41.100   3509428.5416    779161.4085   5250963.6963   2  16   0.0736   0.0452   0.0423  -0.0125   0.0077   0.0427   0.10    1.1
2026/04/23 07:33:41.200   3509428.6343    779161.3927   5250963.6409   2  16   0.0736   0.0452   0.0423  -0.0125   0.0077   0.0427   0.20    1.0
2026/04/23 07:33:41.300   3509428.7229    779161.3752   5250963.5776   2  16   0.0736   0.0451   0.0423  -0.0125   0.0076   0.0427   0.30    1.1
2026/04/23 07:33:41.400   3509428.8139    779161.3587   5250963.5160   2  16   0.0736   0.0451   0.0423  -0.0125   0.0076   0.0426   0.40    1.1
2026/04/23 07:33:41.500   3509428.9145    779161.3399   5250963.4590   2  16   0.0735   0.0451   0.0423  -0.0126   0.0076   0.0426  -0.50    1.1
2026/04/23 07:33:41.600   3509429.0021    779161.3254   5250963.4073   2  16   0.0735   0.0451   0.0422  -0.0126   0.0076   0.0426  -0.40    1.2
2026/04/23 07:33:41.700   3509429.0969    779161.3111   5250963.3604   2  16   0.0735   0.0451   0.0422  -0.0126   0.0076   0.0426  -0.30    1.1
2026/04/23 07:33:41.800   3509429.1819    779161.2974   5250963.3068   2  16   0.0735   0.0451   0.0422  -0.0126   0.0075   0.0426  -0.20    1.3
2026/04/23 07:33:41.900   3509429.2754    779161.2837   5250963.2537   2  16   0.0735   0.0451   0.0422  -0.0125   0.0076   0.0426  -0.10    1.0
2026/04/23 07:33:42.000   3509429.3663    779161.2739   5250963.1919   2  16   0.0735   0.0451   0.0422  -0.0124   0.0077   0.0426   0.00    1.0
2026/04/23 07:33:42.100   3509429.4586    779161.2552   5250963.1354   2  16   0.0736   0.0451   0.0422  -0.0123   0.0077   0.0427   0.10    1.1
2026/04/23 07:33:42.200   3509429.5478    779161.2358   5250963.0825   2  16   0.0736   0.0451   0.0422  -0.0123   0.0077   0.0427   0.20    1.0
2026/04/23 07:33:42.300   3509429.6468    779161.2204   5250963.0298   2  16   0.0736   0.0450   0.0422  -0.0123   0.0077   0.0427   0.30    1.0
2026/04/23 07:33:42.400   3509429.7484    779161.2072   5250962.9635   2  16   0.0736   0.0450   0.0422  -0.0123   0.0077   0.0427   0.40    1.0
2026/04/23 07:33:42.500   3509429.8441    779161.1949   5250962.9023   2  16   0.0735   0.0450   0.0422  -0.0123   0.0077   0.0427  -0.50    1.1
2026/04/23 07:33:42.600   3509429.9413    779161.1839   5250962.8436   2  16   0.0735   0.0450   0.0422  -0.0124   0.0077   0.0427  -0.40    1.1
2026/04/23 07:33:42.700   3509430.0395    779161.1687   5250962.7890   2  16   0.0735   0.0450   0.0422  -0.0124   0.0077   0.0427  -0.30    1.1
2026/04/23 07:33:42.800   3509430.1349    779161.1534   5250962.7250   2  16   0.0735   0.0450   0.0422  -0.0124   0.0077   0.0427  -0.20    1.1
2026/04/23 07:33:42.900   3509430.2270    779161.1485   5250962.6692   2  16   0.0735   0.0450   0.0422  -0.0124   0.0076   0.0427  -0.10    1.0
2026/04/23 07:33:43.000   3509430.3107    779161.1390   5250962.6095   2  16   0.0735   0.0450   0.0422  -0.0124   0.0075   0.0426   0.00    1.2
2026/04/23 07:33:43.100   3509430.3961    779161.1301   5250962.5500   2  16   0.0735   0.0449   0.0422  -0.0124   0.0076   0.0425   0.10    1.0
2026/04/23 07:33:43.200   3509430.4951    779161.1119   5250962.4932   2  16   0.0735   0.0449   0.0423  -0.0124   0.0076   0.0425   0.20    1.1
2026/04/23 07:33:43.300   3509430.5843    779161.0907   5250962.4433   2  16   0.0735   0.0449   0.0423  -0.0125   0.0076   0.0425   0.30    1.1
2026/04/23 07:33:43.400   3509430.6743    779161.0594   5250962.3886   2  16   0.0735   0.0449   0.0423  -0.0125   0.0077   0.0424   0.40    1.1
2026/04/23 07:33:43.500   3509430.7525    779161.0243   5250962.3333   2  16   0.0734   0.0449   0.0423  -0.0125   0.0077   0.0424  -0.50    1.0
2026/04/23 07:33:43.600   3509430.8365    779160.9837   5250962.2796   2  16   0.0734   0.0449   0.0423  -0.0125   0.0076   0.0425  -0.40    1.0
2026/04/23 07:33:43.700   3509430.9217    779160.9366   5250962.2319   2  16   0.0734   0.0449   0.0422  -0.0125   0.0076   0.0425  -0.30    1.1
2026/04/23 07:33:43.800   3509431.0020    779160.8764   5250962.1971   2  16   0.0734   0.0449   0.0422  -0.0125   0.0076   0.0424  -0.20    1.0
2026/04/23 07:33:43.900   3509431.0852    779160.8028   5250962.1560   2  16   0.0734   0.0449   0.0422  -0.0125   0.0076   0.0424  -0.10    1.0
2026/04/23 07:33:44.000   3509431.1603    779160.7305   5250962.1162   2  16   0.0734   0.0449   0.0422  -0.0125   0.0075   0.0424   0.00    1.0
2026/04/23 07:33:44.100   3509431.2346    779160.6509   5250962.0835   2  16   0.0734   0.0448   0.0422  -0.0125   0.0075   0.0424   0.10    1.0
2026/04/23 07:33:44.200   3509431.2977    779160.5678   5250962.0570   2  16   0.0733   0.0448   0.0422  -0.0125   0.0075   0.0424   0.20    1.1
2026/04/23 07:33:44.300   3509431.3616    779160.4841   5250962.0370   2  16   0.0733   0.0448   0.0422  -0.0125   0.0075   0.0424   0.30    1.1
2026/04/23 07:33:44.400   3509431.4226    779160.3775   5250962.0250   2  16   0.0733   0.0448   0.0422  -0.0125   0.0075   0.0424   0.40    1.1
2026/04/23 07:33:44.500   3509431.4720    779160.2754   5250962.0061   2  16   0.0733   0.0448   0.0421  -0.0125   0.0074   0.0424  -0.50    1.2
2026/04/23 07:33:44.600   3509431.5146    779160.1729   5250961.9977   2  16   0.0733   0.0448   0.0421  -0.0125   0.0074   0.0424  -0.40    1.0
2026/04/23 07:33:44.700   3509431.5583    779160.0660   5250961.9912   2  16   0.0732   0.0448   0.0421  -0.0125   0.0074   0.0424  -0.30    1.2
2026/04/23 07:33:44.800   3509431.5955    779159.9588   5250961.9816   2  16   0.0732   0.0448   0.0420  -0.0125   0.0074   0.0424  -0.20    1.0
2026/04/23 07:33:44.900   3509431.6379    779159.8491   5250961.9776   2  16   0.0732   0.0447   0.0420  -0.0125   0.0074   0.0424  -0.10    1.0
2026/04/23 07:33:45.000   3509431.6661    779159.7339   5250961.9767   2  16   0.0732   0.0447   0.0420  -0.0125   0.0074   0.0424   0.00    1.1
2026/04/23 07:33:45.100   3509431.6902    779159.6268   5250961.9785   2  16   0.0732   0.0447   0.0420  -0.0125   0.0073   0.0424   0.10    1.1
2026/04/23 07:33:45.200   3509431.7099    779159.5239   5250961.9821   2  16   0.0731   0.0447   0.0420  -0.0125   0.0073   0.0424   0.20    1.0
2026/04/23 07:33:45.300   3509431.7344    779159.4205   5250961.9865   2  16   0.0731   0.0447   0.0419  -0.0125   0.0073   0.0424   0.30    1.1
2026/04/23 07:33:45.400   3509431.7517    779159.3199   5250961.9918   2  16   0.0731   0.0447   0.0419  -0.0125   0.0073   0.0424   0.40    1.0
2026/04/23 07:33:45.500   3509431.7655    779159.2197   5250962.0001   2  16   0.0731   0.0447   0.0419  -0.0125   0.0073   0.0424  -0.50    1.0
2026/04/23 07:33:45.600   3509431.7772    779159.1188   5250962.0117   2  16   0.0731   0.0447   0.0419  -0.0125   0.0073   0.0424  -0.40    1.0
2026/04/23 07:33:45.700   3509431.7866    779159.0243   5250962.0215   2  16   0.0731   0.0447   0.0419  -0.0125   0.0073   0.0424  -0.30    1.0
2026/04/23 07:33:45.800   3509431.7983    779158.9263   5250962.0339   2  16   0.0731   0.0447   0.0419  -0.0125   0.0073   0.0424  -0.20    1.0
2026/04/23 07:33:45.900   3509431.8043    779158.8289   5250962.0473   2  16   0.0731   0.0446   0.0419  -0.0125   0.0073   0.0424  -0.10    1.1
2026/04/23 07:33:46.000   3509431.8203    779158.7278   5250962.0483   2  16   0.0731   0.0446   0.0419  -0.0125   0.0073   0.0424   0.00    1.1
2026/04/23 07:33:46.100   3509431.8349    779158.6234   5250962.0573   2  16   0.0731   0.0446   0.0419  -0.0125   0.0072   0.0424   0.10    1.2
2026/04/23 07:33:46.200   3509431.8509    779158.5081   5250962.0603   2  16   0.0730   0.0446   0.0418  -0.0125   0.0072   0.0424   0.20    1.1
2026/04/23 07:33:46.300   3509431.8712    779158.3987   5250962.0665   2  16   0.0730   0.0446   0.0418  -0.0125   0.0072   0.0424   0.30    1.0
2026/04/23 07:33:46.400   3509431.8847    779158.2900   5250962.0739   2  16   0.0730   0.0446   0.0418  -0.0125   0.0072   0.0424   0.40    1.2
2026/04/23 07:33:46.500   3509431.8969    779158.1800   5250962.0847   2  16   0.0730   0.0446   0.0418  -0.0125   0.0072   0.0424  -0.50    1.0
2026/04/23 07:33:46.600   3509431.9001    779158.0736   5250962.0956   2  16   0.0730   0.0446   0.0418  -0.0124   0.0072   0.0423  -0.40    1.0
2026/04/23 07:33:46.700   3509431.8939    779157.9638   5250962.1132   2  16   0.0730   0.0446   0.0418  -0.0124   0.0072   0.0423  -0.30    1.2
2026/04/23 07:33:46.800   3509431.8921    779157.8521   5250962.1310   2  16   0.0730   0.0446   0.0418  -0.0124   0.0072   0.0423  -0.20    1.1
2026/04/23 07:33:46.900   3509431.8819    779157.7465   5250962.1515   2  16   0.0730   0.0445   0.0418  -0.0124   0.0072   0.0423  -0.10    1.1
2026/04/23 07:33:47.000   3509431.8683    779157.6405   5250962.1826   2  16   0.0730   0.0445   0.0418  -0.0124   0.0072   0.0423   0.00    1.1
2026/04/23 07:33:47.100   3509431.8472    779157.5433   5250962.2120   2  16   0.0730   0.0445   0.0418  -0.0124   0.0072   0.0423   0.10    1.1
2026/04/23 07:33:47.200   3509431.8235    779157.4425   5250962.2454   2  16   0.0730   0.0445   0.0418  -0.0124   0.0072   0.0423   0.20    1.1
2026/04/23 07:33:47.300   3509431.8146    779157.3345   5250962.2728   2  16   0.0729   0.0445   0.0418  -0.0124   0.0072   0.0423   0.30    1.0
2026/04/23 07:33:47.400   3509431.8112    779157.2254   5250962.2946   2  16   0.0729   0.0445   0.0417  -0.0124   0.0072   0.0423   0.40    1.0
2026/04/23 07:33:47.500   3509431.7933    779157.1265   5250962.3235   2  16   0.0729   0.0445   0.0417  -0.0124   0.0072   0.0423  -0.50    1.0
2026/04/23 07:33:47.600   3509431.7823    779157.0121   5250962.3472   2  16   0.0729   0.0445   0.0417  -0.0124   0.0072   0.0423  -0.40    1.1
2026/04/23 07:33:47.700   3509431.7840    779156.9086   5250962.3666   2  16   0.0729   0.0445   0.0417  -0.0124   0.0071   0.0423  -0.30    1.0
2026/04/23 07:33:47.800   3509431.7844    779156.7985   5250962.3824   2  16   0.0729   0.0445   0.0417  -0.0124   0.0071   0.0423  -0.20    1.3
2026/04/23 07:33:47.900   3509431.7825    779156.6944   5250962.4045   2  16   0.0729   0.0444   0.0417  -0.0124   0.0071   0.0423  -0.10    1.0
2026/04/23 07:33:48.000   3509431.7816    779156.5945   5250962.4305   2  16   0.0729   0.0444   0.0417  -0.0124   0.0071   0.0423   0.00    1.1
2026/04/23 07:33:48.100   3509431.7666    779156.4891   5250962.4598   2  16   0.0729   0.0444   0.0417  -0.0124   0.0071   0.0423   0.10    1.1
2026/04/23 07:33:48.200   3509431.7551    779156.3838   5250962.4801   2  16   0.0729   0.0444   0.0417  -0.0124   0.0071   0.0423   0.20    1.0
2026/04/23 07:33:48.300   3509431.7406    779156.2770   5250962.5112   2  16   0.0728   0.0444   0.0417  -0.0124   0.0071   0.0423   0.30    1.0
2026/04/23 07:33:48.400   3509431.7248    779156.1661   5250962.5367   2  16   0.0728   0.0444   0.0417  -0.0124   0.0071   0.0423   0.40    1.1
2026/04/23 07:33:48.500   3509431.7194    779156.0537   5250962.5590   2  16   0.0728   0.0444   0.0417  -0.0124   0.0071   0.0423  -0.50    1.1
2026/04/23 07:33:48.600   3509431.7093    779155.9467   5250962.5908   2  16   0.0728   0.0444   0.0417  -0.0124   0.0071   0.0423  -0.40    1.1
2026/04/23 07:33:48.700   3509431.7062    779155.8411   5250962.6155   2  16   0.0728   0.0444   0.0416  -0.0124   0.0071   0.0423  -0.30    1.1
2026/04/23 07:33:48.800   3509431.7005    779155.7333   5250962.6379   2  16   0.0728   0.0444   0.0416  -0.0123   0.0071   0.0423  -0.20    1.2
2026/04/23 07:33:48.900   3509431.7009    779155.6274   5250962.6614   2  16   0.0728   0.0443   0.0416  -0.0123   0.0071   0.0423  -0.10    1.1
2026/04/23 07:33:49.000   3509431.6918    779155.5221   5250962.6819   2  16   0.0728   0.0443   0.0416  -0.0123   0.0071   0.0423   0.00    1.0
2026/04/23 07:33:49.100   3509431.6712    779155.4182   5250962.7168   2  16   0.0728   0.0443   0.0416  -0.0123   0.0071   0.0422   0.10    1.1
2026/04/23 07:33:49.200   3509431.6539    779155.3079   5250962.7471   2  16   0.0728   0.0443   0.0416  -0.0123   0.0071   0.0422   0.20    1.0
2026/04/23 07:33:49.300   3509431.6419    779155.2017   5250962.7744   2  16   0.0728   0.0443   0.0416  -0.0123   0.0071   0.0422   0.30    1.1
2026/04/23 07:33:49.400   3509431.6364    779155.0998   5250962.7980   2  16   0.0727   0.0443   0.0416  -0.0123   0.0071   0.0422   0.40    1.0
2026/04/23 07:33:49.500   3509431.6388    779154.9944   5250962.8213   2  16   0.0727   0.0443   0.0416  -0.0123   0.0071   0.0422  -0.50    1.3
2026/04/23 07:33:49.600   3509431.6305    779154.8882   5250962.8502   2  16   0.0727   0.0443   0.0416  -0.0123   0.0070   0.0422  -0.40    1.0
2026/04/23 07:33:49.700   3509431.6198    779154.7816   5250962.8785   2  16   0.0727   0.0443   0.0416  -0.0123   0.0070   0.0422  -0.30    1.2
2026/04/23 07:33:49.800   3509431.6087    779154.6775   5250962.9064   2  16   0.0727   0.0443   0.0416  -0.0123   0.0070   0.0422  -0.20    1.1
2026/04/23 07:33:49.900   3509431.6006    779154.5702   5250962.9361   2  16   0.0727   0.0442   0.0416  -0.0123   0.0070   0.0422  -0.10    1.1
2026/04/23 07:33:50.000   3509431.5902    779154.4602   5250962.9645   2  16   0.0727   0.0442   0.0415  -0.0123   0.0070   0.0422   0.00    1.1
2026/04/23 07:33:50.100   3509431.5808    779154.3570   5250962.9938   2  16   0.0727   0.0442   0.0415  -0.0123   0.0070   0.0422   0.10    1.1
2026/04/23 07:33:50.200   3509431.5711    779154.2511   5250963.0241   2  16   0.0727   0.0442   0.0415  -0.0123   0.0070   0.0422   0.20    1.0
2026/04/23 07:33:50.300   3509431.5651    779154.1452   5250963.0525   2  16   0.0727   0.0442   0.0415  -0.0122   0.0071   0.0422   0.30    1.0
2026/04/23 07:33:50.400   3509431.5525    779154.0408   5250963.0807   2  16   0.0727   0.0442   0.0415  -0.0121   0.0072   0.0422   0.40    1.0
2026/04/23 07:33:50.500   3509431.5478    779153.9356   5250963.1003   2  16   0.0727   0.0442   0.0416  -0.0121   0.0073   0.0422  -0.50    1.1
2026/04/23 07:33:50.600   3509431.5402    779153.8307   5250963.1218   2  16   0.0727   0.0442   0.0416  -0.0121   0.0073   0.0422  -0.40    1.0
2026/04/23 07:33:50.700   3509431.5391    779153.7231   5250963.1422   2  16   0.0727   0.0442   0.0416  -0.0121   0.0073   0.0423  -0.30    1.0
2026/04/23 07:33:50.800   3509431.5367    779153.6149   5250963.1563   2  17   0.0727   0.0442   0.0416  -0.0121   0.0073   0.0423  -0.20    1.0
2026/04/23 07:33:50.900   3509431.5339    779153.5071   5250963.1702   2  17   0.0727   0.0442   0.0416  -0.0121   0.0072   0.0423  -0.10    1.0
2026/04/23 07:33:51.000   3509431.5264    779153.4017   5250963.1893   2  17   0.0726   0.0442   0.0416  -0.0121   0.0072   0.0423   0.00    1.0
2026/04/23 07:33:51.100   3509431.5147    779153.2962   5250963.2112   2  17   0.0726   0.0441   0.0416  -0.0121   0.0072   0.0423   0.10    1.0
2026/04/23 07:33:51.200   3509431.5086    779153.1871   5250963.2353   2  17   0.0726   0.0441   0.0415  -0.0121   0.0072   0.0423   0.20    1.2
2026/04/23 07:33:51.300   3509431.5049    779153.0833   5250963.2618   2  17   0.0726   0.0441   0.0415  -0.0121   0.0072   0.0423   0.30    1.1
2026/04/23 07:33:51.400   3509431.4994    779152.9800   5250963.2845   2  17   0.0726   0.0441   0.0415  -0.0121   0.0071   0.0422   0.40    1.0
2026/04/23 07:33:51.500   3509431.4993    779152.8751   5250963.3085   2  17   0.0726   0.0441   0.0415  -0.0121   0.0071   0.0422  -0.50    1.0
2026/04/23 07:33:51.600   3509431.5058    779152.7808   5250963.3308   2  17   0.0726   0.0441   0.0415  -0.0121   0.0071   0.0422  -0.40    1.0
2026/04/23 07:33:51.700   3509431.5006    779152.6835   5250963.3519   2  17   0.0726   0.0441   0.0415  -0.0121   0.0071   0.0422  -0.30    1.0
2026/04/23 07:33:51.800   3509431.4863    779152.5819   5250963.3763   2  17   0.0725   0.0441   0.0415  -0.0121   0.0071   0.0422  -0.20    1.0
2026/04/23 07:33:51.900   3509431.4703    779152.4768   5250963.3972   2  17   0.0725   0.0441   0.0415  -0.0121   0.0071   0.0422  -0.10    1.0
2026/04/23 07:33:52.000   3509431.4620    779152.3721   5250963.4211   2  17   0.0725   0.0441   0.0415  -0.0121   0.0070   0.0422   0.00    1.1
2026/04/23 07:33:52.100   3509431.4557    779152.2725   5250963.4437   2  17   0.0725   0.0440   0.0414  -0.0121   0.0070   0.0422   0.10    1.0
2026/04/23 07:33:52.200   3509431.4482    779152.1705   5250963.4694   2  17   0.0725   0.0440   0.0414  -0.0121   0.0070   0.0422   0.20    1.1
2026/04/23 07:33:52.300   3509431.4457    779152.0706   5250963.4838   2  17   0.0725   0.0440   0.0414  -0.0121   0.0070   0.0422   0.30    1.3
2026/04/23 07:33:52.400   3509431.4380    779151.9692   5250963.5058   2  18   0.0725   0.0440   0.0414  -0.0121   0.0070   0.0422   0.40    1.0
2026/04/23 07:33:52.500   3509431.4353    779151.8663   5250963.5321   2  18   0.0724   0.0440   0.0414  -0.0121   0.0070   0.0422  -0.50    1.0
2026/04/23 07:33:52.600   3509431.4314    779151.7618   5250963.5579   2  18   0.0724   0.0440   0.0414  -0.0121   0.0070   0.0422  -0.40    1.0
2026/04/23 07:33:52.700   3509431.4263    779151.6549   5250963.5743   2  18   0.0724   0.0440   0.0414  -0.0121   0.0070   0.0421  -0.30    1.0
2026/04/23 07:33:52.800   3509431.4261    779151.5442   5250963.5906   2  18   0.0724   0.0440   0.0414  -0.0121   0.0069   0.0421  -0.20    1.0
2026/04/23 07:33:52.900   3509431.4230    779151.4399   5250963.6058   2  18   0.0724   0.0440   0.0414  -0.0121   0.0069   0.0421  -0.10    1.0
2026/04/23 07:33:53.000   3509431.4247    779151.3316   5250963.6214   2  18   0.0723   0.0440   0.0413  -0.0121   0.0069   0.0421   0.00    1.1
2026/04/23 07:33:53.100   3509431.4269    779151.2184   5250963.6399   2  18   0.0723   0.0439   0.0413  -0.0120   0.0069   0.0421   0.10    1.0
2026/04/23 07:33:53.200   3509431.4277    779151.1116   5250963.6628   2  18   0.0723   0.0439   0.0413  -0.0120   0.0069   0.0421   0.20    1.1
2026/04/23 07:33:53.300   3509431.4281    779151.0074   5250963.6727   2  18   0.0723   0.0439   0.0413  -0.0120   0.0069   0.0421   0.30    1.0
2026/04/23 07:33:53.400   3509431.4293    779150.9045   5250963.6846   2  18   0.0722   0.0439   0.0413  -0.0120   0.0069   0.0421   0.40    1.1
2026/04/23 07:33:53.500   3509431.4274    779150.8049   5250963.6995   2  18   0.0722   0.0439   0.0413  -0.0120   0.0069   0.0421  -0.50    1.1
2026/04/23 07:33:53.600   3509431.4220    779150.7099   5250963.7136   2  18   0.0722   0.0439   0.0413  -0.0120   0.0069   0.0421  -0.40    1.1
2026/04/23 07:33:53.700   3509431.4258    779150.6109   5250963.7294   2  18   0.0722   0.0439   0.0413  -0.0119   0.0069   0.0421  -0.30    1.0
2026/04/23 07:33:53.800   3509431.4212    779150.5119   5250963.7445   2  18   0.0722   0.0439   0.0413  -0.0119   0.0068   0.0421  -0.20    1.0
2026/04/23 07:33:53.900   3509431.4229    779150.4078   5250963.7586   2  18   0.0721   0.0439   0.0413  -0.0119   0.0068   0.0421  -0.10    1.0
2026/04/23 07:33:54.000   3509431.4241    779150.2977   5250963.7784   2  18   0.0721   0.0439   0.0413  -0.0119   0.0068   0.0421   0.00    1.1
2026/04/23 07:33:54.100   3509431.4229    779150.1894   5250963.7916   2  18   0.0721   0.0438   0.0412  -0.0119   0.0068   0.0420   0.10    1.1
2026/04/23 07:33:54.200   3509431.4197    779150.0845   5250963.8130   2  18   0.0721   0.0438   0.0413  -0.0119   0.0069   0.0420   0.20    1.0
2026/04/23 07:33:54.300   3509431.4098    779149.9820   5250963.8293   2  18   0.0721   0.0438   0.0413  -0.0120   0.0069   0.0419   0.30    1.0
2026/04/23 07:33:54.400   3509431.4077    779149.8793   5250963.8489   2  18   0.0721   0.0438   0.0414  -0.0120   0.0070   0.0419   0.40    1.0
2026/04/23 07:33:54.500   3509431.4017    779149.7780   5250963.8704   2  18   0.0721   0.0438   0.0414  -0.0119   0.0070   0.0419  -0.50    1.1
2026/04/23 07:33:54.600   3509431.4015    779149.6755   5250963.8926   2  18   0.0721   0.0438   0.0414  -0.0119   0.0070   0.0419  -0.40    1.1
2026/04/23 07:33:54.700   3509431.3992    779149.5649   5250963.9137   2  18   0.0720   0.0438   0.0413  -0.0119   0.0070   0.0419  -0.30    1.0
2026/04/23 07:33:54.800   3509431.3930    779149.4569   5250963.9414   2  19   0.0720   0.0438   0.0413  -0.0119   0.0069   0.0419  -0.20    1.0
2026/04/23 07:33:54.900   3509431.3898    779149.3551   5250963.9698   2  19   0.0720   0.0438   0.0413  -0.0119   0.0069   0.0419  -0.10    1.0
2026/04/23 07:33:55.000   3509431.3840    779149.2551   5250963.9936   2  19   0.0720   0.0438   0.0413  -0.0119   0.0069   0.0419   0.00    1.0
2026/04/23 07:33:55.100   3509431.3847    779149.1559   5250964.0180   2  19   0.0720   0.0437   0.0412  -0.0119   0.0069   0.0419   0.10    1.0
2026/04/23 07:33:55.200   3509431.3869    779149.0576   5250964.0414   2  19   0.0719   0.0437   0.0412  -0.0118   0.0069   0.0419   0.20    1.0
2026/04/23 07:33:55.300   3509431.3873    779148.9562   5250964.0621   2  19   0.0719   0.0437   0.0412  -0.0118   0.0068   0.0419   0.30    1.1
2026/04/23 07:33:55.400   3509431.3828    779148.8544   5250964.0877   2  19   0.0719   0.0437   0.0412  -0.0118   0.0068   0.0419   0.40    1.0
2026/04/23 07:33:55.500   3509431.3812    779148.7472   5250964.1088   2  19   0.0719   0.0437   0.0412  -0.0117   0.0068   0.0419  -0.50    1.0
2026/04/23 07:33:55.600   3509431.3839    779148.6444   5250964.1290   2  19   0.0718   0.0437   0.0412  -0.0117   0.0068   0.0419  -0.40    1.0
2026/04/23 07:33:55.700   3509431.3800    779148.5451   5250964.1485   2  19   0.0718   0.0437   0.0411  -0.0117   0.0068   0.0419  -0.30    1.0
2026/04/23 07:33:55.800   3509431.3760    779148.4474   5250964.1675   2  19   0.0718   0.0437   0.0411  -0.0117   0.0068   0.0419  -0.20    1.1
2026/04/23 07:33:55.900   3509431.3665    779148.3497   5250964.1903   2  19   0.0718   0.0437   0.0411  -0.0117   0.0068   0.0419  -0.10    1.0
2026/04/23 07:33:56.000   3509431.3661    779148.2482   5250964.2050   2  19   0.0718   0.0436   0.0411  -0.0116   0.0068   0.0419   0.00    1.0
2026/04/23 07:33:56.100   3509431.3639    779148.1391   5250964.2202   2  19   0.0717   0.0436   0.0411  -0.0116   0.0068   0.0419   0.10    1.1
2026/04/23 07:33:56.200   3509431.3650    779148.0240   5250964.2460   2  19   0.0717   0.0436   0.0411  -0.0116   0.0068   0.0419   0.20    1.0
2026/04/23 07:33:56.300   3509431.3571    779147.9101   5250964.2694   2  19   0.0717   0.0436   0.0411  -0.0116   0.0068   0.0419   0.30    1.2
2026/04/23 07:33:56.400   3509431.3558    779147.8004   5250964.2894   2  19   0.0717   0.0436   0.0411  -0.0116   0.0067   0.0419   0.40    1.0
2026/04/23 07:33:56.500   3509431.3579    779147.6898   5250964.3034   2  19   0.0717   0.0436   0.0411  -0.0116   0.0067   0.0419  -0.50    1.1
2026/04/23 07:33:56.600   3509431.3641    779147.5890   5250964.3197   2  19   0.0717   0.0436   0.0410  -0.0116   0.0067   0.0418  -0.40    1.0
2026/04/23 07:33:56.700   3509431.3767    779147.4850   5250964.3301   2  19   0.0716   0.0436   0.0410  -0.0116   0.0067   0.0418  -0.30    1.0
2026/04/23 07:33:56.800   3509431.3849    779147.3816   5250964.3454   2  19   0.0716   0.0436   0.0411  -0.0116   0.0068   0.0418  -0.20    1.0
2026/04/23 07:33:56.900   3509431.3932    779147.2768   5250964.3573   2  19   0.0716   0.0436   0.0411  -0.0116   0.0068   0.0418  -0.10    1.0
2026/04/23 07:33:57.000   3509431.4015    779147.1740   5250964.3694   2  19   0.0716   0.0436   0.0411  -0.0116   0.0068   0.0418   0.00    1.0
2026/04/23 07:33:57.100   3509431.4050    779147.0666   5250964.3840   2  19   0.0716   0.0435   0.0411  -0.0116   0.0068   0.0417   0.10    1.0
2026/04/23 07:33:57.200   3509431.4043    779146.9556   5250964.4055   2  19   0.0716   0.0435   0.0411  -0.0116   0.0068   0.0417   0.20    1.1
2026/04/23 07:33:57.300   3509431.4053    779146.8521   5250964.4234   2  19   0.0716   0.0435   0.0411  -0.0115   0.0068   0.0417   0.30    1.1
2026/04/23 07:33:57.400   3509431.4091    779146.7469   5250964.4430   2  19   0.0716   0.0435   0.0411  -0.0115   0.0068   0.0418   0.40    1.0
2026/04/23 07:33:57.500   3509431.4103    779146.6445   5250964.4633   2  19   0.0716   0.0435   0.0411  -0.0116   0.0068   0.0417  -0.50    1.0
2026/04/23 07:33:57.600   3509431.4035    779146.5378   5250964.4847   2  19   0.0716   0.0435   0.0411  -0.0116   0.0068   0.0417  -0.40    1.0
2026/04/23 07:33:57.700   3509431.3998    779146.4329   5250964.5101   2  19   0.0716   0.0435   0.0410  -0.0117   0.0068   0.0417  -0.30    1.0
2026/04/23 07:33:57.800   3509431.3893    779146.3323   5250964.5307   2  19   0.0716   0.0435   0.0410  -0.0116   0.0068   0.0418  -0.20    1.0
2026/04/23 07:33:57.900   3509431.3815    779146.2336   5250964.5526   2  19   0.0716   0.0435   0.0410  -0.0116   0.0068   0.0418  -0.10    1.0
2026/04/23 07:33:58.000   3509431.3745    779146.1309   5250964.5750   2  19   0.0716   0.0435   0.0410  -0.0116   0.0067   0.0418   0.00    1.1
2026/04/23 07:33:58.100   3509431.3682    779146.0301   5250964.5943   2  19   0.0715   0.0435   0.0410  -0.0116   0.0067   0.0418   0.10    1.0
2026/04/23 07:33:58.200   3509431.3591    779145.9284   5250964.6100   2  19   0.0715   0.0434   0.0410  -0.0115   0.0067   0.0418   0.20    1.1
2026/04/23 07:33:58.300   3509431.3629    779145.8258   5250964.6258   2  19   0.0715   0.0434   0.0410  -0.0115   0.0067   0.0417   0.30    1.0
2026/04/23 07:33:58.400   3509431.3636    779145.7198   5250964.6401   2  19   0.0715   0.0434   0.0410  -0.0115   0.0067   0.0417   0.40    1.0
2026/04/23 07:33:58.500   3509431.3670    779145.6185   5250964.6508   2  19   0.0715   0.0434   0.0410  -0.0115   0.0067   0.0417  -0.50    1.0
2026/04/23 07:33:58.600   3509431.3710    779145.5218   5250964.6650   2  19   0.0715   0.0434   0.0410  -0.0115   0.0068   0.0417  -0.40    1.0
2026/04/23 07:33:58.700   3509431.3733    779145.4236   5250964.6738   2  19   0.0714   0.0434   0.0410  -0.0115   0.0068   0.0417  -0.30    1.1
2026/04/23 07:33:58.800   3509431.3694    779145.3219   5250964.6902   2  18   0.0715   0.0434   0.0410  -0.0115   0.0068   0.0417  -0.20    1.0
2026/04/23 07:33:58.900   3509431.3773    779145.2143   5250964.7097   2  19   0.0714   0.0434   0.0410  -0.0115   0.0068   0.0417  -0.10    1.0
2026/04/23 07:33:59.000   3509431.3839    779145.1060   5250964.7162   2  19   0.0714   0.0434   0.0411  -0.0114   0.0068   0.0416   0.00    1.0
2026/04/23 07:33:59.100   3509431.3864    779145.0021   5250964.7340   2  19   0.0714   0.0434   0.0411  -0.0114   0.0067   0.0416   0.10    1.0
2026/04/23 07:33:59.200   3509431.3892    779144.8977   5250964.7511   2  19   0.0714   0.0433   0.0411  -0.0114   0.0067   0.0416   0.20    1.0
2026/04/23 07:33:59.300   3509431.3939    779144.7924   5250964.7657   2  19   0.0714   0.0433   0.0411  -0.0114   0.0067   0.0416   0.30    1.1
2026/04/23 07:33:59.400   3509431.3903    779144.6928   5250964.7819   2  19   0.0713   0.0433   0.0411  -0.0114   0.0067   0.0416   0.40    1.0
2026/04/23 07:33:59.500   3509431.3904    779144.5930   5250964.8062   2  19   0.0713   0.0433   0.0411  -0.0114   0.0067   0.0416  -0.50    1.1
2026/04/23 07:33:59.600   3509431.3877    779144.4917   5250964.8287   2  19   0.0713   0.0433   0.0410  -0.0114   0.0067   0.0416  -0.40    1.2
2026/04/23 07:33:59.700   3509431.3898    779144.3794   5250964.8428   2  19   0.0713   0.0433   0.0410  -0.0114   0.0066   0.0416  -0.30    1.1
2026/04/23 07:33:59.800   3509431.3813    779144.2682   5250964.8705   2  19   0.0713   0.0433   0.0410  -0.0113   0.0066   0.0416  -0.20    1.1
2026/04/23 07:33:59.900   3509431.3778    779144.1556   5250964.8944   2  19   0.0713   0.0433   0.0410  -0.0113   0.0066   0.0416  -0.10    1.1
2026/04/23 07:34:00.000   3509431.3766    779144.0362   5250964.9159   2  19   0.0712   0.0433   0.0409  -0.0113   0.0066   0.0416   0.00    1.1
2026/04/23 07:34:00.100   3509431.3762    779143.9258   5250964.9383   2  19   0.0712   0.0433   0.0409  -0.0113   0.0066   0.0416   0.10    1.2
2026/04/23 07:34:00.200   3509431.3727    779143.8115   5250964.9593   2  19   0.0712   0.0433   0.0409  -0.0113   0.0066   0.0416   0.20    1.0
2026/04/23 07:34:00.300   3509431.3665    779143.7059   5250964.9784   2  19   0.0712   0.0432   0.0408  -0.0113   0.0066   0.0416   0.30    1.1
2026/04/23 07:34:00.400   3509431.3598    779143.6094   5250964.9983   2  19   0.0712   0.0432   0.0408  -0.0113   0.0065   0.0416   0.40    1.2
2026/04/23 07:34:00.500   3509431.3567    779143.5109   5250965.0108   2  19   0.0712   0.0432   0.0408  -0.0113   0.0065   0.0416  -0.50    1.0
2026/04/23 07:34:00.600   3509431.3604    779143.4132   5250965.0241   2  19   0.0712   0.0432   0.0408  -0.0113   0.0065   0.0416  -0.40    1.0
2026/04/23 07:34:00.700   3509431.3557    779143.3195   5250965.0398   2  18   0.0712   0.0432   0.0408  -0.0113   0.0066   0.0415  -0.30    1.1
2026/04/23 07:34:00.800   3509431.3531    779143.2199   5250965.0585   2  19   0.0712   0.0432   0.0409  -0.0113   0.0066   0.0415  -0.20    1.0
2026/04/23 07:34:00.900   3509431.3463    779143.1172   5250965.0834   2  19   0.0712   0.0432   0.0409  -0.0113   0.0066   0.0415  -0.10    1.0
2026/04/23 07:34:01.000   3509431.3421    779143.0156   5250965.1038   2  19   0.0711   0.0432   0.0409  -0.0113   0.0066   0.0415   0.00    1.0
2026/04/23 07:34:01.100   3509431.3350    779142.9093   5250965.1246   2  19   0.0711   0.0432   0.0409  -0.0112   0.0066   0.0415   0.10    1.0
2026/04/23 07:34:01.200   3509431.3229    779142.8071   5250965.1501   2  19   0.0711   0.0432   0.0409  -0.0112   0.0066   0.0415   0.20    1.0
2026/04/23 07:34:01.300   3509431.3154    779142.7057   5250965.1737   2  19   0.0711   0.0432   0.0409  -0.0112   0.0066   0.0415   0.30    1.0
2026/04/23 07:34:01.400   3509431.3095    779142.6009   5250965.1959   2  19   0.0711   0.0432   0.0408  -0.0112   0.0066   0.0415   0.40    1.1
2026/04/23 07:34:01.500   3509431.3028    779142.4987   5250965.2225   2  19   0.0711   0.0431   0.0408  -0.0112   0.0066   0.0415  -0.50    1.2
2026/04/23 07:34:01.600   3509431.2933    779142.3951   5250965.2496   2  19   0.0711   0.0431   0.0408  -0.0112   0.0066   0.0415  -0.40    1.1
2026/04/23 07:34:01.700   3509431.2838    779142.2862   5250965.2718   2  19   0.0710   0.0431   0.0408  -0.0112   0.0066   0.0415  -0.30    1.1
2026/04/23 07:34:01.800   3509431.2744    779142.1833   5250965.2875   2  19   0.0710   0.0431   0.0408  -0.0112   0.0066   0.0415  -0.20    1.1
2026/04/23 07:34:01.900   3509431.2679    779142.0805   5250965.3093   2  19   0.0710   0.0431   0.0407  -0.0111   0.0066   0.0415  -0.10    1.1
2026/04/23 07:34:02.000   3509431.2571    779141.9814   5250965.3280   2  19   0.0710   0.0431   0.0407  -0.0111   0.0066   0.0415   0.00    1.1
2026/04/23 07:34:02.100   3509431.2481    779141.8825   5250965.3453   2  19   0.0710   0.0431   0.0407  -0.0111   0.0066   0.0415   0.10    1.0
2026/04/23 07:34:02.200   3509431.2358    779141.7806   5250965.3636   2  19   0.0710   0.0431   0.0407  -0.0111   0.0066   0.0415   0.20    1.1
2026/04/23 07:34:02.300   3509431.2274    779141.6825   5250965.3851   2  19   0.0710   0.0431   0.0407  -0.0111   0.0066   0.0415   0.30    1.2
2026/04/23 07:34:02.400   3509431.2221    779141.5795   5250965.3994   2  19   0.0710   0.0431   0.0406  -0.0111   0.0066   0.0415   0.40    1.0
2026/04/23 07:34:02.500   3509431.2144    779141.4730   5250965.4172   2  19   0.0709   0.0431   0.0406  -0.0111   0.0066   0.0415  -0.50    1.0
2026/04/23 07:34:02.600   3509431.2057    779141.3654   5250965.4340   2  19   0.0709   0.0431   0.0406  -0.0111   0.0066   0.0415  -0.40    1.2
2026/04/23 07:34:02.700   3509431.1943    779141.2622   5250965.4525   2  19   0.0709   0.0430   0.0406  -0.0111   0.0066   0.0415  -0.30    1.0
2026/04/23 07:34:02.800   3509431.1927    779141.1554   5250965.4677   2  19   0.0709   0.0430   0.0406  -0.0110   0.0066   0.0415  -0.20    1.1
2026/04/23 07:34:02.900   3509431.1836    779141.0524   5250965.4888   2  19   0.0709   0.0430   0.0406  -0.0110   0.0066   0.0415  -0.10    1.1
2026/04/23 07:34:03.000   3509431.1807    779140.9494   5250965.5047   2  19   0.0709   0.0430   0.0406  -0.0110   0.0066   0.0415   0.00    1.1
2026/04/23 07:34:03.100   3509431.1713    779140.8443   5250965.5249   2  19   0.0709   0.0430   0.0406  -0.0110   0.0066   0.0415   0.10    1.0
2026/04/23 07:34:03.200   3509431.1626    779140.7304   5250965.5474   2  19   0.0709   0.0430   0.0405  -0.0110   0.0066   0.0414   0.20    1.0
2026/04/23 07:34:03.300   3509431.1560    779140.6258   5250965.5709   2  19   0.0709   0.0430   0.0405  -0.0110   0.0066   0.0414   0.30    1.2
2026/04/23 07:34:03.400   3509431.1526    779140.5229   5250965.5966   2  19   0.0708   0.0430   0.0405  -0.0110   0.0066   0.0414   0.40    1.2
2026/04/23 07:34:03.500   3509431.1530    779140.4275   5250965.6132   2  19   0.0708   0.0430   0.0406  -0.0110   0.0067   0.0414  -0.50    1.0
2026/04/23 07:34:03.600   3509431.1418    779140.3261   5250965.6323   2  19   0.0708   0.0430   0.0406  -0.0110   0.0067   0.0414  -0.40    1.0
2026/04/23 07:34:03.700   3509431.1417    779140.2214   5250965.6486   2  19   0.0708   0.0430   0.0406  -0.0109   0.0068   0.0414  -0.30    1.0
2026/04/23 07:34:03.800   3509431.1440    779140.1193   5250965.6653   2  19   0.0708   0.0430   0.0407  -0.0109   0.0070   0.0414  -0.20    1.0
2026/04/23 07:34:03.900   3509431.1389    779140.0192   5250965.6870   2  19   0.0708   0.0430   0.0407  -0.0109   0.0070   0.0414  -0.10    1.1
2026/04/23 07:34:04.000   3509431.1343    779139.9102   5250965.7028   2  19   0.0708   0.0430   0.0407  -0.0108   0.0071   0.0414   0.00    1.0
2026/04/23 07:34:04.100   3509431.1274    779139.8045   5250965.7265   2  19   0.0708   0.0430   0.0407  -0.0108   0.0071   0.0414   0.10    1.1
2026/04/23 07:34:04.200   3509431.1318    779139.7067   5250965.7419   2  19   0.0708   0.0430   0.0407  -0.0108   0.0071   0.0414   0.20    1.0
2026/04/23 07:34:04.300   3509431.1307    779139.6072   5250965.7576   2  19   0.0708   0.0429   0.0407  -0.0108   0.0070   0.0414   0.30    1.0
2026/04/23 07:34:04.400   3509431.1267    779139.5021   5250965.7753   2  19   0.0707   0.0429   0.0406  -0.0108   0.0070   0.0414   0.40    1.0
2026/04/23 07:34:04.500   3509431.1251    779139.3989   5250965.7904   2  19   0.0707   0.0429   0.0406  -0.0108   0.0070   0.0414  -0.50    1.1
2026/04/23 07:34:04.600   3509431.1265    779139.2891   5250965.8072   2  19   0.0707   0.0429   0.0406  -0.0108   0.0070   0.0414  -0.40    1.0
2026/04/23 07:34:04.700   3509431.1388    779139.1809   5250965.8173   2  19   0.0707   0.0429   0.0406  -0.0108   0.0069   0.0414  -0.30    1.1
2026/04/23 07:34:04.800   3509431.1435    779139.0785   5250965.8315   2  19   0.0707   0.0429   0.0406  -0.0108   0.0069   0.0414  -0.20    1.1
2026/04/23 07:34:04.900   3509431.1510    779138.9751   5250965.8431   2  18   0.0707   0.0429   0.0406  -0.0108   0.0069   0.0414  -0.10    1.1
2026/04/23 07:34:05.000   3509431.1511    779138.8745   5250965.8615   2  18   0.0707   0.0429   0.0405  -0.0108   0.0069   0.0414   0.00    1.0
2026/04/23 07:34:05.100   3509431.1595    779138.7666   5250965.8767   2  19   0.0707   0.0429   0.0405  -0.0108   0.0069   0.0414   0.10    1.1
2026/04/23 07:34:05.200   3509431.1627    779138.6627   5250965.8872   2  19   0.0707   0.0428   0.0405  -0.0108   0.0069   0.0414   0.20    1.1
2026/04/23 07:34:05.300   3509431.1587    779138.5579   5250965.9072   2  19   0.0706   0.0428   0.0405  -0.0108   0.0068   0.0414   0.30    1.0
2026/04/23 07:34:05.400   3509431.1524    779138.4512   5250965.9322   2  19   0.0707   0.0428   0.0405  -0.0108   0.0068   0.0414   0.40    1.0
2026/04/23 07:34:05.500   3509431.1450    779138.3377   5250965.9560   2  19   0.0708   0.0428   0.0405  -0.0110   0.0068   0.0414  -0.50    1.0
2026/04/23 07:34:05.600   3509431.1370    779138.2287   5250965.9773   2  19   0.0708   0.0428   0.0405  -0.0111   0.0068   0.0414  -0.40    1.0
2026/04/23 07:34:05.700   3509431.1332    779138.1164   5250965.9952   2  19   0.0709   0.0428   0.0404  -0.0111   0.0068   0.0414  -0.30    1.0
2026/04/23 07:34:05.800   3509431.1276    779138.0078   5250966.0152   2  19   0.0709   0.0428   0.0404  -0.0111   0.0068   0.0414  -0.20    1.0
2026/04/23 07:34:05.900   3509431.1240    779137.9029   5250966.0256   2  19   0.0709   0.0428   0.0404  -0.0111   0.0067   0.0414  -0.10    1.0
2026/04/23 07:34:06.000   3509431.1184    779137.8019   5250966.0470   2  19   0.0708   0.0428   0.0404  -0.0110   0.0067   0.0414   0.00    1.0
2026/04/23 07:34:06.100   3509431.1131    779137.7026   5250966.0652   2  19   0.0708   0.0428   0.0404  -0.0110   0.0067   0.0414   0.10    1.0
2026/04/23 07:34:06.200   3509431.1083    779137.6102   5250966.0802   2  19   0.0708   0.0428   0.0404  -0.0109   0.0067   0.0415   0.20    1.1
2026/04/23 07:34:06.300   3509431.0981    779137.5125   5250966.1030   2  19   0.0707   0.0428   0.0404  -0.0109   0.0067   0.0415   0.30    1.1
2026/04/23 07:34:06.400   3509431.0932    779137.4096   5250966.1235   2  19   0.0707   0.0427   0.0404  -0.0108   0.0067   0.0414   0.40    1.0
2026/04/23 07:34:06.500   3509431.0782    779137.3084   5250966.1459   2  19   0.0707   0.0427   0.0404  -0.0108   0.0067   0.0414  -0.50    1.0
2026/04/23 07:34:06.600   3509431.0662    779137.2055   5250966.1733   2  19   0.0706   0.0427   0.0404  -0.0108   0.0067   0.0414  -0.40    1.0
2026/04/23 07:34:06.700   3509431.0506    779137.1002   5250966.1994   2  19   0.0706   0.0427   0.0404  -0.0107   0.0067   0.0414  -0.30    1.0
2026/04/23 07:34:06.800   3509431.0357    779136.9997   5250966.2234   2  19   0.0706   0.0427   0.0404  -0.0107   0.0068   0.0414  -0.20    1.0
2026/04/23 07:34:06.900   3509431.0197    779136.8936   5250966.2473   2  19   0.0706   0.0427   0.0404  -0.0107   0.0068   0.0414  -0.10    1.0
2026/04/23 07:34:07.000   3509431.0071    779136.7865   5250966.2683   2  19   0.0705   0.0427   0.0404  -0.0107   0.0068   0.0414   0.00    1.0
2026/04/23 07:34:07.100   3509430.9990    779136.6800   5250966.2898   2  19   0.0705   0.0427   0.0404  -0.0107   0.0068   0.0414   0.10    1.1
2026/04/23 07:34:07.200   3509430.9912    779136.5737   5250966.3102   2  20   0.0705   0.0427   0.0403  -0.0106   0.0068   0.0414   0.20    1.0
2026/04/23 07:34:07.300   3509430.9804    779136.4697   5250966.3334   2  20   0.0705   0.0427   0.0403  -0.0106   0.0068   0.0413   0.30    1.0
2026/04/23 07:34:07.400   3509430.9716    779136.3681   5250966.3589   2  20   0.0705   0.0427   0.0403  -0.0106   0.0068   0.0413   0.40    1.0
2026/04/23 07:34:07.500   3509430.9550    779136.2663   5250966.3852   2  20   0.0704   0.0426   0.0403  -0.0106   0.0068   0.0413  -0.50    1.0
2026/04/23 07:34:07.600   3509430.9351    779136.1585   5250966.4077   2  20   0.0704   0.0426   0.0403  -0.0106   0.0068   0.0413  -0.40    1.0
2026/04/23 07:34:07.700   3509430.9228    779136.0471   5250966.4317   2  19   0.0704   0.0426   0.0403  -0.0106   0.0068   0.0413  -0.30    1.0
2026/04/23 07:34:07.800   3509430.9042    779135.9493   5250966.4568   2  20   0.0704   0.0426   0.0403  -0.0106   0.0068   0.0413  -0.20    1.0
2026/04/23 07:34:07.900   3509430.8861    779135.8469   5250966.4818   2  19   0.0705   0.0426   0.0403  -0.0106   0.0068   0.0413  -0.10    1.0
2026/04/23 07:34:08.000   3509430.8792    779135.7474   5250966.5033   2  19   0.0705   0.0426   0.0403  -0.0107   0.0068   0.0413   0.00    1.0
2026/04/23 07:34:08.100   3509430.8683    779135.6475   5250966.5281   2  19   0.0705   0.0426   0.0403  -0.0107   0.0068   0.0413   0.10    1.0
2026/04/23 07:34:08.200   3509430.8608    779135.5443   5250966.5500   2  19   0.0705   0.0426   0.0403  -0.0107   0.0068   0.0413   0.20    1.0
2026/04/23 07:34:08.300   3509430.8549    779135.4417   5250966.5687   2  18   0.0705   0.0426   0.0403  -0.0106   0.0069   0.0413   0.30    1.1
2026/04/23 07:34:08.400   3509430.8472    779135.3328   5250966.5875   2  19   0.0705   0.0426   0.0403  -0.0106   0.0069   0.0413   0.40    1.0
2026/04/23 07:34:08.500   3509430.8379    779135.2313   5250966.6060   2  19   0.0705   0.0426   0.0403  -0.0106   0.0069   0.0413  -0.50    1.0
2026/04/23 07:34:08.600   3509430.8330    779135.1249   5250966.6251   2  19   0.0705   0.0426   0.0403  -0.0106   0.0069   0.0413  -0.40    1.0
2026/04/23 07:34:08.700   3509430.8319    779135.0117   5250966.6451   2  19   0.0704   0.0425   0.0403  -0.0105   0.0069   0.0413  -0.30    1.0
2026/04/23 07:34:08.800   3509430.8165    779134.9065   5250966.6686   2  19   0.0704   0.0425   0.0402  -0.0105   0.0069   0.0413  -0.20    1.1
2026/04/23 07:34:08.900   3509430.8142    779134.7944   5250966.6847   2  19   0.0704   0.0425   0.0402  -0.0105   0.0069   0.0413  -0.10    1.0
2026/04/23 07:34:09.000   3509430.8116    779134.6853   5250966.7010   2  19   0.0704   0.0425   0.0402  -0.0105   0.0069   0.0413   0.00    1.0
2026/04/23 07:34:09.100   3509430.8086    779134.5767   5250966.7216   2  19   0.0703   0.0425   0.0402  -0.0105   0.0069   0.0413   0.10    1.0
2026/04/23 07:34:09.200   3509430.8058    779134.4657   5250966.7395   2  18   0.0703   0.0425   0.0402  -0.0104   0.0070   0.0413   0.20    1.1
2026/04/23 07:34:09.300   3509430.8038    779134.3545   5250966.7578   2  19   0.0703   0.0425   0.0402  -0.0104   0.0070   0.0412   0.30    1.0
2026/04/23 07:34:09.400   3509430.7993    779134.2481   5250966.7712   2  19   0.0703   0.0425   0.0402  -0.0104   0.0070   0.0412   0.40    1.1
2026/04/23 07:34:09.500   3509430.7870    779134.1434   5250966.7901   2  19   0.0703   0.0425   0.0402  -0.0104   0.0069   0.0412  -0.50    1.1
2026/04/23 07:34:09.600   3509430.7759    779134.0429   5250966.8052   2  19   0.0702   0.0425   0.0402  -0.0104   0.0069   0.0412  -0.40    1.0
2026/04/23 07:34:09.700   3509430.7701    779133.9424   5250966.8221   2  17   0.0703   0.0425   0.0402  -0.0103   0.0071   0.0412  -0.30    1.1
2026/04/23 07:34:09.800   3509430.7565    779133.8355   5250966.8407   2  18   0.0702   0.0425   0.0402  -0.0103   0.0071   0.0412  -0.20    1.1
2026/04/23 07:34:09.900   3509430.7450    779133.7285   5250966.8579   2  18   0.0702   0.0425   0.0402  -0.0102   0.0072   0.0412  -0.10    1.0
2026/04/23 07:34:10.000   3509430.7376    779133.6223   5250966.8718   2  19   0.0702   0.0425   0.0402  -0.0102   0.0072   0.0412   0.00    1.0
2026/04/23 07:34:10.100   3509430.7303    779133.5198   5250966.8884   2  19   0.0702   0.0425   0.0402  -0.0102   0.0072   0.0412   0.10    1.0
2026/04/23 07:34:10.200   3509430.7185    779133.4222   5250966.9088   2  19   0.0702   0.0425   0.0402  -0.0101   0.0072   0.0412   0.20    1.0
2026/04/23 07:34:10.300   3509430.7053    779133.3260   5250966.9318   2  18   0.0702   0.0425   0.0402  -0.0101   0.0073   0.0412   0.30    1.1
2026/04/23 07:34:10.400   3509430.6914    779133.2295   5250966.9502   2  18   0.0702   0.0425   0.0402  -0.0101   0.0073   0.0412   0.40    1.1
2026/04/23 07:34:10.500   3509430.6851    779133.1300   5250966.9658   2  18   0.0702   0.0425   0.0403  -0.0101   0.0073   0.0411  -0.50    1.0
2026/04/23 07:34:10.600   3509430.6795    779133.0272   5250966.9843   2  19   0.0702   0.0424   0.0403  -0.0101   0.0073   0.0411  -0.40    1.0
2026/04/23 07:34:10.700   3509430.6671    779132.9221   5250967.0076   2  18   0.0702   0.0424   0.0404  -0.0101   0.0074   0.0411  -0.30    1.0
2026/04/23 07:34:10.800   3509430.6649    779132.8213   5250967.0328   2  18   0.0701   0.0424   0.0404  -0.0101   0.0074   0.0411  -0.20    1.1
2026/04/23 07:34:10.900   3509430.6573    779132.7158   5250967.0530   2  18   0.0701   0.0424   0.0404  -0.0101   0.0074   0.0411  -0.10    1.0
2026/04/23 07:34:11.000   3509430.6438    779132.6133   5250967.0686   2  17   0.0701   0.0424   0.0404  -0.0101   0.0075   0.0411   0.00    1.1
2026/04/23 07:34:11.100   3509430.6360    779132.5046   5250967.0875   2  18   0.0701   0.0424   0.0403  -0.0101   0.0075   0.0411   0.10    1.1
2026/04/23 07:34:11.200   3509430.6332    779132.4031   5250967.0996   2  18   0.0701   0.0424   0.0403  -0.0101   0.0075   0.0411   0.20    1.0
2026/04/23 07:34:11.300   3509430.6270    779132.3101   5250967.1153   2  18   0.0701   0.0424   0.0403  -0.0100   0.0075   0.0411   0.30    1.0
2026/04/23 07:34:11.400   3509430.6260    779132.2204   5250967.1259   2  18   0.0700   0.0424   0.0403  -0.0100   0.0075   0.0411   0.40    1.1
2026/04/23 07:34:11.500   3509430.6380    779132.1394   5250967.1330   2  18   0.0700   0.0424   0.0403  -0.0100   0.0075   0.0411  -0.50    1.0
2026/04/23 07:34:11.600   3509430.6550    779132.0588   5250967.1317   2  18   0.0700   0.0424   0.0403  -0.0100   0.0075   0.0411  -0.40    1.0
2026/04/23 07:34:11.700   3509430.6711    779131.9757   5250967.1357   2  18   0.0700   0.0424   0.0402  -0.0100   0.0075   0.0411  -0.30    1.1
2026/04/23 07:34:11.800   3509430.6955    779131.8972   5250967.1342   2  18   0.0700   0.0423   0.0402  -0.0100   0.0074   0.0411  -0.20    1.3
2026/04/23 07:34:11.900   3509430.7269    779131.8111   5250967.1263   2  18   0.0700   0.0423   0.0402  -0.0100   0.0074   0.0411  -0.10    1.3
2026/04/23 07:34:12.000   3509430.7654    779131.7360   5250967.1182   2  18   0.0700   0.0423   0.0402  -0.0100   0.0074   0.0411   0.00    1.5
2026/04/23 07:34:12.100   3509430.8135    779131.6661   5250967.1021   2  18   0.0700   0.0423   0.0402  -0.0100   0.0074   0.0411   0.10    1.0
2026/04/23 07:34:12.200   3509430.8688    779131.5969   5250967.0832   2  18   0.0699   0.0423   0.0402  -0.0099   0.0074   0.0411   0.20    1.0
2026/04/23 07:34:12.300   3509430.9143    779131.5337   5250967.0618   2  18   0.0699   0.0423   0.0402  -0.0099   0.0074   0.0411   0.30    1.0
2026/04/23 07:34:12.400   3509430.9692    779131.4773   5250967.0352   2  18   0.0699   0.0423   0.0402  -0.0099   0.0074   0.0411   0.40    1.0
2026/04/23 07:34:12.500   3509431.0174    779131.4280   5250967.0143   2  18   0.0699   0.0423   0.0401  -0.0099   0.0074   0.0411  -0.50    1.1
2026/04/23 07:34:12.600   3509431.0609    779131.3814   5250966.9993   2  18   0.0699   0.0423   0.0401  -0.0099   0.0074   0.0411  -0.40    1.1
2026/04/23 07:34:12.700   3509431.0978    779131.3336   5250966.9793   2  18   0.0699   0.0423   0.0401  -0.0099   0.0074   0.0411  -0.30    1.0
2026/04/23 07:34:12.800   3509431.1406    779131.2809   5250966.9572   2  18   0.0699   0.0423   0.0401  -0.0099   0.0074   0.0411  -0.20    1.1
2026/04/23 07:34:12.900   3509431.1872    779131.2378   5250966.9307   2  17   0.0699   0.0423   0.0401  -0.0097   0.0076   0.0411  -0.10    1.0
2026/04/23 07:34:13.000   3509431.2382    779131.1937   5250966.8997   2  18   0.0699   0.0423   0.0401  -0.0098   0.0075   0.0411   0.00    1.1
2026/04/23 07:34:13.100   3509431.2879    779131.1506   5250966.8707   2  18   0.0699   0.0423   0.0401  -0.0096   0.0077   0.0411   0.10    1.0
2026/04/23 07:34:13.200   3509431.3445    779131.1095   5250966.8330   2  18   0.0699   0.0423   0.0401  -0.0095   0.0078   0.0411   0.20    1.0
2026/04/23 07:34:13.300   3509431.3936    779131.0707   5250966.7959   2  18   0.0699   0.0423   0.0401  -0.0094   0.0078   0.0411   0.30    1.0
2026/04/23 07:34:13.400   3509431.4561    779131.0348   5250966.7608   2  18   0.0699   0.0423   0.0402  -0.0094   0.0079   0.0411   0.40    1.0
2026/04/23 07:34:13.500   3509431.5137    779131.0077   5250966.7224   2  18   0.0699   0.0423   0.0402  -0.0093   0.0079   0.0412  -0.50    1.0
2026/04/23 07:34:13.600   3509431.5762    779130.9861   5250966.6837   2  18   0.0699   0.0423   0.0402  -0.0093   0.0079   0.0412  -0.40    1.0
2026/04/23 07:34:13.700   3509431.6393    779130.9718   5250966.6398   2  18   0.0699   0.0423   0.0402  -0.0093   0.0080   0.0412  -0.30    1.1
2026/04/23 07:34:13.800   3509431.7069    779130.9543   5250966.5959   2  18   0.0699   0.0423   0.0402  -0.0093   0.0080   0.0412  -0.20    1.0
2026/04/23 07:34:13.900   3509431.7665    779130.9368   5250966.5544   2  18   0.0699   0.0423   0.0402  -0.0093   0.0080   0.0412  -0.10    1.0
2026/04/23 07:34:14.000   3509431.8244    779130.9264   5250966.5142   2  18   0.0699   0.0422   0.0402  -0.0093   0.0080   0.0412   0.00    1.0
2026/04/23 07:34:14.100   3509431.8818    779130.9171   5250966.4785   2  18   0.0699   0.0422   0.0402  -0.0093   0.0080   0.0412   0.10    1.0
2026/04/23 07:34:14.200   3509431.9416    779130.9134   5250966.4344   2  18   0.0698   0.0422   0.0402  -0.0093   0.0080   0.0412   0.20    1.1
2026/04/23 07:34:14.300   3509432.0019    779130.9169   5250966.3910   2  17   0.0698   0.0422   0.0402  -0.0092   0.0080   0.0412   0.30    1.2
2026/04/23 07:34:14.400   3509432.0619    779130.9230   5250966.3462   2  18   0.0698   0.0422   0.0402  -0.0093   0.0080   0.0412   0.40    1.0
2026/04/23 07:34:14.500   3509432.1235    779130.9294   5250966.2994   2  17   0.0698   0.0422   0.0402  -0.0092   0.0080   0.0412  -0.50    1.2
2026/04/23 07:34:14.600   3509432.1728    779130.9435   5250966.2560   2  18   0.0698   0.0422   0.0402  -0.0093   0.0080   0.0412  -0.40    1.1
2026/04/23 07:34:14.700   3509432.2209    779130.9524   5250966.2158   2  18   0.0698   0.0422   0.0402  -0.0093   0.0079   0.0412  -0.30    1.1
2026/04/23 07:34:14.800   3509432.2723    779130.9646   5250966.1792   2  17   0.0698   0.0422   0.0402  -0.0092   0.0079   0.0411  -0.20    1.0
2026/04/23 07:34:14.900   3509432.3324    779130.9791   5250966.1373   2  17   0.0698   0.0421   0.0401  -0.0093   0.0079   0.0412  -0.10    1.0
2026/04/23 07:34:15.000   3509432.3906    779131.0034   5250966.0949   2  18   0.0698   0.0421   0.0401  -0.0093   0.0079   0.0411   0.00    1.0
2026/04/23 07:34:15.100   3509432.4453    779131.0384   5250966.0603   2  18   0.0698   0.0421   0.0401  -0.0093   0.0079   0.0411   0.10    1.0
2026/04/23 07:34:15.200   3509432.5001    779131.0721   5250966.0258   2  18   0.0697   0.0421   0.0401  -0.0093   0.0079   0.0411   0.20    1.1
2026/04/23 07:34:15.300   3509432.5601    779131.1115   5250965.9839   2  18   0.0697   0.0421   0.0401  -0.0093   0.0079   0.0411   0.30    1.3
2026/04/23 07:34:15.400   3509432.6091    779131.1536   5250965.9460   2  18   0.0697   0.0421   0.0401  -0.0093   0.0079   0.0411   0.40    1.3
2026/04/23 07:34:15.500   3509432.6551    779131.1994   5250965.9113   2  16   0.0698   0.0421   0.0401  -0.0092   0.0079   0.0411  -0.50    1.4
2026/04/23 07:34:15.600   3509432.7045    779131.2509   5250965.8785   2  18   0.0697   0.0421   0.0401  -0.0093   0.0079   0.0411  -0.40    1.0
2026/04/23 07:34:15.700   3509432.7458    779131.3058   5250965.8471   2  18   0.0697   0.0421   0.0401  -0.0093   0.0079   0.0411  -0.30    1.1
2026/04/23 07:34:15.800   3509432.7847    779131.3596   5250965.8141   2  17   0.0697   0.0421   0.0401  -0.0092   0.0079   0.0411  -0.20    1.1
2026/04/23 07:34:15.900   3509432.8262    779131.4109   5250965.7790   2  17   0.0697   0.0421   0.0401  -0.0091   0.0080   0.0411  -0.10    1.1
2026/04/23 07:34:16.000   3509432.8687    779131.4669   5250965.7429   2  18   0.0697   0.0421   0.0400  -0.0094   0.0079   0.0411   0.00    1.0
2026/04/23 07:34:16.100   3509432.9003    779131.5243   5250965.7136   2  17   0.0697   0.0421   0.0400  -0.0093   0.0079   0.0411   0.10    1.0
2026/04/23 07:34:16.200   3509432.9263    779131.5964   5250965.6886   2  18   0.0697   0.0421   0.0400  -0.0094   0.0078   0.0411   0.20    1.0
2026/04/23 07:34:16.300   3509432.9521    779131.6777   5250965.6675   2  18   0.0697   0.0420   0.0400  -0.0095   0.0078   0.0411   0.30    1.0
2026/04/23 07:34:16.400   3509432.9813    779131.7611   5250965.6376   2  17   0.0697   0.0420   0.0400  -0.0093   0.0078   0.0411   0.40    1.0
2026/04/23 07:34:16.500   3509433.0242    779131.8512   5250965.5960   2  17   0.0697   0.0421   0.0400  -0.0092   0.0079   0.0411  -0.50    1.0
2026/04/23 07:34:16.600   3509433.0714    779131.9584   5250965.5540   2  18   0.0697   0.0420   0.0400  -0.0093   0.0078   0.0411  -0.40    1.0
2026/04/23 07:34:16.700   3509433.1183    779132.0678   5250965.5117   2  18   0.0697   0.0420   0.0400  -0.0093   0.0078   0.0411  -0.30    1.1
2026/04/23 07:34:16.800   3509433.1522    779132.1812   5250965.4696   2  17   0.0696   0.0420   0.0400  -0.0092   0.0079   0.0411  -0.20    1.0
2026/04/23 07:34:16.900   3509433.1852    779132.3020   5250965.4311   2  18   0.0696   0.0420   0.0400  -0.0090   0.0080   0.0411  -0.10    1.0
2026/04/23 07:34:17.000   3509433.2172    779132.4260   5250965.3931   2  17   0.0696   0.0420   0.0400  -0.0090   0.0080   0.0411   0.00    1.1
2026/04/23 07:34:17.100   3509433.2460    779132.5392   5250965.3584   2  17   0.0696   0.0420   0.0400  -0.0089   0.0081   0.0411   0.10    1.0
2026/04/23 07:34:17.200   3509433.2612    779132.6400   5250965.3317   2  18   0.0696   0.0420   0.0400  -0.0089   0.0081   0.0411   0.20    1.1
2026/04/23 07:34:17.300   3509433.2700    779132.7420   5250965.3091   2  18   0.0696   0.0420   0.0400  -0.0089   0.0081   0.0411   0.30    1.1
2026/04/23 07:34:17.400   3509433.2808    779132.8448   5250965.2875   2  18   0.0696   0.0420   0.0400  -0.0089   0.0081   0.0411   0.40    1.0
2026/04/23 07:34:17.500   3509433.3029    779132.9466   5250965.2648   2  18   0.0696   0.0420   0.0400  -0.0089   0.0081   0.0411  -0.50    1.0
2026/04/23 07:34:17.600   3509433.3188    779133.0522   5250965.2390   2  18   0.0695   0.0419   0.0400  -0.0089   0.0081   0.0411  -0.40    1.0
2026/04/23 07:34:17.700   3509433.3216    779133.1562   5250965.2188   2  18   0.0695   0.0419   0.0400  -0.0089   0.0081   0.0411  -0.30    1.0
2026/04/23 07:34:17.800   3509433.3330    779133.2649   5250965.1983   2  18   0.0695   0.0419   0.0400  -0.0090   0.0081   0.0411  -0.20    1.0
2026/04/23 07:34:17.900   3509433.3575    779133.3763   5250965.1656   2  18   0.0695   0.0419   0.0400  -0.0090   0.0081   0.0411  -0.10    1.1
2026/04/23 07:34:18.000   3509433.3816    779133.4882   5250965.1388   2  18   0.0695   0.0419   0.0400  -0.0090   0.0081   0.0410   0.00    1.0
2026/04/23 07:34:18.100   3509433.3977    779133.5960   5250965.1187   2  18   0.0695   0.0419   0.0400  -0.0090   0.0081   0.0410   0.10    1.1
2026/04/23 07:34:18.200   3509433.4044    779133.7106   5250965.1037   2  18   0.0695   0.0419   0.0400  -0.0090   0.0080   0.0410   0.20    1.0
2026/04/23 07:34:18.300   3509433.4235    779133.8245   5250965.0863   2  18   0.0694   0.0419   0.0400  -0.0090   0.0080   0.0410   0.30    1.0
2026/04/23 07:34:18.400   3509433.4290    779133.9409   5250965.0708   2  18   0.0695   0.0419   0.0400  -0.0090   0.0080   0.0410   0.40    1.0
2026/04/23 07:34:18.500   3509433.4402    779134.0540   5250965.0517   2  18   0.0696   0.0418   0.0400  -0.0090   0.0080   0.0410  -0.50    1.0
2026/04/23 07:34:18.600   3509433.4436    779134.1678   5250965.0324   2  18   0.0696   0.0418   0.0399  -0.0090   0.0080   0.0410  -0.40    1.0
2026/04/23 07:34:18.700   3509433.4439    779134.2860   5250965.0166   2  18   0.0696   0.0418   0.0399  -0.0090   0.0080   0.0411  -0.30    1.0
2026/04/23 07:34:18.800   3509433.4468    779134.4023   5250964.9977   2  18   0.0696   0.0418   0.0399  -0.0090   0.0080   0.0411  -0.20    1.1
2026/04/23 07:34:18.900   3509433.4455    779134.5149   5250964.9870   2  18   0.0696   0.0418   0.0399  -0.0090   0.0080   0.0411  -0.10    1.1
2026/04/23 07:34:19.000   3509433.4484    779134.6369   5250964.9748   2  17   0.0695   0.0418   0.0399  -0.0089   0.0080   0.0411   0.00    1.1
2026/04/23 07:34:19.100   3509433.4571    779134.7521   5250964.9561   2  18   0.0695   0.0418   0.0399  -0.0089   0.0080   0.0411   0.10    1.1
2026/04/23 07:34:19.200   3509433.4608    779134.8630   5250964.9380   2  18   0.0695   0.0418   0.0399  -0.0089   0.0080   0.0411   0.20    1.0
2026/04/23 07:34:19.300   3509433.4706    779134.9757   5250964.9203   2  18   0.0695   0.0418   0.0399  -0.0089   0.0080   0.0410   0.30    1.0
2026/04/23 07:34:19.400   3509433.4864    779135.0822   5250964.8968   2  18   0.0695   0.0418   0.0399  -0.0088   0.0079   0.0410   0.40    1.0
2026/04/23 07:34:19.500   3509433.4985    779135.1933   5250964.8695   2  18   0.0695   0.0418   0.0399  -0.0088   0.0080   0.0410  -0.50    1.0
2026/04/23 07:34:19.600   3509433.5057    779135.3057   5250964.8493   2  18   0.0694   0.0418   0.0399  -0.0088   0.0080   0.0410  -0.40    1.0
2026/04/23 07:34:19.700   3509433.5160    779135.4137   5250964.8278   2  18   0.0695   0.0418   0.0399  -0.0088   0.0080   0.0410  -0.30    1.0
2026/04/23 07:34:19.800   3509433.5321    779135.5271   5250964.8039   2  18   0.0695   0.0417   0.0399  -0.0088   0.0080   0.0410  -0.20    1.0
2026/04/23 07:34:19.900   3509433.5543    779135.6375   5250964.7779   2  18   0.0695   0.0417   0.0399  -0.0089   0.0080   0.0410  -0.10    1.0
2026/04/23 07:34:20.000   3509433.5648    779135.7537   5250964.7605   2  18   0.0695   0.0417   0.0399  -0.0089   0.0080   0.0410   0.00    1.0
2026/04/23 07:34:20.100   3509433.5782    779135.8689   5250964.7399   2  18   0.0694   0.0417   0.0399  -0.0089   0.0080   0.0410   0.10    1.0
2026/04/23 07:34:20.200   3509433.5931    779135.9859   5250964.7108   2  18   0.0694   0.0417   0.0399  -0.0088   0.0080   0.0410   0.20    1.0
2026/04/23 07:34:20.300   3509433.6110    779136.0981   5250964.6834   2  18   0.0694   0.0417   0.0399  -0.0088   0.0080   0.0410   0.30    1.0
2026/04/23 07:34:20.400   3509433.6270    779136.2154   5250964.6594   2  18   0.0694   0.0417   0.0399  -0.0088   0.0080   0.0410   0.40    1.0
2026/04/23 07:34:20.500   3509433.6385    779136.3224   5250964.6410   2  18   0.0694   0.0417   0.0399  -0.0088   0.0080   0.0410  -0.50    1.0
2026/04/23 07:34:20.600   3509433.6528    779136.4275   5250964.6206   2  18   0.0693   0.0417   0.0398  -0.0088   0.0080   0.0410  -0.40    1.1
2026/04/23 07:34:20.700   3509433.6706    779136.5382   5250964.5914   2  18   0.0693   0.0417   0.0398  -0.0088   0.0080   0.0410  -0.30    1.2
2026/04/23 07:34:20.800   3509433.6873    779136.6451   5250964.5685   2  18   0.0693   0.0417   0.0398  -0.0088   0.0080   0.0409  -0.20    1.1
2026/04/23 07:34:20.900   3509433.7069    779136.7598   5250964.5383   2  19   0.0693   0.0416   0.0398  -0.0088   0.0080   0.0409  -0.10    1.0
2026/04/23 07:34:21.000   3509433.7191    779136.8667   5250964.5099   2  19   0.0692   0.0416   0.0398  -0.0087   0.0080   0.0409   0.00    1.0
2026/04/23 07:34:21.100   3509433.7278    779136.9763   5250964.4870   2  19   0.0692   0.0416   0.0398  -0.0087   0.0080   0.0409   0.10    1.0
2026/04/23 07:34:21.200   3509433.7330    779137.0842   5250964.4610   2  19   0.0692   0.0416   0.0398  -0.0087   0.0080   0.0409   0.20    1.0
2026/04/23 07:34:21.300   3509433.7391    779137.1929   5250964.4400   2  19   0.0692   0.0416   0.0398  -0.0087   0.0080   0.0409   0.30    1.0
2026/04/23 07:34:21.400   3509433.7507    779137.3085   5250964.4139   2  19   0.0692   0.0416   0.0398  -0.0087   0.0080   0.0409   0.40    1.0
2026/04/23 07:34:21.500   3509433.7593    779137.4229   5250964.3919   2  19   0.0692   0.0416   0.0398  -0.0087   0.0080   0.0409  -0.50    1.0
2026/04/23 07:34:21.600   3509433.7710    779137.5501   5250964.3687   2  19   0.0692   0.0416   0.0398  -0.0087   0.0080   0.0409  -0.40    1.0
2026/04/23 07:34:21.700   3509433.7675    779137.6723   5250964.3507   2  19   0.0692   0.0416   0.0398  -0.0084   0.0081   0.0409  -0.30    1.0
2026/04/23 07:34:21.800   3509433.7628    779137.7927   5250964.3333   2  19   0.0692   0.0416   0.0398  -0.0082   0.0082   0.0409  -0.20    1.0
2026/04/23 07:34:21.900   3509433.7662    779137.9099   5250964.3153   2  18   0.0692   0.0416   0.0398  -0.0081   0.0083   0.0410  -0.10    1.0
2026/04/23 07:34:22.000   3509433.7690    779138.0248   5250964.2966   2  19   0.0692   0.0416   0.0398  -0.0080   0.0083   0.0410   0.00    1.0
2026/04/23 07:34:22.100   3509433.7729    779138.1282   5250964.2751   2  20   0.0692   0.0416   0.0398  -0.0080   0.0084   0.0410   0.10    1.0
2026/04/23 07:34:22.200   3509433.7723    779138.2409   5250964.2571   2  20   0.0692   0.0416   0.0398  -0.0080   0.0084   0.0410   0.20    1.0
2026/04/23 07:34:22.300   3509433.7750    779138.3568   5250964.2407   2  20   0.0691   0.0416   0.0399  -0.0080   0.0084   0.0410   0.30    1.0
2026/04/23 07:34:22.400   3509433.7813    779138.4730   5250964.2189   2  20   0.0691   0.0416   0.0399  -0.0080   0.0084   0.0410   0.40    1.0
2026/04/23 07:34:22.500   3509433.7966    779138.5870   5250964.1916   2  20   0.0691   0.0415   0.0399  -0.0081   0.0084   0.0410  -0.50    1.1
2026/04/23 07:34:22.600   3509433.8130    779138.6934   5250964.1661   2  20   0.0691   0.0415   0.0399  -0.0081   0.0084   0.0410  -0.40    1.1
2026/04/23 07:34:22.700   3509433.8210    779138.7955   5250964.1433   2  20   0.0690   0.0415   0.0399  -0.0081   0.0084   0.0410  -0.30    1.0
2026/04/23 07:34:22.800   3509433.8217    779138.9050   5250964.1253   2  20   0.0690   0.0415   0.0398  -0.0081   0.0083   0.0410  -0.20    1.0
2026/04/23 07:34:22.900   3509433.8246    779139.0114   5250964.1099   2  20   0.0691   0.0415   0.0398  -0.0081   0.0083   0.0409  -0.10    1.0
2026/04/23 07:34:23.000   3509433.8269    779139.1153   5250964.0919   2  19   0.0691   0.0415   0.0398  -0.0081   0.0083   0.0409   0.00    1.0
2026/04/23 07:34:23.100   3509433.8317    779139.2235   5250964.0715   2  20   0.0690   0.0415   0.0398  -0.0081   0.0083   0.0409   0.10    1.0
2026/04/23 07:34:23.200   3509433.8331    779139.3247   5250964.0569   2  20   0.0690   0.0415   0.0398  -0.0081   0.0082   0.0409   0.20    1.0
2026/04/23 07:34:23.300   3509433.8393    779139.4329   5250964.0371   2  20   0.0690   0.0415   0.0397  -0.0081   0.0082   0.0409   0.30    1.0
2026/04/23 07:34:23.400   3509433.8452    779139.5469   5250964.0187   2  19   0.0690   0.0415   0.0397  -0.0082   0.0082   0.0409   0.40    1.0
2026/04/23 07:34:23.500   3509433.8557    779139.6562   5250963.9978   2  19   0.0691   0.0414   0.0397  -0.0083   0.0082   0.0409  -0.50    1.0
2026/04/23 07:34:23.600   3509433.8661    779139.7786   5250963.9734   2  19   0.0691   0.0414   0.0397  -0.0083   0.0082   0.0409  -0.40    1.0
2026/04/23 07:34:23.700   3509433.8802    779139.9040   5250963.9483   2  19   0.0692   0.0414   0.0397  -0.0085   0.0081   0.0409  -0.30    1.0
2026/04/23 07:34:23.800   3509433.8876    779140.0262   5250963.9226   2  19   0.0692   0.0414   0.0397  -0.0086   0.0081   0.0409  -0.20    1.0
2026/04/23 07:34:23.900   3509433.8986    779140.1513   5250963.9018   2  19   0.0693   0.0414   0.0397  -0.0084   0.0081   0.0410  -0.10    1.0
2026/04/23 07:34:24.000   3509433.9141    779140.2735   5250963.8813   2  19   0.0693   0.0415   0.0397  -0.0082   0.0082   0.0410   0.00    1.0
2026/04/23 07:34:24.100   3509433.9247    779140.3937   5250963.8635   2  18   0.0693   0.0415   0.0397  -0.0082   0.0082   0.0410   0.10    1.0
2026/04/23 07:34:24.200   3509433.9275    779140.5084   5250963.8434   2  18   0.0693   0.0414   0.0397  -0.0081   0.0083   0.0411   0.20    1.0
2026/04/23 07:34:24.300   3509433.9209    779140.6203   5250963.8296   2  18   0.0693   0.0414   0.0398  -0.0081   0.0083   0.0411   0.30    1.1
2026/04/23 07:34:24.400   3509433.9196    779140.7303   5250963.8196   2  18   0.0693   0.0414   0.0398  -0.0081   0.0084   0.0411   0.40    1.0
2026/04/23 07:34:24.500   3509433.9225    779140.8415   5250963.8081   2  17   0.0692   0.0414   0.0398  -0.0081   0.0084   0.0411  -0.50    1.1
2026/04/23 07:34:24.600   3509433.9283    779140.9568   5250963.7908   2  18   0.0692   0.0414   0.0398  -0.0082   0.0084   0.0411  -0.40    1.0
2026/04/23 07:34:24.700   3509433.9264    779141.0692   5250963.7785   2  18   0.0692   0.0414   0.0398  -0.0081   0.0084   0.0411  -0.30    1.0
2026/04/23 07:34:24.800   3509433.9298    779141.1877   5250963.7593   2  18   0.0692   0.0414   0.0398  -0.0081   0.0084   0.0411  -0.20    1.0
2026/04/23 07:34:24.900   3509433.9257    779141.3040   5250963.7438   2  18   0.0692   0.0414   0.0398  -0.0080   0.0084   0.0411  -0.10    1.0
2026/04/23 07:34:25.000   3509433.9274    779141.4217   5250963.7217   2  18   0.0692   0.0414   0.0398  -0.0080   0.0084   0.0411   0.00    1.1
2026/04/23 07:34:25.100   3509433.9284    779141.5359   5250963.7020   2  18   0.0691   0.0414   0.0398  -0.0081   0.0084   0.0411   0.10    1.1
2026/04/23 07:34:25.200   3509433.9312    779141.6488   5250963.6804   2  18   0.0691   0.0414   0.0398  -0.0081   0.0084   0.0411   0.20    1.1
2026/04/23 07:34:25.300   3509433.9294    779141.7546   5250963.6605   2  18   0.0691   0.0414   0.0398  -0.0082   0.0084   0.0410   0.30    1.0
2026/04/23 07:34:25.400   3509433.9314    779141.8595   5250963.6422   2  18   0.0691   0.0413   0.0398  -0.0082   0.0084   0.0410   0.40    1.1
2026/04/23 07:34:25.500   3509433.9297    779141.9706   5250963.6267   2  18   0.0690   0.0413   0.0398  -0.0082   0.0084   0.0410  -0.50    1.0
2026/04/23 07:34:25.600   3509433.9279    779142.0765   5250963.6129   2  18   0.0690   0.0413   0.0397  -0.0083   0.0083   0.0410  -0.40    1.1
2026/04/23 07:34:25.700   3509433.9329    779142.1932   5250963.5920   2  18   0.0690   0.0413   0.0397  -0.0083   0.0083   0.0410  -0.30    1.1
2026/04/23 07:34:25.800   3509433.9404    779142.3068   5250963.5674   2  18   0.0690   0.0413   0.0397  -0.0083   0.0083   0.0409  -0.20    1.1
2026/04/23 07:34:25.900   3509433.9392    779142.4282   5250963.5499   2  18   0.0690   0.0413   0.0397  -0.0083   0.0083   0.0409  -0.10    1.1
2026/04/23 07:34:26.000   3509433.9411    779142.5391   5250963.5364   2  17   0.0690   0.0413   0.0397  -0.0083   0.0082   0.0409   0.00    1.1
2026/04/23 07:34:26.100   3509433.9485    779142.6512   5250963.5167   2  18   0.0689   0.0413   0.0397  -0.0084   0.0082   0.0409   0.10    1.2
2026/04/23 07:34:26.200   3509433.9524    779142.7675   5250963.4946   2  18   0.0689   0.0413   0.0396  -0.0084   0.0082   0.0409   0.20    1.0
2026/04/23 07:34:26.300   3509433.9563    779142.8814   5250963.4782   2  18   0.0689   0.0412   0.0396  -0.0084   0.0082   0.0409   0.30    1.2
2026/04/23 07:34:26.400   3509433.9600    779142.9999   5250963.4524   2  18   0.0689   0.0412   0.0396  -0.0084   0.0082   0.0409   0.40    1.0
2026/04/23 07:34:26.500   3509433.9529    779143.1193   5250963.4368   2  18   0.0689   0.0412   0.0396  -0.0084   0.0082   0.0408  -0.50    1.1
2026/04/23 07:34:26.600   3509433.9448    779143.2408   5250963.4225   2  18   0.0689   0.0412   0.0396  -0.0084   0.0082   0.0408  -0.40    1.1
2026/04/23 07:34:26.700   3509433.9323    779143.3547   5250963.4045   2  18   0.0688   0.0412   0.0396  -0.0084   0.0082   0.0408  -0.30    1.1
2026/04/23 07:34:26.800   3509433.9305    779143.4664   5250963.3927   2  18   0.0688   0.0412   0.0396  -0.0084   0.0082   0.0408  -0.20    1.1
2026/04/23 07:34:26.900   3509433.9355    779143.5776   5250963.3680   2  18   0.0688   0.0412   0.0396  -0.0084   0.0081   0.0408  -0.10    1.1
2026/04/23 07:34:27.000   3509433.9367    779143.6894   5250963.3456   2  17   0.0689   0.0412   0.0395  -0.0085   0.0081   0.0408   0.00    1.0
2026/04/23 07:34:27.100   3509433.9420    779143.8005   5250963.3257   2  18   0.0689   0.0412   0.0395  -0.0086   0.0081   0.0408   0.10    1.0
2026/04/23 07:34:27.200   3509433.9346    779143.9155   5250963.3116   2  18   0.0690   0.0412   0.0395  -0.0086   0.0081   0.0408   0.20    1.0
2026/04/23 07:34:27.300   3509433.9328    779144.0305   5250963.2910   2  18   0.0690   0.0412   0.0395  -0.0086   0.0081   0.0408   0.30    1.0
2026/04/23 07:34:27.400   3509433.9311    779144.1542   5250963.2726   2  18   0.0690   0.0412   0.0395  -0.0086   0.0081   0.0408   0.40    1.0
2026/04/23 07:34:27.500   3509433.9286    779144.2786   5250963.2496   2  18   0.0690   0.0412   0.0395  -0.0086   0.0081   0.0408  -0.50    1.1
2026/04/23 07:34:27.600   3509433.9264    779144.4011   5250963.2311   2  18   0.0690   0.0411   0.0395  -0.0086   0.0081   0.0408  -0.40    1.0
2026/04/23 07:34:27.700   3509433.9143    779144.5203   5250963.2164   2  18   0.0690   0.0411   0.0395  -0.0086   0.0081   0.0408  -0.30    1.0
2026/04/23 07:34:27.800   3509433.9129    779144.6302   5250963.1929   2  18   0.0690   0.0411   0.0395  -0.0086   0.0081   0.0408  -0.20    1.1
2026/04/23 07:34:27.900   3509433.9065    779144.7518   5250963.1781   2  18   0.0689   0.0411   0.0395  -0.0085   0.0081   0.0408  -0.10    1.1
2026/04/23 07:34:28.000   3509433.9059    779144.8640   5250963.1585   2  16   0.0689   0.0411   0.0395  -0.0085   0.0081   0.0408   0.00    1.0
2026/04/23 07:34:28.100   3509433.9033    779144.9715   5250963.1405   2  19   0.0689   0.0411   0.0395  -0.0085   0.0081   0.0408   0.10    1.0
2026/04/23 07:34:28.200   3509433.9040    779145.0737   5250963.1213   2  19   0.0689   0.0411   0.0395  -0.0085   0.0081   0.0408   0.20    1.0
2026/04/23 07:34:28.300   3509433.9105    779145.1736   5250963.1035   2  19   0.0688   0.0411   0.0395  -0.0084   0.0081   0.0408   0.30    1.0
2026/04/23 07:34:28.400   3509433.9192    779145.2761   5250963.0799   2  19   0.0688   0.0411   0.0395  -0.0084   0.0081   0.0408   0.40    1.0
2026/04/23 07:34:28.500   3509433.9331    779145.3872   5250963.0543   2  19   0.0688   0.0411   0.0395  -0.0084   0.0081   0.0408  -0.50    1.0
2026/04/23 07:34:28.600   3509433.9483    779145.5053   5250963.0225   2  19   0.0687   0.0411   0.0395  -0.0083   0.0081   0.0408  -0.40    1.0
2026/04/23 07:34:28.700   3509433.9572    779145.6233   5250962.9972   2  19   0.0687   0.0411   0.0395  -0.0083   0.0081   0.0408  -0.30    1.0
2026/04/23 07:34:28.800   3509433.9780    779145.7403   5250962.9694   2  19   0.0687   0.0410   0.0395  -0.0083   0.0081   0.0408  -0.20    1.0
2026/04/23 07:34:28.900   3509433.9956    779145.8558   5250962.9420   2  19   0.0686   0.0410   0.0395  -0.0082   0.0081   0.0408  -0.10    1.0
2026/04/23 07:34:29.000   3509434.0039    779145.9686   5250962.9231   2  19   0.0686   0.0410   0.0395  -0.0082   0.0081   0.0408   0.00    1.1
2026/04/23 07:34:29.100   3509434.0106    779146.0797   5250962.9027   2  19   0.0686   0.0410   0.0395  -0.0082   0.0081   0.0408   0.10    1.0
2026/04/23 07:34:29.200   3509434.0235    779146.1896   5250962.8731   2  19   0.0686   0.0410   0.0395  -0.0083   0.0081   0.0407   0.20    1.0
2026/04/23 07:34:29.300   3509434.0336    779146.3023   5250962.8402   2  19   0.0686   0.0410   0.0394  -0.0083   0.0081   0.0407   0.30    1.0
2026/04/23 07:34:29.400   3509434.0472    779146.4148   5250962.8157   2  19   0.0686   0.0410   0.0394  -0.0083   0.0081   0.0407   0.40    1.0
2026/04/23 07:34:29.500   3509434.0558    779146.5277   5250962.7976   2  19   0.0686   0.0410   0.0394  -0.0083   0.0081   0.0407  -0.50    1.1
2026/04/23 07:34:29.600   3509434.0589    779146.6411   5250962.7752   2  19   0.0685   0.0410   0.0394  -0.0083   0.0081   0.0407  -0.40    1.0
2026/04/23 07:34:29.700   3509434.0560    779146.7489   5250962.7583   2  19   0.0685   0.0410   0.0394  -0.0083   0.0081   0.0407  -0.30    1.0
2026/04/23 07:34:29.800   3509434.0575    779146.8608   5250962.7379   2  19   0.0685   0.0410   0.0394  -0.0083   0.0081   0.0407  -0.20    1.0
2026/04/23 07:34:29.900   3509434.0673    779146.9765   5250962.7173   2  19   0.0685   0.0410   0.0394  -0.0083   0.0081   0.0407  -0.10    1.0
2026/04/23 07:34:30.000   3509434.0751    779147.1016   5250962.6910   2  19   0.0685   0.0410   0.0394  -0.0083   0.0081   0.0406   0.00    1.0
2026/04/23 07:34:30.100   3509434.0838    779147.2237   5250962.6658   2  19   0.0685   0.0409   0.0394  -0.0083   0.0081   0.0406   0.10    1.0
2026/04/23 07:34:30.200   3509434.0945    779147.3434   5250962.6376   2  19   0.0685   0.0409   0.0394  -0.0083   0.0081   0.0406   0.20    1.0
2026/04/23 07:34:30.300   3509434.1021    779147.4614   5250962.6106   2  19   0.0684   0.0409   0.0393  -0.0083   0.0081   0.0406   0.30    1.0
2026/04/23 07:34:30.400   3509434.0973    779147.5834   5250962.5943   2  19   0.0684   0.0409   0.0393  -0.0082   0.0081   0.0406   0.40    1.0
2026/04/23 07:34:30.500   3509434.1028    779147.6979   5250962.5719   2  19   0.0684   0.0409   0.0393  -0.0082   0.0081   0.0406  -0.50    1.0
2026/04/23 07:34:30.600   3509434.1032    779147.8174   5250962.5489   2  19   0.0684   0.0409   0.0393  -0.0082   0.0081   0.0406  -0.40    1.0
2026/04/23 07:34:30.700   3509434.1070    779147.9322   5250962.5276   2  19   0.0683   0.0409   0.0393  -0.0082   0.0081   0.0406  -0.30    1.1
2026/04/23 07:34:30.800   3509434.1145    779148.0496   5250962.5014   2  19   0.0683   0.0409   0.0393  -0.0081   0.0081   0.0406  -0.20    1.0
2026/04/23 07:34:30.900   3509434.1156    779148.1635   5250962.4821   2  19   0.0683   0.0409   0.0393  -0.0081   0.0081   0.0406  -0.10    1.1
2026/04/23 07:34:31.000   3509434.1185    779148.2733   5250962.4625   2  19   0.0683   0.0409   0.0393  -0.0081   0.0081   0.0406   0.00    1.0
2026/04/23 07:34:31.100   3509434.1138    779148.3857   5250962.4502   2  19   0.0683   0.0409   0.0393  -0.0081   0.0081   0.0406   0.10    1.1
2026/04/23 07:34:31.200   3509434.1148    779148.4933   5250962.4258   2  19   0.0683   0.0409   0.0393  -0.0081   0.0081   0.0406   0.20    1.1
2026/04/23 07:34:31.300   3509434.1112    779148.6078   5250962.4094   2  19   0.0683   0.0408   0.0393  -0.0081   0.0081   0.0406   0.30    1.0
2026/04/23 07:34:31.400   3509434.1099    779148.7215   5250962.3940   2  19   0.0684   0.0408   0.0393  -0.0081   0.0081   0.0406   0.40    1.0
2026/04/23 07:34:31.500   3509434.1096    779148.8311   5250962.3744   2  19   0.0684   0.0408   0.0393  -0.0081   0.0081   0.0406  -0.50    1.0
2026/04/23 07:34:31.600   3509434.1097    779148.9416   5250962.3512   2  19   0.0684   0.0408   0.0393  -0.0080   0.0081   0.0406  -0.40    1.0
2026/04/23 07:34:31.700   3509434.1087    779149.0555   5250962.3348   2  19   0.0683   0.0408   0.0393  -0.0080   0.0081   0.0406  -0.30    1.1
2026/04/23 07:34:31.800   3509434.1081    779149.1717   5250962.3116   2  19   0.0683   0.0408   0.0393  -0.0080   0.0081   0.0406  -0.20    1.0
2026/04/23 07:34:31.900   3509434.1118    779149.2909   5250962.2923   2  19   0.0683   0.0408   0.0393  -0.0080   0.0081   0.0406  -0.10    1.1
2026/04/23 07:34:32.000   3509434.1127    779149.4031   5250962.2699   2  19   0.0683   0.0408   0.0393  -0.0080   0.0082   0.0406   0.00    1.0
2026/04/23 07:34:32.100   3509434.1135    779149.5116   5250962.2512   2  18   0.0682   0.0408   0.0393  -0.0080   0.0082   0.0406   0.10    1.1
2026/04/23 07:34:32.200   3509434.1181    779149.6137   5250962.2260   2  19   0.0682   0.0408   0.0393  -0.0080   0.0082   0.0406   0.20    1.1
2026/04/23 07:34:32.300   3509434.1153    779149.7208   5250962.2098   2  19   0.0682   0.0408   0.0393  -0.0079   0.0082   0.0406   0.30    1.1
2026/04/23 07:34:32.400   3509434.1139    779149.8326   5250962.1872   2  19   0.0682   0.0408   0.0393  -0.0080   0.0082   0.0406   0.40    1.0
2026/04/23 07:34:32.500   3509434.1140    779149.9513   5250962.1644   2  19   0.0683   0.0408   0.0393  -0.0081   0.0082   0.0405  -0.50    1.0
2026/04/23 07:34:32.600   3509434.1143    779150.0688   5250962.1387   2  19   0.0683   0.0408   0.0394  -0.0082   0.0082   0.0405  -0.40    1.0
2026/04/23 07:34:32.700   3509434.1142    779150.1912   5250962.1165   2  19   0.0683   0.0408   0.0394  -0.0082   0.0083   0.0405  -0.30    1.0
2026/04/23 07:34:32.800   3509434.1178    779150.3044   5250962.0939   2  18   0.0683   0.0407   0.0394  -0.0081   0.0083   0.0405  -0.20    1.0
2026/04/23 07:34:32.900   3509434.1104    779150.4212   5250962.0791   2  18   0.0682   0.0407   0.0394  -0.0081   0.0083   0.0405  -0.10    1.0
2026/04/23 07:34:33.000   3509434.1123    779150.5336   5250962.0620   2  18   0.0682   0.0407   0.0394  -0.0081   0.0083   0.0405   0.00    1.0
2026/04/23 07:34:33.100   3509434.1109    779150.6416   5250962.0427   2  18   0.0682   0.0407   0.0394  -0.0080   0.0083   0.0405   0.10    1.0
2026/04/23 07:34:33.200   3509434.1110    779150.7541   5250962.0191   2  18   0.0682   0.0407   0.0394  -0.0080   0.0083   0.0405   0.20    1.0
2026/04/23 07:34:33.300   3509434.0993    779150.8690   5250961.9983   2  18   0.0681   0.0407   0.0394  -0.0080   0.0083   0.0405   0.30    1.0
2026/04/23 07:34:33.400   3509434.0905    779150.9851   5250961.9831   2  18   0.0681   0.0407   0.0393  -0.0079   0.0083   0.0405   0.40    1.1
2026/04/23 07:34:33.500   3509434.0820    779151.0996   5250961.9720   2  18   0.0681   0.0407   0.0393  -0.0079   0.0083   0.0405  -0.50    1.2
2026/04/23 07:34:33.600   3509434.0773    779151.2143   5250961.9561   2  18   0.0681   0.0407   0.0393  -0.0079   0.0083   0.0405  -0.40    1.2
2026/04/23 07:34:33.700   3509434.0786    779151.3268   5250961.9361   2  18   0.0681   0.0407   0.0393  -0.0079   0.0083   0.0405  -0.30    1.1
2026/04/23 07:34:33.800   3509434.0740    779151.4384   5250961.9223   2  18   0.0680   0.0407   0.0393  -0.0079   0.0082   0.0405  -0.20    1.0
2026/04/23 07:34:33.900   3509434.0639    779151.5484   5250961.9083   2  18   0.0680   0.0407   0.0393  -0.0079   0.0082   0.0405  -0.10    1.0
2026/04/23 07:34:34.000   3509434.0571    779151.6561   5250961.8915   2  18   0.0680   0.0406   0.0392  -0.0079   0.0082   0.0405   0.00    1.0
2026/04/23 07:34:34.100   3509434.0494    779151.7659   5250961.8811   2  18   0.0680   0.0406   0.0392  -0.0078   0.0082   0.0405   0.10    1.0
2026/04/23 07:34:34.200   3509434.0403    779151.8829   5250961.8683   2  18   0.0680   0.0406   0.0392  -0.0078   0.0082   0.0405   0.20    1.0
2026/04/23 07:34:34.300   3509434.0351    779152.0054   5250961.8522   2  18   0.0680   0.0406   0.0392  -0.0078   0.0082   0.0404   0.30    1.0
2026/04/23 07:34:34.400   3509434.0364    779152.1245   5250961.8346   2  18   0.0679   0.0406   0.0392  -0.0078   0.0082   0.0404   0.40    1.0
2026/04/23 07:34:34.500   3509434.0405    779152.2451   5250961.8195   2  18   0.0679   0.0406   0.0392  -0.0078   0.0082   0.0404  -0.50    1.2
2026/04/23 07:34:34.600   3509434.0386    779152.3650   5250961.8052   2  18   0.0679   0.0406   0.0392  -0.0078   0.0082   0.0404  -0.40    1.1
2026/04/23 07:34:34.700   3509434.0447    779152.4848   5250961.7838   2  18   0.0679   0.0406   0.0392  -0.0078   0.0082   0.0404  -0.30    1.1
2026/04/23 07:34:34.800   3509434.0439    779152.6047   5250961.7647   2  18   0.0679   0.0406   0.0392  -0.0078   0.0082   0.0404  -0.20    1.0
2026/04/23 07:34:34.900   3509434.0480    779152.7203   5250961.7431   2  18   0.0679   0.0406   0.0391  -0.0078   0.0082   0.0404  -0.10    1.0
2026/04/23 07:34:35.000   3509434.0513    779152.8403   5250961.7185   2  18   0.0679   0.0406   0.0391  -0.0078   0.0082   0.0404   0.00    1.0
2026/04/23 07:34:35.100   3509434.0619    779152.9565   5250961.6970   2  18   0.0679   0.0406   0.0391  -0.0077   0.0082   0.0404   0.10    1.0
2026/04/23 07:34:35.200   3509434.0673    779153.0752   5250961.6754   2  18   0.0680   0.0406   0.0392  -0.0079   0.0083   0.0403   0.20    1.0
2026/04/23 07:34:35.300   3509434.0708    779153.1894   5250961.6544   2  18   0.0681   0.0406   0.0392  -0.0080   0.0083   0.0403   0.30    1.0
2026/04/23 07:34:35.400   3509434.0759    779153.3006   5250961.6380   2  18   0.0681   0.0406   0.0392  -0.0081   0.0083   0.0403   0.40    1.0
2026/04/23 07:34:35.500   3509434.0853    779153.4184   5250961.6151   2  17   0.0682   0.0406   0.0393  -0.0081   0.0083   0.0403  -0.50    1.0
2026/04/23 07:34:35.600   3509434.0925    779153.5316   5250961.5915   2  17   0.0682   0.0406   0.0393  -0.0081   0.0083   0.0404  -0.40    1.0
2026/04/23 07:34:35.700   3509434.0981    779153.6410   5250961.5695   2  17   0.0682   0.0406   0.0393  -0.0081   0.0083   0.0404  -0.30    1.0
2026/04/23 07:34:35.800   3509434.1083    779153.7480   5250961.5470   2  17   0.0682   0.0405   0.0393  -0.0081   0.0083   0.0404  -0.20    1.0
2026/04/23 07:34:35.900   3509434.1097    779153.8517   5250961.5306   2  17   0.0682   0.0405   0.0393  -0.0081   0.0083   0.0404  -0.10    1.0
2026/04/23 07:34:36.000   3509434.1086    779153.9538   5250961.5139   2  17   0.0682   0.0406   0.0393  -0.0078   0.0085   0.0405   0.00    1.0
2026/04/23 07:34:36.100   3509434.1142    779154.0552   5250961.4942   2  17   0.0683   0.0406   0.0393  -0.0075   0.0086   0.0406   0.10    1.0
2026/04/23 07:34:36.200   3509434.1172    779154.1626   5250961.4740   2  17   0.0683   0.0406   0.0393  -0.0073   0.0087   0.0406   0.20    1.0
2026/04/23 07:34:36.300   3509434.1290    779154.2764   5250961.4495   2  17   0.0683   0.0406   0.0394  -0.0072   0.0088   0.0407   0.30    1.0
2026/04/23 07:34:36.400   3509434.1436    779154.3920   5250961.4227   2  17   0.0683   0.0406   0.0394  -0.0072   0.0088   0.0407   0.40    1.0
2026/04/23 07:34:36.500   3509434.1471    779154.5144   5250961.3960   2  17   0.0682   0.0405   0.0394  -0.0072   0.0088   0.0407  -0.50    1.0
2026/04/23 07:34:36.600   3509434.1570    779154.6337   5250961.3693   2  17   0.0682   0.0405   0.0394  -0.0072   0.0088   0.0408  -0.40    1.0
2026/04/23 07:34:36.700   3509434.1706    779154.7503   5250961.3420   2  17   0.0682   0.0405   0.0394  -0.0072   0.0088   0.0408  -0.30    1.0
2026/04/23 07:34:36.800   3509434.1732    779154.8698   5250961.3156   2  17   0.0682   0.0405   0.0394  -0.0073   0.0088   0.0408  -0.20    1.0
2026/04/23 07:34:36.900   3509434.1783    779154.9865   5250961.2933   2  17   0.0681   0.0405   0.0394  -0.0073   0.0088   0.0407  -0.10    1.2
2026/04/23 07:34:37.000   3509434.1811    779155.1020   5250961.2735   2  17   0.0681   0.0405   0.0394  -0.0073   0.0087   0.0407   0.00    1.2
2026/04/23 07:34:37.100   3509434.1920    779155.2196   5250961.2524   2  17   0.0681   0.0405   0.0394  -0.0074   0.0087   0.0407   0.10    1.0
2026/04/23 07:34:37.200   3509434.1962    779155.3322   5250961.2323   2  17   0.0681   0.0405   0.0394  -0.0074   0.0087   0.0407   0.20    1.1
2026/04/23 07:34:37.300   3509434.2040    779155.4405   5250961.2128   2  17   0.0680   0.0404   0.0394  -0.0074   0.0087   0.0407   0.30    1.0
2026/04/23 07:34:37.400   3509434.2056    779155.5481   5250961.1915   2  17   0.0680   0.0404   0.0393  -0.0075   0.0087   0.0406   0.40    1.0
2026/04/23 07:34:37.500   3509434.2085    779155.6595   5250961.1674   2  17   0.0680   0.0404   0.0393  -0.0075   0.0086   0.0406  -0.50    1.0
2026/04/23 07:34:37.600   3509434.2235    779155.7709   5250961.1401   2  17   0.0680   0.0404   0.0393  -0.0075   0.0086   0.0406  -0.40    1.0
2026/04/23 07:34:37.700   3509434.2312    779155.8782   5250961.1130   2  17   0.0680   0.0404   0.0393  -0.0075   0.0086   0.0406  -0.30    1.0
2026/04/23 07:34:37.800   3509434.2323    779155.9872   5250961.0849   2  17   0.0679   0.0404   0.0392  -0.0076   0.0086   0.0406  -0.20    1.1
2026/04/23 07:34:37.900   3509434.2459    779156.0970   5250961.0617   2  16   0.0680   0.0404   0.0392  -0.0076   0.0085   0.0405  -0.10    1.1
2026/04/23 07:34:38.000   3509434.2488    779156.2108   5250961.0364   2  17   0.0680   0.0404   0.0392  -0.0077   0.0085   0.0405   0.00    1.0
2026/04/23 07:34:38.100   3509434.2437    779156.3199   5250961.0228   2  17   0.0681   0.0404   0.0392  -0.0077   0.0085   0.0405   0.10    1.0
2026/04/23 07:34:38.200   3509434.2551    779156.4365   5250960.9950   2  16   0.0681   0.0404   0.0392  -0.0078   0.0085   0.0405   0.20    1.0
2026/04/23 07:34:38.300   3509434.2521    779156.5530   5250960.9698   2  17   0.0681   0.0404   0.0392  -0.0078   0.0085   0.0405   0.30    1.0
2026/04/23 07:34:38.400   3509434.2533    779156.6671   5250960.9529   2  17   0.0681   0.0404   0.0391  -0.0078   0.0084   0.0405   0.40    1.0
2026/04/23 07:34:38.500   3509434.2546    779156.7925   5250960.9248   2  17   0.0681   0.0404   0.0391  -0.0078   0.0084   0.0405  -0.50    1.0
2026/04/23 07:34:38.600   3509434.2501    779156.9086   5250960.9066   2  17   0.0681   0.0403   0.0391  -0.0078   0.0084   0.0405  -0.40    1.0
2026/04/23 07:34:38.700   3509434.2548    779157.0233   5250960.8834   2  17   0.0681   0.0403   0.0391  -0.0078   0.0084   0.0405  -0.30    1.0
2026/04/23 07:34:38.800   3509434.2480    779157.1352   5250960.8622   2  17   0.0680   0.0403   0.0391  -0.0078   0.0084   0.0405  -0.20    1.0
2026/04/23 07:34:38.900   3509434.2441    779157.2431   5250960.8435   2  16   0.0680   0.0403   0.0391  -0.0078   0.0084   0.0405  -0.10    1.1
2026/04/23 07:34:39.000   3509434.2388    779157.3476   5250960.8264   2  17   0.0680   0.0403   0.0391  -0.0078   0.0084   0.0405   0.00    1.0
2026/04/23 07:34:39.100   3509434.2466    779157.4625   5250960.8103   2  17   0.0680   0.0403   0.0392  -0.0078   0.0084   0.0405   0.10    1.0
2026/04/23 07:34:39.200   3509434.2593    779157.5715   5250960.7840   2  17   0.0680   0.0403   0.0392  -0.0077   0.0084   0.0404   0.20    1.0
2026/04/23 07:34:39.300   3509434.2587    779157.6903   5250960.7680   2  16   0.0680   0.0403   0.0392  -0.0077   0.0084   0.0404   0.30    1.0
2026/04/23 07:34:39.400   3509434.2665    779157.8071   5250960.7470   2  17   0.0680   0.0403   0.0392  -0.0078   0.0084   0.0404   0.40    1.0
2026/04/23 07:34:39.500   3509434.2745    779157.9168   5250960.7184   2  17   0.0680   0.0403   0.0391  -0.0078   0.0085   0.0404  -0.50    1.0
2026/04/23 07:34:39.600   3509434.2837    779158.0310   5250960.6909   2  17   0.0680   0.0403   0.0391  -0.0078   0.0085   0.0404  -0.40    1.0
2026/04/23 07:34:39.700   3509434.2828    779158.1453   5250960.6690   2  17   0.0680   0.0403   0.0391  -0.0078   0.0085   0.0404  -0.30    1.0
2026/04/23 07:34:39.800   3509434.2859    779158.2542   5250960.6474   2  16   0.0680   0.0403   0.0391  -0.0078   0.0085   0.0404  -0.20    1.3
2026/04/23 07:34:39.900   3509434.2815    779158.3600   5250960.6297   2  16   0.0680   0.0403   0.0391  -0.0078   0.0085   0.0404  -0.10    1.0
2026/04/23 07:34:40.000   3509434.2811    779158.4714   5250960.6112   2  16   0.0680   0.0403   0.0391  -0.0078   0.0085   0.0404   0.00    1.0
2026/04/23 07:34:40.100   3509434.2831    779158.5829   5250960.5899   2  16   0.0680   0.0402   0.0391  -0.0078   0.0085   0.0404   0.10    1.1
2026/04/23 07:34:40.200   3509434.2956    779158.6850   5250960.5667   2  16   0.0680   0.0403   0.0391  -0.0076   0.0085   0.0404   0.20    1.0
2026/04/23 07:34:40.300   3509434.3039    779158.7877   5250960.5462   2  16   0.0680   0.0403   0.0391  -0.0075   0.0085   0.0404   0.30    1.0
2026/04/23 07:34:40.400   3509434.3127    779158.8919   5250960.5227   2  16   0.0680   0.0403   0.0391  -0.0074   0.0085   0.0405   0.40    1.4
2026/04/23 07:34:40.500   3509434.3312    779158.9991   5250960.4953   2  16   0.0680   0.0402   0.0391  -0.0074   0.0085   0.0405  -0.50    1.2
2026/04/23 07:34:40.600   3509434.3348    779159.1085   5250960.4787   2  16   0.0681   0.0402   0.0391  -0.0074   0.0085   0.0405  -0.40    1.1
2026/04/23 07:34:40.700   3509434.3400    779159.2163   5250960.4624   2  16   0.0681   0.0402   0.0391  -0.0074   0.0085   0.0405  -0.30    1.1
2026/04/23 07:34:40.800   3509434.3564    779159.3219   5250960.4336   2  16   0.0680   0.0402   0.0391  -0.0075   0.0085   0.0405  -0.20    1.1
2026/04/23 07:34:40.900   3509434.3747    779159.4269   5250960.4052   2  16   0.0680   0.0402   0.0391  -0.0075   0.0085   0.0405  -0.10    1.1
2026/04/23 07:34:41.000   3509434.3840    779159.5416   5250960.3831   2  16   0.0680   0.0402   0.0391  -0.0076   0.0085   0.0405   0.00    1.2
2026/04/23 07:34:41.100   3509434.4026    779159.6576   5250960.3547   2  16   0.0680   0.0402   0.0391  -0.0077   0.0085   0.0405   0.10    1.2
2026/04/23 07:34:41.200   3509434.4194    779159.7717   5250960.3281   2  16   0.0680   0.0402   0.0391  -0.0077   0.0086   0.0405   0.20    1.0
2026/04/23 07:34:41.300   3509434.4319    779159.8961   5250960.3014   2  16   0.0680   0.0402   0.0391  -0.0077   0.0086   0.0405   0.30    1.2
2026/04/23 07:34:41.400   3509434.4514    779160.0117   5250960.2667   2  16   0.0680   0.0402   0.0391  -0.0078   0.0086   0.0405   0.40    1.1
2026/04/23 07:34:41.500   3509434.4772    779160.1097   5250960.2377   2  16   0.0680   0.0402   0.0391  -0.0078   0.0086   0.0405  -0.50    1.1
2026/04/23 07:34:41.600   3509434.5102    779160.1849   5250960.2019   2  16   0.0680   0.0401   0.0392  -0.0078   0.0086   0.0404  -0.40    1.1
2026/04/23 07:34:41.700   3509434.5423    779160.2434   5250960.1685   2  16   0.0680   0.0401   0.0392  -0.0078   0.0086   0.0403  -0.30    1.1
2026/04/23 07:34:41.800   3509434.5735    779160.2911   5250960.1365   2  16   0.0681   0.0401   0.0393  -0.0078   0.0086   0.0403  -0.20    1.1
2026/04/23 07:34:41.900   3509434.6225    779160.3446   5250960.0959   2  16   0.0680   0.0401   0.0393  -0.0078   0.0086   0.0403  -0.10    1.1
2026/04/23 07:34:42.000   3509434.6647    779160.4029   5250960.0531   2  16   0.0680   0.0401   0.0393  -0.0078   0.0086   0.0403   0.00    1.1
2026/04/23 07:34:42.100   3509434.7208    779160.4567   5250960.0033   2  16   0.0680   0.0401   0.0392  -0.0078   0.0086   0.0403   0.10    1.2
2026/04/23 07:34:42.200   3509434.7843    779160.5028   5250959.9489   2  16   0.0680   0.0401   0.0392  -0.0078   0.0086   0.0403   0.20    1.3
2026/04/23 07:34:42.300   3509434.8495    779160.5512   5250959.9013   2  16   0.0679   0.0401   0.0392  -0.0078   0.0086   0.0403   0.30    1.2
2026/04/23 07:34:42.400   3509434.9114    779160.5977   5250959.8545   2  16   0.0679   0.0401   0.0392  -0.0078   0.0085   0.0403   0.40    1.0
2026/04/23 07:34:42.500   3509434.9722    779160.6338   5250959.8027   2  16   0.0679   0.0401   0.0391  -0.0078   0.0085   0.0404  -0.50    1.2
2026/04/23 07:34:42.600   3509435.0333    779160.6725   5250959.7547   2  16   0.0679   0.0401   0.0391  -0.0078   0.0085   0.0404  -0.40    1.2
2026/04/23 07:34:42.700   3509435.1063    779160.7019   5250959.7013   2  16   0.0679   0.0400   0.0391  -0.0078   0.0085   0.0404  -0.30    1.3
2026/04/23 07:34:42.800   3509435.1772    779160.7316   5250959.6430   2  16   0.0679   0.0400   0.0391  -0.0078   0.0085   0.0404  -0.20    1.3
2026/04/23 07:34:42.900   3509435.2345    779160.7620   5250959.5919   2  16   0.0678   0.0400   0.0391  -0.0078   0.0085   0.0404  -0.10    1.2
2026/04/23 07:34:43.000   3509435.3106    779160.7848   5250959.5357   2  16   0.0678   0.0400   0.0390  -0.0078   0.0085   0.0404   0.00    1.3
2026/04/23 07:34:43.100   3509435.3836    779160.8062   5250959.4753   2  16   0.0678   0.0400   0.0390  -0.0078   0.0085   0.0404   0.10    1.1
2026/04/23 07:34:43.200   3509435.4520    779160.8295   5250959.4229   2  16   0.0678   0.0400   0.0390  -0.0078   0.0084   0.0404   0.20    1.0
2026/04/23 07:34:43.300   3509435.5196    779160.8352   5250959.3693   2  16   0.0678   0.0400   0.0390  -0.0078   0.0084   0.0403   0.30    1.5
2026/04/23 07:34:43.400   3509435.5879    779160.8398   5250959.3199   2  16   0.0678   0.0400   0.0390  -0.0078   0.0084   0.0403   0.40    1.2
2026/04/23 07:34:43.500   3509435.6554    779160.8413   5250959.2724   2  16   0.0678   0.0400   0.0390  -0.0078   0.0084   0.0403  -0.50    1.1
2026/04/23 07:34:43.600   3509435.7229    779160.8423   5250959.2258   2  16   0.0678   0.0400   0.0390  -0.0078   0.0084   0.0403  -0.40    1.3
2026/04/23 07:34:43.700   3509435.7986    779160.8326   5250959.1729   2  16   0.0678   0.0400   0.0390  -0.0078   0.0084   0.0403  -0.30    1.2
2026/04/23 07:34:43.800   3509435.8711    779160.8184   5250959.1251   2  16   0.0678   0.0400   0.0390  -0.0078   0.0084   0.0403  -0.20    1.4
2026/04/23 07:34:43.900   3509435.9486    779160.7950   5250959.0765   2  15   0.0678   0.0400   0.0390  -0.0078   0.0084   0.0403  -0.10    1.3
2026/04/23 07:34:44.000   3509436.0181    779160.7718   5250959.0363   2  16   0.0678   0.0400   0.0390  -0.0078   0.0084   0.0403   0.00    1.1
2026/04/23 07:34:44.100   3509436.0860    779160.7414   5250958.9972   2  16   0.0678   0.0399   0.0390  -0.0078   0.0084   0.0403   0.10    1.0
2026/04/23 07:34:44.200   3509436.1598    779160.7091   5250958.9539   2  15   0.0678   0.0399   0.0390  -0.0078   0.0084   0.0403   0.20    1.2
2026/04/23 07:34:44.300   3509436.2242    779160.6684   5250958.9176   2  16   0.0678   0.0399   0.0390  -0.0079   0.0084   0.0403   0.30    1.2
2026/04/23 07:34:44.400   3509436.2952    779160.6248   5250958.8786   2  16   0.0677   0.0399   0.0389  -0.0079   0.0084   0.0403   0.40    1.2
2026/04/23 07:34:44.500   3509436.3784    779160.5832   5250958.8354   2  16   0.0677   0.0399   0.0389  -0.0079   0.0084   0.0403  -0.50    1.2
2026/04/23 07:34:44.600   3509436.4562    779160.5484   5250958.7852   2  16   0.0677   0.0399   0.0389  -0.0079   0.0084   0.0403  -0.40    1.2
2026/04/23 07:34:44.700   3509436.5382    779160.5242   5250958.7344   2  16   0.0677   0.0399   0.0389  -0.0079   0.0084   0.0403  -0.30    1.1
2026/04/23 07:34:44.800   3509436.6183    779160.4988   5250958.6913   2  15   0.0677   0.0399   0.0389  -0.0079   0.0084   0.0403  -0.20    1.0
2026/04/23 07:34:44.900   3509436.6983    779160.4862   5250958.6437   2  15   0.0677   0.0399   0.0389  -0.0079   0.0084   0.0402  -0.10    1.5
2026/04/23 07:34:45.000   3509436.7745    779160.4821   5250958.5898   2  15   0.0677   0.0399   0.0389  -0.0079   0.0084   0.0402   0.00    1.2
2026/04/23 07:34:45.100   3509436.8499    779160.4726   5250958.5396   2  15   0.0677   0.0399   0.0389  -0.0079   0.0084   0.0402   0.10    1.0
2026/04/23 07:34:45.200   3509436.9355    779160.4591   5250958.4860   2  15   0.0677   0.0399   0.0389  -0.0079   0.0084   0.0402   0.20    1.3
2026/04/23 07:34:45.300   3509437.0029    779160.4507   5250958.4383   2  15   0.0677   0.0399   0.0389  -0.0079   0.0083   0.0402   0.30    1.1
2026/04/23 07:34:45.400   3509437.0788    779160.4448   5250958.3873   2  15   0.0677   0.0399   0.0389  -0.0079   0.0083   0.0402   0.40    1.4
2026/04/23 07:34:45.500   3509437.1562    779160.4329   5250958.3331   2  15   0.0677   0.0399   0.0389  -0.0079   0.0084   0.0402  -0.50    1.3
2026/04/23 07:34:45.600   3509437.2278    779160.4226   5250958.2862   2  15   0.0677   0.0398   0.0389  -0.0079   0.0084   0.0402  -0.40    1.0
2026/04/23 07:34:45.700   3509437.3017    779160.4095   5250958.2369   2  15   0.0677   0.0398   0.0389  -0.0079   0.0083   0.0402  -0.30    1.1
2026/04/23 07:34:45.800   3509437.3826    779160.3965   5250958.1887   2  15   0.0677   0.0398   0.0389  -0.0079   0.0083   0.0402  -0.20    1.1
2026/04/23 07:34:45.900   3509437.4536    779160.3867   5250958.1450   2  15   0.0677   0.0398   0.0389  -0.0079   0.0083   0.0402  -0.10    1.1
2026/04/23 07:34:46.000   3509437.5278    779160.3790   5250958.0975   2  15   0.0676   0.0398   0.0389  -0.0079   0.0083   0.0402   0.00    1.2
2026/04/23 07:34:46.100   3509437.5994    779160.3684   5250958.0543   2  17   0.0676   0.0398   0.0388  -0.0079   0.0084   0.0402   0.10    1.2
2026/04/23 07:34:46.200   3509437.6858    779160.3592   5250958.0031   2  17   0.0676   0.0398   0.0388  -0.0079   0.0084   0.0402   0.20    1.2
2026/04/23 07:34:46.300   3509437.7623    779160.3495   5250957.9633   2  16   0.0676   0.0398   0.0388  -0.0079   0.0083   0.0402   0.30    1.4
2026/04/23 07:34:46.400   3509437.8460    779160.3424   5250957.9159   2  17   0.0676   0.0398   0.0388  -0.0079   0.0083   0.0402   0.40    1.0
2026/04/23 07:34:46.500   3509437.9226    779160.3416   5250957.8606   2  17   0.0676   0.0398   0.0388  -0.0079   0.0083   0.0402  -0.50    1.5
2026/04/23 07:34:46.600   3509438.0068    779160.3277   5250957.8097   2  17   0.0676   0.0398   0.0388  -0.0079   0.0083   0.0402  -0.40    1.5
2026/04/23 07:34:46.700   3509438.0874    779160.3240   5250957.7595   2  17   0.0676   0.0398   0.0388  -0.0079   0.0084   0.0402  -0.30    1.3
2026/04/23 07:34:46.800   3509438.1692    779160.3118   5250957.7092   2  16   0.0676   0.0398   0.0388  -0.0079   0.0083   0.0402  -0.20    1.5
2026/04/23 07:34:46.900   3509438.2455    779160.2991   5250957.6632   2  16   0.0676   0.0398   0.0388  -0.0079   0.0083   0.0402  -0.10    1.2
2026/04/23 07:34:47.000   3509438.3232    779160.2860   5250957.6149   2  16   0.0676   0.0397   0.0388  -0.0079   0.0083   0.0402   0.00    1.5
2026/04/23 07:34:47.100   3509438.4011    779160.2817   5250957.5633   2  16   0.0676   0.0397   0.0388  -0.0079   0.0083   0.0402   0.10    1.5
2026/04/23 07:34:47.200   3509438.4858    779160.2757   5250957.5035   2  16   0.0675   0.0398   0.0388  -0.0080   0.0082   0.0402   0.20    1.1
2026/04/23 07:34:47.300   3509438.5657    779160.2580   5250957.4470   2  16   0.0675   0.0398   0.0388  -0.0080   0.0082   0.0401   0.30    1.1
2026/04/23 07:34:47.400   3509438.6400    779160.2448   5250957.4008   2  16   0.0675   0.0398   0.0388  -0.0080   0.0081   0.0401   0.40    1.2
2026/04/23 07:34:47.500   3509438.7108    779160.2357   5250957.3555   2  16   0.0675   0.0398   0.0388  -0.0080   0.0081   0.0401  -0.50    1.2
2026/04/23 07:34:47.600   3509438.7811    779160.2260   5250957.3078   2  16   0.0675   0.0398   0.0388  -0.0080   0.0081   0.0401  -0.40    1.1
2026/04/23 07:34:47.700   3509438.8605    779160.2093   5250957.2572   2  15   0.0675   0.0398   0.0389  -0.0081   0.0082   0.0401  -0.30    1.1
2026/04/23 07:34:47.800   3509438.9419    779160.1946   5250957.2062   2  16   0.0675   0.0398   0.0389  -0.0081   0.0082   0.0401  -0.20    1.0
2026/04/23 07:34:47.900   3509439.0107    779160.1753   5250957.1607   2  16   0.0675   0.0397   0.0388  -0.0080   0.0082   0.0401  -0.10    1.0
2026/04/23 07:34:48.000   3509439.0834    779160.1562   5250957.1148   2  16   0.0675   0.0397   0.0388  -0.0080   0.0082   0.0401   0.00    1.0
2026/04/23 07:34:48.100   3509439.1598    779160.1456   5250957.0665   2  17   0.0675   0.0397   0.0388  -0.0080   0.0082   0.0401   0.10    1.0
2026/04/23 07:34:48.200   3509439.2397    779160.1347   5250957.0149   2  17   0.0674   0.0397   0.0388  -0.0080   0.0082   0.0401   0.20    1.0
2026/04/23 07:34:48.300   3509439.3176    779160.1221   5250956.9595   2  17   0.0674   0.0397   0.0388  -0.0080   0.0082   0.0401   0.30    1.2
2026/04/23 07:34:48.400   3509439.4012    779160.1098   5250956.9034   2  17   0.0674   0.0397   0.0388  -0.0080   0.0082   0.0401   0.40    1.2
2026/04/23 07:34:48.500   3509439.4789    779160.0966   5250956.8495   2  17   0.0674   0.0397   0.0387  -0.0081   0.0082   0.0401  -0.50    1.4
2026/04/23 07:34:48.600   3509439.5472    779160.0837   5250956.8065   2  17   0.0674   0.0397   0.0387  -0.0081   0.0082   0.0401  -0.40    1.2
2026/04/23 07:34:48.700   3509439.6104    779160.0767   5250956.7643   2  17   0.0674   0.0397   0.0387  -0.0081   0.0082   0.0401  -0.30    1.9
2026/04/23 07:34:48.800   3509439.6835    779160.0610   5250956.7148   2  16   0.0674   0.0396   0.0387  -0.0080   0.0082   0.0401  -0.20    1.9
2026/04/23 07:34:48.900   3509439.7544    779160.0422   5250956.6718   2  16   0.0674   0.0396   0.0387  -0.0080   0.0082   0.0401  -0.10    1.8
2026/04/23 07:34:49.000   3509439.8395    779160.0256   5250956.6183   2  16   0.0674   0.0396   0.0387  -0.0080   0.0082   0.0401   0.00    1.9
2026/04/23 07:34:49.100   3509439.9098    779160.0191   5250956.5698   2  16   0.0674   0.0396   0.0387  -0.0080   0.0082   0.0401   0.10    1.6
2026/04/23 07:34:49.200   3509439.9858    779160.0054   5250956.5210   2  16   0.0674   0.0396   0.0387  -0.0080   0.0082   0.0401   0.20    2.0
2026/04/23 07:34:49.300   3509440.0662    779159.9894   5250956.4676   2  16   0.0674   0.0396   0.0387  -0.0080   0.0082   0.0401   0.30    1.6
2026/04/23 07:34:49.400   3509440.1483    779159.9677   5250956.4176   2  16   0.0674   0.0396   0.0387  -0.0080   0.0082   0.0401   0.40    2.0
2026/04/23 07:34:49.500   3509440.2312    779159.9459   5250956.3697   2  16   0.0674   0.0396   0.0387  -0.0080   0.0082   0.0401  -0.50    1.9
2026/04/23 07:34:49.600   3509440.3127    779159.9287   5250956.3211   2  15   0.0675   0.0396   0.0387  -0.0076   0.0084   0.0401  -0.40    1.9
2026/04/23 07:34:49.700   3509440.4002    779159.9128   5250956.2657   2  16   0.0674   0.0396   0.0387  -0.0078   0.0083   0.0401  -0.30    1.0
2026/04/23 07:34:49.800   3509440.4799    779159.8924   5250956.2130   2  16   0.0674   0.0397   0.0387  -0.0079   0.0082   0.0401  -0.20    1.1
2026/04/23 07:34:49.900   3509440.5602    779159.8785   5250956.1628   2  16   0.0674   0.0396   0.0387  -0.0079   0.0082   0.0401  -0.10    1.1
2026/04/23 07:34:50.000   3509440.6410    779159.8569   5250956.1089   2  16   0.0674   0.0396   0.0387  -0.0080   0.0081   0.0401   0.00    1.1
2026/04/23 07:34:50.100   3509440.7163    779159.8391   5250956.0576   2  17   0.0673   0.0396   0.0387  -0.0080   0.0081   0.0401   0.10    1.1
2026/04/23 07:34:50.200   3509440.7960    779159.8220   5250956.0098   2  17   0.0673   0.0396   0.0387  -0.0080   0.0081   0.0401   0.20    1.1
2026/04/23 07:34:50.300   3509440.8713    779159.8050   5250955.9638   2  17   0.0673   0.0396   0.0387  -0.0080   0.0082   0.0401   0.30    1.1
2026/04/23 07:34:50.400   3509440.9489    779159.7834   5250955.9158   2  17   0.0673   0.0396   0.0387  -0.0080   0.0082   0.0401   0.40    1.1
2026/04/23 07:34:50.500   3509441.0298    779159.7716   5250955.8693   2  17   0.0673   0.0396   0.0387  -0.0080   0.0082   0.0400  -0.50    1.0
2026/04/23 07:34:50.600   3509441.1073    779159.7584   5250955.8187   2  18   0.0673   0.0395   0.0387  -0.0080   0.0082   0.0400  -0.40    1.0
2026/04/23 07:34:50.700   3509441.1811    779159.7428   5250955.7650   2  18   0.0673   0.0395   0.0387  -0.0080   0.0082   0.0400  -0.30    1.0
2026/04/23 07:34:50.800   3509441.2417    779159.7287   5250955.7241   2  18   0.0673   0.0395   0.0387  -0.0080   0.0082   0.0400  -0.20    1.1
2026/04/23 07:34:50.900   3509441.3135    779159.7128   5250955.6812   2  18   0.0672   0.0395   0.0387  -0.0081   0.0082   0.0400  -0.10    1.0
2026/04/23 07:34:51.000   3509441.3816    779159.6977   5250955.6443   2  18   0.0672   0.0395   0.0386  -0.0081   0.0082   0.0400   0.00    1.0
2026/04/23 07:34:51.100   3509441.4729    779159.6755   5250955.5925   2  18   0.0672   0.0395   0.0386  -0.0081   0.0082   0.0400   0.10    1.0
2026/04/23 07:34:51.200   3509441.5481    779159.6553   5250955.5401   2  18   0.0672   0.0395   0.0386  -0.0081   0.0082   0.0400   0.20    1.1
2026/04/23 07:34:51.300   3509441.6381    779159.6339   5250955.4909   2  18   0.0672   0.0395   0.0386  -0.0081   0.0082   0.0400   0.30    1.1
2026/04/23 07:34:51.400   3509441.7136    779159.6198   5250955.4416   2  17   0.0672   0.0395   0.0386  -0.0081   0.0082   0.0400   0.40    1.0
2026/04/23 07:34:51.500   3509441.7953    779159.6041   5250955.3936   2  17   0.0672   0.0394   0.0386  -0.0081   0.0082   0.0400  -0.50    1.0
2026/04/23 07:34:51.600   3509441.8703    779159.5877   5250955.3449   2  18   0.0672   0.0394   0.0386  -0.0082   0.0082   0.0400  -0.40    1.0
2026/04/23 07:34:51.700   3509441.9511    779159.5638   5250955.2989   2  18   0.0672   0.0394   0.0386  -0.0082   0.0082   0.0400  -0.30    1.0
2026/04/23 07:34:51.800   3509442.0388    779159.5397   5250955.2474   2  17   0.0672   0.0394   0.0386  -0.0082   0.0081   0.0399  -0.20    1.0
2026/04/23 07:34:51.900   3509442.1143    779159.5230   5250955.2036   2  17   0.0671   0.0394   0.0386  -0.0082   0.0081   0.0399  -0.10    1.0
2026/04/23 07:34:52.000   3509442.1973    779159.5026   5250955.1451   2  17   0.0672   0.0394   0.0386  -0.0079   0.0082   0.0400   0.00    1.0
2026/04/23 07:34:52.100   3509442.2745    779159.4882   5250955.0964   2  17   0.0672   0.0394   0.0386  -0.0077   0.0083   0.0400   0.10    1.0
2026/04/23 07:34:52.200   3509442.3557    779159.4665   5250955.0480   2  17   0.0673   0.0394   0.0386  -0.0076   0.0083   0.0400   0.20    1.0
2026/04/23 07:34:52.300   3509442.4371    779159.4407   5250955.0011   2  17   0.0673   0.0394   0.0386  -0.0076   0.0083   0.0400   0.30    1.1
2026/04/23 07:34:52.400   3509442.5141    779159.4148   5250954.9548   2  17   0.0673   0.0394   0.0386  -0.0076   0.0083   0.0400   0.40    1.0
2026/04/23 07:34:52.500   3509442.5910    779159.3927   5250954.9086   2  17   0.0673   0.0394   0.0386  -0.0076   0.0084   0.0401  -0.50    1.0
2026/04/23 07:34:52.600   3509442.6664    779159.3749   5250954.8679   2  17   0.0673   0.0394   0.0386  -0.0076   0.0084   0.0401  -0.40    1.2
2026/04/23 07:34:52.700   3509442.7359    779159.3586   5250954.8240   2  17   0.0673   0.0394   0.0386  -0.0077   0.0084   0.0401  -0.30    1.0
2026/04/23 07:34:52.800   3509442.8122    779159.3421   5250954.7704   2  17   0.0673   0.0394   0.0386  -0.0077   0.0084   0.0401  -0.20    1.0
2026/04/23 07:34:52.900   3509442.8847    779159.3272   5250954.7204   2  17   0.0673   0.0394   0.0386  -0.0077   0.0084   0.0401  -0.10    1.1
2026/04/23 07:34:53.000   3509442.9553    779159.3155   5250954.6736   2  17   0.0673   0.0393   0.0386  -0.0078   0.0083   0.0401   0.00    1.0
2026/04/23 07:34:53.100   3509443.0309    779159.3014   5250954.6240   2  17   0.0673   0.0393   0.0386  -0.0078   0.0083   0.0401   0.10    1.1
2026/04/23 07:34:53.200   3509443.1126    779159.2900   5250954.5737   2  17   0.0672   0.0393   0.0386  -0.0078   0.0083   0.0401   0.20    1.1
2026/04/23 07:34:53.300   3509443.1977    779159.2756   5250954.5209   2  17   0.0672   0.0393   0.0386  -0.0079   0.0083   0.0401   0.30    1.1
2026/04/23 07:34:53.400   3509443.2850    779159.2663   5250954.4713   2  17   0.0672   0.0393   0.0386  -0.0079   0.0083   0.0400   0.40    1.0
2026/04/23 07:34:53.500   3509443.3718    779159.2525   5250954.4248   2  17   0.0672   0.0393   0.0386  -0.0079   0.0083   0.0400  -0.50    1.0
2026/04/23 07:34:53.600   3509443.4540    779159.2422   5250954.3769   2  17   0.0672   0.0393   0.0386  -0.0079   0.0083   0.0400  -0.40    1.1
2026/04/23 07:34:53.700   3509443.5324    779159.2346   5250954.3264   2  17   0.0672   0.0393   0.0386  -0.0079   0.0083   0.0400  -0.30    1.1
2026/04/23 07:34:53.800   3509443.6098    779159.2232   5250954.2730   2  17   0.0671   0.0393   0.0386  -0.0080   0.0083   0.0400  -0.20    1.1
2026/04/23 07:34:53.900   3509443.6809    779159.2092   5250954.2223   2  17   0.0671   0.0393   0.0386  -0.0080   0.0082   0.0400  -0.10    1.1
2026/04/23 07:34:54.000   3509443.7607    779159.1963   5250954.1639   2  17   0.0671   0.0393   0.0385  -0.0080   0.0082   0.0399   0.00    1.2
2026/04/23 07:34:54.100   3509443.8341    779159.1858   5250954.1137   2  17   0.0671   0.0393   0.0385  -0.0080   0.0082   0.0399   0.10    1.1
2026/04/23 07:34:54.200   3509443.9001    779159.1770   5250954.0717   2  17   0.0671   0.0393   0.0385  -0.0080   0.0082   0.0399   0.20    1.0
2026/04/23 07:34:54.300   3509443.9736    779159.1609   5250954.0252   2  17   0.0671   0.0393   0.0385  -0.0080   0.0082   0.0399   0.30    1.1
2026/04/23 07:34:54.400   3509444.0459    779159.1473   5250953.9747   2  17   0.0671   0.0392   0.0385  -0.0080   0.0082   0.0399   0.40    1.5
2026/04/23 07:34:54.500   3509444.1186    779159.1413   5250953.9231   2  17   0.0670   0.0392   0.0385  -0.0080   0.0082   0.0399  -0.50    1.1
2026/04/23 07:34:54.600   3509444.1975    779159.1330   5250953.8731   2  17   0.0670   0.0392   0.0385  -0.0081   0.0082   0.0399  -0.40    1.0
2026/04/23 07:34:54.700   3509444.2711    779159.1233   5250953.8277   2  17   0.0670   0.0392   0.0385  -0.0081   0.0082   0.0399  -0.30    1.1
2026/04/23 07:34:54.800   3509444.3453    779159.1104   5250953.7794   2  17   0.0670   0.0392   0.0385  -0.0081   0.0082   0.0399  -0.20    1.0
2026/04/23 07:34:54.900   3509444.4267    779159.1036   5250953.7331   2  17   0.0670   0.0392   0.0384  -0.0081   0.0082   0.0398  -0.10    1.3
2026/04/23 07:34:55.000   3509444.5118    779159.0969   5250953.6820   2  17   0.0670   0.0392   0.0384  -0.0081   0.0081   0.0398   0.00    1.0
2026/04/23 07:34:55.100   3509444.5949    779159.0874   5250953.6288   2  17   0.0670   0.0392   0.0384  -0.0081   0.0081   0.0398   0.10    1.1
2026/04/23 07:34:55.200   3509444.6739    779159.0765   5250953.5770   2  17   0.0670   0.0392   0.0384  -0.0081   0.0081   0.0398   0.20    1.0
2026/04/23 07:34:55.300   3509444.7555    779159.0684   5250953.5245   2  17   0.0669   0.0392   0.0384  -0.0081   0.0081   0.0398   0.30    1.0
2026/04/23 07:34:55.400   3509444.8383    779159.0612   5250953.4777   2  17   0.0669   0.0392   0.0384  -0.0081   0.0081   0.0398   0.40    1.2
2026/04/23 07:34:55.500   3509444.9121    779159.0563   5250953.4316   2  17   0.0669   0.0392   0.0384  -0.0081   0.0081   0.0398  -0.50    1.0
2026/04/23 07:34:55.600   3509444.9821    779159.0476   5250953.3856   2  17   0.0669   0.0392   0.0384  -0.0081   0.0081   0.0398  -0.40    1.0
2026/04/23 07:34:55.700   3509445.0499    779159.0343   5250953.3373   2  17   0.0669   0.0392   0.0384  -0.0081   0.0081   0.0398  -0.30    1.0
2026/04/23 07:34:55.800   3509445.1188    779159.0239   5250953.2930   2  17   0.0669   0.0392   0.0384  -0.0081   0.0081   0.0398  -0.20    1.2
2026/04/23 07:34:55.900   3509445.2001    779159.0169   5250953.2402   2  17   0.0669   0.0391   0.0384  -0.0081   0.0081   0.0398  -0.10    1.1
2026/04/23 07:34:56.000   3509445.2773    779159.0076   5250953.1897   2  17   0.0669   0.0391   0.0384  -0.0081   0.0081   0.0398   0.00    1.0
2026/04/23 07:34:56.100   3509445.3583    779158.9981   5250953.1447   2  17   0.0669   0.0391   0.0384  -0.0082   0.0081   0.0398   0.10    1.1
2026/04/23 07:34:56.200   3509445.4327    779158.9928   5250953.0909   2  17   0.0669   0.0391   0.0384  -0.0082   0.0081   0.0398   0.20    1.6
2026/04/23 07:34:56.300   3509445.5088    779158.9795   5250953.0448   2  17   0.0669   0.0391   0.0384  -0.0082   0.0081   0.0397   0.30    1.0
2026/04/23 07:34:56.400   3509445.5895    779158.9635   5250952.9968   2  17   0.0669   0.0391   0.0384  -0.0082   0.0081   0.0397   0.40    1.0
2026/04/23 07:34:56.500   3509445.6695    779158.9451   5250952.9437   2  17   0.0668   0.0391   0.0384  -0.0082   0.0081   0.0397  -0.50    1.0
2026/04/23 07:34:56.600   3509445.7443    779158.9167   5250952.9004   2  17   0.0668   0.0391   0.0383  -0.0082   0.0081   0.0397  -0.40    1.0
2026/04/23 07:34:56.700   3509445.8268    779158.8920   5250952.8571   2  17   0.0669   0.0391   0.0383  -0.0080   0.0082   0.0398  -0.30    1.0
2026/04/23 07:34:56.800   3509445.8981    779158.8609   5250952.8172   2  17   0.0669   0.0391   0.0384  -0.0078   0.0082   0.0398  -0.20    1.0
2026/04/23 07:34:56.900   3509445.9633    779158.8180   5250952.7804   2  17   0.0669   0.0391   0.0384  -0.0077   0.0082   0.0398  -0.10    1.0
2026/04/23 07:34:57.000   3509446.0289    779158.7673   5250952.7441   2  17   0.0670   0.0391   0.0384  -0.0077   0.0083   0.0398   0.00    1.0
2026/04/23 07:34:57.100   3509446.0935    779158.7097   5250952.7090   2  16   0.0670   0.0391   0.0385  -0.0078   0.0083   0.0398   0.10    1.0
2026/04/23 07:34:57.200   3509446.1443    779158.6459   5250952.6778   2  17   0.0670   0.0391   0.0384  -0.0078   0.0083   0.0398   0.20    1.0
2026/04/23 07:34:57.300   3509446.2048    779158.5815   5250952.6528   2  17   0.0670   0.0391   0.0384  -0.0078   0.0083   0.0398   0.30    1.0
2026/04/23 07:34:57.400   3509446.2585    779158.5134   5250952.6313   2  17   0.0669   0.0391   0.0384  -0.0079   0.0083   0.0398   0.40    1.0
2026/04/23 07:34:57.500   3509446.3111    779158.4475   5250952.6048   2  17   0.0669   0.0391   0.0384  -0.0079   0.0083   0.0399  -0.50    1.0
2026/04/23 07:34:57.600   3509446.3658    779158.3762   5250952.5827   2  17   0.0669   0.0390   0.0384  -0.0079   0.0083   0.0398  -0.40    1.1
2026/04/23 07:34:57.700   3509446.4175    779158.3006   5250952.5605   2  17   0.0669   0.0390   0.0384  -0.0080   0.0083   0.0398  -0.30    1.1
2026/04/23 07:34:57.800   3509446.4664    779158.2220   5250952.5410   2  17   0.0669   0.0390   0.0384  -0.0080   0.0082   0.0398  -0.20    1.0
2026/04/23 07:34:57.900   3509446.5040    779158.1432   5250952.5317   2  17   0.0669   0.0390   0.0384  -0.0080   0.0082   0.0398  -0.10    1.1
2026/04/23 07:34:58.000   3509446.5372    779158.0647   5250952.5226   2  17   0.0668   0.0390   0.0384  -0.0080   0.0082   0.0398   0.00    1.3
2026/04/23 07:34:58.100   3509446.5762    779157.9842   5250952.5139   2  17   0.0668   0.0390   0.0384  -0.0080   0.0082   0.0398   0.10    1.0
2026/04/23 07:34:58.200   3509446.6151    779157.9066   5250952.5030   2  17   0.0668   0.0390   0.0384  -0.0080   0.0082   0.0398   0.20    1.0
2026/04/23 07:34:58.300   3509446.6420    779157.8230   5250952.5026   2  17   0.0668   0.0390   0.0384  -0.0080   0.0082   0.0398   0.30    1.0
2026/04/23 07:34:58.400   3509446.6649    779157.7368   5250952.5006   2  17   0.0668   0.0390   0.0383  -0.0080   0.0082   0.0398   0.40    1.1
2026/04/23 07:34:58.500   3509446.6843    779157.6518   5250952.5012   2  17   0.0668   0.0390   0.0383  -0.0080   0.0082   0.0398  -0.50    1.1
2026/04/23 07:34:58.600   3509446.6982    779157.5633   5250952.5054   2  17   0.0668   0.0390   0.0383  -0.0081   0.0082   0.0398  -0.40    1.0
2026/04/23 07:34:58.700   3509446.7136    779157.4743   5250952.5093   2  17   0.0668   0.0390   0.0383  -0.0081   0.0082   0.0397  -0.30    1.1
2026/04/23 07:34:58.800   3509446.7176    779157.3811   5250952.5169   2  17   0.0668   0.0390   0.0383  -0.0081   0.0082   0.0397  -0.20    1.0
2026/04/23 07:34:58.900   3509446.7310    779157.2847   5250952.5260   2  17   0.0667   0.0390   0.0383  -0.0081   0.0082   0.0397  -0.10    1.0
2026/04/23 07:34:59.000   3509446.7338    779157.1933   5250952.5367   2  17   0.0667   0.0389   0.0383  -0.0081   0.0082   0.0397   0.00    1.1
2026/04/23 07:34:59.100   3509446.7336    779157.1016   5250952.5510   2  17   0.0667   0.0389   0.0383  -0.0081   0.0082   0.0397   0.10    1.0
2026/04/23 07:34:59.200   3509446.7255    779157.0007   5250952.5667   2  18   0.0667   0.0389   0.0383  -0.0081   0.0082   0.0397   0.20    1.0
2026/04/23 07:34:59.300   3509446.7144    779156.9083   5250952.5837   2  18   0.0667   0.0389   0.0383  -0.0081   0.0082   0.0397   0.30    1.0
2026/04/23 07:34:59.400   3509446.6971    779156.8232   5250952.6073   2  18   0.0667   0.0389   0.0383  -0.0081   0.0082   0.0397   0.40    1.0
2026/04/23 07:34:59.500   3509446.6841    779156.7385   5250952.6275   2  18   0.0667   0.0389   0.0383  -0.0081   0.0082   0.0397  -0.50    1.0
2026/04/23 07:34:59.600   3509446.6734    779156.6574   5250952.6451   2  18   0.0666   0.0389   0.0383  -0.0081   0.0081   0.0397  -0.40    1.0
2026/04/23 07:34:59.700   3509446.6609    779156.5731   5250952.6631   2  18   0.0666   0.0389   0.0382  -0.0080   0.0081   0.0397  -0.30    1.0
2026/04/23 07:34:59.800   3509446.6497    779156.4921   5250952.6795   2  18   0.0666   0.0389   0.0382  -0.0080   0.0081   0.0397  -0.20    1.1
2026/04/23 07:34:59.900   3509446.6435    779156.4153   5250952.6918   2  18   0.0665   0.0389   0.0382  -0.0080   0.0081   0.0397  -0.10    1.0
2026/04/23 07:35:00.000   3509446.6398    779156.3398   5250952.7047   2  18   0.0665   0.0389   0.0382  -0.0079   0.0081   0.0397   0.00    1.0
2026/04/23 07:35:00.100   3509446.6449    779156.2547   5250952.7173   2  18   0.0665   0.0389   0.0382  -0.0079   0.0081   0.0397   0.10    1.0
2026/04/23 07:35:00.200   3509446.6475    779156.1737   5250952.7316   2  18   0.0664   0.0389   0.0382  -0.0079   0.0081   0.0397   0.20    1.1
2026/04/23 07:35:00.300   3509446.6434    779156.0871   5250952.7634   2  18   0.0664   0.0388   0.0382  -0.0078   0.0081   0.0396   0.30    1.0
2026/04/23 07:35:00.400   3509446.6425    779155.9966   5250952.7850   2  18   0.0664   0.0388   0.0382  -0.0078   0.0081   0.0396   0.40    1.2
2026/04/23 07:35:00.500   3509446.6474    779155.9013   5250952.8055   2  18   0.0664   0.0388   0.0382  -0.0078   0.0081   0.0396  -0.50    1.1
2026/04/23 07:35:00.600   3509446.6501    779155.8033   5250952.8259   2  18   0.0664   0.0388   0.0382  -0.0078   0.0081   0.0396  -0.40    1.1
2026/04/23 07:35:00.700   3509446.6524    779155.6998   5250952.8402   2  17   0.0664   0.0388   0.0383  -0.0078   0.0081   0.0395  -0.30    1.0
2026/04/23 07:35:00.800   3509446.6491    779155.6031   5250952.8582   2  18   0.0663   0.0388   0.0382  -0.0078   0.0081   0.0396  -0.20    1.0
2026/04/23 07:35:00.900   3509446.6355    779155.5078   5250952.8867   2  18   0.0663   0.0388   0.0382  -0.0078   0.0081   0.0396  -0.10    1.0
2026/04/23 07:35:01.000   3509446.6245    779155.4154   5250952.9082   2  18   0.0663   0.0388   0.0382  -0.0078   0.0081   0.0395   0.00    1.0
2026/04/23 07:35:01.100   3509446.6154    779155.3196   5250952.9334   2  18   0.0663   0.0388   0.0383  -0.0078   0.0081   0.0395   0.10    1.1
2026/04/23 07:35:01.200   3509446.5967    779155.2305   5250952.9631   2  18   0.0663   0.0388   0.0383  -0.0078   0.0081   0.0394   0.20    1.1
2026/04/23 07:35:01.300   3509446.5858    779155.1435   5250952.9857   2  18   0.0663   0.0388   0.0383  -0.0078   0.0081   0.0394   0.30    1.1
2026/04/23 07:35:01.400   3509446.5729    779155.0637   5250953.0037   2  18   0.0663   0.0388   0.0383  -0.0078   0.0081   0.0394   0.40    1.1
2026/04/23 07:35:01.500   3509446.5771    779154.9778   5250953.0182   2  18   0.0662   0.0388   0.0383  -0.0078   0.0081   0.0394  -0.50    1.2
2026/04/23 07:35:01.600   3509446.5656    779154.8948   5250953.0433   2  18   0.0662   0.0388   0.0383  -0.0078   0.0081   0.0394  -0.40    1.2
2026/04/23 07:35:01.700   3509446.5406    779154.8155   5250953.0692   2  18   0.0662   0.0388   0.0382  -0.0078   0.0081   0.0394  -0.30    1.3
2026/04/23 07:35:01.800   3509446.5256    779154.7266   5250953.0858   2  18   0.0662   0.0388   0.0382  -0.0078   0.0081   0.0394  -0.20    1.0
2026/04/23 07:35:01.900   3509446.5135    779154.6375   5250953.1108   2  18   0.0662   0.0387   0.0383  -0.0078   0.0081   0.0394  -0.10    1.1
2026/04/23 07:35:02.000   3509446.5046    779154.5468   5250953.1292   2  18   0.0662   0.0387   0.0383  -0.0078   0.0081   0.0394   0.00    1.1
2026/04/23 07:35:02.100   3509446.4948    779154.4556   5250953.1513   2  18   0.0662   0.0387   0.0383  -0.0078   0.0081   0.0394   0.10    1.1
2026/04/23 07:35:02.200   3509446.4817    779154.3648   5250953.1766   2  18   0.0662   0.0387   0.0382  -0.0078   0.0081   0.0394   0.20    1.1
2026/04/23 07:35:02.300   3509446.4744    779154.2780   5250953.1976   2  18   0.0661   0.0387   0.0382  -0.0078   0.0081   0.0394   0.30    1.3
2026/04/23 07:35:02.400   3509446.4712    779154.1905   5250953.2136   2  16   0.0662   0.0387   0.0384  -0.0077   0.0082   0.0393   0.40    1.1
2026/04/23 07:35:02.500   3509446.4710    779154.0957   5250953.2288   2  18   0.0661   0.0387   0.0383  -0.0077   0.0082   0.0393  -0.50    1.2
2026/04/23 07:35:02.600   3509446.4717    779154.0060   5250953.2465   2  18   0.0661   0.0387   0.0382  -0.0078   0.0082   0.0394  -0.40    1.1
2026/04/23 07:35:02.700   3509446.4613    779153.9180   5250953.2693   2  18   0.0661   0.0387   0.0382  -0.0078   0.0081   0.0394  -0.30    1.2
2026/04/23 07:35:02.800   3509446.4552    779153.8303   5250953.2901   2  18   0.0661   0.0387   0.0382  -0.0078   0.0081   0.0394  -0.20    1.2
2026/04/23 07:35:02.900   3509446.4502    779153.7443   5250953.3124   2  18   0.0661   0.0387   0.0381  -0.0078   0.0081   0.0394  -0.10    1.2
2026/04/23 07:35:03.000   3509446.4472    779153.6565   5250953.3333   2  18   0.0660   0.0387   0.0381  -0.0078   0.0081   0.0394   0.00    1.3
2026/04/23 07:35:03.100   3509446.4509    779153.5623   5250953.3424   2  18   0.0660   0.0387   0.0381  -0.0078   0.0081   0.0394   0.10    1.3
2026/04/23 07:35:03.200   3509446.4531    779153.4706   5250953.3619   2  18   0.0660   0.0387   0.0381  -0.0078   0.0081   0.0394   0.20    1.2
2026/04/23 07:35:03.300   3509446.4490    779153.3787   5250953.3836   2  18   0.0660   0.0387   0.0381  -0.0078   0.0081   0.0394   0.30    1.4
2026/04/23 07:35:03.400   3509446.4364    779153.2914   5250953.4114   2  18   0.0660   0.0387   0.0381  -0.0078   0.0081   0.0394   0.40    1.4
2026/04/23 07:35:03.500   3509446.4210    779153.2079   5250953.4387   2  18   0.0660   0.0386   0.0380  -0.0078   0.0081   0.0394  -0.50    1.2
2026/04/23 07:35:03.600   3509446.4075    779153.1194   5250953.4654   2  18   0.0660   0.0386   0.0380  -0.0077   0.0081   0.0394  -0.40    1.4
2026/04/23 07:35:03.700   3509446.3947    779153.0246   5250953.4879   2  18   0.0660   0.0386   0.0380  -0.0077   0.0081   0.0394  -0.30    1.4
2026/04/23 07:35:03.800   3509446.3880    779152.9267   5250953.5104   2  18   0.0660   0.0386   0.0380  -0.0077   0.0081   0.0394  -0.20    1.4
2026/04/23 07:35:03.900   3509446.3797    779152.8305   5250953.5339   2  18   0.0660   0.0386   0.0380  -0.0077   0.0081   0.0393  -0.10    1.3
2026/04/23 07:35:04.000   3509446.3681    779152.7400   5250953.5550   2  18   0.0660   0.0386   0.0380  -0.0077   0.0081   0.0393   0.00    1.2
2026/04/23 07:35:04.100   3509446.3521    779152.6537   5250953.5828   2  18   0.0659   0.0386   0.0380  -0.0077   0.0081   0.0393   0.10    1.2
2026/04/23 07:35:04.200   3509446.3414    779152.5684   5250953.6064   2  18   0.0659   0.0386   0.0380  -0.0077   0.0081   0.0393   0.20    1.2
2026/04/23 07:35:04.300   3509446.3249    779152.4819   5250953.6270   2  18   0.0659   0.0386   0.0380  -0.0077   0.0081   0.0393   0.30    1.4
2026/04/23 07:35:04.400   3509446.3121    779152.3939   5250953.6473   2  18   0.0659   0.0386   0.0380  -0.0077   0.0081   0.0393   0.40    1.2
2026/04/23 07:35:04.500   3509446.3011    779152.3098   5250953.6635   2  18   0.0659   0.0386   0.0380  -0.0077   0.0081   0.0393  -0.50    1.1
2026/04/23 07:35:04.600   3509446.2922    779152.2220   5250953.6784   2  18   0.0659   0.0386   0.0380  -0.0077   0.0081   0.0393  -0.40    1.4
2026/04/23 07:35:04.700   3509446.2832    779152.1313   5250953.6922   2  18   0.0659   0.0386   0.0380  -0.0077   0.0081   0.0393  -0.30    1.2
2026/04/23 07:35:04.800   3509446.2719    779152.0334   5250953.7162   2  18   0.0659   0.0386   0.0379  -0.0077   0.0081   0.0393  -0.20    1.2
2026/04/23 07:35:04.900   3509446.2645    779151.9399   5250953.7315   2  18   0.0659   0.0386   0.0379  -0.0077   0.0081   0.0393  -0.10    1.2
2026/04/23 07:35:05.000   3509446.2590    779151.8429   5250953.7515   2  18   0.0659   0.0386   0.0379  -0.0077   0.0081   0.0393   0.00    1.2
2026/04/23 07:35:05.100   3509446.2498    779151.7521   5250953.7714   2  18   0.0658   0.0385   0.0379  -0.0077   0.0081   0.0393   0.10    1.2
2026/04/23 07:35:05.200   3509446.2384    779151.6610   5250953.7966   2  18   0.0658   0.0385   0.0379  -0.0077   0.0081   0.0393   0.20    1.4
2026/04/23 07:35:05.300   3509446.2287    779151.5679   5250953.8229   2  18   0.0658   0.0385   0.0379  -0.0077   0.0081   0.0393   0.30    1.4
2026/04/23 07:35:05.400   3509446.2149    779151.4817   5250953.8486   2  18   0.0658   0.0385   0.0379  -0.0077   0.0081   0.0393   0.40    1.2
2026/04/23 07:35:05.500   3509446.2030    779151.3944   5250953.8754   2  18   0.0658   0.0385   0.0379  -0.0077   0.0081   0.0393  -0.50    1.5
2026/04/23 07:35:05.600   3509446.1988    779151.3022   5250953.8984   2  18   0.0658   0.0385   0.0379  -0.0077   0.0081   0.0393  -0.40    1.3
2026/04/23 07:35:05.700   3509446.1903    779151.2165   5250953.9214   2  18   0.0658   0.0385   0.0379  -0.0077   0.0081   0.0393  -0.30    1.3
2026/04/23 07:35:05.800   3509446.1803    779151.1270   5250953.9478   2  18   0.0658   0.0385   0.0379  -0.0077   0.0081   0.0393  -0.20    1.2
2026/04/23 07:35:05.900   3509446.1745    779151.0392   5250953.9732   2  18   0.0658   0.0385   0.0379  -0.0077   0.0081   0.0393  -0.10    1.1
2026/04/23 07:35:06.000   3509446.1719    779150.9492   5250953.9932   2  18   0.0658   0.0385   0.0379  -0.0077   0.0081   0.0392   0.00    1.2
2026/04/23 07:35:06.100   3509446.1720    779150.8533   5250954.0093   2  18   0.0658   0.0385   0.0379  -0.0079   0.0081   0.0392   0.10    1.0
2026/04/23 07:35:06.200   3509446.1731    779150.7628   5250954.0272   2  18   0.0659   0.0385   0.0379  -0.0080   0.0081   0.0392   0.20    1.0
2026/04/23 07:35:06.300   3509446.1710    779150.6725   5250954.0473   2  18   0.0659   0.0385   0.0379  -0.0080   0.0081   0.0392   0.30    1.0
2026/04/23 07:35:06.400   3509446.1729    779150.5841   5250954.0661   2  18   0.0659   0.0385   0.0379  -0.0080   0.0081   0.0392   0.40    1.0
2026/04/23 07:35:06.500   3509446.1726    779150.4941   5250954.0840   2  18   0.0659   0.0385   0.0379  -0.0080   0.0081   0.0393  -0.50    1.1
2026/04/23 07:35:06.600   3509446.1707    779150.4028   5250954.1058   2  18   0.0659   0.0385   0.0379  -0.0080   0.0081   0.0393  -0.40    1.1
2026/04/23 07:35:06.700   3509446.1624    779150.3083   5250954.1282   2  18   0.0659   0.0385   0.0379  -0.0079   0.0081   0.0393  -0.30    1.1
2026/04/23 07:35:06.800   3509446.1498    779150.2156   5250954.1533   2  18   0.0659   0.0384   0.0379  -0.0079   0.0081   0.0393  -0.20    1.1
2026/04/23 07:35:06.900   3509446.1383    779150.1238   5250954.1796   2  18   0.0658   0.0384   0.0379  -0.0078   0.0081   0.0393  -0.10    1.1
2026/04/23 07:35:07.000   3509446.1342    779150.0264   5250954.2016   2  18   0.0658   0.0384   0.0379  -0.0078   0.0081   0.0393   0.00    1.1
2026/04/23 07:35:07.100   3509446.1258    779149.9285   5250954.2232   2  17   0.0658   0.0384   0.0379  -0.0078   0.0081   0.0392   0.10    1.1
2026/04/23 07:35:07.200   3509446.1149    779149.8335   5250954.2486   2  18   0.0658   0.0384   0.0379  -0.0078   0.0081   0.0392   0.20    1.1
2026/04/23 07:35:07.300   3509446.1014    779149.7424   5250954.2725   2  18   0.0657   0.0384   0.0379  -0.0078   0.0081   0.0392   0.30    1.1
2026/04/23 07:35:07.400   3509446.0970    779149.6575   5250954.2961   2  18   0.0657   0.0384   0.0379  -0.0077   0.0081   0.0392   0.40    1.2
2026/04/23 07:35:07.500   3509446.0948    779149.5770   5250954.3131   2  18   0.0657   0.0384   0.0379  -0.0077   0.0081   0.0392  -0.50    1.1
2026/04/23 07:35:07.600   3509446.0888    779149.4895   5250954.3355   2  18   0.0657   0.0384   0.0378  -0.0077   0.0081   0.0392  -0.40    1.2
2026/04/23 07:35:07.700   3509446.0859    779149.4015   5250954.3512   2  18   0.0657   0.0384   0.0379  -0.0077   0.0081   0.0392  -0.30    1.0
2026/04/23 07:35:07.800   3509446.0830    779149.3126   5250954.3661   2  18   0.0657   0.0384   0.0380  -0.0077   0.0081   0.0391  -0.20    1.0
2026/04/23 07:35:07.900   3509446.0847    779149.2244   5250954.3795   2  18   0.0657   0.0384   0.0380  -0.0077   0.0081   0.0391  -0.10    1.1
2026/04/23 07:35:08.000   3509446.0869    779149.1334   5250954.3920   2  18   0.0657   0.0384   0.0380  -0.0077   0.0081   0.0391   0.00    1.1
2026/04/23 07:35:08.100   3509446.0888    779149.0426   5250954.4057   2  18   0.0657   0.0384   0.0380  -0.0077   0.0082   0.0391   0.10    1.0
2026/04/23 07:35:08.200   3509446.0930    779148.9493   5250954.4252   2  18   0.0656   0.0384   0.0380  -0.0077   0.0082   0.0391   0.20    1.0
2026/04/23 07:35:08.300   3509446.0930    779148.8548   5250954.4435   2  18   0.0656   0.0383   0.0380  -0.0077   0.0082   0.0391   0.30    1.0
2026/04/23 07:35:08.400   3509446.0951    779148.7630   5250954.4641   2  18   0.0656   0.0383   0.0379  -0.0077   0.0082   0.0391   0.40    1.3
2026/04/23 07:35:08.500   3509446.0975    779148.6688   5250954.4788   2  18   0.0656   0.0383   0.0379  -0.0077   0.0082   0.0391  -0.50    1.0
2026/04/23 07:35:08.600   3509446.0935    779148.5662   5250954.4965   2  18   0.0656   0.0383   0.0379  -0.0077   0.0082   0.0391  -0.40    1.1
2026/04/23 07:35:08.700   3509446.0884    779148.4507   5250954.5190   2  18   0.0656   0.0383   0.0379  -0.0077   0.0082   0.0391  -0.30    1.1
2026/04/23 07:35:08.800   3509446.0770    779148.3288   5250954.5465   2  18   0.0655   0.0383   0.0379  -0.0077   0.0082   0.0391  -0.20    1.1
2026/04/23 07:35:08.900   3509446.0655    779148.2107   5250954.5685   2  18   0.0655   0.0383   0.0379  -0.0077   0.0081   0.0391  -0.10    1.0
2026/04/23 07:35:09.000   3509446.0637    779148.0902   5250954.5914   2  17   0.0656   0.0383   0.0379  -0.0077   0.0082   0.0391   0.00    1.0
2026/04/23 07:35:09.100   3509446.0556    779147.9731   5250954.6164   2  18   0.0657   0.0383   0.0379  -0.0079   0.0082   0.0390   0.10    1.0
2026/04/23 07:35:09.200   3509446.0450    779147.8602   5250954.6395   2  18   0.0657   0.0383   0.0379  -0.0080   0.0082   0.0390   0.20    1.0
2026/04/23 07:35:09.300   3509446.0363    779147.7417   5250954.6639   2  18   0.0658   0.0383   0.0379  -0.0081   0.0082   0.0390   0.30    1.0
2026/04/23 07:35:09.400   3509446.0254    779147.6284   5250954.6858   2  17   0.0658   0.0383   0.0379  -0.0081   0.0082   0.0390   0.40    1.0
2026/04/23 07:35:09.500   3509446.0144    779147.5174   5250954.7107   2  18   0.0658   0.0383   0.0379  -0.0080   0.0082   0.0390  -0.50    1.0
2026/04/23 07:35:09.600   3509446.0013    779147.4074   5250954.7319   2  18   0.0657   0.0383   0.0379  -0.0080   0.0082   0.0390  -0.40    1.0
2026/04/23 07:35:09.700   3509445.9790    779147.3025   5250954.7582   2  18   0.0657   0.0383   0.0379  -0.0080   0.0082   0.0390  -0.30    1.0
2026/04/23 07:35:09.800   3509445.9699    779147.2018   5250954.7839   2  18   0.0656   0.0383   0.0379  -0.0079   0.0082   0.0391  -0.20    1.1
2026/04/23 07:35:09.900   3509445.9595    779147.0944   5250954.8039   2  18   0.0656   0.0383   0.0379  -0.0079   0.0082   0.0391  -0.10    1.0
2026/04/23 07:35:10.000   3509445.9477    779146.9792   5250954.8300   2  18   0.0656   0.0382   0.0379  -0.0078   0.0082   0.0391   0.00    1.0
2026/04/23 07:35:10.100   3509445.9350    779146.8609   5250954.8614   2  18   0.0655   0.0382   0.0378  -0.0078   0.0082   0.0391   0.10    1.0
2026/04/23 07:35:10.200   3509445.9329    779146.7407   5250954.8885   2  18   0.0655   0.0382   0.0378  -0.0077   0.0081   0.0391   0.20    1.0
2026/04/23 07:35:10.300   3509445.9276    779146.6218   5250954.9055   2  18   0.0655   0.0382   0.0378  -0.0078   0.0082   0.0391   0.30    1.0
2026/04/23 07:35:10.400   3509445.9276    779146.5032   5250954.9216   2  18   0.0656   0.0383   0.0378  -0.0078   0.0083   0.0391   0.40    1.0
2026/04/23 07:35:10.500   3509445.9264    779146.3850   5250954.9447   2  18   0.0656   0.0383   0.0378  -0.0077   0.0083   0.0391  -0.50    1.0
2026/04/23 07:35:10.600   3509445.9261    779146.2669   5250954.9665   2  18   0.0656   0.0383   0.0378  -0.0077   0.0084   0.0391  -0.40    1.0
2026/04/23 07:35:10.700   3509445.9289    779146.1598   5250954.9827   2  18   0.0656   0.0383   0.0378  -0.0076   0.0084   0.0391  -0.30    1.0
2026/04/23 07:35:10.800   3509445.9269    779146.0472   5250955.0054   2  18   0.0656   0.0382   0.0378  -0.0076   0.0084   0.0391  -0.20    1.0
2026/04/23 07:35:10.900   3509445.9253    779145.9357   5250955.0247   2  18   0.0656   0.0382   0.0378  -0.0076   0.0084   0.0392  -0.10    1.1
2026/04/23 07:35:11.000   3509445.9291    779145.8184   5250955.0497   2  18   0.0655   0.0382   0.0378  -0.0075   0.0083   0.0392   0.00    1.0
2026/04/23 07:35:11.100   3509445.9367    779145.6980   5250955.0670   2  18   0.0655   0.0382   0.0378  -0.0075   0.0083   0.0392   0.10    1.0
2026/04/23 07:35:11.200   3509445.9388    779145.5863   5250955.0856   2  18   0.0655   0.0382   0.0378  -0.0075   0.0083   0.0392   0.20    1.1
2026/04/23 07:35:11.300   3509445.9312    779145.4735   5250955.1072   2  18   0.0655   0.0382   0.0378  -0.0075   0.0083   0.0392   0.30    1.1
2026/04/23 07:35:11.400   3509445.9234    779145.3592   5250955.1300   2  17   0.0654   0.0382   0.0378  -0.0075   0.0083   0.0392   0.40    1.1
2026/04/23 07:35:11.500   3509445.9199    779145.2406   5250955.1522   2  18   0.0654   0.0382   0.0378  -0.0075   0.0083   0.0391  -0.50    1.0
2026/04/23 07:35:11.600   3509445.9103    779145.1240   5250955.1754   2  18   0.0654   0.0382   0.0378  -0.0074   0.0083   0.0391  -0.40    1.0
2026/04/23 07:35:11.700   3509445.9036    779145.0082   5250955.1996   2  18   0.0655   0.0382   0.0378  -0.0075   0.0084   0.0391  -0.30    1.0
2026/04/23 07:35:11.800   3509445.8914    779144.8876   5250955.2263   2  18   0.0655   0.0382   0.0378  -0.0076   0.0084   0.0391  -0.20    1.0
2026/04/23 07:35:11.900   3509445.8747    779144.7719   5250955.2503   2  18   0.0655   0.0382   0.0378  -0.0076   0.0084   0.0391  -0.10    1.0
2026/04/23 07:35:12.000   3509445.8616    779144.6499   5250955.2816   2  18   0.0655   0.0382   0.0378  -0.0076   0.0084   0.0391   0.00    1.0
2026/04/23 07:35:12.100   3509445.8586    779144.5344   5250955.3083   2  19   0.0655   0.0382   0.0378  -0.0077   0.0084   0.0390   0.10    1.0
2026/04/23 07:35:12.200   3509445.8410    779144.4256   5250955.3312   2  19   0.0655   0.0382   0.0379  -0.0077   0.0084   0.0390   0.20    1.1
2026/04/23 07:35:12.300   3509445.8338    779144.3123   5250955.3494   2  19   0.0655   0.0381   0.0379  -0.0076   0.0084   0.0390   0.30    1.0
2026/04/23 07:35:12.400   3509445.8224    779144.1971   5250955.3766   2  19   0.0655   0.0381   0.0379  -0.0076   0.0084   0.0390   0.40    1.0
2026/04/23 07:35:12.500   3509445.8112    779144.0871   5250955.4013   2  19   0.0654   0.0381   0.0379  -0.0076   0.0084   0.0390  -0.50    1.0
2026/04/23 07:35:12.600   3509445.7982    779143.9786   5250955.4246   2  19   0.0654   0.0381   0.0379  -0.0076   0.0084   0.0390  -0.40    1.0
2026/04/23 07:35:12.700   3509445.7848    779143.8649   5250955.4520   2  19   0.0654   0.0381   0.0379  -0.0075   0.0084   0.0391  -0.30    1.0
2026/04/23 07:35:12.800   3509445.7690    779143.7549   5250955.4793   2  18   0.0654   0.0382   0.0379  -0.0072   0.0086   0.0391  -0.20    1.1
2026/04/23 07:35:12.900   3509445.7600    779143.6461   5250955.5015   2  19   0.0653   0.0381   0.0378  -0.0073   0.0086   0.0391  -0.10    1.0
2026/04/23 07:35:13.000   3509445.7524    779143.5409   5250955.5271   2  18   0.0653   0.0381   0.0378  -0.0073   0.0085   0.0391   0.00    1.0
2026/04/23 07:35:13.100   3509445.7342    779143.4391   5250955.5541   2  19   0.0653   0.0381   0.0378  -0.0074   0.0085   0.0391   0.10    1.0
2026/04/23 07:35:13.200   3509445.7246    779143.3275   5250955.5793   2  19   0.0652   0.0381   0.0378  -0.0074   0.0085   0.0391   0.20    1.0
2026/04/23 07:35:13.300   3509445.7160    779143.2183   5250955.6022   2  18   0.0652   0.0381   0.0378  -0.0074   0.0085   0.0391   0.30    1.1
2026/04/23 07:35:13.400   3509445.7021    779143.1066   5250955.6247   2  18   0.0652   0.0381   0.0377  -0.0074   0.0085   0.0391   0.40    1.1
2026/04/23 07:35:13.500   3509445.6941    779142.9874   5250955.6547   2  18   0.0652   0.0381   0.0377  -0.0074   0.0085   0.0391  -0.50    1.1
2026/04/23 07:35:13.600   3509445.6772    779142.8731   5250955.6837   2  19   0.0652   0.0381   0.0377  -0.0074   0.0085   0.0391  -0.40    1.0
2026/04/23 07:35:13.700   3509445.6700    779142.7563   5250955.7202   2  19   0.0652   0.0381   0.0377  -0.0075   0.0085   0.0391  -0.30    1.0
2026/04/23 07:35:13.800   3509445.6609    779142.6375   5250955.7456   2  19   0.0652   0.0381   0.0377  -0.0072   0.0085   0.0391  -0.20    1.0
2026/04/23 07:35:13.900   3509445.6519    779142.5175   5250955.7695   2  19   0.0652   0.0381   0.0377  -0.0071   0.0086   0.0391  -0.10    1.0
2026/04/23 07:35:14.000   3509445.6410    779142.3973   5250955.8003   2  18   0.0652   0.0381   0.0377  -0.0069   0.0087   0.0391   0.00    1.1
2026/04/23 07:35:14.100   3509445.6252    779142.2891   5250955.8366   2  19   0.0652   0.0381   0.0377  -0.0068   0.0088   0.0392   0.10    1.0
2026/04/23 07:35:14.200   3509445.6180    779142.1796   5250955.8595   2  18   0.0652   0.0381   0.0377  -0.0067   0.0088   0.0392   0.20    1.1
2026/04/23 07:35:14.300   3509445.6028    779142.0739   5250955.8861   2  18   0.0652   0.0381   0.0377  -0.0067   0.0088   0.0392   0.30    1.0
2026/04/23 07:35:14.400   3509445.5901    779141.9569   5250955.9199   2  18   0.0652   0.0381   0.0378  -0.0068   0.0089   0.0392   0.40    1.0
2026/04/23 07:35:14.500   3509445.5766    779141.8435   5250955.9522   2  18   0.0653   0.0381   0.0379  -0.0068   0.0089   0.0392  -0.50    1.0
2026/04/23 07:35:14.600   3509445.5602    779141.7379   5250955.9807   2  17   0.0653   0.0381   0.0379  -0.0066   0.0090   0.0392  -0.40    1.1
2026/04/23 07:35:14.700   3509445.5551    779141.6288   5250956.0108   2  18   0.0653   0.0381   0.0379  -0.0067   0.0090   0.0392  -0.30    1.0
2026/04/23 07:35:14.800   3509445.5343    779141.5174   5250956.0406   2  18   0.0652   0.0381   0.0379  -0.0068   0.0090   0.0392  -0.20    1.1
2026/04/23 07:35:14.900   3509445.5120    779141.4017   5250956.0680   2  18   0.0652   0.0380   0.0381  -0.0068   0.0090   0.0391  -0.10    1.0
2026/04/23 07:35:15.000   3509445.4967    779141.2883   5250956.0957   2  18   0.0652   0.0380   0.0381  -0.0069   0.0090   0.0391   0.00    1.0
2026/04/23 07:35:15.100   3509445.4864    779141.1735   5250956.1204   2  18   0.0652   0.0380   0.0382  -0.0069   0.0090   0.0391   0.10    1.1
2026/04/23 07:35:15.200   3509445.4715    779141.0613   5250956.1472   2  18   0.0652   0.0381   0.0382  -0.0067   0.0091   0.0391   0.20    1.0
2026/04/23 07:35:15.300   3509445.4483    779140.9501   5250956.1783   2  18   0.0652   0.0381   0.0382  -0.0066   0.0091   0.0391   0.30    1.0
2026/04/23 07:35:15.400   3509445.4327    779140.8353   5250956.2034   2  16   0.0652   0.0381   0.0382  -0.0065   0.0092   0.0391   0.40    1.0
2026/04/23 07:35:15.500   3509445.4206    779140.7210   5250956.2308   2  18   0.0652   0.0381   0.0382  -0.0065   0.0092   0.0391  -0.50    1.0
2026/04/23 07:35:15.600   3509445.4018    779140.6095   5250956.2621   2  18   0.0652   0.0381   0.0382  -0.0064   0.0092   0.0391  -0.40    1.0
2026/04/23 07:35:15.700   3509445.3915    779140.5047   5250956.2861   2  18   0.0652   0.0381   0.0382  -0.0064   0.0093   0.0391  -0.30    1.0
2026/04/23 07:35:15.800   3509445.3750    779140.4009   5250956.3125   2  18   0.0652   0.0380   0.0382  -0.0065   0.0093   0.0392  -0.20    1.0
2026/04/23 07:35:15.900   3509445.3598    779140.2913   5250956.3318   2  18   0.0652   0.0380   0.0382  -0.0065   0.0093   0.0392  -0.10    1.0
2026/04/23 07:35:16.000   3509445.3414    779140.1752   5250956.3644   2  18   0.0651   0.0380   0.0381  -0.0065   0.0092   0.0392   0.00    1.0
2026/04/23 07:35:16.100   3509445.3339    779140.0564   5250956.3891   2  17   0.0651   0.0380   0.0381  -0.0065   0.0092   0.0392   0.10    1.2
2026/04/23 07:35:16.200   3509445.3297    779139.9442   5250956.4028   2  17   0.0652   0.0380   0.0381  -0.0066   0.0092   0.0392   0.20    1.0
2026/04/23 07:35:16.300   3509445.3303    779139.8304   5250956.4157   2  18   0.0653   0.0380   0.0381  -0.0066   0.0092   0.0393   0.30    1.0
2026/04/23 07:35:16.400   3509445.3238    779139.7258   5250956.4330   2  18   0.0654   0.0380   0.0380  -0.0066   0.0091   0.0393   0.40    1.0
2026/04/23 07:35:16.500   3509445.3150    779139.6259   5250956.4565   2  18   0.0654   0.0380   0.0380  -0.0066   0.0091   0.0393  -0.50    1.0
2026/04/23 07:35:16.600   3509445.3071    779139.5211   5250956.4775   2  18   0.0654   0.0380   0.0380  -0.0066   0.0091   0.0393  -0.40    1.0
2026/04/23 07:35:16.700   3509445.2968    779139.4109   5250956.4974   2  17   0.0654   0.0380   0.0380  -0.0065   0.0091   0.0394  -0.30    1.0
2026/04/23 07:35:16.800   3509445.2837    779139.2985   5250956.5252   2  18   0.0653   0.0380   0.0380  -0.0065   0.0091   0.0394  -0.20    1.0
2026/04/23 07:35:16.900   3509445.2840    779139.1744   5250956.5506   2  17   0.0653   0.0380   0.0380  -0.0064   0.0091   0.0394  -0.10    1.1
2026/04/23 07:35:17.000   3509445.2775    779139.0525   5250956.5746   2  17   0.0653   0.0380   0.0380  -0.0063   0.0091   0.0394   0.00    1.1
2026/04/23 07:35:17.100   3509445.2739    779138.9366   5250956.5989   2  17   0.0654   0.0380   0.0380  -0.0063   0.0091   0.0394   0.10    1.0
2026/04/23 07:35:17.200   3509445.2677    779138.8271   5250956.6177   2  17   0.0654   0.0380   0.0379  -0.0063   0.0091   0.0394   0.20    1.0
2026/04/23 07:35:17.300   3509445.2642    779138.7186   5250956.6366   2  17   0.0654   0.0380   0.0379  -0.0063   0.0092   0.0394   0.30    1.0
2026/04/23 07:35:17.400   3509445.2609    779138.6098   5250956.6538   2  17   0.0654   0.0380   0.0379  -0.0063   0.0092   0.0394   0.40    1.1
2026/04/23 07:35:17.500   3509445.2633    779138.5005   5250956.6707   2  17   0.0654   0.0380   0.0379  -0.0062   0.0092   0.0394  -0.50    1.0
2026/04/23 07:35:17.600   3509445.2575    779138.3964   5250956.6941   2  17   0.0654   0.0380   0.0379  -0.0062   0.0092   0.0394  -0.40    1.1
2026/04/23 07:35:17.700   3509445.2558    779138.2959   5250956.7077   2  17   0.0654   0.0380   0.0379  -0.0062   0.0092   0.0394  -0.30    1.0
2026/04/23 07:35:17.800   3509445.2518    779138.1945   5250956.7210   2  16   0.0654   0.0379   0.0379  -0.0062   0.0092   0.0394  -0.20    1.0
2026/04/23 07:35:17.900   3509445.2408    779138.0949   5250956.7426   2  17   0.0654   0.0379   0.0380  -0.0063   0.0092   0.0394  -0.10    1.0
2026/04/23 07:35:18.000   3509445.2298    779137.9944   5250956.7629   2  17   0.0654   0.0379   0.0380  -0.0063   0.0092   0.0393   0.00    1.0
2026/04/23 07:35:18.100   3509445.2160    779137.8924   5250956.7857   2  17   0.0654   0.0379   0.0380  -0.0063   0.0093   0.0393   0.10    1.0
2026/04/23 07:35:18.200   3509445.2137    779137.7911   5250956.8068   2  17   0.0654   0.0379   0.0380  -0.0063   0.0093   0.0393   0.20    1.0
2026/04/23 07:35:18.300   3509445.2119    779137.6874   5250956.8231   2  17   0.0654   0.0379   0.0380  -0.0062   0.0093   0.0393   0.30    1.0
2026/04/23 07:35:18.400   3509445.2084    779137.5818   5250956.8457   2  17   0.0654   0.0379   0.0380  -0.0062   0.0093   0.0393   0.40    1.0
2026/04/23 07:35:18.500   3509445.1993    779137.4722   5250956.8687   2  17   0.0654   0.0379   0.0381  -0.0061   0.0093   0.0393  -0.50    1.0
2026/04/23 07:35:18.600   3509445.2004    779137.3595   5250956.8862   2  16   0.0654   0.0379   0.0381  -0.0060   0.0093   0.0393  -0.40    1.0
2026/04/23 07:35:18.700   3509445.1972    779137.2480   5250956.9024   2  17   0.0653   0.0379   0.0381  -0.0060   0.0093   0.0393  -0.30    1.1
2026/04/23 07:35:18.800   3509445.1927    779137.1391   5250956.9254   2  17   0.0653   0.0379   0.0380  -0.0059   0.0093   0.0393  -0.20    1.0
2026/04/23 07:35:18.900   3509445.1882    779137.0339   5250956.9499   2  17   0.0653   0.0379   0.0380  -0.0059   0.0093   0.0393  -0.10    1.1
2026/04/23 07:35:19.000   3509445.1813    779136.9397   5250956.9703   2  17   0.0652   0.0379   0.0380  -0.0058   0.0093   0.0393   0.00    1.1
2026/04/23 07:35:19.100   3509445.1846    779136.8544   5250956.9842   2  17   0.0652   0.0379   0.0380  -0.0058   0.0093   0.0393   0.10    1.0
2026/04/23 07:35:19.200   3509445.1926    779136.7787   5250956.9956   2  17   0.0652   0.0379   0.0380  -0.0058   0.0093   0.0393   0.20    1.0
2026/04/23 07:35:19.300   3509445.1895    779136.7098   5250957.0098   2  17   0.0652   0.0378   0.0380  -0.0058   0.0093   0.0393   0.30    1.1
2026/04/23 07:35:19.400   3509445.1836    779136.6403   5250957.0276   2  17   0.0651   0.0378   0.0379  -0.0057   0.0093   0.0393   0.40    1.3
2026/04/23 07:35:19.500   3509445.1727    779136.5600   5250957.0460   2  17   0.0651   0.0378   0.0379  -0.0057   0.0093   0.0393  -0.50    1.1
2026/04/23 07:35:19.600   3509445.1664    779136.4720   5250957.0678   2  17   0.0651   0.0378   0.0379  -0.0057   0.0093   0.0393  -0.40    1.0
2026/04/23 07:35:19.700   3509445.1746    779136.3824   5250957.0808   2  17   0.0651   0.0378   0.0379  -0.0058   0.0093   0.0393  -0.30    1.3
2026/04/23 07:35:19.800   3509445.1692    779136.2964   5250957.0938   2  17   0.0651   0.0378   0.0378  -0.0058   0.0093   0.0393  -0.20    1.1
2026/04/23 07:35:19.900   3509445.1709    779136.2089   5250957.1087   2  16   0.0650   0.0378   0.0379  -0.0058   0.0093   0.0392  -0.10    1.0
2026/04/23 07:35:20.000   3509445.1686    779136.1236   5250957.1270   2  17   0.0650   0.0378   0.0378  -0.0058   0.0093   0.0392   0.00    1.1
2026/04/23 07:35:20.100   3509445.1642    779136.0372   5250957.1402   2  17   0.0650   0.0378   0.0378  -0.0059   0.0092   0.0392   0.10    1.1
2026/04/23 07:35:20.200   3509445.1636    779135.9469   5250957.1561   2  17   0.0650   0.0378   0.0378  -0.0059   0.0092   0.0392   0.20    1.1
2026/04/23 07:35:20.300   3509445.1709    779135.8676   5250957.1628   2  17   0.0650   0.0378   0.0377  -0.0059   0.0092   0.0392   0.30    1.1
2026/04/23 07:35:20.400   3509445.1744    779135.7916   5250957.1687   2  17   0.0649   0.0378   0.0377  -0.0059   0.0092   0.0392   0.40    1.0
2026/04/23 07:35:20.500   3509445.1774    779135.7177   5250957.1743   2  17   0.0649   0.0378   0.0377  -0.0059   0.0092   0.0392  -0.50    1.1
2026/04/23 07:35:20.600   3509445.1885    779135.6336   5250957.1821   2  17   0.0649   0.0378   0.0377  -0.0059   0.0092   0.0391  -0.40    1.1
2026/04/23 07:35:20.700   3509445.1959    779135.5483   5250957.1880   2  16   0.0649   0.0378   0.0377  -0.0059   0.0092   0.0391  -0.30    1.0
2026/04/23 07:35:20.800   3509445.1946    779135.4558   5250957.2058   2  17   0.0649   0.0378   0.0377  -0.0059   0.0092   0.0391  -0.20    1.1
2026/04/23 07:35:20.900   3509445.1983    779135.3643   5250957.2216   2  17   0.0649   0.0377   0.0377  -0.0058   0.0092   0.0391  -0.10    1.1
2026/04/23 07:35:21.000   3509445.2073    779135.2851   5250957.2318   2  17   0.0649   0.0377   0.0376  -0.0058   0.0092   0.0391   0.00    1.0
2026/04/23 07:35:21.100   3509445.2159    779135.1998   5250957.2400   2  17   0.0649   0.0377   0.0377  -0.0059   0.0092   0.0391   0.10    1.0
2026/04/23 07:35:21.200   3509445.2199    779135.1116   5250957.2538   2  17   0.0649   0.0377   0.0377  -0.0059   0.0093   0.0390   0.20    1.0
2026/04/23 07:35:21.300   3509445.2177    779135.0261   5250957.2625   2  17   0.0649   0.0377   0.0378  -0.0059   0.0093   0.0390   0.30    1.2
2026/04/23 07:35:21.400   3509445.2156    779134.9450   5250957.2786   2  17   0.0648   0.0377   0.0378  -0.0059   0.0093   0.0390   0.40    1.1
2026/04/23 07:35:21.500   3509445.2161    779134.8678   5250957.2902   2  17   0.0648   0.0377   0.0378  -0.0059   0.0093   0.0390  -0.50    1.0
2026/04/23 07:35:21.600   3509445.2222    779134.7979   5250957.2957   2  17   0.0648   0.0377   0.0378  -0.0059   0.0093   0.0390  -0.40    1.2
2026/04/23 07:35:21.700   3509445.2206    779134.7212   5250957.3032   2  17   0.0648   0.0377   0.0378  -0.0059   0.0093   0.0390  -0.30    1.1
2026/04/23 07:35:21.800   3509445.2192    779134.6378   5250957.3142   2  17   0.0648   0.0377   0.0377  -0.0059   0.0093   0.0390  -0.20    1.1
2026/04/23 07:35:21.900   3509445.2136    779134.5490   5250957.3344   2  17   0.0648   0.0377   0.0377  -0.0059   0.0093   0.0391  -0.10    1.1
2026/04/23 07:35:22.000   3509445.2106    779134.4653   5250957.3474   2  17   0.0648   0.0377   0.0377  -0.0059   0.0093   0.0391   0.00    1.1
2026/04/23 07:35:22.100   3509445.2093    779134.3838   5250957.3544   2  17   0.0647   0.0377   0.0377  -0.0059   0.0093   0.0391   0.10    1.1
2026/04/23 07:35:22.200   3509445.2122    779134.2915   5250957.3681   2  17   0.0647   0.0377   0.0377  -0.0059   0.0092   0.0390   0.20    1.1
2026/04/23 07:35:22.300   3509445.2072    779134.2011   5250957.3839   2  17   0.0647   0.0377   0.0376  -0.0059   0.0092   0.0390   0.30    1.0
2026/04/23 07:35:22.400   3509445.1989    779134.1062   5250957.3990   2  17   0.0647   0.0377   0.0376  -0.0059   0.0092   0.0390   0.40    1.1
2026/04/23 07:35:22.500   3509445.2029    779134.0172   5250957.4082   2  17   0.0647   0.0376   0.0376  -0.0059   0.0092   0.0390  -0.50    1.1
2026/04/23 07:35:22.600   3509445.2037    779133.9271   5250957.4210   2  17   0.0647   0.0376   0.0376  -0.0059   0.0092   0.0390  -0.40    1.1
2026/04/23 07:35:22.700   3509445.1969    779133.8408   5250957.4341   2  17   0.0647   0.0376   0.0376  -0.0059   0.0092   0.0390  -0.30    1.1
2026/04/23 07:35:22.800   3509445.1951    779133.7541   5250957.4442   2  17   0.0647   0.0376   0.0376  -0.0059   0.0092   0.0390  -0.20    1.0
2026/04/23 07:35:22.900   3509445.1902    779133.6686   5250957.4590   2  17   0.0647   0.0376   0.0376  -0.0058   0.0091   0.0390  -0.10    1.0
2026/04/23 07:35:23.000   3509445.1872    779133.5862   5250957.4755   2  17   0.0647   0.0376   0.0376  -0.0057   0.0091   0.0389   0.00    1.0
2026/04/23 07:35:23.100   3509445.1800    779133.5002   5250957.4888   2  17   0.0647   0.0376   0.0376  -0.0057   0.0091   0.0389   0.10    1.2
2026/04/23 07:35:23.200   3509445.1776    779133.4191   5250957.5038   2  17   0.0647   0.0376   0.0376  -0.0057   0.0091   0.0389   0.20    1.2
2026/04/23 07:35:23.300   3509445.1732    779133.3414   5250957.5160   2  17   0.0647   0.0376   0.0376  -0.0057   0.0091   0.0389   0.30    1.2
2026/04/23 07:35:23.400   3509445.1743    779133.2637   5250957.5267   2  17   0.0647   0.0376   0.0375  -0.0057   0.0091   0.0389   0.40    1.5
2026/04/23 07:35:23.500   3509445.1758    779133.1827   5250957.5321   2  17   0.0647   0.0376   0.0375  -0.0058   0.0091   0.0389  -0.50    1.0
2026/04/23 07:35:23.600   3509445.1753    779133.1004   5250957.5382   2  17   0.0646   0.0376   0.0375  -0.0058   0.0091   0.0389  -0.40    1.1
2026/04/23 07:35:23.700   3509445.1694    779133.0185   5250957.5497   2  17   0.0646   0.0376   0.0375  -0.0058   0.0091   0.0389  -0.30    1.1
2026/04/23 07:35:23.800   3509445.1566    779132.9399   5250957.5629   2  17   0.0646   0.0376   0.0375  -0.0058   0.0091   0.0389  -0.20    1.1
2026/04/23 07:35:23.900   3509445.1480    779132.8538   5250957.5757   2  17   0.0646   0.0376   0.0375  -0.0057   0.0091   0.0389  -0.10    1.0
2026/04/23 07:35:24.000   3509445.1460    779132.7690   5250957.5916   2  17   0.0646   0.0376   0.0375  -0.0056   0.0091   0.0389   0.00    1.2
2026/04/23 07:35:24.100   3509445.1445    779132.6844   5250957.6059   2  17   0.0646   0.0376   0.0375  -0.0056   0.0091   0.0389   0.10    1.1
2026/04/23 07:35:24.200   3509445.1459    779132.5995   5250957.6144   2  17   0.0646   0.0376   0.0374  -0.0056   0.0091   0.0389   0.20    1.1
2026/04/23 07:35:24.300   3509445.1383    779132.5146   5250957.6291   2  17   0.0646   0.0376   0.0374  -0.0056   0.0091   0.0389   0.30    1.3
2026/04/23 07:35:24.400   3509445.1325    779132.4305   5250957.6432   2  17   0.0646   0.0376   0.0374  -0.0059   0.0091   0.0389   0.40    1.0
2026/04/23 07:35:24.500   3509445.1324    779132.3493   5250957.6500   2  17   0.0647   0.0376   0.0374  -0.0061   0.0090   0.0389  -0.50    1.0
2026/04/23 07:35:24.600   3509445.1233    779132.2708   5250957.6618   2  17   0.0648   0.0376   0.0375  -0.0062   0.0091   0.0389  -0.40    1.1
2026/04/23 07:35:24.700   3509445.1216    779132.1850   5250957.6754   2  16   0.0648   0.0376   0.0376  -0.0063   0.0091   0.0389  -0.30    1.1
2026/04/23 07:35:24.800   3509445.1182    779132.0995   5250957.6912   2  16   0.0648   0.0376   0.0376  -0.0063   0.0091   0.0389  -0.20    1.1
2026/04/23 07:35:24.900   3509445.1182    779132.0191   5250957.6940   2  16   0.0648   0.0376   0.0376  -0.0063   0.0092   0.0389  -0.10    1.1
2026/04/23 07:35:25.000   3509445.1287    779131.9307   5250957.7001   2  16   0.0648   0.0376   0.0377  -0.0063   0.0092   0.0390   0.00    1.2
2026/04/23 07:35:25.100   3509445.1465    779131.8471   5250957.6976   2  16   0.0648   0.0376   0.0377  -0.0063   0.0092   0.0390   0.10    1.1
2026/04/23 07:35:25.200   3509445.1668    779131.7688   5250957.6857   2  16   0.0648   0.0376   0.0377  -0.0062   0.0092   0.0390   0.20    1.2
2026/04/23 07:35:25.300   3509445.1986    779131.6920   5250957.6746   2  16   0.0648   0.0375   0.0377  -0.0062   0.0092   0.0390   0.30    1.1
2026/04/23 07:35:25.400   3509445.2358    779131.6205   5250957.6567   2  16   0.0648   0.0375   0.0376  -0.0062   0.0092   0.0390   0.40    1.2
2026/04/23 07:35:25.500   3509445.2784    779131.5477   5250957.6400   2  16   0.0648   0.0375   0.0376  -0.0062   0.0092   0.0390  -0.50    1.2
2026/04/23 07:35:25.600   3509445.3157    779131.4794   5250957.6240   2  16   0.0648   0.0375   0.0376  -0.0061   0.0092   0.0391  -0.40    1.2
2026/04/23 07:35:25.700   3509445.3535    779131.4172   5250957.6047   2  16   0.0648   0.0375   0.0376  -0.0061   0.0092   0.0391  -0.30    1.2
2026/04/23 07:35:25.800   3509445.3937    779131.3570   5250957.5814   2  16   0.0648   0.0375   0.0376  -0.0061   0.0092   0.0391  -0.20    1.2
2026/04/23 07:35:25.900   3509445.4466    779131.2973   5250957.5596   2  16   0.0648   0.0375   0.0376  -0.0061   0.0092   0.0391  -0.10    1.2
2026/04/23 07:35:26.000   3509445.5076    779131.2408   5250957.5275   2  16   0.0648   0.0375   0.0376  -0.0061   0.0092   0.0391   0.00    1.2
2026/04/23 07:35:26.100   3509445.5659    779131.1951   5250957.4950   2  16   0.0648   0.0375   0.0376  -0.0061   0.0092   0.0391   0.10    1.2
2026/04/23 07:35:26.200   3509445.6250    779131.1379   5250957.4625   2  16   0.0648   0.0375   0.0376  -0.0063   0.0092   0.0390   0.20    1.1
2026/04/23 07:35:26.300   3509445.6850    779131.0903   5250957.4300   2  16   0.0649   0.0375   0.0375  -0.0065   0.0092   0.0390   0.30    1.2
2026/04/23 07:35:26.400   3509445.7432    779131.0456   5250957.4066   2  16   0.0649   0.0375   0.0375  -0.0065   0.0092   0.0390   0.40    1.1
2026/04/23 07:35:26.500   3509445.8067    779131.0084   5250957.3744   2  16   0.0649   0.0375   0.0375  -0.0065   0.0092   0.0390  -0.50    1.0
2026/04/23 07:35:26.600   3509445.8792    779130.9764   5250957.3326   2  16   0.0649   0.0375   0.0375  -0.0065   0.0092   0.0391  -0.40    1.1
2026/04/23 07:35:26.700   3509445.9543    779130.9389   5250957.2932   2  16   0.0649   0.0375   0.0375  -0.0064   0.0092   0.0391  -0.30    1.1
2026/04/23 07:35:26.800   3509446.0372    779130.9009   5250957.2467   2  16   0.0649   0.0375   0.0375  -0.0063   0.0092   0.0391  -0.20    1.1
2026/04/23 07:35:26.900   3509446.1252    779130.8734   5250957.1900   2  16   0.0649   0.0375   0.0375  -0.0063   0.0092   0.0391  -0.10    1.1
2026/04/23 07:35:27.000   3509446.2037    779130.8547   5250957.1394   2  16   0.0649   0.0375   0.0375  -0.0062   0.0092   0.0391   0.00    1.1
2026/04/23 07:35:27.100   3509446.2867    779130.8361   5250957.0917   2  16   0.0649   0.0374   0.0376  -0.0061   0.0092   0.0390   0.10    1.1
2026/04/23 07:35:27.200   3509446.3721    779130.8111   5250957.0382   2  16   0.0649   0.0374   0.0376  -0.0061   0.0092   0.0390   0.20    1.1
2026/04/23 07:35:27.300   3509446.4652    779130.7794   5250956.9851   2  16   0.0649   0.0374   0.0377  -0.0060   0.0092   0.0390   0.30    1.1
2026/04/23 07:35:27.400   3509446.5491    779130.7490   5250956.9435   2  16   0.0649   0.0374   0.0377  -0.0059   0.0092   0.0390   0.40    1.1
2026/04/23 07:35:27.500   3509446.6312    779130.7162   5250956.8921   2  16   0.0649   0.0374   0.0377  -0.0058   0.0093   0.0390  -0.50    1.2
2026/04/23 07:35:27.600   3509446.6994    779130.6878   5250956.8526   2  16   0.0650   0.0374   0.0377  -0.0057   0.0093   0.0390  -0.40    1.4
2026/04/23 07:35:27.700   3509446.7702    779130.6596   5250956.8074   2  16   0.0649   0.0374   0.0377  -0.0056   0.0093   0.0391  -0.30    1.2
2026/04/23 07:35:27.800   3509446.8384    779130.6285   5250956.7646   2  15   0.0650   0.0374   0.0378  -0.0057   0.0094   0.0390  -0.20    1.1
2026/04/23 07:35:27.900   3509446.9112    779130.5988   5250956.7194   2  16   0.0649   0.0374   0.0377  -0.0056   0.0094   0.0391  -0.10    1.3
2026/04/23 07:35:28.000   3509446.9915    779130.5782   5250956.6623   2  16   0.0649   0.0374   0.0377  -0.0056   0.0094   0.0391   0.00    1.0
2026/04/23 07:35:28.100   3509447.0779    779130.5577   5250956.6081   2  16   0.0649   0.0374   0.0377  -0.0056   0.0094   0.0391   0.10    1.4
2026/04/23 07:35:28.200   3509447.1525    779130.5457   5250956.5619   2  16   0.0649   0.0374   0.0377  -0.0056   0.0094   0.0391   0.20    1.0
2026/04/23 07:35:28.300   3509447.2294    779130.5427   5250956.5151   2  16   0.0649   0.0374   0.0378  -0.0057   0.0095   0.0391   0.30    1.2
2026/04/23 07:35:28.400   3509447.2929    779130.5491   5250956.4704   2  16   0.0649   0.0374   0.0378  -0.0057   0.0095   0.0390   0.40    1.0
2026/04/23 07:35:28.500   3509447.3715    779130.5637   5250956.4168   2  16   0.0649   0.0374   0.0378  -0.0057   0.0095   0.0390  -0.50    1.3
2026/04/23 07:35:28.600   3509447.4450    779130.5900   5250956.3655   2  16   0.0649   0.0374   0.0378  -0.0057   0.0095   0.0391  -0.40    1.0
2026/04/23 07:35:28.700   3509447.5064    779130.6256   5250956.3199   2  16   0.0648   0.0374   0.0378  -0.0057   0.0095   0.0390  -0.30    1.1
2026/04/23 07:35:28.800   3509447.5705    779130.6629   5250956.2737   2  16   0.0648   0.0374   0.0378  -0.0057   0.0095   0.0390  -0.20    1.1
2026/04/23 07:35:28.900   3509447.6317    779130.7076   5250956.2200   2  16   0.0648   0.0374   0.0378  -0.0057   0.0095   0.0390  -0.10    1.2
2026/04/23 07:35:29.000   3509447.6988    779130.7496   5250956.1658   2  16   0.0648   0.0374   0.0378  -0.0057   0.0095   0.0390   0.00    1.2
2026/04/23 07:35:29.100   3509447.7684    779130.7879   5250956.1169   2  16   0.0648   0.0374   0.0378  -0.0056   0.0095   0.0390   0.10    1.3
2026/04/23 07:35:29.200   3509447.8250    779130.8302   5250956.0712   2  16   0.0648   0.0374   0.0378  -0.0056   0.0095   0.0390   0.20    1.3
2026/04/23 07:35:29.300   3509447.8820    779130.8894   5250956.0213   2  16   0.0648   0.0374   0.0377  -0.0056   0.0095   0.0390   0.30    1.3
2026/04/23 07:35:29.400   3509447.9388    779130.9445   5250955.9786   2  16   0.0648   0.0374   0.0377  -0.0056   0.0095   0.0390   0.40    1.2
2026/04/23 07:35:29.500   3509447.9859    779131.0000   5250955.9342   2  16   0.0648   0.0374   0.0377  -0.0056   0.0095   0.0390  -0.50    1.3
2026/04/23 07:35:29.600   3509448.0368    779131.0650   5250955.8929   2  16   0.0647   0.0373   0.0377  -0.0056   0.0094   0.0390  -0.40    1.2
2026/04/23 07:35:29.700   3509448.0874    779131.1253   5250955.8516   2  16   0.0647   0.0373   0.0377  -0.0056   0.0095   0.0390  -0.30    1.1
2026/04/23 07:35:29.800   3509448.1226    779131.1898   5250955.8191   2  16   0.0647   0.0373   0.0377  -0.0056   0.0095   0.0390  -0.20    1.0
2026/04/23 07:35:29.900   3509448.1539    779131.2676   5250955.7826   2  16   0.0647   0.0373   0.0377  -0.0056   0.0095   0.0390  -0.10    1.1
2026/04/23 07:35:30.000   3509448.1779    779131.3434   5250955.7546   2  16   0.0647   0.0373   0.0377  -0.0056   0.0095   0.0390   0.00    1.1
2026/04/23 07:35:30.100   3509448.2055    779131.4265   5250955.7258   2  16   0.0647   0.0373   0.0377  -0.0056   0.0095   0.0389   0.10    1.2
2026/04/23 07:35:30.200   3509448.2320    779131.5110   5250955.7005   2  16   0.0647   0.0373   0.0377  -0.0056   0.0095   0.0390   0.20    1.2
2026/04/23 07:35:30.300   3509448.2441    779131.5959   5250955.6744   2  16   0.0647   0.0373   0.0376  -0.0056   0.0095   0.0390   0.30    1.1
2026/04/23 07:35:30.400   3509448.2610    779131.6836   5250955.6560   2  16   0.0647   0.0373   0.0376  -0.0056   0.0094   0.0390   0.40    1.2
2026/04/23 07:35:30.500   3509448.2646    779131.7706   5250955.6410   2  16   0.0647   0.0373   0.0376  -0.0055   0.0094   0.0390  -0.50    1.3
2026/04/23 07:35:30.600   3509448.2677    779131.8602   5250955.6322   2  16   0.0646   0.0373   0.0376  -0.0055   0.0094   0.0390  -0.40    1.2
2026/04/23 07:35:30.700   3509448.2653    779131.9540   5250955.6251   2  16   0.0646   0.0373   0.0375  -0.0055   0.0094   0.0390  -0.30    1.2
2026/04/23 07:35:30.800   3509448.2600    779132.0473   5250955.6125   2  16   0.0646   0.0373   0.0375  -0.0055   0.0094   0.0390  -0.20    1.2
2026/04/23 07:35:30.900   3509448.2431    779132.1383   5250955.6100   2  16   0.0646   0.0373   0.0375  -0.0055   0.0094   0.0390  -0.10    1.1
2026/04/23 07:35:31.000   3509448.2305    779132.2313   5250955.6061   2  16   0.0646   0.0373   0.0375  -0.0054   0.0094   0.0390   0.00    1.2
2026/04/23 07:35:31.100   3509448.2138    779132.3148   5250955.6087   2  16   0.0646   0.0373   0.0375  -0.0054   0.0094   0.0390   0.10    1.0
2026/04/23 07:35:31.200   3509448.1847    779132.4058   5250955.6175   2  16   0.0646   0.0373   0.0375  -0.0054   0.0094   0.0390   0.20    1.1
2026/04/23 07:35:31.300   3509448.1456    779132.5026   5250955.6292   2  16   0.0646   0.0373   0.0374  -0.0054   0.0094   0.0390   0.30    1.2
2026/04/23 07:35:31.400   3509448.1061    779132.5947   5250955.6430   2  16   0.0646   0.0373   0.0374  -0.0054   0.0094   0.0390   0.40    1.1
2026/04/23 07:35:31.500   3509448.0682    779132.6827   5250955.6605   2  16   0.0646   0.0373   0.0374  -0.0054   0.0094   0.0390  -0.50    1.0
2026/04/23 07:35:31.600   3509448.0406    779132.7671   5250955.6652   2  16   0.0646   0.0372   0.0374  -0.0054   0.0094   0.0390  -0.40    1.1
2026/04/23 07:35:31.700   3509448.0086    779132.8539   5250955.6784   2  16   0.0646   0.0372   0.0374  -0.0054   0.0093   0.0390  -0.30    1.1
2026/04/23 07:35:31.800   3509447.9677    779132.9483   5250955.6953   2  16   0.0646   0.0372   0.0374  -0.0054   0.0093   0.0390  -0.20    1.1
2026/04/23 07:35:31.900   3509447.9388    779133.0344   5250955.7068   2  16   0.0646   0.0372   0.0374  -0.0054   0.0093   0.0390  -0.10    1.1
2026/04/23 07:35:32.000   3509447.9076    779133.1205   5250955.7121   2  16   0.0646   0.0372   0.0374  -0.0053   0.0093   0.0390   0.00    1.1
2026/04/23 07:35:32.100   3509447.8921    779133.2113   5250955.7104   2  16   0.0645   0.0372   0.0374  -0.0053   0.0093   0.0390   0.10    1.1
2026/04/23 07:35:32.200   3509447.8966    779133.3025   5250955.7017   2  16   0.0645   0.0372   0.0374  -0.0053   0.0093   0.0390   0.20    1.1
2026/04/23 07:35:32.300   3509447.9084    779133.3905   5250955.6805   2  16   0.0645   0.0372   0.0374  -0.0053   0.0093   0.0390   0.30    1.1
2026/04/23 07:35:32.400   3509447.9266    779133.4800   5250955.6583   2  16   0.0645   0.0372   0.0374  -0.0053   0.0093   0.0389   0.40    1.1
2026/04/23 07:35:32.500   3509447.9455    779133.5769   5250955.6373   2  16   0.0645   0.0372   0.0374  -0.0053   0.0094   0.0389  -0.50    1.3
2026/04/23 07:35:32.600   3509447.9722    779133.6716   5250955.6052   2  16   0.0645   0.0372   0.0373  -0.0053   0.0094   0.0389  -0.40    1.1
2026/04/23 07:35:32.700   3509448.0025    779133.7600   5250955.5760   2  16   0.0645   0.0372   0.0373  -0.0053   0.0094   0.0389  -0.30    1.1
2026/04/23 07:35:32.800   3509448.0306    779133.8525   5250955.5471   2  16   0.0645   0.0372   0.0373  -0.0052   0.0094   0.0389  -0.20    1.1
2026/04/23 07:35:32.900   3509448.0576    779133.9498   5250955.5212   2  16   0.0645   0.0372   0.0373  -0.0052   0.0094   0.0389  -0.10    1.2
2026/04/23 07:35:33.000   3509448.0729    779134.0458   5250955.4994   2  16   0.0645   0.0372   0.0373  -0.0051   0.0094   0.0389   0.00    1.1
2026/04/23 07:35:33.100   3509448.0863    779134.1403   5250955.4785   2  16   0.0645   0.0372   0.0373  -0.0050   0.0094   0.0390   0.10    1.1
2026/04/23 07:35:33.200   3509448.1096    779134.2334   5250955.4537   2  16   0.0646   0.0372   0.0373  -0.0049   0.0094   0.0390   0.20    1.2
2026/04/23 07:35:33.300   3509448.1216    779134.3413   5250955.4323   2  16   0.0646   0.0372   0.0373  -0.0048   0.0094   0.0390   0.30    1.1
2026/04/23 07:35:33.400   3509448.1240    779134.4528   5250955.4143   2  16   0.0646   0.0372   0.0373  -0.0048   0.0095   0.0390   0.40    1.1
2026/04/23 07:35:33.500   3509448.1292    779134.5715   5250955.3937   2  16   0.0646   0.0372   0.0373  -0.0047   0.0095   0.0390  -0.50    1.1
2026/04/23 07:35:33.600   3509448.1389    779134.6784   5250955.3706   2  16   0.0646   0.0372   0.0373  -0.0047   0.0095   0.0390  -0.40    1.0
2026/04/23 07:35:33.700   3509448.1493    779134.7849   5250955.3489   2  16   0.0646   0.0372   0.0373  -0.0047   0.0095   0.0390  -0.30    1.0
2026/04/23 07:35:33.800   3509448.1656    779134.8847   5250955.3255   2  15   0.0646   0.0372   0.0373  -0.0046   0.0095   0.0390  -0.20    1.0
2026/04/23 07:35:33.900   3509448.1802    779134.9841   5250955.2993   2  15   0.0646   0.0372   0.0373  -0.0046   0.0095   0.0390  -0.10    1.0
2026/04/23 07:35:34.000   3509448.2004    779135.0865   5250955.2734   2  15   0.0646   0.0372   0.0373  -0.0046   0.0095   0.0390   0.00    1.1
2026/04/23 07:35:34.100   3509448.2170    779135.1887   5250955.2459   2  15   0.0645   0.0371   0.0373  -0.0045   0.0095   0.0390   0.10    1.0
2026/04/23 07:35:34.200   3509448.2397    779135.2917   5250955.2110   2  15   0.0645   0.0371   0.0373  -0.0045   0.0095   0.0390   0.20    1.2
2026/04/23 07:35:34.300   3509448.2578    779135.3903   5250955.1808   2  15   0.0645   0.0371   0.0373  -0.0045   0.0095   0.0390   0.30    1.0
2026/04/23 07:35:34.400   3509448.2873    779135.4963   5250955.1421   2  15   0.0645   0.0371   0.0373  -0.0045   0.0095   0.0390   0.40    1.0
2026/04/23 07:35:34.500   3509448.3163    779135.6095   5250955.0980   2  15   0.0645   0.0371   0.0373  -0.0045   0.0095   0.0390  -0.50    1.0
2026/04/23 07:35:34.600   3509448.3486    779135.7228   5250955.0676   2  15   0.0645   0.0371   0.0373  -0.0044   0.0095   0.0390  -0.40    1.0
2026/04/23 07:35:34.700   3509448.3775    779135.8373   5250955.0352   2  15   0.0645   0.0371   0.0373  -0.0044   0.0095   0.0390  -0.30    1.0
2026/04/23 07:35:34.800   3509448.4123    779135.9493   5250954.9945   2  15   0.0645   0.0371   0.0373  -0.0044   0.0095   0.0390  -0.20    1.0
2026/04/23 07:35:34.900   3509448.4382    779136.0689   5250954.9593   2  15   0.0645   0.0371   0.0373  -0.0044   0.0095   0.0390  -0.10    1.0
2026/04/23 07:35:35.000   3509448.4528    779136.1914   5250954.9339   2  15   0.0645   0.0371   0.0373  -0.0044   0.0095   0.0390   0.00    1.0
2026/04/23 07:35:35.100   3509448.4484    779136.3144   5250954.9158   2  15   0.0645   0.0371   0.0373  -0.0043   0.0095   0.0390   0.10    1.0
2026/04/23 07:35:35.200   3509448.4547    779136.4439   5250954.8962   2  15   0.0645   0.0371   0.0373  -0.0043   0.0096   0.0390   0.20    1.0
2026/04/23 07:35:35.300   3509448.4677    779136.5661   5250954.8651   2  15   0.0645   0.0371   0.0373  -0.0043   0.0096   0.0390   0.30    1.2
2026/04/23 07:35:35.400   3509448.4577    779136.6857   5250954.8512   2  15   0.0645   0.0371   0.0373  -0.0043   0.0096   0.0390   0.40    1.0
2026/04/23 07:35:35.500   3509448.4385    779136.8010   5250954.8405   2  15   0.0645   0.0371   0.0373  -0.0043   0.0096   0.0390  -0.50    1.2
2026/04/23 07:35:35.600   3509448.4309    779136.9184   5250954.8248   2  15   0.0645   0.0371   0.0373  -0.0042   0.0096   0.0390  -0.40    1.0
2026/04/23 07:35:35.700   3509448.4217    779137.0391   5250954.8076   2  15   0.0644   0.0371   0.0373  -0.0042   0.0096   0.0390  -0.30    1.1
2026/04/23 07:35:35.800   3509448.4074    779137.1599   5250954.7959   2  16   0.0644   0.0371   0.0373  -0.0042   0.0096   0.0390  -0.20    1.0
2026/04/23 07:35:35.900   3509448.3883    779137.2776   5250954.7893   2  16   0.0644   0.0371   0.0373  -0.0042   0.0096   0.0390  -0.10    1.0
2026/04/23 07:35:36.000   3509448.3706    779137.3926   5250954.7842   2  16   0.0644   0.0371   0.0373  -0.0041   0.0096   0.0390   0.00    1.0
2026/04/23 07:35:36.100   3509448.3533    779137.5097   5250954.7742   2  16   0.0644   0.0371   0.0373  -0.0041   0.0096   0.0390   0.10    1.0
2026/04/23 07:35:36.200   3509448.3292    779137.6261   5250954.7676   2  16   0.0644   0.0371   0.0373  -0.0040   0.0096   0.0390   0.20    1.0
2026/04/23 07:35:36.300   3509448.3268    779137.7432   5250954.7508   2  17   0.0644   0.0371   0.0373  -0.0040   0.0097   0.0389   0.30    1.0
2026/04/23 07:35:36.400   3509448.3336    779137.8547   5250954.7349   2  17   0.0643   0.0371   0.0373  -0.0039   0.0097   0.0389   0.40    1.0
2026/04/23 07:35:36.500   3509448.3368    779137.9639   5250954.7161   2  17   0.0643   0.0371   0.0373  -0.0038   0.0097   0.0389  -0.50    1.0
2026/04/23 07:35:36.600   3509448.3383    779138.0822   5250954.6891   2  17   0.0642   0.0370   0.0373  -0.0037   0.0097   0.0389  -0.40    1.0
2026/04/23 07:35:36.700   3509448.3431    779138.1950   5250954.6642   2  17   0.0642   0.0370   0.0373  -0.0035   0.0097   0.0389  -0.30    1.1
2026/04/23 07:35:36.800   3509448.3550    779138.3026   5250954.6392   2  17   0.0642   0.0370   0.0373  -0.0034   0.0097   0.0389  -0.20    1.1
2026/04/23 07:35:36.900   3509448.3585    779138.4164   5250954.6216   2  17   0.0641   0.0370   0.0373  -0.0032   0.0097   0.0389  -0.10    1.1
2026/04/23 07:35:37.000   3509448.3586    779138.5319   5250954.6036   2  17   0.0641   0.0370   0.0373  -0.0031   0.0097   0.0389   0.00    1.1
2026/04/23 07:35:37.100   3509448.3587    779138.6514   5250954.5833   2  17   0.0640   0.0370   0.0373  -0.0030   0.0097   0.0389   0.10    1.1
2026/04/23 07:35:37.200   3509448.3551    779138.7726   5250954.5687   2  17   0.0640   0.0370   0.0373  -0.0030   0.0097   0.0389   0.20    1.1
2026/04/23 07:35:37.300   3509448.3474    779138.8920   5250954.5602   2  17   0.0640   0.0370   0.0372  -0.0031   0.0097   0.0388   0.30    1.0
2026/04/23 07:35:37.400   3509448.3417    779139.0170   5250954.5473   2  17   0.0640   0.0370   0.0372  -0.0032   0.0097   0.0388   0.40    1.0
2026/04/23 07:35:37.500   3509448.3374    779139.1346   5250954.5320   2  17   0.0640   0.0370   0.0372  -0.0032   0.0097   0.0388  -0.50    1.1
2026/04/23 07:35:37.600   3509448.3322    779139.2617   5250954.5165   2  17   0.0640   0.0370   0.0372  -0.0031   0.0097   0.0388  -0.40    1.0
2026/04/23 07:35:37.700   3509448.3251    779139.3848   5250954.5041   2  17   0.0640   0.0370   0.0372  -0.0031   0.0097   0.0388  -0.30    1.1
2026/04/23 07:35:37.800   3509448.3250    779139.5121   5250954.4891   2  17   0.0640   0.0370   0.0372  -0.0030   0.0097   0.0388  -0.20    1.1
2026/04/23 07:35:37.900   3509448.3252    779139.6529   5250954.4664   2  16   0.0640   0.0370   0.0372  -0.0030   0.0096   0.0388  -0.10    1.0
2026/04/23 07:35:38.000   3509448.3193    779139.7973   5250954.4474   2  16   0.0640   0.0369   0.0371  -0.0031   0.0096   0.0388   0.00    1.1
2026/04/23 07:35:38.100   3509448.3219    779139.9460   5250954.4233   2  16   0.0640   0.0369   0.0371  -0.0031   0.0096   0.0388   0.10    1.2
2026/04/23 07:35:38.200   3509448.3229    779140.0898   5250954.4055   2  16   0.0640   0.0369   0.0371  -0.0031   0.0096   0.0387   0.20    1.1
2026/04/23 07:35:38.300   3509448.3318    779140.2360   5250954.3790   2  15   0.0640   0.0369   0.0372  -0.0032   0.0097   0.0387   0.30    1.1
2026/04/23 07:35:38.400   3509448.3382    779140.3844   5250954.3521   2  16   0.0640   0.0369   0.0372  -0.0031   0.0097   0.0387   0.40    1.1
2026/04/23 07:35:38.500   3509448.3449    779140.5244   5250954.3201   2  16   0.0639   0.0369   0.0371  -0.0031   0.0097   0.0387  -0.50    1.4
2026/04/23 07:35:38.600   3509448.3446    779140.6671   5250954.2971   2  16   0.0639   0.0369   0.0371  -0.0031   0.0097   0.0387  -0.40    1.1
2026/04/23 07:35:38.700   3509448.3344    779140.7903   5250954.2837   2  16   0.0639   0.0369   0.0371  -0.0031   0.0097   0.0387  -0.30    1.1
2026/04/23 07:35:38.800   3509448.3278    779140.9267   5250954.2671   2  16   0.0639   0.0369   0.0371  -0.0031   0.0096   0.0387  -0.20    1.1
2026/04/23 07:35:38.900   3509448.3237    779141.0770   5250954.2508   2  16   0.0639   0.0369   0.0371  -0.0031   0.0096   0.0387  -0.10    1.1
2026/04/23 07:35:39.000   3509448.3164    779141.2405   5250954.2301   2  16   0.0639   0.0369   0.0370  -0.0030   0.0096   0.0387   0.00    1.1
2026/04/23 07:35:39.100   3509448.3121    779141.4038   5250954.2065   2  16   0.0639   0.0369   0.0370  -0.0030   0.0096   0.0386   0.10    1.1
2026/04/23 07:35:39.200   3509448.3024    779141.5575   5250954.1915   2  16   0.0639   0.0369   0.0370  -0.0030   0.0096   0.0386   0.20    1.0
2026/04/23 07:35:39.300   3509448.2916    779141.7066   5250954.1716   2  16   0.0639   0.0369   0.0370  -0.0030   0.0096   0.0386   0.30    1.1
2026/04/23 07:35:39.400   3509448.2824    779141.8536   5250954.1510   2  16   0.0638   0.0369   0.0370  -0.0030   0.0096   0.0386   0.40    1.0
2026/04/23 07:35:39.500   3509448.2740    779142.0067   5250954.1332   2  16   0.0638   0.0369   0.0370  -0.0030   0.0096   0.0386  -0.50    1.1
2026/04/23 07:35:39.600   3509448.2713    779142.1647   5250954.1146   2  16   0.0638   0.0369   0.0370  -0.0030   0.0096   0.0386  -0.40    1.4
2026/04/23 07:35:39.700   3509448.2675    779142.3275   5250954.0883   2  16   0.0639   0.0369   0.0370  -0.0032   0.0097   0.0386  -0.30    1.1
2026/04/23 07:35:39.800   3509448.2637    779142.4908   5250954.0668   2  16   0.0639   0.0369   0.0370  -0.0034   0.0097   0.0386  -0.20    1.0
2026/04/23 07:35:39.900   3509448.2626    779142.6472   5250954.0444   2  16   0.0639   0.0369   0.0370  -0.0034   0.0097   0.0386  -0.10    1.0
2026/04/23 07:35:40.000   3509448.2649    779142.8086   5250954.0209   2  16   0.0639   0.0369   0.0370  -0.0034   0.0097   0.0386   0.00    1.1
2026/04/23 07:35:40.100   3509448.2693    779142.9738   5250953.9908   2  16   0.0639   0.0369   0.0370  -0.0033   0.0097   0.0386   0.10    1.2
2026/04/23 07:35:40.200   3509448.2694    779143.1361   5250953.9645   2  16   0.0638   0.0368   0.0370  -0.0032   0.0097   0.0386   0.20    1.1
2026/04/23 07:35:40.300   3509448.2759    779143.2929   5250953.9327   2  16   0.0638   0.0368   0.0371  -0.0032   0.0097   0.0385   0.30    1.0
2026/04/23 07:35:40.400   3509448.2805    779143.4396   5250953.9002   2  16   0.0638   0.0368   0.0371  -0.0032   0.0097   0.0385   0.40    1.0
2026/04/23 07:35:40.500   3509448.2812    779143.5805   5250953.8724   2  16   0.0638   0.0368   0.0372  -0.0031   0.0098   0.0385  -0.50    1.0
2026/04/23 07:35:40.600   3509448.2845    779143.7161   5250953.8455   2  16   0.0638   0.0368   0.0372  -0.0031   0.0098   0.0385  -0.40    1.0
2026/04/23 07:35:40.700   3509448.2897    779143.8638   5250953.8164   2  16   0.0638   0.0368   0.0372  -0.0030   0.0098   0.0385  -0.30    1.3
2026/04/23 07:35:40.800   3509448.2979    779144.0076   5250953.7831   2  16   0.0638   0.0368   0.0372  -0.0029   0.0098   0.0385  -0.20    1.0
2026/04/23 07:35:40.900   3509448.3058    779144.1557   5250953.7493   2  16   0.0638   0.0368   0.0372  -0.0028   0.0098   0.0385  -0.10    1.0
2026/04/23 07:35:41.000   3509448.3148    779144.3070   5250953.7183   2  16   0.0637   0.0368   0.0371  -0.0028   0.0098   0.0386   0.00    1.0
2026/04/23 07:35:41.100   3509448.3248    779144.4596   5250953.6828   2  16   0.0637   0.0368   0.0371  -0.0027   0.0098   0.0386   0.10    1.1
2026/04/23 07:35:41.200   3509448.3398    779144.6106   5250953.6469   2  16   0.0638   0.0368   0.0371  -0.0024   0.0097   0.0385   0.20    1.0
2026/04/23 07:35:41.300   3509448.3482    779144.7692   5250953.6124   2  16   0.0638   0.0368   0.0371  -0.0022   0.0097   0.0385   0.30    1.5
2026/04/23 07:35:41.400   3509448.3541    779144.9330   5250953.5816   2  16   0.0638   0.0368   0.0371  -0.0021   0.0097   0.0385   0.40    1.1
2026/04/23 07:35:41.500   3509448.3651    779145.0976   5250953.5478   2  16   0.0638   0.0368   0.0371  -0.0021   0.0097   0.0385  -0.50    1.0
2026/04/23 07:35:41.600   3509448.3822    779145.2516   5250953.5201   2  16   0.0638   0.0368   0.0371  -0.0021   0.0097   0.0385  -0.40    1.0
2026/04/23 07:35:41.700   3509448.3984    779145.4059   5250953.4883   2  16   0.0637   0.0368   0.0371  -0.0021   0.0097   0.0385  -0.30    1.0
2026/04/23 07:35:41.800   3509448.4156    779145.5595   5250953.4505   2  16   0.0637   0.0368   0.0371  -0.0022   0.0097   0.0385  -0.20    1.0
2026/04/23 07:35:41.900   3509448.4309    779145.7116   5250953.4128   2  16   0.0637   0.0368   0.0370  -0.0022   0.0097   0.0385  -0.10    1.1
2026/04/23 07:35:42.000   3509448.4385    779145.8706   5250953.3773   2  16   0.0637   0.0368   0.0370  -0.0022   0.0097   0.0385   0.00    1.0
2026/04/23 07:35:42.100   3509448.4538    779146.0213   5250953.3430   2  16   0.0637   0.0368   0.0370  -0.0022   0.0097   0.0385   0.10    1.0
2026/04/23 07:35:42.200   3509448.4637    779146.1708   5250953.3114   2  16   0.0637   0.0367   0.0370  -0.0022   0.0097   0.0385   0.20    1.0
2026/04/23 07:35:42.300   3509448.4786    779146.3183   5250953.2746   2  16   0.0637   0.0367   0.0370  -0.0022   0.0097   0.0385   0.30    1.1
2026/04/23 07:35:42.400   3509448.4860    779146.4689   5250953.2409   2  16   0.0637   0.0367   0.0370  -0.0022   0.0097   0.0385   0.40    1.9
2026/04/23 07:35:42.500   3509448.5103    779146.6210   5250953.2078   2  16   0.0636   0.0367   0.0370  -0.0022   0.0097   0.0385  -0.50    2.2
2026/04/23 07:35:42.600   3509448.5255    779146.7726   5250953.1782   2  16   0.0636   0.0367   0.0370  -0.0022   0.0097   0.0385  -0.40    1.8
2026/04/23 07:35:42.700   3509448.5375    779146.9292   5250953.1472   2  17   0.0636   0.0367   0.0370  -0.0022   0.0097   0.0385  -0.30    1.0
2026/04/23 07:35:42.800   3509448.5586    779147.0835   5250953.1110   2  17   0.0636   0.0367   0.0369  -0.0021   0.0097   0.0385  -0.20    1.0
2026/04/23 07:35:42.900   3509448.5741    779147.2346   5250953.0764   2  18   0.0636   0.0367   0.0369  -0.0021   0.0097   0.0385  -0.10    1.0
2026/04/23 07:35:43.000   3509448.5867    779147.3936   5250953.0385   2  18   0.0636   0.0367   0.0369  -0.0022   0.0097   0.0385   0.00    1.0
2026/04/23 07:35:43.100   3509448.6036    779147.5439   5250953.0024   2  18   0.0636   0.0367   0.0369  -0.0023   0.0097   0.0385   0.10    1.0
2026/04/23 07:35:43.200   3509448.6213    779147.6942   5250952.9670   2  18   0.0636   0.0367   0.0369  -0.0024   0.0097   0.0385   0.20    1.0
2026/04/23 07:35:43.300   3509448.6362    779147.8360   5250952.9348   2  18   0.0636   0.0367   0.0369  -0.0025   0.0097   0.0385   0.30    1.0
2026/04/23 07:35:43.400   3509448.6591    779147.9822   5250952.8966   2  18   0.0635   0.0367   0.0369  -0.0027   0.0097   0.0385   0.40    1.2
2026/04/23 07:35:43.500   3509448.6775    779148.1299   5250952.8615   2  18   0.0635   0.0366   0.0369  -0.0028   0.0097   0.0385  -0.50    1.1
2026/04/23 07:35:43.600   3509448.6906    779148.2801   5250952.8303   2  18   0.0635   0.0366   0.0369  -0.0029   0.0097   0.0385  -0.40    1.0
2026/04/23 07:35:43.700   3509448.7067    779148.4389   5250952.8010   2  18   0.0634   0.0366   0.0369  -0.0029   0.0097   0.0384  -0.30    1.1
2026/04/23 07:35:43.800   3509448.7164    779148.6020   5250952.7701   2  18   0.0634   0.0366   0.0369  -0.0030   0.0096   0.0384  -0.20    1.0
2026/04/23 07:35:43.900   3509448.7239    779148.7579   5250952.7453   2  18   0.0635   0.0366   0.0369  -0.0035   0.0096   0.0384  -0.10    1.0
2026/04/23 07:35:44.000   3509448.7210    779148.9156   5250952.7214   2  18   0.0635   0.0366   0.0369  -0.0038   0.0096   0.0384   0.00    1.0
2026/04/23 07:35:44.100   3509448.7264    779149.0669   5250952.6948   2  18   0.0635   0.0366   0.0370  -0.0040   0.0096   0.0384   0.10    1.0
2026/04/23 07:35:44.200   3509448.7376    779149.2277   5250952.6709   2  18   0.0635   0.0366   0.0370  -0.0040   0.0096   0.0384   0.20    1.0
2026/04/23 07:35:44.300   3509448.7490    779149.3873   5250952.6407   2  18   0.0635   0.0366   0.0370  -0.0040   0.0096   0.0384   0.30    1.1
2026/04/23 07:35:44.400   3509448.7515    779149.5428   5250952.6113   2  18   0.0635   0.0366   0.0370  -0.0039   0.0096   0.0384   0.40    1.1
2026/04/23 07:35:44.500   3509448.7600    779149.7011   5250952.5836   2  18   0.0634   0.0366   0.0370  -0.0038   0.0096   0.0384  -0.50    1.1
2026/04/23 07:35:44.600   3509448.7727    779149.8494   5250952.5524   2  18   0.0634   0.0366   0.0370  -0.0037   0.0096   0.0384  -0.40    1.0
2026/04/23 07:35:44.700   3509448.7836    779149.9986   5250952.5242   2  18   0.0634   0.0366   0.0370  -0.0036   0.0096   0.0384  -0.30    1.0
2026/04/23 07:35:44.800   3509448.7976    779150.1507   5250952.4877   2  18   0.0634   0.0365   0.0369  -0.0036   0.0096   0.0384  -0.20    1.1
2026/04/23 07:35:44.900   3509448.8064    779150.3039   5250952.4603   2  18   0.0633   0.0365   0.0369  -0.0035   0.0096   0.0384  -0.10    1.1
2026/04/23 07:35:45.000   3509448.8139    779150.4641   5250952.4284   2  18   0.0634   0.0366   0.0369  -0.0031   0.0096   0.0384   0.00    1.0
2026/04/23 07:35:45.100   3509448.8178    779150.6199   5250952.3987   2  18   0.0635   0.0366   0.0369  -0.0026   0.0097   0.0384   0.10    1.0
2026/04/23 07:35:45.200   3509448.8172    779150.7836   5250952.3646   2  18   0.0635   0.0366   0.0369  -0.0022   0.0097   0.0384   0.20    1.0
2026/04/23 07:35:45.300   3509448.8179    779150.9359   5250952.3394   2  18   0.0635   0.0366   0.0369  -0.0018   0.0098   0.0385   0.30    1.0
2026/04/23 07:35:45.400   3509448.8205    779151.0873   5250952.3127   2  17   0.0635   0.0366   0.0369  -0.0015   0.0098   0.0385   0.40    1.0
2026/04/23 07:35:45.500   3509448.8236    779151.2310   5250952.2878   2  18   0.0635   0.0366   0.0369  -0.0016   0.0098   0.0385  -0.50    1.0
2026/04/23 07:35:45.600   3509448.8308    779151.3710   5250952.2618   2  18   0.0635   0.0366   0.0369  -0.0018   0.0098   0.0385  -0.40    1.0
2026/04/23 07:35:45.700   3509448.8393    779151.5140   5250952.2316   2  18   0.0635   0.0366   0.0369  -0.0024   0.0098   0.0385  -0.30    1.0
2026/04/23 07:35:45.800   3509448.8442    779151.6657   5250952.2046   2  18   0.0635   0.0365   0.0369  -0.0028   0.0097   0.0385  -0.20    1.0
2026/04/23 07:35:45.900   3509448.8568    779151.8230   5250952.1803   2  18   0.0635   0.0365   0.0369  -0.0030   0.0097   0.0385  -0.10    1.0
2026/04/23 07:35:46.000   3509448.8669    779151.9888   5250952.1468   2  18   0.0635   0.0366   0.0369  -0.0028   0.0097   0.0385   0.00    1.1
2026/04/23 07:35:46.100   3509448.8753    779152.1531   5250952.1123   2  18   0.0635   0.0366   0.0369  -0.0027   0.0097   0.0385   0.10    1.0
2026/04/23 07:35:46.200   3509448.8893    779152.3132   5250952.0850   2  18   0.0634   0.0365   0.0369  -0.0025   0.0097   0.0385   0.20    1.0
2026/04/23 07:35:46.300   3509448.8953    779152.4674   5250952.0575   2  18   0.0634   0.0365   0.0369  -0.0025   0.0097   0.0385   0.30    1.0
2026/04/23 07:35:46.400   3509448.8974    779152.6165   5250952.0288   2  18   0.0634   0.0365   0.0369  -0.0024   0.0097   0.0385   0.40    1.0
2026/04/23 07:35:46.500   3509448.9049    779152.7627   5250951.9959   2  18   0.0633   0.0365   0.0369  -0.0023   0.0097   0.0385  -0.50    1.0
2026/04/23 07:35:46.600   3509448.9069    779152.9094   5250951.9649   2  18   0.0633   0.0365   0.0369  -0.0023   0.0097   0.0384  -0.40    1.0
2026/04/23 07:35:46.700   3509448.9195    779153.0625   5250951.9407   2  18   0.0633   0.0365   0.0369  -0.0024   0.0097   0.0384  -0.30    1.1
2026/04/23 07:35:46.800   3509448.9230    779153.2233   5250951.9098   2  18   0.0633   0.0365   0.0369  -0.0024   0.0097   0.0384  -0.20    1.1
2026/04/23 07:35:46.900   3509448.9258    779153.3783   5250951.8813   2  18   0.0632   0.0365   0.0369  -0.0025   0.0097   0.0383  -0.10    1.0
2026/04/23 07:35:47.000   3509448.9237    779153.5320   5250951.8564   2  18   0.0632   0.0365   0.0368  -0.0026   0.0097   0.0383   0.00    1.0
2026/04/23 07:35:47.100   3509448.9277    779153.6943   5250951.8319   2  18   0.0632   0.0364   0.0368  -0.0027   0.0096   0.0383   0.10    1.0
2026/04/23 07:35:47.200   3509448.9340    779153.8513   5250951.8023   2  18   0.0633   0.0364   0.0368  -0.0028   0.0096   0.0383   0.20    1.0
2026/04/23 07:35:47.300   3509448.9288    779154.0085   5250951.7804   2  18   0.0634   0.0365   0.0367  -0.0027   0.0097   0.0383   0.30    1.0
2026/04/23 07:35:47.400   3509448.9244    779154.1631   5250951.7610   2  18   0.0634   0.0365   0.0367  -0.0025   0.0097   0.0383   0.40    1.0
2026/04/23 07:35:47.500   3509448.9170    779154.3193   5250951.7454   2  17   0.0635   0.0365   0.0367  -0.0024   0.0097   0.0384  -0.50    1.0
2026/04/23 07:35:47.600   3509448.8995    779154.4662   5250951.7331   2  17   0.0635   0.0365   0.0367  -0.0023   0.0098   0.0384  -0.40    1.0
2026/04/23 07:35:47.700   3509448.8934    779154.6143   5250951.7195   2  17   0.0635   0.0365   0.0368  -0.0023   0.0098   0.0384  -0.30    1.0
2026/04/23 07:35:47.800   3509448.8913    779154.7632   5250951.7028   2  17   0.0635   0.0365   0.0368  -0.0023   0.0098   0.0385  -0.20    1.0
2026/04/23 07:35:47.900   3509448.8846    779154.9171   5250951.6816   2  17   0.0635   0.0365   0.0368  -0.0024   0.0098   0.0385  -0.10    1.0
2026/04/23 07:35:48.000   3509448.8789    779155.0693   5250951.6668   2  17   0.0635   0.0365   0.0368  -0.0024   0.0098   0.0385   0.00    1.0
2026/04/23 07:35:48.100   3509448.8832    779155.2234   5250951.6341   2  16   0.0635   0.0365   0.0368  -0.0032   0.0097   0.0386   0.10    1.1
2026/04/23 07:35:48.200   3509448.8842    779155.3823   5250951.6067   2  16   0.0636   0.0365   0.0369  -0.0037   0.0096   0.0386   0.20    1.0
2026/04/23 07:35:48.300   3509448.8788    779155.5467   5250951.5793   2  16   0.0636   0.0365   0.0369  -0.0040   0.0095   0.0387   0.30    1.2
2026/04/23 07:35:48.400   3509448.8698    779155.7139   5250951.5573   2  16   0.0636   0.0365   0.0370  -0.0041   0.0095   0.0387   0.40    1.0
2026/04/23 07:35:48.500   3509448.8584    779155.8785   5250951.5352   2  16   0.0636   0.0364   0.0370  -0.0042   0.0095   0.0388  -0.50    1.1
2026/04/23 07:35:48.600   3509448.8418    779156.0288   5250951.5069   2  16   0.0636   0.0364   0.0370  -0.0042   0.0095   0.0388  -0.40    1.1
2026/04/23 07:35:48.700   3509448.8160    779156.1571   5250951.4887   2  16   0.0636   0.0364   0.0370  -0.0042   0.0095   0.0388  -0.30    1.1
2026/04/23 07:35:48.800   3509448.7927    779156.2644   5250951.4766   2  16   0.0636   0.0364   0.0370  -0.0042   0.0095   0.0388  -0.20    1.1
2026/04/23 07:35:48.900   3509448.7879    779156.3467   5250951.4674   2  16   0.0636   0.0364   0.0370  -0.0042   0.0095   0.0387  -0.10    1.1
2026/04/23 07:35:49.000   3509448.7823    779156.4195   5250951.4562   2  16   0.0636   0.0364   0.0370  -0.0042   0.0095   0.0387   0.00    1.0
2026/04/23 07:35:49.100   3509448.7742    779156.4916   5250951.4551   2  16   0.0635   0.0364   0.0370  -0.0042   0.0095   0.0387   0.10    1.1
2026/04/23 07:35:49.200   3509448.7600    779156.5747   5250951.4473   2  16   0.0635   0.0364   0.0369  -0.0042   0.0095   0.0387   0.20    1.1
2026/04/23 07:35:49.300   3509448.7285    779156.6753   5250951.4391   2  16   0.0635   0.0364   0.0369  -0.0042   0.0095   0.0386   0.30    1.1
2026/04/23 07:35:49.400   3509448.6987    779156.7806   5250951.4469   2  16   0.0635   0.0364   0.0369  -0.0042   0.0095   0.0386   0.40    1.1
2026/04/23 07:35:49.500   3509448.6684    779156.8822   5250951.4540   2  16   0.0635   0.0364   0.0369  -0.0043   0.0094   0.0386  -0.50    1.1
2026/04/23 07:35:49.600   3509448.6284    779156.9881   5250951.4553   2  16   0.0634   0.0364   0.0368  -0.0043   0.0094   0.0386  -0.40    1.1
2026/04/23 07:35:49.700   3509448.5834    779157.0956   5250951.4669   2  16   0.0634   0.0364   0.0368  -0.0043   0.0094   0.0385  -0.30    1.1
2026/04/23 07:35:49.800   3509448.5354    779157.2136   5250951.4808   2  16   0.0634   0.0364   0.0368  -0.0044   0.0094   0.0385  -0.20    1.0
2026/04/23 07:35:49.900   3509448.4711    779157.3262   5250951.5075   2  16   0.0634   0.0364   0.0368  -0.0044   0.0094   0.0385  -0.10    1.3
2026/04/23 07:35:50.000   3509448.4107    779157.4349   5250951.5234   2  16   0.0633   0.0364   0.0367  -0.0044   0.0094   0.0385   0.00    1.1
2026/04/23 07:35:50.100   3509448.3601    779157.5462   5250951.5444   2  15   0.0635   0.0364   0.0367  -0.0047   0.0094   0.0385   0.10    1.1
2026/04/23 07:35:50.200   3509448.3024    779157.6679   5250951.5667   2  16   0.0634   0.0364   0.0367  -0.0046   0.0094   0.0385   0.20    1.1
2026/04/23 07:35:50.300   3509448.2554    779157.7729   5250951.5885   2  16   0.0634   0.0364   0.0368  -0.0046   0.0094   0.0384   0.30    1.1
2026/04/23 07:35:50.400   3509448.1896    779157.8763   5250951.6157   2  15   0.0635   0.0364   0.0368  -0.0044   0.0095   0.0384   0.40    1.0
2026/04/23 07:35:50.500   3509448.1160    779157.9814   5250951.6374   2  16   0.0636   0.0364   0.0369  -0.0047   0.0095   0.0384  -0.50    1.0
2026/04/23 07:35:50.600   3509448.0554    779158.0811   5250951.6550   2  16   0.0637   0.0364   0.0369  -0.0049   0.0095   0.0384  -0.40    1.0
2026/04/23 07:35:50.700   3509447.9967    779158.1791   5250951.6743   2  16   0.0637   0.0364   0.0369  -0.0050   0.0095   0.0384  -0.30    1.0
2026/04/23 07:35:50.800   3509447.9446    779158.2650   5250951.6984   2  16   0.0637   0.0364   0.0369  -0.0050   0.0094   0.0385  -0.20    1.0
2026/04/23 07:35:50.900   3509447.8902    779158.3548   5250951.7203   2  16   0.0636   0.0364   0.0369  -0.0050   0.0094   0.0385  -0.10    1.1
2026/04/23 07:35:51.000   3509447.8263    779158.4528   5250951.7402   2  15   0.0637   0.0364   0.0370  -0.0044   0.0096   0.0386   0.00    1.0
2026/04/23 07:35:51.100   3509447.7710    779158.5437   5250951.7644   2  16   0.0637   0.0364   0.0370  -0.0046   0.0095   0.0386   0.10    1.1
2026/04/23 07:35:51.200   3509447.7082    779158.6340   5250951.7887   2  16   0.0636   0.0363   0.0370  -0.0047   0.0095   0.0385   0.20    1.0
2026/04/23 07:35:51.300   3509447.6400    779158.7225   5250951.8147   2  16   0.0636   0.0363   0.0370  -0.0047   0.0095   0.0385   0.30    1.0
2026/04/23 07:35:51.400   3509447.5769    779158.8061   5250951.8459   2  16   0.0635   0.0363   0.0370  -0.0047   0.0095   0.0385   0.40    1.1
2026/04/23 07:35:51.500   3509447.5107    779158.8917   5250951.8747   2  16   0.0635   0.0363   0.0370  -0.0047   0.0095   0.0385  -0.50    1.2
2026/04/23 07:35:51.600   3509447.4419    779158.9761   5250951.9119   2  16   0.0634   0.0363   0.0369  -0.0047   0.0094   0.0385  -0.40    1.0
2026/04/23 07:35:51.700   3509447.3721    779159.0527   5250951.9476   2  16   0.0634   0.0363   0.0369  -0.0046   0.0094   0.0385  -0.30    1.3
2026/04/23 07:35:51.800   3509447.2947    779159.1223   5250951.9876   2  16   0.0634   0.0363   0.0369  -0.0046   0.0094   0.0385  -0.20    1.1
2026/04/23 07:35:51.900   3509447.2218    779159.1852   5250952.0272   2  16   0.0633   0.0363   0.0369  -0.0045   0.0094   0.0385  -0.10    1.0
2026/04/23 07:35:52.000   3509447.1384    779159.2480   5250952.0721   2  16   0.0633   0.0363   0.0368  -0.0045   0.0094   0.0385   0.00    1.1
2026/04/23 07:35:52.100   3509447.0682    779159.3083   5250952.1244   2  16   0.0633   0.0363   0.0368  -0.0045   0.0094   0.0385   0.10    1.2
2026/04/23 07:35:52.200   3509446.9924    779159.3661   5250952.1725   2  16   0.0633   0.0363   0.0368  -0.0045   0.0094   0.0385   0.20    1.2
2026/04/23 07:35:52.300   3509446.9038    779159.4216   5250952.2209   2  16   0.0633   0.0363   0.0368  -0.0045   0.0094   0.0384   0.30    1.1
2026/04/23 07:35:52.400   3509446.8198    779159.4686   5250952.2746   2  16   0.0632   0.0363   0.0367  -0.0045   0.0094   0.0384   0.40    1.0
2026/04/23 07:35:52.500   3509446.7278    779159.5138   5250952.3289   2  16   0.0632   0.0363   0.0367  -0.0045   0.0094   0.0384  -0.50    1.1
2026/04/23 07:35:52.600   3509446.6394    779159.5530   5250952.3784   2  16   0.0632   0.0363   0.0367  -0.0045   0.0094   0.0384  -0.40    1.1
2026/04/23 07:35:52.700   3509446.5549    779159.5914   5250952.4359   2  16   0.0633   0.0363   0.0367  -0.0047   0.0094   0.0384  -0.30    1.0
2026/04/23 07:35:52.800   3509446.4682    779159.6279   5250952.4944   2  16   0.0634   0.0362   0.0367  -0.0048   0.0093   0.0384  -0.20    1.0
2026/04/23 07:35:52.900   3509446.3735    779159.6666   5250952.5578   2  16   0.0634   0.0362   0.0367  -0.0049   0.0093   0.0384  -0.10    1.0
2026/04/23 07:35:53.000   3509446.2817    779159.7060   5250952.6212   2  16   0.0634   0.0362   0.0367  -0.0049   0.0093   0.0384   0.00    1.1
2026/04/23 07:35:53.100   3509446.1936    779159.7439   5250952.6805   2  16   0.0634   0.0362   0.0367  -0.0049   0.0093   0.0385   0.10    1.1
2026/04/23 07:35:53.200   3509446.1077    779159.7776   5250952.7341   2  16   0.0634   0.0362   0.0367  -0.0048   0.0093   0.0385   0.20    1.0
2026/04/23 07:35:53.300   3509446.0142    779159.8173   5250952.7947   2  16   0.0635   0.0363   0.0367  -0.0052   0.0091   0.0385   0.30    1.0
2026/04/23 07:35:53.400   3509445.9228    779159.8482   5250952.8564   2  16   0.0635   0.0363   0.0368  -0.0055   0.0090   0.0385   0.40    1.1
2026/04/23 07:35:53.500   3509445.8263    779159.8843   5250952.9141   2  16   0.0636   0.0364   0.0368  -0.0056   0.0089   0.0385  -0.50    1.0
2026/04/23 07:35:53.600   3509445.7310    779159.9060   5250952.9719   2  16   0.0636   0.0364   0.0368  -0.0057   0.0089   0.0385  -0.40    1.1
2026/04/23 07:35:53.700   3509445.6382    779159.9256   5250953.0296   2  16   0.0636   0.0363   0.0369  -0.0057   0.0088   0.0386  -0.30    1.1
2026/04/23 07:35:53.800   3509445.5429    779159.9504   5250953.0903   2  15   0.0636   0.0363   0.0369  -0.0056   0.0089   0.0386  -0.20    1.0
2026/04/23 07:35:53.900   3509445.4352    779159.9698   5250953.1529   2  15   0.0636   0.0363   0.0369  -0.0055   0.0089   0.0386  -0.10    1.0
2026/04/23 07:35:54.000   3509445.3384    779159.9819   5250953.2101   2  16   0.0636   0.0363   0.0369  -0.0054   0.0089   0.0386   0.00    1.0
2026/04/23 07:35:54.100   3509445.2428    779159.9905   5250953.2634   2  15   0.0636   0.0363   0.0369  -0.0054   0.0089   0.0386   0.10    1.0
2026/04/23 07:35:54.200   3509445.1424    779160.0095   5250953.3242   2  14   0.0637   0.0363   0.0369  -0.0048   0.0091   0.0386   0.20    1.0
2026/04/23 07:35:54.300   3509445.0376    779160.0239   5250953.3876   2  15   0.0637   0.0362   0.0369  -0.0050   0.0091   0.0386   0.30    1.0
2026/04/23 07:35:54.400   3509444.9457    779160.0403   5250953.4523   2  15   0.0637   0.0363   0.0369  -0.0043   0.0092   0.0387   0.40    1.0
2026/04/23 07:35:54.500   3509444.8616    779160.0502   5250953.5133   2  16   0.0638   0.0363   0.0370  -0.0038   0.0094   0.0388  -0.50    1.0
2026/04/23 07:35:54.600   3509444.7624    779160.0659   5250953.5741   2  15   0.0638   0.0363   0.0370  -0.0033   0.0094   0.0388  -0.40    1.0
2026/04/23 07:35:54.700   3509444.6761    779160.0793   5250953.6303   2  16   0.0638   0.0363   0.0370  -0.0028   0.0095   0.0389  -0.30    1.0
2026/04/23 07:35:54.800   3509444.5881    779160.0925   5250953.6902   2  16   0.0638   0.0363   0.0371  -0.0024   0.0096   0.0389  -0.20    1.0
2026/04/23 07:35:54.900   3509444.5015    779160.0953   5250953.7551   2  15   0.0639   0.0363   0.0371  -0.0022   0.0096   0.0389  -0.10    1.0
2026/04/23 07:35:55.000   3509444.4159    779160.1051   5250953.8076   2  15   0.0639   0.0363   0.0371  -0.0019   0.0096   0.0389   0.00    1.0
2026/04/23 07:35:55.100   3509444.3161    779160.1139   5250953.8697   2  16   0.0640   0.0362   0.0371  -0.0016   0.0097   0.0390   0.10    1.0
2026/04/23 07:35:55.200   3509444.2234    779160.1214   5250953.9290   2  15   0.0640   0.0362   0.0371  -0.0012   0.0097   0.0390   0.20    1.0
2026/04/23 07:35:55.300   3509444.1269    779160.1288   5250953.9930   2  15   0.0640   0.0362   0.0372  -0.0018   0.0097   0.0389   0.30    1.0
2026/04/23 07:35:55.400   3509444.0263    779160.1337   5250954.0553   2  15   0.0641   0.0362   0.0373  -0.0022   0.0098   0.0389   0.40    1.0
2026/04/23 07:35:55.500   3509443.9301    779160.1361   5250954.1226   2  15   0.0642   0.0363   0.0374  -0.0024   0.0098   0.0389  -0.50    1.0
2026/04/23 07:35:55.600   3509443.8439    779160.1396   5250954.1892   2  15   0.0642   0.0363   0.0374  -0.0026   0.0098   0.0389  -0.40    1.0
2026/04/23 07:35:55.700   3509443.7404    779160.1478   5250954.2511   2  15   0.0642   0.0362   0.0374  -0.0026   0.0098   0.0389  -0.30    1.0
2026/04/23 07:35:55.800   3509443.6396    779160.1525   5250954.3149   2  15   0.0641   0.0362   0.0374  -0.0027   0.0098   0.0390  -0.20    1.0
2026/04/23 07:35:55.900   3509443.5554    779160.1560   5250954.3831   2  15   0.0641   0.0362   0.0374  -0.0027   0.0098   0.0390  -0.10    1.0
2026/04/23 07:35:56.000   3509443.4609    779160.1567   5250954.4497   2  14   0.0640   0.0362   0.0374  -0.0025   0.0098   0.0390   0.00    1.1
2026/04/23 07:35:56.100   3509443.3457    779160.1739   5250954.5241   2  15   0.0640   0.0362   0.0374  -0.0027   0.0098   0.0390   0.10    1.1
2026/04/23 07:35:56.200   3509443.2352    779160.1866   5250954.5935   2  15   0.0639   0.0362   0.0374  -0.0029   0.0097   0.0390   0.20    1.1
2026/04/23 07:35:56.300   3509443.1294    779160.1994   5250954.6564   2  15   0.0638   0.0362   0.0373  -0.0030   0.0097   0.0390   0.30    1.0
2026/04/23 07:35:56.400   3509443.0197    779160.2169   5250954.7206   2  15   0.0637   0.0361   0.0373  -0.0031   0.0097   0.0390   0.40    1.1
2026/04/23 07:35:56.500   3509442.9205    779160.2331   5250954.7838   2  15   0.0637   0.0361   0.0373  -0.0031   0.0097   0.0389  -0.50    1.0
2026/04/23 07:35:56.600   3509442.8122    779160.2514   5250954.8455   2  15   0.0636   0.0361   0.0372  -0.0031   0.0096   0.0389  -0.40    1.2
2026/04/23 07:35:56.700   3509442.7020    779160.2699   5250954.9144   2  15   0.0635   0.0361   0.0372  -0.0032   0.0096   0.0389  -0.30    1.0
2026/04/23 07:35:56.800   3509442.5946    779160.2880   5250954.9824   2  15   0.0635   0.0361   0.0372  -0.0032   0.0096   0.0388  -0.20    1.1
2026/04/23 07:35:56.900   3509442.4828    779160.3090   5250955.0581   2  16   0.0634   0.0361   0.0371  -0.0033   0.0096   0.0388  -0.10    1.0
2026/04/23 07:35:57.000   3509442.3716    779160.3329   5250955.1293   2  16   0.0634   0.0361   0.0371  -0.0033   0.0096   0.0387   0.00    1.0
2026/04/23 07:35:57.100   3509442.2599    779160.3533   5250955.2001   2  15   0.0635   0.0361   0.0370  -0.0036   0.0095   0.0387   0.10    1.0
2026/04/23 07:35:57.200   3509442.1587    779160.3669   5250955.2592   2  15   0.0635   0.0361   0.0370  -0.0037   0.0095   0.0387   0.20    1.1
2026/04/23 07:35:57.300   3509442.0635    779160.3840   5250955.3277   2  16   0.0634   0.0361   0.0370  -0.0035   0.0095   0.0386   0.30    1.0
2026/04/23 07:35:57.400   3509441.9671    779160.4063   5250955.3878   2  16   0.0635   0.0361   0.0369  -0.0030   0.0096   0.0386   0.40    1.0
2026/04/23 07:35:57.500   3509441.8569    779160.4320   5250955.4506   2  16   0.0636   0.0361   0.0369  -0.0024   0.0096   0.0387  -0.50    1.0
2026/04/23 07:35:57.600   3509441.7565    779160.4424   5250955.5179   2  14   0.0637   0.0361   0.0369  -0.0022   0.0096   0.0387  -0.40    1.0
2026/04/23 07:35:57.700   3509441.6484    779160.4569   5250955.5826   2  16   0.0637   0.0361   0.0369  -0.0013   0.0097   0.0387  -0.30    1.0
2026/04/23 07:35:57.800   3509441.5419    779160.4745   5250955.6510   2  15   0.0638   0.0361   0.0369   0.0009   0.0097   0.0388  -0.20    1.0
2026/04/23 07:35:57.900   3509441.4303    779160.4940   5250955.7209   2  15   0.0638   0.0361   0.0369   0.0016   0.0098   0.0388  -0.10    1.0
2026/04/23 07:35:58.000   3509441.3175    779160.4969   5250955.7885   2  16   0.0637   0.0361   0.0369   0.0010   0.0098   0.0388   0.00    1.0
2026/04/23 07:35:58.100   3509441.2148    779160.4970   5250955.8470   2  15   0.0637   0.0361   0.0370  -0.0016   0.0098   0.0388   0.10    1.0
2026/04/23 07:35:58.200   3509441.1157    779160.4976   5250955.9133   2  15   0.0637   0.0360   0.0371  -0.0016   0.0098   0.0387   0.20    1.0
2026/04/23 07:35:58.300   3509441.0101    779160.5053   5250955.9831   2  16   0.0637   0.0360   0.0371  -0.0016   0.0098   0.0387   0.30    1.0
2026/04/23 07:35:58.400   3509440.9224    779160.5077   5250956.0528   2  15   0.0636   0.0360   0.0372  -0.0024   0.0098   0.0387   0.40    1.0
2026/04/23 07:35:58.500   3509440.8189    779160.5169   5250956.1195   2  16   0.0636   0.0360   0.0372  -0.0022   0.0099   0.0386  -0.50    1.0
2026/04/23 07:35:58.600   3509440.7178    779160.5322   5250956.1882   2  15   0.0636   0.0360   0.0372  -0.0012   0.0099   0.0386  -0.40    1.0
2026/04/23 07:35:58.700   3509440.6085    779160.5484   5250956.2619   2  16   0.0636   0.0361   0.0372   0.0011   0.0099   0.0386  -0.30    1.0
2026/04/23 07:35:58.800   3509440.4924    779160.5658   5250956.3376   2  16   0.0636   0.0361   0.0372   0.0017   0.0100   0.0386  -0.20    1.0
2026/04/23 07:35:58.900   3509440.3849    779160.5821   5250956.4066   2  16   0.0636   0.0361   0.0371   0.0020   0.0100   0.0386  -0.10    1.0
2026/04/23 07:35:59.000   3509440.2852    779160.6008   5250956.4781   2  15   0.0636   0.0360   0.0371   0.0020   0.0100   0.0386   0.00    1.1
2026/04/23 07:35:59.100   3509440.1843    779160.6232   5250956.5459   2  15   0.0636   0.0361   0.0371   0.0006   0.0099   0.0387   0.10    1.0
2026/04/23 07:35:59.200   3509440.0836    779160.6469   5250956.6142   2  15   0.0635   0.0360   0.0370   0.0011   0.0099   0.0387   0.20    1.2
2026/04/23 07:35:59.300   3509439.9839    779160.6626   5250956.6805   2  15   0.0636   0.0360   0.0370  -0.0018   0.0098   0.0387   0.30    1.0
2026/04/23 07:35:59.400   3509439.8802    779160.6881   5250956.7441   2  15   0.0636   0.0360   0.0370  -0.0014   0.0098   0.0387   0.40    1.2
2026/04/23 07:35:59.500   3509439.7830    779160.7053   5250956.8078   2  16   0.0635   0.0360   0.0370  -0.0012   0.0098   0.0386  -0.50    1.1
2026/04/23 07:35:59.600   3509439.6815    779160.7272   5250956.8740   2  16   0.0635   0.0360   0.0370  -0.0013   0.0098   0.0386  -0.40    1.0
2026/04/23 07:35:59.700   3509439.5813    779160.7451   5250956.9433   2  15   0.0634   0.0360   0.0369  -0.0015   0.0098   0.0386  -0.30    1.0
2026/04/23 07:35:59.800   3509439.4739    779160.7601   5250957.0088   2  16   0.0634   0.0360   0.0369  -0.0016   0.0098   0.0386  -0.20    1.3
2026/04/23 07:35:59.900   3509439.3700    779160.7774   5250957.0820   2  15   0.0634   0.0360   0.0369  -0.0018   0.0097   0.0385  -0.10    1.3
2026/04/23 07:36:00.000   3509439.2506    779160.7928   5250957.1515   2  15   0.0633   0.0360   0.0368  -0.0020   0.0097   0.0385   0.00    1.0
2026/04/23 07:36:00.100   3509439.1385    779160.8065   5250957.2186   2  15   0.0633   0.0359   0.0368  -0.0021   0.0097   0.0385   0.10    1.1
2026/04/23 07:36:00.200   3509439.0227    779160.8223   5250957.2909   2  15   0.0633   0.0359   0.0368  -0.0022   0.0097   0.0385   0.20    1.3
2026/04/23 07:36:00.300   3509438.9142    779160.8386   5250957.3604   2  14   0.0634   0.0360   0.0368  -0.0030   0.0096   0.0385   0.30    1.1
2026/04/23 07:36:00.400   3509438.8242    779160.8499   5250957.4221   2  15   0.0633   0.0360   0.0368  -0.0029   0.0095   0.0384   0.40    1.1
2026/04/23 07:36:00.500   3509438.7264    779160.8554   5250957.4836   2  15   0.0633   0.0360   0.0368  -0.0028   0.0095   0.0384  -0.50    1.0
2026/04/23 07:36:00.600   3509438.6283    779160.8665   5250957.5465   2  15   0.0632   0.0360   0.0368  -0.0028   0.0094   0.0384  -0.40    1.0
2026/04/23 07:36:00.700   3509438.5283    779160.8829   5250957.6104   2  15   0.0632   0.0360   0.0367  -0.0028   0.0094   0.0384  -0.30    1.4
2026/04/23 07:36:00.800   3509438.4322    779160.8956   5250957.6738   2  15   0.0632   0.0360   0.0367  -0.0028   0.0094   0.0383  -0.20    1.4
2026/04/23 07:36:00.900   3509438.3323    779160.9120   5250957.7384   2  15   0.0632   0.0360   0.0367  -0.0028   0.0094   0.0383  -0.10    1.4
2026/04/23 07:36:01.000   3509438.2254    779160.9240   5250957.8024   2  15   0.0631   0.0359   0.0367  -0.0029   0.0094   0.0383   0.00    1.0
2026/04/23 07:36:01.100   3509438.1256    779160.9368   5250957.8717   2  15   0.0632   0.0360   0.0367  -0.0019   0.0095   0.0383   0.10    1.0
2026/04/23 07:36:01.200   3509438.0176    779160.9570   5250957.9382   2  15   0.0632   0.0360   0.0367  -0.0003   0.0096   0.0383   0.20    1.1
2026/04/23 07:36:01.300   3509437.9157    779160.9761   5250958.0053   2  15   0.0633   0.0360   0.0367   0.0016   0.0096   0.0384   0.30    1.0
2026/04/23 07:36:01.400   3509437.8050    779160.9897   5250958.0743   2  15   0.0633   0.0360   0.0367   0.0020   0.0097   0.0384   0.40    1.0
2026/04/23 07:36:01.500   3509437.6964    779160.9949   5250958.1455   2  15   0.0633   0.0360   0.0367   0.0023   0.0097   0.0384  -0.50    1.0
2026/04/23 07:36:01.600   3509437.5941    779161.0001   5250958.2132   2  15   0.0633   0.0360   0.0367   0.0024   0.0097   0.0384  -0.40    1.1
2026/04/23 07:36:01.700   3509437.4940    779161.0078   5250958.2819   2  15   0.0633   0.0360   0.0367   0.0024   0.0097   0.0384  -0.30    1.0
2026/04/23 07:36:01.800   3509437.3845    779161.0147   5250958.3516   2  15   0.0633   0.0359   0.0367   0.0023   0.0097   0.0384  -0.20    1.1
2026/04/23 07:36:01.900   3509437.2919    779161.0241   5250958.4132   2  15   0.0633   0.0359   0.0367   0.0022   0.0097   0.0385  -0.10    1.1
2026/04/23 07:36:02.000   3509437.1851    779161.0321   5250958.4846   2  15   0.0633   0.0359   0.0367   0.0019   0.0097   0.0385   0.00    1.1
2026/04/23 07:36:02.100   3509437.0850    779161.0399   5250958.5510   2  15   0.0633   0.0359   0.0367   0.0017   0.0097   0.0385   0.10    1.1
2026/04/23 07:36:02.200   3509436.9805    779161.0534   5250958.6219   2  15   0.0633   0.0359   0.0368   0.0011   0.0098   0.0384   0.20    1.1
2026/04/23 07:36:02.300   3509436.8811    779161.0702   5250958.6925   2  15   0.0633   0.0359   0.0369  -0.0004   0.0098   0.0383   0.30    1.1
2026/04/23 07:36:02.400   3509436.7826    779161.0826   5250958.7637   2  15   0.0633   0.0359   0.0370  -0.0011   0.0098   0.0383   0.40    1.2
2026/04/23 07:36:02.500   3509436.6803    779161.0979   5250958.8292   2  15   0.0633   0.0359   0.0370  -0.0014   0.0098   0.0383  -0.50    1.2
2026/04/23 07:36:02.600   3509436.5779    779161.1053   5250958.8976   2  15   0.0632   0.0359   0.0370  -0.0016   0.0098   0.0383  -0.40    1.0
2026/04/23 07:36:02.700   3509436.4679    779161.1245   5250958.9634   2  15   0.0632   0.0358   0.0370  -0.0017   0.0098   0.0383  -0.30    1.3
2026/04/23 07:36:02.800   3509436.3642    779161.1444   5250959.0326   2  15   0.0632   0.0358   0.0369  -0.0018   0.0097   0.0383  -0.20    1.2
2026/04/23 07:36:02.900   3509436.2581    779161.1665   5250959.0987   2  15   0.0631   0.0358   0.0369  -0.0019   0.0097   0.0383  -0.10    1.2
2026/04/23 07:36:03.000   3509436.1473    779161.1859   5250959.1666   2  15   0.0631   0.0358   0.0369  -0.0019   0.0097   0.0383   0.00    1.2
2026/04/23 07:36:03.100   3509436.0454    779161.2009   5250959.2351   2  15   0.0631   0.0358   0.0368  -0.0019   0.0097   0.0383   0.10    1.3
2026/04/23 07:36:03.200   3509435.9356    779161.2203   5250959.3016   2  15   0.0631   0.0358   0.0368  -0.0020   0.0096   0.0383   0.20    1.4
2026/04/23 07:36:03.300   3509435.8232    779161.2352   5250959.3667   2  15   0.0631   0.0358   0.0368  -0.0020   0.0096   0.0383   0.30    1.0
2026/04/23 07:36:03.400   3509435.7191    779161.2501   5250959.4284   2  15   0.0630   0.0358   0.0367  -0.0021   0.0096   0.0383   0.40    1.4
2026/04/23 07:36:03.500   3509435.6253    779161.2667   5250959.4962   2  15   0.0630   0.0358   0.0367  -0.0021   0.0096   0.0382  -0.50    1.3
2026/04/23 07:36:03.600   3509435.5244    779161.2771   5250959.5582   2  15   0.0630   0.0358   0.0367  -0.0022   0.0096   0.0382  -0.40    1.3
2026/04/23 07:36:03.700   3509435.4207    779161.2902   5250959.6249   2  15   0.0630   0.0358   0.0367  -0.0022   0.0095   0.0382  -0.30    1.3
2026/04/23 07:36:03.800   3509435.3199    779161.3030   5250959.6909   2  15   0.0630   0.0358   0.0367  -0.0024   0.0095   0.0381  -0.20    1.1
2026/04/23 07:36:03.900   3509435.2151    779161.3192   5250959.7587   2  15   0.0630   0.0358   0.0368  -0.0025   0.0096   0.0381  -0.10    1.1
2026/04/23 07:36:04.000   3509435.1092    779161.3408   5250959.8248   2  15   0.0630   0.0358   0.0368  -0.0026   0.0096   0.0380   0.00    1.1
2026/04/23 07:36:04.100   3509435.0032    779161.3614   5250959.8878   2  15   0.0630   0.0358   0.0368  -0.0027   0.0096   0.0380   0.10    1.1
2026/04/23 07:36:04.200   3509434.9029    779161.3803   5250959.9518   2  15   0.0630   0.0358   0.0368  -0.0027   0.0096   0.0380   0.20    1.1
2026/04/23 07:36:04.300   3509434.8020    779161.3968   5250960.0194   2  15   0.0630   0.0358   0.0368  -0.0028   0.0096   0.0380   0.30    1.4
2026/04/23 07:36:04.400   3509434.6949    779161.4096   5250960.0874   2  15   0.0630   0.0358   0.0368  -0.0028   0.0096   0.0380   0.40    1.2
2026/04/23 07:36:04.500   3509434.5824    779161.4225   5250960.1588   2  15   0.0629   0.0358   0.0368  -0.0028   0.0096   0.0380  -0.50    1.3
2026/04/23 07:36:04.600   3509434.4724    779161.4483   5250960.2230   2  15   0.0629   0.0358   0.0368  -0.0027   0.0096   0.0380  -0.40    1.3
2026/04/23 07:36:04.700   3509434.3614    779161.4703   5250960.2919   2  15   0.0629   0.0358   0.0367  -0.0027   0.0096   0.0380  -0.30    1.4
2026/04/23 07:36:04.800   3509434.2590    779161.4942   5250960.3581   2  15   0.0629   0.0358   0.0367  -0.0026   0.0096   0.0380  -0.20    1.5
2026/04/23 07:36:04.900   3509434.1600    779161.5124   5250960.4258   2  15   0.0629   0.0358   0.0367  -0.0026   0.0096   0.0380  -0.10    1.0
2026/04/23 07:36:05.000   3509434.0482    779161.5327   5250960.4919   2  15   0.0629   0.0358   0.0367  -0.0026   0.0096   0.0380   0.00    1.4
2026/04/23 07:36:05.100   3509433.9416    779161.5569   5250960.5563   2  16   0.0628   0.0357   0.0366  -0.0025   0.0096   0.0381   0.10    1.0
2026/04/23 07:36:05.200   3509433.8325    779161.5825   5250960.6183   2  16   0.0628   0.0357   0.0366  -0.0025   0.0095   0.0381   0.20    1.0
2026/04/23 07:36:05.300   3509433.7400    779161.6027   5250960.6825   2  16   0.0629   0.0357   0.0366  -0.0032   0.0095   0.0380   0.30    1.0
2026/04/23 07:36:05.400   3509433.6289    779161.6220   5250960.7529   2  16   0.0629   0.0358   0.0366  -0.0035   0.0095   0.0380   0.40    1.0
2026/04/23 07:36:05.500   3509433.5305    779161.6424   5250960.8261   2  16   0.0629   0.0357   0.0366  -0.0037   0.0095   0.0380  -0.50    1.0
2026/04/23 07:36:05.600   3509433.4255    779161.6607   5250960.8952   2  16   0.0629   0.0357   0.0366  -0.0037   0.0095   0.0380  -0.40    1.0
2026/04/23 07:36:05.700   3509433.3283    779161.6837   5250960.9594   2  16   0.0629   0.0357   0.0366  -0.0037   0.0094   0.0380  -0.30    1.1
2026/04/23 07:36:05.800   3509433.2174    779161.7073   5250961.0290   2  16   0.0629   0.0357   0.0365  -0.0037   0.0094   0.0380  -0.20    1.0
2026/04/23 07:36:05.900   3509433.1208    779161.7325   5250961.0944   2  16   0.0629   0.0357   0.0365  -0.0036   0.0094   0.0380  -0.10    1.1
2026/04/23 07:36:06.000   3509433.0169    779161.7509   5250961.1631   2  16   0.0629   0.0357   0.0365  -0.0036   0.0093   0.0380   0.00    1.1
2026/04/23 07:36:06.100   3509432.9213    779161.7747   5250961.2286   2  16   0.0629   0.0357   0.0365  -0.0035   0.0093   0.0380   0.10    1.1
2026/04/23 07:36:06.200   3509432.8156    779161.8014   5250961.2940   2  16   0.0628   0.0356   0.0365  -0.0035   0.0093   0.0380   0.20    1.1
2026/04/23 07:36:06.300   3509432.7147    779161.8214   5250961.3588   2  16   0.0628   0.0356   0.0365  -0.0035   0.0093   0.0380   0.30    1.1
2026/04/23 07:36:06.400   3509432.6061    779161.8435   5250961.4233   2  16   0.0628   0.0356   0.0365  -0.0035   0.0093   0.0380   0.40    1.1
2026/04/23 07:36:06.500   3509432.4932    779161.8652   5250961.4947   2  16   0.0628   0.0356   0.0365  -0.0035   0.0093   0.0380  -0.50    1.1
2026/04/23 07:36:06.600   3509432.3962    779161.8843   5250961.5605   2  16   0.0628   0.0356   0.0365  -0.0035   0.0092   0.0380  -0.40    1.1
2026/04/23 07:36:06.700   3509432.2931    779161.9030   5250961.6250   2  16   0.0628   0.0356   0.0365  -0.0034   0.0092   0.0380  -0.30    1.0
2026/04/23 07:36:06.800   3509432.1848    779161.9249   5250961.6942   2  16   0.0628   0.0356   0.0365  -0.0034   0.0092   0.0380  -0.20    1.1
2026/04/23 07:36:06.900   3509432.0832    779161.9458   5250961.7645   2  16   0.0628   0.0356   0.0365  -0.0034   0.0092   0.0380  -0.10    1.1
2026/04/23 07:36:07.000   3509431.9743    779161.9633   5250961.8315   2  16   0.0627   0.0356   0.0364  -0.0034   0.0092   0.0380   0.00    1.2
2026/04/23 07:36:07.100   3509431.8656    779161.9814   5250961.9022   2  16   0.0627   0.0356   0.0364  -0.0035   0.0092   0.0380   0.10    1.2
2026/04/23 07:36:07.200   3509431.7606    779161.9913   5250961.9667   2  16   0.0627   0.0356   0.0364  -0.0035   0.0092   0.0380   0.20    1.2
2026/04/23 07:36:07.300   3509431.6571    779161.9925   5250962.0274   2  16   0.0628   0.0356   0.0365  -0.0033   0.0093   0.0379   0.30    1.0
2026/04/23 07:36:07.400   3509431.5572    779162.0044   5250962.0936   2  16   0.0629   0.0356   0.0366  -0.0024   0.0094   0.0379   0.40    1.0
2026/04/23 07:36:07.500   3509431.4542    779162.0139   5250962.1598   2  16   0.0630   0.0357   0.0367  -0.0010   0.0096   0.0379  -0.50    1.0
2026/04/23 07:36:07.600   3509431.3519    779162.0239   5250962.2285   2  16   0.0630   0.0357   0.0367   0.0013   0.0097   0.0380  -0.40    1.0
2026/04/23 07:36:07.700   3509431.2521    779162.0355   5250962.2941   2  16   0.0630   0.0357   0.0367   0.0018   0.0097   0.0381  -0.30    1.0
2026/04/23 07:36:07.800   3509431.1520    779162.0494   5250962.3633   2  16   0.0630   0.0357   0.0368   0.0018   0.0098   0.0381  -0.20    1.0
2026/04/23 07:36:07.900   3509431.0453    779162.0646   5250962.4314   2  16   0.0630   0.0356   0.0368   0.0017   0.0098   0.0382  -0.10    1.1
2026/04/23 07:36:08.000   3509430.9360    779162.0902   5250962.5065   2  16   0.0630   0.0356   0.0368   0.0014   0.0097   0.0382   0.00    1.1
2026/04/23 07:36:08.100   3509430.8232    779162.1121   5250962.5807   2  17   0.0630   0.0356   0.0368   0.0010   0.0097   0.0383   0.10    1.1
2026/04/23 07:36:08.200   3509430.7120    779162.1279   5250962.6523   2  17   0.0630   0.0356   0.0368  -0.0002   0.0097   0.0383   0.20    1.1
2026/04/23 07:36:08.300   3509430.5976    779162.1368   5250962.7259   2  17   0.0630   0.0356   0.0368  -0.0010   0.0096   0.0383   0.30    1.1
2026/04/23 07:36:08.400   3509430.4851    779162.1523   5250962.7915   2  17   0.0630   0.0356   0.0368   0.0004   0.0096   0.0383   0.40    1.0
2026/04/23 07:36:08.500   3509430.3778    779162.1742   5250962.8631   2  17   0.0630   0.0356   0.0368   0.0010   0.0096   0.0383  -0.50    1.0
2026/04/23 07:36:08.600   3509430.2710    779162.2005   5250962.9287   2  17   0.0630   0.0356   0.0367   0.0010   0.0096   0.0383  -0.40    1.1
2026/04/23 07:36:08.700   3509430.1602    779162.2147   5250962.9962   2  17   0.0630   0.0356   0.0367   0.0009   0.0096   0.0383  -0.30    1.1
2026/04/23 07:36:08.800   3509430.0458    779162.2367   5250963.0658   2  17   0.0629   0.0356   0.0367   0.0004   0.0096   0.0383  -0.20    1.1
2026/04/23 07:36:08.900   3509429.9411    779162.2602   5250963.1308   2  17   0.0629   0.0356   0.0367   0.0006   0.0096   0.0383  -0.10    1.0
2026/04/23 07:36:09.000   3509429.8387    779162.2845   5250963.1935   2  17   0.0629   0.0356   0.0367   0.0006   0.0096   0.0383   0.00    1.1
2026/04/23 07:36:09.100   3509429.7370    779162.3061   5250963.2610   2  17   0.0629   0.0355   0.0366   0.0002   0.0095   0.0383   0.10    1.1
2026/04/23 07:36:09.200   3509429.6318    779162.3203   5250963.3323   2  17   0.0629   0.0355   0.0366  -0.0007   0.0095   0.0383   0.20    1.1
2026/04/23 07:36:09.300   3509429.5312    779162.3380   5250963.4099   2  17   0.0629   0.0355   0.0366  -0.0011   0.0095   0.0383   0.30    1.1
2026/04/23 07:36:09.400   3509429.4227    779162.3517   5250963.4817   2  17   0.0628   0.0355   0.0366  -0.0014   0.0095   0.0383   0.40    1.0
2026/04/23 07:36:09.500   3509429.3044    779162.3622   5250963.5483   2  17   0.0628   0.0355   0.0366  -0.0017   0.0095   0.0383  -0.50    1.1
2026/04/23 07:36:09.600   3509429.1993    779162.3658   5250963.6256   2  17   0.0628   0.0355   0.0366  -0.0019   0.0095   0.0383  -0.40    1.1
2026/04/23 07:36:09.700   3509429.0967    779162.3799   5250963.6939   2  16   0.0629   0.0355   0.0366  -0.0029   0.0093   0.0383  -0.30    1.1
2026/04/23 07:36:09.800   3509428.9879    779162.3867   5250963.7654   2  16   0.0630   0.0355   0.0366  -0.0035   0.0092   0.0384  -0.20    1.2
2026/04/23 07:36:09.900   3509428.8814    779162.3872   5250963.8423   2  16   0.0630   0.0355   0.0366  -0.0039   0.0092   0.0384  -0.10    1.1
2026/04/23 07:36:10.000   3509428.7874    779162.3863   5250963.9192   2  16   0.0630   0.0355   0.0366  -0.0041   0.0091   0.0385   0.00    1.0
2026/04/23 07:36:10.100   3509428.6814    779162.3890   5250963.9939   2  16   0.0631   0.0355   0.0366  -0.0042   0.0091   0.0385   0.10    1.1
2026/04/23 07:36:10.200   3509428.5708    779162.3969   5250964.0659   2  16   0.0631   0.0355   0.0367  -0.0042   0.0090   0.0385   0.20    1.0
2026/04/23 07:36:10.300   3509428.4569    779162.4003   5250964.1390   2  16   0.0631   0.0355   0.0367  -0.0043   0.0090   0.0385   0.30    1.0
2026/04/23 07:36:10.400   3509428.3626    779162.4000   5250964.2128   2  16   0.0631   0.0355   0.0367  -0.0040   0.0091   0.0386   0.40    1.0
2026/04/23 07:36:10.500   3509428.2504    779162.4068   5250964.2873   2  16   0.0631   0.0355   0.0367  -0.0038   0.0092   0.0386  -0.50    1.0
2026/04/23 07:36:10.600   3509428.1311    779162.4175   5250964.3597   2  16   0.0631   0.0355   0.0367  -0.0036   0.0093   0.0386  -0.40    1.0
2026/04/23 07:36:10.700   3509428.0267    779162.4320   5250964.4246   2  16   0.0631   0.0355   0.0368  -0.0036   0.0093   0.0386  -0.30    1.0
2026/04/23 07:36:10.800   3509427.9117    779162.4514   5250964.5009   2  16   0.0631   0.0355   0.0368  -0.0035   0.0093   0.0386  -0.20    1.0
2026/04/23 07:36:10.900   3509427.8188    779162.4604   5250964.5691   2  16   0.0631   0.0355   0.0368  -0.0036   0.0093   0.0386  -0.10    1.1
2026/04/23 07:36:11.000   3509427.6991    779162.4748   5250964.6381   2  16   0.0632   0.0355   0.0368  -0.0031   0.0093   0.0387   0.00    1.0
2026/04/23 07:36:11.100   3509427.5876    779162.4879   5250964.7016   2  16   0.0632   0.0355   0.0368  -0.0027   0.0094   0.0387   0.10    1.1
2026/04/23 07:36:11.200   3509427.4767    779162.5056   5250964.7668   2  16   0.0633   0.0355   0.0368  -0.0025   0.0094   0.0388   0.20    1.0
2026/04/23 07:36:11.300   3509427.3674    779162.5267   5250964.8382   2  16   0.0633   0.0355   0.0369  -0.0025   0.0094   0.0388   0.30    1.0
2026/04/23 07:36:11.400   3509427.2542    779162.5482   5250964.9076   2  17   0.0633   0.0355   0.0369  -0.0026   0.0094   0.0388   0.40    1.0
2026/04/23 07:36:11.500   3509427.1371    779162.5686   5250964.9777   2  16   0.0633   0.0355   0.0369  -0.0028   0.0094   0.0388  -0.50    1.1
2026/04/23 07:36:11.600   3509427.0272    779162.5869   5250965.0452   2  17   0.0633   0.0355   0.0369  -0.0029   0.0093   0.0388  -0.40    1.0
2026/04/23 07:36:11.700   3509426.9119    779162.6016   5250965.1099   2  17   0.0633   0.0355   0.0369  -0.0030   0.0093   0.0388  -0.30    1.1
2026/04/23 07:36:11.800   3509426.8008    779162.6190   5250965.1793   2  17   0.0633   0.0355   0.0369  -0.0027   0.0094   0.0388  -0.20    1.0
2026/04/23 07:36:11.900   3509426.6850    779162.6366   5250965.2426   2  17   0.0632   0.0355   0.0369  -0.0024   0.0094   0.0388  -0.10    1.0
2026/04/23 07:36:12.000   3509426.5755    779162.6497   5250965.3140   2  17   0.0632   0.0355   0.0369  -0.0022   0.0094   0.0388   0.00    1.0
2026/04/23 07:36:12.100   3509426.4635    779162.6665   5250965.3810   2  17   0.0632   0.0355   0.0370  -0.0025   0.0093   0.0389   0.10    1.0
2026/04/23 07:36:12.200   3509426.3590    779162.6793   5250965.4434   2  17   0.0632   0.0355   0.0370  -0.0028   0.0093   0.0389   0.20    1.0
2026/04/23 07:36:12.300   3509426.2491    779162.6952   5250965.5070   2  17   0.0632   0.0355   0.0370  -0.0028   0.0092   0.0388   0.30    1.0
2026/04/23 07:36:12.400   3509426.1521    779162.7057   5250965.5761   2  17   0.0631   0.0355   0.0370  -0.0028   0.0092   0.0388   0.40    1.0
2026/04/23 07:36:12.500   3509426.0484    779162.7142   5250965.6448   2  17   0.0631   0.0355   0.0370  -0.0027   0.0092   0.0388  -0.50    1.0
2026/04/23 07:36:12.600   3509425.9396    779162.7186   5250965.7171   2  18   0.0631   0.0355   0.0369  -0.0026   0.0092   0.0388  -0.40    1.0
2026/04/23 07:36:12.700   3509425.8385    779162.7217   5250965.7872   2  18   0.0630   0.0355   0.0369  -0.0024   0.0092   0.0387  -0.30    1.0
2026/04/23 07:36:12.800   3509425.7324    779162.7379   5250965.8556   2  18   0.0630   0.0354   0.0369  -0.0024   0.0092   0.0387  -0.20    1.1
2026/04/23 07:36:12.900   3509425.6239    779162.7451   5250965.9224   2  18   0.0629   0.0354   0.0369  -0.0024   0.0092   0.0387  -0.10    1.0
2026/04/23 07:36:13.000   3509425.5091    779162.7538   5250965.9906   2  18   0.0629   0.0354   0.0368  -0.0024   0.0092   0.0386   0.00    1.0
2026/04/23 07:36:13.100   3509425.3967    779162.7664   5250966.0660   2  17   0.0629   0.0354   0.0368  -0.0023   0.0092   0.0386   0.10    1.0
2026/04/23 07:36:13.200   3509425.2825    779162.7736   5250966.1424   2  18   0.0629   0.0354   0.0368  -0.0025   0.0092   0.0385   0.20    1.0
2026/04/23 07:36:13.300   3509425.1700    779162.7820   5250966.2201   2  17   0.0628   0.0354   0.0368  -0.0026   0.0092   0.0385   0.30    1.2
2026/04/23 07:36:13.400   3509425.0653    779162.7863   5250966.2953   2  16   0.0628   0.0354   0.0368  -0.0026   0.0091   0.0384   0.40    1.2
2026/04/23 07:36:13.500   3509424.9494    779162.8016   5250966.3705   2  16   0.0628   0.0353   0.0367  -0.0026   0.0091   0.0384  -0.50    1.2
2026/04/23 07:36:13.600   3509424.8514    779162.8101   5250966.4352   2  16   0.0628   0.0353   0.0367  -0.0026   0.0091   0.0383  -0.40    1.0
2026/04/23 07:36:13.700   3509424.7519    779162.8148   5250966.5027   2  16   0.0628   0.0353   0.0367  -0.0026   0.0091   0.0383  -0.30    1.4
2026/04/23 07:36:13.800   3509424.6441    779162.8284   5250966.5783   2  16   0.0627   0.0353   0.0367  -0.0027   0.0091   0.0383  -0.20    1.0
2026/04/23 07:36:13.900   3509424.5339    779162.8401   5250966.6514   2  16   0.0627   0.0353   0.0366  -0.0027   0.0091   0.0382  -0.10    1.0
2026/04/23 07:36:14.000   3509424.4246    779162.8500   5250966.7236   2  16   0.0627   0.0353   0.0366  -0.0027   0.0091   0.0382   0.00    1.3
2026/04/23 07:36:14.100   3509424.3165    779162.8579   5250966.7939   2  17   0.0626   0.0353   0.0366  -0.0029   0.0091   0.0382   0.10    1.0
2026/04/23 07:36:14.200   3509424.2073    779162.8563   5250966.8630   2  17   0.0626   0.0353   0.0365  -0.0029   0.0091   0.0382   0.20    1.1
2026/04/23 07:36:14.300   3509424.1036    779162.8606   5250966.9337   2  17   0.0626   0.0353   0.0365  -0.0029   0.0091   0.0382   0.30    1.1
2026/04/23 07:36:14.400   3509424.0021    779162.8639   5250967.0012   2  17   0.0626   0.0353   0.0365  -0.0024   0.0091   0.0382   0.40    1.0
2026/04/23 07:36:14.500   3509423.8913    779162.8704   5250967.0780   2  17   0.0626   0.0353   0.0365  -0.0019   0.0092   0.0382  -0.50    1.0
2026/04/23 07:36:14.600   3509423.7731    779162.8787   5250967.1587   2  17   0.0626   0.0353   0.0365  -0.0016   0.0092   0.0382  -0.40    1.0
2026/04/23 07:36:14.700   3509423.6613    779162.8827   5250967.2300   2  17   0.0626   0.0353   0.0365  -0.0015   0.0092   0.0383  -0.30    1.1
2026/04/23 07:36:14.800   3509423.5574    779162.8847   5250967.2950   2  17   0.0626   0.0353   0.0365  -0.0015   0.0092   0.0383  -0.20    1.0
2026/04/23 07:36:14.900   3509423.4496    779162.8996   5250967.3681   2  17   0.0626   0.0353   0.0365  -0.0016   0.0092   0.0383  -0.10    1.1
2026/04/23 07:36:15.000   3509423.3397    779162.9137   5250967.4353   2  17   0.0626   0.0353   0.0365  -0.0017   0.0092   0.0383   0.00    1.1
2026/04/23 07:36:15.100   3509423.2298    779162.9274   5250967.5051   2  17   0.0626   0.0353   0.0365  -0.0019   0.0092   0.0383   0.10    1.1
2026/04/23 07:36:15.200   3509423.1229    779162.9330   5250967.5779   2  17   0.0626   0.0353   0.0365  -0.0020   0.0092   0.0383   0.20    1.0
2026/04/23 07:36:15.300   3509423.0262    779162.9442   5250967.6447   2  17   0.0626   0.0353   0.0366  -0.0017   0.0093   0.0382   0.30    1.0
2026/04/23 07:36:15.400   3509422.9222    779162.9586   5250967.7097   2  16   0.0627   0.0353   0.0367  -0.0011   0.0094   0.0381   0.40    1.0
2026/04/23 07:36:15.500   3509422.8073    779162.9749   5250967.7731   2  16   0.0627   0.0353   0.0368  -0.0005   0.0095   0.0381  -0.50    1.0
2026/04/23 07:36:15.600   3509422.6971    779162.9811   5250967.8425   2  17   0.0628   0.0353   0.0369  -0.0018   0.0095   0.0381  -0.40    1.0
2026/04/23 07:36:15.700   3509422.5836    779162.9868   5250967.9104   2  17   0.0628   0.0353   0.0369  -0.0023   0.0095   0.0381  -0.30    1.0
2026/04/23 07:36:15.800   3509422.4739    779162.9826   5250967.9847   2  16   0.0628   0.0353   0.0369  -0.0025   0.0095   0.0381  -0.20    1.1
2026/04/23 07:36:15.900   3509422.3575    779162.9935   5250968.0577   2  16   0.0628   0.0353   0.0369  -0.0026   0.0095   0.0381  -0.10    1.1
2026/04/23 07:36:16.000   3509422.2435    779162.9962   5250968.1306   2  16   0.0628   0.0353   0.0369  -0.0026   0.0095   0.0381   0.00    1.0
2026/04/23 07:36:16.100   3509422.1328    779162.9985   5250968.2007   2  16   0.0628   0.0353   0.0369  -0.0026   0.0094   0.0381   0.10    1.0
2026/04/23 07:36:16.200   3509422.0252    779163.0078   5250968.2706   2  16   0.0628   0.0353   0.0368  -0.0025   0.0094   0.0381   0.20    1.0
2026/04/23 07:36:16.300   3509421.9183    779163.0099   5250968.3363   2  16   0.0627   0.0352   0.0368  -0.0024   0.0093   0.0381   0.30    1.0
2026/04/23 07:36:16.400   3509421.8091    779163.0080   5250968.4104   2  16   0.0627   0.0352   0.0368  -0.0024   0.0093   0.0382   0.40    1.0
2026/04/23 07:36:16.500   3509421.7100    779163.0143   5250968.4725   2  16   0.0627   0.0352   0.0368  -0.0023   0.0093   0.0382  -0.50    1.1
2026/04/23 07:36:16.600   3509421.5948    779163.0163   5250968.5460   2  16   0.0626   0.0352   0.0367  -0.0023   0.0093   0.0382  -0.40    1.3
2026/04/23 07:36:16.700   3509421.4809    779163.0204   5250968.6149   2  16   0.0626   0.0352   0.0368  -0.0023   0.0092   0.0381  -0.30    1.1
2026/04/23 07:36:16.800   3509421.3842    779163.0219   5250968.6838   2  16   0.0627   0.0352   0.0368  -0.0028   0.0093   0.0380  -0.20    1.1
2026/04/23 07:36:16.900   3509421.2786    779163.0192   5250968.7518   2  16   0.0627   0.0352   0.0368  -0.0031   0.0093   0.0380  -0.10    1.0
2026/04/23 07:36:17.000   3509421.1741    779163.0210   5250968.8208   2  16   0.0627   0.0352   0.0368  -0.0032   0.0093   0.0380   0.00    1.0
2026/04/23 07:36:17.100   3509421.0726    779163.0214   5250968.8881   2  16   0.0627   0.0352   0.0368  -0.0032   0.0093   0.0379   0.10    1.0
2026/04/23 07:36:17.200   3509420.9718    779163.0131   5250968.9517   2  16   0.0626   0.0352   0.0367  -0.0032   0.0093   0.0379   0.20    1.1
2026/04/23 07:36:17.300   3509420.8617    779163.0005   5250969.0234   2  16   0.0626   0.0352   0.0367  -0.0032   0.0093   0.0379   0.30    1.0
2026/04/23 07:36:17.400   3509420.7590    779162.9851   5250969.0963   2  16   0.0626   0.0352   0.0367  -0.0031   0.0092   0.0379   0.40    1.0
2026/04/23 07:36:17.500   3509420.6601    779162.9628   5250969.1668   2  16   0.0626   0.0352   0.0367  -0.0030   0.0092   0.0379  -0.50    1.1
2026/04/23 07:36:17.600   3509420.5606    779162.9296   5250969.2369   2  16   0.0626   0.0352   0.0367  -0.0030   0.0092   0.0379  -0.40    1.1
2026/04/23 07:36:17.700   3509420.4766    779162.8909   5250969.2977   2  16   0.0625   0.0352   0.0367  -0.0029   0.0092   0.0379  -0.30    1.1
2026/04/23 07:36:17.800   3509420.3824    779162.8507   5250969.3659   2  16   0.0625   0.0352   0.0367  -0.0028   0.0092   0.0379  -0.20    1.0
2026/04/23 07:36:17.900   3509420.2837    779162.8093   5250969.4343   2  16   0.0625   0.0351   0.0367  -0.0028   0.0091   0.0378  -0.10    1.1
2026/04/23 07:36:18.000   3509420.1838    779162.7542   5250969.5073   2  15   0.0625   0.0352   0.0367  -0.0032   0.0092   0.0378   0.00    1.2
2026/04/23 07:36:18.100   3509420.0924    779162.6964   5250969.5781   2  16   0.0625   0.0351   0.0367  -0.0030   0.0092   0.0378   0.10    1.2
2026/04/23 07:36:18.200   3509420.0063    779162.6315   5250969.6462   2  17   0.0625   0.0351   0.0367  -0.0028   0.0091   0.0378   0.20    1.1
2026/04/23 07:36:18.300   3509419.9188    779162.5613   5250969.7109   2  17   0.0625   0.0351   0.0366  -0.0020   0.0091   0.0379   0.30    1.0
2026/04/23 07:36:18.400   3509419.8372    779162.4930   5250969.7730   2  17   0.0625   0.0352   0.0366  -0.0014   0.0092   0.0379   0.40    1.1
2026/04/23 07:36:18.500   3509419.7604    779162.4158   5250969.8282   2  17   0.0625   0.0352   0.0366  -0.0008   0.0092   0.0380  -0.50    1.1
2026/04/23 07:36:18.600   3509419.6880    779162.3297   5250969.8881   2  17   0.0625   0.0351   0.0366  -0.0007   0.0092   0.0380  -0.40    1.0
2026/04/23 07:36:18.700   3509419.6268    779162.2420   5250969.9477   2  17   0.0625   0.0351   0.0366  -0.0009   0.0093   0.0380  -0.30    1.0
2026/04/23 07:36:18.800   3509419.5708    779162.1374   5250970.0054   2  17   0.0625   0.0351   0.0367  -0.0012   0.0093   0.0380  -0.20    1.0
2026/04/23 07:36:18.900   3509419.5269    779162.0290   5250970.0566   2  17   0.0625   0.0351   0.0367  -0.0015   0.0093   0.0380  -0.10    1.1
2026/04/23 07:36:19.000   3509419.4817    779161.9194   5250970.1025   2  17   0.0625   0.0351   0.0367  -0.0017   0.0093   0.0380   0.00    1.0
2026/04/23 07:36:19.100   3509419.4419    779161.8062   5250970.1518   2  17   0.0625   0.0351   0.0367  -0.0014   0.0093   0.0380   0.10    1.0
2026/04/23 07:36:19.200   3509419.4060    779161.6879   5250970.1949   2  17   0.0625   0.0351   0.0367  -0.0011   0.0093   0.0380   0.20    1.0
2026/04/23 07:36:19.300   3509419.3874    779161.5661   5250970.2336   2  17   0.0625   0.0351   0.0366  -0.0010   0.0093   0.0380   0.30    1.0
2026/04/23 07:36:19.400   3509419.3800    779161.4422   5250970.2634   2  17   0.0625   0.0351   0.0366  -0.0009   0.0093   0.0380   0.40    1.1
2026/04/23 07:36:19.500   3509419.3719    779161.3222   5250970.2950   2  17   0.0624   0.0351   0.0366  -0.0010   0.0093   0.0381  -0.50    1.1
2026/04/23 07:36:19.600   3509419.3701    779161.1973   5250970.3225   2  17   0.0624   0.0351   0.0366  -0.0011   0.0093   0.0381  -0.40    1.1
2026/04/23 07:36:19.700   3509419.3856    779161.0682   5250970.3414   2  17   0.0624   0.0351   0.0366  -0.0012   0.0093   0.0381  -0.30    1.2
2026/04/23 07:36:19.800   3509419.4006    779160.9435   5250970.3598   2  17   0.0624   0.0351   0.0366  -0.0013   0.0093   0.0381  -0.20    1.0
2026/04/23 07:36:19.900   3509419.4182    779160.8168   5250970.3669   2  17   0.0624   0.0351   0.0366  -0.0014   0.0092   0.0381  -0.10    1.0
2026/04/23 07:36:20.000   3509419.4331    779160.6876   5250970.3845   2  16   0.0624   0.0351   0.0366   0.0004   0.0094   0.0381   0.00    1.0
2026/04/23 07:36:20.100   3509419.4333    779160.5570   5250970.4025   2  18   0.0624   0.0351   0.0366   0.0015   0.0094   0.0381   0.10    1.0
2026/04/23 07:36:20.200   3509419.4403    779160.4340   5250970.4138   2  18   0.0624   0.0351   0.0366   0.0019   0.0095   0.0382   0.20    1.1
2026/04/23 07:36:20.300   3509419.4538    779160.3151   5250970.4246   2  18   0.0624   0.0351   0.0366   0.0020   0.0095   0.0382   0.30    1.0
2026/04/23 07:36:20.400   3509419.4587    779160.1955   5250970.4459   2  18   0.0624   0.0351   0.0366   0.0020   0.0095   0.0382   0.40    1.0
2026/04/23 07:36:20.500   3509419.4512    779160.0764   5250970.4682   2  18   0.0624   0.0351   0.0366   0.0020   0.0095   0.0382  -0.50    1.0
2026/04/23 07:36:20.600   3509419.4349    779159.9636   5250970.4928   2  18   0.0624   0.0351   0.0366   0.0018   0.0095   0.0382  -0.40    1.0
2026/04/23 07:36:20.700   3509419.4280    779159.8407   5250970.5208   2  18   0.0623   0.0351   0.0366   0.0017   0.0094   0.0382  -0.30    1.0
2026/04/23 07:36:20.800   3509419.4097    779159.7151   5250970.5536   2  18   0.0623   0.0350   0.0366   0.0015   0.0094   0.0382  -0.20    1.0
2026/04/23 07:36:20.900   3509419.3838    779159.5878   5250970.5866   2  18   0.0623   0.0350   0.0366   0.0012   0.0094   0.0382  -0.10    1.0
2026/04/23 07:36:21.000   3509419.3627    779159.4628   5250970.6199   2  18   0.0623   0.0350   0.0366   0.0010   0.0094   0.0382   0.00    1.1
2026/04/23 07:36:21.100   3509419.3511    779159.3361   5250970.6448   2  18   0.0623   0.0350   0.0367   0.0005   0.0093   0.0381   0.10    1.1
2026/04/23 07:36:21.200   3509419.3513    779159.2034   5250970.6596   2  18   0.0623   0.0350   0.0367  -0.0005   0.0093   0.0381   0.20    1.1
2026/04/23 07:36:21.300   3509419.3425    779159.0694   5250970.6867   2  18   0.0623   0.0350   0.0367  -0.0009   0.0093   0.0380   0.30    1.1
2026/04/23 07:36:21.400   3509419.3357    779158.9388   5250970.7107   2  17   0.0623   0.0350   0.0368  -0.0021   0.0094   0.0379   0.40    1.1
2026/04/23 07:36:21.500   3509419.3370    779158.8139   5250970.7266   2  18   0.0624   0.0351   0.0368  -0.0023   0.0094   0.0379  -0.50    1.2
2026/04/23 07:36:21.600   3509419.3402    779158.6945   5250970.7481   2  18   0.0623   0.0351   0.0368  -0.0023   0.0095   0.0379  -0.40    1.0
2026/04/23 07:36:21.700   3509419.3509    779158.5783   5250970.7674   2  18   0.0623   0.0351   0.0367  -0.0022   0.0095   0.0380  -0.30    1.0
2026/04/23 07:36:21.800   3509419.3567    779158.4615   5250970.7779   2  17   0.0623   0.0350   0.0368  -0.0023   0.0095   0.0379  -0.20    1.0
2026/04/23 07:36:21.900   3509419.3519    779158.3407   5250970.8038   2  18   0.0623   0.0350   0.0367  -0.0020   0.0094   0.0380  -0.10    1.0
2026/04/23 07:36:22.000   3509419.3537    779158.2217   5250970.8318   2  18   0.0623   0.0350   0.0367  -0.0019   0.0094   0.0380   0.00    1.2
2026/04/23 07:36:22.100   3509419.3510    779158.0921   5250970.8599   2  18   0.0622   0.0350   0.0366  -0.0018   0.0093   0.0380   0.10    1.1
2026/04/23 07:36:22.200   3509419.3474    779157.9633   5250970.8875   2  18   0.0622   0.0350   0.0366  -0.0017   0.0093   0.0380   0.20    1.0
2026/04/23 07:36:22.300   3509419.3525    779157.8276   5250970.9083   2  18   0.0622   0.0350   0.0366  -0.0016   0.0093   0.0380   0.30    1.1
2026/04/23 07:36:22.400   3509419.3447    779157.6936   5250970.9352   2  18   0.0622   0.0350   0.0365  -0.0016   0.0092   0.0380   0.40    1.2
2026/04/23 07:36:22.500   3509419.3413    779157.5617   5250970.9611   2  18   0.0622   0.0350   0.0365  -0.0016   0.0092   0.0380  -0.50    1.1
2026/04/23 07:36:22.600   3509419.3284    779157.4348   5250970.9874   2  18   0.0621   0.0350   0.0365  -0.0017   0.0092   0.0380  -0.40    1.1
2026/04/23 07:36:22.700   3509419.3287    779157.3083   5250971.0140   2  18   0.0621   0.0349   0.0365  -0.0017   0.0092   0.0380  -0.30    1.1
2026/04/23 07:36:22.800   3509419.3293    779157.1930   5250971.0325   2  18   0.0621   0.0349   0.0365  -0.0017   0.0091   0.0380  -0.20    1.2
2026/04/23 07:36:22.900   3509419.3223    779157.0702   5250971.0554   2  18   0.0621   0.0349   0.0365  -0.0015   0.0091   0.0379  -0.10    1.1
2026/04/23 07:36:23.000   3509419.3259    779156.9459   5250971.0774   2  18   0.0621   0.0349   0.0365  -0.0014   0.0091   0.0379   0.00    1.1
2026/04/23 07:36:23.100   3509419.3265    779156.8213   5250971.0988   2  18   0.0621   0.0349   0.0365  -0.0014   0.0091   0.0379   0.10    1.1
2026/04/23 07:36:23.200   3509419.3239    779156.6951   5250971.1261   2  18   0.0621   0.0349   0.0365  -0.0014   0.0090   0.0379   0.20    1.1
2026/04/23 07:36:23.300   3509419.3218    779156.5736   5250971.1488   2  18   0.0621   0.0349   0.0365  -0.0015   0.0090   0.0379   0.30    1.3
2026/04/23 07:36:23.400   3509419.3159    779156.4440   5250971.1773   2  18   0.0621   0.0349   0.0364  -0.0016   0.0090   0.0379   0.40    1.1
2026/04/23 07:36:23.500   3509419.3124    779156.3142   5250971.2121   2  18   0.0621   0.0349   0.0364  -0.0016   0.0090   0.0379  -0.50    1.1
2026/04/23 07:36:23.600   3509419.3110    779156.1840   5250971.2318   2  18   0.0620   0.0349   0.0364  -0.0017   0.0090   0.0379  -0.40    1.1
2026/04/23 07:36:23.700   3509419.3182    779156.0579   5250971.2485   2  17   0.0620   0.0349   0.0364  -0.0012   0.0091   0.0379  -0.30    1.4
2026/04/23 07:36:23.800   3509419.3216    779155.9289   5250971.2699   2  18   0.0620   0.0349   0.0364  -0.0015   0.0091   0.0379  -0.20    1.1
2026/04/23 07:36:23.900   3509419.3199    779155.8055   5250971.2863   2  18   0.0620   0.0349   0.0364  -0.0016   0.0090   0.0379  -0.10    1.1
2026/04/23 07:36:24.000   3509419.3238    779155.6807   5250971.3030   2  18   0.0620   0.0349   0.0364  -0.0016   0.0090   0.0379   0.00    1.2
2026/04/23 07:36:24.100   3509419.3216    779155.5557   5250971.3264   2  18   0.0620   0.0349   0.0364  -0.0017   0.0090   0.0379   0.10    1.1
2026/04/23 07:36:24.200   3509419.3188    779155.4283   5250971.3465   2  18   0.0620   0.0349   0.0363  -0.0017   0.0090   0.0378   0.20    1.2
2026/04/23 07:36:24.300   3509419.3151    779155.3025   5250971.3661   2  17   0.0620   0.0349   0.0363  -0.0012   0.0091   0.0379   0.30    1.2
2026/04/23 07:36:24.400   3509419.3162    779155.1711   5250971.3859   2  18   0.0620   0.0349   0.0363  -0.0014   0.0090   0.0378   0.40    1.2
2026/04/23 07:36:24.500   3509419.3153    779155.0423   5250971.4041   2  18   0.0619   0.0349   0.0363  -0.0016   0.0090   0.0378  -0.50    1.0
2026/04/23 07:36:24.600   3509419.3201    779154.9174   5250971.4169   2  18   0.0619   0.0349   0.0363  -0.0016   0.0090   0.0378  -0.40    1.1
2026/04/23 07:36:24.700   3509419.3138    779154.7945   5250971.4425   2  18   0.0619   0.0349   0.0363  -0.0017   0.0090   0.0378  -0.30    1.0
2026/04/23 07:36:24.800   3509419.3026    779154.6727   5250971.4640   2  18   0.0619   0.0348   0.0364  -0.0017   0.0090   0.0378  -0.20    1.1
2026/04/23 07:36:24.900   3509419.2967    779154.5467   5250971.4877   2  18   0.0619   0.0348   0.0364  -0.0018   0.0090   0.0378  -0.10    1.1
2026/04/23 07:36:25.000   3509419.2908    779154.4218   5250971.5120   2  18   0.0619   0.0348   0.0364  -0.0018   0.0090   0.0377   0.00    1.1
2026/04/23 07:36:25.100   3509419.2772    779154.2959   5250971.5364   2  18   0.0619   0.0348   0.0364  -0.0018   0.0090   0.0377   0.10    1.2
2026/04/23 07:36:25.200   3509419.2745    779154.1654   5250971.5658   2  18   0.0619   0.0348   0.0364  -0.0018   0.0090   0.0377   0.20    1.3
2026/04/23 07:36:25.300   3509419.2731    779154.0416   5250971.5882   2  18   0.0619   0.0348   0.0364  -0.0017   0.0090   0.0377   0.30    1.1
2026/04/23 07:36:25.400   3509419.2732    779153.9189   5250971.6102   2  18   0.0619   0.0348   0.0364  -0.0017   0.0090   0.0378   0.40    1.0
2026/04/23 07:36:25.500   3509419.2724    779153.7915   5250971.6359   2  18   0.0619   0.0348   0.0364  -0.0017   0.0090   0.0378  -0.50    1.2
2026/04/23 07:36:25.600   3509419.2716    779153.6578   5250971.6639   2  18   0.0619   0.0348   0.0364  -0.0016   0.0090   0.0378  -0.40    1.2
2026/04/23 07:36:25.700   3509419.2754    779153.5215   5250971.6848   2  18   0.0619   0.0348   0.0364  -0.0016   0.0090   0.0378  -0.30    1.2
2026/04/23 07:36:25.800   3509419.2769    779153.3850   5250971.7100   2  18   0.0619   0.0348   0.0364  -0.0016   0.0090   0.0378  -0.20    1.0
2026/04/23 07:36:25.900   3509419.2754    779153.2562   5250971.7326   2  18   0.0618   0.0348   0.0363  -0.0015   0.0090   0.0378  -0.10    1.3
2026/04/23 07:36:26.000   3509419.2820    779153.1306   5250971.7552   2  18   0.0618   0.0348   0.0363  -0.0015   0.0090   0.0378   0.00    1.1
2026/04/23 07:36:26.100   3509419.2798    779153.0112   5250971.7762   2  18   0.0618   0.0348   0.0363  -0.0015   0.0090   0.0378   0.10    1.3
2026/04/23 07:36:26.200   3509419.2749    779152.8940   5250971.8055   2  18   0.0618   0.0348   0.0363  -0.0014   0.0090   0.0378   0.20    1.1
2026/04/23 07:36:26.300   3509419.2779    779152.7791   5250971.8256   2  18   0.0618   0.0348   0.0363  -0.0014   0.0090   0.0378   0.30    1.1
2026/04/23 07:36:26.400   3509419.2776    779152.6639   5250971.8406   2  19   0.0618   0.0348   0.0363  -0.0014   0.0090   0.0378   0.40    1.0
2026/04/23 07:36:26.500   3509419.2731    779152.5428   5250971.8653   2  19   0.0618   0.0348   0.0363  -0.0014   0.0090   0.0378  -0.50    1.0
2026/04/23 07:36:26.600   3509419.2759    779152.4169   5250971.8847   2  19   0.0618   0.0348   0.0363  -0.0013   0.0090   0.0378  -0.40    1.0
2026/04/23 07:36:26.700   3509419.2763    779152.2845   5250971.9077   2  19   0.0618   0.0348   0.0363  -0.0012   0.0090   0.0378  -0.30    1.0
2026/04/23 07:36:26.800   3509419.2735    779152.1499   5250971.9347   2  17   0.0618   0.0348   0.0364   0.0005   0.0091   0.0377  -0.20    1.1
2026/04/23 07:36:26.900   3509419.2591    779152.0202   5250971.9676   2  19   0.0618   0.0348   0.0363   0.0006   0.0090   0.0378  -0.10    1.1
2026/04/23 07:36:27.000   3509419.2456    779151.9007   5250972.0018   2  19   0.0617   0.0348   0.0363   0.0009   0.0090   0.0378   0.00    1.1
2026/04/23 07:36:27.100   3509419.2452    779151.7851   5250972.0237   2  19   0.0617   0.0347   0.0363   0.0011   0.0090   0.0378   0.10    1.1
2026/04/23 07:36:27.200   3509419.2399    779151.6616   5250972.0457   2  19   0.0617   0.0347   0.0363   0.0013   0.0089   0.0378   0.20    1.1
2026/04/23 07:36:27.300   3509419.2324    779151.5321   5250972.0744   2  19   0.0616   0.0347   0.0363   0.0015   0.0089   0.0378   0.30    1.1
2026/04/23 07:36:27.400   3509419.2324    779151.3897   5250972.0956   2  19   0.0616   0.0347   0.0362   0.0016   0.0089   0.0378   0.40    1.1
2026/04/23 07:36:27.500   3509419.2278    779151.2501   5250972.1205   2  19   0.0616   0.0347   0.0362   0.0017   0.0089   0.0378  -0.50    1.2
2026/04/23 07:36:27.600   3509419.2206    779151.1197   5250972.1452   2  19   0.0616   0.0347   0.0362   0.0018   0.0089   0.0378  -0.40    1.1
2026/04/23 07:36:27.700   3509419.2227    779150.9833   5250972.1559   2  19   0.0616   0.0347   0.0362   0.0019   0.0089   0.0377  -0.30    1.1
2026/04/23 07:36:27.800   3509419.2155    779150.8520   5250972.1727   2  19   0.0616   0.0347   0.0362   0.0019   0.0089   0.0377  -0.20    1.2
2026/04/23 07:36:27.900   3509419.2105    779150.7249   5250972.1932   2  19   0.0615   0.0347   0.0362   0.0020   0.0089   0.0377  -0.10    1.1
2026/04/23 07:36:28.000   3509419.2064    779150.5987   5250972.2151   2  19   0.0615   0.0347   0.0362   0.0020   0.0089   0.0377   0.00    1.2
2026/04/23 07:36:28.100   3509419.1975    779150.4753   5250972.2376   2  19   0.0615   0.0347   0.0362   0.0020   0.0089   0.0377   0.10    1.2
2026/04/23 07:36:28.200   3509419.1917    779150.3480   5250972.2562   2  18   0.0615   0.0347   0.0362   0.0024   0.0090   0.0377   0.20    1.2
2026/04/23 07:36:28.300   3509419.1870    779150.2225   5250972.2756   2  19   0.0615   0.0347   0.0362   0.0023   0.0090   0.0377   0.30    1.0
2026/04/23 07:36:28.400   3509419.1813    779150.0987   5250972.2932   2  19   0.0615   0.0347   0.0362   0.0022   0.0090   0.0377   0.40    1.2
2026/04/23 07:36:28.500   3509419.1726    779149.9822   5250972.3140   2  19   0.0615   0.0347   0.0362   0.0022   0.0090   0.0377  -0.50    1.3
2026/04/23 07:36:28.600   3509419.1644    779149.8593   5250972.3411   2  18   0.0615   0.0347   0.0362   0.0025   0.0090   0.0377  -0.40    1.1
2026/04/23 07:36:28.700   3509419.1578    779149.7332   5250972.3667   2  19   0.0615   0.0347   0.0362   0.0023   0.0090   0.0377  -0.30    1.2
2026/04/23 07:36:28.800   3509419.1461    779149.6151   5250972.3925   2  19   0.0614   0.0347   0.0362   0.0023   0.0090   0.0377  -0.20    1.2
2026/04/23 07:36:28.900   3509419.1333    779149.4934   5250972.4207   2  19   0.0614   0.0347   0.0362   0.0022   0.0089   0.0377  -0.10    1.2
2026/04/23 07:36:29.000   3509419.1221    779149.3711   5250972.4469   2  19   0.0614   0.0347   0.0362   0.0022   0.0089   0.0377   0.00    1.2
2026/04/23 07:36:29.100   3509419.1136    779149.2498   5250972.4749   2  19   0.0614   0.0347   0.0361   0.0022   0.0089   0.0376   0.10    1.2
2026/04/23 07:36:29.200   3509419.1043    779149.1299   5250972.5039   2  19   0.0614   0.0347   0.0361   0.0022   0.0089   0.0376   0.20    1.0
2026/04/23 07:36:29.300   3509419.0920    779149.0061   5250972.5321   2  19   0.0614   0.0347   0.0361   0.0022   0.0089   0.0376   0.30    1.1
2026/04/23 07:36:29.400   3509419.0772    779148.8821   5250972.5649   2  19   0.0614   0.0347   0.0361   0.0023   0.0089   0.0376   0.40    1.2
2026/04/23 07:36:29.500   3509419.0707    779148.7610   5250972.5880   2  19   0.0614   0.0346   0.0361   0.0023   0.0089   0.0376  -0.50    1.3
2026/04/23 07:36:29.600   3509419.0676    779148.6309   5250972.6154   2  19   0.0614   0.0346   0.0361   0.0023   0.0089   0.0376  -0.40    1.1
2026/04/23 07:36:29.700   3509419.0637    779148.5074   5250972.6443   2  19   0.0614   0.0346   0.0361   0.0023   0.0089   0.0376  -0.30    1.2
2026/04/23 07:36:29.800   3509419.0574    779148.3792   5250972.6718   2  19   0.0613   0.0346   0.0361   0.0023   0.0089   0.0376  -0.20    1.2
2026/04/23 07:36:29.900   3509419.0565    779148.2513   5250972.6961   2  19   0.0613   0.0346   0.0361   0.0024   0.0089   0.0376  -0.10    1.1
2026/04/23 07:36:30.000   3509419.0514    779148.1243   5250972.7186   2  19   0.0613   0.0346   0.0361   0.0024   0.0089   0.0376   0.00    1.2
2026/04/23 07:36:30.100   3509419.0421    779147.9952   5250972.7501   2  19   0.0613   0.0346   0.0361   0.0024   0.0089   0.0376   0.10    1.2
2026/04/23 07:36:30.200   3509419.0383    779147.8626   5250972.7809   2  19   0.0613   0.0346   0.0362   0.0024   0.0090   0.0375   0.20    1.1
2026/04/23 07:36:30.300   3509419.0242    779147.7383   5250972.8111   2  19   0.0613   0.0346   0.0362   0.0024   0.0090   0.0375   0.30    1.1
2026/04/23 07:36:30.400   3509419.0176    779147.6127   5250972.8346   2  18   0.0613   0.0346   0.0362   0.0024   0.0090   0.0375   0.40    1.0
2026/04/23 07:36:30.500   3509419.0118    779147.4889   5250972.8568   2  19   0.0613   0.0346   0.0363   0.0024   0.0090   0.0375  -0.50    1.2
2026/04/23 07:36:30.600   3509419.0054    779147.3661   5250972.8830   2  19   0.0613   0.0346   0.0363   0.0024   0.0090   0.0375  -0.40    1.0
2026/04/23 07:36:30.700   3509419.0071    779147.2468   5250972.9036   2  19   0.0613   0.0346   0.0362   0.0024   0.0090   0.0375  -0.30    1.2
2026/04/23 07:36:30.800   3509419.0055    779147.1216   5250972.9244   2  19   0.0613   0.0346   0.0362   0.0024   0.0090   0.0375  -0.20    1.2
2026/04/23 07:36:30.900   3509419.0038    779146.9908   5250972.9520   2  19   0.0613   0.0346   0.0362   0.0025   0.0090   0.0375  -0.10    1.2
2026/04/23 07:36:31.000   3509419.0002    779146.8566   5250972.9870   2  19   0.0613   0.0346   0.0362   0.0025   0.0090   0.0375   0.00    1.2
2026/04/23 07:36:31.100   3509418.9995    779146.7239   5250973.0091   2  19   0.0612   0.0346   0.0362   0.0025   0.0090   0.0375   0.10    1.2
2026/04/23 07:36:31.200   3509419.0083    779146.5957   5250973.0247   2  19   0.0612   0.0346   0.0362   0.0025   0.0090   0.0375   0.20    1.0
2026/04/23 07:36:31.300   3509419.0129    779146.4639   5250973.0385   2  19   0.0612   0.0346   0.0362   0.0026   0.0090   0.0375   0.30    1.1
2026/04/23 07:36:31.400   3509419.0082    779146.3392   5250973.0602   2  19   0.0612   0.0346   0.0362   0.0026   0.0090   0.0375   0.40    1.2
2026/04/23 07:36:31.500   3509419.0015    779146.2178   5250973.0896   2  19   0.0612   0.0346   0.0362   0.0026   0.0090   0.0375  -0.50    1.3
2026/04/23 07:36:31.600   3509419.0085    779146.1071   5250973.1028   2  19   0.0612   0.0346   0.0361   0.0026   0.0090   0.0375  -0.40    1.0
2026/04/23 07:36:31.700   3509419.0208    779145.9944   5250973.1111   2  19   0.0612   0.0346   0.0361   0.0026   0.0090   0.0375  -0.30    1.1
2026/04/23 07:36:31.800   3509419.0216    779145.8779   5250973.1310   2  19   0.0612   0.0346   0.0361   0.0026   0.0090   0.0375  -0.20    1.2
2026/04/23 07:36:31.900   3509419.0238    779145.7509   5250973.1489   2  19   0.0612   0.0346   0.0361   0.0027   0.0090   0.0375  -0.10    1.1
2026/04/23 07:36:32.000   3509419.0280    779145.6210   5250973.1718   2  19   0.0612   0.0345   0.0362   0.0026   0.0090   0.0375   0.00    1.0
2026/04/23 07:36:32.100   3509419.0326    779145.4970   5250973.1876   2  19   0.0612   0.0345   0.0362   0.0026   0.0090   0.0375   0.10    1.0
2026/04/23 07:36:32.200   3509419.0397    779145.3675   5250973.2061   2  19   0.0612   0.0345   0.0362   0.0026   0.0090   0.0374   0.20    1.1
2026/04/23 07:36:32.300   3509419.0457    779145.2453   5250973.2248   2  19   0.0612   0.0345   0.0362   0.0026   0.0090   0.0374   0.30    1.1
2026/04/23 07:36:32.400   3509419.0469    779145.1081   5250973.2481   2  20   0.0612   0.0345   0.0362   0.0026   0.0090   0.0374   0.40    1.0
2026/04/23 07:36:32.500   3509419.0562    779144.9748   5250973.2628   2  20   0.0612   0.0345   0.0362   0.0027   0.0090   0.0374  -0.50    1.0
2026/04/23 07:36:32.600   3509419.0664    779144.8546   5250973.2762   2  20   0.0612   0.0345   0.0363   0.0026   0.0090   0.0374  -0.40    1.0
2026/04/23 07:36:32.700   3509419.0786    779144.7259   5250973.2906   2  20   0.0612   0.0345   0.0363   0.0027   0.0090   0.0374  -0.30    1.0
2026/04/23 07:36:32.800   3509419.0865    779144.6025   5250973.2990   2  20   0.0611   0.0345   0.0364   0.0027   0.0090   0.0374  -0.20    1.1
2026/04/23 07:36:32.900   3509419.1003    779144.4793   5250973.3085   2  20   0.0611   0.0345   0.0364   0.0028   0.0090   0.0374  -0.10    1.1
2026/04/23 07:36:33.000   3509419.1137    779144.3564   5250973.3209   2  19   0.0611   0.0345   0.0364   0.0032   0.0091   0.0374   0.00    1.0
2026/04/23 07:36:33.100   3509419.1307    779144.2294   5250973.3283   2  20   0.0611   0.0345   0.0364   0.0031   0.0091   0.0374   0.10    1.2
2026/04/23 07:36:33.200   3509419.1412    779144.1024   5250973.3411   2  20   0.0611   0.0345   0.0363   0.0031   0.0090   0.0375   0.20    1.0
2026/04/23 07:36:33.300   3509419.1493    779143.9815   5250973.3530   2  20   0.0610   0.0345   0.0363   0.0031   0.0090   0.0375   0.30    1.1
2026/04/23 07:36:33.400   3509419.1632    779143.8555   5250973.3601   2  20   0.0610   0.0345   0.0363   0.0031   0.0090   0.0375   0.40    1.1
2026/04/23 07:36:33.500   3509419.1751    779143.7290   5250973.3718   2  20   0.0610   0.0345   0.0363   0.0031   0.0090   0.0375  -0.50    1.2
2026/04/23 07:36:33.600   3509419.1924    779143.6023   5250973.3751   2  20   0.0610   0.0345   0.0363   0.0031   0.0090   0.0374  -0.40    1.0
2026/04/23 07:36:33.700   3509419.1987    779143.4733   5250973.3896   2  20   0.0610   0.0345   0.0363   0.0031   0.0090   0.0374  -0.30    1.0
2026/04/23 07:36:33.800   3509419.1904    779143.3487   5250973.4081   2  20   0.0610   0.0345   0.0363   0.0031   0.0090   0.0374  -0.20    1.1
2026/04/23 07:36:33.900   3509419.1786    779143.2307   5250973.4373   2  20   0.0610   0.0345   0.0363   0.0031   0.0090   0.0374  -0.10    1.1
2026/04/23 07:36:34.000   3509419.1539    779143.1147   5250973.4729   2  19   0.0610   0.0345   0.0363   0.0033   0.0091   0.0374   0.00    1.2
2026/04/23 07:36:34.100   3509419.1180    779142.9991   5250973.5124   2  20   0.0609   0.0345   0.0363   0.0033   0.0091   0.0374   0.10    1.2
2026/04/23 07:36:34.200   3509419.0839    779142.8801   5250973.5479   2  20   0.0609   0.0345   0.0363   0.0032   0.0091   0.0374   0.20    1.1
2026/04/23 07:36:34.300   3509419.0480    779142.7625   5250973.5852   2  21   0.0609   0.0345   0.0362   0.0032   0.0090   0.0374   0.30    1.0
2026/04/23 07:36:34.400   3509419.0151    779142.6446   5250973.6199   2  21   0.0609   0.0345   0.0362   0.0032   0.0090   0.0374   0.40    1.0
2026/04/23 07:36:34.500   3509418.9819    779142.5250   5250973.6568   2  21   0.0609   0.0345   0.0362   0.0033   0.0090   0.0374  -0.50    1.0
2026/04/23 07:36:34.600   3509418.9593    779142.4075   5250973.6882   2  21   0.0609   0.0344   0.0362   0.0033   0.0090   0.0374  -0.40    1.0
2026/04/23 07:36:34.700   3509418.9398    779142.2852   5250973.7198   2  21   0.0609   0.0344   0.0362   0.0034   0.0090   0.0374  -0.30    1.0
2026/04/23 07:36:34.800   3509418.9202    779142.1654   5250973.7436   2  21   0.0609   0.0344   0.0362   0.0035   0.0089   0.0374  -0.20    1.0
2026/04/23 07:36:34.900   3509418.9132    779142.0484   5250973.7717   2  21   0.0608   0.0344   0.0362   0.0036   0.0089   0.0374  -0.10    1.0
2026/04/23 07:36:35.000   3509418.9098    779141.9545   5250973.7888   2  21   0.0608   0.0345   0.0362   0.0038   0.0090   0.0374   0.00    1.0
2026/04/23 07:36:35.100   3509418.9184    779141.8906   5250973.7931   2  21   0.0608   0.0345   0.0362   0.0040   0.0090   0.0374   0.10    1.0
2026/04/23 07:36:35.200   3509418.9275    779141.8524   5250973.7981   2  21   0.0608   0.0345   0.0362   0.0041   0.0091   0.0374   0.20    1.0
2026/04/23 07:36:35.300   3509418.9343    779141.8388   5250973.7988   2  21   0.0608   0.0345   0.0362   0.0042   0.0091   0.0374   0.30    1.0
2026/04/23 07:36:35.400   3509418.9401    779141.8397   5250973.7975   2  21   0.0608   0.0344   0.0362   0.0042   0.0091   0.0374   0.40    1.0
2026/04/23 07:36:35.500   3509418.9451    779141.8523   5250973.7953   2  21   0.0608   0.0344   0.0362   0.0042   0.0091   0.0374  -0.50    1.0
2026/04/23 07:36:35.600   3509418.9489    779141.8740   5250973.7908   2  21   0.0608   0.0344   0.0362   0.0042   0.0091   0.0374  -0.40    1.0
2026/04/23 07:36:35.700   3509418.9504    779141.8997   5250973.7868   2  21   0.0608   0.0344   0.0362   0.0042   0.0091   0.0374  -0.30    1.0
2026/04/23 07:36:35.800   3509418.9496    779141.9191   5250973.7843   2  21   0.0607   0.0344   0.0362   0.0041   0.0091   0.0374  -0.20    1.0
2026/04/23 07:36:35.900   3509418.9513    779141.9307   5250973.7829   2  21   0.0607   0.0344   0.0361   0.0041   0.0091   0.0374  -0.10    1.0
2026/04/23 07:36:36.000   3509418.9499    779141.9378   5250973.7814   2  21   0.0607   0.0344   0.0361   0.0041   0.0091   0.0374   0.00    1.0
2026/04/23 07:36:36.100   3509418.9496    779141.9372   5250973.7851   2  21   0.0607   0.0344   0.0361   0.0041   0.0091   0.0374   0.10    1.0
2026/04/23 07:36:36.200   3509418.9505    779141.9382   5250973.7859   2  21   0.0607   0.0344   0.0361   0.0041   0.0091   0.0374   0.20    1.1
2026/04/23 07:36:36.300   3509418.9480    779141.9314   5250973.7901   2  21   0.0607   0.0344   0.0361   0.0041   0.0091   0.0374   0.30    1.1
2026/04/23 07:36:36.400   3509418.9431    779141.9233   5250973.7935   2  21   0.0607   0.0344   0.0361   0.0041   0.0090   0.0373   0.40    1.0
2026/04/23 07:36:36.500   3509418.9401    779141.9164   5250973.7924   2  21   0.0607   0.0344   0.0361   0.0041   0.0090   0.0373  -0.50    1.0
2026/04/23 07:36:36.600   3509418.9377    779141.9114   5250973.7945   2  21   0.0607   0.0344   0.0360   0.0041   0.0090   0.0373  -0.40    1.0
2026/04/23 07:36:36.700   3509418.9375    779141.9065   5250973.7972   2  21   0.0607   0.0344   0.0360   0.0041   0.0090   0.0373  -0.30    1.0
2026/04/23 07:36:36.800   3509418.9338    779141.9000   5250973.7997   2  21   0.0606   0.0343   0.0360   0.0041   0.0090   0.0373  -0.20    1.0
2026/04/23 07:36:36.900   3509418.9334    779141.8963   5250973.7979   2  21   0.0606   0.0343   0.0360   0.0041   0.0090   0.0373  -0.10    1.0
2026/04/23 07:36:37.000   3509418.9320    779141.8936   5250973.7963   2  21   0.0606   0.0343   0.0360   0.0041   0.0090   0.0373   0.00    1.0
2026/04/23 07:36:37.100   3509418.9320    779141.8934   5250973.7955   2  21   0.0606   0.0343   0.0360   0.0041   0.0090   0.0373   0.10    1.0
2026/04/23 07:36:37.200   3509418.9309    779141.8944   5250973.7951   2  21   0.0606   0.0343   0.0360   0.0042   0.0090   0.0373   0.20    1.0
2026/04/23 07:36:37.300   3509418.9302    779141.8942   5250973.7933   2  21   0.0606   0.0343   0.0360   0.0042   0.0090   0.0373   0.30    1.0
2026/04/23 07:36:37.400   3509418.9296    779141.8944   5250973.7925   2  21   0.0606   0.0343   0.0360   0.0042   0.0090   0.0373   0.40    1.0
2026/04/23 07:36:37.500   3509418.9299    779141.8962   5250973.7908   2  21   0.0606   0.0343   0.0360   0.0042   0.0090   0.0373  -0.50    1.1
2026/04/23 07:36:37.600   3509418.9299    779141.8966   5250973.7897   2  21   0.0606   0.0343   0.0360   0.0042   0.0090   0.0373  -0.40    1.0
2026/04/23 07:36:37.700   3509418.9290    779141.8984   5250973.7879   2  21   0.0606   0.0343   0.0359   0.0042   0.0090   0.0373  -0.30    1.2
2026/04/23 07:36:37.800   3509418.9276    779141.8996   5250973.7872   2  21   0.0606   0.0343   0.0359   0.0042   0.0090   0.0373  -0.20    1.0
2026/04/23 07:36:37.900   3509418.9267    779141.8997   5250973.7863   2  21   0.0605   0.0343   0.0359   0.0042   0.0090   0.0373  -0.10    1.0
2026/04/23 07:36:38.000   3509418.9262    779141.8999   5250973.7854   2  21   0.0605   0.0343   0.0359   0.0042   0.0090   0.0373   0.00    1.1
2026/04/23 07:36:38.100   3509418.9251    779141.9004   5250973.7839   2  21   0.0605   0.0343   0.0359   0.0042   0.0090   0.0373   0.10    1.0
2026/04/23 07:36:38.200   3509418.9238    779141.9003   5250973.7842   2  21   0.0605   0.0343   0.0359   0.0042   0.0090   0.0372   0.20    1.0
2026/04/23 07:36:38.300   3509418.9221    779141.8994   5250973.7843   2  21   0.0605   0.0343   0.0359   0.0042   0.0090   0.0372   0.30    1.2
2026/04/23 07:36:38.400   3509418.9226    779141.8990   5250973.7826   2  21   0.0605   0.0343   0.0359   0.0042   0.0090   0.0372   0.40    1.1
2026/04/23 07:36:38.500   3509418.9200    779141.8984   5250973.7807   2  21   0.0605   0.0343   0.0359   0.0043   0.0090   0.0372  -0.50    1.1
2026/04/23 07:36:38.600   3509418.9188    779141.8988   5250973.7802   2  21   0.0605   0.0343   0.0359   0.0043   0.0090   0.0372  -0.40    1.0
2026/04/23 07:36:38.700   3509418.9175    779141.8998   5250973.7808   2  21   0.0605   0.0343   0.0359   0.0043   0.0090   0.0372  -0.30    1.1
2026/04/23 07:36:38.800   3509418.9157    779141.9000   5250973.7807   2  21   0.0605   0.0343   0.0359   0.0043   0.0090   0.0372  -0.20    1.1
2026/04/23 07:36:38.900   3509418.9144    779141.9008   5250973.7811   2  21   0.0605   0.0343   0.0359   0.0043   0.0090   0.0372  -0.10    1.0
2026/04/23 07:36:39.000   3509418.9151    779141.9003   5250973.7794   2  21   0.0604   0.0343   0.0359   0.0043   0.0090   0.0372   0.00    1.0
2026/04/23 07:36:39.100   3509418.9144    779141.9004   5250973.7778   2  21   0.0604   0.0342   0.0359   0.0043   0.0090   0.0372   0.10    1.0
2026/04/23 07:36:39.200   3509418.9132    779141.9014   5250973.7765   2  21   0.0604   0.0342   0.0359   0.0043   0.0090   0.0372   0.20    1.0
2026/04/23 07:36:39.300   3509418.9121    779141.9017   5250973.7756   2  21   0.0604   0.0342   0.0359   0.0043   0.0090   0.0372   0.30    1.0
2026/04/23 07:36:39.400   3509418.9110    779141.9010   5250973.7759   2  21   0.0604   0.0342   0.0359   0.0043   0.0090   0.0372   0.40    1.1
2026/04/23 07:36:39.500   3509418.9117    779141.9005   5250973.7745   2  21   0.0604   0.0342   0.0359   0.0044   0.0090   0.0372  -0.50    1.1
2026/04/23 07:36:39.600   3509418.9095    779141.9010   5250973.7763   2  21   0.0604   0.0342   0.0359   0.0044   0.0090   0.0372  -0.40    1.0
2026/04/23 07:36:39.700   3509418.9087    779141.9029   5250973.7756   2  21   0.0604   0.0342   0.0359   0.0044   0.0090   0.0372  -0.30    1.0
2026/04/23 07:36:39.800   3509418.9075    779141.9034   5250973.7761   2  21   0.0604   0.0342   0.0359   0.0044   0.0090   0.0372  -0.20    1.3
2026/04/23 07:36:39.900   3509418.9071    779141.9035   5250973.7773   2  21   0.0604   0.0342   0.0359   0.0044   0.0090   0.0372  -0.10    1.0
2026/04/23 07:36:40.000   3509418.9061    779141.9036   5250973.7786   2  21   0.0604   0.0342   0.0359   0.0044   0.0090   0.0372   0.00    1.0
2026/04/23 07:36:40.100   3509418.9063    779141.9029   5250973.7779   2  21   0.0604   0.0342   0.0359   0.0044   0.0090   0.0372   0.10    1.1
2026/04/23 07:36:40.200   3509418.9052    779141.9016   5250973.7776   2  21   0.0604   0.0342   0.0358   0.0044   0.0090   0.0372   0.20    1.0
2026/04/23 07:36:40.300   3509418.9050    779141.9024   5250973.7762   2  21   0.0603   0.0342   0.0358   0.0044   0.0090   0.0372   0.30    1.0
2026/04/23 07:36:40.400   3509418.9045    779141.9027   5250973.7767   2  21   0.0603   0.0342   0.0358   0.0044   0.0090   0.0372   0.40    1.2
2026/04/23 07:36:40.500   3509418.9036    779141.9021   5250973.7786   2  21   0.0603   0.0342   0.0358   0.0045   0.0090   0.0372  -0.50    1.0
2026/04/23 07:36:40.600   3509418.9037    779141.9017   5250973.7771   2  21   0.0603   0.0342   0.0358   0.0045   0.0090   0.0372  -0.40    1.1
2026/04/23 07:36:40.700   3509418.9027    779141.9027   5250973.7761   2  21   0.0603   0.0342   0.0358   0.0045   0.0090   0.0371  -0.30    1.0
2026/04/23 07:36:40.800   3509418.9029    779141.9033   5250973.7761   2  21   0.0603   0.0342   0.0358   0.0045   0.0090   0.0371  -0.20    1.0
2026/04/23 07:36:40.900   3509418.9034    779141.9030   5250973.7764   2  21   0.0603   0.0342   0.0358   0.0045   0.0090   0.0371  -0.10    1.0
2026/04/23 07:36:41.000   3509418.9031    779141.9029   5250973.7764   2  21   0.0603   0.0342   0.0358   0.0045   0.0090   0.0371   0.00    1.0
2026/04/23 07:36:41.100   3509418.9017    779141.9037   5250973.7767   2  21   0.0603   0.0342   0.0358   0.0045   0.0090   0.0371   0.10    1.0
2026/04/23 07:36:41.200   3509418.9018    779141.9041   5250973.7760   2  21   0.0603   0.0342   0.0358   0.0045   0.0090   0.0371   0.20    1.0
2026/04/23 07:36:41.300   3509418.9013    779141.9041   5250973.7760   2  21   0.0603   0.0342   0.0358   0.0045   0.0090   0.0371   0.30    1.0
2026/04/23 07:36:41.400   3509418.9005    779141.9048   5250973.7769   2  21   0.0603   0.0342   0.0358   0.0045   0.0090   0.0371   0.40    1.1
2026/04/23 07:36:41.500   3509418.8994    779141.9056   5250973.7779   2  21   0.0602   0.0342   0.0358   0.0045   0.0090   0.0371  -0.50    1.2
2026/04/23 07:36:41.600   3509418.8998    779141.9061   5250973.7762   2  21   0.0602   0.0342   0.0358   0.0046   0.0090   0.0371  -0.40    1.1
2026/04/23 07:36:41.700   3509418.8994    779141.9065   5250973.7763   2  21   0.0602   0.0341   0.0358   0.0046   0.0090   0.0371  -0.30    1.0
2026/04/23 07:36:41.800   3509418.8998    779141.9065   5250973.7764   2  21   0.0602   0.0341   0.0358   0.0046   0.0090   0.0371  -0.20    1.1
2026/04/23 07:36:41.900   3509418.8992    779141.9064   5250973.7772   2  21   0.0602   0.0341   0.0358   0.0046   0.0090   0.0371  -0.10    1.3
2026/04/23 07:36:42.000   3509418.8979    779141.9067   5250973.7761   2  21   0.0602   0.0341   0.0358   0.0046   0.0090   0.0371   0.00    1.0
2026/04/23 07:36:42.100   3509418.8980    779141.9061   5250973.7752   2  21   0.0602   0.0341   0.0358   0.0046   0.0090   0.0371   0.10    1.1
2026/04/23 07:36:42.200   3509418.8972    779141.9062   5250973.7741   2  21   0.0602   0.0341   0.0358   0.0046   0.0090   0.0371   0.20    1.1
2026/04/23 07:36:42.300   3509418.8981    779141.9061   5250973.7726   2  21   0.0602   0.0341   0.0358   0.0046   0.0090   0.0371   0.30    1.0
2026/04/23 07:36:42.400   3509418.8973    779141.9062   5250973.7729   2  21   0.0602   0.0341   0.0358   0.0046   0.0090   0.0371   0.40    1.0
2026/04/23 07:36:42.500   3509418.8965    779141.9068   5250973.7736   2  21   0.0602   0.0341   0.0358   0.0046   0.0090   0.0371  -0.50    1.2
2026/04/23 07:36:42.600   3509418.8948    779141.9075   5250973.7747   2  21   0.0602   0.0341   0.0358   0.0046   0.0090   0.0371  -0.40    1.0
2026/04/23 07:36:42.700   3509418.8940    779141.9071   5250973.7753   2  21   0.0602   0.0341   0.0358   0.0047   0.0090   0.0371  -0.30    1.1
2026/04/23 07:36:42.800   3509418.8914    779141.9082   5250973.7750   2  21   0.0601   0.0341   0.0358   0.0047   0.0090   0.0371  -0.20    1.0
2026/04/23 07:36:42.900   3509418.8898    779141.9084   5250973.7732   2  21   0.0601   0.0341   0.0358   0.0047   0.0090   0.0371  -0.10    1.0
2026/04/23 07:36:43.000   3509418.8889    779141.9074   5250973.7734   2  21   0.0601   0.0341   0.0358   0.0047   0.0090   0.0371   0.00    1.1
2026/04/23 07:36:43.100   3509418.8905    779141.9081   5250973.7736   2  21   0.0601   0.0341   0.0358   0.0047   0.0090   0.0371   0.10    1.1
2026/04/23 07:36:43.200   3509418.8909    779141.9094   5250973.7739   2  21   0.0601   0.0341   0.0358   0.0047   0.0090   0.0370   0.20    1.1
2026/04/23 07:36:43.300   3509418.8902    779141.9098   5250973.7733   2  21   0.0601   0.0341   0.0358   0.0047   0.0090   0.0370   0.30    1.1
2026/04/23 07:36:43.400   3509418.8882    779141.9104   5250973.7746   2  21   0.0601   0.0341   0.0358   0.0047   0.0090   0.0370   0.40    1.1
2026/04/23 07:36:43.500   3509418.8880    779141.9103   5250973.7740   2  21   0.0601   0.0341   0.0358   0.0047   0.0090   0.0370  -0.50    1.1
2026/04/23 07:36:43.600   3509418.8881    779141.9109   5250973.7737   2  21   0.0601   0.0341   0.0358   0.0047   0.0090   0.0370  -0.40    1.2
2026/04/23 07:36:43.700   3509418.8869    779141.9105   5250973.7739   2  21   0.0601   0.0341   0.0358   0.0047   0.0090   0.0370  -0.30    1.1
2026/04/23 07:36:43.800   3509418.8866    779141.9108   5250973.7759   2  21   0.0601   0.0341   0.0357   0.0047   0.0090   0.0370  -0.20    1.1
2026/04/23 07:36:43.900   3509418.8862    779141.9103   5250973.7763   2  21   0.0601   0.0341   0.0357   0.0048   0.0090   0.0370  -0.10    1.1
2026/04/23 07:36:44.000   3509418.8874    779141.9101   5250973.7752   2  21   0.0600   0.0341   0.0357   0.0048   0.0090   0.0370   0.00    1.4
2026/04/23 07:36:44.100   3509418.8885    779141.9100   5250973.7753   2  21   0.0600   0.0341   0.0357   0.0048   0.0090   0.0370   0.10    1.0
2026/04/23 07:36:44.200   3509418.8879    779141.9097   5250973.7744   2  21   0.0600   0.0340   0.0357   0.0048   0.0090   0.0370   0.20    1.1
2026/04/23 07:36:44.300   3509418.8869    779141.9101   5250973.7731   2  21   0.0600   0.0340   0.0357   0.0048   0.0090   0.0370   0.30    1.1
2026/04/23 07:36:44.400   3509418.8869    779141.9103   5250973.7714   2  21   0.0600   0.0340   0.0357   0.0048   0.0090   0.0370   0.40    1.0
2026/04/23 07:36:44.500   3509418.8852    779141.9094   5250973.7705   2  21   0.0600   0.0340   0.0357   0.0048   0.0090   0.0370  -0.50    1.1
2026/04/23 07:36:44.600   3509418.8849    779141.9094   5250973.7710   2  20   0.0600   0.0341   0.0357   0.0049   0.0090   0.0370  -0.40    1.2
2026/04/23 07:36:44.700   3509418.8847    779141.9099   5250973.7713   2  21   0.0600   0.0340   0.0357   0.0049   0.0090   0.0370  -0.30    1.1
2026/04/23 07:36:44.800   3509418.8835    779141.9083   5250973.7689   2  21   0.0600   0.0340   0.0357   0.0049   0.0090   0.0370  -0.20    1.2
2026/04/23 07:36:44.900   3509418.8833    779141.9078   5250973.7683   2  21   0.0600   0.0340   0.0357   0.0049   0.0090   0.0370  -0.10    1.1
2026/04/23 07:36:45.000   3509418.8833    779141.9082   5250973.7668   2  21   0.0600   0.0340   0.0357   0.0048   0.0090   0.0370   0.00    1.1
2026/04/23 07:36:45.100   3509418.8841    779141.9086   5250973.7654   2  21   0.0600   0.0340   0.0357   0.0049   0.0090   0.0370   0.10    1.1
2026/04/23 07:36:45.200   3509418.8833    779141.9080   5250973.7654   2  21   0.0600   0.0340   0.0357   0.0049   0.0090   0.0370   0.20    1.1
2026/04/23 07:36:45.300   3509418.8837    779141.9086   5250973.7630   2  21   0.0599   0.0340   0.0357   0.0049   0.0090   0.0370   0.30    1.1
2026/04/23 07:36:45.400   3509418.8829    779141.9102   5250973.7631   2  21   0.0599   0.0340   0.0357   0.0049   0.0090   0.0370   0.40    1.1
2026/04/23 07:36:45.500   3509418.8832    779141.9092   5250973.7622   2  21   0.0599   0.0340   0.0357   0.0049   0.0090   0.0370  -0.50    1.1
2026/04/23 07:36:45.600   3509418.8820    779141.9091   5250973.7633   2  21   0.0599   0.0340   0.0357   0.0049   0.0090   0.0370  -0.40    1.2
2026/04/23 07:36:45.700   3509418.8812    779141.9098   5250973.7650   2  21   0.0599   0.0340   0.0357   0.0049   0.0090   0.0369  -0.30    1.3
2026/04/23 07:36:45.800   3509418.8806    779141.9119   5250973.7660   2  21   0.0599   0.0340   0.0357   0.0049   0.0090   0.0369  -0.20    1.1
2026/04/23 07:36:45.900   3509418.8809    779141.9120   5250973.7657   2  21   0.0599   0.0340   0.0357   0.0049   0.0090   0.0369  -0.10    1.1
2026/04/23 07:36:46.000   3509418.8790    779141.9113   5250973.7665   2  21   0.0599   0.0340   0.0357   0.0049   0.0090   0.0369   0.00    1.1
2026/04/23 07:36:46.100   3509418.8774    779141.9118   5250973.7683   2  21   0.0599   0.0340   0.0357   0.0049   0.0090   0.0369   0.10    1.4
2026/04/23 07:36:46.200   3509418.8788    779141.9106   5250973.7687   2  21   0.0599   0.0340   0.0357   0.0049   0.0090   0.0369   0.20    1.0
2026/04/23 07:36:46.300   3509418.8791    779141.9097   5250973.7703   2  21   0.0599   0.0340   0.0357   0.0049   0.0090   0.0369   0.30    1.1
2026/04/23 07:36:46.400   3509418.8799    779141.9106   5250973.7702   2  21   0.0599   0.0340   0.0357   0.0049   0.0090   0.0369   0.40    1.1
2026/04/23 07:36:46.500   3509418.8795    779141.9104   5250973.7714   2  21   0.0598   0.0340   0.0357   0.0050   0.0090   0.0369  -0.50    1.1
2026/04/23 07:36:46.600   3509418.8792    779141.9107   5250973.7706   2  21   0.0598   0.0340   0.0357   0.0050   0.0090   0.0369  -0.40    1.1
2026/04/23 07:36:46.700   3509418.8789    779141.9118   5250973.7701   2  21   0.0598   0.0340   0.0357   0.0050   0.0090   0.0369  -0.30    1.2
2026/04/23 07:36:46.800   3509418.8787    779141.9119   5250973.7716   2  21   0.0598   0.0339   0.0357   0.0050   0.0090   0.0369  -0.20    1.1
2026/04/23 07:36:46.900   3509418.8798    779141.9120   5250973.7703   2  21   0.0598   0.0339   0.0357   0.0050   0.0090   0.0369  -0.10    1.2
2026/04/23 07:36:47.000   3509418.8810    779141.9128   5250973.7687   2  21   0.0598   0.0339   0.0357   0.0050   0.0090   0.0369   0.00    1.1
2026/04/23 07:36:47.100   3509418.8806    779141.9136   5250973.7677   2  21   0.0598   0.0339   0.0357   0.0050   0.0090   0.0369   0.10    1.1
2026/04/23 07:36:47.200   3509418.8796    779141.9143   5250973.7680   2  21   0.0598   0.0339   0.0357   0.0050   0.0090   0.0369   0.20    1.1
2026/04/23 07:36:47.300   3509418.8790    779141.9131   5250973.7681   2  21   0.0598   0.0339   0.0357   0.0049   0.0090   0.0369   0.30    1.0
2026/04/23 07:36:47.400   3509418.8781    779141.9119   5250973.7688   2  21   0.0598   0.0339   0.0357   0.0048   0.0090   0.0369   0.40    1.0
2026/04/23 07:36:47.500   3509418.8792    779141.9115   5250973.7685   2  21   0.0598   0.0339   0.0357   0.0047   0.0090   0.0369  -0.50    1.0
2026/04/23 07:36:47.600   3509418.8805    779141.9122   5250973.7665   2  21   0.0598   0.0339   0.0357   0.0048   0.0090   0.0369  -0.40    1.0
2026/04/23 07:36:47.700   3509418.8811    779141.9130   5250973.7660   2  21   0.0598   0.0339   0.0357   0.0048   0.0090   0.0369  -0.30    1.0
2026/04/23 07:36:47.800   3509418.8790    779141.9136   5250973.7670   2  21   0.0598   0.0339   0.0357   0.0048   0.0090   0.0369  -0.20    1.0
2026/04/23 07:36:47.900   3509418.8782    779141.9140   5250973.7660   2  21   0.0598   0.0339   0.0357   0.0049   0.0090   0.0369  -0.10    1.0
2026/04/23 07:36:48.000   3509418.8785    779141.9143   5250973.7661   2  21   0.0598   0.0339   0.0356   0.0049   0.0090   0.0369   0.00    1.0
2026/04/23 07:36:48.100   3509418.8789    779141.9138   5250973.7662   2  21   0.0597   0.0339   0.0356   0.0050   0.0090   0.0369   0.10    1.0
2026/04/23 07:36:48.200   3509418.8782    779141.9126   5250973.7661   2  21   0.0597   0.0339   0.0356   0.0050   0.0090   0.0369   0.20    1.1
2026/04/23 07:36:48.300   3509418.8784    779141.9117   5250973.7663   2  21   0.0597   0.0339   0.0356   0.0050   0.0090   0.0369   0.30    1.0
2026/04/23 07:36:48.400   3509418.8786    779141.9109   5250973.7654   2  21   0.0597   0.0339   0.0356   0.0050   0.0090   0.0369   0.40    1.0
2026/04/23 07:36:48.500   3509418.8790    779141.9113   5250973.7637   2  21   0.0597   0.0339   0.0356   0.0050   0.0090   0.0369  -0.50    1.0
2026/04/23 07:36:48.600   3509418.8795    779141.9119   5250973.7625   2  21   0.0597   0.0339   0.0356   0.0051   0.0090   0.0368  -0.40    1.0
2026/04/23 07:36:48.700   3509418.8787    779141.9127   5250973.7622   2  21   0.0597   0.0339   0.0356   0.0051   0.0090   0.0368  -0.30    1.0
2026/04/23 07:36:48.800   3509418.8781    779141.9130   5250973.7627   2  21   0.0597   0.0339   0.0356   0.0051   0.0090   0.0368  -0.20    1.2
2026/04/23 07:36:48.900   3509418.8780    779141.9141   5250973.7623   2  21   0.0597   0.0339   0.0356   0.0051   0.0090   0.0368  -0.10    1.0
2026/04/23 07:36:49.000   3509418.8785    779141.9132   5250973.7628   2  21   0.0597   0.0339   0.0356   0.0051   0.0090   0.0368   0.00    1.0
2026/04/23 07:36:49.100   3509418.8791    779141.9131   5250973.7621   2  21   0.0596   0.0339   0.0356   0.0051   0.0090   0.0368   0.10    1.0
2026/04/23 07:36:49.200   3509418.8775    779141.9128   5250973.7625   2  21   0.0596   0.0339   0.0356   0.0051   0.0090   0.0368   0.20    1.0
2026/04/23 07:36:49.300   3509418.8767    779141.9130   5250973.7617   2  21   0.0596   0.0339   0.0356   0.0051   0.0090   0.0368   0.30    1.0
2026/04/23 07:36:49.400   3509418.8749    779141.9134   5250973.7629   2  21   0.0596   0.0338   0.0356   0.0051   0.0090   0.0368   0.40    1.0
2026/04/23 07:36:49.500   3509418.8748    779141.9145   5250973.7650   2  21   0.0596   0.0338   0.0356   0.0051   0.0090   0.0368  -0.50    1.0
2026/04/23 07:36:49.600   3509418.8745    779141.9145   5250973.7668   2  21   0.0596   0.0338   0.0356   0.0051   0.0090   0.0368  -0.40    1.0
2026/04/23 07:36:49.700   3509418.8746    779141.9159   5250973.7680   2  21   0.0596   0.0338   0.0356   0.0051   0.0090   0.0368  -0.30    1.0
2026/04/23 07:36:49.800   3509418.8740    779141.9163   5250973.7693   2  21   0.0596   0.0338   0.0356   0.0052   0.0090   0.0368  -0.20    1.0
2026/04/23 07:36:49.900   3509418.8738    779141.9173   5250973.7693   2  21   0.0596   0.0338   0.0356   0.0052   0.0090   0.0368  -0.10    1.1
2026/04/23 07:36:50.000   3509418.8740    779141.9175   5250973.7675   2  21   0.0596   0.0338   0.0356   0.0052   0.0090   0.0368   0.00    1.0
2026/04/23 07:36:50.100   3509418.8742    779141.9181   5250973.7679   2  21   0.0596   0.0338   0.0356   0.0052   0.0090   0.0368   0.10    1.0
2026/04/23 07:36:50.200   3509418.8742    779141.9186   5250973.7693   2  21   0.0595   0.0338   0.0356   0.0052   0.0090   0.0368   0.20    1.0
2026/04/23 07:36:50.300   3509418.8736    779141.9187   5250973.7700   2  21   0.0595   0.0338   0.0356   0.0052   0.0090   0.0368   0.30    1.2
2026/04/23 07:36:50.400   3509418.8732    779141.9186   5250973.7697   2  21   0.0595   0.0338   0.0356   0.0052   0.0090   0.0367   0.40    1.0
2026/04/23 07:36:50.500   3509418.8734    779141.9188   5250973.7687   2  21   0.0595   0.0338   0.0356   0.0052   0.0090   0.0367  -0.50    1.0
2026/04/23 07:36:50.600   3509418.8718    779141.9189   5250973.7697   2  21   0.0595   0.0338   0.0356   0.0052   0.0090   0.0367  -0.40    1.1
2026/04/23 07:36:50.700   3509418.8713    779141.9187   5250973.7698   2  21   0.0595   0.0338   0.0356   0.0052   0.0090   0.0367  -0.30    1.1
2026/04/23 07:36:50.800   3509418.8719    779141.9183   5250973.7686   2  21   0.0595   0.0338   0.0356   0.0052   0.0090   0.0367  -0.20    1.1
2026/04/23 07:36:50.900   3509418.8709    779141.9190   5250973.7668   2  21   0.0595   0.0338   0.0356   0.0052   0.0090   0.0367  -0.10    1.2
2026/04/23 07:36:51.000   3509418.8709    779141.9190   5250973.7662   2  21   0.0595   0.0338   0.0356   0.0052   0.0090   0.0367   0.00    1.1
2026/04/23 07:36:51.100   3509418.8717    779141.9182   5250973.7638   2  21   0.0595   0.0338   0.0356   0.0052   0.0090   0.0367   0.10    1.0
2026/04/23 07:36:51.200   3509418.8710    779141.9181   5250973.7643   2  21   0.0595   0.0338   0.0355   0.0053   0.0090   0.0367   0.20    1.1
2026/04/23 07:36:51.300   3509418.8709    779141.9169   5250973.7638   2  21   0.0595   0.0338   0.0355   0.0053   0.0090   0.0367   0.30    1.0
2026/04/23 07:36:51.400   3509418.8698    779141.9165   5250973.7616   2  21   0.0594   0.0338   0.0355   0.0053   0.0090   0.0367   0.40    1.1
2026/04/23 07:36:51.500   3509418.8705    779141.9172   5250973.7605   2  21   0.0594   0.0338   0.0355   0.0053   0.0090   0.0367  -0.50    1.1
2026/04/23 07:36:51.600   3509418.8697    779141.9177   5250973.7593   2  21   0.0594   0.0338   0.0355   0.0053   0.0090   0.0367  -0.40    1.1
2026/04/23 07:36:51.700   3509418.8683    779141.9175   5250973.7598   2  21   0.0594   0.0338   0.0355   0.0053   0.0090   0.0367  -0.30    1.1
2026/04/23 07:36:51.800   3509418.8674    779141.9180   5250973.7619   2  21   0.0594   0.0338   0.0355   0.0053   0.0090   0.0367  -0.20    1.1
2026/04/23 07:36:51.900   3509418.8670    779141.9192   5250973.7632   2  21   0.0594   0.0337   0.0355   0.0053   0.0090   0.0367  -0.10    1.1
2026/04/23 07:36:52.000   3509418.8670    779141.9192   5250973.7601   2  21   0.0594   0.0337   0.0355   0.0053   0.0090   0.0367   0.00    1.1
2026/04/23 07:36:52.100   3509418.8670    779141.9189   5250973.7590   2  21   0.0594   0.0337   0.0355   0.0053   0.0090   0.0367   0.10    1.1
2026/04/23 07:36:52.200   3509418.8664    779141.9182   5250973.7583   2  21   0.0594   0.0337   0.0355   0.0053   0.0090   0.0367   0.20    1.1
2026/04/23 07:36:52.300   3509418.8647    779141.9174   5250973.7588   2  21   0.0594   0.0337   0.0355   0.0053   0.0090   0.0367   0.30    1.1
2026/04/23 07:36:52.400   3509418.8644    779141.9182   5250973.7584   2  21   0.0594   0.0337   0.0355   0.0053   0.0090   0.0367   0.40    1.2
2026/04/23 07:36:52.500   3509418.8649    779141.9195   5250973.7577   2  21   0.0594   0.0337   0.0355   0.0053   0.0090   0.0367  -0.50    1.0
2026/04/23 07:36:52.600   3509418.8638    779141.9198   5250973.7567   2  21   0.0593   0.0337   0.0355   0.0053   0.0090   0.0366  -0.40    1.0
2026/04/23 07:36:52.700   3509418.8624    779141.9202   5250973.7569   2  21   0.0593   0.0337   0.0355   0.0053   0.0090   0.0366  -0.30    1.0
2026/04/23 07:36:52.800   3509418.8616    779141.9200   5250973.7574   2  21   0.0593   0.0337   0.0355   0.0053   0.0090   0.0366  -0.20    1.1
2026/04/23 07:36:52.900   3509418.8612    779141.9192   5250973.7572   2  21   0.0593   0.0337   0.0355   0.0053   0.0090   0.0366  -0.10    1.1
2026/04/23 07:36:53.000   3509418.8600    779141.9198   5250973.7579   2  21   0.0593   0.0337   0.0355   0.0054   0.0090   0.0366   0.00    1.2
2026/04/23 07:36:53.100   3509418.8597    779141.9192   5250973.7583   2  21   0.0593   0.0337   0.0355   0.0054   0.0090   0.0366   0.10    1.1
2026/04/23 07:36:53.200   3509418.8610    779141.9191   5250973.7562   2  21   0.0593   0.0337   0.0355   0.0054   0.0090   0.0366   0.20    1.0
2026/04/23 07:36:53.300   3509418.8615    779141.9195   5250973.7562   2  21   0.0593   0.0337   0.0355   0.0054   0.0090   0.0366   0.30    1.1
2026/04/23 07:36:53.400   3509418.8620    779141.9194   5250973.7560   2  21   0.0593   0.0337   0.0355   0.0054   0.0090   0.0366   0.40    1.1
2026/04/23 07:36:53.500   3509418.8599    779141.9202   5250973.7582   2  21   0.0593   0.0337   0.0355   0.0054   0.0090   0.0366  -0.50    1.1
2026/04/23 07:36:53.600   3509418.8599    779141.9195   5250973.7587   2  21   0.0593   0.0337   0.0355   0.0054   0.0090   0.0366  -0.40    1.1
2026/04/23 07:36:53.700   3509418.8609    779141.9194   5250973.7562   2  21   0.0592   0.0337   0.0355   0.0054   0.0090   0.0366  -0.30    1.1
2026/04/23 07:36:53.800   3509418.8613    779141.9211   5250973.7566   2  21   0.0592   0.0337   0.0355   0.0054   0.0090   0.0366  -0.20    1.1
2026/04/23 07:36:53.900   3509418.8602    779141.9200   5250973.7565   2  21   0.0592   0.0337   0.0355   0.0054   0.0090   0.0366  -0.10    1.1
2026/04/23 07:36:54.000   3509418.8596    779141.9193   5250973.7559   2  21   0.0592   0.0337   0.0355   0.0054   0.0090   0.0366   0.00    1.0
2026/04/23 07:36:54.100   3509418.8598    779141.9194   5250973.7558   2  21   0.0592   0.0337   0.0355   0.0054   0.0090   0.0366   0.10    1.1
2026/04/23 07:36:54.200   3509418.8592    779141.9213   5250973.7557   2  21   0.0592   0.0337   0.0355   0.0054   0.0090   0.0366   0.20    1.0
2026/04/23 07:36:54.300   3509418.8587    779141.9214   5250973.7548   2  21   0.0592   0.0337   0.0355   0.0054   0.0090   0.0366   0.30    1.1
2026/04/23 07:36:54.400   3509418.8574    779141.9212   5250973.7557   2  21   0.0592   0.0337   0.0355   0.0054   0.0090   0.0366   0.40    1.1
2026/04/23 07:36:54.500   3509418.8572    779141.9211   5250973.7564   2  21   0.0592   0.0336   0.0355   0.0054   0.0090   0.0366  -0.50    1.2
2026/04/23 07:36:54.600   3509418.8567    779141.9211   5250973.7576   2  21   0.0592   0.0336   0.0355   0.0054   0.0090   0.0366  -0.40    1.0
2026/04/23 07:36:54.700   3509418.8572    779141.9211   5250973.7576   2  21   0.0592   0.0336   0.0355   0.0054   0.0090   0.0366  -0.30    1.0
2026/04/23 07:36:54.800   3509418.8579    779141.9206   5250973.7560   2  21   0.0592   0.0336   0.0354   0.0054   0.0090   0.0365  -0.20    1.0
2026/04/23 07:36:54.900   3509418.8579    779141.9206   5250973.7561   2  21   0.0591   0.0336   0.0354   0.0055   0.0090   0.0365  -0.10    1.1
2026/04/23 07:36:55.000   3509418.8575    779141.9212   5250973.7575   2  21   0.0591   0.0336   0.0354   0.0055   0.0090   0.0365   0.00    1.1
2026/04/23 07:36:55.100   3509418.8578    779141.9215   5250973.7578   2  21   0.0591   0.0336   0.0354   0.0055   0.0090   0.0365   0.10    1.2
2026/04/23 07:36:55.200   3509418.8578    779141.9220   5250973.7591   2  21   0.0591   0.0336   0.0354   0.0055   0.0090   0.0365   0.20    1.0
2026/04/23 07:36:55.300   3509418.8578    779141.9196   5250973.7599   2  21   0.0591   0.0336   0.0354   0.0055   0.0090   0.0365   0.30    1.0
2026/04/23 07:36:55.400   3509418.8572    779141.9201   5250973.7595   2  21   0.0591   0.0336   0.0354   0.0055   0.0090   0.0365   0.40    1.1
2026/04/23 07:36:55.500   3509418.8578    779141.9212   5250973.7593   2  21   0.0591   0.0336   0.0354   0.0055   0.0090   0.0365  -0.50    1.1
2026/04/23 07:36:55.600   3509418.8570    779141.9212   5250973.7590   2  21   0.0591   0.0336   0.0354   0.0055   0.0090   0.0365  -0.40    1.0
2026/04/23 07:36:55.700   3509418.8556    779141.9216   5250973.7607   2  21   0.0591   0.0336   0.0354   0.0055   0.0090   0.0365  -0.30    1.0
2026/04/23 07:36:55.800   3509418.8571    779141.9217   5250973.7611   2  21   0.0591   0.0336   0.0354   0.0055   0.0090   0.0365  -0.20    1.0
2026/04/23 07:36:55.900   3509418.8568    779141.9213   5250973.7613   2  21   0.0591   0.0336   0.0354   0.0055   0.0090   0.0365  -0.10    1.0
2026/04/23 07:36:56.000   3509418.8563    779141.9208   5250973.7603   2  21   0.0590   0.0336   0.0354   0.0055   0.0090   0.0365   0.00    1.0
2026/04/23 07:36:56.100   3509418.8557    779141.9214   5250973.7601   2  21   0.0590   0.0336   0.0354   0.0055   0.0090   0.0365   0.10    1.0
2026/04/23 07:36:56.200   3509418.8560    779141.9219   5250973.7602   2  21   0.0590   0.0336   0.0354   0.0055   0.0090   0.0365   0.20    1.2
2026/04/23 07:36:56.300   3509418.8556    779141.9219   5250973.7599   2  21   0.0590   0.0336   0.0354   0.0055   0.0090   0.0365   0.30    1.0
2026/04/23 07:36:56.400   3509418.8544    779141.9226   5250973.7616   2  21   0.0590   0.0336   0.0354   0.0055   0.0090   0.0365   0.40    1.0
2026/04/23 07:36:56.500   3509418.8534    779141.9236   5250973.7613   2  21   0.0590   0.0336   0.0354   0.0055   0.0090   0.0365  -0.50    1.1
2026/04/23 07:36:56.600   3509418.8534    779141.9237   5250973.7617   2  21   0.0590   0.0336   0.0354   0.0055   0.0090   0.0365  -0.40    1.2
2026/04/23 07:36:56.700   3509418.8532    779141.9244   5250973.7598   2  21   0.0590   0.0336   0.0354   0.0055   0.0090   0.0365  -0.30    1.0
2026/04/23 07:36:56.800   3509418.8523    779141.9249   5250973.7600   2  21   0.0590   0.0336   0.0354   0.0055   0.0090   0.0364  -0.20    1.0
2026/04/23 07:36:56.900   3509418.8522    779141.9248   5250973.7616   2  21   0.0590   0.0336   0.0354   0.0055   0.0090   0.0364  -0.10    1.0
2026/04/23 07:36:57.000   3509418.8515    779141.9243   5250973.7625   2  21   0.0590   0.0335   0.0354   0.0055   0.0090   0.0364   0.00    1.1
2026/04/23 07:36:57.100   3509418.8505    779141.9242   5250973.7615   2  21   0.0590   0.0335   0.0354   0.0056   0.0090   0.0364   0.10    1.0
2026/04/23 07:36:57.200   3509418.8510    779141.9250   5250973.7600   2  21   0.0589   0.0335   0.0354   0.0056   0.0090   0.0364   0.20    1.2
2026/04/23 07:36:57.300   3509418.8500    779141.9244   5250973.7608   2  21   0.0589   0.0335   0.0354   0.0056   0.0090   0.0364   0.30    1.0
2026/04/23 07:36:57.400   3509418.8491    779141.9234   5250973.7622   2  21   0.0589   0.0335   0.0354   0.0056   0.0090   0.0364   0.40    1.0
2026/04/23 07:36:57.500   3509418.8481    779141.9236   5250973.7644   2  21   0.0589   0.0335   0.0354   0.0056   0.0090   0.0364  -0.50    1.0
2026/04/23 07:36:57.600   3509418.8483    779141.9228   5250973.7631   2  21   0.0589   0.0335   0.0354   0.0056   0.0090   0.0364  -0.40    1.1
2026/04/23 07:36:57.700   3509418.8483    779141.9222   5250973.7607   2  21   0.0589   0.0335   0.0354   0.0056   0.0090   0.0364  -0.30    1.0
2026/04/23 07:36:57.800   3509418.8490    779141.9223   5250973.7591   2  21   0.0589   0.0335   0.0354   0.0056   0.0090   0.0364  -0.20    1.0
2026/04/23 07:36:57.900   3509418.8490    779141.9236   5250973.7583   2  21   0.0589   0.0335   0.0354   0.0056   0.0090   0.0364  -0.10    1.0
2026/04/23 07:36:58.000   3509418.8485    779141.9237   5250973.7582   2  21   0.0589   0.0335   0.0353   0.0056   0.0090   0.0364   0.00    1.0
2026/04/23 07:36:58.100   3509418.8469    779141.9227   5250973.7573   2  21   0.0589   0.0335   0.0353   0.0056   0.0090   0.0364   0.10    1.0
2026/04/23 07:36:58.200   3509418.8462    779141.9225   5250973.7569   2  21   0.0589   0.0335   0.0353   0.0056   0.0090   0.0364   0.20    1.1
2026/04/23 07:36:58.300   3509418.8452    779141.9233   5250973.7536   2  21   0.0588   0.0335   0.0353   0.0056   0.0090   0.0364   0.30    1.2
2026/04/23 07:36:58.400   3509418.8419    779141.9234   5250973.7530   2  21   0.0588   0.0335   0.0353   0.0056   0.0090   0.0364   0.40    1.0
2026/04/23 07:36:58.500   3509418.8404    779141.9237   5250973.7523   2  21   0.0588   0.0335   0.0353   0.0056   0.0090   0.0364  -0.50    1.0
2026/04/23 07:36:58.600   3509418.8381    779141.9247   5250973.7512   2  21   0.0588   0.0335   0.0353   0.0056   0.0090   0.0364  -0.40    1.1
2026/04/23 07:36:58.700   3509418.8376    779141.9259   5250973.7500   2  21   0.0588   0.0335   0.0353   0.0056   0.0090   0.0364  -0.30    1.2
2026/04/23 07:36:58.800   3509418.8363    779141.9263   5250973.7487   2  21   0.0588   0.0335   0.0353   0.0056   0.0090   0.0364  -0.20    1.1
2026/04/23 07:36:58.900   3509418.8336    779141.9259   5250973.7485   2  21   0.0588   0.0335   0.0353   0.0056   0.0090   0.0363  -0.10    1.0
2026/04/23 07:36:59.000   3509418.8331    779141.9257   5250973.7479   2  21   0.0588   0.0335   0.0353   0.0056   0.0090   0.0363   0.00    1.0
2026/04/23 07:36:59.100   3509418.8327    779141.9249   5250973.7470   2  21   0.0588   0.0335   0.0353   0.0056   0.0090   0.0363   0.10    1.0
2026/04/23 07:36:59.200   3509418.8331    779141.9249   5250973.7451   2  21   0.0588   0.0335   0.0353   0.0056   0.0090   0.0363   0.20    1.0
2026/04/23 07:36:59.300   3509418.8329    779141.9253   5250973.7431   2  21   0.0588   0.0335   0.0353   0.0056   0.0090   0.0363   0.30    1.2
2026/04/23 07:36:59.400   3509418.8324    779141.9250   5250973.7447   2  21   0.0588   0.0335   0.0353   0.0056   0.0090   0.0363   0.40    1.1
2026/04/23 07:36:59.500   3509418.8329    779141.9254   5250973.7448   2  21   0.0587   0.0335   0.0353   0.0056   0.0090   0.0363  -0.50    1.1
2026/04/23 07:36:59.600   3509418.8345    779141.9251   5250973.7440   2  21   0.0587   0.0334   0.0353   0.0056   0.0090   0.0363  -0.40    1.0
2026/04/23 07:36:59.700   3509418.8355    779141.9246   5250973.7434   2  21   0.0587   0.0334   0.0353   0.0057   0.0090   0.0363  -0.30    1.0
2026/04/23 07:36:59.800   3509418.8342    779141.9244   5250973.7456   2  21   0.0587   0.0334   0.0353   0.0057   0.0090   0.0363  -0.20    1.0
2026/04/23 07:36:59.900   3509418.8334    779141.9249   5250973.7456   2  21   0.0587   0.0334   0.0353   0.0057   0.0090   0.0363  -0.10    1.0
2026/04/23 07:37:00.000   3509418.8328    779141.9247   5250973.7465   2  21   0.0587   0.0334   0.0353   0.0057   0.0090   0.0363   0.00    1.0
2026/04/23 07:37:00.100   3509418.8343    779141.9253   5250973.7472   2  21   0.0587   0.0334   0.0353   0.0057   0.0090   0.0363   0.10    1.0
2026/04/23 07:37:00.200   3509418.8335    779141.9259   5250973.7490   2  21   0.0587   0.0334   0.0353   0.0057   0.0090   0.0363   0.20    1.0
2026/04/23 07:37:00.300   3509418.8348    779141.9266   5250973.7478   2  21   0.0587   0.0334   0.0353   0.0057   0.0090   0.0363   0.30    1.1
2026/04/23 07:37:00.400   3509418.8351    779141.9266   5250973.7494   2  21   0.0587   0.0334   0.0353   0.0057   0.0090   0.0363   0.40    1.3
2026/04/23 07:37:00.500   3509418.8363    779141.9270   5250973.7491   2  21   0.0587   0.0334   0.0353   0.0057   0.0090   0.0363  -0.50    1.0
2026/04/23 07:37:00.600   3509418.8343    779141.9276   5250973.7504   2  21   0.0586   0.0334   0.0353   0.0057   0.0090   0.0363  -0.40    1.0
2026/04/23 07:37:00.700   3509418.8334    779141.9277   5250973.7514   2  21   0.0586   0.0334   0.0353   0.0057   0.0090   0.0363  -0.30    1.1
2026/04/23 07:37:00.800   3509418.8342    779141.9276   5250973.7507   2  21   0.0586   0.0334   0.0353   0.0057   0.0090   0.0362  -0.20    1.3
2026/04/23 07:37:00.900   3509418.8346    779141.9269   5250973.7509   2  21   0.0586   0.0334   0.0353   0.0057   0.0090   0.0362  -0.10    1.1
2026/04/23 07:37:01.000   3509418.8359    779141.9274   5250973.7514   2  21   0.0586   0.0334   0.0353   0.0057   0.0090   0.0362   0.00    1.0
2026/04/23 07:37:01.100   3509418.8362    779141.9275   5250973.7514   2  21   0.0586   0.0334   0.0352   0.0057   0.0090   0.0362   0.10    1.0
2026/04/23 07:37:01.200   3509418.8350    779141.9285   5250973.7516   2  21   0.0586   0.0334   0.0352   0.0057   0.0090   0.0362   0.20    1.0
2026/04/23 07:37:01.300   3509418.8358    779141.9288   5250973.7508   2  21   0.0586   0.0334   0.0352   0.0057   0.0090   0.0362   0.30    1.0
2026/04/23 07:37:01.400   3509418.8353    779141.9287   5250973.7517   2  21   0.0586   0.0334   0.0352   0.0057   0.0090   0.0362   0.40    1.2
2026/04/23 07:37:01.500   3509418.8353    779141.9292   5250973.7513   2  21   0.0586   0.0334   0.0352   0.0057   0.0090   0.0362  -0.50    1.1
2026/04/23 07:37:01.600   3509418.8350    779141.9297   5250973.7527   2  21   0.0586   0.0334   0.0352   0.0057   0.0090   0.0362  -0.40    1.1
2026/04/23 07:37:01.700   3509418.8327    779141.9304   5250973.7534   2  21   0.0585   0.0334   0.0352   0.0057   0.0090   0.0362  -0.30    1.0
2026/04/23 07:37:01.800   3509418.8330    779141.9310   5250973.7521   2  21   0.0585   0.0334   0.0352   0.0057   0.0090   0.0362  -0.20    1.0
2026/04/23 07:37:01.900   3509418.8332    779141.9304   5250973.7507   2  21   0.0585   0.0334   0.0352   0.0057   0.0090   0.0362  -0.10    1.0
2026/04/23 07:37:02.000   3509418.8315    779141.9297   5250973.7490   2  21   0.0585   0.0334   0.0352   0.0057   0.0090   0.0362   0.00    1.0
2026/04/23 07:37:02.100   3509418.8306    779141.9303   5250973.7501   2  21   0.0585   0.0333   0.0352   0.0057   0.0090   0.0362   0.10    1.0
2026/04/23 07:37:02.200   3509418.8293    779141.9299   5250973.7518   2  21   0.0585   0.0333   0.0352   0.0057   0.0090   0.0362   0.20    1.0
2026/04/23 07:37:02.300   3509418.8282    779141.9311   5250973.7518   2  21   0.0585   0.0333   0.0352   0.0057   0.0090   0.0362   0.30    1.0
2026/04/23 07:37:02.400   3509418.8274    779141.9312   5250973.7510   2  21   0.0585   0.0333   0.0352   0.0057   0.0090   0.0362   0.40    1.1
2026/04/23 07:37:02.500   3509418.8286    779141.9308   5250973.7503   2  21   0.0585   0.0333   0.0352   0.0057   0.0090   0.0362  -0.50    1.3
2026/04/23 07:37:02.600   3509418.8287    779141.9309   5250973.7500   2  21   0.0585   0.0333   0.0352   0.0057   0.0090   0.0362  -0.40    1.0
2026/04/23 07:37:02.700   3509418.8295    779141.9304   5250973.7494   2  21   0.0585   0.0333   0.0352   0.0057   0.0090   0.0361  -0.30    1.0
2026/04/23 07:37:02.800   3509418.8306    779141.9316   5250973.7482   2  21   0.0584   0.0333   0.0352   0.0058   0.0090   0.0361  -0.20    1.1
2026/04/23 07:37:02.900   3509418.8313    779141.9310   5250973.7476   2  21   0.0584   0.0333   0.0352   0.0058   0.0090   0.0361  -0.10    1.3
2026/04/23 07:37:03.000   3509418.8305    779141.9303   5250973.7481   2  21   0.0584   0.0333   0.0352   0.0058   0.0090   0.0361   0.00    1.2
2026/04/23 07:37:03.100   3509418.8313    779141.9289   5250973.7473   2  21   0.0584   0.0333   0.0352   0.0058   0.0090   0.0361   0.10    1.0
2026/04/23 07:37:03.200   3509418.8314    779141.9289   5250973.7460   2  21   0.0584   0.0333   0.0352   0.0058   0.0090   0.0361   0.20    1.0
2026/04/23 07:37:03.300   3509418.8313    779141.9301   5250973.7454   2  21   0.0584   0.0333   0.0352   0.0058   0.0089   0.0361   0.30    1.0
2026/04/23 07:37:03.400   3509418.8314    779141.9313   5250973.7458   2  21   0.0584   0.0333   0.0352   0.0058   0.0089   0.0361   0.40    1.0
2026/04/23 07:37:03.500   3509418.8307    779141.9314   5250973.7462   2  21   0.0584   0.0333   0.0352   0.0058   0.0089   0.0361  -0.50    1.2
2026/04/23 07:37:03.600   3509418.8308    779141.9308   5250973.7443   2  21   0.0584   0.0333   0.0352   0.0058   0.0089   0.0361  -0.40    1.1
2026/04/23 07:37:03.700   3509418.8288    779141.9311   5250973.7455   2  21   0.0584   0.0333   0.0352   0.0058   0.0089   0.0361  -0.30    1.1
2026/04/23 07:37:03.800   3509418.8280    779141.9318   5250973.7453   2  21   0.0583   0.0333   0.0352   0.0058   0.0089   0.0361  -0.20    1.0
2026/04/23 07:37:03.900   3509418.8265    779141.9322   5250973.7454   2  21   0.0583   0.0333   0.0351   0.0058   0.0089   0.0361  -0.10    1.0
2026/04/23 07:37:04.000   3509418.8258    779141.9327   5250973.7445   2  21   0.0583   0.0333   0.0351   0.0058   0.0089   0.0361   0.00    1.0
2026/04/23 07:37:04.100   3509418.8258    779141.9324   5250973.7448   2  21   0.0583   0.0333   0.0351   0.0058   0.0089   0.0361   0.10    1.0
2026/04/23 07:37:04.200   3509418.8264    779141.9318   5250973.7444   2  21   0.0583   0.0333   0.0351   0.0058   0.0089   0.0361   0.20    1.0
2026/04/23 07:37:04.300   3509418.8264    779141.9323   5250973.7431   2  21   0.0583   0.0333   0.0351   0.0058   0.0089   0.0361   0.30    1.0
2026/04/23 07:37:04.400   3509418.8261    779141.9327   5250973.7431   2  21   0.0583   0.0333   0.0351   0.0058   0.0089   0.0361   0.40    1.0
2026/04/23 07:37:04.500   3509418.8257    779141.9330   5250973.7419   2  21   0.0583   0.0333   0.0351   0.0058   0.0089   0.0360  -0.50    1.2
2026/04/23 07:37:04.600   3509418.8273    779141.9314   5250973.7397   2  21   0.0583   0.0333   0.0351   0.0058   0.0089   0.0360  -0.40    1.3
2026/04/23 07:37:04.700   3509418.8285    779141.9329   5250973.7413   2  21   0.0583   0.0332   0.0351   0.0058   0.0089   0.0360  -0.30    1.0
2026/04/23 07:37:04.800   3509418.8284    779141.9326   5250973.7430   2  21   0.0583   0.0332   0.0351   0.0058   0.0089   0.0360  -0.20    1.0
2026/04/23 07:37:04.900   3509418.8278    779141.9323   5250973.7440   2  21   0.0582   0.0332   0.0351   0.0058   0.0089   0.0360  -0.10    1.1
2026/04/23 07:37:05.000   3509418.8290    779141.9316   5250973.7429   2  21   0.0582   0.0332   0.0351   0.0058   0.0089   0.0360   0.00    1.3
2026/04/23 07:37:05.100   3509418.8292    779141.9326   5250973.7437   2  21   0.0582   0.0332   0.0351   0.0058   0.0089   0.0360   0.10    1.2
2026/04/23 07:37:05.200   3509418.8289    779141.9334   5250973.7457   2  21   0.0582   0.0332   0.0351   0.0058   0.0089   0.0360   0.20    1.1
2026/04/23 07:37:05.300   3509418.8292    779141.9333   5250973.7455   2  21   0.0582   0.0332   0.0351   0.0058   0.0089   0.0360   0.30    1.0
2026/04/23 07:37:05.400   3509418.8307    779141.9332   5250973.7459   2  21   0.0582   0.0332   0.0351   0.0058   0.0089   0.0360   0.40    1.0
2026/04/23 07:37:05.500   3509418.8305    779141.9344   5250973.7455   2  21   0.0582   0.0332   0.0351   0.0058   0.0089   0.0360  -0.50    1.0
2026/04/23 07:37:05.600   3509418.8301    779141.9334   5250973.7457   2  21   0.0582   0.0332   0.0351   0.0058   0.0089   0.0360  -0.40    1.2
2026/04/23 07:37:05.700   3509418.8294    779141.9322   5250973.7458   2  21   0.0582   0.0332   0.0351   0.0058   0.0089   0.0360  -0.30    1.2
2026/04/23 07:37:05.800   3509418.8285    779141.9326   5250973.7470   2  21   0.0582   0.0332   0.0351   0.0058   0.0089   0.0360  -0.20    1.1
2026/04/23 07:37:05.900   3509418.8271    779141.9327   5250973.7476   2  21   0.0582   0.0332   0.0351   0.0058   0.0089   0.0360  -0.10    1.0
2026/04/23 07:37:06.000   3509418.8270    779141.9332   5250973.7468   2  21   0.0581   0.0332   0.0351   0.0058   0.0089   0.0360   0.00    1.0
2026/04/23 07:37:06.100   3509418.8248    779141.9344   5250973.7482   2  21   0.0581   0.0332   0.0351   0.0058   0.0089   0.0360   0.10    1.1
2026/04/23 07:37:06.200   3509418.8243    779141.9329   5250973.7487   2  21   0.0581   0.0332   0.0351   0.0058   0.0089   0.0360   0.20    1.1
2026/04/23 07:37:06.300   3509418.8236    779141.9334   5250973.7493   2  21   0.0581   0.0332   0.0351   0.0058   0.0089   0.0359   0.30    1.1
2026/04/23 07:37:06.400   3509418.8242    779141.9345   5250973.7509   2  21   0.0581   0.0332   0.0351   0.0058   0.0089   0.0359   0.40    1.1
2026/04/23 07:37:06.500   3509418.8256    779141.9354   5250973.7500   2  21   0.0581   0.0332   0.0351   0.0058   0.0089   0.0359  -0.50    1.1
2026/04/23 07:37:06.600   3509418.8260    779141.9357   5250973.7496   2  21   0.0581   0.0332   0.0351   0.0058   0.0089   0.0359  -0.40    1.2
2026/04/23 07:37:06.700   3509418.8277    779141.9348   5250973.7498   2  21   0.0581   0.0332   0.0350   0.0058   0.0089   0.0359  -0.30    1.3
2026/04/23 07:37:06.800   3509418.8277    779141.9342   5250973.7495   2  21   0.0581   0.0332   0.0350   0.0059   0.0089   0.0359  -0.20    1.0
2026/04/23 07:37:06.900   3509418.8268    779141.9349   5250973.7502   2  21   0.0581   0.0332   0.0350   0.0059   0.0089   0.0359  -0.10    1.0
2026/04/23 07:37:07.000   3509418.8248    779141.9348   5250973.7497   2  21   0.0580   0.0332   0.0350   0.0059   0.0089   0.0359   0.00    1.1
2026/04/23 07:37:07.100   3509418.8254    779141.9346   5250973.7523   2  21   0.0580   0.0332   0.0350   0.0059   0.0089   0.0359   0.10    1.2
2026/04/23 07:37:07.200   3509418.8264    779141.9344   5250973.7519   2  21   0.0580   0.0331   0.0350   0.0059   0.0089   0.0359   0.20    1.3
2026/04/23 07:37:07.300   3509418.8254    779141.9351   5250973.7531   2  21   0.0580   0.0331   0.0350   0.0059   0.0089   0.0359   0.30    1.1
2026/04/23 07:37:07.400   3509418.8251    779141.9359   5250973.7536   2  21   0.0580   0.0331   0.0350   0.0059   0.0089   0.0359   0.40    1.1
2026/04/23 07:37:07.500   3509418.8253    779141.9362   5250973.7526   2  21   0.0580   0.0331   0.0350   0.0059   0.0089   0.0359  -0.50    1.0
2026/04/23 07:37:07.600   3509418.8267    779141.9370   5250973.7515   2  21   0.0580   0.0331   0.0350   0.0059   0.0089   0.0359  -0.40    1.1
2026/04/23 07:37:07.700   3509418.8266    779141.9374   5250973.7519   2  21   0.0580   0.0331   0.0350   0.0059   0.0089   0.0359  -0.30    1.2
2026/04/23 07:37:07.800   3509418.8272    779141.9376   5250973.7516   2  21   0.0580   0.0331   0.0350   0.0059   0.0089   0.0359  -0.20    1.2
2026/04/23 07:37:07.900   3509418.8275    779141.9375   5250973.7507   2  21   0.0580   0.0331   0.0350   0.0059   0.0089   0.0359  -0.10    1.1
2026/04/23 07:37:08.000   3509418.8270    779141.9382   5250973.7499   2  21   0.0580   0.0331   0.0350   0.0059   0.0089   0.0358   0.00    1.1
2026/04/23 07:37:08.100   3509418.8277    779141.9388   5250973.7496   2  21   0.0579   0.0331   0.0350   0.0059   0.0089   0.0358   0.10    1.0
2026/04/23 07:37:08.200   3509418.8265    779141.9383   5250973.7497   2  21   0.0579   0.0331   0.0350   0.0059   0.0089   0.0358   0.20    1.1
2026/04/23 07:37:08.300   3509418.8259    779141.9370   5250973.7489   2  21   0.0579   0.0331   0.0350   0.0059   0.0089   0.0358   0.30    1.1
2026/04/23 07:37:08.400   3509418.8264    779141.9363   5250973.7498   2  21   0.0579   0.0331   0.0350   0.0059   0.0089   0.0358   0.40    1.1
2026/04/23 07:37:08.500   3509418.8278    779141.9354   5250973.7492   2  21   0.0579   0.0331   0.0350   0.0059   0.0089   0.0358  -0.50    1.1
2026/04/23 07:37:08.600   3509418.8289    779141.9356   5250973.7486   2  21   0.0579   0.0331   0.0350   0.0059   0.0089   0.0358  -0.40    1.1
2026/04/23 07:37:08.700   3509418.8291    779141.9363   5250973.7491   2  21   0.0579   0.0331   0.0350   0.0059   0.0089   0.0358  -0.30    1.2
2026/04/23 07:37:08.800   3509418.8291    779141.9374   5250973.7494   2  21   0.0579   0.0331   0.0350   0.0059   0.0089   0.0358  -0.20    1.4
2026/04/23 07:37:08.900   3509418.8296    779141.9376   5250973.7495   2  21   0.0579   0.0331   0.0350   0.0059   0.0089   0.0358  -0.10    1.0
2026/04/23 07:37:09.000   3509418.8294    779141.9377   5250973.7516   2  21   0.0579   0.0331   0.0350   0.0059   0.0089   0.0358   0.00    1.1
2026/04/23 07:37:09.100   3509418.8292    779141.9381   5250973.7517   2  21   0.0578   0.0331   0.0349   0.0059   0.0089   0.0358   0.10    1.1
2026/04/23 07:37:09.200   3509418.8296    779141.9390   5250973.7509   2  21   0.0578   0.0331   0.0349   0.0059   0.0089   0.0358   0.20    1.2
2026/04/23 07:37:09.300   3509418.8298    779141.9388   5250973.7513   2  21   0.0578   0.0331   0.0349   0.0059   0.0089   0.0358   0.30    1.3
2026/04/23 07:37:09.400   3509418.8295    779141.9395   5250973.7523   2  21   0.0578   0.0331   0.0349   0.0059   0.0089   0.0358   0.40    1.1
2026/04/23 07:37:09.500   3509418.8299    779141.9397   5250973.7517   2  21   0.0578   0.0331   0.0349   0.0059   0.0089   0.0358  -0.50    1.1
2026/04/23 07:37:09.600   3509418.8294    779141.9397   5250973.7537   2  21   0.0578   0.0331   0.0349   0.0059   0.0089   0.0358  -0.40    1.0
2026/04/23 07:37:09.700   3509418.8275    779141.9405   5250973.7555   2  21   0.0578   0.0331   0.0349   0.0059   0.0089   0.0357  -0.30    1.1
2026/04/23 07:37:09.800   3509418.8277    779141.9412   5250973.7552   2  21   0.0578   0.0330   0.0349   0.0059   0.0089   0.0357  -0.20    1.2
2026/04/23 07:37:09.900   3509418.8273    779141.9416   5250973.7555   2  21   0.0578   0.0330   0.0349   0.0059   0.0089   0.0357  -0.10    1.2
2026/04/23 07:37:10.000   3509418.8276    779141.9412   5250973.7549   2  21   0.0578   0.0330   0.0349   0.0059   0.0089   0.0357   0.00    1.1
2026/04/23 07:37:10.100   3509418.8290    779141.9406   5250973.7531   2  21   0.0577   0.0330   0.0349   0.0059   0.0089   0.0357   0.10    1.1
2026/04/23 07:37:10.200   3509418.8296    779141.9414   5250973.7526   2  21   0.0577   0.0330   0.0349   0.0059   0.0089   0.0357   0.20    1.1
2026/04/23 07:37:10.300   3509418.8301    779141.9420   5250973.7523   2  21   0.0577   0.0330   0.0349   0.0059   0.0089   0.0357   0.30    1.1
2026/04/23 07:37:10.400   3509418.8284    779141.9430   5250973.7541   2  21   0.0577   0.0330   0.0349   0.0059   0.0089   0.0357   0.40    1.1
2026/04/23 07:37:10.500   3509418.8291    779141.9429   5250973.7549   2  21   0.0577   0.0330   0.0349   0.0059   0.0089   0.0357  -0.50    1.1
2026/04/23 07:37:10.600   3509418.8296    779141.9429   5250973.7555   2  21   0.0577   0.0330   0.0349   0.0059   0.0089   0.0357  -0.40    1.1
2026/04/23 07:37:10.700   3509418.8294    779141.9426   5250973.7567   2  21   0.0577   0.0330   0.0349   0.0059   0.0089   0.0357  -0.30    1.1
2026/04/23 07:37:10.800   3509418.8283    779141.9433   5250973.7578   2  21   0.0577   0.0330   0.0349   0.0059   0.0089   0.0357  -0.20    1.3
2026/04/23 07:37:10.900   3509418.8277    779141.9437   5250973.7590   2  21   0.0577   0.0330   0.0349   0.0059   0.0089   0.0357  -0.10    1.4
2026/04/23 07:37:11.000   3509418.8277    779141.9447   5250973.7608   2  21   0.0577   0.0330   0.0349   0.0059   0.0089   0.0357   0.00    1.1
2026/04/23 07:37:11.100   3509418.8282    779141.9452   5250973.7628   2  21   0.0576   0.0330   0.0349   0.0059   0.0089   0.0357   0.10    1.1
2026/04/23 07:37:11.200   3509418.8285    779141.9461   5250973.7633   2  21   0.0576   0.0330   0.0349   0.0059   0.0089   0.0357   0.20    1.0
2026/04/23 07:37:11.300   3509418.8273    779141.9457   5250973.7644   2  21   0.0576   0.0330   0.0349   0.0059   0.0089   0.0356   0.30    1.2
2026/04/23 07:37:11.400   3509418.8272    779141.9463   5250973.7633   2  21   0.0576   0.0330   0.0349   0.0059   0.0089   0.0356   0.40    1.3
2026/04/23 07:37:11.500   3509418.8271    779141.9464   5250973.7631   2  21   0.0576   0.0330   0.0349   0.0059   0.0089   0.0356  -0.50    1.1
2026/04/23 07:37:11.600   3509418.8278    779141.9471   5250973.7636   2  21   0.0576   0.0330   0.0348   0.0059   0.0089   0.0356  -0.40    1.1
2026/04/23 07:37:11.700   3509418.8285    779141.9465   5250973.7638   2  21   0.0576   0.0330   0.0348   0.0059   0.0089   0.0356  -0.30    1.0
2026/04/23 07:37:11.800   3509418.8286    779141.9459   5250973.7629   2  21   0.0576   0.0330   0.0348   0.0059   0.0089   0.0356  -0.20    1.1
2026/04/23 07:37:11.900   3509418.8294    779141.9457   5250973.7633   2  21   0.0576   0.0330   0.0348   0.0059   0.0089   0.0356  -0.10    1.2
2026/04/23 07:37:12.000   3509418.8297    779141.9461   5250973.7640   2  21   0.0576   0.0330   0.0348   0.0059   0.0089   0.0356   0.00    1.2
2026/04/23 07:37:12.100   3509418.8301    779141.9460   5250973.7627   2  21   0.0575   0.0330   0.0348   0.0059   0.0089   0.0356   0.10    1.1
2026/04/23 07:37:12.200   3509418.8297    779141.9463   5250973.7609   2  21   0.0575   0.0329   0.0348   0.0059   0.0089   0.0356   0.20    1.1
2026/04/23 07:37:12.300   3509418.8278    779141.9458   5250973.7601   2  21   0.0575   0.0329   0.0348   0.0059   0.0089   0.0356   0.30    1.1
2026/04/23 07:37:12.400   3509418.8269    779141.9461   5250973.7600   2  21   0.0575   0.0329   0.0348   0.0059   0.0089   0.0356   0.40    1.1
2026/04/23 07:37:12.500   3509418.8263    779141.9475   5250973.7597   2  21   0.0575   0.0329   0.0348   0.0059   0.0089   0.0356  -0.50    1.1
2026/04/23 07:37:12.600   3509418.8260    779141.9472   5250973.7585   2  21   0.0575   0.0329   0.0348   0.0059   0.0089   0.0356  -0.40    1.1
2026/04/23 07:37:12.700   3509418.8251    779141.9475   5250973.7583   2  21   0.0575   0.0329   0.0348   0.0059   0.0089   0.0356  -0.30    1.1
2026/04/23 07:37:12.800   3509418.8252    779141.9480   5250973.7582   2  21   0.0575   0.0329   0.0348   0.0059   0.0089   0.0356  -0.20    1.1
2026/04/23 07:37:12.900   3509418.8244    779141.9485   5250973.7575   2  21   0.0575   0.0329   0.0348   0.0059   0.0089   0.0355  -0.10    1.3
2026/04/23 07:37:13.000   3509418.8231    779141.9495   5250973.7576   2  21   0.0575   0.0329   0.0348   0.0059   0.0089   0.0355   0.00    1.4
2026/04/23 07:37:13.100   3509418.8224    779141.9500   5250973.7597   2  21   0.0574   0.0329   0.0348   0.0059   0.0089   0.0355   0.10    1.1
2026/04/23 07:37:13.200   3509418.8224    779141.9484   5250973.7596   2  21   0.0574   0.0329   0.0348   0.0059   0.0089   0.0355   0.20    1.1
2026/04/23 07:37:13.300   3509418.8228    779141.9475   5250973.7586   2  21   0.0574   0.0329   0.0348   0.0059   0.0089   0.0355   0.30    1.0
2026/04/23 07:37:13.400   3509418.8235    779141.9493   5250973.7575   2  21   0.0574   0.0329   0.0348   0.0059   0.0089   0.0355   0.40    1.2
2026/04/23 07:37:13.500   3509418.8231    779141.9497   5250973.7563   2  21   0.0574   0.0329   0.0348   0.0059   0.0089   0.0355  -0.50    1.3
2026/04/23 07:37:13.600   3509418.8234    779141.9494   5250973.7564   2  21   0.0574   0.0329   0.0348   0.0059   0.0089   0.0355  -0.40    1.1
2026/04/23 07:37:13.700   3509418.8241    779141.9499   5250973.7557   2  21   0.0574   0.0329   0.0348   0.0059   0.0089   0.0355  -0.30    1.1
2026/04/23 07:37:13.800   3509418.8244    779141.9497   5250973.7550   2  21   0.0574   0.0329   0.0348   0.0059   0.0089   0.0355  -0.20    1.1
2026/04/23 07:37:13.900   3509418.8246    779141.9498   5250973.7555   2  21   0.0574   0.0329   0.0347   0.0059   0.0089   0.0355  -0.10    1.1
2026/04/23 07:37:14.000   3509418.8249    779141.9489   5250973.7562   2  21   0.0574   0.0329   0.0347   0.0059   0.0089   0.0355   0.00    1.2
2026/04/23 07:37:14.100   3509418.8244    779141.9481   5250973.7580   2  21   0.0573   0.0329   0.0347   0.0060   0.0088   0.0355   0.10    1.2
2026/04/23 07:37:14.200   3509418.8250    779141.9487   5250973.7576   2  21   0.0573   0.0329   0.0347   0.0060   0.0088   0.0355   0.20    1.1
2026/04/23 07:37:14.300   3509418.8258    779141.9486   5250973.7579   2  21   0.0573   0.0329   0.0347   0.0060   0.0088   0.0355   0.30    1.1
2026/04/23 07:37:14.400   3509418.8244    779141.9479   5250973.7593   2  21   0.0573   0.0329   0.0347   0.0060   0.0088   0.0354   0.40    1.1
2026/04/23 07:37:14.500   3509418.8245    779141.9471   5250973.7593   2  21   0.0573   0.0329   0.0347   0.0060   0.0088   0.0354  -0.50    1.1
2026/04/23 07:37:14.600   3509418.8256    779141.9482   5250973.7603   2  21   0.0573   0.0329   0.0347   0.0060   0.0088   0.0354  -0.40    1.1
2026/04/23 07:37:14.700   3509418.8260    779141.9497   5250973.7606   2  21   0.0573   0.0329   0.0347   0.0060   0.0088   0.0354  -0.30    1.1
2026/04/23 07:37:14.800   3509418.8256    779141.9498   5250973.7616   2  21   0.0573   0.0328   0.0347   0.0060   0.0088   0.0354  -0.20    1.1
2026/04/23 07:37:14.900   3509418.8246    779141.9499   5250973.7612   2  21   0.0573   0.0328   0.0347   0.0060   0.0088   0.0354  -0.10    1.1
2026/04/23 07:37:15.000   3509418.8240    779141.9489   5250973.7612   2  21   0.0573   0.0328   0.0347   0.0060   0.0088   0.0354   0.00    1.3
2026/04/23 07:37:15.100   3509418.8241    779141.9489   5250973.7605   2  21   0.0572   0.0328   0.0347   0.0060   0.0088   0.0354   0.10    1.4
2026/04/23 07:37:15.200   3509418.8235    779141.9490   5250973.7623   2  21   0.0572   0.0328   0.0347   0.0060   0.0088   0.0354   0.20    1.1
2026/04/23 07:37:15.300   3509418.8246    779141.9493   5250973.7627   2  21   0.0572   0.0328   0.0347   0.0060   0.0088   0.0354   0.30    1.1
2026/04/23 07:37:15.400   3509418.8252    779141.9505   5250973.7640   2  21   0.0572   0.0328   0.0347   0.0060   0.0088   0.0354   0.40    1.0
2026/04/23 07:37:15.500   3509418.8245    779141.9498   5250973.7650   2  21   0.0572   0.0328   0.0347   0.0060   0.0088   0.0354  -0.50    1.2
2026/04/23 07:37:15.600   3509418.8253    779141.9499   5250973.7630   2  21   0.0572   0.0328   0.0347   0.0060   0.0088   0.0354  -0.40    1.3
2026/04/23 07:37:15.700   3509418.8244    779141.9506   5250973.7636   2  21   0.0572   0.0328   0.0347   0.0060   0.0088   0.0354  -0.30    1.1
2026/04/23 07:37:15.800   3509418.8248    779141.9526   5250973.7630   2  21   0.0572   0.0328   0.0347   0.0060   0.0088   0.0354  -0.20    1.1
2026/04/23 07:37:15.900   3509418.8249    779141.9523   5250973.7617   2  21   0.0572   0.0328   0.0347   0.0060   0.0088   0.0354  -0.10    1.1
2026/04/23 07:37:16.000   3509418.8250    779141.9534   5250973.7622   2  21   0.0571   0.0328   0.0346   0.0060   0.0088   0.0353   0.00    1.1
2026/04/23 07:37:16.100   3509418.8245    779141.9525   5250973.7627   2  21   0.0571   0.0328   0.0346   0.0060   0.0088   0.0353   0.10    1.2
2026/04/23 07:37:16.200   3509418.8253    779141.9528   5250973.7624   2  21   0.0571   0.0328   0.0346   0.0060   0.0088   0.0353   0.20    1.3
2026/04/23 07:37:16.300   3509418.8255    779141.9528   5250973.7622   2  21   0.0571   0.0328   0.0346   0.0060   0.0088   0.0353   0.30    1.1
2026/04/23 07:37:16.400   3509418.8241    779141.9530   5250973.7619   2  21   0.0571   0.0328   0.0346   0.0060   0.0088   0.0353   0.40    1.1
2026/04/23 07:37:16.500   3509418.8252    779141.9522   5250973.7597   2  21   0.0571   0.0328   0.0346   0.0060   0.0088   0.0353  -0.50    1.1
2026/04/23 07:37:16.600   3509418.8237    779141.9534   5250973.7617   2  21   0.0571   0.0328   0.0346   0.0060   0.0088   0.0353  -0.40    1.0
2026/04/23 07:37:16.700   3509418.8226    779141.9532   5250973.7618   2  21   0.0571   0.0328   0.0346   0.0060   0.0088   0.0353  -0.30    1.1
2026/04/23 07:37:16.800   3509418.8209    779141.9524   5250973.7614   2  21   0.0571   0.0328   0.0346   0.0060   0.0088   0.0353  -0.20    1.1
2026/04/23 07:37:16.900   3509418.8211    779141.9526   5250973.7613   2  21   0.0571   0.0328   0.0346   0.0060   0.0088   0.0353  -0.10    1.1
2026/04/23 07:37:17.000   3509418.8222    779141.9528   5250973.7599   2  21   0.0570   0.0328   0.0346   0.0060   0.0088   0.0353   0.00    1.1
2026/04/23 07:37:17.100   3509418.8225    779141.9535   5250973.7605   2  21   0.0570   0.0328   0.0346   0.0060   0.0088   0.0353   0.10    1.4
2026/04/23 07:37:17.200   3509418.8234    779141.9522   5250973.7607   2  21   0.0570   0.0328   0.0346   0.0060   0.0088   0.0353   0.20    1.4
2026/04/23 07:37:17.300   3509418.8243    779141.9520   5250973.7593   2  21   0.0570   0.0327   0.0346   0.0060   0.0088   0.0353   0.30    1.1
2026/04/23 07:37:17.400   3509418.8234    779141.9538   5250973.7617   2  21   0.0570   0.0327   0.0346   0.0060   0.0088   0.0352   0.40    1.1
2026/04/23 07:37:17.500   3509418.8223    779141.9542   5250973.7630   2  21   0.0570   0.0327   0.0346   0.0060   0.0088   0.0352  -0.50    1.0
2026/04/23 07:37:17.600   3509418.8217    779141.9538   5250973.7645   2  21   0.0570   0.0327   0.0346   0.0060   0.0088   0.0352  -0.40    1.2
2026/04/23 07:37:17.700   3509418.8230    779141.9539   5250973.7644   2  21   0.0570   0.0327   0.0346   0.0060   0.0088   0.0352  -0.30    1.4
2026/04/23 07:37:17.800   3509418.8230    779141.9528   5250973.7652   2  21   0.0570   0.0327   0.0346   0.0060   0.0088   0.0352  -0.20    1.1
2026/04/23 07:37:17.900   3509418.8242    779141.9522   5250973.7653   2  21   0.0570   0.0327   0.0346   0.0060   0.0088   0.0352  -0.10    1.1
2026/04/23 07:37:18.000   3509418.8241    779141.9519   5250973.7667   2  21   0.0569   0.0327   0.0346   0.0060   0.0088   0.0352   0.00    1.1
2026/04/23 07:37:18.100   3509418.8252    779141.9514   5250973.7683   2  21   0.0569   0.0327   0.0345   0.0060   0.0088   0.0352   0.10    1.0
2026/04/23 07:37:18.200   3509418.8266    779141.9513   5250973.7682   2  21   0.0569   0.0327   0.0345   0.0060   0.0088   0.0352   0.20    1.2
2026/04/23 07:37:18.300   3509418.8266    779141.9523   5250973.7690   2  21   0.0569   0.0327   0.0345   0.0060   0.0088   0.0352   0.30    1.3
2026/04/23 07:37:18.400   3509418.8274    779141.9518   5250973.7679   2  21   0.0569   0.0327   0.0345   0.0060   0.0088   0.0352   0.40    1.1
2026/04/23 07:37:18.500   3509418.8270    779141.9512   5250973.7700   2  21   0.0569   0.0327   0.0345   0.0060   0.0088   0.0352  -0.50    1.1
2026/04/23 07:37:18.600   3509418.8275    779141.9516   5250973.7698   2  21   0.0569   0.0327   0.0345   0.0060   0.0088   0.0352  -0.40    1.0
2026/04/23 07:37:18.700   3509418.8284    779141.9506   5250973.7687   2  21   0.0569   0.0327   0.0345   0.0060   0.0088   0.0352  -0.30    1.0
2026/04/23 07:37:18.800   3509418.8292    779141.9507   5250973.7677   2  21   0.0569   0.0327   0.0345   0.0060   0.0088   0.0352  -0.20    1.1
2026/04/23 07:37:18.900   3509418.8293    779141.9514   5250973.7684   2  21   0.0568   0.0327   0.0345   0.0060   0.0088   0.0351  -0.10    1.1
2026/04/23 07:37:19.000   3509418.8287    779141.9521   5250973.7681   2  21   0.0568   0.0327   0.0345   0.0060   0.0088   0.0351   0.00    1.1
2026/04/23 07:37:19.100   3509418.8269    779141.9513   5250973.7681   2  21   0.0568   0.0327   0.0345   0.0060   0.0088   0.0351   0.10    1.1
2026/04/23 07:37:19.200   3509418.8278    779141.9507   5250973.7663   2  21   0.0568   0.0327   0.0345   0.0060   0.0088   0.0351   0.20    1.4
2026/04/23 07:37:19.300   3509418.8282    779141.9525   5250973.7656   2  21   0.0568   0.0327   0.0345   0.0060   0.0088   0.0351   0.30    1.4
2026/04/23 07:37:19.400   3509418.8278    779141.9524   5250973.7677   2  21   0.0568   0.0327   0.0345   0.0060   0.0088   0.0351   0.40    1.1
2026/04/23 07:37:19.500   3509418.8277    779141.9513   5250973.7677   2  21   0.0568   0.0327   0.0345   0.0060   0.0088   0.0351  -0.50    1.1
2026/04/23 07:37:19.600   3509418.8291    779141.9507   5250973.7659   2  21   0.0568   0.0327   0.0345   0.0060   0.0088   0.0351  -0.40    1.0
2026/04/23 07:37:19.700   3509418.8297    779141.9508   5250973.7647   2  21   0.0568   0.0327   0.0345   0.0060   0.0088   0.0351  -0.30    1.1
2026/04/23 07:37:19.800   3509418.8309    779141.9511   5250973.7658   2  21   0.0567   0.0326   0.0345   0.0060   0.0088   0.0351  -0.20    1.4
2026/04/23 07:37:19.900   3509418.8311    779141.9506   5250973.7655   2  21   0.0567   0.0326   0.0345   0.0060   0.0088   0.0351  -0.10    1.1
2026/04/23 07:37:20.000   3509418.8300    779141.9508   5250973.7670   2  21   0.0567   0.0326   0.0345   0.0060   0.0088   0.0351   0.00    1.0
2026/04/23 07:37:20.100   3509418.8292    779141.9510   5250973.7664   2  21   0.0567   0.0326   0.0345   0.0060   0.0088   0.0351   0.10    1.0
2026/04/23 07:37:20.200   3509418.8307    779141.9513   5250973.7641   2  21   0.0567   0.0326   0.0344   0.0060   0.0088   0.0351   0.20    1.0
2026/04/23 07:37:20.300   3509418.8305    779141.9505   5250973.7641   2  21   0.0567   0.0326   0.0344   0.0060   0.0088   0.0350   0.30    1.2
2026/04/23 07:37:20.400   3509418.8286    779141.9501   5250973.7635   2  21   0.0567   0.0326   0.0344   0.0060   0.0088   0.0350   0.40    1.3
2026/04/23 07:37:20.500   3509418.8275    779141.9502   5250973.7645   2  21   0.0567   0.0326   0.0344   0.0060   0.0088   0.0350  -0.50    1.1
2026/04/23 07:37:20.600   3509418.8282    779141.9510   5250973.7642   2  21   0.0567   0.0326   0.0344   0.0060   0.0088   0.0350  -0.40    1.1
2026/04/23 07:37:20.700   3509418.8276    779141.9503   5250973.7644   2  21   0.0567   0.0326   0.0344   0.0060   0.0088   0.0350  -0.30    1.0
2026/04/23 07:37:20.800   3509418.8259    779141.9499   5250973.7649   2  21   0.0566   0.0326   0.0344   0.0060   0.0088   0.0350  -0.20    1.0
2026/04/23 07:37:20.900   3509418.8268    779141.9503   5250973.7633   2  21   0.0566   0.0326   0.0344   0.0060   0.0088   0.0350  -0.10    1.0
2026/04/23 07:37:21.000   3509418.8275    779141.9504   5250973.7616   2  21   0.0566   0.0326   0.0344   0.0060   0.0088   0.0350   0.00    1.0
2026/04/23 07:37:21.100   3509418.8273    779141.9505   5250973.7622   2  21   0.0566   0.0326   0.0344   0.0060   0.0087   0.0350   0.10    1.0
2026/04/23 07:37:21.200   3509418.8279    779141.9493   5250973.7603   2  21   0.0566   0.0326   0.0344   0.0060   0.0087   0.0350   0.20    1.0
2026/04/23 07:37:21.300   3509418.8283    779141.9499   5250973.7591   2  21   0.0566   0.0326   0.0344   0.0060   0.0087   0.0350   0.30    1.4
2026/04/23 07:37:21.400   3509418.8293    779141.9488   5250973.7572   2  21   0.0566   0.0326   0.0344   0.0060   0.0087   0.0350   0.40    1.4
2026/04/23 07:37:21.500   3509418.8285    779141.9495   5250973.7584   2  21   0.0566   0.0326   0.0344   0.0060   0.0087   0.0350  -0.50    1.1
2026/04/23 07:37:21.600   3509418.8264    779141.9496   5250973.7587   2  21   0.0566   0.0326   0.0344   0.0060   0.0087   0.0350  -0.40    1.0
2026/04/23 07:37:21.700   3509418.8254    779141.9494   5250973.7596   2  21   0.0565   0.0326   0.0344   0.0060   0.0087   0.0349  -0.30    1.0
2026/04/23 07:37:21.800   3509418.8252    779141.9496   5250973.7598   2  21   0.0565   0.0326   0.0344   0.0060   0.0087   0.0349  -0.20    1.1
2026/04/23 07:37:21.900   3509418.8258    779141.9500   5250973.7603   2  21   0.0565   0.0326   0.0344   0.0060   0.0087   0.0349  -0.10    1.4
2026/04/23 07:37:22.000   3509418.8263    779141.9485   5250973.7611   2  21   0.0565   0.0326   0.0344   0.0060   0.0087   0.0349   0.00    1.1
2026/04/23 07:37:22.100   3509418.8270    779141.9481   5250973.7608   2  21   0.0565   0.0326   0.0344   0.0059   0.0087   0.0349   0.10    1.0
2026/04/23 07:37:22.200   3509418.8272    779141.9475   5250973.7606   2  21   0.0565   0.0325   0.0343   0.0059   0.0087   0.0349   0.20    1.0
2026/04/23 07:37:22.300   3509418.8275    779141.9478   5250973.7612   2  21   0.0565   0.0325   0.0343   0.0059   0.0087   0.0349   0.30    1.0
2026/04/23 07:37:22.400   3509418.8287    779141.9479   5250973.7632   2  21   0.0565   0.0325   0.0343   0.0059   0.0087   0.0349   0.40    1.3
2026/04/23 07:37:22.500   3509418.8279    779141.9478   5250973.7642   2  21   0.0565   0.0325   0.0343   0.0059   0.0087   0.0349  -0.50    1.3
2026/04/23 07:37:22.600   3509418.8285    779141.9472   5250973.7634   2  21   0.0564   0.0325   0.0343   0.0059   0.0087   0.0349  -0.40    1.1
2026/04/23 07:37:22.700   3509418.8285    779141.9470   5250973.7636   2  21   0.0564   0.0325   0.0343   0.0059   0.0087   0.0349  -0.30    1.0
2026/04/23 07:37:22.800   3509418.8285    779141.9470   5250973.7656   2  21   0.0564   0.0325   0.0343   0.0059   0.0087   0.0349  -0.20    1.0
2026/04/23 07:37:22.900   3509418.8277    779141.9464   5250973.7653   2  21   0.0564   0.0325   0.0343   0.0059   0.0087   0.0349  -0.10    1.0
2026/04/23 07:37:23.000   3509418.8272    779141.9462   5250973.7661   2  21   0.0564   0.0325   0.0343   0.0059   0.0087   0.0349   0.00    1.0
2026/04/23 07:37:23.100   3509418.8278    779141.9466   5250973.7659   2  21   0.0564   0.0325   0.0343   0.0059   0.0087   0.0348   0.10    1.0
2026/04/23 07:37:23.200   3509418.8283    779141.9472   5250973.7637   2  21   0.0564   0.0325   0.0343   0.0059   0.0087   0.0348   0.20    1.0
2026/04/23 07:37:23.300   3509418.8286    779141.9476   5250973.7643   2  21   0.0564   0.0325   0.0343   0.0059   0.0087   0.0348   0.30    1.0
2026/04/23 07:37:23.400   3509418.8288    779141.9474   5250973.7643   2  21   0.0564   0.0325   0.0343   0.0059   0.0087   0.0348   0.40    1.4
2026/04/23 07:37:23.500   3509418.8283    779141.9471   5250973.7635   2  21   0.0563   0.0325   0.0343   0.0059   0.0087   0.0348  -0.50    1.4
2026/04/23 07:37:23.600   3509418.8269    779141.9482   5250973.7636   2  21   0.0563   0.0325   0.0343   0.0059   0.0087   0.0348  -0.40    1.2
2026/04/23 07:37:23.700   3509418.8262    779141.9481   5250973.7638   2  21   0.0563   0.0325   0.0343   0.0059   0.0087   0.0348  -0.30    1.0
2026/04/23 07:37:23.800   3509418.8255    779141.9479   5250973.7625   2  21   0.0563   0.0325   0.0343   0.0059   0.0087   0.0348  -0.20    1.0
2026/04/23 07:37:23.900   3509418.8261    779141.9477   5250973.7604   2  21   0.0563   0.0325   0.0343   0.0059   0.0087   0.0348  -0.10    1.1
2026/04/23 07:37:24.000   3509418.8253    779141.9482   5250973.7596   2  21   0.0563   0.0325   0.0343   0.0059   0.0087   0.0348   0.00    1.4
2026/04/23 07:37:24.100   3509418.8267    779141.9480   5250973.7575   2  21   0.0563   0.0325   0.0342   0.0059   0.0087   0.0348   0.10    1.1
2026/04/23 07:37:24.200   3509418.8274    779141.9479   5250973.7566   2  21   0.0563   0.0325   0.0342   0.0059   0.0087   0.0348   0.20    1.0
2026/04/23 07:37:24.300   3509418.8292    779141.9469   5250973.7553   2  21   0.0563   0.0325   0.0342   0.0059   0.0087   0.0348   0.30    1.0
2026/04/23 07:37:24.400   3509418.8275    779141.9467   5250973.7579   2  21   0.0562   0.0325   0.0342   0.0059   0.0087   0.0347   0.40    1.0
2026/04/23 07:37:24.500   3509418.8279    779141.9468   5250973.7588   2  21   0.0562   0.0325   0.0342   0.0059   0.0087   0.0347  -0.50    1.3
2026/04/23 07:37:24.600   3509418.8287    779141.9468   5250973.7593   2  21   0.0562   0.0325   0.0342   0.0059   0.0087   0.0347  -0.40    1.3
2026/04/23 07:37:24.700   3509418.8299    779141.9472   5250973.7595   2  21   0.0562   0.0324   0.0342   0.0059   0.0087   0.0347  -0.30    1.1
2026/04/23 07:37:24.800   3509418.8313    779141.9472   5250973.7613   2  21   0.0562   0.0324   0.0342   0.0059   0.0087   0.0347  -0.20    1.0
2026/04/23 07:37:24.900   3509418.8317    779141.9461   5250973.7623   2  21   0.0562   0.0324   0.0342   0.0059   0.0087   0.0347  -0.10    1.0
2026/04/23 07:37:25.000   3509418.8330    779141.9452   5250973.7635   2  21   0.0562   0.0324   0.0342   0.0059   0.0087   0.0347   0.00    1.0
2026/04/23 07:37:25.100   3509418.8344    779141.9453   5250973.7630   2  21   0.0562   0.0324   0.0342   0.0059   0.0087   0.0347   0.10    1.0
2026/04/23 07:37:25.200   3509418.8336    779141.9455   5250973.7641   2  21   0.0562   0.0324   0.0342   0.0059   0.0087   0.0347   0.20    1.0
2026/04/23 07:37:25.300   3509418.8335    779141.9462   5250973.7663   2  21   0.0561   0.0324   0.0342   0.0059   0.0087   0.0347   0.30    1.0
2026/04/23 07:37:25.400   3509418.8327    779141.9467   5250973.7676   2  21   0.0561   0.0324   0.0342   0.0059   0.0087   0.0347   0.40    1.0
2026/04/23 07:37:25.500   3509418.8335    779141.9471   5250973.7665   2  21   0.0561   0.0324   0.0342   0.0059   0.0087   0.0347  -0.50    1.5
2026/04/23 07:37:25.600   3509418.8345    779141.9481   5250973.7665   2  21   0.0561   0.0324   0.0342   0.0059   0.0087   0.0347  -0.40    1.4
2026/04/23 07:37:25.700   3509418.8341    779141.9481   5250973.7669   2  21   0.0561   0.0324   0.0342   0.0059   0.0087   0.0346  -0.30    1.2
2026/04/23 07:37:25.800   3509418.8346    779141.9482   5250973.7649   2  21   0.0561   0.0324   0.0342   0.0059   0.0087   0.0346  -0.20    1.0
2026/04/23 07:37:25.900   3509418.8353    779141.9480   5250973.7651   2  21   0.0561   0.0324   0.0341   0.0059   0.0087   0.0346  -0.10    1.0
2026/04/23 07:37:26.000   3509418.8360    779141.9473   5250973.7637   2  21   0.0561   0.0324   0.0341   0.0059   0.0087   0.0346   0.00    1.1
2026/04/23 07:37:26.100   3509418.8372    779141.9476   5250973.7630   2  21   0.0561   0.0324   0.0341   0.0059   0.0087   0.0346   0.10    1.4
2026/04/23 07:37:26.200   3509418.8373    779141.9486   5250973.7642   2  21   0.0560   0.0324   0.0341   0.0059   0.0087   0.0346   0.20    1.1
2026/04/23 07:37:26.300   3509418.8378    779141.9493   5250973.7642   2  21   0.0560   0.0324   0.0341   0.0059   0.0087   0.0346   0.30    1.0
2026/04/23 07:37:26.400   3509418.8368    779141.9497   5250973.7647   2  21   0.0560   0.0324   0.0341   0.0059   0.0087   0.0346   0.40    1.0
2026/04/23 07:37:26.500   3509418.8366    779141.9508   5250973.7649   2  21   0.0560   0.0324   0.0341   0.0059   0.0087   0.0346  -0.50    1.0
2026/04/23 07:37:26.600   3509418.8378    779141.9491   5250973.7649   2  21   0.0560   0.0324   0.0341   0.0059   0.0087   0.0346  -0.40    1.3
2026/04/23 07:37:26.700   3509418.8382    779141.9490   5250973.7634   2  21   0.0560   0.0324   0.0341   0.0059   0.0087   0.0346  -0.30    1.3
2026/04/23 07:37:26.800   3509418.8375    779141.9487   5250973.7630   2  21   0.0560   0.0324   0.0341   0.0059   0.0086   0.0346  -0.20    1.1
2026/04/23 07:37:26.900   3509418.8382    779141.9482   5250973.7624   2  21   0.0560   0.0324   0.0341   0.0059   0.0086   0.0346  -0.10    1.0
2026/04/23 07:37:27.000   3509418.8371    779141.9472   5250973.7634   2  21   0.0560   0.0324   0.0341   0.0059   0.0086   0.0345   0.00    1.0
2026/04/23 07:37:27.100   3509418.8374    779141.9462   5250973.7631   2  21   0.0559   0.0324   0.0341   0.0059   0.0086   0.0345   0.10    1.0
2026/04/23 07:37:27.200   3509418.8384    779141.9455   5250973.7619   2  21   0.0559   0.0323   0.0341   0.0059   0.0086   0.0345   0.20    1.0
2026/04/23 07:37:27.300   3509418.8367    779141.9464   5250973.7615   2  21   0.0559   0.0323   0.0341   0.0059   0.0086   0.0345   0.30    1.0
2026/04/23 07:37:27.400   3509418.8381    779141.9455   5250973.7605   2  21   0.0559   0.0323   0.0341   0.0059   0.0086   0.0345   0.40    1.0
2026/04/23 07:37:27.500   3509418.8389    779141.9455   5250973.7600   2  21   0.0559   0.0323   0.0341   0.0059   0.0086   0.0345  -0.50    1.0
2026/04/23 07:37:27.600   3509418.8397    779141.9451   5250973.7610   2  21   0.0559   0.0323   0.0341   0.0059   0.0086   0.0345  -0.40    1.5
2026/04/23 07:37:27.700   3509418.8390    779141.9449   5250973.7610   2  21   0.0559   0.0323   0.0340   0.0059   0.0086   0.0345  -0.30    1.4
2026/04/23 07:37:27.800   3509418.8395    779141.9449   5250973.7610   2  21   0.0559   0.0323   0.0340   0.0059   0.0086   0.0345  -0.20    1.2
2026/04/23 07:37:27.900   3509418.8408    779141.9448   5250973.7602   2  21   0.0559   0.0323   0.0340   0.0059   0.0086   0.0345  -0.10    1.0
2026/04/23 07:37:28.000   3509418.8418    779141.9441   5250973.7611   2  21   0.0558   0.0323   0.0340   0.0059   0.0086   0.0345   0.00    1.0
2026/04/23 07:37:28.100   3509418.8424    779141.9440   5250973.7623   2  21   0.0558   0.0323   0.0340   0.0059   0.0086   0.0345   0.10    1.1
2026/04/23 07:37:28.200   3509418.8431    779141.9439   5250973.7611   2  21   0.0558   0.0323   0.0340   0.0059   0.0086   0.0345   0.20    1.4
2026/04/23 07:37:28.300   3509418.8446    779141.9447   5250973.7609   2  21   0.0558   0.0323   0.0340   0.0059   0.0086   0.0344   0.30    1.1
2026/04/23 07:37:28.400   3509418.8448    779141.9452   5250973.7638   2  21   0.0558   0.0323   0.0340   0.0059   0.0086   0.0344   0.40    1.0
2026/04/23 07:37:28.500   3509418.8446    779141.9446   5250973.7653   2  21   0.0558   0.0323   0.0340   0.0059   0.0086   0.0344  -0.50    1.0
2026/04/23 07:37:28.600   3509418.8447    779141.9445   5250973.7655   2  21   0.0558   0.0323   0.0340   0.0059   0.0086   0.0344  -0.40    1.0
2026/04/23 07:37:28.700   3509418.8439    779141.9437   5250973.7673   2  21   0.0558   0.0323   0.0340   0.0059   0.0086   0.0344  -0.30    1.3
2026/04/23 07:37:28.800   3509418.8436    779141.9430   5250973.7692   2  21   0.0557   0.0323   0.0340   0.0059   0.0086   0.0344  -0.20    1.3
2026/04/23 07:37:28.900   3509418.8451    779141.9421   5250973.7707   2  21   0.0557   0.0323   0.0340   0.0059   0.0086   0.0344  -0.10    1.1
2026/04/23 07:37:29.000   3509418.8448    779141.9421   5250973.7726   2  21   0.0557   0.0323   0.0340   0.0059   0.0086   0.0344   0.00    1.0
2026/04/23 07:37:29.100   3509418.8462    779141.9423   5250973.7727   2  21   0.0557   0.0323   0.0340   0.0059   0.0086   0.0344   0.10    1.0
2026/04/23 07:37:29.200   3509418.8483    779141.9416   5250973.7725   2  21   0.0557   0.0323   0.0340   0.0059   0.0086   0.0344   0.20    1.0
2026/04/23 07:37:29.300   3509418.8487    779141.9414   5250973.7730   2  21   0.0557   0.0323   0.0340   0.0059   0.0086   0.0344   0.30    1.0
2026/04/23 07:37:29.400   3509418.8501    779141.9425   5250973.7744   2  21   0.0557   0.0323   0.0340   0.0059   0.0086   0.0344   0.40    1.0
2026/04/23 07:37:29.500   3509418.8523    779141.9426   5250973.7743   2  21   0.0557   0.0323   0.0339   0.0059   0.0086   0.0343  -0.50    1.0
2026/04/23 07:37:29.600   3509418.8526    779141.9434   5250973.7727   2  21   0.0557   0.0323   0.0339   0.0059   0.0086   0.0343  -0.40    1.0
2026/04/23 07:37:29.700   3509418.8527    779141.9433   5250973.7732   2  21   0.0556   0.0322   0.0339   0.0059   0.0086   0.0343  -0.30    1.5
2026/04/23 07:37:29.800   3509418.8532    779141.9435   5250973.7751   2  21   0.0556   0.0322   0.0339   0.0059   0.0086   0.0343  -0.20    1.7
2026/04/23 07:37:29.900   3509418.8532    779141.9431   5250973.7751   2  21   0.0556   0.0322   0.0339   0.0059   0.0086   0.0343  -0.10    1.4
2026/04/23 07:37:30.000   3509418.8538    779141.9427   5250973.7748   2  21   0.0556   0.0322   0.0339   0.0059   0.0086   0.0343   0.00    1.5
2026/04/23 07:37:30.100   3509418.8550    779141.9420   5250973.7746   2  21   0.0556   0.0322   0.0339   0.0058   0.0086   0.0343   0.10    1.3
2026/04/23 07:37:30.200   3509418.8546    779141.9419   5250973.7760   2  21   0.0556   0.0322   0.0339   0.0058   0.0086   0.0343   0.20    1.9
2026/04/23 07:37:30.300   3509418.8534    779141.9421   5250973.7767   2  21   0.0556   0.0322   0.0339   0.0058   0.0086   0.0343   0.30    1.2
2026/04/23 07:37:30.400   3509418.8527    779141.9411   5250973.7772   2  21   0.0556   0.0322   0.0339   0.0058   0.0086   0.0343   0.40    1.8
2026/04/23 07:37:30.500   3509418.8533    779141.9412   5250973.7769   2  21   0.0556   0.0322   0.0339   0.0058   0.0086   0.0343  -0.50    1.4
2026/04/23 07:37:30.600   3509418.8529    779141.9418   5250973.7761   2  21   0.0555   0.0322   0.0339   0.0058   0.0086   0.0343  -0.40    1.4
2026/04/23 07:37:30.700   3509418.8535    779141.9421   5250973.7748   2  21   0.0555   0.0322   0.0339   0.0058   0.0086   0.0343  -0.30    1.5
2026/04/23 07:37:30.800   3509418.8529    779141.9425   5250973.7759   2  21   0.0555   0.0322   0.0339   0.0058   0.0086   0.0342  -0.20    1.3
2026/04/23 07:37:30.900   3509418.8538    779141.9423   5250973.7751   2  21   0.0555   0.0322   0.0339   0.0058   0.0086   0.0342  -0.10    1.2
2026/04/23 07:37:31.000   3509418.8537    779141.9419   5250973.7742   2  21   0.0555   0.0322   0.0339   0.0058   0.0086   0.0342   0.00    1.4
2026/04/23 07:37:31.100   3509418.8533    779141.9425   5250973.7736   2  21   0.0555   0.0322   0.0338   0.0058   0.0086   0.0342   0.10    1.5
2026/04/23 07:37:31.200   3509418.8528    779141.9425   5250973.7753   2  21   0.0555   0.0322   0.0338   0.0058   0.0086   0.0342   0.20    1.0
2026/04/23 07:37:31.300   3509418.8529    779141.9419   5250973.7767   2  21   0.0555   0.0322   0.0338   0.0058   0.0086   0.0342   0.30    1.0
2026/04/23 07:37:31.400   3509418.8536    779141.9418   5250973.7761   2  21   0.0554   0.0322   0.0338   0.0058   0.0086   0.0342   0.40    1.0
2026/04/23 07:37:31.500   3509418.8538    779141.9414   5250973.7749   2  21   0.0554   0.0322   0.0338   0.0058   0.0086   0.0342  -0.50    1.0
2026/04/23 07:37:31.600   3509418.8543    779141.9412   5250973.7756   2  21   0.0554   0.0322   0.0338   0.0058   0.0086   0.0342  -0.40    1.0
2026/04/23 07:37:31.700   3509418.8529    779141.9407   5250973.7766   2  21   0.0554   0.0322   0.0338   0.0058   0.0085   0.0342  -0.30    1.0
2026/04/23 07:37:31.800   3509418.8527    779141.9419   5250973.7770   2  21   0.0554   0.0322   0.0338   0.0058   0.0085   0.0342  -0.20    1.5
2026/04/23 07:37:31.900   3509418.8522    779141.9425   5250973.7781   2  21   0.0554   0.0322   0.0338   0.0058   0.0085   0.0342  -0.10    1.7
2026/04/23 07:37:32.000   3509418.8523    779141.9422   5250973.7779   2  21   0.0554   0.0322   0.0338   0.0058   0.0085   0.0341   0.00    1.4
2026/04/23 07:37:32.100   3509418.8529    779141.9417   5250973.7778   2  21   0.0554   0.0321   0.0338   0.0058   0.0085   0.0341   0.10    1.5
2026/04/23 07:37:32.200   3509418.8539    779141.9410   5250973.7767   2  21   0.0554   0.0321   0.0338   0.0058   0.0085   0.0341   0.20    1.4
2026/04/23 07:37:32.300   3509418.8536    779141.9403   5250973.7760   2  21   0.0553   0.0321   0.0338   0.0058   0.0085   0.0341   0.30    1.9
2026/04/23 07:37:32.400   3509418.8550    779141.9394   5250973.7746   2  21   0.0553   0.0321   0.0338   0.0058   0.0085   0.0341   0.40    1.2
2026/04/23 07:37:32.500   3509418.8554    779141.9399   5250973.7731   2  21   0.0553   0.0321   0.0338   0.0058   0.0085   0.0341  -0.50    1.8
2026/04/23 07:37:32.600   3509418.8557    779141.9405   5250973.7736   2  21   0.0553   0.0321   0.0338   0.0058   0.0085   0.0341  -0.40    1.4
2026/04/23 07:37:32.700   3509418.8561    779141.9401   5250973.7718   2  21   0.0553   0.0321   0.0338   0.0058   0.0085   0.0341  -0.30    1.5
2026/04/23 07:37:32.800   3509418.8562    779141.9400   5250973.7723   2  21   0.0553   0.0321   0.0337   0.0058   0.0085   0.0341  -0.20    1.5
2026/04/23 07:37:32.900   3509418.8564    779141.9406   5250973.7730   2  21   0.0553   0.0321   0.0337   0.0058   0.0085   0.0341  -0.10    1.3
2026/04/23 07:37:33.000   3509418.8561    779141.9402   5250973.7733   2  21   0.0553   0.0321   0.0337   0.0058   0.0085   0.0341   0.00    1.2
2026/04/23 07:37:33.100   3509418.8579    779141.9398   5250973.7711   2  21   0.0552   0.0321   0.0337   0.0058   0.0085   0.0341   0.10    1.4
2026/04/23 07:37:33.200   3509418.8565    779141.9390   5250973.7715   2  21   0.0552   0.0321   0.0337   0.0058   0.0085   0.0340   0.20    1.6
2026/04/23 07:37:33.300   3509418.8557    779141.9394   5250973.7721   2  21   0.0552   0.0321   0.0337   0.0058   0.0085   0.0340   0.30    1.0
2026/04/23 07:37:33.400   3509418.8556    779141.9397   5250973.7723   2  21   0.0552   0.0321   0.0337   0.0058   0.0085   0.0340   0.40    1.0
2026/04/23 07:37:33.500   3509418.8559    779141.9392   5250973.7724   2  21   0.0552   0.0321   0.0337   0.0058   0.0085   0.0340  -0.50    1.0
2026/04/23 07:37:33.600   3509418.8558    779141.9395   5250973.7701   2  21   0.0552   0.0321   0.0337   0.0058   0.0085   0.0340  -0.40    1.0
2026/04/23 07:37:33.700   3509418.8544    779141.9399   5250973.7702   2  21   0.0552   0.0321   0.0337   0.0058   0.0085   0.0340  -0.30    1.0
2026/04/23 07:37:33.800   3509418.8538    779141.9409   5250973.7700   2  21   0.0552   0.0321   0.0337   0.0058   0.0085   0.0340  -0.20    1.0
2026/04/23 07:37:33.900   3509418.8531    779141.9415   5250973.7691   2  21   0.0551   0.0321   0.0337   0.0058   0.0085   0.0340  -0.10    1.6
2026/04/23 07:37:34.000   3509418.8528    779141.9412   5250973.7685   2  21   0.0551   0.0321   0.0337   0.0058   0.0085   0.0340   0.00    1.7
2026/04/23 07:37:34.100   3509418.8528    779141.9409   5250973.7691   2  21   0.0551   0.0321   0.0337   0.0058   0.0085   0.0340   0.10    1.4
2026/04/23 07:37:34.200   3509418.8525    779141.9407   5250973.7689   2  21   0.0551   0.0321   0.0337   0.0058   0.0085   0.0340   0.20    1.5
2026/04/23 07:37:34.300   3509418.8498    779141.9407   5250973.7708   2  21   0.0551   0.0321   0.0337   0.0058   0.0085   0.0340   0.30    1.4
2026/04/23 07:37:34.400   3509418.8489    779141.9407   5250973.7717   2  21   0.0551   0.0321   0.0336   0.0058   0.0085   0.0339   0.40    1.9
2026/04/23 07:37:34.500   3509418.8491    779141.9403   5250973.7697   2  21   0.0551   0.0321   0.0336   0.0058   0.0085   0.0339  -0.50    1.2
2026/04/23 07:37:34.600   3509418.8491    779141.9402   5250973.7712   2  21   0.0551   0.0320   0.0336   0.0058   0.0085   0.0339  -0.40    1.8
2026/04/23 07:37:34.700   3509418.8476    779141.9407   5250973.7727   2  21   0.0551   0.0320   0.0336   0.0057   0.0085   0.0339  -0.30    1.4
2026/04/23 07:37:34.800   3509418.8474    779141.9404   5250973.7737   2  21   0.0550   0.0320   0.0336   0.0057   0.0085   0.0339  -0.20    1.5
2026/04/23 07:37:34.900   3509418.8466    779141.9403   5250973.7726   2  21   0.0550   0.0320   0.0336   0.0057   0.0085   0.0339  -0.10    1.6
2026/04/23 07:37:35.000   3509418.8475    779141.9409   5250973.7719   2  21   0.0550   0.0320   0.0336   0.0057   0.0085   0.0339   0.00    1.3
2026/04/23 07:37:35.100   3509418.8467    779141.9413   5250973.7721   2  21   0.0550   0.0320   0.0336   0.0057   0.0085   0.0339   0.10    1.2
2026/04/23 07:37:35.200   3509418.8470    779141.9416   5250973.7724   2  21   0.0550   0.0320   0.0336   0.0057   0.0085   0.0339   0.20    1.4
2026/04/23 07:37:35.300   3509418.8473    779141.9414   5250973.7714   2  21   0.0550   0.0320   0.0336   0.0057   0.0085   0.0339   0.30    1.6
2026/04/23 07:37:35.400   3509418.8477    779141.9413   5250973.7706   2  21   0.0550   0.0320   0.0336   0.0057   0.0085   0.0339   0.40    1.0
2026/04/23 07:37:35.500   3509418.8475    779141.9418   5250973.7697   2  21   0.0550   0.0320   0.0336   0.0057   0.0085   0.0339  -0.50    1.0
2026/04/23 07:37:35.600   3509418.8481    779141.9418   5250973.7685   2  21   0.0549   0.0320   0.0336   0.0057   0.0085   0.0338  -0.40    1.0
2026/04/23 07:37:35.700   3509418.8467    779141.9415   5250973.7691   2  21   0.0549   0.0320   0.0336   0.0057   0.0085   0.0338  -0.30    1.0
2026/04/23 07:37:35.800   3509418.8468    779141.9400   5250973.7693   2  21   0.0549   0.0320   0.0336   0.0057   0.0085   0.0338  -0.20    1.0
2026/04/23 07:37:35.900   3509418.8460    779141.9406   5250973.7698   2  21   0.0549   0.0320   0.0336   0.0057   0.0085   0.0338  -0.10    1.0
2026/04/23 07:37:36.000   3509418.8456    779141.9412   5250973.7696   2  21   0.0549   0.0320   0.0335   0.0057   0.0084   0.0338   0.00    1.6
2026/04/23 07:37:36.100   3509418.8451    779141.9399   5250973.7682   2  21   0.0549   0.0320   0.0335   0.0057   0.0084   0.0338   0.10    1.7
2026/04/23 07:37:36.200   3509418.8444    779141.9408   5250973.7682   2  21   0.0549   0.0320   0.0335   0.0057   0.0084   0.0338   0.20    1.4
2026/04/23 07:37:36.300   3509418.8434    779141.9406   5250973.7688   2  21   0.0549   0.0320   0.0335   0.0057   0.0084   0.0338   0.30    1.5
2026/04/23 07:37:36.400   3509418.8437    779141.9403   5250973.7690   2  21   0.0549   0.0320   0.0335   0.0057   0.0084   0.0338   0.40    1.4
2026/04/23 07:37:36.500   3509418.8426    779141.9395   5250973.7696   2  21   0.0548   0.0320   0.0335   0.0057   0.0084   0.0338  -0.50    1.9
2026/04/23 07:37:36.600   3509418.8426    779141.9393   5250973.7685   2  21   0.0548   0.0320   0.0335   0.0057   0.0084   0.0338  -0.40    1.2
2026/04/23 07:37:36.700   3509418.8437    779141.9392   5250973.7681   2  21   0.0548   0.0320   0.0335   0.0057   0.0084   0.0338  -0.30    1.8
2026/04/23 07:37:36.800   3509418.8447    779141.9394   5250973.7671   2  21   0.0548   0.0320   0.0335   0.0057   0.0084   0.0337  -0.20    1.7
2026/04/23 07:37:36.900   3509418.8440    779141.9391   5250973.7676   2  21   0.0548   0.0320   0.0335   0.0057   0.0084   0.0337  -0.10    1.8
2026/04/23 07:37:37.000   3509418.8447    779141.9392   5250973.7665   2  21   0.0548   0.0319   0.0335   0.0057   0.0084   0.0337   0.00    1.8
2026/04/23 07:37:37.100   3509418.8438    779141.9379   5250973.7666   2  21   0.0548   0.0319   0.0335   0.0057   0.0084   0.0337   0.10    1.2
2026/04/23 07:37:37.200   3509418.8438    779141.9380   5250973.7651   2  21   0.0548   0.0319   0.0335   0.0057   0.0084   0.0337   0.20    1.8
2026/04/23 07:37:37.300   3509418.8426    779141.9398   5250973.7649   2  21   0.0547   0.0319   0.0335   0.0057   0.0084   0.0337   0.30    1.8
2026/04/23 07:37:37.400   3509418.8429    779141.9396   5250973.7645   2  21   0.0547   0.0319   0.0335   0.0057   0.0084   0.0337   0.40    1.6
2026/04/23 07:37:37.500   3509418.8413    779141.9387   5250973.7634   2  21   0.0547   0.0319   0.0335   0.0057   0.0084   0.0337  -0.50    1.0
2026/04/23 07:37:37.600   3509418.8420    779141.9375   5250973.7649   2  21   0.0547   0.0319   0.0335   0.0057   0.0084   0.0337  -0.40    1.0
2026/04/23 07:37:37.700   3509418.8418    779141.9373   5250973.7648   2  21   0.0547   0.0319   0.0334   0.0057   0.0084   0.0337  -0.30    1.1
2026/04/23 07:37:37.800   3509418.8411    779141.9382   5250973.7643   2  21   0.0547   0.0319   0.0334   0.0057   0.0084   0.0337  -0.20    1.1
2026/04/23 07:37:37.900   3509418.8415    779141.9384   5250973.7649   2  21   0.0547   0.0319   0.0334   0.0057   0.0084   0.0336  -0.10    1.1
2026/04/23 07:37:38.000   3509418.8412    779141.9386   5250973.7667   2  21   0.0547   0.0319   0.0334   0.0057   0.0084   0.0336   0.00    1.3
2026/04/23 07:37:38.100   3509418.8418    779141.9381   5250973.7679   2  21   0.0546   0.0319   0.0334   0.0057   0.0084   0.0336   0.10    1.2
2026/04/23 07:37:38.200   3509418.8418    779141.9387   5250973.7677   2  21   0.0546   0.0319   0.0334   0.0057   0.0084   0.0336   0.20    1.0
2026/04/23 07:37:38.300   3509418.8407    779141.9384   5250973.7699   2  21   0.0546   0.0319   0.0334   0.0057   0.0084   0.0336   0.30    1.6
2026/04/23 07:37:38.400   3509418.8407    779141.9389   5250973.7703   2  21   0.0546   0.0319   0.0334   0.0057   0.0084   0.0336   0.40    1.1
2026/04/23 07:37:38.500   3509418.8424    779141.9383   5250973.7713   2  21   0.0546   0.0319   0.0334   0.0056   0.0084   0.0336  -0.50    1.3
2026/04/23 07:37:38.600   3509418.8436    779141.9378   5250973.7718   2  21   0.0546   0.0319   0.0334   0.0056   0.0084   0.0336  -0.40    1.1
2026/04/23 07:37:38.700   3509418.8441    779141.9391   5250973.7741   2  21   0.0546   0.0319   0.0334   0.0056   0.0084   0.0336  -0.30    1.2
2026/04/23 07:37:38.800   3509418.8461    779141.9385   5250973.7747   2  21   0.0546   0.0319   0.0334   0.0056   0.0084   0.0336  -0.20    1.0
2026/04/23 07:37:38.900   3509418.8465    779141.9389   5250973.7753   2  21   0.0545   0.0319   0.0334   0.0056   0.0084   0.0336  -0.10    1.2
2026/04/23 07:37:39.000   3509418.8473    779141.9394   5250973.7750   2  21   0.0545   0.0319   0.0334   0.0056   0.0084   0.0336   0.00    1.2
2026/04/23 07:37:39.100   3509418.8475    779141.9388   5250973.7746   2  21   0.0545   0.0319   0.0333   0.0056   0.0084   0.0335   0.10    1.2
2026/04/23 07:37:39.200   3509418.8476    779141.9393   5250973.7759   2  21   0.0545   0.0319   0.0333   0.0056   0.0084   0.0335   0.20    1.1
2026/04/23 07:37:39.300   3509418.8477    779141.9393   5250973.7757   2  21   0.0545   0.0319   0.0333   0.0056   0.0084   0.0335   0.30    1.6
2026/04/23 07:37:39.400   3509418.8476    779141.9381   5250973.7777   2  21   0.0545   0.0318   0.0333   0.0056   0.0084   0.0335   0.40    1.0
2026/04/23 07:37:39.500   3509418.8464    779141.9377   5250973.7796   2  21   0.0545   0.0318   0.0333   0.0056   0.0084   0.0335  -0.50    1.1
2026/04/23 07:37:39.600   3509418.8469    779141.9374   5250973.7786   2  21   0.0545   0.0318   0.0333   0.0056   0.0084   0.0335  -0.40    1.0
2026/04/23 07:37:39.700   3509418.8463    779141.9376   5250973.7773   2  21   0.0544   0.0318   0.0333   0.0056   0.0084   0.0335  -0.30    1.0
2026/04/23 07:37:39.800   3509418.8470    779141.9375   5250973.7765   2  21   0.0544   0.0318   0.0333   0.0056   0.0084   0.0335  -0.20    1.0
2026/04/23 07:37:39.900   3509418.8465    779141.9378   5250973.7765   2  21   0.0544   0.0318   0.0333   0.0056   0.0084   0.0335  -0.10    1.0
2026/04/23 07:37:40.000   3509418.8449    779141.9385   5250973.7787   2  21   0.0544   0.0318   0.0333   0.0056   0.0084   0.0335   0.00    1.0
2026/04/23 07:37:40.100   3509418.8459    779141.9383   5250973.7788   2  21   0.0544   0.0318   0.0333   0.0056   0.0083   0.0335   0.10    1.0
2026/04/23 07:37:40.200   3509418.8454    779141.9384   5250973.7801   2  21   0.0544   0.0318   0.0333   0.0056   0.0083   0.0334   0.20    1.6
2026/04/23 07:37:40.300   3509418.8453    779141.9379   5250973.7787   2  21   0.0544   0.0318   0.0333   0.0056   0.0083   0.0334   0.30    1.8
2026/04/23 07:37:40.400   3509418.8453    779141.9376   5250973.7772   2  21   0.0544   0.0318   0.0333   0.0056   0.0083   0.0334   0.40    1.4
2026/04/23 07:37:40.500   3509418.8457    779141.9373   5250973.7759   2  21   0.0543   0.0318   0.0333   0.0056   0.0083   0.0334  -0.50    1.6
2026/04/23 07:37:40.600   3509418.8456    779141.9379   5250973.7766   2  21   0.0543   0.0318   0.0333   0.0056   0.0083   0.0334  -0.40    1.5
2026/04/23 07:37:40.700   3509418.8457    779141.9381   5250973.7759   2  21   0.0543   0.0318   0.0332   0.0056   0.0083   0.0334  -0.30    1.9
2026/04/23 07:37:40.800   3509418.8464    779141.9377   5250973.7752   2  21   0.0543   0.0318   0.0332   0.0056   0.0083   0.0334  -0.20    1.2
2026/04/23 07:37:40.900   3509418.8464    779141.9374   5250973.7726   2  21   0.0543   0.0318   0.0332   0.0056   0.0083   0.0334  -0.10    1.8
2026/04/23 07:37:41.000   3509418.8476    779141.9381   5250973.7737   2  21   0.0543   0.0318   0.0332   0.0056   0.0083   0.0334   0.00    1.7
2026/04/23 07:37:41.100   3509418.8477    779141.9385   5250973.7732   2  21   0.0543   0.0318   0.0332   0.0056   0.0083   0.0334   0.10    1.8
2026/04/23 07:37:41.200   3509418.8476    779141.9386   5250973.7742   2  21   0.0543   0.0318   0.0332   0.0056   0.0083   0.0334   0.20    1.8
2026/04/23 07:37:41.300   3509418.8469    779141.9377   5250973.7728   2  21   0.0542   0.0318   0.0332   0.0056   0.0083   0.0333   0.30    1.2
2026/04/23 07:37:41.400   3509418.8469    779141.9383   5250973.7720   2  21   0.0542   0.0318   0.0332   0.0056   0.0083   0.0333   0.40    1.8
2026/04/23 07:37:41.500   3509418.8472    779141.9385   5250973.7705   2  21   0.0542   0.0318   0.0332   0.0056   0.0083   0.0333  -0.50    1.8
2026/04/23 07:37:41.600   3509418.8462    779141.9378   5250973.7710   2  21   0.0542   0.0318   0.0332   0.0056   0.0083   0.0333  -0.40    1.7
2026/04/23 07:37:41.700   3509418.8460    779141.9375   5250973.7704   2  21   0.0542   0.0318   0.0332   0.0055   0.0083   0.0333  -0.30    1.0
2026/04/23 07:37:41.800   3509418.8470    779141.9368   5250973.7718   2  21   0.0542   0.0317   0.0332   0.0055   0.0083   0.0333  -0.20    1.1
2026/04/23 07:37:41.900   3509418.8474    779141.9366   5250973.7726   2  21   0.0542   0.0317   0.0332   0.0055   0.0083   0.0333  -0.10    1.1
2026/04/23 07:37:42.000   3509418.8485    779141.9343   5250973.7706   2  21   0.0542   0.0317   0.0332   0.0055   0.0083   0.0333   0.00    1.1
2026/04/23 07:37:42.100   3509418.8487    779141.9340   5250973.7705   2  21   0.0541   0.0317   0.0331   0.0055   0.0083   0.0333   0.10    1.1
2026/04/23 07:37:42.200   3509418.8487    779141.9352   5250973.7719   2  21   0.0541   0.0317   0.0331   0.0055   0.0083   0.0333   0.20    1.3
2026/04/23 07:37:42.300   3509418.8480    779141.9359   5250973.7735   2  21   0.0541   0.0317   0.0331   0.0055   0.0083   0.0333   0.30    1.2
2026/04/23 07:37:42.400   3509418.8467    779141.9352   5250973.7757   2  21   0.0541   0.0317   0.0331   0.0055   0.0083   0.0332   0.40    1.0
2026/04/23 07:37:42.500   3509418.8480    779141.9355   5250973.7754   2  21   0.0541   0.0317   0.0331   0.0055   0.0083   0.0332  -0.50    1.6
2026/04/23 07:37:42.600   3509418.8489    779141.9371   5250973.7755   2  21   0.0541   0.0317   0.0331   0.0055   0.0083   0.0332  -0.40    1.1
2026/04/23 07:37:42.700   3509418.8499    779141.9374   5250973.7751   2  21   0.0541   0.0317   0.0331   0.0055   0.0083   0.0332  -0.30    1.3
2026/04/23 07:37:42.800   3509418.8503    779141.9385   5250973.7757   2  21   0.0541   0.0317   0.0331   0.0055   0.0083   0.0332  -0.20    1.1
2026/04/23 07:37:42.900   3509418.8508    779141.9389   5250973.7773   2  21   0.0540   0.0317   0.0331   0.0055   0.0083   0.0332  -0.10    1.2
2026/04/23 07:37:43.000   3509418.8521    779141.9380   5250973.7773   2  21   0.0540   0.0317   0.0331   0.0055   0.0083   0.0332   0.00    1.0
2026/04/23 07:37:43.100   3509418.8523    779141.9381   5250973.7768   2  21   0.0540   0.0317   0.0331   0.0055   0.0083   0.0332   0.10    1.2
2026/04/23 07:37:43.200   3509418.8525    779141.9369   5250973.7778   2  21   0.0540   0.0317   0.0331   0.0055   0.0083   0.0332   0.20    1.3
2026/04/23 07:37:43.300   3509418.8531    779141.9370   5250973.7788   2  21   0.0540   0.0317   0.0331   0.0055   0.0083   0.0332   0.30    1.1
2026/04/23 07:37:43.400   3509418.8531    779141.9366   5250973.7804   2  21   0.0540   0.0317   0.0331   0.0055   0.0083   0.0332   0.40    1.1
2026/04/23 07:37:43.500   3509418.8534    779141.9362   5250973.7789   2  21   0.0540   0.0317   0.0331   0.0055   0.0083   0.0331  -0.50    1.6
2026/04/23 07:37:43.600   3509418.8529    779141.9356   5250973.7799   2  21   0.0540   0.0317   0.0331   0.0055   0.0083   0.0331  -0.40    1.0
2026/04/23 07:37:43.700   3509418.8519    779141.9357   5250973.7784   2  21   0.0539   0.0317   0.0330   0.0055   0.0083   0.0331  -0.30    1.1
2026/04/23 07:37:43.800   3509418.8520    779141.9368   5250973.7807   2  21   0.0539   0.0317   0.0330   0.0055   0.0083   0.0331  -0.20    1.0
2026/04/23 07:37:43.900   3509418.8532    779141.9377   5250973.7812   2  21   0.0539   0.0317   0.0330   0.0055   0.0082   0.0331  -0.10    1.0
2026/04/23 07:37:44.000   3509418.8541    779141.9376   5250973.7802   2  21   0.0539   0.0317   0.0330   0.0055   0.0082   0.0331   0.00    1.0
2026/04/23 07:37:44.100   3509418.8547    779141.9372   5250973.7806   2  21   0.0539   0.0317   0.0330   0.0055   0.0082   0.0331   0.10    1.0
2026/04/23 07:37:44.200   3509418.8547    779141.9366   5250973.7811   2  21   0.0539   0.0316   0.0330   0.0055   0.0082   0.0331   0.20    1.0
2026/04/23 07:37:44.300   3509418.8546    779141.9369   5250973.7815   2  21   0.0539   0.0316   0.0330   0.0055   0.0082   0.0331   0.30    1.0
2026/04/23 07:37:44.400   3509418.8529    779141.9368   5250973.7836   2  21   0.0539   0.0316   0.0330   0.0055   0.0082   0.0331   0.40    1.6
2026/04/23 07:37:44.500   3509418.8539    779141.9374   5250973.7840   2  21   0.0538   0.0316   0.0330   0.0055   0.0082   0.0331  -0.50    1.8
2026/04/23 07:37:44.600   3509418.8528    779141.9386   5250973.7849   2  21   0.0538   0.0316   0.0330   0.0054   0.0082   0.0330  -0.40    1.4
2026/04/23 07:37:44.700   3509418.8526    779141.9390   5250973.7860   2  21   0.0538   0.0316   0.0330   0.0054   0.0082   0.0330  -0.30    1.6
2026/04/23 07:37:44.800   3509418.8531    779141.9382   5250973.7857   2  21   0.0538   0.0316   0.0330   0.0054   0.0082   0.0330  -0.20    1.5
2026/04/23 07:37:44.900   3509418.8528    779141.9380   5250973.7861   2  21   0.0538   0.0316   0.0330   0.0054   0.0082   0.0330  -0.10    1.9
2026/04/23 07:37:45.000   3509418.8528    779141.9376   5250973.7877   2  21   0.0538   0.0316   0.0330   0.0054   0.0082   0.0330   0.00    1.2
2026/04/23 07:37:45.100   3509418.8547    779141.9386   5250973.7872   2  21   0.0538   0.0316   0.0329   0.0054   0.0082   0.0330   0.10    1.9
2026/04/23 07:37:45.200   3509418.8541    779141.9405   5250973.7867   2  21   0.0538   0.0316   0.0329   0.0054   0.0082   0.0330   0.20    1.6
2026/04/23 07:37:45.300   3509418.8546    779141.9400   5250973.7855   2  21   0.0537   0.0316   0.0329   0.0054   0.0082   0.0330   0.30    1.9
2026/04/23 07:37:45.400   3509418.8549    779141.9403   5250973.7864   2  21   0.0537   0.0316   0.0329   0.0054   0.0082   0.0330   0.40    1.9
2026/04/23 07:37:45.500   3509418.8546    779141.9406   5250973.7881   2  21   0.0537   0.0316   0.0329   0.0054   0.0082   0.0330  -0.50    1.2
2026/04/23 07:37:45.600   3509418.8544    779141.9408   5250973.7894   2  21   0.0537   0.0316   0.0329   0.0054   0.0082   0.0330  -0.40    1.9
2026/04/23 07:37:45.700   3509418.8534    779141.9404   5250973.7905   2  21   0.0537   0.0316   0.0329   0.0054   0.0082   0.0329  -0.30    1.9
2026/04/23 07:37:45.800   3509418.8523    779141.9395   5250973.7922   2  21   0.0537   0.0316   0.0329   0.0054   0.0082   0.0329  -0.20    1.7
2026/04/23 07:37:45.900   3509418.8524    779141.9397   5250973.7919   2  21   0.0537   0.0316   0.0329   0.0054   0.0082   0.0329  -0.10    1.0
2026/04/23 07:37:46.000   3509418.8529    779141.9403   5250973.7905   2  21   0.0537   0.0316   0.0329   0.0054   0.0082   0.0329   0.00    1.1
2026/04/23 07:37:46.100   3509418.8517    779141.9407   5250973.7892   2  21   0.0536   0.0316   0.0329   0.0054   0.0082   0.0329   0.10    1.1
2026/04/23 07:37:46.200   3509418.8521    779141.9407   5250973.7885   2  21   0.0536   0.0316   0.0329   0.0054   0.0082   0.0329   0.20    1.1
2026/04/23 07:37:46.300   3509418.8514    779141.9412   5250973.7875   2  21   0.0536   0.0316   0.0329   0.0054   0.0082   0.0329   0.30    1.1
2026/04/23 07:37:46.400   3509418.8507    779141.9410   5250973.7873   2  21   0.0536   0.0316   0.0329   0.0054   0.0082   0.0329   0.40    1.4
2026/04/23 07:37:46.500   3509418.8515    779141.9407   5250973.7860   2  21   0.0536   0.0316   0.0329   0.0054   0.0082   0.0329  -0.50    1.2
2026/04/23 07:37:46.600   3509418.8523    779141.9407   5250973.7855   2  21   0.0536   0.0316   0.0328   0.0054   0.0082   0.0329  -0.40    1.0
2026/04/23 07:37:46.700   3509418.8533    779141.9407   5250973.7855   2  21   0.0536   0.0315   0.0328   0.0054   0.0082   0.0329  -0.30    1.6
2026/04/23 07:37:46.800   3509418.8537    779141.9420   5250973.7855   2  21   0.0536   0.0315   0.0328   0.0054   0.0082   0.0328  -0.20    1.2
2026/04/23 07:37:46.900   3509418.8536    779141.9419   5250973.7861   2  21   0.0535   0.0315   0.0328   0.0054   0.0082   0.0328  -0.10    1.3
2026/04/23 07:37:47.000   3509418.8544    779141.9417   5250973.7868   2  21   0.0535   0.0315   0.0328   0.0054   0.0082   0.0328   0.00    1.1
2026/04/23 07:37:47.100   3509418.8559    779141.9426   5250973.7860   2  21   0.0535   0.0315   0.0328   0.0054   0.0082   0.0328   0.10    1.2
2026/04/23 07:37:47.200   3509418.8565    779141.9430   5250973.7856   2  21   0.0535   0.0315   0.0328   0.0054   0.0082   0.0328   0.20    1.0
2026/04/23 07:37:47.300   3509418.8570    779141.9427   5250973.7855   2  21   0.0535   0.0315   0.0328   0.0053   0.0082   0.0328   0.30    1.2
2026/04/23 07:37:47.400   3509418.8559    779141.9429   5250973.7872   2  21   0.0535   0.0315   0.0328   0.0053   0.0082   0.0328   0.40    1.3
2026/04/23 07:37:47.500   3509418.8554    779141.9428   5250973.7878   2  21   0.0535   0.0315   0.0328   0.0053   0.0081   0.0328  -0.50    1.1
2026/04/23 07:37:47.600   3509418.8572    779141.9430   5250973.7856   2  21   0.0535   0.0315   0.0328   0.0053   0.0081   0.0328  -0.40    1.1
2026/04/23 07:37:47.700   3509418.8577    779141.9427   5250973.7850   2  21   0.0534   0.0315   0.0328   0.0053   0.0081   0.0328  -0.30    1.6
2026/04/23 07:37:47.800   3509418.8575    779141.9429   5250973.7870   2  21   0.0534   0.0315   0.0328   0.0053   0.0081   0.0327  -0.20    1.0
2026/04/23 07:37:47.900   3509418.8578    779141.9429   5250973.7871   2  21   0.0534   0.0315   0.0327   0.0053   0.0081   0.0327  -0.10    1.1
2026/04/23 07:37:48.000   3509418.8572    779141.9423   5250973.7876   2  21   0.0534   0.0315   0.0327   0.0053   0.0081   0.0327   0.00    1.1
2026/04/23 07:37:48.100   3509418.8583    779141.9428   5250973.7883   2  21   0.0534   0.0315   0.0327   0.0053   0.0081   0.0327   0.10    1.0
2026/04/23 07:37:48.200   3509418.8589    779141.9449   5250973.7889   2  21   0.0534   0.0315   0.0327   0.0053   0.0081   0.0327   0.20    1.0
2026/04/23 07:37:48.300   3509418.8588    779141.9459   5250973.7890   2  21   0.0534   0.0315   0.0327   0.0053   0.0081   0.0327   0.30    1.0
2026/04/23 07:37:48.400   3509418.8597    779141.9456   5250973.7887   2  21   0.0534   0.0315   0.0327   0.0053   0.0081   0.0327   0.40    1.0
2026/04/23 07:37:48.500   3509418.8600    779141.9461   5250973.7889   2  21   0.0533   0.0315   0.0327   0.0053   0.0081   0.0327  -0.50    1.0
2026/04/23 07:37:48.600   3509418.8623    779141.9463   5250973.7889   2  21   0.0533   0.0315   0.0327   0.0053   0.0081   0.0327  -0.40    1.6
2026/04/23 07:37:48.700   3509418.8642    779141.9460   5250973.7882   2  21   0.0533   0.0315   0.0327   0.0053   0.0081   0.0327  -0.30    1.8
2026/04/23 07:37:48.800   3509418.8632    779141.9460   5250973.7882   2  21   0.0533   0.0315   0.0327   0.0053   0.0081   0.0327  -0.20    1.4
2026/04/23 07:37:48.900   3509418.8637    779141.9465   5250973.7875   2  21   0.0533   0.0315   0.0327   0.0053   0.0081   0.0326  -0.10    1.6
2026/04/23 07:37:49.000   3509418.8636    779141.9465   5250973.7889   2  21   0.0533   0.0314   0.0327   0.0053   0.0081   0.0326   0.00    1.6
2026/04/23 07:37:49.100   3509418.8634    779141.9469   5250973.7887   2  21   0.0533   0.0314   0.0327   0.0053   0.0081   0.0326   0.10    1.9
2026/04/23 07:37:49.200   3509418.8644    779141.9476   5250973.7889   2  21   0.0533   0.0314   0.0327   0.0053   0.0081   0.0326   0.20    1.2
2026/04/23 07:37:49.300   3509418.8642    779141.9469   5250973.7886   2  21   0.0532   0.0314   0.0326   0.0053   0.0081   0.0326   0.30    1.9
2026/04/23 07:37:49.400   3509418.8644    779141.9463   5250973.7887   2  21   0.0532   0.0314   0.0326   0.0053   0.0081   0.0326   0.40    1.6
2026/04/23 07:37:49.500   3509418.8643    779141.9465   5250973.7912   2  21   0.0532   0.0314   0.0326   0.0053   0.0081   0.0326  -0.50    1.9
2026/04/23 07:37:49.600   3509418.8652    779141.9471   5250973.7899   2  21   0.0532   0.0314   0.0326   0.0053   0.0081   0.0326  -0.40    1.9
2026/04/23 07:37:49.700   3509418.8647    779141.9479   5250973.7899   2  21   0.0532   0.0314   0.0326   0.0052   0.0081   0.0326  -0.30    1.2
2026/04/23 07:37:49.800   3509418.8648    779141.9486   5250973.7895   2  21   0.0532   0.0314   0.0326   0.0052   0.0081   0.0326  -0.20    1.9
2026/04/23 07:37:49.900   3509418.8646    779141.9488   5250973.7908   2  21   0.0532   0.0314   0.0326   0.0052   0.0081   0.0325  -0.10    1.9
2026/04/23 07:37:50.000   3509418.8643    779141.9481   5250973.7906   2  21   0.0531   0.0314   0.0326   0.0052   0.0081   0.0325   0.00    1.7
2026/04/23 07:37:50.100   3509418.8643    779141.9473   5250973.7898   2  21   0.0531   0.0314   0.0326   0.0052   0.0081   0.0325   0.10    1.0
2026/04/23 07:37:50.200   3509418.8648    779141.9470   5250973.7908   2  21   0.0531   0.0314   0.0326   0.0052   0.0081   0.0325   0.20    1.1
2026/04/23 07:37:50.300   3509418.8650    779141.9471   5250973.7921   2  21   0.0531   0.0314   0.0326   0.0052   0.0081   0.0325   0.30    1.2
2026/04/23 07:37:50.400   3509418.8643    779141.9481   5250973.7946   2  21   0.0531   0.0314   0.0326   0.0052   0.0081   0.0325   0.40    1.2
2026/04/23 07:37:50.500   3509418.8647    779141.9474   5250973.7940   2  21   0.0531   0.0314   0.0326   0.0052   0.0081   0.0325  -0.50    1.2
2026/04/23 07:37:50.600   3509418.8667    779141.9460   5250973.7927   2  21   0.0531   0.0314   0.0326   0.0052   0.0081   0.0325  -0.40    1.4
2026/04/23 07:37:50.700   3509418.8675    779141.9457   5250973.7912   2  21   0.0531   0.0314   0.0326   0.0052   0.0081   0.0325  -0.30    1.2
2026/04/23 07:37:50.800   3509418.8682    779141.9460   5250973.7927   2  21   0.0530   0.0314   0.0325   0.0052   0.0081   0.0325  -0.20    1.0
2026/04/23 07:37:50.900   3509418.8701    779141.9458   5250973.7923   2  21   0.0530   0.0314   0.0325   0.0052   0.0081   0.0325  -0.10    1.6
2026/04/23 07:37:51.000   3509418.8712    779141.9465   5250973.7922   2  21   0.0530   0.0314   0.0325   0.0052   0.0080   0.0324   0.00    1.2
2026/04/23 07:37:51.100   3509418.8716    779141.9480   5250973.7927   2  21   0.0530   0.0314   0.0325   0.0052   0.0080   0.0324   0.10    1.4
2026/04/23 07:37:51.200   3509418.8720    779141.9485   5250973.7915   2  21   0.0530   0.0314   0.0325   0.0052   0.0080   0.0324   0.20    1.1
2026/04/23 07:37:51.300   3509418.8723    779141.9466   5250973.7917   2  21   0.0530   0.0314   0.0325   0.0052   0.0080   0.0324   0.30    1.2
2026/04/23 07:37:51.400   3509418.8698    779141.9235   5250973.7976   2  21   0.0530   0.0314   0.0325   0.0052   0.0080   0.0324   0.40    1.0
2026/04/23 07:37:51.500   3509418.8660    779141.8792   5250973.7998   2  21   0.0530   0.0313   0.0325   0.0052   0.0080   0.0324  -0.50    1.2
2026/04/23 07:37:51.600   3509418.8511    779141.8247   5250973.8093   2  21   0.0530   0.0313   0.0326   0.0052   0.0080   0.0323  -0.40    1.0
2026/04/23 07:37:51.700   3509418.8263    779141.7651   5250973.8292   2  21   0.0530   0.0313   0.0326   0.0052   0.0080   0.0323  -0.30    1.0
2026/04/23 07:37:51.800   3509418.8043    779141.7093   5250973.8492   2  21   0.0529   0.0313   0.0326   0.0051   0.0080   0.0323  -0.20    1.0
2026/04/23 07:37:51.900   3509418.7780    779141.6581   5250973.8701   2  21   0.0529   0.0313   0.0326   0.0051   0.0080   0.0323  -0.10    1.1
2026/04/23 07:37:52.000   3509418.7529    779141.6069   5250973.8927   2  21   0.0529   0.0313   0.0326   0.0051   0.0080   0.0323   0.00    1.0
2026/04/23 07:37:52.100   3509418.7149    779141.5388   5250973.9278   2  21   0.0529   0.0313   0.0326   0.0051   0.0080   0.0323   0.10    1.0
2026/04/23 07:37:52.200   3509418.6681    779141.4675   5250973.9723   2  21   0.0529   0.0313   0.0326   0.0051   0.0080   0.0323   0.20    1.1
2026/04/23 07:37:52.300   3509418.6128    779141.4035   5250974.0148   2  21   0.0529   0.0313   0.0326   0.0051   0.0080   0.0323   0.30    1.0
2026/04/23 07:37:52.400   3509418.5417    779141.3364   5250974.0680   2  21   0.0528   0.0313   0.0325   0.0051   0.0080   0.0323   0.40    1.1
2026/04/23 07:37:52.500   3509418.4735    779141.2662   5250974.1164   2  21   0.0528   0.0313   0.0325   0.0051   0.0080   0.0323  -0.50    1.1
2026/04/23 07:37:52.600   3509418.4026    779141.2012   5250974.1710   2  21   0.0528   0.0313   0.0325   0.0053   0.0081   0.0323  -0.40    1.0
2026/04/23 07:37:52.700   3509418.3260    779141.1524   5250974.2298   2  21   0.0528   0.0313   0.0325   0.0055   0.0082   0.0323  -0.30    1.0
2026/04/23 07:37:52.800   3509418.2452    779141.1061   5250974.2920   2  21   0.0528   0.0314   0.0325   0.0055   0.0082   0.0323  -0.20    1.0
2026/04/23 07:37:52.900   3509418.1612    779141.0766   5250974.3559   2  21   0.0528   0.0314   0.0325   0.0056   0.0082   0.0323  -0.10    1.2
2026/04/23 07:37:53.000   3509418.0832    779141.0467   5250974.4160   2  21   0.0528   0.0313   0.0325   0.0056   0.0082   0.0323   0.00    1.0
2026/04/23 07:37:53.100   3509417.9962    779141.0267   5250974.4791   2  20   0.0528   0.0313   0.0326   0.0056   0.0083   0.0323   0.10    1.0
2026/04/23 07:37:53.200   3509417.9060    779141.0154   5250974.5483   2  21   0.0528   0.0313   0.0325   0.0056   0.0083   0.0323   0.20    1.0
2026/04/23 07:37:53.300   3509417.8136    779141.0143   5250974.6140   2  21   0.0528   0.0313   0.0325   0.0056   0.0082   0.0323   0.30    1.0
2026/04/23 07:37:53.400   3509417.7228    779141.0170   5250974.6746   2  21   0.0528   0.0313   0.0325   0.0056   0.0082   0.0323   0.40    1.0
2026/04/23 07:37:53.500   3509417.6376    779141.0204   5250974.7285   2  21   0.0528   0.0313   0.0325   0.0056   0.0082   0.0323  -0.50    1.0
2026/04/23 07:37:53.600   3509417.5428    779141.0248   5250974.7867   2  21   0.0528   0.0313   0.0325   0.0056   0.0082   0.0323  -0.40    1.0
2026/04/23 07:37:53.700   3509417.4502    779141.0491   5250974.8399   2  21   0.0528   0.0313   0.0325   0.0055   0.0082   0.0323  -0.30    1.0
2026/04/23 07:37:53.800   3509417.3660    779141.0726   5250974.8906   2  21   0.0527   0.0313   0.0325   0.0055   0.0082   0.0323  -0.20    1.0
2026/04/23 07:37:53.900   3509417.2818    779141.0946   5250974.9392   2  21   0.0527   0.0313   0.0325   0.0055   0.0082   0.0323  -0.10    1.0
2026/04/23 07:37:54.000   3509417.1860    779141.1176   5250974.9866   2  21   0.0527   0.0313   0.0324   0.0054   0.0082   0.0323   0.00    1.0
2026/04/23 07:37:54.100   3509417.1078    779141.1529   5250975.0292   2  20   0.0528   0.0313   0.0324   0.0054   0.0082   0.0323   0.10    1.0
2026/04/23 07:37:54.200   3509417.0368    779141.1981   5250975.0720   2  21   0.0528   0.0313   0.0324   0.0055   0.0082   0.0323   0.20    1.0
2026/04/23 07:37:54.300   3509416.9815    779141.2491   5250975.1076   2  21   0.0528   0.0313   0.0324   0.0055   0.0082   0.0323   0.30    1.0
2026/04/23 07:37:54.400   3509416.9397    779141.2932   5250975.1369   2  21   0.0529   0.0313   0.0325   0.0057   0.0083   0.0323   0.40    1.0
2026/04/23 07:37:54.500   3509416.9201    779141.3103   5250975.1550   2  21   0.0529   0.0313   0.0325   0.0059   0.0084   0.0324  -0.50    1.0
2026/04/23 07:37:54.600   3509416.9227    779141.3089   5250975.1596   2  21   0.0529   0.0313   0.0325   0.0060   0.0085   0.0324  -0.40    1.0
2026/04/23 07:37:54.700   3509416.9386    779141.3034   5250975.1546   2  21   0.0529   0.0313   0.0325   0.0060   0.0085   0.0324  -0.30    1.0
2026/04/23 07:37:54.800   3509416.9616    779141.2918   5250975.1439   2  21   0.0529   0.0313   0.0326   0.0060   0.0085   0.0325  -0.20    1.0
2026/04/23 07:37:54.900   3509416.9818    779141.2818   5250975.1358   2  21   0.0529   0.0313   0.0326   0.0060   0.0085   0.0325  -0.10    1.0
2026/04/23 07:37:55.000   3509417.0004    779141.2726   5250975.1248   2  21   0.0528   0.0313   0.0326   0.0060   0.0085   0.0325   0.00    1.0
2026/04/23 07:37:55.100   3509417.0163    779141.2636   5250975.1175   2  21   0.0528   0.0313   0.0326   0.0060   0.0085   0.0325   0.10    1.0
2026/04/23 07:37:55.200   3509417.0283    779141.2558   5250975.1132   2  21   0.0528   0.0313   0.0326   0.0059   0.0085   0.0325   0.20    1.0
2026/04/23 07:37:55.300   3509417.0343    779141.2499   5250975.1115   2  21   0.0528   0.0313   0.0326   0.0059   0.0085   0.0325   0.30    1.0
2026/04/23 07:37:55.400   3509417.0349    779141.2467   5250975.1090   2  21   0.0528   0.0312   0.0326   0.0059   0.0084   0.0325   0.40    1.0
2026/04/23 07:37:55.500   3509417.0375    779141.2425   5250975.1105   2  21   0.0528   0.0312   0.0326   0.0058   0.0084   0.0324  -0.50    1.0
2026/04/23 07:37:55.600   3509417.0410    779141.2359   5250975.1067   2  20   0.0528   0.0312   0.0326   0.0058   0.0084   0.0324  -0.40    1.0
2026/04/23 07:37:55.700   3509417.0684    779141.2191   5250975.0866   2  21   0.0528   0.0312   0.0325   0.0057   0.0084   0.0324  -0.30    1.0
2026/04/23 07:37:55.800   3509417.1153    779141.2049   5250975.0545   2  20   0.0528   0.0312   0.0325   0.0057   0.0084   0.0324  -0.20    1.0
2026/04/23 07:37:55.900   3509417.1774    779141.2016   5250975.0109   2  21   0.0528   0.0312   0.0325   0.0057   0.0083   0.0324  -0.10    1.0
2026/04/23 07:37:56.000   3509417.2389    779141.2061   5250974.9709   2  21   0.0528   0.0312   0.0325   0.0057   0.0083   0.0324   0.00    1.0
2026/04/23 07:37:56.100   3509417.2919    779141.2003   5250974.9309   2  21   0.0528   0.0312   0.0325   0.0057   0.0083   0.0324   0.10    1.1
2026/04/23 07:37:56.200   3509417.3345    779141.1840   5250974.9037   2  21   0.0527   0.0312   0.0325   0.0057   0.0083   0.0324   0.20    1.0
2026/04/23 07:37:56.300   3509417.3776    779141.1566   5250974.8748   2  20   0.0527   0.0312   0.0325   0.0057   0.0083   0.0323   0.30    1.0
2026/04/23 07:37:56.400   3509417.4327    779141.1337   5250974.8399   2  21   0.0527   0.0312   0.0325   0.0057   0.0083   0.0323   0.40    1.0
2026/04/23 07:37:56.500   3509417.4933    779141.1057   5250974.8029   2  21   0.0527   0.0312   0.0325   0.0057   0.0083   0.0323  -0.50    1.0
2026/04/23 07:37:56.600   3509417.5391    779141.0759   5250974.7721   2  21   0.0528   0.0312   0.0324   0.0056   0.0083   0.0323  -0.40    1.0
2026/04/23 07:37:56.700   3509417.5855    779141.0372   5250974.7480   2  21   0.0528   0.0312   0.0324   0.0056   0.0083   0.0323  -0.30    1.0
2026/04/23 07:37:56.800   3509417.6272    779140.9946   5250974.7230   2  21   0.0528   0.0312   0.0324   0.0056   0.0083   0.0324  -0.20    1.0
2026/04/23 07:37:56.900   3509417.6621    779140.9401   5250974.7049   2  21   0.0528   0.0312   0.0324   0.0056   0.0084   0.0324  -0.10    1.0
2026/04/23 07:37:57.000   3509417.6878    779140.8864   5250974.6951   2  21   0.0528   0.0312   0.0324   0.0056   0.0083   0.0324   0.00    1.0
2026/04/23 07:37:57.100   3509417.7250    779140.8276   5250974.6747   2  21   0.0527   0.0312   0.0324   0.0056   0.0083   0.0324   0.10    1.0
2026/04/23 07:37:57.200   3509417.7572    779140.7658   5250974.6622   2  21   0.0528   0.0312   0.0324   0.0055   0.0083   0.0324   0.20    1.0
2026/04/23 07:37:57.300   3509417.7768    779140.7126   5250974.6581   2  21   0.0529   0.0312   0.0325   0.0055   0.0083   0.0324   0.30    1.0
2026/04/23 07:37:57.400   3509417.7966    779140.6587   5250974.6554   2  21   0.0529   0.0312   0.0325   0.0054   0.0083   0.0324   0.40    1.0
2026/04/23 07:37:57.500   3509417.8156    779140.5940   5250974.6554   2  21   0.0529   0.0312   0.0325   0.0055   0.0083   0.0325  -0.50    1.0
2026/04/23 07:37:57.600   3509417.8350    779140.5254   5250974.6515   2  21   0.0529   0.0312   0.0325   0.0055   0.0083   0.0325  -0.40    1.0
2026/04/23 07:37:57.700   3509417.8544    779140.4600   5250974.6527   2  19   0.0529   0.0312   0.0325   0.0056   0.0083   0.0325  -0.30    1.1
2026/04/23 07:37:57.800   3509417.8723    779140.4152   5250974.6516   2  20   0.0529   0.0312   0.0325   0.0056   0.0083   0.0325  -0.20    1.0
2026/04/23 07:37:57.900   3509417.8794    779140.3971   5250974.6501   2  20   0.0528   0.0311   0.0325   0.0056   0.0083   0.0325  -0.10    1.0
2026/04/23 07:37:58.000   3509417.8747    779140.4076   5250974.6540   2  20   0.0528   0.0311   0.0325   0.0057   0.0083   0.0325   0.00    1.0
2026/04/23 07:37:58.100   3509417.8628    779140.4330   5250974.6617   2  21   0.0528   0.0311   0.0325   0.0057   0.0082   0.0325   0.10    1.0
2026/04/23 07:37:58.200   3509417.8538    779140.4575   5250974.6689   2  21   0.0527   0.0311   0.0325   0.0057   0.0082   0.0325   0.20    1.1
2026/04/23 07:37:58.300   3509417.8462    779140.4792   5250974.6737   2  21   0.0527   0.0311   0.0325   0.0057   0.0082   0.0324   0.30    1.0
2026/04/23 07:37:58.400   3509417.8364    779140.4924   5250974.6811   2  21   0.0527   0.0311   0.0325   0.0057   0.0082   0.0324   0.40    1.1
2026/04/23 07:37:58.500   3509417.8297    779140.4965   5250974.6863   2  21   0.0527   0.0311   0.0325   0.0056   0.0082   0.0324  -0.50    1.0
2026/04/23 07:37:58.600   3509417.8254    779140.5000   5250974.6878   2  21   0.0527   0.0311   0.0324   0.0056   0.0082   0.0324  -0.40    1.0
2026/04/23 07:37:58.700   3509417.8259    779140.5023   5250974.6873   2  21   0.0527   0.0311   0.0324   0.0056   0.0082   0.0324  -0.30    1.1
2026/04/23 07:37:58.800   3509417.8309    779140.5154   5250974.6809   2  21   0.0526   0.0311   0.0324   0.0056   0.0082   0.0324  -0.20    1.1
2026/04/23 07:37:58.900   3509417.8447    779140.5576   5250974.6625   2  21   0.0526   0.0311   0.0324   0.0056   0.0082   0.0324  -0.10    1.1
2026/04/23 07:37:59.000   3509417.8731    779140.6226   5250974.6333   2  20   0.0526   0.0311   0.0324   0.0056   0.0082   0.0323   0.00    1.2
2026/04/23 07:37:59.100   3509417.9140    779140.6890   5250974.5951   2  20   0.0526   0.0311   0.0324   0.0056   0.0082   0.0323   0.10    1.1
2026/04/23 07:37:59.200   3509417.9581    779140.7449   5250974.5547   2  21   0.0526   0.0311   0.0324   0.0056   0.0082   0.0323   0.20    1.1
2026/04/23 07:37:59.300   3509418.0005    779140.7875   5250974.5197   2  21   0.0526   0.0311   0.0323   0.0056   0.0082   0.0323   0.30    1.1
2026/04/23 07:37:59.400   3509418.0334    779140.8252   5250974.4932   2  20   0.0526   0.0311   0.0323   0.0056   0.0081   0.0323   0.40    1.1
2026/04/23 07:37:59.500   3509418.0626    779140.8703   5250974.4623   2  19   0.0526   0.0311   0.0323   0.0054   0.0081   0.0323  -0.50    1.1
2026/04/23 07:37:59.600   3509418.0855    779140.9269   5250974.4370   2  19   0.0526   0.0311   0.0323   0.0053   0.0081   0.0323  -0.40    1.0
2026/04/23 07:37:59.700   3509418.1002    779140.9821   5250974.4137   2  19   0.0526   0.0311   0.0323   0.0053   0.0080   0.0323  -0.30    1.0
2026/04/23 07:37:59.800   3509418.1073    779141.0370   5250974.3971   2  19   0.0526   0.0311   0.0323   0.0053   0.0080   0.0323  -0.20    1.1
2026/04/23 07:37:59.900   3509418.1204    779141.0906   5250974.3768   2  19   0.0526   0.0311   0.0323   0.0052   0.0080   0.0323  -0.10    1.1
2026/04/23 07:38:00.000   3509418.1215    779141.1485   5250974.3642   2  19   0.0526   0.0311   0.0323   0.0052   0.0080   0.0323   0.00    1.1
