datetime,X-ECEF,Y-ECEF,Z-ECEF,cdt,variance,VX-ECEF,VY-ECEF,VZ-ECEF
2026-04-23 07:30:00.000,3509419.496305732,779104.2746698309,5250978.202453249,-40767.038503439115,67.77353946160105,,,
2026-04-23 07:30:00.100,3509419.7010045284,779104.364952097,5250977.84821957,-40771.48976319551,68.59303150524583,2.0469879638403654,0.9028226602822542,-3.542336793616414
2026-04-23 07:30:00.200,3509420.246762488,779104.4050257624,5250977.134008162,-40776.01578207588,70.37700880900073,5.457579595968127,0.4007366544101387,-7.142114080488682
2026-04-23 07:30:00.300,3509425.464021972,779104.0273320434,5250971.731176433,-40781.730356632586,36.13192240454359,52.172594838775694,-3.776937189977616,-54.02831728570163
2026-04-23 07:30:00.400,3509426.141704797,779104.1754697743,5250971.147238701,-40786.152651193544,36.31363686223916,6.776828248985112,1.481377308955416,-5.839377325028181
2026-04-23 07:30:00.500,3509420.2444941048,779101.4950261536,5250977.18858967,-40787.525957072,68.84180758595497,-58.972106920555234,-26.804436206584796,60.413509691134095
2026-04-23 07:30:00.600,3509426.486690612,779104.4093900776,5250970.673897458,-40794.927567139566,36.96693210132094,62.421965072862804,29.14363923948258,-65.14692211523652
2026-04-23 07:30:00.700,3509426.513860303,779104.5027410242,5250970.75777611,-40799.1844383754,36.04572740315417,0.2716969093307853,0.9335094667039812,0.8387865219265223
2026-04-23 07:30:00.800,3509420.2760784514,779101.7531711407,5250977.208997298,-40800.495972344026,68.67361071273156,-62.37781851552427,-27.49569883570075,64.51221187599003
2026-04-23 07:30:00.900,3509426.5736632263,779104.6579821357,5250970.663991742,-40807.89533755735,36.02066146676811,62.97584774903953,29.048109949799255,-65.45005556195974
2026-04-23 07:30:01.000,3509419.320866663,779105.4869865552,5250978.310346135,-40810.2130200247,70.63692830519108,-72.52796563319862,8.290044195018709,76.46354393102229
2026-04-23 07:30:01.100,3509420.2507305024,779102.125722751,5250977.546019184,-40813.365737165695,67.64474037729566,9.298638394102454,-33.61263804137707,-7.643269505351782
2026-04-23 07:30:01.200,3509426.2396207186,779105.0486940481,5250971.381369351,-40820.645749328396,34.986285265219024,59.8889021622017,29.22971297055483,-61.64649832993746
2026-04-23 07:30:01.300,3509397.732244978,779107.3102530912,5251000.44650546,-40817.29122442035,40.2429664402492,-285.0737574044615,22.615590430796146,290.6513610854745
2026-04-23 07:30:01.400,3509419.082982476,779105.9550670194,5250978.801479581,-40827.3863291998,63.39191160699312,213.50737497676164,-13.551860717125237,-216.4502587914467
2026-04-23 07:30:01.500,3509419.0247493903,779106.1239333905,5250978.87992095,-40831.682871359226,62.02642009780174,-0.5823308555409312,1.6886637103743851,0.784413693472743
2026-04-23 07:30:01.600,3509419.7946205446,779106.2093937404,5250978.052720502,-40836.18243312328,61.344411522836104,7.698711543343961,0.854603499174118,-8.27200448140502
2026-04-23 07:30:01.700,3509420.0399993984,779106.3030743927,5250977.764608413,-40840.57996193927,60.67084679609108,2.453788537532091,0.9368065232411027,-2.881120890378952
2026-04-23 07:30:01.800,3509420.147313817,779106.3658508984,5250977.517582313,-40844.99504147726,61.70000320032363,1.0731441853567958,0.6277650571428239,-2.470260998234153
2026-04-23 07:30:01.900,3509374.218729562,779108.3510270241,5251028.660241642,-40837.72659593076,3.948926334793622e-38,-459.2858425481245,19.851761256577447,511.42659328877926
2026-04-23 07:30:02.000,3509374.4536343273,779108.4602570822,5251028.427967455,-40842.10516224501,6.0348888942113704e-46,2.349047651514411,1.0923005815129727,-2.3227418679744005
2026-04-23 07:30:02.100,3509374.6083585783,779108.5579035936,5251028.305914525,-40846.43520243466,1.133252237079091e-48,1.5472425101324916,0.9764651139266789,-1.2205293029546738
2026-04-23 07:30:02.200,3509391.1730677923,779107.7495867037,5251010.600338582,-40855.104070321555,4.7198440570014455,165.6470921402797,-8.08316889917478,-177.05575942993164
2026-04-23 07:30:02.300,3509390.952279639,779107.8767362086,5251010.900466347,-40859.31320897899,4.7289611660848445,-2.2078815335407853,1.2714950484223664,3.0012776516377926
2026-04-23 07:30:02.400,3509373.869067131,779108.918554652,5251029.224661238,-40859.11445169808,9.470535541292844e-41,-170.83212507888675,10.418184434529394,183.2419489044696
2026-04-23 07:30:02.500,3509373.8755048877,779108.988058013,5251029.213984063,-40863.43073249297,3.717067337619418e-46,0.06437756586819887,0.6950336100999266,-0.10677174665033817
2026-04-23 07:30:02.600,3509373.1862409823,779109.1483053695,5251029.999425419,-40867.54297669977,1.5655131281128816e-45,-6.8926390539854765,1.6024735651444644,7.85441355779767
2026-04-23 07:30:02.700,3509390.600021678,779108.2580121114,5251011.575013775,-40876.37237261321,5.229131505423807,174.1378069575876,-8.902932581258938,-184.2441164329648
2026-04-23 07:30:02.800,3509372.707421716,779109.2881767622,5251030.846621331,-40875.914994824365,3.759515623967765e-39,-178.92599962186068,10.30164650757797,192.7160755544901
2026-04-23 07:30:02.900,3509372.2161704353,779109.4254455387,5251031.34554028,-40880.08234101001,8.405738102651552e-45,-4.912512805312872,1.3726877653971314,4.989189496263862
2026-04-23 07:30:03.000,3509371.880558758,779109.544451998,5251031.7297513,-40884.26734851956,2.650014136879891e-45,-3.3561167726293206,1.190064592519775,3.8421101961284876
2026-04-23 07:30:03.100,3509371.7354220836,779109.6671580379,5251031.927210604,-40888.4923498945,1.239820711599887e-45,-1.45136674400419,1.2270603992510587,1.974593037739396
2026-04-23 07:30:03.200,3509371.355228013,779109.7962176545,5251032.154855192,-40892.7574274838,1.5053010847239246e-47,-3.801940707489848,1.290596165927127,2.2764458786696196
2026-04-23 07:30:03.300,3509371.386350359,779109.8654204068,5251031.965822903,-40897.132913120695,1.164128015010076e-45,0.31122345943003893,0.6920275231823325,-1.890322882682085
2026-04-23 07:30:03.400,3509371.710115423,779109.9637665269,5251031.58759849,-40901.532683868565,1.7789921910373654e-47,3.2376506412401795,0.9834612009581178,-3.782244138419628
2026-04-23 07:30:03.500,3509371.5198140834,779110.1048005035,5251031.781782384,-40905.82119682059,1.3941140727840892e-46,-1.903013396076858,1.4103397657163441,1.9418389443308115
2026-04-23 07:30:03.600,3509371.3043329488,779110.261202416,5251032.048089443,-40910.07517526928,9.674980608180133e-46,-2.1548113459721208,1.5640191256534308,2.663070587441325
2026-04-23 07:30:03.700,3509370.52295669,779110.4521742053,5251032.839019367,-40914.18833246322,8.867591844555483e-46,-7.813762589357793,1.9097178929951042,7.909299237653613
2026-04-23 07:30:03.800,3509390.68840799,779109.4507821075,5251011.244713194,-40923.82991420757,7.071163969948554,201.6545130033046,-10.013920977944508,-215.94306172803044
2026-04-23 07:30:03.900,3509369.7244900814,779110.7247810686,5251033.494411848,-40922.706631470064,4.0178029569121155e-40,-209.63917908724397,12.739989610854536,222.49698653817177
2026-04-23 07:30:04.000,3509390.4500021436,779109.7298470858,5251011.235438674,-40932.526398136346,7.510321587080874,207.25512062199414,-9.949339828453958,-222.5897317379713
2026-04-23 07:30:04.100,3509390.262240927,779109.7415095071,5251011.230933662,-40936.94196533677,8.202003677282697,-1.8776121642440557,0.1166242128238082,-0.04505012184381485
2026-04-23 07:30:04.200,3509367.2954583247,779111.0557068514,5251035.698057735,-40935.23368700113,1.1479437019748901e-40,-229.66782602481544,13.141973443562165,244.67124073766172
2026-04-23 07:30:04.300,3509366.920359521,779111.2088213629,5251036.050855042,-40939.434226963065,5.590140846452029e-46,-3.7509880354627967,1.5311451151501387,3.5279730707406998
2026-04-23 07:30:04.400,3509367.301164041,779111.3695873668,5251035.647301101,-40943.8574507369,2.4905890674523116e-45,3.8080451963469386,1.6076600388623774,-4.035539412871003
2026-04-23 07:30:04.500,3509367.104930308,779111.5131596685,5251035.837308582,-40948.149848718786,3.968521041544892e-47,-1.962337326258421,1.4357230172026902,1.9000748079270124
2026-04-23 07:30:04.600,3509366.975323667,779111.5795741439,5251036.010484621,-40952.41152069778,9.805839168386247e-47,-1.2960664136335254,0.6641447532456368,1.7317603901028633
2026-04-23 07:30:04.700,3509367.0718853734,779111.6095781695,5251035.880900141,-40956.78239851191,2.0401961406252555e-45,0.9656170662492514,0.3000402566976845,-1.2958448007702827
2026-04-23 07:30:04.800,3509366.507177312,779111.8050126557,5251036.372160044,-40960.99162501785,3.557984382074731e-47,-5.647080615162849,1.9543448614422232,4.91259902715683
2026-04-23 07:30:04.900,3509366.8723033257,779111.8563364976,5251035.956764969,-40965.46080196993,3.626407158653091e-47,3.6512601375579834,0.5132384190801531,-4.153950745239854
2026-04-23 07:30:05.000,3509367.299880518,779111.9137911513,5251035.508619388,-40969.89519338833,1.2059514371935987e-46,4.275771924294531,0.5745465366635472,-4.481455814093351
2026-04-23 07:30:05.100,3509423.5397539325,779108.2442247373,5250975.559436959,-40988.76549889047,49.2534840805791,562.3987341439351,-36.69566413969733,-599.4918242841959
2026-04-23 07:30:05.200,3509367.775545249,779112.1391997541,5251035.054354911,-40978.70458370312,1.2489627477486805e-37,-557.6420868327841,38.94975016824901,594.9491795152426
2026-04-23 07:30:05.300,3509416.9201387707,779105.6929088545,5250983.267829028,-40994.50095620624,75.04788320698036,491.4459352148697,-64.46290899650194,-517.8652588278055
2026-04-23 07:30:05.400,3509368.769020097,779112.2676577131,5251034.018221647,-40987.58322937168,1.963442907857852e-37,-481.5111867384985,65.74748858693056,507.50392618589103
2026-04-23 07:30:05.500,3509423.007118138,779108.7135221987,5250975.9971509585,-41006.00986610489,46.392191887680355,542.3809804115444,-35.54135514423251,-580.2107068803161
2026-04-23 07:30:05.600,3509368.980239918,779112.4823588848,5251033.645769751,-40996.35335505908,1.2801868164423975e-37,-540.2687822002918,37.68836686038412,576.486187921837
2026-04-23 07:30:05.700,3509368.4749215967,779112.6117926061,5251034.142580081,-41000.53913284093,4.223053770416392e-45,-5.05318321287632,1.2943372130393982,4.968103300780058
2026-04-23 07:30:05.800,3509423.598432082,779108.993716829,5250975.465291838,-41019.05442626874,47.756912792944746,551.23510485515,-36.180757770780474,-586.7728824261576
2026-04-23 07:30:05.900,3509368.121039211,779112.8477330275,5251034.630092638,-41009.051135199756,3.5999514493932555e-38,-554.7739287139848,38.54016198543832,591.6480079945177
2026-04-23 07:30:06.000,3509417.2128131595,779106.5695322591,5250982.832213422,-41024.86642045378,73.47400588593737,490.9177394863218,-62.782007683999836,-517.9787921532989
2026-04-23 07:30:06.100,3509392.0988108595,779111.8453991633,5251009.04606628,-41023.93052102265,9.720393008006432,-251.14002299960703,52.758669041795656,262.13852858170867
2026-04-23 07:30:06.200,3509392.0874537067,779111.8835651254,5251008.915996583,-41028.346040580036,10.224211324597295,-0.11357152834534645,0.38165962090715766,-1.300696972757578
2026-04-23 07:30:06.300,3509420.544527297,779107.7764479277,5250976.404651219,-41038.28575950718,67.32974475900893,284.5707359025255,-41.07117197709158,-325.11345364153385
2026-04-23 07:30:06.400,3509420.5334899956,779107.844757801,5250976.369850716,-41042.64809826009,67.22423163548739,-0.11037301272153854,0.6830987334251404,-0.3480050340294838
2026-04-23 07:30:06.500,3509420.3679334335,779107.9716947697,5250976.5271080565,-41046.94747409953,67.02232863228139,-1.6555656213313341,1.2693696864880621,1.572573408484459
2026-04-23 07:30:06.600,3509420.199446397,779108.1064633533,5250976.591231257,-41051.27158205519,67.23135463460848,-1.6848703660070896,1.347685835789889,0.6412320025265217
2026-04-23 07:30:06.700,3509419.567264786,779107.8277618177,5250983.086808176,-41052.177310352854,58.19170753379057,-6.321816109120846,-2.7870153554249555,64.95576919056475
2026-04-23 07:30:06.800,3509419.7269491414,779107.9385526151,5250982.848615988,-41056.5260951267,58.79734380359328,1.5968435537070036,1.107907973928377,-2.381921876221895
2026-04-23 07:30:06.900,3509419.8417801717,779108.0438755654,5250982.702423042,-41060.88236386669,59.570282171878574,1.1483103036880493,1.0532295028679073,-1.461929464712739
2026-04-23 07:30:07.000,3509419.869735179,779108.1771316661,5250982.4764964245,-41065.281550811414,59.175223486873506,0.27955007273703814,1.3325610070023686,-2.259266171604395
2026-04-23 07:30:07.100,3509419.999729047,779108.3023218814,5250982.361164719,-41069.60451664453,58.90067684895561,1.2999386806041002,1.2519021530169994,-1.1533170565962791
2026-04-23 07:30:07.200,3509420.0202649995,779108.3797142116,5250982.317658543,-41073.941095659546,58.882452511923326,0.20535952411592007,0.7739233016036451,-0.43506176210939884
2026-04-23 07:30:07.300,3509420.620899244,779108.8429030607,5250976.208373992,-41081.43803814614,69.07948966644203,6.00634244736284,4.631888491567224,-61.09284550882876
2026-04-23 07:30:07.400,3509420.5729429782,779108.9162611094,5250976.247767421,-41085.76800118829,68.23173304846291,-0.4795626597478986,0.7335804868489504,0.3939342964440584
2026-04-23 07:30:07.500,3509420.4984722245,779109.0155750928,5250976.356640981,-41090.08787510101,67.62738650976743,-0.7447075378149748,0.9931398334447294,1.0887355916202068
2026-04-23 07:30:07.600,3509420.399276041,779109.1819071951,5250976.703129893,-41094.297887089495,67.54694563994276,-0.9919618349522352,1.6633210238069296,3.4648891258984804
2026-04-23 07:30:07.700,3509420.5255727586,779109.2413577012,5250976.516433167,-41098.674696440256,68.30652373713946,1.2629671767354012,0.5945050611626357,-1.8669672589749098
2026-04-23 07:30:07.800,3509420.5482334644,779109.3578250048,5250976.462500714,-41103.02311366001,67.80063195283951,0.22660705726593733,1.1646730359643698,-0.5393245350569487
2026-04-23 07:30:07.900,3509420.456695697,779109.4858384827,5250976.558004727,-41107.316966630446,66.8795900327251,-0.9153776755556464,1.2801347789354622,0.9550401289016008
2026-04-23 07:30:08.000,3509420.3450902784,779109.6082109599,5250976.604064695,-41111.6653442072,66.64136709516906,-1.1160541838034987,1.2237247719895095,0.4605996794998646
2026-04-23 07:30:08.100,3509420.1945138006,779109.7757895853,5250976.754790884,-41115.9392509861,66.21105781903218,-1.5057647787034512,1.6757862537633628,1.507261898368597
2026-04-23 07:30:08.200,3509420.2465409106,779109.9095302025,5250976.777924575,-41120.2172681271,66.74958754002915,0.5202711001038551,1.337406171951443,0.2313369046896696
2026-04-23 07:30:08.300,3509420.389665603,779110.0364012757,5250976.681161359,-41124.51947384168,67.12647011849863,1.4312469260767102,1.2687107315286994,-0.9676321595907211
2026-04-23 07:30:08.400,3509420.4906174606,779110.1545776662,5250976.761109421,-41128.76520800574,66.40823189751629,1.0095185739919543,1.181763905333355,0.7994806207716465
2026-04-23 07:30:08.500,3509420.1281228564,779110.2864841863,5250977.020120866,-41133.082192741604,64.88970205997525,-3.6249460419639945,1.3190652010962367,2.5901144463568926
2026-04-23 07:30:08.600,3509419.9269964504,779110.3227470189,5250976.986154607,-41137.55098439901,64.05499871742613,-2.0112640596926212,0.3626283258199692,-0.33966259099543095
2026-04-23 07:30:08.700,3509419.839983577,779110.4024604164,5250977.147919007,-41141.86937531156,63.89225327584072,-0.8701287349686027,0.7971339754294604,1.6176440007984638
2026-04-23 07:30:08.800,3509419.5987627017,779110.5072831381,5250977.384360232,-41146.197669206194,63.02400081946994,-2.4122087517753243,1.048227216815576,2.364412257447839
2026-04-23 07:30:08.900,3509419.965612851,779110.3936600419,5250977.083862217,-41150.430506490105,46.90724663065011,3.6685014935210347,-1.1362309625837952,-3.0049801524728537
2026-04-23 07:30:09.000,3509419.777722452,779110.4323827783,5250977.055903096,-41154.836943498834,46.79698300660759,-1.8789039924740791,0.38722736411727965,-0.2795912139117718
2026-04-23 07:30:09.100,3509418.0728105525,779109.2995520242,5250981.510911161,-41158.667846569784,46.95757376479259,-17.049118992872536,-11.328307540388778,44.55008065328002
2026-04-23 07:30:09.200,3509417.973066579,779109.4615379063,5250981.574061062,-41163.01427279949,46.580001802414785,-0.9974397346377373,1.6198588209226727,0.6314990110695362
2026-04-23 07:30:09.300,3509417.9400146184,779109.5466006619,5250981.42544969,-41167.43781971497,46.46232910525821,-0.330519606359303,0.8506275562103838,-1.4861137233674526
2026-04-23 07:30:09.400,3509417.8931227033,779109.681573543,5250981.452443224,-41171.76904454311,46.40902573639338,-0.46891915146261454,1.3497288106009364,0.2699353452771902
2026-04-23 07:30:09.500,3509417.9227413614,779109.8880546824,5250981.599093978,-41175.96574299154,45.77347765141604,0.29618658125400543,2.064811394084245,1.466507539153099
2026-04-23 07:30:09.600,3509417.8690153337,779109.9909391928,5250981.6797518395,-41180.30123823836,45.475731011033595,-0.537260277196765,1.028845104156062,0.8065786119550467
2026-04-23 07:30:09.700,3509417.8790422995,779110.0876583081,5250981.612078159,-41184.68327682183,45.33520013993695,0.10026965755969286,0.9671911527402699,-0.6767368037253618
2026-04-23 07:30:09.800,3509417.871021462,779110.1823578282,5250981.5407546,-41189.057700954014,45.97829160157386,-0.0802083732560277,0.9469952015206218,-0.7132355868816376
2026-04-23 07:30:09.900,3509417.838775191,779110.3405906791,5250981.63206862,-41193.32738895462,46.763419667316185,-0.3224627114832401,1.5823285083752126,0.9131401963531971
2026-04-23 07:30:10.000,3509417.8540038317,779110.5321970889,5250981.678255214,-41197.59145351246,46.90424750022726,0.15228640753775835,1.9160640984773636,0.46186594292521477
2026-04-23 07:30:10.100,3509417.8369972333,779110.612377078,5250981.560979158,-41202.01418184303,46.88681221880199,-0.1700659841299057,0.801799891050905,-1.1727605666965246
2026-04-23 07:30:10.200,3509417.7996142153,779110.6025937708,5250981.44666839,-41206.45907270427,47.23331329136914,-0.3738301806151867,-0.09783307206816971,-1.1431076750159264
2026-04-23 07:30:10.300,3509417.744182872,779110.5936851437,5250981.277605192,-41210.937872438924,47.81697654789357,-0.554313431493938,-0.08908627089112997,-1.6906319838017225
2026-04-23 07:30:10.400,3509417.767391048,779110.7304918307,5250981.287355565,-41215.236997001746,47.72159530159566,0.23208175785839558,1.3680668699089438,0.09750372730195522
2026-04-23 07:30:10.500,3509417.775932728,779110.8091213804,5250981.142288398,-41219.63527184193,47.56104224330061,0.08541679941117764,0.786295497091487,-1.4506716653704643
2026-04-23 07:30:10.600,3509417.788025192,779110.8771973766,5250981.131112415,-41223.94989216752,48.028225210232385,0.1209246413782239,0.6807599612511694,-0.11175982654094696
2026-04-23 07:30:10.700,3509417.8175615687,779110.9755623052,5250981.103830091,-41228.26207749375,47.88670244226207,0.2953637670725584,0.9836492862086743,-0.27282324619591236
2026-04-23 07:30:10.800,3509417.8168408414,779111.0139558194,5250981.042650315,-41232.63697201254,47.640265038558965,-0.007207272574305534,0.3839351423084736,-0.6117977574467659
2026-04-23 07:30:10.900,3509417.7841980294,779111.1256423783,5250981.03451409,-41236.974596147025,47.37515729482568,-0.3264281200245023,1.1168655892834067,-0.08136224932968616
2026-04-23 07:30:11.000,3509417.8139427905,779111.2361407506,5250981.00469052,-41241.32003609276,47.45682415700349,0.2974476106464863,1.1049837223254144,-0.2982356958091259
2026-04-23 07:30:11.100,3509417.59945557,779111.1343297942,5250980.67807914,-41245.990800815685,48.158433056180165,-2.144872206263244,-1.0181095637381077,-3.2661138009279966
2026-04-23 07:30:11.200,3509417.607592754,779111.2411009388,5250980.520416091,-41250.42782573893,49.212539775392734,0.0813718419522047,1.0677114455029368,-1.5766304917633533
2026-04-23 07:30:11.300,3509417.51436567,779111.3095488825,5250980.593247252,-41254.77118362987,49.81987044053437,-0.9322708426043391,0.6844794377684593,0.7283116038888693
2026-04-23 07:30:11.400,3509417.540172267,779111.4788217774,5250980.716525561,-41258.990380469026,49.36884703658666,0.2580659696832299,1.6927289485465735,1.2327830959111452
2026-04-23 07:30:11.500,3509417.5045527574,779111.6478522784,5250980.798521478,-41263.25959131827,49.25377428227208,-0.35619509406387806,1.6903050104156137,0.8199591655284166
2026-04-23 07:30:11.600,3509417.490654843,779111.7273996088,5250980.787528684,-41267.60585947175,49.53663370073008,-0.13897914439439774,0.7954733038786799,-0.1099279336631298
2026-04-23 07:30:11.700,3509417.419953837,779111.8118852865,5250980.759183932,-41271.98770686768,49.57729916051144,-0.7070100586861372,0.8448567765299231,-0.2834475226700306
2026-04-23 07:30:11.800,3509417.369116988,779111.9466282758,5250980.82656345,-41276.27377498837,49.80647156550534,-0.5083684902638197,1.347429893212393,0.6737951748073101
2026-04-23 07:30:11.900,3509417.2865713206,779112.0782761709,5250980.73863815,-41280.659470937935,50.25627386277216,-0.8254566742107272,1.3164789509028196,-0.8792530000209808
2026-04-23 07:30:12.000,3509417.2300650342,779112.185404354,5250980.718023319,-41285.013992474,50.63307377490312,-0.5650628637522459,1.0712818312458694,-0.20614830777049065
2026-04-23 07:30:12.100,3509417.200913633,779112.3024746854,5250980.779868073,-41289.3197825398,50.8929382455766,-0.291514010168612,1.1707033135462552,0.6184475403279066
2026-04-23 07:30:12.200,3509417.1409370936,779112.4251574322,5250980.920784672,-41293.59243996411,50.661772380087456,-0.599765395745635,1.226827468490228,1.4091659896075726
2026-04-23 07:30:12.300,3509418.60855259,779113.8074320281,5250976.411533086,-41298.46647797685,50.117658021415465,14.676154963672161,13.82274595904164,-45.09251586161554
2026-04-23 07:30:12.400,3509418.794377737,779113.9404558341,5250976.418250755,-41302.73214553159,50.37680001113304,1.858251472003758,1.3302380603272468,0.06717669777572155
2026-04-23 07:30:12.500,3509421.857377186,779117.11132351,5250982.844601889,-41301.91781988616,59.57948327357432,30.629994487389922,31.70867675798945,64.26351133733988
2026-04-23 07:30:12.600,3509418.839972089,779114.2440687076,5250976.476860685,-41311.287241992955,50.48292699809962,-30.174050969071686,-28.672548023751006,-63.67741203866899
2026-04-23 07:30:12.700,3509420.543813054,779113.7469402318,5250978.725878843,-41313.716744440266,41.44443655488871,17.038409649394453,-4.9712847580667585,22.490181578323245
2026-04-23 07:30:12.800,3509420.5846829987,779113.8435261539,5250978.729871228,-41318.03531496466,41.70521962397879,0.40869944728910923,0.9658592217601836,0.03992385230958462
2026-04-23 07:30:12.900,3509420.5891552637,779113.8806973222,5250978.724061743,-41322.38414684392,41.78436108078787,0.044722650200128555,0.37171168252825737,-0.058094849810004234
2026-04-23 07:30:13.000,3509420.6790373498,779114.0850001108,5250978.917159959,-41326.58933424667,40.93105904299255,0.898820860311389,2.0430278859566897,1.9309821538627148
2026-04-23 07:30:13.100,3509420.7486862675,779114.2637632021,5250979.109371279,-41330.77623576503,40.765393932610635,0.6964891776442528,1.7876309133134782,1.9221132062375546
2026-04-23 07:30:13.200,3509420.714561318,779114.3382672381,5250979.069194723,-41335.156172569834,41.3675845886768,-0.3412494948133826,0.7450403599068522,-0.40176556445658207
2026-04-23 07:30:13.300,3509420.6280070576,779114.4064309543,5250979.023496583,-41339.57570365284,41.41535116381008,-0.8655426045879722,0.6816371623426676,-0.456981398165226
2026-04-23 07:30:13.400,3509420.619856986,779114.6027208678,5250979.239778914,-41343.7762810162,40.72700236355863,-0.08150071371346712,1.9628991349600255,2.1628233045339584
2026-04-23 07:30:13.500,3509423.927863618,779117.4246706194,5250982.889906266,-41344.44541528534,44.46236681333256,33.08006631676108,28.219497515819967,36.5012735221535
2026-04-23 07:30:13.600,3509420.712591338,779114.8102938049,5250979.428699402,-41352.24365798034,40.196404149073764,-32.15272279921919,-26.14376814570278,-34.61206863634288
2026-04-23 07:30:13.700,3509420.832305352,779114.97841738,5250979.553731098,-41356.38801925033,39.82136675517531,1.1971401423215866,1.6812357516027987,1.2503169570118189
2026-04-23 07:30:13.800,3509423.791910168,779117.5373153436,5250982.774542609,-41357.43736679798,44.27127837954602,29.596048155799508,25.58897963608615,32.20811511389911
2026-04-23 07:30:13.900,3509423.7873563296,779117.6371604865,5250982.898003846,-41361.660634356806,44.47153108910587,-0.045538381673395634,0.9984514291863889,1.2346123717725277
2026-04-23 07:30:14.000,3509423.816598676,779117.8016713941,5250983.037364186,-41365.87584785339,44.28941194359497,0.2924234652891755,1.6451090760529041,1.3936033938080072
2026-04-23 07:30:14.100,3509423.835545908,779117.92892149,5250983.191920703,-41370.12000096779,44.519049179572605,0.1894723204895854,1.2725009582936764,1.5455651748925447
2026-04-23 07:30:14.200,3509423.8866493567,779118.0808442809,5250983.290564585,-41374.35379472663,44.50094759541355,0.5110344849526882,1.5192279091570526,0.986438812687993
2026-04-23 07:30:14.300,3509423.9063112387,779118.1977661336,5250983.3862968795,-41378.613428831595,45.21770232860791,0.1966188196092844,1.1692185269203037,0.9573229495435953
2026-04-23 07:30:14.400,3509423.895478402,779118.3004933804,5250983.466424883,-41382.88356959614,45.57580877423378,-0.10832836851477623,1.0272724681999534,0.8012800384312868
2026-04-23 07:30:14.500,3509422.2451172164,779118.3224426401,5250978.634518976,-41390.54122975817,46.5377358449922,-16.50361185427755,0.21949259680695832,-48.31905907019973
2026-04-23 07:30:14.600,3509422.2837105477,779118.4489752138,5250978.674290468,-41394.797761253605,46.54268642597317,0.3859333135187626,1.2653257371857762,0.39771491661667824
2026-04-23 07:30:14.700,3509422.2416669596,779118.5639429393,5250978.662769113,-41399.12901756995,46.41466499422991,-0.42043588124215603,1.1496772547252476,-0.11521355248987675
2026-04-23 07:30:14.800,3509422.2260751445,779118.6788866718,5250978.652506214,-41403.48241275879,46.03658177553598,-0.155918151140213,1.1494373250752687,-0.10262899100780487
2026-04-23 07:30:14.900,3509422.210703731,779118.7610764595,5250978.646521299,-41407.84627480547,45.74803379494829,-0.15371413435786963,0.8218978776130825,-0.05984914489090443
2026-04-23 07:30:15.000,3509422.193231215,779118.8987839253,5250978.6748066405,-41412.14018387936,45.30053639441688,-0.17472516279667616,1.3770746579393744,0.2828534133732319
2026-04-23 07:30:15.100,3509422.141514326,779119.0351647452,5250978.728770905,-41416.40410200377,45.05152753865867,-0.5171688878908753,1.3638081983663142,0.5396426469087601
2026-04-23 07:30:15.200,3509420.5681702057,779118.8628568581,5250978.61048413,-41421.71138222069,37.162329874891356,-15.733441202901304,-1.7230788711458445,-1.1828677542507648
2026-04-23 07:30:15.300,3509420.5808513127,779118.9435502132,5250978.649982238,-41426.04794414264,37.29334250885695,0.1268110703676939,0.806933551793918,0.3949810843914747
2026-04-23 07:30:15.400,3509420.5145487557,779119.0280232533,5250978.6123133,-41430.42459718836,37.46923316828117,-0.663025570102036,0.8447304007131606,-0.3766893781721592
2026-04-23 07:30:15.500,3509420.465297073,779119.1583444972,5250978.640464048,-41434.738261698534,37.33950787373551,-0.49251682590693235,1.3032124389428645,0.28150747530162334
2026-04-23 07:30:15.600,3509420.422741712,779119.262229579,5250978.6844201945,-41439.028611912414,37.13165070599484,-0.42555361054837704,1.0388508182950318,0.439561465755105
2026-04-23 07:30:15.700,3509420.4138483647,779119.3532884311,5250978.760995995,-41443.30055402794,37.004561189018446,-0.08893347345292568,0.9105885203462094,0.7657580077648163
2026-04-23 07:30:15.800,3509420.439871795,779119.4745411074,5250978.741012169,-41447.59347810473,36.633442536497995,0.2602343028411269,1.2125267635565251,-0.19983826205134392
2026-04-23 07:30:15.900,3509420.437448286,779119.6018555574,5250978.723219335,-41451.88509107952,36.466159981654116,-0.024235090240836143,1.2731444998644292,-0.17792833968997002
2026-04-23 07:30:16.000,3509420.438316229,779119.7222301112,5250978.684908824,-41456.204137899964,36.463462600349494,0.00867942813783884,1.2037455383688211,-0.3831051103770733
2026-04-23 07:30:16.100,3509420.4632644434,779119.8485078462,5250978.724484146,-41460.4990716047,36.27916602988833,0.24948214646428823,1.2627773499116302,0.3957532159984112
2026-04-23 07:30:16.200,3509420.465041449,779119.9627440324,5250978.786326082,-41464.78509402619,36.06538054806504,0.017770053818821907,1.1423618614207953,0.6184193678200245
2026-04-23 07:30:16.300,3509421.940617097,779120.2941608537,5250978.986091404,-41468.11676511553,43.34326655454834,14.755756482481956,3.3141682134009898,1.997653217986226
2026-04-23 07:30:16.400,3509421.9760105656,779120.4042041053,5250978.987956595,-41472.40585953251,43.36035536100104,0.3539346856996417,1.1004325153771788,0.01865190453827381
2026-04-23 07:30:16.500,3509421.959829781,779120.5121615205,5250978.96058235,-41476.72469686286,43.23770351371946,-0.16180784441530704,1.0795741528272629,-0.27374244295060635
2026-04-23 07:30:16.600,3509421.936195729,779120.5865133916,5250978.925792684,-41481.02452229725,43.36475799061767,-0.23634052369743586,0.7435187103692442,-0.34789666533470154
2026-04-23 07:30:16.700,3509421.9233204997,779120.7012366948,5250978.922926343,-41485.32908173995,43.3774339271789,-0.12875229120254517,1.1472330323886126,-0.028663408011198044
2026-04-23 07:30:16.800,3509421.9255535407,779120.7843319534,5250978.8637572015,-41489.667627136616,43.21181800489491,0.022330409847199917,0.8309525856748223,-0.5916914157569408
2026-04-23 07:30:16.900,3509421.921366529,779120.8960439886,5250978.835046485,-41493.982308384984,43.13221067750678,-0.041870116256177425,1.1171203525736928,-0.28710716404020786
2026-04-23 07:30:17.000,3509421.9337011273,779121.0265256662,5250978.82486916,-41498.2975132757,43.165073212047524,0.1233459822833538,1.3048167759552598,-0.10177325457334518
2026-04-23 07:30:17.100,3509421.9938936983,779121.143707845,5250978.843218723,-41502.597957286205,42.98583919677309,0.6019257102161646,1.1718217877205461,0.1834956370294094
2026-04-23 07:30:17.200,3509422.018229412,779121.2546430675,5250978.856346791,-41506.910827729975,42.847395864661785,0.2433571359142661,1.1093522247392684,0.1312806736677885
2026-04-23 07:30:17.300,3509421.9708046312,779121.37391583,5250978.8434114065,-41511.25662851183,43.023387808573425,-0.47424780670553446,1.1927276256028563,-0.12935384176671505
2026-04-23 07:30:17.400,3509422.0002510934,779121.4983721487,5250978.868941339,-41515.543516507096,43.130350589913476,0.2944646216928959,1.2445631867740303,0.25529932230710983
2026-04-23 07:30:17.500,3509422.080208786,779121.6907047825,5250978.956712719,-41519.76689724884,42.980291969998106,0.7995769241824746,1.923326337710023,0.8777138032019138
2026-04-23 07:30:17.600,3509422.1027772306,779121.8370360483,5250978.977734708,-41524.06160785089,43.113630974628975,0.22568444721400738,1.4633126580156386,0.21021989174187183
2026-04-23 07:30:17.700,3509422.136094163,779121.9811783966,5250979.007608135,-41528.33570042063,43.103097631167934,0.3331693261861801,1.4414234831929207,0.29873427003622055
2026-04-23 07:30:17.800,3509422.1265384215,779122.0884310113,5250978.957905182,-41532.657344446074,43.48934906654279,-0.09555741678923368,1.0725261468905956,-0.49702953547239304
2026-04-23 07:30:17.900,3509422.1591498028,779122.1898915259,5250978.885536364,-41536.99723885715,43.62492983399746,0.3261138126254082,1.0146051459014416,-0.7236881740391254
2026-04-23 07:30:18.000,3509422.181380742,779122.2922619943,5250978.831664121,-41541.34145853016,43.57400370396294,0.22230939473956823,1.0237046843394637,-0.5387224350124598
2026-04-23 07:30:18.100,3509422.220633809,779122.3943994523,5250978.884122025,-41545.62731485536,43.468944168962096,0.3925306675955653,1.0213745792862028,0.524579044431448
2026-04-23 07:30:18.200,3509422.21737455,779122.4563109381,5250978.817147497,-41549.990213006946,43.176730754687746,-0.03259258810430765,0.6191148585639894,-0.6697452813386917
2026-04-23 07:30:18.300,3509422.121758694,779122.3217282573,5250983.444085299,-41552.12953504772,36.58324722824197,-0.9561585634946823,-1.3458268076647073,46.2693780194968
2026-04-23 07:30:18.400,3509422.061396105,779122.4094209778,5250983.417319255,-41556.48896237897,36.46395548482982,-0.6036258861422539,0.876927204662934,-0.26766044087707996
2026-04-23 07:30:18.500,3509421.9420759757,779122.4576525976,5250983.361899094,-41560.90886051743,36.8423381800454,-1.1932012951001525,0.48231619759462774,-0.5542016122490168
2026-04-23 07:30:18.600,3509421.8827653867,779122.5529569854,5250983.300933727,-41565.302522015045,37.19867345788685,-0.5931058898568153,0.953043878544122,-0.6096536666154861
2026-04-23 07:30:18.700,3509421.80185471,779122.6606760739,5250983.203598059,-41569.720797544185,37.121177125088415,-0.8091067662462592,1.0771908843889832,-0.9733566828072071
2026-04-23 07:30:18.800,3509421.726845055,779122.7775092166,5250983.071420241,-41574.152199496006,36.97199663210561,-0.7500965520739555,1.1683314270339906,-1.3217781763523817
2026-04-23 07:30:18.900,3509421.6117229634,779122.8432474177,5250982.912610286,-41578.630312438145,37.14397408896127,-1.1512209149077535,0.6573820114135742,-1.5880995523184538
2026-04-23 07:30:19.000,3509421.478671842,779122.9401576989,5250982.807297461,-41583.06996115992,37.18158552926277,-1.3305112160742283,0.9691028122324497,-1.0531282518059015
2026-04-23 07:30:19.100,3509421.4301738073,779123.0294791528,5250982.767686212,-41587.442451384384,37.13150725594834,-0.48498034477233887,0.8932145382277668,-0.39611248299479485
2026-04-23 07:30:19.200,3509421.387897429,779123.1371005534,5250982.744422537,-41591.80075604399,36.92945928365953,-0.42276378255337477,1.0762140061706305,-0.23263675160706043
2026-04-23 07:30:19.300,3509421.34079079,779123.2267998158,5250982.739221821,-41596.171082141154,36.69865002994332,-0.4710663901641965,0.8969926240388304,-0.0520071666687727
2026-04-23 07:30:19.400,3509421.266687551,779123.296813233,5250982.736023739,-41600.5387786509,36.7686856169515,-0.7410323899239302,0.700134172802791,-0.03198081627488136
2026-04-23 07:30:19.500,3509421.2444180045,779123.3920212503,5250982.66574599,-41604.903037387674,36.848538128941385,-0.22269546519964933,0.9520801727194339,-0.702777486294508
2026-04-23 07:30:19.600,3509421.200806721,779123.5161591481,5250982.616052591,-41609.2699986138,37.22161856502402,-0.4361128341406584,1.2413789774291217,-0.49693399108946323
2026-04-23 07:30:19.700,3509421.1342588607,779123.6471489148,5250982.577695203,-41613.63805255836,37.34420967676369,-0.6654786039143801,1.309897666797042,-0.38357388228178024
2026-04-23 07:30:19.800,3509421.063860602,779123.7565051174,5250982.58935127,-41617.99810385286,37.64658839789363,-0.7039825851097703,1.0935620265081525,0.11656067334115505
2026-04-23 07:30:19.900,3509421.0456587235,779123.8847458392,5250982.64388726,-41622.31034785619,37.857852663258285,-0.18201878760010004,1.2824072176590562,0.5453598964959383
2026-04-23 07:30:20.000,3509421.0283471677,779123.9928540454,5250982.624799285,-41626.64639100993,37.786931257809144,-0.17311555799096823,1.0810820618644357,-0.19087974913418293
2026-04-23 07:30:20.100,3509421.045388312,779124.116882846,5250982.654628933,-41630.938766857726,37.621708118472334,0.1704114442691207,1.2402880063746125,0.29829648323357105
2026-04-23 07:30:20.200,3509421.0658311876,779124.240043193,5250982.667174376,-41635.244769939505,37.48458588857165,0.20442875567823648,1.2316034699324518,0.12545442208647728
2026-04-23 07:30:20.300,3509420.9881671057,779124.2932297232,5250982.602813322,-41639.63986040103,37.45715909302044,-0.7766408193856478,0.5318653024733067,-0.6436105351895094
2026-04-23 07:30:20.400,3509420.9491626136,779124.3628711514,5250982.577019289,-41644.00905470841,37.53598422270134,-0.3900449210777879,0.6964142818469554,-0.2579403296113014
2026-04-23 07:30:20.500,3509419.6381674646,779124.4547942496,5250977.895797555,-41651.396360619714,37.06594281728714,-13.10995148960501,0.9192309819627553,-46.81221733801067
2026-04-23 07:30:20.600,3509419.559455624,779124.537828209,5250977.935856591,-41655.75677602257,37.56630449175709,-0.7871184078976512,0.8303395938128233,0.40059035643935204
2026-04-23 07:30:20.700,3509419.464937731,779124.6360348004,5250977.906205507,-41660.14966289572,37.74353614363705,-0.9451789269223809,0.9820659144315869,-0.2965108398348093
2026-04-23 07:30:20.800,3509419.4157024915,779124.7507441986,5250977.911437362,-41664.49107359869,37.892121723832574,-0.4923523962497711,1.1470939812716097,0.05231855437159538
2026-04-23 07:30:20.900,3509419.342737883,779124.8490550912,5250977.926363177,-41668.83310429971,38.05395506128616,-0.7296460866928101,0.9831089258659631,0.14925814233720303
2026-04-23 07:30:21.000,3509419.294772984,779124.9430025411,5250977.935541151,-41673.175851905966,38.02504808198897,-0.47964898869395256,0.9394744993187487,0.09177974425256252
2026-04-23 07:30:21.100,3509419.2774967616,779125.0491309112,5250977.8951820405,-41677.529268572434,37.913075245641146,-0.17276222351938486,1.0612837015651166,-0.40359110571444035
2026-04-23 07:30:21.200,3509419.2247888874,779125.1135879951,5250977.942637663,-41681.86312770589,37.72660936269487,-0.5270787421613932,0.6445708381943405,0.474556228145957
2026-04-23 07:30:21.300,3509419.1907767206,779125.2132728875,5250977.910075653,-41686.21762432152,37.531520073146766,-0.34012166783213615,0.9968489245511591,-0.325620099902153
2026-04-23 07:30:21.400,3509419.1682358338,779125.3766008507,5250977.828450177,-41690.56676458772,37.59647842066493,-0.22540886886417866,1.6332796320784837,-0.8162547647953033
2026-04-23 07:30:21.500,3509419.154012127,779125.5630193648,5250977.823251102,-41694.88920505953,37.55403711422994,-0.14223706908524036,1.864185141166672,-0.05199074745178223
2026-04-23 07:30:21.600,3509419.1539470274,779125.7511523222,5250977.87555571,-41699.17137138676,37.22652206345152,-0.0006509944796562195,1.88132957322523,0.5230460781604052
2026-04-23 07:30:21.700,3509419.104761718,779125.8823899536,5250977.857541266,-41703.51528477195,37.30527951288774,-0.49185309559106827,1.3123763143084943,-0.18014444038271904
2026-04-23 07:30:21.800,3509419.069014508,779126.0457586608,5250977.8841473255,-41707.83194382637,37.36783453836209,-0.35747210029512644,1.6336870717350394,0.266060596331954
2026-04-23 07:30:21.900,3509419.1277784896,779126.2451881559,5250977.970253678,-41712.08270828271,37.084622150139,0.5876398179680109,1.9942949514370412,0.8610635250806808
2026-04-23 07:30:22.000,3509419.1927904245,779126.4579683084,5250978.017158647,-41716.34399854097,36.89594612174367,0.6501193484291434,2.127801524475217,0.4690496902912855
2026-04-23 07:30:22.100,3509419.183666281,779126.631254169,5250977.972164167,-41720.68281212286,37.1598310489678,-0.0912414351478219,1.732858606847003,-0.4499447997659445
2026-04-23 07:30:22.200,3509419.1131900377,779126.7858113685,5250977.995141479,-41725.02986256275,37.08858578482768,-0.7047624327242374,1.5455719945020974,0.22977312095463276
2026-04-23 07:30:22.300,3509419.0738517204,779126.9342907132,5250978.036511822,-41729.30882290475,36.896815036200145,-0.3933831723406911,1.4847934467252344,0.4137034248560667
2026-04-23 07:30:22.400,3509419.0298330407,779127.0855901131,5250977.973923012,-41733.66281588076,36.67145202312118,-0.4401867976412177,1.5129939990583807,-0.6258880998939276
2026-04-23 07:30:22.500,3509418.9669345203,779127.2617554746,5250977.9745752355,-41738.02075456167,36.55956815735762,-0.6289852038025856,1.7616536153946072,0.006522238254547119
2026-04-23 07:30:22.600,3509418.888165936,779127.4276649194,5250978.0508629,-41742.33176011668,36.58137526487162,-0.7876858441159129,1.6590944479685277,0.7628766447305679
2026-04-23 07:30:22.700,3509418.8119992125,779127.5807521624,5250978.103848949,-41746.67334113921,36.831919317404974,-0.7616672338917851,1.5308724297210574,0.5298604909330606
2026-04-23 07:30:22.800,3509418.7267783796,779127.7191240825,5250978.091073002,-41751.04169693651,36.97185906381843,-0.8522083284333348,1.3837192009668797,-0.12775947339832783
2026-04-23 07:30:22.900,3509418.7183707696,779127.8691412141,5250978.107895066,-41755.34554373,37.1071292426681,-0.0840761000290513,1.500171315856278,0.1682206429541111
2026-04-23 07:30:23.000,3509418.6468449077,779128.0055518472,5250978.029906446,-41759.726049611556,37.46629900255228,-0.7152586197480559,1.3641063310205936,-0.7798861991614103
2026-04-23 07:30:23.100,3509418.643249053,779128.1362191578,5250977.91888049,-41764.09730099016,37.59059777501595,-0.035958546213805676,1.3066731067374349,-1.1102595645934343
2026-04-23 07:30:23.200,3509418.667815089,779128.3288473164,5250977.855790301,-41768.420879427205,37.709829078104086,0.2456603618338704,1.9262815860565752,-0.6309018842875957
2026-04-23 07:30:23.300,3509418.6542489068,779128.523990822,5250977.872639077,-41772.71987842973,37.52889445906011,-0.135661824606359,1.951435055816546,0.16848775558173656
2026-04-23 07:30:23.400,3509418.678777081,779128.7084033764,5250977.8879628815,-41777.01074967447,37.57175652486048,0.24528174195438623,1.8441255437210202,0.15323804691433907
2026-04-23 07:30:23.500,3509418.6990512833,779128.8860529555,5250977.902863633,-41781.30526618211,37.63018021304607,0.20274202339351177,1.7764957912731916,0.14900751411914825
2026-04-23 07:30:23.600,3509418.6882190355,779129.0585439268,5250977.899270829,-41785.639596509696,37.85972353320392,-0.10832247789949179,1.7249097127933055,-0.035928040742874146
2026-04-23 07:30:23.700,3509418.6915557943,779129.2176999525,5250977.876124535,-41789.95589718272,37.91856376695732,0.03336758818477392,1.591560257365927,-0.23146294057369232
2026-04-23 07:30:23.800,3509418.6518356134,779129.3247237253,5250977.883596727,-41794.28595915244,38.16496662653685,-0.3972018091008067,1.0702377278357744,0.0747219193726778
2026-04-23 07:30:23.900,3509418.6293979953,779129.4499022743,5250977.978734731,-41798.576522194526,38.265054404846715,-0.22437618114054203,1.251785489730537,0.9513800404965878
2026-04-23 07:30:24.000,3509418.646909203,779129.5880681495,5250978.008127858,-41802.88107185261,37.983277910361764,0.1751120761036873,1.3816587522160262,0.2939312718808651
2026-04-23 07:30:24.100,3509418.6591102793,779129.7445129333,5250977.972314207,-41807.23550979871,38.16725393479875,0.12201076373457909,1.564447837881744,-0.35813651047647
2026-04-23 07:30:24.200,3509418.6404260052,779129.9020384883,5250977.966675831,-41811.581481849884,38.397395941086344,-0.18684274051338434,1.5752555499784648,-0.056383758783340454
2026-04-23 07:30:24.300,3509418.646480493,779130.0443538483,5250977.946931925,-41815.906458068865,38.71302467235965,0.0605448754504323,1.4231536001898348,-0.1974390633404255
2026-04-23 07:30:24.400,3509418.661472216,779130.1734317003,5250977.968181056,-41820.19539617451,38.68748737007605,0.14991723001003265,1.29077852005139,0.21249131299555302
2026-04-23 07:30:24.500,3509418.6280725505,779130.2898195382,5250977.9915773645,-41824.5178907906,38.624993999751496,-0.33399665262550116,1.163878379156813,0.23396308533847332
2026-04-23 07:30:24.600,3509418.6701965057,779130.4693067863,5250978.058107332,-41828.77753525981,38.18933571007988,0.42123955208808184,1.7948724806774408,0.665299678221345
2026-04-23 07:30:24.700,3509418.6709498945,779130.623709095,5250978.091945549,-41833.07367025914,37.98596529631562,0.007533887401223183,1.5440230863168836,0.33838216215372086
2026-04-23 07:30:24.800,3509418.6014130227,779130.7639329403,5250978.083605792,-41837.4252668894,37.966573139852905,-0.6953687174245715,1.4022384537383914,-0.08339756168425083
2026-04-23 07:30:24.900,3509418.5396351833,779130.9069632493,5250978.052227081,-41841.77334968821,37.92908746567659,-0.6177783943712711,1.4303030900191516,-0.31378711573779583
2026-04-23 07:30:25.000,3509418.5802357444,779131.0782511042,5250978.075331392,-41846.077528199705,37.5590720195735,0.4060056107118726,1.7128785490058362,0.2310431096702814
2026-04-23 07:30:25.100,3509418.6976416567,779131.2761082328,5250978.148906738,-41850.31228440635,37.03109089200963,1.1740591237321496,1.9785712857265025,0.735753457993269
2026-04-23 07:30:25.200,3509418.6987165012,779131.4018350206,5250978.086591817,-41854.649250188886,37.155469258231825,0.010748445056378841,1.2572678783908486,-0.6231492012739182
2026-04-23 07:30:25.300,3509418.685429941,779131.5412861633,5250978.068697093,-41858.95868871883,37.33824338822949,-0.132865603081882,1.394511426333338,-0.17894724383950233
2026-04-23 07:30:25.400,3509418.5800384576,779131.6659988586,5250977.9626456415,-41863.36233290098,37.542530314067115,-1.0539148328825831,1.247126953676343,-1.0605145152658224
2026-04-23 07:30:25.500,3509418.554168708,779131.7993806595,5250977.878894136,-41867.74888404801,37.74192433227463,-0.2586974948644638,1.3338180084247142,-0.83751505240798
2026-04-23 07:30:25.600,3509418.4925539354,779131.9328701921,5250977.850256038,-41872.1423106342,38.15142881219204,-0.6161477277055383,1.3348953262902796,-0.28638098388910294
2026-04-23 07:30:25.700,3509418.5112749343,779132.1177443169,5250977.922369713,-41876.43765290896,38.3668032481616,0.18720998894423246,1.8487412482500076,0.7211367506533861
2026-04-23 07:30:25.800,3509418.4495090917,779132.2517811704,5250977.893813667,-41880.814840670646,38.69171070133212,-0.617658426053822,1.340368534438312,-0.28556046076118946
2026-04-23 07:30:25.900,3509418.4074662076,779132.3848229925,5250977.898577308,-41885.16174305458,39.02221754890869,-0.42042884044349194,1.3304182211868465,0.04763641394674778
2026-04-23 07:30:26.000,3509418.412865529,779132.5401513976,5250977.891650541,-41889.478318871144,39.183222742303045,0.053993212059140205,1.5532840508967638,-0.06926767528057098
2026-04-23 07:30:26.100,3509418.3841745337,779132.6517403834,5250977.858959973,-41893.86438490246,39.33793024121881,-0.28690995182842016,1.115889857755974,-0.32690567895770073
2026-04-23 07:30:26.200,3509418.3983895876,779132.7647635752,5250977.884806727,-41898.17406493662,39.23145665863754,0.14215053990483284,1.1302319180686027,0.2584675420075655
2026-04-23 07:30:26.300,3509418.4553754,779132.9105942412,5250977.918533351,-41902.459850083644,39.209305543200124,0.5698581226170063,1.4583066606428474,0.33726624213159084
2026-04-23 07:30:26.400,3509418.506492514,779133.1032146573,5250977.950291292,-41906.73035471912,39.18595539581415,0.5111711425706744,1.9262041605543345,0.3175794053822756
2026-04-23 07:30:26.500,3509418.5646253503,779133.2679523857,5250977.966887527,-41911.00328565526,39.176231443548836,0.5813283612951636,1.6473772842437029,0.165962353348732
2026-04-23 07:30:26.600,3509418.5773969614,779133.4347843408,5250977.917123791,-41915.33884686477,39.211684272080916,0.12771611101925373,1.6683195508085191,-0.49763736315071583
2026-04-23 07:30:26.700,3509418.6088188454,779133.6373112114,5250977.951723387,-41919.62198000478,38.9942527390533,0.3142188396304846,2.0252687064930797,0.3459959663450718
2026-04-23 07:30:26.800,3509418.5902730753,779133.7835978101,5250977.897453302,-41924.00251043936,38.95421231869567,-0.18545770086348057,1.4628659863956273,-0.5427008587867022
2026-04-23 07:30:26.900,3509418.5217759153,779133.904129664,5250977.812366906,-41928.40806059954,38.9984875288791,-0.6849715998396277,1.205318538704887,-0.8508639596402645
2026-04-23 07:30:27.000,3509418.4446536587,779134.0123921543,5250977.7776156925,-41932.78935860538,38.7157961177184,-0.771222566254437,1.082624903647229,-0.34751213155686855
2026-04-23 07:30:27.100,3509418.3862901437,779134.1396402121,5250977.761437464,-41937.15183318314,38.60784350635717,-0.5836351495236158,1.2724805774632841,-0.1617822889238596
2026-04-23 07:30:27.200,3509418.314377772,779134.2629471505,5250977.724972458,-41941.53788262518,38.5729781317635,-0.7191237155348063,1.233069384470582,-0.36465005949139595
2026-04-23 07:30:27.300,3509418.2618317734,779134.3640782897,5250977.639888751,-41945.95068627112,38.63328515304312,-0.5254599871113896,1.0113113920670003,-0.8508370630443096
2026-04-23 07:30:27.400,3509418.254300057,779134.4736583253,5250977.573228653,-41950.34183308413,38.42959593178647,-0.07531716488301754,1.0958003555424511,-0.6666009873151779
2026-04-23 07:30:27.500,3509418.2401178433,779134.6096182688,5250977.586132287,-41954.6781316241,38.37417824027391,-0.14182213693857193,1.359599435236305,0.1290363445878029
2026-04-23 07:30:27.600,3509418.236810001,779134.7713689355,5250977.548101327,-41959.03633120604,38.55696951380316,-0.03307842183858156,1.6175066668074578,-0.380309596657753
2026-04-23 07:30:27.700,3509418.29054318,779134.9428762054,5250977.6142733395,-41963.313590344595,38.500521243979854,0.5373317888006568,1.7150726995896548,0.6617201212793589
2026-04-23 07:30:27.800,3509418.2956083184,779135.1078494973,5250977.658938077,-41967.61550220486,38.44043648259652,0.05065138451755047,1.6497329191770405,0.4466473776847124
2026-04-23 07:30:27.900,3509418.245474065,779135.2399002913,5250977.607570069,-41972.02660281013,38.63844282418469,-0.5013425322249532,1.3205079396720976,-0.5136800836771727
2026-04-23 07:30:28.000,3509418.2057020366,779135.3467493143,5250977.518625847,-41976.45335981132,39.084865250406516,-0.3977202856913209,1.0684902302455157,-0.8894422184675932
2026-04-23 07:30:28.100,3509418.1426422345,779135.4618319098,5250977.46460572,-41980.84903649393,39.405366382712984,-0.630598021671176,1.1508259549736977,-0.5402012728154659
2026-04-23 07:30:28.200,3509418.1546392944,779135.576716083,5250977.388295805,-41985.21625168688,39.60798347381951,0.11997059918940067,1.1488417314831167,-0.7630991470068693
2026-04-23 07:30:28.300,3509418.252864014,779135.7486409931,5250977.440709193,-41989.4585099856,39.19608231329058,0.9822471952065825,1.7192491015885025,0.5241338815540075
2026-04-23 07:30:28.400,3509418.2960812217,779135.9326375171,5250977.447662678,-41993.74774169724,39.01568054826492,0.4321720777079463,1.8399652396328747,0.06953484378755093
2026-04-23 07:30:28.500,3509418.2787921336,779136.0773026474,5250977.424128611,-41998.07068630792,38.92032253798162,-0.17289088107645512,1.4466513029765338,-0.2353406697511673
2026-04-23 07:30:28.600,3509418.277466846,779136.2229116284,5250977.340956284,-42002.426548614574,39.086146721341926,-0.01325287390500307,1.4560898102354258,-0.8317232690751553
2026-04-23 07:30:28.700,3509418.2867911784,779136.3516305139,5250977.293183281,-42006.77461491886,39.43873120028976,0.09324332233518362,1.2871888547670096,-0.4777300264686346
2026-04-23 07:30:28.800,3509418.2687430046,779136.4256243681,5250977.220091513,-42011.16580809842,39.63194121763742,-0.18048173747956753,0.7399385422468185,-0.730917677283287
2026-04-23 07:30:28.900,3509418.2918579886,779136.54953081,5250977.282134963,-42015.452704394265,39.44880869784332,0.23114983923733234,1.2390644184779376,0.6204344984143972
2026-04-23 07:30:29.000,3509418.355501938,779136.7159153825,5250977.248131885,-42019.784723396355,39.28643519122008,0.6364394957199693,1.6638457251247019,-0.34003078006207943
2026-04-23 07:30:29.100,3509418.417514346,779136.8662285343,5250977.159156911,-42024.154107099916,39.162541777115514,0.6201240792870522,1.503131517674774,-0.8897497411817312
2026-04-23 07:30:29.200,3509418.44658225,779137.0385401836,5250977.183346494,-42028.47679808691,39.31362538435256,0.29067903757095337,1.7231164930853993,0.24189583025872707
2026-04-23 07:30:29.300,3509418.5186061976,779137.1757534388,5250977.140952031,-42032.797738211186,39.39663651048341,0.7202394772320986,1.3721325527876616,-0.4239446297287941
2026-04-23 07:30:29.400,3509418.650989531,779137.3103414383,5250977.111349602,-42037.08101291233,38.981050167092064,1.3238333351910114,1.3458799943327904,-0.29602428898215294
2026-04-23 07:30:29.500,3509418.7112792404,779137.4561797526,5250977.099261366,-42041.40364196848,38.88476597517159,0.6028970936313272,1.4583831431809813,-0.12088236398994923
2026-04-23 07:30:29.600,3509418.7943777153,779137.5997949702,5250977.082906415,-42045.68547784919,38.84957242983482,0.8309847488999367,1.4361521764658391,-0.16354951076209545
2026-04-23 07:30:29.700,3509418.8958597584,779137.738658679,5250977.050146543,-42049.975054214745,38.618445504203905,1.0148204304277897,1.3886370870750397,-0.3275987133383751
2026-04-23 07:30:29.800,3509418.9810258034,779137.8793604138,5250977.012744064,-42054.26531337418,38.47429385555681,0.85166044998914,1.4070173481013626,-0.37402478978037834
2026-04-23 07:30:29.900,3509418.9736994794,779138.0145089235,5250976.913086628,-42058.64699260306,38.37068808153168,-0.07326324004679918,1.351485097547993,-0.9965743683278561
2026-04-23 07:30:30.000,3509419.009120851,779138.1597569317,5250976.844504522,-42063.00537572441,38.13766354830703,0.3542137145996094,1.4524800819344819,-0.6858210545033216
2026-04-23 07:30:30.100,3509419.0296128294,779138.3172081659,5250976.798076918,-42067.350878427766,37.80347308027122,0.20491978619247675,1.5745123417582363,-0.4642760381102562
2026-04-23 07:30:30.200,3509419.010824333,779138.4676651665,5250976.757002881,-42071.70460337892,37.638827150477965,-0.18788496498018503,1.5045700059272349,-0.41074037551879883
2026-04-23 07:30:30.300,3509419.0202655797,779138.6282151357,5250976.704771509,-42076.035878942064,37.639314586541516,0.09441246744245291,1.6054996917955577,-0.5223137140274048
2026-04-23 07:30:30.400,3509418.9814067646,779138.7720486666,5250976.618889458,-42080.409088334025,37.691368412505234,-0.3885881509631872,1.4383353095036,-0.8588205184787512
2026-04-23 07:30:30.500,3509419.0228359187,779138.9098323872,5250976.655834825,-42084.70011451504,37.58552760079807,0.41429154109209776,1.377837206237018,0.36945367231965065
2026-04-23 07:30:30.600,3509419.0768955457,779139.0590337319,5250976.7665774,-42088.94545148878,37.287124025896084,0.5405962700024247,1.4920134469866753,1.1074257548898458
2026-04-23 07:30:30.700,3509419.146282871,779139.2012231678,5250976.814640594,-42093.20127230743,36.92241012427776,0.6938732508569956,1.4218943589366972,0.480631934478879
2026-04-23 07:30:30.800,3509419.22433456,779139.3641449495,5250976.877163003,-42097.449742375604,36.741593439492725,0.7805168908089399,1.629217816516757,0.625224094837904
2026-04-23 07:30:30.900,3509419.2231844165,779139.4550012109,5250976.888485828,-42101.76635681869,36.66956399614978,-0.011501433327794075,0.9085626143496484,0.11322825215756893
2026-04-23 07:30:31.000,3509419.2001840034,779139.5364286473,5250976.809664738,-42106.116502260375,36.606595788780695,-0.23000413086265326,0.8142743643838912,-0.7882109005004168
2026-04-23 07:30:31.100,3509419.197606581,779139.6712435711,5250976.847727387,-42110.39889452576,36.53398442573694,-0.025774226523935795,1.3481492374558002,0.38062648847699165
2026-04-23 07:30:31.200,3509419.1895763795,779139.7794114386,5250976.877821963,-42114.693527587675,36.52432007799068,-0.08030201308429241,1.0816786752548069,0.3009457606822252
2026-04-23 07:30:31.300,3509419.2696690257,779139.9073811136,5250976.906627911,-42118.974880621114,36.35036711590409,0.800926461815834,1.2796967499889433,0.2880594786256552
2026-04-23 07:30:31.400,3509419.356370332,779140.0506902297,5250976.930543738,-42123.228548435305,36.33925054610745,0.8670130651444197,1.4330911613069475,0.2391582727432251
2026-04-23 07:30:31.500,3509419.348612289,779140.1471745138,5250976.94457201,-42127.51961487259,36.207251516087084,-0.07758043240755796,0.9648428403306752,0.14028271660208702
2026-04-23 07:30:31.600,3509419.365787951,779140.2774360019,5250976.977923204,-42131.81339737577,35.70957015700604,0.17175661865621805,1.3026148814242333,0.33351194113492966
2026-04-23 07:30:31.700,3509419.35806974,779140.3995260536,5250976.909600451,-42136.171395579695,35.3844361524597,-0.0771821103990078,1.2209005164913833,-0.6832275353372097
2026-04-23 07:30:31.800,3509419.265251637,779140.4925074438,5250976.778344831,-42140.6081698732,35.58331078228011,-0.9281810279935598,0.9298139018937945,-1.312556192278862
2026-04-23 07:30:31.900,3509419.210632373,779140.5589242289,5250976.69738107,-42145.0076436353,35.5153802485137,-0.5461926385760307,0.6641678512096405,-0.8096376154571772
2026-04-23 07:30:32.000,3509419.1832785853,779140.639343357,5250976.626330691,-42149.382532304466,35.370068266707435,-0.27353787794709206,0.8041912806220353,-0.7105037849396467
2026-04-23 07:30:32.100,3509419.1480306955,779140.7107359829,5250976.614426849,-42153.72880662167,35.467576708506414,-0.35247889813035727,0.7139262591954321,-0.11903841979801655
2026-04-23 07:30:32.200,3509419.113993969,779140.8081421306,5250976.559971904,-42158.10124547183,35.38653607916835,-0.340367266908288,0.9740614774636924,-0.5445494502782822
2026-04-23 07:30:32.300,3509419.155576575,779140.9512016119,5250976.622706176,-42162.367858333906,35.22581125122893,0.4158260626718402,1.4305948128458112,0.627342713996768
2026-04-23 07:30:32.400,3509419.146508243,779141.0067585064,5250976.59463406,-42166.71258307612,35.33345488584851,-0.09068332146853209,0.5555689451284707,-0.2807211596518755
2026-04-23 07:30:32.500,3509419.136961022,779141.0933312145,5250976.591718692,-42171.03901038309,35.35708294207561,-0.09547221008688211,0.865727080963552,-0.029153674840927124
2026-04-23 07:30:32.600,3509419.169888056,779141.1756810208,5250976.622161286,-42175.35037118588,35.421802688445666,0.32927033957093954,0.8234980632551014,0.3044259361922741
2026-04-23 07:30:32.700,3509419.1252829754,779141.238258037,5250976.569943695,-42179.73467075669,35.51986179818165,-0.44605080503970385,0.6257701618596911,-0.5221759062260389
2026-04-23 07:30:32.800,3509419.065579819,779141.3327639366,5250976.548960506,-42184.10907038334,35.47278858862635,-0.5970315635204315,0.9450589958578348,-0.20983189344406128
2026-04-23 07:30:32.900,3509419.0363200638,779141.4189602375,5250976.4863514,-42188.48096870139,35.52301110991686,-0.2925975527614355,0.8619630092289299,-0.6260910630226135
2026-04-23 07:30:33.000,3509418.9449818674,779141.5253534034,5250976.418367173,-42192.86662450437,35.644892210856746,-0.9133819630369544,1.0639316588640213,-0.6798422709107399
2026-04-23 07:30:33.100,3509418.865049128,779141.5956884432,5250976.322573309,-42197.27715901618,35.57260572005794,-0.7993273949250579,0.7033503975253552,-0.9579386375844479
2026-04-23 07:30:33.200,3509418.7915485282,779141.6927130071,5250976.258018852,-42201.66529325462,35.64829921026505,-0.7350059971213341,0.9702456393279135,-0.6455445662140846
2026-04-23 07:30:33.300,3509418.7552818484,779141.8124871561,5250976.292107517,-42205.95411787118,35.67242240767952,-0.36266679875552654,1.1977414903230965,0.34088664688169956
2026-04-23 07:30:33.400,3509418.704517538,779141.9047726104,5250976.264187319,-42210.31098184815,35.613790071028724,-0.5076431017369032,0.9228545427322388,-0.279201976954937
2026-04-23 07:30:33.500,3509418.6355704134,779141.9829565252,5250976.132735705,-42214.73197601692,35.92879888078349,-0.6894712476059794,0.7818391476757824,-1.3145161420106888
2026-04-23 07:30:33.600,3509418.5458249794,779142.0731185287,5250976.092790515,-42219.12202435394,36.053426417858894,-0.8974543400108814,0.9016200352925807,-0.39945189841091633
2026-04-23 07:30:33.700,3509418.5430046148,779142.2327620623,5250976.078169739,-42223.46013649516,35.981608265087885,-0.028203646652400494,1.5964353363960981,-0.14620776288211346
2026-04-23 07:30:33.800,3509418.558996223,779142.3548983308,5250975.971116192,-42227.84341229772,36.0816546601473,0.15991608146578074,1.221362684154883,-1.070535471662879
2026-04-23 07:30:33.900,3509418.5675429343,779142.4343871629,5250976.01815679,-42232.154442057275,36.227317849921135,0.08546711411327124,0.7948883215431124,0.4704059846699238
2026-04-23 07:30:34.000,3509418.577185868,779142.50562648,5250976.085940375,-42236.450715867126,36.355672272252434,0.09642933495342731,0.7123931706883013,0.6778358481824398
2026-04-23 07:30:34.100,3509418.5750440364,779142.5982928762,5250976.061127647,-42240.775147705004,36.58159341053063,-0.021418314427137375,0.9266639617271721,-0.248127281665802
2026-04-23 07:30:34.200,3509418.588222052,779142.730525974,5250976.082678594,-42245.083360895165,36.856334317604066,0.1317801559343934,1.3223309780005366,0.2155094686895609
2026-04-23 07:30:34.300,3509418.5570433363,779142.848128268,5250976.106908249,-42249.43312120242,36.838459532238666,-0.31178715638816357,1.1760229407809675,0.24229655042290688
2026-04-23 07:30:34.400,3509418.553255286,779142.9143829667,5250976.139333461,-42253.760761572456,36.70482981671402,-0.03788050264120102,0.6625469867140055,0.32425212673842907
2026-04-23 07:30:34.500,3509418.542524131,779142.9553041426,5250976.071977085,-42258.12175021863,36.69458716155371,-0.10731155052781105,0.40921175852417946,-0.6735637597739697
2026-04-23 07:30:34.600,3509418.533252037,779143.0001911814,5250976.030484623,-42262.47157417326,36.549059582335026,-0.09272093884646893,0.4488703887909651,-0.41492462158203125
2026-04-23 07:30:34.700,3509418.461512807,779143.0561631885,5250976.044780174,-42266.83014988446,36.756482037206496,-0.7173923030495644,0.5597200710326433,0.14295550994575024
2026-04-23 07:30:34.800,3509418.442520784,779143.117895299,5250976.029259523,-42271.183178330015,36.8628457731516,-0.1899202261120081,0.617321104509756,-0.15520650893449783
2026-04-23 07:30:34.900,3509418.3728506863,779143.1316272095,5250975.931932366,-42275.61021163087,36.919549954162534,-0.6967009790241718,0.13731910497881472,-0.973271569237113
2026-04-23 07:30:35.000,3509418.35846092,779143.1778905356,5250975.925830701,-42279.94630825777,36.81969830210564,-0.1438976638019085,0.4626332607585937,-0.06101665087044239
2026-04-23 07:30:35.100,3509418.382889239,779143.3345827721,5250976.080104356,-42284.05822513941,36.58899971792154,0.24428319185972214,1.566922365454957,1.5427365433424711
2026-04-23 07:30:35.200,3509418.4772110414,779143.536622135,5250976.274329386,-42288.106701660174,36.44859244097238,0.9432180225849152,2.020393628627062,1.9422503001987934
2026-04-23 07:30:35.300,3509418.5206729113,779143.6575823325,5250976.359187054,-42292.2500700047,36.35895934822117,0.43461869936436415,1.2096019752789289,0.8485766872763634
2026-04-23 07:30:35.400,3509418.543302107,779143.7313382714,5250976.340152352,-42296.42905032575,36.34524043507934,0.2262919582426548,0.7375593890901655,-0.19034702330827713
2026-04-23 07:30:35.500,3509418.5489915684,779143.8145977572,5250976.361322663,-42300.635303863106,36.362803302119765,0.05689461249858141,0.8325948577839881,0.2117031067609787
2026-04-23 07:30:35.600,3509418.6035933876,779143.8199347814,5250976.383184566,-42304.97166525812,36.45867146532662,0.5460181925445795,0.053370242239907384,0.21861903369426727
2026-04-23 07:30:35.700,3509418.654333249,779143.8217955661,5250976.4268084075,-42309.30085269292,36.61388277822362,0.507398615591228,0.018607847159728408,0.43623841367661953
2026-04-23 07:30:35.800,3509418.7044147197,779143.857962381,5250976.448033012,-42313.6248344277,36.6626388487786,0.5008147051557899,0.3616681485436857,0.21224604919552803
2026-04-23 07:30:35.900,3509418.7883828324,779143.9532133788,5250976.518785189,-42317.90518533834,36.67789821977949,0.8396811271086335,0.952509978087619,0.7075217645615339
2026-04-23 07:30:36.000,3509418.865531718,779144.0155817225,5250976.520312835,-42322.22109322741,36.5446882046115,0.7714888546615839,0.623683437006548,0.015276465564966202
2026-04-23 07:30:36.100,3509418.8401810233,779144.0491489224,5250976.421013833,-42326.6488045795,36.57655718153905,-0.2535069454461336,0.3356719994917512,-0.9929900243878365
2026-04-23 07:30:36.200,3509418.850692323,779144.1432540594,5250976.393170047,-42331.021943226966,36.481711106904235,0.10511299595236778,0.9410513693001121,-0.27843786403536797
2026-04-23 07:30:36.300,3509418.8772754753,779144.232562289,5250976.404163453,-42335.364124168096,36.19821614939595,0.2658315235748887,0.8930822962429374,0.10993406176567078
2026-04-23 07:30:36.400,3509418.8293907647,779144.2740219829,5250976.356528592,-42339.75618162287,36.319574872987396,-0.47884710598737,0.41459693922661245,-0.4763486050069332
2026-04-23 07:30:36.500,3509418.8236560854,779144.341479216,5250976.300976589,-42344.12583224871,36.48058054043992,-0.05734679289162159,0.6745723308995366,-0.5555200297385454
2026-04-23 07:30:36.600,3509418.800411611,779144.4192045504,5250976.15734277,-42348.56653274561,36.741045393406424,-0.23244474548846483,0.7772533444222063,-1.4363381918519735
2026-04-23 07:30:36.700,3509418.8119180603,779144.5100336734,5250976.055984793,-42352.961272996865,37.11128750068657,0.11506449431180954,0.9082912292797118,-1.0135797690600157
2026-04-23 07:30:36.800,3509418.823040318,779144.5855969195,5250976.008065369,-42357.3218150727,37.287288681963695,0.1112225791439414,0.755632461514324,-0.4791942425072193
2026-04-23 07:30:36.900,3509418.872197528,779144.6282365702,5250975.986614547,-42361.641735194586,37.470916687683605,0.4915720969438553,0.4263965063728392,-0.21450822241604328
2026-04-23 07:30:37.000,3509418.8917834954,779144.6828864471,5250975.942337777,-42365.97646809408,37.625233088044766,0.19585967529565096,0.5464987689629197,-0.44276769272983074
2026-04-23 07:30:37.100,3509418.9045231435,779144.7400720749,5250975.8998741945,-42370.31972687205,37.78521321793414,0.1273964811116457,0.5718562786933035,-0.42463582940399647
2026-04-23 07:30:37.200,3509418.923028759,779144.7766272052,5250975.8675771775,-42374.65890058461,38.067505168542816,0.18505615647882223,0.3655513026751578,-0.3229701705276966
2026-04-23 07:30:37.300,3509418.880880018,779144.8146860157,5250975.833988528,-42379.05264914224,38.15575492147547,-0.4214874096214771,0.3805881051812321,-0.33588649705052376
2026-04-23 07:30:37.400,3509418.8965233816,779144.8384535509,5250975.818897144,-42383.37928494846,48.099195446378985,0.1564336335286498,0.23767535225488245,-0.15091383829712868
2026-04-23 07:30:37.500,3509418.778074576,779144.953495913,5250975.785903242,-42387.79781008757,38.69496816277581,-1.1844880552962422,1.1504236201290041,-0.32993901520967484
2026-04-23 07:30:37.600,3509418.921102661,779145.0415101519,5250975.92182961,-42391.97718567612,48.74281299130114,1.430280851200223,0.8801423897966743,1.359263677150011
2026-04-23 07:30:37.700,3509418.8552758987,779145.153271739,5250975.887686024,-42396.36356797224,39.37476650059749,-0.6582676246762276,1.1176158708985895,-0.34143585711717606
2026-04-23 07:30:37.800,3509418.9422380654,779145.237367505,5250975.895638592,-42400.648108266134,39.32852968182665,0.8696216670796275,0.8409576595295221,0.0795256718993187
2026-04-23 07:30:37.900,3509419.0701760612,779145.3689308343,5250975.981405064,-42404.87017234481,39.127463180851194,1.2793799582868814,1.3156332937069237,0.8576647285372019
2026-04-23 07:30:38.000,3509419.0908811586,779145.4262531238,5250975.938699203,-42409.22150414966,39.12346730574683,0.2070509735494852,0.5732228944543749,-0.4270586185157299
2026-04-23 07:30:38.100,3509419.0316232992,779145.4569679494,5250975.7954370985,-42413.65301317065,38.980558001206276,-0.5925785936415195,0.30714825610630214,-1.4326210413128138
2026-04-23 07:30:38.200,3509418.9420953062,779145.4910751667,5250975.681340145,-42418.088476915815,39.03877618488113,-0.8952799299731851,0.3410721733234823,-1.1409695353358984
2026-04-23 07:30:38.300,3509418.915507877,779145.5647334337,5250975.700932024,-42422.43388191298,38.69823290654284,-0.2658742945641279,0.7365826691966504,0.19591879099607468
2026-04-23 07:30:38.400,3509418.881012536,779145.660178644,5250975.758829001,-42426.75832174356,38.580697452645786,-0.34495340660214424,0.9544521034695208,0.5789697729051113
2026-04-23 07:30:38.500,3509418.912569783,779145.7589223959,5250975.743797409,-42431.07077921789,38.38555031193404,0.31557247042655945,0.9874375187791884,-0.1503159198909998
2026-04-23 07:30:38.600,3509418.981317626,779145.8381750431,5250975.682112968,-42435.38648391024,38.3950711732585,0.6874784268438816,0.7925264723598957,-0.616844417527318
2026-04-23 07:30:38.700,3509418.971323593,779145.9117474888,5250975.634951196,-42439.723595318435,38.245054049466994,-0.09994032792747021,0.7357244566082954,-0.47161771915853024
2026-04-23 07:30:38.800,3509418.9268878344,779145.964868323,5250975.537274696,-42444.10618031373,38.26255277354045,-0.44435758609324694,0.5312083417084068,-0.9767649974673986
2026-04-23 07:30:38.900,3509418.94793533,779146.0339094227,5250975.453752278,-42448.44913400945,38.42548338504107,0.21047495771199465,0.690410997485742,-0.8352241758257151
2026-04-23 07:30:39.000,3509418.989733355,779146.1111816115,5250975.4482449675,-42452.731479796574,38.27357148282586,0.4179802490398288,0.7727218884974718,-0.05507310852408409
2026-04-23 07:30:39.100,3509419.091106184,779146.1732848703,5250975.479641701,-42456.974425056556,47.837715734526505,1.0137282870709896,0.6210325879510492,0.31396733596920967
2026-04-23 07:30:39.200,3509419.074590666,779146.2301632456,5250975.468040142,-42461.29292052398,48.135902555660145,-0.16515517607331276,0.5687837523873895,-0.1160155888646841
2026-04-23 07:30:39.300,3509419.054878206,779146.2893956794,5250975.445272645,-42465.63538680031,48.249791242675336,-0.19712460227310658,0.5923243379220366,-0.22767497226595879
2026-04-23 07:30:39.400,3509419.0905874576,779146.3792255213,5250975.460798531,-42469.926291314296,47.72047022851139,0.35709251649677753,0.8982984197791666,0.15525885857641697
2026-04-23 07:30:39.500,3509419.2361382176,779146.4918616771,5250975.594959021,-42474.08599143553,46.729124768193294,1.455507599748671,1.1263615579809994,1.3416048977524042
2026-04-23 07:30:39.600,3509419.27319655,779146.568200981,5250975.635780672,-42478.342278777214,46.67167972206188,0.37058332469314337,0.7633930386509746,0.4082165099680424
2026-04-23 07:30:39.700,3509419.196931465,779146.6172660541,5250975.5123274755,-42482.76575387693,46.84535087008761,-0.7626508502289653,0.49065073137171566,-1.2345319613814354
2026-04-23 07:30:39.800,3509419.154740094,779146.6900410195,5250975.436327874,-42487.14768870073,46.880030319840685,-0.42191370856016874,0.727749653160572,-0.7599960174411535
2026-04-23 07:30:39.900,3509419.138936091,779146.7442417366,5250975.468237111,-42491.44175079705,47.18437329771179,-0.1580400299280882,0.5420071713160723,0.3190923761576414
2026-04-23 07:30:40.000,3509419.133417411,779146.7748896275,5250975.493687712,-42495.75153329516,47.38229266946704,-0.05518680438399315,0.3064789087511599,0.2545060031116009
2026-04-23 07:30:40.100,3509419.0338453623,779146.845366714,5250975.451146512,-42500.15416953403,47.78018160752396,-0.9957204852253199,0.7047708658501506,-0.425411993637681
2026-04-23 07:30:40.200,3509418.995799719,779146.96250677,5250975.399921179,-42504.52221915098,48.03102277938808,-0.38045643363147974,1.1714005598332733,-0.5122533347457647
2026-04-23 07:30:40.300,3509419.067372326,779147.0596804824,5250975.435469696,-42508.778288961694,47.83842134786712,0.7157260691747069,0.9717371233273298,0.3554851748049259
2026-04-23 07:30:40.400,3509422.541503688,779147.3347316686,5250976.009229573,-42510.7099496007,59.90563788900337,34.741313620470464,2.7505118621047586,5.737598771229386
2026-04-23 07:30:40.500,3509422.5288158576,779147.4739388758,5250976.032572646,-42514.993968088434,59.590644755161634,-0.1268783025443554,1.3920720724854618,0.23343072272837162
2026-04-23 07:30:40.600,3509418.970735981,779147.3685687912,5250975.466454345,-42521.74152183949,47.08352588256582,-35.58079876471311,-1.0537008463870734,-5.661183008924127
2026-04-23 07:30:40.700,3509418.7017313414,779147.4309171501,5250975.451308798,-42526.23755038878,47.49013297139493,-2.690046397037804,0.6234835891518742,-0.1514554675668478
2026-04-23 07:30:40.800,3509418.6853068913,779147.5279910471,5250975.449901427,-42530.578840644164,47.74797981211388,-0.1642445009201765,0.9707389702089131,-0.014073709025979042
2026-04-23 07:30:40.900,3509418.722942833,779147.5994151192,5250975.4129601065,-42534.87623613157,48.07556940551749,0.3763594152405858,0.714240720262751,-0.3694132063537836
2026-04-23 07:30:41.000,3509418.783657367,779147.6494509205,5250975.454740833,-42539.124029457686,47.998304220260394,0.6071453401818871,0.5003580136690289,0.4178072605282068
2026-04-23 07:30:41.100,3509418.79747118,779147.6603166385,5250975.514847972,-42543.39284569612,47.7540962856726,0.13813813216984272,0.10865718009881675,0.6010713987052441
2026-04-23 07:30:41.200,3509418.8869024264,779147.6761168625,5250975.587078316,-42547.62240473236,47.16308000437617,0.8943124627694488,0.15800223918631673,0.7223034370690584
2026-04-23 07:30:41.300,3509418.8772851136,779147.7225926862,5250975.520291346,-42551.97747935548,46.751034150866886,-0.0961731281131506,0.46475823735818267,-0.6678697001188993
2026-04-23 07:30:41.400,3509418.7763176123,779147.7906862376,5250975.468051367,-42556.384692347325,46.80048248551857,-1.0096750129014254,0.6809355143923312,-0.5223997868597507
2026-04-23 07:30:41.500,3509418.767816919,779147.8338751982,5250975.50474374,-42560.68443932147,47.16298793861508,-0.08500693365931511,0.431889605242759,0.36692372523248196
2026-04-23 07:30:41.600,3509418.744831286,779147.8813597158,5250975.536771595,-42564.87746995539,47.168395773033595,-0.22985632997006178,0.47484517679549754,0.32027854584157467
2026-04-23 07:30:41.700,3509418.625506086,779147.9415077596,5250975.471345412,-42569.17349948777,47.46729153759322,-1.1932520009577274,0.6014804379083216,-0.6542618293315172
2026-04-23 07:30:41.800,3509418.502703166,779148.0063473398,5250975.380563868,-42573.4942720111,47.66927949004875,-1.2280291970819235,0.6483958021271974,-0.9078154340386391
2026-04-23 07:30:41.900,3509418.4678259008,779148.060033073,5250975.297239242,-42577.777420499835,47.74469874628843,-0.34877265337854624,0.5368573311716318,-0.833246260881424
2026-04-23 07:30:42.000,3509418.4181842566,779148.0835548147,5250975.318760793,-42582.03058124316,47.634535333701784,-0.4964164411649108,0.23521741735748947,0.21521550603210926
2026-04-23 07:30:42.100,3509418.3925392465,779148.075703688,5250975.295101946,-42586.32735458167,47.473492948148746,-0.2564501017332077,-0.07851126720197499,-0.23658846504986286
2026-04-23 07:30:42.200,3509418.3684707014,779148.1092818449,5250975.212077646,-42590.66103485562,47.69654461734545,-0.2406854508444667,0.3357815695926547,-0.8302430063486099
2026-04-23 07:30:42.300,3509418.3319789623,779148.1600208256,5250975.123604609,-42594.99302110403,47.82395761440396,-0.36491739097982645,0.5073898064438254,-0.8847303688526154
2026-04-23 07:30:42.400,3509418.2506658253,779148.180838919,5250975.001709726,-42599.38439556438,47.86257784219858,-0.8131313696503639,0.20818093442358077,-1.2189488299190998
2026-04-23 07:30:42.500,3509418.2358417553,779148.2017622633,5250974.996173144,-42603.66699200348,47.715046927128334,-0.14824070036411285,0.20923344301991165,-0.05536581389605999
2026-04-23 07:30:42.600,3509419.269281658,779147.6398389575,5250976.560873769,-42606.482033180706,61.307770024336264,10.334399025887251,-5.6192330585327,15.647006249055266
2026-04-23 07:30:42.700,3509421.4709902154,779147.0389132799,5250981.459986299,-42606.985606380746,52.482664749343314,22.01708557549864,-6.00925677572377,48.99112530052662
2026-04-23 07:30:42.800,3509421.3226465844,779147.0599277506,5250981.413597163,-42611.4075130208,52.96488001187524,-1.4834363106638193,0.21014470723457634,-0.463891364634037
2026-04-23 07:30:42.900,3509421.2887224196,779147.055084424,5250981.325972718,-42615.7799320436,52.85243974542162,-0.33924164716154337,-0.048433266347274184,-0.8762444462627172
2026-04-23 07:30:43.000,3509421.257141136,779147.0379312274,5250981.242801376,-42620.15233805923,52.69600764193438,-0.31581283546984196,-0.17153196618892252,-0.8317134249955416
2026-04-23 07:30:43.100,3509421.1676588426,779147.0803537057,5250980.933412575,-42624.41557751093,52.702675171123865,-0.8948229346424341,0.4242247832007706,-3.0938880052417517
2026-04-23 07:30:43.200,3509421.226855126,779147.1052967076,5250980.946787462,-42628.722880766625,52.25100289263689,0.5919628357514739,0.2494300191756338,0.13374886475503445
2026-04-23 07:30:43.300,3509418.511449902,779145.278473866,5250978.837622586,-42635.62415423149,44.514767492573036,-27.154052243568003,-18.26822841539979,-21.09164875932038
2026-04-23 07:30:43.400,3509418.419237732,779145.3073346247,5250978.767457433,-42640.044614415994,44.89501950189233,-0.9221216989681125,0.28860758640803397,-0.7016515266150236
2026-04-23 07:30:43.500,3509418.408594977,779145.3139328611,5250978.739906108,-42644.391064308125,44.5946027329189,-0.10642754845321178,0.06598236388526857,-0.27551325038075447
2026-04-23 07:30:43.600,3509418.3810403445,779145.3196120161,5250978.765085755,-42648.7202335598,44.042135664199535,-0.27554632630199194,0.056791550014168024,0.2517964690923691
2026-04-23 07:30:43.700,3509418.457610779,779145.2430871208,5250978.681337214,-42653.05626734745,43.63661529130999,0.7657043449580669,-0.7652489526662976,-0.83748540841043
2026-04-23 07:30:43.800,3509418.434810949,779145.2555384282,5250978.608243691,-42657.45750851254,43.74829005956538,-0.22799829952418804,0.12451307382434607,-0.7309352327138186
2026-04-23 07:30:43.900,3509418.39368198,779145.2553535899,5250978.602900553,-42661.82087257446,43.969314534713135,-0.41128968819975853,-0.0018483831081539392,-0.05343138240277767
2026-04-23 07:30:44.000,3509418.4002765035,779145.2956804375,5250978.610669992,-42666.15011251445,43.77595209252422,0.06594523321837187,0.40326847578398883,0.07769439369440079
2026-04-23 07:30:44.100,3509418.423080124,779145.3233578246,5250978.569423923,-42670.510294113985,43.73777446539817,0.2280362043529749,0.2767738711554557,-0.4124606866389513
2026-04-23 07:30:44.200,3509418.3726708833,779145.337849403,5250978.412690988,-42674.94886319614,44.52027360872763,-0.5040924064815044,0.14491578447632492,-1.567329354584217
2026-04-23 07:30:44.300,3509418.43690851,779145.3175136764,5250978.440432036,-42679.22832205944,44.311397322621914,0.6423762673512101,-0.20335726672783494,0.27741048485040665
2026-04-23 07:30:44.400,3509418.5007262137,779145.2888528357,5250978.504031662,-42683.49943419926,44.243411411374524,0.6381770363077521,-0.28660840704105794,0.6359962560236454
2026-04-23 07:30:44.500,3509418.5085685835,779145.3036486038,5250978.503448354,-42687.86908657199,44.98205126967989,0.07842369843274355,0.14795768191106617,-0.005833078175783157
2026-04-23 07:30:44.600,3509418.550482213,779145.3707115533,5250978.710342491,-42692.08899805457,44.42566905280812,0.4191362950950861,0.6706294941250235,2.068941369652748
2026-04-23 07:30:44.700,3509418.5657256725,779145.3443612743,5250978.738237235,-42696.38096783728,44.21688707310551,0.1524345949292183,-0.2635027898941189,0.2789474371820688
2026-04-23 07:30:44.800,3509418.5779613117,779145.3530571234,5250978.726928217,-42700.716787521684,44.33973651442811,0.12235639151185751,0.08695849101059139,-0.11309017427265644
2026-04-23 07:30:44.900,3509418.569938816,779145.3523984639,5250978.6869799355,-42705.07874448526,44.27902883650792,-0.08022495545446873,-0.006586594972759485,-0.39948281832039356
2026-04-23 07:30:45.000,3509418.599833746,779145.3889166176,5250978.672952574,-42709.42117205034,44.29065162916608,0.29894929844886065,0.36518153734505177,-0.14027361758053303
2026-04-23 07:30:45.100,3509418.6595825786,779145.331915679,5250978.569246186,-42713.79513998572,44.14795818411255,0.5974883260205388,-0.5700093857012689,-1.0370638780295849
2026-04-23 07:30:45.200,3509418.6250308435,779145.2899141391,5250978.4397597145,-42718.22714619807,44.69170798405359,-0.34551735036075115,-0.4200153995770961,-1.2948647141456604
2026-04-23 07:30:45.300,3509418.5590752265,779145.3349387444,5250978.411628649,-42722.61409854342,45.024769678918716,-0.6595561699941754,0.45024605351500213,-0.28131065890192986
2026-04-23 07:30:45.400,3509418.572565501,779145.3249782476,5250978.416590229,-42726.94932289965,44.68859860685514,0.1349027454853058,-0.09960496798157692,0.04961580038070679
2026-04-23 07:30:45.500,3509418.613406757,779145.2882187174,5250978.417195174,-42731.290103175466,44.52097551495134,0.4084125580266118,-0.3675953019410372,0.0060494523495435715
2026-04-23 07:30:45.600,3509418.571503716,779145.3442698214,5250978.502912546,-42735.598361447825,44.618245610653105,-0.4190304083749652,0.5605110398028046,0.8571737166494131
2026-04-23 07:30:45.700,3509418.5564032984,779145.3557536545,5250978.590369822,-42739.88844213036,44.630128575966225,-0.15100417658686638,0.1148383307736367,0.8745727688074112
2026-04-23 07:30:45.800,3509418.5477672904,779145.3665216,5250978.615857861,-42744.15853703169,44.0790919984017,-0.08636008016765118,0.10767945554107428,0.25488038547337055
2026-04-23 07:30:45.900,3509418.5191713297,779145.3610877261,5250978.6053542225,-42748.52307582088,43.79323406115404,-0.28595960699021816,-0.05433873971924186,-0.10503638535737991
2026-04-23 07:30:46.000,3509418.5885196365,779145.3485487405,5250978.633817145,-42752.81815867581,43.448904666208115,0.6934830686077476,-0.12538985582068563,0.2846292220056057
2026-04-23 07:30:46.100,3509418.666980498,779145.347866647,5250978.634034875,-42757.11389114229,43.216784831828676,0.7846086146309972,-0.00682093552313745,0.0021773017942905426
2026-04-23 07:30:46.200,3509418.7153424197,779145.3318116048,5250978.818046032,-42761.310160033965,43.46042278425451,0.48361921682953835,-0.1605504215694964,1.8401115760207176
2026-04-23 07:30:46.300,3509418.783289541,779145.3626246252,5250978.774780076,-42765.63886398331,44.068426474699585,0.6794712133705616,0.3081302042119205,-0.43265956453979015
2026-04-23 07:30:46.400,3509418.731301637,779145.4119838657,5250978.8200212745,-42770.00327405332,44.40834965752889,-0.5198790412396193,0.4935924045275897,0.45241198502480984
2026-04-23 07:30:46.500,3509418.732323065,779145.4106700658,5250978.925290659,-42774.2790597337,44.44030197316006,0.01021428033709526,-0.013137998757883906,1.0526938457041979
2026-04-23 07:30:46.600,3509418.718433859,779145.3960889303,5250978.934511521,-42778.57237844312,44.17357774424936,-0.13889206107705832,-0.14581135474145412,0.09220861829817295
2026-04-23 07:30:46.700,3509418.78805504,779145.3436170749,5250978.821193926,-42782.9278329697,44.288706641142646,0.6962118111550808,-0.524718554224819,-1.1331759486347437
2026-04-23 07:30:46.800,3509418.8175317817,779145.3217870155,5250978.784801375,-42787.25113942798,43.87119367438411,0.29476741794496775,-0.2183005935512483,-0.3639255091547966
2026-04-23 07:30:46.900,3509418.827396333,779145.3405800965,5250978.752618944,-42791.56686534545,43.86276431149771,0.09864551480859518,0.18793080933392048,-0.3218243084847927
2026-04-23 07:30:47.000,3509418.857876199,779145.3858723105,5250978.891606226,-42795.81561856877,44.4652508391715,0.3047986561432481,0.45292214024811983,1.3898728135973215
2026-04-23 07:30:47.100,3509418.960189203,779145.3055846454,5250978.916740132,-42800.05356579943,44.556386973491584,1.0231300396844745,-0.8028766512870789,0.25133905932307243
2026-04-23 07:30:47.200,3509418.9228937123,779145.2948793462,5250979.037299076,-42804.336686586,45.02583359511082,-0.3729549050331116,-0.10705299209803343,1.2055894453078508
2026-04-23 07:30:47.300,3509418.9383153166,779145.2500411319,5250978.934068228,-42808.71016429303,44.91648585792633,0.1542160427197814,-0.4483821429312229,-1.032308479771018
2026-04-23 07:30:47.400,3509418.759226495,779145.2216376142,5250978.864555864,-42813.151031658104,45.420979710357116,-1.7908882163465023,-0.284035176737234,-0.6951236445456743
2026-04-23 07:30:47.500,3509418.8357395804,779145.1381974098,5250978.890913074,-42817.404613004204,45.767194000755985,0.7651308551430702,-0.8344020438380539,0.26357210241258144
2026-04-23 07:30:47.600,3509418.9993047453,779145.1105414256,5250978.97520059,-42821.59993050451,45.55258026355454,1.6356516489759088,-0.2765598415862769,0.8428751584142447
2026-04-23 07:30:47.700,3509418.9637294733,779145.2074287299,5250979.102554755,-42825.8784098771,45.82216710548339,-0.3557527204975486,0.9688730421476066,1.2735416553914547
2026-04-23 07:30:47.800,3509419.033981277,779145.1541809461,5250979.064287049,-42830.178080429134,45.65334490490098,0.7025180384516716,-0.5324778379872441,-0.38267706520855427
2026-04-23 07:30:47.900,3509418.9403582565,779145.2260868428,5250979.040742164,-42834.592887660285,46.02635970058032,-0.936230206862092,0.7190589676611125,-0.23544885218143463
2026-04-23 07:30:48.000,3509418.8482019166,779145.2513937947,5250979.104698514,-42838.921086043665,46.28313261116964,-0.9215633990243077,0.25306951836682856,0.6395635008811951
2026-04-23 07:30:48.100,3509418.827744042,779145.3083969813,5250979.109191065,-42843.26149631235,46.37763374963536,-0.2045787451788783,0.5700318666640669,0.0449255108833313
2026-04-23 07:30:48.200,3509418.878166906,779145.3621818108,5250979.165120072,-42847.51589001343,46.404281747676045,0.5042286403477192,0.5378482944797724,0.5592900700867176
2026-04-23 07:30:48.300,3509418.856370809,779145.3404112224,5250979.125246689,-42851.880572563765,46.497097699552164,-0.21796097047626972,-0.21770588355138898,-0.3987338300794363
2026-04-23 07:30:48.400,3509418.837412258,779145.3884141286,5250979.151517626,-42856.18373951494,46.59594844594206,-0.1895855087786913,0.48002906143665314,0.2627093717455864
2026-04-23 07:30:48.500,3509418.886872399,779145.4359342561,5250979.178395804,-42860.44496307114,46.51864294753282,0.49460140988230705,0.4752012749668211,0.26878178119659424
2026-04-23 07:30:48.600,3509418.9517032676,779145.4414608345,5250979.124394011,-42864.77917915327,46.55225630213461,0.6483086850494146,0.055265784030780196,-0.5400179326534271
2026-04-23 07:30:48.700,3509418.547729223,779145.9087319133,5250979.360911562,-42869.28816249944,39.4856002755412,-4.039740446023643,4.672710788436234,2.365175513550639
2026-04-23 07:30:48.800,3509418.525056933,779145.9173859501,5250979.428561481,-42873.589007383955,39.45005802656776,-0.22672289982438087,0.08654036791995168,0.6764991860836744
2026-04-23 07:30:48.900,3509418.5678352667,779146.0290650075,5250979.555349462,-42877.80149483986,39.292255483541695,0.4277833364903927,1.116790573578328,1.2678798101842403
2026-04-23 07:30:49.000,3509418.5425535217,779146.046519875,5250979.577604104,-42882.12993148274,39.170583349212734,-0.2528174500912428,0.1745486748404801,0.22254642099142075
2026-04-23 07:30:49.100,3509418.604829893,779146.0706049162,5250979.602189466,-42886.38468554999,39.21414394327913,0.6227637128904462,0.24085041251964867,0.24585362523794174
2026-04-23 07:30:49.200,3509418.6042679823,779146.0134407466,5250979.582047958,-42890.73034786759,39.26322865324039,-0.005619106814265251,-0.571641696151346,-0.20141508430242538
2026-04-23 07:30:49.300,3509418.631823664,779145.9348076449,5250979.472651807,-42895.102842988614,39.424688818860865,0.275556817650795,-0.7863310165703297,-1.093961512669921
2026-04-23 07:30:49.400,3509418.5289851776,779145.9206888124,5250979.341489227,-42899.570129342166,39.77573958249423,-1.0283848643302917,-0.14118832536041737,-1.3116258010268211
2026-04-23 07:30:49.500,3509418.4773526792,779145.8958095163,5250979.373511413,-42903.91672981677,39.4831820702179,-0.5163249839097261,-0.24879296077415347,0.32022186554968357
2026-04-23 07:30:49.600,3509418.553052789,779145.8955234786,5250979.318062857,-42908.24013560505,39.161694022522724,0.7570010982453823,-0.0028603768441826105,-0.5544855631887913
2026-04-23 07:30:49.700,3509418.602985114,779145.9274820241,5250979.430798131,-42912.46435577131,39.267111162383095,0.49932324793189764,0.3195854544173926,1.1273527424782515
2026-04-23 07:30:49.800,3509418.685526781,779145.9679338569,5250979.4170780005,-42916.768707994124,38.90963188496719,0.8254166692495346,0.4045183281414211,-0.13720130547881126
2026-04-23 07:30:49.900,3509418.829106148,779145.9346060164,5250979.483643291,-42920.988679233305,38.323045107035234,1.4357936708256602,-0.3332784050144255,0.6656529009342194
2026-04-23 07:30:50.000,3509418.8136598305,779145.960192042,5250979.449306552,-42925.358631417,38.58282700682894,-0.1544631738215685,0.2558602567296475,-0.3433673828840256
2026-04-23 07:30:50.100,3509418.7882954534,779145.9828869817,5250979.426719813,-42929.73397649072,38.63377660057867,-0.25364377070218325,0.22694939631037414,-0.22586739622056484
2026-04-23 07:30:50.200,3509418.8173038308,779145.9843284127,5250979.477988704,-42934.00368353963,38.49440845713388,0.29008377343416214,0.014414309989660978,0.5126889143139124
2026-04-23 07:30:50.300,3509418.8330842853,779145.9517956899,5250979.452896236,-42938.34210363811,38.65437973330916,0.15780454501509666,-0.3253272280562669,-0.250924676656723
2026-04-23 07:30:50.400,3509418.784265954,779145.9453331517,5250979.3683470115,-42942.744743571995,38.77877755555037,-0.48818331211805344,-0.0646253814920783,-0.8454922493547201
2026-04-23 07:30:50.500,3509418.8809205643,779145.9995324014,5250979.602239151,-42946.88833574237,38.217101816883435,0.9665461024269462,0.5419924971647561,2.3389213904738426
2026-04-23 07:30:50.600,3509418.846629424,779145.9836590843,5250979.498267544,-42951.28492340743,37.78779639960095,-0.34291140269488096,-0.15873317141085863,-1.0397160612046719
2026-04-23 07:30:50.700,3509418.8270554137,779145.9982954505,5250979.587820998,-42955.588890750376,38.02530621413849,-0.19574010279029608,0.14636366162449121,0.8955345395952463
2026-04-23 07:30:50.800,3509418.850810971,779145.9799327494,5250979.556036288,-42959.94139870734,38.104884721548125,0.23755557369440794,-0.1836270105559379,-0.31784710474312305
2026-04-23 07:30:50.900,3509418.8076909147,779145.954722737,5250979.393482453,-42964.37304276486,38.013065031852705,-0.4312005639076233,-0.252100124489516,-1.6255383472889662
2026-04-23 07:30:51.000,3509418.7913665352,779145.9190916278,5250979.282595951,-42968.75919781308,37.95478617244441,-0.16324379481375217,-0.35631109145469964,-1.1088650207966566
2026-04-23 07:30:51.100,3509418.8189085,779145.8968797162,5250979.243616382,-42973.107462201275,37.69460862388891,0.27541964780539274,-0.22211911622434855,-0.3897956945002079
2026-04-23 07:30:51.200,3509418.8032645322,779145.9148214973,5250979.307782848,-42977.42419143269,37.65873125808952,-0.15643967781215906,0.17941781086847186,0.6416646670550108
2026-04-23 07:30:51.300,3509418.8275200236,779145.8934043776,5250979.3331352025,-42981.72651651853,37.58738923566599,0.24255491327494383,-0.21417119656689465,0.25352354161441326
2026-04-23 07:30:51.400,3509418.8092169175,779145.9140586657,5250979.445189588,-42986.00970131001,37.63696350393911,-0.1830310607329011,0.206542881205678,1.1205438524484634
2026-04-23 07:30:51.500,3509418.843294619,779145.8815973615,5250979.401016482,-42990.3533065911,37.49434533338998,0.3407770162448287,-0.3246130421757698,-0.44173105619847775
2026-04-23 07:30:51.600,3509418.81204,779145.9019884899,5250979.349250548,-42994.72862392388,37.58810064959884,-0.31254618894308805,0.20391128375194967,-0.5176593456417322
2026-04-23 07:30:51.700,3509418.803451157,779145.8067698188,5250979.156116054,-42999.14177791653,37.60189591941873,-0.08588843047618866,-0.952186711365357,-1.9313449319452047
2026-04-23 07:30:51.800,3509418.746146579,779145.8454044187,5250979.108542843,-43003.52947092807,37.70466769671477,-0.5730457836762071,0.38634599884971976,-0.4757321160286665
2026-04-23 07:30:51.900,3509418.622957304,779145.8617142049,5250979.055849093,-43007.95871226638,37.79705359003518,-1.2318927468732,0.16309786238707602,-0.526937497779727
2026-04-23 07:30:52.000,3509418.5534548555,779145.9371300031,5250979.087503576,-43012.30723301181,38.00008633086642,-0.695024486631155,0.754157982300967,0.3165448270738125
2026-04-23 07:30:52.100,3509418.535227116,779145.9750308684,5250979.153285154,-43016.64263420053,38.26323028115139,-0.1822773925960064,0.37900865310803056,0.6578157842159271
2026-04-23 07:30:52.200,3509418.554786492,779146.0238250719,5250979.181533994,-43020.96411754917,38.148392419925734,0.19559375941753387,0.4879420343786478,0.28248840011656284
2026-04-23 07:30:52.300,3509418.6091971085,779145.9989721207,5250979.151213319,-43025.30393593917,38.49307988155116,0.5441061640158296,-0.2485295117367059,-0.3032067511230707
2026-04-23 07:30:52.400,3509418.6142973476,779145.989095003,5250979.236689983,-43029.57225425718,38.29902235016721,0.051002390682697296,-0.09877117699943483,0.8547666389495134
2026-04-23 07:30:52.500,3509418.669694581,779145.8750345393,5250979.123021445,-43033.94613213241,38.545527065716385,0.553972334600985,-1.140604637330398,-1.1366853769868612
2026-04-23 07:30:52.600,3509418.709660102,779145.9089032498,5250979.099947933,-43038.2950065925,38.38722659401372,0.39965521078556776,0.3386871051043272,-0.23073512129485607
2026-04-23 07:30:52.700,3509418.6959189195,779145.9371700712,5250979.139203644,-43042.62274466074,38.49284030013951,-0.13741182629019022,0.2826682140585035,0.3925571125000715
2026-04-23 07:30:52.800,3509418.664814131,779145.990142247,5250979.27680349,-43046.88644062432,38.3206423741455,-0.3110478864982724,0.5297217587940395,1.375998454168439
2026-04-23 07:30:52.900,3509418.7227116833,779145.99525143,5250979.292464515,-43051.16637078252,37.88638818273598,0.5789755238220096,0.051091829081997275,0.15661025419831276
2026-04-23 07:30:53.000,3509418.750675147,779145.935924077,5250979.234566383,-43055.541212746015,37.66052922469653,0.2796346368268132,-0.5932735290843993,-0.5789813213050365
2026-04-23 07:30:53.100,3509418.7079485296,779145.9526128769,5250979.1428248,-43059.95173994225,37.453987643438154,-0.4272661730647087,0.16688799834810197,-0.9174158331006765
2026-04-23 07:30:53.200,3509418.734707237,779145.9191623052,5250979.195215309,-43064.23546261734,37.84573661963728,0.26758707594126463,-0.33450571703724563,0.5239050928503275
2026-04-23 07:30:53.300,3509418.7346963906,779145.9222640634,5250979.157379625,-43068.59854924463,37.825115978586595,-0.0001084664836525917,0.031017581932246685,-0.37835683673620224
2026-04-23 07:30:53.400,3509418.651755611,779145.9806216864,5250979.090075871,-43073.00059072896,37.717969017649466,-0.8294077962636948,0.583576230565086,-0.6730375438928604
2026-04-23 07:30:53.500,3509418.6256815144,779146.0141010782,5250979.131112957,-43077.32089239642,37.965545302409105,-0.2607409656047821,0.3347939171362668,0.4103708639740944
2026-04-23 07:30:53.600,3509418.6631961013,779145.966793323,5250979.184244926,-43081.60573226928,37.62583080562332,0.3751458693295717,-0.47307755099609494,0.5313196871429682
2026-04-23 07:30:53.700,3509418.711939186,779145.9247770737,5250979.255208601,-43085.87183110158,37.78420641676876,0.48743084538728,-0.4201624938286841,0.709636751562357
2026-04-23 07:30:53.800,3509418.6244367277,779145.9404157615,5250979.207991819,-43090.26326028427,37.537345844496336,-0.8750245813280344,0.15638687880709767,-0.47216782346367836
2026-04-23 07:30:53.900,3509418.6707495856,779145.8760514302,5250979.14762596,-43094.578495144204,37.49645556573584,0.46312857884913683,-0.643643313087523,-0.6036585848778486
2026-04-23 07:30:54.000,3509418.6549648857,779145.8333699192,5250979.199302647,-43098.869500030596,37.784946779438876,-0.1578469993546605,-0.42681511025875807,0.516766868531704
2026-04-23 07:30:54.100,3509418.5834830226,779145.9247888782,5250979.294220483,-43103.188219277734,38.072590635185485,-0.7148186303675175,0.9141895896755159,0.9491783566772938
2026-04-23 07:30:54.200,3509418.6338150837,779145.90735451,5250979.304399662,-43107.50184503543,38.8547283829763,0.5033206101506948,-0.17434368142858148,0.10179178789258003
2026-04-23 07:30:54.300,3509418.617310368,779145.9323316485,5250979.301888424,-43111.850744108706,39.46131073079134,-0.16504715662449598,0.24977138498798013,-0.025112377479672432
2026-04-23 07:30:54.400,3509418.6121176304,779145.9146204041,5250979.310815883,-43116.17787255479,39.24020247147753,-0.051927375607192516,-0.17711244407109916,0.0892745889723301
2026-04-23 07:30:54.500,3509418.510184907,779145.9419810831,5250979.310413506,-43120.55995760567,39.11541095008783,-1.0193272354081273,0.2736067899968475,-0.004023769870400429
2026-04-23 07:30:54.600,3509418.514138756,779146.03280298,5250979.379678257,-43124.87257209185,38.9840233951071,0.039538489654660225,0.9082189691253006,0.6926475092768669
2026-04-23 07:30:54.700,3509418.4965724163,779146.0251345513,5250979.393077628,-43129.18842315071,38.87365395101158,-0.17566339578479528,-0.07668428705073893,0.13399370945990086
2026-04-23 07:30:54.800,3509418.497928291,779146.0406972716,5250979.506911614,-43133.456437846624,38.94441491105002,0.013558748178184032,0.15562720247544348,1.1383398622274399
2026-04-23 07:30:54.900,3509418.5919506135,779146.0038494467,5250979.478355039,-43137.74583558244,38.620154562816616,0.9402232244610786,-0.3684782492928207,-0.2855657506734133
2026-04-23 07:30:55.000,3509418.684410661,779145.9684269167,5250979.562513437,-43141.989186726765,38.70687601809341,0.9246004745364189,-0.3542252990882844,0.8415839821100235
2026-04-23 07:30:55.100,3509418.68356288,779146.0231156948,5250979.60453464,-43146.30901479244,38.97719013129964,-0.008477810770273209,0.5468877800740302,0.42021202854812145
2026-04-23 07:30:55.200,3509418.632838141,779146.0999372568,5250979.710603372,-43150.62244515092,39.197571834509745,-0.507247387431562,0.7682156201917678,1.0606873221695423
2026-04-23 07:30:55.300,3509418.742812417,779146.0403992633,5250979.744884079,-43154.8772732056,39.454420420854646,1.0997427580878139,-0.5953799351118505,0.34280707128345966
2026-04-23 07:30:55.400,3509418.7300458592,779145.9511067828,5250979.629467093,-43159.272498974795,39.571861703337056,-0.1276655774563551,-0.8929248049389571,-1.1541698593646288
2026-04-23 07:30:55.500,3509418.660629576,779145.949641316,5250979.692472036,-43163.62155852545,39.473450637282816,-0.6941628316417336,-0.014654668048024178,0.6300494261085987
2026-04-23 07:30:55.600,3509418.674179757,779145.8862948245,5250979.682084135,-43167.93718826073,39.26784440879967,0.13550180941820145,-0.6334649142809212,-0.10387901216745377
2026-04-23 07:30:55.700,3509418.6930035083,779145.8414294374,5250979.577250719,-43172.28189401139,38.84348677645874,0.18823751248419285,-0.4486538714263588,-1.0483341570943594
2026-04-23 07:30:55.800,3509418.6577472608,779145.8173786518,5250979.474824519,-43176.67114418041,38.87202585334863,-0.35256247501820326,-0.24050785577856004,-1.0242620017379522
2026-04-23 07:30:55.900,3509418.5824598214,779145.7316923556,5250979.378595494,-43181.06645572433,38.772790094618045,-0.7528743939474225,-0.8568629622459412,-0.9622902516275644
2026-04-23 07:30:56.000,3509418.6098237433,779145.7608012934,5250979.480421229,-43185.33349062265,38.67493949078901,0.27363921981304884,0.29108937829732895,1.0182573553174734
2026-04-23 07:30:56.100,3509418.537562226,779145.8498201842,5250979.725486091,-43189.60136871654,38.605423980194864,-0.7226151740178466,0.8901889075059444,2.450648620724678
2026-04-23 07:30:56.200,3509418.4949844545,779145.871374086,5250979.7496751705,-43193.949423441605,38.774159394335236,-0.42577771469950676,0.21553901839070022,0.2418907918035984
2026-04-23 07:30:56.300,3509418.464200723,779145.8471536966,5250979.779851447,-43198.28043747261,38.840482582207436,-0.3078373149037361,-0.2422038943041116,0.30176276341080666
2026-04-23 07:30:56.400,3509418.407010749,779145.8329678052,5250979.5910639195,-43202.76460983957,38.74126517287119,-0.5718997400254011,-0.14185891370289028,-1.887875273823738
2026-04-23 07:30:56.500,3509418.4590070294,779145.8258591292,5250979.669831441,-43207.04210284036,38.80234341594302,0.5199628043919802,-0.07108676014468074,0.7876752130687237
2026-04-23 07:30:56.600,3509418.414010042,779145.8248392814,5250979.692283464,-43211.40399497634,38.78711946494972,-0.449969875626266,-0.010198478121310472,0.2245202288031578
2026-04-23 07:30:56.700,3509418.4305845774,779145.7788083361,5250979.755291145,-43215.68181577646,38.35499611016334,0.1657453551888466,-0.4603094526100904,0.6300768163055182
2026-04-23 07:30:56.800,3509418.544069526,779145.7395573235,5250979.712244088,-43219.97858667174,38.47734147195254,1.134849484078586,-0.39251012611202896,-0.4304705746471882
2026-04-23 07:30:56.900,3509418.5462866337,779145.8085235264,5250979.817047579,-43224.27254426181,38.841748329542035,0.0221710791811347,0.6896620290353894,1.0480349138379097
2026-04-23 07:30:57.000,3509418.5608456894,779145.7622633353,5250979.692262346,-43228.67197235702,38.86417488443133,0.1455905567854643,-0.4626019112765789,-1.2478523328900337
2026-04-23 07:30:57.100,3509418.640196934,779145.7047729961,5250979.617671285,-43232.99981584307,38.7448090933017,0.7935124449431896,-0.5749033915344626,-0.7459106110036373
2026-04-23 07:30:57.200,3509418.725002947,779145.6937432357,5250979.721025583,-43237.23099784368,38.699255340252456,0.8480601292103529,-0.11029760469682515,1.0335429850965738
2026-04-23 07:30:57.300,3509418.631556181,779145.714151123,5250979.663055111,-43241.64907361708,38.357700462807365,-0.9344676602631807,0.2040788729209453,-0.5797047261148691
2026-04-23 07:30:57.400,3509418.606688924,779145.7000651768,5250979.498947703,-43246.10515481985,38.547152395518616,-0.2486725663766265,-0.14085946138948202,-1.6410740744322538
2026-04-23 07:30:57.500,3509418.6279665576,779145.714208765,5250979.485566215,-43250.45704685307,38.54304416131848,0.21277633495628834,0.14143588137812912,-0.13381488621234894
2026-04-23 07:30:57.600,3509418.698726404,779145.6676281723,5250979.455061125,-43254.79316968747,38.25114294776751,0.7075984636321664,-0.4658059263601899,-0.3050509002059698
2026-04-23 07:30:57.700,3509418.7091267826,779145.6188623148,5250979.411781975,-43259.1516636965,38.00424936594725,0.10400378610938787,-0.4876585747115314,-0.4327914956957102
2026-04-23 07:30:57.800,3509418.587994996,779145.6483902569,5250979.408246919,-43263.53977495275,37.990603181363916,-1.2113178661093116,0.29527942067943513,-0.03535056486725807
2026-04-23 07:30:57.900,3509418.5928054736,779145.6143542698,5250979.293477538,-43267.93095616011,37.895178044447086,0.048104776069521904,-0.34035987104289234,-1.1476938053965569
2026-04-23 07:30:58.000,3509418.613176068,779145.6336606647,5250979.3411462605,-43272.2379903165,37.43883937447745,0.2037059422582388,0.19306394853629172,0.47668722458183765
2026-04-23 07:30:58.100,3509418.557359111,779145.6006893339,5250979.134147261,-43276.72309077756,37.83100032428532,-0.5581695679575205,-0.32971330801956356,-2.0699899923056364
2026-04-23 07:30:58.200,3509418.658414487,779145.5478913095,5250979.0158203365,-43281.070508796314,37.77453699436886,1.010553757660091,-0.5279802437871695,-1.1832692474126816
2026-04-23 07:30:58.300,3509418.7083182437,779145.5657466329,5250979.04715586,-43285.37476412167,37.59001135822467,0.4990375693887472,0.17855323385447264,0.3133552335202694
2026-04-23 07:30:58.400,3509418.643496011,779145.5665028028,5250979.0489665605,-43289.76348212159,37.61685264948321,-0.6482223281636834,0.007561699021607637,0.018107006326317787
2026-04-23 07:30:58.500,3509418.674993994,779145.5301129929,5250979.01329149,-43294.095366712565,37.38879531186059,0.31497983261942863,-0.36389809916727245,-0.35675070248544216
2026-04-23 07:30:58.600,3509418.7607717556,779145.562058368,5250979.122217641,-43298.34843236585,37.36727316089634,0.857777614146471,0.31945375143550336,1.0892615094780922
2026-04-23 07:30:58.700,3509418.7443871982,779145.5158771832,5250979.10637336,-43302.71710389015,37.51059964268007,-0.16384557355195284,-0.46181184821762145,-0.1584428083151579
2026-04-23 07:30:58.800,3509418.7553622443,779145.4616672338,5250979.057457287,-43307.08026193361,37.7278836088236,0.10975046083331108,-0.542099493322894,-0.4891607351601124
2026-04-23 07:30:58.900,3509418.899951412,779145.4646829383,5250979.183045797,-43311.31313902974,37.605773507797785,1.4458916755393147,0.030157044529914856,1.2558851018548012
2026-04-23 07:30:59.000,3509418.8765435116,779145.5007098498,5250979.258550572,-43315.64477987015,37.525044027692616,-0.23407900240272284,0.3602691146079451,0.7550477515906096
2026-04-23 07:30:59.100,3509418.9151031156,779145.4520089906,5250979.2655388415,-43319.956950334934,37.33763923286964,0.38559603970497847,-0.48700859188102186,0.06988269276916981
2026-04-23 07:30:59.200,3509418.9617221877,779145.5036604921,5250979.189167923,-43324.35892039899,37.98170875814352,0.4661907209083438,0.5165150156244636,-0.763709181919694
2026-04-23 07:30:59.300,3509418.8631172357,779145.5432067977,5250979.343823744,-43328.65732327507,37.894984625176335,-0.9860495198518038,0.3954630554653704,1.5465582069009542
2026-04-23 07:30:59.400,3509418.819036453,779145.4840813649,5250979.260561954,-43333.06827743494,38.37501992885702,-0.4408078268170357,-0.5912543274462223,-0.8326178975403309
2026-04-23 07:30:59.500,3509418.7578079207,779145.4285573409,5250979.173593707,-43337.499496099226,38.71377852982709,-0.6122853234410286,-0.5552402406465262,-0.8696824684739113
2026-04-23 07:30:59.600,3509418.758805928,779145.399227652,5250979.156896227,-43341.834178025485,38.583236146136834,0.00998007133603096,-0.29329688870348036,-0.16697480343282223
2026-04-23 07:30:59.700,3509418.832314916,779145.3154701855,5250979.10176606,-43346.18163514879,38.43242374238037,0.7350898813456297,-0.8375746652018279,-0.5513016693294048
2026-04-23 07:30:59.800,3509418.803401011,779145.3872818535,5250979.142500119,-43350.527146705026,38.73984597217724,-0.28913904912769794,0.7181166799273342,0.40734059177339077
2026-04-23 07:30:59.900,3509418.810304035,779145.3569578354,5250979.09481707,-43354.8772310385,38.820018924192134,0.06903023924678564,-0.30324018094688654,-0.47683048993349075
2026-04-23 07:31:00.000,3509418.801113528,779145.3435504617,5250979.03410099,-43359.25970033289,38.88913833858411,-0.09190506767481565,-0.13407373684458435,-0.6071608047932386
2026-04-23 07:31:00.100,3509418.7761234026,779145.3433187851,5250979.086603451,-43363.58759161224,39.009961607752494,-0.24990125559270382,-0.0023167661856859922,0.5250246077775955
2026-04-23 07:31:00.200,3509418.7322836695,779145.3258929942,5250979.056279389,-43367.93810141896,38.99327228633752,-0.43839733116328716,-0.17425790894776583,-0.30324061401188374
2026-04-23 07:31:00.300,3509418.7491020975,779145.313252413,5250979.097461043,-43372.25054065333,38.86751426067725,0.16818427946418524,-0.12640581233426929,0.4118165373802185
2026-04-23 07:31:00.400,3509418.7328209276,779145.3113256545,5250978.915288762,-43376.7131173875,38.92512423961117,-0.16281169839203358,-0.01926758443005383,-1.8217228073626757
2026-04-23 07:31:00.500,3509418.740362702,779145.330621395,5250978.923295667,-43381.05472838137,38.81870493638602,0.07541774306446314,0.1929574052337557,0.0800690520554781
2026-04-23 07:31:00.600,3509418.8112658067,779145.3041209909,5250979.006199162,-43385.29255188681,38.646073200002945,0.7090310472995043,-0.2650040411390364,0.8290349505841732
2026-04-23 07:31:00.700,3509418.781467249,779145.2796502952,5250978.958626891,-43389.635244453595,38.95167308126842,-0.2979855751618743,-0.2447069576010108,-0.4757227189838886
2026-04-23 07:31:00.800,3509418.7292997665,779145.2988628508,5250978.850569296,-43394.08092988405,39.185931465225785,-0.5216748267412186,0.1921255560591817,-1.0805759485810995
2026-04-23 07:31:00.900,3509418.83429162,779145.2720572903,5250978.904617378,-43398.33752065813,39.21762132287612,1.0499185370281339,-0.26805560453794897,0.5404808185994625
2026-04-23 07:31:01.000,3509418.7799346265,779145.2854510945,5250978.8966267845,-43402.70470029187,39.105518796083096,-0.5435699364170432,0.13393804198130965,-0.0799059309065342
2026-04-23 07:31:01.100,3509418.7735969466,779145.2600215564,5250978.7821191605,-43407.09689258019,38.73558469498084,-0.06337679922580719,-0.25429538101889193,-1.1450762394815683
2026-04-23 07:31:01.200,3509418.7369208583,779145.2338990855,5250978.714778462,-43411.48324059705,38.92613741670279,-0.36676088348031044,-0.261224708519876,-0.6734069809317589
2026-04-23 07:31:01.300,3509418.7615573755,779145.2410678494,5250978.832332744,-43415.76023325166,39.430265960252406,0.24636517278850079,0.07168763899244368,1.1755428183823824
2026-04-23 07:31:01.400,3509418.801248595,779145.1688047034,5250978.7398572685,-43420.13915381396,39.3653929694826,0.39691219571977854,-0.7226314605213702,-0.9247547574341297
2026-04-23 07:31:01.500,3509418.7582028713,779145.1662801937,5250978.636609212,-43424.54911316093,39.31592284717636,-0.4304572381079197,-0.02524509676732123,-1.0324805695563555
2026-04-23 07:31:01.600,3509418.805646625,779145.2596316303,5250978.691256642,-43428.82756716276,39.315805758971734,0.4744375357404351,0.9335143654607236,0.5464743077754974
2026-04-23 07:31:01.700,3509418.816068604,779145.2173274303,5250978.745617919,-43433.11240345369,38.94319785722043,0.10421979241073132,-0.4230420000385493,0.5436127632856369
2026-04-23 07:31:01.800,3509418.8626026264,779145.2142068754,5250978.813873176,-43437.390355768875,38.821316194237305,0.4653402231633663,-0.03120554843917489,0.6825525779277086
2026-04-23 07:31:01.900,3509418.8034538343,779145.2097020893,5250978.749268482,-43441.768478648126,38.715311053666376,-0.5914879217743874,-0.04504786105826497,-0.6460469402372837
2026-04-23 07:31:02.000,3509418.7670456124,779145.2374282203,5250978.7257302385,-43446.15994618915,38.671317153004495,-0.3640822181478143,0.2772613102570176,-0.2353824395686388
2026-04-23 07:31:02.100,3509418.758098836,779145.2418024257,5250978.754719524,-43450.49636542033,39.00762627048685,-0.08946776390075684,0.04374205367639661,0.28989285230636597
2026-04-23 07:31:02.200,3509418.779174468,779145.2494520908,5250978.691896391,-43454.87437630076,38.621556638397465,0.21075631957501173,0.07649665116332471,-0.6282313261181116
2026-04-23 07:31:02.300,3509418.738255531,779145.2052311576,5250978.602232657,-43459.27523002603,38.84743653701897,-0.4091893695294857,-0.44220933225005865,-0.8966373372823
2026-04-23 07:31:02.400,3509418.6935367296,779145.2503874245,5250978.7110036565,-43463.60397852477,39.354708030840094,-0.44718801509588957,0.4515626688953489,1.087709991261363
2026-04-23 07:31:02.500,3509418.6674271105,779145.3114787196,5250978.819022204,-43467.92036623649,39.63441140734579,-0.26109619066119194,0.6109129509422928,1.0801854729652405
2026-04-23 07:31:02.600,3509418.6243108744,779145.3006733696,5250978.750742859,-43472.298280441304,39.651316918868595,-0.43116236105561256,-0.10805350029841065,-0.6827934458851814
2026-04-23 07:31:02.700,3509418.639065918,779145.3054631548,5250978.680709614,-43476.66522702225,39.80513191958671,0.14755043666809797,0.0478978524915874,-0.700332447886467
2026-04-23 07:31:02.800,3509418.6272204504,779145.3074533229,5250978.704426276,-43481.002574910905,40.26010805719417,-0.11845467612147331,0.01990168122574687,0.23716661147773266
2026-04-23 07:31:02.900,3509418.6328962916,779145.3149666635,5250978.720426687,-43485.31441425476,39.845426882679256,0.05675841122865677,0.07513340562582016,0.16000411473214626
2026-04-23 07:31:03.000,3509418.6333428943,779145.2955565081,5250978.73983992,-43489.65752495199,40.02027416930275,0.004466027021408081,-0.19410155364312232,0.19413232803344727
2026-04-23 07:31:03.100,3509418.687768034,779145.3255406418,5250978.683503407,-43494.012595426175,40.01600961507083,0.544251399114728,0.2998413366731256,-0.5633651278913021
2026-04-23 07:31:03.200,3509418.693819875,779145.3386806236,5250978.741239063,-43498.30352337845,39.449887152800166,0.06051840726286173,0.13139981776475906,0.5773565638810396
2026-04-23 07:31:03.300,3509418.752880428,779145.3655187277,5250978.67844365,-43502.65696032054,39.3495332472656,0.5906055308878422,0.2683810412418097,-0.6279541365802288
2026-04-23 07:31:03.400,3509418.7325563366,779145.3542611299,5250978.582390412,-43507.06686760514,39.33465431969755,-0.2032409142702818,-0.11257597827352583,-0.9605323802679777
2026-04-23 07:31:03.500,3509418.688240027,779145.4146184284,5250978.594929739,-43511.43759875324,39.57075594626944,-0.4431630950421095,0.6035729858558625,0.12539327144622803
2026-04-23 07:31:03.600,3509418.7298123455,779145.4405247051,5250978.656606701,-43515.72788956972,38.9310013510657,0.4157231841236353,0.2590627665631473,0.6167696230113506
2026-04-23 07:31:03.700,3509418.7496081484,779145.4469297598,5250978.717243714,-43520.05913058051,38.726296171462295,0.19795802887529135,0.06405054708011448,0.6063701305538416
2026-04-23 07:31:03.800,3509418.6905919537,779145.4490940331,5250978.542127442,-43524.536901566986,38.73083874812047,-0.5901619466021657,0.02164273289963603,-1.751162726432085
2026-04-23 07:31:03.900,3509418.6755656437,779145.5076536266,5250978.613701484,-43528.828642103115,38.1889249467411,-0.15026309993118048,0.5855959351174533,0.7157404255121946
2026-04-23 07:31:04.000,3509418.741000219,779145.5486909044,5250978.715787866,-43533.08514165265,37.973170853037495,0.6543457508087158,0.4103727778419852,1.0208638198673725
2026-04-23 07:31:04.100,3509418.760951036,779145.5802532817,5250978.6068241,-43537.50197560743,37.64053791866226,0.19950817339122295,0.31562377349473536,-1.0896376613527536
2026-04-23 07:31:04.200,3509418.711636185,779145.607452369,5250978.545341379,-43541.94290398777,37.81863055770052,-0.4931485094130039,0.2719908719882369,-0.6148272100836039
2026-04-23 07:31:04.300,3509418.6811098135,779145.6283964248,5250978.5906941835,-43546.29371136797,37.62950911119782,-0.3052637167274952,0.20944055868312716,0.45352804474532604
2026-04-23 07:31:04.400,3509418.6416773037,779145.6558321157,5250978.551124753,-43550.67390483406,37.66793540586376,-0.39432509802281857,0.2743569086305797,-0.395694300532341
2026-04-23 07:31:04.500,3509418.681678722,779145.6599338701,5250978.566671297,-43554.99185372438,37.63685861023592,0.4000141844153404,0.041017543990164995,0.15546543523669243
2026-04-23 07:31:04.600,3509418.730090779,779145.6526201713,5250978.594199659,-43559.30091459732,37.651720318554574,0.48412056639790535,-0.07313698763027787,0.2752836234867573
2026-04-23 07:31:04.700,3509418.730821941,779145.6737501543,5250978.565858202,-43563.68140741621,37.66333464195815,0.007311622612178326,0.21129983011633158,-0.2834145724773407
2026-04-23 07:31:04.800,3509418.7809971026,779145.7136504956,5250978.58774149,-43568.00750669433,37.32018086049168,0.501751615665853,0.39900341304019094,0.21883288398385048
2026-04-23 07:31:04.900,3509418.826290712,779145.7127085109,5250978.544207373,-43572.38603776106,37.40745025010223,0.45293609611690044,-0.00941984704695642,-0.435341177508235
2026-04-23 07:31:05.000,3509418.832677825,779145.7294816675,5250978.578674735,-43576.71950073652,37.49807355725472,0.0638711266219616,0.1677315658889711,0.34467361867427826
2026-04-23 07:31:05.100,3509418.815060983,779145.7444197695,5250978.545285678,-43581.12548716123,37.41358812117154,-0.17616841942071915,0.14938101987354457,-0.3338905703276396
2026-04-23 07:31:05.200,3509418.7979257707,779145.7579725531,5250978.588764712,-43585.44275990483,37.36699285747888,-0.17135212197899818,0.1355278363917023,0.43479034677147865
2026-04-23 07:31:05.300,3509418.8466726523,779145.8392591496,5250978.797715564,-43589.666586593885,37.35438050847175,0.48746881540864706,0.8128659648355097,2.089508520439267
2026-04-23 07:31:05.400,3509418.8718266175,779145.8367562506,5250978.72908642,-43594.030703500124,37.419399957694516,0.251539652235806,-0.025028990348801017,-0.6862914469093084
2026-04-23 07:31:05.500,3509418.827119566,779145.8400601221,5250978.5970864,-43598.47725665684,37.2130664176748,-0.4470705147832632,0.03303871490061283,-1.320000197738409
2026-04-23 07:31:05.600,3509418.751002113,779145.8401017012,5250978.503727058,-43602.91157533909,36.760433997062286,-0.7611745316535234,0.0004157912917435169,-0.9335934184491634
2026-04-23 07:31:05.700,3509418.8170364476,779145.8498058557,5250978.592843544,-43607.154580189046,36.54416601599723,0.6603433471173048,0.09704154450446367,0.8911648578941822
2026-04-23 07:31:05.800,3509418.8271971927,779145.8989457772,5250978.667470904,-43611.43569425675,36.348524228049065,0.10160745121538639,0.4913992155343294,0.7462736032903194
2026-04-23 07:31:05.900,3509418.816904204,779145.9190486446,5250978.813427146,-43615.70297325428,36.29919781067258,-0.10292988736182451,0.20102867390960455,1.4595624152570963
2026-04-23 07:31:06.000,3509418.8455497003,779145.8902315457,5250978.730544469,-43620.070948902794,36.052242280054735,0.2864549634978175,-0.28817098936997354,-0.8288267627358437
2026-04-23 07:31:06.100,3509418.8259776025,779145.9295278178,5250978.755537252,-43624.42698668184,36.11975111927886,-0.19572097808122635,0.39296272094361484,0.2499278262257576
2026-04-23 07:31:06.200,3509418.843709033,779145.9716917098,5250978.796765719,-43628.75182715616,36.11312300229248,0.1773143047466874,0.42163892067037523,0.412284666672349
2026-04-23 07:31:06.300,3509418.8880101745,779146.0153141852,5250978.901178666,-43633.01453275733,35.87038850062961,0.44301141519099474,0.43622475350275636,1.04412947781384
2026-04-23 07:31:06.400,3509418.8809424704,779145.9880678458,5250978.854769911,-43637.38448873117,36.19448374051146,-0.07067704107612371,-0.2724633936304599,-0.4640875570476055
2026-04-23 07:31:06.500,3509418.8649631753,779145.9622922986,5250978.804199772,-43641.774983502124,36.390141483150096,-0.15979295130819082,-0.2577554725576192,-0.5057013873010874
2026-04-23 07:31:06.600,3509418.9261455894,779146.0018764896,5250978.865121592,-43646.05135577978,36.14201634898913,0.6118241418153048,0.3958419105038047,0.6092181988060474
2026-04-23 07:31:06.700,3509418.9620601037,779146.0513091803,5250978.846757769,-43650.36460749949,35.73729143086335,0.3591451421380043,0.494326907210052,-0.18363823182880878
2026-04-23 07:31:06.800,3509418.922899447,779146.0599836395,5250978.735127615,-43654.800956046165,36.38491216271582,-0.391606567427516,0.08674459182657301,-1.1163015384227037
2026-04-23 07:31:06.900,3509418.942839588,779146.0376906715,5250978.756930347,-43659.12124254224,36.42730613147228,0.1994014112278819,-0.22292968002147973,0.21802731789648533
2026-04-23 07:31:07.000,3509418.9782243655,779146.0067558809,5250978.619376451,-43663.52373735487,36.39843197062775,0.3538477746769786,-0.3093479061499238,-1.3755389582365751
2026-04-23 07:31:07.100,3509419.0014056703,779145.9932830897,5250978.584112801,-43667.86587451354,36.67683602678975,0.23181304801255465,-0.13472791179083288,-0.35263650119304657
2026-04-23 07:31:07.200,3509419.0074989176,779145.9985572984,5250978.513950529,-43672.22687017541,36.671035873723206,0.06093247327953577,0.05274208728224039,-0.7016227208077908
2026-04-23 07:31:07.300,3509419.041017352,779145.9962826433,5250978.506151003,-43676.567228716915,36.247573472591256,0.3351843450218439,-0.022746551549062133,-0.07799525745213032
2026-04-23 07:31:07.400,3509419.039306032,779146.0043076045,5250978.591250534,-43680.86456848814,36.14216972473393,-0.017113201320171356,0.08024961221963167,0.8509953133761883
2026-04-23 07:31:07.500,3509419.013517706,779145.9954173226,5250978.470532518,-43685.29161940412,36.24799742215145,-0.257883258163929,-0.08890281897038221,-1.2071801628917456
2026-04-23 07:31:07.600,3509418.973215348,779145.9815722759,5250978.368563626,-43689.7007406557,36.532207251330206,-0.40302358102053404,-0.13845046749338508,-1.019688919186592
2026-04-23 07:31:07.700,3509419.020078312,779145.9401466864,5250978.493508999,-43693.9417757674,36.512616914384054,0.46862964052706957,-0.41425589472055435,1.2494537327438593
2026-04-23 07:31:07.800,3509419.049805724,779145.9320847249,5250978.473008567,-43698.28684792796,36.344125264771684,0.29727411922067404,-0.08061961503699422,-0.20500432699918747
2026-04-23 07:31:07.900,3509418.998294601,779145.9239498343,5250978.389910427,-43702.692123241,36.52735112864874,-0.5151112284511328,-0.08134890580549836,-0.8309813961386681
2026-04-23 07:31:08.000,3509419.036605864,779145.9342945112,5250978.459088134,-43706.976967055045,36.48959324507441,0.38311262615025043,0.10344676906242967,0.691777067258954
2026-04-23 07:31:08.100,3509419.0275751064,779145.9965283999,5250978.453179353,-43711.323805218824,36.326112428228846,-0.0903075747191906,0.6223388866055757,-0.059087807312607765
2026-04-23 07:31:08.200,3509419.062546292,779145.9711475731,5250978.462372634,-43715.61490637979,36.451189303251404,0.34971185494214296,-0.25380826788023114,0.09193280711770058
2026-04-23 07:31:08.300,3509419.0376709322,779145.9375148584,5250978.4198289,-43719.981268695126,36.50639203650703,-0.2487535960972309,-0.336327146505937,-0.4254373349249363
2026-04-23 07:31:08.400,3509418.9706630893,779145.9770671795,5250978.36607401,-43724.38656685638,36.26895095425712,-0.6700784293934703,0.39552321075461805,-0.537548903375864
2026-04-23 07:31:08.500,3509418.996196616,779145.952228151,5250978.318341656,-43728.754670137314,35.92947802844903,0.2553352667018771,-0.24839028483256698,-0.47732354141771793
2026-04-23 07:31:08.600,3509419.0931127034,779145.8842103422,5250978.194957159,-43733.11276096215,35.982291785190746,0.9691608743742108,-0.680178088368848,-1.2338449619710445
2026-04-23 07:31:08.700,3509419.1663327436,779145.8720940964,5250978.319155475,-43737.363295347684,35.6795031161852,0.7322004018351436,-0.12116245809011161,1.2419831566512585
2026-04-23 07:31:08.800,3509419.1808929993,779145.8754067469,5250978.4622377865,-43741.643783695916,35.718546336866815,0.1456025568768382,0.03312650485895574,1.4308231137692928
2026-04-23 07:31:08.900,3509419.224224952,779145.9172793323,5250978.510281774,-43745.95259107183,35.78372261932581,0.4333195276558399,0.41872585425153375,0.48043987713754177
2026-04-23 07:31:09.000,3509419.267608825,779145.8691771567,5250978.649537389,-43750.183622994344,35.91180650275034,0.4338387306779623,-0.48102175584062934,1.3925561495125294
2026-04-23 07:31:09.100,3509419.253049088,779145.8164690055,5250978.607803776,-43754.54607789961,36.300881614540806,-0.1455973694100976,-0.5270815116818994,-0.4173361323773861
2026-04-23 07:31:09.200,3509419.2197402874,779145.8551205879,5250978.455837049,-43758.99384354109,36.23819304918026,-0.33308800775557756,0.38651582319289446,-1.519667273387313
2026-04-23 07:31:09.300,3509419.2401614096,779145.8656756312,5250978.494388013,-43763.30785034924,36.15513647250248,0.20421122200787067,0.1055504335090518,0.38550964556634426
2026-04-23 07:31:09.400,3509419.176266429,779145.8847172251,5250978.541307469,-43767.65430885445,36.393472879836935,-0.6389498058706522,0.19041593885049224,0.46919455751776695
2026-04-23 07:31:09.500,3509419.0971929617,779145.871806323,5250978.559995218,-43772.03312401623,36.44298471689867,-0.7907346729189157,-0.12910902150906622,0.18687749281525612
2026-04-23 07:31:09.600,3509419.1225523376,779145.8386881149,5250978.595181719,-43776.336699624364,36.5020807408078,0.2535937586799264,-0.33118208055384457,0.3518650121986866
2026-04-23 07:31:09.700,3509419.157007873,779145.835505117,5250978.653418705,-43780.646748680025,36.33409890716645,0.3445553546771407,-0.03182997927069664,0.5823698546737432
2026-04-23 07:31:09.800,3509419.1091231746,779145.7187395617,5250978.496617139,-43785.11360932314,36.61483300347362,-0.4788469849154353,-1.1676555522717535,-1.568015655502677
2026-04-23 07:31:09.900,3509419.006670302,779145.6990467107,5250978.433369044,-43789.52815888283,36.125769954862314,-1.0245287278667092,-0.19692850997671485,-0.632480951026082
2026-04-23 07:31:10.000,3509418.9937517494,779145.7270410776,5250978.463492474,-43793.866210210916,36.20879254969736,-0.1291855238378048,0.27994366828352213,0.30123429372906685
2026-04-23 07:31:10.100,3509418.960373031,779145.6621029931,5250978.507654827,-43798.223992969375,36.49240467422018,-0.3337871842086315,-0.6493808445520699,0.4416235350072384
2026-04-23 07:31:10.200,3509418.9622454443,779145.7157304081,5250978.630477709,-43802.498418150506,36.70569214217574,0.018724133260548115,0.536274149781093,1.2282288167625666
2026-04-23 07:31:10.300,3509418.93171755,779145.7137893864,5250978.527897896,-43806.906052629805,36.28849013626145,-0.30527894385159016,-0.01941021648235619,-1.025798125192523
2026-04-23 07:31:10.400,3509418.8199393637,779145.6595494758,5250978.365703233,-43811.39719225697,36.402396236126684,-1.1177818616852164,-0.5423991067800671,-1.6219466365873814
2026-04-23 07:31:10.500,3509418.7298035566,779145.6226924991,5250978.301602566,-43815.833565057445,36.10487332722574,-0.9013580717146397,-0.3685697668697685,-0.6410066690295935
2026-04-23 07:31:10.600,3509418.7304433146,779145.6618427609,5250978.275099698,-43820.208022751845,36.03448160008625,0.006397580727934837,0.3915026178583503,-0.26502867229282856
2026-04-23 07:31:10.700,3509418.722132404,779145.6108809344,5250978.196094922,-43824.6030187933,36.17866563783502,-0.08310910779982805,-0.5096182646229863,-0.7900477666407824
2026-04-23 07:31:10.800,3509418.6949494886,779145.6190337259,5250978.174090037,-43828.980097721775,36.39273640594013,-0.2718291524797678,0.0815279153175652,-0.2200488466769457
2026-04-23 07:31:10.900,3509418.619432484,779145.5996938078,5250978.123087919,-43833.400439063196,36.40370000272279,-0.7551700482144952,-0.19339918158948421,-0.5100211780518293
2026-04-23 07:31:11.000,3509418.6191318994,779145.5195986468,5250978.10376138,-43837.76685738438,36.662496290053134,-0.003005843609571457,-0.8009516098536551,-0.1932653971016407
2026-04-23 07:31:11.100,3509418.5768131386,779145.5725930692,5250978.101668196,-43842.13490420979,36.50042783661113,-0.4231876088306308,0.5299442238174379,-0.02093183808028698
2026-04-23 07:31:11.200,3509418.523098222,779145.6480453497,5250978.167455196,-43846.45510228457,36.23969563515258,-0.5371491657570004,0.7545228058006614,0.6578700058162212
2026-04-23 07:31:11.300,3509418.594175273,779145.6710095231,5250978.310893218,-43850.684100654515,36.21961032126793,0.7107705110684037,0.22964173345826566,1.434380216524005
2026-04-23 07:31:11.400,3509418.6002841652,779145.6667701175,5250978.360919799,-43855.00929454055,36.531519461654995,0.06108892150223255,-0.042394056217744946,0.5002658069133759
2026-04-23 07:31:11.500,3509418.556409963,779145.7204214586,5250978.44155629,-43859.3262410754,36.21737887825405,-0.4387420229613781,0.5365134112071246,0.8063649106770754
2026-04-23 07:31:11.600,3509418.535386771,779145.7334691224,5250978.551663912,-43863.65368381171,36.56641672081938,-0.210231919772923,0.13047663844190538,1.1010762210935354
2026-04-23 07:31:11.700,3509418.534988066,779145.7339127912,5250978.636013883,-43867.95633664943,36.7074163492689,-0.0039870478212833405,0.004436688032001257,0.8434997126460075
2026-04-23 07:31:11.800,3509418.557550485,779145.7737535771,5250978.770070452,-43872.2071145854,36.436028147134834,0.22562418598681688,0.39840785902924836,1.3405656907707453
2026-04-23 07:31:11.900,3509418.5791749596,779145.7963711683,5250978.978878821,-43876.43294229324,36.43297290454367,0.2162447478622198,0.22617591195739806,2.088083690032363
2026-04-23 07:31:12.000,3509418.5525290133,779145.8318225726,5250979.039194526,-43880.75529501071,36.08640942156028,-0.2664594631642103,0.3545140428468585,0.6031570490449667
2026-04-23 07:31:12.100,3509418.4937382224,779145.8555442023,5250979.07429411,-43885.12420365692,36.50482284785787,-0.5879079084843397,0.23721629637293518,0.3509958367794752
2026-04-23 07:31:12.200,3509418.468572066,779145.8646185836,5250978.992281645,-43889.54157930625,36.883337234576786,-0.25166156236082315,0.0907438131980598,-0.8201246522367001
2026-04-23 07:31:12.300,3509418.532761585,779145.8903748071,5250979.071910048,-43893.817645108655,36.830507856426024,0.6418951880186796,0.2575622347649187,0.796284032985568
2026-04-23 07:31:12.400,3509418.5700528817,779145.9292318698,5250979.135822157,-43898.11063368697,37.10179624241875,0.37291296757757664,0.3885706269647926,0.6391210947185755
2026-04-23 07:31:12.500,3509418.5644846247,779145.9226450843,5250979.000033196,-43902.49559794833,36.74601579927109,-0.05568257067352533,-0.06586785428225994,-1.3578896131366491
2026-04-23 07:31:12.600,3509418.548149152,779145.993842438,5250979.086306639,-43906.77784978866,36.88556373619844,-0.16335472464561462,0.7119735365267843,0.86273442953825
2026-04-23 07:31:12.700,3509418.571216736,779146.0296453153,5250979.21631939,-43911.01873704418,37.183089085735105,0.23067583795636892,0.35802877275273204,1.3001275062561035
2026-04-23 07:31:12.800,3509418.51643601,779146.0073908048,5250979.150884176,-43915.43104747531,37.39955667193505,-0.547807258553803,-0.22254510433413088,-0.6543521396815777
2026-04-23 07:31:12.900,3509418.4603218827,779145.9796346319,5250979.05916106,-43919.85903715752,37.42426534622616,-0.5611412739381194,-0.27756172930821776,-0.917231161147356
2026-04-23 07:31:13.000,3509418.491360517,779145.9466045218,5250979.010843077,-43924.22553629577,37.611501344992654,0.3103863447904587,-0.33030110062099993,-0.4831798281520605
2026-04-23 07:31:13.100,3509418.547192001,779145.8767114478,5250979.1088891,-43928.47203318021,37.0513136173664,0.558314835652709,-0.698930739890784,0.9804602339863777
2026-04-23 07:31:13.200,3509418.4891705886,779145.8816983484,5250979.017919279,-43932.90350632439,37.19353826715875,-0.5802141223102808,0.04986900603398681,-0.9096982143819332
2026-04-23 07:31:13.300,3509418.4461665195,779145.9179562111,5250979.073638594,-43937.20328919115,36.91365755989336,-0.4300406901165843,0.36257862695492804,0.5571931507438421
2026-04-23 07:31:13.400,3509418.3718790854,779145.9699725375,5250979.066288971,-43941.59297506009,36.696057751012404,-0.7428743410855532,0.5201632634270936,-0.07349622435867786
2026-04-23 07:31:13.500,3509418.3688690844,779145.9890807468,5250979.152106553,-43945.90690862056,37.173612457170876,-0.030100010335445404,0.19108209293335676,0.8581758197396994
2026-04-23 07:31:13.600,3509418.296471104,779145.9277092933,5250979.059528251,-43950.33815300115,37.44024026044037,-0.7239798037335277,-0.6137145345564932,-0.9257830213755369
2026-04-23 07:31:13.700,3509418.3210208802,779145.9534524112,5250978.931283862,-43954.76143352299,37.49474278743694,0.2454977622255683,0.2574311790522188,-1.2824438884854317
2026-04-23 07:31:13.800,3509418.3306185277,779146.0338188156,5250978.934626454,-43959.11451703684,37.45903584133213,0.09597647469490767,0.8036640437785536,0.033425912261009216
2026-04-23 07:31:13.900,3509418.3659985433,779146.0022074888,5250978.863822056,-43963.45835420915,37.160974002803215,0.3538001561537385,-0.31611326849088073,-0.7080439757555723
2026-04-23 07:31:14.000,3509418.3457231424,779145.9986757167,5250978.868270284,-43967.81375270118,37.11954101996707,-0.20275400951504707,-0.03531772061251104,0.0444822758436203
2026-04-23 07:31:14.100,3509418.4294840083,779145.9721545094,5250979.025591015,-43972.00927029405,36.6007677957964,0.8376086596399546,-0.2652120729908347,1.573207313194871
2026-04-23 07:31:14.200,3509418.4097899855,779146.0465794079,5250979.09431654,-43976.31331740136,36.35632613798149,-0.19694022834300995,0.7442489848472178,0.6872552540153265
2026-04-23 07:31:14.300,3509418.4628494256,779146.0152966538,5250979.104679535,-43980.613037939765,36.46291492662325,0.5305944010615349,-0.3128275403287262,0.10362994857132435
2026-04-23 07:31:14.400,3509418.419972915,779146.0374028219,5250979.159346638,-43984.94745740481,36.37914739343461,-0.4287651041522622,0.22106168093159795,0.5466710310429335
2026-04-23 07:31:14.500,3509418.4039455503,779146.0155433217,5250979.1747466875,-43989.28613555437,35.97506080826482,-0.16027364879846573,-0.21859500207938254,0.15400049276649952
2026-04-23 07:31:14.600,3509418.400364715,779145.9964050523,5250979.044154187,-43993.71834776502,35.99802579571813,-0.03580835182219744,-0.19138269475661218,-1.3059250079095364
2026-04-23 07:31:14.700,3509418.389584688,779145.967911461,5250979.051009229,-43998.069682217305,35.68801547178237,-0.10780027136206627,-0.28493591235019267,0.06855042651295662
2026-04-23 07:31:14.800,3509418.4736932637,779145.9360763582,5250979.178233458,-44002.28786552006,35.676429501364545,0.8410857571288943,-0.31835102825425565,1.272242283448577
2026-04-23 07:31:14.900,3509418.47428327,779145.997791486,5250979.30896992,-44006.57532889065,35.708798485670215,0.005900063551962376,0.6171512778382748,1.3073646184056997
2026-04-23 07:31:15.000,3509418.402907848,779145.9949244873,5250979.392134306,-44010.91441387601,35.74261617563281,-0.7137542217969894,-0.028669986641034484,0.8316438645124435
2026-04-23 07:31:15.100,3509418.410885207,779146.0269478773,5250979.407636724,-44015.242643128855,35.44630164664456,0.07977358996868134,0.3202338994015008,0.15502418391406536
2026-04-23 07:31:15.200,3509418.4212977537,779146.017907423,5250979.291247186,-44019.643881837364,35.73581690350104,0.10412546806037426,-0.09040454286150634,-1.1638953816145658
2026-04-23 07:31:15.300,3509418.5322201955,779145.994014656,5250979.372953938,-44023.894592454075,35.536810682281875,1.1092244181782007,-0.23892766912467778,0.8170675206929445
2026-04-23 07:31:15.400,3509418.4830577387,779146.0208609443,5250979.408001183,-44028.2388730301,35.204389060173646,-0.4916245676577091,0.2684628823772073,0.35047244280576706
2026-04-23 07:31:15.500,3509418.474553503,779146.0067640974,5250979.320148675,-44032.669952484874,35.222280445025824,-0.08504235651344061,-0.1409684692043811,-0.8785250782966614
2026-04-23 07:31:15.600,3509418.458116061,779146.0240820784,5250979.261652412,-44037.05383817567,35.53780380640888,-0.16437442041933537,0.17317980993539095,-0.5849626287817955
2026-04-23 07:31:15.700,3509418.5703758043,779146.0544407087,5250979.421173067,-44041.2418362808,35.494904293805625,1.1225974326953292,0.3035863034892827,1.5952065493911505
2026-04-23 07:31:15.800,3509418.575254933,779146.0549849585,5250979.403415668,-44045.61731781414,35.64226267080304,0.048791286535561085,0.005442497786134481,-0.17757399007678032
2026-04-23 07:31:15.900,3509418.575808801,779146.1055834854,5250979.431353549,-44049.97266087458,35.75311941052144,0.0055386824533343315,0.505985269555822,0.2793788071721792
2026-04-23 07:31:16.000,3509418.5476020994,779146.0672941126,5250979.326165269,-44054.386797314044,35.82185978145847,-0.2820670185610652,-0.3828937280923128,-1.0518827941268682
2026-04-23 07:31:16.100,3509418.6316429963,779146.0202925516,5250979.346781006,-44058.671998180755,35.639737718165456,0.8404089696705341,-0.47001561033539474,0.20615736953914165
2026-04-23 07:31:16.200,3509418.627955604,779146.0342644413,5250979.329182143,-44063.02856187957,35.89026182002908,-0.03687392454594374,0.13971889740787446,-0.17598862759768963
2026-04-23 07:31:16.300,3509418.6549969073,779146.0139510948,5250979.23412313,-44067.42868319799,36.05262579307954,0.2704130345955491,-0.20313346525654197,-0.9505901299417019
2026-04-23 07:31:16.400,3509418.587390142,779145.9909142425,5250979.092740703,-44071.85240133836,36.33514486935586,-0.6760676531121135,-0.23036852362565696,-1.4138242695480585
2026-04-23 07:31:16.500,3509418.634933096,779145.9493817801,5250979.11578247,-44076.17260125338,36.057307586403034,0.4754295386373997,-0.4153246234636754,0.23041767068207264
2026-04-23 07:31:16.600,3509418.641248343,779145.9375391196,5250979.193646551,-44080.466827905795,36.18248624341597,0.06315247155725956,-0.11842660489492118,0.7786408066749573
2026-04-23 07:31:16.700,3509418.5970235863,779145.9954367488,5250979.1505700685,-44084.84997200057,36.112111676235386,-0.4422475676983595,0.5789762921631336,-0.43076482601463795
2026-04-23 07:31:16.800,3509418.5585640837,779145.987989397,5250979.122099498,-44089.22071794076,36.12234168485706,-0.3845950262621045,-0.07447351817972958,-0.2847057022154331
2026-04-23 07:31:16.900,3509418.5975086903,779146.0262764738,5250979.313435879,-44093.4749573941,36.097368531157336,0.3894460666924715,0.3828707674983889,1.913363803178072
2026-04-23 07:31:17.000,3509418.6666670535,779145.981894939,5250979.225157468,-44097.83409379734,36.179337099990086,0.6915836315602064,-0.44381534797139466,-0.8827841095626354
2026-04-23 07:31:17.100,3509418.685065974,779145.9596915266,5250979.195836292,-44102.18979421076,36.11319974790036,0.1839892053976655,-0.22203412372618914,-0.2932117599993944
2026-04-23 07:31:17.200,3509418.6724809906,779145.9306569526,5250979.290579348,-44106.48563027325,35.9763849745606,-0.12584983371198177,-0.29034574050456285,0.9474305622279644
2026-04-23 07:31:17.300,3509418.7036278564,779145.8808754565,5250979.348974035,-44110.75973332083,35.88858069738273,0.3114686580374837,-0.4978149605449289,0.5839468725025654
2026-04-23 07:31:17.400,3509418.6886702124,779145.8300359681,5250979.390856673,-44115.07197415188,35.27848119618104,-0.14957644045352936,-0.5083948839455843,0.4188263788819313
2026-04-23 07:31:17.500,3509418.60303059,779145.8282386836,5250979.326260074,-44119.48495744256,35.356304438400215,-0.8563962252810597,-0.017972844652831554,-0.6459659896790981
2026-04-23 07:31:17.600,3509418.5868490385,779145.8535549925,5250979.298490051,-44123.850206208095,35.380526922832225,-0.161815513856709,0.2531630883459002,-0.27770022861659527
2026-04-23 07:31:17.700,3509418.5863870475,779145.9393253068,5250979.38690005,-44128.1779692381,35.22934150572301,-0.004619909450411797,0.8577031432650983,0.8840999845415354
2026-04-23 07:31:17.800,3509418.5682235095,779145.9301303297,5250979.391116057,-44132.50832659874,35.0432198864686,-0.18163538072258234,-0.0919497711583972,0.042160069569945335
2026-04-23 07:31:17.900,3509418.635204262,779145.9179216461,5250979.424224578,-44136.81150450021,34.915738142132305,0.6698075262829661,-0.1220868353266269,0.3310852125287056
2026-04-23 07:31:18.000,3509418.598662655,779145.9387807826,5250979.361729559,-44141.221477752566,34.94662500836363,-0.3654160723090172,0.20859136478975415,-0.6249501928687096
2026-04-23 07:31:18.100,3509418.5765281487,779145.9100789207,5250979.3016134,-44145.62107292003,35.19301051117681,-0.2213450614362955,-0.2870186197105795,-0.6011615879833698
2026-04-23 07:31:18.200,3509418.5922461837,779145.8934129503,5250979.190001461,-44150.045881916376,35.16348325566427,0.157180349342525,-0.16665970324538648,-1.1161193903535604
2026-04-23 07:31:18.300,3509418.7452804,779145.878025867,5250979.150928635,-44154.34596532837,35.19364650162572,1.5303421625867486,-0.15387083287350833,-0.3907282557338476
2026-04-23 07:31:18.400,3509418.7114732196,779145.905238025,5250979.378187125,-44158.609355470326,35.172225239146584,-0.3380718035623431,0.27212157961912453,2.272584894672036
2026-04-23 07:31:18.500,3509418.7021595957,779145.8960129044,5250979.246990008,-44163.02469796641,35.16543075493342,-0.09313623886555433,-0.0922512065153569,-1.3119711633771658
2026-04-23 07:31:18.600,3509418.703858308,779145.8856325535,5250979.104249508,-44167.47058540034,35.436481829039245,0.016987123526632786,-0.10380350868217647,-1.4274050015956163
2026-04-23 07:31:18.700,3509418.7380544906,779145.9468583898,5250979.296963019,-44171.709960215376,35.26068632950762,0.341961826197803,0.6122583628166467,1.9271351117640734
2026-04-23 07:31:18.800,3509418.703591672,779146.0564471747,5250979.3609282775,-44176.07284029917,35.09514306130439,-0.3446281887590885,1.0958878498058766,0.639652581885457
2026-04-23 07:31:18.900,3509418.6992966654,779146.0106573781,5250979.389482786,-44180.38871634727,34.95211091449024,-0.042950063943862915,-0.4578979662619531,0.28554508462548256
2026-04-23 07:31:19.000,3509418.6738063297,779146.0481372962,5250979.430038927,-44184.75289302226,35.11036544886213,-0.25490335654467344,0.37479918100871146,0.40556141175329685
2026-04-23 07:31:19.100,3509418.736574579,779146.0770081955,5250979.61065149,-44188.96687968258,34.679777523171616,0.6276824930682778,0.28870899230241776,1.8061256315559149
2026-04-23 07:31:19.200,3509418.7032857034,779146.0776781427,5250979.703346213,-44193.29211708738,34.69518259873946,-0.33288875594735146,0.0066994724329560995,0.9269472304731607
2026-04-23 07:31:19.300,3509418.6672115964,779146.0977319377,5250979.883390971,-44197.58660798983,34.613347096651786,-0.360741070471704,0.2005379495676607,1.8004475813359022
2026-04-23 07:31:19.400,3509418.745660899,779146.0897707227,5250979.851346631,-44201.93028940261,35.239344059849934,0.7844930281862617,-0.07961214985698462,-0.3204434085637331
2026-04-23 07:31:19.500,3509418.664765241,779146.1466245096,5250980.022942814,-44206.240021567064,35.83474737702114,-0.8089565811678767,0.5685378692578524,1.7159618344157934
2026-04-23 07:31:19.600,3509418.682499314,779146.1609316728,5250980.01213239,-44210.61756155389,36.17481202104685,0.17734073102474213,0.14307163190096617,-0.10810423642396927
2026-04-23 07:31:19.700,3509418.7546083326,779146.0776465266,5250979.83420284,-44215.02679029736,36.232264376290324,0.7210901845246553,-0.8328514616005123,-1.7792955040931702
2026-04-23 07:31:19.800,3509418.7280133436,779146.0381334417,5250979.835805785,-44219.39411809942,36.37646474077348,-0.26594989001750946,-0.3951308492105454,0.016029449179768562
2026-04-23 07:31:19.900,3509418.780110449,779146.0858865571,5250980.0034435885,-44223.64912299739,35.98595132276261,0.5209710542112589,0.47753115417435765,1.6763780359178782
2026-04-23 07:31:20.000,3509418.774355965,779146.1289812103,5250980.042039136,-44227.992166971744,36.28123347825309,-0.05754483863711357,0.4309465317055583,0.38595547899603844
2026-04-23 07:31:20.100,3509418.8238401734,779146.1011792467,5250979.985734744,-44232.33980861166,36.056448259806466,0.4948420822620392,-0.2780196361709386,-0.563043924048543
2026-04-23 07:31:20.200,3509418.9030415076,779146.0685609484,5250979.959097889,-44236.6390782725,35.568375915234746,0.7920133415609598,-0.3261829831171781,-0.26636854745447636
2026-04-23 07:31:20.300,3509418.8976401053,779146.0718964903,5250979.877295805,-44241.05634750991,35.87265225310727,-0.05401402246206999,0.03335541929118335,-0.8180208411067724
2026-04-23 07:31:20.400,3509418.889851412,779145.9995222015,5250979.844057174,-44245.44038463587,35.742896640039184,-0.07788693532347679,-0.7237428880762309,-0.3323863074183464
2026-04-23 07:31:20.500,3509418.921951241,779146.0787246526,5250979.850849429,-44249.76381187975,35.55875820579006,0.320998290553689,0.7920245116110891,0.06792254745960236
2026-04-23 07:31:20.600,3509418.973866289,779146.1128435931,5250979.8339827545,-44254.13527844814,35.718070518061914,0.5191504815593362,0.3411894047167152,-0.1686667464673519
2026-04-23 07:31:20.700,3509418.9151814617,779146.0935368004,5250979.837900028,-44258.51602163047,36.15321769252457,-0.5868482729420066,-0.19306792761199176,0.03917273133993149
2026-04-23 07:31:20.800,3509418.9368546065,779146.0657528241,5250979.7717752,-44262.92129581781,36.32618972830765,0.2167314477264881,-0.2778397628571838,-0.6612482760101557
2026-04-23 07:31:20.900,3509419.030884032,779146.096007971,5250979.849656886,-44267.19565582889,36.27978115830006,0.9402942564338446,0.3025514690671116,0.7788168638944626
2026-04-23 07:31:21.000,3509418.998059928,779146.0705661698,5250979.74520617,-44271.64723928527,36.712549703669076,-0.3282410418614745,-0.2544180117547512,-1.0445071663707495
2026-04-23 07:31:21.100,3509418.978841814,779146.0578584175,5250979.772727668,-44276.01269587395,36.75989591117383,-0.19218113739043474,-0.1270775229204446,0.2752149850130081
2026-04-23 07:31:21.200,3509419.10861945,779146.1033939668,5250979.878825035,-44280.23138973474,36.48914295732555,1.2977763591334224,0.45535549288615584,1.0609736666083336
2026-04-23 07:31:21.300,3509419.1092421655,779146.1577461986,5250979.981948934,-44284.545880148704,36.28769978355009,0.006227153353393078,0.5435223178938031,1.0312389861792326
2026-04-23 07:31:21.400,3509419.136844763,779146.1198143561,5250979.985057877,-44288.86230752283,36.515159062355444,0.2760259760543704,-0.3793184249661863,0.031089438125491142
2026-04-23 07:31:21.500,3509419.154952954,779146.0660242322,5250979.943629635,-44293.210118336916,36.566544412923946,0.18108190968632698,-0.5379012390039861,-0.41428242810070515
2026-04-23 07:31:21.600,3509419.124729711,779146.0643892541,5250979.8880406665,-44297.5988234017,36.920510967835156,-0.30223242938518524,-0.01634978107176721,-0.555889680981636
2026-04-23 07:31:21.700,3509419.2027173825,779146.0891360929,5250979.883476223,-44301.95260391523,37.13946459234325,0.7798767136409879,0.24746838840655982,-0.04564443603157997
2026-04-23 07:31:21.800,3509419.1523517333,779146.0398542914,5250979.81421469,-44306.39379749971,37.599800714917116,-0.5036564916372299,-0.492818015627563,-0.692615332081914
2026-04-23 07:31:21.900,3509419.1294610146,779146.0007610292,5250979.913148606,-44310.70175116109,37.31357077634777,-0.22890718653798103,-0.3909326216671616,0.9893391653895378
2026-04-23 07:31:22.000,3509418.975550014,779145.8909733864,5250979.7499846965,-44315.23223346849,37.82271305081252,-1.5391100058332086,-1.097876428393647,-1.6316390968859196
2026-04-23 07:31:22.100,3509419.3530579163,779146.160122144,5250980.136465094,-44319.172647616106,36.93073239325114,3.7750790221616626,2.6914875768125057,3.8648039754480124
2026-04-23 07:31:22.200,3509419.356908638,779146.1687587299,5250980.263934549,-44323.4468828924,36.40275885138454,0.03850721754133701,0.08636585902422667,1.274694548919797
2026-04-23 07:31:22.300,3509419.2477429598,779146.1171395017,5250980.169443762,-44327.93874610647,36.10569432038235,-1.0916567826643586,-0.5161922820843756,-0.944907870143652
2026-04-23 07:31:22.400,3509419.062788251,779146.0322852914,5250980.077489906,-44332.44823997353,36.129831919042665,-1.8495470890775323,-0.8485421037767082,-0.9195385593920946
2026-04-23 07:31:22.500,3509418.9362312015,779145.9759815631,5250980.129948885,-44336.87701355918,36.65558677657462,-1.265570493414998,-0.5630372825544327,0.524589791893959
2026-04-23 07:31:22.600,3509418.8228163086,779145.8614786289,5250980.045249831,-44341.33032299331,36.84328729540786,-1.1341489292681217,-1.1450293415691704,-0.84699054248631
2026-04-23 07:31:22.700,3509418.7605081503,779145.8355451362,5250979.896481321,-44345.76876897487,36.32385708370497,-0.6230815825983882,-0.2593349269591272,-1.4876850973814726
2026-04-23 07:31:22.800,3509418.726809292,779145.9266312078,5250980.033790995,-44350.089075060176,36.301908118349026,-0.33698858227580786,0.9108607156667858,1.3730967417359352
2026-04-23 07:31:22.900,3509418.8662200747,779145.9355052258,5250980.191690298,-44354.26718751847,35.84079440811846,1.3941078260540962,0.08874017978087068,1.5789930243045092
2026-04-23 07:31:23.000,3509418.656978409,779145.9355028792,5250980.086980734,-44358.77715193394,36.31972903894035,-2.0924166589975357,-2.346583642065525e-05,-1.047095637768507
2026-04-23 07:31:23.100,3509418.5163882114,779145.7078531763,5250979.780165484,-44363.33780872174,36.34953487337193,-1.405901974067092,-2.276497029233724,-3.0681524984538555
2026-04-23 07:31:23.200,3509418.572976148,779145.7030883929,5250979.691079028,-44367.70062283409,35.91472586924659,0.5658793682232499,-0.047647834289819,-0.8908645622432232
2026-04-23 07:31:23.300,3509418.4106909125,779145.5979893105,5250979.470335607,-44372.23947094655,35.993596085306855,-1.6228523571044207,-1.05099082342349,-2.207434205338359
2026-04-23 07:31:23.400,3509418.373762464,779145.5630288828,5250979.3841564115,-44376.64914950188,36.006283861422524,-0.36928448360413313,-0.3496042767073959,-0.8617919590324163
2026-04-23 07:31:23.500,3509418.4271046696,779145.7096845995,5250979.5178270945,-44380.93250516945,36.04395611111822,0.5334220547229052,1.4665571670047939,1.336706830188632
2026-04-23 07:31:23.600,3509418.4392348006,779145.6984955496,5250979.437262588,-44385.32666211096,35.872698258776005,0.12130131013691425,-0.11189049924723804,-0.8056450635194778
2026-04-23 07:31:23.700,3509418.396885904,779145.670380607,5250979.514812532,-44389.63926337248,35.76006348468455,-0.42348896618932486,-0.281149426009506,0.7754994370043278
2026-04-23 07:31:23.800,3509418.414205533,779145.6987378552,5250979.667299264,-44393.90547113204,35.735621804131966,0.17319628968834877,0.2835724817123264,1.5248673222959042
2026-04-23 07:31:23.900,3509418.411426992,779145.6724759581,5250979.534262773,-44398.335984468955,35.34916148803159,-0.027785408310592175,-0.2626189705915749,-1.330364914610982
2026-04-23 07:31:24.000,3509418.3043252267,779145.681715066,5250979.460274697,-44402.80941105996,35.38112247371608,-1.0710176546126604,0.09239107836037874,-0.7398807536810637
2026-04-23 07:31:24.100,3509418.3281139727,779145.7154621428,5250979.371272275,-44407.21550826341,35.10305456180063,0.2378874598070979,0.33747076871804893,-0.8900242205709219
2026-04-23 07:31:24.200,3509418.3769423296,779145.7316796791,5250979.456135437,-44411.51718196215,35.27874685098306,0.4882835689932108,0.1621753629297018,0.8486316166818142
2026-04-23 07:31:24.300,3509417.869034057,779146.7739050497,5250978.874662555,-44416.613658549555,34.762366083413475,-5.079082725569606,10.42225370532833,-5.814728820696473
2026-04-23 07:31:24.400,3509417.8439638377,779146.7932097976,5250978.887320783,-44420.95764452423,34.65815316427379,-0.25070219300687313,0.19304747926071286,0.12658228166401386
2026-04-23 07:31:24.500,3509417.825439299,779146.7638886602,5250978.842412292,-44425.33863212728,34.36842325110158,-0.18524538725614548,-0.29321137350052595,-0.449084909632802
2026-04-23 07:31:24.600,3509417.83610927,779146.7228440966,5250978.672476056,-44429.78394498707,34.31475896872268,0.10669970884919167,-0.4104456363711506,-1.6993623599410057
2026-04-23 07:31:24.700,3509417.8196235434,779146.719751366,5250978.659895152,-44434.14071749898,34.259781762855695,-0.16485726460814476,-0.03092730650678277,-0.12580904178321362
2026-04-23 07:31:24.800,3509417.8489912814,779146.6354958478,5250978.571908126,-44438.522296322786,34.549793628304656,0.2936773793771863,-0.8425551815889776,-0.8798702619969845
2026-04-23 07:31:24.900,3509417.877094117,779146.6273903186,5250978.602969349,-44442.823391470185,34.43326327445224,0.2810283564031124,-0.08105529239401221,0.31061223708093166
2026-04-23 07:31:25.000,3509417.865716214,779146.6180406108,5250978.630049046,-44447.14996828704,34.31536932383402,-0.11377903167158365,-0.09349707746878266,0.27079696767032146
2026-04-23 07:31:25.100,3509417.7674195245,779146.6014917381,5250978.508469358,-44451.609733246296,34.18017791299753,-0.9829668933525681,-0.16548872692510486,-1.2157968804240227
2026-04-23 07:31:25.200,3509417.8695450807,779146.5951081031,5250978.54513033,-44455.90315482099,34.202975179126454,1.021255562081933,-0.06383634987287223,0.3666097205132246
2026-04-23 07:31:25.300,3509417.97120356,779146.5754516893,5250978.496316665,-44460.218557766435,34.060628516308924,1.0165847931057215,-0.19656413816846907,-0.4881366528570652
2026-04-23 07:31:25.400,3509418.0169560355,779146.5853008573,5250978.531105878,-44464.522673580825,34.149533334324644,0.457524755038321,0.09849168010987341,0.34789212979376316
2026-04-23 07:31:25.500,3509418.023356086,779146.5817991119,5250978.480526059,-44468.89398197865,33.89893733503529,0.06400050595402718,-0.03501745406538248,-0.5057981889694929
2026-04-23 07:31:25.600,3509418.1479556174,779146.5879737847,5250978.364520849,-44473.25936385472,33.618101856425014,1.2459953129291534,0.061746727442368865,-1.160052102059126
2026-04-23 07:31:25.700,3509418.110443323,779146.6446263222,5250978.482024939,-44477.59234805562,33.55413827857851,-0.37512294482439756,0.5665253754705191,1.1750409007072449
2026-04-23 07:31:25.800,3509418.1711546173,779146.6429097807,5250978.57389663,-44481.86658290191,33.77203750611978,0.6071129441261292,-0.017165414756163955,0.9187169093638659
2026-04-23 07:31:25.900,3509418.1141337045,779146.5820575722,5250978.508571327,-44486.29900290061,33.89652456948572,-0.5702091287821531,-0.6085220852401108,-0.6532530300319195
2026-04-23 07:31:26.000,3509418.1187459123,779146.5868374412,5250978.556062206,-44490.63810772353,34.22844937318471,0.04612207878381014,0.04779868992045522,0.47490878961980343
2026-04-23 07:31:26.100,3509418.199464406,779146.5302933828,5250978.559075599,-44494.954837962374,34.09542653275006,0.8071849355474114,-0.5654405837412924,0.0301339291036129
2026-04-23 07:31:26.200,3509418.229392244,779146.5217786832,5250978.547234012,-44499.27076522112,34.22125244464582,0.299278381280601,-0.08514699642546475,-0.11841586790978909
2026-04-23 07:31:26.300,3509418.2711546463,779146.5895614726,5250978.709031062,-44503.53107994256,34.251165707235124,0.41762402281165123,0.6778278946876526,1.6179705038666725
2026-04-23 07:31:26.400,3509418.2145197997,779146.6404855503,5250978.715287416,-44507.91475812113,33.84816212089027,-0.566348466090858,0.5092407763004303,0.06256354041397572
2026-04-23 07:31:26.500,3509418.117982625,779146.7274746665,5250978.660298175,-44512.35562723981,33.836044231786936,-0.9653717465698719,0.8698911627288908,-0.5498924106359482
2026-04-23 07:31:26.600,3509418.1728819595,779146.7875249428,5250978.789712129,-44516.62421893702,33.460177642217914,0.5489933444187045,0.6005027622450143,1.294139539822936
2026-04-23 07:31:26.700,3509418.224076721,779146.8579275081,5250978.786314615,-44520.974057368,32.923135703786535,0.5119476141408086,0.7040256529580802,-0.0339751411229372
2026-04-23 07:31:26.800,3509418.3491529636,779146.7919239406,5250978.855589513,-44525.21960328375,33.19482637914883,1.250762427225709,-0.6600356742274016,0.6927489768713713
2026-04-23 07:31:26.900,3509418.3011775403,779146.9140632733,5250979.037604236,-44529.51901639679,33.41558160151537,-0.479754232801497,1.2213933269958943,1.8201472330838442
2026-04-23 07:31:27.000,3509418.273334606,779146.9010390099,5250978.848953854,-44534.01561282581,32.665506676808654,-0.27842934243381023,-0.1302426343318075,-1.886503817513585
2026-04-23 07:31:27.100,3509418.3656957713,779146.9240656667,5250978.863698251,-44538.30535496789,32.246703479474405,0.9236116521060467,0.23026656825095415,0.14744396321475506
2026-04-23 07:31:27.200,3509418.4671635646,779146.9065333534,5250978.877467081,-44542.57417216805,32.14998721564486,1.0146779334172606,-0.17532313358969986,0.13768830336630344
2026-04-23 07:31:27.300,3509418.5922776177,779146.8903546813,5250978.970065663,-44546.83686220897,31.7324988512453,1.2511405302211642,-0.16178672085516155,0.9259858168661594
2026-04-23 07:31:27.400,3509418.5791133326,779146.9455334734,5250978.923372951,-44551.250247346215,31.885512256251022,-0.13164285104721785,0.5517879209946841,-0.4669271130114794
2026-04-23 07:31:27.500,3509418.7428000923,779146.8596637048,5250978.880132857,-44555.554545438266,31.695764304677194,1.6368675976991653,-0.8586976863443851,-0.4324009455740452
2026-04-23 07:31:27.600,3509418.8044069153,779146.7997641069,5250978.760211947,-44559.93665854625,31.491983441838872,0.6160682300105691,-0.5989959789440036,-1.1992090940475464
2026-04-23 07:31:27.700,3509418.8874632977,779146.7291231469,5250978.605134658,-44564.33844714531,31.94298166985192,0.8305638236925006,-0.706409600097686,-1.5507728978991508
2026-04-23 07:31:27.800,3509418.7228678926,779146.8369533271,5250978.9623821,-44568.63070686355,37.638159284802974,-1.6459540510550141,1.0783018020447344,3.572474420070648
2026-04-23 07:31:27.900,3509418.830067403,779146.7798529998,5250978.79603879,-44573.01425552481,37.913338361698386,1.0719951055943966,-0.5710032721981406,-1.6634330991655588
2026-04-23 07:31:28.000,3509418.7724592574,779146.6930246608,5250978.81257206,-44577.40347509885,37.53320510541255,-0.5760814575478435,-0.8682833903003484,0.16533270478248596
2026-04-23 07:31:28.100,3509418.786884834,779146.7647990184,5250978.920582312,-44581.72517592975,37.430104975697766,0.1442557666450739,0.7177435758057982,1.0801025200635195
2026-04-23 07:31:28.200,3509419.316911413,779146.5498604869,5250978.487530483,-44585.96611964544,31.929141169880427,5.30026578810066,-2.1493853151332587,-4.33051829226315
2026-04-23 07:31:28.300,3509418.7488852474,779146.6657026295,5250978.781456704,-44590.50982544729,36.61886215535045,-5.680261654779315,1.1584214260801673,2.9392622131854296
2026-04-23 07:31:28.400,3509418.746265338,779146.7133198582,5250978.738166096,-44594.90002584811,36.96809089739938,-0.026199095882475376,0.476172287017107,-0.43290608562529087
2026-04-23 07:31:28.500,3509419.4578190786,779146.5031528865,5250978.216668925,-44599.10102995677,32.88534156851606,7.115537407808006,-2.1016697166487575,-5.214971704408526
2026-04-23 07:31:28.600,3509419.5348074543,779146.588000683,5250978.107371232,-44603.47997750892,32.957560049820344,0.7698837574571371,0.8484779647551477,-1.092976937070489
2026-04-23 07:31:28.700,3509419.578433538,779146.5462165792,5250978.062461445,-44607.82495672299,32.5494833618524,0.4362608352676034,-0.4178410384338349,-0.4490978643298149
2026-04-23 07:31:28.800,3509419.577888989,779146.5032118047,5250978.109600223,-44612.14052175726,32.76067182593389,-0.005445489659905434,-0.430047744885087,0.4713877756148577
2026-04-23 07:31:28.900,3509419.592509723,779146.4816956413,5250978.114392753,-44616.491459859986,33.16890973548266,0.146207339130342,-0.21516163367778063,0.047925300896167755
2026-04-23 07:31:29.000,3509418.5990521777,779146.5569993774,5250973.794286874,-44623.5316090685,33.091121936286825,-9.934575450606644,0.7530373614281416,-43.20105878636241
2026-04-23 07:31:29.100,3509418.4681204767,779146.5314886578,5250973.67947411,-44628.011724759745,33.17843898181395,-1.3093170104548335,-0.25510719628073275,-1.14812764339149
2026-04-23 07:31:29.200,3509419.427361981,779146.45958363,5250977.7935398305,-44629.791801549814,32.503053220256206,9.592415043152869,-0.7190502784214914,41.140657206997275
2026-04-23 07:31:29.300,3509419.412583754,779146.4260686788,5250977.865598711,-44634.10363664758,33.01245421661053,-0.147782270796597,-0.33514951122924685,0.7205888070166111
2026-04-23 07:31:29.400,3509419.367821976,779146.3372900101,5250977.898367686,-44638.475207175834,33.23640358523499,-0.44761777855455875,-0.8877866878174245,0.32768975012004375
2026-04-23 07:31:29.500,3509418.417618011,779146.3713742873,5250973.540008714,-44645.50796964,34.11800104452896,-9.502039649523795,0.3408427722752094,-43.58358971774578
2026-04-23 07:31:29.600,3509418.4621300856,779146.4132529304,5250973.572094126,-44649.8411252113,34.27520609004305,0.44512074440717697,0.4187864309642464,0.3208541125059128
2026-04-23 07:31:29.700,3509418.466555746,779146.4354535716,5250973.650956524,-44654.16204852218,34.21646743107612,0.04425660241395235,0.22200641222298145,0.7886239793151617
2026-04-23 07:31:29.800,3509418.292945601,779146.4889445713,5250973.511235015,-44658.71912388789,34.13187030076377,-1.7361014476045966,0.5349099973682314,-1.3972150906920433
2026-04-23 07:31:29.900,3509418.3016456193,779146.4424309236,5250973.408525813,-44663.11673532578,33.83146410504148,0.08700018282979727,-0.4651364777237177,-1.0270920116454363
2026-04-23 07:31:30.000,3509418.322767561,779146.4340373569,5250973.272434982,-44667.55394382969,34.229000339686245,0.2112194150686264,-0.08393566706217825,-1.360908318310976
2026-04-23 07:31:30.100,3509418.246766298,779146.4156354866,5250973.292712849,-44671.945941188606,34.40130450028386,-0.7600126275792718,-0.18401870271191,0.2027786709368229
2026-04-23 07:31:30.200,3509418.2937955786,779146.3789454912,5250973.35920373,-44676.23232647503,34.54428021579614,0.47029280569404364,-0.3668999543879181,0.6649088114500046
2026-04-23 07:31:30.300,3509419.432034339,779146.2150046647,5250978.321071094,-44677.516041381394,35.841799396734885,11.38238760177046,-1.6394082643091679,49.618673641234636
2026-04-23 07:31:30.400,3509419.425421511,779146.1105769172,5250978.161232299,-44681.95138426018,35.37188848125936,-0.06612828001379967,-1.0442774754483253,-1.598387947306037
2026-04-23 07:31:30.500,3509419.441307703,779146.250227725,5250978.154241063,-44686.33935603936,35.66582464762446,0.15886192210018635,1.3965080783236772,-0.06991236470639706
2026-04-23 07:31:30.600,3509419.289271198,779146.3367797963,5250977.989081059,-44690.9136614999,36.412436479148994,-1.520365048199892,0.8655207126867026,-1.6516000404953957
2026-04-23 07:31:30.700,3509419.3568696524,779146.3542939852,5250978.077459047,-44695.23472289196,36.439799771431446,0.6759845418855548,0.17514188890345395,0.8837798796594143
2026-04-23 07:31:30.800,3509419.496984372,779146.360013432,5250978.256676644,-44699.445790853635,36.40101655149021,1.4011471951380372,0.05719446809962392,1.7921759746968746
2026-04-23 07:31:30.900,3509419.509212226,779146.3504684144,5250978.319102908,-44703.760968572824,36.20143566146701,0.1222785422578454,-0.09545017615891993,0.6242626346647739
2026-04-23 07:31:31.000,3509419.5431420463,779146.3387521453,5250978.296505723,-44708.13048395326,36.48869940377303,0.3392982017248869,-0.11716269073076546,-0.22597184404730797
2026-04-23 07:31:31.100,3509419.5244846763,779146.2914902634,5250978.177010407,-44712.553483586875,36.60918382734019,-0.18657370004802942,-0.47261881874874234,-1.1949531640857458
2026-04-23 07:31:31.200,3509419.4424297856,779146.3170013195,5250978.123770797,-44717.011240323656,36.95185456259445,-0.8205489069223404,0.25511056068353355,-0.532396100461483
2026-04-23 07:31:31.300,3509419.3881746302,779146.3542494725,5250978.162186683,-44721.38963072877,36.66895389542522,-0.5425515538081527,0.3724815300665796,0.3841588646173477
2026-04-23 07:31:31.400,3509419.368063175,779146.3545064473,5250978.167564782,-44725.77281092399,36.222914645959115,-0.20111455116420984,0.0025697483215481043,0.053780991584062576
2026-04-23 07:31:31.500,3509418.6093286616,779146.6665204429,5250978.71667114,-44730.34437246681,42.00373163413911,-7.587345135398209,3.120139956008643,5.491063576191664
2026-04-23 07:31:31.600,3509418.5766194705,779146.7159442756,5250978.79818063,-44734.69684280307,42.32094551045786,-0.3270919108763337,0.4942383267916739,0.815094904974103
2026-04-23 07:31:31.700,3509419.1423797505,779146.5227044518,5250978.152231783,-44739.02616988554,36.846409378938425,5.657602800056338,-1.9323982379864901,-6.459488477557898
2026-04-23 07:31:31.800,3509418.6012193854,779146.718282104,5250978.61295173,-44743.494500978566,42.05800231197646,-5.4116036510095,1.955776521936059,4.607199477031827
2026-04-23 07:31:31.900,3509419.0620891172,779146.5142146683,5250978.260296151,-44747.74252620884,36.67919238198955,4.608697318471968,-2.040674356976524,-3.5265557933598757
2026-04-23 07:31:32.000,3509418.525555721,779146.6385758575,5250978.6088638855,-44752.247664834,41.74126835256864,-5.365333962254226,1.2436118919868022,3.485677344724536
2026-04-23 07:31:32.100,3509418.834223104,779146.4709493002,5250978.4214558005,-44756.49885590581,35.62823508075854,3.0866738315671682,-1.6762655728962272,-1.8740808498114347
2026-04-23 07:31:32.200,3509418.957534152,779146.3513768429,5250978.449277219,-44760.76859561823,34.90156260493784,1.233110479079187,-1.1957245727535337,0.27821418829262257
2026-04-23 07:31:32.300,3509419.497007282,779145.5365966405,5250978.959415696,-44764.423736559234,44.026391002505626,5.39473129902035,-8.147802024614066,5.10138476267457
2026-04-23 07:31:32.400,3509418.811835059,779146.399668838,5250978.591262616,-44769.49563313317,40.11318964357623,-6.85172223020345,8.630721975350752,-3.6815307941287756
2026-04-23 07:31:32.500,3509418.8556393464,779146.3870628902,5250978.641947496,-44773.76851820964,39.63503718874385,0.4380428744480014,-0.12605947791598737,0.5068487953394651
2026-04-23 07:31:32.600,3509418.877345863,779146.3411017195,5250978.582381584,-44778.10297228259,38.69368529429175,0.2170651638880372,-0.4596117069013417,-0.5956591200083494
2026-04-23 07:31:32.700,3509418.92427761,779146.284183739,5250978.606605779,-44782.41617370431,38.524817574282174,0.4693174734711647,-0.5691798054613173,0.24224195629358292
2026-04-23 07:31:32.800,3509418.936603503,779146.2827765291,5250978.713636475,-44786.705307782824,37.887430442931766,0.12325892690569162,-0.014072099002078176,1.0703069530427456
2026-04-23 07:31:32.900,3509418.9094997654,779146.311435195,5250978.700566393,-44791.062686762794,37.85052548203662,-0.27103737462311983,0.28658665949478745,-0.13070081360638142
2026-04-23 07:31:33.000,3509418.9638917577,779146.2613546128,5250978.891373218,-44795.28525573042,38.132408473623464,0.5439199227839708,-0.5008058226667345,1.9080682471394539
2026-04-23 07:31:33.100,3509419.0333069116,779146.3158117088,5250978.8460850315,-44799.62104523356,38.41593167675392,0.6941515393555164,0.5445709603372961,-0.4528818652033806
2026-04-23 07:31:33.200,3509419.0956605896,779146.3489453398,5250978.857743966,-44803.949174035304,38.76746794011615,0.6235367804765701,0.33133630990050733,0.11658934876322746
2026-04-23 07:31:33.300,3509419.1031899666,779146.3610328344,5250978.848282704,-44808.31804051045,38.402785877224815,0.0752937700599432,0.12087494600564241,-0.0946126226335764
2026-04-23 07:31:33.400,3509419.1122264774,779146.3395647274,5250978.874449798,-44812.64872765935,38.194578688588855,0.09036510717123747,-0.21468107006512582,0.2616709377616644
2026-04-23 07:31:33.500,3509419.0654080105,779146.3464098,5250978.817681674,-44817.02880653057,38.39776308389413,-0.4681846685707569,0.0684507261030376,-0.5676812399178743
2026-04-23 07:31:33.600,3509419.5697979685,779145.6482230169,5250979.086229425,-44820.82380359943,43.36595490470696,5.0438995799049735,-6.981867831200361,2.6854775100946426
2026-04-23 07:31:33.700,3509418.8229747396,779146.5505246093,5250978.814968547,-44825.891755089826,39.17638455919541,-7.468232288956642,9.023015924030915,-2.7126087807118893
2026-04-23 07:31:33.800,3509418.8568238323,779146.5105568384,5250978.79782076,-44830.22957352344,38.51333552051573,0.3384909266605973,-0.39967770921066403,-0.17147786915302277
2026-04-23 07:31:33.900,3509418.7570963544,779146.5404950094,5250978.808667319,-44834.63626476511,39.26028604362286,-0.9972747787833214,0.2993817103561014,0.10846558958292007
2026-04-23 07:31:34.000,3509418.8263358176,779146.5018085344,5250978.929869202,-44838.885382111264,39.133974232414204,0.6923946319147944,-0.38686475018039346,1.2120188307017088
2026-04-23 07:31:34.100,3509419.7648220146,779145.5919101177,5250979.366068053,-44842.34893971078,42.42042877568333,9.384861970320344,-9.09898416721262,4.361988510936499
2026-04-23 07:31:34.200,3509418.995390634,779146.4646691915,5250979.037365153,-44847.46792778932,39.391013417243606,-7.694313805550337,8.727590738562867,-3.2870289962738752
2026-04-23 07:31:34.300,3509419.072479695,779146.3011401375,5250978.969289608,-44851.76598197131,38.42215556028544,0.7708906102925539,-1.6352905402891338,-0.6807554513216019
2026-04-23 07:31:34.400,3509419.169664156,779146.1784468975,5250978.916111709,-44856.08275470849,37.781012528185784,0.9718446107581258,-1.2269323994405568,-0.531778996810317
2026-04-23 07:31:34.500,3509419.098699902,779146.1473757992,5250978.857789544,-44860.51887666824,38.17544946162833,-0.7096425397321582,-0.3107109828852117,-0.5832216423004866
2026-04-23 07:31:34.600,3509419.2461354462,779146.1254752222,5250978.837248964,-44864.82485147825,38.57574003710444,1.4743554405868053,-0.21900577004998922,-0.2054058015346527
2026-04-23 07:31:34.700,3509419.3006466934,779146.0263517274,5250978.7563700685,-44869.17929500033,38.37812075397434,0.5451124720275402,-0.9912349481601268,-0.8087889570742846
2026-04-23 07:31:34.800,3509419.291178883,779145.9131272843,5250978.638221866,-44873.60181640294,37.883687568696494,-0.09467810392379761,-1.1322444316465408,-1.181482020765543
2026-04-23 07:31:34.900,3509419.3738029343,779145.9294424524,5250978.691317516,-44877.90260496929,37.665230285677175,0.8262405125424266,0.1631516811903566,0.5309564992785454
2026-04-23 07:31:35.000,3509419.484607439,779145.8893185232,5250978.665495379,-44882.21603526695,37.543794602590026,1.1080450471490622,-0.40123929153196514,-0.25822137482464314
2026-04-23 07:31:35.100,3509419.4425599393,779145.8875447392,5250978.461853839,-44886.72942320326,37.81030730761233,-0.4204749967902899,-0.017737840535119176,-2.03641539439559
2026-04-23 07:31:35.200,3509419.475196717,779145.8202366803,5250978.483230462,-44891.04764871284,37.98373441561234,0.32636777497828007,-0.6730805884581059,0.21376622840762138
2026-04-23 07:31:35.300,3509419.5537359747,779145.7673207417,5250978.48283311,-44895.374802809565,38.04981076581635,0.7853925786912441,-0.5291593866422772,-0.003973525017499924
2026-04-23 07:31:35.400,3509419.645277696,779145.7764418583,5250978.530797652,-44899.68126177263,38.223120507444236,0.9154172148555517,0.09121116599999368,0.4796454217284918
2026-04-23 07:31:35.500,3509419.6612997293,779145.8018976798,5250978.573292576,-44904.02713479227,37.84047096551251,0.160220330581069,0.25455821538344026,0.42494923807680607
2026-04-23 07:31:35.600,3509419.6739494028,779145.8607711842,5250978.556234094,-44908.394630581075,38.155040247148754,0.12649673502892256,0.588735044002533,-0.17058481462299824
2026-04-23 07:31:35.700,3509419.8140328424,779145.7755685325,5250978.707567878,-44912.599637467174,37.670983249509455,1.400834396481514,-0.8520265168044716,1.5133378375321627
2026-04-23 07:31:35.800,3509419.874669724,779145.7258639054,5250978.648524395,-44916.9636605221,37.70091095129755,0.6063688173890114,-0.4970462713390589,-0.5904348287731409
2026-04-23 07:31:35.900,3509420.7088011657,779144.7266388662,5250979.025896683,-44920.494904898784,39.68447376847052,8.341314415447414,-9.992250391514972,3.773722881451249
2026-04-23 07:31:36.000,3509419.918136341,779145.6475368465,5250978.729539986,-44925.625159372015,37.05963585774591,-7.906648246571422,9.208979802206159,-2.9635669756680727
2026-04-23 07:31:36.100,3509419.9952900074,779145.5669541794,5250978.661414517,-44929.98887205513,37.0200688289051,0.7715366641059518,-0.8058266702573746,-0.6812546867877245
2026-04-23 07:31:36.200,3509420.1318317684,779145.4540063121,5250978.597322299,-44934.29980547242,36.12539073876379,1.3654176099225879,-1.1294786736834794,-0.6409221794456244
2026-04-23 07:31:36.300,3509420.1816664,779145.4926891042,5250978.563041272,-44938.65599311346,36.515014174223055,0.49834631383419037,0.3868279210291803,-0.34281027503311634
2026-04-23 07:31:36.400,3509420.3082713666,779145.4820936844,5250978.6538275,-44942.89596636944,36.01975960092614,1.2660496681928635,-0.10595419793389738,0.9078622795641422
2026-04-23 07:31:36.500,3509420.354718661,779145.4727950882,5250978.64631723,-44947.24817655937,35.777137298658666,0.4644729429855943,-0.0929859618190676,-0.07510269992053509
2026-04-23 07:31:36.600,3509420.362025168,779145.4507798469,5250978.529126241,-44951.689401062424,36.3217354693816,0.07306506857275963,-0.22015241323970258,-1.171909887343645
2026-04-23 07:31:36.700,3509420.452088199,779145.3928192926,5250978.587154599,-44955.9890494105,36.35073322616157,0.9006303129717708,-0.579605542588979,0.5802835803478956
2026-04-23 07:31:36.800,3509420.4849573704,779145.3869624733,5250978.49339584,-44960.39826705198,36.43657742420891,0.3286917135119438,-0.05856819334439933,-0.9375875908881426
2026-04-23 07:31:36.900,3509420.450184183,779145.2893791662,5250978.328115989,-44964.894837166576,36.854929572186855,-0.3477318724617362,-0.9758330706972629,-1.6527985036373138
2026-04-23 07:31:37.000,3509420.4519189075,779145.2407819193,5250978.191925677,-44969.358216180364,37.06298281620403,0.017347242683172226,-0.4859724687412381,-1.361903129145503
2026-04-23 07:31:37.100,3509420.4704387044,779145.2389965911,5250978.2144362945,-44973.710279006285,37.55380088009782,0.18519796896725893,-0.017853282624855638,0.22510617971420288
2026-04-23 07:31:37.200,3509420.4039278193,779145.22673891,5250978.112231515,-44978.180087410605,37.81306685904239,-0.6651088502258062,-0.12257681111805141,-1.0220477916300297
2026-04-23 07:31:37.300,3509420.3613386312,779145.2128139109,5250978.064232499,-44982.6142875668,37.83185561859009,-0.425891880877316,-0.1392499904613942,-0.47999016009271145
2026-04-23 07:31:37.400,3509420.3445424996,779145.2341583591,5250977.961392907,-44987.04573296457,37.65231265761519,-0.16796131618320942,0.21344448206946254,-1.0283959191292524
2026-04-23 07:31:37.500,3509420.4138504374,779145.2037189227,5250977.985110146,-44991.36771416844,37.302099000442325,0.6930793775245547,-0.30439436435699463,0.23717238567769527
2026-04-23 07:31:37.600,3509420.4542299486,779145.2443372036,5250978.121709901,-44995.66518756889,37.49554865608918,0.40379511192440987,0.4061828088015318,1.3659975491464138
2026-04-23 07:31:37.700,3509420.491812226,779145.1546299232,5250977.95706021,-45000.111008742475,37.36669956664642,0.37582277320325375,-0.8970728039275855,-1.6464969050139189
2026-04-23 07:31:37.800,3509420.430269993,779145.1500695053,5250977.870435845,-45004.54173977463,37.25810719180648,-0.615422329865396,-0.045604178449139,-0.8662436529994011
2026-04-23 07:31:37.900,3509420.4941073135,779145.0984885826,5250977.875538462,-45008.87613292626,37.13797193821438,0.6383732054382563,-0.5158092267811298,0.05102616734802723
2026-04-23 07:31:38.000,3509420.5255299974,779145.0716421042,5250977.851910257,-45013.24454262877,37.19746443266464,0.31422683969140053,-0.26846478460356593,-0.23628205060958862
2026-04-23 07:31:38.100,3509420.427451807,779145.0988098471,5250977.841700538,-45017.68251981436,37.32027028987054,-0.9807819034904242,0.271677429554984,-0.10209718719124794
2026-04-23 07:31:38.200,3509420.4569815653,779145.094034387,5250977.755967936,-45022.09382204172,37.67659182638309,0.29529758263379335,-0.04775460110977292,-0.8573260251432657
2026-04-23 07:31:38.300,3509420.4137889827,779145.056093893,5250977.626787061,-45026.56828133578,37.92245511516845,-0.4319258267059922,-0.3794049401767552,-1.2918087467551231
2026-04-23 07:31:38.400,3509420.4783132393,779145.0829094218,5250977.765504773,-45030.82886992479,37.632250106653615,0.6452425662428141,0.2681552874855697,1.3871771190315485
2026-04-23 07:31:38.500,3509420.4284583824,779145.1126913077,5250977.730041108,-45035.23503043787,37.96372792774252,-0.4985485691577196,0.2978188591077924,-0.35463664680719376
2026-04-23 07:31:38.600,3509420.490957103,779145.0774518676,5250977.675571929,-45039.60389122898,37.96403449352599,0.6249872082844377,-0.3523944003973156,-0.5446917936205864
2026-04-23 07:31:38.700,3509420.5123944064,779145.0432921371,5250977.615770445,-45043.98846242772,38.1859608454314,0.2143730316311121,-0.3415973053779453,-0.598014835268259
2026-04-23 07:31:38.800,3509420.5223845737,779145.0691862679,5250977.673930057,-45048.29566311279,37.30908256951587,0.09990167338401079,0.25894130812957883,0.5815961211919785
2026-04-23 07:31:38.900,3509420.576643971,779145.1068441768,5250977.759385533,-45052.57253130912,37.34877208250132,0.5425939708948135,0.3765790886245668,0.8545547537505627
2026-04-23 07:31:39.000,3509420.391510974,779145.0765054072,5250977.524136164,-45057.15627529579,37.423770896928225,-1.8513299664482474,-0.3033876954577863,-2.3524936847388744
2026-04-23 07:31:39.100,3509420.3795332825,779145.0639504085,5250977.586861368,-45061.50022170251,37.552839861730966,-0.11977691669017076,-0.125549987424165,0.6272520404309034
2026-04-23 07:31:39.200,3509420.445757745,779145.1141301291,5250977.7823436335,-45065.752022964254,37.205146417612895,0.6622446235269308,0.5017972062341869,1.954822652041912
2026-04-23 07:31:39.300,3509420.478487832,779145.116956998,5250977.808089838,-45070.102110024534,36.40114616604013,0.3273008717224002,0.02826868905685842,0.25746204890310764
2026-04-23 07:31:39.400,3509420.4890209297,779145.054221764,5250977.769562113,-45074.49273288317,36.73429747823278,0.10533097665756941,-0.6273523403797299,-0.38527725264430046
2026-04-23 07:31:39.500,3509420.532075412,779145.0526749883,5250977.821251563,-45078.82191108372,36.69848126372674,0.4305448243394494,-0.015467756893485785,0.5168944969773293
2026-04-23 07:31:39.600,3509420.5186333945,779145.050144294,5250977.874222923,-45083.19212027107,37.082065169884515,-0.1344201760366559,-0.025306942407041788,0.5297136027365923
2026-04-23 07:31:39.700,3509420.6610348644,779145.0350998233,5250977.874652003,-45087.476647367,36.82360046420496,1.4240146987140179,-0.1504447078332305,0.004290798678994179
2026-04-23 07:31:39.800,3509420.9277395653,779145.2262197728,5250978.051346661,-45091.57451978433,35.31677140453601,2.667047008872032,1.9111994956620038,1.7669465765357018
2026-04-23 07:31:39.900,3509426.2093257825,779148.4669310867,5250981.031632562,-45091.42916101918,34.50677702485671,52.81586217228323,32.407113139051944,29.802859015762806
2026-04-23 07:31:40.000,3509426.1529684807,779148.4763932654,5250980.980357015,-45095.870633874496,34.62462491226798,-0.5635730177164078,0.09462178684771061,-0.5127554759383202
2026-04-23 07:31:40.100,3509420.229628074,779144.8071895834,5250977.627048988,-45105.27274254552,37.84331224184386,-59.23340406734496,-36.6920368198771,-33.5330802667886
2026-04-23 07:31:40.200,3509420.0919375927,779144.8710863162,5250977.727549807,-45109.69223782552,37.985114013492385,-1.3769048126414418,0.6389673275407404,1.0050081927329302
2026-04-23 07:31:40.300,3509426.0722254566,779148.612229871,5250981.162843932,-45108.93296063231,34.846734954018714,59.80287863872945,37.411435547983274,34.3529412522912
2026-04-23 07:31:40.400,3509426.102079847,779148.6016677812,5250981.066629265,-45113.361293222224,35.30759423654184,0.2985439030453563,-0.1056208973750472,-0.962146669626236
2026-04-23 07:31:40.500,3509426.1661090483,779148.6437520717,5250981.014856974,-45117.718902429144,35.460753668119864,0.6402920139953494,0.42084290413185954,-0.5177229177206755
2026-04-23 07:31:40.600,3509426.173850812,779148.6293144459,5250981.021493694,-45122.09318815889,35.3779824950075,0.07741763722151518,-0.144376257667318,0.06636720150709152
2026-04-23 07:31:40.700,3509426.1887464505,779148.6038973758,5250980.981968982,-45126.45533269659,34.836082553583886,0.14895638450980186,-0.2541707013733685,-0.39524711668491364
2026-04-23 07:31:40.800,3509426.1852105935,779148.6268427187,5250980.843725624,-45130.915341619315,34.47427329076403,-0.03535856958478689,0.22945342934690416,-1.3824335858225822
2026-04-23 07:31:40.900,3509426.113264376,779148.5699904026,5250980.812769887,-45135.345517608934,34.16954327169705,-0.719462176784873,-0.5685231613460928,-0.3095573652535677
2026-04-23 07:31:41.000,3509425.9929211917,779148.5317110923,5250980.662406077,-45139.856426636296,33.9190273724655,-1.2034318409860134,-0.38279310218058527,-1.5036381036043167
2026-04-23 07:31:41.100,3509425.9937564065,779148.5193607169,5250980.572199564,-45144.24597294701,34.324565509864,0.008352147415280342,-0.12350375414825976,-0.902065122500062
2026-04-23 07:31:41.200,3509425.9418274863,779148.5068781966,5250980.627002706,-45148.62255822032,34.48208642129032,-0.5192892020568252,-0.12482520309276879,0.5480314139276743
2026-04-23 07:31:41.300,3509425.658969121,779148.5652740293,5250980.661587039,-45153.16290748094,35.18097481705871,-2.828583652153611,0.5839583266060799,0.34584333188831806
2026-04-23 07:31:41.400,3509425.637092487,779148.5745498956,5250980.720596304,-45157.53483075249,35.63571142948773,-0.2187663409858942,0.09275866323150694,0.5900926515460014
2026-04-23 07:31:41.500,3509425.6467857207,779148.5921432801,5250980.859120486,-45161.83235955182,35.37068317373083,0.09693233761936426,0.1759338448755443,1.3852418214082718
2026-04-23 07:31:41.600,3509425.4935688213,779148.6083523963,5250980.861348128,-45166.310551851995,35.077450346152006,-1.5321689937263727,0.16209116205573082,0.022276416420936584
2026-04-23 07:31:41.700,3509425.362364835,779148.605983838,5250980.900517332,-45170.73637717163,35.185198577889565,-1.3120398623868823,-0.02368558314628899,0.3916920442134142
2026-04-23 07:31:41.800,3509425.1898207124,779148.6404437462,5250980.892596751,-45175.241141365295,35.836591698958514,-1.725441226735711,0.34459908260032535,-0.07920580916106701
2026-04-23 07:31:41.900,3509425.047622057,779148.6746646813,5250980.979068645,-45179.68678500267,36.074709606109366,-1.4219865528866649,0.3422093507833779,0.8647189382463694
2026-04-23 07:31:42.000,3509424.9737133016,779148.664432718,5250980.910862575,-45184.14247198251,35.966233810976014,-0.7390875555574894,-0.10231963358819485,-0.6820606999099255
2026-04-23 07:31:42.100,3509424.8828198,779148.6480126556,5250980.733430848,-45188.671040277135,36.56572396999944,-0.9089350141584873,-0.16420062398537993,-1.774317268282175
2026-04-23 07:31:42.200,3509424.6189777893,779148.6231379422,5250980.729127659,-45193.22183630926,37.00658407780639,-2.638420108705759,-0.2487471338827163,-0.04303188994526863
2026-04-23 07:31:42.300,3509418.6129200556,779145.9310266146,5250978.69321829,-45202.122550521235,33.98790519317362,-60.06057733669877,-26.921113275457174,-20.359093695878983
2026-04-23 07:31:42.400,3509418.577452331,779145.9594547215,5250978.728237988,-45206.53672540529,34.49566368020812,-0.3546772478148341,0.28428106917999685,0.35019698552787304
2026-04-23 07:31:42.500,3509418.587877537,779145.950483726,5250978.745691174,-45210.94629536143,34.70172144597967,0.10425206273794174,-0.08970995550043881,0.1745318528264761
2026-04-23 07:31:42.600,3509418.47642448,779145.9484425782,5250978.653219863,-45215.436538300586,34.83015037448033,-1.114530572667718,-0.020411477889865637,-0.9247131086885929
2026-04-23 07:31:42.700,3509418.5028382475,779146.0201221667,5250978.849052656,-45219.73576452344,34.88570474455209,0.26413767598569393,0.7167958852369338,1.9583279360085726
2026-04-23 07:31:42.800,3509418.4690441987,779146.1505235513,5250978.913770608,-45224.1503956434,34.721304566936105,-0.33794048707932234,1.3040138455107808,0.6471795123070478
2026-04-23 07:31:42.900,3509418.3739514784,779146.1750527367,5250978.87451832,-45228.66187214398,34.67197357540357,-0.9509272035211325,0.24529185378924012,-0.39252287708222866
2026-04-23 07:31:43.000,3509418.3025050974,779146.149278315,5250978.845050906,-45233.13967200606,34.63474956122064,-0.7144638104364276,-0.25774421636015177,-0.29467414133250713
2026-04-23 07:31:43.100,3509418.3108606096,779146.1232131906,5250978.810860921,-45237.56951082683,34.625091785160755,0.08355512283742428,-0.2606512443162501,-0.34189985133707523
2026-04-23 07:31:43.200,3509418.229272977,779146.1395632956,5250978.801196536,-45242.01253779031,34.148224720869244,-0.8158763265237212,0.16350105055607855,-0.0966438464820385
2026-04-23 07:31:43.300,3509417.960742428,779146.452334489,5250979.089526438,-45246.45493450393,39.78243868726586,-2.6853054901584983,3.1277119333390146,2.883299021050334
2026-04-23 07:31:43.400,3509417.974119243,779146.4632119585,5250979.144722394,-45250.841034489575,40.15044946204774,0.13376815244555473,0.10877469554543495,0.5519595555961132
2026-04-23 07:31:43.500,3509418.2068471354,779146.354234422,5250979.055397718,-45255.13379747675,34.81434958025237,2.3272789223119617,-1.089775365544483,-0.8932467550039291
2026-04-23 07:31:43.600,3509417.951265181,779146.5333685857,5250979.214115587,-45259.62406222262,40.238132653310934,-2.555819544941187,1.7913416377268732,1.5871786884963512
2026-04-23 07:31:43.700,3509417.9035357763,779146.5080836223,5250979.131839704,-45264.100083815836,40.25024396225557,-0.47729404643177986,-0.25284963427111506,-0.8227588329464197
2026-04-23 07:31:43.800,3509417.823456769,779146.5210441721,5250979.0884062415,-45268.57311398547,40.6398656587104,-0.8007900742813945,0.12960549793206155,-0.43433462269604206
2026-04-23 07:31:43.900,3509417.7858748767,779146.4912377483,5250979.006965716,-45273.02383685967,40.47142106016255,-0.3758189221844077,-0.298064238158986,-0.8144052512943745
2026-04-23 07:31:44.000,3509417.8571029543,779146.4681713391,5250979.066162127,-45277.3638379059,34.72111717034759,0.7122807763516903,-0.23066409165039659,0.5919641070067883
2026-04-23 07:31:44.100,3509417.8917871746,779146.5236818101,5250979.067278648,-45281.764478373094,34.779996084486754,0.3468422032892704,0.5551047099288553,0.011165207251906395
2026-04-23 07:31:44.200,3509417.8618269595,779146.5601732793,5250979.039879171,-45286.17640494502,34.59178990302178,-0.2996021509170532,0.3649146913085133,-0.2739947661757469
2026-04-23 07:31:44.300,3509417.8530328916,779146.6271015404,5250979.197126243,-45290.51256127142,35.13210270726696,-0.08794067893177271,0.6692826119251549,1.5724707208573818
2026-04-23 07:31:44.400,3509416.596100411,779146.7554202828,5250974.142939932,-45298.072802142175,33.30143930713539,-12.56932480726391,1.2831874238327146,-50.541863115504384
2026-04-23 07:31:44.500,3509417.7443690584,779146.7510161774,5250979.255081266,-45299.3290219449,35.13219232196547,11.48268647491932,-0.04404105478897691,51.12141334451735
2026-04-23 07:31:44.600,3509416.558367976,779146.959571393,5250974.2318872595,-45306.8347078943,32.95217840887317,-11.860010824166238,2.0855521562043577,-50.231940066441894
2026-04-23 07:31:44.700,3509417.7080286136,779146.8832884366,5250979.43992249,-45308.03369024049,35.17966512697445,11.4966063760221,-0.7628295640461147,52.08035230636597
2026-04-23 07:31:44.800,3509417.750390072,779146.9007475511,5250979.653733881,-45312.30660141979,35.61039633785206,0.423614582978189,0.174591145478189,2.138113910332322
2026-04-23 07:31:44.900,3509416.5341121317,779147.0532438703,5250974.313494417,-45320.02970444016,32.699373764774016,-12.162779401987791,1.5249631914775819,-53.40239464305341
2026-04-23 07:31:45.000,3509417.688585711,779146.9989897228,5250979.540214838,-45321.19620068176,34.875194005190814,11.544735794886947,-0.5425414745695889,52.2672042157501
2026-04-23 07:31:45.100,3509417.6925723488,779146.9855846645,5250979.3841165295,-45325.65602061069,34.310584387263745,0.03986637573689222,-0.1340505830012262,-1.5609830897301435
2026-04-23 07:31:45.200,3509417.7070337213,779147.0847366577,5250979.445342248,-45330.04242945402,34.23815000706601,0.14461372513324022,0.9915199317038059,0.6122571881860495
2026-04-23 07:31:45.300,3509417.6722915545,779147.1877972342,5250979.706594661,-45334.33696117029,34.55623648812009,-0.3474216675385833,1.0306057648267597,2.612524125725031
2026-04-23 07:31:45.400,3509417.610878213,779147.3038300026,5250979.8243563725,-45338.70907600367,35.18399127373258,-0.6141334166750312,1.1603276839014143,1.1776171158999205
2026-04-23 07:31:45.500,3509417.6192766433,779147.2357109962,5250979.83621731,-45343.07382424296,35.30611548674432,0.08398430421948433,-0.6811900634784251,0.11860937811434269
2026-04-23 07:31:45.600,3509418.164439409,779146.8417580586,5250979.594635637,-45347.23717593305,40.11730169467389,5.451627657748759,-3.939529375638813,-2.4158167373389006
2026-04-23 07:31:45.700,3509417.6485838047,779147.4211496315,5250980.106864844,-45351.73064148277,35.6767893324138,-5.1585560431703925,5.793915728572756,5.122292079031467
2026-04-23 07:31:45.800,3509417.6888131336,779147.4292524718,5250980.087586461,-45356.13231767113,35.71999968733637,0.4022932890802622,0.08102840278297663,-0.19278383813798428
2026-04-23 07:31:45.900,3509417.6413862365,779147.391109127,5250980.0306769125,-45360.587664059945,35.66263749438535,-0.4742689710110426,-0.3814334480557591,-0.5690954811871052
2026-04-23 07:31:46.000,3509417.489538245,779147.5387661386,5250980.124637081,-45365.04515619617,36.09031645728336,-1.518479916267097,1.4765701163560152,0.9396016877144575
2026-04-23 07:31:46.100,3509417.4417406386,779147.5060819581,5250980.073999453,-45369.48140213312,35.86410249987085,-0.4779760632663965,-0.32684180536307395,-0.5063762795180082
2026-04-23 07:31:46.200,3509417.5013226275,779147.4267204474,5250979.983758814,-45373.89566708807,35.35629692692243,0.5958198895677924,-0.7936151069588959,-0.9024063963443041
2026-04-23 07:31:46.300,3509417.4282751945,779147.406143161,5250979.791500263,-45378.46931722595,35.21801095359833,-0.7304743304848671,-0.2057728637009859,-1.9225855078548193
2026-04-23 07:31:46.400,3509417.4381521977,779147.4133507155,5250979.778655394,-45382.86168703705,35.12617966566638,0.09877003263682127,0.07207554532214999,-0.12844868935644627
2026-04-23 07:31:46.500,3509417.4255008562,779147.3348940177,5250979.685328712,-45387.29815052445,35.22124356003044,-0.12651341501623392,-0.7845669786911458,-0.9332668222486973
2026-04-23 07:31:46.600,3509417.393479305,779147.2952968413,5250979.6199152535,-45391.737430717,35.15013869874838,-0.3202155139297247,-0.3959717636462301,-0.6541345827281475
2026-04-23 07:31:46.700,3509417.3461225377,779147.2755546118,5250979.55747568,-45396.198603808494,35.184113459687964,-0.4735676711425185,-0.19742229487746954,-0.624395739287138
2026-04-23 07:31:46.800,3509417.365965025,779147.2192540724,5250979.467953998,-45400.655038099445,34.98809664841639,0.19842487294226885,-0.5630053940694779,-0.8952168188989162
2026-04-23 07:31:46.900,3509417.3167208405,779147.1557479383,5250979.354228515,-45405.158263986654,34.851298311812755,-0.49244184512645006,-0.6350613408721983,-1.1372548248618841
2026-04-23 07:31:47.000,3509417.413672598,779147.1888259125,5250979.369057525,-45409.507609157015,34.38668104140562,0.9695175755769014,0.3307797422166914,0.14829009771347046
2026-04-23 07:31:47.100,3509417.4086871217,779147.1620161731,5250979.205352114,-45414.020070288905,34.20427861270614,-0.0498547637835145,-0.2680973941460252,-1.6370541136711836
2026-04-23 07:31:47.200,3509417.433385479,779147.075633506,5250979.2079771925,-45418.41705833341,34.1013552278123,0.24698357097804546,-0.8638266706839204,0.026250788941979408
2026-04-23 07:31:47.300,3509417.5337004904,779147.0737137117,5250979.210826378,-45422.7637468043,33.76489811182368,1.0031501157209277,-0.01919794362038374,0.028491858392953873
2026-04-23 07:31:47.400,3509417.6759490957,779147.1589038529,5250979.309757375,-45427.03614538233,33.32778555871597,1.4224860537797213,0.8519014122430235,0.9893099684268236
2026-04-23 07:31:47.500,3509417.582418953,779147.1485716667,5250979.248673576,-45431.52178477244,33.04539604200304,-0.9353014267981052,-0.10332186240702868,-0.6108379922807217
2026-04-23 07:31:47.600,3509417.5696927947,779147.007884989,5250979.004600739,-45436.0729186203,32.90028127693239,-0.12726158369332552,-1.4068667765241116,-2.4407283682376146
2026-04-23 07:31:47.700,3509417.604688766,779147.0351231658,5250979.008427516,-45440.45351737623,33.27585722794236,0.34995971247553825,0.27238176786340773,0.03826776519417763
2026-04-23 07:31:47.800,3509417.6070414437,779147.0203455482,5250979.064727655,-45444.83020680885,33.28308193980813,0.023526777513325214,-0.14777617645449936,0.5630013905465603
2026-04-23 07:31:47.900,3509417.5220633,779146.9640184055,5250979.15881127,-45449.21601291696,33.19075227275183,-0.8497814368456602,-0.5632714263629168,0.9408361557871103
2026-04-23 07:31:48.000,3509417.4572381745,779146.8969866235,5250978.968563644,-45453.786041161875,33.58281969800807,-0.648251255042851,-0.6703178200405091,-1.9024762604385614
2026-04-23 07:31:48.100,3509417.468379558,779146.8452269576,5250978.866620149,-45458.244104963866,33.79554554440621,0.11141383554786444,-0.5175966594833881,-1.0194349475204945
2026-04-23 07:31:48.200,3509417.4604772525,779146.8532288363,5250978.916966347,-45462.62920997418,33.40196726163169,-0.07902305573225021,0.08001878741197288,0.5034619756042957
2026-04-23 07:31:48.300,3509417.477852525,779146.8079050527,5250978.809771225,-45467.09025203269,33.274661149240224,0.17375272698700428,-0.45323783648200333,-1.0719512216746807
2026-04-23 07:31:48.400,3509417.5572088202,779146.8386273417,5250978.819410398,-45471.460904365005,32.98665788431106,0.793562950566411,0.3072228899691254,0.09639172814786434
2026-04-23 07:31:48.500,3509417.5768468347,779146.8328969051,5250978.77727656,-45475.848051132256,32.89166272542776,0.19638014491647482,-0.05730436532758176,-0.42133837938308716
2026-04-23 07:31:48.600,3509417.532831917,779146.7871159986,5250978.586553914,-45480.375204068056,33.35403156320445,-0.4401491768658161,-0.45780906570144,-1.907226461917162
2026-04-23 07:31:48.700,3509417.5174075444,779146.8101538388,5250978.577292726,-45484.80328453467,33.74076693804613,-0.15424372628331184,0.2303784026298672,-0.0926118716597557
2026-04-23 07:31:48.800,3509417.5783173316,779146.7775596482,5250978.598846617,-45489.17602402825,33.584828860811804,0.6090978719294071,-0.3259419067762792,0.21553890779614449
2026-04-23 07:31:48.900,3509417.6738578887,779146.792268725,5250978.631956606,-45493.53766743537,33.958836492505995,0.9554055705666542,0.14709076844155788,0.33109989017248154
2026-04-23 07:31:49.000,3509417.7343946844,779146.834110286,5250978.671011342,-45497.895834787494,34.014022150068044,0.6053679576143622,0.4184156097471714,0.3905473556369543
2026-04-23 07:31:49.100,3509417.806873691,779146.8715476834,5250978.766380746,-45502.21434079284,33.79172390703188,0.7247900636866689,0.3743739740457386,0.9536940418183804
2026-04-23 07:31:49.200,3509417.7459258502,779146.7750643851,5250978.631133822,-45506.70800115288,33.696227085715755,-0.6094784056767821,-0.9648329822812229,-1.352469241246581
2026-04-23 07:31:49.300,3509417.834422804,779146.75786481,5250978.6733173905,-45511.057759938194,34.05235566102216,0.8849695371463895,-0.17199575202539563,0.42183568701148033
2026-04-23 07:31:49.400,3509417.9089417127,779146.8139045867,5250978.66887167,-45515.42801294084,33.687129964238885,0.7451890874654055,0.560397767694667,-0.04445720463991165
2026-04-23 07:31:49.500,3509417.9535872326,779146.794511584,5250978.579781158,-45519.854371046444,33.93701485411714,0.4464551992714405,-0.1939300273079425,-0.8909051213413477
2026-04-23 07:31:49.600,3509417.9355178033,779146.7292734338,5250978.496873262,-45524.311556155706,34.17549245665545,-0.18069429323077202,-0.652381501859054,-0.8290789555758238
2026-04-23 07:31:49.700,3509417.85110119,779146.7154831393,5250978.460561707,-45528.793248622234,34.347538278380156,-0.8441661344841123,-0.13790294528007507,-0.363115556538105
2026-04-23 07:31:49.800,3509417.920151534,779146.7198631582,5250978.488976903,-45533.17278300947,34.41967162397005,0.6905034417286515,0.04380018915981054,0.284151965752244
2026-04-23 07:31:49.900,3509417.930055426,779146.7144504756,5250978.476449554,-45537.56751909013,34.41295398373514,0.09903891943395138,-0.05412682541646063,-0.12527349404990673
2026-04-23 07:31:50.000,3509417.9521987517,779146.6991339329,5250978.506356265,-45541.95234434875,34.614662717705514,0.2214332576841116,-0.15316542703658342,0.2990671154111624
2026-04-23 07:31:50.100,3509417.9986332944,779146.6927517835,5250978.559715286,-45546.29361717464,34.51987771658448,0.4643454262986779,-0.0638214941136539,0.533590205013752
2026-04-23 07:31:50.200,3509418.0668513216,779146.6307862216,5250978.464077595,-45550.72165298745,34.546094877069365,0.6821802724152803,-0.6196556193754077,-0.9563769120723009
2026-04-23 07:31:50.300,3509418.046366254,779146.5884842296,5250978.318103888,-45555.21984712599,34.816292825709255,-0.2048506774008274,-0.4230199195444584,-1.459737066179514
2026-04-23 07:31:50.400,3509418.052059127,779146.5558153316,5250978.218827498,-45559.698005820326,34.66268365576733,0.05692873150110245,-0.3266889799851924,-0.9927638992667198
2026-04-23 07:31:50.500,3509418.144571371,779146.5336625018,5250978.30150086,-45564.03857558424,35.31523623071751,0.925122438929975,-0.2215282979886979,0.8267336152493954
2026-04-23 07:31:50.600,3509418.0867110095,779146.4695748286,5250977.959322106,-45568.67617985513,35.38523805449677,-0.5786036141216755,-0.6408767320681363,-3.4217875357717276
2026-04-23 07:31:50.700,3509418.002131993,779146.3986440172,5250977.950401912,-45573.152400169034,36.30395493511019,-0.845790165476501,-0.7093081146012992,-0.08920193649828434
2026-04-23 07:31:50.800,3509418.057151283,779146.4235648095,5250977.87872135,-45577.61097447582,36.35652233982559,0.5501929018646479,0.24920792318880558,-0.7168056257069111
2026-04-23 07:31:50.900,3509418.159533752,779146.4575246418,5250977.728071834,-45582.08069344057,36.24909477434958,1.0238246899098158,0.33959832275286317,-1.5064951591193676
2026-04-23 07:31:51.000,3509418.0274829976,779146.4322504945,5250977.591939231,-45586.61209382055,36.320855254603465,-1.3205075450241566,-0.25274147279560566,-1.3613260257989168
2026-04-23 07:31:51.100,3509418.0628442313,779146.4856913341,5250977.646826568,-45590.99584333223,36.3715710973078,0.3536123363301158,0.5344083963427693,0.5488733667880297
2026-04-23 07:31:51.200,3509418.058342191,779146.4827305949,5250977.66871737,-45595.42523611246,35.90411216697824,-0.04502040334045887,-0.02960739191621542,0.21890802308917046
2026-04-23 07:31:51.300,3509418.0215717787,779146.5092831634,5250977.778168109,-45599.83550075976,35.938352955799985,-0.3677041223272681,0.2655256842263043,1.0945073887705803
2026-04-23 07:31:51.400,3509418.035465614,779146.5033649885,5250977.766600788,-45604.24138912609,35.78770761917521,0.13893835246562958,-0.05918174865655601,-0.11567321605980396
2026-04-23 07:31:51.500,3509418.000340581,779146.4937707153,5250977.745283417,-45608.6778744325,35.82836334191106,-0.35125032998621464,-0.09594273171387613,-0.21317370235919952
2026-04-23 07:31:51.600,3509417.9536485285,779146.5207997235,5250977.887232902,-45613.0398900873,36.097358833886005,-0.466920523904264,0.27029008138924837,1.4194948505610228
2026-04-23 07:31:51.700,3509417.878339151,779146.5085053097,5250977.870953353,-45617.5078568779,35.988757725212665,-0.7530937762930989,-0.12294413754716516,-0.16279549337923527
2026-04-23 07:31:51.800,3509417.8249371364,779146.4847605398,5250978.019490224,-45621.873698843294,36.177899094436256,-0.5340201454237103,-0.23744769860059023,1.485368711873889
2026-04-23 07:31:51.900,3509417.7886667806,779146.487834368,5250977.986941223,-45626.36126699948,36.564069584416856,-0.3627035580575466,0.030738281784579158,-0.3254900127649307
2026-04-23 07:31:52.000,3509417.7834620113,779146.5085344734,5250978.110232702,-45630.735645113615,36.85780945547061,-0.05204769317060709,0.2070010534953326,1.2329147942364216
2026-04-23 07:31:52.100,3509417.7271334524,779146.4376783102,5250977.994235154,-45635.24177919195,36.863890220918776,-0.5632855882868171,-0.7085616316180676,-1.1599754821509123
2026-04-23 07:31:52.200,3509417.728357566,779146.458889425,5250978.15713658,-45639.58523446972,36.82165680996557,0.012241136282682419,0.2121111482847482,1.6290142573416233
2026-04-23 07:31:52.300,3509417.709651423,779146.467841733,5250978.024185678,-45644.1047505983,36.7039136237325,-0.18706142902374268,0.08952307980507612,-1.3295090198516846
2026-04-23 07:31:52.400,3509417.763213817,779146.4360904536,5250978.080940686,-45648.462710367414,36.856107076325195,0.5356239387765527,-0.3175127936992794,0.5675500817596912
2026-04-23 07:31:52.500,3509417.8173997975,779146.3995104671,5250977.927742057,-45652.950642929005,37.04408406694734,0.5418598046526313,-0.36579986568540335,-1.5319862961769104
2026-04-23 07:31:52.600,3509417.7870746404,779146.4133229863,5250977.854534802,-45657.4281744667,36.476645879723684,-0.3032515710219741,0.13812519260682166,-0.7320725452154875
2026-04-23 07:31:52.700,3509417.7829243084,779146.3966154675,5250977.991565592,-45661.78845975738,36.27456568196805,-0.04150331951677799,-0.1670751883648336,1.3703078962862492
2026-04-23 07:31:52.800,3509417.7205916336,779146.4595848209,5250977.975157826,-45666.236878629716,35.64711524585512,-0.6233267486095428,0.6296935339923948,-0.16407765448093414
2026-04-23 07:31:52.900,3509417.7264012815,779146.4538462303,5250977.8843001,-45670.7114799702,35.7490752041166,0.05809647962450981,-0.057385906111449,-0.9085772652179003
2026-04-23 07:31:53.000,3509417.7434407026,779146.4443342295,5250977.823033252,-45675.12540005478,35.80717272012656,0.17039421014487743,-0.09512000833638012,-0.6126684788614511
2026-04-23 07:31:53.100,3509417.7392657488,779146.3875800407,5250977.82241659,-45679.5456312228,35.8589625845157,-0.04174953792244196,-0.5675418872851878,-0.006166622042655945
2026-04-23 07:31:53.200,3509417.704549903,779146.4434615956,5250978.032767271,-45683.86872382222,36.148142181511766,-0.34715845715254545,0.5588155484292656,2.103506810963154
2026-04-23 07:31:53.300,3509417.6986731035,779146.3256321969,5250977.896790727,-45688.35914392907,36.28040205228213,-0.05876799579709768,-1.1782939871773124,-1.359765436500311
2026-04-23 07:31:53.400,3509416.5788769447,779146.3724212609,5250973.036676089,-45695.770064082244,35.374967080379164,-11.197961587458849,0.46789064072072506,-48.60114637762308
2026-04-23 07:31:53.500,3509416.567130617,779146.3731641548,5250972.998753093,-45700.227919166704,35.367678003945066,-0.11746327858418226,0.007428938988596201,-0.37922996096313
2026-04-23 07:31:53.600,3509416.6139783454,779146.394828054,5250973.072729282,-45704.58160630788,35.25773517623583,0.4684772854670882,0.21663899184204638,0.7397618889808655
2026-04-23 07:31:53.700,3509416.5523499926,779146.4298214903,5250973.31216794,-45708.874365515396,35.26113657919786,-0.6162835285067558,0.34993436303921044,2.394386576488614
2026-04-23 07:31:53.800,3509416.569417114,779146.4278190633,5250973.277729278,-45713.302656619686,35.28740384207179,0.17067121341824532,-0.020024270052090287,-0.344386612996459
2026-04-23 07:31:53.900,3509416.5610693498,779146.4234729778,5250973.195629215,-45717.761789853634,35.358658804553436,-0.08347764145582914,-0.043460854794830084,-0.8210006356239319
2026-04-23 07:31:54.000,3509416.5285977414,779146.3976921072,5250973.31837946,-45722.117870528265,34.99759367720477,-0.32471608370542526,-0.257808705791831,1.2275024503469467
2026-04-23 07:31:54.100,3509416.4742347146,779146.4963537389,5250973.384395223,-45726.541839737656,35.007927205481714,-0.5436302674934268,0.9866163169499487,0.6601576320827007
2026-04-23 07:31:54.200,3509416.430471674,779146.4482630357,5250973.392639532,-45730.97503518965,35.25299516517327,-0.4376304056495428,-0.48090703203342855,0.08244308643043041
2026-04-23 07:31:54.300,3509417.5246376554,779146.2857757338,5250978.085116687,-45732.496316522585,35.91576152015749,10.941659812815487,-1.6248730197548866,46.924771554768085
2026-04-23 07:31:54.400,3509417.5257633626,779146.3155978447,5250978.159005276,-45736.87614039018,35.80553563528589,0.011257072910666466,0.298221108969301,0.7388858869671822
2026-04-23 07:31:54.500,3509417.6011803867,779146.3247337167,5250978.3151988685,-45741.17878809471,35.61771475094039,0.7541702408343554,0.09135872009210289,1.5619359258562326
2026-04-23 07:31:54.600,3509417.6359125813,779146.2746619321,5250978.326434777,-45745.541131447135,35.56944832630303,0.3473219461739063,-0.5007178452797234,0.11235908605158329
2026-04-23 07:31:54.700,3509417.596710682,779146.3445381414,5250978.3886001995,-45749.92083222552,35.429120225726166,-0.3920189943164587,0.698762092506513,0.6216542236506939
2026-04-23 07:31:54.800,3509417.4889415773,779146.3289655407,5250978.307119148,-45754.44969706048,35.54443879962912,-1.0776910465210676,-0.15572600648738444,-0.8148105163127184
2026-04-23 07:31:54.900,3509417.5558885126,779146.3526823841,5250978.238984546,-45758.894380163925,35.673292826940084,0.6694693537428975,0.23716843337751925,-0.681346021592617
2026-04-23 07:31:55.000,3509417.625911104,779146.2970896877,5250978.313495466,-45763.21518085663,35.75120006552969,0.7002259138971567,-0.5559269641526043,0.745109198614955
2026-04-23 07:31:55.100,3509417.637904183,779146.2485169754,5250978.313981081,-45767.61386235895,35.60177175752044,0.11993078980594873,-0.48572712228633463,0.004856158047914505
2026-04-23 07:31:55.200,3509417.61194944,779146.1501204453,5250978.138226498,-45772.15423689998,35.48390474890852,-0.25954742915928364,-0.9839653014205396,-1.7575458344072104
2026-04-23 07:31:55.300,3509417.587108929,779146.151287475,5250978.22446015,-45776.577112050334,35.45490310695291,-0.24840510915964842,0.011670297244563699,0.8623365219682455
2026-04-23 07:31:55.400,3509417.5377033814,779146.101496468,5250978.345702528,-45780.99147587529,35.35612573952915,-0.4940554779022932,-0.4979100706987083,1.2124237790703773
2026-04-23 07:31:55.500,3509417.5518906205,779146.158688369,5250978.48326027,-45785.33993776118,35.47310630681056,0.14187239110469818,0.5719190102536231,1.3755774218589067
2026-04-23 07:31:55.600,3509417.5646837056,779146.2483913788,5250978.454003515,-45789.78763141479,35.3518316987553,0.1279308507218957,0.8970300981309265,-0.29256755486130714
2026-04-23 07:31:55.700,3509417.5699515804,779146.3568422551,5250978.505422352,-45794.17746988055,35.57152975010022,0.05267874803394079,1.0845087631605566,0.5141883715987206
2026-04-23 07:31:55.800,3509417.651535055,779146.3530874423,5250978.560952152,-45798.56983920287,35.674862397439576,0.8158347476273775,-0.037548127584159374,0.5552980024367571
2026-04-23 07:31:55.900,3509417.5685433922,779146.3438308373,5250978.561083293,-45803.052967778756,35.88979413367993,-0.8299166290089488,-0.09256605058908463,0.0013114046305418015
2026-04-23 07:31:56.000,3509417.6348610003,779146.4000011098,5250978.687364325,-45807.39354443883,35.92505985597328,0.6631760811433196,0.561702725244686,1.2628103233873844
2026-04-23 07:31:56.100,3509417.6457051914,779146.3937082894,5250978.717143426,-45811.77446777115,35.541162998929124,0.10844191070646048,-0.06292820442467928,0.2977910079061985
2026-04-23 07:31:56.200,3509417.6742664566,779146.4045560774,5250978.698255976,-45816.20497805345,36.13491789197677,0.2856126520782709,0.10847788071259856,-0.18887449987232685
2026-04-23 07:31:56.300,3509417.736361394,779146.3715791042,5250978.578070861,-45820.65268190031,36.236766081518695,0.6209493754431605,-0.32976973219774663,-1.2018511444330215
2026-04-23 07:31:56.400,3509417.8426796477,779146.3383468003,5250978.594389173,-45825.01824373624,35.95983346883466,1.0631825355812907,-0.3323230391833931,0.16318311914801598
2026-04-23 07:31:56.500,3509417.8282846916,779146.3751672568,5250978.78301579,-45829.36222879488,36.040854636439505,-0.14394956175237894,0.3682045650202781,1.8862661719322205
2026-04-23 07:31:56.600,3509417.803152761,779146.4606841399,5250978.956318007,-45833.73883754211,36.157087849749445,-0.25131930597126484,0.8551688306033611,1.7330221645534039
2026-04-23 07:31:56.700,3509417.806711698,779146.4727010133,5250978.949761549,-45838.166409752186,35.937233731524415,0.0355893699452281,0.12016873457469046,-0.06556457839906216
2026-04-23 07:31:56.800,3509417.8060430763,779146.5208862126,5250979.035046389,-45842.51594957995,35.827500017934504,-0.0066862162202596664,0.48185199266299605,0.8528484031558037
2026-04-23 07:31:56.900,3509417.761687896,779146.5500276536,5250979.097342267,-45846.9233024735,35.9477346531879,-0.44355180114507675,0.29141440987586975,0.6229587737470865
2026-04-23 07:31:57.000,3509417.8094410906,779146.5871474349,5250979.165078691,-45851.276252662385,35.95021083362521,0.47753194347023964,0.3711978136561811,0.677364245057106
2026-04-23 07:31:57.100,3509417.77050804,779146.5683816355,5250978.902610581,-45855.84717173871,35.55950123438334,-0.38933050353080034,-0.18765799468383193,-2.6246810983866453
2026-04-23 07:31:57.200,3509417.916439374,779146.5916504511,5250979.370961392,-45859.972472398935,36.60481871493903,1.4593133376911283,0.23268815595656633,4.683508109301329
2026-04-23 07:31:57.300,3509417.816728104,779146.5291903068,5250979.308682167,-45864.509861265906,36.61727674261791,-0.997112700715661,-0.6246014428324997,-0.6227922532707453
2026-04-23 07:31:57.400,3509417.7408195334,779146.5686846408,5250979.01776215,-45869.1401744106,36.149958989316296,-0.7590857055038214,0.394943340215832,-2.9092001728713512
2026-04-23 07:31:57.500,3509417.730122306,779146.6577425281,5250979.238514116,-45873.46744187421,36.606799816856224,-0.1069722743704915,0.8905788732226938,2.2075196634978056
2026-04-23 07:31:57.600,3509417.7082316107,779146.6491969678,5250979.350429828,-45877.86174962061,36.59741541623594,-0.21890695206820965,-0.08545560296624899,1.1191571224480867
2026-04-23 07:31:57.700,3509417.695534876,779146.6180938602,5250979.3510604575,-45882.30142002107,36.58863406381994,-0.12696734629571438,-0.3110310761258006,0.006306292489171028
2026-04-23 07:31:57.800,3509417.558198067,779146.6592503429,5250979.256920344,-45886.87265847385,36.050024266413466,-1.3733680918812752,0.41156482649967074,-0.9414011333137751
2026-04-23 07:31:57.900,3509417.686462703,779146.722585166,5250979.338530412,-45891.19129951957,34.94658841765799,1.282646362669766,0.6333482312038541,0.8161006774753332
2026-04-23 07:31:58.000,3509417.8053347147,779146.7780315337,5250979.347683261,-45895.58691706852,35.22069372618612,1.1887201154604554,0.5544636771082878,0.09152849204838276
2026-04-23 07:31:58.100,3509417.904777189,779146.7428564874,5250979.500396705,-45899.89150647746,35.387237142945274,0.9944247407838702,-0.35175046301446855,1.5271344408392906
2026-04-23 07:31:58.200,3509417.905296601,779146.7911469246,5250979.526226611,-45904.31945148773,35.091669718545596,0.005194121040403843,0.4829043720383197,0.2582990564405918
2026-04-23 07:31:58.300,3509417.8239902942,779146.798626255,5250979.493292089,-45908.81388903774,35.072028014348994,-0.8130630664527416,0.07479330408386886,-0.3293452225625515
2026-04-23 07:31:58.400,3509417.8274136833,779146.8092075478,5250979.499695907,-45913.27941903888,35.0058813767581,0.03423389047384262,0.10581292794086039,0.06403818726539612
2026-04-23 07:31:58.500,3509417.7794463392,779146.7548788117,5250979.364825051,-45917.813123664026,35.32188724899824,-0.4796734405681491,-0.5432873615063727,-1.3487085606902838
2026-04-23 07:31:58.600,3509417.8159919507,779146.7619783629,5250979.469719704,-45922.197209732236,35.034901637679305,0.3654561145231128,0.07099551265127957,1.0489465296268463
2026-04-23 07:31:58.700,3509417.8321751202,779146.7351992247,5250979.590506757,-45926.56893880044,34.91705958299129,0.16183169558644295,-0.26779138250276446,1.2078705243766308
2026-04-23 07:31:58.800,3509417.7448608708,779146.8108585764,5250979.732730492,-45931.04015033332,35.76791886178379,-0.8731424948200583,0.7565935177262872,1.422237353399396
2026-04-23 07:31:58.900,3509417.793003668,779146.7992728765,5250979.578551877,-45935.55109155141,35.37533251350466,0.4814279731363058,-0.11585699976421893,-1.5417861472815275
2026-04-23 07:31:59.000,3509417.8982152124,779146.8049187299,5250979.528396422,-45939.972584607545,34.976401287267855,1.05211544316262,0.05645853467285633,-0.5015545524656773
2026-04-23 07:31:59.100,3509418.0091940663,779146.7912086226,5250979.565376758,-45944.33124756812,34.86992363079921,1.1097885388880968,-0.1371010730508715,0.3698033560067415
2026-04-23 07:31:59.200,3509418.0160454474,779146.7371720857,5250979.563127831,-45948.80122420421,35.23127005158125,0.06851381156593561,-0.5403653695248067,-0.022489270195364952
2026-04-23 07:31:59.300,3509418.018487065,779146.7591082547,5250979.741506298,-45953.16079653803,35.10683551018739,0.024416176602244377,0.21936169010587037,1.7837846744805574
2026-04-23 07:31:59.400,3509417.9832753814,779146.721826154,5250979.687915925,-45957.64592236579,34.93822685542837,-0.35211683716624975,-0.37282100645825267,-0.5359037313610315
2026-04-23 07:31:59.500,3509418.045954581,779146.7220597744,5250979.83362636,-45962.007499964566,34.78811582424637,0.6267919950187206,0.0023362040519714355,1.4571043476462364
2026-04-23 07:31:59.600,3509418.1495603025,779146.789834296,5250980.018521313,-45966.30019815136,34.57888525282394,1.0360572161152959,0.6777452153619379,1.8489495292305946
2026-04-23 07:31:59.700,3509418.11546062,779146.7850524749,5250980.077076913,-45970.73704239021,34.20570139734683,-0.34099682699888945,-0.04781821044161916,0.5855560023337603
2026-04-23 07:31:59.800,3509418.7098045363,779146.3588345477,5250979.737063512,-45974.96106109138,38.85421849876074,5.943439165130258,-4.262179272482172,-3.4001340065151453
2026-04-23 07:31:59.900,3509418.1342661767,779146.9717701774,5250980.229922177,-45979.55537093588,34.60614502462074,-5.755383595824242,6.129356296733022,4.928586650639772
2026-04-23 07:32:00.000,3509418.1360641113,779147.0939102523,5250980.21323852,-45984.01209303923,34.92664270456896,0.01797934528440237,1.221400749636814,-0.1668365765362978
2026-04-23 07:32:00.100,3509418.092626821,779147.0415908743,5250980.216152102,-45988.5076174788,34.779950944572995,-0.43437290471047163,-0.5231937800999731,0.029135821387171745
2026-04-23 07:32:00.200,3509418.0883721155,779147.0905229164,5250980.357308688,-45992.89124467734,34.46682415196866,-0.04254705272614956,0.48932042089290917,1.4115658588707447
2026-04-23 07:32:00.300,3509418.082528416,779147.1380800642,5250980.602240529,-45997.20748017712,34.595157596161734,-0.058436994440853596,0.47557147801853716,2.4493184126913548
2026-04-23 07:32:00.400,3509418.1798636033,779147.0875010283,5250980.56238363,-46001.62903794257,34.58203332038468,0.9733518725261092,-0.5057903588749468,-0.39856898598372936
2026-04-23 07:32:00.500,3509418.1421351545,779147.0445622657,5250980.4742882475,-46006.157744274235,35.03852151168518,-0.3772844886407256,-0.429387625772506,-0.8809538278728724
2026-04-23 07:32:00.600,3509418.081915836,779147.1914991086,5250980.739457913,-46010.52725608323,36.36941237855463,-0.6021931860595942,1.4693684282246977,2.651696652173996
2026-04-23 07:32:00.700,3509418.014184085,779147.2135094608,5250980.660452903,-46015.05368877469,36.21985667534354,-0.6773175066336989,0.22010352229699492,-0.7900500949472189
2026-04-23 07:32:00.800,3509417.915652337,779147.2469030248,5250980.790406632,-46019.483649517446,36.614442203793395,-0.9853174816817045,0.3339356405194849,1.2995372898876667
2026-04-23 07:32:00.900,3509417.943334447,779147.3152199052,5250980.8485462405,-46023.895772202835,36.546595637452626,0.2768211020156741,0.683168803807348,0.5813960824161768
2026-04-23 07:32:01.000,3509417.95049322,779147.3710630845,5250980.935663833,-46028.293775044775,36.12303824495214,0.07158772554248571,0.5584317923057824,0.8711759280413389
2026-04-23 07:32:01.100,3509417.995190335,779147.4073407233,5250980.978814853,-46032.69830776622,35.93777120939746,0.4469711519777775,0.36277638864703476,0.4315102007240057
2026-04-23 07:32:01.200,3509418.0614595744,779147.4322306149,5250980.948234582,-46037.10030201769,35.542193221245896,0.6626923941075802,0.24889891617931426,-0.30580271035432816
2026-04-23 07:32:01.300,3509418.0819575703,779147.53335339,5250980.902540771,-46041.56213875374,35.733879616052775,0.20497995894402266,1.0112277511507273,-0.45693811029195786
2026-04-23 07:32:01.400,3509418.063485776,779147.5110196836,5250980.921795982,-46046.03190616899,36.11951221914137,-0.18471794202923775,-0.22333706496283412,0.19255210645496845
2026-04-23 07:32:01.500,3509418.089877499,779147.5353336626,5250980.892176111,-46050.458291237184,36.05057404829952,0.2639172272756696,0.24313979083672166,-0.2961987070739269
2026-04-23 07:32:01.600,3509418.059601051,779147.5594735808,5250981.00945281,-46054.87405939653,36.050730983716534,-0.30276448000222445,0.24139918154105544,1.1727669835090637
2026-04-23 07:32:01.700,3509418.1061387416,779147.5939693847,5250980.998399168,-46059.289037790244,35.59484304416761,0.4653769079595804,0.34495803876779974,-0.11053641326725483
2026-04-23 07:32:01.800,3509418.0200521327,779147.5984732695,5250980.879119908,-46063.83211459561,35.751282461526024,-0.8608660893514752,0.04503884818404913,-1.192792598158121
2026-04-23 07:32:01.900,3509418.035663089,779147.5670848979,5250980.821036097,-46068.321201793195,35.569919306729986,0.15610956121236086,-0.3138837160076946,-0.5808381177484989
2026-04-23 07:32:02.000,3509418.1283776364,779147.5767152716,5250981.020091886,-46072.607258679905,34.715218033355576,0.9271454764530063,0.09630373679101467,1.9905578903853893
2026-04-23 07:32:02.100,3509418.1111886953,779147.6102622438,5250980.941923781,-46077.13560514546,34.339536180095074,-0.1718894112855196,0.3354697220493108,-0.7816810440272093
2026-04-23 07:32:02.200,3509418.1298617017,779147.672306573,5250980.785546961,-46081.67790877333,34.979940189454986,0.1867300644516945,0.620443292427808,-1.5637682005763054
2026-04-23 07:32:02.300,3509418.1803726903,779147.6469948252,5250980.590627958,-46086.20537328104,34.99881783444053,0.5051098857074976,-0.2531174779869616,-1.9491900317370892
2026-04-23 07:32:02.400,3509418.117046725,779147.7300851041,5250980.556277224,-46090.70187216025,35.28446107209193,-0.6332596531137824,0.8309027890209109,-0.3435073420405388
2026-04-23 07:32:02.500,3509418.1113194535,779147.684395308,5250980.336245971,-46095.27876084781,35.75889197764886,-0.057272715494036674,-0.4568979609757662,-2.2003125306218863
2026-04-23 07:32:02.600,3509418.178487407,779147.742820424,5250980.454036544,-46099.65470688529,36.03756554783411,0.6716795358806849,0.5842511600349098,1.1779057327657938
2026-04-23 07:32:02.700,3509418.1765724015,779147.7937186633,5250980.591868079,-46104.00714089343,36.4119583956767,-0.01915005501359701,0.5089823924936354,1.3783153519034386
2026-04-23 07:32:02.800,3509418.132890166,779147.8378042254,5250980.610234813,-46108.454119479014,36.34893137145701,-0.4368223575875163,0.4408556211274117,0.18366733565926552
2026-04-23 07:32:02.900,3509417.9995570253,779147.8057950734,5250980.451384159,-46113.05803112195,36.55908588849418,-1.333331405185163,-0.3200915199704468,-1.5885065402835608
2026-04-23 07:32:03.000,3509417.9886966827,779147.8705501418,5250980.62641811,-46117.4274567099,36.69226849377662,-0.10860342532396317,0.6475506839342415,1.750339511781931
2026-04-23 07:32:03.100,3509418.0856103706,779147.9189677949,5250980.683860577,-46121.78966676611,36.65215041204704,0.9691368788480759,0.4841765307355672,0.5744246672838926
2026-04-23 07:32:03.200,3509418.069682051,779147.8815762257,5250980.600482248,-46126.31261655287,36.7731052411714,-0.1592831965535879,-0.37391569116152823,-0.8337832894176245
2026-04-23 07:32:03.300,3509418.120646459,779147.8676283158,5250980.498905269,-46130.78551684629,35.92243033115569,0.5096440808847547,-0.13947909930720925,-1.0157697834074497
2026-04-23 07:32:03.400,3509418.0226100986,779147.8498951641,5250980.409412313,-46135.320038729435,36.45903503592347,-0.9803636046126485,-0.17733151675201952,-0.8949295617640018
2026-04-23 07:32:03.500,3509417.9229231,779147.8318186878,5250980.2740535615,-46139.90955553915,36.92921021617779,-0.9968699840828776,-0.18076476291753352,-1.3535875175148249
2026-04-23 07:32:03.600,3509418.03963188,779147.8562562012,5250980.292198712,-46144.28639350575,36.646308319307785,1.16708779707551,0.2443751331884414,0.18145150505006313
2026-04-23 07:32:03.700,3509418.099203315,779147.8800794545,5250980.1731315255,-46148.79923772436,36.90658373717398,0.595714352093637,0.23823253344744444,-1.1906718648970127
2026-04-23 07:32:03.800,3509418.0719734896,779147.9336429752,5250980.265759752,-46153.19020758845,36.69018401281641,-0.27229825500398874,0.5356352066155523,0.9262822661548853
2026-04-23 07:32:03.900,3509418.1044925605,779147.8738044556,5250980.185203808,-46157.64491269834,36.639385645289266,0.3251907089725137,-0.5983851954806596,-0.8055594377219677
2026-04-23 07:32:04.000,3509418.060224223,779147.841815554,5250980.129317417,-46162.139926547425,36.85225066894361,-0.44268337544053793,-0.3198890166822821,-0.558863915503025
2026-04-23 07:32:04.100,3509418.0759284743,779147.8189680554,5250980.068497187,-46166.61531294969,36.73240174091745,0.15704251360148191,-0.2284749853424728,-0.6082022935152054
2026-04-23 07:32:04.200,3509418.152833624,779147.9103438059,5250980.108064718,-46171.023019928754,36.66787680783388,0.7690514950081706,0.9137575048953295,0.39567530155181885
2026-04-23 07:32:04.300,3509418.1739819995,779147.8675160484,5250980.033772286,-46175.51179445186,36.631765451051926,0.2114837570115924,-0.4282775754109025,-0.742924315854907
2026-04-23 07:32:04.400,3509418.1891478724,779147.7869362894,5250979.966949249,-46179.97639964282,36.24345601121563,0.15165872871875763,-0.8057975897099823,-0.6682303734123707
2026-04-23 07:32:04.500,3509418.250995588,779147.8322961171,5250979.980692067,-46184.43482624214,36.40389438219094,0.6184771563857794,0.453598276944831,0.13742818497121334
2026-04-23 07:32:04.600,3509418.2812516084,779147.9398267025,5250979.953628774,-46188.92969318793,36.65922248410236,0.3025602037087083,1.0753058537375182,-0.27063293382525444
2026-04-23 07:32:04.700,3509418.4194284445,779148.0022811597,5250980.103252788,-46193.2743449001,36.43685680834618,1.381768360733986,0.6245445727836341,1.4962401427328587
2026-04-23 07:32:04.800,3509418.450589788,779148.0878744489,5250980.131075027,-46197.703789313244,36.493718785155544,0.31161343678832054,0.8559328911360353,0.27822239324450493
2026-04-23 07:32:04.900,3509418.4442770043,779148.0280238399,5250980.06559926,-46202.20720475947,36.166373865051476,-0.06312783807516098,-0.5985060892999172,-0.6547576747834682
2026-04-23 07:32:05.000,3509418.4255552017,779148.0250863268,5250980.090348972,-46206.64821604714,36.241368822114886,-0.1872180262580514,-0.029375131707638502,0.24749712087213993
2026-04-23 07:32:05.100,3509418.4709351948,779147.9770895414,5250979.97893693,-46211.12772357769,35.94004199717394,0.4537999304011464,-0.4799678537528962,-1.1141204182058573
2026-04-23 07:32:05.200,3509418.3190026437,779148.0950699267,5250980.19198171,-46215.56232615647,36.89735956167711,-1.5193255105987191,1.179803853156045,2.130447793751955
2026-04-23 07:32:05.300,3509418.243594078,779148.1553095633,5250980.237410017,-46220.08034250139,37.83408988688218,-0.7540856581181288,0.6023963657207787,0.45428307726979256
2026-04-23 07:32:05.400,3509418.2369719786,779148.1530905473,5250980.197601208,-46224.593401208615,37.78398611951153,-0.06622099317610264,-0.022190159652382135,-0.3980880882591009
2026-04-23 07:32:05.500,3509418.1888948334,779148.1976041421,5250980.010005705,-46229.20538075529,37.6556076986201,-0.48077145125716925,0.44513594824820757,-1.8759550340473652
2026-04-23 07:32:05.600,3509418.2910719337,779148.1990987228,5250980.09872549,-46233.5625055144,37.0605549321261,1.021771002560854,0.014945806469768286,0.8871978521347046
2026-04-23 07:32:05.700,3509418.3770610294,779148.2155757089,5250980.151355525,-46237.96727130633,36.95117155122325,0.8598909573629498,0.16476986114867032,0.5263003427535295
2026-04-23 07:32:05.800,3509418.284699072,779148.2807562464,5250980.086807609,-46242.51972404064,37.050195487689734,-0.9236195730045438,0.6518053752370179,-0.6454791594296694
2026-04-23 07:32:05.900,3509419.1039511673,779147.5197515679,5250979.517438472,-46246.69790537063,39.85941052458582,8.192520951852202,-7.610046785557643,-5.693691363558173
2026-04-23 07:32:06.000,3509418.3696407573,779148.3679333652,5250980.216223094,-46251.35727858148,37.25076729074772,-7.343104099854827,8.48181797307916,6.987846214324236
2026-04-23 07:32:06.100,3509418.3176712655,779148.4131085422,5250980.250831131,-46255.858246400545,37.80002420480577,-0.5196949187666178,0.4517517704516649,0.3460803721100092
2026-04-23 07:32:06.200,3509418.2794230827,779148.4148259137,5250980.239305808,-46260.34542872526,37.652262970520006,-0.38248182740062475,0.017173715168610215,-0.11525322683155537
2026-04-23 07:32:06.300,3509418.3341433797,779148.3064230559,5250980.257840492,-46264.780747093,37.75381127374465,0.5472029699012637,-1.0840285778976977,0.18534683622419834
2026-04-23 07:32:06.400,3509418.306752086,779148.3199874369,5250980.327418281,-46269.239595452724,38.00181497242631,-0.27391293551772833,0.1356438093353063,0.695777889341116
2026-04-23 07:32:06.500,3509418.4000932756,779148.3031700454,5250980.263121617,-46273.69999503796,37.685294475835384,0.9334118943661451,-0.16817391500808299,-0.6429666373878717
2026-04-23 07:32:06.600,3509418.409866274,779148.2328343987,5250980.155903886,-46278.17284093729,37.68563428225692,0.09772998280823231,-0.7033564662560821,-1.0721773095428944
2026-04-23 07:32:06.700,3509418.3593943077,779148.1821788014,5250980.143702457,-46282.68104898386,37.70488360721422,-0.5047196615487337,-0.5065559735521674,-0.12201429344713688
2026-04-23 07:32:06.800,3509418.2762097055,779148.2157725383,5250980.139722079,-46287.193233509424,37.502079147509484,-0.8318460220471025,0.3359373693820089,-0.039803776890039444
2026-04-23 07:32:06.900,3509419.205916129,779147.3960656885,5250979.600621533,-46291.27394595892,40.14779752077746,9.297064235433936,-8.19706849870272,-5.391005463898182
2026-04-23 07:32:07.000,3509419.2366828253,779147.3753319377,5250979.665442318,-46295.69482634341,40.1390862361371,0.3076669620350003,-0.20733750774525106,0.648207850754261
2026-04-23 07:32:07.100,3509418.4532227363,779148.1836300275,5250980.302079648,-46300.38912341413,37.12152208450993,-7.834600890055299,8.082980897743255,6.366373300552368
2026-04-23 07:32:07.200,3509418.5242623035,779148.1921123893,5250980.354270669,-46304.78571841848,37.490199959177595,0.7103956723585725,0.08482361794449389,0.5219102092087269
2026-04-23 07:32:07.300,3509418.5834444975,779148.1594236951,5250980.2822134765,-46309.25263419621,37.65526928285364,0.5918219406157732,-0.3268869419116527,-0.7205719221383333
2026-04-23 07:32:07.400,3509418.6339412257,779148.0478855663,5250980.219509234,-46313.697817466746,37.0585422243105,0.5049672815948725,-1.1153812881093472,-0.6270424276590347
2026-04-23 07:32:07.500,3509418.63687722,779148.003066558,5250980.08332266,-46318.25522597503,36.213069785426875,0.02935994416475296,-0.44819008209742606,-1.3618657365441322
2026-04-23 07:32:07.600,3509418.6656796085,779147.9418725955,5250979.9496682035,-46322.74687940513,35.73889513646095,0.28802388347685337,-0.6119396258145571,-1.3365445658564568
2026-04-23 07:32:07.700,3509418.8366976148,779147.8423148625,5250979.913871428,-46327.15923071866,34.84352030145017,1.7101800628006458,-0.9955773293040693,-0.35796775482594967
2026-04-23 07:32:07.800,3509418.9346185853,779147.8073443098,5250979.815301002,-46331.59621290197,34.11419642799752,0.9792097052559257,-0.34970552776940167,-0.9857042599469423
2026-04-23 07:32:07.900,3509418.9125857493,779147.7720396463,5250979.752001433,-46336.08659706956,34.009428204466,-0.22032835986465216,-0.3530466347001493,-0.632995693013072
2026-04-23 07:32:08.000,3509418.950319397,779147.7788774271,5250979.807862896,-46340.51977684411,33.51646077021744,0.37733647506684065,0.06837780820205808,0.5586146283894777
2026-04-23 07:32:08.100,3509419.0842188527,779147.7926623295,5250979.843108675,-46344.916609895285,33.09108867387731,1.3389945589005947,0.13784902403131127,0.35245779901742935
2026-04-23 07:32:08.200,3509419.3422832494,779147.6843418506,5250979.723980773,-46349.283607776706,32.904650783595365,2.580643966794014,-1.083204789320007,-1.1912790220230818
2026-04-23 07:32:08.300,3509419.6704580514,779147.3332802854,5250979.5265287915,-46353.58587802552,38.10028806951852,3.2817480200901628,-3.5106156521942466,-1.9745198171585798
2026-04-23 07:32:08.400,3509419.589645734,779147.3608567117,5250979.507400543,-46358.10145616348,37.73193074710435,-0.8081231731921434,0.2757642639335245,-0.1912824809551239
2026-04-23 07:32:08.500,3509419.613965158,779147.3988702359,5250979.473171954,-46362.57485437575,37.16187452007019,0.24319423828274012,0.3801352414302528,-0.3422858938574791
2026-04-23 07:32:08.600,3509419.529018203,779147.494104291,5250979.433934139,-46367.10362594076,37.071951822698644,-0.8494695508852601,0.9523405507206917,-0.3923781495541334
2026-04-23 07:32:08.700,3509419.4904995793,779147.6113715551,5250979.50467678,-46371.56045178142,31.525193310366998,-0.3851862344890833,1.1726726416964084,0.707426406443119
2026-04-23 07:32:08.800,3509419.447842882,779147.6124650401,5250979.51307362,-46376.05714961764,31.60001423406377,-0.4265669733285904,0.01093484926968813,0.08396840654313564
2026-04-23 07:32:08.900,3509419.526100289,779147.6346903209,5250979.686487046,-46380.38264582979,31.977786648774412,0.7825740706175566,0.22225280874408782,1.7341342568397522
2026-04-23 07:32:09.000,3509419.5158332298,779147.6535336066,5250979.6327966,-46384.88563175681,32.21268582744366,-0.10267059318721294,0.18843285623006523,-0.5369044560939074
2026-04-23 07:32:09.100,3509419.5283386474,779147.7167895604,5250979.812311609,-46389.22707471071,31.614047022052908,0.12505417689681053,0.6325595383532345,1.795150088146329
2026-04-23 07:32:09.200,3509419.483790961,779147.7228992741,5250979.840981363,-46393.71292150436,31.574027072164352,-0.44547686353325844,0.06109713693149388,0.28669754043221474
2026-04-23 07:32:09.300,3509419.415429561,779147.7679927556,5250979.69852881,-46398.3037036858,31.641852845311348,-0.683614001609385,0.45093481545336545,-1.4245255291461945
2026-04-23 07:32:09.400,3509419.3332912587,779147.8015227601,5250979.673269039,-46402.839260584355,32.02958321228136,-0.8213830227032304,0.3353000443894416,-0.252597713842988
2026-04-23 07:32:09.500,3509419.342729781,779147.8028331429,5250979.725501412,-46407.26405938673,32.14997410841453,0.09438522160053253,0.013103828532621264,0.5223237257450819
2026-04-23 07:32:09.600,3509419.5133283255,779147.7297620958,5250979.851333289,-46411.56433042891,31.48446722670744,1.705985446460545,-0.7307104708161205,1.2583187781274319
2026-04-23 07:32:09.700,3509419.475422356,779147.6723487686,5250979.550098117,-46416.19748843026,30.94290486853172,-0.3790596965700388,-0.5741332727484405,-3.012351719662547
2026-04-23 07:32:09.800,3509419.4797118586,779147.6363643073,5250979.575116633,-46420.63579167921,31.52173773455583,0.04289502743631601,-0.3598446131218225,0.2501851599663496
2026-04-23 07:32:09.900,3509419.516387607,779147.625113806,5250979.700391066,-46425.02022151796,31.884701313165667,0.3667574841529131,-0.11250501265749335,1.2527443282306194
2026-04-23 07:32:10.000,3509419.5635400093,779147.5918974627,5250979.653297493,-46429.47919076397,32.112470405053166,0.47152402345091105,-0.3321634326130152,-0.4709357302635908
2026-04-23 07:32:10.100,3509419.5519152433,779147.630372827,5250979.725017816,-46433.8894347309,31.904852099953445,-0.11624766048043966,0.38475364330224693,0.7172032259404659
2026-04-23 07:32:10.200,3509419.582638434,779147.578035466,5250979.614995479,-46438.40029095544,31.995110148170504,0.3072319086641073,-0.5233736103400588,-1.100223371759057
2026-04-23 07:32:10.300,3509419.5257082316,779147.4687014171,5250979.512688194,-46442.94551501678,32.64245299462628,-0.5693020252510905,-1.093340489314869,-1.0230728425085545
2026-04-23 07:32:10.400,3509419.552080216,779147.4529098265,5250979.556758435,-46447.355951952624,32.6773146648301,0.26371984276920557,-0.15791590558364987,0.44070241041481495
2026-04-23 07:32:10.500,3509419.588194242,779147.4488408512,5250979.741886929,-46451.70716594675,33.10468606172808,0.36114026326686144,-0.040689753368496895,1.851284932345152
2026-04-23 07:32:10.600,3509419.5263953754,779147.4652873273,5250979.687701313,-46456.221283044055,32.940141830420636,-0.6179886683821678,0.1644647610373795,-0.5418561585247517
2026-04-23 07:32:10.700,3509419.5306665488,779147.3983819704,5250979.64649318,-46460.72300036185,32.94151826959027,0.04271173384040594,-0.6690535694360733,-0.4120813310146332
2026-04-23 07:32:10.800,3509419.559472917,779147.3822115036,5250979.475247263,-46465.27647227713,33.01571410886348,0.28806368354707956,-0.16170466784387827,-1.7124591674655676
2026-04-23 07:32:10.900,3509419.450306399,779147.3111390416,5250979.283473008,-46469.85784189919,33.08719431427986,-1.0916651831939816,-0.7107246201485395,-1.917742546647787
2026-04-23 07:32:11.000,3509419.4029585873,779147.3033010644,5250979.2711455105,-46474.35400520167,32.923037300657846,-0.4734781151637435,-0.07837977143935859,-0.12327497825026512
2026-04-23 07:32:11.100,3509419.4005147684,779147.3147718397,5250979.501097232,-46478.69035427251,33.46895094202758,-0.024438188411295414,0.1147077523637563,2.2995172161608934
2026-04-23 07:32:11.200,3509419.3994608372,779147.2319517236,5250979.52014531,-46483.12617779101,33.73376249250249,-0.010539311915636063,-0.8282011607661843,0.1904807798564434
2026-04-23 07:32:11.300,3509419.503606142,779147.1309674405,5250979.397312543,-46487.56662912981,33.41062407124294,1.0414530476555228,-1.0098428302444518,-1.2283276673406363
2026-04-23 07:32:11.400,3509419.548902309,779147.0895097574,5250979.532759981,-46491.93040017728,33.56147931876735,0.4529616702347994,-0.4145768319722265,1.3544743787497282
2026-04-23 07:32:11.500,3509419.4968542564,779147.0348967424,5250979.35420391,-46496.49930486746,33.105529397239664,-0.5204805266112089,-0.5461301491595805,-1.785560715943575
2026-04-23 07:32:11.600,3509419.442409963,779147.0033468571,5250979.256082356,-46501.057672119416,32.64488014610327,-0.5444429349154234,-0.31549885286949575,-0.9812155365943909
2026-04-23 07:32:11.700,3509419.44899585,779146.9831739612,5250979.208205925,-46505.56220486417,32.471795004031,0.06585887167602777,-0.2017289598006755,-0.4787643067538738
2026-04-23 07:32:11.800,3509419.5101309693,779146.9938885944,5250979.305429567,-46509.95654202516,32.71242460513847,0.6113511929288507,0.10714633273892105,0.9722364135086536
2026-04-23 07:32:11.900,3509419.2116027093,779147.2877224055,5250979.6622224515,-46514.451440988334,37.7219373183217,-2.9852826008573174,2.938338110689074,3.567928848788142
2026-04-23 07:32:12.000,3509419.462591353,779146.9420816432,5250979.281561512,-46518.93459281919,32.40271059085585,2.509886436164379,-3.456407623598352,-3.8066093996167183
2026-04-23 07:32:12.100,3509419.464999405,779146.8916755372,5250979.168653097,-46523.45278574072,32.633608846556086,0.024080523289740086,-0.5040610593277961,-1.1290841456502676
2026-04-23 07:32:12.200,3509419.4307604586,779146.8776439573,5250979.36255385,-46527.820462905176,32.87192543649106,-0.3423894662410021,-0.1403157995082438,1.9390075281262398
2026-04-23 07:32:12.300,3509419.3890958354,779146.8385568009,5250979.1807552865,-46532.40914714815,32.19575232998572,-0.4166462318971753,-0.3908715641591698,-1.8179856333881617
2026-04-23 07:32:12.400,3509419.4026261005,779146.7986674613,5250979.189039469,-46536.870394787526,32.27466995033727,0.1353026507422328,-0.3988933959044516,0.08284182287752628
2026-04-23 07:32:12.500,3509419.461485235,779146.7753256207,5250979.278889135,-46541.25049365318,32.50720554865893,0.5885913455858827,-0.23341840598732233,0.8984966669231653
2026-04-23 07:32:12.600,3509419.4812278855,779146.7390956717,5250979.265130268,-46545.751714042635,32.65979508111716,0.1974265044555068,-0.36229948978871107,-0.13758867047727108
2026-04-23 07:32:12.700,3509419.1872020154,779147.034526825,5250979.562652037,-46550.29847781063,37.34417986405129,-2.940258700400591,2.9543115326669067,2.975217681378126
2026-04-23 07:32:12.800,3509419.333846158,779146.785771965,5250979.457539936,-46554.70071810029,32.66692795816968,1.466441424563527,-2.4875485990196466,-1.0511210095137358
2026-04-23 07:32:12.900,3509419.2498153076,779146.783395183,5250979.475761517,-46559.2154954961,32.64975280163921,-0.8403085032477975,-0.023767820093780756,0.18221581354737282
2026-04-23 07:32:13.000,3509418.998569075,779146.9631149005,5250979.6674854085,-46563.78169126467,38.267888079827614,-2.5124623253941536,1.7971971747465432,1.9172389153391123
2026-04-23 07:32:13.100,3509419.0039465977,779146.8828258662,5250979.572764985,-46568.28619731215,38.622465188052345,0.053775226697325706,-0.8028903428930789,-0.9472042322158813
2026-04-23 07:32:13.200,3509418.928967629,779146.8260036312,5250979.345317377,-46572.93841117311,38.289917767239594,-0.7497896859422326,-0.5682223499752581,-2.274476084858179
2026-04-23 07:32:13.300,3509418.8811145956,779146.8267456096,5250979.325538476,-46577.47523741831,38.16688466204691,-0.47853033524006605,0.007419784087687731,-0.19778900779783726
2026-04-23 07:32:13.400,3509418.9039857644,779146.8335144247,5250979.393998639,-46581.92183341309,37.959513388870064,0.22871168795973063,0.06768815102986991,0.6846016272902489
2026-04-23 07:32:13.500,3509418.8594066086,779146.8281591844,5250979.328612205,-46586.45750376625,37.64746371969884,-0.445791557431221,-0.05355240311473608,-0.6538643408566713
2026-04-23 07:32:13.600,3509418.9057663707,779146.8238868613,5250979.349768262,-46590.938943883804,37.83203656566199,0.4635976208373904,-0.04272323101758957,0.21156057715415955
2026-04-23 07:32:13.700,3509418.8512423527,779146.8426204487,5250979.429846596,-46595.424649947985,37.744476491119016,-0.5452401796355844,0.1873358734883368,0.8007833361625671
2026-04-23 07:32:13.800,3509418.869154437,779146.862266961,5250979.535331761,-46599.851504701284,38.154037444949374,0.17912084236741066,0.1964651234447956,1.0548516549170017
2026-04-23 07:32:13.900,3509418.938729695,779146.8396264927,5250979.479776823,-46604.34732854319,38.15148757784686,0.6957525806501508,-0.22640468319877982,-0.5555493850260973
2026-04-23 07:32:14.000,3509418.8991353773,779146.7971631781,5250979.400175209,-46608.88166812458,38.05293411110478,-0.3959431778639555,-0.42463314603082836,-0.7960161380469799
2026-04-23 07:32:14.100,3509418.830440571,779146.7707627582,5250979.311225945,-46613.466238832836,38.016395927239955,-0.6869480619207025,-0.26400419883430004,-0.8894926402717829
2026-04-23 07:32:14.200,3509418.8380834307,779146.7204332707,5250979.118219826,-46618.086343905175,37.611574105523566,0.0764285959303379,-0.5032948753796518,-1.930061187595129
2026-04-23 07:32:14.300,3509418.8538360023,779146.6662219155,5250978.960775598,-46622.67824198341,38.06870879887499,0.15752571634948254,-0.5421135516371578,-1.574442284181714
2026-04-23 07:32:14.400,3509418.911959635,779146.7387883285,5250979.169025796,-46627.04555932531,37.968756395060105,0.5812363279983401,0.7256641297135502,2.0825019851326942
2026-04-23 07:32:14.500,3509418.900224509,779146.7631786094,5250979.166802796,-46631.554171326374,37.69047935978053,-0.11735125910490751,0.2439028094522655,-0.022230008617043495
2026-04-23 07:32:14.600,3509418.8207782847,779146.6782681888,5250979.035797922,-46636.1723336237,37.76225942616194,-0.7944622449576855,-0.8491042058449239,-1.3100487366318703
2026-04-23 07:32:14.700,3509418.863924989,779146.7350860818,5250979.123322826,-46640.60864618181,37.790094984206114,0.431467043235898,0.5681789293885231,0.8752490393817425
2026-04-23 07:32:14.800,3509418.837623837,779146.6938541471,5250979.039432864,-46645.10968244294,37.94658526118806,-0.2630115207284689,-0.4123193467967212,-0.8388996217399836
2026-04-23 07:32:14.900,3509418.8102248167,779146.7181540664,5250979.112875794,-46649.576101607505,38.3416672630647,-0.2739902026951313,0.24299919256009161,0.7344293035566807
2026-04-23 07:32:15.000,3509418.906852725,779146.6396860464,5250979.080123559,-46654.008159656965,38.09380332781965,0.9662790829315782,-0.7846801995765418,-0.32752235420048237
2026-04-23 07:32:15.100,3509418.841698746,779146.5605244808,5250979.130504432,-46658.46139721203,37.9335332250864,-0.6515397876501083,-0.79161565634422,0.5038087349385023
2026-04-23 07:32:15.200,3509418.8174000545,779146.5312181496,5250979.182095462,-46662.92031386379,38.612304448385785,-0.24298691656440496,-0.2930633118376136,0.5159103032201529
2026-04-23 07:32:15.300,3509418.837594219,779146.5495866751,5250979.085918175,-46667.42782321979,38.36924234670161,0.20194164477288723,0.18368525546975434,-0.9617728739976883
2026-04-23 07:32:15.400,3509418.9205220984,779146.5460328655,5250979.060226295,-46671.8698756803,38.200423403541116,0.8292787941172719,-0.035538095980882645,-0.2569187991321087
2026-04-23 07:32:15.500,3509418.847058302,779146.5065307504,5250978.863132986,-46676.48411803918,38.49433407238981,-0.7346379663795233,-0.3950211510527879,-1.9709330890327692
2026-04-23 07:32:15.600,3509418.906141147,779146.4789083072,5250978.828401712,-46680.89859127802,38.7019119495255,0.5908284522593021,-0.27622443274594843,-0.3473127447068691
2026-04-23 07:32:15.700,3509418.9291247944,779146.5132143231,5250978.9854726745,-46685.265351414026,38.85452407674267,0.22983647417277098,0.34306015935726464,1.570709627121687
2026-04-23 07:32:15.800,3509418.9747926667,779146.4992131435,5250978.988663474,-46689.65942748975,38.87699900345226,0.4566787229850888,-0.1400117960292846,0.03190799616277218
2026-04-23 07:32:15.900,3509418.952734042,779146.4789494579,5250978.9526280025,-46694.14083207793,39.11531365440566,-0.22058624774217606,-0.20263685612007976,-0.36035471595823765
2026-04-23 07:32:16.000,3509418.974793584,779146.4559638359,5250979.0627918225,-46698.514352409424,39.51785445364467,0.22059542126953602,-0.22985621937550604,1.10163819976151
2026-04-23 07:32:16.100,3509418.9738594186,779146.4405001951,5250979.131272296,-46702.94365367164,40.122031300190145,-0.009341654367744923,-0.1546364079695195,0.6848047394305468
2026-04-23 07:32:16.200,3509418.958923085,779146.4010886204,5250978.9621005915,-46707.50307607557,39.90898911238309,-0.14936333522200584,-0.39411574718542397,-1.6917170491069555
2026-04-23 07:32:16.300,3509419.004536325,779146.4317905041,5250978.970979407,-46711.93402457469,39.86995664909103,0.45613239984959364,0.30701883719302714,0.08878815919160843
2026-04-23 07:32:16.400,3509419.031357871,779146.4170288395,5250978.967282749,-46716.407609566326,40.06393231154795,0.2682154579088092,-0.14761664671823382,-0.036966586485505104
2026-04-23 07:32:16.500,3509419.0009054397,779146.3813697055,5250978.873131647,-46720.920872426854,40.816689116527016,-0.3045243117958307,-0.35659133922308683,-0.9415110200643539
2026-04-23 07:32:16.600,3509418.990207589,779146.3738988375,5250978.9050115,-46725.37571911265,41.290226480687885,-0.10697850491851568,-0.07470868062227964,0.3187985345721245
2026-04-23 07:32:16.700,3509418.9175679632,779146.4254735509,5250978.967847376,-46729.835165109675,41.503269888269315,-0.7263962598517537,0.515747134340927,0.6283587589859962
2026-04-23 07:32:16.800,3509418.995002018,779146.3868415267,5250979.050194026,-46734.21773072858,41.78070145885904,0.774340545758605,-0.38632024195976555,0.8234664984047413
2026-04-23 07:32:16.900,3509419.1237200885,779146.3553296584,5250979.171266574,-46738.553354916054,41.57956518649103,1.287180706858635,-0.31511868350207806,1.2107254844158888
2026-04-23 07:32:17.000,3509419.0414866013,779146.35352629,5250979.207208127,-46743.05653592295,41.94358264827363,-0.8223348716273904,-0.01803368330001831,0.35941552370786667
2026-04-23 07:32:17.100,3509418.9427556368,779146.3227488041,5250979.113100774,-46747.64432471648,42.62103475321905,-0.9873096458613873,-0.3077748592477292,-0.9410735312849283
2026-04-23 07:32:17.200,3509418.9406925696,779146.2922775554,5250979.0533841755,-46752.14320287886,41.880509568424024,-0.0206306716427207,-0.304712486686185,-0.5971659813076258
2026-04-23 07:32:17.300,3509418.9429390514,779146.3018081014,5250979.04938339,-46756.60906273458,41.74755816239467,0.022464818321168423,0.09530545910820365,-0.040007857605814934
2026-04-23 07:32:17.400,3509418.936839911,779146.2498244724,5250978.912649025,-46761.16701937537,41.955179336965735,-0.060991402715444565,-0.5198362900409847,-1.36734364554286
2026-04-23 07:32:17.500,3509418.916853736,779146.2834866832,5250978.839504968,-46765.68738948192,41.46868055419926,-0.19986175000667572,0.3366221080068499,-0.7314405683428049
2026-04-23 07:32:17.600,3509418.8202051227,779146.3125163635,5250978.776836303,-46770.25840341074,41.767607882752316,-0.9664861345663667,0.29029680299572647,-0.6266866531223059
2026-04-23 07:32:17.700,3509418.8590273196,779146.2471920747,5250978.897739961,-46774.64218770062,41.91209068731397,0.38822196889668703,-0.6532428879290819,1.2090365774929523
2026-04-23 07:32:17.800,3509418.9095415957,779146.2846202664,5250979.064479803,-46779.01070868119,41.87763227536238,0.5051427613943815,0.3742819174658507,1.6673984192311764
2026-04-23 07:32:17.900,3509418.9351647715,779146.2554583774,5250979.123322314,-46783.456153797604,42.128037625993734,0.256231757812202,-0.2916188898961991,0.5884251091629267
2026-04-23 07:32:18.000,3509418.789297533,779146.2712854968,5250979.110373917,-46787.98390878735,41.97630746024464,-1.4586723828688264,0.1582711935043335,-0.12948396615684032
2026-04-23 07:32:18.100,3509418.7143515567,779146.2529456089,5250978.993525244,-46792.56866405615,41.73775227448448,-0.7494597649201751,-0.18339887843467295,-1.1684867274016142
2026-04-23 07:32:18.200,3509418.6982884007,779146.2382849266,5250978.941706568,-46797.09667604594,41.567859145408136,-0.16063156072050333,-0.146606822963804,-0.5181867629289627
2026-04-23 07:32:18.300,3509418.7248825305,779146.2672319418,5250978.925230106,-46801.558668479716,41.81063282880393,0.26594129856675863,0.289470151765272,-0.164764616638422
2026-04-23 07:32:18.400,3509418.681119059,779146.249924015,5250978.891315171,-46806.07876098164,41.62119984954232,-0.4376347130164504,-0.17307926784269512,-0.33914935775101185
2026-04-23 07:32:18.500,3509418.610289923,779146.2352662579,5250978.989181762,-46810.55861658743,41.41238866914163,-0.7082913629710674,-0.14657757128588855,0.9786659106612206
2026-04-23 07:32:18.600,3509418.650303864,779146.3078149422,5250979.047180302,-46814.99188550392,41.108219898299936,0.4001394100487232,0.7254868431482464,0.5799854081124067
2026-04-23 07:32:18.700,3509418.6692278436,779146.3970537476,5250979.130771615,-46819.41968014693,41.286364370684986,0.18923979718238115,0.8923880534712225,0.8359131217002869
2026-04-23 07:32:18.800,3509418.640950898,779146.39626458,5250979.134085846,-46823.919837979396,41.82046482417629,-0.2827694546431303,-0.007891675923019648,0.03314231522381306
2026-04-23 07:32:18.900,3509418.7455850146,779146.37711928,5250979.138663589,-46828.328627204035,41.98934153366596,1.0463411640375853,-0.19145299913361669,0.04577742889523506
2026-04-23 07:32:19.000,3509418.7022654363,779146.360102821,5250979.005866396,-46832.859446803624,42.278699718546555,-0.43319578282535076,-0.17016459023579955,-1.3279719278216362
2026-04-23 07:32:19.100,3509418.67616496,779146.3490059071,5250979.137555106,-46837.272046286766,42.64382672353641,-0.26100476272404194,-0.11096913949586451,1.3168870937079191
2026-04-23 07:32:19.200,3509418.666633879,779146.3012273909,5250979.031889714,-46841.81146281761,43.1272253565582,-0.09531081188470125,-0.47778516192920506,-1.0566539131104946
2026-04-23 07:32:19.300,3509418.7181598376,779146.2807735656,5250978.983964299,-46846.27815237402,43.158364690952276,0.515259588137269,-0.20453825243748724,-0.47925415448844433
2026-04-23 07:32:19.400,3509418.7336466955,779146.3039336554,5250978.919156695,-46850.7540685372,42.968704116650116,0.1548685785382986,0.2316008973866701,-0.6480760406702757
2026-04-23 07:32:19.500,3509418.774872222,779146.3459949791,5250979.059307649,-46855.112195014895,42.519784952406646,0.41225526481866837,0.4206132376566529,1.40150954015553
2026-04-23 07:32:19.600,3509418.7569088032,779146.3825601693,5250978.945682156,-46859.65498475119,42.92879576035519,-0.1796341873705387,0.3656519018113613,-1.1362549290060997
2026-04-23 07:32:19.700,3509418.7903289436,779146.3866181095,5250978.984336558,-46864.07841720307,43.19231567055321,0.33420140389353037,0.040579402120783925,0.38654401898384094
2026-04-23 07:32:19.800,3509418.8284570007,779146.3820299632,5250979.072423014,-46868.465480063074,42.91390171531793,0.3812805702909827,-0.0458814634475857,0.8808645606040955
2026-04-23 07:32:19.900,3509418.8310214467,779146.4006415871,5250979.0981474975,-46872.892660956386,42.49402237227476,0.025644460693001747,0.18611623905599117,0.2572448365390301
2026-04-23 07:32:20.000,3509418.835275236,779146.3663331054,5250979.013942753,-46877.391744956716,42.31883620726706,0.042537893168628216,-0.3430848172865808,-0.8420474454760551
2026-04-23 07:32:20.100,3509418.8138607484,779146.3677805284,5250978.924133718,-46881.9360245235,42.2403157951043,-0.2141448762267828,0.01447423011995852,-0.8980903495103121
2026-04-23 07:32:20.200,3509418.8030506577,779146.3622938987,5250978.904690053,-46886.4033589122,41.65813503321743,-0.10810090694576502,-0.05486629670485854,-0.19443664699792862
2026-04-23 07:32:20.300,3509418.7559086434,779146.4004315084,5250979.056306836,-46890.78311273778,42.394380266816945,-0.47142014373093843,0.38137609721161425,1.5161678288131952
2026-04-23 07:32:20.400,3509418.77814999,779146.3885550825,5250978.967441413,-46895.26773212244,42.185016990571086,0.22241346538066864,-0.11876425938680768,-0.8886542357504368
2026-04-23 07:32:20.500,3509418.7547773593,779146.3896268483,5250978.840537496,-46899.7825001735,42.23995520309618,-0.23372630588710308,0.01071765786036849,-1.2690391670912504
2026-04-23 07:32:20.600,3509418.761163055,779146.3921093387,5250978.747600374,-46904.23918878085,42.28409749543166,0.06385695654898882,0.024824903812259436,-0.9293712209910154
2026-04-23 07:32:20.700,3509418.769583596,779146.3969385742,5250978.667988385,-46908.67556484264,42.2686631937538,0.08420540951192379,0.048292354913428426,-0.7961198873817921
2026-04-23 07:32:20.800,3509418.721128512,779146.4412830704,5250978.695100118,-46913.00141890393,41.90691406243594,-0.4845508374273777,0.4434449621476233,0.27111733332276344
2026-04-23 07:32:20.900,3509418.7026640316,779146.3946986168,5250978.674803901,-46917.25858182156,41.650930790096545,-0.1846448052674532,-0.4658445355016738,-0.20296216942369938
2026-04-23 07:32:21.000,3509418.7310180734,779146.2821549099,5250978.58744753,-46921.61273064316,41.3185369113094,0.2835404174402356,-1.1254370689857751,-0.8735637180507183
2026-04-23 07:32:21.100,3509418.6067815353,779146.2638890119,5250978.406691309,-46926.161961634076,40.87674726303902,-1.2423653807491064,-0.18265897990204394,-1.807562205940485
2026-04-23 07:32:21.200,3509418.670346707,779146.2274098358,5250978.315495011,-46930.59950113421,41.08599831175478,0.6356517178937793,-0.3647917613852769,-0.9119629766792059
2026-04-23 07:32:21.300,3509418.7044043625,779146.3009995193,5250978.365663018,-46934.90723076379,41.340042740421474,0.3405765537172556,0.735896835103631,0.5016800668090582
2026-04-23 07:32:21.400,3509418.671494181,779146.2961308991,5250978.258982613,-46939.283680650275,41.71366583227626,-0.32910181675106287,-0.048686201917007565,-1.066804053261876
2026-04-23 07:32:21.500,3509418.6985233864,779146.3527021986,5250978.332748402,-46943.53485552697,41.42317613157261,0.27029205579310656,0.5657129944302142,0.7376578915864229
2026-04-23 07:32:21.600,3509418.676230999,779146.2772914001,5250978.199564947,-46947.99487046857,41.8955863608227,-0.22292387206107378,-0.7541079842485487,-1.331834550946951
2026-04-23 07:32:21.700,3509418.6271181284,779146.2895915984,5250978.1626606155,-46952.400023600814,42.03625153879893,-0.4911287082359195,0.12300198315642774,-0.3690433129668236
2026-04-23 07:32:21.800,3509418.611805388,779146.2973821652,5250978.159785698,-46956.78431933741,42.19742325154669,-0.15312740579247475,0.07790566771291196,-0.028749173507094383
2026-04-23 07:32:21.900,3509418.607177289,779146.2990704031,5250978.046571339,-46961.24569586547,42.16996796205124,-0.046280985698103905,0.016882378840819,-1.132143596187234
2026-04-23 07:32:22.000,3509418.592709898,779146.3454394824,5250978.155717824,-46965.60394620221,42.78930259240943,-0.14467391185462475,0.4636907926760614,1.091464851051569
2026-04-23 07:32:22.100,3509418.5736551476,779146.3526166313,5250978.163709143,-46969.98594326187,42.42794685300357,-0.19054750446230173,0.07177148945629597,0.0799131952226162
2026-04-23 07:32:22.200,3509418.608642844,779146.3284111227,5250978.174236521,-46974.35740557229,42.7204150061822,0.34987696446478367,-0.24205508641898632,0.1052737794816494
2026-04-23 07:32:22.300,3509418.638651903,779146.3308066946,5250978.210914812,-46978.704646792554,42.41352901562344,0.3000905876979232,0.023955719079822302,0.3667829092592001
2026-04-23 07:32:22.400,3509418.652608273,779146.2591014204,5250978.145946986,-46983.14351783143,42.60993943436751,0.13956370297819376,-0.7170527416747063,-0.6496782600879669
2026-04-23 07:32:22.500,3509418.636366841,779146.2385532041,5250978.230199217,-46987.566462412644,42.753471683250304,-0.16241432167589664,-0.20548216300085187,0.8425223082304001
2026-04-23 07:32:22.600,3509418.6461831387,779146.2418210134,5250978.283344114,-46991.97970186677,42.18943572129658,0.09816297795623541,0.0326780928298831,0.5314489733427763
2026-04-23 07:32:22.700,3509418.62821212,779146.2032081228,5250978.249169644,-46996.4639150908,42.258393011363545,-0.1797101879492402,-0.3861289063934237,-0.34174470230937004
2026-04-23 07:32:22.800,3509418.4988513417,779146.1959314923,5250978.105622529,-47001.06672670917,42.23750539016857,-1.2936077825725079,-0.07276630494743586,-1.435471149161458
2026-04-23 07:32:22.900,3509418.432331718,779146.2162418566,5250978.15257083,-47005.491501847915,42.4283177192175,-0.6651962362229824,0.20310364314354956,0.46948300674557686
2026-04-23 07:32:23.000,3509418.3612474473,779146.2519212614,5250978.117463956,-47010.005910873806,41.74425048017985,-0.7108427071943879,0.3567940485663712,-0.3510687407106161
2026-04-23 07:32:23.100,3509418.2723827376,779146.2430704198,5250978.015828889,-47014.53307323754,41.27796633340975,-0.8886470971629024,-0.08850841666571796,-1.0163506679236889
2026-04-23 07:32:23.200,3509418.3157425676,779146.2140032698,5250977.924360133,-47019.01165256504,40.893186506463955,0.43359830044209957,-0.2906714996788651,-0.9146875608712435
2026-04-23 07:32:23.300,3509418.3810731783,779146.2455736914,5250978.006437285,-47023.41753760172,41.01027529823418,0.6533061061054468,0.31570421648211777,0.8207715209573507
2026-04-23 07:32:23.400,3509418.3276114394,779146.2745132153,5250978.103092845,-47027.88976059025,40.770898430186755,-0.5346173886209726,0.2893952385056764,0.9665555972605944
2026-04-23 07:32:23.500,3509418.33769485,779146.2661606668,5250978.167742585,-47032.35027129597,41.14526981034979,0.10083410423249006,-0.08352548466064036,0.6464974023401737
2026-04-23 07:32:23.600,3509418.276932043,779146.240193846,5250978.1621462945,-47036.85542768073,41.68792757592497,-0.6076280679553747,-0.25966820772737265,-0.055962903425097466
2026-04-23 07:32:23.700,3509418.2954975055,779146.2450535018,5250978.208799489,-47041.3441345438,41.915973141608376,0.18565462436527014,0.04859655746258795,0.4665319435298443
2026-04-23 07:32:23.800,3509418.3545127544,779146.1695547281,5250978.138453167,-47045.88769905102,42.02840364554159,0.5901524890214205,-0.7549877371639013,-0.7034632191061974
2026-04-23 07:32:23.900,3509418.2601751117,779146.1416230245,5250977.985893796,-47050.54181350592,41.93727551073771,-0.9433764265850186,-0.27931703603826463,-1.5255937073379755
2026-04-23 07:32:24.000,3509418.266291346,779146.2049716495,5250978.0844025565,-47054.99985641904,41.89147083826076,0.06116234231740236,0.6334862497169524,0.9850876033306122
2026-04-23 07:32:24.100,3509418.2990355063,779146.2563709696,5250978.070639192,-47059.52829328035,41.82890915164831,0.32744160387665033,0.5139932013116777,-0.13763364404439926
2026-04-23 07:32:24.200,3509418.32940656,779146.2498731534,5250978.0156697575,-47064.09327612769,41.20467090834861,0.30371053609997034,-0.06497816182672977,-0.5496943462640047
2026-04-23 07:32:24.300,3509418.3264732487,779146.2588813932,5250978.051134117,-47068.613208802126,41.26164396473916,-0.02933311276137829,0.09008239838294685,0.3546435944736004
2026-04-23 07:32:24.400,3509418.284936605,779146.2816468305,5250978.081723612,-47073.16477929448,41.704152340906624,-0.41536643635481596,0.2276543725747615,0.3058949485421181
2026-04-23 07:32:24.500,3509418.3375902097,779146.3334351575,5250978.2440238055,-47077.60553258154,41.80885986477807,0.5265360465273261,0.5178832705132663,1.6230019368231297
2026-04-23 07:32:24.600,3509418.363815418,779146.3539599741,5250978.232613935,-47082.13812345026,41.46704082070639,0.26225208304822445,0.2052481658756733,-0.11409870348870754
2026-04-23 07:32:24.700,3509418.4772515143,779146.3370628236,5250978.203603966,-47086.67725722083,41.03540022821,1.1343609634786844,-0.16897150548174977,-0.2900996897369623
2026-04-23 07:32:24.800,3509418.4225090607,779146.3329994123,5250978.353670604,-47091.20296566871,41.677019636026536,-0.5474245361983776,-0.04063411266542971,1.5006663743406534
2026-04-23 07:32:24.900,3509418.4244477605,779146.2893854707,5250978.465662872,-47095.69391469306,40.97719957510253,0.01938699744641781,-0.43613941641524434,1.1199226882308722
2026-04-23 07:32:25.000,3509418.5283610257,779146.342237129,5250978.429747153,-47100.220640796135,40.509319718689206,1.0391326528042555,0.5285165831446648,-0.3591571934521198
2026-04-23 07:32:25.100,3509418.5897542224,779146.3546422074,5250978.424620087,-47104.77286104367,40.902582836523344,0.613931966945529,0.12405078392475843,-0.051270658150315285
2026-04-23 07:32:25.200,3509418.646810301,779146.3597301457,5250978.467247624,-47109.30233227661,40.411913522365076,0.5705607868731022,0.0508793827611953,0.42627536691725254
2026-04-23 07:32:25.300,3509418.6319426685,779146.3388706653,5250978.508246107,-47113.85593112963,39.677938746660665,-0.14867632649838924,-0.20859480369836092,0.4099848307669163
2026-04-23 07:32:25.400,3509418.681678789,779146.3664464812,5250978.712977415,-47118.297798854364,39.43743962902801,0.49736120738089085,0.2757581591140479,2.047313079237938
2026-04-23 07:32:25.500,3509418.76895233,779146.4169988122,5250978.705652045,-47122.800467460365,39.30083046592794,0.872735409066081,0.5055233102757484,-0.07325369864702225
2026-04-23 07:32:25.600,3509418.7563085468,779146.4486103657,5250978.827622617,-47127.33601100216,39.244991016495746,-0.126437833532691,0.3161155350971967,1.2197057157754898
2026-04-23 07:32:25.700,3509418.680482979,779146.4862220854,5250978.814185385,-47131.97639011305,39.584825743222076,-0.758255678229034,0.3761171968653798,-0.1343723200261593
2026-04-23 07:32:25.800,3509418.76847091,779146.452150404,5250978.81774462,-47136.510331687474,39.96324387938254,0.8798793097957969,-0.34071681438945234,0.03559235483407974
2026-04-23 07:32:25.900,3509420.673727328,779147.8386429488,5250980.271221799,-47139.28446819844,46.14860050231698,19.052564180456102,13.86492544785142,14.534771787002683
2026-04-23 07:32:26.000,3509420.668491703,779147.8167716125,5250980.262165148,-47143.87393078872,46.84963390484657,-0.052356249652802944,-0.2187133627012372,-0.09056651033461094
2026-04-23 07:32:26.100,3509420.712144407,779147.7487520954,5250980.066967099,-47148.53218117896,46.74204031719466,0.4365270398557186,-0.6801951711531729,-1.9519804883748293
2026-04-23 07:32:26.200,3509420.861445762,779147.7206545147,5250979.995367895,-47153.066649869244,46.71090902083209,1.493013552390039,-0.28097580652683973,-0.7159920409321785
2026-04-23 07:32:26.300,3509420.8151071686,779147.7149265625,5250979.992323229,-47157.69699602776,47.00441070157889,-0.4633859358727932,-0.057279522297903895,-0.03044665791094303
2026-04-23 07:32:26.400,3509420.733434357,779147.675767921,5250980.011897082,-47162.32062631425,47.610075943381425,-0.8167281141504645,-0.3915864147711545,0.19573853351175785
2026-04-23 07:32:26.500,3509420.825015197,779147.6659541187,5250980.033681434,-47166.85095299884,47.71747821566951,0.9158083982765675,-0.09813802316784859,0.21784351207315922
2026-04-23 07:32:26.600,3509420.7770536826,779147.6799728156,5250980.023917785,-47171.48300161799,47.87986193207458,-0.47961514443159103,0.14018696849234402,-0.09763648733496666
2026-04-23 07:32:26.700,3509420.7623609733,779147.7135297682,5250979.965515481,-47176.1191578297,48.27842919185029,-0.1469270931556821,0.33556952606886625,-0.5840230360627174
2026-04-23 07:32:26.800,3509420.726848797,779147.7314559035,5250979.935567118,-47180.713611132305,47.982512137938,-0.3551217634230852,0.17926135333254933,-0.29948363080620766
2026-04-23 07:32:26.900,3509420.6278435164,779147.6803755122,5250979.947530422,-47185.34571971721,47.540583715084956,-0.9900528052821755,-0.5108039127662778,0.11963304132223129
2026-04-23 07:32:27.000,3509420.5698440145,779147.5909027881,5250979.89806779,-47189.9927218894,47.775054025026655,-0.5799950193613768,-0.8947272412478924,-0.494626322761178
2026-04-23 07:32:27.100,3509420.66624959,779147.5956701778,5250979.9936630735,-47194.4903908817,47.96097644889194,0.9640557551756501,0.047673897352069616,0.9559528343379498
2026-04-23 07:32:27.200,3509420.7378627015,779147.586208404,5250979.857401218,-47199.13238614976,47.68644420571373,0.7161311153322458,-0.09461773792281747,-1.3626185525208712
2026-04-23 07:32:27.300,3509420.531002112,779147.5045123046,5250979.693431107,-47203.93178778461,47.28360225294424,-2.068605893291533,-0.8169609948527068,-1.63970110937953
2026-04-23 07:32:27.400,3509420.56539528,779147.5326959593,5250979.643673122,-47208.5463071197,47.40547848561754,0.34393167588859797,0.28183654765598476,-0.4975798539817333
2026-04-23 07:32:27.500,3509420.6274911608,779147.5659829343,5250979.6268105535,-47213.09053129208,47.284633148626305,0.6209588097408414,0.33286974998191,-0.16862568445503712
2026-04-23 07:32:27.600,3509420.6936472408,779147.6320460887,5250979.72671984,-47217.590365861644,47.2855183738391,0.6615607999265194,0.6606315437238663,0.9990928694605827
2026-04-23 07:32:27.700,3509420.820483891,779147.6184869368,5250979.798180612,-47222.107075241445,47.505575387026326,1.268366500735283,-0.13559151906520128,0.7146077137440443
2026-04-23 07:32:27.800,3509421.0054314863,779147.6540123997,5250979.908684623,-47226.53368057466,47.98476303486743,1.8494759546592832,0.3552546293940395,1.1050401162356138
2026-04-23 07:32:27.900,3509420.915603549,779147.5815715864,5250979.824728014,-47231.20681552652,48.21186561583554,-0.898279370740056,-0.7244081329554319,-0.8395660948008299
2026-04-23 07:32:28.000,3509420.907207423,779147.6150807573,5250979.876760237,-47235.779251201006,48.16980630482268,-0.08396126329898834,0.33509170869365335,0.5203222297132015
2026-04-23 07:32:28.100,3509420.9202802964,779147.6098277696,5250979.892530965,-47240.3650004251,48.31301495953624,0.1307287346571684,-0.052529877284541726,0.15770727768540382
2026-04-23 07:32:28.200,3509420.836989043,779147.5301732298,5250979.8244409235,-47245.04987317478,48.780527957000125,-0.8329125354066491,-0.7965453981887549,-0.6809004116803408
2026-04-23 07:32:28.300,3509420.7893107436,779147.573403888,5250979.997993622,-47249.58659895231,49.30016609423396,-0.47678299248218536,0.4323065828066319,1.7355269845575094
2026-04-23 07:32:28.400,3509420.784634147,779147.6269395883,5250980.1070970865,-47254.110829894686,49.281500330393655,-0.04676596727222204,0.5353570031002164,1.0910346452146769
2026-04-23 07:32:28.500,3509420.866636637,779147.660289228,5250980.060281202,-47258.68475489847,49.0033924728409,0.8200249029323459,0.3334963961970061,-0.4681588429957628
2026-04-23 07:32:28.600,3509420.8885398433,779147.688765208,5250979.9875887,-47263.31333787382,49.0150251193116,0.21903206128627062,0.2847598004154861,-0.7269250229001045
2026-04-23 07:32:28.700,3509420.7872798853,779147.693848959,5250980.024481121,-47267.926440103445,48.974480650548514,-1.0125995799899101,0.05083751049824059,0.36892421543598175
2026-04-23 07:32:28.800,3509420.782394493,779147.7085312415,5250980.076227254,-47272.529589006524,48.961378056680914,-0.04885392263531685,0.14682282460853457,0.5174613278359175
2026-04-23 07:32:28.900,3509420.7975389003,779147.6481860373,5250979.932443521,-47277.173806472856,48.534054904691274,0.15144407283514738,-0.6034520419780165,-1.4378373324871063
2026-04-23 07:32:29.000,3509420.844695245,779147.6348649788,5250979.875480859,-47281.759347693565,48.54675802619637,0.4715634463354945,-0.13321058475412428,-0.5696266237646341
2026-04-23 07:32:29.100,3509420.867525969,779147.6444144069,5250979.810257372,-47286.395104649266,47.8793336146526,0.22830724250525236,0.09549428010359406,-0.6522348616272211
2026-04-23 07:32:29.200,3509420.7289644256,779147.61960013,5250979.678968735,-47291.10920440459,47.23395984160432,-1.3856154354289174,-0.24814276839606464,-1.3128863740712404
2026-04-23 07:32:29.300,3509420.767452881,779147.594094669,5250979.555424587,-47295.74314240231,47.55996306253673,0.38488455582410097,-0.2550546103157103,-1.2354414816945791
2026-04-23 07:32:29.400,3509420.794127616,779147.6504353549,5250979.596309485,-47300.277578809546,47.34401368055735,0.2667473489418626,0.5634068592917174,0.4088489804416895
2026-04-23 07:32:29.500,3509420.86170259,779147.6351797113,5250979.593394422,-47304.832537723305,47.30477569184662,0.6757497368380427,-0.15255643636919558,-0.02915062941610813
2026-04-23 07:32:29.600,3509420.8299805745,779147.6607025407,5250979.705857409,-47309.3726665625,47.48101181290193,-0.31722015235573053,0.25522829382680357,1.1246298719197512
2026-04-23 07:32:29.700,3509420.871614309,779147.6569096032,5250979.780470541,-47313.896403900755,47.07524354308219,0.41633734479546547,-0.037929374957457185,0.7461313158273697
2026-04-23 07:32:29.800,3509420.909318445,779147.5870574161,5250979.788241618,-47318.4779811905,47.66776168378221,0.3770413575693965,-0.6985218706540763,0.07771077565848827
2026-04-23 07:32:29.900,3509420.846946502,779147.5837452486,5250979.7351457765,-47323.133767279694,48.271611576951265,-0.6237194268032908,-0.03312167478725314,-0.5309584178030491
2026-04-23 07:32:30.000,3509420.857143263,779147.627146284,5250979.937141424,-47327.64684975682,48.505427327261955,0.10196760762482882,0.4340103536378592,2.019956475123763
2026-04-23 07:32:30.100,3509420.8015330466,779147.6377288352,5250979.927879305,-47332.292410732356,48.81540157849996,-0.5561021622270346,0.10582551243714988,-0.09262119419872761
2026-04-23 07:32:30.200,3509420.728504028,779147.5917405866,5250979.762460608,-47337.01338786978,49.254671006620804,-0.7302901847288013,-0.4598824866116047,-1.6541869658976793
2026-04-23 07:32:30.300,3509418.4006098364,779145.9987268212,5250978.067353078,-47343.76696124229,42.63950503553715,-23.27894191723317,-15.930137654067948,-16.951075298711658
2026-04-23 07:32:30.400,3509418.4938961263,779146.0088336866,5250978.174458965,-47348.25492398705,42.80056645731738,0.9328628983348608,0.10106865433044732,1.0710588656365871
2026-04-23 07:32:30.500,3509418.5487602786,779146.0971154582,5250978.147794587,-47352.84597239957,42.96378704721741,0.5486415233463049,0.8828177163377404,-0.26664378121495247
2026-04-23 07:32:30.600,3509418.5846587676,779146.0843011021,5250978.272532555,-47357.35898583632,42.967273779132235,0.3589848894625902,-0.12814356130547822,1.2473796866834164
2026-04-23 07:32:30.700,3509418.5795889795,779146.1587542808,5250978.315987284,-47361.89306237476,42.210554797794096,-0.050697880797088146,0.7445317867677659,0.4345472902059555
2026-04-23 07:32:30.800,3509418.604047662,779146.1690706346,5250978.181983782,-47366.57497778925,42.31452575162243,0.24458682630211115,0.10316353873349726,-1.3400350231677294
2026-04-23 07:32:30.900,3509418.4138234234,779146.1022221888,5250977.91582987,-47371.389422238375,42.44569777007255,-1.902242386713624,-0.6684844580013305,-2.6615391205996275
2026-04-23 07:32:31.000,3509418.383705636,779146.0609117615,5250977.997710232,-47375.96793835762,43.022004645885886,-0.30117787420749664,-0.4131042736116797,0.8188036177307367
2026-04-23 07:32:31.100,3509418.398959169,779146.0136547986,5250977.909940272,-47380.613513857796,43.17225230939163,0.15253533143550158,-0.4725696286186576,-0.877699600532651
2026-04-23 07:32:31.200,3509418.380551923,779146.0106816937,5250977.799327018,-47385.3094945338,43.66690212593378,-0.18407246097922325,-0.029731049435213208,-1.1061325389891863
2026-04-23 07:32:31.300,3509418.433168554,779146.0284168602,5250977.797857321,-47389.870085943134,43.711525254811114,0.5261663114652038,0.1773516647517681,-0.014696968719363213
2026-04-23 07:32:31.400,3509418.4529734226,779145.9382368787,5250977.736935102,-47394.490425925025,43.89078084627682,0.19804868381470442,-0.9017998143099248,-0.6092221848666668
2026-04-23 07:32:31.500,3509418.3559092535,779145.8822046975,5250977.635539474,-47399.22582545135,44.55350073012793,-0.9706416912376881,-0.560321812517941,-1.0139562841504812
2026-04-23 07:32:31.600,3509418.263397378,779145.8359349758,5250977.672804507,-47403.830544804034,44.91718027105477,-0.9251187555491924,-0.46269721700809896,0.3726503346115351
2026-04-23 07:32:31.700,3509418.251507784,779145.8669747632,5250977.738957615,-47408.427213404815,45.821746869358286,-0.118895941413939,0.3103978745639324,0.6615310721099377
2026-04-23 07:32:31.800,3509418.258821707,779145.7810023025,5250977.791380819,-47412.968908925905,45.73843602388519,0.07313923444598913,-0.8597246068529785,0.524232042953372
2026-04-23 07:32:31.900,3509418.208836939,779145.7847833586,5250977.852073227,-47417.58164155966,45.73912028857699,-0.4998476803302765,0.0378105603158474,0.6069240812212229
2026-04-23 07:32:32.000,3509418.099419445,779145.8426613738,5250977.771843582,-47422.279725325,46.22879487305766,-1.0941749438643456,0.57878015213646,-0.8022964466363192
2026-04-23 07:32:32.100,3509418.0653179265,779145.8295188353,5250977.788003834,-47426.890030482486,46.21420198897883,-0.3410151833668351,-0.1314253848977387,0.16160251572728157
2026-04-23 07:32:32.200,3509418.034310451,779145.8052707819,5250977.782236991,-47431.51648968307,46.68404939015048,-0.31007475685328245,-0.24248053436167538,-0.057668425142765045
2026-04-23 07:32:32.300,3509417.9556578216,779145.7297656364,5250977.7203857545,-47436.18470772553,46.365575135094396,-0.7865262916311622,-0.7550514547619969,-0.6185123696923256
2026-04-23 07:32:32.400,3509417.971659832,779145.7267423109,5250977.7218501475,-47440.77236291564,45.8711576072566,0.1600201055407524,-0.03023325465619564,0.014643929898738861
2026-04-23 07:32:32.500,3509418.00235243,779145.7634765094,5250977.8087967625,-47445.30910473519,45.855878157215834,0.3069259785115719,0.3673419845290482,0.8694661501795053
2026-04-23 07:32:32.600,3509417.9708801364,779145.8181036318,5250977.905795059,-47449.89248647557,46.004510605137746,-0.3147229366004467,0.54627122473903,0.9699829667806625
2026-04-23 07:32:32.700,3509418.039014817,779145.793865665,5250977.886611198,-47454.464176803,45.57181165003896,0.6813468085601926,-0.24237966863438487,-0.1918386109173298
2026-04-23 07:32:32.800,3509417.9361028066,779145.8344703352,5250978.013522811,-47459.056304669066,46.142656560712474,-1.0291201062500477,0.40604670182801783,1.2691161315888166
2026-04-23 07:32:32.900,3509417.816352078,779145.8495956303,5250978.020306341,-47463.70300456693,46.032045914204026,-1.1975072836503386,0.15125295147299767,0.06783530116081238
2026-04-23 07:32:33.000,3509417.8483394836,779145.793547766,5250977.965947882,-47468.32293510379,45.67366620807159,0.3198740538209677,-0.5604786425828934,-0.5435845907777548
2026-04-23 07:32:33.100,3509417.9044659156,779145.7113881952,5250977.968166357,-47472.92081755491,45.87285048347675,0.5612643202766776,-0.8215957088395953,0.022184746339917183
2026-04-23 07:32:33.200,3509417.840112203,779145.6334773981,5250977.814040965,-47477.6078431986,45.79854943923144,-0.6435371283441782,-0.7791079708840698,-1.5412539150565863
2026-04-23 07:32:33.300,3509417.8009687136,779145.6518858857,5250977.760147455,-47482.24112480324,46.02111864846055,-0.39143489208072424,0.1840848766732961,-0.5389351025223732
2026-04-23 07:32:33.400,3509417.7498732805,779145.6672740894,5250977.621822906,-47486.93701388559,46.2420790888622,-0.5109543306753039,0.15388203668408096,-1.3832454942166805
2026-04-23 07:32:33.500,3509417.71215406,779145.5771628047,5250977.491144208,-47491.624287747436,45.79486218347787,-0.37719220388680696,-0.9011128474958241,-1.3067869748920202
2026-04-23 07:32:33.600,3509417.7202950367,779145.6286029628,5250977.457588432,-47496.247885011966,45.63429583766188,0.08140976540744305,0.5144015816040337,-0.335557758808136
2026-04-23 07:32:33.700,3509417.73995306,779145.6691286875,5250977.508022916,-47500.844671110644,45.54551543595371,0.19658023491501808,0.4052572464570403,0.5043448321521282
2026-04-23 07:32:33.800,3509417.8099940238,779145.6758697266,5250977.439227491,-47505.43285738772,45.18813642170152,0.7004096359014511,0.06741039105691016,-0.6879542488604784
2026-04-23 07:32:33.900,3509417.8283868125,779145.6803328751,5250977.6366837695,-47509.91900770657,45.15159961359064,0.18392788711935282,0.04463148536160588,1.9745627883821726
2026-04-23 07:32:34.000,3509417.8187281652,779145.7006854616,5250977.820555847,-47514.40760385347,45.61455245318459,-0.09658647235482931,0.2035258652176708,1.8387207761406898
2026-04-23 07:32:34.100,3509417.797852272,779145.7425242694,5250977.857410123,-47518.98161108001,45.28306066237122,-0.2087589306756854,0.41838807752355933,0.368542755022645
2026-04-23 07:32:34.200,3509417.7164909127,779145.7525739677,5250977.789348554,-47523.6531819479,45.47059403044017,-0.8136135945096612,0.10049698292277753,-0.6806156877428293
2026-04-23 07:32:34.300,3509417.7089777184,779145.7550595773,5250977.823748066,-47528.24725749646,46.00839642091773,-0.07513194344937801,0.024856096133589745,0.34399512223899364
2026-04-23 07:32:34.400,3509417.7090999014,779145.726682895,5250977.743159008,-47532.890620597616,45.302569599975136,0.0012218300253152847,-0.28376682312227786,-0.805890578776598
2026-04-23 07:32:34.500,3509417.7230572253,779145.7621110522,5250977.7886530645,-47537.462035945755,45.34198394331136,0.13957323972135782,0.3542815719265491,0.45494056306779385
2026-04-23 07:32:34.600,3509417.7037420357,779145.762495657,5250977.764548349,-47542.1087298165,45.641292454863304,-0.1931518968194723,0.0038460479117929935,-0.24104715324938297
2026-04-23 07:32:34.700,3509417.7704458092,779145.7425463183,5250977.774340914,-47546.673256398266,45.58296001276931,0.6670377356931567,-0.1994933863170445,0.09792564436793327
2026-04-23 07:32:34.800,3509417.8297612956,779145.7770417252,5250977.868040686,-47551.19802637149,45.49409487091528,0.5931548634544015,0.34495406900532544,0.9369977191090584
2026-04-23 07:32:34.900,3509417.8633722397,779145.8378597221,5250978.046743374,-47555.73206704125,45.80476158612729,0.3361094417050481,0.6081799685489386,1.7870268877595663
2026-04-23 07:32:35.000,3509417.9228427345,779145.8728192513,5250978.078419857,-47560.29865999799,45.67302124462041,0.5947049474343657,0.3495952917728573,0.31676482409238815
2026-04-23 07:32:35.100,3509417.9603162785,779145.8736668737,5250978.178409372,-47564.81060399571,45.402072641198934,0.37473544012755156,0.008476224029436707,0.9998951572924852
2026-04-23 07:32:35.200,3509418.0160222272,779145.8710498824,5250978.168599086,-47569.39531476917,45.571426035890624,0.5570594873279333,-0.0261699128895998,-0.09810286574065685
2026-04-23 07:32:35.300,3509418.0365683087,779145.8476290649,5250978.055102619,-47574.05602063059,45.49333845822397,0.20546081475913525,-0.23420817451551557,-1.1349646653980017
2026-04-23 07:32:35.400,3509417.9953597835,779145.8717684541,5250978.179033782,-47578.61055186073,45.17461510288692,-0.4120852518826723,0.24139389162883162,1.2393116299062967
2026-04-23 07:32:35.500,3509417.977798887,779145.8770196514,5250978.148693822,-47583.24439915164,45.30850787543472,-0.17560896463692188,0.052511972608044744,-0.30339960008859634
2026-04-23 07:32:35.600,3509418.017498134,779145.9434990063,5250978.281009316,-47587.7793073986,45.7569222444371,0.3969924710690975,0.664793549804017,1.32315494120121
2026-04-23 07:32:35.700,3509418.047484131,779146.0027872192,5250978.218457974,-47592.386962127806,45.153707497043776,0.299859968945384,0.592882129130885,-0.6255134288221598
2026-04-23 07:32:35.800,3509418.0672063567,779146.0555820275,5250978.381331332,-47596.894348006856,44.87875006864909,0.19722225610166788,0.5279480828903615,1.6287335846573114
2026-04-23 07:32:35.900,3509418.098737146,779146.057568082,5250978.267801577,-47601.57243656005,44.65663125292701,0.31530789099633694,0.019860544707626104,-1.1352975480258465
2026-04-23 07:32:36.000,3509418.067862569,779145.985463801,5250978.189881944,-47606.281348605575,44.064973006791185,-0.3087457688525319,-0.7210428104735911,-0.7791963312774897
2026-04-23 07:32:36.100,3509418.061700765,779145.930998197,5250978.174854304,-47610.88607192826,44.093341192406086,-0.061618038453161716,-0.5446560401469469,-0.15027640387415886
2026-04-23 07:32:36.200,3509418.071307858,779145.9553174339,5250978.156626149,-47615.477765517455,43.93262590272642,0.09607092943042517,0.2431923698168248,-0.18228154629468918
2026-04-23 07:32:36.300,3509418.0058405926,779146.0166275749,5250978.300993419,-47620.047925868,43.6905323716405,-0.6546726543456316,0.6131014099810272,1.443672701716423
2026-04-23 07:32:36.400,3509417.919072435,779146.0085199694,5250978.269532554,-47624.76260212621,44.028926632541804,-0.8676815778017044,-0.08107605506666005,-0.31460865400731564
2026-04-23 07:32:36.500,3509417.949939647,779145.9562552925,5250978.289277831,-47629.37347346594,45.05509660491921,0.3086721245199442,-0.5226467689499259,0.19745277240872383
2026-04-23 07:32:36.600,3509418.022362823,779145.9641976806,5250978.319531908,-47633.96052021453,45.503587053369394,0.7242317590862513,0.07942388067021966,0.30254077166318893
2026-04-23 07:32:36.700,3509418.113185733,779146.1197081777,5250978.516728673,-47638.42877257975,45.01166923538738,0.908229099586606,1.5551049716304988,1.9719676487147808
2026-04-23 07:32:36.800,3509418.1739171473,779146.2098252728,5250978.5780831445,-47643.02049335387,44.72078483864544,0.6073141423985362,0.9011709503829479,0.6135447137057781
2026-04-23 07:32:36.900,3509418.227604288,779146.1987167499,5250978.5553717725,-47647.65731032015,44.93756467892118,0.5368714081123471,-0.11108522885479033,-0.22711372002959251
2026-04-23 07:32:37.000,3509418.2074537463,779146.1516759563,5250978.555439702,-47652.29577688526,45.25036794069911,-0.2015054179355502,-0.4704079357907176,0.0006792973726987839
2026-04-23 07:32:37.100,3509418.2927573216,779146.2076414017,5250978.721370731,-47656.77980245427,44.736413748524456,0.8530357526615262,0.5596544535364956,1.659310283139348
2026-04-23 07:32:37.200,3509418.3906000527,779146.1438849706,5250978.67459588,-47661.37755774657,45.052329482834516,0.9784273104742169,-0.6375643110368401,-0.46774850226938725
2026-04-23 07:32:37.300,3509418.3776000817,779146.1898967202,5250978.765549552,-47665.98093109334,45.14509326730402,-0.129999709315598,0.46011749655008316,0.9095367137342691
2026-04-23 07:32:37.400,3509418.3876477676,779146.2308999137,5250978.7718882775,-47670.591687952576,44.62938241949049,0.10047685820609331,0.4100319347344339,0.06338725797832012
2026-04-23 07:32:37.500,3509418.382357327,779146.3127321583,5250978.820541055,-47675.20275524021,44.370556789489164,-0.05290440749377012,0.818322446430102,0.48652777448296547
2026-04-23 07:32:37.600,3509418.356937841,779146.3637835144,5250978.85535838,-47679.83082757096,44.442589812145975,-0.2541948575526476,0.510513560147956,0.34817324951291084
2026-04-23 07:32:37.700,3509418.35124869,779146.3744076017,5250978.970723914,-47684.39523386984,43.93422166981265,-0.05689151119440794,0.10624087299220264,1.1536553408950567
2026-04-23 07:32:37.800,3509418.463018826,779146.3678817302,5250978.80781671,-47689.04369060603,43.99660535204114,1.1177013628184795,-0.06525871460326016,-1.6290720365941525
2026-04-23 07:32:37.900,3509418.529104231,779146.4383339698,5250978.796857961,-47693.627946289744,44.14597539288639,0.660854047164321,0.7045223959721625,-0.10958748869597912
2026-04-23 07:32:38.000,3509418.585904607,779146.4046035258,5250978.695213842,-47698.253977410124,44.127186577997975,0.5680037615820765,-0.3373044403269887,-1.0164411924779415
2026-04-23 07:32:38.100,3509418.565792654,779146.4633488016,5250978.744860902,-47702.858841371366,43.81749754275117,-0.20111952908337116,0.5874527583364397,0.49647060222923756
2026-04-23 07:32:38.200,3509418.5739312503,779146.4799208038,5250978.571016214,-47707.572234745334,43.793470254886216,0.08138596080243587,0.16572002205066383,-1.7384468857198954
2026-04-23 07:32:38.300,3509418.688476429,779146.4024635582,5250978.379330882,-47712.262468306995,44.497966835947004,1.1454517859965563,-0.7745724555570632,-1.9168533198535442
2026-04-23 07:32:38.400,3509418.6257162285,779146.3572805447,5250978.301326904,-47716.94879736196,45.180234674046126,-0.6276020035147667,-0.4518301354255527,-0.7800397742539644
2026-04-23 07:32:38.500,3509418.4880093085,779146.3412406754,5250978.215172708,-47721.7220169064,45.70384507525434,-1.3770692003890872,-0.16039869282394648,-0.8615419641137123
2026-04-23 07:32:38.600,3509418.489360685,779146.2895236781,5250978.1753470795,-47726.36007261534,46.11061403356532,0.013513765297830105,-0.5171699728816748,-0.39825628511607647
2026-04-23 07:32:38.700,3509418.485792748,779146.346302144,5250978.3268617075,-47730.90229774727,46.3264601063444,-0.03567936830222607,0.5677846586331725,1.515146279707551
2026-04-23 07:32:38.800,3509418.4549104506,779146.3683760428,5250978.35481475,-47735.5197922588,45.9399864832942,-0.30882297549396753,0.22073898813687265,0.2795304264873266
2026-04-23 07:32:38.900,3509418.454505259,779146.3776077698,5250978.388666591,-47740.10049945227,46.1388810845136,-0.0040519144386053085,0.09231726988218725,0.33851840533316135
2026-04-23 07:32:39.000,3509418.408626938,779146.338340882,5250978.31206399,-47744.80311270711,46.4109516919329,-0.45878321398049593,-0.3926688781939447,-0.7660260051488876
2026-04-23 07:32:39.100,3509418.444745614,779146.3765741602,5250978.390272122,-47749.36048086124,46.57459873070513,0.361186764203012,0.38233278202824295,0.7820813171565533
2026-04-23 07:32:39.200,3509418.4212092967,779146.2950339465,5250978.386151131,-47753.99868302599,45.85750816085729,-0.23536317516118288,-0.8154021366499364,-0.041209906339645386
2026-04-23 07:32:39.300,3509418.361709385,779146.1892671381,5250978.137420998,-47758.78530497282,45.8779742902071,-0.5949991149827838,-1.0576680838130414,-2.4873013328760862
2026-04-23 07:32:39.400,3509418.4026771337,779146.2147908189,5250978.1663056435,-47763.36760991198,45.82243273063668,0.4096774850040674,0.25523680727928877,0.288846455514431
2026-04-23 07:32:39.500,3509418.5702178227,779146.2407174804,5250978.277410656,-47767.860164395366,45.41360063564639,1.6754068899899721,0.25926661561243236,1.1110501270741224
2026-04-23 07:32:39.600,3509418.5675300267,779146.2112207129,5250978.170138002,-47772.542560570204,45.55521670365207,-0.026877960190176964,-0.29496767558157444,-1.0727265384048223
2026-04-23 07:32:39.700,3509418.620593833,779146.221517442,5250978.323112038,-47777.05660647749,46.01852063430152,0.5306380614638329,0.1029672916047275,1.5297403559088707
2026-04-23 07:32:39.800,3509418.583229734,779146.2717360143,5250978.365445518,-47781.67473891007,46.16619440088058,-0.37364098709076643,0.5021857225801796,0.4233347997069359
2026-04-23 07:32:39.900,3509418.5735012256,779146.2846117589,5250978.29109982,-47786.347333084675,45.83844448714432,-0.09728508535772562,0.12875744607299566,-0.7434569764882326
2026-04-23 07:32:40.000,3509418.6493050572,779146.2413405362,5250978.2301687775,-47790.97322198627,45.60097011253328,0.7580383168533444,-0.432712227338925,-0.6093104276806116
2026-04-23 07:32:40.100,3509418.6834972603,779146.2078975466,5250978.37437029,-47795.5156206438,45.97985259762799,0.3419220307841897,-0.33442989573813975,1.4420151244848967
2026-04-23 07:32:40.200,3509418.6420482,779146.1581013873,5250978.41291443,-47800.15249360265,46.07251935598661,-0.41449060197919607,-0.49796159262768924,0.38544139824807644
2026-04-23 07:32:40.300,3509418.6964402036,779146.1781599416,5250978.419086712,-47804.74657831403,46.22884078047755,0.5439200345426798,0.20058554247952998,0.06172282621264458
2026-04-23 07:32:40.400,3509418.704350873,779146.1913127917,5250978.415562774,-47809.37626387208,45.98345245550973,0.07910669315606356,0.13152850093320012,-0.035239383578300476
2026-04-23 07:32:40.500,3509418.7282843934,779146.2273279678,5250978.501105855,-47813.95427775594,46.45212450269003,0.23933520540595055,0.3601517609786242,0.8554308116436005
2026-04-23 07:32:40.600,3509418.672317981,779146.2147255641,5250978.501484414,-47818.61953719355,47.03578887402813,-0.5596641264855862,-0.12602403643541038,0.00378558412194252
2026-04-23 07:32:40.700,3509418.722815736,779146.1372128013,5250978.404094048,-47823.26004561563,46.96233759920184,0.5049775540828705,-0.7751276285853237,-0.9739036578685045
2026-04-23 07:32:40.800,3509418.8166626194,779146.1442215437,5250978.434208995,-47827.846070058855,46.799370691020215,0.9384688315913081,0.07008742424659431,0.30114946886897087
2026-04-23 07:32:40.900,3509418.849211518,779146.1623670748,5250978.387239465,-47832.50567717954,47.54146424966478,0.32548898831009865,0.18145531066693366,-0.46969530172646046
2026-04-23 07:32:41.000,3509418.9310426153,779146.1207031662,5250978.457965019,-47837.05226663409,47.69101770686489,0.8183109713718295,-0.41663908516056836,0.7072555460035801
2026-04-23 07:32:41.100,3509418.900993952,779146.068947672,5250978.458678239,-47841.68660889601,46.90682781820893,-0.3004866326227784,-0.5175549420528114,0.007132198661565781
2026-04-23 07:32:41.200,3509418.889896123,779146.1550292477,5250978.530685676,-47846.30216042198,46.89494696555034,-0.11097828857600689,0.8608157571870834,0.7200743723660707
2026-04-23 07:32:41.300,3509418.8162657535,779146.197334987,5250978.392713101,-47851.04978069077,47.08179747375951,-0.7363036973401904,0.42305739247240126,-1.379725756123662
2026-04-23 07:32:41.400,3509418.8376552965,779146.2389918651,5250978.61947786,-47855.55222291168,46.973538477885434,0.2138954307883978,0.41656878078356385,2.2676475904881954
2026-04-23 07:32:41.500,3509418.841594905,779146.1862202258,5250978.619592107,-47860.19225820624,47.19765108540579,0.039396085776388645,-0.5277163931168616,0.0011424720287322998
2026-04-23 07:32:41.600,3509418.835266313,779146.1388387642,5250978.419069474,-47864.930863694506,47.568578673103836,-0.06328592076897621,-0.4738146159797907,-2.005226332694292
2026-04-23 07:32:41.700,3509418.7622405607,779146.120319462,5250978.380366628,-47869.59322586045,47.52258704407006,-0.7302575232461095,-0.18519302131608129,-0.38702845573425293
2026-04-23 07:32:41.800,3509418.736583661,779146.1164810424,5250978.414120963,-47874.23223091419,47.04477368502186,-0.256568999029696,-0.03838419681414962,0.33754334785044193
2026-04-23 07:32:41.900,3509418.716774684,779146.0807452764,5250978.340799781,-47878.912115171515,46.33680804610746,-0.19808976911008358,-0.3573576593771577,-0.7332118228077888
2026-04-23 07:32:42.000,3509418.73897486,779146.1639045692,5250978.519985744,-47883.45730823292,46.011535033051466,0.22200176026672125,0.8315929281525314,1.791859632357955
2026-04-23 07:32:42.100,3509418.6809531366,779146.1490024894,5250978.575126656,-47888.10057497022,45.990427150094575,-0.58021723292768,-0.14902079827152193,0.551409125328064
2026-04-23 07:32:42.200,3509418.629618726,779146.1311716319,5250978.541773873,-47892.8092230751,46.58821378754917,-0.5133441044017673,-0.17830857541412115,-0.3335278294980526
2026-04-23 07:32:42.300,3509418.6017650906,779146.1548877899,5250978.541295788,-47897.47073878981,46.36049008790342,-0.2785363560542464,0.2371615800075233,-0.004780851304531097
2026-04-23 07:32:42.400,3509418.532309749,779146.150840028,5250978.62297583,-47902.10463926518,46.52424253047007,-0.6945534143596888,-0.04047761904075742,0.8168004173785448
2026-04-23 07:32:42.500,3509418.474588332,779146.1780475837,5250978.669215275,-47906.765496415384,46.38837943067642,-0.5772141693159938,0.2720755571499467,0.46239444985985756
2026-04-23 07:32:42.600,3509418.4575056634,779146.1425755657,5250978.668487935,-47911.40971527964,46.26179083190711,-0.17082668840885162,-0.35472017945721745,-0.007273396477103233
2026-04-23 07:32:42.700,3509418.5115650487,779146.1108825047,5250978.576516705,-47916.054039942224,46.27530861457413,0.5405938532203436,-0.3169306099880487,-0.9197123069316149
2026-04-23 07:32:42.800,3509418.4587319456,779146.1259680607,5250978.5912066465,-47920.71617260178,46.13404118277151,-0.5283310310915112,0.1508555596228689,0.1468994189053774
2026-04-23 07:32:42.900,3509418.465205964,779146.1674490508,5250978.645187901,-47925.315877413945,46.07671193168044,0.06474018562585115,0.4148099012672901,0.5398125480860472
2026-04-23 07:32:43.000,3509418.418890892,779146.202658461,5250978.680877859,-47929.973761961344,46.039177909553814,-0.4631507210433483,0.35209410241805017,0.35689957439899445
2026-04-23 07:32:43.100,3509418.481756606,779146.1992524858,5250978.738374505,-47934.56773111286,46.36768846086421,0.6286571407690644,-0.03405975294299424,0.5749664641916752
2026-04-23 07:32:43.200,3509418.5679554804,779146.2514703833,5250978.813019527,-47939.11587918204,46.50801692457685,0.8619887428358197,0.5221789749339223,0.7464502193033695
2026-04-23 07:32:43.300,3509418.6238085716,779146.2394988837,5250978.817874892,-47943.719377332935,46.49318973680031,0.5585309118032455,-0.11971499538049102,0.048553645610809326
2026-04-23 07:32:43.400,3509418.570304009,779146.226567637,5250978.769190835,-47948.43838627729,46.524893173860896,-0.5350456247106194,-0.12931246776133776,-0.4868405684828758
2026-04-23 07:32:43.500,3509418.531287507,779146.2289064405,5250978.774801457,-47953.11021554984,46.08491105612267,-0.3901650197803974,0.02338803606107831,0.05610622465610504
2026-04-23 07:32:43.600,3509418.5394943594,779146.2527438197,5250978.802510374,-47957.73351825689,45.80953854065061,0.08206852246075869,0.23837379179894924,0.27708916924893856
2026-04-23 07:32:43.700,3509418.5385859883,779146.2410899625,5250978.7525418345,-47962.41750848221,45.51390993477648,-0.009083710610866547,-0.11653857189230621,-0.49968539737164974
2026-04-23 07:32:43.800,3509418.51251317,779146.2969779131,5250978.871119043,-47966.9776043284,44.45568480907337,-0.2607281832024455,0.5588795058429241,1.1857720836997032
2026-04-23 07:32:43.900,3509418.504346776,779146.2261226919,5250978.74696059,-47971.70342063439,44.76547521055858,-0.0816639419645071,-0.7085522124543786,-1.2415845319628716
2026-04-23 07:32:44.000,3509418.451189246,779146.177743779,5250978.773693829,-47976.36667650757,45.07298902893046,-0.5315752979367971,-0.4837891284842044,0.2673323918133974
2026-04-23 07:32:44.100,3509418.491778823,779146.2221895045,5250978.783491309,-47980.99487321279,45.04309004141181,0.40589577052742243,0.44445725507102907,0.09797479957342148
2026-04-23 07:32:44.200,3509418.5052840463,779146.23326095,5250978.859353271,-47985.61847507461,44.84776692960989,0.13505223207175732,0.11071445420384407,0.7586196251213551
2026-04-23 07:32:44.300,3509418.4384677554,779146.2127347437,5250978.819373571,-47990.291006382635,44.77824598047496,-0.6681629084050655,-0.20526206237263978,-0.3997969999909401
2026-04-23 07:32:44.400,3509418.407378566,779146.2340145286,5250978.85310899,-47994.92460974003,44.44925283112686,-0.3108918946236372,0.21279784850776196,0.3373541869223118
2026-04-23 07:32:44.500,3509418.3477232936,779146.236731196,5250978.640689639,-47999.70946551976,44.60596058190779,-0.596552724018693,0.027166674844920635,-2.1241935063153505
2026-04-23 07:32:44.600,3509418.2947221417,779146.2886529218,5250978.823647179,-48004.308021343226,44.371917419884504,-0.5300115188583732,0.5192172573879361,1.8295753933489323
2026-04-23 07:32:44.700,3509418.2213089834,779146.1508914434,5250978.567003513,-48009.15334472993,44.852401418732235,-0.7341315830126405,-1.3776147842872888,-2.5664366595447063
2026-04-23 07:32:44.800,3509418.2295665885,779146.1262720195,5250978.545069796,-48013.8052005755,45.03345787770211,0.08257605135440826,-0.24619423900730908,-0.21933716721832752
2026-04-23 07:32:44.900,3509418.2546925205,779146.0892453933,5250978.459236774,-48018.499538973374,45.024024873985276,0.25125931948423386,-0.3702662617433816,-0.8583302237093449
2026-04-23 07:32:45.000,3509418.230462173,779146.0557005453,5250978.544240124,-48023.115398179165,44.933480226592856,-0.24230347480624914,-0.33544847974553704,0.8500334993004799
2026-04-23 07:32:45.100,3509418.191253483,779146.0155077376,5250978.429539595,-48027.856233984734,44.943116269708504,-0.3920869017019868,-0.4019280767533928,-1.1470052879303694
2026-04-23 07:32:45.200,3509418.0600155974,779146.0355045923,5250978.46061902,-48032.57315741785,45.03105704428571,-1.3123788544908166,0.1999685470946133,0.3107942547649145
2026-04-23 07:32:45.300,3509417.9871148416,779145.9431446368,5250978.346076658,-48037.35433150313,45.17392234907154,-0.7290075579658151,-0.9235995553899556,-1.1454236228019
2026-04-23 07:32:45.400,3509418.0301858145,779145.9495345764,5250978.32911638,-48042.01461760854,45.06569027515326,0.4307097289711237,0.06389939575456083,-0.16960278153419495
2026-04-23 07:32:45.500,3509418.084101925,779145.8936032746,5250978.323141197,-48046.67937998918,44.826705286166565,0.5391611065715551,-0.5593130178749561,-0.059751830995082855
2026-04-23 07:32:45.600,3509418.0071054157,779145.854708225,5250978.216499503,-48051.432812801,44.15594956505282,-0.7699650945141912,-0.38895049598068,-1.0664169397205114
2026-04-23 07:32:45.700,3509418.0150861223,779145.8535627509,5250978.152409467,-48056.12596835557,44.14555437208287,0.07980706635862589,-0.011454741470515728,-0.6409003585577011
2026-04-23 07:32:45.800,3509418.0790116587,779145.8813804382,5250978.185120584,-48060.758068610805,44.062321155321506,0.6392553634941578,0.2781768736895174,0.32711117528378963
2026-04-23 07:32:45.900,3509418.0247987583,779145.8834876515,5250978.108164962,-48065.50458422224,43.68722881947652,-0.5421290034428239,0.021072132512927055,-0.7695562206208706
2026-04-23 07:32:46.000,3509418.0791262127,779145.8978260889,5250978.105684542,-48070.15628645452,43.08212636812124,0.5432745441794395,0.14338437467813492,-0.02480420283973217
2026-04-23 07:32:46.100,3509418.088526985,779145.8825553001,5250978.042121703,-48074.866458409095,43.44668949360649,0.09400772396475077,-0.15270788804627955,-0.635628392919898
2026-04-23 07:32:46.200,3509418.1410516305,779145.9171798858,5250978.163100447,-48079.467433726306,43.598639452016606,0.5252464534714818,0.3462458564899862,1.2097874376922846
2026-04-23 07:32:46.300,3509418.132776358,779145.9736780918,5250978.216259079,-48084.12342628437,43.05705199258847,-0.08275272324681282,0.5649820598773658,0.5315863247960806
2026-04-23 07:32:46.400,3509418.1711120144,779145.979502283,5250978.1321846545,-48088.80756699029,42.604880086013566,0.3833565628156066,0.05824191262945533,-0.8407442457973957
2026-04-23 07:32:46.500,3509418.178872687,779145.9748135314,5250978.1142090745,-48093.48819832625,42.29547030966126,0.07760672364383936,-0.046887516509741545,-0.179755799472332
2026-04-23 07:32:46.600,3509418.142613487,779145.9955711447,5250978.215116273,-48098.141539848664,42.00800741541048,-0.3625919995829463,0.20757613354362547,1.0090719815343618
2026-04-23 07:32:46.700,3509418.094637191,779146.0096346977,5250978.276624611,-48102.805101242324,42.158530471084134,-0.47976295929402113,0.1406355295330286,0.6150833796709776
2026-04-23 07:32:46.800,3509418.0434747017,779145.9881709823,5250978.25936881,-48107.53259708328,42.61574344023972,-0.5116248922422528,-0.21463715354911983,-0.17255800776183605
2026-04-23 07:32:46.900,3509418.073291683,779146.049588647,5250978.201732588,-48112.21109413568,42.4117089079754,0.2981698140501976,0.6141766463406384,-0.5763622187077999
2026-04-23 07:32:47.000,3509418.028359278,779146.0514469041,5250978.115528043,-48116.97268953,42.283010936302595,-0.4493240499868989,0.018582571065053344,-0.8620454464107752
2026-04-23 07:32:47.100,3509418.077322658,779146.0446807899,5250978.169912621,-48121.58763827823,41.9182936028187,0.4896338004618883,-0.06766114151105285,0.5438457801938057
2026-04-23 07:32:47.200,3509417.952664629,779146.0312077478,5250978.2611612845,-48126.29257180897,42.29020040868473,-1.246580290608108,-0.13473042170517147,0.9124866314232349
2026-04-23 07:32:47.300,3509417.9051301503,779146.0216203994,5250978.210338075,-48131.0240479552,42.11524142832183,-0.47534478828310966,-0.0958734832238406,-0.5082320980727673
2026-04-23 07:32:47.400,3509417.9410603237,779145.9776410328,5250978.132302006,-48135.71721140229,41.772615340408166,0.35930173471570015,-0.4397936665918678,-0.7803606893867254
2026-04-23 07:32:47.500,3509417.8888914883,779145.952003868,5250978.061041751,-48140.48002237519,41.524698525522496,-0.5216883542016149,-0.2563716482836753,-0.7126025483012199
2026-04-23 07:32:47.600,3509417.9163616444,779145.9974118382,5250977.961235997,-48145.193111301014,41.24653322654557,0.2747015608474612,0.45407970203086734,-0.9980575367808342
2026-04-23 07:32:47.700,3509417.9612286063,779145.9652741917,5250977.849900302,-48149.92430332647,41.15348155565586,0.44866961892694235,-0.3213764645624906,-1.1133569572120905
2026-04-23 07:32:47.800,3509417.957305452,779145.9300201598,5250977.760096194,-48154.67266233608,41.53975987909756,-0.039231544360518456,-0.35254031885415316,-0.8980410732328892
2026-04-23 07:32:47.900,3509417.9967061346,779145.9453854,5250977.80880515,-48159.31230095611,41.44799683295417,0.39400682784616947,0.15365240164101124,0.48708955757319927
2026-04-23 07:32:48.000,3509418.0140772043,779145.9881873047,5250977.80510602,-48164.00249969263,41.31660608553274,0.17371069639921188,0.42801904724910855,-0.0369913037866354
2026-04-23 07:32:48.100,3509418.082152552,779146.001268,5250977.7683004495,-48168.67008334497,41.55468444668755,0.6807534769177437,0.1308069529477507,-0.36805570125579834
2026-04-23 07:32:48.200,3509418.0762697547,779145.9829525978,5250977.691141364,-48173.40843306885,41.479815065615604,-0.05882797297090292,-0.18315402208827436,-0.7715908531099558
2026-04-23 07:32:48.300,3509418.1161527312,779145.9556427051,5250977.636606151,-48178.14416726303,41.90694705351181,0.39882976561784744,-0.2730989269912243,-0.545352129265666
2026-04-23 07:32:48.400,3509418.2024258524,779145.9605063178,5250977.585046611,-48182.80175723729,41.4443394582565,0.8627312118187547,0.04863612703047693,-0.5155954044312239
2026-04-23 07:32:48.500,3509418.1531423796,779145.9084094616,5250977.528927925,-48187.575291988396,41.52242008022039,-0.4928347282111645,-0.5209685617592186,-0.561186857521534
2026-04-23 07:32:48.600,3509418.2076052777,779145.9717413636,5250977.659686319,-48192.194916941466,41.579555035362965,0.5446289805695415,0.6333190202713013,1.307583935558796
2026-04-23 07:32:48.700,3509418.232020963,779145.9778039583,5250977.706339005,-48196.856750172796,41.285881121843175,0.24415685329586267,0.06062594708055258,0.46652686782181263
2026-04-23 07:32:48.800,3509418.296740033,779145.9562182814,5250977.593499575,-48201.59461380512,41.04124580690159,0.6471907021477818,-0.21585676935501397,-1.1283943057060242
2026-04-23 07:32:48.900,3509418.27158504,779145.9617181482,5250977.737207804,-48206.2156781996,40.753363832837806,-0.25154993403702974,0.054998667910695076,1.437082290649414
2026-04-23 07:32:49.000,3509418.188684121,779145.9663842181,5250977.753701955,-48210.92679438837,40.77427453939817,-0.8290091902017593,0.046660698717460036,0.16494151204824448
2026-04-23 07:32:49.100,3509418.2193611884,779145.9827540105,5250977.848788715,-48215.552992940924,40.53542500287442,0.3067706758156419,0.16369792399927974,0.9508675988763571
2026-04-23 07:32:49.200,3509418.1702073384,779146.0009152595,5250978.01115094,-48220.20580653108,40.569340833313255,-0.49153849948197603,0.1816124899778515,1.623622253537178
2026-04-23 07:32:49.300,3509418.1633696537,779146.0179058774,5250978.153556087,-48224.85814835368,40.48388296492559,-0.06837684661149979,0.16990617965348065,1.4240514673292637
2026-04-23 07:32:49.400,3509418.2019891553,779146.0396288591,5250978.252203732,-48229.49428543062,40.317670644089276,0.38619501516222954,0.21722981706261635,0.9864764474332333
2026-04-23 07:32:49.500,3509418.240922976,779146.0504339869,5250978.35654196,-48234.12856193349,40.56921047231473,0.3893382055684924,0.10805127792991698,1.043382277712226
2026-04-23 07:32:49.600,3509418.2713170755,779146.0833913729,5250978.382914032,-48238.77608609761,40.31917935956769,0.3039409965276718,0.32957385992631316,0.2637207228690386
2026-04-23 07:32:49.700,3509418.301153694,779146.0143825399,5250978.260731035,-48243.500925556684,40.17083746044839,0.2983661834150553,-0.6900883303023875,-1.2218299694359303
2026-04-23 07:32:49.800,3509418.3222912224,779145.9125262601,5250978.181098473,-48248.207511174085,40.51358890992128,0.21137528587132692,-1.0185627976898104,-0.7963256165385246
2026-04-23 07:32:49.900,3509418.3701088987,779145.9811239563,5250978.294325104,-48252.83960335413,40.533108082885704,0.47817676328122616,0.6859769613947719,1.1322663072496653
2026-04-23 07:32:50.000,3509418.3790211095,779145.9949003734,5250978.433517753,-48257.47859258109,40.715389266735436,0.08912210818380117,0.13776417123153806,1.3919264916330576
2026-04-23 07:32:50.100,3509418.43862878,779145.9957305834,5250978.375108773,-48262.19815046183,41.279584773270905,0.5960767064243555,0.008302100468426943,-0.5840898025780916
2026-04-23 07:32:50.200,3509418.454035147,779146.0324309091,5250978.5259997975,-48266.79573358685,41.09082404663857,0.15406366903334856,0.36700325668789446,1.508910246193409
2026-04-23 07:32:50.300,3509418.4331556987,779146.0340498266,5250978.56083482,-48271.47271628518,40.82516425234383,-0.20879448391497135,0.01618917449377477,0.348350228741765
2026-04-23 07:32:50.400,3509418.417882097,779146.0126337386,5250978.624787437,-48276.147784798646,41.029056520776486,-0.1527360174804926,-0.21416087984107435,0.6395261641591787
2026-04-23 07:32:50.500,3509418.4176137587,779146.0265258296,5250978.68177687,-48280.798445412205,40.9352005942489,-0.0026833824813365936,0.13892090995796025,0.5698943324387074
2026-04-23 07:32:50.600,3509418.439074426,779146.0134529307,5250978.592196342,-48285.54904656397,40.846314060132066,0.21460667252540588,-0.13072898844256997,-0.8958052843809128
2026-04-23 07:32:50.700,3509418.4225739925,779145.9872647912,5250978.543122522,-48290.28916954172,41.00444423830488,-0.16500433441251516,-0.26188139570876956,-0.49073820002377033
2026-04-23 07:32:50.800,3509418.452721689,779146.0350240926,5250978.584026957,-48294.965385536205,41.06987733914388,0.30147696379572153,0.47759301494807005,0.4090443532913923
2026-04-23 07:32:50.900,3509418.430747695,779146.0153042242,5250978.5021111,-48299.758880691836,41.18845499763944,-0.21973994094878435,-0.19719868432730436,-0.8191585727035999
2026-04-23 07:32:51.000,3509418.431965929,779146.022008402,5250978.413985899,-48304.52429289487,41.02938529492857,0.012182341888546944,0.06704177823849022,-0.881252009421587
2026-04-23 07:32:51.100,3509418.3861921597,779146.0406042878,5250978.437274415,-48309.24482599493,40.974555440518465,-0.4577376926317811,0.18595885718241334,0.23288516327738762
2026-04-23 07:32:51.200,3509418.392171964,779146.0646139506,5250978.488228632,-48313.89448269986,40.90076914357632,0.059798043221235275,0.24009662796743214,0.5095421709120274
2026-04-23 07:32:51.300,3509418.454208497,779146.0335272689,5250978.442707989,-48318.58225507797,41.10486625140802,0.6203653290867805,-0.31086681643500924,-0.4552064277231693
2026-04-23 07:32:51.400,3509418.435136878,779146.0461311145,5250978.329429113,-48323.376250227295,40.93471162512896,-0.19071619026362896,0.12603845563717186,-1.132788760587573
2026-04-23 07:32:51.500,3509418.4889345304,779146.0769536055,5250978.280741522,-48328.0875249931,40.95594785367035,0.5379765247926116,0.30822491040453315,-0.4868759121745825
2026-04-23 07:32:51.600,3509418.488244822,779146.1082811356,5250978.316503866,-48332.789423430404,40.82816981349392,-0.006897086277604103,0.3132753004319966,0.3576234355568886
2026-04-23 07:32:51.700,3509418.388011527,779146.1129503851,5250978.268023399,-48337.60840929713,40.892994614567264,-1.0023329500108957,0.04669249523431063,-0.48480466939508915
2026-04-23 07:32:51.800,3509418.5012207343,779146.1048320717,5250978.283112142,-48342.24881317668,40.81862789675422,1.1320920754224062,-0.08118313387967646,0.15088743530213833
2026-04-23 07:32:51.900,3509418.5299286703,779146.0839763555,5250978.2491526725,-48346.96263202376,41.25721248223145,0.2870793594047427,-0.2085571619682014,-0.3395946975797415
2026-04-23 07:32:52.000,3509418.4844111176,779146.0358577018,5250978.167468964,-48351.75005991786,40.917364012110355,-0.4551755264401436,-0.4811865370720625,-0.8168370835483074
2026-04-23 07:32:52.100,3509418.5291818697,779146.086785225,5250978.157931645,-48356.448464890724,40.62326261404029,0.4477075207978487,0.5092752317432314,-0.09537318721413612
2026-04-23 07:32:52.200,3509418.593516848,779146.1793684914,5250978.286517577,-48361.06042011335,40.483824366287756,0.6433497834950686,0.9258326643612236,1.2858593184500933
2026-04-23 07:32:52.300,3509418.589655919,779146.1924052867,5250978.33932824,-48365.76824758002,40.74398652738247,-0.03860929049551487,0.13036795309744775,0.5281066242605448
2026-04-23 07:32:52.400,3509418.588155429,779146.2418031635,5250978.434258087,-48370.446271354354,40.61220042031338,-0.015004901215434074,0.4939787683542818,0.9492984693497419
2026-04-23 07:32:52.500,3509418.5820774436,779146.1785572442,5250978.191873827,-48375.29090697267,40.70712426398796,-0.06077985279262066,-0.6324591930024326,-2.4238425958901644
2026-04-23 07:32:52.600,3509418.6222904604,779146.2184103351,5250978.2392924735,-48379.95148632783,40.632850470560335,0.4021301679313183,0.3985309088602662,0.4741864651441574
2026-04-23 07:32:52.700,3509418.6706493716,779146.2728901923,5250978.3123363,-48384.63045064071,40.9875157128388,0.4835891118273139,0.5447985720820725,0.7304382603615522
2026-04-23 07:32:52.800,3509418.6377038527,779146.2276407412,5250978.353359648,-48389.350503439935,41.134177200384,-0.3294551884755492,-0.45249451184645295,0.41023348458111286
2026-04-23 07:32:52.900,3509418.5315506468,779146.2318804722,5250978.392052586,-48394.11398719048,41.344246984487164,-1.0615320596843958,0.04239731002599001,0.38692938163876534
2026-04-23 07:32:53.000,3509418.462288466,779146.2257309669,5250978.459489846,-48398.83398214946,41.59466482821147,-0.6926218094304204,-0.06149505265057087,0.6743725948035717
2026-04-23 07:32:53.100,3509418.4770799438,779146.2667286451,5250978.643833258,-48403.448751578864,41.76460566786546,0.1479147793725133,0.40997678181156516,1.8434341251850128
2026-04-23 07:32:53.200,3509418.4981161347,779146.2937017303,5250978.528597769,-48408.21985125966,41.806038310527555,0.21036190912127495,0.26973085245117545,-1.1523548886179924
2026-04-23 07:32:53.300,3509418.459985283,779146.2555143568,5250978.36918455,-48413.06005045157,41.444650188435595,-0.38130851462483406,-0.3818737354595214,-1.5941321942955256
2026-04-23 07:32:53.400,3509418.514802307,779146.2693063901,5250978.508585192,-48417.69797064372,40.767758026682685,0.5481702368706465,0.13792033307254314,1.394006423652172
2026-04-23 07:32:53.500,3509418.4311526404,779146.2450985704,5250978.332102559,-48422.568701490956,41.06287370373542,-0.8364966651424766,-0.2420781971886754,-1.764826336875558
2026-04-23 07:32:53.600,3509418.4076245325,779146.3120160112,5250978.6451325435,-48427.121537851315,40.74150791603267,-0.23528107907623053,0.6691744085401297,3.130299849435687
2026-04-23 07:32:53.700,3509418.354883928,779146.2438299825,5250978.446631096,-48431.985393441006,41.33373328043583,-0.527406046167016,-0.6818602874409407,-1.985014472156763
2026-04-23 07:32:53.800,3509418.418286461,779146.2917511193,5250978.4180495,-48436.7304193784,41.423636632625254,0.6340253306552768,0.4792113683652133,-0.28581595979630947
2026-04-23 07:32:53.900,3509418.3404225684,779146.31061381,5250978.564262379,-48441.4057039551,40.80107290968493,-0.7786389254033566,0.1886269066017121,1.4621287863701582
2026-04-23 07:32:54.000,3509418.3820919436,779146.3403331689,5250978.592017289,-48446.11084063415,40.57062117635612,0.41669375263154507,0.29719358892180026,0.2775491029024124
2026-04-23 07:32:54.100,3509418.403021576,779146.291679384,5250978.530310698,-48450.87012804795,40.7896936923079,0.20929632242769003,-0.4865378490649164,-0.6170659139752388
2026-04-23 07:32:54.200,3509418.4433255033,779146.2982144726,5250978.441721859,-48455.670677573886,41.7120941190976,0.4030392738059163,0.06535088643431664,-0.885888384655118
2026-04-23 07:32:54.300,3509418.3485300792,779146.2962730173,5250978.421585321,-48460.46411305489,41.76028556834072,-0.9479542402550578,-0.019414552953094244,-0.20136537961661816
2026-04-23 07:32:54.400,3509418.2462667366,779146.2218126926,5250978.443619966,-48465.22391856693,42.048731220601134,-1.0226334258913994,-0.7446032471489161,0.22034644149243832
2026-04-23 07:32:54.500,3509418.23570263,779146.1895610603,5250978.425741217,-48469.96135741489,41.87027043002755,-0.1056410651654005,-0.32251632306724787,-0.1787874847650528
2026-04-23 07:32:54.600,3509418.152505254,779146.1838909205,5250978.300140864,-48474.825260081794,42.45105162327292,-0.8319737622514367,-0.056701397988945246,-1.2560035288333893
2026-04-23 07:32:54.700,3509418.193819009,779146.1636169892,5250978.083291054,-48479.665395391145,42.8027794361685,0.41313754860311747,-0.20273931324481964,-2.1684981044381857
2026-04-23 07:32:54.800,3509418.1562797134,779146.1633602661,5250978.028723649,-48484.45762332906,42.79696680761327,-0.3753929538652301,-0.0025672302581369877,-0.5456740502268076
2026-04-23 07:32:54.900,3509418.1643153103,779146.1349433898,5250978.01316103,-48489.201518511356,42.818954912808266,0.08035596925765276,-0.2841687633190304,-0.1556261908262968
2026-04-23 07:32:55.000,3509418.1342273117,779146.1893370184,5250978.140838528,-48493.880510351846,43.028555806289994,-0.300879986025393,0.5439362861216068,1.2767749838531017
2026-04-23 07:32:55.100,3509418.228913763,779146.2512384544,5250978.277432445,-48498.479269667965,42.48509005414386,0.9468645136803389,0.6190143595449626,1.365939173847437
2026-04-23 07:32:55.200,3509418.196394399,779146.2614468018,5250978.282056713,-48503.21938785552,42.03809302189232,-0.3251936426386237,0.10208347463048995,0.046242671087384224
2026-04-23 07:32:55.300,3509418.192035551,779146.2857020665,5250978.244433665,-48507.98094841375,41.888308646526305,-0.04358847625553608,0.24255264666862786,-0.37623047828674316
2026-04-23 07:32:55.400,3509418.195202319,779146.2384793024,5250978.183907846,-48512.782491484046,42.40083864034006,0.0316676776856184,-0.4722276411484927,-0.6052581872791052
2026-04-23 07:32:55.500,3509418.1721980525,779146.2767356468,5250978.328672908,-48517.46593813949,42.46262869852307,-0.23004266433417797,0.3825634438544512,1.4476506225764751
2026-04-23 07:32:55.600,3509418.1355997864,779146.276588331,5250978.261439458,-48522.277129813265,42.058325767965,-0.365982661023736,-0.001473157899454236,-0.6723345071077347
2026-04-23 07:32:55.700,3509418.211396628,779146.3277587395,5250978.330960735,-48526.96151450559,41.775732600396545,0.7579684164375067,0.5117040849290788,0.695212772116065
2026-04-23 07:32:55.800,3509418.247385067,779146.3952299026,5250978.427940907,-48531.67151195183,41.755457136297665,0.3598843887448311,0.6747116311453283,0.9698017220944166
2026-04-23 07:32:55.900,3509418.268387796,779146.4371376676,5250978.489876605,-48536.37383703571,41.69485702386525,0.21002728957682848,0.41907764971256256,0.6193569768220186
2026-04-23 07:32:56.000,3509418.2971234103,779146.4094115293,5250978.505921619,-48541.11706695127,41.78388129704661,0.28735614381730556,-0.27726138243451715,0.1604501437395811
2026-04-23 07:32:56.100,3509418.193202178,779146.3425554811,5250978.395189991,-48545.972265294695,41.74739119129571,-1.039212322793901,-0.6685604818630964,-1.1073162779211998
2026-04-23 07:32:56.200,3509418.245003205,779146.3655020737,5250978.455360351,-48550.6635330797,41.39643359563211,0.5180102679878473,0.22946592536754906,0.6017035990953445
2026-04-23 07:32:56.300,3509418.212434252,779146.4135132984,5250978.5133177955,-48555.39585663121,40.890109929000026,-0.3256895300000906,0.4801122471690178,0.5795744433999062
2026-04-23 07:32:56.400,3509418.1936558294,779146.3771543906,5250978.48911959,-48560.14812146549,41.35687335210111,-0.18778422381728888,-0.3635890781879425,-0.24198205210268497
2026-04-23 07:32:56.500,3509418.1243900415,779146.334431704,5250978.463285299,-48564.95118124844,41.67923383136066,-0.6926578795537353,-0.42722686543129385,-0.25834291242063046
2026-04-23 07:32:56.600,3509418.1780266236,779146.4055874677,5250978.590184445,-48569.588814951276,41.77853367631101,0.5363658210262656,0.7115576369687915,1.2689914554357529
2026-04-23 07:32:56.700,3509418.2422986417,779146.4624042849,5250978.657607853,-48574.288007149255,41.636502261994515,0.6427201814949512,0.5681681714486331,0.6742340885102749
2026-04-23 07:32:56.800,3509418.1454508062,779146.4658763197,5250978.566370102,-48579.12651035723,41.15195220337218,-0.9684783546254039,0.034720348194241524,-0.912377517670393
2026-04-23 07:32:56.900,3509418.10700555,779146.4450718609,5250978.431396254,-48583.99414085735,41.14313362462428,-0.3844525618478656,-0.20804458763450384,-1.349738473072648
2026-04-23 07:32:57.000,3509418.0618695975,779146.3917766281,5250978.414057451,-48588.77623678084,41.07274601840447,-0.4513595253229141,-0.5329523282125592,-0.1733880303800106
2026-04-23 07:32:57.100,3509418.0405449593,779146.34453089,5250978.276668995,-48593.600990610255,40.70718828027358,-0.21324638277292252,-0.47245738096535206,-1.373884566128254
2026-04-23 07:32:57.200,3509418.0675354428,779146.4104863611,5250978.387238134,-48598.285852037436,40.43685829324354,0.2699048351496458,0.6595547113101929,1.1056913901120424
2026-04-23 07:32:57.300,3509418.0952330483,779146.4426351407,5250978.366993984,-48603.04656227627,40.297693389213556,0.27697605546563864,0.32148779602721334,-0.2024414949119091
2026-04-23 07:32:57.400,3509418.1006374494,779146.4169636727,5250978.282051882,-48607.85989729811,40.444794242956895,0.05404401104897261,-0.256714679999277,-0.8494210243225098
2026-04-23 07:32:57.500,3509418.1324657523,779146.4312293794,5250978.391746091,-48612.546016420834,40.45798247047829,0.3182830289006233,0.1426570664625615,1.096942089498043
2026-04-23 07:32:57.600,3509418.1267974703,779146.4622152318,5250978.350896383,-48617.33155297012,40.48592208964473,-0.056682820431888103,0.30985852470621467,-0.40849708020687103
2026-04-23 07:32:57.700,3509418.1586105535,779146.4803241608,5250978.346661161,-48622.101120505286,40.329509025961336,0.31813083216547966,0.1810892892535776,-0.04235222004354
2026-04-23 07:32:57.800,3509418.1909290818,779146.4573604661,5250978.318293895,-48626.88711634543,40.565644077261844,0.3231852827593684,-0.22963694646023214,-0.28367266058921814
2026-04-23 07:32:57.900,3509418.2427419154,779146.4369693934,5250978.154545627,-48631.708658197866,40.78559592307976,0.5181283364072442,-0.20391072728671134,-1.6374826803803444
2026-04-23 07:32:58.000,3509418.337107652,779146.4741526849,5250978.156416312,-48636.43148992866,40.81352469485635,0.9436573646962643,0.3718329151161015,0.018706852570176125
2026-04-23 07:32:58.100,3509418.344223579,779146.5145366892,5250978.191395553,-48641.164747422314,40.30522071110339,0.07115927059203386,0.40384004241786897,0.34979240968823433
2026-04-23 07:32:58.200,3509418.3541383767,779146.4996918446,5250978.142363221,-48645.93582981718,40.51224626365272,0.09914797730743885,-0.14844844583421946,-0.49032331444323063
2026-04-23 07:32:58.300,3509418.4266357264,779146.4952543438,5250978.05408127,-48650.7160618595,40.43173957111521,0.7249734969809651,-0.04437500727362931,-0.8828195184469223
2026-04-23 07:32:58.400,3509418.406420179,779146.4546111795,5250977.866721537,-48655.59389013804,40.453163762796706,-0.20215547177940607,-0.4064316430594772,-1.8735973257571459
2026-04-23 07:32:58.500,3509418.3936612234,779146.4936562879,5250977.88312337,-48660.38982037786,40.45515621511587,-0.1275895582512021,0.3904510836582631,0.16401832923293114
2026-04-23 07:32:58.600,3509418.5027914476,779146.5347346104,5250977.9297729,-48665.08550493151,40.158618833621404,1.0913022421300411,0.41078322450630367,0.4664953052997589
2026-04-23 07:32:58.700,3509418.474686125,779146.5113341872,5250977.9537318945,-48669.858370416616,40.44055329018059,-0.2810532273724675,-0.23400423116981983,0.23958994075655937
2026-04-23 07:32:58.800,3509418.511253656,779146.4548827817,5250977.734864895,-48674.708505318384,40.51967334037236,0.3656753106042743,-0.5645140551496297,-2.188669992610812
2026-04-23 07:32:58.900,3509418.4844868756,779146.3372738264,5250977.526136124,-48679.59104933682,40.25468818935223,-0.2676678029820323,-1.1760895536281168,-2.0872877165675163
2026-04-23 07:32:59.000,3509418.4430172844,779146.371905491,5250977.624432984,-48684.32725203534,40.38575035938134,-0.41469591204077005,0.3463166463188827,0.9829686023294926
2026-04-23 07:32:59.100,3509418.454441337,779146.4236490626,5250977.688831634,-48689.06889477738,40.12594358487297,0.11424052529036999,0.5174357164651155,0.6439865007996559
2026-04-23 07:32:59.200,3509418.439377912,779146.4269969243,5250977.727537671,-48693.843041946595,39.69752449109368,-0.15063425060361624,0.033478616969659925,0.387060372158885
2026-04-23 07:32:59.300,3509418.474278049,779146.3928834251,5250977.681752003,-48698.615416534376,39.34402829563812,0.3490013722330332,-0.3411349921952933,-0.45785668306052685
2026-04-23 07:32:59.400,3509418.5437468807,779146.3799910977,5250977.627006931,-48703.37603193132,39.16855581763196,0.6946883164346218,-0.12892327387817204,-0.54745071567595
2026-04-23 07:32:59.500,3509418.612685398,779146.4367412659,5250977.701930894,-48708.08927550319,39.2749847400023,0.6893851747736335,0.5675016820896417,0.7492396235466003
2026-04-23 07:32:59.600,3509418.6748201237,779146.3847624918,5250977.6025807345,-48712.90386165943,39.45366800689258,0.6213472550734878,-0.5197877413593233,-0.993501590564847
2026-04-23 07:32:59.700,3509418.7220673943,779146.3676736105,5250977.599065928,-48717.66755791086,39.20868971708053,0.47247270587831736,-0.17088881344534457,-0.03514806739985943
2026-04-23 07:32:59.800,3509418.691806424,779146.3711065227,5250977.596027094,-48722.42742081902,39.44976399307176,-0.3026097035035491,0.03432912286370993,-0.03038833849132061
2026-04-23 07:32:59.900,3509418.746574513,779146.4277842662,5250977.675720834,-48727.13452580598,39.36323912007584,0.5476808920502663,0.5667774344328791,0.7969374023377895
2026-04-23 07:33:00.000,3509418.8255111803,779146.454409095,5250977.752901819,-48731.82687222226,39.61905533096141,0.7893666718155146,0.2662482880987227,0.7718098443001509
2026-04-23 07:33:00.100,3509418.7734586247,779146.4220799276,5250977.774672382,-48736.61837016096,39.677496207902976,-0.5205255560576916,-0.32329167355783284,0.2177056297659874
2026-04-23 07:33:00.200,3509418.770634993,779146.4066516424,5250977.77934421,-48741.40668401235,39.9010168250984,-0.028236317448318005,-0.15428285230882466,0.0467182882130146
2026-04-23 07:33:00.300,3509418.780438969,779146.4134634435,5250977.751585944,-48746.19527713551,39.89924367973685,0.09803975932300091,0.06811801111325622,-0.27758266776800156
2026-04-23 07:33:00.400,3509418.7605082993,779146.3866500349,5250977.76032485,-48750.961348767196,39.96622663867837,-0.19930669572204351,-0.2681340859271586,0.08738906122744083
2026-04-23 07:33:00.500,3509418.7390740914,779146.3940080764,5250977.802638389,-48755.72005006012,39.588242573251236,-0.21434207912534475,0.07358041475526989,0.42313539423048496
2026-04-23 07:33:00.600,3509418.7896130914,779146.4031360735,5250977.850678525,-48760.44642197614,39.86819055145153,0.5053899995982647,0.09127997094765306,0.4804013576358557
2026-04-23 07:33:00.700,3509418.838638548,779146.4223781773,5250977.802502467,-48765.22991501787,40.10600919956979,0.4902545642107725,0.19242103793658316,-0.48176057636737823
2026-04-23 07:33:00.800,3509418.8421720117,779146.4378456125,5250977.832716678,-48770.00279760551,40.484604069564355,0.03533463925123215,0.15467435237951577,0.30214210972189903
2026-04-23 07:33:00.900,3509418.873622402,779146.4563545672,5250977.855689425,-48774.78341835721,40.47488099533489,0.31450390350073576,0.18508954672142863,0.2297274675220251
2026-04-23 07:33:01.000,3509418.8657282395,779146.4473713363,5250977.815518136,-48779.56413395643,40.217821515007806,-0.07894162554293871,-0.08983230916783214,-0.4017128888517618
2026-04-23 07:33:01.100,3509418.8824310903,779146.4064619031,5250977.687199915,-48784.4039080731,40.02463156466562,0.16702850814908743,-0.40909433155320585,-1.2831822130829096
2026-04-23 07:33:01.200,3509418.8945910023,779146.4473091187,5250977.792344296,-48789.100162951465,40.37609221959376,0.12159911915659904,0.4084721556864679,1.0514438152313232
2026-04-23 07:33:01.300,3509418.904010721,779146.4575648116,5250977.878472685,-48793.83252689564,40.209275617627796,0.09419718757271767,0.10255692875944078,0.8612838853150606
2026-04-23 07:33:01.400,3509418.815834582,779146.4373009774,5250977.8896652805,-48798.638609592854,39.37301656121354,-0.88176139164716,-0.20263834157958627,0.11192595586180687
2026-04-23 07:33:01.500,3509418.850591478,779146.4456275105,5250977.8338124,-48803.41428187279,39.71216161268664,0.3475689608603716,0.08326533134095371,-0.5585288070142269
2026-04-23 07:33:01.600,3509418.8769944683,779146.42582725,5250977.70474131,-48808.26691675763,40.13290884926669,0.26402990333735943,-0.1980026054661721,-1.2907108943909407
2026-04-23 07:33:01.700,3509418.8005121746,779146.3161619444,5250977.542106645,-48813.16715523135,40.090466027472196,-0.764822936616838,-1.0966530558653176,-1.6263466514647007
2026-04-23 07:33:01.800,3509418.798684105,779146.3169399721,5250977.546585605,-48817.93988837445,40.243145036363934,-0.018280697986483574,0.007780276937410235,0.044789593666791916
2026-04-23 07:33:01.900,3509418.8781347927,779146.3913307956,5250977.631889958,-48822.62916722773,40.34173388536551,0.7945068785920739,0.7439082348719239,0.8530435338616371
2026-04-23 07:33:02.000,3509418.838047224,779146.2979355757,5250977.5836227955,-48827.480320018214,40.44765205011944,-0.400875685736537,-0.9339521988295019,-0.48267162404954433
2026-04-23 07:33:02.100,3509418.869624369,779146.3245904336,5250977.601651701,-48832.24373939321,40.443851818469255,0.31577144749462605,0.26654857909306884,0.18028905615210533
2026-04-23 07:33:02.200,3509418.893004823,779146.3416877146,5250977.631820143,-48836.990381151314,40.37554396361111,0.23380454163998365,0.17097280942834914,0.30168442055583
2026-04-23 07:33:02.300,3509418.8933838136,779146.3245003448,5250977.604724232,-48841.788403952036,40.01246904358723,0.003789905458688736,-0.1718736975453794,-0.270959110930562
2026-04-23 07:33:02.400,3509418.8583047744,779146.2962961578,5250977.606746606,-48846.60088170873,40.463036381543645,-0.3507903916761279,-0.28204187052324414,0.02022373490035534
2026-04-23 07:33:02.500,3509418.8763329396,779146.3437783887,5250977.678825085,-48851.35876181094,40.49610470968063,0.18028165213763714,0.47482230933383107,0.7207847945392132
2026-04-23 07:33:02.600,3509418.874021653,779146.29911356,5250977.725968505,-48856.13002466129,40.58286900346001,-0.023112865164875984,-0.4466482868883759,0.47143420204520226
2026-04-23 07:33:02.700,3509418.8684785673,779146.3615461114,5250977.895524035,-48860.8228443796,39.78130958850473,-0.055430857464671135,0.6243255140725523,1.6955552995204926
2026-04-23 07:33:02.800,3509418.889270353,779146.3906207571,5250977.981278957,-48865.5461559781,39.66392012929566,0.20791785791516304,0.290746457176283,0.8575492165982723
2026-04-23 07:33:02.900,3509418.987088154,779146.4062486965,5250978.08743707,-48870.21814079554,39.619335160789106,0.978178009390831,0.15627939370460808,1.0615811310708523
2026-04-23 07:33:03.000,3509418.961800217,779146.4084221896,5250978.140874026,-48875.0179116243,39.81398418001795,-0.2528793690726161,0.021734931506216526,0.5343695636838675
2026-04-23 07:33:03.100,3509418.912613416,779146.4135258255,5250978.123605565,-48879.84566467059,39.909235089226165,-0.49186801072210073,0.05103635834529996,-0.17268461175262928
2026-04-23 07:33:03.200,3509418.9233858776,779146.3903943389,5250978.218512875,-48884.56329607321,39.77805775763955,0.10772461537271738,-0.23131486610509455,0.9490730985999107
2026-04-23 07:33:03.300,3509418.8371349913,779146.3696858683,5250978.182815978,-48889.41712843491,39.78779949995665,-0.8625088632106781,-0.20708470605313778,-0.35696896724402905
2026-04-23 07:33:03.400,3509418.7929700487,779146.3702584783,5250978.116475282,-48894.271141868914,39.87614583344956,-0.4416494257748127,0.005726100644096732,-0.6634069606661797
2026-04-23 07:33:03.500,3509418.788540963,779146.3558285234,5250978.155482003,-48899.0445553544,39.76968397110095,-0.04429085645824671,-0.14429954928345978,0.3900672122836113
2026-04-23 07:33:03.600,3509418.85232223,779146.3209458101,5250978.232223128,-48903.78316669724,39.65519550669851,0.6378126703202724,-0.3488271334208548,0.767411245033145
2026-04-23 07:33:03.700,3509418.888248125,779146.3236750691,5250978.328627858,-48908.51157728111,40.13560004239037,0.3592589497566223,0.027292590821161866,0.9640473034232855
2026-04-23 07:33:03.800,3509418.8830428254,779146.3525357686,5250978.416581911,-48913.24151212423,39.865886791021474,-0.052052997052669525,0.2886069950181991,0.8795405272394419
2026-04-23 07:33:03.900,3509418.7791138995,779146.3470354636,5250978.256531701,-48918.13463043179,39.37048713147528,-1.03928925935179,-0.05500305094756186,-1.6005020961165428
2026-04-23 07:33:04.000,3509418.720575124,779146.2783556755,5250978.244090704,-48922.94722313359,39.030094408116625,-0.5853877542540431,-0.6867978803347796,-0.12440997175872326
2026-04-23 07:33:04.100,3509418.685996439,779146.275424371,5250978.349513946,-48927.70896269596,38.86375549868633,-0.3457868518307805,-0.02931304508820176,1.05423241853714
2026-04-23 07:33:04.200,3509418.7108160323,779146.2915416765,5250978.455745543,-48932.466912251504,38.78888913782071,0.24819593410938978,0.16117305494844913,1.0623159725219011
2026-04-23 07:33:04.300,3509418.7460762504,779146.3383994368,5250978.523622379,-48937.232831795845,38.811875494004816,0.352602181956172,0.46857760287821293,0.678768353536725
2026-04-23 07:33:04.400,3509418.7551668137,779146.3613013308,5250978.534544171,-48942.04834496268,38.57075215416084,0.09090563282370567,0.22901894059032202,0.1092179212719202
2026-04-23 07:33:04.500,3509418.776781648,779146.3554838976,5250978.633642303,-48946.781728358874,38.75992557662176,0.2161483420059085,-0.058174332370981574,0.9909813199192286
2026-04-23 07:33:04.600,3509418.6869001677,779146.3326966744,5250978.5945666935,-48951.64379454812,38.694674353034365,-0.8988148020580411,-0.22787223220802844,-0.3907560929656029
2026-04-23 07:33:04.700,3509418.6987346285,779146.3296129043,5250978.692428068,-48956.370075334235,38.488648090169356,0.11834460776299238,-0.03083770046941936,0.9786137472838163
2026-04-23 07:33:04.800,3509418.7258615987,779146.36487403,5250978.72419928,-48961.161499633796,38.16849877153064,0.2712697023525834,0.3526112565305084,0.3177121188491583
2026-04-23 07:33:04.900,3509418.6980538457,779146.3126651738,5250978.636197379,-48966.029361755885,38.41604284476205,-0.27807753067463636,-0.5220885621383786,-0.8800190128386021
2026-04-23 07:33:05.000,3509418.670320966,779146.3331937498,5250978.604453488,-48970.843866357616,38.74616045625594,-0.2773287985473871,0.20528575987555087,-0.3174389060586691
2026-04-23 07:33:05.100,3509418.6684062653,779146.3089404907,5250978.624987482,-48975.6689316454,38.72482417901862,-0.019147004932165146,-0.2425325906369835,0.2053399384021759
2026-04-23 07:33:05.200,3509418.6518551894,779146.3287634277,5250978.624640869,-48980.47766013638,39.038338427855415,-0.16551075968891382,0.19822936970740557,-0.003466131165623665
2026-04-23 07:33:05.300,3509418.61449326,779146.3692224252,5250978.624289562,-48985.329971207146,39.3359034289912,-0.37361929193139076,0.40458997478708625,-0.003513069823384285
2026-04-23 07:33:05.400,3509418.521297054,779146.3527611722,5250978.559318993,-48990.22869541597,39.50563270848151,-0.9319620626047254,-0.16461252933368087,-0.6497056875377893
2026-04-23 07:33:05.500,3509418.588593137,779146.3465634324,5250978.617890689,-48994.97882374101,39.539267168566504,0.6729608308523893,-0.061977398581802845,0.5857169535011053
2026-04-23 07:33:05.600,3509418.601454079,779146.3283399058,5250978.53692061,-48999.84108218652,39.74989322853687,0.12860942166298628,-0.18223526538349688,-0.8097007870674133
2026-04-23 07:33:05.700,3509418.595344814,779146.3608146481,5250978.550857879,-49004.65093997451,40.07962511168751,-0.06109265144914389,0.3247474227100611,0.139372693374753
2026-04-23 07:33:05.800,3509418.5685629845,779146.3594368855,5250978.440350729,-49009.529345543015,40.276194716751384,-0.2678182953968644,-0.013777626445516944,-1.1050715018063784
2026-04-23 07:33:05.900,3509418.5350206373,779146.3461785336,5250978.281891384,-49014.480966132236,40.54060902825023,-0.3354234714061022,-0.13258351827971637,-1.5845934487879276
2026-04-23 07:33:06.000,3509418.5840343814,779146.3590693999,5250978.366956788,-49019.24445733181,40.68221988226405,0.49013744108378887,0.12890866259112954,0.8506540395319462
2026-04-23 07:33:06.100,3509418.5640317053,779146.3672151937,5250978.462460128,-49024.01416084313,40.73801711480501,-0.2000267617404461,0.08145793806761503,0.9550333954393864
2026-04-23 07:33:06.200,3509418.625863537,779146.4309354827,5250978.540399687,-49028.78149373211,40.5592263377742,0.6183183193206787,0.6372028903570026,0.7793955970555544
2026-04-23 07:33:06.300,3509418.607820673,779146.4435917438,5250978.462742004,-49033.66076827253,40.190053720240975,-0.1804286427795887,0.12656261096708477,-0.7765768375247717
2026-04-23 07:33:06.400,3509418.586729607,779146.4553176071,5250978.498203623,-49038.47539902939,40.568341458487,-0.210910658352077,0.11725863325409591,0.3546161949634552
2026-04-23 07:33:06.500,3509418.601781065,779146.5084732007,5250978.703788729,-49043.16714207337,40.591337222383515,0.15051458030939102,0.5315559357404709,2.055851062759757
2026-04-23 07:33:06.600,3509418.5415509567,779146.5335950707,5250978.714204123,-49047.99236947976,40.208869313003014,-0.6023010844364762,0.251218699850142,0.10415393859148026
2026-04-23 07:33:06.700,3509418.5606769985,779146.559603132,5250978.820661893,-49052.75181232104,40.14441816844148,0.19126041792333126,0.2600806124974042,1.0645776987075806
2026-04-23 07:33:06.800,3509418.5558419097,779146.5753187243,5250978.836159421,-49057.567551543,40.13820816092613,-0.04835088737308979,0.15715592307969928,0.1549752801656723
2026-04-23 07:33:06.900,3509418.482571671,779146.5801983555,5250978.740158189,-49062.476095715014,40.13300222548332,-0.7327023893594742,0.048796312185004354,-0.9600123204290867
2026-04-23 07:33:07.000,3509418.4695748286,779146.5649381483,5250978.787125287,-49067.311345522285,40.33881368153259,-0.1299684215337038,-0.15260207233950496,0.4696709755808115
2026-04-23 07:33:07.100,3509418.4351947773,779146.5806310595,5250978.886149668,-49072.12148068527,40.876402328853054,-0.343800513073802,0.15692911227233708,0.9902438148856163
2026-04-23 07:33:07.200,3509418.413691695,779146.554544559,5250978.8559358055,-49076.95380199755,40.764711957041406,-0.215030824765563,-0.2608650049660355,-0.30213862657546997
2026-04-23 07:33:07.300,3509418.435555656,779146.6277056613,5250978.890526067,-49081.7521150334,40.488640232021595,0.2186396112665534,0.7316110236570239,0.3459026198834181
2026-04-23 07:33:07.400,3509418.4453591546,779146.673563603,5250978.949240715,-49086.54111370588,40.77961762261599,0.098034986294806,0.4585794161539525,0.5871464777737856
2026-04-23 07:33:07.500,3509418.3992718332,779146.6607250647,5250978.8399380855,-49091.43611430491,41.07993033339998,-0.460873213596642,-0.12838538270443678,-1.0930262971669436
2026-04-23 07:33:07.600,3509418.442662337,779146.6573723161,5250978.864570057,-49096.258951286254,41.331962009405046,0.43390503618866205,-0.033527485793456435,0.2463197149336338
2026-04-23 07:33:07.700,3509418.450539005,779146.6702159479,5250978.964754078,-49101.06127109033,41.56572195836903,0.07876668125391006,0.12843631790019572,1.0018402058631182
2026-04-23 07:33:07.800,3509418.3993534874,779146.6143598529,5250978.919448996,-49105.93176072554,41.538033461139406,-0.5118551757186651,-0.5585609504487365,-0.4530508164316416
2026-04-23 07:33:07.900,3509418.4039370916,779146.6193483953,5250978.98379289,-49110.71339880397,41.804696584078066,0.04583604168146849,0.04988542408682406,0.6434389390051365
2026-04-23 07:33:08.000,3509418.4261848293,779146.6347426648,5250979.050927605,-49115.507453854356,41.74450409532816,0.22247737739235163,0.15394269488751888,0.6713471468538046
2026-04-23 07:33:08.100,3509418.396769487,779146.654091375,5250979.199083686,-49120.2721841254,41.70914281767363,-0.294153424911201,0.19348710193298757,1.4815608132630587
2026-04-23 07:33:08.200,3509418.378374811,779146.6589463563,5250979.226077411,-49125.08049094494,41.24786772539863,-0.1839467603713274,0.048549813218414783,0.26993725448846817
2026-04-23 07:33:08.300,3509418.3690580414,779146.7348719534,5250979.283271021,-49129.875846273855,40.73688193338099,-0.09316769428551197,0.7592559710610658,0.5719360988587141
2026-04-23 07:33:08.400,3509418.3344393205,779146.7727277613,5250979.342052887,-49134.68785213449,40.906648970532956,-0.3461872087791562,0.3785580792464316,0.5878186598420143
2026-04-23 07:33:08.500,3509418.304003469,779146.7289750403,5250979.426892747,-49139.50055068873,41.13417815026727,-0.3043585130944848,-0.43752721045166254,0.8483985997736454
2026-04-23 07:33:08.600,3509418.2556944676,779146.6854241411,5250979.4268620135,-49144.35710371083,41.14975003049938,-0.48309001605957747,-0.4355089913588017,-0.0003073364496231079
2026-04-23 07:33:08.700,3509418.2241620417,779146.6853256421,5250979.469904676,-49149.1982633108,41.489995373047435,-0.3153242589905858,-0.0009849900379776955,0.4304266255348921
2026-04-23 07:33:08.800,3509418.2641739626,779146.673183347,5250979.5147707425,-49153.95862417122,40.98042237247256,0.4001192096620798,-0.121422951342538,0.4486606642603874
2026-04-23 07:33:08.900,3509418.303444727,779146.6420347404,5250979.474560772,-49158.79056461349,41.2995987794826,0.3927076421678066,-0.3114860656205565,-0.4020997043699026
2026-04-23 07:33:09.000,3509418.303735866,779146.6335826081,5250979.424767882,-49163.64183861097,41.30953041313232,0.002911393530666828,-0.0845213234424591,-0.49792890436947346
2026-04-23 07:33:09.100,3509418.2889490156,779146.7324748876,5250979.613984529,-49168.3833060156,41.3212241550573,-0.14786850661039352,0.9889227955136448,1.8921664729714394
2026-04-23 07:33:09.200,3509418.254294053,779146.699896442,5250979.745082861,-49173.154367705,41.49322046479389,-0.3465496236458421,-0.3257844562176615,1.310983318835497
2026-04-23 07:33:09.300,3509418.3244601097,779146.7502734223,5250979.765997087,-49177.924728372374,41.74316973865515,0.7016605651006103,0.503769803326577,0.20914225839078426
2026-04-23 07:33:09.400,3509418.3536673193,779146.7159706247,5250979.715294589,-49182.743804871425,42.131353238620996,0.2920720959082246,-0.3430279763415456,-0.5070249736309052
2026-04-23 07:33:09.500,3509418.377068094,779146.7001781799,5250979.764782528,-49187.541417454406,42.08024326880558,0.234007746912539,-0.15792444813996553,0.4948793910443783
2026-04-23 07:33:09.600,3509418.349108538,779146.7478342653,5250979.778867772,-49192.407096774084,41.960207544861014,-0.27959555853158236,0.4765608545858413,0.14085243456065655
2026-04-23 07:33:09.700,3509418.2216034774,779146.7314095111,5250979.687646371,-49197.36975082781,42.3080919053825,-1.275050607509911,-0.16424754285253584,-0.9122140053659678
2026-04-23 07:33:09.800,3509418.242133115,779146.7300428837,5250979.668457689,-49202.18870255775,42.04288242894663,0.20529637578874826,-0.013666274026036263,-0.19188682548701763
2026-04-23 07:33:09.900,3509418.226765137,779146.7127149607,5250979.655422793,-49207.05021928799,41.8900786686125,-0.15367977786809206,-0.17327922978438437,-0.1303489599376917
2026-04-23 07:33:10.000,3509418.1821282394,779146.6835533549,5250979.671444299,-49211.90717055956,41.81499900205417,-0.4463689774274826,-0.29161605751141906,0.16021505929529667
2026-04-23 07:33:10.100,3509418.185875445,779146.6275955297,5250979.686444561,-49216.73535310552,42.135210982129365,0.03747205715626478,-0.5595782527234405,0.15000262297689915
2026-04-23 07:33:10.200,3509418.184792575,779146.6110567662,5250979.558774726,-49221.64911604025,42.176780300414656,-0.01082870177924633,-0.16538763418793678,-1.2766983453184366
2026-04-23 07:33:10.300,3509418.1469091084,779146.549463596,5250979.396698332,-49226.594724381466,42.46511425877285,-0.37883466575294733,-0.6159317027777433,-1.6207639407366514
2026-04-23 07:33:10.400,3509418.076856016,779146.5100700147,5250979.270930053,-49231.54701235995,42.68995165643857,-0.7005309220403433,-0.3939358121715486,-1.2576827965676785
2026-04-23 07:33:10.500,3509418.093524543,779146.4959923466,5250979.338394252,-49236.336583429584,42.03046595130773,0.1666852692142129,-0.14077668194659054,0.674641989171505
2026-04-23 07:33:10.600,3509418.0763656613,779146.4743270157,5250979.335919697,-49241.17917637744,41.70706389227034,-0.1715888176113367,-0.21665330859832466,-0.024745548143982887
2026-04-23 07:33:10.700,3509418.001214264,779146.5066413,5250979.355698635,-49246.02173948339,42.03572696408855,-0.7515139738097787,0.3231428435537964,0.1977893803268671
2026-04-23 07:33:10.800,3509418.0206780722,779146.4569538512,5250979.276390975,-49250.89272903011,42.044383745900994,0.1946380827575922,-0.49687448889017105,-0.7930765952914953
2026-04-23 07:33:10.900,3509417.9814168727,779146.4130006008,5250979.166028599,-49255.805569533564,42.36494551426667,-0.3926119953393936,-0.4395325039513409,-1.1036237608641386
2026-04-23 07:33:11.000,3509418.0553717054,779146.4930480208,5250979.249211939,-49260.58400281348,41.90330563982456,0.7395483274012804,0.8004741999320686,0.8318333979696035
2026-04-23 07:33:11.100,3509418.0602489486,779146.4441229283,5250979.2079776535,-49265.420838754486,41.853970219236416,0.048772431910037994,-0.48925092443823814,-0.41234285570681095
2026-04-23 07:33:11.200,3509417.979970443,779146.3652082714,5250979.031934045,-49270.38173901364,41.4160126406914,-0.8027850557118654,-0.789146568858996,-1.7604360822588205
2026-04-23 07:33:11.300,3509417.8691345463,779146.3386692151,5250978.991618796,-49275.27828226066,41.772442743032194,-1.1083589680492878,-0.2653905632905662,-0.40315249003469944
2026-04-23 07:33:11.400,3509417.9447552413,779146.3774322574,5250979.126213503,-49280.01009219449,41.94854047090873,0.7562069501727819,0.38763042306527495,1.3459470681846142
2026-04-23 07:33:11.500,3509417.9968667473,779146.4023512307,5250979.139117402,-49284.822643235086,41.92652453050891,0.5211150599643588,0.24918973329477012,0.1290389895439148
2026-04-23 07:33:11.600,3509417.999492554,779146.3814577914,5250979.038046854,-49289.72370676585,41.915112007308174,0.026258067227900028,-0.20893439301289618,-1.0107054840773344
2026-04-23 07:33:11.700,3509417.9959537177,779146.3629885216,5250979.053445067,-49294.55973950589,41.78239919130355,-0.03538836259394884,-0.1846926985308528,0.15398213639855385
2026-04-23 07:33:11.800,3509417.891483171,779146.3719616471,5250979.057095927,-49299.46303534032,41.83340052831805,-1.0447054682299495,0.08973125484772027,0.036508599296212196
2026-04-23 07:33:11.900,3509417.877278919,779146.367931949,5250979.026639406,-49304.33385960229,42.02409127780203,-0.14204252045601606,-0.04029698087833822,-0.30456521548330784
2026-04-23 07:33:12.000,3509417.8836069745,779146.3556039737,5250979.041379087,-49309.16262644261,42.28555306774182,0.06328055635094643,-0.12327975244261324,0.14739681035280228
2026-04-23 07:33:12.100,3509417.8536046133,779146.326853376,5250978.989794406,-49314.081919400196,42.36596207137171,-0.3000236116349697,-0.28750597732141614,-0.5158468056470156
2026-04-23 07:33:12.200,3509417.9267945355,779146.3673453078,5250979.037346463,-49318.86699581105,42.21179710089972,0.7318992214277387,0.4049193183891475,0.4755205661058426
2026-04-23 07:33:12.300,3509417.9312331523,779146.3412505386,5250979.02938651,-49323.72925837598,42.46021319690583,0.044386168010532856,-0.2609476924408227,-0.0795995257794857
2026-04-23 07:33:12.400,3509417.9470147644,779146.3247340785,5250978.988145974,-49328.59138487314,42.34464945448125,0.15781612135469913,-0.16516460105776787,-0.4124053567647934
2026-04-23 07:33:12.500,3509417.9640437905,779146.3311734431,5250979.023204757,-49333.41677316271,42.32063951492204,0.17029026057571173,0.06439364631660283,0.35058782435953617
2026-04-23 07:33:12.600,3509417.8907504543,779146.34415851,5250979.017660976,-49338.27760162748,42.121844376051705,-0.7329333620145917,0.12985066859982908,-0.055437805131077766
2026-04-23 07:33:12.700,3509417.869284368,779146.3755933526,5250978.901174347,-49343.21117303443,41.734298174634894,-0.21466086152940989,0.314348426181823,-1.1648662947118282
2026-04-23 07:33:12.800,3509417.8357733083,779146.3141568038,5250978.804341957,-49348.14299341115,41.516483555054464,-0.335110598243773,-0.6143654882907867,-0.9683238994330168
2026-04-23 07:33:12.900,3509417.859792524,779146.3212103501,5250978.812521975,-49352.97007050023,40.82035953960408,0.2401921572163701,0.0705354637466371,0.08180017583072186
2026-04-23 07:33:13.000,3509417.8347258056,779146.2770736817,5250978.817139547,-49357.8077098637,41.089050421526416,-0.25066718459129333,-0.44136668439023197,0.04617572762072086
2026-04-23 07:33:13.100,3509417.7960983296,779146.2712417684,5250978.822097869,-49362.654992763186,41.01377935026713,-0.386274759657681,-0.05831913324072957,0.04958321340382099
2026-04-23 07:33:13.200,3509417.853726301,779146.2953464139,5250978.842515723,-49367.49501782565,41.11803907864658,0.5762797128409147,0.241046454757452,0.20417854189872742
2026-04-23 07:33:13.300,3509417.904643012,779146.2951020196,5250978.83283533,-49372.35949358223,41.51628211220042,0.5091671133413911,-0.002443942939862609,-0.09680393151938915
2026-04-23 07:33:13.400,3509417.877345634,779146.2875958605,5250978.811393415,-49377.25347522557,41.71887604732176,-0.27297378052026033,-0.07506159017793834,-0.21441915072500706
2026-04-23 07:33:13.500,3509417.7880071485,779146.276364034,5250978.751050041,-49382.19116300858,41.94415198057184,-0.893384856171906,-0.11231826501898468,-0.6034337356686592
2026-04-23 07:33:13.600,3509417.84977236,779146.3077554797,5250978.745685472,-49387.04521520942,42.12945934111279,0.617652116343379,0.3139144566375762,-0.05364568904042244
2026-04-23 07:33:13.700,3509417.9422643897,779146.2931320975,5250978.772663586,-49391.87015518879,41.96763993373603,0.9249202953651547,-0.14623382245190442,0.2697811368852854
2026-04-23 07:33:13.800,3509417.9658692107,779146.2751926525,5250978.71664206,-49396.7780548628,42.015180293799766,0.2360482094809413,-0.17939444980584085,-0.5602152552455664
2026-04-23 07:33:13.900,3509417.9785739016,779146.2759763869,5250978.652992168,-49401.6993841635,42.22250516210615,0.12704690918326378,0.007837343728169799,-0.6364989187568426
2026-04-23 07:33:14.000,3509417.9495035014,779146.3134981157,5250978.650394301,-49406.592406524425,41.79888362333464,-0.29070400167256594,0.37521728896535933,-0.025978675112128258
2026-04-23 07:33:14.100,3509417.9801807264,779146.3089237266,5250978.582985354,-49411.489536286026,41.51124045271867,0.306772249750793,-0.04574389196932316,-0.6740894727408886
2026-04-23 07:33:14.200,3509417.986139734,779146.2343684877,5250978.437680405,-49416.44522482302,41.91590368153536,0.059590074233710766,-0.7455523882526904,-1.4530494902282953
2026-04-23 07:33:14.300,3509417.937984273,779146.2262146767,5250978.3506216,-49421.362199039,41.427030620690644,-0.48155460972338915,-0.08153810980729759,-0.8705880492925644
2026-04-23 07:33:14.400,3509417.878750655,779146.2453485912,5250978.271556274,-49426.31130951972,41.173328947309344,-0.5923361796885729,0.19133914494886994,-0.7906532566994429
2026-04-23 07:33:14.500,3509417.9156527943,779146.2394072721,5250978.397336493,-49431.114618670166,41.526880639401845,0.36902139429003,-0.0594131916295737,1.2578021921217442
2026-04-23 07:33:14.600,3509417.940287162,779146.303540403,5250978.487557881,-49435.9451380588,41.78404534274532,0.24634367786347866,0.6413313094526529,0.9022138733416796
2026-04-23 07:33:14.700,3509417.9451593263,779146.3385350788,5250978.508879444,-49440.82837533163,41.670851179294694,0.04872164223343134,0.34994675777852535,0.2132156305015087
2026-04-23 07:33:14.800,3509417.8843996357,779146.3884598459,5250978.511895894,-49445.73487006181,41.27894405892184,-0.6075969059020281,0.4992476711049676,0.030164504423737526
2026-04-23 07:33:14.900,3509417.8436814495,779146.3453501037,5250978.495133581,-49450.61988898885,41.28873922018157,-0.4071818618103862,-0.43109742226079106,-0.16762313432991505
2026-04-23 07:33:15.000,3509417.8317838297,779146.2874712482,5250978.303167522,-49455.62135980133,41.15400620778014,-0.11897619813680649,-0.5787885549943894,-1.9196605868637562
2026-04-23 07:33:15.100,3509417.8094688635,779146.2803156613,5250978.312088134,-49460.48831440462,41.32954002557022,-0.22314966190606356,-0.07155586848966777,0.08920611813664436
2026-04-23 07:33:15.200,3509417.8246169724,779146.2897005767,5250978.31675649,-49465.354417174276,41.43631501629808,0.15148108825087547,0.09384915349073708,0.04668355919420719
2026-04-23 07:33:15.300,3509417.924667787,779146.3065879084,5250978.299559201,-49470.210120079464,41.1264515102981,1.0005081444978714,0.16887331730686128,-0.17197288572788239
2026-04-23 07:33:15.400,3509417.835662045,779146.2885718833,5250978.080253879,-49475.25424204061,40.65973707428214,-0.8900574175640941,-0.18016025074757636,-2.193053225055337
2026-04-23 07:33:15.500,3509417.7528851214,779146.2462240114,5250977.830481909,-49480.308140673704,40.26795185977282,-0.827769236639142,-0.42347871931269765,-2.497719693928957
2026-04-23 07:33:15.600,3509417.8035398386,779146.2871275648,5250977.9949856205,-49485.080528223014,40.13894205129388,0.5065471725538373,0.4090355336666107,1.6450371127575636
2026-04-23 07:33:15.700,3509417.771365265,779146.2930057774,5250977.937757988,-49490.026479132706,39.875172292505006,-0.3217457374557853,0.058782126288861036,-0.5722763203084469
2026-04-23 07:33:15.800,3509417.7249820847,779146.2848903082,5250977.826177851,-49494.995480264224,39.5575754146467,-0.4638318018987775,-0.08115469245240092,-1.1158013716340065
2026-04-23 07:33:15.900,3509417.755818516,779146.2729000677,5250977.866570959,-49499.838255520415,39.60459987929145,0.30836431309580803,-0.11990240425802767,0.403931075707078
2026-04-23 07:33:16.000,3509417.748742545,779146.2858683869,5250977.799876495,-49504.778229679,39.334048432726966,-0.07075970992445946,0.1296831911895424,-0.6669446360319853
2026-04-23 07:33:16.100,3509417.7997872946,779146.2912239581,5250977.966230964,-49509.51219961235,39.48175406979873,0.5104474956169724,0.05355571280233562,1.6635446902364492
2026-04-23 07:33:16.200,3509417.841666568,779146.2388395652,5250977.878785145,-49514.4172731782,39.3992210264747,0.4187927348539233,-0.5238439294043928,-0.874458197504282
2026-04-23 07:33:16.300,3509417.795156871,779146.2522959227,5250977.840186739,-49519.35037632459,38.98533530775753,-0.4650969710201025,0.1345635752659291,-0.38598405197262764
2026-04-23 07:33:16.400,3509417.8449806236,779146.2689038881,5250977.704627455,-49524.28586515114,38.85860387761384,0.49823752604424953,0.16607965342700481,-1.355592841282487
2026-04-23 07:33:16.500,3509417.856908162,779146.279825788,5250977.752779981,-49529.12618989722,38.96504789292882,0.11927538551390171,0.10921899927780032,0.48152525909245014
2026-04-23 07:33:16.600,3509417.8426159,779146.2461870447,5250977.715441413,-49534.0273351302,38.982693840305224,-0.1429226202890277,-0.3363874333444983,-0.3733856789767742
2026-04-23 07:33:16.700,3509417.761803009,779146.2627733294,5250977.638991745,-49539.00317198731,38.9424656448649,-0.8081289101392031,0.16586284735240042,-0.7644966803491116
2026-04-23 07:33:16.800,3509417.6972252433,779146.2875035895,5250977.530166454,-49543.97093447556,39.10702756984413,-0.6457776576280594,0.2473026013467461,-1.0882529150694609
2026-04-23 07:33:16.900,3509417.722995428,779146.3863090759,5250977.748181052,-49548.754763929195,39.00911602022516,0.25770184583961964,0.9880548634100705,2.1801459789276123
2026-04-23 07:33:17.000,3509417.7665918143,779146.3628316241,5250977.80568732,-49553.62601126084,39.16370263904091,0.43596386443823576,-0.23477451759390533,0.5750626884400845
2026-04-23 07:33:17.100,3509417.7685139193,779146.4231302089,5250977.691500602,-49558.56990818149,39.175096142829155,0.01922104973345995,0.6029858475085348,-1.1418671812862158
2026-04-23 07:33:17.200,3509417.776461586,779146.5886933695,5250977.854919186,-49563.37281365054,39.107322257154806,0.07947666570544243,1.6556316066998988,1.6341858357191086
2026-04-23 07:33:17.300,3509417.795870049,779146.6368213125,5250977.824866176,-49568.27610794189,38.97799344863414,0.19408463034778833,0.4812794295139611,-0.3005301021039486
2026-04-23 07:33:17.400,3509417.830340789,779146.7476650288,5250977.899654697,-49573.09974164893,38.56275785851605,0.34470740240067244,1.1084371630568057,0.7478852104395628
2026-04-23 07:33:17.500,3509417.953566603,779146.8203380817,5250977.957155872,-49577.91169931061,38.678839060457825,1.2322581373155117,0.7267305289860815,0.5750117544084787
2026-04-23 07:33:17.600,3509417.9623231986,779146.8185723227,5250977.690226568,-49582.91021708756,38.8459777712175,0.0875659566372633,-0.01765758963301778,-2.6692930422723293
2026-04-23 07:33:17.700,3509417.8969396525,779146.9524872795,5250977.651219121,-49587.85432142325,38.02458562485933,-0.6538354605436325,1.3391495682299137,-0.39007446728646755
2026-04-23 07:33:17.800,3509417.9635675885,779147.0244102133,5250977.678711726,-49592.72676040537,38.77175912177375,0.6662793597206473,0.7192293379921466,0.2749260514974594
2026-04-23 07:33:17.900,3509418.0346444524,779147.2023738998,5250977.8610891355,-49597.480735944555,38.56943431831414,0.7107686391100287,1.7796368640847504,1.823774091899395
2026-04-23 07:33:18.000,3509418.1596364044,779147.2648614282,5250977.855500638,-49602.30743794194,38.691383489256815,1.2499195197597146,0.6248752842657268,-0.05588497966527939
2026-04-23 07:33:18.100,3509418.2737219417,779147.2689784905,5250977.735497567,-49607.20849135967,38.50738737245714,1.140855373814702,0.041170623153448105,-1.2000307068228722
2026-04-23 07:33:18.200,3509418.267646818,779147.4198907651,5250977.902561476,-49611.99104214097,38.36133344742989,-0.0607512379065156,1.509122746065259,1.6706390958279371
2026-04-23 07:33:18.300,3509418.304907585,779147.568436181,5250977.958300984,-49616.8424149674,38.64412963231204,0.37260767072439194,1.4854541595559567,0.5573950801044703
2026-04-23 07:33:18.400,3509418.3844138887,779147.6024345723,5250977.955231586,-49621.71676108665,38.4878174925047,0.795063036493957,0.3399839124176651,-0.030693989247083664
2026-04-23 07:33:18.500,3509418.390197163,779147.749256742,5250978.023672757,-49626.582252815366,38.68807959099789,0.05783274304121733,1.4682216965593398,0.6844117119908333
2026-04-23 07:33:18.600,3509418.539829991,779147.8589621611,5250978.267596449,-49631.34329212921,38.68226016205715,1.4963282784447074,1.0970541916321963,2.439236920326948
2026-04-23 07:33:18.700,3509418.6816385216,779147.94720358,5250978.43936099,-49636.14181102908,38.776163413757565,1.4180853078141809,0.8824141894001514,1.717645414173603
2026-04-23 07:33:18.800,3509418.8018028256,779148.032263695,5250978.549641614,-49640.95170414864,38.668066333276855,1.2016430404037237,0.8506011497229338,1.1028062365949154
2026-04-23 07:33:18.900,3509418.8902476905,779148.147890483,5250978.730965952,-49645.74794153573,38.715099494922804,0.884448648430407,1.1562678799964488,1.8132433854043484
2026-04-23 07:33:19.000,3509418.918477188,779148.2931676884,5250978.913316047,-49650.59665056961,38.79437219226477,0.28229497373104095,1.4527720538899302,1.823500944301486
2026-04-23 07:33:19.100,3509418.981749426,779148.4371920371,5250979.017410162,-49655.477826798495,39.25226509451165,0.6327223824337125,1.440243487013504,1.0409411508589983
2026-04-23 07:33:19.200,3509418.990536727,779148.5257574901,5250979.081529012,-49660.37198239573,39.44049538228235,0.08787300903350115,0.885654529556632,0.6411885004490614
2026-04-23 07:33:19.300,3509419.0140984645,779148.5945129753,5250979.074193289,-49665.26694469851,39.916826837432396,0.2356173750013113,0.6875548523385078,-0.07335723377764225
2026-04-23 07:33:19.400,3509419.0524981176,779148.7003538096,5250979.205508283,-49670.086298497314,40.2994208508954,0.38399653043597937,1.0584083432331681,1.3131499476730824
2026-04-23 07:33:19.500,3509419.035460047,779148.8447728469,5250979.431944522,-49674.89131548859,40.49875942208492,-0.1703807059675455,1.4441903727129102,2.2643623873591423
2026-04-23 07:33:19.600,3509419.058295616,779148.9866599394,5250979.551288881,-49679.746122355056,40.576091913793825,0.22835568990558386,1.4188709249719977,1.1934435926377773
2026-04-23 07:33:19.700,3509419.0977097643,779149.1044596849,5250979.655323638,-49684.58503880416,40.48169843343144,0.39414148312062025,1.177997455233708,1.0403475631028414
2026-04-23 07:33:19.800,3509419.1066639414,779149.177188239,5250979.712652097,-49689.452033790745,40.48152192204686,0.08954177144914865,0.7272855401970446,0.5732845980674028
2026-04-23 07:33:19.900,3509419.1054510805,779149.2652057185,5250979.737716334,-49694.33734965859,40.560309670180935,-0.012128609232604504,0.880174795165658,0.25064236484467983
2026-04-23 07:33:20.000,3509419.0696090483,779149.3465483108,5250979.726479564,-49699.25685818402,40.60590146844395,-0.3584203217178583,0.8134259236976504,-0.11236770078539848
2026-04-23 07:33:20.100,3509419.1257132315,779149.4725007294,5250979.738535476,-49704.13509128231,40.614491012908495,0.5610418319702148,1.259524185443297,0.12055912055075169
2026-04-23 07:33:20.200,3509419.1888899812,779149.6383489007,5250979.817619435,-49708.96795999765,40.65656096977284,0.6317674973979592,1.6584817133843899,0.7908395864069462
2026-04-23 07:33:20.300,3509419.2466745465,779149.773853958,5250979.827846223,-49713.8413508566,40.68904632983914,0.5778456525877118,1.355050572892651,0.10226787999272346
2026-04-23 07:33:20.400,3509419.256640998,779149.879085131,5250979.845702484,-49718.7080417102,40.6520654225697,0.09966451674699783,1.0523117298725992,0.1785626169294119
2026-04-23 07:33:20.500,3509419.3048310094,779149.999610861,5250979.935923033,-49723.52101657021,40.92631542394616,0.48190011177212,1.2052572995889932,0.902205491438508
2026-04-23 07:33:20.600,3509419.358216572,779150.1562520561,5250979.956270039,-49728.37941225358,41.39042959859581,0.5338556272909045,1.5664119517896324,0.20347005687654018
2026-04-23 07:33:20.700,3509419.388004165,779150.3232957335,5250980.010892294,-49733.24235590711,42.050503651438504,0.2978759305551648,1.6704367741476744,0.5462225526571274
2026-04-23 07:33:20.800,3509419.4218755467,779150.4195011981,5250979.9515174,-49738.16497888432,42.18136328809158,0.3387138154357672,0.9620546456426382,-0.5937489401549101
2026-04-23 07:33:20.900,3509419.467507397,779150.5067518256,5250979.959464695,-49743.05020593521,42.021918836983275,0.4563185013830662,0.8725062746088952,0.07947294972836971
2026-04-23 07:33:21.000,3509419.4496058803,779150.63521791,5250979.959446644,-49747.943219443565,42.18749317124991,-0.17901516519486904,1.2846608448307961,-0.00018050894141197205
2026-04-23 07:33:21.100,3509420.31119136,779149.2956067476,5250980.265736593,-49751.93757662477,43.01660286052384,8.6158547969535,-13.396111624315381,3.062899485230446
2026-04-23 07:33:21.200,3509420.276314685,779149.46218598,5250980.31635666,-49756.83857132374,42.65543793599926,-0.3487667487934232,1.6657923243474215,0.5062006693333387
2026-04-23 07:33:21.300,3509420.222506934,779149.6195069706,5250980.321037049,-49761.775515498826,42.35828852744713,-0.53807751275599,1.573209905764088,0.04680389538407326
2026-04-23 07:33:21.400,3509420.189168519,779149.7236709942,5250980.207970348,-49766.77323379508,42.008048600815215,-0.3333841497078538,1.041640235343948,-1.1306670121848583
2026-04-23 07:33:21.500,3509420.17629275,779149.8331475598,5250980.185169926,-49771.711971695964,41.82057416782709,-0.12875768821686506,1.0947656561620533,-0.2280042227357626
2026-04-23 07:33:21.600,3509420.153624643,779149.9194606328,5250980.162355979,-49776.648203070756,42.08817135475058,-0.22668106947094202,0.8631307305768132,-0.22813946940004826
2026-04-23 07:33:21.700,3509420.179266019,779150.041381911,5250980.24915383,-49781.48747054287,42.2179216586109,0.25641375686973333,1.2192127818707377,0.8679785113781691
2026-04-23 07:33:21.800,3509420.1649140674,779150.1474563592,5250980.263999074,-49786.392373150746,42.51150171399506,-0.1435195142403245,1.0607444820925593,0.14845243655145168
2026-04-23 07:33:21.900,3509420.141025664,779150.2690898157,5250980.288639521,-49791.32127558684,42.52783764067958,-0.23888403549790382,1.216334564378485,0.24640447460114956
2026-04-23 07:33:22.000,3509420.121491386,779150.3657872257,5250980.305966296,-49796.24102025779,42.8708806934174,-0.19534277729690075,0.9669740998651832,0.17326775006949902
2026-04-23 07:33:22.100,3509420.1112169297,779150.4521402281,5250980.301730251,-49801.15598770463,43.23874740100746,-0.10274456348270178,0.8635300246533006,-0.0423604529350996
2026-04-23 07:33:22.200,3509420.137310616,779150.5445820465,5250980.276290357,-49806.05793078367,43.30287366661987,0.2609368646517396,0.9244181832764298,-0.2543989382684231
2026-04-23 07:33:22.300,3509420.1537545137,779150.6462528057,5250980.257134246,-49810.98719531394,43.14713350450065,0.16443897504359484,1.0167075926437974,-0.19156111404299736
2026-04-23 07:33:22.400,3509420.1589320754,779150.7825875153,5250980.154216308,-49815.95948132742,43.066133823860206,0.051775616593658924,1.3633470959030092,-1.0291793756186962
2026-04-23 07:33:22.500,3509420.13274946,779150.8860375803,5250979.966887216,-49820.98529175373,43.210616291025715,-0.2618261519819498,1.0345006501302123,-1.8732909206300974
2026-04-23 07:33:22.600,3509420.105402443,779150.9834640663,5250979.827968928,-49825.97720430051,43.17988154860681,-0.2734701707959175,0.974264859687537,-1.3891828805208206
2026-04-23 07:33:22.700,3509420.0871168226,779151.0638028935,5250979.809246432,-49830.90370866189,43.23952534332979,-0.18285620491951704,0.8033882721792907,-0.1872249599546194
2026-04-23 07:33:22.800,3509420.095316157,779151.1622545803,5250979.772008641,-49835.82347165296,43.05794914141957,0.08199334610253572,0.9845168679021299,-0.3723779134452343
2026-04-23 07:33:22.900,3509420.091393215,779151.278880416,5250979.699623863,-49840.765923329716,43.05901076709175,-0.03922942094504833,1.1662583565339446,-0.7238477747887373
2026-04-23 07:33:23.000,3509420.0714359074,779151.4091149259,5250979.652848304,-49845.724167060056,42.688928137807935,-0.1995730772614479,1.3023450993932784,-0.46775558963418007
2026-04-23 07:33:23.100,3509420.0668887054,779151.5415365384,5250979.555479889,-49850.696427473355,42.3204597588542,-0.04547202028334141,1.3242161250673234,-0.9736841544508934
2026-04-23 07:33:23.200,3509420.058356366,779151.6374766971,5250979.50642569,-49855.62545552281,42.17439346866884,-0.08532339241355658,0.9594015870243311,-0.49054198898375034
2026-04-23 07:33:23.300,3509420.061542136,779151.685599593,5250979.41350736,-49860.558191390184,42.23659409494711,0.03185770008713007,0.4812289588153362,-0.9291832987219095
2026-04-23 07:33:23.400,3509420.052112914,779151.7286620176,5250979.344560594,-49865.50085429081,42.59666614615251,-0.09429221972823143,0.4306242463644594,-0.6894676573574543
2026-04-23 07:33:23.500,3509420.0072667804,779151.7805974354,5250979.264642128,-49870.47447929961,43.10580950864768,-0.44846133794635534,0.5193541781045496,-0.7991846650838852
2026-04-23 07:33:23.600,3509420.0004569655,779151.8305384358,5250979.14090846,-49875.44334034559,43.42359930142796,-0.0680981483310461,0.4994100041221827,-1.237336676567793
2026-04-23 07:33:23.700,3509420.0343473465,779151.9146250308,5250979.0702044675,-49880.38855525417,43.67448828384889,0.3389038098976016,0.8408659498672932,-0.7070399262011051
2026-04-23 07:33:23.800,3509420.052453182,779152.0207645731,5250979.033349341,-49885.29996080375,43.53425640386046,0.18105835653841496,1.0613954230211675,-0.368551267310977
2026-04-23 07:33:23.900,3509420.0909395153,779152.078741166,5250979.0103277005,-49890.19058926062,43.16170567939115,0.3848633309826255,0.5797659291420132,-0.2302164025604725
2026-04-23 07:33:24.000,3509420.089745483,779152.1685994216,5250979.008951962,-49895.10360555161,43.12169938876285,-0.011940323747694492,0.8985825558193028,-0.013757385313510895
2026-04-23 07:33:24.100,3509420.105583853,779152.2984366613,5250979.05440695,-49899.99032395985,43.46283566368422,0.15838370192795992,1.2983723962679505,0.4545498825609684
2026-04-23 07:33:24.200,3509420.054240884,779152.3690935214,5250978.926985872,-49904.98556133135,43.64117684720461,-0.5134296929463744,0.7065686013083905,-1.2742107827216387
2026-04-23 07:33:24.300,3509419.211021638,779153.7143081414,5250978.372336917,-49910.87565304072,41.00707539194142,-8.432192457839847,13.452146199997514,-5.546489553526044
2026-04-23 07:33:24.400,3509419.174902589,779153.8053193474,5250978.196600502,-49915.89504792445,40.56522301688851,-0.36119048949331045,0.910112060373649,-1.7573641426861286
2026-04-23 07:33:24.500,3509419.141280992,779153.8965006991,5250978.061354156,-49920.89350340779,40.31354245993918,-0.3362159710377455,0.9118135168682784,-1.3524634670466185
2026-04-23 07:33:24.600,3509419.087608832,779154.0101502048,5250977.914564119,-49925.94127846232,40.01192555718701,-0.5367216002196074,1.1364950565621257,-1.4679003693163395
2026-04-23 07:33:24.700,3509419.0682895193,779154.1261623082,5250977.7999433335,-49930.957083238754,40.18052692045092,-0.19319312646985054,1.160121033899486,-1.1462078522890806
2026-04-23 07:33:24.800,3509419.005380181,779154.2637399009,5250977.683588905,-49935.98902658172,40.21558218225655,-0.6290933815762401,1.37577592744492,-1.1635442823171616
2026-04-23 07:33:24.900,3509417.469383935,779154.6777195215,5250972.342733313,-49944.415849895864,39.53120542501891,-15.359962461516261,4.139796205563471,-53.40855591930449
2026-04-23 07:33:25.000,3509419.01679085,779154.488784793,5250977.457825828,-49945.96479803186,40.06982746397377,15.474069151096046,-1.8893472850322723,51.15092515014112
2026-04-23 07:33:25.100,3509419.077289173,779154.6028473804,5250977.422123366,-49950.86196633266,39.85812528211028,0.6049832282587886,1.1406258749775589,-0.35702462308108807
2026-04-23 07:33:25.200,3509419.180421779,779154.6970761114,5250977.271084808,-49955.811034893915,39.546790231482134,1.0313260601833463,0.9422873100265861,-1.5103855822235346
2026-04-23 07:33:25.300,3509418.4690845767,779154.3926614611,5250973.5430697715,-49962.85004528536,47.99862073470004,-7.1133720222860575,-3.044146503088996,-37.280150363221765
2026-04-23 07:33:25.400,3509418.468919871,779154.5051197786,5250973.525297625,-49967.78154801846,48.190979201718214,-0.001647057943046093,1.1245831742417067,-0.17772146500647068
2026-04-23 07:33:25.500,3509418.484419744,779154.5970971937,5250973.441476495,-49972.74256289205,48.60028297339703,0.15499873086810112,0.9197741514071822,-0.8382112998515368
2026-04-23 07:33:25.600,3509418.466449907,779154.7024155763,5250973.410280418,-49977.705543383716,48.930251322614275,-0.17969836946576834,1.0531838261522353,-0.3119607735425234
2026-04-23 07:33:25.700,3509421.602202363,779152.9348120264,5250974.154191263,-49980.24682148753,60.082659790549776,31.357524557970464,-17.676035498734564,7.439108453691006
2026-04-23 07:33:25.800,3509418.582574932,779154.9020605162,5250973.4162205765,-49987.522492207754,48.35367629714919,-30.196274309419096,19.672484897309914,-7.3797068651765585
2026-04-23 07:33:25.900,3509421.6057353164,779153.201307137,5250974.127645983,-49990.12155527713,59.83248545132239,30.23160384502262,-17.007533791474998,7.11425406858325
2026-04-23 07:33:26.000,3509421.596198435,779153.3474455856,5250974.17131224,-49995.04274242343,60.00634389524301,-0.0953688146546483,1.461384486174211,0.43666256591677666
2026-04-23 07:33:26.100,3509421.5955201695,779153.411889461,5250974.166322308,-49999.96798044584,60.15800265853685,-0.006782654672861099,0.6444387533701956,-0.04989932291209698
2026-04-23 07:33:26.200,3509421.565937144,779153.5209948721,5250974.140433515,-50004.927160412495,60.13367956732222,-0.2958302525803447,1.0910541110206395,-0.25888792239129543
2026-04-23 07:33:26.300,3509421.557705382,779153.6238308928,5250974.139978618,-50009.85965922477,60.51170212868794,-0.08231762330979109,1.0283602075651288,-0.004548970609903336
2026-04-23 07:33:26.400,3509421.586888392,779153.7602438682,5250974.169864285,-50014.78549864867,60.55841755780954,0.2918301010504365,1.3641297537833452,0.2988566644489765
2026-04-23 07:33:26.500,3509421.555461028,779153.908858145,5250974.160567935,-50019.76176586806,60.604817733906394,-0.31427363865077496,1.4861427678260952,-0.09296350181102753
2026-04-23 07:33:26.600,3509421.540819257,779154.0188942204,5250974.104845078,-50024.72269824719,60.77398769439301,-0.14641771093010902,1.100360753480345,-0.5572285689413548
2026-04-23 07:33:26.700,3509421.535230069,779154.1384229155,5250974.057861697,-50029.66117376372,61.022483497073694,-0.05589188076555729,1.1952869512606412,-0.46983380801975727
2026-04-23 07:33:26.800,3509421.4978525206,779154.2598030582,5250973.952410601,-50034.654894016596,60.98443294845631,-0.3737754840403795,1.2138014275114983,-1.054510958492756
2026-04-23 07:33:26.900,3509421.4517098083,779154.3390147405,5250973.919194889,-50039.63528060377,61.06415949093989,-0.46142712235450745,0.7921168231405318,-0.3321571182459593
2026-04-23 07:33:27.000,3509421.37529758,779154.4450487191,5250973.86284126,-50044.64511535579,61.503308387397624,-0.7641222840175033,1.060339785180986,-0.5635362956672907
2026-04-23 07:33:27.100,3509421.3524054023,779154.5361486622,5250973.8517106455,-50049.5789745293,61.66182542121004,-0.22892177570611238,0.9109994315076619,-0.11130614206194878
2026-04-23 07:33:27.200,3509421.36101678,779154.5988811397,5250973.863445734,-50054.486170348464,61.76453188116563,0.0861137779429555,0.6273247743956745,0.1173508819192648
2026-04-23 07:33:27.300,3509421.3612372717,779154.6981846929,5250973.799240055,-50059.452290522546,61.52102641025734,0.0022049155086278915,0.9930355323012918,-0.6420567911118269
2026-04-23 07:33:27.400,3509421.3419064353,779154.8106116672,5250973.706596322,-50064.45921145714,61.527243578935234,-0.1933083636686206,1.124269743449986,-0.926437322050333
2026-04-23 07:33:27.500,3509421.336089301,779154.9307818983,5250973.628207741,-50069.443558992105,61.82841527641921,-0.05817134398967028,1.2017023109365255,-0.7838858105242252
2026-04-23 07:33:27.600,3509421.356432405,779155.037595852,5250973.660720978,-50074.350841206164,61.784628701979905,0.20343103911727667,1.0681395372375846,0.3251323662698269
2026-04-23 07:33:27.700,3509421.4006186626,779155.1553247963,5250973.736903853,-50079.22288998338,61.83173689899775,0.44186257757246494,1.1772894428577274,0.7618287485092878
2026-04-23 07:33:27.800,3509421.4365450526,779155.2944195658,5250973.816795743,-50084.097465362975,61.6692921276208,0.3592638997361064,1.390947694890201,0.7989189028739929
2026-04-23 07:33:27.900,3509421.475839139,779155.4151942835,5250973.809938742,-50089.01682696659,61.86120590345968,0.39294086396694183,1.207747176522389,-0.06857001222670078
2026-04-23 07:33:28.000,3509421.46906,779155.5488767197,5250973.801383688,-50093.974512313696,61.7956025296181,-0.06779138930141926,1.3368243619333953,-0.08555053733289242
2026-04-23 07:33:28.100,3509421.4002162693,779155.6734466726,5250973.676240842,-50099.0222170775,62.22966993417952,-0.68843730725348,1.2456995295360684,-1.2514284625649452
2026-04-23 07:33:28.200,3509421.3560781246,779155.8064353957,5250973.58050807,-50104.044240442054,62.558790986183396,-0.44138144701719284,1.3298872311133891,-0.9573277179151773
2026-04-23 07:33:28.300,3509421.36726558,779155.9133102689,5250973.50604627,-50109.00504706975,62.455242074645305,0.11187455616891384,1.0687487316317856,-0.7446180004626513
2026-04-23 07:33:28.400,3509421.415617477,779155.9878542087,5250973.460072052,-50113.9181443513,62.573326775462014,0.48351896926760674,0.7454393978696316,-0.45974218286573887
2026-04-23 07:33:28.500,3509421.406202494,779156.1045661512,5250973.387446886,-50118.90128579145,62.638995834913025,-0.09414982981979847,1.167119424790144,-0.726251658052206
2026-04-23 07:33:28.600,3509421.415977967,779156.2448463438,5250973.389038537,-50123.82759087646,62.175954921984555,0.09775472804903984,1.402801926014945,0.015916507691144943
2026-04-23 07:33:28.700,3509421.461548862,779156.3577048252,5250973.393212176,-50128.74033657694,61.614257958215944,0.45570895075798035,1.128584814723581,0.04173639230430126
2026-04-23 07:33:28.800,3509421.437719296,779156.5256140676,5250973.3338149395,-50133.75119102501,61.2664469388456,-0.23829565849155188,1.679092423291877,-0.5939723644405603
2026-04-23 07:33:28.900,3509421.443074303,779156.6779075192,5250973.335441888,-50138.71322859531,61.01637743373569,0.05355007015168667,1.5229345159605145,0.016269488260149956
2026-04-23 07:33:29.000,3509421.478549706,779156.8223722824,5250973.360881047,-50143.63910366305,61.350371290286034,0.3547540260478854,1.4446476323064417,0.25439159013330936
2026-04-23 07:33:29.100,3509421.4570579254,779156.9271925779,5250973.200021847,-50148.699977326796,61.6663652166408,-0.21491780411452055,1.048202954698354,-1.608592001721263
2026-04-23 07:33:29.200,3509421.533325695,779157.0211454321,5250973.196241969,-50153.60666956654,61.32263216193849,0.7626776956021786,0.9395285428036004,-0.03779877908527851
2026-04-23 07:33:29.300,3509421.591368219,779157.1278081649,5250973.195579474,-50158.527417700745,61.12233390664692,0.5804252391681075,1.0666273278184235,-0.00662495382130146
2026-04-23 07:33:29.400,3509421.678141936,779157.2616260189,5250973.257572286,-50163.42746698521,60.6644426203356,0.8677371731027961,1.3381785398814827,0.6199281197041273
2026-04-23 07:33:29.500,3509421.6979663842,779157.3631454539,5250973.318403586,-50168.34836762332,60.41961707065769,0.1982444804161787,1.0151943494565785,0.6083129998296499
2026-04-23 07:33:29.600,3509421.6592373033,779157.4513177025,5250973.262238906,-50173.35564887379,60.64134039876553,-0.3872908093035221,0.8817224868107587,-0.5616468004882336
2026-04-23 07:33:29.700,3509421.659238562,779157.5441834108,5250973.214077929,-50178.33874275952,60.98648046124527,1.2586824595928192e-05,0.9286570828408003,-0.48160976730287075
2026-04-23 07:33:29.800,3509421.7105109994,779157.5941474936,5250973.154255439,-50183.284630132446,61.63622361485047,0.5127243744209409,0.4996408277656883,-0.5982249043881893
2026-04-23 07:33:29.900,3509421.7754650824,779157.6516822516,5250973.125037333,-50188.23011296763,62.067464922318756,0.6495408294722438,0.5753475800156593,-0.2921810559928417
2026-04-23 07:33:30.000,3509421.745626487,779157.7608611586,5250972.935447303,-50193.32234421013,62.34639013595071,-0.29838595539331436,1.0917890700511634,-1.8959003034979105
2026-04-23 07:33:30.100,3509421.752471405,779157.8387548147,5250972.84934382,-50198.32851309285,62.32924533829418,0.06844918243587017,0.7789365609642118,-0.8610348310321569
2026-04-23 07:33:30.200,3509421.77835288,779157.9137624537,5250972.770587409,-50203.303406068015,62.582352650058446,0.2588147483766079,0.7500763901043683,-0.787564106285572
2026-04-23 07:33:30.300,3509420.190624566,779159.8923279494,5250975.514172446,-50208.158250781824,40.265111171745424,-15.87728314101696,19.78565495694056,27.435850370675325
2026-04-23 07:33:30.400,3509420.1899940553,779159.9754796259,5250975.542934568,-50213.10713466058,40.46896442821427,-0.006305105052888393,0.8315167645923793,0.2876212168484926
2026-04-23 07:33:30.500,3509420.213595462,779160.1074125196,5250975.581157667,-50218.05399394012,40.628127406978315,0.2360140671953559,1.3193289376795292,0.3822309896349907
2026-04-23 07:33:30.600,3509420.189830026,779160.2235257879,5250975.603264334,-50223.05573862303,40.79840621001275,-0.2376543590798974,1.1611326830461621,0.22106667049229145
2026-04-23 07:33:30.700,3509419.9680807805,779160.5914683498,5250975.805278019,-50228.100936548006,35.23111524055979,-2.217492456547916,3.679425618611276,2.0201368536800146
2026-04-23 07:33:30.800,3509420.0162993087,779160.6909564786,5250975.85225921,-50233.04690234052,35.082795036278654,0.48218528274446726,0.9948812879156321,0.46981191262602806
2026-04-23 07:33:30.900,3509420.0155065027,779160.8006446447,5250975.87403084,-50237.9949070706,35.16405270737472,-0.007928060367703438,1.0968816606327891,0.21771629340946674
2026-04-23 07:33:31.000,3509420.058335887,779160.8941185072,5250975.830415077,-50242.98123304693,35.12937317341774,0.42829384095966816,0.9347386250738055,-0.4361576307564974
2026-04-23 07:33:31.100,3509420.121887183,779160.9402369196,5250975.747431859,-50247.980817866024,34.97721006368628,0.6355129601433873,0.4611841239966452,-0.8298321720212698
2026-04-23 07:33:31.200,3509420.182304344,779160.9755262218,5250975.697197064,-50252.96735627815,35.21169385831151,0.6041716132313013,0.3528930223546922,-0.5023479554802179
2026-04-23 07:33:31.300,3509420.1947069135,779161.057365283,5250975.654215729,-50257.974671029064,35.27935463126515,0.1240256940945983,0.8183906122576445,-0.4298133496195078
2026-04-23 07:33:31.400,3509420.6758275116,779161.0005292314,5250975.279699769,-50262.83876857514,40.47360576708973,4.8112059803679585,-0.5683605163358152,-3.745159599930048
2026-04-23 07:33:31.500,3509420.7592683784,779161.1027418762,5250975.35163834,-50267.75679719323,40.36264776176978,0.8344086678698659,1.022126447642222,0.7193857152014971
2026-04-23 07:33:31.600,3509420.6093371105,779161.2386113845,5250975.526561807,-50272.74971368684,34.577942578970195,-1.4993126783519983,1.3586950837634504,1.749234665185213
2026-04-23 07:33:31.700,3509420.8228851575,779161.165802479,5250975.339267363,-50277.65798283664,40.17284376728147,2.1354804700240493,-0.7280890550464392,-1.8729444406926632
2026-04-23 07:33:31.800,3509421.0342264627,779161.2816486408,5250975.224946301,-50282.56494829577,40.359436621155055,2.113413051702082,1.1584616173058748,-1.1432106141000986
2026-04-23 07:33:31.900,3509421.539471966,779161.013684362,5250974.886332997,-50287.3908734341,48.324866143203344,5.052455035038292,-2.679642786970362,-3.3861330430954695
2026-04-23 07:33:32.000,3509421.6642416995,779161.0932568071,5250974.891974505,-50292.32897824274,48.80120507048266,1.2476973328739405,0.7957244501449168,0.05641507916152477
2026-04-23 07:33:32.100,3509421.73132506,779161.1857086784,5250974.861627325,-50297.32364583734,48.83133570061155,0.6708336062729359,0.9245187137275934,-0.30347179621458054
2026-04-23 07:33:32.200,3509421.833992098,779161.2287336119,5250974.854459055,-50302.28127274388,48.89627641709755,1.0266703786328435,0.4302493343129754,-0.07168270647525787
2026-04-23 07:33:32.300,3509421.9355019643,779161.2752885016,5250974.882529907,-50307.181756989674,48.784683334255035,1.015098663046956,0.4655488976277411,0.28070852160453796
2026-04-23 07:33:32.400,3509422.037311,779161.3114264363,5250974.834504472,-50312.14397135573,48.55478736678899,1.0180903552100062,0.36137934657745063,-0.4802543483674526
2026-04-23 07:33:32.500,3509422.227910133,779161.2848505096,5250974.729266015,-50317.10220359968,48.48029490282704,1.9059913326054811,-0.26575926691293716,-1.0523845721036196
2026-04-23 07:33:32.600,3509422.3456225675,779161.2934140803,5250974.648224655,-50322.07739026909,48.7259250378133,1.1771243438124657,0.085635706782341,-0.8104136027395725
2026-04-23 07:33:32.700,3509422.436805836,779161.3347485964,5250974.626569077,-50327.024936648435,48.988523725333934,0.9118326846510172,0.4133451613597572,-0.2165557723492384
2026-04-23 07:33:32.800,3509422.555831293,779161.3133709767,5250974.5878948355,-50332.00242447922,49.63149877299307,1.1902545718476176,-0.21377619705162942,-0.3867424186319113
2026-04-23 07:33:32.900,3509422.629677388,779161.3244290093,5250974.514205004,-50337.033254824935,49.8514326467465,0.7384609477594495,0.11058032629080117,-0.7368983142077923
2026-04-23 07:33:33.000,3509422.7588132243,779161.3096710835,5250974.385740153,-50342.05558331751,49.718429071844625,1.291358363814652,-0.14757925877347589,-1.2846485152840614
2026-04-23 07:33:33.100,3509422.8018116876,779161.3019049988,5250974.254823152,-50347.096571940725,49.63047041182524,0.4299846338108182,-0.07766084629110992,-1.3091700058430433
2026-04-23 07:33:33.200,3509422.844034561,779161.3147579808,5250974.206012056,-50352.101801464014,49.43255783661654,0.4222287330776453,0.12852981919422746,-0.48811095766723156
2026-04-23 07:33:33.300,3509422.8900244148,779161.3044455203,5250974.088873161,-50357.15850787738,49.57373179178246,0.4598985379561782,-0.10312460479326546,-1.171388952061534
2026-04-23 07:33:33.400,3509422.9514207565,779161.3148492945,5250974.018106858,-50362.18135608659,49.8216304795168,0.6139634177088737,0.10403774213045835,-0.7076630275696516
2026-04-23 07:33:33.500,3509423.0353405923,779161.3294792013,5250974.049307883,-50367.135827622405,50.01249735681634,0.8391983574256301,0.14629906858317554,0.31201024539768696
2026-04-23 07:33:33.600,3509423.2005967773,779161.2626523365,5250973.990828373,-50372.08910027473,50.08932163166939,1.6525618499144912,-0.6682686484418809,-0.5847951024770737
2026-04-23 07:33:33.700,3509423.3273096024,779161.2274905385,5250973.878029167,-50377.07259254278,50.04951814575825,1.2671282514929771,-0.35161798004992306,-1.127992058172822
2026-04-23 07:33:33.800,3509423.360198135,779161.2436463112,5250973.804634742,-50382.07051928192,50.03782024088922,0.32888532616198063,0.1615577272605151,-0.7339442428201437
2026-04-23 07:33:33.900,3509423.4278805098,779161.2902011176,5250973.72898522,-50387.04789233034,49.9784155948954,0.676823747344315,0.4655480640940368,-0.7564952224493027
2026-04-23 07:33:34.000,3509423.546450334,779161.3086030281,5250973.725273329,-50392.01739615062,49.96636962583043,1.1856982437893748,0.1840191043447703,-0.03711891360580921
2026-04-23 07:33:34.100,3509423.6192800463,779161.3458070491,5250973.717485561,-50396.99547220498,50.0802042898551,0.728297121822834,0.37204021005891263,-0.07787767797708511
2026-04-23 07:33:34.200,3509423.6613984243,779161.3845348988,5250973.645572695,-50402.01743339783,50.23786120165517,0.421183779835701,0.3872784972190857,-0.7191286608576775
2026-04-23 07:33:34.300,3509423.7574057244,779161.3992213875,5250973.60406787,-50407.0201918603,49.96726187976538,0.9600730007514358,0.14686488662846386,-0.4150482453405857
2026-04-23 07:33:34.400,3509423.8862285893,779161.3927231688,5250973.559023469,-50411.996751793464,49.749104860142445,1.2882286496460438,-0.06498218630440533,-0.4504440166056156
2026-04-23 07:33:34.500,3509421.9389399174,779161.9513955703,5250968.777892895,-50420.47810769346,52.24248378682729,-19.472886719740927,5.586724014719948,-47.81130573712289
2026-04-23 07:33:34.600,3509423.9932510518,779161.4524918064,5250973.163101372,-50422.144259793655,48.803556130677684,20.543111343868077,-4.989037639461458,43.85208477266133
2026-04-23 07:33:34.700,3509424.036227187,779161.4225692821,5250972.854154789,-50427.263384553444,48.837391379009375,0.429761353880167,-0.2992252423427999,-3.0894658342003822
2026-04-23 07:33:34.800,3509424.1491321027,779161.3613463875,5250972.81567187,-50432.23438901402,48.98968022018903,1.1290491558611393,-0.6122289458289742,-0.38482919335365295
2026-04-23 07:33:34.900,3509424.26551304,779161.3070970997,5250972.84481871,-50437.1698173862,49.20234191522596,1.1638093739748,-0.5424928781576455,0.29146840795874596
2026-04-23 07:33:35.000,3509424.3383416794,779161.2733645681,5250972.795685361,-50442.16105828644,49.42414323908949,0.7282863929867744,-0.3373253159224987,-0.4913334921002388
2026-04-23 07:33:35.100,3509424.3902485524,779161.2398654054,5250972.713362668,-50447.17041237251,49.54520205809759,0.5190687300637364,-0.33499162760563195,-0.823226934298873
2026-04-23 07:33:35.200,3509424.4500458143,779161.2020507001,5250972.554178989,-50452.22476714329,49.17483337964084,0.5979726184159517,-0.37814705283381045,-1.591836791485548
2026-04-23 07:33:35.300,3509424.5620142263,779161.1937901598,5250972.52403331,-50457.201762617035,49.00415958835704,1.1196841206401587,-0.08260540314950049,-0.3014567866921425
2026-04-23 07:33:35.400,3509424.677696678,779161.1850910784,5250972.52910638,-50462.157109097556,49.20537475878275,1.1568245152011514,-0.08699081372469664,0.05073070526123047
2026-04-23 07:33:35.500,3509424.7859621737,779161.1714620001,5250972.500516259,-50467.15080696356,49.25556601081446,1.0826549585908651,-0.1362907828297466,-0.28590121306478977
2026-04-23 07:33:35.600,3509424.8738425756,779161.2050998147,5250972.461667309,-50472.15512063995,49.21907101290327,0.8788040187209845,0.3363781457301229,-0.38848950527608395
2026-04-23 07:33:35.700,3509424.951556216,779161.2000230959,5250972.449256831,-50477.164815683886,49.38884224330006,0.7771364040672779,-0.050767187494784594,-0.12410477735102177
2026-04-23 07:33:35.800,3509425.1069250796,779161.1272676054,5250972.442322635,-50482.10594868074,49.42130761691988,1.5536886360496283,-0.7275549054611474,-0.06934195756912231
2026-04-23 07:33:35.900,3509425.2789202924,779161.0558232185,5250972.333149495,-50487.074927794994,49.25736941614155,1.7199521278962493,-0.7144438684917986,-1.0917314048856497
2026-04-23 07:33:36.000,3509425.4281238155,779161.0271297611,5250972.2822333025,-50492.02946465382,49.27869024962663,1.4920352306216955,-0.2869345748331398,-0.5091619212180376
2026-04-23 07:33:36.100,3509423.5849883165,779161.6016114037,5250967.646496357,-50500.41471416389,51.38162001320979,-18.431354989297688,5.744816426886246,-46.357369450852275
2026-04-23 07:33:36.200,3509423.74291394,779161.6092132202,5250967.630268554,-50505.40117278263,50.99617354689892,1.579256234690547,0.0760181644000113,-0.16227803193032742
2026-04-23 07:33:36.300,3509424.9958583303,779161.6656606393,5250972.798054623,-50507.25024035951,41.480774310518804,12.529443902894855,0.5644741910509765,51.67786069214344
2026-04-23 07:33:36.400,3509425.050343429,779161.65143204,5250972.932819063,-50512.20305092797,35.99413114931476,0.5448509892448783,-0.14228599262423813,1.3476443942636251
2026-04-23 07:33:36.500,3509425.2077701134,779161.5722427816,5250973.08209781,-50517.09179939372,36.73577008711546,1.574266841635108,-0.7918925839476287,1.4927874691784382
2026-04-23 07:33:36.600,3509425.543218929,779161.4383277072,5250972.926053458,-50522.02157248328,42.90585912056134,3.354488154873252,-1.3391507440246642,-1.5604435186833143
2026-04-23 07:33:36.700,3509425.5970985987,779161.4276339058,5250972.978668615,-50527.00968369654,43.47207492238372,0.5387966986745596,-0.10693801450543106,0.5261515732854605
2026-04-23 07:33:36.800,3509425.615824883,779161.4119681797,5250972.967225704,-50532.06907002707,44.030139954339944,0.1872628415003419,-0.15665726037696004,-0.11442910879850388
2026-04-23 07:33:36.900,3509425.679424876,779161.3423051588,5250972.993634858,-50537.0598122818,44.8426718804781,0.6359999300912023,-0.69663020898588,0.2640915382653475
2026-04-23 07:33:37.000,3509425.7992321667,779161.2354535442,5250973.075342972,-50541.971631897126,45.52405296491156,1.1980729084461927,-1.0685161466244608,0.8170811366289854
2026-04-23 07:33:37.100,3509425.9194441135,779161.1969286039,5250973.170182648,-50546.89107299703,46.05332319269531,1.202119467779994,-0.3852494026068598,0.9483967628329992
2026-04-23 07:33:37.200,3509424.29626524,779161.3278476861,5250966.898292095,-50555.855127538685,42.78874425532112,-16.231788736768067,1.3091908220667392,-62.71890552714467
2026-04-23 07:33:37.300,3509424.375474469,779161.3227498711,5250966.858045348,-50560.870771499736,43.09477682669157,0.79209228977561,-0.05097815068438649,-0.4024674743413925
2026-04-23 07:33:37.400,3509424.4794614976,779161.2645906662,5250966.891980412,-50565.82197076897,43.07935021123773,1.0398702882230282,-0.581592048984021,0.3393506444990635
2026-04-23 07:33:37.500,3509424.5993307573,779161.1974184698,5250966.868705678,-50570.789490713105,42.80638687220249,1.1986925965175033,-0.6717219634447247,-0.23274734616279602
2026-04-23 07:33:37.600,3509424.733127869,779161.1792311927,5250966.837212956,-50575.74389902094,42.49184728080701,1.337971119210124,-0.18187277135439217,-0.3149272222071886
2026-04-23 07:33:37.700,3509424.8207088853,779161.1613142907,5250966.765096131,-50580.75691530254,42.32831647255107,0.8758101612329483,-0.17916901968419552,-0.7211682479828596
2026-04-23 07:33:37.800,3509424.9236323214,779161.1816694196,5250966.7131941095,-50585.778075506794,42.040557019636665,1.0292343609035015,0.20355128915980458,-0.5190202128142118
2026-04-23 07:33:37.900,3509427.898619094,779164.3543738038,5250969.271470557,-50589.86669640156,20.175337106216745,29.74986772518605,31.727043841965497,25.58276447467506
2026-04-23 07:33:38.000,3509428.0058189216,779164.2515783389,5250969.146107309,-50594.881443780854,20.056212511343553,1.0719982767477632,-1.0279546491801739,-1.2536324840039015
2026-04-23 07:33:38.100,3509428.070562292,779164.2030374592,5250968.956026819,-50599.94594409434,19.864429662590418,0.6474337028339505,-0.4854087973944843,-1.9008048996329308
2026-04-23 07:33:38.200,3509428.1988860113,779164.1940871169,5250968.879816704,-50604.93602211548,19.95277767091567,1.283237193711102,-0.08950342307798564,-0.7621011417359114
2026-04-23 07:33:38.300,3509428.309699721,779164.1540137581,5250968.812558886,-50609.946587384366,20.135231410471576,1.1081370990723372,-0.4007335880305618,-0.6725781876593828
2026-04-23 07:33:38.400,3509428.425437426,779164.1202318504,5250968.723763089,-50614.979605722874,20.557034685876804,1.1573770502582192,-0.3378190763760358,-0.8879579696804285
2026-04-23 07:33:38.500,3509425.811424362,779160.7444974757,5250966.00534581,-50620.79603899397,54.4142337180757,-26.1401306418702,-33.75734374742024,-27.184172784909606
2026-04-23 07:33:38.600,3509425.881541564,779160.7522451698,5250965.880625947,-50625.83832252372,54.531810561024464,0.7011720212176442,0.07747694151476026,-1.2471986282616854
2026-04-23 07:33:38.700,3509426.0401975177,779160.7785370738,5250965.896611852,-50630.79349514119,54.26112461033337,1.5865595359355211,0.26291903923265636,0.1598590426146984
2026-04-23 07:33:38.800,3509426.1105118794,779160.8071672319,5250965.885456077,-50635.78346719292,54.50095420324875,0.7031436171382666,0.28630158165469766,-0.1115577481687069
2026-04-23 07:33:38.900,3509426.0932249776,779160.7649682069,5250965.826879167,-50640.83288075553,55.02649822998701,-0.17286901827901602,-0.42199025047011673,-0.585769098252058
2026-04-23 07:33:39.000,3509426.094630053,779160.7207149703,5250965.747124897,-50645.91294146032,55.61465146800832,0.01405075192451477,-0.4425323661416769,-0.7975426968187094
2026-04-23 07:33:39.100,3509426.1084076865,779160.6848016387,5250965.624185158,-50650.99306559508,56.332206851366294,0.13777633663266897,-0.3591333155054599,-1.2293973937630653
2026-04-23 07:33:39.200,3509428.1226179632,779164.9617853675,5250968.426095158,-50655.82638734278,25.986594629431597,20.142102767713368,42.76983728748746,28.01909999921918
2026-04-23 07:33:39.300,3509426.306725224,779160.6434089119,5250965.3958417205,-50661.0501714831,56.087655133030374,-18.158927392214537,-43.18376455572434,-30.3025343734771
2026-04-23 07:33:39.400,3509426.4739295626,779160.6413907665,5250965.407319154,-50665.98487482499,55.494108969066836,1.6720433859154582,-0.020181454019621015,0.11477433145046234
2026-04-23 07:33:39.500,3509428.585438999,779164.930175058,5250968.349846175,-50670.68939105762,24.919970167131364,21.1150943627581,42.88784291478805,29.425270212814212
2026-04-23 07:33:39.600,3509426.7620148174,779160.6480134228,5250965.333155605,-50675.960675476206,54.97991729469375,-18.234241814352572,-42.8216163511388,-30.166905699297786
2026-04-23 07:33:39.700,3509428.774409656,779164.887326902,5250968.15692312,-50680.765710726984,25.172564507480292,20.12394838500768,42.39313479163684,28.23767514899373
2026-04-23 07:33:39.800,3509426.903997927,779160.5956449573,5250965.0669155745,-50686.10575433737,54.95552047492817,-18.704117289744318,-42.916819447418675,-30.90007545426488
2026-04-23 07:33:39.900,3509426.951786252,779160.6339844336,5250964.985000404,-50691.12700415294,54.5496395915937,0.4778832523152232,0.3833947633393109,-0.819151708856225
2026-04-23 07:33:40.000,3509427.1147749396,779160.6739611068,5250964.978347845,-50696.095078928585,54.3020509172365,1.629886873997748,0.3997667320072651,-0.06652558222413063
2026-04-23 07:33:40.100,3509427.3011567453,779160.6944513088,5250964.971663978,-50701.024068872735,54.298986920314285,1.8638180568814278,0.20490202005021274,-0.06683867424726486
2026-04-23 07:33:40.200,3509427.4309110595,779160.6993423346,5250964.960768538,-50705.97866860443,53.81546663011082,1.2975431419909,0.04891025833785534,-0.10895440354943275
2026-04-23 07:33:40.300,3509427.5115064103,779160.7772532612,5250964.888501409,-50711.00763381994,53.396444321497384,0.8059535082429647,0.7791092654224485,-0.7226712815463543
2026-04-23 07:33:40.400,3509427.6326724165,779160.81465057,5250964.911702123,-50715.982447644776,52.657237302092156,1.2116600619629025,0.3739730885718018,0.23200713098049164
2026-04-23 07:33:40.500,3509427.743969578,779160.8197066906,5250964.92232126,-50720.96486305428,52.404585957261546,1.1129716131836176,0.05056120571680367,0.10619137436151505
2026-04-23 07:33:40.600,3509429.6367997173,779165.0125434207,5250967.614182244,-50725.81577575017,24.53106027499341,18.92830139491707,41.928367300424725,26.918609840795398
2026-04-23 07:33:40.700,3509427.8927376363,779160.8174165675,5250964.764488491,-50731.02543950043,52.32128044067585,-17.440620809793472,-41.951268531847745,-28.4969375282526
2026-04-23 07:33:40.800,3509427.960861413,779160.7886857359,5250964.750702211,-50736.020809728136,52.14253191301641,0.6812377646565437,-0.2873083157464862,-0.13786280527710915
2026-04-23 07:33:40.900,3509428.0006393,779160.7927825006,5250964.667608511,-50741.09022572528,52.22526421268568,0.3977788705378771,0.04096764721907675,-0.8309369999915361
2026-04-23 07:33:41.000,3509428.062220712,779160.8149781926,5250964.626550003,-50746.12248862951,52.376151418540154,0.6158141233026981,0.22195691941305995,-0.4105850774794817
2026-04-23 07:33:41.100,3509428.1805336867,779160.8115241888,5250964.646112444,-50751.11448671179,52.718169557599396,1.18312974460423,-0.03454003715887666,0.19562440924346447
2026-04-23 07:33:41.200,3509428.277947206,779160.7751479992,5250964.553741535,-50756.15928860615,52.90837375913933,0.9741351939737797,-0.3637618967331946,-0.923709087073803
2026-04-23 07:33:41.300,3509428.389107034,779160.7600035843,5250964.383898218,-50761.23498292926,53.585461959690505,1.1115982802584767,-0.15144414850510657,-1.698433170095086
2026-04-23 07:33:41.400,3509428.4420629833,779160.7751364361,5250964.2042737175,-50766.31710565064,53.90787266142316,0.5295594921335578,0.15132851782254875,-1.7962450068444014
2026-04-23 07:33:41.500,3509428.487795934,779160.7195291512,5250964.10230186,-50771.38242078571,53.55246965996504,0.45732950791716576,-0.5560728488489985,-1.0197185724973679
2026-04-23 07:33:41.600,3509428.538064462,779160.6708113224,5250963.998749996,-50776.436702346764,53.567339976381305,0.5026852805167437,-0.48717828816734254,-1.0355186462402344
2026-04-23 07:33:41.700,3509428.6428668015,779160.6405450712,5250963.932101782,-50781.436132184564,53.47603405514249,1.0480233933776617,-0.30266251182183623,-0.6664821319282055
2026-04-23 07:33:41.800,3509428.8058695565,779160.5826382161,5250963.879322838,-50786.39456780911,53.34006829460913,1.6300275502726436,-0.5790685513056815,-0.527789443731308
2026-04-23 07:33:41.900,3509428.93201909,779160.512700814,5250963.796721795,-50791.40494741301,53.29532150164104,1.2614953331649303,-0.6993740203324705,-0.8260104339569807
2026-04-23 07:33:42.000,3509429.049763984,779160.4776910638,5250963.734585557,-50796.432515275,52.99724823270428,1.1774489423260093,-0.35009750281460583,-0.6213623750954866
2026-04-23 07:33:42.100,3509429.195663639,779160.4483475223,5250963.693984902,-50801.41777364417,52.65954215353809,1.4589965483173728,-0.2934354147873819,-0.40600654669106007
2026-04-23 07:33:42.200,3509429.267168114,779160.4287377736,5250963.737705149,-50806.40447394422,52.431753862794,0.7150447508320212,-0.1960974873509258,0.437202462926507
2026-04-23 07:33:42.300,3509430.5184009722,779160.4819332385,5250968.852942482,-50808.27840493573,42.336510567825805,12.512328582815826,0.5319546489045024,51.15237332880497
2026-04-23 07:33:42.400,3509430.589773631,779160.4933032923,5250968.771767657,-50813.30010520374,42.4228242285323,0.7137265894562006,0.11370053864084184,-0.811748243868351
2026-04-23 07:33:42.500,3509430.656577873,779160.427202954,5250968.572039705,-50818.37614908614,42.69832073544546,0.6680424185469747,-0.6610033835750073,-1.9972795248031616
2026-04-23 07:33:42.600,3509430.7719338345,779160.3791675913,5250968.5131971575,-50823.36577377933,42.83706503119916,1.1535596149042249,-0.4803536261897534,-0.5884254723787308
2026-04-23 07:33:42.700,3509430.8984017065,779160.3858839291,5250968.526831374,-50828.34507877965,43.0513193708261,1.2646787194535136,0.06716337753459811,0.13634216040372849
2026-04-23 07:33:42.800,3509430.9969818355,779160.3746905322,5250968.423697012,-50833.393426086,42.771864486651225,0.9858012897893786,-0.11193396872840822,-1.0313436202704906
2026-04-23 07:33:42.900,3509429.6617082977,779160.4811729585,5250963.265971108,-50841.684794338486,42.507185067817595,-13.352735377848148,1.0648242628667504,-51.577259032055736
2026-04-23 07:33:43.000,3509431.3734725984,779160.4056009303,5250968.855695696,-50843.07102083065,44.25823583388714,17.117643007077277,-0.7557202817406505,55.89724587276578
2026-04-23 07:33:43.100,3509431.557011674,779160.4023024793,5250969.168029148,-50847.842890907676,45.26691692692835,1.8353907577693462,-0.03298451076261699,3.123334525153041
2026-04-23 07:33:43.200,3509431.6077385093,779160.3659520169,5250969.023561995,-50852.93682769225,45.14106153822777,0.5072683515027165,-0.36350462352856994,-1.4446715358644724
2026-04-23 07:33:43.300,3509430.104672419,779160.4149601139,5250962.972698743,-50861.75917726085,53.31512355828091,-15.03066090401262,0.49008097033947706,-60.5086325109005
2026-04-23 07:33:43.400,3509430.2295029825,779160.3942730422,5250962.934332714,-50866.74531346269,53.021458670028515,1.2483056355267763,-0.2068707172293216,-0.38366029039025307
2026-04-23 07:33:43.500,3509430.3587662405,779160.3544880177,5250962.877513558,-50871.73275917685,52.80571295859832,1.2926325807347894,-0.3978502447716892,-0.5681915674358606
2026-04-23 07:33:43.600,3509430.4719107416,779160.3169702285,5250962.892209259,-50876.71350470083,52.774659855230944,1.1314450111240149,-0.3751778928562999,0.1469570118933916
2026-04-23 07:33:43.700,3509430.539093228,779160.2422795465,5250962.905308842,-50881.74064901821,52.92396679687588,0.6718248641118407,-0.7469068199861795,0.13099582865834236
2026-04-23 07:33:43.800,3509430.629583033,779160.1724512749,5250962.906710246,-50886.75321675803,52.791310169461326,0.9048980474472046,-0.6982827151659876,0.014014039188623428
2026-04-23 07:33:43.900,3509430.6585056745,779160.0338449011,5250962.795250256,-50891.857553785885,52.65840416093453,0.2892264164984226,-1.3860637380275875,-1.1145999003201723
2026-04-23 07:33:44.000,3509430.627423681,779159.9114232423,5250962.668369948,-50896.98568717755,52.737678917404665,-0.31081993598490953,-1.224216588307172,-1.2688030768185854
2026-04-23 07:33:44.100,3509430.7168493937,779159.8328873474,5250962.671478209,-50901.99361642636,52.741739932446464,0.894257128238678,-0.7853589486330748,0.03108261153101921
2026-04-23 07:33:44.200,3509430.804865547,779159.7646524522,5250962.672414193,-50906.97500695516,52.95971565150183,0.8801615331321955,-0.6823489523958415,0.00935983844101429
2026-04-23 07:33:44.300,3509430.798950084,779159.7341591163,5250962.7156540975,-50911.984554424394,52.79155931776459,-0.059154629707336426,-0.3049333591479808,0.43239904567599297
2026-04-23 07:33:44.400,3509430.7286757375,779159.6734252032,5250962.713168999,-50917.092431196375,52.78253377929262,-0.7027434650808573,-0.6073391309473664,-0.024850983172655106
2026-04-23 07:33:44.500,3509430.609133826,779159.565586598,5250962.644230136,-50922.26142875813,52.69954492139616,-1.1954191140830517,-1.0783860518131405,-0.6893886346369982
2026-04-23 07:33:44.600,3509430.5440010955,779159.4387105347,5250962.544130181,-50927.40726468669,53.19730160330918,-0.6513273064047098,-1.2687606329564005,-1.0009995475411415
2026-04-23 07:33:44.700,3509430.465025786,779159.3085907694,5250962.438527098,-50932.56074070057,53.56726161378925,-0.789753096178174,-1.3011976529378444,-1.0560308303683996
2026-04-23 07:33:44.800,3509430.552796451,779159.1574781568,5250962.474879381,-50937.577836968376,53.204712505976985,0.8777066506445408,-1.5111261256970465,0.3635228332132101
2026-04-23 07:33:44.900,3509430.6569607863,779159.0322609344,5250962.568243943,-50942.53933988407,52.497432684930196,1.0416433541104198,-1.2521722249221057,0.9336456190794706
2026-04-23 07:33:45.000,3509430.7646806925,779158.8430565529,5250962.639164889,-50947.50618472113,51.90420374037924,1.0771990614011884,-1.8920438142959028,0.7092094607651234
2026-04-23 07:33:45.100,3509430.889091902,779158.7027652226,5250962.649734893,-50952.470400483,51.48143755324231,1.2441120948642492,-1.4029133028816432,0.10570003651082516
2026-04-23 07:33:45.200,3509431.0110223433,779158.5941259578,5250962.701437996,-50957.409384432896,51.21677624404709,1.2193044135347009,-1.0863926482852548,0.5170310288667679
2026-04-23 07:33:45.300,3509431.0452978103,779158.4789259168,5250962.7027207045,-50962.40361557379,50.982463191351,0.3427546704187989,-1.1520004097837955,0.012827087193727493
2026-04-23 07:33:45.400,3509431.0617837016,779158.3814089363,5250962.6865400765,-50967.43549157761,50.75762646787096,0.16485891304910183,-0.9751698048785329,-0.1618062797933817
2026-04-23 07:33:45.500,3509431.0277438713,779158.2819841946,5250962.65017436,-50972.52367899731,50.816739866141056,-0.34039830323308706,-0.9942474169656634,-0.36365716718137264
2026-04-23 07:33:45.600,3509430.9822592116,779158.1773458681,5250962.741869293,-50977.56391308518,50.92264432737658,-0.454846597276628,-1.046383265638724,0.9169493336230516
2026-04-23 07:33:45.700,3509431.022417864,779158.0270479687,5250962.778712942,-50982.57544972457,51.2851626048585,0.4015865223482251,-1.502978993812576,0.36843649111688137
2026-04-23 07:33:45.800,3509431.048229465,779157.8934419237,5250962.741092985,-50987.627070929615,51.63901345328291,0.258116009645164,-1.336060450412333,-0.3761995770037174
2026-04-23 07:33:45.900,3509430.9917158736,779157.8151140726,5250962.607801811,-50992.76137871481,51.93079723097428,-0.5651359120383859,-0.7832785102073103,-1.3329117372632027
2026-04-23 07:33:46.000,3509431.008098738,779157.6816357668,5250962.5503923,-50997.813734188305,51.71611740181132,0.16382864210754633,-1.3347830588463694,-0.5740951094776392
2026-04-23 07:33:46.100,3509431.026534455,779157.6094654094,5250962.6435812805,-51002.80416245237,51.44806942326197,0.18435717094689608,-0.7217035733629018,0.9318898059427738
2026-04-23 07:33:46.200,3509431.0463499865,779157.5246442037,5250962.800223692,-51007.75074191694,51.17293169861383,0.19815531559288502,-0.8482120570261031,1.5664241183549166
2026-04-23 07:33:46.300,3509431.102361145,779157.4431740701,5250962.856039334,-51012.733197592126,51.01663288945636,0.560111585073173,-0.814701336203143,0.5581564176827669
2026-04-23 07:33:46.400,3509431.1225842624,779157.3401414435,5250962.898657384,-51017.74962357139,50.64651903839035,0.2022311743348837,-1.0303262656088918,0.4261805023998022
2026-04-23 07:33:46.500,3509431.1546312883,779157.2326747193,5250962.972789885,-51022.736456519495,50.40900279165661,0.32047025859355927,-1.0746672423556447,0.7413250021636486
2026-04-23 07:33:46.600,3509431.1466841954,779157.1324297368,5250962.950016133,-51027.80221533162,50.36885697858067,-0.0794709287583828,-1.0024498251732439,-0.22773751989006996
2026-04-23 07:33:46.700,3509431.1788519393,779157.0303825733,5250963.018403924,-51032.796618285254,50.50934950604194,0.32167743891477585,-1.020471635274589,0.6838779151439667
2026-04-23 07:33:46.800,3509431.223824766,779156.9532624672,5250963.135213656,-51037.75857286659,50.436250019366476,0.4497282672673464,-0.7712010608520359,1.168097322806716
2026-04-23 07:33:46.900,3509431.287509874,779156.8561636917,5250963.25786398,-51042.71695232371,50.43101236984708,0.636851079761982,-0.9709877544082701,1.2265032343566418
2026-04-23 07:33:47.000,3509431.314634204,779156.7438916322,5250963.370393124,-51047.688271002,50.67938767073661,0.27124329935759306,-1.1227205954492092,1.125291446223855
2026-04-23 07:33:47.100,3509431.2795967683,779156.6602054308,5250963.457886324,-51052.70399918091,50.606853964388996,-0.35037435591220856,-0.8368620136752725,0.8749319985508919
2026-04-23 07:33:47.200,3509431.2105388953,779156.5738379491,5250963.384211482,-51057.834977203674,51.01704508621544,-0.6905787298455834,-0.8636748173739761,-0.7367484271526337
2026-04-23 07:33:47.300,3509431.1507432824,779156.4353854063,5250963.259334713,-51062.99351595463,51.14880330408645,-0.5979561293497682,-1.3845254282932729,-1.2487676832824945
2026-04-23 07:33:47.400,3509431.0998073486,779156.3203953413,5250963.219708762,-51068.08272880919,51.116664741956484,-0.5093593383207917,-1.1499006499070674,-0.3962595108896494
2026-04-23 07:33:47.500,3509431.001308413,779156.1974247932,5250963.183070689,-51073.18810620349,51.21524055804293,-0.9849893534556031,-1.2297054810915142,-0.36638072691857815
2026-04-23 07:33:47.600,3509430.945957353,779156.0734857819,5250963.111629167,-51078.30161449107,51.571383323994674,-0.5535106034949422,-1.2393901124596596,-0.7144152279943228
2026-04-23 07:33:47.700,3509430.9342884333,779155.9972227733,5250963.187327168,-51083.33254418007,51.75846440489687,-0.11668919585645199,-0.7626300863921642,0.756980013102293
2026-04-23 07:33:47.800,3509430.9596851068,779155.8849287909,5250963.280020269,-51088.33308678096,51.6885116814178,0.2539667347446084,-1.1229398241266608,0.9269310068339109
2026-04-23 07:33:47.900,3509430.948537853,779155.7614785137,5250963.268250824,-51093.40294417938,51.69604522533287,-0.11147253680974245,-1.2345027714036405,-0.11769444681704044
2026-04-23 07:33:48.000,3509430.8693972533,779155.6848874695,5250963.359724628,-51098.44448848943,51.45300548456044,-0.7914059981703758,-0.7659104419872165,0.9147380385547876
2026-04-23 07:33:48.100,3509430.764387383,779155.5752314414,5250963.471751532,-51103.48243379112,51.40664527975678,-1.0500987013801932,-1.096560281002894,1.120269037783146
2026-04-23 07:33:48.200,3509430.7144564195,779155.4587381354,5250963.564503567,-51108.50283239374,51.33370876439717,-0.49930963665246964,-1.1649330600630492,0.9275203570723534
2026-04-23 07:33:48.300,3509430.857156599,779155.2750506721,5250963.621621459,-51113.419449690395,41.174626452835774,1.4270017948001623,-1.8368746328633279,0.5711789149791002
2026-04-23 07:33:48.400,3509430.8456729217,779155.161332542,5250963.656767091,-51118.4502952625,41.23614636833595,-0.11483677197247744,-1.137181301601231,0.3514563199132681
2026-04-23 07:33:48.500,3509430.8450490637,779155.033768353,5250963.638116157,-51123.50674784479,41.244408371519015,-0.00623858068138361,-1.2756418890785426,-0.18650934100151062
2026-04-23 07:33:48.600,3509430.872347705,779154.8994490472,5250963.665100409,-51128.55465090024,41.15663307004851,0.272986413910985,-1.3431930588558316,0.2698425203561783
2026-04-23 07:33:48.700,3509430.726314231,779154.8025276742,5250963.73718015,-51133.654783838574,34.14309792058207,-1.4603347424417734,-0.9692137292586267,0.7207974139600992
2026-04-23 07:33:48.800,3509430.750676782,779154.6869181994,5250963.747331857,-51138.66958444944,33.83173420687269,0.24362551048398018,-1.156094748293981,0.10151706635951996
2026-04-23 07:33:48.900,3509430.806508734,779154.5942156606,5250963.7242893325,-51143.71809869277,33.86622581289524,0.5583195202052593,-0.9270253882277757,-0.23042524233460426
2026-04-23 07:33:49.000,3509430.789481132,779154.5566254166,5250963.747232501,-51148.7727739949,33.81261983123044,-0.17027602065354586,-0.3759024397004396,0.22943168878555298
2026-04-23 07:33:49.100,3509430.76983898,779154.5077812047,5250963.8533771485,-51153.77912936939,33.56953818422702,-0.1964215189218521,-0.48844211967661977,1.0614464711397886
2026-04-23 07:33:49.200,3509430.742644776,779154.4203467135,5250963.919253727,-51158.81178591192,33.58561441912755,-0.27194203808903694,-0.8743449114263058,0.6587657891213894
2026-04-23 07:33:49.300,3509430.972413057,779154.2651418044,5250963.8328743065,-51163.76874495235,40.16462259145566,2.297682808712125,-1.5520490915514529,-0.8637942094355822
2026-04-23 07:33:49.400,3509431.0569922216,779154.1235409703,5250963.853259156,-51168.782617522396,40.17103355843713,0.8457916462793946,-1.4160083408933133,0.20384849980473518
2026-04-23 07:33:49.500,3509431.120208831,779153.9910918521,5250963.8671171395,-51173.80076397295,40.10176475578046,0.6321660941466689,-1.3244911818765104,0.1385798305273056
2026-04-23 07:33:49.600,3509431.19623428,779153.9168026687,5250963.983093218,-51178.75637721717,39.99854466074224,0.7602544873952866,-0.7428918336518109,1.1597607843577862
2026-04-23 07:33:49.700,3509431.1926974314,779153.8397230831,5250964.077492545,-51183.77531043247,39.927944905321006,-0.035368483513593674,-0.7707958563696593,0.9439932741224766
2026-04-23 07:33:49.800,3509431.202894288,779153.7497590348,5250964.122620186,-51188.79513005037,39.99393495776514,0.10196856688708067,-0.8996404823847115,0.4512764047831297
2026-04-23 07:33:49.900,3509431.2949436624,779153.64640573,5250964.167006269,-51193.78689463409,40.03402613623611,0.9204937424510717,-1.0335330478847027,0.44386083260178566
2026-04-23 07:33:50.000,3509431.3146148305,779153.502859002,5250964.185284089,-51198.84022097775,39.88802833285652,0.1967116817831993,-1.4354672806803137,0.18277820199728012
2026-04-23 07:33:50.100,3509431.281266704,779153.3943695467,5250964.290631753,-51203.86186049756,39.57066335959483,-0.3334812633693218,-1.084894553059712,1.0534766409546137
2026-04-23 07:33:50.200,3509431.2262338195,779153.2985651552,5250964.372592491,-51208.9003552408,39.7241599463848,-0.5503288470208645,-0.9580439142882824,0.8196073770523071
2026-04-23 07:33:50.300,3509431.2039282965,779153.2244119709,5250964.4339950755,-51213.952721132395,39.686587023555845,-0.22305523045361042,-0.7415318430867046,0.6140258442610502
2026-04-23 07:33:50.400,3509431.1198049635,779153.1795005327,5250964.467919643,-51219.03680664998,39.518842694649784,-0.841233329847455,-0.44911438249982893,0.3392456751316786
2026-04-23 07:33:50.500,3509431.08279492,779153.0875833292,5250964.470509892,-51224.08643549764,39.44715299765637,-0.37010043393820524,-0.9191720350645483,0.02590249292552471
2026-04-23 07:33:50.600,3509431.091845219,779153.0280531975,5250964.506100744,-51229.13255348966,39.178866458701904,0.09050298947840929,-0.5953013163525611,0.35590851679444313
2026-04-23 07:33:50.700,3509431.061273815,779152.9399200035,5250964.505563327,-51234.21640339493,39.03732613406964,-0.305714039131999,-0.8813319401815534,-0.00537416897714138
2026-04-23 07:33:50.800,3509430.9949068385,779152.8291672147,5250964.504074479,-51239.29980700958,39.27860651076337,-0.6636697659268975,-1.107527888379991,-0.014888476580381393
2026-04-23 07:33:50.900,3509430.98920226,779152.6968795594,5250964.434199145,-51244.413613960445,39.65219942373113,-0.057045784778892994,-1.3228765525855124,-0.6987533438950777
2026-04-23 07:33:51.000,3509430.99217116,779152.6001156353,5250964.440023847,-51249.47403699614,39.8087345926129,0.0296889990568161,-0.9676392411347479,0.05824701860547066
2026-04-23 07:33:51.100,3509430.9596903357,779152.5067270692,5250964.467209811,-51254.54442081363,39.66650440640224,-0.32480824273079634,-0.9338856616523117,0.2718596439808607
2026-04-23 07:33:51.200,3509430.9570332,779152.3819651846,5250964.458717579,-51259.638860184576,39.53740296109688,-0.02657135482877493,-1.2476188456639647,-0.08492232300341129
2026-04-23 07:33:51.300,3509430.932820283,779152.2965726425,5250964.468964695,-51264.72280168322,39.62032627952616,-0.24212917312979698,-0.8539254206698388,0.10247115977108479
2026-04-23 07:33:51.400,3509430.8921635235,779152.2034100369,5250964.529171306,-51269.78602547663,39.530004033034686,-0.4065675940364599,-0.9316260565537959,0.6020661070942879
2026-04-23 07:33:51.500,3509430.8376404764,779152.0808938573,5250964.506418243,-51274.89347714033,39.64315030355916,-0.545230470597744,-1.2251617957372218,-0.22753062658011913
2026-04-23 07:33:51.600,3509430.723310859,779151.9422203272,5250964.46435834,-51280.03384652611,39.797922654749655,-1.1432961747050285,-1.3867353007663041,-0.42059903033077717
2026-04-23 07:33:51.700,3509430.6128386897,779151.8623277204,5250964.354633268,-51285.20944359157,40.00008833206847,-1.10472169239074,-0.7989260682370514,-1.0972507204860449
2026-04-23 07:33:51.800,3509430.5832818164,779151.7891318455,5250964.275158681,-51290.33363059395,40.033430396087354,-0.2955687325447798,-0.7319587492384017,-0.7947458699345589
2026-04-23 07:33:51.900,3509430.578010003,779151.713531122,5250964.225350131,-51295.41382256823,39.66667475752082,-0.05271813366562128,-0.756007235031575,-0.4980854969471693
2026-04-23 07:33:52.000,3509430.593787351,779151.6302135187,5250964.242354762,-51300.464703276906,39.43431949746328,0.15777348075062037,-0.8331760321743786,0.17004630528390408
2026-04-23 07:33:52.100,3509430.5890022446,779151.5791647906,5250964.293677189,-51305.490840059196,39.51849549656274,-0.047851065173745155,-0.51048728171736,0.5132242757827044
2026-04-23 07:33:52.200,3509430.585866142,779151.4909930605,5250964.284658989,-51310.567923519106,39.65969367744076,-0.031361025758087635,-0.8817173005081713,-0.09018200449645519
2026-04-23 07:33:52.300,3509430.5234397715,779151.3963854541,5250964.262197274,-51315.67582284521,39.785685092949855,-0.6242637056857347,-0.9460760641377419,-0.22461715154349804
2026-04-23 07:33:52.400,3509430.477918958,779151.279818448,5250964.293725289,-51320.77478000916,39.89516491713409,-0.45520813670009375,-1.165670061018318,0.3152801562100649
2026-04-23 07:33:52.500,3509430.4737956477,779151.2098551332,5250964.42540651,-51325.8018723753,39.61571621715437,-0.041233100928366184,-0.6996331480331719,1.3168122060596943
2026-04-23 07:33:52.600,3509430.46136605,779151.1127939362,5250964.431067066,-51330.881183586294,39.60204797127487,-0.12429597787559032,-0.9706119704060256,0.056605562567710876
2026-04-23 07:33:52.700,3509430.443292014,779151.0149414553,5250964.3808144955,-51335.99482525161,39.7713146584948,-0.18074036110192537,-0.978524808306247,-0.502525707706809
2026-04-23 07:33:52.800,3509430.407429614,779150.9408083562,5250964.422939632,-51341.054208497,39.96590056536231,-0.35862399730831385,-0.7413309917319566,0.42125136591494083
2026-04-23 07:33:52.900,3509430.3652970246,779150.867914421,5250964.469728133,-51346.13824337091,40.180524635959486,-0.42132589500397444,-0.7289393513929099,0.46788500621914864
2026-04-23 07:33:53.000,3509430.2979397713,779150.7764153384,5250964.477861514,-51351.25483330381,40.34396131363353,-0.6735725328326225,-0.9149908262770623,0.08133381605148315
2026-04-23 07:33:53.100,3509430.2214430394,779150.6369686793,5250964.37504171,-51356.42816151654,40.53243518189509,-0.7649673195555806,-1.3944665913004428,-1.0281980410218239
2026-04-23 07:33:53.200,3509430.192867917,779150.5242902545,5250964.362863547,-51361.5341283724,40.45071852624423,-0.28575122356414795,-1.1267842480447143,-0.12178163044154644
2026-04-23 07:33:53.300,3509430.2326731044,779150.4463753066,5250964.394136119,-51366.56402939007,40.45512420614658,0.398051873780787,-0.7791494787670672,0.3127257153391838
2026-04-23 07:33:53.400,3509430.320506546,779150.2983506261,5250964.417825678,-51371.593434710536,40.52393943524014,0.8783344179391861,-1.4802468044217676,0.23689559660851955
2026-04-23 07:33:53.500,3509430.399996274,779150.1386033656,5250964.426996279,-51376.629531233,40.53636044370644,0.794897279702127,-1.5974726050626487,0.09170600213110447
2026-04-23 07:33:53.600,3509430.487895555,779150.0411453353,5250964.512573648,-51381.59534357174,40.385234543447595,0.8789928071200848,-0.9745803033001721,0.8557736966758966
2026-04-23 07:33:53.700,3509430.4965935284,779149.9164157367,5250964.566361561,-51386.652234564615,40.124197974363526,0.08697973564267159,-1.2472959863953292,0.5378791317343712
2026-04-23 07:33:53.800,3509430.4617158347,779149.8052012202,5250964.570745805,-51391.72832017352,40.17424220392034,-0.34877693746238947,-1.1121451645158231,0.043842438608407974
2026-04-23 07:33:53.900,3509430.4574992172,779149.7032180888,5250964.647035724,-51396.74784143969,40.12766094161098,-0.04216617438942194,-1.019831313751638,0.7628991827368736
2026-04-23 07:33:54.000,3509430.4631582056,779149.5804724138,5250964.620743646,-51401.796975325735,40.081825585611845,0.056589883752167225,-1.2274567503482103,-0.26292077265679836
2026-04-23 07:33:54.100,3509430.4642850985,779149.5138861605,5250964.625812625,-51406.83511034222,40.07289484665093,0.01126892864704132,-0.6658625334966928,0.050689782947301865
2026-04-23 07:33:54.200,3509430.479262608,779149.4623467033,5250964.653911481,-51411.8710880053,40.31739062751921,0.1497750962153077,-0.5153945717029274,0.2809885609894991
2026-04-23 07:33:54.300,3509430.503917602,779149.4146814307,5250964.728682271,-51416.890531850884,40.55239204727925,0.24654993787407875,-0.47665272606536746,0.7477079052478075
2026-04-23 07:33:54.400,3509430.458852524,779149.3141159689,5250964.737623845,-51421.96662375485,40.756038929248234,-0.450650779530406,-1.0056546179112047,0.08941574022173882
2026-04-23 07:33:54.500,3509430.423852095,779149.1867072938,5250964.755110769,-51427.03585264823,40.65579444950963,-0.3500042902305722,-1.2740867503453046,0.1748692337423563
2026-04-23 07:33:54.600,3509430.3964519007,779149.0618749654,5250964.802682028,-51432.06559506082,40.70914831466773,-0.27400194201618433,-1.2483232840895653,0.47571259550750256
2026-04-23 07:33:54.700,3509430.1442487915,779149.0365147357,5250964.949792899,-51437.20688187774,34.263574894119934,-2.5220310920849442,-0.2536022977437824,1.4711087103933096
2026-04-23 07:33:54.800,3509430.167015587,779148.9414325125,5250964.975216401,-51442.237283945535,34.44512112360686,0.22766795475035906,-0.9508222318254411,0.254235016182065
2026-04-23 07:33:54.900,3509430.2068969486,779148.851598251,5250965.0229254365,-51447.267058610916,34.6021453360401,0.3988136164844036,-0.8983426145277917,0.4770903568714857
2026-04-23 07:33:55.000,3509430.236826971,779148.8105153578,5250965.101144615,-51452.290641986925,34.62073969249327,0.29930022545158863,-0.4108289326541126,0.7821917813271284
2026-04-23 07:33:55.100,3509430.3137579965,779148.7281320607,5250965.231712568,-51457.248117397256,34.41684820769594,0.7693102536723018,-0.8238329703453928,1.3056795299053192
2026-04-23 07:33:55.200,3509430.3068831167,779148.5501813015,5250965.236296244,-51462.31911779297,34.1785876450843,-0.06874879822134972,-1.779507591854781,0.045836763456463814
2026-04-23 07:33:55.300,3509430.201400679,779148.363656297,5250965.211146385,-51467.451733049515,33.85454738727089,-1.0548243764787912,-1.8652500456664711,-0.2514985855668783
2026-04-23 07:33:55.400,3509430.063494748,779148.1390209007,5250965.167391931,-51472.60656178224,34.10990683883177,-1.379059311002493,-2.246353962691501,-0.437544547021389
2026-04-23 07:33:55.500,3509430.0069055916,779147.9589659895,5250965.1609059265,-51477.713966031006,34.32154533292839,-0.5658915638923645,-1.8005491117946804,-0.0648600421845913
2026-04-23 07:33:55.600,3509430.0350725236,779147.8263319412,5250965.19547089,-51482.755565944826,34.35283515854756,0.28166932053864,-1.3263404835015535,0.34564963541924953
2026-04-23 07:33:55.700,3509430.0281396587,779147.7179431408,5250965.255472948,-51487.803087133776,34.26506842084417,-0.06932864896953106,-1.0838880040682852,0.6000205781310797
2026-04-23 07:33:55.800,3509430.0450828406,779147.614946507,5250965.376747903,-51492.80631692985,34.118975508901556,0.16943181864917278,-1.0299663373734802,1.2127495557069778
2026-04-23 07:33:55.900,3509430.0804905184,779147.5346437307,5250965.463631595,-51497.80364127118,34.07629467256239,0.3540767775848508,-0.8030277630314231,0.8688369113951921
2026-04-23 07:33:56.000,3509430.169201171,779147.4860626357,5250965.561765471,-51502.77531605387,33.83185945595339,0.8871065266430378,-0.4858109506312758,0.9813387598842382
2026-04-23 07:33:56.100,3509430.207006027,779147.4041213874,5250965.59409405,-51507.821807168795,33.79865432439892,0.37804855965077877,-0.819412482669577,0.3232857957482338
2026-04-23 07:33:56.200,3509430.2402617307,779147.3054290597,5250965.659999563,-51512.84850172496,33.95672945681057,0.3325570374727249,-0.9869232773780823,0.6590551324188709
2026-04-23 07:33:56.300,3509430.231817494,779147.2075260947,5250965.699059981,-51517.89121970252,34.047419605744174,-0.0844423659145832,-0.9790296491701156,0.3906041756272316
2026-04-23 07:33:56.400,3509430.271618449,779147.1657833601,5250965.78644024,-51522.894777761234,33.948937080261956,0.3980095498263836,-0.41742734611034393,0.8738025929778814
2026-04-23 07:33:56.500,3509432.027123956,779148.4304210818,5250967.412888823,-51526.20973235275,39.24546337673307,17.555055068805814,12.646377217024565,16.264485828578472
2026-04-23 07:33:56.600,3509432.0503934096,779148.335304553,5250967.3587835645,-51531.346029268694,39.49568725679137,0.23269453551620245,-0.9511652879882604,-0.5410525854676962
2026-04-23 07:33:56.700,3509432.0713320104,779148.2205807447,5250967.289741441,-51536.45379990817,39.4952283773262,0.2093860087916255,-1.1472380836494267,-0.6904212385416031
2026-04-23 07:33:56.800,3509432.0615226165,779148.0952072348,5250967.291672383,-51541.55340465813,39.52064771852224,-0.09809393901377916,-1.2537350982893258,0.019309427589178085
2026-04-23 07:33:56.900,3509432.0518769985,779147.9622090625,5250967.343914247,-51546.60968786345,39.43024476626344,-0.0964561803266406,-1.3299817231018096,0.522418636828661
2026-04-23 07:33:57.000,3509432.03448619,779147.8581701935,5250967.291085017,-51551.75277196459,39.39456364193272,-0.17390808556228876,-1.0403886903077364,-0.5282923020422459
2026-04-23 07:33:57.100,3509432.0172436135,779147.7644952935,5250967.221290685,-51556.89117491642,39.55252139963581,-0.17242576461285353,-0.9367490001022816,-0.6979433167725801
2026-04-23 07:33:57.200,3509431.964163115,779147.6892570708,5250967.16058324,-51562.04268654605,39.738518968177246,-0.5308049870654941,-0.7523822272196412,-0.6070744525641203
2026-04-23 07:33:57.300,3509431.934789368,779147.6274707456,5250967.178998099,-51567.13854717796,39.86123050006143,-0.2937374683097005,-0.6178632518276572,0.18414858728647232
2026-04-23 07:33:57.400,3509431.9312647437,779147.5409502768,5250967.225636949,-51572.19270681173,39.91653508185873,-0.03524624276906252,-0.8652046881616116,0.466388501226902
2026-04-23 07:33:57.500,3509431.894415024,779147.4451894361,5250967.205724028,-51577.29680691688,39.54597698964758,-0.3684971947222948,-0.9576084068976343,-0.19912920892238617
2026-04-23 07:33:57.600,3509431.9016590775,779147.371488497,5250967.182846352,-51582.38377929251,39.42908635215677,0.07244053296744823,-0.7370093907229602,-0.22877675481140614
2026-04-23 07:33:57.700,3509431.9138040403,779147.258836035,5250967.214787636,-51587.47889873597,39.22872191692862,0.12144962791353464,-1.1265246197581291,0.31941283494234085
2026-04-23 07:33:57.800,3509431.915859561,779147.1484076706,5250967.303896404,-51592.53373339113,39.16495294740012,0.020555206574499607,-1.1042836448177695,0.8910876791924238
2026-04-23 07:33:57.900,3509431.945427217,779147.0363272803,5250967.31991947,-51597.60413527742,39.37254856141113,0.29567656107246876,-1.1208039021585137,0.16023065894842148
2026-04-23 07:33:58.000,3509431.9342306447,779146.9170618715,5250967.393070929,-51602.6758630099,39.18673905333971,-0.11196572333574295,-1.1926540883723646,0.7315145898610353
2026-04-23 07:33:58.100,3509431.9023851464,779146.7513210407,5250967.412144184,-51607.7855280642,38.93115719585832,-0.31845498364418745,-1.657408308237791,0.19073255360126495
2026-04-23 07:33:58.200,3509431.9402041663,779146.6387630799,5250967.448020056,-51612.83902078706,38.66232044525699,0.37819019984453917,-1.12557960790582,0.35875871777534485
2026-04-23 07:33:58.300,3509432.0000489596,779146.5396880888,5250967.523430541,-51617.85734438777,38.107414418666615,0.5984479328617454,-0.9907499107066542,0.7541048526763916
2026-04-23 07:33:58.400,3509432.0758301653,779146.4526567264,5250967.564491745,-51622.876217320925,37.78652928484415,0.7578120566904545,-0.870313624618575,0.4106120392680168
2026-04-23 07:33:58.500,3509432.1115372796,779146.3522495808,5250967.584793875,-51627.968522215415,37.41324643181419,0.3570711426436901,-1.0040714556816965,0.20302129909396172
2026-04-23 07:33:58.600,3509432.165776633,779146.2786217654,5250967.627761787,-51633.018370008256,37.31484990272363,0.5423935363069177,-0.7362781534902751,0.42967911809682846
2026-04-23 07:33:58.700,3509432.2599374354,779146.2435538395,5250967.633158222,-51638.03350416221,37.261136430436096,0.941608021967113,-0.3506792592816055,0.05396435037255287
2026-04-23 07:33:58.800,3509432.3216521237,779146.1950784203,5250967.620814198,-51643.08928212752,37.534979231924424,0.6171468831598759,-0.484754191711545,-0.12344024144113064
2026-04-23 07:33:58.900,3509432.3714954467,779146.1028732762,5250967.663836687,-51648.11207435562,37.73686862681684,0.49843322951346636,-0.9220514411572367,0.4302248917520046
2026-04-23 07:33:59.000,3509432.403816604,779145.998623574,5250967.694121981,-51653.16563485082,37.81317158566604,0.3232115739956498,-1.0424970218446106,0.3028529416769743
2026-04-23 07:33:59.100,3509432.2708522147,779145.9649643347,5250967.606661259,-51658.36564156296,37.76264520783408,-1.3296438939869404,-0.33659239299595356,-0.8746072184294462
2026-04-23 07:33:59.200,3509432.2033940214,779145.894603159,5250967.549876135,-51663.522102775525,37.9764383113184,-0.6745819328352809,-0.703611756907776,-0.5678512435406446
2026-04-23 07:33:59.300,3509432.2313244445,779145.8094625756,5250967.507076799,-51668.602245034686,38.17840221660095,0.2793042315170169,-0.8514058345463127,-0.4279933590441942
2026-04-23 07:33:59.400,3509432.2041103053,779145.7355459398,5250967.43739683,-51673.75351646151,38.5033305566222,-0.27214139234274626,-0.7391663582529873,-0.6967996899038553
2026-04-23 07:33:59.500,3509432.242343106,779145.6536618801,5250967.539249496,-51678.77888739695,38.82234985878634,0.3823280055075884,-0.8188405970577151,1.0185266565531492
2026-04-23 07:33:59.600,3509432.2410493535,779145.5592204313,5250967.603333598,-51683.837191007784,38.99031860640709,-0.012937523424625397,-0.9444144880399108,0.6408410239964724
2026-04-23 07:33:59.700,3509432.217328148,779145.46920792,5250967.647047266,-51688.89277178317,38.946793010524665,-0.23721205536276102,-0.9001251123845577,0.4371366836130619
2026-04-23 07:33:59.800,3509432.187372797,779145.3647458521,5250967.681158521,-51693.96861378187,38.73374941964445,-0.29955350793898106,-1.0446206794586033,0.3411125484853983
2026-04-23 07:33:59.900,3509432.1472138884,779145.2290487982,5250967.671595983,-51699.05968849561,38.873198643117306,-0.4015890881419182,-1.356970538618043,-0.09562538005411625
2026-04-23 07:34:00.000,3509432.1451451313,779145.1244200431,5250967.723083995,-51704.100654756934,39.02199749202738,-0.020687570795416832,-1.0462875512894243,0.5148801207542419
2026-04-23 07:34:00.100,3509432.1628401326,779144.9975246424,5250967.782858288,-51709.149276857075,39.124603312188434,0.1769500132650137,-1.2689540069550276,0.5977429263293743
2026-04-23 07:34:00.200,3509432.159559617,779144.8353733617,5250967.788433424,-51714.247573327964,39.20764515714349,-0.03280515782535076,-1.6215128067415208,0.055751362815499306
2026-04-23 07:34:00.300,3509430.4736731905,779143.294920207,5250966.199064659,-51721.072287800416,33.937298841973735,-16.858864263631403,-15.404531547101215,-15.893687652423978
2026-04-23 07:34:00.400,3509430.467485772,779143.1631830985,5250966.223296462,-51726.13392255313,33.82091194256468,-0.061874184757471085,-1.3173710845876485,0.2423180267214775
2026-04-23 07:34:00.500,3509430.521930018,779143.0241321333,5250966.257575783,-51731.179974584695,33.730109167001295,0.5444424599409103,-1.3905096519738436,0.3427932132035494
2026-04-23 07:34:00.600,3509430.528205109,779142.8888516362,5250966.3586208755,-51736.20883200053,33.66486042536156,0.06275090854614973,-1.3528049713931978,1.0104509256780148
2026-04-23 07:34:00.700,3509431.8598065204,779142.7051219404,5250972.145233774,-51737.77019101889,36.09619431136872,13.316014115698636,-1.8372969585470855,57.866128981113434
2026-04-23 07:34:00.800,3509431.8325094073,779142.5632378787,5250972.099163583,-51742.869794465434,36.15564068874203,-0.27297113090753555,-1.41884061624296,-0.4607019107788801
2026-04-23 07:34:00.900,3509431.83645909,779142.3829326967,5250972.064541372,-51747.94945877798,36.30849414197473,0.0394968269392848,-1.803051820024848,-0.3462221100926399
2026-04-23 07:34:01.000,3509431.7980457563,779142.2265981479,5250972.077051239,-51753.05185833963,36.32644488777536,-0.3841333370655775,-1.5633454883936793,0.12509867548942566
2026-04-23 07:34:01.100,3509431.72850536,779142.0714807454,5250972.052240464,-51758.193813849946,36.10917482237827,-0.6954039633274078,-1.5511740243528038,-0.24810775183141232
2026-04-23 07:34:01.200,3509431.701474239,779141.9380283139,5250972.017739006,-51763.32234409804,36.050544409082086,-0.2703112084418535,-1.33452431531623,-0.345014575868845
2026-04-23 07:34:01.300,3509431.7114843433,779141.8387752415,5250971.998970361,-51768.42934524957,36.01397876884176,0.10010104160755873,-0.9925307240337133,-0.18768644891679287
2026-04-23 07:34:01.400,3509431.680208323,779141.7311468486,5250972.026670949,-51773.510928279946,35.89291319706502,-0.3127602022141218,-1.0762839287053794,0.27700587175786495
2026-04-23 07:34:01.500,3509431.6331238397,779141.6422567246,5250972.037605603,-51778.589444085934,35.8900538360194,-0.47084483318030834,-0.8889012399595231,0.10934654623270035
2026-04-23 07:34:01.600,3509431.6264908956,779141.5515038146,5250972.059643834,-51783.66537161136,35.90618439075221,-0.06632944103330374,-0.9075291000772268,0.22038230672478676
2026-04-23 07:34:01.700,3509431.604790474,779141.4754262884,5250972.106965926,-51788.74819109329,35.87610230508859,-0.21700421813875437,-0.7607752620242536,0.4732209164649248
2026-04-23 07:34:01.800,3509431.562405732,779141.4082857012,5250972.1580072455,-51793.83791589736,35.7116676110965,-0.42384741827845573,-0.6714058725629002,0.5104131996631622
2026-04-23 07:34:01.900,3509431.5532713765,779141.3196037859,5250972.22132273,-51798.91663050197,35.701669072475774,-0.09134355466812849,-0.8868191530928016,0.633154846727848
2026-04-23 07:34:02.000,3509431.5217214897,779141.2678543905,5250972.230112207,-51804.01942251577,35.55427309569145,-0.3154988680034876,-0.5174939532298595,0.08789476938545704
2026-04-23 07:34:02.100,3509431.5253648753,779141.1925860523,5250972.301975162,-51809.07522616645,35.23588275061791,0.03643385600298643,-0.7526833820156753,0.7186295464634895
2026-04-23 07:34:02.200,3509431.5427225293,779141.1099420496,5250972.413272009,-51814.1036839687,35.02716442693939,0.17357653938233852,-0.82644002744928,1.1129684746265411
2026-04-23 07:34:02.300,3509431.5953852264,779140.9812266446,5250972.522423772,-51819.10790362498,34.919622931769524,0.5266269715502858,-1.287154050078243,1.0915176291018724
2026-04-23 07:34:02.400,3509431.585660464,779140.8651983883,5250972.564719232,-51824.16392177004,34.774100697449114,-0.09724762290716171,-1.1602825624868274,0.42295459657907486
2026-04-23 07:34:02.500,3509431.596584599,779140.7419274588,5250972.566918449,-51829.24759374068,34.836129648554355,0.10924134869128466,-1.2327092955820262,0.021992167457938194
2026-04-23 07:34:02.600,3509431.5837780624,779140.6289787762,5250972.517544062,-51834.344831660856,34.43627906411698,-0.12806536629796028,-1.129486826248467,-0.4937438666820526
2026-04-23 07:34:02.700,3509431.577111651,779140.5438758072,5250972.52261795,-51839.432287078766,34.003602551546386,-0.06666411180049181,-0.8510296896565706,0.05073888227343559
2026-04-23 07:34:02.800,3509431.5443899096,779140.4031635954,5250972.513609894,-51844.540791193715,33.9254842365015,-0.3272174159064889,-1.4071221183985472,-0.09008056484162807
2026-04-23 07:34:02.900,3509431.4718177994,779140.2633060528,5250972.479902109,-51849.66709899843,33.897344702051726,-0.7257211022078991,-1.3985754258465022,-0.3370778448879719
2026-04-23 07:34:03.000,3509431.440297782,779140.1274983931,5250972.444265234,-51854.77884680903,33.747918008074684,-0.3152001742273569,-1.3580765970982611,-0.35636874847114086
2026-04-23 07:34:03.100,3509431.420160626,779140.0079321404,5250972.408137494,-51859.89109532324,33.68652301921376,-0.20137155894190073,-1.1956625268794596,-0.36127740517258644
2026-04-23 07:34:03.200,3509431.420358856,779139.8577596485,5250972.38455226,-51864.98092224872,33.81435699975889,0.0019823014736175537,-1.501724919071421,-0.23585233837366104
2026-04-23 07:34:03.300,3509431.461085777,779139.76317043,5250972.4883686025,-51870.01087432335,34.091910915851095,0.4072692058980465,-0.9458921849727631,1.0381634254008532
2026-04-23 07:34:03.400,3509431.4535274277,779139.6335962663,5250972.563410473,-51875.08020619671,34.44306627810637,-0.07558349054306746,-1.2957416370045394,0.7504187058657408
2026-04-23 07:34:03.500,3509431.386242263,779139.5305654185,5250972.566075191,-51880.2087717816,34.455564538543136,-0.6728516472503543,-1.0303084773477167,0.026647178456187248
2026-04-23 07:34:03.600,3509431.4241575743,779139.4889426406,5250972.656731016,-51885.222728378096,34.21470884023779,0.3791531128808856,-0.41622777935117483,0.9065582510083914
2026-04-23 07:34:03.700,3509433.352810415,779141.0159306404,5250974.329544111,-51888.36101153025,38.124427637686814,19.28652840666473,15.269879997940734,16.72813095152378
2026-04-23 07:34:03.800,3509433.285331384,779140.9034119468,5250974.304992429,-51893.47489780965,38.293687795816716,-0.6747903116047382,-1.125186935532838,-0.2455168217420578
2026-04-23 07:34:03.900,3509433.24651903,779140.8355260913,5250974.352487982,-51898.54932162007,38.28387335323753,-0.3881235374137759,-0.6788585556205362,0.4749555326998234
2026-04-23 07:34:04.000,3509433.2372610983,779140.734172942,5250974.391995812,-51903.60814892238,38.234746397763274,-0.09257931727916002,-1.0135314927902073,0.3950782958418131
2026-04-23 07:34:04.100,3509433.207827772,779140.5748928562,5250974.366422995,-51908.74038116756,38.17863813860634,-0.29433326330035925,-1.5928008581977338,-0.255728168413043
2026-04-23 07:34:04.200,3509433.210189643,779140.4705376319,5250974.279660782,-51913.86181561544,38.338940231558205,0.02361870836466551,-1.04355224291794,-0.8676221314817667
2026-04-23 07:34:04.300,3509433.177545404,779140.3698478505,5250974.231730477,-51918.980416009144,38.47175262173275,-0.3264423878863454,-1.0068978136405349,-0.47930304892361164
2026-04-23 07:34:04.400,3509433.117319223,779140.2819462082,5250974.187368706,-51924.085608141206,38.77079518126643,-0.6022618105635047,-0.8790164231322706,-0.4436177108436823
2026-04-23 07:34:04.500,3509433.100643853,779140.1909303842,5250974.119821177,-51929.181410557765,39.168957647403126,-0.16675369814038277,-0.9101582400035113,-0.6754752900451422
2026-04-23 07:34:04.600,3509433.077570079,779140.0811601401,5250974.068945988,-51934.29339243257,39.117453017019635,-0.23073774296790361,-1.0977024410385638,-0.5087518878281116
2026-04-23 07:34:04.700,3509433.084533942,779139.9503974953,5250973.979608583,-51939.444776251425,38.9260151932019,0.06963863037526608,-1.3076264481060207,-0.8933740481734276
2026-04-23 07:34:04.800,3509433.1157473093,779139.8544650631,5250973.94577693,-51944.55126769791,38.72762469995183,0.31213367357850075,-0.9593243221752346,-0.3383165318518877
2026-04-23 07:34:04.900,3509433.1508168844,779139.7759968743,5250973.982536016,-51949.60994061292,38.51782518800219,0.3506957506760955,-0.7846818875987083,0.36759085953235626
2026-04-23 07:34:05.000,3509433.122376118,779139.6723536388,5250973.969815878,-51954.714843270354,38.653071339639084,-0.28440766502171755,-1.0364323551766574,-0.1272013783454895
2026-04-23 07:34:05.100,3509433.133890464,779139.5621707664,5250974.018511335,-51959.75797340222,38.85226745899872,0.11514346115291119,-1.1018287239130586,0.4869545716792345
2026-04-23 07:34:05.200,3509433.169688395,779139.461986485,5250974.091951868,-51964.776097883805,39.01567090141129,0.35797931253910065,-1.001842813566327,0.7344053220003843
2026-04-23 07:34:05.300,3509433.1889569564,779139.3579076413,5250974.159059544,-51969.821680888745,39.082991723138555,0.19268561154603958,-1.0407884372398257,0.6710767652839422
2026-04-23 07:34:05.400,3509433.201559209,779139.2702406083,5250974.221271135,-51974.85437376665,39.2390845989275,0.12602252420037985,-0.8766703307628632,0.622115908190608
2026-04-23 07:34:05.500,3509433.241168288,779139.1805801118,5250974.247075598,-51979.8831141143,39.17148979579641,0.39609079249203205,-0.8966049645096064,0.2580446284264326
2026-04-23 07:34:05.600,3509433.2052509077,779139.0566335609,5250974.173294254,-51985.01680030827,39.104409150528895,-0.3591738035902381,-1.2394655088428408,-0.7378134410828352
2026-04-23 07:34:05.700,3509433.2110165465,779138.9665323562,5250974.167549461,-51990.088902521085,38.89001065560603,0.05765638779848814,-0.9010120469611138,-0.057447925209999084
2026-04-23 07:34:05.800,3509433.2495203447,779138.8705562862,5250974.190971311,-51995.1338603366,38.55584837346247,0.3850379819050431,-0.95976070035249,0.23421850055456161
2026-04-23 07:34:05.900,3509433.26071214,779138.7837165031,5250974.2198255,-52000.16377192276,38.44510838353002,0.11191795114427805,-0.8683978312183172,0.2885418850928545
2026-04-23 07:34:06.000,3509433.2561056837,779138.7121961031,5250974.273380958,-52005.18434210406,38.213509042129985,-0.04606456030160189,-0.7152040000073612,0.5355545785278082
2026-04-23 07:34:06.100,3509433.2499626805,779138.5779365903,5250974.313220389,-52010.247084073126,37.853636422469485,-0.06143003236502409,-1.3425951276440173,0.39839431643486023
2026-04-23 07:34:06.200,3509433.155803009,779138.4649274474,5250974.267296485,-52015.40046675781,37.64087721118701,-0.9415967157110572,-1.1300914292223752,-0.4592390451580286
2026-04-23 07:34:06.300,3509431.26372181,779136.8865998612,5250972.677304223,-52022.32056162983,33.41401844832675,-18.92081198748201,-15.783275861758739,-15.899922614917159
2026-04-23 07:34:06.400,3509431.216060169,779136.7923421361,5250972.671103998,-52027.41312399186,33.63154033500853,-0.47661641146987677,-0.9425772505346686,-0.06200225092470646
2026-04-23 07:34:06.500,3509431.182831587,779136.6705308069,5250972.742025441,-52032.476633277365,33.81994330569338,-0.33228582236915827,-1.2181132927071303,0.7092144247144461
2026-04-23 07:34:06.600,3509431.144599134,779136.5891187547,5250972.785714055,-52037.53699102405,33.78095381118037,-0.3823245270177722,-0.8141205215360969,0.4368861485272646
2026-04-23 07:34:06.700,3509431.1523390757,779136.5019495162,5250972.837773083,-52042.57742378398,33.94967634298225,0.07739941589534283,-0.8716923848260194,0.5205902736634016
2026-04-23 07:34:06.800,3509431.1662972984,779136.429955153,5250972.877225723,-52047.61870021667,33.95933123766506,0.13958222698420286,-0.719943632138893,0.3945264033973217
2026-04-23 07:34:06.900,3509431.1550980643,779136.318578754,5250972.880899666,-52052.69172814067,34.0323862176988,-0.11199234053492546,-1.113763990579173,0.03673942759633064
2026-04-23 07:34:07.000,3509431.155033522,779136.2524029786,5250972.9633177435,-52057.721667099875,34.20560765010448,-0.0006454251706600189,-0.6617577536962926,0.8241807762533426
2026-04-23 07:34:07.100,3509431.1506250263,779136.163235515,5250972.98984452,-52062.796580299255,34.12370771440623,-0.044084955006837845,-0.8916746359318495,0.26526776142418385
2026-04-23 07:34:07.200,3509431.1590588875,779136.059135316,5250973.086104785,-52067.8579397654,34.124559282944645,0.08433861192315817,-1.041001989506185,0.9626026544719934
2026-04-23 07:34:07.300,3509431.1525615314,779135.9654478,5250973.110636085,-52072.93372736585,33.895583617787246,-0.06497356109321117,-0.9368751605506986,0.2453130017966032
2026-04-23 07:34:07.400,3509431.125290885,779135.8710163715,5250973.094718752,-52078.02930448355,33.846283604497906,-0.27270646300166845,-0.9443142847158015,-0.15917332842946053
2026-04-23 07:34:07.500,3509431.1588416505,779135.7704939499,5250973.105495412,-52083.07344918392,34.056984149957714,0.3355076536536217,-1.005224216496572,0.10776659473776817
2026-04-23 07:34:07.600,3509431.1068617674,779135.6554042615,5250973.127686032,-52088.13682048407,34.22953605360561,-0.5197988310828805,-1.1508968833368272,0.22190620191395283
2026-04-23 07:34:07.700,3509431.0419022995,779135.4594219808,5250973.09187498,-52093.2680494938,34.54787677315559,-0.649594678543508,-1.959822807693854,-0.3581105172634125
2026-04-23 07:34:07.800,3509430.999087974,779135.3438624735,5250973.106465718,-52098.389337764755,34.51968672076374,-0.4281432554125786,-1.1555950727779418,0.14590737409889698
2026-04-23 07:34:07.900,3509431.3189786403,779135.1238216613,5250972.8989593135,-52103.375737269445,39.75883036629373,3.198906662873924,-2.200408121570945,-2.075064042583108
2026-04-23 07:34:08.000,3509431.3325944906,779135.038023541,5250972.897320419,-52108.442282668715,39.623394295291384,0.1361585035920143,-0.8579812035895884,-0.016388949006795883
2026-04-23 07:34:08.100,3509431.407230731,779134.9933062174,5250972.951206108,-52113.429272340894,39.392806754226,0.746362404897809,-0.44717323617078364,0.538856890052557
2026-04-23 07:34:08.200,3509431.46728771,779134.9133144978,5250973.001892027,-52118.46440568111,39.20938238027903,0.6005697883665562,-0.7999171956907958,0.5068591982126236
2026-04-23 07:34:08.300,3509431.452556647,779134.810459525,5250973.0222523175,-52123.55219925502,39.02518645790534,-0.14731063041836023,-1.0285497282166034,0.20360290072858334
2026-04-23 07:34:08.400,3509431.3706791573,779134.687574608,5250973.057231299,-52128.667616758634,38.92794762806643,-0.8187748957425356,-1.2288491695653647,0.34978981129825115
2026-04-23 07:34:08.500,3509431.297128736,779134.5746879978,5250973.125781404,-52133.77062543922,39.072375701479224,-0.7355042127892375,-1.1288661020807922,0.6855010520666838
2026-04-23 07:34:08.600,3509431.3273845706,779134.4574876596,5250973.196710622,-52138.817420005165,39.17690704128743,0.30255834572017193,-1.1720033816527575,0.7092921808362007
2026-04-23 07:34:08.700,3509431.3400209188,779134.3367434029,5250973.16746361,-52143.90678373353,39.32406145655816,0.12636348139494658,-1.2074425676837564,-0.2924701198935509
2026-04-23 07:34:08.800,3509431.3254158255,779134.2406626829,5250973.161696857,-52148.99428569198,39.59817513092165,-0.14605093281716108,-0.9608071995899081,-0.057667531073093414
2026-04-23 07:34:08.900,3509431.3130162503,779134.1127866706,5250973.13331693,-52154.102485824646,39.7320689073177,-0.1239957520738244,-1.2787601235322654,-0.28379926458001137
2026-04-23 07:34:09.000,3509431.3304269477,779133.9765695259,5250973.164149026,-52159.15731218179,40.01217544479857,0.17410697415471077,-1.3621714466717094,0.3083209600299597
2026-04-23 07:34:09.100,3509431.3112405776,779133.8356093762,5250973.234737013,-52164.20663362288,40.573823211378475,-0.19186370074748993,-1.4096014969982207,0.7058798614889383
2026-04-23 07:34:09.200,3509431.297930899,779133.7112968343,5250973.211949073,-52169.316051808775,40.27325751176496,-0.1330967852845788,-1.2431254191324115,-0.22787939757108688
2026-04-23 07:34:09.300,3509431.30907542,779133.593357896,5250973.064246223,-52174.449441773686,39.7283536182368,0.11144520714879036,-1.1793893831782043,-1.4770284947007895
2026-04-23 07:34:09.400,3509431.3127394877,779133.4502785192,5250973.15038367,-52179.481530127145,39.994255184009695,0.036640679463744164,-1.4307937677949667,0.8613744657486677
2026-04-23 07:34:09.500,3509431.2887742952,779133.3401247306,5250973.138879592,-52184.57966826796,40.22699336624677,-0.2396519249305129,-1.1015378858428448,-0.11504078283905983
2026-04-23 07:34:09.600,3509431.3296447555,779133.3115643129,5250973.201756918,-52189.583440159186,40.45451863758971,0.4087046021595597,-0.2856041770428419,0.6287732627242804
2026-04-23 07:34:09.700,3509431.41792131,779133.311410093,5250973.295658785,-52194.56775334745,40.30351522257051,0.8827655436471105,-0.001542199170216918,0.9390186704695225
2026-04-23 07:34:09.800,3509431.55229972,779133.2768283327,5250973.327224684,-52199.573560718585,39.744439996287475,1.343784099444747,-0.3458176029380411,0.3156589902937412
2026-04-23 07:34:09.900,3509434.310658469,779134.9031687522,5250974.954421539,-52202.25677441744,45.21537806663149,27.583587490953505,16.263404195196927,16.271968549117446
2026-04-23 07:34:10.000,3509431.556863094,779133.0578597293,5250973.268215487,-52209.772598303214,39.40836062412682,-27.53795374650508,-18.453090229304507,-16.862060520797968
2026-04-23 07:34:10.100,3509431.4891944174,779132.9330610415,5250973.193398096,-52214.91858770825,39.29809375653063,-0.6766867684200406,-1.2479868775699288,-0.7481739111244678
2026-04-23 07:34:10.200,3509431.397800259,779132.8351059225,5250973.208722491,-52220.01731076477,39.39289326410675,-0.9139415854588151,-0.9795511898119003,0.15324395149946213
2026-04-23 07:34:10.300,3509434.2019842537,779134.5094386322,5250974.952621472,-52222.60521587471,45.02452198167931,28.04183994885534,16.743327096337453,17.438989812508225
2026-04-23 07:34:10.400,3509434.2405646,779134.4020350648,5250974.973729022,-52227.6356227056,45.224794038454846,0.3858034638687968,-1.0740356741007417,0.21107549779117107
2026-04-23 07:34:10.500,3509434.254079587,779134.3059321459,5250975.051670369,-52232.64753748065,45.6364605960972,0.13514986727386713,-0.9610291884746403,0.7794134691357613
2026-04-23 07:34:10.600,3509434.260078973,779134.2059332196,5250975.0717823,-52237.70704526643,45.73206084007419,0.059993863105773926,-0.9999892627820373,0.201119314879179
2026-04-23 07:34:10.700,3509434.255621104,779134.1195535465,5250975.094302406,-52242.76787103584,45.69029341520944,-0.04457869101315737,-0.8637967309914529,0.22520105354487896
2026-04-23 07:34:10.800,3509434.206437037,779134.01250579,5250975.0982515775,-52247.866752416645,45.84099066582256,-0.4918406717479229,-1.070477565517649,0.039491718634963036
2026-04-23 07:34:10.900,3509434.176612343,779133.9252976071,5250975.107372326,-52252.932279967856,46.11451298666962,-0.2982469368726015,-0.872081829002127,0.0912074837833643
2026-04-23 07:34:11.000,3509434.126609124,779133.8192770979,5250975.057775823,-52258.03489199349,46.13637395000437,-0.5000321939587593,-1.060205091489479,-0.4959650244563818
2026-04-23 07:34:11.100,3509434.10711542,779133.6939597067,5250974.9845918715,-52263.14791187939,46.282223099566465,-0.19493703730404377,-1.253173912409693,-0.7318395189940929
2026-04-23 07:34:11.200,3509434.124548101,779133.6079719556,5250974.9817851,-52268.2162548855,46.33908241196555,0.17432680819183588,-0.8598775113932788,-0.02806771546602249
2026-04-23 07:34:11.300,3509434.199693759,779133.5490568316,5250975.06887037,-52273.23074384849,46.15032141750236,0.751456581056118,-0.5891512392554432,0.8708527032285929
2026-04-23 07:34:11.400,3509434.2425921187,779133.4890832851,5250975.153779374,-52278.234482127606,45.986513385912716,0.4289835970848799,-0.5997354653663933,0.8490900415927172
2026-04-23 07:34:11.500,3509434.2507294607,779133.408581183,5250975.089847324,-52283.322022869106,45.938166322349915,0.08137342054396868,-0.805021021515131,-0.6393205001950264
2026-04-23 07:34:11.600,3509434.3157648426,779133.376596292,5250975.106723612,-52288.3500991673,45.871851746634356,0.6503538182005286,-0.3198489092756063,0.16876287758350372
2026-04-23 07:34:11.700,3509434.3826922104,779133.3093357899,5250975.044758932,-52293.42433600409,45.84991072697791,0.6692736782133579,-0.6726050213910639,-0.619646804407239
2026-04-23 07:34:11.800,3509434.446801991,779133.2107912139,5250975.020680763,-52298.50028529602,45.48342402671459,0.6410978082567453,-0.9854457597248256,-0.24078168906271458
2026-04-23 07:34:11.900,3509434.572045016,779133.136050698,5250975.079332856,-52303.51170530456,45.45295516525099,1.252430249005556,-0.747405159054324,0.5865209363400936
2026-04-23 07:34:12.000,3509434.6301681274,779133.0904042623,5250975.147101926,-52308.52770464505,45.51504792848335,0.5812311125919223,-0.4564643569756299,0.6776906922459602
2026-04-23 07:34:12.100,3509434.67982423,779133.0109863923,5250975.089582469,-52313.62179037779,45.97957400076584,0.496561024338007,-0.7941787003073841,-0.57519456371665
2026-04-23 07:34:12.200,3509434.701495249,779132.8948034383,5250975.032262382,-52318.738927033366,46.44389043721852,0.21671019028872252,-1.161829539341852,-0.5732008721679449
2026-04-23 07:34:12.300,3509432.1116677946,779131.801647268,5250974.264274778,-52325.710343101855,34.89837901197995,-25.898274541832507,-10.931561703328043,-7.679876042529941
2026-04-23 07:34:12.400,3509432.226010977,779131.8223254797,5250974.298736904,-52330.72947899522,34.70095220784385,1.1434318218380213,0.20678211702033877,0.3446212597191334
2026-04-23 07:34:12.500,3509432.247683796,779131.7065415662,5250974.104905392,-52335.935119983966,34.79944395112884,0.21672819275408983,-1.1578391352668405,-1.9383151177316904
2026-04-23 07:34:12.600,3509432.200079939,779131.5674366932,5250973.973684613,-52341.11557425006,34.96777221707685,-0.4760385723784566,-1.3910487294197083,-1.312207793816924
2026-04-23 07:34:12.700,3509432.1953849327,779131.478089609,5250973.941841063,-52346.21577080402,34.95765319256639,-0.046950061805546284,-0.8934708428569138,-0.3184354957193136
2026-04-23 07:34:12.800,3509432.2639534045,779131.4028442034,5250973.915659372,-52351.280846574075,35.05195863569064,0.6856847181916237,-0.7524540554732084,-0.2618169132620096
2026-04-23 07:34:12.900,3509432.308521859,779131.345248123,5250973.911124886,-52356.355418058614,35.22792230251532,0.4456845438107848,-0.5759608035441488,-0.04534485749900341
2026-04-23 07:34:13.000,3509432.3577712756,779131.3145907113,5250973.89051854,-52361.42071267665,35.47681986353496,0.49249416682869196,-0.30657411785796285,-0.20606346428394318
2026-04-23 07:34:13.100,3509432.386394426,779131.268801805,5250973.836996433,-52366.49032519787,35.64973374788884,0.28623150661587715,-0.4578890628181398,-0.5352210626006126
2026-04-23 07:34:13.200,3509432.3833745946,779131.218577696,5250973.865661315,-52371.550400756416,35.72950793492155,-0.03019831608980894,-0.5022410897072405,0.28664881363511086
2026-04-23 07:34:13.300,3509433.253149392,779131.9126805675,5250974.624573456,-52375.75570913695,41.4056092937037,8.697747974656522,6.941028714645654,7.589121414348483
2026-04-23 07:34:13.400,3509433.2949115066,779131.8601448926,5250974.530339053,-52380.85125891612,41.17744484101233,0.41762114502489567,-0.5253567488398403,-0.942344032227993
2026-04-23 07:34:13.500,3509433.327820543,779131.8037492649,5250974.417561142,-52385.95142241532,41.101024234496485,0.329090366140008,-0.5639562767464668,-1.1277791112661362
2026-04-23 07:34:13.600,3509433.3171646856,779131.7507069521,5250974.34156703,-52391.05111758972,41.03349301839958,-0.10655857622623444,-0.5304231285117567,-0.7599411159753799
2026-04-23 07:34:13.700,3509433.3205143437,779131.7269776182,5250974.223805138,-52396.17099743434,41.10973346344754,0.03349658101797104,-0.23729333886876702,-1.1776189226657152
2026-04-23 07:34:13.800,3509433.4195260447,779131.7456955324,5250974.263586303,-52401.20175245941,41.51677497628003,0.9901170106604695,0.18717914237640798,0.39781165309250355
2026-04-23 07:34:13.900,3509433.5135627543,779131.8128163097,5250974.38012567,-52406.1732112478,41.88900728617394,0.9403670951724052,0.6712077732663602,1.16539366543293
2026-04-23 07:34:14.000,3509433.587392659,779131.7956943911,5250974.398894024,-52411.179757402926,42.07940059459814,0.7382990466430783,-0.1712191861588508,0.18768354319036007
2026-04-23 07:34:14.100,3509433.65319232,779131.7911814057,5250974.414667717,-52416.17821622582,42.054072545463804,0.6579966098070145,-0.04512985469773412,0.15773693099617958
2026-04-23 07:34:14.200,3509433.6958165895,779131.7799415122,5250974.352404573,-52421.26940700457,41.851667798657154,0.42624269612133503,-0.11239893501624465,-0.6226314418017864
2026-04-23 07:34:14.300,3509433.741765986,779131.8363708796,5250974.348303211,-52426.32501599249,41.88669242486765,0.45949396677315235,0.564293673960492,-0.04101362079381943
2026-04-23 07:34:14.400,3509433.862659906,779131.8630524277,5250974.3723539,-52431.3515499911,41.84189225416022,1.2089391984045506,0.2668154810089618,0.24050689302384853
2026-04-23 07:34:14.500,3509432.238829236,779131.6429338414,5250968.300719892,-52440.26076184353,40.06075145942539,-16.238306700251997,-2.201185862068087,-60.71634008549154
2026-04-23 07:34:14.600,3509433.9754573596,779131.9821375636,5250974.492250241,-52441.38455824542,41.988148628296464,17.366281235590577,3.3920372219290584,61.9153034966439
2026-04-23 07:34:14.700,3509434.083318239,779132.0309896648,5250974.557215326,-52446.385902959315,42.26040134055228,1.078608795069158,0.48852101201191545,0.6496508419513702
2026-04-23 07:34:14.800,3509434.1510059023,779132.065745567,5250974.561694717,-52451.42863143543,42.236604531116264,0.6768766324967146,0.347559021320194,0.04479391500353813
2026-04-23 07:34:14.900,3509434.244582838,779132.1074922234,5250974.53501971,-52456.45103321669,42.11565220968796,0.9357693558558822,0.417466564103961,-0.26675007306039333
2026-04-23 07:34:15.000,3509434.3860019976,779132.1564519816,5250974.465773503,-52461.49751904054,42.057687760399936,1.4141915971413255,0.48959758249111474,-0.6924620643258095
2026-04-23 07:34:15.100,3509432.7038984103,779131.9505216201,5250968.133854918,-52470.572714651134,39.60285917790539,-16.821035873144865,-2.059303615242243,-63.31918585114181
2026-04-23 07:34:15.200,3509432.71739142,779131.9802791054,5250968.085124691,-52475.653994668566,39.485055992756024,0.13493009842932224,0.2975748525932431,-0.48730227164924145
2026-04-23 07:34:15.300,3509432.7784128813,779131.9804027989,5250968.050092064,-52480.72640630284,39.40975947571137,0.6102146115154028,0.0012369349133223295,-0.35032627172768116
2026-04-23 07:34:15.400,3509432.82230172,779132.011585513,5250967.95102383,-52485.85437992145,39.56153806706145,0.4388883849605918,0.31182714155875146,-0.9906823374330997
2026-04-23 07:34:15.500,3509432.9115779866,779132.0864544148,5250967.943644873,-52490.88448630043,39.728832446967914,0.8927626674994826,0.7486890174914151,-0.07378957234323025
2026-04-23 07:34:15.600,3509432.977052972,779132.1271451756,5250967.854230404,-52495.97604736715,39.87640101105833,0.6547498563304543,0.40690760826691985,-0.8941446896642447
2026-04-23 07:34:15.700,3509432.9837585203,779132.1504545363,5250967.749782412,-52501.0883003666,40.01302161879574,0.06705548148602247,0.23309360723942518,-1.0444799158722162
2026-04-23 07:34:15.800,3509433.070999371,779132.2162988544,5250967.732277415,-52506.12114151887,39.82754012598044,0.8724085055291653,0.658443181309849,-0.17504997551441193
2026-04-23 07:34:15.900,3509433.1233772924,779132.2789461877,5250967.656308239,-52511.210878232145,39.31247585790826,0.5237792152911425,0.626473332522437,-0.7596917543560266
2026-04-23 07:34:16.000,3509433.2731051873,779132.383751189,5250967.673123861,-52516.21849966298,38.706303786933184,1.4972789492458105,1.0480500129051507,0.1681562140583992
2026-04-23 07:34:16.100,3509433.3242887696,779132.4439306572,5250967.655573056,-52521.315975493715,38.507033129662034,0.5118358228355646,0.6017946824431419,-0.17550804652273655
2026-04-23 07:34:16.200,3509433.3270855183,779132.5029921288,5250967.575332096,-52526.45579458212,38.590383533195904,0.027967486530542374,0.5906147160567343,-0.8024096023291349
2026-04-23 07:34:16.300,3509433.3139462466,779132.6045265299,5250967.42821973,-52531.62501793217,38.962341448936165,-0.13139271643012762,1.0153440106660128,-1.4711236581206322
2026-04-23 07:34:16.400,3509433.3669117405,779132.7104986927,5250967.288414044,-52536.73338832093,39.19505427216747,0.5296549387276173,1.0597216279711574,-1.3980568572878838
2026-04-23 07:34:16.500,3509433.4505786025,779132.8056355523,5250967.2483084975,-52541.776104474775,39.55894454869144,0.8366686198860407,0.951368595706299,-0.40105546824634075
2026-04-23 07:34:16.600,3509433.6340248655,779132.9257240308,5250967.27617348,-52546.74161768313,39.46153223861324,1.8344626296311617,1.200884785503149,0.2786498237401247
2026-04-23 07:34:16.700,3509433.812262276,779133.0782386571,5250967.385939218,-52551.67034657795,39.02309416245408,1.7823741072788835,1.5251462627202272,1.0976573824882507
2026-04-23 07:34:16.800,3509433.949978234,779133.207063862,5250967.433017052,-52556.665876119485,38.77000888644823,1.3771595759317279,1.288252049125731,0.4707783367484808
2026-04-23 07:34:16.900,3509434.0386358653,779133.3713246299,5250967.471363166,-52561.66786011753,38.39809205395157,0.8865763153880835,1.6426076786592603,0.38346114568412304
2026-04-23 07:34:17.000,3509434.077924859,779133.486183998,5250967.537663441,-52566.674089099724,38.317147463979154,0.392889934591949,1.1485936807002872,0.663002748042345
2026-04-23 07:34:17.100,3509434.1152898436,779133.5711194066,5250967.573687602,-52571.704574351155,38.37040880027047,0.3736498486250639,0.8493540866766125,0.3602416068315506
2026-04-23 07:34:17.200,3509434.133935628,779133.689212499,5250967.537147446,-52576.79578330666,38.25099440289195,0.18645784351974726,1.1809309234376997,-0.36540156230330467
2026-04-23 07:34:17.300,3509434.202537554,779133.830342258,5250967.624092553,-52581.78305615876,38.0293592214979,0.6860192585736513,1.4112975902389735,0.8694510720670223
2026-04-23 07:34:17.400,3509434.3125023707,779133.9553223847,5250967.750309042,-52586.72633103034,38.172009068104266,1.099648168310523,1.2498012674041092,1.2621648889034986
2026-04-23 07:34:17.500,3509434.367786926,779134.0563424265,5250967.761669469,-52591.758103032524,38.185989353527326,0.552845555357635,1.0102004173677415,0.11360427364706993
2026-04-23 07:34:17.600,3509434.3815867086,779134.1953870356,5250967.721647092,-52596.84385442269,38.289291315724,0.13799782376736403,1.3904460915364325,-0.4002237692475319
2026-04-23 07:34:17.700,3509434.3852679646,779134.298298245,5250967.676345189,-52601.91868396501,38.453650600987594,0.03681255970150232,1.0291120933834463,-0.45301903039216995
2026-04-23 07:34:17.800,3509434.4542045426,779134.4362457203,5250967.716178471,-52606.92556073197,38.72017306044716,0.6893657799810171,1.379474753048271,0.39833282120525837
2026-04-23 07:34:17.900,3509434.483496595,779134.5983992709,5250967.79807248,-52611.9440452939,38.8842841776204,0.2929205261170864,1.6215355065651238,0.8189400844275951
2026-04-23 07:34:18.000,3509434.4917278322,779134.732197597,5250967.846221621,-52616.97993127977,38.7084319513484,0.08231237065047026,1.3379832613281906,0.4814914148300886
2026-04-23 07:34:18.100,3509434.575451761,779134.8617965293,5250967.871589679,-52621.99133320254,38.468261027668916,0.8372392877936363,1.2959893222432584,0.2536805812269449
2026-04-23 07:34:18.200,3509434.616276556,779135.0423616627,5250967.9152155435,-52627.02968310091,38.585054475439044,0.4082479514181614,1.805651334580034,0.4362586420029402
2026-04-23 07:34:18.300,3509436.1181150987,779135.4217924398,5250973.234753494,-52628.703966950474,38.41248187327279,15.018385425209999,3.794307770440355,53.1953795067966
2026-04-23 07:34:18.400,3509436.103275516,779135.5260082734,5250973.277897469,-52633.75028585942,38.426981149803574,-0.14839582610875368,1.0421583359129727,0.43143974617123604
2026-04-23 07:34:18.500,3509436.109068022,779135.6417700236,5250973.307968417,-52638.78687270057,38.54701233340499,0.057925060391426086,1.1576175026129931,0.3007094841450453
2026-04-23 07:34:18.600,3509436.005876559,779135.7283399396,5250973.257522524,-52643.90772853522,38.37672808592798,-1.0319146327674389,0.865699159912765,-0.5044589284807444
2026-04-23 07:34:18.700,3509435.929422046,779135.8359387707,5250973.1720239315,-52649.03050168266,38.08966718577184,-0.764545127749443,1.0759883106220514,-0.8549859281629324
2026-04-23 07:34:18.800,3509435.850286603,779135.9472670155,5250973.065804147,-52654.18647515716,38.132197590489035,-0.7913544308394194,1.1132824479136616,-1.062197843566537
2026-04-23 07:34:18.900,3509435.7966342038,779136.0428667626,5250972.992929202,-52659.31355193879,38.24224232337702,-0.5365239921957254,0.9559974714647979,-0.728749455884099
2026-04-23 07:34:19.000,3509435.872596476,779136.1570411383,5250973.058087601,-52664.29755206867,38.45118712788224,0.7596227247267962,1.1417437565978616,0.6515839975327253
2026-04-23 07:34:19.100,3509435.842461113,779136.2682850008,5250973.062898565,-52669.36285551406,38.500526504338296,-0.3013536334037781,1.1124386254232377,0.0481096375733614
2026-04-23 07:34:19.200,3509435.752257589,779136.4087850542,5250973.077965612,-52674.46830431341,38.42449201633402,-0.9020352410152555,1.4050005341414362,0.15067046508193016
2026-04-23 07:34:19.300,3509435.777375392,779136.5437872014,5250973.118652068,-52679.48981609551,38.58708049924566,0.2511780336499214,1.35002147173509,0.40686456486582756
2026-04-23 07:34:19.400,3509435.8340239115,779136.6895721921,5250973.159629011,-52684.50088269996,38.71739393893756,0.5664851935580373,1.4578499074559659,0.40976942516863346
2026-04-23 07:34:19.500,3509435.8746587257,779136.8168494933,5250973.108924206,-52689.56657876271,38.74652331477277,0.4063481418415904,1.2727730115875602,-0.5070480424910784
2026-04-23 07:34:19.600,3509435.8666222664,779136.8941876986,5250972.9798278585,-52694.68351276883,38.84235640641868,-0.0803645933046937,0.7733820530120283,-1.2909634783864021
2026-04-23 07:34:19.700,3509435.878131055,779136.9783229497,5250972.866307322,-52699.783272043824,39.235774745744955,0.11508788447827101,0.8413525111973286,-1.135205365717411
2026-04-23 07:34:19.800,3509435.9215345783,779137.1103013887,5250972.927763221,-52704.78719902971,39.14601613601834,0.4340352350845933,1.3197843893431127,0.6145589891821146
2026-04-23 07:34:19.900,3509435.9208158655,779137.2462323577,5250972.933300724,-52709.851160385675,38.99015373335564,-0.0071871280670166016,1.3593096903059632,0.05537503398954868
2026-04-23 07:34:20.000,3509435.894097047,779137.3385683557,5250972.9446872035,-52714.89463196196,38.91474967747817,-0.26718818582594395,0.9233599796425551,0.11386479251086712
2026-04-23 07:34:20.100,3509435.770504693,779137.4175135475,5250972.806490739,-52720.04732287522,38.749450579707684,-1.235923538915813,0.7894519180990756,-1.3819646462798119
2026-04-23 07:34:20.200,3509435.697704889,779137.5252491486,5250972.661181748,-52725.20611600247,38.748983740162956,-0.7279980415478349,1.0773560113739222,-1.4530899096280336
2026-04-23 07:34:20.300,3509435.6654667784,779137.6208478024,5250972.556614397,-52730.3293989795,38.69178068289088,-0.32238110434263945,0.9559865377377719,-1.0456735081970692
2026-04-23 07:34:20.400,3509435.6198253324,779137.7584362027,5250972.470176981,-52735.45844858086,38.25162643320736,-0.4564144602045417,1.3758840027730912,-0.8643741626292467
2026-04-23 07:34:20.500,3509435.6351541663,779137.9087012411,5250972.450007698,-52740.54248632495,37.94816664792237,0.1532883383333683,1.5026503847911954,-0.20169283263385296
2026-04-23 07:34:20.600,3509435.6254490297,779138.0164883744,5250972.436576628,-52745.614165946536,37.980587741194974,-0.09705136530101299,1.077871333109215,-0.13431069441139698
2026-04-23 07:34:20.700,3509435.70043975,779138.1317111469,5250972.441346439,-52750.62001167837,37.947901088228555,0.7499072048813105,1.1522277246695012,0.04769810475409031
2026-04-23 07:34:20.800,3509435.6923864,779138.2177548473,5250972.398306571,-52755.701547206176,37.72357834146491,-0.08053350262343884,0.8604370034299791,-0.43039867654442787
2026-04-23 07:34:20.900,3509435.6936335578,779138.3226309743,5250972.334924651,-52760.79468218519,37.70158251047233,0.0124715780839324,1.0487612709403038,-0.6338191963732243
2026-04-23 07:34:21.000,3509435.712650414,779138.4582554611,5250972.336036384,-52765.84420309494,37.622093032437995,0.1901685632765293,1.3562448672018945,0.011117327958345413
2026-04-23 07:34:21.100,3509435.7438506577,779138.59437248,5250972.332629728,-52770.89539036792,37.61163565980022,0.3120024362578988,1.3611701887566596,-0.03406655974686146
2026-04-23 07:34:21.200,3509435.780638397,779138.7297649396,5250972.313741329,-52775.94826852916,37.53540454697118,0.36787739489227533,1.3539245969150215,-0.18888399004936218
2026-04-23 07:34:21.300,3509435.7746854457,779138.8139427954,5250972.236353714,-52781.03447480634,37.345306591220435,-0.059529514983296394,0.8417785575147718,-0.7738761510699987
2026-04-23 07:34:21.400,3509435.7645140835,779138.875674218,5250972.15073689,-52786.1327913116,37.62488117242456,-0.10171362198889256,0.6173142266925424,-0.8561682421714067
2026-04-23 07:34:21.500,3509435.7102298513,779138.9406926127,5250972.072556722,-52791.24797021094,38.087048725661894,-0.5428423220291734,0.650183946127072,-0.7818016782402992
2026-04-23 07:34:21.600,3509435.6312889038,779139.0737814747,5250972.058181655,-52796.38047596548,38.512680516541735,-0.7894094754010439,1.3308886205777526,-0.14375067315995693
2026-04-23 07:34:21.700,3509435.727715708,779139.2398330453,5250972.081369329,-52801.38842435399,38.30793376385589,0.964268040843308,1.660515705589205,0.23187674582004547
2026-04-23 07:34:21.800,3509435.784039547,779139.3951382719,5250972.135522904,-52806.40244524148,38.21024105572169,0.5632383935153484,1.5530522656627,0.541535746306181
2026-04-23 07:34:21.900,3509435.7754001813,779139.5527322527,5250972.154063904,-52811.46555468485,38.006605822530204,-0.08639365900307894,1.57593980897218,0.18540999852120876
2026-04-23 07:34:22.000,3509435.744232139,779139.7195761612,5250972.24071299,-52816.499777492194,37.94744098963948,-0.31168042216449976,1.6684390848968178,0.866490863263607
2026-04-23 07:34:22.100,3509435.7298435834,779139.855244194,5250972.317091861,-52821.52093368145,38.20099348111589,-0.1438855566084385,1.356680328026414,0.7637887075543404
2026-04-23 07:34:22.200,3509435.7478692685,779139.9612535726,5250972.321382897,-52826.549342950944,38.229245957730036,0.18025685101747513,1.060093785636127,0.04291036166250706
2026-04-23 07:34:22.300,3509435.801330398,779140.0672951819,5250972.277605755,-52831.59772451774,37.904157512724026,0.5346112931147218,1.060416093096137,-0.43777141720056534
2026-04-23 07:34:22.400,3509435.828709928,779140.1564978188,5250972.197776809,-52836.68920911094,37.99427149696636,0.27379530016332865,0.8920263685286045,-0.7982894591987133
2026-04-23 07:34:22.500,3509435.886069912,779140.2550251937,5250972.18905295,-52841.73064134613,37.95928631268978,0.5735998414456844,0.985273749101907,-0.08723859675228596
2026-04-23 07:34:22.600,3509435.930270845,779140.338746982,5250972.191926189,-52846.76847905173,37.800917876496015,0.44200933072716,0.8372178836725652,0.028732391074299812
2026-04-23 07:34:22.700,3509436.004755036,779140.4380015382,5250972.13133226,-52851.80659728223,37.49541562277301,0.7448419090360403,0.9925455611664802,-0.6059392914175987
2026-04-23 07:34:22.800,3509436.0019059656,779140.5518978797,5250972.1596538555,-52856.820011188654,37.42894225762222,-0.02849070355296135,1.138963415287435,0.2832159586250782
2026-04-23 07:34:22.900,3509435.9619701365,779140.6354188315,5250972.136333217,-52861.88449200923,37.678968466354384,-0.3993582911789417,0.8352095179725438,-0.23320638574659824
2026-04-23 07:34:23.000,3509435.9301039856,779140.6795720912,5250972.08974559,-52866.96260201004,37.95143574016844,-0.3186615090817213,0.4415325971785933,-0.46587626449763775
2026-04-23 07:34:23.100,3509435.9472754733,779140.7746552498,5250972.0645570345,-52872.02480892628,38.040475064057695,0.1717148767784238,0.9508315857965499,-0.2518855594098568
2026-04-23 07:34:23.200,3509435.9798140456,779140.8443417907,5250972.052102798,-52877.05340362993,37.87083761252819,0.3253857232630253,0.6968654086813331,-0.1245423685759306
2026-04-23 07:34:23.300,3509436.0109186964,779140.9337239991,5250972.09183919,-52882.080543073425,38.219793579267545,0.311046508140862,0.8938220841810107,0.39736391976475716
2026-04-23 07:34:23.400,3509436.577610715,779140.8709119089,5250972.00521148,-52886.81308938791,45.395667707193326,5.666920184157789,-0.6281209015287459,-0.8662770967930555
2026-04-23 07:34:23.500,3509437.9152595513,779141.5766524362,5250972.140007025,-52891.0328158337,44.339489236708026,13.376488364301622,7.057405272498727,1.347955446690321
2026-04-23 07:34:23.600,3509437.736560034,779141.6669709163,5250971.985155663,-52896.24676344666,44.63740674990688,-1.7869951715692878,0.9031848015729338,-1.548513611778617
2026-04-23 07:34:23.700,3509437.777506511,779141.7760657002,5250971.909223855,-52901.302424455636,44.68715280235639,0.40946477092802525,1.0909478389658034,-0.7593180891126394
2026-04-23 07:34:23.800,3509437.783389808,779141.9045716521,5250971.860800718,-52906.3972297587,45.20992167820911,0.05883296951651573,1.2850595184136182,-0.48423136584460735
2026-04-23 07:34:23.900,3509437.856807907,779142.0056099951,5250971.929924887,-52911.37978497018,45.68402460394255,0.7341809896752238,1.010383430402726,0.6912416871637106
2026-04-23 07:34:24.000,3509437.993589051,779142.0812999213,5250971.992071626,-52916.319203735686,45.654075354388034,1.3678114395588636,0.7568992616143078,0.6214673910290003
2026-04-23 07:34:24.100,3509441.303172686,779142.0977403884,5250971.780223267,-52919.4271398928,52.41201524546096,33.0958363506943,0.1644046709407121,-2.1184835862368345
2026-04-23 07:34:24.200,3509441.3024292802,779142.2181339896,5250971.778356066,-52924.50092722811,52.20486443855563,-0.0074340589344501495,1.2039360124617815,-0.01867201179265976
2026-04-23 07:34:24.300,3509435.8789408677,779141.978262095,5250971.847640933,-52932.83165479818,39.562212043859375,-54.23488412518054,-2.3987189459148794,0.6928486656397581
2026-04-23 07:34:24.400,3509435.8678335873,779142.1165104533,5250971.863263849,-52937.8720545577,39.13340946941979,-0.11107280384749174,1.3824835827108473,0.15622916631400585
2026-04-23 07:34:24.500,3509435.9168981006,779142.2280156522,5250971.853915719,-52942.89309820957,39.20311815193744,0.490645132958889,1.1150519887451082,-0.09348129853606224
2026-04-23 07:34:24.600,3509435.9335590117,779142.3214476017,5250971.868104675,-52947.92847196419,39.51551293375986,0.1666091103106737,0.9343194949906319,0.14188955537974834
2026-04-23 07:34:24.700,3509434.071930999,779140.9056480866,5250970.306925889,-52954.809415427335,35.327858651840714,-18.616280127316713,-14.157995150890201,-15.611787857487798
2026-04-23 07:34:24.800,3509434.0882427823,779141.0822132484,5250970.409114623,-52959.82048682953,35.3693144497753,0.16311783343553543,1.7656516178976744,1.021887343376875
2026-04-23 07:34:24.900,3509434.0918394597,779141.1820778905,5250970.401252611,-52964.87879751242,35.28014997450567,0.0359667744487524,0.9986464213579893,-0.07862012833356857
2026-04-23 07:34:25.000,3509434.102320431,779141.2836090861,5250970.378074568,-52969.957982382984,35.12320296814399,0.10480971075594425,1.0153119557071477,-0.23178042843937874
2026-04-23 07:34:25.100,3509434.1705048787,779141.4042542756,5250970.316403445,-52975.02546296417,35.105897363923944,0.6818444794043899,1.2064518954139203,-0.6167112290859222
2026-04-23 07:34:25.200,3509434.203169547,779141.4913474631,5250970.204789878,-52980.12007274366,35.08946557917426,0.32664668280631304,0.8709318749606609,-1.1161356698721647
2026-04-23 07:34:25.300,3509434.180399185,779141.5950803892,5250970.089366186,-52985.21304042834,34.99721593411799,-0.22770361974835396,1.037329260725528,-1.154236914590001
2026-04-23 07:34:25.400,3509434.207864765,779141.7192707707,5250970.000153021,-52990.275191446606,34.87493801645275,0.2746558003127575,1.2419038149528205,-0.8921316545456648
2026-04-23 07:34:25.500,3509434.258716357,779141.8327468529,5250969.982412321,-52995.29125757534,34.721483586561924,0.5085159186273813,1.1347608221694827,-0.17740700393915176
2026-04-23 07:34:25.600,3509434.303037426,779141.9566978972,5250970.126145549,-53000.256358992534,35.02506670617884,0.4432106902822852,1.2395104428287596,1.437332285568118
2026-04-23 07:34:25.700,3509434.4034152804,779142.1566278557,5250970.327876457,-53005.15310951117,35.14829564238308,1.003778544254601,1.9992995855864137,2.0173090789467096
2026-04-23 07:34:25.800,3509434.451263149,779142.3314446677,5250970.395340662,-53010.132345379585,35.04874070616478,0.4784786840900779,1.7481681192293763,0.6746420543640852
2026-04-23 07:34:25.900,3509434.4302808945,779142.4542792268,5250970.316698861,-53015.21496388962,34.91892663215176,-0.20982254296541214,1.228345591807738,-0.7864180114120245
2026-04-23 07:34:26.000,3509434.508539153,779142.5488127961,5250970.354814137,-53020.187252697826,34.783051148372344,0.7825825829058886,0.9453356929589063,0.38115276023745537
2026-04-23 07:34:26.100,3509434.511094571,779142.6692037737,5250970.417632418,-53025.1968676844,34.699247842095815,0.025554182939231396,1.2039097759407014,0.6281828042119741
2026-04-23 07:34:26.200,3509434.4900981607,779142.7826760822,5250970.3507221425,-53030.299018844365,34.52902480944776,-0.2099641039967537,1.1347230849787593,-0.6691027525812387
2026-04-23 07:34:26.300,3509434.4733252046,779142.8720580626,5250970.312891406,-53035.383058174615,34.72787510359571,-0.16772956121712923,0.8938198036048561,-0.37830736488103867
2026-04-23 07:34:26.400,3509434.4056397974,779142.9731109815,5250970.292320296,-53040.466879622734,34.81391203246297,-0.6768540712073445,1.0105291893705726,-0.2057110983878374
2026-04-23 07:34:26.500,3509434.4358760174,779143.0751978111,5250970.268213313,-53045.50954500512,34.711092325619724,0.30236219987273216,1.0208682960364968,-0.24106983095407486
2026-04-23 07:34:26.600,3509434.496749627,779143.1770718051,5250970.2166244155,-53050.55415111268,34.78503781655231,0.6087360950186849,1.0187399399001151,-0.5158889759331942
2026-04-23 07:34:26.700,3509434.4934361414,779143.3136392914,5250970.258032227,-53055.576099423204,34.85728120502388,-0.03313485532999039,1.3656748633366078,0.414078114554286
2026-04-23 07:34:26.800,3509434.502024411,779143.3990559696,5250970.184612953,-53060.64539900627,34.98097747688353,0.0858826981857419,0.8541667810641229,-0.7341927383095026
2026-04-23 07:34:26.900,3509434.50076828,779143.4800014264,5250970.097848508,-53065.723521995715,35.20424095237159,-0.012561311013996601,0.8094545686617494,-0.8676444552838802
2026-04-23 07:34:27.000,3509434.4211444575,779143.573544353,5250970.108554657,-53070.794986784254,35.13001275612017,-0.7962382258847356,0.935429265955463,0.1070614904165268
2026-04-23 07:34:27.100,3509434.4232397047,779143.6578823247,5250970.117871727,-53075.81617336049,35.01952988767749,0.020952471531927586,0.8433797163888812,0.09317070245742798
2026-04-23 07:34:27.200,3509434.3880890785,779143.7648442017,5250970.069737203,-53080.86279019943,35.25921286395596,-0.35150626208633184,1.069618770852685,-0.48134523443877697
2026-04-23 07:34:27.300,3509434.352894345,779143.8891147313,5250970.000752472,-53085.96788181198,35.865165659000965,-0.35194733645766973,1.2427052960265428,-0.6898473110049963
2026-04-23 07:34:27.400,3509434.3312712098,779144.01693474,5250969.884176595,-53091.105793940704,36.13368522453657,-0.21623135078698397,1.278200086671859,-1.1657587718218565
2026-04-23 07:34:27.500,3509434.3195443857,779144.1412035595,5250969.832279958,-53096.18066467483,36.01588413529018,-0.11726824101060629,1.2426881946157664,-0.5189663730561733
2026-04-23 07:34:27.600,3509434.338961368,779144.2362112625,5250969.835440798,-53101.22711532656,36.10731351037926,0.19416982308030128,0.9500770305749029,0.031608399003744125
2026-04-23 07:34:27.700,3509434.281625521,779144.311592342,5250969.759522026,-53106.34579782719,36.10910664252874,-0.5733584705740213,0.7538107945583761,-0.759187713265419
2026-04-23 07:34:27.800,3509434.2596435444,779144.372737014,5250969.689521741,-53111.43920390262,36.172648698213045,-0.21981976460665464,0.6114467198494822,-0.7000028528273106
2026-04-23 07:34:27.900,3509434.199751081,779144.488380172,5250969.631374962,-53116.56564240681,36.34901391526779,-0.5989246349781752,1.1564315808936954,-0.5814677942544222
2026-04-23 07:34:28.000,3509434.163375877,779144.5616226104,5250969.558928337,-53121.65983958212,36.37241007863507,-0.3637520410120487,0.7324243837501854,-0.7244662474840879
2026-04-23 07:34:28.100,3509434.152912362,779144.6460085633,5250969.4611924635,-53126.75841701271,36.311127510974366,-0.1046351483091712,0.8438595291227102,-0.9773587342351675
2026-04-23 07:34:28.200,3509434.115306275,779144.7359711778,5250969.363110355,-53131.88693838295,36.195354974389865,-0.37606087047606707,0.8996261446736753,-0.9808210842311382
2026-04-23 07:34:28.300,3509434.0593013545,779144.8298632661,5250969.324785874,-53136.98117666014,36.38331718514308,-0.5600492050871253,0.9389208827633411,-0.3832448087632656
2026-04-23 07:34:28.400,3509433.986463788,779144.9400670673,5250969.271269684,-53142.080458456134,36.53627415321924,-0.7283756649121642,1.1020380118861794,-0.5351619049906731
2026-04-23 07:34:28.500,3509434.002318305,779145.0475396541,5250969.249623806,-53147.12128592767,36.388156573459575,0.15854516997933388,1.0747258679475635,-0.2164587751030922
2026-04-23 07:34:28.600,3509434.0461563542,779145.1215775646,5250969.226656458,-53152.143973214996,36.1648622960176,0.4383804928511381,0.7403791055548936,-0.22967347875237465
2026-04-23 07:34:28.700,3509434.029087111,779145.2431260707,5250969.296605608,-53157.171555348024,36.31873192444018,-0.17069243360310793,1.215485060820356,0.6994915008544922
2026-04-23 07:34:28.800,3509434.0667463336,779145.3351432937,5250969.256755635,-53162.22531261343,36.298841268765386,0.3765922272577882,0.9201722301077098,-0.39849973283708096
2026-04-23 07:34:28.900,3509434.0703089894,779145.3892292528,5250969.170531678,-53167.30912665529,36.23242109067369,0.035626557655632496,0.5408595909830183,-0.862239571288228
2026-04-23 07:34:29.000,3509434.0694784415,779145.5166261034,5250969.161260992,-53172.36762430947,36.249285805964895,-0.00830547884106636,1.2739685061387718,-0.09270685724914074
2026-04-23 07:34:29.100,3509434.135419849,779145.6666567564,5250969.2383681135,-53177.337976587885,35.96119870556418,0.6594140734523535,1.5003065299242735,0.7710712123662233
2026-04-23 07:34:29.200,3509434.1394660845,779145.7807300463,5250969.283856375,-53182.354510006706,35.992121648373555,0.040462356992065907,1.140732899075374,0.45488261617720127
2026-04-23 07:34:29.300,3509434.171034278,779145.8681390474,5250969.265846009,-53187.36959870775,36.00570249479178,0.3156819334253669,0.87409001076594,-0.18010365776717663
2026-04-23 07:34:29.400,3509434.1799247777,779145.9834866899,5250969.251290796,-53192.419405357825,36.09377782418265,0.08890499826520681,1.1534764245152473,-0.14555213041603565
2026-04-23 07:34:29.500,3509434.163862253,779146.1100936319,5250969.271842776,-53197.456335233626,36.18542428994564,-0.16062524635344744,1.2660694203805178,0.20551979541778564
2026-04-23 07:34:29.600,3509434.1678639213,779146.224339747,5250969.237717113,-53202.50952132857,36.26127905748696,0.040016681887209415,1.1424611508846283,-0.3412566240876913
2026-04-23 07:34:29.700,3509434.183459166,779146.3460625102,5250969.250932576,-53207.5305645084,36.21959888236933,0.15595244709402323,1.217227631714195,0.13215462677180767
2026-04-23 07:34:29.800,3509434.212377182,779146.482897748,5250969.2458677795,-53212.55075499269,36.275283179431156,0.28918016236275434,1.3683523784857243,-0.05064796656370163
2026-04-23 07:34:29.900,3509434.2450711923,779146.6428560003,5250969.2982232645,-53217.53998035911,36.412007803461755,0.3269401006400585,1.5995825233403593,0.5235548503696918
2026-04-23 07:34:30.000,3509434.2286735117,779146.7979166814,5250969.304237093,-53222.57557857393,36.47613231678359,-0.1639768062159419,1.5506068104878068,0.06013828329741955
2026-04-23 07:34:30.100,3509434.260454072,779146.928815111,5250969.32039786,-53227.58955363186,36.71107025646431,0.3178056050091982,1.3089842966292053,0.16160767525434494
2026-04-23 07:34:30.200,3509434.283314357,779147.0751970318,5250969.344455481,-53232.58874855554,37.134471654613534,0.2286028489470482,1.4638192078564316,0.24057620204985142
2026-04-23 07:34:30.300,3509434.284004531,779147.1948290906,5250969.331735151,-53237.63518581638,37.177766436288984,0.006901738233864307,1.1963205877691507,-0.1272032968699932
2026-04-23 07:34:30.400,3509434.2568617724,779147.3042156827,5250969.2762265075,-53242.733987788604,37.25571916394703,-0.2714275848120451,1.0938659205567092,-0.5550864338874817
2026-04-23 07:34:30.500,3509434.2334948718,779147.4194901215,5250969.293677269,-53247.79117778865,37.144830597823045,-0.23366900626569986,1.1527443886734545,0.17450761049985886
2026-04-23 07:34:30.600,3509434.256989964,779147.5482610076,5250969.234848165,-53252.85163391021,37.14491926458747,0.23495092056691647,1.2877088610548526,-0.588291035965085
2026-04-23 07:34:30.700,3509434.271433668,779147.666155615,5250969.146500927,-53257.923197633885,37.21637615719769,0.14443704392760992,1.1789460736326873,-0.8834723755717278
2026-04-23 07:34:30.800,3509434.2771223406,779147.7902689067,5250969.152507085,-53262.9577052448,37.26475357842547,0.056886724196374416,1.2411329173482955,0.06006157957017422
2026-04-23 07:34:30.900,3509434.2696903553,779147.9075419428,5250969.1560806995,-53267.987066840986,37.02452782239566,-0.07431985344737768,1.1727303604129702,0.035736141726374626
2026-04-23 07:34:31.000,3509434.283820109,779148.0057731966,5250969.083263534,-53273.069294301,36.82002008524291,0.14129753690212965,0.9823125379625708,-0.7281716540455818
2026-04-23 07:34:31.100,3509434.288577754,779148.099891044,5250968.997902625,-53278.160554636605,36.34647779351394,0.04757645074278116,0.9411784738767892,-0.8536090888082981
2026-04-23 07:34:31.200,3509434.3026613644,779148.2163961799,5250968.9208553545,-53283.24012324065,36.023750093756725,0.14083610381931067,1.1650513589847833,-0.7704727072268724
2026-04-23 07:34:31.300,3509434.2583821514,779148.3362915505,5250968.817761252,-53288.38051504079,36.084781875348476,-0.44279213063418865,1.1989537067711353,-1.0309410281479359
2026-04-23 07:34:31.400,3509434.2449821024,779148.4689049738,5250968.728920165,-53293.47706399203,36.010634085700744,-0.13400048948824406,1.3261342328041792,-0.8884108625352383
2026-04-23 07:34:31.500,3509434.245213364,779148.5743900185,5250968.682550451,-53298.53254730759,35.73376731958954,0.0023126136511564255,1.0548504465259612,-0.4636971466243267
2026-04-23 07:34:31.600,3509434.235700577,779148.7147775862,5250968.691437823,-53303.57953614622,35.625905732347704,-0.09512786753475666,1.4038756769150496,0.08887371979653835
2026-04-23 07:34:31.700,3509434.2034934866,779148.9052157647,5250968.79040909,-53308.59593448063,35.65736734254972,-0.3220709040760994,1.904381784843281,0.9897126723080873
2026-04-23 07:34:31.800,3509434.2176754656,779149.0946196414,5250968.813991287,-53313.611930903906,35.36528682013376,0.1418197900056839,1.8940387677866966,0.23582196794450283
2026-04-23 07:34:31.900,3509434.182878664,779149.2402086589,5250968.725236098,-53318.70922487066,35.0219422865167,-0.34796801395714283,1.4558901742566377,-0.8875518850982189
2026-04-23 07:34:32.000,3509434.1079741274,779149.3444015291,5250968.560646235,-53323.860426942556,34.74046820791783,-0.749045368283987,1.0419287020340562,-1.6458986327052116
2026-04-23 07:34:32.100,3509434.0579561964,779149.4468476842,5250968.42025817,-53328.988585248895,34.57119463680993,-0.5001793103292584,1.0244615515694022,-1.403880650177598
2026-04-23 07:34:32.200,3509434.0609410047,779149.5829834533,5250968.3720900975,-53334.03719840654,34.313849917613766,0.029848082922399044,1.3613576907664537,-0.4816807247698307
2026-04-23 07:34:32.300,3509434.1465247152,779149.6990226883,5250968.323676449,-53339.06194187787,34.29374629124809,0.8558371057733893,1.1603923502843827,-0.48413648270070553
2026-04-23 07:34:32.400,3509434.130990012,779149.7973947695,5250968.334739728,-53344.09125600626,34.45802175354644,-0.1553470315411687,0.9837208117824048,0.11063278652727604
2026-04-23 07:34:32.500,3509434.1863708408,779149.9003950198,5250968.33547392,-53349.091154730755,34.51589341990112,0.5538082867860794,1.030002502957359,0.00734192319214344
2026-04-23 07:34:32.600,3509434.236420803,779150.0807376521,5250968.427775616,-53354.05152997083,34.488404491930986,0.5004996201023459,1.8034263234585524,0.923016956076026
2026-04-23 07:34:32.700,3509434.328233448,779150.161437442,5250968.428721075,-53359.029694752084,40.29239287000048,0.9181264508515596,0.8069978980347514,0.009454591199755669
2026-04-23 07:34:32.800,3509434.2346775206,779150.3205925458,5250968.398196817,-53364.142422502075,34.79171580855813,-0.9355592727661133,1.5915510384365916,-0.3052425757050514
2026-04-23 07:34:32.900,3509434.1928334963,779150.3859340409,5250968.375026509,-53369.20211239173,34.80207583234452,-0.41844024322927,0.6534149509388953,-0.23170308209955692
2026-04-23 07:34:33.000,3509434.220575625,779150.4785877005,5250968.369677052,-53374.232222460894,34.732486028680675,0.2774212881922722,0.9265365963801742,-0.05349457263946533
2026-04-23 07:34:33.100,3509434.2945313747,779150.4983007321,5250968.220701388,-53379.27522481006,40.52332185345395,0.7395574962720275,0.19713031593710184,-1.4897566381841898
2026-04-23 07:34:33.200,3509434.297914226,779150.605922308,5250968.273201583,-53384.26766022758,40.25357308906192,0.03382851369678974,1.0762157593853772,0.5250019486993551
2026-04-23 07:34:33.300,3509434.360884124,779150.7028545383,5250968.30344925,-53389.25883151,40.00343994322454,0.6296989787369967,0.9693223028443754,0.30247666873037815
2026-04-23 07:34:33.400,3509434.414159341,779150.8123345494,5250968.269166665,-53394.27976451186,39.89576885234188,0.5327521683648229,1.0948001104407012,-0.3428258467465639
2026-04-23 07:34:33.500,3509434.418992587,779150.9393624935,5250968.290880681,-53399.29337444106,39.758472547910316,0.04833246115595102,1.2702794407960027,0.21714015863835812
2026-04-23 07:34:33.600,3509434.3615313782,779151.0711167324,5250968.313691984,-53404.347774377864,39.82095182079025,-0.5746120866388083,1.3175423897337168,0.22811302915215492
2026-04-23 07:34:33.700,3509434.292195205,779151.2185383785,5250968.397083202,-53409.378692768325,40.20640055926697,-0.6933617312461138,1.4742164604831487,0.8339121844619513
2026-04-23 07:34:33.800,3509434.1915098582,779151.3485810925,5250968.442582938,-53414.448716095,40.65564555445351,-1.0068534687161446,1.3004271406680346,0.4549973551183939
2026-04-23 07:34:33.900,3509434.159796518,779151.4381684328,5250968.415158896,-53419.51065491917,41.07515649663063,-0.317133404314518,0.8958734024781734,-0.27424042113125324
2026-04-23 07:34:34.000,3509434.1624399987,779151.5030061925,5250968.456127227,-53424.544549485596,41.604441156156106,0.02643480896949768,0.6483775970991701,0.4096833150833845
2026-04-23 07:34:34.100,3509434.138764311,779151.652389361,5250968.505716943,-53429.59064031083,41.93467360331797,-0.23675687611103058,1.4938316855113953,0.49589715898036957
2026-04-23 07:34:34.200,3509434.0993186124,779151.8152123629,5250968.50144071,-53434.6474296549,41.925260448165155,-0.39445698726922274,1.6282300185412169,-0.04276232793927193
2026-04-23 07:34:34.300,3509434.116085269,779151.9872184334,5250968.469573629,-53439.67846550343,41.91841931449992,0.16766656655818224,1.7200607049744576,-0.3186708129942417
2026-04-23 07:34:34.400,3509434.1517475583,779152.1432466812,5250968.486898174,-53444.67994310042,41.966717793839386,0.3566228924319148,1.5602824778761715,0.17324544489383698
2026-04-23 07:34:34.500,3509434.101792733,779152.283228547,5250968.44690979,-53449.764086519375,41.87577498327471,-0.49954825080931187,1.3998186576645821,-0.39988383650779724
2026-04-23 07:34:34.600,3509434.1066268617,779152.414116734,5250968.437320596,-53454.79628317074,42.04645780128758,0.048341285437345505,1.3088818709366024,-0.09589194320142269
2026-04-23 07:34:34.700,3509432.324511786,779152.8187775128,5250962.638786568,-53463.63619053748,40.697439188688406,-17.82115075737238,4.046607787022367,-57.98534027300775
2026-04-23 07:34:34.800,3509434.0740066604,779152.6378604731,5250968.639529945,-53464.79739261751,43.12491198340769,17.494948743842542,-1.8091703963000327,60.00743377022445
2026-04-23 07:34:34.900,3509432.3285493692,779153.0771193064,5250962.617679096,-53473.77820900238,40.45387635524327,-17.45457291137427,4.39258833299391,-60.218508495017886
2026-04-23 07:34:35.000,3509432.379294107,779153.2095259068,5250962.718328311,-53478.74410391837,40.03456785193559,0.5074473796412349,1.324066004017368,1.0064921528100967
2026-04-23 07:34:35.100,3509432.4389007115,779153.2546399782,5250962.687238601,-53483.75203076128,39.98417652468307,0.5960660427808762,0.45114071341231465,-0.3108971007168293
2026-04-23 07:34:35.200,3509432.492911083,779153.3218582133,5250962.690432878,-53488.75578700074,39.903774384330205,0.540103716775775,0.6721823511179537,0.03194277174770832
2026-04-23 07:34:35.300,3509432.5672354144,779153.3933772417,5250962.674037434,-53493.75548412604,39.565850253982056,0.7432433124631643,0.7151902839541435,-0.16395444050431252
2026-04-23 07:34:35.400,3509432.724967039,779153.4473185092,5250962.621286415,-53498.72831773023,39.198328703046954,1.577316247858107,0.5394126754254103,-0.5275101959705353
2026-04-23 07:34:35.500,3509433.077123648,779153.4583033273,5250962.538244022,-53503.60974224868,48.67202167074961,3.521566088311374,0.10984818101860583,-0.8304239250719547
2026-04-23 07:34:35.600,3509433.0757172457,779153.5290025789,5250962.4312897585,-53508.70942437274,48.61044645701237,-0.014064023271203041,0.7069925160612911,-1.0695426352322102
2026-04-23 07:34:35.700,3509433.0406312156,779153.6065564401,5250962.393718554,-53513.7848590804,49.00727696521218,-0.3508603014051914,0.7755386119242758,-0.3757120482623577
2026-04-23 07:34:35.800,3509433.018221075,779153.7018889382,5250962.382595985,-53518.84026185879,49.19087106797677,-0.22410140372812748,0.9533249808009714,-0.11122568510472775
2026-04-23 07:34:35.900,3509432.976007428,779153.765254844,5250962.339981954,-53523.907913148425,49.36611139675503,-0.422136471606791,0.6336590577848256,-0.42614031583070755
2026-04-23 07:34:36.000,3509433.000791035,779153.8411357336,5250962.215047192,-53529.001434475686,49.08768854163738,0.24783607106655836,0.7588088966440409,-1.2493476178497076
2026-04-23 07:34:36.100,3509433.067339437,779153.9749042924,5250962.220808276,-53534.00827760801,48.573818626420405,0.6654840195551515,1.337685587350279,0.05761084146797657
2026-04-23 07:34:36.200,3509433.1492282194,779154.1076336749,5250962.300722948,-53538.94771164076,48.286965948583386,0.8188878232613206,1.3272938248701394,0.7991467230021954
2026-04-23 07:34:36.300,3509434.8503662846,779153.9731286833,5250967.296792293,-53540.593461647695,38.839259488558746,17.011380651965737,-1.3450499158352613,49.96069344691932
2026-04-23 07:34:36.400,3509434.8314118236,779154.135946602,5250967.327240758,-53545.64111753281,38.91780171284427,-0.18954460974782705,1.6281791869550943,0.30448464676737785
2026-04-23 07:34:36.500,3509434.8174890513,779154.2916000197,5250967.392935349,-53550.6681564239,38.97529767634021,-0.13922772370278835,1.5565341769251972,0.6569459103047848
2026-04-23 07:34:36.600,3509434.8324969625,779154.4169722067,5250967.474901066,-53555.648895123304,39.114975432944185,0.15007911249995232,1.2537218700163066,0.8196571748703718
2026-04-23 07:34:36.700,3509434.8227931494,779154.528380497,5250967.473567996,-53560.67500429493,39.28314694765914,-0.0970381312072277,1.1140829033683985,-0.013330699875950813
2026-04-23 07:34:36.800,3509434.8333367337,779154.628390194,5250967.451257865,-53565.702553600066,39.204790773149085,0.10543584357947111,1.0000969702377915,-0.2231013122946024
2026-04-23 07:34:36.900,3509434.8610280356,779154.7180787676,5250967.5550426785,-53570.6682688703,39.042206874518044,0.2769130188971758,0.8968857361469418,1.0378481354564428
2026-04-23 07:34:37.000,3509434.845851023,779154.8079250725,5250967.524143786,-53575.75575913807,39.12728593726672,-0.1517701242119074,0.8984630485065281,-0.3089889232069254
2026-04-23 07:34:37.100,3509434.893745939,779154.8720766729,5250967.439128814,-53580.830174087976,39.46735946582167,0.4789491556584835,0.6415160035248846,-0.8501497190445662
2026-04-23 07:34:37.200,3509434.930585346,779154.932492236,5250967.414466605,-53585.86209154509,39.53761913734342,0.3683940740302205,0.6041556317359209,-0.24662209674715996
2026-04-23 07:34:37.300,3509434.8971965183,779155.0436229446,5250967.376497654,-53590.94513377685,39.82944704198036,-0.333888279274106,1.1113070859573781,-0.3796895034611225
2026-04-23 07:34:37.400,3509434.878951014,779155.1340377311,5250967.357559312,-53596.012207533604,39.952045021262464,-0.1824550423771143,0.9041478647850454,-0.18938342109322548
2026-04-23 07:34:37.500,3509434.880080521,779155.2434880584,5250967.331844944,-53601.0764190474,40.12239486765771,0.011295070871710777,1.0945032734889537,-0.2571436855942011
2026-04-23 07:34:37.600,3509434.857071401,779155.3494875198,5250967.2570023425,-53606.162131794095,39.9761205476622,-0.23009120021015406,1.059994613751769,-0.7484260108321905
2026-04-23 07:34:37.700,3509434.8318472835,779155.436306815,5250967.166663681,-53611.27890636756,40.01453961758753,-0.25224117562174797,0.8681929518934339,-0.9033866133540869
2026-04-23 07:34:37.800,3509434.838999765,779155.5185497195,5250967.132703666,-53616.33618088879,40.346671464166,0.07152481470257044,0.8224290446378291,-0.3396001551300287
2026-04-23 07:34:37.900,3509434.8313365425,779155.6202886996,5250967.122510128,-53621.34766004553,40.47031724040234,-0.07663222495466471,1.017389801563695,-0.10193537920713425
2026-04-23 07:34:38.000,3509434.8575256737,779155.6798695687,5250967.0440492,-53626.371071102716,40.711312750706746,0.2618913119658828,0.5958086904138327,-0.784609280526638
2026-04-23 07:34:38.100,3509434.882006689,779155.7832341071,5250966.992240566,-53631.39875854405,40.93045545588271,0.24481015279889107,1.0336453840136528,-0.5180863384157419
2026-04-23 07:34:38.200,3509434.8713472034,779155.9297322773,5250966.959776045,-53636.44185378341,41.00561191881785,-0.10659485589712858,1.464981702156365,-0.324645210057497
2026-04-23 07:34:38.300,3509434.883659005,779155.9952159779,5250966.791118377,-53641.55382568243,40.83225160124129,0.1231180178001523,0.6548370060045272,-1.6865766793489456
2026-04-23 07:34:38.400,3509434.9708475475,779156.0473709557,5250966.721111063,-53646.5683808613,40.74362579768306,0.8718854235485196,0.521549778059125,-0.7000731397420168
2026-04-23 07:34:38.500,3509435.0180069874,779156.1646607622,5250966.844022302,-53651.50175171184,40.45771126770947,0.47159439884126186,1.1728980648331344,1.2291123904287815
2026-04-23 07:34:38.600,3509434.965791206,779156.2333363452,5250966.8164102,-53656.5606377829,40.760345671466546,-0.522157815285027,0.6867558299563825,-0.2761210221797228
2026-04-23 07:34:38.700,3509434.94365555,779156.3100810089,5250966.827370845,-53661.603439384395,40.950494241941655,-0.22135655861347914,0.7674466376192868,0.10960645042359829
2026-04-23 07:34:38.800,3509434.979359988,779156.3861650658,5250966.785142581,-53666.63314006964,40.720290765861364,0.35704438108950853,0.7608405686914921,-0.42228263802826405
2026-04-23 07:34:38.900,3509435.047540263,779156.4540283995,5250966.755273496,-53671.62583808394,40.83658597242151,0.6818027468398213,0.6786333373747766,-0.298690851777792
2026-04-23 07:34:39.000,3509435.1322098654,779156.5238450158,5250966.7044070745,-53676.61402251244,40.70053517829637,0.8466960256919265,0.6981661624740809,-0.5086642131209373
2026-04-23 07:34:39.100,3509435.1006064587,779156.6667987764,5250966.680477911,-53681.635622702524,40.48192369894262,-0.316034066490829,1.4295376057270914,-0.23929163813591003
2026-04-23 07:34:39.200,3509435.046800609,779156.8195590272,5250966.671943154,-53686.69288153754,40.53806088740058,-0.5380584951490164,1.5276025084313005,-0.08534756489098072
2026-04-23 07:34:39.300,3509435.032602199,779156.9381689662,5250966.627963221,-53691.72767613374,40.8602866666395,-0.1419841032475233,1.1860993900336325,-0.43979933485388756
2026-04-23 07:34:39.400,3509434.985061526,779157.056137565,5250966.558542338,-53696.81179208027,41.052425359352476,-0.47540673054754734,1.1796859884634614,-0.694208825007081
2026-04-23 07:34:39.500,3509434.9515965153,779157.1758245237,5250966.4384222515,-53701.91391273415,41.196337312749186,-0.33465010579675436,1.1968695861287415,-1.2012008670717478
2026-04-23 07:34:39.600,3509434.9358940776,779157.2981175517,5250966.37717408,-53706.976763196515,41.57417256836219,-0.15702437609434128,1.2229302804917097,-0.6124817114323378
2026-04-23 07:34:39.700,3509434.946068524,779157.4112773028,5250966.359058514,-53711.99572895272,41.902870397798175,0.10174446273595095,1.1315975105389953,-0.18115566112101078
2026-04-23 07:34:39.800,3509434.9484775756,779157.5029934495,5250966.356383424,-53717.003311867,41.968096508486525,0.02409051638096571,0.9171614667866379,-0.026750899851322174
2026-04-23 07:34:39.900,3509434.958535144,779157.6110977592,5250966.340699197,-53722.02852277617,41.8804885818308,0.10057568550109863,1.0810430976562202,-0.1568422745913267
2026-04-23 07:34:40.000,3509434.9709098637,779157.7086753353,5250966.280363735,-53727.0434475945,41.665401426503145,0.12374719604849815,0.9757757605984807,-0.6033546198159456
2026-04-23 07:34:40.100,3509434.9751225333,779157.8399695683,5250966.26093636,-53732.060289431596,41.42518967530073,0.04212669562548399,1.3129423302598298,-0.19427374936640263
2026-04-23 07:34:40.200,3509434.9729357148,779157.9981069117,5250966.211818987,-53737.08917103962,41.20129696742043,-0.02186818514019251,1.5813734335824847,-0.49117373302578926
2026-04-23 07:34:40.300,3509435.3071156004,779157.9242738493,5250965.959664761,-53741.993008638674,49.41843413589671,3.341798856854439,-0.7383306231349707,-2.521542254835367
2026-04-23 07:34:40.400,3509435.3348337607,779158.0539690526,5250965.907624973,-53747.01013065607,49.58449414147858,0.27718160301446915,1.2969520327169448,-0.5203978810459375
2026-04-23 07:34:40.500,3509435.324368473,779158.1710693985,5250965.846446433,-53752.041356668626,49.48232136746331,-0.104652876034379,1.171003459021449,-0.6117853987962008
2026-04-23 07:34:40.600,3509435.3263371233,779158.2793407778,5250965.753297004,-53757.09166008587,49.49374925383537,0.0196865014731884,1.08271379256621,-0.9314942918717861
2026-04-23 07:34:40.700,3509435.298760044,779158.3921691403,5250965.624105627,-53762.16811561239,49.16776188833434,-0.27577079366892576,1.1282836250029504,-1.2919137720018625
2026-04-23 07:34:40.800,3509435.3394729504,779158.491919271,5250965.569417438,-53767.17129973739,49.219405618506,0.40712906513363123,0.9975013067014515,-0.5468818917870522
2026-04-23 07:34:40.900,3509435.3731117244,779158.5980046962,5250965.523625046,-53772.1792588814,49.18828590059408,0.3363877395167947,1.0608542524278164,-0.45792391523718834
2026-04-23 07:34:41.000,3509435.36823896,779158.7102824966,5250965.471566388,-53777.23001075284,49.292919867095854,-0.048727644607424736,1.122778004501015,-0.5205865763127804
2026-04-23 07:34:41.100,3509435.3879625704,779158.8277335225,5250965.507260826,-53782.20126644147,49.40934738338942,0.1972361048683524,1.1745102587155998,0.3569443803280592
2026-04-23 07:34:41.200,3509435.4093901613,779158.9459280258,5250965.514657638,-53787.18981545115,49.5773714277956,0.21427590865641832,1.181945032440126,0.07396811619400978
2026-04-23 07:34:41.300,3509435.4470433365,779159.0165803187,5250965.41158543,-53792.23705835183,49.703467850476315,0.3765317518264055,0.7065229292493314,-1.0307220835238695
2026-04-23 07:34:41.400,3509435.4614056633,779159.0674467402,5250965.281218918,-53797.306555135016,49.67180187014232,0.14362326823174953,0.5086642154492438,-1.303665116429329
2026-04-23 07:34:41.500,3509435.584158587,779159.077156261,5250965.228073701,-53802.30155599499,49.95084354816045,1.2275292351841927,0.09709520731121302,-0.5314521677792072
2026-04-23 07:34:41.600,3509435.65694716,779159.1245747206,5250965.159760973,-53807.30693888509,49.67194525802906,0.727885733358562,0.4741845966782421,-0.6831272784620523
2026-04-23 07:34:41.700,3509435.725179957,779159.1783572828,5250965.144176104,-53812.29263469865,49.78599856488008,0.6823279708623886,0.5378256214316934,-0.1558486931025982
2026-04-23 07:34:41.800,3509435.777819585,779159.2783219552,5250965.187991265,-53817.27580392652,49.900926143503156,0.5263962782919407,0.9996467246674001,0.4381516110152006
2026-04-23 07:34:41.900,3509435.8095341465,779159.3735585253,5250965.16897193,-53822.29556280321,49.73295652646519,0.3171456139534712,0.9523657010868192,-0.19019335508346558
2026-04-23 07:34:42.000,3509435.8507693796,779159.4679936639,5250965.14271153,-53827.299583853885,49.578547582397235,0.41235233191400766,0.9443513851147145,-0.26260399259626865
2026-04-23 07:34:42.100,3509435.948831377,779159.5224253457,5250965.130897123,-53832.26789659558,49.52696532515754,0.9806199744343758,0.5443168187048286,-0.1181440707296133
2026-04-23 07:34:42.200,3509436.0300459242,779159.5624929317,5250965.085977489,-53837.262686854796,49.78912775819889,0.812145471572876,0.40067586000077426,-0.44919634237885475
2026-04-23 07:34:42.300,3509435.608603621,779160.0225165925,5250965.46169756,-53842.41764059292,42.12274482643972,-4.214423033408821,4.600236607948318,3.7572007067501545
2026-04-23 07:34:42.400,3509435.682038478,779160.1429661893,5250965.496598532,-53847.397342478216,41.9889898877839,0.7343485718593001,1.2044959678314626,0.3490097261965275
2026-04-23 07:34:42.500,3509435.7485896144,779160.1974090412,5250965.565329506,-53852.36199526995,41.7746446176132,0.6655113631859422,0.5444285192061216,0.6873097363859415
2026-04-23 07:34:42.600,3509435.8740640953,779160.2006232346,5250965.512522636,-53857.32933972562,41.56098729613446,1.2547448091208935,0.03214193391613662,-0.5280687008053064
2026-04-23 07:34:42.700,3509435.9607746066,779160.232812608,5250965.4248760985,-53862.35348288576,41.210006383366284,0.8671051124110818,0.3218937339261174,-0.8764653746038675
2026-04-23 07:34:42.800,3509436.0148834903,779160.279375798,5250965.40899267,-53867.36205185086,40.96380086620525,0.5410888371989131,0.46563189942389727,-0.1588342897593975
2026-04-23 07:34:42.900,3509436.0806448385,779160.3252333886,5250965.434903122,-53872.34748597535,40.906839487717654,0.6576134823262691,0.4585759062319994,0.25910452008247375
2026-04-23 07:34:43.000,3509436.168557301,779160.3601045288,5250965.370506806,-53877.33084492338,41.167068125782954,0.8791246265172958,0.3487114026211202,-0.6439631525427103
2026-04-23 07:34:43.100,3509436.229790817,779160.3626405358,5250965.325809739,-53882.36311268716,41.336296609196324,0.6123351585119963,0.025360069703310728,-0.4469706770032644
2026-04-23 07:34:43.200,3509436.2897636667,779160.3517552058,5250965.291749711,-53887.386982041935,41.59336819327174,0.5997284967452288,-0.10885330033488572,-0.34060027450323105
2026-04-23 07:34:43.300,3509436.3687065253,779160.3594968006,5250965.312370989,-53892.37532835893,41.85291878309124,0.789428586140275,0.07741594803519547,0.20621277391910553
2026-04-23 07:34:43.400,3509436.4957945608,779160.3761801198,5250965.406794281,-53897.31212724931,41.83330101096721,1.2708803545683622,0.1668331923428923,0.9442329220473766
2026-04-23 07:34:43.500,3509436.560653833,779160.3624296391,5250965.447234064,-53902.27125293089,42.13890636102655,0.6485927244648337,-0.1375048072077334,0.40439783595502377
2026-04-23 07:34:43.600,3509436.6152094244,779160.4054345976,5250965.425093042,-53907.278152187355,42.75732563974239,0.5455559119582176,0.4300495854113251,-0.22141022607684135
2026-04-23 07:34:43.700,3509436.723643333,779160.4056759434,5250965.38046585,-53912.264797852804,42.94564822322437,1.0843390878289938,0.0024134572595357895,-0.4462719149887562
2026-04-23 07:34:43.800,3509436.8361693705,779160.3714498536,5250965.3723576795,-53917.25943882823,42.770027240293224,1.125260372646153,-0.3422608971595764,-0.08108170703053474
2026-04-23 07:34:43.900,3509436.9811406448,779160.3149664354,5250965.356569976,-53922.235179485724,42.641152301491005,1.4497127430513501,-0.564834182150662,-0.15787703916430473
2026-04-23 07:34:44.000,3509437.7362548234,779159.770796619,5250964.839439396,-53927.02272330103,50.08880994051576,7.551141786389053,-5.441698164213449,-5.171305797994137
2026-04-23 07:34:44.100,3509437.133135985,779160.2483425987,5250965.374491289,-53932.18503887084,41.913314804996986,-6.031188382767141,4.775459796655923,5.350518934428692
2026-04-23 07:34:44.200,3509437.174678553,779160.2373997478,5250965.299059594,-53937.20247328602,41.80000046685058,0.41542567778378725,-0.1094285084400326,-0.7543169520795345
2026-04-23 07:34:44.300,3509437.285474728,779160.2277831789,5250965.2878191685,-53942.16471558538,42.197972575907094,1.1079617496579885,-0.09616568917408586,-0.11240425519645214
2026-04-23 07:34:44.400,3509437.4015952838,779160.237716567,5250965.328319807,-53947.13485228611,42.46214615407238,1.1612055590376258,0.09933388093486428,0.405006380751729
2026-04-23 07:34:44.500,3509438.0297554303,779159.8287641738,5250964.879254348,-53951.96125053374,50.92535711735731,6.281601465307176,-4.0895239321980625,-4.490654589608312
2026-04-23 07:34:44.600,3509438.002149756,779159.8715252496,5250964.7873268705,-53957.04726695512,51.73211656469059,-0.2760567422956228,0.42761075776070356,-0.9192747715860605
2026-04-23 07:34:44.700,3509438.050003309,779159.8187781059,5250964.711288846,-53962.088055884,51.862086961776114,0.47853552736341953,-0.5274714366532862,-0.7603802438825369
2026-04-23 07:34:44.800,3509438.0893001272,779159.7364679957,5250964.616448453,-53967.13554864314,51.82508276201402,0.3929681843146682,-0.8231011021416634,-0.9484039340168238
2026-04-23 07:34:44.900,3509438.1425232375,779159.6773552743,5250964.579735969,-53972.15234614246,51.94403883239737,0.5322311026975513,-0.5911272135563195,-0.3671248350292444
2026-04-23 07:34:45.000,3509438.241560941,779159.625344202,5250964.483073646,-53977.19401017708,52.360220553947,0.9903770359233022,-0.5201107228640467,-0.9666232299059629
2026-04-23 07:34:45.100,3509438.348071424,779159.602657997,5250964.3877122635,-53982.20485407532,52.21075323954746,1.065104827284813,-0.2268620498944074,-0.9536138270050287
2026-04-23 07:34:45.200,3509438.412951629,779159.6112717879,5250964.345662292,-53987.212917622215,51.80881672492897,0.6488020531833172,0.08613790851086378,-0.4204997140914202
2026-04-23 07:34:45.300,3509438.4769962556,779159.6065167313,5250964.343234828,-53992.2320598448,51.98386629767758,0.6404462642967701,-0.04755056579597294,-0.024274643510580063
2026-04-23 07:34:45.400,3509438.573678469,779159.5861432317,5250964.301248068,-53997.225317122015,51.917774868261425,0.9668221324682236,-0.20373499603010714,-0.4198675975203514
2026-04-23 07:34:45.500,3509438.6500850813,779159.5731416015,5250964.266907533,-54002.24287300802,51.54120377582325,0.764066125266254,-0.130016301991418,-0.34340535290539265
2026-04-23 07:34:45.600,3509438.7120780023,779159.5281672651,5250964.216189989,-54007.26872205514,51.39181255409959,0.6199292093515396,-0.4497433640062809,-0.50717543810606
2026-04-23 07:34:45.700,3509438.7628396424,779159.4907010875,5250964.122558538,-54012.29474964054,51.218600862284326,0.507616400718689,-0.3746617760043591,-0.9363145101815462
2026-04-23 07:34:45.800,3509438.787758405,779159.4722130183,5250963.936490054,-54017.39634656473,50.811869340193624,0.24918762501329184,-0.18488069181330502,-1.8606848362833261
2026-04-23 07:34:45.900,3509438.8073787326,779159.4563083287,5250963.7504443405,-54022.49639030633,50.615807474434675,0.1962032774463296,-0.1590468967333436,-1.8604571372270584
2026-04-23 07:34:46.000,3509438.866517597,779159.4238066538,5250963.610968033,-54027.55646579783,50.30520572054992,0.5913886427879333,-0.32501674839295447,-1.3947630766779184
2026-04-23 07:34:46.100,3509438.8817853834,779159.3715331629,5250963.483663838,-54032.60765156249,50.02877042325278,0.1526778656989336,-0.5227349093183875,-1.273041944950819
2026-04-23 07:34:46.200,3509438.939864108,779159.3190568797,5250963.315904216,-54037.67809691411,49.87589421949205,0.5807872442528605,-0.5247628316283226,-1.6775962244719267
2026-04-23 07:34:46.300,3509439.0334226363,779159.2656896097,5250963.208069575,-54042.71972754892,50.295382503268726,0.9355852846056223,-0.5336727004032582,-1.0783464089035988
2026-04-23 07:34:46.400,3509439.1193811786,779159.2244646183,5250963.093754201,-54047.74444496129,50.643339862447725,0.8595854230225086,-0.4122499143704772,-1.1431537382304668
2026-04-23 07:34:46.500,3509439.1675387314,779159.1908125695,5250963.018152017,-54052.77298172133,50.882997475209166,0.481575527228415,-0.33652048790827394,-0.7560218404978514
2026-04-23 07:34:46.600,3509439.224157244,779159.121697831,5250962.918702738,-54057.80282541728,50.94561463984441,0.566185126081109,-0.6911473849322647,-0.9944927878677845
2026-04-23 07:34:46.700,3509439.2718725265,779159.0474803634,5250962.757760043,-54062.87109974089,51.174659870860445,0.47715282533317804,-0.7421746756881475,-1.6094269510358572
2026-04-23 07:34:46.800,3509439.3260751297,779159.0197736743,5250962.6176563315,-54067.93768656402,51.199197274444316,0.5420260317623615,-0.27706689084880054,-1.4010371174663305
2026-04-23 07:34:46.900,3509439.4280990465,779158.9981901622,5250962.534955539,-54072.95481089083,51.15291259531049,1.0202391678467393,-0.21583512076176703,-0.8270079270005226
2026-04-23 07:34:47.000,3509439.5302473186,779158.96270913,5250962.481367268,-54077.94771717597,51.2006493635969,1.0214827209711075,-0.3548103221692145,-0.5358827114105225
2026-04-23 07:34:47.100,3509439.5824050233,779158.9211287283,5250962.366048664,-54083.01046442452,51.03536979333332,0.5215770471841097,-0.4158040171023458,-1.1531860381364822
2026-04-23 07:34:47.200,3509439.571922429,779158.8496510512,5250962.170739296,-54088.12850452362,51.45652085892199,-0.1048259437084198,-0.7147767709102482,-1.9530936796218157
2026-04-23 07:34:47.300,3509439.6028384618,779158.7243293853,5250962.123056882,-54093.119651114575,53.231547059195485,0.3091603284701705,-1.2532166589517146,-0.4768241383135319
2026-04-23 07:34:47.400,3509439.641123418,779158.6402450205,5250962.129355093,-54098.07397901884,54.49223642146942,0.38284956477582455,-0.8408436481840909,0.0629821140319109
2026-04-23 07:34:47.500,3509439.6402657456,779158.5729746753,5250961.963696555,-54103.149845698244,55.218906071934725,-0.008576726540923119,-0.6727034517098218,-1.656585382297635
2026-04-23 07:34:47.600,3509439.7332938956,779158.5226889184,5250961.837139984,-54108.177684751296,55.58668869285374,0.9302815003320575,-0.5028575693722814,-1.2655657157301903
2026-04-23 07:34:47.700,3509439.8588474086,779158.5219921326,5250961.810747881,-54113.15518640074,55.76259380973263,1.2555351294577122,-0.006967857480049133,-0.26392102241516113
2026-04-23 07:34:47.800,3509439.94267369,779158.4762810275,5250961.731720459,-54118.14084000655,56.14945193368436,0.8382628159597516,-0.45711105107329786,-0.7902742270380259
2026-04-23 07:34:47.900,3509440.026891995,779158.4681984294,5250961.6846777955,-54123.1481661992,55.93486245683414,0.842183050699532,-0.08082598098553717,-0.470426632091403
2026-04-23 07:34:48.000,3509440.129845201,779158.4484239266,5250961.696859551,-54128.10858972916,55.65904396893872,1.0295320581644773,-0.19774502841755748,0.12181755155324936
2026-04-23 07:34:48.100,3509440.281458211,779158.4187571398,5250961.733853696,-54133.03476899025,55.358742344445055,1.5161301009356976,-0.2966678678058088,0.3699414525181055
2026-04-23 07:34:48.200,3509440.4432509923,779158.4011813723,5250961.747599361,-54137.96395449178,55.33409212831357,1.6179278120398521,-0.17575767473317683,0.13745665550231934
2026-04-23 07:34:48.300,3509439.792254789,779158.9396717644,5250962.386207242,-54143.12755279686,47.36590487855127,-6.509962035343051,5.384903920348734,6.386078801006079
2026-04-23 07:34:48.400,3509439.9407480177,779158.9291140382,5250962.351511019,-54148.11061565722,47.49749394070984,1.4849322894588113,-0.10557726141996682,-0.3469622228294611
2026-04-23 07:34:48.500,3509440.000720937,779158.9361207271,5250962.314208102,-54153.12561236262,47.29238068846943,0.5997291905805469,0.07006688858382404,-0.3730291686952114
2026-04-23 07:34:48.600,3509440.078945887,779158.9627981572,5250962.394293871,-54158.07819194385,46.981662825026966,0.7822495000436902,0.26677430141717196,0.8008576836436987
2026-04-23 07:34:48.700,3509440.2149103913,779158.9740218495,5250962.380001467,-54163.027030453,46.557515888842495,1.3596450444310904,0.11223692214116454,-0.14292404055595398
2026-04-23 07:34:48.800,3509440.3337315796,779159.0013047818,5250962.322483228,-54168.01133349649,45.92531348453557,1.188211883418262,0.2728293230757117,-0.5751823913305998
2026-04-23 07:34:48.900,3509440.441074462,779159.0174672294,5250962.331041567,-54172.97910995898,45.256199665749904,1.0734288254752755,0.161624476313591,0.08558339439332485
2026-04-23 07:34:49.000,3509440.561603635,779159.0366916582,5250962.370538444,-54177.94353862033,45.20916688613038,1.2052917294204235,0.19224428804591298,0.3949687723070383
2026-04-23 07:34:49.100,3509440.6563182115,779159.074049081,5250962.3948485935,-54182.92004324759,45.152124502949846,0.947145763784647,0.37357422756031156,0.24310149252414703
2026-04-23 07:34:49.200,3509440.750450151,779159.0595729081,5250962.374089346,-54187.94255880934,44.95756642885783,0.9413193957880139,-0.14476172858849168,-0.20759247243404388
2026-04-23 07:34:49.300,3509440.8577828924,779159.0611367185,5250962.422960015,-54192.91216635623,45.41041626334117,1.0733274137601256,0.015638103941455483,0.4887066874653101
2026-04-23 07:34:49.400,3509440.9904260323,779159.0687164709,5250962.44621203,-54197.87522058644,45.587512234579464,1.3264313992112875,0.07579752360470593,0.23252015002071857
2026-04-23 07:34:49.500,3509440.9905663626,779159.0384266793,5250962.3535279045,-54202.94623967681,45.641298359799485,0.0014033028855919838,-0.3028979152441025,-0.9268412552773952
2026-04-23 07:34:49.600,3509440.951007313,779159.0118121348,5250962.215856717,-54208.03928132236,45.386843351242014,-0.39559049531817436,-0.26614544563926756,-1.3767118752002716
2026-04-23 07:34:49.700,3509441.0106130526,779159.037775646,5250962.218010641,-54213.03859080697,45.15733210750407,0.5960573954507709,0.25963511201553047,0.02153923735022545
2026-04-23 07:34:49.800,3509441.067078645,779159.0387594705,5250962.162653031,-54218.060511815,45.08113135127701,0.5646559223532677,0.009838244877755642,-0.553576098755002
2026-04-23 07:34:49.900,3509441.1557563175,779159.0505783047,5250962.180237642,-54223.03597729208,45.023610828039544,0.886776726692915,0.11818834231235087,0.17584610730409622
2026-04-23 07:34:50.000,3509441.296513564,779159.0557131859,5250962.28644726,-54227.9433210584,44.952371430943565,1.4075724640861154,0.05134881241247058,1.0620961803942919
2026-04-23 07:34:50.100,3509441.4139280943,779159.0606084134,5250962.34037903,-54232.894841051,44.84947855109851,1.1741453036665916,0.048952274955809116,0.5393177084624767
2026-04-23 07:34:50.200,3509439.8090741937,779159.1196951024,5250956.460163355,-54241.62789292755,43.28354280902239,-16.04853900615126,0.590866890270263,-58.80215675570071
2026-04-23 07:34:50.300,3509441.528735694,779159.0745949142,5250962.524640813,-54242.754834356136,45.13830112605273,17.196615003049374,-0.45100188232026994,60.64477457664907
2026-04-23 07:34:50.400,3509441.5741869956,779159.0974254869,5250962.414864467,-54247.80652132914,45.12268145947738,0.45451301615685225,0.22830572677776217,-1.0977634508162737
2026-04-23 07:34:50.500,3509440.010528669,779159.2084430566,5250956.370075078,-54256.615076630515,42.67317786094419,-15.636583263985813,1.1101756966672838,-60.44789389707148
2026-04-23 07:34:50.600,3509440.128992406,779159.2242039681,5250956.394725895,-54261.55819062592,42.24493721702065,1.1846373695880175,0.15760911512188613,0.24650816805660725
2026-04-23 07:34:50.700,3509440.2906002197,779159.2244537738,5250956.407932374,-54266.48546731521,42.01534302995178,1.6160781355574727,0.0024980574380606413,0.13206479139626026
2026-04-23 07:34:50.800,3509440.3114137435,779159.3134751983,5250956.364145151,-54271.523010006764,42.09771024827991,0.20813523791730404,0.89021424530074,-0.4378722235560417
2026-04-23 07:34:50.900,3509440.395998802,779159.3163219468,5250956.284225557,-54276.54201355589,42.19319833190174,0.8458505850285292,0.028467484517022967,-0.7991959434002638
2026-04-23 07:34:51.000,3509440.491036961,779159.3427314833,5250956.283707682,-54281.50720267713,41.72245179055259,0.950381588190794,0.26409536483697593,-0.0051787495613098145
2026-04-23 07:34:51.100,3509440.550917357,779159.3807319492,5250956.1704430105,-54286.555393726376,41.856063550803825,0.5988039635121822,0.38000465952791274,-1.1326467152684927
2026-04-23 07:34:51.200,3509440.586442185,779159.3237491953,5250955.957172991,-54291.64036592114,41.799453709468104,0.35524827893823385,-0.5698275391478091,-2.1327001973986626
2026-04-23 07:34:51.300,3509440.6755987443,779159.2699128102,5250955.886496837,-54296.649546711196,41.50412746164509,0.8915655920282006,-0.5383638513740152,-0.7067615352571011
2026-04-23 07:34:51.400,3509440.775498987,779159.2540734399,5250955.858413849,-54301.63101564875,41.06167842685656,0.9990024287253618,-0.15839370316825807,-0.2808298822492361
2026-04-23 07:34:51.500,3509440.8601078116,779159.2425720028,5250955.83110353,-54306.60572539125,40.51775134298991,0.8460882445797324,-0.11501437053084373,-0.27310319244861603
2026-04-23 07:34:51.600,3509440.9756400855,779159.2171945941,5250955.834262548,-54311.59609426695,39.98058649915762,1.1553227389231324,-0.25377408717758954,0.03159018233418465
2026-04-23 07:34:51.700,3509441.0565004647,779159.2222716608,5250955.76827184,-54316.617131204126,39.79143939748029,0.8086037915199995,0.050770667148754,-0.6599070783704519
2026-04-23 07:34:51.800,3509441.1790023227,779159.2074111894,5250955.72991402,-54321.58837103879,39.77772717472828,1.2250185804441571,-0.1486047136131674,-0.38357820361852646
2026-04-23 07:34:51.900,3509441.2871471643,779159.2370613094,5250955.719413611,-54326.56527152146,39.74252922615396,1.0814484162256122,0.2965011994820088,-0.10500408709049225
2026-04-23 07:34:52.000,3509441.3556241337,779159.2656329658,5250955.650135909,-54331.561279926565,39.95007678952902,0.684769693762064,0.28571656439453363,-0.6927770189940929
2026-04-23 07:34:52.100,3509441.452406978,779159.2327256518,5250955.655761624,-54336.500420973935,39.682811003092205,0.9678284404799342,-0.32907314016483724,0.05625714547932148
2026-04-23 07:34:52.200,3509441.5424182564,779159.1959791229,5250955.616837924,-54341.48655279395,39.54890605571816,0.9001127863302827,-0.36746528930962086,-0.3892369940876961
2026-04-23 07:34:52.300,3509441.614757182,779159.13476218,5250955.503571999,-54346.530783024195,39.556100548967414,0.7233892567455769,-0.6121694284956902,-1.132659250870347
2026-04-23 07:34:52.400,3509441.66596541,779159.114268034,5250955.358918414,-54351.611000443285,39.63380690555532,0.5120822787284851,-0.2049414603970945,-1.446535848081112
2026-04-23 07:34:52.500,3509441.6893272623,779159.1006029008,5250955.233938562,-54356.68674433738,39.78681505797698,0.23361852392554283,-0.13665133155882359,-1.2497985269874334
2026-04-23 07:34:52.600,3509441.745823079,779159.0711818924,5250955.211206368,-54361.685880765304,39.60148611347381,0.5649581644684076,-0.29421008424833417,-0.2273219358175993
2026-04-23 07:34:52.700,3509441.842387738,779159.0319265733,5250955.122582892,-54366.68870427238,39.558233530955775,0.9656465938314795,-0.3925531916320324,-0.886234762147069
2026-04-23 07:34:52.800,3509441.9562956174,779159.011622685,5250955.111401158,-54371.66946526966,39.58649310932354,1.1390787921845913,-0.20303888246417046,-0.11181733570992947
2026-04-23 07:34:52.900,3509442.080173386,779159.0214334963,5250955.050510622,-54376.67284737042,39.78471228671283,1.2387776840478182,0.09810811257921159,-0.6089053675532341
2026-04-23 07:34:53.000,3509442.1450128253,779159.0300976274,5250955.00929109,-54381.70476565122,39.74887259739767,0.6483943946659565,0.08664131164550781,-0.41219531558454037
2026-04-23 07:34:53.100,3509442.253191471,779159.0330999591,5250955.048388713,-54386.65387264755,39.83306498132289,1.0817864583805203,0.030023317085579038,0.39097622968256474
2026-04-23 07:34:53.200,3509442.3939545318,779159.0510043383,5250955.1650585495,-54391.5651043735,39.836095154774775,1.4076306065544486,0.17904379172250628,1.1666983645409346
2026-04-23 07:34:53.300,3509442.49232284,779159.0411468524,5250955.196015508,-54396.52031820481,40.36711763782741,0.9836830804124475,-0.09857485885731876,0.30956958420574665
2026-04-23 07:34:53.400,3509442.5521464427,779159.0273002483,5250955.159331358,-54401.48934931498,40.633933545913024,0.5982360290363431,-0.13846604153513908,-0.36684149876236916
2026-04-23 07:34:53.500,3509442.6302026743,779158.986903866,5250955.053398653,-54406.51744549328,40.73131325392118,0.7805623160675168,-0.4039638221729547,-1.0593270510435104
2026-04-23 07:34:53.600,3509442.741618815,779158.956398877,5250954.989282695,-54411.504712750764,40.59677408495223,1.114161405712366,-0.30504989088512957,-0.6411595828831196
2026-04-23 07:34:53.700,3509442.843900056,779158.9700850449,5250954.999170627,-54416.4452406386,40.51533543136794,1.0228124121204019,0.13686167891137302,0.09887932799756527
2026-04-23 07:34:53.800,3509442.947382096,779158.9732231649,5250954.978720098,-54421.41995507723,40.66296029464992,1.034820401109755,0.03138120053336024,-0.20450529642403126
2026-04-23 07:34:53.900,3509442.9692651406,779158.9875565664,5250954.93957,-54426.41310606431,40.92636917631595,0.218830443918705,0.1433340145740658,-0.3915009740740061
2026-04-23 07:34:54.000,3509443.0361388135,779158.9792065232,5250954.751982168,-54431.480943233924,40.957654761397386,0.6687367288395762,-0.0835004320833832,-1.8758783210068941
2026-04-23 07:34:54.100,3509443.106270955,779158.9655445581,5250954.598703521,-54436.553921281746,40.96747740240771,0.7013214146718383,-0.1366196502931416,-1.5327864699065685
2026-04-23 07:34:54.200,3509443.1588938646,779158.9414190399,5250954.474408138,-54441.60575268743,41.36284158564272,0.5262290965765715,-0.24125518277287483,-1.2429538369178772
2026-04-23 07:34:54.300,3509443.2004594696,779158.8975341115,5250954.352664035,-54446.649060389645,41.8003188804315,0.41565604973584414,-0.43884928338229656,-1.217441027984023
2026-04-23 07:34:54.400,3509443.2977531417,779158.8624729395,5250954.212362042,-54451.69786545823,42.19243761600317,0.9729367215186357,-0.35061171976849437,-1.4030199311673641
2026-04-23 07:34:54.500,3509443.396698326,779158.8402529799,5250954.18009881,-54456.65833585939,42.32591375881448,0.9894518414512277,-0.22219959646463394,-0.32263231463730335
2026-04-23 07:34:54.600,3509443.4688901454,779158.8230051895,5250954.180098821,-54461.60244659102,42.28554838830202,0.7219181954860687,-0.17247790354304016,1.1175870895385742e-07
2026-04-23 07:34:54.700,3509443.480179321,779158.8122313907,5250954.165411496,-54466.599725979664,35.12685804069692,0.11289175599813461,-0.10773798800073564,-0.14687325805425644
2026-04-23 07:34:54.800,3509443.5002320665,779158.7909137766,5250954.163426839,-54471.5800407067,35.05030768012656,0.200527454726398,-0.2131761412601918,-0.019846567884087563
2026-04-23 07:34:54.900,3509443.5349857686,779158.762078305,5250954.128099305,-54476.59182603104,35.032522517816076,0.34753702115267515,-0.2883547160308808,-0.35327534191310406
2026-04-23 07:34:55.000,3509443.5713570314,779158.733072795,5250954.045667929,-54481.611004891085,35.18262861516254,0.363712627440691,-0.29005510034039617,-0.824313759803772
2026-04-23 07:34:55.100,3509443.6463261703,779158.7216225215,5250954.064604707,-54486.60531630458,35.14299176995023,0.7496913895010948,-0.1145027345046401,0.18936778418719769
2026-04-23 07:34:55.200,3509443.773500479,779158.7264475225,5250954.051858425,-54491.564296001,34.81983352170867,1.2717430852353573,0.048250010004267097,-0.12746281921863556
2026-04-23 07:34:55.300,3509443.9051690237,779158.7692257178,5250953.951884294,-54496.5714626521,34.64525437002934,1.3166854484006763,0.42778195231221616,-0.9997413121163845
2026-04-23 07:34:55.400,3509443.9473903403,779158.7955980902,5250953.949041561,-54501.564136844565,34.62525058427123,0.4222131660208106,0.2637237240560353,-0.028427327051758766
2026-04-23 07:34:55.500,3509444.011561031,779158.7569980506,5250953.900980975,-54506.6069041128,34.31941514316775,0.6417069071903825,-0.3860003955196589,-0.4806058667600155
2026-04-23 07:34:55.600,3509444.085938943,779158.7238553636,5250953.893620196,-54511.600764486066,34.26174468434613,0.7437791209667921,-0.3314268705435097,-0.07360778748989105
2026-04-23 07:34:55.700,3509444.1311977366,779158.7276242343,5250953.780584534,-54516.66309284801,34.695835061219604,0.45258793514221907,0.037688707234337926,-1.1303566209971905
2026-04-23 07:34:55.800,3509444.1828639056,779158.7337331498,5250953.746866149,-54521.67845513807,34.97517045025982,0.5166616896167397,0.061089155497029424,-0.3371838480234146
2026-04-23 07:34:55.900,3509444.2559628948,779158.6904832101,5250953.725800894,-54526.66500091298,35.21462697983275,0.7309898920357227,-0.432499396847561,-0.2106525469571352
2026-04-23 07:34:56.000,3509444.353307334,779158.7096531036,5250953.733118576,-54531.61985809103,35.20499748997347,0.9734443901106715,0.1916989346500486,0.07317681796848774
2026-04-23 07:34:56.100,3509444.4405343444,779158.7334885943,5250953.708020601,-54536.59893946611,35.30740300613298,0.8722701063379645,0.23835490690544248,-0.25097974576056004
2026-04-23 07:34:56.200,3509444.4969363934,779158.7399191946,5250953.5801195605,-54541.62755755236,35.275169928464045,0.5640204902738333,0.06430600304156542,-1.279010409489274
2026-04-23 07:34:56.300,3509444.494119382,779158.7186435582,5250953.549783881,-54546.631247005935,35.557985387749035,-0.028170114383101463,-0.21275636390782893,-0.303356796503067
2026-04-23 07:34:56.400,3509444.507934042,779158.6691746794,5250953.514830505,-54551.639377810105,35.948284195879445,0.13814659789204597,-0.4946887877304107,-0.3495337627828121
2026-04-23 07:34:56.500,3509444.5732335653,779158.6176036922,5250953.475710841,-54556.6333531518,36.14707810261835,0.652995235286653,-0.5157098721247166,-0.39119663648307323
2026-04-23 07:34:56.600,3509444.6727100117,779158.5993473002,5250953.424387847,-54561.62371971198,36.245163652031025,0.9947644639760256,-0.18256391980685294,-0.513229938223958
2026-04-23 07:34:56.700,3509444.813172174,779158.5672591176,5250953.402516254,-54566.58559642019,35.945452377542885,1.4046216243878007,-0.3208818263374269,-0.21871592849493027
2026-04-23 07:34:56.800,3509444.883498448,779158.5376701859,5250953.330111055,-54571.603385075854,35.8836629834993,0.7032627379521728,-0.2958893170580268,-0.724051995202899
2026-04-23 07:34:56.900,3509444.9078041776,779158.5187408206,5250953.283491656,-54576.61414586534,35.81448621304639,0.24305729661136866,-0.18929365323856473,-0.4661939851939678
2026-04-23 07:34:57.000,3509444.948875742,779158.4618221205,5250953.203256504,-54581.64527943575,36.143801913134546,0.4107156442478299,-0.5691870010923594,-0.8023515250533819
2026-04-23 07:34:57.100,3509444.96363683,779158.4334907354,5250953.123600153,-54586.69021701308,36.353054831894454,0.14761087950319052,-0.28331385110504925,-0.7965635042637587
2026-04-23 07:34:57.200,3509445.034603334,779158.4043199352,5250953.022907188,-54591.719891671324,36.6248493915142,0.7096650404855609,-0.29170800116844475,-1.006929650902748
2026-04-23 07:34:57.300,3509445.11420432,779158.3544500945,5250953.0306808585,-54596.68661800871,36.529617548314555,0.796009860932827,-0.49869840731844306,0.07773670367896557
2026-04-23 07:34:57.400,3509445.205492726,779158.218718433,5250953.017912011,-54601.65682192534,36.41237750786388,0.9128840593621135,-1.3573166145943105,-0.1276884786784649
2026-04-23 07:34:57.500,3509445.22610383,779158.1078008782,5250953.006288805,-54606.6715081094,36.29196713230723,0.2061110408976674,-1.109175548190251,-0.11623205617070198
2026-04-23 07:34:57.600,3509445.271211255,779157.9991115502,5250952.993328753,-54611.655397601084,36.260570320210945,0.4510742472484708,-1.0868932807352394,-0.12960052117705345
2026-04-23 07:34:57.700,3509445.3093817597,779157.912007264,5250953.004446616,-54616.63665407012,36.212728350933645,0.38170504849404097,-0.8710428618360311,0.11117863468825817
2026-04-23 07:34:57.800,3509445.3713049064,779157.8136015742,5250952.958109762,-54621.632142138165,36.454358067445504,0.6192314671352506,-0.9840568981599063,-0.4633685480803251
2026-04-23 07:34:57.900,3509445.431886992,779157.7250663544,5250952.974491592,-54626.604863912,36.44323654609159,0.6058208551257849,-0.8853521978016943,0.16381829977035522
2026-04-23 07:34:58.000,3509445.45869958,779157.6367980796,5250952.938886082,-54631.59770842349,36.37216261292845,0.2681258786469698,-0.8826827479060739,-0.35605509765446186
2026-04-23 07:34:58.100,3509445.4366281186,779157.5122780706,5250952.884766577,-54636.614969335904,36.49134036848853,-0.2207146119326353,-1.2452000903431326,-0.5411950498819351
2026-04-23 07:34:58.200,3509445.428805197,779157.4104196558,5250952.910095812,-54641.58254618911,36.51019880039555,-0.07822921499609947,-1.0185841470956802,0.2532923500984907
2026-04-23 07:34:58.300,3509445.4107850976,779157.292309568,5250952.898214037,-54646.6261958934,36.249269467665606,-0.18020099494606256,-1.1811008781660348,-0.11881775222718716
2026-04-23 07:34:58.400,3509445.406925878,779157.1820903285,5250952.853043319,-54651.678558911095,35.796032374944296,-0.0385921960696578,-1.102192394901067,-0.45170717872679234
2026-04-23 07:34:58.500,3509445.4496423258,779157.0738943707,5250952.906705895,-54656.64714443463,35.49312729928859,0.4271644772961736,-1.081959578441456,0.5366257671266794
2026-04-23 07:34:58.600,3509445.5026052543,779156.9588685052,5250952.922913952,-54661.63071378298,35.5701219494368,0.5296292854472995,-1.1502586549613625,0.1620805636048317
2026-04-23 07:34:58.700,3509445.5274580023,779156.8713465749,5250952.823798038,-54666.681639933646,35.652526406460716,0.24852748028934002,-0.8752193034160882,-0.9911591373383999
2026-04-23 07:34:58.800,3509445.5160711026,779156.7837761606,5250952.771666698,-54671.72482999419,35.7986388193986,-0.11386899743229151,-0.8757041429635137,-0.5213133990764618
2026-04-23 07:34:58.900,3509445.5095574893,779156.670277337,5250952.816651085,-54676.712065279935,35.784508242720285,-0.06513613276183605,-1.134988236008212,0.4498438723385334
2026-04-23 07:34:59.000,3509445.5269217696,779156.556333968,5250952.803820125,-54681.71701326976,35.84550667086437,0.17364280298352242,-1.1394336901139468,-0.1283096056431532
2026-04-23 07:34:59.100,3509445.5034442283,779156.4674547063,5250952.8564893175,-54686.69560414851,35.83127846578432,-0.23477541282773018,-0.888792616315186,0.5266919266432524
2026-04-23 07:34:59.200,3509445.5524120145,779156.4168750369,5250952.993566061,-54691.603968877076,35.61387774744632,0.48967786133289337,-0.5057966941967607,1.3707674387842417
2026-04-23 07:34:59.300,3509445.569842664,779156.3565041267,5250953.030501386,-54696.57559229378,35.29427845123493,0.17430649604648352,-0.6037091021426022,0.36935324780642986
2026-04-23 07:34:59.400,3509445.579446564,779156.2594348873,5250953.011510675,-54701.58302704435,35.16068242919866,0.09603899903595448,-0.9706923936028033,-0.1899071130901575
2026-04-23 07:34:59.500,3509445.5721554747,779156.177090342,5250953.057124666,-54706.57340356669,34.98396910668601,-0.07291089277714491,-0.8234454528428614,0.4561399109661579
2026-04-23 07:34:59.600,3509445.574855813,779156.0666405264,5250953.149523779,-54711.550602602794,34.90364441087836,0.02700338140130043,-1.1044981563463807,0.9239911288022995
2026-04-23 07:34:59.700,3509445.584873674,779155.9753759035,5250953.221798608,-54716.507580668855,34.71721538022792,0.10017861146479845,-0.9126462286803871,0.7227482926100492
2026-04-23 07:34:59.800,3509445.5399186653,779155.8716751636,5250953.203807865,-54721.53876785334,34.73765071803509,-0.44955008663237095,-1.0370073991362005,-0.17990742810070515
2026-04-23 07:34:59.900,3509445.373986441,779155.7598557628,5250953.2371942345,-54726.592550833666,34.81857935450179,-1.659322241321206,-1.1181940080132335,0.3338636923581362
2026-04-23 07:35:00.000,3509445.2946970672,779155.6723613023,5250953.322054607,-54731.581358088944,34.88952806348621,-0.7928937394171953,-0.8749446051660925,0.8486037235707045
2026-04-23 07:35:00.100,3509445.3027041187,779155.5814197682,5250953.464865758,-54736.495247481966,34.74350556293977,0.08007051423192024,-0.9094153414480388,1.4281115122139454
2026-04-23 07:35:00.200,3509445.2763563623,779155.4783017401,5250953.54945519,-54741.47276500347,34.54518188206105,-0.2634775638580322,-1.0311802802607417,0.8458943199366331
2026-04-23 07:35:00.300,3509445.251213218,779155.36264692,5250953.647400192,-54746.429890869986,34.35087806296109,-0.2514314418658614,-1.1565482011064887,0.9794500190764666
2026-04-23 07:35:00.400,3509445.273739461,779155.2588700189,5250953.717574779,-54751.39347564616,34.079698098182824,0.22526242770254612,-1.0377690114546567,0.7017458695918322
2026-04-23 07:35:00.500,3509445.2554209693,779155.2049797286,5250953.734904285,-54756.37897326809,33.92214749889917,-0.18318491522222757,-0.5389029032085091,0.17329505644738674
2026-04-23 07:35:00.600,3509445.269262828,779155.1042769786,5250953.692237835,-54761.37156999465,33.79858541968765,0.13841858599334955,-1.0070274991448969,-0.4266644921153784
2026-04-23 07:35:00.700,3509445.2582789273,779155.0060714068,5250953.719247684,-54766.32465018351,33.68115755352234,-0.10983900632709265,-0.9820557187777013,0.2700984850525856
2026-04-23 07:35:00.800,3509445.219694436,779154.9173449804,5250953.761398505,-54771.30735920349,33.668491756031166,-0.3858449123799801,-0.8872642635833472,0.42150821536779404
2026-04-23 07:35:00.900,3509445.1814351077,779154.8341128337,5250953.8077904815,-54776.280703770004,33.87631392381652,-0.38259328342974186,-0.8323214668780565,0.46391976065933704
2026-04-23 07:35:01.000,3509445.155282594,779154.7547288144,5250953.841607894,-54781.259300864265,34.09500612326044,-0.26152513921260834,-0.7938401936553419,0.33817412331700325
2026-04-23 07:35:01.100,3509445.155791016,779154.6691972959,5250953.848024519,-54786.23308058213,34.03696080641763,0.005084220319986343,-0.8553151844535023,0.06416625343263149
2026-04-23 07:35:01.200,3509445.1686362564,779154.5665605442,5250953.871519054,-54791.21611048995,34.05228101477292,0.12845240533351898,-1.0263675171881914,0.23494535125792027
2026-04-23 07:35:01.300,3509445.226862976,779154.478957588,5250954.078792448,-54796.06530733691,33.96242995528235,0.5822671949863434,-0.8760295622050762,2.0727339386940002
2026-04-23 07:35:01.400,3509445.2145769754,779154.4032486131,5250954.235085236,-54800.93855934528,33.76497805912379,-0.12286000419408083,-0.7570897485129535,1.5629278775304556
2026-04-23 07:35:01.500,3509445.2507847813,779154.3149769009,5250954.349838981,-54805.8506304308,33.62841824519776,0.3620780585333705,-0.8827171218581498,1.1475374549627304
2026-04-23 07:35:01.600,3509445.295496498,779154.2715513501,5250954.47973316,-54810.72768862634,33.6760814245979,0.4471171647310257,-0.4342555080074817,1.298941783607006
2026-04-23 07:35:01.700,3509445.320622644,779154.237539281,5250954.64499895,-54815.594624130346,33.65894255856736,0.25126146152615547,-0.340120691107586,1.6526579018682241
2026-04-23 07:35:01.800,3509445.319270627,779154.1922930058,5250954.7391367685,-54820.521407085966,33.6586027736136,-0.013520168140530586,-0.45246275258250535,0.9413781855255365
2026-04-23 07:35:01.900,3509445.32172923,779154.0892445311,5250954.63631788,-54825.555184278026,33.800631631370564,0.024586031213402748,-1.0304847464431077,-1.0281888861209154
2026-04-23 07:35:02.000,3509445.3090068614,779153.983149374,5250954.588787615,-54830.55118500822,33.89040678728435,-0.12722368817776442,-1.0609515709802508,-0.4753026459366083
2026-04-23 07:35:02.100,3509445.2785186227,779153.8877976717,5250954.565174582,-54835.5536497704,33.96974515624981,-0.3048823866993189,-0.9535170230083168,-0.23613032884895802
2026-04-23 07:35:02.200,3509445.2843361376,779153.7950666387,5250954.5676988,-54840.500708783584,33.87571636153037,0.05817514844238758,-0.927310329861939,0.02524217590689659
2026-04-23 07:35:02.300,3509445.2661085865,779153.6909550842,5250954.4863390485,-54845.50875274751,33.79412534816267,-0.18227551132440567,-1.041115545667708,-0.8135975152254105
2026-04-23 07:35:02.400,3509445.289782829,779153.5583981532,5250954.46563712,-54850.49316383766,33.964698978153805,0.23674242664128542,-1.3255693099927157,-0.20701928064227104
2026-04-23 07:35:02.500,3509445.322761105,779153.4320707306,5250954.5006369585,-54855.43632722344,34.098021858076,0.32978275790810585,-1.2632742256391793,0.3499983809888363
2026-04-23 07:35:02.600,3509445.296376613,779153.3272005364,5250954.449022949,-54860.42044492636,34.06091411032072,-0.26384491939097643,-1.0487019421998411,-0.5161400977522135
2026-04-23 07:35:02.700,3509445.249820251,779153.2406809864,5250954.358112991,-54865.45802282671,34.2449029620219,-0.46556361950933933,-0.8651954995002598,-0.9090995788574219
2026-04-23 07:35:02.800,3509445.20276641,779153.1761859539,5250954.37395314,-54870.45237092871,34.33397130862556,-0.47053840942680836,-0.6449503253679723,0.15840149484574795
2026-04-23 07:35:02.900,3509445.2148901094,779153.0996383756,5250954.379027059,-54875.44776118341,34.17658557026562,0.12123699299991131,-0.7654757832642645,0.050739189609885216
2026-04-23 07:35:03.000,3509445.2490850966,779153.0604535057,5250954.401533415,-54880.41963374924,33.95802287765199,0.34194987267255783,-0.3918486984912306,0.22506355307996273
2026-04-23 07:35:03.100,3509445.2473004805,779153.0005131155,5250954.398521979,-54885.42831582927,33.91024151826909,-0.017846161499619484,-0.5994039017241448,-0.030114352703094482
2026-04-23 07:35:03.200,3509445.218475085,779152.8931946564,5250954.419056711,-54890.42641426312,33.854129359341606,-0.2882539527490735,-1.0731845919508487,0.20534731447696686
2026-04-23 07:35:03.300,3509445.1622186876,779152.7408279611,5250954.442183209,-54895.43103333561,33.83344209771874,-0.5625639762729406,-1.5236669522710145,0.23126497864723206
2026-04-23 07:35:03.400,3509445.107266751,779152.6177435946,5250954.491868695,-54900.42580399819,33.81361851758985,-0.5495193647220731,-1.2308436655439436,0.4968548659235239
2026-04-23 07:35:03.500,3509445.096728512,779152.5580789164,5250954.544112125,-54905.41155473837,33.92937519698042,-0.10538239032030106,-0.596646781777963,0.522434301674366
2026-04-23 07:35:03.600,3509445.133640612,779152.4647756969,5250954.602742962,-54910.35047584249,34.013426671336696,0.36912099923938513,-0.9330321953166276,0.5863083619624376
2026-04-23 07:35:03.700,3509445.096219853,779152.3756355286,5250954.639067217,-54915.333030479494,34.076658443533006,-0.37420758977532387,-0.891401682747528,0.3632425516843796
2026-04-23 07:35:03.800,3509445.0781504116,779152.278403415,5250954.626339294,-54920.33177379018,34.111037672750534,-0.18069441430270672,-0.9723211359232664,-0.1272792275995016
2026-04-23 07:35:03.900,3509445.0597123355,779152.148367161,5250954.582450362,-54925.333081902325,34.06850744006154,-0.1843807613477111,-1.3003625394776464,-0.4388893209397793
2026-04-23 07:35:04.000,3509444.997484775,779152.0501783045,5250954.470261535,-54930.400116995384,34.332497351141754,-0.6222756067290902,-0.9818885650020093,-1.1218882724642754
2026-04-23 07:35:04.100,3509444.9815394906,779151.9864174064,5250954.502775784,-54935.37142077737,34.43148321470913,-0.159452841617167,-0.6376089819241315,0.32514248974621296
2026-04-23 07:35:04.200,3509444.9076247187,779151.8935720158,5250954.511335358,-54940.39434759771,34.278291518204654,-0.7391477189958096,-0.9284539055079222,0.08559574373066425
2026-04-23 07:35:04.300,3509444.831974056,779151.7700200484,5250954.470278486,-54945.4689562014,34.24736997614,-0.7565066264942288,-1.2355196743737906,-0.41056872345507145
2026-04-23 07:35:04.400,3509444.832557612,779151.6690548228,5250954.47513635,-54950.48646337018,33.98227585777486,0.005835560150444508,-1.0096522560343146,0.048578642308712006
2026-04-23 07:35:04.500,3509444.8314780802,779151.61972915,5250954.494642007,-54955.47868041371,33.946163245368766,-0.010795318521559238,-0.493256727932021,0.19505657255649567
2026-04-23 07:35:04.600,3509444.863495786,779151.5910468311,5250954.600910943,-54960.41324175958,34.159272644622355,0.3201770596206188,-0.28682318865321577,1.062689358368516
2026-04-23 07:35:04.700,3509444.869531112,779151.5047271235,5250954.685395969,-54965.354862930566,34.310169942899634,0.060353255830705166,-0.8631970756687224,0.8448502607643604
2026-04-23 07:35:04.800,3509444.856965824,779151.3722414845,5250954.6867608195,-54970.3572384973,34.46012108474187,-0.1256528776139021,-1.32485639071092,0.0136485043913126
2026-04-23 07:35:04.900,3509444.812180869,779151.298705346,5250954.614046663,-54975.422535000806,34.580276700947245,-0.44784955214709044,-0.7353613851591945,-0.7271415647119284
2026-04-23 07:35:05.000,3509444.831372664,779151.2422682343,5250954.550139974,-54980.48250055218,34.490567631574216,0.19191795028746128,-0.564371116925031,-0.6390668917447329
2026-04-23 07:35:05.100,3509444.8179535335,779151.1803183018,5250954.479608682,-54985.52163781077,34.641224081505655,-0.13419130351394415,-0.6194993248209357,-0.7053129188716412
2026-04-23 07:35:05.200,3509444.85030526,779151.0801283529,5250954.543110495,-54990.462364224826,34.53070507176416,0.3235172666609287,-1.0018994892016053,0.6350181344896555
2026-04-23 07:35:05.300,3509444.864303934,779150.9945334482,5250954.602816413,-54995.39513854335,34.435305768033764,0.13998673763126135,-0.8559490460902452,0.5970591772347689
2026-04-23 07:35:05.400,3509444.859076137,779150.9227972903,5250954.60197061,-55000.3769026421,34.62677861690026,-0.05227796733379364,-0.717361579881981,-0.008458029478788376
2026-04-23 07:35:05.500,3509444.8126747506,779150.8365966217,5250954.599239796,-55005.37715146149,34.73728152112053,-0.46401386614888906,-0.8620066859293729,-0.027308138087391853
2026-04-23 07:35:05.600,3509444.8219028637,779150.7461223402,5250954.598711089,-55010.3648573789,34.87351070165756,0.09228113107383251,-0.9047428146004677,-0.005287071689963341
2026-04-23 07:35:05.700,3509444.8632055884,779150.6992164146,5250954.748251965,-55015.27461807354,34.71426552172701,0.4130272474139929,-0.46905925613828003,1.4954087603837252
2026-04-23 07:35:05.800,3509444.896418515,779150.6140600481,5250954.839774074,-55020.19343681765,34.459155155402904,0.3321292670443654,-0.8515636646188796,0.9152210876345634
2026-04-23 07:35:05.900,3509444.9465711736,779150.526679078,5250954.94378324,-55025.11450503449,34.272157976704584,0.5015265848487616,-0.8738097012974322,1.0400916635990143
2026-04-23 07:35:06.000,3509444.9561143266,779150.435534655,5250955.047018046,-55030.04696861207,34.195707445044185,0.09543152991682291,-0.9114442300051451,1.0323480516672134
2026-04-23 07:35:06.100,3509444.925129833,779150.3550728796,5250955.148793615,-55035.00208759223,34.206000579786206,-0.3098449343815446,-0.8046177541837096,1.0177556984126568
2026-04-23 07:35:06.200,3509444.9358310904,779150.2861376585,5250955.219058552,-55039.97632063386,34.27450980588143,0.10701257269829512,-0.689352210611105,0.7026493642479181
2026-04-23 07:35:06.300,3509444.9534474043,779150.2183494129,5250955.2252990445,-55044.9739146509,34.369598325917124,0.17616313882172108,-0.6778824562206864,0.062404926866292953
2026-04-23 07:35:06.400,3509444.9386546314,779150.1735846831,5250955.216951916,-55049.97439747225,34.523949233660375,-0.14792772941291332,-0.4476472979877144,-0.08347128517925739
2026-04-23 07:35:06.500,3509444.931154344,779150.0832775668,5250955.194579876,-55054.98201642742,34.475749306185975,-0.07500287145376205,-0.9030711627565324,-0.2237203996628523
2026-04-23 07:35:06.600,3509444.9422005117,779149.9828122625,5250955.2283202885,-55059.94711581015,34.363468705193085,0.11046167463064194,-1.0046530433464795,0.33740412443876266
2026-04-23 07:35:06.700,3509444.947492313,779149.9014913673,5250955.293043677,-55064.89921357372,34.44964520904292,0.052918014116585255,-0.813208952313289,0.6472338829189539
2026-04-23 07:35:06.800,3509444.913792772,779149.8353375869,5250955.270588843,-55069.891450197574,34.48282607805305,-0.3369954088702798,-0.6615378032438457,-0.2245483361184597
2026-04-23 07:35:06.900,3509444.90561071,779149.77257641,5250955.26065438,-55074.89405258587,34.340483344587476,-0.08182062301784754,-0.6276117695961148,-0.09934463538229465
2026-04-23 07:35:07.000,3509444.922967699,779149.6825915886,5250955.305104755,-55079.86240171298,34.26933474184127,0.17356988973915577,-0.8998482138849795,0.44450375251471996
2026-04-23 07:35:07.100,3509444.917110065,779149.5678629079,5250955.333618858,-55084.84110552793,34.229795958606495,-0.058576338924467564,-1.147286806954071,0.28514103032648563
2026-04-23 07:35:07.200,3509444.889522898,779149.4566284047,5250955.363027738,-55089.826502755684,33.98254370137687,-0.27587166987359524,-1.1123450321611017,0.2940888050943613
2026-04-23 07:35:07.300,3509444.8748914464,779149.3583650392,5250955.280184003,-55094.863658073074,34.13462945377025,-0.14631451573222876,-0.9826336544938385,-0.8284373581409454
2026-04-23 07:35:07.400,3509444.902814042,779149.2392489987,5250955.189058125,-55099.891180890365,34.27525292207482,0.27922595385462046,-1.191160405287519,-0.9112587757408619
2026-04-23 07:35:07.500,3509444.941397218,779149.1277013292,5250955.153657003,-55104.89093043379,34.371145845772645,0.3858317621052265,-1.1154766951221973,-0.35401121713221073
2026-04-23 07:35:07.600,3509444.9589018854,779149.0470073224,5250955.238402916,-55109.8356239578,34.30692656778687,0.17504667397588491,-0.8069400675594807,0.847459128126502
2026-04-23 07:35:07.700,3509444.927381016,779148.9701891557,5250955.316720929,-55114.79568625722,34.404410777942594,-0.31520869582891464,-0.768181667663157,0.7831801287829876
2026-04-23 07:35:07.800,3509444.883516009,779148.9090518882,5250955.388860452,-55119.75557455744,34.47048252072195,-0.43865006882697344,-0.6113726750481874,0.7213952299207449
2026-04-23 07:35:07.900,3509444.875660993,779148.8303836739,5250955.380076167,-55124.754695360934,34.76543941712987,-0.07855015806853771,-0.786682142643258,-0.08784284815192223
2026-04-23 07:35:08.000,3509444.9126359834,779148.7195791862,5250955.379623116,-55129.73392932653,35.054347504306726,0.36974990274757147,-1.1080448771826923,-0.004530511796474457
2026-04-23 07:35:08.100,3509444.9003927074,779148.6047375405,5250955.390280793,-55134.730205399115,35.21812991908529,-0.12243275996297598,-1.1484164569992572,0.10657677426934242
2026-04-23 07:35:08.200,3509444.9410918853,779148.5223782832,5250955.452037326,-55139.687987404024,35.21869573292775,0.40699177887290716,-0.8235925727058202,0.6175653263926506
2026-04-23 07:35:08.300,3509444.945986466,779148.4401300026,5250955.561199332,-55144.62261133803,35.05732937688181,0.04894580692052841,-0.822482806397602,1.0916200559586287
2026-04-23 07:35:08.400,3509444.8821099326,779148.3269113525,5250955.601793036,-55149.61167278937,35.028880634245795,-0.6387653341516852,-1.1321865010540932,0.4059370420873165
2026-04-23 07:35:08.500,3509444.791132442,779148.206563817,5250955.599383002,-55154.632241057996,35.219565435196564,-0.9097749041393399,-1.2034753547050059,-0.02410033717751503
2026-04-23 07:35:08.600,3509444.748917065,779148.0993773447,5250955.549799303,-55159.661224703086,35.213113809997665,-0.4221537709236145,-1.0718647227622569,-0.4958369955420494
2026-04-23 07:35:08.700,3509444.7589632603,779147.9751328577,5250955.487787813,-55164.680896494785,35.03756000160555,0.10046195238828659,-1.242444870295003,-0.6201148964464664
2026-04-23 07:35:08.800,3509444.772113706,779147.8577132702,5250955.527642377,-55169.67155335943,34.83476093535251,0.13150445651262999,-1.1741958744823933,0.39854563772678375
2026-04-23 07:35:08.900,3509444.765146986,779147.7443834579,5250955.52584991,-55174.68156096087,34.7945548043045,-0.0696671986952424,-1.1332981230225414,-0.017924662679433823
2026-04-23 07:35:09.000,3509444.7178499675,779147.5854003931,5250955.427699389,-55179.73575534225,34.94277379746943,-0.47297018580138683,-1.5898306481540203,-0.9815052151679993
2026-04-23 07:35:09.100,3509444.7101067663,779147.4358925389,5250955.434795702,-55184.72652412994,34.91890010034942,-0.07743201218545437,-1.495078542502597,0.07096312940120697
2026-04-23 07:35:09.200,3509444.7467066743,779147.322686945,5250955.504946772,-55189.668459985915,34.733000837196236,0.36599908024072647,-1.132055938942358,0.701510701328516
2026-04-23 07:35:09.300,3509444.848510881,779147.2181112539,5250955.584422455,-55194.58175603236,34.41568437697513,1.0180420661345124,-1.0457569104619324,0.7947568316012621
2026-04-23 07:35:09.400,3509444.9137945003,779147.1232762665,5250955.66253241,-55199.50820322625,34.32338469891777,0.652836193330586,-0.948349874233827,0.7810995448380709
2026-04-23 07:35:09.500,3509444.9029092137,779147.0352477852,5250955.642345019,-55204.52283589638,34.32957781800319,-0.1088528661057353,-0.8802848134655505,-0.20187390968203545
2026-04-23 07:35:09.600,3509444.8543286202,779146.9177301349,5250955.542423831,-55209.57932589768,34.367412554235976,-0.48580593429505825,-1.175176502438262,-0.9992118738591671
2026-04-23 07:35:09.700,3509444.851482808,779146.7872074445,5250955.611075334,-55214.51500577167,34.333210548257206,-0.028458121232688427,-1.3052269036415964,0.6865150295197964
2026-04-23 07:35:09.800,3509444.8654457885,779146.6932170771,5250955.753424955,-55219.41347295753,34.34462314509695,0.1396298035979271,-0.9399036748800427,1.4234962034970522
2026-04-23 07:35:09.900,3509444.8537318273,779146.6041810616,5250955.767615163,-55224.36777771727,34.274756201051055,-0.11713961139321327,-0.8903601544443518,0.14190208166837692
2026-04-23 07:35:10.000,3509444.8168822494,779146.4995076498,5250955.648885867,-55229.42015723614,34.53830078825422,-0.3684957791119814,-1.046734118135646,-1.1872929614037275
2026-04-23 07:35:10.100,3509444.7725788564,779146.349803091,5250955.644751555,-55234.43737669643,34.445390012124186,-0.44303392991423607,-1.497045587748289,-0.04134311340749264
2026-04-23 07:35:10.200,3509444.75082944,779146.2184553517,5250955.708068802,-55239.37430280924,34.32563973138949,-0.2174941636621952,-1.3134773937053978,0.6331724673509598
2026-04-23 07:35:10.300,3509444.7491693003,779146.0990417029,5250955.723571229,-55244.33057535822,34.28284273548699,-0.016601397655904293,-1.1941364873200655,0.15502426773309708
2026-04-23 07:35:10.400,3509444.782972987,779146.0113108944,5250955.775192453,-55249.24381834052,34.18815288923863,0.3380368649959564,-0.877308085327968,0.5162122379988432
2026-04-23 07:35:10.500,3509444.892138504,779145.9274479051,5250955.96322971,-55254.06089923822,33.90614479824509,1.0916551714763045,-0.8386298932600766,1.8803725764155388
2026-04-23 07:35:10.600,3509444.9883491993,779145.8577245974,5250956.15936552,-55258.89074043877,33.50741993603813,0.9621069533750415,-0.6972330762073398,1.9613580964505672
2026-04-23 07:35:10.700,3509445.014868705,779145.7882632555,5250956.236034285,-55263.80806892362,33.30154350591303,0.2651950577273965,-0.6946134194731712,0.7666876539587975
2026-04-23 07:35:10.800,3509445.0207773964,779145.6903213523,5250956.255274277,-55268.75996059031,33.4251285087063,0.059086913242936134,-0.9794190316461027,0.19239991903305054
2026-04-23 07:35:10.900,3509444.9841290647,779145.6000309689,5250956.266705953,-55273.71006104692,33.26793843557239,-0.3664833167567849,-0.9029038343578577,0.11431675404310226
2026-04-23 07:35:11.000,3509444.951399845,779145.4587325037,5250956.301859007,-55278.64745442178,33.305229442500995,-0.32729219645261765,-1.412984651979059,0.35153054632246494
2026-04-23 07:35:11.100,3509444.963477685,779145.299614085,5250956.294621609,-55283.623475127526,33.44871231233854,0.1207784004509449,-1.591184186981991,-0.07237398065626621
2026-04-23 07:35:11.200,3509444.9372823127,779145.16790917,5250956.315338246,-55288.59990753584,33.56562787268436,-0.26195372454822063,-1.3170491496566683,0.20716636441648006
2026-04-23 07:35:11.300,3509444.8827515305,779145.0292024448,5250956.3226596825,-55293.575699886926,33.720526800148704,-0.5453078215941787,-1.3870672520715743,0.07321436889469624
2026-04-23 07:35:11.400,3509444.8666452444,779144.9235892103,5250956.374225417,-55298.51187365051,33.87435484473324,-0.16106286086142063,-1.056132345693186,0.5156573466956615
2026-04-23 07:35:11.500,3509444.838895228,779144.8688259962,5250956.4387294715,-55303.46261423933,34.02373499165516,-0.27750016190111637,-0.5476321408059448,0.6450405437499285
2026-04-23 07:35:11.600,3509444.8449090975,779144.8063881722,5250956.498500592,-55308.406774772986,34.04374094190776,0.06013869307935238,-0.624378239735961,0.5977112054824829
2026-04-23 07:35:11.700,3509444.843895186,779144.6802697772,5250956.484536792,-55313.38343676319,33.97268240164317,-0.010139113292098045,-1.2611839501187205,-0.1396379992365837
2026-04-23 07:35:11.800,3509444.832918135,779144.5733613434,5250956.470936763,-55318.35432938917,33.998121118308745,-0.10977051220834255,-1.0690843383781612,-0.13600029051303864
2026-04-23 07:35:11.900,3509444.83758871,779144.502749839,5250956.53717,-55323.282180077826,33.978335720418215,0.046705747954547405,-0.7061150437220931,0.6623323727399111
2026-04-23 07:35:12.000,3509444.8438138915,779144.3716885202,5250956.538029498,-55328.26390410596,33.82604198433984,0.06225181743502617,-1.3106131879612803,0.008594980463385582
2026-04-23 07:35:12.100,3509444.848112572,779144.2413414293,5250956.490266423,-55333.26178290763,33.65375926384021,0.042986804619431496,-1.3034709088969976,-0.47763075679540634
2026-04-23 07:35:12.200,3509444.8419003114,779144.1052020646,5250956.445076685,-55338.26125696576,33.65491591621351,-0.06212260574102402,-1.3613936468027532,-0.4518973734229803
2026-04-23 07:35:12.300,3509444.7733131256,779143.9617434704,5250956.369749061,-55343.285393975544,33.74723372395124,-0.6858718581497669,-1.4345859421882778,-0.7532762456685305
2026-04-23 07:35:12.400,3509444.718613972,779143.8636943882,5250956.335662028,-55348.270202858635,33.925065460062655,-0.5469915363937616,-0.9804908221121877,-0.3408703301101923
2026-04-23 07:35:12.500,3509444.680686625,779143.7327382521,5250956.33616368,-55353.255166243835,34.00874226458233,-0.37927346769720316,-1.3095613603945822,0.005016522482037544
2026-04-23 07:35:12.600,3509444.680589978,779143.6058561025,5250956.347374488,-55358.2502070693,34.017805055461885,-0.0009664706885814667,-1.2688214960508049,0.11210807599127293
2026-04-23 07:35:12.700,3509444.716059444,779143.5345069999,5250956.420429367,-55363.18075819084,33.93077517860261,0.35469465889036655,-0.7134910265449435,0.7305487897247076
2026-04-23 07:35:12.800,3509444.7087255246,779143.427035586,5250956.435790795,-55368.138893908355,33.7555605455421,-0.07333919405937195,-1.0747141391038895,0.15361428260803223
2026-04-23 07:35:12.900,3509444.6950526065,779143.3223257251,5250956.358260699,-55373.15003364747,33.86610007343378,-0.1367291808128357,-1.04709860868752,-0.7753009628504515
2026-04-23 07:35:13.000,3509444.644863551,779143.2562777845,5250956.298429886,-55378.17579957708,34.07161414022304,-0.501890555024147,-0.6604794063605368,-0.598308127373457
2026-04-23 07:35:13.100,3509444.5969670396,779143.1650966356,5250956.259198371,-55383.20093676886,34.028930654596,-0.47896511387079954,-0.9118114889133722,-0.3923151455819607
2026-04-23 07:35:13.200,3509444.5619237768,779143.0439913995,5250956.2727747755,-55388.186542830634,33.744896544257664,-0.35043262876570225,-1.2110523611772805,0.13576404191553593
2026-04-23 07:35:13.300,3509444.5513550006,779142.9203928729,5250956.250227393,-55393.18072608143,33.73435083328838,-0.10568776167929173,-1.2359852658119053,-0.2254738286137581
2026-04-23 07:35:13.400,3509444.4807403977,779142.7631425423,5250956.161761419,-55398.23013023367,33.92452586373453,-0.7061460288241506,-1.5725033055059612,-0.8846597373485565
2026-04-23 07:35:13.500,3509444.380222989,779142.5492513084,5250956.076797047,-55403.29370401763,33.985657550024605,-1.0051740892231464,-2.138912338996306,-0.8496437221765518
2026-04-23 07:35:13.600,3509444.3917675214,779142.3987425844,5250956.1385302,-55408.24430888914,33.93331462028594,0.11544532608240843,-1.5050872403662652,0.6173315364867449
2026-04-23 07:35:13.700,3509444.4251118856,779142.2331429812,5250956.200334669,-55413.18135032697,33.898358569756354,0.33344364259392023,-1.6559960320591927,0.6180446874350309
2026-04-23 07:35:13.800,3509444.404481093,779142.0186853316,5250956.212233656,-55418.173928179705,34.14952903273949,-0.206307927146554,-2.144576496211812,0.11898986995220184
2026-04-23 07:35:13.900,3509444.3650781447,779141.8290117318,5250956.209351342,-55423.18838651521,34.17425391146336,-0.394029482267797,-1.8967359978705645,-0.028823139145970345
2026-04-23 07:35:14.000,3509444.3562794314,779141.7002590176,5250956.249992671,-55428.15865351667,34.11998196983689,-0.08798713330179453,-1.2875271413940936,0.40641329251229763
2026-04-23 07:35:14.100,3509444.340180531,779141.6290389816,5250956.358407631,-55433.073081036535,34.002539765592886,-0.16098900232464075,-0.7122003601398319,1.0841495916247368
2026-04-23 07:35:14.200,3509444.285537086,779141.5314413542,5250956.408902503,-55438.03974139554,33.738344250053544,-0.5464344518259168,-0.9759762743487954,0.5049487203359604
2026-04-23 07:35:14.300,3509444.212648712,779141.4218185684,5250956.489092766,-55442.99535908071,33.78921324214144,-0.7288837386295199,-1.0962278582155704,0.801902636885643
2026-04-23 07:35:14.400,3509444.2666204106,779141.3324712842,5250956.634817485,-55447.83899279962,33.7629857062548,0.5397169850766659,-0.8934728417079896,1.4572471845895052
2026-04-23 07:35:14.500,3509444.3261660803,779141.2699689299,5250956.751873333,-55452.69606906261,33.71615856442693,0.5954566970467567,-0.6250235426705331,1.1705584824085236
2026-04-23 07:35:14.600,3509444.3420255585,779141.1798447077,5250956.751298657,-55457.65571236876,33.76417792625828,0.15859478153288364,-0.9012422221712768,-0.005746763199567795
2026-04-23 07:35:14.700,3509444.3146027885,779141.0833752193,5250956.694370498,-55462.67144219816,33.97956320877534,-0.274227699264884,-0.9646948846057057,-0.5692815873771906
2026-04-23 07:35:14.800,3509444.3209322183,779140.9974112604,5250956.754489216,-55467.61136217106,34.0061804102798,0.06329429801553488,-0.8596395887434483,0.6011871807277203
2026-04-23 07:35:14.900,3509444.3014468225,779140.8784809238,5250956.853073844,-55472.549547817216,33.9395121300392,-0.1948539586737752,-1.189303365536034,0.9858462773263454
2026-04-23 07:35:15.000,3509444.236448169,779140.7772429349,5250956.8697583405,-55477.541895543334,34.08405145159455,-0.6499865325167775,-1.0123798891436309,0.16684496775269508
2026-04-23 07:35:15.100,3509444.1435110075,779140.708532473,5250956.886694734,-55482.54757100662,34.41347362314314,-0.9293716168031096,-0.6871046195738018,0.16936393454670906
2026-04-23 07:35:15.200,3509444.146000051,779140.6350749576,5250956.952585637,-55487.4688622989,34.565820994727936,0.024890433996915817,-0.7345751533284783,0.6589090265333652
2026-04-23 07:35:15.300,3509444.149498077,779140.5187325311,5250957.008123322,-55492.37968276289,34.50158330163638,0.03498026169836521,-1.1634242651052773,0.5553768575191498
2026-04-23 07:35:15.400,3509444.1359864958,779140.3770687435,5250957.077445953,-55497.30592122985,34.34048506781003,-0.13511581346392632,-1.4166378765366971,0.6932263076305389
2026-04-23 07:35:15.500,3509444.150535573,779140.2336231404,5250957.171936566,-55502.188724057734,34.384658815007086,0.1454907702282071,-1.4344560308381915,0.9449061285704374
2026-04-23 07:35:15.600,3509444.1185832573,779140.1189682025,5250957.2663621,-55507.117380701464,34.30015592591187,-0.3195231547579169,-1.146549378754571,0.9442553389817476
2026-04-23 07:35:15.700,3509444.084780299,779140.0066393358,5250957.330333853,-55512.05592896875,34.22213875238846,-0.33802958205342293,-1.123288667295128,0.6397175323218107
2026-04-23 07:35:15.800,3509444.0956997494,779139.878176772,5250957.385849353,-55516.97705682313,33.99483719651179,0.1091945031657815,-1.284625637345016,0.5551549978554249
2026-04-23 07:35:15.900,3509444.165236987,779139.806664872,5250957.488046532,-55521.84125149591,33.69432198528548,0.6953723775222898,-0.7151190005242825,1.0219717863947153
2026-04-23 07:35:16.000,3509444.1176545667,779139.6595906384,5250957.39041854,-55526.885486318686,33.68233200439937,-0.4758242052048445,-1.4707423362415284,-0.9762799181044102
2026-04-23 07:35:16.100,3509444.0750224562,779139.5172161722,5250957.380420069,-55531.88273902881,33.83850022011793,-0.4263211041688919,-1.423744661733508,-0.09998470544815063
2026-04-23 07:35:16.200,3509444.090749554,779139.4376428019,5250957.4747097315,-55536.78191364711,33.73360534649908,0.15727097634226084,-0.7957337028346956,0.9428966231644154
2026-04-23 07:35:16.300,3509444.053867046,779139.3231061058,5250957.547926942,-55541.7110497167,33.57173620043786,-0.3688250808045268,-1.1453669611364603,0.7321721035987139
2026-04-23 07:35:16.400,3509443.99240219,779139.1812114033,5250957.559204552,-55546.68847307339,33.63622533055038,-0.6146485591307282,-1.4189470245037228,0.11277610436081886
2026-04-23 07:35:16.500,3509443.992043659,779139.0589955933,5250957.5677894475,-55551.62885570595,33.7398717779361,-0.0035853078588843346,-1.222158099990338,0.08584895171225071
2026-04-23 07:35:16.600,3509443.9443097543,779138.9632134598,5250957.509269442,-55556.622223572005,33.72235075625111,-0.4773390479385853,-0.9578213351778686,-0.5852000508457422
2026-04-23 07:35:16.700,3509443.95455752,779138.9036126947,5250957.501733783,-55561.56710577439,33.69234720753041,0.10247765574604273,-0.5960076511837542,-0.07535659708082676
2026-04-23 07:35:16.800,3509443.989772084,779138.8318590455,5250957.502574575,-55566.503696341075,33.6353119855742,0.3521456429734826,-0.7175364915747195,0.008407924324274063
2026-04-23 07:35:16.900,3509444.0326099447,779138.7161595296,5250957.511188956,-55571.433318908574,33.539329327596796,0.4283786052837968,-1.1569951591081917,0.08614380843937397
2026-04-23 07:35:17.000,3509444.0340319304,779138.633807479,5250957.596503962,-55576.339418484655,33.32576203863702,0.014219856821000576,-0.8235205058008432,0.8531500585377216
2026-04-23 07:35:17.100,3509444.0128637953,779138.554949936,5250957.644389508,-55581.28850334933,33.376151289446206,-0.21168135106563568,-0.7885754306335002,0.4788554646074772
2026-04-23 07:35:17.200,3509443.984101842,779138.4449710432,5250957.690814322,-55586.24913553772,33.55885880764978,-0.28761953115463257,-1.0997889284044504,0.4642481356859207
2026-04-23 07:35:17.300,3509444.010976919,779138.3704150155,5250957.734965469,-55591.14876779366,33.506763042123254,0.26875076815485954,-0.7455602765548974,0.4415114689618349
2026-04-23 07:35:17.400,3509443.9581371644,779138.2729344703,5250957.745649134,-55596.1189809092,33.668279355881225,-0.5283975461497903,-0.9748054516967386,0.10683665052056313
2026-04-23 07:35:17.500,3509443.88761452,779138.1548090255,5250957.7282721065,-55601.10346305762,33.834179006447286,-0.7052264455705881,-1.181254448601976,-0.17377027310431004
2026-04-23 07:35:17.600,3509443.8666102695,779138.0735954407,5250957.800055942,-55606.03913820453,33.95217137676753,-0.21004250273108482,-0.8121358475182205,0.7178383506834507
2026-04-23 07:35:17.700,3509443.9141015145,779137.9676391842,5250957.904620671,-55610.92915564784,33.68951839428211,0.47491244971752167,-1.0595625650603324,1.0456472914665937
2026-04-23 07:35:17.800,3509443.81605552,779137.7519791339,5250957.7559542935,-55616.01898165858,33.71075226525343,-0.9804599452763796,-2.1566005027852952,-1.4866637717932463
2026-04-23 07:35:17.900,3509443.698583938,779137.504863281,5250957.6164037045,-55621.099111845375,33.89466729030231,-1.1747158179059625,-2.4711585289333016,-1.395505890250206
2026-04-23 07:35:18.000,3509443.662737239,779137.3698640845,5250957.602452177,-55626.055719629956,34.184556195314165,-0.3584669902920723,-1.3499919651076198,-0.13951527886092663
2026-04-23 07:35:18.100,3509446.8110897173,779138.9610738714,5250959.617784367,-55628.19032917959,48.30915944632149,31.483524781651795,15.91209786827676,20.153321903198957
2026-04-23 07:35:18.200,3509446.7582138497,779138.8328080191,5250959.6480925325,-55633.131439625955,47.97451981819162,-0.5287586757913232,-1.2826585222501308,0.30308165587484837
2026-04-23 07:35:18.300,3509443.800888991,779137.1506228399,5250957.80705641,-55640.679412329286,33.53854004594268,-29.573248587548733,-16.8218517920468,-18.410361222922802
2026-04-23 07:35:18.400,3509443.7857412403,779136.9835661049,5250957.7404608615,-55645.67091763616,33.44357702494063,-0.15147750731557608,-1.6705673502292484,-0.6659554876387119
2026-04-23 07:35:18.500,3509443.783028719,779136.8347729824,5250957.689155258,-55650.67003506152,33.635440998511534,-0.027125212363898754,-1.4879312249831855,-0.5130560323596001
2026-04-23 07:35:18.600,3509443.8194873566,779136.749660471,5250957.757339301,-55655.56023409844,33.837919766245044,0.36458637565374374,-0.8511251141317189,0.6818404234945774
2026-04-23 07:35:18.700,3509443.7823233237,779136.6482494023,5250957.773236242,-55660.50625350204,34.084358208108554,-0.3716403292492032,-1.0141106869559735,0.15896941535174847
2026-04-23 07:35:18.800,3509443.7348090643,779136.5839314221,5250957.707444198,-55665.49026205,34.22349473488668,-0.47514259349554777,-0.6431798019912094,-0.6579204369336367
2026-04-23 07:35:18.900,3509443.7653083354,779136.5262120747,5250957.773452325,-55670.39232366865,34.14509076643504,0.30499271117150784,-0.5771934741642326,0.6600812636315823
2026-04-23 07:35:19.000,3509443.8057523984,779136.4744504602,5250957.860212362,-55675.264526416104,34.044589968314234,0.40444063022732735,-0.5176161450799555,0.8676003757864237
2026-04-23 07:35:19.100,3509443.788791814,779136.4022594742,5250957.864812477,-55680.19946239112,34.13195448858526,-0.16960584558546543,-0.7219098601490259,0.046001141890883446
2026-04-23 07:35:19.200,3509443.7853491963,779136.3558773057,5250957.8548765145,-55685.12936362826,34.32912658360926,-0.034426175989210606,-0.4638216842431575,-0.09935962036252022
2026-04-23 07:35:19.300,3509443.8258458134,779136.306877253,5250957.907513258,-55690.0188726253,34.34403437540113,0.40496617089957,-0.49000052735209465,0.5263674352318048
2026-04-23 07:35:19.400,3509443.7793742693,779136.2522730329,5250957.918441926,-55694.964450642256,34.40332923746353,-0.46471544075757265,-0.5460422008763999,0.10928668081760406
2026-04-23 07:35:19.500,3509443.733499335,779136.1339534716,5250957.8525781715,-55699.95457807943,34.471843088997744,-0.45874934177845716,-1.1831956135574728,-0.6586375460028648
2026-04-23 07:35:19.600,3509443.775610541,779136.0389017424,5250957.912544723,-55704.85353058209,34.44968419903301,0.42111205868422985,-0.9505172912031412,0.5996655113995075
2026-04-23 07:35:19.700,3509443.8301481027,779135.9847127113,5250957.939942749,-55709.76226199118,34.127907385281134,0.5453756172209978,-0.541890311287716,0.27398026548326015
2026-04-23 07:35:19.800,3509443.8442668337,779135.9187739778,5250957.987075716,-55714.679504018284,33.803322625076795,0.14118731021881104,-0.6593873351812363,0.4713296703994274
2026-04-23 07:35:19.900,3509443.84631744,779135.8929926872,5250958.02232284,-55719.59426575296,33.82324393088968,0.02050606068223715,-0.25781290605664253,0.35247123800218105
2026-04-23 07:35:20.000,3509443.865152055,779135.8308100484,5250958.068808954,-55724.5122807714,33.93463462054081,0.18834615126252174,-0.6218263879418373,0.46486114151775837
2026-04-23 07:35:20.100,3509443.849462123,779135.7037882702,5250958.015525799,-55729.5025172471,33.96226457481025,-0.1568993180990219,-1.270217781420797,-0.5328315496444702
2026-04-23 07:35:20.200,3509443.8192031938,779135.5834221522,5250958.008746189,-55734.47050076967,33.95196729727971,-0.3025892935693264,-1.2036611803341657,-0.06779610179364681
2026-04-23 07:35:20.300,3509443.8373413295,779135.5147462842,5250958.010943442,-55739.40106526396,34.06163420533884,0.1813813578337431,-0.6867586798034608,0.021972525864839554
2026-04-23 07:35:20.400,3509443.836464625,779135.4046829038,5250958.049400096,-55744.304874755784,34.06144338900669,-0.008767046965658665,-1.1006338044535369,0.3845665417611599
2026-04-23 07:35:20.500,3509443.8304960295,779135.2911467727,5250958.06296261,-55749.24607481685,34.259546787605515,-0.05968595389276743,-1.1353613110259175,0.13562514446675777
2026-04-23 07:35:20.600,3509443.893593382,779135.1678743699,5250958.071800091,-55754.17116021109,34.439642734996276,0.630973526276648,-1.2327240279410034,0.08837481029331684
2026-04-23 07:35:20.700,3509443.936811502,779135.084237712,5250958.080519588,-55759.09590271461,34.48321260356611,0.43218120001256466,-0.8363665791694075,0.08719496428966522
2026-04-23 07:35:20.800,3509443.9218672346,779134.9873882112,5250958.082313471,-55764.02909661656,34.42797339745456,-0.14944267459213734,-0.9684950078371912,0.017938828095793724
2026-04-23 07:35:20.900,3509443.9287910815,779134.8647134788,5250958.028458329,-55769.00349970989,34.5301821566336,0.06923846900463104,-1.2267473235260695,-0.5385514162480831
2026-04-23 07:35:21.000,3509443.983468607,779134.7831516236,5250957.995129058,-55773.93200432437,34.56939448847427,0.5467752553522587,-0.8156185527332127,-0.3332927078008652
2026-04-23 07:35:21.100,3509443.97948989,779134.6376364587,5250957.895598491,-55778.916191953715,34.78828220747758,-0.03978717140853405,-1.455151648260653,-0.9953056741505861
2026-04-23 07:35:21.200,3509443.9693354648,779134.5101783102,5250957.88664385,-55783.84538081836,34.66620012054587,-0.10154425166547298,-1.2745814851950854,-0.08954640477895737
2026-04-23 07:35:21.300,3509443.9755655797,779134.4295009855,5250957.88367493,-55788.753791999516,34.66688649028558,0.06230114959180355,-0.8067732467316091,-0.029689203947782516
2026-04-23 07:35:21.400,3509443.9450407284,779134.3134158211,5250957.901315424,-55793.68378126141,34.79649879629736,-0.3052485128864646,-1.1608516448177397,0.1764049381017685
2026-04-23 07:35:21.500,3509443.951921283,779134.221978617,5250957.917968531,-55798.599714320895,34.65163212132047,0.06880554370582104,-0.9143720404244959,0.16653107479214668
2026-04-23 07:35:21.600,3509443.971889392,779134.1966273511,5250957.933892136,-55803.482806213826,34.66849138619268,0.1996810920536518,-0.2535126591101289,0.15923605300486088
2026-04-23 07:35:21.700,3509444.018645895,779134.19119046,5250957.981639547,-55808.36827459412,34.56941752741226,0.467565031722188,-0.054368911078199744,0.477474108338356
2026-04-23 07:35:21.800,3509444.04215818,779134.146499222,5250958.019054341,-55813.27355921976,34.557036380261465,0.23512284737080336,-0.44691237970255315,0.37414793856441975
2026-04-23 07:35:21.900,3509443.9893198097,779134.0259197861,5250958.005260852,-55818.221138751025,34.58838827497516,-0.5283837020397186,-1.2057943595573306,-0.13793488964438438
2026-04-23 07:35:22.000,3509443.9466082663,779133.9008669569,5250958.026018419,-55823.18161320646,34.65940277762673,-0.4271154338493943,-1.2505282915662974,0.20757567137479782
2026-04-23 07:35:22.100,3509443.8527135514,779133.8119817402,5250958.007512371,-55828.14919073269,34.75415447520847,-0.9389471495524049,-0.8888521674089134,-0.18506048247218132
2026-04-23 07:35:22.200,3509443.855200182,779133.7059974998,5250958.010022953,-55833.080162830825,34.78139743564619,0.024866308085620403,-1.05984240421094,0.02510582096874714
2026-04-23 07:35:22.300,3509443.8185977447,779133.6039264738,5250958.032222484,-55838.02203726306,34.70125849492147,-0.366024374961853,-1.0207102599088103,0.22199531085789204
2026-04-23 07:35:22.400,3509443.8027111525,779133.5102256519,5250958.055096308,-55842.93418595526,34.6029671491751,-0.15886592213064432,-0.937008218606934,0.22873823530972004
2026-04-23 07:35:22.500,3509443.8579402966,779133.468905254,5250958.130423039,-55847.79904931712,34.44839920651988,0.5522914417088032,-0.41320397867821157,0.7532673142850399
2026-04-23 07:35:22.600,3509443.956038532,779133.4220965375,5250958.213810202,-55852.66675698022,34.20036236895647,0.9809823520481586,-0.46808716491796076,0.8338716253638268
2026-04-23 07:35:22.700,3509444.0059845382,779133.4196651994,5250958.251034406,-55857.57531831933,34.099974889085296,0.4994600638747215,-0.024313381873071194,0.37224204279482365
2026-04-23 07:35:22.800,3509444.0539382542,779133.3615048341,5250958.287491283,-55862.46642912615,33.84742665403248,0.4795371601358056,-0.5816036520991474,0.3645687736570835
2026-04-23 07:35:22.900,3509446.782036138,779134.8477083273,5250960.20202135,-55864.91315237994,48.34831295992589,27.280978839844465,14.862034932011738,19.145300667732954
2026-04-23 07:35:23.000,3509446.710803623,779134.7258022242,5250960.16548105,-55869.931000851626,48.53674272721753,-0.7123251538723707,-1.2190610310062766,-0.3654030058532953
2026-04-23 07:35:23.100,3509446.6452818527,779134.6286827081,5250960.09330972,-55874.961145366724,48.54689760919441,-0.6552177015691996,-0.9711951611097902,-0.7217132952064276
2026-04-23 07:35:23.200,3509446.6419422594,779134.5576477844,5250960.096787507,-55879.92473101285,48.681097085525444,-0.033395932987332344,-0.7103492377791554,0.034777866676449776
2026-04-23 07:35:23.300,3509446.554830571,779134.4663644186,5250960.054152707,-55884.93170037214,48.823971107798975,-0.8711168821901083,-0.9128336573485285,-0.4263480007648468
2026-04-23 07:35:23.400,3509446.455178805,779134.3476400082,5250960.005683419,-55889.962055989934,48.541615511880316,-0.9965176600962877,-1.1872441042214632,-0.4846928734332323
2026-04-23 07:35:23.500,3509446.377506714,779134.2354243539,5250959.901426077,-55895.03011869262,48.57904910304426,-0.7767209131270647,-1.122156543424353,-1.0425734240561724
2026-04-23 07:35:23.600,3509446.336951679,779134.1722321399,5250959.87421695,-55900.02774856757,48.71817670628284,-0.4055503476411104,-0.6319221400190145,-0.2720912732183933
2026-04-23 07:35:23.700,3509446.3317829054,779134.1281887046,5250959.900827216,-55904.959669494354,48.710178350065874,-0.05168773699551821,-0.44043435249477625,0.2661026641726494
2026-04-23 07:35:23.800,3509446.4161357344,779134.0867283997,5250959.909588704,-55909.8466560663,48.76506046308343,0.8435282902792096,-0.4146030487027019,0.08761487901210785
2026-04-23 07:35:23.900,3509446.4415818607,779134.0078674526,5250959.9343515,-55914.78934012162,48.542071487202406,0.25446126237511635,-0.7886094716377556,0.24762796238064766
2026-04-23 07:35:24.000,3509446.4413350546,779133.9284506735,5250959.950843271,-55919.74787952889,48.62114564729996,-0.002468060702085495,-0.7941677910275757,0.1649177074432373
2026-04-23 07:35:24.100,3509446.4933650405,779133.8826600054,5250959.975016309,-55924.66849016282,48.86399963470857,0.5202998593449593,-0.4579066811129451,0.24173038080334663
2026-04-23 07:35:24.200,3509446.4749571085,779133.8375264509,5250959.984014148,-55929.641017470065,48.68408111586748,-0.1840793201699853,-0.451335544930771,0.08997838944196701
2026-04-23 07:35:24.300,3509444.329072931,779132.3586194293,5250958.411155829,-55936.64220747791,33.11228495302067,-21.45884177647531,-14.7890702157747,-15.728583186864853
2026-04-23 07:35:24.400,3509444.4305417943,779132.3672838737,5250958.573451646,-55941.45788964707,32.95153953661544,1.014688634313643,0.08664444438181818,1.6229581646621227
2026-04-23 07:35:24.500,3509444.4947639024,779132.3647102604,5250958.730799168,-55946.29688557542,32.916475478812124,0.6422210810706019,-0.025736133102327585,1.5734752267599106
2026-04-23 07:35:24.600,3509444.5147039993,779132.3222108898,5250958.881394028,-55951.16721762219,32.685869758808124,0.19940096884965897,-0.4249937064014375,1.505948593840003
2026-04-23 07:35:24.700,3509444.4992836337,779132.2219458703,5250958.965504177,-55956.07020624909,38.9218380794028,-0.154203656129539,-1.0026501945685595,0.8411014918237925
2026-04-23 07:35:24.800,3509444.452197278,779132.1442621921,5250958.989526739,-55961.04735317707,38.891559086459885,-0.470863557420671,-0.7768367824610323,0.2402256242930889
2026-04-23 07:35:24.900,3509444.573417154,779132.0643869237,5250959.053455803,-55965.9241255039,38.71950626987285,1.2121987622231245,-0.7987526839133352,0.6392906326800585
2026-04-23 07:35:25.000,3509444.58824464,779131.9763821693,5250959.080152478,-55970.85682924341,38.66310829900611,0.14827485661953688,-0.8800475439056754,0.26696675457060337
2026-04-23 07:35:25.100,3509444.6370819123,779131.9117690119,5250959.111291389,-55975.76462027515,38.486569920212496,0.48837272450327873,-0.6461315741762519,0.3113891091197729
2026-04-23 07:35:25.200,3509444.644963105,779131.8131025375,5250959.044604943,-55980.72659442022,38.607121829042576,0.07881192956119776,-0.9866647433955222,-0.6668644584715366
2026-04-23 07:35:25.300,3509444.6560821496,779131.6765899125,5250959.023065208,-55985.69930042187,38.54822267223167,0.1111904438585043,-1.3651262503117323,-0.21539734676480293
2026-04-23 07:35:25.400,3509444.6553458646,779131.5825593034,5250958.996015358,-55990.69439642165,38.69702599348439,-0.00736285001039505,-0.9403060912154615,-0.27049850672483444
2026-04-23 07:35:25.500,3509444.619347705,779131.4736069584,5250958.839072789,-55995.74624137543,39.0488477669046,-0.3599815955385566,-1.0895234497729689,-1.5694256871938705
2026-04-23 07:35:25.600,3509444.6772313034,779131.3800295744,5250958.877804179,-56000.666470794386,39.030422249828895,0.5788359837606549,-0.9357738401740789,0.3873138967901468
2026-04-23 07:35:25.700,3509444.7110732254,779131.2785270591,5250958.790921499,-56005.67634108462,39.33138425974336,0.3384192194789648,-1.0150251525919884,-0.8688267972320318
2026-04-23 07:35:25.800,3509444.7519434458,779131.1716246054,5250958.621088249,-56010.70076807054,39.543958619337815,0.4087022040039301,-1.069024536991492,-1.698332503437996
2026-04-23 07:35:25.900,3509444.815200703,779131.0846747392,5250958.551303866,-56015.65984467512,39.851275802812395,0.6325725745409727,-0.8694986626505852,-0.697843823581934
2026-04-23 07:35:26.000,3509444.8787009376,779131.03285573,5250958.448011552,-56020.62401906277,40.01429747305957,0.6350023439154029,-0.5181900912430137,-1.0329231433570385
2026-04-23 07:35:26.100,3509444.9324423266,779130.9528977773,5250958.36155747,-56025.597691963776,40.05130551200476,0.537413889542222,-0.7995795272290707,-0.8645408228039742
2026-04-23 07:35:26.200,3509445.0247897967,779130.8702304832,5250958.306658732,-56030.53049356358,40.00471337649206,0.9234747011214495,-0.8266729407478124,-0.5489873792976141
2026-04-23 07:35:26.300,3509445.1373155448,779130.8630155966,5250958.239946561,-56035.46765976064,40.23964742053843,1.1252574808895588,-0.07214886602014303,-0.6671217083930969
2026-04-23 07:35:26.400,3509445.2595847105,779130.8329656944,5250958.207556376,-56040.377972633294,40.373329315399076,1.2226916570216417,-0.30049902270548046,-0.32390184700489044
2026-04-23 07:35:26.500,3509445.336899148,779130.8278862613,5250958.164954718,-56045.3208610875,40.60003866781703,0.7731443736702204,-0.05079433089122176,-0.42601658031344414
2026-04-23 07:35:26.600,3509445.4186741854,779130.8109806202,5250958.136746796,-56050.24764608484,40.9220083214573,0.8177503757178783,-0.1690564106684178,-0.28207922354340553
2026-04-23 07:35:26.700,3509445.348632182,779130.6234415501,5250958.046621594,-56055.27878506001,41.409487603786644,-0.7004200341179967,-1.8753907014615834,-0.9012520220130682
2026-04-23 07:35:26.800,3509445.1812704448,779130.4577956672,5250957.847952273,-56060.40606776988,41.770148128726596,-1.6736173722893,-1.6564588283654302,-1.9866932090371847
2026-04-23 07:35:26.900,3509445.2191453907,779130.5031035597,5250957.796064755,-56065.38823497308,41.37467507148264,0.37874945905059576,0.4530789249110967,-0.518875177949667
2026-04-23 07:35:27.000,3509445.3474060874,779130.5942793316,5250957.949574603,-56070.21646332665,40.925011876642444,1.2826069677248597,0.9117577190045267,1.5350984781980515
2026-04-23 07:35:27.100,3509445.3978937864,779130.5455395833,5250957.993781829,-56075.10837482456,41.101919321341576,0.5048769898712635,-0.4873974830843508,0.4420722648501396
2026-04-23 07:35:27.200,3509445.3991250824,779130.427447777,5250957.814941941,-56080.14697624572,41.62257263327903,0.012312959879636765,-1.1809180630370975,-1.7883988842368126
2026-04-23 07:35:27.300,3509445.461388304,779130.3796456165,5250957.796896295,-56085.05503888818,41.66267849526215,0.6226322147995234,-0.4780216049402952,-0.18045646138489246
2026-04-23 07:35:27.400,3509445.536384595,779130.3590328302,5250957.701090077,-56090.02688082903,41.82656627421037,0.7499629119411111,-0.2061278629116714,-0.9580621775239706
2026-04-23 07:35:27.500,3509445.660310861,779130.3208534068,5250957.515528799,-56095.02164701332,41.93929892740512,1.2392626609653234,-0.3817942342720926,-1.8556127790361643
2026-04-23 07:35:27.600,3509445.738931673,779130.2758955667,5250957.314662388,-56100.03222507899,42.221749075386796,0.7862081192433834,-0.4495784011669457,-2.0086641144007444
2026-04-23 07:35:27.700,3509445.828922185,779130.2466264872,5250957.214622974,-56104.987556280845,42.51845391048901,0.8999051200225949,-0.2926907944492996,-1.000394131988287
2026-04-23 07:35:27.800,3509445.8689501183,779130.182693188,5250957.154970965,-56109.96364534716,42.942889859516136,0.40027933195233345,-0.6393329927232116,-0.5965200904756784
2026-04-23 07:35:27.900,3509445.923160223,779130.1320419292,5250957.133425905,-56114.8973838723,43.008820887504434,0.5421010451391339,-0.506512587890029,-0.21545059978961945
2026-04-23 07:35:28.000,3509446.008449471,779130.154113543,5250957.192382277,-56119.76884509221,42.96038764429641,0.8528924826532602,0.22071613813750446,0.5895637162029743
2026-04-23 07:35:28.100,3509446.099289361,779130.1766267469,5250957.151115891,-56124.688727774905,43.13557749484274,0.9083988983184099,0.2251320390496403,-0.4126638639718294
2026-04-23 07:35:28.200,3509446.06081114,779130.2472264995,5250956.970834272,-56129.75523428274,43.475227892280365,-0.3847822081297636,0.7059975259471685,-1.8028161861002445
2026-04-23 07:35:28.300,3509446.040396439,779130.2871552176,5250956.772947483,-56134.819073918254,43.87706719504858,-0.2041470119729638,0.3992871812079102,-1.9788678921759129
2026-04-23 07:35:28.400,3509446.069217887,779130.2587332403,5250956.650390175,-56139.81352881222,43.8310165401369,0.28821447864174843,-0.2842197730205953,-1.2255730759352446
2026-04-23 07:35:28.500,3509446.099241303,779130.2763219373,5250956.553748687,-56144.80324964232,44.26335548682901,0.3002341603860259,0.1758869702462107,-0.9664148837327957
2026-04-23 07:35:28.600,3509446.1942941286,779130.2620793598,5250956.50492265,-56149.75731250367,44.32173352642112,0.9505282575264573,-0.14242577482946217,-0.4882603697478771
2026-04-23 07:35:28.700,3509446.33610577,779130.3231903305,5250956.540205275,-56154.62294666972,43.91151825629956,1.418116413988173,0.611109706806019,0.3528262488543987
2026-04-23 07:35:28.800,3509446.431101264,779130.3745427346,5250956.529658825,-56159.51824689247,44.006142354972596,0.9499549400061369,0.5135240405797958,-0.10546449571847916
2026-04-23 07:35:28.900,3509446.4894719473,779130.4241409614,5250956.476837057,-56164.44903309026,44.09260036651579,0.583706833422184,0.4959822678938508,-0.5282176844775677
2026-04-23 07:35:29.000,3509446.5171756726,779130.4489701987,5250956.363622321,-56169.42884999019,44.36765507980033,0.2770372526720166,0.24829237372614443,-1.1321473587304354
2026-04-23 07:35:29.100,3509446.5132189705,779130.5125641283,5250956.337393366,-56174.38184424861,44.25720278840865,-0.03956702072173357,0.6359392951708287,-0.26228955015540123
2026-04-23 07:35:29.200,3509446.5660064914,779130.5885021576,5250956.297835307,-56179.32359203809,44.039268128104915,0.5278752092272043,0.7593802933115512,-0.39558058604598045
2026-04-23 07:35:29.300,3509446.642816869,779130.6443470893,5250956.261401008,-56184.262727667396,44.22019638702581,0.768103776499629,0.5584493174683303,-0.3643429931253195
2026-04-23 07:35:29.400,3509446.6553468104,779130.7236822469,5250956.148298731,-56189.253344533034,44.359706251129616,0.12529941275715828,0.7933515752665699,-1.1310227680951357
2026-04-23 07:35:29.500,3509446.690968757,779130.7833648245,5250956.070823289,-56194.20571553693,44.005766537714045,0.35621946677565575,0.596825776156038,-0.7747544161975384
2026-04-23 07:35:29.600,3509446.7509273114,779130.8212362999,5250956.066088929,-56199.11899936235,43.975352936900336,0.5995855433866382,0.37871475447900593,-0.04734360612928867
2026-04-23 07:35:29.700,3509446.7877122215,779130.8850693075,5250956.1421384495,-56203.98844215218,43.81099204700126,0.3678491013124585,0.6383300758898258,0.7604952063411474
2026-04-23 07:35:29.800,3509446.8394326023,779130.9956400758,5250956.278508518,-56208.82538682328,43.599421433161574,0.5172038078308105,1.105707682436332,1.3637006841599941
2026-04-23 07:35:29.900,3509446.8849230725,779131.1230570992,5250956.372225383,-56213.72219612277,43.58725644073445,0.4549047024920583,1.2741702341008931,0.9371686540544033
2026-04-23 07:35:30.000,3509446.92343152,779131.2155074098,5250956.34733863,-56218.65892123426,43.626383097294465,0.38508447352796793,0.9245031059253961,-0.24886753410100937
2026-04-23 07:35:30.100,3509446.9621018944,779131.27922483,5250956.220391588,-56223.65332719521,43.72251063592153,0.38670374546200037,0.6371742021292448,-1.2694704160094261
2026-04-23 07:35:30.200,3509447.02027248,779131.3987457972,5250956.171316706,-56228.590724688016,43.44152217617526,0.5817058542743325,1.195209672441706,-0.4907488264143467
2026-04-23 07:35:30.300,3509447.0613554353,779131.4825521685,5250956.163821432,-56233.505488068586,43.10143961676628,0.41082955431193113,0.8380637131631374,-0.0749527383595705
2026-04-23 07:35:30.400,3509447.0499491934,779131.6506612531,5250956.205256883,-56238.45475089107,35.61988516983191,-0.11406241916120052,1.681090845959261,0.4143545124679804
2026-04-23 07:35:30.500,3509447.0942166233,779131.8062017495,5250956.330395385,-56243.315082622765,35.2825792075186,0.4426742997020483,1.5554049634374678,1.2513850163668394
2026-04-23 07:35:30.600,3509447.1204743637,779131.9078430295,5250956.2625318095,-56248.26825268589,35.096653304761816,0.2625774033367634,1.0164127999451011,-0.6786357518285513
2026-04-23 07:35:30.700,3509447.1429996844,779131.9606976865,5250956.2023245115,-56253.19981410074,41.78503832420412,0.22525320760905743,0.5285465705674142,-0.6020729802548885
2026-04-23 07:35:30.800,3509447.172532879,779132.0493844624,5250956.155525944,-56258.14607274771,41.48664523435205,0.2953319437801838,0.8868677588179708,-0.4679856728762388
2026-04-23 07:35:30.900,3509447.2243599957,779132.1875568232,5250956.244999523,-56263.011640073564,41.117026786927454,0.5182711686939001,1.3817236083559692,0.8947357907891273
2026-04-23 07:35:31.000,3509447.178470813,779132.3040635334,5250956.279030955,-56267.956210711236,40.76175400679514,-0.4588918248191476,1.165067101828754,0.3403143212199211
2026-04-23 07:35:31.100,3509447.129751639,779132.3797152117,5250956.263559187,-56272.92673599617,40.510898228032445,-0.4871917422860861,0.756516782566905,-0.1547176856547594
2026-04-23 07:35:31.200,3509447.122023315,779132.4454353191,5250956.22655812,-56277.876587071514,40.331120831342375,-0.07728323806077242,0.6572010740637779,-0.37001066841185093
2026-04-23 07:35:31.300,3509447.066243943,779132.5440656379,5250956.270821716,-56282.80071268801,40.60011306183545,-0.5577937234193087,0.9863031876739115,0.4426359571516514
2026-04-23 07:35:31.400,3509447.016983386,779132.6892462793,5250956.1914914325,-56287.77544853075,40.822288265964616,-0.4926055669784546,1.4518064144067466,-0.7933028321713209
2026-04-23 07:35:31.500,3509446.919670445,779132.7940162353,5250956.164757482,-56292.75461272453,40.99509406475845,-0.9731294121593237,1.0476995597127825,-0.26733950711786747
2026-04-23 07:35:31.600,3509446.7637863904,779132.8089519081,5250956.066628439,-56297.81456244195,41.09445082691913,-1.5588405448943377,0.14935672865249217,-0.9812904242426157
2026-04-23 07:35:31.700,3509446.6974172974,779132.8267575947,5250955.979668787,-56302.82597296374,41.09294305154934,-0.6636909302324057,0.1780568656977266,-0.8695965260267258
2026-04-23 07:35:31.800,3509446.6805872996,779132.9009770368,5250955.978015258,-56307.782214754174,40.97902667636812,-0.16829997766762972,0.7421944208908826,-0.016535287722945213
2026-04-23 07:35:31.900,3509446.670097682,779133.0096355925,5250956.038909828,-56312.67600485682,40.981804925900306,-0.10489617474377155,1.0865855566225946,0.6089457031339407
2026-04-23 07:35:32.000,3509446.6053718263,779133.0617189135,5250956.0128165195,-56317.63978534194,41.21808455091728,-0.6472585583105683,0.5208332103211433,-0.26093308813869953
2026-04-23 07:35:32.100,3509446.586426631,779133.1421527994,5250956.00283131,-56322.57674339302,40.90940445543306,-0.18945195246487856,0.804338859161362,-0.09985209442675114
2026-04-23 07:35:32.200,3509446.607283506,779133.2650401266,5250956.039255288,-56327.486689239304,40.64010191059215,0.20856874994933605,1.2288732721935958,0.3642397839576006
2026-04-23 07:35:32.300,3509446.661944354,779133.3949747857,5250956.063652374,-56332.38057923019,40.361757668015144,0.5466084787622094,1.2993465911131352,0.24397085420787334
2026-04-23 07:35:32.400,3509446.6862465115,779133.5228172176,5250956.066659983,-56337.31449103916,40.570498728502216,0.24302157573401928,1.2784243188798428,0.03007609397172928
2026-04-23 07:35:32.500,3509446.6408867296,779133.6874541071,5250956.05631095,-56342.28375771963,40.917576030500314,-0.45359781943261623,1.646368894726038,-0.10349033400416374
2026-04-23 07:35:32.600,3509446.682206457,779133.8227658345,5250956.019023421,-56347.21798894815,40.69293504790224,0.41319727431982756,1.35311727412045,-0.3728752862662077
2026-04-23 07:35:32.700,3509446.751548271,779133.9362149304,5250956.023730039,-56352.118075622064,40.849766693820456,0.6934181414544582,1.1344909586478025,0.04706617444753647
2026-04-23 07:35:32.800,3509446.7639762657,779134.0394059507,5250955.971031157,-56357.07001702652,40.812495577150685,0.12427994515746832,1.0319102031644434,-0.5269888136535883
2026-04-23 07:35:32.900,3509446.6944828015,779134.1391600803,5250955.949407851,-56362.055233178166,40.42113799157966,-0.6949346419423819,0.9975412965286523,-0.2162330597639084
2026-04-23 07:35:33.000,3509446.604596176,779134.2133272977,5250955.908698779,-56367.046589942096,40.40371441234124,-0.8988662529736757,0.7416721736080945,-0.4070907272398472
2026-04-23 07:35:33.100,3509446.6297804005,779134.3756538932,5250955.972305613,-56371.93447231215,39.98755236760131,0.25184224359691143,1.623265955131501,0.6360683403909206
2026-04-23 07:35:33.200,3509446.6856994913,779134.5185038875,5250956.019950349,-56376.80653856171,40.002713014371565,0.5591909075155854,1.4284999424126,0.47644736245274544
2026-04-23 07:35:33.300,3509446.7002050406,779134.5887541695,5250956.030709818,-56381.71497684545,40.20870065110621,0.1450554933398962,0.7025028206408024,0.10759469121694565
2026-04-23 07:35:33.400,3509446.668148807,779134.6783667353,5250956.020465379,-56386.657364002625,39.90839950581225,-0.3205623384565115,0.8961256581824273,-0.10244439356029034
2026-04-23 07:35:33.500,3509446.608243647,779134.8424954327,5250956.020841655,-56391.60187506951,39.93680366159311,-0.5990515975281596,1.6412869736086577,0.003762766718864441
2026-04-23 07:35:33.600,3509446.6439222004,779134.9109601935,5250955.970193787,-56396.54853348757,39.90420745611833,0.3567855339497328,0.6846476078499109,-0.506478687748313
2026-04-23 07:35:33.700,3509446.6739361407,779134.9864050034,5250955.981088092,-56401.47302316037,40.070403804565146,0.30013940297067165,0.7544480985961854,0.10894305072724819
2026-04-23 07:35:33.800,3509446.69544036,779135.1207486026,5250956.11519613,-56406.330443574014,40.217339298715316,0.2150421915575862,1.3434359920211136,1.3410803861916065
2026-04-23 07:35:33.900,3509446.723246911,779135.2391884646,5250956.133102573,-56411.24739610527,40.09879004050207,0.27806551195681095,1.184398620389402,0.1790644321590662
2026-04-23 07:35:34.000,3509446.649105123,779135.3343305191,5250956.119961534,-56416.21639630512,40.20263381446804,-0.741417882964015,0.951420544879511,-0.1314103975892067
2026-04-23 07:35:34.100,3509446.5992909353,779135.3541706222,5250956.0041840235,-56421.236140302986,40.23908767006235,-0.49814187455922365,0.1984010310843587,-1.1577751021832228
2026-04-23 07:35:34.200,3509446.614827416,779135.4534467513,5250955.977306444,-56426.18620208722,40.13580585699815,0.15536480583250523,0.9927612915635109,-0.26877579279243946
2026-04-23 07:35:34.300,3509446.63805817,779135.541536019,5250955.988204198,-56431.10398806666,40.11732616025695,0.23230754304677248,0.8808926760684699,0.1089775376021862
2026-04-23 07:35:34.400,3509446.6732450086,779135.6277174584,5250956.001794499,-56436.011705218545,40.07076455958149,0.3518683835864067,0.8618143945932388,0.13590301387012005
2026-04-23 07:35:34.500,3509446.7024095524,779135.7496662855,5250956.018903332,-56440.914441944726,40.12359450997906,0.29164543841034174,1.2194882705807686,0.17108832485973835
2026-04-23 07:35:34.600,3509446.7847159514,779135.9064589109,5250956.120940158,-56445.74800997033,39.99400415148458,0.8230639901012182,1.56792625435628,1.0203682631254196
2026-04-23 07:35:34.700,3509446.8711544257,779136.052919468,5250956.075748584,-56450.67900124961,40.32335970378551,0.8643847424536943,1.4646055712364614,-0.4519157391041517
2026-04-23 07:35:34.800,3509446.8838937595,779136.2123479304,5250956.0231798105,-56455.67548515088,40.61988251366504,0.12739333789795637,1.5942846238613129,-0.525687737390399
2026-04-23 07:35:34.900,3509446.895460683,779136.3488770658,5250956.018399979,-56460.62241853428,40.80505238733948,0.11566923465579748,1.365291354013607,-0.047798315063118935
2026-04-23 07:35:35.000,3509446.9179052683,779136.4680404349,5250955.976745666,-56465.56036303596,41.04086128410394,0.22444585338234901,1.1916336906142533,-0.4165431298315525
2026-04-23 07:35:35.100,3509446.939879703,779136.6278731341,5250956.0519540785,-56470.44708442156,41.12205358754565,0.21974434610456228,1.5983269922435284,0.7520841248333454
2026-04-23 07:35:35.200,3509446.978758895,779136.786765309,5250956.050573494,-56475.37896418894,41.091852914790294,0.3887919196859002,1.5889217494986951,-0.013805842027068138
2026-04-23 07:35:35.300,3509446.9991765306,779136.9097399171,5250955.912099601,-56480.38103871246,41.02146421293881,0.20417635794728994,1.2297460809350014,-1.3847389351576567
2026-04-23 07:35:35.400,3509447.0620315024,779137.0232364797,5250955.9592800755,-56485.25552365064,40.93283174373771,0.6285497173666954,1.1349656258244067,0.4718047473579645
2026-04-23 07:35:35.500,3509447.096630364,779137.1096322747,5250955.926229086,-56490.18847708249,40.88053416175998,0.3459886182099581,0.8639579499140382,-0.33050989732146263
2026-04-23 07:35:35.600,3509447.1511765937,779137.2049631034,5250955.877685542,-56495.11273310558,40.96924297665186,0.5454622954130173,0.9533082868438214,-0.4854354355484247
2026-04-23 07:35:35.700,3509447.1662143134,779137.3285696824,5250955.841080158,-56500.065222389254,40.867274453925205,0.15037719625979662,1.236065790290013,-0.36605384200811386
2026-04-23 07:35:35.800,3509447.0159180346,779137.4389180276,5250955.741926916,-56505.14679034462,40.78807377365354,-1.5029627876356244,1.1034834512975067,-0.9915324207395315
2026-04-23 07:35:35.900,3509446.923258803,779137.4810948515,5250955.734062351,-56510.15454198433,40.7395152834587,-0.9265923174098134,0.42176823946647346,-0.07864564657211304
2026-04-23 07:35:36.000,3509446.910782653,779137.6044445504,5250955.827699106,-56515.052510798494,40.70612773524853,-0.12476149946451187,1.2334969884250313,0.9363675490021706
2026-04-23 07:35:36.100,3509448.6274104742,779138.9968116127,5250957.411257198,-56518.20383242521,49.348690965342726,17.166278213262558,13.923670623917133,15.835580918937922
2026-04-23 07:35:36.200,3509448.5467033363,779139.1236470048,5250957.385291019,-56523.18343500601,49.13355193968324,-0.8070713793858886,1.2683539208956063,-0.2596617862582207
2026-04-23 07:35:36.300,3509446.8615182727,779137.999162499,5250955.8676309,-56529.820301408596,33.722349893660756,-16.851850636303425,-11.244845058536157,-15.176601195707917
2026-04-23 07:35:36.400,3509446.830393155,779138.1170128867,5250955.883751191,-56534.75445964809,33.73494783198404,-0.3112511755898595,1.178503877017647,0.1612029131501913
2026-04-23 07:35:36.500,3509446.73430718,779138.1905523814,5250955.850793057,-56539.76139017618,33.7869171333234,-0.9608597494661808,0.7353949476964772,-0.32958134077489376
2026-04-23 07:35:36.600,3509446.588284728,779138.1969966008,5250955.646352157,-56544.88353139917,33.92081295095384,-1.4602245204150677,0.0644421938341111,-2.0444090012460947
2026-04-23 07:35:36.700,3509446.571032861,779138.2540586276,5250955.519461197,-56549.87724245609,34.05729249079576,-0.17251867335289717,0.5706202681176364,-1.26890960149467
2026-04-23 07:35:36.800,3509446.461838374,779138.2809749595,5250955.386628,-56554.93596726824,34.3319891643323,-1.0919448686763644,0.2691633184440434,-1.3283319678157568
2026-04-23 07:35:36.900,3509446.384539946,779138.3553970007,5250955.366769989,-56559.92094806779,34.578590482182996,-0.772984279319644,0.7442204118706286,-0.19858011044561863
2026-04-23 07:35:37.000,3509446.458627913,779138.5209473162,5250955.3926507225,-56564.7892320113,34.54909246487637,0.7408796716481447,1.6555031551979482,0.25880733504891396
2026-04-23 07:35:37.100,3509446.538835717,779138.6456690237,5250955.371453285,-56569.67975280595,34.27565454496704,0.8020780375227332,1.247217075433582,-0.21197437308728695
2026-04-23 07:35:37.200,3509446.6073738537,779138.8077333008,5250955.40972843,-56574.5606648916,34.163228385942915,0.6853813678026199,1.620642771013081,0.3827514499425888
2026-04-23 07:35:37.300,3509446.627198132,779138.9509421459,5250955.454826774,-56579.447885155554,33.92077828272341,0.1982427854090929,1.4320884505286813,0.4509834386408329
2026-04-23 07:35:37.400,3509446.635563757,779139.0874689379,5250955.451356243,-56584.3616826775,33.83296335804071,0.08365624584257603,1.3652679196093231,-0.034705307334661484
2026-04-23 07:35:37.500,3509446.6693661977,779139.2152957118,5250955.446786343,-56589.2789031691,33.85626674938718,0.33802440855652094,1.2782677391078323,-0.04569900222122669
2026-04-23 07:35:37.600,3509446.6910863738,779139.3472366579,5250955.404790882,-56594.21593456858,33.855148806153586,0.21720176097005606,1.3194094609934837,-0.41995461098849773
2026-04-23 07:35:37.700,3509446.7164936513,779139.4926730396,5250955.383042913,-56599.12816971858,33.63213920292926,0.2540727751329541,1.454363816883415,-0.21747969090938568
2026-04-23 07:35:37.800,3509446.7688585743,779139.6603422615,5250955.383777385,-56604.023055743906,33.596547272009595,0.5236492305994034,1.6766922199167311,0.007344717159867287
2026-04-23 07:35:37.900,3509447.0444511394,779139.7117445086,5250955.176040521,-56608.89297137073,40.415670742224286,2.7559256507083774,0.5140224704518914,-2.077368637546897
2026-04-23 07:35:38.000,3509447.007499732,779139.8516559929,5250955.116491468,-56613.86642626437,40.57800031451435,-0.36951407324522734,1.3991148432251066,-0.5954905319958925
2026-04-23 07:35:38.100,3509447.062241598,779140.0163210697,5250955.17433623,-56618.76032630572,40.48335390792276,0.5474186595529318,1.6466507676523179,0.5784476269036531
2026-04-23 07:35:38.200,3509447.0846983343,779140.1229535793,5250955.152968247,-56623.68880932641,40.58181749244472,0.2245673630386591,1.0663250961806625,-0.2136798296123743
2026-04-23 07:35:38.300,3509447.1551947123,779140.1837105247,5250955.073589183,-56628.648142391285,40.981341790588246,0.7049637800082564,0.6075694540049881,-0.793790640309453
2026-04-23 07:35:38.400,3509447.1961543295,779140.3054289655,5250955.013797799,-56633.58748319626,40.85683246420489,0.40959617123007774,1.217184407869354,-0.5979138426482677
2026-04-23 07:35:38.500,3509447.217704349,779140.4184625502,5250955.025028766,-56638.54507720779,40.57179016574294,0.2155001973733306,1.1303358466830105,0.11230967007577419
2026-04-23 07:35:38.600,3509447.218282783,779140.550658457,5250955.089590535,-56643.469820686114,40.556011111521514,0.005784337408840656,1.3219590683002025,0.6456176843494177
2026-04-23 07:35:38.700,3509447.183188018,779140.6854673756,5250955.118313089,-56648.401976495494,40.42714551700827,-0.3509476501494646,1.348089185776189,0.28722554445266724
2026-04-23 07:35:38.800,3509447.202587737,779140.8239628782,5250955.101166361,-56653.33537124676,40.16592185233698,0.1939971884712577,1.384955026442185,-0.1714672800153494
2026-04-23 07:35:38.900,3509447.2097350764,779140.9718544101,5250955.095327859,-56658.27774041458,40.24272347840635,0.07147339638322592,1.4789153193123639,-0.05838502198457718
2026-04-23 07:35:39.000,3509447.217089337,779141.1361644814,5250955.098192888,-56663.22138430714,40.563273856016735,0.07354260422289371,1.6431007126811892,0.028650294989347458
2026-04-23 07:35:39.100,3509447.2096408415,779141.2988586047,5250955.066085678,-56668.18063250283,40.80388587451644,-0.07448495365679264,1.626941233407706,-0.321072107180953
2026-04-23 07:35:39.200,3509447.2326404555,779141.4425711932,5250955.086271495,-56673.09646982799,40.94350943838858,0.22999614011496305,1.4371258846949786,0.20185817033052444
2026-04-23 07:35:39.300,3509447.2521510725,779141.5890912011,5250955.108472774,-56678.00183694596,40.963969037918424,0.1951061701402068,1.4652000786736608,0.22201279178261757
2026-04-23 07:35:39.400,3509447.2539070765,779141.7488643656,5250955.142504366,-56682.92333309634,40.8124758743205,0.017560040578246117,1.5977316454518586,0.34031592309474945
2026-04-23 07:35:39.500,3509447.213819502,779141.9070889761,5250955.151910369,-56687.86329268096,40.81888251192391,-0.40087574627250433,1.5822461049538106,0.09406003169715405
2026-04-23 07:35:39.600,3509447.1969237807,779142.0542960234,5250955.11515177,-56692.80376819466,40.732081607788594,-0.16895721200853586,1.4720704732462764,-0.367585988715291
2026-04-23 07:35:39.700,3509447.2530832468,779142.2366620492,5250955.047319529,-56697.74584667089,40.73513321823866,0.5615946603938937,1.823660257505253,-0.6783224176615477
2026-04-23 07:35:39.800,3509447.236001122,779142.4081934021,5250955.015041628,-56702.687708774676,41.19063346379954,-0.17082124948501587,1.7153135291300714,-0.32277900725603104
2026-04-23 07:35:39.900,3509447.1641602223,779142.5124986621,5250954.890599377,-56707.6914467649,41.597231520507556,-0.718408995307982,1.043052599998191,-1.2444225046783686
2026-04-23 07:35:40.000,3509447.1481645736,779142.645690949,5250954.825307078,-56712.62860701478,41.911256699766525,-0.15995648689568043,1.331922869430855,-0.652922997251153
2026-04-23 07:35:40.100,3509447.169968106,779142.7923038234,5250954.756655237,-56717.57165748195,41.88836057130258,0.21803532261401415,1.466128743486479,-0.6865184102207422
2026-04-23 07:35:40.200,3509447.2086385475,779142.9412794075,5250954.756861931,-56722.47076938895,41.639352095012754,0.3867044160142541,1.4897558407392353,0.0020669400691986084
2026-04-23 07:35:40.300,3509447.240250732,779143.0666451163,5250954.737194215,-56727.394555737934,41.58803575583969,0.3161218436434865,1.2536570883821696,-0.19667715765535831
2026-04-23 07:35:40.400,3509447.2479059156,779143.1701630664,5250954.709686895,-56732.31888222202,41.61452975463196,0.07655183784663677,1.0351795004680753,-0.27507320046424866
2026-04-23 07:35:40.500,3509447.2879995825,779143.2781809192,5250954.695185114,-56737.2132558239,41.87770149804622,0.4009366687387228,1.0801785287912935,-0.14501781202852726
2026-04-23 07:35:40.600,3509447.3526853602,779143.4296015262,5250954.70874279,-56742.077253285745,41.90494920424836,0.6468577776104212,1.5142060699872673,0.1355767622590065
2026-04-23 07:35:40.700,3509447.394709306,779143.588336058,5250954.726455585,-56746.96376864601,41.88649319543107,0.4202394559979439,1.5873453172389418,0.17712795175611973
2026-04-23 07:35:40.800,3509447.372962038,779143.7371003273,5250954.70415914,-56751.899305684696,41.8032196818153,-0.21747267805039883,1.4876426931004971,-0.22296445444226265
2026-04-23 07:35:40.900,3509447.3327555177,779143.9155640452,5250954.6347881,-56756.872693764904,41.65424923814246,-0.402065203525126,1.7846371792256832,-0.6937103997915983
2026-04-23 07:35:41.000,3509447.3246177733,779144.0846144111,5250954.55420011,-56761.82862229519,41.873585151938165,-0.08137744385749102,1.6905036591924727,-0.8058798965066671
2026-04-23 07:35:41.100,3509447.3401713506,779144.2310613971,5250954.404525935,-56766.804140863496,42.31559271710758,0.15553577337414026,1.4644698600750417,-1.4967417530715466
2026-04-23 07:35:41.200,3509447.396424502,779144.3627963796,5250954.338296878,-56771.7115769816,42.38652676663796,0.5625315150246024,1.3173498248215765,-0.6622905656695366
2026-04-23 07:35:41.300,3509447.4276929093,779144.5293886,5250954.265500384,-56776.6496213073,42.63685384771118,0.3126840712502599,1.665922204265371,-0.7279649376869202
2026-04-23 07:35:41.400,3509447.480845912,779144.7034937168,5250954.292647663,-56781.524879742195,42.44522898418255,0.5315300263464451,1.7410511674825102,0.2714727818965912
2026-04-23 07:35:41.500,3509447.4919823688,779144.86911359,5250954.316420018,-56786.413881967965,42.430885848835196,0.11136456858366728,1.6561987320892513,0.23772355169057846
2026-04-23 07:35:41.600,3509447.4801873304,779145.0351873466,5250954.310664347,-56791.33206941361,42.51762637558472,-0.11795038357377052,1.6607375664170831,-0.05755670368671417
2026-04-23 07:35:41.700,3509447.482420081,779145.1975735563,5250954.3083359245,-56796.266633445506,42.21654834422035,0.022327504120767117,1.6238620970398188,-0.023284228518605232
2026-04-23 07:35:41.800,3509447.488771694,779145.3417804667,5250954.271034631,-56801.20407172824,41.8045634206389,0.06351612973958254,1.4420691039413214,-0.37301293574273586
2026-04-23 07:35:41.900,3509447.4834474553,779145.46466214,5250954.225416966,-56806.127293782454,41.66326145896411,-0.05324238445609808,1.228816732764244,-0.4561766516417265
2026-04-23 07:35:42.000,3509447.4735373943,779145.6220549841,5250954.209349239,-56811.039368480786,41.68748335194961,-0.09910061024129391,1.5739284409210086,-0.16067726537585258
2026-04-23 07:35:42.100,3509447.4807447116,779145.7588230046,5250954.160236226,-56815.96074975384,41.85386808827871,0.07207317277789116,1.3676802045665681,-0.49113012850284576
2026-04-23 07:35:42.200,3509447.494019853,779145.9264782437,5250954.186859137,-56820.85535423489,41.73411013739277,0.1327514136210084,1.6765523911453784,0.2662291098386049
2026-04-23 07:35:42.300,3509447.5869403738,779146.0810999522,5250954.251930888,-56825.71095738674,34.69065388419493,0.9292052080854774,1.5462170855607837,0.6507175043225288
2026-04-23 07:35:42.400,3509447.6190574965,779146.2404443392,5250954.252970131,-56830.61624742637,34.67222106230401,0.32117122784256935,1.5934438700787723,0.010392433032393456
2026-04-23 07:35:42.500,3509447.6328492183,779146.4083124133,5250954.220310125,-56835.54416793643,34.72740488248666,0.13791721779853106,1.6786807402968407,-0.32660006545484066
2026-04-23 07:35:42.600,3509447.5953829093,779146.5723472391,5250954.175919048,-56840.50471547625,34.923458431825324,-0.37466309033334255,1.6403482586611062,-0.44391077011823654
2026-04-23 07:35:42.700,3509447.5880156467,779146.7364579597,5250954.161387954,-56845.418192705394,35.005309979942574,-0.07367262616753578,1.6411072062328458,-0.14531093649566174
2026-04-23 07:35:42.800,3509447.573078365,779146.8548865917,5250954.121158407,-56850.3646211426,34.87927046660566,-0.14937281608581543,1.1842863191850483,-0.4022954683750868
2026-04-23 07:35:42.900,3509447.55398912,779147.0128885168,5250954.095588337,-56855.31717419029,34.96678722400765,-0.19089245237410069,1.5800192509777844,-0.2557007037103176
2026-04-23 07:35:43.000,3509447.543437548,779147.1888012493,5250954.0504405,-56860.26171550917,35.15150874686612,-0.10551571846008301,1.759127324912697,-0.4514783713966608
2026-04-23 07:35:43.100,3509447.603838501,779147.344382283,5250954.029913109,-56865.149278682635,35.18312494430648,0.6040095305070281,1.5558103378862143,-0.20527390763163567
2026-04-23 07:35:43.200,3509447.621138562,779147.5172871982,5250954.059932543,-56870.04242018712,35.14345542944748,0.1730006095021963,1.72904915176332,0.3001943416893482
2026-04-23 07:35:43.300,3509447.692182178,779147.641546741,5250953.995969205,-56874.95347963083,41.952856593127805,0.7104361616075039,1.2425954279024154,-0.6396333780139685
2026-04-23 07:35:43.400,3509447.6706370334,779147.7892857767,5250953.933707985,-56879.91664186752,41.70545801563687,-0.21545144729316235,1.4773903565946966,-0.6226122006773949
2026-04-23 07:35:43.500,3509447.640831819,779147.8760147113,5250953.832761029,-56884.88426207408,41.881670771576395,-0.2980521460995078,0.8672893466427922,-1.0094695631414652
2026-04-23 07:35:43.600,3509447.6205760324,779147.986626705,5250953.740366926,-56889.841044111396,41.99304932609213,-0.2025578636676073,1.1061199370305985,-0.9239410236477852
2026-04-23 07:35:43.700,3509447.633786808,779148.1634403291,5250953.758007515,-56894.729087352236,41.55310809029205,0.13210775330662727,1.7681362410075963,0.1764058880507946
2026-04-23 07:35:43.800,3509447.6758935796,779148.3159798818,5250953.753073621,-56899.61271478915,41.51629030530218,0.4210677184164524,1.5253955265507102,-0.049338946118950844
2026-04-23 07:35:43.900,3509447.721118094,779148.4710013387,5250953.712194261,-56904.500843060145,41.10114505252976,0.45224514324218035,1.5502145688515157,-0.4087935946881771
2026-04-23 07:35:44.000,3509447.7759218803,779148.6506178044,5250953.72308614,-56909.37655494762,40.70041859089272,0.5480378633365035,1.7961646569892764,0.10891878977417946
2026-04-23 07:35:44.100,3509447.75474049,779148.7941117388,5250953.670699396,-56914.31038847692,40.44138037504359,-0.21181390155106783,1.4349393441807479,-0.5238674394786358
2026-04-23 07:35:44.200,3509447.682410678,779148.9667606017,5250953.612069171,-56919.2830438434,40.37060906425655,-0.7232981221750379,1.7264886293560266,-0.5863022524863482
2026-04-23 07:35:44.300,3509447.6597330305,779149.09329271,5250953.533836565,-56924.23799426374,40.32301304051107,-0.22677647415548563,1.2653210829012096,-0.7823260594159365
2026-04-23 07:35:44.400,3509447.6803720254,779149.1962635833,5250953.508523777,-56929.14811504714,40.27149747983414,0.20638994872570038,1.0297087323851883,-0.2531278785318136
2026-04-23 07:35:44.500,3509447.7554314006,779149.3924753418,5250953.570632048,-56933.995163242245,39.86500351981262,0.7505937526002526,1.9621175853535533,0.6210827082395554
2026-04-23 07:35:44.600,3509447.8015685724,779149.5653080108,5250953.603354382,-56938.84712822236,39.62804094804022,0.46137171797454357,1.7283266899175942,0.3272233437746763
2026-04-23 07:35:44.700,3509447.8395656217,779149.712153925,5250953.59674981,-56943.71953923573,39.7101284123038,0.37997049279510975,1.4684591419063509,-0.06604572758078575
2026-04-23 07:35:44.800,3509447.859911382,779149.8760679896,5250953.533737721,-56948.64717708674,39.631355122224676,0.20345760509371758,1.6391406464390457,-0.630120886489749
2026-04-23 07:35:44.900,3509447.8136700517,779150.0031044241,5250953.441444427,-56953.635648588264,39.633112741657996,-0.46241330448538065,1.2703643448185176,-0.9229329414665699
2026-04-23 07:35:45.000,3509447.8096300485,779150.1331499574,5250953.410625803,-56958.5624010833,39.67426589446412,-0.04040003288537264,1.3004553329665214,-0.3081862349063158
2026-04-23 07:35:45.100,3509447.8047765326,779150.28638644,5250953.379176936,-56963.48572567801,39.52135897869182,-0.04853515885770321,1.5323648264165968,-0.3144886717200279
2026-04-23 07:35:45.200,3509447.816764736,779150.4729045518,5250953.385418695,-56968.39073118852,39.2139673253244,0.11988203506916761,1.8651811173185706,0.062417592853307724
2026-04-23 07:35:45.300,3509447.8546179417,779150.6245112966,5250953.335678885,-56973.314705072095,39.235442665902774,0.3785320557653904,1.5160674485377967,-0.4973981063812971
2026-04-23 07:35:45.400,3509447.9033699413,779150.7386375867,5250953.2959210975,-56978.2199016776,39.2299192816306,0.48751999624073505,1.141262900782749,-0.39757787249982357
2026-04-23 07:35:45.500,3509447.920803372,779150.8673383441,5250953.277462211,-56983.131370818155,39.24729647969328,0.17433430533856153,1.287007573992014,-0.18458886072039604
2026-04-23 07:35:45.600,3509447.887620224,779151.0110471956,5250953.290933918,-56988.04786773396,39.109733037537886,-0.3318314766511321,1.4370885153766721,0.1347170677036047
2026-04-23 07:35:45.700,3509447.8354207845,779151.1658403145,5250953.266508836,-56992.989954859746,39.26017279136336,-0.5219943961128592,1.5479311882518232,-0.2442508190870285
2026-04-23 07:35:45.800,3509447.831215612,779151.316174915,5250953.240514312,-56997.92435694488,39.49640357119693,-0.042051724158227444,1.5033460047561675,-0.25994524359703064
2026-04-23 07:35:45.900,3509447.8526574853,779151.4635469642,5250953.218116058,-57002.835738933056,39.653946194269096,0.21441873162984848,1.4737204927951097,-0.2239825390279293
2026-04-23 07:35:46.000,3509447.855755218,779151.6629005497,5250953.174028191,-57007.75793671889,39.89921317939552,0.03097732551395893,1.9935358548536897,-0.4408786725252867
2026-04-23 07:35:46.100,3509447.8927978636,779151.8123091635,5250953.064668572,-57012.69489582119,40.13032352147301,0.370426457375288,1.4940861379727721,-1.0935961920768023
2026-04-23 07:35:46.200,3509447.971066787,779151.9972037763,5250953.007924018,-57017.58681644159,40.146725237324844,0.7826892333105206,1.8489461275748909,-0.5674455314874649
2026-04-23 07:35:46.300,3509447.9904687623,779152.1784179988,5250953.051968837,-57022.43941279557,39.9238549506786,0.19401975441724062,1.8121422256808728,0.44044818729162216
2026-04-23 07:35:46.400,3509448.0331051527,779152.3403032408,5250953.101829495,-57027.308118213856,39.73279297670603,0.42636390309780836,1.6188524197787046,0.4986065812408924
2026-04-23 07:35:46.500,3509448.068457395,779152.5319722068,5250953.116943964,-57032.19509645588,39.74305133515439,0.35352242179214954,1.9166896597016603,0.15114468522369862
2026-04-23 07:35:46.600,3509448.065498001,779152.6899802288,5250953.017288025,-57037.153322169026,40.024747902000534,-0.0295939389616251,1.5800802200101316,-0.9965593926608562
2026-04-23 07:35:46.700,3509448.024621574,779152.8482649603,5250952.962327716,-57042.08500000076,40.257534318733235,-0.40876426734030247,1.5828473155852407,-0.5496030859649181
2026-04-23 07:35:46.800,3509448.027804789,779153.0248397872,5250952.970156957,-57047.00476940369,40.237371229902585,0.031832149252295494,1.7657482682261616,0.07829241454601288
2026-04-23 07:35:46.900,3509448.0490482124,779153.1622728072,5250952.96837182,-57051.91785841237,39.84843772091991,0.21243423223495483,1.3743302004877478,-0.01785137690603733
2026-04-23 07:35:47.000,3509448.084818882,779153.3030696032,5250952.888885731,-57056.85448161487,39.70557107078302,0.3577066957950592,1.4079679595306516,-0.7948608882725239
2026-04-23 07:35:47.100,3509448.130053746,779153.4527361227,5250952.885308326,-57061.73925977764,39.61356292278175,0.45234864111989737,1.4966651948634535,-0.035774046555161476
2026-04-23 07:35:47.200,3509448.114467026,779153.5961393438,5250952.792643034,-57066.69916441635,39.636037501665754,-0.1558671984821558,1.4340322115458548,-0.9266529232263565
2026-04-23 07:35:47.300,3509448.0681952387,779153.776382604,5250952.821549009,-57071.62224952437,39.35259019335557,-0.46271787490695715,1.8024326022714376,0.28905974701046944
2026-04-23 07:35:47.400,3509448.037435497,779153.9260522737,5250952.771433305,-57076.58183515241,39.163085835864095,-0.3075974155217409,1.4966966968495399,-0.5011570360511541
2026-04-23 07:35:47.500,3509448.135572027,779154.011455268,5250952.776934901,-57081.428986580126,48.712655209198864,0.9813652979210019,0.8540299430023879,0.055015962570905685
2026-04-23 07:35:47.600,3509448.160165815,779154.1111041886,5250952.797301211,-57086.29341896716,48.57553909776898,0.2459378819912672,0.9964892058633268,0.20366310141980648
2026-04-23 07:35:47.700,3509448.1819567685,779154.2229609995,5250952.836236912,-57091.12252716471,48.69374582342755,0.2179095335304737,1.1185681086499244,0.389357004314661
2026-04-23 07:35:47.800,3509448.1295039295,779154.3884433305,5250952.741701878,-57096.10830993522,49.18716768933255,-0.5245283897966146,1.6548233106732368,-0.9453503414988518
2026-04-23 07:35:47.900,3509448.1058904096,779154.5058130815,5250952.685841822,-57101.072588393625,49.098773167762566,-0.23613519966602325,1.173697509802878,-0.5586005561053753
2026-04-23 07:35:48.000,3509448.212224456,779154.5526765047,5250952.769852855,-57105.8984413313,48.54715735434669,1.0633404646068811,0.4686342319473624,0.8401103317737579
2026-04-23 07:35:48.100,3509450.881800279,779152.7265131304,5250954.609122658,-57108.09208211905,59.653609650769596,26.69575823005289,-18.261633743532002,18.39269802905619
2026-04-23 07:35:48.200,3509450.864165832,779152.8476130953,5250954.535597616,-57113.03370341409,59.7665784218743,-0.17634447198361158,1.2109996494837105,-0.7352504227310419
2026-04-23 07:35:48.300,3509448.6766144424,779154.4136971887,5250953.770503399,-57119.74683630353,37.08074077465957,-21.875513894483447,15.66084093414247,-7.6509421691298485
2026-04-23 07:35:48.400,3509448.6399801243,779154.5584163544,5250953.713745232,-57124.67645373986,37.12843869237944,-0.3663431806489825,1.4471916563343257,-0.5675816722214222
2026-04-23 07:35:48.500,3509448.7459751773,779154.5919173455,5250953.818818616,-57129.431674772,46.36261771587383,1.0599505295976996,0.3350099117960781,1.0507338400930166
2026-04-23 07:35:48.600,3509448.65723478,779154.7855434921,5250953.736164094,-57134.41870016254,46.563858206193025,-0.8874039724469185,1.9362614653073251,-0.8265452180057764
2026-04-23 07:35:48.700,3509448.626284835,779154.9178829747,5250953.705606989,-57139.35620527749,46.7260515931118,-0.30949945095926523,1.3233948266133666,-0.3055710531771183
2026-04-23 07:35:48.800,3509448.6028112853,779155.0269800168,5250953.617909786,-57144.33933914064,46.60295324594649,-0.23473549634218216,1.0909704212099314,-0.8769720233976841
2026-04-23 07:35:48.900,3509448.54630713,779155.1518908384,5250953.613296929,-57149.308662354364,46.27502012174235,-0.5650415550917387,1.2491082155611366,-0.04612857475876808
2026-04-23 07:35:49.000,3509448.4674836844,779155.2761099415,5250953.649048272,-57154.26116970038,46.184422846168694,-0.7882344536483288,1.2421910313423723,0.357513427734375
2026-04-23 07:35:49.100,3509448.4501036685,779155.3831253418,5250953.652302901,-57159.18253233081,46.330290049336284,-0.17380015924572945,1.0701540031004697,0.03254629671573639
2026-04-23 07:35:49.200,3509448.3924655803,779155.4486198294,5250953.583087566,-57164.14074336528,46.61083755610524,-0.5763808824121952,0.6549448752775788,-0.6921533495187759
2026-04-23 07:35:49.300,3509448.363654875,779155.516240599,5250953.51672713,-57169.097373095625,46.77907487487746,-0.28810705058276653,0.6762076960876584,-0.6636043637990952
2026-04-23 07:35:49.400,3509448.322958883,779155.6281491542,5250953.568849985,-57173.98282491042,46.67417587348545,-0.40695992298424244,1.119085552636534,0.5212285462766886
2026-04-23 07:35:49.500,3509448.251882385,779155.7443743325,5250953.595972261,-57178.895706014955,46.658159131995596,-0.7107649790123105,1.1622517823707312,0.27122276835143566
2026-04-23 07:35:49.600,3509448.1570881177,779155.86726632,5250953.560222103,-57183.863696152664,46.868175465596146,-0.9479426732286811,1.2289198755752295,-0.3575015813112259
2026-04-23 07:35:49.700,3509448.124945982,779155.9691620697,5250953.569837674,-57188.77685988212,46.823143977910654,-0.3214213578030467,1.0189574968535453,0.09615570306777954
2026-04-23 07:35:49.800,3509448.0526090506,779156.0978959706,5250953.540700655,-57193.73450349301,46.8009533914344,-0.7233693124726415,1.2873390084132552,-0.29137018136680126
2026-04-23 07:35:49.900,3509447.9192698454,779156.2741853229,5250953.521076817,-57198.70753864849,46.76274288135448,-1.333392052911222,1.762893523555249,-0.19623838365077972
2026-04-23 07:35:50.000,3509447.7914533205,779156.3986600465,5250953.4536971245,-57203.71608027867,47.300711406445004,-1.278165248222649,1.244747235905379,-0.6737969256937504
2026-04-23 07:35:50.100,3509447.7158803903,779156.5479247989,5250953.455419291,-57208.67963623901,47.03559849634047,-0.7557293027639389,1.4926475239917636,0.017221663147211075
2026-04-23 07:35:50.200,3509447.68161436,779156.6865457266,5250953.4659754345,-57213.605360490226,46.878575322809716,-0.342660304158926,1.386209276970476,0.10556143708527088
2026-04-23 07:35:50.300,3509447.545729524,779156.7876388554,5250953.461887389,-57218.58377370109,47.259110574712814,-1.3588483585044742,1.0109312878921628,-0.04088045097887516
2026-04-23 07:35:50.400,3509447.455320308,779156.8800232157,5250953.504317409,-57223.50834330769,47.52522766024871,-0.9040921600535512,0.9238436026498675,0.42430019937455654
2026-04-23 07:35:50.500,3509447.3650897364,779156.9550561084,5250953.552136263,-57228.43215598689,47.08382637589165,-0.9023057157173753,0.7503289275337011,0.4781885351985693
2026-04-23 07:35:50.600,3509447.295637329,779157.0230459765,5250953.616128824,-57233.35464751373,46.83073858213361,-0.6945240730419755,0.6798986811190844,0.6399256084114313
2026-04-23 07:35:50.700,3509447.234341662,779157.1185840475,5250953.5935316775,-57238.29629158809,47.08797068722879,-0.612956671975553,0.9553807100746781,-0.22597146220505238
2026-04-23 07:35:50.800,3509447.1576609677,779157.200032368,5250953.518776592,-57243.27922604101,47.66541747322585,-0.7668069424107671,0.814483204158023,-0.7475508563220501
2026-04-23 07:35:50.900,3509447.1130750207,779157.3367481037,5250953.597052313,-57248.16997493216,47.70719932287054,-0.44585946947336197,1.3671573577448726,0.7827572152018547
2026-04-23 07:35:51.000,3509447.1337851575,779157.4590852634,5250953.717821519,-57253.007999180765,47.446093154035324,0.20710136741399765,1.223371597006917,1.2076920550316572
2026-04-23 07:35:51.100,3509447.094940972,779157.5390321816,5250953.772391726,-57257.90385772752,47.47062525738049,-0.38844185415655375,0.7994691818021238,0.5457020737230778
2026-04-23 07:35:51.200,3509447.01555021,779157.6694054409,5250953.827504397,-57262.81002978612,47.4085476377227,-0.7939076190814376,1.3037325930781662,0.5511267110705376
2026-04-23 07:35:51.300,3509446.9005530444,779157.7641009276,5250953.819761404,-57267.7747650639,46.771769886132496,-1.1499716574326158,0.9469548671040684,-0.07742993533611298
2026-04-23 07:35:51.400,3509446.811589512,779157.8473336431,5250953.7205845835,-57272.77852850506,46.37025801027435,-0.8896353235468268,0.832327154930681,-0.9917682036757469
2026-04-23 07:35:51.500,3509446.7518390114,779157.9690747053,5250953.727213425,-57277.711301551026,46.358571407541554,-0.5975050060078502,1.2174106214661151,0.06628841161727905
2026-04-23 07:35:51.600,3509446.6805206835,779158.0692361551,5250953.761667467,-57282.66590614777,46.50612202075444,-0.7131832791492343,1.001614498673007,0.34454042091965675
2026-04-23 07:35:51.700,3509446.5864382177,779158.176982071,5250953.708884141,-57287.67169278125,46.5256171579437,-0.9408246586099267,1.0774591588415205,-0.5278332531452179
2026-04-23 07:35:51.800,3509446.494361179,779158.2275084893,5250953.69515599,-57292.62709648325,46.59142146175409,-0.9207703871652484,0.505264182575047,-0.13728151097893715
2026-04-23 07:35:51.900,3509446.39966613,779158.2653942775,5250953.70728787,-57297.548534907306,46.50122819602548,-0.9469504887238145,0.3788578824605793,0.12131880037486553
2026-04-23 07:35:52.000,3509446.29737256,779158.3278381999,5250953.797628227,-57302.45390960626,46.10902121177211,-1.0229357006028295,0.6244392239023,0.9034035634249449
2026-04-23 07:35:52.100,3509446.2329958817,779158.3967769371,5250953.8148497455,-57307.37275687248,46.07910405960214,-0.6437667831778526,0.6893873715307564,0.1722151879221201
2026-04-23 07:35:52.200,3509446.1718226,779158.4230857673,5250953.8730344465,-57312.264162793224,46.296066939520735,-0.611732816323638,0.26308830245397985,0.5818470101803541
2026-04-23 07:35:52.300,3509446.1009712424,779158.4586592575,5250953.982336997,-57317.14559577105,46.40111392472888,-0.7085135765373707,0.35573490196838975,1.0930255055427551
2026-04-23 07:35:52.400,3509446.046022322,779158.4859444973,5250954.060573289,-57321.99595329309,46.368946596621456,-0.5494892038404942,0.27285239775665104,0.7823629211634398
2026-04-23 07:35:52.500,3509446.010054631,779158.5594014245,5250954.153042609,-57326.841605321875,46.72372189868996,-0.35967690870165825,0.7345692720264196,0.9246931970119476
2026-04-23 07:35:52.600,3509445.9274627175,779158.6247098873,5250954.214698413,-57331.729915938566,47.11531113986942,-0.8259191364049911,0.6530846282839775,0.6165580451488495
2026-04-23 07:35:52.700,3509445.8641442,779158.7130652682,5250954.307352548,-57336.612659530925,47.46098218791209,-0.6331851752474904,0.8835538092534989,0.9265413507819176
2026-04-23 07:35:52.800,3509445.7732654284,779158.7495144921,5250954.393067475,-57341.49814196519,47.75356985746225,-0.9087877161800861,0.36449223873205483,0.8571492694318295
2026-04-23 07:35:52.900,3509447.8851807946,779160.1737962379,5250956.543726397,-57344.083777852764,60.661229996941444,21.119153662584722,14.242817457998171,21.506589213386178
2026-04-23 07:35:53.000,3509445.6042166753,779158.743309746,5250954.542058019,-57351.27622386835,47.438618425132844,-22.80964119359851,-14.30486491881311,-20.016683777794242
2026-04-23 07:35:53.100,3509445.4802708994,779158.7783178936,5250954.549190565,-57356.23667039559,47.26115069400217,-1.2394577590748668,0.3500814759172499,0.07132546044886112
2026-04-23 07:35:53.200,3509445.4181859023,779158.8156625,5250954.637999781,-57361.11148851843,47.387601259786756,-0.620849970728159,0.37344606360420585,0.8880921639502048
2026-04-23 07:35:53.300,3509445.377063461,779158.8490181176,5250954.791907486,-57365.93240208137,47.84398707007359,-0.41122441180050373,0.33355617662891746,1.53907704167068
2026-04-23 07:35:53.400,3509445.1885713967,779158.8000214596,5250954.845302234,-57370.88653452861,48.587746404751755,-1.8849206436425447,-0.4899665806442499,0.5339474882930517
2026-04-23 07:35:53.500,3509444.948780385,779158.7221469025,5250954.817155798,-57375.89102606734,49.57388191376372,-2.39791011903435,-0.7787455711513758,-0.2814643643796444
2026-04-23 07:35:53.600,3509444.7803995484,779158.6986302214,5250954.857518593,-57380.82686718496,49.868223740056905,-1.683808364905417,-0.23516681045293808,0.40362794883549213
2026-04-23 07:35:53.700,3509444.6888967007,779158.7568401957,5250954.975270447,-57385.71389944768,49.323980845506334,-0.9150284761562943,0.5820997431874275,1.1775185447186232
2026-04-23 07:35:53.800,3509444.6830282276,779158.7886711038,5250955.117495175,-57390.53005762327,49.37114994541234,-0.058684730902314186,0.31830908032134175,1.4222472812980413
2026-04-23 07:35:53.900,3509444.571123128,779158.8256372106,5250955.141738647,-57395.42860808697,50.062947564392154,-1.1190509982407093,0.36966106854379177,0.24243471212685108
2026-04-23 07:35:54.000,3509443.62326638,779159.6743537171,5250953.7734942585,-57401.62572176683,42.30192418574326,-9.478567480109632,8.487165065016598,-13.68244388140738
2026-04-23 07:35:54.100,3509444.447105157,779158.8910457584,5250955.286359965,-57405.15067883737,50.84400290290552,8.238387773744762,-7.83307958743535,15.12865706346929
2026-04-23 07:35:54.200,3509444.512005147,779159.0345735858,5250955.538664254,-57409.86568824532,50.71445334108602,0.6489998986944556,1.4352782745845616,2.523042894899845
2026-04-23 07:35:54.300,3509444.3203407987,779159.166950715,5250955.611761798,-57414.831427435885,40.916094862122065,-1.9166434835642576,1.3237712916452438,0.7309754379093647
2026-04-23 07:35:54.400,3509444.1344371904,779159.2072316849,5250955.627018806,-57419.79363859437,41.27978221696241,-1.8590360833331943,0.40280969929881394,0.1525700744241476
2026-04-23 07:35:54.500,3509445.235604649,779161.1689059121,5250956.175149401,-57423.855400069355,41.63079792272698,11.01167458575219,19.616742271464318,5.48130595125258
2026-04-23 07:35:54.600,3509445.6230947534,779160.6852316055,5250957.531060202,-57427.74111405779,50.60267772793138,3.8749010441824794,-4.836743065388873,13.559108013287187
2026-04-23 07:35:54.700,3509444.980789165,779161.2232624994,5250956.311407921,-57433.68516577794,42.35050095969465,-6.423055883497,5.380308938911185,-12.196522811427712
2026-04-23 07:35:54.800,3509444.834853604,779161.2424732313,5250956.413363038,-57438.59827945581,42.539678370769636,-1.45935561042279,0.19210731843486428,1.0195511672645807
2026-04-23 07:35:54.900,3509444.743378261,779161.2429405996,5250956.508515947,-57443.48748373587,43.029215461421416,-0.9147534286603332,0.004673682851716876,0.9515290893614292
2026-04-23 07:35:55.000,3509444.6230593626,779161.2374713589,5250956.61391754,-57448.36529953615,43.33777961754642,-1.2031889846548438,-0.05469240713864565,1.0540159326046705
2026-04-23 07:35:55.100,3509444.5211154064,779161.2568917501,5250956.680564023,-57453.248466710786,43.39985668521936,-1.0194395622238517,0.19420391297899187,0.6664648279547691
2026-04-23 07:35:55.200,3509444.448068729,779161.2939287358,5250956.8011115715,-57458.10626962154,43.33669762266634,-0.7304667728021741,0.37036985624581575,1.2054754886776209
2026-04-23 07:35:55.300,3509444.84920208,779160.7554957304,5250958.174588539,-57461.97443690506,51.904824278469114,4.0113335102796555,-5.384330053348094,13.73476967215538
2026-04-23 07:35:55.400,3509444.68009017,779160.7616654199,5250958.165053132,-57466.96419537319,52.26147590693399,-1.6911191027611494,0.06169689469970763,-0.09535406716167927
2026-04-23 07:35:55.500,3509444.6198640093,779160.8163580219,5250958.214623249,-57471.86116608172,51.96340977602959,-0.6022616056725383,0.5469260201789439,0.4957011714577675
2026-04-23 07:35:55.600,3509447.6715958244,779161.2524682574,5250959.792340778,-57474.14823098389,64.0712640090264,30.51731815095991,4.361102355178446,15.777175286784768
2026-04-23 07:35:55.700,3509444.4344505733,779160.833675563,5250958.373373226,-57481.634091399916,51.635636440605914,-32.371452511288226,-4.1879269445780665,-14.189675515517592
2026-04-23 07:35:55.800,3509444.3722754237,779160.8087248727,5250958.463013113,-57486.49842130163,51.31760270517438,-0.6217514956369996,-0.24950690334662795,0.896398862823844
2026-04-23 07:35:55.900,3509447.396947946,779161.1825540737,5250960.068620669,-57488.77556453746,63.12916503221405,30.246725222095847,3.7382920109666884,16.05607556179166
2026-04-23 07:35:56.000,3509447.158408972,779161.1283079095,5250960.070262847,-57493.79002365471,63.31149245106411,-2.3853897396475077,-0.5424616427626461,0.01642177812755108
2026-04-23 07:35:56.100,3509446.8734144676,779161.1083598053,5250960.074081497,-57498.82877070672,63.43451674127251,-2.849945044144988,-0.19948104163631797,0.03818650729954243
2026-04-23 07:35:56.200,3509446.6533790897,779161.216417044,5250960.158838239,-57503.79203488911,63.29603854011828,-2.200353778898716,1.0805723874364048,0.8475674130022526
2026-04-23 07:35:56.300,3509446.4271332133,779161.1976254842,5250960.160440254,-57508.80163546455,62.984455026943614,-2.2624587640166283,-0.18791559850797057,0.0160201545804739
2026-04-23 07:35:56.400,3509446.2284557186,779161.1860436667,5250960.102996941,-57513.80247633235,63.11549274085027,-1.9867749465629458,-0.11581817525438964,-0.5744331330060959
2026-04-23 07:35:56.500,3509446.11648926,779161.1907226422,5250960.144039867,-57518.731520093264,62.85567322630212,-1.119664586149156,0.04678975557908416,0.4104292672127485
2026-04-23 07:35:56.600,3509445.9812827767,779161.1761225163,5250960.232514827,-57523.66804330153,62.727743139462355,-1.3520648330450058,-0.14600125956349075,0.8847495913505554
2026-04-23 07:35:56.700,3509445.847983267,779161.1956344058,5250960.322415702,-57528.58128341277,62.77202607638671,-1.3329950952902436,0.19511889549903572,0.8990087546408176
2026-04-23 07:35:56.800,3509445.733480195,779161.179995995,5250960.400505194,-57533.48569288439,62.73331085764739,-1.145030721090734,-0.1563841081224382,0.7808949239552021
2026-04-23 07:35:56.900,3509443.792344392,779161.7166485762,5250958.252188787,-57540.70247579991,51.2386953513273,-19.411358032375574,5.366525811841711,-21.483164075762033
2026-04-23 07:35:57.000,3509443.6523249983,779161.7321543668,5250958.286203512,-57545.655087560095,51.34511479316973,-1.4001939352601767,0.15505790594033897,0.34014725126326084
2026-04-23 07:35:57.100,3509443.494786918,779161.6976390068,5250958.267786665,-57550.62695810215,51.07043953979676,-1.5753808012232184,-0.34515360021032393,-0.18416847102344036
2026-04-23 07:35:57.200,3509443.403568923,779161.6965335557,5250958.315888046,-57555.54837428136,51.09002204790643,-0.9121799515560269,-0.0110545102506876,0.4810138139873743
2026-04-23 07:35:57.300,3509443.3378341547,779161.7347875934,5250958.401856869,-57560.4346786012,51.041149087648186,-0.6573476828634739,0.3825403761584312,0.8596882317215204
2026-04-23 07:35:57.400,3509443.3217666247,779161.7492355936,5250958.464921733,-57565.30673576096,50.709171207541345,-0.16067530028522015,0.14448000234551728,0.6306486390531063
2026-04-23 07:35:57.500,3509443.22012957,779161.784343471,5250958.497251607,-57570.21803222436,50.645276717340536,-1.016370547004044,0.3510787745472044,0.3232987318187952
2026-04-23 07:35:57.600,3509444.926797454,779161.2865493713,5250960.755857507,-57572.856764611744,62.440132218286095,17.06667883787304,-4.977940997341648,22.58605900220573
2026-04-23 07:35:57.700,3509442.9958525137,779161.8135474905,5250958.698878298,-57579.99906998908,50.76493833638928,-19.309449400752783,5.269981191959232,-20.569792091846466
2026-04-23 07:35:57.800,3509442.815884207,779161.8270156605,5250958.723747861,-57584.95591720066,51.01677899110374,-1.7996830679476261,0.13468169956468046,0.24869563058018684
2026-04-23 07:35:57.900,3509442.5592213427,779161.8101083848,5250958.64518703,-57590.034031656636,51.40696836665309,-2.5666286423802376,-0.16907275654375553,-0.785608310252428
2026-04-23 07:35:58.000,3509442.4112669267,779161.7992387515,5250958.59309887,-57595.03836229765,51.51075603584693,-1.4795441599562764,-0.10869633289985359,-0.5208816006779671
2026-04-23 07:35:58.100,3509444.166261471,779161.3346701615,5250960.81902465,-57597.665502840966,63.463157136824464,17.549945442005992,-4.645685900468379,22.259257808327675
2026-04-23 07:35:58.200,3509442.164617193,779161.855564315,5250958.62496537,-57604.94941535866,51.8799425401629,-20.01644277945161,5.20894153509289,-21.9405928067863
2026-04-23 07:35:58.300,3509441.9499550955,779161.8340719772,5250958.632985153,-57609.962805845724,51.9618527363489,-2.146620973944664,-0.21492337808012962,0.08019783534109592
2026-04-23 07:35:58.400,3509443.604482781,779161.3322275713,5250960.7546623945,-57612.70940479301,64.12222046179721,16.545276856049895,-5.01844405895099,21.216772412881255
2026-04-23 07:35:58.500,3509441.741359712,779161.8703922599,5250958.690234499,-57619.82227412246,51.41850643688163,-18.63123069051653,5.381646886235103,-20.644278954714537
2026-04-23 07:35:58.600,3509441.636315901,779161.8756292966,5250958.842372064,-57624.701839762834,50.93336397076398,-1.050438112579286,0.0523703673388809,1.5213756449520588
2026-04-23 07:35:58.700,3509441.4629568416,779161.8510829101,5250958.903199839,-57629.6428728664,50.85735742949949,-1.7335905926302075,-0.24546386557631195,0.6082777585834265
2026-04-23 07:35:58.800,3509441.2696644296,779161.783282077,5250958.865482913,-57634.65322146489,50.360434994913014,-1.9329241197556257,-0.6780083302874118,-0.3771692607551813
2026-04-23 07:35:58.900,3509441.125085575,779161.7472743047,5250958.836810198,-57639.636778120024,50.33596863930148,-1.4457885455340147,-0.36007772316224873,-0.2867271564900875
2026-04-23 07:35:59.000,3509441.0417760597,779161.7375573951,5250958.874076328,-57644.54085738508,50.29163042499491,-0.8330951537936926,-0.09716909611597657,0.37266130559146404
2026-04-23 07:35:59.100,3509442.574240999,779161.2772540167,5250960.840106148,-57647.43244721785,62.58461190602978,15.324649391695857,-4.603033784078434,19.660298200324178
2026-04-23 07:35:59.200,3509440.8601591587,779161.7374032219,5250958.995305462,-57654.33803172733,49.707640807313396,-17.140818401239812,4.601492051733658,-18.448006864637136
2026-04-23 07:35:59.300,3509442.2734186905,779161.2455872133,5250960.907980512,-57657.33906272849,62.066210204340415,14.132595318369567,-4.9181600857991725,19.12675050087273
2026-04-23 07:35:59.400,3509440.5680905823,779161.6972857956,5250959.090061362,-57664.21451493321,49.58274733351986,-17.05328108277172,4.516985822701827,-18.1791914999485
2026-04-23 07:35:59.500,3509440.4511479787,779161.7416292436,5250959.131169999,-57669.12907160053,49.78023602222821,-1.169426036067307,0.443434480112046,0.4110863711684942
2026-04-23 07:35:59.600,3509440.35793088,779161.7615623956,5250959.163592106,-57674.027946337905,50.01180354725841,-0.9321709861978889,0.1993315201252699,0.32422106713056564
2026-04-23 07:35:59.700,3509440.280201914,779161.763388258,5250959.187765912,-57678.921131782736,50.03949630492562,-0.7772896625101566,0.01825862447731197,0.2417380642145872
2026-04-23 07:35:59.800,3509440.166741516,779161.7692697499,5250959.240467788,-57683.831101068776,50.13172230818557,-1.1346039781346917,0.05881491815671325,0.5270187556743622
2026-04-23 07:35:59.900,3509440.0855783327,779161.8371347823,5250959.347247565,-57688.69948512493,50.18363627757882,-0.8116318332031369,0.6786503246985376,1.0677977744489908
2026-04-23 07:36:00.000,3509439.9006735156,779161.8342739973,5250959.401004562,-57693.66382599878,50.051539320329404,-1.849048170261085,-0.028607849963009357,0.5375699698925018
2026-04-23 07:36:00.100,3509439.7657359256,779161.8474556315,5250959.458679886,-57698.57133773312,49.77337828360475,-1.3493758998811245,0.13181634130887687,0.5767532344907522
2026-04-23 07:36:00.200,3509439.6226521716,779161.8930445708,5250959.515290766,-57703.49021541751,50.25727968552363,-1.4308375399559736,0.4558893933426589,0.5661088041961193
2026-04-23 07:36:00.300,3509437.7385926032,779159.6886467752,5250958.927119706,-57709.65254649454,40.17772230263579,-18.84059568401426,-22.043977956054732,-5.881710601970553
2026-04-23 07:36:00.400,3509437.1057541426,779160.2132085339,5250957.5623197,-57715.66365916652,35.25058075310461,-6.328384606167674,5.2456175873521715,-13.648000061511993
2026-04-23 07:36:00.500,3509437.0407153554,779160.2255195036,5250957.576071505,-57720.560046601975,35.41724578891529,-0.6503878720104694,0.12310969643294811,0.13751805759966373
2026-04-23 07:36:00.600,3509436.9723285334,779160.2766263715,5250957.682811604,-57725.40462157499,35.265896692014024,-0.6838682200759649,0.5110686796251684,1.067400984466076
2026-04-23 07:36:00.700,3509438.224559049,779160.4249599677,5250963.511472532,-57726.83605198551,42.08806010955326,12.52230515703559,1.4833359618205577,58.28660927712917
2026-04-23 07:36:00.800,3509438.1259619733,779160.4145890871,5250963.538032176,-57731.770136336134,41.96303644493037,-0.9859707579016685,-0.10370880598202348,0.26559644378721714
2026-04-23 07:36:00.900,3509438.0074394234,779160.428935479,5250963.720626884,-57736.6388127772,41.98718662506319,-1.1852254997938871,0.14346391893923283,1.825947081670165
2026-04-23 07:36:01.000,3509437.912406607,779160.4621875656,5250963.89932461,-57741.49586023848,42.004333446009504,-0.9503281628713012,0.33252086606808007,1.786977257579565
2026-04-23 07:36:01.100,3509437.8082052986,779160.4935053146,5250964.029527163,-57746.37770174283,42.0803662502778,-1.0420130845159292,0.3131774894427508,1.3020255323499441
2026-04-23 07:36:01.200,3509437.697487961,779160.4909781009,5250964.130898561,-57751.29237016782,42.306185548635824,-1.1071733757853508,-0.02527213655412197,1.0137139819562435
2026-04-23 07:36:01.300,3509437.625751167,779160.5299546322,5250964.220600109,-57756.1968510607,42.28758298071217,-0.7173679396510124,0.3897653124295175,0.8970154728740454
2026-04-23 07:36:01.400,3509437.573445225,779160.5470946647,5250964.38018699,-57761.044795133326,42.0988487904259,-0.5230594193562865,0.17140032490715384,1.5958688128739595
2026-04-23 07:36:01.500,3509437.4830541727,779160.5609433325,5250964.488661273,-57765.91195348983,41.89402728178879,-0.9039105242118239,0.13848667847923934,1.084742834791541
2026-04-23 07:36:01.600,3509437.3305534925,779160.5145749553,5250964.460039075,-57770.87995309665,42.07796045447247,-1.5250068018212914,-0.463683771668002,-0.28622197918593884
2026-04-23 07:36:01.700,3509437.1687513893,779160.455400798,5250964.405938419,-57775.85832877256,41.810495053569745,-1.6180210327729583,-0.59174157329835,-0.5410065688192844
2026-04-23 07:36:01.800,3509437.0499059875,779160.4492948411,5250964.392674591,-57780.79412774961,41.66540001396087,-1.1884540179744363,-0.06105956854298711,-0.13263827189803123
2026-04-23 07:36:01.900,3509436.9408274535,779160.445866068,5250964.337045258,-57785.76324065206,41.95932693245626,-1.090785339474678,-0.03428773139603436,-0.5562933348119259
2026-04-23 07:36:02.000,3509436.8247111468,779160.4604370146,5250964.371487837,-57790.67280155845,42.14008839947289,-1.161163067445159,0.14570946572348475,0.3444257937371731
2026-04-23 07:36:02.100,3509436.8097878974,779160.4903068783,5250964.474029431,-57795.50485002059,42.18687778670742,-0.14923249371349812,0.29869863763451576,1.025415938347578
2026-04-23 07:36:02.200,3509436.720871494,779160.5137497707,5250964.538205354,-57800.37685942377,42.1970987151165,-0.8891640324145555,0.23442892357707024,0.6417592242360115
2026-04-23 07:36:02.300,3509436.642731392,779160.5235899606,5250964.618598527,-57805.2267416204,42.29792387168745,-0.7814010232686996,0.09840189944952726,0.803931737318635
2026-04-23 07:36:02.400,3509436.636804349,779160.5508755104,5250964.731858955,-57810.06221291388,42.40682868433025,-0.059270430356264114,0.2728554978966713,1.1326042748987675
2026-04-23 07:36:02.500,3509436.5910254223,779160.631027496,5250964.863410132,-57814.909209030535,42.60405427955662,-0.45778926461935043,0.8015198551584035,1.3155117724090815
2026-04-23 07:36:02.600,3509436.563625721,779160.6837297113,5250964.974386341,-57819.76846451305,42.52028058128588,-0.2739970153197646,0.5270221538376063,1.1097620893269777
2026-04-23 07:36:02.700,3509436.4817808843,779160.7363033474,5250965.056392029,-57824.628546857144,42.622937292911715,-0.8184483647346497,0.5257363605778664,0.8200568798929453
2026-04-23 07:36:02.800,3509436.4374591685,779160.7910520636,5250965.1278904695,-57829.49623811986,42.42992748955128,-0.4432171583175659,0.5474871618207544,0.714984405785799
2026-04-23 07:36:02.900,3509436.3192037544,779160.7853157814,5250965.176423136,-57834.42108623657,42.15769251278148,-1.1825541406869888,-0.05736282211728394,0.4853266663849354
2026-04-23 07:36:03.000,3509436.1487271814,779160.7499450551,5250965.208816416,-57839.38632048331,42.327036787306575,-1.7047657305374742,-0.3537072625476867,0.3239327948540449
2026-04-23 07:36:03.100,3509436.0756504256,779160.762113554,5250965.325723354,-57844.25730552664,42.22636997994609,-0.7307675573974848,0.12168498942628503,1.1690693814307451
2026-04-23 07:36:03.200,3509435.959573597,779160.7966521529,5250965.392100643,-57849.16518184292,42.42235162885194,-1.1607682844623923,0.34538598847575486,0.6637728959321976
2026-04-23 07:36:03.300,3509435.819886146,779160.8068274019,5250965.444308612,-57854.10896830811,42.358600374816895,-1.3968745106831193,0.10175248957239091,0.5220796819776297
2026-04-23 07:36:03.400,3509435.7215144355,779160.8283850072,5250965.497192932,-57859.018983874244,42.13936806256903,-0.983717106282711,0.21557605359703302,0.5288432072848082
2026-04-23 07:36:03.500,3509435.659482951,779160.8288330792,5250965.532013456,-57863.92717305634,42.08419717316749,-0.6203148467466235,0.0044807197991758585,0.3482052404433489
2026-04-23 07:36:03.600,3509435.625327922,779160.8683961079,5250965.592595275,-57868.806405276526,42.49835664476009,-0.34155028872191906,0.395630287239328,0.6058181822299957
2026-04-23 07:36:03.700,3509435.530680533,779160.8988909051,5250965.71769226,-57873.68165178433,42.86047489978805,-0.9464738890528679,0.3049479715991765,1.2509698513895273
2026-04-23 07:36:03.800,3509435.3991198186,779160.892825834,5250965.802198714,-57878.59057729101,43.31420197087599,-1.315607144497335,-0.060650710947811604,0.845064539462328
2026-04-23 07:36:03.900,3509435.198839365,779160.8717938827,5250965.834970909,-57883.55509165464,43.578318647178214,-2.0028045354411006,-0.21031951298937201,0.32772195525467396
2026-04-23 07:36:04.000,3509435.066428258,779160.8672786007,5250965.893222749,-57888.45721303169,43.77146000662111,-1.3241110695526004,-0.04515281994827092,0.5825184006243944
2026-04-23 07:36:04.100,3509435.0226293085,779160.8847671202,5250965.969485664,-57893.33061868295,43.60936646024936,-0.4379894956946373,0.174885195447132,0.7626291457563639
2026-04-23 07:36:04.200,3509434.927574554,779160.8910670208,5250966.051280801,-57898.2230815328,43.53883798936821,-0.9505475452169776,0.06299900589510798,0.8179513737559319
2026-04-23 07:36:04.300,3509434.815842006,779160.8891993271,5250966.120363199,-57903.148015679144,43.481858623453206,-1.1173254810273647,-0.018676937324926257,0.6908239796757698
2026-04-23 07:36:04.400,3509434.6912178122,779160.9281308571,5250966.206392049,-57908.061224192454,43.36924387291602,-1.2462419364601374,0.38931529968976974,0.8602884970605373
2026-04-23 07:36:04.500,3509434.603391095,779160.9414521607,5250966.35998622,-57912.909973144546,43.60953958930268,-0.878267171792686,0.13321303646080196,1.535941706970334
2026-04-23 07:36:04.600,3509434.5748319984,779160.9495843336,5250966.385456274,-57917.784569770796,43.3037151447509,-0.285590966232121,0.08132172864861786,0.2547005470842123
2026-04-23 07:36:04.700,3509434.4945891146,779160.9301513509,5250966.387887517,-57922.71854784391,43.14398192284321,-0.8024288387969136,-0.19432982662692666,0.024312427267432213
2026-04-23 07:36:04.800,3509434.382456257,779160.9099623755,5250966.418213595,-57927.661899659164,43.0416588438219,-1.1213285755366087,-0.2018897538073361,0.30326077714562416
2026-04-23 07:36:04.900,3509434.7173163,779160.6597399693,5250966.233489505,-57932.4140767482,51.138743950625084,3.348600431345403,-2.5022240623366088,-1.8472408968955278
2026-04-23 07:36:05.000,3509434.6414703727,779160.6915969101,5250966.284420802,-57937.30247530926,50.910578115044984,-0.7584592746570706,0.31856940826401114,0.5093129724264145
2026-04-23 07:36:05.100,3509434.593301467,779160.7292274645,5250966.3854273185,-57942.150139667916,50.51315938060192,-0.48168905545026064,0.3763055440504104,1.0100651625543833
2026-04-23 07:36:05.200,3509434.5812597913,779160.7782522343,5250966.505909973,-57946.962867457296,50.276694162366894,-0.12041675858199596,0.49024769803509116,1.2048265431076288
2026-04-23 07:36:05.300,3509434.574384309,779160.8224165742,5250966.606468864,-57951.77896397696,50.042202409504036,-0.06875482387840748,0.4416433989536017,1.005588909611106
2026-04-23 07:36:05.400,3509434.5936442874,779160.8786957357,5250966.767366147,-57956.56076869479,49.83504264888975,0.1925997855141759,0.562791614793241,1.608972828835249
2026-04-23 07:36:05.500,3509434.5768445074,779160.9266474067,5250966.918870662,-57961.369082910714,49.72189586234056,-0.16799780074506998,0.47951670945622027,1.5150451567023993
2026-04-23 07:36:05.600,3509434.5300632208,779160.9753957685,5250967.093281819,-57966.19590759091,49.886475466158075,-0.4678128659725189,0.4874836187809706,1.7441115621477365
2026-04-23 07:36:05.700,3509434.5222029267,779160.9857586937,5250967.128810795,-57971.0689760399,49.91935726401481,-0.07860294077545404,0.1036292512435466,0.3552897647023201
2026-04-23 07:36:05.800,3509434.5475350562,779161.0641456363,5250967.172817675,-57975.923688557064,49.49225752508618,0.25332129560410976,0.7838694262318313,0.4400688037276268
2026-04-23 07:36:05.900,3509434.5137678036,779161.1345843304,5250967.234319704,-57980.78058042986,49.08069640761224,-0.337672526948154,0.7043869409244508,0.6150202825665474
2026-04-23 07:36:06.000,3509434.3308962802,779161.1324783345,5250967.278262591,-57985.72683068216,48.80161192970325,-1.8287152331322432,-0.021059958962723613,0.439428873360157
2026-04-23 07:36:06.100,3509434.1525859805,779161.1250500082,5250967.304021081,-57990.68420912018,48.626826970748326,-1.7831029975786805,-0.07428326294757426,0.25758489966392517
2026-04-23 07:36:06.200,3509434.010770287,779161.1174000099,5250967.293166249,-57995.61839355775,48.35222046692843,-1.4181569358333945,-0.0764999829698354,-0.10854831896722317
2026-04-23 07:36:06.300,3509433.447491609,779161.4513970269,5250967.709838957,-58000.6567176249,40.51557775539445,-5.632786778733134,3.3399701700545847,4.166727075353265
2026-04-23 07:36:06.400,3509433.296708259,779161.4043587198,5250967.668472682,-58005.62234180947,40.40112156652047,-1.5078335022553802,-0.4703830706421286,-0.4136627446860075
2026-04-23 07:36:06.500,3509433.217246503,779161.4047266855,5250967.720682408,-58010.51231238357,40.284183943684106,-0.7946175569668412,0.003679656656458974,0.5220972560346127
2026-04-23 07:36:06.600,3509433.1074791695,779161.4331082858,5250967.836738322,-58015.38420163902,40.45232438810171,-1.097673336043954,0.28381600277498364,1.1605591420084238
2026-04-23 07:36:06.700,3509432.973154404,779161.430699145,5250967.98709052,-58020.27040907903,40.36601000438526,-1.3432476529851556,-0.024091408122330904,1.503521976992488
2026-04-23 07:36:06.800,3509432.8456425453,779161.5131114814,5250968.06738404,-58025.16994004248,40.38048211220865,-1.2751185894012451,0.8241233648732305,0.8029352035373449
2026-04-23 07:36:06.900,3509432.6807757937,779161.5358271805,5250968.135163019,-58030.08970276738,40.7930780399834,-1.6486675152555108,0.22715699044056237,0.6777897942811251
2026-04-23 07:36:07.000,3509432.5765839433,779161.5050325348,5250968.262528086,-58034.942451181974,41.21639332072355,-1.0419185040518641,-0.3079464565962553,1.2736506666988134
2026-04-23 07:36:07.100,3509432.485396577,779161.5418869202,5250968.29717282,-58039.84255769411,41.4261963737994,-0.9118736628443003,0.36854385398328304,0.34644734114408493
2026-04-23 07:36:07.200,3509432.433167904,779161.6173666521,5250968.396915789,-58044.69649758028,41.38245983761839,-0.5222867289558053,0.7547973189502954,0.9974296856671572
2026-04-23 07:36:07.300,3509432.3913981216,779161.6870637767,5250968.613877648,-58049.482732589735,41.84227885002261,-0.41769782546907663,0.6969712453428656,2.1696185879409313
2026-04-23 07:36:07.400,3509432.3058536025,779161.738846408,5250968.789711737,-58054.32405259311,41.99979861849368,-0.8554451912641525,0.5178263131529093,1.7583408951759338
2026-04-23 07:36:07.500,3509432.1311402703,779161.7317970505,5250968.871232489,-58059.26615363544,42.02469495666555,-1.7471333220601082,-0.07049357518553734,0.8152075204998255
2026-04-23 07:36:07.600,3509431.9603672423,779161.7027772842,5250969.006249315,-58064.17829728913,42.28484442382443,-1.7077302793040872,-0.29019766254350543,1.3501682598143816
2026-04-23 07:36:07.700,3509431.845127234,779161.6647402754,5250969.080373168,-58069.08865105628,42.52757229417124,-1.1524000857025385,-0.3803700883872807,0.7412385288625956
2026-04-23 07:36:07.800,3509431.7490437436,779161.6391082058,5250969.100388833,-58074.02298787296,42.583299690061494,-0.9608349017798901,-0.2563206956256181,0.2001566532999277
2026-04-23 07:36:07.900,3509431.650568781,779161.6273006961,5250969.097728588,-58078.97637776492,42.542548979807634,-0.9847496263682842,-0.11807509697973728,-0.026602456346154213
2026-04-23 07:36:08.000,3509431.5220441967,779161.6459621198,5250969.146394029,-58083.8869563823,42.384835807547155,-1.2852458423003554,0.18661423702724278,0.4866544157266617
2026-04-23 07:36:08.100,3509431.4243615656,779161.6832093714,5250969.251514789,-58088.77033949906,42.20606877191821,-0.9768263110890985,0.3724725160282105,1.0512075945734978
2026-04-23 07:36:08.200,3509431.341963432,779161.6882011597,5250969.30507013,-58093.66292680064,42.12788347349854,-0.8239813381806016,0.049917883006855845,0.5355534143745899
2026-04-23 07:36:08.300,3509431.2209681976,779161.6700821762,5250969.332552813,-58098.59737145486,41.98424914362845,-1.2099523423239589,-0.18118983483873308,0.2748268283903599
2026-04-23 07:36:08.400,3509431.0681968858,779161.6669229814,5250969.232301655,-58103.58662485693,41.443256184017976,-1.527713118121028,-0.03159194835461676,-1.002511577680707
2026-04-23 07:36:08.500,3509430.93840054,779161.6739035117,5250969.26434922,-58108.51313620547,41.366845684873226,-1.2979634571820498,0.06980530335567892,0.3204756509512663
2026-04-23 07:36:08.600,3509430.8377564857,779161.6844914848,5250969.378188062,-58113.389396038336,41.582272194794754,-1.0064405435696244,0.10587973054498434,1.1383884213864803
2026-04-23 07:36:08.700,3509430.6900564446,779161.6387491646,5250969.456280564,-58118.33906052463,41.68627531549547,-1.477000410668552,-0.4574232012964785,0.7809250149875879
2026-04-23 07:36:08.800,3509430.549384922,779161.6748441814,5250969.527379605,-58123.268162390625,42.10606151740736,-1.4067152282223105,0.360950167523697,0.710990410298109
2026-04-23 07:36:08.900,3509430.456619667,779161.736444446,5250969.625436862,-58128.13642728963,42.07420316560998,-0.9276525489985943,0.6160026462748647,0.9805725701153278
2026-04-23 07:36:09.000,3509430.3652411033,779161.7664570273,5250969.698758538,-58133.01795721181,41.90381506567103,-0.9137856354936957,0.3001258126460016,0.7332167588174343
2026-04-23 07:36:09.100,3509431.515815792,779163.6233335865,5250966.020005618,-58138.91180216086,48.178534466472016,11.505746887996793,18.568765592062846,-36.787529196590185
2026-04-23 07:36:09.200,3509431.2933056443,779163.6794051359,5250966.070420405,-58143.90499692104,48.19925721193609,-2.225101478397846,0.5607154942117631,0.5041478667408228
2026-04-23 07:36:09.300,3509431.127896722,779163.719056838,5250966.221874046,-58148.83739918227,48.13239019967577,-1.6540892235934734,0.39651702041737735,1.5145364124327898
2026-04-23 07:36:09.400,3509430.980131561,779163.7459430238,5250966.365527488,-58153.75039353024,48.08907195519866,-1.4776516100391746,0.2688618586398661,1.436534421518445
2026-04-23 07:36:09.500,3509430.8927477533,779163.7524355727,5250966.4467982175,-58158.67097268047,48.315480920679555,-0.8738380763679743,0.06492548855021596,0.8127072919160128
2026-04-23 07:36:09.600,3509430.801225316,779163.7945229979,5250966.563857013,-58163.53820954657,48.4110534796889,-0.9152243752032518,0.4208742524497211,1.1705879587680101
2026-04-23 07:36:09.700,3509432.296799296,779163.3763435101,5250968.617824874,-58166.37713650893,60.142983590804,14.95573980268091,-4.181794878095388,20.539678605273366
2026-04-23 07:36:09.800,3509432.1781177255,779163.3862822559,5250968.816795746,-58171.237703791085,59.921966511913915,-1.1868157051503658,0.09938745759427547,1.9897087197750807
2026-04-23 07:36:09.900,3509432.1007853854,779163.4209896085,5250968.957993738,-58176.07046782582,59.83555929671618,-0.7733234018087387,0.3470735263545066,1.4119799248874187
2026-04-23 07:36:10.000,3509431.9777661436,779163.4633346454,5250969.060559493,-58180.9362981957,60.006097372948744,-1.2301924172788858,0.42345036868937314,1.0256575420498848
2026-04-23 07:36:10.100,3509431.863367468,779163.488902108,5250969.185309385,-58185.81793112142,60.060595693610765,-1.1439867550507188,0.2556746266782284,1.2474989239126444
2026-04-23 07:36:10.200,3509431.60658704,779163.4688498197,5250969.2886961065,-58190.79347205906,60.01246436271652,-2.567804283462465,-0.20052288309670985,1.0338672157377005
2026-04-23 07:36:10.300,3509431.4016526747,779163.4265346685,5250969.360136201,-58195.74405843948,60.27862423971748,-2.049343651160598,-0.4231515119317919,0.7144009415060282
2026-04-23 07:36:10.400,3509431.2276886613,779163.4045672194,5250969.381130286,-58200.68444931132,60.66746071015363,-1.7396401334553957,-0.21967449109070003,0.20994084887206554
2026-04-23 07:36:10.500,3509431.125880128,779163.3596037325,5250969.475612535,-58205.56764684158,60.705998553646005,-1.018085335381329,-0.44963486958295107,0.944822495803237
2026-04-23 07:36:10.600,3509431.040944283,779163.3571756447,5250969.580125777,-58210.43901104185,60.91674379083418,-0.8493584487587214,-0.024280877551063895,1.0451324190944433
2026-04-23 07:36:10.700,3509430.9200769034,779163.3851287417,5250969.632541399,-58215.38203628657,61.251750349449004,-1.2086737947538495,0.27953097014687955,0.5241562239825726
2026-04-23 07:36:10.800,3509430.785706641,779163.4279635915,5250969.736587179,-58220.298075778446,61.546372847594284,-1.3437026226893067,0.4283484979532659,1.0404577944427729
2026-04-23 07:36:10.900,3509430.749360873,779163.4342647318,5250969.834962423,-58225.13345468692,62.240926980189414,-0.3634576825425029,0.06301140296272933,0.9837524406611919
2026-04-23 07:36:11.000,3509430.5380354123,779163.4049743658,5250969.810627629,-58230.138312979754,62.58133496276822,-2.113254605792463,-0.2929036598652601,-0.24334793910384178
2026-04-23 07:36:11.100,3509430.3998676497,779163.4156635941,5250969.886170305,-58235.04708072469,62.594829147720986,-1.381677626632154,0.10689228307455778,0.7554267626255751
2026-04-23 07:36:11.200,3509430.352408474,779163.5067176662,5250970.04996096,-58239.85973952214,62.37578666162431,-0.4745917581021786,0.9105407202150673,1.6379065439105034
2026-04-23 07:36:11.300,3509430.3280110043,779163.6118547054,5250970.216801396,-58244.65529533278,62.15384726648022,-0.24397469591349363,1.051370392087847,1.66840435937047
2026-04-23 07:36:11.400,3509428.4009906957,779164.1129791079,5250968.125049296,-58251.77951028847,50.76430007472842,-19.27020308561623,5.011244025081396,-20.917520998045802
2026-04-23 07:36:11.500,3509464.050582347,779161.4493643075,5250990.141704557,-58223.527127385554,29.022407493836557,356.4959165127948,-26.63614800432697,220.1665526162833
2026-04-23 07:36:11.600,3509430.3692912576,779164.2183417451,5250969.131390515,-58259.7551046919,66.26791110532882,-336.812910893932,27.68977437634021,-210.10314042679965
2026-04-23 07:36:11.700,3509430.1835701996,779164.1938214486,5250969.112898524,-58264.69097455499,66.59830602954376,-1.857210579328239,-0.24520296487025917,-0.18491990864276886
2026-04-23 07:36:11.800,3509430.0637792214,779164.1596613689,5250969.117795537,-58269.584497365766,67.00322134935347,-1.197909782640636,-0.3416007966734469,0.04897013306617737
2026-04-23 07:36:11.900,3509429.9020984597,779164.1869077149,5250969.17869724,-58274.48701082343,66.93944677307483,-1.6168076172471046,0.27246345998719335,0.6090170238167048
2026-04-23 07:36:12.000,3509429.7977975477,779164.1971833945,5250969.258544375,-58279.37832083078,66.31948179061386,-1.0430091200396419,0.10275679524056613,0.7984713558107615
2026-04-23 07:36:12.100,3509429.681790515,779164.2266690942,5250969.316722222,-58284.27806559171,65.49415884954941,-1.1600703280419111,0.29485699720680714,0.5817784648388624
2026-04-23 07:36:12.200,3509429.480234985,779164.234105763,5250969.36310756,-58289.20029385348,65.81018096642735,-2.0155553007498384,0.07436668849550188,0.4638533852994442
2026-04-23 07:36:12.300,3509426.899289636,779162.6132447481,5250973.701189951,-58293.548988173985,45.41085497349682,-25.809453488327563,-16.208610149333254,43.38082390837371
2026-04-23 07:36:12.400,3509426.777785107,779162.5843212749,5250973.658613457,-58298.46087945069,45.23283778634152,-1.2150452891364694,-0.2892347320448607,-0.42576493695378304
2026-04-23 07:36:12.500,3509426.6427702312,779162.5350565121,5250973.6484936355,-58303.38788903583,44.93957787021685,-1.3501487579196692,-0.49264762783423066,-0.1011982187628746
2026-04-23 07:36:12.600,3509426.52085513,779162.5295395147,5250973.697199759,-58308.268887088234,44.894088794226086,-1.219151010736823,-0.05516997422091663,0.4870612360537052
2026-04-23 07:36:12.700,3509426.727044597,779162.4714356605,5250973.5877152905,-58313.02831659029,38.56401557373099,2.061894666403532,-0.5810385418590158,-1.0948446858674288
2026-04-23 07:36:12.800,3509426.6248162286,779162.5361396915,5250973.735888987,-58317.8648219875,39.017949772446784,-1.0222836816683412,0.6470403098501265,1.4817369636148214
2026-04-23 07:36:12.900,3509426.478389497,779162.5841358745,5250973.870652426,-58322.72418880356,39.41753996961283,-1.4642673172056675,0.47996183042414486,1.3476343918591738
2026-04-23 07:36:13.000,3509426.2610821864,779162.5488908513,5250973.916319041,-58327.6600738608,38.98990973475448,-2.1730731055140495,-0.3524502320215106,0.45666614547371864
2026-04-23 07:36:13.100,3509426.024161287,779162.5110442255,5250973.937546433,-58332.63857561338,38.56499680643072,-2.36920899245888,-0.3784662578254938,0.21227392368018627
2026-04-23 07:36:13.200,3509425.931342436,779162.5239696321,5250974.049115101,-58337.48135111374,38.43311716955162,-0.9281885111704469,0.12925406568683684,1.1156866792589426
2026-04-23 07:36:13.300,3509426.150201768,779162.1988117107,5250973.810066428,-58342.245054360064,44.099017666890234,2.188593321479857,-3.2515792141202837,-2.390486728399992
2026-04-23 07:36:13.400,3509426.051018748,779162.2253538674,5250973.912005278,-58347.09021219881,44.44210787637604,-0.9918302018195391,0.26542156701907516,1.0193885024636984
2026-04-23 07:36:13.500,3509425.8826130503,779162.250775584,5250973.936618594,-58352.03257325847,44.03412758480899,-1.6840569768100977,0.2542171662207693,0.24613316170871258
2026-04-23 07:36:13.600,3509425.7009496624,779162.2742091515,5250973.950942539,-58357.00529274218,43.69348928542266,-1.8166338792070746,0.23433567490428686,0.14323944225907326
2026-04-23 07:36:13.700,3509425.552922321,779162.3219483776,5250974.073763271,-58361.900980233986,43.85229627959915,-1.4802734134718776,0.4773922613821924,1.2282073218375444
2026-04-23 07:36:13.800,3509425.365223934,779162.3301294029,5250974.084608189,-58366.8499517241,43.9407306336558,-1.8769838707521558,0.0818102527409792,0.10844917967915535
2026-04-23 07:36:13.900,3509425.186020818,779162.3358236657,5250974.118412324,-58371.795373652116,43.907758995636776,-1.7920311586931348,0.05694262799806893,0.33804135397076607
2026-04-23 07:36:14.000,3509424.9844797077,779162.2935421603,5250974.08612963,-58376.792863867726,43.73361824019771,-2.0154111040756106,-0.4228150541894138,-0.3228269424289465
2026-04-23 07:36:14.100,3509425.461828434,779162.005876388,5250973.726694915,-58381.52700114766,51.94839952167786,4.773487262427807,-2.876657722517848,-3.594347145408392
2026-04-23 07:36:14.200,3509425.4617744805,779162.0370813443,5250973.865321149,-58386.337887107,51.49882332384409,-0.000539533793926239,0.31204956234432757,1.3862623367458582
2026-04-23 07:36:14.300,3509424.6648198287,779162.3899844302,5250974.483813903,-58391.422399333984,43.15635257850199,-7.969546518288553,3.5290308587718755,6.18492754176259
2026-04-23 07:36:14.400,3509425.253931962,779162.0586465547,5250974.001481762,-58396.15755349404,50.913549688974335,5.8911213325336576,-3.3133787545375526,-4.823321411386132
2026-04-23 07:36:14.500,3509425.1594279744,779162.0618613936,5250974.097789607,-58401.04471999267,50.73515089954936,-0.945039875805378,0.032148389145731926,0.963078448548913
2026-04-23 07:36:14.600,3509425.096131213,779162.0525159362,5250974.2203756245,-58405.88859400806,50.97103571291994,-0.6329676136374474,-0.09345457423478365,1.2258601747453213
2026-04-23 07:36:14.700,3509424.945572791,779162.0851167209,5250974.213644801,-58410.84920690371,51.158806634458244,-1.5055842185392976,0.3260078467428684,-0.06730823777616024
2026-04-23 07:36:14.800,3509424.857015769,779162.1342940159,5250974.268410048,-58415.74419513093,51.494769047894366,-0.885570221580565,0.49177295062690973,0.5476524773985147
2026-04-23 07:36:14.900,3509424.7783157933,779162.1717800389,5250974.356556778,-58420.63973770938,51.31240979051572,-0.7869997574016452,0.3748602292034775,0.8814672939479351
2026-04-23 07:36:15.000,3509424.692515126,779162.2595942486,5250974.428315813,-58425.538729643056,50.83436683818281,-0.8580066729336977,0.8781420974992216,0.7175903487950563
2026-04-23 07:36:15.100,3509424.5449443813,779162.281374653,5250974.419321997,-58430.504875662446,50.700264164746976,-1.4757074462249875,0.21780404378660023,-0.08993815630674362
2026-04-23 07:36:15.200,3509424.413952632,779162.2649267728,5250974.4131383775,-58435.4410419778,50.49239170411941,-1.3099174946546555,-0.16447880188934505,-0.06183619610965252
2026-04-23 07:36:15.300,3509424.2972900146,779162.276102349,5250974.457253846,-58440.35101381005,50.53556631035215,-1.1666261730715632,0.11175576248206198,0.44115468859672546
2026-04-23 07:36:15.400,3509424.2205394437,779162.2923108733,5250974.520551952,-58445.209666091265,50.744169566444945,-0.7675057090818882,0.16208524233661592,0.6329810526221991
2026-04-23 07:36:15.500,3509424.1588047454,779162.2967236297,5250974.587858814,-58450.07693880155,50.59933545247745,-0.6173469824716449,0.04412756417877972,0.6730686221271753
2026-04-23 07:36:15.600,3509424.0605217037,779162.2666679209,5250974.595862642,-58455.01311732374,50.356585789197695,-0.982830417342484,-0.3005570883397013,0.0800382811576128
2026-04-23 07:36:15.700,3509423.9385700207,779162.2617703767,5250974.598187805,-58459.972870840356,50.324268043251564,-1.2195168295875192,-0.048975441604852676,0.02325163222849369
2026-04-23 07:36:15.800,3509423.856622555,779162.3254336005,5250974.702664615,-58464.83667649031,50.5078526827575,-0.8194746589288116,0.6366322375833988,1.0447680950164795
2026-04-23 07:36:15.900,3509423.7511654096,779162.3711727384,5250974.898941186,-58469.70000168766,50.486016965077866,-1.05457145255059,0.4573913791682571,1.9627657160162926
2026-04-23 07:36:16.000,3509423.6341723274,779162.3848771029,5250975.011787385,-58474.63709246106,50.17377033734286,-1.1699308222159743,0.13704364537261426,1.1284619849175215
2026-04-23 07:36:16.100,3509423.5022460385,779162.4005648673,5250975.05154993,-58479.574051831616,49.88136732426676,-1.3192628882825375,0.15687764389440417,0.3976254537701607
2026-04-23 07:36:16.200,3509423.366869979,779162.4097188358,5250975.121053894,-58484.48458543995,49.76367257070221,-1.3537605945020914,0.09153968538157642,0.695039639249444
2026-04-23 07:36:16.300,3509423.209323975,779162.4137787021,5250975.209973205,-58489.40889195262,49.649421770304976,-1.5754600428044796,0.04059866303578019,0.889193108305335
2026-04-23 07:36:16.400,3509423.020049735,779162.4020226654,5250975.209968456,-58494.36988415561,49.44246235830304,-1.8927423981949687,-0.11756036779843271,-4.748813807964325e-05
2026-04-23 07:36:16.500,3509422.7961854,779162.374443077,5250975.1810641745,-58499.36187301417,49.69770021320629,-2.238643351010978,-0.2757958834990859,-0.2890428155660629
2026-04-23 07:36:16.600,3509422.6563040833,779162.3594818437,5250975.2595349625,-58504.261584701795,49.64817051140519,-1.3988131657242775,-0.14961233362555504,0.7847078796476126
2026-04-23 07:36:16.700,3509422.4105200204,779162.3931252529,5250975.207273264,-58509.28342696329,49.6803303622971,-2.4578406289219856,0.3364340926054865,-0.5226169805973768
2026-04-23 07:36:16.800,3509422.2035431163,779162.4083055962,5250975.18500603,-58514.284527425785,49.83734530517914,-2.0697690406814218,0.1518034329637885,-0.2226723451167345
2026-04-23 07:36:16.900,3509422.0879943683,779162.3575478367,5250975.129264358,-58519.28276208142,49.81462793227083,-1.1554874805733562,-0.5075775948353112,-0.5574167147278786
2026-04-23 07:36:17.000,3509422.0273585953,779162.3198943393,5250975.116501622,-58524.19736678875,49.7727294662778,-0.6063577299937606,-0.3765349742025137,-0.12762736529111862
2026-04-23 07:36:17.100,3509421.9681989877,779162.3008695578,5250975.172984674,-58529.0935682137,49.62455401676353,-0.5915960762649775,-0.19024781533516943,0.5648305173963308
2026-04-23 07:36:17.200,3509421.906262334,779162.3026296743,5250975.220616316,-58533.98949735617,49.78848211364309,-0.619366536848247,0.0176011654548347,0.47631642781198025
2026-04-23 07:36:17.300,3509421.8546132375,779162.3238004895,5250975.332276301,-58538.83811025767,49.766455788067745,-0.5164909642189741,0.21170815220102668,1.1165998503565788
2026-04-23 07:36:17.400,3509421.7986827246,779162.3315392687,5250975.44303162,-58543.720548663834,49.925890832173664,-0.5593051295727491,0.07738779182545841,1.1075531877577305
2026-04-23 07:36:17.500,3509421.7014056356,779162.3270114189,5250975.558749244,-58548.60551431453,49.78041469124814,-0.9727708902209997,-0.04527849843725562,1.1571762338280678
2026-04-23 07:36:17.600,3509421.51035017,779162.2689526639,5250975.5692828335,-58553.59219214856,49.573718202296675,-1.9105546548962593,-0.5805875500664115,0.10533589869737625
2026-04-23 07:36:17.700,3509421.4094646843,779162.2025003252,5250975.64431819,-58558.500674521514,49.72580378073701,-1.0088548576459289,-0.6645233870949596,0.7503535691648722
2026-04-23 07:36:17.800,3509421.3187009743,779162.1923776066,5250975.707383919,-58563.387045719144,49.65085261172682,-0.9076370997354388,-0.10122718522325158,0.6306572817265987
2026-04-23 07:36:17.900,3509421.167932553,779162.1662533721,5250975.709335319,-58568.327607602696,49.42617883753941,-1.5076842112466693,-0.2612423454411328,0.01951400190591812
2026-04-23 07:36:18.000,3509421.017566368,779162.1119397666,5250975.72559303,-58573.2632061194,49.43852741589647,-1.5036618523299694,-0.543136055348441,0.16257711686193943
2026-04-23 07:36:18.100,3509420.9090159154,779162.0643966069,5250975.797629492,-58578.160941644564,49.6341888260062,-1.0855045262724161,-0.4754315968602896,0.7203646190464497
2026-04-23 07:36:18.200,3509420.790205601,779161.9838948229,5250975.874642086,-58583.06132315715,49.94224295306138,-1.18810314219445,-0.8050178398843855,0.7701259385794401
2026-04-23 07:36:18.300,3509420.0838585384,779162.364227162,5250976.456532873,-58588.13052620398,42.14518591090204,-7.063470627181232,3.803323390893638,5.818907869979739
2026-04-23 07:36:18.400,3509420.071010532,779162.2902243165,5250976.503851177,-58593.02852344999,42.10184726362311,-0.12848006561398506,-0.7400284544564784,0.4731830395758152
2026-04-23 07:36:18.500,3509419.992771134,779162.2324893617,5250976.526280882,-58597.95713626586,41.97039611879051,-0.7823939807713032,-0.5773495486937463,0.22429704666137695
2026-04-23 07:36:18.600,3509419.897001093,779162.1569664564,5250976.667843967,-58602.8294547145,41.96234026755378,-0.9577004099264741,-0.75522905215621,1.4156308490782976
2026-04-23 07:36:18.700,3509419.850664101,779162.0441987723,5250976.728983374,-58607.70612520992,41.800410027428704,-0.4633699171245098,-1.1276768415700644,0.6113940756767988
2026-04-23 07:36:18.800,3509419.8561152946,779161.9207234047,5250976.801397101,-58612.56569557986,41.449031561195554,0.05451193545013666,-1.234753675526008,0.7241372670978308
2026-04-23 07:36:18.900,3509419.856495928,779161.8208565961,5250976.913738333,-58617.42536748477,41.402231869677514,0.003806333988904953,-0.9986680862493813,1.1234123166650534
2026-04-23 07:36:19.000,3509419.831108072,779161.7162838733,5250976.929281394,-58622.3383656525,41.23060604555638,-0.2538785617798567,-1.0457272280473262,0.15543061308562756
2026-04-23 07:36:19.100,3509419.8213339457,779161.5786751818,5250976.929135263,-58627.24886253716,41.06558388982888,-0.0977412611246109,-1.3760869146790355,-0.0014613103121519089
2026-04-23 07:36:19.200,3509419.7878018753,779161.4895473397,5250977.083848335,-58632.06511306715,40.78622617575249,-0.33532070461660624,-0.8912784210406244,1.5471307188272476
2026-04-23 07:36:19.300,3509419.762955781,779161.3922105324,5250977.148311161,-58636.93851597944,40.51596728385789,-0.24846094194799662,-0.9733680728822947,0.6446282658725977
2026-04-23 07:36:19.400,3509419.749046459,779161.2856313862,5250977.154666459,-58641.81821262037,40.39843918087559,-0.13909322209656239,-1.0657914623152465,0.0635529775172472
2026-04-23 07:36:19.500,3509419.739890859,779161.1519163445,5250977.164288687,-58646.695350402995,40.763235774514165,-0.09155599866062403,-1.337150416802615,0.09622227400541306
2026-04-23 07:36:19.600,3509419.7038827296,779161.0170042184,5250977.17322603,-58651.581841309046,41.03050747490012,-0.36008129362016916,-1.3491212611552328,0.08937343023717403
2026-04-23 07:36:19.700,3509419.6441895454,779160.8350981374,5250977.097053546,-58656.51910493726,41.25022825482875,-0.5969318421557546,-1.8190608103759587,-0.7617248315364122
2026-04-23 07:36:19.800,3509419.6008350356,779160.6524321716,5250976.979218827,-58661.45846957061,41.38922673308624,-0.43354509864002466,-1.8266596575267613,-1.178347198292613
2026-04-23 07:36:19.900,3509419.6177391307,779160.48132585,5250976.913350684,-58666.35677240356,41.115083218132774,0.1690409518778324,-1.711063216207549,-0.6586814299225807
2026-04-23 07:36:20.000,3509419.6652359446,779160.3571848721,5250976.978055531,-58671.180878803905,41.17377517317476,0.4749681381508708,-1.2414097785949707,0.6470484752207994
2026-04-23 07:36:20.100,3509419.6838059174,779160.2329488484,5250977.031154486,-58676.01510153698,41.43781659478411,0.18569972831755877,-1.242360237520188,0.5309895519167185
2026-04-23 07:36:20.200,3509419.6643514237,779160.1392340555,5250977.151699878,-58680.83915251373,41.15463628256766,-0.19454493653029203,-0.9371479286346585,1.2054539192467928
2026-04-23 07:36:20.300,3509419.6453654612,779160.0203968077,5250977.219105958,-58685.70228325127,41.06013147959224,-0.18985962495207787,-1.1883724783547223,0.6740607973188162
2026-04-23 07:36:20.400,3509419.6359364176,779159.9146082427,5250977.287153719,-58690.55655900368,41.396369049105935,-0.09429043624550104,-1.0578856500796974,0.6804776098579168
2026-04-23 07:36:20.500,3509419.5908016367,779159.8008532701,5250977.301370921,-58695.45275533375,41.58776190722787,-0.45134780928492546,-1.1375497258268297,0.14217201620340347
2026-04-23 07:36:20.600,3509419.5703163277,779159.6840469766,5250977.318701323,-58700.33259682969,41.93358798225361,-0.20485308952629566,-1.1680629348848015,0.1733040250837803
2026-04-23 07:36:20.700,3509419.579211361,779159.5830743854,5250977.393344285,-58705.180585839356,42.32636420035539,0.08895033039152622,-1.0097259120084345,0.746429618448019
2026-04-23 07:36:20.800,3509419.5652570347,779159.4904061207,5250977.477220294,-58710.02741001564,42.17520588293108,-0.13954326044768095,-0.9266826475504786,0.8387600909918547
2026-04-23 07:36:20.900,3509419.561390438,779159.3953201079,5250977.577873812,-58714.86950891748,41.982906350435705,-0.038665966130793095,-0.9508601273410022,1.006535179913044
2026-04-23 07:36:21.000,3509419.575959655,779159.319395337,5250977.600717248,-58719.74887696864,41.936178815681515,0.1456921687349677,-0.7592477090656757,0.2284343633800745
2026-04-23 07:36:21.100,3509419.6126373676,779159.1838399268,5250977.603902746,-58724.62771617686,42.02569251205647,0.36677712574601173,-1.3555541017558426,0.03185497596859932
2026-04-23 07:36:21.200,3509419.6166697014,779159.0652277546,5250977.668168932,-58729.46179954952,42.24778807828567,0.040323338471353054,-1.1861217219848186,0.6426618620753288
2026-04-23 07:36:21.300,3509419.620719658,779158.9572035298,5250977.8041280955,-58734.262896664426,42.69291796157497,0.04049956798553467,-1.0802422487176955,1.3595916330814362
2026-04-23 07:36:21.400,3509419.6126734656,779158.8493340076,5250977.88261189,-58739.09730770259,43.06312368192284,-0.08046192582696676,-1.0786952218040824,0.7848379481583834
2026-04-23 07:36:21.500,3509419.6357683027,779158.7539565642,5250977.873953714,-58743.98759316453,43.48950108872372,0.23094837088137865,-0.9537744335830212,-0.0865817628800869
2026-04-23 07:36:21.600,3509419.640151705,779158.629530802,5250977.902726888,-58748.87687900661,43.71651623685474,0.04383402410894632,-1.2442576221656054,0.28773173689842224
2026-04-23 07:36:21.700,3509419.63256713,779158.5083842973,5250977.89599312,-58753.766764308944,43.546598476951175,-0.07584575098007917,-1.211465047672391,-0.06733767688274384
2026-04-23 07:36:21.800,3509419.6380231306,779158.3729006276,5250977.8600926865,-58758.66868898733,43.453164152433224,0.05456000566482544,-1.354836696991697,-0.3590043354779482
2026-04-23 07:36:21.900,3509419.6328356294,779158.2503281259,5250977.888471961,-58763.52434376799,43.50237066776288,-0.05187501199543476,-1.2257250165566802,0.28379274532198906
2026-04-23 07:36:22.000,3509419.643312364,779158.1293068341,5250977.933916409,-58768.39132073889,43.35539389608551,0.104767344892025,-1.2102129182312638,0.4544444754719734
2026-04-23 07:36:22.100,3509419.693266343,779157.9589133515,5250977.947083952,-58773.28325981749,43.52137187032351,0.4995397897437215,-1.7039348254911602,0.13167543336749077
2026-04-23 07:36:22.200,3509419.712100331,779157.7955074166,5250977.967862881,-58778.16220426794,43.5769320464855,0.18833988346159458,-1.6340593493077904,0.20778928883373737
2026-04-23 07:36:22.300,3509419.708427913,779157.635657061,5250978.032782726,-58783.04396181748,43.589319813656175,-0.03672418184578419,-1.5985035558696836,0.6491984520107508
2026-04-23 07:36:22.400,3509419.712469808,779157.5264280561,5250978.079324262,-58787.9261921639,43.902449179676324,0.04041894804686308,-1.092290049418807,0.4654153622686863
2026-04-23 07:36:22.500,3509419.7093258346,779157.3825222182,5250978.085205022,-58792.838453111464,43.8328440379402,-0.03143973182886839,-1.4390583790373057,0.058807600289583206
2026-04-23 07:36:22.600,3509419.7279131375,779157.2481877488,5250978.097491614,-58797.72948490105,43.527145192366554,0.1858730288222432,-1.3433446933049709,0.12286591343581676
2026-04-23 07:36:22.700,3509419.780928215,779157.1200991297,5250978.136569089,-58802.59351778666,43.24448995890706,0.5301507748663425,-1.28088619094342,0.39077475666999817
2026-04-23 07:36:22.800,3509419.812157052,779156.9865382005,5250978.14190099,-58807.48686926651,42.97928450132951,0.31228837091475725,-1.3356092921458185,0.05331900902092457
2026-04-23 07:36:22.900,3509419.8278173176,779156.8012176756,5250978.120819165,-58812.3869187004,42.51948322053808,0.1566026546061039,-1.853205249644816,-0.2108182478696108
2026-04-23 07:36:23.000,3509419.8535243045,779156.622968494,5250978.132164559,-58817.25065847839,42.32467957791737,0.25706986896693707,-1.782491815974936,0.1134539395570755
2026-04-23 07:36:23.100,3509419.869672946,779156.459729579,5250978.138070858,-58822.15338634476,41.943067594345415,0.16148641705513,-1.6323891491629183,0.05906298756599426
2026-04-23 07:36:23.200,3509419.8825799045,779156.290028666,5250978.126223109,-58827.05430732049,41.88176650121085,0.1290695834904909,-1.697009130148217,-0.11847749352455139
2026-04-23 07:36:23.300,3509419.8466823306,779156.1388614508,5250978.163119566,-58831.93490987917,41.93677388701832,-0.3589757392182946,-1.511672151973471,0.36896456964313984
2026-04-23 07:36:23.400,3509419.772920334,779155.9870036655,5250978.165064467,-58836.83100573301,41.89909232488068,-0.7376199681311846,-1.5185778529848903,0.019449014216661453
2026-04-23 07:36:23.500,3509419.779344582,779155.8240202978,5250978.104903815,-58841.72165333035,41.47561523952903,0.06424248218536377,-1.6298336768522859,-0.6016065180301666
2026-04-23 07:36:23.600,3509419.7931941706,779155.6959852793,5250978.0482244715,-58846.62351793274,41.32488273273788,0.13849588576704264,-1.2803501856978983,-0.5667934380471706
2026-04-23 07:36:23.700,3509419.7845873185,779155.543826643,5250978.01133372,-58851.51248120387,41.24574445425465,-0.08606852032244205,-1.5215863625053316,-0.3689075168222189
2026-04-23 07:36:23.800,3509419.824450994,779155.3518215435,5250977.987007821,-58856.40907675685,41.17307666986684,0.39863675367087126,-1.9200509949587286,-0.24325898848474026
2026-04-23 07:36:23.900,3509419.8971289727,779155.1898252077,5250977.995153091,-58861.28085348743,41.211112635235644,0.7267797878012061,-1.6199633583892137,0.08145269937813282
2026-04-23 07:36:24.000,3509419.8562609726,779155.0863853701,5250978.06498609,-58866.173590100414,41.42805181957147,-0.40868000127375126,-1.0343983757775277,0.6983299925923347
2026-04-23 07:36:24.100,3509419.8267094335,779154.9930087733,5250978.1345391655,-58871.044783562735,41.67369835576263,-0.2955153910443187,-0.9337659680750221,0.695530753582716
2026-04-23 07:36:24.200,3509419.827657645,779154.8566602982,5250978.081194304,-58875.92932380428,41.568697293675314,0.009482116438448429,-1.3634847512003034,-0.5334486160427332
2026-04-23 07:36:24.300,3509419.860990443,779154.7438373992,5250978.0383726675,-58880.81635412613,41.37640478057692,0.33332797698676586,-1.1282289901282638,-0.4282163642346859
2026-04-23 07:36:24.400,3509420.4142068797,779154.2661604662,5250977.577850958,-58885.57703829757,49.181814282096255,5.532164368778467,-4.77676932932809,-4.605217091739178
2026-04-23 07:36:24.500,3509419.967813408,779154.4847135787,5250977.912644848,-58890.6078252679,41.23975832991782,-4.463934716768563,2.1855311247054487,3.347938898950815
2026-04-23 07:36:24.600,3509419.9793513995,779154.3274529984,5250977.858172558,-58895.50466855507,41.07944503826873,0.11537991464138031,-1.5726058033760637,-0.5447228997945786
2026-04-23 07:36:24.700,3509419.454503736,779154.2737852456,5250978.111415916,-58900.5419223877,41.52759465139942,-5.248476634733379,-0.5366775277070701,2.5324335787445307
2026-04-23 07:36:24.800,3509419.4376527714,779154.1335246349,5250978.168285285,-58905.405984978286,41.67187115721108,-0.1685096463188529,-1.4026061072945595,0.5686936900019646
2026-04-23 07:36:24.900,3509419.4507561573,779153.9691748801,5250978.117584135,-58910.30862790329,41.63506601085015,0.13103385921567678,-1.6434975480660796,-0.5070114973932505
2026-04-23 07:36:25.000,3509419.444753163,779153.8346925084,5250978.086321669,-58915.22408211293,41.466166636419544,-0.06002994254231453,-1.3448237162083387,-0.31262466683983803
2026-04-23 07:36:25.100,3509419.4553875593,779153.7121400193,5250978.138732418,-58920.06615136704,41.348233923573126,0.10634396225214005,-1.2255248916335404,0.5241074971854687
2026-04-23 07:36:25.200,3509419.483965594,779153.5508946042,5250978.156343194,-58924.93064990313,41.46067066038383,0.2857803460210562,-1.6124541510362178,0.1761077530682087
2026-04-23 07:36:25.300,3509419.5209542336,779153.3855841159,5250978.183319033,-58929.79878422697,41.64922219303754,0.3698863973841071,-1.6531048831529915,0.26975839398801327
2026-04-23 07:36:25.400,3509419.5420357673,779153.2136888051,5250978.228422407,-58934.65604879111,42.066394937934675,0.2108153374865651,-1.718953107483685,0.4510337393730879
2026-04-23 07:36:25.500,3509419.5334621086,779153.063844725,5250978.357532141,-58939.50048060908,42.404749837429186,-0.08573658764362335,-1.4984408009331673,1.2910973373800516
2026-04-23 07:36:25.600,3509419.482093309,779152.9074241098,5250978.388967671,-58944.415382168525,42.231164679958525,-0.513687995262444,-1.5642061526887119,0.314355306327343
2026-04-23 07:36:25.700,3509419.4841976278,779152.78068566,5250978.321816361,-58949.36404655393,42.05351388972198,0.021043187007308006,-1.2673844979144633,-0.6715131085366011
2026-04-23 07:36:25.800,3509419.5080682193,779152.6372856963,5250978.278026434,-58954.283990153184,41.89823534218916,0.23870591539889574,-1.4339996362105012,-0.43789926916360855
2026-04-23 07:36:25.900,3509419.5107469424,779152.541383305,5250978.247645006,-58959.1817377029,41.30703852771059,0.026787230744957924,-0.9590239136014134,-0.30381428077816963
2026-04-23 07:36:26.000,3509419.5060230196,779152.4357673511,5250978.249227479,-58964.038680146616,41.1636719058789,-0.047239228151738644,-1.0561595391482115,0.015824735164642334
2026-04-23 07:36:26.100,3509419.498210301,779152.3190065102,5250978.275817489,-58968.899890683315,41.35319678417627,-0.07812718395143747,-1.1676084087230265,0.2659001015126705
2026-04-23 07:36:26.200,3509419.5020101317,779152.1954731583,5250978.206998072,-58973.81412086387,41.52335017782149,0.03799830563366413,-1.23533351928927,-0.6881941761821508
2026-04-23 07:36:26.300,3509419.4785657176,779152.037708234,5250978.176893428,-58978.70018073745,41.26238750717881,-0.23444414138793945,-1.5776492422446609,-0.30104643665254116
2026-04-23 07:36:26.400,3509419.4576540664,779151.9294277999,5250978.259991277,-58983.533350862956,40.99434600415436,-0.20911651197820902,-1.0828043415676802,0.8309784904122353
2026-04-23 07:36:26.500,3509419.432804796,779151.8284137002,5250978.193471364,-58988.47177238172,40.684415091868026,-0.24849270470440388,-1.0101409966591746,-0.6651991326361895
2026-04-23 07:36:26.600,3509419.368845762,779151.7047911508,5250978.07843631,-58993.456254817815,40.39754333068737,-0.6395903369411826,-1.2362254946492612,-1.150350533425808
2026-04-23 07:36:26.700,3509419.343294684,779151.5877191566,5250978.04302926,-58998.3832411343,40.03147706635588,-0.25551078375428915,-1.1707199411466718,-0.35407050512731075
2026-04-23 07:36:26.800,3509419.3103949763,779151.4781938209,5250978.0219694795,-59003.28513622877,39.93397149683319,-0.32899707555770874,-1.0952533571980894,-0.2105978038161993
2026-04-23 07:36:26.900,3509419.3112844964,779151.3447597679,5250978.063418887,-59008.1448364828,39.70381167275776,0.008895201608538628,-1.3343405304476619,0.4144940711557865
2026-04-23 07:36:27.000,3509419.283790905,779151.2551327458,5250978.0927226,-59013.01926873402,39.40042894652334,-0.2749359142035246,-0.8962702204007655,0.293037137016654
2026-04-23 07:36:27.100,3509419.258705738,779151.1567165072,5250978.057330516,-59017.937186515526,39.549433728483216,-0.2508516702800989,-0.9841623867396265,-0.35392084158957005
2026-04-23 07:36:27.200,3509419.2375704274,779151.0352759433,5250978.055306662,-59022.84998005258,39.569852183142395,-0.21135310642421246,-1.214405638165772,-0.020238542929291725
2026-04-23 07:36:27.300,3509419.2115123547,779150.8752012418,5250978.023535311,-59027.77884638242,39.59720051583735,-0.26058072689920664,-1.6007470153272152,-0.31771350651979446
2026-04-23 07:36:27.400,3509419.19284922,779150.6966378224,5250978.094658212,-59032.647854004725,39.62675367961555,-0.18663134891539812,-1.7856341938022524,0.7112290058284998
2026-04-23 07:36:27.500,3509419.1878706994,779150.5323776746,5250978.154457014,-59037.52247836327,39.89464297575132,-0.04978520330041647,-1.6426014783792198,0.5979880224913359
2026-04-23 07:36:27.600,3509419.1971223215,779150.4016958976,5250978.239337284,-59042.3686528392,39.93770200830719,0.09251622017472982,-1.306817770237103,0.8488027006387711
2026-04-23 07:36:27.700,3509419.2333480534,779150.2810036081,5250978.314736019,-59047.21790800277,40.173408397944065,0.3622573195025325,-1.2069228943437338,0.7539873477071524
2026-04-23 07:36:27.800,3509419.2822875795,779150.180183776,5250978.379992817,-59052.06556798609,40.514741626629316,0.48939526081085205,-1.0081983217969537,0.6525679770857096
2026-04-23 07:36:27.900,3509419.2594038113,779150.1112677982,5250978.404083999,-59056.972844289965,40.734272368110915,-0.22883768193423748,-0.6891597772482783,0.2409118227660656
2026-04-23 07:36:28.000,3509419.206155726,779150.0099209216,5250978.389121761,-59061.94212116585,40.895727908356704,-0.532480850815773,-1.0134687658865005,-0.14962238259613514
2026-04-23 07:36:28.100,3509419.158655404,779149.862308645,5250978.3694569925,-59066.898185728016,40.83758951925538,-0.47500322107225657,-1.4761227660346776,-0.19664768129587173
2026-04-23 07:36:28.200,3509419.1241697697,779149.7367757264,5250978.3911059685,-59071.814428805264,41.040787475465656,-0.3448563441634178,-1.2553291860967875,0.21648976020514965
2026-04-23 07:36:28.300,3509419.108611099,779149.6328007709,5250978.442611133,-59076.70249276608,41.189239892599474,-0.15558670740574598,-1.0397495550569147,0.5150516424328089
2026-04-23 07:36:28.400,3509419.1538839573,779149.5491009369,5250978.521407823,-59081.55972484502,41.59921058838341,0.4527285834774375,-0.8369983406737447,0.7879669032990932
2026-04-23 07:36:28.500,3509419.107414162,779149.5063330515,5250978.52200085,-59086.4943446036,41.8716409157499,-0.46469795517623425,-0.427678853739053,0.005930270999670029
2026-04-23 07:36:28.600,3509419.0914717996,779149.3920050716,5250978.521671382,-59091.39709325317,41.859559910542636,-0.15942362137138844,-1.1432797985617071,-0.0032946839928627014
2026-04-23 07:36:28.700,3509419.108238088,779149.24899536,5250978.582102517,-59096.2546922604,41.507533443402316,0.16766288317739964,-1.4300971163902432,0.6043113488703966
2026-04-23 07:36:28.800,3509419.094384383,779149.1006717907,5250978.559902367,-59101.16236291083,41.111260832940154,-0.13853705022484064,-1.4832356933038682,-0.22200149483978748
2026-04-23 07:36:28.900,3509419.1072652596,779148.9771712265,5250978.60288744,-59106.04290854423,40.89740125525406,0.12880876660346985,-1.2350056413561106,0.4298507235944271
2026-04-23 07:36:29.000,3509419.132477943,779148.8627196663,5250978.724116377,-59110.869182769195,40.766420518713396,0.25212683249264956,-1.1445156019181013,1.2122893705964088
2026-04-23 07:36:29.100,3509419.112070975,779148.7191108733,5250978.763043959,-59115.760146503,40.69612934823514,-0.2040696796029806,-1.4360879303421825,0.3892758209258318
2026-04-23 07:36:29.200,3509419.1183487764,779148.6069695605,5250978.801038174,-59120.67314769713,40.376454905994635,0.06277801468968391,-1.1214131279848516,0.3799421526491642
2026-04-23 07:36:29.300,3509419.1326918146,779148.5190413902,5250978.884271633,-59125.546151338036,39.9358851796969,0.14343038201332092,-0.8792817033827305,0.8323345892131329
2026-04-23 07:36:29.400,3509419.144141767,779148.4672132736,5250979.000111024,-59130.40924541704,40.21075017049643,0.11449952609837055,-0.5182811652775854,1.1583939101547003
2026-04-23 07:36:29.500,3509419.1563654672,779148.3875263254,5250979.058694916,-59135.29261892712,40.398867121707106,0.12223700061440468,-0.796869482146576,0.585838919505477
2026-04-23 07:36:29.600,3509419.157526953,779148.2568674216,5250979.049475263,-59140.18675073499,40.40175530755863,0.011614859104156494,-1.3065890385769308,-0.09219652973115444
2026-04-23 07:36:29.700,3509419.1682792986,779148.153146589,5250979.093654185,-59145.06016039244,40.187787388814876,0.10752345435321331,-1.0372083261609077,0.4417892172932625
2026-04-23 07:36:29.800,3509419.198977804,779148.0404667583,5250979.186883527,-59149.90941482727,40.15296232961179,0.30698505230247974,-1.1267983063589782,0.9322934225201607
2026-04-23 07:36:29.900,3509419.213876154,779147.8834360747,5250979.219246344,-59154.7897133054,40.16466960421269,0.1489834999665618,-1.5703068359289318,0.32362816855311394
2026-04-23 07:36:30.000,3509419.1956658573,779147.7426770988,5250979.195662801,-59159.715366995784,40.39575483902349,-0.18210296519100666,-1.407589758746326,-0.23583542555570602
2026-04-23 07:36:30.100,3509419.160381844,779147.6510428298,5250979.21978022,-59164.638861843814,40.952831929325065,-0.35284013487398624,-0.9163426898885518,0.24117418564856052
2026-04-23 07:36:30.200,3509419.1501221247,779147.5240555305,5250979.25948043,-59169.54905154853,41.27208079264704,-0.10259719099849463,-1.269872992997989,0.39700210094451904
2026-04-23 07:36:30.300,3509419.137994124,779147.4448319074,5250979.295057277,-59174.44563423995,35.70881754263077,-0.12128000613301992,-0.7922362315002829,0.3557684738188982
2026-04-23 07:36:30.400,3509419.124043895,779147.3412594388,5250979.252274795,-59179.37529824371,36.216376865171654,-0.13950229156762362,-1.0357246862258762,-0.42782481759786606
2026-04-23 07:36:30.500,3509419.099983899,779147.1815939661,5250979.276314323,-59184.27533745463,36.41092968378862,-0.24059996008872986,-1.596654726890847,0.24039527401328087
2026-04-23 07:36:30.600,3509419.0807537325,779147.0118314025,5250979.253614461,-59189.18233980553,36.499316570705275,-0.1923016645014286,-1.6976256354246289,-0.2269986178725958
2026-04-23 07:36:30.700,3509419.1353041274,779146.8191140204,5250979.269025405,-59194.037888624865,36.48535495065919,0.545503948815167,-1.927173821022734,0.15410943888127804
2026-04-23 07:36:30.800,3509419.1530211074,779146.693478077,5250979.365896393,-59198.88689849757,36.74080475394434,0.17716980073601007,-1.2563594349194318,0.9687098767608404
2026-04-23 07:36:30.900,3509419.102089763,779146.5770633797,5250979.365899323,-59203.78874738656,36.979297370305616,-0.5093134427443147,-1.1641469725873321,2.9299408197402954e-05
2026-04-23 07:36:31.000,3509419.0999075053,779146.4521902455,5250979.441110219,-59208.64463636322,37.32243984120466,-0.02182257827371359,-1.2487313419114798,0.7521089632064104
2026-04-23 07:36:31.100,3509419.077595317,779146.2975629304,5250979.498241304,-59213.53846186736,37.288928133142385,-0.22312188521027565,-1.5462731511797756,0.571310855448246
2026-04-23 07:36:31.200,3509419.069949306,779146.1825908044,5250979.591140068,-59218.395853394584,37.11678149663675,-0.07646010722965002,-1.1497212597168982,0.9289876371622086
2026-04-23 07:36:31.300,3509419.087290634,779146.0486007741,5250979.658457753,-59223.261966442224,37.045684625964235,0.17341327853500843,-1.3399003027006984,0.6731768511235714
2026-04-23 07:36:31.400,3509419.1059718044,779145.9116587222,5250979.69733015,-59228.135601480346,37.150092748452245,0.18681170418858528,-1.3694205193314701,0.3887239657342434
2026-04-23 07:36:31.500,3509419.1182008674,779145.8020545403,5250979.781431475,-59232.981280573586,37.3397411599668,0.12229063082486391,-1.0960418195463717,0.8410132490098476
2026-04-23 07:36:31.600,3509419.118269481,779145.6929733362,5250979.77625157,-59237.842904054705,37.135933419297245,0.0006861379370093346,-1.0908120404928923,-0.051799044013023376
2026-04-23 07:36:31.700,3509419.1219725064,779145.5890022264,5250979.828649838,-59242.700907425,36.8166102125348,0.03703025169670582,-1.0397110984195024,0.5239826813340187
2026-04-23 07:36:31.800,3509419.1161594465,779145.4915299697,5250979.903547107,-59247.53231880713,36.81769908049694,-0.05813059862703085,-0.9747225663159043,0.748972687870264
2026-04-23 07:36:31.900,3509419.0929905134,779145.3410681811,5250979.961554095,-59252.394551400736,36.99297968725709,-0.23168933112174273,-1.504617886384949,0.5800698790699244
2026-04-23 07:36:32.000,3509419.056747377,779145.213442842,5250979.936060459,-59257.29656264611,37.3212686767083,-0.3624313650652766,-1.2762533908244222,-0.25493635796010494
2026-04-23 07:36:32.100,3509419.018317723,779145.073024998,5250979.926726116,-59262.22443457567,37.47982516149061,-0.38429653737694025,-1.4041784405708313,-0.09334343485534191
2026-04-23 07:36:32.200,3509418.9746364406,779144.9643883219,5250979.953664579,-59267.11385662735,37.58679636378953,-0.4368128255009651,-1.0863667610101402,0.2693846356123686
2026-04-23 07:36:32.300,3509418.9317043154,779144.8716811347,5250979.928206231,-59272.04390915126,37.728857014176185,-0.4293212527409196,-0.927071871701628,-0.25458347983658314
2026-04-23 07:36:32.400,3509418.9491713387,779144.7477291002,5250979.952816751,-59276.94185942771,37.636608509488475,0.17467023339122534,-1.2395203451160342,0.24610519409179688
2026-04-23 07:36:32.500,3509418.9833085807,779144.6108616076,5250979.931806901,-59281.84244741869,37.48796677443657,0.3413724200800061,-1.3686749257612973,-0.21009850315749645
2026-04-23 07:36:32.600,3509418.9902134915,779144.5162230497,5250979.942783687,-59286.74164033473,37.381199532553204,0.06904910784214735,-0.9463855787180364,0.10976786725223064
2026-04-23 07:36:32.700,3509418.983193997,779144.3762702547,5250979.949720105,-59291.662158113184,37.192851011515835,-0.07019494660198689,-1.3995279499795288,0.06936417892575264
2026-04-23 07:36:32.800,3509418.952075165,779144.2493613587,5250979.909979588,-59296.59433836665,36.78129562866953,-0.3111883159726858,-1.2690889602527022,-0.3974051680415869
2026-04-23 07:36:32.900,3509418.9632200613,779144.1087107575,5250979.894844099,-59301.51111148403,36.655891422391804,0.11144896037876606,-1.4065060124266893,-0.15135489404201508
2026-04-23 07:36:33.000,3509418.996793739,779143.9550303916,5250979.929535937,-59306.39922864574,36.68706872182521,0.3357367776334286,-1.536803658818826,0.3469183761626482
2026-04-23 07:36:33.100,3509419.02120955,779143.832302914,5250979.9570927145,-59311.29459002862,36.67529614509033,0.2441581105813384,-1.2272747757378966,0.2755677793174982
2026-04-23 07:36:33.200,3509419.0104054944,779143.7025720932,5250980.023904572,-59316.196612900785,36.785684478604296,-0.10804055724292994,-1.2973082077223808,0.6681185774505138
2026-04-23 07:36:33.300,3509419.0314857876,779143.5706552343,5250980.095258874,-59321.0637923355,36.76775497388942,0.21080293226987123,-1.3191685895435512,0.7135430164635181
2026-04-23 07:36:33.400,3509419.013509342,779143.4084099983,5250980.09571657,-59325.975980919415,36.585247417412894,-0.17976445611566305,-1.6224523598793894,0.004576956853270531
2026-04-23 07:36:33.500,3509419.015155077,779143.2554531097,5250980.10671981,-59330.87768058774,36.56161994181018,0.016457349993288517,-1.5295688854530454,0.11003240011632442
2026-04-23 07:36:33.600,3509419.077067301,779143.1258803029,5250980.154643774,-59335.74984433136,36.425304556195265,0.6191222416236997,-1.2957280687987804,0.4792396444827318
2026-04-23 07:36:33.700,3509419.1318131196,779142.992490096,5250980.160194702,-59340.6287401857,36.34124866727991,0.5474581848829985,-1.3339020684361458,0.055509284138679504
2026-04-23 07:36:33.800,3509419.1179742394,779142.8757893469,5250980.134818101,-59345.54880826063,36.23022839749838,-0.13838880229741335,-1.1670074914582074,-0.2537660114467144
2026-04-23 07:36:33.900,3509419.063760692,779142.7754805248,5250980.100671645,-59350.48352099378,35.897038093728035,-0.5421354761347175,-1.003088221186772,-0.3414645604789257
2026-04-23 07:36:34.000,3509419.009872711,779142.6250390804,5250980.075411218,-59355.41525980695,35.60777202899128,-0.5388798099011183,-1.5044144436251372,-0.2526042703539133
2026-04-23 07:36:34.100,3509418.959480812,779142.5007116836,5250980.055817308,-59360.33120956197,35.290678162333144,-0.5039189895614982,-1.243273967411369,-0.19593910314142704
2026-04-23 07:36:34.200,3509419.004073962,779142.3638053935,5250980.102492796,-59365.20322680944,35.09275613572127,0.4459315026178956,-1.3690629019401968,0.46675488352775574
2026-04-23 07:36:34.300,3509419.042093891,779142.2322152924,5250980.167670624,-59370.08843760544,35.26728471615794,0.38019929081201553,-1.3159010105300695,0.6517782807350159
2026-04-23 07:36:34.400,3509419.028657956,779142.1042882557,5250980.190982933,-59374.99859970403,35.192375359230624,-0.13435935135930777,-1.27927036723122,0.23312308825552464
2026-04-23 07:36:34.500,3509418.966351161,779141.9749030143,5250980.214347537,-59379.89892516003,34.778508074903975,-0.6230679526925087,-1.2938524142373353,0.23364603519439697
2026-04-23 07:36:34.600,3509418.9338081176,779141.864771109,5250980.266329638,-59384.787737991755,34.819078367985966,-0.3254304314032197,-1.1013190529774874,0.519821010529995
2026-04-23 07:36:34.700,3509418.905618428,779141.74926331,5250980.281273138,-59389.71105909656,35.19432590371146,-0.28189689852297306,-1.15507798967883,0.1494350004941225
2026-04-23 07:36:34.800,3509418.876280115,779141.6393145905,5250980.29681636,-59394.61164794683,35.36811188785591,-0.29338312800973654,-1.0994871950242668,0.15543222427368164
2026-04-23 07:36:34.900,3509418.8547569,779141.5028395308,5250980.376579265,-59399.468156462055,35.40642923999343,-0.21523214876651764,-1.3647505966946483,0.7976290490478277
2026-04-23 07:36:35.000,3509418.8488845625,779141.4467420272,5250980.386404073,-59404.37870411681,35.89749393350916,-0.058723376132547855,-0.5609750363510102,0.0982480775564909
2026-04-23 07:36:35.100,3509418.8903837334,779141.4269148755,5250980.484107363,-59409.24019813072,36.32350243164074,0.4149917094036937,-0.1982715167105198,0.9770329017192125
2026-04-23 07:36:35.200,3509418.9528310318,779141.3901098724,5250980.5080307685,-59414.11566662178,36.110499247609326,0.6244729831814766,-0.36805003066547215,0.23923405446112156
2026-04-23 07:36:35.300,3509418.9223715,779141.3709074876,5250980.470573156,-59419.041666465324,36.34099458663832,-0.3045953158289194,-0.19202384864911437,-0.37457612343132496
2026-04-23 07:36:35.400,3509418.83439752,779141.3596174574,5250980.454712414,-59423.9987793513,36.6260153561393,-0.8797398023307323,-0.11290030204690993,-0.15860741958022118
2026-04-23 07:36:35.500,3509418.764004937,779141.3460353137,5250980.469398046,-59428.89929193028,36.76605764674859,-0.7039258303120732,-0.13582143699750304,0.14685631729662418
2026-04-23 07:36:35.600,3509418.7222081083,779141.3580146233,5250980.459812681,-59433.76148740184,36.91489129116764,-0.41796828620135784,0.11979309609159827,-0.0958536472171545
2026-04-23 07:36:35.700,3509418.6835333467,779141.3662057007,5250980.478981674,-59438.60632050802,36.793836687587785,-0.38674761541187763,0.0819107738789171,0.19168992526829243
2026-04-23 07:36:35.800,3509418.669653287,779141.3662819738,5250980.512284746,-59443.43212539426,36.56121876663747,-0.13880059588700533,0.0007627310696989298,0.33303072676062584
2026-04-23 07:36:35.900,3509418.6666993583,779141.4102023742,5250980.530786504,-59448.27764441095,36.54416286111262,-0.029539288952946663,0.4392040043603629,0.18501757644116879
2026-04-23 07:36:36.000,3509418.6674413723,779141.4315873152,5250980.545924156,-59453.13719293232,36.45777915663191,0.007420140318572521,0.21384940948337317,0.15137651935219765
2026-04-23 07:36:36.100,3509418.6598616047,779141.4514709113,5250980.587226494,-59457.99622467161,36.56495171203286,-0.07579767610877752,0.19883596105501056,0.4130233824253082
2026-04-23 07:36:36.200,3509418.683443342,779141.4732827311,5250980.580339543,-59462.869076004135,36.73037339128974,0.2358173718675971,0.21811819868162274,-0.06886951625347137
2026-04-23 07:36:36.300,3509418.6847122177,779141.4467174427,5250980.53581138,-59467.76489368857,36.492564070322246,0.012688757851719856,-0.2656528842635453,-0.4452816303819418
2026-04-23 07:36:36.400,3509418.6915048375,779141.425531259,5250980.506357354,-59472.656216631265,36.358052999660224,0.06792619824409485,-0.2118618367239833,-0.2945402543991804
2026-04-23 07:36:36.500,3509418.675328408,779141.4883398276,5250980.515751352,-59477.55682473378,36.77095108540636,-0.16176429577171803,0.6280856858938932,0.09393997490406036
2026-04-23 07:36:36.600,3509418.637282166,779141.5270672003,5250980.514880373,-59482.46170377786,37.21951226606126,-0.38046241737902164,0.3872737265191972,-0.008709784597158432
2026-04-23 07:36:36.700,3509418.6065319735,779141.5583382118,5250980.574741721,-59487.323779581,37.307938158866314,-0.3075019270181656,0.312710115686059,0.5986134801059961
2026-04-23 07:36:36.800,3509418.6336674686,779141.6033509932,5250980.68784165,-59492.164110808226,37.25583292639994,0.27135495096445084,0.45012781396508217,1.1309992894530296
2026-04-23 07:36:36.900,3509418.6696191877,779141.6016381963,5250980.713458575,-59497.02220805579,37.021167449217884,0.35951719153672457,-0.01712796976789832,0.25616925209760666
2026-04-23 07:36:37.000,3509418.6540393108,779141.6343685974,5250980.704737691,-59501.92394412832,37.05238328741427,-0.15579876955598593,0.32730401144362986,-0.08720884099602699
2026-04-23 07:36:37.100,3509418.725751581,779141.7226322831,5250980.638447779,-59506.79789433686,37.667725686052584,0.7171227037906647,0.8826368569862098,-0.6628991197794676
2026-04-23 07:36:37.200,3509418.7032547835,779141.729755866,5250980.585338495,-59511.745261085554,37.46435593814647,-0.22496797610074282,0.07123582880012691,-0.5310928449034691
2026-04-23 07:36:37.300,3509418.6896460727,779141.7581144165,5250980.627344649,-59516.63407711412,37.73663393334522,-0.1360871084034443,0.2835855050943792,0.4200615454465151
2026-04-23 07:36:37.400,3509418.68267541,779141.7471328742,5250980.616548375,-59521.54554752615,37.48211820036761,-0.06970662623643875,-0.10981542291119695,-0.10796274058520794
2026-04-23 07:36:37.500,3509418.6318701613,779141.7683124801,5250980.5301262485,-59526.49857103267,37.785512654036644,-0.5080524878576398,0.21179605857469141,-0.8642212674021721
2026-04-23 07:36:37.600,3509418.6553875874,779141.7378531825,5250980.532904755,-59531.376341599884,37.79130533404608,0.235174261033535,-0.3045929758809507,0.02778506837785244
2026-04-23 07:36:37.700,3509418.688840325,779141.7691068053,5250980.561151876,-59536.23722533496,37.955820443003454,0.33452737610787153,0.31253622844815254,0.28247120790183544
2026-04-23 07:36:37.800,3509418.696968685,779141.7837472904,5250980.614876432,-59541.09904354636,38.19125557898426,0.08128359913825989,0.1464048505295068,0.537245562300086
2026-04-23 07:36:37.900,3509418.671902101,779141.792034346,5250980.615574084,-59545.991590070196,38.42942383324844,-0.250665838830173,0.08287055650725961,0.006976518779993057
2026-04-23 07:36:38.000,3509418.7518556314,779141.8359731005,5250980.638992192,-59550.85732994562,38.330743542052346,0.799535303376615,0.43938754475675523,0.23418108001351357
2026-04-23 07:36:38.100,3509418.772566154,779141.8126265487,5250980.60866047,-59555.75291268989,37.939225285996216,0.20710522774606943,-0.23346551810391247,-0.3033172246068716
2026-04-23 07:36:38.200,3509418.7584480518,779141.8287108603,5250980.630125312,-59560.66777737,37.93452282144215,-0.14118102379143238,0.16084311646409333,0.2146484237164259
2026-04-23 07:36:38.300,3509418.729744694,779141.8092403461,5250980.542950928,-59565.63206348238,38.57142634805502,-0.2870335755869746,-0.1947051426395774,-0.8717438392341137
2026-04-23 07:36:38.400,3509418.7095993506,779141.7704260541,5250980.477577788,-59570.56310076795,38.58202319636153,-0.20145343616604805,-0.3881429194007069,-0.6537314038723707
2026-04-23 07:36:38.500,3509418.7499256176,779141.7832649463,5250980.547235712,-59575.42701328003,38.5878176633463,0.4032626701518893,0.12838892173022032,0.6965792458504438
2026-04-23 07:36:38.600,3509418.742074124,779141.7566839865,5250980.598242478,-59580.30229855649,38.554435859645885,-0.07851493544876575,-0.2658095979131758,0.5100676603615284
2026-04-23 07:36:38.700,3509418.757604757,779141.7375023288,5250980.50042134,-59585.22117426216,38.473017692578146,0.15530632808804512,-0.1918165769893676,-0.9782113879919052
2026-04-23 07:36:38.800,3509418.751712185,779141.7916799497,5250980.52336942,-59590.13215269941,38.80501276185732,-0.05892571993172169,0.5417762091383338,0.2294808067381382
2026-04-23 07:36:38.900,3509418.732622089,779141.8742040811,5250980.599602434,-59594.986897328694,38.95771327587847,-0.1909009600058198,0.8252413140144199,0.7623301353305578
2026-04-23 07:36:39.000,3509418.692682437,779141.9329401898,5250980.582644696,-59599.93713097514,39.312983478217646,-0.3993965173140168,0.5873610870912671,-0.16957737505435944
2026-04-23 07:36:39.100,3509418.652258367,779141.8907874603,5250980.544718557,-59604.87400438138,39.021812046304866,-0.40424070321023464,-0.42152729583904147,-0.37926139310002327
2026-04-23 07:36:39.200,3509418.6002036417,779141.9111981794,5250980.551497487,-59609.804756018304,39.56060501137386,-0.5205472512170672,0.2041071909479797,0.06778930313885212
2026-04-23 07:36:39.300,3509418.64125377,779141.9281074498,5250980.635675701,-59614.64324898334,39.50745408573248,0.41050128173083067,0.16909270430915058,0.8417821396142244
2026-04-23 07:36:39.400,3509418.611900941,779141.8818577724,5250980.626194573,-59619.55751027388,39.05175265761125,-0.293528288602829,-0.46249677427113056,-0.09481128305196762
2026-04-23 07:36:39.500,3509418.5751688955,779141.912873674,5250980.635797708,-59624.48411852438,38.81864269535718,-0.36732045467942953,0.31015901593491435,0.09603135287761688
2026-04-23 07:36:39.600,3509418.547553764,779141.9448214936,5250980.72913856,-59629.38200271379,39.051477776540096,-0.27615131344646215,0.3194781963247806,0.9334085136651993
2026-04-23 07:36:39.700,3509418.539372449,779141.9590161538,5250980.793685644,-59634.29265071495,38.989345543922,-0.08181315381079912,0.1419466023799032,0.6454708427190781
2026-04-23 07:36:39.800,3509418.5450504227,779141.9311150505,5250980.734451256,-59639.21597021943,38.83802999672235,0.05677973851561546,-0.27901103370822966,-0.592343881726265
2026-04-23 07:36:39.900,3509418.5188101903,779141.8972057074,5250980.683174963,-59644.12892942927,38.75642865850232,-0.2624023240059614,-0.33909343066625297,-0.5127629265189171
2026-04-23 07:36:40.000,3509418.5280776303,779141.8866851879,5250980.744382705,-59649.00981991334,38.880784940785155,0.09267440065741539,-0.10520519455894828,0.6120774149894714
2026-04-23 07:36:40.100,3509418.5502559072,779141.8718518852,5250980.757842986,-59653.90305848435,38.765073364000514,0.22178276907652617,-0.14833302702754736,0.13460281305015087
2026-04-23 07:36:40.200,3509418.537840929,779141.8860031937,5250980.814530773,-59658.78583162451,39.17749255783989,-0.12414978351444006,0.1415130845271051,0.5668778717517853
2026-04-23 07:36:40.300,3509418.5880080974,779141.9089870082,5250980.947980059,-59663.589262266076,39.234551381711,0.5016716849058867,0.2298381447326392,1.3344928622245789
2026-04-23 07:36:40.400,3509418.644468937,779141.9337454536,5250981.03337874,-59668.4241535894,39.13357335438985,0.564608396962285,0.24758445448242128,0.8539868053048849
2026-04-23 07:36:40.500,3509418.6673639747,779141.934849118,5250981.044134434,-59673.324641006875,39.332701946005365,0.22895037662237883,0.01103664399124682,0.10755694471299648
2026-04-23 07:36:40.600,3509418.714153012,779141.9260066111,5250981.095662301,-59678.18405925646,39.11381124362258,0.4678903706371784,-0.08842506911605597,0.5152786709368229
2026-04-23 07:36:40.700,3509418.680749395,779141.9173524345,5250981.083932295,-59683.12429027629,38.80565418844737,-0.3340361686423421,-0.08654176606796682,-0.11730005964636803
2026-04-23 07:36:40.800,3509418.6566424193,779141.9337881616,5250981.0601713,-59688.07571195706,39.1407219699194,-0.2410697564482689,0.16435727127827704,-0.2376099582761526
2026-04-23 07:36:40.900,3509418.6921499004,779141.9370577572,5250981.0697894795,-59692.93704153676,39.298366479129456,0.355074810795486,0.032695955596864223,0.09618179872632027
2026-04-23 07:36:41.000,3509418.7226148536,779141.9972681595,5250981.224928444,-59697.744278364706,39.37194609760029,0.30464953277260065,0.6021040235646069,1.5513896476477385
2026-04-23 07:36:41.100,3509418.715980611,779142.0222788204,5250981.177979534,-59702.69166309593,39.66601038146223,-0.06634242832660675,0.2501066087279469,-0.4694891069084406
2026-04-23 07:36:41.200,3509418.722710231,779142.023753752,5250981.205066565,-59707.58007974855,39.33565072260321,0.06729620043188334,0.014749316032975912,0.2708703186362982
2026-04-23 07:36:41.300,3509418.7424751264,779142.0592571135,5250981.287625938,-59712.43317991483,38.930510969484054,0.19764895550906658,0.3550336149055511,0.8255937229841948
2026-04-23 07:36:41.400,3509418.756459902,779142.0315295871,5250981.210849622,-59717.3563046735,38.81477858620127,0.13984775636345148,-0.2772752637974918,-0.7677631545811892
2026-04-23 07:36:41.500,3509418.7982170987,779141.996730385,5250981.216745289,-59722.2504979259,38.904954934960905,0.4175719665363431,-0.34799202112481,0.05895666778087616
2026-04-23 07:36:41.600,3509418.7306078793,779142.0279899616,5250981.185584305,-59727.19531778278,39.396827474666345,-0.6760921934619546,0.3125957655720413,-0.3116098418831825
2026-04-23 07:36:41.700,3509418.725247442,779141.9698499183,5250981.113786521,-59732.14546534332,39.05372286233599,-0.0536043755710125,-0.5814004328567535,-0.7179778348654509
2026-04-23 07:36:41.800,3509418.7620527297,779141.9471001481,5250981.106980996,-59737.004060186286,38.46103610855222,0.36805287934839725,-0.22749770199880004,-0.06805525161325932
2026-04-23 07:36:41.900,3509418.7189437277,779141.8882278424,5250981.068108702,-59741.934422318605,38.24304453543581,-0.4310900205746293,-0.5887230567168444,-0.3887229412794113
2026-04-23 07:36:42.000,3509418.746270564,779141.9661848607,5250981.138166032,-59746.82269150217,38.616152844655744,0.2732683625072241,0.7795701827853918,0.7005732972174883
2026-04-23 07:36:42.100,3509418.8189096013,779141.9628550881,5250981.168382594,-59751.6713431726,38.36614822845502,0.7263903738930821,-0.03329772618599236,0.3021656256169081
2026-04-23 07:36:42.200,3509418.8312166054,779141.9258297895,5250981.198254404,-59756.54617397868,37.86569384250974,0.12307004071772099,-0.3702529857400805,0.2987180929630995
2026-04-23 07:36:42.300,3509418.777666504,779141.861217209,5250981.142531019,-59761.5076447114,37.677204830029005,-0.5355010135099292,-0.6461258046329021,-0.5572338495403528
2026-04-23 07:36:42.400,3509418.750653852,779141.8662889762,5250981.180822169,-59766.4128783079,37.87170276324055,-0.2701265225186944,0.050717671401798725,0.3829115070402622
2026-04-23 07:36:42.500,3509418.7099080924,779141.8503572147,5250981.154956122,-59771.35127860042,37.79961015413489,-0.4074575938284397,-0.15931761474348605,-0.25866047479212284
2026-04-23 07:36:42.600,3509418.7430127836,779141.8492840901,5250981.138810048,-59776.24636994256,37.91159350988773,0.33104691188782454,-0.01073124585673213,-0.16146074049174786
2026-04-23 07:36:42.700,3509418.706513092,779141.7924390525,5250981.068193357,-59781.20855288393,37.696349854318704,-0.36499691661447287,-0.5684503761585802,-0.7061669044196606
2026-04-23 07:36:42.800,3509418.721078827,779141.7864259029,5250981.0784629425,-59786.08274881853,37.28262948590548,0.1456573512405157,-0.06013149628415704,0.10269585065543652
2026-04-23 07:36:42.900,3509418.7372771464,779141.8013449723,5250981.080078128,-59790.96615733298,37.13872003778935,0.16198319382965565,0.14919069479219615,0.016151852905750275
2026-04-23 07:36:43.000,3509418.6759838187,779141.8207733588,5250981.029363712,-59795.92454621061,37.17590442882222,-0.6129332771524787,0.19428386469371617,-0.5071441549807787
2026-04-23 07:36:43.100,3509418.6560831126,779141.7894766247,5250980.981104945,-59800.87640980836,36.92586264709199,-0.19900706131011248,-0.3129673411604017,-0.4825876746326685
2026-04-23 07:36:43.200,3509418.614095602,779141.828223083,5250980.996297459,-59805.78190225946,37.07977693823003,-0.4198751039803028,0.3874645836185664,0.15192514285445213
2026-04-23 07:36:43.300,3509418.6512874914,779141.8241472327,5250981.125100566,-59810.58809031041,37.20934695155609,0.37191889248788357,-0.04075850360095501,1.288031069561839
2026-04-23 07:36:43.400,3509418.6658392902,779141.8223560291,5250981.181010282,-59815.451761679695,37.20975246428579,0.14551798813045025,-0.017912036273628473,0.5590971559286118
2026-04-23 07:36:43.500,3509418.653018961,779141.7661754899,5250981.08815712,-59820.419892274964,37.09462662913704,-0.12820329051464796,-0.5618053919170052,-0.9285316150635481
2026-04-23 07:36:43.600,3509418.624304714,779141.751609834,5250981.142389863,-59825.308545280706,37.10022572004205,-0.28714247047901154,-0.14565655845217407,0.5423274263739586
2026-04-23 07:36:43.700,3509418.627078634,779141.7694369504,5250981.125831546,-59830.199096673154,37.01357534642659,0.027739200741052628,0.17827116418629885,-0.1655831653624773
2026-04-23 07:36:43.800,3509418.6673402004,779141.76245063,5250981.13369386,-59835.07445111027,36.81363116281886,0.40261566173285246,-0.06986320484429598,0.07862313650548458
2026-04-23 07:36:43.900,3509418.6392243216,779141.7453651073,5250981.143033023,-59839.952460724584,36.575748096739424,-0.2811587881296873,-0.17085522646084428,0.09339163079857826
2026-04-23 07:36:44.000,3509418.670203531,779141.7139165382,5250981.195971224,-59844.8188763144,36.91042165922598,0.3097920957952738,-0.31448569148778915,0.5293820146471262
2026-04-23 07:36:44.100,3509418.6671712617,779141.7172403678,5250981.098958886,-59849.794175954754,37.071961282069125,-0.030322694219648838,0.03323829616419971,-0.9701233822852373
2026-04-23 07:36:44.200,3509418.707780553,779141.8097821388,5250981.13438426,-59854.65767827463,37.23451715359239,0.40609291289001703,0.925417710095644,0.3542537335306406
2026-04-23 07:36:44.300,3509418.6726658465,779141.8516661907,5250981.1366549665,-59859.57613323186,37.18551659429552,-0.3511470649391413,0.4188405186869204,0.022707069292664528
2026-04-23 07:36:44.400,3509418.683111902,779141.8165814558,5250981.121601661,-59864.47885156311,37.139561672965506,0.10446055326610804,-0.35084734903648496,-0.1505330577492714
2026-04-23 07:36:44.500,3509418.6770334584,779141.808671007,5250981.041841079,-59869.41118264177,37.04590501393226,-0.06078443489968777,-0.07910448708571494,-0.7976058218628168
2026-04-23 07:36:44.600,3509418.6490003853,779141.7957828213,5250980.948205069,-59874.32717806276,36.99249544078457,-0.2803307306021452,-0.1288818579632789,-0.9363600984215736
2026-04-23 07:36:44.700,3509418.697053782,779141.7721446714,5250980.921380811,-59879.22665783857,37.32738455613467,0.4805339686572552,-0.23638149839825928,-0.2682425733655691
2026-04-23 07:36:44.800,3509418.716572748,779141.7920817222,5250980.929321012,-59884.13765476463,37.314451286792156,0.19518965855240822,0.19937050761654973,0.07940201088786125
2026-04-23 07:36:44.900,3509418.75124268,779141.8207471314,5250980.969750294,-59889.0146431175,37.5862698345626,0.3466993197798729,0.2866540919058025,0.4042928200215101
2026-04-23 07:36:45.000,3509418.71706121,779141.7866727915,5250980.915590857,-59893.93585068344,37.3697335873888,-0.34181470051407814,-0.34074339899234474,-0.541594373062253
2026-04-23 07:36:45.100,3509418.6937056836,779141.7724498211,5250980.834025582,-59898.888127869184,37.358704585866626,-0.23355526383966208,-0.14222970348782837,-0.8156527485698462
2026-04-23 07:36:45.200,3509418.712237146,779141.7369269687,5250980.731959384,-59903.8474657264,37.666191174924776,0.18531462643295527,-0.35522852442227304,-1.0206619836390018
2026-04-23 07:36:45.300,3509418.764666909,779141.7741893933,5250980.796721458,-59908.70178224519,37.864492570021504,0.5242976266890764,0.37262424593791366,0.6476207450032234
2026-04-23 07:36:45.400,3509418.8401130443,779141.7409172707,5250980.84389769,-59913.57139782656,37.93659389630867,0.7544613536447287,-0.33272122615016997,0.47176231630146503
2026-04-23 07:36:45.500,3509418.823626984,779141.7463353159,5250980.869554205,-59918.44558725301,37.79086791143825,-0.16486060339957476,0.05418045213446021,0.25656514801084995
2026-04-23 07:36:45.600,3509418.803166624,779141.7348287178,5250980.797911506,-59923.402518044975,38.03275908980826,-0.20460359752178192,-0.11506598093546927,-0.7164269872009754
2026-04-23 07:36:45.700,3509418.845341022,779141.7702456054,5250980.876030837,-59928.26589309685,38.11291036818064,0.42174397967755795,0.3541688760742545,0.7811933103948832
2026-04-23 07:36:45.800,3509418.848130595,779141.7477511407,5250980.815504387,-59933.227763306095,38.68799955652562,0.02789572812616825,-0.2249446464702487,-0.6052645016461611
2026-04-23 07:36:45.900,3509418.8216099963,779141.7369418662,5250980.743055841,-59938.14854901301,38.567166398036626,-0.2652059867978096,-0.10809274506755173,-0.7244854606688023
2026-04-23 07:36:46.000,3509418.7762946486,779141.7793245229,5250980.790645435,-59943.07177776076,38.56330459533767,-0.45315347611904144,0.4238265671301633,0.4758959449827671
2026-04-23 07:36:46.100,3509418.787594807,779141.7768121555,5250980.784899033,-59947.95682444288,38.55825366633503,0.11300158221274614,-0.025123674422502518,-0.057464027777314186
2026-04-23 07:36:46.200,3509418.7996837553,779141.7895459431,5250980.787087627,-59952.84610385744,38.86700120132293,0.12088948395103216,0.1273378764744848,0.021885940805077553
2026-04-23 07:36:46.300,3509418.7857920234,779141.7627777199,5250980.744132076,-59957.76544115037,38.611776165163725,-0.1389173185452819,-0.26768223266117275,-0.42955550365149975
2026-04-23 07:36:46.400,3509418.797143982,779141.7842629994,5250980.778132367,-59962.66674333101,38.970162522267,0.11351958382874727,0.21485279547050595,0.3400029055774212
2026-04-23 07:36:46.500,3509418.7851328016,779141.8322292154,5250980.766283179,-59967.583275395846,39.15929079993238,-0.120111801661551,0.47966215992346406,-0.1184918824583292
2026-04-23 07:36:46.600,3509418.7488939576,779141.8086612279,5250980.776620344,-59972.48460115933,38.96504541666014,-0.3623884404078126,-0.23567987489514053,0.10337165556848049
2026-04-23 07:36:46.700,3509418.763658902,779141.8215576509,5250980.795124258,-59977.38070764728,39.13568003525847,0.14764944557100534,0.12896422995254397,0.18503913655877113
2026-04-23 07:36:46.800,3509418.7268004944,779141.8384571509,5250980.726248859,-59982.35413978734,39.481502790507776,-0.3685840778052807,0.16899499925784767,-0.6887539848685265
2026-04-23 07:36:46.900,3509418.763000663,779141.8327723792,5250980.794468437,-59987.202899616364,39.69663042088302,0.36200168542563915,-0.056847716914489865,0.6821957789361477
2026-04-23 07:36:47.000,3509418.797639545,779141.8267157688,5250980.747682447,-59992.113077551905,39.694808693950286,0.34638882149010897,-0.06056610378436744,-0.46785990707576275
2026-04-23 07:36:47.100,3509418.8330921433,779141.8440546877,5250980.698642603,-59997.01945964145,40.15907481342418,0.35452598240226507,0.17338918871246278,-0.4903984349220991
2026-04-23 07:36:47.200,3509418.866802601,779141.8742681113,5250980.78988925,-60001.8504015599,40.05315242046063,0.3371045785024762,0.3021342365536839,0.9124664682894945
2026-04-23 07:36:47.300,3509418.8284915565,779141.8762666618,5250980.80520574,-60006.803793108695,40.51458588125179,-0.38311044685542583,0.019985504914075136,0.15316490083932877
2026-04-23 07:36:47.400,3509418.8181253183,779141.8641585367,5250980.803690901,-60011.71840549137,40.59560412577389,-0.10366238187998533,-0.12108125141821802,-0.015148390084505081
2026-04-23 07:36:47.500,3509418.855083561,779141.8588755511,5250980.73045256,-60016.61675231408,40.29001706566358,0.36958242766559124,-0.052829855121672153,-0.7323834113776684
2026-04-23 07:36:47.600,3509418.867164577,779141.8889500311,5250980.678478404,-60021.5340169826,40.25564482508288,0.12081015855073929,0.3007447998970747,-0.5197415594011545
2026-04-23 07:36:47.700,3509418.8603290273,779141.9328335173,5250980.75628238,-60026.40369144241,40.14185494620845,-0.06835549604147673,0.43883486185222864,0.7780397590249777
2026-04-23 07:36:47.800,3509418.840980535,779141.932291352,5250980.770301351,-60031.333988972096,40.34363594084888,-0.1934849238023162,-0.005421653622761369,0.14018971472978592
2026-04-23 07:36:47.900,3509418.824185261,779141.8858463778,5250980.744070267,-60036.25948957372,40.52078234059702,-0.1679527387022972,-0.46444974141195416,-0.26231084018945694
2026-04-23 07:36:48.000,3509418.8629905316,779141.8784036658,5250980.707320561,-60041.16997339028,40.31862478020479,0.38805270567536354,-0.07442711968906224,-0.36749706603586674
2026-04-23 07:36:48.100,3509418.8601453174,779141.9173105845,5250980.726352865,-60046.070716851595,40.682916099034045,-0.028452142141759396,0.3890691860578954,0.19032304175198078
2026-04-23 07:36:48.200,3509418.826196961,779141.9402091695,5250980.684156768,-60050.99548129604,40.913707262064456,-0.3394835628569126,0.22898585069924593,-0.4219609685242176
2026-04-23 07:36:48.300,3509418.8630738906,779141.9452431933,5250980.748130759,-60055.833613650226,41.04902584208196,0.36876929458230734,0.050340237794443965,0.6397399120032787
2026-04-23 07:36:48.400,3509418.8600870376,779141.9245292944,5250980.804706911,-60060.708997484115,40.758239346559776,-0.029868530109524727,-0.20713898935355246,0.5657615140080452
2026-04-23 07:36:48.500,3509418.876462789,779141.8953559588,5250980.7736422485,-60065.64212824998,40.58083328067396,0.16375751234591007,-0.29173335526138544,-0.31064662151038647
2026-04-23 07:36:48.600,3509418.8487211424,779141.9222464903,5250980.735862598,-60070.55839912604,40.58371756842953,-0.2774164639413357,0.26890531415119767,-0.37779650650918484
2026-04-23 07:36:48.700,3509418.8168585342,779141.9661041772,5250980.718113885,-60075.45737977686,40.56991863320333,-0.31862608157098293,0.4385768692009151,-0.17748712562024593
2026-04-23 07:36:48.800,3509418.800050509,779141.9378029429,5250980.682239312,-60080.409543751506,40.730693209801636,-0.1680802507326007,-0.2830123424064368,-0.3587457351386547
2026-04-23 07:36:48.900,3509418.8100339277,779141.9256952769,5250980.705400016,-60085.29684366757,40.90954098438306,0.09983418509364128,-0.12107665999792516,0.23160704411566257
2026-04-23 07:36:49.000,3509418.810994845,779141.9347796424,5250980.689064228,-60090.19427716484,41.1231077914653,0.009609172120690346,0.09084365447051823,-0.16335788182914257
2026-04-23 07:36:49.100,3509418.7649030476,779141.980504956,5250980.662356068,-60095.11767772948,41.141394926516845,-0.46091797295957804,0.45725313597358763,-0.2670815959572792
2026-04-23 07:36:49.200,3509418.752207316,779141.9410893755,5250980.578799088,-60100.065477707125,40.87069431622116,-0.12695731595158577,-0.3941558045335114,-0.8355698082596064
2026-04-23 07:36:49.300,3509418.7777504786,779141.9031148693,5250980.60763688,-60104.947274746606,40.63503237496564,0.2554316259920597,-0.3797450626734644,0.28837792575359344
2026-04-23 07:36:49.400,3509418.7725422736,779141.8859205706,5250980.575402345,-60109.8657743953,40.61376457130085,-0.052082049660384655,-0.17194298678077757,-0.32234535552561283
2026-04-23 07:36:49.500,3509418.77422177,779141.8654136494,5250980.553413314,-60114.78277512716,40.511212617387464,0.016794963739812374,-0.20506921224296093,-0.2198903076350689
2026-04-23 07:36:49.600,3509418.751783517,779141.8406188611,5250980.586400086,-60119.68020995613,40.31900234707387,-0.22438252810388803,-0.24794788216240704,0.329867722466588
2026-04-23 07:36:49.700,3509418.7333684717,779141.9409050456,5250980.639456232,-60124.55139260007,40.45865340442553,-0.18415045458823442,1.0028618446085602,0.5305614601820707
2026-04-23 07:36:49.800,3509418.7717863265,779141.9121809629,5250980.629807228,-60129.395054652334,40.32647147011577,0.3841785481199622,-0.2872408274561167,-0.09649003855884075
2026-04-23 07:36:49.900,3509418.8358896575,779141.938234702,5250980.706097505,-60134.23955586466,40.38861165534214,0.6410333095118403,0.26053739129565656,0.7629027683287859
2026-04-23 07:36:50.000,3509418.8203447354,779141.9110706138,5250980.739584731,-60139.119253776604,40.1524498651703,-0.15544922091066837,-0.2716408821288496,0.33487225882709026
2026-04-23 07:36:50.100,3509418.7816031524,779141.9388530339,5250980.668942693,-60144.04240098474,40.08619744983991,-0.3874158300459385,0.2778242016211152,-0.7064203824847937
2026-04-23 07:36:50.200,3509418.787203967,779141.9262006608,5250980.624671492,-60148.9737839002,40.14836630058094,0.056008147075772285,-0.12652373174205422,-0.4427120089530945
2026-04-23 07:36:50.300,3509418.791001412,779141.8626504765,5250980.6320568975,-60153.89677446288,39.91353658796726,0.037974449805915356,-0.6355018424801528,0.07385405711829662
2026-04-23 07:36:50.400,3509418.8137207073,779141.8584008612,5250980.634117761,-60158.797775307976,39.9522104586789,0.22719295229762793,-0.04249615361914039,0.020608631893992424
2026-04-23 07:36:50.500,3509418.795520848,779141.8321887,5250980.597969555,-60163.73065188515,39.777804944528455,-0.1819985918700695,-0.26212161174044013,-0.36148205399513245
2026-04-23 07:36:50.600,3509418.807716984,779141.7880952485,5250980.536353316,-60168.68035556814,39.303394336621395,0.12196135707199574,-0.4409345146268606,-0.6161623913794756
2026-04-23 07:36:50.700,3509418.8463532026,779141.8344479196,5250980.532898377,-60173.56806809479,39.648205268301616,0.386362187564373,0.4635267111007124,-0.034549394622445107
2026-04-23 07:36:50.800,3509418.832547739,779141.8256108036,5250980.525883551,-60178.500015563885,39.721540936843965,-0.13805463444441557,-0.08837116067297757,-0.07014825940132141
2026-04-23 07:36:50.900,3509418.8598588854,779141.7634002672,5250980.484434109,-60183.401691038205,39.23592658671816,0.2731114625930786,-0.6221053632907569,-0.4144944157451391
2026-04-23 07:36:51.000,3509418.885451251,779141.7552930674,5250980.4779002005,-60188.33064959393,39.56661199944285,0.2559236576780677,-0.08107199799269438,-0.06533908657729626
2026-04-23 07:36:51.100,3509418.9253271413,779141.8110956856,5250980.560502262,-60193.1804048286,39.705683574376714,0.39875890128314495,0.5580261815339327,0.8260206133127213
2026-04-23 07:36:51.200,3509418.878099758,779141.7603115924,5250980.415524439,-60198.199657580444,39.41638610311798,-0.47227383125573397,-0.5078409321140498,-1.4497782289981842
2026-04-23 07:36:51.300,3509418.8321628133,779141.747904219,5250980.3228725325,-60203.166583334874,39.4718312820571,-0.45936944894492626,-0.1240737340413034,-0.926519064232707
2026-04-23 07:36:51.400,3509418.827608535,779141.7446151135,5250980.333267176,-60208.07301420531,39.29093993368981,-0.04554278217256069,-0.032891054870560765,0.10394643060863018
2026-04-23 07:36:51.500,3509418.872340709,779141.7933604579,5250980.469796019,-60212.90498650152,38.9172506087691,0.44732173904776573,0.48745344392955303,1.3652884308248758
2026-04-23 07:36:51.600,3509418.8822189514,779141.7512432173,5250980.41330135,-60217.810703997595,38.635159948548946,0.09878242388367653,-0.4211724060587585,-0.5649466905742884
2026-04-23 07:36:51.700,3509418.8769177566,779141.7583111506,5250980.388501288,-60222.73990470267,38.84349696817862,-0.05301194731146097,0.07067933329381049,-0.24800061248242855
2026-04-23 07:36:51.800,3509418.8636450386,779141.7506136384,5250980.3537324155,-60227.629700353704,38.512426648117646,-0.1327271806076169,-0.07697512162849307,-0.34768872894346714
2026-04-23 07:36:51.900,3509418.868914134,779141.7666930339,5250980.345219032,-60232.54275938592,38.59534946012131,0.05269095301628113,0.1607939542736858,-0.08513383567333221
2026-04-23 07:36:52.000,3509418.8421790325,779141.7448341375,5250980.3569882475,-60237.47880574063,38.72115277746486,-0.26735101360827684,-0.21858896361663938,0.11769215576350689
2026-04-23 07:36:52.100,3509418.890030942,779141.7822692383,5250980.441916433,-60242.309897385974,38.79314856986092,0.47851909417659044,0.37435100763104856,0.849281856790185
2026-04-23 07:36:52.200,3509418.9056879943,779141.781877824,5250980.456754748,-60247.20127162275,38.92745669153368,0.15657052397727966,-0.0039141427259892225,0.1483831461519003
2026-04-23 07:36:52.300,3509418.911141953,779141.7548625526,5250980.383174242,-60252.15224877418,39.20603124723715,0.054539586417376995,-0.270152713637799,-0.7358050532639027
2026-04-23 07:36:52.400,3509418.9035728592,779141.7227359449,5250980.411239061,-60257.05850060877,38.79807242456969,-0.07569093722850084,-0.32126607722602785,0.2806481812149286
2026-04-23 07:36:52.500,3509418.893164019,779141.745663918,5250980.562998328,-60261.88303433885,38.5866633624733,-0.10408840142190456,0.22927973070181906,1.517592677846551
2026-04-23 07:36:52.600,3509418.877193077,779141.7481019924,5250980.602568349,-60266.75567458142,38.26489050543861,-0.15970942098647356,0.02438074443489313,0.39570020511746407
2026-04-23 07:36:52.700,3509418.847993319,779141.744637876,5250980.499134982,-60271.72922667224,38.08673621065275,-0.2919975807890296,-0.03464116365648806,-1.0343336686491966
2026-04-23 07:36:52.800,3509418.8422463685,779141.7490533658,5250980.552376075,-60276.60453029531,37.82821855058271,-0.057469503954052925,0.04415489733219147,0.5324109271168709
2026-04-23 07:36:52.900,3509418.8782860595,779141.7398350908,5250980.617630184,-60281.44246093973,37.58789396749022,0.3603969095274806,-0.09218274964950979,0.6525410898029804
2026-04-23 07:36:53.000,3509418.902132599,779141.7737064062,5250980.735667476,-60286.27893924021,37.60790442043826,0.23846539668738842,0.3387131541967392,1.180372927337885
2026-04-23 07:36:53.100,3509418.889781164,779141.7229995276,5250980.743902521,-60291.172354461436,37.44885222198167,-0.12351435143500566,-0.5070687865372747,0.08235044777393341
2026-04-23 07:36:53.200,3509418.897988315,779141.704478851,5250980.579811907,-60296.141653306535,37.38581380067179,0.0820715120062232,-0.18520676530897617,-1.6409061383455992
2026-04-23 07:36:53.300,3509418.89441415,779141.730210158,5250980.6196923815,-60301.01498796139,37.58539944355706,-0.03574165049940348,0.2573130698874593,0.3988047409802675
2026-04-23 07:36:53.400,3509418.825743375,779141.7425748224,5250980.566834903,-60305.9627811278,37.83409575152333,-0.6867077527567744,0.12364664347842336,-0.5285747814923525
2026-04-23 07:36:53.500,3509418.838635821,779141.7415220262,5250980.559552555,-60310.86963097384,37.76505540488761,0.12892446015030146,-0.010527961421757936,-0.07282348349690437
2026-04-23 07:36:53.600,3509418.8818243826,779141.7331660159,5250980.638846916,-60315.726400211526,37.76756421097595,0.4318856168538332,-0.08356010308489203,0.792943611741066
2026-04-23 07:36:53.700,3509418.864814083,779141.7527933825,5250980.693732611,-60320.6208931628,37.68313179781972,-0.17010299488902092,0.1962736656423658,0.5488569475710392
2026-04-23 07:36:53.800,3509418.8456226406,779141.8093758387,5250980.7362931585,-60325.48139430461,37.87422414977667,-0.19191442523151636,0.5658245622180402,0.4256054759025574
2026-04-23 07:36:53.900,3509418.805289038,779141.7598640379,5250980.657308304,-60330.42704449545,37.58828862866185,-0.4033360257744789,-0.49511800869368017,-0.7898485474288464
2026-04-23 07:36:54.000,3509418.782573925,779141.7290775393,5250980.589670653,-60335.3735759071,37.77909960962811,-0.22715113125741482,-0.30786498566158116,-0.6763765029609203
2026-04-23 07:36:54.100,3509418.802426582,779141.7746132467,5250980.633708052,-60340.21663339066,37.755703628532125,0.19852657336741686,0.45535707380622625,0.44037398882210255
2026-04-23 07:36:54.200,3509418.7875371086,779141.78559236,5250980.650932401,-60345.08750971951,37.766204872986066,-0.1488947356119752,0.10979113285429776,0.17224349081516266
2026-04-23 07:36:54.300,3509418.801299651,779141.7349718942,5250980.605719517,-60349.99683230235,37.348125218463295,0.13762542512267828,-0.5062046577222645,-0.45212884433567524
2026-04-23 07:36:54.400,3509418.778141734,779141.7815515043,5250980.571977805,-60354.9427779879,37.748052753276,-0.23157916963100433,0.4657961009070277,-0.33741711638867855
2026-04-23 07:36:54.500,3509418.7953748936,779141.804166257,5250980.602642216,-60359.78266064911,37.69223973438155,0.17233159393072128,0.2261475275736302,0.30664410442113876
2026-04-23 07:36:54.600,3509418.7593539204,779141.8600152476,5250980.576867593,-60364.70747114795,37.978658898972654,-0.3602097323164344,0.5584899056702852,-0.25774622336030006
2026-04-23 07:36:54.700,3509418.8071135227,779141.8850817145,5250980.546224797,-60369.62075019631,37.70259219810996,0.47759602311998606,0.25066466885618865,-0.306427963078022
2026-04-23 07:36:54.800,3509418.8314906964,779141.8759161421,5250980.522316983,-60374.54025940141,38.028139017962545,0.24377173744142056,-0.09165572351776063,-0.23907814174890518
2026-04-23 07:36:54.900,3509418.7971191085,779141.861360109,5250980.526766675,-60379.45332788722,38.05811201775915,-0.3437158791348338,-0.14556033187545836,0.044496916234493256
2026-04-23 07:36:55.000,3509418.7719879393,779141.8616112241,5250980.559508783,-60384.355549406595,37.5952091343812,-0.25131169240921736,0.002511151833459735,0.3274210821837187
2026-04-23 07:36:55.100,3509418.7665460734,779141.8255316665,5250980.494314553,-60389.2967318066,37.35815374739589,-0.05441865883767605,-0.3607955761253834,-0.6519422959536314
2026-04-23 07:36:55.200,3509418.76477397,779141.8581075622,5250980.471777017,-60394.22603692607,37.52625485640482,-0.01772103365510702,0.32575895660556853,-0.225375359877944
2026-04-23 07:36:55.300,3509418.7635649485,779141.8738730256,5250980.51489673,-60399.11953342279,37.76637191133495,-0.01209021545946598,0.15765463467687368,0.43119712732732296
2026-04-23 07:36:55.400,3509418.7659032014,779141.8647777141,5250980.557945646,-60403.98906559018,37.338501062196045,0.023382529616355896,-0.09095311514101923,0.4304891638457775
2026-04-23 07:36:55.500,3509418.8021096303,779141.8799434257,5250980.5472570425,-60408.880763633606,37.19166039951614,0.3620642889291048,0.1516571152023971,-0.10688603855669498
2026-04-23 07:36:55.600,3509418.769295322,779141.8937143532,5250980.515849112,-60413.82538228848,37.23637647460959,-0.32814308535307646,0.13770927558653057,-0.3140793088823557
2026-04-23 07:36:55.700,3509418.7816976416,779141.8205014189,5250980.532821059,-60418.708569437935,37.01029938297943,0.12402319815009832,-0.7321293430868536,0.16971947625279427
2026-04-23 07:36:55.800,3509418.7602072437,779141.845256621,5250980.545440683,-60423.62244838901,36.79826431415382,-0.21490397863090038,0.2475520211737603,0.12619623914361
2026-04-23 07:36:55.900,3509418.769813873,779141.8584273312,5250980.499033359,-60428.541841198305,36.93046109193542,0.09606629144400358,0.13170710182748735,-0.4640732426196337
2026-04-23 07:36:56.000,3509418.771867996,779141.857193974,5250980.557284399,-60433.41189044586,36.99433026779708,0.020541232079267502,-0.012333572376519442,0.5825104005634785
2026-04-23 07:36:56.100,3509418.7547393944,779141.8632278361,5250980.547221173,-60438.33029277449,36.963254370214436,-0.17128601670265198,0.0603386212605983,-0.10063226334750652
2026-04-23 07:36:56.200,3509418.7085221796,779141.8730418943,5250980.4945456395,-60443.29322916036,37.22172815086219,-0.4621721478179097,0.09814058197662234,-0.5267553310841322
2026-04-23 07:36:56.300,3509418.7206683266,779141.887712723,5250980.466153036,-60448.21748295866,37.00981216034522,0.12146146968007088,0.1467082870658487,-0.283926036208868
2026-04-23 07:36:56.400,3509418.71283551,779141.8583666729,5250980.355152431,-60453.22221205012,37.04207612327301,-0.07832816801965237,-0.2934605011250824,-1.1100060492753983
2026-04-23 07:36:56.500,3509418.7460880615,779141.8666566563,5250980.3725018725,-60458.13589828706,37.27863474679491,0.33252551686018705,0.08289983379654586,0.17349441535770893
2026-04-23 07:36:56.600,3509418.773213134,779141.8871181122,5250980.437093894,-60463.00519328982,37.399111237359946,0.2712507266551256,0.20461455918848515,0.6459202151745558
2026-04-23 07:36:56.700,3509418.7942438954,779141.8508918333,5250980.475479212,-60467.87373832801,37.095096441456505,0.21030761301517487,-0.3622627886943519,0.3838531766086817
2026-04-23 07:36:56.800,3509418.7210637135,779141.7589836464,5250980.348016242,-60472.856308872804,36.83934603327022,-0.7318018190562725,-0.9190818690694869,-1.2746297009289265
2026-04-23 07:36:56.900,3509418.680221853,779141.7410494051,5250980.270685515,-60477.84651641413,37.09967899500949,-0.40841860696673393,-0.17934241332113743,-0.7733072619885206
2026-04-23 07:36:57.000,3509418.6606442966,779141.7842407582,5250980.268015921,-60482.78772493242,37.221720738280744,-0.19577556289732456,0.43191353091970086,-0.026695942506194115
2026-04-23 07:36:57.100,3509418.662029084,779141.7944122036,5250980.261431929,-60487.69022586177,37.359219166264,0.013847872614860535,0.10171445435844362,-0.06583992391824722
2026-04-23 07:36:57.200,3509418.667842803,779141.772937562,5250980.240812448,-60492.598006336506,37.04016511850129,0.05813719239085913,-0.21474641631357372,-0.2061948087066412
2026-04-23 07:36:57.300,3509418.5975570977,779141.8153324584,5250980.25871186,-60497.5193300491,37.407039317271874,-0.7028570538386703,0.4239489638712257,0.17899411730468273
2026-04-23 07:36:57.400,3509418.5910671344,779141.837176556,5250980.32197571,-60502.39203220609,37.44225746343253,-0.0648996327072382,0.21844097645953298,0.6326385028660297
2026-04-23 07:36:57.500,3509418.6247465233,779141.8688974148,5250980.304208023,-60507.31572652602,37.3563194591286,0.3367938892915845,0.31720858765766025,-0.1776768732815981
2026-04-23 07:36:57.600,3509418.636814873,779141.8975439414,5250980.294842002,-60512.2098221565,37.62117746085802,0.12068349868059158,0.2864652662537992,-0.09366020560264587
2026-04-23 07:36:57.700,3509418.6157698995,779141.9028067223,5250980.255902111,-60517.17711428144,37.84765104532692,-0.21044973749667406,0.0526278093457222,-0.3893989138305187
2026-04-23 07:36:57.800,3509418.6535014734,779141.8722448731,5250980.282018328,-60522.08940511217,37.41440809180709,0.37731573916971684,-0.3056184924207628,0.26116217486560345
2026-04-23 07:36:57.900,3509418.685691487,779141.8751726064,5250980.26620577,-60526.98737701093,37.54413521007714,0.3219001367688179,0.02927733352407813,-0.15812558121979237
2026-04-23 07:36:58.000,3509418.715491853,779141.9205579914,5250980.350000706,-60531.84968172204,37.072352280038345,0.2980036614462733,0.4538538493216038,0.8379493560642004
2026-04-23 07:36:58.100,3509418.71821633,779141.9089514103,5250980.324481059,-60536.81014472353,37.246880343925284,0.027244766242802143,-0.11606581043452024,-0.2551964670419693
2026-04-23 07:36:58.200,3509418.690887353,779141.9116840254,5250980.356484093,-60541.72447767391,37.305509512941114,-0.2732897689566016,0.027326151030138135,0.3200303390622139
2026-04-23 07:36:58.300,3509418.661820234,779141.8864698535,5250980.351515422,-60546.63797065469,37.0865163923883,-0.29067119117826223,-0.2521417196840048,-0.04968671128153801
2026-04-23 07:36:58.400,3509418.6235240526,779141.8142106916,5250980.368315228,-60551.553061202096,37.044694575717294,-0.3829618124291301,-0.7225916185416281,0.16799806617200375
2026-04-23 07:36:58.500,3509418.6085248003,779141.7989153481,5250980.240601302,-60556.52957999303,37.32255590324509,-0.14999252278357744,-0.15295343473553658,-1.2771392613649368
2026-04-23 07:36:58.600,3509418.6473645526,779141.7497257388,5250980.21290163,-60561.43406824201,36.89557329286333,0.38839752320200205,-0.49189609359018505,-0.2769967168569565
2026-04-23 07:36:58.700,3509418.6494768085,779141.7571063534,5250980.341194747,-60566.25474967056,36.58193293612859,0.02112255897372961,0.07380614639259875,1.2829311657696962
2026-04-23 07:36:58.800,3509418.6433430016,779141.7084345426,5250980.331523035,-60571.15948659737,36.55069530230735,-0.061338068917393684,-0.4867181077133864,-0.09671712294220924
2026-04-23 07:36:58.900,3509418.64184119,779141.7399561262,5250980.374761207,-60576.027796661234,36.638547168699766,-0.015018116682767868,0.3152158355806023,0.4323817230761051
2026-04-23 07:36:59.000,3509418.6925161714,779141.7257962691,5250980.433285703,-60580.87074792274,36.47390712020716,0.506749814376235,-0.14159857062622905,0.5852449592202902
2026-04-23 07:36:59.100,3509418.710336808,779141.705194552,5250980.432448387,-60585.7599274696,36.45261322373047,0.17820636741816998,-0.2060171717312187,-0.008373158052563667
2026-04-23 07:36:59.200,3509418.7090454893,779141.7311595787,5250980.437019776,-60590.64515284606,36.208194917502006,-0.012913187965750694,0.2596502669621259,0.04571388475596905
2026-04-23 07:36:59.300,3509418.705910425,779141.7682317039,5250980.351858961,-60595.59553703452,36.20964135032367,-0.03135064151138067,0.3707212524022907,-0.8516081422567368
2026-04-23 07:36:59.400,3509418.7139888983,779141.7854807624,5250980.351350108,-60600.49167992068,36.759692047818554,0.08078473154455423,0.17249058466404676,-0.005088532343506813
2026-04-23 07:36:59.500,3509418.7508233497,779141.7747563,5250980.358826223,-60605.377303193425,36.72376094583388,0.36834451369941235,-0.10724462335929275,0.07476114667952061
2026-04-23 07:36:59.600,3509418.7512303963,779141.8039981938,5250980.34748196,-60610.28619263359,36.66458123590364,0.004070466384291649,0.29241893789730966,-0.11344262398779392
2026-04-23 07:36:59.700,3509418.742345498,779141.8153551639,5250980.337192393,-60615.2020867492,36.49662749782168,-0.08884898386895657,0.11356970062479377,-0.10289567522704601
2026-04-23 07:36:59.800,3509418.716145172,779141.8092363889,5250980.317751353,-60620.10293172409,36.53473056178021,-0.26200326159596443,-0.06118774996139109,-0.19441040232777596
2026-04-23 07:36:59.900,3509418.741497313,779141.8201262292,5250980.320105384,-60625.00377932538,36.587775759857585,0.25352141354233027,0.10889840312302113,0.02354031428694725
2026-04-23 07:37:00.000,3509418.7523366516,779141.7981901601,5250980.3412688095,-60629.889292067615,36.63491892446731,0.10839338414371014,-0.2193606912624091,0.21163425408303738
2026-04-23 07:37:00.100,3509418.798042408,779141.7839513237,5250980.393501428,-60634.73619280836,36.63694147265091,0.4570575663819909,-0.14238836360163987,0.5223261844366789
2026-04-23 07:37:00.200,3509418.79438573,779141.7662477881,5250980.362752536,-60639.64963154355,36.70983937625796,-0.0365667836740613,-0.1770353561732918,-0.3074889164417982
2026-04-23 07:37:00.300,3509418.799284567,779141.7955607614,5250980.376997492,-60644.52230630693,36.66104671500172,0.04898837301880121,0.29312973259948194,0.14244955964386463
2026-04-23 07:37:00.400,3509418.8098078906,779141.8412729407,5250980.412112356,-60649.38716188799,36.74911958486131,0.10523323435336351,0.45712179387919605,0.3511486388742924
2026-04-23 07:37:00.500,3509418.8058271636,779141.7821032553,5250980.422254923,-60654.265399767326,36.39760563426201,-0.03980726934969425,-0.5916968546807766,0.1014256663620472
2026-04-23 07:37:00.600,3509418.823601798,779141.8021017028,5250980.40564595,-60659.19084766977,36.74727698754372,0.17774634528905153,0.19998447503894567,-0.16608973033726215
2026-04-23 07:37:00.700,3509418.8067857125,779141.834646934,5250980.384343467,-60664.10975633629,36.63261440591258,-0.16816085670143366,0.3254523116629571,-0.21302483044564724
2026-04-23 07:37:00.800,3509418.8148555984,779141.8218733993,5250980.381834058,-60669.01261777689,36.712192746723964,0.08069885894656181,-0.1277353463228792,-0.025094086304306984
2026-04-23 07:37:00.900,3509418.7876360263,779141.8028970778,5250980.32324002,-60673.95128824191,36.93739313623855,-0.27219572104513645,-0.1897632156033069,-0.5859403777867556
2026-04-23 07:37:01.000,3509418.812976793,779141.8247874278,5250980.3360730605,-60678.81518048876,37.02530044631377,0.2534076664596796,0.21890350035391748,0.12833040207624435
2026-04-23 07:37:01.100,3509418.819039617,779141.8013239539,5250980.328778782,-60683.71326806788,36.98990497261371,0.060628242790699005,-0.23463473888114095,-0.07294278591871262
2026-04-23 07:37:01.200,3509418.8239457393,779141.7483107479,5250980.2451186655,-60688.67962224426,36.69817153894315,0.049061221070587635,-0.5301320599392056,-0.8366011641919613
2026-04-23 07:37:01.300,3509418.828622251,779141.7541990689,5250980.277638285,-60693.590234581854,36.86829959282294,0.04676511511206627,0.058883209712803364,0.32519619911909103
2026-04-23 07:37:01.400,3509418.78997876,779141.7251589191,5250980.181074091,-60698.55049839533,36.810487392825756,-0.38643490988761187,-0.29040149762295187,-0.9656419418752193
2026-04-23 07:37:01.500,3509418.813616316,779141.6733711888,5250980.17230439,-60703.42701007889,36.491301716657034,0.2363755600526929,-0.5178773030638695,-0.08769701234996319
2026-04-23 07:37:01.600,3509418.834943306,779141.7070357075,5250980.237791175,-60708.30257512976,36.51810226730928,0.21326990332454443,0.3366451873444021,0.6548678502440453
2026-04-23 07:37:01.700,3509418.8676623777,779141.6649215064,5250980.2285834905,-60713.207151018105,36.27369197758331,0.32719071488827467,-0.4211420111823827,-0.0920768454670906
2026-04-23 07:37:01.800,3509418.8427338502,779141.6634272228,5250980.279415731,-60718.1025879203,36.285342048729554,-0.24928527418524027,-0.01494283671490848,0.5083224084228277
2026-04-23 07:37:01.900,3509418.8106236267,779141.6677517131,5250980.259252815,-60723.031265323676,36.101208960096315,-0.32110223546624184,0.0432449032086879,-0.20162916742265224
2026-04-23 07:37:02.000,3509418.8035971713,779141.6511769422,5250980.22906538,-60727.96643319975,36.33104403959562,-0.07026455365121365,-0.16574770910665393,-0.30187434516847134
2026-04-23 07:37:02.100,3509418.7844572715,779141.6199945399,5250980.2561836485,-60732.84948788739,36.16908893530568,-0.19139899872243404,-0.3118240227922797,0.2711826842278242
2026-04-23 07:37:02.200,3509418.79132618,779141.6222879612,5250980.262923373,-60737.75042543031,36.118888741223735,0.06868908647447824,0.022934213047847152,0.06739724427461624
2026-04-23 07:37:02.300,3509418.7408217583,779141.7255911625,5250980.302491787,-60742.666363302174,36.65041682569021,-0.5050442181527615,1.0330320126377046,0.39568413980305195
2026-04-23 07:37:02.400,3509418.784229991,779141.7168275539,5250980.319723848,-60747.56096390069,36.84253731085873,0.4340823274105787,-0.08763608522713184,0.17232061363756657
2026-04-23 07:37:02.500,3509418.736638421,779141.6987215714,5250980.294525184,-60752.51438697151,36.9859289056922,-0.4759156983345747,-0.1810598256997764,-0.25198664516210556
2026-04-23 07:37:02.600,3509418.7539912383,779141.6920464685,5250980.244835086,-60757.42276154959,36.44268605800871,0.17352817114442587,-0.06675102864392102,-0.4969009757041931
2026-04-23 07:37:02.700,3509418.723587157,779141.6477495488,5250980.209823953,-60762.35931031198,36.24577218087687,-0.30404081102460623,-0.4429691971745342,-0.35011133179068565
2026-04-23 07:37:02.800,3509418.7053507515,779141.632767063,5250980.208483361,-60767.24251946074,36.061034454273155,-0.18236405681818724,-0.14982485794462264,-0.013405922800302505
2026-04-23 07:37:02.900,3509418.6903438657,779141.6235552706,5250980.234222877,-60772.14220609729,36.092323328226364,-0.1500688586384058,-0.09211792377755046,0.25739516131579876
2026-04-23 07:37:03.000,3509418.63920647,779141.6216046353,5250980.173461284,-60777.12925906361,36.30775540787088,-0.5113739566877484,-0.01950635341927409,-0.6076159328222275
2026-04-23 07:37:03.100,3509418.6112817684,779141.6579068486,5250980.136158708,-60782.07516204296,36.34285666256685,-0.2792470157146454,0.3630221332423389,-0.3730257600545883
2026-04-23 07:37:03.200,3509418.6132095046,779141.6341324435,5250980.151467604,-60786.97551546074,36.221487522339764,0.019277362152934074,-0.23774405126459897,0.15308896079659462
2026-04-23 07:37:03.300,3509418.5794075793,779141.5927948061,5250980.1032296885,-60791.90956346448,36.15432852951058,-0.33801925368607044,-0.4133763734716922,-0.4823791515082121
2026-04-23 07:37:03.400,3509418.5692425286,779141.5998612153,5250980.031749854,-60796.844382416886,36.21667899751294,-0.10165050625801086,0.0706640921998769,-0.7147983461618423
2026-04-23 07:37:03.500,3509418.5283097834,779141.6422237126,5250980.038914527,-60801.76109219339,36.416126747698776,-0.40932745207101107,0.42362497304566205,0.07164672948420048
2026-04-23 07:37:03.600,3509418.533374423,779141.5994483681,5250980.099638526,-60806.60732998195,36.12780758323272,0.0506463972851634,-0.4277534456923604,0.6072399951517582
2026-04-23 07:37:03.700,3509418.5993681443,779141.5724630875,5250980.074045776,-60811.51716514248,36.17810782344926,0.6599372113123536,-0.2698528056498617,-0.255927499383688
2026-04-23 07:37:03.800,3509418.5802692487,779141.6100886397,5250980.003931288,-60816.48079560072,36.60082009707521,-0.19098895601928234,0.3762555215507746,-0.7011448871344328
2026-04-23 07:37:03.900,3509418.5796800894,779141.5897853235,5250979.9498123145,-60821.408277052025,36.317289928841895,-0.005891593173146248,-0.20303316181525588,-0.5411897320300341
2026-04-23 07:37:04.000,3509418.62826068,779141.6178028766,5250979.992648075,-60826.27742798838,36.30357628995075,0.485805906355381,0.2801755315158516,0.4283576086163521
2026-04-23 07:37:04.100,3509418.657104078,779141.6036295453,5250980.08048483,-60831.13003858419,36.15872263630296,0.28843398205935955,-0.1417333132121712,0.8783675450831652
2026-04-23 07:37:04.200,3509418.6753465654,779141.6129983005,5250980.133491228,-60836.00922983585,36.28575821621821,0.18242487218230963,0.09368755156174302,0.5300639849156141
2026-04-23 07:37:04.300,3509418.667508526,779141.6092003718,5250980.131381805,-60840.93357293491,36.26298469975363,-0.0783803965896368,-0.037979286862537265,-0.02109423279762268
2026-04-23 07:37:04.400,3509418.6565654404,779141.5748898209,5250980.122028828,-60845.835235802144,36.40703578306233,-0.10943085420876741,-0.3431055089458823,-0.09352977387607098
2026-04-23 07:37:04.500,3509418.663545668,779141.5989946002,5250980.135541234,-60850.739427250184,36.70434619237607,0.06980227772146463,0.24104779353365302,0.1351240649819374
2026-04-23 07:37:04.600,3509418.697643154,779141.5378154711,5250980.082201957,-60855.62365364891,36.96691783546904,0.34097485709935427,-0.6117912917397916,-0.5333927739411592
2026-04-23 07:37:04.700,3509418.7153782905,779141.5001167309,5250980.180691721,-60860.46569934024,36.41340520517915,0.17735136672854424,-0.37698740139603615,0.9848976414650679
2026-04-23 07:37:04.800,3509418.6922853007,779141.5151075278,5250980.183270414,-60865.39637897544,36.777463775699616,-0.23092989809811115,0.14990796917118132,0.025786934420466423
2026-04-23 07:37:04.900,3509418.7169775153,779141.5225716654,5250980.253513203,-60870.23759206293,36.33974649143055,0.2469221455976367,0.0746413751039654,0.7024278864264488
2026-04-23 07:37:05.000,3509418.773950299,779141.497937093,5250980.332580076,-60875.06403358046,35.96212272670295,0.5697278352454305,-0.24634572328068316,0.7906687259674072
2026-04-23 07:37:05.100,3509418.783757129,779141.501462306,5250980.272684455,-60879.97612235651,35.84881922290022,0.09806830435991287,0.03525212989188731,-0.5989562068134546
2026-04-23 07:37:05.200,3509418.781986825,779141.5018081872,5250980.2996056,-60884.8527637914,35.77105015594425,-0.01770304050296545,0.0034588121343404055,0.2692114468663931
2026-04-23 07:37:05.300,3509418.7659227527,779141.5152678064,5250980.259213949,-60889.79982323713,35.77197741621743,-0.16064072493463755,0.13459619134664536,-0.403916509822011
2026-04-23 07:37:05.400,3509418.7417857484,779141.5345811999,5250980.2848039605,-60894.703141865866,36.02296717264584,-0.24137004278600216,0.19313393509946764,0.2559001184999943
2026-04-23 07:37:05.500,3509418.6967211026,779141.5650161053,5250980.284174461,-60899.588600198804,36.061268103760696,-0.4506464581936598,0.30434905434958637,-0.006294995546340942
2026-04-23 07:37:05.600,3509418.741295597,779141.5820526826,5250980.327816633,-60904.45301852448,36.006359552214434,0.4457449447363615,0.17036577337421477,0.43642171658575535
2026-04-23 07:37:05.700,3509418.731441552,779141.6325426729,5250980.341142585,-60909.365171291516,36.00026932494655,-0.09854045230895281,0.5048999027349055,0.13325951993465424
2026-04-23 07:37:05.800,3509418.7213817486,779141.6310894442,5250980.35890552,-60914.273589215234,36.16342097377737,-0.10059803258627653,-0.01453228760510683,0.1776293572038412
2026-04-23 07:37:05.900,3509418.7067588195,779141.6963706176,5250980.405052204,-60919.17499635057,36.51203358714862,-0.1462292904034257,0.6528117344714701,0.46146683394908905
2026-04-23 07:37:06.000,3509418.744130997,779141.6417130798,5250980.400682883,-60924.05894387147,36.52007867544479,0.37372177466750145,-0.5465753783937544,-0.04369320347905159
2026-04-23 07:37:06.100,3509418.7570796516,779141.6411619751,5250980.401867435,-60928.96942273726,36.603950817006925,0.129486545920372,-0.0055110466200858355,0.01184551976621151
2026-04-23 07:37:06.200,3509418.7223784504,779141.6995533137,5250980.446838374,-60933.878334826804,36.8778326998705,-0.34701201133430004,0.5839133856352419,0.4497093893587589
2026-04-23 07:37:06.300,3509418.695842939,779141.6422625182,5250980.35154603,-60938.83232914778,36.718702812538695,-0.2653551148250699,-0.5729079549200833,-0.952923446893692
2026-04-23 07:37:06.400,3509418.729169526,779141.655228343,5250980.404309453,-60943.68100097578,36.407620204218674,0.33326587174087763,0.12965824804268777,0.5276342388242483
2026-04-23 07:37:06.500,3509418.790450077,779141.7213805285,5250980.5108857695,-60948.50189215144,36.73225744472411,0.6128055090084672,0.6615218555089086,1.0657631605863571
2026-04-23 07:37:06.600,3509418.8098832783,779141.687815183,5250980.544639883,-60953.381256960165,36.59423976547397,0.19433201290667057,-0.3356534556951374,0.33754113130271435
2026-04-23 07:37:06.700,3509418.8052078416,779141.6637657159,5250980.521691018,-60958.294355581995,36.037975323402534,-0.046754367649555206,-0.24049467057920992,-0.22948864847421646
2026-04-23 07:37:06.800,3509418.7769985306,779141.6333855371,5250980.420108608,-60963.255369652,35.92326925054542,-0.28209310956299305,-0.3038017882499844,-1.0158240981400013
2026-04-23 07:37:06.900,3509418.8173206365,779141.7349702263,5250980.436624411,-60968.138150777944,36.34927500424063,0.4032210586592555,1.015846892260015,0.16515802592039108
2026-04-23 07:37:07.000,3509418.8617743393,779141.7196446174,5250980.4574522525,-60972.998626363355,36.05314610307322,0.444537028670311,-0.1532560889609158,0.20827841944992542
2026-04-23 07:37:07.100,3509418.8825144907,779141.7608892525,5250980.506404041,-60977.86913676971,35.86919819881142,0.20740151405334473,0.41244635125622153,0.48951788805425167
2026-04-23 07:37:07.200,3509418.877263133,779141.7420203345,5250980.488042209,-60982.771487901366,35.91420477918659,-0.05251357797533274,-0.188689180649817,-0.1836183201521635
2026-04-23 07:37:07.300,3509418.8825801974,779141.7435815413,5250980.512146322,-60987.64700319259,35.67196090211436,0.05317064467817545,0.015612068818882108,0.2410411275923252
2026-04-23 07:37:07.400,3509418.8863994638,779141.7358859209,5250980.488440679,-60992.561189713,35.78557248831253,0.038192663341760635,-0.0769562041386962,-0.2370564267039299
2026-04-23 07:37:07.500,3509418.9309600955,779141.7674135894,5250980.567677443,-60997.40441808231,35.97552239622961,0.44560631737113,0.315276684705168,0.792367635294795
2026-04-23 07:37:07.600,3509418.9180894014,779141.8276005682,5250980.599855278,-61002.316835710415,36.09470264934827,-0.12870694044977427,0.6018697877880186,0.32177834771573544
2026-04-23 07:37:07.700,3509418.868934435,779141.8331513832,5250980.569915366,-61007.24627840895,36.4791083792055,-0.49154966603964567,0.05550815025344491,-0.2993991132825613
2026-04-23 07:37:07.800,3509418.845163244,779141.8285148949,5250980.545936962,-61012.16194201468,36.70993655228445,-0.23771191015839577,-0.04636488272808492,-0.23978404700756073
2026-04-23 07:37:07.900,3509418.904960666,779141.7789034626,5250980.576582801,-61017.02529838,36.80315885122343,0.5979742202907801,-0.4961143236141652,0.3064583893865347
2026-04-23 07:37:08.000,3509418.8919131495,779141.7431269856,5250980.523870129,-61021.92867732455,36.6982544702782,-0.13047516345977783,-0.35776476957835257,-0.5271267145872116
2026-04-23 07:37:08.100,3509418.9318663916,779141.7108969517,5250980.492126172,-61026.82313384078,36.84489532097622,0.3995324205607176,-0.3223003388848156,-0.31743956729769707
2026-04-23 07:37:08.200,3509418.9419863475,779141.7308674332,5250980.4818125395,-61031.71340427237,37.246750038159846,0.10119955986738205,0.1997048151679337,-0.10313632898032665
2026-04-23 07:37:08.300,3509418.9468675456,779141.7951301334,5250980.536707936,-61036.56767010135,37.416342705460075,0.04881198052316904,0.6426270015072078,0.5489539634436369
2026-04-23 07:37:08.400,3509418.933620005,779141.8274218178,5250980.623700777,-61041.43746406954,37.72457288634918,-0.13247540686279535,0.32291684416122735,0.8699284121394157
2026-04-23 07:37:08.500,3509419.010617609,779141.8349173758,5250980.783043256,-61046.237146404135,37.992505675527234,0.7699760422110558,0.0749555800575763,1.5934247896075249
2026-04-23 07:37:08.600,3509418.959619987,779141.8515081606,5250980.73713593,-61051.17112349297,38.02890242341381,-0.5099762231111526,0.16590784769505262,-0.4590732604265213
2026-04-23 07:37:08.700,3509418.9735847185,779141.7675248327,5250980.790721357,-61056.02345060546,37.595991114561215,0.13964731711894274,-0.8398332784418017,0.5358542688190937
2026-04-23 07:37:08.800,3509418.9965857556,779141.7698865338,5250980.814919162,-61060.88231577286,37.43567065379171,0.23001037072390318,0.02361701102927327,0.24197804741561413
2026-04-23 07:37:08.900,3509418.954452938,779141.745947979,5250980.783945823,-61065.786181995376,37.16939496820841,-0.42132817674428225,-0.23938554804772139,-0.30973338522017
2026-04-23 07:37:09.000,3509418.943538595,779141.8152354002,5250980.822745532,-61070.673126748385,37.513239368031805,-0.10914342943578959,0.6928742118179798,0.3879970870912075
2026-04-23 07:37:09.100,3509418.9305774136,779141.8044188006,5250980.758164976,-61075.61994829543,37.73832685101997,-0.12961181346327066,-0.10816599591635168,-0.6458055600523949
2026-04-23 07:37:09.200,3509418.8975325404,779141.8029824466,5250980.74954411,-61080.54050343314,37.35270339146636,-0.33044873271137476,-0.014363540103659034,-0.08620865643024445
2026-04-23 07:37:09.300,3509418.886996057,779141.8416350455,5250980.756056449,-61085.43716975394,37.06766841456385,-0.10536483488976955,0.3865259885787964,0.06512339226901531
2026-04-23 07:37:09.400,3509418.89630172,779141.8139336712,5250980.757306802,-61090.3304908989,36.99317806490903,0.0930566294118762,-0.27701374259777367,0.012503527104854584
2026-04-23 07:37:09.500,3509418.8710862543,779141.8420020241,5250980.788888785,-61095.224325662806,37.29069984438257,-0.2521546557545662,0.28068352839909494,0.3158198297023773
2026-04-23 07:37:09.600,3509418.7930844114,779141.8883298673,5250980.8194453195,-61100.1395969141,37.68888786057907,-0.7800184283405542,0.4632784321438521,0.3055653441697359
2026-04-23 07:37:09.700,3509418.7868054905,779141.8657828455,5250980.762065262,-61105.08776347906,37.46023224063269,-0.06278920918703079,-0.22547021741047502,-0.573800578713417
2026-04-23 07:37:09.800,3509418.7781351437,779141.8594446753,5250980.726090508,-61110.038000114655,37.667410595513616,-0.08670346811413765,-0.06338170263916254,-0.3597475402057171
2026-04-23 07:37:09.900,3509418.7959880377,779141.8601704547,5250980.679416529,-61114.97223428473,37.75209774510023,0.1785289403051138,0.0072577944956719875,-0.4667397867888212
2026-04-23 07:37:10.000,3509418.746704437,779141.9094094071,5250980.644520727,-61119.933892123365,38.37137366031645,-0.49283600877970457,0.49238952342420816,-0.34895801916718483
2026-04-23 07:37:10.100,3509418.67405572,779141.913487358,5250980.5893504,-61124.925044798125,38.4848190142479,-0.7264871662482619,0.04077950958162546,-0.5517032742500305
2026-04-23 07:37:10.200,3509418.650472131,779141.9481986392,5250980.56860309,-61129.8629155491,38.494718072617516,-0.23583589121699333,0.34711281186901033,-0.20747309550642967
2026-04-23 07:37:10.300,3509418.6593937697,779141.9156586989,5250980.55417142,-61134.74289889143,38.182453978874335,0.0892163859680295,-0.32539940322749317,-0.14431670308113098
2026-04-23 07:37:10.400,3509418.685722293,779141.8976504586,5250980.613179677,-61139.60120138547,38.02245152547347,0.2632852317765355,-0.18008240265771747,0.5900825746357441
2026-04-23 07:37:10.500,3509418.7088107304,779141.88578651,5250980.634057436,-61144.506076847174,37.763172869323405,0.23088437505066395,-0.11863948660902679,0.20877758972346783
2026-04-23 07:37:10.600,3509418.779336161,779141.8844482733,5250980.7312093675,-61149.3217453632,37.80748128144749,0.7052543060854077,-0.013382366159930825,0.9715193137526512
2026-04-23 07:37:10.700,3509418.7767653964,779141.8669767191,5250980.65804101,-61154.26919606027,37.9149089570836,-0.025707646273076534,-0.17471554223448038,-0.7316835783421993
2026-04-23 07:37:10.800,3509418.7633445524,779141.8218140427,5250980.542693693,-61159.24210892239,38.14974512079651,-0.13420843984931707,-0.45162676367908716,-1.1534731648862362
2026-04-23 07:37:10.900,3509418.7618766287,779141.8003576736,5250980.5557182245,-61164.13081132395,38.0075748197177,-0.014679236337542534,-0.21456369198858738,0.13024531304836273
2026-04-23 07:37:11.000,3509418.740077895,779141.7721239721,5250980.551879467,-61169.054732555625,38.28006072448282,-0.2179873362183571,-0.2823370147962123,-0.03838757053017616
2026-04-23 07:37:11.100,3509418.741750802,779141.7660823121,5250980.553645564,-61173.96606132943,38.14399149072175,0.016729068011045456,-0.06041659973561764,0.017660968005657196
2026-04-23 07:37:11.200,3509418.7696565953,779141.7183548588,5250980.575254184,-61178.82900839727,38.143431321689214,0.2790579339489341,-0.47727453289553523,0.21608619950711727
2026-04-23 07:37:11.300,3509418.71913531,779141.7006563847,5250980.449768087,-61183.81193163204,38.41933842162173,-0.5052128527313471,-0.1769847411196679,-1.2548609729856253
2026-04-23 07:37:11.400,3509418.698158948,779141.6721186527,5250980.413391784,-61188.74205124803,38.40454972704221,-0.20976361818611622,-0.285377319669351,-0.3637630306184292
2026-04-23 07:37:11.500,3509418.7159366487,779141.6541651201,5250980.458343704,-61193.61303848003,37.9237791588193,0.17777700442820787,-0.17953532631509006,0.4495192039757967
2026-04-23 07:37:11.600,3509418.7769870823,779141.6070906433,5250980.493164514,-61198.47589439626,37.64902424437057,0.6105043366551399,-0.470744768390432,0.34820809960365295
2026-04-23 07:37:11.700,3509418.7322280165,779141.580059823,5250980.454237871,-61203.40268371577,37.386651880582704,-0.44759065844118595,-0.27030820259824395,-0.38926643319427967
2026-04-23 07:37:11.800,3509418.7300093444,779141.5848893618,5250980.33188218,-61208.35931693102,37.44030751855449,-0.022186720743775368,0.04829538753256202,-1.223556911572814
2026-04-23 07:37:11.900,3509418.782304986,779141.5529381224,5250980.353859306,-61213.21910049851,37.09364274696172,0.522956415079534,-0.31951239332556725,0.21977126598358154
2026-04-23 07:37:12.000,3509418.74415944,779141.5174938624,5250980.28548591,-61218.17853155057,37.13114604586949,-0.3814554587006569,-0.35444259992800653,-0.6837339606136084
2026-04-23 07:37:12.100,3509418.7181510725,779141.5376987855,5250980.253478786,-61223.081284656975,37.36132185253583,-0.2600836753845215,0.2020492311567068,-0.320071242749691
2026-04-23 07:37:12.200,3509418.744542569,779141.5281573501,5250980.348466364,-61227.915094144126,36.980554581772196,0.26391496416181326,-0.09541435400024056,0.9498757775872946
2026-04-23 07:37:12.300,3509418.735182275,779141.5645022378,5250980.37216873,-61232.809703496445,37.24472599740064,-0.09360293857753277,0.3634488768875599,0.23702366277575493
2026-04-23 07:37:12.400,3509418.716201493,779141.5866230817,5250980.366193378,-61237.726569035105,37.3652059298106,-0.18980782013386488,0.22120843874290586,-0.05975351668894291
2026-04-23 07:37:12.500,3509418.7450483,779141.5704456544,5250980.343449367,-61242.63180217933,37.32625231381454,0.2884680684655905,-0.1617742725647986,-0.22744011133909225
2026-04-23 07:37:12.600,3509418.7418466075,779141.5586215009,5250980.273688042,-61247.54905234904,37.26995609723823,-0.032016923651099205,-0.11824153596535325,-0.6976132560521364
2026-04-23 07:37:12.700,3509418.7408059547,779141.5845164775,5250980.23966385,-61252.46919023776,36.832482468537535,-0.01040652859956026,0.2589497668668628,-0.3402419202029705
2026-04-23 07:37:12.800,3509418.7071278878,779141.6253099496,5250980.275283839,-61257.3577132409,36.95399461402321,-0.3367806691676378,0.4079347208607942,0.35619989037513733
2026-04-23 07:37:12.900,3509418.6850381596,779141.5696487405,5250980.176006572,-61262.29334654371,36.87785208492158,-0.2208972815424204,-0.5566120916046202,-0.992772663012147
2026-04-23 07:37:13.000,3509418.626191332,779141.6360542068,5250980.192882966,-61267.224824124765,37.37136895063391,-0.5884682759642601,0.6640546629205346,0.16876393929123878
2026-04-23 07:37:13.100,3509418.6539494894,779141.5729273199,5250980.228807992,-61272.052438584746,36.91666904220703,0.2775815734639764,-0.6312688684556633,0.35925026051700115
2026-04-23 07:37:13.200,3509418.6848705495,779141.567769036,5250980.277793427,-61276.90992933892,36.353345270700096,0.30921060126274824,-0.05158283864147961,0.489854346960783
2026-04-23 07:37:13.300,3509418.725279239,779141.5541263063,5250980.296762201,-61281.75517549855,36.39018229497857,0.4040868952870369,-0.13642729725688696,0.18968774005770683
2026-04-23 07:37:13.400,3509418.7448265236,779141.6046879112,5250980.322679034,-61286.63793484044,36.44670755024371,0.19547284580767155,0.5056160490494221,0.2591683343052864
2026-04-23 07:37:13.500,3509418.737088136,779141.6111794356,5250980.24280582,-61291.56629426185,36.63343090816276,-0.07738387677818537,0.06491524400189519,-0.7987321447581053
2026-04-23 07:37:13.600,3509418.7023213147,779141.6695770773,5250980.212146337,-61296.49910009899,36.90385518924476,-0.34766821190714836,0.5839764163829386,-0.30659482814371586
2026-04-23 07:37:13.700,3509418.7167893364,779141.6732900882,5250980.203843872,-61301.37538305817,37.22713143762411,0.1446802169084549,0.03713010926730931,-0.08302465081214905
2026-04-23 07:37:13.800,3509418.723763371,779141.6134039336,5250980.135422015,-61306.31221234653,37.37506656443396,0.0697403447702527,-0.5988615460228175,-0.6842185743153095
2026-04-23 07:37:13.900,3509418.7778184223,779141.5958759199,5250980.160229929,-61311.12008678424,36.98001199361869,0.5405505141243339,-0.1752801367547363,0.24807914160192013
2026-04-23 07:37:14.000,3509418.7748031826,779141.5637281816,5250980.156290222,-61315.96615652823,36.638633065453966,-0.030152397230267525,-0.3214773826766759,-0.039397068321704865
2026-04-23 07:37:14.100,3509418.81194796,779141.5944264443,5250980.098290104,-61320.88231586545,36.970567665281045,0.3714477736502886,0.30698262620717287,-0.580001175403595
2026-04-23 07:37:14.200,3509418.780258349,779141.6287271305,5250980.127406037,-61325.80096099625,37.286277368724775,-0.3168961079791188,0.34300686209462583,0.2911593299359083
2026-04-23 07:37:14.300,3509418.7761153723,779141.6468742187,5250980.181831232,-61330.64377948251,37.421832515819354,-0.041429768316447735,0.18147088238038123,0.544251948595047
2026-04-23 07:37:14.400,3509418.7908704523,779141.6370785558,5250980.194826878,-61335.48784387108,37.289204849230764,0.14755079988390207,-0.09795662946999073,0.12995645403862
2026-04-23 07:37:14.500,3509418.8001920646,779141.6258154922,5250980.225536381,-61340.3381182363,37.16137846549477,0.09321612305939198,-0.11263063526712358,0.3070950321853161
2026-04-23 07:37:14.600,3509418.8393346034,779141.565394611,5250980.299205782,-61345.15903469659,36.92643033084302,0.3914253879338503,-0.6042088125832379,0.7366940099745989
2026-04-23 07:37:14.700,3509418.8930395786,779141.5240662803,5250980.340963631,-61349.99380370785,36.68359004681722,0.5370497517287731,-0.4132833064068109,0.4175784904509783
2026-04-23 07:37:14.800,3509418.874816526,779141.5556292275,5250980.36056449,-61354.88648113811,36.60960276028137,-0.18223052378743887,0.3156294720247388,0.1960085891187191
2026-04-23 07:37:14.900,3509418.861942509,779141.5273756345,5250980.297602235,-61359.81195258971,36.69654850768971,-0.12874017003923655,-0.28253593016415834,-0.629622545093298
2026-04-23 07:37:15.000,3509418.8591853017,779141.4925258541,5250980.337530154,-61364.66892351794,36.553516742397726,-0.02757207490503788,-0.34849780378863215,0.3992791846394539
2026-04-23 07:37:15.100,3509418.8424973097,779141.459292298,5250980.227252256,-61369.61592926435,36.59787682219429,-0.1668799202889204,-0.33233556197956204,-1.1027789767831564
2026-04-23 07:37:15.200,3509418.8526481986,779141.4902201354,5250980.194343719,-61374.50201532795,36.62458308168006,0.10150888934731483,0.30927837477065623,-0.32908537425100803
2026-04-23 07:37:15.300,3509418.849568694,779141.4418932521,5250980.114158335,-61379.411674568,36.710268308111175,-0.03079504705965519,-0.4832688334863633,-0.8018538355827332
2026-04-23 07:37:15.400,3509418.812526732,779141.3809402664,5250980.061651392,-61384.33586619932,36.613684948653955,-0.37041961681097746,-0.6095298565924168,-0.5250694323331118
2026-04-23 07:37:15.500,3509418.8233423787,779141.4300131291,5250980.097565122,-61389.21912233179,36.97485356826696,0.1081564649939537,0.4907286271918565,0.35913730040192604
2026-04-23 07:37:15.600,3509418.8553376105,779141.4360448143,5250980.168237016,-61394.04310628854,36.89726452479662,0.3199523175135255,0.060316851595416665,0.7067189365625381
2026-04-23 07:37:15.700,3509418.9184449203,779141.3994803297,5250980.326686762,-61398.80147348457,36.71493467829125,0.6310730986297131,-0.3656448458787054,1.5844974666833878
2026-04-23 07:37:15.800,3509418.9062751858,779141.4474758968,5250980.318960425,-61403.720523741,37.266849359601224,-0.12169734574854374,0.479955670889467,-0.077263368293643
2026-04-23 07:37:15.900,3509418.8925977577,779141.467409378,5250980.259376622,-61408.65474150841,37.856287909545536,-0.13677428010851145,0.19933481235057116,-0.5958380363881588
2026-04-23 07:37:16.000,3509418.9372154265,779141.496276666,5250980.326915391,-61413.477037373654,38.20174535235302,0.44617668725550175,0.2886728791054338,0.6753876898437738
2026-04-23 07:37:16.100,3509418.987964378,779141.4680114619,5250980.30227135,-61418.34382342417,38.14702669383546,0.5074895173311234,-0.2826520404778421,-0.24644040502607822
2026-04-23 07:37:16.200,3509419.003144377,779141.3853578604,5250980.267456939,-61423.224035135056,38.10116602391329,0.15179998707026243,-0.826536015374586,-0.3481441084295511
2026-04-23 07:37:16.300,3509418.9925561105,779141.351255991,5250980.186725412,-61428.143540049314,37.753069521696794,-0.10588266421109438,-0.3410186932887882,-0.8073152787983418
2026-04-23 07:37:16.400,3509419.0599502334,779141.3681353432,5250980.314654819,-61432.91833720447,38.119462367349854,0.6739412294700742,0.16879352158866823,1.2792940717190504
2026-04-23 07:37:16.500,3509419.0372906346,779141.3959107847,5250980.304319396,-61437.79430468947,37.965506238639136,-0.22659598849713802,0.27775441529229283,-0.10335423052310944
2026-04-23 07:37:16.600,3509419.0177661898,779141.3193642702,5250980.270078832,-61442.701218188566,37.56488775948842,-0.19524444825947285,-0.7654651452321559,-0.3424056340008974
2026-04-23 07:37:16.700,3509419.043001443,779141.3435198322,5250980.262869531,-61447.5830288109,37.870164776118216,0.25235253386199474,0.24155562045052648,-0.07209300994873047
2026-04-23 07:37:16.800,3509419.039056045,779141.3580795567,5250980.2670609355,-61452.44025981833,37.88087134238001,-0.039453981444239616,0.14559724484570324,0.041914042085409164
2026-04-23 07:37:16.900,3509419.0121931504,779141.3231609063,5250980.178204473,-61457.364063206376,37.83099202883785,-0.26862894650548697,-0.3491865040268749,-0.8885646238923073
2026-04-23 07:37:17.000,3509419.0375235076,779141.2719741067,5250980.158172067,-61462.23259405506,37.584095460554416,0.25330357253551483,-0.5118679965380579,-0.20032405853271484
2026-04-23 07:37:17.100,3509418.975846926,779141.2669988249,5250980.067333536,-61467.171374667814,37.96611642595536,-0.6167658139020205,-0.049752817722037435,-0.9083853103220463
2026-04-23 07:37:17.200,3509418.9596938933,779141.2652424065,5250980.05398609,-61472.056917061505,37.69205900446956,-0.16153032891452312,-0.017564183799549937,-0.13347445987164974
2026-04-23 07:37:17.300,3509418.988702514,779141.2908638867,5250980.077487478,-61476.926928311135,37.92928940758718,0.29008620884269476,0.2562148019205779,0.23501387797296047
2026-04-23 07:37:17.400,3509418.9663543664,779141.2284500184,5250980.077104024,-61481.80942997274,37.60823445452162,-0.22348147816956043,-0.6241386826150119,-0.003834543749690056
2026-04-23 07:37:17.500,3509418.976110469,779141.1949177206,5250980.114510093,-61486.64628347887,37.481006903826774,0.09756102692335844,-0.3353229782078415,0.37406069226562977
2026-04-23 07:37:17.600,3509419.0421168073,779141.1592299965,5250980.219212066,-61491.40670688089,36.775630895815134,0.6600633822381496,-0.35687724128365517,1.0470197349786758
2026-04-23 07:37:17.700,3509419.058684889,779141.120598481,5250980.218914132,-61496.287143143934,36.92374826586346,0.1656808191910386,-0.3863151546102017,-0.0029793474823236465
2026-04-23 07:37:17.800,3509419.0627818624,779141.0248357158,5250980.171219746,-61501.15728101257,36.56023464022638,0.04096973221749067,-0.9576276526786387,-0.4769438598304987
2026-04-23 07:37:17.900,3509419.0960377217,779140.9338280864,5250980.174655739,-61506.0346864799,36.54747820978253,0.3325585927814245,-0.9100762940943241,0.03435993567109108
2026-04-23 07:37:18.000,3509419.048618494,779140.9692002549,5250980.180762861,-61510.90493900837,36.66863109583288,-0.474192276597023,0.35372168524190784,0.06107121706008911
2026-04-23 07:37:18.100,3509419.019902757,779140.9202531095,5250980.100585897,-61515.83207334166,36.434140500528834,-0.2871573716402054,-0.48947145347483456,-0.8017696347087622
2026-04-23 07:37:18.200,3509419.080970596,779140.8879572528,5250980.031803451,-61520.70863515544,36.13080925668955,0.6106783915311098,-0.3229585674125701,-0.6878244690597057
2026-04-23 07:37:18.300,3509419.126707743,779140.8984119354,5250980.067747865,-61525.53505059758,36.44141981874164,0.45737146865576506,0.10454682633280754,0.3594441432505846
2026-04-23 07:37:18.400,3509419.155604252,779140.9405865108,5250980.090811485,-61530.365856458375,36.56385099223014,0.2889650920405984,0.4217457538470626,0.23063620552420616
2026-04-23 07:37:18.500,3509419.163689398,779140.9748519363,5250980.2398780575,-61535.15194734929,36.66856525647978,0.08085146080702543,0.3426542552188039,1.4906657207757235
2026-04-23 07:37:18.600,3509419.1140756523,779140.9808221302,5250980.222507882,-61540.05099011648,36.782344193902,-0.49613745883107185,0.059701938880607486,-0.17370175570249557
2026-04-23 07:37:18.700,3509419.099176172,779140.9998641807,5250980.194643641,-61544.941847890965,36.84564538736108,-0.14899480156600475,0.1904205046594143,-0.27864241041243076
2026-04-23 07:37:18.800,3509419.0867126468,779140.9878599227,5250980.151518384,-61549.852665968734,37.212306930798164,-0.12463525403290987,-0.12004257994703948,-0.4312525689601898
2026-04-23 07:37:18.900,3509419.076903954,779140.9770224364,5250980.156462741,-61554.727459141715,37.22236884538548,-0.09808692615479231,-0.10837486246600747,0.04944357089698315
2026-04-23 07:37:19.000,3509419.0509958304,779140.9676399111,5250980.112814655,-61559.63840342566,37.110370258341035,-0.25908123701810837,-0.09382525342516601,-0.4364808648824692
2026-04-23 07:37:19.100,3509419.0558216516,779140.9960655476,5250980.13707554,-61564.487114739895,36.839127026487226,0.048258211463689804,0.28425636468455195,0.24260885082185268
2026-04-23 07:37:19.200,3509419.0706127975,779140.9458303179,5250980.0730859665,-61569.35801699287,36.53400563866813,0.1479114592075348,-0.5023522966075689,-0.6398957315832376
2026-04-23 07:37:19.300,3509419.0796047687,779140.9616935111,5250980.07169476,-61574.22354313222,36.86627249718225,0.08991971146315336,0.15863193199038506,-0.01391206867992878
2026-04-23 07:37:19.400,3509419.054571511,779140.9306735754,5250979.984827527,-61579.13830226795,36.68975091205215,-0.2503325743600726,-0.31019935733638704,-0.8686723280698061
2026-04-23 07:37:19.500,3509419.099784719,779140.9584114592,5250980.004366109,-61583.958338592754,36.7205637273479,0.45213207602500916,0.2773788385093212,0.19538582302629948
2026-04-23 07:37:19.600,3509419.120636067,779141.0191628714,5250980.036554453,-61588.79907002177,36.744597472162205,0.2085134806111455,0.6075141218025237,0.32188343815505505
2026-04-23 07:37:19.700,3509419.0510961753,779141.0221852169,5250980.066542887,-61593.7015620215,36.71444777800042,-0.6953989155590534,0.03022345481440425,0.2998843416571617
2026-04-23 07:37:19.800,3509419.0644120593,779141.0394947217,5250980.113817384,-61598.55556432572,36.554042191543644,0.13315883930772543,0.17309504793956876,0.47274496406316757
2026-04-23 07:37:19.900,3509419.14273754,779141.0285481581,5250980.087530012,-61603.394745965306,36.34990739985316,0.7832548068836331,-0.10946563561446965,-0.26287371292710304
2026-04-23 07:37:20.000,3509419.099226581,779141.0257619594,5250980.114624168,-61608.2650387868,36.63562814486038,-0.4351095901802182,-0.02786198747344315,0.2709415555000305
2026-04-23 07:37:20.100,3509419.0863527656,779140.9823759411,5250980.02516472,-61613.152299155925,36.25942092370738,-0.1287381537258625,-0.43386018252931535,-0.8945944812148809
2026-04-23 07:37:20.200,3509419.0493464796,779141.014570566,5250980.02809768,-61618.028430048864,36.37804237332483,-0.3700628597289324,0.32194624887779355,0.029329601675271988
2026-04-23 07:37:20.300,3509419.0256809155,779141.0285459918,5250980.01251567,-61622.90946441079,36.47926101628618,-0.23665564134716988,0.13975425739772618,-0.1558201014995575
2026-04-23 07:37:20.400,3509419.017118449,779141.0396928765,5250980.037207523,-61627.76286642317,36.64639106256448,-0.08562466595321894,0.11146884760819376,0.24691853672266006
2026-04-23 07:37:20.500,3509419.0079011885,779141.0433440764,5250980.097885541,-61632.61105697398,36.619983646167825,-0.09217260405421257,0.03651199862360954,0.6067801732569933
2026-04-23 07:37:20.600,3509419.0481355917,779141.096069919,5250980.206481469,-61637.41597585225,36.94150778855657,0.4023440321907401,0.5272584257181734,1.085959281772375
2026-04-23 07:37:20.700,3509419.0889742454,779141.083082893,5250980.213165596,-61642.25158496898,36.876677496384204,0.40838653687387705,-0.12987025897018611,0.06684127263724804
2026-04-23 07:37:20.800,3509419.067714997,779141.0489150122,5250980.138860672,-61647.147672420484,36.39137069221202,-0.2125924825668335,-0.34167880890890956,-0.743049243465066
2026-04-23 07:37:20.900,3509419.0902993074,779141.0670335755,5250980.184792689,-61652.00837509061,36.288599516765466,0.225843102671206,0.18118563340976834,0.45932017266750336
2026-04-23 07:37:21.000,3509419.0688594016,779141.01338941,5250980.149841385,-61656.88449320285,36.032864429582446,-0.21439905744045973,-0.5364416551310569,-0.3495130408555269
2026-04-23 07:37:21.100,3509419.047182191,779140.9907114123,5250980.151778102,-61661.728496177224,36.158411898526836,-0.21677210461348295,-0.2267799770925194,0.019367169588804245
2026-04-23 07:37:21.200,3509419.088827834,779140.9385129454,5250980.134836006,-61666.566699096475,36.014431212051186,0.4164564283564687,-0.5219846684485674,-0.16942095942795277
2026-04-23 07:37:21.300,3509419.1179645043,779140.9705699515,5250980.169219022,-61671.42658342885,36.128682722420955,0.2913667028769851,0.3205700602848083,0.343830157071352
2026-04-23 07:37:21.400,3509419.1559263193,779140.9710654445,5250980.118773449,-61676.29221018598,36.12963811340199,0.37961815018206835,0.004954930627718568,-0.5044557247310877
2026-04-23 07:37:21.500,3509419.1573855104,779140.944885496,5250980.086668678,-61681.174828880874,36.00415405421075,0.014591910876333714,-0.2617994847241789,-0.32104771584272385
2026-04-23 07:37:21.600,3509419.1797750853,779140.9293050278,5250980.073529886,-61686.00685072397,35.584908171438286,0.2238957490772009,-0.15580468229018152,-0.13138791546225548
2026-04-23 07:37:21.700,3509419.1448925287,779140.88583509,5250980.052490694,-61690.87216428359,35.68015025289828,-0.348825566470623,-0.43469937867484987,-0.21039191633462906
2026-04-23 07:37:21.800,3509419.1026515123,779140.9039872767,5250980.022255732,-61695.790487192855,35.842865256825846,-0.42241016402840614,0.18152186763472855,-0.30234962701797485
2026-04-23 07:37:21.900,3509419.1088492908,779140.8514255631,5250979.990258843,-61700.65673439203,35.43113074632216,0.06197778508067131,-0.5256171361543238,-0.31996889039874077
2026-04-23 07:37:22.000,3509419.0724260295,779140.8622211047,5250979.959794566,-61705.56732184209,35.695802626499116,-0.36423261277377605,0.10795541573315859,-0.30464276671409607
2026-04-23 07:37:22.100,3509419.059278195,779140.8743596605,5250980.043223134,-61710.40285959128,36.02818253716141,-0.13147834688425064,0.12138555874116719,0.834285682067275
2026-04-23 07:37:22.200,3509419.0447135684,779140.9294225589,5250980.081391085,-61715.27487445456,35.961064352001266,-0.1456462638452649,0.5506289831828326,0.38167950697243214
2026-04-23 07:37:22.300,3509419.0024364395,779140.9171416194,5250980.067380745,-61720.168611569396,35.90751063843822,-0.42277128901332617,-0.122809394961223,-0.14010339975357056
2026-04-23 07:37:22.400,3509418.9991767467,779140.9272165602,5250980.111071934,-61725.01110054324,35.86490232554913,-0.03259692806750536,0.10074940859340131,0.43691189028322697
2026-04-23 07:37:22.500,3509418.9106694334,779140.9551140273,5250980.027670254,-61729.99239600677,36.4245019372782,-0.8850731328129768,0.2789746702183038,-0.8340167999267578
2026-04-23 07:37:22.600,3509418.9339833087,779140.9619931441,5250980.104198676,-61734.80764540633,36.35798885381051,0.23313875310122967,0.06879116874188185,0.7652842160314322
2026-04-23 07:37:22.700,3509418.9294007537,779140.987849544,5250980.178987363,-61739.639522547244,36.497784841295974,-0.04582555033266544,0.2585639990866184,0.7478868775069714
2026-04-23 07:37:22.800,3509418.937510303,779140.9768169553,5250980.206334524,-61744.489034984595,36.52460366189793,0.08109549526125193,-0.110325887799263,0.2734716050326824
2026-04-23 07:37:22.900,3509418.965485103,779140.9845067397,5250980.258240729,-61749.32205567547,36.69615067201702,0.2797479974105954,0.07689784397371113,0.5190620478242636
2026-04-23 07:37:23.000,3509418.953889362,779140.9817079675,5250980.224253271,-61754.2209328058,36.576200570948586,-0.11595740914344788,-0.02798772184178233,-0.3398745786398649
2026-04-23 07:37:23.100,3509418.9481217074,779140.9794244737,5250980.227940724,-61759.09008981234,36.93846434625727,-0.05767654627561569,-0.022834937553852797,0.03687453456223011
2026-04-23 07:37:23.200,3509418.9602187346,779140.9750014237,5250980.244471296,-61763.94301944957,37.27251367875213,0.12097027152776718,-0.044230499770492315,0.1653057150542736
2026-04-23 07:37:23.300,3509418.9730257974,779140.948880776,5250980.253475601,-61768.77950507011,36.88043413859649,0.12807062827050686,-0.2612064778804779,0.09004305116832256
2026-04-23 07:37:23.400,3509418.9551442442,779140.8949887622,5250980.2071620105,-61773.67096183246,36.48820684312561,-0.17881553154438734,-0.5389201373327523,-0.4631359037011862
2026-04-23 07:37:23.500,3509418.9542796835,779140.9278093005,5250980.217763292,-61778.54258614242,36.5246401941671,-0.00864560715854168,0.3282053826842457,0.10601281188428402
2026-04-23 07:37:23.600,3509418.984222853,779140.9127757181,5250980.238096437,-61783.39083281914,36.53180354203995,0.2994316956028342,-0.15033582341857255,0.2033314574509859
2026-04-23 07:37:23.700,3509418.9368643425,779140.8860066881,5250980.189078391,-61788.313503767815,36.545365191031685,-0.4735851055011153,-0.26769030024297535,-0.4901804681867361
2026-04-23 07:37:23.800,3509418.8908921587,779140.8539362496,5250980.166247812,-61793.2035250108,36.59006763572901,-0.4597218381240964,-0.32070438493974507,-0.2283057849854231
2026-04-23 07:37:23.900,3509418.9032205557,779140.8770571017,5250980.218114192,-61798.05484717411,36.84774773004257,0.12328397016972303,0.23120852070860565,0.5186637956649065
2026-04-23 07:37:24.000,3509418.8964656875,779140.857954686,5250980.18812186,-61802.931635576424,36.65585084092188,-0.06754868198186159,-0.19102415652014315,-0.29992331750690937
2026-04-23 07:37:24.100,3509418.854656662,779140.8055331564,5250980.034274914,-61807.87591648966,36.30395962622028,-0.41809025686234236,-0.5242152966093272,-1.5384694561362267
2026-04-23 07:37:24.200,3509418.854289842,779140.7725603192,5250980.0106751155,-61812.72777984194,36.14302153889164,-0.0036682002246379852,-0.32972837216220796,-0.23599798791110516
2026-04-23 07:37:24.300,3509418.864962469,779140.7581999372,5250980.068941217,-61817.56362688575,36.07734950177369,0.1067262701690197,-0.14360381988808513,0.5826610140502453
2026-04-23 07:37:24.400,3509418.8459683512,779140.73092654,5250980.017669699,-61822.43581626001,36.224550090007064,-0.18994117621332407,-0.27273397194221616,-0.5127151776105165
2026-04-23 07:37:24.500,3509418.878316247,779140.7369663458,5250979.995256505,-61827.272769134914,35.95351913425149,0.3234789567068219,0.06039805826731026,-0.22413194179534912
2026-04-23 07:37:24.600,3509418.8534175134,779140.7893830861,5250979.978190197,-61832.15122531728,36.297950787157575,-0.24898733478039503,0.5241674033459276,-0.17066308297216892
2026-04-23 07:37:24.700,3509418.839762955,779140.7524555512,5250979.920445917,-61837.05393502978,36.629779149355514,-0.13654558453708887,-0.3692753496579826,-0.5774427950382233
2026-04-23 07:37:24.800,3509418.8026525537,779140.7647745316,5250979.910336345,-61841.91868783073,36.419510378083935,-0.37110401317477226,0.12318980414420366,-0.10109571740031242
2026-04-23 07:37:24.900,3509418.809635047,779140.7862117814,5250979.983736213,-61846.747151653224,36.456342053411724,0.06982493214309216,0.21437249844893813,0.73399867862463
2026-04-23 07:37:25.000,3509418.8244760428,779140.7762994864,5250979.916430156,-61851.63323579739,36.642349736339874,0.14840995892882347,-0.0991229503415525,-0.6730605755001307
2026-04-23 07:37:25.100,3509418.8209219016,779140.7806150104,5250979.863789982,-61856.515305493405,36.42027504963993,-0.035541411489248276,0.043155240127816796,-0.5264017358422279
2026-04-23 07:37:25.200,3509418.8477649754,779140.7838230429,5250979.913794494,-61861.34974678766,36.37570375030406,0.2684307377785444,0.03208032459951937,0.500045120716095
2026-04-23 07:37:25.300,3509418.8092764486,779140.8021863984,5250979.837569844,-61866.28356630209,36.475254079680056,-0.38488526828587055,0.183633555425331,-0.7622465025633574
2026-04-23 07:37:25.400,3509418.838843889,779140.7542352014,5250979.834039079,-61871.13268804422,36.37936106627901,0.2956744050607085,-0.4795119701884687,-0.03530764952301979
2026-04-23 07:37:25.500,3509418.8594138045,779140.7251396466,5250979.818726371,-61876.00352009866,36.46389870436189,0.20569915417581797,-0.2909555484075099,-0.15312707982957363
2026-04-23 07:37:25.600,3509418.842601269,779140.765761434,5250979.781699258,-61880.87314074966,36.6223307242416,-0.16812535468488932,0.4062178742606193,-0.37027113139629364
2026-04-23 07:37:25.700,3509418.8875923064,779140.8039488719,5250979.86619596,-61885.62828169726,36.47078243898037,0.4499103734269738,0.3818743792362511,0.84496702067554
2026-04-23 07:37:25.800,3509418.9477080205,779140.7912890761,5250979.817050096,-61890.50011226314,36.50727570936311,0.601157140918076,-0.12659795815125108,-0.49145864322781563
2026-04-23 07:37:25.900,3509418.9393403064,779140.7702739898,5250979.78995738,-61895.399737028856,36.60979475807308,-0.08367714006453753,-0.21015086327679455,-0.27092715725302696
2026-04-23 07:37:26.000,3509418.916930372,779140.766815205,5250979.754078417,-61900.29055271906,37.12020027908458,-0.22409934550523758,-0.03458784776739776,-0.35878962837159634
2026-04-23 07:37:26.100,3509418.938218258,779140.7785027723,5250979.81437937,-61905.10122289008,37.529940251042966,0.21287885960191488,0.11687567341141403,0.6030095275491476
2026-04-23 07:37:26.200,3509418.950315341,779140.728766427,5250979.781426548,-61909.98675867655,37.3655265731515,0.12097083032131195,-0.4973634530324489,-0.3295282181352377
2026-04-23 07:37:26.300,3509418.970352972,779140.7567034983,5250979.775584781,-61914.85369602235,37.449347725135794,0.20037631038576365,0.2793707128148526,-0.0584176741540432
2026-04-23 07:37:26.400,3509418.9634274226,779140.7490198443,5250979.758533869,-61919.73224283567,37.36527901394838,-0.06925549358129501,-0.07683653966523707,-0.1705091167241335
2026-04-23 07:37:26.500,3509418.947007011,779140.7188787223,5250979.716742386,-61924.5833719241,37.17261863084378,-0.1642041141167283,-0.3014112205710262,-0.4179148282855749
2026-04-23 07:37:26.600,3509418.9529052814,779140.7928006748,5250979.789948644,-61929.412685524934,37.03410543229206,0.058982702903449535,0.7392195251304656,0.7320625800639391
2026-04-23 07:37:26.700,3509418.9315183666,779140.8034671124,5250979.726587176,-61934.30847350131,37.04787991037541,-0.21386914886534214,0.10666437563486397,-0.6336146779358387
2026-04-23 07:37:26.800,3509418.871599664,779140.7496129032,5250979.652671823,-61939.23861183398,36.802286843609394,-0.5991870258003473,-0.5385420913808048,-0.7391535304486752
2026-04-23 07:37:26.900,3509418.893449249,779140.7384153645,5250979.590210583,-61944.07875856058,36.76916365025976,0.21849585231393576,-0.1119753869716078,-0.6246124021708965
2026-04-23 07:37:27.000,3509418.891865948,779140.767302642,5250979.599974413,-61948.91533714887,37.075270868883706,-0.015833009965717793,0.28887277469038963,0.09763830341398716
2026-04-23 07:37:27.100,3509418.932166092,779140.7598968623,5250979.669948922,-61953.72489010836,37.009794823491674,0.40300143882632256,-0.07405779673717916,0.6997450813651085
2026-04-23 07:37:27.200,3509418.932305225,779140.7458965846,5250979.582473168,-61958.62540297424,37.31287014411873,0.0013913307338953018,-0.14000277733430266,-0.8747575338929892
2026-04-23 07:37:27.300,3509418.9645943805,779140.7180607063,5250979.580548569,-61963.45146871303,37.131980890789514,0.32289155293256044,-0.27835878310725093,-0.019245995208621025
2026-04-23 07:37:27.400,3509419.0025890963,779140.7416095238,5250979.677406231,-61968.254997902775,36.527201358217326,0.37994715850800276,0.23548817494884133,0.9685766231268644
2026-04-23 07:37:27.500,3509418.967936672,779140.7079872661,5250979.674470042,-61973.11533449012,36.36668979538514,-0.3465242451056838,-0.33622257644310594,-0.029361890628933907
2026-04-23 07:37:27.600,3509418.998021669,779140.728504381,5250979.739086108,-61977.93369044174,36.50299941597591,0.300849974155426,0.20517114899121225,0.64616066403687
2026-04-23 07:37:27.700,3509418.9648570176,779140.6901582739,5250979.655590814,-61982.83723661183,36.39463874300204,-0.3316465159878135,-0.38346107117831707,-0.8349529467523098
2026-04-23 07:37:27.800,3509418.9437725456,779140.678133345,5250979.620866892,-61987.711602929994,36.639025595138676,-0.21084472071379423,-0.12024928932078183,-0.34723921678960323
2026-04-23 07:37:27.900,3509418.955791787,779140.6740493944,5250979.632008754,-61992.55501070323,36.557410024008384,0.12019241228699684,-0.04083950538188219,0.11141861788928509
2026-04-23 07:37:28.000,3509418.9595875205,779140.6948857611,5250979.670985192,-61997.375581019776,36.49785552271284,0.037957336753606796,0.20836366689763963,0.38976438343524933
2026-04-23 07:37:28.100,3509418.9492190136,779140.6677570319,5250979.64484516,-62002.2407201951,36.48893688046464,-0.10368506889790297,-0.27128729270771146,-0.26140032336115837
2026-04-23 07:37:28.200,3509418.947993309,779140.6948778683,5250979.652666485,-62007.11955434771,36.50745701713669,-0.012257047928869724,0.271208364283666,0.07821325212717056
2026-04-23 07:37:28.300,3509418.9423745903,779140.6640938129,5250979.66496106,-62011.985020568136,36.47821786664655,-0.056187184527516365,-0.30784055357798934,0.1229457464069128
2026-04-23 07:37:28.400,3509418.936587483,779140.6283632106,5250979.678593786,-62016.83832675421,36.3410944445551,-0.05787107162177563,-0.35730602336116135,0.13632726855576038
2026-04-23 07:37:28.500,3509418.867038386,779140.6302735357,5250979.627643173,-62021.744692456494,36.31137442175924,-0.6954909721389413,0.01910325139760971,-0.5095061380416155
2026-04-23 07:37:28.600,3509418.8846571026,779140.640143772,5250979.648833096,-62026.607653369865,36.25048331959575,0.17618716694414616,0.09870236273854971,0.21189923398196697
2026-04-23 07:37:28.700,3509418.918571568,779140.6940958783,5250979.7203080915,-62031.42914512613,36.39977026496136,0.33914465457201004,0.539521062746644,0.7147499546408653
2026-04-23 07:37:28.800,3509418.919802662,779140.7608197362,5250979.730665119,-62036.25330608447,36.55311824062283,0.012310938909649849,0.6672385788988322,0.10357027873396873
2026-04-23 07:37:28.900,3509418.928827921,779140.7550767238,5250979.7365678875,-62041.13332265176,36.96330322003447,0.0902525894343853,-0.05743012414313853,0.05902768112719059
2026-04-23 07:37:29.000,3509418.94208918,779140.7815720844,5250979.790608369,-62045.94165388269,36.83101070817761,0.1326125906780362,0.26495360652916133,0.5404048133641481
2026-04-23 07:37:29.100,3509418.94454179,779140.7907763687,5250979.741585455,-62050.812329875786,36.7957517986725,0.024526100605726242,0.0920428428798914,-0.4902291391044855
2026-04-23 07:37:29.200,3509418.9417389156,779140.7371249388,5250979.745339938,-62055.65609842933,36.59365957900091,-0.028028744272887707,-0.5365142994560301,0.03754483535885811
2026-04-23 07:37:29.300,3509418.9358622087,779140.7228163313,5250979.744516666,-62060.530619417725,36.56665161128823,-0.05876706913113594,-0.14308607438579202,-0.0082327239215374
2026-04-23 07:37:29.400,3509418.9310271014,779140.7320395589,5250979.729358802,-62065.417430572794,36.67225425083621,-0.04835107363760471,0.09223227621987462,-0.15157864429056644
2026-04-23 07:37:29.500,3509418.9778870447,779140.734372138,5250979.808764378,-62070.21550121425,36.65397662624617,0.4685994330793619,0.023325791116803885,0.7940557599067688
2026-04-23 07:37:29.600,3509418.926428852,779140.7899942662,5250979.813507509,-62075.07222516971,36.88896758134929,-0.5145819252356887,0.5562212818767875,0.04743131808936596
2026-04-23 07:37:29.700,3509418.964031602,779140.8391473759,5250979.871565602,-62079.887931126,36.75337267878951,0.3760274965316057,0.49153109663166106,0.5805809237062931
2026-04-23 07:37:29.800,3509419.002787427,779140.8416083943,5250979.850852773,-62084.740252591204,36.63970588791479,0.38755825255066156,0.024610183900222182,-0.20712829194962978
2026-04-23 07:37:29.900,3509419.0027058106,779140.8330751101,5250979.776227243,-62089.62454949662,36.73681429718412,-0.0008161645382642746,-0.08533284184522927,-0.7462552934885025
2026-04-23 07:37:30.000,3509418.9738854324,779140.8250237799,5250979.744054686,-62094.49989545826,36.9654115450194,-0.28820378240197897,-0.08051330223679543,-0.321725569665432
2026-04-23 07:37:30.100,3509418.9754393226,779140.8570034691,5250979.779233528,-62099.331862101084,37.000422182377406,0.015538902953267097,0.31979689258150756,0.3517884202301502
2026-04-23 07:37:30.200,3509418.9913871298,779140.8319783645,5250979.89173495,-62104.11016144403,36.728555958918676,0.15947807114571333,-0.2502510463818908,1.1250142194330692
2026-04-23 07:37:30.300,3509418.9579225304,779140.8576504393,5250979.909338219,-62108.974913194346,36.837693990282105,-0.33464599400758743,0.2567207475658506,0.1760326884686947
2026-04-23 07:37:30.400,3509418.9575399384,779140.8946065097,5250980.03943839,-62113.73278007875,36.78176859780341,-0.0038259197026491165,0.36956070456653833,1.3010017108172178
2026-04-23 07:37:30.500,3509418.962264427,779140.9110289572,5250979.942044553,-62118.639352903054,36.70552749819704,0.04724488593637943,0.16422447515651584,-0.9739383682608604
2026-04-23 07:37:30.600,3509418.9032857344,779140.9465048074,5250979.920702807,-62123.510416073914,37.04662474745762,-0.5897869262844324,0.35475850221700966,-0.21341746672987938
2026-04-23 07:37:30.700,3509418.908326645,779140.967034268,5250980.040489043,-62128.27230965427,37.029427723172624,0.050409105606377125,0.20529460511170328,1.1978623643517494
2026-04-23 07:37:30.800,3509418.8934530974,779140.9957692708,5250980.09847824,-62133.11132319374,37.09309730053326,-0.14873547479510307,0.28735002852045,0.5798919685184956
2026-04-23 07:37:30.900,3509418.8959844164,779140.9807520481,5250980.031137674,-62138.00459358826,36.99096656159394,0.02531318925321102,-0.1501722272951156,-0.6734056584537029
2026-04-23 07:37:31.000,3509418.8331625382,779141.0288291359,5250980.05110123,-62142.87322247893,36.97017810097889,-0.6282187812030315,0.48077087849378586,0.19963555969297886
2026-04-23 07:37:31.100,3509418.8532196786,779141.0095372956,5250979.952046647,-62147.776006410204,36.96193273526725,0.2005714038386941,-0.19291840377263725,-0.9905458334833384
2026-04-23 07:37:31.200,3509418.8485077918,779141.020880351,5250980.000812559,-62152.59394193145,36.951509223584665,-0.04711886867880821,0.1134305540472269,0.48765912652015686
2026-04-23 07:37:31.300,3509418.817173281,779141.063038669,5250980.007029169,-62157.42590854569,37.024071904947526,-0.31334510538727045,0.4215831798501313,0.06216609850525856
2026-04-23 07:37:31.400,3509418.8054126133,779141.0019374393,5250979.896100672,-62162.33276516156,36.756280219354664,-0.11760667897760868,-0.6110122962854803,-1.1092849727720022
2026-04-23 07:37:31.500,3509418.7426170995,779141.0201646041,5250979.835744408,-62167.24977416521,36.57031265518491,-0.6279551377519965,0.18227164749987423,-0.6035626400262117
2026-04-23 07:37:31.600,3509418.7525819857,779141.0509843007,5250979.8149667885,-62172.094538993035,36.38511048317899,0.09964886121451855,0.3081969660706818,-0.20777619443833828
2026-04-23 07:37:31.700,3509418.7177785384,779141.1044751405,5250979.817372357,-62176.966195743626,36.45248348843701,-0.3480344731360674,0.5349083978217095,0.024055680260062218
2026-04-23 07:37:31.800,3509418.727215994,779141.1799963748,5250979.863673115,-62181.79772078161,36.67978792731753,0.09437455795705318,0.7552123430650681,0.46300758607685566
2026-04-23 07:37:31.900,3509418.751688161,779141.1685958909,5250979.805286074,-62186.66967698291,36.7521459486636,0.24472166784107685,-0.1140048389788717,-0.5838704109191895
2026-04-23 07:37:32.000,3509418.721794519,779141.1315999936,5250979.697104165,-62191.580281977906,36.66543950168923,-0.2989364182576537,-0.36995897302404046,-1.081819087266922
2026-04-23 07:37:32.100,3509418.6765777688,779141.1307568126,5250979.682656595,-62196.45805468458,36.73633754749802,-0.45216750353574753,-0.008431809255853295,-0.14447570778429508
2026-04-23 07:37:32.200,3509418.680838198,779141.1527262855,5250979.682353404,-62201.30813634527,36.73890801496669,0.042604291811585426,0.21969472873024642,-0.003031902015209198
2026-04-23 07:37:32.300,3509418.6620659996,779141.2129638559,5250979.731938681,-62206.13700353013,36.84695552309087,-0.18772198352962732,0.6023757043294609,0.49585276283323765
2026-04-23 07:37:32.400,3509418.666398247,779141.1835180387,5250979.712966485,-62211.00368102716,36.76053978924147,0.043322471901774406,-0.2944581722840667,-0.1897219568490982
2026-04-23 07:37:32.500,3509418.6394568007,779141.2337043043,5250979.734902987,-62215.85786475349,36.6146389748467,-0.26941446121782064,0.5018626560922712,0.21936502307653427
2026-04-23 07:37:32.600,3509418.6068544276,779141.2769614417,5250979.743637491,-62220.721650801745,36.551258763534264,-0.3260237304493785,0.43257137411274016,0.08734503760933876
2026-04-23 07:37:32.700,3509418.5949979923,779141.2226629695,5250979.74541642,-62225.585293274264,36.45832320558727,-0.1185643533244729,-0.5429847224149853,0.017789285629987717
2026-04-23 07:37:32.800,3509418.5873053507,779141.2581128776,5250979.729846394,-62230.436961841704,36.32422000576778,-0.07692641578614712,0.3544990811496973,-0.15570025891065598
2026-04-23 07:37:32.900,3509418.6072229655,779141.2614280292,5250979.775599861,-62235.236892117464,36.16892015785925,0.1991761475801468,0.03315151552669704,0.4575346689671278
2026-04-23 07:37:33.000,3509418.6200688104,779141.2306676665,5250979.806242065,-62240.04824621886,35.784103167107205,0.12845844961702824,-0.3076036262791604,0.30642203986644745
2026-04-23 07:37:33.100,3509418.5893813535,779141.2174431008,5250979.8132058345,-62244.88901575,35.78542426590746,-0.3068745695054531,-0.13224565773271024,0.06963769905269146
2026-04-23 07:37:33.200,3509418.59408069,779141.2214849439,5250979.744007723,-62249.789568739085,36.14027041514027,0.04699336364865303,0.04041843116283417,-0.6919811107218266
2026-04-23 07:37:33.300,3509418.6324682613,779141.274252512,5250979.825922951,-62254.587556170416,36.48180222426699,0.3838757146149874,0.5276756815146655,0.8191522769629955
2026-04-23 07:37:33.400,3509418.658705254,779141.2504006145,5250979.893675554,-62259.36849171221,36.26084620924756,0.2623699279502034,-0.23851897567510605,0.6775260251015425
2026-04-23 07:37:33.500,3509418.63682549,779141.2706309599,5250979.861186543,-62264.247204903586,36.382614039833676,-0.21879764273762703,0.2023034542798996,-0.3248901106417179
2026-04-23 07:37:33.600,3509418.6062676366,779141.2204577936,5250979.86091221,-62269.10160731993,36.18999043612207,-0.30557853169739246,-0.5017316632438451,-0.002743322402238846
2026-04-23 07:37:33.700,3509418.6810695627,779141.2372823677,5250979.846426844,-62273.9278741231,36.16869930801067,0.7480192603543401,0.16824574093334377,-0.14485366642475128
2026-04-23 07:37:33.800,3509418.7167612086,779141.2908232652,5250979.919794503,-62278.714713404835,36.45912363963845,0.3569164592772722,0.5354089755564928,0.733676590025425
2026-04-23 07:37:33.900,3509418.663211323,779141.3481225568,5250979.91015818,-62283.579658275,36.95264791048665,-0.535498857498169,0.5729929159861058,-0.09636322967708111
2026-04-23 07:37:34.000,3509418.6402570806,779141.3087353434,5250979.881409515,-62288.43960296258,36.86111951839462,-0.22954242303967476,-0.3938721341546625,-0.28748665004968643
2026-04-23 07:37:34.100,3509418.619469667,779141.2838575856,5250979.774079779,-62293.3356224951,36.95242701031087,-0.20787413697689772,-0.24877757765352726,-1.07329735532403
2026-04-23 07:37:34.200,3509418.6587350457,779141.2936546602,5250979.7707615495,-62298.15919492543,36.84142772892968,0.3926537884399295,0.09797074599191546,-0.0331822969019413
2026-04-23 07:37:34.300,3509418.641900065,779141.2563150715,5250979.655663894,-62303.07679742231,36.55726221307401,-0.16834980808198452,-0.3733958874363452,-1.1509765591472387
2026-04-23 07:37:34.400,3509418.6538442643,779141.2784161214,5250979.650841623,-62307.93619068446,36.76032094618186,0.11944199446588755,0.22101049893535674,-0.04822270944714546
2026-04-23 07:37:34.500,3509418.6804629816,779141.3201238582,5250979.746928316,-62312.7254689449,37.04822337251052,0.26618717238307,0.41707736789248884,0.9608669299632311
2026-04-23 07:37:34.600,3509418.663134855,779141.2738342808,5250979.800748042,-62317.52732681338,36.716845157247754,-0.1732812635600567,-0.46289577381685376,0.5381972622126341
2026-04-23 07:37:34.700,3509418.618646158,779141.2742708476,5250979.765485843,-62322.37053045758,36.45570559084495,-0.44488697312772274,0.004365667700767517,-0.35262199118733406
2026-04-23 07:37:34.800,3509418.6716708858,779141.2583012367,5250979.777602151,-62327.15976679611,36.535220753446865,0.5302472785115242,-0.15969610889442265,0.12116308324038982
2026-04-23 07:37:34.900,3509418.642298665,779141.2552674622,5250979.741996909,-62332.045992245745,36.741095534355864,-0.2937222085893154,-0.030337744392454624,-0.3560524247586727
2026-04-23 07:37:35.000,3509418.5960935946,779141.2589091964,5250979.677371534,-62336.936955450896,36.928132056386595,-0.46205070335417986,0.03641734132543206,-0.6462537497282028
2026-04-23 07:37:35.100,3509418.617160546,779141.2852749614,5250979.642596052,-62341.76912221464,36.94364757648818,0.2106695156544447,0.26365765021182597,-0.34775481559336185
2026-04-23 07:37:35.200,3509418.6455338183,779141.2932568279,5250979.733371483,-62346.558599869175,37.08377764947841,0.2837327215820551,0.0798186648171395,0.907754311338067
2026-04-23 07:37:35.300,3509418.6545377346,779141.2834524997,5250979.700400041,-62351.412479379695,37.37233001812024,0.09003916289657354,-0.09804328205063939,-0.32971441745758057
2026-04-23 07:37:35.400,3509418.6866491186,779141.2447805883,5250979.622915427,-62356.29000446142,37.26084196854115,0.32111383974552155,-0.38671911344863474,-0.7748461421579123
2026-04-23 07:37:35.500,3509418.692696643,779141.2438697406,5250979.533014446,-62361.150822423864,37.37808390885391,0.060475245118141174,-0.009108476806432009,-0.8990098163485527
2026-04-23 07:37:35.600,3509418.643497537,779141.1955483642,5250979.538025188,-62366.02589540608,37.10871081719309,-0.4919910617172718,-0.4832137643825263,0.050107426941394806
2026-04-23 07:37:35.700,3509418.639711471,779141.1856757444,5250979.436928232,-62370.92298670279,37.063994193517296,-0.037860660813748837,-0.09872619761154056,-1.0109695605933666
2026-04-23 07:37:35.800,3509418.63576994,779141.1943837685,5250979.465849164,-62375.71756431779,36.9791552653375,-0.03941530827432871,0.08708024048246443,0.2892093174159527
2026-04-23 07:37:35.900,3509418.6791550936,779141.1689062607,5250979.490189095,-62380.51627355155,36.92102487365381,0.43385153636336327,-0.2547750773373991,0.24339931085705757
2026-04-23 07:37:36.000,3509418.6818104265,779141.1087180199,5250979.38768515,-62385.37282080513,36.58332794867561,0.026553329080343246,-0.6018824083730578,-1.0250394511967897
2026-04-23 07:37:36.100,3509418.698580519,779141.1127624001,5250979.341234707,-62390.21723009321,36.469666393913876,0.1677009230479598,0.04044380155391991,-0.46450442634522915
2026-04-23 07:37:36.200,3509418.754489744,779141.1295190864,5250979.408970834,-62394.981646495886,36.34977917172974,0.5590922525152564,0.16756686381995678,0.6773612648248672
2026-04-23 07:37:36.300,3509418.748012738,779141.1262416205,5250979.3767938325,-62399.84658908821,36.257834852649864,-0.06477006245404482,-0.03277465933933854,-0.3217700123786926
2026-04-23 07:37:36.400,3509418.7642723173,779141.0766751244,5250979.342838738,-62404.68485301951,36.15832419144176,0.16259579453617334,-0.49566496163606644,-0.33955094404518604
2026-04-23 07:37:36.500,3509418.726129474,779141.0231616828,5250979.262848945,-62409.57643021026,36.451020591709764,-0.38142843171954155,-0.5351344158407301,-0.7998979277908802
2026-04-23 07:37:36.600,3509418.752575272,779141.0722011765,5250979.326261421,-62414.36747977942,36.6241993104015,0.26445798110216856,0.49039493780583143,0.6341247539967299
2026-04-23 07:37:36.700,3509418.8081954233,779141.1065073669,5250979.311670473,-62419.1778505921,36.64740172584572,0.5562015110626817,0.3430619032587856,-0.1459094788879156
2026-04-23 07:37:36.800,3509418.8627847456,779141.0968150381,5250979.366382776,-62423.95525059553,36.64618497963496,0.5458932230249047,-0.09692328749224544,0.5471230298280716
2026-04-23 07:37:36.900,3509418.822656919,779141.0699832857,5250979.367881583,-62428.796945371956,36.473322515494935,-0.401278268545866,-0.26831752387806773,0.014988072216510773
2026-04-23 07:37:37.000,3509418.8563183667,779141.0551854545,5250979.429888831,-62433.583129415434,36.36198792919934,0.33661447931081057,-0.14797831187024713,0.6200724840164185
2026-04-23 07:37:37.100,3509418.8577372506,779141.0182566908,5250979.361577792,-62438.431646219906,36.0342054750116,0.014188839122653008,-0.3692876372952014,-0.6831103935837746
2026-04-23 07:37:37.200,3509418.8771669627,779141.0174719031,5250979.409894116,-62443.22755883773,36.42472158454075,0.1942971209064126,-0.0078478769864887,0.4831632412970066
2026-04-23 07:37:37.300,3509418.8714948716,779140.9994730403,5250979.430089137,-62448.06816986658,36.32610666611888,-0.05672091152518988,-0.17998862778767943,0.20195020362734795
2026-04-23 07:37:37.400,3509418.8666994786,779141.0096607284,5250979.412724362,-62452.9013768512,36.10847354566336,-0.047953929752111435,0.10187688050791621,-0.17364774830639362
2026-04-23 07:37:37.500,3509418.861652157,779140.9845310437,5250979.481277875,-62457.6714012147,36.15980528329559,-0.050473217852413654,-0.251296847127378,0.685535129159689
2026-04-23 07:37:37.600,3509418.821685,779140.9471662609,5250979.46742274,-62462.522349841805,35.80539169641874,-0.3996715694665909,-0.373647827655077,-0.13855135068297386
2026-04-23 07:37:37.700,3509418.7942563808,779140.9672925106,5250979.471556004,-62467.35086864838,35.83461773558592,-0.2742861909791827,0.20126249641180038,0.04133264534175396
2026-04-23 07:37:37.800,3509418.7914537503,779140.9559455793,5250979.388882042,-62472.2260976733,35.83472969626856,-0.028026304207742214,-0.11346931220032275,-0.8267396222800016
2026-04-23 07:37:37.900,3509418.7994486764,779140.953755101,5250979.505382849,-62477.00030028484,35.43562493021031,0.07994926068931818,-0.02190478378906846,1.165008069947362
2026-04-23 07:37:38.000,3509418.788030368,779140.9530129273,5250979.409930564,-62481.88367348069,35.377004700994874,-0.11418308597058058,-0.0074217363726347685,-0.9545228444039822
2026-04-23 07:37:38.100,3509418.7655839548,779140.9756015005,5250979.414371445,-62486.70753552208,35.49262917572485,-0.22446413058787584,0.22588573163375258,0.044408803805708885
2026-04-23 07:37:38.200,3509418.7922393847,779140.9396470136,5250979.379645712,-62491.52642382253,35.31478888715582,0.2665542997419834,-0.3595448692794889,-0.3472573310136795
2026-04-23 07:37:38.300,3509418.808700459,779140.9264169522,5250979.332459258,-62496.39223233569,35.510776667909866,0.16461074352264404,-0.13230061391368508,-0.47186453826725483
2026-04-23 07:37:38.400,3509418.7819035645,779140.8878148335,5250979.297705547,-62501.272739261934,35.62694696461733,-0.2679689461365342,-0.386021186131984,-0.34753710962831974
2026-04-23 07:37:38.500,3509418.813625137,779140.8772075485,5250979.355540028,-62506.03749239305,35.83737996774226,0.31721572391688824,-0.10607285075820982,0.5783448088914156
2026-04-23 07:37:38.600,3509418.8625523387,779140.8744475169,5250979.447184933,-62510.81284855177,35.978410087404434,0.4892720188945532,-0.027600316097959876,0.9164490550756454
2026-04-23 07:37:38.700,3509418.874783403,779140.884053139,5250979.488691854,-62515.623758343754,35.825416249283144,0.12231064029037952,0.09605622151866555,0.4150692094117403
2026-04-23 07:37:38.800,3509418.868817449,779140.8698847947,5250979.438605315,-62520.47289277492,35.91245775645068,-0.05965953692793846,-0.14168344321660697,-0.5008653923869133
2026-04-23 07:37:38.900,3509418.8737441325,779140.8773699892,5250979.417839321,-62525.2901093518,35.85991289494715,0.04926683381199837,0.07485194480977952,-0.20765993744134903
2026-04-23 07:37:39.000,3509418.9002737086,779140.8752422992,5250979.428202024,-62530.08941739786,36.14010074653309,0.26529576163738966,-0.021276900079101324,0.10362702421844006
2026-04-23 07:37:39.100,3509418.9200585308,779140.9090557197,5250979.368078272,-62534.93802466296,36.36369788016598,0.1978482212871313,0.338134205667302,-0.6012375187128782
2026-04-23 07:37:39.200,3509418.9219638812,779140.9252830334,5250979.403850349,-62539.7427505209,36.10327465093393,0.019053504802286625,0.1622731366660446,0.35772076807916164
2026-04-23 07:37:39.300,3509418.9347184375,779140.9077075511,5250979.379151585,-62544.58238116091,36.271055581886614,0.12754556257277727,-0.17575482255779207,-0.24698764085769653
2026-04-23 07:37:39.400,3509418.9462950835,779140.8913051253,5250979.411324442,-62549.37355081193,36.285048253645726,0.11576646007597446,-0.16402425826527178,0.321728577837348
2026-04-23 07:37:39.500,3509418.8858812978,779140.8372220135,5250979.246707461,-62554.324177757626,36.19571434684018,-0.6041378574445844,-0.5408311181236058,-1.6461698152124882
2026-04-23 07:37:39.600,3509418.8474233593,779140.8532614709,5250979.272148496,-62559.159750396226,36.395788417214455,-0.38457938469946384,0.16039457404986024,0.2544103469699621
2026-04-23 07:37:39.700,3509418.8564598197,779140.8056073776,5250979.312674793,-62563.97135421027,36.43902677522389,0.09036460425704718,-0.4765409335959703,0.40526297874748707
2026-04-23 07:37:39.800,3509418.8592284764,779140.8392498636,5250979.317740741,-62568.7759474819,36.52915127284873,0.027686567045748234,0.33642486087046564,0.05065947771072388
2026-04-23 07:37:39.900,3509418.912376346,779140.8575599398,5250979.353429994,-62573.560946655496,36.37820051194113,0.5314786965027452,0.18310076207853854,0.3568925242871046
2026-04-23 07:37:40.000,3509418.893508043,779140.8381243994,5250979.344151915,-62578.384988945545,36.25529074409882,-0.18868302926421165,-0.19435540423728526,-0.09278078563511372
2026-04-23 07:37:40.100,3509418.915758565,779140.8702603382,5250979.4131205,-62583.15407314441,36.16910121806011,0.22250521928071976,0.3213593875989318,0.6896858476102352
2026-04-23 07:37:40.200,3509418.975581738,779140.860106741,5250979.409232559,-62587.930920580795,35.883218703799585,0.5982317309826612,-0.10153597220778465,-0.03887941129505634
2026-04-23 07:37:40.300,3509418.971035579,779140.9381013114,5250979.407963739,-62592.7172735215,35.83182866376209,-0.045461589470505714,0.7799457048531622,-0.012688199058175087
2026-04-23 07:37:40.400,3509418.95327788,779140.9790909708,5250979.439683022,-62597.54183952893,35.844799644061574,-0.17757699359208345,0.40989659377373755,0.3171928320080042
2026-04-23 07:37:40.500,3509418.9674978177,779141.019841315,5250979.493230447,-62602.3482020272,36.192818695553036,0.14219937846064568,0.4075034416746348,0.5354742519557476
2026-04-23 07:37:40.600,3509418.9626467586,779141.0617536056,5250979.55388996,-62607.14180115101,36.74722103382142,-0.04851059056818485,0.4191229061689228,0.6065951287746429
2026-04-23 07:37:40.700,3509418.9584417506,779141.071061587,5250979.50742375,-62611.99068267181,36.67490436101057,-0.04205008037388325,0.09307981352321804,-0.46466209925711155
2026-04-23 07:37:40.800,3509418.9232767043,779141.124075279,5250979.495481798,-62616.83703720568,36.75496684929526,-0.35165046341717243,0.5301369202788919,-0.1194195169955492
2026-04-23 07:37:40.900,3509418.920563848,779141.1636046839,5250979.562993799,-62621.63319304634,37.33700172771213,-0.027128560468554497,0.39529404952190816,0.6751200091093779
2026-04-23 07:37:41.000,3509418.9316187673,779141.1395376048,5250979.622168313,-62626.43454104387,37.446595170956165,0.11054919101297855,-0.24067079182714224,0.5917451344430447
2026-04-23 07:37:41.100,3509418.880658711,779141.1098120251,5250979.555793574,-62631.333069046865,37.64510145727112,-0.5096005648374557,-0.2972557966131717,-0.6637473870068789
2026-04-23 07:37:41.200,3509418.8620261946,779141.1257522285,5250979.500517036,-62636.16938691661,38.03905428491981,-0.18632516264915466,0.15940203447826207,-0.5527653824537992
2026-04-23 07:37:41.300,3509418.883110133,779141.1697005962,5250979.634608393,-62640.92012646804,38.0529255247012,0.21083938423544168,0.43948367703706026,1.3409135676920414
2026-04-23 07:37:41.400,3509418.8432624624,779141.1727944417,5250979.61741802,-62645.75361122697,37.947030743467266,-0.3984767058864236,0.030938454438000917,-0.17190372571349144
2026-04-23 07:37:41.500,3509418.8636735384,779141.212159591,5250979.688672245,-62650.53885907957,38.06554963665677,0.2041107602417469,0.3936514933593571,0.7125422451645136
2026-04-23 07:37:41.600,3509418.895256334,779141.2172309094,5250979.726306066,-62655.300046667944,38.09086106629111,0.31582795549184084,0.0507131835911423,0.3763382136821747
2026-04-23 07:37:41.700,3509418.877699678,779141.2057422621,5250979.697995162,-62660.129158831165,38.24079437404856,-0.17556656152009964,-0.11488647316582501,-0.28310904279351234
2026-04-23 07:37:41.800,3509418.8666864582,779141.2026366914,5250979.682467896,-62664.97274093199,38.29563173645402,-0.11013219598680735,-0.031055706785991788,-0.15527266077697277
2026-04-23 07:37:41.900,3509418.890437121,779141.2240890745,5250979.734132853,-62669.76881702372,38.34800184470013,0.23750662803649902,0.21452383138239384,0.5166495777666569
2026-04-23 07:37:42.000,3509418.883440016,779141.2362510952,5250979.770296034,-62674.55410646013,38.36280641533541,-0.06997105199843645,0.12162020662799478,0.3616318106651306
2026-04-23 07:37:42.100,3509418.868005803,779141.2617577458,5250979.711689421,-62679.396798968555,38.08651699315918,-0.15434212982654572,0.2550665056332946,-0.5860661342740059
2026-04-23 07:37:42.200,3509418.898009978,779141.2982853487,5250979.75022124,-62684.184226232006,38.19220261102978,0.30004174914211035,0.36527602933347225,0.38531819358468056
2026-04-23 07:37:42.300,3509418.878936176,779141.2675492241,5250979.724855841,-62689.015377661264,38.2328483968854,-0.19073801580816507,-0.30736124608665705,-0.25365399196743965
2026-04-23 07:37:42.400,3509418.868183126,779141.2779400346,5250979.582829262,-62693.87576141898,38.58324631112123,-0.10753049980849028,0.10390810552053154,-1.4202657900750637
2026-04-23 07:37:42.500,3509418.8648290657,779141.3037900035,5250979.604452176,-62698.65733207479,38.49335182833913,-0.03354060463607311,0.2584996889345348,0.21622913889586926
2026-04-23 07:37:42.600,3509418.8839084674,779141.2992131474,5250979.603336176,-62703.4721118962,38.86586281004933,0.1907940162345767,-0.045768561540171504,-0.011160001158714294
2026-04-23 07:37:42.700,3509418.847005525,779141.3262880759,5250979.683977568,-62708.25671393719,38.60969385906758,-0.3690294222906232,0.27074928511865437,0.8064139168709517
2026-04-23 07:37:42.800,3509418.8148765536,779141.3008297755,5250979.658191957,-62713.0892069359,38.275440354594515,-0.3212897153571248,-0.25458300369791687,-0.25785611011087894
2026-04-23 07:37:42.900,3509418.7987465044,779141.2942419804,5250979.751599555,-62717.85482020425,38.108582182575695,-0.16130049247294664,-0.06587795098312199,0.9340759832412004
2026-04-23 07:37:43.000,3509418.8391866665,779141.308167533,5250979.799745448,-62722.621037464996,37.91048474790872,0.4044016217812896,0.13925552600994706,0.481458930298686
2026-04-23 07:37:43.100,3509418.80829622,779141.3012044844,5250979.7376232855,-62727.455997204175,38.02263582471547,-0.3089044662192464,-0.06963048595935106,-0.621221624314785
2026-04-23 07:37:43.200,3509418.77389792,779141.3248386898,5250979.725229466,-62732.27770214509,38.222891405943535,-0.343983001075685,0.23634205339476466,-0.1239381916821003
2026-04-23 07:37:43.300,3509418.764668685,779141.3015900304,5250979.777596186,-62737.05134436458,38.14820178406228,-0.09229234885424376,-0.23248659330420196,0.5236671958118677
2026-04-23 07:37:43.400,3509418.784191718,779141.325052033,5250979.903983359,-62741.77735935367,38.49481517028049,0.19523032940924168,0.23462002514861524,1.2638717330992222
2026-04-23 07:37:43.500,3509418.7637315537,779141.3679098991,5250979.954571077,-62746.56976366159,38.348211610576534,-0.20460164174437523,0.4285786615218967,0.505877174437046
2026-04-23 07:37:43.600,3509418.752388165,779141.390670499,5250980.035699986,-62751.33823251111,38.3470419218071,-0.11343388818204403,0.22760599851608276,0.8112890925258398
2026-04-23 07:37:43.700,3509418.745388191,779141.3899002845,5250980.032052684,-62756.12882231097,38.10218733542679,-0.06999973673373461,-0.007702144794166088,-0.036473022773861885
2026-04-23 07:37:43.800,3509418.757219859,779141.4049294539,5250980.079447756,-62760.90395341009,37.742784058967835,0.11831667739897966,0.1502916938625276,0.473950719460845
2026-04-23 07:37:43.900,3509418.7040815353,779141.3765419951,5250979.987167507,-62765.780104023666,37.72855515312902,-0.5313832359388471,-0.28387458762153983,-0.9228024818003178
2026-04-23 07:37:44.000,3509418.663197342,779141.3714058129,5250979.959271532,-62770.61261993978,37.712442852130614,-0.4088419349864125,-0.05136182182468474,-0.278959758579731
2026-04-23 07:37:44.100,3509418.6723385933,779141.3144359966,5250979.966184587,-62775.3965961556,37.52219046351289,0.0914125144481659,-0.5696981633082032,0.06913055665791035
2026-04-23 07:37:44.200,3509418.720060266,779141.3158753543,5250979.991278093,-62780.16399871572,37.49405445678135,0.4772167280316353,0.01439357758499682,0.25093506090343
2026-04-23 07:37:44.300,3509418.629601027,779141.3164324295,5250979.8454834055,-62785.080743235216,37.83222589586639,-0.9045923920348287,0.005570751382037997,-1.457946877926588
2026-04-23 07:37:44.400,3509418.631734782,779141.3200976093,5250979.85751583,-62789.86309238433,37.795964186962806,0.02133755013346672,0.036651798291131854,0.12032424099743366
2026-04-23 07:37:44.500,3509418.673877473,779141.3456948635,5250979.91927623,-62794.60237360603,37.422253851761695,0.4214269109070301,0.25597254163585603,0.6176040042191744
2026-04-23 07:37:44.600,3509418.701998114,779141.3738126849,5250980.010164654,-62799.328519697134,37.39811368691734,0.28120641130954027,0.28117821435444057,0.9088842384517193
2026-04-23 07:37:44.700,3509418.690240909,779141.3797109919,5250980.0560302,-62804.092368667625,37.33830132557345,-0.11757205240428448,0.05898306961171329,0.45865545980632305
2026-04-23 07:37:44.800,3509418.7001596163,779141.3893949656,5250980.058574926,-62808.88923536313,37.653657384333776,0.09918707422912121,0.09683973737992346,0.025447262451052666
2026-04-23 07:37:44.900,3509418.6950358786,779141.3887154991,5250980.0226815,-62813.67597692088,37.83529680668743,-0.0512373773381114,-0.006794665241613984,-0.3589342627674341
2026-04-23 07:37:45.000,3509418.6950628264,779141.3901573623,5250979.98028746,-62818.49639912849,37.849508729784205,0.0002694781869649887,0.014418632490560412,-0.42394040152430534
2026-04-23 07:37:45.100,3509418.682079119,779141.3398096337,5250979.84486394,-62823.372863958095,37.998195717581915,-0.1298370724543929,-0.5034772865474224,-1.3542351964861155
2026-04-23 07:37:45.200,3509418.692031635,779141.3802351413,5250979.816548674,-62828.15345681946,38.15541802251967,0.09952515829354525,0.4042550758458674,-0.2831526566296816
2026-04-23 07:37:45.300,3509418.6658788538,779141.3748887179,5250979.837420048,-62832.95717631634,38.087863759373214,-0.2615278121083975,-0.053464233642444015,0.2087137382477522
2026-04-23 07:37:45.400,3509418.661254247,779141.3650836761,5250979.860258284,-62837.73694081603,38.19832711618586,-0.0462460657581687,-0.09805041830986738,0.22838235832750797
2026-04-23 07:37:45.500,3509418.601016758,779141.2989918736,5250979.779657454,-62842.60759756569,37.874971476434325,-0.6023748917505145,-0.6609180243685842,-0.8060082979500294
2026-04-23 07:37:45.600,3509418.574390247,779141.3319693076,5250979.683533903,-62847.45331530123,37.75777962617436,-0.2662651101127267,0.32977433991618454,-0.9612355101853609
2026-04-23 07:37:45.700,3509418.5921706967,779141.3067858553,5250979.621149011,-62852.270368425234,37.59101971676386,0.17780449707061052,-0.25183452293276787,-0.6238489225506783
2026-04-23 07:37:45.800,3509418.6120084566,779141.306721227,5250979.703820195,-62857.003084400276,37.55457769081263,0.19837759900838137,-0.0006462831515818834,0.8267118409276009
2026-04-23 07:37:45.900,3509418.6122559416,779141.3742989678,5250979.726091727,-62861.77523661609,37.92220443044897,0.002474850043654442,0.6757774075958878,0.22271531634032726
2026-04-23 07:37:46.000,3509418.577237967,779141.3858898395,5250979.697782713,-62866.5915724378,38.00761459408999,-0.3501797467470169,0.11590871727094054,-0.28309013694524765
2026-04-23 07:37:46.100,3509418.5594009077,779141.3515960814,5250979.576862303,-62871.465372399754,37.898160263809345,-0.1783705921843648,-0.3429375810083002,-1.2092041037976742
2026-04-23 07:37:46.200,3509418.507733849,779141.3596118431,5250979.671606284,-62876.24096569371,38.15190537269681,-0.5166705884039402,0.08015761733986437,0.9474398102611303
2026-04-23 07:37:46.300,3509418.5401593526,779141.4192765693,5250979.732962861,-62880.97238451466,38.30280793333634,0.32425503712147474,0.596647261409089,0.6135657709091902
2026-04-23 07:37:46.400,3509418.6018765494,779141.390051628,5250979.717540623,-62885.7647974999,38.0932673998949,0.6171719683334231,-0.29224941274151206,-0.15422238036990166
2026-04-23 07:37:46.500,3509418.613943632,779141.3264736434,5250979.714023128,-62890.570952094065,38.451386301038035,0.12067082803696394,-0.6357798457611352,-0.03517494536936283
2026-04-23 07:37:46.600,3509418.6179755772,779141.3061440446,5250979.74593968,-62895.34493129657,38.25832912513884,0.040319450199604034,-0.20329598803073168,0.3191655222326517
2026-04-23 07:37:46.700,3509418.6226619794,779141.3436604259,5250979.8045118535,-62900.114635327765,38.40903607926544,0.04686402156949043,0.3751638124231249,0.5857217311859131
2026-04-23 07:37:46.800,3509418.635077691,779141.3266908572,5250979.744376059,-62904.94279996517,38.51129416601306,0.12415711767971516,-0.16969568678177893,-0.6013579480350018
2026-04-23 07:37:46.900,3509418.619138838,779141.3037272332,5250979.741049381,-62909.72955512626,38.618312294185344,-0.1593885337933898,-0.22963623981922865,-0.03326677717268467
2026-04-23 07:37:47.000,3509418.6175516467,779141.3023081522,5250979.816507789,-62914.486948749356,38.536546553477784,-0.01587191130965948,-0.014190810034051538,0.7545840833336115
2026-04-23 07:37:47.100,3509418.5990360077,779141.3216341806,5250979.866923915,-62919.26562285559,38.50917547301773,-0.18515639007091522,0.19326028414070606,0.5041612591594458
2026-04-23 07:37:47.200,3509418.599937778,779141.3179256096,5250979.903190323,-62924.05948375061,38.48540574705215,0.009017703123390675,-0.03708570962771773,0.36266407929360867
2026-04-23 07:37:47.300,3509418.6261176458,779141.3393073458,5250979.9437293075,-62928.814779271604,38.78097808644655,0.26179867796599865,0.21381736150942743,0.4053898435086012
2026-04-23 07:37:47.400,3509418.6390233627,779141.3366912049,5250980.019177934,-62933.56452446067,38.80635728798365,0.1290571689605713,-0.026161408750340343,0.7544862665235996
2026-04-23 07:37:47.500,3509418.655524699,779141.3513063329,5250980.087140452,-62938.28428791332,38.99187901125148,0.16501336358487606,0.14615127933211625,0.679625179618597
2026-04-23 07:37:47.600,3509418.6506395205,779141.3330737018,5250980.087399092,-62943.073812293274,39.003193348531106,-0.048851785250008106,-0.18232631031423807,0.0025863945484161377
2026-04-23 07:37:47.700,3509418.636852183,779141.3763855664,5250980.137613062,-62947.843913800505,39.15485075779137,-0.13787337578833103,0.43311864603310823,0.5021397024393082
2026-04-23 07:37:47.800,3509418.66172996,779141.3832201865,5250980.102673871,-62952.63972651321,39.17989533456118,0.24877776857465506,0.06834620027802885,-0.3493919037282467
2026-04-23 07:37:47.900,3509418.6218581134,779141.395617363,5250980.095311684,-62957.44417104634,39.269722630414506,-0.39871846325695515,0.12397176586091518,-0.07362187840044498
2026-04-23 07:37:48.000,3509418.6127572446,779141.3645975675,5250980.038694188,-62962.26489157267,39.620272411936696,-0.09100868832319975,-0.31019795569591224,-0.5661749560385942
2026-04-23 07:37:48.100,3509418.617489712,779141.3421970836,5250980.000376522,-62967.05827095398,39.5050655483159,0.04732467234134674,-0.22400483838282526,-0.383176663890481
2026-04-23 07:37:48.200,3509418.554795718,779141.3350845681,5250980.078247061,-62971.80540129659,39.46099250546412,-0.6269399402663112,-0.07112515508197248,0.7787053938955069
2026-04-23 07:37:48.300,3509418.5610439703,779141.3489230098,5250980.145886214,-62976.56286759321,39.419068642279306,0.062482524663209915,0.13838441693224013,0.6763915345072746
2026-04-23 07:37:48.400,3509418.56145085,779141.3632308819,5250980.160888133,-62981.34542620108,39.595370795600175,0.004068799316883087,0.1430787204299122,0.1500191818922758
2026-04-23 07:37:48.500,3509418.572437527,779141.388813002,5250980.159095975,-62986.1214904714,39.50057347157061,0.10986676905304193,0.255821201717481,-0.017921580001711845
2026-04-23 07:37:48.600,3509418.556937701,779141.4052072566,5250980.154043823,-62990.883092765755,39.55510024485029,-0.15499826055020094,0.16394254518672824,-0.050521520897746086
2026-04-23 07:37:48.700,3509418.5865418427,779141.426500144,5250980.069842517,-62995.68551167601,40.14976118855021,0.2960414160043001,0.21292887395247817,-0.8420130517333746
2026-04-23 07:37:48.800,3509418.5754763787,779141.3970981053,5250980.080161054,-63000.47082629794,39.779779896835706,-0.11065464001148939,-0.2940203866455704,0.10318536311388016
2026-04-23 07:37:48.900,3509418.5117782275,779141.3764405843,5250980.106464893,-63005.25236756488,39.93670612328544,-0.6369815114885569,-0.20657520974054933,0.26303838938474655
2026-04-23 07:37:49.000,3509418.5231131613,779141.3186884533,5250980.123126023,-63010.019420857025,40.30330877255982,0.11334933806210756,-0.5775213101878762,0.1666113082319498
2026-04-23 07:37:49.100,3509418.557300175,779141.3508425899,5250980.113219009,-63014.77922643484,39.66097733219578,0.3418701374903321,0.3215413657017052,-0.09907014667987823
2026-04-23 07:37:49.200,3509418.5550593114,779141.3692313536,5250980.166259093,-63019.54621009703,40.08851025768572,-0.022408636286854744,0.18388763768598437,0.5304008442908525
2026-04-23 07:37:49.300,3509418.5440982254,779141.3681098961,5250980.2024901,-63024.32583630195,40.265929160289105,-0.1096108602359891,-0.011214575497433543,0.36231006495654583
2026-04-23 07:37:49.400,3509418.51330013,779141.4078744143,5250980.167855878,-63029.1187300292,40.50371661480961,-0.30798095278441906,0.3976451826747507,-0.34634221345186234
2026-04-23 07:37:49.500,3509418.5052375672,779141.4389809656,5250980.094606294,-63033.95280833803,40.776946492745424,-0.0806256290525198,0.31106551294215024,-0.732495840638876
2026-04-23 07:37:49.600,3509418.4898005626,779141.4033294043,5250980.083091872,-63038.713797466975,41.2602614633269,-0.15437004622071981,-0.35651561338454485,-0.11514422483742237
2026-04-23 07:37:49.700,3509418.498828227,779141.4290254683,5250980.077071858,-63043.48840261281,40.79185068884907,0.09027664549648762,0.2569606399629265,-0.06020014174282551
2026-04-23 07:37:49.800,3509418.4923333284,779141.4013156561,5250979.981610337,-63048.32800398919,40.75437118518078,-0.06494898814707994,-0.27709812158718705,-0.9546152036637068
2026-04-23 07:37:49.900,3509418.5289365714,779141.3581555473,5250979.871553416,-63053.148088520335,40.802268188266396,0.36603243090212345,-0.4316010884940624,-1.1005692090839148
2026-04-23 07:37:50.000,3509418.5563017637,779141.3681154137,5250979.935582177,-63057.88305893187,40.60288544522309,0.2736519230529666,0.09959866409189999,0.6402876041829586
2026-04-23 07:37:50.100,3509418.56442244,779141.4182404116,5250979.914008931,-63062.64882602071,40.20606870006569,0.08120676036924124,0.5012499785516411,-0.21573245525360107
2026-04-23 07:37:50.200,3509418.57106931,779141.3530072273,5250979.868491108,-63067.44465429793,39.53694659108555,0.06646870169788599,-0.6523318425752223,-0.4551782365888357
2026-04-23 07:37:50.300,3509418.5529884673,779141.3438061633,5250979.882376888,-63072.22619478667,39.9114219245458,-0.18080842681229115,-0.09201064007356763,0.13885780237615108
2026-04-23 07:37:50.400,3509418.5517292335,779141.4044064215,5250979.923554657,-63076.977524587826,40.05024600940893,-0.012592338025569916,0.6060025817714632,0.4117776919156313
2026-04-23 07:37:50.500,3509418.5738530145,779141.4316715415,5250979.930600127,-63081.720242645766,40.10208907520005,0.2212378103286028,0.2726512006483972,0.07045470178127289
2026-04-23 07:37:50.600,3509418.606487006,779141.4793844939,5250980.050590456,-63086.4321018293,40.276915563993406,0.32633991446346045,0.47712952364236116,1.199903292581439
2026-04-23 07:37:50.700,3509418.56570578,779141.4898059792,5250979.997707004,-63091.232509705536,40.241526175223655,-0.4078122600913048,0.1042148529086262,-0.5288345273584127
2026-04-23 07:37:50.800,3509418.604712844,779141.4548174219,5250979.965787206,-63096.02549498551,40.20482627981936,0.3900706395506859,-0.34988557337783277,-0.31919797882437706
2026-04-23 07:37:50.900,3509418.672523751,779141.496391696,5250980.007798856,-63100.76379268406,40.197587316182215,0.6781090702861547,0.4157427418977022,0.42011650279164314
2026-04-23 07:37:51.000,3509418.6262176535,779141.507754366,5250980.026382534,-63105.535461470216,40.165521760517194,-0.4630609741434455,0.11362669989466667,0.1858367770910263
2026-04-23 07:37:51.100,3509418.624475825,779141.5129714075,5250980.047134754,-63110.25695116578,40.15747975923603,-0.017418283969163895,0.05217041471041739,0.20752220414578915
2026-04-23 07:37:51.200,3509418.660231222,779141.5206993008,5250980.151685589,-63114.96888633808,40.33432088931706,0.357553968206048,0.07727893302217126,1.0455083474516869
2026-04-23 07:37:51.300,3509418.6716711028,779141.5136915916,5250980.115847646,-63119.76380557402,40.1781587575718,0.11439880821853876,-0.07007709238678217,-0.35837942734360695
2026-04-23 07:37:51.400,3509418.690033849,779141.495707794,5250980.105071235,-63124.53300453501,40.13197966409989,0.18362746108323336,-0.17983797588385642,-0.10776410810649395
2026-04-23 07:37:51.500,3509418.6327914586,779141.4265544722,5250980.063975439,-63129.351916099455,39.82053043515776,-0.5724239023402333,-0.6915332179050893,-0.41095796041190624
2026-04-23 07:37:51.600,3509418.590516805,779141.3594055073,5250980.164400224,-63134.11687887483,38.989033666149,-0.4227465344592929,-0.6714896485209465,1.0042478423565626
2026-04-23 07:37:51.700,3509418.52920886,779141.2956754286,5250980.193938262,-63138.90887744894,38.06991828310898,-0.6130794528871775,-0.6373007874935865,0.29538038186728954
2026-04-23 07:37:51.800,3509418.5009170417,779141.2740673375,5250980.271809045,-63143.681314156456,37.462794580809565,-0.2829181822016835,-0.21608091075904667,0.7787078339606524
2026-04-23 07:37:51.900,3509418.504090587,779141.2607195382,5250980.413720894,-63148.41421916952,36.947859615966834,0.03173545468598604,-0.1334779930766672,1.4191184844821692
2026-04-23 07:37:52.000,3509418.496447706,779141.2116309855,5250980.394007494,-63153.23289775311,36.42284983835201,-0.07642881013453007,-0.490885527106002,-0.19713399931788445
2026-04-23 07:37:52.100,3509418.4334607082,779141.1206263684,5250980.362701776,-63158.071935840606,35.96121765008098,-0.6298699788749218,-0.9100461704656482,-0.31305717304348946
2026-04-23 07:37:52.200,3509418.3383434378,779141.0386634432,5250980.39645979,-63162.89935677771,35.795680450176754,-0.951172704808414,-0.8196292526554316,0.33758013509213924
2026-04-23 07:37:52.300,3509418.292440348,779140.9591919634,5250980.463789076,-63167.67553530739,35.614353156296616,-0.4590308992192149,-0.79471479752101,0.6732928566634655
2026-04-23 07:37:52.400,3509418.2417561403,779140.8945747397,5250980.578375299,-63172.45326834744,35.25190310242673,-0.5068420758470893,-0.6461722368840128,1.1458622384816408
2026-04-23 07:37:52.500,3509418.1732105846,779140.8523778038,5250980.662599932,-63177.23840722314,35.057189613997465,-0.6854555569589138,-0.4219693597406149,0.8422463294118643
2026-04-23 07:37:52.600,3509418.135907403,779140.813402464,5250980.668790154,-63182.05212974021,34.94604470595066,-0.3730318136513233,-0.3897533973213285,0.06190221756696701
2026-04-23 07:37:52.700,3509418.0749583854,779140.7664943461,5250980.70842064,-63186.84662911778,34.9339151349243,-0.6094901775941253,-0.4690811794716865,0.3963048569858074
2026-04-23 07:37:52.800,3509418.021739529,779140.7057586858,5250980.76208331,-63191.62537440419,34.98271259822708,-0.5321885645389557,-0.6073566025588661,0.536626698449254
2026-04-23 07:37:52.900,3509417.949529919,779140.6930548957,5250980.822153724,-63196.401598898934,35.49644741153023,-0.7220961013808846,-0.1270379009656608,0.6007041409611702
2026-04-23 07:37:53.000,3509417.8679923024,779140.6622178652,5250980.87380462,-63201.1628317865,35.6645843604648,-0.8153761643916368,-0.30837030499242246,0.5165089573711157
2026-04-23 07:37:53.100,3509417.7855312126,779140.6537610674,5250980.946201764,-63205.93893372618,35.73949897097542,-0.824610898271203,-0.08456797804683447,0.7239714451134205
2026-04-23 07:37:53.200,3509417.6732924166,779140.6432219272,5250980.952208621,-63210.74959497004,35.71455782055354,-1.1223879596218467,-0.10539140203036368,0.06006857380270958
2026-04-23 07:37:53.300,3509417.622342168,779140.6496340841,5250981.006397187,-63215.50289168467,35.74321355627874,-0.509502487257123,0.06412156857550144,0.5418856535106897
2026-04-23 07:37:53.400,3509417.598265702,779140.6659469026,5250981.105801044,-63220.198263903054,35.79661380855725,-0.24076465982943773,0.16312818508595228,0.9940385725349188
2026-04-23 07:37:53.500,3509417.5526096076,779140.676077773,5250981.178237474,-63224.91013361791,35.559746952189,-0.4565609432756901,0.10130870388820767,0.7243642956018448
2026-04-23 07:37:53.600,3509417.4384163,779140.6948714296,5250981.131914581,-63229.69892232952,35.530637382372596,-1.1419330770149827,0.18793656607158482,-0.4632289241999388
2026-04-23 07:37:53.700,3509417.3461528383,779140.7699726534,5250981.175472811,-63234.42568385931,35.784680758067694,-0.9226346155628562,0.7510122377425432,0.4355822969228029
2026-04-23 07:37:53.800,3509417.2891727174,779140.8434814623,5250981.339613749,-63239.078650940704,36.02857609896775,-0.5698012094944715,0.7350880897138268,1.6414093784987926
2026-04-23 07:37:53.900,3509417.2048951783,779140.8845367986,5250981.482018945,-63243.73892039324,36.50868914066106,-0.842775390483439,0.4105533624533564,1.4240519609302282
2026-04-23 07:37:54.000,3509417.107840762,779140.9185696798,5250981.573738827,-63248.41731573725,36.686751715994525,-0.9705441631376743,0.34032881259918213,0.9171988256275654
2026-04-23 07:37:54.100,3509416.9903397625,779140.9439740112,5250981.69645528,-63253.11183776793,37.25480251582271,-1.1750099947676063,0.2540433139074594,1.2271645292639732
2026-04-23 07:37:54.200,3509416.8881669776,779140.9583889969,5250981.8089959705,-63257.79077580311,37.8742937958589,-1.0217278497293591,0.14414985664188862,1.12540690228343
2026-04-23 07:37:54.300,3509416.859861201,779141.0125307925,5250981.941474668,-63262.410105367155,38.08820692736632,-0.283057764172554,0.5414179561194032,1.3247869722545147
2026-04-23 07:37:54.400,3509416.831212848,779141.0217271817,5250981.976976768,-63267.079420923386,38.17983948926621,-0.28648353181779385,0.0919638923369348,0.35502100363373756
2026-04-23 07:37:54.500,3509416.8328406066,779141.0330054765,5250982.038252134,-63271.73713905721,38.47582468268855,0.016277586109936237,0.11278294725343585,0.6127536576241255
2026-04-23 07:37:54.600,3509416.856005322,779141.0464593001,5250982.018806175,-63276.35932254841,38.67791241196094,0.23164715617895126,0.13453823630698025,-0.1944595854729414
2026-04-23 07:37:54.700,3509416.8605721737,779141.0587446211,5250981.9387884755,-63281.029755920594,38.85696281032589,0.045668515376746655,0.12285321019589901,-0.8001769986003637
2026-04-23 07:37:54.800,3509416.8646393153,779141.0702499019,5250981.819651552,-63285.71628478723,38.95680804906918,0.040671415627002716,0.11505280737765133,-1.1913692392408848
2026-04-23 07:37:54.900,3509416.886685927,779141.0835737421,5250981.762036127,-63290.36616419246,39.27983354250066,0.2204661164432764,0.13323840219527483,-0.5761542450636625
2026-04-23 07:37:55.000,3509416.889200426,779141.1090532198,5250981.672740178,-63295.02982343863,39.61567867538412,0.025144992396235466,0.2547947771381587,-0.892959488555789
2026-04-23 07:37:55.100,3509416.8923081094,779141.0859545788,5250981.565556819,-63299.702371220425,40.001918614838296,0.031076832674443722,-0.2309864095877856,-1.0718335956335068
2026-04-23 07:37:55.200,3509416.906814312,779141.1089889847,5250981.574145146,-63304.295214207355,40.529556246464416,0.14506202656775713,0.23034405894577503,0.08588327094912529
2026-04-23 07:37:55.300,3509416.929808002,779141.1538944915,5250981.582282448,-63308.86158502848,40.46061403022013,0.22993689868599176,0.4490550677292049,0.08137302473187447
2026-04-23 07:37:55.400,3509416.933342774,779141.148766556,5250981.499765507,-63313.48688388678,40.65563729444631,0.03534771967679262,-0.05127935437485576,-0.8251694124191999
2026-04-23 07:37:55.500,3509416.9141511177,779141.1596093347,5250981.46218674,-63318.12995868925,41.23248030320817,-0.1919165626168251,0.10842778603546321,-0.3757876716554165
2026-04-23 07:37:55.600,3509416.9242194006,779141.1554708137,5250981.41772631,-63322.77069878934,41.40270919646009,0.10068282950669527,-0.04138520918786526,-0.44460429809987545
2026-04-23 07:37:55.700,3509416.9903194685,779141.1187949486,5250981.30120383,-63327.40963279763,41.45274867807532,0.6610006792470813,-0.366758651798591,-1.1652247980237007
2026-04-23 07:37:55.800,3509417.039815267,779141.0996114294,5250981.20626859,-63332.03562287313,41.33095718760932,0.4949579853564501,-0.19183519179932773,-0.9493524022400379
2026-04-23 07:37:55.900,3509417.029928869,779141.0662070755,5250981.039858722,-63336.7217157178,41.12208051767402,-0.0988639798015356,-0.33404353889636695,-1.6640986781567335
2026-04-23 07:37:56.000,3509416.995016981,779141.0748976185,5250980.95561872,-63341.40492495093,41.1593906464813,-0.3491188818588853,0.08690543007105589,-0.8424000255763531
2026-04-23 07:37:56.100,3509417.0737486766,779141.058141968,5250980.8475056505,-63346.07836206202,40.87906655876801,0.7873169565573335,-0.16755650518462062,-1.0811306908726692
2026-04-23 07:37:56.200,3509417.161938726,779141.066793662,5250980.8011535555,-63350.6774723912,40.02640595660369,0.8819004939869046,0.08651694050058722,-0.4635209497064352
2026-04-23 07:37:56.300,3509417.2683510305,779141.107875824,5250980.812002023,-63355.275743116494,39.50719911332845,1.0641230456531048,0.4108216194435954,0.10848467238247395
2026-04-23 07:37:56.400,3509417.3559278543,779141.0979576269,5250980.8433298115,-63359.88036472632,38.885413500220125,0.875768237747252,-0.09918197058141232,0.3132778871804476
2026-04-23 07:37:56.500,3509417.412920053,779141.0472030813,5250980.79225367,-63364.56128707681,38.062902207791105,0.5699219880625606,-0.5075454560574144,-0.5107614118605852
2026-04-23 07:37:56.600,3509417.4503503623,779141.0427519439,5250980.872798431,-63369.202218475606,37.676009096576266,0.3743030922487378,-0.04451137385331094,0.8054476045072079
2026-04-23 07:37:56.700,3509417.5167880766,779141.0083512086,5250980.967291459,-63373.821299350624,37.41129790103246,0.664377142675221,-0.3440073528327048,0.944930287078023
2026-04-23 07:37:56.800,3509417.598629638,779140.9804339345,5250980.953651637,-63378.49829681481,37.119455056240426,0.8184156147763133,-0.2791727415751666,-0.13639822602272034
2026-04-23 07:37:56.900,3509417.598427536,779140.9291461841,5250980.809111112,-63383.30600973494,36.83969670297186,-0.0020210212096571922,-0.5128775036428124,-1.445405250415206
2026-04-23 07:37:57.000,3509417.5939558833,779140.8883831119,5250980.699339782,-63388.11767279193,36.7515800994267,-0.04471652675420046,-0.40763072203844786,-1.0977132990956306
2026-04-23 07:37:57.100,3509417.655711473,779140.8450877307,5250980.758379474,-63392.81664304521,36.879002778161514,0.6175558967515826,-0.43295381241478026,0.5903969239443541
2026-04-23 07:37:57.200,3509417.700712213,779140.807601484,5250980.701590658,-63397.58699263023,36.60455719551815,0.45000739861279726,-0.374862466705963,-0.5678881611675024
2026-04-23 07:37:57.300,3509417.6860853815,779140.7751139073,5250980.648331525,-63402.37404365743,36.41930100106724,-0.14626831281930208,-0.3248757671099156,-0.5325913336127996
2026-04-23 07:37:57.400,3509417.6673149085,779140.7266932483,5250980.708447704,-63407.11695930645,36.68647805073059,-0.18770473077893257,-0.48420659033581614,0.6011617928743362
2026-04-23 07:37:57.500,3509417.7314466136,779140.6232623598,5250980.710684757,-63411.82541135675,36.89288307443708,0.6413170509040356,-1.0343088849913329,0.02237052656710148
2026-04-23 07:37:57.600,3509417.7441919455,779140.537772392,5250980.664013167,-63416.612449694236,36.940109300772555,0.12745331972837448,-0.854899677215144,-0.46671589836478233
2026-04-23 07:37:57.700,3509417.7536203624,779140.4694230485,5250980.64606387,-63421.407812511294,37.0144999194987,0.09428416844457388,-0.6834934349171817,-0.17949297092854977
2026-04-23 07:37:57.800,3509417.7664965317,779140.4302796302,5250980.655121165,-63426.15463056624,36.84993323866796,0.1287616929039359,-0.3914341831114143,0.09057295508682728
2026-04-23 07:37:57.900,3509417.7936383155,779140.416265192,5250980.701063611,-63430.86417745451,36.611326151924956,0.27141783852130175,-0.1401443826034665,0.45942445285618305
2026-04-23 07:37:58.000,3509417.79026151,779140.4090984728,5250980.724205087,-63435.62527008029,36.555343138635436,-0.03376805689185858,-0.071667191805318,0.23141476325690746
2026-04-23 07:37:58.100,3509417.774771218,779140.4456456463,5250980.641353702,-63440.405644775165,36.955549509418226,-0.15490291640162468,0.3654717351309955,-0.8285138476639986
2026-04-23 07:37:58.200,3509417.7453867276,779140.5108690006,5250980.626208008,-63445.172624757826,37.06474218739247,-0.29384490568190813,0.6522335426416248,-0.1514569390565157
2026-04-23 07:37:58.300,3509417.690981376,779140.5735246742,5250980.643043319,-63449.933097567344,37.17478364999893,-0.5440535163506866,0.6265567359514534,0.16835310496389866
2026-04-23 07:37:58.400,3509417.6734522935,779140.6076272965,5250980.704762009,-63454.663211852676,37.38078407696943,-0.17529082484543324,0.34102622303180397,0.6171869020909071
2026-04-23 07:37:58.500,3509417.704823203,779140.5999942108,5250980.695816124,-63459.40727757993,37.521185011687116,0.3137090941891074,-0.07633085711859167,-0.08945885114371777
2026-04-23 07:37:58.600,3509417.655070524,779140.6383013657,5250980.712469355,-63464.1783384206,37.70757229301291,-0.49752678722143173,0.3830715490039438,0.16653231345117092
2026-04-23 07:37:58.700,3509417.613702859,779140.6632796996,5250980.645944034,-63468.97853715902,37.74464202632162,-0.4136766539886594,0.24978333967737854,-0.6652532145380974
2026-04-23 07:37:58.800,3509417.5799047793,779140.6967033246,5250980.644250823,-63473.72728416615,37.748740249227595,-0.3379807947203517,0.3342362493276596,-0.016932105645537376
2026-04-23 07:37:58.900,3509417.5608996116,779140.779834591,5250980.656400491,-63478.46745018007,37.92781257761775,-0.1900516776368022,0.8313126640859991,0.12149667367339134
2026-04-23 07:37:59.000,3509417.537045372,779140.8776714087,5250980.648414865,-63483.250283722686,37.925855272478806,-0.23854239378124475,0.978368177311495,-0.0798562541604042
2026-04-23 07:37:59.100,3509417.5581208584,779140.9390258213,5250980.767351214,-63487.980527288055,37.95975294482666,0.21075486205518246,0.6135441258084029,1.1893634870648384
2026-04-23 07:37:59.200,3509417.6164178834,779140.9776900192,5250980.8958014725,-63492.682806486446,38.07129031980493,0.5829702503979206,0.38664197898469865,1.284502586349845
2026-04-23 07:37:59.300,3509417.6661183275,779141.0213071934,5250981.056807234,-63497.374990637516,38.094786972894376,0.49700444098562,0.43617174262180924,1.6100576147437096
2026-04-23 07:37:59.400,3509417.671222408,779141.1084376487,5250981.187087181,-63502.09924893148,37.88247496287501,0.05104080308228731,0.8713045530021191,1.3027994707226753
2026-04-23 07:37:59.500,3509418.046945277,779140.2788968008,5250981.504833508,-63506.31187208357,39.767476336959206,3.7572286929935217,-8.295408479170874,3.177463272586465
2026-04-23 07:37:59.600,3509418.1140703256,779140.3449855787,5250981.599674005,-63510.99440644333,39.48260812150261,0.6712504848837852,0.6608877785038203,0.9484049677848816
2026-04-23 07:37:59.700,3509418.148081591,779140.3925379687,5250981.639079989,-63515.698654952306,39.23260215772175,0.3401126526296139,0.4755239002406597,0.3940598387271166
2026-04-23 07:37:59.800,3509418.1206428884,779140.4109968327,5250981.572172183,-63520.49870563248,39.018221970385156,-0.27438702527433634,0.18458863953128457,-0.6690780632197857
2026-04-23 07:37:59.900,3509418.0734495576,779140.4361828632,5250981.542065094,-63525.29769275998,38.72288537906086,-0.47193330712616444,0.2518603054340929,-0.3010708838701248
2026-04-23 07:38:00.000,3509418.0860214145,779140.4481353194,5250981.528594872,-63530.04529684507,38.62120550124702,0.1257185684517026,0.1195245620328933,-0.13470222242176533
