% program   : RTKPOST-EX 2.5.0
% inp file  : C:\Users\holge\git\GNSS_IMU\data\run3.obs
% inp file  : C:\Users\holge\git\GNSS_IMU\data\b32800DNK_R_20261130700_01H_01S_MO.rnx
% inp file  : C:\Users\holge\git\GNSS_IMU\data\b32800DNK_R_20261130700_01H_GN.rnx
% inp file  : C:\Users\holge\git\GNSS_IMU\data\COD0OPSRAP_20261130000_01D_05M_ORB.SP3
% obs start : 2026/04/23 07:38:00.0 GPST (week2415 373080.0s)
% obs end   : 2026/04/23 07:44:00.0 GPST (week2415 373440.0s)
% pos mode  : Kinematic
% freqs     : L1+L2/E5b+L5+L6
% solution  : Forward
% elev mask : 15.0 deg
% dynamics  : on
% tidecorr  : solid
% ionos opt : Iono-Free LC
% tropo opt : Saastamoinen
% ephemeris : Precise
% navi sys  : GPS GLONASS Galileo BDS
% amb res   : Fix and Hold
% amb glo   : Fix and Hold
% amb bds   : on
% val thres : 3.0
% antenna1  :                       ( 0.0000  0.0000  0.0762)
% antenna2  :                       ( 0.0000  0.0000  0.2567)
% ref pos   :   3509449.0069    779054.7259   5250988.6520
%
% (x/y/z-ecef=WGS84,Q=1:fix,2:float,3:sbas,4:dgps,5:single,6:ppp,ns=# of satellites)
%  GPST                      x-ecef(m)      y-ecef(m)      z-ecef(m)   Q  ns   sdx(m)   sdy(m)   sdz(m)  sdxy(m)  sdyz(m)  sdzx(m) age(s)  ratio
2026/04/23 07:38:00.000   3509417.0769    779143.5738   5250974.1216   2   8   6.2783   3.7844   8.0996   2.8557   3.2953   5.3395   0.00    0.0
2026/04/23 07:38:00.100   3509417.1908    779143.6027   5250974.3259   2   8   4.5841   2.7126   5.8979   2.0780   2.4041   3.9314   0.10    0.0
2026/04/23 07:38:00.200   3509417.2854    779143.6318   5250974.4961   2   8   3.7850   2.2252   4.8651   1.7139   1.9844   3.2555   0.20    0.0
2026/04/23 07:38:00.300   3509417.3691    779143.6594   5250974.6032   2   8   3.2967   1.9316   4.2352   1.4919   1.7281   2.8397   0.30    0.0
2026/04/23 07:38:00.400   3509417.3989    779143.6985   5250974.6306   2   8   2.9589   1.7301   3.7999   1.3386   1.5508   2.5509   0.40    0.0
2026/04/23 07:38:00.500   3509417.3997    779143.7291   5250974.6500   2   8   2.7073   1.5809   3.4760   1.2245   1.4188   2.3354  -0.50    0.0
2026/04/23 07:38:00.600   3509417.3680    779143.7568   5250974.6611   2   8   2.5106   1.4646   3.2229   1.1354   1.3156   2.1666  -0.40    0.0
2026/04/23 07:38:00.700   3509417.3530    779143.8016   5250974.6626   2   8   2.3514   1.3707   3.0180   1.0632   1.2320   2.0298  -0.30    0.0
2026/04/23 07:38:00.800   3509417.3558    779143.8486   5250974.6972   2   8   2.2191   1.2928   2.8477   1.0033   1.1626   1.9159  -0.20    0.0
2026/04/23 07:38:00.900   3509417.3715    779143.9052   5250974.7481   2   8   2.1068   1.2269   2.7032   0.9525   1.1036   1.8193  -0.10    0.0
2026/04/23 07:38:01.000   3509417.3958    779143.9687   5250974.7841   2   8   2.0100   1.1701   2.5787   0.9086   1.0528   1.7359   0.00    0.0
2026/04/23 07:38:01.100   3509417.4002    779144.0460   5250974.7991   2   8   1.9254   1.1205   2.4698   0.8703   1.0084   1.6630   0.10    0.0
2026/04/23 07:38:01.200   3509417.4237    779144.1239   5250974.8258   2   8   1.8507   1.0767   2.3736   0.8365   0.9691   1.5985   0.20    0.0
2026/04/23 07:38:01.300   3509417.4495    779144.1914   5250974.8379   2   8   1.7840   1.0377   2.2878   0.8063   0.9341   1.5410   0.30    0.0
2026/04/23 07:38:01.400   3509417.4712    779144.2408   5250974.8486   2   8   1.7240   1.0026   2.2106   0.7791   0.9026   1.4892   0.40    0.0
2026/04/23 07:38:01.500   3509417.5068    779144.2847   5250974.8819   2   8   1.6697   0.9709   2.1406   0.7546   0.8741   1.4423  -0.50    0.0
2026/04/23 07:38:01.600   3509417.5284    779144.3227   5250974.9026   2   8   1.6202   0.9420   2.0769   0.7321   0.8480   1.3995  -0.40    0.0
2026/04/23 07:38:01.700   3509417.5666    779144.3589   5250974.9218   2   8   1.5685   0.9147   2.0125   0.7155   0.8278   1.3522  -0.30    0.0
2026/04/23 07:38:01.800   3509417.6052    779144.4080   5250974.9335   2   8   1.5214   0.8896   1.9538   0.6998   0.8088   1.3094  -0.20    0.0
2026/04/23 07:38:01.900   3509417.6369    779144.4595   5250974.9208   2   8   1.4785   0.8665   1.9000   0.6849   0.7909   1.2705  -0.10    0.0
2026/04/23 07:38:02.000   3509417.6547    779144.5061   5250974.8834   2   8   1.4390   0.8452   1.8504   0.6708   0.7741   1.2348   0.00    0.0
2026/04/23 07:38:02.100   3509417.6756    779144.5472   5250974.8569   2   9   1.4024   0.8252   1.8044   0.6576   0.7583   1.2018   0.10    0.0
2026/04/23 07:38:02.200   3509417.6865    779144.5826   5250974.8231   2   9   1.3686   0.8067   1.7617   0.6449   0.7432   1.1715   0.20    0.0
2026/04/23 07:38:02.300   3509417.6959    779144.6149   5250974.7902   2   9   1.3372   0.7894   1.7220   0.6329   0.7290   1.1434   0.30    0.0
2026/04/23 07:38:02.400   3509417.7052    779144.6520   5250974.7577   2   9   1.3078   0.7732   1.6847   0.6215   0.7155   1.1172   0.40    0.0
2026/04/23 07:38:02.500   3509417.7091    779144.6931   5250974.7230   2   9   1.2803   0.7579   1.6498   0.6107   0.7026   1.0927  -0.50    0.0
2026/04/23 07:38:02.600   3509417.7078    779144.7333   5250974.6859   2   9   1.2545   0.7435   1.6169   0.6004   0.6904   1.0697  -0.40    0.0
2026/04/23 07:38:02.700   3509417.6993    779144.7719   5250974.6292   2   9   1.2302   0.7298   1.5859   0.5905   0.6788   1.0481  -0.30    0.0
2026/04/23 07:38:02.800   3509417.6849    779144.8132   5250974.5703   2   9   1.2073   0.7169   1.5566   0.5811   0.6677   1.0277  -0.20    0.0
2026/04/23 07:38:02.900   3509417.6781    779144.8533   5250974.5451   2   9   1.1856   0.7047   1.5288   0.5721   0.6571   1.0085  -0.10    0.0
2026/04/23 07:38:03.000   3509417.6696    779144.8888   5250974.5168   2   9   1.1650   0.6931   1.5024   0.5635   0.6469   0.9903   0.00    0.0
2026/04/23 07:38:03.100   3509417.6612    779144.9162   5250974.4812   2   9   1.1454   0.6820   1.4773   0.5553   0.6372   0.9730   0.10    0.0
2026/04/23 07:38:03.200   3509417.6591    779144.9323   5250974.4563   2   9   1.1268   0.6714   1.4533   0.5474   0.6279   0.9566   0.20    0.0
2026/04/23 07:38:03.300   3509417.6579    779144.9346   5250974.4338   2   9   1.1091   0.6613   1.4305   0.5398   0.6189   0.9410   0.30    0.0
2026/04/23 07:38:03.400   3509417.6571    779144.9272   5250974.4174   2   9   1.0922   0.6516   1.4087   0.5325   0.6104   0.9261   0.40    0.0
2026/04/23 07:38:03.500   3509417.6574    779144.9165   5250974.4035   2   9   1.0760   0.6424   1.3878   0.5255   0.6021   0.9118  -0.50    0.0
2026/04/23 07:38:03.600   3509417.6536    779144.9045   5250974.3919   2   9   1.0605   0.6335   1.3678   0.5187   0.5941   0.8982  -0.40    0.0
2026/04/23 07:38:03.700   3509417.6473    779144.8973   5250974.3772   2   9   1.0457   0.6250   1.3485   0.5122   0.5865   0.8851  -0.30    0.0
2026/04/23 07:38:03.800   3509417.6448    779144.8932   5250974.3634   2   9   1.0315   0.6168   1.3301   0.5059   0.5790   0.8726  -0.20    0.0
2026/04/23 07:38:03.900   3509417.6413    779144.8922   5250974.3503   2   9   1.0178   0.6089   1.3123   0.4998   0.5719   0.8606  -0.10    0.0
2026/04/23 07:38:04.000   3509417.6368    779144.8900   5250974.3352   2   9   1.0047   0.6014   1.2952   0.4939   0.5650   0.8490   0.00    0.0
2026/04/23 07:38:04.100   3509417.6231    779144.8876   5250974.3112   2   9   0.9920   0.5940   1.2787   0.4883   0.5583   0.8379   0.10    0.0
2026/04/23 07:38:04.200   3509417.6081    779144.8843   5250974.2856   2   9   0.9798   0.5870   1.2628   0.4828   0.5518   0.8272   0.20    0.0
2026/04/23 07:38:04.300   3509417.6019    779144.8858   5250974.2676   2   9   0.9681   0.5802   1.2474   0.4774   0.5455   0.8169   0.30    0.0
2026/04/23 07:38:04.400   3509417.5883    779144.8882   5250974.2487   2   9   0.9567   0.5736   1.2325   0.4723   0.5395   0.8069   0.40    0.0
2026/04/23 07:38:04.500   3509417.5740    779144.8913   5250974.2260   2   9   0.9457   0.5672   1.2182   0.4673   0.5336   0.7973  -0.50    0.0
2026/04/23 07:38:04.600   3509417.5572    779144.8938   5250974.1991   2   9   0.9351   0.5611   1.2043   0.4624   0.5278   0.7879  -0.40    0.0
2026/04/23 07:38:04.700   3509417.5409    779144.8961   5250974.1732   2   9   0.9249   0.5551   1.1908   0.4577   0.5223   0.7789  -0.30    0.0
2026/04/23 07:38:04.800   3509417.5244    779144.8987   5250974.1540   2   9   0.9149   0.5493   1.1777   0.4531   0.5169   0.7702  -0.20    0.0
2026/04/23 07:38:04.900   3509417.5086    779144.9007   5250974.1378   2   9   0.9053   0.5437   1.1650   0.4487   0.5116   0.7617  -0.10    0.0
2026/04/23 07:38:05.000   3509417.4885    779144.9003   5250974.1139   2   9   0.8960   0.5383   1.1527   0.4444   0.5065   0.7535   0.00    0.0
2026/04/23 07:38:05.100   3509417.4711    779144.8999   5250974.0959   2   9   0.8869   0.5330   1.1407   0.4401   0.5015   0.7456   0.10    0.0
2026/04/23 07:38:05.200   3509417.4512    779144.8967   5250974.0784   2   9   0.8781   0.5278   1.1291   0.4360   0.4967   0.7378   0.20    0.0
2026/04/23 07:38:05.300   3509417.4305    779144.8921   5250974.0602   2   9   0.8696   0.5228   1.1178   0.4320   0.4919   0.7303   0.30    0.0
2026/04/23 07:38:05.400   3509417.4167    779144.8902   5250974.0483   2   9   0.8613   0.5180   1.1068   0.4281   0.4873   0.7230   0.40    0.0
2026/04/23 07:38:05.500   3509417.4029    779144.8894   5250974.0376   2   9   0.8532   0.5132   1.0961   0.4243   0.4828   0.7159  -0.50    0.0
2026/04/23 07:38:05.600   3509417.3826    779144.8863   5250974.0236   2   9   0.8454   0.5086   1.0856   0.4206   0.4784   0.7090  -0.40    0.0
2026/04/23 07:38:05.700   3509417.3679    779144.8847   5250974.0156   2   9   0.8377   0.5041   1.0754   0.4170   0.4741   0.7022  -0.30    0.0
2026/04/23 07:38:05.800   3509417.3501    779144.8821   5250974.0016   2   9   0.8302   0.4998   1.0655   0.4135   0.4699   0.6956  -0.20    0.0
2026/04/23 07:38:05.900   3509417.3412    779144.8820   5250973.9944   2   9   0.8230   0.4955   1.0558   0.4100   0.4658   0.6892  -0.10    0.0
2026/04/23 07:38:06.000   3509417.3302    779144.8812   5250973.9819   2   9   0.8159   0.4913   1.0463   0.4067   0.4618   0.6830   0.00    0.0
2026/04/23 07:38:06.100   3509417.3121    779144.8767   5250973.9650   2   9   0.8090   0.4873   1.0371   0.4034   0.4579   0.6769   0.10    0.0
2026/04/23 07:38:06.200   3509417.2901    779144.8715   5250973.9494   2   9   0.8023   0.4833   1.0280   0.4002   0.4541   0.6709   0.20    0.0
2026/04/23 07:38:06.300   3509417.2665    779144.8661   5250973.9312   2   9   0.7957   0.4795   1.0192   0.3970   0.4503   0.6651   0.30    0.0
2026/04/23 07:38:06.400   3509417.2393    779144.8580   5250973.9040   2   9   0.7893   0.4757   1.0106   0.3939   0.4467   0.6594   0.40    0.0
2026/04/23 07:38:06.500   3509417.2135    779144.8493   5250973.8771   2   9   0.7830   0.4720   1.0021   0.3909   0.4431   0.6539  -0.50    0.0
2026/04/23 07:38:06.600   3509417.1869    779144.8387   5250973.8409   2   9   0.7768   0.4684   0.9938   0.3880   0.4395   0.6485  -0.40    0.0
2026/04/23 07:38:06.700   3509417.1563    779144.8257   5250973.8030   2   9   0.7709   0.4648   0.9857   0.3851   0.4361   0.6431  -0.30    0.0
2026/04/23 07:38:06.800   3509417.1261    779144.8113   5250973.7702   2   9   0.7650   0.4614   0.9778   0.3822   0.4327   0.6379  -0.20    0.0
2026/04/23 07:38:06.900   3509417.0953    779144.7961   5250973.7317   2   9   0.7592   0.4580   0.9700   0.3794   0.4294   0.6328  -0.10    0.0
2026/04/23 07:38:07.000   3509417.0696    779144.7839   5250973.7012   2   9   0.7536   0.4547   0.9624   0.3767   0.4261   0.6279   0.00    0.0
2026/04/23 07:38:07.100   3509417.0457    779144.7707   5250973.6755   2   9   0.7481   0.4514   0.9550   0.3740   0.4229   0.6230   0.10    0.0
2026/04/23 07:38:07.200   3509417.0175    779144.7552   5250973.6405   2   9   0.7427   0.4482   0.9476   0.3714   0.4197   0.6182   0.20    0.0
2026/04/23 07:38:07.300   3509416.9851    779144.7383   5250973.6060   2   9   0.7375   0.4451   0.9405   0.3688   0.4167   0.6135   0.30    0.0
2026/04/23 07:38:07.400   3509416.9522    779144.7208   5250973.5678   2   9   0.7323   0.4421   0.9334   0.3663   0.4136   0.6089   0.40    0.0
2026/04/23 07:38:07.500   3509416.9198    779144.7024   5250973.5315   2   9   0.7272   0.4391   0.9265   0.3638   0.4106   0.6044  -0.50    0.0
2026/04/23 07:38:07.600   3509416.8893    779144.6847   5250973.4938   2   9   0.7223   0.4361   0.9197   0.3614   0.4077   0.5999  -0.40    0.0
2026/04/23 07:38:07.700   3509416.8619    779144.6676   5250973.4598   2   9   0.7174   0.4332   0.9130   0.3590   0.4048   0.5956  -0.30    0.0
2026/04/23 07:38:07.800   3509416.8321    779144.6498   5250973.4221   2   9   0.7126   0.4304   0.9065   0.3567   0.4020   0.5913  -0.20    0.0
2026/04/23 07:38:07.900   3509416.7979    779144.6281   5250973.3710   2   9   0.7079   0.4276   0.9000   0.3544   0.3992   0.5871  -0.10    0.0
2026/04/23 07:38:08.000   3509416.7668    779144.6079   5250973.3236   2   9   0.7033   0.4249   0.8937   0.3521   0.3965   0.5830   0.00    0.0
2026/04/23 07:38:08.100   3509416.7362    779144.5878   5250973.2759   2   9   0.6988   0.4222   0.8875   0.3499   0.3938   0.5790   0.10    0.0
2026/04/23 07:38:08.200   3509416.7075    779144.5683   5250973.2333   2   9   0.6944   0.4196   0.8814   0.3477   0.3911   0.5750   0.20    0.0
2026/04/23 07:38:08.300   3509416.6791    779144.5482   5250973.1870   2   9   0.6900   0.4170   0.8753   0.3455   0.3885   0.5711   0.30    0.0
2026/04/23 07:38:08.400   3509416.6445    779144.5254   5250973.1335   2   9   0.6857   0.4145   0.8694   0.3434   0.3859   0.5672   0.40    0.0
2026/04/23 07:38:08.500   3509416.6094    779144.5023   5250973.0787   2   9   0.6815   0.4120   0.8636   0.3413   0.3834   0.5635  -0.50    0.0
2026/04/23 07:38:08.600   3509416.5705    779144.4796   5250973.0189   2   9   0.6774   0.4095   0.8579   0.3393   0.3809   0.5597  -0.40    0.0
2026/04/23 07:38:08.700   3509416.5363    779144.4576   5250972.9645   2   9   0.6733   0.4071   0.8522   0.3372   0.3785   0.5561  -0.30    0.0
2026/04/23 07:38:08.800   3509416.4997    779144.4349   5250972.9097   2   9   0.6693   0.4047   0.8467   0.3352   0.3760   0.5525  -0.20    0.0
2026/04/23 07:38:08.900   3509416.4705    779144.4144   5250972.8628   2   9   0.6654   0.4024   0.8412   0.3333   0.3737   0.5489  -0.10    0.0
2026/04/23 07:38:09.000   3509416.4434    779144.3942   5250972.8210   2   9   0.6615   0.4001   0.8358   0.3313   0.3713   0.5454   0.00    0.0
2026/04/23 07:38:09.100   3509416.4176    779144.3750   5250972.7830   2   9   0.6577   0.3979   0.8305   0.3294   0.3690   0.5420   0.10    0.0
2026/04/23 07:38:09.200   3509416.3958    779144.3569   5250972.7532   2   9   0.6540   0.3956   0.8252   0.3276   0.3667   0.5386   0.20    0.0
2026/04/23 07:38:09.300   3509416.3781    779144.3413   5250972.7307   2   9   0.6503   0.3934   0.8201   0.3257   0.3644   0.5353   0.30    0.0
2026/04/23 07:38:09.400   3509416.3648    779144.3261   5250972.7161   2   9   0.6467   0.3913   0.8150   0.3239   0.3622   0.5320   0.40    0.0
2026/04/23 07:38:09.500   3509416.3522    779144.3109   5250972.6981   2   9   0.6431   0.3892   0.8100   0.3221   0.3600   0.5288  -0.50    0.0
2026/04/23 07:38:09.600   3509416.3444    779144.2978   5250972.6866   2   9   0.6396   0.3871   0.8050   0.3203   0.3578   0.5256  -0.40    0.0
2026/04/23 07:38:09.700   3509416.3380    779144.2850   5250972.6822   2   9   0.6361   0.3850   0.8002   0.3186   0.3557   0.5224  -0.30    0.0
2026/04/23 07:38:09.800   3509416.3326    779144.2719   5250972.6761   2   9   0.6327   0.3830   0.7953   0.3169   0.3536   0.5193  -0.20    0.0
2026/04/23 07:38:09.900   3509416.3277    779144.2589   5250972.6718   2   9   0.6294   0.3810   0.7906   0.3152   0.3515   0.5163  -0.10    0.0
2026/04/23 07:38:10.000   3509416.3218    779144.2459   5250972.6644   2   9   0.6260   0.3790   0.7859   0.3135   0.3494   0.5132   0.00    0.0
2026/04/23 07:38:10.100   3509416.3210    779144.2353   5250972.6634   2   9   0.6228   0.3771   0.7813   0.3119   0.3474   0.5103   0.10    0.0
2026/04/23 07:38:10.200   3509416.3208    779144.2241   5250972.6646   2   9   0.6196   0.3752   0.7767   0.3102   0.3454   0.5073   0.20    0.0
2026/04/23 07:38:10.300   3509416.3203    779144.2137   5250972.6647   2   9   0.6164   0.3733   0.7722   0.3086   0.3434   0.5044   0.30    0.0
2026/04/23 07:38:10.400   3509416.3231    779144.2055   5250972.6661   2   9   0.6133   0.3714   0.7677   0.3070   0.3415   0.5016   0.40    0.0
2026/04/23 07:38:10.500   3509416.3263    779144.1967   5250972.6667   2   9   0.6102   0.3696   0.7634   0.3055   0.3395   0.4988  -0.50    0.0
2026/04/23 07:38:10.600   3509416.3302    779144.1881   5250972.6684   2   9   0.6071   0.3678   0.7590   0.3039   0.3376   0.4960  -0.40    0.0
2026/04/23 07:38:10.700   3509416.3307    779144.1798   5250972.6691   2   9   0.6041   0.3660   0.7547   0.3024   0.3357   0.4932  -0.30    0.0
2026/04/23 07:38:10.800   3509416.3327    779144.1723   5250972.6742   2   9   0.6012   0.3642   0.7505   0.3009   0.3339   0.4905  -0.20    0.0
2026/04/23 07:38:10.900   3509416.3332    779144.1640   5250972.6768   2   9   0.5983   0.3625   0.7463   0.2994   0.3320   0.4878  -0.10    0.0
2026/04/23 07:38:11.000   3509416.3314    779144.1554   5250972.6786   2   9   0.5954   0.3608   0.7422   0.2979   0.3302   0.4852   0.00    0.0
2026/04/23 07:38:11.100   3509416.3264    779144.1468   5250972.6767   2   9   0.5925   0.3591   0.7381   0.2965   0.3284   0.4825   0.10    0.0
2026/04/23 07:38:11.200   3509416.3202    779144.1369   5250972.6741   2   9   0.5897   0.3574   0.7340   0.2950   0.3266   0.4800   0.20    0.0
2026/04/23 07:38:11.300   3509416.3156    779144.1264   5250972.6693   2   9   0.5870   0.3558   0.7300   0.2936   0.3248   0.4774   0.30    0.0
2026/04/23 07:38:11.400   3509416.3182    779144.1182   5250972.6750   2   9   0.5842   0.3541   0.7261   0.2922   0.3231   0.4749   0.40    0.0
2026/04/23 07:38:11.500   3509416.3240    779144.1116   5250972.6875   2   9   0.5815   0.3525   0.7222   0.2908   0.3213   0.4724  -0.50    0.0
2026/04/23 07:38:11.600   3509416.3291    779144.1053   5250972.7005   2   9   0.5789   0.3509   0.7183   0.2895   0.3196   0.4699  -0.40    0.0
2026/04/23 07:38:11.700   3509416.3360    779144.0991   5250972.7158   2   9   0.5762   0.3494   0.7145   0.2881   0.3179   0.4675  -0.30    0.0
2026/04/23 07:38:11.800   3509416.3437    779144.0939   5250972.7324   2   9   0.5736   0.3478   0.7107   0.2868   0.3163   0.4651  -0.20    0.0
2026/04/23 07:38:11.900   3509416.3532    779144.0890   5250972.7548   2   9   0.5711   0.3463   0.7070   0.2855   0.3146   0.4627  -0.10    0.0
2026/04/23 07:38:12.000   3509416.3621    779144.0854   5250972.7766   2   9   0.5685   0.3448   0.7033   0.2841   0.3130   0.4603   0.00    0.0
2026/04/23 07:38:12.100   3509416.3672    779144.0803   5250972.7946   2   9   0.5660   0.3433   0.6996   0.2828   0.3113   0.4580   0.10    0.0
2026/04/23 07:38:12.200   3509416.3774    779144.0759   5250972.8149   2   9   0.5635   0.3418   0.6960   0.2816   0.3097   0.4557   0.20    0.0
2026/04/23 07:38:12.300   3509416.3867    779144.0730   5250972.8373   2   9   0.5611   0.3403   0.6924   0.2803   0.3081   0.4534   0.30    0.0
2026/04/23 07:38:12.400   3509416.3957    779144.0706   5250972.8604   2   9   0.5587   0.3389   0.6889   0.2791   0.3066   0.4511   0.40    0.0
2026/04/23 07:38:12.500   3509416.4061    779144.0698   5250972.8859   2   9   0.5563   0.3375   0.6854   0.2778   0.3050   0.4489  -0.50    0.0
2026/04/23 07:38:12.600   3509416.4173    779144.0705   5250972.9150   2   9   0.5539   0.3361   0.6819   0.2766   0.3035   0.4467  -0.40    0.0
2026/04/23 07:38:12.700   3509416.4278    779144.0716   5250972.9423   2   9   0.5516   0.3347   0.6785   0.2754   0.3019   0.4445  -0.30    0.0
2026/04/23 07:38:12.800   3509416.4396    779144.0726   5250972.9685   2   9   0.5492   0.3333   0.6751   0.2742   0.3004   0.4424  -0.20    0.0
2026/04/23 07:38:12.900   3509416.4529    779144.0729   5250973.0004   2   9   0.5470   0.3319   0.6717   0.2730   0.2989   0.4402  -0.10    0.0
2026/04/23 07:38:13.000   3509416.4688    779144.0735   5250973.0323   2   9   0.5447   0.3306   0.6684   0.2718   0.2974   0.4381   0.00    0.0
2026/04/23 07:38:13.100   3509416.4869    779144.0769   5250973.0666   2   9   0.5425   0.3293   0.6651   0.2707   0.2960   0.4360   0.10    0.0
2026/04/23 07:38:13.200   3509416.5037    779144.0810   5250973.0994   2   9   0.5403   0.3279   0.6618   0.2695   0.2945   0.4339   0.20    0.0
2026/04/23 07:38:13.300   3509416.5203    779144.0852   5250973.1334   2   9   0.5381   0.3266   0.6585   0.2684   0.2930   0.4318   0.30    0.0
2026/04/23 07:38:13.400   3509416.5358    779144.0878   5250973.1644   2   9   0.5359   0.3253   0.6553   0.2672   0.2916   0.4298   0.40    0.0
2026/04/23 07:38:13.500   3509416.5529    779144.0919   5250973.2011   2   9   0.5338   0.3241   0.6522   0.2661   0.2902   0.4278  -0.50    0.0
2026/04/23 07:38:13.600   3509416.5686    779144.0960   5250973.2370   2   9   0.5316   0.3228   0.6490   0.2650   0.2888   0.4258  -0.40    0.0
2026/04/23 07:38:13.700   3509416.5840    779144.1004   5250973.2714   2   9   0.5295   0.3216   0.6459   0.2639   0.2874   0.4238  -0.30    0.0
2026/04/23 07:38:13.800   3509416.6007    779144.1053   5250973.3055   2   9   0.5275   0.3203   0.6428   0.2628   0.2860   0.4219  -0.20    0.0
2026/04/23 07:38:13.900   3509416.6200    779144.1111   5250973.3403   2   9   0.5254   0.3191   0.6397   0.2618   0.2846   0.4199  -0.10    0.0
2026/04/23 07:38:14.000   3509416.6426    779144.1188   5250973.3810   2   9   0.5234   0.3179   0.6367   0.2607   0.2833   0.4180   0.00    0.0
2026/04/23 07:38:14.100   3509416.6675    779144.1270   5250973.4221   2   9   0.5214   0.3167   0.6337   0.2596   0.2819   0.4161   0.10    0.0
2026/04/23 07:38:14.200   3509416.6935    779144.1347   5250973.4644   2   9   0.5194   0.3155   0.6307   0.2586   0.2806   0.4142   0.20    0.0
2026/04/23 07:38:14.300   3509416.7200    779144.1421   5250973.5110   2   9   0.5174   0.3143   0.6277   0.2576   0.2793   0.4123   0.30    0.0
2026/04/23 07:38:14.400   3509416.7467    779144.1496   5250973.5583   2   9   0.5155   0.3132   0.6248   0.2565   0.2780   0.4105   0.40    0.0
2026/04/23 07:38:14.500   3509416.7712    779144.1573   5250973.6034   2   9   0.5135   0.3120   0.6219   0.2555   0.2767   0.4086  -0.50    1.0
2026/04/23 07:38:14.600   3509416.7952    779144.1651   5250973.6482   2   9   0.5116   0.3109   0.6190   0.2545   0.2754   0.4068  -0.40    1.0
2026/04/23 07:38:14.700   3509416.8191    779144.1738   5250973.6934   2   9   0.5097   0.3097   0.6162   0.2535   0.2741   0.4050  -0.30    1.0
2026/04/23 07:38:14.800   3509416.8461    779144.1828   5250973.7399   2   9   0.5078   0.3086   0.6133   0.2525   0.2728   0.4032  -0.20    1.0
2026/04/23 07:38:14.900   3509416.8692    779144.1916   5250973.7827   2   9   0.5060   0.3075   0.6105   0.2516   0.2715   0.4014  -0.10    1.0
2026/04/23 07:38:15.000   3509416.8902    779144.2002   5250973.8238   2   9   0.5041   0.3064   0.6077   0.2506   0.2703   0.3997   0.00    1.0
2026/04/23 07:38:15.100   3509416.9110    779144.2090   5250973.8670   2   9   0.5023   0.3053   0.6050   0.2496   0.2691   0.3979   0.10    1.0
2026/04/23 07:38:15.200   3509416.9307    779144.2189   5250973.9104   2   9   0.5005   0.3042   0.6022   0.2487   0.2678   0.3962   0.20    1.0
2026/04/23 07:38:15.300   3509416.9468    779144.2272   5250973.9470   2   9   0.4987   0.3032   0.5995   0.2477   0.2666   0.3945   0.30    1.0
2026/04/23 07:38:15.400   3509416.9636    779144.2349   5250973.9853   2   9   0.4970   0.3021   0.5968   0.2468   0.2654   0.3928   0.40    1.0
2026/04/23 07:38:15.500   3509416.9830    779144.2427   5250974.0285   2   9   0.4952   0.3011   0.5942   0.2459   0.2642   0.3911  -0.50    1.0
2026/04/23 07:38:15.600   3509416.9969    779144.2487   5250974.0616   2   9   0.4935   0.3000   0.5915   0.2449   0.2630   0.3895  -0.40    1.0
2026/04/23 07:38:15.700   3509417.0118    779144.2549   5250974.0960   2   9   0.4917   0.2990   0.5889   0.2440   0.2618   0.3878  -0.30    1.0
2026/04/23 07:38:15.800   3509417.0268    779144.2616   5250974.1313   2   9   0.4900   0.2980   0.5863   0.2431   0.2606   0.3862  -0.20    1.0
2026/04/23 07:38:15.900   3509417.0440    779144.2681   5250974.1692   2   9   0.4883   0.2970   0.5837   0.2422   0.2595   0.3845  -0.10    1.0
2026/04/23 07:38:16.000   3509417.0600    779144.2732   5250974.2048   2   9   0.4867   0.2960   0.5811   0.2413   0.2583   0.3829   0.00    1.0
2026/04/23 07:38:16.100   3509417.0741    779144.2772   5250974.2378   2   9   0.4850   0.2950   0.5786   0.2405   0.2572   0.3813   0.10    1.0
2026/04/23 07:38:16.200   3509417.0892    779144.2809   5250974.2707   2   9   0.4833   0.2940   0.5760   0.2396   0.2560   0.3797   0.20    1.0
2026/04/23 07:38:16.300   3509417.1032    779144.2851   5250974.3016   2   9   0.4817   0.2930   0.5735   0.2387   0.2549   0.3781   0.30    1.0
2026/04/23 07:38:16.400   3509417.1171    779144.2890   5250974.3312   2   9   0.4801   0.2921   0.5710   0.2378   0.2538   0.3766   0.40    1.0
2026/04/23 07:38:16.500   3509417.1317    779144.2934   5250974.3601   2   9   0.4785   0.2911   0.5686   0.2370   0.2527   0.3750  -0.50    1.0
2026/04/23 07:38:16.600   3509417.1434    779144.2967   5250974.3849   2   9   0.4769   0.2902   0.5661   0.2361   0.2516   0.3735  -0.40    1.0
2026/04/23 07:38:16.700   3509417.1553    779144.3009   5250974.4092   2   9   0.4753   0.2892   0.5637   0.2353   0.2505   0.3720  -0.30    1.0
2026/04/23 07:38:16.800   3509417.1659    779144.3044   5250974.4314   2   9   0.4737   0.2883   0.5613   0.2345   0.2494   0.3705  -0.20    1.0
2026/04/23 07:38:16.900   3509417.1783    779144.3084   5250974.4560   2   9   0.4722   0.2874   0.5589   0.2336   0.2483   0.3689  -0.10    1.0
2026/04/23 07:38:17.000   3509417.1888    779144.3121   5250974.4803   2   9   0.4707   0.2865   0.5565   0.2328   0.2472   0.3675   0.00    1.0
2026/04/23 07:38:17.100   3509417.1987    779144.3151   5250974.5038   2   9   0.4691   0.2856   0.5541   0.2320   0.2461   0.3660   0.10    1.0
2026/04/23 07:38:17.200   3509417.2069    779144.3179   5250974.5241   2   9   0.4676   0.2847   0.5518   0.2312   0.2451   0.3645   0.20    1.0
2026/04/23 07:38:17.300   3509417.2161    779144.3205   5250974.5440   2   9   0.4661   0.2838   0.5494   0.2304   0.2440   0.3630   0.30    1.0
2026/04/23 07:38:17.400   3509417.2257    779144.3226   5250974.5626   2   9   0.4646   0.2829   0.5471   0.2296   0.2430   0.3616   0.40    1.0
2026/04/23 07:38:17.500   3509417.2357    779144.3256   5250974.5812   2   9   0.4632   0.2820   0.5449   0.2288   0.2420   0.3602  -0.50    1.0
2026/04/23 07:38:17.600   3509417.2450    779144.3281   5250974.5984   2   9   0.4617   0.2811   0.5426   0.2280   0.2409   0.3587  -0.40    1.0
2026/04/23 07:38:17.700   3509417.2555    779144.3318   5250974.6179   2   9   0.4602   0.2803   0.5403   0.2273   0.2399   0.3573  -0.30    1.0
2026/04/23 07:38:17.800   3509417.2648    779144.3348   5250974.6368   2   9   0.4588   0.2794   0.5381   0.2265   0.2389   0.3559  -0.20    1.0
2026/04/23 07:38:17.900   3509417.2735    779144.3384   5250974.6555   2   9   0.4574   0.2786   0.5358   0.2257   0.2379   0.3545  -0.10    1.0
2026/04/23 07:38:18.000   3509417.2833    779144.3427   5250974.6745   2   9   0.4560   0.2777   0.5336   0.2250   0.2369   0.3531   0.00    1.0
2026/04/23 07:38:18.100   3509417.2911    779144.3454   5250974.6882   2   9   0.4545   0.2769   0.5314   0.2242   0.2359   0.3518   0.10    1.0
2026/04/23 07:38:18.200   3509417.2963    779144.3476   5250974.6982   2   9   0.4531   0.2760   0.5292   0.2235   0.2349   0.3504   0.20    1.0
2026/04/23 07:38:18.300   3509417.3022    779144.3505   5250974.7127   2   9   0.4518   0.2752   0.5271   0.2227   0.2339   0.3490   0.30    1.0
2026/04/23 07:38:18.400   3509417.3086    779144.3542   5250974.7280   2   9   0.4504   0.2744   0.5249   0.2220   0.2329   0.3477   0.40    1.0
2026/04/23 07:38:18.500   3509417.3159    779144.3587   5250974.7413   2   9   0.4490   0.2736   0.5228   0.2212   0.2320   0.3464  -0.50    1.0
2026/04/23 07:38:18.600   3509417.3198    779144.3623   5250974.7506   2   9   0.4477   0.2728   0.5207   0.2205   0.2310   0.3450  -0.40    1.0
2026/04/23 07:38:18.700   3509417.3229    779144.3652   5250974.7612   2   9   0.4463   0.2720   0.5186   0.2198   0.2300   0.3437  -0.30    1.0
2026/04/23 07:38:18.800   3509417.3280    779144.3684   5250974.7742   2   9   0.4450   0.2712   0.5165   0.2191   0.2291   0.3424  -0.20    1.0
2026/04/23 07:38:18.900   3509417.3339    779144.3722   5250974.7878   2   9   0.4437   0.2704   0.5144   0.2184   0.2281   0.3411  -0.10    1.0
2026/04/23 07:38:19.000   3509417.3393    779144.3765   5250974.8024   2   9   0.4424   0.2696   0.5123   0.2177   0.2272   0.3398   0.00    1.0
2026/04/23 07:38:19.100   3509417.3464    779144.3814   5250974.8176   2   9   0.4411   0.2689   0.5103   0.2170   0.2263   0.3385   0.10    1.0
2026/04/23 07:38:19.200   3509417.3566    779144.3867   5250974.8366   2   9   0.4398   0.2681   0.5082   0.2163   0.2253   0.3373   0.20    1.0
2026/04/23 07:38:19.300   3509417.3693    779144.3930   5250974.8598   2   9   0.4385   0.2673   0.5062   0.2156   0.2244   0.3360   0.30    1.0
2026/04/23 07:38:19.400   3509417.3843    779144.3988   5250974.8835   2   9   0.4372   0.2666   0.5042   0.2149   0.2235   0.3347   0.40    1.0
2026/04/23 07:38:19.500   3509417.4007    779144.4052   5250974.9102   2   9   0.4359   0.2658   0.5022   0.2142   0.2226   0.3335  -0.50    1.0
2026/04/23 07:38:19.600   3509417.4156    779144.4107   5250974.9316   2   9   0.4347   0.2651   0.5002   0.2135   0.2217   0.3323  -0.40    1.0
2026/04/23 07:38:19.700   3509417.4304    779144.4159   5250974.9530   2   9   0.4334   0.2643   0.4982   0.2129   0.2208   0.3310  -0.30    1.0
2026/04/23 07:38:19.800   3509417.4447    779144.4205   5250974.9750   2   9   0.4322   0.2636   0.4963   0.2122   0.2199   0.3298  -0.20    1.0
2026/04/23 07:38:19.900   3509417.4564    779144.4249   5250974.9945   2   9   0.4310   0.2629   0.4943   0.2115   0.2190   0.3286  -0.10    1.0
2026/04/23 07:38:20.000   3509417.4670    779144.4293   5250975.0152   2   9   0.4298   0.2621   0.4924   0.2109   0.2181   0.3274   0.00    1.0
2026/04/23 07:38:20.100   3509417.4747    779144.4328   5250975.0328   2   9   0.4285   0.2614   0.4905   0.2102   0.2173   0.3262   0.10    1.0
2026/04/23 07:38:20.200   3509417.4782    779144.4347   5250975.0434   2   9   0.4273   0.2607   0.4886   0.2096   0.2164   0.3250   0.20    1.0
2026/04/23 07:38:20.300   3509417.4800    779144.4365   5250975.0535   2   9   0.4261   0.2600   0.4867   0.2089   0.2155   0.3238   0.30    1.0
2026/04/23 07:38:20.400   3509417.4795    779144.4374   5250975.0591   2   9   0.4250   0.2593   0.4848   0.2083   0.2147   0.3227   0.40    1.0
2026/04/23 07:38:20.500   3509417.4810    779144.4390   5250975.0657   2   9   0.4238   0.2586   0.4829   0.2076   0.2138   0.3215  -0.50    1.0
2026/04/23 07:38:20.600   3509417.4876    779144.4405   5250975.0789   2   9   0.4226   0.2579   0.4811   0.2070   0.2130   0.3203  -0.40    1.0
2026/04/23 07:38:20.700   3509417.4902    779144.4406   5250975.0853   2   9   0.4215   0.2572   0.4792   0.2064   0.2121   0.3192  -0.30    1.0
2026/04/23 07:38:20.800   3509417.4933    779144.4417   5250975.0936   2   9   0.4203   0.2565   0.4774   0.2058   0.2113   0.3180  -0.20    1.0
2026/04/23 07:38:20.900   3509417.4961    779144.4430   5250975.1030   2   9   0.4192   0.2558   0.4755   0.2051   0.2105   0.3169  -0.10    1.0
2026/04/23 07:38:21.000   3509417.4990    779144.4445   5250975.1137   2   9   0.4180   0.2552   0.4737   0.2045   0.2096   0.3158   0.00    1.0
2026/04/23 07:38:21.100   3509417.5069    779144.4475   5250975.1276   2   9   0.4169   0.2545   0.4719   0.2039   0.2088   0.3146   0.10    1.0
2026/04/23 07:38:21.200   3509417.5166    779144.4508   5250975.1409   2   9   0.4158   0.2538   0.4701   0.2033   0.2080   0.3135   0.20    1.0
2026/04/23 07:38:21.300   3509417.5242    779144.4536   5250975.1516   2   9   0.4146   0.2532   0.4683   0.2027   0.2072   0.3124   0.30    1.0
2026/04/23 07:38:21.400   3509417.5309    779144.4565   5250975.1591   2   9   0.4135   0.2525   0.4666   0.2021   0.2064   0.3113   0.40    1.0
2026/04/23 07:38:21.500   3509417.5382    779144.4596   5250975.1696   2   9   0.4124   0.2519   0.4648   0.2015   0.2056   0.3102  -0.50    1.0
2026/04/23 07:38:21.600   3509417.5466    779144.4630   5250975.1826   2   9   0.4114   0.2512   0.4631   0.2009   0.2048   0.3091  -0.40    1.0
2026/04/23 07:38:21.700   3509417.5539    779144.4655   5250975.1933   2   9   0.4103   0.2506   0.4613   0.2003   0.2040   0.3081  -0.30    1.0
2026/04/23 07:38:21.800   3509417.5611    779144.4680   5250975.2041   2   9   0.4092   0.2499   0.4596   0.1997   0.2032   0.3070  -0.20    1.0
2026/04/23 07:38:21.900   3509417.5690    779144.4706   5250975.2179   2   9   0.4081   0.2493   0.4579   0.1991   0.2024   0.3059  -0.10    1.0
2026/04/23 07:38:22.000   3509417.5765    779144.4725   5250975.2293   2   9   0.4070   0.2487   0.4562   0.1986   0.2016   0.3049   0.00    1.0
2026/04/23 07:38:22.100   3509417.5830    779144.4744   5250975.2413   2   9   0.4060   0.2480   0.4545   0.1980   0.2008   0.3038   0.10    1.0
2026/04/23 07:38:22.200   3509417.5877    779144.4756   5250975.2523   2   9   0.4049   0.2474   0.4528   0.1974   0.2001   0.3028   0.20    1.0
2026/04/23 07:38:22.300   3509417.5925    779144.4765   5250975.2646   2   9   0.4039   0.2468   0.4511   0.1968   0.1993   0.3017   0.30    1.0
2026/04/23 07:38:22.400   3509417.5998    779144.4786   5250975.2813   2   9   0.4029   0.2462   0.4494   0.1963   0.1985   0.3007   0.40    1.0
2026/04/23 07:38:22.500   3509417.6086    779144.4810   5250975.2985   2   9   0.4018   0.2456   0.4478   0.1957   0.1978   0.2997  -0.50    1.0
2026/04/23 07:38:22.600   3509417.6206    779144.4843   5250975.3187   2   9   0.4008   0.2450   0.4461   0.1952   0.1970   0.2986  -0.40    1.0
2026/04/23 07:38:22.700   3509417.6320    779144.4873   5250975.3381   2   9   0.3998   0.2444   0.4445   0.1946   0.1963   0.2976  -0.30    1.0
2026/04/23 07:38:22.800   3509417.6420    779144.4905   5250975.3587   2   9   0.3988   0.2438   0.4429   0.1941   0.1955   0.2966  -0.20    1.0
2026/04/23 07:38:22.900   3509417.6552    779144.4944   5250975.3815   2   9   0.3978   0.2432   0.4413   0.1935   0.1948   0.2956  -0.10    1.0
2026/04/23 07:38:23.000   3509417.6664    779144.4972   5250975.3998   2   9   0.3968   0.2426   0.4396   0.1930   0.1940   0.2946   0.00    1.0
2026/04/23 07:38:23.100   3509417.6779    779144.5007   5250975.4208   2   9   0.3958   0.2420   0.4380   0.1924   0.1933   0.2936   0.10    1.0
2026/04/23 07:38:23.200   3509417.6875    779144.5029   5250975.4369   2   9   0.3948   0.2414   0.4364   0.1919   0.1926   0.2926   0.20    1.0
2026/04/23 07:38:23.300   3509417.6973    779144.5053   5250975.4509   2   9   0.3938   0.2408   0.4349   0.1914   0.1919   0.2917   0.30    1.0
2026/04/23 07:38:23.400   3509417.7088    779144.5080   5250975.4665   2   9   0.3928   0.2403   0.4333   0.1908   0.1911   0.2907   0.40    1.0
2026/04/23 07:38:23.500   3509417.7205    779144.5098   5250975.4839   2   9   0.3919   0.2397   0.4317   0.1903   0.1904   0.2897  -0.50    1.0
2026/04/23 07:38:23.600   3509417.7328    779144.5120   5250975.5022   2   9   0.3909   0.2391   0.4302   0.1898   0.1897   0.2888  -0.40    1.0
2026/04/23 07:38:23.700   3509417.7398    779144.5132   5250975.5133   2   9   0.3899   0.2386   0.4286   0.1893   0.1890   0.2878  -0.30    1.0
2026/04/23 07:38:23.800   3509417.7508    779144.5148   5250975.5276   2   9   0.3890   0.2380   0.4271   0.1887   0.1883   0.2868  -0.20    1.0
2026/04/23 07:38:23.900   3509417.7600    779144.5159   5250975.5392   2   9   0.3881   0.2374   0.4256   0.1882   0.1876   0.2859  -0.10    1.0
2026/04/23 07:38:24.000   3509417.7691    779144.5171   5250975.5496   2   9   0.3871   0.2369   0.4240   0.1877   0.1869   0.2850   0.00    1.0
2026/04/23 07:38:24.100   3509417.7799    779144.5188   5250975.5633   2   9   0.3862   0.2363   0.4225   0.1872   0.1862   0.2840   0.10    1.0
2026/04/23 07:38:24.200   3509417.7928    779144.5216   5250975.5802   2   9   0.3852   0.2358   0.4210   0.1867   0.1855   0.2831   0.20    1.0
2026/04/23 07:38:24.300   3509417.8052    779144.5235   5250975.5964   2   9   0.3843   0.2352   0.4195   0.1862   0.1848   0.2822   0.30    1.1
2026/04/23 07:38:24.400   3509417.8161    779144.5263   5250975.6119   2   9   0.3834   0.2347   0.4181   0.1857   0.1841   0.2812   0.40    1.1
2026/04/23 07:38:24.500   3509417.8295    779144.5300   5250975.6322   2   9   0.3825   0.2342   0.4166   0.1852   0.1835   0.2803  -0.50    1.1
2026/04/23 07:38:24.600   3509417.8414    779144.5333   5250975.6507   2   9   0.3816   0.2336   0.4151   0.1847   0.1828   0.2794  -0.40    1.1
2026/04/23 07:38:24.700   3509417.8521    779144.5362   5250975.6683   2   9   0.3807   0.2331   0.4137   0.1842   0.1821   0.2785  -0.30    1.1
2026/04/23 07:38:24.800   3509417.8657    779144.5404   5250975.6897   2   9   0.3798   0.2326   0.4122   0.1837   0.1814   0.2776  -0.20    1.1
2026/04/23 07:38:24.900   3509417.8750    779144.5431   5250975.7057   2   9   0.3789   0.2320   0.4108   0.1832   0.1808   0.2767  -0.10    1.1
2026/04/23 07:38:25.000   3509417.8850    779144.5460   5250975.7231   2   9   0.3780   0.2315   0.4093   0.1827   0.1801   0.2758   0.00    1.1
2026/04/23 07:38:25.100   3509417.8962    779144.5489   5250975.7407   2   9   0.3771   0.2310   0.4079   0.1823   0.1795   0.2750   0.10    1.1
2026/04/23 07:38:25.200   3509417.9056    779144.5509   5250975.7571   2   9   0.3763   0.2305   0.4065   0.1818   0.1788   0.2741   0.20    1.1
2026/04/23 07:38:25.300   3509417.9149    779144.5520   5250975.7736   2   9   0.3754   0.2300   0.4050   0.1813   0.1782   0.2732   0.30    1.1
2026/04/23 07:38:25.400   3509417.9226    779144.5537   5250975.7898   2   9   0.3745   0.2294   0.4036   0.1808   0.1775   0.2723   0.40    1.1
2026/04/23 07:38:25.500   3509417.9297    779144.5549   5250975.8019   2   9   0.3737   0.2289   0.4023   0.1804   0.1769   0.2715  -0.50    1.1
2026/04/23 07:38:25.600   3509417.9326    779144.5547   5250975.8110   2   9   0.3728   0.2284   0.4009   0.1799   0.1762   0.2706  -0.40    1.1
2026/04/23 07:38:25.700   3509417.9341    779144.5543   5250975.8184   2   9   0.3719   0.2279   0.3995   0.1794   0.1756   0.2698  -0.30    1.1
2026/04/23 07:38:25.800   3509417.9332    779144.5532   5250975.8242   2   9   0.3711   0.2274   0.3981   0.1790   0.1750   0.2689  -0.20    1.1
2026/04/23 07:38:25.900   3509417.9289    779144.5510   5250975.8234   2   9   0.3703   0.2269   0.3967   0.1785   0.1743   0.2681  -0.10    1.1
2026/04/23 07:38:26.000   3509417.9280    779144.5501   5250975.8264   2   9   0.3694   0.2264   0.3954   0.1781   0.1737   0.2672   0.00    1.1
2026/04/23 07:38:26.100   3509417.9229    779144.5476   5250975.8246   2   9   0.3686   0.2259   0.3940   0.1776   0.1731   0.2664   0.10    1.1
2026/04/23 07:38:26.200   3509417.9169    779144.5445   5250975.8214   2   9   0.3678   0.2255   0.3927   0.1771   0.1725   0.2656   0.20    1.1
2026/04/23 07:38:26.300   3509417.9127    779144.5414   5250975.8194   2   9   0.3669   0.2250   0.3913   0.1767   0.1718   0.2647   0.30    1.1
2026/04/23 07:38:26.400   3509417.9111    779144.5388   5250975.8176   2   9   0.3661   0.2245   0.3900   0.1762   0.1712   0.2639   0.40    1.1
2026/04/23 07:38:26.500   3509417.9099    779144.5369   5250975.8176   2   9   0.3653   0.2240   0.3887   0.1758   0.1706   0.2631  -0.50    1.1
2026/04/23 07:38:26.600   3509417.9098    779144.5350   5250975.8166   2   9   0.3645   0.2235   0.3874   0.1754   0.1700   0.2623  -0.40    1.1
2026/04/23 07:38:26.700   3509417.9116    779144.5341   5250975.8205   2   9   0.3637   0.2231   0.3861   0.1749   0.1694   0.2615  -0.30    1.1
2026/04/23 07:38:26.800   3509417.9128    779144.5326   5250975.8213   2   9   0.3629   0.2226   0.3848   0.1745   0.1688   0.2607  -0.20    1.1
2026/04/23 07:38:26.900   3509417.9161    779144.5320   5250975.8242   2   9   0.3621   0.2221   0.3835   0.1740   0.1682   0.2599  -0.10    1.1
2026/04/23 07:38:27.000   3509417.9218    779144.5322   5250975.8287   2   9   0.3613   0.2217   0.3822   0.1736   0.1676   0.2591   0.00    1.1
2026/04/23 07:38:27.100   3509417.9273    779144.5329   5250975.8356   2   9   0.3605   0.2212   0.3809   0.1732   0.1670   0.2583   0.10    1.1
2026/04/23 07:38:27.200   3509417.9322    779144.5339   5250975.8440   2   9   0.3597   0.2207   0.3796   0.1728   0.1664   0.2575   0.20    1.1
2026/04/23 07:38:27.300   3509417.9388    779144.5353   5250975.8545   2   9   0.3589   0.2203   0.3783   0.1723   0.1658   0.2567   0.30    1.1
2026/04/23 07:38:27.400   3509417.9447    779144.5370   5250975.8630   2   9   0.3582   0.2198   0.3771   0.1719   0.1653   0.2559   0.40    1.2
2026/04/23 07:38:27.500   3509417.9467    779144.5374   5250975.8679   2   9   0.3574   0.2194   0.3758   0.1715   0.1647   0.2552  -0.50    1.2
2026/04/23 07:38:27.600   3509417.9510    779144.5385   5250975.8760   2   9   0.3566   0.2189   0.3746   0.1711   0.1641   0.2544  -0.40    1.2
2026/04/23 07:38:27.700   3509417.9581    779144.5401   5250975.8863   2   9   0.3558   0.2185   0.3733   0.1706   0.1635   0.2536  -0.30    1.2
2026/04/23 07:38:27.800   3509417.9621    779144.5406   5250975.8925   2   9   0.3551   0.2180   0.3721   0.1702   0.1630   0.2529  -0.20    1.2
2026/04/23 07:38:27.900   3509417.9669    779144.5411   5250975.8983   2   9   0.3543   0.2176   0.3709   0.1698   0.1624   0.2521  -0.10    1.2
2026/04/23 07:38:28.000   3509417.9686    779144.5407   5250975.9011   2   9   0.3536   0.2171   0.3696   0.1694   0.1618   0.2514   0.00    1.2
2026/04/23 07:38:28.100   3509417.9718    779144.5399   5250975.9030   2   9   0.3528   0.2167   0.3684   0.1690   0.1613   0.2506   0.10    1.2
2026/04/23 07:38:28.200   3509417.9755    779144.5395   5250975.9062   2   9   0.3521   0.2163   0.3672   0.1686   0.1607   0.2499   0.20    1.2
2026/04/23 07:38:28.300   3509417.9789    779144.5397   5250975.9117   2   9   0.3513   0.2158   0.3660   0.1682   0.1601   0.2491   0.30    1.2
2026/04/23 07:38:28.400   3509417.9820    779144.5396   5250975.9170   2   9   0.3506   0.2154   0.3648   0.1678   0.1596   0.2484   0.40    1.2
2026/04/23 07:38:28.500   3509417.9836    779144.5381   5250975.9184   2   9   0.3499   0.2150   0.3636   0.1674   0.1590   0.2476  -0.50    1.2
2026/04/23 07:38:28.600   3509417.9840    779144.5366   5250975.9174   2   9   0.3491   0.2145   0.3624   0.1670   0.1585   0.2469  -0.40    1.2
2026/04/23 07:38:28.700   3509417.9843    779144.5357   5250975.9182   2   9   0.3484   0.2141   0.3613   0.1666   0.1579   0.2462  -0.30    1.2
2026/04/23 07:38:28.800   3509417.9869    779144.5356   5250975.9211   2   9   0.3477   0.2137   0.3601   0.1662   0.1574   0.2455  -0.20    1.2
2026/04/23 07:38:28.900   3509417.9884    779144.5354   5250975.9229   2   9   0.3470   0.2133   0.3589   0.1658   0.1569   0.2447  -0.10    1.2
2026/04/23 07:38:29.000   3509417.9896    779144.5353   5250975.9243   2   9   0.3463   0.2128   0.3578   0.1654   0.1563   0.2440   0.00    1.2
2026/04/23 07:38:29.100   3509417.9954    779144.5359   5250975.9304   2   9   0.3455   0.2124   0.3566   0.1650   0.1558   0.2433   0.10    1.2
2026/04/23 07:38:29.200   3509417.9996    779144.5367   5250975.9363   2   9   0.3448   0.2120   0.3554   0.1646   0.1552   0.2426   0.20    1.2
2026/04/23 07:38:29.300   3509418.0001    779144.5367   5250975.9395   2   9   0.3441   0.2116   0.3543   0.1642   0.1547   0.2419   0.30    1.2
2026/04/23 07:38:29.400   3509418.0047    779144.5363   5250975.9440   2   9   0.3434   0.2112   0.3532   0.1639   0.1542   0.2412   0.40    1.2
2026/04/23 07:38:29.500   3509418.0070    779144.5357   5250975.9469   2   9   0.3427   0.2108   0.3520   0.1635   0.1537   0.2405  -0.50    1.2
2026/04/23 07:38:29.600   3509418.0072    779144.5352   5250975.9486   2   9   0.3420   0.2104   0.3509   0.1631   0.1531   0.2398  -0.40    1.2
2026/04/23 07:38:29.700   3509418.0081    779144.5355   5250975.9543   2   9   0.3413   0.2100   0.3498   0.1627   0.1526   0.2391  -0.30    1.2
2026/04/23 07:38:29.800   3509418.0101    779144.5358   5250975.9562   2   9   0.3407   0.2096   0.3487   0.1623   0.1521   0.2384  -0.20    1.2
2026/04/23 07:38:29.900   3509418.0129    779144.5351   5250975.9581   2   9   0.3400   0.2092   0.3476   0.1620   0.1516   0.2378  -0.10    1.2
2026/04/23 07:38:30.000   3509418.0164    779144.5350   5250975.9632   2   9   0.3393   0.2088   0.3464   0.1616   0.1511   0.2371   0.00    1.2
2026/04/23 07:38:30.100   3509418.0213    779144.5352   5250975.9719   2   9   0.3386   0.2084   0.3453   0.1612   0.1506   0.2364   0.10    1.2
2026/04/23 07:38:30.200   3509418.0272    779144.5363   5250975.9794   2   9   0.3379   0.2080   0.3443   0.1609   0.1501   0.2357   0.20    1.2
2026/04/23 07:38:30.300   3509418.0294    779144.5373   5250975.9842   2   9   0.3373   0.2076   0.3432   0.1605   0.1496   0.2351   0.30    1.2
2026/04/23 07:38:30.400   3509418.0305    779144.5374   5250975.9900   2   9   0.3366   0.2072   0.3421   0.1601   0.1491   0.2344   0.40    1.2
2026/04/23 07:38:30.500   3509418.0329    779144.5371   5250975.9928   2   9   0.3359   0.2068   0.3410   0.1598   0.1486   0.2337  -0.50    1.3
2026/04/23 07:38:30.600   3509418.0328    779144.5364   5250975.9951   2   9   0.3353   0.2064   0.3399   0.1594   0.1481   0.2331  -0.40    1.3
2026/04/23 07:38:30.700   3509418.0351    779144.5352   5250975.9977   2   9   0.3346   0.2060   0.3389   0.1590   0.1476   0.2324  -0.30    1.3
2026/04/23 07:38:30.800   3509418.0382    779144.5350   5250976.0001   2   9   0.3339   0.2056   0.3378   0.1587   0.1471   0.2318  -0.20    1.3
2026/04/23 07:38:30.900   3509418.0398    779144.5342   5250976.0014   2   9   0.3333   0.2053   0.3368   0.1583   0.1466   0.2311  -0.10    1.3
2026/04/23 07:38:31.000   3509418.0419    779144.5343   5250976.0038   2   9   0.3326   0.2049   0.3357   0.1580   0.1461   0.2305   0.00    1.3
2026/04/23 07:38:31.100   3509418.0404    779144.5334   5250976.0027   2   9   0.3320   0.2045   0.3347   0.1576   0.1456   0.2298   0.10    1.3
2026/04/23 07:38:31.200   3509418.0473    779144.5338   5250976.0083   2   9   0.3314   0.2041   0.3336   0.1573   0.1451   0.2292   0.20    1.3
2026/04/23 07:38:31.300   3509418.0532    779144.5342   5250976.0165   2   9   0.3307   0.2038   0.3326   0.1569   0.1446   0.2285   0.30    1.3
2026/04/23 07:38:31.400   3509418.0544    779144.5342   5250976.0209   2   9   0.3301   0.2034   0.3315   0.1566   0.1442   0.2279   0.40    1.3
2026/04/23 07:38:31.500   3509418.0578    779144.5346   5250976.0257   2   9   0.3294   0.2030   0.3305   0.1562   0.1437   0.2273  -0.50    1.3
2026/04/23 07:38:31.600   3509418.0680    779144.5356   5250976.0345   2   9   0.3288   0.2026   0.3295   0.1559   0.1432   0.2266  -0.40    1.3
2026/04/23 07:38:31.700   3509418.0756    779144.5366   5250976.0400   2   9   0.3282   0.2023   0.3285   0.1555   0.1427   0.2260  -0.30    1.3
2026/04/23 07:38:31.800   3509418.0823    779144.5378   5250976.0463   2   9   0.3275   0.2019   0.3275   0.1552   0.1423   0.2254  -0.20    1.3
2026/04/23 07:38:31.900   3509418.0879    779144.5389   5250976.0549   2   9   0.3269   0.2016   0.3265   0.1549   0.1418   0.2248  -0.10    1.3
2026/04/23 07:38:32.000   3509418.0912    779144.5410   5250976.0610   2   9   0.3263   0.2012   0.3255   0.1545   0.1413   0.2242   0.00    1.3
2026/04/23 07:38:32.100   3509418.0970    779144.5426   5250976.0666   2   9   0.3257   0.2008   0.3245   0.1542   0.1409   0.2235   0.10    1.3
2026/04/23 07:38:32.200   3509418.1054    779144.5450   5250976.0770   2   9   0.3251   0.2005   0.3235   0.1539   0.1404   0.2229   0.20    1.3
2026/04/23 07:38:32.300   3509418.1142    779144.5472   5250976.0877   2   9   0.3245   0.2001   0.3225   0.1535   0.1399   0.2223   0.30    1.3
2026/04/23 07:38:32.400   3509418.1227    779144.5483   5250976.0973   2   9   0.3238   0.1998   0.3215   0.1532   0.1395   0.2217   0.40    1.3
2026/04/23 07:38:32.500   3509418.1307    779144.5489   5250976.1050   2   9   0.3232   0.1994   0.3205   0.1529   0.1390   0.2211  -0.50    1.3
2026/04/23 07:38:32.600   3509418.1401    779144.5502   5250976.1153   2   9   0.3226   0.1991   0.3196   0.1525   0.1386   0.2205  -0.40    1.3
2026/04/23 07:38:32.700   3509418.1518    779144.5522   5250976.1266   2   9   0.3220   0.1987   0.3186   0.1522   0.1381   0.2199  -0.30    1.3
2026/04/23 07:38:32.800   3509418.1609    779144.5535   5250976.1356   2   9   0.3214   0.1984   0.3176   0.1519   0.1377   0.2193  -0.20    1.3
2026/04/23 07:38:32.900   3509418.1685    779144.5565   5250976.1443   2   9   0.3208   0.1980   0.3167   0.1515   0.1372   0.2187  -0.10    1.3
2026/04/23 07:38:33.000   3509418.1638    779144.5563   5250976.1440   2   9   0.3202   0.1977   0.3157   0.1512   0.1368   0.2182   0.00    1.3
2026/04/23 07:38:33.100   3509418.1545    779144.5557   5250976.1446   2   9   0.3197   0.1973   0.3148   0.1509   0.1363   0.2176   0.10    1.3
2026/04/23 07:38:33.200   3509418.1526    779144.5557   5250976.1490   2   9   0.3191   0.1970   0.3138   0.1506   0.1359   0.2170   0.20    1.1
2026/04/23 07:38:33.300   3509418.1654    779144.5577   5250976.1586   2   9   0.3185   0.1966   0.3129   0.1503   0.1355   0.2164   0.30    1.1
2026/04/23 07:38:33.400   3509418.1831    779144.5591   5250976.1690   2   9   0.3179   0.1963   0.3120   0.1500   0.1350   0.2158   0.40    1.1
2026/04/23 07:38:33.500   3509418.1962    779144.5599   5250976.1766   2   9   0.3173   0.1960   0.3110   0.1496   0.1346   0.2153  -0.50    1.1
2026/04/23 07:38:33.600   3509418.2138    779144.5611   5250976.1871   2   9   0.3168   0.1956   0.3101   0.1493   0.1342   0.2147  -0.40    1.1
2026/04/23 07:38:33.700   3509418.2193    779144.5613   5250976.1918   2   9   0.3164   0.1953   0.3093   0.1491   0.1338   0.2143  -0.30    1.2
2026/04/23 07:38:33.800   3509418.2218    779144.5626   5250976.1974   2   9   0.3160   0.1950   0.3085   0.1489   0.1334   0.2140  -0.20    1.3
2026/04/23 07:38:33.900   3509418.2238    779144.5664   5250976.2065   2   9   0.3156   0.1947   0.3077   0.1487   0.1331   0.2137  -0.10    1.1
2026/04/23 07:38:34.000   3509418.2203    779144.5656   5250976.2080   2   9   0.3152   0.1944   0.3070   0.1485   0.1328   0.2134   0.00    1.5
2026/04/23 07:38:34.100   3509418.2224    779144.5653   5250976.2089   2   9   0.3148   0.1941   0.3062   0.1483   0.1325   0.2131   0.10    1.5
2026/04/23 07:38:34.200   3509418.2228    779144.5635   5250976.2102   2   9   0.3145   0.1938   0.3055   0.1481   0.1322   0.2128   0.20    1.8
2026/04/23 07:38:34.300   3509418.2264    779144.5634   5250976.2138   2   9   0.3140   0.1935   0.3048   0.1479   0.1319   0.2125   0.30    1.9
2026/04/23 07:38:34.400   3509418.2346    779144.5647   5250976.2197   2   9   0.3136   0.1932   0.3041   0.1477   0.1316   0.2121   0.40    1.9
2026/04/23 07:38:34.500   3509418.2375    779144.5644   5250976.2211   2   9   0.3132   0.1929   0.3034   0.1475   0.1313   0.2118  -0.50    1.8
2026/04/23 07:38:34.600   3509418.2389    779144.5627   5250976.2200   2   9   0.3127   0.1926   0.3027   0.1473   0.1310   0.2115  -0.40    1.8
2026/04/23 07:38:34.700   3509418.2399    779144.5613   5250976.2208   2   9   0.3123   0.1923   0.3020   0.1471   0.1307   0.2111  -0.30    1.7
2026/04/23 07:38:34.800   3509418.2376    779144.5588   5250976.2195   2   8   0.3120   0.1920   0.3013   0.1469   0.1305   0.2109  -0.20    1.1
2026/04/23 07:38:34.900   3509418.2376    779144.5569   5250976.2227   2   8   0.3116   0.1917   0.3006   0.1467   0.1302   0.2106  -0.10    1.1
2026/04/23 07:38:35.000   3509418.2426    779144.5567   5250976.2281   2   8   0.3113   0.1915   0.2999   0.1465   0.1299   0.2103   0.00    1.0
2026/04/23 07:38:35.100   3509418.2516    779144.5572   5250976.2250   2   8   0.3110   0.1912   0.2992   0.1463   0.1296   0.2100   0.10    1.0
2026/04/23 07:38:35.200   3509418.2580    779144.5540   5250976.2205   2   8   0.3107   0.1909   0.2985   0.1461   0.1293   0.2097   0.20    1.1
2026/04/23 07:38:35.300   3509418.2577    779144.5490   5250976.2124   2   8   0.3103   0.1906   0.2978   0.1459   0.1290   0.2094   0.30    1.1
2026/04/23 07:38:35.400   3509418.2587    779144.5461   5250976.2060   2   8   0.3100   0.1903   0.2971   0.1457   0.1287   0.2091   0.40    1.2
2026/04/23 07:38:35.500   3509418.2650    779144.5475   5250976.2074   2   8   0.3097   0.1900   0.2964   0.1455   0.1284   0.2088  -0.50    1.2
2026/04/23 07:38:35.600   3509418.2727    779144.5506   5250976.2141   2   8   0.3094   0.1897   0.2957   0.1453   0.1281   0.2085  -0.40    1.2
2026/04/23 07:38:35.700   3509418.2821    779144.5538   5250976.2187   2   8   0.3091   0.1894   0.2950   0.1451   0.1278   0.2082  -0.30    1.3
2026/04/23 07:38:35.800   3509418.2854    779144.5540   5250976.2227   2   8   0.3087   0.1892   0.2943   0.1449   0.1275   0.2079  -0.20    1.3
2026/04/23 07:38:35.900   3509418.2847    779144.5522   5250976.2202   2   8   0.3084   0.1889   0.2936   0.1446   0.1272   0.2076  -0.10    1.3
2026/04/23 07:38:36.000   3509418.2786    779144.5485   5250976.2086   2   8   0.3081   0.1886   0.2929   0.1444   0.1269   0.2072   0.00    1.3
2026/04/23 07:38:36.100   3509418.2731    779144.5453   5250976.1977   2   8   0.3078   0.1883   0.2922   0.1442   0.1266   0.2069   0.10    1.3
2026/04/23 07:38:36.200   3509418.2696    779144.5417   5250976.1859   2   8   0.3074   0.1880   0.2915   0.1440   0.1263   0.2066   0.20    1.3
2026/04/23 07:38:36.300   3509418.2664    779144.5380   5250976.1703   2   8   0.3071   0.1878   0.2908   0.1438   0.1260   0.2063   0.30    1.3
2026/04/23 07:38:36.400   3509418.2629    779144.5347   5250976.1579   2   8   0.3068   0.1875   0.2901   0.1436   0.1257   0.2060   0.40    1.3
2026/04/23 07:38:36.500   3509418.2609    779144.5308   5250976.1455   2   8   0.3065   0.1872   0.2894   0.1434   0.1254   0.2057  -0.50    1.3
2026/04/23 07:38:36.600   3509418.2564    779144.5263   5250976.1309   2   8   0.3062   0.1869   0.2888   0.1432   0.1251   0.2054  -0.40    1.3
2026/04/23 07:38:36.700   3509418.2599    779144.5254   5250976.1288   2   8   0.3059   0.1867   0.2881   0.1430   0.1248   0.2051  -0.30    1.3
2026/04/23 07:38:36.800   3509418.2684    779144.5269   5250976.1319   2   8   0.3055   0.1864   0.2874   0.1428   0.1245   0.2048  -0.20    1.3
2026/04/23 07:38:36.900   3509418.2746    779144.5270   5250976.1264   2   8   0.3052   0.1861   0.2867   0.1427   0.1243   0.2045  -0.10    1.3
2026/04/23 07:38:37.000   3509418.2744    779144.5246   5250976.1165   2   8   0.3049   0.1859   0.2860   0.1425   0.1240   0.2042   0.00    1.3
2026/04/23 07:38:37.100   3509418.2733    779144.5224   5250976.1076   2   8   0.3046   0.1856   0.2854   0.1423   0.1237   0.2039   0.10    1.3
2026/04/23 07:38:37.200   3509418.2724    779144.5185   5250976.0987   2   8   0.3043   0.1853   0.2847   0.1421   0.1234   0.2036   0.20    1.3
2026/04/23 07:38:37.300   3509418.2710    779144.5133   5250976.0920   2   8   0.3040   0.1851   0.2840   0.1419   0.1231   0.2033   0.30    1.3
2026/04/23 07:38:37.400   3509418.2710    779144.5113   5250976.0907   2   8   0.3037   0.1848   0.2834   0.1417   0.1228   0.2030   0.40    1.3
2026/04/23 07:38:37.500   3509418.2704    779144.5103   5250976.0899   2   8   0.3034   0.1845   0.2827   0.1415   0.1226   0.2027  -0.50    1.3
2026/04/23 07:38:37.600   3509418.2689    779144.5089   5250976.0892   2   8   0.3031   0.1843   0.2821   0.1413   0.1223   0.2024  -0.40    1.3
2026/04/23 07:38:37.700   3509418.2693    779144.5065   5250976.0865   2   8   0.3028   0.1840   0.2814   0.1411   0.1220   0.2022  -0.30    1.3
2026/04/23 07:38:37.800   3509418.2705    779144.5028   5250976.0861   2   8   0.3025   0.1837   0.2808   0.1409   0.1217   0.2019  -0.20    1.3
2026/04/23 07:38:37.900   3509418.2699    779144.4987   5250976.0833   2   8   0.3021   0.1835   0.2801   0.1407   0.1214   0.2016  -0.10    1.3
2026/04/23 07:38:38.000   3509418.2679    779144.4943   5250976.0777   2   8   0.3018   0.1832   0.2795   0.1405   0.1212   0.2013   0.00    1.3
2026/04/23 07:38:38.100   3509418.2658    779144.4895   5250976.0726   2   8   0.3015   0.1830   0.2788   0.1404   0.1209   0.2010   0.10    1.3
2026/04/23 07:38:38.200   3509418.2633    779144.4855   5250976.0680   2   8   0.3012   0.1827   0.2782   0.1402   0.1206   0.2007   0.20    1.3
2026/04/23 07:38:38.300   3509418.2631    779144.4810   5250976.0602   2   8   0.3009   0.1825   0.2776   0.1400   0.1203   0.2004   0.30    1.3
2026/04/23 07:38:38.400   3509418.2603    779144.4777   5250976.0519   2   8   0.3006   0.1822   0.2769   0.1398   0.1201   0.2002   0.40    1.3
2026/04/23 07:38:38.500   3509418.2560    779144.4747   5250976.0448   2   8   0.3004   0.1819   0.2763   0.1396   0.1198   0.1999  -0.50    1.3
2026/04/23 07:38:38.600   3509418.2509    779144.4714   5250976.0386   2   8   0.3001   0.1817   0.2757   0.1394   0.1195   0.1996  -0.40    1.3
2026/04/23 07:38:38.700   3509418.2458    779144.4663   5250976.0284   2   8   0.2998   0.1814   0.2751   0.1393   0.1193   0.1993  -0.30    1.3
2026/04/23 07:38:38.800   3509418.2424    779144.4607   5250976.0170   2   8   0.2995   0.1812   0.2744   0.1391   0.1190   0.1991  -0.20    1.3
2026/04/23 07:38:38.900   3509418.2402    779144.4569   5250976.0078   2   8   0.2992   0.1809   0.2738   0.1389   0.1187   0.1988  -0.10    1.3
2026/04/23 07:38:39.000   3509418.2388    779144.4549   5250976.0010   2   8   0.2989   0.1807   0.2732   0.1387   0.1185   0.1985   0.00    1.3
2026/04/23 07:38:39.100   3509418.2369    779144.4522   5250975.9945   2   8   0.2986   0.1804   0.2726   0.1385   0.1182   0.1982   0.10    1.3
2026/04/23 07:38:39.200   3509418.2348    779144.4486   5250975.9915   2   8   0.2983   0.1802   0.2720   0.1384   0.1180   0.1980   0.20    1.3
2026/04/23 07:38:39.300   3509418.2349    779144.4462   5250975.9870   2   8   0.2980   0.1800   0.2714   0.1382   0.1177   0.1977   0.30    1.3
2026/04/23 07:38:39.400   3509418.2366    779144.4442   5250975.9858   2   8   0.2977   0.1797   0.2708   0.1380   0.1174   0.1974   0.40    1.3
2026/04/23 07:38:39.500   3509418.2393    779144.4425   5250975.9827   2   8   0.2974   0.1795   0.2702   0.1378   0.1172   0.1972  -0.50    1.3
2026/04/23 07:38:39.600   3509418.2418    779144.4403   5250975.9802   2   8   0.2971   0.1792   0.2696   0.1377   0.1169   0.1969  -0.40    1.3
2026/04/23 07:38:39.700   3509418.2432    779144.4370   5250975.9756   2   8   0.2969   0.1790   0.2690   0.1375   0.1167   0.1966  -0.30    1.3
2026/04/23 07:38:39.800   3509418.2444    779144.4341   5250975.9741   2   8   0.2966   0.1787   0.2684   0.1373   0.1164   0.1964  -0.20    1.3
2026/04/23 07:38:39.900   3509418.2450    779144.4306   5250975.9726   2   8   0.2963   0.1785   0.2678   0.1371   0.1162   0.1961  -0.10    1.3
2026/04/23 07:38:40.000   3509418.2443    779144.4266   5250975.9697   2   8   0.2960   0.1783   0.2672   0.1370   0.1159   0.1958   0.00    1.3
2026/04/23 07:38:40.100   3509418.2457    779144.4237   5250975.9676   2   8   0.2957   0.1780   0.2666   0.1368   0.1157   0.1956   0.10    1.3
2026/04/23 07:38:40.200   3509418.2461    779144.4218   5250975.9653   2   8   0.2954   0.1778   0.2660   0.1366   0.1154   0.1953   0.20    1.3
2026/04/23 07:38:40.300   3509418.2458    779144.4193   5250975.9641   2   8   0.2951   0.1775   0.2654   0.1364   0.1152   0.1950   0.30    1.3
2026/04/23 07:38:40.400   3509418.2440    779144.4161   5250975.9618   2   8   0.2949   0.1773   0.2648   0.1363   0.1149   0.1948   0.40    1.3
2026/04/23 07:38:40.500   3509418.2434    779144.4133   5250975.9617   2   8   0.2946   0.1771   0.2642   0.1361   0.1147   0.1945  -0.50    1.3
2026/04/23 07:38:40.600   3509418.2431    779144.4108   5250975.9603   2   8   0.2943   0.1768   0.2636   0.1359   0.1144   0.1943  -0.40    1.3
2026/04/23 07:38:40.700   3509418.2432    779144.4080   5250975.9596   2   8   0.2940   0.1766   0.2631   0.1358   0.1142   0.1940  -0.30    1.3
2026/04/23 07:38:40.800   3509418.2423    779144.4048   5250975.9590   2   8   0.2937   0.1764   0.2625   0.1356   0.1139   0.1937  -0.20    1.2
2026/04/23 07:38:40.900   3509418.2412    779144.4020   5250975.9595   2   8   0.2935   0.1761   0.2619   0.1354   0.1137   0.1935  -0.10    1.2
2026/04/23 07:38:41.000   3509418.2400    779144.3991   5250975.9600   2   8   0.2932   0.1759   0.2613   0.1353   0.1134   0.1932   0.00    1.2
2026/04/23 07:38:41.100   3509418.2386    779144.3965   5250975.9597   2   8   0.2929   0.1757   0.2608   0.1351   0.1132   0.1930   0.10    1.2
2026/04/23 07:38:41.200   3509418.2372    779144.3936   5250975.9590   2   8   0.2926   0.1755   0.2602   0.1349   0.1129   0.1927   0.20    1.2
2026/04/23 07:38:41.300   3509418.2366    779144.3911   5250975.9597   2   8   0.2923   0.1752   0.2596   0.1348   0.1127   0.1925   0.30    1.2
2026/04/23 07:38:41.400   3509418.2357    779144.3893   5250975.9608   2   8   0.2921   0.1750   0.2591   0.1346   0.1125   0.1922   0.40    1.2
2026/04/23 07:38:41.500   3509418.2338    779144.3875   5250975.9625   2   8   0.2918   0.1748   0.2585   0.1344   0.1122   0.1919  -0.50    1.2
2026/04/23 07:38:41.600   3509418.2317    779144.3861   5250975.9642   2   8   0.2915   0.1745   0.2579   0.1343   0.1120   0.1917  -0.40    1.2
2026/04/23 07:38:41.700   3509418.2299    779144.3841   5250975.9642   2   8   0.2912   0.1743   0.2574   0.1341   0.1117   0.1914  -0.30    1.2
2026/04/23 07:38:41.800   3509418.2287    779144.3815   5250975.9644   2   8   0.2910   0.1741   0.2568   0.1339   0.1115   0.1912  -0.20    1.2
2026/04/23 07:38:41.900   3509418.2276    779144.3786   5250975.9642   2   8   0.2907   0.1739   0.2563   0.1338   0.1112   0.1909  -0.10    1.2
2026/04/23 07:38:42.000   3509418.2271    779144.3759   5250975.9639   2   8   0.2904   0.1736   0.2557   0.1336   0.1110   0.1907   0.00    1.2
2026/04/23 07:38:42.100   3509418.2274    779144.3735   5250975.9630   2   8   0.2901   0.1734   0.2551   0.1334   0.1108   0.1904   0.10    1.2
2026/04/23 07:38:42.200   3509418.2285    779144.3715   5250975.9649   2   8   0.2899   0.1732   0.2546   0.1333   0.1105   0.1902   0.20    1.2
2026/04/23 07:38:42.300   3509418.2287    779144.3688   5250975.9663   2   8   0.2896   0.1730   0.2540   0.1331   0.1103   0.1899   0.30    1.2
2026/04/23 07:38:42.400   3509418.2286    779144.3657   5250975.9676   2   8   0.2893   0.1728   0.2535   0.1329   0.1101   0.1897   0.40    1.2
2026/04/23 07:38:42.500   3509418.2273    779144.3626   5250975.9693   2   8   0.2891   0.1725   0.2530   0.1328   0.1098   0.1894  -0.50    1.2
2026/04/23 07:38:42.600   3509418.2238    779144.3593   5250975.9686   2   8   0.2888   0.1723   0.2524   0.1326   0.1096   0.1892  -0.40    1.2
2026/04/23 07:38:42.700   3509418.2211    779144.3559   5250975.9666   2   8   0.2885   0.1721   0.2519   0.1325   0.1094   0.1889  -0.30    1.2
2026/04/23 07:38:42.800   3509418.2210    779144.3537   5250975.9659   2   8   0.2883   0.1719   0.2513   0.1323   0.1091   0.1887  -0.20    1.2
2026/04/23 07:38:42.900   3509418.2229    779144.3524   5250975.9677   2   8   0.2880   0.1717   0.2508   0.1321   0.1089   0.1884  -0.10    1.2
2026/04/23 07:38:43.000   3509418.2282    779144.3530   5250975.9753   2   8   0.2877   0.1714   0.2503   0.1320   0.1087   0.1882   0.00    1.2
2026/04/23 07:38:43.100   3509418.2322    779144.3535   5250975.9854   2   8   0.2874   0.1712   0.2497   0.1318   0.1084   0.1879   0.10    1.2
2026/04/23 07:38:43.200   3509418.2322    779144.3519   5250975.9906   2   8   0.2872   0.1710   0.2492   0.1317   0.1082   0.1877   0.20    1.2
2026/04/23 07:38:43.300   3509418.2290    779144.3509   5250975.9942   2   8   0.2869   0.1708   0.2487   0.1315   0.1080   0.1874   0.30    1.2
2026/04/23 07:38:43.400   3509418.2268    779144.3498   5250975.9980   2   8   0.2866   0.1706   0.2481   0.1313   0.1077   0.1872   0.40    1.2
2026/04/23 07:38:43.500   3509418.2231    779144.3475   5250975.9989   2   8   0.2864   0.1704   0.2476   0.1312   0.1075   0.1870  -0.50    1.2
2026/04/23 07:38:43.600   3509418.2215    779144.3456   5250976.0027   2   8   0.2861   0.1702   0.2471   0.1310   0.1073   0.1867  -0.40    1.2
2026/04/23 07:38:43.700   3509418.2210    779144.3442   5250976.0069   2   8   0.2859   0.1700   0.2466   0.1309   0.1071   0.1865  -0.30    1.2
2026/04/23 07:38:43.800   3509418.2220    779144.3434   5250976.0110   2   8   0.2856   0.1697   0.2460   0.1307   0.1068   0.1862  -0.20    1.2
2026/04/23 07:38:43.900   3509418.2217    779144.3437   5250976.0157   2   8   0.2853   0.1695   0.2455   0.1306   0.1066   0.1860  -0.10    1.2
2026/04/23 07:38:44.000   3509418.2222    779144.3433   5250976.0234   2   8   0.2851   0.1693   0.2450   0.1304   0.1064   0.1858   0.00    1.2
2026/04/23 07:38:44.100   3509418.2219    779144.3423   5250976.0304   2   8   0.2848   0.1691   0.2445   0.1302   0.1062   0.1855   0.10    1.2
2026/04/23 07:38:44.200   3509418.2231    779144.3415   5250976.0335   2   8   0.2845   0.1689   0.2440   0.1301   0.1059   0.1853   0.20    1.2
2026/04/23 07:38:44.300   3509418.2249    779144.3394   5250976.0325   2   8   0.2843   0.1687   0.2435   0.1299   0.1057   0.1850   0.30    1.2
2026/04/23 07:38:44.400   3509418.2279    779144.3380   5250976.0336   2   8   0.2840   0.1685   0.2429   0.1298   0.1055   0.1848   0.40    1.2
2026/04/23 07:38:44.500   3509418.2317    779144.3389   5250976.0373   2   8   0.2838   0.1683   0.2424   0.1296   0.1053   0.1846  -0.50    1.2
2026/04/23 07:38:44.600   3509418.2354    779144.3386   5250976.0394   2   8   0.2835   0.1681   0.2419   0.1295   0.1051   0.1843  -0.40    1.2
2026/04/23 07:38:44.700   3509418.2386    779144.3392   5250976.0420   2   8   0.2832   0.1679   0.2414   0.1293   0.1048   0.1841  -0.30    1.2
2026/04/23 07:38:44.800   3509418.2438    779144.3404   5250976.0514   2   8   0.2830   0.1677   0.2409   0.1292   0.1046   0.1838  -0.20    1.2
2026/04/23 07:38:44.900   3509418.2511    779144.3419   5250976.0656   2   8   0.2827   0.1675   0.2404   0.1290   0.1044   0.1836  -0.10    1.2
2026/04/23 07:38:45.000   3509418.2607    779144.3461   5250976.0774   2   8   0.2825   0.1673   0.2399   0.1289   0.1042   0.1834   0.00    1.2
2026/04/23 07:38:45.100   3509418.2720    779144.3514   5250976.0878   2   8   0.2822   0.1671   0.2394   0.1287   0.1040   0.1831   0.10    1.1
2026/04/23 07:38:45.200   3509418.2849    779144.3554   5250976.1009   2   8   0.2820   0.1669   0.2389   0.1286   0.1038   0.1829   0.20    1.1
2026/04/23 07:38:45.300   3509418.2975    779144.3579   5250976.1162   2   8   0.2817   0.1667   0.2384   0.1284   0.1035   0.1827   0.30    1.1
2026/04/23 07:38:45.400   3509418.3090    779144.3603   5250976.1294   2   8   0.2814   0.1665   0.2379   0.1283   0.1033   0.1824   0.40    1.1
2026/04/23 07:38:45.500   3509418.3185    779144.3639   5250976.1421   2   8   0.2812   0.1663   0.2374   0.1281   0.1031   0.1822  -0.50    1.1
2026/04/23 07:38:45.600   3509418.3276    779144.3673   5250976.1550   2   8   0.2809   0.1661   0.2370   0.1280   0.1029   0.1820  -0.40    1.1
2026/04/23 07:38:45.700   3509418.3352    779144.3709   5250976.1664   2   8   0.2807   0.1659   0.2365   0.1278   0.1027   0.1818  -0.30    1.1
2026/04/23 07:38:45.800   3509418.3409    779144.3734   5250976.1782   2   8   0.2804   0.1657   0.2360   0.1277   0.1025   0.1815  -0.20    1.1
2026/04/23 07:38:45.900   3509418.3469    779144.3759   5250976.1880   2   8   0.2802   0.1655   0.2355   0.1275   0.1023   0.1813  -0.10    1.1
2026/04/23 07:38:46.000   3509418.3528    779144.3785   5250976.1986   2   8   0.2799   0.1653   0.2350   0.1274   0.1021   0.1811   0.00    1.1
2026/04/23 07:38:46.100   3509418.3583    779144.3813   5250976.2109   2   8   0.2797   0.1651   0.2345   0.1272   0.1019   0.1808   0.10    1.1
2026/04/23 07:38:46.200   3509418.3635    779144.3848   5250976.2253   2   8   0.2794   0.1649   0.2341   0.1271   0.1016   0.1806   0.20    1.1
2026/04/23 07:38:46.300   3509418.3695    779144.3877   5250976.2380   2   8   0.2792   0.1647   0.2336   0.1269   0.1014   0.1804   0.30    1.1
2026/04/23 07:38:46.400   3509418.3749    779144.3907   5250976.2536   2   8   0.2789   0.1645   0.2331   0.1268   0.1012   0.1802   0.40    1.1
2026/04/23 07:38:46.500   3509418.3788    779144.3926   5250976.2673   2   8   0.2787   0.1643   0.2326   0.1266   0.1010   0.1799  -0.50    1.0
2026/04/23 07:38:46.600   3509418.3847    779144.3955   5250976.2822   2   8   0.2784   0.1641   0.2322   0.1265   0.1008   0.1797  -0.40    1.0
2026/04/23 07:38:46.700   3509418.3903    779144.3982   5250976.2974   2   8   0.2782   0.1639   0.2317   0.1263   0.1006   0.1795  -0.30    1.0
2026/04/23 07:38:46.800   3509418.3973    779144.4011   5250976.3119   2   8   0.2779   0.1637   0.2312   0.1262   0.1004   0.1793  -0.20    1.0
2026/04/23 07:38:46.900   3509418.4044    779144.4041   5250976.3225   2   8   0.2777   0.1635   0.2307   0.1261   0.1002   0.1790  -0.10    1.0
2026/04/23 07:38:47.000   3509418.4126    779144.4071   5250976.3333   2   8   0.2774   0.1634   0.2303   0.1259   0.1000   0.1788   0.00    1.0
2026/04/23 07:38:47.100   3509418.4187    779144.4089   5250976.3404   2   8   0.2772   0.1632   0.2298   0.1258   0.0998   0.1786   0.10    1.0
2026/04/23 07:38:47.200   3509418.4213    779144.4102   5250976.3468   2   8   0.2769   0.1630   0.2293   0.1256   0.0996   0.1784   0.20    1.0
2026/04/23 07:38:47.300   3509418.4246    779144.4120   5250976.3527   2   8   0.2767   0.1628   0.2289   0.1255   0.0994   0.1781   0.30    1.0
2026/04/23 07:38:47.400   3509418.4304    779144.4130   5250976.3607   2   8   0.2764   0.1626   0.2284   0.1253   0.0992   0.1779   0.40    1.0
2026/04/23 07:38:47.500   3509418.4344    779144.4147   5250976.3687   2   8   0.2762   0.1624   0.2280   0.1252   0.0990   0.1777  -0.50    1.0
2026/04/23 07:38:47.600   3509418.4375    779144.4154   5250976.3746   2   8   0.2760   0.1622   0.2275   0.1251   0.0988   0.1775  -0.40    1.0
2026/04/23 07:38:47.700   3509418.4391    779144.4143   5250976.3721   2   8   0.2757   0.1620   0.2271   0.1249   0.0986   0.1773  -0.30    1.0
2026/04/23 07:38:47.800   3509418.4414    779144.4145   5250976.3699   2   8   0.2755   0.1619   0.2266   0.1248   0.0984   0.1771  -0.20    1.0
2026/04/23 07:38:47.900   3509418.4442    779144.4152   5250976.3710   2   8   0.2752   0.1617   0.2261   0.1246   0.0982   0.1768  -0.10    1.0
2026/04/23 07:38:48.000   3509418.4454    779144.4160   5250976.3736   2   8   0.2750   0.1615   0.2257   0.1245   0.0980   0.1766   0.00    1.0
2026/04/23 07:38:48.100   3509418.4466    779144.4158   5250976.3748   2   8   0.2747   0.1613   0.2252   0.1243   0.0978   0.1764   0.10    1.0
2026/04/23 07:38:48.200   3509418.4482    779144.4155   5250976.3720   2   8   0.2745   0.1611   0.2248   0.1242   0.0976   0.1762   0.20    1.0
2026/04/23 07:38:48.300   3509418.4505    779144.4160   5250976.3697   2   8   0.2743   0.1609   0.2244   0.1241   0.0974   0.1760   0.30    1.0
2026/04/23 07:38:48.400   3509418.4533    779144.4169   5250976.3685   2   8   0.2740   0.1607   0.2239   0.1239   0.0972   0.1758   0.40    1.0
2026/04/23 07:38:48.500   3509418.4545    779144.4172   5250976.3663   2   8   0.2738   0.1606   0.2235   0.1238   0.0970   0.1755  -0.50    1.0
2026/04/23 07:38:48.600   3509418.4555    779144.4174   5250976.3624   2   8   0.2735   0.1604   0.2230   0.1237   0.0968   0.1753  -0.40    1.0
2026/04/23 07:38:48.700   3509418.4571    779144.4182   5250976.3625   2   8   0.2733   0.1602   0.2226   0.1235   0.0966   0.1751  -0.30    1.0
2026/04/23 07:38:48.800   3509418.4592    779144.4193   5250976.3632   2   8   0.2731   0.1600   0.2221   0.1234   0.0964   0.1749  -0.20    1.1
2026/04/23 07:38:48.900   3509418.4611    779144.4208   5250976.3665   2   8   0.2728   0.1598   0.2217   0.1232   0.0963   0.1747  -0.10    1.1
2026/04/23 07:38:49.000   3509418.4638    779144.4226   5250976.3679   2   8   0.2726   0.1597   0.2213   0.1231   0.0961   0.1745   0.00    1.1
2026/04/23 07:38:49.100   3509418.4658    779144.4242   5250976.3687   2   8   0.2724   0.1595   0.2208   0.1230   0.0959   0.1743   0.10    1.1
2026/04/23 07:38:49.200   3509418.4671    779144.4258   5250976.3701   2   8   0.2721   0.1593   0.2204   0.1228   0.0957   0.1741   0.20    1.1
2026/04/23 07:38:49.300   3509418.4682    779144.4271   5250976.3721   2   8   0.2719   0.1591   0.2200   0.1227   0.0955   0.1738   0.30    1.1
2026/04/23 07:38:49.400   3509418.4707    779144.4282   5250976.3752   2   8   0.2716   0.1590   0.2195   0.1226   0.0953   0.1736   0.40    1.1
2026/04/23 07:38:49.500   3509418.4734    779144.4291   5250976.3779   2   8   0.2714   0.1588   0.2191   0.1224   0.0951   0.1734  -0.50    1.1
2026/04/23 07:38:49.600   3509418.4756    779144.4302   5250976.3800   2   8   0.2712   0.1586   0.2187   0.1223   0.0949   0.1732  -0.40    1.1
2026/04/23 07:38:49.700   3509418.4777    779144.4315   5250976.3803   2   8   0.2709   0.1584   0.2183   0.1222   0.0947   0.1730  -0.30    1.1
2026/04/23 07:38:49.800   3509418.4810    779144.4339   5250976.3807   2   8   0.2707   0.1583   0.2178   0.1220   0.0946   0.1728  -0.20    1.1
2026/04/23 07:38:49.900   3509418.4845    779144.4352   5250976.3812   2   8   0.2705   0.1581   0.2174   0.1219   0.0944   0.1726  -0.10    1.1
2026/04/23 07:38:50.000   3509418.4886    779144.4362   5250976.3829   2   8   0.2702   0.1579   0.2170   0.1218   0.0942   0.1724   0.00    1.1
2026/04/23 07:38:50.100   3509418.4927    779144.4367   5250976.3854   2   8   0.2700   0.1577   0.2166   0.1216   0.0940   0.1722   0.10    1.1
2026/04/23 07:38:50.200   3509418.4970    779144.4377   5250976.3896   2   8   0.2698   0.1576   0.2161   0.1215   0.0938   0.1720   0.20    1.1
2026/04/23 07:38:50.300   3509418.5008    779144.4393   5250976.3923   2   8   0.2695   0.1574   0.2157   0.1214   0.0936   0.1718   0.30    1.1
2026/04/23 07:38:50.400   3509418.5047    779144.4411   5250976.3943   2   8   0.2693   0.1572   0.2153   0.1212   0.0935   0.1716   0.40    1.1
2026/04/23 07:38:50.500   3509418.5076    779144.4432   5250976.3949   2   8   0.2691   0.1570   0.2149   0.1211   0.0933   0.1714  -0.50    1.1
2026/04/23 07:38:50.600   3509418.5118    779144.4448   5250976.3951   2   8   0.2688   0.1569   0.2145   0.1210   0.0931   0.1712  -0.40    1.1
2026/04/23 07:38:50.700   3509418.5172    779144.4462   5250976.3975   2   8   0.2686   0.1567   0.2141   0.1208   0.0929   0.1710  -0.30    1.1
2026/04/23 07:38:50.800   3509418.5232    779144.4487   5250976.4009   2   8   0.2684   0.1565   0.2137   0.1207   0.0927   0.1708  -0.20    1.1
2026/04/23 07:38:50.900   3509418.5302    779144.4505   5250976.4038   2   8   0.2682   0.1564   0.2133   0.1206   0.0925   0.1706  -0.10    1.1
2026/04/23 07:38:51.000   3509418.5371    779144.4532   5250976.4073   2   8   0.2679   0.1562   0.2128   0.1204   0.0924   0.1703   0.00    1.1
2026/04/23 07:38:51.100   3509418.5423    779144.4557   5250976.4091   2   8   0.2677   0.1560   0.2124   0.1203   0.0922   0.1701   0.10    1.1
2026/04/23 07:38:51.200   3509418.5466    779144.4581   5250976.4111   2   8   0.2675   0.1559   0.2120   0.1202   0.0920   0.1699   0.20    1.1
2026/04/23 07:38:51.300   3509418.5503    779144.4595   5250976.4107   2   8   0.2672   0.1557   0.2116   0.1200   0.0918   0.1697   0.30    1.1
2026/04/23 07:38:51.400   3509418.5532    779144.4606   5250976.4091   2   8   0.2670   0.1555   0.2112   0.1199   0.0916   0.1695   0.40    1.1
2026/04/23 07:38:51.500   3509418.5549    779144.4607   5250976.4065   2   8   0.2668   0.1554   0.2108   0.1198   0.0915   0.1693  -0.50    1.1
2026/04/23 07:38:51.600   3509418.5550    779144.4622   5250976.4051   2   8   0.2666   0.1552   0.2104   0.1197   0.0913   0.1691  -0.40    1.1
2026/04/23 07:38:51.700   3509418.5539    779144.4635   5250976.4039   2   8   0.2663   0.1550   0.2100   0.1195   0.0911   0.1690  -0.30    1.1
2026/04/23 07:38:51.800   3509418.5525    779144.4655   5250976.4011   2   8   0.2661   0.1549   0.2096   0.1194   0.0909   0.1688  -0.20    1.1
2026/04/23 07:38:51.900   3509418.5511    779144.4672   5250976.3967   2   8   0.2659   0.1547   0.2092   0.1193   0.0908   0.1686  -0.10    1.1
2026/04/23 07:38:52.000   3509418.5497    779144.4688   5250976.3934   2   8   0.2657   0.1545   0.2088   0.1191   0.0906   0.1684   0.00    1.1
2026/04/23 07:38:52.100   3509418.5480    779144.4709   5250976.3891   2   8   0.2654   0.1544   0.2085   0.1190   0.0904   0.1682   0.10    1.1
2026/04/23 07:38:52.200   3509418.5458    779144.4724   5250976.3859   2   8   0.2652   0.1542   0.2081   0.1189   0.0902   0.1680   0.20    1.1
2026/04/23 07:38:52.300   3509418.5434    779144.4728   5250976.3821   2   8   0.2650   0.1540   0.2077   0.1188   0.0901   0.1678   0.30    1.1
2026/04/23 07:38:52.400   3509418.5414    779144.4727   5250976.3753   2   8   0.2648   0.1539   0.2073   0.1186   0.0899   0.1676   0.40    1.1
2026/04/23 07:38:52.500   3509418.5395    779144.4733   5250976.3683   2   8   0.2646   0.1537   0.2069   0.1185   0.0897   0.1674  -0.50    1.1
2026/04/23 07:38:52.600   3509418.5387    779144.4743   5250976.3642   2   8   0.2643   0.1535   0.2065   0.1184   0.0896   0.1672  -0.40    1.1
2026/04/23 07:38:52.700   3509418.5391    779144.4748   5250976.3583   2   8   0.2641   0.1534   0.2061   0.1183   0.0894   0.1670  -0.30    1.1
2026/04/23 07:38:52.800   3509418.5393    779144.4757   5250976.3512   2   8   0.2639   0.1532   0.2057   0.1181   0.0892   0.1668  -0.20    1.1
2026/04/23 07:38:52.900   3509418.5402    779144.4761   5250976.3429   2   8   0.2637   0.1531   0.2054   0.1180   0.0891   0.1666  -0.10    1.1
2026/04/23 07:38:53.000   3509418.5416    779144.4767   5250976.3370   2   8   0.2634   0.1529   0.2050   0.1179   0.0889   0.1664   0.00    1.1
2026/04/23 07:38:53.100   3509418.5426    779144.4767   5250976.3312   2   8   0.2632   0.1527   0.2046   0.1178   0.0887   0.1662   0.10    1.1
2026/04/23 07:38:53.200   3509418.5431    779144.4774   5250976.3265   2   8   0.2630   0.1526   0.2042   0.1176   0.0885   0.1660   0.20    1.1
2026/04/23 07:38:53.300   3509418.5443    779144.4786   5250976.3208   2   8   0.2628   0.1524   0.2038   0.1175   0.0884   0.1658   0.30    1.1
2026/04/23 07:38:53.400   3509418.5450    779144.4791   5250976.3144   2   8   0.2626   0.1523   0.2035   0.1174   0.0882   0.1657   0.40    1.1
2026/04/23 07:38:53.500   3509418.5454    779144.4799   5250976.3089   2   8   0.2623   0.1521   0.2031   0.1173   0.0880   0.1655  -0.50    1.1
2026/04/23 07:38:53.600   3509418.5463    779144.4817   5250976.3054   2   8   0.2621   0.1520   0.2027   0.1171   0.0879   0.1653  -0.40    1.1
2026/04/23 07:38:53.700   3509418.5476    779144.4832   5250976.3011   2   8   0.2619   0.1518   0.2023   0.1170   0.0877   0.1651  -0.30    1.1
2026/04/23 07:38:53.800   3509418.5488    779144.4843   5250976.2986   2   8   0.2617   0.1516   0.2020   0.1169   0.0875   0.1649  -0.20    1.2
2026/04/23 07:38:53.900   3509418.5508    779144.4865   5250976.2973   2   8   0.2615   0.1515   0.2016   0.1168   0.0874   0.1647  -0.10    1.2
2026/04/23 07:38:54.000   3509418.5535    779144.4895   5250976.2975   2   8   0.2613   0.1513   0.2012   0.1166   0.0872   0.1645   0.00    1.2
2026/04/23 07:38:54.100   3509418.5550    779144.4915   5250976.2975   2   8   0.2610   0.1512   0.2009   0.1165   0.0871   0.1643   0.10    1.2
2026/04/23 07:38:54.200   3509418.5563    779144.4929   5250976.2955   2   8   0.2608   0.1510   0.2005   0.1164   0.0869   0.1641   0.20    1.2
2026/04/23 07:38:54.300   3509418.5574    779144.4946   5250976.2943   2   8   0.2606   0.1509   0.2001   0.1163   0.0867   0.1640   0.30    1.2
2026/04/23 07:38:54.400   3509418.5590    779144.4972   5250976.2937   2   8   0.2604   0.1507   0.1998   0.1162   0.0866   0.1638   0.40    1.2
2026/04/23 07:38:54.500   3509418.5612    779144.4998   5250976.2945   2   8   0.2602   0.1506   0.1994   0.1160   0.0864   0.1636  -0.50    1.2
2026/04/23 07:38:54.600   3509418.5631    779144.5021   5250976.2937   2   8   0.2600   0.1504   0.1990   0.1159   0.0862   0.1634  -0.40    1.2
2026/04/23 07:38:54.700   3509418.5650    779144.5038   5250976.2914   2   8   0.2598   0.1503   0.1987   0.1158   0.0861   0.1632  -0.30    1.2
2026/04/23 07:38:54.800   3509418.5679    779144.5054   5250976.2907   2   8   0.2595   0.1501   0.1983   0.1157   0.0859   0.1630  -0.20    1.2
2026/04/23 07:38:54.900   3509418.5714    779144.5070   5250976.2899   2   8   0.2593   0.1499   0.1979   0.1156   0.0858   0.1629  -0.10    1.2
2026/04/23 07:38:55.000   3509418.5747    779144.5089   5250976.2901   2   8   0.2591   0.1498   0.1976   0.1154   0.0856   0.1627   0.00    1.2
2026/04/23 07:38:55.100   3509418.5780    779144.5097   5250976.2901   2   8   0.2589   0.1496   0.1972   0.1153   0.0854   0.1625   0.10    1.2
2026/04/23 07:38:55.200   3509418.5812    779144.5112   5250976.2898   2   8   0.2587   0.1495   0.1969   0.1152   0.0853   0.1623   0.20    1.2
2026/04/23 07:38:55.300   3509418.5825    779144.5129   5250976.2897   2   8   0.2585   0.1493   0.1965   0.1151   0.0851   0.1621   0.30    1.2
2026/04/23 07:38:55.400   3509418.5855    779144.5146   5250976.2894   2   8   0.2583   0.1492   0.1962   0.1150   0.0850   0.1619   0.40    1.2
2026/04/23 07:38:55.500   3509418.5877    779144.5160   5250976.2888   2   8   0.2581   0.1490   0.1958   0.1148   0.0848   0.1618  -0.50    1.2
2026/04/23 07:38:55.600   3509418.5888    779144.5172   5250976.2882   2   8   0.2578   0.1489   0.1955   0.1147   0.0847   0.1616  -0.40    1.2
2026/04/23 07:38:55.700   3509418.5892    779144.5174   5250976.2879   2   8   0.2576   0.1487   0.1951   0.1146   0.0845   0.1614  -0.30    1.2
2026/04/23 07:38:55.800   3509418.5917    779144.5181   5250976.2875   2   8   0.2574   0.1486   0.1948   0.1145   0.0843   0.1612  -0.20    1.2
2026/04/23 07:38:55.900   3509418.5939    779144.5191   5250976.2863   2   8   0.2572   0.1484   0.1944   0.1144   0.0842   0.1610  -0.10    1.2
2026/04/23 07:38:56.000   3509418.5951    779144.5193   5250976.2855   2   8   0.2570   0.1483   0.1941   0.1143   0.0840   0.1609   0.00    1.2
2026/04/23 07:38:56.100   3509418.5973    779144.5202   5250976.2850   2   8   0.2568   0.1482   0.1937   0.1141   0.0839   0.1607   0.10    1.2
2026/04/23 07:38:56.200   3509418.5998    779144.5207   5250976.2850   2   8   0.2566   0.1480   0.1934   0.1140   0.0837   0.1605   0.20    1.2
2026/04/23 07:38:56.300   3509418.6023    779144.5208   5250976.2837   2   8   0.2564   0.1479   0.1930   0.1139   0.0836   0.1603   0.30    1.2
2026/04/23 07:38:56.400   3509418.6047    779144.5210   5250976.2826   2   8   0.2562   0.1477   0.1927   0.1138   0.0834   0.1602   0.40    1.2
2026/04/23 07:38:56.500   3509418.6064    779144.5203   5250976.2825   2   8   0.2560   0.1476   0.1924   0.1137   0.0833   0.1600  -0.50    1.2
2026/04/23 07:38:56.600   3509418.6075    779144.5202   5250976.2826   2   8   0.2558   0.1474   0.1920   0.1136   0.0831   0.1598  -0.40    1.2
2026/04/23 07:38:56.700   3509418.6080    779144.5197   5250976.2816   2   8   0.2556   0.1473   0.1917   0.1134   0.0830   0.1596  -0.30    1.2
2026/04/23 07:38:56.800   3509418.6090    779144.5195   5250976.2798   2   8   0.2553   0.1471   0.1913   0.1133   0.0828   0.1594  -0.20    1.2
2026/04/23 07:38:56.900   3509418.6107    779144.5193   5250976.2779   2   8   0.2551   0.1470   0.1910   0.1132   0.0827   0.1593  -0.10    1.2
2026/04/23 07:38:57.000   3509418.6120    779144.5194   5250976.2754   2   8   0.2549   0.1468   0.1907   0.1131   0.0825   0.1591   0.00    1.2
2026/04/23 07:38:57.100   3509418.6145    779144.5203   5250976.2726   2   8   0.2547   0.1467   0.1903   0.1130   0.0824   0.1589   0.10    1.2
2026/04/23 07:38:57.200   3509418.6161    779144.5209   5250976.2696   2   8   0.2545   0.1466   0.1900   0.1129   0.0822   0.1587   0.20    1.2
2026/04/23 07:38:57.300   3509418.6187    779144.5210   5250976.2677   2   8   0.2543   0.1464   0.1897   0.1128   0.0821   0.1586   0.30    1.2
2026/04/23 07:38:57.400   3509418.6210    779144.5206   5250976.2663   2   8   0.2541   0.1463   0.1893   0.1126   0.0819   0.1584   0.40    1.2
2026/04/23 07:38:57.500   3509418.6225    779144.5199   5250976.2661   2   8   0.2539   0.1461   0.1890   0.1125   0.0818   0.1582  -0.50    1.2
2026/04/23 07:38:57.600   3509418.6229    779144.5202   5250976.2673   2   8   0.2537   0.1460   0.1887   0.1124   0.0816   0.1581  -0.40    1.2
2026/04/23 07:38:57.700   3509418.6216    779144.5202   5250976.2665   2   8   0.2535   0.1458   0.1884   0.1123   0.0815   0.1579  -0.30    1.2
2026/04/23 07:38:57.800   3509418.6208    779144.5210   5250976.2657   2   8   0.2533   0.1457   0.1880   0.1122   0.0813   0.1577  -0.20    1.2
2026/04/23 07:38:57.900   3509418.6207    779144.5220   5250976.2653   2   8   0.2531   0.1456   0.1877   0.1121   0.0812   0.1575  -0.10    1.2
2026/04/23 07:38:58.000   3509418.6214    779144.5223   5250976.2640   2   8   0.2529   0.1454   0.1874   0.1120   0.0810   0.1574   0.00    1.2
2026/04/23 07:38:58.100   3509418.6219    779144.5215   5250976.2598   2   8   0.2527   0.1453   0.1870   0.1119   0.0809   0.1572   0.10    1.2
2026/04/23 07:38:58.200   3509418.6229    779144.5208   5250976.2550   2   8   0.2525   0.1451   0.1867   0.1117   0.0807   0.1570   0.20    1.2
2026/04/23 07:38:58.300   3509418.6243    779144.5202   5250976.2495   2   8   0.2523   0.1450   0.1864   0.1116   0.0806   0.1569   0.30    1.2
2026/04/23 07:38:58.400   3509418.6267    779144.5205   5250976.2450   2   8   0.2521   0.1449   0.1861   0.1115   0.0804   0.1567   0.40    1.2
2026/04/23 07:38:58.500   3509418.6285    779144.5207   5250976.2408   2   8   0.2519   0.1447   0.1858   0.1114   0.0803   0.1565  -0.50    1.2
2026/04/23 07:38:58.600   3509418.6307    779144.5194   5250976.2373   2   8   0.2517   0.1446   0.1854   0.1113   0.0802   0.1564  -0.40    1.2
2026/04/23 07:38:58.700   3509418.6315    779144.5175   5250976.2341   2   8   0.2515   0.1445   0.1851   0.1112   0.0800   0.1562  -0.30    1.2
2026/04/23 07:38:58.800   3509418.6308    779144.5159   5250976.2297   2   8   0.2513   0.1443   0.1848   0.1111   0.0799   0.1560  -0.20    1.2
2026/04/23 07:38:58.900   3509418.6314    779144.5151   5250976.2252   2   8   0.2511   0.1442   0.1845   0.1110   0.0797   0.1559  -0.10    1.2
2026/04/23 07:38:59.000   3509418.6337    779144.5158   5250976.2210   2   8   0.2509   0.1440   0.1842   0.1109   0.0796   0.1557   0.00    1.2
2026/04/23 07:38:59.100   3509418.6363    779144.5159   5250976.2187   2   8   0.2507   0.1439   0.1839   0.1108   0.0794   0.1555   0.10    1.2
2026/04/23 07:38:59.200   3509418.6395    779144.5157   5250976.2186   2   8   0.2505   0.1438   0.1835   0.1106   0.0793   0.1554   0.20    1.2
2026/04/23 07:38:59.300   3509418.6431    779144.5158   5250976.2163   2   8   0.2503   0.1436   0.1832   0.1105   0.0792   0.1552   0.30    1.2
2026/04/23 07:38:59.400   3509418.6479    779144.5170   5250976.2142   2   8   0.2501   0.1435   0.1829   0.1104   0.0790   0.1550   0.40    1.2
2026/04/23 07:38:59.500   3509418.6516    779144.5176   5250976.2139   2   8   0.2499   0.1434   0.1826   0.1103   0.0789   0.1549  -0.50    1.2
2026/04/23 07:38:59.600   3509418.6529    779144.5171   5250976.2129   2   8   0.2497   0.1432   0.1823   0.1102   0.0787   0.1547  -0.40    1.2
2026/04/23 07:38:59.700   3509418.6527    779144.5169   5250976.2095   2   8   0.2495   0.1431   0.1820   0.1101   0.0786   0.1545  -0.30    1.2
2026/04/23 07:38:59.800   3509418.6542    779144.5176   5250976.2058   2   8   0.2493   0.1430   0.1817   0.1100   0.0785   0.1544  -0.20    1.2
2026/04/23 07:38:59.900   3509418.6561    779144.5183   5250976.2029   2   8   0.2491   0.1428   0.1814   0.1099   0.0783   0.1542  -0.10    1.2
2026/04/23 07:39:00.000   3509418.6592    779144.5189   5250976.2021   2   8   0.2489   0.1427   0.1811   0.1098   0.0782   0.1540   0.00    1.2
2026/04/23 07:39:00.100   3509418.6626    779144.5195   5250976.2007   2   8   0.2487   0.1426   0.1808   0.1097   0.0780   0.1539   0.10    1.2
2026/04/23 07:39:00.200   3509418.6652    779144.5202   5250976.1974   2   8   0.2485   0.1424   0.1805   0.1096   0.0779   0.1537   0.20    1.2
2026/04/23 07:39:00.300   3509418.6668    779144.5204   5250976.1950   2   8   0.2483   0.1423   0.1802   0.1095   0.0778   0.1535   0.30    1.2
2026/04/23 07:39:00.400   3509418.6687    779144.5200   5250976.1934   2   8   0.2482   0.1422   0.1799   0.1093   0.0776   0.1534   0.40    1.2
2026/04/23 07:39:00.500   3509418.6708    779144.5196   5250976.1908   2   8   0.2480   0.1420   0.1796   0.1092   0.0775   0.1532  -0.50    1.2
2026/04/23 07:39:00.600   3509418.6713    779144.5189   5250976.1892   2   8   0.2478   0.1419   0.1793   0.1091   0.0774   0.1531  -0.40    1.2
2026/04/23 07:39:00.700   3509418.6715    779144.5177   5250976.1872   2   8   0.2476   0.1418   0.1790   0.1090   0.0772   0.1529  -0.30    1.2
2026/04/23 07:39:00.800   3509418.6723    779144.5165   5250976.1859   2   8   0.2474   0.1416   0.1787   0.1089   0.0771   0.1527  -0.20    1.2
2026/04/23 07:39:00.900   3509418.6744    779144.5156   5250976.1845   2   8   0.2472   0.1415   0.1784   0.1088   0.0770   0.1526  -0.10    1.2
2026/04/23 07:39:01.000   3509418.6772    779144.5152   5250976.1838   2   8   0.2470   0.1414   0.1781   0.1087   0.0768   0.1524   0.00    1.2
2026/04/23 07:39:01.100   3509418.6789    779144.5152   5250976.1821   2   8   0.2468   0.1412   0.1778   0.1086   0.0767   0.1523   0.10    1.2
2026/04/23 07:39:01.200   3509418.6804    779144.5146   5250976.1812   2   8   0.2466   0.1411   0.1775   0.1085   0.0766   0.1521   0.20    1.2
2026/04/23 07:39:01.300   3509418.6817    779144.5142   5250976.1813   2   8   0.2464   0.1410   0.1772   0.1084   0.0764   0.1519   0.30    1.2
2026/04/23 07:39:01.400   3509418.6836    779144.5140   5250976.1797   2   8   0.2462   0.1409   0.1769   0.1083   0.0763   0.1518   0.40    1.2
2026/04/23 07:39:01.500   3509418.6854    779144.5138   5250976.1782   2   8   0.2460   0.1407   0.1766   0.1082   0.0762   0.1516  -0.50    1.2
2026/04/23 07:39:01.600   3509418.6863    779144.5140   5250976.1759   2   8   0.2458   0.1406   0.1763   0.1081   0.0760   0.1515  -0.40    1.2
2026/04/23 07:39:01.700   3509418.6873    779144.5144   5250976.1726   2   8   0.2457   0.1405   0.1760   0.1080   0.0759   0.1513  -0.30    1.2
2026/04/23 07:39:01.800   3509418.6895    779144.5153   5250976.1726   2   8   0.2455   0.1403   0.1757   0.1079   0.0758   0.1512  -0.20    1.3
2026/04/23 07:39:01.900   3509418.6905    779144.5159   5250976.1710   2   8   0.2453   0.1402   0.1754   0.1078   0.0756   0.1510  -0.10    1.3
2026/04/23 07:39:02.000   3509418.6923    779144.5169   5250976.1690   2   8   0.2451   0.1401   0.1752   0.1077   0.0755   0.1508   0.00    1.3
2026/04/23 07:39:02.100   3509418.6952    779144.5181   5250976.1657   2   8   0.2449   0.1400   0.1749   0.1076   0.0754   0.1507   0.10    1.3
2026/04/23 07:39:02.200   3509418.6975    779144.5189   5250976.1607   2   8   0.2447   0.1398   0.1746   0.1075   0.0752   0.1505   0.20    1.3
2026/04/23 07:39:02.300   3509418.6979    779144.5191   5250976.1573   2   8   0.2445   0.1397   0.1743   0.1074   0.0751   0.1504   0.30    1.3
2026/04/23 07:39:02.400   3509418.6982    779144.5191   5250976.1547   2   8   0.2443   0.1396   0.1740   0.1073   0.0750   0.1502   0.40    1.3
2026/04/23 07:39:02.500   3509418.6983    779144.5188   5250976.1510   2   8   0.2441   0.1394   0.1737   0.1072   0.0749   0.1501  -0.50    1.3
2026/04/23 07:39:02.600   3509418.6977    779144.5191   5250976.1475   2   8   0.2440   0.1393   0.1735   0.1070   0.0747   0.1499  -0.40    1.3
2026/04/23 07:39:02.700   3509418.6980    779144.5199   5250976.1429   2   8   0.2438   0.1392   0.1732   0.1069   0.0746   0.1498  -0.30    1.3
2026/04/23 07:39:02.800   3509418.6987    779144.5198   5250976.1385   2   8   0.2436   0.1391   0.1729   0.1068   0.0745   0.1496  -0.20    1.3
2026/04/23 07:39:02.900   3509418.7008    779144.5194   5250976.1354   2   8   0.2434   0.1389   0.1726   0.1067   0.0743   0.1495  -0.10    1.3
2026/04/23 07:39:03.000   3509418.7025    779144.5193   5250976.1325   2   8   0.2432   0.1388   0.1723   0.1066   0.0742   0.1493   0.00    1.3
2026/04/23 07:39:03.100   3509418.7048    779144.5189   5250976.1295   2   8   0.2430   0.1387   0.1721   0.1065   0.0741   0.1492   0.10    1.3
2026/04/23 07:39:03.200   3509418.7069    779144.5185   5250976.1263   2   8   0.2428   0.1386   0.1718   0.1064   0.0740   0.1490   0.20    1.3
2026/04/23 07:39:03.300   3509418.7075    779144.5178   5250976.1226   2   8   0.2427   0.1384   0.1715   0.1063   0.0738   0.1488   0.30    1.3
2026/04/23 07:39:03.400   3509418.7078    779144.5173   5250976.1186   2   8   0.2425   0.1383   0.1712   0.1062   0.0737   0.1487   0.40    1.3
2026/04/23 07:39:03.500   3509418.7072    779144.5162   5250976.1138   2   8   0.2423   0.1382   0.1710   0.1061   0.0736   0.1485  -0.50    1.3
2026/04/23 07:39:03.600   3509418.7064    779144.5147   5250976.1089   2   8   0.2421   0.1381   0.1707   0.1060   0.0735   0.1484  -0.40    1.3
2026/04/23 07:39:03.700   3509418.7066    779144.5127   5250976.1042   2   8   0.2419   0.1380   0.1704   0.1059   0.0733   0.1482  -0.30    1.3
2026/04/23 07:39:03.800   3509418.7064    779144.5108   5250976.0997   2   8   0.2417   0.1378   0.1701   0.1058   0.0732   0.1481  -0.20    1.3
2026/04/23 07:39:03.900   3509418.7054    779144.5086   5250976.0944   2   8   0.2415   0.1377   0.1699   0.1057   0.0731   0.1479  -0.10    1.3
2026/04/23 07:39:04.000   3509418.7041    779144.5056   5250976.0880   2   8   0.2414   0.1376   0.1696   0.1056   0.0730   0.1478   0.00    1.3
2026/04/23 07:39:04.100   3509418.7039    779144.5024   5250976.0810   2   8   0.2412   0.1375   0.1693   0.1055   0.0728   0.1476   0.10    1.3
2026/04/23 07:39:04.200   3509418.7045    779144.5001   5250976.0746   2   8   0.2410   0.1373   0.1690   0.1054   0.0727   0.1475   0.20    1.3
2026/04/23 07:39:04.300   3509418.7048    779144.4975   5250976.0690   2   8   0.2408   0.1372   0.1688   0.1053   0.0726   0.1474   0.30    1.3
2026/04/23 07:39:04.400   3509418.7041    779144.4957   5250976.0634   2   8   0.2406   0.1371   0.1685   0.1052   0.0725   0.1472   0.40    1.2
2026/04/23 07:39:04.500   3509418.7031    779144.4943   5250976.0582   2   8   0.2405   0.1370   0.1683   0.1051   0.0724   0.1471  -0.50    1.2
2026/04/23 07:39:04.600   3509418.7026    779144.4917   5250976.0515   2   8   0.2403   0.1369   0.1680   0.1050   0.0722   0.1469  -0.40    1.2
2026/04/23 07:39:04.700   3509418.7012    779144.4884   5250976.0443   2   8   0.2401   0.1367   0.1677   0.1049   0.0721   0.1468  -0.30    1.2
2026/04/23 07:39:04.800   3509418.6984    779144.4853   5250976.0374   2   8   0.2399   0.1366   0.1675   0.1048   0.0720   0.1466  -0.20    1.2
2026/04/23 07:39:04.900   3509418.6964    779144.4827   5250976.0304   2   8   0.2397   0.1365   0.1672   0.1047   0.0719   0.1465  -0.10    1.2
2026/04/23 07:39:05.000   3509418.6947    779144.4793   5250976.0227   2   8   0.2395   0.1364   0.1669   0.1046   0.0717   0.1463   0.00    1.2
2026/04/23 07:39:05.100   3509418.6930    779144.4758   5250976.0161   2   8   0.2394   0.1363   0.1667   0.1045   0.0716   0.1462   0.10    1.2
2026/04/23 07:39:05.200   3509418.6919    779144.4722   5250976.0089   2   8   0.2392   0.1362   0.1664   0.1045   0.0715   0.1460   0.20    1.2
2026/04/23 07:39:05.300   3509418.6912    779144.4691   5250976.0041   2   8   0.2390   0.1360   0.1661   0.1044   0.0714   0.1459   0.30    1.2
2026/04/23 07:39:05.400   3509418.6914    779144.4666   5250976.0005   2   8   0.2388   0.1359   0.1659   0.1043   0.0713   0.1457   0.40    1.2
2026/04/23 07:39:05.500   3509418.6910    779144.4628   5250975.9962   2   8   0.2387   0.1358   0.1656   0.1042   0.0711   0.1456  -0.50    1.2
2026/04/23 07:39:05.600   3509418.6900    779144.4577   5250975.9887   2   8   0.2385   0.1357   0.1654   0.1041   0.0710   0.1455  -0.40    1.2
2026/04/23 07:39:05.700   3509418.6890    779144.4532   5250975.9807   2   8   0.2383   0.1356   0.1651   0.1040   0.0709   0.1453  -0.30    1.2
2026/04/23 07:39:05.800   3509418.6869    779144.4501   5250975.9749   2   8   0.2381   0.1354   0.1649   0.1039   0.0708   0.1452  -0.20    1.2
2026/04/23 07:39:05.900   3509418.6858    779144.4464   5250975.9701   2   8   0.2379   0.1353   0.1646   0.1038   0.0707   0.1450  -0.10    1.2
2026/04/23 07:39:06.000   3509418.6857    779144.4423   5250975.9658   2   8   0.2378   0.1352   0.1643   0.1037   0.0706   0.1449   0.00    1.2
2026/04/23 07:39:06.100   3509418.6854    779144.4385   5250975.9616   2   8   0.2376   0.1351   0.1641   0.1036   0.0704   0.1447   0.10    1.2
2026/04/23 07:39:06.200   3509418.6836    779144.4345   5250975.9574   2   8   0.2374   0.1350   0.1638   0.1035   0.0703   0.1446   0.20    1.2
2026/04/23 07:39:06.300   3509418.6822    779144.4312   5250975.9538   2   8   0.2372   0.1349   0.1636   0.1034   0.0702   0.1444   0.30    1.2
2026/04/23 07:39:06.400   3509418.6827    779144.4286   5250975.9494   2   8   0.2371   0.1347   0.1633   0.1033   0.0701   0.1443   0.40    1.2
2026/04/23 07:39:06.500   3509418.6841    779144.4254   5250975.9469   2   8   0.2369   0.1346   0.1631   0.1032   0.0700   0.1442  -0.50    1.2
2026/04/23 07:39:06.600   3509418.6851    779144.4218   5250975.9442   2   8   0.2367   0.1345   0.1628   0.1031   0.0699   0.1440  -0.40    1.2
2026/04/23 07:39:06.700   3509418.6861    779144.4180   5250975.9415   2   8   0.2365   0.1344   0.1626   0.1030   0.0697   0.1439  -0.30    1.2
2026/04/23 07:39:06.800   3509418.6869    779144.4133   5250975.9399   2   8   0.2363   0.1343   0.1623   0.1029   0.0696   0.1437  -0.20    1.2
2026/04/23 07:39:06.900   3509418.6894    779144.4090   5250975.9384   2   8   0.2362   0.1342   0.1621   0.1028   0.0695   0.1436  -0.10    1.2
2026/04/23 07:39:07.000   3509418.6921    779144.4056   5250975.9376   2   8   0.2360   0.1341   0.1618   0.1027   0.0694   0.1435   0.00    1.2
2026/04/23 07:39:07.100   3509418.6935    779144.4022   5250975.9373   2   8   0.2358   0.1339   0.1616   0.1026   0.0693   0.1433   0.10    1.2
2026/04/23 07:39:07.200   3509418.6947    779144.3994   5250975.9387   2   8   0.2356   0.1338   0.1613   0.1025   0.0692   0.1432   0.20    1.2
2026/04/23 07:39:07.300   3509418.6960    779144.3969   5250975.9390   2   8   0.2355   0.1337   0.1611   0.1024   0.0691   0.1430   0.30    1.2
2026/04/23 07:39:07.400   3509418.6955    779144.3950   5250975.9414   2   8   0.2353   0.1336   0.1609   0.1023   0.0689   0.1429   0.40    1.2
2026/04/23 07:39:07.500   3509418.6941    779144.3925   5250975.9441   2   8   0.2351   0.1335   0.1606   0.1023   0.0688   0.1428  -0.50    1.2
2026/04/23 07:39:07.600   3509418.6938    779144.3900   5250975.9461   2   8   0.2350   0.1334   0.1604   0.1022   0.0687   0.1426  -0.40    1.2
2026/04/23 07:39:07.700   3509418.6926    779144.3871   5250975.9475   2   8   0.2348   0.1333   0.1601   0.1021   0.0686   0.1425  -0.30    1.2
2026/04/23 07:39:07.800   3509418.6904    779144.3832   5250975.9494   2   8   0.2346   0.1332   0.1599   0.1020   0.0685   0.1424  -0.20    1.2
2026/04/23 07:39:07.900   3509418.6910    779144.3802   5250975.9536   2   8   0.2344   0.1330   0.1596   0.1019   0.0684   0.1422  -0.10    1.2
2026/04/23 07:39:08.000   3509418.6903    779144.3769   5250975.9565   2   8   0.2343   0.1329   0.1594   0.1018   0.0683   0.1421   0.00    1.2
2026/04/23 07:39:08.100   3509418.6885    779144.3730   5250975.9581   2   8   0.2341   0.1328   0.1592   0.1017   0.0682   0.1419   0.10    1.2
2026/04/23 07:39:08.200   3509418.6886    779144.3695   5250975.9594   2   8   0.2339   0.1327   0.1589   0.1016   0.0680   0.1418   0.20    1.2
2026/04/23 07:39:08.300   3509418.6891    779144.3659   5250975.9601   2   8   0.2337   0.1326   0.1587   0.1015   0.0679   0.1417   0.30    1.2
2026/04/23 07:39:08.400   3509418.6891    779144.3623   5250975.9590   2   8   0.2336   0.1325   0.1584   0.1014   0.0678   0.1415   0.40    1.2
2026/04/23 07:39:08.500   3509418.6889    779144.3587   5250975.9581   2   8   0.2334   0.1324   0.1582   0.1013   0.0677   0.1414  -0.50    1.2
2026/04/23 07:39:08.600   3509418.6886    779144.3548   5250975.9569   2   8   0.2332   0.1323   0.1580   0.1012   0.0676   0.1413  -0.40    1.2
2026/04/23 07:39:08.700   3509418.6887    779144.3508   5250975.9567   2   8   0.2331   0.1322   0.1577   0.1011   0.0675   0.1411  -0.30    1.2
2026/04/23 07:39:08.800   3509418.6877    779144.3469   5250975.9560   2   8   0.2329   0.1320   0.1575   0.1011   0.0674   0.1410  -0.20    1.2
2026/04/23 07:39:08.900   3509418.6863    779144.3428   5250975.9554   2   8   0.2327   0.1319   0.1573   0.1010   0.0673   0.1409  -0.10    1.2
2026/04/23 07:39:09.000   3509418.6849    779144.3388   5250975.9554   2   8   0.2326   0.1318   0.1570   0.1009   0.0672   0.1407   0.00    1.2
2026/04/23 07:39:09.100   3509418.6847    779144.3346   5250975.9545   2   8   0.2324   0.1317   0.1568   0.1008   0.0671   0.1406   0.10    1.2
2026/04/23 07:39:09.200   3509418.6839    779144.3304   5250975.9523   2   8   0.2322   0.1316   0.1566   0.1007   0.0670   0.1405   0.20    1.2
2026/04/23 07:39:09.300   3509418.6827    779144.3255   5250975.9505   2   8   0.2320   0.1315   0.1563   0.1006   0.0668   0.1403   0.30    1.2
2026/04/23 07:39:09.400   3509418.6818    779144.3217   5250975.9480   2   8   0.2319   0.1314   0.1561   0.1005   0.0667   0.1402   0.40    1.2
2026/04/23 07:39:09.500   3509418.6808    779144.3184   5250975.9445   2   8   0.2317   0.1313   0.1559   0.1004   0.0666   0.1401  -0.50    1.2
2026/04/23 07:39:09.600   3509418.6794    779144.3149   5250975.9426   2   8   0.2315   0.1312   0.1556   0.1003   0.0665   0.1399  -0.40    1.2
2026/04/23 07:39:09.700   3509418.6782    779144.3110   5250975.9413   2   8   0.2314   0.1311   0.1554   0.1002   0.0664   0.1398  -0.30    1.2
2026/04/23 07:39:09.800   3509418.6773    779144.3071   5250975.9390   2   8   0.2312   0.1310   0.1552   0.1001   0.0663   0.1397  -0.20    1.2
2026/04/23 07:39:09.900   3509418.6773    779144.3044   5250975.9362   2   8   0.2310   0.1309   0.1550   0.1001   0.0662   0.1395  -0.10    1.2
2026/04/23 07:39:10.000   3509418.6771    779144.3016   5250975.9327   2   8   0.2309   0.1307   0.1547   0.1000   0.0661   0.1394   0.00    1.2
2026/04/23 07:39:10.100   3509418.6760    779144.2987   5250975.9294   2   8   0.2307   0.1306   0.1545   0.0999   0.0660   0.1393   0.10    1.2
2026/04/23 07:39:10.200   3509418.6744    779144.2948   5250975.9265   2   8   0.2305   0.1305   0.1543   0.0998   0.0659   0.1391   0.20    1.2
2026/04/23 07:39:10.300   3509418.6726    779144.2909   5250975.9225   2   8   0.2304   0.1304   0.1540   0.0997   0.0658   0.1390   0.30    1.2
2026/04/23 07:39:10.400   3509418.6704    779144.2862   5250975.9178   2   8   0.2302   0.1303   0.1538   0.0996   0.0657   0.1389   0.40    1.2
2026/04/23 07:39:10.500   3509418.6700    779144.2819   5250975.9141   2   8   0.2300   0.1302   0.1536   0.0995   0.0656   0.1387  -0.50    1.2
2026/04/23 07:39:10.600   3509418.6706    779144.2779   5250975.9113   2   8   0.2299   0.1301   0.1534   0.0994   0.0655   0.1386  -0.40    1.2
2026/04/23 07:39:10.700   3509418.6723    779144.2749   5250975.9091   2   8   0.2297   0.1300   0.1532   0.0993   0.0654   0.1385  -0.30    1.2
2026/04/23 07:39:10.800   3509418.6739    779144.2722   5250975.9062   2   8   0.2295   0.1299   0.1529   0.0993   0.0653   0.1383  -0.20    1.2
2026/04/23 07:39:10.900   3509418.6744    779144.2690   5250975.9015   2   8   0.2294   0.1298   0.1527   0.0992   0.0652   0.1382  -0.10    1.2
2026/04/23 07:39:11.000   3509418.6727    779144.2651   5250975.8980   2   8   0.2292   0.1297   0.1525   0.0991   0.0651   0.1381   0.00    1.2
2026/04/23 07:39:11.100   3509418.6709    779144.2616   5250975.8953   2   8   0.2290   0.1296   0.1523   0.0990   0.0650   0.1380   0.10    1.2
2026/04/23 07:39:11.200   3509418.6700    779144.2583   5250975.8942   2   8   0.2289   0.1295   0.1520   0.0989   0.0649   0.1378   0.20    1.2
2026/04/23 07:39:11.300   3509418.6687    779144.2549   5250975.8919   2   8   0.2287   0.1294   0.1518   0.0988   0.0648   0.1377   0.30    1.2
2026/04/23 07:39:11.400   3509418.6663    779144.2522   5250975.8887   2   8   0.2286   0.1293   0.1516   0.0987   0.0646   0.1376   0.40    1.2
2026/04/23 07:39:11.500   3509418.6649    779144.2505   5250975.8855   2   8   0.2284   0.1292   0.1514   0.0986   0.0645   0.1374  -0.50    1.2
2026/04/23 07:39:11.600   3509418.6623    779144.2490   5250975.8816   2   8   0.2282   0.1291   0.1512   0.0986   0.0644   0.1373  -0.40    1.2
2026/04/23 07:39:11.700   3509418.6608    779144.2469   5250975.8790   2   8   0.2281   0.1290   0.1510   0.0985   0.0643   0.1372  -0.30    1.2
2026/04/23 07:39:11.800   3509418.6588    779144.2451   5250975.8777   2   8   0.2279   0.1289   0.1507   0.0984   0.0642   0.1371  -0.20    1.2
2026/04/23 07:39:11.900   3509418.6570    779144.2423   5250975.8763   2   8   0.2277   0.1288   0.1505   0.0983   0.0641   0.1369  -0.10    1.2
2026/04/23 07:39:12.000   3509418.6567    779144.2399   5250975.8741   2   8   0.2276   0.1287   0.1503   0.0982   0.0640   0.1368   0.00    1.2
2026/04/23 07:39:12.100   3509418.6559    779144.2371   5250975.8734   2   8   0.2274   0.1286   0.1501   0.0981   0.0639   0.1367   0.10    1.2
2026/04/23 07:39:12.200   3509418.6569    779144.2344   5250975.8729   2   8   0.2273   0.1284   0.1499   0.0980   0.0638   0.1366   0.20    1.2
2026/04/23 07:39:12.300   3509418.6591    779144.2320   5250975.8719   2   8   0.2271   0.1283   0.1497   0.0979   0.0637   0.1364   0.30    1.2
2026/04/23 07:39:12.400   3509418.6616    779144.2302   5250975.8714   2   8   0.2269   0.1282   0.1495   0.0979   0.0636   0.1363   0.40    1.2
2026/04/23 07:39:12.500   3509418.6641    779144.2290   5250975.8727   2   8   0.2268   0.1281   0.1493   0.0978   0.0635   0.1362  -0.50    1.2
2026/04/23 07:39:12.600   3509418.6687    779144.2272   5250975.8730   2   8   0.2266   0.1280   0.1490   0.0977   0.0634   0.1361  -0.40    1.2
2026/04/23 07:39:12.700   3509418.6745    779144.2266   5250975.8741   2   8   0.2264   0.1279   0.1488   0.0976   0.0633   0.1359  -0.30    1.2
2026/04/23 07:39:12.800   3509418.6808    779144.2255   5250975.8784   2   8   0.2263   0.1278   0.1486   0.0975   0.0632   0.1358  -0.20    1.2
2026/04/23 07:39:12.900   3509418.6872    779144.2241   5250975.8834   2   8   0.2261   0.1277   0.1484   0.0974   0.0631   0.1357  -0.10    1.2
2026/04/23 07:39:13.000   3509418.6948    779144.2241   5250975.8901   2   8   0.2260   0.1276   0.1482   0.0973   0.0630   0.1356   0.00    1.2
2026/04/23 07:39:13.100   3509418.7021    779144.2249   5250975.8984   2   8   0.2258   0.1275   0.1480   0.0973   0.0629   0.1354   0.10    1.2
2026/04/23 07:39:13.200   3509418.7096    779144.2255   5250975.9063   2   8   0.2256   0.1274   0.1478   0.0972   0.0629   0.1353   0.20    1.2
2026/04/23 07:39:13.300   3509418.7165    779144.2260   5250975.9144   2   8   0.2255   0.1273   0.1476   0.0971   0.0628   0.1352   0.30    1.2
2026/04/23 07:39:13.400   3509418.7242    779144.2270   5250975.9220   2   8   0.2253   0.1272   0.1474   0.0970   0.0627   0.1351   0.40    1.2
2026/04/23 07:39:13.500   3509418.7303    779144.2282   5250975.9286   2   8   0.2252   0.1271   0.1472   0.0969   0.0626   0.1349  -0.50    1.2
2026/04/23 07:39:13.600   3509418.7372    779144.2297   5250975.9370   2   8   0.2250   0.1270   0.1470   0.0968   0.0625   0.1348  -0.40    1.2
2026/04/23 07:39:13.700   3509418.7437    779144.2315   5250975.9461   2   8   0.2248   0.1269   0.1468   0.0968   0.0624   0.1347  -0.30    1.2
2026/04/23 07:39:13.800   3509418.7479    779144.2324   5250975.9548   2   8   0.2247   0.1268   0.1465   0.0967   0.0623   0.1346  -0.20    1.2
2026/04/23 07:39:13.900   3509418.7508    779144.2333   5250975.9626   2   8   0.2245   0.1267   0.1463   0.0966   0.0622   0.1345  -0.10    1.2
2026/04/23 07:39:14.000   3509418.7534    779144.2337   5250975.9695   2   8   0.2244   0.1266   0.1461   0.0965   0.0621   0.1343   0.00    1.2
2026/04/23 07:39:14.100   3509418.7555    779144.2336   5250975.9765   2   8   0.2242   0.1265   0.1459   0.0964   0.0620   0.1342   0.10    1.2
2026/04/23 07:39:14.200   3509418.7575    779144.2332   5250975.9829   2   8   0.2241   0.1264   0.1457   0.0963   0.0619   0.1341   0.20    1.2
2026/04/23 07:39:14.300   3509418.7599    779144.2321   5250975.9883   2   8   0.2239   0.1263   0.1455   0.0962   0.0618   0.1340   0.30    1.2
2026/04/23 07:39:14.400   3509418.7619    779144.2324   5250975.9944   2   8   0.2237   0.1262   0.1453   0.0962   0.0617   0.1338   0.40    1.2
2026/04/23 07:39:14.500   3509418.7634    779144.2327   5250975.9998   2   8   0.2236   0.1262   0.1451   0.0961   0.0616   0.1337  -0.50    1.2
2026/04/23 07:39:14.600   3509418.7646    779144.2323   5250976.0042   2   8   0.2234   0.1261   0.1449   0.0960   0.0615   0.1336  -0.40    1.2
2026/04/23 07:39:14.700   3509418.7649    779144.2316   5250976.0086   2   8   0.2233   0.1260   0.1447   0.0959   0.0614   0.1335  -0.30    1.2
2026/04/23 07:39:14.800   3509418.7649    779144.2310   5250976.0119   2   8   0.2231   0.1259   0.1445   0.0958   0.0613   0.1334  -0.20    1.2
2026/04/23 07:39:14.900   3509418.7640    779144.2303   5250976.0128   2   8   0.2230   0.1258   0.1443   0.0958   0.0612   0.1332  -0.10    1.2
2026/04/23 07:39:15.000   3509418.7633    779144.2290   5250976.0141   2   8   0.2228   0.1257   0.1441   0.0957   0.0611   0.1331   0.00    1.2
2026/04/23 07:39:15.100   3509418.7629    779144.2274   5250976.0163   2   8   0.2227   0.1256   0.1439   0.0956   0.0610   0.1330   0.10    1.2
2026/04/23 07:39:15.200   3509418.7629    779144.2266   5250976.0179   2   8   0.2225   0.1255   0.1437   0.0955   0.0609   0.1329   0.20    1.2
2026/04/23 07:39:15.300   3509418.7641    779144.2248   5250976.0186   2   8   0.2223   0.1254   0.1435   0.0954   0.0609   0.1328   0.30    1.2
2026/04/23 07:39:15.400   3509418.7647    779144.2230   5250976.0205   2   8   0.2222   0.1253   0.1434   0.0953   0.0608   0.1327   0.40    1.2
2026/04/23 07:39:15.500   3509418.7647    779144.2210   5250976.0238   2   8   0.2220   0.1252   0.1432   0.0953   0.0607   0.1325  -0.50    1.2
2026/04/23 07:39:15.600   3509418.7656    779144.2188   5250976.0280   2   8   0.2219   0.1251   0.1430   0.0952   0.0606   0.1324  -0.40    1.2
2026/04/23 07:39:15.700   3509418.7696    779144.2169   5250976.0327   2   8   0.2217   0.1250   0.1428   0.0951   0.0605   0.1323  -0.30    1.2
2026/04/23 07:39:15.800   3509418.7715    779144.2154   5250976.0348   2   8   0.2216   0.1249   0.1426   0.0950   0.0604   0.1322  -0.20    1.2
2026/04/23 07:39:15.900   3509418.7713    779144.2139   5250976.0367   2   8   0.2214   0.1248   0.1424   0.0949   0.0603   0.1321  -0.10    1.2
2026/04/23 07:39:16.000   3509418.7720    779144.2127   5250976.0383   2   8   0.2213   0.1247   0.1422   0.0948   0.0602   0.1319   0.00    1.2
2026/04/23 07:39:16.100   3509418.7720    779144.2106   5250976.0403   2   8   0.2211   0.1246   0.1420   0.0948   0.0601   0.1318   0.10    1.2
2026/04/23 07:39:16.200   3509418.7696    779144.2076   5250976.0426   2   8   0.2210   0.1245   0.1418   0.0947   0.0600   0.1317   0.20    1.2
2026/04/23 07:39:16.300   3509418.7668    779144.2049   5250976.0442   2   8   0.2208   0.1244   0.1416   0.0946   0.0599   0.1316   0.30    1.2
2026/04/23 07:39:16.400   3509418.7662    779144.2044   5250976.0441   2   8   0.2207   0.1243   0.1414   0.0945   0.0598   0.1315   0.40    1.2
2026/04/23 07:39:16.500   3509418.7659    779144.2046   5250976.0452   2   8   0.2205   0.1242   0.1412   0.0944   0.0598   0.1314  -0.50    1.2
2026/04/23 07:39:16.600   3509418.7657    779144.2055   5250976.0469   2   8   0.2203   0.1241   0.1410   0.0944   0.0597   0.1312  -0.40    1.2
2026/04/23 07:39:16.700   3509418.7645    779144.2051   5250976.0488   2   8   0.2202   0.1240   0.1409   0.0943   0.0596   0.1311  -0.30    1.2
2026/04/23 07:39:16.800   3509418.7641    779144.2034   5250976.0520   2   8   0.2200   0.1240   0.1407   0.0942   0.0595   0.1310  -0.20    1.2
2026/04/23 07:39:16.900   3509418.7638    779144.2020   5250976.0546   2   8   0.2199   0.1239   0.1405   0.0941   0.0594   0.1309  -0.10    1.2
2026/04/23 07:39:17.000   3509418.7636    779144.2011   5250976.0573   2   8   0.2197   0.1238   0.1403   0.0940   0.0593   0.1308   0.00    1.2
2026/04/23 07:39:17.100   3509418.7625    779144.2006   5250976.0600   2   8   0.2196   0.1237   0.1401   0.0940   0.0592   0.1307   0.10    1.2
2026/04/23 07:39:17.200   3509418.7620    779144.1995   5250976.0632   2   8   0.2194   0.1236   0.1399   0.0939   0.0591   0.1306   0.20    1.2
2026/04/23 07:39:17.300   3509418.7622    779144.1976   5250976.0671   2   8   0.2193   0.1235   0.1397   0.0938   0.0590   0.1304   0.30    1.2
2026/04/23 07:39:17.400   3509418.7634    779144.1963   5250976.0722   2   8   0.2191   0.1234   0.1395   0.0937   0.0590   0.1303   0.40    1.2
2026/04/23 07:39:17.500   3509418.7646    779144.1955   5250976.0753   2   8   0.2190   0.1233   0.1394   0.0936   0.0589   0.1302  -0.50    1.2
2026/04/23 07:39:17.600   3509418.7655    779144.1939   5250976.0795   2   8   0.2188   0.1232   0.1392   0.0936   0.0588   0.1301  -0.40    1.2
2026/04/23 07:39:17.700   3509418.7665    779144.1931   5250976.0837   2   8   0.2187   0.1231   0.1390   0.0935   0.0587   0.1300  -0.30    1.2
2026/04/23 07:39:17.800   3509418.7673    779144.1919   5250976.0882   2   8   0.2185   0.1230   0.1388   0.0934   0.0586   0.1299  -0.20    1.2
2026/04/23 07:39:17.900   3509418.7675    779144.1913   5250976.0922   2   8   0.2184   0.1229   0.1386   0.0933   0.0585   0.1298  -0.10    1.2
2026/04/23 07:39:18.000   3509418.7686    779144.1911   5250976.0969   2   8   0.2182   0.1228   0.1384   0.0932   0.0584   0.1297   0.00    1.2
2026/04/23 07:39:18.100   3509418.7692    779144.1914   5250976.1013   2   8   0.2181   0.1227   0.1383   0.0932   0.0583   0.1295   0.10    1.2
2026/04/23 07:39:18.200   3509418.7695    779144.1924   5250976.1049   2   8   0.2179   0.1227   0.1381   0.0931   0.0582   0.1294   0.20    1.2
2026/04/23 07:39:18.300   3509418.7692    779144.1931   5250976.1084   2   8   0.2178   0.1226   0.1379   0.0930   0.0582   0.1293   0.30    1.2
2026/04/23 07:39:18.400   3509418.7701    779144.1942   5250976.1129   2   8   0.2176   0.1225   0.1377   0.0929   0.0581   0.1292   0.40    1.2
2026/04/23 07:39:18.500   3509418.7708    779144.1950   5250976.1155   2   8   0.2175   0.1224   0.1375   0.0929   0.0580   0.1291  -0.50    1.2
2026/04/23 07:39:18.600   3509418.7714    779144.1944   5250976.1166   2   8   0.2173   0.1223   0.1374   0.0928   0.0579   0.1290  -0.40    1.2
2026/04/23 07:39:18.700   3509418.7721    779144.1928   5250976.1160   2   8   0.2172   0.1222   0.1372   0.0927   0.0578   0.1289  -0.30    1.2
2026/04/23 07:39:18.800   3509418.7711    779144.1912   5250976.1146   2   8   0.2171   0.1221   0.1370   0.0926   0.0577   0.1288  -0.20    1.2
2026/04/23 07:39:18.900   3509418.7696    779144.1904   5250976.1165   2   8   0.2169   0.1220   0.1368   0.0925   0.0576   0.1286  -0.10    1.2
2026/04/23 07:39:19.000   3509418.7685    779144.1895   5250976.1179   2   8   0.2168   0.1219   0.1366   0.0925   0.0576   0.1285   0.00    1.2
2026/04/23 07:39:19.100   3509418.7695    779144.1894   5250976.1198   2   8   0.2166   0.1218   0.1365   0.0924   0.0575   0.1284   0.10    1.2
2026/04/23 07:39:19.200   3509418.7701    779144.1894   5250976.1235   2   8   0.2165   0.1218   0.1363   0.0923   0.0574   0.1283   0.20    1.2
2026/04/23 07:39:19.300   3509418.7695    779144.1895   5250976.1267   2   8   0.2163   0.1217   0.1361   0.0922   0.0573   0.1282   0.30    1.2
2026/04/23 07:39:19.400   3509418.7696    779144.1910   5250976.1308   2   8   0.2162   0.1216   0.1359   0.0922   0.0572   0.1281   0.40    1.2
2026/04/23 07:39:19.500   3509418.7693    779144.1925   5250976.1332   2   8   0.2160   0.1215   0.1358   0.0921   0.0571   0.1280  -0.50    1.2
2026/04/23 07:39:19.600   3509418.7683    779144.1933   5250976.1327   2   8   0.2159   0.1214   0.1356   0.0920   0.0571   0.1279  -0.40    1.2
2026/04/23 07:39:19.700   3509418.7680    779144.1930   5250976.1325   2   8   0.2157   0.1213   0.1354   0.0919   0.0570   0.1278  -0.30    1.2
2026/04/23 07:39:19.800   3509418.7672    779144.1922   5250976.1335   2   8   0.2156   0.1212   0.1352   0.0919   0.0569   0.1277  -0.20    1.2
2026/04/23 07:39:19.900   3509418.7670    779144.1916   5250976.1350   2   8   0.2154   0.1211   0.1351   0.0918   0.0568   0.1275  -0.10    1.2
2026/04/23 07:39:20.000   3509418.7671    779144.1908   5250976.1350   2   8   0.2153   0.1210   0.1349   0.0917   0.0567   0.1274   0.00    1.2
2026/04/23 07:39:20.100   3509418.7670    779144.1905   5250976.1339   2   8   0.2152   0.1210   0.1347   0.0916   0.0566   0.1273   0.10    1.2
2026/04/23 07:39:20.200   3509418.7673    779144.1896   5250976.1330   2   8   0.2150   0.1209   0.1345   0.0915   0.0566   0.1272   0.20    1.2
2026/04/23 07:39:20.300   3509418.7674    779144.1884   5250976.1332   2   8   0.2149   0.1208   0.1344   0.0915   0.0565   0.1271   0.30    1.2
2026/04/23 07:39:20.400   3509418.7680    779144.1878   5250976.1333   2   8   0.2147   0.1207   0.1342   0.0914   0.0564   0.1270   0.40    1.2
2026/04/23 07:39:20.500   3509418.7698    779144.1881   5250976.1329   2   8   0.2146   0.1206   0.1340   0.0913   0.0563   0.1269  -0.50    1.2
2026/04/23 07:39:20.600   3509418.7732    779144.1881   5250976.1337   2   8   0.2144   0.1205   0.1339   0.0912   0.0562   0.1268  -0.40    1.2
2026/04/23 07:39:20.700   3509418.7775    779144.1875   5250976.1346   2   8   0.2143   0.1204   0.1337   0.0912   0.0561   0.1267  -0.30    1.2
2026/04/23 07:39:20.800   3509418.7815    779144.1864   5250976.1362   2   8   0.2141   0.1203   0.1335   0.0911   0.0561   0.1266  -0.20    1.2
2026/04/23 07:39:20.900   3509418.7847    779144.1856   5250976.1374   2   8   0.2140   0.1203   0.1333   0.0910   0.0560   0.1265  -0.10    1.2
2026/04/23 07:39:21.000   3509418.7889    779144.1843   5250976.1376   2   8   0.2139   0.1202   0.1332   0.0909   0.0559   0.1264   0.00    1.2
2026/04/23 07:39:21.100   3509418.7918    779144.1841   5250976.1391   2   8   0.2137   0.1201   0.1330   0.0909   0.0558   0.1263   0.10    1.2
2026/04/23 07:39:21.200   3509418.7982    779144.1858   5250976.1432   2   8   0.2136   0.1200   0.1328   0.0908   0.0557   0.1262   0.20    1.2
2026/04/23 07:39:21.300   3509418.8024    779144.1866   5250976.1470   2   8   0.2134   0.1199   0.1327   0.0907   0.0557   0.1260   0.30    1.2
2026/04/23 07:39:21.400   3509418.8068    779144.1872   5250976.1484   2   8   0.2133   0.1198   0.1325   0.0906   0.0556   0.1259   0.40    1.2
2026/04/23 07:39:21.500   3509418.8107    779144.1888   5250976.1510   2   8   0.2131   0.1197   0.1323   0.0906   0.0555   0.1258  -0.50    1.2
2026/04/23 07:39:21.600   3509418.8134    779144.1892   5250976.1546   2   8   0.2130   0.1197   0.1322   0.0905   0.0554   0.1257  -0.40    1.2
2026/04/23 07:39:21.700   3509418.8179    779144.1907   5250976.1585   2   8   0.2129   0.1196   0.1320   0.0904   0.0553   0.1256  -0.30    1.2
2026/04/23 07:39:21.800   3509418.8241    779144.1921   5250976.1615   2   8   0.2127   0.1195   0.1318   0.0903   0.0553   0.1255  -0.20    1.2
2026/04/23 07:39:21.900   3509418.8265    779144.1909   5250976.1631   2   8   0.2126   0.1194   0.1317   0.0903   0.0552   0.1254  -0.10    1.2
2026/04/23 07:39:22.000   3509418.8293    779144.1896   5250976.1646   2   8   0.2124   0.1193   0.1315   0.0902   0.0551   0.1253   0.00    1.2
2026/04/23 07:39:22.100   3509418.8355    779144.1908   5250976.1658   2   8   0.2123   0.1192   0.1313   0.0901   0.0550   0.1252   0.10    1.2
2026/04/23 07:39:22.200   3509418.8396    779144.1921   5250976.1687   2   8   0.2121   0.1191   0.1312   0.0900   0.0549   0.1251   0.20    1.2
2026/04/23 07:39:22.300   3509418.8462    779144.1942   5250976.1694   2   8   0.2120   0.1191   0.1310   0.0900   0.0549   0.1250   0.30    1.2
2026/04/23 07:39:22.400   3509418.8544    779144.1965   5250976.1708   2   8   0.2119   0.1190   0.1309   0.0899   0.0548   0.1249   0.40    1.2
2026/04/23 07:39:22.500   3509418.8584    779144.1980   5250976.1724   2   8   0.2117   0.1189   0.1307   0.0898   0.0547   0.1248  -0.50    1.2
2026/04/23 07:39:22.600   3509418.8617    779144.1986   5250976.1757   2   8   0.2116   0.1188   0.1305   0.0897   0.0546   0.1247  -0.40    1.2
2026/04/23 07:39:22.700   3509418.8696    779144.1989   5250976.1807   2   8   0.2114   0.1187   0.1304   0.0897   0.0545   0.1246  -0.30    1.2
2026/04/23 07:39:22.800   3509418.8758    779144.1993   5250976.1861   2   8   0.2113   0.1186   0.1302   0.0896   0.0545   0.1245  -0.20    1.2
2026/04/23 07:39:22.900   3509418.8804    779144.1998   5250976.1883   2   8   0.2112   0.1185   0.1301   0.0895   0.0544   0.1244  -0.10    1.2
2026/04/23 07:39:23.000   3509418.8820    779144.1999   5250976.1902   2   8   0.2110   0.1185   0.1299   0.0895   0.0543   0.1243   0.00    1.2
2026/04/23 07:39:23.100   3509418.8816    779144.2004   5250976.1910   2   8   0.2109   0.1184   0.1297   0.0894   0.0542   0.1242   0.10    1.2
2026/04/23 07:39:23.200   3509418.8850    779144.2012   5250976.1927   2   8   0.2107   0.1183   0.1296   0.0893   0.0542   0.1241   0.20    1.2
2026/04/23 07:39:23.300   3509418.8897    779144.2020   5250976.1952   2   8   0.2106   0.1182   0.1294   0.0892   0.0541   0.1240   0.30    1.2
2026/04/23 07:39:23.400   3509418.8904    779144.2031   5250976.1989   2   8   0.2105   0.1181   0.1293   0.0892   0.0540   0.1239   0.40    1.2
2026/04/23 07:39:23.500   3509418.8944    779144.2038   5250976.2047   2   8   0.2103   0.1181   0.1291   0.0891   0.0539   0.1238  -0.50    1.2
2026/04/23 07:39:23.600   3509418.9000    779144.2044   5250976.2092   2   8   0.2102   0.1180   0.1289   0.0890   0.0538   0.1237  -0.40    1.2
2026/04/23 07:39:23.700   3509418.9046    779144.2041   5250976.2138   2   8   0.2101   0.1179   0.1288   0.0889   0.0538   0.1236  -0.30    1.2
2026/04/23 07:39:23.800   3509418.9106    779144.2047   5250976.2174   2   8   0.2099   0.1178   0.1286   0.0889   0.0537   0.1235  -0.20    1.2
2026/04/23 07:39:23.900   3509418.9180    779144.2053   5250976.2210   2   8   0.2098   0.1177   0.1285   0.0888   0.0536   0.1234  -0.10    1.2
2026/04/23 07:39:24.000   3509418.9232    779144.2058   5250976.2250   2   8   0.2096   0.1176   0.1283   0.0887   0.0535   0.1233   0.00    1.2
2026/04/23 07:39:24.100   3509418.9282    779144.2049   5250976.2300   2   8   0.2095   0.1176   0.1281   0.0887   0.0535   0.1232   0.10    1.2
2026/04/23 07:39:24.200   3509418.9340    779144.2044   5250976.2357   2   8   0.2094   0.1175   0.1280   0.0886   0.0534   0.1231   0.20    1.2
2026/04/23 07:39:24.300   3509418.9372    779144.2048   5250976.2409   2   8   0.2092   0.1174   0.1278   0.0885   0.0533   0.1230   0.30    1.2
2026/04/23 07:39:24.400   3509418.9395    779144.2050   5250976.2448   2   8   0.2091   0.1173   0.1277   0.0884   0.0532   0.1229   0.40    1.2
2026/04/23 07:39:24.500   3509418.9436    779144.2046   5250976.2475   2   8   0.2090   0.1172   0.1275   0.0884   0.0532   0.1228  -0.50    1.2
2026/04/23 07:39:24.600   3509418.9499    779144.2050   5250976.2517   2   8   0.2088   0.1171   0.1274   0.0883   0.0531   0.1227  -0.40    1.2
2026/04/23 07:39:24.700   3509418.9549    779144.2057   5250976.2561   2   8   0.2087   0.1171   0.1272   0.0882   0.0530   0.1226  -0.30    1.2
2026/04/23 07:39:24.800   3509418.9573    779144.2061   5250976.2608   2   8   0.2085   0.1170   0.1271   0.0882   0.0529   0.1225  -0.20    1.2
2026/04/23 07:39:24.900   3509418.9591    779144.2070   5250976.2680   2   8   0.2084   0.1169   0.1269   0.0881   0.0529   0.1224  -0.10    1.2
2026/04/23 07:39:25.000   3509418.9617    779144.2079   5250976.2751   2   8   0.2083   0.1168   0.1268   0.0880   0.0528   0.1223   0.00    1.2
2026/04/23 07:39:25.100   3509418.9614    779144.2075   5250976.2803   2   8   0.2081   0.1167   0.1266   0.0879   0.0527   0.1222   0.10    1.2
2026/04/23 07:39:25.200   3509418.9624    779144.2079   5250976.2818   2   8   0.2080   0.1167   0.1265   0.0879   0.0526   0.1221   0.20    1.2
2026/04/23 07:39:25.300   3509418.9618    779144.2075   5250976.2835   2   8   0.2079   0.1166   0.1263   0.0878   0.0526   0.1220   0.30    1.2
2026/04/23 07:39:25.400   3509418.9619    779144.2064   5250976.2869   2   8   0.2077   0.1165   0.1262   0.0877   0.0525   0.1219   0.40    1.2
2026/04/23 07:39:25.500   3509418.9626    779144.2071   5250976.2899   2   8   0.2076   0.1164   0.1260   0.0877   0.0524   0.1218  -0.50    1.2
2026/04/23 07:39:25.600   3509418.9647    779144.2091   5250976.2924   2   8   0.2075   0.1163   0.1259   0.0876   0.0523   0.1217  -0.40    1.2
2026/04/23 07:39:25.700   3509418.9653    779144.2099   5250976.2923   2   8   0.2073   0.1163   0.1257   0.0875   0.0523   0.1216  -0.30    1.2
2026/04/23 07:39:25.800   3509418.9651    779144.2100   5250976.2917   2   8   0.2072   0.1162   0.1256   0.0874   0.0522   0.1215  -0.20    1.2
2026/04/23 07:39:25.900   3509418.9649    779144.2093   5250976.2919   2   8   0.2071   0.1161   0.1254   0.0874   0.0521   0.1214  -0.10    1.2
2026/04/23 07:39:26.000   3509418.9655    779144.2079   5250976.2931   2   8   0.2069   0.1160   0.1253   0.0873   0.0520   0.1213   0.00    1.2
2026/04/23 07:39:26.100   3509418.9665    779144.2083   5250976.2946   2   8   0.2068   0.1159   0.1251   0.0872   0.0520   0.1212   0.10    1.2
2026/04/23 07:39:26.200   3509418.9695    779144.2098   5250976.2972   2   8   0.2067   0.1159   0.1250   0.0872   0.0519   0.1211   0.20    1.2
2026/04/23 07:39:26.300   3509418.9734    779144.2111   5250976.2999   2   8   0.2065   0.1158   0.1248   0.0871   0.0518   0.1210   0.30    1.2
2026/04/23 07:39:26.400   3509418.9768    779144.2103   5250976.3032   2   8   0.2064   0.1157   0.1247   0.0870   0.0518   0.1209   0.40    1.2
2026/04/23 07:39:26.500   3509418.9792    779144.2094   5250976.3055   2   8   0.2063   0.1156   0.1245   0.0870   0.0517   0.1208  -0.50    1.2
2026/04/23 07:39:26.600   3509418.9825    779144.2092   5250976.3097   2   8   0.2061   0.1155   0.1244   0.0869   0.0516   0.1207  -0.40    1.2
2026/04/23 07:39:26.700   3509418.9879    779144.2097   5250976.3136   2   8   0.2060   0.1155   0.1242   0.0868   0.0515   0.1206  -0.30    1.2
2026/04/23 07:39:26.800   3509418.9925    779144.2104   5250976.3150   2   8   0.2059   0.1154   0.1241   0.0867   0.0515   0.1205  -0.20    1.2
2026/04/23 07:39:26.900   3509418.9962    779144.2117   5250976.3174   2   8   0.2057   0.1153   0.1239   0.0867   0.0514   0.1204  -0.10    1.2
2026/04/23 07:39:27.000   3509419.0004    779144.2128   5250976.3204   2   8   0.2056   0.1152   0.1238   0.0866   0.0513   0.1203   0.00    1.2
2026/04/23 07:39:27.100   3509419.0046    779144.2138   5250976.3240   2   8   0.2055   0.1152   0.1236   0.0865   0.0513   0.1202   0.10    1.2
2026/04/23 07:39:27.200   3509419.0100    779144.2156   5250976.3264   2   8   0.2053   0.1151   0.1235   0.0865   0.0512   0.1201   0.20    1.2
2026/04/23 07:39:27.300   3509419.0150    779144.2179   5250976.3287   2   8   0.2052   0.1150   0.1233   0.0864   0.0511   0.1200   0.30    1.2
2026/04/23 07:39:27.400   3509419.0195    779144.2205   5250976.3316   2   8   0.2051   0.1149   0.1232   0.0863   0.0510   0.1199   0.40    1.2
2026/04/23 07:39:27.500   3509419.0239    779144.2232   5250976.3333   2   8   0.2049   0.1148   0.1231   0.0863   0.0510   0.1198  -0.50    1.2
2026/04/23 07:39:27.600   3509419.0299    779144.2256   5250976.3342   2   8   0.2048   0.1148   0.1229   0.0862   0.0509   0.1197  -0.40    1.2
2026/04/23 07:39:27.700   3509419.0361    779144.2274   5250976.3337   2   8   0.2047   0.1147   0.1228   0.0861   0.0508   0.1196  -0.30    1.2
2026/04/23 07:39:27.800   3509419.0414    779144.2286   5250976.3344   2   8   0.2045   0.1146   0.1226   0.0861   0.0508   0.1195  -0.20    1.2
2026/04/23 07:39:27.900   3509419.0465    779144.2291   5250976.3363   2   8   0.2044   0.1145   0.1225   0.0860   0.0507   0.1194  -0.10    1.2
2026/04/23 07:39:28.000   3509419.0508    779144.2294   5250976.3399   2   8   0.2043   0.1145   0.1223   0.0859   0.0506   0.1194   0.00    1.2
2026/04/23 07:39:28.100   3509419.0561    779144.2302   5250976.3433   2   8   0.2042   0.1144   0.1222   0.0859   0.0505   0.1193   0.10    1.2
2026/04/23 07:39:28.200   3509419.0605    779144.2313   5250976.3462   2   8   0.2040   0.1143   0.1221   0.0858   0.0505   0.1192   0.20    1.2
2026/04/23 07:39:28.300   3509419.0657    779144.2331   5250976.3488   2   8   0.2039   0.1142   0.1219   0.0857   0.0504   0.1191   0.30    1.2
2026/04/23 07:39:28.400   3509419.0705    779144.2344   5250976.3512   2   8   0.2038   0.1142   0.1218   0.0857   0.0503   0.1190   0.40    1.2
2026/04/23 07:39:28.500   3509419.0758    779144.2354   5250976.3531   2   8   0.2036   0.1141   0.1216   0.0856   0.0503   0.1189  -0.50    1.2
2026/04/23 07:39:28.600   3509419.0830    779144.2365   5250976.3540   2   8   0.2035   0.1140   0.1215   0.0855   0.0502   0.1188  -0.40    1.2
2026/04/23 07:39:28.700   3509419.0895    779144.2382   5250976.3544   2   8   0.2034   0.1139   0.1214   0.0855   0.0501   0.1187  -0.30    1.3
2026/04/23 07:39:28.800   3509419.0966    779144.2403   5250976.3562   2   8   0.2032   0.1138   0.1212   0.0854   0.0501   0.1186  -0.20    1.3
2026/04/23 07:39:28.900   3509419.1049    779144.2424   5250976.3584   2   8   0.2031   0.1138   0.1211   0.0853   0.0500   0.1185  -0.10    1.3
2026/04/23 07:39:29.000   3509419.1139    779144.2438   5250976.3607   2   8   0.2030   0.1137   0.1209   0.0852   0.0499   0.1184   0.00    1.3
2026/04/23 07:39:29.100   3509419.1232    779144.2457   5250976.3626   2   8   0.2029   0.1136   0.1208   0.0852   0.0499   0.1183   0.10    1.3
2026/04/23 07:39:29.200   3509419.1303    779144.2481   5250976.3651   2   8   0.2027   0.1135   0.1207   0.0851   0.0498   0.1182   0.20    1.3
2026/04/23 07:39:29.300   3509419.1375    779144.2507   5250976.3686   2   8   0.2026   0.1135   0.1205   0.0850   0.0497   0.1181   0.30    1.3
2026/04/23 07:39:29.400   3509419.1411    779144.2535   5250976.3710   2   8   0.2025   0.1134   0.1204   0.0850   0.0497   0.1181   0.40    1.3
2026/04/23 07:39:29.500   3509419.1485    779144.2562   5250976.3713   2   8   0.2023   0.1133   0.1203   0.0849   0.0496   0.1180  -0.50    1.3
2026/04/23 07:39:29.600   3509419.1558    779144.2594   5250976.3722   2   8   0.2022   0.1132   0.1201   0.0848   0.0495   0.1179  -0.40    1.3
2026/04/23 07:39:29.700   3509419.1631    779144.2624   5250976.3738   2   8   0.2021   0.1132   0.1200   0.0848   0.0494   0.1178  -0.30    1.3
2026/04/23 07:39:29.800   3509419.1710    779144.2650   5250976.3766   2   8   0.2020   0.1131   0.1199   0.0847   0.0494   0.1177  -0.20    1.3
2026/04/23 07:39:29.900   3509419.1779    779144.2664   5250976.3800   2   8   0.2018   0.1130   0.1197   0.0846   0.0493   0.1176  -0.10    1.3
2026/04/23 07:39:30.000   3509419.1830    779144.2683   5250976.3826   2   8   0.2017   0.1129   0.1196   0.0846   0.0492   0.1175   0.00    1.3
2026/04/23 07:39:30.100   3509419.1894    779144.2710   5250976.3841   2   8   0.2016   0.1129   0.1194   0.0845   0.0492   0.1174   0.10    1.3
2026/04/23 07:39:30.200   3509419.1955    779144.2734   5250976.3858   2   8   0.2014   0.1128   0.1193   0.0844   0.0491   0.1173   0.20    1.3
2026/04/23 07:39:30.300   3509419.2038    779144.2760   5250976.3857   2   8   0.2013   0.1127   0.1192   0.0844   0.0490   0.1172   0.30    1.3
2026/04/23 07:39:30.400   3509419.2121    779144.2776   5250976.3844   2   8   0.2012   0.1126   0.1190   0.0843   0.0490   0.1171   0.40    1.3
2026/04/23 07:39:30.500   3509419.2210    779144.2786   5250976.3826   2   8   0.2011   0.1126   0.1189   0.0843   0.0489   0.1170  -0.50    1.3
2026/04/23 07:39:30.600   3509419.2289    779144.2813   5250976.3799   2   8   0.2009   0.1125   0.1188   0.0842   0.0488   0.1170  -0.40    1.3
2026/04/23 07:39:30.700   3509419.2364    779144.2830   5250976.3783   2   8   0.2008   0.1124   0.1186   0.0841   0.0488   0.1169  -0.30    1.3
2026/04/23 07:39:30.800   3509419.2423    779144.2832   5250976.3769   2   8   0.2007   0.1124   0.1185   0.0841   0.0487   0.1168  -0.20    1.3
2026/04/23 07:39:30.900   3509419.2453    779144.2808   5250976.3741   2   8   0.2006   0.1123   0.1184   0.0840   0.0486   0.1167  -0.10    1.3
2026/04/23 07:39:31.000   3509419.2478    779144.2771   5250976.3718   2   8   0.2004   0.1122   0.1182   0.0839   0.0486   0.1166   0.00    1.3
2026/04/23 07:39:31.100   3509419.2522    779144.2757   5250976.3718   2   8   0.2003   0.1121   0.1181   0.0839   0.0485   0.1165   0.10    1.3
2026/04/23 07:39:31.200   3509419.2552    779144.2758   5250976.3728   2   8   0.2002   0.1121   0.1180   0.0838   0.0484   0.1164   0.20    1.3
2026/04/23 07:39:31.300   3509419.2562    779144.2759   5250976.3732   2   8   0.2001   0.1120   0.1179   0.0837   0.0484   0.1163   0.30    1.3
2026/04/23 07:39:31.400   3509419.2618    779144.2773   5250976.3720   2   8   0.1999   0.1119   0.1177   0.0837   0.0483   0.1162   0.40    1.3
2026/04/23 07:39:31.500   3509419.2683    779144.2784   5250976.3706   2   8   0.1998   0.1118   0.1176   0.0836   0.0483   0.1162  -0.50    1.3
2026/04/23 07:39:31.600   3509419.2758    779144.2802   5250976.3691   2   8   0.1997   0.1118   0.1175   0.0835   0.0482   0.1161  -0.40    1.3
2026/04/23 07:39:31.700   3509419.2848    779144.2821   5250976.3669   2   8   0.1996   0.1117   0.1173   0.0835   0.0481   0.1160  -0.30    1.3
2026/04/23 07:39:31.800   3509419.2936    779144.2834   5250976.3655   2   8   0.1994   0.1116   0.1172   0.0834   0.0481   0.1159  -0.20    1.3
2026/04/23 07:39:31.900   3509419.3020    779144.2846   5250976.3638   2   8   0.1993   0.1116   0.1171   0.0833   0.0480   0.1158  -0.10    1.3
2026/04/23 07:39:32.000   3509419.3084    779144.2866   5250976.3620   2   8   0.1992   0.1115   0.1169   0.0833   0.0479   0.1157   0.00    1.3
2026/04/23 07:39:32.100   3509419.3170    779144.2892   5250976.3614   2   8   0.1991   0.1114   0.1168   0.0832   0.0479   0.1156   0.10    1.3
2026/04/23 07:39:32.200   3509419.3265    779144.2915   5250976.3643   2   8   0.1989   0.1113   0.1167   0.0831   0.0478   0.1155   0.20    1.3
2026/04/23 07:39:32.300   3509419.3342    779144.2946   5250976.3662   2   8   0.1988   0.1113   0.1166   0.0831   0.0477   0.1154   0.30    1.3
2026/04/23 07:39:32.400   3509419.3395    779144.2989   5250976.3663   2   8   0.1987   0.1112   0.1164   0.0830   0.0477   0.1154   0.40    1.3
2026/04/23 07:39:32.500   3509419.3458    779144.3033   5250976.3670   2   8   0.1986   0.1111   0.1163   0.0830   0.0476   0.1153  -0.50    1.3
2026/04/23 07:39:32.600   3509419.3501    779144.3063   5250976.3678   2   8   0.1984   0.1110   0.1162   0.0829   0.0475   0.1152  -0.40    1.3
2026/04/23 07:39:32.700   3509419.3554    779144.3094   5250976.3697   2   8   0.1983   0.1110   0.1160   0.0828   0.0475   0.1151  -0.30    1.3
2026/04/23 07:39:32.800   3509419.3625    779144.3125   5250976.3714   2   8   0.1982   0.1109   0.1159   0.0828   0.0474   0.1150  -0.20    1.3
2026/04/23 07:39:32.900   3509419.3674    779144.3148   5250976.3725   2   8   0.1981   0.1108   0.1158   0.0827   0.0474   0.1149  -0.10    1.3
2026/04/23 07:39:33.000   3509419.3728    779144.3165   5250976.3754   2   8   0.1980   0.1108   0.1157   0.0826   0.0473   0.1148   0.00    1.3
2026/04/23 07:39:33.100   3509419.3783    779144.3192   5250976.3779   2   8   0.1978   0.1107   0.1155   0.0826   0.0472   0.1148   0.10    1.3
2026/04/23 07:39:33.200   3509419.3849    779144.3220   5250976.3789   2   8   0.1977   0.1106   0.1154   0.0825   0.0472   0.1147   0.20    1.3
2026/04/23 07:39:33.300   3509419.3901    779144.3240   5250976.3818   2   8   0.1976   0.1106   0.1153   0.0824   0.0471   0.1146   0.30    1.3
2026/04/23 07:39:33.400   3509419.3942    779144.3252   5250976.3833   2   8   0.1975   0.1105   0.1152   0.0824   0.0470   0.1145   0.40    1.3
2026/04/23 07:39:33.500   3509419.3968    779144.3256   5250976.3858   2   8   0.1973   0.1104   0.1150   0.0823   0.0470   0.1144  -0.50    1.3
2026/04/23 07:39:33.600   3509419.3988    779144.3275   5250976.3881   2   8   0.1972   0.1103   0.1149   0.0823   0.0469   0.1143  -0.40    1.3
2026/04/23 07:39:33.700   3509419.4005    779144.3288   5250976.3913   2   8   0.1971   0.1103   0.1148   0.0822   0.0469   0.1142  -0.30    1.3
2026/04/23 07:39:33.800   3509419.4038    779144.3294   5250976.3943   2   8   0.1970   0.1102   0.1147   0.0821   0.0468   0.1141  -0.20    1.3
2026/04/23 07:39:33.900   3509419.4068    779144.3311   5250976.3946   2   8   0.1969   0.1101   0.1145   0.0821   0.0467   0.1141  -0.10    1.3
2026/04/23 07:39:34.000   3509419.4091    779144.3329   5250976.3950   2   8   0.1967   0.1101   0.1144   0.0820   0.0467   0.1140   0.00    1.3
2026/04/23 07:39:34.100   3509419.4083    779144.3347   5250976.3964   2   8   0.1966   0.1100   0.1143   0.0819   0.0466   0.1139   0.10    1.3
2026/04/23 07:39:34.200   3509419.4090    779144.3365   5250976.3971   2   8   0.1965   0.1099   0.1142   0.0819   0.0465   0.1138   0.20    1.3
2026/04/23 07:39:34.300   3509419.4114    779144.3376   5250976.3990   2   8   0.1964   0.1098   0.1141   0.0818   0.0465   0.1137   0.30    1.3
2026/04/23 07:39:34.400   3509419.4124    779144.3397   5250976.4006   2   8   0.1963   0.1098   0.1139   0.0817   0.0464   0.1136   0.40    1.3
2026/04/23 07:39:34.500   3509419.4150    779144.3407   5250976.4001   2   8   0.1961   0.1097   0.1138   0.0817   0.0464   0.1136  -0.50    1.3
2026/04/23 07:39:34.600   3509419.4151    779144.3411   5250976.4007   2   8   0.1960   0.1096   0.1137   0.0816   0.0463   0.1135  -0.40    1.3
2026/04/23 07:39:34.700   3509419.4090    779144.3407   5250976.4008   2   8   0.1959   0.1096   0.1136   0.0816   0.0462   0.1134  -0.30    1.3
2026/04/23 07:39:34.800   3509419.4020    779144.3402   5250976.4001   2   8   0.1958   0.1095   0.1134   0.0815   0.0462   0.1133  -0.20    1.3
2026/04/23 07:39:34.900   3509419.3962    779144.3400   5250976.3957   2   8   0.1957   0.1094   0.1133   0.0814   0.0461   0.1132  -0.10    1.3
2026/04/23 07:39:35.000   3509419.3971    779144.3420   5250976.3896   2   8   0.1955   0.1094   0.1132   0.0814   0.0460   0.1131   0.00    1.3
2026/04/23 07:39:35.100   3509419.3966    779144.3418   5250976.3829   2   8   0.1954   0.1093   0.1131   0.0813   0.0460   0.1130   0.10    1.3
2026/04/23 07:39:35.200   3509419.3966    779144.3407   5250976.3748   2   8   0.1953   0.1092   0.1130   0.0812   0.0459   0.1130   0.20    1.3
2026/04/23 07:39:35.300   3509419.3977    779144.3392   5250976.3664   2   8   0.1952   0.1092   0.1128   0.0812   0.0459   0.1129   0.30    1.3
2026/04/23 07:39:35.400   3509419.3992    779144.3384   5250976.3584   2   8   0.1951   0.1091   0.1127   0.0811   0.0458   0.1128   0.40    1.3
2026/04/23 07:39:35.500   3509419.4024    779144.3387   5250976.3504   2   8   0.1949   0.1090   0.1126   0.0811   0.0457   0.1127  -0.50    1.3
2026/04/23 07:39:35.600   3509419.4056    779144.3392   5250976.3433   2   8   0.1948   0.1090   0.1125   0.0810   0.0457   0.1126  -0.40    1.3
2026/04/23 07:39:35.700   3509419.4066    779144.3388   5250976.3369   2   8   0.1947   0.1089   0.1124   0.0809   0.0456   0.1126  -0.30    1.3
2026/04/23 07:39:35.800   3509419.4059    779144.3375   5250976.3309   2   8   0.1946   0.1088   0.1123   0.0809   0.0456   0.1125  -0.20    1.3
2026/04/23 07:39:35.900   3509419.4026    779144.3352   5250976.3269   2   8   0.1945   0.1088   0.1121   0.0808   0.0455   0.1124  -0.10    1.3
2026/04/23 07:39:36.000   3509419.4077    779144.3368   5250976.3212   2   7   0.1944   0.1087   0.1120   0.0808   0.0454   0.1123   0.00    1.0
2026/04/23 07:39:36.100   3509419.4114    779144.3379   5250976.3169   2   7   0.1944   0.1086   0.1119   0.0808   0.0454   0.1122   0.10    1.0
2026/04/23 07:39:36.200   3509419.4155    779144.3385   5250976.3129   2   7   0.1943   0.1086   0.1118   0.0807   0.0453   0.1122   0.20    1.0
2026/04/23 07:39:36.300   3509419.4179    779144.3385   5250976.3108   2   8   0.1941   0.1085   0.1117   0.0806   0.0453   0.1121   0.30    1.3
2026/04/23 07:39:36.400   3509419.4187    779144.3381   5250976.3103   2   8   0.1940   0.1084   0.1116   0.0806   0.0452   0.1120   0.40    1.3
2026/04/23 07:39:36.500   3509419.4169    779144.3376   5250976.3105   2   8   0.1938   0.1084   0.1115   0.0805   0.0452   0.1119  -0.50    1.3
2026/04/23 07:39:36.600   3509419.4117    779144.3351   5250976.3093   2   8   0.1937   0.1083   0.1114   0.0804   0.0451   0.1119  -0.40    1.3
2026/04/23 07:39:36.700   3509419.4072    779144.3312   5250976.3061   2   8   0.1936   0.1082   0.1113   0.0804   0.0451   0.1118  -0.30    1.3
2026/04/23 07:39:36.800   3509419.4002    779144.3280   5250976.3027   2   8   0.1934   0.1082   0.1112   0.0803   0.0450   0.1117  -0.20    1.3
2026/04/23 07:39:36.900   3509419.3984    779144.3257   5250976.3016   2   8   0.1933   0.1081   0.1111   0.0802   0.0450   0.1116  -0.10    1.3
2026/04/23 07:39:37.000   3509419.3950    779144.3243   5250976.3002   2   8   0.1932   0.1080   0.1110   0.0802   0.0449   0.1115   0.00    1.3
2026/04/23 07:39:37.100   3509419.3983    779144.3245   5250976.2959   2   7   0.1932   0.1080   0.1109   0.0802   0.0448   0.1114   0.10    1.0
2026/04/23 07:39:37.200   3509419.4029    779144.3243   5250976.2929   2   8   0.1931   0.1079   0.1108   0.0801   0.0448   0.1114   0.20    1.0
2026/04/23 07:39:37.300   3509419.4078    779144.3255   5250976.2884   2   7   0.1930   0.1078   0.1107   0.0801   0.0447   0.1113   0.30    1.0
2026/04/23 07:39:37.400   3509419.4130    779144.3257   5250976.2858   2   7   0.1929   0.1078   0.1106   0.0801   0.0447   0.1112   0.40    1.0
2026/04/23 07:39:37.500   3509419.4191    779144.3256   5250976.2833   2   7   0.1929   0.1077   0.1105   0.0800   0.0447   0.1112  -0.50    1.0
2026/04/23 07:39:37.600   3509419.4253    779144.3252   5250976.2813   2   7   0.1928   0.1077   0.1104   0.0800   0.0446   0.1111  -0.40    1.0
2026/04/23 07:39:37.700   3509419.4287    779144.3252   5250976.2804   2   7   0.1927   0.1076   0.1103   0.0799   0.0446   0.1111  -0.30    1.0
2026/04/23 07:39:37.800   3509419.4306    779144.3239   5250976.2796   2   7   0.1926   0.1075   0.1103   0.0799   0.0446   0.1110  -0.20    1.0
2026/04/23 07:39:37.900   3509419.4337    779144.3224   5250976.2791   2   7   0.1925   0.1075   0.1102   0.0798   0.0445   0.1110  -0.10    1.0
2026/04/23 07:39:38.000   3509419.4373    779144.3211   5250976.2804   2   7   0.1924   0.1074   0.1102   0.0798   0.0445   0.1109   0.00    1.0
2026/04/23 07:39:38.100   3509419.4395    779144.3209   5250976.2814   2   7   0.1923   0.1073   0.1101   0.0798   0.0445   0.1109   0.10    1.0
2026/04/23 07:39:38.200   3509419.4419    779144.3208   5250976.2826   2   7   0.1922   0.1073   0.1101   0.0797   0.0444   0.1108   0.20    1.0
2026/04/23 07:39:38.300   3509419.4444    779144.3193   5250976.2838   2   7   0.1921   0.1072   0.1101   0.0797   0.0444   0.1108   0.30    1.0
2026/04/23 07:39:38.400   3509419.4453    779144.3172   5250976.2857   2   7   0.1920   0.1072   0.1100   0.0796   0.0444   0.1107   0.40    1.0
2026/04/23 07:39:38.500   3509419.4464    779144.3154   5250976.2869   2   7   0.1919   0.1071   0.1100   0.0796   0.0444   0.1107  -0.50    1.0
2026/04/23 07:39:38.600   3509419.4487    779144.3148   5250976.2879   2   7   0.1918   0.1070   0.1100   0.0795   0.0443   0.1106  -0.40    1.0
2026/04/23 07:39:38.700   3509419.4530    779144.3142   5250976.2897   2   7   0.1917   0.1070   0.1100   0.0795   0.0443   0.1106  -0.30    1.0
2026/04/23 07:39:38.800   3509419.4565    779144.3142   5250976.2914   2   7   0.1916   0.1069   0.1100   0.0794   0.0443   0.1105  -0.20    1.0
2026/04/23 07:39:38.900   3509419.4590    779144.3142   5250976.2941   2   7   0.1915   0.1069   0.1099   0.0794   0.0443   0.1105  -0.10    1.0
2026/04/23 07:39:39.000   3509419.4631    779144.3141   5250976.2966   2   7   0.1914   0.1068   0.1099   0.0793   0.0443   0.1104   0.00    1.0
2026/04/23 07:39:39.100   3509419.4703    779144.3137   5250976.2982   2   7   0.1913   0.1067   0.1099   0.0793   0.0442   0.1104   0.10    1.0
2026/04/23 07:39:39.200   3509419.4770    779144.3127   5250976.3002   2   7   0.1912   0.1067   0.1099   0.0793   0.0442   0.1103   0.20    1.0
2026/04/23 07:39:39.300   3509419.4825    779144.3116   5250976.3030   2   7   0.1911   0.1066   0.1098   0.0792   0.0442   0.1103   0.30    1.0
2026/04/23 07:39:39.400   3509419.4879    779144.3111   5250976.3065   2   7   0.1910   0.1066   0.1098   0.0792   0.0442   0.1103   0.40    1.0
2026/04/23 07:39:39.500   3509419.4927    779144.3109   5250976.3094   2   7   0.1909   0.1065   0.1098   0.0791   0.0442   0.1102  -0.50    1.0
2026/04/23 07:39:39.600   3509419.4963    779144.3108   5250976.3121   2   7   0.1908   0.1064   0.1098   0.0791   0.0442   0.1102  -0.40    1.0
2026/04/23 07:39:39.700   3509419.5002    779144.3104   5250976.3145   2   7   0.1907   0.1064   0.1098   0.0791   0.0441   0.1102  -0.30    1.0
2026/04/23 07:39:39.800   3509419.5033    779144.3101   5250976.3176   2   7   0.1906   0.1063   0.1097   0.0790   0.0441   0.1101  -0.20    1.0
2026/04/23 07:39:39.900   3509419.5067    779144.3094   5250976.3205   2   7   0.1905   0.1063   0.1097   0.0790   0.0441   0.1101  -0.10    1.0
2026/04/23 07:39:40.000   3509419.5101    779144.3083   5250976.3227   2   7   0.1904   0.1062   0.1097   0.0789   0.0441   0.1101   0.00    1.0
2026/04/23 07:39:40.100   3509419.5143    779144.3077   5250976.3255   2   7   0.1903   0.1061   0.1097   0.0789   0.0441   0.1100   0.10    1.0
2026/04/23 07:39:40.200   3509419.5188    779144.3063   5250976.3286   2   7   0.1902   0.1061   0.1097   0.0789   0.0441   0.1100   0.20    1.0
2026/04/23 07:39:40.300   3509419.5215    779144.3047   5250976.3330   2   7   0.1901   0.1060   0.1096   0.0788   0.0440   0.1099   0.30    1.0
2026/04/23 07:39:40.400   3509419.5252    779144.3042   5250976.3360   2   7   0.1901   0.1060   0.1096   0.0788   0.0440   0.1099   0.40    1.0
2026/04/23 07:39:40.500   3509419.5281    779144.3032   5250976.3383   2   7   0.1900   0.1059   0.1096   0.0787   0.0440   0.1099  -0.50    1.0
2026/04/23 07:39:40.600   3509419.5313    779144.3031   5250976.3393   2   7   0.1899   0.1058   0.1096   0.0787   0.0440   0.1098  -0.40    1.0
2026/04/23 07:39:40.700   3509419.5339    779144.3030   5250976.3408   2   7   0.1898   0.1058   0.1096   0.0786   0.0440   0.1098  -0.30    1.0
2026/04/23 07:39:40.800   3509419.5369    779144.3022   5250976.3411   2   7   0.1897   0.1057   0.1095   0.0786   0.0440   0.1098  -0.20    1.0
2026/04/23 07:39:40.900   3509419.5378    779144.3009   5250976.3414   2   7   0.1896   0.1057   0.1095   0.0786   0.0439   0.1097  -0.10    1.0
2026/04/23 07:39:41.000   3509419.5384    779144.3000   5250976.3428   2   7   0.1895   0.1056   0.1095   0.0785   0.0439   0.1097   0.00    1.0
2026/04/23 07:39:41.100   3509419.5401    779144.2995   5250976.3441   2   7   0.1894   0.1056   0.1095   0.0785   0.0439   0.1096   0.10    1.0
2026/04/23 07:39:41.200   3509419.5422    779144.2987   5250976.3461   2   7   0.1893   0.1055   0.1095   0.0784   0.0439   0.1096   0.20    1.0
2026/04/23 07:39:41.300   3509419.5439    779144.2982   5250976.3481   2   7   0.1892   0.1054   0.1094   0.0784   0.0439   0.1096   0.30    1.0
2026/04/23 07:39:41.400   3509419.5459    779144.2976   5250976.3493   2   7   0.1891   0.1054   0.1094   0.0784   0.0439   0.1095   0.40    1.0
2026/04/23 07:39:41.500   3509419.5464    779144.2958   5250976.3513   2   7   0.1890   0.1053   0.1094   0.0783   0.0438   0.1095  -0.50    1.0
2026/04/23 07:39:41.600   3509419.5461    779144.2937   5250976.3507   2   7   0.1889   0.1053   0.1094   0.0783   0.0438   0.1095  -0.40    1.0
2026/04/23 07:39:41.700   3509419.5465    779144.2913   5250976.3487   2   7   0.1888   0.1052   0.1093   0.0782   0.0438   0.1094  -0.30    1.0
2026/04/23 07:39:41.800   3509419.5471    779144.2899   5250976.3475   2   7   0.1887   0.1051   0.1093   0.0782   0.0438   0.1094  -0.20    1.0
2026/04/23 07:39:41.900   3509419.5473    779144.2880   5250976.3467   2   8   0.1886   0.1051   0.1093   0.0781   0.0438   0.1093  -0.10    1.0
2026/04/23 07:39:42.000   3509419.5485    779144.2873   5250976.3460   2   8   0.1885   0.1050   0.1093   0.0781   0.0438   0.1093   0.00    1.0
2026/04/23 07:39:42.100   3509419.5499    779144.2862   5250976.3448   2   8   0.1884   0.1050   0.1092   0.0780   0.0437   0.1093   0.10    1.0
2026/04/23 07:39:42.200   3509419.5503    779144.2852   5250976.3428   2   8   0.1883   0.1049   0.1092   0.0780   0.0437   0.1092   0.20    1.0
2026/04/23 07:39:42.300   3509419.5516    779144.2842   5250976.3411   2   8   0.1882   0.1048   0.1092   0.0779   0.0437   0.1092   0.30    1.0
2026/04/23 07:39:42.400   3509419.5520    779144.2829   5250976.3397   2   8   0.1881   0.1048   0.1091   0.0779   0.0437   0.1092   0.40    1.0
2026/04/23 07:39:42.500   3509419.5522    779144.2816   5250976.3383   2   8   0.1880   0.1047   0.1091   0.0778   0.0437   0.1092  -0.50    1.0
2026/04/23 07:39:42.600   3509419.5528    779144.2809   5250976.3387   2   8   0.1879   0.1047   0.1091   0.0778   0.0437   0.1091  -0.40    1.0
2026/04/23 07:39:42.700   3509419.5519    779144.2796   5250976.3389   2   8   0.1878   0.1046   0.1090   0.0777   0.0437   0.1091  -0.30    1.0
2026/04/23 07:39:42.800   3509419.5497    779144.2777   5250976.3386   2   8   0.1877   0.1045   0.1090   0.0777   0.0436   0.1091  -0.20    1.0
2026/04/23 07:39:42.900   3509419.5461    779144.2752   5250976.3378   2   8   0.1876   0.1045   0.1089   0.0776   0.0436   0.1091  -0.10    1.0
2026/04/23 07:39:43.000   3509419.5423    779144.2722   5250976.3361   2   8   0.1875   0.1044   0.1089   0.0776   0.0436   0.1090   0.00    1.0
2026/04/23 07:39:43.100   3509419.5389    779144.2687   5250976.3344   2   8   0.1874   0.1044   0.1088   0.0775   0.0436   0.1090   0.10    1.0
2026/04/23 07:39:43.200   3509419.5368    779144.2667   5250976.3329   2   8   0.1873   0.1043   0.1088   0.0775   0.0436   0.1090   0.20    1.0
2026/04/23 07:39:43.300   3509419.5355    779144.2641   5250976.3318   2   8   0.1872   0.1042   0.1088   0.0774   0.0436   0.1089   0.30    1.0
2026/04/23 07:39:43.400   3509419.5324    779144.2608   5250976.3318   2   8   0.1871   0.1042   0.1087   0.0774   0.0435   0.1089   0.40    1.0
2026/04/23 07:39:43.500   3509419.5287    779144.2583   5250976.3316   2   8   0.1870   0.1041   0.1087   0.0773   0.0435   0.1089  -0.50    1.0
2026/04/23 07:39:43.600   3509419.5241    779144.2559   5250976.3322   2   8   0.1869   0.1041   0.1087   0.0773   0.0435   0.1088  -0.40    1.0
2026/04/23 07:39:43.700   3509419.5202    779144.2538   5250976.3317   2   8   0.1868   0.1040   0.1086   0.0772   0.0435   0.1088  -0.30    1.0
2026/04/23 07:39:43.800   3509419.5166    779144.2510   5250976.3317   2   8   0.1867   0.1040   0.1086   0.0772   0.0435   0.1087  -0.20    1.0
2026/04/23 07:39:43.900   3509419.5138    779144.2483   5250976.3313   2   8   0.1866   0.1039   0.1086   0.0771   0.0434   0.1087  -0.10    1.0
2026/04/23 07:39:44.000   3509419.5122    779144.2466   5250976.3309   2   8   0.1865   0.1038   0.1086   0.0771   0.0434   0.1087   0.00    1.0
2026/04/23 07:39:44.100   3509419.5105    779144.2453   5250976.3317   2   8   0.1864   0.1038   0.1085   0.0770   0.0434   0.1086   0.10    1.0
2026/04/23 07:39:44.200   3509419.5089    779144.2441   5250976.3331   2   8   0.1863   0.1037   0.1085   0.0770   0.0434   0.1086   0.20    1.0
2026/04/23 07:39:44.300   3509419.5073    779144.2424   5250976.3340   2   8   0.1862   0.1037   0.1085   0.0770   0.0434   0.1086   0.30    1.0
2026/04/23 07:39:44.400   3509419.5056    779144.2410   5250976.3333   2   8   0.1861   0.1036   0.1084   0.0769   0.0434   0.1085   0.40    1.0
2026/04/23 07:39:44.500   3509419.5035    779144.2392   5250976.3324   2   8   0.1860   0.1036   0.1084   0.0769   0.0433   0.1085  -0.50    1.0
2026/04/23 07:39:44.600   3509419.5018    779144.2381   5250976.3318   2   8   0.1859   0.1035   0.1084   0.0768   0.0433   0.1084  -0.40    1.0
2026/04/23 07:39:44.700   3509419.4993    779144.2364   5250976.3322   2   8   0.1858   0.1034   0.1084   0.0768   0.0433   0.1084  -0.30    1.0
2026/04/23 07:39:44.800   3509419.4975    779144.2348   5250976.3331   2   8   0.1857   0.1034   0.1083   0.0767   0.0433   0.1084  -0.20    1.0
2026/04/23 07:39:44.900   3509419.4949    779144.2333   5250976.3350   2   8   0.1856   0.1033   0.1083   0.0767   0.0433   0.1083  -0.10    1.0
2026/04/23 07:39:45.000   3509419.4925    779144.2314   5250976.3366   2   8   0.1855   0.1033   0.1083   0.0766   0.0432   0.1083   0.00    1.1
2026/04/23 07:39:45.100   3509419.4898    779144.2295   5250976.3380   2   8   0.1854   0.1032   0.1082   0.0766   0.0432   0.1082   0.10    1.1
2026/04/23 07:39:45.200   3509419.4865    779144.2281   5250976.3392   2   8   0.1853   0.1031   0.1082   0.0765   0.0432   0.1082   0.20    1.1
2026/04/23 07:39:45.300   3509419.4824    779144.2261   5250976.3403   2   8   0.1852   0.1031   0.1082   0.0765   0.0432   0.1082   0.30    1.1
2026/04/23 07:39:45.400   3509419.4786    779144.2244   5250976.3417   2   8   0.1851   0.1030   0.1082   0.0764   0.0432   0.1081   0.40    1.1
2026/04/23 07:39:45.500   3509419.4748    779144.2231   5250976.3437   2   8   0.1850   0.1030   0.1081   0.0764   0.0431   0.1081  -0.50    1.1
2026/04/23 07:39:45.600   3509419.4710    779144.2219   5250976.3450   2   8   0.1849   0.1029   0.1081   0.0763   0.0431   0.1081  -0.40    1.1
2026/04/23 07:39:45.700   3509419.4673    779144.2197   5250976.3459   2   8   0.1848   0.1029   0.1081   0.0763   0.0431   0.1080  -0.30    1.1
2026/04/23 07:39:45.800   3509419.4636    779144.2176   5250976.3462   2   8   0.1847   0.1028   0.1081   0.0763   0.0431   0.1080  -0.20    1.1
2026/04/23 07:39:45.900   3509419.4601    779144.2160   5250976.3463   2   8   0.1846   0.1028   0.1080   0.0762   0.0431   0.1079  -0.10    1.1
2026/04/23 07:39:46.000   3509419.4563    779144.2142   5250976.3465   2   8   0.1845   0.1027   0.1080   0.0762   0.0431   0.1079   0.00    1.1
2026/04/23 07:39:46.100   3509419.4518    779144.2120   5250976.3465   2   8   0.1844   0.1026   0.1080   0.0761   0.0430   0.1079   0.10    1.1
2026/04/23 07:39:46.200   3509419.4464    779144.2102   5250976.3471   2   8   0.1843   0.1026   0.1079   0.0761   0.0430   0.1078   0.20    1.1
2026/04/23 07:39:46.300   3509419.4409    779144.2086   5250976.3468   2   8   0.1842   0.1025   0.1079   0.0760   0.0430   0.1078   0.30    1.1
2026/04/23 07:39:46.400   3509419.4356    779144.2061   5250976.3467   2   8   0.1841   0.1025   0.1079   0.0760   0.0430   0.1078   0.40    1.1
2026/04/23 07:39:46.500   3509419.4303    779144.2037   5250976.3466   2   8   0.1841   0.1024   0.1079   0.0759   0.0430   0.1077  -0.50    1.1
2026/04/23 07:39:46.600   3509419.4257    779144.2011   5250976.3462   2   8   0.1840   0.1024   0.1078   0.0759   0.0429   0.1077  -0.40    1.1
2026/04/23 07:39:46.700   3509419.4220    779144.1989   5250976.3456   2   8   0.1839   0.1023   0.1078   0.0758   0.0429   0.1077  -0.30    1.1
2026/04/23 07:39:46.800   3509419.4186    779144.1975   5250976.3446   2   8   0.1838   0.1022   0.1078   0.0758   0.0429   0.1076  -0.20    1.1
2026/04/23 07:39:46.900   3509419.4162    779144.1954   5250976.3428   2   8   0.1837   0.1022   0.1078   0.0757   0.0429   0.1076  -0.10    1.1
2026/04/23 07:39:47.000   3509419.4135    779144.1936   5250976.3411   2   8   0.1836   0.1021   0.1077   0.0757   0.0429   0.1075   0.00    1.1
2026/04/23 07:39:47.100   3509419.4117    779144.1915   5250976.3395   2   8   0.1835   0.1021   0.1077   0.0757   0.0428   0.1075   0.10    1.1
2026/04/23 07:39:47.200   3509419.4093    779144.1897   5250976.3388   2   8   0.1834   0.1020   0.1077   0.0756   0.0428   0.1075   0.20    1.1
2026/04/23 07:39:47.300   3509419.4074    779144.1881   5250976.3379   2   8   0.1833   0.1020   0.1077   0.0756   0.0428   0.1074   0.30    1.1
2026/04/23 07:39:47.400   3509419.4043    779144.1856   5250976.3375   2   8   0.1832   0.1019   0.1076   0.0755   0.0428   0.1074   0.40    1.1
2026/04/23 07:39:47.500   3509419.4025    779144.1835   5250976.3376   2   8   0.1831   0.1019   0.1076   0.0755   0.0428   0.1074  -0.50    1.1
2026/04/23 07:39:47.600   3509419.3997    779144.1813   5250976.3379   2   8   0.1830   0.1018   0.1076   0.0754   0.0428   0.1073  -0.40    1.1
2026/04/23 07:39:47.700   3509419.3965    779144.1792   5250976.3383   2   8   0.1829   0.1017   0.1076   0.0754   0.0427   0.1073  -0.30    1.1
2026/04/23 07:39:47.800   3509419.3926    779144.1769   5250976.3398   2   8   0.1828   0.1017   0.1075   0.0753   0.0427   0.1072  -0.20    1.1
2026/04/23 07:39:47.900   3509419.3897    779144.1749   5250976.3401   2   8   0.1827   0.1016   0.1075   0.0753   0.0427   0.1072  -0.10    1.1
2026/04/23 07:39:48.000   3509419.3860    779144.1735   5250976.3405   2   8   0.1826   0.1016   0.1075   0.0752   0.0427   0.1072   0.00    1.1
2026/04/23 07:39:48.100   3509419.3823    779144.1718   5250976.3424   2   8   0.1825   0.1015   0.1075   0.0752   0.0427   0.1071   0.10    1.1
2026/04/23 07:39:48.200   3509419.3802    779144.1706   5250976.3433   2   8   0.1824   0.1015   0.1074   0.0752   0.0426   0.1071   0.20    1.1
2026/04/23 07:39:48.300   3509419.3778    779144.1695   5250976.3442   2   8   0.1824   0.1014   0.1074   0.0751   0.0426   0.1071   0.30    1.1
2026/04/23 07:39:48.400   3509419.3758    779144.1682   5250976.3455   2   8   0.1823   0.1014   0.1074   0.0751   0.0426   0.1070   0.40    1.1
2026/04/23 07:39:48.500   3509419.3732    779144.1675   5250976.3472   2   8   0.1822   0.1013   0.1074   0.0750   0.0426   0.1070  -0.50    1.1
2026/04/23 07:39:48.600   3509419.3711    779144.1666   5250976.3489   2   8   0.1821   0.1012   0.1073   0.0750   0.0426   0.1069  -0.40    1.1
2026/04/23 07:39:48.700   3509419.3688    779144.1658   5250976.3509   2   8   0.1820   0.1012   0.1073   0.0749   0.0426   0.1069  -0.30    1.1
2026/04/23 07:39:48.800   3509419.3662    779144.1652   5250976.3520   2   8   0.1819   0.1011   0.1073   0.0749   0.0425   0.1069  -0.20    1.1
2026/04/23 07:39:48.900   3509419.3623    779144.1647   5250976.3533   2   8   0.1818   0.1011   0.1073   0.0748   0.0425   0.1068  -0.10    1.1
2026/04/23 07:39:49.000   3509419.3584    779144.1628   5250976.3536   2   8   0.1817   0.1010   0.1072   0.0748   0.0425   0.1068   0.00    1.1
2026/04/23 07:39:49.100   3509419.3553    779144.1612   5250976.3538   2   8   0.1816   0.1010   0.1072   0.0747   0.0425   0.1068   0.10    1.1
2026/04/23 07:39:49.200   3509419.3518    779144.1598   5250976.3543   2   8   0.1815   0.1009   0.1072   0.0747   0.0425   0.1067   0.20    1.1
2026/04/23 07:39:49.300   3509419.3485    779144.1582   5250976.3542   2   8   0.1814   0.1009   0.1072   0.0747   0.0424   0.1067   0.30    1.1
2026/04/23 07:39:49.400   3509419.3452    779144.1564   5250976.3543   2   8   0.1813   0.1008   0.1071   0.0746   0.0424   0.1066   0.40    1.1
2026/04/23 07:39:49.500   3509419.3419    779144.1545   5250976.3555   2   8   0.1812   0.1008   0.1071   0.0746   0.0424   0.1066  -0.50    1.1
2026/04/23 07:39:49.600   3509419.3386    779144.1520   5250976.3570   2   8   0.1811   0.1007   0.1071   0.0745   0.0424   0.1066  -0.40    1.1
2026/04/23 07:39:49.700   3509419.3354    779144.1501   5250976.3569   2   8   0.1811   0.1006   0.1071   0.0745   0.0424   0.1065  -0.30    1.1
2026/04/23 07:39:49.800   3509419.3323    779144.1483   5250976.3574   2   8   0.1810   0.1006   0.1070   0.0744   0.0423   0.1065  -0.20    1.1
2026/04/23 07:39:49.900   3509419.3298    779144.1468   5250976.3579   2   8   0.1809   0.1005   0.1070   0.0744   0.0423   0.1065  -0.10    1.1
2026/04/23 07:39:50.000   3509419.3273    779144.1450   5250976.3586   2   8   0.1808   0.1005   0.1070   0.0743   0.0423   0.1064   0.00    1.1
2026/04/23 07:39:50.100   3509419.3262    779144.1439   5250976.3583   2   8   0.1807   0.1004   0.1069   0.0743   0.0423   0.1064   0.10    1.1
2026/04/23 07:39:50.200   3509419.3245    779144.1433   5250976.3585   2   8   0.1806   0.1004   0.1069   0.0743   0.0423   0.1064   0.20    1.1
2026/04/23 07:39:50.300   3509419.3227    779144.1420   5250976.3586   2   8   0.1805   0.1003   0.1069   0.0742   0.0422   0.1063   0.30    1.1
2026/04/23 07:39:50.400   3509419.3204    779144.1403   5250976.3591   2   8   0.1804   0.1003   0.1069   0.0742   0.0422   0.1063   0.40    1.1
2026/04/23 07:39:50.500   3509419.3181    779144.1389   5250976.3611   2   8   0.1803   0.1002   0.1068   0.0741   0.0422   0.1062  -0.50    1.1
2026/04/23 07:39:50.600   3509419.3160    779144.1373   5250976.3636   2   8   0.1802   0.1002   0.1068   0.0741   0.0422   0.1062  -0.40    1.1
2026/04/23 07:39:50.700   3509419.3136    779144.1360   5250976.3658   2   8   0.1801   0.1001   0.1068   0.0740   0.0422   0.1062  -0.30    1.1
2026/04/23 07:39:50.800   3509419.3103    779144.1351   5250976.3677   2   8   0.1800   0.1001   0.1068   0.0740   0.0422   0.1061  -0.20    1.1
2026/04/23 07:39:50.900   3509419.3079    779144.1348   5250976.3696   2   8   0.1800   0.1000   0.1067   0.0739   0.0421   0.1061  -0.10    1.1
2026/04/23 07:39:51.000   3509419.3056    779144.1345   5250976.3710   2   8   0.1799   0.1000   0.1067   0.0739   0.0421   0.1061   0.00    1.1
2026/04/23 07:39:51.100   3509419.3023    779144.1335   5250976.3726   2   8   0.1798   0.0999   0.1067   0.0739   0.0421   0.1060   0.10    1.1
2026/04/23 07:39:51.200   3509419.3000    779144.1325   5250976.3739   2   8   0.1797   0.0998   0.1067   0.0738   0.0421   0.1060   0.20    1.1
2026/04/23 07:39:51.300   3509419.2980    779144.1317   5250976.3751   2   8   0.1796   0.0998   0.1066   0.0738   0.0421   0.1059   0.30    1.1
2026/04/23 07:39:51.400   3509419.2979    779144.1311   5250976.3762   2   8   0.1795   0.0997   0.1066   0.0737   0.0420   0.1059   0.40    1.1
2026/04/23 07:39:51.500   3509419.2977    779144.1298   5250976.3769   2   8   0.1794   0.0997   0.1066   0.0737   0.0420   0.1059  -0.50    1.1
2026/04/23 07:39:51.600   3509419.2975    779144.1281   5250976.3777   2   8   0.1793   0.0996   0.1066   0.0736   0.0420   0.1058  -0.40    1.1
2026/04/23 07:39:51.700   3509419.2972    779144.1271   5250976.3778   2   8   0.1792   0.0996   0.1065   0.0736   0.0420   0.1058  -0.30    1.1
2026/04/23 07:39:51.800   3509419.2959    779144.1260   5250976.3792   2   8   0.1791   0.0995   0.1065   0.0735   0.0420   0.1058  -0.20    1.1
2026/04/23 07:39:51.900   3509419.3018    779144.1365   5250976.3745   2   8   0.1791   0.0995   0.1065   0.0735   0.0419   0.1057  -0.10    1.1
2026/04/23 07:39:52.000   3509419.3170    779144.2037   5250976.3598   2   8   0.1790   0.0994   0.1064   0.0735   0.0419   0.1057   0.00    1.1
2026/04/23 07:39:52.100   3509419.3359    779144.3512   5250976.3255   2   8   0.1789   0.0994   0.1064   0.0734   0.0419   0.1056   0.10    1.1
2026/04/23 07:39:52.200   3509419.3324    779144.4865   5250976.3109   2   8   0.1788   0.0993   0.1064   0.0734   0.0419   0.1056   0.20    1.1
2026/04/23 07:39:52.300   3509419.3168    779144.6058   5250976.2998   2   8   0.1787   0.0993   0.1064   0.0733   0.0419   0.1056   0.30    1.2
2026/04/23 07:39:52.400   3509419.3116    779144.6995   5250976.2875   2   8   0.1786   0.0992   0.1063   0.0733   0.0418   0.1055   0.40    1.2
2026/04/23 07:39:52.500   3509419.3124    779144.7553   5250976.2785   2   8   0.1785   0.0992   0.1063   0.0732   0.0418   0.1055  -0.50    1.2
2026/04/23 07:39:52.600   3509419.2874    779144.7728   5250976.2682   2   8   0.1785   0.0991   0.1063   0.0732   0.0418   0.1055  -0.40    1.1
2026/04/23 07:39:52.700   3509419.2740    779144.7587   5250976.2645   2   8   0.1786   0.0991   0.1063   0.0732   0.0418   0.1056  -0.30    1.1
2026/04/23 07:39:52.800   3509419.2757    779144.7259   5250976.2680   2   8   0.1786   0.0990   0.1063   0.0731   0.0418   0.1056  -0.20    1.1
2026/04/23 07:39:52.900   3509419.2823    779144.6881   5250976.2738   2   8   0.1786   0.0990   0.1063   0.0731   0.0418   0.1056  -0.10    1.2
2026/04/23 07:39:53.000   3509419.2894    779144.6522   5250976.2798   2   8   0.1785   0.0989   0.1063   0.0731   0.0418   0.1057   0.00    1.2
2026/04/23 07:39:53.100   3509419.2915    779144.6233   5250976.2832   2   8   0.1785   0.0989   0.1063   0.0732   0.0418   0.1057   0.10    1.2
2026/04/23 07:39:53.200   3509419.2889    779144.6008   5250976.2874   2   8   0.1784   0.0988   0.1063   0.0732   0.0419   0.1057   0.20    1.2
2026/04/23 07:39:53.300   3509419.2862    779144.5829   5250976.2901   2   8   0.1784   0.0988   0.1063   0.0732   0.0419   0.1057   0.30    1.3
2026/04/23 07:39:53.400   3509419.2823    779144.5713   5250976.2917   2   8   0.1783   0.0987   0.1064   0.0732   0.0419   0.1057   0.40    1.3
2026/04/23 07:39:53.500   3509419.2787    779144.5649   5250976.2928   2   8   0.1782   0.0987   0.1064   0.0732   0.0420   0.1057  -0.50    1.3
2026/04/23 07:39:53.600   3509419.2773    779144.5641   5250976.2934   2   8   0.1782   0.0987   0.1064   0.0731   0.0420   0.1057  -0.40    1.3
2026/04/23 07:39:53.700   3509419.2746    779144.5675   5250976.2939   2   8   0.1781   0.0986   0.1064   0.0731   0.0420   0.1057  -0.30    1.3
2026/04/23 07:39:53.800   3509419.2745    779144.5733   5250976.2951   2   8   0.1780   0.0986   0.1064   0.0731   0.0421   0.1057  -0.20    1.4
2026/04/23 07:39:53.900   3509419.2733    779144.5791   5250976.2945   2   8   0.1779   0.0985   0.1064   0.0731   0.0421   0.1057  -0.10    1.4
2026/04/23 07:39:54.000   3509419.2702    779144.5868   5250976.2942   2   8   0.1778   0.0985   0.1064   0.0731   0.0421   0.1057   0.00    1.4
2026/04/23 07:39:54.100   3509419.2679    779144.5942   5250976.2919   2   8   0.1778   0.0985   0.1063   0.0731   0.0421   0.1056   0.10    1.4
2026/04/23 07:39:54.200   3509419.2644    779144.6008   5250976.2887   2   8   0.1777   0.0984   0.1063   0.0730   0.0421   0.1056   0.20    1.4
2026/04/23 07:39:54.300   3509419.2624    779144.6068   5250976.2862   2   8   0.1776   0.0984   0.1063   0.0730   0.0421   0.1056   0.30    1.5
2026/04/23 07:39:54.400   3509419.2582    779144.6100   5250976.2835   2   8   0.1775   0.0983   0.1063   0.0730   0.0421   0.1056   0.40    1.5
2026/04/23 07:39:54.500   3509419.2543    779144.6118   5250976.2820   2   8   0.1775   0.0983   0.1063   0.0729   0.0421   0.1055  -0.50    1.5
2026/04/23 07:39:54.600   3509419.2532    779144.6135   5250976.2773   2   8   0.1774   0.0982   0.1062   0.0729   0.0421   0.1055  -0.40    1.5
2026/04/23 07:39:54.700   3509419.2524    779144.6152   5250976.2759   2   8   0.1773   0.0982   0.1062   0.0729   0.0421   0.1055  -0.30    1.5
2026/04/23 07:39:54.800   3509419.2508    779144.6152   5250976.2743   2   8   0.1772   0.0981   0.1062   0.0729   0.0421   0.1055  -0.20    1.4
2026/04/23 07:39:54.900   3509419.2490    779144.6142   5250976.2722   2   8   0.1772   0.0981   0.1062   0.0728   0.0421   0.1054  -0.10    1.4
2026/04/23 07:39:55.000   3509419.2488    779144.6125   5250976.2705   2   8   0.1771   0.0980   0.1062   0.0728   0.0421   0.1054   0.00    1.4
2026/04/23 07:39:55.100   3509419.2482    779144.6106   5250976.2696   2   8   0.1770   0.0980   0.1061   0.0728   0.0421   0.1054   0.10    1.4
2026/04/23 07:39:55.200   3509419.2478    779144.6096   5250976.2690   2   8   0.1769   0.0980   0.1061   0.0728   0.0421   0.1054   0.20    1.4
2026/04/23 07:39:55.300   3509419.2462    779144.6084   5250976.2686   2   8   0.1769   0.0979   0.1061   0.0727   0.0420   0.1053   0.30    1.4
2026/04/23 07:39:55.400   3509419.2451    779144.6081   5250976.2677   2   8   0.1768   0.0979   0.1061   0.0727   0.0420   0.1053   0.40    1.4
2026/04/23 07:39:55.500   3509419.2446    779144.6081   5250976.2670   2   8   0.1767   0.0978   0.1060   0.0727   0.0420   0.1053  -0.50    1.4
2026/04/23 07:39:55.600   3509419.2444    779144.6083   5250976.2656   2   8   0.1766   0.0978   0.1060   0.0727   0.0420   0.1052  -0.40    1.4
2026/04/23 07:39:55.700   3509419.2448    779144.6084   5250976.2651   2   8   0.1766   0.0977   0.1060   0.0726   0.0420   0.1052  -0.30    1.4
2026/04/23 07:39:55.800   3509419.2454    779144.6082   5250976.2649   2   8   0.1765   0.0977   0.1060   0.0726   0.0420   0.1052  -0.20    1.3
2026/04/23 07:39:55.900   3509419.2448    779144.6088   5250976.2650   2   8   0.1764   0.0976   0.1060   0.0726   0.0420   0.1052  -0.10    1.3
2026/04/23 07:39:56.000   3509419.2439    779144.6099   5250976.2651   2   8   0.1763   0.0976   0.1059   0.0726   0.0420   0.1051   0.00    1.3
2026/04/23 07:39:56.100   3509419.2421    779144.6106   5250976.2645   2   8   0.1763   0.0976   0.1059   0.0725   0.0420   0.1051   0.10    1.3
2026/04/23 07:39:56.200   3509419.2396    779144.6104   5250976.2650   2   8   0.1762   0.0975   0.1059   0.0725   0.0420   0.1051   0.20    1.3
2026/04/23 07:39:56.300   3509419.2382    779144.6112   5250976.2658   2   8   0.1761   0.0975   0.1059   0.0725   0.0420   0.1051   0.30    1.3
2026/04/23 07:39:56.400   3509419.2379    779144.6196   5250976.2638   2   8   0.1760   0.0974   0.1059   0.0724   0.0420   0.1051   0.40    1.3
2026/04/23 07:39:56.500   3509419.2388    779144.6437   5250976.2585   2   8   0.1760   0.0974   0.1058   0.0724   0.0420   0.1050  -0.50    1.3
2026/04/23 07:39:56.600   3509419.2449    779144.6837   5250976.2530   2   8   0.1759   0.0973   0.1058   0.0724   0.0420   0.1050  -0.40    1.3
2026/04/23 07:39:56.700   3509419.2490    779144.7330   5250976.2459   2   8   0.1758   0.0973   0.1058   0.0724   0.0420   0.1050  -0.30    1.3
2026/04/23 07:39:56.800   3509419.2462    779144.7781   5250976.2365   2   8   0.1758   0.0973   0.1058   0.0724   0.0420   0.1050  -0.20    1.3
2026/04/23 07:39:56.900   3509419.2455    779144.8074   5250976.2286   2   8   0.1757   0.0972   0.1058   0.0723   0.0420   0.1049  -0.10    1.3
2026/04/23 07:39:57.000   3509419.2463    779144.8263   5250976.2227   2   8   0.1756   0.0972   0.1057   0.0723   0.0420   0.1049   0.00    1.2
2026/04/23 07:39:57.100   3509419.2494    779144.8408   5250976.2171   2   8   0.1755   0.0971   0.1057   0.0723   0.0420   0.1049   0.10    1.2
2026/04/23 07:39:57.200   3509419.2565    779144.8617   5250976.2088   2   8   0.1755   0.0971   0.1057   0.0723   0.0420   0.1049   0.20    1.2
2026/04/23 07:39:57.300   3509419.2593    779144.8939   5250976.1977   2   8   0.1754   0.0970   0.1057   0.0722   0.0420   0.1049   0.30    1.2
2026/04/23 07:39:57.400   3509419.2607    779144.9297   5250976.1859   2   8   0.1753   0.0970   0.1057   0.0722   0.0420   0.1049   0.40    1.2
2026/04/23 07:39:57.500   3509419.2637    779144.9594   5250976.1776   2   8   0.1753   0.0970   0.1057   0.0722   0.0420   0.1048  -0.50    1.2
2026/04/23 07:39:57.600   3509419.2615    779144.9809   5250976.1728   2   8   0.1752   0.0969   0.1056   0.0722   0.0420   0.1048  -0.40    1.2
2026/04/23 07:39:57.700   3509419.2594    779144.9925   5250976.1699   2   8   0.1751   0.0969   0.1056   0.0721   0.0420   0.1048  -0.30    1.2
2026/04/23 07:39:57.800   3509419.2586    779144.9967   5250976.1682   2   8   0.1751   0.0968   0.1056   0.0721   0.0420   0.1048  -0.20    1.2
2026/04/23 07:39:57.900   3509419.2562    779144.9969   5250976.1674   2   8   0.1750   0.0968   0.1056   0.0721   0.0420   0.1048  -0.10    1.1
2026/04/23 07:39:58.000   3509419.2532    779145.0071   5250976.1650   2   8   0.1749   0.0967   0.1056   0.0721   0.0420   0.1047   0.00    1.1
2026/04/23 07:39:58.100   3509419.2530    779145.0289   5250976.1587   2   8   0.1749   0.0967   0.1056   0.0721   0.0420   0.1047   0.10    1.1
2026/04/23 07:39:58.200   3509419.2550    779145.0588   5250976.1497   2   8   0.1748   0.0967   0.1055   0.0720   0.0420   0.1047   0.20    1.1
2026/04/23 07:39:58.300   3509419.2575    779145.0935   5250976.1407   2   8   0.1747   0.0966   0.1055   0.0720   0.0420   0.1047   0.30    1.1
2026/04/23 07:39:58.400   3509419.2579    779145.1273   5250976.1336   2   8   0.1747   0.0966   0.1055   0.0720   0.0420   0.1047   0.40    1.1
2026/04/23 07:39:58.500   3509419.2576    779145.1559   5250976.1282   2   8   0.1746   0.0965   0.1055   0.0720   0.0420   0.1047  -0.50    1.1
2026/04/23 07:39:58.600   3509419.2569    779145.1747   5250976.1230   2   8   0.1745   0.0965   0.1055   0.0719   0.0420   0.1046  -0.40    1.1
2026/04/23 07:39:58.700   3509419.2558    779145.1891   5250976.1199   2   8   0.1745   0.0965   0.1055   0.0719   0.0420   0.1046  -0.30    1.1
2026/04/23 07:39:58.800   3509419.2588    779145.2093   5250976.1143   2   8   0.1744   0.0964   0.1055   0.0719   0.0420   0.1046  -0.20    1.1
2026/04/23 07:39:58.900   3509419.2632    779145.2404   5250976.1046   2   8   0.1743   0.0964   0.1054   0.0719   0.0421   0.1046  -0.10    1.1
2026/04/23 07:39:59.000   3509419.2633    779145.2719   5250976.0968   2   8   0.1743   0.0963   0.1054   0.0719   0.0421   0.1046   0.00    1.1
2026/04/23 07:39:59.100   3509419.2616    779145.3000   5250976.0914   2   8   0.1742   0.0963   0.1054   0.0718   0.0421   0.1046   0.10    1.1
2026/04/23 07:39:59.200   3509419.2540    779145.3214   5250976.0895   2   8   0.1741   0.0962   0.1054   0.0718   0.0421   0.1045   0.20    1.1
2026/04/23 07:39:59.300   3509419.2490    779145.3423   5250976.0877   2   8   0.1741   0.0962   0.1054   0.0718   0.0421   0.1045   0.30    1.0
2026/04/23 07:39:59.400   3509419.2434    779145.3671   5250976.0826   2   8   0.1740   0.0962   0.1054   0.0718   0.0421   0.1045   0.40    1.0
2026/04/23 07:39:59.500   3509419.2378    779145.3950   5250976.0770   2   8   0.1739   0.0961   0.1053   0.0717   0.0421   0.1045  -0.50    1.0
2026/04/23 07:39:59.600   3509419.2367    779145.4268   5250976.0705   2   8   0.1739   0.0961   0.1053   0.0717   0.0421   0.1045  -0.40    1.0
2026/04/23 07:39:59.700   3509419.2355    779145.4565   5250976.0653   2   8   0.1738   0.0960   0.1053   0.0717   0.0421   0.1045  -0.30    1.0
2026/04/23 07:39:59.800   3509419.2372    779145.4834   5250976.0587   2   8   0.1737   0.0960   0.1053   0.0717   0.0421   0.1044  -0.20    1.0
2026/04/23 07:39:59.900   3509419.2393    779145.5078   5250976.0502   2   8   0.1737   0.0960   0.1053   0.0717   0.0421   0.1044  -0.10    1.0
2026/04/23 07:40:00.000   3509419.2442    779145.5356   5250976.0412   2   8   0.1736   0.0959   0.1053   0.0716   0.0421   0.1044   0.00    1.0
2026/04/23 07:40:00.100   3509419.2486    779145.5721   5250976.0334   2   8   0.1735   0.0959   0.1052   0.0716   0.0421   0.1044   0.10    1.0
2026/04/23 07:40:00.200   3509419.2465    779145.6104   5250976.0279   2   8   0.1735   0.0958   0.1052   0.0716   0.0421   0.1044   0.20    1.0
2026/04/23 07:40:00.300   3509419.2484    779145.6493   5250976.0238   2   8   0.1734   0.0958   0.1052   0.0716   0.0421   0.1043   0.30    1.0
2026/04/23 07:40:00.400   3509419.2481    779145.6873   5250976.0184   2   8   0.1733   0.0957   0.1052   0.0715   0.0421   0.1043   0.40    1.0
2026/04/23 07:40:00.500   3509419.2468    779145.7251   5250976.0135   2   8   0.1733   0.0957   0.1052   0.0715   0.0421   0.1043  -0.50    1.0
2026/04/23 07:40:00.600   3509419.2497    779145.7694   5250976.0054   2   8   0.1732   0.0957   0.1052   0.0715   0.0421   0.1043  -0.40    1.0
2026/04/23 07:40:00.700   3509419.2516    779145.8121   5250975.9985   2   8   0.1731   0.0956   0.1051   0.0715   0.0421   0.1043  -0.30    1.0
2026/04/23 07:40:00.800   3509419.2449    779145.8504   5250975.9937   2   8   0.1731   0.0956   0.1051   0.0715   0.0421   0.1043  -0.20    1.0
2026/04/23 07:40:00.900   3509419.2409    779145.8842   5250975.9896   2   8   0.1730   0.0955   0.1051   0.0714   0.0421   0.1042  -0.10    1.1
2026/04/23 07:40:01.000   3509419.2383    779145.9180   5250975.9821   2   8   0.1729   0.0955   0.1051   0.0714   0.0421   0.1042   0.00    1.1
2026/04/23 07:40:01.100   3509419.2343    779145.9553   5250975.9752   2   8   0.1729   0.0955   0.1051   0.0714   0.0421   0.1042   0.10    1.1
2026/04/23 07:40:01.200   3509419.2284    779145.9940   5250975.9709   2   8   0.1728   0.0954   0.1051   0.0714   0.0421   0.1042   0.20    1.1
2026/04/23 07:40:01.300   3509419.2286    779146.0337   5250975.9634   2   8   0.1727   0.0954   0.1050   0.0713   0.0421   0.1042   0.30    1.1
2026/04/23 07:40:01.400   3509419.2283    779146.0712   5250975.9524   2   8   0.1727   0.0953   0.1050   0.0713   0.0421   0.1041   0.40    1.1
2026/04/23 07:40:01.500   3509419.2348    779146.1044   5250975.9411   2   8   0.1726   0.0953   0.1050   0.0713   0.0421   0.1041  -0.50    1.1
2026/04/23 07:40:01.600   3509419.2463    779146.1338   5250975.9300   2   8   0.1725   0.0953   0.1050   0.0713   0.0421   0.1041  -0.40    1.1
2026/04/23 07:40:01.700   3509419.2600    779146.1633   5250975.9201   2   8   0.1725   0.0952   0.1050   0.0713   0.0421   0.1041  -0.30    1.1
2026/04/23 07:40:01.800   3509419.2731    779146.1944   5250975.9138   2   8   0.1724   0.0952   0.1050   0.0712   0.0421   0.1041  -0.20    1.1
2026/04/23 07:40:01.900   3509419.2760    779146.2309   5250975.9070   2   7   0.1724   0.0951   0.1049   0.0712   0.0421   0.1041  -0.10    1.0
2026/04/23 07:40:02.000   3509419.2772    779146.2664   5250975.8968   2   7   0.1724   0.0951   0.1049   0.0711   0.0421   0.1041   0.00    1.0
2026/04/23 07:40:02.100   3509419.2798    779146.3015   5250975.8855   2   7   0.1724   0.0951   0.1049   0.0711   0.0421   0.1041   0.10    1.1
2026/04/23 07:40:02.200   3509419.2785    779146.3389   5250975.8762   2   7   0.1724   0.0950   0.1049   0.0711   0.0420   0.1041   0.20    1.1
2026/04/23 07:40:02.300   3509419.2765    779146.3785   5250975.8680   2   7   0.1724   0.0950   0.1049   0.0710   0.0420   0.1041   0.30    1.1
2026/04/23 07:40:02.400   3509419.2741    779146.4182   5250975.8618   2   7   0.1724   0.0949   0.1049   0.0710   0.0421   0.1041   0.40    1.1
2026/04/23 07:40:02.500   3509419.2680    779146.4587   5250975.8565   2   7   0.1724   0.0949   0.1049   0.0710   0.0421   0.1041  -0.50    1.1
2026/04/23 07:40:02.600   3509419.2585    779146.5000   5250975.8503   2   7   0.1723   0.0949   0.1049   0.0710   0.0421   0.1041  -0.40    1.1
2026/04/23 07:40:02.700   3509419.2517    779146.5434   5250975.8414   2   7   0.1723   0.0948   0.1049   0.0710   0.0421   0.1042  -0.30    1.1
2026/04/23 07:40:02.800   3509419.2514    779146.5868   5250975.8338   2   7   0.1722   0.0948   0.1049   0.0709   0.0421   0.1042  -0.20    1.1
2026/04/23 07:40:02.900   3509419.2536    779146.6249   5250975.8271   2   7   0.1722   0.0948   0.1049   0.0709   0.0421   0.1042  -0.10    1.1
2026/04/23 07:40:03.000   3509419.2521    779146.6614   5250975.8183   2   7   0.1722   0.0947   0.1049   0.0709   0.0421   0.1042   0.00    1.1
2026/04/23 07:40:03.100   3509419.2499    779146.6947   5250975.8102   2   7   0.1721   0.0947   0.1049   0.0709   0.0421   0.1041   0.10    1.1
2026/04/23 07:40:03.200   3509419.2463    779146.7359   5250975.7992   2   7   0.1721   0.0946   0.1049   0.0708   0.0421   0.1041   0.20    1.1
2026/04/23 07:40:03.300   3509419.2511    779146.7901   5250975.7861   2   7   0.1720   0.0946   0.1048   0.0708   0.0421   0.1041   0.30    1.1
2026/04/23 07:40:03.400   3509419.2587    779146.8668   5250975.7701   2   7   0.1720   0.0946   0.1048   0.0708   0.0421   0.1041   0.40    1.1
2026/04/23 07:40:03.500   3509419.2659    779146.9446   5250975.7544   2   7   0.1719   0.0945   0.1048   0.0708   0.0421   0.1041  -0.50    1.1
2026/04/23 07:40:03.600   3509419.2704    779147.0109   5250975.7413   2   7   0.1719   0.0945   0.1048   0.0707   0.0421   0.1041  -0.40    1.1
2026/04/23 07:40:03.700   3509419.2757    779147.0663   5250975.7303   2   7   0.1718   0.0944   0.1048   0.0707   0.0421   0.1041  -0.30    1.1
2026/04/23 07:40:03.800   3509419.2825    779147.1119   5250975.7228   2   7   0.1718   0.0944   0.1048   0.0707   0.0421   0.1041  -0.20    1.1
2026/04/23 07:40:03.900   3509419.2822    779147.1445   5250975.7164   2   7   0.1718   0.0944   0.1048   0.0707   0.0421   0.1041  -0.10    1.1
2026/04/23 07:40:04.000   3509419.2825    779147.1648   5250975.7118   2   7   0.1717   0.0943   0.1047   0.0706   0.0421   0.1041   0.00    1.1
2026/04/23 07:40:04.100   3509419.2939    779147.1981   5250975.7056   2   7   0.1717   0.0943   0.1047   0.0706   0.0421   0.1041   0.10    1.1
2026/04/23 07:40:04.200   3509419.3206    779147.2484   5250975.7024   2   7   0.1716   0.0942   0.1047   0.0706   0.0421   0.1041   0.20    1.1
2026/04/23 07:40:04.300   3509419.3361    779147.3151   5250975.6973   2   6   0.1717   0.0942   0.1047   0.0705   0.0420   0.1041   0.30    1.8
2026/04/23 07:40:04.400   3509419.3501    779147.3839   5250975.6872   2   6   0.1718   0.0942   0.1048   0.0704   0.0420   0.1042   0.40    1.8
2026/04/23 07:40:04.500   3509419.3609    779147.4523   5250975.6754   2   6   0.1719   0.0941   0.1048   0.0704   0.0420   0.1043  -0.50    1.8
2026/04/23 07:40:04.600   3509419.3722    779147.5157   5250975.6607   2   6   0.1720   0.0941   0.1048   0.0703   0.0420   0.1044  -0.40    1.8
2026/04/23 07:40:04.700   3509419.3807    779147.5689   5250975.6528   2   6   0.1721   0.0941   0.1048   0.0703   0.0420   0.1045  -0.30    1.7
2026/04/23 07:40:04.800   3509419.3901    779147.6172   5250975.6476   2   6   0.1722   0.0940   0.1048   0.0703   0.0420   0.1046  -0.20    1.7
2026/04/23 07:40:04.900   3509419.4003    779147.6629   5250975.6382   2   6   0.1722   0.0940   0.1049   0.0704   0.0420   0.1046  -0.10    1.7
2026/04/23 07:40:05.000   3509419.4065    779147.7131   5250975.6279   2   6   0.1723   0.0940   0.1049   0.0704   0.0420   0.1047   0.00    1.7
2026/04/23 07:40:05.100   3509419.4153    779147.7722   5250975.6165   2   6   0.1723   0.0940   0.1049   0.0704   0.0421   0.1048   0.10    1.7
2026/04/23 07:40:05.200   3509419.4287    779147.8336   5250975.6027   2   6   0.1723   0.0939   0.1049   0.0704   0.0421   0.1048   0.20    1.7
2026/04/23 07:40:05.300   3509419.4348    779147.8972   5250975.5913   2   6   0.1723   0.0939   0.1049   0.0704   0.0421   0.1048   0.30    1.7
2026/04/23 07:40:05.400   3509419.4423    779147.9651   5250975.5847   2   6   0.1723   0.0939   0.1049   0.0704   0.0422   0.1049   0.40    1.7
2026/04/23 07:40:05.500   3509419.4421    779148.0359   5250975.5731   2   6   0.1724   0.0939   0.1049   0.0704   0.0422   0.1049  -0.50    1.7
2026/04/23 07:40:05.600   3509419.4460    779148.1054   5250975.5631   2   6   0.1724   0.0938   0.1049   0.0704   0.0422   0.1049  -0.40    1.7
2026/04/23 07:40:05.700   3509419.4521    779148.1701   5250975.5528   2   6   0.1723   0.0938   0.1049   0.0704   0.0422   0.1050  -0.30    1.7
2026/04/23 07:40:05.800   3509419.4564    779148.2318   5250975.5358   2   6   0.1723   0.0938   0.1049   0.0704   0.0422   0.1050  -0.20    1.7
2026/04/23 07:40:05.900   3509419.4681    779148.2889   5250975.5170   2   6   0.1723   0.0937   0.1049   0.0704   0.0422   0.1050  -0.10    1.7
2026/04/23 07:40:06.000   3509419.4826    779148.3421   5250975.5000   2   6   0.1723   0.0937   0.1049   0.0704   0.0422   0.1050   0.00    1.7
2026/04/23 07:40:06.100   3509419.4819    779148.3899   5250975.4884   2   6   0.1723   0.0937   0.1049   0.0704   0.0422   0.1050   0.10    1.7
2026/04/23 07:40:06.200   3509419.4773    779148.4359   5250975.4844   2   6   0.1723   0.0937   0.1049   0.0704   0.0422   0.1050   0.20    1.7
2026/04/23 07:40:06.300   3509419.4769    779148.4860   5250975.4797   2   6   0.1722   0.0936   0.1049   0.0703   0.0422   0.1050   0.30    1.7
2026/04/23 07:40:06.400   3509419.4765    779148.5376   5250975.4716   2   6   0.1722   0.0936   0.1049   0.0703   0.0422   0.1050   0.40    1.7
2026/04/23 07:40:06.500   3509419.4811    779148.5920   5250975.4556   2   6   0.1722   0.0936   0.1049   0.0703   0.0422   0.1050  -0.50    1.7
2026/04/23 07:40:06.600   3509419.4863    779148.6473   5250975.4424   2   6   0.1721   0.0935   0.1048   0.0703   0.0422   0.1050  -0.40    1.7
2026/04/23 07:40:06.700   3509419.4932    779148.7060   5250975.4284   2   6   0.1721   0.0935   0.1048   0.0703   0.0422   0.1050  -0.30    1.6
2026/04/23 07:40:06.800   3509419.5047    779148.7661   5250975.4148   2   6   0.1721   0.0935   0.1048   0.0703   0.0422   0.1050  -0.20    1.6
2026/04/23 07:40:06.900   3509419.5154    779148.8251   5250975.4010   2   7   0.1720   0.0934   0.1048   0.0703   0.0422   0.1050  -0.10    1.1
2026/04/23 07:40:07.000   3509419.5293    779148.8815   5250975.3792   2   7   0.1720   0.0934   0.1048   0.0702   0.0422   0.1049   0.00    1.1
2026/04/23 07:40:07.100   3509419.5479    779148.9315   5250975.3611   2   7   0.1719   0.0934   0.1048   0.0702   0.0421   0.1049   0.10    1.2
2026/04/23 07:40:07.200   3509419.5609    779148.9602   5250975.3503   2   7   0.1719   0.0933   0.1047   0.0702   0.0421   0.1049   0.20    1.2
2026/04/23 07:40:07.300   3509419.5689    779148.9656   5250975.3460   2   7   0.1718   0.0933   0.1047   0.0702   0.0421   0.1049   0.30    1.3
2026/04/23 07:40:07.400   3509419.5719    779148.9561   5250975.3468   2   7   0.1718   0.0933   0.1047   0.0702   0.0421   0.1049   0.40    1.3
2026/04/23 07:40:07.500   3509419.5710    779148.9412   5250975.3481   2   7   0.1717   0.0932   0.1047   0.0702   0.0421   0.1049  -0.50    1.3
2026/04/23 07:40:07.600   3509419.5721    779148.9318   5250975.3465   2   7   0.1717   0.0932   0.1047   0.0702   0.0421   0.1048  -0.40    1.3
2026/04/23 07:40:07.700   3509419.5743    779148.9433   5250975.3433   2   7   0.1716   0.0931   0.1047   0.0702   0.0421   0.1048  -0.30    1.3
2026/04/23 07:40:07.800   3509419.5723    779148.9749   5250975.3379   2   7   0.1715   0.0931   0.1046   0.0702   0.0421   0.1048  -0.20    1.2
2026/04/23 07:40:07.900   3509419.5623    779149.0179   5250975.3328   2   7   0.1715   0.0931   0.1046   0.0702   0.0421   0.1047  -0.10    1.2
2026/04/23 07:40:08.000   3509419.5497    779149.0622   5250975.3294   2   7   0.1714   0.0930   0.1046   0.0702   0.0421   0.1047   0.00    1.2
2026/04/23 07:40:08.100   3509419.5403    779149.1030   5250975.3285   2   7   0.1713   0.0930   0.1046   0.0702   0.0421   0.1047   0.10    1.2
2026/04/23 07:40:08.200   3509419.5349    779149.1457   5250975.3243   2   7   0.1712   0.0930   0.1045   0.0702   0.0421   0.1046   0.20    1.1
2026/04/23 07:40:08.300   3509419.5289    779149.1919   5250975.3185   2   7   0.1712   0.0929   0.1045   0.0702   0.0421   0.1046   0.30    1.1
2026/04/23 07:40:08.400   3509419.5203    779149.2388   5250975.3145   2   7   0.1711   0.0929   0.1045   0.0702   0.0421   0.1046   0.40    1.1
2026/04/23 07:40:08.500   3509419.5070    779149.2852   5250975.3127   2   7   0.1711   0.0929   0.1044   0.0702   0.0421   0.1045  -0.50    1.1
2026/04/23 07:40:08.600   3509419.4953    779149.3291   5250975.3107   2   7   0.1710   0.0929   0.1044   0.0701   0.0421   0.1045  -0.40    1.1
2026/04/23 07:40:08.700   3509419.4866    779149.3698   5250975.3064   2   7   0.1709   0.0928   0.1044   0.0701   0.0421   0.1045  -0.30    1.0
2026/04/23 07:40:08.800   3509419.4803    779149.4053   5250975.3014   2   7   0.1709   0.0928   0.1043   0.0701   0.0421   0.1044  -0.20    1.0
2026/04/23 07:40:08.900   3509419.4745    779149.4412   5250975.2959   2   7   0.1708   0.0928   0.1043   0.0701   0.0421   0.1044  -0.10    1.0
2026/04/23 07:40:09.000   3509419.4683    779149.4773   5250975.2934   2   7   0.1708   0.0927   0.1043   0.0701   0.0420   0.1043   0.00    1.0
2026/04/23 07:40:09.100   3509419.4629    779149.5118   5250975.2932   2   7   0.1707   0.0927   0.1042   0.0701   0.0420   0.1043   0.10    1.0
2026/04/23 07:40:09.200   3509419.4514    779149.5476   5250975.2929   2   7   0.1706   0.0927   0.1042   0.0700   0.0420   0.1043   0.20    1.0
2026/04/23 07:40:09.300   3509419.4396    779149.5828   5250975.2963   2   7   0.1706   0.0926   0.1042   0.0700   0.0420   0.1043   0.30    1.1
2026/04/23 07:40:09.400   3509419.4285    779149.6119   5250975.3001   2   7   0.1705   0.0926   0.1041   0.0700   0.0420   0.1042   0.40    1.1
2026/04/23 07:40:09.500   3509419.4148    779149.6413   5250975.3051   2   7   0.1705   0.0926   0.1041   0.0700   0.0420   0.1042  -0.50    1.1
2026/04/23 07:40:09.600   3509419.4015    779149.6743   5250975.3088   2   7   0.1704   0.0925   0.1041   0.0700   0.0420   0.1042  -0.40    1.1
2026/04/23 07:40:09.700   3509419.3858    779149.7142   5250975.3108   2   7   0.1704   0.0925   0.1041   0.0700   0.0420   0.1041  -0.30    1.1
2026/04/23 07:40:09.800   3509419.3707    779149.7590   5250975.3176   2   7   0.1703   0.0925   0.1040   0.0699   0.0420   0.1041  -0.20    1.1
2026/04/23 07:40:09.900   3509419.3538    779149.8025   5250975.3233   2   7   0.1703   0.0924   0.1040   0.0699   0.0420   0.1041  -0.10    1.2
2026/04/23 07:40:10.000   3509419.3319    779149.8440   5250975.3301   2   7   0.1702   0.0924   0.1040   0.0699   0.0419   0.1041   0.00    1.2
2026/04/23 07:40:10.100   3509419.3077    779149.8791   5250975.3412   2   7   0.1702   0.0924   0.1039   0.0699   0.0419   0.1040   0.10    1.2
2026/04/23 07:40:10.200   3509419.2860    779149.9197   5250975.3505   2   7   0.1702   0.0924   0.1039   0.0699   0.0419   0.1040   0.20    1.2
2026/04/23 07:40:10.300   3509419.2686    779149.9703   5250975.3529   2   7   0.1701   0.0923   0.1039   0.0699   0.0419   0.1040   0.30    1.2
2026/04/23 07:40:10.400   3509419.2547    779150.0221   5250975.3539   2   7   0.1701   0.0923   0.1039   0.0699   0.0419   0.1040   0.40    1.2
2026/04/23 07:40:10.500   3509419.2369    779150.0706   5250975.3580   2   7   0.1700   0.0923   0.1038   0.0699   0.0419   0.1040  -0.50    1.2
2026/04/23 07:40:10.600   3509419.2215    779150.1154   5250975.3643   2   7   0.1700   0.0922   0.1038   0.0698   0.0419   0.1040  -0.40    1.2
2026/04/23 07:40:10.700   3509419.2147    779150.1589   5250975.3668   2   7   0.1699   0.0922   0.1038   0.0698   0.0419   0.1039  -0.30    1.3
2026/04/23 07:40:10.800   3509419.2101    779150.2016   5250975.3667   2   7   0.1699   0.0922   0.1038   0.0698   0.0419   0.1039  -0.20    1.3
2026/04/23 07:40:10.900   3509419.2054    779150.2491   5250975.3683   2   7   0.1699   0.0921   0.1038   0.0698   0.0419   0.1039  -0.10    1.3
2026/04/23 07:40:11.000   3509419.1970    779150.2977   5250975.3681   2   7   0.1698   0.0921   0.1037   0.0698   0.0419   0.1039   0.00    1.3
2026/04/23 07:40:11.100   3509419.1864    779150.3430   5250975.3667   2   7   0.1698   0.0921   0.1037   0.0698   0.0419   0.1039   0.10    1.3
2026/04/23 07:40:11.200   3509419.1802    779150.3818   5250975.3650   2   7   0.1697   0.0921   0.1037   0.0698   0.0419   0.1039   0.20    1.3
2026/04/23 07:40:11.300   3509419.1760    779150.4203   5250975.3609   2   7   0.1697   0.0920   0.1037   0.0698   0.0419   0.1038   0.30    1.3
2026/04/23 07:40:11.400   3509419.1698    779150.4592   5250975.3586   2   7   0.1697   0.0920   0.1036   0.0697   0.0419   0.1038   0.40    1.3
2026/04/23 07:40:11.500   3509419.1622    779150.5023   5250975.3600   2   7   0.1696   0.0920   0.1036   0.0697   0.0419   0.1038  -0.50    1.4
2026/04/23 07:40:11.600   3509419.1560    779150.5520   5250975.3581   2   7   0.1696   0.0919   0.1036   0.0697   0.0419   0.1038  -0.40    1.4
2026/04/23 07:40:11.700   3509419.1547    779150.6009   5250975.3491   2   7   0.1696   0.0919   0.1036   0.0697   0.0419   0.1038  -0.30    1.4
2026/04/23 07:40:11.800   3509419.1524    779150.6516   5250975.3395   2   7   0.1695   0.0919   0.1036   0.0697   0.0418   0.1038  -0.20    1.4
2026/04/23 07:40:11.900   3509419.1489    779150.6956   5250975.3350   2   7   0.1695   0.0918   0.1035   0.0697   0.0418   0.1038  -0.10    1.4
2026/04/23 07:40:12.000   3509419.1445    779150.7381   5250975.3337   2   7   0.1694   0.0918   0.1035   0.0697   0.0418   0.1038   0.00    1.4
2026/04/23 07:40:12.100   3509419.1376    779150.7840   5250975.3319   2   7   0.1694   0.0918   0.1035   0.0697   0.0418   0.1037   0.10    1.4
2026/04/23 07:40:12.200   3509419.1298    779150.8293   5250975.3279   2   7   0.1694   0.0918   0.1035   0.0697   0.0418   0.1037   0.20    1.4
2026/04/23 07:40:12.300   3509419.1232    779150.8749   5250975.3226   2   7   0.1693   0.0917   0.1035   0.0696   0.0418   0.1037   0.30    1.5
2026/04/23 07:40:12.400   3509419.1216    779150.9149   5250975.3182   2   7   0.1693   0.0917   0.1034   0.0696   0.0418   0.1037   0.40    1.5
2026/04/23 07:40:12.500   3509419.1149    779150.9553   5250975.3122   2   7   0.1693   0.0917   0.1034   0.0696   0.0418   0.1037  -0.50    1.5
2026/04/23 07:40:12.600   3509419.1094    779150.9982   5250975.3038   2   7   0.1692   0.0916   0.1034   0.0696   0.0418   0.1037  -0.40    1.5
2026/04/23 07:40:12.700   3509419.0995    779151.0426   5250975.2960   2   7   0.1692   0.0916   0.1034   0.0696   0.0418   0.1037  -0.30    1.5
2026/04/23 07:40:12.800   3509419.0980    779151.0925   5250975.2860   2   7   0.1692   0.0916   0.1034   0.0696   0.0418   0.1037  -0.20    1.5
2026/04/23 07:40:12.900   3509419.1057    779151.1420   5250975.2720   2   7   0.1691   0.0916   0.1033   0.0696   0.0418   0.1037  -0.10    1.5
2026/04/23 07:40:13.000   3509419.1128    779151.1879   5250975.2606   2   7   0.1691   0.0915   0.1033   0.0696   0.0418   0.1036   0.00    1.5
2026/04/23 07:40:13.100   3509419.1105    779151.2315   5250975.2553   2   7   0.1691   0.0915   0.1033   0.0696   0.0418   0.1036   0.10    1.6
2026/04/23 07:40:13.200   3509419.1013    779151.2717   5250975.2511   2   7   0.1690   0.0915   0.1033   0.0695   0.0418   0.1036   0.20    1.6
2026/04/23 07:40:13.300   3509419.0960    779151.3123   5250975.2436   2   7   0.1690   0.0914   0.1033   0.0695   0.0418   0.1036   0.30    1.6
2026/04/23 07:40:13.400   3509419.0941    779151.3578   5250975.2339   2   7   0.1689   0.0914   0.1032   0.0695   0.0418   0.1036   0.40    1.6
2026/04/23 07:40:13.500   3509419.0902    779151.3992   5250975.2297   2   7   0.1689   0.0914   0.1032   0.0695   0.0417   0.1036  -0.50    1.6
2026/04/23 07:40:13.600   3509419.0795    779151.4414   5250975.2276   2   7   0.1689   0.0913   0.1032   0.0695   0.0417   0.1036  -0.40    1.6
2026/04/23 07:40:13.700   3509419.0756    779151.4851   5250975.2209   2   7   0.1688   0.0913   0.1032   0.0695   0.0417   0.1036  -0.30    1.6
2026/04/23 07:40:13.800   3509419.0804    779151.5275   5250975.2095   2   7   0.1688   0.0913   0.1032   0.0695   0.0417   0.1035  -0.20    1.7
2026/04/23 07:40:13.900   3509419.0848    779151.5743   5250975.1956   2   7   0.1688   0.0913   0.1031   0.0695   0.0417   0.1035  -0.10    1.7
2026/04/23 07:40:14.000   3509419.0921    779151.6211   5250975.1822   2   7   0.1687   0.0912   0.1031   0.0694   0.0417   0.1035   0.00    1.7
2026/04/23 07:40:14.100   3509419.1051    779151.6668   5250975.1668   2   7   0.1687   0.0912   0.1031   0.0694   0.0417   0.1035   0.10    1.7
2026/04/23 07:40:14.200   3509419.1173    779151.7055   5250975.1524   2   7   0.1687   0.0912   0.1031   0.0694   0.0417   0.1035   0.20    1.7
2026/04/23 07:40:14.300   3509419.1226    779151.7461   5250975.1421   2   7   0.1686   0.0911   0.1031   0.0694   0.0417   0.1035   0.30    1.7
2026/04/23 07:40:14.400   3509419.1265    779151.7917   5250975.1348   2   7   0.1686   0.0911   0.1030   0.0694   0.0417   0.1035   0.40    1.7
2026/04/23 07:40:14.500   3509419.1271    779151.8369   5250975.1294   2   7   0.1685   0.0911   0.1030   0.0694   0.0417   0.1035  -0.50    1.7
2026/04/23 07:40:14.600   3509419.1343    779151.8789   5250975.1212   2   7   0.1685   0.0911   0.1030   0.0694   0.0417   0.1034  -0.40    1.7
2026/04/23 07:40:14.700   3509419.1417    779151.9166   5250975.1105   2   7   0.1685   0.0910   0.1030   0.0694   0.0417   0.1034  -0.30    1.7
2026/04/23 07:40:14.800   3509419.1425    779151.9560   5250975.1003   2   7   0.1684   0.0910   0.1030   0.0693   0.0417   0.1034  -0.20    1.7
2026/04/23 07:40:14.900   3509419.1434    779151.9994   5250975.0938   2   7   0.1684   0.0910   0.1029   0.0693   0.0416   0.1034  -0.10    1.7
2026/04/23 07:40:15.000   3509419.1425    779152.0450   5250975.0903   2   7   0.1684   0.0909   0.1029   0.0693   0.0416   0.1034   0.00    1.7
2026/04/23 07:40:15.100   3509419.1437    779152.0894   5250975.0873   2   7   0.1683   0.0909   0.1029   0.0693   0.0416   0.1034   0.10    1.7
2026/04/23 07:40:15.200   3509419.1457    779152.1305   5250975.0803   2   7   0.1683   0.0909   0.1029   0.0693   0.0416   0.1034   0.20    1.7
2026/04/23 07:40:15.300   3509419.1490    779152.1698   5250975.0746   2   7   0.1683   0.0908   0.1029   0.0693   0.0416   0.1033   0.30    1.8
2026/04/23 07:40:15.400   3509419.1512    779152.2124   5250975.0688   2   7   0.1682   0.0908   0.1028   0.0693   0.0416   0.1033   0.40    1.8
2026/04/23 07:40:15.500   3509419.1489    779152.2619   5250975.0616   2   7   0.1682   0.0908   0.1028   0.0693   0.0416   0.1033  -0.50    1.8
2026/04/23 07:40:15.600   3509419.1510    779152.3117   5250975.0508   2   7   0.1681   0.0908   0.1028   0.0692   0.0416   0.1033  -0.40    1.8
2026/04/23 07:40:15.700   3509419.1536    779152.3618   5250975.0385   2   7   0.1681   0.0907   0.1028   0.0692   0.0416   0.1033  -0.30    1.8
2026/04/23 07:40:15.800   3509419.1594    779152.4051   5250975.0284   2   7   0.1681   0.0907   0.1027   0.0692   0.0416   0.1033  -0.20    1.8
2026/04/23 07:40:15.900   3509419.1655    779152.4447   5250975.0177   2   7   0.1680   0.0907   0.1027   0.0692   0.0416   0.1033  -0.10    1.8
2026/04/23 07:40:16.000   3509419.1747    779152.4821   5250975.0078   2   7   0.1680   0.0906   0.1027   0.0692   0.0416   0.1033   0.00    1.8
2026/04/23 07:40:16.100   3509419.1786    779152.5300   5250974.9962   2   7   0.1680   0.0906   0.1027   0.0692   0.0416   0.1032   0.10    1.8
2026/04/23 07:40:16.200   3509419.1820    779152.5803   5250974.9864   2   7   0.1679   0.0906   0.1027   0.0692   0.0415   0.1032   0.20    1.8
2026/04/23 07:40:16.300   3509419.1832    779152.6264   5250974.9819   2   7   0.1679   0.0906   0.1026   0.0692   0.0415   0.1032   0.30    1.8
2026/04/23 07:40:16.400   3509419.1798    779152.6728   5250974.9793   2   7   0.1679   0.0905   0.1026   0.0691   0.0415   0.1032   0.40    1.8
2026/04/23 07:40:16.500   3509419.1812    779152.7176   5250974.9762   2   7   0.1678   0.0905   0.1026   0.0691   0.0415   0.1032  -0.50    1.8
2026/04/23 07:40:16.600   3509419.1858    779152.7619   5250974.9689   2   7   0.1678   0.0905   0.1026   0.0691   0.0415   0.1032  -0.40    1.8
2026/04/23 07:40:16.700   3509419.1924    779152.8108   5250974.9540   2   7   0.1677   0.0904   0.1025   0.0691   0.0415   0.1032  -0.30    1.8
2026/04/23 07:40:16.800   3509419.1936    779152.8599   5250974.9401   2   7   0.1677   0.0904   0.1025   0.0691   0.0415   0.1031  -0.20    1.8
2026/04/23 07:40:16.900   3509419.1941    779152.9064   5250974.9297   2   7   0.1677   0.0904   0.1025   0.0691   0.0415   0.1031  -0.10    1.8
2026/04/23 07:40:17.000   3509419.2008    779152.9470   5250974.9183   2   7   0.1676   0.0904   0.1025   0.0691   0.0415   0.1031   0.00    1.8
2026/04/23 07:40:17.100   3509419.2109    779152.9843   5250974.9088   2   7   0.1676   0.0903   0.1025   0.0691   0.0415   0.1031   0.10    1.8
2026/04/23 07:40:17.200   3509419.2154    779153.0280   5250974.8975   2   7   0.1676   0.0903   0.1024   0.0690   0.0415   0.1031   0.20    1.8
2026/04/23 07:40:17.300   3509419.2191    779153.0765   5250974.8866   2   7   0.1675   0.0903   0.1024   0.0690   0.0415   0.1031   0.30    1.8
2026/04/23 07:40:17.400   3509419.2194    779153.1252   5250974.8774   2   7   0.1675   0.0902   0.1024   0.0690   0.0414   0.1031   0.40    1.8
2026/04/23 07:40:17.500   3509419.2182    779153.1746   5250974.8692   2   7   0.1675   0.0902   0.1024   0.0690   0.0414   0.1030  -0.50    1.8
2026/04/23 07:40:17.600   3509419.2202    779153.2183   5250974.8631   2   7   0.1674   0.0902   0.1023   0.0690   0.0414   0.1030  -0.40    1.8
2026/04/23 07:40:17.700   3509419.2240    779153.2568   5250974.8552   2   7   0.1674   0.0902   0.1023   0.0690   0.0414   0.1030  -0.30    1.8
2026/04/23 07:40:17.800   3509419.2281    779153.3026   5250974.8418   2   7   0.1673   0.0901   0.1023   0.0690   0.0414   0.1030  -0.20    1.8
2026/04/23 07:40:17.900   3509419.2278    779153.3533   5250974.8298   2   7   0.1673   0.0901   0.1023   0.0690   0.0414   0.1030  -0.10    1.8
2026/04/23 07:40:18.000   3509419.2295    779153.4050   5250974.8183   2   7   0.1673   0.0901   0.1023   0.0689   0.0414   0.1030   0.00    1.8
2026/04/23 07:40:18.100   3509419.2339    779153.4479   5250974.8053   2   7   0.1672   0.0900   0.1022   0.0689   0.0414   0.1030   0.10    1.8
2026/04/23 07:40:18.200   3509419.2384    779153.4847   5250974.7909   2   7   0.1672   0.0900   0.1022   0.0689   0.0414   0.1029   0.20    1.8
2026/04/23 07:40:18.300   3509419.2402    779153.5317   5250974.7813   2   7   0.1672   0.0900   0.1022   0.0689   0.0414   0.1029   0.30    1.8
2026/04/23 07:40:18.400   3509419.2372    779153.5839   5250974.7705   2   7   0.1671   0.0900   0.1022   0.0689   0.0414   0.1029   0.40    1.8
2026/04/23 07:40:18.500   3509419.2366    779153.6375   5250974.7567   2   7   0.1671   0.0899   0.1021   0.0689   0.0414   0.1029  -0.50    1.8
2026/04/23 07:40:18.600   3509419.2377    779153.6848   5250974.7447   2   7   0.1671   0.0899   0.1021   0.0689   0.0413   0.1029  -0.40    1.8
2026/04/23 07:40:18.700   3509419.2382    779153.7253   5250974.7319   2   7   0.1670   0.0899   0.1021   0.0689   0.0413   0.1029  -0.30    1.8
2026/04/23 07:40:18.800   3509419.2390    779153.7613   5250974.7210   2   7   0.1670   0.0898   0.1021   0.0688   0.0413   0.1029  -0.20    1.9
2026/04/23 07:40:18.900   3509419.2440    779153.7974   5250974.7082   2   7   0.1669   0.0898   0.1020   0.0688   0.0413   0.1028  -0.10    1.9
2026/04/23 07:40:19.000   3509419.2486    779153.8369   5250974.6949   2   7   0.1669   0.0898   0.1020   0.0688   0.0413   0.1028   0.00    1.9
2026/04/23 07:40:19.100   3509419.2549    779153.8808   5250974.6795   2   7   0.1669   0.0898   0.1020   0.0688   0.0413   0.1028   0.10    1.9
2026/04/23 07:40:19.200   3509419.2646    779153.9477   5250974.6601   2   7   0.1668   0.0897   0.1020   0.0688   0.0413   0.1028   0.20    1.9
2026/04/23 07:40:19.300   3509419.2754    779154.0530   5250974.6333   2   7   0.1668   0.0897   0.1019   0.0688   0.0413   0.1028   0.30    1.9
2026/04/23 07:40:19.400   3509419.2841    779154.1706   5250974.6081   2   7   0.1668   0.0897   0.1019   0.0688   0.0413   0.1028   0.40    1.9
2026/04/23 07:40:19.500   3509419.2943    779154.2834   5250974.5820   2   7   0.1667   0.0897   0.1019   0.0688   0.0413   0.1028  -0.50    1.9
2026/04/23 07:40:19.600   3509419.3086    779154.3790   5250974.5571   2   7   0.1667   0.0896   0.1019   0.0687   0.0413   0.1027  -0.40    1.9
2026/04/23 07:40:19.700   3509419.3254    779154.4570   5250974.5314   2   7   0.1667   0.0896   0.1019   0.0687   0.0413   0.1027  -0.30    1.9
2026/04/23 07:40:19.800   3509419.3440    779154.5220   5250974.5134   2   7   0.1666   0.0896   0.1018   0.0687   0.0412   0.1027  -0.20    1.9
2026/04/23 07:40:19.900   3509419.3537    779154.5766   5250974.4993   2   7   0.1666   0.0895   0.1018   0.0687   0.0412   0.1027  -0.10    1.9
2026/04/23 07:40:20.000   3509419.3689    779154.6231   5250974.4845   2   7   0.1666   0.0895   0.1018   0.0687   0.0412   0.1027   0.00    1.9
2026/04/23 07:40:20.100   3509419.3818    779154.6780   5250974.4716   2   7   0.1665   0.0895   0.1018   0.0687   0.0412   0.1027   0.10    1.9
2026/04/23 07:40:20.200   3509419.3923    779154.7430   5250974.4540   2   7   0.1665   0.0895   0.1017   0.0687   0.0412   0.1026   0.20    1.9
2026/04/23 07:40:20.300   3509419.3996    779154.8109   5250974.4326   2   7   0.1664   0.0894   0.1017   0.0686   0.0412   0.1026   0.30    1.9
2026/04/23 07:40:20.400   3509419.4116    779154.8769   5250974.4143   2   7   0.1664   0.0894   0.1017   0.0686   0.0412   0.1026   0.40    1.9
2026/04/23 07:40:20.500   3509419.4237    779154.9403   5250974.3968   2   7   0.1664   0.0894   0.1017   0.0686   0.0412   0.1026  -0.50    1.9
2026/04/23 07:40:20.600   3509419.4323    779155.0007   5250974.3788   2   7   0.1663   0.0893   0.1016   0.0686   0.0412   0.1026  -0.40    1.9
2026/04/23 07:40:20.700   3509419.4433    779155.0651   5250974.3614   2   7   0.1663   0.0893   0.1016   0.0686   0.0412   0.1026  -0.30    1.9
2026/04/23 07:40:20.800   3509419.4551    779155.1304   5250974.3456   2   7   0.1663   0.0893   0.1016   0.0686   0.0412   0.1026  -0.20    1.9
2026/04/23 07:40:20.900   3509419.4696    779155.2010   5250974.3241   2   7   0.1662   0.0893   0.1016   0.0686   0.0411   0.1025  -0.10    1.9
2026/04/23 07:40:21.000   3509419.4802    779155.2756   5250974.3023   2   7   0.1662   0.0892   0.1015   0.0686   0.0411   0.1025   0.00    1.9
2026/04/23 07:40:21.100   3509419.4917    779155.3502   5250974.2823   2   7   0.1662   0.0892   0.1015   0.0685   0.0411   0.1025   0.10    1.9
2026/04/23 07:40:21.200   3509419.5015    779155.4206   5250974.2571   2   7   0.1661   0.0892   0.1015   0.0685   0.0411   0.1025   0.20    1.9
2026/04/23 07:40:21.300   3509419.5108    779155.4914   5250974.2337   2   7   0.1661   0.0891   0.1015   0.0685   0.0411   0.1025   0.30    1.9
2026/04/23 07:40:21.400   3509419.5244    779155.5695   5250974.2123   2   7   0.1661   0.0891   0.1014   0.0685   0.0411   0.1025   0.40    1.9
2026/04/23 07:40:21.500   3509419.5318    779155.6444   5250974.1896   2   7   0.1660   0.0891   0.1014   0.0685   0.0411   0.1024  -0.50    1.9
2026/04/23 07:40:21.600   3509419.5384    779155.7203   5250974.1670   2   7   0.1660   0.0891   0.1014   0.0685   0.0411   0.1024  -0.40    1.9
2026/04/23 07:40:21.700   3509419.5422    779155.7924   5250974.1505   2   7   0.1659   0.0890   0.1014   0.0685   0.0411   0.1024  -0.30    2.0
2026/04/23 07:40:21.800   3509419.5397    779155.8635   5250974.1381   2   7   0.1659   0.0890   0.1013   0.0685   0.0411   0.1024  -0.20    2.0
2026/04/23 07:40:21.900   3509419.5394    779155.9351   5250974.1204   2   7   0.1659   0.0890   0.1013   0.0684   0.0411   0.1024  -0.10    2.0
2026/04/23 07:40:22.000   3509419.5394    779156.0021   5250974.1047   2   7   0.1658   0.0890   0.1013   0.0684   0.0410   0.1024   0.00    2.0
2026/04/23 07:40:22.100   3509419.5449    779156.0682   5250974.0873   2   7   0.1658   0.0889   0.1013   0.0684   0.0410   0.1024   0.10    2.0
2026/04/23 07:40:22.200   3509419.5458    779156.1323   5250974.0724   2   7   0.1658   0.0889   0.1012   0.0684   0.0410   0.1023   0.20    2.0
2026/04/23 07:40:22.300   3509419.5518    779156.1958   5250974.0575   2   7   0.1657   0.0889   0.1012   0.0684   0.0410   0.1023   0.30    2.0
2026/04/23 07:40:22.400   3509419.5619    779156.2637   5250974.0430   2   7   0.1657   0.0888   0.1012   0.0684   0.0410   0.1023   0.40    2.0
2026/04/23 07:40:22.500   3509419.5746    779156.3352   5250974.0234   2   7   0.1657   0.0888   0.1012   0.0684   0.0410   0.1023  -0.50    2.0
2026/04/23 07:40:22.600   3509419.5844    779156.4041   5250974.0022   2   7   0.1656   0.0888   0.1011   0.0684   0.0410   0.1023  -0.40    2.0
2026/04/23 07:40:22.700   3509419.5943    779156.4770   5250973.9846   2   7   0.1656   0.0888   0.1011   0.0683   0.0410   0.1023  -0.30    2.0
2026/04/23 07:40:22.800   3509419.6004    779156.5527   5250973.9671   2   7   0.1656   0.0887   0.1011   0.0683   0.0410   0.1022  -0.20    2.0
2026/04/23 07:40:22.900   3509419.6100    779156.6346   5250973.9464   2   7   0.1655   0.0887   0.1011   0.0683   0.0410   0.1022  -0.10    2.0
2026/04/23 07:40:23.000   3509419.6251    779156.7146   5250973.9224   2   7   0.1655   0.0887   0.1010   0.0683   0.0409   0.1022   0.00    2.0
2026/04/23 07:40:23.100   3509419.6380    779156.7957   5250973.8992   2   7   0.1654   0.0887   0.1010   0.0683   0.0409   0.1022   0.10    2.0
2026/04/23 07:40:23.200   3509419.6506    779156.8774   5250973.8755   2   7   0.1654   0.0886   0.1010   0.0683   0.0409   0.1022   0.20    2.0
2026/04/23 07:40:23.300   3509419.6629    779156.9578   5250973.8520   2   7   0.1654   0.0886   0.1009   0.0683   0.0409   0.1022   0.30    2.0
2026/04/23 07:40:23.400   3509419.6770    779157.0382   5250973.8259   2   7   0.1653   0.0886   0.1009   0.0682   0.0409   0.1021   0.40    2.0
2026/04/23 07:40:23.500   3509419.6900    779157.1176   5250973.7966   2   7   0.1653   0.0885   0.1009   0.0682   0.0409   0.1021  -0.50    2.0
2026/04/23 07:40:23.600   3509419.7008    779157.1994   5250973.7729   2   7   0.1653   0.0885   0.1009   0.0682   0.0409   0.1021  -0.40    2.0
2026/04/23 07:40:23.700   3509419.7139    779157.2792   5250973.7490   2   7   0.1652   0.0885   0.1008   0.0682   0.0409   0.1021  -0.30    2.0
2026/04/23 07:40:23.800   3509419.7275    779157.3617   5250973.7244   2   7   0.1652   0.0885   0.1008   0.0682   0.0409   0.1021  -0.20    2.0
2026/04/23 07:40:23.900   3509419.7432    779157.4420   5250973.7023   2   7   0.1652   0.0884   0.1008   0.0682   0.0409   0.1021  -0.10    2.0
2026/04/23 07:40:24.000   3509419.7609    779157.5150   5250973.6796   2   7   0.1651   0.0884   0.1008   0.0682   0.0408   0.1020   0.00    2.0
2026/04/23 07:40:24.100   3509419.7770    779157.5904   5250973.6557   2   7   0.1651   0.0884   0.1007   0.0682   0.0408   0.1020   0.10    2.0
2026/04/23 07:40:24.200   3509419.7889    779157.6666   5250973.6359   2   7   0.1650   0.0884   0.1007   0.0681   0.0408   0.1020   0.20    2.0
2026/04/23 07:40:24.300   3509419.7981    779157.7412   5250973.6169   2   7   0.1650   0.0883   0.1007   0.0681   0.0408   0.1020   0.30    2.0
2026/04/23 07:40:24.400   3509419.8123    779157.8176   5250973.5927   2   7   0.1650   0.0883   0.1007   0.0681   0.0408   0.1020   0.40    2.0
2026/04/23 07:40:24.500   3509419.8278    779157.8902   5250973.5682   2   7   0.1649   0.0883   0.1006   0.0681   0.0408   0.1020  -0.50    2.0
2026/04/23 07:40:24.600   3509419.8463    779157.9621   5250973.5428   2   7   0.1649   0.0883   0.1006   0.0681   0.0408   0.1019  -0.40    2.0
2026/04/23 07:40:24.700   3509419.8648    779158.0323   5250973.5140   2   7   0.1649   0.0882   0.1006   0.0681   0.0408   0.1019  -0.30    2.0
2026/04/23 07:40:24.800   3509419.8915    779158.1016   5250973.4781   2   7   0.1648   0.0882   0.1006   0.0681   0.0408   0.1019  -0.20    2.0
2026/04/23 07:40:24.900   3509419.9208    779158.1723   5250973.4450   2   7   0.1648   0.0882   0.1005   0.0681   0.0408   0.1019  -0.10    2.1
2026/04/23 07:40:25.000   3509419.9566    779158.2457   5250973.4111   2   7   0.1648   0.0881   0.1005   0.0680   0.0407   0.1019   0.00    2.1
2026/04/23 07:40:25.100   3509419.9828    779158.3216   5250973.3788   2   7   0.1647   0.0881   0.1005   0.0680   0.0407   0.1019   0.10    2.1
2026/04/23 07:40:25.200   3509420.0061    779158.3964   5250973.3473   2   7   0.1647   0.0881   0.1004   0.0680   0.0407   0.1018   0.20    2.1
2026/04/23 07:40:25.300   3509420.0299    779158.4680   5250973.3255   2   7   0.1647   0.0881   0.1004   0.0680   0.0407   0.1018   0.30    2.1
2026/04/23 07:40:25.400   3509420.0479    779158.5414   5250973.2964   2   7   0.1646   0.0880   0.1004   0.0680   0.0407   0.1018   0.40    2.1
2026/04/23 07:40:25.500   3509420.0655    779158.6175   5250973.2746   2   7   0.1646   0.0880   0.1004   0.0680   0.0407   0.1018  -0.50    2.1
2026/04/23 07:40:25.600   3509420.0816    779158.6948   5250973.2563   2   7   0.1646   0.0880   0.1003   0.0680   0.0407   0.1018  -0.40    2.1
2026/04/23 07:40:25.700   3509420.0924    779158.7757   5250973.2397   2   7   0.1645   0.0880   0.1003   0.0679   0.0407   0.1017  -0.30    2.1
2026/04/23 07:40:25.800   3509420.1007    779158.8531   5250973.2205   2   7   0.1645   0.0879   0.1003   0.0679   0.0407   0.1017  -0.20    2.1
2026/04/23 07:40:25.900   3509420.1181    779158.9267   5250973.1972   2   7   0.1644   0.0879   0.1002   0.0679   0.0407   0.1017  -0.10    2.1
2026/04/23 07:40:26.000   3509420.1351    779158.9989   5250973.1725   2   7   0.1644   0.0879   0.1002   0.0679   0.0406   0.1017   0.00    2.1
2026/04/23 07:40:26.100   3509420.1496    779159.0723   5250973.1483   2   7   0.1644   0.0878   0.1002   0.0679   0.0406   0.1017   0.10    2.1
2026/04/23 07:40:26.200   3509420.1593    779159.1462   5250973.1282   2   7   0.1643   0.0878   0.1002   0.0679   0.0406   0.1017   0.20    2.1
2026/04/23 07:40:26.300   3509420.1715    779159.2210   5250973.1100   2   7   0.1643   0.0878   0.1001   0.0679   0.0406   0.1016   0.30    2.1
2026/04/23 07:40:26.400   3509420.1764    779159.2991   5250973.0938   2   7   0.1643   0.0878   0.1001   0.0679   0.0406   0.1016   0.40    2.1
2026/04/23 07:40:26.500   3509420.1827    779159.3794   5250973.0715   2   7   0.1642   0.0877   0.1001   0.0678   0.0406   0.1016  -0.50    2.1
2026/04/23 07:40:26.600   3509420.1910    779159.4585   5250973.0500   2   7   0.1642   0.0877   0.1001   0.0678   0.0406   0.1016  -0.40    2.1
2026/04/23 07:40:26.700   3509420.1936    779159.5435   5250973.0339   2   7   0.1642   0.0877   0.1000   0.0678   0.0406   0.1016  -0.30    2.1
2026/04/23 07:40:26.800   3509420.1941    779159.6284   5250973.0157   2   7   0.1641   0.0877   0.1000   0.0678   0.0406   0.1016  -0.20    2.1
2026/04/23 07:40:26.900   3509420.1982    779159.7164   5250972.9975   2   7   0.1641   0.0876   0.1000   0.0678   0.0405   0.1015  -0.10    2.1
2026/04/23 07:40:27.000   3509420.2026    779159.8000   5250972.9727   2   7   0.1640   0.0876   0.0999   0.0678   0.0405   0.1015   0.00    2.1
2026/04/23 07:40:27.100   3509420.2154    779159.8832   5250972.9495   2   7   0.1640   0.0876   0.0999   0.0678   0.0405   0.1015   0.10    2.1
2026/04/23 07:40:27.200   3509420.2288    779159.9625   5250972.9252   2   7   0.1640   0.0876   0.0999   0.0677   0.0405   0.1015   0.20    2.1
2026/04/23 07:40:27.300   3509420.2408    779160.0363   5250972.8993   2   7   0.1639   0.0875   0.0999   0.0677   0.0405   0.1015   0.30    2.2
2026/04/23 07:40:27.400   3509420.2515    779160.1074   5250972.8751   2   7   0.1639   0.0875   0.0998   0.0677   0.0405   0.1014   0.40    2.2
2026/04/23 07:40:27.500   3509420.2609    779160.1810   5250972.8496   2   7   0.1639   0.0875   0.0998   0.0677   0.0405   0.1014  -0.50    2.2
2026/04/23 07:40:27.600   3509420.2674    779160.2544   5250972.8256   2   7   0.1638   0.0875   0.0998   0.0677   0.0405   0.1014  -0.40    2.2
2026/04/23 07:40:27.700   3509420.2686    779160.3301   5250972.8047   2   7   0.1638   0.0874   0.0997   0.0677   0.0405   0.1014  -0.30    2.2
2026/04/23 07:40:27.800   3509420.2717    779160.4054   5250972.7871   2   7   0.1638   0.0874   0.0997   0.0677   0.0404   0.1014  -0.20    2.2
2026/04/23 07:40:27.900   3509420.2731    779160.4771   5250972.7680   2   7   0.1637   0.0874   0.0997   0.0677   0.0404   0.1014  -0.10    2.2
2026/04/23 07:40:28.000   3509420.2773    779160.5516   5250972.7463   2   7   0.1637   0.0873   0.0997   0.0676   0.0404   0.1013   0.00    2.2
2026/04/23 07:40:28.100   3509420.2840    779160.6195   5250972.7215   2   7   0.1637   0.0873   0.0996   0.0676   0.0404   0.1013   0.10    2.2
2026/04/23 07:40:28.200   3509420.2910    779160.6938   5250972.6975   2   7   0.1636   0.0873   0.0996   0.0676   0.0404   0.1013   0.20    2.2
2026/04/23 07:40:28.300   3509420.2992    779160.7709   5250972.6746   2   7   0.1636   0.0873   0.0996   0.0676   0.0404   0.1013   0.30    2.2
2026/04/23 07:40:28.400   3509420.3068    779160.8486   5250972.6545   2   7   0.1635   0.0872   0.0995   0.0676   0.0404   0.1013   0.40    2.2
2026/04/23 07:40:28.500   3509420.3197    779160.9253   5250972.6288   2   7   0.1635   0.0872   0.0995   0.0676   0.0404   0.1012  -0.50    2.2
2026/04/23 07:40:28.600   3509420.3335    779161.0049   5250972.6016   2   7   0.1635   0.0872   0.0995   0.0676   0.0404   0.1012  -0.40    2.2
2026/04/23 07:40:28.700   3509420.3514    779161.0838   5250972.5724   2   7   0.1634   0.0872   0.0995   0.0675   0.0403   0.1012  -0.30    2.2
2026/04/23 07:40:28.800   3509420.3638    779161.1613   5250972.5502   2   7   0.1634   0.0871   0.0994   0.0675   0.0403   0.1012  -0.20    2.2
2026/04/23 07:40:28.900   3509420.3777    779161.2395   5250972.5260   2   7   0.1634   0.0871   0.0994   0.0675   0.0403   0.1012  -0.10    2.2
2026/04/23 07:40:29.000   3509420.3882    779161.3204   5250972.5009   2   7   0.1633   0.0871   0.0994   0.0675   0.0403   0.1011   0.00    2.2
2026/04/23 07:40:29.100   3509420.3973    779161.3975   5250972.4781   2   7   0.1633   0.0871   0.0993   0.0675   0.0403   0.1011   0.10    2.2
2026/04/23 07:40:29.200   3509420.4110    779161.4732   5250972.4538   2   7   0.1633   0.0870   0.0993   0.0675   0.0403   0.1011   0.20    2.2
2026/04/23 07:40:29.300   3509420.4308    779161.5458   5250972.4287   2   7   0.1632   0.0870   0.0993   0.0675   0.0403   0.1011   0.30    2.2
2026/04/23 07:40:29.400   3509420.4512    779161.6210   5250972.4017   2   7   0.1632   0.0870   0.0992   0.0675   0.0403   0.1011   0.40    2.2
2026/04/23 07:40:29.500   3509420.4705    779161.6979   5250972.3753   2   7   0.1632   0.0870   0.0992   0.0674   0.0403   0.1010  -0.50    2.2
2026/04/23 07:40:29.600   3509420.4839    779161.7753   5250972.3526   2   7   0.1631   0.0869   0.0992   0.0674   0.0402   0.1010  -0.40    2.2
2026/04/23 07:40:29.700   3509420.4954    779161.8496   5250972.3312   2   7   0.1631   0.0869   0.0992   0.0674   0.0402   0.1010  -0.30    2.2
2026/04/23 07:40:29.800   3509420.5090    779161.9190   5250972.3096   2   7   0.1630   0.0869   0.0991   0.0674   0.0402   0.1010  -0.20    2.2
2026/04/23 07:40:29.900   3509420.5210    779161.9822   5250972.2902   2   7   0.1630   0.0868   0.0991   0.0674   0.0402   0.1010  -0.10    2.2
2026/04/23 07:40:30.000   3509420.5262    779162.0528   5250972.2697   2   7   0.1630   0.0868   0.0991   0.0674   0.0402   0.1010   0.00    2.2
2026/04/23 07:40:30.100   3509420.5329    779162.1266   5250972.2520   2   7   0.1629   0.0868   0.0990   0.0674   0.0402   0.1009   0.10    2.2
2026/04/23 07:40:30.200   3509420.5364    779162.2024   5250972.2350   2   7   0.1629   0.0868   0.0990   0.0673   0.0402   0.1009   0.20    2.2
2026/04/23 07:40:30.300   3509420.5396    779162.2757   5250972.2199   2   7   0.1629   0.0867   0.0990   0.0673   0.0402   0.1009   0.30    2.2
2026/04/23 07:40:30.400   3509420.5396    779162.3533   5250972.2048   2   7   0.1628   0.0867   0.0989   0.0673   0.0401   0.1009   0.40    2.2
2026/04/23 07:40:30.500   3509420.5335    779162.4313   5250972.1925   2   7   0.1628   0.0867   0.0989   0.0673   0.0401   0.1009  -0.50    2.2
2026/04/23 07:40:30.600   3509420.5205    779162.5100   5250972.1871   2   7   0.1628   0.0867   0.0989   0.0673   0.0401   0.1008  -0.40    2.2
2026/04/23 07:40:30.700   3509420.5101    779162.5851   5250972.1805   2   7   0.1627   0.0866   0.0989   0.0673   0.0401   0.1008  -0.30    2.2
2026/04/23 07:40:30.800   3509420.4932    779162.6596   5250972.1788   2   7   0.1627   0.0866   0.0988   0.0673   0.0401   0.1008  -0.20    2.2
2026/04/23 07:40:30.900   3509420.4718    779162.7330   5250972.1788   2   7   0.1626   0.0866   0.0988   0.0672   0.0401   0.1008  -0.10    2.2
2026/04/23 07:40:31.000   3509420.4475    779162.8037   5250972.1826   2   7   0.1626   0.0866   0.0988   0.0672   0.0401   0.1008   0.00    2.2
2026/04/23 07:40:31.100   3509420.4239    779162.8813   5250972.1830   2   7   0.1626   0.0865   0.0987   0.0672   0.0401   0.1007   0.10    2.2
2026/04/23 07:40:31.200   3509420.3916    779162.9537   5250972.1898   2   7   0.1625   0.0865   0.0987   0.0672   0.0401   0.1007   0.20    2.2
2026/04/23 07:40:31.300   3509420.3547    779163.0257   5250972.2009   2   7   0.1625   0.0865   0.0987   0.0672   0.0400   0.1007   0.30    2.2
2026/04/23 07:40:31.400   3509420.3143    779163.0896   5250972.2199   2   7   0.1625   0.0865   0.0986   0.0672   0.0400   0.1007   0.40    2.2
2026/04/23 07:40:31.500   3509420.2778    779163.1547   5250972.2316   2   7   0.1624   0.0864   0.0986   0.0672   0.0400   0.1007  -0.50    2.2
2026/04/23 07:40:31.600   3509420.2367    779163.2224   5250972.2506   2   7   0.1624   0.0864   0.0986   0.0672   0.0400   0.1006  -0.40    2.2
2026/04/23 07:40:31.700   3509420.1918    779163.2887   5250972.2686   2   7   0.1624   0.0864   0.0985   0.0671   0.0400   0.1006  -0.30    2.2
2026/04/23 07:40:31.800   3509420.1471    779163.3502   5250972.2913   2   7   0.1623   0.0864   0.0985   0.0671   0.0400   0.1006  -0.20    2.2
2026/04/23 07:40:31.900   3509420.1000    779163.4132   5250972.3111   2   7   0.1623   0.0863   0.0985   0.0671   0.0400   0.1006  -0.10    2.2
2026/04/23 07:40:32.000   3509420.0532    779163.4724   5250972.3337   2   7   0.1623   0.0863   0.0985   0.0671   0.0400   0.1006   0.00    2.2
2026/04/23 07:40:32.100   3509420.0056    779163.5259   5250972.3566   2   7   0.1622   0.0863   0.0984   0.0671   0.0399   0.1005   0.10    2.2
2026/04/23 07:40:32.200   3509419.9550    779163.5806   5250972.3838   2   7   0.1622   0.0863   0.0984   0.0671   0.0399   0.1005   0.20    2.2
2026/04/23 07:40:32.300   3509419.9088    779163.6355   5250972.4079   2   7   0.1621   0.0862   0.0984   0.0671   0.0399   0.1005   0.30    2.2
2026/04/23 07:40:32.400   3509419.8618    779163.6898   5250972.4315   2   7   0.1621   0.0862   0.0983   0.0670   0.0399   0.1005   0.40    2.2
2026/04/23 07:40:32.500   3509419.8106    779163.7404   5250972.4581   2   7   0.1621   0.0862   0.0983   0.0670   0.0399   0.1005  -0.50    2.2
2026/04/23 07:40:32.600   3509419.7598    779163.7857   5250972.4846   2   7   0.1620   0.0862   0.0983   0.0670   0.0399   0.1004  -0.40    2.2
2026/04/23 07:40:32.700   3509419.7083    779163.8276   5250972.5165   2   7   0.1620   0.0861   0.0982   0.0670   0.0399   0.1004  -0.30    2.2
2026/04/23 07:40:32.800   3509419.6506    779163.8739   5250972.5526   2   7   0.1620   0.0861   0.0982   0.0670   0.0399   0.1004  -0.20    2.2
2026/04/23 07:40:32.900   3509419.5932    779163.9252   5250972.5867   2   7   0.1619   0.0861   0.0982   0.0670   0.0398   0.1004  -0.10    2.2
2026/04/23 07:40:33.000   3509419.5370    779163.9827   5250972.6197   2   7   0.1619   0.0861   0.0981   0.0670   0.0398   0.1003   0.00    2.2
2026/04/23 07:40:33.100   3509419.4855    779164.0440   5250972.6489   2   7   0.1619   0.0860   0.0981   0.0669   0.0398   0.1003   0.10    2.2
2026/04/23 07:40:33.200   3509419.4316    779164.1052   5250972.6766   2   7   0.1618   0.0860   0.0981   0.0669   0.0398   0.1003   0.20    2.2
2026/04/23 07:40:33.300   3509419.3902    779164.1607   5250972.6977   2   7   0.1618   0.0860   0.0980   0.0669   0.0398   0.1003   0.30    2.2
2026/04/23 07:40:33.400   3509419.3424    779164.2209   5250972.7207   2   7   0.1618   0.0860   0.0980   0.0669   0.0398   0.1003   0.40    2.2
2026/04/23 07:40:33.500   3509419.2983    779164.2765   5250972.7483   2   7   0.1617   0.0859   0.0980   0.0669   0.0398   0.1002  -0.50    2.2
2026/04/23 07:40:33.600   3509419.2495    779164.3291   5250972.7774   2   7   0.1617   0.0859   0.0980   0.0669   0.0398   0.1002  -0.40    2.2
2026/04/23 07:40:33.700   3509419.1938    779164.3759   5250972.8074   2   7   0.1616   0.0859   0.0979   0.0669   0.0397   0.1002  -0.30    2.2
2026/04/23 07:40:33.800   3509419.1379    779164.4198   5250972.8389   2   7   0.1616   0.0858   0.0979   0.0668   0.0397   0.1002  -0.20    2.2
2026/04/23 07:40:33.900   3509419.0871    779164.4636   5250972.8703   2   7   0.1616   0.0858   0.0979   0.0668   0.0397   0.1002  -0.10    2.2
2026/04/23 07:40:34.000   3509419.0333    779164.5053   5250972.9061   2   7   0.1615   0.0858   0.0978   0.0668   0.0397   0.1001   0.00    2.2
2026/04/23 07:40:34.100   3509418.9770    779164.5473   5250972.9404   2   7   0.1615   0.0858   0.0978   0.0668   0.0397   0.1001   0.10    2.2
2026/04/23 07:40:34.200   3509418.9234    779164.5888   5250972.9729   2   7   0.1615   0.0857   0.0978   0.0668   0.0397   0.1001   0.20    2.2
2026/04/23 07:40:34.300   3509418.8663    779164.6279   5250973.0087   2   7   0.1614   0.0857   0.0977   0.0668   0.0397   0.1001   0.30    2.3
2026/04/23 07:40:34.400   3509418.8122    779164.6635   5250973.0429   2   7   0.1614   0.0857   0.0977   0.0668   0.0397   0.1001   0.40    2.3
2026/04/23 07:40:34.500   3509418.7533    779164.6957   5250973.0799   2   7   0.1614   0.0857   0.0977   0.0667   0.0396   0.1000  -0.50    2.3
2026/04/23 07:40:34.600   3509418.6940    779164.7257   5250973.1179   2   7   0.1613   0.0856   0.0976   0.0667   0.0396   0.1000  -0.40    2.3
2026/04/23 07:40:34.700   3509418.6306    779164.7536   5250973.1509   2   7   0.1613   0.0856   0.0976   0.0667   0.0396   0.1000  -0.30    2.3
2026/04/23 07:40:34.800   3509418.5683    779164.7772   5250973.1909   2   7   0.1612   0.0856   0.0976   0.0667   0.0396   0.1000  -0.20    2.3
2026/04/23 07:40:34.900   3509418.5044    779164.7926   5250973.2343   2   7   0.1612   0.0856   0.0975   0.0667   0.0396   0.0999  -0.10    2.3
2026/04/23 07:40:35.000   3509418.4380    779164.8040   5250973.2806   2   7   0.1611   0.0855   0.0975   0.0667   0.0396   0.0999   0.00    2.3
2026/04/23 07:40:35.100   3509418.3705    779164.8191   5250973.3229   2   7   0.1611   0.0855   0.0975   0.0667   0.0396   0.0999   0.10    2.3
2026/04/23 07:40:35.200   3509418.3028    779164.8377   5250973.3638   2   7   0.1610   0.0855   0.0974   0.0667   0.0396   0.0998   0.20    2.3
2026/04/23 07:40:35.300   3509418.2412    779164.8598   5250973.4037   2   8   0.1610   0.0855   0.0974   0.0666   0.0396   0.0998   0.30    1.1
2026/04/23 07:40:35.400   3509418.1803    779164.8802   5250973.4420   2   8   0.1609   0.0854   0.0973   0.0666   0.0395   0.0998   0.40    1.1
2026/04/23 07:40:35.500   3509418.1186    779164.9050   5250973.4838   2   8   0.1609   0.0854   0.0973   0.0666   0.0395   0.0997  -0.50    1.1
2026/04/23 07:40:35.600   3509418.0576    779164.9336   5250973.5270   2   8   0.1608   0.0854   0.0973   0.0666   0.0395   0.0997  -0.40    1.2
2026/04/23 07:40:35.700   3509417.9905    779164.9640   5250973.5671   2   8   0.1608   0.0854   0.0972   0.0666   0.0395   0.0997  -0.30    1.2
2026/04/23 07:40:35.800   3509417.9249    779164.9971   5250973.6091   2   8   0.1607   0.0853   0.0972   0.0666   0.0395   0.0997  -0.20    1.3
2026/04/23 07:40:35.900   3509417.8642    779165.0292   5250973.6496   2   8   0.1606   0.0853   0.0972   0.0666   0.0395   0.0996  -0.10    1.3
2026/04/23 07:40:36.000   3509417.7968    779165.0551   5250973.6904   2   8   0.1606   0.0853   0.0971   0.0666   0.0395   0.0996   0.00    1.3
2026/04/23 07:40:36.100   3509417.7313    779165.0807   5250973.7279   2   8   0.1605   0.0853   0.0971   0.0666   0.0395   0.0996   0.10    1.4
2026/04/23 07:40:36.200   3509417.6681    779165.1096   5250973.7663   2   8   0.1604   0.0852   0.0970   0.0666   0.0395   0.0995   0.20    1.4
2026/04/23 07:40:36.300   3509417.6035    779165.1368   5250973.8115   2   8   0.1604   0.0852   0.0970   0.0666   0.0394   0.0995   0.30    1.4
2026/04/23 07:40:36.400   3509417.5422    779165.1594   5250973.8556   2   8   0.1603   0.0852   0.0970   0.0666   0.0394   0.0995   0.40    1.5
2026/04/23 07:40:36.500   3509417.4785    779165.1709   5250973.9006   2   8   0.1602   0.0852   0.0969   0.0666   0.0394   0.0994  -0.50    1.5
2026/04/23 07:40:36.600   3509417.4141    779165.1782   5250973.9397   2   8   0.1602   0.0851   0.0969   0.0666   0.0394   0.0994  -0.40    1.5
2026/04/23 07:40:36.700   3509417.3560    779165.1873   5250973.9827   2   8   0.1601   0.0851   0.0969   0.0666   0.0394   0.0993  -0.30    1.6
2026/04/23 07:40:36.800   3509417.2974    779165.1950   5250974.0285   2   8   0.1600   0.0851   0.0968   0.0666   0.0394   0.0993  -0.20    1.6
2026/04/23 07:40:36.900   3509417.2431    779165.2031   5250974.0725   2   8   0.1600   0.0851   0.0968   0.0665   0.0394   0.0993  -0.10    1.6
2026/04/23 07:40:37.000   3509417.1799    779165.2074   5250974.1182   2   8   0.1599   0.0850   0.0967   0.0665   0.0394   0.0992   0.00    1.7
2026/04/23 07:40:37.100   3509417.1185    779165.2037   5250974.1658   2   8   0.1599   0.0850   0.0967   0.0665   0.0393   0.0992   0.10    1.7
2026/04/23 07:40:37.200   3509417.0579    779165.1939   5250974.2173   2   8   0.1598   0.0850   0.0966   0.0665   0.0393   0.0991   0.20    1.7
2026/04/23 07:40:37.300   3509416.9987    779165.1784   5250974.2688   2   8   0.1597   0.0850   0.0966   0.0665   0.0393   0.0991   0.30    1.7
2026/04/23 07:40:37.400   3509416.9349    779165.1639   5250974.3218   2   8   0.1597   0.0849   0.0966   0.0665   0.0393   0.0991   0.40    1.7
2026/04/23 07:40:37.500   3509416.8713    779165.1638   5250974.3728   2   8   0.1596   0.0849   0.0965   0.0665   0.0393   0.0990  -0.50    1.7
2026/04/23 07:40:37.600   3509416.8080    779165.1670   5250974.4235   2   7   0.1596   0.0849   0.0965   0.0664   0.0392   0.0990  -0.40    1.3
2026/04/23 07:40:37.700   3509416.7288    779165.1761   5250974.4649   2   8   0.1596   0.0849   0.0965   0.0664   0.0392   0.0990  -0.30    1.7
2026/04/23 07:40:37.800   3509416.6414    779165.1888   5250974.4997   2   8   0.1595   0.0848   0.0964   0.0664   0.0392   0.0989  -0.20    1.6
2026/04/23 07:40:37.900   3509416.5811    779165.1916   5250974.5440   2   7   0.1595   0.0848   0.0964   0.0664   0.0392   0.0989  -0.10    1.3
2026/04/23 07:40:38.000   3509416.5183    779165.2008   5250974.5906   2   7   0.1595   0.0848   0.0964   0.0663   0.0392   0.0989   0.00    1.3
2026/04/23 07:40:38.100   3509416.4544    779165.2191   5250974.6359   2   7   0.1594   0.0848   0.0963   0.0663   0.0391   0.0989   0.10    1.3
2026/04/23 07:40:38.200   3509416.3875    779165.2348   5250974.6840   2   7   0.1594   0.0848   0.0963   0.0663   0.0391   0.0989   0.20    1.3
2026/04/23 07:40:38.300   3509416.3270    779165.2586   5250974.7289   2   7   0.1594   0.0847   0.0963   0.0663   0.0391   0.0989   0.30    1.4
2026/04/23 07:40:38.400   3509416.2633    779165.2837   5250974.7698   2   7   0.1594   0.0847   0.0963   0.0662   0.0391   0.0989   0.40    1.4
2026/04/23 07:40:38.500   3509416.1971    779165.3107   5250974.8125   2   7   0.1593   0.0847   0.0962   0.0662   0.0391   0.0989  -0.50    1.4
2026/04/23 07:40:38.600   3509416.1320    779165.3336   5250974.8539   2   7   0.1593   0.0847   0.0962   0.0662   0.0391   0.0989  -0.40    1.4
2026/04/23 07:40:38.700   3509416.0685    779165.3533   5250974.9007   2   7   0.1592   0.0846   0.0962   0.0662   0.0391   0.0988  -0.30    1.4
2026/04/23 07:40:38.800   3509416.0042    779165.3763   5250974.9459   2   7   0.1592   0.0846   0.0961   0.0662   0.0391   0.0988  -0.20    1.4
2026/04/23 07:40:38.900   3509415.9387    779165.3974   5250974.9848   2   7   0.1591   0.0846   0.0961   0.0662   0.0391   0.0988  -0.10    1.4
2026/04/23 07:40:39.000   3509415.8768    779165.4146   5250975.0301   2   7   0.1591   0.0846   0.0961   0.0662   0.0391   0.0987   0.00    1.4
2026/04/23 07:40:39.100   3509415.8131    779165.4300   5250975.0731   2   7   0.1590   0.0845   0.0960   0.0662   0.0391   0.0987   0.10    1.4
2026/04/23 07:40:39.200   3509415.7485    779165.4446   5250975.1235   2   8   0.1590   0.0845   0.0960   0.0662   0.0391   0.0987   0.20    1.1
2026/04/23 07:40:39.300   3509415.6855    779165.4593   5250975.1716   2   8   0.1589   0.0845   0.0960   0.0662   0.0390   0.0986   0.30    1.1
2026/04/23 07:40:39.400   3509415.6193    779165.4760   5250975.2184   2   8   0.1589   0.0845   0.0959   0.0662   0.0390   0.0986   0.40    1.2
2026/04/23 07:40:39.500   3509415.5538    779165.4925   5250975.2652   2   8   0.1588   0.0845   0.0959   0.0662   0.0390   0.0986  -0.50    1.3
2026/04/23 07:40:39.600   3509415.4852    779165.5118   5250975.3088   2   7   0.1588   0.0844   0.0958   0.0661   0.0390   0.0985  -0.40    1.5
2026/04/23 07:40:39.700   3509415.4192    779165.5330   5250975.3515   2   7   0.1587   0.0844   0.0958   0.0661   0.0390   0.0985  -0.30    1.5
2026/04/23 07:40:39.800   3509415.3514    779165.5531   5250975.3945   2   8   0.1587   0.0844   0.0958   0.0661   0.0390   0.0985  -0.20    1.4
2026/04/23 07:40:39.900   3509415.2811    779165.5661   5250975.4353   2   8   0.1586   0.0843   0.0957   0.0661   0.0390   0.0984  -0.10    1.4
2026/04/23 07:40:40.000   3509415.2165    779165.5721   5250975.4734   2   8   0.1585   0.0843   0.0957   0.0661   0.0390   0.0984   0.00    1.4
2026/04/23 07:40:40.100   3509415.1535    779165.5800   5250975.5113   2   8   0.1585   0.0843   0.0956   0.0661   0.0390   0.0984   0.10    1.4
2026/04/23 07:40:40.200   3509415.0894    779165.5901   5250975.5506   2   8   0.1584   0.0843   0.0956   0.0661   0.0390   0.0983   0.20    1.4
2026/04/23 07:40:40.300   3509415.0266    779165.6049   5250975.5963   2   7   0.1584   0.0842   0.0955   0.0661   0.0389   0.0983   0.30    1.5
2026/04/23 07:40:40.400   3509414.9634    779165.6033   5250975.6395   2   8   0.1583   0.0842   0.0955   0.0661   0.0389   0.0982   0.40    1.3
2026/04/23 07:40:40.500   3509414.8962    779165.5980   5250975.6805   2   8   0.1583   0.0842   0.0955   0.0661   0.0389   0.0982  -0.50    1.3
2026/04/23 07:40:40.600   3509414.8314    779165.6030   5250975.7233   2   8   0.1582   0.0842   0.0954   0.0661   0.0389   0.0982  -0.40    1.3
2026/04/23 07:40:40.700   3509414.7690    779165.6090   5250975.7690   2   7   0.1582   0.0841   0.0954   0.0661   0.0389   0.0981  -0.30    1.5
2026/04/23 07:40:40.800   3509414.7003    779165.6288   5250975.8158   2   8   0.1581   0.0841   0.0953   0.0661   0.0389   0.0981  -0.20    1.3
2026/04/23 07:40:40.900   3509414.6318    779165.6442   5250975.8639   2   7   0.1581   0.0841   0.0953   0.0660   0.0389   0.0981  -0.10    1.5
2026/04/23 07:40:41.000   3509414.5622    779165.6646   5250975.9127   2   8   0.1580   0.0841   0.0953   0.0660   0.0389   0.0980   0.00    1.3
2026/04/23 07:40:41.100   3509414.4902    779165.6838   5250975.9590   2   8   0.1579   0.0840   0.0952   0.0660   0.0389   0.0980   0.10    1.3
2026/04/23 07:40:41.200   3509414.4223    779165.7007   5250976.0059   2   8   0.1579   0.0840   0.0952   0.0660   0.0388   0.0979   0.20    1.3
2026/04/23 07:40:41.300   3509414.3601    779165.7260   5250976.0433   2   8   0.1578   0.0840   0.0951   0.0660   0.0388   0.0979   0.30    1.2
2026/04/23 07:40:41.400   3509414.2926    779165.7460   5250976.0866   2   8   0.1578   0.0840   0.0951   0.0660   0.0388   0.0979   0.40    1.2
2026/04/23 07:40:41.500   3509414.2233    779165.7633   5250976.1318   2   7   0.1577   0.0840   0.0950   0.0660   0.0388   0.0978  -0.50    1.5
2026/04/23 07:40:41.600   3509414.1592    779165.7850   5250976.1669   2   7   0.1577   0.0839   0.0950   0.0659   0.0388   0.0978  -0.40    1.5
2026/04/23 07:40:41.700   3509414.0855    779165.8003   5250976.2146   2   6   0.1578   0.0839   0.0950   0.0658   0.0387   0.0978  -0.30    1.2
2026/04/23 07:40:41.800   3509414.0114    779165.8226   5250976.2590   2   7   0.1579   0.0839   0.0950   0.0658   0.0387   0.0979  -0.20    1.0
2026/04/23 07:40:41.900   3509413.9441    779165.8422   5250976.3074   2   8   0.1578   0.0839   0.0949   0.0658   0.0387   0.0978  -0.10    1.3
2026/04/23 07:40:42.000   3509413.8815    779165.8597   5250976.3505   2   8   0.1578   0.0838   0.0949   0.0658   0.0387   0.0978   0.00    1.4
2026/04/23 07:40:42.100   3509413.8086    779165.8706   5250976.3950   2   6   0.1579   0.0838   0.0949   0.0658   0.0387   0.0979   0.10    1.2
2026/04/23 07:40:42.200   3509413.7391    779165.8798   5250976.4380   2   7   0.1578   0.0838   0.0948   0.0658   0.0387   0.0978   0.20    1.4
2026/04/23 07:40:42.300   3509413.6690    779165.8893   5250976.4842   2   7   0.1578   0.0838   0.0948   0.0658   0.0387   0.0978   0.30    1.4
2026/04/23 07:40:42.400   3509413.5995    779165.8993   5250976.5308   2   7   0.1577   0.0837   0.0948   0.0658   0.0387   0.0978   0.40    1.4
2026/04/23 07:40:42.500   3509413.5272    779165.9020   5250976.5821   2   7   0.1577   0.0837   0.0948   0.0658   0.0387   0.0978  -0.50    1.4
2026/04/23 07:40:42.600   3509413.4601    779165.8990   5250976.6293   2   7   0.1577   0.0837   0.0947   0.0658   0.0387   0.0978  -0.40    1.4
2026/04/23 07:40:42.700   3509413.3971    779165.8954   5250976.6753   2   7   0.1576   0.0837   0.0947   0.0658   0.0387   0.0977  -0.30    1.4
2026/04/23 07:40:42.800   3509413.3272    779165.8955   5250976.7253   2   7   0.1576   0.0837   0.0947   0.0658   0.0387   0.0977  -0.20    1.5
2026/04/23 07:40:42.900   3509413.2609    779165.8935   5250976.7784   2   7   0.1576   0.0836   0.0946   0.0658   0.0387   0.0977  -0.10    1.5
2026/04/23 07:40:43.000   3509413.1919    779165.8987   5250976.8232   2   7   0.1575   0.0836   0.0946   0.0658   0.0387   0.0977   0.00    1.5
2026/04/23 07:40:43.100   3509413.1259    779165.9042   5250976.8655   2   7   0.1575   0.0836   0.0946   0.0658   0.0387   0.0977   0.10    1.5
2026/04/23 07:40:43.200   3509413.0603    779165.9138   5250976.9119   2   7   0.1575   0.0836   0.0945   0.0658   0.0387   0.0976   0.20    1.5
2026/04/23 07:40:43.300   3509412.9954    779165.9248   5250976.9652   2   7   0.1574   0.0835   0.0945   0.0657   0.0386   0.0976   0.30    1.5
2026/04/23 07:40:43.400   3509412.9230    779165.9389   5250977.0128   2   7   0.1574   0.0835   0.0945   0.0657   0.0386   0.0976   0.40    1.6
2026/04/23 07:40:43.500   3509412.8580    779165.9512   5250977.0636   2   6   0.1575   0.0835   0.0945   0.0656   0.0386   0.0976  -0.50    1.2
2026/04/23 07:40:43.600   3509412.8018    779165.9667   5250977.1177   2   6   0.1574   0.0835   0.0945   0.0656   0.0384   0.0976  -0.40    4.3
2026/04/23 07:40:43.700   3509412.7401    779165.9804   5250977.1721   2   6   0.1573   0.0836   0.0945   0.0656   0.0383   0.0976  -0.30    4.3
2026/04/23 07:40:43.800   3509412.6813    779165.9915   5250977.2281   2   7   0.1573   0.0835   0.0944   0.0657   0.0384   0.0975  -0.20    0.0
2026/04/23 07:40:43.900   3509412.6145    779166.0085   5250977.2757   2   5   0.1574   0.0835   0.0945   0.0655   0.0382   0.0976  -0.10    0.0
2026/04/23 07:40:44.000   3509412.5431    779166.0266   5250977.3226   2   5   0.1575   0.0836   0.0946   0.0654   0.0380   0.0978   0.00    0.0
2026/04/23 07:40:44.100   3509412.4671    779166.0447   5250977.3691   2   5   0.1576   0.0836   0.0948   0.0652   0.0378   0.0979   0.10    0.0
2026/04/23 07:40:44.200   3509412.3994    779166.0614   5250977.4106   2   5   0.1577   0.0836   0.0949   0.0651   0.0376   0.0981   0.20    0.0
2026/04/23 07:40:44.300   3509412.3287    779166.0802   5250977.4533   2   5   0.1579   0.0837   0.0951   0.0650   0.0374   0.0983   0.30    0.0
2026/04/23 07:40:44.400   3509412.2627    779166.0922   5250977.4930   2   5   0.1580   0.0836   0.0952   0.0649   0.0373   0.0985   0.40    0.0
2026/04/23 07:40:44.500   3509412.1905    779166.1040   5250977.5355   2   5   0.1581   0.0836   0.0954   0.0648   0.0372   0.0987  -0.50    0.0
2026/04/23 07:40:44.600   3509412.1104    779166.1141   5250977.5775   2   5   0.1582   0.0836   0.0956   0.0648   0.0372   0.0989  -0.40    0.0
2026/04/23 07:40:44.700   3509412.0355    779166.1193   5250977.6214   2   5   0.1583   0.0836   0.0957   0.0648   0.0371   0.0991  -0.30    0.0
2026/04/23 07:40:44.800   3509411.9620    779166.1257   5250977.6627   2   5   0.1584   0.0836   0.0959   0.0648   0.0371   0.0992  -0.20    0.0
2026/04/23 07:40:44.900   3509411.8919    779166.1329   5250977.7054   2   5   0.1585   0.0836   0.0961   0.0647   0.0371   0.0994  -0.10    0.0
2026/04/23 07:40:45.000   3509411.8219    779166.1328   5250977.7474   2   5   0.1586   0.0836   0.0962   0.0647   0.0372   0.0995   0.00    2.7
2026/04/23 07:40:45.100   3509411.7588    779166.1291   5250977.7864   2   5   0.1586   0.0836   0.0963   0.0647   0.0372   0.0997   0.10    2.7
2026/04/23 07:40:45.200   3509411.6894    779166.1300   5250977.8240   2   5   0.1587   0.0835   0.0965   0.0647   0.0372   0.0998   0.20    3.3
2026/04/23 07:40:45.300   3509411.6105    779166.1367   5250977.8674   2   5   0.1587   0.0835   0.0966   0.0647   0.0372   0.0999   0.30    3.3
2026/04/23 07:40:45.400   3509411.5381    779166.1465   5250977.9064   2   5   0.1588   0.0835   0.0967   0.0647   0.0372   0.1000   0.40    3.3
2026/04/23 07:40:45.500   3509411.4671    779166.1524   5250977.9467   2   5   0.1588   0.0835   0.0968   0.0647   0.0372   0.1001  -0.50    3.3
2026/04/23 07:40:45.600   3509411.3919    779166.1634   5250977.9828   2   5   0.1588   0.0835   0.0969   0.0647   0.0372   0.1002  -0.40    3.4
2026/04/23 07:40:45.700   3509411.3136    779166.1761   5250978.0175   2   5   0.1588   0.0835   0.0969   0.0647   0.0372   0.1002  -0.30    3.4
2026/04/23 07:40:45.800   3509411.2431    779166.1842   5250978.0601   2   5   0.1588   0.0835   0.0970   0.0647   0.0372   0.1003  -0.20    3.4
2026/04/23 07:40:45.900   3509411.1768    779166.1949   5250978.1039   2   5   0.1588   0.0835   0.0970   0.0647   0.0371   0.1003  -0.10    3.4
2026/04/23 07:40:46.000   3509411.1062    779166.2113   5250978.1476   2   5   0.1588   0.0834   0.0971   0.0647   0.0371   0.1003   0.00    3.4
2026/04/23 07:40:46.100   3509411.0370    779166.2276   5250978.1793   2   5   0.1588   0.0834   0.0971   0.0647   0.0371   0.1003   0.10    3.4
2026/04/23 07:40:46.200   3509410.9648    779166.2444   5250978.2183   2   5   0.1588   0.0834   0.0971   0.0646   0.0371   0.1004   0.20    3.4
2026/04/23 07:40:46.300   3509410.8908    779166.2607   5250978.2580   2   5   0.1588   0.0834   0.0971   0.0646   0.0371   0.1004   0.30    3.4
2026/04/23 07:40:46.400   3509410.8199    779166.2744   5250978.2945   2   5   0.1588   0.0834   0.0971   0.0646   0.0371   0.1004   0.40    3.4
2026/04/23 07:40:46.500   3509410.7559    779166.2901   5250978.3385   2   5   0.1587   0.0834   0.0971   0.0646   0.0371   0.1004  -0.50    3.4
2026/04/23 07:40:46.600   3509410.6853    779166.3145   5250978.3849   2   5   0.1587   0.0834   0.0971   0.0646   0.0371   0.1004  -0.40    3.4
2026/04/23 07:40:46.700   3509410.6121    779166.3336   5250978.4253   2   5   0.1587   0.0833   0.0971   0.0646   0.0371   0.1004  -0.30    3.4
2026/04/23 07:40:46.800   3509410.5392    779166.3438   5250978.4729   2   5   0.1587   0.0833   0.0971   0.0646   0.0371   0.1004  -0.20    3.4
2026/04/23 07:40:46.900   3509410.4678    779166.3559   5250978.5263   2   5   0.1587   0.0833   0.0971   0.0646   0.0371   0.1003  -0.10    3.4
2026/04/23 07:40:47.000   3509410.3908    779166.3783   5250978.5652   2   5   0.1586   0.0833   0.0971   0.0645   0.0370   0.1003   0.00    3.5
2026/04/23 07:40:47.100   3509410.3165    779166.3905   5250978.6098   2   6   0.1586   0.0833   0.0971   0.0645   0.0370   0.1003   0.10    1.2
2026/04/23 07:40:47.200   3509410.2425    779166.4045   5250978.6574   2   5   0.1586   0.0832   0.0971   0.0645   0.0370   0.1003   0.20    3.5
2026/04/23 07:40:47.300   3509410.1646    779166.4196   5250978.7111   2   6   0.1586   0.0832   0.0971   0.0645   0.0370   0.1003   0.30    1.3
2026/04/23 07:40:47.400   3509410.1005    779166.4364   5250978.7560   2   6   0.1585   0.0832   0.0971   0.0645   0.0370   0.1003   0.40    1.3
2026/04/23 07:40:47.500   3509410.0404    779166.4556   5250978.8035   2   5   0.1585   0.0832   0.0971   0.0645   0.0370   0.1003  -0.50    3.5
2026/04/23 07:40:47.600   3509409.9743    779166.4677   5250978.8545   2   6   0.1585   0.0831   0.0970   0.0645   0.0371   0.1003  -0.40    1.3
2026/04/23 07:40:47.700   3509409.9152    779166.4756   5250978.9057   2   6   0.1584   0.0831   0.0970   0.0645   0.0371   0.1002  -0.30    1.4
2026/04/23 07:40:47.800   3509409.8557    779166.4832   5250978.9579   2   5   0.1584   0.0831   0.0970   0.0645   0.0371   0.1002  -0.20    3.5
2026/04/23 07:40:47.900   3509409.7950    779166.4950   5250979.0037   2   5   0.1584   0.0831   0.0970   0.0644   0.0371   0.1002  -0.10    3.5
2026/04/23 07:40:48.000   3509409.7327    779166.4971   5250979.0518   2   6   0.1583   0.0829   0.0969   0.0645   0.0372   0.1001   0.00    1.2
2026/04/23 07:40:48.100   3509409.6785    779166.5048   5250979.0957   2   5   0.1583   0.0830   0.0969   0.0645   0.0372   0.1001   0.10    3.5
2026/04/23 07:40:48.200   3509409.6190    779166.5127   5250979.1415   2   5   0.1583   0.0830   0.0969   0.0644   0.0371   0.1001   0.20    3.5
2026/04/23 07:40:48.300   3509409.5569    779166.5226   5250979.1886   2   6   0.1582   0.0828   0.0968   0.0645   0.0373   0.1000   0.30    1.1
2026/04/23 07:40:48.400   3509409.4951    779166.5294   5250979.2397   2   6   0.1582   0.0828   0.0968   0.0646   0.0374   0.1000   0.40    1.0
2026/04/23 07:40:48.500   3509409.4260    779166.5332   5250979.2859   2   6   0.1581   0.0827   0.0967   0.0646   0.0375   0.0999  -0.50    1.0
2026/04/23 07:40:48.600   3509409.3592    779166.5445   5250979.3336   2   6   0.1580   0.0827   0.0967   0.0646   0.0375   0.0999  -0.40    1.1
2026/04/23 07:40:48.700   3509409.2873    779166.5496   5250979.3829   2   6   0.1580   0.0827   0.0967   0.0646   0.0375   0.0998  -0.30    1.1
2026/04/23 07:40:48.800   3509409.2171    779166.5518   5250979.4323   2   6   0.1579   0.0827   0.0966   0.0646   0.0376   0.0998  -0.20    1.1
2026/04/23 07:40:48.900   3509409.1453    779166.5563   5250979.4785   2   6   0.1579   0.0826   0.0966   0.0646   0.0376   0.0997  -0.10    1.1
2026/04/23 07:40:49.000   3509409.0710    779166.5590   5250979.5255   2   6   0.1578   0.0826   0.0965   0.0646   0.0376   0.0997   0.00    1.1
2026/04/23 07:40:49.100   3509408.9992    779166.5602   5250979.5845   2   6   0.1578   0.0826   0.0965   0.0646   0.0376   0.0996   0.10    1.1
2026/04/23 07:40:49.200   3509408.9196    779166.5656   5250979.6360   2   6   0.1577   0.0826   0.0965   0.0646   0.0376   0.0996   0.20    1.1
2026/04/23 07:40:49.300   3509408.8448    779166.5655   5250979.6771   2   6   0.1577   0.0825   0.0964   0.0646   0.0376   0.0995   0.30    1.1
2026/04/23 07:40:49.400   3509408.7698    779166.5647   5250979.7181   2   6   0.1576   0.0825   0.0964   0.0646   0.0376   0.0995   0.40    1.1
2026/04/23 07:40:49.500   3509408.6986    779166.5612   5250979.7648   2   6   0.1576   0.0825   0.0964   0.0646   0.0376   0.0995  -0.50    1.1
2026/04/23 07:40:49.600   3509408.6261    779166.5581   5250979.8166   2   6   0.1575   0.0825   0.0963   0.0646   0.0376   0.0994  -0.40    1.1
2026/04/23 07:40:49.700   3509408.5554    779166.5602   5250979.8625   2   6   0.1575   0.0825   0.0963   0.0646   0.0377   0.0994  -0.30    1.1
2026/04/23 07:40:49.800   3509408.4931    779166.5550   5250979.9026   2   6   0.1574   0.0824   0.0963   0.0646   0.0377   0.0993  -0.20    1.1
2026/04/23 07:40:49.900   3509408.4260    779166.5457   5250979.9418   2   6   0.1574   0.0824   0.0962   0.0646   0.0377   0.0993  -0.10    1.1
2026/04/23 07:40:50.000   3509408.3658    779166.5302   5250979.9826   2   6   0.1573   0.0824   0.0962   0.0646   0.0377   0.0992   0.00    1.1
2026/04/23 07:40:50.100   3509408.3002    779166.5063   5250980.0250   2   6   0.1572   0.0824   0.0962   0.0646   0.0377   0.0992   0.10    1.1
2026/04/23 07:40:50.200   3509408.2355    779166.4741   5250980.0669   2   6   0.1572   0.0823   0.0961   0.0646   0.0377   0.0992   0.20    1.0
2026/04/23 07:40:50.300   3509408.1734    779166.4438   5250980.1113   2   6   0.1571   0.0823   0.0961   0.0646   0.0377   0.0991   0.30    1.0
2026/04/23 07:40:50.400   3509408.1165    779166.4169   5250980.1512   2   6   0.1571   0.0823   0.0961   0.0646   0.0377   0.0991   0.40    1.0
2026/04/23 07:40:50.500   3509408.0529    779166.3844   5250980.1993   2   5   0.1571   0.0823   0.0962   0.0646   0.0377   0.0990  -0.50    1.0
2026/04/23 07:40:50.600   3509407.9948    779166.3452   5250980.2490   2   5   0.1570   0.0823   0.0963   0.0646   0.0377   0.0989  -0.40    1.0
2026/04/23 07:40:50.700   3509407.9385    779166.3086   5250980.2973   2   5   0.1570   0.0822   0.0964   0.0646   0.0377   0.0988  -0.30    1.0
2026/04/23 07:40:50.800   3509407.8710    779166.2677   5250980.3447   2   5   0.1570   0.0822   0.0965   0.0646   0.0376   0.0988  -0.20    1.0
2026/04/23 07:40:50.900   3509407.8133    779166.2259   5250980.3892   2   5   0.1569   0.0822   0.0965   0.0646   0.0376   0.0988  -0.10    1.0
2026/04/23 07:40:51.000   3509407.7620    779166.1818   5250980.4344   2   5   0.1569   0.0822   0.0965   0.0646   0.0376   0.0987   0.00    1.0
2026/04/23 07:40:51.100   3509407.7089    779166.1336   5250980.4779   2   5   0.1568   0.0822   0.0965   0.0646   0.0376   0.0987   0.10    1.0
2026/04/23 07:40:51.200   3509407.6533    779166.0886   5250980.5220   2   5   0.1568   0.0821   0.0965   0.0646   0.0377   0.0987   0.20    1.0
2026/04/23 07:40:51.300   3509407.6028    779166.0416   5250980.5620   2   5   0.1568   0.0821   0.0965   0.0646   0.0377   0.0987   0.30    1.0
2026/04/23 07:40:51.400   3509407.5667    779165.9910   5250980.5989   2   5   0.1568   0.0821   0.0965   0.0646   0.0377   0.0987   0.40    1.0
2026/04/23 07:40:51.500   3509407.5293    779165.9354   5250980.6332   2   5   0.1567   0.0821   0.0965   0.0646   0.0377   0.0986  -0.50    1.0
2026/04/23 07:40:51.600   3509407.5023    779165.8806   5250980.6656   2   5   0.1567   0.0821   0.0965   0.0646   0.0377   0.0986  -0.40    1.0
2026/04/23 07:40:51.700   3509407.4701    779165.8172   5250980.6947   2   5   0.1567   0.0820   0.0965   0.0646   0.0377   0.0986  -0.30    1.0
2026/04/23 07:40:51.800   3509407.4397    779165.7576   5250980.7267   2   5   0.1566   0.0820   0.0964   0.0646   0.0377   0.0986  -0.20    1.0
2026/04/23 07:40:51.900   3509407.3982    779165.6940   5250980.7577   2   5   0.1566   0.0820   0.0964   0.0646   0.0377   0.0986  -0.10    1.0
2026/04/23 07:40:52.000   3509407.3816    779165.6211   5250980.7872   2   5   0.1566   0.0820   0.0964   0.0646   0.0377   0.0986   0.00    1.0
2026/04/23 07:40:52.100   3509407.3699    779165.5459   5250980.8118   2   5   0.1566   0.0820   0.0964   0.0646   0.0377   0.0985   0.10    1.0
2026/04/23 07:40:52.200   3509407.3445    779165.4701   5250980.8390   2   5   0.1565   0.0819   0.0964   0.0646   0.0377   0.0985   0.20    1.0
2026/04/23 07:40:52.300   3509407.3273    779165.3861   5250980.8618   2   5   0.1568   0.0819   0.0964   0.0644   0.0378   0.0983   0.30    1.4
2026/04/23 07:40:52.400   3509407.3146    779165.2986   5250980.8833   2   5   0.1570   0.0820   0.0965   0.0643   0.0379   0.0981   0.40    1.4
2026/04/23 07:40:52.500   3509407.3139    779165.2097   5250980.9042   2   5   0.1573   0.0820   0.0968   0.0642   0.0376   0.0979  -0.50    1.4
2026/04/23 07:40:52.600   3509407.3168    779165.1196   5250980.9235   2   6   0.1575   0.0821   0.0973   0.0641   0.0371   0.0978  -0.40    1.4
2026/04/23 07:40:52.700   3509407.3042    779165.0344   5250980.9482   2   6   0.1576   0.0822   0.0979   0.0640   0.0366   0.0977  -0.30    1.5
2026/04/23 07:40:52.800   3509407.2781    779164.9534   5250980.9818   2   6   0.1575   0.0822   0.0984   0.0640   0.0362   0.0978  -0.20    1.6
2026/04/23 07:40:52.900   3509407.2627    779164.8791   5250981.0023   2   6   0.1574   0.0822   0.0987   0.0640   0.0359   0.0980  -0.10    1.6
2026/04/23 07:40:53.000   3509407.2290    779164.8060   5250981.0260   2   6   0.1572   0.0821   0.0990   0.0641   0.0358   0.0982   0.00    1.5
2026/04/23 07:40:53.100   3509407.2063    779164.7311   5250981.0551   2   6   0.1571   0.0821   0.0992   0.0640   0.0358   0.0985   0.10    1.5
2026/04/23 07:40:53.200   3509407.1680    779164.6641   5250981.0824   2   6   0.1569   0.0820   0.0994   0.0641   0.0359   0.0987   0.20    1.3
2026/04/23 07:40:53.300   3509407.1511    779164.5917   5250981.1078   2   6   0.1568   0.0819   0.0995   0.0641   0.0359   0.0990   0.30    1.5
2026/04/23 07:40:53.400   3509407.1284    779164.5221   5250981.1336   2   6   0.1568   0.0819   0.0997   0.0640   0.0360   0.0992   0.40    1.6
2026/04/23 07:40:53.500   3509407.1129    779164.4523   5250981.1610   2   7   0.1565   0.0818   0.0997   0.0642   0.0362   0.0993  -0.50    1.5
2026/04/23 07:40:53.600   3509407.0928    779164.3832   5250981.1901   2   7   0.1563   0.0817   0.0997   0.0643   0.0364   0.0994  -0.40    1.5
2026/04/23 07:40:53.700   3509407.0776    779164.3082   5250981.2128   2   7   0.1561   0.0817   0.0997   0.0643   0.0366   0.0994  -0.30    1.4
2026/04/23 07:40:53.800   3509407.0645    779164.2307   5250981.2365   2   7   0.1560   0.0817   0.0996   0.0644   0.0367   0.0994  -0.20    1.4
2026/04/23 07:40:53.900   3509407.0487    779164.1487   5250981.2569   2   7   0.1559   0.0816   0.0995   0.0644   0.0368   0.0993  -0.10    1.4
2026/04/23 07:40:54.000   3509407.0364    779164.0646   5250981.2826   2   7   0.1557   0.0816   0.0993   0.0644   0.0369   0.0993   0.00    1.4
2026/04/23 07:40:54.100   3509407.0277    779163.9731   5250981.3047   2   7   0.1556   0.0816   0.0992   0.0644   0.0369   0.0992   0.10    1.3
2026/04/23 07:40:54.200   3509407.0191    779163.8913   5250981.3209   2   7   0.1555   0.0816   0.0991   0.0644   0.0369   0.0992   0.20    1.3
2026/04/23 07:40:54.300   3509407.0157    779163.8057   5250981.3423   2   8   0.1554   0.0815   0.0989   0.0644   0.0370   0.0991   0.30    1.3
2026/04/23 07:40:54.400   3509407.0099    779163.7222   5250981.3615   2   8   0.1553   0.0815   0.0988   0.0644   0.0370   0.0990   0.40    1.3
2026/04/23 07:40:54.500   3509407.0077    779163.6393   5250981.3784   2   8   0.1552   0.0815   0.0987   0.0644   0.0370   0.0989  -0.50    1.2
2026/04/23 07:40:54.600   3509407.0015    779163.5539   5250981.3964   2   8   0.1551   0.0815   0.0986   0.0644   0.0370   0.0988  -0.40    1.2
2026/04/23 07:40:54.700   3509406.9884    779163.4730   5250981.4155   2   8   0.1550   0.0815   0.0985   0.0644   0.0370   0.0987  -0.30    1.2
2026/04/23 07:40:54.800   3509406.9791    779163.3946   5250981.4367   2   8   0.1549   0.0814   0.0984   0.0644   0.0370   0.0987  -0.20    1.1
2026/04/23 07:40:54.900   3509406.9650    779163.3190   5250981.4564   2   8   0.1548   0.0814   0.0983   0.0644   0.0370   0.0986  -0.10    1.1
2026/04/23 07:40:55.000   3509406.9462    779163.2417   5250981.4826   2   8   0.1548   0.0814   0.0982   0.0644   0.0370   0.0985   0.00    1.1
2026/04/23 07:40:55.100   3509406.9318    779163.1630   5250981.5027   2   8   0.1547   0.0814   0.0981   0.0644   0.0370   0.0984   0.10    1.1
2026/04/23 07:40:55.200   3509406.9143    779163.0847   5250981.5274   2   8   0.1546   0.0814   0.0980   0.0644   0.0370   0.0983   0.20    1.0
2026/04/23 07:40:55.300   3509406.8991    779163.0076   5250981.5507   2   8   0.1545   0.0813   0.0980   0.0644   0.0370   0.0983   0.30    1.0
2026/04/23 07:40:55.400   3509406.8834    779162.9273   5250981.5732   2   8   0.1544   0.0813   0.0979   0.0644   0.0370   0.0982   0.40    1.0
2026/04/23 07:40:55.500   3509406.8673    779162.8498   5250981.5987   2   8   0.1544   0.0813   0.0978   0.0644   0.0370   0.0981  -0.50    1.1
2026/04/23 07:40:55.600   3509406.8441    779162.7657   5250981.6234   2   8   0.1543   0.0813   0.0977   0.0644   0.0370   0.0981  -0.40    1.1
2026/04/23 07:40:55.700   3509406.8304    779162.6870   5250981.6436   2   8   0.1542   0.0813   0.0977   0.0644   0.0370   0.0980  -0.30    1.1
2026/04/23 07:40:55.800   3509406.8155    779162.6074   5250981.6624   2   8   0.1542   0.0812   0.0976   0.0644   0.0370   0.0980  -0.20    1.1
2026/04/23 07:40:55.900   3509406.8059    779162.5292   5250981.6839   2   8   0.1541   0.0812   0.0976   0.0644   0.0370   0.0979  -0.10    1.2
2026/04/23 07:40:56.000   3509406.7928    779162.4451   5250981.7028   2   8   0.1540   0.0812   0.0975   0.0644   0.0370   0.0979   0.00    1.2
2026/04/23 07:40:56.100   3509406.7796    779162.3640   5250981.7245   2   8   0.1540   0.0812   0.0975   0.0644   0.0370   0.0978   0.10    1.2
2026/04/23 07:40:56.200   3509406.7663    779162.2826   5250981.7458   2   8   0.1539   0.0812   0.0974   0.0644   0.0370   0.0978   0.20    1.2
2026/04/23 07:40:56.300   3509406.7517    779162.2026   5250981.7657   2   8   0.1539   0.0811   0.0974   0.0644   0.0370   0.0978   0.30    1.2
2026/04/23 07:40:56.400   3509406.7401    779162.1264   5250981.7845   2   8   0.1538   0.0811   0.0973   0.0644   0.0370   0.0977   0.40    1.3
2026/04/23 07:40:56.500   3509406.7279    779162.0478   5250981.7999   2   8   0.1538   0.0811   0.0973   0.0644   0.0370   0.0977  -0.50    1.3
2026/04/23 07:40:56.600   3509406.7129    779161.9680   5250981.8184   2   8   0.1537   0.0811   0.0972   0.0643   0.0370   0.0977  -0.40    1.3
2026/04/23 07:40:56.700   3509406.6942    779161.8897   5250981.8381   2   8   0.1537   0.0811   0.0972   0.0643   0.0370   0.0976  -0.30    1.3
2026/04/23 07:40:56.800   3509406.6769    779161.8046   5250981.8591   2   8   0.1536   0.0811   0.0972   0.0643   0.0370   0.0976  -0.20    1.3
2026/04/23 07:40:56.900   3509406.6632    779161.7266   5250981.8772   2   8   0.1536   0.0810   0.0971   0.0643   0.0370   0.0976  -0.10    1.3
2026/04/23 07:40:57.000   3509406.6515    779161.6471   5250981.8973   2   8   0.1535   0.0810   0.0971   0.0643   0.0370   0.0975   0.00    1.3
2026/04/23 07:40:57.100   3509406.6423    779161.5636   5250981.9129   2   8   0.1535   0.0810   0.0971   0.0643   0.0370   0.0975   0.10    1.4
2026/04/23 07:40:57.200   3509406.6332    779161.4775   5250981.9305   2   8   0.1534   0.0810   0.0971   0.0643   0.0370   0.0975   0.20    1.4
2026/04/23 07:40:57.300   3509406.6244    779161.3911   5250981.9514   2   8   0.1534   0.0810   0.0971   0.0643   0.0370   0.0975   0.30    1.4
2026/04/23 07:40:57.400   3509406.6100    779161.3115   5250981.9706   2   8   0.1534   0.0809   0.0970   0.0643   0.0370   0.0975   0.40    1.4
2026/04/23 07:40:57.500   3509406.6039    779161.2334   5250981.9888   2   8   0.1533   0.0809   0.0970   0.0643   0.0370   0.0974  -0.50    1.4
2026/04/23 07:40:57.600   3509406.5953    779161.1516   5250982.0082   2   8   0.1533   0.0809   0.0970   0.0643   0.0370   0.0974  -0.40    1.4
2026/04/23 07:40:57.700   3509406.5923    779161.0693   5250982.0274   2   7   0.1533   0.0809   0.0970   0.0642   0.0370   0.0974  -0.30    1.2
2026/04/23 07:40:57.800   3509406.5888    779160.9846   5250982.0444   2   7   0.1532   0.0809   0.0970   0.0642   0.0370   0.0974  -0.20    1.2
2026/04/23 07:40:57.900   3509406.5861    779160.9021   5250982.0622   2   7   0.1532   0.0809   0.0970   0.0642   0.0370   0.0974  -0.10    1.3
2026/04/23 07:40:58.000   3509406.5817    779160.8190   5250982.0798   2   7   0.1532   0.0808   0.0970   0.0642   0.0369   0.0974   0.00    1.3
2026/04/23 07:40:58.100   3509406.5732    779160.7385   5250982.1010   2   7   0.1532   0.0808   0.0970   0.0642   0.0369   0.0974   0.10    1.3
2026/04/23 07:40:58.200   3509406.5696    779160.6598   5250982.1172   2   7   0.1531   0.0808   0.0970   0.0641   0.0369   0.0974   0.20    1.3
2026/04/23 07:40:58.300   3509406.5584    779160.5796   5250982.1415   2   7   0.1531   0.0808   0.0970   0.0641   0.0369   0.0974   0.30    1.3
2026/04/23 07:40:58.400   3509406.5537    779160.4987   5250982.1630   2   7   0.1531   0.0808   0.0970   0.0641   0.0369   0.0974   0.40    1.3
2026/04/23 07:40:58.500   3509406.5461    779160.4148   5250982.1876   2   7   0.1531   0.0808   0.0970   0.0641   0.0370   0.0974  -0.50    1.3
2026/04/23 07:40:58.600   3509406.5392    779160.3318   5250982.2107   2   7   0.1530   0.0807   0.0970   0.0641   0.0370   0.0974  -0.40    1.3
2026/04/23 07:40:58.700   3509406.5279    779160.2513   5250982.2319   2   7   0.1530   0.0807   0.0970   0.0641   0.0370   0.0974  -0.30    1.3
2026/04/23 07:40:58.800   3509406.5169    779160.1646   5250982.2550   2   7   0.1530   0.0807   0.0970   0.0641   0.0370   0.0974  -0.20    1.3
2026/04/23 07:40:58.900   3509406.5022    779160.0709   5250982.2846   2   7   0.1529   0.0807   0.0971   0.0641   0.0370   0.0974  -0.10    1.3
2026/04/23 07:40:59.000   3509406.4874    779159.9733   5250982.3129   2   7   0.1529   0.0807   0.0971   0.0641   0.0370   0.0974   0.00    1.3
2026/04/23 07:40:59.100   3509406.4706    779159.8754   5250982.3420   2   7   0.1529   0.0806   0.0971   0.0640   0.0370   0.0974   0.10    1.3
2026/04/23 07:40:59.200   3509406.4583    779159.7856   5250982.3668   2   7   0.1529   0.0806   0.0971   0.0640   0.0370   0.0974   0.20    1.3
2026/04/23 07:40:59.300   3509406.4478    779159.6956   5250982.3889   2   7   0.1528   0.0806   0.0971   0.0640   0.0370   0.0974   0.30    1.3
2026/04/23 07:40:59.400   3509406.4368    779159.6097   5250982.4157   2   7   0.1528   0.0806   0.0971   0.0640   0.0369   0.0974   0.40    1.3
2026/04/23 07:40:59.500   3509406.4208    779159.5158   5250982.4446   2   7   0.1528   0.0806   0.0971   0.0640   0.0369   0.0974  -0.50    1.3
2026/04/23 07:40:59.600   3509406.4056    779159.4140   5250982.4699   2   7   0.1528   0.0805   0.0971   0.0640   0.0369   0.0974  -0.40    1.3
2026/04/23 07:40:59.700   3509406.3977    779159.3160   5250982.4921   2   7   0.1527   0.0805   0.0971   0.0640   0.0369   0.0974  -0.30    1.3
2026/04/23 07:40:59.800   3509406.3865    779159.2231   5250982.5168   2   7   0.1527   0.0805   0.0971   0.0640   0.0369   0.0974  -0.20    1.3
2026/04/23 07:40:59.900   3509406.3758    779159.1332   5250982.5401   2   7   0.1527   0.0805   0.0971   0.0639   0.0369   0.0974  -0.10    1.3
2026/04/23 07:41:00.000   3509406.3663    779159.0436   5250982.5649   2   7   0.1526   0.0805   0.0971   0.0639   0.0369   0.0973   0.00    1.3
2026/04/23 07:41:00.100   3509406.3519    779158.9486   5250982.5911   2   7   0.1526   0.0805   0.0971   0.0639   0.0369   0.0973   0.10    1.3
2026/04/23 07:41:00.200   3509406.3292    779158.8514   5250982.6197   2   7   0.1526   0.0804   0.0971   0.0639   0.0369   0.0973   0.20    1.3
2026/04/23 07:41:00.300   3509406.3132    779158.7531   5250982.6483   2   7   0.1526   0.0804   0.0971   0.0639   0.0369   0.0973   0.30    1.3
2026/04/23 07:41:00.400   3509406.2992    779158.6565   5250982.6723   2   7   0.1525   0.0804   0.0971   0.0639   0.0369   0.0973   0.40    1.3
2026/04/23 07:41:00.500   3509406.2855    779158.5592   5250982.7009   2   7   0.1525   0.0804   0.0971   0.0639   0.0369   0.0973  -0.50    1.3
2026/04/23 07:41:00.600   3509406.2689    779158.4709   5250982.7312   2   7   0.1525   0.0804   0.0971   0.0638   0.0369   0.0973  -0.40    1.3
2026/04/23 07:41:00.700   3509406.2560    779158.3785   5250982.7561   2   7   0.1524   0.0803   0.0971   0.0638   0.0369   0.0973  -0.30    1.3
2026/04/23 07:41:00.800   3509406.2417    779158.2872   5250982.7820   2   7   0.1524   0.0803   0.0971   0.0638   0.0369   0.0973  -0.20    1.3
2026/04/23 07:41:00.900   3509406.2256    779158.1991   5250982.8087   2   7   0.1524   0.0803   0.0970   0.0638   0.0369   0.0973  -0.10    1.3
2026/04/23 07:41:01.000   3509406.2140    779158.1129   5250982.8302   2   7   0.1524   0.0803   0.0970   0.0638   0.0369   0.0973   0.00    1.3
2026/04/23 07:41:01.100   3509406.1980    779158.0220   5250982.8557   2   7   0.1523   0.0803   0.0970   0.0638   0.0369   0.0973   0.10    1.3
2026/04/23 07:41:01.200   3509406.1838    779157.9280   5250982.8819   2   7   0.1523   0.0803   0.0970   0.0638   0.0369   0.0972   0.20    1.4
2026/04/23 07:41:01.300   3509406.1748    779157.8336   5250982.9023   2   7   0.1523   0.0802   0.0970   0.0638   0.0369   0.0972   0.30    1.4
2026/04/23 07:41:01.400   3509406.1681    779157.7337   5250982.9235   2   7   0.1522   0.0802   0.0970   0.0637   0.0369   0.0972   0.40    1.4
2026/04/23 07:41:01.500   3509406.1676    779157.6401   5250982.9412   2   7   0.1522   0.0802   0.0970   0.0637   0.0369   0.0972  -0.50    1.4
2026/04/23 07:41:01.600   3509406.1665    779157.5361   5250982.9565   2   7   0.1522   0.0802   0.0970   0.0637   0.0369   0.0972  -0.40    1.4
2026/04/23 07:41:01.700   3509406.1625    779157.4367   5250982.9755   2   7   0.1522   0.0802   0.0970   0.0637   0.0369   0.0972  -0.30    1.4
2026/04/23 07:41:01.800   3509406.1583    779157.3375   5250982.9955   2   7   0.1521   0.0801   0.0970   0.0637   0.0369   0.0972  -0.20    1.4
2026/04/23 07:41:01.900   3509406.1523    779157.2417   5250983.0165   2   7   0.1521   0.0801   0.0970   0.0637   0.0369   0.0972  -0.10    1.4
2026/04/23 07:41:02.000   3509406.1403    779157.1466   5250983.0393   2   7   0.1521   0.0801   0.0970   0.0637   0.0369   0.0972   0.00    1.4
2026/04/23 07:41:02.100   3509406.1227    779157.0548   5250983.0609   2   7   0.1520   0.0801   0.0970   0.0637   0.0369   0.0971   0.10    1.4
2026/04/23 07:41:02.200   3509406.1096    779156.9582   5250983.0818   2   7   0.1520   0.0801   0.0970   0.0636   0.0369   0.0971   0.20    1.4
2026/04/23 07:41:02.300   3509406.0958    779156.8654   5250983.1020   2   7   0.1520   0.0801   0.0969   0.0636   0.0369   0.0971   0.30    1.4
2026/04/23 07:41:02.400   3509406.0779    779156.7749   5250983.1246   2   7   0.1520   0.0800   0.0969   0.0636   0.0369   0.0971   0.40    1.4
2026/04/23 07:41:02.500   3509406.0597    779156.6822   5250983.1486   2   7   0.1519   0.0800   0.0969   0.0636   0.0369   0.0971  -0.50    1.4
2026/04/23 07:41:02.600   3509406.0444    779156.5915   5250983.1739   2   7   0.1519   0.0800   0.0969   0.0636   0.0369   0.0971  -0.40    1.4
2026/04/23 07:41:02.700   3509406.0335    779156.5015   5250983.1966   2   7   0.1519   0.0800   0.0969   0.0636   0.0369   0.0971  -0.30    1.4
2026/04/23 07:41:02.800   3509406.0210    779156.4064   5250983.2192   2   7   0.1519   0.0800   0.0969   0.0636   0.0369   0.0971  -0.20    1.4
2026/04/23 07:41:02.900   3509406.0065    779156.3134   5250983.2428   2   7   0.1518   0.0799   0.0969   0.0636   0.0369   0.0971  -0.10    1.4
2026/04/23 07:41:03.000   3509405.9931    779156.2164   5250983.2656   2   7   0.1518   0.0799   0.0969   0.0635   0.0369   0.0970   0.00    1.4
2026/04/23 07:41:03.100   3509405.9835    779156.1225   5250983.2860   2   7   0.1518   0.0799   0.0969   0.0635   0.0369   0.0970   0.10    1.4
2026/04/23 07:41:03.200   3509405.9747    779156.0316   5250983.3070   2   7   0.1517   0.0799   0.0969   0.0635   0.0369   0.0970   0.20    1.4
2026/04/23 07:41:03.300   3509405.9640    779155.9332   5250983.3303   2   7   0.1517   0.0799   0.0969   0.0635   0.0369   0.0970   0.30    1.4
2026/04/23 07:41:03.400   3509405.9489    779155.8321   5250983.3575   2   7   0.1517   0.0799   0.0968   0.0635   0.0369   0.0970   0.40    1.4
2026/04/23 07:41:03.500   3509405.9321    779155.7336   5250983.3843   2   7   0.1517   0.0798   0.0968   0.0635   0.0369   0.0970  -0.50    1.4
2026/04/23 07:41:03.600   3509405.9180    779155.6417   5250983.4090   2   7   0.1516   0.0798   0.0968   0.0635   0.0369   0.0970  -0.40    1.4
2026/04/23 07:41:03.700   3509405.9059    779155.5461   5250983.4297   2   7   0.1516   0.0798   0.0968   0.0635   0.0368   0.0970  -0.30    1.4
2026/04/23 07:41:03.800   3509405.9013    779155.4516   5250983.4485   2   7   0.1516   0.0798   0.0968   0.0634   0.0368   0.0969  -0.20    1.4
2026/04/23 07:41:03.900   3509405.8972    779155.3534   5250983.4653   2   7   0.1515   0.0798   0.0968   0.0634   0.0368   0.0969  -0.10    1.4
2026/04/23 07:41:04.000   3509405.8954    779155.2567   5250983.4831   2   7   0.1515   0.0798   0.0968   0.0634   0.0368   0.0969   0.00    1.4
2026/04/23 07:41:04.100   3509405.8962    779155.1583   5250983.5003   2   7   0.1515   0.0797   0.0968   0.0634   0.0368   0.0969   0.10    1.4
2026/04/23 07:41:04.200   3509405.9073    779155.0644   5250983.5095   2   7   0.1515   0.0797   0.0968   0.0634   0.0368   0.0969   0.20    1.4
2026/04/23 07:41:04.300   3509405.9143    779154.9688   5250983.5188   2   7   0.1514   0.0797   0.0968   0.0634   0.0368   0.0969   0.30    1.4
2026/04/23 07:41:04.400   3509405.9156    779154.8748   5250983.5346   2   7   0.1514   0.0797   0.0968   0.0634   0.0368   0.0969   0.40    1.4
2026/04/23 07:41:04.500   3509405.9103    779154.7807   5250983.5541   2   7   0.1514   0.0797   0.0968   0.0634   0.0368   0.0969  -0.50    1.4
2026/04/23 07:41:04.600   3509405.9025    779154.6880   5250983.5749   2   7   0.1514   0.0796   0.0967   0.0633   0.0368   0.0969  -0.40    1.4
2026/04/23 07:41:04.700   3509405.8965    779154.5946   5250983.5953   2   7   0.1513   0.0796   0.0967   0.0633   0.0368   0.0968  -0.30    1.4
2026/04/23 07:41:04.800   3509405.8900    779154.5022   5250983.6140   2   7   0.1513   0.0796   0.0967   0.0633   0.0368   0.0968  -0.20    1.4
2026/04/23 07:41:04.900   3509405.8808    779154.4056   5250983.6317   2   7   0.1513   0.0796   0.0967   0.0633   0.0368   0.0968  -0.10    1.4
2026/04/23 07:41:05.000   3509405.8764    779154.3103   5250983.6488   2   7   0.1512   0.0796   0.0967   0.0633   0.0368   0.0968   0.00    1.4
2026/04/23 07:41:05.100   3509405.8647    779154.2160   5250983.6702   2   7   0.1512   0.0796   0.0967   0.0633   0.0368   0.0968   0.10    1.4
2026/04/23 07:41:05.200   3509405.8547    779154.1284   5250983.6924   2   7   0.1512   0.0795   0.0967   0.0633   0.0368   0.0968   0.20    1.4
2026/04/23 07:41:05.300   3509405.8436    779154.0454   5250983.7140   2   7   0.1512   0.0795   0.0967   0.0633   0.0368   0.0968   0.30    1.4
2026/04/23 07:41:05.400   3509405.8359    779153.9597   5250983.7388   2   7   0.1511   0.0795   0.0967   0.0632   0.0368   0.0968   0.40    1.4
2026/04/23 07:41:05.500   3509405.8253    779153.8714   5250983.7610   2   7   0.1511   0.0795   0.0967   0.0632   0.0368   0.0968  -0.50    1.4
2026/04/23 07:41:05.600   3509405.8138    779153.7734   5250983.7846   2   7   0.1511   0.0795   0.0967   0.0632   0.0368   0.0967  -0.40    1.4
2026/04/23 07:41:05.700   3509405.8016    779153.6817   5250983.8079   2   7   0.1511   0.0795   0.0967   0.0632   0.0368   0.0967  -0.30    1.3
2026/04/23 07:41:05.800   3509405.7891    779153.5869   5250983.8332   2   7   0.1510   0.0794   0.0967   0.0632   0.0368   0.0967  -0.20    1.3
2026/04/23 07:41:05.900   3509405.7727    779153.4910   5250983.8621   2   7   0.1510   0.0794   0.0966   0.0632   0.0368   0.0967  -0.10    1.3
2026/04/23 07:41:06.000   3509405.7567    779153.3872   5250983.8870   2   7   0.1510   0.0794   0.0966   0.0632   0.0368   0.0967   0.00    1.3
2026/04/23 07:41:06.100   3509405.7468    779153.2850   5250983.9097   2   7   0.1510   0.0794   0.0966   0.0631   0.0368   0.0967   0.10    1.3
2026/04/23 07:41:06.200   3509405.7437    779153.1872   5250983.9282   2   7   0.1509   0.0794   0.0966   0.0631   0.0368   0.0967   0.20    1.3
2026/04/23 07:41:06.300   3509405.7433    779153.0858   5250983.9440   2   7   0.1509   0.0793   0.0966   0.0631   0.0368   0.0967   0.30    1.3
2026/04/23 07:41:06.400   3509405.7410    779152.9844   5250983.9606   2   7   0.1509   0.0793   0.0966   0.0631   0.0368   0.0967   0.40    1.3
2026/04/23 07:41:06.500   3509405.7385    779152.8891   5250983.9781   2   7   0.1508   0.0793   0.0966   0.0631   0.0368   0.0966  -0.50    1.3
2026/04/23 07:41:06.600   3509405.7375    779152.7912   5250983.9911   2   7   0.1508   0.0793   0.0966   0.0631   0.0368   0.0966  -0.40    1.3
2026/04/23 07:41:06.700   3509405.7325    779152.7024   5250984.0084   2   7   0.1508   0.0793   0.0966   0.0631   0.0368   0.0966  -0.30    1.3
2026/04/23 07:41:06.800   3509405.7252    779152.6137   5250984.0281   2   7   0.1508   0.0793   0.0966   0.0631   0.0368   0.0966  -0.20    1.3
2026/04/23 07:41:06.900   3509405.7166    779152.5238   5250984.0483   2   7   0.1507   0.0792   0.0966   0.0630   0.0368   0.0966  -0.10    1.3
2026/04/23 07:41:07.000   3509405.7060    779152.4235   5250984.0695   2   7   0.1507   0.0792   0.0966   0.0630   0.0368   0.0966   0.00    1.3
2026/04/23 07:41:07.100   3509405.6971    779152.3291   5250984.0907   2   7   0.1507   0.0792   0.0965   0.0630   0.0367   0.0966   0.10    1.3
2026/04/23 07:41:07.200   3509405.6901    779152.2294   5250984.1117   2   7   0.1507   0.0792   0.0965   0.0630   0.0367   0.0966   0.20    1.3
2026/04/23 07:41:07.300   3509405.6810    779152.1281   5250984.1342   2   7   0.1506   0.0792   0.0965   0.0630   0.0367   0.0966   0.30    1.3
2026/04/23 07:41:07.400   3509405.6734    779152.0261   5250984.1541   2   7   0.1506   0.0792   0.0965   0.0630   0.0367   0.0965   0.40    1.3
2026/04/23 07:41:07.500   3509405.6727    779151.9268   5250984.1716   2   7   0.1506   0.0791   0.0965   0.0630   0.0367   0.0965  -0.50    1.3
2026/04/23 07:41:07.600   3509405.6689    779151.8285   5250984.1896   2   7   0.1506   0.0791   0.0965   0.0630   0.0367   0.0965  -0.40    1.3
2026/04/23 07:41:07.700   3509405.6635    779151.7306   5250984.2085   2   7   0.1505   0.0791   0.0965   0.0629   0.0367   0.0965  -0.30    1.3
2026/04/23 07:41:07.800   3509405.6571    779151.6326   5250984.2303   2   7   0.1505   0.0791   0.0965   0.0629   0.0367   0.0965  -0.20    1.3
2026/04/23 07:41:07.900   3509405.6468    779151.5332   5250984.2517   2   7   0.1505   0.0791   0.0965   0.0629   0.0367   0.0965  -0.10    1.3
2026/04/23 07:41:08.000   3509405.6323    779151.4361   5250984.2757   2   7   0.1504   0.0790   0.0965   0.0629   0.0367   0.0965   0.00    1.3
2026/04/23 07:41:08.100   3509405.6197    779151.3406   5250984.2977   2   7   0.1504   0.0790   0.0965   0.0629   0.0367   0.0965   0.10    1.3
2026/04/23 07:41:08.200   3509405.6135    779151.2485   5250984.3156   2   7   0.1504   0.0790   0.0965   0.0629   0.0367   0.0965   0.20    1.3
2026/04/23 07:41:08.300   3509405.6190    779151.1567   5250984.3267   2   7   0.1504   0.0790   0.0964   0.0629   0.0367   0.0964   0.30    1.3
2026/04/23 07:41:08.400   3509405.6243    779151.0610   5250984.3392   2   7   0.1503   0.0790   0.0964   0.0628   0.0367   0.0964   0.40    1.3
2026/04/23 07:41:08.500   3509405.6255    779150.9654   5250984.3504   2   7   0.1503   0.0790   0.0964   0.0628   0.0367   0.0964  -0.50    1.3
2026/04/23 07:41:08.600   3509405.6215    779150.8703   5250984.3697   2   7   0.1503   0.0789   0.0964   0.0628   0.0367   0.0964  -0.40    1.3
2026/04/23 07:41:08.700   3509405.6166    779150.7713   5250984.3881   2   7   0.1503   0.0789   0.0964   0.0628   0.0367   0.0964  -0.30    1.3
2026/04/23 07:41:08.800   3509405.6138    779150.6734   5250984.4079   2   7   0.1502   0.0789   0.0964   0.0628   0.0367   0.0964  -0.20    1.3
2026/04/23 07:41:08.900   3509405.6128    779150.5787   5250984.4256   2   7   0.1502   0.0789   0.0964   0.0628   0.0367   0.0964  -0.10    1.3
2026/04/23 07:41:09.000   3509405.6094    779150.4860   5250984.4430   2   7   0.1502   0.0789   0.0964   0.0628   0.0367   0.0964   0.00    1.3
2026/04/23 07:41:09.100   3509405.5962    779150.3906   5250984.4692   2   7   0.1502   0.0789   0.0964   0.0628   0.0367   0.0963   0.10    1.3
2026/04/23 07:41:09.200   3509405.5844    779150.2917   5250984.4909   2   7   0.1501   0.0788   0.0964   0.0627   0.0367   0.0963   0.20    1.3
2026/04/23 07:41:09.300   3509405.5798    779150.1971   5250984.5107   2   7   0.1501   0.0788   0.0964   0.0627   0.0367   0.0963   0.30    1.3
2026/04/23 07:41:09.400   3509405.5747    779150.1001   5250984.5324   2   7   0.1501   0.0788   0.0964   0.0627   0.0367   0.0963   0.40    1.3
2026/04/23 07:41:09.500   3509405.5650    779149.9928   5250984.5550   2   7   0.1501   0.0788   0.0963   0.0627   0.0367   0.0963  -0.50    1.3
2026/04/23 07:41:09.600   3509405.5538    779149.8856   5250984.5805   2   7   0.1500   0.0788   0.0963   0.0627   0.0367   0.0963  -0.40    1.3
2026/04/23 07:41:09.700   3509405.5553    779149.7819   5250984.5994   2   7   0.1500   0.0788   0.0963   0.0627   0.0367   0.0963  -0.30    1.3
2026/04/23 07:41:09.800   3509405.5627    779149.6848   5250984.6136   2   7   0.1500   0.0787   0.0963   0.0627   0.0367   0.0963  -0.20    1.3
2026/04/23 07:41:09.900   3509405.5687    779149.5911   5250984.6276   2   7   0.1499   0.0787   0.0963   0.0627   0.0367   0.0963  -0.10    1.3
2026/04/23 07:41:10.000   3509405.5710    779149.4957   5250984.6406   2   7   0.1499   0.0787   0.0963   0.0626   0.0366   0.0962   0.00    1.3
2026/04/23 07:41:10.100   3509405.5658    779149.3989   5250984.6578   2   7   0.1499   0.0787   0.0963   0.0626   0.0366   0.0962   0.10    1.3
2026/04/23 07:41:10.200   3509405.5624    779149.3031   5250984.6735   2   7   0.1499   0.0787   0.0963   0.0626   0.0366   0.0962   0.20    1.3
2026/04/23 07:41:10.300   3509405.5631    779149.2080   5250984.6874   2   7   0.1498   0.0787   0.0963   0.0626   0.0366   0.0962   0.30    1.3
2026/04/23 07:41:10.400   3509405.5568    779149.1121   5250984.7051   2   7   0.1498   0.0786   0.0963   0.0626   0.0366   0.0962   0.40    1.3
2026/04/23 07:41:10.500   3509405.5461    779149.0161   5250984.7234   2   7   0.1498   0.0786   0.0963   0.0626   0.0366   0.0962  -0.50    1.3
2026/04/23 07:41:10.600   3509405.5366    779148.9217   5250984.7419   2   7   0.1498   0.0786   0.0962   0.0626   0.0366   0.0962  -0.40    1.3
2026/04/23 07:41:10.700   3509405.5262    779148.8234   5250984.7626   2   7   0.1497   0.0786   0.0962   0.0625   0.0366   0.0962  -0.30    1.3
2026/04/23 07:41:10.800   3509405.5183    779148.7214   5250984.7842   2   7   0.1497   0.0786   0.0962   0.0625   0.0366   0.0961  -0.20    1.3
2026/04/23 07:41:10.900   3509405.5012    779148.6214   5250984.8098   2   7   0.1497   0.0785   0.0962   0.0625   0.0366   0.0961  -0.10    1.3
2026/04/23 07:41:11.000   3509405.4870    779148.5226   5250984.8334   2   7   0.1497   0.0785   0.0962   0.0625   0.0366   0.0961   0.00    1.3
2026/04/23 07:41:11.100   3509405.4837    779148.4289   5250984.8531   2   7   0.1496   0.0785   0.0962   0.0625   0.0366   0.0961   0.10    1.3
2026/04/23 07:41:11.200   3509405.4807    779148.3382   5250984.8685   2   7   0.1496   0.0785   0.0962   0.0625   0.0366   0.0961   0.20    1.3
2026/04/23 07:41:11.300   3509405.4746    779148.2428   5250984.8842   2   7   0.1496   0.0785   0.0962   0.0625   0.0366   0.0961   0.30    1.3
2026/04/23 07:41:11.400   3509405.4691    779148.1513   5250984.9032   2   7   0.1496   0.0785   0.0962   0.0625   0.0366   0.0961   0.40    1.3
2026/04/23 07:41:11.500   3509405.4681    779148.0590   5250984.9159   2   7   0.1495   0.0784   0.0962   0.0624   0.0366   0.0961  -0.50    1.3
2026/04/23 07:41:11.600   3509405.4726    779147.9645   5250984.9317   2   7   0.1495   0.0784   0.0961   0.0624   0.0366   0.0960  -0.40    1.3
2026/04/23 07:41:11.700   3509405.4759    779147.8685   5250984.9502   2   7   0.1495   0.0784   0.0961   0.0624   0.0366   0.0960  -0.30    1.3
2026/04/23 07:41:11.800   3509405.4753    779147.7699   5250984.9672   2   7   0.1494   0.0784   0.0961   0.0624   0.0366   0.0960  -0.20    1.3
2026/04/23 07:41:11.900   3509405.4693    779147.6707   5250984.9875   2   7   0.1494   0.0784   0.0961   0.0624   0.0366   0.0960  -0.10    1.3
2026/04/23 07:41:12.000   3509405.4647    779147.5703   5250985.0058   2   7   0.1494   0.0784   0.0961   0.0624   0.0366   0.0960   0.00    1.3
2026/04/23 07:41:12.100   3509405.4593    779147.4722   5250985.0275   2   7   0.1494   0.0783   0.0961   0.0624   0.0366   0.0960   0.10    1.3
2026/04/23 07:41:12.200   3509405.4551    779147.3689   5250985.0472   2   7   0.1493   0.0783   0.0961   0.0623   0.0366   0.0960   0.20    1.3
2026/04/23 07:41:12.300   3509405.4495    779147.2632   5250985.0703   2   7   0.1493   0.0783   0.0961   0.0623   0.0366   0.0960   0.30    1.3
2026/04/23 07:41:12.400   3509405.4409    779147.1507   5250985.0934   2   7   0.1493   0.0783   0.0961   0.0623   0.0366   0.0959   0.40    1.3
2026/04/23 07:41:12.500   3509405.4285    779147.0441   5250985.1173   2   7   0.1493   0.0783   0.0961   0.0623   0.0366   0.0959  -0.50    1.3
2026/04/23 07:41:12.600   3509405.4183    779146.9345   5250985.1441   2   7   0.1492   0.0783   0.0960   0.0623   0.0365   0.0959  -0.40    1.3
2026/04/23 07:41:12.700   3509405.4108    779146.8270   5250985.1683   2   7   0.1492   0.0782   0.0960   0.0623   0.0365   0.0959  -0.30    1.3
2026/04/23 07:41:12.800   3509405.4005    779146.7199   5250985.1934   2   7   0.1492   0.0782   0.0960   0.0623   0.0365   0.0959  -0.20    1.3
2026/04/23 07:41:12.900   3509405.3930    779146.6094   5250985.2169   2   7   0.1492   0.0782   0.0960   0.0623   0.0365   0.0959  -0.10    1.3
2026/04/23 07:41:13.000   3509405.3857    779146.4982   5250985.2382   2   7   0.1491   0.0782   0.0960   0.0622   0.0365   0.0959   0.00    1.3
2026/04/23 07:41:13.100   3509405.3803    779146.3895   5250985.2589   2   7   0.1491   0.0782   0.0960   0.0622   0.0365   0.0959   0.10    1.3
2026/04/23 07:41:13.200   3509405.3823    779146.2842   5250985.2723   2   7   0.1491   0.0782   0.0960   0.0622   0.0365   0.0958   0.20    1.3
2026/04/23 07:41:13.300   3509405.3865    779146.1817   5250985.2841   2   7   0.1490   0.0781   0.0960   0.0622   0.0365   0.0958   0.30    1.3
2026/04/23 07:41:13.400   3509405.3858    779146.0809   5250985.3002   2   7   0.1490   0.0781   0.0960   0.0622   0.0365   0.0958   0.40    1.3
2026/04/23 07:41:13.500   3509405.3842    779145.9766   5250985.3138   2   7   0.1490   0.0781   0.0959   0.0622   0.0365   0.0958  -0.50    1.3
2026/04/23 07:41:13.600   3509405.3835    779145.8777   5250985.3264   2   7   0.1489   0.0781   0.0959   0.0622   0.0365   0.0958  -0.40    1.3
2026/04/23 07:41:13.700   3509405.3852    779145.7771   5250985.3354   2   8   0.1489   0.0781   0.0959   0.0622   0.0365   0.0958  -0.30    1.0
2026/04/23 07:41:13.800   3509405.3913    779145.6771   5250985.3440   2   8   0.1489   0.0780   0.0959   0.0622   0.0365   0.0957  -0.20    1.0
2026/04/23 07:41:13.900   3509405.3934    779145.5713   5250985.3551   2   8   0.1489   0.0780   0.0959   0.0621   0.0365   0.0957  -0.10    1.0
2026/04/23 07:41:14.000   3509405.3953    779145.4660   5250985.3654   2   8   0.1488   0.0780   0.0959   0.0621   0.0365   0.0957   0.00    1.0
2026/04/23 07:41:14.100   3509405.3953    779145.3579   5250985.3793   2   8   0.1488   0.0780   0.0959   0.0621   0.0365   0.0957   0.10    1.0
2026/04/23 07:41:14.200   3509405.3940    779145.2539   5250985.3935   2   8   0.1487   0.0780   0.0958   0.0621   0.0365   0.0957   0.20    1.1
2026/04/23 07:41:14.300   3509405.3949    779145.1494   5250985.4070   2   8   0.1487   0.0779   0.0958   0.0621   0.0365   0.0956   0.30    1.1
2026/04/23 07:41:14.400   3509405.3904    779145.0428   5250985.4252   2   8   0.1487   0.0779   0.0958   0.0621   0.0365   0.0956   0.40    1.1
2026/04/23 07:41:14.500   3509405.3823    779144.9366   5250985.4436   2   8   0.1486   0.0779   0.0958   0.0621   0.0365   0.0956  -0.50    1.0
2026/04/23 07:41:14.600   3509405.3764    779144.8286   5250985.4636   2   8   0.1486   0.0779   0.0958   0.0621   0.0365   0.0956  -0.40    1.0
2026/04/23 07:41:14.700   3509405.3716    779144.7198   5250985.4839   2   8   0.1486   0.0779   0.0958   0.0621   0.0365   0.0956  -0.30    1.0
2026/04/23 07:41:14.800   3509405.3678    779144.6129   5250985.5005   2   8   0.1485   0.0778   0.0958   0.0621   0.0365   0.0955  -0.20    1.0
2026/04/23 07:41:14.900   3509405.3574    779144.5045   5250985.5211   2   8   0.1485   0.0778   0.0957   0.0621   0.0365   0.0955  -0.10    1.1
2026/04/23 07:41:15.000   3509405.3421    779144.3950   5250985.5424   2   8   0.1485   0.0778   0.0957   0.0621   0.0365   0.0955   0.00    1.1
2026/04/23 07:41:15.100   3509405.3283    779144.2847   5250985.5658   2   8   0.1484   0.0778   0.0957   0.0621   0.0365   0.0955   0.10    1.1
2026/04/23 07:41:15.200   3509405.3198    779144.1766   5250985.5845   2   8   0.1484   0.0778   0.0957   0.0621   0.0365   0.0955   0.20    1.1
2026/04/23 07:41:15.300   3509405.3115    779144.0742   5250985.6056   2   8   0.1484   0.0777   0.0957   0.0621   0.0365   0.0954   0.30    1.1
2026/04/23 07:41:15.400   3509405.3017    779143.9742   5250985.6284   2   8   0.1483   0.0777   0.0957   0.0621   0.0365   0.0954   0.40    1.1
2026/04/23 07:41:15.500   3509405.2898    779143.8737   5250985.6515   2   8   0.1483   0.0777   0.0956   0.0620   0.0365   0.0954  -0.50    1.1
2026/04/23 07:41:15.600   3509405.2780    779143.7685   5250985.6728   2   8   0.1483   0.0777   0.0956   0.0620   0.0365   0.0954  -0.40    1.1
2026/04/23 07:41:15.700   3509405.2665    779143.6675   5250985.6946   2   8   0.1482   0.0777   0.0956   0.0620   0.0365   0.0953  -0.30    1.1
2026/04/23 07:41:15.800   3509405.2596    779143.5604   5250985.7150   2   8   0.1482   0.0777   0.0956   0.0620   0.0365   0.0953  -0.20    1.1
2026/04/23 07:41:15.900   3509405.2526    779143.4469   5250985.7334   2   8   0.1482   0.0776   0.0956   0.0620   0.0365   0.0953  -0.10    1.1
2026/04/23 07:41:16.000   3509405.2499    779143.3280   5250985.7519   2   8   0.1481   0.0776   0.0956   0.0620   0.0365   0.0953   0.00    1.1
2026/04/23 07:41:16.100   3509405.2529    779143.2195   5250985.7666   2   8   0.1481   0.0776   0.0955   0.0620   0.0365   0.0953   0.10    1.1
2026/04/23 07:41:16.200   3509405.2604    779143.1163   5250985.7785   2   8   0.1481   0.0776   0.0955   0.0620   0.0365   0.0952   0.20    1.1
2026/04/23 07:41:16.300   3509405.2680    779143.0201   5250985.7877   2   8   0.1480   0.0776   0.0955   0.0620   0.0365   0.0952   0.30    1.1
2026/04/23 07:41:16.400   3509405.2678    779142.9217   5250985.8011   2   8   0.1480   0.0776   0.0955   0.0620   0.0365   0.0952   0.40    1.1
2026/04/23 07:41:16.500   3509405.2613    779142.8236   5250985.8179   2   8   0.1480   0.0775   0.0955   0.0619   0.0365   0.0952  -0.50    1.1
2026/04/23 07:41:16.600   3509405.2594    779142.7232   5250985.8347   2   8   0.1479   0.0775   0.0955   0.0619   0.0365   0.0952  -0.40    1.1
2026/04/23 07:41:16.700   3509405.2570    779142.6225   5250985.8514   2   8   0.1479   0.0775   0.0954   0.0619   0.0365   0.0951  -0.30    1.1
2026/04/23 07:41:16.800   3509405.2527    779142.5175   5250985.8719   2   8   0.1479   0.0775   0.0954   0.0619   0.0365   0.0951  -0.20    1.1
2026/04/23 07:41:16.900   3509405.2454    779142.4075   5250985.8970   2   8   0.1478   0.0775   0.0954   0.0619   0.0365   0.0951  -0.10    1.1
2026/04/23 07:41:17.000   3509405.2324    779142.2950   5250985.9221   2   8   0.1478   0.0774   0.0954   0.0619   0.0365   0.0951   0.00    1.1
2026/04/23 07:41:17.100   3509405.2169    779142.1846   5250985.9510   2   8   0.1478   0.0774   0.0954   0.0619   0.0365   0.0951   0.10    1.1
2026/04/23 07:41:17.200   3509405.2067    779142.0776   5250985.9728   2   8   0.1477   0.0774   0.0954   0.0619   0.0365   0.0950   0.20    1.1
2026/04/23 07:41:17.300   3509405.1991    779141.9755   5250985.9930   2   8   0.1477   0.0774   0.0953   0.0619   0.0365   0.0950   0.30    1.1
2026/04/23 07:41:17.400   3509405.1888    779141.8750   5250986.0151   2   8   0.1477   0.0774   0.0953   0.0619   0.0365   0.0950   0.40    1.1
2026/04/23 07:41:17.500   3509405.1752    779141.7690   5250986.0427   2   8   0.1476   0.0774   0.0953   0.0618   0.0365   0.0950  -0.50    1.1
2026/04/23 07:41:17.600   3509405.1661    779141.6629   5250986.0663   2   8   0.1476   0.0773   0.0953   0.0618   0.0365   0.0950  -0.40    1.1
2026/04/23 07:41:17.700   3509405.1610    779141.5578   5250986.0855   2   8   0.1476   0.0773   0.0953   0.0618   0.0365   0.0949  -0.30    1.1
2026/04/23 07:41:17.800   3509405.1536    779141.4519   5250986.1067   2   8   0.1475   0.0773   0.0953   0.0618   0.0365   0.0949  -0.20    1.1
2026/04/23 07:41:17.900   3509405.1529    779141.3410   5250986.1237   2   8   0.1475   0.0773   0.0952   0.0618   0.0365   0.0949  -0.10    1.1
2026/04/23 07:41:18.000   3509405.1558    779141.2327   5250986.1415   2   8   0.1475   0.0773   0.0952   0.0618   0.0365   0.0949   0.00    1.1
2026/04/23 07:41:18.100   3509405.1581    779141.1261   5250986.1583   2   8   0.1474   0.0772   0.0952   0.0618   0.0365   0.0949   0.10    1.1
2026/04/23 07:41:18.200   3509405.1628    779141.0177   5250986.1706   2   8   0.1474   0.0772   0.0952   0.0618   0.0365   0.0948   0.20    1.1
2026/04/23 07:41:18.300   3509405.1671    779140.9091   5250986.1848   2   8   0.1474   0.0772   0.0952   0.0618   0.0365   0.0948   0.30    1.1
2026/04/23 07:41:18.400   3509405.1718    779140.7976   5250986.1968   2   8   0.1473   0.0772   0.0952   0.0618   0.0365   0.0948   0.40    1.1
2026/04/23 07:41:18.500   3509405.1781    779140.6921   5250986.2082   2   8   0.1473   0.0772   0.0952   0.0617   0.0365   0.0948  -0.50    1.1
2026/04/23 07:41:18.600   3509405.1782    779140.5872   5250986.2227   2   8   0.1473   0.0772   0.0951   0.0617   0.0365   0.0948  -0.40    1.1
2026/04/23 07:41:18.700   3509405.1789    779140.4796   5250986.2355   2   8   0.1472   0.0771   0.0951   0.0617   0.0365   0.0948  -0.30    1.1
2026/04/23 07:41:18.800   3509405.1789    779140.3756   5250986.2506   2   8   0.1472   0.0771   0.0951   0.0617   0.0365   0.0947  -0.20    1.1
2026/04/23 07:41:18.900   3509405.1793    779140.2692   5250986.2643   2   8   0.1473   0.0771   0.0951   0.0617   0.0365   0.0947  -0.10    1.1
2026/04/23 07:41:19.000   3509405.1758    779140.1636   5250986.2810   2   8   0.1473   0.0771   0.0951   0.0616   0.0364   0.0948   0.00    1.1
2026/04/23 07:41:19.100   3509405.1706    779140.0606   5250986.2973   2   8   0.1474   0.0771   0.0951   0.0616   0.0364   0.0948   0.10    1.1
2026/04/23 07:41:19.200   3509405.1648    779139.9529   5250986.3131   2   8   0.1474   0.0771   0.0951   0.0616   0.0364   0.0948   0.20    1.1
2026/04/23 07:41:19.300   3509405.1600    779139.8479   5250986.3304   2   8   0.1474   0.0770   0.0951   0.0616   0.0364   0.0948   0.30    1.1
2026/04/23 07:41:19.400   3509405.1544    779139.7414   5250986.3449   2   8   0.1474   0.0770   0.0951   0.0616   0.0364   0.0948   0.40    1.1
2026/04/23 07:41:19.500   3509405.1445    779139.6378   5250986.3639   2   8   0.1474   0.0770   0.0951   0.0616   0.0365   0.0948  -0.50    1.1
2026/04/23 07:41:19.600   3509405.1331    779139.5314   5250986.3823   2   8   0.1474   0.0770   0.0951   0.0616   0.0365   0.0948  -0.40    1.1
2026/04/23 07:41:19.700   3509405.1241    779139.4233   5250986.4010   2   8   0.1473   0.0770   0.0951   0.0616   0.0365   0.0948  -0.30    1.2
2026/04/23 07:41:19.800   3509405.1100    779139.3159   5250986.4224   2   8   0.1473   0.0770   0.0951   0.0616   0.0365   0.0948  -0.20    1.2
2026/04/23 07:41:19.900   3509405.0978    779139.2056   5250986.4441   2   8   0.1473   0.0769   0.0951   0.0616   0.0365   0.0948  -0.10    1.2
2026/04/23 07:41:20.000   3509405.0884    779139.0974   5250986.4621   2   8   0.1472   0.0769   0.0951   0.0616   0.0365   0.0948   0.00    1.2
2026/04/23 07:41:20.100   3509405.0838    779138.9908   5250986.4782   2   8   0.1472   0.0769   0.0951   0.0616   0.0365   0.0948   0.10    1.2
2026/04/23 07:41:20.200   3509405.0783    779138.8884   5250986.4941   2   8   0.1472   0.0769   0.0951   0.0616   0.0365   0.0948   0.20    1.2
2026/04/23 07:41:20.300   3509405.0683    779138.7882   5250986.5111   2   8   0.1471   0.0769   0.0951   0.0616   0.0365   0.0948   0.30    1.2
2026/04/23 07:41:20.400   3509405.0537    779138.6828   5250986.5304   2   8   0.1471   0.0769   0.0950   0.0616   0.0365   0.0947   0.40    1.2
2026/04/23 07:41:20.500   3509405.0514    779138.5769   5250986.5455   2   8   0.1470   0.0768   0.0950   0.0616   0.0365   0.0947  -0.50    1.2
2026/04/23 07:41:20.600   3509405.0514    779138.4692   5250986.5618   2   8   0.1470   0.0768   0.0950   0.0616   0.0365   0.0947  -0.40    1.2
2026/04/23 07:41:20.700   3509405.0395    779138.3567   5250986.5853   2   8   0.1469   0.0768   0.0950   0.0616   0.0365   0.0947  -0.30    1.2
2026/04/23 07:41:20.800   3509405.0237    779138.2462   5250986.6108   2   8   0.1469   0.0768   0.0950   0.0616   0.0365   0.0947  -0.20    1.2
2026/04/23 07:41:20.900   3509405.0155    779138.1426   5250986.6296   2   8   0.1468   0.0768   0.0950   0.0616   0.0365   0.0946  -0.10    1.2
2026/04/23 07:41:21.000   3509405.0171    779138.0526   5250986.6424   2   8   0.1468   0.0767   0.0949   0.0616   0.0365   0.0946   0.00    1.2
2026/04/23 07:41:21.100   3509405.0089    779137.9472   5250986.6607   2   8   0.1468   0.0767   0.0949   0.0616   0.0365   0.0946   0.10    1.2
2026/04/23 07:41:21.200   3509404.9995    779137.8268   5250986.6843   2   8   0.1467   0.0767   0.0949   0.0616   0.0365   0.0946   0.20    1.2
2026/04/23 07:41:21.300   3509404.9942    779137.6994   5250986.7097   2   8   0.1467   0.0767   0.0949   0.0616   0.0365   0.0945   0.30    1.2
2026/04/23 07:41:21.400   3509404.9837    779137.5739   5250986.7350   2   8   0.1467   0.0767   0.0949   0.0616   0.0365   0.0945   0.40    1.2
2026/04/23 07:41:21.500   3509404.9720    779137.4494   5250986.7604   2   8   0.1466   0.0767   0.0948   0.0615   0.0365   0.0945  -0.50    1.2
2026/04/23 07:41:21.600   3509404.9563    779137.3350   5250986.7888   2   8   0.1466   0.0766   0.0948   0.0615   0.0365   0.0945  -0.40    1.2
2026/04/23 07:41:21.700   3509404.9431    779137.2241   5250986.8164   2   8   0.1465   0.0766   0.0948   0.0615   0.0365   0.0944  -0.30    1.2
2026/04/23 07:41:21.800   3509404.9311    779137.1093   5250986.8419   2   8   0.1465   0.0766   0.0948   0.0615   0.0365   0.0944  -0.20    1.2
2026/04/23 07:41:21.900   3509404.9134    779136.9933   5250986.8691   2   8   0.1465   0.0766   0.0947   0.0615   0.0365   0.0944  -0.10    1.2
2026/04/23 07:41:22.000   3509404.8987    779136.8791   5250986.8983   2   8   0.1464   0.0766   0.0947   0.0615   0.0365   0.0943   0.00    1.2
2026/04/23 07:41:22.100   3509404.8867    779136.7661   5250986.9211   2   8   0.1464   0.0766   0.0947   0.0615   0.0365   0.0943   0.10    1.2
2026/04/23 07:41:22.200   3509404.8760    779136.6597   5250986.9461   2   8   0.1464   0.0765   0.0947   0.0615   0.0365   0.0943   0.20    1.2
2026/04/23 07:41:22.300   3509404.8632    779136.5469   5250986.9677   2   8   0.1463   0.0765   0.0947   0.0615   0.0365   0.0943   0.30    1.2
2026/04/23 07:41:22.400   3509404.8494    779136.4277   5250986.9949   2   8   0.1463   0.0765   0.0946   0.0614   0.0365   0.0942   0.40    1.2
2026/04/23 07:41:22.500   3509404.8416    779136.3058   5250987.0184   2   8   0.1463   0.0765   0.0946   0.0614   0.0365   0.0942  -0.50    1.2
2026/04/23 07:41:22.600   3509404.8344    779136.1827   5250987.0419   2   8   0.1462   0.0765   0.0946   0.0614   0.0365   0.0942  -0.40    1.2
2026/04/23 07:41:22.700   3509404.8286    779136.0659   5250987.0644   2   8   0.1462   0.0765   0.0946   0.0614   0.0365   0.0942  -0.30    1.2
2026/04/23 07:41:22.800   3509404.8242    779135.9510   5250987.0837   2   8   0.1462   0.0764   0.0946   0.0614   0.0364   0.0942  -0.20    1.1
2026/04/23 07:41:22.900   3509404.8208    779135.8381   5250987.1040   2   8   0.1462   0.0764   0.0945   0.0613   0.0364   0.0942  -0.10    1.2
2026/04/23 07:41:23.000   3509404.8141    779135.7216   5250987.1251   2   8   0.1463   0.0764   0.0945   0.0613   0.0364   0.0942   0.00    1.2
2026/04/23 07:41:23.100   3509404.8046    779135.6017   5250987.1475   2   8   0.1462   0.0764   0.0945   0.0613   0.0364   0.0942   0.10    1.2
2026/04/23 07:41:23.200   3509404.7975    779135.4837   5250987.1711   2   8   0.1462   0.0764   0.0945   0.0613   0.0364   0.0941   0.20    1.2
2026/04/23 07:41:23.300   3509404.7852    779135.3666   5250987.1963   2   8   0.1462   0.0764   0.0945   0.0613   0.0364   0.0941   0.30    1.2
2026/04/23 07:41:23.400   3509404.7728    779135.2528   5250987.2214   2   8   0.1462   0.0763   0.0945   0.0613   0.0364   0.0941   0.40    1.2
2026/04/23 07:41:23.500   3509404.7630    779135.1399   5250987.2457   2   8   0.1461   0.0763   0.0945   0.0613   0.0364   0.0941  -0.50    1.2
2026/04/23 07:41:23.600   3509404.7530    779135.0261   5250987.2713   2   8   0.1461   0.0763   0.0945   0.0613   0.0364   0.0941  -0.40    1.2
2026/04/23 07:41:23.700   3509404.7383    779134.9131   5250987.2977   2   8   0.1460   0.0763   0.0945   0.0613   0.0364   0.0941  -0.30    1.2
2026/04/23 07:41:23.800   3509404.7221    779134.7956   5250987.3254   2   8   0.1460   0.0763   0.0945   0.0613   0.0364   0.0941  -0.20    1.2
2026/04/23 07:41:23.900   3509404.7068    779134.6784   5250987.3555   2   8   0.1459   0.0763   0.0944   0.0613   0.0364   0.0941  -0.10    1.2
2026/04/23 07:41:24.000   3509404.6924    779134.5600   5250987.3830   2   8   0.1459   0.0762   0.0944   0.0613   0.0364   0.0940   0.00    1.2
2026/04/23 07:41:24.100   3509404.6807    779134.4458   5250987.4051   2   8   0.1459   0.0762   0.0944   0.0613   0.0364   0.0940   0.10    1.2
2026/04/23 07:41:24.200   3509404.6723    779134.3340   5250987.4281   2   8   0.1458   0.0762   0.0944   0.0613   0.0364   0.0940   0.20    1.2
2026/04/23 07:41:24.300   3509404.6591    779134.2201   5250987.4556   2   8   0.1458   0.0762   0.0944   0.0613   0.0364   0.0940   0.30    1.2
2026/04/23 07:41:24.400   3509404.6429    779134.1052   5250987.4803   2   8   0.1458   0.0762   0.0944   0.0613   0.0364   0.0939   0.40    1.2
2026/04/23 07:41:24.500   3509404.6275    779133.9859   5250987.5070   2   8   0.1457   0.0762   0.0943   0.0613   0.0364   0.0939  -0.50    1.2
2026/04/23 07:41:24.600   3509404.6159    779133.8624   5250987.5278   2   8   0.1457   0.0761   0.0943   0.0613   0.0364   0.0939  -0.40    1.2
2026/04/23 07:41:24.700   3509404.6065    779133.7368   5250987.5469   2   8   0.1456   0.0761   0.0943   0.0613   0.0364   0.0939  -0.30    1.2
2026/04/23 07:41:24.800   3509404.6001    779133.6140   5250987.5671   2   8   0.1456   0.0761   0.0943   0.0612   0.0364   0.0938  -0.20    1.2
2026/04/23 07:41:24.900   3509404.5993    779133.4918   5250987.5851   2   8   0.1456   0.0761   0.0942   0.0612   0.0364   0.0938  -0.10    1.1
2026/04/23 07:41:25.000   3509404.6019    779133.3764   5250987.6002   2   8   0.1456   0.0761   0.0942   0.0612   0.0364   0.0938   0.00    1.2
2026/04/23 07:41:25.100   3509404.6128    779133.2678   5250987.6097   2   8   0.1456   0.0761   0.0942   0.0611   0.0364   0.0938   0.10    1.2
2026/04/23 07:41:25.200   3509404.6274    779133.1603   5250987.6147   2   8   0.1456   0.0760   0.0942   0.0611   0.0364   0.0938   0.20    1.2
2026/04/23 07:41:25.300   3509404.6484    779133.0425   5250987.6180   2   8   0.1456   0.0760   0.0942   0.0611   0.0364   0.0938   0.30    1.2
2026/04/23 07:41:25.400   3509404.6690    779132.9216   5250987.6231   2   8   0.1456   0.0760   0.0942   0.0611   0.0364   0.0938   0.40    1.2
2026/04/23 07:41:25.500   3509404.6842    779132.8010   5250987.6338   2   8   0.1455   0.0760   0.0941   0.0611   0.0364   0.0938  -0.50    1.2
2026/04/23 07:41:25.600   3509404.6938    779132.6838   5250987.6445   2   8   0.1455   0.0760   0.0941   0.0611   0.0364   0.0937  -0.40    1.2
2026/04/23 07:41:25.700   3509404.6986    779132.5637   5250987.6543   2   8   0.1455   0.0760   0.0941   0.0611   0.0364   0.0937  -0.30    1.2
2026/04/23 07:41:25.800   3509404.7031    779132.4440   5250987.6694   2   8   0.1454   0.0759   0.0941   0.0611   0.0364   0.0937  -0.20    1.1
2026/04/23 07:41:25.900   3509404.7069    779132.3229   5250987.6840   2   8   0.1454   0.0759   0.0941   0.0611   0.0364   0.0937  -0.10    1.2
2026/04/23 07:41:26.000   3509404.7074    779132.2003   5250987.7001   2   8   0.1454   0.0759   0.0941   0.0611   0.0364   0.0937   0.00    1.2
2026/04/23 07:41:26.100   3509404.7001    779132.0811   5250987.7186   2   8   0.1454   0.0759   0.0941   0.0611   0.0364   0.0937   0.10    1.2
2026/04/23 07:41:26.200   3509404.6940    779131.9613   5250987.7355   2   8   0.1454   0.0759   0.0940   0.0611   0.0364   0.0936   0.20    1.2
2026/04/23 07:41:26.300   3509404.6852    779131.8462   5250987.7545   2   8   0.1453   0.0759   0.0940   0.0611   0.0364   0.0936   0.30    1.2
2026/04/23 07:41:26.400   3509404.6801    779131.7329   5250987.7718   2   8   0.1453   0.0758   0.0940   0.0611   0.0364   0.0936   0.40    1.2
2026/04/23 07:41:26.500   3509404.6737    779131.6156   5250987.7901   2   8   0.1452   0.0758   0.0940   0.0611   0.0364   0.0936  -0.50    1.2
2026/04/23 07:41:26.600   3509404.6654    779131.4993   5250987.8072   2   8   0.1452   0.0758   0.0940   0.0611   0.0364   0.0936  -0.40    1.2
2026/04/23 07:41:26.700   3509404.6583    779131.3844   5250987.8238   2   8   0.1452   0.0758   0.0940   0.0611   0.0364   0.0936  -0.30    1.2
2026/04/23 07:41:26.800   3509404.6535    779131.2729   5250987.8427   2   8   0.1451   0.0758   0.0939   0.0611   0.0364   0.0935  -0.20    1.2
2026/04/23 07:41:26.900   3509404.6473    779131.1590   5250987.8623   2   8   0.1451   0.0758   0.0939   0.0611   0.0364   0.0935  -0.10    1.2
2026/04/23 07:41:27.000   3509404.6379    779131.0475   5250987.8819   2   8   0.1450   0.0757   0.0939   0.0611   0.0364   0.0935   0.00    1.2
2026/04/23 07:41:27.100   3509404.6267    779130.9317   5250987.9025   2   8   0.1450   0.0757   0.0939   0.0610   0.0364   0.0935   0.10    1.2
2026/04/23 07:41:27.200   3509404.6207    779130.8144   5250987.9247   2   8   0.1449   0.0757   0.0939   0.0610   0.0364   0.0934   0.20    1.1
2026/04/23 07:41:27.300   3509404.6152    779130.6959   5250987.9461   2   8   0.1449   0.0757   0.0938   0.0610   0.0364   0.0934   0.30    1.1
2026/04/23 07:41:27.400   3509404.6081    779130.5780   5250987.9675   2   8   0.1449   0.0757   0.0938   0.0610   0.0364   0.0934   0.40    1.1
2026/04/23 07:41:27.500   3509404.6043    779130.4638   5250987.9885   2   8   0.1448   0.0757   0.0938   0.0610   0.0364   0.0934  -0.50    1.1
2026/04/23 07:41:27.600   3509404.5963    779130.3470   5250988.0119   2   8   0.1448   0.0756   0.0938   0.0610   0.0364   0.0933  -0.40    1.1
2026/04/23 07:41:27.700   3509404.5942    779130.2293   5250988.0325   2   8   0.1448   0.0756   0.0938   0.0610   0.0364   0.0933  -0.30    1.1
2026/04/23 07:41:27.800   3509404.5943    779130.1091   5250988.0551   2   8   0.1447   0.0756   0.0937   0.0610   0.0363   0.0933  -0.20    1.1
2026/04/23 07:41:27.900   3509404.5939    779129.9877   5250988.0727   2   8   0.1447   0.0756   0.0937   0.0610   0.0363   0.0933  -0.10    1.1
2026/04/23 07:41:28.000   3509404.5972    779129.8690   5250988.0897   2   8   0.1446   0.0756   0.0937   0.0610   0.0363   0.0932   0.00    1.1
2026/04/23 07:41:28.100   3509404.6036    779129.7471   5250988.1053   2   8   0.1446   0.0756   0.0937   0.0609   0.0363   0.0932   0.10    1.1
2026/04/23 07:41:28.200   3509404.6090    779129.6272   5250988.1188   2   8   0.1446   0.0755   0.0936   0.0609   0.0363   0.0932   0.20    1.1
2026/04/23 07:41:28.300   3509404.6129    779129.5101   5250988.1335   2   8   0.1445   0.0755   0.0936   0.0609   0.0363   0.0931   0.30    1.1
2026/04/23 07:41:28.400   3509404.6091    779129.3967   5250988.1517   2   8   0.1445   0.0755   0.0936   0.0609   0.0363   0.0931   0.40    1.1
2026/04/23 07:41:28.500   3509404.6049    779129.2863   5250988.1682   2   8   0.1445   0.0755   0.0936   0.0609   0.0363   0.0931  -0.50    1.1
2026/04/23 07:41:28.600   3509404.5996    779129.1751   5250988.1871   2   8   0.1444   0.0755   0.0935   0.0609   0.0363   0.0931  -0.40    1.1
2026/04/23 07:41:28.700   3509404.5931    779129.0618   5250988.2063   2   8   0.1444   0.0755   0.0935   0.0609   0.0363   0.0931  -0.30    1.1
2026/04/23 07:41:28.800   3509404.5886    779128.9484   5250988.2260   2   8   0.1444   0.0754   0.0935   0.0609   0.0363   0.0930  -0.20    1.1
2026/04/23 07:41:28.900   3509404.5799    779128.8314   5250988.2459   2   8   0.1443   0.0754   0.0935   0.0609   0.0363   0.0930  -0.10    1.1
2026/04/23 07:41:29.000   3509404.5720    779128.7187   5250988.2646   2   8   0.1443   0.0754   0.0934   0.0608   0.0363   0.0930   0.00    1.1
2026/04/23 07:41:29.100   3509404.5659    779128.6074   5250988.2857   2   8   0.1443   0.0754   0.0934   0.0608   0.0363   0.0930   0.10    1.1
2026/04/23 07:41:29.200   3509404.5533    779128.4987   5250988.3065   2   8   0.1442   0.0754   0.0934   0.0608   0.0363   0.0929   0.20    1.1
2026/04/23 07:41:29.300   3509404.5410    779128.3907   5250988.3250   2   8   0.1442   0.0754   0.0934   0.0608   0.0363   0.0929   0.30    1.1
2026/04/23 07:41:29.400   3509404.5260    779128.2789   5250988.3458   2   8   0.1442   0.0753   0.0934   0.0608   0.0363   0.0929   0.40    1.1
2026/04/23 07:41:29.500   3509404.5146    779128.1681   5250988.3662   2   8   0.1441   0.0753   0.0933   0.0608   0.0363   0.0929  -0.50    1.1
2026/04/23 07:41:29.600   3509404.5048    779128.0554   5250988.3857   2   8   0.1441   0.0753   0.0933   0.0608   0.0363   0.0928  -0.40    1.1
2026/04/23 07:41:29.700   3509404.4930    779127.9453   5250988.4039   2   8   0.1441   0.0753   0.0933   0.0608   0.0363   0.0928  -0.30    1.1
2026/04/23 07:41:29.800   3509404.4799    779127.8305   5250988.4282   2   8   0.1441   0.0753   0.0933   0.0607   0.0362   0.0928  -0.20    1.1
2026/04/23 07:41:29.900   3509404.4713    779127.7185   5250988.4495   2   8   0.1441   0.0753   0.0933   0.0607   0.0362   0.0928  -0.10    1.2
2026/04/23 07:41:30.000   3509404.4645    779127.6083   5250988.4685   2   8   0.1442   0.0753   0.0932   0.0607   0.0362   0.0928   0.00    1.2
2026/04/23 07:41:30.100   3509404.4550    779127.4931   5250988.4885   2   8   0.1441   0.0752   0.0932   0.0607   0.0362   0.0928   0.10    1.2
2026/04/23 07:41:30.200   3509404.4384    779127.3832   5250988.5125   2   8   0.1441   0.0752   0.0932   0.0607   0.0362   0.0928   0.20    1.2
2026/04/23 07:41:30.300   3509404.4168    779127.2784   5250988.5396   2   8   0.1441   0.0752   0.0932   0.0607   0.0362   0.0928   0.30    1.1
2026/04/23 07:41:30.400   3509404.3878    779127.1753   5250988.5730   2   8   0.1441   0.0752   0.0932   0.0607   0.0362   0.0928   0.40    1.2
2026/04/23 07:41:30.500   3509404.3553    779127.0839   5250988.6061   2   8   0.1441   0.0752   0.0932   0.0607   0.0362   0.0928  -0.50    1.2
2026/04/23 07:41:30.600   3509404.3067    779126.9955   5250988.6461   2   8   0.1441   0.0752   0.0932   0.0607   0.0362   0.0928  -0.40    1.2
2026/04/23 07:41:30.700   3509404.2463    779126.9099   5250988.6945   2   8   0.1440   0.0751   0.0932   0.0607   0.0362   0.0928  -0.30    1.2
2026/04/23 07:41:30.800   3509404.1799    779126.8227   5250988.7469   2   8   0.1440   0.0751   0.0932   0.0607   0.0362   0.0927  -0.20    1.2
2026/04/23 07:41:30.900   3509404.1245    779126.7249   5250988.7990   2   8   0.1439   0.0751   0.0931   0.0607   0.0362   0.0927  -0.10    1.2
2026/04/23 07:41:31.000   3509404.0743    779126.6248   5250988.8505   2   8   0.1439   0.0751   0.0931   0.0607   0.0362   0.0927   0.00    1.2
2026/04/23 07:41:31.100   3509404.0258    779126.5355   5250988.8976   2   8   0.1438   0.0751   0.0931   0.0607   0.0362   0.0927   0.10    1.2
2026/04/23 07:41:31.200   3509403.9694    779126.4499   5250988.9481   2   8   0.1438   0.0751   0.0931   0.0607   0.0362   0.0927   0.20    1.2
2026/04/23 07:41:31.300   3509403.9111    779126.3691   5250989.0015   2   8   0.1438   0.0750   0.0931   0.0607   0.0362   0.0926   0.30    1.2
2026/04/23 07:41:31.400   3509403.8448    779126.2944   5250989.0556   2   8   0.1437   0.0750   0.0930   0.0607   0.0362   0.0926   0.40    1.2
2026/04/23 07:41:31.500   3509403.7753    779126.2249   5250989.1099   2   8   0.1437   0.0750   0.0930   0.0606   0.0362   0.0926  -0.50    1.1
2026/04/23 07:41:31.600   3509403.7030    779126.1675   5250989.1669   2   8   0.1437   0.0750   0.0930   0.0606   0.0362   0.0926  -0.40    1.1
2026/04/23 07:41:31.700   3509403.6281    779126.1123   5250989.2223   2   8   0.1437   0.0750   0.0930   0.0606   0.0362   0.0925  -0.30    1.1
2026/04/23 07:41:31.800   3509403.5479    779126.0624   5250989.2844   2   8   0.1437   0.0750   0.0930   0.0605   0.0362   0.0925  -0.20    1.1
2026/04/23 07:41:31.900   3509403.4665    779126.0220   5250989.3418   2   7   0.1437   0.0750   0.0929   0.0605   0.0362   0.0925  -0.10    1.1
2026/04/23 07:41:32.000   3509403.3808    779125.9937   5250989.4030   2   7   0.1437   0.0749   0.0929   0.0605   0.0362   0.0925   0.00    1.1
2026/04/23 07:41:32.100   3509403.2895    779125.9751   5250989.4663   2   7   0.1437   0.0749   0.0929   0.0605   0.0362   0.0925   0.10    1.1
2026/04/23 07:41:32.200   3509403.2026    779125.9549   5250989.5285   2   7   0.1437   0.0749   0.0929   0.0605   0.0362   0.0925   0.20    1.1
2026/04/23 07:41:32.300   3509403.1076    779125.9359   5250989.5962   2   7   0.1436   0.0749   0.0929   0.0605   0.0362   0.0925   0.30    1.1
2026/04/23 07:41:32.400   3509403.0149    779125.9249   5250989.6623   2   7   0.1436   0.0749   0.0928   0.0605   0.0362   0.0925   0.40    1.1
2026/04/23 07:41:32.500   3509402.9196    779125.9070   5250989.7296   2   7   0.1436   0.0749   0.0928   0.0605   0.0362   0.0925  -0.50    1.1
2026/04/23 07:41:32.600   3509402.8289    779125.8857   5250989.7956   2   7   0.1436   0.0748   0.0928   0.0605   0.0362   0.0924  -0.40    1.1
2026/04/23 07:41:32.700   3509402.7378    779125.8597   5250989.8630   2   7   0.1436   0.0748   0.0928   0.0604   0.0362   0.0924  -0.30    1.1
2026/04/23 07:41:32.800   3509402.6485    779125.8284   5250989.9323   2   7   0.1435   0.0748   0.0928   0.0604   0.0362   0.0924  -0.20    1.1
2026/04/23 07:41:32.900   3509402.5588    779125.7987   5250989.9970   2   7   0.1435   0.0748   0.0928   0.0604   0.0361   0.0924  -0.10    1.1
2026/04/23 07:41:33.000   3509402.4699    779125.7679   5250990.0616   2   7   0.1435   0.0748   0.0927   0.0604   0.0361   0.0924   0.00    1.1
2026/04/23 07:41:33.100   3509402.3832    779125.7404   5250990.1245   2   7   0.1435   0.0748   0.0927   0.0604   0.0361   0.0924   0.10    1.1
2026/04/23 07:41:33.200   3509402.3002    779125.7232   5250990.1876   2   7   0.1435   0.0748   0.0927   0.0604   0.0361   0.0924   0.20    1.1
2026/04/23 07:41:33.300   3509402.2136    779125.7098   5250990.2521   2   7   0.1435   0.0747   0.0927   0.0604   0.0361   0.0923   0.30    1.1
2026/04/23 07:41:33.400   3509402.1197    779125.7075   5250990.3158   2   7   0.1434   0.0747   0.0927   0.0604   0.0361   0.0923   0.40    1.1
2026/04/23 07:41:33.500   3509402.0230    779125.7134   5250990.3806   2   7   0.1434   0.0747   0.0927   0.0604   0.0361   0.0923  -0.50    1.1
2026/04/23 07:41:33.600   3509401.9279    779125.7216   5250990.4452   2   7   0.1434   0.0747   0.0926   0.0603   0.0361   0.0923  -0.40    1.1
2026/04/23 07:41:33.700   3509401.8347    779125.7256   5250990.5078   2   7   0.1434   0.0747   0.0926   0.0603   0.0361   0.0923  -0.30    1.1
2026/04/23 07:41:33.800   3509401.7363    779125.7214   5250990.5706   2   7   0.1434   0.0747   0.0926   0.0603   0.0361   0.0923  -0.20    1.1
2026/04/23 07:41:33.900   3509401.6450    779125.7150   5250990.6305   2   7   0.1433   0.0746   0.0926   0.0603   0.0361   0.0923  -0.10    1.1
2026/04/23 07:41:34.000   3509401.5540    779125.7098   5250990.6943   2   7   0.1433   0.0746   0.0926   0.0603   0.0361   0.0923   0.00    1.1
2026/04/23 07:41:34.100   3509401.4637    779125.7050   5250990.7553   2   7   0.1433   0.0746   0.0925   0.0603   0.0361   0.0922   0.10    1.1
2026/04/23 07:41:34.200   3509401.3718    779125.6956   5250990.8127   2   7   0.1433   0.0746   0.0925   0.0603   0.0361   0.0922   0.20    1.1
2026/04/23 07:41:34.300   3509401.2738    779125.6880   5250990.8750   2   7   0.1433   0.0746   0.0925   0.0603   0.0361   0.0922   0.30    1.1
2026/04/23 07:41:34.400   3509401.1787    779125.6850   5250990.9360   2   7   0.1432   0.0746   0.0925   0.0603   0.0361   0.0922   0.40    1.1
2026/04/23 07:41:34.500   3509401.0836    779125.6866   5250991.0004   2   7   0.1432   0.0745   0.0925   0.0602   0.0361   0.0922  -0.50    1.1
2026/04/23 07:41:34.600   3509400.9877    779125.6927   5250991.0667   2   7   0.1432   0.0745   0.0925   0.0602   0.0361   0.0922  -0.40    1.1
2026/04/23 07:41:34.700   3509400.8954    779125.6972   5250991.1301   2   7   0.1432   0.0745   0.0924   0.0602   0.0360   0.0922  -0.30    1.1
2026/04/23 07:41:34.800   3509400.7987    779125.7044   5250991.1926   2   7   0.1432   0.0745   0.0924   0.0602   0.0360   0.0921  -0.20    1.1
2026/04/23 07:41:34.900   3509400.7084    779125.7086   5250991.2531   2   7   0.1431   0.0745   0.0924   0.0602   0.0360   0.0921  -0.10    1.1
2026/04/23 07:41:35.000   3509400.6173    779125.7150   5250991.3135   2   7   0.1431   0.0745   0.0924   0.0602   0.0360   0.0921   0.00    1.1
2026/04/23 07:41:35.100   3509400.5283    779125.7245   5250991.3738   2   7   0.1431   0.0744   0.0923   0.0602   0.0360   0.0921   0.10    1.1
2026/04/23 07:41:35.200   3509400.4344    779125.7446   5250991.4334   2   7   0.1431   0.0744   0.0923   0.0602   0.0360   0.0921   0.20    1.1
2026/04/23 07:41:35.300   3509400.3426    779125.7723   5250991.4935   2   7   0.1431   0.0744   0.0923   0.0602   0.0360   0.0921   0.30    1.1
2026/04/23 07:41:35.400   3509400.2523    779125.7859   5250991.5553   2   7   0.1430   0.0744   0.0923   0.0601   0.0360   0.0920   0.40    1.1
2026/04/23 07:41:35.500   3509400.1611    779125.7944   5250991.6137   2   7   0.1430   0.0744   0.0923   0.0601   0.0360   0.0920  -0.50    1.1
2026/04/23 07:41:35.600   3509400.0720    779125.8004   5250991.6776   2   7   0.1430   0.0744   0.0923   0.0601   0.0360   0.0920  -0.40    1.1
2026/04/23 07:41:35.700   3509399.9761    779125.8099   5250991.7424   2   7   0.1430   0.0744   0.0922   0.0601   0.0360   0.0920  -0.30    1.1
2026/04/23 07:41:35.800   3509399.8804    779125.8259   5250991.8076   2   7   0.1430   0.0743   0.0922   0.0601   0.0360   0.0920  -0.20    1.1
2026/04/23 07:41:35.900   3509399.7881    779125.8427   5250991.8690   2   7   0.1429   0.0743   0.0922   0.0601   0.0360   0.0920  -0.10    1.1
2026/04/23 07:41:36.000   3509399.6972    779125.8618   5250991.9333   2   7   0.1429   0.0743   0.0922   0.0601   0.0360   0.0920   0.00    1.1
2026/04/23 07:41:36.100   3509399.6047    779125.8911   5250991.9926   2   7   0.1429   0.0744   0.0922   0.0601   0.0359   0.0919   0.10    1.6
2026/04/23 07:41:36.200   3509399.5159    779125.9232   5250992.0486   2   7   0.1429   0.0744   0.0922   0.0600   0.0358   0.0919   0.20    1.8
2026/04/23 07:41:36.300   3509399.4194    779125.9552   5250992.1067   2   7   0.1429   0.0744   0.0922   0.0600   0.0357   0.0919   0.30    1.7
2026/04/23 07:41:36.400   3509399.3274    779125.9860   5250992.1670   2   7   0.1428   0.0744   0.0922   0.0600   0.0357   0.0919   0.40    1.7
2026/04/23 07:41:36.500   3509399.2333    779126.0138   5250992.2278   2   7   0.1428   0.0743   0.0922   0.0600   0.0357   0.0919  -0.50    1.6
2026/04/23 07:41:36.600   3509399.1400    779126.0430   5250992.2860   2   7   0.1428   0.0743   0.0922   0.0600   0.0356   0.0919  -0.40    1.5
2026/04/23 07:41:36.700   3509399.0440    779126.0728   5250992.3458   2   7   0.1428   0.0743   0.0922   0.0600   0.0356   0.0919  -0.30    1.8
2026/04/23 07:41:36.800   3509398.9502    779126.1098   5250992.4013   2   7   0.1428   0.0743   0.0922   0.0600   0.0356   0.0919  -0.20    1.7
2026/04/23 07:41:36.900   3509398.8598    779126.1529   5250992.4520   2   7   0.1428   0.0743   0.0922   0.0600   0.0356   0.0919  -0.10    1.7
2026/04/23 07:41:37.000   3509398.7721    779126.2030   5250992.5008   2   7   0.1427   0.0743   0.0921   0.0599   0.0356   0.0918   0.00    1.6
2026/04/23 07:41:37.100   3509398.6900    779126.2513   5250992.5482   2   7   0.1427   0.0742   0.0921   0.0599   0.0356   0.0918   0.10    1.5
2026/04/23 07:41:37.200   3509398.6038    779126.3071   5250992.5960   2   7   0.1427   0.0742   0.0921   0.0599   0.0357   0.0918   0.20    1.5
2026/04/23 07:41:37.300   3509398.5183    779126.3574   5250992.6462   2   7   0.1427   0.0742   0.0921   0.0599   0.0357   0.0918   0.30    1.5
2026/04/23 07:41:37.400   3509398.4298    779126.4044   5250992.7002   2   7   0.1427   0.0741   0.0921   0.0599   0.0357   0.0918   0.40    1.4
2026/04/23 07:41:37.500   3509398.3421    779126.4529   5250992.7500   2   7   0.1426   0.0741   0.0921   0.0599   0.0357   0.0918  -0.50    1.4
2026/04/23 07:41:37.600   3509398.2653    779126.5116   5250992.7971   2   7   0.1426   0.0741   0.0920   0.0599   0.0357   0.0918  -0.40    1.3
2026/04/23 07:41:37.700   3509398.1912    779126.5709   5250992.8386   2   7   0.1426   0.0741   0.0920   0.0599   0.0357   0.0918  -0.30    1.3
2026/04/23 07:41:37.800   3509398.1112    779126.6401   5250992.8794   2   7   0.1426   0.0741   0.0920   0.0598   0.0357   0.0917  -0.20    1.2
2026/04/23 07:41:37.900   3509398.0373    779126.7148   5250992.9173   2   7   0.1426   0.0740   0.0920   0.0598   0.0357   0.0917  -0.10    1.2
2026/04/23 07:41:38.000   3509397.9652    779126.7989   5250992.9527   2   7   0.1425   0.0740   0.0920   0.0598   0.0357   0.0917   0.00    1.1
2026/04/23 07:41:38.100   3509397.8959    779126.8835   5250992.9858   2   7   0.1425   0.0740   0.0920   0.0598   0.0357   0.0917   0.10    1.1
2026/04/23 07:41:38.200   3509397.8220    779126.9662   5250993.0237   2   7   0.1425   0.0740   0.0920   0.0598   0.0357   0.0917   0.20    1.1
2026/04/23 07:41:38.300   3509397.7487    779127.0452   5250993.0606   2   7   0.1425   0.0740   0.0919   0.0598   0.0357   0.0917   0.30    1.1
2026/04/23 07:41:38.400   3509397.6778    779127.1204   5250993.0961   2   7   0.1425   0.0739   0.0919   0.0598   0.0356   0.0917   0.40    1.0
2026/04/23 07:41:38.500   3509397.6014    779127.1912   5250993.1350   2   7   0.1424   0.0739   0.0919   0.0598   0.0356   0.0916  -0.50    1.0
2026/04/23 07:41:38.600   3509397.5286    779127.2688   5250993.1754   2   7   0.1424   0.0739   0.0919   0.0598   0.0356   0.0916  -0.40    1.0
2026/04/23 07:41:38.700   3509397.4591    779127.3482   5250993.2123   2   7   0.1424   0.0739   0.0919   0.0597   0.0356   0.0916  -0.30    1.1
2026/04/23 07:41:38.800   3509397.3854    779127.4281   5250993.2511   2   7   0.1424   0.0739   0.0919   0.0597   0.0356   0.0916  -0.20    1.1
2026/04/23 07:41:38.900   3509397.3086    779127.5089   5250993.2922   2   7   0.1424   0.0739   0.0918   0.0597   0.0356   0.0916  -0.10    1.1
2026/04/23 07:41:39.000   3509397.2386    779127.5911   5250993.3248   2   7   0.1423   0.0739   0.0918   0.0597   0.0356   0.0916   0.00    1.1
2026/04/23 07:41:39.100   3509397.1742    779127.6760   5250993.3571   2   7   0.1423   0.0738   0.0918   0.0597   0.0356   0.0916   0.10    1.1
2026/04/23 07:41:39.200   3509397.1064    779127.7606   5250993.3896   2   7   0.1423   0.0738   0.0918   0.0597   0.0356   0.0915   0.20    1.2
2026/04/23 07:41:39.300   3509397.0348    779127.8469   5250993.4213   2   7   0.1423   0.0738   0.0918   0.0597   0.0356   0.0915   0.30    1.2
2026/04/23 07:41:39.400   3509396.9691    779127.9386   5250993.4486   2   7   0.1423   0.0738   0.0918   0.0597   0.0355   0.0914   0.40    1.1
2026/04/23 07:41:39.500   3509396.9100    779128.0294   5250993.4725   2   7   0.1424   0.0738   0.0918   0.0597   0.0355   0.0914  -0.50    1.1
2026/04/23 07:41:39.600   3509396.8625    779128.1235   5250993.4887   2   7   0.1424   0.0738   0.0918   0.0597   0.0355   0.0913  -0.40    1.0
2026/04/23 07:41:39.700   3509396.8175    779128.2183   5250993.5045   2   7   0.1424   0.0738   0.0918   0.0597   0.0355   0.0913  -0.30    1.0
2026/04/23 07:41:39.800   3509396.7711    779128.3182   5250993.5195   2   7   0.1424   0.0737   0.0918   0.0597   0.0355   0.0913  -0.20    1.0
2026/04/23 07:41:39.900   3509396.7337    779128.4227   5250993.5268   2   7   0.1423   0.0737   0.0917   0.0597   0.0355   0.0913  -0.10    1.0
2026/04/23 07:41:40.000   3509396.7020    779128.5268   5250993.5325   2   7   0.1423   0.0737   0.0917   0.0597   0.0355   0.0913   0.00    1.0
2026/04/23 07:41:40.100   3509396.6733    779128.6369   5250993.5363   2   7   0.1423   0.0737   0.0917   0.0597   0.0355   0.0913   0.10    1.1
2026/04/23 07:41:40.200   3509396.6470    779128.7484   5250993.5388   2   7   0.1423   0.0737   0.0917   0.0597   0.0355   0.0913   0.20    1.1
2026/04/23 07:41:40.300   3509396.6286    779128.8647   5250993.5339   2   7   0.1423   0.0737   0.0917   0.0597   0.0355   0.0912   0.30    1.1
2026/04/23 07:41:40.400   3509396.6089    779128.9814   5250993.5290   2   7   0.1423   0.0736   0.0917   0.0596   0.0354   0.0912   0.40    1.1
2026/04/23 07:41:40.500   3509396.5958    779129.0985   5250993.5207   2   7   0.1423   0.0736   0.0917   0.0596   0.0354   0.0912  -0.50    1.1
2026/04/23 07:41:40.600   3509396.5748    779129.2173   5250993.5141   2   7   0.1423   0.0736   0.0917   0.0596   0.0354   0.0912  -0.40    1.1
2026/04/23 07:41:40.700   3509396.5469    779129.3276   5250993.5140   2   7   0.1422   0.0736   0.0917   0.0596   0.0354   0.0912  -0.30    1.2
2026/04/23 07:41:40.800   3509396.5222    779129.4340   5250993.5104   2   7   0.1422   0.0736   0.0917   0.0596   0.0354   0.0912  -0.20    1.2
2026/04/23 07:41:40.900   3509396.5022    779129.5438   5250993.5082   2   6   0.1422   0.0736   0.0917   0.0596   0.0354   0.0912  -0.10    1.1
2026/04/23 07:41:41.000   3509396.4760    779129.6495   5250993.5097   2   6   0.1422   0.0736   0.0917   0.0596   0.0354   0.0911   0.00    1.1
2026/04/23 07:41:41.100   3509396.4512    779129.7592   5250993.5092   2   6   0.1422   0.0735   0.0917   0.0596   0.0354   0.0911   0.10    1.1
2026/04/23 07:41:41.200   3509396.4279    779129.8699   5250993.5076   2   6   0.1422   0.0735   0.0917   0.0596   0.0354   0.0911   0.20    1.1
2026/04/23 07:41:41.300   3509396.4054    779129.9802   5250993.5073   2   6   0.1422   0.0735   0.0917   0.0596   0.0354   0.0911   0.30    1.1
2026/04/23 07:41:41.400   3509396.3855    779130.0890   5250993.5026   2   6   0.1422   0.0735   0.0917   0.0596   0.0354   0.0911   0.40    1.1
2026/04/23 07:41:41.500   3509396.3645    779130.1967   5250993.5010   2   6   0.1421   0.0735   0.0917   0.0596   0.0354   0.0911  -0.50    1.1
2026/04/23 07:41:41.600   3509396.3356    779130.3053   5250993.5032   2   6   0.1421   0.0735   0.0917   0.0596   0.0354   0.0911  -0.40    1.1
2026/04/23 07:41:41.700   3509396.2995    779130.4102   5250993.5117   2   6   0.1421   0.0735   0.0916   0.0596   0.0354   0.0911  -0.30    1.1
2026/04/23 07:41:41.800   3509396.2664    779130.5195   5250993.5195   2   6   0.1421   0.0735   0.0916   0.0596   0.0354   0.0911  -0.20    1.1
2026/04/23 07:41:41.900   3509396.2423    779130.6279   5250993.5186   2   6   0.1421   0.0734   0.0916   0.0596   0.0354   0.0911  -0.10    1.1
2026/04/23 07:41:42.000   3509396.2252    779130.7375   5250993.5128   2   6   0.1421   0.0734   0.0916   0.0595   0.0354   0.0911   0.00    1.1
2026/04/23 07:41:42.100   3509396.2083    779130.8472   5250993.5089   2   6   0.1421   0.0734   0.0916   0.0595   0.0354   0.0911   0.10    1.1
2026/04/23 07:41:42.200   3509396.1936    779130.9607   5250993.5022   2   6   0.1421   0.0734   0.0916   0.0595   0.0354   0.0911   0.20    1.1
2026/04/23 07:41:42.300   3509396.1793    779131.0730   5250993.4978   2   6   0.1421   0.0734   0.0916   0.0595   0.0354   0.0910   0.30    1.1
2026/04/23 07:41:42.400   3509396.1666    779131.1865   5250993.4919   2   7   0.1420   0.0734   0.0916   0.0595   0.0354   0.0910   0.40    1.2
2026/04/23 07:41:42.500   3509396.1546    779131.2991   5250993.4840   2   7   0.1420   0.0734   0.0916   0.0595   0.0354   0.0910  -0.50    1.2
2026/04/23 07:41:42.600   3509396.1421    779131.4205   5250993.4792   2   7   0.1420   0.0733   0.0916   0.0595   0.0354   0.0910  -0.40    1.2
2026/04/23 07:41:42.700   3509396.1355    779131.5421   5250993.4699   2   7   0.1420   0.0733   0.0916   0.0595   0.0354   0.0910  -0.30    1.2
2026/04/23 07:41:42.800   3509396.1317    779131.6539   5250993.4607   2   7   0.1420   0.0733   0.0916   0.0595   0.0354   0.0911  -0.20    1.2
2026/04/23 07:41:42.900   3509396.1324    779131.7648   5250993.4464   2   7   0.1419   0.0733   0.0915   0.0595   0.0354   0.0911  -0.10    1.3
2026/04/23 07:41:43.000   3509396.1303    779131.8740   5250993.4387   2   7   0.1419   0.0733   0.0915   0.0595   0.0354   0.0911   0.00    1.3
2026/04/23 07:41:43.100   3509396.1260    779131.9834   5250993.4285   2   7   0.1419   0.0733   0.0915   0.0595   0.0355   0.0911   0.10    1.3
2026/04/23 07:41:43.200   3509396.1203    779132.0948   5250993.4215   2   7   0.1419   0.0732   0.0915   0.0594   0.0355   0.0911   0.20    1.3
2026/04/23 07:41:43.300   3509396.1185    779132.2013   5250993.4099   2   7   0.1418   0.0732   0.0915   0.0594   0.0355   0.0911   0.30    1.4
2026/04/23 07:41:43.400   3509396.1105    779132.3068   5250993.4033   2   7   0.1418   0.0732   0.0914   0.0594   0.0355   0.0912   0.40    1.3
2026/04/23 07:41:43.500   3509396.1024    779132.4166   5250993.3982   2   7   0.1418   0.0732   0.0914   0.0594   0.0355   0.0912  -0.50    1.3
2026/04/23 07:41:43.600   3509396.1013    779132.5221   5250993.3863   2   7   0.1418   0.0732   0.0914   0.0594   0.0355   0.0912  -0.40    1.3
2026/04/23 07:41:43.700   3509396.0993    779132.6264   5250993.3747   2   7   0.1417   0.0732   0.0914   0.0594   0.0355   0.0912  -0.30    1.3
2026/04/23 07:41:43.800   3509396.1023    779132.7340   5250993.3594   2   7   0.1417   0.0732   0.0914   0.0594   0.0355   0.0912  -0.20    1.3
2026/04/23 07:41:43.900   3509396.1093    779132.8401   5250993.3452   2   7   0.1417   0.0731   0.0914   0.0594   0.0355   0.0912  -0.10    1.2
2026/04/23 07:41:44.000   3509396.1072    779132.9415   5250993.3350   2   7   0.1417   0.0731   0.0914   0.0594   0.0355   0.0912   0.00    1.2
2026/04/23 07:41:44.100   3509396.1079    779133.0388   5250993.3235   2   7   0.1417   0.0731   0.0913   0.0594   0.0355   0.0912   0.10    1.2
2026/04/23 07:41:44.200   3509396.1091    779133.1316   5250993.3118   2   7   0.1417   0.0731   0.0913   0.0594   0.0355   0.0912   0.20    1.2
2026/04/23 07:41:44.300   3509396.1109    779133.2292   5250993.2981   2   7   0.1417   0.0731   0.0913   0.0594   0.0355   0.0912   0.30    1.2
2026/04/23 07:41:44.400   3509396.1107    779133.3301   5250993.2824   2   7   0.1416   0.0731   0.0913   0.0594   0.0355   0.0912   0.40    1.2
2026/04/23 07:41:44.500   3509396.1074    779133.4322   5250993.2704   2   7   0.1416   0.0731   0.0913   0.0594   0.0355   0.0912  -0.50    1.2
2026/04/23 07:41:44.600   3509396.1036    779133.5313   5250993.2614   2   7   0.1416   0.0731   0.0913   0.0593   0.0355   0.0912  -0.40    1.1
2026/04/23 07:41:44.700   3509396.1021    779133.6273   5250993.2505   2   7   0.1416   0.0730   0.0913   0.0593   0.0355   0.0912  -0.30    1.1
2026/04/23 07:41:44.800   3509396.0971    779133.7191   5250993.2418   2   7   0.1416   0.0730   0.0913   0.0593   0.0355   0.0912  -0.20    1.1
2026/04/23 07:41:44.900   3509396.0963    779133.8133   5250993.2297   2   7   0.1416   0.0730   0.0913   0.0593   0.0355   0.0912  -0.10    1.1
2026/04/23 07:41:45.000   3509396.1025    779133.9148   5250993.2143   2   7   0.1416   0.0730   0.0913   0.0593   0.0355   0.0911   0.00    1.1
2026/04/23 07:41:45.100   3509396.1126    779134.0146   5250993.1930   2   7   0.1415   0.0730   0.0913   0.0593   0.0355   0.0911   0.10    1.1
2026/04/23 07:41:45.200   3509396.1233    779134.1158   5250993.1702   2   7   0.1415   0.0730   0.0913   0.0593   0.0355   0.0911   0.20    1.1
2026/04/23 07:41:45.300   3509396.1266    779134.2150   5250993.1521   2   7   0.1415   0.0730   0.0913   0.0593   0.0355   0.0911   0.30    1.1
2026/04/23 07:41:45.400   3509396.1294    779134.3118   5250993.1324   2   7   0.1415   0.0729   0.0913   0.0593   0.0355   0.0911   0.40    1.1
2026/04/23 07:41:45.500   3509396.1324    779134.4080   5250993.1146   2   7   0.1415   0.0729   0.0912   0.0593   0.0355   0.0911  -0.50    1.0
2026/04/23 07:41:45.600   3509396.1322    779134.4997   5250993.0969   2   7   0.1415   0.0729   0.0912   0.0593   0.0355   0.0911  -0.40    1.0
2026/04/23 07:41:45.700   3509396.1348    779134.5913   5250993.0830   2   7   0.1415   0.0729   0.0912   0.0593   0.0355   0.0911  -0.30    1.0
2026/04/23 07:41:45.800   3509396.1356    779134.6811   5250993.0668   2   7   0.1414   0.0729   0.0912   0.0593   0.0355   0.0911  -0.20    1.0
2026/04/23 07:41:45.900   3509396.1379    779134.7709   5250993.0518   2   7   0.1414   0.0729   0.0912   0.0593   0.0355   0.0911  -0.10    1.0
2026/04/23 07:41:46.000   3509396.1379    779134.8664   5250993.0380   2   7   0.1414   0.0729   0.0912   0.0592   0.0355   0.0911   0.00    1.0
2026/04/23 07:41:46.100   3509396.1389    779134.9602   5250993.0187   2   7   0.1414   0.0728   0.0912   0.0592   0.0355   0.0911   0.10    1.0
2026/04/23 07:41:46.200   3509396.1448    779135.0558   5250993.0008   2   7   0.1414   0.0728   0.0912   0.0592   0.0355   0.0911   0.20    1.0
2026/04/23 07:41:46.300   3509396.1477    779135.1551   5250992.9835   2   7   0.1414   0.0728   0.0912   0.0592   0.0355   0.0911   0.30    1.0
2026/04/23 07:41:46.400   3509396.1519    779135.2552   5250992.9667   2   7   0.1414   0.0728   0.0912   0.0592   0.0355   0.0911   0.40    1.0
2026/04/23 07:41:46.500   3509396.1592    779135.3532   5250992.9484   2   7   0.1413   0.0728   0.0912   0.0592   0.0355   0.0911  -0.50    1.0
2026/04/23 07:41:46.600   3509396.1587    779135.4524   5250992.9312   2   7   0.1413   0.0728   0.0912   0.0592   0.0355   0.0911  -0.40    1.0
2026/04/23 07:41:46.700   3509396.1561    779135.5521   5250992.9205   2   7   0.1413   0.0728   0.0912   0.0592   0.0355   0.0911  -0.30    1.0
2026/04/23 07:41:46.800   3509396.1530    779135.6509   5250992.9075   2   7   0.1413   0.0727   0.0912   0.0592   0.0355   0.0911  -0.20    1.0
2026/04/23 07:41:46.900   3509396.1500    779135.7500   5250992.8937   2   7   0.1413   0.0727   0.0912   0.0592   0.0355   0.0911  -0.10    1.0
2026/04/23 07:41:47.000   3509396.1518    779135.8460   5250992.8762   2   7   0.1413   0.0727   0.0912   0.0592   0.0355   0.0911   0.00    1.0
2026/04/23 07:41:47.100   3509396.1558    779135.9419   5250992.8583   2   7   0.1413   0.0727   0.0912   0.0592   0.0355   0.0911   0.10    1.0
2026/04/23 07:41:47.200   3509396.1607    779136.0378   5250992.8404   2   7   0.1412   0.0727   0.0912   0.0592   0.0355   0.0911   0.20    1.0
2026/04/23 07:41:47.300   3509396.1633    779136.1368   5250992.8231   2   7   0.1412   0.0727   0.0911   0.0592   0.0355   0.0911   0.30    1.0
2026/04/23 07:41:47.400   3509396.1663    779136.2360   5250992.8053   2   7   0.1412   0.0727   0.0911   0.0591   0.0355   0.0910   0.40    1.0
2026/04/23 07:41:47.500   3509396.1673    779136.3330   5250992.7895   2   7   0.1412   0.0726   0.0911   0.0591   0.0355   0.0910  -0.50    1.0
2026/04/23 07:41:47.600   3509396.1720    779136.4222   5250992.7665   2   7   0.1412   0.0726   0.0911   0.0591   0.0355   0.0910  -0.40    1.0
2026/04/23 07:41:47.700   3509396.1741    779136.5125   5250992.7495   2   7   0.1412   0.0726   0.0911   0.0591   0.0355   0.0910  -0.30    1.0
2026/04/23 07:41:47.800   3509396.1778    779136.6047   5250992.7320   2   7   0.1412   0.0726   0.0911   0.0591   0.0355   0.0910  -0.20    1.0
2026/04/23 07:41:47.900   3509396.1839    779136.7008   5250992.7137   2   7   0.1411   0.0726   0.0911   0.0591   0.0355   0.0910  -0.10    1.0
2026/04/23 07:41:48.000   3509396.1873    779136.7984   5250992.6961   2   7   0.1411   0.0726   0.0911   0.0591   0.0355   0.0910   0.00    1.0
2026/04/23 07:41:48.100   3509396.1949    779136.8897   5250992.6768   2   7   0.1411   0.0726   0.0911   0.0591   0.0355   0.0910   0.10    1.0
2026/04/23 07:41:48.200   3509396.1982    779136.9795   5250992.6602   2   7   0.1411   0.0725   0.0911   0.0591   0.0355   0.0910   0.20    1.0
2026/04/23 07:41:48.300   3509396.2014    779137.0736   5250992.6474   2   7   0.1411   0.0725   0.0911   0.0591   0.0355   0.0910   0.30    1.0
2026/04/23 07:41:48.400   3509396.2071    779137.1700   5250992.6305   2   7   0.1411   0.0725   0.0911   0.0591   0.0355   0.0910   0.40    1.0
2026/04/23 07:41:48.500   3509396.2118    779137.2653   5250992.6115   2   7   0.1411   0.0725   0.0911   0.0591   0.0355   0.0910  -0.50    1.0
2026/04/23 07:41:48.600   3509396.2141    779137.3607   5250992.5935   2   7   0.1410   0.0725   0.0911   0.0591   0.0355   0.0910  -0.40    1.0
2026/04/23 07:41:48.700   3509396.2221    779137.4555   5250992.5755   2   7   0.1410   0.0725   0.0911   0.0591   0.0355   0.0910  -0.30    1.0
2026/04/23 07:41:48.800   3509396.2295    779137.5539   5250992.5558   2   7   0.1410   0.0725   0.0911   0.0590   0.0355   0.0910  -0.20    1.0
2026/04/23 07:41:48.900   3509396.2354    779137.6510   5250992.5411   2   7   0.1410   0.0724   0.0911   0.0590   0.0355   0.0910  -0.10    1.0
2026/04/23 07:41:49.000   3509396.2475    779137.7471   5250992.5181   2   7   0.1410   0.0724   0.0911   0.0590   0.0355   0.0910   0.00    1.0
2026/04/23 07:41:49.100   3509396.2561    779137.8449   5250992.5024   2   7   0.1410   0.0724   0.0911   0.0590   0.0355   0.0910   0.10    1.0
2026/04/23 07:41:49.200   3509396.2616    779137.9412   5250992.4855   2   7   0.1410   0.0724   0.0911   0.0590   0.0355   0.0910   0.20    1.0
2026/04/23 07:41:49.300   3509396.2713    779138.0362   5250992.4645   2   7   0.1409   0.0724   0.0911   0.0590   0.0355   0.0910   0.30    1.0
2026/04/23 07:41:49.400   3509396.2805    779138.1330   5250992.4454   2   7   0.1409   0.0724   0.0911   0.0590   0.0355   0.0910   0.40    1.0
2026/04/23 07:41:49.500   3509396.2891    779138.2287   5250992.4289   2   7   0.1409   0.0724   0.0910   0.0590   0.0355   0.0910  -0.50    1.0
2026/04/23 07:41:49.600   3509396.3045    779138.3237   5250992.4067   2   7   0.1409   0.0723   0.0910   0.0590   0.0355   0.0910  -0.40    1.0
2026/04/23 07:41:49.700   3509396.3171    779138.4158   5250992.3842   2   7   0.1409   0.0723   0.0910   0.0590   0.0355   0.0910  -0.30    1.0
2026/04/23 07:41:49.800   3509396.3255    779138.5083   5250992.3669   2   7   0.1409   0.0723   0.0910   0.0590   0.0355   0.0909  -0.20    1.0
2026/04/23 07:41:49.900   3509396.3359    779138.6003   5250992.3478   2   7   0.1409   0.0723   0.0910   0.0590   0.0355   0.0909  -0.10    1.0
2026/04/23 07:41:50.000   3509396.3358    779138.6966   5250992.3355   2   7   0.1409   0.0723   0.0910   0.0590   0.0354   0.0909   0.00    1.0
2026/04/23 07:41:50.100   3509396.3411    779138.7952   5250992.3212   2   7   0.1408   0.0723   0.0910   0.0590   0.0354   0.0909   0.10    1.0
2026/04/23 07:41:50.200   3509396.3487    779138.8924   5250992.3030   2   7   0.1408   0.0723   0.0910   0.0590   0.0354   0.0909   0.20    1.0
2026/04/23 07:41:50.300   3509396.3570    779138.9894   5250992.2840   2   7   0.1408   0.0723   0.0910   0.0589   0.0354   0.0909   0.30    1.0
2026/04/23 07:41:50.400   3509396.3595    779139.0891   5250992.2712   2   7   0.1408   0.0722   0.0910   0.0589   0.0354   0.0909   0.40    1.0
2026/04/23 07:41:50.500   3509396.3638    779139.1875   5250992.2532   2   7   0.1408   0.0722   0.0910   0.0589   0.0354   0.0909  -0.50    1.0
2026/04/23 07:41:50.600   3509396.3734    779139.2865   5250992.2330   2   7   0.1408   0.0722   0.0910   0.0589   0.0354   0.0909  -0.40    1.0
2026/04/23 07:41:50.700   3509396.3827    779139.3844   5250992.2124   2   7   0.1408   0.0722   0.0910   0.0589   0.0354   0.0909  -0.30    1.0
2026/04/23 07:41:50.800   3509396.3935    779139.4802   5250992.1927   2   7   0.1407   0.0722   0.0910   0.0589   0.0354   0.0909  -0.20    1.0
2026/04/23 07:41:50.900   3509396.3979    779139.5777   5250992.1775   2   7   0.1407   0.0722   0.0910   0.0589   0.0354   0.0909  -0.10    1.0
2026/04/23 07:41:51.000   3509396.3969    779139.6764   5250992.1641   2   7   0.1407   0.0722   0.0910   0.0589   0.0354   0.0909   0.00    1.0
2026/04/23 07:41:51.100   3509396.4004    779139.7722   5250992.1478   2   7   0.1407   0.0721   0.0910   0.0589   0.0354   0.0909   0.10    1.0
2026/04/23 07:41:51.200   3509396.4054    779139.8689   5250992.1336   2   7   0.1407   0.0721   0.0910   0.0589   0.0354   0.0909   0.20    1.0
2026/04/23 07:41:51.300   3509396.4120    779139.9638   5250992.1166   2   7   0.1407   0.0721   0.0910   0.0589   0.0354   0.0909   0.30    1.0
2026/04/23 07:41:51.400   3509396.4233    779140.0581   5250992.0971   2   7   0.1407   0.0721   0.0910   0.0589   0.0354   0.0909   0.40    1.0
2026/04/23 07:41:51.500   3509396.4335    779140.1489   5250992.0746   2   7   0.1406   0.0721   0.0910   0.0589   0.0354   0.0909  -0.50    1.0
2026/04/23 07:41:51.600   3509396.4437    779140.2440   5250992.0569   2   7   0.1406   0.0721   0.0910   0.0589   0.0354   0.0909  -0.40    1.0
2026/04/23 07:41:51.700   3509396.4548    779140.3373   5250992.0354   2   7   0.1406   0.0721   0.0909   0.0589   0.0354   0.0909  -0.30    1.0
2026/04/23 07:41:51.800   3509396.4698    779140.4282   5250992.0100   2   7   0.1406   0.0720   0.0909   0.0588   0.0354   0.0909  -0.20    1.0
2026/04/23 07:41:51.900   3509396.4788    779140.5221   5250991.9909   2   7   0.1406   0.0720   0.0909   0.0588   0.0354   0.0909  -0.10    1.0
2026/04/23 07:41:52.000   3509396.4843    779140.6138   5250991.9726   2   7   0.1406   0.0720   0.0909   0.0588   0.0354   0.0909   0.00    1.0
2026/04/23 07:41:52.100   3509396.4923    779140.7084   5250991.9531   2   7   0.1406   0.0720   0.0909   0.0588   0.0354   0.0909   0.10    1.0
2026/04/23 07:41:52.200   3509396.4949    779140.8062   5250991.9365   2   7   0.1405   0.0720   0.0909   0.0588   0.0354   0.0908   0.20    1.0
2026/04/23 07:41:52.300   3509396.4928    779140.9061   5250991.9243   2   7   0.1405   0.0720   0.0909   0.0588   0.0354   0.0908   0.30    1.0
2026/04/23 07:41:52.400   3509396.4908    779141.0086   5250991.9133   2   7   0.1405   0.0720   0.0909   0.0588   0.0354   0.0908   0.40    1.0
2026/04/23 07:41:52.500   3509396.4951    779141.1069   5250991.8961   2   7   0.1405   0.0720   0.0909   0.0588   0.0354   0.0908  -0.50    1.0
2026/04/23 07:41:52.600   3509396.4996    779141.2076   5250991.8794   2   7   0.1405   0.0719   0.0909   0.0588   0.0354   0.0908  -0.40    1.0
2026/04/23 07:41:52.700   3509396.5053    779141.3108   5250991.8602   2   7   0.1405   0.0719   0.0909   0.0588   0.0354   0.0908  -0.30    1.0
2026/04/23 07:41:52.800   3509396.5087    779141.4136   5250991.8411   2   7   0.1405   0.0719   0.0909   0.0588   0.0354   0.0908  -0.20    1.0
2026/04/23 07:41:52.900   3509396.5144    779141.5151   5250991.8218   2   7   0.1404   0.0719   0.0909   0.0588   0.0354   0.0908  -0.10    1.0
2026/04/23 07:41:53.000   3509396.5217    779141.6099   5250991.8039   2   7   0.1404   0.0719   0.0909   0.0588   0.0354   0.0908   0.00    1.0
2026/04/23 07:41:53.100   3509396.5243    779141.7065   5250991.7876   2   7   0.1404   0.0719   0.0909   0.0588   0.0354   0.0908   0.10    1.0
2026/04/23 07:41:53.200   3509396.5257    779141.8038   5250991.7733   2   7   0.1404   0.0719   0.0909   0.0587   0.0354   0.0908   0.20    1.0
2026/04/23 07:41:53.300   3509396.5260    779141.9013   5250991.7578   2   7   0.1404   0.0718   0.0909   0.0587   0.0354   0.0908   0.30    1.0
2026/04/23 07:41:53.400   3509396.5278    779141.9993   5250991.7442   2   7   0.1404   0.0718   0.0909   0.0587   0.0354   0.0908   0.40    1.0
2026/04/23 07:41:53.500   3509396.5262    779142.0939   5250991.7308   2   7   0.1404   0.0718   0.0909   0.0587   0.0354   0.0908  -0.50    1.0
2026/04/23 07:41:53.600   3509396.5205    779142.1864   5250991.7202   2   7   0.1403   0.0718   0.0909   0.0587   0.0354   0.0908  -0.40    1.0
2026/04/23 07:41:53.700   3509396.5174    779142.2855   5250991.7112   2   7   0.1403   0.0718   0.0909   0.0587   0.0354   0.0908  -0.30    1.0
2026/04/23 07:41:53.800   3509396.5160    779142.3841   5250991.6960   2   7   0.1403   0.0718   0.0909   0.0587   0.0354   0.0908  -0.20    1.0
2026/04/23 07:41:53.900   3509396.5217    779142.4780   5250991.6803   2   7   0.1403   0.0718   0.0908   0.0587   0.0354   0.0908  -0.10    1.0
2026/04/23 07:41:54.000   3509396.5276    779142.5719   5250991.6644   2   7   0.1403   0.0717   0.0908   0.0587   0.0354   0.0908   0.00    1.0
2026/04/23 07:41:54.100   3509396.5302    779142.6653   5250991.6501   2   7   0.1403   0.0717   0.0908   0.0587   0.0354   0.0908   0.10    1.0
2026/04/23 07:41:54.200   3509396.5336    779142.7663   5250991.6337   2   7   0.1403   0.0717   0.0908   0.0587   0.0354   0.0908   0.20    1.0
2026/04/23 07:41:54.300   3509396.5421    779142.8651   5250991.6122   2   7   0.1402   0.0717   0.0908   0.0587   0.0354   0.0908   0.30    1.0
2026/04/23 07:41:54.400   3509396.5484    779142.9628   5250991.5907   2   7   0.1402   0.0717   0.0908   0.0587   0.0354   0.0907   0.40    1.1
2026/04/23 07:41:54.500   3509396.5609    779143.0554   5250991.5688   2   7   0.1402   0.0717   0.0908   0.0587   0.0354   0.0907  -0.50    1.1
2026/04/23 07:41:54.600   3509396.5710    779143.1448   5250991.5495   2   7   0.1402   0.0717   0.0908   0.0587   0.0354   0.0907  -0.40    1.1
2026/04/23 07:41:54.700   3509396.5817    779143.2368   5250991.5313   2   7   0.1402   0.0717   0.0908   0.0586   0.0354   0.0907  -0.30    1.1
2026/04/23 07:41:54.800   3509396.5943    779143.3323   5250991.5106   2   7   0.1402   0.0716   0.0908   0.0586   0.0354   0.0907  -0.20    1.1
2026/04/23 07:41:54.900   3509396.6037    779143.4279   5250991.4898   2   7   0.1402   0.0716   0.0908   0.0586   0.0354   0.0907  -0.10    1.1
2026/04/23 07:41:55.000   3509396.6134    779143.5240   5250991.4706   2   7   0.1402   0.0716   0.0908   0.0586   0.0354   0.0907   0.00    1.1
2026/04/23 07:41:55.100   3509396.6199    779143.6248   5250991.4518   2   7   0.1401   0.0716   0.0908   0.0586   0.0354   0.0907   0.10    1.1
2026/04/23 07:41:55.200   3509396.6291    779143.7240   5250991.4347   2   7   0.1401   0.0716   0.0908   0.0586   0.0354   0.0907   0.20    1.1
2026/04/23 07:41:55.300   3509396.6331    779143.8194   5250991.4176   2   7   0.1401   0.0716   0.0908   0.0586   0.0354   0.0907   0.30    1.1
2026/04/23 07:41:55.400   3509396.6462    779143.9146   5250991.3966   2   7   0.1401   0.0716   0.0908   0.0586   0.0354   0.0907   0.40    1.1
2026/04/23 07:41:55.500   3509396.6608    779144.0093   5250991.3732   2   7   0.1401   0.0715   0.0908   0.0586   0.0354   0.0907  -0.50    1.1
2026/04/23 07:41:55.600   3509396.6678    779144.0998   5250991.3600   2   7   0.1401   0.0715   0.0908   0.0586   0.0354   0.0907  -0.40    1.1
2026/04/23 07:41:55.700   3509396.6744    779144.1900   5250991.3436   2   7   0.1401   0.0715   0.0908   0.0586   0.0354   0.0907  -0.30    1.1
2026/04/23 07:41:55.800   3509396.6835    779144.2837   5250991.3232   2   7   0.1400   0.0715   0.0907   0.0586   0.0354   0.0907  -0.20    1.1
2026/04/23 07:41:55.900   3509396.6916    779144.3775   5250991.3057   2   7   0.1400   0.0715   0.0907   0.0586   0.0354   0.0907  -0.10    1.1
2026/04/23 07:41:56.000   3509396.6965    779144.4778   5250991.2915   2   7   0.1400   0.0715   0.0907   0.0586   0.0354   0.0907   0.00    1.1
2026/04/23 07:41:56.100   3509396.7015    779144.5771   5250991.2760   2   7   0.1400   0.0715   0.0907   0.0585   0.0354   0.0907   0.10    1.1
2026/04/23 07:41:56.200   3509396.7123    779144.6795   5250991.2560   2   7   0.1400   0.0714   0.0907   0.0585   0.0354   0.0907   0.20    1.1
2026/04/23 07:41:56.300   3509396.7261    779144.7798   5250991.2311   2   7   0.1400   0.0714   0.0907   0.0585   0.0354   0.0907   0.30    1.1
2026/04/23 07:41:56.400   3509396.7382    779144.8780   5250991.2118   2   7   0.1400   0.0714   0.0907   0.0585   0.0354   0.0907   0.40    1.1
2026/04/23 07:41:56.500   3509396.7471    779144.9746   5250991.1905   2   7   0.1399   0.0714   0.0907   0.0585   0.0354   0.0906  -0.50    1.1
2026/04/23 07:41:56.600   3509396.7516    779145.0687   5250991.1749   2   7   0.1399   0.0714   0.0907   0.0585   0.0354   0.0906  -0.40    1.1
2026/04/23 07:41:56.700   3509396.7517    779145.1666   5250991.1620   2   7   0.1399   0.0714   0.0907   0.0585   0.0354   0.0906  -0.30    1.1
2026/04/23 07:41:56.800   3509396.7518    779145.2681   5250991.1479   2   7   0.1399   0.0714   0.0907   0.0585   0.0354   0.0906  -0.20    1.1
2026/04/23 07:41:56.900   3509396.7511    779145.3669   5250991.1346   2   7   0.1399   0.0714   0.0907   0.0585   0.0354   0.0906  -0.10    1.1
2026/04/23 07:41:57.000   3509396.7513    779145.4664   5250991.1165   2   7   0.1399   0.0713   0.0907   0.0585   0.0354   0.0906   0.00    1.1
2026/04/23 07:41:57.100   3509396.7514    779145.5675   5250991.1044   2   7   0.1399   0.0713   0.0907   0.0585   0.0354   0.0906   0.10    1.1
2026/04/23 07:41:57.200   3509396.7501    779145.6605   5250991.0922   2   7   0.1398   0.0713   0.0907   0.0585   0.0354   0.0906   0.20    1.1
2026/04/23 07:41:57.300   3509396.7516    779145.7510   5250991.0761   2   7   0.1398   0.0713   0.0907   0.0585   0.0354   0.0906   0.30    1.1
2026/04/23 07:41:57.400   3509396.7585    779145.8416   5250991.0605   2   7   0.1398   0.0713   0.0907   0.0585   0.0354   0.0906   0.40    1.1
2026/04/23 07:41:57.500   3509396.7642    779145.9290   5250991.0421   2   7   0.1398   0.0713   0.0907   0.0585   0.0354   0.0906  -0.50    1.1
2026/04/23 07:41:57.600   3509396.7639    779146.0191   5250991.0262   2   7   0.1398   0.0713   0.0907   0.0584   0.0354   0.0906  -0.40    1.1
2026/04/23 07:41:57.700   3509396.7642    779146.1136   5250991.0113   2   7   0.1398   0.0712   0.0906   0.0584   0.0354   0.0906  -0.30    1.1
2026/04/23 07:41:57.800   3509396.7643    779146.2164   5250990.9943   2   7   0.1398   0.0712   0.0906   0.0584   0.0354   0.0906  -0.20    1.1
2026/04/23 07:41:57.900   3509396.7639    779146.3215   5250990.9774   2   7   0.1397   0.0712   0.0906   0.0584   0.0354   0.0906  -0.10    1.1
2026/04/23 07:41:58.000   3509396.7659    779146.4302   5250990.9592   2   7   0.1397   0.0712   0.0906   0.0584   0.0354   0.0906   0.00    1.1
2026/04/23 07:41:58.100   3509396.7702    779146.5362   5250990.9393   2   7   0.1397   0.0712   0.0906   0.0584   0.0354   0.0906   0.10    1.1
2026/04/23 07:41:58.200   3509396.7756    779146.6395   5250990.9196   2   7   0.1397   0.0712   0.0906   0.0584   0.0354   0.0906   0.20    1.1
2026/04/23 07:41:58.300   3509396.7773    779146.7436   5250990.8997   2   7   0.1397   0.0712   0.0906   0.0584   0.0354   0.0906   0.30    1.1
2026/04/23 07:41:58.400   3509396.7828    779146.8435   5250990.8804   2   7   0.1397   0.0712   0.0906   0.0584   0.0354   0.0905   0.40    1.1
2026/04/23 07:41:58.500   3509396.7870    779146.9428   5250990.8610   2   7   0.1397   0.0711   0.0906   0.0584   0.0354   0.0905  -0.50    1.1
2026/04/23 07:41:58.600   3509396.7874    779147.0392   5250990.8406   2   7   0.1396   0.0711   0.0906   0.0584   0.0354   0.0905  -0.40    1.1
2026/04/23 07:41:58.700   3509396.7934    779147.1345   5250990.8214   2   7   0.1396   0.0711   0.0906   0.0584   0.0354   0.0905  -0.30    1.1
2026/04/23 07:41:58.800   3509396.7981    779147.2228   5250990.8049   2   7   0.1396   0.0711   0.0906   0.0584   0.0354   0.0905  -0.20    1.1
2026/04/23 07:41:58.900   3509396.8048    779147.3124   5250990.7831   2   7   0.1396   0.0711   0.0906   0.0584   0.0354   0.0905  -0.10    1.1
2026/04/23 07:41:59.000   3509396.8022    779147.4030   5250990.7650   2   7   0.1396   0.0711   0.0906   0.0583   0.0354   0.0905   0.00    1.1
2026/04/23 07:41:59.100   3509396.8025    779147.4948   5250990.7501   2   7   0.1396   0.0711   0.0906   0.0583   0.0354   0.0905   0.10    1.1
2026/04/23 07:41:59.200   3509396.8007    779147.5904   5250990.7338   2   7   0.1396   0.0710   0.0906   0.0583   0.0354   0.0905   0.20    1.1
2026/04/23 07:41:59.300   3509396.8036    779147.6860   5250990.7198   2   7   0.1395   0.0710   0.0905   0.0583   0.0354   0.0905   0.30    1.1
2026/04/23 07:41:59.400   3509396.8063    779147.7820   5250990.7041   2   7   0.1395   0.0710   0.0905   0.0583   0.0354   0.0905   0.40    1.1
2026/04/23 07:41:59.500   3509396.8147    779147.8777   5250990.6859   2   7   0.1395   0.0710   0.0905   0.0583   0.0354   0.0905  -0.50    1.1
2026/04/23 07:41:59.600   3509396.8174    779147.9725   5250990.6680   2   7   0.1395   0.0710   0.0905   0.0583   0.0354   0.0905  -0.40    1.1
2026/04/23 07:41:59.700   3509396.8191    779148.0706   5250990.6528   2   7   0.1395   0.0710   0.0906   0.0583   0.0354   0.0904  -0.30    2.4
2026/04/23 07:41:59.800   3509396.8264    779148.1680   5250990.6329   2   7   0.1395   0.0710   0.0906   0.0582   0.0354   0.0904  -0.20    2.3
2026/04/23 07:41:59.900   3509396.8343    779148.2655   5250990.6130   2   7   0.1395   0.0710   0.0906   0.0582   0.0355   0.0904  -0.10    2.2
2026/04/23 07:42:00.000   3509396.8391    779148.3610   5250990.5980   2   7   0.1395   0.0710   0.0906   0.0582   0.0355   0.0904   0.00    2.2
2026/04/23 07:42:00.100   3509396.8430    779148.4566   5250990.5861   2   7   0.1395   0.0710   0.0906   0.0582   0.0355   0.0904   0.10    2.1
2026/04/23 07:42:00.200   3509396.8413    779148.5485   5250990.5714   2   7   0.1395   0.0709   0.0905   0.0582   0.0354   0.0904   0.20    2.1
2026/04/23 07:42:00.300   3509396.8391    779148.6492   5250990.5586   2   7   0.1395   0.0709   0.0905   0.0582   0.0354   0.0904   0.30    2.1
2026/04/23 07:42:00.400   3509396.8392    779148.7500   5250990.5446   2   7   0.1394   0.0709   0.0905   0.0582   0.0354   0.0904   0.40    2.0
2026/04/23 07:42:00.500   3509396.8456    779148.8550   5250990.5233   2   7   0.1394   0.0709   0.0905   0.0582   0.0354   0.0904  -0.50    2.0
2026/04/23 07:42:00.600   3509396.8504    779148.9564   5250990.5057   2   7   0.1394   0.0709   0.0905   0.0582   0.0354   0.0904  -0.40    2.0
2026/04/23 07:42:00.700   3509396.8522    779149.0489   5250990.4917   2   7   0.1394   0.0709   0.0905   0.0582   0.0354   0.0904  -0.30    2.0
2026/04/23 07:42:00.800   3509396.8586    779149.1403   5250990.4736   2   7   0.1393   0.0708   0.0905   0.0582   0.0354   0.0904  -0.20    2.0
2026/04/23 07:42:00.900   3509396.8664    779149.2316   5250990.4542   2   7   0.1393   0.0708   0.0905   0.0582   0.0354   0.0904  -0.10    2.0
2026/04/23 07:42:01.000   3509396.8765    779149.3294   5250990.4317   2   7   0.1393   0.0708   0.0905   0.0582   0.0354   0.0904   0.00    2.0
2026/04/23 07:42:01.100   3509396.8793    779149.4247   5250990.4123   2   7   0.1393   0.0708   0.0905   0.0582   0.0354   0.0904   0.10    2.0
2026/04/23 07:42:01.200   3509396.8854    779149.5197   5250990.3928   2   7   0.1393   0.0708   0.0905   0.0582   0.0354   0.0904   0.20    1.9
2026/04/23 07:42:01.300   3509396.8864    779149.6112   5250990.3764   2   7   0.1392   0.0708   0.0905   0.0582   0.0354   0.0904   0.30    2.0
2026/04/23 07:42:01.400   3509396.8942    779149.7058   5250990.3593   2   7   0.1392   0.0708   0.0905   0.0582   0.0354   0.0904   0.40    1.9
2026/04/23 07:42:01.500   3509396.9007    779149.8032   5250990.3411   2   7   0.1392   0.0707   0.0905   0.0582   0.0354   0.0904  -0.50    1.9
2026/04/23 07:42:01.600   3509396.9056    779149.8997   5250990.3230   2   7   0.1392   0.0707   0.0904   0.0582   0.0354   0.0904  -0.40    1.9
2026/04/23 07:42:01.700   3509396.9082    779149.9994   5250990.3069   2   7   0.1392   0.0707   0.0904   0.0582   0.0354   0.0904  -0.30    1.9
2026/04/23 07:42:01.800   3509396.9105    779150.0959   5250990.2891   2   7   0.1392   0.0707   0.0904   0.0582   0.0354   0.0904  -0.20    1.9
2026/04/23 07:42:01.900   3509396.9099    779150.1934   5250990.2732   2   7   0.1392   0.0707   0.0904   0.0582   0.0354   0.0904  -0.10    1.9
2026/04/23 07:42:02.000   3509396.9098    779150.2937   5250990.2576   2   7   0.1391   0.0707   0.0904   0.0581   0.0354   0.0904   0.00    1.9
2026/04/23 07:42:02.100   3509396.9067    779150.3910   5250990.2429   2   7   0.1391   0.0707   0.0904   0.0581   0.0354   0.0904   0.10    1.9
2026/04/23 07:42:02.200   3509396.9046    779150.4896   5250990.2287   2   7   0.1391   0.0707   0.0904   0.0581   0.0354   0.0904   0.20    1.8
2026/04/23 07:42:02.300   3509396.9113    779150.5880   5250990.2080   2   7   0.1391   0.0706   0.0904   0.0581   0.0354   0.0904   0.30    1.8
2026/04/23 07:42:02.400   3509396.9116    779150.6839   5250990.1927   2   7   0.1391   0.0706   0.0904   0.0581   0.0354   0.0904   0.40    1.8
2026/04/23 07:42:02.500   3509396.9174    779150.7774   5250990.1751   2   7   0.1391   0.0706   0.0904   0.0581   0.0354   0.0903  -0.50    1.8
2026/04/23 07:42:02.600   3509396.9232    779150.8714   5250990.1584   2   7   0.1391   0.0706   0.0904   0.0581   0.0354   0.0903  -0.40    1.8
2026/04/23 07:42:02.700   3509396.9303    779150.9659   5250990.1417   2   7   0.1391   0.0706   0.0904   0.0581   0.0354   0.0903  -0.30    1.8
2026/04/23 07:42:02.800   3509396.9336    779151.0643   5250990.1270   2   7   0.1390   0.0706   0.0904   0.0581   0.0354   0.0903  -0.20    1.8
2026/04/23 07:42:02.900   3509396.9309    779151.1644   5250990.1154   2   7   0.1390   0.0706   0.0904   0.0581   0.0354   0.0903  -0.10    1.8
2026/04/23 07:42:03.000   3509396.9247    779151.2658   5250990.1056   2   7   0.1390   0.0705   0.0904   0.0581   0.0354   0.0903   0.00    1.8
2026/04/23 07:42:03.100   3509396.9227    779151.3649   5250990.0893   2   7   0.1390   0.0705   0.0904   0.0581   0.0354   0.0903   0.10    1.8
2026/04/23 07:42:03.200   3509396.9264    779151.4617   5250990.0714   2   7   0.1390   0.0705   0.0904   0.0581   0.0354   0.0903   0.20    1.7
2026/04/23 07:42:03.300   3509396.9333    779151.5562   5250990.0524   2   7   0.1390   0.0705   0.0904   0.0581   0.0354   0.0903   0.30    1.7
2026/04/23 07:42:03.400   3509396.9388    779151.6491   5250990.0332   2   7   0.1390   0.0705   0.0904   0.0581   0.0354   0.0903   0.40    1.7
2026/04/23 07:42:03.500   3509396.9410    779151.7447   5250990.0186   2   7   0.1390   0.0705   0.0904   0.0581   0.0354   0.0903  -0.50    1.7
2026/04/23 07:42:03.600   3509396.9429    779151.8412   5250990.0031   2   7   0.1389   0.0705   0.0904   0.0581   0.0354   0.0903  -0.40    1.7
2026/04/23 07:42:03.700   3509396.9496    779151.9383   5250989.9850   2   7   0.1389   0.0705   0.0904   0.0581   0.0354   0.0903  -0.30    1.7
2026/04/23 07:42:03.800   3509396.9601    779152.0343   5250989.9648   2   7   0.1389   0.0704   0.0903   0.0580   0.0354   0.0903  -0.20    1.7
2026/04/23 07:42:03.900   3509396.9695    779152.1264   5250989.9469   2   7   0.1389   0.0704   0.0903   0.0580   0.0354   0.0903  -0.10    1.7
2026/04/23 07:42:04.000   3509396.9729    779152.2203   5250989.9319   2   7   0.1389   0.0704   0.0903   0.0580   0.0354   0.0903   0.00    1.7
2026/04/23 07:42:04.100   3509396.9714    779152.3197   5250989.9170   2   7   0.1389   0.0704   0.0903   0.0580   0.0353   0.0903   0.10    1.7
2026/04/23 07:42:04.200   3509396.9727    779152.4204   5250989.9011   2   7   0.1389   0.0704   0.0903   0.0580   0.0353   0.0903   0.20    1.7
2026/04/23 07:42:04.300   3509396.9754    779152.5227   5250989.8827   2   7   0.1389   0.0704   0.0903   0.0580   0.0353   0.0903   0.30    1.7
2026/04/23 07:42:04.400   3509396.9773    779152.6266   5250989.8683   2   7   0.1388   0.0704   0.0903   0.0580   0.0353   0.0903   0.40    1.7
2026/04/23 07:42:04.500   3509396.9828    779152.7251   5250989.8505   2   7   0.1388   0.0704   0.0903   0.0580   0.0353   0.0903  -0.50    1.7
2026/04/23 07:42:04.600   3509396.9862    779152.8199   5250989.8342   2   7   0.1388   0.0703   0.0903   0.0580   0.0353   0.0903  -0.40    1.7
2026/04/23 07:42:04.700   3509396.9899    779152.9121   5250989.8176   2   7   0.1388   0.0703   0.0903   0.0580   0.0353   0.0903  -0.30    1.6
2026/04/23 07:42:04.800   3509396.9966    779153.0078   5250989.7960   2   7   0.1388   0.0703   0.0903   0.0580   0.0353   0.0903  -0.20    1.6
2026/04/23 07:42:04.900   3509397.0034    779153.1033   5250989.7787   2   7   0.1388   0.0703   0.0903   0.0580   0.0353   0.0903  -0.10    1.6
2026/04/23 07:42:05.000   3509397.0126    779153.1992   5250989.7608   2   7   0.1388   0.0703   0.0903   0.0580   0.0353   0.0903   0.00    1.6
2026/04/23 07:42:05.100   3509397.0204    779153.2941   5250989.7404   2   7   0.1388   0.0703   0.0903   0.0580   0.0353   0.0903   0.10    1.6
2026/04/23 07:42:05.200   3509397.0253    779153.3880   5250989.7235   2   7   0.1387   0.0703   0.0903   0.0580   0.0353   0.0903   0.20    1.6
2026/04/23 07:42:05.300   3509397.0325    779153.4846   5250989.7067   2   7   0.1387   0.0702   0.0903   0.0580   0.0353   0.0903   0.30    1.5
2026/04/23 07:42:05.400   3509397.0432    779153.5805   5250989.6867   2   7   0.1387   0.0702   0.0903   0.0579   0.0353   0.0903   0.40    1.5
2026/04/23 07:42:05.500   3509397.0517    779153.6759   5250989.6692   2   7   0.1387   0.0702   0.0903   0.0579   0.0353   0.0903  -0.50    1.5
2026/04/23 07:42:05.600   3509397.0617    779153.7716   5250989.6520   2   7   0.1387   0.0702   0.0902   0.0579   0.0353   0.0903  -0.40    1.5
2026/04/23 07:42:05.700   3509397.0699    779153.8668   5250989.6326   2   7   0.1387   0.0702   0.0902   0.0579   0.0353   0.0903  -0.30    1.5
2026/04/23 07:42:05.800   3509397.0784    779153.9600   5250989.6114   2   7   0.1387   0.0702   0.0902   0.0579   0.0353   0.0903  -0.20    1.5
2026/04/23 07:42:05.900   3509397.0824    779154.0558   5250989.5937   2   7   0.1387   0.0702   0.0902   0.0579   0.0353   0.0902  -0.10    1.5
2026/04/23 07:42:06.000   3509397.0926    779154.1492   5250989.5741   2   7   0.1386   0.0702   0.0902   0.0579   0.0353   0.0902   0.00    1.5
2026/04/23 07:42:06.100   3509397.1012    779154.2409   5250989.5564   2   7   0.1386   0.0701   0.0902   0.0579   0.0353   0.0902   0.10    1.5
2026/04/23 07:42:06.200   3509397.1097    779154.3300   5250989.5359   2   7   0.1386   0.0701   0.0902   0.0579   0.0353   0.0902   0.20    1.4
2026/04/23 07:42:06.300   3509397.1182    779154.4226   5250989.5183   2   7   0.1386   0.0701   0.0902   0.0579   0.0353   0.0902   0.30    1.4
2026/04/23 07:42:06.400   3509397.1249    779154.5156   5250989.5011   2   7   0.1386   0.0701   0.0902   0.0579   0.0353   0.0902   0.40    1.4
2026/04/23 07:42:06.500   3509397.1316    779154.6136   5250989.4832   2   7   0.1386   0.0701   0.0902   0.0579   0.0353   0.0902  -0.50    1.4
2026/04/23 07:42:06.600   3509397.1385    779154.7104   5250989.4631   2   7   0.1386   0.0701   0.0902   0.0579   0.0353   0.0902  -0.40    1.4
2026/04/23 07:42:06.700   3509397.1475    779154.8110   5250989.4423   2   7   0.1386   0.0701   0.0902   0.0579   0.0353   0.0902  -0.30    1.4
2026/04/23 07:42:06.800   3509397.1544    779154.9067   5250989.4247   2   7   0.1386   0.0701   0.0902   0.0579   0.0353   0.0902  -0.20    1.4
2026/04/23 07:42:06.900   3509397.1668    779155.0024   5250989.4024   2   7   0.1385   0.0700   0.0902   0.0579   0.0353   0.0902  -0.10    1.4
2026/04/23 07:42:07.000   3509397.1752    779155.0965   5250989.3846   2   7   0.1385   0.0700   0.0902   0.0578   0.0353   0.0902   0.00    1.4
2026/04/23 07:42:07.100   3509397.1832    779155.1910   5250989.3617   2   7   0.1385   0.0700   0.0901   0.0578   0.0353   0.0902   0.10    1.4
2026/04/23 07:42:07.200   3509397.1830    779155.2842   5250989.3439   2   7   0.1385   0.0700   0.0901   0.0578   0.0353   0.0902   0.20    1.4
2026/04/23 07:42:07.300   3509397.1837    779155.3781   5250989.3310   2   7   0.1385   0.0700   0.0901   0.0578   0.0353   0.0902   0.30    1.3
2026/04/23 07:42:07.400   3509397.1798    779155.4721   5250989.3176   2   7   0.1385   0.0700   0.0901   0.0578   0.0353   0.0902   0.40    1.3
2026/04/23 07:42:07.500   3509397.1759    779155.5676   5250989.3053   2   7   0.1385   0.0700   0.0901   0.0578   0.0353   0.0902  -0.50    1.3
2026/04/23 07:42:07.600   3509397.1777    779155.6646   5250989.2890   2   7   0.1385   0.0699   0.0901   0.0578   0.0353   0.0902  -0.40    1.3
2026/04/23 07:42:07.700   3509397.1847    779155.7635   5250989.2664   2   7   0.1384   0.0699   0.0901   0.0578   0.0353   0.0902  -0.30    1.3
2026/04/23 07:42:07.800   3509397.1905    779155.8606   5250989.2465   2   7   0.1384   0.0699   0.0901   0.0578   0.0353   0.0902  -0.20    1.3
2026/04/23 07:42:07.900   3509397.1983    779155.9564   5250989.2242   2   7   0.1384   0.0699   0.0901   0.0578   0.0353   0.0902  -0.10    1.3
2026/04/23 07:42:08.000   3509397.2038    779156.0529   5250989.2019   2   7   0.1384   0.0699   0.0901   0.0578   0.0353   0.0902   0.00    1.3
2026/04/23 07:42:08.100   3509397.2088    779156.1489   5250989.1835   2   7   0.1384   0.0699   0.0901   0.0578   0.0353   0.0902   0.10    1.2
2026/04/23 07:42:08.200   3509397.2180    779156.2387   5250989.1611   2   7   0.1384   0.0699   0.0901   0.0578   0.0353   0.0902   0.20    1.2
2026/04/23 07:42:08.300   3509397.2274    779156.3300   5250989.1394   2   7   0.1384   0.0699   0.0901   0.0578   0.0353   0.0902   0.30    1.2
2026/04/23 07:42:08.400   3509397.2348    779156.4209   5250989.1179   2   7   0.1384   0.0698   0.0901   0.0578   0.0353   0.0902   0.40    1.2
2026/04/23 07:42:08.500   3509397.2390    779156.5123   5250989.1002   2   7   0.1383   0.0698   0.0901   0.0578   0.0353   0.0901  -0.50    1.2
2026/04/23 07:42:08.600   3509397.2440    779156.6045   5250989.0838   2   7   0.1383   0.0698   0.0901   0.0577   0.0353   0.0901  -0.40    1.2
2026/04/23 07:42:08.700   3509397.2536    779156.6942   5250989.0626   2   7   0.1383   0.0698   0.0900   0.0577   0.0353   0.0901  -0.30    1.2
2026/04/23 07:42:08.800   3509397.2628    779156.7786   5250989.0422   2   7   0.1383   0.0698   0.0900   0.0577   0.0353   0.0901  -0.20    1.2
2026/04/23 07:42:08.900   3509397.2632    779156.8557   5250989.0298   2   7   0.1383   0.0698   0.0900   0.0577   0.0353   0.0901  -0.10    1.2
2026/04/23 07:42:09.000   3509397.2583    779156.9229   5250989.0250   2   7   0.1383   0.0698   0.0900   0.0577   0.0353   0.0901   0.00    1.2
2026/04/23 07:42:09.100   3509397.2578    779156.9943   5250989.0134   2   7   0.1383   0.0698   0.0900   0.0577   0.0353   0.0901   0.10    1.1
2026/04/23 07:42:09.200   3509397.2596    779157.0758   5250989.0031   2   7   0.1383   0.0697   0.0900   0.0577   0.0353   0.0901   0.20    1.1
2026/04/23 07:42:09.300   3509397.2588    779157.1583   5250988.9897   2   7   0.1382   0.0697   0.0900   0.0577   0.0353   0.0901   0.30    1.1
2026/04/23 07:42:09.400   3509397.2576    779157.2404   5250988.9817   2   7   0.1382   0.0697   0.0900   0.0577   0.0353   0.0901   0.40    1.1
2026/04/23 07:42:09.500   3509397.2497    779157.3234   5250988.9786   2   7   0.1382   0.0697   0.0900   0.0577   0.0353   0.0901  -0.50    1.1
2026/04/23 07:42:09.600   3509397.2460    779157.4068   5250988.9695   2   7   0.1382   0.0697   0.0900   0.0577   0.0353   0.0901  -0.40    1.1
2026/04/23 07:42:09.700   3509397.2407    779157.4952   5250988.9631   2   7   0.1382   0.0697   0.0900   0.0577   0.0353   0.0901  -0.30    1.1
2026/04/23 07:42:09.800   3509397.2380    779157.5808   5250988.9564   2   7   0.1382   0.0697   0.0900   0.0577   0.0353   0.0901  -0.20    1.1
2026/04/23 07:42:09.900   3509397.2386    779157.6666   5250988.9463   2   7   0.1382   0.0697   0.0900   0.0577   0.0352   0.0901  -0.10    1.1
2026/04/23 07:42:10.000   3509397.2417    779157.7528   5250988.9354   2   7   0.1382   0.0696   0.0899   0.0577   0.0352   0.0901   0.00    1.1
2026/04/23 07:42:10.100   3509397.2496    779157.8405   5250988.9208   2   7   0.1382   0.0696   0.0899   0.0576   0.0352   0.0901   0.10    1.1
2026/04/23 07:42:10.200   3509397.2535    779157.9288   5250988.9044   2   7   0.1381   0.0696   0.0899   0.0576   0.0352   0.0901   0.20    1.1
2026/04/23 07:42:10.300   3509397.2562    779158.0217   5250988.8884   2   7   0.1381   0.0696   0.0899   0.0576   0.0352   0.0901   0.30    1.0
2026/04/23 07:42:10.400   3509397.2627    779158.1135   5250988.8718   2   7   0.1381   0.0696   0.0899   0.0576   0.0352   0.0901   0.40    1.0
2026/04/23 07:42:10.500   3509397.2693    779158.2006   5250988.8583   2   7   0.1381   0.0696   0.0899   0.0576   0.0352   0.0901  -0.50    1.0
2026/04/23 07:42:10.600   3509397.2766    779158.2826   5250988.8425   2   7   0.1381   0.0696   0.0899   0.0576   0.0352   0.0901  -0.40    1.0
2026/04/23 07:42:10.700   3509397.2823    779158.3669   5250988.8231   2   7   0.1381   0.0695   0.0899   0.0576   0.0352   0.0901  -0.30    1.0
2026/04/23 07:42:10.800   3509397.2902    779158.4458   5250988.8070   2   7   0.1381   0.0695   0.0899   0.0576   0.0352   0.0901  -0.20    1.0
2026/04/23 07:42:10.900   3509397.2973    779158.5264   5250988.7908   2   7   0.1381   0.0695   0.0899   0.0576   0.0352   0.0900  -0.10    1.0
2026/04/23 07:42:11.000   3509397.3014    779158.6056   5250988.7752   2   7   0.1380   0.0695   0.0899   0.0576   0.0352   0.0900   0.00    1.0
2026/04/23 07:42:11.100   3509397.3021    779158.6814   5250988.7610   2   7   0.1380   0.0695   0.0899   0.0576   0.0352   0.0900   0.10    1.0
2026/04/23 07:42:11.200   3509397.3038    779158.7617   5250988.7487   2   7   0.1380   0.0695   0.0899   0.0576   0.0352   0.0900   0.20    1.0
2026/04/23 07:42:11.300   3509397.3056    779158.8406   5250988.7349   2   7   0.1380   0.0695   0.0898   0.0576   0.0352   0.0900   0.30    1.0
2026/04/23 07:42:11.400   3509397.3071    779158.9260   5250988.7219   2   7   0.1380   0.0695   0.0898   0.0576   0.0352   0.0900   0.40    1.0
2026/04/23 07:42:11.500   3509397.3060    779159.0103   5250988.7095   2   7   0.1380   0.0694   0.0898   0.0576   0.0352   0.0900  -0.50    1.0
2026/04/23 07:42:11.600   3509397.3022    779159.0958   5250988.6947   2   7   0.1380   0.0694   0.0898   0.0576   0.0352   0.0900  -0.40    1.1
2026/04/23 07:42:11.700   3509397.3010    779159.1854   5250988.6797   2   7   0.1380   0.0694   0.0898   0.0575   0.0352   0.0900  -0.30    1.1
2026/04/23 07:42:11.800   3509397.3044    779159.2766   5250988.6621   2   7   0.1379   0.0694   0.0898   0.0575   0.0352   0.0900  -0.20    1.1
2026/04/23 07:42:11.900   3509397.3075    779159.3629   5250988.6448   2   7   0.1379   0.0694   0.0898   0.0575   0.0352   0.0900  -0.10    1.1
2026/04/23 07:42:12.000   3509397.3114    779159.4519   5250988.6280   2   7   0.1379   0.0694   0.0898   0.0575   0.0352   0.0900   0.00    1.1
2026/04/23 07:42:12.100   3509397.3100    779159.5408   5250988.6167   2   7   0.1379   0.0694   0.0898   0.0575   0.0352   0.0900   0.10    1.1
2026/04/23 07:42:12.200   3509397.3149    779159.6257   5250988.5983   2   7   0.1379   0.0694   0.0898   0.0575   0.0352   0.0900   0.20    1.1
2026/04/23 07:42:12.300   3509397.3198    779159.7114   5250988.5810   2   7   0.1379   0.0693   0.0898   0.0575   0.0352   0.0900   0.30    1.1
2026/04/23 07:42:12.400   3509397.3223    779159.7998   5250988.5611   2   7   0.1379   0.0693   0.0898   0.0575   0.0352   0.0900   0.40    1.1
2026/04/23 07:42:12.500   3509397.3229    779159.8854   5250988.5456   2   7   0.1379   0.0693   0.0897   0.0575   0.0352   0.0900  -0.50    1.1
2026/04/23 07:42:12.600   3509397.3254    779159.9701   5250988.5290   2   7   0.1379   0.0693   0.0897   0.0575   0.0352   0.0900  -0.40    1.1
2026/04/23 07:42:12.700   3509397.3287    779160.0534   5250988.5119   2   7   0.1378   0.0693   0.0897   0.0575   0.0352   0.0900  -0.30    1.1
2026/04/23 07:42:12.800   3509397.3275    779160.1329   5250988.4993   2   7   0.1378   0.0693   0.0897   0.0575   0.0352   0.0900  -0.20    1.1
2026/04/23 07:42:12.900   3509397.3271    779160.2185   5250988.4843   2   7   0.1378   0.0693   0.0897   0.0575   0.0352   0.0900  -0.10    1.1
2026/04/23 07:42:13.000   3509397.3337    779160.3049   5250988.4650   2   7   0.1378   0.0693   0.0897   0.0575   0.0352   0.0899   0.00    1.1
2026/04/23 07:42:13.100   3509397.3384    779160.3882   5250988.4498   2   7   0.1378   0.0692   0.0897   0.0575   0.0352   0.0899   0.10    1.1
2026/04/23 07:42:13.200   3509397.3397    779160.4678   5250988.4342   2   7   0.1378   0.0692   0.0897   0.0574   0.0352   0.0899   0.20    1.1
2026/04/23 07:42:13.300   3509397.3509    779160.5515   5250988.4170   2   7   0.1378   0.0692   0.0897   0.0574   0.0352   0.0899   0.30    1.1
2026/04/23 07:42:13.400   3509397.3626    779160.6328   5250988.4004   2   7   0.1378   0.0692   0.0897   0.0574   0.0352   0.0899   0.40    1.1
2026/04/23 07:42:13.500   3509397.3706    779160.7185   5250988.3844   2   7   0.1377   0.0692   0.0897   0.0574   0.0352   0.0899  -0.50    1.1
2026/04/23 07:42:13.600   3509397.3814    779160.8058   5250988.3638   2   7   0.1377   0.0692   0.0897   0.0574   0.0352   0.0899  -0.40    1.1
2026/04/23 07:42:13.700   3509397.3932    779160.8903   5250988.3464   2   7   0.1377   0.0692   0.0896   0.0574   0.0352   0.0899  -0.30    1.1
2026/04/23 07:42:13.800   3509397.4065    779160.9799   5250988.3250   2   7   0.1377   0.0692   0.0896   0.0574   0.0352   0.0899  -0.20    1.1
2026/04/23 07:42:13.900   3509397.4172    779161.0695   5250988.3060   2   7   0.1377   0.0691   0.0896   0.0574   0.0351   0.0899  -0.10    1.1
2026/04/23 07:42:14.000   3509397.4225    779161.1625   5250988.2887   2   7   0.1377   0.0691   0.0896   0.0574   0.0351   0.0899   0.00    1.1
2026/04/23 07:42:14.100   3509397.4291    779161.2541   5250988.2699   2   7   0.1377   0.0691   0.0896   0.0574   0.0351   0.0899   0.10    1.1
2026/04/23 07:42:14.200   3509397.4347    779161.3424   5250988.2547   2   7   0.1377   0.0691   0.0896   0.0574   0.0351   0.0899   0.20    1.1
2026/04/23 07:42:14.300   3509397.4366    779161.4241   5250988.2410   2   7   0.1376   0.0691   0.0896   0.0574   0.0351   0.0899   0.30    1.1
2026/04/23 07:42:14.400   3509397.4343    779161.5071   5250988.2269   2   7   0.1376   0.0691   0.0896   0.0574   0.0351   0.0899   0.40    1.1
2026/04/23 07:42:14.500   3509397.4355    779161.5867   5250988.2146   2   7   0.1376   0.0691   0.0896   0.0574   0.0351   0.0899  -0.50    1.1
2026/04/23 07:42:14.600   3509397.4394    779161.6712   5250988.1991   2   7   0.1376   0.0691   0.0896   0.0574   0.0351   0.0899  -0.40    1.1
2026/04/23 07:42:14.700   3509397.4475    779161.7588   5250988.1810   2   7   0.1376   0.0690   0.0896   0.0573   0.0351   0.0899  -0.30    1.1
2026/04/23 07:42:14.800   3509397.4458    779161.8433   5250988.1669   2   7   0.1376   0.0690   0.0895   0.0573   0.0351   0.0899  -0.20    1.1
2026/04/23 07:42:14.900   3509397.4407    779161.9290   5250988.1541   2   7   0.1376   0.0690   0.0895   0.0573   0.0351   0.0899  -0.10    1.1
2026/04/23 07:42:15.000   3509397.4365    779162.0198   5250988.1420   2   7   0.1376   0.0690   0.0895   0.0573   0.0351   0.0898   0.00    1.1
2026/04/23 07:42:15.100   3509397.4307    779162.1085   5250988.1335   2   7   0.1375   0.0690   0.0895   0.0573   0.0351   0.0898   0.10    1.1
2026/04/23 07:42:15.200   3509397.4218    779162.1953   5250988.1268   2   7   0.1375   0.0690   0.0895   0.0573   0.0351   0.0898   0.20    1.1
2026/04/23 07:42:15.300   3509397.4182    779162.2789   5250988.1158   2   7   0.1375   0.0690   0.0895   0.0573   0.0351   0.0898   0.30    1.1
2026/04/23 07:42:15.400   3509397.4161    779162.3647   5250988.1020   2   7   0.1375   0.0690   0.0895   0.0573   0.0351   0.0898   0.40    1.1
2026/04/23 07:42:15.500   3509397.4186    779162.4498   5250988.0904   2   7   0.1375   0.0689   0.0895   0.0573   0.0351   0.0898  -0.50    1.1
2026/04/23 07:42:15.600   3509397.4216    779162.5320   5250988.0783   2   7   0.1375   0.0689   0.0895   0.0573   0.0351   0.0898  -0.40    1.1
2026/04/23 07:42:15.700   3509397.4253    779162.6201   5250988.0638   2   7   0.1375   0.0689   0.0895   0.0573   0.0351   0.0898  -0.30    1.1
2026/04/23 07:42:15.800   3509397.4307    779162.7186   5250988.0496   2   7   0.1375   0.0689   0.0894   0.0573   0.0351   0.0898  -0.20    1.1
2026/04/23 07:42:15.900   3509397.4353    779162.8257   5250988.0308   2   7   0.1374   0.0689   0.0894   0.0573   0.0351   0.0898  -0.10    1.1
2026/04/23 07:42:16.000   3509397.4431    779162.9346   5250988.0114   2   7   0.1374   0.0689   0.0894   0.0573   0.0351   0.0898   0.00    1.1
2026/04/23 07:42:16.100   3509397.4496    779163.0415   5250987.9932   2   7   0.1374   0.0689   0.0894   0.0573   0.0351   0.0898   0.10    1.1
2026/04/23 07:42:16.200   3509397.4564    779163.1444   5250987.9747   2   7   0.1374   0.0688   0.0894   0.0572   0.0351   0.0898   0.20    1.2
2026/04/23 07:42:16.300   3509397.4639    779163.2485   5250987.9538   2   7   0.1374   0.0688   0.0894   0.0572   0.0351   0.0898   0.30    1.2
2026/04/23 07:42:16.400   3509397.4702    779163.3521   5250987.9370   2   7   0.1374   0.0688   0.0894   0.0572   0.0351   0.0898   0.40    1.2
2026/04/23 07:42:16.500   3509397.4742    779163.4532   5250987.9201   2   7   0.1374   0.0688   0.0894   0.0572   0.0351   0.0898  -0.50    1.2
2026/04/23 07:42:16.600   3509397.4827    779163.5534   5250987.9002   2   7   0.1374   0.0688   0.0894   0.0572   0.0351   0.0898  -0.40    1.2
2026/04/23 07:42:16.700   3509397.4967    779163.6547   5250987.8758   2   7   0.1373   0.0688   0.0894   0.0572   0.0351   0.0897  -0.30    1.2
2026/04/23 07:42:16.800   3509397.5008    779163.7481   5250987.8582   2   7   0.1373   0.0688   0.0893   0.0572   0.0351   0.0897  -0.20    1.2
2026/04/23 07:42:16.900   3509397.5039    779163.8404   5250987.8437   2   7   0.1373   0.0688   0.0893   0.0572   0.0351   0.0897  -0.10    1.2
2026/04/23 07:42:17.000   3509397.5091    779163.9391   5250987.8223   2   7   0.1373   0.0687   0.0893   0.0572   0.0351   0.0897   0.00    1.2
2026/04/23 07:42:17.100   3509397.5111    779164.0334   5250987.8057   2   7   0.1373   0.0687   0.0893   0.0572   0.0351   0.0897   0.10    1.2
2026/04/23 07:42:17.200   3509397.5194    779164.1305   5250987.7863   2   7   0.1373   0.0687   0.0893   0.0572   0.0350   0.0897   0.20    1.2
2026/04/23 07:42:17.300   3509397.5254    779164.2238   5250987.7676   2   7   0.1373   0.0687   0.0893   0.0572   0.0350   0.0897   0.30    1.2
2026/04/23 07:42:17.400   3509397.5293    779164.3224   5250987.7473   2   7   0.1373   0.0687   0.0893   0.0572   0.0350   0.0897   0.40    1.2
2026/04/23 07:42:17.500   3509397.5338    779164.4195   5250987.7251   2   7   0.1372   0.0687   0.0893   0.0572   0.0350   0.0897  -0.50    1.2
2026/04/23 07:42:17.600   3509397.5407    779164.5172   5250987.7030   2   7   0.1372   0.0687   0.0893   0.0572   0.0350   0.0897  -0.40    1.2
2026/04/23 07:42:17.700   3509397.5491    779164.6144   5250987.6812   2   7   0.1372   0.0687   0.0892   0.0571   0.0350   0.0897  -0.30    1.2
2026/04/23 07:42:17.800   3509397.5568    779164.7058   5250987.6660   2   7   0.1372   0.0686   0.0892   0.0571   0.0350   0.0897  -0.20    1.2
2026/04/23 07:42:17.900   3509397.5654    779164.7940   5250987.6457   2   7   0.1372   0.0686   0.0892   0.0571   0.0350   0.0897  -0.10    1.2
2026/04/23 07:42:18.000   3509397.5699    779164.8816   5250987.6251   2   7   0.1372   0.0686   0.0892   0.0571   0.0350   0.0897   0.00    1.2
2026/04/23 07:42:18.100   3509397.5776    779164.9763   5250987.6027   2   7   0.1372   0.0686   0.0892   0.0571   0.0350   0.0897   0.10    1.2
2026/04/23 07:42:18.200   3509397.5914    779165.0696   5250987.5804   2   7   0.1372   0.0686   0.0892   0.0571   0.0350   0.0897   0.20    1.2
2026/04/23 07:42:18.300   3509397.6007    779165.1619   5250987.5595   2   7   0.1371   0.0686   0.0892   0.0571   0.0350   0.0896   0.30    1.2
2026/04/23 07:42:18.400   3509397.6067    779165.2658   5250987.5379   2   7   0.1371   0.0686   0.0892   0.0571   0.0350   0.0896   0.40    1.2
2026/04/23 07:42:18.500   3509397.6101    779165.3631   5250987.5211   2   7   0.1371   0.0686   0.0892   0.0571   0.0350   0.0896  -0.50    1.2
2026/04/23 07:42:18.600   3509397.6204    779165.4651   5250987.4957   2   7   0.1371   0.0686   0.0892   0.0571   0.0349   0.0896  -0.40    1.3
2026/04/23 07:42:18.700   3509397.6309    779165.5679   5250987.4713   2   6   0.1371   0.0687   0.0892   0.0571   0.0348   0.0896  -0.30    1.4
2026/04/23 07:42:18.800   3509397.6424    779165.6665   5250987.4456   2   6   0.1371   0.0687   0.0892   0.0571   0.0348   0.0896  -0.20    1.4
2026/04/23 07:42:18.900   3509397.6610    779165.7667   5250987.4224   2   6   0.1371   0.0687   0.0892   0.0571   0.0347   0.0896  -0.10    1.4
2026/04/23 07:42:19.000   3509397.6831    779165.8627   5250987.3931   2   6   0.1371   0.0687   0.0892   0.0571   0.0347   0.0896   0.00    1.4
2026/04/23 07:42:19.100   3509397.7065    779165.9467   5250987.3628   2   6   0.1370   0.0687   0.0892   0.0571   0.0347   0.0896   0.10    1.4
2026/04/23 07:42:19.200   3509397.7331    779166.0296   5250987.3341   2   6   0.1370   0.0687   0.0892   0.0570   0.0347   0.0896   0.20    1.4
2026/04/23 07:42:19.300   3509397.7689    779166.1058   5250987.2984   2   6   0.1370   0.0686   0.0892   0.0570   0.0347   0.0896   0.30    1.4
2026/04/23 07:42:19.400   3509397.8093    779166.1788   5250987.2611   2   6   0.1371   0.0687   0.0893   0.0571   0.0346   0.0895   0.40    1.7
2026/04/23 07:42:19.500   3509397.8613    779166.2506   5250987.2147   2   6   0.1371   0.0687   0.0894   0.0572   0.0345   0.0894  -0.50    1.6
2026/04/23 07:42:19.600   3509397.9177    779166.3212   5250987.1674   2   6   0.1372   0.0687   0.0894   0.0572   0.0344   0.0893  -0.40    1.5
2026/04/23 07:42:19.700   3509397.9782    779166.3811   5250987.1196   2   6   0.1372   0.0687   0.0894   0.0572   0.0344   0.0893  -0.30    1.4
2026/04/23 07:42:19.800   3509398.0402    779166.4436   5250987.0679   2   6   0.1371   0.0687   0.0894   0.0572   0.0344   0.0893  -0.20    1.4
2026/04/23 07:42:19.900   3509398.1125    779166.5064   5250987.0139   2   7   0.1371   0.0686   0.0894   0.0572   0.0344   0.0893  -0.10    1.5
2026/04/23 07:42:20.000   3509398.1844    779166.5608   5250986.9557   2   6   0.1371   0.0686   0.0893   0.0572   0.0344   0.0894   0.00    1.2
2026/04/23 07:42:20.100   3509398.2634    779166.6057   5250986.8978   2   6   0.1371   0.0686   0.0893   0.0571   0.0344   0.0894   0.10    1.2
2026/04/23 07:42:20.200   3509398.3417    779166.6449   5250986.8410   2   6   0.1370   0.0686   0.0893   0.0571   0.0345   0.0894   0.20    1.1
2026/04/23 07:42:20.300   3509398.4174    779166.6815   5250986.7846   2   6   0.1370   0.0686   0.0892   0.0571   0.0345   0.0894   0.30    1.1
2026/04/23 07:42:20.400   3509398.4946    779166.7163   5250986.7266   2   6   0.1370   0.0686   0.0892   0.0571   0.0345   0.0894   0.40    1.1
2026/04/23 07:42:20.500   3509398.5756    779166.7477   5250986.6650   2   6   0.1370   0.0686   0.0892   0.0571   0.0345   0.0894  -0.50    1.0
2026/04/23 07:42:20.600   3509398.6619    779166.7721   5250986.6057   2   6   0.1369   0.0685   0.0892   0.0570   0.0345   0.0894  -0.40    1.0
2026/04/23 07:42:20.700   3509398.7414    779166.7872   5250986.5490   2   6   0.1369   0.0685   0.0891   0.0570   0.0345   0.0895  -0.30    1.0
2026/04/23 07:42:20.800   3509398.8178    779166.7988   5250986.4951   2   6   0.1369   0.0685   0.0891   0.0570   0.0345   0.0895  -0.20    1.1
2026/04/23 07:42:20.900   3509398.9057    779166.8163   5250986.4356   2   6   0.1369   0.0685   0.0891   0.0570   0.0345   0.0895  -0.10    1.1
2026/04/23 07:42:21.000   3509398.9888    779166.8273   5250986.3782   2   7   0.1369   0.0685   0.0891   0.0570   0.0345   0.0895   0.00    1.2
2026/04/23 07:42:21.100   3509399.0744    779166.8324   5250986.3176   2   6   0.1369   0.0685   0.0891   0.0570   0.0345   0.0895   0.10    1.2
2026/04/23 07:42:21.200   3509399.1606    779166.8282   5250986.2639   2   7   0.1368   0.0685   0.0891   0.0570   0.0345   0.0895   0.20    1.3
2026/04/23 07:42:21.300   3509399.2498    779166.8274   5250986.2067   2   7   0.1368   0.0684   0.0891   0.0570   0.0345   0.0895   0.30    1.4
2026/04/23 07:42:21.400   3509399.3283    779166.8328   5250986.1552   2   6   0.1368   0.0684   0.0891   0.0570   0.0345   0.0894   0.40    1.3
2026/04/23 07:42:21.500   3509399.4082    779166.8412   5250986.0976   2   6   0.1368   0.0684   0.0890   0.0570   0.0345   0.0894  -0.50    1.3
2026/04/23 07:42:21.600   3509399.4922    779166.8567   5250986.0396   2   7   0.1368   0.0684   0.0890   0.0570   0.0345   0.0894  -0.40    1.5
2026/04/23 07:42:21.700   3509399.5762    779166.8744   5250985.9772   2   7   0.1368   0.0684   0.0890   0.0570   0.0345   0.0894  -0.30    1.6
2026/04/23 07:42:21.800   3509399.6558    779166.8910   5250985.9201   2   7   0.1368   0.0684   0.0890   0.0570   0.0346   0.0894  -0.20    1.7
2026/04/23 07:42:21.900   3509399.7408    779166.9063   5250985.8596   2   6   0.1368   0.0684   0.0890   0.0570   0.0345   0.0894  -0.10    1.4
2026/04/23 07:42:22.000   3509399.8238    779166.9191   5250985.8006   2   6   0.1368   0.0684   0.0891   0.0570   0.0344   0.0893   0.00    1.8
2026/04/23 07:42:22.100   3509399.9017    779166.9269   5250985.7445   2   7   0.1369   0.0684   0.0892   0.0571   0.0344   0.0893   0.10    1.5
2026/04/23 07:42:22.200   3509399.9802    779166.9350   5250985.6875   2   7   0.1369   0.0684   0.0892   0.0571   0.0343   0.0892   0.20    1.4
2026/04/23 07:42:22.300   3509400.0617    779166.9413   5250985.6293   2   6   0.1369   0.0684   0.0893   0.0571   0.0343   0.0892   0.30    1.6
2026/04/23 07:42:22.400   3509400.1441    779166.9473   5250985.5695   2   6   0.1369   0.0684   0.0893   0.0571   0.0343   0.0892   0.40    1.5
2026/04/23 07:42:22.500   3509400.2254    779166.9535   5250985.5126   2   6   0.1368   0.0684   0.0893   0.0571   0.0343   0.0892  -0.50    1.5
2026/04/23 07:42:22.600   3509400.3091    779166.9587   5250985.4505   2   6   0.1368   0.0683   0.0892   0.0570   0.0343   0.0892  -0.40    1.4
2026/04/23 07:42:22.700   3509400.3944    779166.9507   5250985.3921   2   7   0.1368   0.0683   0.0892   0.0570   0.0344   0.0892  -0.30    1.1
2026/04/23 07:42:22.800   3509400.4737    779166.9454   5250985.3390   2   6   0.1368   0.0683   0.0892   0.0570   0.0344   0.0893  -0.20    1.3
2026/04/23 07:42:22.900   3509400.5613    779166.9389   5250985.2773   2   6   0.1368   0.0683   0.0892   0.0570   0.0344   0.0892  -0.10    1.7
2026/04/23 07:42:23.000   3509400.6519    779166.9349   5250985.2141   2   6   0.1368   0.0683   0.0892   0.0570   0.0343   0.0892   0.00    1.5
2026/04/23 07:42:23.100   3509400.7443    779166.9299   5250985.1529   2   6   0.1368   0.0683   0.0892   0.0570   0.0343   0.0892   0.10    1.3
2026/04/23 07:42:23.200   3509400.8329    779166.9292   5250985.0954   2   6   0.1368   0.0683   0.0892   0.0570   0.0343   0.0892   0.20    1.2
2026/04/23 07:42:23.300   3509400.9184    779166.9222   5250985.0339   2   6   0.1368   0.0683   0.0892   0.0570   0.0343   0.0892   0.30    1.1
2026/04/23 07:42:23.400   3509400.9983    779166.9205   5250984.9774   2   6   0.1367   0.0683   0.0892   0.0570   0.0343   0.0892   0.40    1.1
2026/04/23 07:42:23.500   3509401.0842    779166.9240   5250984.9209   2   5   0.1368   0.0683   0.0892   0.0570   0.0343   0.0892  -0.50    2.0
2026/04/23 07:42:23.600   3509401.1707    779166.9201   5250984.8631   2   5   0.1368   0.0683   0.0893   0.0571   0.0342   0.0891  -0.40    2.0
2026/04/23 07:42:23.700   3509401.2586    779166.9126   5250984.8052   2   5   0.1368   0.0683   0.0893   0.0571   0.0342   0.0891  -0.30    2.0
2026/04/23 07:42:23.800   3509401.3448    779166.9020   5250984.7475   2   5   0.1368   0.0683   0.0893   0.0571   0.0342   0.0891  -0.20    2.0
2026/04/23 07:42:23.900   3509401.4298    779166.8886   5250984.6958   2   5   0.1368   0.0683   0.0893   0.0571   0.0341   0.0891  -0.10    2.0
2026/04/23 07:42:24.000   3509401.5125    779166.8778   5250984.6422   2   5   0.1368   0.0683   0.0893   0.0571   0.0341   0.0891   0.00    2.0
2026/04/23 07:42:24.100   3509401.6026    779166.8665   5250984.5833   2   5   0.1368   0.0682   0.0893   0.0571   0.0341   0.0891   0.10    2.0
2026/04/23 07:42:24.200   3509401.6945    779166.8569   5250984.5232   2   5   0.1368   0.0682   0.0893   0.0571   0.0341   0.0890   0.20    2.0
2026/04/23 07:42:24.300   3509401.7887    779166.8525   5250984.4635   2   5   0.1367   0.0682   0.0893   0.0571   0.0341   0.0890   0.30    2.0
2026/04/23 07:42:24.400   3509401.8800    779166.8463   5250984.4024   2   5   0.1367   0.0682   0.0893   0.0571   0.0341   0.0890   0.40    2.0
2026/04/23 07:42:24.500   3509401.9698    779166.8418   5250984.3464   2   5   0.1367   0.0682   0.0893   0.0571   0.0341   0.0890  -0.50    2.0
2026/04/23 07:42:24.600   3509402.0494    779166.8289   5250984.2929   2   5   0.1367   0.0682   0.0893   0.0571   0.0341   0.0890  -0.40    2.0
2026/04/23 07:42:24.700   3509402.1276    779166.8176   5250984.2432   2   5   0.1367   0.0682   0.0893   0.0571   0.0341   0.0890  -0.30    2.0
2026/04/23 07:42:24.800   3509402.2162    779166.8103   5250984.1879   2   5   0.1367   0.0682   0.0893   0.0571   0.0341   0.0890  -0.20    2.0
2026/04/23 07:42:24.900   3509402.2960    779166.7948   5250984.1379   2   5   0.1367   0.0682   0.0893   0.0571   0.0341   0.0890  -0.10    2.0
2026/04/23 07:42:25.000   3509402.3927    779166.7753   5250984.0726   2   5   0.1367   0.0682   0.0893   0.0571   0.0341   0.0890   0.00    2.0
2026/04/23 07:42:25.100   3509402.4794    779166.7578   5250984.0176   2   5   0.1367   0.0682   0.0893   0.0571   0.0341   0.0890   0.10    2.0
2026/04/23 07:42:25.200   3509402.5694    779166.7474   5250983.9585   2   5   0.1367   0.0682   0.0893   0.0571   0.0341   0.0890   0.20    2.0
2026/04/23 07:42:25.300   3509402.6549    779166.7362   5250983.9061   2   5   0.1367   0.0682   0.0893   0.0571   0.0341   0.0890   0.30    2.0
2026/04/23 07:42:25.400   3509402.7430    779166.7227   5250983.8475   2   5   0.1367   0.0682   0.0893   0.0571   0.0341   0.0890   0.40    2.0
2026/04/23 07:42:25.500   3509402.8281    779166.7089   5250983.7892   2   5   0.1367   0.0682   0.0893   0.0571   0.0341   0.0890  -0.50    2.0
2026/04/23 07:42:25.600   3509402.9144    779166.6931   5250983.7328   2   5   0.1366   0.0681   0.0893   0.0571   0.0341   0.0890  -0.40    2.0
2026/04/23 07:42:25.700   3509403.0039    779166.6799   5250983.6716   2   5   0.1366   0.0681   0.0892   0.0571   0.0341   0.0890  -0.30    2.0
2026/04/23 07:42:25.800   3509403.0881    779166.6690   5250983.6131   2   5   0.1366   0.0681   0.0892   0.0571   0.0340   0.0890  -0.20    2.0
2026/04/23 07:42:25.900   3509403.1752    779166.6630   5250983.5543   2   5   0.1366   0.0681   0.0892   0.0571   0.0340   0.0890  -0.10    2.0
2026/04/23 07:42:26.000   3509403.2614    779166.6535   5250983.4904   2   5   0.1366   0.0681   0.0892   0.0571   0.0340   0.0890   0.00    2.0
2026/04/23 07:42:26.100   3509403.3507    779166.6431   5250983.4351   2   5   0.1366   0.0681   0.0892   0.0571   0.0340   0.0890   0.10    2.0
2026/04/23 07:42:26.200   3509403.4412    779166.6332   5250983.3775   2   5   0.1366   0.0681   0.0892   0.0571   0.0340   0.0889   0.20    2.0
2026/04/23 07:42:26.300   3509403.5306    779166.6205   5250983.3239   2   5   0.1365   0.0681   0.0892   0.0571   0.0340   0.0889   0.30    2.0
2026/04/23 07:42:26.400   3509403.6236    779166.6092   5250983.2660   2   6   0.1365   0.0681   0.0892   0.0571   0.0340   0.0889   0.40    1.6
2026/04/23 07:42:26.500   3509403.7098    779166.5967   5250983.2111   2   6   0.1365   0.0681   0.0892   0.0571   0.0340   0.0889  -0.50    1.6
2026/04/23 07:42:26.600   3509403.8034    779166.5776   5250983.1488   2   6   0.1365   0.0681   0.0892   0.0571   0.0340   0.0889  -0.40    1.9
2026/04/23 07:42:26.700   3509403.8997    779166.5595   5250983.0817   2   6   0.1365   0.0681   0.0892   0.0571   0.0340   0.0889  -0.30    1.6
2026/04/23 07:42:26.800   3509403.9945    779166.5492   5250983.0176   2   6   0.1365   0.0681   0.0892   0.0571   0.0340   0.0889  -0.20    1.9
2026/04/23 07:42:26.900   3509404.0833    779166.5460   5250982.9627   2   6   0.1364   0.0680   0.0892   0.0571   0.0340   0.0889  -0.10    1.8
2026/04/23 07:42:27.000   3509404.1692    779166.5395   5250982.9114   2   6   0.1364   0.0680   0.0892   0.0571   0.0340   0.0889   0.00    1.7
2026/04/23 07:42:27.100   3509404.2531    779166.5283   5250982.8573   2   6   0.1364   0.0680   0.0892   0.0571   0.0340   0.0889   0.10    1.7
2026/04/23 07:42:27.200   3509404.3411    779166.5138   5250982.7994   2   6   0.1363   0.0680   0.0891   0.0571   0.0340   0.0889   0.20    1.6
2026/04/23 07:42:27.300   3509404.4347    779166.4981   5250982.7343   2   6   0.1363   0.0680   0.0891   0.0571   0.0340   0.0888   0.30    1.5
2026/04/23 07:42:27.400   3509404.5292    779166.4847   5250982.6715   2   6   0.1363   0.0680   0.0891   0.0572   0.0340   0.0888   0.40    1.5
2026/04/23 07:42:27.500   3509404.6120    779166.4667   5250982.6186   2   6   0.1362   0.0680   0.0891   0.0572   0.0340   0.0888  -0.50    1.4
2026/04/23 07:42:27.600   3509404.6975    779166.4541   5250982.5622   2   7   0.1362   0.0680   0.0891   0.0572   0.0340   0.0888  -0.40    1.0
2026/04/23 07:42:27.700   3509404.7799    779166.4365   5250982.5067   2   7   0.1361   0.0679   0.0891   0.0572   0.0340   0.0888  -0.30    1.1
2026/04/23 07:42:27.800   3509404.8698    779166.4113   5250982.4504   2   7   0.1361   0.0679   0.0891   0.0572   0.0340   0.0888  -0.20    1.1
2026/04/23 07:42:27.900   3509404.9578    779166.3854   5250982.3983   2   7   0.1361   0.0679   0.0891   0.0572   0.0340   0.0888  -0.10    1.1
2026/04/23 07:42:28.000   3509405.0520    779166.3658   5250982.3476   2   7   0.1360   0.0679   0.0891   0.0571   0.0341   0.0888   0.00    1.1
2026/04/23 07:42:28.100   3509405.1393    779166.3524   5250982.2982   2   7   0.1360   0.0678   0.0890   0.0571   0.0341   0.0888   0.10    1.0
2026/04/23 07:42:28.200   3509405.2243    779166.3375   5250982.2503   2   6   0.1360   0.0678   0.0890   0.0571   0.0341   0.0887   0.20    1.2
2026/04/23 07:42:28.300   3509405.3132    779166.3192   5250982.1959   2   6   0.1359   0.0678   0.0890   0.0571   0.0341   0.0887   0.30    1.1
2026/04/23 07:42:28.400   3509405.4112    779166.3076   5250982.1433   2   7   0.1359   0.0678   0.0890   0.0570   0.0342   0.0887   0.40    1.1
2026/04/23 07:42:28.500   3509405.5063    779166.2899   5250982.0868   2   7   0.1358   0.0677   0.0889   0.0570   0.0343   0.0887  -0.50    1.1
2026/04/23 07:42:28.600   3509405.6038    779166.2757   5250982.0240   2   7   0.1358   0.0677   0.0889   0.0570   0.0343   0.0887  -0.40    1.1
2026/04/23 07:42:28.700   3509405.6964    779166.2653   5250981.9700   2   7   0.1358   0.0677   0.0889   0.0570   0.0343   0.0887  -0.30    1.1
2026/04/23 07:42:28.800   3509405.7914    779166.2535   5250981.9184   2   6   0.1358   0.0677   0.0889   0.0570   0.0342   0.0887  -0.20    1.0
2026/04/23 07:42:28.900   3509405.8825    779166.2385   5250981.8545   2   7   0.1357   0.0677   0.0888   0.0570   0.0343   0.0887  -0.10    1.2
2026/04/23 07:42:29.000   3509405.9639    779166.2272   5250981.7982   2   7   0.1357   0.0676   0.0888   0.0569   0.0343   0.0887   0.00    1.2
2026/04/23 07:42:29.100   3509406.0489    779166.2216   5250981.7359   2   7   0.1357   0.0676   0.0888   0.0569   0.0343   0.0887   0.10    1.2
2026/04/23 07:42:29.200   3509406.1319    779166.2092   5250981.6801   2   8   0.1356   0.0676   0.0888   0.0569   0.0344   0.0887   0.20    1.3
2026/04/23 07:42:29.300   3509406.2221    779166.1913   5250981.6215   2   8   0.1356   0.0676   0.0887   0.0569   0.0344   0.0887   0.30    1.3
2026/04/23 07:42:29.400   3509406.3076    779166.1725   5250981.5693   2   6   0.1356   0.0676   0.0888   0.0570   0.0343   0.0886   0.40    1.2
2026/04/23 07:42:29.500   3509406.3936    779166.1531   5250981.5116   2   8   0.1356   0.0676   0.0887   0.0569   0.0343   0.0886  -0.50    1.4
2026/04/23 07:42:29.600   3509406.4794    779166.1376   5250981.4570   2   8   0.1355   0.0676   0.0887   0.0569   0.0344   0.0887  -0.40    1.4
2026/04/23 07:42:29.700   3509406.5573    779166.1157   5250981.4037   2   8   0.1355   0.0675   0.0886   0.0569   0.0344   0.0887  -0.30    1.4
2026/04/23 07:42:29.800   3509406.6446    779166.0957   5250981.3488   2   8   0.1355   0.0675   0.0886   0.0569   0.0344   0.0887  -0.20    1.4
2026/04/23 07:42:29.900   3509406.7353    779166.0754   5250981.2875   2   8   0.1354   0.0675   0.0886   0.0568   0.0344   0.0887  -0.10    1.4
2026/04/23 07:42:30.000   3509406.8272    779166.0575   5250981.2297   2   8   0.1354   0.0675   0.0886   0.0568   0.0344   0.0887   0.00    1.4
2026/04/23 07:42:30.100   3509406.9211    779166.0462   5250981.1662   2   8   0.1354   0.0675   0.0886   0.0568   0.0345   0.0886   0.10    1.5
2026/04/23 07:42:30.200   3509407.0142    779166.0443   5250981.1038   2   7   0.1355   0.0675   0.0887   0.0568   0.0345   0.0885   0.20    1.2
2026/04/23 07:42:30.300   3509407.1073    779166.0452   5250981.0408   2   8   0.1354   0.0675   0.0887   0.0567   0.0346   0.0885   0.30    1.4
2026/04/23 07:42:30.400   3509407.1975    779166.0382   5250980.9769   2   8   0.1354   0.0675   0.0887   0.0567   0.0346   0.0885   0.40    1.3
2026/04/23 07:42:30.500   3509407.2887    779166.0299   5250980.9187   2   8   0.1354   0.0675   0.0886   0.0567   0.0346   0.0885  -0.50    1.3
2026/04/23 07:42:30.600   3509407.3856    779166.0219   5250980.8521   2   8   0.1353   0.0674   0.0886   0.0567   0.0346   0.0885  -0.40    1.2
2026/04/23 07:42:30.700   3509407.4775    779166.0121   5250980.7905   2   8   0.1353   0.0674   0.0886   0.0567   0.0346   0.0885  -0.30    1.2
2026/04/23 07:42:30.800   3509407.5667    779166.0008   5250980.7314   2   8   0.1353   0.0674   0.0886   0.0567   0.0346   0.0885  -0.20    1.4
2026/04/23 07:42:30.900   3509407.6572    779165.9847   5250980.6765   2   8   0.1352   0.0674   0.0886   0.0567   0.0346   0.0885  -0.10    1.4
2026/04/23 07:42:31.000   3509407.7465    779165.9662   5250980.6228   2   8   0.1352   0.0674   0.0885   0.0567   0.0346   0.0885   0.00    1.3
2026/04/23 07:42:31.100   3509407.8325    779165.9509   5250980.5688   2   8   0.1352   0.0674   0.0885   0.0567   0.0345   0.0885   0.10    1.3
2026/04/23 07:42:31.200   3509407.9272    779165.9323   5250980.5115   2   8   0.1352   0.0674   0.0885   0.0567   0.0345   0.0885   0.20    1.2
2026/04/23 07:42:31.300   3509408.0169    779165.9182   5250980.4574   2   8   0.1351   0.0674   0.0885   0.0567   0.0345   0.0885   0.30    1.2
2026/04/23 07:42:31.400   3509408.1010    779165.8983   5250980.4046   2   8   0.1351   0.0673   0.0885   0.0567   0.0345   0.0885   0.40    1.1
2026/04/23 07:42:31.500   3509408.1894    779165.8775   5250980.3504   2   8   0.1351   0.0673   0.0884   0.0567   0.0345   0.0885  -0.50    1.1
2026/04/23 07:42:31.600   3509408.2810    779165.8570   5250980.2921   2   8   0.1350   0.0673   0.0884   0.0567   0.0345   0.0885  -0.40    1.1
2026/04/23 07:42:31.700   3509408.3745    779165.8415   5250980.2358   2   8   0.1350   0.0673   0.0884   0.0567   0.0345   0.0885  -0.30    1.0
2026/04/23 07:42:31.800   3509408.4674    779165.8255   5250980.1821   2   8   0.1350   0.0673   0.0884   0.0567   0.0345   0.0885  -0.20    1.0
2026/04/23 07:42:31.900   3509408.5619    779165.8051   5250980.1276   2   8   0.1350   0.0673   0.0884   0.0567   0.0345   0.0885  -0.10    1.0
2026/04/23 07:42:32.000   3509408.6527    779165.7860   5250980.0666   2   8   0.1349   0.0673   0.0884   0.0567   0.0345   0.0885   0.00    1.0
2026/04/23 07:42:32.100   3509408.7440    779165.7764   5250980.0117   2   8   0.1349   0.0672   0.0883   0.0567   0.0345   0.0885   0.10    1.1
2026/04/23 07:42:32.200   3509408.8337    779165.7659   5250979.9587   2   8   0.1349   0.0672   0.0883   0.0567   0.0345   0.0885   0.20    1.1
2026/04/23 07:42:32.300   3509408.9290    779165.7518   5250979.9026   2   8   0.1349   0.0672   0.0883   0.0567   0.0344   0.0885   0.30    1.1
2026/04/23 07:42:32.400   3509409.0298    779165.7375   5250979.8433   2   8   0.1349   0.0672   0.0883   0.0567   0.0344   0.0885   0.40    1.1
2026/04/23 07:42:32.500   3509409.1245    779165.7232   5250979.7869   2   8   0.1348   0.0672   0.0883   0.0567   0.0344   0.0884  -0.50    1.1
2026/04/23 07:42:32.600   3509409.2144    779165.7113   5250979.7344   2   8   0.1349   0.0672   0.0883   0.0567   0.0344   0.0884  -0.40    1.1
2026/04/23 07:42:32.700   3509409.3105    779165.6948   5250979.6776   2   8   0.1350   0.0672   0.0883   0.0567   0.0344   0.0885  -0.30    1.1
2026/04/23 07:42:32.800   3509409.4015    779165.6757   5250979.6203   2   8   0.1350   0.0672   0.0883   0.0566   0.0344   0.0885  -0.20    1.1
2026/04/23 07:42:32.900   3509409.4968    779165.6530   5250979.5640   2   8   0.1350   0.0672   0.0883   0.0566   0.0344   0.0885  -0.10    1.0
2026/04/23 07:42:33.000   3509409.5918    779165.6291   5250979.5072   2   8   0.1350   0.0671   0.0883   0.0567   0.0344   0.0885   0.00    1.0
2026/04/23 07:42:33.100   3509409.6886    779165.6053   5250979.4545   2   8   0.1350   0.0671   0.0882   0.0567   0.0344   0.0885   0.10    1.0
2026/04/23 07:42:33.200   3509409.7859    779165.5883   5250979.3968   2   8   0.1350   0.0672   0.0883   0.0567   0.0344   0.0885   0.20    1.2
2026/04/23 07:42:33.300   3509409.8803    779165.5744   5250979.3413   2   8   0.1349   0.0672   0.0883   0.0567   0.0343   0.0885   0.30    1.0
2026/04/23 07:42:33.400   3509409.9784    779165.5669   5250979.2737   2   8   0.1349   0.0672   0.0883   0.0568   0.0343   0.0885   0.40    1.1
2026/04/23 07:42:33.500   3509410.0770    779165.5618   5250979.2080   2   8   0.1349   0.0672   0.0883   0.0568   0.0343   0.0885  -0.50    1.2
2026/04/23 07:42:33.600   3509410.1717    779165.5491   5250979.1484   2   8   0.1348   0.0672   0.0883   0.0568   0.0343   0.0885  -0.40    1.3
2026/04/23 07:42:33.700   3509410.2680    779165.5320   5250979.0853   2   8   0.1348   0.0672   0.0883   0.0567   0.0343   0.0885  -0.30    1.0
2026/04/23 07:42:33.800   3509410.3555    779165.5140   5250979.0247   2   8   0.1348   0.0671   0.0883   0.0567   0.0343   0.0885  -0.20    1.1
2026/04/23 07:42:33.900   3509410.4512    779165.5002   5250978.9656   2   8   0.1348   0.0671   0.0883   0.0567   0.0344   0.0885  -0.10    1.2
2026/04/23 07:42:34.000   3509410.5548    779165.4824   5250978.9041   2   8   0.1348   0.0671   0.0882   0.0567   0.0344   0.0885   0.00    1.2
2026/04/23 07:42:34.100   3509410.6536    779165.4604   5250978.8430   2   8   0.1348   0.0671   0.0882   0.0566   0.0344   0.0885   0.10    1.0
2026/04/23 07:42:34.200   3509410.7534    779165.4449   5250978.7813   2   8   0.1348   0.0671   0.0882   0.0566   0.0344   0.0885   0.20    1.0
2026/04/23 07:42:34.300   3509410.8478    779165.4313   5250978.7147   2   8   0.1348   0.0670   0.0882   0.0566   0.0344   0.0885   0.30    1.0
2026/04/23 07:42:34.400   3509410.9578    779165.4187   5250978.6497   2   8   0.1348   0.0670   0.0882   0.0566   0.0344   0.0885   0.40    1.0
2026/04/23 07:42:34.500   3509411.0701    779165.4028   5250978.5827   2   8   0.1348   0.0670   0.0882   0.0566   0.0344   0.0885  -0.50    1.0
2026/04/23 07:42:34.600   3509411.1694    779165.3826   5250978.5182   2   8   0.1348   0.0670   0.0882   0.0566   0.0344   0.0885  -0.40    1.0
2026/04/23 07:42:34.700   3509411.2700    779165.3658   5250978.4537   2   8   0.1347   0.0671   0.0882   0.0566   0.0344   0.0885  -0.30    1.4
2026/04/23 07:42:34.800   3509411.3697    779165.3494   5250978.3932   2   8   0.1347   0.0671   0.0882   0.0566   0.0343   0.0884  -0.20    1.4
2026/04/23 07:42:34.900   3509411.4685    779165.3288   5250978.3335   2   8   0.1347   0.0671   0.0882   0.0566   0.0343   0.0884  -0.10    1.2
2026/04/23 07:42:35.000   3509411.5492    779165.3083   5250978.2773   2   8   0.1347   0.0671   0.0882   0.0566   0.0343   0.0884   0.00    1.0
2026/04/23 07:42:35.100   3509411.6460    779165.2904   5250978.2171   2   7   0.1348   0.0671   0.0883   0.0565   0.0342   0.0885   0.10    1.1
2026/04/23 07:42:35.200   3509411.7395    779165.2810   5250978.1530   2   8   0.1347   0.0671   0.0882   0.0565   0.0342   0.0885   0.20    1.2
2026/04/23 07:42:35.300   3509411.8254    779165.2721   5250978.0881   2   8   0.1347   0.0670   0.0882   0.0566   0.0342   0.0885   0.30    1.5
2026/04/23 07:42:35.400   3509411.9148    779165.2585   5250978.0277   2   8   0.1346   0.0670   0.0882   0.0566   0.0342   0.0885   0.40    1.7
2026/04/23 07:42:35.500   3509412.0132    779165.2456   5250977.9653   2   7   0.1346   0.0670   0.0882   0.0566   0.0343   0.0884  -0.50    1.8
2026/04/23 07:42:35.600   3509412.1045    779165.2325   5250977.9049   2   7   0.1346   0.0670   0.0882   0.0566   0.0343   0.0884  -0.40    1.7
2026/04/23 07:42:35.700   3509412.1994    779165.2129   5250977.8478   2   7   0.1345   0.0670   0.0882   0.0566   0.0343   0.0884  -0.30    1.7
2026/04/23 07:42:35.800   3509412.3065    779165.1840   5250977.7937   2   7   0.1345   0.0670   0.0882   0.0566   0.0343   0.0884  -0.20    1.7
2026/04/23 07:42:35.900   3509412.4050    779165.1670   5250977.7318   2   6   0.1346   0.0671   0.0882   0.0564   0.0341   0.0885  -0.10    1.2
2026/04/23 07:42:36.000   3509412.5204    779165.1360   5250977.6828   2   7   0.1345   0.0670   0.0882   0.0565   0.0342   0.0885   0.00    1.7
2026/04/23 07:42:36.100   3509412.6209    779165.1127   5250977.6227   2   6   0.1346   0.0671   0.0883   0.0564   0.0340   0.0886   0.10    1.1
2026/04/23 07:42:36.200   3509412.7222    779165.0926   5250977.5615   2   6   0.1347   0.0671   0.0884   0.0563   0.0339   0.0887   0.20    1.1
2026/04/23 07:42:36.300   3509412.8205    779165.0775   5250977.5017   2   6   0.1348   0.0671   0.0885   0.0562   0.0338   0.0888   0.30    1.1
2026/04/23 07:42:36.400   3509412.9199    779165.0614   5250977.4372   2   6   0.1349   0.0672   0.0886   0.0561   0.0336   0.0890   0.40    1.1
2026/04/23 07:42:36.500   3509413.0141    779165.0418   5250977.3785   2   6   0.1351   0.0672   0.0888   0.0560   0.0335   0.0892  -0.50    1.1
2026/04/23 07:42:36.600   3509413.1149    779165.0250   5250977.3175   2   6   0.1353   0.0672   0.0889   0.0559   0.0334   0.0893  -0.40    1.1
2026/04/23 07:42:36.700   3509413.2139    779165.0073   5250977.2612   2   6   0.1354   0.0672   0.0890   0.0558   0.0334   0.0895  -0.30    1.1
2026/04/23 07:42:36.800   3509413.3174    779164.9874   5250977.2004   2   6   0.1354   0.0672   0.0892   0.0559   0.0333   0.0897  -0.20    1.1
2026/04/23 07:42:36.900   3509413.4282    779164.9732   5250977.1350   2   6   0.1355   0.0671   0.0893   0.0559   0.0333   0.0898  -0.10    1.1
2026/04/23 07:42:37.000   3509413.5331    779164.9627   5250977.0660   2   6   0.1355   0.0671   0.0894   0.0559   0.0334   0.0899   0.00    1.0
2026/04/23 07:42:37.100   3509413.6362    779164.9454   5250977.0045   2   6   0.1355   0.0671   0.0895   0.0560   0.0334   0.0899   0.10    1.0
2026/04/23 07:42:37.200   3509413.7354    779164.9235   5250976.9467   2   6   0.1355   0.0671   0.0896   0.0561   0.0335   0.0900   0.20    1.0
2026/04/23 07:42:37.300   3509413.8280    779164.9114   5250976.8921   2   6   0.1354   0.0670   0.0896   0.0561   0.0335   0.0900   0.30    1.0
2026/04/23 07:42:37.400   3509413.9208    779164.8972   5250976.8356   2   6   0.1354   0.0670   0.0897   0.0562   0.0336   0.0900   0.40    1.0
2026/04/23 07:42:37.500   3509414.0186    779164.8815   5250976.7747   2   6   0.1353   0.0670   0.0897   0.0562   0.0336   0.0900  -0.50    1.0
2026/04/23 07:42:37.600   3509414.1169    779164.8564   5250976.7164   2   6   0.1353   0.0670   0.0897   0.0563   0.0337   0.0900  -0.40    1.0
2026/04/23 07:42:37.700   3509414.2170    779164.8356   5250976.6574   2   6   0.1352   0.0670   0.0897   0.0563   0.0337   0.0899  -0.30    1.0
2026/04/23 07:42:37.800   3509414.3187    779164.8200   5250976.5936   2   6   0.1351   0.0670   0.0897   0.0563   0.0338   0.0899  -0.20    1.0
2026/04/23 07:42:37.900   3509414.4152    779164.8086   5250976.5383   2   6   0.1351   0.0670   0.0896   0.0563   0.0338   0.0898  -0.10    1.1
2026/04/23 07:42:38.000   3509414.5117    779164.7952   5250976.4838   2   6   0.1350   0.0670   0.0896   0.0563   0.0338   0.0898   0.00    1.1
2026/04/23 07:42:38.100   3509414.6179    779164.7809   5250976.4333   2   6   0.1349   0.0669   0.0895   0.0563   0.0338   0.0897   0.10    1.1
2026/04/23 07:42:38.200   3509414.7064    779164.7676   5250976.3723   2   6   0.1349   0.0669   0.0895   0.0563   0.0338   0.0896   0.20    1.1
2026/04/23 07:42:38.300   3509414.8025    779164.7530   5250976.3070   2   6   0.1348   0.0669   0.0894   0.0563   0.0338   0.0896   0.30    1.1
2026/04/23 07:42:38.400   3509414.8950    779164.7393   5250976.2379   2   6   0.1348   0.0669   0.0893   0.0563   0.0338   0.0895   0.40    1.1
2026/04/23 07:42:38.500   3509414.9804    779164.7202   5250976.1705   2   6   0.1347   0.0669   0.0893   0.0563   0.0338   0.0894  -0.50    1.2
2026/04/23 07:42:38.600   3509415.0749    779164.6979   5250976.1067   2   6   0.1346   0.0669   0.0892   0.0563   0.0338   0.0894  -0.40    1.2
2026/04/23 07:42:38.700   3509415.1711    779164.6808   5250976.0404   2   7   0.1348   0.0669   0.0892   0.0561   0.0337   0.0894  -0.30    1.2
2026/04/23 07:42:38.800   3509415.2593    779164.6601   5250975.9795   2   8   0.1349   0.0670   0.0892   0.0560   0.0335   0.0895  -0.20    1.0
2026/04/23 07:42:38.900   3509415.3478    779164.6409   5250975.9217   2   7   0.1350   0.0670   0.0895   0.0559   0.0332   0.0895  -0.10    1.2
2026/04/23 07:42:39.000   3509415.4486    779164.6221   5250975.8609   2   8   0.1351   0.0671   0.0898   0.0559   0.0328   0.0896   0.00    1.3
2026/04/23 07:42:39.100   3509415.5375    779164.6045   5250975.7962   2   8   0.1351   0.0671   0.0901   0.0559   0.0325   0.0897   0.10    1.2
2026/04/23 07:42:39.200   3509415.6425    779164.5886   5250975.7301   2   8   0.1351   0.0670   0.0904   0.0559   0.0324   0.0898   0.20    1.1
2026/04/23 07:42:39.300   3509415.7452    779164.5755   5250975.6650   2   7   0.1351   0.0670   0.0906   0.0559   0.0324   0.0899   0.30    1.0
2026/04/23 07:42:39.400   3509415.8146    779164.5628   5250975.6226   2   7   0.1351   0.0669   0.0908   0.0559   0.0324   0.0900   0.40    1.0
2026/04/23 07:42:39.500   3509415.8710    779164.5500   5250975.5881   2   7   0.1350   0.0669   0.0909   0.0560   0.0325   0.0901  -0.50    1.1
2026/04/23 07:42:39.600   3509415.9180    779164.5396   5250975.5634   2   7   0.1350   0.0669   0.0910   0.0560   0.0326   0.0902  -0.40    1.1
2026/04/23 07:42:39.700   3509415.9525    779164.5330   5250975.5443   2   7   0.1350   0.0668   0.0911   0.0560   0.0328   0.0903  -0.30    1.2
2026/04/23 07:42:39.800   3509415.9727    779164.5286   5250975.5339   2   7   0.1349   0.0668   0.0911   0.0561   0.0329   0.0903  -0.20    1.2
2026/04/23 07:42:39.900   3509415.9787    779164.5281   5250975.5317   2   7   0.1349   0.0667   0.0911   0.0561   0.0331   0.0903  -0.10    1.3
2026/04/23 07:42:40.000   3509415.9733    779164.5308   5250975.5403   2   7   0.1348   0.0667   0.0911   0.0561   0.0332   0.0903   0.00    1.3
2026/04/23 07:42:40.100   3509415.9553    779164.5343   5250975.5541   2   7   0.1348   0.0667   0.0910   0.0562   0.0333   0.0903   0.10    1.2
2026/04/23 07:42:40.200   3509415.9278    779164.5317   5250975.5673   2   7   0.1347   0.0667   0.0909   0.0562   0.0333   0.0903   0.20    1.2
2026/04/23 07:42:40.300   3509415.9088    779164.5320   5250975.5732   2   7   0.1348   0.0668   0.0908   0.0564   0.0334   0.0902   0.30    1.3
2026/04/23 07:42:40.400   3509415.8960    779164.5370   5250975.5742   2   8   0.1349   0.0668   0.0907   0.0565   0.0336   0.0902   0.40    1.8
2026/04/23 07:42:40.500   3509415.8824    779164.5375   5250975.5786   2   7   0.1350   0.0668   0.0907   0.0567   0.0336   0.0902  -0.50    1.6
2026/04/23 07:42:40.600   3509415.8718    779164.5381   5250975.5786   2   7   0.1350   0.0669   0.0906   0.0568   0.0336   0.0901  -0.40    1.6
2026/04/23 07:42:40.700   3509415.8712    779164.5385   5250975.5797   2   7   0.1350   0.0669   0.0905   0.0568   0.0336   0.0901  -0.30    1.6
2026/04/23 07:42:40.800   3509415.8774    779164.5431   5250975.5763   2   8   0.1349   0.0667   0.0904   0.0567   0.0337   0.0901  -0.20    1.5
2026/04/23 07:42:40.900   3509415.8770    779164.5436   5250975.5764   2   8   0.1349   0.0667   0.0904   0.0566   0.0336   0.0899  -0.10    1.5
2026/04/23 07:42:41.000   3509415.8849    779164.5459   5250975.5747   2   8   0.1349   0.0667   0.0904   0.0566   0.0335   0.0898   0.00    1.4
2026/04/23 07:42:41.100   3509415.8903    779164.5443   5250975.5760   2   7   0.1349   0.0667   0.0904   0.0567   0.0334   0.0897   0.10    1.2
2026/04/23 07:42:41.200   3509415.9017    779164.5490   5250975.5696   2   8   0.1349   0.0666   0.0904   0.0566   0.0334   0.0897   0.20    1.3
2026/04/23 07:42:41.300   3509415.9139    779164.5522   5250975.5646   2   8   0.1348   0.0666   0.0904   0.0565   0.0334   0.0896   0.30    1.2
2026/04/23 07:42:41.400   3509415.9264    779164.5574   5250975.5569   2   8   0.1347   0.0666   0.0903   0.0565   0.0335   0.0896   0.40    1.2
2026/04/23 07:42:41.500   3509415.9412    779164.5624   5250975.5495   2   8   0.1347   0.0665   0.0902   0.0564   0.0335   0.0896  -0.50    1.2
2026/04/23 07:42:41.600   3509415.9532    779164.5639   5250975.5470   2   7   0.1346   0.0666   0.0902   0.0564   0.0334   0.0895  -0.40    1.1
2026/04/23 07:42:41.700   3509415.9577    779164.5628   5250975.5492   2   7   0.1346   0.0666   0.0902   0.0565   0.0333   0.0894  -0.30    1.1
2026/04/23 07:42:41.800   3509415.9581    779164.5605   5250975.5486   2   7   0.1346   0.0666   0.0902   0.0565   0.0332   0.0894  -0.20    1.1
2026/04/23 07:42:41.900   3509415.9550    779164.5601   5250975.5506   2   7   0.1345   0.0666   0.0902   0.0565   0.0331   0.0893  -0.10    1.1
2026/04/23 07:42:42.000   3509415.9522    779164.5598   5250975.5482   2   7   0.1345   0.0666   0.0902   0.0565   0.0331   0.0892   0.00    1.0
2026/04/23 07:42:42.100   3509415.9461    779164.5585   5250975.5458   2   7   0.1345   0.0666   0.0901   0.0565   0.0331   0.0892   0.10    1.0
2026/04/23 07:42:42.200   3509415.9395    779164.5580   5250975.5442   2   7   0.1344   0.0666   0.0901   0.0565   0.0331   0.0892   0.20    1.0
2026/04/23 07:42:42.300   3509415.9332    779164.5540   5250975.5434   2   7   0.1344   0.0666   0.0900   0.0565   0.0332   0.0892   0.30    1.1
2026/04/23 07:42:42.400   3509415.9284    779164.5518   5250975.5408   2   8   0.1343   0.0666   0.0900   0.0564   0.0332   0.0892   0.40    1.0
2026/04/23 07:42:42.500   3509415.9249    779164.5475   5250975.5401   2   7   0.1343   0.0665   0.0899   0.0564   0.0333   0.0892  -0.50    1.1
2026/04/23 07:42:42.600   3509415.9230    779164.5440   5250975.5422   2   7   0.1342   0.0665   0.0898   0.0564   0.0333   0.0892  -0.40    1.1
2026/04/23 07:42:42.700   3509415.9224    779164.5442   5250975.5423   2   8   0.1342   0.0665   0.0898   0.0563   0.0333   0.0892  -0.30    1.1
2026/04/23 07:42:42.800   3509415.9197    779164.5417   5250975.5427   2   7   0.1341   0.0665   0.0898   0.0563   0.0333   0.0892  -0.20    1.1
2026/04/23 07:42:42.900   3509415.9167    779164.5414   5250975.5403   2   7   0.1341   0.0665   0.0897   0.0563   0.0334   0.0892  -0.10    1.1
2026/04/23 07:42:43.000   3509415.9147    779164.5472   5250975.5366   2   8   0.1341   0.0664   0.0897   0.0563   0.0334   0.0892   0.00    1.1
2026/04/23 07:42:43.100   3509415.9105    779164.5470   5250975.5370   2   7   0.1341   0.0664   0.0897   0.0563   0.0334   0.0891   0.10    1.1
2026/04/23 07:42:43.200   3509415.9057    779164.5473   5250975.5372   2   7   0.1340   0.0664   0.0896   0.0563   0.0334   0.0891   0.20    1.1
2026/04/23 07:42:43.300   3509415.9032    779164.5481   5250975.5355   2   7   0.1340   0.0664   0.0896   0.0563   0.0334   0.0891   0.30    1.2
2026/04/23 07:42:43.400   3509415.9043    779164.5502   5250975.5327   2   7   0.1340   0.0664   0.0896   0.0563   0.0334   0.0891   0.40    1.2
2026/04/23 07:42:43.500   3509415.9039    779164.5513   5250975.5311   2   7   0.1340   0.0664   0.0896   0.0563   0.0334   0.0891  -0.50    1.2
2026/04/23 07:42:43.600   3509415.9025    779164.5509   5250975.5317   2   7   0.1339   0.0664   0.0896   0.0562   0.0334   0.0891  -0.40    1.2
2026/04/23 07:42:43.700   3509415.9031    779164.5497   5250975.5320   2   7   0.1339   0.0664   0.0896   0.0562   0.0334   0.0891  -0.30    1.2
2026/04/23 07:42:43.800   3509415.9043    779164.5496   5250975.5335   2   7   0.1339   0.0664   0.0896   0.0562   0.0334   0.0891  -0.20    1.2
2026/04/23 07:42:43.900   3509415.9072    779164.5493   5250975.5341   2   7   0.1339   0.0663   0.0895   0.0562   0.0334   0.0891  -0.10    1.2
2026/04/23 07:42:44.000   3509415.9078    779164.5481   5250975.5352   2   7   0.1339   0.0663   0.0895   0.0562   0.0334   0.0890   0.00    1.2
2026/04/23 07:42:44.100   3509415.9074    779164.5465   5250975.5386   2   7   0.1338   0.0663   0.0895   0.0562   0.0334   0.0890   0.10    1.3
2026/04/23 07:42:44.200   3509415.9070    779164.5451   5250975.5426   2   7   0.1338   0.0663   0.0895   0.0562   0.0334   0.0890   0.20    1.3
2026/04/23 07:42:44.300   3509415.9069    779164.5440   5250975.5467   2   7   0.1338   0.0663   0.0895   0.0562   0.0334   0.0890   0.30    1.3
2026/04/23 07:42:44.400   3509415.9084    779164.5432   5250975.5504   2   7   0.1338   0.0663   0.0895   0.0562   0.0335   0.0890   0.40    1.3
2026/04/23 07:42:44.500   3509415.9103    779164.5439   5250975.5524   2   7   0.1338   0.0663   0.0895   0.0562   0.0335   0.0890  -0.50    1.3
2026/04/23 07:42:44.600   3509415.9125    779164.5446   5250975.5543   2   7   0.1338   0.0663   0.0895   0.0562   0.0335   0.0890  -0.40    1.3
2026/04/23 07:42:44.700   3509415.9143    779164.5454   5250975.5572   2   7   0.1337   0.0663   0.0895   0.0562   0.0335   0.0890  -0.30    1.3
2026/04/23 07:42:44.800   3509415.9157    779164.5462   5250975.5604   2   7   0.1337   0.0662   0.0895   0.0562   0.0335   0.0890  -0.20    1.3
2026/04/23 07:42:44.900   3509415.9175    779164.5463   5250975.5630   2   7   0.1337   0.0662   0.0895   0.0562   0.0335   0.0890  -0.10    1.3
2026/04/23 07:42:45.000   3509415.9200    779164.5461   5250975.5666   2   7   0.1337   0.0662   0.0895   0.0562   0.0335   0.0890   0.00    1.3
2026/04/23 07:42:45.100   3509415.9225    779164.5460   5250975.5706   2   8   0.1337   0.0662   0.0895   0.0562   0.0335   0.0890   0.10    1.2
2026/04/23 07:42:45.200   3509415.9239    779164.5468   5250975.5737   2   8   0.1337   0.0662   0.0895   0.0562   0.0335   0.0890   0.20    1.0
2026/04/23 07:42:45.300   3509415.9266    779164.5468   5250975.5761   2   8   0.1336   0.0662   0.0895   0.0562   0.0335   0.0890   0.30    1.0
2026/04/23 07:42:45.400   3509415.9292    779164.5475   5250975.5777   2   7   0.1336   0.0662   0.0895   0.0562   0.0335   0.0890   0.40    1.4
2026/04/23 07:42:45.500   3509415.9304    779164.5483   5250975.5788   2   8   0.1336   0.0661   0.0895   0.0561   0.0335   0.0890  -0.50    1.0
2026/04/23 07:42:45.600   3509415.9330    779164.5490   5250975.5800   2   8   0.1336   0.0661   0.0895   0.0561   0.0336   0.0890  -0.40    1.0
2026/04/23 07:42:45.700   3509415.9357    779164.5491   5250975.5806   2   8   0.1336   0.0661   0.0895   0.0561   0.0336   0.0890  -0.30    1.0
2026/04/23 07:42:45.800   3509415.9358    779164.5502   5250975.5810   2   8   0.1335   0.0661   0.0895   0.0561   0.0336   0.0890  -0.20    1.0
2026/04/23 07:42:45.900   3509415.9357    779164.5508   5250975.5814   2   8   0.1335   0.0660   0.0895   0.0561   0.0336   0.0890  -0.10    1.0
2026/04/23 07:42:46.000   3509415.9360    779164.5500   5250975.5828   2   8   0.1335   0.0660   0.0895   0.0561   0.0336   0.0890   0.00    1.0
2026/04/23 07:42:46.100   3509415.9351    779164.5504   5250975.5841   2   8   0.1335   0.0660   0.0895   0.0561   0.0336   0.0890   0.10    1.0
2026/04/23 07:42:46.200   3509415.9350    779164.5506   5250975.5846   2   8   0.1335   0.0660   0.0895   0.0561   0.0336   0.0890   0.20    1.0
2026/04/23 07:42:46.300   3509415.9337    779164.5502   5250975.5843   2   8   0.1335   0.0660   0.0895   0.0560   0.0336   0.0890   0.30    1.1
2026/04/23 07:42:46.400   3509415.9328    779164.5514   5250975.5829   2   8   0.1334   0.0660   0.0894   0.0560   0.0337   0.0890   0.40    1.1
2026/04/23 07:42:46.500   3509415.9326    779164.5534   5250975.5811   2   8   0.1334   0.0659   0.0894   0.0560   0.0337   0.0890  -0.50    1.1
2026/04/23 07:42:46.600   3509415.9330    779164.5545   5250975.5795   2   8   0.1334   0.0659   0.0894   0.0560   0.0337   0.0890  -0.40    1.1
2026/04/23 07:42:46.700   3509415.9325    779164.5546   5250975.5782   2   8   0.1334   0.0659   0.0894   0.0560   0.0337   0.0889  -0.30    1.1
2026/04/23 07:42:46.800   3509415.9337    779164.5550   5250975.5772   2   8   0.1334   0.0659   0.0894   0.0560   0.0337   0.0889  -0.20    1.1
2026/04/23 07:42:46.900   3509415.9341    779164.5552   5250975.5768   2   8   0.1333   0.0659   0.0894   0.0560   0.0337   0.0889  -0.10    1.1
2026/04/23 07:42:47.000   3509415.9341    779164.5552   5250975.5768   2   8   0.1333   0.0659   0.0894   0.0560   0.0337   0.0889   0.00    1.1
2026/04/23 07:42:47.100   3509415.9350    779164.5539   5250975.5774   2   8   0.1333   0.0659   0.0894   0.0560   0.0337   0.0889   0.10    1.1
2026/04/23 07:42:47.200   3509415.9369    779164.5524   5250975.5778   2   8   0.1333   0.0659   0.0894   0.0560   0.0337   0.0889   0.20    1.1
2026/04/23 07:42:47.300   3509415.9382    779164.5517   5250975.5783   2   8   0.1333   0.0658   0.0894   0.0560   0.0337   0.0889   0.30    1.1
2026/04/23 07:42:47.400   3509415.9401    779164.5515   5250975.5794   2   8   0.1332   0.0658   0.0894   0.0560   0.0337   0.0889   0.40    1.1
2026/04/23 07:42:47.500   3509415.9418    779164.5507   5250975.5799   2   8   0.1332   0.0658   0.0894   0.0560   0.0337   0.0889  -0.50    1.1
2026/04/23 07:42:47.600   3509415.9436    779164.5497   5250975.5805   2   8   0.1332   0.0658   0.0894   0.0560   0.0337   0.0889  -0.40    1.2
2026/04/23 07:42:47.700   3509415.9451    779164.5493   5250975.5813   2   8   0.1332   0.0658   0.0894   0.0560   0.0337   0.0888  -0.30    1.2
2026/04/23 07:42:47.800   3509415.9469    779164.5501   5250975.5825   2   8   0.1332   0.0658   0.0893   0.0560   0.0337   0.0888  -0.20    1.2
2026/04/23 07:42:47.900   3509415.9470    779164.5503   5250975.5828   2   8   0.1331   0.0658   0.0893   0.0559   0.0337   0.0888  -0.10    1.2
2026/04/23 07:42:48.000   3509415.9467    779164.5493   5250975.5826   2   8   0.1331   0.0658   0.0893   0.0559   0.0337   0.0888   0.00    1.2
2026/04/23 07:42:48.100   3509415.9471    779164.5489   5250975.5821   2   8   0.1331   0.0658   0.0893   0.0559   0.0337   0.0888   0.10    1.2
2026/04/23 07:42:48.200   3509415.9472    779164.5493   5250975.5824   2   8   0.1331   0.0657   0.0893   0.0559   0.0337   0.0888   0.20    1.2
2026/04/23 07:42:48.300   3509415.9468    779164.5500   5250975.5830   2   8   0.1331   0.0657   0.0893   0.0559   0.0337   0.0888   0.30    1.2
2026/04/23 07:42:48.400   3509415.9468    779164.5505   5250975.5842   2   8   0.1330   0.0657   0.0893   0.0559   0.0337   0.0888   0.40    1.2
2026/04/23 07:42:48.500   3509415.9466    779164.5501   5250975.5846   2   8   0.1330   0.0657   0.0893   0.0559   0.0337   0.0888  -0.50    1.2
2026/04/23 07:42:48.600   3509415.9460    779164.5488   5250975.5830   2   8   0.1330   0.0657   0.0893   0.0559   0.0337   0.0887  -0.40    1.2
2026/04/23 07:42:48.700   3509415.9470    779164.5485   5250975.5805   2   8   0.1330   0.0657   0.0893   0.0559   0.0337   0.0887  -0.30    1.2
2026/04/23 07:42:48.800   3509415.9449    779164.5475   5250975.5810   2   8   0.1330   0.0657   0.0893   0.0559   0.0337   0.0887  -0.20    1.2
2026/04/23 07:42:48.900   3509415.9437    779164.5458   5250975.5813   2   8   0.1329   0.0657   0.0893   0.0559   0.0337   0.0887  -0.10    1.2
2026/04/23 07:42:49.000   3509415.9414    779164.5458   5250975.5817   2   8   0.1329   0.0657   0.0892   0.0559   0.0337   0.0887   0.00    1.2
2026/04/23 07:42:49.100   3509415.9403    779164.5451   5250975.5823   2   8   0.1329   0.0657   0.0892   0.0559   0.0337   0.0887   0.10    1.2
2026/04/23 07:42:49.200   3509415.9416    779164.5445   5250975.5824   2   8   0.1329   0.0656   0.0892   0.0559   0.0337   0.0887   0.20    1.2
2026/04/23 07:42:49.300   3509415.9433    779164.5445   5250975.5822   2   8   0.1329   0.0656   0.0892   0.0559   0.0337   0.0887   0.30    1.2
2026/04/23 07:42:49.400   3509415.9446    779164.5440   5250975.5820   2   8   0.1328   0.0656   0.0892   0.0559   0.0337   0.0886   0.40    1.3
2026/04/23 07:42:49.500   3509415.9456    779164.5430   5250975.5817   2   8   0.1328   0.0656   0.0892   0.0559   0.0337   0.0886  -0.50    1.3
2026/04/23 07:42:49.600   3509415.9478    779164.5423   5250975.5810   2   8   0.1328   0.0656   0.0892   0.0558   0.0337   0.0886  -0.40    1.3
2026/04/23 07:42:49.700   3509415.9499    779164.5423   5250975.5798   2   8   0.1328   0.0656   0.0892   0.0558   0.0337   0.0886  -0.30    1.3
2026/04/23 07:42:49.800   3509415.9518    779164.5420   5250975.5776   2   8   0.1328   0.0656   0.0892   0.0558   0.0337   0.0886  -0.20    1.3
2026/04/23 07:42:49.900   3509415.9550    779164.5412   5250975.5752   2   8   0.1327   0.0656   0.0892   0.0558   0.0337   0.0886  -0.10    1.3
2026/04/23 07:42:50.000   3509415.9559    779164.5402   5250975.5737   2   8   0.1327   0.0656   0.0892   0.0558   0.0337   0.0886   0.00    1.3
2026/04/23 07:42:50.100   3509415.9567    779164.5399   5250975.5725   2   8   0.1327   0.0656   0.0891   0.0558   0.0337   0.0886   0.10    1.3
2026/04/23 07:42:50.200   3509415.9571    779164.5396   5250975.5719   2   8   0.1327   0.0655   0.0891   0.0558   0.0337   0.0886   0.20    1.3
2026/04/23 07:42:50.300   3509415.9599    779164.5384   5250975.5710   2   8   0.1327   0.0655   0.0891   0.0558   0.0337   0.0885   0.30    1.3
2026/04/23 07:42:50.400   3509415.9635    779164.5362   5250975.5720   2   8   0.1326   0.0655   0.0891   0.0558   0.0337   0.0885   0.40    1.3
2026/04/23 07:42:50.500   3509415.9657    779164.5347   5250975.5747   2   8   0.1326   0.0655   0.0891   0.0558   0.0337   0.0885  -0.50    1.3
2026/04/23 07:42:50.600   3509415.9681    779164.5347   5250975.5777   2   8   0.1326   0.0655   0.0891   0.0558   0.0337   0.0885  -0.40    1.3
2026/04/23 07:42:50.700   3509415.9721    779164.5346   5250975.5814   2   8   0.1326   0.0655   0.0891   0.0558   0.0337   0.0885  -0.30    1.3
2026/04/23 07:42:50.800   3509415.9733    779164.5348   5250975.5839   2   8   0.1326   0.0655   0.0891   0.0558   0.0337   0.0885  -0.20    1.3
2026/04/23 07:42:50.900   3509415.9724    779164.5342   5250975.5863   2   8   0.1325   0.0655   0.0891   0.0558   0.0337   0.0885  -0.10    1.3
2026/04/23 07:42:51.000   3509415.9726    779164.5335   5250975.5883   2   8   0.1325   0.0655   0.0891   0.0558   0.0337   0.0885   0.00    1.3
2026/04/23 07:42:51.100   3509415.9773    779164.5341   5250975.5892   2   8   0.1325   0.0655   0.0891   0.0558   0.0337   0.0885   0.10    1.3
2026/04/23 07:42:51.200   3509415.9825    779164.5355   5250975.5888   2   8   0.1325   0.0654   0.0891   0.0558   0.0337   0.0884   0.20    1.3
2026/04/23 07:42:51.300   3509415.9837    779164.5377   5250975.5875   2   8   0.1325   0.0654   0.0891   0.0557   0.0337   0.0884   0.30    1.3
2026/04/23 07:42:51.400   3509415.9845    779164.5413   5250975.5868   2   8   0.1324   0.0654   0.0891   0.0557   0.0337   0.0884   0.40    1.3
2026/04/23 07:42:51.500   3509415.9834    779164.5426   5250975.5863   2   8   0.1324   0.0654   0.0890   0.0557   0.0337   0.0884  -0.50    1.3
2026/04/23 07:42:51.600   3509415.9799    779164.5409   5250975.5861   2   8   0.1324   0.0654   0.0890   0.0557   0.0337   0.0884  -0.40    1.3
2026/04/23 07:42:51.700   3509415.9748    779164.5387   5250975.5852   2   8   0.1324   0.0654   0.0890   0.0557   0.0337   0.0884  -0.30    1.3
2026/04/23 07:42:51.800   3509415.9711    779164.5384   5250975.5840   2   8   0.1324   0.0654   0.0890   0.0557   0.0337   0.0884  -0.20    1.3
2026/04/23 07:42:51.900   3509415.9686    779164.5383   5250975.5833   2   8   0.1323   0.0654   0.0890   0.0557   0.0337   0.0884  -0.10    1.3
2026/04/23 07:42:52.000   3509415.9676    779164.5376   5250975.5828   2   8   0.1323   0.0654   0.0890   0.0557   0.0337   0.0884   0.00    1.3
2026/04/23 07:42:52.100   3509415.9671    779164.5372   5250975.5821   2   8   0.1323   0.0653   0.0890   0.0557   0.0337   0.0884   0.10    1.3
2026/04/23 07:42:52.200   3509415.9677    779164.5363   5250975.5808   2   8   0.1323   0.0653   0.0890   0.0557   0.0337   0.0883   0.20    1.3
2026/04/23 07:42:52.300   3509415.9682    779164.5356   5250975.5782   2   8   0.1323   0.0653   0.0890   0.0557   0.0337   0.0883   0.30    1.3
2026/04/23 07:42:52.400   3509415.9681    779164.5346   5250975.5735   2   8   0.1322   0.0653   0.0890   0.0557   0.0337   0.0883   0.40    1.3
2026/04/23 07:42:52.500   3509415.9681    779164.5342   5250975.5700   2   8   0.1322   0.0653   0.0890   0.0557   0.0337   0.0883  -0.50    1.3
2026/04/23 07:42:52.600   3509415.9689    779164.5332   5250975.5686   2   8   0.1322   0.0653   0.0890   0.0557   0.0337   0.0883  -0.40    1.3
2026/04/23 07:42:52.700   3509415.9672    779164.5325   5250975.5680   2   8   0.1322   0.0653   0.0890   0.0557   0.0337   0.0883  -0.30    1.3
2026/04/23 07:42:52.800   3509415.9631    779164.5314   5250975.5670   2   8   0.1322   0.0653   0.0889   0.0557   0.0337   0.0883  -0.20    1.3
2026/04/23 07:42:52.900   3509415.9600    779164.5312   5250975.5647   2   8   0.1321   0.0653   0.0889   0.0557   0.0337   0.0883  -0.10    1.3
2026/04/23 07:42:53.000   3509415.9571    779164.5308   5250975.5632   2   8   0.1321   0.0653   0.0889   0.0557   0.0337   0.0883   0.00    1.3
2026/04/23 07:42:53.100   3509415.9546    779164.5302   5250975.5621   2   8   0.1321   0.0652   0.0889   0.0557   0.0337   0.0882   0.10    1.3
2026/04/23 07:42:53.200   3509415.9537    779164.5289   5250975.5602   2   8   0.1321   0.0652   0.0889   0.0556   0.0337   0.0882   0.20    1.3
2026/04/23 07:42:53.300   3509415.9534    779164.5287   5250975.5577   2   8   0.1321   0.0652   0.0889   0.0556   0.0337   0.0882   0.30    1.3
2026/04/23 07:42:53.400   3509415.9545    779164.5287   5250975.5552   2   8   0.1320   0.0652   0.0889   0.0556   0.0337   0.0882   0.40    1.3
2026/04/23 07:42:53.500   3509415.9559    779164.5282   5250975.5543   2   8   0.1320   0.0652   0.0889   0.0556   0.0337   0.0882  -0.50    1.3
2026/04/23 07:42:53.600   3509415.9568    779164.5271   5250975.5551   2   8   0.1320   0.0652   0.0889   0.0556   0.0338   0.0882  -0.40    1.3
2026/04/23 07:42:53.700   3509415.9586    779164.5268   5250975.5551   2   8   0.1320   0.0652   0.0889   0.0556   0.0338   0.0882  -0.30    1.3
2026/04/23 07:42:53.800   3509415.9590    779164.5271   5250975.5539   2   8   0.1320   0.0652   0.0889   0.0556   0.0338   0.0882  -0.20    1.3
2026/04/23 07:42:53.900   3509415.9601    779164.5258   5250975.5542   2   8   0.1319   0.0652   0.0889   0.0556   0.0338   0.0882  -0.10    1.3
2026/04/23 07:42:54.000   3509415.9618    779164.5250   5250975.5546   2   8   0.1319   0.0652   0.0889   0.0556   0.0337   0.0881   0.00    1.4
2026/04/23 07:42:54.100   3509415.9615    779164.5258   5250975.5544   2   8   0.1319   0.0652   0.0888   0.0556   0.0337   0.0881   0.10    1.4
2026/04/23 07:42:54.200   3509415.9603    779164.5266   5250975.5535   2   8   0.1319   0.0651   0.0888   0.0556   0.0337   0.0881   0.20    1.4
2026/04/23 07:42:54.300   3509415.9588    779164.5264   5250975.5534   2   8   0.1319   0.0651   0.0888   0.0556   0.0338   0.0881   0.30    1.4
2026/04/23 07:42:54.400   3509415.9562    779164.5264   5250975.5537   2   8   0.1318   0.0651   0.0888   0.0556   0.0338   0.0881   0.40    1.4
2026/04/23 07:42:54.500   3509415.9520    779164.5273   5250975.5530   2   8   0.1318   0.0651   0.0888   0.0556   0.0338   0.0881  -0.50    1.4
2026/04/23 07:42:54.600   3509415.9492    779164.5275   5250975.5518   2   8   0.1318   0.0651   0.0888   0.0556   0.0338   0.0881  -0.40    1.4
2026/04/23 07:42:54.700   3509415.9464    779164.5270   5250975.5505   2   8   0.1318   0.0651   0.0888   0.0556   0.0338   0.0881  -0.30    1.4
2026/04/23 07:42:54.800   3509415.9441    779164.5257   5250975.5493   2   8   0.1318   0.0651   0.0888   0.0556   0.0338   0.0880  -0.20    1.4
2026/04/23 07:42:54.900   3509415.9427    779164.5248   5250975.5482   2   8   0.1317   0.0651   0.0888   0.0555   0.0338   0.0880  -0.10    1.4
2026/04/23 07:42:55.000   3509415.9404    779164.5243   5250975.5471   2   8   0.1317   0.0651   0.0888   0.0555   0.0338   0.0880   0.00    1.4
2026/04/23 07:42:55.100   3509415.9390    779164.5230   5250975.5452   2   8   0.1317   0.0651   0.0888   0.0555   0.0338   0.0880   0.10    1.4
2026/04/23 07:42:55.200   3509415.9387    779164.5234   5250975.5440   2   8   0.1317   0.0650   0.0888   0.0555   0.0338   0.0880   0.20    1.4
2026/04/23 07:42:55.300   3509415.9374    779164.5235   5250975.5432   2   8   0.1317   0.0650   0.0887   0.0555   0.0338   0.0880   0.30    1.4
2026/04/23 07:42:55.400   3509415.9347    779164.5224   5250975.5423   2   8   0.1316   0.0650   0.0887   0.0555   0.0338   0.0880   0.40    1.4
2026/04/23 07:42:55.500   3509415.9318    779164.5208   5250975.5399   2   8   0.1316   0.0650   0.0887   0.0555   0.0338   0.0880  -0.50    1.4
2026/04/23 07:42:55.600   3509415.9300    779164.5198   5250975.5378   2   8   0.1316   0.0650   0.0887   0.0555   0.0338   0.0880  -0.40    1.4
2026/04/23 07:42:55.700   3509415.9282    779164.5170   5250975.5366   2   8   0.1316   0.0650   0.0887   0.0555   0.0338   0.0879  -0.30    1.4
2026/04/23 07:42:55.800   3509415.9269    779164.5152   5250975.5354   2   8   0.1316   0.0650   0.0887   0.0555   0.0338   0.0879  -0.20    1.4
2026/04/23 07:42:55.900   3509415.9248    779164.5159   5250975.5341   2   8   0.1315   0.0650   0.0887   0.0555   0.0338   0.0879  -0.10    1.4
2026/04/23 07:42:56.000   3509415.9222    779164.5159   5250975.5331   2   8   0.1315   0.0650   0.0887   0.0555   0.0338   0.0879   0.00    1.4
2026/04/23 07:42:56.100   3509415.9203    779164.5158   5250975.5308   2   8   0.1315   0.0650   0.0887   0.0555   0.0338   0.0879   0.10    1.4
2026/04/23 07:42:56.200   3509415.9200    779164.5150   5250975.5291   2   8   0.1315   0.0649   0.0887   0.0555   0.0337   0.0879   0.20    1.4
2026/04/23 07:42:56.300   3509415.9196    779164.5144   5250975.5285   2   8   0.1315   0.0649   0.0887   0.0555   0.0337   0.0879   0.30    1.4
2026/04/23 07:42:56.400   3509415.9200    779164.5140   5250975.5284   2   8   0.1314   0.0649   0.0887   0.0555   0.0338   0.0879   0.40    1.4
2026/04/23 07:42:56.500   3509415.9207    779164.5143   5250975.5287   2   8   0.1314   0.0649   0.0887   0.0555   0.0338   0.0878  -0.50    1.4
2026/04/23 07:42:56.600   3509415.9211    779164.5143   5250975.5299   2   8   0.1314   0.0649   0.0886   0.0555   0.0338   0.0878  -0.40    1.3
2026/04/23 07:42:56.700   3509415.9213    779164.5146   5250975.5302   2   8   0.1314   0.0649   0.0886   0.0554   0.0338   0.0878  -0.30    1.3
2026/04/23 07:42:56.800   3509415.9198    779164.5154   5250975.5301   2   8   0.1314   0.0649   0.0886   0.0554   0.0337   0.0878  -0.20    1.3
2026/04/23 07:42:56.900   3509415.9209    779164.5150   5250975.5307   2   8   0.1313   0.0649   0.0886   0.0554   0.0337   0.0878  -0.10    1.3
2026/04/23 07:42:57.000   3509415.9221    779164.5143   5250975.5312   2   8   0.1313   0.0649   0.0886   0.0554   0.0337   0.0878   0.00    1.3
2026/04/23 07:42:57.100   3509415.9209    779164.5141   5250975.5312   2   8   0.1313   0.0649   0.0886   0.0554   0.0337   0.0878   0.10    1.3
2026/04/23 07:42:57.200   3509415.9165    779164.5133   5250975.5317   2   8   0.1313   0.0648   0.0886   0.0554   0.0337   0.0878   0.20    1.3
2026/04/23 07:42:57.300   3509415.9134    779164.5129   5250975.5312   2   8   0.1313   0.0648   0.0886   0.0554   0.0337   0.0878   0.30    1.3
2026/04/23 07:42:57.400   3509415.9117    779164.5123   5250975.5306   2   8   0.1312   0.0648   0.0886   0.0554   0.0337   0.0877   0.40    1.3
2026/04/23 07:42:57.500   3509415.9105    779164.5124   5250975.5298   2   8   0.1312   0.0648   0.0886   0.0554   0.0337   0.0877  -0.50    1.3
2026/04/23 07:42:57.600   3509415.9110    779164.5132   5250975.5290   2   8   0.1312   0.0648   0.0886   0.0554   0.0337   0.0877  -0.40    1.3
2026/04/23 07:42:57.700   3509415.9099    779164.5130   5250975.5278   2   8   0.1312   0.0648   0.0885   0.0554   0.0337   0.0877  -0.30    1.3
2026/04/23 07:42:57.800   3509415.9073    779164.5127   5250975.5272   2   8   0.1312   0.0648   0.0885   0.0554   0.0337   0.0877  -0.20    1.3
2026/04/23 07:42:57.900   3509415.9032    779164.5132   5250975.5261   2   8   0.1311   0.0648   0.0885   0.0554   0.0337   0.0877  -0.10    1.3
2026/04/23 07:42:58.000   3509415.8997    779164.5132   5250975.5248   2   8   0.1311   0.0648   0.0885   0.0554   0.0337   0.0877   0.00    1.3
2026/04/23 07:42:58.100   3509415.8964    779164.5131   5250975.5241   2   8   0.1311   0.0648   0.0885   0.0554   0.0337   0.0877   0.10    1.3
2026/04/23 07:42:58.200   3509415.8944    779164.5133   5250975.5224   2   8   0.1311   0.0647   0.0885   0.0554   0.0337   0.0876   0.20    1.3
2026/04/23 07:42:58.300   3509415.8909    779164.5126   5250975.5204   2   8   0.1311   0.0647   0.0885   0.0554   0.0337   0.0876   0.30    1.3
2026/04/23 07:42:58.400   3509415.8881    779164.5118   5250975.5191   2   8   0.1310   0.0647   0.0885   0.0553   0.0337   0.0876   0.40    1.3
2026/04/23 07:42:58.500   3509415.8864    779164.5113   5250975.5183   2   8   0.1310   0.0647   0.0885   0.0553   0.0337   0.0876  -0.50    1.3
2026/04/23 07:42:58.600   3509415.8857    779164.5106   5250975.5173   2   8   0.1310   0.0647   0.0885   0.0553   0.0337   0.0876  -0.40    1.3
2026/04/23 07:42:58.700   3509415.8864    779164.5095   5250975.5158   2   8   0.1310   0.0647   0.0885   0.0553   0.0337   0.0876  -0.30    1.3
2026/04/23 07:42:58.800   3509415.8876    779164.5088   5250975.5149   2   8   0.1310   0.0647   0.0884   0.0553   0.0337   0.0876  -0.20    1.3
2026/04/23 07:42:58.900   3509415.8878    779164.5088   5250975.5146   2   8   0.1309   0.0647   0.0884   0.0553   0.0337   0.0876  -0.10    1.3
2026/04/23 07:42:59.000   3509415.8872    779164.5077   5250975.5144   2   8   0.1309   0.0647   0.0884   0.0553   0.0337   0.0875   0.00    1.3
2026/04/23 07:42:59.100   3509415.8872    779164.5047   5250975.5152   2   8   0.1309   0.0647   0.0884   0.0553   0.0337   0.0875   0.10    1.3
2026/04/23 07:42:59.200   3509415.8850    779164.5032   5250975.5151   2   8   0.1309   0.0647   0.0884   0.0553   0.0337   0.0875   0.20    1.3
2026/04/23 07:42:59.300   3509415.8814    779164.5038   5250975.5145   2   8   0.1309   0.0646   0.0884   0.0553   0.0337   0.0875   0.30    1.3
2026/04/23 07:42:59.400   3509415.8765    779164.5039   5250975.5129   2   8   0.1308   0.0646   0.0884   0.0553   0.0337   0.0875   0.40    1.3
2026/04/23 07:42:59.500   3509415.8703    779164.5036   5250975.5115   2   8   0.1308   0.0646   0.0884   0.0553   0.0337   0.0875  -0.50    1.3
2026/04/23 07:42:59.600   3509415.8643    779164.5028   5250975.5105   2   8   0.1308   0.0646   0.0884   0.0553   0.0337   0.0875  -0.40    1.3
2026/04/23 07:42:59.700   3509415.8589    779164.5021   5250975.5090   2   8   0.1308   0.0646   0.0884   0.0553   0.0337   0.0875  -0.30    1.3
2026/04/23 07:42:59.800   3509415.8558    779164.5022   5250975.5077   2   8   0.1308   0.0646   0.0884   0.0553   0.0337   0.0874  -0.20    1.3
2026/04/23 07:42:59.900   3509415.8526    779164.5014   5250975.5063   2   8   0.1307   0.0646   0.0883   0.0553   0.0337   0.0874  -0.10    1.3
2026/04/23 07:43:00.000   3509415.8486    779164.5013   5250975.5052   2   8   0.1307   0.0646   0.0883   0.0553   0.0337   0.0874   0.00    1.3
2026/04/23 07:43:00.100   3509415.8435    779164.5018   5250975.5030   2   8   0.1307   0.0646   0.0883   0.0552   0.0337   0.0874   0.10    1.3
2026/04/23 07:43:00.200   3509415.8368    779164.5021   5250975.4994   2   8   0.1307   0.0646   0.0883   0.0552   0.0337   0.0874   0.20    1.3
2026/04/23 07:43:00.300   3509415.8307    779164.5018   5250975.4966   2   8   0.1307   0.0645   0.0883   0.0552   0.0337   0.0874   0.30    1.3
2026/04/23 07:43:00.400   3509415.8260    779164.5018   5250975.4935   2   8   0.1306   0.0645   0.0883   0.0552   0.0337   0.0874   0.40    1.3
2026/04/23 07:43:00.500   3509415.8219    779164.5008   5250975.4904   2   8   0.1306   0.0645   0.0883   0.0552   0.0337   0.0874  -0.50    1.3
2026/04/23 07:43:00.600   3509415.8193    779164.5000   5250975.4873   2   8   0.1306   0.0645   0.0883   0.0552   0.0337   0.0873  -0.40    1.3
2026/04/23 07:43:00.700   3509415.8190    779164.4996   5250975.4843   2   8   0.1306   0.0645   0.0883   0.0552   0.0337   0.0873  -0.30    1.3
2026/04/23 07:43:00.800   3509415.8178    779164.4984   5250975.4815   2   8   0.1306   0.0645   0.0883   0.0552   0.0337   0.0873  -0.20    1.3
2026/04/23 07:43:00.900   3509415.8158    779164.4977   5250975.4788   2   8   0.1305   0.0645   0.0882   0.0552   0.0337   0.0873  -0.10    1.3
2026/04/23 07:43:01.000   3509415.8126    779164.4974   5250975.4767   2   8   0.1305   0.0645   0.0882   0.0552   0.0337   0.0873   0.00    1.3
2026/04/23 07:43:01.100   3509415.8082    779164.4970   5250975.4746   2   8   0.1305   0.0645   0.0882   0.0552   0.0337   0.0873   0.10    1.3
2026/04/23 07:43:01.200   3509415.8038    779164.4954   5250975.4716   2   8   0.1305   0.0645   0.0882   0.0552   0.0337   0.0873   0.20    1.3
2026/04/23 07:43:01.300   3509415.7996    779164.4943   5250975.4697   2   8   0.1304   0.0644   0.0882   0.0552   0.0337   0.0873   0.30    1.3
2026/04/23 07:43:01.400   3509415.7966    779164.4933   5250975.4687   2   8   0.1304   0.0644   0.0882   0.0552   0.0337   0.0872   0.40    1.3
2026/04/23 07:43:01.500   3509415.7943    779164.4924   5250975.4667   2   8   0.1304   0.0644   0.0882   0.0552   0.0337   0.0872  -0.50    1.3
2026/04/23 07:43:01.600   3509415.7915    779164.4911   5250975.4643   2   8   0.1304   0.0644   0.0882   0.0552   0.0337   0.0872  -0.40    1.3
2026/04/23 07:43:01.700   3509415.7895    779164.4901   5250975.4616   2   8   0.1304   0.0644   0.0882   0.0551   0.0337   0.0872  -0.30    1.3
2026/04/23 07:43:01.800   3509415.7879    779164.4891   5250975.4595   2   8   0.1303   0.0644   0.0882   0.0551   0.0337   0.0872  -0.20    1.3
2026/04/23 07:43:01.900   3509415.7865    779164.4884   5250975.4580   2   8   0.1303   0.0644   0.0882   0.0551   0.0337   0.0872  -0.10    1.3
2026/04/23 07:43:02.000   3509415.7843    779164.4883   5250975.4574   2   8   0.1303   0.0644   0.0881   0.0551   0.0337   0.0872   0.00    1.3
2026/04/23 07:43:02.100   3509415.7813    779164.4876   5250975.4568   2   8   0.1303   0.0644   0.0881   0.0551   0.0337   0.0871   0.10    1.3
2026/04/23 07:43:02.200   3509415.7792    779164.4879   5250975.4556   2   8   0.1303   0.0644   0.0881   0.0551   0.0337   0.0871   0.20    1.3
2026/04/23 07:43:02.300   3509415.7771    779164.4875   5250975.4539   2   8   0.1302   0.0644   0.0881   0.0551   0.0337   0.0871   0.30    1.3
2026/04/23 07:43:02.400   3509415.7736    779164.4862   5250975.4524   2   8   0.1302   0.0643   0.0881   0.0551   0.0337   0.0871   0.40    1.3
2026/04/23 07:43:02.500   3509415.7690    779164.4856   5250975.4513   2   8   0.1302   0.0643   0.0881   0.0551   0.0337   0.0871  -0.50    1.3
2026/04/23 07:43:02.600   3509415.7652    779164.4853   5250975.4499   2   8   0.1302   0.0643   0.0881   0.0551   0.0337   0.0871  -0.40    1.3
2026/04/23 07:43:02.700   3509415.7625    779164.4844   5250975.4477   2   8   0.1302   0.0643   0.0881   0.0551   0.0337   0.0871  -0.30    1.3
2026/04/23 07:43:02.800   3509415.7587    779164.4837   5250975.4458   2   8   0.1301   0.0643   0.0881   0.0551   0.0337   0.0871  -0.20    1.3
2026/04/23 07:43:02.900   3509415.7563    779164.4825   5250975.4445   2   8   0.1301   0.0643   0.0880   0.0551   0.0337   0.0870  -0.10    1.3
2026/04/23 07:43:03.000   3509415.7547    779164.4824   5250975.4430   2   8   0.1301   0.0643   0.0880   0.0551   0.0337   0.0870   0.00    1.3
2026/04/23 07:43:03.100   3509415.7547    779164.4817   5250975.4420   2   8   0.1301   0.0643   0.0880   0.0551   0.0337   0.0870   0.10    1.3
2026/04/23 07:43:03.200   3509415.7549    779164.4812   5250975.4409   2   8   0.1301   0.0643   0.0880   0.0551   0.0337   0.0870   0.20    1.3
2026/04/23 07:43:03.300   3509415.7554    779164.4820   5250975.4403   2   8   0.1300   0.0643   0.0880   0.0550   0.0337   0.0870   0.30    1.3
2026/04/23 07:43:03.400   3509415.7560    779164.4821   5250975.4395   2   8   0.1300   0.0642   0.0880   0.0550   0.0337   0.0870   0.40    1.3
2026/04/23 07:43:03.500   3509415.7579    779164.4812   5250975.4390   2   8   0.1300   0.0642   0.0880   0.0550   0.0337   0.0870  -0.50    1.3
2026/04/23 07:43:03.600   3509415.7599    779164.4795   5250975.4391   2   8   0.1300   0.0642   0.0880   0.0550   0.0337   0.0869  -0.40    1.3
2026/04/23 07:43:03.700   3509415.7604    779164.4779   5250975.4396   2   8   0.1299   0.0642   0.0880   0.0550   0.0337   0.0869  -0.30    1.3
2026/04/23 07:43:03.800   3509415.7615    779164.4769   5250975.4400   2   8   0.1299   0.0642   0.0880   0.0550   0.0337   0.0869  -0.20    1.3
2026/04/23 07:43:03.900   3509415.7620    779164.4769   5250975.4407   2   8   0.1299   0.0642   0.0879   0.0550   0.0337   0.0869  -0.10    1.3
2026/04/23 07:43:04.000   3509415.7624    779164.4768   5250975.4410   2   8   0.1299   0.0642   0.0879   0.0550   0.0337   0.0869   0.00    1.3
2026/04/23 07:43:04.100   3509415.7627    779164.4767   5250975.4412   2   8   0.1299   0.0642   0.0879   0.0550   0.0337   0.0869   0.10    1.3
2026/04/23 07:43:04.200   3509415.7623    779164.4760   5250975.4415   2   8   0.1298   0.0642   0.0879   0.0550   0.0337   0.0869   0.20    1.3
2026/04/23 07:43:04.300   3509415.7604    779164.4758   5250975.4405   2   8   0.1298   0.0642   0.0879   0.0550   0.0337   0.0869   0.30    1.3
2026/04/23 07:43:04.400   3509415.7604    779164.4751   5250975.4404   2   8   0.1298   0.0641   0.0879   0.0550   0.0337   0.0868   0.40    1.3
2026/04/23 07:43:04.500   3509415.7616    779164.4735   5250975.4405   2   8   0.1298   0.0641   0.0879   0.0550   0.0337   0.0868  -0.50    1.3
2026/04/23 07:43:04.600   3509415.7620    779164.4723   5250975.4411   2   8   0.1298   0.0641   0.0879   0.0550   0.0337   0.0868  -0.40    1.3
2026/04/23 07:43:04.700   3509415.7625    779164.4710   5250975.4413   2   8   0.1297   0.0641   0.0879   0.0550   0.0337   0.0868  -0.30    1.3
2026/04/23 07:43:04.800   3509415.7631    779164.4709   5250975.4421   2   8   0.1297   0.0641   0.0878   0.0549   0.0337   0.0868  -0.20    1.3
2026/04/23 07:43:04.900   3509415.7633    779164.4703   5250975.4429   2   8   0.1297   0.0641   0.0878   0.0549   0.0337   0.0868  -0.10    1.3
2026/04/23 07:43:05.000   3509415.7650    779164.4696   5250975.4440   2   8   0.1297   0.0641   0.0878   0.0549   0.0336   0.0868   0.00    1.3
2026/04/23 07:43:05.100   3509415.7674    779164.4686   5250975.4447   2   8   0.1297   0.0641   0.0878   0.0549   0.0336   0.0867   0.10    1.3
2026/04/23 07:43:05.200   3509415.7687    779164.4677   5250975.4451   2   8   0.1296   0.0641   0.0878   0.0549   0.0336   0.0867   0.20    1.3
2026/04/23 07:43:05.300   3509415.7695    779164.4674   5250975.4458   2   8   0.1296   0.0641   0.0878   0.0549   0.0336   0.0867   0.30    1.3
2026/04/23 07:43:05.400   3509415.7699    779164.4677   5250975.4458   2   8   0.1296   0.0641   0.0878   0.0549   0.0336   0.0867   0.40    1.3
2026/04/23 07:43:05.500   3509415.7714    779164.4678   5250975.4468   2   8   0.1296   0.0640   0.0878   0.0549   0.0336   0.0867  -0.50    1.3
2026/04/23 07:43:05.600   3509415.7738    779164.4679   5250975.4471   2   8   0.1295   0.0640   0.0878   0.0549   0.0336   0.0867  -0.40    1.3
2026/04/23 07:43:05.700   3509415.7757    779164.4672   5250975.4475   2   8   0.1295   0.0640   0.0877   0.0549   0.0336   0.0867  -0.30    1.3
2026/04/23 07:43:05.800   3509415.7763    779164.4661   5250975.4479   2   8   0.1295   0.0640   0.0877   0.0549   0.0336   0.0866  -0.20    1.3
2026/04/23 07:43:05.900   3509415.7767    779164.4648   5250975.4489   2   8   0.1295   0.0640   0.0877   0.0549   0.0336   0.0866  -0.10    1.3
2026/04/23 07:43:06.000   3509415.7768    779164.4641   5250975.4486   2   8   0.1295   0.0640   0.0877   0.0549   0.0336   0.0866   0.00    1.3
2026/04/23 07:43:06.100   3509415.7758    779164.4646   5250975.4473   2   8   0.1294   0.0640   0.0877   0.0549   0.0336   0.0866   0.10    1.3
2026/04/23 07:43:06.200   3509415.7724    779164.4641   5250975.4469   2   8   0.1294   0.0640   0.0877   0.0549   0.0336   0.0866   0.20    1.3
2026/04/23 07:43:06.300   3509415.7677    779164.4645   5250975.4468   2   8   0.1294   0.0640   0.0877   0.0548   0.0336   0.0866   0.30    1.3
2026/04/23 07:43:06.400   3509415.7641    779164.4640   5250975.4461   2   8   0.1294   0.0640   0.0877   0.0548   0.0336   0.0866   0.40    1.3
2026/04/23 07:43:06.500   3509415.7609    779164.4624   5250975.4461   2   8   0.1294   0.0639   0.0877   0.0548   0.0336   0.0865  -0.50    1.3
2026/04/23 07:43:06.600   3509415.7596    779164.4611   5250975.4456   2   8   0.1293   0.0639   0.0876   0.0548   0.0336   0.0865  -0.40    1.3
2026/04/23 07:43:06.700   3509415.7605    779164.4602   5250975.4443   2   8   0.1293   0.0639   0.0876   0.0548   0.0336   0.0865  -0.30    1.3
2026/04/23 07:43:06.800   3509415.7599    779164.4581   5250975.4434   2   8   0.1293   0.0639   0.0876   0.0548   0.0336   0.0865  -0.20    1.3
2026/04/23 07:43:06.900   3509415.7592    779164.4556   5250975.4429   2   8   0.1293   0.0639   0.0876   0.0548   0.0336   0.0865  -0.10    1.3
2026/04/23 07:43:07.000   3509415.7594    779164.4544   5250975.4418   2   8   0.1292   0.0639   0.0876   0.0548   0.0336   0.0865   0.00    1.3
2026/04/23 07:43:07.100   3509415.7596    779164.4534   5250975.4412   2   8   0.1292   0.0639   0.0876   0.0548   0.0336   0.0865   0.10    1.3
2026/04/23 07:43:07.200   3509415.7606    779164.4522   5250975.4402   2   8   0.1292   0.0639   0.0876   0.0548   0.0336   0.0864   0.20    1.3
2026/04/23 07:43:07.300   3509415.7604    779164.4519   5250975.4402   2   8   0.1292   0.0639   0.0876   0.0548   0.0336   0.0864   0.30    1.3
2026/04/23 07:43:07.400   3509415.7601    779164.4512   5250975.4396   2   8   0.1292   0.0639   0.0875   0.0548   0.0336   0.0864   0.40    1.3
2026/04/23 07:43:07.500   3509415.7591    779164.4499   5250975.4389   2   8   0.1291   0.0639   0.0875   0.0548   0.0336   0.0864  -0.50    1.3
2026/04/23 07:43:07.600   3509415.7579    779164.4487   5250975.4378   2   8   0.1291   0.0638   0.0875   0.0548   0.0336   0.0864  -0.40    1.3
2026/04/23 07:43:07.700   3509415.7534    779164.4475   5250975.4378   2   8   0.1291   0.0638   0.0875   0.0547   0.0336   0.0864  -0.30    1.3
2026/04/23 07:43:07.800   3509415.7488    779164.4467   5250975.4360   2   8   0.1291   0.0638   0.0875   0.0547   0.0336   0.0863  -0.20    1.3
2026/04/23 07:43:07.900   3509415.7451    779164.4460   5250975.4331   2   8   0.1291   0.0638   0.0875   0.0547   0.0336   0.0863  -0.10    1.3
2026/04/23 07:43:08.000   3509415.7403    779164.4450   5250975.4292   2   8   0.1290   0.0638   0.0875   0.0547   0.0336   0.0863   0.00    1.3
2026/04/23 07:43:08.100   3509415.7349    779164.4449   5250975.4261   2   8   0.1290   0.0638   0.0875   0.0547   0.0336   0.0863   0.10    1.3
2026/04/23 07:43:08.200   3509415.7296    779164.4439   5250975.4234   2   8   0.1290   0.0638   0.0874   0.0547   0.0336   0.0863   0.20    1.3
2026/04/23 07:43:08.300   3509415.7246    779164.4427   5250975.4206   2   8   0.1290   0.0638   0.0874   0.0547   0.0336   0.0863   0.30    1.3
2026/04/23 07:43:08.400   3509415.7207    779164.4412   5250975.4173   2   8   0.1289   0.0638   0.0874   0.0547   0.0336   0.0863   0.40    1.3
2026/04/23 07:43:08.500   3509415.7185    779164.4400   5250975.4134   2   8   0.1289   0.0638   0.0874   0.0547   0.0336   0.0862  -0.50    1.3
2026/04/23 07:43:08.600   3509415.7184    779164.4364   5250975.4116   2   8   0.1289   0.0637   0.0874   0.0547   0.0336   0.0862  -0.40    1.3
2026/04/23 07:43:08.700   3509415.7175    779164.4342   5250975.4100   2   8   0.1289   0.0637   0.0874   0.0547   0.0336   0.0862  -0.30    1.3
2026/04/23 07:43:08.800   3509415.7169    779164.4334   5250975.4089   2   8   0.1289   0.0637   0.0874   0.0547   0.0335   0.0862  -0.20    1.3
2026/04/23 07:43:08.900   3509415.7175    779164.4322   5250975.4074   2   8   0.1288   0.0637   0.0874   0.0547   0.0335   0.0862  -0.10    1.3
2026/04/23 07:43:09.000   3509415.7180    779164.4318   5250975.4058   2   8   0.1288   0.0637   0.0873   0.0547   0.0335   0.0862   0.00    1.3
2026/04/23 07:43:09.100   3509415.7175    779164.4311   5250975.4041   2   8   0.1288   0.0637   0.0873   0.0546   0.0335   0.0861   0.10    1.3
2026/04/23 07:43:09.200   3509415.7174    779164.4299   5250975.4029   2   8   0.1288   0.0637   0.0873   0.0546   0.0335   0.0861   0.20    1.3
2026/04/23 07:43:09.300   3509415.7176    779164.4287   5250975.4021   2   8   0.1287   0.0637   0.0873   0.0546   0.0335   0.0861   0.30    1.3
2026/04/23 07:43:09.400   3509415.7194    779164.4277   5250975.4019   2   8   0.1287   0.0637   0.0873   0.0546   0.0335   0.0861   0.40    1.3
2026/04/23 07:43:09.500   3509415.7224    779164.4264   5250975.4017   2   8   0.1287   0.0637   0.0873   0.0546   0.0335   0.0861  -0.50    1.3
2026/04/23 07:43:09.600   3509415.7278    779164.4259   5250975.4024   2   8   0.1287   0.0636   0.0873   0.0546   0.0335   0.0861  -0.40    1.3
2026/04/23 07:43:09.700   3509415.7336    779164.4258   5250975.4035   2   8   0.1287   0.0636   0.0873   0.0546   0.0335   0.0861  -0.30    1.3
2026/04/23 07:43:09.800   3509415.7385    779164.4261   5250975.4054   2   8   0.1286   0.0636   0.0872   0.0546   0.0335   0.0860  -0.20    1.3
2026/04/23 07:43:09.900   3509415.7432    779164.4256   5250975.4074   2   8   0.1286   0.0636   0.0872   0.0546   0.0335   0.0860  -0.10    1.3
2026/04/23 07:43:10.000   3509415.7475    779164.4238   5250975.4097   2   8   0.1286   0.0636   0.0872   0.0546   0.0335   0.0860   0.00    1.3
2026/04/23 07:43:10.100   3509415.7532    779164.4229   5250975.4125   2   8   0.1286   0.0636   0.0872   0.0546   0.0335   0.0860   0.10    1.3
2026/04/23 07:43:10.200   3509415.7579    779164.4228   5250975.4157   2   8   0.1285   0.0636   0.0872   0.0546   0.0335   0.0860   0.20    1.3
2026/04/23 07:43:10.300   3509415.7621    779164.4224   5250975.4194   2   8   0.1285   0.0636   0.0872   0.0546   0.0335   0.0860   0.30    1.3
2026/04/23 07:43:10.400   3509415.7678    779164.4222   5250975.4235   2   8   0.1285   0.0636   0.0872   0.0546   0.0335   0.0859   0.40    1.3
2026/04/23 07:43:10.500   3509415.7749    779164.4220   5250975.4276   2   8   0.1285   0.0636   0.0871   0.0545   0.0335   0.0859  -0.50    1.3
2026/04/23 07:43:10.600   3509415.7813    779164.4213   5250975.4322   2   8   0.1285   0.0636   0.0871   0.0545   0.0335   0.0859  -0.40    1.3
2026/04/23 07:43:10.700   3509415.7870    779164.4207   5250975.4364   2   8   0.1284   0.0635   0.0871   0.0545   0.0335   0.0859  -0.30    1.3
2026/04/23 07:43:10.800   3509415.7933    779164.4204   5250975.4416   2   8   0.1284   0.0635   0.0871   0.0545   0.0335   0.0859  -0.20    1.3
2026/04/23 07:43:10.900   3509415.7977    779164.4214   5250975.4464   2   8   0.1284   0.0635   0.0871   0.0545   0.0335   0.0859  -0.10    1.3
2026/04/23 07:43:11.000   3509415.8002    779164.4214   5250975.4514   2   8   0.1284   0.0635   0.0871   0.0545   0.0335   0.0859   0.00    1.3
2026/04/23 07:43:11.100   3509415.8030    779164.4211   5250975.4553   2   8   0.1283   0.0635   0.0871   0.0545   0.0335   0.0858   0.10    1.3
2026/04/23 07:43:11.200   3509415.8046    779164.4211   5250975.4582   2   8   0.1283   0.0635   0.0870   0.0545   0.0335   0.0858   0.20    1.3
2026/04/23 07:43:11.300   3509415.8064    779164.4225   5250975.4604   2   8   0.1283   0.0635   0.0870   0.0545   0.0335   0.0858   0.30    1.3
2026/04/23 07:43:11.400   3509415.8085    779164.4231   5250975.4620   2   8   0.1283   0.0635   0.0870   0.0545   0.0335   0.0858   0.40    1.3
2026/04/23 07:43:11.500   3509415.8099    779164.4234   5250975.4625   2   8   0.1283   0.0635   0.0870   0.0545   0.0335   0.0858  -0.50    1.3
2026/04/23 07:43:11.600   3509415.8092    779164.4234   5250975.4629   2   8   0.1282   0.0635   0.0870   0.0545   0.0335   0.0858  -0.40    1.3
2026/04/23 07:43:11.700   3509415.8089    779164.4230   5250975.4619   2   8   0.1282   0.0634   0.0870   0.0545   0.0334   0.0857  -0.30    1.3
2026/04/23 07:43:11.800   3509415.8086    779164.4225   5250975.4607   2   8   0.1282   0.0634   0.0870   0.0544   0.0334   0.0857  -0.20    1.3
2026/04/23 07:43:11.900   3509415.8090    779164.4216   5250975.4596   2   8   0.1282   0.0634   0.0870   0.0544   0.0334   0.0857  -0.10    1.3
2026/04/23 07:43:12.000   3509415.8107    779164.4207   5250975.4579   2   8   0.1281   0.0634   0.0869   0.0544   0.0334   0.0857   0.00    1.3
2026/04/23 07:43:12.100   3509415.8132    779164.4191   5250975.4566   2   8   0.1281   0.0634   0.0869   0.0544   0.0334   0.0857   0.10    1.3
2026/04/23 07:43:12.200   3509415.8150    779164.4182   5250975.4549   2   8   0.1281   0.0634   0.0869   0.0544   0.0334   0.0857   0.20    1.3
2026/04/23 07:43:12.300   3509415.8181    779164.4166   5250975.4551   2   8   0.1281   0.0634   0.0869   0.0544   0.0334   0.0856   0.30    1.3
2026/04/23 07:43:12.400   3509415.8230    779164.4152   5250975.4547   2   8   0.1281   0.0634   0.0869   0.0544   0.0334   0.0856   0.40    1.3
2026/04/23 07:43:12.500   3509415.8265    779164.4137   5250975.4548   2   8   0.1280   0.0634   0.0869   0.0544   0.0334   0.0856  -0.50    1.3
2026/04/23 07:43:12.600   3509415.8300    779164.4116   5250975.4560   2   8   0.1280   0.0634   0.0869   0.0544   0.0334   0.0856  -0.40    1.3
2026/04/23 07:43:12.700   3509415.8332    779164.4104   5250975.4571   2   8   0.1280   0.0633   0.0868   0.0544   0.0334   0.0856  -0.30    1.3
2026/04/23 07:43:12.800   3509415.8365    779164.4090   5250975.4577   2   8   0.1280   0.0633   0.0868   0.0544   0.0334   0.0856  -0.20    1.3
2026/04/23 07:43:12.900   3509415.8397    779164.4087   5250975.4584   2   8   0.1279   0.0633   0.0868   0.0544   0.0334   0.0855  -0.10    1.3
2026/04/23 07:43:13.000   3509415.8411    779164.4087   5250975.4594   2   8   0.1279   0.0633   0.0868   0.0544   0.0334   0.0855   0.00    1.3
2026/04/23 07:43:13.100   3509415.8441    779164.4091   5250975.4597   2   8   0.1279   0.0633   0.0868   0.0543   0.0334   0.0855   0.10    1.3
2026/04/23 07:43:13.200   3509415.8448    779164.4089   5250975.4602   2   8   0.1279   0.0633   0.0868   0.0543   0.0334   0.0855   0.20    1.3
2026/04/23 07:43:13.300   3509415.8444    779164.4084   5250975.4611   2   8   0.1279   0.0633   0.0867   0.0543   0.0334   0.0855   0.30    1.3
2026/04/23 07:43:13.400   3509415.8449    779164.4076   5250975.4614   2   8   0.1278   0.0633   0.0867   0.0543   0.0334   0.0855   0.40    1.3
2026/04/23 07:43:13.500   3509415.8466    779164.4074   5250975.4614   2   8   0.1278   0.0633   0.0867   0.0543   0.0334   0.0854  -0.50    1.3
2026/04/23 07:43:13.600   3509415.8478    779164.4063   5250975.4614   2   8   0.1278   0.0633   0.0867   0.0543   0.0334   0.0854  -0.40    1.3
2026/04/23 07:43:13.700   3509415.8482    779164.4049   5250975.4617   2   8   0.1278   0.0632   0.0867   0.0543   0.0334   0.0854  -0.30    1.3
2026/04/23 07:43:13.800   3509415.8494    779164.4037   5250975.4618   2   8   0.1277   0.0632   0.0867   0.0543   0.0334   0.0854  -0.20    1.3
2026/04/23 07:43:13.900   3509415.8510    779164.4033   5250975.4628   2   8   0.1277   0.0632   0.0867   0.0543   0.0334   0.0854  -0.10    1.3
2026/04/23 07:43:14.000   3509415.8545    779164.4036   5250975.4637   2   8   0.1277   0.0632   0.0866   0.0543   0.0333   0.0854   0.00    1.3
2026/04/23 07:43:14.100   3509415.8558    779164.4055   5250975.4625   2   8   0.1277   0.0632   0.0866   0.0543   0.0333   0.0853   0.10    1.3
2026/04/23 07:43:14.200   3509415.8553    779164.4062   5250975.4612   2   8   0.1276   0.0632   0.0866   0.0543   0.0333   0.0853   0.20    1.3
2026/04/23 07:43:14.300   3509415.8532    779164.4061   5250975.4603   2   8   0.1276   0.0632   0.0866   0.0542   0.0333   0.0853   0.30    1.3
2026/04/23 07:43:14.400   3509415.8493    779164.4053   5250975.4593   2   8   0.1276   0.0632   0.0866   0.0542   0.0333   0.0853   0.40    1.3
2026/04/23 07:43:14.500   3509415.8457    779164.4059   5250975.4570   2   8   0.1276   0.0632   0.0866   0.0542   0.0333   0.0853  -0.50    1.3
2026/04/23 07:43:14.600   3509415.8420    779164.4061   5250975.4539   2   8   0.1276   0.0632   0.0866   0.0542   0.0333   0.0852  -0.40    1.3
2026/04/23 07:43:14.700   3509415.8392    779164.4056   5250975.4503   2   8   0.1275   0.0632   0.0865   0.0542   0.0333   0.0852  -0.30    1.3
2026/04/23 07:43:14.800   3509415.8368    779164.4048   5250975.4468   2   8   0.1275   0.0631   0.0865   0.0542   0.0333   0.0852  -0.20    1.3
2026/04/23 07:43:14.900   3509415.8361    779164.4025   5250975.4427   2   8   0.1275   0.0631   0.0865   0.0542   0.0333   0.0852  -0.10    1.3
2026/04/23 07:43:15.000   3509415.8339    779164.4016   5250975.4389   2   8   0.1275   0.0631   0.0865   0.0542   0.0333   0.0852   0.00    1.3
2026/04/23 07:43:15.100   3509415.8307    779164.4014   5250975.4359   2   8   0.1274   0.0631   0.0865   0.0542   0.0333   0.0852   0.10    1.3
2026/04/23 07:43:15.200   3509415.8281    779164.4010   5250975.4306   2   8   0.1274   0.0631   0.0865   0.0542   0.0333   0.0851   0.20    1.3
2026/04/23 07:43:15.300   3509415.8256    779164.4006   5250975.4265   2   8   0.1274   0.0631   0.0864   0.0542   0.0333   0.0851   0.30    1.3
2026/04/23 07:43:15.400   3509415.8249    779164.3997   5250975.4236   2   8   0.1274   0.0631   0.0864   0.0542   0.0333   0.0851   0.40    1.3
2026/04/23 07:43:15.500   3509415.8252    779164.3970   5250975.4208   2   8   0.1274   0.0631   0.0864   0.0542   0.0333   0.0851  -0.50    1.3
2026/04/23 07:43:15.600   3509415.8267    779164.3948   5250975.4181   2   8   0.1273   0.0631   0.0864   0.0541   0.0333   0.0851  -0.40    1.3
2026/04/23 07:43:15.700   3509415.8274    779164.3931   5250975.4158   2   8   0.1273   0.0631   0.0864   0.0541   0.0333   0.0851  -0.30    1.3
2026/04/23 07:43:15.800   3509415.8288    779164.3925   5250975.4142   2   8   0.1273   0.0630   0.0864   0.0541   0.0333   0.0850  -0.20    1.3
2026/04/23 07:43:15.900   3509415.8290    779164.3915   5250975.4143   2   8   0.1273   0.0630   0.0863   0.0541   0.0333   0.0850  -0.10    1.3
2026/04/23 07:43:16.000   3509415.8289    779164.3907   5250975.4143   2   8   0.1272   0.0630   0.0863   0.0541   0.0333   0.0850   0.00    1.3
2026/04/23 07:43:16.100   3509415.8321    779164.3891   5250975.4137   2   8   0.1272   0.0630   0.0863   0.0541   0.0332   0.0850   0.10    1.3
2026/04/23 07:43:16.200   3509415.8385    779164.3879   5250975.4138   2   8   0.1272   0.0630   0.0863   0.0541   0.0332   0.0850   0.20    1.3
2026/04/23 07:43:16.300   3509415.8453    779164.3867   5250975.4163   2   8   0.1272   0.0630   0.0863   0.0541   0.0332   0.0849   0.30    1.3
2026/04/23 07:43:16.400   3509415.8498    779164.3860   5250975.4191   2   8   0.1271   0.0630   0.0863   0.0541   0.0332   0.0849   0.40    1.3
2026/04/23 07:43:16.500   3509415.8541    779164.3870   5250975.4214   2   8   0.1271   0.0630   0.0863   0.0541   0.0332   0.0849  -0.50    1.3
2026/04/23 07:43:16.600   3509415.8569    779164.3900   5250975.4238   2   8   0.1271   0.0630   0.0862   0.0541   0.0332   0.0849  -0.40    1.3
2026/04/23 07:43:16.700   3509415.8605    779164.3914   5250975.4248   2   8   0.1271   0.0630   0.0863   0.0541   0.0332   0.0848  -0.30    1.2
2026/04/23 07:43:16.800   3509415.8623    779164.3910   5250975.4271   2   8   0.1271   0.0630   0.0863   0.0541   0.0332   0.0848  -0.20    1.2
2026/04/23 07:43:16.900   3509415.8616    779164.3910   5250975.4294   2   8   0.1271   0.0629   0.0863   0.0541   0.0331   0.0847  -0.10    1.3
2026/04/23 07:43:17.000   3509415.8617    779164.3920   5250975.4304   2   8   0.1271   0.0629   0.0863   0.0541   0.0331   0.0847   0.00    1.3
2026/04/23 07:43:17.100   3509415.8634    779164.3934   5250975.4315   2   8   0.1271   0.0629   0.0862   0.0541   0.0331   0.0847   0.10    1.3
2026/04/23 07:43:17.200   3509415.8646    779164.3946   5250975.4354   2   8   0.1271   0.0629   0.0862   0.0541   0.0331   0.0847   0.20    1.3
2026/04/23 07:43:17.300   3509415.8597    779164.3977   5250975.4471   2   8   0.1271   0.0629   0.0862   0.0540   0.0331   0.0847   0.30    1.3
2026/04/23 07:43:17.400   3509415.8552    779164.4002   5250975.4585   2   7   0.1270   0.0629   0.0862   0.0540   0.0331   0.0846   0.40    1.2
2026/04/23 07:43:17.500   3509415.8541    779164.4013   5250975.4661   2   8   0.1270   0.0629   0.0861   0.0540   0.0331   0.0847  -0.50    1.3
2026/04/23 07:43:17.600   3509415.8568    779164.4014   5250975.4706   2   8   0.1270   0.0629   0.0861   0.0540   0.0331   0.0847  -0.40    1.3
2026/04/23 07:43:17.700   3509415.8598    779164.4008   5250975.4736   2   7   0.1271   0.0629   0.0861   0.0540   0.0331   0.0847  -0.30    1.2
2026/04/23 07:43:17.800   3509415.8623    779164.3991   5250975.4787   2   7   0.1271   0.0629   0.0861   0.0539   0.0331   0.0847  -0.20    1.2
2026/04/23 07:43:17.900   3509415.8736    779164.3959   5250975.4836   2   7   0.1271   0.0628   0.0861   0.0540   0.0331   0.0847  -0.10    1.2
2026/04/23 07:43:18.000   3509415.8885    779164.3921   5250975.4787   2   6   0.1272   0.0628   0.0861   0.0540   0.0331   0.0847   0.00    1.1
2026/04/23 07:43:18.100   3509415.8988    779164.3907   5250975.4783   2   5   0.1274   0.0629   0.0862   0.0539   0.0332   0.0845   0.10    1.6
2026/04/23 07:43:18.200   3509415.9092    779164.3893   5250975.4769   2   5   0.1276   0.0629   0.0864   0.0538   0.0333   0.0844   0.20    1.6
2026/04/23 07:43:18.300   3509415.9209    779164.3895   5250975.4738   2   5   0.1278   0.0629   0.0865   0.0538   0.0333   0.0843   0.30    1.6
2026/04/23 07:43:18.400   3509415.9335    779164.3900   5250975.4697   2   5   0.1280   0.0629   0.0866   0.0537   0.0334   0.0842   0.40    1.6
2026/04/23 07:43:18.500   3509415.9418    779164.3887   5250975.4681   2   5   0.1281   0.0629   0.0867   0.0537   0.0334   0.0841  -0.50    1.6
2026/04/23 07:43:18.600   3509415.9463    779164.3879   5250975.4687   2   5   0.1282   0.0629   0.0867   0.0537   0.0335   0.0840  -0.40    1.6
2026/04/23 07:43:18.700   3509415.9508    779164.3890   5250975.4691   2   5   0.1282   0.0629   0.0867   0.0537   0.0335   0.0840  -0.30    1.6
2026/04/23 07:43:18.800   3509415.9564    779164.3888   5250975.4683   2   5   0.1282   0.0628   0.0867   0.0537   0.0335   0.0840  -0.20    1.6
2026/04/23 07:43:18.900   3509415.9609    779164.3883   5250975.4682   2   5   0.1283   0.0628   0.0868   0.0537   0.0335   0.0840  -0.10    1.6
2026/04/23 07:43:19.000   3509415.9626    779164.3881   5250975.4695   2   5   0.1282   0.0628   0.0868   0.0537   0.0335   0.0841   0.00    1.6
2026/04/23 07:43:19.100   3509415.9630    779164.3879   5250975.4725   2   5   0.1282   0.0628   0.0868   0.0537   0.0335   0.0841   0.10    1.6
2026/04/23 07:43:19.200   3509415.9639    779164.3873   5250975.4745   2   5   0.1282   0.0628   0.0868   0.0537   0.0336   0.0841   0.20    1.6
2026/04/23 07:43:19.300   3509415.9608    779164.3874   5250975.4769   2   5   0.1282   0.0628   0.0868   0.0537   0.0336   0.0841   0.30    1.6
2026/04/23 07:43:19.400   3509415.9576    779164.3910   5250975.4774   2   5   0.1283   0.0628   0.0868   0.0537   0.0336   0.0841   0.40    1.6
2026/04/23 07:43:19.500   3509415.9393    779164.3959   5250975.4809   2   6   0.1276   0.0628   0.0868   0.0538   0.0335   0.0842  -0.50    1.9
2026/04/23 07:43:19.600   3509415.9342    779164.3979   5250975.4815   2   6   0.1273   0.0628   0.0868   0.0538   0.0335   0.0842  -0.40    1.9
2026/04/23 07:43:19.700   3509415.9241    779164.3985   5250975.4781   2   6   0.1272   0.0628   0.0868   0.0538   0.0336   0.0842  -0.30    1.9
2026/04/23 07:43:19.800   3509415.9163    779164.3970   5250975.4790   2   6   0.1271   0.0628   0.0868   0.0538   0.0335   0.0841  -0.20    1.9
2026/04/23 07:43:19.900   3509415.9120    779164.3966   5250975.4808   2   6   0.1271   0.0628   0.0868   0.0538   0.0335   0.0841  -0.10    1.9
2026/04/23 07:43:20.000   3509415.9102    779164.3949   5250975.4800   2   6   0.1270   0.0627   0.0868   0.0538   0.0335   0.0841   0.00    1.9
2026/04/23 07:43:20.100   3509415.9043    779164.3945   5250975.4796   2   6   0.1270   0.0627   0.0867   0.0538   0.0335   0.0841   0.10    1.9
2026/04/23 07:43:20.200   3509415.8953    779164.3919   5250975.4826   2   6   0.1270   0.0627   0.0867   0.0538   0.0335   0.0840   0.20    1.9
2026/04/23 07:43:20.300   3509415.8874    779164.3893   5250975.4848   2   6   0.1270   0.0627   0.0867   0.0538   0.0335   0.0840   0.30    1.9
2026/04/23 07:43:20.400   3509415.8860    779164.3923   5250975.4827   2   6   0.1270   0.0627   0.0867   0.0537   0.0335   0.0840   0.40    1.9
2026/04/23 07:43:20.500   3509415.8875    779164.3947   5250975.4772   2   6   0.1269   0.0627   0.0866   0.0537   0.0334   0.0840  -0.50    1.9
2026/04/23 07:43:20.600   3509415.8893    779164.3960   5250975.4718   2   6   0.1269   0.0627   0.0866   0.0537   0.0334   0.0840  -0.40    1.9
2026/04/23 07:43:20.700   3509415.8900    779164.3958   5250975.4680   2   6   0.1269   0.0627   0.0866   0.0537   0.0334   0.0840  -0.30    1.9
2026/04/23 07:43:20.800   3509415.8906    779164.3950   5250975.4638   2   6   0.1269   0.0627   0.0866   0.0537   0.0334   0.0840  -0.20    1.9
2026/04/23 07:43:20.900   3509415.8904    779164.3950   5250975.4577   2   7   0.1269   0.0626   0.0866   0.0537   0.0334   0.0840  -0.10    1.9
2026/04/23 07:43:21.000   3509415.8888    779164.3943   5250975.4520   2   7   0.1269   0.0626   0.0866   0.0537   0.0334   0.0840   0.00    1.9
2026/04/23 07:43:21.100   3509415.8834    779164.3936   5250975.4500   2   7   0.1268   0.0626   0.0865   0.0537   0.0334   0.0839   0.10    1.9
2026/04/23 07:43:21.200   3509415.8761    779164.3940   5250975.4499   2   7   0.1268   0.0626   0.0865   0.0537   0.0334   0.0840   0.20    1.9
2026/04/23 07:43:21.300   3509415.8718    779164.3942   5250975.4472   2   7   0.1268   0.0626   0.0865   0.0537   0.0334   0.0840   0.30    1.9
2026/04/23 07:43:21.400   3509415.8681    779164.3945   5250975.4470   2   7   0.1267   0.0626   0.0865   0.0537   0.0333   0.0840   0.40    1.9
2026/04/23 07:43:21.500   3509415.8652    779164.3940   5250975.4467   2   7   0.1267   0.0626   0.0864   0.0538   0.0333   0.0840  -0.50    1.9
2026/04/23 07:43:21.600   3509415.8635    779164.3939   5250975.4457   2   7   0.1266   0.0626   0.0864   0.0538   0.0333   0.0840  -0.40    1.9
2026/04/23 07:43:21.700   3509415.8654    779164.3940   5250975.4425   2   8   0.1266   0.0626   0.0863   0.0538   0.0333   0.0841  -0.30    1.5
2026/04/23 07:43:21.800   3509415.8680    779164.3958   5250975.4377   2   8   0.1265   0.0625   0.0863   0.0538   0.0333   0.0841  -0.20    1.5
2026/04/23 07:43:21.900   3509415.8681    779164.3958   5250975.4351   2   8   0.1265   0.0625   0.0863   0.0538   0.0332   0.0841  -0.10    1.9
2026/04/23 07:43:22.000   3509415.8679    779164.3967   5250975.4316   2   8   0.1265   0.0625   0.0862   0.0538   0.0332   0.0841   0.00    2.2
2026/04/23 07:43:22.100   3509415.8676    779164.3988   5250975.4291   2   8   0.1264   0.0625   0.0862   0.0538   0.0332   0.0842   0.10    2.2
2026/04/23 07:43:22.200   3509415.8673    779164.4005   5250975.4273   2   8   0.1264   0.0625   0.0861   0.0538   0.0332   0.0842   0.20    2.3
2026/04/23 07:43:22.300   3509415.8660    779164.4011   5250975.4254   2   8   0.1263   0.0625   0.0861   0.0538   0.0332   0.0842   0.30    2.4
2026/04/23 07:43:22.400   3509415.8651    779164.4021   5250975.4241   2   8   0.1263   0.0625   0.0861   0.0538   0.0332   0.0842   0.40    2.4
2026/04/23 07:43:22.500   3509415.8643    779164.4036   5250975.4209   2   8   0.1263   0.0625   0.0860   0.0537   0.0332   0.0842  -0.50    2.4
2026/04/23 07:43:22.600   3509415.8634    779164.4046   5250975.4185   2   8   0.1262   0.0625   0.0860   0.0537   0.0332   0.0843  -0.40    2.4
2026/04/23 07:43:22.700   3509415.8633    779164.4040   5250975.4175   2   8   0.1262   0.0624   0.0860   0.0537   0.0332   0.0843  -0.30    2.3
2026/04/23 07:43:22.800   3509415.8626    779164.4036   5250975.4158   2   8   0.1262   0.0624   0.0859   0.0537   0.0332   0.0843  -0.20    2.3
2026/04/23 07:43:22.900   3509415.8605    779164.4034   5250975.4138   2   8   0.1262   0.0624   0.0859   0.0537   0.0332   0.0843  -0.10    2.2
2026/04/23 07:43:23.000   3509415.8598    779164.4023   5250975.4127   2   8   0.1261   0.0624   0.0859   0.0537   0.0332   0.0843   0.00    2.2
2026/04/23 07:43:23.100   3509415.8592    779164.4018   5250975.4117   2   8   0.1261   0.0624   0.0859   0.0537   0.0332   0.0843   0.10    2.2
2026/04/23 07:43:23.200   3509415.8586    779164.4009   5250975.4107   2   8   0.1261   0.0624   0.0858   0.0537   0.0332   0.0843   0.20    2.2
2026/04/23 07:43:23.300   3509415.8581    779164.3995   5250975.4106   2   8   0.1261   0.0624   0.0858   0.0537   0.0332   0.0843   0.30    2.1
2026/04/23 07:43:23.400   3509415.8573    779164.3988   5250975.4109   2   8   0.1261   0.0624   0.0858   0.0537   0.0332   0.0842   0.40    2.1
2026/04/23 07:43:23.500   3509415.8561    779164.3991   5250975.4104   2   8   0.1261   0.0624   0.0858   0.0537   0.0332   0.0842  -0.50    2.1
2026/04/23 07:43:23.600   3509415.8540    779164.3997   5250975.4102   2   8   0.1260   0.0624   0.0858   0.0537   0.0332   0.0842  -0.40    2.1
2026/04/23 07:43:23.700   3509415.8527    779164.4011   5250975.4096   2   8   0.1260   0.0624   0.0858   0.0537   0.0332   0.0842  -0.30    2.0
2026/04/23 07:43:23.800   3509415.8521    779164.4018   5250975.4086   2   8   0.1260   0.0623   0.0858   0.0537   0.0332   0.0842  -0.20    2.0
2026/04/23 07:43:23.900   3509415.8504    779164.4018   5250975.4082   2   8   0.1260   0.0623   0.0857   0.0537   0.0332   0.0842  -0.10    2.0
2026/04/23 07:43:24.000   3509415.8497    779164.4022   5250975.4062   2   8   0.1260   0.0623   0.0857   0.0537   0.0332   0.0842   0.00    2.0
2026/04/23 07:43:24.100   3509415.8499    779164.4031   5250975.4044   2   8   0.1259   0.0623   0.0857   0.0536   0.0332   0.0842   0.10    2.0
2026/04/23 07:43:24.200   3509415.8501    779164.4032   5250975.4024   2   8   0.1259   0.0623   0.0857   0.0536   0.0332   0.0842   0.20    2.0
2026/04/23 07:43:24.300   3509415.8486    779164.4029   5250975.4011   2   8   0.1259   0.0623   0.0857   0.0536   0.0332   0.0842   0.30    1.9
2026/04/23 07:43:24.400   3509415.8473    779164.4033   5250975.3996   2   8   0.1259   0.0623   0.0857   0.0536   0.0332   0.0842   0.40    1.9
2026/04/23 07:43:24.500   3509415.8471    779164.4030   5250975.3991   2   8   0.1259   0.0623   0.0857   0.0536   0.0332   0.0841  -0.50    1.9
2026/04/23 07:43:24.600   3509415.8460    779164.4029   5250975.3985   2   8   0.1259   0.0623   0.0856   0.0536   0.0332   0.0841  -0.40    1.9
2026/04/23 07:43:24.700   3509415.8456    779164.4036   5250975.3971   2   8   0.1258   0.0623   0.0856   0.0536   0.0332   0.0841  -0.30    1.9
2026/04/23 07:43:24.800   3509415.8448    779164.4035   5250975.3960   2   8   0.1258   0.0622   0.0856   0.0536   0.0332   0.0841  -0.20    1.9
2026/04/23 07:43:24.900   3509415.8463    779164.4036   5250975.3959   2   8   0.1258   0.0622   0.0856   0.0536   0.0332   0.0841  -0.10    1.9
2026/04/23 07:43:25.000   3509415.8482    779164.4033   5250975.3967   2   8   0.1258   0.0622   0.0856   0.0536   0.0332   0.0841   0.00    1.9
2026/04/23 07:43:25.100   3509415.8494    779164.4027   5250975.3990   2   8   0.1258   0.0622   0.0856   0.0536   0.0331   0.0841   0.10    1.8
2026/04/23 07:43:25.200   3509415.8500    779164.4017   5250975.4008   2   8   0.1257   0.0622   0.0856   0.0536   0.0331   0.0841   0.20    1.8
2026/04/23 07:43:25.300   3509415.8513    779164.4015   5250975.4019   2   8   0.1257   0.0622   0.0856   0.0536   0.0331   0.0841   0.30    1.8
2026/04/23 07:43:25.400   3509415.8535    779164.4014   5250975.4032   2   8   0.1257   0.0622   0.0856   0.0536   0.0331   0.0841   0.40    1.8
2026/04/23 07:43:25.500   3509415.8566    779164.4022   5250975.4041   2   8   0.1257   0.0622   0.0855   0.0536   0.0331   0.0841  -0.50    1.8
2026/04/23 07:43:25.600   3509415.8594    779164.4025   5250975.4053   2   8   0.1257   0.0622   0.0855   0.0536   0.0331   0.0840  -0.40    1.8
2026/04/23 07:43:25.700   3509415.8605    779164.4030   5250975.4062   2   8   0.1257   0.0622   0.0855   0.0536   0.0331   0.0840  -0.30    1.8
2026/04/23 07:43:25.800   3509415.8604    779164.4031   5250975.4078   2   8   0.1256   0.0622   0.0855   0.0536   0.0331   0.0840  -0.20    1.8
2026/04/23 07:43:25.900   3509415.8596    779164.4031   5250975.4087   2   8   0.1256   0.0621   0.0855   0.0535   0.0331   0.0840  -0.10    1.7
2026/04/23 07:43:26.000   3509415.8590    779164.4036   5250975.4100   2   8   0.1256   0.0621   0.0855   0.0535   0.0331   0.0840   0.00    1.7
2026/04/23 07:43:26.100   3509415.8591    779164.4035   5250975.4107   2   8   0.1256   0.0621   0.0855   0.0535   0.0331   0.0840   0.10    1.7
2026/04/23 07:43:26.200   3509415.8587    779164.4044   5250975.4112   2   8   0.1256   0.0621   0.0855   0.0535   0.0331   0.0840   0.20    1.7
2026/04/23 07:43:26.300   3509415.8588    779164.4057   5250975.4105   2   8   0.1255   0.0621   0.0855   0.0535   0.0331   0.0840   0.30    1.7
2026/04/23 07:43:26.400   3509415.8588    779164.4050   5250975.4110   2   8   0.1255   0.0621   0.0855   0.0535   0.0331   0.0840   0.40    1.6
2026/04/23 07:43:26.500   3509415.8589    779164.4052   5250975.4110   2   8   0.1255   0.0621   0.0855   0.0535   0.0331   0.0840  -0.50    1.6
2026/04/23 07:43:26.600   3509415.8584    779164.4070   5250975.4109   2   8   0.1255   0.0621   0.0854   0.0535   0.0331   0.0839  -0.40    1.6
2026/04/23 07:43:26.700   3509415.8576    779164.4078   5250975.4114   2   8   0.1255   0.0621   0.0854   0.0535   0.0331   0.0839  -0.30    1.6
2026/04/23 07:43:26.800   3509415.8560    779164.4072   5250975.4124   2   8   0.1255   0.0621   0.0854   0.0535   0.0331   0.0839  -0.20    1.6
2026/04/23 07:43:26.900   3509415.8535    779164.4064   5250975.4136   2   8   0.1254   0.0621   0.0854   0.0535   0.0331   0.0839  -0.10    1.5
2026/04/23 07:43:27.000   3509415.8509    779164.4057   5250975.4141   2   8   0.1254   0.0620   0.0854   0.0535   0.0331   0.0839   0.00    1.5
2026/04/23 07:43:27.100   3509415.8494    779164.4055   5250975.4133   2   8   0.1254   0.0620   0.0854   0.0535   0.0331   0.0839   0.10    1.5
2026/04/23 07:43:27.200   3509415.8471    779164.4061   5250975.4131   2   8   0.1254   0.0620   0.0854   0.0535   0.0331   0.0839   0.20    1.5
2026/04/23 07:43:27.300   3509415.8437    779164.4058   5250975.4129   2   8   0.1254   0.0620   0.0854   0.0535   0.0331   0.0839   0.30    1.5
2026/04/23 07:43:27.400   3509415.8393    779164.4047   5250975.4127   2   8   0.1253   0.0620   0.0854   0.0535   0.0331   0.0839   0.40    1.5
2026/04/23 07:43:27.500   3509415.8346    779164.4043   5250975.4116   2   8   0.1253   0.0620   0.0854   0.0535   0.0331   0.0839  -0.50    1.5
2026/04/23 07:43:27.600   3509415.8301    779164.4040   5250975.4104   2   8   0.1253   0.0620   0.0854   0.0534   0.0331   0.0838  -0.40    1.4
2026/04/23 07:43:27.700   3509415.8268    779164.4027   5250975.4087   2   8   0.1253   0.0620   0.0853   0.0534   0.0331   0.0838  -0.30    1.4
2026/04/23 07:43:27.800   3509415.8237    779164.4013   5250975.4075   2   8   0.1253   0.0620   0.0853   0.0534   0.0331   0.0838  -0.20    1.4
2026/04/23 07:43:27.900   3509415.8208    779164.4004   5250975.4061   2   8   0.1252   0.0620   0.0853   0.0534   0.0331   0.0838  -0.10    1.4
2026/04/23 07:43:28.000   3509415.8190    779164.3989   5250975.4048   2   8   0.1252   0.0619   0.0853   0.0534   0.0331   0.0838   0.00    1.4
2026/04/23 07:43:28.100   3509415.8188    779164.3976   5250975.4036   2   8   0.1252   0.0619   0.0853   0.0534   0.0331   0.0838   0.10    1.4
2026/04/23 07:43:28.200   3509415.8176    779164.3952   5250975.4039   2   8   0.1252   0.0619   0.0853   0.0534   0.0331   0.0838   0.20    1.4
2026/04/23 07:43:28.300   3509415.8167    779164.3945   5250975.4032   2   8   0.1252   0.0619   0.0853   0.0534   0.0331   0.0838   0.30    1.4
2026/04/23 07:43:28.400   3509415.8170    779164.3951   5250975.4021   2   8   0.1252   0.0619   0.0853   0.0534   0.0331   0.0838   0.40    1.3
2026/04/23 07:43:28.500   3509415.8174    779164.3945   5250975.4014   2   8   0.1251   0.0619   0.0853   0.0534   0.0331   0.0838  -0.50    1.3
2026/04/23 07:43:28.600   3509415.8174    779164.3935   5250975.4012   2   8   0.1251   0.0619   0.0853   0.0534   0.0331   0.0837  -0.40    1.3
2026/04/23 07:43:28.700   3509415.8172    779164.3934   5250975.4004   2   8   0.1251   0.0619   0.0853   0.0534   0.0331   0.0837  -0.30    1.3
2026/04/23 07:43:28.800   3509415.8080    779164.3976   5250975.4072   2   8   0.1251   0.0619   0.0852   0.0534   0.0331   0.0837  -0.20    1.3
2026/04/23 07:43:28.900   3509415.7710    779164.4158   5250975.4417   2   7   0.1252   0.0619   0.0852   0.0533   0.0330   0.0837  -0.10    1.0
2026/04/23 07:43:29.000   3509415.7006    779164.4298   5250975.4891   2   8   0.1251   0.0619   0.0852   0.0533   0.0330   0.0837   0.00    1.3
2026/04/23 07:43:29.100   3509415.6188    779164.4430   5250975.5505   2   8   0.1251   0.0618   0.0852   0.0533   0.0330   0.0837   0.10    1.3
2026/04/23 07:43:29.200   3509415.5500    779164.4583   5250975.6040   2   8   0.1251   0.0618   0.0852   0.0533   0.0330   0.0837   0.20    1.3
2026/04/23 07:43:29.300   3509415.4948    779164.4740   5250975.6491   2   8   0.1250   0.0618   0.0852   0.0533   0.0330   0.0837   0.30    1.3
2026/04/23 07:43:29.400   3509415.4599    779164.4875   5250975.6791   2   8   0.1250   0.0618   0.0852   0.0533   0.0330   0.0837   0.40    1.2
2026/04/23 07:43:29.500   3509415.4246    779164.4947   5250975.6896   2   7   0.1251   0.0618   0.0852   0.0533   0.0330   0.0837  -0.50    1.0
2026/04/23 07:43:29.600   3509415.4057    779164.4944   5250975.6937   2   7   0.1252   0.0618   0.0852   0.0533   0.0330   0.0837  -0.40    1.0
2026/04/23 07:43:29.700   3509415.4061    779164.4895   5250975.6901   2   7   0.1253   0.0618   0.0852   0.0533   0.0330   0.0838  -0.30    1.0
2026/04/23 07:43:29.800   3509415.4140    779164.4830   5250975.6862   2   7   0.1253   0.0618   0.0852   0.0533   0.0330   0.0838  -0.20    1.0
2026/04/23 07:43:29.900   3509415.4257    779164.4772   5250975.6809   2   7   0.1254   0.0618   0.0852   0.0533   0.0330   0.0838  -0.10    1.0
2026/04/23 07:43:30.000   3509415.4423    779164.4726   5250975.6725   2   7   0.1254   0.0618   0.0853   0.0533   0.0330   0.0839   0.00    1.0
2026/04/23 07:43:30.100   3509415.4559    779164.4668   5250975.6631   2   7   0.1254   0.0618   0.0853   0.0533   0.0330   0.0839   0.10    1.0
2026/04/23 07:43:30.200   3509415.4696    779164.4623   5250975.6556   2   7   0.1254   0.0618   0.0853   0.0533   0.0331   0.0839   0.20    1.0
2026/04/23 07:43:30.300   3509415.4818    779164.4576   5250975.6482   2   7   0.1254   0.0618   0.0853   0.0533   0.0331   0.0839   0.30    1.0
2026/04/23 07:43:30.400   3509415.4914    779164.4537   5250975.6419   2   7   0.1254   0.0618   0.0853   0.0533   0.0331   0.0840   0.40    1.0
2026/04/23 07:43:30.500   3509415.4995    779164.4519   5250975.6370   2   7   0.1254   0.0617   0.0853   0.0533   0.0331   0.0840  -0.50    1.0
2026/04/23 07:43:30.600   3509415.5055    779164.4493   5250975.6339   2   7   0.1254   0.0617   0.0853   0.0533   0.0331   0.0840  -0.40    1.0
2026/04/23 07:43:30.700   3509415.5085    779164.4474   5250975.6320   2   7   0.1254   0.0617   0.0853   0.0533   0.0331   0.0840  -0.30    1.0
2026/04/23 07:43:30.800   3509415.5086    779164.4460   5250975.6314   2   7   0.1254   0.0617   0.0853   0.0533   0.0331   0.0840  -0.20    1.0
2026/04/23 07:43:30.900   3509415.5074    779164.4457   5250975.6319   2   7   0.1254   0.0617   0.0853   0.0533   0.0331   0.0840  -0.10    1.0
2026/04/23 07:43:31.000   3509415.5061    779164.4452   5250975.6336   2   7   0.1254   0.0617   0.0853   0.0533   0.0331   0.0840   0.00    1.0
2026/04/23 07:43:31.100   3509415.5008    779164.4445   5250975.6358   2   7   0.1254   0.0617   0.0853   0.0533   0.0331   0.0840   0.10    1.0
2026/04/23 07:43:31.200   3509415.4951    779164.4449   5250975.6386   2   7   0.1254   0.0617   0.0853   0.0533   0.0331   0.0840   0.20    1.0
2026/04/23 07:43:31.300   3509415.4891    779164.4462   5250975.6416   2   7   0.1254   0.0617   0.0853   0.0533   0.0331   0.0840   0.30    1.0
2026/04/23 07:43:31.400   3509415.4832    779164.4467   5250975.6442   2   7   0.1254   0.0617   0.0853   0.0533   0.0331   0.0840   0.40    1.0
2026/04/23 07:43:31.500   3509415.4794    779164.4468   5250975.6453   2   7   0.1254   0.0617   0.0853   0.0533   0.0331   0.0840  -0.50    1.0
2026/04/23 07:43:31.600   3509415.4758    779164.4474   5250975.6466   2   7   0.1254   0.0617   0.0853   0.0533   0.0331   0.0840  -0.40    1.0
2026/04/23 07:43:31.700   3509415.4725    779164.4473   5250975.6488   2   7   0.1253   0.0616   0.0853   0.0533   0.0331   0.0840  -0.30    1.1
2026/04/23 07:43:31.800   3509415.4711    779164.4460   5250975.6507   2   7   0.1253   0.0616   0.0853   0.0533   0.0331   0.0840  -0.20    1.1
2026/04/23 07:43:31.900   3509415.4719    779164.4438   5250975.6515   2   7   0.1253   0.0616   0.0853   0.0532   0.0331   0.0840  -0.10    1.1
2026/04/23 07:43:32.000   3509415.4717    779164.4420   5250975.6519   2   7   0.1253   0.0616   0.0853   0.0532   0.0331   0.0840   0.00    1.1
2026/04/23 07:43:32.100   3509415.4712    779164.4405   5250975.6534   2   7   0.1253   0.0616   0.0853   0.0532   0.0331   0.0839   0.10    1.1
2026/04/23 07:43:32.200   3509415.4700    779164.4397   5250975.6545   2   7   0.1253   0.0616   0.0853   0.0532   0.0331   0.0839   0.20    1.1
2026/04/23 07:43:32.300   3509415.4684    779164.4393   5250975.6556   2   7   0.1253   0.0616   0.0853   0.0532   0.0331   0.0839   0.30    1.1
2026/04/23 07:43:32.400   3509415.4661    779164.4395   5250975.6573   2   7   0.1253   0.0616   0.0853   0.0532   0.0331   0.0839   0.40    1.1
2026/04/23 07:43:32.500   3509415.4642    779164.4387   5250975.6586   2   7   0.1253   0.0616   0.0853   0.0532   0.0331   0.0839  -0.50    1.1
2026/04/23 07:43:32.600   3509415.4613    779164.4379   5250975.6598   2   7   0.1253   0.0616   0.0853   0.0532   0.0331   0.0839  -0.40    1.1
2026/04/23 07:43:32.700   3509415.4595    779164.4377   5250975.6608   2   7   0.1253   0.0616   0.0853   0.0532   0.0331   0.0839  -0.30    1.1
2026/04/23 07:43:32.800   3509415.4608    779164.4361   5250975.6613   2   7   0.1252   0.0616   0.0852   0.0532   0.0331   0.0839  -0.20    1.1
2026/04/23 07:43:32.900   3509415.4615    779164.4347   5250975.6617   2   7   0.1252   0.0615   0.0852   0.0532   0.0331   0.0839  -0.10    1.1
2026/04/23 07:43:33.000   3509415.4612    779164.4336   5250975.6621   2   7   0.1252   0.0615   0.0852   0.0532   0.0331   0.0839   0.00    1.1
2026/04/23 07:43:33.100   3509415.4603    779164.4334   5250975.6631   2   7   0.1252   0.0615   0.0852   0.0532   0.0331   0.0839   0.10    1.1
2026/04/23 07:43:33.200   3509415.4602    779164.4333   5250975.6634   2   7   0.1252   0.0615   0.0852   0.0532   0.0331   0.0839   0.20    1.1
2026/04/23 07:43:33.300   3509415.4609    779164.4325   5250975.6652   2   7   0.1252   0.0615   0.0852   0.0532   0.0331   0.0839   0.30    1.1
2026/04/23 07:43:33.400   3509415.4612    779164.4322   5250975.6671   2   7   0.1252   0.0615   0.0852   0.0532   0.0331   0.0839   0.40    1.1
2026/04/23 07:43:33.500   3509415.4624    779164.4317   5250975.6681   2   7   0.1252   0.0615   0.0852   0.0532   0.0331   0.0839  -0.50    1.1
2026/04/23 07:43:33.600   3509415.4629    779164.4307   5250975.6690   2   7   0.1252   0.0615   0.0852   0.0532   0.0331   0.0839  -0.40    1.1
2026/04/23 07:43:33.700   3509415.4620    779164.4306   5250975.6700   2   7   0.1252   0.0615   0.0852   0.0531   0.0331   0.0839  -0.30    1.1
2026/04/23 07:43:33.800   3509415.4611    779164.4305   5250975.6717   2   7   0.1252   0.0615   0.0852   0.0531   0.0331   0.0839  -0.20    1.1
2026/04/23 07:43:33.900   3509415.4618    779164.4297   5250975.6736   2   7   0.1251   0.0615   0.0852   0.0531   0.0331   0.0839  -0.10    1.1
2026/04/23 07:43:34.000   3509415.4617    779164.4290   5250975.6753   2   7   0.1251   0.0614   0.0852   0.0531   0.0331   0.0839   0.00    1.1
2026/04/23 07:43:34.100   3509415.4613    779164.4288   5250975.6769   2   7   0.1251   0.0614   0.0852   0.0531   0.0331   0.0839   0.10    1.1
2026/04/23 07:43:34.200   3509415.4600    779164.4288   5250975.6785   2   7   0.1251   0.0614   0.0852   0.0531   0.0331   0.0839   0.20    1.1
2026/04/23 07:43:34.300   3509415.4594    779164.4283   5250975.6800   2   7   0.1251   0.0614   0.0852   0.0531   0.0331   0.0838   0.30    1.1
2026/04/23 07:43:34.400   3509415.4597    779164.4285   5250975.6809   2   7   0.1251   0.0614   0.0852   0.0531   0.0331   0.0838   0.40    1.1
2026/04/23 07:43:34.500   3509415.4608    779164.4281   5250975.6816   2   7   0.1251   0.0614   0.0852   0.0531   0.0331   0.0838  -0.50    1.2
2026/04/23 07:43:34.600   3509415.4610    779164.4275   5250975.6828   2   7   0.1251   0.0614   0.0851   0.0531   0.0331   0.0838  -0.40    1.2
2026/04/23 07:43:34.700   3509415.4611    779164.4278   5250975.6837   2   7   0.1251   0.0614   0.0851   0.0531   0.0331   0.0838  -0.30    1.2
2026/04/23 07:43:34.800   3509415.4622    779164.4272   5250975.6843   2   7   0.1251   0.0614   0.0851   0.0531   0.0331   0.0838  -0.20    1.2
2026/04/23 07:43:34.900   3509415.4642    779164.4266   5250975.6847   2   7   0.1251   0.0614   0.0851   0.0531   0.0331   0.0838  -0.10    1.2
2026/04/23 07:43:35.000   3509415.4655    779164.4257   5250975.6862   2   7   0.1250   0.0614   0.0851   0.0531   0.0331   0.0838   0.00    1.2
2026/04/23 07:43:35.100   3509415.4655    779164.4257   5250975.6884   2   7   0.1250   0.0614   0.0851   0.0531   0.0331   0.0838   0.10    1.2
2026/04/23 07:43:35.200   3509415.4661    779164.4251   5250975.6893   2   7   0.1250   0.0613   0.0851   0.0531   0.0331   0.0838   0.20    1.2
2026/04/23 07:43:35.300   3509415.4652    779164.4244   5250975.6900   2   7   0.1250   0.0613   0.0851   0.0531   0.0331   0.0838   0.30    1.2
2026/04/23 07:43:35.400   3509415.4656    779164.4250   5250975.6916   2   7   0.1250   0.0613   0.0851   0.0531   0.0331   0.0838   0.40    1.2
2026/04/23 07:43:35.500   3509415.4663    779164.4259   5250975.6926   2   7   0.1250   0.0613   0.0851   0.0531   0.0331   0.0838  -0.50    1.2
2026/04/23 07:43:35.600   3509415.4673    779164.4251   5250975.6941   2   7   0.1250   0.0613   0.0851   0.0531   0.0331   0.0838  -0.40    1.2
2026/04/23 07:43:35.700   3509415.4688    779164.4252   5250975.6954   2   7   0.1250   0.0613   0.0851   0.0531   0.0331   0.0838  -0.30    1.2
2026/04/23 07:43:35.800   3509415.4703    779164.4256   5250975.6967   2   7   0.1250   0.0613   0.0851   0.0531   0.0331   0.0838  -0.20    1.2
2026/04/23 07:43:35.900   3509415.4717    779164.4258   5250975.6980   2   7   0.1250   0.0613   0.0851   0.0530   0.0331   0.0838  -0.10    1.2
2026/04/23 07:43:36.000   3509415.4729    779164.4254   5250975.6994   2   7   0.1250   0.0613   0.0851   0.0530   0.0331   0.0838   0.00    1.2
2026/04/23 07:43:36.100   3509415.4744    779164.4253   5250975.7008   2   7   0.1250   0.0613   0.0851   0.0530   0.0331   0.0838   0.10    1.2
2026/04/23 07:43:36.200   3509415.4762    779164.4261   5250975.7018   2   7   0.1250   0.0613   0.0851   0.0530   0.0331   0.0838   0.20    1.2
2026/04/23 07:43:36.300   3509415.4783    779164.4263   5250975.7030   2   7   0.1249   0.0613   0.0851   0.0530   0.0331   0.0838   0.30    1.2
2026/04/23 07:43:36.400   3509415.4794    779164.4260   5250975.7038   2   7   0.1249   0.0612   0.0851   0.0530   0.0331   0.0838   0.40    1.2
2026/04/23 07:43:36.500   3509415.4787    779164.4258   5250975.7046   2   7   0.1249   0.0612   0.0851   0.0530   0.0331   0.0838  -0.50    1.2
2026/04/23 07:43:36.600   3509415.4782    779164.4251   5250975.7053   2   7   0.1249   0.0612   0.0851   0.0530   0.0331   0.0838  -0.40    1.2
2026/04/23 07:43:36.700   3509415.4774    779164.4253   5250975.7064   2   7   0.1249   0.0612   0.0851   0.0530   0.0331   0.0838  -0.30    1.2
2026/04/23 07:43:36.800   3509415.4761    779164.4248   5250975.7076   2   7   0.1249   0.0612   0.0850   0.0530   0.0331   0.0838  -0.20    1.2
2026/04/23 07:43:36.900   3509415.4750    779164.4246   5250975.7085   2   7   0.1249   0.0612   0.0850   0.0530   0.0331   0.0838  -0.10    1.2
2026/04/23 07:43:37.000   3509415.4738    779164.4249   5250975.7096   2   7   0.1249   0.0612   0.0850   0.0530   0.0331   0.0838   0.00    1.2
2026/04/23 07:43:37.100   3509415.4734    779164.4252   5250975.7109   2   7   0.1249   0.0612   0.0850   0.0530   0.0331   0.0838   0.10    1.2
2026/04/23 07:43:37.200   3509415.4713    779164.4251   5250975.7118   2   7   0.1249   0.0612   0.0850   0.0530   0.0331   0.0838   0.20    1.2
2026/04/23 07:43:37.300   3509415.4688    779164.4256   5250975.7123   2   7   0.1249   0.0612   0.0850   0.0530   0.0331   0.0838   0.30    1.2
2026/04/23 07:43:37.400   3509415.4672    779164.4257   5250975.7121   2   7   0.1249   0.0612   0.0850   0.0530   0.0331   0.0838   0.40    1.2
2026/04/23 07:43:37.500   3509415.4660    779164.4251   5250975.7120   2   7   0.1249   0.0612   0.0850   0.0530   0.0331   0.0837  -0.50    1.2
2026/04/23 07:43:37.600   3509415.4656    779164.4231   5250975.7122   2   7   0.1248   0.0611   0.0850   0.0530   0.0331   0.0837  -0.40    1.2
2026/04/23 07:43:37.700   3509415.4653    779164.4228   5250975.7116   2   7   0.1248   0.0611   0.0850   0.0530   0.0331   0.0837  -0.30    1.3
2026/04/23 07:43:37.800   3509415.4655    779164.4243   5250975.7094   2   7   0.1248   0.0611   0.0850   0.0530   0.0331   0.0837  -0.20    1.3
2026/04/23 07:43:37.900   3509415.4665    779164.4255   5250975.7060   2   7   0.1248   0.0611   0.0850   0.0530   0.0331   0.0837  -0.10    1.3
2026/04/23 07:43:38.000   3509415.4656    779164.4261   5250975.7039   2   7   0.1248   0.0611   0.0850   0.0530   0.0331   0.0837   0.00    1.3
2026/04/23 07:43:38.100   3509415.4645    779164.4268   5250975.7032   2   7   0.1248   0.0611   0.0850   0.0529   0.0331   0.0837   0.10    1.3
2026/04/23 07:43:38.200   3509415.4641    779164.4269   5250975.7028   2   7   0.1248   0.0611   0.0850   0.0529   0.0331   0.0837   0.20    1.3
2026/04/23 07:43:38.300   3509415.4625    779164.4265   5250975.7024   2   7   0.1248   0.0611   0.0850   0.0529   0.0331   0.0837   0.30    1.3
2026/04/23 07:43:38.400   3509415.4624    779164.4260   5250975.7011   2   7   0.1248   0.0611   0.0850   0.0529   0.0331   0.0837   0.40    1.3
2026/04/23 07:43:38.500   3509415.4612    779164.4254   5250975.7005   2   7   0.1248   0.0611   0.0850   0.0529   0.0331   0.0837  -0.50    1.3
2026/04/23 07:43:38.600   3509415.4603    779164.4246   5250975.6999   2   7   0.1248   0.0611   0.0850   0.0529   0.0331   0.0837  -0.40    1.3
2026/04/23 07:43:38.700   3509415.4595    779164.4237   5250975.6995   2   7   0.1248   0.0610   0.0849   0.0529   0.0331   0.0837  -0.30    1.3
2026/04/23 07:43:38.800   3509415.4584    779164.4229   5250975.6995   2   7   0.1247   0.0610   0.0849   0.0529   0.0331   0.0837  -0.20    1.3
2026/04/23 07:43:38.900   3509415.4568    779164.4229   5250975.7005   2   7   0.1247   0.0610   0.0849   0.0529   0.0331   0.0837  -0.10    1.3
2026/04/23 07:43:39.000   3509415.4556    779164.4228   5250975.7006   2   7   0.1247   0.0610   0.0849   0.0529   0.0331   0.0837   0.00    1.3
2026/04/23 07:43:39.100   3509415.4554    779164.4228   5250975.7009   2   7   0.1247   0.0610   0.0849   0.0529   0.0331   0.0837   0.10    1.3
2026/04/23 07:43:39.200   3509415.4547    779164.4226   5250975.7012   2   7   0.1247   0.0610   0.0849   0.0529   0.0331   0.0837   0.20    1.3
2026/04/23 07:43:39.300   3509415.4547    779164.4229   5250975.7011   2   7   0.1247   0.0610   0.0849   0.0529   0.0331   0.0837   0.30    1.3
2026/04/23 07:43:39.400   3509415.4553    779164.4240   5250975.7009   2   7   0.1247   0.0610   0.0849   0.0529   0.0331   0.0837   0.40    1.3
2026/04/23 07:43:39.500   3509415.4545    779164.4243   5250975.7012   2   7   0.1247   0.0610   0.0849   0.0529   0.0331   0.0837  -0.50    1.3
2026/04/23 07:43:39.600   3509415.4536    779164.4235   5250975.7018   2   7   0.1247   0.0610   0.0849   0.0529   0.0331   0.0837  -0.40    1.3
2026/04/23 07:43:39.700   3509415.4532    779164.4232   5250975.7031   2   7   0.1247   0.0610   0.0849   0.0529   0.0331   0.0837  -0.30    1.3
2026/04/23 07:43:39.800   3509415.4536    779164.4227   5250975.7043   2   7   0.1247   0.0610   0.0849   0.0529   0.0331   0.0837  -0.20    1.3
2026/04/23 07:43:39.900   3509415.4538    779164.4220   5250975.7044   2   7   0.1247   0.0609   0.0849   0.0529   0.0331   0.0837  -0.10    1.3
2026/04/23 07:43:40.000   3509415.4528    779164.4215   5250975.7050   2   7   0.1246   0.0609   0.0849   0.0529   0.0331   0.0837   0.00    1.3
2026/04/23 07:43:40.100   3509415.4524    779164.4217   5250975.7061   2   7   0.1246   0.0609   0.0849   0.0529   0.0331   0.0836   0.10    1.3
2026/04/23 07:43:40.200   3509415.4522    779164.4215   5250975.7074   2   7   0.1246   0.0609   0.0849   0.0528   0.0331   0.0836   0.20    1.3
2026/04/23 07:43:40.300   3509415.4527    779164.4220   5250975.7080   2   7   0.1246   0.0609   0.0849   0.0528   0.0331   0.0836   0.30    1.3
2026/04/23 07:43:40.400   3509415.4527    779164.4229   5250975.7092   2   7   0.1246   0.0609   0.0848   0.0528   0.0331   0.0836   0.40    1.3
2026/04/23 07:43:40.500   3509415.4529    779164.4233   5250975.7104   2   7   0.1246   0.0609   0.0848   0.0528   0.0331   0.0836  -0.50    1.3
2026/04/23 07:43:40.600   3509415.4527    779164.4241   5250975.7112   2   7   0.1246   0.0609   0.0848   0.0528   0.0331   0.0836  -0.40    1.3
2026/04/23 07:43:40.700   3509415.4519    779164.4241   5250975.7115   2   7   0.1246   0.0609   0.0848   0.0528   0.0331   0.0836  -0.30    1.3
2026/04/23 07:43:40.800   3509415.4515    779164.4238   5250975.7121   2   7   0.1246   0.0609   0.0848   0.0528   0.0331   0.0836  -0.20    1.3
2026/04/23 07:43:40.900   3509415.4506    779164.4242   5250975.7142   2   7   0.1246   0.0609   0.0848   0.0528   0.0331   0.0836  -0.10    1.3
2026/04/23 07:43:41.000   3509415.4495    779164.4247   5250975.7157   2   7   0.1246   0.0609   0.0848   0.0528   0.0330   0.0836   0.00    1.3
2026/04/23 07:43:41.100   3509415.4480    779164.4252   5250975.7168   2   7   0.1245   0.0608   0.0848   0.0528   0.0330   0.0836   0.10    1.3
2026/04/23 07:43:41.200   3509415.4486    779164.4252   5250975.7177   2   7   0.1245   0.0608   0.0848   0.0528   0.0330   0.0836   0.20    1.3
2026/04/23 07:43:41.300   3509415.4490    779164.4244   5250975.7190   2   7   0.1245   0.0608   0.0848   0.0528   0.0330   0.0836   0.30    1.3
2026/04/23 07:43:41.400   3509415.4498    779164.4232   5250975.7196   2   7   0.1245   0.0608   0.0848   0.0528   0.0330   0.0836   0.40    1.3
2026/04/23 07:43:41.500   3509415.4514    779164.4222   5250975.7204   2   7   0.1245   0.0608   0.0848   0.0528   0.0330   0.0836  -0.50    1.3
2026/04/23 07:43:41.600   3509415.4526    779164.4213   5250975.7214   2   7   0.1245   0.0608   0.0848   0.0528   0.0330   0.0836  -0.40    1.3
2026/04/23 07:43:41.700   3509415.4525    779164.4203   5250975.7226   2   7   0.1245   0.0608   0.0848   0.0528   0.0330   0.0836  -0.30    1.3
2026/04/23 07:43:41.800   3509415.4519    779164.4194   5250975.7234   2   7   0.1245   0.0608   0.0848   0.0528   0.0330   0.0836  -0.20    1.3
2026/04/23 07:43:41.900   3509415.4506    779164.4199   5250975.7246   2   7   0.1245   0.0608   0.0848   0.0528   0.0330   0.0836  -0.10    1.3
2026/04/23 07:43:42.000   3509415.4492    779164.4203   5250975.7253   2   7   0.1245   0.0608   0.0847   0.0528   0.0330   0.0836   0.00    1.3
2026/04/23 07:43:42.100   3509415.4486    779164.4203   5250975.7256   2   7   0.1245   0.0608   0.0847   0.0528   0.0330   0.0836   0.10    1.3
2026/04/23 07:43:42.200   3509415.4465    779164.4212   5250975.7256   2   7   0.1244   0.0608   0.0847   0.0527   0.0330   0.0836   0.20    1.3
2026/04/23 07:43:42.300   3509415.4443    779164.4218   5250975.7258   2   7   0.1244   0.0607   0.0847   0.0527   0.0330   0.0835   0.30    1.3
2026/04/23 07:43:42.400   3509415.4419    779164.4212   5250975.7263   2   7   0.1244   0.0607   0.0847   0.0527   0.0330   0.0835   0.40    1.3
2026/04/23 07:43:42.500   3509415.4403    779164.4197   5250975.7264   2   7   0.1244   0.0607   0.0847   0.0527   0.0330   0.0835  -0.50    1.3
2026/04/23 07:43:42.600   3509415.4389    779164.4185   5250975.7261   2   7   0.1244   0.0607   0.0847   0.0527   0.0330   0.0835  -0.40    1.3
2026/04/23 07:43:42.700   3509415.4390    779164.4182   5250975.7256   2   7   0.1244   0.0607   0.0847   0.0527   0.0330   0.0835  -0.30    1.3
2026/04/23 07:43:42.800   3509415.4398    779164.4174   5250975.7253   2   7   0.1244   0.0607   0.0847   0.0527   0.0330   0.0835  -0.20    1.3
2026/04/23 07:43:42.900   3509415.4407    779164.4165   5250975.7250   2   7   0.1244   0.0607   0.0847   0.0527   0.0330   0.0835  -0.10    1.3
2026/04/23 07:43:43.000   3509415.4400    779164.4155   5250975.7261   2   7   0.1244   0.0607   0.0847   0.0527   0.0330   0.0835   0.00    1.3
2026/04/23 07:43:43.100   3509415.4385    779164.4154   5250975.7279   2   7   0.1244   0.0607   0.0847   0.0527   0.0330   0.0835   0.10    1.3
2026/04/23 07:43:43.200   3509415.4381    779164.4148   5250975.7291   2   7   0.1244   0.0607   0.0847   0.0527   0.0330   0.0835   0.20    1.3
2026/04/23 07:43:43.300   3509415.4382    779164.4151   5250975.7304   2   7   0.1243   0.0607   0.0847   0.0527   0.0330   0.0835   0.30    1.3
2026/04/23 07:43:43.400   3509415.4398    779164.4159   5250975.7319   2   7   0.1243   0.0607   0.0847   0.0527   0.0330   0.0835   0.40    1.3
2026/04/23 07:43:43.500   3509415.4414    779164.4161   5250975.7335   2   7   0.1243   0.0606   0.0847   0.0527   0.0330   0.0835  -0.50    1.3
2026/04/23 07:43:43.600   3509415.4425    779164.4156   5250975.7338   2   7   0.1243   0.0606   0.0846   0.0527   0.0330   0.0835  -0.40    1.3
2026/04/23 07:43:43.700   3509415.4419    779164.4152   5250975.7356   2   7   0.1243   0.0606   0.0846   0.0527   0.0330   0.0835  -0.30    1.3
2026/04/23 07:43:43.800   3509415.4421    779164.4161   5250975.7375   2   7   0.1243   0.0606   0.0846   0.0527   0.0330   0.0835  -0.20    1.3
2026/04/23 07:43:43.900   3509415.4418    779164.4170   5250975.7389   2   7   0.1243   0.0606   0.0846   0.0527   0.0330   0.0835  -0.10    1.3
2026/04/23 07:43:44.000   3509415.4415    779164.4173   5250975.7404   2   7   0.1243   0.0606   0.0846   0.0527   0.0330   0.0835   0.00    1.3
2026/04/23 07:43:44.100   3509415.4410    779164.4165   5250975.7417   2   7   0.1243   0.0606   0.0846   0.0527   0.0330   0.0835   0.10    1.3
2026/04/23 07:43:44.200   3509415.4417    779164.4166   5250975.7424   2   7   0.1243   0.0606   0.0846   0.0526   0.0330   0.0835   0.20    1.3
2026/04/23 07:43:44.300   3509415.4427    779164.4161   5250975.7429   2   7   0.1243   0.0606   0.0846   0.0526   0.0330   0.0835   0.30    1.3
2026/04/23 07:43:44.400   3509415.4429    779164.4158   5250975.7440   2   7   0.1242   0.0606   0.0846   0.0526   0.0330   0.0834   0.40    1.3
2026/04/23 07:43:44.500   3509415.4432    779164.4157   5250975.7452   2   7   0.1242   0.0606   0.0846   0.0526   0.0330   0.0834  -0.50    1.3
2026/04/23 07:43:44.600   3509415.4433    779164.4155   5250975.7467   2   7   0.1242   0.0606   0.0846   0.0526   0.0330   0.0834  -0.40    1.3
2026/04/23 07:43:44.700   3509415.4429    779164.4149   5250975.7482   2   7   0.1242   0.0605   0.0846   0.0526   0.0330   0.0834  -0.30    1.3
2026/04/23 07:43:44.800   3509415.4431    779164.4141   5250975.7493   2   7   0.1242   0.0605   0.0846   0.0526   0.0330   0.0834  -0.20    1.3
2026/04/23 07:43:44.900   3509415.4420    779164.4131   5250975.7501   2   7   0.1242   0.0605   0.0845   0.0526   0.0330   0.0834  -0.10    1.3
2026/04/23 07:43:45.000   3509415.4414    779164.4119   5250975.7511   2   7   0.1242   0.0605   0.0845   0.0526   0.0330   0.0834   0.00    1.3
2026/04/23 07:43:45.100   3509415.4412    779164.4116   5250975.7512   2   7   0.1242   0.0605   0.0845   0.0526   0.0330   0.0834   0.10    1.3
2026/04/23 07:43:45.200   3509415.4408    779164.4121   5250975.7513   2   7   0.1242   0.0605   0.0845   0.0526   0.0330   0.0834   0.20    1.2
2026/04/23 07:43:45.300   3509415.4403    779164.4139   5250975.7518   2   7   0.1242   0.0605   0.0845   0.0526   0.0330   0.0834   0.30    1.2
2026/04/23 07:43:45.400   3509415.4406    779164.4151   5250975.7514   2   7   0.1242   0.0605   0.0845   0.0526   0.0330   0.0834   0.40    1.2
2026/04/23 07:43:45.500   3509415.4400    779164.4152   5250975.7514   2   7   0.1241   0.0605   0.0845   0.0526   0.0330   0.0834  -0.50    1.2
2026/04/23 07:43:45.600   3509415.4378    779164.4157   5250975.7515   2   7   0.1241   0.0605   0.0845   0.0526   0.0330   0.0834  -0.40    1.2
2026/04/23 07:43:45.700   3509415.4374    779164.4161   5250975.7505   2   7   0.1241   0.0605   0.0845   0.0526   0.0330   0.0834  -0.30    1.2
2026/04/23 07:43:45.800   3509415.4362    779164.4161   5250975.7502   2   7   0.1241   0.0605   0.0845   0.0526   0.0330   0.0834  -0.20    1.2
2026/04/23 07:43:45.900   3509415.4356    779164.4157   5250975.7498   2   7   0.1241   0.0604   0.0845   0.0526   0.0330   0.0834  -0.10    1.2
2026/04/23 07:43:46.000   3509415.4343    779164.4154   5250975.7499   2   7   0.1241   0.0604   0.0845   0.0526   0.0330   0.0834   0.00    1.2
2026/04/23 07:43:46.100   3509415.4324    779164.4143   5250975.7507   2   7   0.1241   0.0604   0.0845   0.0526   0.0330   0.0834   0.10    1.2
2026/04/23 07:43:46.200   3509415.4319    779164.4136   5250975.7511   2   7   0.1241   0.0604   0.0844   0.0525   0.0330   0.0833   0.20    1.2
2026/04/23 07:43:46.300   3509415.4307    779164.4139   5250975.7512   2   7   0.1241   0.0604   0.0844   0.0525   0.0330   0.0833   0.30    1.2
2026/04/23 07:43:46.400   3509415.4296    779164.4131   5250975.7509   2   7   0.1241   0.0604   0.0844   0.0525   0.0330   0.0833   0.40    1.2
2026/04/23 07:43:46.500   3509415.4293    779164.4117   5250975.7496   2   7   0.1241   0.0604   0.0844   0.0525   0.0330   0.0833  -0.50    1.2
2026/04/23 07:43:46.600   3509415.4284    779164.4103   5250975.7491   2   7   0.1240   0.0604   0.0844   0.0525   0.0330   0.0833  -0.40    1.2
2026/04/23 07:43:46.700   3509415.4272    779164.4097   5250975.7487   2   7   0.1240   0.0604   0.0844   0.0525   0.0330   0.0833  -0.30    1.2
2026/04/23 07:43:46.800   3509415.4266    779164.4091   5250975.7485   2   7   0.1240   0.0604   0.0844   0.0525   0.0330   0.0833  -0.20    1.2
2026/04/23 07:43:46.900   3509415.4254    779164.4090   5250975.7486   2   7   0.1240   0.0604   0.0844   0.0525   0.0330   0.0833  -0.10    1.2
2026/04/23 07:43:47.000   3509415.4241    779164.4084   5250975.7484   2   7   0.1240   0.0603   0.0844   0.0525   0.0330   0.0833   0.00    1.2
2026/04/23 07:43:47.100   3509415.4236    779164.4077   5250975.7480   2   7   0.1240   0.0603   0.0844   0.0525   0.0330   0.0833   0.10    1.2
2026/04/23 07:43:47.200   3509415.4226    779164.4073   5250975.7482   2   7   0.1240   0.0603   0.0844   0.0525   0.0330   0.0833   0.20    1.2
2026/04/23 07:43:47.300   3509415.4228    779164.4071   5250975.7484   2   7   0.1240   0.0603   0.0844   0.0525   0.0330   0.0833   0.30    1.2
2026/04/23 07:43:47.400   3509415.4239    779164.4074   5250975.7471   2   7   0.1240   0.0603   0.0844   0.0525   0.0330   0.0833   0.40    1.2
2026/04/23 07:43:47.500   3509415.4248    779164.4080   5250975.7465   2   7   0.1240   0.0603   0.0843   0.0525   0.0330   0.0833  -0.50    1.2
2026/04/23 07:43:47.600   3509415.4251    779164.4083   5250975.7459   2   7   0.1239   0.0603   0.0843   0.0525   0.0330   0.0833  -0.40    1.2
2026/04/23 07:43:47.700   3509415.4253    779164.4092   5250975.7454   2   7   0.1239   0.0603   0.0843   0.0525   0.0329   0.0833  -0.30    1.2
2026/04/23 07:43:47.800   3509415.4252    779164.4083   5250975.7457   2   7   0.1239   0.0603   0.0843   0.0525   0.0329   0.0833  -0.20    1.2
2026/04/23 07:43:47.900   3509415.4249    779164.4080   5250975.7458   2   7   0.1239   0.0603   0.0843   0.0525   0.0329   0.0832  -0.10    1.2
2026/04/23 07:43:48.000   3509415.4247    779164.4076   5250975.7465   2   7   0.1239   0.0603   0.0843   0.0525   0.0329   0.0832   0.00    1.2
2026/04/23 07:43:48.100   3509415.4239    779164.4076   5250975.7462   2   7   0.1239   0.0603   0.0843   0.0524   0.0329   0.0832   0.10    1.2
2026/04/23 07:43:48.200   3509415.4232    779164.4081   5250975.7461   2   7   0.1239   0.0602   0.0843   0.0524   0.0329   0.0832   0.20    1.2
2026/04/23 07:43:48.300   3509415.4229    779164.4094   5250975.7473   2   7   0.1239   0.0602   0.0843   0.0524   0.0329   0.0832   0.30    1.2
2026/04/23 07:43:48.400   3509415.4238    779164.4100   5250975.7479   2   7   0.1239   0.0602   0.0843   0.0524   0.0329   0.0832   0.40    1.2
2026/04/23 07:43:48.500   3509415.4248    779164.4105   5250975.7474   2   7   0.1239   0.0602   0.0843   0.0524   0.0329   0.0832  -0.50    1.2
2026/04/23 07:43:48.600   3509415.4248    779164.4106   5250975.7468   2   7   0.1238   0.0602   0.0843   0.0524   0.0329   0.0832  -0.40    1.2
2026/04/23 07:43:48.700   3509415.4242    779164.4090   5250975.7473   2   7   0.1238   0.0602   0.0842   0.0524   0.0329   0.0832  -0.30    1.2
2026/04/23 07:43:48.800   3509415.4238    779164.4081   5250975.7470   2   7   0.1238   0.0602   0.0842   0.0524   0.0329   0.0832  -0.20    1.2
2026/04/23 07:43:48.900   3509415.4241    779164.4088   5250975.7464   2   7   0.1238   0.0602   0.0842   0.0524   0.0329   0.0832  -0.10    1.2
2026/04/23 07:43:49.000   3509415.4238    779164.4087   5250975.7475   2   7   0.1238   0.0602   0.0842   0.0524   0.0329   0.0832   0.00    1.2
2026/04/23 07:43:49.100   3509415.4231    779164.4093   5250975.7488   2   7   0.1238   0.0602   0.0842   0.0524   0.0329   0.0832   0.10    1.2
2026/04/23 07:43:49.200   3509415.4232    779164.4091   5250975.7503   2   7   0.1238   0.0602   0.0842   0.0524   0.0329   0.0832   0.20    1.2
2026/04/23 07:43:49.300   3509415.4235    779164.4080   5250975.7520   2   7   0.1238   0.0602   0.0842   0.0524   0.0329   0.0832   0.30    1.2
2026/04/23 07:43:49.400   3509415.4242    779164.4059   5250975.7523   2   7   0.1238   0.0601   0.0842   0.0524   0.0329   0.0831   0.40    1.2
2026/04/23 07:43:49.500   3509415.4238    779164.4050   5250975.7534   2   7   0.1238   0.0601   0.0842   0.0524   0.0329   0.0831  -0.50    1.2
2026/04/23 07:43:49.600   3509415.4242    779164.4047   5250975.7546   2   7   0.1237   0.0601   0.0842   0.0524   0.0329   0.0831  -0.40    1.2
2026/04/23 07:43:49.700   3509415.4242    779164.4045   5250975.7552   2   7   0.1237   0.0601   0.0842   0.0524   0.0329   0.0831  -0.30    1.2
2026/04/23 07:43:49.800   3509415.4250    779164.4054   5250975.7546   2   7   0.1237   0.0601   0.0841   0.0524   0.0329   0.0831  -0.20    1.2
2026/04/23 07:43:49.900   3509415.4269    779164.4056   5250975.7546   2   7   0.1237   0.0601   0.0841   0.0523   0.0329   0.0831  -0.10    1.2
2026/04/23 07:43:50.000   3509415.4274    779164.4052   5250975.7562   2   7   0.1237   0.0601   0.0841   0.0523   0.0329   0.0831   0.00    1.2
2026/04/23 07:43:50.100   3509415.4279    779164.4041   5250975.7575   2   7   0.1237   0.0601   0.0841   0.0523   0.0329   0.0831   0.10    1.2
2026/04/23 07:43:50.200   3509415.4285    779164.4030   5250975.7591   2   7   0.1237   0.0601   0.0841   0.0523   0.0329   0.0831   0.20    1.2
2026/04/23 07:43:50.300   3509415.4292    779164.4025   5250975.7597   2   7   0.1237   0.0601   0.0841   0.0523   0.0329   0.0831   0.30    1.2
2026/04/23 07:43:50.400   3509415.4300    779164.4032   5250975.7595   2   7   0.1237   0.0601   0.0841   0.0523   0.0329   0.0831   0.40    1.2
2026/04/23 07:43:50.500   3509415.4305    779164.4036   5250975.7598   2   7   0.1237   0.0601   0.0841   0.0523   0.0329   0.0831  -0.50    1.2
2026/04/23 07:43:50.600   3509415.4300    779164.4028   5250975.7601   2   7   0.1236   0.0600   0.0841   0.0523   0.0329   0.0831  -0.40    1.2
2026/04/23 07:43:50.700   3509415.4288    779164.4020   5250975.7608   2   7   0.1236   0.0600   0.0841   0.0523   0.0329   0.0831  -0.30    1.2
2026/04/23 07:43:50.800   3509415.4281    779164.4027   5250975.7610   2   7   0.1236   0.0600   0.0841   0.0523   0.0329   0.0831  -0.20    1.2
2026/04/23 07:43:50.900   3509415.4273    779164.4031   5250975.7610   2   7   0.1236   0.0600   0.0840   0.0523   0.0329   0.0830  -0.10    1.2
2026/04/23 07:43:51.000   3509415.4266    779164.4036   5250975.7614   2   7   0.1236   0.0600   0.0840   0.0523   0.0329   0.0830   0.00    1.2
2026/04/23 07:43:51.100   3509415.4250    779164.4046   5250975.7623   2   7   0.1236   0.0600   0.0840   0.0523   0.0329   0.0830   0.10    1.2
2026/04/23 07:43:51.200   3509415.4248    779164.4050   5250975.7624   2   7   0.1236   0.0600   0.0840   0.0523   0.0329   0.0830   0.20    1.2
2026/04/23 07:43:51.300   3509415.4237    779164.4043   5250975.7634   2   7   0.1236   0.0600   0.0840   0.0523   0.0329   0.0830   0.30    1.2
2026/04/23 07:43:51.400   3509415.4231    779164.4034   5250975.7641   2   7   0.1236   0.0600   0.0840   0.0523   0.0329   0.0830   0.40    1.2
2026/04/23 07:43:51.500   3509415.4218    779164.4015   5250975.7647   2   7   0.1236   0.0600   0.0840   0.0523   0.0329   0.0830  -0.50    1.2
2026/04/23 07:43:51.600   3509415.4215    779164.4000   5250975.7653   2   7   0.1235   0.0600   0.0840   0.0523   0.0329   0.0830  -0.40    1.2
2026/04/23 07:43:51.700   3509415.4214    779164.3998   5250975.7660   2   7   0.1235   0.0600   0.0840   0.0522   0.0329   0.0830  -0.30    1.2
2026/04/23 07:43:51.800   3509415.4222    779164.4004   5250975.7658   2   7   0.1235   0.0599   0.0840   0.0522   0.0329   0.0830  -0.20    1.2
2026/04/23 07:43:51.900   3509415.4237    779164.4004   5250975.7657   2   7   0.1235   0.0599   0.0839   0.0522   0.0328   0.0830  -0.10    1.2
2026/04/23 07:43:52.000   3509415.4236    779164.3995   5250975.7658   2   7   0.1235   0.0599   0.0839   0.0522   0.0328   0.0830   0.00    1.2
2026/04/23 07:43:52.100   3509415.4243    779164.3988   5250975.7664   2   7   0.1235   0.0599   0.0839   0.0522   0.0328   0.0830   0.10    1.2
2026/04/23 07:43:52.200   3509415.4253    779164.3993   5250975.7667   2   7   0.1235   0.0599   0.0839   0.0522   0.0328   0.0829   0.20    1.2
2026/04/23 07:43:52.300   3509415.4257    779164.3992   5250975.7681   2   7   0.1235   0.0599   0.0839   0.0522   0.0328   0.0829   0.30    1.2
2026/04/23 07:43:52.400   3509415.4258    779164.3984   5250975.7689   2   7   0.1235   0.0599   0.0839   0.0522   0.0328   0.0829   0.40    1.2
2026/04/23 07:43:52.500   3509415.4261    779164.3978   5250975.7694   2   7   0.1234   0.0599   0.0839   0.0522   0.0328   0.0829  -0.50    1.2
2026/04/23 07:43:52.600   3509415.4247    779164.3979   5250975.7695   2   7   0.1234   0.0599   0.0839   0.0522   0.0328   0.0829  -0.40    1.2
2026/04/23 07:43:52.700   3509415.4240    779164.3970   5250975.7696   2   7   0.1234   0.0599   0.0839   0.0522   0.0328   0.0829  -0.30    1.2
2026/04/23 07:43:52.800   3509415.4236    779164.3961   5250975.7695   2   7   0.1234   0.0599   0.0839   0.0522   0.0328   0.0829  -0.20    1.2
2026/04/23 07:43:52.900   3509415.4227    779164.3957   5250975.7702   2   7   0.1234   0.0599   0.0838   0.0522   0.0328   0.0829  -0.10    1.2
2026/04/23 07:43:53.000   3509415.4216    779164.3953   5250975.7715   2   7   0.1234   0.0598   0.0838   0.0522   0.0328   0.0829   0.00    1.2
2026/04/23 07:43:53.100   3509415.4210    779164.3948   5250975.7727   2   7   0.1234   0.0598   0.0838   0.0522   0.0328   0.0829   0.10    1.2
2026/04/23 07:43:53.200   3509415.4197    779164.3942   5250975.7740   2   7   0.1234   0.0598   0.0838   0.0522   0.0328   0.0829   0.20    1.2
2026/04/23 07:43:53.300   3509415.4197    779164.3936   5250975.7743   2   7   0.1234   0.0598   0.0838   0.0522   0.0328   0.0829   0.30    1.2
2026/04/23 07:43:53.400   3509415.4187    779164.3933   5250975.7743   2   7   0.1233   0.0598   0.0838   0.0522   0.0328   0.0829   0.40    1.2
2026/04/23 07:43:53.500   3509415.4177    779164.3928   5250975.7751   2   7   0.1233   0.0598   0.0838   0.0521   0.0328   0.0828  -0.50    1.2
2026/04/23 07:43:53.600   3509415.4178    779164.3922   5250975.7754   2   7   0.1233   0.0598   0.0838   0.0521   0.0328   0.0828  -0.40    1.2
2026/04/23 07:43:53.700   3509415.4187    779164.3922   5250975.7754   2   7   0.1233   0.0598   0.0838   0.0521   0.0328   0.0828  -0.30    1.2
2026/04/23 07:43:53.800   3509415.4192    779164.3921   5250975.7757   2   7   0.1233   0.0598   0.0837   0.0521   0.0328   0.0828  -0.20    1.2
2026/04/23 07:43:53.900   3509415.4198    779164.3915   5250975.7759   2   7   0.1233   0.0598   0.0837   0.0521   0.0328   0.0828  -0.10    1.2
2026/04/23 07:43:54.000   3509415.4205    779164.3920   5250975.7762   2   7   0.1233   0.0598   0.0837   0.0521   0.0328   0.0828   0.00    1.2
2026/04/23 07:43:54.100   3509415.4204    779164.3924   5250975.7765   2   7   0.1233   0.0598   0.0837   0.0521   0.0328   0.0828   0.10    1.2
2026/04/23 07:43:54.200   3509415.4198    779164.3925   5250975.7770   2   7   0.1233   0.0597   0.0837   0.0521   0.0328   0.0828   0.20    1.2
2026/04/23 07:43:54.300   3509415.4187    779164.3922   5250975.7778   2   7   0.1232   0.0597   0.0837   0.0521   0.0328   0.0828   0.30    1.2
2026/04/23 07:43:54.400   3509415.4175    779164.3920   5250975.7784   2   7   0.1232   0.0597   0.0837   0.0521   0.0328   0.0828   0.40    1.2
2026/04/23 07:43:54.500   3509415.4176    779164.3912   5250975.7793   2   7   0.1232   0.0597   0.0837   0.0521   0.0328   0.0828  -0.50    1.2
2026/04/23 07:43:54.600   3509415.4178    779164.3901   5250975.7799   2   7   0.1232   0.0597   0.0837   0.0521   0.0328   0.0828  -0.40    1.2
2026/04/23 07:43:54.700   3509415.4183    779164.3894   5250975.7800   2   7   0.1232   0.0597   0.0836   0.0521   0.0328   0.0827  -0.30    1.2
2026/04/23 07:43:54.800   3509415.4178    779164.3887   5250975.7806   2   7   0.1232   0.0597   0.0836   0.0521   0.0328   0.0827  -0.20    1.2
2026/04/23 07:43:54.900   3509415.4180    779164.3879   5250975.7815   2   7   0.1232   0.0597   0.0836   0.0521   0.0328   0.0827  -0.10    1.2
2026/04/23 07:43:55.000   3509415.4173    779164.3869   5250975.7826   2   7   0.1232   0.0597   0.0836   0.0521   0.0328   0.0827   0.00    1.2
2026/04/23 07:43:55.100   3509415.4167    779164.3861   5250975.7839   2   7   0.1232   0.0597   0.0836   0.0521   0.0328   0.0827   0.10    1.2
2026/04/23 07:43:55.200   3509415.4172    779164.3856   5250975.7840   2   7   0.1231   0.0597   0.0836   0.0520   0.0327   0.0827   0.20    1.2
2026/04/23 07:43:55.300   3509415.4182    779164.3856   5250975.7838   2   7   0.1231   0.0597   0.0836   0.0520   0.0327   0.0827   0.30    1.2
2026/04/23 07:43:55.400   3509415.4175    779164.3855   5250975.7843   2   7   0.1231   0.0596   0.0836   0.0520   0.0327   0.0827   0.40    1.2
2026/04/23 07:43:55.500   3509415.4170    779164.3855   5250975.7853   2   7   0.1231   0.0596   0.0836   0.0520   0.0327   0.0827  -0.50    1.2
2026/04/23 07:43:55.600   3509415.4173    779164.3861   5250975.7867   2   7   0.1231   0.0596   0.0835   0.0520   0.0327   0.0827  -0.40    1.2
2026/04/23 07:43:55.700   3509415.4173    779164.3846   5250975.7881   2   7   0.1231   0.0596   0.0835   0.0520   0.0327   0.0827  -0.30    1.2
2026/04/23 07:43:55.800   3509415.4169    779164.3829   5250975.7891   2   7   0.1231   0.0596   0.0835   0.0520   0.0327   0.0827  -0.20    1.2
2026/04/23 07:43:55.900   3509415.4167    779164.3829   5250975.7897   2   7   0.1231   0.0596   0.0835   0.0520   0.0327   0.0826  -0.10    1.2
2026/04/23 07:43:56.000   3509415.4166    779164.3836   5250975.7909   2   7   0.1231   0.0596   0.0835   0.0520   0.0327   0.0826   0.00    1.2
2026/04/23 07:43:56.100   3509415.4155    779164.3832   5250975.7920   2   7   0.1230   0.0596   0.0835   0.0520   0.0327   0.0826   0.10    1.2
2026/04/23 07:43:56.200   3509415.4150    779164.3831   5250975.7933   2   7   0.1230   0.0596   0.0835   0.0520   0.0327   0.0826   0.20    1.2
2026/04/23 07:43:56.300   3509415.4147    779164.3831   5250975.7939   2   7   0.1230   0.0596   0.0835   0.0520   0.0327   0.0826   0.30    1.1
2026/04/23 07:43:56.400   3509415.4134    779164.3833   5250975.7949   2   7   0.1230   0.0596   0.0834   0.0520   0.0327   0.0826   0.40    1.1
2026/04/23 07:43:56.500   3509415.4112    779164.3830   5250975.7953   2   7   0.1230   0.0596   0.0834   0.0520   0.0327   0.0826  -0.50    1.1
2026/04/23 07:43:56.600   3509415.4099    779164.3835   5250975.7955   2   7   0.1230   0.0595   0.0834   0.0520   0.0327   0.0826  -0.40    1.1
2026/04/23 07:43:56.700   3509415.4090    779164.3834   5250975.7957   2   7   0.1230   0.0595   0.0834   0.0520   0.0327   0.0826  -0.30    1.1
2026/04/23 07:43:56.800   3509415.4081    779164.3825   5250975.7945   2   7   0.1230   0.0595   0.0834   0.0519   0.0327   0.0826  -0.20    1.1
2026/04/23 07:43:56.900   3509415.4079    779164.3825   5250975.7935   2   7   0.1230   0.0595   0.0834   0.0519   0.0327   0.0826  -0.10    1.1
2026/04/23 07:43:57.000   3509415.4056    779164.3826   5250975.7937   2   7   0.1229   0.0595   0.0834   0.0519   0.0327   0.0825   0.00    1.1
2026/04/23 07:43:57.100   3509415.4040    779164.3820   5250975.7935   2   7   0.1229   0.0595   0.0834   0.0519   0.0327   0.0825   0.10    1.1
2026/04/23 07:43:57.200   3509415.4029    779164.3810   5250975.7937   2   7   0.1229   0.0595   0.0834   0.0519   0.0327   0.0825   0.20    1.1
2026/04/23 07:43:57.300   3509415.4024    779164.3802   5250975.7942   2   7   0.1229   0.0595   0.0833   0.0519   0.0327   0.0825   0.30    1.1
2026/04/23 07:43:57.400   3509415.4017    779164.3792   5250975.7951   2   7   0.1229   0.0595   0.0833   0.0519   0.0327   0.0825   0.40    1.1
2026/04/23 07:43:57.500   3509415.4013    779164.3782   5250975.7961   2   7   0.1229   0.0595   0.0833   0.0519   0.0327   0.0825  -0.50    1.1
2026/04/23 07:43:57.600   3509415.4009    779164.3776   5250975.7971   2   7   0.1229   0.0595   0.0833   0.0519   0.0327   0.0825  -0.40    1.1
2026/04/23 07:43:57.700   3509415.4012    779164.3766   5250975.7980   2   7   0.1229   0.0595   0.0833   0.0519   0.0327   0.0825  -0.30    1.1
2026/04/23 07:43:57.800   3509415.4013    779164.3765   5250975.7990   2   7   0.1229   0.0594   0.0833   0.0519   0.0327   0.0825  -0.20    1.1
2026/04/23 07:43:57.900   3509415.4021    779164.3759   5250975.8000   2   7   0.1228   0.0594   0.0833   0.0519   0.0327   0.0825  -0.10    1.1
2026/04/23 07:43:58.000   3509415.4022    779164.3754   5250975.8014   2   7   0.1228   0.0594   0.0833   0.0519   0.0326   0.0825   0.00    1.1
2026/04/23 07:43:58.100   3509415.4030    779164.3741   5250975.8028   2   7   0.1228   0.0594   0.0832   0.0519   0.0326   0.0824   0.10    1.1
2026/04/23 07:43:58.200   3509415.4036    779164.3726   5250975.8049   2   7   0.1228   0.0594   0.0832   0.0519   0.0326   0.0824   0.20    1.1
2026/04/23 07:43:58.300   3509415.4048    779164.3732   5250975.8063   2   7   0.1228   0.0594   0.0832   0.0519   0.0326   0.0824   0.30    1.1
2026/04/23 07:43:58.400   3509415.4066    779164.3727   5250975.8077   2   7   0.1228   0.0594   0.0832   0.0518   0.0326   0.0824   0.40    1.1
2026/04/23 07:43:58.500   3509415.4086    779164.3730   5250975.8096   2   7   0.1228   0.0594   0.0832   0.0518   0.0326   0.0824  -0.50    1.1
2026/04/23 07:43:58.600   3509415.4103    779164.3725   5250975.8120   2   7   0.1228   0.0594   0.0832   0.0518   0.0326   0.0824  -0.40    1.1
2026/04/23 07:43:58.700   3509415.4121    779164.3720   5250975.8143   2   7   0.1227   0.0594   0.0832   0.0518   0.0326   0.0824  -0.30    1.1
2026/04/23 07:43:58.800   3509415.4139    779164.3710   5250975.8168   2   7   0.1227   0.0594   0.0832   0.0518   0.0326   0.0824  -0.20    1.1
2026/04/23 07:43:58.900   3509415.4154    779164.3709   5250975.8185   2   7   0.1227   0.0594   0.0831   0.0518   0.0326   0.0824  -0.10    1.1
2026/04/23 07:43:59.000   3509415.4170    779164.3705   5250975.8200   2   7   0.1227   0.0593   0.0831   0.0518   0.0326   0.0824   0.00    1.1
2026/04/23 07:43:59.100   3509415.4189    779164.3707   5250975.8211   2   7   0.1227   0.0593   0.0831   0.0518   0.0326   0.0823   0.10    1.1
2026/04/23 07:43:59.200   3509415.4207    779164.3709   5250975.8220   2   7   0.1227   0.0593   0.0831   0.0518   0.0326   0.0823   0.20    1.1
2026/04/23 07:43:59.300   3509415.4214    779164.3702   5250975.8242   2   7   0.1227   0.0593   0.0831   0.0518   0.0326   0.0823   0.30    1.1
2026/04/23 07:43:59.400   3509415.4220    779164.3696   5250975.8259   2   7   0.1227   0.0593   0.0831   0.0518   0.0326   0.0823   0.40    1.1
2026/04/23 07:43:59.500   3509415.4227    779164.3693   5250975.8273   2   7   0.1226   0.0593   0.0831   0.0518   0.0326   0.0823  -0.50    1.1
2026/04/23 07:43:59.600   3509415.4232    779164.3695   5250975.8281   2   7   0.1226   0.0593   0.0830   0.0518   0.0326   0.0823  -0.40    1.1
2026/04/23 07:43:59.700   3509415.4231    779164.3693   5250975.8288   2   7   0.1226   0.0593   0.0830   0.0518   0.0326   0.0823  -0.30    1.1
2026/04/23 07:43:59.800   3509415.4226    779164.3696   5250975.8302   2   7   0.1226   0.0593   0.0830   0.0518   0.0326   0.0823  -0.20    1.1
2026/04/23 07:43:59.900   3509415.4223    779164.3697   5250975.8312   2   7   0.1226   0.0593   0.0830   0.0518   0.0326   0.0823  -0.10    1.1
2026/04/23 07:44:00.000   3509415.4217    779164.3691   5250975.8314   2   7   0.1226   0.0593   0.0830   0.0517   0.0326   0.0823   0.00    1.1
