datetime,X-ECEF,Y-ECEF,Z-ECEF,cdt,variance,VX-ECEF,VY-ECEF,VZ-ECEF
2026-04-23 07:38:00.000,3509418.085961555,779140.4481454166,5250981.528407911,-63530.04542496714,38.62093163039416,,,
2026-04-23 07:38:00.100,3509418.1068202276,779140.4803049483,5250981.53412082,-63534.78494258192,38.4817154947227,0.20858672447502613,0.3215953172184527,0.05712909623980522
2026-04-23 07:38:00.200,3509418.1317523564,779140.5147202465,5250981.54219747,-63539.52514044821,38.39150503436375,0.24932128842920065,0.3441529825795442,0.08076649159193039
2026-04-23 07:38:00.300,3509417.838045245,779141.467435903,5250981.357724142,-63544.73543013178,36.19349305342232,-2.937071113847196,9.527156564872712,-1.8447332736104727
2026-04-23 07:38:00.400,3509417.845317422,779141.5265387071,5250981.3510347055,-63549.482121157045,36.19357141370383,0.07272176910191774,0.5910280405078083,-0.06689436733722687
2026-04-23 07:38:00.500,3509417.8459792566,779141.5664098529,5250981.357807765,-63554.22764674383,36.14340998333512,0.0066183460876345634,0.3987114585470408,0.06773059256374836
2026-04-23 07:38:00.600,3509417.821608456,779141.610496318,5250981.361939596,-63558.98442070864,36.132857927510386,-0.24370800703763962,0.4408646502997726,0.04131831228733063
2026-04-23 07:38:00.700,3509417.830314238,779141.664545877,5250981.363259803,-63563.734894787696,36.10519844504892,0.08705782238394022,0.5404955905396491,0.013202065601944923
2026-04-23 07:38:00.800,3509417.8271378563,779141.7103783902,5250981.362299033,-63568.49800226093,36.070688669074215,-0.031763818114995956,0.4583251313306391,-0.009607691317796707
2026-04-23 07:38:00.900,3509417.8214916307,779141.7716714938,5250981.363970101,-63573.25154734935,36.03728917752378,-0.05646225530654192,0.6129310361575335,0.0167106743901968
2026-04-23 07:38:01.000,3509417.831973883,779141.8224180781,5250981.338499622,-63578.00729877643,35.92607829245918,0.10482252109795809,0.5074658431112766,-0.2547047846019268
2026-04-23 07:38:01.100,3509417.8310326315,779141.89527281,5250981.349783004,-63582.756727139895,35.91361696318244,-0.009412514045834541,0.728547319304198,0.11283381842076778
2026-04-23 07:38:01.200,3509417.855243119,779141.9493185969,5250981.35020998,-63587.496942231315,35.83446550015889,0.24210487492382526,0.5404578684829175,0.004269760102033615
2026-04-23 07:38:01.300,3509417.8699191622,779141.9835172349,5250981.339793161,-63592.25494035509,35.793672542333425,0.14676043298095465,0.34198638051748276,-0.10416819714009762
2026-04-23 07:38:01.400,3509417.875594989,779142.0020116147,5250981.333925792,-63597.00860021553,35.75322123293584,0.0567582668736577,0.18494379823096097,-0.058673685416579247
2026-04-23 07:38:01.500,3509417.8922017924,779142.0163226093,5250981.3384765405,-63601.74901228439,35.72476339164285,0.16606803517788649,0.14310994534753263,0.045507485046982765
2026-04-23 07:38:01.600,3509417.899337824,779142.041633931,5250981.3299943805,-63606.491211215085,35.75009842340629,0.0713603151962161,0.25311321718618274,-0.08482160046696663
2026-04-23 07:38:01.700,3509417.902496079,779142.0992559266,5250981.305306716,-63611.23781050151,35.74589532019439,0.03158255014568567,0.5762199556920677,-0.24687664583325386
2026-04-23 07:38:01.800,3509417.906374082,779142.1478191538,5250981.281132361,-63615.98658108958,35.775229023077486,0.038780029863119125,0.48563227290287614,-0.2417435497045517
2026-04-23 07:38:01.900,3509417.902992247,779142.1878084852,5250981.232605395,-63620.75107171743,35.74058614994826,-0.033818348310887814,0.39989331387914717,-0.48526966013014317
2026-04-23 07:38:02.000,3509417.893420797,779142.2244034256,5250981.215175935,-63625.49758064313,35.7714149291802,-0.09571450296789408,0.3659494034945965,-0.1742945984005928
2026-04-23 07:38:02.100,3509417.883762489,779142.2487921624,5250981.165888961,-63630.252747477825,35.76462017171248,-0.09658307768404484,0.24388736812397838,-0.49286973662674427
2026-04-23 07:38:02.200,3509417.8858404895,779142.273801241,5250981.139577765,-63634.992537267484,35.73246426057998,0.020780004560947418,0.25009078555740416,-0.2631119638681412
2026-04-23 07:38:02.300,3509417.8844579016,779142.2927516298,5250981.108169869,-63639.74183547224,35.737560052167716,-0.01382587943226099,0.1895038888324052,-0.3140789642930031
2026-04-23 07:38:02.400,3509417.876175736,779142.3254904296,5250981.060411287,-63644.48907673525,35.72889008571805,-0.08282165508717299,0.3273879981134087,-0.47758582048118114
2026-04-23 07:38:02.500,3509417.877051402,779142.363474564,5250981.042785761,-63649.2098696833,35.75615529430901,0.008756658062338829,0.3798413439653814,-0.1762552559375763
2026-04-23 07:38:02.600,3509417.861489441,779142.3915120467,5250980.993058903,-63653.96683006654,35.73307092680799,-0.15561961103230715,0.2803748263977468,-0.4972685780376196
2026-04-23 07:38:02.700,3509417.853283908,779142.4282170667,5250980.966863034,-63658.70567565874,35.687881012389816,-0.08205532561987638,0.36705020000226796,-0.26195868849754333
2026-04-23 07:38:02.800,3509417.853397293,779142.4748656362,5250980.953188002,-63663.42762647422,35.675799342669585,0.0011338479816913605,0.4664856952149421,-0.13675032183527946
2026-04-23 07:38:02.900,3509417.838535956,779142.4984740388,5250980.914786357,-63668.17674606991,35.638879105695395,-0.14861336909234524,0.23608402581885457,-0.3840164467692375
2026-04-23 07:38:03.000,3509417.8341087652,779142.5232340267,5250980.895330903,-63672.90438945329,35.61909373819559,-0.044271908700466156,0.24759987951256335,-0.1945545431226492
2026-04-23 07:38:03.100,3509417.8264241605,779142.5358416046,5250980.87348734,-63677.63016909401,35.619988801768685,-0.07684604730457067,0.12607577838934958,-0.21843562833964825
2026-04-23 07:38:03.200,3509417.8200856345,779142.5338634559,5250980.851072311,-63682.36042528967,35.61963318042418,-0.06338526029139757,-0.019781487062573433,-0.22415028885006905
2026-04-23 07:38:03.300,3509417.81236674,779142.5201191519,5250980.832234906,-63687.097190696666,35.620889679616106,-0.07718894630670547,-0.13744303956627846,-0.18837405368685722
2026-04-23 07:38:03.400,3509417.8098263117,779142.5058166903,5250980.807541987,-63691.835086664345,35.59806241150725,-0.02540428191423416,-0.14302461640909314,-0.24692919105291367
2026-04-23 07:38:03.500,3509417.8048025984,779142.4979033881,5250980.790823111,-63696.571259372904,35.58101412506817,-0.050237132236361504,-0.07913302164524794,-0.16718875616788864
2026-04-23 07:38:03.600,3509417.8027262143,779142.494979987,5250980.772344197,-63701.307860688685,35.56234494487212,-0.020763841457664967,-0.029234010726213455,-0.1847891416400671
2026-04-23 07:38:03.700,3509417.797768534,779142.4957169016,5250980.757129417,-63706.03577114605,35.56473741001044,-0.049576801247894764,0.007369145750999451,-0.1521478034555912
2026-04-23 07:38:03.800,3509417.799210066,779142.4953083856,5250980.740583223,-63710.77356282818,35.56469292371313,0.014415318146348,-0.004085160326212645,-0.1654619351029396
2026-04-23 07:38:03.900,3509417.792708316,779142.4956100705,5250980.726139927,-63715.51401595007,35.556734051137475,-0.06501750089228153,0.0030168495140969753,-0.14443296007812023
2026-04-23 07:38:04.000,3509417.7926903,779142.4948198529,5250980.71815179,-63720.24908130846,35.53500472919741,-0.00018015969544649124,-0.007902176585048437,-0.07988137193024158
2026-04-23 07:38:04.100,3509417.7886929954,779142.4913694966,5250980.705785453,-63724.983675932555,35.536351327809456,-0.03997304476797581,-0.03450356307439506,-0.12366336770355701
2026-04-23 07:38:04.200,3509417.7859124523,779142.4897893475,5250980.692889293,-63729.71327216222,35.51310362739829,-0.027805431745946407,-0.01580149051733315,-0.12896160595119
2026-04-23 07:38:04.300,3509417.7862516805,779142.4885954642,5250980.683636398,-63734.43878042588,35.5111000508135,0.0033922819420695305,-0.011938833631575108,-0.09252894669771194
2026-04-23 07:38:04.400,3509417.7822641423,779142.4883365445,5250980.676241102,-63739.167945396046,35.514571627044,-0.039875381626188755,-0.002589196665212512,-0.07395296357572079
2026-04-23 07:38:04.500,3509417.778671008,779142.4866436698,5250980.664995396,-63743.891689017655,35.509063442672485,-0.03593134228140116,-0.01692874706350267,-0.11245706118643284
2026-04-23 07:38:04.600,3509417.7770860237,779142.485693689,5250980.655266987,-63748.61527760799,35.49606787797218,-0.015849843621253967,-0.009499808074906468,-0.09728408418595791
2026-04-23 07:38:04.700,3509417.772228655,779142.482477455,5250980.643975305,-63753.33812712945,35.485018060070985,-0.04857368767261505,-0.03216233919374645,-0.11291681788861752
2026-04-23 07:38:04.800,3509417.7675305684,779142.4810152485,5250980.636721158,-63758.06123001565,35.48657056811711,-0.04698086529970169,-0.014622065937146544,-0.07254146970808506
2026-04-23 07:38:04.900,3509417.7634937344,779142.4796136345,5250980.625055902,-63762.772677156165,35.46948305991302,-0.040368339978158474,-0.014016139321029186,-0.11665256693959236
2026-04-23 07:38:05.000,3509417.758744801,779142.4773569877,5250980.615508855,-63767.483018789644,35.46369473215558,-0.04748933482915163,-0.022566468687728047,-0.09547046385705471
2026-04-23 07:38:05.100,3509417.7574235685,779142.4754455799,5250980.60835018,-63772.19578721237,35.46099534895598,-0.013212324120104313,-0.019114078022539616,-0.07158675231039524
2026-04-23 07:38:05.200,3509417.751441599,779142.472728176,5250980.600166781,-63776.89920410142,35.46684159713537,-0.059819696471095085,-0.02717403811402619,-0.08183399215340614
2026-04-23 07:38:05.300,3509417.748832769,779142.4718799669,5250980.596152504,-63781.59265274811,35.47110068929023,-0.026088296435773373,-0.008482091361656785,-0.04014276899397373
2026-04-23 07:38:05.400,3509417.7490526317,779142.4696936052,5250980.58919605,-63786.279204967206,35.4596950446082,0.002198624424636364,-0.02186361700296402,-0.06956454366445541
2026-04-23 07:38:05.500,3509417.7467103223,779142.4680012636,5250980.581732939,-63790.96628711765,35.45317699816922,-0.023423093371093273,-0.016923416405916214,-0.07463110610842705
2026-04-23 07:38:05.600,3509417.7428035997,779142.4670848756,5250980.578963799,-63795.64705058664,35.45595149465804,-0.039067226462066174,-0.009163880022242665,-0.027691395953297615
2026-04-23 07:38:05.700,3509417.742904756,779142.4654942239,5250980.576440728,-63800.31953368756,35.450279143797516,0.0010115653276443481,-0.015906516928225756,-0.025230711326003075
2026-04-23 07:38:05.800,3509417.739026966,779142.465052078,5250980.572802946,-63804.98322042298,35.45556001574838,-0.03877790179103613,-0.004421458579599857,-0.03637782298028469
2026-04-23 07:38:05.900,3509417.7428756175,779142.4638243148,5250980.567676833,-63809.638293870084,35.45013196235727,0.03848651424050331,-0.012277632486075163,-0.05126113072037697
2026-04-23 07:38:06.000,3509417.7430181075,779142.4635214878,5250980.56328751,-63814.29898932581,35.44809442772448,0.0014249002560973167,-0.0030282698571681976,-0.0438932329416275
2026-04-23 07:38:06.100,3509417.7424118514,779142.4641096705,5250980.564286268,-63818.95410899293,35.44581226454632,-0.006062560714781284,0.005881827091798186,0.009987587109208107
2026-04-23 07:38:06.200,3509417.743333404,779142.4635375146,5250980.559603516,-63823.61192599651,35.43416628443668,0.009215525351464748,-0.005721559282392263,-0.04682752303779125
2026-04-23 07:38:06.300,3509417.7441233736,779142.4624961582,5250980.5572645515,-63828.26688574655,35.425235308612415,0.007899696938693523,-0.010413563577458262,-0.023389644920825958
2026-04-23 07:38:06.400,3509417.7436267682,779142.4607574426,5250980.5559321605,-63832.91719998158,35.410357696917785,-0.0049660541117191315,-0.01738715567626059,-0.013323910534381866
2026-04-23 07:38:06.500,3509417.7435904266,779142.459813373,5250980.552551417,-63837.565951733544,35.391097098453535,-0.00036341603845357895,-0.009440695866942406,-0.03380743786692619
2026-04-23 07:38:06.600,3509417.7447101455,779142.4582505233,5250980.550051404,-63842.20993937693,35.37869406890139,0.01119718886911869,-0.015628497349098325,-0.02500012516975403
2026-04-23 07:38:06.700,3509417.7421307284,779142.4554808312,5250980.543895672,-63846.870679077474,35.370999463868024,-0.025794170796871185,-0.02769692102447152,-0.06155732087790966
2026-04-23 07:38:06.800,3509417.743906206,779142.4551773607,5250980.542153841,-63851.53557408552,35.35311871065834,0.01775477547198534,-0.0030347052961587906,-0.017418311908841133
2026-04-23 07:38:06.900,3509417.7433125833,779142.454211826,5250980.538589254,-63856.196284524936,35.32129858319837,-0.005936226807534695,-0.009655347093939781,-0.03564586862921715
2026-04-23 07:38:07.000,3509417.7415353735,779142.4517844232,5250980.529566147,-63860.86512564492,35.29991577633028,-0.017772098071873188,-0.0242740276735276,-0.09023106656968594
2026-04-23 07:38:07.100,3509417.7420552666,779142.4507422361,5250980.528877382,-63865.53444003973,35.28028482994757,0.005198931321501732,-0.010421870974823833,-0.006887651979923248
2026-04-23 07:38:07.200,3509417.7422193685,779142.4482826649,5250980.524870481,-63870.19466068693,35.26146919381529,0.0016410183161497116,-0.024595712311565876,-0.040069008246064186
2026-04-23 07:38:07.300,3509417.740017452,779142.4452559811,5250980.518955437,-63874.86325747762,35.24885745187678,-0.022019166499376297,-0.030266838148236275,-0.0591504480689764
2026-04-23 07:38:07.400,3509417.7399580404,779142.4441271957,5250980.513793399,-63879.5385431518,35.23314356594661,-0.0005941139534115791,-0.011287853121757507,-0.05162037909030914
2026-04-23 07:38:07.500,3509417.7393485415,779142.4415862656,5250980.506318115,-63884.194339635025,35.21540327202708,-0.006094989366829395,-0.02540930174291134,-0.07475283928215504
2026-04-23 07:38:07.600,3509417.740819529,779142.4399561881,5250980.500813967,-63888.84111618332,35.186799047213235,0.014709876850247383,-0.016300774877890944,-0.05504148080945015
2026-04-23 07:38:07.700,3509417.7430880773,779142.437819458,5250980.499005552,-63893.49752286283,35.17372149549433,0.02268548123538494,-0.021367301233112812,-0.018084142357110977
2026-04-23 07:38:07.800,3509417.743686998,779142.4352112048,5250980.49320713,-63898.16585719761,35.15924601505674,0.005989205092191696,-0.026082531549036503,-0.05798422731459141
2026-04-23 07:38:07.900,3509417.745012982,779142.4332205354,5250980.487229292,-63902.826689732545,35.140133000206234,0.013259840197861195,-0.019906694069504738,-0.059778373688459396
2026-04-23 07:38:08.000,3509417.746938913,779142.4310853654,5250980.483473961,-63907.470398524514,35.128191557282726,0.019259313121438026,-0.021351700415834785,-0.03755331039428711
2026-04-23 07:38:08.100,3509417.749021816,779142.4296417176,5250980.477618028,-63912.08853197244,35.10744431295837,0.020829029381275177,-0.014436477795243263,-0.05855932831764221
2026-04-23 07:38:08.200,3509417.7546814177,779142.4257826203,5250980.471078314,-63916.69643078784,35.089432825355104,0.05659601651132107,-0.0385909725446254,-0.06539714522659779
2026-04-23 07:38:08.300,3509417.7591835824,779142.4232880538,5250980.464135644,-63921.27073758932,35.07480200027975,0.04502164665609598,-0.02494566491805017,-0.06942669861018658
2026-04-23 07:38:08.400,3509417.7597679514,779142.4200453932,5250980.462179065,-63925.79585624951,35.06369013819324,0.005843690596520901,-0.03242660663090646,-0.019565792754292488
2026-04-23 07:38:08.500,3509417.7620289233,779142.4167167407,5250980.454655544,-63930.32339395749,35.04297441603668,0.022609718143939972,-0.03328652470372617,-0.07523520849645138
2026-04-23 07:38:08.600,3509417.7615213506,779142.4142254841,5250980.452166876,-63934.87850127677,35.03555125170722,-0.00507572665810585,-0.024912565713748336,-0.024886680766940117
2026-04-23 07:38:08.700,3509417.76651557,779142.4104881265,5250980.447053455,-63939.440124227964,35.02547902667834,0.0499421963468194,-0.037373576778918505,-0.05113421007990837
2026-04-23 07:38:08.800,3509417.7667689733,779142.4100394718,5250980.44411387,-63944.00248112983,35.01930033735481,0.0025340309366583824,-0.004486546386033297,-0.029395846650004387
2026-04-23 07:38:08.900,3509417.771153206,779142.4060669519,5250980.442191151,-63948.571439622,35.0066430336716,0.04384232684969902,-0.0397251988761127,-0.01922719180583954
2026-04-23 07:38:09.000,3509417.7743450915,779142.4027334214,5250980.438839149,-63953.153398414506,34.9964818439518,0.031918855383992195,-0.033335305051878095,-0.03352002240717411
2026-04-23 07:38:09.100,3509417.7753028967,779142.4010795449,5250980.433897774,-63957.74044376219,34.99616069964224,0.00957805197685957,-0.016538765048608184,-0.04941374994814396
2026-04-23 07:38:09.200,3509417.777561307,779142.3982099936,5250980.428497241,-63962.33173528705,34.97820841433762,0.022584102116525173,-0.028695513028651476,-0.05400532856583595
2026-04-23 07:38:09.300,3509417.7793888254,779142.3954597095,5250980.430512298,-63966.91796270368,34.96939548473448,0.01827518455684185,-0.027502841548994184,0.020150570198893547
2026-04-23 07:38:09.400,3509417.7842483446,779142.3920752527,5250980.430894736,-63971.505366080935,34.971802888543216,0.04859519191086292,-0.033844567369669676,0.003824383020401001
2026-04-23 07:38:09.500,3509417.7848100495,779142.3903816885,5250980.428781354,-63976.10190146487,34.95756712226514,0.005617048591375351,-0.01693564234301448,-0.021133823320269585
2026-04-23 07:38:09.600,3509417.7886448153,779142.3877251345,5250980.427289475,-63980.71894302968,34.94923539835901,0.038347658701241016,-0.026565539883449674,-0.014918791130185127
2026-04-23 07:38:09.700,3509417.7928698137,779142.3853574474,5250980.427629189,-63985.34421126843,34.94433438945867,0.04224998410791159,-0.023676870623603463,0.00339713878929615
2026-04-23 07:38:09.800,3509417.7965128366,779142.3834746234,5250980.427958116,-63989.97548777093,34.93635939101921,0.036430228501558304,-0.018828239990398288,0.0032892730087041855
2026-04-23 07:38:09.900,3509417.8002874954,779142.3810825611,5250980.428809933,-63994.612430235386,34.91828925414408,0.03774658776819706,-0.023920623352751136,0.008518174290657043
2026-04-23 07:38:10.000,3509417.802583912,779142.3803217126,5250980.4302673,-63999.260306738455,34.90668254536855,0.022964165546000004,-0.007608485175296664,0.01457367092370987
2026-04-23 07:38:10.100,3509417.8095244914,779142.3792656796,5250980.430906709,-64003.915560865855,34.89707024906251,0.06940579507499933,-0.010560329537838697,0.006394088268280029
2026-04-23 07:38:10.200,3509417.8136944026,779142.377449424,5250980.432495235,-64008.59214508425,34.8915699586811,0.041699111461639404,-0.018162556225433946,0.015885261818766594
2026-04-23 07:38:10.300,3509417.8174919593,779142.3759170923,5250980.434198599,-64013.274403122996,34.87959023337624,0.037975567393004894,-0.015323316911235452,0.017033638432621956
2026-04-23 07:38:10.400,3509417.8248360488,779142.3750532414,5250980.435003853,-64017.95778622589,34.87730454812118,0.07344089448451996,-0.008638509316369891,0.008052540943026543
2026-04-23 07:38:10.500,3509417.829863956,779142.37305361,5250980.434170935,-64022.645734369755,34.866885630179404,0.05027907434850931,-0.019996314076706767,-0.008329181000590324
2026-04-23 07:38:10.600,3509417.834541304,779142.3710737774,5250980.4346956685,-64027.34113303443,34.866757983755924,0.046773478388786316,-0.01979832537472248,0.005247332155704498
2026-04-23 07:38:10.700,3509417.8380569965,779142.3699482889,5250980.437788398,-64032.04882087707,34.858231023370635,0.03515692427754402,-0.011254885466769338,0.030927294865250587
2026-04-23 07:38:10.800,3509417.844875155,779142.3690875962,5250980.4397098515,-64036.7606728544,34.85518122348582,0.0681815855205059,-0.008606927003711462,0.019214535132050514
2026-04-23 07:38:10.900,3509417.8526318036,779142.3687102289,5250980.444705313,-64041.47292233279,34.853071707161675,0.0775664858520031,-0.003773672506213188,0.0499546155333519
2026-04-23 07:38:11.000,3509417.8584496267,779142.3668059664,5250980.445486623,-64046.189048627806,34.848148700760284,0.05817823112010956,-0.019042625790461898,0.007813097909092903
2026-04-23 07:38:11.100,3509417.8625576436,779142.3656836861,5250980.443969257,-64050.90663220929,34.851575399204044,0.041080168448388577,-0.011222802568227053,-0.015173656865954399
2026-04-23 07:38:11.200,3509417.867800206,779142.3653665988,5250980.449587891,-64055.62913287566,34.84886708052192,0.05242562387138605,-0.0031708728056401014,0.056186337023973465
2026-04-23 07:38:11.300,3509417.872813951,779142.3647109031,5250980.452996831,-64060.35812872524,34.85472923302121,0.05013745278120041,-0.006556956795975566,0.034089405089616776
2026-04-23 07:38:11.400,3509417.879242437,779142.3629605753,5250980.4559573,-64065.07702384623,34.85389816010759,0.06428485736250877,-0.01750327879562974,0.029604686424136162
2026-04-23 07:38:11.500,3509417.882587896,779142.3624424749,5250980.456161155,-64069.787393819286,34.85845586023236,0.0334545923396945,-0.005181003361940384,0.0020385533571243286
2026-04-23 07:38:11.600,3509417.8883348745,779142.3624131925,5250980.461119018,-64074.49487968399,34.85923932823656,0.05746978335082531,-0.0002928241156041622,0.04957862198352814
2026-04-23 07:38:11.700,3509417.8944611126,779142.3612966968,5250980.462777368,-64079.20767307211,34.85201957026397,0.061262380331754684,-0.011164956958964467,0.016583502292633057
2026-04-23 07:38:11.800,3509417.8974998356,779142.3601823879,5250980.463983836,-64083.91618296503,34.84965651085744,0.030387230217456818,-0.011143089504912496,0.012064678594470024
2026-04-23 07:38:11.900,3509417.9025627775,779142.358429348,5250980.464527875,-64088.62023910735,34.85410512129555,0.05062941927462816,-0.017530398909002542,0.005440395325422287
2026-04-23 07:38:12.000,3509417.9062958397,779142.3578982733,5250980.466369266,-64093.32076476146,34.85990536550117,0.0373306218534708,-0.0053107470739632845,0.018413905054330826
2026-04-23 07:38:12.100,3509417.9069063566,779142.3560539527,5250980.461937688,-64098.02265566414,34.84893619811859,0.0061051687225699425,-0.018443205626681447,-0.044315773993730545
2026-04-23 07:38:12.200,3509417.9132773574,779142.353484582,5250980.461601762,-64102.71423162755,34.84562203470133,0.06371000781655312,-0.025693706702440977,-0.0033592619001865387
2026-04-23 07:38:12.300,3509417.9161499063,779142.3523817105,5250980.462409074,-64107.402913848135,34.86096748398787,0.02872548997402191,-0.011028714943677187,0.008073123171925545
2026-04-23 07:38:12.400,3509417.917979777,779142.3518678554,5250980.463068145,-64112.0974956197,34.8686139006449,0.018298705108463764,-0.005138551350682974,0.006590709090232849
2026-04-23 07:38:12.500,3509417.919954044,779142.3512298372,5250980.460920375,-64116.79077102219,34.87518946049651,0.01974266953766346,-0.006380182458087802,-0.021477704867720604
2026-04-23 07:38:12.600,3509417.922516972,779142.3504955788,5250980.459021551,-64121.488890305925,34.88913159809966,0.025629280135035515,-0.007342583267018199,-0.018988242372870445
2026-04-23 07:38:12.700,3509417.9243449667,779142.3507915321,5250980.462592145,-64126.17905632001,34.9025103208686,0.01827994827181101,0.002959532430395484,0.03570594824850559
2026-04-23 07:38:12.800,3509417.927642284,779142.3512030618,5250980.463911238,-64130.87189377865,34.895884923260226,0.03297317307442427,0.004115296760573983,0.013190926983952522
2026-04-23 07:38:12.900,3509417.9320975165,779142.3500239146,5250980.466362944,-64135.56283900466,34.90613747822508,0.044552325271070004,-0.011791471624746919,0.024517057463526726
2026-04-23 07:38:13.000,3509417.9388303007,779142.3497272049,5250980.467689724,-64140.25595742941,34.918438961089706,0.0673278421163559,-0.002967097098007798,0.013267798349261284
2026-04-23 07:38:13.100,3509417.943749583,779142.3517860426,5250980.470784198,-64144.952466420276,34.93361944110456,0.049192821606993675,0.020588376792147756,0.030944738537073135
2026-04-23 07:38:13.200,3509417.9456489617,779142.3510401789,5250980.473956921,-64149.648496385795,34.949932865410624,0.01899378839880228,-0.007458636537194252,0.03172723576426506
2026-04-23 07:38:13.300,3509417.9491355033,779142.3518882528,5250980.4769929815,-64154.344477257706,34.96626282620749,0.034865415655076504,0.008480738615617156,0.03036060370504856
2026-04-23 07:38:13.400,3509417.952936527,779142.3529361462,5250980.480128813,-64159.040532627085,34.97085644279848,0.038010235875844955,0.010478934273123741,0.03135831095278263
2026-04-23 07:38:13.500,3509417.955797405,779142.3534066465,5250980.485252067,-64163.74486869972,34.99916780446268,0.028608781285583973,0.004705003229901195,0.05123254843056202
2026-04-23 07:38:13.600,3509417.9591373987,779142.3542763382,5250980.489173785,-64168.44934325757,35.015247273604665,0.03339993767440319,0.008696917211636901,0.03921717405319214
2026-04-23 07:38:13.700,3509417.961436824,779142.3545191182,5250980.495301944,-64173.14433515395,35.038821802497885,0.022994251921772957,0.002427799627184868,0.061281593516469
2026-04-23 07:38:13.800,3509417.9646353144,779142.3558512356,5250980.499241613,-64177.844302541445,35.06022774574361,0.031984904780983925,0.013321173610165715,0.03939668647944927
2026-04-23 07:38:13.900,3509417.967678805,779142.3560289374,5250980.501269336,-64182.541948808306,35.079232357412835,0.030434904620051384,0.0017770181875675917,0.020277230069041252
2026-04-23 07:38:14.000,3509417.970700061,779142.3561761283,5250980.503630387,-64187.23629185099,35.09849123636497,0.030212560668587685,0.001471908763051033,0.02361050806939602
2026-04-23 07:38:14.100,3509417.9728566627,779142.3571583002,5250980.505546685,-64191.93855866206,35.122073937360874,0.021566017530858517,0.009821719722822309,0.019162986427545547
2026-04-23 07:38:14.200,3509417.977372217,779142.3578412212,5250980.507585219,-64196.640034208074,35.13745863193286,0.04515554290264845,0.0068292091600596905,0.020385337993502617
2026-04-23 07:38:14.300,3509417.9785887217,779142.3586377379,5250980.514330834,-64201.338876111375,35.17334222985928,0.012165047228336334,0.007965167751535773,0.06745615042746067
2026-04-23 07:38:14.400,3509417.980578795,779142.3583233618,5250980.51462338,-64206.02572503278,35.19495039858082,0.0199007336050272,-0.0031437608413398266,0.002925461158156395
2026-04-23 07:38:14.500,3509417.9835216734,779142.3591144487,5250980.52029092,-64210.71019633828,35.22952788500121,0.029428782872855663,0.007910868152976036,0.056675393134355545
2026-04-23 07:38:14.600,3509417.983818362,779142.3594869095,5250980.521796353,-64215.412077623994,35.25424566397189,0.0029668863862752914,0.0037246081046760082,0.015054335817694664
2026-04-23 07:38:14.700,3509417.9872719697,779142.3616719084,5250980.5283582965,-64220.11344541926,35.27729108890732,0.034536076709628105,0.02184998942539096,0.06561943329870701
2026-04-23 07:38:14.800,3509417.9901091415,779142.3617603278,5250980.527813644,-64224.810691873805,35.2931562269701,0.028371717780828476,0.0008841941598802805,-0.005446523427963257
2026-04-23 07:38:14.900,3509417.9919315446,779142.3653817205,5250980.53520302,-64229.49946085756,35.31993021038851,0.018224031664431095,0.03621392650529742,0.07389375939965248
2026-04-23 07:38:15.000,3509417.992158983,779142.3659409327,5250980.5335452175,-64234.194546253166,35.356207163651035,0.00227438285946846,0.005592121742665768,-0.016578026115894318
2026-04-23 07:38:15.100,3509417.9934986914,779142.3678041645,5250980.5373041965,-64238.894581193854,35.3896609159323,0.013397084549069405,0.018632318824529648,0.0375897902995348
2026-04-23 07:38:15.200,3509417.9934848174,779142.3705059867,5250980.540885937,-64243.59207379881,35.41646113545127,-0.00013873912394046783,0.027018222026526928,0.03581740893423557
2026-04-23 07:38:15.300,3509417.9926489224,779142.372357801,5250980.5446763635,-64248.29165142021,35.4403459115379,-0.008358950726687908,0.018518142169341445,0.03790426068007946
2026-04-23 07:38:15.400,3509417.9951008237,779142.3739420648,5250980.545021809,-64252.98541544498,35.45922583063803,0.02451901324093342,0.0158426386769861,0.0034544523805379868
2026-04-23 07:38:15.500,3509417.9957644725,779142.3742084778,5250980.541877965,-64257.67723210105,35.48350702718317,0.006636488251388073,0.002664129715412855,-0.0314384326338768
2026-04-23 07:38:15.600,3509417.996610067,779142.3787520155,5250980.549604881,-64262.36634573449,35.51943569258911,0.008455943316221237,0.04543537739664316,0.07726915180683136
2026-04-23 07:38:15.700,3509417.9975939123,779142.3807407558,5250980.553165258,-64267.06268151646,35.54487918631116,0.00983845442533493,0.019887402886524796,0.03560377284884453
2026-04-23 07:38:15.800,3509417.998626337,779142.3825919068,5250980.552500907,-64271.765077505166,35.58876470777414,0.010324246250092983,0.018511509988456964,-0.006643505766987801
2026-04-23 07:38:15.900,3509418.0015359,779142.3846228316,5250980.554709906,-64276.457211915775,35.60546712267718,0.029095630161464214,0.020309247775003314,0.022089984267950058
2026-04-23 07:38:16.000,3509418.0023090052,779142.3875805207,5250980.557528658,-64281.13797499148,35.63656908728629,0.0077310530468821526,0.029576891101896763,0.028187520802021027
2026-04-23 07:38:16.100,3509418.002550483,779142.3892345404,5250980.560059748,-64285.817251348686,35.66374326639153,0.0024147797375917435,0.016540196957066655,0.025310898199677467
2026-04-23 07:38:16.200,3509418.003499385,779142.3898278042,5250980.55942815,-64290.50902002386,35.692745618718256,0.00948901753872633,0.00593263772316277,-0.006315978243947029
2026-04-23 07:38:16.300,3509418.0049111135,779142.3931913127,5250980.562669109,-64295.19413589595,35.720748013453644,0.0141172856092453,0.033635084982961416,0.03240958787500858
2026-04-23 07:38:16.400,3509418.0059161824,779142.3948411909,5250980.564367665,-64299.87952839864,35.74029969423382,0.010050688870251179,0.016498782206326723,0.016985563561320305
2026-04-23 07:38:16.500,3509418.0064203423,779142.396743831,5250980.561377118,-64304.57828437657,35.761244391742316,0.005041598342359066,0.019026400987058878,-0.029905466362833977
2026-04-23 07:38:16.600,3509418.007532314,779142.3999643167,5250980.566274114,-64309.272241055514,35.793334042750764,0.011119716800749302,0.0322048575617373,0.04896995611488819
2026-04-23 07:38:16.700,3509418.0077589187,779142.4017040642,5250980.56712274,-64313.95574308663,35.823541353193846,0.0022660475224256516,0.01739747473038733,0.008486257866024971
2026-04-23 07:38:16.800,3509418.006573939,779142.4039587424,5250980.562846807,-64318.65051391047,35.85243444166881,-0.011849794536828995,0.022546781692653894,-0.042759329080581665
2026-04-23 07:38:16.900,3509418.007936549,779142.4057172819,5250980.563952574,-64323.34133818969,35.87619369887309,0.01362609677016735,0.017585394671186805,0.011057667434215546
2026-04-23 07:38:17.000,3509418.0068850745,779142.4087987432,5250980.564813826,-64328.038649343245,35.9089672636616,-0.010514743626117706,0.030814612982794642,0.008612526580691338
2026-04-23 07:38:17.100,3509418.0070060357,779142.4097342766,5250980.566544784,-64332.72962558386,35.962029131499165,0.0012096110731363297,0.009355334332212806,0.017309579998254776
2026-04-23 07:38:17.200,3509418.0026526223,779142.4116281037,5250980.56378615,-64337.4249526788,35.994043195228706,-0.043534133583307266,0.018938271095976233,-0.02758634276688099
2026-04-23 07:38:17.300,3509418.0035976884,779142.4135084529,5250980.567045358,-64342.11409140793,36.01773427918156,0.009450661018490791,0.018803492421284318,0.032592080533504486
2026-04-23 07:38:17.400,3509418.0004443475,779142.4142328772,5250980.563367289,-64346.812619527045,36.04928737431329,-0.03153340891003609,0.007244242588058114,-0.036780694499611855
2026-04-23 07:38:17.500,3509418.0007058866,779142.4174513533,5250980.569223967,-64351.50783837948,36.08767048170592,0.0026153912767767906,0.032184760784730315,0.05856678821146488
2026-04-23 07:38:17.600,3509417.997570401,779142.419604159,5250980.56571933,-64356.20949917858,36.11891530040274,-0.03135485574603081,0.02152805682271719,-0.035046376287937164
2026-04-23 07:38:17.700,3509417.996970556,779142.4216382934,5250980.56825815,-64360.90589675945,36.155528633954226,-0.005998448468744755,0.020341344643384218,0.025388197973370552
2026-04-23 07:38:17.800,3509417.99350116,779142.4232081214,5250980.564697646,-64365.60426915306,36.175861273801964,-0.03469396382570267,0.015698280185461044,-0.035605039447546005
2026-04-23 07:38:17.900,3509417.9915573574,779142.4246032983,5250980.564572957,-64370.29736636776,36.207672036583766,-0.01943802461028099,0.013951768632978201,-0.001246882602572441
2026-04-23 07:38:18.000,3509417.990664653,779142.4282315845,5250980.565295352,-64374.992720562135,36.238457390199535,-0.00892704352736473,0.03628286183811724,0.007223943248391151
2026-04-23 07:38:18.100,3509417.9879291807,779142.4287225009,5250980.564488579,-64379.68766411069,36.26210938953166,-0.02735472284257412,0.004909164272248745,-0.008067730814218521
2026-04-23 07:38:18.200,3509417.983928098,779142.4306245047,5250980.561018431,-64384.3805011981,36.28180020778969,-0.04001082852482796,0.019020037725567818,-0.034701479598879814
2026-04-23 07:38:18.300,3509417.980967824,779142.4315994561,5250980.558254988,-64389.076865353105,36.310582778971785,-0.029602739959955215,0.00974951428361237,-0.027634426951408386
2026-04-23 07:38:18.400,3509417.9798816526,779142.4337823685,5250980.560195733,-64393.77420345514,36.340256757034844,-0.010861712507903576,0.021829124307259917,0.019407449290156364
2026-04-23 07:38:18.500,3509417.97638062,779142.4359820442,5250980.555251798,-64398.468387476714,36.35275336945643,-0.0350103247910738,0.021996756549924612,-0.04943935200572014
2026-04-23 07:38:18.600,3509417.9705878873,779142.4383523263,5250980.552510229,-64403.15475348869,36.376973454707624,-0.057927328161895275,0.023702820762991905,-0.02741568721830845
2026-04-23 07:38:18.700,3509417.96590048,779142.4395160443,5250980.55031018,-64407.839743081226,36.39363510627458,-0.04687407519668341,0.01163718057796359,-0.022000493481755257
2026-04-23 07:38:18.800,3509417.9654176226,779142.4426804597,5250980.5509342905,-64412.52806931061,36.413346195196574,-0.0048285722732543945,0.03164415364153683,0.006241109222173691
2026-04-23 07:38:18.900,3509417.959421509,779142.4445659429,5250980.545847852,-64417.218872772515,36.427080874802606,-0.05996113643050194,0.018854831578209996,-0.050864387303590775
2026-04-23 07:38:19.000,3509417.9549756423,779142.4478701664,5250980.546926151,-64421.908676053725,36.44248160347013,-0.0444586668163538,0.03304223529994488,0.010782992467284203
2026-04-23 07:38:19.100,3509417.9492612914,779142.4504791294,5250980.542410382,-64426.605728052375,36.436395620044784,-0.057143508456647396,0.02608963055536151,-0.04515768960118294
2026-04-23 07:38:19.200,3509417.9470611895,779142.4531311679,5250980.542514928,-64431.29300810016,36.46008983727787,-0.022001019679009914,0.026520384708419442,0.0010454561561346054
2026-04-23 07:38:19.300,3509417.9428076525,779142.4560070928,5250980.540999043,-64435.976072378726,36.471564097682275,-0.04253536928445101,0.028759249253198504,-0.015158848837018013
2026-04-23 07:38:19.400,3509417.938430611,779142.4574983028,5250980.536952822,-64440.660285658334,36.476929502723884,-0.043770414777100086,0.014912099577486515,-0.04046221263706684
2026-04-23 07:38:19.500,3509417.9348467127,779142.4598634035,5250980.535794036,-64445.34295205228,36.487103456405045,-0.03583898302167654,0.023651006631553173,-0.011587850749492645
2026-04-23 07:38:19.600,3509417.9313343754,779142.4633370967,5250980.53479446,-64450.02926462912,36.48409750441332,-0.0351233733817935,0.03473693272098899,-0.009995764121413231
2026-04-23 07:38:19.700,3509417.926133947,779142.4641516199,5250980.529985407,-64454.72712757375,36.494432613930414,-0.05200428422540426,0.008145231986418366,-0.04809052683413029
2026-04-23 07:38:19.800,3509417.923287082,779142.4647213914,5250980.526507028,-64459.418438377186,36.50023624935228,-0.028468649834394455,0.005697715096175671,-0.03478378988802433
2026-04-23 07:38:19.900,3509417.918166543,779142.4671218358,5250980.526330559,-64464.107377834036,36.50344637432433,-0.05120539106428623,0.024004443548619747,-0.0017646979540586472
2026-04-23 07:38:20.000,3509417.913754128,779142.4683052163,5250980.524782051,-64468.79719346715,36.5086593942583,-0.04412414971739054,0.011833804892376065,-0.015485072508454323
2026-04-23 07:38:20.100,3509417.9112325083,779142.4706680089,5250980.526917949,-64473.48732010072,36.509442161984666,-0.025216196663677692,0.023627926129847765,0.021358979865908623
2026-04-23 07:38:20.200,3509417.9081824054,779142.4723168014,5250980.527773593,-64478.172714191525,36.506069106600975,-0.030501028522849083,0.016487925313413143,0.008556433022022247
2026-04-23 07:38:20.300,3509417.904284657,779142.4740872587,5250980.527701943,-64482.851912177844,36.51575331253114,-0.038977484218776226,0.017704572528600693,-0.0007164943963289261
2026-04-23 07:38:20.400,3509417.9015494585,779142.4764085029,5250980.530344802,-64487.53072512366,36.51970947114776,-0.02735198475420475,0.02321244217455387,0.02642858773469925
2026-04-23 07:38:20.500,3509417.8984100046,779142.4788156245,5250980.529708036,-64492.22183910277,36.531139313754814,-0.03139453940093517,0.024071215884760022,-0.006367657333612442
2026-04-23 07:38:20.600,3509417.898804007,779142.478514088,5250980.528639186,-64496.90681589089,36.53158410167465,0.003940025344491005,-0.003015365218743682,-0.010688500478863716
2026-04-23 07:38:20.700,3509417.8964886316,779142.4812970975,5250980.535666078,-64501.58164149793,36.539602879651156,-0.023153754882514477,0.02783009549602866,0.07026892155408859
2026-04-23 07:38:20.800,3509417.8937866376,779142.4836970808,5250980.537031071,-64506.26185205569,36.54347869633618,-0.027019940316677094,0.023999832337722182,0.01364992931485176
2026-04-23 07:38:20.900,3509417.888453481,779142.4856799663,5250980.536491555,-64510.95199501425,36.54761508486795,-0.05333156790584326,0.019828855292871594,-0.005395160987973213
2026-04-23 07:38:21.000,3509417.8839117712,779142.4878904233,5250980.540986352,-64515.63792758835,36.560114335549116,-0.04541709553450346,0.022104569943621755,0.04494796507060528
2026-04-23 07:38:21.100,3509417.8843561253,779142.491013292,5250980.5421190085,-64520.322156594506,36.55334653899039,0.00444354023784399,0.031228687148541212,0.011326568201184273
2026-04-23 07:38:21.200,3509417.883714392,779142.4934048873,5250980.542669104,-64525.00728182969,36.553536414075204,-0.006417334079742432,0.02391595277003944,0.0055009592324495316
2026-04-23 07:38:21.300,3509417.881074389,779142.4962579374,5250980.545120729,-64529.68732173865,36.55859836115432,-0.026400028727948666,0.028530501294881105,0.02451624721288681
2026-04-23 07:38:21.400,3509417.881010003,779142.4995624482,5250980.548498584,-64534.372250902605,36.57638994044731,-0.0006438605487346649,0.033045108430087566,0.03377854824066162
2026-04-23 07:38:21.500,3509417.878223233,779142.5008136716,5250980.548262827,-64539.064384990736,36.58825484317372,-0.027867699973285198,0.01251223380677402,-0.0023575685918331146
2026-04-23 07:38:21.600,3509417.8791378727,779142.5032702163,5250980.553608194,-64543.74123004869,36.599938582824905,0.009146397933363914,0.02456544665619731,0.05345366895198822
2026-04-23 07:38:21.700,3509417.8773086127,779142.505054712,5250980.555347645,-64548.42374914085,36.60399796765609,-0.01829260028898716,0.017844956601038575,0.01739450730383396
2026-04-23 07:38:21.800,3509417.877678366,779142.507690553,5250980.555886357,-64553.10886196721,36.62101502084369,0.0036975322291254997,0.026358410250395536,0.005387123674154282
2026-04-23 07:38:21.900,3509417.8795102723,779142.5105179481,5250980.560801928,-64557.791891255714,36.6422777178696,0.01831906381994486,0.028273951029404998,0.04915570840239525
2026-04-23 07:38:22.000,3509417.8817859534,779142.5116994351,5250980.565432189,-64562.47692465816,36.646177348877586,0.02275681123137474,0.011814869940280914,0.046302611008286476
2026-04-23 07:38:22.100,3509417.882560233,779142.514763554,5250980.57064579,-64567.15600318336,36.66540031174607,0.007742797024548054,0.030641189077869058,0.052136005833745
2026-04-23 07:38:22.200,3509417.8830586066,779142.5166993514,5250980.573495961,-64571.835807066665,36.68530499609074,0.004983735270798206,0.019357973942533135,0.028501711785793304
2026-04-23 07:38:22.300,3509417.8828982865,779142.516868077,5250980.572476893,-64576.51697634005,36.691735006143595,-0.00160320196300745,0.0016872561536729336,-0.010190680623054504
2026-04-23 07:38:22.400,3509417.885791228,779142.5185907829,5250980.577671627,-64581.192207604094,36.694406667683175,0.02892941702157259,0.017227058997377753,0.0519473385065794
2026-04-23 07:38:22.500,3509417.8880844936,779142.5210810729,5250980.584253017,-64585.87761771744,36.703564686518696,0.02293265424668789,0.024902899749577045,0.06581390276551247
2026-04-23 07:38:22.600,3509417.889719095,779142.521098159,5250980.585391842,-64590.568080417645,36.720070611969334,0.01634601503610611,0.00017086160369217396,0.011388249695301056
2026-04-23 07:38:22.700,3509417.8905669935,779142.5222490976,5250980.586446976,-64595.25537859482,36.722989162831766,0.008478984236717224,0.011509385658428073,0.010551344603300095
2026-04-23 07:38:22.800,3509417.8906416725,779142.5252158457,5250980.593342671,-64599.94128951429,36.737314256554114,0.0007467903196811676,0.02966748084872961,0.06895694881677628
2026-04-23 07:38:22.900,3509417.894834088,779142.5254974534,5250980.594870549,-64604.61746713781,36.74305499118505,0.04192415624856949,0.002816077321767807,0.015278775244951248
2026-04-23 07:38:23.000,3509417.897502264,779142.5277861592,5250980.600705531,-64609.28825473352,36.7439700127217,0.02668175846338272,0.022887057857587934,0.05834982730448246
2026-04-23 07:38:23.100,3509417.898917505,779142.5285444062,5250980.604504947,-64613.96343293407,36.75734775008591,0.014152410440146923,0.007582469843327999,0.037994151934981346
2026-04-23 07:38:23.200,3509417.8998055807,779142.5295230756,5250980.606576956,-64618.64640749973,36.77549664329081,0.008880756795406342,0.009786693844944239,0.020720092579722404
2026-04-23 07:38:23.300,3509417.9033571887,779142.532699555,5250980.611553112,-64623.33412594464,36.77450913257817,0.035516079515218735,0.031764794839546084,0.049761561676859856
2026-04-23 07:38:23.400,3509417.9065040546,779142.5338220368,5250980.614721284,-64628.02039432246,36.77288778184861,0.031468658708035946,0.011224817717447877,0.0316817220300436
2026-04-23 07:38:23.500,3509417.9097923622,779142.5337455274,5250980.6176772835,-64632.70085405758,36.782007024165104,0.032883076928555965,-0.0007650943007320166,0.029559992253780365
2026-04-23 07:38:23.600,3509417.9139976185,779142.5345749961,5250980.622190242,-64637.375554956685,36.793992419264775,0.0420525623485446,0.008294687140733004,0.04512958228588104
2026-04-23 07:38:23.700,3509417.91388044,779142.536470332,5250980.628642423,-64642.052173426055,36.80549356999863,-0.001171785406768322,0.018953358521685004,0.06452181376516819
2026-04-23 07:38:23.800,3509417.9154774817,779142.5343072204,5250980.628148964,-64646.7321547068,36.799790387164656,0.01597041729837656,-0.02163111581467092,-0.004934594035148621
2026-04-23 07:38:23.900,3509417.915419235,779142.535289081,5250980.630579731,-64651.41022978683,36.79630582245226,-0.0005824677646160126,0.009818606777116656,0.024307677522301674
2026-04-23 07:38:24.000,3509417.9174192846,779142.5374335417,5250980.638710249,-64656.08663909446,36.808416206086534,0.02000049687922001,0.021444606827571988,0.08130517788231373
2026-04-23 07:38:24.100,3509417.919159361,779142.5370417944,5250980.640323784,-64660.76714469441,36.815824988220655,0.017400765791535378,-0.003917473368346691,0.01613534986972809
2026-04-23 07:38:24.200,3509417.92256795,779142.5377566206,5250980.649573389,-64665.447268559925,36.829438785112394,0.0340858893468976,0.007148261647671461,0.09249605238437653
2026-04-23 07:38:24.300,3509417.9251021063,779142.538964623,5250980.656014543,-64670.12383813982,36.837524125058216,0.025341561995446682,0.01208002446219325,0.06441153585910797
2026-04-23 07:38:24.400,3509417.9261670085,779142.5414037373,5250980.66376241,-64674.80011549939,36.83340705966363,0.010649021714925766,0.024391142651438713,0.0774786714464426
2026-04-23 07:38:24.500,3509417.928960783,779142.5422631343,5250980.6686885115,-64679.46914460981,36.843313248551,0.02793774474412203,0.008593969978392124,0.04926101304590702
2026-04-23 07:38:24.600,3509417.9310520957,779142.5436837955,5250980.679917146,-64684.13721393767,36.84474291547275,0.020913127809762955,0.014206612249836326,0.11228634975850582
2026-04-23 07:38:24.700,3509417.931825674,779142.5446545577,5250980.689176223,-64688.81159725194,36.85037512396728,0.007735784165561199,0.009707622230052948,0.09259076789021492
2026-04-23 07:38:24.800,3509417.9361173497,779142.5454632096,5250980.69445094,-64693.47451432458,36.8470999581658,0.04291675519198179,0.00808651908300817,0.05274716764688492
2026-04-23 07:38:24.900,3509417.9375237157,779142.5477182796,5250980.704086837,-64698.143613849,36.84566264684776,0.014063660055398941,0.02255070023238659,0.09635897353291512
2026-04-23 07:38:25.000,3509417.941765089,779142.5494489946,5250980.714813392,-64702.81356978975,36.83291381902823,0.04241373389959335,0.01730714924633503,0.10726554319262505
2026-04-23 07:38:25.100,3509417.9446895714,779142.5504470798,5250980.717321142,-64707.48608383511,36.812375421704125,0.02924482338130474,0.009980852482840419,0.025077499449253082
2026-04-23 07:38:25.200,3509417.9469844536,779142.5508239964,5250980.7278024545,-64712.146375480035,36.81612802640786,0.022948822006583214,0.0037691660691052675,0.10481312870979309
2026-04-23 07:38:25.300,3509417.948389746,779142.550214307,5250980.732278262,-64716.81400833208,36.80290469796335,0.014052921906113625,-0.006096893921494484,0.04475807771086693
2026-04-23 07:38:25.400,3509417.949098342,779142.5530606229,5250980.741048335,-64721.47830850727,36.80112639423212,0.007085963152348995,0.02846315852366388,0.0877007283270359
2026-04-23 07:38:25.500,3509417.9518275247,779142.5539866099,5250980.746216912,-64726.146504311495,36.7937436815973,0.027291825972497463,0.009259870275855064,0.051685767248272896
2026-04-23 07:38:25.600,3509417.9507290525,779142.5545692092,5250980.752824408,-64730.818050462665,36.78134114619046,-0.010984721593558788,0.00582599313929677,0.06607496179640293
2026-04-23 07:38:25.700,3509417.9526678333,779142.5560801696,5250980.760716141,-64735.48914457802,36.76369423333687,0.019387807697057724,0.015109603991732001,0.07891733199357986
2026-04-23 07:38:25.800,3509417.953982459,779142.5577568482,5250980.770677712,-64740.164120051086,36.76593451048581,0.01314625609666109,0.016766785411164165,0.09961570613086224
2026-04-23 07:38:25.900,3509417.9528867807,779142.5589140287,5250980.776669682,-64744.835479267196,36.74731191026749,-0.010956781916320324,0.011571805225685239,0.059919701889157295
2026-04-23 07:38:26.000,3509417.9570100303,779142.5601455949,5250980.780106227,-64749.505292652866,36.73304190083617,0.041232495568692684,0.012315661879256368,0.0343654491007328
2026-04-23 07:38:26.100,3509417.950459163,779142.5604295844,5250980.782795373,-64754.18452569541,36.723411142246256,-0.06550867110490799,0.0028398947324603796,0.026891464367508888
2026-04-23 07:38:26.200,3509417.950409165,779142.562074017,5250980.791871017,-64758.86446882678,36.71495580713271,-0.0004999805241823196,0.016444326611235738,0.09075643494725227
2026-04-23 07:38:26.300,3509417.952063343,779142.5626133857,5250980.795586642,-64763.54697504965,36.707048223030164,0.016541779041290283,0.005393687169998884,0.037156250327825546
2026-04-23 07:38:26.400,3509417.952199869,779142.5623077248,5250980.796978043,-64768.23008425319,36.69329009204788,0.0013652583584189415,-0.0030566088389605284,0.013914015144109726
2026-04-23 07:38:26.500,3509417.9508783002,779142.5625658609,5250980.800882169,-64772.91335419462,36.67934419137736,-0.013215686194598675,0.002581360749900341,0.03904125653207302
2026-04-23 07:38:26.600,3509417.9503798513,779142.5627232356,5250980.803445875,-64777.59569252134,36.673357052727816,-0.004984489642083645,0.001573746558278799,0.025637056678533554
2026-04-23 07:38:26.700,3509417.951625308,779142.5637508071,5250980.805544018,-64782.266014608955,36.67230166317207,0.012454567477107048,0.01027571503072977,0.020981431007385254
2026-04-23 07:38:26.800,3509417.950853095,779142.563942896,5250980.810771077,-64786.93410785131,36.67017920556312,-0.007722130976617336,0.0019208888988941908,0.052270591259002686
2026-04-23 07:38:26.900,3509417.9510091804,779142.5646207754,5250980.81814524,-64791.60833468137,36.66724250723133,0.0015608547255396843,0.006778794340789318,0.07374162785708904
2026-04-23 07:38:27.000,3509417.9502712027,779142.5644634009,5250980.817031423,-64796.28087307162,36.6459745042266,-0.007379776798188686,-0.0015737453941255808,-0.011138170957565308
2026-04-23 07:38:27.100,3509417.94819246,779142.5652423247,5250980.822045768,-64800.947567198826,36.64041344351592,-0.020787427201867104,0.007789238588884473,0.05014345049858093
2026-04-23 07:38:27.200,3509417.9442028245,779142.5655804286,5250980.822136225,-64805.6245959067,36.6337856361253,-0.039896355010569096,0.003381038550287485,0.000904574990272522
2026-04-23 07:38:27.300,3509417.9441117984,779142.5656547624,5250980.822548524,-64810.3054824253,36.62823558177409,-0.0009102607145905495,0.000743338605388999,0.004122983664274216
2026-04-23 07:38:27.400,3509417.944239893,779142.5670239043,5250980.824019053,-64814.968415130665,36.62069549632639,0.0012809457257390022,0.013691418571397662,0.014705294743180275
2026-04-23 07:38:27.500,3509417.9386222987,779142.5668657686,5250980.827066012,-64819.63744561794,36.621352700942474,-0.056175943464040756,-0.0015813566278666258,0.030469587072730064
2026-04-23 07:38:27.600,3509417.9371660305,779142.5663913063,5250980.825645595,-64824.3001851443,36.61204022338198,-0.014562681317329407,-0.004744622856378555,-0.014204168692231178
2026-04-23 07:38:27.700,3509417.940167762,779142.5667328547,5250980.827921161,-64828.95757496563,36.60514794507815,0.030017313547432423,0.0034154835157096386,0.022755665704607964
2026-04-23 07:38:27.800,3509417.9389364077,779142.5676398202,5250980.830449708,-64833.62381282149,36.603668693746165,-0.0123135419562459,0.009069654624909163,0.02528546378016472
2026-04-23 07:38:27.900,3509417.9400783563,779142.5675377861,5250980.832670663,-64838.293959612456,36.60826894706833,0.011419486254453659,-0.0010203407146036625,0.022209547460079193
2026-04-23 07:38:28.000,3509417.9379499657,779142.5686352545,5250980.838560515,-64842.95998931134,36.602834871597814,-0.02128390595316887,0.01097468426451087,0.058898525312542915
2026-04-23 07:38:28.100,3509417.9396489738,779142.5698447945,5250980.837209679,-64847.629409518326,36.587276232937526,0.01699008047580719,0.012095399433746934,-0.013508358970284462
2026-04-23 07:38:28.200,3509417.9376046723,779142.5707606148,5250980.83879469,-64852.295355094,36.578654726064016,-0.020443014800548553,0.009158203611150384,0.01585010439157486
2026-04-23 07:38:28.300,3509417.9350735834,779142.570399229,5250980.8368664365,-64856.966579770604,36.57482956746652,-0.02531088888645172,-0.0036138587165623903,-0.01928253099322319
2026-04-23 07:38:28.400,3509417.934212344,779142.5714385582,5250980.837996831,-64861.64367791913,36.56385512919626,-0.008612396195530891,0.010393292177468538,0.011303946375846863
2026-04-23 07:38:28.500,3509417.9320803294,779142.57003941,5250980.837523072,-64866.31656935678,36.56379309034186,-0.021320143714547157,-0.013991481391713023,-0.0047375913709402084
2026-04-23 07:38:28.600,3509417.930655768,779142.5714079726,5250980.838867038,-64870.9853764707,36.555721986257545,-0.014245612546801567,0.013685625744983554,0.013439655303955078
2026-04-23 07:38:28.700,3509417.9282565424,779142.5710736031,5250980.8382449765,-64875.6551665995,36.54755275300152,-0.023992257192730904,-0.003343694843351841,-0.006220610812306404
2026-04-23 07:38:28.800,3509417.927268847,779142.5698873164,5250980.834937581,-64880.32151178163,36.53661634146453,-0.009876955300569534,-0.011862866813316941,-0.03307395614683628
2026-04-23 07:38:28.900,3509417.925174273,779142.5709875765,5250980.8390552895,-64884.98770750638,36.531551335956536,-0.020945738069713116,0.011002600658684969,0.041177086532115936
2026-04-23 07:38:29.000,3509417.923505202,779142.5712479202,5250980.84123393,-64889.65849517991,36.53031714440713,-0.016690711490809917,0.0026034365873783827,0.02178640104830265
2026-04-23 07:38:29.100,3509417.9236239325,779142.5696342266,5250980.837793439,-64894.324026781724,36.525130541310425,0.001187305897474289,-0.01613693544641137,-0.03440490923821926
2026-04-23 07:38:29.200,3509417.920479827,779142.5711854381,5250980.8380983425,-64898.99873619011,36.52011692120519,-0.03144105430692434,0.015512114623561502,0.003049038350582123
2026-04-23 07:38:29.300,3509417.918632183,779142.5729901503,5250980.847991666,-64903.66069086774,36.51648360209233,-0.018476438708603382,0.018047122284770012,0.09893323294818401
2026-04-23 07:38:29.400,3509417.9184987573,779142.5701896204,5250980.840010239,-64908.331643575344,36.511593955645694,-0.0013342592865228653,-0.02800529939122498,-0.07981427013874054
2026-04-23 07:38:29.500,3509417.9149653725,779142.5703207377,5250980.840536222,-64913.01252397986,36.50079218294018,-0.035333847627043724,0.0013111729640513659,0.005259830504655838
2026-04-23 07:38:29.600,3509417.91048375,779142.5710542816,5250980.8411792405,-64917.69122177001,36.498311853423374,-0.044816224835813046,0.00733543885871768,0.006430186331272125
2026-04-23 07:38:29.700,3509417.9067335,779142.5714795645,5250980.840403722,-64922.36706112883,36.491592474160555,-0.03750250209122896,0.004252829821780324,-0.007755188271403313
2026-04-23 07:38:29.800,3509417.9067283184,779142.5725682371,5250980.844178838,-64927.03672932866,36.47843519471703,-5.181413143873215e-05,0.010886725503951311,0.03775116056203842
2026-04-23 07:38:29.900,3509417.9048689213,779142.5719801896,5250980.8429442365,-64931.71031217559,36.47209335826255,-0.018593971617519855,-0.005880474345758557,-0.012346012517809868
2026-04-23 07:38:30.000,3509417.9008551594,779142.5720986906,5250980.840818607,-64936.387271193715,36.46083543563912,-0.04013761878013611,0.0011850090231746435,-0.02125629223883152
2026-04-23 07:38:30.100,3509417.898467933,779142.5707081166,5250980.836299852,-64941.0677887898,36.47035291459652,-0.023872265592217445,-0.01390573917888105,-0.045187557116150856
2026-04-23 07:38:30.200,3509417.8975780457,779142.5716760807,5250980.836208288,-64945.74679065216,36.4618227040344,-0.008898871019482613,0.009679640643298626,-0.0009156391024589539
2026-04-23 07:38:30.300,3509417.8931706077,779142.5752163079,5250980.841464845,-64950.429775146375,36.461847548694195,-0.044074379839003086,0.03540227189660072,0.05256557837128639
2026-04-23 07:38:30.400,3509417.888116806,779142.5751480103,5250980.842301286,-64955.12274316188,36.46189722132207,-0.0505380192771554,-0.000682976096868515,0.008364403620362282
2026-04-23 07:38:30.500,3509417.8877303326,779142.5759876093,5250980.843017518,-64959.79902766238,36.449218064375955,-0.0038647325709462166,0.008395990589633584,0.007162317633628845
2026-04-23 07:38:30.600,3509417.8818007684,779142.577807705,5250980.841967984,-64964.4807192007,36.44593956050666,-0.059295641258358955,0.01820095698349178,-0.01049533486366272
2026-04-23 07:38:30.700,3509417.879917553,779142.5777754996,5250980.836299518,-64969.164095286564,36.43156799237693,-0.01883215270936489,-0.0003220548387616873,-0.05668465979397297
2026-04-23 07:38:30.800,3509417.878861979,779142.5780048966,5250980.838065402,-64973.85892453889,36.439588288612185,-0.01055574044585228,0.00229397090151906,0.017658835276961327
2026-04-23 07:38:30.900,3509417.8768255753,779142.5800018061,5250980.844605472,-64978.546213123605,36.44926294547991,-0.02036403864622116,0.01996909501031041,0.06540070287883282
2026-04-23 07:38:31.000,3509417.876382422,779142.5830440832,5250980.848071274,-64983.22179861084,36.444377471828446,-0.004431530833244324,0.030422770651057363,0.034658024087548256
2026-04-23 07:38:31.100,3509417.870595838,779142.584199213,5250980.8529193895,-64987.91047363194,36.43528007766519,-0.05786584224551916,0.011551297502592206,0.04848115146160126
2026-04-23 07:38:31.200,3509417.8763603847,779142.5832945409,5250980.851155611,-64992.59713016873,36.43027773564048,0.057645468041300774,-0.009046720806509256,-0.017637787386775017
2026-04-23 07:38:31.300,3509417.875662013,779142.5853140308,5250980.85790302,-64997.27820030006,36.44233741065601,-0.006983717903494835,0.020194898825138807,0.06747409701347351
2026-04-23 07:38:31.400,3509417.870316457,779142.5889985141,5250980.864562219,-65001.95747632738,36.45307772083188,-0.05345555953681469,0.036844833521172404,0.06659198552370071
2026-04-23 07:38:31.500,3509417.87283017,779142.5902741564,5250980.868855379,-65006.63977259199,36.442604036115036,0.02513713203370571,0.012756423093378544,0.04293159581720829
2026-04-23 07:38:31.600,3509417.878418343,779142.5896190647,5250980.866258441,-65011.32716728142,36.426800534614785,0.05588172934949398,-0.0065509171690791845,-0.025969380512833595
2026-04-23 07:38:31.700,3509417.87367947,779142.5923161496,5250980.867266489,-65016.017973837195,36.41660821763189,-0.047388733364641666,0.026970849139615893,0.010080486536026001
2026-04-23 07:38:31.800,3509417.8729957044,779142.5941370171,5250980.873112335,-65020.69895218421,36.43354783335197,-0.006837653927505016,0.018208675319328904,0.05845845676958561
2026-04-23 07:38:31.900,3509417.8677402167,779142.596308645,5250980.87396595,-65025.387771093374,36.4295222208261,-0.05255487747490406,0.021716278279200196,0.008536148816347122
2026-04-23 07:38:32.000,3509417.866338304,779142.6016307852,5250980.884219502,-65030.05909417168,36.439286718524286,-0.014019128866493702,0.05322140175849199,0.10253552347421646
2026-04-23 07:38:32.100,3509417.8672245387,779142.6026368459,5250980.884998981,-65034.74400843466,36.427910742855495,0.008862349204719067,0.010060607455670834,0.007794788107275963
2026-04-23 07:38:32.200,3509417.868863429,779142.6039000251,5250980.886150093,-65039.43159327091,36.428731676475714,0.016388902440667152,0.012631792342290282,0.011511119082570076
2026-04-23 07:38:32.300,3509417.870393733,779142.6038889667,5250980.8904520925,-65044.111820649356,36.42905423121683,0.015303040854632854,-0.00011058407835662365,0.04301999695599079
2026-04-23 07:38:32.400,3509417.8726185053,779142.6051024657,5250980.895729828,-65048.792987641355,36.40447145590182,0.02224772237241268,0.012134989956393838,0.052777351811528206
2026-04-23 07:38:32.500,3509417.871627433,779142.6049232868,5250980.894088586,-65053.477289503775,36.3804178219476,-0.009910720400512218,-0.0017917889636009932,-0.016412418335676193
2026-04-23 07:38:32.600,3509417.8733144826,779142.6064020047,5250980.899809011,-65058.16607183411,36.36713554029625,0.01687049400061369,0.014787178952246904,0.05720425397157669
2026-04-23 07:38:32.700,3509417.8765502637,779142.6080296674,5250980.903943121,-65062.86107534919,36.35107385297842,0.032357810996472836,0.016276626847684383,0.04134110175073147
2026-04-23 07:38:32.800,3509417.874511376,779142.610581333,5250980.909307813,-65067.56695341032,36.35836994036227,-0.020388877019286156,0.025516656460240483,0.05364691838622093
2026-04-23 07:38:32.900,3509417.8703811984,779142.6149806428,5250980.911632861,-65072.26932593028,36.336894331148294,-0.04130177665501833,0.0439930974971503,0.023250477388501167
2026-04-23 07:38:33.000,3509417.855895731,779142.6193792551,5250980.914269271,-65076.9725471301,36.342497817170575,-0.14485467225313187,0.04398612305521965,0.026364102959632874
2026-04-23 07:38:33.100,3509417.848530968,779142.6271906213,5250980.92379256,-65081.659551421995,36.35543870943219,-0.0736476294696331,0.07811366231180727,0.0952328834682703
2026-04-23 07:38:33.200,3509417.848710801,779142.6303764523,5250980.922011283,-65086.353954046455,36.33583994043439,0.001798328012228012,0.03185831010341644,-0.017812764272093773
2026-04-23 07:38:33.300,3509417.863665607,779142.6275728585,5250980.914177349,-65091.0512495523,36.29140151969098,0.14954805839806795,-0.02803593873977661,-0.07833934389054775
2026-04-23 07:38:33.400,3509417.8693693825,779142.6205986879,5250980.909045926,-65095.75708754376,36.25657843255035,0.05703775677829981,-0.06974170566536486,-0.0513142254203558
2026-04-23 07:38:33.500,3509417.8686958146,779142.6204381307,5250980.911561025,-65100.452853309034,36.22121704288454,-0.0067356787621974945,-0.0016055721789598465,0.02515099011361599
2026-04-23 07:38:33.600,3509417.8706427603,779142.6160066448,5250980.89289399,-65105.14699517023,36.16238035817477,0.019469456747174263,-0.044314858969300985,-0.1866703573614359
2026-04-23 07:38:33.700,3509417.876201564,779142.6178878936,5250980.890306273,-65109.82846460314,36.12619377427361,0.05558803677558899,0.018812487833201885,-0.025877170264720917
2026-04-23 07:38:33.800,3509417.867384281,779142.6235861009,5250980.903980634,-65114.526030716326,36.1723882588878,-0.08817282970994711,0.05698207300156355,0.13674361631274223
2026-04-23 07:38:33.900,3509417.852121689,779142.6294956448,5250980.9024978625,-65119.24504740979,36.209409859037656,-0.15262592118233442,0.05909543950110674,-0.01482771709561348
2026-04-23 07:38:34.000,3509417.8406481175,779142.6318639743,5250980.911298857,-65123.950252213435,36.171505694618126,-0.11473571415990591,0.023683294421061873,0.08800994604825974
2026-04-23 07:38:34.100,3509417.844412581,779142.6336817978,5250980.916560345,-65128.650676515805,36.133265451669196,0.0376446358859539,0.018178235040977597,0.052614882588386536
2026-04-23 07:38:34.200,3509417.847861763,779142.6319866424,5250980.9242504835,-65133.354960963115,36.073112356870055,0.03449182026088238,-0.016951553989201784,0.07690138183534145
2026-04-23 07:38:34.300,3509417.8591973423,779142.6363983285,5250980.921236625,-65138.060024925624,36.07329265170137,0.11335579212754965,0.04411686095409095,-0.030138585716485977
2026-04-23 07:38:34.400,3509417.875790962,779142.6369925308,5250980.91924223,-65142.76109364587,36.04056766307235,0.16593619715422392,0.005942023126408458,-0.019943946972489357
2026-04-23 07:38:34.500,3509417.8742790977,779142.6348124711,5250980.909255854,-65147.475590513786,35.95382569632446,-0.015118643641471863,-0.021800596732646227,-0.09986376389861107
2026-04-23 07:38:34.600,3509417.853695085,779142.6181404571,5250980.882459288,-65152.20505800282,35.93453556043398,-0.2058401284739375,-0.16672014025971293,-0.26796565391123295
2026-04-23 07:38:34.700,3509417.8407229204,779142.615227988,5250980.867859113,-65156.92296008247,35.90999045247123,-0.12972164433449507,-0.029124690918251872,-0.1460017543286085
2026-04-23 07:38:34.800,3509418.2885538447,779142.5134397699,5250980.675489873,-65161.46230845513,41.5439447943938,4.478309242986143,-1.0178821813315153,-1.9236924033612013
2026-04-23 07:38:34.900,3509418.3008594965,779142.5160128187,5250980.689815788,-65166.15939691787,41.511866294907826,0.12305651791393757,0.025730488123372197,0.14325914904475212
2026-04-23 07:38:35.000,3509418.297806556,779142.5123718848,5250980.684352418,-65170.8725829506,41.57398127081705,-0.030529405921697617,-0.03640933893620968,-0.054633691906929016
2026-04-23 07:38:35.100,3509418.30504122,779142.5166662842,5250980.6863553105,-65175.56818290239,41.5681658781685,0.07234664168208838,0.04294399404898286,0.020028920844197273
2026-04-23 07:38:35.200,3509416.6928552655,779142.4583679968,5250975.115621649,-65183.79020541511,42.34597278344719,-16.12185954581946,-0.5829828733112663,-55.7073366176337
2026-04-23 07:38:35.300,3509418.2917015385,779142.5101052513,5250980.633444679,-65185.00772765974,41.31195164292492,15.988462730310857,0.5173725448548794,55.17823030240834
2026-04-23 07:38:35.400,3509418.2717381967,779142.5084073041,5250980.553629638,-65189.76351160525,41.126088704170456,-0.19963341765105724,-0.01697947271168232,-0.7981504127383232
2026-04-23 07:38:35.500,3509416.7002607035,779142.4539799005,5250975.1138361255,-65197.90611751954,42.27822822633682,-15.714774932712317,-0.5442740360740572,-54.39793512225151
2026-04-23 07:38:35.600,3509416.6993618687,779142.4521226631,5250975.100982826,-65202.61843273622,42.31925488598209,-0.008988347835838795,-0.018572373082861304,-0.12853299267590046
2026-04-23 07:38:35.700,3509416.721157138,779142.4593926525,5250975.110882238,-65207.311541862146,42.24840517559566,0.2179526910185814,0.07269989349879324,0.09899411350488663
2026-04-23 07:38:35.800,3509416.721394126,779142.4558241976,5250975.12186936,-65212.00652052709,42.207722976225526,0.0023698806762695312,-0.035684548784047365,0.10987122543156147
2026-04-23 07:38:35.900,3509416.723608747,779142.4555975939,5250975.135238072,-65216.69715153583,42.18687073670763,0.022146212868392467,-0.002266037045046687,0.13368711806833744
2026-04-23 07:38:36.000,3509416.7298829583,779142.459981674,5250975.160956652,-65221.388083949125,42.12543444040766,0.06274211220443249,0.04384080064482987,0.2571858000010252
2026-04-23 07:38:36.100,3509416.730358967,779142.4599520471,5250975.166994528,-65226.100338624725,42.13552317714377,0.004760087467730045,-0.0002962688449770212,0.06037876009941101
2026-04-23 07:38:36.200,3509416.73430929,779142.4571599326,5250975.161467008,-65230.80739290339,42.12163423468171,0.03950322978198528,-0.027921145083382726,-0.055275196209549904
2026-04-23 07:38:36.300,3509416.743631108,779142.4582173519,5250975.168140856,-65235.50208226502,42.0732622197735,0.09321818128228188,0.010574193438515067,0.06673847325146198
2026-04-23 07:38:36.400,3509416.740033058,779142.4549439817,5250975.168135699,-65240.21851377593,42.04585344788786,-0.035980502143502235,-0.03273370210081339,-5.1567330956459045e-05
2026-04-23 07:38:36.500,3509416.745988503,779142.4534754894,5250975.176999349,-65244.91725298739,42.035930049356985,0.059554451145231724,-0.01468492322601378,0.08863650262355804
2026-04-23 07:38:36.600,3509416.7586358404,779142.4594447581,5250975.192322478,-65249.603849630315,41.9676118011339,0.12647337280213833,0.0596926873549819,0.15323128551244736
2026-04-23 07:38:36.700,3509416.7691467986,779142.4605852638,5250975.179838994,-65254.30080906966,41.99497561926572,0.10510958265513182,0.01140505657531321,-0.12483484111726284
2026-04-23 07:38:36.800,3509416.7728191055,779142.4559585708,5250975.158853432,-65259.01879327962,41.98800628803508,0.03672306891530752,-0.04626692971214652,-0.20985561423003674
2026-04-23 07:38:36.900,3509416.7773694014,779142.4565972282,5250975.170640048,-65263.72515567345,41.933104008484804,0.045502958819270134,0.006386573659256101,0.1178661547601223
2026-04-23 07:38:37.000,3509416.777425444,779142.4569830962,5250975.195762761,-65268.41456086589,41.90753398225388,0.0005604280158877373,0.0038586801383644342,0.25122713297605515
2026-04-23 07:38:37.100,3509416.785848014,779142.462095076,5250975.212390155,-65273.09669075876,41.871574358804565,0.08422569837421179,0.051119797863066196,0.16627393662929535
2026-04-23 07:38:37.200,3509416.791878007,779142.4587232417,5250975.219677627,-65277.79271042701,41.81866816142815,0.060299928300082684,-0.033718342892825603,0.07287472486495972
2026-04-23 07:38:37.300,3509417.6827428695,779142.2705483721,5250975.115909245,-65282.02193178934,35.89972786138252,8.908648625947535,-1.8817486963234842,-1.0376838222146034
2026-04-23 07:38:37.400,3509417.6791695757,779142.2731939495,5250975.118476343,-65286.72836397091,35.86797555352498,-0.03573293797671795,0.026455774204805493,0.025670984759926796
2026-04-23 07:38:37.500,3509417.6785172867,779142.2784863982,5250975.126076006,-65291.441616987046,35.819180870801205,-0.00652289018034935,0.05292448680847883,0.07599662989377975
2026-04-23 07:38:37.600,3509417.68071266,779142.2848240695,5250975.132155472,-65296.14784637559,35.7843062886518,0.021953731775283813,0.06337671307846904,0.060794660821557045
2026-04-23 07:38:37.700,3509417.679197315,779142.2850990688,5250975.135090373,-65300.84452778921,35.73283763590331,-0.015153447166085243,0.002749993000179529,0.029349010437726974
2026-04-23 07:38:37.800,3509417.667692815,779142.2794445982,5250975.134373953,-65305.55792368463,35.67588913864987,-0.11504500173032284,-0.05654470529407263,-0.007164208218455315
2026-04-23 07:38:37.900,3509417.666794809,779142.2796211063,5250975.14219144,-65310.266092247104,35.63846220715916,-0.008980059064924717,0.0017650809604674578,0.07817487232387066
2026-04-23 07:38:38.000,3509417.6811376526,779142.2906231125,5250975.155157975,-65314.97084231877,35.608562611852506,0.14342843554913998,0.11002006125636399,0.12966535054147243
2026-04-23 07:38:38.100,3509417.683894563,779142.2934857452,5250975.164662159,-65319.674944217135,35.56610776447601,0.027569103986024857,0.02862632740288973,0.09504184126853943
2026-04-23 07:38:38.200,3509417.674569486,779142.2903269265,5250975.159013823,-65324.394266688054,35.52907632645289,-0.09325076825916767,-0.03158818697556853,-0.05648336373269558
2026-04-23 07:38:38.300,3509417.674265027,779142.2848782779,5250975.148206546,-65329.119946756255,35.50939235864272,-0.003044591285288334,-0.054486485896632075,-0.10807276703417301
2026-04-23 07:38:38.400,3509417.675577371,779142.2885325839,5250975.153549029,-65333.836644152136,35.47675902208411,0.013123438693583012,0.03654305939562619,0.05342482589185238
2026-04-23 07:38:38.500,3509417.678239195,779142.2937544662,5250975.1617251085,-65338.55823572491,35.44367843835479,0.026618242263793945,0.052218823693692684,0.08176079951226711
2026-04-23 07:38:38.600,3509417.682646878,779142.3006529594,5250975.170235956,-65343.27623490481,35.39325235316097,0.044076829217374325,0.06898493156768382,0.08510847575962543
2026-04-23 07:38:38.700,3509417.680876992,779142.3029764596,5250975.172253792,-65347.97959427083,35.34919827438054,-0.017698858864605427,0.023235002299770713,0.020178360864520073
2026-04-23 07:38:38.800,3509417.6728881965,779142.301587208,5250975.167632359,-65352.69602043597,35.31071316648144,-0.07988795638084412,-0.013892515562474728,-0.046214330941438675
2026-04-23 07:38:38.900,3509417.6675449014,779142.3053934199,5250975.162706306,-65357.421522868164,35.28913907989351,-0.0534329516813159,0.038062118692323565,-0.04926052875816822
2026-04-23 07:38:39.000,3509417.6593260444,779142.309626636,5250975.157586908,-65362.14753276466,35.25261773113163,-0.08218856994062662,0.042332160519436,-0.05119398236274719
2026-04-23 07:38:39.100,3509417.652243117,779142.3101607536,5250975.156062303,-65366.87463768138,35.2214486132445,-0.07082927506417036,0.005341175710782409,-0.01524604856967926
2026-04-23 07:38:39.200,3509417.6398705067,779142.3092965399,5250975.157762608,-65371.60760599012,35.19280836249518,-0.12372610159218311,-0.008642136817798018,0.017003044486045837
2026-04-23 07:38:39.300,3509417.6364899836,779142.3140138516,5250975.164946053,-65376.319877066875,35.1338069686384,-0.033805230632424355,0.047173117054626346,0.07183445617556572
2026-04-23 07:38:39.400,3509417.624160841,779142.3157513728,5250975.159529354,-65381.03867096332,35.09975821974343,-0.12329142540693283,0.017375212628394365,-0.05416698753833771
2026-04-23 07:38:39.500,3509417.6151486468,779142.3204415089,5250975.154903779,-65385.764014903565,35.063656807552,-0.09012194350361824,0.046901360619813204,-0.04625575616955757
2026-04-23 07:38:39.600,3509417.6054986916,779142.3251099003,5250975.154806134,-65390.4972640057,35.03402128423857,-0.09649955201894045,0.046683914260938764,-0.0009764451533555984
2026-04-23 07:38:39.700,3509417.5996196633,779142.329543021,5250975.159863664,-65395.22359057397,34.98968267447176,-0.05879028234630823,0.04433120717294514,0.050575295463204384
2026-04-23 07:38:39.800,3509417.5917005893,779142.3336695797,5250975.164437432,-65399.94863926719,34.952533032130226,-0.07919074036180973,0.04126558662392199,0.04573768004775047
2026-04-23 07:38:39.900,3509417.582040834,779142.3370605992,5250975.170199796,-65404.66482132878,34.93087805696917,-0.09659755509346724,0.03391019534319639,0.05762363784015179
2026-04-23 07:38:40.000,3509417.569981155,779142.3405220739,5250975.16792202,-65409.38909706751,34.901064573171276,-0.12059678789228201,0.03461474669165909,-0.022777756676077843
2026-04-23 07:38:40.100,3509417.556603458,779142.342390441,5250975.156814859,-65414.117878754536,34.8684843351632,-0.13377697207033634,0.018683670787140727,-0.11107160709798336
2026-04-23 07:38:40.200,3509417.5437618587,779142.3463549331,5250975.1538248835,-65418.84262305046,34.83964457453158,-0.12841599062085152,0.03964492119848728,-0.029899757355451584
2026-04-23 07:38:40.300,3509417.528541379,779142.3482332609,5250975.152936979,-65423.57120097059,34.815733894588895,-0.1522047957405448,0.01878327806480229,-0.008879043161869049
2026-04-23 07:38:40.400,3509417.5146354423,779142.3508629523,5250975.155291597,-65428.30198339154,34.78983665259924,-0.1390593685209751,0.026296913856640458,0.023546181619167328
2026-04-23 07:38:40.500,3509417.503096179,779142.3515918668,5250975.151724083,-65433.0358678969,34.775405016101,-0.11539263185113668,0.007289145141839981,-0.03567514009773731
2026-04-23 07:38:40.600,3509417.4840731495,779142.3544478033,5250975.148434855,-65437.769272013895,34.7280913758003,-0.1902302959933877,0.028559365309774876,-0.03289228305220604
2026-04-23 07:38:40.700,3509417.465761159,779142.3558976249,5250975.14443615,-65442.50186959114,34.70671237121292,-0.18311990424990654,0.014498215168714523,-0.039987051859498024
2026-04-23 07:38:40.800,3509417.452369188,779142.3589879449,5250975.146702003,-65447.23429663635,34.689657995576994,-0.13391971122473478,0.030903200386092067,0.02265852876007557
2026-04-23 07:38:40.900,3509417.4414845733,779142.3622883229,5250975.14968065,-65451.96176837366,34.658987540050546,-0.10884614661335945,0.033003779826685786,0.029786471277475357
2026-04-23 07:38:41.000,3509417.424520513,779142.3646152401,5250975.147506089,-65456.69536209164,34.6397973271871,-0.16964060254395008,0.023269172525033355,-0.021745609119534492
2026-04-23 07:38:41.100,3509417.407538996,779142.3678301377,5250975.143980028,-65461.432540492846,34.62558987958827,-0.169815169647336,0.032148975878953934,-0.03526060841977596
2026-04-23 07:38:41.200,3509417.3941902174,779142.3671637645,5250975.137734551,-65466.175743644206,34.61300824171336,-0.1334877870976925,-0.006663731765002012,-0.062454771250486374
2026-04-23 07:38:41.300,3509417.379650647,779142.3673256091,5250975.130271633,-65470.926145238074,34.60019479704559,-0.14539570547640324,0.001618445385247469,-0.0746291782706976
2026-04-23 07:38:41.400,3509417.3637699527,779142.3682584912,5250975.125253546,-65475.68310221714,34.59123079986647,-0.15880694147199392,0.009328820742666721,-0.05018087103962898
2026-04-23 07:38:41.500,3509417.3482910413,779142.3699116091,5250975.123833123,-65480.42822705332,34.58152415924991,-0.15478911343961954,0.01653117942623794,-0.014204233884811401
2026-04-23 07:38:41.600,3509417.3357848986,779142.3710026016,5250975.1209272025,-65485.166326686,34.56611040350001,-0.1250614272430539,0.010909924749284983,-0.02905920147895813
2026-04-23 07:38:41.700,3509417.320701586,779142.3715763735,5250975.114721115,-65489.91431321307,34.55464549712683,-0.15083312522619963,0.00573771889321506,-0.0620608776807785
2026-04-23 07:38:41.800,3509417.305931033,779142.3711592049,5250975.107564091,-65494.66500570338,34.54174535181722,-0.1477055298164487,-0.004171686014160514,-0.07157023996114731
2026-04-23 07:38:41.900,3509417.294560704,779142.3695592751,5250975.104836839,-65499.416004011946,34.518820996969566,-0.11370329186320305,-0.015999297611415386,-0.02727251499891281
2026-04-23 07:38:42.000,3509417.2839040877,779142.3705257373,5250975.102055437,-65504.16681298291,34.5010355422901,-0.10656616184860468,0.009664621902629733,-0.027814023196697235
2026-04-23 07:38:42.100,3509417.272413993,779142.3690244189,5250975.0933684455,-65508.923420278705,34.49267378703589,-0.11490094941109419,-0.01501318416558206,-0.08686991408467293
2026-04-23 07:38:42.200,3509417.262289222,779142.36829727,5250975.090384339,-65513.67724058077,34.48620183777023,-0.10124770924448967,-0.00727148842997849,-0.029841065406799316
2026-04-23 07:38:42.300,3509417.2494002245,779142.3659070455,5250975.083701983,-65518.43386981028,34.47896263871798,-0.12888997327536345,-0.023902244865894318,-0.06682355888187885
2026-04-23 07:38:42.400,3509417.239667004,779142.3647643628,5250975.082134573,-65523.18502554538,34.46426094945988,-0.09733220562338829,-0.011426827404648066,-0.015674103051424026
2026-04-23 07:38:42.500,3509417.229250849,779142.3630791462,5250975.076086679,-65527.93043526717,34.46557090525854,-0.10416154749691486,-0.016852165572345257,-0.0604789424687624
2026-04-23 07:38:42.600,3509417.218152131,779142.3627953958,5250975.075981174,-65532.67233324009,34.46081157138512,-0.11098718270659447,-0.0028375047259032726,-0.0010550487786531448
2026-04-23 07:38:42.700,3509418.613624652,779142.477404981,5250980.795849171,-65533.956097333044,34.945202525831,13.954725209623575,1.1460958526004106,57.198679968714714
2026-04-23 07:38:42.800,3509418.5994381695,779142.4759572016,5250980.766710983,-65538.72014124367,34.88539691627084,-0.14186482410877943,-0.01447779475711286,-0.29138187877833843
2026-04-23 07:38:42.900,3509418.5888418835,779142.4731877923,5250980.757675554,-65543.47293241828,34.878399000011825,-0.10596286039799452,-0.027694092132151127,-0.09035428985953331
2026-04-23 07:38:43.000,3509418.5804271842,779142.4709142945,5250980.755043347,-65548.2240536216,34.891808133800595,-0.08414699230343103,-0.022734978701919317,-0.02632206305861473
2026-04-23 07:38:43.100,3509418.5737733054,779142.469874745,5250980.761242136,-65552.96455471736,34.92412336196474,-0.06653878837823868,-0.010395494755357504,0.06198788993060589
2026-04-23 07:38:43.200,3509418.544331839,779142.4682309774,5250980.707436834,-65557.74300259486,34.80547293933127,-0.2944146655499935,-0.016437675803899765,-0.5380530189722776
2026-04-23 07:38:43.300,3509418.5215492854,779142.4700596576,5250980.679407687,-65562.50466508591,34.738863373693356,-0.227825534529984,0.01828680164180696,-0.28029147535562515
2026-04-23 07:38:43.400,3509418.510175704,779142.4686671705,5250980.668844832,-65567.25112953321,34.72116451507699,-0.11373581364750862,-0.013924870872870088,-0.10562854818999767
2026-04-23 07:38:43.500,3509418.4964840254,779142.4660360368,5250980.659728559,-65572.00519412522,34.721689046099094,-0.13691678643226624,-0.026311336550861597,-0.09116273373365402
2026-04-23 07:38:43.600,3509418.4812037456,779142.4629474957,5250980.662316408,-65576.75795146491,34.727083273295484,-0.1528027979657054,-0.030885410960763693,0.02587849274277687
2026-04-23 07:38:43.700,3509418.4678576756,779142.459609736,5250980.655161223,-65581.51245417354,34.731339431002915,-0.1334606995806098,-0.0333775975741446,-0.07155184634029865
2026-04-23 07:38:43.800,3509418.4567412795,779142.4606010546,5250980.655669256,-65586.26334015666,34.744760689376776,-0.1111639617010951,0.009913186077028513,0.005080327391624451
2026-04-23 07:38:43.900,3509418.4462552774,779142.4595976331,5250980.663777544,-65591.01088648172,34.763866594382854,-0.10486002080142498,-0.01003421493805945,0.08108288049697876
2026-04-23 07:38:44.000,3509418.438787359,779142.4544463177,5250980.657880598,-65595.75855082273,34.7730925512048,-0.07467918563634157,-0.051513153593987226,-0.058969464153051376
2026-04-23 07:38:44.100,3509418.4276679615,779142.4534807557,5250980.668785349,-65600.49565333904,34.76958959648301,-0.11119397357106209,-0.009655620669946074,0.10904750786721706
2026-04-23 07:38:44.200,3509418.4153439216,779142.4539964057,5250980.667648811,-65605.24126524312,34.75801315168702,-0.12324039824306965,0.005156500265002251,-0.0113653764128685
2026-04-23 07:38:44.300,3509418.4048553966,779142.4518685049,5250980.658857552,-65609.99077495048,34.7167784582765,-0.10488525032997131,-0.02127900836057961,-0.08791258558630943
2026-04-23 07:38:44.400,3509418.3931516614,779142.4493853318,5250980.642306881,-65614.7365676973,34.682291227280004,-0.11703735217452049,-0.024831730406731367,-0.16550671309232712
2026-04-23 07:38:44.500,3509418.3784318147,779142.4478732833,5250980.633107439,-65619.48988103891,34.67390605137858,-0.14719846658408642,-0.015120485331863165,-0.09199442341923714
2026-04-23 07:38:44.600,3509418.36504314,779142.4433123074,5250980.622215567,-65624.24327855466,34.679071297251156,-0.13388674706220627,-0.04560975939966738,-0.10891871526837349
2026-04-23 07:38:44.700,3509418.3582194378,779142.443840954,5250980.623570174,-65628.98261006582,34.68846389301874,-0.06823702249675989,0.005286466330289841,0.013546068221330643
2026-04-23 07:38:44.800,3509418.3494060272,779142.4416512687,5250980.625501087,-65633.71885459742,34.71239864698204,-0.0881341053172946,-0.02189685241319239,0.01930912956595421
2026-04-23 07:38:44.900,3509418.339374755,779142.4360826436,5250980.619534762,-65638.46230755166,34.73247810097947,-0.10031272191554308,-0.0556862517260015,-0.05966325290501118
2026-04-23 07:38:45.000,3509418.3331921333,779142.4371341341,5250980.630272687,-65643.19150422545,34.747259325140966,-0.061826216988265514,0.010514905443415046,0.1073792576789856
2026-04-23 07:38:45.100,3509418.329766769,779142.4380363409,5250980.627033641,-65647.91762953723,34.75710932715291,-0.034253643825650215,0.009022067533805966,-0.03239046782255173
2026-04-23 07:38:45.200,3509418.3187518837,779142.4332435739,5250980.607620444,-65652.65766499203,34.756317956511126,-0.11014885269105434,-0.04792766994796693,-0.19413196481764317
2026-04-23 07:38:45.300,3509418.307007852,779142.4291500546,5250980.593487445,-65657.40569189313,34.79587068873646,-0.11744031682610512,-0.04093519295565784,-0.14132998883724213
2026-04-23 07:38:45.400,3509418.2985151787,779142.4267407134,5250980.589680005,-65662.14393953238,34.80666637141501,-0.0849267328158021,-0.024093411630019546,-0.03807440400123596
2026-04-23 07:38:45.500,3509418.2926480784,779142.4285288325,5250980.585379924,-65666.87827875119,34.83677576471972,-0.058671003207564354,0.01788119086995721,-0.04300081171095371
2026-04-23 07:38:45.600,3509418.2804041123,779142.4259494885,5250980.573996672,-65671.61967218833,34.85603193856773,-0.12243966106325388,-0.025793439708650112,-0.11383251287043095
2026-04-23 07:38:45.700,3509418.270498798,779142.4231482462,5250980.561084205,-65676.36594935077,34.87152495192877,-0.09905314072966576,-0.02801242284476757,-0.12912467122077942
2026-04-23 07:38:45.800,3509418.260302879,779142.420259198,5250980.554730826,-65681.11516432816,34.87084211047925,-0.10195919312536716,-0.02889048191718757,-0.06353379227221012
2026-04-23 07:38:45.900,3509418.254534479,779142.4183387923,5250980.543425371,-65685.86091975635,34.87826908664409,-0.057683996856212616,-0.01920405775308609,-0.1130545511841774
2026-04-23 07:38:46.000,3509418.249936423,779142.4161697235,5250980.538363412,-65690.60431868382,34.91305532316591,-0.04598056431859732,-0.0216906878631562,-0.050619589164853096
2026-04-23 07:38:46.100,3509418.243111998,779142.4115289092,5250980.527435284,-65695.3540421669,34.92720332334224,-0.06824424955993891,-0.04640814266167581,-0.1092812791466713
2026-04-23 07:38:46.200,3509418.23357713,779142.4080982023,5250980.516620218,-65700.09959074993,34.94006688239883,-0.09534867946058512,-0.03430706914514303,-0.10815066285431385
2026-04-23 07:38:46.300,3509418.2283212147,779142.4054157626,5250980.5088927895,-65704.8463127063,34.97747590058378,-0.052559152245521545,-0.02682439750060439,-0.07727428339421749
2026-04-23 07:38:46.400,3509418.2229140215,779142.4028217832,5250980.509891501,-65709.59636645707,34.990608190222986,-0.05407193209975958,-0.02593979355879128,0.009987112134695053
2026-04-23 07:38:46.500,3509418.2178044417,779142.398866974,5250980.509452513,-65714.34863953451,34.99662176968742,-0.051095797680318356,-0.03954809159040451,-0.004389872774481773
2026-04-23 07:38:46.600,3509418.213320626,779142.3956959358,5250980.499189778,-65719.1052818924,35.01622831376135,-0.04483815748244524,-0.031710382318124175,-0.10262735188007355
2026-04-23 07:38:46.700,3509418.207470397,779142.3915084165,5250980.489322985,-65723.84800741052,35.02666978088725,-0.05850228946655989,-0.0418751931283623,-0.09866793639957905
2026-04-23 07:38:46.800,3509418.202643889,779142.3877607903,5250980.477036703,-65728.59701135456,35.03086971629923,-0.04826507996767759,-0.03747626207768917,-0.1228628121316433
2026-04-23 07:38:46.900,3509418.1990371863,779142.3845531306,5250980.458997733,-65733.35070893508,35.01709074375736,-0.036067026667296886,-0.032076596980914474,-0.18038970418274403
2026-04-23 07:38:47.000,3509418.193080915,779142.3807909404,5250980.4550420055,-65738.09546327962,35.01899644021314,-0.05956271197646856,-0.03762190230190754,-0.03955727443099022
2026-04-23 07:38:47.100,3509418.184645669,779142.3774548866,5250980.442153249,-65742.844508758,34.99640256305788,-0.0843524606898427,-0.03336053807288408,-0.12888756580650806
2026-04-23 07:38:47.200,3509418.1788178235,779142.3756651238,5250980.435267548,-65747.5869685871,35.01398763550763,-0.0582784553989768,-0.017897627549245954,-0.06885700859129429
2026-04-23 07:38:47.300,3509418.1789826252,779142.3740548542,5250980.430318597,-65752.33292295333,35.06441104736712,0.001648017205297947,-0.01610269653610885,-0.04948951303958893
2026-04-23 07:38:47.400,3509418.178709741,779142.3691533923,5250980.427620638,-65757.07634247708,35.063447681488086,-0.002728840336203575,-0.049014618853107095,-0.026979586109519005
2026-04-23 07:38:47.500,3509418.175100634,779142.3660878688,5250980.412080804,-65761.81910057402,35.04016856635593,-0.03609107341617346,-0.030655234586447477,-0.15539834275841713
2026-04-23 07:38:47.600,3509418.1708586225,779142.3618977894,5250980.408602414,-65766.55565335092,35.06194373047155,-0.04242011345922947,-0.04190079402178526,-0.034783901646733284
2026-04-23 07:38:47.700,3509418.1659093285,779142.3574241663,5250980.386117152,-65771.31016547742,35.059632447518446,-0.04949294030666351,-0.044736231211572886,-0.22485261783003807
2026-04-23 07:38:47.800,3509418.1644940856,779142.3550894229,5250980.375007156,-65776.0515399764,35.06893900073147,-0.014152429066598415,-0.02334743388928473,-0.11109995655715466
2026-04-23 07:38:47.900,3509418.1616960657,779142.3521619712,5250980.364950433,-65780.79653958183,35.07338127534703,-0.027980199083685875,-0.029274517437443137,-0.10056722909212112
2026-04-23 07:38:48.000,3509418.160239597,779142.3489689758,5250980.358676976,-65785.54764880991,35.08668091484224,-0.014564688317477703,-0.03192995325662196,-0.06273457780480385
2026-04-23 07:38:48.100,3509418.1586894505,779142.3452425044,5250980.352685824,-65790.29298021263,35.09280250761221,-0.015501463785767555,-0.0372647144831717,-0.059911515563726425
2026-04-23 07:38:48.200,3509418.1589949057,779142.3415890716,5250980.353113229,-65795.0376905901,35.09135998258492,0.0030545517802238464,-0.03653432824648917,0.0042740534991025925
2026-04-23 07:38:48.300,3509418.158147164,779142.3388080909,5250980.346352239,-65799.78344111651,35.09064241183005,-0.008477414958178997,-0.027809806633740664,-0.06760990247130394
2026-04-23 07:38:48.400,3509418.159341156,779142.336118592,5250980.351798981,-65804.52368542018,35.12925850071225,0.011939918622374535,-0.026894989423453808,0.054467422887682915
2026-04-23 07:38:48.500,3509418.1587872226,779142.332664696,5250980.345105952,-65809.27506582656,35.15006734746857,-0.005539334379136562,-0.03453895915299654,-0.06693029776215553
2026-04-23 07:38:48.600,3509418.151215624,779142.3299559214,5250980.324486483,-65814.04255952312,35.14011744405364,-0.07571598514914513,-0.02708774642087519,-0.2061946876347065
2026-04-23 07:38:48.700,3509418.1508304104,779142.3254919621,5250980.317303187,-65818.7991188083,35.1483145937431,-0.0038521364331245422,-0.04463959252461791,-0.07183295674622059
2026-04-23 07:38:48.800,3509418.15271167,779142.3220790175,5250980.307703678,-65823.5454622183,35.15731199165451,0.018812594935297966,-0.03412944613955915,-0.0959950964897871
2026-04-23 07:38:48.900,3509418.1516859815,779142.3188137212,5250980.298116584,-65828.30537064747,35.15869678370815,-0.010256883688271046,-0.032652963418513536,-0.09587093256413937
2026-04-23 07:38:49.000,3509418.1493351804,779142.3169239284,5250980.286855069,-65833.06905590417,35.136830854435,-0.023508011363446712,-0.01889792736619711,-0.11261515319347382
2026-04-23 07:38:49.100,3509418.146604286,779142.3140841101,5250980.272986313,-65837.83419503218,35.140892895913375,-0.027308943681418896,-0.02839818364009261,-0.13868755660951138
2026-04-23 07:38:49.200,3509418.1422052616,779142.3115825427,5250980.258422938,-65842.59693908665,35.14610493846225,-0.043990244157612324,-0.025015673600137234,-0.14563375152647495
2026-04-23 07:38:49.300,3509418.140898933,779142.3084539172,5250980.248740812,-65847.36184317082,35.15318337845758,-0.013063284568488598,-0.03128625568933785,-0.09682126343250275
2026-04-23 07:38:49.400,3509418.1407840196,779142.3055546294,5250980.239169512,-65852.12837740473,35.15265764787061,-0.0011491356417536736,-0.02899287734180689,-0.09571299888193607
2026-04-23 07:38:49.500,3509418.140527906,779142.3028203499,5250980.232357193,-65856.8915191169,35.159672202747906,-0.002561137080192566,-0.027342794928699732,-0.06812319159507751
2026-04-23 07:38:49.600,3509418.139604772,779142.302031514,5250980.225210709,-65861.66088392255,35.15530938244873,-0.00923133920878172,-0.007888359250500798,-0.07146484218537807
2026-04-23 07:38:49.700,3509418.138569471,779142.3000048386,5250980.209421621,-65866.43081054976,35.13041304349341,-0.010353010147809982,-0.020266753854230046,-0.15789087861776352
2026-04-23 07:38:49.800,3509418.139392651,779142.2975867991,5250980.195616116,-65871.18642000537,35.127074272315525,0.00823180191218853,-0.024180394830182195,-0.13805504888296127
2026-04-23 07:38:49.900,3509418.1379810343,779142.2941663648,5250980.184321518,-65875.93792645859,35.13078370839347,-0.014116168022155762,-0.034204343101009727,-0.11294597759842873
2026-04-23 07:38:50.000,3509418.1334223347,779142.2909599709,5250980.16649503,-65880.69786432794,35.12131887235618,-0.04558699671179056,-0.03206393914297223,-0.17826488241553307
2026-04-23 07:38:50.100,3509418.1311737476,779142.2885348549,5250980.158067887,-65885.45808468331,35.12655522046596,-0.022485870867967606,-0.024251160211861134,-0.08427143096923828
2026-04-23 07:38:50.200,3509418.128549615,779142.2850251085,5250980.148467931,-65890.22240062186,35.13105489321436,-0.026241326704621315,-0.035097463987767696,-0.09599955752491951
2026-04-23 07:38:50.300,3509418.1246310845,779142.2830940015,5250980.137878314,-65894.98651294703,35.14154192355121,-0.0391853041946888,-0.019311070209369063,-0.10589617304503918
2026-04-23 07:38:50.400,3509418.120595881,779142.2818919393,5250980.127557674,-65899.7477672436,35.13829423990976,-0.04035203717648983,-0.01202062121592462,-0.10320639237761497
2026-04-23 07:38:50.500,3509418.1190830506,779142.2815600067,5250980.1228646925,-65904.50032424877,35.149356056997995,-0.015128301456570625,-0.003319326788187027,-0.046929819509387016
2026-04-23 07:38:50.600,3509418.119734468,779142.2795250977,5250980.124090417,-65909.25187484176,35.175393041308446,0.006514173001050949,-0.020349089754745364,0.012257248163223267
2026-04-23 07:38:50.700,3509418.119755773,779142.2771762937,5250980.121641643,-65914.00816205962,35.19372207488994,0.00021304935216903687,-0.023488040314987302,-0.02448773942887783
2026-04-23 07:38:50.800,3509418.117289323,779142.2759380726,5250980.114393713,-65918.76101072763,35.21359730619121,-0.024664499796926975,-0.012382210697978735,-0.07247930392622948
2026-04-23 07:38:50.900,3509418.1132204654,779142.272796836,5250980.100545136,-65923.51442296083,35.224423714700244,-0.040688575245440006,-0.03141236607916653,-0.13848576694726944
2026-04-23 07:38:51.000,3509418.1148593337,779142.2722699937,5250980.096906088,-65928.27372260981,35.231582412213,0.016388683579862118,-0.005268423119559884,-0.036390479654073715
2026-04-23 07:38:51.100,3509418.106593663,779142.2728793831,5250980.091723836,-65933.04014125656,35.24676086810357,-0.08265670854598284,0.006093893898651004,-0.05182252265512943
2026-04-23 07:38:51.200,3509418.106569604,779142.2731165543,5250980.089683158,-65937.79585778169,35.27088398531345,-0.00024058856070041656,0.002371711889281869,-0.020406777039170265
2026-04-23 07:38:51.300,3509418.1045549703,779142.2706493201,5250980.087023872,-65942.55298657477,35.27046422924159,-0.02014633733779192,-0.024672341533005238,-0.026592863723635674
2026-04-23 07:38:51.400,3509418.1008736882,779142.270199074,5250980.088420038,-65947.31081824737,35.293623279869315,-0.036812820471823215,-0.004502461524680257,0.013961661607027054
2026-04-23 07:38:51.500,3509418.0926940157,779142.2700576778,5250980.0836621495,-65952.06925540298,35.31031334001117,-0.0817967252805829,-0.001413961872458458,-0.04757888615131378
2026-04-23 07:38:51.600,3509418.0883390014,779142.2703677013,5250980.080034223,-65956.82904691012,35.33235875253974,-0.043550143018364906,0.003100235480815172,-0.036279261112213135
2026-04-23 07:38:51.700,3509418.0859213267,779142.2698183754,5250980.07858898,-65961.58872745164,35.34127559652281,-0.024176747538149357,-0.005493259523063898,-0.014452431350946426
2026-04-23 07:38:51.800,3509418.0783677967,779142.2718260641,5250980.077366524,-65966.35005346769,35.35014265082743,-0.07553529925644398,0.020076887449249625,-0.012224558740854263
2026-04-23 07:38:51.900,3509418.0699273874,779142.271718894,5250980.069582512,-65971.11612584772,35.35827900350386,-0.08440409321337938,-0.0010717008262872696,-0.07784012705087662
2026-04-23 07:38:52.000,3509418.0662578773,779142.272398337,5250980.073495738,-65975.87157429548,35.40002138391983,-0.03669510129839182,0.006794430082663894,0.039132265374064445
2026-04-23 07:38:52.100,3509418.0638536722,779142.2739727249,5250980.071582132,-65980.63086258914,35.407200093842675,-0.02404205035418272,0.015743878902867436,-0.019136061891913414
2026-04-23 07:38:52.200,3509418.0585925533,779142.27504007,5250980.0821389435,-65985.3930534146,35.43190415285286,-0.052611189894378185,0.01067345030605793,0.10556811466813087
2026-04-23 07:38:52.300,3509418.0541137084,779142.2775692266,5250980.08252103,-65990.15435022536,35.43292087440278,-0.04478844814002514,0.025291566271334887,0.0038208626210689545
2026-04-23 07:38:52.400,3509418.0450218944,779142.2796473991,5250980.083947804,-65994.91969749866,35.446885052216146,-0.09091814048588276,0.02078172517940402,0.01426774077117443
2026-04-23 07:38:52.500,3509418.0377322515,779142.2826742143,5250980.077687576,-65999.69533072716,35.442168320363066,-0.07289642933756113,0.0302681524772197,-0.06260227411985397
2026-04-23 07:38:52.600,3509418.029961997,779142.2839248646,5250980.069567759,-66004.45960944619,35.45351141596123,-0.07770254276692867,0.01250650268048048,-0.08119817823171616
2026-04-23 07:38:52.700,3509416.6160274334,779142.1659133837,5250974.326049426,-66012.69032176903,35.037997030866286,-14.139345637522638,-1.1801148089580238,-57.43518332950771
2026-04-23 07:38:52.800,3509417.8728826144,779142.2769982124,5250979.46459656,-66014.34872474823,34.38657904615045,12.56855180952698,1.110848287353292,51.385471345856786
2026-04-23 07:38:52.900,3509417.8710308284,779142.2769257841,5250979.482396699,-66019.11186761089,34.43753910170047,-0.018517859280109406,-0.0007242837455123663,0.1780013833194971
2026-04-23 07:38:53.000,3509417.8820461053,779142.2786548741,5250979.554767348,-66023.8295543669,34.592629082457755,0.1101527689024806,0.017290899995714426,0.7237064931541681
2026-04-23 07:38:53.100,3509417.8928743685,779142.281734838,5250979.630180184,-66028.54748089545,34.73711053155943,0.10828263126313686,0.030799639644101262,0.7541283592581749
2026-04-23 07:38:53.200,3509417.9015680123,779142.2853640132,5250979.691827841,-66033.27853316661,34.85440676352355,0.08693643845617771,0.03629175131209195,0.6164765730500221
2026-04-23 07:38:53.300,3509417.9046680164,779142.2863249215,5250979.717128818,-66038.02624002603,34.91689844102599,0.031000040471553802,0.009609083645045757,0.2530097682029009
2026-04-23 07:38:53.400,3509417.907594563,779142.2880176719,5250979.769520371,-66042.7547876684,35.03198978135912,0.029265466146171093,0.016927503747865558,0.5239155329763889
2026-04-23 07:38:53.500,3509417.9112700783,779142.2929981663,5250979.814101163,-66047.49026102261,35.12723233510999,0.036755152978003025,0.04980494384653866,0.445807920768857
2026-04-23 07:38:53.600,3509417.909023824,779142.2966308803,5250979.833333655,-66052.2392717345,35.17264316089178,-0.022462541237473488,0.036327140405774117,0.19232491962611675
2026-04-23 07:38:53.700,3509417.906003859,779142.2982980325,5250979.84271721,-66056.99574112867,35.19418017820505,-0.030199652537703514,0.016671521589159966,0.09383554570376873
2026-04-23 07:38:53.800,3509417.901667268,779142.3019826316,5250979.859767582,-66061.74835157226,35.246989191221246,-0.04336590878665447,0.036845990689471364,0.17050372436642647
2026-04-23 07:38:53.900,3509417.902608101,779142.3050298836,5250979.886895158,-66066.49598959666,35.330013497961474,0.009408327750861645,0.030472520738840103,0.2712757606059313
2026-04-23 07:38:54.000,3509417.9049447197,779142.309170327,5250979.9186294405,-66071.24028549128,35.40177420863142,0.023366189561784267,0.04140443401411176,0.317342821508646
2026-04-23 07:38:54.100,3509417.904333164,779142.310659022,5250979.950085219,-66075.9785324536,35.47418233022399,-0.006115557625889778,0.014886949211359024,0.31455778516829014
2026-04-23 07:38:54.200,3509417.904402115,779142.3129095902,5250979.978938425,-66080.71953112783,35.547025847548106,0.0006895093247294426,0.022505682427436113,0.2885320596396923
2026-04-23 07:38:54.300,3509417.9072320396,779142.3167555854,5250980.017624824,-66085.45319640596,35.63900861636968,0.028299246914684772,0.03845995175652206,0.3868639934808016
2026-04-23 07:38:54.400,3509417.907889273,779142.3219022823,5250980.049601351,-66090.19124040124,35.70925758970396,0.006572334095835686,0.051466969307512045,0.31976526603102684
2026-04-23 07:38:54.500,3509417.9068301218,779142.3250883141,5250980.06685522,-66094.94552253248,35.74673493404757,-0.01059151254594326,0.03186031826771796,0.17253869213163853
2026-04-23 07:38:54.600,3509417.910310748,779142.3307828766,5250980.0996284615,-66099.6948991875,35.8146148217791,0.0348062627017498,0.056945624528452754,0.3277324140071869
2026-04-23 07:38:54.700,3509417.9085332165,779142.333433179,5250980.132059607,-66104.43556316146,35.87224189298233,-0.017775315791368484,0.02650302369147539,0.3243114519864321
2026-04-23 07:38:54.800,3509417.9056053166,779142.335197615,5250980.14195977,-66109.18031857135,35.918647206948215,-0.029278998263180256,0.017644360195845366,0.09900162927806377
2026-04-23 07:38:54.900,3509417.905617514,779142.3375241004,5250980.158188865,-66113.92194254337,35.948318383767976,0.00012197531759738922,0.023264854680746794,0.16229094937443733
2026-04-23 07:38:55.000,3509417.906135543,779142.3398746522,5250980.180471125,-66118.6742252859,36.008388563804104,0.00518028624355793,0.02350551774725318,0.22282260470092297
2026-04-23 07:38:55.100,3509417.9065182623,779142.3425057018,5250980.199135998,-66123.43333771583,36.05287982199105,0.0038271956145763397,0.026310496032238007,0.18664873205125332
2026-04-23 07:38:55.200,3509417.9089658177,779142.3473022874,5250980.227473164,-66128.17918869613,36.11209279876992,0.024475553072988987,0.047965855337679386,0.2833716571331024
2026-04-23 07:38:55.300,3509417.9110009926,779142.3541408686,5250980.265870322,-66132.91490407847,36.19629954393217,0.02035174984484911,0.0683858129195869,0.38397157564759254
2026-04-23 07:38:55.400,3509417.913909835,779142.3559114451,5250980.285149911,-66137.6531013971,36.238925842549094,0.02908842172473669,0.0177057646214962,0.19279589876532555
2026-04-23 07:38:55.500,3509417.9166095504,779142.3604157104,5250980.31628846,-66142.39766864407,36.289339172437344,0.026997155509889126,0.045042652636766434,0.31138548627495766
2026-04-23 07:38:55.600,3509417.9157448057,779142.3639572655,5250980.334098524,-66147.15714230695,36.32988985024354,-0.008647446520626545,0.03541555139236152,0.17810064367949963
2026-04-23 07:38:55.700,3509417.9186618873,779142.3647018988,5250980.356638052,-66151.90767950143,36.38708266254831,0.029170815832912922,0.007446332601830363,0.22539527155458927
2026-04-23 07:38:55.800,3509417.922490531,779142.3650520857,5250980.368586555,-66156.6527109686,36.41359355644052,0.03828643821179867,0.0035018695052713156,0.1194850355386734
2026-04-23 07:38:55.900,3509417.921572593,779142.3676106571,5250980.377738528,-66161.40143518774,36.44214200781982,-0.009179380722343922,0.02558571402914822,0.09151972830295563
2026-04-23 07:38:56.000,3509417.9230879853,779142.3686184718,5250980.39528683,-66166.15250725443,36.48424405310832,0.015153922140598297,0.01007814658805728,0.17548302188515663
2026-04-23 07:38:56.100,3509417.9247590406,779142.3698459335,5250980.407292224,-66170.91294751749,36.49971133226035,0.0167105533182621,0.012274617329239845,0.12005393393337727
2026-04-23 07:38:56.200,3509417.9315235703,779142.3721352482,5250980.42564131,-66175.66458247477,36.5384901496794,0.0676452973857522,0.022893146378919482,0.18349086865782738
2026-04-23 07:38:56.300,3509417.9319421737,779142.3738044038,5250980.436483412,-66180.41914923755,36.56876246064882,0.004186034202575684,0.01669155666604638,0.10842101648449898
2026-04-23 07:38:56.400,3509417.9332179604,779142.3756333406,5250980.444980407,-66185.17975928154,36.589908884514486,0.012757866643369198,0.018289367435500026,0.08496995083987713
2026-04-23 07:38:56.500,3509417.9382367046,779142.3748918982,5250980.464159409,-66189.935513306,36.61827353720759,0.050187441520392895,-0.0074144231621176004,0.19179001450538635
2026-04-23 07:38:56.600,3509417.937765613,779142.3743629323,5250980.471909761,-66194.7003579261,36.63266422621347,-0.004710913635790348,-0.0052896596025675535,0.07750352844595909
2026-04-23 07:38:56.700,3509417.936611016,779142.3727509148,5250980.480933693,-66199.46268002174,36.66348596633369,-0.01154597382992506,-0.016120175132527947,0.09023931808769703
2026-04-23 07:38:56.800,3509417.943512365,779142.3736055208,5250980.498921916,-66204.21688527545,36.67589103126863,0.06901349406689405,0.008546060416847467,0.17988222651183605
2026-04-23 07:38:56.900,3509417.946699967,779142.3721972799,5250980.507859169,-66208.98209940095,36.71381051148422,0.031876019202172756,-0.014082408742979169,0.08937252685427666
2026-04-23 07:38:57.000,3509417.9490192877,779142.3725927724,5250980.514175477,-66213.7448558823,36.74373266364535,0.02319320570677519,0.003954924177378416,0.06316308863461018
2026-04-23 07:38:57.100,3509417.9476459557,779142.3736698058,5250980.524785767,-66218.50507295376,36.76778552917529,-0.01373331993818283,0.01077033462934196,0.10610289871692657
2026-04-23 07:38:57.200,3509417.9573439006,779142.3724456211,5250980.532135439,-66223.2615040361,36.764294201107425,0.09697944857180119,-0.012241847580298781,0.07349671795964241
2026-04-23 07:38:57.300,3509417.960155134,779142.3712585208,5250980.540719288,-66228.02551515927,36.80535046252282,0.02811233513057232,-0.011871003080159426,0.08583849295973778
2026-04-23 07:38:57.400,3509417.962905497,779142.3686352967,5250980.545611491,-66232.79664399149,36.82899375473193,0.027503627352416515,-0.026232240488752723,0.04892203025519848
2026-04-23 07:38:57.500,3509417.9636072107,779142.3664598721,5250980.549468876,-66237.56041786994,36.8591667604613,0.007017138414084911,-0.021754245972260833,0.038573844358325005
2026-04-23 07:38:57.600,3509417.9657949503,779142.3681365502,5250980.561231585,-66242.32382839943,36.87149839143843,0.021877395920455456,0.01676678075455129,0.11762709356844425
2026-04-23 07:38:57.700,3509417.968173532,779142.366694065,5250980.568479698,-66247.08591896796,36.89003593410565,0.023785815574228764,-0.014424851397052407,0.07248112931847572
2026-04-23 07:38:57.800,3509417.9734401205,779142.3658218532,5250980.571202482,-66251.85120027603,36.90223742421592,0.05266588646918535,-0.008722118800505996,0.027227839455008507
2026-04-23 07:38:57.900,3509417.97756629,779142.363837316,5250980.574573067,-66256.61947939813,36.91799736305784,0.04126169718801975,-0.01984537113457918,0.03370584920048714
2026-04-23 07:38:58.000,3509417.9798296704,779142.3615971413,5250980.581542774,-66261.3879108163,36.93549746041648,0.022633802145719528,-0.022401747992262244,0.0696970708668232
2026-04-23 07:38:58.100,3509417.9800052205,779142.3581461181,5250980.580629881,-66266.15733861185,36.943784702754996,0.0017555011436343193,-0.03451023134402931,-0.009128935635089874
2026-04-23 07:38:58.200,3509417.9817157728,779142.3559231969,5250980.577550192,-66270.92393884348,36.945682659455095,0.01710552256554365,-0.0222292123362422,-0.030796881765127182
2026-04-23 07:38:58.300,3509417.985570892,779142.3535523806,5250980.581335742,-66275.68968456113,36.982674368832626,0.038551194593310356,-0.023708163062110543,0.037855496630072594
2026-04-23 07:38:58.400,3509417.986753292,779142.3521461522,5250980.58274074,-66280.45651313488,37.0227118776593,0.011823996901512146,-0.014062284026294947,0.01404997892677784
2026-04-23 07:38:58.500,3509417.9894781457,779142.3494569848,5250980.585256177,-66285.22248856627,37.024180645864995,0.027248538099229336,-0.026891673915088177,0.025154370814561844
2026-04-23 07:38:58.600,3509417.9878139463,779142.3434602965,5250980.579714748,-66289.99816845455,37.017400646830005,-0.016641994006931782,-0.059966882690787315,-0.055414289236068726
2026-04-23 07:38:58.700,3509417.9875652744,779142.3412239184,5250980.581628766,-66294.76756898455,37.02568794846015,-0.002486719749867916,-0.022363781463354826,0.019140178337693214
2026-04-23 07:38:58.800,3509417.988643485,779142.3407074412,5250980.584933836,-66299.53401171243,37.03008877864942,0.010782107710838318,-0.005164771573618054,0.03305070102214813
2026-04-23 07:38:58.900,3509417.9933006912,779142.3382057966,5250980.585426899,-66304.29881309974,37.03018133082463,0.046572061255574226,-0.025016446597874165,0.004930626600980759
2026-04-23 07:38:59.000,3509418.523454014,779142.2150711098,5250980.345255704,-66308.87473912568,42.762154967663925,5.301533229649067,-1.231346867280081,-2.4017119500786066
2026-04-23 07:38:59.100,3509418.003952839,779142.332527972,5250980.582297406,-66313.83883351121,37.04267295862979,-5.195011752657592,1.1745686212088913,2.3704170249402523
2026-04-23 07:38:59.200,3509417.9527412895,779142.3407884069,5250980.601647883,-66318.63356844646,37.13484517595897,-0.5121154943481088,0.08260434959083796,0.19350476562976837
2026-04-23 07:38:59.300,3509417.927690144,779142.3461863346,5250980.6171239475,-66323.40671980755,37.17879683168791,-0.250511453486979,0.05397927714511752,0.15476064756512642
2026-04-23 07:38:59.400,3509417.9084679903,779142.349450902,5250980.623494167,-66328.17641036805,37.212716311850635,-0.19222153816372156,0.032645673491060734,0.06370219402015209
2026-04-23 07:38:59.500,3509417.902326637,779142.3482212232,5250980.626015513,-66332.94311890833,37.233868516471325,-0.06141353398561478,-0.012296787463128567,0.025213463231921196
2026-04-23 07:38:59.600,3509417.9015398254,779142.3469900301,5250980.625771364,-66337.71278253388,37.23602816684867,-0.007868115790188313,-0.012311930768191814,-0.0024414900690317154
2026-04-23 07:38:59.700,3509417.901281358,779142.3478861068,5250980.624555937,-66342.48738707624,37.23843452552898,-0.002584671601653099,0.008960766717791557,-0.012154271826148033
2026-04-23 07:38:59.800,3509417.89712358,779142.3472024169,5250980.618872426,-66347.27241026674,37.2704255509555,-0.04157778341323137,-0.006836899556219578,-0.05683510564267635
2026-04-23 07:38:59.900,3509417.889909011,779142.3466116391,5250980.622594022,-66352.04540670688,37.2928385026236,-0.0721456902101636,-0.005907777231186628,0.037215957418084145
2026-04-23 07:39:00.000,3509417.884164245,779142.346138505,5250980.621016224,-66356.81850802871,37.311322818347996,-0.05744765978306532,-0.00473134103231132,-0.015777982771396637
2026-04-23 07:39:00.100,3509417.8780343435,779142.3463317736,5250980.621893354,-66361.60208492748,37.33183770476005,-0.061299013905227184,0.001932685263454914,0.008771298453211784
2026-04-23 07:39:00.200,3509417.870261095,779142.3475938208,5250980.614954475,-66366.38371926449,37.34697518764718,-0.07773248478770256,0.012620472116395831,-0.06938878446817398
2026-04-23 07:39:00.300,3509417.866757193,779142.3487728074,5250980.617008,-66371.16478595619,37.371683741844826,-0.0350390188395977,0.011789866257458925,0.020535243675112724
2026-04-23 07:39:00.400,3509417.85737535,779142.3500765623,5250980.613604508,-66375.9516030233,37.39466035689416,-0.09381843265146017,0.013037548633292317,-0.034034913405776024
2026-04-23 07:39:00.500,3509417.854841025,779142.3487933615,5250980.609085199,-66380.72226196158,37.39571753073426,-0.025343247689306736,-0.012832008069381118,-0.04519308917224407
2026-04-23 07:39:00.600,3509417.8451094576,779142.3491717716,5250980.605428594,-66385.50243188633,37.40295059681773,-0.09731567464768887,0.003784100990742445,-0.036566052585840225
2026-04-23 07:39:00.700,3509417.8361753533,779142.3493760217,5250980.604287757,-66390.28068182955,37.42037072364071,-0.08934104349464178,0.00204250100068748,-0.011408375576138496
2026-04-23 07:39:00.800,3509417.830062862,779142.349039238,5250980.599354938,-66395.05772538552,37.42406048369686,-0.06112491246312857,-0.0033678370527923107,-0.049328189343214035
2026-04-23 07:39:00.900,3509417.8197853584,779142.3494632476,5250980.59554725,-66399.83857147917,37.45376914910556,-0.1027750363573432,0.004240096313878894,-0.03807688131928444
2026-04-23 07:39:01.000,3509417.810388552,779142.3517830615,5250980.59419615,-66404.61870495862,37.46710110262285,-0.09396806359291077,0.023198139388114214,-0.013510994613170624
2026-04-23 07:39:01.100,3509417.8013467197,779142.3524242208,5250980.586565808,-66409.40041218998,37.46847263697691,-0.090418322943151,0.006411592476069927,-0.07630341686308384
2026-04-23 07:39:01.200,3509417.7934896457,779142.3519399052,5250980.578961842,-66414.18134987098,37.48157887534219,-0.07857074029743671,-0.004843155620619655,-0.07603966630995274
2026-04-23 07:39:01.300,3509417.7817162992,779142.3522975915,5250980.572639367,-66418.96578303605,37.50815097771671,-0.11773346457630396,0.0035768630914390087,-0.06322475150227547
2026-04-23 07:39:01.400,3509417.771917484,779142.3549604614,5250980.570106297,-66423.74647225873,37.51900845245792,-0.09798815473914146,0.02662869868800044,-0.025330698117613792
2026-04-23 07:39:01.500,3509417.764720007,779142.354950304,5250980.559533118,-66428.52723474024,37.52150648474132,-0.07197476923465729,-0.0001015735324472189,-0.1057317852973938
2026-04-23 07:39:01.600,3509417.759554298,779142.3563801772,5250980.549504966,-66433.30885089682,37.52029425465672,-0.05165708716958761,0.01429873169399798,-0.10028152726590633
2026-04-23 07:39:01.700,3509417.7515887907,779142.3585245957,5250980.539242003,-66438.09267384463,37.53827117348858,-0.07965507451444864,0.021444185404106975,-0.10262962430715561
2026-04-23 07:39:01.800,3509417.7474480555,779142.3589673477,5250980.534805745,-66442.8687339918,37.56263565392819,-0.04140735138207674,0.0044275191612541676,-0.04436258226633072
2026-04-23 07:39:01.900,3509417.740954209,779142.3616323855,5250980.526588438,-66447.64731052144,37.565523958610434,-0.06493846420198679,0.02665037871338427,-0.08217306807637215
2026-04-23 07:39:02.000,3509417.737746529,779142.363854342,5250980.520700748,-66452.42547370726,37.56619471611914,-0.03207680303603411,0.0222195649985224,-0.058876900002360344
2026-04-23 07:39:02.100,3509417.729103344,779142.366663825,5250980.51766554,-66457.20388456868,37.59909150257981,-0.08643184788525105,0.028094829758629203,-0.03035208210349083
2026-04-23 07:39:02.200,3509417.7210214753,779142.3695470938,5250980.51264894,-66461.9869586117,37.622971224847795,-0.08081868756562471,0.02883268753066659,-0.05016599781811237
2026-04-23 07:39:02.300,3509417.717731954,779142.3710510387,5250980.50543581,-66466.7777821,37.62919526263568,-0.032895212061703205,0.015039449790492654,-0.07213129661977291
2026-04-23 07:39:02.400,3509417.713912765,779142.3721641668,5250980.502077868,-66471.56352555391,37.65621017269415,-0.038191890344023705,0.011131280334666371,-0.033579422160983086
2026-04-23 07:39:02.500,3509417.709417066,779142.3737846841,5250980.492645572,-66476.33619967832,37.671607175762865,-0.0449569895863533,0.016205173451453447,-0.09432296268641949
2026-04-23 07:39:02.600,3509417.703573188,779142.3772947709,5250980.489238639,-66481.11193691696,37.69031378695151,-0.05843878258019686,0.035100867971777916,-0.034069325774908066
2026-04-23 07:39:02.700,3509417.700022184,779142.378234767,5250980.482758282,-66485.8961468111,37.72092816419971,-0.03551003988832235,0.009399960981681943,-0.06480357609689236
2026-04-23 07:39:02.800,3509417.694438979,779142.3780488449,5250980.475445814,-66490.67894912,37.74260944249327,-0.05583204794675112,-0.0018592213746160269,-0.07312467321753502
2026-04-23 07:39:02.900,3509417.6922473535,779142.3785117455,5250980.471955115,-66495.45597282486,37.75372265800127,-0.021916255354881287,0.004629006143659353,-0.03490699455142021
2026-04-23 07:39:03.000,3509417.6877238774,779142.3791808455,5250980.466548743,-66500.23157261172,37.76919541682836,-0.04523476120084524,0.006690999725833535,-0.05406372249126434
2026-04-23 07:39:03.100,3509417.681859943,779142.3795288273,5250980.457492342,-66505.00448600315,37.80105677191841,-0.0586393428966403,0.0034798181150108576,-0.09056400507688522
2026-04-23 07:39:03.200,3509417.678911064,779142.3792466363,5250980.451476607,-66509.77836243347,37.82208490972123,-0.02948879264295101,-0.0028219097293913364,-0.06015735678374767
2026-04-23 07:39:03.300,3509417.677738335,779142.3794430011,5250980.449141382,-66514.55976429273,37.849240708911125,-0.011727288365364075,0.001963648246601224,-0.0233522430062294
2026-04-23 07:39:03.400,3509417.675250901,779142.37844202,5250980.442929164,-66519.34389234129,37.86878594474434,-0.024874340742826462,-0.010009810794144869,-0.06212218664586544
2026-04-23 07:39:03.500,3509417.670161661,779142.3784559076,5250980.44153815,-66524.12784304038,37.88100671912211,-0.050892396830022335,0.00013887532986700535,-0.01391013152897358
2026-04-23 07:39:03.600,3509417.6650827127,779142.3790780564,5250980.438447614,-66528.91675216466,37.90586519695203,-0.050789485685527325,0.006221488583832979,-0.030905362218618393
2026-04-23 07:39:03.700,3509417.664284521,779142.376355411,5250980.433020023,-66533.70857655065,37.92320967982494,-0.007981918752193451,-0.027226454112678766,-0.054275915026664734
2026-04-23 07:39:03.800,3509418.577158904,779142.1649793792,5250980.010666606,-66538.16004507536,42.90530265008591,9.128743833862245,-2.113760318607092,-4.223534166812897
2026-04-23 07:39:03.900,3509418.5742243,779142.1627344699,5250980.009553067,-66542.94408727957,42.9281595537412,-0.02934603951871395,-0.02244909293949604,-0.011135386303067207
2026-04-23 07:39:04.000,3509417.8273649784,779142.3333176641,5250980.343165576,-66548.00151015866,37.578425760436446,-7.4685932183638215,1.7058319423813373,3.3361250907182693
2026-04-23 07:39:04.100,3509418.5712573566,779142.1596610241,5250979.998172691,-66552.50769455927,42.9469914513973,7.438923781737685,-1.7365663999225944,-3.449928853660822
2026-04-23 07:39:04.200,3509418.5691140816,779142.1595096628,5250979.993550687,-66557.2943570413,42.960269046747534,-0.021432749927043915,-0.0015136133879423141,-0.04622003994882107
2026-04-23 07:39:04.300,3509418.5693399874,779142.1585406199,5250979.992502348,-66562.07739525315,42.97559879165863,0.0022590579465031624,-0.009690428851172328,-0.01048339530825615
2026-04-23 07:39:04.400,3509418.565445868,779142.1573700389,5250979.9914446715,-66566.86491635769,42.99796537640128,-0.038941195234656334,-0.011705809738487005,-0.010576760396361351
2026-04-23 07:39:04.500,3509418.5642993934,779142.15870649,5250979.99261191,-66571.64327119055,43.02293599883575,-0.011464743874967098,0.01336451037786901,0.011672386899590492
2026-04-23 07:39:04.600,3509418.562704089,779142.1560660561,5250979.986107515,-66576.43358262374,43.03036873344183,-0.01595304347574711,-0.0264043384231627,-0.06504395045340061
2026-04-23 07:39:04.700,3509418.5629973044,779142.1534752016,5250979.98598257,-66581.21977818274,43.03967575426045,0.002932152710855007,-0.025908545358106494,-0.0012494530528783798
2026-04-23 07:39:04.800,3509418.5616473686,779142.1513113889,5250979.983636077,-66585.99976829812,43.041248729850416,-0.013499357737600803,-0.02163812634535134,-0.023464933037757874
2026-04-23 07:39:04.900,3509418.5599201093,779142.148915362,5250979.982625201,-66590.78422751784,43.03745376926336,-0.017272592522203922,-0.023960269754752517,-0.01010875217616558
2026-04-23 07:39:05.000,3509418.5602798774,779142.1460470319,5250979.980531477,-66595.5773318878,43.04445024123576,0.003597680479288101,-0.02868330106139183,-0.02093723975121975
2026-04-23 07:39:05.100,3509418.562306907,779142.1439942307,5250979.982717806,-66600.36989407435,43.0574343471796,0.02027029637247324,-0.020528011955320835,0.021863281726837158
2026-04-23 07:39:05.200,3509418.561934084,779142.1409709937,5250979.975981798,-66605.16206203989,43.07675386205429,-0.003728228621184826,-0.030232369899749756,-0.06736007519066334
2026-04-23 07:39:05.300,3509418.558286071,779142.1372445518,5250979.966650235,-66609.95324003938,43.070126419740795,-0.036480133421719074,-0.03726441878825426,-0.09331563487648964
2026-04-23 07:39:05.400,3509418.5569865825,779142.13507858,5250979.96199813,-66614.74196799721,43.06021214024458,-0.012994883581995964,-0.02165971789509058,-0.04652104340493679
2026-04-23 07:39:05.500,3509418.5563407275,779142.1306522775,5250979.95987939,-66619.53570235081,43.073400690697014,-0.00645854976028204,-0.04426302504725754,-0.021187402307987213
2026-04-23 07:39:05.600,3509418.559759851,779142.1271637549,5250979.963447196,-66624.3234537665,43.07837018571692,0.03419123589992523,-0.03488522605039179,0.035678064450621605
2026-04-23 07:39:05.700,3509418.561647634,779142.1249660273,5250979.965019743,-66629.11026677031,43.06925851911068,0.018877829425036907,-0.021977275609970093,0.01572546549141407
2026-04-23 07:39:05.800,3509418.5633148584,779142.1258525474,5250979.970034013,-66633.8941362847,43.06143206398783,0.016672243364155293,0.008865200215950608,0.050142696127295494
2026-04-23 07:39:05.900,3509418.5640754583,779142.1218282183,5250979.965158227,-66638.69263447986,43.085144024542466,0.007605999708175659,-0.040243290131911635,-0.04875785671174526
2026-04-23 07:39:06.000,3509418.565695615,779142.1175674301,5250979.958928433,-66643.4822417575,43.09742284927814,0.01620156690478325,-0.04260788206011057,-0.06229793652892113
2026-04-23 07:39:06.100,3509418.566027919,779142.1151973823,5250979.9594773725,-66648.26690640516,43.09078535632125,0.0033230381086468697,-0.023700478486716747,0.005489392206072807
2026-04-23 07:39:06.200,3509418.5650924533,779142.1116931576,5250979.961194076,-66653.04759887476,43.098320267959565,-0.009354655630886555,-0.03504224703647196,0.01716703176498413
2026-04-23 07:39:06.300,3509418.5668884665,779142.110426873,5250979.9658987075,-66657.83309907606,43.09823538909922,0.017960132099688053,-0.012662846129387617,0.047046318650245667
2026-04-23 07:39:06.400,3509418.570631293,779142.107976586,5250979.963934012,-66662.6177595695,43.08641582965583,0.03742826636880636,-0.024502869928255677,-0.019646957516670227
2026-04-23 07:39:06.500,3509418.570906251,779142.1025101851,5250979.959443606,-66667.40304313619,43.0698110887816,0.002749580889940262,-0.054664008785039186,-0.04490405321121216
2026-04-23 07:39:06.600,3509418.5725723337,779142.0992486917,5250979.964201269,-66672.1837888226,43.07676980788139,0.016660825349390507,-0.03261493402533233,0.047576623037457466
2026-04-23 07:39:06.700,3509418.57374553,779142.0960763436,5250979.966899909,-66676.96622762858,43.09168203687542,0.011731963604688644,-0.03172348137013614,0.02698640339076519
2026-04-23 07:39:06.800,3509418.5762783824,779142.0926534628,5250979.970886748,-66681.74723355715,43.08978254460916,0.025328523479402065,-0.03422880778089166,0.039868392050266266
2026-04-23 07:39:06.900,3509418.5791241536,779142.0881412982,5250979.970312745,-66686.53720836995,43.061545100957424,0.028457711450755596,-0.0451216462533921,-0.005740029737353325
2026-04-23 07:39:07.000,3509418.5824437877,779142.085756484,5250979.975627034,-66691.33008870893,43.058016003589586,0.0331963412463665,-0.023848142009228468,0.053142886608839035
2026-04-23 07:39:07.100,3509418.5822037226,779142.0835855254,5250979.97820359,-66696.11896688538,43.04163320800918,-0.0024006515741348267,-0.021709585562348366,0.025765560567378998
2026-04-23 07:39:07.200,3509418.586175993,779142.0817014249,5250979.98060941,-66700.91238229639,43.03098653435256,0.03972270525991917,-0.01884100493043661,0.024058204144239426
2026-04-23 07:39:07.300,3509418.590398602,779142.0790690214,5250979.981126408,-66705.70037407055,43.02779649475227,0.04222609102725983,-0.02632403513416648,0.005169976502656937
2026-04-23 07:39:07.400,3509418.5910128974,779142.0775510214,5250979.984541606,-66710.48922765128,43.02132206717187,0.0061429524794220924,-0.015180000336840749,0.03415198065340519
2026-04-23 07:39:07.500,3509418.592692309,779142.0750472816,5250979.982049902,-66715.27645384858,42.99974163801836,0.016794116236269474,-0.025037397863343358,-0.02491704188287258
2026-04-23 07:39:07.600,3509418.5952230487,779142.0722931866,5250979.979479379,-66720.06237589155,42.990912520740494,0.025307396426796913,-0.02754095010459423,-0.025705229490995407
2026-04-23 07:39:07.700,3509418.592681232,779142.0692202556,5250979.979422177,-66724.846244273,42.969498155021604,-0.025418167933821678,-0.030729309655725956,-0.0005720183253288269
2026-04-23 07:39:07.800,3509418.5928249247,779142.0667822307,5250979.980879579,-66729.62812275627,42.94212055278873,0.0014369282871484756,-0.02438024850562215,0.014574015513062477
2026-04-23 07:39:07.900,3509418.596716076,779142.0646420525,5250979.9767254,-66734.41754644144,42.921621051748325,0.03891151398420334,-0.021401782287284732,-0.04154178313910961
2026-04-23 07:39:08.000,3509418.5966097605,779142.0636133495,5250979.97906716,-66739.21139162632,42.89245598888504,-0.0010631559416651726,-0.010287030600011349,0.02341759391129017
2026-04-23 07:39:08.100,3509418.597439289,779142.0630344325,5250979.98400918,-66744.00965379276,42.85059647076071,0.008295285515487194,-0.005789169808849692,0.049420204013586044
2026-04-23 07:39:08.200,3509418.598308195,779142.0607141737,5250979.979942568,-66748.80675191582,42.83995103342318,0.008689058013260365,-0.02320258761756122,-0.0406661257147789
2026-04-23 07:39:08.300,3509418.60045404,779142.0588882285,5250979.976210246,-66753.60444270793,42.82272104244789,0.02145844977349043,-0.01825945219025016,-0.03732321783900261
2026-04-23 07:39:08.400,3509418.60206388,779142.0574878178,5250979.973712465,-66758.39583739625,42.78684806570044,0.01609839964658022,-0.014004106633365154,-0.02497781068086624
2026-04-23 07:39:08.500,3509418.6040698513,779142.0550519812,5250979.9733233135,-66763.19237000981,42.75122863866705,0.020059715025126934,-0.02435836591757834,-0.0038915127515792847
2026-04-23 07:39:08.600,3509418.603659691,779142.0514092167,5250979.970354032,-66767.99545442099,42.73335865582816,-0.004101605154573917,-0.036427645245566964,-0.029692817479372025
2026-04-23 07:39:08.700,3509418.6047860715,779142.0493477642,5250979.965001144,-66772.79308095298,42.72106302426908,0.011263806372880936,-0.020614524837583303,-0.05352887324988842
2026-04-23 07:39:08.800,3509418.605202961,779142.0484296505,5250979.963981209,-66777.5958019196,42.684340532463324,0.004168893210589886,-0.00918113742955029,-0.010199351236224174
2026-04-23 07:39:08.900,3509418.605886455,779142.0459165262,5250979.964729111,-66782.4001064105,42.66701560231556,0.006834943778812885,-0.025131242582574487,0.007479013875126839
2026-04-23 07:39:09.000,3509418.606637698,779142.0434376972,5250979.9645796325,-66787.20572670162,42.65673391404402,0.007512429729104042,-0.024788290029391646,-0.0014947820454835892
2026-04-23 07:39:09.100,3509418.6091657113,779142.0407267212,5250979.96229515,-66792.00556719626,42.643794969319,0.025280131958425045,-0.027109760558232665,-0.022844821214675903
2026-04-23 07:39:09.200,3509418.6112190825,779142.0398576172,5250979.960491734,-66796.8001937551,42.59975381869313,0.020533711649477482,-0.008691039402037859,-0.01803416758775711
2026-04-23 07:39:09.300,3509418.6104392055,779142.038218532,5250979.958218216,-66801.59599270807,42.55193599689571,-0.007798769511282444,-0.016390852397307754,-0.022735176607966423
2026-04-23 07:39:09.400,3509418.61194879,779142.0373274363,5250979.956746468,-66806.40502713481,42.52199461324211,0.015095844864845276,-0.008910957258194685,-0.014717476442456245
2026-04-23 07:39:09.500,3509418.612316212,779142.0364610255,5250979.955814263,-66811.21780260873,42.51611515758866,0.0036742212250828743,-0.008664107881486416,-0.00932205468416214
2026-04-23 07:39:09.600,3509418.614611264,779142.035513448,5250979.959369238,-66816.01616769153,42.49129742693264,0.022950517013669014,-0.009475775295868516,0.035549746826291084
2026-04-23 07:39:09.700,3509418.618377654,779142.0340774015,5250979.960150429,-66820.81635739954,42.457570198116684,0.037663900293409824,-0.014360464410856366,0.0078119151294231415
2026-04-23 07:39:09.800,3509418.622750038,779142.0344004955,5250979.963669627,-66825.61439776992,42.43017591790667,0.043723839335143566,0.003230939619243145,0.03519197925925255
2026-04-23 07:39:09.900,3509418.6246154797,779142.0341073569,5250979.96520404,-66830.41364357308,42.394610377915,0.018654419109225273,-0.0029313855338841677,0.015344126150012016
2026-04-23 07:39:10.000,3509418.627114556,779142.0345567893,5250979.963474825,-66835.2126940196,42.35138291475374,0.02499076072126627,0.004494324093684554,-0.017292145639657974
2026-04-23 07:39:10.100,3509418.6299482016,779142.0359736006,5250979.968315022,-66840.01812605464,42.30618879776057,0.028336457908153534,0.01416811253875494,0.04840197041630745
2026-04-23 07:39:10.200,3509418.6299513644,779142.0336069567,5250979.96512522,-66844.82708680518,42.29827476241433,3.162771463394165e-05,-0.02366643864661455,-0.03189802169799805
2026-04-23 07:39:10.300,3509418.6344132274,779142.0353415794,5250979.9699319145,-66849.62174678118,42.2655971855042,0.04461863078176975,0.017346226377412677,0.04806694574654102
2026-04-23 07:39:10.400,3509418.635787919,779142.0343572086,5250979.968521374,-66854.42443487854,42.24084313497467,0.013746917247772217,-0.009843707084655762,-0.014105401933193207
2026-04-23 07:39:10.500,3509418.6376065663,779142.0319802656,5250979.965811123,-66859.23036300711,42.210773541935815,0.018186471424996853,-0.023769430117681623,-0.027102511376142502
2026-04-23 07:39:10.600,3509418.6430958607,779142.031800096,5250979.967206646,-66864.03562313889,42.1954989684782,0.05489294417202473,-0.0018016959074884653,0.013955226168036461
2026-04-23 07:39:10.700,3509418.647547468,779142.0302887788,5250979.965105642,-66868.83117380006,42.17928380046846,0.044516073539853096,-0.015113172121345997,-0.02101004123687744
2026-04-23 07:39:10.800,3509418.65263302,779142.0300993135,5250979.963816482,-66873.62751310325,42.145893860152675,0.050855521112680435,-0.0018946535419672728,-0.012891599908471107
2026-04-23 07:39:10.900,3509418.6560225654,779142.02951964,5250979.962954548,-66878.43322870048,42.1204804755386,0.03389545250684023,-0.005796734476462007,-0.008619334548711777
2026-04-23 07:39:11.000,3509418.660270649,779142.0288406332,5250979.965623679,-66883.24023584323,42.08615799750823,0.0424808356910944,-0.0067900680005550385,0.02669130451977253
2026-04-23 07:39:11.100,3509418.6666198513,779142.027529079,5250979.9696118245,-66888.04806092044,42.05471586308214,0.06349202245473862,-0.01311554224230349,0.03988145850598812
2026-04-23 07:39:11.200,3509418.6723677097,779142.0260185214,5250979.97071162,-66892.85543506293,42.04115653573083,0.057478584349155426,-0.01510557602159679,0.010997951030731201
2026-04-23 07:39:11.300,3509418.6761978143,779142.0246306641,5250979.969571815,-66897.667200053,42.013773310872615,0.03830104600638151,-0.013878572499379516,-0.01139804720878601
2026-04-23 07:39:11.400,3509418.6819017776,779142.0261485901,5250979.977269129,-66902.4753086147,41.981273413835474,0.05703963339328766,0.01517925993539393,0.07697314023971558
2026-04-23 07:39:11.500,3509418.6887059924,779142.0262490171,5250979.979090905,-66907.28717381138,41.95514478339923,0.06804214790463448,0.0010042695794254541,0.01821775920689106
2026-04-23 07:39:11.600,3509418.6923458264,779142.0272443681,5250979.974581306,-66912.09754649346,41.90947286931253,0.03639834001660347,0.009953510016202927,-0.04509598948061466
2026-04-23 07:39:11.700,3509418.6991563435,779142.0249486661,5250979.975795525,-66916.90624425875,41.894326472902385,0.0681051705032587,-0.022957019973546267,0.01214219257235527
2026-04-23 07:39:11.800,3509418.7026791247,779142.0249672321,5250979.980626149,-66921.71195025109,41.88757962089021,0.03522781189531088,0.0001856603194028139,0.048306239768862724
2026-04-23 07:39:11.900,3509418.7072997256,779142.0245043342,5250979.97806599,-66926.52365380501,41.8656841155176,0.046206009574234486,-0.004628979368135333,-0.025601591914892197
2026-04-23 07:39:12.000,3509418.7121065073,779142.0246095324,5250979.977893311,-66931.33841915183,41.82339309910094,0.04806781653314829,0.0010519823990762234,-0.0017267931252717972
2026-04-23 07:39:12.100,3509418.7147459006,779142.0251416976,5250979.978446051,-66936.14486152145,41.801951434809666,0.026393933221697807,0.0053216516971588135,0.005527399480342865
2026-04-23 07:39:12.200,3509418.7199062384,779142.0250318673,5250979.974297178,-66940.94953171197,41.76919988386019,0.05160337779670954,-0.0010983028914779425,-0.04148872569203377
2026-04-23 07:39:12.300,3509418.726736064,779142.0257202622,5250979.976113423,-66945.75648925356,41.747571130300976,0.06829825695604086,0.0068839488085359335,0.018162447959184647
2026-04-23 07:39:12.400,3509418.7311300104,779142.0269531336,5250979.977851011,-66950.56422767363,41.72679726953527,0.043939463794231415,0.012328714365139604,0.017375880852341652
2026-04-23 07:39:12.500,3509418.7338230023,779142.0269316173,5250979.977072439,-66955.37712776237,41.70324483820082,0.02692991867661476,-0.000215163454413414,-0.007785717025399208
2026-04-23 07:39:12.600,3509418.740351445,779142.0257412269,5250979.974129466,-66960.18239685721,41.67983623729369,0.06528442725539207,-0.011903904378414154,-0.029429728165268898
2026-04-23 07:39:12.700,3509418.7453473457,779142.0271054152,5250979.973095072,-66964.99129737313,41.659696647467385,0.04995900671929121,0.013641883851960301,-0.010343939065933228
2026-04-23 07:39:12.800,3509418.75018107,779142.0272208406,5250979.974806081,-66969.79553282687,41.64957302733625,0.048337243497371674,0.0011542532593011856,0.017110081389546394
2026-04-23 07:39:12.900,3509418.7537584933,779142.0271998348,5250979.976678823,-66974.59757454456,41.636119341435524,0.0357742328196764,-0.00021005747839808464,0.01872742548584938
2026-04-23 07:39:13.000,3509418.7588581634,779142.0273010866,5250979.979846785,-66979.3954469017,41.61385540882176,0.050996700301766396,0.0010125176049768925,0.03167961724102497
2026-04-23 07:39:13.100,3509418.7621498876,779142.0281681463,5250979.982928918,-66984.19107242969,41.596052312441024,0.032917242497205734,0.00867059687152505,0.03082132898271084
2026-04-23 07:39:13.200,3509418.7655990752,779142.0280592043,5250979.980724771,-66988.99414760516,41.585091721305005,0.034491876140236855,-0.001089419238269329,-0.022041471675038338
2026-04-23 07:39:13.300,3509418.766566879,779142.0286551778,5250979.980412956,-66993.80753485388,41.56780517707552,0.009678038768470287,0.005959734553471208,-0.0031181424856185913
2026-04-23 07:39:13.400,3509418.7714000726,779142.0297325992,5250979.984184662,-66998.6188091827,41.54468874491365,0.048331934958696365,0.010774213587865233,0.037717055529356
2026-04-23 07:39:13.500,3509418.772878145,779142.0314435421,5250979.9873060025,-67003.42041276774,41.53642821979701,0.014780722558498383,0.017109429463744164,0.03121340647339821
2026-04-23 07:39:13.600,3509418.774879628,779142.0312741401,5250979.9870896675,-67008.21975742221,41.51728283068596,0.02001482993364334,-0.0016940198838710785,-0.0021633505821228027
2026-04-23 07:39:13.700,3509418.7761688097,779142.0308404134,5250979.984016271,-67013.02994676484,41.5198666955099,0.012891818769276142,-0.004337267018854618,-0.03073396161198616
2026-04-23 07:39:13.800,3509418.7763253483,779142.0333693682,5250979.98517852,-67017.84401886878,41.49260834874422,0.0015653856098651886,0.025289547629654408,0.011622486636042595
2026-04-23 07:39:13.900,3509418.780561828,779142.0368731166,5250979.997311946,-67022.64613415892,41.47444496862897,0.04236479755491018,0.03503748448565602,0.12133426032960415
2026-04-23 07:39:14.000,3509418.781738314,779142.0368655839,5250979.998548013,-67027.45164744116,41.44602352625253,0.011764857918024063,-7.532769814133644e-05,0.012360671535134315
2026-04-23 07:39:14.100,3509418.781711523,779142.036694948,5250979.999410152,-67032.2550337254,41.41512533163514,-0.00026790890842676163,-0.0017063587438315153,0.008621392771601677
2026-04-23 07:39:14.200,3509418.7815742115,779142.037120025,5250980.000576605,-67037.06130682795,41.394789656944255,-0.001373114064335823,0.0042507704347372055,0.011664526537060738
2026-04-23 07:39:14.300,3509418.7828963995,779142.0350062109,5250979.999406912,-67041.8727945802,41.398898204789774,0.013221879489719868,-0.021138141164556146,-0.01169692724943161
2026-04-23 07:39:14.400,3509418.783114582,779142.0382996245,5250980.004136563,-67046.68142742876,41.370379194984174,0.0021818233653903008,0.03293413552455604,0.04729650914669037
2026-04-23 07:39:14.500,3509418.786499398,779142.04119248,5250980.013380032,-67051.47425336558,41.36097043068451,0.033848159946501255,0.02892855554819107,0.09243468753993511
2026-04-23 07:39:14.600,3509418.7879500524,779142.0425261512,5250980.016185771,-67056.26768446449,41.34770144219532,0.014506545849144459,0.013336711563169956,0.028057387098670006
2026-04-23 07:39:14.700,3509418.785568528,779142.0423600308,5250980.009901464,-67061.06828082967,41.318604988035965,-0.023815245367586613,-0.0016612035688012838,-0.0628430675715208
2026-04-23 07:39:14.800,3509418.7848497825,779142.0420260995,5250980.004544208,-67065.86915089506,41.29342892519545,-0.007187454029917717,-0.003339312970638275,-0.05357256159186363
2026-04-23 07:39:14.900,3509418.7854473544,779142.0440496579,5250980.003592545,-67070.67270894106,41.266867314504736,0.005975719541311264,0.020235583651810884,-0.009516626596450806
2026-04-23 07:39:15.000,3509418.7857294395,779142.0440705945,5250980.004102827,-67075.47477901596,41.25456258233291,0.0028208503499627113,0.00020936597138643265,0.0051028188318014145
2026-04-23 07:39:15.100,3509418.784097626,779142.0434174634,5250980.000410385,-67080.27667566092,41.24124811106005,-0.016318135894834995,-0.006531310500577092,-0.036924416199326515
2026-04-23 07:39:15.200,3509418.7816054025,779142.0432061078,5250979.993929138,-67085.08377960484,41.220545620502506,-0.024922234006226063,-0.002113556256517768,-0.06481247022747993
2026-04-23 07:39:15.300,3509418.780035566,779142.0401238925,5250979.98535617,-67089.89525855196,41.220054545631065,-0.01569836400449276,-0.030822153203189373,-0.08572968654334545
2026-04-23 07:39:15.400,3509418.7786817653,779142.0406715142,5250979.987056975,-67094.69728808188,41.20348982117252,-0.013538007624447346,0.005476217484101653,0.01700805500149727
2026-04-23 07:39:15.500,3509418.7760679564,779142.0394117977,5250979.981858732,-67099.49992210335,41.188656312803104,-0.02613808959722519,-0.012597165768966079,-0.05198243074119091
2026-04-23 07:39:15.600,3509418.7773661395,779142.0388954744,5250979.97995345,-67104.30554007294,41.19865164086901,0.012981831096112728,-0.005163232563063502,-0.019052820280194283
2026-04-23 07:39:15.700,3509418.780006332,779142.0362109367,5250979.976442021,-67109.10403833163,41.1898441834169,0.026401923969388008,-0.026845376705750823,-0.035114288330078125
2026-04-23 07:39:15.800,3509418.7797287437,779142.0391187986,5250979.977453762,-67113.9005208721,41.16903333820357,-0.002775881439447403,0.029078618390485644,0.010117404162883759
2026-04-23 07:39:15.900,3509418.7755614077,779142.0413736383,5250979.972111323,-67118.70699193953,41.16441425544108,-0.041673360392451286,0.022548397537320852,-0.05342438817024231
2026-04-23 07:39:16.000,3509418.7731894627,779142.0395797265,5250979.965485947,-67123.51369520489,41.142405123241936,-0.023719449527561665,-0.017939117969945073,-0.06625375710427761
2026-04-23 07:39:16.100,3509418.772429013,779142.0386086614,5250979.96662432,-67128.31507576512,41.11952036846501,-0.007604495622217655,-0.009710651356726885,0.011383723467588425
2026-04-23 07:39:16.200,3509418.7690161583,779142.0384200399,5250979.962485312,-67133.11053067968,41.133218949420474,-0.034128548577427864,-0.0018862145952880383,-0.041390080004930496
2026-04-23 07:39:16.300,3509418.764323967,779142.0387479566,5250979.952527179,-67137.90895485405,41.09591561425025,-0.04692191258072853,0.0032791669946163893,-0.09958132170140743
2026-04-23 07:39:16.400,3509418.768233575,779142.0402195246,5250979.956852846,-67142.70466561212,41.068497799936914,0.03909607883542776,0.014715680154040456,0.04325666464865208
2026-04-23 07:39:16.500,3509418.766501492,779142.0408374793,5250979.958944457,-67147.50646098379,41.07363680870068,-0.01732083037495613,0.006179546471685171,0.020916108042001724
2026-04-23 07:39:16.600,3509418.7643899564,779142.0428546416,5250979.9581480995,-67152.30489904065,41.07931407442849,-0.02111535519361496,0.02017162274569273,-0.007963571697473526
2026-04-23 07:39:16.700,3509418.761995808,779142.0434853226,5250979.955546111,-67157.10903781967,41.0821063209098,-0.023941481485962868,0.006306810537353158,-0.026019886136054993
2026-04-23 07:39:16.800,3509418.7619208237,779142.0420095264,5250979.956338761,-67161.9177836067,41.074488821905035,-0.0007498450577259064,-0.014757962198927999,0.00792650505900383
2026-04-23 07:39:16.900,3509418.7603903264,779142.0423835244,5250979.96283125,-67166.718148588,41.07108038058339,-0.015304973348975182,0.0037399795837700367,0.06492489017546177
2026-04-23 07:39:17.000,3509418.75972313,779142.0439511994,5250979.967987696,-67171.50929824924,41.08280089355376,-0.0066719623282551765,0.01567675033584237,0.051564453169703484
2026-04-23 07:39:17.100,3509418.758434774,779142.0461306924,5250979.970842438,-67176.30006208361,41.08112371250895,-0.012883562594652176,0.02179492963477969,0.028547421097755432
2026-04-23 07:39:17.200,3509418.7559100254,779142.0449077309,5250979.970000369,-67181.10222955688,41.08927583888949,-0.0252474844455719,-0.012229614658281207,-0.008420692756772041
2026-04-23 07:39:17.300,3509418.7569460506,779142.0441830201,5250979.972867948,-67185.90177376044,41.094397671876436,0.010360251180827618,-0.007247107569128275,0.02867579460144043
2026-04-23 07:39:17.400,3509418.7549474565,779142.0441030747,5250979.968549293,-67190.70654697072,41.107874188260766,-0.01998594030737877,-0.0007994542829692364,-0.043186554685235023
2026-04-23 07:39:17.500,3509418.754529052,779142.043376747,5250979.970672172,-67195.50276534919,41.118005867785264,-0.0041840458288788795,-0.007263276493176818,0.021228790283203125
2026-04-23 07:39:17.600,3509418.7529723663,779142.0409980427,5250979.974367286,-67200.3029380186,41.127277354081976,-0.015566856600344181,-0.023787043755874038,0.03695114515721798
2026-04-23 07:39:17.700,3509418.7516569737,779142.0411719226,5250979.976604264,-67205.10461818229,41.1397526935695,-0.01315392553806305,0.001738799037411809,0.022369781509041786
2026-04-23 07:39:17.800,3509418.752049377,779142.0401908334,5250979.980773815,-67209.90324960701,41.14495289378554,0.003924034535884857,-0.009810891933739185,0.04169550724327564
2026-04-23 07:39:17.900,3509418.753523507,779142.0418161267,5250979.989723915,-67214.70254906357,41.13912300617506,0.01474129967391491,0.016252932837232947,0.08950100280344486
2026-04-23 07:39:18.000,3509418.7566151647,779142.0440522034,5250980.001195029,-67219.49419187334,41.15111957998575,0.030916575342416763,0.022360767470672727,0.11471114121377468
2026-04-23 07:39:18.100,3509418.7565047126,779142.0458182172,5250980.014068888,-67224.29133526851,41.163834817777406,-0.001104520633816719,0.01766013796441257,0.12873858213424683
2026-04-23 07:39:18.200,3509418.7543046325,779142.0478720913,5250980.022142876,-67229.09304279176,41.17639152618688,-0.02200080081820488,0.020538740791380405,0.08073988370597363
2026-04-23 07:39:18.300,3509418.7538263337,779142.0509230152,5250980.031769219,-67233.88965643448,41.18866492823596,-0.00478298868983984,0.030509239295497537,0.09626342914998531
2026-04-23 07:39:18.400,3509418.7531930944,779142.0519100401,5250980.0353507735,-67238.7002663452,41.189151236194185,-0.006332392804324627,0.009870248613879085,0.03581554628908634
2026-04-23 07:39:18.500,3509418.7511804365,779142.0524535571,5250980.042830496,-67243.51353193962,41.19340549472725,-0.020126579329371452,0.005435170605778694,0.07479722611606121
2026-04-23 07:39:18.600,3509418.749792294,779142.0522172729,5250980.047040121,-67248.31352713585,41.184095543960204,-0.013881423510611057,-0.0023628422059118748,0.04209624603390694
2026-04-23 07:39:18.700,3509418.7481516823,779142.0499674355,5250980.048739723,-67253.11926496742,41.19052470301942,-0.01640611793845892,-0.02249837387353182,0.016996022313833237
2026-04-23 07:39:18.800,3509418.744404982,779142.0508677459,5250980.052151421,-67257.92488940882,41.20357456826485,-0.03746700473129749,0.009003103477880359,0.03411698155105114
2026-04-23 07:39:18.900,3509418.7407209123,779142.0539168098,5250980.058844988,-67262.734947341,41.212529175741466,-0.03684069495648146,0.030490639619529247,0.06693567149341106
2026-04-23 07:39:19.000,3509418.7412510123,779142.0544215398,5250980.0679982845,-67267.54865888925,41.21607152051253,0.005300999619066715,0.005047299200668931,0.09153296239674091
2026-04-23 07:39:19.100,3509418.7425350836,779142.0541168681,5250980.073352856,-67272.3592882426,41.21885281089646,0.012840712442994118,-0.0030467170290648937,0.05354571156203747
2026-04-23 07:39:19.200,3509418.73877218,779142.0527144372,5250980.079524491,-67277.17405761473,41.254583882276386,-0.037629036232829094,-0.014024308184161782,0.061716353520751
2026-04-23 07:39:19.300,3509418.7322666696,779142.0515325138,5250980.08337462,-67281.98432872885,41.2913065026874,-0.06505510304123163,-0.011819234350696206,0.03850129432976246
2026-04-23 07:39:19.400,3509418.7335034,779142.0540679443,5250980.094644598,-67286.78775833627,41.31757667670988,0.012367302551865578,0.025354304816573858,0.11269977316260338
2026-04-23 07:39:19.500,3509418.7350103264,779142.0576517247,5250980.101636734,-67291.59044989712,41.31410721513368,0.01506926491856575,0.035837803734466434,0.06992136128246784
2026-04-23 07:39:19.600,3509418.7342485017,779142.0605873126,5250980.107596011,-67296.40014170352,41.295934318242345,-0.007618246600031853,0.029355878941714764,0.05959277041256428
2026-04-23 07:39:19.700,3509418.734496453,779142.0606150114,5250980.1094352,-67301.21520369008,41.283001095821675,0.0024795113131403923,0.0002769881393760443,0.018391888588666916
2026-04-23 07:39:19.800,3509418.7355690836,779142.0628157132,5250980.117660876,-67306.02233282152,41.299385452517555,0.010726307518780231,0.022007018560543656,0.08225676603615284
2026-04-23 07:39:19.900,3509418.7347652465,779142.0644441422,5250980.127096808,-67310.83704191461,41.32555165450037,-0.008038370870053768,0.016284289304167032,0.09435931220650673
2026-04-23 07:39:20.000,3509418.732032561,779142.0647918087,5250980.132745077,-67315.65045168107,41.31581212313661,-0.02732685301452875,0.003476665588095784,0.056482693180441856
2026-04-23 07:39:20.100,3509418.730463111,779142.0661531284,5250980.136562256,-67320.46795418469,41.32093382553938,-0.01569450367242098,0.013613196788355708,0.0381717924028635
2026-04-23 07:39:20.200,3509418.7304588957,779142.0664938827,5250980.140420606,-67325.27437804802,41.33503091977823,-4.215165972709656e-05,0.0034075428266078234,0.03858350217342377
2026-04-23 07:39:20.300,3509418.7282246705,779142.067378478,5250980.138450125,-67330.07383522557,41.352336545451884,-0.022342251613736153,0.008845953270792961,-0.01970481127500534
2026-04-23 07:39:20.400,3509418.7274580463,779142.0682374713,5250980.147247238,-67334.87205098341,41.363994137427646,-0.007666242308914661,0.008589932695031166,0.08797112852334976
2026-04-23 07:39:20.500,3509418.727174184,779142.0692620538,5250980.149474558,-67339.68307478032,41.367718875761135,-0.0028386246412992477,0.010245825396850705,0.02227320335805416
2026-04-23 07:39:20.600,3509418.727961627,779142.0679968433,5250980.143127894,-67344.496044898,41.3770901898124,0.007874430157244205,-0.012652105651795864,-0.06346664391458035
2026-04-23 07:39:20.700,3509418.730187476,779142.0670246594,5250980.144447715,-67349.31548380318,41.40040739169932,0.02225849311798811,-0.009721838869154453,0.013198209926486015
2026-04-23 07:39:20.800,3509418.729524438,779142.0673773107,5250980.143791695,-67354.12199514506,41.38936448182932,-0.0066303834319114685,0.0035265134647488594,-0.006560198962688446
2026-04-23 07:39:20.900,3509418.728920129,779142.0675225898,5250980.145486554,-67358.92691207612,41.372252817007656,-0.006043086759746075,0.0014527910389006138,0.01694859005510807
2026-04-23 07:39:21.000,3509418.731646667,779142.065191517,5250980.149224053,-67363.73168683465,41.395841467377466,0.027265376411378384,-0.023310728138312697,0.037374990060925484
2026-04-23 07:39:21.100,3509418.730208872,779142.0678486895,5250980.155826462,-67368.5337766659,41.3830431942551,-0.014377948828041553,0.02657172502949834,0.06602409295737743
2026-04-23 07:39:21.200,3509418.7306223754,779142.0666649617,5250980.148640978,-67373.34248602609,41.387205479698025,0.00413503497838974,-0.011837277561426163,-0.07185484282672405
2026-04-23 07:39:21.300,3509418.727783741,779142.0668458254,5250980.151024686,-67378.14761417228,41.408407093314885,-0.028386344201862812,0.0018086365889757872,0.023837080225348473
2026-04-23 07:39:21.400,3509418.731715167,779142.0671979901,5250980.159952544,-67382.94815282986,41.410455506738394,0.03931425977498293,0.0035216473042964935,0.08927857503294945
2026-04-23 07:39:21.500,3509418.7331586047,779142.0694111475,5250980.1643850645,-67387.75107896753,41.434930373095455,0.014434377662837505,0.02213157364167273,0.0443252082914114
2026-04-23 07:39:21.600,3509418.7289915527,779142.0688775273,5250980.162607648,-67392.56429496012,41.39694816167644,-0.04167051985859871,-0.005336202448233962,-0.01777416095137596
2026-04-23 07:39:21.700,3509418.729885862,779142.0698385703,5250980.164547206,-67397.3814625306,41.37923073590872,0.008943094871938229,0.009610430570319295,0.019395574927330017
2026-04-23 07:39:21.800,3509418.732336319,779142.0695891738,5250980.164058974,-67402.19021665542,41.388910971242574,0.024504568427801132,-0.0024939654394984245,-0.004882318899035454
2026-04-23 07:39:21.900,3509418.7255544853,779142.06803095,5250980.165296468,-67407.00268443592,41.38637046732276,-0.06781833712011576,-0.015582237392663956,0.012374939396977425
2026-04-23 07:39:22.000,3509418.724603592,779142.0681297838,5250980.165486542,-67411.81249120974,41.386074976825455,-0.009508933871984482,0.0009883381426334381,0.00190073624253273
2026-04-23 07:39:22.100,3509418.7265246413,779142.0698498359,5250980.164345916,-67416.6196133057,41.394625886502155,0.019210493192076683,0.017200520960614085,-0.011406252160668373
2026-04-23 07:39:22.200,3509418.7237351295,779142.071655,5250980.169457984,-67421.43247147916,41.42272464239244,-0.027895118109881878,0.018051640363410115,0.05112067796289921
2026-04-23 07:39:22.300,3509418.7240120745,779142.0697844815,5250980.158988505,-67426.25126449433,41.43614516962337,0.002769450657069683,-0.018705184338614345,-0.10469479486346245
2026-04-23 07:39:22.400,3509418.725549891,779142.0667578838,5250980.149935206,-67431.0680404351,41.43752669058785,0.015378165990114212,-0.030265977839007974,-0.09053298272192478
2026-04-23 07:39:22.500,3509418.7230129116,779142.0691979806,5250980.152581116,-67435.8829318052,41.421588478606886,-0.02536979503929615,0.024400968104600906,0.026459097862243652
2026-04-23 07:39:22.600,3509418.7235851064,779142.069354544,5250980.149795577,-67440.70254014777,41.43159550949381,0.005721948109567165,0.0015656347386538982,-0.027855392545461655
2026-04-23 07:39:22.700,3509418.731139704,779142.0661632626,5250980.141112732,-67445.53414683857,41.47140396539957,0.07554597686976194,-0.031912814592942595,-0.08682845160365105
2026-04-23 07:39:22.800,3509418.7317116978,779142.0681566324,5250980.137308975,-67450.36087580601,41.45750198992838,0.005719936452805996,0.019933697767555714,-0.03803757019340992
2026-04-23 07:39:22.900,3509418.7332528546,779142.0689706934,5250980.1361824125,-67455.17606393664,41.45579747286791,0.015411567874252796,0.008140610298141837,-0.011265622451901436
2026-04-23 07:39:23.000,3509418.731458934,779142.0703334775,5250980.138780198,-67459.98769928046,41.44920845574776,-0.017939205281436443,0.013627840671688318,0.025977855548262596
2026-04-23 07:39:23.100,3509418.729579373,779142.0724009238,5250980.145363053,-67464.79575277849,41.44135357889303,-0.018795612268149853,0.020674463594332337,0.06582855246961117
2026-04-23 07:39:23.200,3509418.732272719,779142.0710498666,5250980.1392657105,-67469.61858576073,41.441441876512066,0.026933462359011173,-0.013510572025552392,-0.060973428189754486
2026-04-23 07:39:23.300,3509418.730895213,779142.070801642,5250980.123699986,-67474.45800627825,41.417811323306466,-0.013775061815977097,-0.002482245909050107,-0.1556572411209345
2026-04-23 07:39:23.400,3509418.727656968,779142.0743874975,5250980.124034461,-67479.2887623216,41.455886839581815,-0.03238244913518429,0.035858554765582085,0.0033447425812482834
2026-04-23 07:39:23.500,3509418.732653616,779142.0715459263,5250980.118875464,-67484.11192253158,41.47594604311604,0.0499664805829525,-0.028415712295100093,-0.0515899620950222
2026-04-23 07:39:23.600,3509418.7354525896,779142.0702478465,5250980.112892619,-67488.93460930667,41.42354644246919,0.027989735826849937,-0.012980797328054905,-0.05982845090329647
2026-04-23 07:39:23.700,3509418.7335716416,779142.0680529401,5250980.11336525,-67493.75333227661,41.39178226432905,-0.018809479661285877,-0.02194906468503177,0.004726303741335869
2026-04-23 07:39:23.800,3509418.735977083,779142.0675532876,5250980.110186507,-67498.57243176522,41.39340351931259,0.02405441366136074,-0.004996524658054113,-0.03178742714226246
2026-04-23 07:39:23.900,3509418.736392263,779142.0658287487,5250980.095269709,-67503.40375621778,41.391231860441145,0.004151798784732819,-0.017245388589799404,-0.1491679809987545
2026-04-23 07:39:24.000,3509418.733471638,779142.0662235052,5250980.090163398,-67508.22471590454,41.38482618096133,-0.029206248000264168,0.003947564400732517,-0.051063112914562225
2026-04-23 07:39:24.100,3509418.7325595156,779142.0623354621,5250980.08166914,-67513.03711095563,41.36265241103592,-0.009121224284172058,-0.03888043109327555,-0.08494257926940918
2026-04-23 07:39:24.200,3509418.734362302,779142.0610600568,5250980.076401857,-67517.85160870795,41.364017733814116,0.018027862533926964,-0.012754052877426147,-0.05267282947897911
2026-04-23 07:39:24.300,3509418.7292178054,779142.0600385036,5250980.073932876,-67522.6733275317,41.35167642974955,-0.05144496448338032,-0.0102155318018049,-0.02468980848789215
2026-04-23 07:39:24.400,3509418.7290529795,779142.0595924808,5250980.066769702,-67527.49961854864,41.33317679199633,-0.001648259349167347,-0.004460228374227881,-0.07163173519074917
2026-04-23 07:39:24.500,3509418.7312446404,779142.0560943799,5250980.053841503,-67532.32829242005,41.32754113480123,0.02191660925745964,-0.03498100908473134,-0.12928199023008347
2026-04-23 07:39:24.600,3509418.7370457854,779142.0552581111,5250980.050907926,-67537.14799128285,41.31836406970245,0.05801144987344742,-0.008362687658518553,-0.02933577634394169
2026-04-23 07:39:24.700,3509418.733116771,779142.0536859954,5250980.044319371,-67541.97502426372,41.308375871392705,-0.03929014317691326,-0.015721156960353255,-0.06588554941117764
2026-04-23 07:39:24.800,3509418.730571396,779142.0527335191,5250980.041634748,-67546.79717494718,41.30258841312466,-0.025453749112784863,-0.00952476286329329,-0.026846230030059814
2026-04-23 07:39:24.900,3509418.735513544,779142.0553983557,5250980.0448003225,-67551.61221808927,41.29886722066669,0.04942147992551327,0.026648365892469883,0.031655747443437576
2026-04-23 07:39:25.000,3509418.7402408514,779142.0545907941,5250980.045827,-67556.43265159334,41.27375742367349,0.04727307241410017,-0.00807561562396586,0.010266778990626335
2026-04-23 07:39:25.100,3509418.737932218,779142.0548752334,5250980.047387763,-67561.246095057,41.2362470208408,-0.023086336441338062,0.0028443930204957724,0.015607625246047974
2026-04-23 07:39:25.200,3509418.7379784845,779142.0552786805,5250980.04429161,-67566.07215972285,41.247989361219105,0.0004626670852303505,0.004034470766782761,-0.030961530283093452
2026-04-23 07:39:25.300,3509418.7335885763,779142.053960355,5250980.046391209,-67570.8970792413,41.24845478866002,-0.04389908164739609,-0.013183255214244127,0.020995987579226494
2026-04-23 07:39:25.400,3509418.7393014412,779142.054004006,5250980.050529409,-67575.70330225595,41.2468404767307,0.057128649204969406,0.0004365097265690565,0.04138200543820858
2026-04-23 07:39:25.500,3509418.7421558285,779142.0552261045,5250980.054424948,-67580.51501363891,41.23327853329916,0.028543872758746147,0.012220984790474176,0.038955388590693474
2026-04-23 07:39:25.600,3509418.74437229,779142.0557625305,5250980.056183467,-67585.32865375634,41.221133727659364,0.02216461580246687,0.00536426086910069,0.017585186287760735
2026-04-23 07:39:25.700,3509418.74117992,779142.0554457454,5250980.05724054,-67590.14379777729,41.215812524521375,-0.03192370291799307,-0.0031678518280386925,0.010570734739303589
2026-04-23 07:39:25.800,3509418.738602338,779142.0536731314,5250980.058927053,-67594.96237626327,41.25317948974988,-0.025775819085538387,-0.01772613963112235,0.01686512492597103
2026-04-23 07:39:25.900,3509418.738849317,779142.0538129857,5250980.065779443,-67599.77685162357,41.25240748665182,0.00246979296207428,0.0013985426630824804,0.06852390244603157
2026-04-23 07:39:26.000,3509418.7403051476,779142.0526791819,5250980.07281674,-67604.59270357215,41.2391594055583,0.014558304101228714,-0.011338037438690662,0.07037296891212463
2026-04-23 07:39:26.100,3509418.742880039,779142.056565767,5250980.080490677,-67609.40411866222,41.23437422531395,0.025748913176357746,0.03886585123836994,0.07673936896026134
2026-04-23 07:39:26.200,3509418.7440375653,779142.0575066999,5250980.088180418,-67614.21459296062,41.231051473487284,0.011575263924896717,0.009409328922629356,0.07689741440117359
2026-04-23 07:39:26.300,3509418.7439000267,779142.0589349105,5250980.095554487,-67619.01914920728,41.2256615470344,-0.0013753864914178848,0.014282105257734656,0.07374068722128868
2026-04-23 07:39:26.400,3509418.7431261246,779142.0589548105,5250980.102757343,-67623.82077802162,41.221397928867866,-0.007739020511507988,0.00019900035113096237,0.07202856242656708
2026-04-23 07:39:26.500,3509418.7406822275,779142.0596712803,5250980.105283963,-67628.6285013805,41.213510304780506,-0.02443897072225809,0.007164698326960206,0.025266194716095924
2026-04-23 07:39:26.600,3509418.7375543728,779142.0593717712,5250980.109460952,-67633.43876779011,41.20267675572293,-0.03127854783087969,-0.002995091490447521,0.04176989197731018
2026-04-23 07:39:26.700,3509418.7414790946,779142.0600114553,5250980.120974123,-67638.25183662554,41.21484559027312,0.039247218519449234,0.006396841490641236,0.11513170786201954
2026-04-23 07:39:26.800,3509418.737499049,779142.060929849,5250980.120281528,-67643.06580495815,41.18707338797413,-0.03980045672506094,0.009183937218040228,-0.006925947964191437
2026-04-23 07:39:26.900,3509418.7327380655,779142.0626602705,5250980.124904164,-67647.87550839767,41.17582198903367,-0.047609834000468254,0.017304214416071773,0.04622636362910271
2026-04-23 07:39:27.000,3509418.7296914225,779142.0611401892,5250980.129299861,-67652.68763143003,41.175557982255526,-0.030466429889202118,-0.015200813068076968,0.043956972658634186
2026-04-23 07:39:27.100,3509418.7286174344,779142.0607954189,5250980.1361966245,-67657.4907298253,41.17822946204973,-0.010739881545305252,-0.003447702620178461,0.06896763108670712
2026-04-23 07:39:27.200,3509418.729183314,779142.0596027506,5250980.138177556,-67662.2992549334,41.18617005181749,0.00565879512578249,-0.01192668336443603,0.019809314981102943
2026-04-23 07:39:27.300,3509418.7242032383,779142.058774144,5250980.138770077,-67667.11443912491,41.18664241274684,-0.04980075638741255,-0.0082860654219985,0.005925213918089867
2026-04-23 07:39:27.400,3509418.7182818875,779142.0570126867,5250980.140100847,-67671.92548910603,41.188429369745336,-0.059213507920503616,-0.017614573007449508,0.013307696208357811
2026-04-23 07:39:27.500,3509418.7164600175,779142.0571709966,5250980.142438354,-67676.73458112859,41.206908461456656,-0.01821869984269142,0.0015830982010811567,0.023375069722533226
2026-04-23 07:39:27.600,3509418.714497647,779142.0550348052,5250980.1421025535,-67681.54476383382,41.23428526178827,-0.01962370704859495,-0.02136191353201866,-0.003358004614710808
2026-04-23 07:39:27.700,3509418.7112832344,779142.0523167156,5250980.137168,-67686.36004051586,41.26747721663096,-0.03214412368834019,-0.027180896140635014,-0.049345530569553375
2026-04-23 07:39:27.800,3509418.707997548,779142.0499106676,5250980.139180058,-67691.17100352026,41.298093058433615,-0.03285686485469341,-0.024060480063781142,0.020120572298765182
2026-04-23 07:39:27.900,3509418.703635929,779142.0466767878,5250980.141914172,-67695.976791919,41.325748381634774,-0.04361618775874376,-0.03233879804611206,0.027341144159436226
2026-04-23 07:39:28.000,3509418.702711463,779142.0458833097,5250980.152283989,-67700.78269358595,41.33560378828891,-0.009244661778211594,-0.007934781024232507,0.10369816794991493
2026-04-23 07:39:28.100,3509418.698928669,779142.0437441334,5250980.149842364,-67705.60502727283,41.34837386191602,-0.03782793879508972,-0.021391762420535088,-0.024416251108050346
2026-04-23 07:39:28.200,3509418.6960411603,779142.0426712686,5250980.15769295,-67710.43379956592,41.372530177866736,-0.028875088319182396,-0.010728648630902171,0.078505864366889
2026-04-23 07:39:28.300,3509418.692620826,779142.041308711,5250980.155630749,-67715.25657762494,41.38185323885469,-0.03420334309339523,-0.013625575229525566,-0.02062201499938965
2026-04-23 07:39:28.400,3509418.6900865566,779142.0407003468,5250980.161752915,-67720.06549563986,41.392167161492374,-0.02534269355237484,-0.006083642365410924,0.061221662908792496
2026-04-23 07:39:28.500,3509418.6875731465,779142.0391387753,5250980.161344208,-67724.87531217944,41.41559621365552,-0.025134100578725338,-0.015615714946761727,-0.004087071865797043
2026-04-23 07:39:28.600,3509418.686127726,779142.0369751761,5250980.155376032,-67729.6884355181,41.42311093583378,-0.014454205520451069,-0.02163599245250225,-0.05968175828456879
2026-04-23 07:39:28.700,3509418.6835645386,779142.0372631823,5250980.161247589,-67734.50589402344,41.421326463854065,-0.02563187386840582,0.002880062675103545,0.058715566992759705
2026-04-23 07:39:28.800,3509418.6820062194,779142.0364778356,5250980.1636834005,-67739.32264220162,41.43967034799055,-0.015583191998302937,-0.00785346725024283,0.024358117952942848
2026-04-23 07:39:28.900,3509418.682182311,779142.0362023653,5250980.164201415,-67744.13828401307,41.43663886908043,0.0017609167844057083,-0.002754703164100647,0.005180146545171738
2026-04-23 07:39:29.000,3509418.67854216,779142.0318486317,5250980.163337019,-67748.95015060839,41.43919525278167,-0.036401511169970036,-0.043537336168810725,-0.00864395871758461
2026-04-23 07:39:29.100,3509418.677070253,779142.0296845963,5250980.167288597,-67753.76898891281,41.46500756622576,-0.014719069004058838,-0.021640353370457888,0.03951577469706535
2026-04-23 07:39:29.200,3509418.673087881,779142.031661402,5250980.174222274,-67758.58367568256,41.46887447382767,-0.039823721162974834,0.01976805622689426,0.0693367701023817
2026-04-23 07:39:29.300,3509418.6699459744,779142.0309692848,5250980.174875268,-67763.39596494794,41.46008588903175,-0.03141906578093767,-0.006921171443536878,0.006529940292239189
2026-04-23 07:39:29.400,3509418.6619600374,779142.0337982643,5250980.177778114,-67768.20262980842,41.43998838758991,-0.0798593694344163,0.028289795154705644,0.029028458520770073
2026-04-23 07:39:29.500,3509418.6633561617,779142.0312568581,5250980.17337205,-67773.00947623236,41.4764096465405,0.013961242511868477,-0.025414061965420842,-0.044060638174414635
2026-04-23 07:39:29.600,3509418.6587379477,779142.0312854984,5250980.174809426,-67777.8193342606,41.47341731591844,-0.04618213977664709,0.0002864026464521885,0.014373762533068657
2026-04-23 07:39:29.700,3509418.6557467245,779142.030399364,5250980.179857546,-67782.63668932591,41.4835505715325,-0.029912232421338558,-0.0088613445404917,0.05048120394349098
2026-04-23 07:39:29.800,3509418.6535153757,779142.028563295,5250980.182799512,-67787.45346309962,41.50705998864678,-0.022313487716019154,-0.018360689282417297,0.02941965125501156
2026-04-23 07:39:29.900,3509418.6478013727,779142.0260384335,5250980.179117371,-67792.26014471518,41.48945527573263,-0.05714002996683121,-0.02524861483834684,-0.0368214026093483
2026-04-23 07:39:30.000,3509418.638372843,779142.0253088647,5250980.174666472,-67797.07773027135,41.487988536996426,-0.09428529534488916,-0.007295688847079873,-0.04450899548828602
2026-04-23 07:39:30.100,3509418.6359747164,779142.0245290974,5250980.176833342,-67801.88958820819,41.48370955171484,-0.02398126758635044,-0.007797672878950834,0.021668700501322746
2026-04-23 07:39:30.200,3509418.6387633164,779142.0284692411,5250980.18790041,-67806.68945690835,41.47290224560242,0.027886000461876392,0.03940143738873303,0.11067068204283714
2026-04-23 07:39:30.300,3509418.0865151407,779142.1501715226,5250980.422399205,-67811.70103515641,35.96720753194405,-5.5224817572161555,1.2170228152535856,2.344987951219082
2026-04-23 07:39:30.400,3509418.080736435,779142.1474955257,5250980.411253878,-67816.52142318916,35.96430787496538,-0.057787057012319565,-0.02675996976904571,-0.11145327240228653
2026-04-23 07:39:30.500,3509418.08929749,779142.1460800633,5250980.403447619,-67821.3291280653,35.948633690841234,0.08561055175960064,-0.014154623495414853,-0.07806259207427502
2026-04-23 07:39:30.600,3509418.0994492164,779142.148877355,5250980.398714677,-67826.13822391567,35.9657855548303,0.10151726193726063,0.0279729173053056,-0.047329412773251534
2026-04-23 07:39:30.700,3509418.104178168,779142.1442678582,5250980.386806438,-67830.94996563997,35.93371350914944,0.047289514914155006,-0.04609496798366308,-0.11908239684998989
2026-04-23 07:39:30.800,3509418.112632144,779142.1421602808,5250980.388039638,-67835.75814427652,35.90486010451148,0.08453975897282362,-0.021075773984193802,0.012332005426287651
2026-04-23 07:39:30.900,3509418.1213635076,779142.140399883,5250980.390684828,-67840.57128567358,35.90042909801728,0.0873136380687356,-0.01760397804901004,0.026451898738741875
2026-04-23 07:39:31.000,3509418.11848915,779142.1344404282,5250980.387784355,-67845.39241107627,35.8818960631559,-0.028743576258420944,-0.059594548074528575,-0.02900472842156887
2026-04-23 07:39:31.100,3509418.1173062515,779142.1311218486,5250980.379002548,-67850.21495316701,35.8759628510139,-0.011828984133899212,-0.03318579634651542,-0.08781807497143745
2026-04-23 07:39:31.200,3509418.117889074,779142.130653165,5250980.36747618,-67855.035407476,35.84271020842463,0.005828225985169411,-0.004686835454776883,-0.11526367627084255
2026-04-23 07:39:31.300,3509418.1169195813,779142.1311952813,5250980.365837118,-67859.85613739135,35.82750408353992,-0.009694928303360939,0.005421162350103259,-0.01639062538743019
2026-04-23 07:39:31.400,3509418.1212669252,779142.1286343742,5250980.35535962,-67864.66233292244,35.85510209706199,0.043473439291119576,-0.02560907043516636,-0.1047749724239111
2026-04-23 07:39:31.500,3509418.121077404,779142.1264905826,5250980.353947043,-67869.47298867232,35.844905419454406,-0.0018952134996652603,-0.021437916439026594,-0.014125769957900047
2026-04-23 07:39:31.600,3509418.1209948948,779142.1261863904,5250980.351174789,-67874.28626791116,35.847358466607076,-0.000825091265141964,-0.0030419218819588423,-0.027722548693418503
2026-04-23 07:39:31.700,3509418.1221905067,779142.1254075958,5250980.342103332,-67879.10310860738,35.845179339650585,0.01195611897855997,-0.007787946378812194,-0.09071456268429756
2026-04-23 07:39:31.800,3509418.1167448102,779142.1248265438,5250980.331919307,-67883.93381801063,35.87484199035607,-0.05445696413516998,-0.005810519214719534,-0.10184025391936302
2026-04-23 07:39:31.900,3509418.11723832,779142.1228102196,5250980.322407056,-67888.75764774549,35.885420832793,0.004935096949338913,-0.02016324200667441,-0.09512251242995262
2026-04-23 07:39:32.000,3509418.116537242,779142.1223652965,5250980.317371886,-67893.57260902898,35.85904649714793,-0.007010777480900288,-0.004449231782928109,-0.050351694226264954
2026-04-23 07:39:32.100,3509418.113406731,779142.1197170375,5250980.305388098,-67898.39301705021,35.8916857091238,-0.031305113807320595,-0.02648258931003511,-0.11983788572251797
2026-04-23 07:39:32.200,3509418.1098882034,779142.1173305141,5250980.298945233,-67903.21204288486,35.89952953549258,-0.03518527373671532,-0.0238652341067791,-0.06442864425480366
2026-04-23 07:39:32.300,3509418.1165781184,779142.1177447542,5250980.292633302,-67908.0303284203,35.87198107966965,0.06689914967864752,0.00414240057580173,-0.06311931647360325
2026-04-23 07:39:32.400,3509418.1162003875,779142.1208235655,5250980.2939291755,-67912.83702091058,35.868667475780185,-0.0037773093208670616,0.030788113363087177,0.012958738952875137
2026-04-23 07:39:32.500,3509418.112925829,779142.1221248409,5250980.28615031,-67917.64661928888,35.88159009511388,-0.03274558577686548,0.013012753333896399,-0.07778865285217762
2026-04-23 07:39:32.600,3509418.111439468,779142.1203312636,5250980.275556762,-67922.47578954716,35.88675287242604,-0.01486361026763916,-0.017935772193595767,-0.1059354841709137
2026-04-23 07:39:32.700,3509418.1111289053,779142.1185847546,5250980.26560364,-67927.30317132558,35.898356441345285,-0.0031056255102157593,-0.017465089913457632,-0.09953121654689312
2026-04-23 07:39:32.800,3509418.108900768,779142.1178957924,5250980.258970048,-67932.13282324118,35.88052930125245,-0.02228137105703354,-0.006889622891321778,-0.06633591838181019
2026-04-23 07:39:32.900,3509418.1068739216,779142.118874412,5250980.25151672,-67936.96438782162,35.869128631063624,-0.02026846632361412,0.009786196751520038,-0.07453327998518944
2026-04-23 07:39:33.000,3509418.107786038,779142.1164345,5250980.235932311,-67941.79723472433,35.86124371157258,0.009121163748204708,-0.024399120593443513,-0.1558440923690796
2026-04-23 07:39:33.100,3509418.106694483,779142.1189692786,5250980.228895201,-67946.630008412,35.86288379407136,-0.010915547609329224,0.025347786722704768,-0.07037109695374966
2026-04-23 07:39:33.200,3509418.10766196,779142.1202096744,5250980.222298462,-67951.46141364287,35.886039332014185,0.009674769826233387,0.012403957080096006,-0.06596739403903484
2026-04-23 07:39:33.300,3509418.1085683666,779142.1240652398,5250980.220439103,-67956.2807030649,35.88064783977026,0.009064064361155033,0.038555654464289546,-0.01859358511865139
2026-04-23 07:39:33.400,3509418.1039925483,779142.1228195389,5250980.209358216,-67961.10878989688,35.88309031529534,-0.04575818311423063,-0.012457008706405759,-0.11080887168645859
2026-04-23 07:39:33.500,3509418.1044214545,779142.1207158655,5250980.199380943,-67965.93646914233,35.88387461909978,0.004289061762392521,-0.02103673410601914,-0.09977273643016815
2026-04-23 07:39:33.600,3509418.1060239035,779142.1256010496,5250980.195518615,-67970.75782272794,35.8982707547105,0.016024489887058735,0.04885184112936258,-0.038623278960585594
2026-04-23 07:39:33.700,3509418.1142039704,779142.1297726434,5250980.191077916,-67975.57309396988,35.890626008943755,0.0818006694316864,0.04171593813225627,-0.044406987726688385
2026-04-23 07:39:33.800,3509418.1131880665,779142.1302004773,5250980.187305239,-67980.39629359511,35.89022121834866,-0.010159038938581944,0.004278338747099042,-0.03772676922380924
2026-04-23 07:39:33.900,3509418.112012115,779142.1342590566,5250980.180590515,-67985.21769298668,35.900994242355466,-0.011759516783058643,0.040585793321952224,-0.06714724004268646
2026-04-23 07:39:34.000,3509418.4950035815,779142.0476721379,5250979.993314015,-67989.9019736952,41.60410296847297,3.829914666712284,-0.8658691879827529,-1.872765002772212
2026-04-23 07:39:34.100,3509418.229849363,779142.110363926,5250980.109835472,-67994.8240894166,35.74766782726938,-2.6515421830117702,0.6269178818911314,1.1652145721018314
2026-04-23 07:39:34.200,3509418.211499917,779142.1233959976,5250980.123758888,-67999.65340999796,35.74808025506818,-0.1834944635629654,0.13032071525231004,0.13923415914177895
2026-04-23 07:39:34.300,3509418.250366815,779142.1190876339,5250980.1113079535,-68004.46398135833,35.68672657508283,0.3886689804494381,-0.043083636555820704,-0.12450934387743473
2026-04-23 07:39:34.400,3509418.2635632665,779142.1208168505,5250980.0979826255,-68009.29452852406,35.66812034148664,0.1319645158946514,0.017292165430262685,-0.1332532800734043
2026-04-23 07:39:34.500,3509418.272025576,779142.12304044,5250980.086306934,-68014.11104556861,35.662764196376536,0.08462309371680021,0.022235895739868283,-0.11675691232085228
2026-04-23 07:39:34.600,3509418.270455791,779142.1242816781,5250980.0895513445,-68018.91690316457,35.63157659086036,-0.015697847120463848,0.012412380892783403,0.03244410268962383
2026-04-23 07:39:34.700,3509418.263440612,779142.1273995049,5250980.102967412,-68023.7230001756,35.577480385830484,-0.07015179377049208,0.031178267672657967,0.13416067697107792
2026-04-23 07:39:34.800,3509418.229756449,779142.1403572942,5250980.117023732,-68028.55619903968,35.552687907160234,-0.3368416288867593,0.12957789353094995,0.14056319370865822
2026-04-23 07:39:34.900,3509418.4481347674,779142.1012043677,5250980.037366748,-68033.29062337572,41.392476761032334,2.183783184736967,-0.39152926532551646,-0.796569837257266
2026-04-23 07:39:35.000,3509418.44750599,779142.1074575806,5250980.028290171,-68038.11558363272,41.39254180687759,-0.006287773139774799,0.06253212923184037,-0.09076576679944992
2026-04-23 07:39:35.100,3509418.443768461,779142.1121450217,5250980.042966916,-68042.9402333141,41.3574988146373,-0.037375292740762234,0.04687441047281027,0.14676745049655437
2026-04-23 07:39:35.200,3509418.4382294035,779142.116782419,5250980.039533241,-68047.7686084758,41.34103034670995,-0.05539057310670614,0.04637397360056639,-0.0343367550522089
2026-04-23 07:39:35.300,3509418.434705087,779142.1207899426,5250980.04248034,-68052.59372543145,41.33491588799203,-0.035243164747953415,0.04007523530162871,0.02947099506855011
2026-04-23 07:39:35.400,3509418.4309246414,779142.1277949107,5250980.044502031,-68057.42298439822,41.31987016270249,-0.03780445549637079,0.0700496812351048,0.020216908305883408
2026-04-23 07:39:35.500,3509418.4293336654,779142.135468259,5250980.046460156,-68062.2538141719,41.307591020683496,-0.015909760259091854,0.07673348300158978,0.019581252709031105
2026-04-23 07:39:35.600,3509418.426916056,779142.1419190402,5250980.056531083,-68067.07617637275,41.30601560944082,-0.024176095612347126,0.06450781249441206,0.10070926509797573
2026-04-23 07:39:35.700,3509418.4180867947,779142.1469857191,5250980.061173421,-68071.90525154861,41.27953315600464,-0.08829261176288128,0.05066678859293461,0.04642338491976261
2026-04-23 07:39:35.800,3509418.4123719153,779142.1530648329,5250980.069067732,-68076.73546961379,41.243446816309856,-0.05714879371225834,0.06079113809391856,0.07894311100244522
2026-04-23 07:39:35.900,3509418.4046015255,779142.15690162,5250980.078115417,-68081.55637879149,41.19229990906043,-0.07770389784127474,0.03836787072941661,0.09047684259712696
2026-04-23 07:39:36.000,3509416.746171688,779143.1575275819,5250984.534876099,-68084.16840366219,40.818143926281024,-16.5842983732,10.006259619258344,44.56760682165623
2026-04-23 07:39:36.100,3509416.7463861643,779143.1627609576,5250984.533744899,-68089.01156520823,40.83970457703607,0.002144761383533478,0.05233375704847276,-0.011312002316117287
2026-04-23 07:39:36.200,3509416.746108575,779143.1624405279,5250984.528686413,-68093.84918965025,40.852535463985305,-0.002775895409286022,-0.0032042968086898327,-0.050584860146045685
2026-04-23 07:39:36.300,3509417.772884232,779142.3477480238,5250980.558675196,-68100.97725276255,35.055341185086554,10.267756571993232,-8.14692504121922,-39.70011216588318
2026-04-23 07:39:36.400,3509417.7985478477,779142.3376134175,5250980.497923634,-68105.84198733492,35.21164435644378,0.2566361567005515,-0.10134606272913516,-0.6075156200677156
2026-04-23 07:39:36.500,3509417.8036534046,779142.3382075123,5250980.461291456,-68110.6940163074,35.330176859951216,0.05105556920170784,0.005940947448834777,-0.36632178351283073
2026-04-23 07:39:36.600,3509417.8104535043,779142.3335529289,5250980.438864233,-68115.54134535475,35.416654500672244,0.06800099741667509,-0.046545834047719836,-0.22427222691476345
2026-04-23 07:39:36.700,3509417.836298859,779142.3306804493,5250980.415809712,-68120.36391440504,35.43754821736056,0.2584535488858819,-0.028724796138703823,-0.23054520599544048
2026-04-23 07:39:36.800,3509417.854232834,779142.328231597,5250980.397545234,-68125.19575682441,35.44070315786626,0.17933974973857403,-0.024488522903993726,-0.1826447807252407
2026-04-23 07:39:36.900,3509417.8818755643,779142.3264121227,5250980.382788505,-68130.02066926165,35.4341623620491,0.2764273015782237,-0.018194742733612657,-0.14756728895008564
2026-04-23 07:39:37.000,3509417.892953429,779142.3333888516,5250980.397441321,-68134.82690182154,35.337797874957616,0.11077864561229944,0.06976728909648955,0.14652815647423267
2026-04-23 07:39:37.100,3509416.8348725056,779143.1759435792,5250984.444516117,-68137.33664696255,34.1417092364298,-10.580809232778847,8.425547275692225,40.4707479570061
2026-04-23 07:39:37.200,3509417.88252656,779142.3728399229,5250980.565225749,-68144.3867193881,34.73990964737474,10.476540545932949,-8.031036562751979,-38.79290367476642
2026-04-23 07:39:37.300,3509416.883963732,779143.1722232702,5250984.400248184,-68147.00831769104,34.17110358804152,-9.985628281719983,7.993833472719416,38.35022434592247
2026-04-23 07:39:37.400,3509416.907168523,779143.1677581783,5250984.374084268,-68151.84125342635,34.17182144860259,0.23204790893942118,-0.04465091857127845,-0.2616391610354185
2026-04-23 07:39:37.500,3509416.9247603435,779143.1667400884,5250984.353912186,-68156.6708788872,34.19899538048852,0.17591820564121008,-0.010180899407714605,-0.20172081887722015
2026-04-23 07:39:37.600,3509416.943671263,779143.1701409115,5250984.343103539,-68161.49412328088,34.204094189655386,0.18910919316112995,0.03400823101401329,-0.1080864667892456
2026-04-23 07:39:37.700,3509416.951983193,779143.170582631,5250984.336766813,-68166.32259332374,34.244137267406494,0.08311930112540722,0.004417195450514555,-0.06336726248264313
2026-04-23 07:39:37.800,3509416.963705695,779143.1667328185,5250984.319468002,-68171.16091948653,34.28085830542846,0.11722501832991838,-0.03849812550470233,-0.17298811115324497
2026-04-23 07:39:37.900,3509416.9803834097,779143.1677900683,5250984.306175451,-68175.99714259824,34.27217425890179,0.16677714884281158,0.010572498431429267,-0.13292551040649414
2026-04-23 07:39:38.000,3509416.9997814926,779143.1717966322,5250984.30469736,-68180.81579155181,34.26235611626095,0.19398082979023457,0.040065639186650515,-0.014780908823013306
2026-04-23 07:39:38.100,3509417.001391154,779143.1740163988,5250984.30179182,-68185.64528292973,34.301272084382305,0.016096611507236958,0.022197666112333536,-0.0290554016828537
2026-04-23 07:39:38.200,3509417.0112557537,779143.1768881407,5250984.2947588535,-68190.47431560123,34.327282579315636,0.09864599909633398,0.02871741889975965,-0.07032966241240501
2026-04-23 07:39:38.300,3509417.028884713,779143.1748164978,5250984.286435295,-68195.31034565646,34.335371785919904,0.17628959380090237,-0.02071642898954451,-0.08323558606207371
2026-04-23 07:39:38.400,3509417.0388483107,779143.1753241363,5250984.279263655,-68200.14915034805,34.353447518579706,0.09963597636669874,0.005076384404674172,-0.07171640172600746
2026-04-23 07:39:38.500,3509417.0468805116,779143.1782786006,5250984.271815578,-68204.98471875496,34.37196469596536,0.0803220085799694,0.029544642893597484,-0.07448076270520687
2026-04-23 07:39:38.600,3509417.0486436263,779143.1787792883,5250984.263784944,-68209.81060168087,34.38342748547985,0.01763114705681801,0.005006877472624183,-0.08030634373426437
2026-04-23 07:39:38.700,3509417.055242592,779143.1780795155,5250984.257111538,-68214.64310708793,34.39739785459144,0.06598965730518103,-0.0069977284874767065,-0.0667340587824583
2026-04-23 07:39:38.800,3509417.061167909,779143.1818362242,5250984.251656724,-68219.48121264152,34.414852687175966,0.059253168292343616,0.03756708698347211,-0.05454814061522484
2026-04-23 07:39:38.900,3509417.0622072993,779143.1844325692,5250984.249603523,-68224.31500080673,34.43134320686665,0.010393904522061348,0.02596345031633973,-0.02053201198577881
2026-04-23 07:39:39.000,3509417.0631524846,779143.1837457558,5250984.241897187,-68229.15376147412,34.445439461545554,0.0094518531113863,-0.006868133787065744,-0.07706335745751858
2026-04-23 07:39:39.100,3509417.069711844,779143.184386133,5250984.229277599,-68233.99458465863,34.46277723298813,0.0655935937538743,0.006403771694749594,-0.12619588524103165
2026-04-23 07:39:39.200,3509417.0723357173,779143.1830456805,5250984.219254784,-68238.83583612173,34.46349986127773,0.02623873297125101,-0.013404524652287364,-0.10022814385592937
2026-04-23 07:39:39.300,3509417.0765384366,779143.1841560507,5250984.2187450295,-68243.66603668351,34.47086214615134,0.04202719312161207,0.01110370154492557,-0.005097547546029091
2026-04-23 07:39:39.400,3509417.0810608803,779143.1839737189,5250984.209214432,-68248.51524819963,34.507434179092954,0.04522443749010563,-0.001823317725211382,-0.09530597366392612
2026-04-23 07:39:39.500,3509417.086492297,779143.1845363278,5250984.204545483,-68253.35643646882,34.525661530309065,0.05431416444480419,0.005626089405268431,-0.04668949171900749
2026-04-23 07:39:39.600,3509417.091800727,779143.1860014541,5250984.197809604,-68258.1859826037,34.54153949478684,0.05308430176228285,0.01465126289986074,-0.06735878996551037
2026-04-23 07:39:39.700,3509417.096970028,779143.1838628827,5250984.18514093,-68263.01340588975,34.5501519103692,0.05169300828129053,-0.02138571464456618,-0.12668673880398273
2026-04-23 07:39:39.800,3509417.102892984,779143.186287486,5250984.185757452,-68267.82981777634,34.562173885866216,0.05922956392168999,0.024246033281087875,0.0061652157455682755
2026-04-23 07:39:39.900,3509417.1087172623,779143.1882777077,5250984.184111659,-68272.6647790344,34.576662911738865,0.05824278108775616,0.019902216736227274,-0.016457922756671906
2026-04-23 07:39:40.000,3509417.1115071913,779143.1886434866,5250984.179047395,-68277.50081301328,34.61307973917534,0.027899290435016155,0.0036577892024070024,-0.050642648711800575
2026-04-23 07:39:40.100,3509417.117662097,779143.189485074,5250984.183723087,-68282.32883545668,34.64153224199046,0.06154905539005995,0.008415874326601624,0.0467569287866354
2026-04-23 07:39:40.200,3509417.1214579535,779143.1874753741,5250984.170904313,-68287.17066370045,34.65430474979744,0.03795856609940529,-0.020096999360248446,-0.12818774208426476
2026-04-23 07:39:40.300,3509417.1267608893,779143.1838465176,5250984.169786823,-68292.00452987621,34.67706262400316,0.05302935838699341,-0.03628856502473354,-0.011174902319908142
2026-04-23 07:39:40.400,3509417.1333671375,779143.1859112384,5250984.161283833,-68296.84310243692,34.694627517799795,0.06606248207390308,0.020647208439186215,-0.08502990007400513
2026-04-23 07:39:40.500,3509417.1367077148,779143.1867133379,5250984.162214912,-68301.67776713155,34.705495818020076,0.03340577241033316,0.00802099471911788,0.009310785681009293
2026-04-23 07:39:40.600,3509417.1434037043,779143.1897366652,5250984.167182697,-68306.50531454763,34.730703660332246,0.06695989519357681,0.030233273282647133,0.049677854403853416
2026-04-23 07:39:40.700,3509417.1451386064,779143.1903295387,5250984.160597522,-68311.34066487283,34.74894457837505,0.01734902150928974,0.005928734317421913,-0.06585175171494484
2026-04-23 07:39:40.800,3509417.1470050467,779143.1890564604,5250984.144136089,-68316.18489922203,34.75153396101143,0.01866440288722515,-0.012730782618746161,-0.1646143291145563
2026-04-23 07:39:40.900,3509417.147598138,779143.1885749672,5250984.133153877,-68321.02399976793,34.768426623683446,0.005930913612246513,-0.004814931889995933,-0.109822116792202
2026-04-23 07:39:41.000,3509417.1494097486,779143.188183855,5250984.132075825,-68325.8531653982,34.79541971410017,0.01811610534787178,-0.003911121748387814,-0.010780524462461472
2026-04-23 07:39:41.100,3509417.1522045163,779143.1892113813,5250984.134353469,-68330.68503785889,34.798798788744115,0.027947677299380302,0.010275262175127864,0.022776443511247635
2026-04-23 07:39:41.200,3509417.157883687,779143.1911069487,5250984.132286885,-68335.52206190363,34.80033290828266,0.05679170601069927,0.018955674022436142,-0.020665843039751053
2026-04-23 07:39:41.300,3509417.160544717,779143.1907920383,5250984.130274721,-68340.36769349789,34.818306104454045,0.02661030273884535,-0.0031491031404584646,-0.020121634006500244
2026-04-23 07:39:41.400,3509417.159334309,779143.1884582198,5250984.125608055,-68345.2150833805,34.808952942035,-0.012104082852602005,-0.023338185856118798,-0.04666666500270367
2026-04-23 07:39:41.500,3509417.1553577418,779143.1835007323,5250984.108778409,-68350.07262148634,34.80599249791779,-0.03976567182689905,-0.04957487457431853,-0.16829646192491055
2026-04-23 07:39:41.600,3509417.1561045265,779143.183982002,5250984.1096326765,-68354.91701560069,34.821785947321096,0.007467847317457199,0.004812696715816855,0.008542677387595177
2026-04-23 07:39:41.700,3509417.1576836472,779143.1835982195,5250984.104155258,-68359.77241051853,34.82244627315314,0.015791207551956177,-0.003837824333459139,-0.05477418191730976
2026-04-23 07:39:41.800,3509417.1562451194,779143.184116518,5250984.104534514,-68364.6276986964,34.818794698610425,-0.014385278336703777,0.005182984750717878,0.00379255972802639
2026-04-23 07:39:41.900,3509418.233838916,779142.3460793692,5250980.051826037,-68371.80295752836,35.94916353916616,10.775937964208424,-8.38037148816511,-40.52708477713168
2026-04-23 07:39:42.000,3509418.223981718,779142.3565943199,5250980.092157618,-68376.63051178571,35.84136515563525,-0.09857197757810354,0.10514950728975236,0.40331581607460976
2026-04-23 07:39:42.100,3509418.2165056053,779142.3643719571,5250980.120263394,-68381.47031913468,35.764947399195044,-0.07476112805306911,0.0777763721998781,0.281057758256793
2026-04-23 07:39:42.200,3509418.207203531,779142.3666454593,5250980.120183695,-68386.32228216302,35.71638047673042,-0.0930207408964634,0.022735021775588393,-0.0007969886064529419
2026-04-23 07:39:42.300,3509418.2093208055,779142.3671467903,5250980.119430369,-68391.17104776074,35.74478070947824,0.021172743290662766,0.005013309419155121,-0.00753326341509819
2026-04-23 07:39:42.400,3509418.2092004823,779142.367880497,5250980.114185928,-68396.02687934872,35.75943459245986,-0.0012032315135002136,0.007337067509070039,-0.05244440399110317
2026-04-23 07:39:42.500,3509418.204764342,779142.3702360766,5250980.112152832,-68400.8797410199,35.753750610327565,-0.04436140414327383,0.023555796360597014,-0.020330967381596565
2026-04-23 07:39:42.600,3509418.207298434,779142.3738702222,5250980.11842445,-68405.72222197024,35.74029879532528,0.025340919382870197,0.036341455997899175,0.06271618418395519
2026-04-23 07:39:42.700,3509418.2009153357,779142.3772356439,5250980.126713662,-68410.56893000717,35.72941232758638,-0.0638309819623828,0.033654216676950455,0.08289212360978127
2026-04-23 07:39:42.800,3509418.1894940073,779142.382615187,5250980.138031747,-68415.42656737007,35.69986687680857,-0.11421328410506248,0.05379543057642877,0.113180847838521
2026-04-23 07:39:42.900,3509418.182864312,779142.3891462499,5250980.157716567,-68420.26884614791,35.64443818478245,-0.06629695184528828,0.06531062885187566,0.19684819504618645
2026-04-23 07:39:43.000,3509418.179918507,779142.3945430398,5250980.178012899,-68425.10923474414,35.58037850744322,-0.029458049684762955,0.053967899875715375,0.2029633242636919
2026-04-23 07:39:43.100,3509418.1752378438,779142.3989865077,5250980.193521783,-68429.95225125446,35.529573668331295,-0.04680663347244263,0.04443467827513814,0.15508883632719517
2026-04-23 07:39:43.200,3509418.1699519404,779142.4034531703,5250980.200393883,-68434.80687114912,35.497059897404164,-0.052859033457934856,0.04466662649065256,0.06872099824249744
2026-04-23 07:39:43.300,3509418.165900869,779142.4047239731,5250980.20495627,-68439.65929539007,35.46182701843666,-0.040510715916752815,0.012708028079941869,0.04562387242913246
2026-04-23 07:39:43.400,3509418.1567278528,779142.4074128276,5250980.208335895,-68444.51038140221,35.432744516861625,-0.09173016063869,0.02688854467123747,0.03379625268280506
2026-04-23 07:39:43.500,3509418.154690623,779142.4149379154,5250980.219526123,-68449.35405009038,35.41951555674048,-0.020372299477458,0.07525087799876928,0.11190228164196014
2026-04-23 07:39:43.600,3509418.1535961702,779142.4179216088,5250980.227509718,-68454.19296494484,35.37898937684793,-0.010944525711238384,0.02983693382702768,0.07983595132827759
2026-04-23 07:39:43.700,3509418.151102885,779142.4185624135,5250980.23183702,-68459.03876231617,35.375792270387144,-0.02493285108357668,0.006408047629520297,0.043273018673062325
2026-04-23 07:39:43.800,3509418.147183645,779142.4188258385,5250980.237821526,-68463.87766689436,35.35003059913501,-0.03919240087270737,0.002634249394759536,0.059845056384801865
2026-04-23 07:39:43.900,3509418.142204881,779142.4185065476,5250980.232699466,-68468.73138679817,35.34281053394616,-0.04978763870894909,-0.003192909061908722,-0.0512205995619297
2026-04-23 07:39:44.000,3509418.142647194,779142.4220868448,5250980.240920736,-68473.57024235869,35.315315257796485,0.004423130303621292,0.035802972270175815,0.08221270516514778
2026-04-23 07:39:44.100,3509418.146358966,779142.4276187584,5250980.255246018,-68478.40507904088,35.28295190206127,0.03711771685630083,0.05531913600862026,0.14325281605124474
2026-04-23 07:39:44.200,3509418.143706706,779142.4295849663,5250980.26371179,-68483.24012566479,35.26872547789284,-0.02652260009199381,0.019662078702822328,0.08465771563351154
2026-04-23 07:39:44.300,3509418.141041723,779142.4314732524,5250980.270682638,-68488.0766536086,35.249675252747835,-0.02664982806891203,0.018882860895246267,0.06970847956836224
2026-04-23 07:39:44.400,3509418.1371621285,779142.4342743872,5250980.273154145,-68492.9185138356,35.245111738033344,-0.038795946165919304,0.028011348331347108,0.02471507526934147
2026-04-23 07:39:44.500,3509418.1352887885,779142.4405695616,5250980.28301868,-68497.76126166827,35.21801701147606,-0.01873339992016554,0.06295174360275269,0.09864535182714462
2026-04-23 07:39:44.600,3509418.1344832834,779142.4457712629,5250980.292016131,-68502.60749075448,35.202065449777635,-0.008055050857365131,0.05201701307669282,0.08997450582683086
2026-04-23 07:39:44.700,3509418.131725052,779142.4483715283,5250980.3079871815,-68507.44529383782,35.19150454647427,-0.027582314796745777,0.02600265434011817,0.159710505977273
2026-04-23 07:39:44.800,3509418.1292447136,779142.4506394085,5250980.313934733,-68512.28107833739,35.1638080233766,-0.02480338327586651,0.02267880248837173,0.05947551690042019
2026-04-23 07:39:44.900,3509418.1256269882,779142.4540560078,5250980.32371429,-68517.10977546156,35.152236161876324,-0.0361772533506155,0.03416599240154028,0.09779556654393673
2026-04-23 07:39:45.000,3509418.123700547,779142.4567755545,5250980.33070324,-68521.94300486294,35.14007092814594,-0.019264412112534046,0.027195466682314873,0.06988950073719025
2026-04-23 07:39:45.100,3509418.1186906006,779142.4598870368,5250980.336883346,-68526.77709783432,35.11186465840425,-0.050099464133381844,0.031114823650568724,0.06180105730891228
2026-04-23 07:39:45.200,3509418.1188707585,779142.4638327002,5250980.345863488,-68531.6030251386,35.08858664064104,0.00180157832801342,0.039456633385270834,0.08980141952633858
2026-04-23 07:39:45.300,3509418.117623304,779142.4655281304,5250980.352245273,-68536.44172243729,35.07456635557546,-0.01247454434633255,0.016954302554950118,0.06381785497069359
2026-04-23 07:39:45.400,3509418.112280498,779142.4672470053,5250980.359694525,-68541.27761114053,35.07626996435605,-0.05342806223779917,0.017188749043270946,0.07449251599609852
2026-04-23 07:39:45.500,3509418.11323098,779142.4697561811,5250980.36922158,-68546.10104140663,35.055828515936284,0.009504822082817554,0.025091757997870445,0.0952705554664135
2026-04-23 07:39:45.600,3509418.110149019,779142.4723977651,5250980.372671903,-68550.92032610907,35.04049460572794,-0.030819610692560673,0.0264158402569592,0.03450322896242142
2026-04-23 07:39:45.700,3509418.1089755595,779142.4717587577,5250980.373544913,-68555.74640287097,35.03167295793576,-0.011734594590961933,-0.006390074267983437,0.008730096742510796
2026-04-23 07:39:45.800,3509418.107899459,779142.4728471265,5250980.379616891,-68560.57639998285,35.02800717396786,-0.010761003941297531,0.010883688228204846,0.06071978248655796
2026-04-23 07:39:45.900,3509418.1052628323,779142.4737912524,5250980.38350809,-68565.40428087644,35.020755763379945,-0.026366268284618855,0.00944125815294683,0.03891198895871639
2026-04-23 07:39:46.000,3509418.104460048,779142.4744749287,5250980.387848279,-68570.2330370165,35.00973087395703,-0.00802784226834774,0.00683676335029304,0.043401895090937614
2026-04-23 07:39:46.100,3509418.1016776813,779142.4749227542,5250980.390230388,-68575.06905083562,35.00725434749804,-0.02782366704195738,0.004478255286812782,0.023821089416742325
2026-04-23 07:39:46.200,3509418.0994748096,779142.4767007371,5250980.395804648,-68579.91007683965,35.00529362678257,-0.02202871721237898,0.017779829213395715,0.055742599070072174
2026-04-23 07:39:46.300,3509418.096147166,779142.476633564,5250980.393811267,-68584.74865057092,34.99885467565305,-0.03327643498778343,-0.0006717315409332514,-0.01993381418287754
2026-04-23 07:39:46.400,3509418.091661245,779142.4759977519,5250980.398102948,-68589.5854533132,34.99386358001793,-0.04485921002924442,-0.0063581205904483795,0.04291681572794914
2026-04-23 07:39:46.500,3509418.0886656293,779142.477539422,5250980.399439967,-68594.41804101008,34.98555488766566,-0.029956158250570297,0.015416700625792146,0.01337018795311451
2026-04-23 07:39:46.600,3509418.087107288,779142.4779736128,5250980.403513782,-68599.24801140587,34.988417304229316,-0.015583410859107971,0.004341908497735858,0.040738144889473915
2026-04-23 07:39:46.700,3509418.082654242,779142.4788048016,5250980.399207211,-68604.08803383734,34.975068855801574,-0.044530462473630905,0.008311887504532933,-0.04306570626795292
2026-04-23 07:39:46.800,3509418.078244225,779142.4798115235,5250980.398989538,-68608.92901904661,34.974577754990804,-0.04410016816109419,0.010067218681797385,-0.002176733687520027
2026-04-23 07:39:46.900,3509418.0757763605,779142.4799470179,5250980.400496622,-68613.77934219054,34.98367937552516,-0.024678646586835384,0.001354943960905075,0.01507083885371685
2026-04-23 07:39:47.000,3509418.0736769475,779142.4795938821,5250980.400379199,-68618.63662035782,34.98374129032273,-0.020994129590690136,-0.003531357506290078,-0.0011742301285266876
2026-04-23 07:39:47.100,3509418.0710152905,779142.4795536341,5250980.400966172,-68623.48246085277,34.999198305479155,-0.02661657053977251,-0.0004024803638458252,0.005869735032320023
2026-04-23 07:39:47.200,3509418.0675936793,779142.4812949777,5250980.407203674,-68628.32668524569,35.0161408224738,-0.03421611152589321,0.01741343643516302,0.06237502209842205
2026-04-23 07:39:47.300,3509418.065219402,779142.4806539576,5250980.408567585,-68633.17338410631,35.03171879392415,-0.02374277450144291,-0.006410201312974095,0.013639107346534729
2026-04-23 07:39:47.400,3509418.0622526077,779142.4807876707,5250980.4133724095,-68638.02248399635,35.04512332923187,-0.029667941853404045,0.0013371312525123358,0.048048244789242744
2026-04-23 07:39:47.500,3509418.0612278734,779142.4787920665,5250980.412920761,-68642.86613285248,35.07398926405141,-0.01024734228849411,-0.019956042524427176,-0.004516486078500748
2026-04-23 07:39:47.600,3509418.060734426,779142.4810282929,5250980.418318561,-68647.70027556315,35.102212664594155,-0.004934472963213921,0.02236226457171142,0.053978003561496735
2026-04-23 07:39:47.700,3509418.058946122,779142.4805668131,5250980.424068975,-68652.53327798343,35.11861765697258,-0.017883041873574257,-0.004614797653630376,0.057504139840602875
2026-04-23 07:39:47.800,3509418.0562879127,779142.4791212138,5250980.426884346,-68657.37950906226,35.13067052865474,-0.026582092978060246,-0.01445599365979433,0.02815370447933674
2026-04-23 07:39:47.900,3509418.056884081,779142.4798809822,5250980.429814696,-68662.21821117931,35.139085060948545,0.005961684510111809,0.007597684161737561,0.029303506016731262
2026-04-23 07:39:48.000,3509418.0531941135,779142.4806759112,5250980.435186533,-68667.05290887124,35.162677130061546,-0.036899675615131855,0.007949289865791798,0.05371836945414543
2026-04-23 07:39:48.100,3509418.049959995,779142.4808326985,5250980.435781051,-68671.89055993035,35.17948967825957,-0.03234118688851595,0.0015678734052926302,0.0059451814740896225
2026-04-23 07:39:48.200,3509418.050449071,779142.4800557566,5250980.434413582,-68676.72853759762,35.19332272405277,0.004890761338174343,-0.007769418880343437,-0.013674693182110786
2026-04-23 07:39:48.300,3509418.050442334,779142.4813961514,5250980.439848405,-68681.56914040497,35.19800900710962,-6.737187504768372e-05,0.013403947232291102,0.054348232224583626
2026-04-23 07:39:48.400,3509418.0483074943,779142.4810956351,5250980.441789791,-68686.4118412461,35.21638950996866,-0.021348395384848118,-0.0030051625799387693,0.01941385678946972
2026-04-23 07:39:48.500,3509418.0454897527,779142.482186621,5250980.446201071,-68691.24678949275,35.239034313798946,-0.02817741595208645,0.01090985955670476,0.04411280155181885
2026-04-23 07:39:48.600,3509418.0436387197,779142.482696408,5250980.452675024,-68696.08096405349,35.25585214039765,-0.01851032953709364,0.0050978700164705515,0.06473952904343605
2026-04-23 07:39:48.700,3509418.0416133716,779142.484738112,5250980.455936678,-68700.91732870581,35.26809977264473,-0.020253481343388557,0.02041703904978931,0.03261653706431389
2026-04-23 07:39:48.800,3509418.040394328,779142.4860617799,5250980.459247419,-68705.76177876466,35.27111772982607,-0.012190435081720352,0.013236679369583726,0.03310740925371647
2026-04-23 07:39:48.900,3509418.0379103967,779142.4885510906,5250980.467518435,-68710.61327225828,35.28940373928579,-0.024839313700795174,0.024893106892704964,0.0827101618051529
2026-04-23 07:39:49.000,3509418.0351021294,779142.4863898632,5250980.468318149,-68715.45861415443,35.3064868140733,-0.028082672506570816,-0.02161227399483323,0.007997145876288414
2026-04-23 07:39:49.100,3509418.030544034,779142.4860287766,5250980.46433308,-68720.30096976458,35.314895961832995,-0.04558095242828131,-0.00361086567863822,-0.03985069692134857
2026-04-23 07:39:49.200,3509418.029014058,779142.4879098021,5250980.471094511,-68725.12958988309,35.338306145321084,-0.015299762599170208,0.018810254987329245,0.06761431694030762
2026-04-23 07:39:49.300,3509418.024160754,779142.4853431131,5250980.467511775,-68729.97486593813,35.35428554352107,-0.04853304009884596,-0.025666890433058143,-0.03582736477255821
2026-04-23 07:39:49.400,3509418.020783339,779142.4855424842,5250980.471189499,-68734.81206755992,35.36898329127098,-0.03377414774149656,0.0019937113393098116,0.03677723929286003
2026-04-23 07:39:49.500,3509418.018535751,779142.4864896954,5250980.476070165,-68739.63685347466,35.36745249121237,-0.022475882433354855,0.009472111705690622,0.04880665801465511
2026-04-23 07:39:49.600,3509418.013176959,779142.4873841662,5250980.482156068,-68744.46503700447,35.379500384211084,-0.05358791910111904,0.00894470838829875,0.06085903383791447
2026-04-23 07:39:49.700,3509418.010952491,779142.487655106,5250980.481164623,-68749.30472697328,35.40161671472241,-0.022244681604206562,0.0027093978133052588,-0.009914450347423553
2026-04-23 07:39:49.800,3509418.0061171586,779142.4874550543,5250980.480785733,-68754.15182774876,35.41407146797723,-0.04835332278162241,-0.002000516979023814,-0.0037888996303081512
2026-04-23 07:39:49.900,3509418.0053338795,779142.4897427384,5250980.488312271,-68758.98855562498,35.42825405507999,-0.007832790724933147,0.022876841248944402,0.07526538334786892
2026-04-23 07:39:50.000,3509418.0036517503,779142.4913036207,5250980.493806453,-68763.83084400679,35.436687029386505,-0.016821292228996754,0.015608823159709573,0.05494181998074055
2026-04-23 07:39:50.100,3509418.0007733568,779142.4916017603,5250980.492424711,-68768.67955602465,35.45203624574607,-0.028783935122191906,0.0029813952278345823,-0.013817427679896355
2026-04-23 07:39:50.200,3509417.9973149053,779142.4929853636,5250980.497773873,-68773.51222860282,35.46042744251017,-0.034584514796733856,0.013836033176630735,0.0534916203469038
2026-04-23 07:39:50.300,3509417.99773414,779142.4949435373,5250980.505778044,-68778.3432190398,35.487203796783284,0.0041923485696315765,0.019581736996769905,0.08004171773791313
2026-04-23 07:39:50.400,3509417.9948790288,779142.4959993067,5250980.506476327,-68783.18745416471,35.49764403661886,-0.028551113791763783,0.010557693894952536,0.006982823833823204
2026-04-23 07:39:50.500,3509417.994646732,779142.499274252,5250980.5155574335,-68788.02338627596,35.50103873080221,-0.0023229653015732765,0.03274945309385657,0.09081106632947922
2026-04-23 07:39:50.600,3509417.9908956215,779142.4996289306,5250980.518769962,-68792.86568452779,35.52473395578285,-0.03751110751181841,0.003546786028891802,0.032125283032655716
2026-04-23 07:39:50.700,3509417.990151854,779142.4998508992,5250980.519642361,-68797.70824952332,35.53046532364231,-0.007437672466039658,0.002219686284661293,0.008723996579647064
2026-04-23 07:39:50.800,3509417.9893461997,779142.5026383813,5250980.525541659,-68802.5550280993,35.540639093228755,-0.00805654563009739,0.027874821098521352,0.05899298004806042
2026-04-23 07:39:50.900,3509417.9870214304,779142.5028436475,5250980.528471449,-68807.40068160165,35.54512185253326,-0.023247692734003067,0.002052661729976535,0.029297899454832077
2026-04-23 07:39:51.000,3509417.985768864,779142.5026710099,5250980.526812836,-68812.2411388151,35.546195333463565,-0.012525664642453194,-0.0017263763584196568,-0.01658613793551922
2026-04-23 07:39:51.100,3509417.9822383844,779142.5011605275,5250980.526223653,-68817.07786319888,35.558761726346205,-0.035304795019328594,-0.015104823978617787,-0.005891826003789902
2026-04-23 07:39:51.200,3509417.9814677243,779142.5017764698,5250980.527313473,-68821.90854242806,35.560151840373706,-0.007706601172685623,0.006159422919154167,0.010898197069764137
2026-04-23 07:39:51.300,3509417.9790215073,779142.5009536166,5250980.528636089,-68826.73905289597,35.56982640179224,-0.024462169967591763,-0.008228531805798411,0.013226158916950226
2026-04-23 07:39:51.400,3509417.980919025,779142.5014720219,5250980.53116361,-68831.57786514325,35.576047444654094,0.01897517591714859,0.00518405344337225,0.025275209918618202
2026-04-23 07:39:51.500,3509417.9786641505,779142.5004157763,5250980.5308474675,-68836.42662589418,35.577088238912324,-0.022548744454979897,-0.010562456445768476,-0.0031614210456609726
2026-04-23 07:39:51.600,3509417.9767193827,779142.4999314973,5250980.531857764,-68841.26494733995,35.57984649517249,-0.01944767776876688,-0.004842790076509118,0.010102968662977219
2026-04-23 07:39:51.700,3509417.9751284732,779142.5008585211,5250980.530426237,-68846.10378685604,35.5646407313087,-0.015909094363451004,0.009270238224416971,-0.014315275475382805
2026-04-23 07:39:51.800,3509417.972823425,779142.5010270709,5250980.533003799,-68850.94784281113,35.56198190885923,-0.023050480522215366,0.0016854982823133469,0.025775618851184845
2026-04-23 07:39:51.900,3509417.992207458,779142.5209390059,5250980.519047542,-68855.77555338903,35.624221087256345,0.1938403258100152,0.19911934970878065,-0.1395625714212656
2026-04-23 07:39:52.000,3509418.019597159,779142.6192434252,5250980.464490939,-68860.6205575141,35.60341204633268,0.2738970099017024,0.9830441931262612,-0.545566026121378
2026-04-23 07:39:52.100,3509418.0511081605,779142.7999775384,5250980.48310354,-68865.40221604405,35.78174859802043,0.31511001754552126,1.8073411320801824,0.1861260086297989
2026-04-23 07:39:52.200,3509418.1123709925,779142.9066377925,5250980.539168241,-68870.18619746997,35.63782241219834,0.6126283202320337,1.0666025406681001,0.5606470163911581
2026-04-23 07:39:52.300,3509419.999099049,779144.7463088708,5250977.404054763,-68875.31055365768,50.99486131401216,18.86728056240827,18.39671078370884,-31.351134786382318
2026-04-23 07:39:52.400,3509420.01076833,779144.7884701964,5250977.388631911,-68880.15150386725,50.95848517858712,0.11669281404465437,0.42161325574852526,-0.15422851778566837
2026-04-23 07:39:52.500,3509420.018115042,779144.7929309282,5250977.38100028,-68885.00788183174,50.95790636861113,0.07346711587160826,0.04460731754079461,-0.07631630636751652
2026-04-23 07:39:52.600,3509420.007189454,779144.7750256404,5250977.375515131,-68889.86162548175,50.98031425984436,-0.10925587732344866,-0.17905287793837488,-0.05485149100422859
2026-04-23 07:39:52.700,3509419.996984974,779144.7513782997,5250977.371493196,-68894.71688867334,51.012296670203725,-0.10204480029642582,-0.23647340713068843,-0.04021935164928436
2026-04-23 07:39:52.800,3509420.000314274,779144.732448277,5250977.377503066,-68899.55922572454,51.02838858718495,0.03329299855977297,-0.1893002272117883,0.06009870208799839
2026-04-23 07:39:52.900,3509419.995365223,779144.7228741175,5250977.369626462,-68904.41587392866,51.03925321421487,-0.04949050955474377,-0.09574159397743642,-0.07876603864133358
2026-04-23 07:39:53.000,3509419.994455222,779144.7196902317,5250977.367849999,-68909.26413243619,51.02462815998316,-0.009100008755922318,-0.03183885826729238,-0.017764633521437645
2026-04-23 07:39:53.100,3509419.98661615,779144.7216647425,5250977.358544796,-68914.10633389454,51.0102117011315,-0.07839072030037642,0.019745107274502516,-0.09305203333497047
2026-04-23 07:39:53.200,3509419.982661845,779144.7241945922,5250977.365466911,-68918.94385451452,51.01555632611197,-0.03954304847866297,0.025298497639596462,0.06922115571796894
2026-04-23 07:39:53.300,3509419.9809571235,779144.7212449453,5250977.363945662,-68923.7893547082,50.99661414099169,-0.01704721711575985,-0.02949646906927228,-0.015212493017315865
2026-04-23 07:39:53.400,3509419.974363228,779144.7215254254,5250977.363532064,-68928.6337711723,50.97374312222802,-0.06593895610421896,0.00280480133369565,-0.004135984927415848
2026-04-23 07:39:53.500,3509419.9737858525,779144.722849966,5250977.361963126,-68933.47777080625,51.013502041745696,-0.005773752927780151,0.013245405862107873,-0.01568937674164772
2026-04-23 07:39:53.600,3509419.9741050825,779144.7240169893,5250977.364622517,-68938.32176218368,50.96841397145313,0.003192299045622349,0.011670233216136694,0.026593906804919243
2026-04-23 07:39:53.700,3509419.9696063986,779144.7269608447,5250977.366724721,-68943.16139875528,50.965894158376315,-0.04498683847486973,0.029438553610816598,0.021022045984864235
2026-04-23 07:39:53.800,3509419.972486772,779144.7270006911,5250977.3738719085,-68947.98654833293,50.94172903684874,0.02880373504012823,0.00039846403524279594,0.07147187367081642
2026-04-23 07:39:53.900,3509419.9675022606,779144.7250073671,5250977.369170548,-68952.8280463954,50.92878624685603,-0.04984511528164148,-0.019933240255340934,-0.047013601288199425
2026-04-23 07:39:54.000,3509419.9633739996,779144.7284449508,5250977.371815304,-68957.65783487732,50.92892528367063,-0.04128261003643274,0.03437583683989942,0.026447558775544167
2026-04-23 07:39:54.100,3509419.9625715525,779144.7284287431,5250977.371275588,-68962.49457470413,50.8984773096367,-0.008024470880627632,-0.00016207690350711346,-0.0053971633315086365
2026-04-23 07:39:54.200,3509419.9562892015,779144.7263816234,5250977.365372513,-68967.33730216167,50.86991213859849,-0.06282350979745388,-0.020471196621656418,-0.059030745178461075
2026-04-23 07:39:54.300,3509421.451805289,779145.1293849022,5250983.212718467,-68968.60448939032,39.60860340946078,14.955160873942077,4.03003278770484,58.47345953807235
2026-04-23 07:39:54.400,3509421.4668231388,779145.132723019,5250983.227878728,-68973.42454148128,39.67540835189295,0.1501784985885024,0.033381168032065034,0.1516026072204113
2026-04-23 07:39:54.500,3509421.502265894,779145.1447971578,5250983.260035957,-68978.22422168459,39.7027548602397,0.35442755091935396,0.12074138852767646,0.32157229259610176
2026-04-23 07:39:54.600,3509421.541475726,779145.1555281805,5250983.281816657,-68983.02712494053,39.656396143950374,0.3920983197167516,0.10731022688560188,0.21780699491500854
2026-04-23 07:39:54.700,3509421.5718225404,779145.1688409697,5250983.3163479,-68987.82806249069,39.67051598943731,0.30346814543008804,0.13312789145857096,0.3453124314546585
2026-04-23 07:39:54.800,3509421.60079525,779145.1779722661,5250983.333997342,-68992.63964489776,39.677699718538534,0.2897270955145359,0.09131296421401203,0.17649441957473755
2026-04-23 07:39:54.900,3509421.6369506046,779145.1896541591,5250983.355954907,-68997.44688100638,39.692898994089006,0.3615535469725728,0.11681893025524914,0.2195756509900093
2026-04-23 07:39:55.000,3509421.6699038637,779145.1996961213,5250983.377301363,-69002.25311168499,39.68438405293215,0.3295325906947255,0.10041962144896388,0.21346456371247768
2026-04-23 07:39:55.100,3509421.7095452542,779145.2127983999,5250983.389850267,-69007.06684426455,39.64661307469937,0.39641390554606915,0.1310227857902646,0.12548903934657574
2026-04-23 07:39:55.200,3509421.7396640237,779145.2242031929,5250983.402380194,-69011.8847248134,39.61621169757334,0.30118769500404596,0.11404793011024594,0.12529926374554634
2026-04-23 07:39:55.300,3509421.7652733647,779145.2334691474,5250983.428296331,-69016.69755629166,39.598479499100385,0.25609340984374285,0.09265954489819705,0.25916137732565403
2026-04-23 07:39:55.400,3509421.792826091,779145.2444826026,5250983.449802348,-69021.51209320007,39.596550040741405,0.27552726212888956,0.11013455223292112,0.21506017073988914
2026-04-23 07:39:55.500,3509421.818488547,779145.2537609992,5250983.467611681,-69026.3335692451,39.564594571653565,0.25662456173449755,0.09278396610170603,0.17809332348406315
2026-04-23 07:39:55.600,3509421.842488974,779145.2629808192,5250983.481296252,-69031.15707108953,39.53214027879539,0.2400042675435543,0.09219820029102266,0.13684571720659733
2026-04-23 07:39:55.700,3509421.8616817473,779145.2702875633,5250983.491733519,-69035.98363245896,39.48448436570366,0.19192773383110762,0.07306744111701846,0.10437266901135445
2026-04-23 07:39:55.800,3509421.882982784,779145.2780666966,5250983.506782911,-69040.81027632576,39.46610325914754,0.21301036700606346,0.07779133273288608,0.1504939142614603
2026-04-23 07:39:55.900,3509421.9011566364,779145.2881506566,5250983.521240916,-69045.63811323789,39.45763371512494,0.181738524697721,0.10083960019983351,0.144580053165555
2026-04-23 07:39:56.000,3509421.9183906387,779145.2972855943,5250983.534359344,-69050.46887400592,39.4487531615869,0.17234002240002155,0.09134937659837306,0.1311842817813158
2026-04-23 07:39:56.100,3509421.933420982,779145.3038377784,5250983.552964156,-69055.30174547176,39.4491548708919,0.15030343551188707,0.06552184117026627,0.18604811280965805
2026-04-23 07:39:56.200,3509421.9454317167,779145.3090317164,5250983.566243159,-69060.127528426,39.44773223624454,0.12010734528303146,0.05193938035517931,0.13279003091156483
2026-04-23 07:39:56.300,3509421.95935933,779145.3167477344,5250983.577237458,-69064.94680013129,39.444325441593264,0.13927613385021687,0.07716018008068204,0.10994299314916134
2026-04-23 07:39:56.400,3509421.9740005475,779145.3388038978,5250983.58741234,-69069.76910731928,39.43006617629239,0.14641217421740294,0.2205616340506822,0.10174881666898727
2026-04-23 07:39:56.500,3509421.9851185484,779145.3833358234,5250983.590276857,-69074.60100653842,39.415447495646454,0.11118000838905573,0.44531925581395626,0.028645172715187073
2026-04-23 07:39:56.600,3509421.999405399,779145.434753774,5250983.576460759,-69079.44910061451,39.33939269059994,0.14286850579082966,0.5141795054078102,-0.13816097751259804
2026-04-23 07:39:56.700,3509422.0089492486,779145.484722609,5250983.585357308,-69084.28910761038,39.34113392968928,0.09543849620968103,0.4996883508283645,0.08896549232304096
2026-04-23 07:39:56.800,3509422.003127695,779145.5161132227,5250983.581526584,-69089.13597746906,39.43189202276097,-0.05821553524583578,0.31390613643452525,-0.03830724395811558
2026-04-23 07:39:56.900,3509421.9825482024,779145.5141134019,5250983.565625923,-69093.99549678428,39.40345497161215,-0.20579492673277855,-0.01999820815399289,-0.1590066123753786
2026-04-23 07:39:57.000,3509419.6513811005,779144.8305487646,5250983.086670087,-69100.42398237564,42.409980008620586,-23.311671018600464,-6.835646373219788,-4.789558360353112
2026-04-23 07:39:57.100,3509419.610079671,779144.8313412649,5250983.071543552,-69105.28938928468,42.47643612774721,-0.41301429737359285,0.007925003301352262,-0.1512653473764658
2026-04-23 07:39:57.200,3509419.5870691794,779144.8555282663,5250983.060634435,-69110.15460259776,42.52626526376043,-0.23010491393506527,0.24187001399695873,-0.10909116826951504
2026-04-23 07:39:57.300,3509419.5643881047,779144.9005743054,5250983.025584647,-69115.03635757868,42.54528018559124,-0.22681074682623148,0.4504603915847838,-0.3504978772252798
2026-04-23 07:39:57.400,3509419.5448763133,779144.9361751423,5250983.000901588,-69119.89855197843,42.594543634184745,-0.19511791411787271,0.35600836854428053,-0.24683059193193913
2026-04-23 07:39:57.500,3509419.5653967164,779144.9629709637,5250983.006672725,-69124.71237669434,42.51195209141797,0.20520403049886227,0.267958213808015,0.057711368426680565
2026-04-23 07:39:57.600,3509419.533409515,779144.9701901245,5250982.991595936,-69129.5793557109,42.508500627688115,-0.31987201422452927,0.07219160790555179,-0.15076789073646069
2026-04-23 07:39:57.700,3509419.539707222,779144.9786512682,5250982.97556561,-69134.41932069471,42.45238180883526,0.06297707092016935,0.08461143705062568,-0.16030325554311275
2026-04-23 07:39:57.800,3509419.5555599406,779144.9870055126,5250982.971506313,-69139.24997931652,42.39337668325425,0.15852718614041805,0.0835424440447241,-0.040592970326542854
2026-04-23 07:39:57.900,3509422.6620276794,779145.9165645511,5250983.594019129,-69141.97443390166,46.73855297393991,31.064677387475967,9.295590384863317,6.2251281552016735
2026-04-23 07:39:58.000,3509422.6545319185,779145.9466963756,5250983.573913298,-69146.81743237574,46.68723463439536,-0.07495760917663574,0.3013182454742491,-0.2010583132505417
2026-04-23 07:39:58.100,3509420.684640681,779145.4016545692,5250983.152501592,-69153.01204579479,40.2666196321382,-19.698912375606596,-5.450418064137921,-4.214117052033544
2026-04-23 07:39:58.200,3509420.6568008605,779145.4299348415,5250983.114417888,-69157.8735209649,40.23476531857596,-0.27839820366352797,0.2828027226496488,-0.3808370418846607
2026-04-23 07:39:58.300,3509420.53117767,779145.4299269374,5250983.070263826,-69162.79729840196,40.376634377243995,-1.2562319030985236,-7.904018275439739e-05,-0.44154061935842037
2026-04-23 07:39:58.400,3509420.423063525,779145.4270876156,5250983.045118315,-69167.70865186313,40.48721176706565,-1.081141452305019,-0.028393218526616693,-0.25145511142909527
2026-04-23 07:39:58.500,3509420.354073533,779145.4255948751,5250983.00943999,-69172.59940536374,40.52082132240521,-0.6898999214172363,-0.014927404699847102,-0.356783252209425
2026-04-23 07:39:58.600,3509420.2973653614,779145.415026687,5250982.980876708,-69177.48110954218,40.55792786131399,-0.5670817149803042,-0.10568188154138625,-0.28563281521201134
2026-04-23 07:39:58.700,3509420.251835641,779145.4143208568,5250982.966508973,-69182.35629224882,40.622885999482314,-0.4552972037345171,-0.007058301707729697,-0.14367735013365746
2026-04-23 07:39:58.800,3509420.2431024467,779145.4419759491,5250982.93714369,-69187.2121109817,40.60342907802731,-0.08733194321393967,0.2765509230084717,-0.2936528343707323
2026-04-23 07:39:58.900,3509420.241047687,779145.4865031885,5250982.913846334,-69192.05772276055,40.56387324429791,-0.020547597669065,0.44527239399030805,-0.23297355510294437
2026-04-23 07:39:59.000,3509420.2154109436,779145.5096046309,5250982.900597795,-69196.9144907626,40.55068074772199,-0.25636743288487196,0.23101442377083004,-0.1324853952974081
2026-04-23 07:39:59.100,3509420.186272674,779145.5245183329,5250982.884327422,-69201.7742308501,40.56951697252894,-0.2913826983422041,0.14913702034391463,-0.1627037301659584
2026-04-23 07:39:59.200,3509420.150849907,779145.5318495916,5250982.864972473,-69206.63525085019,40.59767498522027,-0.3542276658117771,0.0733125873375684,-0.1935494877398014
2026-04-23 07:39:59.300,3509420.1586367846,779145.5556969965,5250982.843428407,-69211.47662258171,40.52908522674501,0.07786877453327179,0.2384740486741066,-0.2154406625777483
2026-04-23 07:39:59.400,3509420.156560335,779145.5866447029,5250982.8340359805,-69216.31215900157,40.5210732071949,-0.02076449804008007,0.3094770642928779,-0.0939242634922266
2026-04-23 07:39:59.500,3509420.1366210473,779145.6118003593,5250982.810131113,-69221.16529888366,40.4852158695796,-0.19939287565648556,0.2515565638896078,-0.23904867470264435
2026-04-23 07:39:59.600,3509420.135582544,779145.6449302718,5250982.788208935,-69226.00906405183,40.45464950895959,-0.010385033674538136,0.33129912451840937,-0.21922177635133266
2026-04-23 07:39:59.700,3509420.1316831047,779145.6687272792,5250982.773615447,-69230.8457414435,40.453890285007766,-0.03899439238011837,0.2379700739402324,-0.14593488536775112
2026-04-23 07:39:59.800,3509420.140017793,779145.691875502,5250982.756945281,-69235.67890280468,40.41959983436906,0.08334688376635313,0.2314822282642126,-0.16670165583491325
2026-04-23 07:39:59.900,3509420.1359816296,779145.7112285906,5250982.729364957,-69240.5386082394,40.419311371954315,-0.04036163445562124,0.19353088573552668,-0.27580324560403824
2026-04-23 07:40:00.000,3509420.1447908385,779145.7450936558,5250982.699608567,-69245.38533982767,40.388046193389165,0.08809208869934082,0.33865065197460353,-0.29756389558315277
2026-04-23 07:40:00.100,3509420.153510549,779145.7909165919,5250982.692685085,-69250.22307102705,40.293264573432786,0.08719710633158684,0.458229361101985,-0.06923481822013855
2026-04-23 07:40:00.200,3509420.1423555273,779145.8263433975,5250982.671782808,-69255.07892736672,40.25203815489335,-0.11155021842569113,0.35426805610768497,-0.2090227697044611
2026-04-23 07:40:00.300,3509418.192997378,779144.1378226598,5250980.875437957,-69261.93494849013,35.93171346824259,-19.49358149431646,-16.88520737690851,-17.96344851143658
2026-04-23 07:40:00.400,3509418.189227105,779144.166497333,5250980.865747474,-69266.79380732833,35.92691974000451,-0.037702727131545544,0.2867467317264527,-0.096904831007123
2026-04-23 07:40:00.500,3509418.1706277058,779144.1889150377,5250980.820594079,-69271.66908827388,35.90170722989002,-0.18599399365484715,0.22417704691179097,-0.45153395272791386
2026-04-23 07:40:00.600,3509418.164692366,779144.2216680703,5250980.775338877,-69276.54279027831,35.857103303685236,-0.059353397227823734,0.3275303263217211,-0.452552018687129
2026-04-23 07:40:00.700,3509418.15284748,779144.2395386283,5250980.734958586,-69281.4133417885,35.86202537143398,-0.11844886001199484,0.17870557960122824,-0.4038029070943594
2026-04-23 07:40:00.800,3509418.158056413,779144.2703769425,5250980.727276009,-69286.2638586899,35.83136701455141,0.052089327946305275,0.3083831421099603,-0.07682577706873417
2026-04-23 07:40:00.900,3509418.171932352,779144.2912341261,5250980.70437992,-69291.10833576563,35.802971590724646,0.13875938951969147,0.20857183611951768,-0.22896088659763336
2026-04-23 07:40:01.000,3509418.1713967947,779144.3168541432,5250980.67255599,-69295.97094822547,35.74960538875581,-0.005355570465326309,0.2562001708429307,-0.3182393033057451
2026-04-23 07:40:01.100,3509418.16108825,779144.343597404,5250980.632686989,-69300.83668727419,35.751893312546834,-0.10308544617146254,0.2674326079431921,-0.3986900020390749
2026-04-23 07:40:01.200,3509418.162019131,779144.3770703943,5250980.607228186,-69305.69505493413,35.74492208078685,0.009308806620538235,0.33472990384325385,-0.254588034003973
2026-04-23 07:40:01.300,3509418.1727103414,779144.4007509766,5250980.571623721,-69310.55136437816,35.674377389850065,0.10691210627555847,0.2368058229330927,-0.3560446482151747
2026-04-23 07:40:01.400,3509418.1831558426,779144.4277453311,5250980.540144898,-69315.39574062503,35.664881759981725,0.10445501189678907,0.2699435444083065,-0.314788231626153
2026-04-23 07:40:01.500,3509418.203075759,779144.4486240307,5250980.504925146,-69320.23830987922,35.652446207403194,0.1991991652175784,0.20878699608147144,-0.35219752229750156
2026-04-23 07:40:01.600,3509418.2198028928,779144.4693384054,5250980.48296196,-69325.08017669634,35.643074737776,0.1672713365405798,0.20714374724775553,-0.21963185630738735
2026-04-23 07:40:01.700,3509418.2374908444,779144.4956525499,5250980.454266524,-69329.91961581432,35.609918442285,0.17687951680272818,0.2631414448842406,-0.2869543619453907
2026-04-23 07:40:01.800,3509418.249408848,779144.5266245495,5250980.434466147,-69334.7455978632,35.57086667477355,0.11918003670871258,0.3097199962940067,-0.1980037707835436
2026-04-23 07:40:01.900,3509418.354687574,779144.4548154518,5250980.308397797,-69339.55468792318,41.43801882991619,1.0527872573584318,-0.7180909777525812,-1.260683499276638
2026-04-23 07:40:02.000,3509418.3739727833,779144.4830940661,5250980.287461011,-69344.39067578438,41.40501424870618,0.19285209476947784,0.2827861439436674,-0.20936786197125912
2026-04-23 07:40:02.100,3509418.39903673,779144.509036817,5250980.2575074965,-69349.22814278738,41.33073687500136,0.2506394684314728,0.2594275085721165,-0.29953514225780964
2026-04-23 07:40:02.200,3509419.1841605008,779144.2489701294,5250979.80188669,-69353.81129966368,48.90411301900208,7.851237705908716,-2.600666875950992,-4.556208066642284
2026-04-23 07:40:02.300,3509418.8647661568,779144.4099500605,5250979.974995742,-69358.778068018,40.78840133418725,-3.1939434399828315,1.6097993112634867,1.7310905177146196
2026-04-23 07:40:02.400,3509418.839428768,779144.454253169,5250979.977876486,-69363.64013936387,40.81323758718372,-0.2533738873898983,0.4430310847237706,0.028807446360588074
2026-04-23 07:40:02.500,3509418.8152063624,779144.496415867,5250979.968623765,-69368.49551176192,40.840842328562736,-0.2422240562736988,0.42162697995081544,-0.09252721443772316
2026-04-23 07:40:02.600,3509418.7925164355,779144.5429229612,5250979.962237944,-69373.34404586573,40.75923212392774,-0.22689926903694868,0.4650709417182952,-0.06385820917785168
2026-04-23 07:40:02.700,3509418.793458926,779144.5901271221,5250979.961442934,-69378.18059460235,40.737304361222485,0.0094249052926898,0.47204160946421325,-0.00795009545981884
2026-04-23 07:40:02.800,3509418.8160997094,779144.6311364329,5250979.933722711,-69383.01560563946,40.711838482314896,0.22640783339738846,0.4100931074935943,-0.2772022318094969
2026-04-23 07:40:02.900,3509418.8330880883,779144.6610031535,5250979.925577832,-69387.85949040388,40.678306150334414,0.16988378949463367,0.2986672066617757,-0.08144878782331944
2026-04-23 07:40:03.000,3509418.838848297,779144.6920750105,5250979.904985151,-69392.71095591036,40.65359448983407,0.057602087035775185,0.31071856967173517,-0.20592681132256985
2026-04-23 07:40:03.100,3509418.844217809,779144.7244257691,5250979.888719198,-69397.54209554955,40.62590844615214,0.053695118986070156,0.3235075855627656,-0.16265952959656715
2026-04-23 07:40:03.200,3509418.8507466293,779144.790409993,5250979.887902857,-69402.36823182533,40.61088553733251,0.06528820376843214,0.6598422396928072,-0.008163414895534515
2026-04-23 07:40:03.300,3509418.840422654,779144.8687505532,5250979.866072174,-69407.21520455454,40.61392945077053,-0.1032397523522377,0.783405601978302,-0.21830682642757893
2026-04-23 07:40:03.400,3509418.8549337145,779144.9704140081,5250979.854172382,-69412.05473325553,40.65718345001257,0.14511060435324907,1.0166345490142703,-0.11899792589247227
2026-04-23 07:40:03.500,3509418.8576235515,779145.048077897,5250979.841987658,-69416.9012570601,40.57016090855228,0.026898370124399662,0.7766388892196119,-0.12184723280370235
2026-04-23 07:40:03.600,3509418.847411268,779145.0926028547,5250979.823749686,-69421.76074863457,40.5791980392377,-0.10212283581495285,0.44524957658722997,-0.18237972632050514
2026-04-23 07:40:03.700,3509418.8457047967,779145.1336432412,5250979.82257084,-69426.60600142386,40.56933949186303,-0.017064712010324,0.4104038653895259,-0.01178845763206482
2026-04-23 07:40:03.800,3509418.8404354113,779145.1753797132,5250979.837728348,-69431.44227523528,40.57953851320448,-0.052693854086101055,0.4173647193238139,0.15157507732510567
2026-04-23 07:40:03.900,3509418.829419372,779145.2094969818,5250979.834828388,-69436.30178319984,40.646559412642496,-0.11016039177775383,0.34117268631234765,-0.02899959683418274
2026-04-23 07:40:04.000,3509418.828561929,779145.2335520131,5250979.831978378,-69441.14817691765,40.66908233251653,-0.008574430830776691,0.24055031244643033,-0.02850010059773922
2026-04-23 07:40:04.100,3509418.829884577,779145.2933932665,5250979.833487455,-69445.98110130828,40.66633655469395,0.013226480223238468,0.5984125344548374,0.015090769156813622
2026-04-23 07:40:04.200,3509418.8132476592,779145.3674949821,5250979.810244143,-69450.84293113629,40.52478938643247,-0.1663691783323884,0.7410171558149159,-0.23243311792612076
2026-04-23 07:40:04.300,3509419.394107472,779144.0991564129,5250979.572113427,-69455.18621253464,43.24836359460596,5.808598129078746,-12.68338569207117,-2.3813071567565203
2026-04-23 07:40:04.400,3509419.3899019356,779144.167028453,5250979.558467864,-69460.04017657753,43.307533542816174,-0.04205536562949419,0.6787204009015113,-0.13645563274621964
2026-04-23 07:40:04.500,3509419.3927985826,779144.2326854196,5250979.5450932225,-69464.89169085555,43.351586991000445,0.028966469690203667,0.6565696664620191,-0.1337464153766632
2026-04-23 07:40:04.600,3509419.3914982895,779144.2851025432,5250979.523271069,-69469.74522036013,43.387318943476515,-0.013002930209040642,0.5241712357383221,-0.21822153590619564
2026-04-23 07:40:04.700,3509419.388697394,779144.3273206281,5250979.523516694,-69474.57250179005,43.46066102779814,-0.028008953668177128,0.42218084912747145,0.0024562515318393707
2026-04-23 07:40:04.800,3509419.3858957207,779144.3731499708,5250979.515090575,-69479.42312132244,43.53489089570487,-0.02801673486828804,0.4582934267818928,-0.08426118642091751
2026-04-23 07:40:04.900,3509419.397903048,779144.4169350031,5250979.500925568,-69484.27604164305,43.52127311290731,0.12007327284663916,0.43785032350569963,-0.14165007509291172
2026-04-23 07:40:05.000,3509419.391809723,779144.4803329051,5250979.488310681,-69489.11575919959,43.55589229388266,-0.060933250933885574,0.6339790194761008,-0.12614887207746506
2026-04-23 07:40:05.100,3509419.3930045273,779144.5600578275,5250979.476161639,-69493.96301843005,43.60640102661888,0.011948044411838055,0.7972492242697626,-0.12149041518568993
2026-04-23 07:40:05.200,3509419.399402196,779144.6277556404,5250979.475484565,-69498.80082205328,43.69982427621728,0.06397668737918139,0.6769781291950494,-0.006770743057131767
2026-04-23 07:40:05.300,3509419.390663934,779144.6932770493,5250979.463168082,-69503.65569689295,43.694423580598986,-0.08738262113183737,0.6552140892017633,-0.12316483072936535
2026-04-23 07:40:05.400,3509419.3782724408,779144.7655272358,5250979.464436374,-69508.49843422133,43.78620066303641,-0.12391493190079927,0.722501864656806,0.012682918459177017
2026-04-23 07:40:05.500,3509419.369986455,779144.8387080679,5250979.466247564,-69513.34058968352,43.80156790003967,-0.08285985793918371,0.7318083208519965,0.018111905083060265
2026-04-23 07:40:05.600,3509419.3740328415,779144.9059362222,5250979.458735554,-69518.17123349184,43.858334963180845,0.040463865734636784,0.6722815427929163,-0.07512010633945465
2026-04-23 07:40:05.700,3509419.3809507606,779144.9633567142,5250979.455074195,-69523.00436679949,43.922725611467285,0.06917919032275677,0.5742049205582589,-0.0366135872900486
2026-04-23 07:40:05.800,3509419.3833631645,779145.0218389214,5250979.441035024,-69527.84974804951,43.927028256790834,0.024124039337038994,0.5848220712505281,-0.14039170928299427
2026-04-23 07:40:05.900,3509419.397844817,779145.0780615315,5250979.424865722,-69532.68987444445,44.001800775059486,0.14481652528047562,0.5622261017560959,-0.1616930216550827
2026-04-23 07:40:06.000,3509419.389718764,779145.1313870943,5250979.41866738,-69537.53962038182,44.09574538105232,-0.08126053027808666,0.5332556273788214,-0.061983419582247734
2026-04-23 07:40:06.100,3509419.3712091893,779145.1797950786,5250979.432631836,-69542.3815703539,44.104538203530055,-0.18509574700146914,0.48407984315417707,0.13964456506073475
2026-04-23 07:40:06.200,3509419.36247361,779145.2278517021,5250979.433566409,-69547.22646921803,44.164066743367954,-0.08735579438507557,0.48056623549200594,0.009345728904008865
2026-04-23 07:40:06.300,3509418.5647202185,779146.8870619375,5250979.94077826,-69552.6006378679,35.663110765527975,-7.977533913217485,16.592102353461087,5.072118509560823
2026-04-23 07:40:06.400,3509418.5611400455,779146.952926948,5250979.931770975,-69557.44559599504,35.72950525670502,-0.03580173011869192,0.6586501048877835,-0.09007285349071026
2026-04-23 07:40:06.500,3509418.5559260785,779147.0212885861,5250979.930143814,-69562.29317425413,35.819347299555155,-0.052139670588076115,0.6836163811385632,-0.01627161167562008
2026-04-23 07:40:06.600,3509418.552300488,779147.0795856197,5250979.92821048,-69567.13863637131,35.82852281604587,-0.03625590354204178,0.5829703365452588,-0.019333334639668465
2026-04-23 07:40:06.700,3509418.5577859017,779147.1407183071,5250979.930642448,-69571.97603190725,35.86161640499878,0.0548541359603405,0.611326873768121,0.024319682270288467
2026-04-23 07:40:06.800,3509418.556614956,779147.189698498,5250979.902754682,-69576.8324544231,35.911951884801084,-0.011709458194673061,0.4898019088432193,-0.27887766249477863
2026-04-23 07:40:06.900,3509418.566276961,779147.2481552224,5250979.8904106375,-69581.66924071604,35.90038120816605,0.09662005119025707,0.584567243931815,-0.12344044633209705
2026-04-23 07:40:07.000,3509418.5838320083,779147.2901712434,5250979.857024837,-69586.51278186675,35.94333039114981,0.17555047292262316,0.42016020976006985,-0.3338580019772053
2026-04-23 07:40:07.100,3509418.6021028077,779147.331581261,5250979.838611431,-69591.36598140358,35.949586156261674,0.18270799424499273,0.4141001764219254,-0.18413405865430832
2026-04-23 07:40:07.200,3509418.5940392897,779147.3362744533,5250979.83563089,-69596.22143508091,35.99070711336536,-0.08063517976552248,0.04693192313425243,-0.029805414378643036
2026-04-23 07:40:07.300,3509418.5884935935,779147.3269032527,5250979.841028855,-69601.06962802474,36.04022665069035,-0.05545696243643761,-0.09371200576424599,0.053979652002453804
2026-04-23 07:40:07.400,3509418.588215519,779147.3183838434,5250979.842486028,-69605.91980353245,36.048498683200386,-0.0027807429432868958,-0.08519409340806305,0.014571724459528923
2026-04-23 07:40:07.500,3509418.5886264285,779147.3193776424,5250979.846251565,-69610.77018877667,36.071703237983506,0.004109092988073826,0.00993798952549696,0.03765537403523922
2026-04-23 07:40:07.600,3509418.598202756,779147.33099559,5250979.840891852,-69615.62207229648,36.082637022489976,0.09576327633112669,0.11617947602644563,-0.05359712988138199
2026-04-23 07:40:07.700,3509418.6045700563,779147.3751001357,5250979.833672499,-69620.47470603754,36.09921586560423,0.06367300171405077,0.44104545726440847,-0.07219352759420872
2026-04-23 07:40:07.800,3509418.6087127198,779147.4357679271,5250979.840431043,-69625.31825670978,36.07682948780645,0.041426634415984154,0.6066779140383005,0.06758543662726879
2026-04-23 07:40:07.900,3509418.5847847275,779147.4864997896,5250979.842674738,-69630.18628693397,36.075366441566416,-0.23927992209792137,0.5073186254594475,0.022436948493123055
2026-04-23 07:40:08.000,3509418.5761209885,779147.5152462922,5250979.836176369,-69635.03860025664,36.08093196998583,-0.08663739077746868,0.2874650259036571,-0.06498368456959724
2026-04-23 07:40:08.100,3509418.5686386214,779147.545025999,5250979.845069617,-69639.88409386201,36.0974431981423,-0.07482367102056742,0.2977970673236996,0.08893247693777084
2026-04-23 07:40:08.200,3509418.575014286,779147.5800930086,5250979.84176249,-69644.7249807212,36.12034168251841,0.06375664845108986,0.3506700962316245,-0.03307127393782139
2026-04-23 07:40:08.300,3509418.5792373056,779147.6238683241,5250979.839027883,-69649.57292185538,36.12257136969779,0.04223019350320101,0.43775315512903035,-0.027346070855855942
2026-04-23 07:40:08.400,3509418.5639228565,779147.6675305841,5250979.838865004,-69654.41884551688,36.092980773826916,-0.15314449090510607,0.43662260053679347,-0.0016287900507450104
2026-04-23 07:40:08.500,3509418.551578241,779147.7127214054,5250979.866671256,-69659.25052967314,36.08238768379429,-0.12344615533947945,0.4519082128535956,0.27806252241134644
2026-04-23 07:40:08.600,3509418.5513760797,779147.7474642461,5250979.864858936,-69664.08949602496,36.09955981986774,-0.002021612599492073,0.34742840682156384,-0.01812320202589035
2026-04-23 07:40:08.700,3509418.543691988,779147.7830919054,5250979.841169839,-69668.9391711941,36.12277375840315,-0.07684091571718454,0.35627659293822944,-0.23689096793532372
2026-04-23 07:40:08.800,3509418.535863813,779147.8148883425,5250979.847502324,-69673.78748596978,36.11109540476156,-0.07828175090253353,0.31796437106095254,0.06332485005259514
2026-04-23 07:40:08.900,3509418.528201756,779147.8590445935,5250979.866628244,-69678.62451182274,36.14956041529378,-0.0766205694526434,0.4415625100955367,0.19125919789075851
2026-04-23 07:40:09.000,3509418.518421122,779147.9002296671,5250979.859037578,-69683.47894037349,36.124339987342296,-0.09780634194612503,0.4118507355451584,-0.07590665481984615
2026-04-23 07:40:09.100,3509418.507284362,779147.9314118478,5250979.86246724,-69688.32821039544,36.13883499167812,-0.11136760003864765,0.31182180740870535,0.03429661504924297
2026-04-23 07:40:09.200,3509418.4867290417,779147.9717108252,5250979.8641316155,-69693.18170797602,36.1520225196914,-0.2055532019585371,0.4029897740110755,0.016643758863210678
2026-04-23 07:40:09.300,3509418.474899833,779148.0076706425,5250979.866259951,-69698.02858852386,36.14766065535208,-0.11829208582639694,0.3595981723628938,0.021283356472849846
2026-04-23 07:40:09.400,3509418.4704107028,779148.0300874413,5250979.874713509,-69702.873114222,36.137685997601984,-0.04489130340516567,0.2241679886355996,0.08453558199107647
2026-04-23 07:40:09.500,3509418.4650614806,779148.0655808835,5250979.888592539,-69707.71639800242,36.163155769137305,-0.05349222104996443,0.3549344220664352,0.13879030011594296
2026-04-23 07:40:09.600,3509418.445639145,779148.1004949105,5250979.867027124,-69712.58866471803,36.14468960869811,-0.19422335550189018,0.34914026968181133,-0.2156541496515274
2026-04-23 07:40:09.700,3509416.9351759767,779147.998954219,5250973.853066589,-69721.0659954565,35.65781185738174,-15.104631683789194,-1.0154069145210087,-60.13960535638034
2026-04-23 07:40:09.800,3509416.929673236,779148.0507333532,5250973.869052112,-69725.89448092075,35.68869604516481,-0.05502740852534771,0.5177913419902325,0.15985523350536823
2026-04-23 07:40:09.900,3509416.9065811643,779148.0900782613,5250973.876008446,-69730.74435146798,35.65618200214837,-0.23092071525752544,0.3934490808751434,0.06956334225833416
2026-04-23 07:40:10.000,3509416.878842851,779148.1291702415,5250973.88589245,-69735.59311121466,35.632279747413925,-0.2773831319063902,0.390919802011922,0.09884003549814224
2026-04-23 07:40:10.100,3509416.854985634,779148.152080422,5250973.904971841,-69740.43717916142,35.63364413430231,-0.23857217282056808,0.22910180501639843,0.19079390913248062
2026-04-23 07:40:10.200,3509416.8362712855,779148.1995340543,5250973.909763414,-69745.29002194741,35.646360972069814,-0.18714348319917917,0.4745363222900778,0.047915736213326454
2026-04-23 07:40:10.300,3509416.8204604066,779148.2590026425,5250973.891404783,-69750.15472766978,35.67058185360043,-0.15810878947377205,0.5946858820971102,-0.18358631059527397
2026-04-23 07:40:10.400,3509416.810180607,779148.3134733975,5250973.895847578,-69755.00527271758,35.67386210117673,-0.10279799811542034,0.5447075504343957,0.04442794248461723
2026-04-23 07:40:10.500,3509416.793948798,779148.3576041211,5250973.912075527,-69759.85082546157,35.672289102608865,-0.16231808811426163,0.4413072357419878,0.16227949410676956
2026-04-23 07:40:10.600,3509416.7787809484,779148.3947827492,5250973.922086498,-69764.69691926797,35.70028545457502,-0.15167849604040384,0.37178628146648407,0.10010970756411552
2026-04-23 07:40:10.700,3509416.774249032,779148.4329302092,5250973.9189688135,-69769.5482726167,35.68721205814346,-0.04531916230916977,0.3814745997078717,-0.031176842749118805
2026-04-23 07:40:10.800,3509416.7696185415,779148.4729048228,5250973.913830922,-69774.40033267884,35.69696328844808,-0.0463049067184329,0.39974613580852747,-0.05137891508638859
2026-04-23 07:40:10.900,3509416.754609781,779148.5350980107,5250973.920881465,-69779.25090976841,35.729942039268884,-0.1500876061618328,0.621931878849864,0.0705054309219122
2026-04-23 07:40:11.000,3509416.743209268,779148.5895780982,5250973.932843476,-69784.09371034316,35.68250791469729,-0.11400512885302305,0.5448008747771382,0.11962010525166988
2026-04-23 07:40:11.100,3509416.72235983,779148.6311685594,5250973.929312904,-69788.94965067391,35.68415920180678,-0.20849437918514013,0.4159046127460897,-0.03530571237206459
2026-04-23 07:40:11.200,3509416.715623473,779148.6618355325,5250973.920651548,-69793.81397554645,35.72294377503711,-0.06736357230693102,0.3066697309259325,-0.08661356754601002
2026-04-23 07:40:11.300,3509416.7152163875,779148.7055165467,5250973.917655062,-69798.66895175037,35.707898479821225,-0.004070852883160114,0.436810142127797,-0.029964856803417206
2026-04-23 07:40:11.400,3509416.697357963,779148.7521973014,5250973.922841633,-69803.52109202468,35.706618130294736,-0.17858424689620733,0.4668075463268906,0.05186570808291435
2026-04-23 07:40:11.500,3509416.689883281,779148.8029724058,5250973.930857184,-69808.36122945751,35.72543499034452,-0.07474681828171015,0.5077510443516076,0.0801555160433054
2026-04-23 07:40:11.600,3509416.6886393363,779148.8636016924,5250973.925451776,-69813.20930758161,35.69564099767377,-0.012439447455108166,0.606292865704745,-0.05405408330261707
2026-04-23 07:40:11.700,3509416.763050844,779148.8496709611,5250973.89392206,-69818.02283083177,42.78486080176208,0.7441150769591331,-0.13930731220170856,-0.31529716216027737
2026-04-23 07:40:11.800,3509416.709001671,779148.9539722583,5250973.885831855,-69822.92071483712,35.68186503809446,-0.5404917290434241,1.043012971058488,-0.08090204559266567
2026-04-23 07:40:11.900,3509416.7178886994,779148.9734294851,5250973.884927003,-69827.76971404167,35.68388415049477,0.08887028321623802,0.19457226851955056,-0.009048525243997574
2026-04-23 07:40:12.000,3509416.721118443,779149.003985749,5250973.888261879,-69832.61080488788,35.65973097814914,0.03229743801057339,0.30556263867765665,0.03334876149892807
2026-04-23 07:40:12.100,3509416.735412258,779149.0377630236,5250973.880916881,-69837.45560614494,42.730036079579406,0.1429381500929594,0.33777274657040834,-0.07344997487962246
2026-04-23 07:40:12.200,3509416.727556965,779149.0822341854,5250973.861729684,-69842.32698106216,42.77610804483642,-0.07855293340981007,0.44471161789260805,-0.19187197089195251
2026-04-23 07:40:12.300,3509418.0367771788,779149.3341935871,5250979.477499476,-69843.86070927554,35.45539806806756,13.092202139087021,2.519594016484916,56.15769791416824
2026-04-23 07:40:12.400,3509418.0235517407,779149.3940340999,5250979.475365491,-69848.729262106,35.422074738529176,-0.13225438073277473,0.5984051281120628,-0.02133985050022602
2026-04-23 07:40:12.500,3509418.016538062,779149.4480981322,5250979.476901333,-69853.58184334014,35.438509733715094,-0.07013678550720215,0.5406403227243572,0.015358421951532364
2026-04-23 07:40:12.600,3509418.0193576654,779149.487610813,5250979.472407614,-69858.43336644299,35.408366777778795,0.028196033090353012,0.3951268084347248,-0.04493718966841698
2026-04-23 07:40:12.700,3509418.0177864823,779149.5367791796,5250979.467831379,-69863.28273633205,35.398864172993726,-0.0157118309289217,0.49168366589583457,-0.04576235078275204
2026-04-23 07:40:12.800,3509418.026645404,779149.592916032,5250979.442573028,-69868.13435800128,35.39950824693154,0.08858921471983194,0.5613685236312449,-0.25258351117372513
2026-04-23 07:40:12.900,3509418.0435364475,779149.6401235317,5250979.405900643,-69872.99555629322,35.38326959508772,0.1689104363322258,0.4720749973785132,-0.366723844781518
2026-04-23 07:40:13.000,3509418.034196074,779149.6798516881,5250979.380565072,-69877.87612401984,35.3981229687691,-0.09340373333543539,0.39728156407363713,-0.2533557079732418
2026-04-23 07:40:13.100,3509418.013070607,779149.7173353186,5250979.365673687,-69882.75792730557,35.36178918922438,-0.21125467028468847,0.37483630469068885,-0.14891385100781918
2026-04-23 07:40:13.200,3509418.007886129,779149.7630966842,5250979.352681387,-69887.62870803202,35.30198164947425,-0.05184478126466274,0.4576136567629874,-0.1299230009317398
2026-04-23 07:40:13.300,3509418.011825685,779149.8113514624,5250979.326912999,-69892.49332391383,35.2791256651624,0.03939555957913399,0.48254778143018484,-0.2576838806271553
2026-04-23 07:40:13.400,3509418.013194343,779149.8554854614,5250979.287617674,-69897.36454659425,35.280246824302694,0.013686581514775753,0.44133999035693705,-0.3929532505571842
2026-04-23 07:40:13.500,3509418.0005929996,779149.8947226789,5250979.26193483,-69902.23577260638,35.22443753104682,-0.1260134344920516,0.39237217511981726,-0.2568284422159195
2026-04-23 07:40:13.600,3509417.9806387257,779149.9427647273,5250979.255110426,-69907.0977133915,35.24184523215682,-0.1995427394285798,0.4804204835090786,-0.06824404001235962
2026-04-23 07:40:13.700,3509417.9837095463,779149.9784637302,5250979.22022709,-69911.96321468077,35.259882316967676,0.03070820588618517,0.356990029104054,-0.34883336164057255
2026-04-23 07:40:13.800,3509417.989414521,779150.0132064412,5250979.171927674,-69916.82654931594,35.257463035105296,0.05704974755644798,0.3474271099548787,-0.48299415968358517
2026-04-23 07:40:13.900,3509417.9843825023,779150.067681295,5250979.141144286,-69921.69882483606,35.26566179646276,-0.05032018758356571,0.5447485379409045,-0.3078338783234358
2026-04-23 07:40:14.000,3509417.9975450123,779150.1064172531,5250979.111231093,-69926.5635716045,35.288004214317006,0.13162510003894567,0.38735958165489137,-0.29913192614912987
2026-04-23 07:40:14.100,3509418.022043129,779150.1487447878,5250979.089048817,-69931.41538675188,35.31306809653693,0.24498116690665483,0.42327534640207887,-0.22182276472449303
2026-04-23 07:40:14.200,3509418.03366678,779150.1765714504,5250979.073221192,-69936.27876766458,35.30876045161464,0.11623651254922152,0.2782666264101863,-0.15827625058591366
2026-04-23 07:40:14.300,3509418.0341914007,779150.2215376347,5250979.078198853,-69941.13033441617,35.32679977485479,0.0052462052553892136,0.44966184301301837,0.04977661184966564
2026-04-23 07:40:14.400,3509418.0400295435,779150.2748961155,5250979.08472797,-69945.97840993312,35.3412511637986,0.05838142707943916,0.5335848079994321,0.06529117003083229
2026-04-23 07:40:14.500,3509418.0529799517,779150.3151179219,5250979.085744986,-69950.82414084069,35.33049923098201,0.12950408272445202,0.40221806382760406,0.010170163586735725
2026-04-23 07:40:14.600,3509418.0657184254,779150.3500100247,5250979.070269275,-69955.67022159729,35.358126361111324,0.1273847371339798,0.3489210281986743,-0.15475710853934288
2026-04-23 07:40:14.700,3509418.077942045,779150.3773753558,5250979.058796134,-69960.51518770611,35.376306435300954,0.12223619502037764,0.27365331072360277,-0.11473141610622406
2026-04-23 07:40:14.800,3509418.2866194537,779150.1817427089,5250978.809943609,-69965.32101922104,40.993732253285536,2.086774087511003,-1.9563264690805227,-2.4885252490639687
2026-04-23 07:40:14.900,3509418.2392533068,779150.2882582756,5250978.890010587,-69970.16722451833,35.195615306680715,-0.4736614692956209,1.065155667020008,0.8006697800010443
2026-04-23 07:40:15.000,3509418.2744794544,779150.3019977658,5250978.873324444,-69974.98844048582,35.24227611804532,0.3522614762187004,0.13739490183070302,-0.16686143353581429
2026-04-23 07:40:15.100,3509418.3065949264,779150.3235463935,5250978.857842157,-69979.81678263705,41.09719159511085,0.3211547201499343,0.21548627759329975,-0.15482286922633648
2026-04-23 07:40:15.200,3509418.324665961,779150.3642580003,5250978.874722304,-69984.64394056523,41.15782218883878,0.18071034457534552,0.40711606736294925,0.1688014715909958
2026-04-23 07:40:15.300,3509418.3382431483,779150.4041283715,5250978.888756456,-69989.46930698976,41.18275328934097,0.13577187433838844,0.39870371227152646,0.14034152030944824
2026-04-23 07:40:15.400,3509418.340835691,779150.451995077,5250978.901732691,-69994.30591147233,41.22260074272796,0.025925426743924618,0.4786670545581728,0.12976234778761864
2026-04-23 07:40:15.500,3509418.3499541166,779150.5156312932,5250978.924757916,-69999.13451068099,41.261985982977286,0.09118425659835339,0.6363621621858329,0.23025224916636944
2026-04-23 07:40:15.600,3509418.36375569,779150.5658706694,5250978.926479071,-70003.9707629829,41.25827090246535,0.13801573310047388,0.5023937625810504,0.017211558297276497
2026-04-23 07:40:15.700,3509418.375289367,779150.6140141664,5250978.936123068,-70008.80617310091,41.388734471839925,0.11533677112311125,0.4814349696971476,0.09643997065722942
2026-04-23 07:40:15.800,3509418.3928261753,779150.652685077,5250978.950297824,-70013.63263922374,41.417780316649974,0.17536808270961046,0.3867091063875705,0.14174755662679672
2026-04-23 07:40:15.900,3509418.3982498343,779150.6904517694,5250978.956598632,-70018.4704603198,41.49704789470141,0.054236589930951595,0.37766692345030606,0.06300807930529118
2026-04-23 07:40:16.000,3509418.410680992,779150.7290422468,5250978.959804046,-70023.30196777076,41.52987213121238,0.12431157752871513,0.3859047743026167,0.03205413930118084
2026-04-23 07:40:16.100,3509418.42723835,779150.7973219841,5250978.976901158,-70028.11922374171,41.48014755735674,0.16557357739657164,0.6827973725739866,0.170971117913723
2026-04-23 07:40:16.200,3509418.4279872035,779150.8510027016,5250978.977521825,-70032.95523944685,41.46056433536537,0.007488536648452282,0.5368071747943759,0.00620666891336441
2026-04-23 07:40:16.300,3509418.430146503,779150.9012642627,5250978.9905511355,-70037.78555120372,41.44132308458925,0.021592993289232254,0.5026156117673963,0.130293108522892
2026-04-23 07:40:16.400,3509418.4207916544,779150.9480252089,5250979.012432698,-70042.62195928869,41.499307384548466,-0.093548484146595,0.46760946162976325,0.21881562657654285
2026-04-23 07:40:16.500,3509418.421406743,779150.9869742561,5250978.998270382,-70047.47739321152,41.477649602978964,0.006150887347757816,0.38949047215282917,-0.14162315987050533
2026-04-23 07:40:16.600,3509418.432391346,779151.0357038588,5250978.984948337,-70052.31568946363,41.50023887284532,0.10984602849930525,0.48729602713137865,-0.13322045095264912
2026-04-23 07:40:16.700,3509418.429866777,779151.0874167975,5250978.962744191,-70057.16646540434,41.51765968767476,-0.025245691649615765,0.5171293870080262,-0.22204145789146423
2026-04-23 07:40:16.800,3509418.427324828,779151.1441622943,5250978.966319689,-70062.00459285101,41.481255227099254,-0.02541948575526476,0.5674549681134522,0.03575497306883335
2026-04-23 07:40:16.900,3509418.4257771918,779151.18495063,5250978.955058675,-70066.84371854978,41.45530021190607,-0.015476364642381668,0.4078833560924977,-0.11261013336479664
2026-04-23 07:40:17.000,3509418.442411942,779151.2148775969,5250978.937368749,-70071.672461154,41.45790442821304,0.16634750179946423,0.2992696699220687,-0.1768992654979229
2026-04-23 07:40:17.100,3509418.4589936603,779151.2557868175,5250978.935863472,-70076.49577078065,41.47828090739667,0.1658171834424138,0.4090922058094293,-0.01505277119576931
2026-04-23 07:40:17.200,3509418.4576268434,779151.3088856243,5250978.9280519085,-70081.32604273845,41.44021718047647,-0.013668169267475605,0.5309880676213652,-0.07811563089489937
2026-04-23 07:40:17.300,3509418.450825547,779151.3670470894,5250978.918214175,-70086.15953222154,41.44432839683846,-0.0680129649117589,0.5816146510187536,-0.09837733581662178
2026-04-23 07:40:17.400,3509418.443962154,779151.416271739,5250978.917451551,-70091.00097394621,41.42732983805869,-0.06863392889499664,0.4922464967239648,-0.0076262373477220535
2026-04-23 07:40:17.500,3509418.44734522,779151.4666416483,5250978.918796435,-70095.83507326737,41.39310970082223,0.03383066039532423,0.5036990926600993,0.013448838144540787
2026-04-23 07:40:17.600,3509418.457096674,779151.5068560683,5250978.909680209,-70100.66301073684,41.40585609978153,0.09751453995704651,0.4021441994700581,-0.09116225875914097
2026-04-23 07:40:17.700,3509418.458106844,779151.5391690059,5250978.900803371,-70105.500020733,41.4390582329997,0.010101702064275742,0.32312937662936747,-0.0887683779001236
2026-04-23 07:40:17.800,3509418.4546092576,779151.5985092651,5250978.890919568,-70110.33527628347,41.434389681862186,-0.034975865855813026,0.5934025917667896,-0.09883803315460682
2026-04-23 07:40:17.900,3509418.4506008155,779151.6560378192,5250978.883592354,-70115.17186796821,41.4037765871015,-0.04008442163467407,0.5752855411265045,-0.07327213883399963
2026-04-23 07:40:18.000,3509418.4608309167,779151.7077956669,5250978.881869433,-70120.0038916164,41.38298136208209,0.10230101179331541,0.5175784765742719,-0.01722920686006546
2026-04-23 07:40:18.100,3509418.4690530295,779151.7421932541,5250978.870355709,-70124.84557562412,41.401363093486,0.08222112897783518,0.34397587180137634,-0.11513723991811275
2026-04-23 07:40:18.200,3509418.4725529803,779151.7750557027,5250978.857055083,-70129.69374362091,41.36042323499689,0.03499950747936964,0.3286244859918952,-0.13300626538693905
2026-04-23 07:40:18.300,3509418.3671471626,779151.9511764642,5250978.980715381,-70134.53995076813,35.51695682915201,-1.054058177396655,1.7612076154910028,1.2366029806435108
2026-04-23 07:40:18.400,3509418.3400862147,779152.0373395336,5250978.998233589,-70139.38939648255,35.51312101815203,-0.27060947846621275,0.8616306935437024,0.17518208362162113
2026-04-23 07:40:18.500,3509418.3420403684,779152.0909550391,5250978.981246828,-70144.23248085967,35.496997309858365,0.019541536457836628,0.5361550557427108,-0.1698676124215126
2026-04-23 07:40:18.600,3509418.3487077267,779152.1249669982,5250978.972279516,-70149.07531052244,35.45009404583464,0.06667358335107565,0.34011959098279476,-0.08967312052845955
2026-04-23 07:40:18.700,3509418.3662430434,779152.1589263236,5250978.973842779,-70153.90236176751,35.43936944455881,0.175353167578578,0.3395932540297508,0.0156326312571764
2026-04-23 07:40:18.800,3509418.3713991507,779152.1896609,5250978.960949313,-70158.73908420421,35.429817133246594,0.05156107246875763,0.3073457640130073,-0.12893466278910637
2026-04-23 07:40:18.900,3509418.3766185567,779152.2246455437,5250978.939753078,-70163.57327021024,35.410608912657246,0.05219405982643366,0.349846436874941,-0.21196234971284866
2026-04-23 07:40:19.000,3509418.3872634233,779152.2659022501,5250978.930897812,-70168.4078251793,35.39185971150948,0.10644866619259119,0.4125670634675771,-0.08855265565216541
2026-04-23 07:40:19.100,3509418.400511615,779152.3118961415,5250978.915504139,-70173.24533453137,35.390519865987955,0.13248191680759192,0.4599389142822474,-0.15393673442304134
2026-04-23 07:40:19.200,3509418.425477659,779152.405478616,5250978.887424953,-70178.06466954834,35.39474744498649,0.24966043885797262,0.9358247451018542,-0.28079185634851456
2026-04-23 07:40:19.300,3509418.4333659494,779152.5360703339,5250978.829211942,-70182.90894061713,35.37208975844381,0.0788829056546092,1.3059171789791435,-0.5821301136165857
2026-04-23 07:40:19.400,3509418.46122997,779152.6424341298,5250978.8273604335,-70187.73052998543,35.312336731483946,0.2786402078345418,1.063637959305197,-0.01851508393883705
2026-04-23 07:40:19.500,3509418.4757091785,779152.7138518861,5250978.79083375,-70192.58069189882,35.34719459507744,0.14479208271950483,0.7141775626223534,-0.3652668371796608
2026-04-23 07:40:19.600,3509418.487983723,779152.7789732586,5250978.782517436,-70197.40605457072,35.33966830557612,0.12274544686079025,0.6512137246318161,-0.08316313847899437
2026-04-23 07:40:19.700,3509418.511336921,779152.8178084894,5250978.7526822295,-70202.24361263643,35.32838436401203,0.23353197611868382,0.3883523086551577,-0.2983520645648241
2026-04-23 07:40:19.800,3509418.532921627,779152.8710186654,5250978.75398435,-70207.06425031074,35.30655701785549,0.21584706380963326,0.5321017594542354,0.013021202757954597
2026-04-23 07:40:19.900,3509418.5511502353,779152.9145694013,5250978.749218412,-70211.89252869609,35.27874007032276,0.18228608183562756,0.4355073592159897,-0.0476593803614378
2026-04-23 07:40:20.000,3509418.561112864,779152.956091909,5250978.708777565,-70216.72879830076,35.24793395093032,0.09962628595530987,0.41522507672198117,-0.4044084716588259
2026-04-23 07:40:20.100,3509418.586171294,779153.0360086523,5250978.7047112025,-70221.53824048044,35.24520327181087,0.25058430153876543,0.7991674332879484,-0.040663620457053185
2026-04-23 07:40:20.200,3509418.6086267927,779153.1163408841,5250978.683517419,-70226.35992338674,35.30101359214114,0.22455498576164246,0.8033223182428628,-0.21193783730268478
2026-04-23 07:40:20.300,3509418.628725985,779153.1806832735,5250978.658344354,-70231.19538980289,35.29912092884492,0.20099192392081022,0.6434238934889436,-0.251730652526021
2026-04-23 07:40:20.400,3509418.649131386,779153.2404878198,5250978.643769746,-70236.02534910005,35.26598446380867,0.2040540101006627,0.5980454629752785,-0.14574607834219933
2026-04-23 07:40:20.500,3509418.6612356277,779153.3064549492,5250978.6313184295,-70240.86205246912,35.26103857481975,0.12104241643100977,0.6596712942700833,-0.12451316229999065
2026-04-23 07:40:20.600,3509418.6665523113,779153.365768537,5250978.613683308,-70245.7071431962,35.28607738044592,0.05316683556884527,0.593135878443718,-0.17635121941566467
2026-04-23 07:40:20.700,3509418.687019357,779153.439912419,5250978.611555931,-70250.53791105757,35.23555537112531,0.20467045716941357,0.7414388190954924,-0.021273763850331306
2026-04-23 07:40:20.800,3509418.69667118,779153.5093476493,5250978.595965473,-70255.37569002404,35.28083926992054,0.09651822969317436,0.6943523033987731,-0.15590458177030087
2026-04-23 07:40:20.900,3509418.719318716,779153.5824185908,5250978.572997985,-70260.21399094885,35.27551921958376,0.22647535894066095,0.7307094149291515,-0.22967487573623657
2026-04-23 07:40:21.000,3509418.7306298986,779153.6678631537,5250978.570065944,-70265.03429834222,35.23535580896511,0.11311182752251625,0.8544456295203418,-0.029320409521460533
2026-04-23 07:40:21.100,3509418.7379777264,779153.7293554435,5250978.55119069,-70269.86651189663,35.23315558627635,0.07347827777266502,0.6149228976573795,-0.18875254318118095
2026-04-23 07:40:21.200,3509418.748236716,779153.7995186602,5250978.532536618,-70274.70037643892,35.26113161055067,0.10258989408612251,0.7016321667470038,-0.18654071725904942
2026-04-23 07:40:21.300,3509418.763000191,779153.8653344827,5250978.513229342,-70279.53277116097,35.231685015539924,0.14763475395739079,0.6581582257058471,-0.19307276234030724
2026-04-23 07:40:21.400,3509418.7777344882,779153.9465572184,5250978.496474491,-70284.36595998464,35.252958849861315,0.14734297059476376,0.8122273569460958,-0.1675485074520111
2026-04-23 07:40:21.500,3509418.7914363,779154.0143166684,5250978.477679939,-70289.20436313502,35.292396837336334,0.13701811898499727,0.6775944994296879,-0.1879455242305994
2026-04-23 07:40:21.600,3509418.802334939,779154.0885820822,5250978.457621949,-70294.04800625064,35.26945262623558,0.10898638982325792,0.7426541380118579,-0.20057990215718746
2026-04-23 07:40:21.700,3509418.8792282445,779154.0634022881,5250978.358724074,-70298.8698431683,41.125543013333875,0.7689330540597439,-0.25179794058203697,-0.9889787435531616
2026-04-23 07:40:21.800,3509418.879491356,779154.1299972966,5250978.355661693,-70303.70385356054,41.10371548344858,0.002631116658449173,0.6659500848036259,-0.030623814091086388
2026-04-23 07:40:21.900,3509418.8883953416,779154.1995400883,5250978.327766043,-70308.54396741453,41.11008361310323,0.08903985377401114,0.695427916944027,-0.27895649895071983
2026-04-23 07:40:22.000,3509418.896044119,779154.2584349315,5250978.306443781,-70313.39188958403,41.15279435700169,0.07648777216672897,0.5889484321232885,-0.21322262473404408
2026-04-23 07:40:22.100,3509418.915395289,779154.3249294168,5250978.294902551,-70318.23102925379,41.14031685279917,0.19351170398294926,0.664944852469489,-0.11541229672729969
2026-04-23 07:40:22.200,3509418.913469028,779154.3873646581,5250978.277906593,-70323.08171889496,41.11005219641172,-0.019262610003352165,0.6243524129968137,-0.16995958052575588
2026-04-23 07:40:22.300,3509418.926630644,779154.4513907891,5250978.261803596,-70327.9177692923,41.130937931123135,0.13161615934222937,0.6402613106183708,-0.1610299665480852
2026-04-23 07:40:22.400,3509418.943845802,779154.5227052092,5250978.246703888,-70332.7578447306,41.15906752471005,0.17215157859027386,0.7131442008540034,-0.1509970799088478
2026-04-23 07:40:22.500,3509418.955660254,779154.6028010387,5250978.226515403,-70337.60055759542,41.16532478633293,0.11814452242106199,0.8009582944214344,-0.20188485272228718
2026-04-23 07:40:22.600,3509418.9583872766,779154.6698654651,5250978.206665541,-70342.44689820426,41.18761764289816,0.027270223945379257,0.6706442649010569,-0.19849861972033978
2026-04-23 07:40:22.700,3509418.9767211196,779154.7413902162,5250978.20431088,-70347.28476564684,41.09793343428286,0.18333842977881432,0.715247510233894,-0.02354661002755165
2026-04-23 07:40:22.800,3509418.993763803,779154.8188871739,5250978.198871345,-70352.11553862855,41.12575878625099,0.17042683437466621,0.7749695773236454,-0.05439534783363342
2026-04-23 07:40:22.900,3509419.0118062124,779154.9032621946,5250978.182332994,-70356.95243784557,41.17302645557256,0.1804240932688117,0.8437502069864422,-0.16538350842893124
2026-04-23 07:40:23.000,3509419.027981651,779154.9752946099,5250978.163885453,-70361.79327697332,41.13958237404361,0.16175438649952412,0.7203241530805826,-0.18447541631758213
2026-04-23 07:40:23.100,3509419.0426043165,779155.0581153893,5250978.155913771,-70366.62059399218,41.14689993659454,0.14622665476053953,0.828207794111222,-0.07971681654453278
2026-04-23 07:40:23.200,3509419.0650355043,779155.1342662525,5250978.13174301,-70371.4590399321,41.094065210333284,0.2243118779733777,0.7615086319856346,-0.24170760996639729
2026-04-23 07:40:23.300,3509419.0822255323,779155.207989637,5250978.117064623,-70376.29744140954,41.07372613332918,0.17190027981996536,0.7372338452842087,-0.14678386971354485
2026-04-23 07:40:23.400,3509419.102838978,779155.2900858306,5250978.104260606,-70381.1371141028,41.136669616702584,0.20613445900380611,0.820961935678497,-0.12804017402231693
2026-04-23 07:40:23.500,3509419.1104057543,779155.3695935665,5250978.078022337,-70385.98349953681,41.13146508635816,0.07566776126623154,0.7950773590710014,-0.2623826917260885
2026-04-23 07:40:23.600,3509419.1256595626,779155.4533685695,5250978.077532074,-70390.82027062363,41.11588333761258,0.15253808349370956,0.8377500297501683,-0.004902621731162071
2026-04-23 07:40:23.700,3509419.154481632,779155.5290333502,5250978.058520146,-70395.6579122474,41.06235873955112,0.288220695219934,0.756647806847468,-0.1901192869991064
2026-04-23 07:40:23.800,3509419.1673525837,779155.6080398837,5250978.043167763,-70400.49673082349,41.026931774803955,0.12870951555669308,0.7900653348769993,-0.15352382324635983
2026-04-23 07:40:23.900,3509419.1877406365,779155.6828973811,5250978.02324559,-70405.33975700736,41.08255531313157,0.2038805279880762,0.748574974713847,-0.19922173582017422
2026-04-23 07:40:24.000,3509419.2148279017,779155.7484067765,5250978.013507273,-70410.18678069096,41.00339733150182,0.2708726515993476,0.6550939532462507,-0.09738316759467125
2026-04-23 07:40:24.100,3509419.223602856,779155.8326530285,5250978.003669529,-70415.03815173713,40.98566237673332,0.08774954359978437,0.8424625208135694,-0.09837743826210499
2026-04-23 07:40:24.200,3509419.226080233,779155.9075369822,5250977.989957094,-70419.88873027223,41.006461938120445,0.02477377187460661,0.7488395366817713,-0.1371243502944708
2026-04-23 07:40:24.300,3509419.317810965,779155.9079119955,5250977.8928442355,-70424.72511749735,35.11494641186484,0.9173073153942823,0.003750133328139782,-0.971128586679697
2026-04-23 07:40:24.400,3509419.3456582567,779155.9790834947,5250977.866652278,-70429.57284055345,35.143610283703744,0.2784729190170765,0.7117149920668453,-0.2619195729494095
2026-04-23 07:40:24.500,3509419.3837023345,779156.0471914501,5250977.859518962,-70434.41602242342,35.16297555324546,0.38044077809900045,0.6810795539058745,-0.07133316248655319
2026-04-23 07:40:24.600,3509419.4031880433,779156.1151661746,5250977.831151457,-70439.27464025133,35.152963019938134,0.1948570879176259,0.6797472445759922,-0.2836750540882349
2026-04-23 07:40:24.700,3509419.4229042,779156.18724828,5250977.785726431,-70444.14859346343,35.138601521683874,0.19716156646609306,0.7208210544195026,-0.4542502574622631
2026-04-23 07:40:24.800,3509419.4528697617,779156.2673314813,5250977.76100291,-70449.00170644463,35.16250755798017,0.2996556181460619,0.8008320129010826,-0.24723520502448082
2026-04-23 07:40:24.900,3509419.4876696495,779156.3420868164,5250977.7516902955,-70453.85302052398,35.13380937715422,0.3479988779872656,0.7475533511023968,-0.09312614798545837
2026-04-23 07:40:25.000,3509419.5208066576,779156.4194093547,5250977.727917729,-70458.71719330593,35.19477262075488,0.3313700808212161,0.7732253824360669,-0.23772566579282284
2026-04-23 07:40:25.100,3509419.5310685453,779156.5108987093,5250977.71451051,-70463.57867303283,35.122635264598024,0.10261887684464455,0.914893546141684,-0.1340721920132637
2026-04-23 07:40:25.200,3509419.54037213,779156.5959903732,5250977.702949557,-70468.44706436593,35.11771034863412,0.09303584694862366,0.8509166387375444,-0.11560952290892601
2026-04-23 07:40:25.300,3509419.5458624777,779156.6740536095,5250977.713238542,-70473.29556760797,35.15642680122562,0.05490347743034363,0.7806323631666601,0.10288984514772892
2026-04-23 07:40:25.400,3509419.5565188187,779156.7619502533,5250977.69605966,-70478.15066769454,35.09552946482749,0.10656340979039669,0.8789664378855377,-0.17178881913423538
2026-04-23 07:40:25.500,3509419.561781,779156.8491165851,5250977.677212979,-70483.01285656948,35.082330913182524,0.052621811628341675,0.8716633182484657,-0.18846681341528893
2026-04-23 07:40:25.600,3509419.5688735875,779156.9445753973,5250977.712925931,-70487.84672235709,35.10267568789003,0.07092587649822235,0.9545881219673902,0.35712952725589275
2026-04-23 07:40:25.700,3509419.577953003,779157.0302083421,5250977.679030152,-70492.71672829328,35.083851487651295,0.0907941535115242,0.8563294482883066,-0.3389577940106392
2026-04-23 07:40:25.800,3509419.597295187,779157.1079823904,5250977.664146691,-70497.57386322039,35.104136685315524,0.1934218406677246,0.7777404831722379,-0.1488346140831709
2026-04-23 07:40:25.900,3509419.625761472,779157.1679309806,5250977.631981452,-70502.42931128165,35.130587590245796,0.28466285206377506,0.59948590118438,-0.3216523863375187
2026-04-23 07:40:26.000,3509419.635601171,779157.2523888916,5250977.613310423,-70507.28523291771,35.15032626206936,0.09839698672294617,0.844579110853374,-0.1867102924734354
2026-04-23 07:40:26.100,3509419.678484826,779157.3183700435,5250977.603226347,-70512.11837471557,35.112701876975066,0.42883655056357384,0.6598115188535303,-0.10084075853228569
2026-04-23 07:40:26.200,3509419.712168206,779157.3934244931,5250977.587442853,-70516.96464435653,35.082945619014,0.33683380112051964,0.7505444961134344,-0.1578349433839321
2026-04-23 07:40:26.300,3509419.724641343,779157.4584803939,5250977.552993062,-70521.82677106728,35.16769999345039,0.12473137117922306,0.6505590071901679,-0.34449790604412556
2026-04-23 07:40:26.400,3509420.3575362177,779157.4188368117,5250977.310264437,-70526.43668564674,40.34969527662289,6.328948745504022,-0.3964358218945563,-2.427286244928837
2026-04-23 07:40:26.500,3509420.638371984,779157.3071912673,5250977.037877861,-70531.22623634864,48.269012261265495,2.8083576634526253,-1.1164554441347718,-2.7238657604902983
2026-04-23 07:40:26.600,3509420.657323775,779157.3885264691,5250977.0172958635,-70536.07373322725,48.328804794403375,0.18951790872961283,0.8133520185947418,-0.2058199793100357
2026-04-23 07:40:26.700,3509420.6655664872,779157.4777501015,5250977.03127265,-70540.90478051525,48.37351800911418,0.0824271235615015,0.8922363235615194,0.1397678628563881
2026-04-23 07:40:26.800,3509420.6727166185,779157.5643927525,5250977.019935709,-70545.74218491324,48.37157257667633,0.07150131277740002,0.8664265100378543,-0.11336940340697765
2026-04-23 07:40:26.900,3509420.6850813827,779157.6546353578,5250977.010671589,-70550.58864381317,48.40881227496094,0.12364764232188463,0.9024260530713946,-0.0926412083208561
2026-04-23 07:40:27.000,3509420.7073061257,779157.7342152806,5250976.989816133,-70555.42950374112,48.33822144822235,0.2222474291920662,0.7957992283627391,-0.2085545565932989
2026-04-23 07:40:27.100,3509420.732121101,779157.8156881523,5250976.966449644,-70560.2741020278,48.38905970235068,0.24814975447952747,0.8147287170868367,-0.2336648851633072
2026-04-23 07:40:27.200,3509420.747868841,779157.8903059564,5250976.94509393,-70565.1289752443,48.39349308496173,0.15747739933431149,0.7461780402809381,-0.2135571464896202
2026-04-23 07:40:27.300,3509420.763424962,779157.9601760483,5250976.937199969,-70569.96898479611,48.35934800761679,0.155561207793653,0.6987009197473526,-0.07893960922956467
2026-04-23 07:40:27.400,3509420.7738231407,779158.032021153,5250976.924864711,-70574.80625544269,48.454333018065675,0.10398178827017546,0.7184510468505323,-0.12335257604718208
2026-04-23 07:40:27.500,3509420.7959285285,779158.1156236742,5250976.920666541,-70579.63546651992,48.43161305327591,0.2210538787767291,0.8360252121929079,-0.04198170267045498
2026-04-23 07:40:27.600,3509420.8010592535,779158.1900749166,5250976.901677171,-70584.48412611027,48.408908177498354,0.05130724981427193,0.7445124234072864,-0.18989370204508305
2026-04-23 07:40:27.700,3509420.8033668166,779158.2758182447,5250976.896347626,-70589.32658395232,48.395523163517616,0.023075630888342857,0.8574332809075713,-0.0532954465597868
2026-04-23 07:40:27.800,3509420.8161015813,779158.350506717,5250976.890365425,-70594.17071214455,48.46051678788958,0.12734764721244574,0.7468847231939435,-0.05982201546430588
2026-04-23 07:40:27.900,3509420.834738099,779158.4263556686,5250976.888495112,-70599.00957769755,48.40873420154081,0.18636517692357302,0.7584895158652216,-0.018703127279877663
2026-04-23 07:40:28.000,3509420.8423367166,779158.5039381334,5250976.86490661,-70603.85683008011,48.46188827939808,0.0759861757978797,0.7758246478624642,-0.2358850184828043
2026-04-23 07:40:28.100,3509420.859858408,779158.5684547644,5250976.846371523,-70608.70647406347,48.45156756216899,0.17521691508591175,0.6451663107145578,-0.18535086885094643
2026-04-23 07:40:28.200,3509420.8679560265,779158.6535147092,5250976.836519503,-70613.55153924617,48.50827936159872,0.08097618352621794,0.8505994477309287,-0.0985202006995678
2026-04-23 07:40:28.300,3509420.873130079,779158.7312330363,5250976.821114756,-70618.40264801477,48.491347421509964,0.05174052435904741,0.777183270547539,-0.15404746867716312
2026-04-23 07:40:28.400,3509420.89471359,779158.8127947995,5250976.815475689,-70623.24618330724,48.51997459630524,0.21583511028438807,0.8156176318880171,-0.0563906691968441
2026-04-23 07:40:28.500,3509420.915718414,779158.8866136792,5250976.792854463,-70628.09671877223,48.63627642873736,0.21004823967814445,0.7381887978408486,-0.22621226496994495
2026-04-23 07:40:28.600,3509420.930781888,779158.9697264661,5250976.784962127,-70632.94323522886,48.63454462816169,0.1506347395479679,0.8311278687324375,-0.07892335765063763
2026-04-23 07:40:28.700,3509420.963965105,779159.0465826446,5250976.769070832,-70637.78547754526,48.69143103555577,0.3318321704864502,0.7685617846436799,-0.15891294926404953
2026-04-23 07:40:28.800,3509420.962186212,779159.1246974731,5250976.7541924,-70642.63436426494,48.67977472113289,-0.01778892707079649,0.7811482856050134,-0.14878432266414165
2026-04-23 07:40:28.900,3509420.9779585684,779159.2040784947,5250976.733582694,-70647.48637770566,48.70539029461755,0.15772356186062098,0.7938102155458182,-0.20609705708920956
2026-04-23 07:40:29.000,3509420.9931122465,779159.29322802,5250976.725919091,-70652.3218559123,48.69382941188053,0.15153678134083748,0.8914952527265996,-0.07663602940738201
2026-04-23 07:40:29.100,3509421.0121974135,779159.3648355812,5250976.732028453,-70657.16001976497,48.71584699760579,0.19085166975855827,0.7160756119992584,0.061093615368008614
2026-04-23 07:40:29.200,3509421.031491406,779159.4361529354,5250976.713738059,-70662.00734920763,48.7716191280541,0.19293992314487696,0.7131735421717167,-0.18290393985807896
2026-04-23 07:40:29.300,3509421.059685105,779159.5046034534,5250976.693397474,-70666.85043904356,48.868604615390765,0.28193699195981026,0.6845051806885749,-0.2034058514982462
2026-04-23 07:40:29.400,3509421.0810679835,779159.583308926,5250976.672508767,-70671.69132233955,48.857970047894206,0.2138287853449583,0.7870547252241522,-0.20888706669211388
2026-04-23 07:40:29.500,3509421.093185057,779159.6616931537,5250976.65796054,-70676.53681375316,48.86785181173877,0.12117073405534029,0.783842277014628,-0.14548227190971375
2026-04-23 07:40:29.600,3509418.84806143,779160.0166146769,5250971.252594908,-70685.19968876972,52.53781960103765,-22.451236271299422,3.549215232487768,-54.05365631915629
2026-04-23 07:40:29.700,3509421.35914459,779159.783665968,5250977.222124658,-70685.80338506387,50.51123167714978,25.110831600613892,-2.329487089300528,59.69529749825597
2026-04-23 07:40:29.800,3509421.3459242997,779159.8517714869,5250977.127024426,-70690.70008805388,50.326755758433194,-0.13220290187746286,0.6810551893431693,-0.9510023146867752
2026-04-23 07:40:29.900,3509421.319882361,779159.9195892734,5250977.021920555,-70695.6076112562,50.07558176054704,-0.26041938457638025,0.6781778647564352,-1.051038708537817
2026-04-23 07:40:30.000,3509421.319288322,779160.0075548597,5250976.993374815,-70700.46518210448,49.98159595627278,-0.005940394476056099,0.8796558633912355,-0.2854574006050825
2026-04-23 07:40:30.100,3509418.9014579263,779160.3790440646,5250971.161076988,-70709.42739773417,52.41644836224738,-24.17830395512283,3.714892048155889,-58.32297827117145
2026-04-23 07:40:30.200,3509418.904786363,779160.4556840267,5250971.135415223,-70714.28371081714,52.37255961078549,0.03328436519950628,0.7663996214978397,-0.256617646664381
2026-04-23 07:40:30.300,3509420.511950896,779160.8091184366,5250977.624979883,-70715.24590995282,42.66768896405019,16.07164533343166,3.5343440994620323,64.89564660005271
2026-04-23 07:40:30.400,3509421.1792954262,779160.7594358741,5250977.383515901,-70719.82254233463,37.178848039301876,6.673445301130414,-0.49682562588714063,-2.414639825001359
2026-04-23 07:40:30.500,3509421.2185079665,779160.8340645592,5250977.400495215,-70724.64226804547,37.32857190674817,0.3921254025772214,0.7462868513539433,0.16979314386844635
2026-04-23 07:40:30.600,3509421.285708171,779160.909005768,5250977.425309505,-70729.44208312606,37.5130109494695,0.6720020435750484,0.7494120881892741,0.2481428999453783
2026-04-23 07:40:30.700,3509421.3214860964,779160.96610401,5250977.422324606,-70734.2673539381,37.6757768418572,0.3577792551368475,0.570982419885695,-0.029848990961909294
2026-04-23 07:40:30.800,3509421.3316205507,779161.0263008972,5250977.424054327,-70739.11106444655,37.742594560439095,0.10134454350918531,0.6019688723608851,0.017297212034463882
2026-04-23 07:40:30.900,3509421.3418865665,779161.0837039598,5250977.399779659,-70743.95226423959,37.68196933405805,0.10266015771776438,0.574030625866726,-0.24274668656289577
2026-04-23 07:40:31.000,3509421.350455207,779161.1304821289,5250977.384767282,-70748.80030680222,37.70407879507171,0.0856864033266902,0.4677816911134869,-0.15012376941740513
2026-04-23 07:40:31.100,3509420.5002689552,779161.3817179869,5250977.707553853,-70753.98087518809,42.76006039778509,-8.501862515695393,2.512358579551801,3.2278657145798206
2026-04-23 07:40:31.200,3509420.48001666,779161.4417092581,5250977.72974491,-70758.82233480504,42.8002700234772,-0.20252295304089785,0.5999127123504877,0.22191056981682777
2026-04-23 07:40:31.300,3509420.4666282693,779161.5085592885,5250977.740150277,-70763.66646596884,42.77866543052667,-0.1338839065283537,0.6685003032907844,0.1040536630898714
2026-04-23 07:40:31.400,3509420.4365668595,779161.5618325475,5250977.7873825,-70768.50815534001,42.91937811656686,-0.30061409808695316,0.5327325908001512,0.4723222367465496
2026-04-23 07:40:31.500,3509420.4145475444,779161.6273479428,5250977.799998132,-70773.36490124982,42.902820184849794,-0.22019315045326948,0.6551539525389671,0.12615631334483624
2026-04-23 07:40:31.600,3509420.367616154,779161.6947929609,5250977.815804126,-70778.22146009262,42.917517373597896,-0.4693139065057039,0.6744501809589565,0.15805994160473347
2026-04-23 07:40:31.700,3509420.335898478,779161.7601787427,5250977.871148458,-70783.05950958368,43.00491356639677,-0.3171767573803663,0.6538578181061894,0.5534433200955391
2026-04-23 07:40:31.800,3509420.301163645,779161.817405019,5250977.908195137,-70787.90974505211,43.09536030773657,-0.3473483305424452,0.5722627625800669,0.3704667929559946
2026-04-23 07:40:31.900,3509420.274338684,779161.8844744986,5250977.979203739,-70792.7330833559,43.145725823075914,-0.26824960950762033,0.6706947961356491,0.7100860215723515
2026-04-23 07:40:32.000,3509420.2519549653,779161.9401657047,5250978.070959672,-70797.54445374444,43.37755710020166,-0.22383718751370907,0.5569120612926781,0.9175593312829733
2026-04-23 07:40:32.100,3509420.2262795316,779161.9892295377,5250978.171697131,-70802.35300694416,43.50926882176987,-0.25675433687865734,0.49063832964748144,1.0073745902627707
2026-04-23 07:40:32.200,3509420.191292032,779162.0450598694,5250978.283849922,-70807.15712983898,43.805361119229616,-0.34987499471753836,0.5583033175207675,1.1215279065072536
2026-04-23 07:40:32.300,3509420.2098740153,779162.1058217386,5250978.48384683,-70811.89546872057,44.246523730032315,0.18581983167678118,0.6076186918653548,1.999969081953168
2026-04-23 07:40:32.400,3509420.184859826,779162.1574611986,5250978.592846774,-70816.70113104765,44.50182386456117,-0.25014189071953297,0.5163946002721786,1.089999433606863
2026-04-23 07:40:32.500,3509417.9880333366,779162.0819977468,5250971.309434729,-70826.15148076328,41.6815450486707,-21.968264896422625,-0.7546345179434866,-72.83412044867873
2026-04-23 07:40:32.600,3509417.9354388732,779162.1218347359,5250971.326353352,-70831.00529092639,41.71624677457753,-0.5259446334093809,0.3983698901720345,0.16918622888624668
2026-04-23 07:40:32.700,3509417.8762247157,779162.1541571806,5250971.355824344,-70835.87109049351,41.733009500674044,-0.5921415751799941,0.32322444720193744,0.29470992274582386
2026-04-23 07:40:32.800,3509417.8134147865,779162.2065635922,5250971.400157865,-70840.72422139974,41.65338763564036,-0.6280992925167084,0.5240641161799431,0.4433352127671242
2026-04-23 07:40:32.900,3509417.7576604853,779162.2654388974,5250971.417355964,-70845.58125223807,41.67715857467344,-0.5575430113822222,0.5887530522886664,0.17198098823428154
2026-04-23 07:40:33.000,3509417.706984322,779162.3261635064,5250971.437171244,-70850.4350066009,41.688150185075855,-0.5067616328597069,0.6072460894938558,0.19815280102193356
2026-04-23 07:40:33.100,3509417.6602022424,779162.3813415574,5250971.455275266,-70855.29583244384,41.68523627781199,-0.46782079618424177,0.5517805099952966,0.1810402236878872
2026-04-23 07:40:33.200,3509417.624486151,779162.4408619616,5250971.490439631,-70860.14413375931,41.57490751397922,-0.3571609128266573,0.595204042037949,0.35164364613592625
2026-04-23 07:40:33.300,3509417.5807230105,779162.4806181059,5250971.491232786,-70865.00639324024,41.6263756355807,-0.4376314068213105,0.39756144280545413,0.007931552827358246
2026-04-23 07:40:33.400,3509417.5147024575,779162.5378923083,5250971.504106662,-70869.85960200765,41.64818826150206,-0.6602055300027132,0.5727420246694237,0.128738759085536
2026-04-23 07:40:33.500,3509417.467659743,779162.5815755988,5250971.5362885045,-70874.70287544024,41.66795738263001,-0.47042714431881905,0.43683290481567383,0.32181842252612114
2026-04-23 07:40:33.600,3509417.4072075314,779162.6295295814,5250971.56360729,-70879.5498979367,41.69873197348987,-0.6045221164822578,0.47953982604667544,0.2731878589838743
2026-04-23 07:40:33.700,3509417.3506492665,779162.6697049378,5250971.589197886,-70884.40071719482,41.67918699240724,-0.5655826488509774,0.40175356436520815,0.2559059578925371
2026-04-23 07:40:33.800,3509417.303194988,779162.7165119358,5250971.631424649,-70889.23407044787,41.667984094839326,-0.4745427845045924,0.46806997968815267,0.42226762510836124
2026-04-23 07:40:33.900,3509417.266743337,779162.7631694413,5250971.658970897,-70894.06807288776,41.67608582725602,-0.36451651249080896,0.46657505445182323,0.2754624839872122
2026-04-23 07:40:34.000,3509417.1965259123,779162.800578946,5250971.690374896,-70898.92326709794,41.72326663401891,-0.7021742453798652,0.3740950475912541,0.3140399884432554
2026-04-23 07:40:34.100,3509417.1388510056,779162.8452458306,5250971.716730301,-70903.76243575536,41.69525165220274,-0.5767490668222308,0.4466688458342105,0.2635540533810854
2026-04-23 07:40:34.200,3509417.086615826,779162.8859807441,5250971.740434712,-70908.60202924475,41.70169401689779,-0.5223517958074808,0.40734913549385965,0.23704410530626774
2026-04-23 07:40:34.300,3509417.0241766446,779162.922033911,5250971.780539312,-70913.43682818997,41.68047989333218,-0.624391813762486,0.3605316684115678,0.40104600600898266
2026-04-23 07:40:34.400,3509416.9699093746,779162.9527684603,5250971.812720208,-70918.28146099752,41.63378468430717,-0.5426727002486587,0.3073454927653074,0.32180896028876305
2026-04-23 07:40:34.500,3509416.8987691295,779162.9807503982,5250971.840499502,-70923.11867114133,41.65677049296716,-0.7114024506881833,0.27981937979348004,0.2777929324656725
2026-04-23 07:40:34.600,3509416.832472134,779163.0114677976,5250971.8740143,-70927.96190859194,41.67077721853646,-0.6629699561744928,0.30717399320565164,0.3351479861885309
2026-04-23 07:40:34.700,3509416.765393879,779163.0436801212,5250971.8986871615,-70932.80419447874,41.67340377647415,-0.6707825511693954,0.32212323625572026,0.24672861211001873
2026-04-23 07:40:34.800,3509416.7022872306,779163.061712394,5250971.945350873,-70937.62569879492,41.71558290904251,-0.6310664815828204,0.18032272811979055,0.4666371177881956
2026-04-23 07:40:34.900,3509416.6149925156,779163.0617292823,5250971.981169808,-70942.46613174072,41.76059821459682,-0.8729471499100327,0.00016888254322111607,0.35818934440612793
2026-04-23 07:40:35.000,3509416.5583010754,779163.0860633698,5250972.029790282,-70947.27412093173,41.83737863510738,-0.5669144028797746,0.24334087502211332,0.4862047452479601
2026-04-23 07:40:35.100,3509416.480038787,779163.1055194287,5250972.056605293,-70952.11801858668,41.80754021850532,-0.782622885890305,0.19456058973446488,0.2681501116603613
2026-04-23 07:40:35.200,3509416.427663306,779163.1424780623,5250972.112541718,-70956.9231739881,41.78401374832321,-0.5237548099830747,0.36958633572794497,0.5593642499297857
2026-04-23 07:40:35.300,3509416.350740137,779163.1547275343,5250972.134037678,-70961.76949048133,41.82872599431498,-0.7692316872999072,0.12249471968971193,0.21495959721505642
2026-04-23 07:40:35.400,3509416.298136722,779163.1807948657,5250972.179497637,-70966.57980442689,41.830111916495746,-0.526034152135253,0.26067331433296204,0.4545995872467756
2026-04-23 07:40:35.500,3509416.2293352084,779163.2053075137,5250972.224085066,-70971.40228475536,41.8846182491652,-0.6880151340737939,0.24512648000381887,0.4458742868155241
2026-04-23 07:40:35.600,3509416.166877809,779163.238099122,5250972.262990018,-70976.2194928748,41.936563013215135,-0.6245739944279194,0.32791608246043324,0.3890495281666517
2026-04-23 07:40:35.700,3509416.0814712294,779163.263447192,5250972.293092755,-70981.05547272072,41.92561370029209,-0.8540657954290509,0.25348070077598095,0.30102736316621304
2026-04-23 07:40:35.800,3509416.0256808763,779163.3001466289,5250972.34481774,-70985.85800836195,41.984930201266366,-0.5579035310074687,0.366994368378073,0.5172498524188995
2026-04-23 07:40:35.900,3509415.959832281,779163.3197646638,5250972.371516358,-70990.691725205,41.98545827754988,-0.6584859546273947,0.19618034944869578,0.26698618195950985
2026-04-23 07:40:36.000,3509415.8799857264,779163.3372030235,5250972.409888249,-70995.50864659334,42.041196122101375,-0.7984655443578959,0.17438359674997628,0.38371890783309937
2026-04-23 07:40:36.100,3509415.8090672884,779163.3591829021,5250972.435045545,-71000.34001866242,42.05064977761145,-0.709184380248189,0.21979878656566143,0.2515729609876871
2026-04-23 07:40:36.200,3509415.740991104,779163.3857908184,5250972.462321245,-71005.16112250206,42.119876790770434,-0.6807618448510766,0.26607916224747896,0.27275700122117996
2026-04-23 07:40:36.300,3509415.6622460354,779163.4057385863,5250972.507420418,-71009.98134560545,42.18762045996185,-0.7874506851658225,0.1994776795618236,0.450991727411747
2026-04-23 07:40:36.400,3509415.6018167837,779163.4195806049,5250972.548130974,-71014.79642293967,42.213673681334996,-0.6042925175279379,0.13842018553987145,0.4071055632084608
2026-04-23 07:40:36.500,3509415.518372708,779163.4167838881,5250972.5702504115,-71019.62058376269,42.305095472504426,-0.8344407565891743,-0.027967167552560568,0.22119437344372272
2026-04-23 07:40:36.600,3509415.4543965273,779163.4253680038,5250972.603466487,-71024.43742392134,42.22409486263646,-0.6397618073970079,0.08584115654230118,0.3321607504040003
2026-04-23 07:40:36.700,3509415.396832472,779163.4364256017,5250972.651281059,-71029.23934289445,42.26905007838259,-0.575640550814569,0.11057597934268415,0.4781457222998142
2026-04-23 07:40:36.800,3509415.3350419863,779163.4440318544,5250972.707179178,-71034.0278651668,42.28092494372443,-0.6179048586636782,0.07606252678669989,0.5589811876416206
2026-04-23 07:40:36.900,3509415.2681810036,779163.4472770107,5250972.730983366,-71038.84292622226,42.33311804174797,-0.6686098268255591,0.0324515625834465,0.23804188705980778
2026-04-23 07:40:37.000,3509415.1950541423,779163.4517917028,5250972.773133387,-71043.66086536954,42.39094116881271,-0.7312686135992408,0.045146921183913946,0.42150020599365234
2026-04-23 07:40:37.100,3509415.133522003,779163.4365237643,5250972.828464433,-71048.46215419524,42.335445815046526,-0.6153213931247592,-0.15267938491888344,0.5533104576170444
2026-04-23 07:40:37.200,3509415.07673787,779163.4292088705,5250972.878552079,-71053.25666271365,42.44559097143896,-0.5678413296118379,-0.07314893766306341,0.5008764658123255
2026-04-23 07:40:37.300,3509414.99293236,779163.3962981161,5250972.90258086,-71058.07772644627,42.55458823216054,-0.8380550984293222,-0.32910754438489676,0.240287808701396
2026-04-23 07:40:37.400,3509414.915996314,779163.386717222,5250972.963139165,-71062.87494288606,42.47885918934257,-0.7693604612722993,-0.0958089402411133,0.6055830512195826
2026-04-23 07:40:37.500,3509414.8490755707,779163.4085363224,5250972.997473482,-71067.67891234576,42.56192590829122,-0.6692074332386255,0.2181910036597401,0.34334316849708557
2026-04-23 07:40:37.600,3509415.606337189,779162.7283508983,5250974.199204332,-71071.3426106396,51.08149679462449,7.572616185061634,-6.801854241639376,12.017308501526713
2026-04-23 07:40:37.700,3509414.7352105556,779163.4056949129,5250973.109398067,-71077.28775568494,42.492484401454405,-8.711266336031258,6.773440146353096,-10.898062651976943
2026-04-23 07:40:37.800,3509414.6493288903,779163.4185632484,5250973.140487852,-71082.11876613833,42.55403236714177,-0.8588166534900665,0.12868335470557213,0.310897845774889
2026-04-23 07:40:37.900,3509415.4158673645,779162.735412816,5250974.334164948,-71085.78701209724,51.125941297573284,7.665384742431343,-6.831504323054105,11.936770966276526
2026-04-23 07:40:38.000,3509415.356593267,779162.7475423324,5250974.389001466,-71090.58590991874,51.04320201881675,-0.5927409743890166,0.12129516340792179,0.548365181311965
2026-04-23 07:40:38.100,3509415.2819419294,779162.7707902169,5250974.433210257,-71095.40728314084,51.065492733738814,-0.7465133769437671,0.23247884470038116,0.44208791106939316
2026-04-23 07:40:38.200,3509415.2324761716,779162.778670969,5250974.502451595,-71100.21923556572,51.0090519875822,-0.4946575779467821,0.07880752091296017,0.6924133747816086
2026-04-23 07:40:38.300,3509415.168559943,779162.8045081722,5250974.535334882,-71105.04964986931,51.077356364097,-0.6391622871160507,0.25837203254923224,0.3288328740745783
2026-04-23 07:40:38.400,3509415.0962987114,779162.8301151127,5250974.568621154,-71109.89232887293,51.05840552141156,-0.7226123148575425,0.25606940500438213,0.3328627161681652
2026-04-23 07:40:38.500,3509415.0384441265,779162.8583209078,5250974.619994426,-71114.71725937403,51.04518925359761,-0.578545848838985,0.2820579509716481,0.5137327220290899
2026-04-23 07:40:38.600,3509414.9623420155,779162.8629452897,5250974.66438251,-71119.55595249079,51.000353040658574,-0.7610211102291942,0.04624381894245744,0.4438808374106884
2026-04-23 07:40:38.700,3509414.892756418,779162.8699145118,5250974.709850734,-71124.39791815581,51.12230661124552,-0.6958559760823846,0.06969222100451589,0.45468224212527275
2026-04-23 07:40:38.800,3509414.8406921336,779162.8926712887,5250974.76063398,-71129.23501645493,50.98207554662588,-0.5206428421661258,0.22756776888854802,0.507832458242774
2026-04-23 07:40:38.900,3509414.7702816697,779162.9174674634,5250974.792288825,-71134.08665827174,51.022821454198684,-0.7041046395897865,0.24796174722723663,0.31654844991862774
2026-04-23 07:40:39.000,3509414.692393378,779162.9124288302,5250974.831777128,-71138.94387574821,51.10461796168336,-0.7788829179480672,-0.05038633244112134,0.3948830347508192
2026-04-23 07:40:39.100,3509414.6217979104,779162.9310172107,5250974.863574529,-71143.79544921426,51.10869837740098,-0.7059546746313572,0.18588380538858473,0.31797400675714016
2026-04-23 07:40:39.200,3509413.7824230217,779163.591966266,5250973.837299632,-71149.71701611826,42.43051859385642,-8.393748886883259,6.609490553382784,-10.262748971581459
2026-04-23 07:40:39.300,3509413.7167592193,779163.5994840141,5250973.875730961,-71154.5609799159,42.33725088759745,-0.6566380243748426,0.07517748046666384,0.3843132872134447
2026-04-23 07:40:39.400,3509413.672850392,779163.627624444,5250973.941101061,-71159.38757242051,42.25039696765416,-0.4390882747247815,0.28140429873019457,0.6537010055035353
2026-04-23 07:40:39.500,3509413.589551889,779163.6309154269,5250973.967715773,-71164.24550395091,42.310905460643305,-0.8329850295558572,0.032909829169511795,0.2661471161991358
2026-04-23 07:40:39.600,3509414.288112181,779163.0053543304,5250975.085225777,-71168.02532436981,50.982585546198095,6.985602919012308,-6.255610964726657,11.175100039690733
2026-04-23 07:40:39.700,3509414.2341729947,779163.032489029,5250975.127418883,-71172.8718674639,51.04387797858261,-0.5393918603658676,0.27134698582813144,0.4219310637563467
2026-04-23 07:40:39.800,3509413.3682052228,779163.6972455375,5250974.059106857,-71178.83954319288,42.383461848773685,-8.659677719697356,6.647565085440874,-10.683120265603065
2026-04-23 07:40:39.900,3509413.2782408847,779163.7018747756,5250974.080432909,-71183.71951686913,42.39517796114038,-0.899643381126225,0.046292380429804325,0.21326052024960518
2026-04-23 07:40:40.000,3509413.2379629174,779163.7130006956,5250974.128900605,-71188.56845367052,42.33612264077363,-0.4027796722948551,0.1112591999117285,0.4846769664436579
2026-04-23 07:40:40.100,3509413.1628384716,779163.7099753941,5250974.150772114,-71193.44462936332,42.30096769839976,-0.7512444583699107,-0.030253014992922544,0.2187150903046131
2026-04-23 07:40:40.200,3509413.103724502,779163.7263530943,5250974.199659854,-71198.28764655444,42.30570900355225,-0.5911396956071258,0.16377700259909034,0.4888773988932371
2026-04-23 07:40:40.300,3509413.8290889836,779163.0719638658,5250975.360981762,-71202.04624329068,51.00569042583615,7.253644815646112,-6.5438922855537385,11.6132190823555
2026-04-23 07:40:40.400,3509412.934158025,779163.7275982783,5250974.24803783,-71208.06221596865,42.41456068779483,-8.949309587478638,6.556344125419855,-11.129439324140549
2026-04-23 07:40:40.500,3509412.8653988545,779163.737075144,5250974.285405272,-71212.92923841233,42.46566162222749,-0.6875917036086321,0.09476865641772747,0.37367441691458225
2026-04-23 07:40:40.600,3509412.7878354397,779163.7391717497,5250974.324139473,-71217.80896617824,42.4548290324758,-0.775634148158133,0.02096605719998479,0.38734201341867447
2026-04-23 07:40:40.700,3509413.548013494,779163.0630049827,5250975.5232757265,-71221.52481389843,51.04079307054503,7.6017805421724916,-6.761667670216411,11.991362534463406
2026-04-23 07:40:40.800,3509415.4299812866,779165.7533149245,5250976.634551381,-71224.88339023184,51.46097314812049,18.819677927531302,26.903099418850616,11.112756542861462
2026-04-23 07:40:40.900,3509417.275174943,779165.2514366219,5250978.922633182,-71227.39793810289,63.17577598361987,18.451936561614275,-5.018783026607707,22.88081801496446
2026-04-23 07:40:41.000,3509415.1722494275,779165.8115990565,5250976.588658225,-71234.7623891491,52.00473664024957,-21.02925515267998,5.601624345872551,-23.339749574661255
2026-04-23 07:40:41.100,3509412.353041605,779164.0790867914,5250974.376873806,-71242.31152752282,43.250157837438294,-28.192078224383295,-17.32512265094556,-22.117844186723232
2026-04-23 07:40:41.200,3509412.3533378444,779164.1166068005,5250974.477509249,-71247.1205466492,43.181208786900285,0.0029623927548527718,0.37520009092986584,1.0063544288277626
2026-04-23 07:40:41.300,3509412.3242797214,779164.1597923684,5250974.535168521,-71251.9636855945,43.038688469181636,-0.29058123007416725,0.4318556794896722,0.5765927210450172
2026-04-23 07:40:41.400,3509412.2593328357,779164.1677593575,5250974.589860273,-71256.81521503275,43.14227354618998,-0.6494688568636775,0.07966989069245756,0.5469175148755312
2026-04-23 07:40:41.500,3509416.8484048424,779165.3529186463,5250979.1726372335,-71256.61775775436,63.26269405678763,45.89072006754577,11.851592888124287,45.82776960916817
2026-04-23 07:40:41.600,3509416.8014416727,779165.383059723,5250979.2108021,-71261.48451106888,62.96394578576058,-0.4696316970512271,0.3014107665512711,0.38164866156876087
2026-04-23 07:40:41.700,3509454.6686503543,779164.7064512344,5251003.0061195195,-71231.15723083628,24.936777541371008,378.67208681534976,-6.766084885457531,237.95317419804633
2026-04-23 07:40:41.800,3509416.462565189,779165.4190419299,5250979.189093592,-71271.39655928341,63.6364592708563,-382.06085165031254,7.125906954752281,-238.17025927826762
2026-04-23 07:40:41.900,3509414.6107350644,779165.9078182619,5250977.14314176,-71278.45699126288,51.439175460025304,-18.518301248550415,4.887763320002705,-20.45951832085848
2026-04-23 07:40:42.000,3509414.5377481612,779165.9193858474,5250977.158726925,-71283.33237491257,51.456340772487415,-0.7298690313473344,0.11567585519514978,0.15585165470838547
2026-04-23 07:40:42.100,3509454.435791571,779164.7702998632,5251003.204073354,-71250.59814351314,24.861318466592408,398.9804340992123,-11.490859842160717,260.45346428640187
2026-04-23 07:40:42.200,3509416.335242073,779166.1213468072,5250977.952248299,-71291.55874593544,67.97022366740693,-381.00549498107284,13.510469440370798,-252.51825055107474
2026-04-23 07:40:42.300,3509411.471336061,779164.2701727898,5250974.913526054,-71300.76751347799,43.27169816458927,-48.63906011916697,-18.511740174144506,-30.387222450226545
2026-04-23 07:40:42.400,3509411.3966470044,779164.2653686826,5250974.952387011,-71305.6499832688,43.26537720304029,-0.7468905672430992,-0.04804107244126499,0.3886095713824034
2026-04-23 07:40:42.500,3509411.321404968,779164.2382796967,5250975.002274118,-71310.52130269702,43.22210772383995,-0.7524203648790717,-0.27088985894806683,0.4988710768520832
2026-04-23 07:40:42.600,3509411.267076783,779164.22134725,5250975.0334818605,-71315.39270544045,43.19246934739265,-0.5432818504050374,-0.16932446626015007,0.312077421694994
2026-04-23 07:40:42.700,3509417.286741009,779166.9293649759,5250985.150852177,-71312.04115883302,51.525178806648306,60.19664226099849,27.0801772584673,101.17370316758752
2026-04-23 07:40:42.800,3509417.239913751,779166.9345594328,5250985.220787515,-71316.89734012923,51.53853114053227,-0.46827258076518774,0.051944568986073136,0.699353376403451
2026-04-23 07:40:42.900,3509417.179606177,779166.9228163327,5250985.2452106085,-71321.78845257698,51.54780920349689,-0.6030757399275899,-0.11743100127205253,0.24423093535006046
2026-04-23 07:40:43.000,3509417.1350806574,779166.9376935462,5250985.316112347,-71326.65248391134,51.57272810364617,-0.44525519479066133,0.1487721351440996,0.7090173847973347
2026-04-23 07:40:43.100,3509417.078493019,779166.9359585652,5250985.332002809,-71331.54040497058,51.438173047688835,-0.5658763833343983,-0.01734980964101851,0.15890462324023247
2026-04-23 07:40:43.200,3509417.0272049243,779166.9421020384,5250985.369895198,-71336.41426309342,51.39751895298052,-0.5128809483721852,0.06143473205156624,0.37892389111220837
2026-04-23 07:40:43.300,3509412.9946980802,779163.6391601805,5250981.478219842,-71345.54078035202,46.89383998257471,-40.325068440288305,-33.02941857953556,-38.91675356775522
2026-04-23 07:40:43.400,3509412.9449383933,779163.6454241513,5250981.532881374,-71350.40543300397,46.768322756527475,-0.49759686924517155,0.06263970863074064,0.54661531932652
2026-04-23 07:40:43.500,3509414.285531437,779162.4808503118,5250981.655443853,-71354.13075582506,47.547444331372745,13.405930437147617,-11.64573839516379,1.225624792277813
2026-04-23 07:40:43.600,3509415.6463478534,779165.688683705,5250983.071671165,-71359.34359491861,36.085461278300016,13.608164163306355,32.07833393244073,14.162273118272424
2026-04-23 07:40:43.700,3509415.5852238256,779165.6890797963,5250983.127228618,-71364.20628673983,36.09297617896895,-0.6112402770668268,0.003960912581533194,0.5555745307356119
2026-04-23 07:40:43.800,3509412.5972345164,779163.4489361602,5250981.610108014,-71369.8533878561,48.29654351881505,-29.87989309243858,-22.4014363612514,-15.171206034719944
2026-04-23 07:40:43.900,3509416.1462576785,779164.769891111,5250983.151579839,-71373.25794870371,40.650885238887554,35.49023162107915,13.209549507591873,15.414718249812722
2026-04-23 07:40:44.000,3509416.095017701,779164.7775377836,5250983.219565866,-71378.10911985526,40.71427280771612,-0.5123997759073973,0.0764667266048491,0.6798602640628815
2026-04-23 07:40:44.100,3509416.021415262,779164.7798062185,5250983.297547253,-71382.97285923475,40.93149505380334,-0.7360243890434504,0.022684348514303565,0.7798138726502657
2026-04-23 07:40:44.200,3509415.9686090406,779164.8019666626,5250983.324376871,-71387.8646017003,40.86016361351543,-0.5280622141435742,0.22160444175824523,0.268296180292964
2026-04-23 07:40:44.300,3509415.8990159733,779164.801400599,5250983.357650869,-71392.7631010863,40.91478980362804,-0.6959306728094816,-0.005660636816173792,0.33273997716605663
2026-04-23 07:40:44.400,3509413.0739566013,779167.1190323571,5250974.36024495,-71404.1623124609,24.005920541859847,-28.250593720003963,23.176317581674084,-89.97405918315053
2026-04-23 07:40:44.500,3509412.9921776247,779167.1364212008,5250974.410165282,-71409.04319325475,24.00417736040958,-0.8177897660061717,0.1738884369842708,0.49920331686735153
2026-04-23 07:40:44.600,3509412.9040815504,779167.1389707794,5250974.444214102,-71413.93826536815,24.008518379727448,-0.8809607429429889,0.02549578552134335,0.3404881991446018
2026-04-23 07:40:44.700,3509412.8174312213,779167.1496842015,5250974.485021415,-71418.8430871038,24.052663754955535,-0.8665032917633653,0.10713422088883817,0.4080731328576803
2026-04-23 07:40:44.800,3509412.7575123347,779167.1705923524,5250974.533561941,-71423.72814744955,24.00807500401936,-0.5991888651624322,0.20908150938339531,0.4854052606970072
2026-04-23 07:40:44.900,3509412.7107509156,779167.1869680061,5250974.600389016,-71428.60199175576,24.022136226288968,-0.4676141915842891,0.16375653678551316,0.6682707462459803
2026-04-23 07:40:45.000,3509412.6068163104,779167.184731708,5250974.61933199,-71433.50729139887,24.04850462261614,-1.03934605140239,-0.022362980525940657,0.18942974507808685
2026-04-23 07:40:45.100,3509412.5513830953,779167.1896768023,5250974.659163951,-71438.38244796603,24.022204943475753,-0.5543321510776877,0.04945094231516123,0.3983196057379246
2026-04-23 07:40:45.200,3509412.470923101,779167.2012214054,5250974.697926263,-71443.26721986022,24.01673446290231,-0.8045999426394701,0.1154460315592587,0.3876231238245964
2026-04-23 07:40:45.300,3509412.3820229345,779167.222128297,5250974.7611656375,-71448.14831616572,24.030345234725743,-0.8890016656368971,0.20906891557388008,0.632393741980195
2026-04-23 07:40:45.400,3509412.3340060143,779167.2510464061,5250974.810300783,-71453.00555312411,23.95269383362267,-0.4801692022010684,0.2891810913570225,0.49135145731270313
2026-04-23 07:40:45.500,3509412.2535113934,779167.269738397,5250974.858165147,-71457.89003402763,23.88046001302706,-0.8049462083727121,0.18691990873776376,0.4786436352878809
2026-04-23 07:40:45.600,3509412.1732712765,779167.261145263,5250974.878832101,-71462.7785817131,23.988919349313743,-0.8024011692032218,-0.08593133999966085,0.2066695410758257
2026-04-23 07:40:45.700,3509419.900300592,779173.1899351813,5250983.2971781315,-71459.47958639375,8.182413369714068,77.27029315661639,59.2878991831094,84.18346030637622
2026-04-23 07:40:45.800,3509419.7854716396,779173.2016379711,5250983.326552279,-71464.3852659937,8.262378158195974,-1.1482895258814096,0.11702789808623493,0.2937414776533842
2026-04-23 07:40:45.900,3509419.7396448287,779173.2137915744,5250983.385956756,-71469.23328521755,8.246140686466052,-0.45826810877770185,0.12153603252954781,0.594044765457511
2026-04-23 07:40:46.000,3509419.71414728,779173.2277853333,5250983.466959185,-71474.0703052569,8.225620373412577,-0.2549754874780774,0.13993758941069245,0.8100242912769318
2026-04-23 07:40:46.100,3509419.6764966194,779173.2329615173,5250983.498066181,-71478.92430811268,8.174573951564783,-0.3765066061168909,0.051761840004473925,0.3110699634999037
2026-04-23 07:40:46.200,3509419.608455621,779173.24631595,5250983.564316892,-71483.79347186256,8.153995152131772,-0.6804099818691611,0.13354432652704418,0.6625071074813604
2026-04-23 07:40:46.300,3509432.8970722156,779171.0798038812,5250992.360079568,-71475.38010466902,6.654445777039408,132.88616594392806,-21.6651206871029,87.9576267581433
2026-04-23 07:40:46.400,3509432.8370297994,779171.0849812293,5250992.397460472,-71480.23480806308,6.64847432365154,-0.6004241621121764,0.0517734803725034,0.3738090395927429
2026-04-23 07:40:46.500,3509432.823087811,779171.0986667416,5250992.487680589,-71485.04104501013,6.5831202312747354,-0.13941988348960876,0.13685512356460094,0.9022011701017618
2026-04-23 07:40:46.600,3509432.7504825774,779171.1320555542,5250992.546968615,-71489.92808094794,6.603285724318154,-0.7260523363947868,0.3338881256058812,0.5928802583366632
2026-04-23 07:40:46.700,3509432.6588979545,779171.1408948083,5250992.56597041,-71494.82878004243,6.6105482936836255,-0.9158462285995483,0.0883925415109843,0.1900179497897625
2026-04-23 07:40:46.800,3509432.609641376,779171.1358304938,5250992.645510113,-71499.67079128491,6.561758897501004,-0.4925657855346799,-0.050643145805224776,0.7953970320522785
2026-04-23 07:40:46.900,3509432.57772424,779171.1480587788,5250992.735526572,-71504.49843486548,6.567935058225318,-0.31917136162519455,0.12228285078890622,0.9001645911484957
2026-04-23 07:40:47.000,3509432.4402025943,779171.1917549958,5250992.709695777,-71509.46057944166,6.549566835093179,-1.3752164551988244,0.436962170060724,-0.2583079505711794
2026-04-23 07:40:47.100,3509452.175450462,779165.0679351888,5251006.304539173,-71493.26255363705,26.598197657146407,197.35247867647558,-61.23819807078689,135.94843395985663
2026-04-23 07:40:47.200,3509432.341335108,779171.1966628557,5250992.851572738,-71519.1482387122,6.544522508889424,-198.34115353878587,61.28727666917257,-134.5296643488109
2026-04-23 07:40:47.300,3509451.762360487,779165.188065474,5251006.248679023,-71503.28314119486,25.912871996218968,194.21025379095227,-60.085973816458136,133.97106285206974
2026-04-23 07:40:47.400,3509451.619183854,779165.2370588701,5251006.20896656,-71508.2521492871,25.67000588522887,-1.4317663293331861,0.489933961071074,-0.3971246350556612
2026-04-23 07:40:47.500,3509432.171592744,779171.2513239906,5250993.010245692,-71533.73535159697,6.429110241760103,-194.47591110132635,60.14265120495111,-131.98720867745578
2026-04-23 07:40:47.600,3509451.4392753993,779165.2781721216,5251006.294158407,-71518.04035302858,25.570219630584045,192.6768265524879,-59.7315186902415,132.8391271457076
2026-04-23 07:40:47.700,3509451.3350685416,779165.2990149775,5251006.314734365,-71522.95416488775,25.383393895465588,-1.0420685773715377,0.2084285591263324,0.2057595830410719
2026-04-23 07:40:47.800,3509431.9892588016,779171.2622713732,5250993.188119099,-71548.33583060726,6.44795746929298,-193.45809740014374,59.63256395654753,-131.2661526631564
2026-04-23 07:40:47.900,3509431.8998848223,779171.2851240432,5250993.2073785,-71553.23853851501,6.476173104786254,-0.8937397925183177,0.22852670052088797,0.19259401597082615
2026-04-23 07:40:48.000,3509451.073704441,779165.3354614289,5251006.417594214,-71537.6374482422,25.302979402643686,191.73819618765265,-59.49662614380941,132.10215713828802
2026-04-23 07:40:48.100,3509431.791078443,779171.2913729496,5250993.303934066,-71562.9630601464,6.474791391568747,-192.82625997904688,59.559115207521245,-131.13660148344934
2026-04-23 07:40:48.200,3509431.6988010285,779171.3032506433,5250993.342591909,-71567.85200815502,6.434249867148879,-0.9227741463109851,0.11877693701535463,0.386578431352973
2026-04-23 07:40:48.300,3509409.8371341694,779164.130955638,5250984.047186721,-71588.9955032948,45.51482088530775,-218.6166685912758,-71.72295005293563,-92.95405187644064
2026-04-23 07:40:48.400,3509409.847678695,779164.1355880311,5250984.095414326,-71593.82208683061,45.58812670017944,0.1054452545940876,0.04632393131032586,0.4822760447859764
2026-04-23 07:40:48.500,3509409.8642833265,779164.1304912266,5250984.162036731,-71598.63123766966,45.54555050705671,0.16604631673544645,-0.050968045834451914,0.6662240531295538
2026-04-23 07:40:48.600,3509411.644890212,779163.5887777061,5250983.356067048,-71602.72073851415,52.2970097311181,17.806068854406476,-5.417135204188526,-8.059696825221181
2026-04-23 07:40:48.700,3509411.589680234,779163.6086589918,5250983.457123038,-71607.57022036295,52.45619084376828,-0.5520997801795602,0.19881285610608757,1.0105598997324705
2026-04-23 07:40:48.800,3509411.524669503,779163.6231729393,5250983.503437142,-71612.44832730178,52.286625859966435,-0.6501073110848665,0.14513947535306215,0.4631410352885723
2026-04-23 07:40:48.900,3509411.422930904,779163.6385782721,5250983.544157132,-71617.34889011503,52.45906015118023,-1.0173859866335988,0.15405332786031067,0.4071998968720436
2026-04-23 07:40:49.000,3509411.329459223,779163.6279254925,5250983.572471536,-71622.2387883322,52.40636792354752,-0.9347168123349547,-0.1065277960151434,0.2831440418958664
2026-04-23 07:40:49.100,3509411.2715359363,779163.613947022,5250983.637214653,-71627.09705545427,52.33234940859872,-0.5792328668758273,-0.1397847046609968,0.6474311742931604
2026-04-23 07:40:49.200,3509411.1905760397,779163.6094049185,5250983.674352543,-71631.98197266637,52.334755274207225,-0.8095989655703306,-0.04542103502899408,0.37137890234589577
2026-04-23 07:40:49.300,3509416.4206889,779160.728746917,5250982.321266654,-71633.78363266101,44.7988406270469,52.30112860444933,-28.806580015225336,-13.53085889481008
2026-04-23 07:40:49.400,3509416.3249900453,779160.7326290505,5250982.341967156,-71638.69725005692,44.90322788327884,-0.9569885488599539,0.03882133518345654,0.20700502209365368
2026-04-23 07:40:49.500,3509416.2555100704,779160.7387238089,5250982.396453745,-71643.57118850827,44.874503358595234,-0.6947997491806746,0.06094758398830891,0.5448658857494593
2026-04-23 07:40:49.600,3509416.1467531924,779160.7489544145,5250982.433928047,-71648.47266151983,44.85653876878677,-1.087568779475987,0.10230605606921017,0.3747430257499218
2026-04-23 07:40:49.700,3509416.07293644,779160.7673683718,5250982.455110086,-71653.36224449608,44.882430582249356,-0.7381675252690911,0.18413957324810326,0.21182038821280003
2026-04-23 07:40:49.800,3509416.001910179,779160.7445741002,5250982.468792634,-71658.26603674545,44.93068289403417,-0.7102626096457243,-0.22794271586462855,0.13682547956705093
2026-04-23 07:40:49.900,3509415.925564889,779160.7388952315,5250982.504647534,-71663.16104806498,44.91812493778151,-0.7634529005736113,-0.0567886873614043,0.35854900255799294
2026-04-23 07:40:50.000,3509415.8457631543,779160.7275762359,5250982.524576272,-71668.06330132807,44.943853459458666,-0.7980173453688622,-0.11318995617330074,0.19928737543523312
2026-04-23 07:40:50.100,3509415.7633999363,779160.7098501822,5250982.559032967,-71672.96776977894,44.91903712809308,-0.8236321806907654,-0.17726053716614842,0.34456695429980755
2026-04-23 07:40:50.200,3509415.6836544615,779160.679174212,5250982.587909146,-71677.86297098818,44.92503233609406,-0.7974547473713756,-0.30675970134325325,0.2887617889791727
2026-04-23 07:40:50.300,3509415.5987166655,779160.6701441234,5250982.615903006,-71682.7581018471,44.943592787157186,-0.8493779599666595,-0.09030088665895164,0.27993859723210335
2026-04-23 07:40:50.400,3509415.5539433085,779160.6447797458,5250982.650669163,-71687.64144702053,45.03019846313466,-0.4477335698902607,-0.2536437753587961,0.34766157157719135
2026-04-23 07:40:50.500,3509411.7745065205,779161.450526127,5250985.977133265,-71692.46857104679,53.70154060791605,-37.79436788056046,8.057463811710477,33.264641016721725
2026-04-23 07:40:50.600,3509411.6631099726,779161.4124244773,5250985.958940041,-71697.41092226093,53.838456241612384,-1.1139654787257314,-0.38101649726741016,-0.18193223513662815
2026-04-23 07:40:50.700,3509411.607126847,779161.3958716715,5250985.988052712,-71702.29461351807,53.77335087266298,-0.5598312569782138,-0.1655280578415841,0.29112670570611954
2026-04-23 07:40:50.800,3509412.231326334,779161.0188992238,5250987.125804604,-71706.15652710163,80.29196226799039,6.241994872689247,-3.7697244773153216,11.37751892209053
2026-04-23 07:40:50.900,3509412.193570373,779160.9827382219,5250987.164424819,-71711.0280755066,80.26307886058171,-0.37755961064249277,-0.36161001888103783,0.3862021490931511
2026-04-23 07:40:51.000,3509412.121986729,779160.93878388,5250987.190177369,-71715.92901561718,80.35229890632654,-0.7158364402130246,-0.4395434190519154,0.2575254999101162
2026-04-23 07:40:51.100,3509412.0715160104,779160.8933249483,5250987.240825894,-71720.80445483977,80.2524289601333,-0.5047071864828467,-0.45458931708708405,0.506485253572464
2026-04-23 07:40:51.200,3509411.9943136643,779160.8587224473,5250987.276790271,-71725.70160909843,80.2548530646075,-0.7720234617590904,-0.3460250096395612,0.3596437629312277
2026-04-23 07:40:51.300,3509411.9175950927,779160.8094262399,5250987.285885927,-71730.62300469186,80.33210843376027,-0.7671857159584761,-0.49296207376755774,0.0909565668553114
2026-04-23 07:40:51.400,3509411.899279928,779160.7579058262,5250987.322019967,-71735.49641796213,80.31897642887853,-0.1831516483798623,-0.5152041371911764,0.36134039983153343
2026-04-23 07:40:51.500,3509411.858803522,779160.7004218266,5250987.363331468,-71740.37360511292,80.28279936140615,-0.4047640599310398,-0.5748399964068085,0.4131150059401989
2026-04-23 07:40:51.600,3509411.7863145284,779160.6436376707,5250987.355563435,-71745.30762484962,80.49532650446821,-0.7248899340629578,-0.5678415589500219,-0.0776803307235241
2026-04-23 07:40:51.700,3509411.76593372,779160.5749585477,5250987.405268586,-71750.19169269378,80.39257162077323,-0.20380808506160975,-0.6867912295274436,0.49705151468515396
2026-04-23 07:40:51.800,3509411.7077181414,779160.5254645947,5250987.431814785,-71755.09360471703,80.41214191768313,-0.582155785523355,-0.49493953003548086,0.2654619887471199
2026-04-23 07:40:51.900,3509411.6306386655,779160.4633215722,5250987.461213238,-71760.01951068739,80.29300670713799,-0.7707947585731745,-0.621430225437507,0.2939845249056816
2026-04-23 07:40:52.000,3509411.639612519,779160.3818620291,5250987.489170603,-71764.90071627275,80.3812371254463,0.08973853662610054,-0.8145954308565706,0.2795736584812403
2026-04-23 07:40:52.100,3509411.6077983896,779160.3095610329,5250987.502548918,-71769.8282520026,80.39428103372133,-0.31814129557460546,-0.7230099616572261,0.13378314673900604
2026-04-23 07:40:52.200,3509411.529832264,779160.2404069894,5250987.533356363,-71774.76639915105,80.33029330139962,-0.7796612568199635,-0.6915404356550425,0.3080744482576847
2026-04-23 07:40:52.300,3509411.4648823044,779160.1620304505,5250987.569370008,-71779.6802720707,80.21114723667814,-0.6494995951652527,-0.783765388187021,0.36013645119965076
2026-04-23 07:40:52.400,3509411.5212441823,779160.0607996314,5250987.580600012,-71784.55077936393,80.37236189203746,0.5636187782511115,-1.012308191275224,0.11230004020035267
2026-04-23 07:40:52.500,3509411.46769748,779159.9876686864,5250987.578331951,-71789.4752111641,80.32435076751086,-0.5354670202359557,-0.7313094497658312,-0.022680610418319702
2026-04-23 07:40:52.600,3509405.629811331,779162.1496059131,5250986.571177754,-71798.50265757236,59.50369739524604,-58.378861490637064,21.619372266577557,-10.071541974321008
2026-04-23 07:40:52.700,3509405.627280718,779162.0581291782,5250986.620916735,-71803.36813834845,59.40318611840408,-0.025306129828095436,-0.914767348440364,0.49738981761038303
2026-04-23 07:40:52.800,3509405.5994034926,779161.9779060404,5250986.675838891,-71808.23975783393,59.254842172657185,-0.27877225540578365,-0.8022313786204904,0.5492215603590012
2026-04-23 07:40:52.900,3509405.585795082,779161.8960603301,5250986.661053153,-71813.14243684121,59.33155389457885,-0.13608410488814116,-0.818457102868706,-0.14785738661885262
2026-04-23 07:40:53.000,3509405.5662247026,779161.821107493,5250986.699705506,-71818.01989887496,59.17960705206968,-0.1957037951797247,-0.7495283707976341,0.3865235298871994
2026-04-23 07:40:53.100,3509413.229479981,779159.4019810839,5250982.793635922,-71820.82084563478,59.15316940597586,76.63255278486758,-24.191264091059566,-39.060695841908455
2026-04-23 07:40:53.200,3509405.5302453395,779161.659461885,5250986.759004141,-71827.79733654475,59.163550247844,-76.99234641622752,22.574808010831475,39.65368219651282
2026-04-23 07:40:53.300,3509413.1696222364,779159.2569226067,5250982.843643951,-71830.62154082792,59.05235709326067,76.39376896899194,-24.025392782641575,-39.15360189974308
2026-04-23 07:40:53.400,3509413.132840505,779159.1915120797,5250982.847823741,-71835.53346774641,58.99225041547541,-0.3678173152729869,-0.6541052705142647,0.04179789684712887
2026-04-23 07:40:53.500,3509407.205416061,779161.4923453832,5250980.965355553,-71845.16464511033,49.30529461665133,-59.27424443885684,23.008333034813404,-18.824681881815195
2026-04-23 07:40:53.600,3509407.190259145,779161.413458043,5250980.984413439,-71850.05804104703,49.321904138159965,-0.15156915877014399,-0.7888734014704823,0.1905788667500019
2026-04-23 07:40:53.700,3509407.1476856903,779161.3399597334,5250981.016856457,-71854.95097597997,49.24072606847438,-0.42573454789817333,-0.7349830958992243,0.32443017698824406
2026-04-23 07:40:53.800,3509407.1378235356,779161.2582505543,5250981.058810421,-71859.8222279059,49.18328192463617,-0.09862154722213745,-0.817091790959239,0.4195396415889263
2026-04-23 07:40:53.900,3509407.120533076,779161.1720229469,5250981.070738842,-71864.72926975814,49.193264380326816,-0.17290459480136633,-0.8622760744765401,0.11928420513868332
2026-04-23 07:40:54.000,3509407.103457146,779161.0857799395,5250981.105641535,-71869.60733401678,49.16497877662709,-0.17075930256396532,-0.8624300733208656,0.34902692772448063
2026-04-23 07:40:54.100,3509407.086140894,779160.9920272902,5250981.116599565,-71874.49908948716,49.21238080323217,-0.1731625199317932,-0.9375264937989414,0.10958030819892883
2026-04-23 07:40:54.200,3509407.0643764557,779160.9209113172,5250981.113479859,-71879.42156587601,49.224914230590755,-0.2176443813368678,-0.711159729398787,-0.031197061762213707
2026-04-23 07:40:54.300,3509405.6449918295,779161.7468379092,5250979.498227907,-71886.08618823436,42.77327976574309,-14.193846262060106,8.25926591991447,-16.152519518509507
2026-04-23 07:40:54.400,3509405.62189953,779161.6655415988,5250979.512183697,-71890.97750080969,42.730799287662244,-0.23092299699783325,-0.8129631041083485,0.13955789618194103
2026-04-23 07:40:54.500,3509405.6021309383,779161.5821635246,5250979.514434081,-71895.8733209766,42.72034243467276,-0.1976859150454402,-0.8337807422503829,0.022503836080431938
2026-04-23 07:40:54.600,3509405.58622897,779161.5049438806,5250979.547215838,-71900.760280445,42.65884331519598,-0.15901968348771334,-0.7721964397933334,0.32781757414340973
2026-04-23 07:40:54.700,3509405.558146744,779161.4260170904,5250979.556387794,-71905.65486412552,42.60312574816575,-0.2808222593739629,-0.7892679015640169,0.09171956218779087
2026-04-23 07:40:54.800,3509405.5504125045,779161.359710673,5250979.59502443,-71910.52996685998,42.54048613663188,-0.077342395670712,-0.663064174586907,0.3863663598895073
2026-04-23 07:40:54.900,3509405.518053694,779161.2801795017,5250979.6031976165,-71915.42696582155,42.55584022942302,-0.323588103055954,-0.7953117124270648,0.08173186331987381
2026-04-23 07:40:55.000,3509405.4932046426,779161.1992251446,5250979.641293864,-71920.31933904697,42.49353100393557,-0.24849051609635353,-0.8095435716677457,0.38096247240900993
2026-04-23 07:40:55.100,3509405.4872112153,779161.1277828048,5250979.650694319,-71925.2091050808,42.47837218048594,-0.059934272430837154,-0.7144233980216086,0.0940045528113842
2026-04-23 07:40:55.200,3509405.457795253,779161.0499802644,5250979.671820501,-71930.10127365845,42.480729058943574,-0.29415962286293507,-0.7780254038516432,0.21126181818544865
2026-04-23 07:40:55.300,3509405.439157518,779160.9743118942,5250979.68224077,-71934.99515944887,42.481287006913504,-0.18637734930962324,-0.7566837023478001,0.10420269332826138
2026-04-23 07:40:55.400,3509405.4217060427,779160.892946278,5250979.698358779,-71939.89097435234,42.4544461497148,-0.17451475374400616,-0.8136561617720872,0.16118008643388748
2026-04-23 07:40:55.500,3509405.3911195947,779160.8127395464,5250979.711922806,-71944.78458372994,42.525252069454766,-0.3058644803240895,-0.802067315671593,0.13564026914536953
2026-04-23 07:40:55.600,3509405.372192563,779160.7318734038,5250979.753242398,-71949.67151025568,42.44974632089065,-0.1892703166231513,-0.8086614264175296,0.4131959192454815
2026-04-23 07:40:55.700,3509405.3544172742,779160.654880138,5250979.763329658,-71954.56859563864,42.446398279128985,-0.1777528878301382,-0.7699326577130705,0.1008726004511118
2026-04-23 07:40:55.800,3509405.3448820906,779160.5783233041,5250979.789671282,-71959.46449422125,42.395503217252,-0.09535183664411306,-0.765568339265883,0.26341624557971954
2026-04-23 07:40:55.900,3509405.3269520355,779160.4975473064,5250979.809817682,-71964.35772187277,42.408106622701936,-0.17930055037140846,-0.8077599771786481,0.2014639973640442
2026-04-23 07:40:56.000,3509405.305803292,779160.4100241606,5250979.831134154,-71969.25089741968,42.376133622414685,-0.21148743573576212,-0.875231457175687,0.21316472440958023
2026-04-23 07:40:56.100,3509405.2862489484,779160.3310952951,5250979.858159842,-71974.12786852017,42.33613691780944,-0.19554343540221453,-0.789288654923439,0.27025687508285046
2026-04-23 07:40:56.200,3509405.267672034,779160.2549930493,5250979.881058089,-71979.02036408195,42.36750661427517,-0.18576914444565773,-0.7610224583186209,0.22898247465491295
2026-04-23 07:40:56.300,3509405.24844661,779160.1765788273,5250979.893990985,-71983.91529120105,42.34640270546379,-0.19225424155592918,-0.7841422199271619,0.12932895682752132
2026-04-23 07:40:56.400,3509405.234195264,779160.1076597132,5250979.906261563,-71988.80237789245,42.36519035620937,-0.142513457685709,-0.6891911407001317,0.12270578183233738
2026-04-23 07:40:56.500,3509405.2159237927,779160.0297855776,5250979.913454134,-71993.69485281201,42.415991011348694,-0.18271471373736858,-0.7787413569167256,0.07192570716142654
2026-04-23 07:40:56.600,3509405.19270686,779159.9547749426,5250979.937902426,-71998.5924644363,42.392894667351015,-0.2321693254634738,-0.7501063495874405,0.24448292329907417
2026-04-23 07:40:56.700,3509405.159081593,779159.8767535969,5250979.950710377,-72003.49785069148,42.41063805163648,-0.3362526698037982,-0.7802134566009045,0.12807950377464294
2026-04-23 07:40:56.800,3509405.1507141106,779159.7926227881,5250979.986810066,-72008.37967203166,42.3614499728791,-0.0836748257279396,-0.8413080882746726,0.36099689081311226
2026-04-23 07:40:56.900,3509405.1366353524,779159.719851811,5250979.994164228,-72013.28048820926,42.37883985112073,-0.1407875819131732,-0.7277097715996206,0.07354162633419037
2026-04-23 07:40:57.000,3509405.1281799613,779159.6405462617,5250980.027677595,-72018.17132313203,42.33973650357426,-0.0845539104193449,-0.7930554926861078,0.33513366244733334
2026-04-23 07:40:57.100,3509405.121021378,779159.5518648796,5250980.044932478,-72023.06077763805,42.255642580218996,-0.07158583495765924,-0.8868138212710619,0.1725488342344761
2026-04-23 07:40:57.200,3509405.109528806,779159.4642258942,5250980.069389813,-72027.9505661001,42.218448558120194,-0.11492571793496609,-0.876389853656292,0.2445733454078436
2026-04-23 07:40:57.300,3509405.0968347564,779159.376094857,5250980.107579149,-72032.82707055546,42.20672272078278,-0.12694049626588821,-0.8813103719148785,0.3818933665752411
2026-04-23 07:40:57.400,3509405.067998599,779159.3126678609,5250980.108312419,-72037.73938214572,42.23534160202133,-0.28836157638579607,-0.634269961155951,0.007332693785429001
2026-04-23 07:40:57.500,3509405.0784705626,779159.2342757008,5250980.142276352,-72042.61475876765,42.18333210844134,0.10471963789314032,-0.7839216012507677,0.3396393358707428
2026-04-23 07:40:57.600,3509405.071441996,779159.1542690714,5250980.172158117,-72047.50139079565,42.12640138738858,-0.07028566673398018,-0.8000662934500724,0.2988176513463259
2026-04-23 07:40:57.700,3509406.3586619482,779158.248434509,5250981.704679004,-72050.76874768795,49.043701471843775,12.87219952326268,-9.058345623780042,15.325208865106106
2026-04-23 07:40:57.800,3509406.344375017,779158.1669901486,5250981.711076352,-72055.67349729728,49.03426531777046,-0.1428693113848567,-0.8144436043221503,0.06397347897291183
2026-04-23 07:40:57.900,3509406.3304649736,779158.0894570997,5250981.724012683,-72060.57288541975,49.01241055071305,-0.13910043518990278,-0.7753304892685264,0.1293633133172989
2026-04-23 07:40:58.000,3509406.3117432194,779158.0117453672,5250981.738897591,-72065.47248210672,49.0724248269414,-0.1872175419703126,-0.7771173247601837,0.14884907752275467
2026-04-23 07:40:58.100,3509406.291475892,779157.9325915172,5250981.760440282,-72070.36741161931,49.08548096151447,-0.20267327316105366,-0.7915384997613728,0.21542690694332123
2026-04-23 07:40:58.200,3509406.2870998564,779157.8626227458,5250981.763814324,-72075.26671218433,49.11731934667387,-0.04376035649329424,-0.6996877142228186,0.03374041989445686
2026-04-23 07:40:58.300,3509406.2672216566,779157.7788510257,5250981.804227294,-72080.14536825632,49.07925522905665,-0.1987819978967309,-0.8377172006294131,0.40412970818579197
2026-04-23 07:40:58.400,3509406.2615020378,779157.6947580703,5250981.810806917,-72085.04433024579,49.10234383454186,-0.05719618871808052,-0.8409295545425266,0.06579622626304626
2026-04-23 07:40:58.500,3509406.24620402,779157.6079581903,5250981.841913017,-72089.93814547254,49.05964691047902,-0.15298017766326666,-0.8679988002404571,0.3110610041767359
2026-04-23 07:40:58.600,3509406.228088141,779157.5258351369,5250981.850439162,-72094.84517737533,49.0741653663434,-0.1811587903648615,-0.8212305337656289,0.08526144549250603
2026-04-23 07:40:58.700,3509406.204958634,779157.4503516788,5250981.8616038775,-72099.75736817023,49.022793876617214,-0.23129506967961788,-0.7548345811665058,0.11164715513586998
2026-04-23 07:40:58.800,3509406.1901588407,779157.3569042603,5250981.885147553,-72104.6636020861,49.036683032795516,-0.14799793250858784,-0.9344741841778159,0.23543675430119038
2026-04-23 07:40:58.900,3509406.16376714,779157.2512139644,5250981.9213704495,-72109.5699839433,49.044435234923036,-0.26391700841486454,-1.0569029592443258,0.3622289653867483
2026-04-23 07:40:59.000,3509406.1426353427,779157.1559760815,5250981.943273607,-72114.4849138657,49.127607646580714,-0.2113179722800851,-0.9523788292426616,0.21903157234191895
2026-04-23 07:40:59.100,3509406.114776805,779157.0627583375,5250981.967252381,-72119.40422975662,49.08808129615746,-0.2785853762179613,-0.9321774402633309,0.23978774435818195
2026-04-23 07:40:59.200,3509406.102676159,779156.9834091192,5250981.980674981,-72124.31483029174,49.08419109059691,-0.12100646272301674,-0.7934921828564256,0.13422599993646145
2026-04-23 07:40:59.300,3509406.0881373584,779156.8959604576,5250981.9962217985,-72129.2201380809,49.12480158870853,-0.14538800343871117,-0.8744866156484932,0.1554681733250618
2026-04-23 07:40:59.400,3509406.062651923,779156.8096000116,5250982.024644332,-72134.1238588946,49.174448725365465,-0.25485435500741005,-0.8636044606100768,0.2842253353446722
2026-04-23 07:40:59.500,3509406.0281359167,779156.7015007288,5250982.050277739,-72139.03289617503,49.12448889670631,-0.34516006242483854,-1.080992827191949,0.25633406825363636
2026-04-23 07:40:59.600,3509406.004917056,779156.5929284219,5250982.064220529,-72143.94146085893,49.15568259049669,-0.2321886084973812,-1.0857230692636222,0.1394279021769762
2026-04-23 07:40:59.700,3509405.994313808,779156.4977691113,5250982.069960017,-72148.86856775182,49.234490925518756,-0.10603247676044703,-0.9515931061469018,0.05739487707614899
2026-04-23 07:40:59.800,3509405.9710632493,779156.4111133444,5250982.096433611,-72153.78610635882,49.25083530040137,-0.23250558879226446,-0.8665576693601906,0.2647359389811754
2026-04-23 07:40:59.900,3509405.9558564117,779156.3253780146,5250982.117182583,-72158.69850972548,49.24192859210461,-0.15206837560981512,-0.8573532977607101,0.20748971961438656
2026-04-23 07:41:00.000,3509405.936190011,779156.2286278441,5250982.134318675,-72163.59952378305,49.2858860470195,-0.19666400738060474,-0.9675017045810819,0.1713609229773283
2026-04-23 07:41:00.100,3509405.903540094,779156.1254364158,5250982.156005816,-72168.51389392186,49.31105859571597,-0.3264991706237197,-1.0319142835214734,0.21687140688300133
2026-04-23 07:41:00.200,3509405.866758117,779156.0346721773,5250982.1893714275,-72173.43975527238,49.33850632459488,-0.367819769307971,-0.9076423849910498,0.3336561191827059
2026-04-23 07:41:00.300,3509405.069215767,779156.4274106687,5250981.287540956,-72179.32427673087,40.57352979113533,-7.975423499010503,3.927384914131835,-9.018304711207747
2026-04-23 07:41:00.400,3509405.060028134,779156.3308378067,5250981.3080537,-72184.22694988037,40.54050550226185,-0.0918763317167759,-0.9657286200672388,0.2051274385303259
2026-04-23 07:41:00.500,3509405.053836042,779156.2314977881,5250981.346293406,-72189.11854648977,40.53798840950496,-0.06192091852426529,-0.9934001858346164,0.3823970537632704
2026-04-23 07:41:00.600,3509405.0252309013,779156.1409216679,5250981.375932843,-72194.0280019831,40.52975855154475,-0.286051407456398,-0.9057612018659711,0.29639437794685364
2026-04-23 07:41:00.700,3509405.0055722464,779156.041696462,5250981.379349258,-72198.9502241807,40.58129280787111,-0.19658654928207397,-0.992252059513703,0.03416414372622967
2026-04-23 07:41:00.800,3509404.9876626153,779155.9479315863,5250981.405917857,-72203.8639429948,40.526318910233684,-0.1790963113307953,-0.9376487566623837,0.2656859904527664
2026-04-23 07:41:00.900,3509404.9553417293,779155.8682637891,5250981.411768664,-72208.78999032541,40.57709178884705,-0.3232088591903448,-0.7966779719572514,0.058508068323135376
2026-04-23 07:41:01.000,3509404.9311815635,779155.7776005503,5250981.40469563,-72213.7252761263,40.5755345517597,-0.24160165805369616,-0.9066323877777904,-0.07073033601045609
2026-04-23 07:41:01.100,3509404.9021395314,779155.6928696835,5250981.433313743,-72218.64686662164,40.61437694760341,-0.29042032081633806,-0.84730866830796,0.2861811313778162
2026-04-23 07:41:01.200,3509404.8782345764,779155.595447866,5250981.445158049,-72223.57063303964,40.66748394085072,-0.2390495501458645,-0.9742181748151779,0.11844306252896786
2026-04-23 07:41:01.300,3509404.8681791103,779155.5053309217,5250981.448995095,-72228.50064891239,40.67333292906297,-0.10055466089397669,-0.9011694428045303,0.03837045282125473
2026-04-23 07:41:01.400,3509404.8833997957,779155.3993706218,5250981.500558147,-72233.38353269978,40.65831547213561,0.1522068539634347,-1.0596029995940626,0.5156305246055126
2026-04-23 07:41:01.500,3509404.8692586706,779155.3054955164,5250981.494729289,-72238.31130705717,40.71079946118677,-0.1414112513884902,-0.9387510537635535,-0.058288583531975746
2026-04-23 07:41:01.600,3509404.866816901,779155.1940035719,5250981.509460005,-72243.23009119864,40.724410643703365,-0.024417694658041,-1.1149194452445954,0.1473071612417698
2026-04-23 07:41:01.700,3509404.846315202,779155.1039277189,5250981.52865997,-72248.14515758662,40.73043895297447,-0.20501699298620224,-0.9007585293147713,0.19199964590370655
2026-04-23 07:41:01.800,3509404.8353223745,779155.0072800138,5250981.546146737,-72253.06370006905,40.72023252980101,-0.10992827359586954,-0.9664770518429577,0.1748676784336567
2026-04-23 07:41:01.900,3509404.817770449,779154.9179822139,5250981.557663132,-72257.98319141469,40.76810676045109,-0.17551925498992205,-0.8929779985919595,0.11516395024955273
2026-04-23 07:41:02.000,3509404.7899538926,779154.8225273199,5250981.574778511,-72262.90762063689,40.821211827885165,-0.2781655639410019,-0.9545489400625229,0.17115378752350807
2026-04-23 07:41:02.100,3509404.760741016,779154.7338941832,5250981.592123395,-72267.82127931948,40.83253787334544,-0.29212876688688993,-0.8863313670735806,0.17344883643090725
2026-04-23 07:41:02.200,3509404.75445421,779154.6373338541,5250981.610785764,-72272.7387413681,40.867762090417635,-0.06286805961281061,-0.9656032908242196,0.1866236887872219
2026-04-23 07:41:02.300,3509404.7388691423,779154.5470823105,5250981.621586815,-72277.65566060317,40.87284905173574,-0.15585067681968212,-0.9025154355913401,0.10801051743328571
2026-04-23 07:41:02.400,3509404.7141427128,779154.4612051911,5250981.642159784,-72282.57303804184,40.886622501491885,-0.24726429488509893,-0.8587711944710463,0.20572968758642673
2026-04-23 07:41:02.500,3509404.6857118933,779154.377023331,5250981.654397727,-72287.50164910617,40.92004911786453,-0.28430819511413574,-0.8418186008930206,0.12237942777574062
2026-04-23 07:41:02.600,3509404.663437654,779154.2919664012,5250981.665748922,-72292.4204956948,40.974309018797115,-0.2227423945441842,-0.8505692984908819,0.1135119516402483
2026-04-23 07:41:02.700,3509404.647387888,779154.2071473977,5250981.663885646,-72297.34715868298,41.045097338711045,-0.160497659817338,-0.8481900347396731,-0.018632765859365463
2026-04-23 07:41:02.800,3509404.6322427457,779154.1144565039,5250981.682415522,-72302.26073871314,41.02488734900179,-0.1514514209702611,-0.9269089379813522,0.1852987613528967
2026-04-23 07:41:02.900,3509404.6126225097,779154.0283739271,5250981.7044616565,-72307.18179375626,40.99832222710593,-0.1962023600935936,-0.8608257677406073,0.22046134807169437
2026-04-23 07:41:03.000,3509404.601207919,779153.9370171499,5250981.720756973,-72312.10740810492,41.01729989066142,-0.11414590757340193,-0.9135677723679692,0.16295316629111767
2026-04-23 07:41:03.100,3509404.5837560124,779153.8504740285,5250981.722170294,-72317.02629794696,41.110547103717515,-0.17451906576752663,-0.8654312137514353,0.014133211225271225
2026-04-23 07:41:03.200,3509404.5712651573,779153.7684422571,5250981.740474314,-72321.94367083124,41.12165209118775,-0.12490855064243078,-0.8203177142422646,0.18304020166397095
2026-04-23 07:41:03.300,3509404.549501443,779153.6711735514,5250981.760067875,-72326.85781404983,41.212774490743804,-0.21763714496046305,-0.9726870572194457,0.19593560136854649
2026-04-23 07:41:03.400,3509404.5208082036,779153.574551577,5250981.7839452885,-72331.77219049404,41.24502263087384,-0.2869323920458555,-0.9662197437137365,0.2387741394340992
2026-04-23 07:41:03.500,3509404.496275059,779153.4877199199,5250981.80773982,-72336.6748365812,41.24058792602899,-0.24533144664019346,-0.8683165709953755,0.2379453182220459
2026-04-23 07:41:03.600,3509404.4748481493,779153.4076285878,5250981.809895255,-72341.59756879872,41.28672541783242,-0.214269096031785,-0.8009133208543062,0.02155434340238571
2026-04-23 07:41:03.700,3509404.4675349896,779153.3088310474,5250981.826845772,-72346.50194936153,41.21899609670077,-0.07313159760087729,-0.9879754041321576,0.1695051696151495
2026-04-23 07:41:03.800,3509404.4680960625,779153.2222324463,5250981.843741741,-72351.40626964119,41.25116105299624,0.005610729567706585,-0.8659860107582062,0.1689596939831972
2026-04-23 07:41:03.900,3509404.4555440247,779153.1266601075,5250981.856353654,-72356.3193649976,41.27351715956165,-0.12552037835121155,-0.9557233878877014,0.12611912563443184
2026-04-23 07:41:04.000,3509404.4428056413,779153.0369963287,5250981.861774286,-72361.22629288299,41.33395324226049,-0.12738383375108242,-0.8966377878095955,0.054206326603889465
2026-04-23 07:41:04.100,3509404.452576468,779152.9428910402,5250981.891611215,-72366.11951667257,41.29728315217962,0.09770826436579227,-0.9410528850276023,0.29836928471922874
2026-04-23 07:41:04.200,3509404.4541495107,779152.8533874778,5250981.874338651,-72371.04100434703,41.298789376173225,0.01573042944073677,-0.8950356242712587,-0.1727256365120411
2026-04-23 07:41:04.300,3509404.4450058644,779152.7695143172,5250981.882727612,-72375.94178067203,41.29587705040568,-0.09143646340817213,-0.83873160649091,0.08388960734009743
2026-04-23 07:41:04.400,3509404.428149596,779152.6760827423,5250981.912644142,-72380.83228356703,41.286145106141504,-0.16856268513947725,-0.9343157487455755,0.2991653047502041
2026-04-23 07:41:04.500,3509404.406594652,779152.5873102883,5250981.935792784,-72385.73138621936,41.290155083250156,-0.2155494363978505,-0.8877245394978672,0.23148641921579838
2026-04-23 07:41:04.600,3509404.387570062,779152.5003957945,5250981.946334351,-72390.63381272467,41.35644736808776,-0.19024590030312538,-0.8691449381876737,0.10541566647589207
2026-04-23 07:41:04.700,3509404.3769940804,779152.4080791511,5250981.955474404,-72395.53796974006,41.36654656595994,-0.10575981810688972,-0.923166434513405,0.09140052832663059
2026-04-23 07:41:04.800,3509404.3741825228,779152.3203198652,5250981.979166597,-72400.43853937375,41.30430768401528,-0.02811557613313198,-0.8775928581599146,0.23692193441092968
2026-04-23 07:41:04.900,3509404.355394634,779152.2278483689,5250981.995643113,-72405.34146888768,41.314205423291305,-0.18787888810038567,-0.9247149631846696,0.1647651568055153
2026-04-23 07:41:05.000,3509404.3385063345,779152.1325213567,5250981.9909871165,-72410.24698960778,41.376196269247956,-0.16888299491256475,-0.9532701224088669,-0.04655996337532997
2026-04-23 07:41:05.100,3509404.3222561693,779152.0460646878,5250982.027439097,-72415.14096698845,41.33552950233199,-0.16250165179371834,-0.8645666891243309,0.36451980471611023
2026-04-23 07:41:05.200,3509404.307990393,779151.9659821437,5250982.042185562,-72420.03124513528,41.345247030221785,-0.1426577614620328,-0.8008254412561655,0.14746464788913727
2026-04-23 07:41:05.300,3509404.294288563,779151.9002728494,5250982.063832889,-72424.92934303191,41.32725277554488,-0.13701830059289932,-0.6570929428562522,0.21647327579557896
2026-04-23 07:41:05.400,3509404.285244807,779151.8093234958,5250982.087521385,-72429.81491988424,41.37249492272215,-0.09043755941092968,-0.9094935352914035,0.23688496090471745
2026-04-23 07:41:05.500,3509404.2683588057,779151.7178947012,5250982.106290199,-72434.71195879664,41.310698539111456,-0.16886001452803612,-0.914287946652621,0.18768813461065292
2026-04-23 07:41:05.600,3509404.250079137,779151.6230077276,5250982.132393602,-72439.6083724413,41.35502298618731,-0.18279668875038624,-0.9488697361666709,0.2610340341925621
2026-04-23 07:41:05.700,3509404.2368470966,779151.5388426799,5250982.148290152,-72444.49299706574,41.36692321305894,-0.13232040219008923,-0.8416504762135446,0.15896549448370934
2026-04-23 07:41:05.800,3509404.218352892,779151.4445871401,5250982.176072503,-72449.37880896356,41.38908427435295,-0.18494204618036747,-0.9425553982146084,0.27782351709902287
2026-04-23 07:41:05.900,3509404.1976878424,779151.3538772379,5250982.213423512,-72454.24836374613,41.37303979003108,-0.2066504955291748,-0.9070990222971886,0.37351008504629135
2026-04-23 07:41:06.000,3509404.1817466123,779151.245681118,5250982.227187106,-72459.13936498787,41.37360703709678,-0.15941230114549398,-1.0819611989427358,0.13763594441115856
2026-04-23 07:41:06.100,3509404.1810360732,779151.1552544233,5250982.252219861,-72464.01602882335,41.372854179981644,-0.007105390541255474,-0.9042669471818954,0.25032754987478256
2026-04-23 07:41:06.200,3509404.1831998457,779151.0666088369,5250982.264122015,-72468.9041632501,41.38275641934476,0.021637724712491035,-0.8864558639470488,0.11902153491973877
2026-04-23 07:41:06.300,3509404.17722089,779150.9670565338,5250982.27387392,-72473.78981329477,41.422140782401655,-0.05978955887258053,-0.9955230308696628,0.09751904755830765
2026-04-23 07:41:06.400,3509404.1599810366,779150.869221626,5250982.28874269,-72478.67226424142,41.42338782245908,-0.17239853274077177,-0.978349078213796,0.14868770726025105
2026-04-23 07:41:06.500,3509404.156597112,779150.7869622824,5250982.312994178,-72483.55065235296,41.418052529606335,-0.033839247189462185,-0.8225934358779341,0.24251488037407398
2026-04-23 07:41:06.600,3509404.150279886,779150.6918183707,5250982.315361175,-72488.43193248313,41.41418533431212,-0.06317225750535727,-0.951439116615802,0.02366996370255947
2026-04-23 07:41:06.700,3509404.1374150636,779150.6118177387,5250982.343617028,-72493.28663538978,41.37853823841974,-0.12864822521805763,-0.8000063197687268,0.2825585287064314
2026-04-23 07:41:06.800,3509404.1141429525,779150.5189678727,5250982.352841826,-72498.16223828371,41.40834402567355,-0.2327211108058691,-0.9284986602142453,0.09224798530340195
2026-04-23 07:41:06.900,3509404.1095842645,779150.4357226348,5250982.378161335,-72503.0250189982,41.42019428881575,-0.045586880296468735,-0.8324523793999106,0.2531950920820236
2026-04-23 07:41:07.000,3509404.0996414754,779150.3251194429,5250982.406628226,-72507.88133229439,41.40301231052615,-0.0994278909638524,-1.1060319188982248,0.28466890566051006
2026-04-23 07:41:07.100,3509404.091233295,779150.2359681373,5250982.420358528,-72512.7534531125,41.390555121181016,-0.08408180437982082,-0.8915130561217666,0.13730302453041077
2026-04-23 07:41:07.200,3509404.084323653,779150.1373795664,5250982.440342366,-72517.62583323238,41.41145839307605,-0.06909641902893782,-0.9858857083600014,0.19983837381005287
2026-04-23 07:41:07.300,3509404.073914992,779150.0422226313,5250982.467295807,-72522.49784128598,41.35832248282763,-0.10408660862594843,-0.9515693516004831,0.26953441090881824
2026-04-23 07:41:07.400,3509404.0663037663,779149.946792403,5250982.479320057,-72527.38098339981,41.390366415638695,-0.07611225824803114,-0.9543022827710956,0.12024249881505966
2026-04-23 07:41:07.500,3509404.0661574085,779149.8508192782,5250982.48237994,-72532.24984318094,41.42582171685841,-0.0014635780826210976,-0.959731248440221,0.0305988360196352
2026-04-23 07:41:07.600,3509404.049297459,779149.7558013407,5250982.495407183,-72537.12922911908,41.39264997781334,-0.16859949566423893,-0.9501793747767806,0.1302724238485098
2026-04-23 07:41:07.700,3509404.030559168,779149.6660610479,5250982.508066909,-72542.00693339306,41.41130878984912,-0.18738290760666132,-0.897402927512303,0.12659726664423943
2026-04-23 07:41:07.800,3509404.015973168,779149.5649261575,5250982.527675125,-72546.87920459855,41.42417158673709,-0.14586000237613916,-1.0113489045761526,0.19608215428888798
2026-04-23 07:41:07.900,3509403.9940776676,779149.4707833785,5250982.538713781,-72551.76656729588,41.39573433414437,-0.21895500365644693,-0.941427790094167,0.1103865634649992
2026-04-23 07:41:08.000,3509403.9768806747,779149.3758315942,5250982.574393566,-72556.63375700565,41.35683686485347,-0.17196992877870798,-0.9495178423821926,0.3567978460341692
2026-04-23 07:41:08.100,3509403.962883542,779149.2876285953,5250982.578689085,-72561.52211184998,41.38193432931959,-0.13997132889926434,-0.882029989734292,0.042955195531249046
2026-04-23 07:41:08.200,3509403.9607563014,779149.195693921,5250982.579139552,-72566.41020223647,41.38535799875093,-0.021272404119372368,-0.9193467430304736,0.004504667595028877
2026-04-23 07:41:08.300,3509403.975548567,779149.1127004022,5250982.575045108,-72571.29859981446,41.399202989754784,0.14792265370488167,-0.8299351879395545,-0.04094444215297699
2026-04-23 07:41:08.400,3509403.966756303,779149.0084540972,5250982.583015659,-72576.182688338,41.43230337792967,-0.08792263921350241,-1.042463049525395,0.07970551028847694
2026-04-23 07:41:08.500,3509403.9428157806,779148.9178258203,5250982.577124339,-72581.07809868819,41.45107217628423,-0.23940522223711014,-0.9062827692832798,-0.058913202956318855
2026-04-23 07:41:08.600,3509405.0447793007,779148.1008350253,5250983.910225062,-72584.54325086175,49.10891177470562,11.019635200500488,-8.169907949632034,13.331007231026888
2026-04-23 07:41:08.700,3509403.530292845,779148.9622784129,5250982.165362855,-72591.32761224739,43.17251454085542,-15.144864558242261,8.614433875773102,-17.448622062802315
2026-04-23 07:41:08.800,3509403.511132875,779148.8780320227,5250982.158470489,-72596.23378695114,43.30568380289655,-0.19159969873726368,-0.8424639014992863,-0.06892366334795952
2026-04-23 07:41:08.900,3509403.5000435673,779148.7936806495,5250982.154866258,-72601.1284662672,43.3093733493201,-0.11089307721704245,-0.8435137325432152,-0.036042314022779465
2026-04-23 07:41:09.000,3509403.485523234,779148.6969873344,5250982.156484539,-72606.01568148517,43.31860122998074,-0.14520333148539066,-0.9669331507757306,0.016182810068130493
2026-04-23 07:41:09.100,3509404.9890486132,779147.6155421468,5250983.983301892,-72608.98145878834,49.06724525880017,15.03525379113853,-10.814451875630766,18.268173532560468
2026-04-23 07:41:09.200,3509404.9798053596,779147.511248076,5250983.984297962,-72613.88068946067,49.04499680178225,-0.09243253618478775,-1.0429407085757703,0.009960699826478958
2026-04-23 07:41:09.300,3509404.984615603,779147.4215934699,5250983.991452238,-72618.76966567771,49.09703366315084,0.048102433793246746,-0.8965460606850684,0.0715427566319704
2026-04-23 07:41:09.400,3509404.9694263167,779147.3144730064,5250983.995433499,-72623.66832970669,49.134021707339556,-0.15189286321401596,-1.0712046350818127,0.039812615141272545
2026-04-23 07:41:09.500,3509404.9555027634,779147.2013543034,5250984.021687674,-72628.55195472554,49.09350543310245,-0.1392355328425765,-1.1311870301142335,0.2625417523086071
2026-04-23 07:41:09.600,3509404.9457153096,779147.096033473,5250984.048098935,-72633.44046450334,49.04640867456538,-0.09787453804165125,-1.0532083036378026,0.2641126047819853
2026-04-23 07:41:09.700,3509404.956309391,779146.9925583283,5250984.036913428,-72638.34768227997,49.10692367342103,0.10594081599265337,-1.0347514471504837,-0.11185506358742714
2026-04-23 07:41:09.800,3509404.9602543707,779146.899342304,5250984.037044848,-72643.24369463988,49.088731721774806,0.03944979514926672,-0.9321602433919907,0.0013141985982656479
2026-04-23 07:41:09.900,3509404.9595326385,779146.806709943,5250984.042855233,-72648.14389498535,49.05889914497897,-0.007217321544885635,-0.9263236098922789,0.05810384638607502
2026-04-23 07:41:10.000,3509404.944934706,779146.7052560531,5250984.049003377,-72653.04548157351,49.05782931294735,-0.1459793234243989,-1.0145388985984027,0.06148143671452999
2026-04-23 07:41:10.100,3509404.9241832676,779146.6048549012,5250984.066643417,-72657.95909061088,49.087853319395876,-0.20751438569277525,-1.004011519253254,0.17640040256083012
2026-04-23 07:41:10.200,3509404.9213971496,779146.5071058478,5250984.068637247,-72662.86790807502,49.09967402342142,-0.02786118071526289,-0.9774905338417739,0.019938303157687187
2026-04-23 07:41:10.300,3509404.9238195503,779146.4119082881,5250984.076782492,-72667.76623533774,49.15733674512594,0.02422400750219822,-0.9519755968358368,0.08145244792103767
2026-04-23 07:41:10.400,3509404.9092241586,779146.3174658943,5250984.098031544,-72672.67314470235,49.14473389185664,-0.1459539169445634,-0.9444239386357367,0.2124905213713646
2026-04-23 07:41:10.500,3509404.8859528936,779146.2177912921,5250984.101083845,-72677.59904328245,49.12368854134972,-0.23271264974027872,-0.9967460215557367,0.030523007735610008
2026-04-23 07:41:10.600,3509404.876440547,779146.1213631434,5250984.11126009,-72682.5076496033,49.169809421975124,-0.0951234670355916,-0.964281486812979,0.10176245123147964
2026-04-23 07:41:10.700,3509404.8691855897,779146.0209020393,5250984.129583592,-72687.40931085005,49.197413275528746,-0.07254957221448421,-1.0046110418625176,0.183235015720129
2026-04-23 07:41:10.800,3509404.8576911744,779145.9108684044,5250984.135995198,-72692.32653798099,49.219241085304525,-0.1149441534653306,-1.1003363481722772,0.06411606445908546
2026-04-23 07:41:10.900,3509404.8307392187,779145.8192806996,5250984.164095337,-72697.23927872014,49.21175126696538,-0.26951955631375313,-0.9158770483918488,0.28100138530135155
2026-04-23 07:41:11.000,3509404.8234661873,779145.7264145025,5250984.181588214,-72702.16871852874,49.22284594630217,-0.07273031398653984,-0.9286619711201638,0.17492877319455147
2026-04-23 07:41:11.100,3509404.833318874,779145.6328577049,5250984.184655277,-72707.08309460129,49.19467797900066,0.09852686431258917,-0.9355679759755731,0.030670631676912308
2026-04-23 07:41:11.200,3509404.8240024606,779145.5489431607,5250984.188036626,-72712.00703723835,49.22466038741232,-0.09316413197666407,-0.8391454420052469,0.033813491463661194
2026-04-23 07:41:11.300,3509404.805928565,779145.4504950398,5250984.202031067,-72716.91264938783,49.26912418857349,-0.1807389548048377,-0.9844812087249011,0.1399444043636322
2026-04-23 07:41:11.400,3509404.7981554004,779145.3612993949,5250984.226444556,-72721.82346852515,49.27476027681751,-0.0777316465973854,-0.8919564494863153,0.24413489736616611
2026-04-23 07:41:11.500,3509404.8009126936,779145.2711546142,5250984.227329475,-72726.73835703022,49.30548236547751,0.027572931721806526,-0.9014478069730103,0.008849184960126877
2026-04-23 07:41:11.600,3509404.803750907,779145.16713626,5250984.244974048,-72731.64182365181,49.31842030317504,0.02838213462382555,-1.0401835420634598,0.17644573003053665
2026-04-23 07:41:11.700,3509404.797421216,779145.0710867996,5250984.268733679,-72736.54118648432,49.36283447841154,-0.06329691037535667,-0.9604946034960449,0.2375963144004345
2026-04-23 07:41:11.800,3509404.783305574,779144.9699122892,5250984.279576142,-72741.45201638121,49.31856321810485,-0.14115641824901104,-1.0117451043333858,0.10842463001608849
2026-04-23 07:41:11.900,3509404.7651958843,779144.8740157698,5250984.302212872,-72746.35479030019,49.38146288941529,-0.18109689932316542,-0.9589651937130839,0.22636729292571545
2026-04-23 07:41:12.000,3509404.764523862,779144.7744793297,5250984.3206002,-72751.25766203253,49.379037158514265,-0.006720223464071751,-0.9953644010238349,0.18387328833341599
2026-04-23 07:41:12.100,3509404.757008754,779144.6768642531,5250984.344869133,-72756.14921163875,49.32929472296286,-0.07515107747167349,-0.9761507657822222,0.2426893264055252
2026-04-23 07:41:12.200,3509404.7516239528,779144.5684977425,5250984.356544833,-72761.0468801852,49.37960170863138,-0.05384801421314478,-1.0836651059798896,0.116756996139884
2026-04-23 07:41:12.300,3509403.745666086,779145.0918388952,5250983.22169019,-72767.18504933284,41.20645680187762,-10.059578665532172,5.233411527005956,-11.348546426743269
2026-04-23 07:41:12.400,3509403.72860872,779144.9805355143,5250983.237813939,-72772.09128259915,41.22075548949843,-0.17057366203516722,-1.1130338092334569,0.16123749315738678
2026-04-23 07:41:12.500,3509403.701547286,779144.8865780084,5250983.247786309,-72776.99670878351,41.27259535732866,-0.27061433997005224,-0.9395750588737428,0.0997236929833889
2026-04-23 07:41:12.600,3509403.6873222785,779144.7782103397,5250983.266631209,-72781.88654503996,41.36262599613936,-0.14225007500499487,-1.083676686976105,0.18844900652766228
2026-04-23 07:41:12.700,3509405.543248854,779144.3247013737,5250989.957554088,-72782.6842783714,44.58297553382135,18.559265756048262,-4.535089660203084,66.90922878682613
2026-04-23 07:41:12.800,3509405.5301233083,779144.2117045646,5250989.995201634,-72787.5785069379,44.66252229355356,-0.1312554581090808,-1.1299680906813592,0.37647546268999577
2026-04-23 07:41:12.900,3509405.524960041,779144.0951430359,5250990.019740143,-72792.46787769876,44.729617404247584,-0.05163267254829407,-1.1656152876093984,0.24538508616387844
2026-04-23 07:41:13.000,3509405.5164597398,779143.9873626474,5250990.035873714,-72797.37075427565,44.74036706157137,-0.08500301279127598,-1.0778038844000548,0.16133571043610573
2026-04-23 07:41:13.100,3509405.5110653657,779143.8869323585,5250990.056357675,-72802.27518808,44.78132063439731,-0.05394374020397663,-1.0043028893414885,0.20483961328864098
2026-04-23 07:41:13.200,3509405.5179994563,779143.7852185147,5250990.054287395,-72807.17818267032,44.79853074111111,0.069340905174613,-1.0171384376008064,-0.020702797919511795
2026-04-23 07:41:13.300,3509405.5206530425,779143.6836839406,5250990.064206159,-72812.0805485709,44.78249776700459,0.026535862125456333,-1.0153457417618483,0.09918763302266598
2026-04-23 07:41:13.400,3509405.50874746,779143.5808127775,5250990.079007654,-72816.98474717952,44.74875974338149,-0.11905582621693611,-1.0287116304971278,0.1480149570852518
2026-04-23 07:41:13.500,3509405.506137014,779143.4690293359,5250990.090289995,-72821.88976862216,44.71762462732496,-0.026104459539055824,-1.117834416218102,0.11282340623438358
2026-04-23 07:41:13.600,3509405.5112783806,779143.3749406366,5250990.108205408,-72826.7841661568,44.73463795354502,0.051413667388260365,-0.9408869931939989,0.17915412783622742
2026-04-23 07:41:13.700,3509405.51779506,779143.2670853704,5250990.115390908,-72831.67895533598,44.68691332401661,0.0651667919009924,-1.0785526619292796,0.07185500115156174
2026-04-23 07:41:13.800,3509405.5262198765,779143.1601330088,5250990.119584407,-72836.58549120458,44.7012824056647,0.08424816653132439,-1.06952361529693,0.04193498753011227
2026-04-23 07:41:13.900,3509405.5207353407,779143.0452224753,5250990.139472131,-72841.48611551723,44.66667396593548,-0.05484535824507475,-1.1491053353529423,0.19887723959982395
2026-04-23 07:41:14.000,3509405.5275021847,779142.9384142747,5250990.163032373,-72846.38228675211,44.6657304397749,0.0676684407517314,-1.068082005949691,0.23560242727398872
2026-04-23 07:41:14.100,3509405.528906983,779142.8338346253,5250990.18141872,-72851.2905336511,44.66507227277387,0.01404798123985529,-1.04579649399966,0.1838634628802538
2026-04-23 07:41:14.200,3509405.526803397,779142.7359682792,5250990.194776038,-72856.18776813011,44.65492370787336,-0.021035857498645782,-0.9786634612828493,0.13357318006455898
2026-04-23 07:41:14.300,3509405.5372001133,779142.6351465785,5250990.213021037,-72861.07935253897,44.65638588641198,0.10396716184914112,-1.008217006456107,0.18244999460875988
2026-04-23 07:41:14.400,3509405.52733131,779142.526864412,5250990.2384900935,-72865.97427135719,44.6310442548538,-0.09868803434073925,-1.0828216653317213,0.2546905633062124
2026-04-23 07:41:14.500,3509405.511804876,779142.421624683,5250990.253381891,-72870.88267950091,44.63875040918163,-0.15526433940976858,-1.0523972904775292,0.14891797676682472
2026-04-23 07:41:14.600,3509405.5035502655,779142.3074459435,5250990.2477330305,-72875.79811090366,44.558024925757934,-0.0825461046770215,-1.1417873948812485,-0.056488607078790665
2026-04-23 07:41:14.700,3509405.501768538,779142.2022919689,5250990.256449982,-72880.70772250016,44.51829238482972,-0.017817276529967785,-1.0515397461131215,0.08716951124370098
2026-04-23 07:41:14.800,3509405.4952678797,779142.0993805324,5250990.253737534,-72885.6102115529,44.51938353987834,-0.06500658113509417,-1.0291143646463752,-0.027124471962451935
2026-04-23 07:41:14.900,3509405.4807508723,779141.9936404086,5250990.276354927,-72890.51497787893,44.44426155463327,-0.14517007395625114,-1.057401237776503,0.22617392241954803
2026-04-23 07:41:15.000,3509405.4546096493,779141.8785749933,5250990.287193392,-72895.42146244348,44.429821604219995,-0.26141223032027483,-1.1506541527342051,0.10838465765118599
2026-04-23 07:41:15.100,3509405.444682799,779141.7685746775,5250990.302149354,-72900.32717793432,44.440812104993626,-0.09926850441843271,-1.1000031582079828,0.14955961145460606
2026-04-23 07:41:15.200,3509405.4555703825,779141.6667851002,5250990.335632652,-72905.2019927756,44.39007072485985,0.10887583717703819,-1.0178957728203386,0.33483298495411873
2026-04-23 07:41:15.300,3509405.439594632,779141.569390069,5250990.348755908,-72910.10065683897,44.421519900440025,-0.15975750517100096,-0.9739503124728799,0.13123256154358387
2026-04-23 07:41:15.400,3509405.4233755497,779141.4711155245,5250990.364762233,-72914.99584951457,44.377515551823414,-0.16219082288444042,-0.9827454446349293,0.1600632444024086
2026-04-23 07:41:15.500,3509405.399878075,779141.3683500163,5250990.373948524,-72919.90252616593,44.39141525036761,-0.234974748454988,-1.0276550822891295,0.09186291135847569
2026-04-23 07:41:15.600,3509405.3800725066,779141.2566646544,5250990.37549575,-72924.81602034719,44.32963201694658,-0.19805568270385265,-1.1168536194600165,0.01547226682305336
2026-04-23 07:41:15.700,3509405.3672161377,779141.1656969973,5250990.391405668,-72929.7128480091,44.34387715839086,-0.12856368906795979,-0.9096765704452991,0.15909917652606964
2026-04-23 07:41:15.800,3509405.366503023,779141.0540168482,5250990.4070059275,-72934.60483351538,44.33797691167575,-0.007131146267056465,-1.1168014910072088,0.1560025941580534
2026-04-23 07:41:15.900,3509405.354184601,779140.9316547301,5250990.42398707,-72939.4977305568,44.320341293061524,-0.12318422086536884,-1.223621180979535,0.16981142573058605
2026-04-23 07:41:16.000,3509405.361219427,779140.814479733,5250990.456957471,-72944.39721259812,44.30998269799205,0.07034826092422009,-1.171749971108511,0.32970400527119637
2026-04-23 07:41:16.100,3509405.364694583,779140.7222077915,5250990.463598475,-72949.29304940485,44.36025200667419,0.03475156147032976,-0.9227194148115814,0.06641004234552383
2026-04-23 07:41:16.200,3509405.3704062025,779140.6273108367,5250990.4723622035,-72954.18271367511,44.356596580671585,0.057116192765533924,-0.9489695483352989,0.0876372866332531
2026-04-23 07:41:16.300,3509405.3787694415,779140.5406371799,5250990.493012921,-72959.06948344847,44.30295800094972,0.08363239001482725,-0.8667365682777017,0.20650717429816723
2026-04-23 07:41:16.400,3509405.350889184,779140.4321622156,5250990.505458709,-72963.97912147031,44.30712661046926,-0.27880257461220026,-1.0847496427595615,0.12445787899196148
2026-04-23 07:41:16.500,3509405.340696868,779140.3378965122,5250990.531732429,-72968.869816046,44.257884547125826,-0.10192316025495529,-0.9426570334471762,0.2627371996641159
2026-04-23 07:41:16.600,3509405.3465404278,779140.2354200665,5250990.554396546,-72973.76408043424,44.31845655496182,0.05843559745699167,-1.0247644572518766,0.22664117626845837
2026-04-23 07:41:16.700,3509405.3424681737,779140.1372738002,5250990.566226576,-72978.6597661415,44.29189390104355,-0.04072254057973623,-0.9814626630395651,0.11830030009150505
2026-04-23 07:41:16.800,3509405.3352102325,779140.0262611887,5250990.588846672,-72983.55445867786,44.31198377775831,-0.0725794117897749,-1.1101261153817177,0.22620095871388912
2026-04-23 07:41:16.900,3509405.325555621,779139.9145093249,5250990.61516566,-72988.44203929491,44.26765305863808,-0.09654611349105835,-1.11751863732934,0.2631898783147335
2026-04-23 07:41:17.000,3509405.3049915,779139.806391519,5250990.63866678,-72993.34224058273,44.29729797847758,-0.20564121194183826,-1.0811780591029674,0.23501119576394558
2026-04-23 07:41:17.100,3509405.2911004256,779139.7051694775,5250990.6751225125,-72998.235204677,44.34025249815475,-0.1389107434079051,-1.0122204152867198,0.3645573277026415
2026-04-23 07:41:17.200,3509405.287352751,779139.5999418178,5250990.681287795,-73003.13170341116,44.30405130922619,-0.03747674636542797,-1.052276596892625,0.06165282800793648
2026-04-23 07:41:17.300,3509405.282872706,779139.5035055288,5250990.70184785,-73008.02039367262,44.29787898195801,-0.04480044823139906,-0.9643628902267665,0.20560055039823055
2026-04-23 07:41:17.400,3509405.2702596327,779139.4046444271,5250990.735332331,-73012.90516818356,44.318952582777314,-0.12613073457032442,-0.9886110166553408,0.3348448034375906
2026-04-23 07:41:17.500,3509405.252810453,779139.2936428793,5250990.769305518,-73017.80299554049,44.340475058418065,-0.17449179664254189,-1.110015477752313,0.3397318720817566
2026-04-23 07:41:17.600,3509405.2486003684,779139.1869472417,5250990.787600155,-73022.69323578113,44.32200635475515,-0.04210084676742554,-1.0669563768897206,0.18294637091457844
2026-04-23 07:41:17.700,3509405.249841071,779139.0861597446,5250990.80437324,-73027.58286880431,44.36822437355161,0.012407028116285801,-1.0078749700915068,0.16773085109889507
2026-04-23 07:41:17.800,3509405.2358529116,779138.9770263162,5250990.832668972,-73032.4767983227,44.39011466699147,-0.13988159596920013,-1.0913342842832208,0.28295732103288174
2026-04-23 07:41:17.900,3509405.2448680317,779138.8631003879,5250990.84598681,-73037.35914262332,44.3841634025435,0.09015120100229979,-1.139259283663705,0.133178373798728
2026-04-23 07:41:18.000,3509405.246951038,779138.7606483512,5250990.867612315,-73042.2399090909,44.36104914693805,0.020830063149333,-1.0245203669182956,0.2162550576031208
2026-04-23 07:41:18.100,3509405.2360911225,779138.6497745179,5250990.885840406,-73047.13384469174,44.39713856504074,-0.10859915520995855,-1.1087383329868317,0.1822809036821127
2026-04-23 07:41:18.200,3509405.239635933,779138.5413753577,5250990.903433783,-73052.02136120266,44.41911145719431,0.035448106937110424,-1.083991602063179,0.17593377269804478
2026-04-23 07:41:18.300,3509405.239852461,779138.4403355207,5250990.926472832,-73056.89791517636,44.456783417985974,0.0021652784198522568,-1.010398369980976,0.23039049468934536
2026-04-23 07:41:18.400,3509405.245941385,779138.3270869066,5250990.946939652,-73061.78105320568,44.47072322933561,0.06088924128562212,-1.1324861401226372,0.20466819405555725
2026-04-23 07:41:18.500,3509405.2427192726,779138.2285929478,5250990.941954722,-73066.66855712101,44.465841429771324,-0.032221125438809395,-0.9849395882338285,-0.04984930157661438
2026-04-23 07:41:18.600,3509405.2358949725,779138.1277726362,5250990.978983721,-73071.54585447964,44.48118794401031,-0.06824300158768892,-1.0082031157799065,0.3702899906784296
2026-04-23 07:41:18.700,3509405.232817946,779138.0137697116,5250990.977008488,-73076.43659983765,44.52416538801909,-0.03077026456594467,-1.1400292464531958,-0.019752327352762222
2026-04-23 07:41:18.800,3509405.234268928,779137.9153647617,5250991.004031766,-73081.3175242513,44.4967522753113,0.014509819447994232,-0.984049498802051,0.27023278176784515
2026-04-23 07:41:18.900,3509405.2348294924,779137.8104339899,5250991.028911614,-73086.19834112987,44.50047831273093,0.005605644546449184,-1.0493077186401933,0.24879847653210163
2026-04-23 07:41:19.000,3509405.2235764596,779137.7026219103,5250991.042343315,-73091.08846324189,44.50154478880355,-0.11253032833337784,-1.0781207960098982,0.13431700877845287
2026-04-23 07:41:19.100,3509403.3460466256,779137.9528140145,5250984.378054382,-73100.08333642915,41.382568521061394,-18.77529833931476,2.501921042567119,-66.64288932457566
2026-04-23 07:41:19.200,3509405.254056812,779137.4811715238,5250991.218991216,-73100.78681980146,45.03863252321196,19.08010186161846,-4.716424907092005,68.409368339926
2026-04-23 07:41:19.300,3509405.2489483505,779137.3795268108,5250991.249629539,-73105.66579928443,45.09345011626266,-0.051084612496197224,-1.0164471296593547,0.3063832316547632
2026-04-23 07:41:19.400,3509405.243360315,779137.2764110216,5250991.25887867,-73110.55149267516,45.012080299131405,-0.05588035564869642,-1.0311578924302012,0.09249130263924599
2026-04-23 07:41:19.500,3509405.2052607723,779137.1705398415,5250991.238195246,-73115.46766909731,44.964302434303754,-0.3809954272583127,-1.058711800724268,-0.2068342361599207
2026-04-23 07:41:19.600,3509405.2001568372,779137.0642745489,5250991.2276376,-73120.37812410845,44.81940597716937,-0.05103935021907091,-1.0626529261935502,-0.10557645931839943
2026-04-23 07:41:19.700,3509405.182128216,779136.9561693878,5250991.23410101,-73125.28398357777,44.8273918535672,-0.18028621096163988,-1.0810516111087054,0.06463409401476383
2026-04-23 07:41:19.800,3509405.16367998,779136.8490430426,5250991.248135262,-73130.17725356536,44.83328660761746,-0.1844823593273759,-1.0712634515948594,0.14034252613782883
2026-04-23 07:41:19.900,3509405.150396839,779136.735306576,5250991.252247044,-73135.07166343447,44.780125750495614,-0.13283141423016787,-1.1373646662104875,0.04111781716346741
2026-04-23 07:41:20.000,3509405.1535647013,779136.6285097724,5250991.281392984,-73139.96429834166,44.8360778181052,0.031678625382483006,-1.0679680365137756,0.2914594020694494
2026-04-23 07:41:20.100,3509405.1473633046,779136.5199500154,5250991.2934617335,-73144.85424739741,44.88212625371356,-0.06201396696269512,-1.085597570054233,0.12068749405443668
2026-04-23 07:41:20.200,3509405.146017925,779136.4231637213,5250991.333185743,-73149.73653185873,44.90598837623534,-0.013453797437250614,-0.9678629401605576,0.3972400911152363
2026-04-23 07:41:20.300,3509405.132769227,779136.3209763713,5250991.373664761,-73154.61690408697,44.98174547004419,-0.13248697854578495,-1.0218735004309565,0.4047901835292578
2026-04-23 07:41:20.400,3509405.1097670835,779136.200664524,5250991.417394632,-73159.50665350258,45.080021413345044,-0.2300214348360896,-1.2031184730585665,0.43729870580136776
2026-04-23 07:41:20.500,3509405.1322598606,779136.0896628703,5250991.451921775,-73164.39134437007,45.173075343847046,0.22492777090519667,-1.1100165371317416,0.34527143463492393
2026-04-23 07:41:20.600,3509405.144640511,779135.9784094071,5250991.484863174,-73169.2594655111,45.172289095843354,0.12380650267004967,-1.1125346319749951,0.3294139914214611
2026-04-23 07:41:20.700,3509405.117007702,779135.8648343877,5250991.545958504,-73174.14476520596,45.27527930003802,-0.2763280877843499,-1.135750194080174,0.6109532993286848
2026-04-23 07:41:20.800,3509405.0994168865,779135.7579166753,5250991.587391221,-73179.04433433904,45.37533019177078,-0.17590815667062998,-1.0691771237179637,0.4143271688371897
2026-04-23 07:41:20.900,3509405.1168502085,779135.6666798374,5250991.615671064,-73183.9403361136,45.38645284612817,0.1743332203477621,-0.9123683790676296,0.2827984280884266
2026-04-23 07:41:21.000,3509405.1357805314,779135.585205717,5250991.624230424,-73188.83169548587,45.40144798040817,0.1893032295629382,-0.8147412037942559,0.08559360168874264
2026-04-23 07:41:21.100,3509405.113998932,779135.4611316655,5250991.668999627,-73193.70730837993,45.39814122050248,-0.2178159961476922,-1.2407405150588602,0.44769203290343285
2026-04-23 07:41:21.200,3509405.0907589826,779135.3158846248,5250991.683383501,-73198.60834089355,45.425981636864435,-0.23239949252456427,-1.4524704066570848,0.14383873902261257
2026-04-23 07:41:21.300,3509405.0787810967,779135.1700231372,5250991.714727332,-73203.51211439456,45.461041598045796,-0.11977885849773884,-1.4586148760281503,0.3134383074939251
2026-04-23 07:41:21.400,3509405.0557760913,779135.0566594405,5250991.729195861,-73208.41984879547,45.45856765313173,-0.23005005437880754,-1.133636967279017,0.14468529261648655
2026-04-23 07:41:21.500,3509405.050964506,779134.9464356288,5250991.757997547,-73213.31074770441,45.45620206130272,-0.048115854151546955,-1.1022381170187145,0.28801686130464077
2026-04-23 07:41:21.600,3509405.0332670626,779134.8474878719,5250991.78753435,-73218.2043986156,45.46084852294095,-0.1769744325429201,-0.9894775692373514,0.2953680232167244
2026-04-23 07:41:21.700,3509405.0229754588,779134.7360544732,5250991.800373222,-73223.11403501511,45.51236490937483,-0.10291603859513998,-1.1143339867703617,0.12838872149586678
2026-04-23 07:41:21.800,3509404.998504441,779134.603979009,5250991.802733925,-73228.02200971152,45.574155568636314,-0.2447101753205061,-1.3207546423655003,0.023607034236192703
2026-04-23 07:41:21.900,3509404.971016862,779134.4854929978,5250991.825598461,-73232.93164615982,45.55303169337416,-0.2748757926747203,-1.1848601116798818,0.22864535450935364
2026-04-23 07:41:22.000,3509404.95307533,779134.3675099427,5250991.845450064,-73237.84059814386,45.56413226832762,-0.1794153219088912,-1.1798305506817997,0.19851603545248508
2026-04-23 07:41:22.100,3509404.9306698656,779134.2463396542,5250991.841516822,-73242.76773601594,45.540787172307574,-0.22405464202165604,-1.2117028853390366,-0.039332425221800804
2026-04-23 07:41:22.200,3509404.930394515,779134.157102866,5250991.880744429,-73247.65516035203,45.543275928660286,-0.002753506414592266,-0.8923678821884096,0.39227607659995556
2026-04-23 07:41:22.300,3509404.8871070365,779134.0175814492,5250991.886633699,-73252.591186564,45.62353090998432,-0.43287478387355804,-1.3952141674235463,0.05889269523322582
2026-04-23 07:41:22.400,3509404.88596164,779133.9071258669,5250991.924202582,-73257.4869663961,45.54850222540222,-0.011453963816165924,-1.104555823840201,0.37568883039057255
2026-04-23 07:41:22.500,3509404.880980704,779133.7830613179,5250991.933347425,-73262.39071060055,45.56234663458201,-0.049809361808001995,-1.2406454898882657,0.09144843555986881
2026-04-23 07:41:22.600,3509408.8252095105,779136.9465625294,5250995.869796333,-73263.06762628368,49.85421644935981,39.442288065329194,31.635012115584686,39.36448907479644
2026-04-23 07:41:22.700,3509408.8233768553,779136.8440992925,5250995.9063518355,-73267.95444677389,49.87595100766068,-0.018326551653444767,-1.024632368935272,0.3655550256371498
2026-04-23 07:41:22.800,3509408.832364544,779136.7313074324,5250995.91301245,-73272.85911477792,49.8719553938068,0.08987688459455967,-1.1279186012689024,0.06660614162683487
2026-04-23 07:41:22.900,3509408.8292636178,779136.6228609334,5250995.934267102,-73277.76107097797,49.817117265695785,-0.031009260565042496,-1.0844649898353964,0.21254652179777622
2026-04-23 07:41:23.000,3509408.8032263257,779136.5024070111,5250995.965454602,-73282.66694276965,49.94611644823057,-0.2603729208931327,-1.2045392231084406,0.3118749987334013
2026-04-23 07:41:23.100,3509408.789291542,779136.3802035637,5250995.989242236,-73287.57030288276,49.91957912197623,-0.1393478363752365,-1.2220344739034772,0.23787634447216988
2026-04-23 07:41:23.200,3509408.790275833,779136.2712509729,5250996.013433572,-73292.4563169524,49.929127307182156,0.009842910803854465,-1.0895259084645659,0.24191335774958134
2026-04-23 07:41:23.300,3509408.7610679246,779136.1551741243,5250996.03586771,-73297.37517868946,49.87907176456161,-0.29207908548414707,-1.160768485860899,0.22434137761592865
2026-04-23 07:41:23.400,3509408.760419167,779136.0507772475,5250996.086077194,-73302.26826527604,49.91157433777906,-0.006487574428319931,-1.043968767626211,0.5020948406308889
2026-04-23 07:41:23.500,3509408.757949545,779135.9416241891,5250996.107517288,-73307.16589996518,49.88085725802337,-0.02469622064381838,-1.0915305837988853,0.21440094336867332
2026-04-23 07:41:23.600,3509408.739426991,779135.8257022537,5250996.117108728,-73312.0742410751,49.84289645690719,-0.18522554077208042,-1.1592193541582674,0.09591439738869667
2026-04-23 07:41:23.700,3509408.7038804824,779135.7127383694,5250996.13290968,-73316.99168309418,49.83063422567155,-0.35546508617699146,-1.129638843704015,0.15800951980054379
2026-04-23 07:41:23.800,3509408.693134008,779135.5940236198,5250996.168459044,-73321.88458421727,49.77438743257396,-0.10746474377810955,-1.187147495802492,0.3554936405271292
2026-04-23 07:41:23.900,3509408.6890205727,779135.4852693544,5250996.2239530375,-73326.75872630747,49.85472285206968,-0.041134352795779705,-1.0875426535494626,0.5549399368464947
2026-04-23 07:41:24.000,3509408.667903536,779135.3668848353,5250996.227185215,-73331.66956953041,49.81756724352478,-0.21117036696523428,-1.1838451912626624,0.03232177346944809
2026-04-23 07:41:24.100,3509408.6536970795,779135.2608880365,5250996.232963923,-73336.580501841,49.74939739946176,-0.1420645648613572,-1.059967988403514,0.0577870849519968
2026-04-23 07:41:24.200,3509408.647000566,779135.1538074084,5250996.255701337,-73341.46295434514,49.748837605405726,-0.06696513388305902,-1.0708062804769725,0.2273741364479065
2026-04-23 07:41:24.300,3509404.169910463,779131.3297307795,5250991.914219724,-73351.09866713443,46.65849369378537,-44.77090103086084,-38.24076628894545,-43.41481612995267
2026-04-23 07:41:24.400,3509404.1105302703,779131.1910644395,5250991.896255409,-73356.03323363098,46.708225618138556,-0.5938019277527928,-1.3866634003352374,-0.1796431466937065
2026-04-23 07:41:24.500,3509404.053453838,779131.0416558183,5250991.867799433,-73360.97915026183,46.6931917722223,-0.5707643227651715,-1.4940862113144249,-0.2845597639679909
2026-04-23 07:41:24.600,3509404.013963569,779130.8962771057,5250991.846191438,-73365.9136839551,46.745883770010266,-0.39490269031375647,-1.4537871268112212,-0.2160799503326416
2026-04-23 07:41:24.700,3509404.015826921,779130.7820038006,5250991.88343718,-73370.79223528138,46.741752086664484,0.018633520230650902,-1.1427330505102873,0.3724574204534292
2026-04-23 07:41:24.800,3509404.014902506,779130.6724042163,5250991.912838424,-73375.67450732282,46.68327025408774,-0.009244149550795555,-1.0959958436433226,0.29401243664324284
2026-04-23 07:41:24.900,3509408.533965849,779134.3176457008,5250996.379333155,-73375.73134867525,49.556982439963846,45.190633428283036,36.45241484511644,44.66494731605053
2026-04-23 07:41:25.000,3509403.9716730975,779130.4228538972,5250991.892121537,-73385.49765681787,46.66714449716241,-45.62292751390487,-38.94791803555563,-44.872116185724735
2026-04-23 07:41:25.100,3509403.9719600813,779130.3176660605,5250991.893360424,-73390.39549221656,46.70127900441114,0.0028698379173874855,-1.0518783668521792,0.012388871982693672
2026-04-23 07:41:25.200,3509403.9435262177,779130.1793769925,5250991.858488188,-73395.32060048648,46.793727337998355,-0.28433863539248705,-1.3828906801063567,-0.34872235730290413
2026-04-23 07:41:25.300,3509408.552033093,779133.8674096694,5250996.390328384,-73395.3058291899,49.5423553000925,46.08506875112653,36.880326769314706,45.3184019587934
2026-04-23 07:41:25.400,3509408.561727248,779133.7483107883,5250996.41597422,-73400.17698015769,49.63783491022558,0.09694155305624008,-1.1909888114314526,0.25645836256444454
2026-04-23 07:41:25.500,3509408.552556659,779133.6285890072,5250996.42114059,-73405.06826130208,49.604462191388286,-0.09170589037239552,-1.1972178111318499,0.05166369490325451
2026-04-23 07:41:25.600,3509408.549192585,779133.5179766532,5250996.44224345,-73409.95193112628,49.61917776660631,-0.03364074043929577,-1.106123540084809,0.21102860569953918
2026-04-23 07:41:25.700,3509408.562277877,779133.4001292349,5250996.485125338,-73414.82056807398,49.68042324629821,0.13085291720926762,-1.1784741829615086,0.42881887406110764
2026-04-23 07:41:25.800,3509408.560333665,779133.2827097608,5250996.496712418,-73419.71031490156,49.60988490601948,-0.019442117772996426,-1.1741947405971587,0.11587080545723438
2026-04-23 07:41:25.900,3509408.5440982156,779133.1583244024,5250996.4908522535,-73424.6109582014,49.590883311094,-0.16235449351370335,-1.2438535841647536,-0.05860164761543274
2026-04-23 07:41:26.000,3509408.5333883637,779133.0354105509,5250996.492380984,-73429.50044511845,49.576654558185936,-0.1070985198020935,-1.2291385151911527,0.015287306159734726
2026-04-23 07:41:26.100,3509408.5240976727,779132.921526901,5250996.511113665,-73434.39494520804,49.5170163031203,-0.09290690999478102,-1.1388364993035793,0.18732680939137936
2026-04-23 07:41:26.200,3509408.5314115286,779132.806443442,5250996.535540278,-73439.27620308909,49.53941113517243,0.07313855923712254,-1.1508345894981176,0.24426613003015518
2026-04-23 07:41:26.300,3509408.5231654462,779132.6990676956,5250996.575703766,-73444.15518410415,49.6622706230149,-0.08246082346886396,-1.0737574636004865,0.401634881272912
2026-04-23 07:41:26.400,3509408.524804585,779132.5880236049,5250996.585534217,-73449.05168271305,49.62298504664258,0.016391389071941376,-1.1104409070685506,0.09830450639128685
2026-04-23 07:41:26.500,3509408.509083513,779132.4634816895,5250996.589782637,-73453.95587655486,49.60517747524577,-0.15721071977168322,-1.2454191548749804,0.04248419776558876
2026-04-23 07:41:26.600,3509408.505620477,779132.35175703,5250996.624738706,-73458.84087414223,49.596491401673234,-0.034630363807082176,-1.1172465945128351,0.34956069663167
2026-04-23 07:41:26.700,3509408.5100307954,779132.2409682828,5250996.650725006,-73463.728420596,49.58676557740222,0.04410318564623594,-1.10788747202605,0.25986299850046635
2026-04-23 07:41:26.800,3509408.5098873633,779132.1344027304,5250996.669025937,-73468.62962963774,49.543095914900576,-0.0014343205839395523,-1.0656555241439492,0.18300930969417095
2026-04-23 07:41:26.900,3509408.4949004627,779132.0153640446,5250996.672018404,-73473.53775447699,49.52594257915738,-0.14986900612711906,-1.1903868580702692,0.029924670234322548
2026-04-23 07:41:27.000,3509408.478734694,779131.9061520887,5250996.689654241,-73478.44356597557,49.4710452416103,-0.1616576872766018,-1.0921195591799915,0.17635837197303772
2026-04-23 07:41:27.100,3509408.462946565,779131.7841252467,5250996.712485394,-73483.34491794037,49.45258052272444,-0.15788129065185785,-1.2202684197109193,0.22831153124570847
2026-04-23 07:41:27.200,3509408.464185389,779131.6686793132,5250996.737752698,-73488.24392781043,49.4621768155413,0.012388243339955807,-1.1544593353755772,0.2526730392128229
2026-04-23 07:41:27.300,3509408.4565828852,779131.5528172009,5250996.754009965,-73493.1398502916,49.42862856321936,-0.0760250398889184,-1.1586211225949228,0.16257266514003277
2026-04-23 07:41:27.400,3509408.446850666,779131.4402148986,5250996.770209124,-73498.03921736365,49.450639474178764,-0.09732219390571117,-1.1260230233892798,0.16199159435927868
2026-04-23 07:41:27.500,3509408.4513967633,779131.3350733169,5250996.800416544,-73502.94382815884,49.3922002118925,0.04546097479760647,-1.0514158161822706,0.30207419767975807
2026-04-23 07:41:27.600,3509408.433518149,779131.2154456596,5250996.823126092,-73507.86477255636,49.40180021391501,-0.17878614366054535,-1.1962765734642744,0.2270954754203558
2026-04-23 07:41:27.700,3509408.435184946,779131.1000571379,5250996.840747881,-73512.7783937742,49.371144505451795,0.016667968593537807,-1.1538852169178426,0.17621789127588272
2026-04-23 07:41:27.800,3509408.431747081,779130.9806931908,5250996.858290322,-73517.69725014524,49.43517689508739,-0.034378645941615105,-1.193639470729977,0.17542441375553608
2026-04-23 07:41:27.900,3509408.427674492,779130.8637006697,5250996.875409054,-73522.61412008326,49.48559907414346,-0.04072589334100485,-1.1699252109974623,0.17118731513619423
2026-04-23 07:41:28.000,3509408.438432897,779130.7508157609,5250996.897402949,-73527.51471880983,49.473988728994684,0.10758405085653067,-1.1288490879815072,0.21993895061314106
2026-04-23 07:41:28.100,3509408.4429098433,779130.6286922382,5250996.912187295,-73532.42430595736,49.465186588917085,0.0447694631293416,-1.2212352268397808,0.14784346334636211
2026-04-23 07:41:28.200,3509408.44894088,779130.5175915834,5250996.941878294,-73537.33606251149,49.46684474047169,0.06031036842614412,-1.1110065481625497,0.296909986063838
2026-04-23 07:41:28.300,3509408.4469999643,779130.4070844947,5250996.959974762,-73542.23907319426,49.51997745787994,-0.019409158267080784,-1.1050708871334791,0.18096468411386013
2026-04-23 07:41:28.400,3509408.428059235,779130.2989258829,5250996.988451072,-73547.15025499341,49.524895923385536,-0.18940729089081287,-1.0815861180890352,0.2847630996257067
2026-04-23 07:41:28.500,3509408.423801068,779130.1950150065,5250997.009706735,-73552.05244374942,49.57784263281339,-0.042581669986248016,-1.0391087643802166,0.2125566266477108
2026-04-23 07:41:28.600,3509408.427400727,779130.0831676434,5250997.041491085,-73556.93489057764,49.533134448462,0.035996586084365845,-1.1184736306313425,0.3178435005247593
2026-04-23 07:41:28.700,3509408.427678548,779129.9701380668,5250997.076208228,-73561.81469441987,49.58602310180267,0.0027782097458839417,-1.1302957660518587,0.3471714351326227
2026-04-23 07:41:28.800,3509408.4364804695,779129.860170366,5250997.102809142,-73566.70796864905,49.52911786153097,0.08801921736449003,-1.0996770078781992,0.2660091407597065
2026-04-23 07:41:28.900,3509408.414936436,779129.7364410104,5250997.11927964,-73571.62064520588,49.5958977126568,-0.21544033661484718,-1.2372935563325882,0.16470497474074364
2026-04-23 07:41:29.000,3509408.417886473,779129.6340492641,5250997.147809875,-73576.5118324049,49.57622384780867,0.029500368982553482,-1.023917462443933,0.2853023540228605
2026-04-23 07:41:29.100,3509408.4322571494,779129.5290696267,5250997.183813651,-73581.40106004202,49.575400668310756,0.14370676595717669,-1.0497963742818683,0.36003775894641876
2026-04-23 07:41:29.200,3509408.4115822497,779129.4222446512,5250997.2228466,-73586.30310991751,49.691849339587215,-0.206748996861279,-1.0682497546076775,0.3903294913470745
2026-04-23 07:41:29.300,3509408.409995215,779129.3170093033,5250997.248704249,-73591.21010537929,49.69241762109105,-0.015870346687734127,-1.052353479899466,0.258576488122344
2026-04-23 07:41:29.400,3509408.3968413705,779129.1980238219,5250997.2686128095,-73596.11978649028,49.71129497189414,-0.13153844512999058,-1.1898548132739961,0.19908560439944267
2026-04-23 07:41:29.500,3509408.4026477165,779129.0935801617,5250997.30109677,-73601.01293430149,49.71534440284809,0.05806345958262682,-1.0444366023875773,0.3248396050184965
2026-04-23 07:41:29.600,3509408.399452,779128.9791960234,5250997.314983737,-73605.91583032826,49.65609106721023,-0.031957165338099,-1.1438413825817406,0.13886966742575169
2026-04-23 07:41:29.700,3509408.389166669,779128.8753024077,5250997.345104366,-73610.82146313954,49.70122007261897,-0.10285330936312675,-1.0389361577108502,0.30120628885924816
2026-04-23 07:41:29.800,3509408.3733085156,779128.7570715494,5250997.392100305,-73615.71350344215,49.75658513639242,-0.15858153346925974,-1.1823085823561996,0.46995939686894417
2026-04-23 07:41:29.900,3509408.373543742,779128.6487832218,5250997.378543132,-73620.63264418337,49.600260864569506,0.0023522647097706795,-1.0828832758124918,-0.13557173311710358
2026-04-23 07:41:30.000,3509408.354007281,779128.5389945508,5250997.3681067405,-73625.56767363624,49.53645249424974,-0.1953646121546626,-1.0978867101948708,-0.10436391457915306
2026-04-23 07:41:30.100,3509405.0029000733,779127.4172161389,5250989.599029614,-73635.99872791079,49.97603969511583,-33.51107207592577,-11.217784119071439,-77.69077126868069
2026-04-23 07:41:30.200,3509404.997308448,779127.3193083255,5250989.646632112,-73640.88973308657,49.922880498991226,-0.055916253477334976,-0.9790781338233501,0.4760249797254801
2026-04-23 07:41:30.300,3509404.952081354,779127.2181351377,5250989.671266765,-73645.80545638081,49.908663002538404,-0.4522709408774972,-1.011731878388673,0.24634653702378273
2026-04-23 07:41:30.400,3509404.939746576,779127.1155319626,5250989.723146395,-73650.68983192375,49.91139539882497,-0.12334777973592281,-1.026031750952825,0.518796294927597
2026-04-23 07:41:30.500,3509404.9126401027,779127.0367266835,5250989.7583488235,-73655.57991497219,49.9219490740925,-0.27106473222374916,-0.7880527910310775,0.35202428698539734
2026-04-23 07:41:30.600,3509404.838171994,779126.9427061868,5250989.798264894,-73660.49213470455,49.93827319923732,-0.7446810882538557,-0.9402049670461565,0.3991607017815113
2026-04-23 07:41:30.700,3509404.78874077,779126.8549609917,5250989.864072023,-73665.37809752695,49.900743570186926,-0.4943122388795018,-0.8774519513826817,0.6580712925642729
2026-04-23 07:41:30.800,3509404.7069692295,779126.7560992128,5250989.900293196,-73670.30190016096,49.98313979886439,-0.8177154045552015,-0.9886177885346115,0.3622117266058922
2026-04-23 07:41:30.900,3509404.695128918,779126.6460652852,5250989.952267279,-73675.18251637454,50.00049982888321,-0.11840311344712973,-1.1003392760176212,0.5197408329695463
2026-04-23 07:41:31.000,3509404.665052125,779126.5467362775,5250990.008292372,-73680.06866999704,50.00110081707927,-0.3007679292932153,-0.9932900767307729,0.5602509342133999
2026-04-23 07:41:31.100,3509404.6263617612,779126.4691500635,5250990.047006083,-73684.96582922184,49.92018829187888,-0.38690363988280296,-0.7758621405810118,0.38713710382580757
2026-04-23 07:41:31.200,3509404.558226182,779126.3838438828,5250990.0954151675,-73689.86817702152,49.98433262014412,-0.6813557911664248,-0.8530618064105511,0.48409084789454937
2026-04-23 07:41:31.300,3509404.5061596474,779126.305376356,5250990.152860001,-73694.75561784464,49.989106454469756,-0.5206653475761414,-0.7846752682235092,0.5744483321905136
2026-04-23 07:41:31.400,3509404.419690989,779126.225156203,5250990.187155501,-73699.69026496845,49.98068431127161,-0.8646865841001272,-0.802201529731974,0.3429550025612116
2026-04-23 07:41:31.500,3509404.33125055,779126.1579811698,5250990.2407448925,-73704.61700002252,49.933703906396545,-0.8844043873250484,-0.6717503326945007,0.5358939152210951
2026-04-23 07:41:31.600,3509404.2409158386,779126.1056844529,5250990.286709417,-73709.5294444037,49.97768325430028,-0.9033471159636974,-0.5229671683628112,0.45964524149894714
2026-04-23 07:41:31.700,3509404.1261397484,779126.0371885591,5250990.315603783,-73714.47508092651,49.96151824738413,-1.147760902531445,-0.6849589385092258,0.28894366696476936
2026-04-23 07:41:31.800,3509404.0274424157,779125.9837311088,5250990.375645424,-73719.38976843756,50.05355706537216,-0.9869733266532421,-0.5345745023805648,0.6004164088517427
2026-04-23 07:41:31.900,3509406.0698698643,779126.130826387,5250991.325659381,-73722.56016746204,65.45374073102128,20.42427448555827,1.4709527813829482,9.500139569863677
2026-04-23 07:41:32.000,3509405.9828305906,779126.1059637741,5250991.387088495,-73727.45051047772,65.45472934749797,-0.8703927369788289,-0.24862612830474973,0.6142911408096552
2026-04-23 07:41:32.100,3509405.8858260564,779126.0851709924,5250991.44781824,-73732.34908047522,65.48315702488985,-0.9700453421100974,-0.20792781724594533,0.6072974484413862
2026-04-23 07:41:32.200,3509405.816523861,779126.0516565623,5250991.512852779,-73737.23089758669,65.44380992993294,-0.6930219521746039,-0.3351443016435951,0.6503453850746155
2026-04-23 07:41:32.300,3509405.7047033547,779126.0234720611,5250991.575178039,-73742.14470164671,65.5099847719751,-1.1182050639763474,-0.2818450110498816,0.6232526060193777
2026-04-23 07:41:32.400,3509405.6235463554,779126.0162722333,5250991.640319476,-73747.04323077846,65.47043795354115,-0.8115699933841825,-0.07199827814474702,0.6514143664389849
2026-04-23 07:41:32.500,3509405.5134332874,779125.9800828686,5250991.69282244,-73751.96301135414,65.57695102760128,-1.101130680181086,-0.3618936473503709,0.5250296369194984
2026-04-23 07:41:32.600,3509405.43717617,779125.9510356113,5250991.753265102,-73756.86592339148,65.4618621394133,-0.7625711755827069,-0.29047257266938686,0.6044266279786825
2026-04-23 07:41:32.700,3509405.34478367,779125.9188381863,5250991.821896374,-73761.77225125273,65.43066656258304,-0.9239250002428889,-0.3219742502551526,0.6863127183169127
2026-04-23 07:41:32.800,3509405.242896586,779125.8835803722,5250991.878542768,-73766.677835409,65.60524780886014,-1.0188708361238241,-0.3525781410280615,0.5664639361202717
2026-04-23 07:41:32.900,3509405.1436687293,779125.8581565113,5250991.928513938,-73771.60086634647,65.51485508424773,-0.9922785684466362,-0.2542386087588966,0.4997116979211569
2026-04-23 07:41:33.000,3509405.0496830274,779125.8286830959,5250991.985363945,-73776.51720569389,65.51607849572538,-0.9398570191115141,-0.29473415459506214,0.5685000773519278
2026-04-23 07:41:33.100,3509404.9555714503,779125.8097370667,5250992.04041089,-73781.42146094407,65.5967202399172,-0.9411157714203,-0.18946029129438102,0.5504694487899542
2026-04-23 07:41:33.200,3509404.8832029817,779125.8095881714,5250992.111547334,-73786.32022573015,65.56799848983275,-0.7236846862360835,-0.0014889531303197145,0.7113644387573004
2026-04-23 07:41:33.300,3509404.7779748123,779125.7986039025,5250992.169513373,-73791.22213604469,65.60974282071831,-1.0522816935554147,-0.10984268970787525,0.5796603858470917
2026-04-23 07:41:33.400,3509404.6583572486,779125.8057558672,5250992.221387669,-73796.1463576085,65.61637030854617,-1.1961756367236376,0.07151964702643454,0.5187429673969746
2026-04-23 07:41:33.500,3509404.5552409296,779125.8203213621,5250992.296432682,-73801.04712810363,65.62211032137866,-1.0311631904914975,0.14565494959242642,0.7504501286894083
2026-04-23 07:41:33.600,3509404.461258422,779125.8230781257,5250992.3565033395,-73805.95195549831,65.64309546286621,-0.9398250747472048,0.02756763598881662,0.6007065717130899
2026-04-23 07:41:33.700,3509404.371263494,779125.816712279,5250992.420030517,-73810.84967102962,65.5743200108647,-0.8999492833390832,-0.06365846726112068,0.6352717708796263
2026-04-23 07:41:33.800,3509404.244212047,779125.7970399533,5250992.464544736,-73815.77562431569,65.69536267619655,-1.270514465868473,-0.19672325695864856,0.44514219276607037
2026-04-23 07:41:33.900,3509404.1705992627,779125.7908068637,5250992.529416527,-73820.66447137592,65.6584151235951,-0.7361278450116515,-0.06233089603483677,0.6487179081887007
2026-04-23 07:41:34.000,3509404.0772295166,779125.7901381983,5250992.600185564,-73825.55668005628,65.75966709176804,-0.9336974611505866,-0.006686653941869736,0.7076903712004423
2026-04-23 07:41:34.100,3509403.981104475,779125.7881565804,5250992.656226816,-73830.46731773566,65.76448317512143,-0.9612504160031676,-0.01981617882847786,0.5604125186800957
2026-04-23 07:41:34.200,3509403.8677002843,779125.7717260082,5250992.69212729,-73835.39723882044,65.79523961103456,-1.1340419063344598,-0.16430572257377207,0.359004745259881
2026-04-23 07:41:34.300,3509403.758430218,779125.7712966927,5250992.764895871,-73840.2906520142,65.85122354779955,-1.0927006648853421,-0.004293154925107956,0.7276858109980822
2026-04-23 07:41:34.400,3509403.671887543,779125.7780673987,5250992.827419978,-73845.18905456123,65.7869677688628,-0.86542674805969,0.06770706037059426,0.6252410635352135
2026-04-23 07:41:34.500,3509403.57761285,779125.7884963268,5250992.900704319,-73850.07810598404,65.88765879152876,-0.9427469316869974,0.10428928071632981,0.7328434102237225
2026-04-23 07:41:34.600,3509403.48468371,779125.8007678293,5250992.975555133,-73854.97527324723,65.83659140850081,-0.9292913973331451,0.12271502520889044,0.7485081441700459
2026-04-23 07:41:34.700,3509403.3930331306,779125.7989615083,5250993.026639372,-73859.88611282669,65.86633757221274,-0.9165057959035039,-0.018063209718093276,0.510842390358448
2026-04-23 07:41:34.800,3509403.280196168,779125.8066253273,5250993.081624766,-73864.80830624778,65.84620408994294,-1.1283696256577969,0.07663819007575512,0.5498539377003908
2026-04-23 07:41:34.900,3509403.2037150455,779125.8061249424,5250993.144225803,-73869.71699864969,65.84800027310145,-0.7648112252354622,-0.005003849510103464,0.6260103732347488
2026-04-23 07:41:35.000,3509403.1110557467,779125.8159712258,5250993.209810282,-73874.61720477494,65.80975406230077,-0.9265929879620671,0.09846283472143114,0.6558447889983654
2026-04-23 07:41:35.100,3509403.022265777,779125.8294561645,5250993.271417263,-73879.51997583335,65.84055754376895,-0.8878996968269348,0.1348493865225464,0.6160698086023331
2026-04-23 07:41:35.200,3509402.9099160032,779125.8609190112,5250993.326337405,-73884.43988255649,65.90633681879675,-1.123497737571597,0.31462846673093736,0.5492014158517122
2026-04-23 07:41:35.300,3509402.8228184776,779125.8944853863,5250993.391995192,-73889.3343873806,65.91070177970913,-0.8709752559661865,0.33566375146619976,0.6565778702497482
2026-04-23 07:41:35.400,3509402.7256789356,779125.8824524002,5250993.445778589,-73894.24802365131,65.993036101757,-0.9713954199105501,-0.12032986152917147,0.5378339719027281
2026-04-23 07:41:35.500,3509402.6283037076,779125.8854371499,5250993.503597201,-73899.15945342564,65.90794654897009,-0.9737522806972265,0.029847497353330255,0.5781861208379269
2026-04-23 07:41:35.600,3509402.541209539,779125.8925063697,5250993.573837781,-73904.04693865323,66.04563004270567,-0.8709416864439845,0.07069219835102558,0.7024058047682047
2026-04-23 07:41:35.700,3509402.4221804896,779125.9089701652,5250993.63156825,-73908.9742254586,66.11908253095514,-1.1902904929593205,0.16463795443996787,0.5773046892136335
2026-04-23 07:41:35.800,3509402.330149826,779125.9362297318,5250993.698911401,-73913.88555041027,66.05860452156355,-0.9203066350892186,0.2725956658832729,0.6734315119683743
2026-04-23 07:41:35.900,3509402.2468090532,779125.9521165782,5250993.754425233,-73918.7852089294,65.9905216200754,-0.8334077289327979,0.15886846464127302,0.5551383178681135
2026-04-23 07:41:36.000,3509402.1456274153,779125.974618598,5250993.814278766,-73923.6835116682,66.2772709409127,-1.0118163796141744,0.22502019768580794,0.5985353235155344
2026-04-23 07:41:36.100,3509402.0533376597,779126.0202051046,5250993.871631356,-73928.58740861685,66.0944425336641,-0.9228975558653474,0.4558650660328567,0.5735259037464857
2026-04-23 07:41:36.200,3509401.967704983,779126.0461844208,5250993.9285308225,-73933.48627324925,66.15614139669579,-0.8563267672434449,0.2597931621130556,0.568994665518403
2026-04-23 07:41:36.300,3509401.8549504024,779126.0738316244,5250993.993434737,-73938.39879669438,66.1303613245354,-1.1275458056479692,0.2764720353297889,0.6490391492843628
2026-04-23 07:41:36.400,3509401.7796223895,779126.1032857265,5250994.069686945,-73943.29009035099,66.15385782963385,-0.7532801292836666,0.29454102157615125,0.7625220715999603
2026-04-23 07:41:36.500,3509401.678378197,779126.127290505,5250994.129415405,-73948.19848517311,66.13732551713828,-1.0124419257044792,0.24004778475500643,0.5972846038639545
2026-04-23 07:41:36.600,3509401.5760746035,779126.1495860004,5250994.173204724,-73953.12223840728,66.24088725267531,-1.0230359341949224,0.22295495378784835,0.4378931876271963
2026-04-23 07:41:36.700,3509408.877888263,779127.6306199797,5251004.526256398,-73948.86591549426,67.50653257207743,73.01813659723848,14.810339793330058,103.53051674552262
2026-04-23 07:41:36.800,3509408.812590955,779127.6834066322,5251004.608559244,-73953.74204734317,67.58991123336823,-0.6529730837792158,0.527866524644196,0.8230284601449966
2026-04-23 07:41:36.900,3509401.28725409,779126.2711987975,5250994.319042223,-73967.86845290527,66.33649591300457,-75.25336864870042,-14.12207834655419,-102.89517021737993
2026-04-23 07:41:37.000,3509401.2056221254,779126.3263248039,5250994.37336577,-73972.7781375882,66.3495746374088,-0.8163196453824639,0.5512600636575371,0.5432354751974344
2026-04-23 07:41:37.100,3509408.4786911905,779127.808449917,5251004.638513284,-73968.58539451778,67.32873584646909,72.73069065064192,14.82125113136135,102.65147513709962
2026-04-23 07:41:37.200,3509401.0315003376,779126.4296847695,5250994.474112232,-73982.60107114563,66.35596350861792,-74.47190852835774,-13.787651475286111,-101.64401051588356
2026-04-23 07:41:37.300,3509400.9462341894,779126.468705441,5250994.533311952,-73987.51775274967,66.4410126900922,-0.8526614820584655,0.39020671509206295,0.5919971968978643
2026-04-23 07:41:37.400,3509400.8611093103,779126.5137571658,5250994.606707341,-73992.42399694615,66.39488631052221,-0.8512487914413214,0.45051724766381085,0.7339538913220167
2026-04-23 07:41:37.500,3509400.760692262,779126.5613741225,5250994.637127963,-73997.3525088712,66.47735226254576,-1.0041704820469022,0.47616956755518913,0.3042062185704708
2026-04-23 07:41:37.600,3509400.706691346,779126.6339690665,5250994.689065992,-74002.26280657436,66.5936742972295,-0.5400091595947742,0.7259494403842837,0.5193802900612354
2026-04-23 07:41:37.700,3509400.6247048816,779126.6884919752,5250994.713709134,-74007.18805766212,66.57994779979825,-0.8198646456003189,0.5452290864195675,0.24643141776323318
2026-04-23 07:41:37.800,3509400.516343778,779126.7674600009,5250994.748926127,-74012.13226982586,66.70991429100955,-1.083611035719514,0.7896802574396133,0.35216993652284145
2026-04-23 07:41:37.900,3509400.464695311,779126.8476071758,5250994.800176629,-74017.03320304022,66.5394183268392,-0.5164846684783697,0.801471748854965,0.5125050153583288
2026-04-23 07:41:38.000,3509400.377469727,779126.9350728965,5250994.818774324,-74021.9639742742,66.6993887150079,-0.8722558431327343,0.8746572071686387,0.18597695045173168
2026-04-23 07:41:38.100,3509400.3054684442,779127.0139212345,5250994.854403884,-74026.88032560008,66.79702393912204,-0.7200128259137273,0.7884833798743784,0.35629560239613056
2026-04-23 07:41:38.200,3509400.227059195,779127.0900405898,5250994.907542743,-74031.79102508909,66.72764254993531,-0.7840924942865968,0.7611935527529567,0.5313885863870382
2026-04-23 07:41:38.300,3509400.149667195,779127.1621340455,5250994.941755752,-74036.70315412532,66.74809689769471,-0.7739199977368116,0.7209345570299774,0.34213009290397167
2026-04-23 07:41:38.400,3509400.0776059073,779127.2344327407,5250994.976775474,-74041.60788421646,66.86611612311209,-0.720612877048552,0.722986952168867,0.3501972183585167
2026-04-23 07:41:38.500,3509399.9910539184,779127.3027681992,5250995.020065349,-74046.51588229736,66.8276916851802,-0.8655198896303773,0.6833545851986855,0.4328987468034029
2026-04-23 07:41:38.600,3509399.9238482676,779127.3919167792,5250995.055036013,-74051.41466190995,67.0050800891887,-0.672056507319212,0.8914857998024672,0.349706644192338
2026-04-23 07:41:38.700,3509399.8554528467,779127.4751806482,5250995.080628902,-74056.32429194453,66.99625017345348,-0.6839542090892792,0.8326386893168092,0.25592888705432415
2026-04-23 07:41:38.800,3509399.7702261116,779127.5581064816,5250995.120668448,-74061.21934408636,67.08835961325775,-0.8522673510015011,0.8292583341244608,0.40039545856416225
2026-04-23 07:41:38.900,3509399.6916879504,779127.6446145034,5250995.169533106,-74066.13164472756,67.11206515421807,-0.785381612367928,0.8650802180636674,0.4886465799063444
2026-04-23 07:41:39.000,3509399.6312707467,779127.7286644087,5250995.180287996,-74071.04540592774,67.07211373680973,-0.6041720369830728,0.840499053010717,0.10754890739917755
2026-04-23 07:41:39.100,3509399.5734534673,779127.8172543861,5250995.204696644,-74075.9571403346,67.23940463331631,-0.5781727936118841,0.8858997747302055,0.24408647790551186
2026-04-23 07:41:39.200,3509399.4982217383,779127.9026415127,5250995.237232665,-74080.87271168479,67.24845067659125,-0.7523172907531261,0.8538712654262781,0.3253602050244808
2026-04-23 07:41:39.300,3509399.4200786566,779127.9959633573,5250995.275035488,-74085.7729423897,67.26953226081143,-0.7814308162778616,0.9332184458617121,0.37802823819220066
2026-04-23 07:41:39.400,3509399.372349869,779128.0921079296,5250995.262742604,-74090.688408511,67.35850130601857,-0.47728787641972303,0.9614457236602902,-0.12292884290218353
2026-04-23 07:41:39.500,3509399.313992986,779128.1827594893,5250995.303808078,-74095.57676629392,67.4481333565125,-0.5835688300430775,0.906515596434474,0.41065474040806293
2026-04-23 07:41:39.600,3509399.282099207,779128.280943962,5250995.307710731,-74100.47981312842,67.44761693653014,-0.31893779058009386,0.9818447276484221,0.03902653232216835
2026-04-23 07:41:39.700,3509399.230673227,779128.3774028387,5250995.325507106,-74105.37894144416,67.53324406066257,-0.5142597993835807,0.9645887662190944,0.1779637485742569
2026-04-23 07:41:39.800,3509399.1704706787,779128.4863044497,5250995.361789897,-74110.27136439199,67.50580344804652,-0.6020254828035831,1.0890161106362939,0.3628279082477093
2026-04-23 07:41:39.900,3509399.148591551,779128.5942354742,5250995.349127835,-74115.18173964556,67.45154549293471,-0.21879127714782953,1.0793102451134473,-0.12662062421441078
2026-04-23 07:41:40.000,3509399.123249521,779128.6985427992,5250995.356821485,-74120.09454981094,67.53214175075566,-0.25342029985040426,1.0430732497479767,0.0769365020096302
2026-04-23 07:41:40.100,3509399.0965426103,779128.8190822533,5250995.378178267,-74124.99515944341,67.44720124204552,-0.2670691069215536,1.2053945404477417,0.2135678194463253
2026-04-23 07:41:40.200,3509399.074924975,779128.9298572192,5250995.367054461,-74129.8992667844,67.56733326065671,-0.21617635153234005,1.1077496595680714,-0.11123806238174438
2026-04-23 07:41:40.300,3509399.0628407486,779129.0511549453,5250995.34519074,-74134.80760859455,67.49686475518727,-0.12084226589649916,1.2129772605840117,-0.21863720379769802
2026-04-23 07:41:40.400,3509399.0503844144,779129.1633625523,5250995.295838358,-74139.7322407969,67.68829207619147,-0.12456334196031094,1.122076070168987,-0.4935238230973482
2026-04-23 07:41:40.500,3509399.0377275026,779129.2811841758,5250995.283304022,-74144.64308328248,67.78019626443454,-0.12656911741942167,1.1782162345480174,-0.12534336186945438
2026-04-23 07:41:40.600,3509399.0023897123,779129.4015490402,5250995.273153604,-74149.56752324854,67.64714683873488,-0.3533779038116336,1.2036486447323114,-0.10150417685508728
2026-04-23 07:41:40.700,3509398.954213522,779129.5055040187,5250995.293478021,-74154.47693019781,67.69638404850694,-0.48176190350204706,1.0395497852005064,0.20324417389929295
2026-04-23 07:41:40.800,3509398.9281755276,779129.6125607733,5250995.275270683,-74159.39451110101,67.75169514536462,-0.2603799430653453,1.0705675452481955,-0.18207338638603687
2026-04-23 07:41:40.900,3509396.9256476164,779130.0297116815,5250999.687687018,-74162.68166239416,94.24568697701372,-20.025279112160206,4.171509082661942,44.12416335195303
2026-04-23 07:41:41.000,3509396.885765356,779130.1361426208,5250999.68979774,-74167.59114573912,94.25434711200424,-0.39882260374724865,1.0643093928229064,0.021107224747538567
2026-04-23 07:41:41.100,3509396.862963711,779130.2583758755,5250999.675942814,-74172.50935597492,94.35727745170168,-0.2280164510011673,1.2223325471859425,-0.13854926452040672
2026-04-23 07:41:41.200,3509396.8518005745,779130.3747614527,5250999.670593129,-74177.41189381415,94.2839338897602,-0.11163136456161737,1.1638557713013142,-0.05349685437977314
2026-04-23 07:41:41.300,3509396.840362423,779130.4909237644,5250999.674614919,-74182.30968188513,94.25235493979724,-0.11438151355832815,1.1616231175139546,0.04021790809929371
2026-04-23 07:41:41.400,3509396.823552298,779130.6021171579,5250999.654272237,-74187.22160716211,94.22008296334613,-0.16810125205665827,1.1119339347351342,-0.20342682488262653
2026-04-23 07:41:41.500,3509396.8022368373,779130.7144962982,5250999.657698215,-74192.117885069,94.41801795323566,-0.21315460558980703,1.123791403369978,0.03425978124141693
2026-04-23 07:41:41.600,3509396.7686709547,779130.829162444,5250999.666348839,-74197.02141227447,94.20882306663717,-0.33565882593393326,1.14666145760566,0.08650624193251133
2026-04-23 07:41:41.700,3509396.727653551,779130.9343700748,5250999.684443408,-74201.92202774154,94.31309128249278,-0.41017403826117516,1.0520763078238815,0.18094568513333797
2026-04-23 07:41:41.800,3509396.713975104,779131.056570243,5250999.692398106,-74206.81434597826,94.2735931727925,-0.13678446877747774,1.222001682035625,0.0795469805598259
2026-04-23 07:41:41.900,3509396.7066310854,779131.1662164433,5250999.666927647,-74211.7245927245,94.33043324698438,-0.07344018667936325,1.0964620031882077,-0.25470458902418613
2026-04-23 07:41:42.000,3509396.7006176743,779131.2810744582,5250999.653260781,-74216.63715850034,94.39625082190585,-0.06013411097228527,1.148580148583278,-0.13666865415871143
2026-04-23 07:41:42.100,3509396.68613795,779131.3954377092,5250999.660848615,-74221.54816834368,94.3849813050005,-0.1447972422465682,1.1436325102113187,0.0758783333003521
2026-04-23 07:41:42.200,3509396.6776095727,779131.5168020644,5250999.655160621,-74226.46124111145,94.256182501436,-0.08528377395123243,1.213643552036956,-0.05687993951141834
2026-04-23 07:41:42.300,3509398.528566047,779131.3551062238,5250995.5395061355,-74232.87332903007,67.3312300278391,18.50956474430859,-1.6169584053568542,-41.15654485300183
2026-04-23 07:41:42.400,3509398.513557926,779131.4751688393,5250995.564963823,-74237.77945726206,67.16409485235268,-0.15008121263235807,1.2006261548958719,0.2545768767595291
2026-04-23 07:41:42.500,3509398.5003657565,779131.5867583571,5250995.5402194075,-74242.70410493594,67.26292018572175,-0.1319216936826706,1.1158951779361814,-0.24744415655732155
2026-04-23 07:41:42.600,3509398.507449706,779131.7237722515,5250995.545004724,-74247.60343101909,67.21385961967434,0.07083949632942677,1.370138943893835,0.04785316064953804
2026-04-23 07:41:42.700,3509394.073224424,779129.5256438297,5250991.448158219,-74257.11529409025,53.413378574961484,-44.34225282166153,-21.98128421790898,-40.9684650413692
2026-04-23 07:41:42.800,3509394.1009657136,779129.6432922452,5250991.45692869,-74262.00025809633,53.54355997554436,0.2774128969758749,1.1764841550029814,0.08770470507442951
2026-04-23 07:41:42.900,3509394.091410652,779129.7534464173,5250991.448432306,-74266.91399361232,53.480614493133885,-0.09555061813443899,1.1015417205635458,-0.08496384136378765
2026-04-23 07:41:43.000,3509394.074757384,779129.8634026586,5250991.461952652,-74271.81623769774,53.482867549613985,-0.16653267666697502,1.0995624132920057,0.13520346023142338
2026-04-23 07:41:43.100,3509394.0398789626,779129.96696894,5250991.427159861,-74276.7577752844,53.466821782180396,-0.3487842157483101,1.0356628138106316,-0.3479279112070799
2026-04-23 07:41:43.200,3509394.0030032853,779130.0695998814,5250991.405148108,-74281.69254127944,53.49071937755709,-0.36875677295029163,1.0263094143010676,-0.22011753171682358
2026-04-23 07:41:43.300,3509393.984411315,779130.1679309896,5250991.3750850335,-74286.6296655057,53.5631508111476,-0.18591970205307007,0.9833110822364688,-0.30063074082136154
2026-04-23 07:41:43.400,3509393.9602570604,779130.275030405,5250991.373908142,-74291.56049143098,53.52230089454429,-0.2415425470098853,1.0709941538516432,-0.011768918484449387
2026-04-23 07:41:43.500,3509393.948766888,779130.3913606881,5250991.363021641,-74296.47176700908,53.539505701407954,-0.11490172240883112,1.1633028311189264,-0.10886500589549541
2026-04-23 07:41:43.600,3509393.957109226,779130.4956839076,5250991.337745459,-74301.38335546163,53.547091702150176,0.08342337794601917,1.0432321950793266,-0.252761822193861
2026-04-23 07:41:43.700,3509393.9647851246,779130.6113747966,5250991.341612613,-74306.29128233947,53.55341728430222,0.07675898727029562,1.1569088895339519,0.03867154009640217
2026-04-23 07:41:43.800,3509393.967109233,779130.722870344,5250991.307756682,-74311.2128534319,53.541768202080945,0.02324108500033617,1.1149554734583944,-0.33855930902063847
2026-04-23 07:41:43.900,3509393.972898646,779130.8238042257,5250991.284121386,-74316.14542574954,53.63815590677857,0.05789412651211023,1.0093388170935214,-0.23635296151041985
2026-04-23 07:41:44.000,3509393.9494756376,779130.9173659349,5250991.269351215,-74321.06624945758,53.623565444822,-0.23423008155077696,0.9356170927640051,-0.1477017067372799
2026-04-23 07:41:44.100,3509393.9640812213,779131.0153898969,5250991.25334007,-74325.98738609238,53.57457180978876,0.14605583623051643,0.9802396199665964,-0.1601114496588707
2026-04-23 07:41:44.200,3509393.956192716,779131.102184792,5250991.215022683,-74330.92155483407,53.66283133208135,-0.07888505235314369,0.8679489511996508,-0.38317386992275715
2026-04-23 07:41:44.300,3509393.946742459,779131.2020807839,5250991.175615092,-74335.8653604933,53.613484601742535,-0.09450256824493408,0.9989599185064435,-0.39407591335475445
2026-04-23 07:41:44.400,3509393.936915272,779131.3076626325,5250991.142011935,-74340.81039650121,53.64105290270736,-0.09827187284827232,1.0558184864930809,-0.3360315691679716
2026-04-23 07:41:44.500,3509393.923832971,779131.4068037287,5250991.115046515,-74345.75686088912,53.71567971455441,-0.13082300778478384,0.9914109611418098,-0.2696541976183653
2026-04-23 07:41:44.600,3509393.910665191,779131.4929204921,5250991.085914716,-74350.71284133037,53.7322316446798,-0.13167780358344316,0.8611676341388375,-0.2913179900497198
2026-04-23 07:41:44.700,3509393.9098249003,779131.5779451035,5250991.047948018,-74355.6523939862,53.71717706784814,-0.008402904495596886,0.8502461144234985,-0.3796669840812683
2026-04-23 07:41:44.800,3509393.894819523,779131.6669845097,5250991.031798608,-74360.58541513537,53.767589125470074,-0.15005377121269703,0.8903940615709871,-0.16149410046637058
2026-04-23 07:41:44.900,3509393.908072542,779131.7658234043,5250991.007960711,-74365.51260953299,53.764436623695005,0.13253018725663424,0.9883889462798834,-0.2383789699524641
2026-04-23 07:41:45.000,3509393.9120612913,779131.8681708685,5250990.964784188,-74370.44721556111,53.834111643385306,0.03988749347627163,1.0234746418427676,-0.43176522478461266
2026-04-23 07:41:45.100,3509393.9310703776,779131.9663689557,5250990.930662876,-74375.37334338714,53.818029138589154,0.19009086303412914,0.9819808718748391,-0.341213122010231
2026-04-23 07:41:45.200,3509393.950550294,779132.0690951507,5250990.907682541,-74380.30139805879,53.709206822772096,0.1947991643100977,1.0272619500756264,-0.22980335168540478
2026-04-23 07:41:45.300,3509393.9369208827,779132.1635554258,5250990.888687531,-74385.22922550632,53.72396188256259,-0.13629411347210407,0.9446027514059097,-0.189950093626976
2026-04-23 07:41:45.400,3509393.950922247,779132.2621639833,5250990.859562839,-74390.1552098743,53.7503122302862,0.140013643540442,0.9860855748411268,-0.2912469208240509
2026-04-23 07:41:45.500,3509393.9654227565,779132.3617166862,5250990.84774234,-74395.06515600646,53.713516140603616,0.14500509481877089,0.9955270285718143,-0.11820499785244465
2026-04-23 07:41:45.600,3509393.9662650465,779132.4524070661,5250990.828374968,-74399.99401928016,53.663737320310865,0.00842289999127388,0.906903799623251,-0.19367371685802937
2026-04-23 07:41:45.700,3509393.9794857106,779132.5472637996,5250990.819961057,-74404.91499172406,53.70996089707647,0.13220664113759995,0.94856733456254,-0.08413910865783691
2026-04-23 07:41:45.800,3509393.98340158,779132.6402736696,5250990.795821604,-74409.83959302693,53.677997511235475,0.03915869165211916,0.930098700337112,-0.2413945272564888
2026-04-23 07:41:45.900,3509393.9975516256,779132.7414258829,5250990.79093144,-74414.75364130779,53.70035032762855,0.14150045812129974,1.0115221329033375,-0.048901643604040146
2026-04-23 07:41:46.000,3509394.0052508945,779132.8490133688,5250990.785252516,-74419.6735473426,53.59619912183692,0.07699268870055676,1.0758748592343181,-0.05678923800587654
2026-04-23 07:41:46.100,3509394.014148989,779132.9497391598,5250990.763808246,-74424.5956849988,53.608482210754296,0.0889809476211667,1.00725790951401,-0.21444270387291908
2026-04-23 07:41:46.200,3509394.032502945,779133.0502044,5250990.747652623,-74429.50943096043,53.66267310202183,0.18353955820202827,1.0046524018980563,-0.16155622899532318
2026-04-23 07:41:46.300,3509394.0396355367,779133.1579440165,5250990.734683189,-74434.42110519484,53.58786942222982,0.07132591679692268,1.0773961653467268,-0.12969434261322021
2026-04-23 07:41:46.400,3509394.05383169,779133.2638603289,5250990.722439856,-74439.33113480585,53.60691907707829,0.1419615326449275,1.0591631243005395,-0.12243332341313362
2026-04-23 07:41:46.500,3509394.072210973,779133.3608355946,5250990.698099711,-74444.24596853984,53.625776725664835,0.18379283137619495,0.9697526565287262,-0.2434014528989792
2026-04-23 07:41:46.600,3509394.0661254544,779133.4680440434,5250990.683524213,-74449.16743525957,53.594294225635615,-0.060855187475681305,1.072084488114342,-0.14575498178601265
2026-04-23 07:41:46.700,3509394.0689475583,779133.5657803614,5250990.674832857,-74454.08024649402,53.58806331281666,0.028221039101481438,0.9773631801363081,-0.08691355586051941
2026-04-23 07:41:46.800,3509394.076260457,779133.6672510031,5250990.655567364,-74458.99845669557,53.51939402873915,0.07312898524105549,1.014706416754052,-0.19265493378043175
2026-04-23 07:41:46.900,3509394.0836744653,779133.7717174134,5250990.639507629,-74463.90124239917,53.47906906652979,0.07414008490741253,1.044664103537798,-0.16059734858572483
2026-04-23 07:41:47.000,3509394.09460091,779133.8682329529,5250990.604340356,-74468.82523684275,53.58703013255273,0.10926444549113512,0.9651553945150226,-0.3516727313399315
2026-04-23 07:41:47.100,3509394.1166153206,779133.97106224,5250990.587734345,-74473.7377625777,53.54486319456876,0.22014410700649023,1.0282928706146777,-0.16606010496616364
2026-04-23 07:41:47.200,3509394.125553229,779134.0718001402,5250990.565436341,-74478.65550192336,53.53165872281438,0.08937908336520195,1.007379002403468,-0.2229800447821617
2026-04-23 07:41:47.300,3509394.129125264,779134.1801047458,5250990.5440893555,-74483.57027652049,53.543524062608554,0.03572035115212202,1.0830460558645427,-0.2134698536247015
2026-04-23 07:41:47.400,3509394.1399210934,779134.2840172955,5250990.520297438,-74488.47789121614,53.574269543389775,0.10795829351991415,1.0391254967544228,-0.23791917599737644
2026-04-23 07:41:47.500,3509394.1472168434,779134.385721443,5250990.509928818,-74493.38834959953,53.564235155224424,0.07295750081539154,1.0170414752792567,-0.10368620045483112
2026-04-23 07:41:47.600,3509394.165369506,779134.4736990855,5250990.4691458605,-74498.30721685303,53.51815936055244,0.18152662552893162,0.8797764254268259,-0.4078295733779669
2026-04-23 07:41:47.700,3509394.174211436,779134.5757621807,5250990.464151017,-74503.2020844861,53.58786063832727,0.08841929957270622,1.0206309519708157,-0.04994843155145645
2026-04-23 07:41:47.800,3509394.185026958,779134.676246264,5250990.442503353,-74508.10284463088,53.65100719101534,0.1081552216783166,1.0048408329021186,-0.21647664718329906
2026-04-23 07:41:47.900,3509394.196443468,779134.7798876221,5250990.415020505,-74513.0088071424,53.675546105223454,0.11416509747505188,1.0364135808777064,-0.27482847683131695
2026-04-23 07:41:48.000,3509394.202322205,779134.8832788141,5250990.397676721,-74517.90672360528,53.63942175376847,0.05878737196326256,1.0339119203854352,-0.17343783751130104
2026-04-23 07:41:48.100,3509394.224590617,779134.9738207106,5250990.384589007,-74522.80415919285,53.65753691084774,0.22268412169069052,0.9054189641028643,-0.13087714090943336
2026-04-23 07:41:48.200,3509394.2288726647,779135.0693222889,5250990.373735736,-74527.70798299991,53.67620003327315,0.042820475064218044,0.9550157829653472,-0.10853271000087261
2026-04-23 07:41:48.300,3509394.2390762884,779135.1743229362,5250990.372513155,-74532.60071767803,53.71370798632955,0.10203623678535223,1.0500064736697823,-0.012225806713104248
2026-04-23 07:41:48.400,3509394.255677735,779135.2749908235,5250990.348466925,-74537.50535107534,53.64757676720996,0.1660144655033946,1.0066788725089282,-0.24046230129897594
2026-04-23 07:41:48.500,3509394.2605685703,779135.3709111323,5250990.3168429695,-74542.42360412641,53.68440712566114,0.04890835378319025,0.9592030884232372,-0.316239558160305
2026-04-23 07:41:48.600,3509394.2716673417,779135.4712374468,5250990.306490984,-74547.32770427977,53.6526203682908,0.110987713560462,1.0032631445210427,-0.10351985692977905
2026-04-23 07:41:48.700,3509394.2962254845,779135.5680368565,5250990.2852927735,-74552.22453813085,53.72310630156554,0.24558142758905888,0.9679940971545875,-0.21198210306465626
2026-04-23 07:41:48.800,3509394.3046089634,779135.6725217379,5250990.259318413,-74557.1330656065,53.72712695764859,0.08383478969335556,1.0448488139081746,-0.25974360294640064
2026-04-23 07:41:48.900,3509394.3205976672,779135.7714365831,5250990.254471176,-74562.0316632056,53.78323090836941,0.15988703817129135,0.9891484526451677,-0.04847236908972263
2026-04-23 07:41:49.000,3509394.3457295205,779135.8674307636,5250990.208917921,-74566.9429983043,53.80275259885088,0.2513185329735279,0.9599418041761965,-0.45553254894912243
2026-04-23 07:41:49.100,3509394.360997147,779135.9712688853,5250990.212399029,-74571.83492095918,53.806862101810054,0.15267626382410526,1.0383812175132334,0.034811077639460564
2026-04-23 07:41:49.200,3509394.3657337404,779136.0676947738,5250990.185059698,-74576.74117442008,53.830040396441596,0.04736593458801508,0.9642588847782463,-0.2733933087438345
2026-04-23 07:41:49.300,3509394.3883805578,779136.1622485504,5250990.149795634,-74581.64603337132,53.84044245701058,0.2264681737869978,0.9455377666745335,-0.3526406455785036
2026-04-23 07:41:49.400,3509394.406787091,779136.2629166254,5250990.131959038,-74586.53892180213,53.84004304183525,0.18406533170491457,1.006680749123916,-0.17836595885455608
2026-04-23 07:41:49.500,3509394.4209537897,779136.3589283155,5250990.114314352,-74591.43631097097,53.846148772361474,0.14166698791086674,0.9601169009692967,-0.17644685693085194
2026-04-23 07:41:49.600,3509394.450085343,779136.454528199,5250990.069838697,-74596.33809607598,53.88864969815906,0.2913155313581228,0.9559988358523697,-0.4447565507143736
2026-04-23 07:41:49.700,3509394.46657035,779136.5493496547,5250990.04669964,-74601.2371463254,53.878761341804775,0.16485007014125586,0.948214556556195,-0.23139056749641895
2026-04-23 07:41:49.800,3509394.471201137,779136.6466807096,5250990.033626059,-74606.13551903417,53.91732420525826,0.046307872980833054,0.9733105485793203,-0.13073581270873547
2026-04-23 07:41:49.900,3509394.4950639736,779136.7418973864,5250989.994769773,-74611.04070500382,54.02095441460273,0.2386283641681075,0.9521667682565749,-0.38856285624206066
2026-04-23 07:41:50.000,3509394.489086456,779136.8487032875,5250989.997606087,-74615.93715349516,53.925923653289274,-0.05977517459541559,1.0680590115953237,0.02836313098669052
2026-04-23 07:41:50.100,3509394.511474777,779136.947919485,5250989.964499016,-74620.8372053416,53.992257176453926,0.2238832088187337,0.9921619750093669,-0.3310707025229931
2026-04-23 07:41:50.200,3509394.5342094223,779137.0430199598,5250989.924231577,-74625.73278551728,53.99901191870819,0.22734645288437605,0.9510047477670014,-0.4026743955910206
2026-04-23 07:41:50.300,3509394.554606706,779137.140487119,5250989.887994926,-74630.63886749654,54.07079310191877,0.20397283602505922,0.9746715915389359,-0.36236650310456753
2026-04-23 07:41:50.400,3509394.5619204044,779137.2471138897,5250989.880244926,-74635.52765175387,54.10105333277895,0.07313698530197144,1.0662677069194615,-0.07750000804662704
2026-04-23 07:41:50.500,3509394.584526205,779137.3461458893,5250989.843911487,-74640.41979755668,54.09352697985402,0.22605800535529852,0.9903199959080666,-0.3633343894034624
2026-04-23 07:41:50.600,3509394.613996962,779137.4460852426,5250989.811094454,-74645.30443701822,54.13954765657181,0.29470757115632296,0.9993935329839587,-0.32817033119499683
2026-04-23 07:41:50.700,3509394.6337494696,779137.5452274279,5250989.781344252,-74650.18901522369,54.1998475052069,0.1975250756368041,0.99142185295932,-0.2975020185112953
2026-04-23 07:41:50.800,3509394.652652053,779137.6397183076,5250989.756293277,-74655.0831251344,54.28889058136359,0.189025835134089,0.9449087979737669,-0.2505097445100546
2026-04-23 07:41:50.900,3509394.6559025985,779137.7397225894,5250989.741803139,-74659.98243785578,54.27184080580644,0.03250545356422663,1.0000428173225373,-0.14490137808024883
2026-04-23 07:41:51.000,3509394.6569469967,779137.83996602,5250989.720076669,-74664.88234608305,54.25938181689953,0.010443981736898422,1.0024343058466911,-0.21726470440626144
2026-04-23 07:41:51.100,3509394.677612864,779137.9315352637,5250989.692102527,-74669.77532152378,54.30823248239885,0.20665867254137993,0.9156924369744956,-0.27974141761660576
2026-04-23 07:41:51.200,3509394.696826743,779138.0297504496,5250989.677364209,-74674.65739215126,54.35360934393886,0.19213879015296698,0.9821518592070788,-0.14738318510353565
2026-04-23 07:41:51.300,3509394.709817302,779138.1249029686,5250989.648295978,-74679.54957878741,54.41542916179943,0.12990558985620737,0.9515251906123012,-0.29068230651319027
2026-04-23 07:41:51.400,3509394.7320377347,779138.2184643879,5250989.618579966,-74684.44159119348,54.45702906710568,0.222204327583313,0.9356141928583384,-0.29716012068092823
2026-04-23 07:41:51.500,3509394.749370747,779138.3109211539,5250989.587690595,-74689.33210282214,54.49584457772205,0.17333012074232101,0.9245676593855023,-0.30889371410012245
2026-04-23 07:41:51.600,3509394.7642866587,779138.4102162945,5250989.5779185705,-74694.22739234356,54.52102871591456,0.14915911946445704,0.9929514059331268,-0.09772024117410183
2026-04-23 07:41:51.700,3509394.7826866256,779138.5048977733,5250989.5516433325,-74699.13277964936,54.53642231144248,0.1839996688067913,0.9468147880397737,-0.26275238022208214
2026-04-23 07:41:51.800,3509394.8047430585,779138.5949133583,5250989.51348514,-74704.03665649302,54.57987168992908,0.22056432906538248,0.9001558506861329,-0.3815819229930639
2026-04-23 07:41:51.900,3509394.8092111037,779138.693878955,5250989.503483866,-74708.94182786252,54.62616062967226,0.04468045197427273,0.9896559664048254,-0.10001273825764656
2026-04-23 07:41:52.000,3509394.81169989,779138.7877945724,5250989.483583175,-74713.84363040995,54.71296228085753,0.02488786354660988,0.9391561744268984,-0.1990069169551134
2026-04-23 07:41:52.100,3509394.8285598615,779138.8873119333,5250989.459338435,-74718.74594765098,54.74503348243406,0.16859971452504396,0.995173609117046,-0.24244739674031734
2026-04-23 07:41:52.200,3509394.825450456,779138.9886745368,5250989.442858996,-74723.66243632349,54.76774163922119,-0.031094057485461235,1.0136260348372161,-0.16479439102113247
2026-04-23 07:41:52.300,3509394.8283951846,779139.0913228409,5250989.441144541,-74728.55897643548,54.76669941640495,0.029447288252413273,1.0264830407686532,-0.017144549638032913
2026-04-23 07:41:52.400,3509394.8337705797,779139.1949879305,5250989.425741805,-74733.46066336452,54.77660254780989,0.053753950633108616,1.036650895839557,-0.15402736142277718
2026-04-23 07:41:52.500,3509394.852863812,779139.2893541016,5250989.39368807,-74738.35625663487,54.8179136996154,0.19093232229351997,0.9436617116443813,-0.32053735107183456
2026-04-23 07:41:52.600,3509394.862451666,779139.3936156387,5250989.369861871,-74743.25296312128,54.89517987721836,0.09587854146957397,1.042615370824933,-0.23826198652386665
2026-04-23 07:41:52.700,3509394.8701924407,779139.4973328095,5250989.34507915,-74748.14650914034,54.85483275793991,0.07740774657577276,1.037171707721427,-0.2478272095322609
2026-04-23 07:41:52.800,3509394.8742024456,779139.6006270298,5250989.331559663,-74753.03961458935,54.8209628577588,0.04010004922747612,1.032942202873528,-0.13519487343728542
2026-04-23 07:41:52.900,3509394.880311372,779139.6988251695,5250989.305325935,-74757.94200536051,54.88216574860076,0.06108926609158516,0.9819813969079405,-0.2623372804373503
2026-04-23 07:41:53.000,3509394.902441274,779139.7922632177,5250989.303749782,-74762.8360621554,54.86110104196092,0.22129901684820652,0.9343804826494306,-0.01576152630150318
2026-04-23 07:41:53.100,3509394.8954272955,779139.8943410566,5250989.2883711895,-74767.74278530038,54.853298632049395,-0.07013978436589241,1.0207783884834498,-0.15378592535853386
2026-04-23 07:41:53.200,3509394.89442032,779139.9941876648,5250989.272594535,-74772.6429554416,54.91030456368227,-0.010069753043353558,0.9984660823829472,-0.15776654705405235
2026-04-23 07:41:53.300,3509394.8950988967,779140.0916849335,5250989.249745013,-74777.54318089914,54.89302325145825,0.006785765290260315,0.9749726869631559,-0.22849521599709988
2026-04-23 07:41:53.400,3509394.903158657,779140.1871405839,5250989.2389853615,-74782.43777141836,54.87025732703705,0.08059760089963675,0.954556503565982,-0.1075965166091919
2026-04-23 07:41:53.500,3509394.8966453522,779140.2819256859,5250989.227439098,-74787.33626821022,54.90229464827311,-0.0651330454275012,0.94785102060996,-0.11546263471245766
2026-04-23 07:41:53.600,3509394.8862410793,779140.3784394871,5250989.225412198,-74792.23968713194,54.971323830360575,-0.10404272936284542,0.9651380113791674,-0.02026899717748165
2026-04-23 07:41:53.700,3509394.8942876663,779140.485854962,5250989.227458128,-74797.12512292776,54.9044697210701,0.08046586997807026,1.0741547495126724,0.020459294319152832
2026-04-23 07:41:53.800,3509394.892084159,779140.5854709093,5250989.205900742,-74802.02759150797,54.88137368832992,-0.02203507348895073,0.9961594722699374,-0.2155738603323698
2026-04-23 07:41:53.900,3509394.916860528,779140.6775011506,5250989.207341481,-74806.92074248136,54.85686261831098,0.24776368867605925,0.9203024138696492,0.014407392591238022
2026-04-23 07:41:54.000,3509394.909441133,779140.770632516,5250989.186191931,-74811.82911021948,54.93274718231142,-0.07419394794851542,0.9313136537093669,-0.21149549633264542
2026-04-23 07:41:54.100,3509394.9068935267,779140.8694130424,5250989.189588377,-74816.72359105044,54.911062472718086,-0.02547606360167265,0.9878052643034607,0.03396445885300636
2026-04-23 07:41:54.200,3509394.913302392,779140.9796721457,5250989.179221928,-74821.62310820007,54.833124458456645,0.06408865097910166,1.1025910323951393,-0.10366449132561684
2026-04-23 07:41:54.300,3509394.9218751458,779141.0749260619,5250989.150586743,-74826.52862029808,54.87207086532765,0.08572753984481096,0.9525391622446477,-0.28635185211896896
2026-04-23 07:41:54.400,3509394.9234342785,779141.1768124688,5250989.146349967,-74831.42798363073,54.851551240622946,0.015591327100992203,1.0188640689011663,-0.04236775450408459
2026-04-23 07:41:54.500,3509394.9403002122,779141.2631814838,5250989.127754795,-74836.31792255295,54.96019348224666,0.16865933779627085,0.8636901504360139,-0.18595172092318535
2026-04-23 07:41:54.600,3509394.9399179877,779141.3514956881,5250989.123305466,-74841.21515270964,54.94544369228055,-0.0038222456350922585,0.883142042439431,-0.044493293389678
2026-04-23 07:41:54.700,3509394.9439451825,779141.4505985631,5250989.107521154,-74846.11042876911,55.020015609828874,0.04027194809168577,0.9910287498496473,-0.15784312039613724
2026-04-23 07:41:54.800,3509394.952696849,779141.5502002231,5250989.08835568,-74851.00533782292,54.98063655482144,0.08751666639000177,0.9960166004020721,-0.19165473990142345
2026-04-23 07:41:54.900,3509394.9520755163,779141.6483805984,5250989.071419413,-74855.90993384022,55.0020893992068,-0.006213327869772911,0.9818037529475987,-0.16936266794800758
2026-04-23 07:41:55.000,3509394.960561128,779141.7432551965,5250989.056626298,-74860.81104064525,55.03196539317885,0.08485611528158188,0.9487459808588028,-0.14793114736676216
2026-04-23 07:41:55.100,3509394.958472689,779141.8486187764,5250989.038163228,-74865.71316511105,55.01088255212504,-0.02088438719511032,1.0536357993260026,-0.18463070504367352
2026-04-23 07:41:55.200,3509394.96924494,779141.9434298687,5250989.027351525,-74870.61338472858,55.04952393364007,0.10772251058369875,0.9481109224725515,-0.10811703279614449
2026-04-23 07:41:55.300,3509394.970687382,779142.0387809653,5250989.020992429,-74875.51242439647,54.99314466608687,0.014424417167901993,0.9535109659191221,-0.06359095685184002
2026-04-23 07:41:55.400,3509394.993783522,779142.130225125,5250988.984614872,-74880.42348313252,55.07557526742313,0.23096140008419752,0.9144415974151343,-0.3637755662202835
2026-04-23 07:41:55.500,3509394.9984591305,779142.2199191547,5250988.952212517,-74885.33299440867,55.0795706468033,0.04675608593970537,0.8969402965158224,-0.3240235522389412
2026-04-23 07:41:55.600,3509394.9971284154,779142.3097103817,5250988.965773557,-74890.21472731176,55.13085368697174,-0.013307151384651661,0.8979122701566666,0.1356104016304016
2026-04-23 07:41:55.700,3509395.004257946,779142.4046847988,5250988.94335549,-74895.11829531244,55.11554565300332,0.07129530422389507,0.9497441712301224,-0.224180668592453
2026-04-23 07:41:55.800,3509395.008969622,779142.5027301961,5250988.905118151,-74900.03235193042,55.17988424761264,0.04711676388978958,0.9804539731703699,-0.38237339816987514
2026-04-23 07:41:55.900,3509395.020711695,779142.5984959791,5250988.898260994,-74904.92612722042,55.17188590475996,0.11742072645574808,0.9576578298583627,-0.06857156753540039
2026-04-23 07:41:56.000,3509395.0181046175,779142.7070336525,5250988.888332975,-74909.81774850634,55.21705218259669,-0.026070773601531982,1.085376733681187,-0.09928018786013126
2026-04-23 07:41:56.100,3509395.015916142,779142.8029331722,5250988.864366168,-74914.71743691225,55.241687457336646,-0.021884753368794918,0.9589951974339783,-0.23966806940734386
2026-04-23 07:41:56.200,3509395.0258626407,779142.9048534937,5250988.818873266,-74919.6276873967,55.3467917786153,0.09946498554199934,1.0192032146733254,-0.45492902398109436
2026-04-23 07:41:56.300,3509395.0419292604,779143.0013926815,5250988.781184529,-74924.53280726023,55.33660743169303,0.16066619660705328,0.9653918782714754,-0.3768873680382967
2026-04-23 07:41:56.400,3509395.0433147373,779143.0948338122,5250988.768837495,-74929.43965289438,55.37545949866718,0.013854769058525562,0.934411307098344,-0.12347034178674221
2026-04-23 07:41:56.500,3509395.03730495,779143.1918250979,5250988.741420552,-74934.3517497281,55.34481330595604,-0.06009787321090698,0.9699128568172455,-0.2741694264113903
2026-04-23 07:41:56.600,3509395.031766027,779143.2857025748,5250988.7309797695,-74939.25031430008,55.44459904250178,-0.05538922734558582,0.9387747687287629,-0.10440782643854618
2026-04-23 07:41:56.700,3509395.020937781,779143.3883037218,5250988.719597662,-74944.15120043063,55.41741500389181,-0.10828246362507343,1.0260114702396095,-0.11382107622921467
2026-04-23 07:41:56.800,3509395.0200647833,779143.4957215597,5250988.698081483,-74949.0515563659,55.44299742654119,-0.008729975670576096,1.0741783794946969,-0.21516178734600544
2026-04-23 07:41:56.900,3509395.013051734,779143.5910771813,5250988.678992788,-74953.95375764884,55.50383900936273,-0.07013049442321062,0.953556215390563,-0.1908869482576847
2026-04-23 07:41:57.000,3509395.0116744456,779143.689307023,5250988.648159084,-74958.8543398835,55.41486793486734,-0.013772882521152496,0.9822984167840332,-0.3083370439708233
2026-04-23 07:41:57.100,3509395.009702334,779143.7902878894,5250988.645152999,-74963.73676440498,55.46121505705588,-0.019721114076673985,1.009808664675802,-0.030060848221182823
2026-04-23 07:41:57.200,3509395.00558267,779143.8756318727,5250988.633471923,-74968.62897970047,55.448726914121444,-0.04119663964956999,0.8534398325718939,-0.11681076139211655
2026-04-23 07:41:57.300,3509395.007251045,779143.9662033676,5250988.606655607,-74973.51497533744,55.46394000256383,0.016683749854564667,0.905714948894456,-0.26816315948963165
2026-04-23 07:41:57.400,3509395.0200460334,779144.0584946567,5250988.594115963,-74978.40052619285,55.4816945568754,0.12794988229870796,0.9229128912556916,-0.12539643794298172
2026-04-23 07:41:57.500,3509395.017227746,779144.1488469153,5250988.574600472,-74983.30193956339,55.4852141013828,-0.028182873502373695,0.9035225864499807,-0.19515491090714931
2026-04-23 07:41:57.600,3509394.9991299203,779144.2459513678,5250988.561534008,-74988.20075091849,55.51880962902255,-0.18097825814038515,0.971044524339959,-0.13066464103758335
2026-04-23 07:41:57.700,3509394.998420882,779144.3439378473,5250988.553883485,-74993.10211348618,55.43494949792602,-0.007090382277965546,0.9798647952266037,-0.07650523446500301
2026-04-23 07:41:57.800,3509394.9866148536,779144.4528128162,5250988.528861119,-74998.00699378345,55.45985839679111,-0.11806028429418802,1.08874968951568,-0.25022365152835846
2026-04-23 07:41:57.900,3509394.982612709,779144.5618520884,5250988.519697461,-75002.90121029905,55.50513953760645,-0.040021445602178574,1.0903927218168974,-0.09163658134639263
2026-04-23 07:41:58.000,3509394.9802052802,779144.6678124532,5250988.497077746,-75007.80633271908,55.52090314751046,-0.024074288085103035,1.0596036480274051,-0.22619714960455894
2026-04-23 07:41:58.100,3509394.9851388955,779144.769365926,5250988.484956413,-75012.68995408656,55.524968280483314,0.049336152151227,1.0155347280669957,-0.12121333740651608
2026-04-23 07:41:58.200,3509394.9848112594,779144.8633882799,5250988.466091862,-75017.5861023824,55.47099379340384,-0.003276360221207142,0.9402235387824476,-0.1886455062776804
2026-04-23 07:41:58.300,3509394.966073866,779144.967304526,5250988.447516137,-75022.48540749612,55.483520185316934,-0.1873739343136549,1.0391624609474093,-0.1857572514563799
2026-04-23 07:41:58.400,3509394.97032669,779145.0584572697,5250988.431492626,-75027.3692500208,55.51230858771513,0.042528240010142326,0.9115274366922677,-0.16023511067032814
2026-04-23 07:41:58.500,3509394.965158832,779145.1592739131,5250988.410227759,-75032.26478266207,55.562092264479325,-0.05167858209460974,1.008166434476152,-0.21264866925776005
2026-04-23 07:41:58.600,3509394.9556265282,779145.2547751408,5250988.397362156,-75037.15864054438,55.46600674268099,-0.09532303549349308,0.9550122765358537,-0.1286560297012329
2026-04-23 07:41:58.700,3509394.966649095,779145.3511659924,5250988.392656664,-75042.03827510735,55.49198129815517,0.11022566817700863,0.9639085165690631,-0.04705491475760937
2026-04-23 07:41:58.800,3509394.964000178,779145.4341214773,5250988.384399069,-75046.93343215906,55.541914104632795,-0.026489170268177986,0.8295548486057669,-0.0825759582221508
2026-04-23 07:41:58.900,3509394.9600113896,779145.5279634289,5250988.3466142835,-75051.83795630498,55.52861166920319,-0.03988788463175297,0.9384195157326758,-0.3778478503227234
2026-04-23 07:41:59.000,3509394.934970962,779145.6255209789,5250988.342152842,-75056.72974400582,55.500573003750794,-0.25040427688509226,0.9755755006335676,-0.044614411890506744
2026-04-23 07:41:59.100,3509394.937215468,779145.718331613,5250988.331659334,-75061.62048835742,55.54170831075301,0.022445060312747955,0.9281063405796885,-0.10493508540093899
2026-04-23 07:41:59.200,3509394.9233595887,779145.8216961367,5250988.320003034,-75066.50999678209,55.46990160826293,-0.13855879195034504,1.0336452373303473,-0.11656300164759159
2026-04-23 07:41:59.300,3509394.932733417,779145.9158434055,5250988.311375175,-75071.39000603133,55.473342039745376,0.09373828303068876,0.941472687991336,-0.08627858944237232
2026-04-23 07:41:59.400,3509394.9260590174,779146.0118998953,5250988.283140811,-75076.28528440173,55.53009059065766,-0.06674399599432945,0.9605648973956704,-0.2823436353355646
2026-04-23 07:41:59.500,3509394.9439160777,779146.1050371809,5250988.255760329,-75081.17244312643,55.54041665950469,0.17857060302048922,0.931372856721282,-0.2738048229366541
2026-04-23 07:41:59.600,3509394.933624064,779146.2042960379,5250988.236937678,-75086.07066870751,55.55103645948239,-0.10292013641446829,0.9925885696429759,-0.1882265042513609
2026-04-23 07:41:59.700,3509394.937990598,779146.304903681,5250988.240155016,-75090.9534393567,55.46891369146681,0.043665338307619095,1.0060764313675463,0.03217337653040886
2026-04-23 07:41:59.800,3509394.9448215035,779146.4020994788,5250988.204601,-75095.8565029049,55.50243535610218,0.06830905564129353,0.9719579771626741,-0.3555401600897312
2026-04-23 07:41:59.900,3509394.952546298,779146.499697484,5250988.1964561995,-75100.74116200913,55.33209211957152,0.07724794559180737,0.9759800520259887,-0.08144800551235676
2026-04-23 07:42:00.000,3509394.9476237656,779146.5928126284,5250988.187426777,-75105.63411435173,55.40652235068804,-0.049225324764847755,0.9311514440923929,-0.09029422886669636
2026-04-23 07:42:00.100,3509394.9461376346,779146.6894143838,5250988.18316258,-75110.52808911941,55.36716619783613,-0.01486130990087986,0.9660175547469407,-0.04264196380972862
2026-04-23 07:42:00.200,3509394.9381568157,779146.7843885329,5250988.167891887,-75115.41878888411,55.34317756290954,-0.0798081886023283,0.9497414901852608,-0.15270693227648735
2026-04-23 07:42:00.300,3509394.9346251194,779146.8925659345,5250988.1594197955,-75120.31105048064,55.29275870642755,-0.035316962748765945,1.0817740159109235,-0.08472091518342495
2026-04-23 07:42:00.400,3509394.939265489,779146.9938633373,5250988.146039709,-75125.20185722847,55.32522679636374,0.04640369676053524,1.0129740287084132,-0.13380086049437523
2026-04-23 07:42:00.500,3509394.9456889885,779147.1027126829,5250988.109363886,-75130.09855011634,55.33595115637337,0.06423499435186386,1.0884934558998793,-0.36675823852419853
2026-04-23 07:42:00.600,3509394.9581399476,779147.2004951073,5250988.1131909145,-75134.98006145263,55.27099947960156,0.124509590677917,0.9778242441825569,0.038270289078354836
2026-04-23 07:42:00.700,3509394.9513523,779147.286334634,5250988.111058682,-75139.86487683187,55.26232955644674,-0.06787647493183613,0.8583952661138028,-0.021322323009371758
2026-04-23 07:42:00.800,3509394.959058071,779147.3783074054,5250988.0863705985,-75144.74938063201,55.277917132874016,0.07705770898610353,0.9197277144994587,-0.24688083678483963
2026-04-23 07:42:00.900,3509394.964484756,779147.4735396983,5250988.066468858,-75149.64284164328,55.28519862571284,0.05426684860140085,0.9523229289334267,-0.19901740364730358
2026-04-23 07:42:01.000,3509394.9737428916,779147.5810567447,5250988.041442684,-75154.53527723464,55.25202056223583,0.09258135687559843,1.0751704638823867,-0.25026174262166023
2026-04-23 07:42:01.100,3509394.9694551677,779147.6767681887,5250988.038303937,-75159.42322426669,55.19614680743309,-0.04287723917514086,0.9571144403889775,-0.03138747066259384
2026-04-23 07:42:01.200,3509394.97784991,779147.7699637981,5250988.012489884,-75164.31640609738,55.24703738645761,0.08394742384552956,0.9319560939911753,-0.25814052671194077
2026-04-23 07:42:01.300,3509394.9690667936,779147.8601172599,5250988.003078697,-75169.20290086397,55.254197106845155,-0.08783116471022367,0.9015346178784966,-0.09411186911165714
2026-04-23 07:42:01.400,3509394.9878287,779147.9564767375,5250987.981163305,-75174.0936660281,55.250086560618605,0.18761906307190657,0.9635947761125863,-0.21915392018854618
2026-04-23 07:42:01.500,3509394.988059271,779148.0559864274,5250987.955413164,-75179.00122114869,55.21232768993641,0.0023057125508785248,0.9950968984048814,-0.25750141590833664
2026-04-23 07:42:01.600,3509394.991585164,779148.1517337442,5250987.936316052,-75183.89811119386,55.22458846688696,0.03525892738252878,0.9574731683824211,-0.1909711118787527
2026-04-23 07:42:01.700,3509394.9951735656,779148.2544755809,5250987.928486398,-75188.78337012885,55.15834627280602,0.03588401712477207,1.0274183668661863,-0.07829654030501842
2026-04-23 07:42:01.800,3509395.000086136,779148.3471776961,5250987.915632439,-75193.67469881669,55.109477432626235,0.04912570584565401,0.9270211518742144,-0.12853959575295448
2026-04-23 07:42:01.900,3509394.997824022,779148.4458521123,5250987.902554989,-75198.56705299161,55.14872223676875,-0.02262114081531763,0.9867441619280726,-0.130774499848485
2026-04-23 07:42:02.000,3509395.003409653,779148.5476402477,5250987.890841094,-75203.46177481969,55.130182905489846,0.05585630889981985,1.0178813547827303,-0.1171389501541853
2026-04-23 07:42:02.100,3509395.0007315166,779148.6406525632,5250987.871470163,-75208.34418220982,55.18534381398022,-0.026781363412737846,0.9301231545396149,-0.19370931200683117
2026-04-23 07:42:02.200,3509395.0006162813,779148.7367703884,5250987.857664536,-75213.22659025663,55.17783002120977,-0.00115235336124897,0.9611782524734735,-0.13805626891553402
2026-04-23 07:42:02.300,3509395.023060908,779148.8316159756,5250987.821560655,-75218.13283258294,55.1733378297453,0.22444626782089472,0.9484558715485036,-0.3610388096421957
2026-04-23 07:42:02.400,3509395.0109256166,779148.9235385447,5250987.816438848,-75223.01111930117,55.191779483231734,-0.1213529147207737,0.9192256908863783,-0.05121806636452675
2026-04-23 07:42:02.500,3509395.023823757,779149.0130979144,5250987.794091346,-75227.90607973639,55.19057103437397,0.12898140586912632,0.8955936972051859,-0.22347502410411835
2026-04-23 07:42:02.600,3509395.028372027,779149.1103113098,5250987.785584189,-75232.80205943751,55.196962584705346,0.045482697896659374,0.9721339540556073,-0.08507156744599342
2026-04-23 07:42:02.700,3509395.033959839,779149.20582463,5250987.768852423,-75237.6917894462,55.2249269324899,0.055878120474517345,0.9551332017872483,-0.16731766052544117
2026-04-23 07:42:02.800,3509395.0299362317,779149.3086658817,5250987.754659623,-75242.58231907117,55.23503250198949,-0.040236073546111584,1.0284125176258385,-0.14192800037562847
2026-04-23 07:42:02.900,3509395.0228290632,779149.4081706854,5250987.745979195,-75247.47710353417,55.195168474622136,-0.07107168436050415,0.9950480365660042,-0.08680427446961403
2026-04-23 07:42:03.000,3509395.013286856,779149.5083932673,5250987.737124586,-75252.36586314395,55.165342539876534,-0.09542207233607769,1.0022258188109845,-0.08854609914124012
2026-04-23 07:42:03.100,3509395.024274825,779149.6072144987,5250987.71455137,-75257.25209807919,55.12776136237864,0.10987969115376472,0.9882123139686882,-0.22573215886950493
2026-04-23 07:42:03.200,3509395.0392365227,779149.7006502675,5250987.694328043,-75262.14075008123,55.16672849050073,0.1496169762685895,0.9343576885294169,-0.20223326981067657
2026-04-23 07:42:03.300,3509395.045560735,779149.7911079073,5250987.670883275,-75267.03399244585,55.184533717352124,0.06324212066829205,0.9045763977337629,-0.234447680413723
2026-04-23 07:42:03.400,3509395.0456915107,779149.8852413159,5250987.6573500605,-75271.91275861302,55.165429762362166,0.0013077585026621819,0.9413340862374753,-0.135332141071558
2026-04-23 07:42:03.500,3509395.04488135,779149.9881917469,5250987.661652389,-75276.781633562,55.1623483502547,-0.00810160767287016,1.0295043094083667,0.043023284524679184
2026-04-23 07:42:03.600,3509395.050282976,779150.085873621,5250987.646358707,-75281.67373850688,55.10399393733188,0.05401626229286194,0.9768187417648733,-0.15293681994080544
2026-04-23 07:42:03.700,3509395.0685237925,779150.182571829,5250987.622526047,-75286.56927379342,55.10281928624958,0.18240816425532103,0.9669820789713413,-0.23832660168409348
2026-04-23 07:42:03.800,3509395.079488477,779150.274205995,5250987.592361412,-75291.4635629828,55.15096684745748,0.10964684654027224,0.9163416607771069,-0.3016463480889797
2026-04-23 07:42:03.900,3509395.081953805,779150.3635554793,5250987.585928792,-75296.34657939064,55.183600419803646,0.02465327735990286,0.8934948430396616,-0.06432619877159595
2026-04-23 07:42:04.000,3509395.077586711,779150.4633300436,5250987.586477652,-75301.2348592465,55.12281766763378,-0.04367094021290541,0.9977456426713616,0.005488600581884384
2026-04-23 07:42:04.100,3509395.0746271494,779150.5706199773,5250987.5739275925,-75306.12395420272,55.08168828678095,-0.029595615342259407,1.0728993371594697,-0.12550059705972672
2026-04-23 07:42:04.200,3509395.0779966284,779150.6715191938,5250987.5625334615,-75311.01637073807,55.112670908577456,0.03369478974491358,1.0089921648614109,-0.11394130997359753
2026-04-23 07:42:04.300,3509395.082443931,779150.7721978086,5250987.544561451,-75315.90469025605,55.09473526294531,0.04447302781045437,1.0067861480638385,-0.179720101878047
2026-04-23 07:42:04.400,3509395.080851326,779150.8716252685,5250987.54355456,-75320.78544134325,55.084936346536104,-0.01592604909092188,0.9942745987791568,-0.01006891019642353
2026-04-23 07:42:04.500,3509395.093392706,779150.9642767437,5250987.529018217,-75325.67591714744,55.077735758350045,0.12541379779577255,0.9265147522091866,-0.1453634351491928
2026-04-23 07:42:04.600,3509395.0958287595,779151.0573289513,5250987.521726187,-75330.5668001992,55.108643652434836,0.024360534735023975,0.9305220760870725,-0.07292029447853565
2026-04-23 07:42:04.700,3509395.103881491,779151.1497598055,5250987.514550693,-75335.46080403357,55.08929496786773,0.08052731398493052,0.92430854216218,-0.07175493985414505
2026-04-23 07:42:04.800,3509395.110975761,779151.2496191787,5250987.485711728,-75340.35448329677,55.10447222950955,0.07094270084053278,0.9985937317833304,-0.28838965110480785
2026-04-23 07:42:04.900,3509395.119400385,779151.344986066,5250987.4899238665,-75345.23662620973,55.09384516213938,0.08424623869359493,0.9536688728258014,0.04212138243019581
2026-04-23 07:42:05.000,3509395.129368424,779151.4417951826,5250987.48066379,-75350.12453054854,55.11746988117101,0.09968039114028215,0.9680911665782332,-0.09260076098144054
2026-04-23 07:42:05.100,3509395.1314756316,779151.5369131615,5250987.466981227,-75355.02342179709,55.0561465591848,0.02107207663357258,0.9511797886807472,-0.13682563789188862
2026-04-23 07:42:05.200,3509395.134961534,779151.6333728271,5250987.472570152,-75359.91604242509,55.03299335901996,0.03485902212560177,0.9645966556854546,0.055889254435896873
2026-04-23 07:42:05.300,3509395.144163509,779151.7337550881,5250987.467469219,-75364.80714747691,55.02890673891354,0.0920197507366538,1.003822609782219,-0.05100932903587818
2026-04-23 07:42:05.400,3509395.152057158,779151.8253197748,5250987.446110265,-75369.70674894421,55.025237027116106,0.0789364892989397,0.9156468673609197,-0.21358953788876534
2026-04-23 07:42:05.500,3509395.1523142983,779151.9206636181,5250987.443100454,-75374.60655478861,55.02733427757686,0.0025714049115777016,0.9534384333528578,-0.03009811043739319
2026-04-23 07:42:05.600,3509395.1662919857,779152.0176704556,5250987.442804299,-75379.49392285799,54.99994466266143,0.1397768734022975,0.9700683748815209,-0.0029615499079227448
2026-04-23 07:42:05.700,3509395.163700001,779152.1112011493,5250987.419997901,-75384.38925858145,55.00903875402127,-0.02591984812170267,0.9353069367352873,-0.22806398570537567
2026-04-23 07:42:05.800,3509395.1757856947,779152.205966156,5250987.411345574,-75389.28455039463,54.95585605186543,0.12085693888366222,0.9476500668097287,-0.0865232665091753
2026-04-23 07:42:05.900,3509395.1686816365,779152.305491141,5250987.41138753,-75394.18353671502,54.963141616385265,-0.07104058284312487,0.9952498506754637,0.00041956081986427307
2026-04-23 07:42:06.000,3509395.1834908747,779152.3938278437,5250987.385399173,-75399.08524094611,55.06016730951871,0.14809238258749247,0.8833670266903937,-0.2598835714161396
2026-04-23 07:42:06.100,3509395.19250927,779152.4839572104,5250987.382137812,-75403.98176296908,54.981226867644914,0.09018395096063614,0.9012936672661453,-0.032613612711429596
2026-04-23 07:42:06.200,3509395.2024806268,779152.5731152823,5250987.364155559,-75408.87934843065,54.95600121986676,0.09971356950700283,0.8915807190351188,-0.1798225287348032
2026-04-23 07:42:06.300,3509395.2065323,779152.6685609382,5250987.342922765,-75413.76619530283,55.06496147651253,0.04051673226058483,0.9544565586838871,-0.21232794038951397
2026-04-23 07:42:06.400,3509395.2172357906,779152.7654777487,5250987.340912396,-75418.65897106103,55.02046559241253,0.1070349058136344,0.9691681049298495,-0.020103687420487404
2026-04-23 07:42:06.500,3509395.220148276,779152.8650516861,5250987.324433778,-75423.55417336062,54.958301473674595,0.029124855063855648,0.9957393736112863,-0.16478617675602436
2026-04-23 07:42:06.600,3509395.227684773,779152.9579706567,5250987.301366088,-75428.45099559751,54.947154568925406,0.07536496967077255,0.9291897062212229,-0.23067690432071686
2026-04-23 07:42:06.700,3509395.2443308793,779153.0620899856,5250987.289998539,-75433.34185001763,54.90674732588041,0.16646106261759996,1.0411932889837772,-0.11367549188435078
2026-04-23 07:42:06.800,3509395.2466799845,779153.1514639948,5250987.285538047,-75438.23386401053,54.94203470908904,0.023491051979362965,0.8937400917056948,-0.04460492171347141
2026-04-23 07:42:06.900,3509395.2638781355,779153.2459041635,5250987.258170628,-75443.1309545218,54.95852231141876,0.17198150977492332,0.9444016870111227,-0.2736741863191128
2026-04-23 07:42:07.000,3509395.2677491414,779153.3384396264,5250987.255593454,-75448.0227620382,54.957593756521995,0.038710059598088264,0.9253546292893589,-0.0257717352360487
2026-04-23 07:42:07.100,3509395.26473934,779153.4313344066,5250987.216725937,-75452.93908418214,54.974060498788745,-0.030098012648522854,0.9289478021673858,-0.3886751737445593
2026-04-23 07:42:07.200,3509395.2576593934,779153.5225750502,5250987.21992236,-75457.82952765573,54.89320865530609,-0.07079946808516979,0.912406436400488,0.03196422941982746
2026-04-23 07:42:07.300,3509395.2657930367,779153.6154621493,5250987.218707505,-75462.71551944288,54.95637781985877,0.08133643306791782,0.9288709901738912,-0.012148553505539894
2026-04-23 07:42:07.400,3509395.257315341,779153.7101401724,5250987.203221929,-75467.61663051628,54.94007998710504,-0.08477695751935244,0.9467802313156426,-0.15485575422644615
2026-04-23 07:42:07.500,3509395.258113743,779153.8071121388,5250987.194140178,-75472.50343029368,55.00782576161162,0.007984018884599209,0.9697196644265205,-0.09081751108169556
2026-04-23 07:42:07.600,3509395.275584391,779153.9048790502,5250987.176195865,-75477.38156000701,54.997255872043375,0.17470648046582937,0.9776691137813032,-0.1794431358575821
2026-04-23 07:42:07.700,3509395.2888178653,779154.0011324254,5250987.1391956685,-75482.27780412421,55.005278935370114,0.1323347445577383,0.9625337517354637,-0.3700019605457783
2026-04-23 07:42:07.800,3509395.294893142,779154.0924352708,5250987.124359916,-75487.17528154813,55.03123801073099,0.06075276527553797,0.9130284539423883,-0.14835752546787262
2026-04-23 07:42:07.900,3509395.3068479695,779154.1825356543,5250987.095212968,-75492.07486900168,55.04379514894839,0.11954827699810266,0.9010038350243121,-0.29146947897970676
2026-04-23 07:42:08.000,3509395.313591717,779154.2783596044,5250987.079673324,-75496.96131026042,54.98981679566653,0.06743747275322676,0.9582395013421774,-0.15539644286036491
2026-04-23 07:42:08.100,3509395.3199859913,779154.3721609133,5250987.074027976,-75501.839903789,55.02453013697623,0.06394274532794952,0.93801308888942,-0.05645347759127617
2026-04-23 07:42:08.200,3509395.3388582985,779154.4542470303,5250987.045941852,-75506.73414155202,55.03816893813558,0.18872307147830725,0.8208611700683832,-0.2808612398803234
2026-04-23 07:42:08.300,3509395.3434330067,779154.5441373744,5250987.020493598,-75511.6267163131,55.099939569817344,0.045747081749141216,0.8989034406840801,-0.2544825430959463
2026-04-23 07:42:08.400,3509395.3471261784,779154.6353530717,5250987.005684702,-75516.51474363987,55.10640417267275,0.0369317177683115,0.9121569734998047,-0.14808895997703075
2026-04-23 07:42:08.500,3509395.350632996,779154.7300136304,5250987.006745549,-75521.40758246566,55.11919366191474,0.03506817389279604,0.946605586213991,0.010608471930027008
2026-04-23 07:42:08.600,3509395.362449707,779154.8229560357,5250986.99723657,-75526.29736654261,55.14057376618087,0.11816711165010929,0.9294240537565202,-0.09508978575468063
2026-04-23 07:42:08.700,3509395.3786670943,779154.908191332,5250986.972283036,-75531.1860906336,55.092093015303504,0.16217387281358242,0.8523529628291726,-0.2495353389531374
2026-04-23 07:42:08.800,3509395.386329817,779154.9861486854,5250986.956181876,-75536.07743937816,55.09278323932766,0.0766272284090519,0.7795735343825072,-0.1610116008669138
2026-04-23 07:42:08.900,3509395.3727435237,779155.0568944091,5250986.9653909365,-75540.9687278664,55.06701533198884,-0.13586293440312147,0.7074572367127985,0.09209060110151768
2026-04-23 07:42:09.000,3509395.364193602,779155.1159083606,5250986.97348795,-75545.86168645653,55.08093962533641,-0.08549921680241823,0.5901395145338029,0.08097013458609581
2026-04-23 07:42:09.100,3509395.373521445,779155.2000357525,5250986.94544394,-75550.76114159517,55.10505683685821,0.09327842853963375,0.8412739192135632,-0.2804400958120823
2026-04-23 07:42:09.200,3509395.37805412,779155.2933105599,5250986.936843728,-75555.662444969,55.13546722027798,0.045326752588152885,0.9327480744104832,-0.08600212633609772
2026-04-23 07:42:09.300,3509395.3818023507,779155.3796400765,5250986.922484717,-75560.56475268508,55.102479806286595,0.037482306361198425,0.8632951660547405,-0.14359010383486748
2026-04-23 07:42:09.400,3509395.380965739,779155.4597534185,5250986.928484014,-75565.44880329355,55.13393826853896,-0.008366117253899574,0.8011334191542119,0.059992969036102295
2026-04-23 07:42:09.500,3509395.3700872674,779155.5410291345,5250986.93203624,-75570.3518976159,55.161402843502394,-0.10878471657633781,0.8127571607474238,0.035522254183888435
2026-04-23 07:42:09.600,3509395.3711082847,779155.6251638858,5250986.910408018,-75575.26212420745,55.16932723480649,0.010210173204541206,0.8413475123234093,-0.2162822149693966
2026-04-23 07:42:09.700,3509395.368491611,779155.7124986859,5250986.914098777,-75580.15626777036,55.11395766376548,-0.02616673707962036,0.8733480016235262,0.036907587200403214
2026-04-23 07:42:09.800,3509395.374714375,779155.795595043,5250986.9153041355,-75585.05451358565,55.14670724320899,0.06222764030098915,0.8309635706245899,0.012053586542606354
2026-04-23 07:42:09.900,3509395.376360191,779155.8756809633,5250986.898307552,-75589.96278281306,55.151544816427915,0.016458160243928432,0.8008592028636485,-0.1699658390134573
2026-04-23 07:42:10.000,3509395.3720517764,779155.9539113368,5250986.880726511,-75594.88388449965,55.14054166203698,-0.043084146454930305,0.7823037356138229,-0.1758104097098112
2026-04-23 07:42:10.100,3509395.3860729947,779156.043084757,5250986.864185359,-75599.78238448211,55.19711986341231,0.14021218288689852,0.8917342021595687,-0.16541151329874992
2026-04-23 07:42:10.200,3509395.3814447196,779156.1316258564,5250986.849802594,-75604.68286136475,55.168244404145334,-0.0462827505543828,0.885410993359983,-0.14382765628397465
2026-04-23 07:42:10.300,3509395.37837245,779156.2243632282,5250986.839601139,-75609.59565877465,55.10373905866195,-0.030722697265446186,0.9273737180046737,-0.10201455093920231
2026-04-23 07:42:10.400,3509395.394012928,779156.3104212754,5250986.828391168,-75614.49678297288,55.092894425528065,0.15640478115528822,0.8605804725084454,-0.11209970340132713
2026-04-23 07:42:10.500,3509395.3933034134,779156.389835197,5250986.818306247,-75619.40895453491,55.23471850664392,-0.007095145992934704,0.7941392157226801,-0.1008492149412632
2026-04-23 07:42:10.600,3509395.3974372516,779156.4651690238,5250986.796027343,-75624.32432091539,55.21938110356197,0.04133838228881359,0.7533382682595402,-0.22278903983533382
2026-04-23 07:42:10.700,3509395.397883645,779156.5552722481,5250986.769490819,-75629.23891000287,55.237518158989175,0.004463931545615196,0.9010322426911443,-0.2653652336448431
2026-04-23 07:42:10.800,3509395.409929637,779156.6292243891,5250986.755537236,-75634.13520649767,55.36930708666367,0.12045992072671652,0.7395214098505676,-0.1395358331501484
2026-04-23 07:42:10.900,3509395.4180968553,779156.7141747219,5250986.746748268,-75639.03773351226,55.28843201727454,0.08167218416929245,0.849503327626735,-0.08788968436419964
2026-04-23 07:42:11.000,3509395.4146965034,779156.790724896,5250986.724966769,-75643.94900958195,55.268297338781814,-0.034003518521785736,0.7655017415527254,-0.21781498566269875
2026-04-23 07:42:11.100,3509395.4158193353,779156.8685662912,5250986.712063974,-75648.85831085233,55.30328588199793,0.011228318326175213,0.7784139516297728,-0.1290279533714056
2026-04-23 07:42:11.200,3509395.4242378357,779156.9557808258,5250986.696450927,-75653.75659978436,55.346288205967674,0.08418500423431396,0.872145346365869,-0.1561304647475481
2026-04-23 07:42:11.300,3509395.4331524754,779157.0356529849,5250986.683948769,-75658.64894210422,55.31296303555356,0.08914639707654715,0.7987215905450284,-0.125021580606699
2026-04-23 07:42:11.400,3509395.437708415,779157.1261553268,5250986.667136223,-75663.54744533308,55.30051148761757,0.04555939696729183,0.9050234197638929,-0.1681254617869854
2026-04-23 07:42:11.500,3509395.4390301425,779157.2109246813,5250986.652824869,-75668.44877577039,55.34638306329271,0.013217274099588394,0.8476935443468392,-0.143113536760211
2026-04-23 07:42:11.600,3509395.440717639,779157.2998045076,5250986.632602838,-75673.35176566259,55.318673620005185,0.016874964348971844,0.8887982636224478,-0.20222031511366367
2026-04-23 07:42:11.700,3509395.4514435716,779157.3889645652,5250986.611039279,-75678.25109961312,55.288432115699784,0.10725932661443949,0.8916005759965628,-0.21563558839261532
2026-04-23 07:42:11.800,3509395.4671748257,779157.4763855364,5250986.587124679,-75683.14091262573,55.28501381095119,0.15731254126876593,0.8742097113281488,-0.23914599791169167
2026-04-23 07:42:11.900,3509395.47575384,779157.5571452231,5250986.571274898,-75688.03948626749,55.33731498265194,0.08579014334827662,0.8075968676712364,-0.15849781222641468
2026-04-23 07:42:12.000,3509395.482675905,779157.6465246775,5250986.554115358,-75692.94186270297,55.34257935124568,0.06922064814716578,0.8937945438083261,-0.17159540206193924
2026-04-23 07:42:12.100,3509395.4759237194,779157.7319454005,5250986.550266672,-75697.84767888508,55.352003335012725,-0.06752185523509979,0.8542072295676917,-0.03848685882985592
2026-04-23 07:42:12.200,3509395.4970373334,779157.8079916565,5250986.502700559,-75702.75906845675,55.37803660812297,0.21113614086061716,0.7604625599924475,-0.4756611306220293
2026-04-23 07:42:12.300,3509395.503514019,779157.8951665608,5250986.479031363,-75707.6597030628,55.487793683255326,0.06476685404777527,0.8717490429989994,-0.23669196292757988
2026-04-23 07:42:12.400,3509395.504569714,779157.9840665979,5250986.447338604,-75712.56515343224,55.42699380769914,0.01055695116519928,0.8890003710985184,-0.31692758202552795
2026-04-23 07:42:12.500,3509395.508557805,779158.0640168111,5250986.432528425,-75717.47671106759,55.498167739563506,0.0398809090256691,0.7995021319948137,-0.14810179360210896
2026-04-23 07:42:12.600,3509395.5223363647,779158.1455396935,5250986.405456695,-75722.38562226675,55.47023050671982,0.13778559863567352,0.8152288245037198,-0.27071730233728886
2026-04-23 07:42:12.700,3509395.530328317,779158.2261771907,5250986.3800345175,-75727.29405767733,55.459710359787294,0.07991952355951071,0.8063749712891877,-0.254221772775054
2026-04-23 07:42:12.800,3509395.5385677004,779158.3092041742,5250986.381025685,-75732.18878873288,55.46024090155075,0.08239383343607187,0.8302698354236782,0.0099116750061512
2026-04-23 07:42:12.900,3509395.539205465,779158.4028600237,5250986.347226831,-75737.10107604375,55.54263939609298,0.006377645768225193,0.9365584945771843,-0.3379885386675596
2026-04-23 07:42:13.000,3509395.5560765783,779158.4853358823,5250986.302623139,-75742.00986957455,55.60033636048946,0.1687111333012581,0.8247585862409323,-0.4460369236767292
2026-04-23 07:42:13.100,3509395.567277857,779158.56245424,5250986.294654281,-75746.90908021081,55.538658204691416,0.11201278772205114,0.7711835775990039,-0.07968857884407043
2026-04-23 07:42:13.200,3509395.5665544677,779158.6397474401,5250986.269803275,-75751.81990868172,55.58411105194384,-0.007233894430100918,0.7729320006910712,-0.24851005524396896
2026-04-23 07:42:13.300,3509395.5981933395,779158.7278315373,5250986.23968206,-75756.72826788244,55.68493427095163,0.31638871878385544,0.8808409713674337,-0.30121215619146824
2026-04-23 07:42:13.400,3509395.6132378634,779158.8073160365,5250986.214351535,-75761.63304007277,55.73845060615431,0.15044523868709803,0.7948449929244816,-0.25330524891614914
2026-04-23 07:42:13.500,3509395.6187276575,779158.8978220426,5250986.197509595,-75766.53511607026,55.68554049006029,0.05489794071763754,0.9050600603222847,-0.1684193965047598
2026-04-23 07:42:13.600,3509395.6244160715,779158.9808921108,5250986.144450904,-75771.4571894864,55.75318801447178,0.05688413977622986,0.8307006827089936,-0.530586913228035
2026-04-23 07:42:13.700,3509395.644946616,779159.0616260248,5250986.131747024,-75776.33765013347,55.84362881864198,0.20530544687062502,0.8073391392827034,-0.12703879736363888
2026-04-23 07:42:13.800,3509395.6537473784,779159.1532711155,5250986.086864376,-75781.24637076895,55.89725067748768,0.08800762239843607,0.9164509072434157,-0.44882647693157196
2026-04-23 07:42:13.900,3509395.665267724,779159.2408976925,5250986.072397824,-75786.14555920428,55.92404181609116,0.11520345695316792,0.8762657700572163,-0.14466552063822746
2026-04-23 07:42:14.000,3509395.675830927,779159.3397859469,5250986.056745114,-75791.04024702155,55.94814739148737,0.10563203133642673,0.9888825437519699,-0.1565271057188511
2026-04-23 07:42:14.100,3509395.690198408,779159.4242006853,5250986.028636827,-75795.94278081328,55.94513281506513,0.14367480762302876,0.8441473846323788,-0.28108286671340466
2026-04-23 07:42:14.200,3509395.7055566865,779159.506299816,5250986.015627128,-75800.84037740751,55.953143162343835,0.15358278527855873,0.8209913061000407,-0.13009699061512947
2026-04-23 07:42:14.300,3509395.709455791,779159.5853135046,5250986.005576292,-75805.72795787915,56.011197912948575,0.03899104427546263,0.7901368860621005,-0.10050836019217968
2026-04-23 07:42:14.400,3509395.705516045,779159.6691861055,5250985.980453172,-75810.62847153457,55.97947808888127,-0.0393974594771862,0.8387260092422366,-0.2512312028557062
2026-04-23 07:42:14.500,3509395.718116123,779159.7466087028,5250985.960217869,-75815.52315897617,56.12834689031368,0.12600078247487545,0.7742259732913226,-0.20235302858054638
2026-04-23 07:42:14.600,3509395.735562951,779159.8366070648,5250985.939765472,-75820.41934153068,56.03508439519166,0.17446827609091997,0.899983620038256,-0.2045239694416523
2026-04-23 07:42:14.700,3509395.7536374945,779159.9255423653,5250985.918798586,-75825.31636178604,56.04436821085587,0.18074543680995703,0.8893530047498643,-0.2096688561141491
2026-04-23 07:42:14.800,3509395.731976269,779160.0056022576,5250985.903235884,-75830.22351655802,56.10586772969152,-0.21661225706338882,0.8005989226512611,-0.15562701970338821
2026-04-23 07:42:14.900,3509395.730259351,779160.0925795484,5250985.890741662,-75835.12822003971,56.115536471423454,-0.01716917846351862,0.869772908044979,-0.124942222610116
2026-04-23 07:42:15.000,3509395.741865578,779160.1851010777,5250985.885312028,-75840.01532176475,56.014276610871654,0.1160622714087367,0.9252152929548174,-0.05429633893072605
2026-04-23 07:42:15.100,3509395.7373287803,779160.270445476,5250985.873845627,-75844.91146132017,56.14343741021504,-0.04536797758191824,0.8534439839422703,-0.11466401629149914
2026-04-23 07:42:15.200,3509395.733035302,779160.3526322223,5250985.869355967,-75849.7976508338,56.11734164111085,-0.04293478559702635,0.821867462946102,-0.04489659331738949
2026-04-23 07:42:15.300,3509395.7390074744,779160.4353706902,5250985.847717453,-75854.69274743712,56.20974313301114,0.05972172599285841,0.8273846784140915,-0.2163851447403431
2026-04-23 07:42:15.400,3509395.741511728,779160.5236230507,5250985.828106023,-75859.58810818195,56.217157614039984,0.025042537599802017,0.8825236046686769,-0.19611429423093796
2026-04-23 07:42:15.500,3509395.7538263327,779160.6033752569,5250985.824324294,-75864.47682163162,56.224990778877846,0.12314604595303535,0.7975220622029155,-0.03781729377806187
2026-04-23 07:42:15.600,3509395.755041527,779160.6880600473,5250985.819057661,-75869.3681885757,56.32821058773616,0.012151943519711494,0.8468479046132416,-0.052666328847408295
2026-04-23 07:42:15.700,3509395.7588507435,779160.782857829,5250985.807010975,-75874.25882483815,56.295391105114014,0.03809216432273388,0.9479778166860342,-0.12046686373651028
2026-04-23 07:42:15.800,3509395.7604085715,779160.8889597678,5250985.796725124,-75879.14923229585,56.347035594187815,0.01557827927172184,1.061019387561828,-0.10285850614309311
2026-04-23 07:42:15.900,3509395.75433232,779160.9972586896,5250985.771603949,-75884.04717316473,56.24796308699977,-0.06076251622289419,1.0829892184119672,-0.2512117475271225
2026-04-23 07:42:16.000,3509395.768102923,779161.1022281711,5250985.759633175,-75888.94569656508,56.30750430466537,0.13770603109151125,1.0496948147192597,-0.1197077427059412
2026-04-23 07:42:16.100,3509395.7732569613,779161.205273073,5250985.753057049,-75893.82785733239,56.331310108503445,0.05154038313776255,1.0304490197449923,-0.0657612644135952
2026-04-23 07:42:16.200,3509395.7757212063,779161.2977448155,5250985.743451497,-75898.71849269146,56.33627517067606,0.024642450734972954,0.924717424204573,-0.09605552069842815
2026-04-23 07:42:16.300,3509395.778664775,779161.3957350691,5250985.715738804,-75903.61850869948,56.296290847839174,0.029435688629746437,0.9799025359097868,-0.27712692506611347
2026-04-23 07:42:16.400,3509395.779804859,779161.4993411036,5250985.715832802,-75908.4992827722,56.37650949493006,0.011400836519896984,1.0360603453591466,0.0009399745613336563
2026-04-23 07:42:16.500,3509395.7695098747,779161.5943605636,5250985.685559991,-75913.41102068704,56.487696942442945,-0.10294984094798565,0.9501945995725691,-0.30272810719907284
2026-04-23 07:42:16.600,3509395.7890172573,779161.6968229989,5250985.664975149,-75918.30889456412,56.535225469633694,0.19507382530719042,1.0246243537403643,-0.20584842190146446
2026-04-23 07:42:16.700,3509395.806089765,779161.7957455716,5250985.631356819,-75923.2045171036,56.50233985105811,0.1707250764593482,0.98922572680749,-0.33618330024182796
2026-04-23 07:42:16.800,3509395.7952122623,779161.8890683542,5250985.633750608,-75928.0909152457,56.58978682848766,-0.10877502616494894,0.9332278254441917,0.023937895894050598
2026-04-23 07:42:16.900,3509395.790301726,779161.9857730444,5250985.620704395,-75932.98505047712,56.74224076703463,-0.049105361104011536,0.9670469025149941,-0.13046213425695896
2026-04-23 07:42:17.000,3509395.791408343,779162.0892091601,5250985.582717029,-75937.88155103705,56.62314769477503,0.011066165752708912,1.0343611566349864,-0.37987365387380123
2026-04-23 07:42:17.100,3509395.790985432,779162.1815527701,5250985.575423013,-75942.7644849448,56.66054931144514,-0.0042291078716516495,0.9234361001290381,-0.0729401595890522
2026-04-23 07:42:17.200,3509395.799311932,779162.2801203891,5250985.537062552,-75947.65482454773,56.732592743120456,0.08326500188559294,0.9856761898845434,-0.38360461592674255
2026-04-23 07:42:17.300,3509395.799654351,779162.3723595432,5250985.521115812,-75952.53255212729,56.73278939476004,0.0034241890534758568,0.9223915415350348,-0.1594674028456211
2026-04-23 07:42:17.400,3509395.794375489,779162.4763807653,5250985.487007999,-75957.41804123535,56.708036784828344,-0.05278862081468105,1.0402122209779918,-0.3410781268030405
2026-04-23 07:42:17.500,3509395.7903920123,779162.5692878406,5250985.457447897,-75962.29744438601,56.71511909684512,-0.039834766648709774,0.9290707530453801,-0.2956010214984417
2026-04-23 07:42:17.600,3509395.8009455577,779162.6675746791,5250985.431249654,-75967.16270568203,56.74635034340394,0.10553545318543911,0.9828683850355446,-0.2619824279099703
2026-04-23 07:42:17.700,3509395.7958237766,779162.7588124343,5250985.403137327,-75972.04151286148,56.754524453539304,-0.05121781025081873,0.9123775514308363,-0.2811232674866915
2026-04-23 07:42:17.800,3509400.3484775377,779165.215926025,5250989.575750203,-75972.17014788138,71.67649723303892,45.52653761114925,24.571135906735435,41.72612875699997
2026-04-23 07:42:17.900,3509395.8076321012,779162.936126269,5250985.3609382175,-75981.73877929423,56.86915531561841,-45.408454365096986,-22.797997558955103,-42.148119853809476
2026-04-23 07:42:18.000,3509395.8099543424,779163.0305895644,5250985.354383349,-75986.58093558224,56.78792597013399,0.02322241198271513,0.9446329530328512,-0.06554868072271347
2026-04-23 07:42:18.100,3509400.3557194043,779165.4941567084,5250989.497847043,-75986.7226268904,71.43581718190141,45.45765061862767,24.63567144004628,41.4346369355917
2026-04-23 07:42:18.200,3509400.3728198973,779165.5853964657,5250989.4760757005,-75991.54741008466,71.57255329855515,0.1710049295797944,0.9123975737020373,-0.21771342493593693
2026-04-23 07:42:18.300,3509395.4916167986,779163.1346444581,5250984.968481723,-76001.40409011682,57.25917289121233,-48.812030986882746,-24.507520076585934,-45.0759397726506
2026-04-23 07:42:18.400,3509395.5228464166,779163.2650575258,5250984.973972936,-76006.157752909,57.10012563906442,0.3122961800545454,1.3041306775994599,0.054912129417061806
2026-04-23 07:42:18.500,3509395.5156679098,779163.3552552687,5250984.96031433,-76010.93148763641,57.29693674202864,-0.07178506813943386,0.9019774291664362,-0.13658606447279453
2026-04-23 07:42:18.600,3509395.5574882114,779163.4446459487,5250984.953584536,-76015.67434815671,57.72431702864758,0.4182030167430639,0.8939067996107042,-0.06729793734848499
2026-04-23 07:42:18.700,3509397.058999705,779166.9380139261,5250983.986248386,-76022.07506187758,24.656599680591935,15.015114936977625,34.93367977440357,-9.673361498862505
2026-04-23 07:42:18.800,3509397.096693661,779167.0414540247,5250983.982985369,-76026.80324521319,24.52191180581269,0.37693955935537815,1.034400985809043,-0.03263017162680626
2026-04-23 07:42:18.900,3509397.141961926,779167.1480919237,5250983.987472776,-76031.47445107349,24.54167423584448,0.45268265064805746,1.066378989489749,0.044874073937535286
2026-04-23 07:42:19.000,3509397.1737302886,779167.2441456288,5250983.952137281,-76036.17732637128,24.42086297578931,0.3176836250349879,0.9605370508506894,-0.3533549513667822
2026-04-23 07:42:19.100,3509397.2075053942,779167.322985087,5250983.937759138,-76040.87270427901,24.374231700608316,0.33775105606764555,0.7883945829235017,-0.14378143474459648
2026-04-23 07:42:19.200,3509397.233064469,779167.4073866389,5250983.915123372,-76045.51187653434,24.384686001392353,0.25559074711054564,0.844015518669039,-0.22635765373706818
2026-04-23 07:42:19.300,3509397.2716666088,779167.4810374579,5250983.87116686,-76050.14636328,24.392584788478363,0.3860213980078697,0.7365081901662052,-0.43956512585282326
2026-04-23 07:42:19.400,3509397.3335072887,779167.5618701046,5250983.818722214,-76054.73207375279,24.305025482532585,0.61840679962188,0.8083264669403434,-0.5244464613497257
2026-04-23 07:42:19.500,3509397.373894723,779167.6325144604,5250983.762690246,-76059.31385921282,24.355352063233795,0.4038743441924453,0.7064435572829098,-0.5603196751326323
2026-04-23 07:42:19.600,3509407.8701284183,779173.6305248456,5250992.897008182,-76053.57880647056,7.666575302905806,104.96233695186675,59.9801038519945,91.34317935444415
2026-04-23 07:42:19.700,3509397.453550298,779167.7437181544,5250983.6684362115,-76068.32224797347,24.404022129629297,-104.16578120086342,-58.86806691181846,-92.28571970015764
2026-04-23 07:42:19.800,3509397.3925417964,779167.754458626,5250983.498883776,-76072.81364348035,24.742310190451573,-0.610085017979145,0.10740471654571593,-1.695524351671338
2026-04-23 07:42:19.900,3509400.5904496796,779166.743916797,5250988.742420192,-76070.66084253692,76.18342507626896,31.97907883208245,-10.105418290477246,52.435364155098796
2026-04-23 07:42:20.000,3509408.076055254,779173.8571606165,5250992.66853167,-76071.30590281259,7.67565199572479,74.85605574212968,71.1324381956365,39.26111478358507
2026-04-23 07:42:20.100,3509408.1577278255,779173.8947691288,5250992.615273119,-76075.76918407268,7.641253444982754,0.8167257159948349,0.37608512211591005,-0.5325855128467083
2026-04-23 07:42:20.200,3509408.211529717,779173.9308950906,5250992.561950514,-76080.27590147697,7.68828862745976,0.5380189139395952,0.3612596180755645,-0.5332260485738516
2026-04-23 07:42:20.300,3509408.264314978,779173.9698117849,5250992.4966648985,-76084.79529636103,7.651842995817477,0.5278526106849313,0.38916694349609315,-0.6528561562299728
2026-04-23 07:42:20.400,3509408.3247049246,779174.0070217287,5250992.430634324,-76089.38851217536,7.651352947330765,0.60389946680516,0.3720994375180453,-0.6603057403117418
2026-04-23 07:42:20.500,3509408.391376385,779174.0364238536,5250992.3570494475,-76094.02790565665,7.698474885227865,0.6667146040126681,0.29402124928310513,-0.7358487695455551
2026-04-23 07:42:20.600,3509408.4795386484,779174.0580684482,5250992.307327272,-76098.70985149579,7.7157471533367055,0.8816226338967681,0.21644594613462687,-0.4972217511385679
2026-04-23 07:42:20.700,3509408.530093784,779174.0636422283,5250992.235410763,-76103.44595903088,7.6717856985042765,0.5055513558909297,0.05573780043050647,-0.7191650941967964
2026-04-23 07:42:20.800,3509408.5893072914,779174.076894279,5250992.175978227,-76108.19501423756,7.680576616351797,0.5921350745484233,0.13252050732262433,-0.5943253636360168
2026-04-23 07:42:20.900,3509408.688336672,779174.1095454271,5250992.104887198,-76112.94142673287,7.686328686348973,0.9902938036248088,0.3265114815440029,-0.7109102886170149
2026-04-23 07:42:21.000,3509401.4626367483,779167.187406013,5250988.117803519,-76121.4496102427,73.20521571272697,-72.25699923466891,-69.22139414120466,-39.87083679065108
2026-04-23 07:42:21.100,3509408.8171468647,779174.1083657157,5250991.956577281,-76122.46144152092,7.688236342804166,73.54510116390884,69.20959702692926,38.387737618759274
2026-04-23 07:42:21.200,3509401.5659233173,779167.1271018512,5250987.977405397,-76131.01995167338,74.20821341537648,-72.51223547384143,-69.81263864552602,-39.79171883314848
2026-04-23 07:42:21.300,3509401.6507237395,779167.1415869729,5250987.911342224,-76135.82735560849,74.04807663686397,0.8480042219161987,0.14485121704638004,-0.6606317311525345
2026-04-23 07:42:21.400,3509409.030813506,779174.119728525,5250991.7946457025,-76136.8701228619,7.725439590552099,73.80089766345918,69.78141552186571,38.83303478360176
2026-04-23 07:42:21.500,3509409.0951748844,779174.1289269703,5250991.710069391,-76141.71557964163,7.723728069639169,0.6436137855052948,0.09198445244692266,-0.8457631152123213
2026-04-23 07:42:21.600,3509401.904477554,779167.2405884094,5250987.750062652,-76150.29680135046,73.07763360634281,-71.90697330515832,-68.88338560936972,-39.60006739012897
2026-04-23 07:42:21.700,3509401.9489265727,779167.2323339636,5250987.6585462075,-76155.1941012331,73.46341880901434,0.4444901878014207,-0.08254445740021765,-0.9151644445955753
2026-04-23 07:42:21.800,3509401.9844064997,779167.210337711,5250987.594002698,-76160.07083509993,74.04345153140521,0.35479926969856024,-0.21996252587996423,-0.6454350985586643
2026-04-23 07:42:21.900,3509409.39739947,779174.1785948008,5250991.454068297,-76161.17193659459,7.755717707242939,74.12992970552295,69.68257089727558,38.60065598972142
2026-04-23 07:42:22.000,3509409.4711868935,779174.1821188484,5250991.3855316965,-76166.07419515881,7.736056808505445,0.7378742331638932,0.03524047671817243,-0.6853660009801388
2026-04-23 07:42:22.100,3509402.0990147465,779167.1170851331,5250987.33448811,-76174.8199377631,76.04388975994443,-73.72172147035599,-70.65033715334721,-40.51043586805463
2026-04-23 07:42:22.200,3509402.18643939,779167.1439323871,5250987.283954951,-76179.72081114184,75.6654247103364,0.8742464333772659,0.26847254019230604,-0.5053315870463848
2026-04-23 07:42:22.300,3509409.68177375,779174.1870221158,5250991.19454923,-76180.81378290155,7.737795938221885,74.95334360282868,70.43089728686027,39.10594278946519
2026-04-23 07:42:22.400,3509409.7559140287,779174.1910983187,5250991.12545822,-76185.7406959906,7.734673332410663,0.7414027862250805,0.04076202865689993,-0.6909100990742445
2026-04-23 07:42:22.500,3509409.8343886104,779174.1960992066,5250991.075544648,-76190.6490931951,7.769415927082794,0.7847458170726895,0.05000887904316187,-0.49913572147488594
2026-04-23 07:42:22.600,3509409.917127062,779174.197323422,5250990.989374443,-76195.57310999867,7.741953092444303,0.8273845165967941,0.012242153752595186,-0.861702049151063
2026-04-23 07:42:22.700,3509402.3213475263,779166.8918627293,5250986.798368584,-76204.45772955069,81.07188311148612,-75.95779535826296,-73.0546069261618,-41.91005858592689
2026-04-23 07:42:22.800,3509410.0784915383,779174.178724013,5250990.89512519,-76205.40695912717,7.771277509302149,77.57144012022763,72.86861283704638,40.967566054314375
2026-04-23 07:42:22.900,3509410.1234065653,779174.1600579513,5250990.8695624415,-76210.33482770552,7.998882238180319,0.4491502698510885,-0.18666061689145863,-0.25562748312950134
2026-04-23 07:42:23.000,3509410.207510471,779174.1586499215,5250990.816285311,-76215.25284435877,8.093208959330287,0.8410390559583902,-0.014080298133194447,-0.5327713023871183
2026-04-23 07:42:23.100,3509410.2997469963,779174.1547605427,5250990.768129448,-76220.16354631493,8.103351920137968,0.922365253791213,-0.03889378858730197,-0.4815586283802986
2026-04-23 07:42:23.200,3509410.383570601,779174.1594768025,5250990.712970335,-76225.0721023648,8.105185724347615,0.8382360497489572,0.047162597766146064,-0.5515911336988211
2026-04-23 07:42:23.300,3509410.451477824,779174.1417486991,5250990.620802227,-76230.03172599887,8.062232559565986,0.6790722254663706,-0.17728103324770927,-0.9216810762882233
2026-04-23 07:42:23.400,3509410.5264497637,779174.1480826568,5250990.574939676,-76234.94691601807,8.102592398369474,0.7497193990275264,0.06333957659080625,-0.45862551778554916
2026-04-23 07:42:23.500,3509413.978698235,779174.9363372307,5250986.3921023635,-76240.95410442476,2.677953026529299,34.52248471323401,7.882545739412308,-41.828373121097684
2026-04-23 07:42:23.600,3509414.0639702585,779174.9209001474,5250986.321770729,-76245.8616487972,2.634228192177004,0.8527202345430851,-0.15437083318829536,-0.7033163495361805
2026-04-23 07:42:23.700,3509414.1583344573,779174.90844126,5250986.26168266,-76250.75585096324,2.6580433321052865,0.9436419885605574,-0.12458887416869402,-0.6008806824684143
2026-04-23 07:42:23.800,3509414.2414707225,779174.8937395207,5250986.20098566,-76255.660601809,2.6706864260921446,0.8313626516610384,-0.14701739302836359,-0.6069700047373772
2026-04-23 07:42:23.900,3509414.335033296,779174.8821750338,5250986.168935755,-76260.5369401355,2.6170830842585815,0.9356257366016507,-0.1156448689289391,-0.32049904577434063
2026-04-23 07:42:24.000,3509414.413823887,779174.8762722443,5250986.099262406,-76265.44693370647,2.610692596266301,0.7879059063270688,-0.05902789533138275,-0.6967334914952517
2026-04-23 07:42:24.100,3509414.5228598597,779174.8665787721,5250986.026006573,-76270.3238103136,2.601523711443833,1.0903597297146916,-0.09693472180515528,-0.7325583323836327
2026-04-23 07:42:24.200,3509414.6228835196,779174.8603072679,5250985.963962278,-76275.20625982426,2.607362814702963,1.0002365987747908,-0.06271504214964807,-0.620442945510149
2026-04-23 07:42:24.300,3509399.965843701,779164.6725333725,5250982.718179926,-76286.53651712091,68.87344706183218,-146.57039818819612,-101.87773895333521,-32.45782352052629
2026-04-23 07:42:24.400,3509399.9989191564,779164.6478065444,5250982.653375295,-76291.45155391812,68.75730727555343,0.3307545557618141,-0.2472682809457183,-0.648046312853694
2026-04-23 07:42:24.500,3509403.441661247,779166.4005677114,5250985.70611547,-76292.84912807262,88.9850827059144,34.427420906722546,17.527611670084298,30.527401752769947
2026-04-23 07:42:24.600,3509400.091553795,779164.605012708,5250982.526323669,-76301.2793771531,68.37861645974724,-33.5010745190084,-17.95555003453046,-31.79791801609099
2026-04-23 07:42:24.700,3509399.8808651483,779164.6563672269,5250982.44784329,-76306.37453138386,54.54737189878043,-2.1068864688277245,0.5135451885871589,-0.7848037872463465
2026-04-23 07:42:24.800,3509399.9212062065,779164.631246393,5250982.353577155,-76311.30819806064,54.37431012834211,0.40341058280318975,-0.2512083388864994,-0.942661352455616
2026-04-23 07:42:24.900,3509400.0374043123,779164.6290145818,5250982.3208014285,-76316.1843857989,53.993704403553025,1.1619810573756695,-0.02231811173260212,-0.32775726169347763
2026-04-23 07:42:25.000,3509400.14530604,779164.6237255547,5250982.25407159,-76321.07691192179,53.694158769950945,1.0790172778069973,-0.05289027118124068,-0.6672983895987272
2026-04-23 07:42:25.100,3509400.2336997385,779164.61808324,5250982.192598016,-76325.98595811888,53.3326607402203,0.8839369844645262,-0.05642314674332738,-0.6147357355803251
2026-04-23 07:42:25.200,3509400.3216288732,779164.6378891128,5250982.140714083,-76330.87231857293,53.22793938286627,0.8792913472279906,0.19805872812867165,-0.51883933134377
2026-04-23 07:42:25.300,3509402.590683102,779166.2703710621,5250984.644497608,-76333.2544635985,65.02585518252617,22.690542289055884,16.324819492874667,25.0378352496773
2026-04-23 07:42:25.400,3509402.687013962,779166.2735602942,5250984.58846113,-76338.13835792548,64.6324676968777,0.963308596983552,0.03189232083968818,-0.5603647790849209
2026-04-23 07:42:25.500,3509402.765831093,779166.2677713836,5250984.526835177,-76343.03926519542,64.46122785779689,0.7881713099777699,-0.05788910551927984,-0.616259528324008
2026-04-23 07:42:25.600,3509402.8662137734,779166.2740422782,5250984.461743266,-76347.93343335413,64.03831692183212,1.0038268053904176,0.062708945479244,-0.6509191077202559
2026-04-23 07:42:25.700,3509402.9502964965,779166.2767941074,5250984.414659396,-76352.80641374085,63.80334974802823,0.8408272312954068,0.027518292190507054,-0.47083870507776737
2026-04-23 07:42:25.800,3509403.046820112,779166.3046162506,5250984.410802414,-76357.65377290346,63.14823787654932,0.9652361553162336,0.27822143165394664,-0.038569821044802666
2026-04-23 07:42:25.900,3509413.7105052886,779174.4058910034,5250984.76218729,-76359.67934898307,3.0876655784096423,106.6368517652154,81.01274752872996,3.513848762959242
2026-04-23 07:42:26.000,3509413.772471907,779174.3828379348,5250984.681480049,-76364.57938811056,3.1120478970997483,0.6196661852300167,-0.23053068667650223,-0.8070724084973335
2026-04-23 07:42:26.100,3509413.8581336713,779174.3679428091,5250984.669366555,-76369.44000375493,3.1572911794697873,0.8566176425665617,-0.1489512564148754,-0.12113493867218494
2026-04-23 07:42:26.200,3509413.9287488363,779174.3521433735,5250984.606373841,-76374.33724814652,3.2015585353799545,0.7061516493558884,-0.15799435670487583,-0.6299271434545517
2026-04-23 07:42:26.300,3509413.995424313,779174.3333738841,5250984.570856693,-76379.21533597141,3.2202511726534526,0.6667547672986984,-0.1876948936842382,-0.3551714774221182
2026-04-23 07:42:26.400,3509414.0640703007,779174.3186118831,5250984.501954989,-76384.1099712829,3.269994849141806,0.6864598765969276,-0.1476200099568814,-0.6890170462429523
2026-04-23 07:42:26.500,3509414.1214998653,779174.298205614,5250984.453209922,-76389.00362687655,3.30371476306823,0.5742956465110183,-0.20406269119121134,-0.4874506685882807
2026-04-23 07:42:26.600,3509414.1946401866,779174.266488425,5250984.373812274,-76393.91269444542,3.3354291841714687,0.7314032129943371,-0.31717189005576074,-0.7939764764159918
2026-04-23 07:42:26.700,3509414.2602811996,779174.2429833006,5250984.292819766,-76398.83100354992,3.4011874021560327,0.6564101297408342,-0.23505124379880726,-0.809925077483058
2026-04-23 07:42:26.800,3509414.325604235,779174.2385272918,5250984.244787774,-76403.7212906378,3.4445159289233813,0.6532303523272276,-0.044560087844729424,-0.4803199227899313
2026-04-23 07:42:26.900,3509414.3939729934,779174.2365992633,5250984.220335409,-76408.60065238443,3.4795946066487735,0.6836875854060054,-0.01928028534166515,-0.2445236500352621
2026-04-23 07:42:27.000,3509414.4599073124,779174.2156614618,5250984.173157304,-76413.50231965986,3.494121495077695,0.6593431904911995,-0.20937801455147564,-0.4717810545116663
2026-04-23 07:42:27.100,3509414.517502923,779174.1898850536,5250984.101524306,-76418.41346600142,3.518836110399418,0.5759561061859131,-0.25776408263482153,-0.7163299713283777
2026-04-23 07:42:27.200,3509414.5839980943,779174.1645112552,5250984.030432691,-76423.32052200769,3.5650522484289247,0.6649517128244042,-0.25373798329383135,-0.710916155949235
2026-04-23 07:42:27.300,3509414.6669541374,779174.1447672518,5250983.94521963,-76428.24844404068,3.5818136204954354,0.8295604307204485,-0.19744003424420953,-0.8521306049078703
2026-04-23 07:42:27.400,3509414.758433074,779174.1358741386,5250983.895292657,-76433.15171918683,3.5640652833941764,0.9147893683984876,-0.08893113234080374,-0.49926972948014736
2026-04-23 07:42:27.500,3509414.801128638,779174.1032165607,5250983.865060222,-76438.06268840838,3.6167974287256746,0.4269556375220418,-0.3265757788904011,-0.3023243509232998
2026-04-23 07:42:27.600,3509404.018472942,779166.9562008614,5250988.724464295,-76442.9159592367,66.82874784963452,-107.82655695918947,-71.47015699301846,48.59404073096812
2026-04-23 07:42:27.700,3509404.114168308,779166.94886923,5250988.656603878,-76447.83177347251,66.46949465598847,0.9569536615163088,-0.07331631379202008,-0.6786041706800461
2026-04-23 07:42:27.800,3509404.2059020563,779166.9145485702,5250988.604034654,-76452.75168604724,66.48964895036565,0.9173374809324741,-0.34320659819059074,-0.5256922449916601
2026-04-23 07:42:27.900,3509404.3038413,779166.9039250627,5250988.55811242,-76457.6565778772,66.14736925539958,0.9793924354016781,-0.10623507434502244,-0.45922233723104
2026-04-23 07:42:28.000,3509404.4045068887,779166.9009157227,5250988.519212997,-76462.566477867,65.95620308425782,1.0066558886319399,-0.03009340027347207,-0.3889942355453968
2026-04-23 07:42:28.100,3509404.4700746303,779166.8932017561,5250988.465469984,-76467.48622411024,65.9459551558951,0.6556774163618684,-0.07713966653682292,-0.5374301224946976
2026-04-23 07:42:28.200,3509415.328151842,779173.960383516,5250983.5311608985,-76472.45681759673,3.7722289996006397,108.5807721177116,70.67181759979576,-49.34309085831046
2026-04-23 07:42:28.300,3509415.416111395,779173.932409895,5250983.462605182,-76477.38691844461,3.779385542928654,0.8795955311506987,-0.27973621035926044,-0.6855571642518044
2026-04-23 07:42:28.400,3509404.8573009074,779166.9102937189,5250988.286599773,-76482.22015065013,64.55408188593917,-105.58810487855226,-70.22116176085547,48.239945909008384
2026-04-23 07:42:28.500,3509404.9314675936,779166.8806071325,5250988.211677406,-76487.14819559027,64.56558286453112,0.7416668627411127,-0.2968658646568656,-0.7492236699908972
2026-04-23 07:42:28.600,3509405.017146983,779166.8658645176,5250988.136455734,-76492.07597309264,64.66395493207854,0.8567938953638077,-0.14742614817805588,-0.7522167172282934
2026-04-23 07:42:28.700,3509405.104110364,779166.860586906,5250988.118610682,-76496.97048617399,64.59600338064627,0.8696338068693876,-0.05277611664496362,-0.17845052294433117
2026-04-23 07:42:28.800,3509415.874538856,779173.8589927781,5250983.238223613,-76501.9292409876,3.8113505351109795,107.70428492221981,69.98405872145668,-48.803870687261224
2026-04-23 07:42:28.900,3509405.2965356265,779166.8324935136,5250987.951564679,-76506.8373472482,64.32228364679067,-105.78003229573369,-70.26499264524318,47.13341065682471
2026-04-23 07:42:29.000,3509405.3602717635,779166.8273338181,5250987.916950898,-76511.76356538876,64.23726658517938,0.6373613700270653,-0.051596955163404346,-0.34613780677318573
2026-04-23 07:42:29.100,3509405.4457097733,779166.8194662031,5250987.846489711,-76516.68497267968,64.32350578096461,0.8543800981715322,-0.07867614971473813,-0.7046118751168251
2026-04-23 07:42:29.200,3509406.4390377603,779166.4379725535,5250983.071371724,-76524.01841877341,52.18368020329328,9.933279869146645,-3.8149364956188947,-47.75117986835539
2026-04-23 07:42:29.300,3509406.538486472,779166.4126272717,5250983.015739088,-76528.93006387232,52.235026712418744,0.9944871161133051,-0.2534528181422502,-0.5563263595104218
2026-04-23 07:42:29.400,3509416.3319171187,779173.738662413,5250982.914758135,-76531.45601845572,3.846705234858029,97.93430646881461,73.26035141246393,-1.0098095331341028
2026-04-23 07:42:29.500,3509406.753144589,779166.4002883679,5250982.832606724,-76538.79695469161,51.918706401128134,-95.78772529959679,-73.38374045095406,-0.8215141016989946
2026-04-23 07:42:29.600,3509406.8426786615,779166.3824826741,5250982.734073248,-76543.72881858927,52.0667697541425,0.895340726710856,-0.17805693787522614,-0.9853347670286894
2026-04-23 07:42:29.700,3509406.9063632386,779166.3450057429,5250982.649508981,-76548.67640347852,52.09703126617699,0.6368457712233067,-0.3747693123295903,-0.8456426672637463
2026-04-23 07:42:29.800,3509407.0198830008,779166.3272737013,5250982.540762308,-76553.62107594688,52.17506067854211,1.1351976217702031,-0.1773204153869301,-1.0874667298048735
2026-04-23 07:42:29.900,3509407.118758464,779166.3100198847,5250982.448505646,-76558.55501931085,52.09349214688154,0.988754634745419,-0.17253816593438387,-0.9225666243582964
2026-04-23 07:42:30.000,3509407.2170655476,779166.2942956153,5250982.376443826,-76563.48719916535,52.14119385573287,0.9830708336085081,-0.1572426944039762,-0.720618199557066
2026-04-23 07:42:30.100,3509407.3094064905,779166.281460765,5250982.28334219,-76568.43122715176,52.27844941137535,0.9234094293788075,-0.128348502330482,-0.931016355752945
2026-04-23 07:42:30.200,3509406.446760432,779166.6815569683,5250987.266784821,-76570.76747027997,63.290272717154956,-8.626460586674511,4.000962032005191,49.83442630618811
2026-04-23 07:42:30.300,3509404.843629261,779164.31687713,5250979.077585081,-76581.3103296297,43.06574204923753,-16.03131170850247,-23.646798382978886,-81.89199740067124
2026-04-23 07:42:30.400,3509404.924476564,779164.294025108,5250979.002314623,-76586.24599062154,43.029256418566405,0.8084730291739106,-0.22852021967992187,-0.7527045719325542
2026-04-23 07:42:30.500,3509405.042903416,779164.2921421272,5250978.964769079,-76591.15254494974,42.956926542559,1.184268519282341,-0.018829808104783297,-0.3754554409533739
2026-04-23 07:42:30.600,3509405.146997812,779164.286895122,5250978.875186793,-76596.08707939225,42.85421886811302,1.0409439634531736,-0.052470051450654864,-0.8958228677511215
2026-04-23 07:42:30.700,3509405.2430911013,779164.2740489418,5250978.804636974,-76601.03434474513,42.84185870161444,0.9609328908845782,-0.12846180237829685,-0.7054981868714094
2026-04-23 07:42:30.800,3509405.3321247953,779164.2651094139,5250978.754413462,-76605.95616350957,42.638029552253684,0.8903369400650263,-0.08939527906477451,-0.5022351164370775
2026-04-23 07:42:30.900,3509405.4364780067,779164.2426761133,5250978.688055072,-76610.89446876352,42.736246677816226,1.043532113544643,-0.22433300619013608,-0.6635839026421309
2026-04-23 07:42:31.000,3509405.5234582634,779164.2176580365,5250978.608996287,-76615.83988015378,42.76715573908193,0.8698025671765208,-0.25018076761625707,-0.7905878499150276
2026-04-23 07:42:31.100,3509405.600323494,779164.1964581241,5250978.523200183,-76620.80779925064,42.751367124514076,0.768652306869626,-0.21199912414886057,-0.8579610381275415
2026-04-23 07:42:31.200,3509405.693916371,779164.1588829686,5250978.427493181,-76625.76963390982,42.84584806485422,0.9359287703409791,-0.3757515549659729,-0.9570700209587812
2026-04-23 07:42:31.300,3509405.76844643,779164.1424489456,5250978.362024021,-76630.72434985265,42.85223408603635,0.7453005900606513,-0.164340230403468,-0.6546915974467993
2026-04-23 07:42:31.400,3509405.8228884987,779164.0963967418,5250978.2627711445,-76635.70872482077,42.99877492605318,0.5444206856191158,-0.4605220374651253,-0.9925287682563066
2026-04-23 07:42:31.500,3509405.913440067,779164.0639037777,5250978.17742185,-76640.64839284618,43.0442302628701,0.9055156819522381,-0.32492964062839746,-0.8534929435700178
2026-04-23 07:42:31.600,3509406.0011929437,779164.0374288128,5250978.090006133,-76645.60845403206,43.091049359540605,0.8775287680327892,-0.264749649213627,-0.8741571754217148
2026-04-23 07:42:31.700,3509406.072224085,779164.0037478954,5250977.9965793565,-76650.56747543058,43.19431232825105,0.710311415605247,-0.33680917462334037,-0.9342677611857653
2026-04-23 07:42:31.800,3509406.150266942,779163.9731438829,5250977.93062465,-76655.51912362225,43.222510219525006,0.7804285688325763,-0.30604012426920235,-0.6595470663160086
2026-04-23 07:42:31.900,3509406.2294853176,779163.9345034406,5250977.844981125,-76660.46648117973,43.333571683723434,0.792183754965663,-0.38640442304313183,-0.856435252353549
2026-04-23 07:42:32.000,3509406.2861056947,779163.9018534035,5250977.725082285,-76665.44315034899,43.535351629582564,0.5662037711590528,-0.32650037086568773,-1.1989883985370398
2026-04-23 07:42:32.100,3509406.3604648253,779163.8826685775,5250977.663802922,-76670.38888892738,43.52525084857411,0.7435913057997823,-0.19184826058335602,-0.612793629989028
2026-04-23 07:42:32.200,3509406.425509269,779163.8500300426,5250977.577261785,-76675.34835934137,43.65400481412563,0.6504444358870387,-0.32638534903526306,-0.8654113672673702
2026-04-23 07:42:32.300,3509406.5081003364,779163.8163594243,5250977.484375458,-76680.30197330643,43.79621227895505,0.8259106753394008,-0.3367061831522733,-0.9288632683455944
2026-04-23 07:42:32.400,3509406.613751272,779163.7989955245,5250977.411922171,-76685.23657380049,43.87698006766702,1.0565093578770757,-0.1736389973666519,-0.7245328743010759
2026-04-23 07:42:32.500,3509406.6890340867,779163.7790342097,5250977.350644079,-76690.17983621742,43.891681298853285,0.7528281444683671,-0.19961314857937396,-0.6127809174358845
2026-04-23 07:42:32.600,3509406.7749647642,779163.7706024188,5250977.298781035,-76695.10692309897,43.90211156569882,0.8593067759647965,-0.08431790862232447,-0.5186304450035095
2026-04-23 07:42:32.700,3509406.887870744,779163.7569577403,5250977.235690907,-76700.02671078763,44.000615825639905,1.1290597962215543,-0.1364467851817608,-0.6309012789279222
2026-04-23 07:42:32.800,3509406.988448777,779163.7420391791,5250977.177025324,-76704.94800310124,44.05643690961076,1.0057803289964795,-0.1491856120992452,-0.5866558291018009
2026-04-23 07:42:32.900,3509407.1018113703,779163.720218932,5250977.129181849,-76709.86333640618,44.06215127809624,1.1336259357631207,-0.21820247056894004,-0.4784347489476204
2026-04-23 07:42:33.000,3509407.1950198244,779163.705735453,5250977.064376111,-76714.79896289695,44.223209938417014,0.932084540836513,-0.14483478968031704,-0.6480573769658804
2026-04-23 07:42:33.100,3509407.316092237,779163.6913103632,5250977.026255665,-76719.69526079188,44.28810383150578,1.2107241246849298,-0.1442508981563151,-0.3812044579535723
2026-04-23 07:42:33.200,3509407.423724251,779163.6963001995,5250976.954308041,-76724.61736811479,44.26637370698577,1.0763201396912336,0.049898362485691905,-0.7194762397557497
2026-04-23 07:42:33.300,3509407.520465328,779163.6837826563,5250976.90089564,-76729.5320401013,44.327751537582216,0.9674107702448964,-0.1251754316035658,-0.5341240111738443
2026-04-23 07:42:33.400,3509407.6433088616,779163.6934692505,5250976.82525816,-76734.46121050947,44.42652249292291,1.2284353375434875,0.09686594130471349,-0.7563748024404049
2026-04-23 07:42:33.500,3509407.75628268,779163.6895777289,5250976.771250008,-76739.3687919921,44.447202097870544,1.1297381855547428,-0.038915215991437435,-0.5400815233588219
2026-04-23 07:42:33.600,3509407.8518011854,779163.6723809433,5250976.729202083,-76744.2810814896,44.49364227523941,0.9551850520074368,-0.17196785542182624,-0.4204792436212301
2026-04-23 07:42:33.700,3509407.945677635,779163.66584594,5250976.663825889,-76749.2128246481,44.56092414873148,0.9387644939124584,-0.06535003311000764,-0.6537619419395924
2026-04-23 07:42:33.800,3509408.0563876643,779163.6557450882,5250976.611882288,-76754.13117409548,44.390477856543846,1.1071002949029207,-0.10100851766765118,-0.5194360110908747
2026-04-23 07:42:33.900,3509408.1470681294,779163.6419767172,5250976.539369734,-76759.06263758977,44.481307525064395,0.9068046510219574,-0.13768371078185737,-0.725125540047884
2026-04-23 07:42:34.000,3509408.2626454607,779163.6161349881,5250976.461050629,-76763.9892587194,44.65764765654947,1.1557733127847314,-0.2584172901697457,-0.7831910531967878
2026-04-23 07:42:34.100,3509408.3780732728,779163.6062687375,5250976.417698185,-76768.90590816282,44.45054147839501,1.154278120957315,-0.09866250678896904,-0.4335244372487068
2026-04-23 07:42:34.200,3509408.4654827705,779163.6096131348,5250976.353718119,-76773.84286465368,44.52143455003358,0.8740949770435691,0.03344397293403745,-0.6398006621748209
2026-04-23 07:42:34.300,3509408.587917878,779163.6047867455,5250976.2837058315,-76778.76452784927,44.45719286867993,1.224351073615253,-0.04826389253139496,-0.7001228723675013
2026-04-23 07:42:34.400,3509408.720590765,779163.5855711824,5250976.217127722,-76783.66096239371,44.487816395802255,1.3267288729548454,-0.19215563079342246,-0.6657810974866152
2026-04-23 07:42:34.500,3509408.8128929106,779163.5785013777,5250976.1542336885,-76788.59917388675,44.47005242442552,0.9230214543640614,-0.07069804705679417,-0.6289403326809406
2026-04-23 07:42:34.600,3509408.9083383535,779163.5480456054,5250976.079561735,-76793.53355520064,44.63296428511448,0.9544544294476509,-0.30455772299319506,-0.7467195391654968
2026-04-23 07:42:34.700,3509409.0164745925,779163.5523029448,5250976.026840706,-76798.45602215506,44.46722335945816,1.081362389959395,0.04257339402101934,-0.5272102821618319
2026-04-23 07:42:34.800,3509409.1152536944,779163.5405331524,5250975.977767812,-76803.37314652941,44.496970616229575,0.9877910185605288,-0.11769792414270341,-0.49072894267737865
2026-04-23 07:42:34.900,3509409.212366505,779163.5209485759,5250975.914325877,-76808.3050101504,44.443231388121276,0.9711281070485711,-0.19584576482884586,-0.6344193499535322
2026-04-23 07:42:35.000,3509409.3097648094,779163.5102470084,5250975.868913457,-76813.22996651333,44.35455071594088,0.9739830438047647,-0.1070156751666218,-0.4541242029517889
2026-04-23 07:42:35.100,3509410.6040828563,779162.7443567411,5250977.177081934,-76816.66524952748,52.61194053757617,12.943180468864739,-7.658902673283592,13.081684773787856
2026-04-23 07:42:35.200,3509409.1016407805,779163.7377762571,5250975.269579272,-76823.58587522985,46.41918217228942,-15.024420758709311,9.934195160167292,-19.075026623904705
2026-04-23 07:42:35.300,3509409.138974094,779163.7338960264,5250975.165625565,-76828.56832436704,46.87462294132796,0.3733331337571144,-0.03880230709910393,-1.0395370703190565
2026-04-23 07:42:35.400,3509409.2456330447,779163.7064936734,5250975.135844548,-76833.47664927182,47.16099924628037,1.0665895091369748,-0.2740235300734639,-0.29781016521155834
2026-04-23 07:42:35.500,3509412.208643733,779166.690143672,5250973.992060831,-76839.24673560316,17.71054654948516,29.630106883123517,29.83649998670444,-11.437837174162269
2026-04-23 07:42:35.600,3509412.2946928805,779166.6586483057,5250973.915208553,-76844.1890645421,17.80239302702976,0.8604914741590619,-0.31495366361923516,-0.7685227785259485
2026-04-23 07:42:35.700,3509420.114237342,779172.6153452165,5250982.093852671,-76841.04313758694,5.58025430547938,78.19544461555779,59.566969107836485,81.78644117899239
2026-04-23 07:42:35.800,3509413.0936420476,779167.0616093508,5250974.457986829,-76853.41506856377,15.766237171076973,-70.20595294423401,-55.53735865629278,-76.358658419922
2026-04-23 07:42:35.900,3509413.268399814,779166.9643295391,5250974.515424283,-76858.22123635041,20.98098987606959,1.747577665373683,-0.9727981174364686,0.5743745435029268
2026-04-23 07:42:36.000,3509413.4289099555,779166.8836524016,5250974.558415136,-76863.04879064196,15.740307104717715,1.6051014140248299,-0.8067713747732341,0.4299085307866335
2026-04-23 07:42:36.100,3509420.6609388976,779172.3766852281,5250982.08733643,-76860.53117970019,8.282872790190583,72.32028942089528,54.930328264599666,75.28921294026077
2026-04-23 07:42:36.200,3509420.781292213,779172.3593990618,5250982.03281607,-76865.44625009675,8.23858746539565,1.203533154912293,-0.172861663158983,-0.5452036019414663
2026-04-23 07:42:36.300,3509413.7292701174,779166.6836600581,5250974.415010448,-76877.80546143322,16.03034399798264,-70.52022095769644,-56.75739003694616,-76.17805622518063
2026-04-23 07:42:36.400,3509413.8437447385,779166.6813391299,5250974.359720818,-76882.7327882786,15.94029787133464,1.1447462113574147,-0.02320928149856627,-0.552896298468113
2026-04-23 07:42:36.500,3509413.941438049,779166.6419599538,5250974.333578461,-76887.6374585033,15.970219943716613,0.9769331058487296,-0.3937917610164732,-0.2614235691726208
2026-04-23 07:42:36.600,3509414.0396686243,779166.5982564837,5250974.265500307,-76892.57780958194,16.083016581723786,0.9823057521134615,-0.4370347014628351,-0.6807815376669168
2026-04-23 07:42:36.700,3509411.926389011,779165.4686775445,5250973.65640047,-76898.92542056876,16.65909354613698,-21.13279613200575,-11.295789391733706,-6.090998370200396
2026-04-23 07:42:36.800,3509412.0316137047,779165.45384399,5250973.562695335,-76903.88702374147,16.588156950437572,1.05224693659693,-0.14833554509095848,-0.9370513539761305
2026-04-23 07:42:36.900,3509412.098801848,779165.4215617426,5250973.430041244,-76908.87073442784,16.696318898260163,0.6718814326450229,-0.3228224744088948,-1.3265409041196108
2026-04-23 07:42:37.000,3509412.180854779,779165.3862221782,5250973.337363851,-76913.83632130045,16.740744074283853,0.8205293118953705,-0.3533956431783736,-0.9267739299684763
2026-04-23 07:42:37.100,3509412.273581407,779165.3272757779,5250973.287709053,-76918.77055389575,16.783014701864914,0.9272662783041596,-0.5894640029873699,-0.49654798582196236
2026-04-23 07:42:37.200,3509412.3769322294,779165.2867095459,5250973.218466,-76923.71156533207,16.769615894421477,1.0335082234814763,-0.40566232055425644,-0.692430529743433
2026-04-23 07:42:37.300,3509412.4624732654,779165.2710161784,5250973.153609819,-76928.65569513365,16.775926986055776,0.8554103597998619,-0.15693367458879948,-0.6485618092119694
2026-04-23 07:42:37.400,3509412.56170355,779165.2380101628,5250973.07440984,-76933.58769030229,16.766930806203042,0.9923028480261564,-0.3300601558294147,-0.7919997908174992
2026-04-23 07:42:37.500,3509412.6789856595,779165.2066851456,5250973.001896604,-76938.52114286134,16.761011914476555,1.1728210933506489,-0.31325017218478024,-0.7251323573291302
2026-04-23 07:42:37.600,3509412.804577111,779165.1634633474,5250972.963409813,-76943.43471984423,16.698442991612723,1.2559145130217075,-0.4322179825976491,-0.3848679084330797
2026-04-23 07:42:37.700,3509412.901191802,779165.1385959012,5250972.88343012,-76948.36992380678,16.726104258263216,0.9661469142884016,-0.24867446161806583,-0.7997969351708889
2026-04-23 07:42:37.800,3509413.0075019407,779165.1187725245,5250972.804759165,-76953.31387267247,16.732886497911604,1.0631013847887516,-0.19823376671411097,-0.7867095433175564
2026-04-23 07:42:37.900,3509413.101335043,779165.0965369996,5250972.757014272,-76958.2401718455,16.710621996739427,0.9383310237899423,-0.22235524957068264,-0.47744893468916416
2026-04-23 07:42:38.000,3509413.208345198,779165.0741626843,5250972.711641748,-76963.16938474138,16.712692878991056,1.0701015498489141,-0.22374315303750336,-0.4537252336740494
2026-04-23 07:42:38.100,3509413.319340346,779165.0466317004,5250972.658435435,-76968.1022769935,16.742808674531865,1.1099514784291387,-0.2753098390530795,-0.5320631340146065
2026-04-23 07:42:38.200,3509413.400633957,779165.0308733333,5250972.582683571,-76973.04747848402,16.665821097100626,0.81293610855937,-0.15758367022499442,-0.7575186435133219
2026-04-23 07:42:38.300,3509413.515115081,779165.0059905275,5250972.503589045,-76977.99033007066,16.65752858449686,1.1448112409561872,-0.24882805882953107,-0.790945254266262
2026-04-23 07:42:38.400,3509413.584864462,779164.9770296145,5250972.405342179,-76982.96629511497,16.67401362107728,0.6974938092753291,-0.28960912954062223,-0.9824686590582132
2026-04-23 07:42:38.500,3509414.655303665,779165.9608435878,5250974.117859151,-76986.52015290737,19.19686659317247,10.704392031766474,9.838139732601121,17.125169718638062
2026-04-23 07:42:38.600,3509414.7708447985,779165.9373083567,5250974.070848177,-76991.44640261939,19.21433973021974,1.1554113356396556,-0.23535231011919677,-0.47010974027216434
2026-04-23 07:42:38.700,3509414.8903833777,779165.9316863766,5250974.024099284,-76996.37936431411,19.16173397593708,1.195385791361332,-0.056219801772385836,-0.46748893335461617
2026-04-23 07:42:38.800,3509412.5922803753,779162.8108505226,5250974.197029146,-77000.65626019357,47.789483899850424,-22.981030023656785,-31.208358539734036,1.7292986251413822
2026-04-23 07:42:38.900,3509415.0840689237,779165.8949152143,5250973.962734554,-77006.22442019175,19.086183196765443,24.917885484173894,30.840646916767582,-2.3429459240287542
2026-04-23 07:42:39.000,3509412.7940396746,779162.7736420439,5250974.075521974,-77010.53034937479,47.79843784461339,-22.900292491540313,-31.212731703417376,1.1278741993010044
2026-04-23 07:42:39.100,3509412.889449249,779162.7573012782,5250974.006303721,-77015.47330929745,47.776324475038294,0.9540957445278764,-0.1634076575282961,-0.6921825278550386
2026-04-23 07:42:39.200,3509413.0060780915,779162.7432750184,5250973.960946865,-77020.40702951311,47.701795249127635,1.166288424283266,-0.1402625977061689,-0.4535685572773218
2026-04-23 07:42:39.300,3509415.4892353034,779165.8158178612,5250973.698740023,-77026.00633150364,19.14969970337259,24.831572119146585,30.72542842826806,-2.6220684219151735
2026-04-23 07:42:39.400,3509415.536842006,779165.8030867372,5250973.694031016,-77030.94680945654,19.103501682805756,0.4760670242831111,-0.1273112406488508,-0.0470900721848011
2026-04-23 07:42:39.500,3509415.586393707,779165.7858745758,5250973.658102173,-77035.90741086037,19.083003102366753,0.495517011731863,-0.1721216132864356,-0.3592884261161089
2026-04-23 07:42:39.600,3509415.6367879095,779165.7766937675,5250973.64425604,-77040.84420288453,19.086560265839786,0.5039420258253813,-0.09180808323435485,-0.13846132904291153
2026-04-23 07:42:39.700,3509415.667957231,779165.771932516,5250973.620969676,-77045.80404299514,19.070074294791894,0.3116932138800621,-0.04761251504532993,-0.23286364041268826
2026-04-23 07:42:39.800,3509415.6864418015,779165.7691039667,5250973.609014567,-77050.7578137698,19.049262097280454,0.18484570551663637,-0.02828549360856414,-0.11955109424889088
2026-04-23 07:42:39.900,3509415.6982586463,779165.7709404842,5250973.597983435,-77055.71562479186,19.022600367833345,0.11816844809800386,0.018365175928920507,-0.11031132191419601
2026-04-23 07:42:40.000,3509415.7007608823,779165.7749696353,5250973.602648218,-77060.67369340101,19.008266336398965,0.025022360496222973,0.04029151052236557,0.04664783366024494
2026-04-23 07:42:40.100,3509415.694054948,779165.7787629568,5250973.60734418,-77065.62944726975,18.99620349465621,-0.06705934181809425,0.037933215498924255,0.04695962183177471
2026-04-23 07:42:40.200,3509415.6936584953,779165.7745785866,5250973.618619353,-77070.58010104093,18.979962254245013,-0.003964528441429138,-0.04184370278380811,0.11275172233581543
2026-04-23 07:42:40.300,3509415.703423822,779165.7788234807,5250973.604912171,-77075.54178630435,18.99350919051046,0.09765326511114836,0.04244894138537347,-0.13707181438803673
2026-04-23 07:42:40.400,3509413.333729153,779162.7051907775,5250973.81264504,-77079.84591541377,47.28095562474558,-23.696946687996387,-30.736327031627297,2.0773286931216717
2026-04-23 07:42:40.500,3509415.6951854858,779165.7789856523,5250973.57762132,-77085.46021337919,19.077266880139987,23.614563327282667,30.737948747118935,-2.35023720189929
2026-04-23 07:42:40.600,3509415.722539287,779165.7998433491,5250973.59326743,-77090.38627674701,18.930155162813893,0.2735380129888654,0.20857696887105703,0.15646109357476234
2026-04-23 07:42:40.700,3509415.7207710035,779165.7962075064,5250973.5812331205,-77095.34297848833,18.991831941588256,-0.017682835459709167,-0.036358427023515105,-0.12034309096634388
2026-04-23 07:42:40.800,3509413.314892935,779162.6999430413,5250973.776730327,-77099.6591663889,47.63440346719267,-24.058780684135854,-30.962644651299343,1.9549720641225576
2026-04-23 07:42:40.900,3509415.9945889697,779164.419788441,5250976.069048956,-77101.94552291164,57.61559438625198,26.796960346400738,17.198453997261822,22.923186291009188
2026-04-23 07:42:41.000,3509415.9978924375,779164.4333107972,5250976.132424457,-77106.8544629318,57.448569232854126,0.03303467761725187,0.13522356166504323,0.6337550096213818
2026-04-23 07:42:41.100,3509424.1369399764,779171.5502340576,5250980.328615042,-77107.41683210025,5.74587586187171,81.39047538861632,71.16923260386102,41.96190585382283
2026-04-23 07:42:41.200,3509416.0552408835,779164.493730883,5250976.154984905,-77116.72845798194,56.692073779932215,-80.81699092872441,-70.56503174593672,-41.736301369965076
2026-04-23 07:42:41.300,3509416.0886032614,779164.5193983682,5250976.154895464,-77121.66765083687,56.37479333377749,0.33362377900630236,0.25667485198937356,-0.0008944142609834671
2026-04-23 07:42:41.400,3509416.0989735085,779164.5338336691,5250976.143476973,-77126.6271450412,56.27106625498298,0.10370247066020966,0.14435300952754915,-0.11418490670621395
2026-04-23 07:42:41.500,3509416.1255812855,779164.5510554314,5250976.145807662,-77131.56110314884,56.08452974773025,0.2660777699202299,0.1722176221664995,0.023306887596845627
2026-04-23 07:42:41.600,3509424.1738310563,779171.582219827,5250980.301344268,-77132.16817172548,5.60837929403183,80.48249770887196,70.31164395622909,41.55536605976522
2026-04-23 07:42:41.700,3509424.16765992,779171.5828088684,5250980.300146693,-77137.12554461838,5.602329049814145,-0.06171136163175106,0.005890413885936141,-0.011975746601819992
2026-04-23 07:42:41.800,3509424.1522017345,779171.5782639448,5250980.283961777,-77142.10005348409,5.612626774224467,-0.1545818569138646,-0.04544923547655344,-0.16184916719794273
2026-04-23 07:42:41.900,3509424.148656795,779171.5848932038,5250980.290721472,-77147.04520808751,5.609081669097659,-0.035449396818876266,0.06629258976317942,0.06759695708751678
2026-04-23 07:42:42.000,3509424.1386819812,779171.5844058157,5250980.284582702,-77152.0034927632,5.64115152817915,-0.09974813554435968,-0.0048738811165094376,-0.06138769909739494
2026-04-23 07:42:42.100,3509424.1294935537,779171.5841876155,5250980.277788675,-77156.96585650966,5.629635731433282,-0.09188427589833736,-0.002182001480832696,-0.06794027052819729
2026-04-23 07:42:42.200,3509424.127700135,779171.5889411742,5250980.281780345,-77161.91073794496,5.632656282033338,-0.017934185452759266,0.04753558663651347,0.03991669975221157
2026-04-23 07:42:42.300,3509413.819248762,779164.0208228518,5250970.502728242,-77177.05454078759,19.257121226705127,-103.08451373130083,-75.68118322407827,-97.79052102938294
2026-04-23 07:42:42.400,3509412.1801447915,779161.7534919553,5250971.757493916,-77180.57266333263,38.969717030262395,-16.39103970490396,-22.673308964585885,12.547656735405326
2026-04-23 07:42:42.500,3509413.770833581,779163.97636359,5250970.4311634535,-77187.00650325703,19.455419341078276,15.90688789729029,22.22871634643525,-13.263304624706507
2026-04-23 07:42:42.600,3509413.7557260655,779163.9634734507,5250970.417575828,-77191.96813212856,19.523349518286174,-0.1510751573368907,-0.12890139245428145,-0.13587625697255135
2026-04-23 07:42:42.700,3509412.1803301685,779161.7797216421,5250971.691927857,-77195.49615650774,37.94259984963623,-15.753958970308304,-21.837518085958436,12.7435202896595
2026-04-23 07:42:42.800,3509413.737686671,779163.9603285723,5250970.4019563,-77201.88568923557,19.556580845348016,15.573565023951232,21.806069301674142,-12.899715565145016
2026-04-23 07:42:42.900,3509413.714938564,779163.9479647921,5250970.359700984,-77206.86153487442,19.627775860149445,-0.22748106624931097,-0.1236378017347306,-0.4225531592965126
2026-04-23 07:42:43.000,3509412.1446363754,779161.7704184493,5250971.610042071,-77210.4109262015,37.79106736524556,-15.703021888621151,-21.775463428348303,12.503410866484046
2026-04-23 07:42:43.100,3509413.6957492316,779163.9323694485,5250970.329455439,-77216.79664255009,19.737279976372875,15.511128562502563,21.619509991724044,-12.805866319686174
2026-04-23 07:42:43.200,3509413.6807961683,779163.9270825989,5250970.308845216,-77221.77212302914,19.77908151983289,-0.1495306333526969,-0.05286849569529295,-0.20610222592949867
2026-04-23 07:42:43.300,3509413.662619371,779163.9181048794,5250970.285480754,-77226.74403067616,19.84866846607875,-0.18176797311753035,-0.08977719466201961,-0.23364461958408356
2026-04-23 07:42:43.400,3509413.6524302857,779163.9106101191,5250970.262931848,-77231.71123079388,19.914203394866835,-0.10189085267484188,-0.07494760327972472,-0.2254890650510788
2026-04-23 07:42:43.500,3509413.645990714,779163.9108726656,5250970.263354308,-77236.66857795097,19.921844378056385,-0.06439571734517813,0.0026254646945744753,0.0042246002703905106
2026-04-23 07:42:43.600,3509413.6390731917,779163.9066088886,5250970.2680733185,-77241.62617616914,19.950314102861363,-0.0691752228885889,-0.0426377693656832,0.04719010554254055
2026-04-23 07:42:43.700,3509413.634672687,779163.9027653007,5250970.26242339,-77246.58279044786,19.978842661474204,-0.04400504752993584,-0.038435879396274686,-0.056499289348721504
2026-04-23 07:42:43.800,3509413.6317791357,779163.9021067228,5250970.262396593,-77251.54012336418,19.999689742359703,-0.028935512527823448,-0.006585778901353478,-0.00026796944439411163
2026-04-23 07:42:43.900,3509413.6367720393,779163.9078487968,5250970.270872405,-77256.49634517873,19.992695010174568,0.049929036758840084,0.05742073990404606,0.08475812152028084
2026-04-23 07:42:44.000,3509413.634468823,779163.9124817306,5250970.281274188,-77261.44922765448,19.981545642148756,-0.02303216140717268,0.046329337637871504,0.10401783511042595
2026-04-23 07:42:44.100,3509413.6352315536,779163.9130850789,5250970.29198478,-77266.3990346452,19.98242849855449,0.007627303712069988,0.006033483659848571,0.10710591450333595
2026-04-23 07:42:44.200,3509413.6338819014,779163.9122511843,5250970.297331328,-77271.35969863154,19.998499591007196,-0.0134965218603611,-0.008338945917785168,0.053465478122234344
2026-04-23 07:42:44.300,3509413.6348372344,779163.914196864,5250970.309205049,-77276.30975777838,19.9976353859688,0.009553330019116402,0.019456796580925584,0.11873721145093441
2026-04-23 07:42:44.400,3509413.644146488,779163.9209845124,5250970.330598181,-77281.23837061255,19.978812855522246,0.0930925365537405,0.06787648424506187,0.21393132396042347
2026-04-23 07:42:44.500,3509413.6444578646,779163.9244262907,5250970.33694263,-77286.19283161253,19.97892907083636,0.0031137652695178986,0.034417782444506884,0.06344448775053024
2026-04-23 07:42:44.600,3509413.6482923967,779163.927761237,5250970.350086151,-77291.14038238791,19.97339038368969,0.03834532108157873,0.033349463483318686,0.13143520802259445
2026-04-23 07:42:44.700,3509413.6524070473,779163.9310983365,5250970.369511815,-77296.08898359232,19.974382582898677,0.04114650655537844,0.03337099449709058,0.19425664097070694
2026-04-23 07:42:44.800,3509413.6571670715,779163.9368966876,5250970.39113048,-77301.04471360872,19.955374987393213,0.047600241377949715,0.05798351136036217,0.2161866519600153
2026-04-23 07:42:44.900,3509413.6584279947,779163.9377442411,5250970.402024735,-77305.99951899004,19.95956073205318,0.01260923221707344,0.008475534850731492,0.1089425478130579
2026-04-23 07:42:45.000,3509413.6616412154,779163.9389860146,5250970.422886215,-77310.94714522835,19.963090647844442,0.03213220741599798,0.012417734833434224,0.2086148038506508
2026-04-23 07:42:45.100,3509412.1573965303,779161.8386438783,5250971.67732888,-77314.51733073319,36.71124676308737,-15.042446851730347,-21.00342136225663,12.544426647946239
2026-04-23 07:42:45.200,3509412.1709795673,779161.8581843027,5250971.6921061035,-77319.4695938351,36.47598363945564,0.13583037070930004,0.19540424342267215,0.14777223579585552
2026-04-23 07:42:45.300,3509412.1885026586,779161.8713753605,5250971.712400019,-77324.42667003245,36.313787884772644,0.17523091286420822,0.13191057834774256,0.20293915644288063
2026-04-23 07:42:45.400,3509413.6967704184,779163.9670244292,5250970.514882715,-77330.74392046449,19.884668989294266,15.082677598111331,20.95649068709463,-11.97517303749919
2026-04-23 07:42:45.500,3509412.1885694214,779161.8559598603,5250971.776296802,-77334.31494177574,36.84204750122978,-15.082009970210493,-21.110645689768717,12.61414086446166
2026-04-23 07:42:45.600,3509412.2116796738,779161.8726213226,5250971.790079261,-77339.27103793202,36.577299622232694,0.231102523393929,0.16661462374031544,0.13782459311187267
2026-04-23 07:42:45.700,3509412.226826141,779161.8795462127,5250971.81685607,-77344.20971116968,36.5976582290507,0.15146467369049788,0.06924890098161995,0.26776809245347977
2026-04-23 07:42:45.800,3509412.2381639997,779161.8919457494,5250971.843640747,-77349.15560470785,36.58082474768525,0.11337858624756336,0.12399536673910916,0.26784676127135754
2026-04-23 07:42:45.900,3509412.2538563134,779161.8995345715,5250971.866483477,-77354.10551305643,36.52687789887417,0.1569231366738677,0.07588822045363486,0.22842730395495892
2026-04-23 07:42:46.000,3509412.2706531095,779161.9061077086,5250971.881078128,-77359.05731693274,36.397914537062924,0.1679679611697793,0.06573137128725648,0.14594650827348232
2026-04-23 07:42:46.100,3509412.2845037845,779161.9155854388,5250971.896542365,-77364.01560450168,36.275482552596664,0.13850674964487553,0.09477730258367956,0.15464236959815025
2026-04-23 07:42:46.200,3509412.303408307,779161.9256893758,5250971.912661571,-77368.96737378054,36.14651197793963,0.1890452252700925,0.10103937005624175,0.16119206324219704
2026-04-23 07:42:46.300,3509412.3185729,779161.9348751004,5250971.922527402,-77373.91746749471,35.99664675444154,0.15164592768996954,0.09185724542476237,0.09865830652415752
2026-04-23 07:42:46.400,3509412.3270049407,779161.9355500728,5250971.925578731,-77378.87857947811,35.94373350333603,0.08432040922343731,0.006749724270775914,0.03051329404115677
2026-04-23 07:42:46.500,3509412.3349543214,779161.9335483257,5250971.931515153,-77383.83603902663,35.90275270054537,0.07949380669742823,-0.020017471397295594,0.05936421453952789
2026-04-23 07:42:46.600,3509412.3450119677,779161.9301202733,5250971.93936135,-77388.79253073779,35.89669548746979,0.10057646315544844,-0.034280524123460054,0.07846197113394737
2026-04-23 07:42:46.700,3509412.3535281597,779161.9286087629,5250971.952663792,-77393.73950844441,35.92950095148864,0.08516191970556974,-0.015115103451535106,0.13302442617714405
2026-04-23 07:42:46.800,3509412.3665881557,779161.9256661219,5250971.964650113,-77398.69009577208,35.96746471130614,0.1305999606847763,-0.02942641032859683,0.11986320838332176
2026-04-23 07:42:46.900,3509413.3118722048,779161.3514208162,5250971.856673813,-77403.09678554694,37.14800174234441,9.45284049026668,-5.742453057318926,-1.0797629971057177
2026-04-23 07:42:47.000,3509413.315689974,779161.3549688773,5250971.873400467,-77408.05118686976,37.176303327671924,0.03817769233137369,0.03548061125911772,0.16726654022932053
2026-04-23 07:42:47.100,3509413.3154142248,779161.3558591431,5250971.8899335265,-77412.99670406333,37.24124707721402,-0.0027574924752116203,0.008902658009901643,0.16533059068024158
2026-04-23 07:42:47.200,3509413.3158224127,779161.3558044619,5250971.902325121,-77417.94964594847,37.2783543589994,0.0040818797424435616,-0.000546812079846859,0.12391594238579273
2026-04-23 07:42:47.300,3509413.314828029,779161.3576945222,5250971.912853227,-77422.90500103975,37.28960046088917,-0.009943838231265545,0.01890060375444591,0.10528106242418289
2026-04-23 07:42:47.400,3509413.3196499823,779161.3608257739,5250971.9276668085,-77427.84814907692,37.307599344680106,0.04821953363716602,0.03131251665763557,0.14813581481575966
2026-04-23 07:42:47.500,3509413.3254461666,779161.3600636754,5250971.939533239,-77432.80035965097,37.3516589930095,0.057961842976510525,-0.007620984688401222,0.11866430751979351
2026-04-23 07:42:47.600,3509413.3316029212,779161.3576333341,5250971.950938853,-77437.74975303204,37.38769961760182,0.06156754679977894,-0.024303413229063153,0.11405614204704762
2026-04-23 07:42:47.700,3509413.335499193,779161.3610002259,5250971.967427324,-77442.69145724276,37.43279996411713,0.0389627180993557,0.03366891760379076,0.16488470137119293
2026-04-23 07:42:47.800,3509413.3348517762,779161.3635456887,5250971.980752744,-77447.63696573765,37.43542130097681,-0.006474168039858341,0.025454628048464656,0.13325420208275318
2026-04-23 07:42:47.900,3509413.332048763,779161.3689387817,5250971.9948934,-77452.58136281639,37.45980347902411,-0.028030131943523884,0.053930929861962795,0.141406562179327
2026-04-23 07:42:48.000,3509413.3345618844,779161.3721695027,5250972.01134022,-77457.51459704994,37.46472523066634,0.02513121347874403,0.03230720991268754,0.16446820460259914
2026-04-23 07:42:48.100,3509413.3365279804,779161.3753017595,5250972.024226377,-77462.44973984978,37.485440395373615,0.01966095995157957,0.03132256795652211,0.1288615632802248
2026-04-23 07:42:48.200,3509413.335033457,779161.3796612301,5250972.039472503,-77467.39338301081,37.48125055365632,-0.014945236034691334,0.04359470680356026,0.15246125869452953
2026-04-23 07:42:48.300,3509413.3392769187,779161.3869246618,5250972.0600774335,-77472.3291979325,37.489114529206894,0.042434618808329105,0.07263431674800813,0.20604930818080902
2026-04-23 07:42:48.400,3509413.339044465,779161.3901906876,5250972.074960838,-77477.27163244515,37.51237044256127,-0.0023245345801115036,0.03266025800257921,0.14883404597640038
2026-04-23 07:42:48.500,3509413.3352936106,779161.393249039,5250972.085926847,-77482.22157413802,37.528748773084686,-0.037508546374738216,0.03058351343497634,0.1096600852906704
2026-04-23 07:42:48.600,3509413.3329083133,779161.3994988891,5250972.100553004,-77487.17247152791,37.541555588048226,-0.023852973245084286,0.062498501501977444,0.14626157470047474
2026-04-23 07:42:48.700,3509413.3293028567,779161.4032795507,5250972.10943462,-77492.1210409275,37.57513994413636,-0.03605456557124853,0.0378066161647439,0.08881615474820137
2026-04-23 07:42:48.800,3509413.3206975562,779161.406372635,5250972.127214712,-77497.06673623914,37.630000613154486,-0.08605300448834896,0.030930843204259872,0.17780092544853687
2026-04-23 07:42:48.900,3509413.3166436707,779161.4091333653,5250972.141843666,-77502.0151256586,37.67433317830411,-0.04053885582834482,0.02760730218142271,0.14628954231739044
2026-04-23 07:42:49.000,3509413.3057839996,779161.412194598,5250972.148963029,-77506.96808167192,37.698131812064126,-0.10859671048820019,0.030612327391281724,0.07119362242519855
2026-04-23 07:42:49.100,3509413.304109224,779161.4160366133,5250972.168282134,-77511.91714945466,37.72071120497306,-0.016747754998505116,0.038420152850449085,0.1931910589337349
2026-04-23 07:42:49.200,3509413.300427801,779161.4178633144,5250972.177934968,-77516.87570851512,37.755193062471,-0.03681423142552376,0.01826701103709638,0.09652833454310894
2026-04-23 07:42:49.300,3509413.2961052125,779161.4240694079,5250972.190940211,-77521.82613439568,37.773062073952126,-0.043225884437561035,0.0620609347242862,0.13005242682993412
2026-04-23 07:42:49.400,3509413.286686087,779161.4249028619,5250972.198686946,-77526.77863068903,37.80641137755022,-0.09419125504791737,0.008334540762007236,0.07746735587716103
2026-04-23 07:42:49.500,3509413.2847344666,779161.431032974,5250972.214538184,-77531.7202735623,37.82395835545464,-0.019516204483807087,0.06130112102255225,0.15851237811148167
2026-04-23 07:42:49.600,3509413.2833264153,779161.4336928229,5250972.225878322,-77536.66729678222,37.851072841098485,-0.014080512337386608,0.02659848891198635,0.1134013757109642
2026-04-23 07:42:49.700,3509413.280736155,779161.4381420492,5250972.237255049,-77541.61664607974,37.87141576706602,-0.025902604684233665,0.04449226311407983,0.11376727372407913
2026-04-23 07:42:49.800,3509413.2759031197,779161.4414485225,5250972.245704951,-77546.56412464497,37.89073450834678,-0.04833035171031952,0.03306473256088793,0.08449901826679707
2026-04-23 07:42:49.900,3509413.275983635,779161.4477841073,5250972.262384028,-77551.5072687322,37.90392796304766,0.0008051516488194466,0.063355847960338,0.1667907740920782
2026-04-23 07:42:50.000,3509413.2699954472,779161.4569253346,5250972.281511043,-77556.45801956007,37.90177714298428,-0.05988187622278929,0.09141227346844971,0.191270150244236
2026-04-23 07:42:50.100,3509413.2600121824,779161.459419526,5250972.2885504095,-77561.41371772694,37.93299980482562,-0.09983264841139317,0.024941914016380906,0.07039366289973259
2026-04-23 07:42:50.200,3509413.2528607016,779161.4612163351,5250972.294770165,-77566.35968730609,37.98037269598856,-0.0715148076415062,0.017968090251088142,0.06219755858182907
2026-04-23 07:42:50.300,3509413.254444516,779161.4649617086,5250972.30569563,-77571.31264509786,38.01297584843287,0.015838141553103924,0.03745373571291566,0.10925464332103729
2026-04-23 07:42:50.400,3509413.251735544,779161.4687476695,5250972.319110255,-77576.26891145422,38.026532552515825,-0.027089719660580158,0.03785960841923952,0.13414625078439713
2026-04-23 07:42:50.500,3509413.241527392,779161.4734242674,5250972.332454812,-77581.22592841352,38.0433821284133,-0.10208151768893003,0.046765978913754225,0.13344557024538517
2026-04-23 07:42:50.600,3509413.237621319,779161.4830037598,5250972.350711648,-77586.17819194721,38.054721989072,-0.03906073048710823,0.09579492383636534,0.1825683657079935
2026-04-23 07:42:50.700,3509413.2420716924,779161.4900181646,5250972.372299229,-77591.12593390996,38.07450118164753,0.04450373351573944,0.07014404865913093,0.2158758044242859
2026-04-23 07:42:50.800,3509413.236843237,779161.5001734067,5250972.387994088,-77596.0830029087,38.07086957763601,-0.05228455178439617,0.10155242052860558,0.15694859437644482
2026-04-23 07:42:50.900,3509413.2326187952,779161.5072135843,5250972.404872925,-77601.02154544657,38.07419573779718,-0.04224441945552826,0.07040177588351071,0.16878836788237095
2026-04-23 07:42:51.000,3509413.2311469135,779161.5119428866,5250972.417067926,-77605.95765550976,38.09356448513218,-0.014718817546963692,0.04729302367195487,0.12195001356303692
2026-04-23 07:42:51.100,3509413.2361108437,779161.5179991263,5250972.431684658,-77610.89252574318,38.091397608179136,0.04963930230587721,0.06056239712052047,0.1461673155426979
2026-04-23 07:42:51.200,3509413.238030148,779161.5262151859,5250972.441185159,-77615.84854285151,38.078529615793066,0.019193044863641262,0.08216059533879161,0.09500500746071339
2026-04-23 07:42:51.300,3509413.237251074,779161.538366018,5250972.455834326,-77620.8036675263,38.049860663542184,-0.007790741510689259,0.12150832102634013,0.14649167656898499
2026-04-23 07:42:51.400,3509413.238472082,779161.5441816801,5250972.465918124,-77625.7532318467,38.022211255520546,0.012210081331431866,0.058156620943918824,0.10083797387778759
2026-04-23 07:42:51.500,3509413.240371863,779161.5501495685,5250972.478564135,-77630.6970672557,38.019799314000224,0.018997807055711746,0.05967888399027288,0.1264601107686758
2026-04-23 07:42:51.600,3509413.2436652975,779161.5569450695,5250972.497386506,-77635.64263567519,38.02573175637549,0.03293434623628855,0.0679550098720938,0.18822371028363705
2026-04-23 07:42:51.700,3509413.242485937,779161.566749571,5250972.512148525,-77640.59960109131,38.043279560968294,-0.01179360318928957,0.0980450154747814,0.1476201880723238
2026-04-23 07:42:51.800,3509413.2438136577,779161.5740702228,5250972.522713492,-77645.55782427842,38.006825169410796,0.0132772047072649,0.07320651784539223,0.10564967058598995
2026-04-23 07:42:51.900,3509413.245264593,779161.5813294319,5250972.54014423,-77650.51104962033,37.97263914608368,0.014509353786706924,0.07259209058247507,0.17430738545954227
2026-04-23 07:42:52.000,3509413.2469516546,779161.5884365855,5250972.555367635,-77655.46329634379,37.96886872907539,0.01687061507254839,0.07107153651304543,0.1522340439260006
2026-04-23 07:42:52.100,3509413.2453844366,779161.598094539,5250972.56816202,-77660.41628292877,37.97487157229215,-0.015672179870307446,0.09657953516580164,0.1279438566416502
2026-04-23 07:42:52.200,3509413.2461106186,779161.6063652654,5250972.582306224,-77665.36226104539,37.97244561558557,0.007261820137500763,0.08270726422779262,0.14144203625619411
2026-04-23 07:42:52.300,3509413.2398111024,779161.6107190833,5250972.5869556805,-77670.3219648229,37.94961045483289,-0.06299516186118126,0.04353817901574075,0.04649456590414047
2026-04-23 07:42:52.400,3509413.2358063455,779161.6168977972,5250972.590057052,-77675.28207088762,37.952073996040106,-0.04004756920039654,0.06178713869303465,0.031013712286949158
2026-04-23 07:42:52.500,3509413.2354166815,779161.6228896366,5250972.602975622,-77680.23482034334,37.95688166840547,-0.003896639682352543,0.05991839338093996,0.12918570078909397
2026-04-23 07:42:52.600,3509413.2420553835,779161.6298390774,5250972.62497061,-77685.17994371342,37.92641020170964,0.06638702005147934,0.06949440808966756,0.21994988434016705
2026-04-23 07:42:52.700,3509413.2380617163,779161.6376472735,5250972.638606498,-77690.13553619824,37.92864747008908,-0.0399366719648242,0.07808196125552058,0.13635887764394283
2026-04-23 07:42:52.800,3509413.2334129945,779161.6468795917,5250972.654542087,-77695.09070091818,37.92086221286007,-0.046487217769026756,0.09232318261638284,0.15935588628053665
2026-04-23 07:42:52.900,3509413.2320139525,779161.6573728813,5250972.670577626,-77700.03751665118,37.90199466090436,-0.01399042084813118,0.10493289562873542,0.16035539098083973
2026-04-23 07:42:53.000,3509413.2251216075,779161.6611985335,5250972.678306345,-77704.99796235033,37.90765431813124,-0.06892344914376736,0.03825652180239558,0.07728719152510166
2026-04-23 07:42:53.100,3509413.2255408536,779161.6718006011,5250972.6973484,-77709.94989984631,37.88328871027554,0.00419246032834053,0.10602067573927343,0.19042055122554302
2026-04-23 07:42:53.200,3509413.226638262,779161.6822054071,5250972.712586345,-77714.90239908294,37.886218202031856,0.01097408588975668,0.10404806002043188,0.1523794513195753
2026-04-23 07:42:53.300,3509413.2229866455,779161.6939164356,5250972.723588344,-77719.86469950365,37.873978315285086,-0.03651616629213095,0.11711028520949185,0.1100199855864048
2026-04-23 07:42:53.400,3509413.2191113005,779161.7008084314,5250972.730330578,-77724.82776209248,37.8531214658372,-0.0387534499168396,0.06891995784826577,0.06742234341800213
2026-04-23 07:42:53.500,3509413.2191253644,779161.7109937813,5250972.747795805,-77729.7813255674,37.85033450938531,0.0001406390219926834,0.10185349965468049,0.17465227283537388
2026-04-23 07:42:53.600,3509413.2220028774,779161.7229289715,5250972.7722757645,-77734.73555932994,37.825794429265095,0.028775129467248917,0.1193519018124789,0.24479959160089493
2026-04-23 07:42:53.700,3509413.217808058,779161.7307197292,5250972.780133759,-77739.71104863595,37.81806461065522,-0.041948193684220314,0.07790757692418993,0.07857994176447392
2026-04-23 07:42:53.800,3509413.2120655286,779161.7415947492,5250972.783733825,-77744.68576617469,37.8353443614308,-0.05742529407143593,0.10875019943341613,0.03600066527724266
2026-04-23 07:42:53.900,3509413.2168180994,779161.751979864,5250972.808478549,-77749.63918111908,37.834802885055346,0.04752570763230324,0.10385114816017449,0.24744723923504353
2026-04-23 07:42:54.000,3509413.214476108,779161.7588106337,5250972.818849374,-77754.59778398409,37.808909679755246,-0.02341991290450096,0.0683076970744878,0.10370824486017227
2026-04-23 07:42:54.100,3509413.2081948547,779161.7712433742,5250972.824459409,-77759.56923824918,37.81832766672509,-0.06281253416091204,0.12432740535587072,0.056100357323884964
2026-04-23 07:42:54.200,3509413.2062022616,779161.7824960166,5250972.83520728,-77764.52707805193,37.79531072438429,-0.01992593053728342,0.11252642376348376,0.10747870430350304
2026-04-23 07:42:54.300,3509413.208872343,779161.7968470585,5250972.857913556,-77769.46907742292,37.798099978259145,0.026700813323259354,0.14351041871123016,0.22706275805830956
2026-04-23 07:42:54.400,3509413.202569526,779161.807217195,5250972.870995262,-77774.4276813364,37.77954862801986,-0.06302816793322563,0.10370136587880552,0.13081706129014492
2026-04-23 07:42:54.500,3509413.1914712316,779161.8173310065,5250972.8742372785,-77779.39265553419,37.755036265509524,-0.11098294518887997,0.10113811469636858,0.032420167699456215
2026-04-23 07:42:54.600,3509413.1893091183,779161.8267812765,5250972.8822732,-77784.35099038469,37.74396993149876,-0.02162113320082426,0.09450269979424775,0.0803592149168253
2026-04-23 07:42:54.700,3509413.1833937448,779161.8359595165,5250972.890864533,-77789.31160273588,37.7438263134623,-0.059153735637664795,0.0917823996860534,0.08591333404183388
2026-04-23 07:42:54.800,3509412.2205243455,779162.4328466589,5250973.026938876,-77794.83166237007,37.586056855925335,-9.62869399227202,5.968871423974633,1.3607434276491404
2026-04-23 07:42:54.900,3509412.1873011286,779162.4557342961,5250973.035248573,-77799.81458187627,37.62467234835995,-0.33223216887563467,0.22887637256644666,0.08309696801006794
2026-04-23 07:42:55.000,3509412.184732041,779162.4611601231,5250973.04006451,-77804.78041132777,37.639771591162564,-0.025690877810120583,0.054258269956335425,0.04815937019884586
2026-04-23 07:42:55.100,3509412.1924730144,779162.4651929535,5250973.047549736,-77809.73173333061,37.65151192283174,0.07740973494946957,0.04032830358482897,0.07485225796699524
2026-04-23 07:42:55.200,3509412.1935954983,779162.4712976731,5250973.054931768,-77814.68773191435,37.64883523707289,0.011224839836359024,0.06104719592258334,0.07382032461464405
2026-04-23 07:42:55.300,3509412.1910392167,779162.4745198803,5250973.057759602,-77819.65504816649,37.67200787848792,-0.02556281629949808,0.03222207189537585,0.028278334066271782
2026-04-23 07:42:55.400,3509412.192057992,779162.4779586355,5250973.062750306,-77824.62225147296,37.69008189195554,0.010187751613557339,0.03438755287788808,0.04990704357624054
2026-04-23 07:42:55.500,3509412.199896071,779162.4877725476,5250973.077541816,-77829.58211503873,37.68568907890727,0.07838079240173101,0.09813912096433342,0.14791510067880154
2026-04-23 07:42:55.600,3509412.203302429,779162.4877821376,5250973.078842872,-77834.5473347433,37.67383581952021,0.03406357951462269,9.589944966137409e-05,0.013010557740926743
2026-04-23 07:42:55.700,3509412.2044568965,779162.4869908786,5250973.081405106,-77839.51005680618,37.72468452455981,0.011544674634933472,-0.007912589935585856,0.02562234178185463
2026-04-23 07:42:55.800,3509412.204576284,779162.4895597,5250973.080964129,-77844.47668943404,37.73768942467173,0.0011938763782382011,0.025688214227557182,-0.00440976582467556
2026-04-23 07:42:55.900,3509412.2012283537,779162.495797663,5250973.083021961,-77849.44697747089,37.73683253221393,-0.03347930498421192,0.06237962981685996,0.02057831734418869
2026-04-23 07:42:56.000,3509412.1989731295,779162.5012621991,5250973.085459889,-77854.41043383938,37.752762513871424,-0.022552241571247578,0.05464536137878895,0.024379277601838112
2026-04-23 07:42:56.100,3509412.1998870857,779162.5093309244,5250973.089787807,-77859.36572421202,37.743939147217866,0.009139562025666237,0.08068725233897567,0.04327918402850628
2026-04-23 07:42:56.200,3509412.1976731536,779162.5088006004,5250973.086176549,-77864.32779405935,37.74897927662308,-0.022139321081340313,-0.0053032394498586655,-0.0361125823110342
2026-04-23 07:42:56.300,3509412.2005174183,779162.5163412527,5250973.094026904,-77869.29155605736,37.73934054049801,0.02844264730811119,0.07540652295574546,0.07850354537367821
2026-04-23 07:42:56.400,3509412.200337042,779162.5199007977,5250973.093729014,-77874.25873277016,37.7543714337253,-0.0018037622794508934,0.03559545031748712,-0.002978900447487831
2026-04-23 07:42:56.500,3509412.2049134513,779162.5248826693,5250973.09690674,-77879.21728211595,37.75619616097384,0.04576409235596657,0.04981871577911079,0.031777266412973404
2026-04-23 07:42:56.600,3509412.2117291735,779162.5289307333,5250973.102210896,-77884.17592878541,37.76128037662203,0.06815722212195396,0.04048064001835883,0.05304155871272087
2026-04-23 07:42:56.700,3509412.2121315557,779162.5330423451,5250973.098880555,-77889.14684418023,37.75012833979614,0.004023821093142033,0.041116117499768734,-0.03330341540277004
2026-04-23 07:42:56.800,3509412.2127555446,779162.5404807566,5250973.101585586,-77894.10700144457,37.72606392948958,0.0062398891896009445,0.07438411470502615,0.027050310745835304
2026-04-23 07:42:56.900,3509412.2218514793,779162.5380221091,5250973.100017256,-77899.06682827523,37.74151132128627,0.09095934685319662,-0.02458647475577891,-0.01568329520523548
2026-04-23 07:42:57.000,3509412.229120375,779162.5416978342,5250973.102742293,-77904.02851403806,37.748821730229956,0.07268895860761404,0.036757250782102346,0.027250368148088455
2026-04-23 07:42:57.100,3509412.2327845236,779162.5472752863,5250973.106643335,-77908.99402554051,37.72305380754137,0.036641485057771206,0.05577452131547034,0.0390104204416275
2026-04-23 07:42:57.200,3509412.2297093533,779162.552976945,5250973.107978163,-77913.95629560186,37.76998473875463,-0.030751703307032585,0.05701658665202558,0.013348283246159554
2026-04-23 07:42:57.300,3509412.231307428,779162.556311697,5250973.106113128,-77918.92095382314,37.76807598995892,0.015980745665729046,0.033347520511597395,-0.018650349229574203
2026-04-23 07:42:57.400,3509412.2331792098,779162.5611540255,5250973.105732418,-77923.88365824978,37.76662549787577,0.018717818893492222,0.04842328489758074,-0.003807106986641884
2026-04-23 07:42:57.500,3509412.2329167733,779162.5663331375,5250973.105466325,-77928.85457886587,37.752255115990955,-0.0026243645697832108,0.05179111962206662,-0.0026609282940626144
2026-04-23 07:42:57.600,3509412.232611254,779162.5711270485,5250973.103149465,-77933.83798051787,37.76774479608634,-0.003055194392800331,0.047939110081642866,-0.023168595507740974
2026-04-23 07:42:57.700,3509412.2305808375,779162.5752814013,5250973.101458388,-77938.81963988153,37.77369078399128,-0.020304163917899132,0.0415435282047838,-0.016910769045352936
2026-04-23 07:42:57.800,3509412.2305793166,779162.5770434403,5250973.100483303,-77943.78224703488,37.78059022954281,-1.5208497643470764e-05,0.0176203902810812,-0.009750854223966599
2026-04-23 07:42:57.900,3509412.2294591065,779162.5825821536,5250973.098365034,-77948.74511823541,37.77448525474841,-0.011202101595699787,0.055387133033946157,-0.02118268981575966
2026-04-23 07:42:58.000,3509412.2316438835,779162.5841086722,5250973.096324396,-77953.71195446029,37.768281581494364,0.021847770549356937,0.01526518608443439,-0.02040637657046318
2026-04-23 07:42:58.100,3509412.2333127623,779162.5856127584,5250973.0959397005,-77958.67567583645,37.756281372173,0.016688788309693336,0.015040861908346415,-0.00384695827960968
2026-04-23 07:42:58.200,3509412.237537518,779162.5893715956,5250973.092874907,-77963.65055147301,37.744518119261635,0.04224755801260471,0.037588372360914946,-0.03064793534576893
2026-04-23 07:42:58.300,3509412.2391096456,779162.5939513422,5250973.09388121,-77968.63574921545,37.76298018103891,0.0157212745398283,0.045797465136274695,0.010063033550977707
2026-04-23 07:42:58.400,3509412.2412970355,779162.5978872437,5250973.097317682,-77973.61152167479,37.77317426658438,0.021873898804187775,0.039359015645459294,0.03436471335589886
2026-04-23 07:42:58.500,3509412.243502864,779162.6039505516,5250973.102260049,-77978.57605649746,37.762911224918405,0.02205828670412302,0.060633078683167696,0.04942367784678936
2026-04-23 07:42:58.600,3509412.2418275373,779162.6064900041,5250973.098337434,-77983.54536583026,37.77005244636903,-0.01675326842814684,0.025394525146111846,-0.03922615200281143
2026-04-23 07:42:58.700,3509412.242144084,779162.6089447887,5250973.0944465585,-77988.51493073281,37.78921753702974,0.003165467642247677,0.024547845823690295,-0.03890875726938248
2026-04-23 07:42:58.800,3509412.2476164,779162.6144109505,5250973.100747374,-77993.47945417867,37.788652643229376,0.05472315941005945,0.05466161761432886,0.06300815381109715
2026-04-23 07:42:58.900,3509412.2505092244,779162.616710236,5250973.103528045,-77998.45002516414,37.75654290299548,0.028928243555128574,0.022992854937911034,0.027806712314486504
2026-04-23 07:42:59.000,3509412.2553393776,779162.6209538402,5250973.10703361,-78003.41936060502,37.75294829903339,0.04830153193324804,0.04243604256771505,0.035055652260780334
2026-04-23 07:42:59.100,3509412.2607090822,779162.6205262485,5250973.112581145,-78008.38208942839,37.758115149963245,0.05369704682379961,-0.004275917308405042,0.055475346744060516
2026-04-23 07:42:59.200,3509412.257110708,779162.6266901456,5250973.111273809,-78013.35201168514,37.76483832987357,-0.0359837431460619,0.06163897109217942,-0.013073356822133064
2026-04-23 07:42:59.300,3509412.251424855,779162.6339424116,5250973.1068753,-78018.33081846454,37.77112230529823,-0.05685852840542793,0.07252266048453748,-0.04398508928716183
2026-04-23 07:42:59.400,3509412.2525238395,779162.6429204772,5250973.111341507,-78023.29852846215,37.77005492505583,0.010989843867719173,0.08978065568953753,0.04466206766664982
2026-04-23 07:42:59.500,3509412.2519859234,779162.6504964192,5250973.115650192,-78028.26609066153,37.76637915390253,-0.005379160866141319,0.07575941970571876,0.04308684729039669
2026-04-23 07:42:59.600,3509412.252762583,779162.656747201,5250973.12033211,-78033.24199107008,37.76951293390539,0.007766596972942352,0.06250781822018325,0.0468191783875227
2026-04-23 07:42:59.700,3509412.2526192553,779162.6609441052,5250973.118162531,-78038.2180488967,37.779965072324366,-0.001433277502655983,0.0419690425042063,-0.021695783361792564
2026-04-23 07:42:59.800,3509412.2572525973,779162.6662766894,5250973.120113915,-78043.18402176714,37.77253111648457,0.046333419159054756,0.05332584143616259,0.01951383426785469
2026-04-23 07:42:59.900,3509412.2563600806,779162.6676579966,5250973.115571216,-78048.15667827133,37.779986832356926,-0.00892516691237688,0.013813072582706809,-0.04542699083685875
2026-04-23 07:43:00.000,3509412.2580460436,779162.6731252053,5250973.11721535,-78053.1210913025,37.776863839408705,0.0168596301227808,0.05467208684422076,0.01644134521484375
2026-04-23 07:43:00.100,3509412.258130679,779162.6797318048,5250973.114764982,-78058.09621265525,37.781623946403364,0.0008463533595204353,0.0660659943241626,-0.024503683671355247
2026-04-23 07:43:00.200,3509412.2573415763,779162.6844149346,5250973.110801937,-78063.07157066604,37.75991375331517,-0.007891026325523853,0.0468312983866781,-0.03963044844567776
2026-04-23 07:43:00.300,3509412.2650758405,779162.6907995217,5250973.119700098,-78068.03744435699,37.77675201897591,0.07734264247119427,0.06384587148204446,0.08898161351680756
2026-04-23 07:43:00.400,3509412.2703650515,779162.6943906685,5250973.11804776,-78073.00997782462,37.75184375387014,0.052892109379172325,0.03591146785765886,-0.016523385420441628
2026-04-23 07:43:00.500,3509412.2736860206,779162.6958632815,5250973.118625332,-78077.97954602033,37.73988880724483,0.033209691755473614,0.014726129593327641,0.00577571801841259
2026-04-23 07:43:00.600,3509412.272962418,779162.6939954979,5250973.107994673,-78082.95757827957,37.754287495963005,-0.007236027158796787,-0.01867783605121076,-0.10630658827722073
2026-04-23 07:43:00.700,3509412.275042214,779162.6939943462,5250973.101892931,-78087.92678955226,37.746778498346075,0.020797960460186005,-1.1516967788338661e-05,-0.061017414554953575
2026-04-23 07:43:00.800,3509412.2780620065,779162.6993060159,5250973.101689695,-78092.89727234058,37.746514876533205,0.030197924934327602,0.05311669665388763,-0.0020323600620031357
2026-04-23 07:43:00.900,3509412.279336354,779162.7057603155,5250973.10437317,-78097.86720913064,37.73563451608267,0.012743477709591389,0.06454299669712782,0.026834746822714806
2026-04-23 07:43:01.000,3509412.276935948,779162.7091686145,5250973.100971031,-78102.83913189037,37.744150785412124,-0.024004061706364155,0.03408298944123089,-0.03402139060199261
2026-04-23 07:43:01.100,3509412.276954719,779162.7154039515,5250973.102957251,-78107.80915387608,37.74716052088545,0.0001877080649137497,0.06235337001271546,0.01986219547688961
2026-04-23 07:43:01.200,3509412.2774194037,779162.7182917739,5250973.100090086,-78112.78113711743,37.762410503797035,0.004646847955882549,0.028878224547952414,-0.028671640902757645
2026-04-23 07:43:01.300,3509412.277399168,779162.7217916915,5250973.1001984915,-78117.75119749823,37.76996935944384,-0.00020235776901245117,0.034999175695702434,0.0010840501636266708
2026-04-23 07:43:01.400,3509412.2799643087,779162.7252402928,5250973.102686404,-78122.71930305692,37.77526491476707,0.02565140835940838,0.03448601346462965,0.024879127740859985
2026-04-23 07:43:01.500,3509412.2795746336,779162.7287113497,5250973.0988095505,-78127.69299881805,37.805071323058286,-0.0038967514410614967,0.03471056814305484,-0.03876853734254837
2026-04-23 07:43:01.600,3509412.280792835,779162.733099372,5250973.097903088,-78132.66372270895,37.80658035954756,0.012182015925645828,0.04388022352941334,-0.009064627811312675
2026-04-23 07:43:01.700,3509412.285155113,779162.7383251133,5250973.0989151085,-78137.62523585034,37.810415619477766,0.04362277686595917,0.052257413044571877,0.010120207443833351
2026-04-23 07:43:01.800,3509412.2916783122,779162.7419185903,5250973.104395818,-78142.5828939803,37.80336523337132,0.06523199379444122,0.03593476954847574,0.05480709485709667
2026-04-23 07:43:01.900,3509412.2919736668,779162.7393200577,5250973.098756608,-78147.56192269777,37.79603631083133,0.0029535451903939247,-0.02598532591946423,-0.05639210343360901
2026-04-23 07:43:02.000,3509412.297660203,779162.7427959336,5250973.101607562,-78152.53635272958,37.802674642634535,0.05686536431312561,0.03475875942967832,0.02850954420864582
2026-04-23 07:43:02.100,3509412.2998620365,779162.7426136902,5250973.098091762,-78157.50785602012,37.804179577071984,0.022018332965672016,-0.0018224341329187155,-0.035158004611730576
2026-04-23 07:43:02.200,3509412.302715888,779162.7449205196,5250973.0939571895,-78162.47742654535,37.82270064669218,0.028538512997329235,0.023068294394761324,-0.04134572111070156
2026-04-23 07:43:02.300,3509412.308002219,779162.7473867794,5250973.097411337,-78167.44397101246,37.83411137093669,0.052863312885165215,0.024662597570568323,0.034541478380560875
2026-04-23 07:43:02.400,3509412.310005339,779162.7478191563,5250973.097540531,-78172.41780956087,37.84204470946042,0.020031197927892208,0.004323768662288785,0.001291939988732338
2026-04-23 07:43:02.500,3509412.3149720086,779162.7530033719,5250973.103048819,-78177.37886184033,37.848631841159786,0.04966669715940952,0.051842156099155545,0.05508287809789181
2026-04-23 07:43:02.600,3509412.318963854,779162.7534491633,5250973.103113332,-78182.34618742876,37.86549654600437,0.03991845529526472,0.004457914037629962,0.000645127147436142
2026-04-23 07:43:02.700,3509412.325182312,779162.7532469573,5250973.103446211,-78187.31133793796,37.87673757672949,0.062184580601751804,-0.0020220596343278885,0.0033287890255451202
2026-04-23 07:43:02.800,3509412.327342967,779162.7558816695,5250973.104635658,-78192.27321820256,37.888207422140745,0.021606548689305782,0.02634712145663798,0.0118944700807333
2026-04-23 07:43:02.900,3509412.33188389,779162.7551947413,5250973.106211338,-78197.2387996894,37.91341181379981,0.04540923051536083,-0.006869281642138958,0.01575680449604988
2026-04-23 07:43:03.000,3509412.3362561865,779162.7571710412,5250973.106761476,-78202.20828210661,37.9105414399302,0.04372296389192343,0.019762999145314097,0.0055013783276081085
2026-04-23 07:43:03.100,3509412.3434692575,779162.7564700018,5250973.109176233,-78207.17624960258,37.92594616532394,0.0721307098865509,-0.007010394474491477,0.024147573858499527
2026-04-23 07:43:03.200,3509412.348359261,779162.7591239333,5250973.1155659985,-78212.13889478403,37.93611487424378,0.048900037072598934,0.02653931500390172,0.06389765068888664
2026-04-23 07:43:03.300,3509412.35019645,779162.7619073389,5250973.11763109,-78217.10670323468,37.95119278753423,0.01837188843637705,0.027834055945277214,0.020650913938879967
2026-04-23 07:43:03.400,3509412.351276532,779162.7611531705,5250973.113104443,-78222.08123809886,37.968470612362175,0.010800817981362343,-0.0075416837353259325,-0.045266468077898026
2026-04-23 07:43:03.500,3509412.3609136087,779162.7636610987,5250973.122486322,-78227.04204210888,37.97445500525952,0.09637076873332262,0.025079281767830253,0.0938187912106514
2026-04-23 07:43:03.600,3509412.368065499,779162.7658517488,5250973.128174546,-78231.99983860913,37.99575211833946,0.07151890080422163,0.021906500915065408,0.05688223987817764
2026-04-23 07:43:03.700,3509412.3729898725,779162.7686191672,5250973.134179838,-78236.96306616285,38.00990932692458,0.0492437370121479,0.027674183947965503,0.06005291827023029
2026-04-23 07:43:03.800,3509412.378947743,779162.7692079463,5250973.134721639,-78241.91495512382,38.0305911717622,0.059578707441687584,0.00588779104873538,0.005418006330728531
2026-04-23 07:43:03.900,3509412.3843523893,779162.7727802969,5250973.140066513,-78246.87255504937,38.056653581775436,0.054046460427343845,0.03572350600734353,0.053448742255568504
2026-04-23 07:43:04.000,3509412.3879876644,779162.7718471071,5250973.138571319,-78251.84913732328,38.08313953020624,0.03635275177657604,-0.009331897599622607,-0.014951936900615692
2026-04-23 07:43:04.100,3509412.3938386366,779162.7725146778,5250973.142840276,-78256.82789602451,38.08406073411005,0.05850972142070532,0.006675707409158349,0.04268956370651722
2026-04-23 07:43:04.200,3509412.397502026,779162.7715696968,5250973.147068958,-78261.80689692951,38.1109145958855,0.03663389477878809,-0.009449810022488236,0.0422868225723505
2026-04-23 07:43:04.300,3509412.3996164394,779162.7733548,5250973.145803572,-78266.7783460244,38.11186233700177,0.021144133061170578,0.017851031152531505,-0.012653861194849014
2026-04-23 07:43:04.400,3509412.4074625876,779162.7716837251,5250973.14918483,-78271.7373539135,38.140752956503874,0.0784614821895957,-0.01671074889600277,0.03381257876753807
2026-04-23 07:43:04.500,3509412.4154334203,779162.7694051751,5250973.1539948145,-78276.69653119454,38.170123861669275,0.07970832753926516,-0.022785499459132552,0.04809984937310219
2026-04-23 07:43:04.600,3509412.4211691557,779162.7692204469,5250973.1581282355,-78281.66053642264,38.17784627974602,0.05735735408961773,-0.0018472818192094564,0.041334209963679314
2026-04-23 07:43:04.700,3509412.426419168,779162.7672033991,5250973.158086263,-78286.62307213516,38.20655860917369,0.05250012036412954,-0.02017047838307917,-0.00041972845792770386
2026-04-23 07:43:04.800,3509412.4365767175,779162.7684175685,5250973.16572848,-78291.585933249,38.21013662611793,0.10157549753785133,0.012141694314777851,0.07642216980457306
2026-04-23 07:43:04.900,3509412.4479900463,779162.7699047228,5250973.17489978,-78296.54630390447,38.22262243557791,0.11413328815251589,0.014871542807668447,0.09171300567686558
2026-04-23 07:43:05.000,3509412.460567539,779162.7666864996,5250973.1842467105,-78301.49939985054,38.218265235722406,0.12577492743730545,-0.032182232243940234,0.0934693031013012
2026-04-23 07:43:05.100,3509412.470742992,779162.7609714521,5250973.185415215,-78306.46149729106,38.230040954097596,0.10175453033298254,-0.05715047474950552,0.011685043573379517
2026-04-23 07:43:05.200,3509412.48324062,779162.7612195141,5250973.195988688,-78311.41905972497,38.23617958471109,0.12497627642005682,0.0024806195870041847,0.10573472827672958
2026-04-23 07:43:05.300,3509412.491529324,779162.7588219111,5250973.199379453,-78316.37858640906,38.25717403194361,0.08288704324513674,-0.023976030061021447,0.033907657489180565
2026-04-23 07:43:05.400,3509412.5032797176,779162.7590663602,5250973.2073231675,-78321.33420702023,38.251557876370356,0.1175039354711771,0.0024444912560284138,0.07943714037537575
2026-04-23 07:43:05.500,3509412.5144041628,779162.7551844786,5250973.215245977,-78326.2990486826,38.253079488931014,0.11124445125460625,-0.038818815955892205,0.07922809571027756
2026-04-23 07:43:05.600,3509412.52605241,779162.7516701806,5250973.219853681,-78331.26858686462,38.23310505705624,0.11648247018456459,-0.03514298005029559,0.04607703536748886
2026-04-23 07:43:05.700,3509412.5357817365,779162.7474094522,5250973.222718907,-78336.23896091779,38.25378025637941,0.09729326702654362,-0.04260728368535638,0.028652260079979897
2026-04-23 07:43:05.800,3509412.5475353734,779162.7457728386,5250973.231931243,-78341.20682231786,38.2445933119535,0.11753636877983809,-0.016366136260330677,0.09212336502969265
2026-04-23 07:43:05.900,3509412.5598442936,779162.7404827247,5250973.239695888,-78346.17043002718,38.2297545235216,0.1230892026796937,-0.05290113855153322,0.07764644920825958
2026-04-23 07:43:06.000,3509412.5692659914,779162.7334963112,5250973.23793282,-78351.14553036951,38.22717519565567,0.09421697817742825,-0.06986413500271738,-0.0176306813955307
2026-04-23 07:43:06.100,3509412.581131075,779162.7294343384,5250973.241030927,-78356.12626237441,38.20736617618724,0.1186508359387517,-0.040619728388264775,0.030981069430708885
2026-04-23 07:43:06.200,3509412.5904435897,779162.7235658867,5250973.247036266,-78361.10060639144,38.237894151292124,0.09312514681369066,-0.058684516698122025,0.06005339324474335
2026-04-23 07:43:06.300,3509412.6041016867,779162.7227235376,5250973.260888265,-78366.06561223046,38.21873427473982,0.13658097013831139,-0.00842349138110876,0.13851999305188656
2026-04-23 07:43:06.400,3509412.616134798,779162.7149771623,5250973.264529076,-78371.02392865725,38.21751825671538,0.12033111415803432,-0.07746375282295048,0.036408109590411186
2026-04-23 07:43:06.500,3509412.6252564206,779162.708159141,5250973.270647285,-78375.98977875091,38.2408651099142,0.09121622424572706,-0.06818021298386157,0.06118208169937134
2026-04-23 07:43:06.600,3509412.6385557475,779162.701730107,5250973.2742086155,-78380.95598419705,38.2244693519768,0.1329932687804103,-0.06429034052416682,0.03561330959200859
2026-04-23 07:43:06.700,3509412.655931048,779162.6973047823,5250973.283303101,-78385.91520071977,38.20428585927099,0.17375300638377666,-0.04425324616022408,0.09094485081732273
2026-04-23 07:43:06.800,3509412.6689176904,779162.6919510658,5250973.296231369,-78390.87960013899,38.219518002487916,0.12986642308533192,-0.05353716551326215,0.12928267940878868
2026-04-23 07:43:06.900,3509412.681370983,779162.6831498911,5250973.304322685,-78395.84786734173,38.216145711009275,0.124532924965024,-0.0880117469932884,0.08091316558420658
2026-04-23 07:43:07.000,3509412.6948035043,779162.6753160524,5250973.308275694,-78400.8056647851,38.18965569767494,0.13432521373033524,-0.07833838695660233,0.03953008912503719
2026-04-23 07:43:07.100,3509412.705382694,779162.6657357677,5250973.312574307,-78405.77272168371,38.21203712140626,0.10579189751297235,-0.09580284706316888,0.04298613406717777
2026-04-23 07:43:07.200,3509412.722968011,779162.659470119,5250973.3229546035,-78410.73784204628,38.205699847348086,0.17585317138582468,-0.06265648640692234,0.10380296036601067
2026-04-23 07:43:07.300,3509412.7374548786,779162.6539335008,5250973.333999729,-78415.70965850602,38.19833494964318,0.1448686746880412,-0.05536618293263018,0.11045125313103199
2026-04-23 07:43:07.400,3509412.752549685,779162.646159835,5250973.341346301,-78420.67974377627,38.206296306027774,0.1509480644017458,-0.07773665711283684,0.07346572354435921
2026-04-23 07:43:07.500,3509412.7665096074,779162.6367533711,5250973.348758697,-78425.64772286515,38.20210594029594,0.1395992236211896,-0.09406463941559196,0.07412395440042019
2026-04-23 07:43:07.600,3509412.7824842264,779162.6278948563,5250973.355229354,-78430.61560661132,38.20655650226516,0.15974618960171938,-0.08858514833264053,0.06470657885074615
2026-04-23 07:43:07.700,3509412.7972064465,779162.6216677073,5250973.368523288,-78435.57812446616,38.211751401875745,0.1472222013399005,-0.062271489296108484,0.13293933123350143
2026-04-23 07:43:07.800,3509412.8093648455,779162.6108525014,5250973.367972228,-78440.55260037331,38.19929064528545,0.12158398982137442,-0.10815205983817577,-0.005510598421096802
2026-04-23 07:43:07.900,3509412.829107618,779162.6036999021,5250973.377947934,-78445.51645352549,38.18618835332786,0.19742772448807955,-0.07152599282562733,0.09975706227123737
2026-04-23 07:43:08.000,3509412.8407692043,779162.5947876163,5250973.380717543,-78450.48908082218,38.1874778889308,0.11661586351692677,-0.08912285789847374,0.027696089819073677
2026-04-23 07:43:08.100,3509412.8526047315,779162.5861295818,5250973.3876523385,-78455.4639223731,38.17653044872034,0.11835527140647173,-0.08658034494146705,0.06934795528650284
2026-04-23 07:43:08.200,3509412.864125155,779162.573832042,5250973.388531311,-78460.44305588804,38.169624754950114,0.11520423460751772,-0.12297539738938212,0.008789729326963425
2026-04-23 07:43:08.300,3509412.881339427,779162.5675539442,5250973.397853578,-78465.40614392103,38.15151587525221,0.17214272171258926,-0.06278097862377763,0.09322267025709152
2026-04-23 07:43:08.400,3509412.8966397825,779162.5592378908,5250973.405479749,-78470.37277911465,38.142399553865275,0.1530035538598895,-0.0831605342682451,0.07626170292496681
2026-04-23 07:43:08.500,3509412.9114423557,779162.5518057961,5250973.410762364,-78475.34455175816,38.11754429667209,0.1480257324874401,-0.07432094658724964,0.05282615311443806
2026-04-23 07:43:08.600,3509412.92855469,779162.5388774455,5250973.422477926,-78480.31225888876,38.1332396498689,0.1711233425885439,-0.12928350595757365,0.11715562082827091
2026-04-23 07:43:08.700,3509412.942936955,779162.5329245152,5250973.433138388,-78485.27956793676,38.10689395315057,0.1438226504251361,-0.05952930310741067,0.10660462081432343
2026-04-23 07:43:08.800,3509412.955519999,779162.5249676055,5250973.441024357,-78490.25668444371,38.093811082606784,0.1258304389193654,-0.07956909714266658,0.07885969243943691
2026-04-23 07:43:08.900,3509412.973169818,779162.5156932112,5250973.447284541,-78495.22377563477,38.06887152904202,0.17649819143116474,-0.09274394251406193,0.0626018363982439
2026-04-23 07:43:09.000,3509412.987064068,779162.5064031623,5250973.453132328,-78500.19492196121,38.03890585295023,0.1389425015076995,-0.09290048968978226,0.058477865532040596
2026-04-23 07:43:09.100,3509413.0002616243,779162.4957833266,5250973.458582731,-78505.16575772336,38.02356422393766,0.13197556138038635,-0.10619835695251822,0.05450403317809105
2026-04-23 07:43:09.200,3509413.924161521,779161.9351026335,5250973.352469045,-78509.60019166816,38.52319191690518,9.238998964428902,-5.606806930154562,-1.0611368622630835
2026-04-23 07:43:09.300,3509413.947459189,779161.9201622116,5250973.357656528,-78514.5742879007,38.53573578243914,0.23297668434679508,-0.14940421911887825,0.051874835044145584
2026-04-23 07:43:09.400,3509413.981064544,779161.9065190792,5250973.373514236,-78519.53686717394,38.53182635056279,0.33605354838073254,-0.13643132406286895,0.1585770770907402
2026-04-23 07:43:09.500,3509414.0029932186,779161.8967236766,5250973.381198619,-78524.50172876393,38.514751141082535,0.21928674541413784,-0.09795402642339468,0.07684382610023022
2026-04-23 07:43:09.600,3509414.017431174,779161.8890644724,5250973.386425281,-78529.48380378529,38.495991624865226,0.1443795533850789,-0.0765920418780297,0.052266623824834824
2026-04-23 07:43:09.700,3509414.028634193,779161.8867144779,5250973.394018845,-78534.46404565363,38.485129966960734,0.11203018948435783,-0.023499944945797324,0.07593563757836819
2026-04-23 07:43:09.800,3509414.037830948,779161.8878007362,5250973.407989771,-78539.43357696703,38.451985194774046,0.09196755010634661,0.010862583294510841,0.1397092640399933
2026-04-23 07:43:09.900,3509414.04348802,779161.8850652776,5250973.412939295,-78544.40478233778,38.45636417970187,0.05657072179019451,-0.027354586636647582,0.04949524067342281
2026-04-23 07:43:10.000,3509414.0507282387,779161.880238377,5250973.421247283,-78549.37767202765,38.45144395103023,0.07240218576043844,-0.0482690054923296,0.08307987824082375
2026-04-23 07:43:10.100,3509414.0618825536,779161.8750733633,5250973.426428701,-78554.35565033676,38.43801917912221,0.1115431496873498,-0.051650137174874544,0.05181417800486088
2026-04-23 07:43:10.200,3509414.069123467,779161.8725203001,5250973.432532944,-78559.33770468867,38.44183212998806,0.07240913342684507,-0.025530632119625807,0.06104242987930775
2026-04-23 07:43:10.300,3509414.08210114,779161.8699194613,5250973.447010971,-78564.31320868726,38.43041428462638,0.12977673206478357,-0.026008387794718146,0.14478026889264584
2026-04-23 07:43:10.400,3509414.098482316,779161.8621351183,5250973.452594778,-78569.28656523778,38.430424658334644,0.16381175722926855,-0.07784342975355685,0.05583806894719601
2026-04-23 07:43:10.500,3509414.1161573785,779161.8505677334,5250973.452321522,-78574.26079985051,38.44460098975119,0.17675062641501427,-0.1156738493591547,-0.002732556313276291
2026-04-23 07:43:10.600,3509414.1319635604,779161.8412827625,5250973.456682705,-78579.23690495288,38.47410448282666,0.15806181821972132,-0.09284970932640135,0.043611833825707436
2026-04-23 07:43:10.700,3509414.1510439427,779161.8322392431,5250973.463874419,-78584.21633492359,38.47726743955722,0.1908038230612874,-0.09043519385159016,0.07191713899374008
2026-04-23 07:43:10.800,3509414.1720980043,779161.819009533,5250973.467886425,-78589.18738096577,38.51098336902074,0.21054061595350504,-0.13229710049927235,0.04012005403637886
2026-04-23 07:43:10.900,3509414.1922456236,779161.8089903058,5250973.472902014,-78594.15735734804,38.51989162097045,0.20147619303315878,-0.10019227280281484,0.050155892968177795
2026-04-23 07:43:11.000,3509414.213878938,779161.7986807496,5250973.48334405,-78599.11917754705,38.545222325947314,0.21633314434438944,-0.10309556149877608,0.1044203620404005
2026-04-23 07:43:11.100,3509414.2343301466,779161.7869206783,5250973.485062073,-78604.08479917023,38.570085805537744,0.2045120857656002,-0.11760071269236505,0.017180228605866432
2026-04-23 07:43:11.200,3509414.253188682,779161.7739171823,5250973.48497957,-78609.05610143655,38.583994935936715,0.18858535215258598,-0.1300349598750472,-0.000825030729174614
2026-04-23 07:43:11.300,3509414.273442204,779161.7639592104,5250973.484285555,-78614.03274441032,38.611310174131624,0.2025352232158184,-0.0995797198265791,-0.006940150633454323
2026-04-23 07:43:11.400,3509414.2926925337,779161.7533274761,5250973.488506612,-78619.00347470741,38.63445306358731,0.19250329583883286,-0.1063173427246511,0.04221057519316673
2026-04-23 07:43:11.500,3509414.3107216703,779161.7427757058,5250973.490230597,-78623.97278015492,38.65959890293936,0.18029136583209038,-0.10551770334132016,0.01723984256386757
2026-04-23 07:43:11.600,3509414.3269105675,779161.7343890885,5250973.491940334,-78628.94837310139,38.69979265394452,0.1618889719247818,-0.08386617293581367,0.01709737814962864
2026-04-23 07:43:11.700,3509414.346599408,779161.7217454335,5250973.489743876,-78633.91586142466,38.71383817856533,0.19688840489834547,-0.12643654947169125,-0.021964581683278084
2026-04-23 07:43:11.800,3509414.36629582,779161.708075865,5250973.490854199,-78638.88227664758,38.728373980479056,0.1969641214236617,-0.13669568463228643,0.011103227734565735
2026-04-23 07:43:11.900,3509414.3865703484,779161.6986628943,5250973.493962037,-78643.8525338188,38.76682735396422,0.20274528302252293,-0.09412970743142068,0.031078383326530457
2026-04-23 07:43:12.000,3509414.403890306,779161.6871643185,5250973.490169461,-78648.8294705871,38.803701248153814,0.17319957725703716,-0.11498575797304511,-0.03792576491832733
2026-04-23 07:43:12.100,3509414.4240067895,779161.6769659757,5250973.494324738,-78653.79436722564,38.83089248055477,0.20116483327001333,-0.1019834284670651,0.041552772745490074
2026-04-23 07:43:12.200,3509414.4406230017,779161.6705181346,5250973.495229416,-78658.76409575072,38.86357012572851,0.16616212204098701,-0.06447841064073145,0.009046774357557297
2026-04-23 07:43:12.300,3509414.456682985,779161.657040772,5250973.49449663,-78663.7387993217,38.89430726408844,0.16059983521699905,-0.13477362575940788,-0.0073278602212667465
2026-04-23 07:43:12.400,3509414.474076647,779161.6461228019,5250973.490611358,-78668.7149955818,38.91726187221984,0.1739366166293621,-0.1091797009576112,-0.03885271959006786
2026-04-23 07:43:12.500,3509414.4877382526,779161.6356570926,5250973.4891472235,-78673.69809555411,38.932918443501656,0.13661605771631002,-0.1046570937614888,-0.01464134082198143
2026-04-23 07:43:12.600,3509414.501744737,779161.6217475717,5250973.48571562,-78678.67235689076,38.97076446084679,0.14006484299898148,-0.13909520814195275,-0.034316033124923706
2026-04-23 07:43:12.700,3509414.5152351265,779161.6107071025,5250973.481620666,-78683.63957832138,38.9962218483891,0.13490389566868544,-0.11040469282306731,-0.04094954580068588
2026-04-23 07:43:12.800,3509414.53072344,779161.6003254518,5250973.480545452,-78688.61873838282,39.02285973959396,0.15488313511013985,-0.10381650645285845,-0.010752137750387192
2026-04-23 07:43:12.900,3509414.545858653,779161.5910474062,5250973.479248888,-78693.59370489499,39.04221116983906,0.15135212801396847,-0.09278045617975295,-0.012965640053153038
2026-04-23 07:43:13.000,3509414.5549504817,779161.5808923803,5250973.477588285,-78698.57186112006,39.059091252427734,0.0909182894974947,-0.10155025869607925,-0.016606030985713005
2026-04-23 07:43:13.100,3509414.570324203,779161.5701559202,5250973.47220743,-78703.5489173079,39.084280642082064,0.1537372125312686,-0.10736460098996758,-0.05380854941904545
2026-04-23 07:43:13.200,3509414.5811547525,779161.5617206054,5250973.4730081055,-78708.5250452641,39.113278381227005,0.10830549523234367,-0.0843531487043947,0.008006757125258446
2026-04-23 07:43:13.300,3509414.5904063648,779161.5491015313,5250973.467816926,-78713.50580623656,39.14695225761811,0.09251612238585949,-0.12619074084796011,-0.05191179923713207
2026-04-23 07:43:13.400,3509414.6033107764,779161.5388138319,5250973.464456931,-78718.47885466281,39.182673781996776,0.12904411647468805,-0.10287699406035244,-0.03359994851052761
2026-04-23 07:43:13.500,3509414.618356575,779161.5290198915,5250973.464297679,-78723.44780720035,39.20298354524019,0.15045798383653164,-0.09793940349482,-0.0015925150364637375
2026-04-23 07:43:13.600,3509414.6311007715,779161.5193771007,5250973.461538956,-78728.42130934523,39.23257150118444,0.12744196690618992,-0.09642790770158172,-0.02758723683655262
2026-04-23 07:43:13.700,3509414.641404152,779161.5079021055,5250973.456119307,-78733.39323272009,39.26356512079365,0.10303380433470011,-0.11474995291791856,-0.05419648252427578
2026-04-23 07:43:13.800,3509414.6565164933,779161.5001007364,5250973.455384379,-78738.36076322397,39.28205591133982,0.1511234138160944,-0.0780136906541884,-0.0073492806404829025
2026-04-23 07:43:13.900,3509414.6692367173,779161.4878353233,5250973.449936462,-78743.32773480784,39.303819704045516,0.12720223981887102,-0.1226541306823492,-0.05447917617857456
2026-04-23 07:43:14.000,3509414.6853483696,779161.4757550271,5250973.44308523,-78748.29432672368,39.324451154360794,0.16111652366816998,-0.12080296175554395,-0.06851231679320335
2026-04-23 07:43:14.100,3509414.6978066266,779161.4711302955,5250973.43768237,-78753.26049926913,39.33423578206375,0.12458256911486387,-0.04624731605872512,-0.054028602316975594
2026-04-23 07:43:14.200,3509414.7091190075,779161.4603485928,5250973.42999322,-78758.23051113717,39.362288325113035,0.11312380898743868,-0.10781702701933682,-0.07689150050282478
2026-04-23 07:43:14.300,3509414.7221418857,779161.4505294347,5250973.424826501,-78763.19937579926,39.41039243532308,0.1302287820726633,-0.09819158120080829,-0.05166718736290932
2026-04-23 07:43:14.400,3509414.7294783527,779161.4395543898,5250973.414068987,-78768.17059413098,39.48595748017417,0.07336467038840055,-0.1097504491917789,-0.10757514275610447
2026-04-23 07:43:14.500,3509414.7413775674,779161.4301588676,5250973.401713226,-78773.14149135893,39.50665817114881,0.11899214703589678,-0.09395522181876004,-0.12355760671198368
2026-04-23 07:43:14.600,3509414.7570956117,779161.4227116317,5250973.401141299,-78778.10361134555,39.50414900168756,0.15718044247478247,-0.07447235868312418,-0.005719270557165146
2026-04-23 07:43:14.700,3509414.771084222,779161.4129847976,5250973.398741275,-78783.07997181913,39.51066439561219,0.13988610357046127,-0.09726834134198725,-0.02400023862719536
2026-04-23 07:43:14.800,3509414.778656912,779161.4007100565,5250973.386506176,-78788.07342574651,39.54734033264553,0.07572690024971962,-0.12274741078726947,-0.12235099449753761
2026-04-23 07:43:14.900,3509414.7917438936,779161.3888368101,5250973.3784032585,-78793.05000513759,39.56651802907029,0.13086981605738401,-0.11873246403411031,-0.08102917112410069
2026-04-23 07:43:15.000,3509414.7962412713,779161.3831966574,5250973.369089339,-78798.02065390229,39.58043664961857,0.044973776675760746,-0.0564015272539109,-0.09313919581472874
2026-04-23 07:43:15.100,3509414.799881611,779161.3754057264,5250973.356936679,-78802.99119103505,39.60910110058999,0.03640339709818363,-0.07790931034833193,-0.12152659706771374
2026-04-23 07:43:15.200,3509414.802096236,779161.3688450145,5250973.338952396,-78807.97238286083,39.64219402924649,0.022146250121295452,-0.06560711888596416,-0.17984283156692982
2026-04-23 07:43:15.300,3509414.8034485965,779161.3623576459,5250973.328471063,-78812.94965226356,39.65168143030471,0.013523604720830917,-0.06487368606030941,-0.1048133336007595
2026-04-23 07:43:15.400,3509414.8065042817,779161.3529028796,5250973.31654008,-78817.92837116857,39.66266541702182,0.030556851997971535,-0.09454766288399696,-0.11930982582271099
2026-04-23 07:43:15.500,3509414.808300813,779161.3445967516,5250973.303171016,-78822.90843968756,39.68507321954338,0.01796531490981579,-0.08306127972900867,-0.1336906384676695
2026-04-23 07:43:15.600,3509414.8078203793,779161.3374493116,5250973.289004935,-78827.8903913109,39.71250267642409,-0.0048043392598629,-0.07147439988330007,-0.14166081324219704
2026-04-23 07:43:15.700,3509414.8039620994,779161.3328068691,5250973.272024369,-78832.87833915444,39.75515888535353,-0.03858279902487993,-0.046424425672739744,-0.16980566084384918
2026-04-23 07:43:15.800,3509414.799313404,779161.3288342095,5250973.253919929,-78837.87280976484,39.7903864130397,-0.04648695234209299,-0.03972659585997462,-0.18104439601302147
2026-04-23 07:43:15.900,3509414.794532067,779161.324354717,5250973.247075629,-78842.85397747451,39.79866559090178,-0.047813369892537594,-0.04479492432437837,-0.06844299845397472
2026-04-23 07:43:16.000,3509414.7875484517,779161.3199677095,5250973.234822637,-78847.84918090301,39.781345721973764,-0.06983615458011627,-0.04387007560580969,-0.12252992019057274
2026-04-23 07:43:16.100,3509414.7849230096,779161.313945055,5250973.21535495,-78852.84560365483,39.815787658819005,-0.02625442110002041,-0.06022654473781586,-0.19467687234282494
2026-04-23 07:43:16.200,3509414.783627651,779161.3085149311,5250973.196414568,-78857.83754804824,39.83816655592308,-0.01295358408242464,-0.05430123885162175,-0.18940381705760956
2026-04-23 07:43:16.300,3509414.776084949,779161.3010016428,5250973.17676847,-78862.82948468764,39.91189406645043,-0.07542702369391918,-0.07513288292102516,-0.19646098837256432
2026-04-23 07:43:16.400,3509414.768279136,779161.2992022706,5250973.16034258,-78867.82741040052,39.95414971924387,-0.07805812638252974,-0.017993722576647997,-0.16425889916718006
2026-04-23 07:43:16.500,3509414.761394974,779161.2971733725,5250973.145474231,-78872.83071781363,39.97012616322521,-0.06884162314236164,-0.020288981031626463,-0.14868348836898804
2026-04-23 07:43:16.600,3509414.752962481,779161.2986730696,5250973.135006985,-78877.83685257244,39.95354239982499,-0.0843249261379242,0.014996971003711224,-0.10467246174812317
2026-04-23 07:43:16.700,3509414.7429448515,779161.2963957177,5250973.125747278,-78882.84041646881,39.973752492092096,-0.10017629712820053,-0.022773519158363342,-0.09259706363081932
2026-04-23 07:43:16.800,3509414.7254286506,779161.2991190563,5250973.1617503045,-78887.81646783814,39.963325945774756,-0.1751620089635253,0.02723338664509356,0.3600302617996931
2026-04-23 07:43:16.900,3509414.7059486895,779161.2983501344,5250973.1522180075,-78892.82052297422,39.964990987242196,-0.1947996113449335,-0.0076892192009836435,-0.09532297030091286
2026-04-23 07:43:17.000,3509414.6896131905,779161.2964556537,5250973.127998898,-78897.83763539481,39.96410686049716,-0.1633549900725484,-0.018944806652143598,-0.24219109676778316
2026-04-23 07:43:17.100,3509414.682964395,779161.299958219,5250973.112103847,-78902.84937153029,39.9591007431572,-0.06648795679211617,0.03502565319649875,-0.15895050950348377
2026-04-23 07:43:17.200,3509414.6732085175,779161.3050472476,5250973.106020707,-78907.84929059634,39.971670735499124,-0.09755877312272787,0.050890285056084394,-0.060831401497125626
2026-04-23 07:43:17.300,3509414.645032097,779161.3056847085,5250973.083718984,-78912.86504439803,39.97802758433437,-0.28176420368254185,0.0063746096566319466,-0.22301722317934036
2026-04-23 07:43:17.400,3509413.8480455796,779161.5037664542,5250976.895106539,-78915.89353236159,45.25674099113856,-7.96986517496407,1.9808174564968795,38.11387554742396
2026-04-23 07:43:17.500,3509414.6486190925,779161.3059183542,5250972.882260138,-78922.97632415872,40.25441821433298,8.005735129117966,-1.9784809998236597,-40.1284640096128
2026-04-23 07:43:17.600,3509414.6231320556,779161.3106642475,5250972.932449936,-78927.94712420678,40.2091046765729,-0.25487036909908056,0.047458932967856526,0.5018979776650667
2026-04-23 07:43:17.700,3509413.3215497388,779162.09493256,5250973.090542554,-78933.7038643812,46.29120651608382,-13.015823168680072,7.842683125054464,1.5809261798858643
2026-04-23 07:43:17.800,3509413.2922652084,779162.0930387937,5250973.113015609,-78938.6997781092,46.29606914824396,-0.2928453031927347,-0.018937663407996297,0.22473054938018322
2026-04-23 07:43:17.900,3509412.996389148,779161.9612011513,5250977.148170425,-78941.24538163363,43.560002440766254,-2.958760606124997,-1.3183764240238816,40.35154815763235
2026-04-23 07:43:18.000,3509412.101798378,779162.4889269836,5250977.564057211,-78946.57264373178,53.57837442224076,-8.945907698944211,5.2772583230398595,4.158867867663503
2026-04-23 07:43:18.100,3509404.573736176,779165.5673490847,5250988.532583817,-78946.86333249873,34.80024940549672,-75.28062202036381,30.784221010981128,109.68526605516672
2026-04-23 07:43:18.200,3509404.5548237558,779165.5629949159,5250988.491841179,-78951.88289450074,34.9830935743553,-0.18912420142441988,-0.043541687773540616,-0.4074263758957386
2026-04-23 07:43:18.300,3509404.539340305,779165.5721833243,5250988.475867995,-78956.88576014004,35.06393928713479,-0.1548345061019063,0.09188408381305635,-0.15973184257745743
2026-04-23 07:43:18.400,3509404.5260721133,779165.5760481904,5250988.452814747,-78961.89087267953,35.15982233842801,-0.1326819183304906,0.03864866099320352,-0.23053248412907124
2026-04-23 07:43:18.500,3509404.5065872595,779165.5764902445,5250988.427356915,-78966.89514520732,35.32828715201389,-0.19484853837639093,0.004420541226863861,-0.25457832030951977
2026-04-23 07:43:18.600,3509404.486627041,779165.5835067638,5250988.417475212,-78971.89413918143,35.42363381017145,-0.1996021857485175,0.07016519317403436,-0.0988170225173235
2026-04-23 07:43:18.700,3509404.468632954,779165.5889855479,5250988.393643773,-78976.90288141723,35.52845638880505,-0.17994086723774672,0.054787840927019715,-0.23831439204514027
2026-04-23 07:43:18.800,3509404.4584544958,779165.5901098897,5250988.371050357,-78981.89746575092,35.62355116989592,-0.10178458411246538,0.011243418557569385,-0.22593416273593903
2026-04-23 07:43:18.900,3509404.4429600555,779165.58923548,5250988.34253137,-78986.9026402577,35.786239882684384,-0.15494440216571093,-0.008744098013266921,-0.28518986888229847
2026-04-23 07:43:19.000,3509404.422024534,779165.5979138702,5250988.336671338,-78991.9033752784,35.88590764800092,-0.20935521461069584,0.08678390295244753,-0.05860031582415104
2026-04-23 07:43:19.100,3509404.4040642385,779165.5966923364,5250988.30832192,-78996.91577333577,36.077925561988216,-0.17960295546799898,-0.01221533864736557,-0.28349418193101883
2026-04-23 07:43:19.200,3509404.386127177,779165.5958775677,5250988.282403134,-79001.91879983988,36.21561278154085,-0.17937061376869678,-0.008147687185555696,-0.2591878641396761
2026-04-23 07:43:19.300,3509404.3618722744,779165.6018932121,5250988.268174972,-79006.92050353815,36.31913965432774,-0.24254902731627226,0.06015644408762455,-0.14228161424398422
2026-04-23 07:43:19.400,3509404.336821716,779165.6126069672,5250988.247079677,-79011.92681427617,36.39048851919955,-0.25050558615475893,0.10713755153119564,-0.21095295436680317
2026-04-23 07:43:19.500,3509407.3406398953,779164.0809207514,5250985.563171148,-79017.06925120419,32.117368244098245,30.038181794807315,-15.316862157778814,-26.83908528648317
2026-04-23 07:43:19.600,3509407.306466315,779164.0920020754,5250985.555213542,-79022.068898551,32.13502125945194,-0.3417358035221696,0.11081323958933353,-0.07957606576383114
2026-04-23 07:43:19.700,3509407.2583438894,779164.1042557335,5250985.5438305065,-79027.0788602911,32.13191774390031,-0.4812242556363344,0.12253658147528768,-0.11383035220205784
2026-04-23 07:43:19.800,3509407.230308254,779164.1070488867,5250985.540967326,-79032.0712235822,32.21257429304534,-0.28035635594278574,0.027931531658396125,-0.02863180823624134
2026-04-23 07:43:19.900,3509407.215564769,779164.1140317471,5250985.52867555,-79037.06162965969,32.27371582451991,-0.14743484556674957,0.06982860388234258,-0.12291776016354561
2026-04-23 07:43:20.000,3509407.1940496415,779164.1244044545,5250985.527662026,-79042.05115652503,32.253145611718246,-0.2151512773707509,0.10372707387432456,-0.010135238990187645
2026-04-23 07:43:20.100,3509407.15028475,779164.1421939477,5250985.525007137,-79047.04550615836,32.249433592401125,-0.4376489156857133,0.17789493198506534,-0.02654888667166233
2026-04-23 07:43:20.200,3509407.105241102,779164.1580944667,5250985.550332785,-79052.02105958718,32.21582750716902,-0.4504364775493741,0.15900518978014588,0.2532564755529165
2026-04-23 07:43:20.300,3509407.0682360725,779164.168332496,5250985.552704444,-79057.01327965096,32.20399227712955,-0.3700502961874008,0.10238029295578599,0.023716595023870468
2026-04-23 07:43:20.400,3509407.037401378,779164.1801214865,5250985.528632461,-79062.01217268189,32.22056999755296,-0.30834694392979145,0.11788990581408143,-0.24071983061730862
2026-04-23 07:43:20.500,3509407.0053089946,779164.1939397703,5250985.5212059645,-79066.99920728001,32.20556172641831,-0.32092383597046137,0.1381828379817307,-0.07426496595144272
2026-04-23 07:43:20.600,3509406.971120986,779164.2097536443,5250985.542272619,-79071.97911277482,32.124460720828836,-0.341880084015429,0.15813873964361846,0.21066654473543167
2026-04-23 07:43:20.700,3509406.939561596,779164.222143319,5250985.558468958,-79076.95692942104,32.07792604500686,-0.31559390015900135,0.12389674666337669,0.16196339391171932
2026-04-23 07:43:20.800,3509406.9076912417,779164.2367585741,5250985.56444025,-79081.94328211993,32.04770269154983,-0.3187035443261266,0.14615255175158381,0.05971292033791542
2026-04-23 07:43:20.900,3509411.692488798,779162.5807144324,5250976.81477813,-79091.66711181818,45.56256906455641,47.84797556232661,-16.560441417386755,-87.49662120826542
2026-04-23 07:43:21.000,3509411.662533471,779162.5898920685,5250976.805438354,-79096.66232666206,45.59181417467486,-0.29955327045172453,0.09177636122331023,-0.09339775890111923
2026-04-23 07:43:21.100,3509411.635990079,779162.6084196068,5250976.825686469,-79101.64054248172,45.59393966800589,-0.265433918684721,0.1852753828279674,0.20248115062713623
2026-04-23 07:43:21.200,3509411.597698659,779162.6162639792,5250976.81738473,-79106.63621136121,45.596281051220686,-0.38291419856250286,0.07844372419640422,-0.08301738649606705
2026-04-23 07:43:21.300,3509411.57654118,779162.6334839417,5250976.818291676,-79111.61955355718,45.583732114651546,-0.21157479379326105,0.17219962435774505,0.00906946137547493
2026-04-23 07:43:21.400,3509411.5430787746,779162.6454079899,5250976.83392367,-79116.60009594935,45.54480074840503,-0.3346240520477295,0.11924048187211156,0.15631994232535362
2026-04-23 07:43:21.500,3509411.5122003066,779162.659472386,5250976.851236811,-79121.58368611638,45.49222907815819,-0.30878467950969934,0.14064396149478853,0.1731314044445753
2026-04-23 07:43:21.600,3509411.478381098,779162.6728739335,5250976.855684591,-79126.58201682518,45.496541599290744,-0.3381920885294676,0.13401547446846962,0.044477805495262146
2026-04-23 07:43:21.700,3509412.1911461023,779162.5053092785,5250973.253411337,-79133.44699157785,39.93779067472139,7.127650044858456,-1.6756465495564044,-36.022732546553016
2026-04-23 07:43:21.800,3509412.178629687,779162.5189109051,5250973.208325793,-79138.46590517784,39.96384847567165,-0.125164152123034,0.13601626618765295,-0.45085543766617775
2026-04-23 07:43:21.900,3509412.160825588,779162.5273741742,5250973.162945126,-79143.48252147644,40.05433418872413,-0.1780409924685955,0.08463269099593163,-0.45380666851997375
2026-04-23 07:43:22.000,3509412.1451414586,779162.5366110153,5250973.115473763,-79148.49951569912,40.1129060278154,-0.1568412920460105,0.09236841113306582,-0.47471363097429276
2026-04-23 07:43:22.100,3509412.1295848545,779162.5448122532,5250973.071049075,-79153.5091550737,40.18677652934962,-0.15556604135781527,0.08201237884350121,-0.44424688443541527
2026-04-23 07:43:22.200,3509412.1179298284,779162.5486589529,5250973.024526488,-79158.52036700379,40.26114214003497,-0.11655026115477085,0.038466997211799026,-0.4652258660644293
2026-04-23 07:43:22.300,3509412.112807007,779162.5565897264,5250972.989716281,-79163.52314165748,40.307138107923855,-0.051228213123977184,0.07930773426778615,-0.348102068528533
2026-04-23 07:43:22.400,3509412.1058339523,779162.5640457511,5250972.951213226,-79168.5158930886,40.38761391051671,-0.06973054725676775,0.07456024759449065,-0.38503055460751057
2026-04-23 07:43:22.500,3509412.0930559137,779162.5686875947,5250972.902832339,-79173.52461922483,40.45056884734084,-0.12778038624674082,0.04641843610443175,-0.48380887135863304
2026-04-23 07:43:22.600,3509412.0853030398,779162.5734432755,5250972.86685504,-79178.528970742,40.5268299747796,-0.07752873934805393,0.047556807985529304,-0.3597729839384556
2026-04-23 07:43:22.700,3509412.077658186,779162.5761516591,5250972.836763076,-79183.53142209018,40.60591066411671,-0.07644853554666042,0.027083836030215025,-0.300919646397233
2026-04-23 07:43:22.800,3509412.069445402,779162.5832565529,5250972.816139053,-79188.53302478854,40.64446367859891,-0.08212784305214882,0.07104893797077239,-0.2062402293086052
2026-04-23 07:43:22.900,3509412.0603148066,779162.5914077458,5250972.798541893,-79193.53292757116,40.66958244933108,-0.09130595251917839,0.08151192916557193,-0.1759715937077999
2026-04-23 07:43:23.000,3509412.05832185,779162.5941538085,5250972.783779298,-79198.5197998931,40.71657209536662,-0.019929567351937294,0.0274606270249933,-0.14762595295906067
2026-04-23 07:43:23.100,3509412.0511749103,779162.596226278,5250972.7609969685,-79203.51230124853,40.77095623214293,-0.07146939635276794,0.020724694477394223,-0.22782329469919205
2026-04-23 07:43:23.200,3509412.049583254,779162.6010806109,5250972.746089302,-79208.49991322674,40.813004520426745,-0.01591656357049942,0.04854332888498902,-0.14907666482031345
2026-04-23 07:43:23.300,3509412.0497041964,779162.6034395519,5250972.734860369,-79213.48851166615,40.839815742170515,0.0012094248086214066,0.023589410120621324,-0.11228932999074459
2026-04-23 07:43:23.400,3509412.047065391,779162.6067340451,5250972.719091454,-79218.47950535957,40.867257412329685,-0.02638805191963911,0.03294493188150227,-0.1576891541481018
2026-04-23 07:43:23.500,3509412.0456316643,779162.6126326452,5250972.708209562,-79223.46822059942,40.869175617020986,-0.01433726865798235,0.05898600094951689,-0.1088189147412777
2026-04-23 07:43:23.600,3509412.0460172724,779162.6194176985,5250972.702798304,-79228.45818777202,40.872903611872424,0.003856080584228039,0.06785053294152021,-0.05411257967352867
2026-04-23 07:43:23.700,3509412.04600101,779162.6247993872,5250972.693301904,-79233.444660862,40.865348735946974,-0.00016262289136648178,0.05381688708439469,-0.09496400132775307
2026-04-23 07:43:23.800,3509412.0461381064,779162.6296420894,5250972.6821398195,-79238.42942633393,40.89622729984578,0.0013709627091884613,0.04842702182941139,-0.11162084527313709
2026-04-23 07:43:23.900,3509412.0423102784,779162.6337622853,5250972.672380745,-79243.42342088702,40.930768625210085,-0.038278279826045036,0.04120195982977748,-0.09759074077010155
2026-04-23 07:43:24.000,3509412.042029824,779162.6404847738,5250972.661430357,-79248.41467775841,40.953055997205155,-0.0028045428916811943,0.06722488440573215,-0.10950388386845589
2026-04-23 07:43:24.100,3509412.046629731,779162.6483089323,5250972.657289155,-79253.39505714038,40.95863529940285,0.045999069698154926,0.0782415852881968,-0.04141202196478844
2026-04-23 07:43:24.200,3509412.044937208,779162.6530913846,5250972.649374709,-79258.37326729491,40.957600379498636,-0.016925232484936714,0.047824522480368614,-0.07914445362985134
2026-04-23 07:43:24.300,3509412.038152199,779162.657014417,5250972.641872196,-79263.36660761107,40.95731881327884,-0.06785009056329727,0.03923032432794571,-0.07502513006329536
2026-04-23 07:43:24.400,3509412.035333692,779162.6639188448,5250972.638148809,-79268.35139315292,40.95311395365585,-0.028185066767036915,0.06904427777044475,-0.037233876064419746
2026-04-23 07:43:24.500,3509412.0365212997,779162.6690636704,5250972.63739107,-79273.3286085267,40.95387189239875,0.011876076459884644,0.05144825670868158,-0.007577389478683472
2026-04-23 07:43:24.600,3509412.0302822,779162.6726781962,5250972.630790592,-79278.31170422927,40.96151956974802,-0.06239099893718958,0.03614525776356459,-0.06600477732717991
2026-04-23 07:43:24.700,3509412.031856056,779162.6790773922,5250972.62908873,-79283.29517078864,40.94405268569374,0.015738559886813164,0.06399195990525186,-0.017018625512719154
2026-04-23 07:43:24.800,3509412.023283752,779162.6827032887,5250972.657156244,-79288.27499964833,40.90212132547256,-0.0857230369001627,0.03625896526500583,0.28067514300346375
2026-04-23 07:43:24.900,3509412.0195155456,779162.6852659952,5250972.683568716,-79293.24586542317,40.8514193044191,-0.0376820657402277,0.025627064751461148,0.26412472128868103
2026-04-23 07:43:25.000,3509412.0166308815,779162.6885885105,5250972.708246613,-79298.21094941763,40.82069465121774,-0.028846641071140766,0.03322515287436545,0.2467789687216282
2026-04-23 07:43:25.100,3509412.0136445183,779162.6928677892,5250972.7333985595,-79303.1711288695,40.803975838629746,-0.02986363135278225,0.042792786844074726,0.2515194658190012
2026-04-23 07:43:25.200,3509412.010784963,779162.6954992417,5250972.752944335,-79308.14227254539,40.776085641650205,-0.02859555184841156,0.026314525166526437,0.19545775838196278
2026-04-23 07:43:25.300,3509412.0105091487,779162.7001321374,5250972.775351324,-79313.1271788945,40.72493473817723,-0.002758144401013851,0.04632895695976913,0.2240698877722025
2026-04-23 07:43:25.400,3509412.0136790466,779162.7038914481,5250972.799302422,-79318.0978828708,40.6868889292356,0.03169897943735123,0.03759310697205365,0.23951098322868347
2026-04-23 07:43:25.500,3509412.013676943,779162.7063913265,5250972.817067856,-79323.06483065108,40.65048522826769,-2.103857696056366e-05,0.024998784065246582,0.1776543352752924
2026-04-23 07:43:25.600,3509412.0156839904,779162.7060134248,5250972.833580734,-79328.03591541397,40.613657677832975,0.020070476457476616,-0.0037790171336382627,0.16512878239154816
2026-04-23 07:43:25.700,3509412.016998943,779162.7105701023,5250972.8528580265,-79333.00606860351,40.604386539981746,0.013149525038897991,0.04556677537038922,0.19277292303740978
2026-04-23 07:43:25.800,3509412.021569648,779162.7150336775,5250972.880225573,-79337.96183158952,40.58745217292878,0.04570704884827137,0.04463575198315084,0.27367546223104
2026-04-23 07:43:25.900,3509412.0247933636,779162.7169671884,5250972.89893062,-79342.92465909502,40.563303569817045,0.0322371581569314,0.019335108809173107,0.1870504766702652
2026-04-23 07:43:26.000,3509412.028231091,779162.7193692273,5250972.918973235,-79347.88457324941,40.549707897384906,0.03437727224081755,0.024020388955250382,0.2004261501133442
2026-04-23 07:43:26.100,3509412.034126101,779162.7213626242,5250972.938431618,-79352.84557146633,40.52973439965023,0.05895010195672512,0.01993396901525557,0.1945838239043951
2026-04-23 07:43:26.200,3509412.037335146,779162.7254990961,5250972.956345766,-79357.81775374983,40.50173745232882,0.0320904515683651,0.0413647189270705,0.17914148047566414
2026-04-23 07:43:26.300,3509412.041761863,779162.7285860017,5250972.972604129,-79362.79471910244,40.46750094435106,0.04426716826856136,0.030869055772200227,0.16258363611996174
2026-04-23 07:43:26.400,3509412.048090029,779162.729608741,5250972.99202359,-79367.7582275389,40.47259904320848,0.06328165996819735,0.010227393358945847,0.1941946055740118
2026-04-23 07:43:26.500,3509412.056399091,779162.7341847065,5250973.010751183,-79372.71980926994,40.428363412574264,0.08309062104672194,0.045759654603898525,0.1872759312391281
2026-04-23 07:43:26.600,3509412.05864572,779162.7390557989,5250973.026044735,-79377.68980423041,40.37952788283797,0.022466289810836315,0.04871092387475073,0.15293551608920097
2026-04-23 07:43:26.700,3509412.0654880167,779162.7432758021,5250973.043969586,-79382.65671262331,40.36571023444201,0.06842296570539474,0.042200032621622086,0.17924850806593895
2026-04-23 07:43:26.800,3509412.073709546,779162.7471719048,5250973.064468542,-79387.6225839164,40.36658387791886,0.08221529424190521,0.03896102658472955,0.20498956553637981
2026-04-23 07:43:26.900,3509412.08279324,779162.7509920498,5250973.083018482,-79392.58455596588,40.348476788753125,0.09083693847060204,0.03820145037025213,0.1854993961751461
2026-04-23 07:43:27.000,3509412.0888498984,779162.7540362946,5250973.097501836,-79397.55063569306,40.33006334090269,0.06056658457964659,0.03044244833290577,0.14483354054391384
2026-04-23 07:43:27.100,3509412.100567765,779162.757844866,5250973.114406422,-79402.51964577728,40.28582512890592,0.11717866640537977,0.03808571374975145,0.16904585994780064
2026-04-23 07:43:27.200,3509412.1088140793,779162.7619090091,5250973.131616923,-79407.48162352912,40.27494281257351,0.08246314246207476,0.04064143053255975,0.17210501246154308
2026-04-23 07:43:27.300,3509412.1195388576,779162.7664726904,5250973.151429486,-79412.4389919286,40.27444578152646,0.10724778287112713,0.045636813156306744,0.19812563434243202
2026-04-23 07:43:27.400,3509412.132200609,779162.7701400277,5250973.173570521,-79417.39449867458,40.25536521865151,0.12661751359701157,0.03667337354272604,0.22141034714877605
2026-04-23 07:43:27.500,3509412.1432874007,779162.7740161631,5250973.190868476,-79422.3543646404,40.23530097682086,0.11086791753768921,0.03876135335303843,0.17297955229878426
2026-04-23 07:43:27.600,3509412.156434609,779162.7788565223,5250973.212258167,-79427.31565921765,40.21866079842044,0.13147208373993635,0.0484035920817405,0.21389690227806568
2026-04-23 07:43:27.700,3509412.167494217,779162.781301773,5250973.227573779,-79432.28060888917,40.2208461607,0.11059607844799757,0.024452507495880127,0.1531561277806759
2026-04-23 07:43:27.800,3509412.1785008106,779162.7856852151,5250973.245829158,-79437.24127803407,40.2199244302074,0.11006593704223633,0.04383442108519375,0.18255379050970078
2026-04-23 07:43:27.900,3509412.1906435923,779162.789142784,5250973.263916224,-79442.19639753627,40.19067178119497,0.12142781633883715,0.03457568818703294,0.18087065778672695
2026-04-23 07:43:28.000,3509412.203253509,779162.7908146151,5250973.280263351,-79447.15422449689,40.1934493858192,0.12609916739165783,0.016718311235308647,0.163471270352602
2026-04-23 07:43:28.100,3509412.217305964,779162.7925719162,5250973.296897784,-79452.10963527091,40.19410195616796,0.14052454847842455,0.017573011573404074,0.1663443259894848
2026-04-23 07:43:28.200,3509412.2305640965,779162.7955135853,5250973.321802972,-79457.05906914549,40.20251912358967,0.13258132617920637,0.0294166908133775,0.24905188009142876
2026-04-23 07:43:28.300,3509412.241891508,779162.8000787842,5250973.339280132,-79462.0216983399,40.19211310773202,0.11327411513775587,0.0456519890576601,0.17477160319685936
2026-04-23 07:43:28.400,3509412.25733429,779162.803053698,5250973.357694128,-79466.97489667915,40.189202870287914,0.15442782081663609,0.029749138047918677,0.18413995392620564
2026-04-23 07:43:28.500,3509412.2724797856,779162.80246749,5250973.375781461,-79471.925979324,40.20101701806304,0.15145495533943176,-0.005862080724909902,0.1808733306825161
2026-04-23 07:43:28.600,3509412.2861302393,779162.8030053711,5250973.394443011,-79476.88368421557,40.2102338703484,0.1365045364946127,0.0053788116201758385,0.18661550246179104
2026-04-23 07:43:28.700,3509412.2978192726,779162.801962848,5250973.403774831,-79481.85223649093,40.2017462875173,0.1168903335928917,-0.010425230721011758,0.09331820532679558
2026-04-23 07:43:28.800,3509412.2926524826,779162.8153348448,5250973.441231684,-79486.81409427541,40.24931848879613,-0.0516678998246789,0.13371996697969735,0.3745685238391161
2026-04-23 07:43:28.900,3509412.6563461307,779162.5478721638,5250973.438474215,-79491.51353693899,47.940087324233126,3.636936480179429,-2.6746268093120307,-0.02757469192147255
2026-04-23 07:43:29.000,3509412.77379205,779162.4365104791,5250973.482747427,-79496.36506915488,40.12399840625671,1.1744591919705272,-1.1136168474331498,0.4427321255207062
2026-04-23 07:43:29.100,3509412.792991573,779162.4025506311,5250973.567598138,-79501.2635769854,40.05070417794439,0.19199523143470287,-0.33959847991354764,0.8485071081668139
2026-04-23 07:43:29.200,3509412.808038225,779162.3930203716,5250973.589552252,-79506.20096035987,40.1184318209728,0.150466519407928,-0.0953025952912867,0.21954113617539406
2026-04-23 07:43:29.300,3509412.8166068266,779162.3939995522,5250973.610460941,-79511.1525752335,40.14262393670109,0.08568601682782173,0.009791806805878878,0.20908689126372337
2026-04-23 07:43:29.400,3509412.831142119,779162.401677084,5250973.615988465,-79516.11186293761,40.15095340481091,0.14535292517393827,0.0767753180116415,0.055275242775678635
2026-04-23 07:43:29.500,3509412.505606274,779162.6093758487,5250973.661940852,-79521.28225787032,48.02989064481246,-3.255358450114727,2.076987646287307,0.45952387154102325
2026-04-23 07:43:29.600,3509412.5120469755,779162.6089418224,5250973.675074607,-79526.24923874627,48.03661655762984,0.06440701428800821,-0.004340262385085225,0.13133754953742027
2026-04-23 07:43:29.700,3509412.526790096,779162.6066065531,5250973.67695065,-79531.21782983991,48.02586565575587,0.14743120409548283,-0.02335269353352487,0.018760431557893753
2026-04-23 07:43:29.800,3509412.5292976443,779162.6070160188,5250973.687542316,-79536.18321659106,48.04366328589872,0.02507548313587904,0.004094657488167286,0.10591665282845497
2026-04-23 07:43:29.900,3509412.5300904126,779162.6099517253,5250973.694951958,-79541.15034555607,48.044718028735375,0.007927683182060719,0.02935706521384418,0.07409642450511456
2026-04-23 07:43:30.000,3509412.537964224,779162.6115386578,5250973.6968344385,-79546.12541261635,48.0194024051424,0.07873811293393373,0.015869324561208487,0.018824804574251175
2026-04-23 07:43:30.100,3509412.539876447,779162.610914153,5250973.701857972,-79551.10067521913,48.02624001428386,0.019122231751680374,-0.006245047552511096,0.050235334783792496
2026-04-23 07:43:30.200,3509412.544794455,779162.6076566237,5250973.7068105955,-79556.07143431818,48.04996485282546,0.049180081114172935,-0.03257529344409704,0.04952623508870602
2026-04-23 07:43:30.300,3509412.5829664087,779162.583732818,5250973.70756814,-79561.03012704449,40.031135429854935,0.3817195352166891,-0.23923805681988597,0.007575443014502525
2026-04-23 07:43:30.400,3509412.553835981,779162.5995436562,5250973.711994048,-79566.02231050243,48.05597388086734,-0.2913042763248086,0.15810838202014565,0.0442590843886137
2026-04-23 07:43:30.500,3509412.6106654317,779162.5670558362,5250973.706742067,-79570.95865491603,40.05385195771921,0.5682945065200329,-0.3248782001901418,-0.05251981317996979
2026-04-23 07:43:30.600,3509412.5822939076,779162.5851132685,5250973.720744195,-79575.94608190662,40.06548185738405,-0.28371524065732956,0.1805743225850165,0.1400212850421667
2026-04-23 07:43:30.700,3509412.5458825342,779162.6079119747,5250973.730362745,-79580.94843053738,40.056238643950515,-0.36411373410373926,0.2279870619531721,0.09618549607694149
2026-04-23 07:43:30.800,3509412.534768943,779162.608390146,5250973.7309737895,-79585.92888814834,40.07084739806007,-0.11113591026514769,0.004781713942065835,0.006110444664955139
2026-04-23 07:43:30.900,3509412.5759601886,779162.5817493636,5250973.729713457,-79590.86844827583,48.04648613855589,0.41191245429217815,-0.26640782481990755,-0.012603327631950378
2026-04-23 07:43:31.000,3509412.5830458505,779162.5778190595,5250973.734469384,-79595.82326266149,48.059961154596294,0.07085661869496107,-0.03930304083041847,0.04755927249789238
2026-04-23 07:43:31.100,3509412.5884802085,779162.5735230123,5250973.739172997,-79600.78665302199,48.03175943578941,0.05434358026832342,-0.04296047147363424,0.04703612998127937
2026-04-23 07:43:31.200,3509412.596561089,779162.5718604429,5250973.743659026,-79605.75006256785,48.021524769774054,0.08080880623310804,-0.016625694697722793,0.04486029036343098
2026-04-23 07:43:31.300,3509412.6039352617,779162.570851155,5250973.748818245,-79610.71635485749,47.994242966446336,0.07374172564595938,-0.010092878947034478,0.05159218795597553
2026-04-23 07:43:31.400,3509412.6110375645,779162.5642489718,5250973.749965796,-79615.683784713,47.962266725176086,0.07102302741259336,-0.06602183217182755,0.011475514620542526
2026-04-23 07:43:31.500,3509412.6182988207,779162.5595734175,5250973.74771236,-79620.65755364927,47.94159602534529,0.07261256221681833,-0.04675554228015244,-0.022534364834427834
2026-04-23 07:43:31.600,3509412.6223162212,779162.554935739,5250973.746509651,-79625.62891939007,47.91500576709718,0.040174005553126335,-0.04637678503058851,-0.012027090415358543
2026-04-23 07:43:31.700,3509412.6257858323,779162.5480984654,5250973.748491451,-79630.59233351985,47.86659649202328,0.034696110524237156,-0.06837273598648608,0.019818004220724106
2026-04-23 07:43:31.800,3509412.631462466,779162.5401386365,5250973.745844993,-79635.56011883279,47.866618822981636,0.056766336783766747,-0.0795982894487679,-0.026464583352208138
2026-04-23 07:43:31.900,3509412.639692772,779162.5324966086,5250973.744046981,-79640.53095757394,47.82462850348879,0.08230306208133698,-0.07642027921974659,-0.017980113625526428
2026-04-23 07:43:32.000,3509412.6413572095,779162.5267817443,5250973.74319054,-79645.50157377284,47.80788867095043,0.016644373536109924,-0.057148642372339964,-0.008564414456486702
2026-04-23 07:43:32.100,3509412.6429160503,779162.5194375719,5250973.746001881,-79650.47270324538,47.76531413794171,0.015588407404720783,-0.07344172452576458,0.028113406151533127
2026-04-23 07:43:32.200,3509412.6449481007,779162.5154173617,5250973.746034786,-79655.44389904462,47.7119810066833,0.02032050397247076,-0.04020210122689605,0.00032905489206314087
2026-04-23 07:43:32.300,3509412.6457711537,779162.508252929,5250973.742798715,-79660.41978479036,47.668264783801355,0.00823053065687418,-0.07164432783611119,-0.03236071206629276
2026-04-23 07:43:32.400,3509412.6437624395,779162.5022472332,5250973.740239884,-79665.39356275178,47.64493278011055,-0.02008714247494936,-0.06005695788189769,-0.02558831125497818
2026-04-23 07:43:32.500,3509412.6458590357,779162.4928837394,5250973.737353049,-79670.368339479,47.59772599468031,0.02096596173942089,-0.09363493765704334,-0.02886834554374218
2026-04-23 07:43:32.600,3509412.646803411,779162.4879716032,5250973.736321773,-79675.34193564158,47.57721536674485,0.009443755261600018,-0.04912136238999665,-0.010312758386135101
2026-04-23 07:43:32.700,3509412.647095616,779162.4789930449,5250973.729525954,-79680.31896240076,47.52120938131559,0.0029220478609204292,-0.08978558238595724,-0.06795818917453289
2026-04-23 07:43:32.800,3509412.655516431,779162.4686801507,5250973.724847951,-79685.28831853373,47.4751922744536,0.08420815225690603,-0.10312894242815673,-0.04678003489971161
2026-04-23 07:43:32.900,3509412.656683081,779162.460519841,5250973.720578858,-79690.26410111385,47.425099314381036,0.01166649628430605,-0.08160309633240104,-0.042690932750701904
2026-04-23 07:43:33.000,3509412.6592414347,779162.4539365955,5250973.719977186,-79695.23853689602,47.358638770622164,0.025583538226783276,-0.06583245587535203,-0.006016716361045837
2026-04-23 07:43:33.100,3509412.6585754715,779162.4475166989,5250973.71539619,-79700.21464235158,47.30505021759172,-0.006659631617367268,-0.06419896613806486,-0.04580995999276638
2026-04-23 07:43:33.200,3509412.6601873734,779162.4390513152,5250973.707855601,-79705.19030403736,47.25900269576867,0.016119019128382206,-0.08465383667498827,-0.07540589198470116
2026-04-23 07:43:33.300,3509412.6630812096,779162.4306547804,5250973.704810608,-79710.16219506811,47.22510567028262,0.02893836237490177,-0.08396534831263125,-0.03044992685317993
2026-04-23 07:43:33.400,3509412.661713695,779162.4225318604,5250973.696563077,-79715.14698447648,47.1636173950633,-0.013675144873559475,-0.08122919942252338,-0.08247531019151211
2026-04-23 07:43:33.500,3509412.662023749,779162.4142801906,5250973.6877577305,-79720.12351792454,47.1199022721358,0.0031005404889583588,-0.08251669816672802,-0.08805346675217152
2026-04-23 07:43:33.600,3509412.660915773,779162.4049947275,5250973.677253191,-79725.09452108698,47.09031278049729,-0.011079763062298298,-0.0928546313662082,-0.10504539124667645
2026-04-23 07:43:33.700,3509412.6576148877,779162.3973973675,5250973.668930342,-79730.06212154495,47.03702682469994,-0.033008852042257786,-0.07597359945066273,-0.08322848938405514
2026-04-23 07:43:33.800,3509412.661812432,779162.3910266788,5250973.668258087,-79735.02275139233,46.988409396350846,0.04197544418275356,-0.06370688672177494,-0.006722556427121162
2026-04-23 07:43:33.900,3509412.664200667,779162.3804730129,5250973.659601651,-79739.98394503642,46.96550171209706,0.023882347159087658,-0.10553665924817324,-0.08656435646116734
2026-04-23 07:43:34.000,3509412.6643303987,779162.373418032,5250973.654739442,-79744.94230751715,46.91342702454965,0.0012973183766007423,-0.07054980960674584,-0.04862208850681782
2026-04-23 07:43:34.100,3509412.6644604146,779162.3668929435,5250973.649784904,-79749.91237884412,46.85546222101401,0.0013001589104533195,-0.06525088450871408,-0.04954538308084011
2026-04-23 07:43:34.200,3509412.660067909,779162.3594768948,5250973.643247068,-79754.88103516184,46.80089526402797,-0.04392505623400211,-0.0741604866925627,-0.06537836045026779
2026-04-23 07:43:34.300,3509412.6598845054,779162.3510816261,5250973.637151834,-79759.84163055659,46.76495616425295,-0.0018340349197387695,-0.08395268698222935,-0.06095234304666519
2026-04-23 07:43:34.400,3509412.66053495,779162.3443561008,5250973.630784625,-79764.80243948693,46.719550110804036,0.00650444533675909,-0.06725525367073715,-0.06367208436131477
2026-04-23 07:43:34.500,3509412.6586296856,779162.3351768652,5250973.624012416,-79769.76188960824,46.68733467357082,-0.019052643328905106,-0.09179235552437603,-0.06772208958864212
2026-04-23 07:43:34.600,3509412.6602512766,779162.3272997428,5250973.623431953,-79774.71723581036,46.62335648833125,0.016215909272432327,-0.07877122377976775,-0.005804635584354401
2026-04-23 07:43:34.700,3509412.6619488904,779162.3221252238,5250973.617399888,-79779.68377395617,46.565893706247365,0.016976138576865196,-0.051745190285146236,-0.060320645570755005
2026-04-23 07:43:34.800,3509412.6647419715,779162.3119644357,5250973.609257604,-79784.6552528655,46.51066069564177,0.027930811047554016,-0.10160788078792393,-0.08142284117639065
2026-04-23 07:43:34.900,3509412.6669813176,779162.3052796668,5250973.604491817,-79789.61478389759,46.4552431971162,0.022393460385501385,-0.06684768944978714,-0.04765787161886692
2026-04-23 07:43:35.000,3509412.6701307893,779162.301085038,5250973.605971728,-79794.56776003637,46.42121241019341,0.03149471711367369,-0.04194628796540201,0.014799116179347038
2026-04-23 07:43:35.100,3509412.6733774673,779162.2979849641,5250973.604120645,-79799.51741833481,46.366746235774556,0.03246678039431572,-0.031000738963484764,-0.018510837107896805
2026-04-23 07:43:35.200,3509412.6794555453,779162.2938193729,5250973.6011590175,-79804.47034137005,46.30783850013205,0.0607807794585824,-0.041655912064015865,-0.02961627207696438
2026-04-23 07:43:35.300,3509412.678049993,779162.2874472223,5250973.5937634045,-79809.44114751229,46.24410422704817,-0.014055524952709675,-0.06372150615788996,-0.07395613007247448
2026-04-23 07:43:35.400,3509412.6807704037,779162.2829705594,5250973.5898197945,-79814.4126568377,46.197990188529374,0.027204109355807304,-0.044766628416255116,-0.039436100050807
2026-04-23 07:43:35.500,3509412.6823885627,779162.279038467,5250973.581391427,-79819.38806917644,46.16216859028772,0.016181590035557747,-0.03932092455215752,-0.08428367786109447
2026-04-23 07:43:35.600,3509412.6846250505,779162.2703057579,5250973.573822012,-79824.35822898604,46.11915709153598,0.022364878095686436,-0.08732709102332592,-0.0756941456347704
2026-04-23 07:43:35.700,3509412.6888273777,779162.2671180688,5250973.568699296,-79829.31617817243,46.04776348922467,0.04202327225357294,-0.03187689115293324,-0.05122716538608074
2026-04-23 07:43:35.800,3509412.691267156,779162.2636127289,5250973.563669553,-79834.28958204285,45.97537116674961,0.02439778298139572,-0.035053398460149765,-0.05029742605984211
2026-04-23 07:43:35.900,3509412.6964676348,779162.2586965217,5250973.555990263,-79839.25747598498,45.920743921463206,0.052004787139594555,-0.04916207166388631,-0.07679290138185024
2026-04-23 07:43:36.000,3509412.7001519958,779162.2537042724,5250973.550234964,-79844.21876493738,45.859145994348886,0.03684360999614,-0.04992249305360019,-0.05755298770964146
2026-04-23 07:43:36.100,3509412.7025840804,779162.247813887,5250973.542917566,-79849.18580655246,45.780157712788096,0.024320846423506737,-0.05890385480597615,-0.07317397743463516
2026-04-23 07:43:36.200,3509412.701204103,779162.2393436086,5250973.52433726,-79854.1644295365,45.72880617297578,-0.013799774460494518,-0.0847027834970504,-0.18580306321382523
2026-04-23 07:43:36.300,3509412.70533315,779162.2337261916,5250973.515754557,-79859.12513935863,45.68319225847891,0.0412904703989625,-0.05617417045868933,-0.08582702837884426
2026-04-23 07:43:36.400,3509412.708083352,779162.2302776969,5250973.507625871,-79864.08297973515,45.61822445675576,0.027502020820975304,-0.034484947100281715,-0.08128685876727104
2026-04-23 07:43:36.500,3509412.7070159162,779162.2255510135,5250973.49713263,-79869.04958108034,45.54426479157815,-0.01067435834556818,-0.047266833717003465,-0.10493241250514984
2026-04-23 07:43:36.600,3509412.708960345,779162.2199468809,5250973.4861059375,-79874.01658903288,45.502840261485304,0.01944428775459528,-0.05604132544249296,-0.1102669257670641
2026-04-23 07:43:36.700,3509412.710462124,779162.21537026,5250973.476012123,-79878.9781993599,45.443843359695464,0.015017790719866753,-0.0457662099506706,-0.10093814693391323
2026-04-23 07:43:36.800,3509412.712090163,779162.2111226076,5250973.468913092,-79883.93682662239,45.39272266402644,0.01628038939088583,-0.04247652366757393,-0.07099030539393425
2026-04-23 07:43:36.900,3509412.7123494875,779162.208286222,5250973.4599665785,-79888.89400544879,45.35135832950215,0.0025932444259524345,-0.028363856254145503,-0.08946513757109642
2026-04-23 07:43:37.000,3509412.7141951784,779162.2037192568,5250973.450553401,-79893.85623857062,45.291345194126265,0.018456908874213696,-0.045669651590287685,-0.09413177147507668
2026-04-23 07:43:37.100,3509412.715553488,779162.1976971122,5250973.4401407745,-79898.82464238963,45.245400224752224,0.013583097606897354,-0.06022144574671984,-0.10412626899778843
2026-04-23 07:43:37.200,3509412.715545951,779162.1951583631,5250973.433880878,-79903.7791020481,45.18333520239816,-7.537193596363068e-05,-0.025387491332367063,-0.06259896792471409
2026-04-23 07:43:37.300,3509412.713921843,779162.1928544011,5250973.421334227,-79908.7315263828,45.14203890052504,-0.01624107826501131,-0.02303962013684213,-0.1254665106534958
2026-04-23 07:43:37.400,3509412.7152321795,779162.1874679349,5250973.410500434,-79913.68365132879,45.085647105640916,0.013103364035487175,-0.05386466160416603,-0.10833792388439178
2026-04-23 07:43:37.500,3509412.716689918,779162.1825607634,5250973.40093089,-79918.63575452393,45.03904376416577,0.014577386900782585,-0.049071714747697115,-0.09569544345140457
2026-04-23 07:43:37.600,3509412.7193087917,779162.1766111617,5250973.390894829,-79923.5954045006,45.00627839329662,0.02618873491883278,-0.05949601763859391,-0.10036060586571693
2026-04-23 07:43:37.700,3509412.7183411852,779162.1753059833,5250973.3769986015,-79928.55595025537,44.95572587164527,-0.009676064364612103,-0.013051783898845315,-0.13896227814257145
2026-04-23 07:43:37.800,3509412.7191351294,779162.1759935822,5250973.360117141,-79933.51324884882,44.916262893999956,0.007939441129565239,0.006875989492982626,-0.16881460323929787
2026-04-23 07:43:37.900,3509412.722560772,779162.1725815302,5250973.341941055,-79938.48207121012,44.86553213828826,0.034256428480148315,-0.03412052057683468,-0.18176086246967316
2026-04-23 07:43:38.000,3509412.7214832418,779162.1709806693,5250973.334733564,-79943.4557002538,44.809203876630484,-0.010775304399430752,-0.016008608508855104,-0.07207490503787994
2026-04-23 07:43:38.100,3509412.72114681,779162.1671152564,5250973.3226488745,-79948.42484669376,44.771673126723215,-0.0033643189817667007,-0.03865412902086973,-0.12084689922630787
2026-04-23 07:43:38.200,3509412.722497563,779162.1619340462,5250973.310948682,-79953.38503509366,44.72676041647853,0.013507530093193054,-0.051812102319672704,-0.11700192466378212
2026-04-23 07:43:38.300,3509412.7217132766,779162.1592537848,5250973.29894925,-79958.3513415937,44.66986372424662,-0.007842862978577614,-0.026802613865584135,-0.11999431997537613
2026-04-23 07:43:38.400,3509412.721317834,779162.1552811358,5250973.283933182,-79963.32699859327,44.63663922516861,-0.00395442359149456,-0.03972648992203176,-0.15016067773103714
2026-04-23 07:43:38.500,3509412.721134735,779162.1519936759,5250973.27118544,-79968.29317274266,44.603976454528734,-0.00183099415153265,-0.03287459956482053,-0.12747742235660553
2026-04-23 07:43:38.600,3509412.722019959,779162.1474395192,5250973.260161093,-79973.25216168625,44.55236403601235,0.008852239698171616,-0.04554156679660082,-0.11024346575140953
2026-04-23 07:43:38.700,3509412.721567576,779162.1439505866,5250973.249593146,-79978.21920530447,44.513597110394606,-0.004523829557001591,-0.03488932619802654,-0.10567947290837765
2026-04-23 07:43:38.800,3509412.722456639,779162.1414708693,5250973.241695332,-79983.18576977817,44.4689351753001,0.008890633471310139,-0.02479717251844704,-0.07897813804447651
2026-04-23 07:43:38.900,3509412.7238802537,779162.1401143076,5250973.234230123,-79988.15069253369,44.41960792436607,0.0142361456528306,-0.013565616682171822,-0.07465208880603313
2026-04-23 07:43:39.000,3509412.724123019,779162.138250947,5250973.226240763,-79993.11196774199,44.36713773503184,0.0024276506155729294,-0.018633606377989054,-0.07989360019564629
2026-04-23 07:43:39.100,3509412.7261374677,779162.1358851265,5250973.218798579,-79998.06795086729,44.326017077997335,0.020144488662481308,-0.023658204590901732,-0.0744218472391367
2026-04-23 07:43:39.200,3509412.730283129,779162.1367296805,5250973.216319366,-80003.02498310189,44.27527261349776,0.041456613689661026,0.008445539278909564,-0.024792123585939407
2026-04-23 07:43:39.300,3509412.730718907,779162.1335367075,5250973.203202907,-80007.98206436165,44.25746673936553,0.004357779398560524,-0.03192972973920405,-0.13116459362208843
2026-04-23 07:43:39.400,3509412.7337128557,779162.1347429686,5250973.1982609555,-80012.92596781967,44.21791936747163,0.02993948757648468,0.012062611058354378,-0.04941951483488083
2026-04-23 07:43:39.500,3509412.735819791,779162.1345274533,5250973.1954948325,-80017.87110341356,44.17659258392288,0.021069352515041828,-0.00215515261515975,-0.02766123041510582
2026-04-23 07:43:39.600,3509412.744422195,779162.1343493506,5250973.197194584,-80022.82328946996,44.12785130566457,0.08602404035627842,-0.0017810275312513113,0.01699751242995262
2026-04-23 07:43:39.700,3509412.7435261724,779162.1313946077,5250973.187145433,-80027.7806276655,44.11353009290841,-0.00896022655069828,-0.029547428712248802,-0.10049150325357914
2026-04-23 07:43:39.800,3509412.7470048605,779162.1313565522,5250973.185335357,-80032.7379287829,44.081138020483614,0.034786881878972054,-0.0003805547021329403,-0.018100766465067863
2026-04-23 07:43:39.900,3509412.7485602912,779162.1295154399,5250973.176583026,-80037.69649134009,44.0618231506884,0.015554307028651237,-0.01841112389229238,-0.08752331137657166
2026-04-23 07:43:40.000,3509412.748737994,779162.1287522753,5250973.173809896,-80042.6591018439,44.02168875834619,0.001777028664946556,-0.007631646003574133,-0.027731293812394142
2026-04-23 07:43:40.100,3509412.7525237873,779162.1276852433,5250973.170343241,-80047.61712121988,43.99889289687492,0.03785793203860521,-0.010670319898054004,-0.034666555002331734
2026-04-23 07:43:40.200,3509412.755727291,779162.1269020642,5250973.17094183,-80052.57049702549,43.97790235042816,0.032035037875175476,-0.007831790717318654,0.005985889583826065
2026-04-23 07:43:40.300,3509412.755271518,779162.1268440061,5250973.164005831,-80057.53220865999,43.95744517083808,-0.004557729698717594,-0.000580580672249198,-0.06935998797416687
2026-04-23 07:43:40.400,3509412.757843908,779162.1288021078,5250973.1664714,-80062.48373541379,43.940726694637554,0.025723897852003574,0.019581016385927796,0.024655694141983986
2026-04-23 07:43:40.500,3509412.7623924683,779162.128403991,5250973.164814271,-80067.43601628004,43.92371526216781,0.045485603623092175,-0.003981167683377862,-0.016571292653679848
2026-04-23 07:43:40.600,3509412.7619150905,779162.1295155796,5250973.1640629815,-80072.38930852707,43.88563033699781,-0.004773777909576893,0.011115885572507977,-0.00751289539039135
2026-04-23 07:43:40.700,3509412.7604293847,779162.1278520165,5250973.15940051,-80077.34046888154,43.85060493752871,-0.01485705841332674,-0.01663563074544072,-0.046624718233942986
2026-04-23 07:43:40.800,3509412.7636962514,779162.1293778503,5250973.162752389,-80082.28757528133,43.82166765198831,0.03266866784542799,0.01525833853520453,0.03351879306137562
2026-04-23 07:43:40.900,3509412.765204619,779162.1309173431,5250973.163577161,-80087.2344115579,43.807220697525736,0.015083677135407925,0.015394927468150854,0.008247718214988708
2026-04-23 07:43:41.000,3509412.768050187,779162.1328558484,5250973.1634315085,-80092.18615539097,43.762800608405925,0.02845567651093006,0.0193850533105433,-0.0014565233141183853
2026-04-23 07:43:41.100,3509412.76568101,779162.1337217676,5250973.162080151,-80097.14905542498,43.733761242694555,-0.02369176596403122,0.008659191662445664,-0.013513574376702309
2026-04-23 07:43:41.200,3509412.768495983,779162.1313754792,5250973.1599393245,-80102.10204132901,43.7209357196131,0.02814972773194313,-0.02346288412809372,-0.021408265456557274
2026-04-23 07:43:41.300,3509412.7730531413,779162.1307676677,5250973.163821838,-80107.05423987209,43.6864195253074,0.045571583323180676,-0.006078114965930581,0.03882513381540775
2026-04-23 07:43:41.400,3509412.7818774953,779162.1332646781,5250973.1686921995,-80112.00131434917,43.65371722721149,0.08824354037642479,0.0249701039865613,0.04870361648499966
2026-04-23 07:43:41.500,3509412.7901452295,779162.1358061067,5250973.174400545,-80116.94056110062,43.638053177468656,0.08267734199762344,0.025414286646991968,0.05708345212042332
2026-04-23 07:43:41.600,3509412.798058638,779162.138245269,5250973.180148642,-80121.87810417134,43.60857336439464,0.079134083352983,0.02439162228256464,0.05748096853494644
2026-04-23 07:43:41.700,3509412.8040249473,779162.1428471757,5250973.190790476,-80126.82328847615,43.57622773513693,0.05966309458017349,0.04601906752213836,0.10641834698617458
2026-04-23 07:43:41.800,3509412.810807264,779162.1448771553,5250973.195945123,-80131.77393693509,43.54480158035017,0.06782316602766514,0.020299796015024185,0.05154646933078766
2026-04-23 07:43:41.900,3509412.8156509497,779162.1480848511,5250973.2027259115,-80136.72188175117,43.490945935260115,0.048436857759952545,0.03207695786841214,0.0678078830242157
2026-04-23 07:43:42.000,3509412.817458281,779162.1498902153,5250973.204130927,-80141.67729209497,43.48183018845978,0.0180733110755682,0.01805364154279232,0.014050155878067017
2026-04-23 07:43:42.100,3509412.822686158,779162.1511275386,5250973.206700284,-80146.62682949501,43.46498422018544,0.05227877292782068,0.01237323391251266,0.02569356933236122
2026-04-23 07:43:42.200,3509412.825102044,779162.1570241291,5250973.212250878,-80151.57109971835,43.44679980362847,0.024158856831490993,0.05896590417250991,0.055505940690636635
2026-04-23 07:43:42.300,3509412.8305657166,779162.1598080924,5250973.216502443,-80156.5252487938,43.43845638122588,0.05463672801852226,0.027839633403345942,0.042515648528933525
2026-04-23 07:43:42.400,3509412.8359484654,779162.1612202491,5250973.224218417,-80161.48251176366,43.41752780301053,0.053827487863600254,0.014121567364782095,0.07715974003076553
2026-04-23 07:43:42.500,3509412.843822766,779162.1640664845,5250973.232498224,-80166.43887585755,43.38830986075416,0.07874300703406334,0.028462354093790054,0.08279806934297085
2026-04-23 07:43:42.600,3509412.8494732995,779162.167310724,5250973.236939812,-80171.38870880769,43.35948393875191,0.05650533363223076,0.03244239487685263,0.04441588185727596
2026-04-23 07:43:42.700,3509412.9247994735,779162.1305962345,5250973.235782591,-80176.28916611738,36.115041286010026,0.7532617403194308,-0.36714489571750164,-0.011572213843464851
2026-04-23 07:43:42.800,3509412.886132,779162.1576878951,5250973.244534555,-80181.26022896597,36.09487293814121,-0.3866747347638011,0.2709166065324098,0.08751964196562767
2026-04-23 07:43:42.900,3509412.8505975334,779162.1854230489,5250973.255628821,-80186.22670325017,36.0780113437955,-0.3553446661680937,0.2773515379521996,0.11094266548752785
2026-04-23 07:43:43.000,3509412.8174877744,779162.2066689797,5250973.26432799,-80191.17948051674,36.06526218573858,-0.33109758980572224,0.21245930809527636,0.0869916845113039
2026-04-23 07:43:43.100,3509412.775921663,779162.233312245,5250973.273742107,-80196.14153663313,36.04723061874695,-0.41566111613065004,0.2664326527155936,0.09414116851985455
2026-04-23 07:43:43.200,3509412.7437894205,779162.2564069428,5250973.282740715,-80201.10629420381,36.0202410990042,-0.3213224234059453,0.2309469785541296,0.08998608216643333
2026-04-23 07:43:43.300,3509412.7032045624,779162.2855119008,5250973.292184941,-80206.08092809483,36.01866173660144,-0.40584858041256666,0.291049579391256,0.09444225579500198
2026-04-23 07:43:43.400,3509412.6728775273,779162.3108118717,5250973.301286107,-80211.05411872556,36.00714975506494,-0.3032703511416912,0.2529997087549418,0.09101166389882565
2026-04-23 07:43:43.500,3509412.649961876,779162.331805964,5250973.312764583,-80216.02083337013,35.98959819114726,-0.22915651090443134,0.2099409233778715,0.11478476226329803
2026-04-23 07:43:43.600,3509412.898205562,779162.1856485036,5250973.284031704,-80220.828949764,43.08352859193898,2.4824368581175804,-1.4615746040362865,-0.2873287908732891
2026-04-23 07:43:43.700,3509412.9022536357,779162.1874311465,5250973.293690886,-80225.77703432404,43.01409761895265,0.04048073664307594,0.01782642910256982,0.09659182280302048
2026-04-23 07:43:43.800,3509412.3768446613,779162.5085600712,5250973.361015767,-80231.03077158978,36.100187283516206,-5.254089743830264,3.2112892472650856,0.6732488051056862
2026-04-23 07:43:43.900,3509412.378937468,779162.51679706,5250973.373730613,-80235.97068628974,36.05379042276878,0.020928066223859787,0.08236988796852529,0.12714846059679985
2026-04-23 07:43:44.000,3509412.915766567,779162.1913078246,5250973.305522252,-80240.60865437388,42.88895717697117,5.368290990591049,-3.254892354598269,-0.682083610445261
2026-04-23 07:43:44.100,3509412.117535755,779162.6780729209,5250973.414030348,-80246.02157153962,36.34999150022923,-7.982308119535446,4.867650963133201,1.085080960765481
2026-04-23 07:43:44.200,3509412.089962809,779162.6990785768,5250973.422934057,-80250.97627168027,36.36258314332288,-0.2757294615730643,0.2100565587170422,0.0890370924025774
2026-04-23 07:43:44.300,3509412.0678807665,779162.7126193935,5250973.428282403,-80255.93828653014,36.37420095249567,-0.22082042414695024,0.1354081672616303,0.05348346196115017
2026-04-23 07:43:44.400,3509412.0423038676,779162.730585232,5250973.437959497,-80260.8915522766,36.389882236046,-0.2557689882814884,0.17965838545933366,0.09677093476057053
2026-04-23 07:43:44.500,3509412.0241568703,779162.7464847661,5250973.447909108,-80265.8429881431,36.398936331132276,-0.18146997317671776,0.15899534104391932,0.09949611499905586
2026-04-23 07:43:44.600,3509412.9456616556,779162.1921054601,5250973.334965752,-80270.25506722262,42.64568928754737,9.215047853067517,-5.543793060351163,-1.1294335592538118
2026-04-23 07:43:44.700,3509412.947967779,779162.1886448624,5250973.3341385145,-80275.20427634912,42.62424006340936,0.023061232641339302,-0.03460597712546587,-0.008272379636764526
2026-04-23 07:43:44.800,3509412.954087218,779162.1861995114,5250973.335289666,-80280.14529595066,42.58830006915615,0.06119438912719488,-0.024453509831801057,0.01151151955127716
2026-04-23 07:43:44.900,3509412.9582637614,779162.1879723851,5250973.343057993,-80285.08966737342,42.56125024202947,0.041765435598790646,0.01772873685695231,0.07768326438963413
2026-04-23 07:43:45.000,3509412.968144979,779162.1907301374,5250973.357145466,-80290.02557214885,42.510449942748636,0.09881217498332262,0.02757752314209938,0.14087473042309284
2026-04-23 07:43:45.100,3509412.9769695182,779162.1948854591,5250973.36690144,-80294.9549025227,42.471401082377,0.08824539370834827,0.04155321745201945,0.0975597370415926
2026-04-23 07:43:45.200,3509412.9821994733,779162.1953249046,5250973.370714444,-80299.8845689985,42.446843381178574,0.052299550734460354,0.0043944548815488815,0.03813004121184349
2026-04-23 07:43:45.300,3509412.9891750524,779162.1994900572,5250973.378064964,-80304.82230488681,42.43254383225762,0.0697557907551527,0.041651525534689426,0.07350520230829716
2026-04-23 07:43:45.400,3509412.9973844932,779162.2015004355,5250973.385616359,-80309.76378468647,42.40078270629415,0.08209440857172012,0.020103782881051302,0.07551395334303379
2026-04-23 07:43:45.500,3509413.0053044152,779162.2031117314,5250973.395942633,-80314.699253647,42.36625385108365,0.0791992200538516,0.016112959710881114,0.10326273739337921
2026-04-23 07:43:45.600,3509413.0118462667,779162.2085255651,5250973.407662486,-80319.64067741665,42.32214132105895,0.06541851442307234,0.05413833656348288,0.11719852685928345
2026-04-23 07:43:45.700,3509413.0168267954,779162.2083912048,5250973.409086836,-80324.58323438949,42.30032145746629,0.04980528727173805,-0.001343602780252695,0.01424349844455719
2026-04-23 07:43:45.800,3509413.0216492205,779162.2107531779,5250973.41900232,-80329.52136880672,42.27933651918338,0.04822425078600645,0.02361973049119115,0.09915484115481377
2026-04-23 07:43:45.900,3509413.027664663,779162.2111524557,5250973.422019089,-80334.47155661226,42.253048321851495,0.060154423117637634,0.003992777783423662,0.03016768954694271
2026-04-23 07:43:46.000,3509413.0327166035,779162.2149282428,5250973.431181599,-80339.4176044464,42.221987237288474,0.05051940679550171,0.037757871905341744,0.09162510745227337
2026-04-23 07:43:46.100,3509413.040243484,779162.2168202454,5250973.438193408,-80344.35263672694,42.189153234481424,0.07526880595833063,0.018920025322586298,0.07011808454990387
2026-04-23 07:43:46.200,3509413.043570377,779162.217761955,5250973.440062255,-80349.29583281284,42.16690621069945,0.03326892852783203,0.00941709615290165,0.018688468262553215
2026-04-23 07:43:46.300,3509413.0502986256,779162.2230661152,5250973.448446523,-80354.2356835833,42.10488227351111,0.06728248670697212,0.05304160178638995,0.0838426873087883
2026-04-23 07:43:46.400,3509413.0531467614,779162.2229306262,5250973.449673177,-80359.18831732629,42.08567617505339,0.028481357730925083,-0.0013548892457038164,0.012266533449292183
2026-04-23 07:43:46.500,3509413.0624231687,779162.2264199815,5250973.455368024,-80364.13133248824,42.05766342033326,0.09276407305151224,0.034893552074208856,0.056948475539684296
2026-04-23 07:43:46.600,3509413.068584168,779162.2299361925,5250973.463579891,-80369.06194400917,42.024131707825184,0.06160999182611704,0.03516211058013141,0.08211866952478886
2026-04-23 07:43:46.700,3509413.067937237,779162.2313088273,5250973.463903368,-80373.99810740241,42.014948765292345,-0.006469306536018848,0.013726347824558616,0.0032347720116376877
2026-04-23 07:43:46.800,3509413.074424662,779162.2345256495,5250973.471777131,-80378.94715173733,41.98709493807117,0.06487424951046705,0.03216822165995836,0.07873762398958206
2026-04-23 07:43:46.900,3509413.081205288,779162.2381741148,5250973.479216849,-80383.89608710092,41.968867812928,0.067806257866323,0.036484653828665614,0.07439718581736088
2026-04-23 07:43:47.000,3509413.0849856315,779162.2401301228,5250973.481268077,-80388.83944604549,41.95568650163334,0.03780343569815159,0.019560079090297222,0.020512277260422707
2026-04-23 07:43:47.100,3509413.087991051,779162.2390640482,5250973.481019187,-80393.78189045271,41.9370387402577,0.030054193921387196,-0.010660745901986957,-0.0024889037013053894
2026-04-23 07:43:47.200,3509413.0915240645,779162.2425839823,5250973.488574318,-80398.7218915103,41.91598874258703,0.03533013630658388,0.035199341364204884,0.07555130869150162
2026-04-23 07:43:47.300,3509413.0998839396,779162.2452243246,5250973.4941259185,-80403.66639448355,41.90104844442974,0.08359875064343214,0.02640342339873314,0.05551600828766823
2026-04-23 07:43:47.400,3509413.102863919,779162.244808551,5250973.489247822,-80408.61621847365,41.885019674426935,0.02979979384690523,-0.004157735966145992,-0.04878096282482147
2026-04-23 07:43:47.500,3509413.1121781655,779162.2492039601,5250973.496893821,-80413.54788379472,41.86729964869959,0.09314246475696564,0.04395409021526575,0.0764599908143282
2026-04-23 07:43:47.600,3509413.112853872,779162.247826147,5250973.4953747075,-80418.49267021025,41.8487592858974,0.006757066585123539,-0.013778130523860455,-0.015191137790679932
2026-04-23 07:43:47.700,3509413.115465944,779162.2486743205,5250973.494395091,-80423.43789444283,41.852666891005136,0.02612072043120861,0.008481735130771995,-0.009796163067221642
2026-04-23 07:43:47.800,3509413.124331227,779162.2481829118,5250973.498496118,-80428.37444959581,41.855802290060204,0.08865282870829105,-0.004914087476208806,0.04101026803255081
2026-04-23 07:43:47.900,3509413.1431474374,779162.2530495273,5250973.507431919,-80433.30932477007,41.81191273238065,0.18816210329532623,0.04866615519858897,0.0893580075353384
2026-04-23 07:43:48.000,3509413.1594176977,779162.2552465472,5250973.516865439,-80438.24932828492,41.78823663826889,0.16270260326564312,0.021970198722556233,0.09433520026504993
2026-04-23 07:43:48.100,3509413.1542227557,779162.2524502347,5250973.507898744,-80443.20003154877,41.79000993539189,-0.051949420012533665,-0.02796312444843352,-0.08966694585978985
2026-04-23 07:43:48.200,3509413.1449843,779162.2478931384,5250973.502026218,-80448.14939216977,41.789995672136726,-0.09238455910235643,-0.04557096282951534,-0.05872526206076145
2026-04-23 07:43:48.300,3509413.144046475,779162.2477113825,5250973.5064902855,-80453.08002398018,41.78639486049393,-0.009378246031701565,-0.0018175598233938217,0.0446406751871109
2026-04-23 07:43:48.400,3509413.1485654344,779162.2456427545,5250973.506369734,-80458.00877474468,41.78907915214525,0.04518959205597639,-0.02068627974949777,-0.0012055132538080215
2026-04-23 07:43:48.500,3509413.1566358544,779162.2533165863,5250973.520440857,-80462.93635998428,41.777291009065024,0.08070420008152723,0.07673831772990525,0.14071122743189335
2026-04-23 07:43:48.600,3509413.1574555426,779162.2556921026,5250973.529795117,-80467.85594812798,41.75884376147705,0.008196881972253323,0.02375516341999173,0.09354259818792343
2026-04-23 07:43:48.700,3509413.1617213646,779162.2544742882,5250973.540728252,-80472.7782093847,41.74558013763881,0.042658220045268536,-0.012178143952041864,0.10933135636150837
2026-04-23 07:43:48.800,3509413.1666562045,779162.254704267,5250973.543916636,-80477.7012665201,41.726817835766965,0.04934839904308319,0.002299788175150752,0.03188383765518665
2026-04-23 07:43:48.900,3509413.163677747,779162.2533085208,5250973.54302136,-80482.63005750744,41.717323719711885,-0.029784576036036015,-0.013957462506368756,-0.008952757343649864
2026-04-23 07:43:49.000,3509413.159590894,779162.2487834635,5250973.545322737,-80487.56408825856,41.716867316946775,-0.04086853004992008,-0.045250572729855776,0.02301376312971115
2026-04-23 07:43:49.100,3509413.1486893278,779162.2484174956,5250973.548585014,-80492.49850640955,41.71513004761948,-0.10901566129177809,-0.0036596786230802536,0.03262277692556381
2026-04-23 07:43:49.200,3509413.1526333406,779162.2468189549,5250973.550508393,-80497.40880273042,41.708506355713,0.03944012802094221,-0.015985406935214996,0.019233785569667816
2026-04-23 07:43:49.300,3509413.1540704505,779162.2429183002,5250973.548494341,-80502.3191961713,41.70708525186741,0.014371098950505257,-0.03900654730387032,-0.020140521228313446
2026-04-23 07:43:49.400,3509413.1584785804,779162.2396582928,5250973.548065425,-80507.23925040454,41.685097082670325,0.04408129956573248,-0.03260007360950112,-0.0042891595512628555
2026-04-23 07:43:49.500,3509413.1578007075,779162.2402185465,5250973.553826774,-80512.16044495134,41.685306793631305,-0.006778729148209095,0.005602536257356405,0.05761348642408848
2026-04-23 07:43:49.600,3509413.7813651697,779162.8141980134,5250974.6832337845,-80516.1629676346,51.467061884000124,6.235644621774554,5.7397946692071855,11.294070109724998
2026-04-23 07:43:49.700,3509413.7770753247,779162.812322232,5250974.680031933,-80521.08237766172,51.48244583558869,-0.042898450046777725,-0.018757813377305865,-0.0320185162127018
2026-04-23 07:43:49.800,3509413.775694374,779162.8121806453,5250974.676941907,-80526.00572361027,51.46542945236361,-0.01380950678139925,-0.0014158675912767649,-0.0309002585709095
2026-04-23 07:43:49.900,3509413.7762045413,779162.8082543693,5250974.677577882,-80530.92362980789,51.46958365582431,0.0051016733050346375,-0.03926275996491313,0.006359750404953957
2026-04-23 07:43:50.000,3509413.77393954,779162.8061736852,5250974.684484439,-80535.83611034481,51.483457331079784,-0.02265001181513071,-0.020806840620934963,0.06906556896865368
2026-04-23 07:43:50.100,3509413.775519721,779162.8034332435,5250974.688242826,-80540.7643256592,51.48405296958989,0.015801810659468174,-0.027404417051002383,0.03758386708796024
2026-04-23 07:43:50.200,3509413.770135159,779162.7994383593,5250974.690542447,-80545.69414525302,51.49471493761442,-0.05384562071412802,-0.03994884202256799,0.022996217012405396
2026-04-23 07:43:50.300,3509413.769774962,779162.7991750801,5250974.689238089,-80550.62666727837,51.52053086402861,-0.0036019692197442055,-0.0026327918749302626,-0.013043582439422607
2026-04-23 07:43:50.400,3509413.773588358,779162.8007025424,5250974.692678581,-80555.55734244204,51.481645027383024,0.03813395742326975,0.015274622710421681,0.03440491855144501
2026-04-23 07:43:50.500,3509413.7754700747,779162.8010645808,5250974.698892819,-80560.47725213424,51.4723437324377,0.018817167729139328,0.00362038379535079,0.062142377719283104
2026-04-23 07:43:50.600,3509413.778042799,779162.8006083323,5250974.704065344,-80565.391842645,51.48780917183237,0.025727241300046444,-0.0045624852646142244,0.05172525532543659
2026-04-23 07:43:50.700,3509413.7756264987,779162.8005534906,5250974.708457426,-80570.31039559316,51.49418577915414,-0.024163001216948032,-0.0005484162829816341,0.04392081871628761
2026-04-23 07:43:50.800,3509413.7733884114,779162.8021787406,5250974.709905863,-80575.23514759999,51.489050249447395,-0.022380873560905457,0.01625249977223575,0.014484366402029991
2026-04-23 07:43:50.900,3509413.7718630033,779162.8026151296,5250974.711593765,-80580.1700893431,51.524717031804435,-0.015254081226885319,0.00436389003880322,0.016879020258784294
2026-04-23 07:43:51.000,3509413.772199255,779162.8032455777,5250974.715918789,-80585.09696941281,51.52895054966283,0.00336251687258482,0.006304481066763401,0.04325023852288723
2026-04-23 07:43:51.100,3509413.7731330693,779162.8061593252,5250974.723872597,-80590.01661722118,51.509394463858605,0.009338143281638622,0.029137474484741688,0.07953808642923832
2026-04-23 07:43:51.200,3509413.773957147,779162.8060972479,5250974.7254411625,-80594.9454745626,51.5027144572428,0.00824077520519495,-0.0006207730621099472,0.01568565145134926
2026-04-23 07:43:51.300,3509413.7721629688,779162.8060556644,5250974.73236027,-80599.87542032344,51.51835700252354,-0.017941780388355255,-0.0004158343654125929,0.06919107399880886
2026-04-23 07:43:51.400,3509413.7713124007,779162.8068405782,5250974.733782797,-80604.8031614435,51.54222730315856,-0.008505680598318577,0.007849137764424086,0.014225272461771965
2026-04-23 07:43:51.500,3509413.770977285,779162.807015349,5250974.73739958,-80609.73425417738,51.559058984894406,-0.003351154737174511,0.0017477083019912243,0.03616782836616039
2026-04-23 07:43:51.600,3509413.7712264135,779162.8068800386,5250974.740353218,-80614.66574344528,51.58293071645609,0.002491283230483532,-0.0013531045988202095,0.029536383226513863
2026-04-23 07:43:51.700,3509413.7694040234,779162.808641987,5250974.739866853,-80619.59192594363,51.60291302395572,-0.01822390127927065,0.017619484569877386,-0.00486365519464016
2026-04-23 07:43:51.800,3509413.7712284774,779162.810667114,5250974.742554714,-80624.5107647861,51.604506475756246,0.018244539387524128,0.020251269452273846,0.026878612115979195
2026-04-23 07:43:51.900,3509413.7688990175,779162.809088432,5250974.742253521,-80629.44296910745,51.63439700178514,-0.023294598795473576,-0.01578681985847652,-0.003011925145983696
2026-04-23 07:43:52.000,3509413.766022721,779162.8082601584,5250974.744620542,-80634.3810851209,51.65139044182324,-0.02876296639442444,-0.00828273594379425,0.02367020584642887
2026-04-23 07:43:52.100,3509413.7660612552,779162.807292662,5250974.747111465,-80639.31339610813,51.68624555944746,0.0003853440284729004,-0.009674964239820838,0.024909228086471558
2026-04-23 07:43:52.200,3509413.7687825034,779162.8101323537,5250974.751086936,-80644.23955807743,51.68660124252547,0.027212481945753098,0.028396917041391134,0.0397547148168087
2026-04-23 07:43:52.300,3509413.765068251,779162.8083406857,5250974.755476185,-80649.16321674532,51.72779119921286,-0.037142522633075714,-0.01791668008081615,0.04389248788356781
2026-04-23 07:43:52.400,3509413.7602034863,779162.8058777842,5250974.7538695065,-80654.08906442388,51.777744325188074,-0.04864764865487814,-0.024629015242680907,-0.016066785901784897
2026-04-23 07:43:52.500,3509413.7575238305,779162.8060059997,5250974.754172362,-80659.00225361245,51.817406171795966,-0.026796557940542698,0.001282155280932784,0.0030285585671663284
2026-04-23 07:43:52.600,3509413.755737109,779162.8088613872,5250974.758937423,-80663.920578905,51.820839618349794,-0.017867214046418667,0.028553875163197517,0.04765060730278492
2026-04-23 07:43:52.700,3509413.755894907,779162.8065281474,5250974.761591473,-80668.8389816031,51.832955955315086,0.0015779770910739899,-0.023332397686317563,0.026540495455265045
2026-04-23 07:43:52.800,3509413.749755332,779162.804635497,5250974.760304254,-80673.75622127569,51.86165004824707,-0.061395750381052494,-0.018926503835245967,-0.012872191146016121
2026-04-23 07:43:52.900,3509413.744241312,779162.8047638985,5250974.7628429,-80678.66943561242,51.90485393489874,-0.05514019634574652,0.0012840144336223602,0.025386465713381767
2026-04-23 07:43:53.000,3509413.738316006,779162.8038312551,5250974.765395018,-80683.57880834582,51.94545202838067,-0.059253061190247536,-0.00932643422856927,0.025521181523799896
2026-04-23 07:43:53.100,3509413.734804392,779162.8035315794,5250974.767476733,-80688.49043456523,51.983323913054186,-0.03511614166200161,-0.0029967562295496464,0.020817145705223083
2026-04-23 07:43:53.200,3509413.7315425957,779162.8019071313,5250974.771177584,-80693.4032088741,51.99741306986075,-0.03261796198785305,-0.016244481084868312,0.03700851462781429
2026-04-23 07:43:53.300,3509413.7286874927,779162.800286112,5250974.770529159,-80698.31647267628,52.03590843947045,-0.028551029972732067,-0.016210193280130625,-0.006484249606728554
2026-04-23 07:43:53.400,3509413.722994384,779162.8004772757,5250974.771820094,-80703.229610621,52.058013637468655,-0.056931087747216225,0.0019116373732686043,0.012909350916743279
2026-04-23 07:43:53.500,3509413.7182545597,779162.7994232421,5250974.774216859,-80708.14307714222,52.105384556609444,-0.04739824216812849,-0.01054033637046814,0.023967642337083817
2026-04-23 07:43:53.600,3509413.717829907,779162.7995996965,5250974.775903092,-80713.05095143958,52.138670134169736,-0.004246528260409832,0.0017645442858338356,0.016862330958247185
2026-04-23 07:43:53.700,3509413.7146709966,779162.7995005869,5250974.77822744,-80717.95908303598,52.15732395710362,-0.03158910199999809,-0.0009910960216075182,0.023243483155965805
2026-04-23 07:43:53.800,3509413.712224711,779162.7987094078,5250974.782280764,-80722.86488236711,52.185334548280174,-0.024462854489684105,-0.007911791326478124,0.04053323529660702
2026-04-23 07:43:53.900,3509413.707077467,779162.7972011539,5250974.782636527,-80727.78391122847,52.270194361128226,-0.05147244315594435,-0.015082538593560457,0.0035576336085796356
2026-04-23 07:43:54.000,3509413.7051753877,779162.7970460107,5250974.786717251,-80732.69919485974,52.29987967894416,-0.019020792096853256,-0.0015514320693910122,0.04080723971128464
2026-04-23 07:43:54.100,3509413.7019860903,779162.7968578197,5250974.79237409,-80737.60768532481,52.32025902684963,-0.03189297392964363,-0.0018819107208400965,0.05656839348375797
2026-04-23 07:43:54.200,3509413.6997815967,779162.7957480546,5250974.793407635,-80742.5143411579,52.36229328732412,-0.022044936195015907,-0.011097650276497006,0.010335445404052734
2026-04-23 07:43:54.300,3509413.6999931247,779162.795822468,5250974.798151413,-80747.41293167426,52.40773678958997,0.002115280367434025,0.000744133722037077,0.04743778146803379
2026-04-23 07:43:54.400,3509413.6950071934,779162.7943800907,5250974.79879562,-80752.32866546782,52.43929270401696,-0.049859313294291496,-0.01442377339117229,0.006442070007324219
2026-04-23 07:43:54.500,3509413.696076956,779162.792987811,5250974.802656343,-80757.24196329303,52.48382457519026,0.010697627440094948,-0.013922796351835132,0.03860723227262497
2026-04-23 07:43:54.600,3509413.6920488602,779162.7904153826,5250974.802050555,-80762.15659898288,52.53896971120994,-0.04028095863759518,-0.02572428435087204,-0.0060578808188438416
2026-04-23 07:43:54.700,3509413.68618898,779162.7883646379,5250974.799528001,-80767.07554665704,52.5754028265393,-0.05859880242496729,-0.020507447188720107,-0.02522554248571396
2026-04-23 07:43:54.800,3509413.6818233873,779162.7877755073,5250974.802787276,-80771.99212711732,52.62159082187885,-0.043655927293002605,-0.005891305627301335,0.03259275108575821
2026-04-23 07:43:54.900,3509413.6798721617,779162.7856474009,5250974.805650604,-80776.9059030459,52.674888708709396,-0.019512255676090717,-0.021281064255163074,0.028633279725909233
2026-04-23 07:43:55.000,3509413.674819998,779162.7834859763,5250974.806231048,-80781.82109241956,52.70954128036473,-0.05052163731306791,-0.02161424607038498,0.005804440006613731
2026-04-23 07:43:55.100,3509413.6722501134,779162.7827089732,5250974.807861956,-80786.73556430123,52.75417268154313,-0.025698845274746418,-0.007770031224936247,0.01630907878279686
2026-04-23 07:43:55.200,3509413.668726697,779162.780558573,5250974.803836213,-80791.66373160195,52.787381108573754,-0.035234163515269756,-0.02150400192476809,-0.040257424116134644
2026-04-23 07:43:55.300,3509413.6693754555,779162.7806562899,5250974.803821711,-80796.58486234593,52.82089745302789,0.006487583741545677,0.000977169256657362,-0.00014502555131912231
2026-04-23 07:43:55.400,3509413.665510702,779162.7808942185,5250974.807856623,-80801.5044774308,52.843392938221214,-0.038647535257041454,0.0023792858701199293,0.040349122136831284
2026-04-23 07:43:55.500,3509413.6625184454,779162.7790661119,5250974.808080266,-80806.42798000743,52.88663992310067,-0.029922565445303917,-0.018281065858900547,0.0022364314645528793
2026-04-23 07:43:55.600,3509413.66055784,779162.7784181677,5250974.80750571,-80811.35323380165,52.94407841880802,-0.019606053829193115,-0.006479441653937101,-0.005745561793446541
2026-04-23 07:43:55.700,3509413.6601616465,779162.7741500543,5250974.809725763,-80816.27154882609,52.97113151629795,-0.003961934708058834,-0.04268113407306373,0.022200532257556915
2026-04-23 07:43:55.800,3509413.662117005,779162.7727910854,5250974.814812224,-80821.18615649504,52.98270567731393,0.01955358311533928,-0.013589689042419195,0.05086461082100868
2026-04-23 07:43:55.900,3509413.659848553,779162.7731492827,5250974.813755156,-80826.10052614292,53.02275106941464,-0.022684517316520214,0.003581972559913993,-0.010570688173174858
2026-04-23 07:43:56.000,3509413.6615865165,779162.7739154629,5250974.819270882,-80831.00971283903,53.06045253436565,0.017379634082317352,0.007661802228540182,0.055157262831926346
2026-04-23 07:43:56.100,3509413.66054569,779162.7720966254,5250974.824640149,-80835.92824069092,53.08021963980303,-0.010408265516161919,-0.018188374815508723,0.05369267426431179
2026-04-23 07:43:56.200,3509413.6603862047,779162.7710025515,5250974.827626021,-80840.84025666837,53.130221284700646,-0.0015948526561260223,-0.010940738720819354,0.02985871396958828
2026-04-23 07:43:56.300,3509413.6622780464,779162.7702468511,5250974.83100492,-80845.74495392706,53.14607870691109,0.01891841646283865,-0.007557003991678357,0.03378899767994881
2026-04-23 07:43:56.400,3509413.6655719043,779162.7719637665,5250974.840830846,-80850.6489439582,53.15507262326822,0.032938579097390175,0.017169154016301036,0.09825925342738628
2026-04-23 07:43:56.500,3509413.6698171054,779162.77281646,5250974.849801327,-80855.5581859568,53.1578620887223,0.04245201125741005,0.00852693454362452,0.08970481343567371
2026-04-23 07:43:56.600,3509413.673400819,779162.7737138914,5250974.853674554,-80860.47624647891,53.18492814175586,0.03583713434636593,0.008974313968792558,0.038732271641492844
2026-04-23 07:43:56.700,3509413.67334341,779162.7723837328,5250974.856167927,-80865.39318224053,53.24711991879739,-0.0005740905180573463,-0.013301585568115115,0.02493373118340969
2026-04-23 07:43:56.800,3509413.6759188273,779162.7707122327,5250974.8592501255,-80870.29875683843,53.24849913397535,0.025754175148904324,-0.016715001547709107,0.03082198090851307
2026-04-23 07:43:56.900,3509413.6811119905,779162.772218754,5250974.865255394,-80875.20506554583,53.24897425381795,0.05193163175135851,0.015065213665366173,0.06005268543958664
2026-04-23 07:43:57.000,3509413.680637662,779162.7730555006,5250974.871480978,-80880.11821747443,53.25341878347645,-0.004743286408483982,0.00836746534332633,0.06225584074854851
2026-04-23 07:43:57.100,3509413.6827136925,779162.7721024641,5250974.873571306,-80885.03683231863,53.28300624772895,0.0207603070884943,-0.009530364768579602,0.020903274416923523
2026-04-23 07:43:57.200,3509413.686313092,779162.7704774956,5250974.877905105,-80889.95148547707,53.29884192449653,0.03599399235099554,-0.016249684849753976,0.043337997049093246
2026-04-23 07:43:57.300,3509413.686992899,779162.7702789315,5250974.881123467,-80894.85942764739,53.335549139054514,0.0067980727180838585,-0.0019856414292007685,0.03218362107872963
2026-04-23 07:43:57.400,3509413.686194364,779162.7688595502,5250974.884560282,-80899.76367621307,53.365130953460536,-0.007985350675880909,-0.014193812385201454,0.03436814993619919
2026-04-23 07:43:57.500,3509413.686627856,779162.7665014458,5250974.887561454,-80904.68129184429,53.3981709261565,0.004334920085966587,-0.02358104451559484,0.030011720955371857
2026-04-23 07:43:57.600,3509413.6872953763,779162.7664927401,5250974.890894901,-80909.59575751607,53.41417730925821,0.006675203330814838,-8.705654181540012e-05,0.03333446569740772
2026-04-23 07:43:57.700,3509413.69252447,779162.7669178285,5250974.89520297,-80914.50605123922,53.43357663240658,0.05229093600064516,0.004250883357599378,0.04308069124817848
2026-04-23 07:43:57.800,3509413.695240885,779162.7688529486,5250974.89884804,-80919.4184244097,53.44050244722523,0.027164150960743427,0.019351200899109244,0.03645069897174835
2026-04-23 07:43:57.900,3509413.6959114163,779162.7668831889,5250974.89888449,-80924.31998394441,53.468222055813165,0.006705312989652157,-0.019697597017511725,0.000364501029253006
2026-04-23 07:43:58.000,3509413.698327915,779162.7682557448,5250974.903403825,-80929.23149764471,53.48035726756849,0.024164984934031963,0.013725559692829847,0.045193349942564964
2026-04-23 07:43:58.100,3509413.700715134,779162.7664164283,5250974.906370393,-80934.13848782798,53.504953665692376,0.023872191086411476,-0.018393165664747357,0.02966567873954773
2026-04-23 07:43:58.200,3509413.703507031,779162.7662914257,5250974.910594392,-80939.04820982782,53.53403052234012,0.02791896928101778,-0.0012500258162617683,0.04223998636007309
2026-04-23 07:43:58.300,3509413.7032441874,779162.7681541733,5250974.9096997185,-80943.95753829331,53.53023940969373,-0.0026284344494342804,0.018627475947141647,-0.008946731686592102
2026-04-23 07:43:58.400,3509413.7066196324,779162.7664854893,5250974.911123016,-80948.861514887,53.55639401876483,0.033754450269043446,-0.016686839517205954,0.014232974499464035
2026-04-23 07:43:58.500,3509413.7084285305,779162.7672638992,5250974.914318043,-80953.76605660566,53.58023215304261,0.018088980577886105,0.007784098852425814,0.031950268894433975
2026-04-23 07:43:58.600,3509413.712815957,779162.7670878711,5250974.917673981,-80958.67174192639,53.6032893683254,0.04387426655739546,-0.0017602811567485332,0.03355938009917736
2026-04-23 07:43:58.700,3509413.7157969633,779162.7661418986,5250974.920002688,-80963.5780130956,53.61592735526108,0.029810061678290367,-0.009459725115448236,0.02328706905245781
2026-04-23 07:43:58.800,3509413.719234251,779162.7643845228,5250974.921548692,-80968.48160364068,53.650754504299854,0.03437287639826536,-0.017573757795616984,0.015460038557648659
2026-04-23 07:43:58.900,3509413.719600484,779162.7643728842,5250974.920126578,-80973.38710138877,53.66758200207936,0.0036623282358050346,-0.00011638621799647808,-0.014221137389540672
2026-04-23 07:43:59.000,3509413.723545625,779162.7636842992,5250974.922219232,-80978.28770159875,53.68873966802289,0.03945141099393368,-0.006885849870741367,0.020926538854837418
2026-04-23 07:43:59.100,3509413.725048042,779162.7642357143,5250974.920301651,-80983.19714718487,53.73055275713145,0.015024170279502869,0.00551415141671896,-0.019175810739398003
2026-04-23 07:43:59.200,3509413.7282997356,779162.7642848596,5250974.92061324,-80988.11359643495,53.76578729129829,0.032516936771571636,0.0004914531018584967,0.003115897998213768
2026-04-23 07:43:59.300,3509413.731457048,779162.7628882665,5250974.925636295,-80993.02923627092,53.809824176681396,0.031573125161230564,-0.013965931721031666,0.05023054778575897
2026-04-23 07:43:59.400,3509413.7353356793,779162.7613171631,5250974.928935892,-80997.93300705068,53.82237988611114,0.03878631163388491,-0.015711033483967185,0.03299596719443798
2026-04-23 07:43:59.500,3509413.735086456,779162.7606779636,5250974.929345334,-81002.83647097446,53.85273082499134,-0.0024922331795096397,-0.006391995120793581,0.004094420000910759
2026-04-23 07:43:59.600,3509413.7362222946,779162.7612206516,5250974.929553207,-81007.75754828556,53.881129522523665,0.01135838683694601,0.00542687950655818,0.0020787306129932404
2026-04-23 07:43:59.700,3509413.7356278705,779162.7604430282,5250974.930026331,-81012.68059641353,53.9252054374648,-0.005944240838289261,-0.007776233833283186,0.004731239750981331
2026-04-23 07:43:59.800,3509413.7370559955,779162.7605384566,5250974.933318893,-81017.59529586525,53.95707549209745,0.014281249605119228,0.0009542843326926231,0.032925624400377274
2026-04-23 07:43:59.900,3509413.7386660078,779162.7605455462,5250974.934685764,-81022.51397719103,53.99720865868819,0.016100122593343258,7.089576683938503e-05,0.013668704777956009
2026-04-23 07:44:00.000,3509413.737882304,779162.7602306835,5250974.937193579,-81027.42821481409,54.021878168384376,-0.007837037555873394,-0.0031486270017921925,0.025078151375055313
