% program   : RTKPOST-EX 2.5.0
% inp file  : C:\Users\holge\git\GNSS_IMU\data\run3.obs
% inp file  : C:\Users\holge\Downloads\BUDD00DNK_R_20261130000_01D_01S_MO.rnx
% inp file  : C:\Users\holge\Downloads\BUDD00DNK_R_20261130000_01D_MN.rnx
% inp file  : C:\Users\holge\git\GNSS_IMU\data\COD0OPSRAP_20261130000_01D_05M_ORB.SP3
% obs start : 2026/04/23 07:38:00.0 GPST (week2415 373080.0s)
% obs end   : 2026/04/23 07:44:00.0 GPST (week2415 373440.0s)
% pos mode  : Kinematic
% freqs     : L1+L2/E5b+L5+L6
% solution  : Forward
% elev mask : 15.0 deg
% dynamics  : on
% tidecorr  : solid
% ionos opt : Iono-Free LC
% tropo opt : Saastamoinen
% ephemeris : Precise
% navi sys  : GPS GLONASS Galileo BDS
% amb res   : Fix and Hold
% amb glo   : Fix and Hold
% amb bds   : on
% val thres : 3.0
% antenna1  :                       ( 0.0000  0.0000  0.0762)
% antenna2  :                       ( 0.0000  0.0000  0.2567)
% ref pos   :   3513649.6252    778954.5456   5248201.7777
%
% (x/y/z-ecef=WGS84,Q=1:fix,2:float,3:sbas,4:dgps,5:single,6:ppp,ns=# of satellites)
%  GPST                      x-ecef(m)      y-ecef(m)      z-ecef(m)   Q  ns   sdx(m)   sdy(m)   sdz(m)  sdxy(m)  sdyz(m)  sdzx(m) age(s)  ratio
2026/04/23 07:38:05.200   3509417.3423    779143.0835   5250972.4527   2  21   4.0883   2.4187   5.5420   1.1596   2.0709   3.3438   0.20    0.0
2026/04/23 07:38:05.300   3509417.2864    779143.0343   5250972.3125   2  21   2.9562   1.7331   3.9910   0.8430   1.4939   2.4228   0.30    0.0
2026/04/23 07:38:05.400   3509417.2948    779143.0318   5250972.3438   2  21   2.4323   1.4215   3.2790   0.6949   1.2281   1.9949   0.40    0.0
2026/04/23 07:38:05.500   3509417.3131    779143.0719   5250972.3696   2  20   2.1234   1.2363   2.8516   0.6170   1.0720   1.7421  -0.50    0.0
2026/04/23 07:38:05.600   3509417.2670    779143.0863   5250972.3573   2  21   1.9021   1.1069   2.5548   0.5513   0.9599   1.5609  -0.40    0.0
2026/04/23 07:38:05.700   3509417.2505    779143.0924   5250972.3629   2  21   1.7382   1.0111   2.3347   0.5029   0.8770   1.4265  -0.30    0.0
2026/04/23 07:38:05.800   3509417.2430    779143.0977   5250972.3749   2  21   1.6104   0.9365   2.1632   0.4653   0.8123   1.3218  -0.20    0.0
2026/04/23 07:38:05.900   3509417.2608    779143.1021   5250972.3829   2  21   1.5072   0.8763   2.0246   0.4351   0.7602   1.2371  -0.10    0.0
2026/04/23 07:38:06.000   3509417.2739    779143.0986   5250972.3854   2  21   1.4216   0.8264   1.9096   0.4101   0.7169   1.1669   0.00    0.0
2026/04/23 07:38:06.100   3509417.2785    779143.0942   5250972.4005   2  21   1.3491   0.7842   1.8121   0.3889   0.6802   1.1073   0.10    0.0
2026/04/23 07:38:06.200   3509417.2715    779143.0893   5250972.4138   2  21   1.2866   0.7478   1.7282   0.3707   0.6486   1.0561   0.20    0.0
2026/04/23 07:38:06.300   3509417.2634    779143.0834   5250972.4183   2  21   1.2321   0.7161   1.6548   0.3548   0.6211   1.0113   0.30    0.0
2026/04/23 07:38:06.400   3509417.2479    779143.0747   5250972.4242   2  21   1.1840   0.6881   1.5901   0.3408   0.5967   0.9718   0.40    0.0
2026/04/23 07:38:06.500   3509417.2485    779143.0675   5250972.4403   2  20   1.1424   0.6635   1.5328   0.3303   0.5758   0.9376  -0.50    0.0
2026/04/23 07:38:06.600   3509417.2481    779143.0594   5250972.4365   2  20   1.1037   0.6410   1.4809   0.3189   0.5562   0.9058  -0.40    0.0
2026/04/23 07:38:06.700   3509417.2436    779143.0491   5250972.4197   2  20   1.0687   0.6207   1.4338   0.3086   0.5385   0.8770  -0.30    0.0
2026/04/23 07:38:06.800   3509417.2371    779143.0395   5250972.4233   2  20   1.0368   0.6021   1.3909   0.2992   0.5223   0.8508  -0.20    0.0
2026/04/23 07:38:06.900   3509417.2302    779143.0332   5250972.4247   2  20   1.0076   0.5852   1.3517   0.2907   0.5075   0.8268  -0.10    0.0
2026/04/23 07:38:07.000   3509417.2302    779143.0310   5250972.4236   2  20   0.9808   0.5696   1.3155   0.2828   0.4939   0.8047   0.00    0.0
2026/04/23 07:38:07.100   3509417.2324    779143.0288   5250972.4258   2  20   0.9559   0.5552   1.2821   0.2755   0.4813   0.7842   0.10    0.0
2026/04/23 07:38:07.200   3509417.2292    779143.0257   5250972.4297   2  20   0.9329   0.5418   1.2510   0.2688   0.4696   0.7652   0.20    0.0
2026/04/23 07:38:07.300   3509417.2228    779143.0188   5250972.4342   2  20   0.9114   0.5293   1.2221   0.2625   0.4587   0.7475   0.30    0.0
2026/04/23 07:38:07.400   3509417.2169    779143.0118   5250972.4339   2  20   0.8914   0.5177   1.1950   0.2566   0.4486   0.7310   0.40    0.0
2026/04/23 07:38:07.500   3509417.2109    779143.0036   5250972.4358   2  20   0.8726   0.5068   1.1697   0.2511   0.4390   0.7155  -0.50    0.0
2026/04/23 07:38:07.600   3509417.2043    779142.9944   5250972.4399   2  20   0.8549   0.4966   1.1459   0.2460   0.4301   0.7009  -0.40    0.0
2026/04/23 07:38:07.700   3509417.2015    779142.9853   5250972.4484   2  20   0.8383   0.4869   1.1234   0.2411   0.4216   0.6872  -0.30    0.0
2026/04/23 07:38:07.800   3509417.1997    779142.9759   5250972.4468   2  20   0.8226   0.4778   1.1022   0.2365   0.4136   0.6743  -0.20    0.0
2026/04/23 07:38:07.900   3509417.1914    779142.9620   5250972.4282   2  20   0.8077   0.4692   1.0821   0.2321   0.4061   0.6620  -0.10    0.0
2026/04/23 07:38:08.000   3509417.1848    779142.9491   5250972.4117   2  20   0.7936   0.4610   1.0630   0.2280   0.3989   0.6503   0.00    0.0
2026/04/23 07:38:08.100   3509417.1781    779142.9362   5250972.4061   2  20   0.7803   0.4533   1.0449   0.2241   0.3921   0.6393   0.10    0.0
2026/04/23 07:38:08.200   3509417.1712    779142.9259   5250972.4067   2  20   0.7675   0.4459   1.0276   0.2204   0.3856   0.6287   0.20    0.0
2026/04/23 07:38:08.300   3509417.1633    779142.9137   5250972.4024   2  20   0.7554   0.4388   1.0112   0.2168   0.3794   0.6187   0.30    0.0
2026/04/23 07:38:08.400   3509417.1544    779142.9009   5250972.3914   2  20   0.7438   0.4321   0.9955   0.2134   0.3735   0.6091   0.40    0.0
2026/04/23 07:38:08.500   3509417.1414    779142.8883   5250972.3819   2  20   0.7328   0.4257   0.9804   0.2102   0.3679   0.6000  -0.50    0.0
2026/04/23 07:38:08.600   3509417.1237    779142.8760   5250972.3632   2  20   0.7222   0.4196   0.9660   0.2071   0.3624   0.5912  -0.40    0.0
2026/04/23 07:38:08.700   3509417.1105    779142.8640   5250972.3451   2  20   0.7120   0.4137   0.9522   0.2041   0.3573   0.5828  -0.30    0.0
2026/04/23 07:38:08.800   3509417.0918    779142.8514   5250972.3248   2  20   0.7023   0.4080   0.9390   0.2013   0.3523   0.5747  -0.20    0.0
2026/04/23 07:38:08.900   3509417.0771    779142.8400   5250972.3081   2  20   0.6929   0.4026   0.9262   0.1985   0.3475   0.5669  -0.10    0.0
2026/04/23 07:38:09.000   3509417.0683    779142.8276   5250972.2984   2  20   0.6839   0.3974   0.9140   0.1959   0.3429   0.5594   0.00    0.0
2026/04/23 07:38:09.100   3509417.0584    779142.8172   5250972.2915   2  20   0.6753   0.3924   0.9022   0.1933   0.3384   0.5522   0.10    0.0
2026/04/23 07:38:09.200   3509417.0440    779142.8036   5250972.2775   2  20   0.6669   0.3876   0.8908   0.1909   0.3341   0.5453   0.20    0.0
2026/04/23 07:38:09.300   3509417.0367    779142.7930   5250972.2749   2  20   0.6589   0.3829   0.8798   0.1885   0.3300   0.5386   0.30    0.0
2026/04/23 07:38:09.400   3509417.0275    779142.7793   5250972.2739   2  20   0.6511   0.3784   0.8692   0.1862   0.3260   0.5321   0.40    0.0
2026/04/23 07:38:09.500   3509417.0166    779142.7663   5250972.2665   2  20   0.6436   0.3741   0.8589   0.1840   0.3222   0.5259  -0.50    0.0
2026/04/23 07:38:09.600   3509417.0133    779142.7531   5250972.2631   2  20   0.6364   0.3699   0.8490   0.1819   0.3184   0.5198  -0.40    0.0
2026/04/23 07:38:09.700   3509417.0123    779142.7421   5250972.2649   2  20   0.6294   0.3658   0.8393   0.1798   0.3148   0.5140  -0.30    0.0
2026/04/23 07:38:09.800   3509417.0108    779142.7307   5250972.2652   2  20   0.6226   0.3619   0.8300   0.1778   0.3113   0.5083  -0.20    0.0
2026/04/23 07:38:09.900   3509417.0037    779142.7184   5250972.2593   2  20   0.6160   0.3581   0.8210   0.1759   0.3079   0.5028  -0.10    0.0
2026/04/23 07:38:10.000   3509417.0023    779142.7103   5250972.2623   2  20   0.6096   0.3544   0.8122   0.1740   0.3046   0.4975   0.00    0.0
2026/04/23 07:38:10.100   3509417.0053    779142.7038   5250972.2734   2  20   0.6034   0.3508   0.8037   0.1721   0.3014   0.4923   0.10    0.0
2026/04/23 07:38:10.200   3509417.0034    779142.6956   5250972.2841   2  20   0.5974   0.3473   0.7954   0.1704   0.2983   0.4872   0.20    0.0
2026/04/23 07:38:10.300   3509417.0012    779142.6899   5250972.2984   2  20   0.5916   0.3439   0.7873   0.1686   0.2953   0.4823   0.30    0.0
2026/04/23 07:38:10.400   3509417.0012    779142.6842   5250972.3092   2  20   0.5859   0.3407   0.7795   0.1669   0.2923   0.4776   0.40    0.0
2026/04/23 07:38:10.500   3509416.9998    779142.6761   5250972.3099   2  20   0.5804   0.3375   0.7719   0.1653   0.2895   0.4730  -0.50    0.0
2026/04/23 07:38:10.600   3509417.0015    779142.6693   5250972.3189   2  20   0.5750   0.3344   0.7645   0.1637   0.2867   0.4684  -0.40    0.0
2026/04/23 07:38:10.700   3509417.0052    779142.6637   5250972.3317   2  20   0.5698   0.3314   0.7572   0.1621   0.2839   0.4640  -0.30    0.0
2026/04/23 07:38:10.800   3509417.0097    779142.6594   5250972.3387   2  20   0.5647   0.3284   0.7502   0.1606   0.2813   0.4598  -0.20    0.0
2026/04/23 07:38:10.900   3509417.0085    779142.6521   5250972.3413   2  20   0.5597   0.3255   0.7433   0.1592   0.2787   0.4556  -0.10    0.0
2026/04/23 07:38:11.000   3509417.0062    779142.6455   5250972.3465   2  20   0.5549   0.3228   0.7366   0.1577   0.2762   0.4515   0.00    0.0
2026/04/23 07:38:11.100   3509417.0023    779142.6394   5250972.3475   2  20   0.5502   0.3200   0.7300   0.1563   0.2737   0.4475   0.10    0.0
2026/04/23 07:38:11.200   3509416.9954    779142.6331   5250972.3443   2  20   0.5456   0.3174   0.7236   0.1549   0.2713   0.4436   0.20    0.0
2026/04/23 07:38:11.300   3509416.9954    779142.6265   5250972.3475   2  20   0.5411   0.3148   0.7173   0.1536   0.2689   0.4399   0.30    0.0
2026/04/23 07:38:11.400   3509416.9980    779142.6198   5250972.3508   2  20   0.5367   0.3123   0.7112   0.1523   0.2666   0.4361   0.40    0.0
2026/04/23 07:38:11.500   3509417.0037    779142.6155   5250972.3636   2  20   0.5324   0.3098   0.7052   0.1510   0.2644   0.4325  -0.50    0.0
2026/04/23 07:38:11.600   3509417.0026    779142.6088   5250972.3720   2  20   0.5282   0.3074   0.6994   0.1497   0.2622   0.4290  -0.40    0.0
2026/04/23 07:38:11.700   3509417.0066    779142.6043   5250972.3843   2  20   0.5241   0.3050   0.6937   0.1485   0.2600   0.4255  -0.30    0.0
2026/04/23 07:38:11.800   3509417.0064    779142.6000   5250972.3947   2  20   0.5201   0.3027   0.6881   0.1473   0.2579   0.4221  -0.20    0.0
2026/04/23 07:38:11.900   3509417.0119    779142.5947   5250972.4092   2  20   0.5162   0.3004   0.6826   0.1461   0.2559   0.4188  -0.10    0.0
2026/04/23 07:38:12.000   3509417.0146    779142.5904   5250972.4248   2  20   0.5124   0.2982   0.6772   0.1450   0.2538   0.4155   0.00    0.0
2026/04/23 07:38:12.100   3509417.0142    779142.5851   5250972.4337   2  20   0.5086   0.2961   0.6719   0.1438   0.2519   0.4123   0.10    0.0
2026/04/23 07:38:12.200   3509417.0203    779142.5817   5250972.4510   2  20   0.5050   0.2939   0.6667   0.1427   0.2499   0.4092   0.20    0.0
2026/04/23 07:38:12.300   3509417.0249    779142.5792   5250972.4726   2  20   0.5014   0.2919   0.6617   0.1416   0.2480   0.4061   0.30    0.0
2026/04/23 07:38:12.400   3509417.0288    779142.5772   5250972.4945   2  20   0.4979   0.2898   0.6567   0.1406   0.2461   0.4031   0.40    0.0
2026/04/23 07:38:12.500   3509417.0299    779142.5754   5250972.5095   2  20   0.4944   0.2879   0.6518   0.1395   0.2443   0.4002  -0.50    0.0
2026/04/23 07:38:12.600   3509417.0347    779142.5733   5250972.5323   2  20   0.4910   0.2859   0.6470   0.1385   0.2425   0.3973  -0.40    1.0
2026/04/23 07:38:12.700   3509417.0368    779142.5724   5250972.5492   2  20   0.4877   0.2840   0.6423   0.1375   0.2407   0.3944  -0.30    1.0
2026/04/23 07:38:12.800   3509417.0474    779142.5749   5250972.5679   2  20   0.4845   0.2821   0.6377   0.1366   0.2390   0.3917  -0.20    1.1
2026/04/23 07:38:12.900   3509417.0499    779142.5730   5250972.5848   2  20   0.4813   0.2803   0.6332   0.1357   0.2373   0.3890  -0.10    1.3
2026/04/23 07:38:13.000   3509417.0508    779142.5715   5250972.6034   2  20   0.4782   0.2785   0.6287   0.1347   0.2356   0.3863   0.00    1.2
2026/04/23 07:38:13.100   3509417.0583    779142.5724   5250972.6290   2  20   0.4751   0.2767   0.6243   0.1337   0.2340   0.3836   0.10    1.2
2026/04/23 07:38:13.200   3509417.0616    779142.5729   5250972.6464   2  20   0.4721   0.2750   0.6200   0.1328   0.2324   0.3810   0.20    1.0
2026/04/23 07:38:13.300   3509417.0659    779142.5741   5250972.6662   2  20   0.4691   0.2733   0.6158   0.1319   0.2308   0.3785   0.30    1.1
2026/04/23 07:38:13.400   3509417.0666    779142.5733   5250972.6821   2  20   0.4662   0.2716   0.6116   0.1310   0.2292   0.3760   0.40    1.3
2026/04/23 07:38:13.500   3509417.0731    779142.5748   5250972.7051   2  20   0.4633   0.2700   0.6075   0.1301   0.2277   0.3735  -0.50    1.0
2026/04/23 07:38:13.600   3509417.0749    779142.5754   5250972.7224   2  20   0.4605   0.2683   0.6035   0.1293   0.2261   0.3710  -0.40    1.0
2026/04/23 07:38:13.700   3509417.0776    779142.5756   5250972.7361   2  20   0.4577   0.2667   0.5995   0.1284   0.2247   0.3687  -0.30    1.0
2026/04/23 07:38:13.800   3509417.0783    779142.5750   5250972.7461   2  20   0.4550   0.2652   0.5956   0.1276   0.2232   0.3663  -0.20    1.0
2026/04/23 07:38:13.900   3509417.0838    779142.5752   5250972.7625   2  20   0.4523   0.2636   0.5918   0.1267   0.2217   0.3640  -0.10    1.1
2026/04/23 07:38:14.000   3509417.0944    779142.5769   5250972.7847   2  20   0.4497   0.2621   0.5880   0.1259   0.2203   0.3617   0.00    1.1
2026/04/23 07:38:14.100   3509417.1007    779142.5778   5250972.8004   2  20   0.4471   0.2606   0.5842   0.1251   0.2189   0.3594   0.10    1.3
2026/04/23 07:38:14.200   3509417.1055    779142.5777   5250972.8103   2  20   0.4446   0.2592   0.5805   0.1243   0.2175   0.3572   0.20    1.1
2026/04/23 07:38:14.300   3509417.1171    779142.5792   5250972.8312   2  20   0.4421   0.2577   0.5769   0.1235   0.2161   0.3550   0.30    1.2
2026/04/23 07:38:14.400   3509417.1229    779142.5795   5250972.8419   2  20   0.4396   0.2563   0.5734   0.1228   0.2148   0.3529   0.40    1.0
2026/04/23 07:38:14.500   3509417.1299    779142.5803   5250972.8588   2  20   0.4372   0.2549   0.5698   0.1220   0.2135   0.3508  -0.50    1.1
2026/04/23 07:38:14.600   3509417.1366    779142.5830   5250972.8800   2  20   0.4348   0.2536   0.5664   0.1213   0.2122   0.3487  -0.40    1.1
2026/04/23 07:38:14.700   3509417.1428    779142.5859   5250972.9013   2  20   0.4324   0.2522   0.5629   0.1205   0.2109   0.3466  -0.30    1.0
2026/04/23 07:38:14.800   3509417.1466    779142.5865   5250972.9158   2  20   0.4301   0.2509   0.5596   0.1198   0.2096   0.3446  -0.20    1.1
2026/04/23 07:38:14.900   3509417.1538    779142.5898   5250972.9335   2  20   0.4278   0.2496   0.5562   0.1191   0.2083   0.3426  -0.10    1.3
2026/04/23 07:38:15.000   3509417.1573    779142.5931   5250972.9492   2  20   0.4255   0.2483   0.5529   0.1184   0.2071   0.3406   0.00    1.2
2026/04/23 07:38:15.100   3509417.1630    779142.5979   5250972.9679   2  20   0.4233   0.2470   0.5497   0.1177   0.2059   0.3387   0.10    1.1
2026/04/23 07:38:15.200   3509417.1629    779142.6021   5250972.9830   2  20   0.4211   0.2457   0.5465   0.1170   0.2047   0.3367   0.20    1.1
2026/04/23 07:38:15.300   3509417.1642    779142.6066   5250972.9943   2  20   0.4190   0.2445   0.5433   0.1163   0.2035   0.3348   0.30    1.1
2026/04/23 07:38:15.400   3509417.1671    779142.6117   5250973.0151   2  20   0.4168   0.2433   0.5402   0.1156   0.2023   0.3330   0.40    1.3
2026/04/23 07:38:15.500   3509417.1697    779142.6165   5250973.0325   2  20   0.4147   0.2421   0.5371   0.1150   0.2011   0.3311  -0.50    1.0
2026/04/23 07:38:15.600   3509417.1740    779142.6207   5250973.0468   2  20   0.4127   0.2409   0.5341   0.1143   0.2000   0.3293  -0.40    1.0
2026/04/23 07:38:15.700   3509417.1785    779142.6267   5250973.0625   2  20   0.4106   0.2397   0.5311   0.1137   0.1989   0.3275  -0.30    1.0
2026/04/23 07:38:15.800   3509417.1834    779142.6320   5250973.0742   2  20   0.4086   0.2386   0.5281   0.1130   0.1977   0.3257  -0.20    1.0
2026/04/23 07:38:15.900   3509417.1877    779142.6361   5250973.0938   2  20   0.4066   0.2375   0.5252   0.1124   0.1966   0.3240  -0.10    1.1
2026/04/23 07:38:16.000   3509417.1918    779142.6392   5250973.1089   2  20   0.4047   0.2363   0.5223   0.1118   0.1955   0.3222   0.00    1.0
2026/04/23 07:38:16.100   3509417.1936    779142.6412   5250973.1177   2  20   0.4027   0.2352   0.5194   0.1111   0.1945   0.3205   0.10    1.3
2026/04/23 07:38:16.200   3509417.2009    779142.6451   5250973.1364   2  20   0.4008   0.2341   0.5166   0.1105   0.1934   0.3188   0.20    1.1
2026/04/23 07:38:16.300   3509417.2047    779142.6487   5250973.1523   2  20   0.3989   0.2331   0.5138   0.1099   0.1923   0.3171   0.30    1.3
2026/04/23 07:38:16.400   3509417.2074    779142.6519   5250973.1685   2  20   0.3971   0.2320   0.5110   0.1093   0.1913   0.3155   0.40    1.0
2026/04/23 07:38:16.500   3509417.2085    779142.6550   5250973.1739   2  20   0.3952   0.2310   0.5083   0.1088   0.1903   0.3139  -0.50    1.1
2026/04/23 07:38:16.600   3509417.2125    779142.6576   5250973.1825   2  20   0.3934   0.2299   0.5056   0.1082   0.1893   0.3122  -0.40    1.0
2026/04/23 07:38:16.700   3509417.2141    779142.6608   5250973.1903   2  20   0.3916   0.2289   0.5029   0.1076   0.1882   0.3106  -0.30    1.0
2026/04/23 07:38:16.800   3509417.2157    779142.6644   5250973.2000   2  20   0.3898   0.2279   0.5003   0.1070   0.1872   0.3091  -0.20    1.1
2026/04/23 07:38:16.900   3509417.2194    779142.6690   5250973.2124   2  20   0.3881   0.2269   0.4977   0.1065   0.1863   0.3075  -0.10    1.3
2026/04/23 07:38:17.000   3509417.2197    779142.6744   5250973.2233   2  20   0.3864   0.2259   0.4951   0.1059   0.1853   0.3060   0.00    1.2
2026/04/23 07:38:17.100   3509417.2166    779142.6773   5250973.2280   2  20   0.3847   0.2249   0.4925   0.1053   0.1843   0.3044   0.10    1.1
2026/04/23 07:38:17.200   3509417.2153    779142.6803   5250973.2331   2  20   0.3830   0.2240   0.4900   0.1048   0.1834   0.3029   0.20    1.1
2026/04/23 07:38:17.300   3509417.2149    779142.6832   5250973.2355   2  20   0.3813   0.2230   0.4875   0.1043   0.1824   0.3014   0.30    1.1
2026/04/23 07:38:17.400   3509417.2172    779142.6855   5250973.2386   2  20   0.3797   0.2221   0.4850   0.1037   0.1815   0.2999   0.40    1.3
2026/04/23 07:38:17.500   3509417.2173    779142.6881   5250973.2427   2  20   0.3780   0.2212   0.4826   0.1032   0.1806   0.2985  -0.50    1.0
2026/04/23 07:38:17.600   3509417.2149    779142.6904   5250973.2463   2  20   0.3764   0.2202   0.4802   0.1027   0.1796   0.2970  -0.40    1.0
2026/04/23 07:38:17.700   3509417.2157    779142.6934   5250973.2480   2  20   0.3748   0.2193   0.4778   0.1022   0.1787   0.2956  -0.30    1.0
2026/04/23 07:38:17.800   3509417.2180    779142.6962   5250973.2596   2  20   0.3733   0.2184   0.4754   0.1016   0.1778   0.2942  -0.20    1.0
2026/04/23 07:38:17.900   3509417.2160    779142.6987   5250973.2565   2  20   0.3717   0.2176   0.4730   0.1011   0.1770   0.2928  -0.10    1.1
2026/04/23 07:38:18.000   3509417.2163    779142.7034   5250973.2626   2  20   0.3702   0.2167   0.4707   0.1006   0.1761   0.2914   0.00    1.0
2026/04/23 07:38:18.100   3509417.2159    779142.7053   5250973.2614   2  20   0.3686   0.2158   0.4684   0.1001   0.1752   0.2900   0.10    1.3
2026/04/23 07:38:18.200   3509417.2128    779142.7071   5250973.2594   2  20   0.3671   0.2150   0.4661   0.0996   0.1743   0.2886   0.20    1.1
2026/04/23 07:38:18.300   3509417.2136    779142.7101   5250973.2634   2  20   0.3656   0.2141   0.4638   0.0992   0.1735   0.2873   0.30    1.2
2026/04/23 07:38:18.400   3509417.2158    779142.7141   5250973.2663   2  20   0.3642   0.2133   0.4616   0.0987   0.1726   0.2860   0.40    1.0
2026/04/23 07:38:18.500   3509417.2140    779142.7177   5250973.2673   2  20   0.3627   0.2125   0.4594   0.0982   0.1718   0.2846  -0.50    1.1
2026/04/23 07:38:18.600   3509417.2099    779142.7213   5250973.2662   2  20   0.3613   0.2116   0.4572   0.0977   0.1710   0.2833  -0.40    1.0
2026/04/23 07:38:18.700   3509417.2062    779142.7246   5250973.2709   2  20   0.3599   0.2108   0.4550   0.0972   0.1701   0.2820  -0.30    1.0
2026/04/23 07:38:18.800   3509417.2057    779142.7278   5250973.2742   2  20   0.3584   0.2100   0.4528   0.0968   0.1693   0.2808  -0.20    1.1
2026/04/23 07:38:18.900   3509417.2061    779142.7311   5250973.2753   2  20   0.3570   0.2092   0.4507   0.0963   0.1685   0.2795  -0.10    1.4
2026/04/23 07:38:19.000   3509417.2037    779142.7345   5250973.2740   2  20   0.3557   0.2085   0.4486   0.0959   0.1677   0.2782   0.00    1.2
2026/04/23 07:38:19.100   3509417.2022    779142.7386   5250973.2751   2  20   0.3543   0.2077   0.4465   0.0954   0.1669   0.2770   0.10    1.1
2026/04/23 07:38:19.200   3509417.2055    779142.7438   5250973.2877   2  20   0.3529   0.2069   0.4444   0.0949   0.1661   0.2757   0.20    1.2
2026/04/23 07:38:19.300   3509417.2076    779142.7476   5250973.2991   2  20   0.3516   0.2062   0.4423   0.0945   0.1654   0.2745   0.30    1.1
2026/04/23 07:38:19.400   3509417.2093    779142.7502   5250973.3044   2  20   0.3503   0.2054   0.4403   0.0941   0.1646   0.2733   0.40    1.3
2026/04/23 07:38:19.500   3509417.2091    779142.7535   5250973.3076   2  20   0.3490   0.2047   0.4383   0.0936   0.1638   0.2721  -0.50    1.1
2026/04/23 07:38:19.600   3509417.2091    779142.7566   5250973.3139   2  20   0.3476   0.2039   0.4363   0.0932   0.1631   0.2709  -0.40    1.0
2026/04/23 07:38:19.700   3509417.2149    779142.7591   5250973.3225   2  20   0.3464   0.2032   0.4343   0.0928   0.1623   0.2697  -0.30    1.0
2026/04/23 07:38:19.800   3509417.2186    779142.7606   5250973.3249   2  20   0.3451   0.2025   0.4323   0.0923   0.1616   0.2686  -0.20    1.0
2026/04/23 07:38:19.900   3509417.2242    779142.7628   5250973.3356   2  20   0.3438   0.2018   0.4303   0.0919   0.1608   0.2674  -0.10    1.1
2026/04/23 07:38:20.000   3509417.2257    779142.7646   5250973.3380   2  20   0.3426   0.2010   0.4284   0.0915   0.1601   0.2662   0.00    1.1
2026/04/23 07:38:20.100   3509417.2269    779142.7667   5250973.3426   2  20   0.3413   0.2003   0.4265   0.0911   0.1594   0.2651   0.10    1.3
2026/04/23 07:38:20.200   3509417.2280    779142.7688   5250973.3455   2  20   0.3401   0.1997   0.4245   0.0906   0.1586   0.2640   0.20    1.1
2026/04/23 07:38:20.300   3509417.2262    779142.7708   5250973.3477   2  20   0.3389   0.1990   0.4227   0.0902   0.1579   0.2628   0.30    1.2
2026/04/23 07:38:20.400   3509417.2251    779142.7722   5250973.3486   2  20   0.3377   0.1983   0.4208   0.0898   0.1572   0.2617   0.40    1.0
2026/04/23 07:38:20.500   3509417.2263    779142.7744   5250973.3550   2  20   0.3365   0.1976   0.4189   0.0894   0.1565   0.2606  -0.50    1.1
2026/04/23 07:38:20.600   3509417.2305    779142.7750   5250973.3630   2  20   0.3353   0.1969   0.4171   0.0890   0.1558   0.2595  -0.40    1.1
2026/04/23 07:38:20.700   3509417.2333    779142.7759   5250973.3730   2  20   0.3341   0.1963   0.4152   0.0886   0.1551   0.2585  -0.30    1.0
2026/04/23 07:38:20.800   3509417.2350    779142.7777   5250973.3758   2  20   0.3330   0.1956   0.4134   0.0882   0.1544   0.2574  -0.20    1.1
2026/04/23 07:38:20.900   3509417.2349    779142.7796   5250973.3787   2  20   0.3318   0.1950   0.4116   0.0878   0.1537   0.2563  -0.10    1.4
2026/04/23 07:38:21.000   3509417.2374    779142.7827   5250973.3873   2  20   0.3307   0.1943   0.4098   0.0875   0.1531   0.2552   0.00    1.2
2026/04/23 07:38:21.100   3509417.2407    779142.7854   5250973.3971   2  20   0.3295   0.1937   0.4081   0.0871   0.1524   0.2542   0.10    1.1
2026/04/23 07:38:21.200   3509417.2469    779142.7875   5250973.4044   2  20   0.3284   0.1931   0.4063   0.0867   0.1517   0.2532   0.20    1.2
2026/04/23 07:38:21.300   3509417.2513    779142.7895   5250973.4131   2  20   0.3273   0.1924   0.4045   0.0863   0.1511   0.2521   0.30    1.1
2026/04/23 07:38:21.400   3509417.2545    779142.7923   5250973.4201   2  20   0.3262   0.1918   0.4028   0.0859   0.1504   0.2511   0.40    1.3
2026/04/23 07:38:21.500   3509417.2591    779142.7946   5250973.4307   2  20   0.3251   0.1912   0.4011   0.0856   0.1498   0.2501  -0.50    1.1
2026/04/23 07:38:21.600   3509417.2623    779142.7961   5250973.4370   2  20   0.3240   0.1906   0.3994   0.0852   0.1491   0.2491  -0.40    1.0
2026/04/23 07:38:21.700   3509417.2673    779142.7978   5250973.4495   2  20   0.3229   0.1900   0.3977   0.0848   0.1485   0.2481  -0.30    1.0
2026/04/23 07:38:21.800   3509417.2740    779142.8006   5250973.4664   2  20   0.3219   0.1894   0.3960   0.0845   0.1478   0.2471  -0.20    1.1
2026/04/23 07:38:21.900   3509417.2792    779142.8015   5250973.4770   2  20   0.3208   0.1888   0.3943   0.0841   0.1472   0.2461  -0.10    1.1
2026/04/23 07:38:22.000   3509417.2831    779142.8036   5250973.4886   2  20   0.3198   0.1882   0.3927   0.0837   0.1466   0.2451   0.00    1.1
2026/04/23 07:38:22.100   3509417.2864    779142.8049   5250973.4949   2  20   0.3187   0.1876   0.3910   0.0834   0.1460   0.2441   0.10    1.3
2026/04/23 07:38:22.200   3509417.2898    779142.8064   5250973.5067   2  20   0.3177   0.1870   0.3894   0.0830   0.1453   0.2432   0.20    1.0
2026/04/23 07:38:22.300   3509417.2913    779142.8069   5250973.5179   2  20   0.3167   0.1865   0.3878   0.0827   0.1447   0.2422   0.30    1.2
2026/04/23 07:38:22.400   3509417.2957    779142.8078   5250973.5334   2  20   0.3157   0.1859   0.3862   0.0823   0.1441   0.2413   0.40    1.1
2026/04/23 07:38:22.500   3509417.3053    779142.8086   5250973.5480   2  20   0.3147   0.1853   0.3846   0.0820   0.1435   0.2403  -0.50    1.1
2026/04/23 07:38:22.600   3509417.3133    779142.8095   5250973.5620   2  20   0.3137   0.1848   0.3830   0.0816   0.1429   0.2394  -0.40    1.1
2026/04/23 07:38:22.700   3509417.3230    779142.8102   5250973.5819   2  20   0.3127   0.1842   0.3814   0.0813   0.1423   0.2385  -0.30    1.0
2026/04/23 07:38:22.800   3509417.3302    779142.8114   5250973.6004   2  20   0.3117   0.1837   0.3799   0.0809   0.1417   0.2375  -0.20    1.0
2026/04/23 07:38:22.900   3509417.3393    779142.8123   5250973.6171   2  20   0.3107   0.1831   0.3783   0.0806   0.1411   0.2366  -0.10    1.4
2026/04/23 07:38:23.000   3509417.3476    779142.8121   5250973.6289   2  20   0.3097   0.1826   0.3768   0.0803   0.1405   0.2357   0.00    1.2
2026/04/23 07:38:23.100   3509417.3557    779142.8124   5250973.6448   2  20   0.3088   0.1820   0.3752   0.0799   0.1400   0.2348   0.10    1.1
2026/04/23 07:38:23.200   3509417.3640    779142.8127   5250973.6537   2  20   0.3078   0.1815   0.3737   0.0796   0.1394   0.2339   0.20    1.2
2026/04/23 07:38:23.300   3509417.3714    779142.8139   5250973.6670   2  20   0.3069   0.1810   0.3722   0.0793   0.1388   0.2330   0.30    1.1
2026/04/23 07:38:23.400   3509417.3781    779142.8134   5250973.6765   2  20   0.3060   0.1805   0.3707   0.0789   0.1383   0.2322   0.40    1.4
2026/04/23 07:38:23.500   3509417.3863    779142.8129   5250973.6881   2  20   0.3050   0.1799   0.3692   0.0786   0.1377   0.2313  -0.50    1.1
2026/04/23 07:38:23.600   3509417.3923    779142.8112   5250973.6963   2  20   0.3041   0.1794   0.3677   0.0783   0.1371   0.2304  -0.40    1.1
2026/04/23 07:38:23.700   3509417.3925    779142.8099   5250973.6983   2  20   0.3032   0.1789   0.3663   0.0780   0.1366   0.2295  -0.30    1.1
2026/04/23 07:38:23.800   3509417.4017    779142.8100   5250973.7103   2  20   0.3023   0.1784   0.3648   0.0776   0.1360   0.2287  -0.20    1.1
2026/04/23 07:38:23.900   3509417.4078    779142.8093   5250973.7224   2  20   0.3014   0.1779   0.3634   0.0773   0.1355   0.2278  -0.10    1.1
2026/04/23 07:38:24.000   3509417.4112    779142.8081   5250973.7321   2  20   0.3005   0.1774   0.3619   0.0770   0.1349   0.2270   0.00    1.1
2026/04/23 07:38:24.100   3509417.4142    779142.8066   5250973.7359   2  20   0.2996   0.1769   0.3605   0.0767   0.1344   0.2261   0.10    1.3
2026/04/23 07:38:24.200   3509417.4191    779142.8054   5250973.7463   2  20   0.2987   0.1764   0.3591   0.0764   0.1338   0.2253   0.20    1.0
2026/04/23 07:38:24.300   3509417.4272    779142.8032   5250973.7553   2  20   0.2978   0.1759   0.3577   0.0761   0.1333   0.2245   0.30    1.2
2026/04/23 07:38:24.400   3509417.4303    779142.8024   5250973.7598   2  20   0.2970   0.1754   0.3563   0.0758   0.1328   0.2237   0.40    1.1
2026/04/23 07:38:24.500   3509417.4326    779142.8003   5250973.7670   2  20   0.2961   0.1750   0.3549   0.0755   0.1323   0.2228  -0.50    1.1
2026/04/23 07:38:24.600   3509417.4358    779142.7984   5250973.7741   2  20   0.2952   0.1745   0.3535   0.0752   0.1317   0.2220  -0.40    1.1
2026/04/23 07:38:24.700   3509417.4422    779142.7967   5250973.7867   2  20   0.2944   0.1740   0.3521   0.0749   0.1312   0.2212  -0.30    1.0
2026/04/23 07:38:24.800   3509417.4530    779142.7978   5250973.8007   2  20   0.2935   0.1735   0.3508   0.0746   0.1307   0.2204  -0.20    1.0
2026/04/23 07:38:24.900   3509417.4623    779142.7982   5250973.8149   2  20   0.2927   0.1731   0.3494   0.0743   0.1302   0.2196  -0.10    1.4
2026/04/23 07:38:25.000   3509417.4666    779142.7975   5250973.8289   2  20   0.2919   0.1726   0.3481   0.0740   0.1297   0.2188   0.00    1.2
2026/04/23 07:38:25.100   3509417.4730    779142.7958   5250973.8383   2  20   0.2910   0.1721   0.3467   0.0737   0.1292   0.2180   0.10    1.1
2026/04/23 07:38:25.200   3509417.4777    779142.7946   5250973.8445   2  20   0.2902   0.1717   0.3454   0.0734   0.1286   0.2173   0.20    1.2
2026/04/23 07:38:25.300   3509417.4800    779142.7920   5250973.8512   2  20   0.2894   0.1712   0.3441   0.0731   0.1281   0.2165   0.30    1.1
2026/04/23 07:38:25.400   3509417.4884    779142.7905   5250973.8621   2  20   0.2886   0.1708   0.3427   0.0728   0.1276   0.2157   0.40    1.4
2026/04/23 07:38:25.500   3509417.4923    779142.7880   5250973.8660   2  20   0.2878   0.1703   0.3414   0.0725   0.1272   0.2150  -0.50    1.2
2026/04/23 07:38:25.600   3509417.4937    779142.7869   5250973.8705   2  20   0.2870   0.1699   0.3402   0.0722   0.1267   0.2142  -0.40    1.1
2026/04/23 07:38:25.700   3509417.4991    779142.7858   5250973.8790   2  20   0.2862   0.1695   0.3389   0.0720   0.1262   0.2134  -0.30    1.1
2026/04/23 07:38:25.800   3509417.5044    779142.7852   5250973.8885   2  20   0.2854   0.1690   0.3376   0.0717   0.1257   0.2127  -0.20    1.1
2026/04/23 07:38:25.900   3509417.5051    779142.7828   5250973.8885   2  20   0.2846   0.1686   0.3363   0.0714   0.1252   0.2119  -0.10    1.1
2026/04/23 07:38:26.000   3509417.5063    779142.7819   5250973.8927   2  20   0.2839   0.1681   0.3350   0.0711   0.1247   0.2112   0.00    1.1
2026/04/23 07:38:26.100   3509417.5048    779142.7801   5250973.8957   2  20   0.2831   0.1677   0.3338   0.0708   0.1242   0.2105   0.10    1.3
2026/04/23 07:38:26.200   3509417.5048    779142.7785   5250973.8998   2  20   0.2823   0.1673   0.3325   0.0706   0.1238   0.2097   0.20    1.0
2026/04/23 07:38:26.300   3509417.5053    779142.7767   5250973.8985   2  20   0.2816   0.1669   0.3313   0.0703   0.1233   0.2090   0.30    1.1
2026/04/23 07:38:26.400   3509417.5076    779142.7740   5250973.9011   2  20   0.2808   0.1664   0.3301   0.0700   0.1228   0.2083   0.40    1.1
2026/04/23 07:38:26.500   3509417.5102    779142.7719   5250973.9042   2  20   0.2800   0.1660   0.3288   0.0697   0.1224   0.2076  -0.50    1.1
2026/04/23 07:38:26.600   3509417.5110    779142.7687   5250973.9118   2  20   0.2793   0.1656   0.3276   0.0695   0.1219   0.2068  -0.40    1.1
2026/04/23 07:38:26.700   3509417.5153    779142.7676   5250973.9145   2  20   0.2786   0.1652   0.3264   0.0692   0.1214   0.2061  -0.30    1.0
2026/04/23 07:38:26.800   3509417.5193    779142.7656   5250973.9146   2  20   0.2778   0.1648   0.3252   0.0689   0.1210   0.2054  -0.20    1.0
2026/04/23 07:38:26.900   3509417.5231    779142.7641   5250973.9231   2  20   0.2771   0.1644   0.3240   0.0687   0.1205   0.2047  -0.10    1.5
2026/04/23 07:38:27.000   3509417.5252    779142.7622   5250973.9284   2  20   0.2764   0.1640   0.3228   0.0684   0.1201   0.2040   0.00    1.2
2026/04/23 07:38:27.100   3509417.5282    779142.7611   5250973.9309   2  20   0.2756   0.1636   0.3216   0.0682   0.1196   0.2033   0.10    1.1
2026/04/23 07:38:27.200   3509417.5316    779142.7608   5250973.9376   2  20   0.2749   0.1632   0.3204   0.0679   0.1192   0.2026   0.20    1.3
2026/04/23 07:38:27.300   3509417.5345    779142.7587   5250973.9446   2  20   0.2742   0.1628   0.3193   0.0676   0.1187   0.2020   0.30    1.1
2026/04/23 07:38:27.400   3509417.5362    779142.7575   5250973.9500   2  20   0.2735   0.1624   0.3181   0.0674   0.1183   0.2013   0.40    1.4
2026/04/23 07:38:27.500   3509417.5386    779142.7556   5250973.9550   2  20   0.2728   0.1620   0.3170   0.0671   0.1179   0.2006  -0.50    1.2
2026/04/23 07:38:27.600   3509417.5442    779142.7537   5250973.9644   2  20   0.2721   0.1616   0.3158   0.0669   0.1174   0.1999  -0.40    1.1
2026/04/23 07:38:27.700   3509417.5469    779142.7523   5250973.9695   2  20   0.2714   0.1612   0.3147   0.0666   0.1170   0.1993  -0.30    1.1
2026/04/23 07:38:27.800   3509417.5479    779142.7503   5250973.9724   2  20   0.2707   0.1609   0.3135   0.0664   0.1166   0.1986  -0.20    1.1
2026/04/23 07:38:27.900   3509417.5518    779142.7482   5250973.9761   2  20   0.2700   0.1605   0.3124   0.0661   0.1161   0.1979  -0.10    1.1
2026/04/23 07:38:28.000   3509417.5530    779142.7459   5250973.9766   2  20   0.2693   0.1601   0.3113   0.0659   0.1157   0.1973   0.00    1.1
2026/04/23 07:38:28.100   3509417.5529    779142.7436   5250973.9750   2  20   0.2686   0.1597   0.3102   0.0656   0.1153   0.1966   0.10    1.3
2026/04/23 07:38:28.200   3509417.5547    779142.7420   5250973.9767   2  20   0.2680   0.1593   0.3091   0.0654   0.1148   0.1960   0.20    1.0
2026/04/23 07:38:28.300   3509417.5562    779142.7409   5250973.9747   2  20   0.2673   0.1590   0.3080   0.0651   0.1144   0.1953   0.30    1.1
2026/04/23 07:38:28.400   3509417.5616    779142.7392   5250973.9803   2  20   0.2666   0.1586   0.3069   0.0649   0.1140   0.1947   0.40    1.1
2026/04/23 07:38:28.500   3509417.5568    779142.7367   5250973.9787   2  20   0.2660   0.1582   0.3058   0.0646   0.1136   0.1941  -0.50    1.0
2026/04/23 07:38:28.600   3509417.5543    779142.7343   5250973.9749   2  20   0.2653   0.1579   0.3047   0.0644   0.1132   0.1934  -0.40    1.1
2026/04/23 07:38:28.700   3509417.5540    779142.7324   5250973.9744   2  20   0.2646   0.1575   0.3036   0.0642   0.1128   0.1928  -0.30    1.0
2026/04/23 07:38:28.800   3509417.5528    779142.7308   5250973.9709   2  20   0.2640   0.1572   0.3025   0.0639   0.1124   0.1922  -0.20    1.0
2026/04/23 07:38:28.900   3509417.5493    779142.7289   5250973.9645   2  20   0.2633   0.1568   0.3015   0.0637   0.1120   0.1915  -0.10    1.5
2026/04/23 07:38:29.000   3509417.5450    779142.7269   5250973.9552   2  20   0.2627   0.1564   0.3004   0.0634   0.1116   0.1909   0.00    1.1
2026/04/23 07:38:29.100   3509417.5471    779142.7250   5250973.9514   2  20   0.2621   0.1561   0.2994   0.0632   0.1112   0.1903   0.10    1.0
2026/04/23 07:38:29.200   3509417.5493    779142.7233   5250973.9491   2  20   0.2614   0.1557   0.2983   0.0630   0.1108   0.1897   0.20    1.3
2026/04/23 07:38:29.300   3509417.5450    779142.7220   5250973.9437   2  20   0.2608   0.1554   0.2973   0.0627   0.1104   0.1891   0.30    1.0
2026/04/23 07:38:29.400   3509417.5423    779142.7204   5250973.9363   2  20   0.2601   0.1550   0.2962   0.0625   0.1100   0.1885   0.40    1.4
2026/04/23 07:38:29.500   3509417.5418    779142.7192   5250973.9307   2  20   0.2595   0.1547   0.2952   0.0623   0.1096   0.1879  -0.50    1.3
2026/04/23 07:38:29.600   3509417.5394    779142.7183   5250973.9264   2  20   0.2589   0.1544   0.2942   0.0621   0.1092   0.1873  -0.40    1.1
2026/04/23 07:38:29.700   3509417.5389    779142.7184   5250973.9255   2  20   0.2583   0.1540   0.2932   0.0618   0.1088   0.1867  -0.30    1.1
2026/04/23 07:38:29.800   3509417.5381    779142.7181   5250973.9235   2  20   0.2577   0.1537   0.2921   0.0616   0.1084   0.1861  -0.20    1.1
2026/04/23 07:38:29.900   3509417.5364    779142.7165   5250973.9217   2  20   0.2571   0.1533   0.2911   0.0614   0.1080   0.1855  -0.10    1.1
2026/04/23 07:38:30.000   3509417.5375    779142.7158   5250973.9209   2  20   0.2564   0.1530   0.2901   0.0612   0.1076   0.1849   0.00    1.1
2026/04/23 07:38:30.100   3509417.5372    779142.7142   5250973.9204   2  20   0.2558   0.1527   0.2891   0.0609   0.1073   0.1843   0.10    1.3
2026/04/23 07:38:30.200   3509417.5359    779142.7133   5250973.9207   2  20   0.2552   0.1523   0.2881   0.0607   0.1069   0.1837   0.20    1.0
2026/04/23 07:38:30.300   3509417.5338    779142.7121   5250973.9201   2  20   0.2546   0.1520   0.2871   0.0605   0.1065   0.1832   0.30    1.0
2026/04/23 07:38:30.400   3509417.5291    779142.7105   5250973.9158   2  20   0.2540   0.1517   0.2862   0.0603   0.1061   0.1826   0.40    1.1
2026/04/23 07:38:30.500   3509417.5261    779142.7086   5250973.9122   2  20   0.2535   0.1514   0.2852   0.0600   0.1058   0.1820  -0.50    1.0
2026/04/23 07:38:30.600   3509417.5241    779142.7067   5250973.9076   2  20   0.2529   0.1510   0.2842   0.0598   0.1054   0.1815  -0.40    1.1
2026/04/23 07:38:30.700   3509417.5248    779142.7049   5250973.9124   2  20   0.2523   0.1507   0.2833   0.0596   0.1050   0.1809  -0.30    1.0
2026/04/23 07:38:30.800   3509417.5217    779142.7028   5250973.9104   2  20   0.2517   0.1504   0.2823   0.0594   0.1047   0.1803  -0.20    1.0
2026/04/23 07:38:30.900   3509417.5218    779142.7012   5250973.9053   2  20   0.2511   0.1501   0.2813   0.0592   0.1043   0.1798  -0.10    1.6
2026/04/23 07:38:31.000   3509417.5208    779142.6999   5250973.9036   2  20   0.2505   0.1498   0.2804   0.0590   0.1039   0.1792   0.00    1.4
2026/04/23 07:38:31.100   3509417.5133    779142.6977   5250973.8967   2  20   0.2500   0.1495   0.2794   0.0588   0.1036   0.1787   0.10    1.1
2026/04/23 07:38:31.200   3509417.5137    779142.6958   5250973.8921   2  20   0.2494   0.1491   0.2785   0.0585   0.1032   0.1781   0.20    1.8
2026/04/23 07:38:31.300   3509417.5162    779142.6953   5250973.8902   2  20   0.2488   0.1488   0.2776   0.0583   0.1029   0.1776   0.30    1.5
2026/04/23 07:38:31.400   3509417.5131    779142.6928   5250973.8846   2  20   0.2483   0.1485   0.2766   0.0581   0.1025   0.1770   0.40    1.1
2026/04/23 07:38:31.500   3509417.5083    779142.6911   5250973.8776   2  20   0.2477   0.1482   0.2757   0.0579   0.1022   0.1765  -0.50    1.5
2026/04/23 07:38:31.600   3509417.5154    779142.6901   5250973.8798   2  20   0.2471   0.1479   0.2748   0.0577   0.1018   0.1760  -0.40    1.8
2026/04/23 07:38:31.700   3509417.5158    779142.6889   5250973.8788   2  20   0.2466   0.1476   0.2739   0.0575   0.1015   0.1754  -0.30    1.8
2026/04/23 07:38:31.800   3509417.5179    779142.6879   5250973.8789   2  20   0.2460   0.1473   0.2730   0.0573   0.1011   0.1749  -0.20    1.8
2026/04/23 07:38:31.900   3509417.5199    779142.6870   5250973.8793   2  20   0.2455   0.1470   0.2721   0.0571   0.1008   0.1744  -0.10    1.5
2026/04/23 07:38:32.000   3509417.5252    779142.6875   5250973.8831   2  20   0.2449   0.1467   0.2712   0.0569   0.1004   0.1738   0.00    1.3
2026/04/23 07:38:32.100   3509417.5289    779142.6874   5250973.8830   2  20   0.2444   0.1464   0.2703   0.0567   0.1001   0.1733   0.10    1.1
2026/04/23 07:38:32.200   3509417.5310    779142.6881   5250973.8859   2  20   0.2439   0.1461   0.2694   0.0565   0.0997   0.1728   0.20    1.1
2026/04/23 07:38:32.300   3509417.5331    779142.6877   5250973.8874   2  20   0.2433   0.1458   0.2685   0.0563   0.0994   0.1723   0.30    1.7
2026/04/23 07:38:32.400   3509417.5387    779142.6871   5250973.8903   2  20   0.2428   0.1455   0.2676   0.0561   0.0991   0.1718   0.40    1.1
2026/04/23 07:38:32.500   3509417.5393    779142.6877   5250973.8845   2  20   0.2422   0.1452   0.2667   0.0559   0.0987   0.1713  -0.50    1.1
2026/04/23 07:38:32.600   3509417.5388    779142.6866   5250973.8826   2  20   0.2417   0.1450   0.2659   0.0557   0.0984   0.1707  -0.40    1.1
2026/04/23 07:38:32.700   3509417.5461    779142.6862   5250973.8893   2  20   0.2412   0.1447   0.2650   0.0555   0.0981   0.1702  -0.30    1.0
2026/04/23 07:38:32.800   3509417.5528    779142.6850   5250973.8969   2  20   0.2407   0.1444   0.2641   0.0553   0.0977   0.1697  -0.20    1.0
2026/04/23 07:38:32.900   3509417.5522    779142.6856   5250973.9031   2  20   0.2401   0.1441   0.2633   0.0551   0.0974   0.1692  -0.10    1.4
2026/04/23 07:38:33.000   3509417.5466    779142.6862   5250973.9018   2  20   0.2396   0.1438   0.2624   0.0549   0.0971   0.1687   0.00    1.1
2026/04/23 07:38:33.100   3509417.5431    779142.6884   5250973.9041   2  20   0.2391   0.1435   0.2615   0.0547   0.0967   0.1682   0.10    1.0
2026/04/23 07:38:33.200   3509417.5439    779142.6908   5250973.9069   2  20   0.2386   0.1432   0.2607   0.0545   0.0964   0.1677   0.20    1.0
2026/04/23 07:38:33.300   3509417.5487    779142.6894   5250973.9083   2  19   0.2382   0.1430   0.2599   0.0543   0.0961   0.1673   0.30    1.0
2026/04/23 07:38:33.400   3509417.5573    779142.6877   5250973.9122   2  19   0.2378   0.1427   0.2591   0.0542   0.0958   0.1669   0.40    1.1
2026/04/23 07:38:33.500   3509417.5628    779142.6861   5250973.9101   2  20   0.2373   0.1424   0.2583   0.0540   0.0955   0.1665  -0.50    1.0
2026/04/23 07:38:33.600   3509417.5744    779142.6843   5250973.9129   2  20   0.2368   0.1421   0.2575   0.0538   0.0952   0.1660  -0.40    1.0
2026/04/23 07:38:33.700   3509417.5795    779142.6831   5250973.9188   2  20   0.2363   0.1419   0.2567   0.0536   0.0949   0.1656  -0.30    1.0
2026/04/23 07:38:33.800   3509417.5771    779142.6832   5250973.9150   2  20   0.2359   0.1416   0.2560   0.0534   0.0946   0.1652  -0.20    1.0
2026/04/23 07:38:33.900   3509417.5806    779142.6858   5250973.9191   2  20   0.2354   0.1413   0.2552   0.0533   0.0943   0.1648  -0.10    1.0
2026/04/23 07:38:34.000   3509417.5794    779142.6878   5250973.9130   2  19   0.2350   0.1411   0.2545   0.0531   0.0940   0.1644   0.00    1.0
2026/04/23 07:38:34.100   3509417.5704    779142.6883   5250973.9019   2  19   0.2347   0.1408   0.2537   0.0529   0.0937   0.1641   0.10    1.0
2026/04/23 07:38:34.200   3509417.5640    779142.6854   5250973.8866   2  20   0.2342   0.1405   0.2530   0.0527   0.0934   0.1636   0.20    1.0
2026/04/23 07:38:34.300   3509417.5719    779142.6831   5250973.8858   2  20   0.2337   0.1403   0.2523   0.0526   0.0931   0.1632   0.30    1.0
2026/04/23 07:38:34.400   3509417.5888    779142.6821   5250973.8990   2  20   0.2333   0.1400   0.2515   0.0524   0.0928   0.1628   0.40    1.0
2026/04/23 07:38:34.500   3509417.6068    779142.6843   5250973.9182   2  19   0.2328   0.1398   0.2508   0.0522   0.0925   0.1625  -0.50    1.0
2026/04/23 07:38:34.600   3509417.6272    779142.6861   5250973.9427   2  20   0.2323   0.1395   0.2501   0.0521   0.0922   0.1620  -0.40    1.0
2026/04/23 07:38:34.700   3509417.6153    779142.6848   5250973.9228   2  19   0.2320   0.1393   0.2495   0.0522   0.0921   0.1618  -0.30    1.0
2026/04/23 07:38:34.800   3509417.6001    779142.6832   5250973.9069   2  19   0.2316   0.1391   0.2488   0.0521   0.0919   0.1615  -0.20    1.1
2026/04/23 07:38:34.900   3509417.5850    779142.6801   5250973.8997   2  19   0.2313   0.1388   0.2482   0.0520   0.0917   0.1612  -0.10    1.0
2026/04/23 07:38:35.000   3509417.5678    779142.6734   5250973.8923   2  18   0.2310   0.1386   0.2476   0.0519   0.0915   0.1610   0.00    1.0
2026/04/23 07:38:35.100   3509417.5655    779142.6742   5250973.8904   2  19   0.2306   0.1383   0.2470   0.0518   0.0912   0.1607   0.10    1.0
2026/04/23 07:38:35.200   3509417.5657    779142.6711   5250973.8841   2  17   0.2305   0.1381   0.2464   0.0518   0.0911   0.1605   0.20    1.0
2026/04/23 07:38:35.300   3509417.5757    779142.6694   5250973.8791   2  19   0.2301   0.1379   0.2458   0.0516   0.0908   0.1602   0.30    1.0
2026/04/23 07:38:35.400   3509417.5888    779142.6697   5250973.8765   2  19   0.2297   0.1376   0.2452   0.0515   0.0906   0.1599   0.40    1.1
2026/04/23 07:38:35.500   3509417.6029    779142.6722   5250973.8875   2  19   0.2293   0.1374   0.2446   0.0513   0.0903   0.1596  -0.50    1.0
2026/04/23 07:38:35.600   3509417.6164    779142.6767   5250973.9115   2  19   0.2289   0.1371   0.2439   0.0511   0.0901   0.1593  -0.40    1.1
2026/04/23 07:38:35.700   3509417.6308    779142.6777   5250973.9233   2  18   0.2286   0.1369   0.2433   0.0509   0.0898   0.1590  -0.30    1.1
2026/04/23 07:38:35.800   3509417.6374    779142.6766   5250973.9208   2  18   0.2284   0.1367   0.2427   0.0509   0.0897   0.1588  -0.20    1.0
2026/04/23 07:38:35.900   3509417.6415    779142.6753   5250973.9216   2  18   0.2282   0.1364   0.2422   0.0508   0.0894   0.1586  -0.10    1.0
2026/04/23 07:38:36.000   3509417.6433    779142.6737   5250973.9196   2  18   0.2279   0.1362   0.2416   0.0508   0.0893   0.1584   0.00    1.0
2026/04/23 07:38:36.100   3509417.6453    779142.6739   5250973.9161   2  19   0.2276   0.1360   0.2410   0.0506   0.0890   0.1581   0.10    1.2
2026/04/23 07:38:36.200   3509417.6565    779142.6742   5250973.9183   2  19   0.2273   0.1358   0.2404   0.0505   0.0888   0.1579   0.20    1.0
2026/04/23 07:38:36.300   3509417.6655    779142.6737   5250973.9188   2  19   0.2270   0.1355   0.2399   0.0503   0.0886   0.1576   0.30    1.0
2026/04/23 07:38:36.400   3509417.6644    779142.6730   5250973.9115   2  19   0.2266   0.1353   0.2393   0.0502   0.0883   0.1574   0.40    1.0
2026/04/23 07:38:36.500   3509417.6657    779142.6692   5250973.9045   2  19   0.2263   0.1351   0.2387   0.0500   0.0881   0.1571  -0.50    1.0
2026/04/23 07:38:36.600   3509417.6703    779142.6652   5250973.9003   2  19   0.2260   0.1348   0.2381   0.0499   0.0879   0.1569  -0.40    1.1
2026/04/23 07:38:36.700   3509417.6785    779142.6641   5250973.8974   2  19   0.2257   0.1346   0.2375   0.0497   0.0876   0.1566  -0.30    1.2
2026/04/23 07:38:36.800   3509417.6882    779142.6640   5250973.9008   2  19   0.2254   0.1344   0.2369   0.0495   0.0874   0.1563  -0.20    1.2
2026/04/23 07:38:36.900   3509417.6903    779142.6647   5250973.9031   2  18   0.2252   0.1341   0.2363   0.0494   0.0871   0.1561  -0.10    1.1
2026/04/23 07:38:37.000   3509417.6929    779142.6642   5250973.9034   2  19   0.2248   0.1339   0.2358   0.0492   0.0869   0.1558   0.00    1.0
2026/04/23 07:38:37.100   3509417.6942    779142.6651   5250973.8993   2  19   0.2245   0.1337   0.2352   0.0490   0.0867   0.1556   0.10    1.0
2026/04/23 07:38:37.200   3509417.7050    779142.6665   5250973.8973   2  19   0.2242   0.1335   0.2346   0.0489   0.0864   0.1553   0.20    1.0
2026/04/23 07:38:37.300   3509417.7157    779142.6646   5250973.9006   2  18   0.2240   0.1333   0.2340   0.0488   0.0862   0.1551   0.30    1.1
2026/04/23 07:38:37.400   3509417.7293    779142.6635   5250973.9106   2  18   0.2237   0.1331   0.2335   0.0487   0.0861   0.1548   0.40    1.0
2026/04/23 07:38:37.500   3509417.7403    779142.6618   5250973.9175   2  19   0.2234   0.1328   0.2329   0.0486   0.0858   0.1546  -0.50    1.0
2026/04/23 07:38:37.600   3509417.7483    779142.6615   5250973.9259   2  19   0.2231   0.1326   0.2323   0.0484   0.0856   0.1543  -0.40    1.0
2026/04/23 07:38:37.700   3509417.7514    779142.6604   5250973.9266   2  19   0.2228   0.1324   0.2318   0.0483   0.0854   0.1541  -0.30    1.0
2026/04/23 07:38:37.800   3509417.7561    779142.6612   5250973.9267   2  19   0.2224   0.1322   0.2312   0.0482   0.0852   0.1538  -0.20    1.0
2026/04/23 07:38:37.900   3509417.7629    779142.6607   5250973.9272   2  19   0.2221   0.1320   0.2306   0.0480   0.0849   0.1536  -0.10    1.0
2026/04/23 07:38:38.000   3509417.7662    779142.6582   5250973.9234   2  19   0.2218   0.1318   0.2301   0.0479   0.0847   0.1533   0.00    1.3
2026/04/23 07:38:38.100   3509417.7676    779142.6554   5250973.9166   2  19   0.2215   0.1315   0.2295   0.0477   0.0845   0.1530   0.10    1.1
2026/04/23 07:38:38.200   3509417.7771    779142.6563   5250973.9147   2  19   0.2212   0.1313   0.2290   0.0476   0.0843   0.1528   0.20    1.0
2026/04/23 07:38:38.300   3509417.7823    779142.6519   5250973.9122   2  19   0.2209   0.1311   0.2284   0.0474   0.0840   0.1525   0.30    1.1
2026/04/23 07:38:38.400   3509417.7817    779142.6462   5250973.9058   2  19   0.2206   0.1309   0.2279   0.0472   0.0838   0.1523   0.40    1.1
2026/04/23 07:38:38.500   3509417.7811    779142.6417   5250973.8975   2  19   0.2203   0.1307   0.2273   0.0471   0.0836   0.1520  -0.50    1.1
2026/04/23 07:38:38.600   3509417.7783    779142.6396   5250973.8940   2  18   0.2200   0.1305   0.2268   0.0470   0.0834   0.1518  -0.40    1.6
2026/04/23 07:38:38.700   3509417.7805    779142.6358   5250973.8891   2  18   0.2198   0.1303   0.2263   0.0470   0.0832   0.1516  -0.30    1.5
2026/04/23 07:38:38.800   3509417.7862    779142.6321   5250973.8855   2  18   0.2195   0.1301   0.2257   0.0469   0.0831   0.1513  -0.20    1.1
2026/04/23 07:38:38.900   3509417.7950    779142.6315   5250973.8888   2  19   0.2192   0.1299   0.2252   0.0468   0.0828   0.1511  -0.10    1.0
2026/04/23 07:38:39.000   3509417.7999    779142.6303   5250973.8877   2  18   0.2189   0.1297   0.2247   0.0467   0.0827   0.1509   0.00    1.0
2026/04/23 07:38:39.100   3509417.8028    779142.6293   5250973.8877   2  19   0.2186   0.1295   0.2241   0.0465   0.0824   0.1506   0.10    1.0
2026/04/23 07:38:39.200   3509417.8041    779142.6270   5250973.8905   2  19   0.2183   0.1293   0.2236   0.0464   0.0822   0.1504   0.20    1.2
2026/04/23 07:38:39.300   3509417.8112    779142.6269   5250973.8877   2  19   0.2180   0.1291   0.2231   0.0462   0.0820   0.1501   0.30    1.0
2026/04/23 07:38:39.400   3509417.8200    779142.6290   5250973.8925   2  19   0.2178   0.1289   0.2225   0.0461   0.0818   0.1499   0.40    1.0
2026/04/23 07:38:39.500   3509417.8253    779142.6290   5250973.8933   2  19   0.2175   0.1287   0.2220   0.0460   0.0816   0.1496  -0.50    1.0
2026/04/23 07:38:39.600   3509417.8295    779142.6271   5250973.8956   2  19   0.2172   0.1285   0.2215   0.0458   0.0814   0.1494  -0.40    1.0
2026/04/23 07:38:39.700   3509417.8312    779142.6241   5250973.8978   2  19   0.2169   0.1283   0.2210   0.0457   0.0812   0.1492  -0.30    1.1
2026/04/23 07:38:39.800   3509417.8333    779142.6237   5250973.8983   2  19   0.2166   0.1281   0.2204   0.0455   0.0810   0.1489  -0.20    1.0
2026/04/23 07:38:39.900   3509417.8376    779142.6208   5250973.9000   2  19   0.2163   0.1279   0.2199   0.0454   0.0807   0.1487  -0.10    1.5
2026/04/23 07:38:40.000   3509417.8338    779142.6184   5250973.8960   2  19   0.2160   0.1277   0.2194   0.0452   0.0805   0.1484   0.00    1.2
2026/04/23 07:38:40.100   3509417.8298    779142.6155   5250973.8942   2  19   0.2158   0.1275   0.2189   0.0451   0.0803   0.1482   0.10    1.0
2026/04/23 07:38:40.200   3509417.8309    779142.6146   5250973.8932   2  19   0.2155   0.1273   0.2184   0.0450   0.0801   0.1480   0.20    1.2
2026/04/23 07:38:40.300   3509417.8266    779142.6119   5250973.8891   2  19   0.2152   0.1271   0.2179   0.0448   0.0799   0.1477   0.30    1.1
2026/04/23 07:38:40.400   3509417.8226    779142.6095   5250973.8853   2  19   0.2149   0.1269   0.2173   0.0447   0.0797   0.1475   0.40    1.1
2026/04/23 07:38:40.500   3509417.8254    779142.6080   5250973.8798   2  19   0.2146   0.1267   0.2168   0.0445   0.0795   0.1473  -0.50    1.4
2026/04/23 07:38:40.600   3509417.8236    779142.6050   5250973.8771   2  19   0.2144   0.1265   0.2163   0.0444   0.0793   0.1470  -0.40    1.5
2026/04/23 07:38:40.700   3509417.8240    779142.6029   5250973.8747   2  19   0.2141   0.1263   0.2158   0.0443   0.0791   0.1468  -0.30    1.1
2026/04/23 07:38:40.800   3509417.8245    779142.6008   5250973.8733   2  19   0.2138   0.1261   0.2153   0.0441   0.0789   0.1466  -0.20    1.2
2026/04/23 07:38:40.900   3509417.8245    779142.5983   5250973.8719   2  19   0.2135   0.1259   0.2148   0.0440   0.0787   0.1463  -0.10    1.0
2026/04/23 07:38:41.000   3509417.8275    779142.5961   5250973.8726   2  19   0.2133   0.1257   0.2143   0.0438   0.0785   0.1461   0.00    1.0
2026/04/23 07:38:41.100   3509417.8290    779142.5952   5250973.8770   2  19   0.2130   0.1256   0.2138   0.0437   0.0783   0.1459   0.10    1.7
2026/04/23 07:38:41.200   3509417.8302    779142.5943   5250973.8818   2  19   0.2127   0.1254   0.2133   0.0436   0.0781   0.1457   0.20    1.7
2026/04/23 07:38:41.300   3509417.8317    779142.5944   5250973.8843   2  19   0.2124   0.1252   0.2128   0.0434   0.0779   0.1454   0.30    1.7
2026/04/23 07:38:41.400   3509417.8344    779142.5944   5250973.8885   2  18   0.2122   0.1250   0.2124   0.0434   0.0777   0.1452   0.40    1.7
2026/04/23 07:38:41.500   3509417.8339    779142.5943   5250973.8950   2  18   0.2119   0.1249   0.2119   0.0433   0.0776   0.1450  -0.50    1.6
2026/04/23 07:38:41.600   3509417.8352    779142.5938   5250973.8996   2  19   0.2117   0.1247   0.2114   0.0432   0.0774   0.1448  -0.40    1.6
2026/04/23 07:38:41.700   3509417.8375    779142.5931   5250973.9014   2  18   0.2114   0.1245   0.2109   0.0431   0.0772   0.1446  -0.30    1.3
2026/04/23 07:38:41.800   3509417.8375    779142.5935   5250973.9082   2  19   0.2111   0.1243   0.2104   0.0430   0.0770   0.1443  -0.20    1.3
2026/04/23 07:38:41.900   3509417.8370    779142.5935   5250973.9151   2  19   0.2109   0.1241   0.2100   0.0428   0.0768   0.1441  -0.10    1.3
2026/04/23 07:38:42.000   3509417.8397    779142.5913   5250973.9217   2  18   0.2106   0.1240   0.2095   0.0428   0.0766   0.1439   0.00    1.0
2026/04/23 07:38:42.100   3509417.8379    779142.5891   5250973.9255   2  18   0.2104   0.1238   0.2090   0.0427   0.0765   0.1437   0.10    1.8
2026/04/23 07:38:42.200   3509417.8372    779142.5869   5250973.9276   2  19   0.2101   0.1236   0.2085   0.0425   0.0763   0.1435   0.20    2.2
2026/04/23 07:38:42.300   3509417.8361    779142.5840   5250973.9303   2  18   0.2099   0.1235   0.2081   0.0425   0.0761   0.1433   0.30    1.3
2026/04/23 07:38:42.400   3509417.8355    779142.5805   5250973.9326   2  18   0.2096   0.1233   0.2076   0.0424   0.0760   0.1431   0.40    1.7
2026/04/23 07:38:42.500   3509417.8342    779142.5792   5250973.9383   2  18   0.2094   0.1232   0.2071   0.0424   0.0758   0.1429  -0.50    1.0
2026/04/23 07:38:42.600   3509417.8360    779142.5771   5250973.9434   2  18   0.2091   0.1230   0.2067   0.0423   0.0757   0.1427  -0.40    1.2
2026/04/23 07:38:42.700   3509417.8345    779142.5748   5250973.9403   2  18   0.2089   0.1228   0.2062   0.0422   0.0755   0.1424  -0.30    1.1
2026/04/23 07:38:42.800   3509417.8337    779142.5746   5250973.9399   2  18   0.2086   0.1227   0.2058   0.0421   0.0753   0.1422  -0.20    1.1
2026/04/23 07:38:42.900   3509417.8352    779142.5769   5250973.9348   2  18   0.2083   0.1225   0.2053   0.0420   0.0752   0.1420  -0.10    1.8
2026/04/23 07:38:43.000   3509417.8422    779142.5803   5250973.9422   2  18   0.2081   0.1223   0.2048   0.0419   0.0750   0.1418   0.00    1.8
2026/04/23 07:38:43.100   3509417.8430    779142.5825   5250973.9479   2  18   0.2078   0.1221   0.2044   0.0417   0.0748   0.1416   0.10    1.8
2026/04/23 07:38:43.200   3509417.8424    779142.5823   5250973.9521   2  18   0.2076   0.1220   0.2039   0.0416   0.0746   0.1414   0.20    1.7
2026/04/23 07:38:43.300   3509417.8408    779142.5827   5250973.9556   2  18   0.2073   0.1218   0.2034   0.0415   0.0744   0.1411   0.30    1.6
2026/04/23 07:38:43.400   3509417.8389    779142.5831   5250973.9579   2  18   0.2071   0.1216   0.2030   0.0413   0.0742   0.1409   0.40    1.5
2026/04/23 07:38:43.500   3509417.8349    779142.5839   5250973.9581   2  18   0.2068   0.1214   0.2025   0.0412   0.0740   0.1407  -0.50    1.3
2026/04/23 07:38:43.600   3509417.8336    779142.5850   5250973.9626   2  18   0.2065   0.1213   0.2021   0.0411   0.0738   0.1405  -0.40    1.3
2026/04/23 07:38:43.700   3509417.8316    779142.5842   5250973.9654   2  18   0.2063   0.1211   0.2016   0.0409   0.0736   0.1403  -0.30    1.4
2026/04/23 07:38:43.800   3509417.8300    779142.5843   5250973.9682   2  18   0.2060   0.1209   0.2011   0.0408   0.0735   0.1400  -0.20    1.1
2026/04/23 07:38:43.900   3509417.8276    779142.5864   5250973.9680   2  18   0.2058   0.1207   0.2007   0.0407   0.0733   0.1398  -0.10    1.8
2026/04/23 07:38:44.000   3509417.8285    779142.5898   5250973.9719   2  18   0.2055   0.1206   0.2002   0.0405   0.0731   0.1396   0.00    1.0
2026/04/23 07:38:44.100   3509417.8272    779142.5907   5250973.9753   2  18   0.2053   0.1204   0.1998   0.0404   0.0729   0.1394   0.10    1.5
2026/04/23 07:38:44.200   3509417.8263    779142.5925   5250973.9721   2  18   0.2050   0.1202   0.1993   0.0403   0.0727   0.1392   0.20    1.7
2026/04/23 07:38:44.300   3509417.8229    779142.5928   5250973.9669   2  18   0.2048   0.1201   0.1989   0.0401   0.0725   0.1390   0.30    1.1
2026/04/23 07:38:44.400   3509417.8218    779142.5942   5250973.9606   2  18   0.2045   0.1199   0.1984   0.0400   0.0724   0.1388   0.40    1.2
2026/04/23 07:38:44.500   3509417.8194    779142.5968   5250973.9556   2  18   0.2043   0.1197   0.1980   0.0399   0.0722   0.1385  -0.50    1.1
2026/04/23 07:38:44.600   3509417.8198    779142.5987   5250973.9510   2  18   0.2040   0.1195   0.1976   0.0398   0.0720   0.1383  -0.40    1.0
2026/04/23 07:38:44.700   3509417.8232    779142.6007   5250973.9518   2  18   0.2038   0.1194   0.1971   0.0396   0.0718   0.1381  -0.30    1.8
2026/04/23 07:38:44.800   3509417.8276    779142.6035   5250973.9624   2  18   0.2035   0.1192   0.1967   0.0395   0.0716   0.1379  -0.20    1.8
2026/04/23 07:38:44.900   3509417.8259    779142.6055   5250973.9717   2  18   0.2033   0.1190   0.1962   0.0394   0.0715   0.1377  -0.10    1.8
2026/04/23 07:38:45.000   3509417.8275    779142.6089   5250973.9772   2  18   0.2030   0.1189   0.1958   0.0392   0.0713   0.1375   0.00    1.7
2026/04/23 07:38:45.100   3509417.8269    779142.6128   5250973.9764   2  18   0.2028   0.1187   0.1954   0.0391   0.0711   0.1373   0.10    1.6
2026/04/23 07:38:45.200   3509417.8263    779142.6156   5250973.9788   2  18   0.2025   0.1185   0.1949   0.0390   0.0709   0.1371   0.20    1.5
2026/04/23 07:38:45.300   3509417.8253    779142.6162   5250973.9854   2  18   0.2023   0.1184   0.1945   0.0389   0.0707   0.1368   0.30    1.3
2026/04/23 07:38:45.400   3509417.8237    779142.6150   5250973.9917   2  18   0.2020   0.1182   0.1941   0.0387   0.0706   0.1366   0.40    1.3
2026/04/23 07:38:45.500   3509417.8254    779142.6157   5250973.9994   2  18   0.2018   0.1181   0.1936   0.0386   0.0704   0.1364  -0.50    1.5
2026/04/23 07:38:45.600   3509417.8253    779142.6168   5250974.0068   2  18   0.2016   0.1179   0.1932   0.0385   0.0702   0.1362  -0.40    1.2
2026/04/23 07:38:45.700   3509417.8238    779142.6189   5250974.0161   2  18   0.2013   0.1177   0.1928   0.0383   0.0700   0.1360  -0.30    1.8
2026/04/23 07:38:45.800   3509417.8270    779142.6215   5250974.0269   2  18   0.2011   0.1176   0.1924   0.0382   0.0699   0.1358  -0.20    1.1
2026/04/23 07:38:45.900   3509417.8331    779142.6256   5250974.0373   2  18   0.2008   0.1174   0.1919   0.0381   0.0697   0.1356  -0.10    1.5
2026/04/23 07:38:46.000   3509417.8331    779142.6287   5250974.0444   2  18   0.2006   0.1172   0.1915   0.0380   0.0695   0.1354   0.00    1.6
2026/04/23 07:38:46.100   3509417.8346    779142.6315   5250974.0531   2  18   0.2003   0.1171   0.1911   0.0378   0.0693   0.1352   0.10    1.2
2026/04/23 07:38:46.200   3509417.8371    779142.6358   5250974.0647   2  18   0.2001   0.1169   0.1907   0.0377   0.0692   0.1350   0.20    1.2
2026/04/23 07:38:46.300   3509417.8374    779142.6384   5250974.0747   2  18   0.1999   0.1168   0.1902   0.0376   0.0690   0.1348   0.30    1.1
2026/04/23 07:38:46.400   3509417.8358    779142.6417   5250974.0879   2  18   0.1996   0.1166   0.1898   0.0375   0.0688   0.1346   0.40    1.0
2026/04/23 07:38:46.500   3509417.8364    779142.6460   5250974.1008   2  18   0.1994   0.1165   0.1894   0.0373   0.0687   0.1344  -0.50    1.9
2026/04/23 07:38:46.600   3509417.8385    779142.6500   5250974.1139   2  18   0.1991   0.1163   0.1890   0.0372   0.0685   0.1342  -0.40    1.9
2026/04/23 07:38:46.700   3509417.8374    779142.6540   5250974.1250   2  18   0.1989   0.1161   0.1886   0.0371   0.0683   0.1340  -0.30    1.9
2026/04/23 07:38:46.800   3509417.8377    779142.6577   5250974.1333   2  18   0.1987   0.1160   0.1882   0.0370   0.0682   0.1338  -0.20    1.7
2026/04/23 07:38:46.900   3509417.8425    779142.6610   5250974.1405   2  18   0.1984   0.1158   0.1878   0.0368   0.0680   0.1335  -0.10    1.6
2026/04/23 07:38:47.000   3509417.8467    779142.6629   5250974.1450   2  18   0.1982   0.1157   0.1874   0.0367   0.0678   0.1333   0.00    1.5
2026/04/23 07:38:47.100   3509417.8447    779142.6649   5250974.1479   2  18   0.1980   0.1155   0.1869   0.0366   0.0676   0.1331   0.10    1.3
2026/04/23 07:38:47.200   3509417.8399    779142.6671   5250974.1492   2  18   0.1977   0.1154   0.1865   0.0365   0.0675   0.1329   0.20    1.3
2026/04/23 07:38:47.300   3509417.8388    779142.6714   5250974.1539   2  18   0.1975   0.1152   0.1861   0.0363   0.0673   0.1327   0.30    1.5
2026/04/23 07:38:47.400   3509417.8429    779142.6737   5250974.1723   2  18   0.1973   0.1151   0.1857   0.0362   0.0672   0.1325   0.40    1.2
2026/04/23 07:38:47.500   3509417.8429    779142.6748   5250974.1855   2  18   0.1970   0.1149   0.1853   0.0361   0.0670   0.1323  -0.50    1.9
2026/04/23 07:38:47.600   3509417.8385    779142.6753   5250974.1870   2  18   0.1968   0.1148   0.1849   0.0360   0.0668   0.1321  -0.40    1.1
2026/04/23 07:38:47.700   3509417.8361    779142.6751   5250974.1836   2  18   0.1966   0.1146   0.1845   0.0358   0.0667   0.1319  -0.30    1.4
2026/04/23 07:38:47.800   3509417.8383    779142.6756   5250974.1808   2  18   0.1963   0.1145   0.1841   0.0357   0.0665   0.1317  -0.20    1.5
2026/04/23 07:38:47.900   3509417.8393    779142.6781   5250974.1814   2  18   0.1961   0.1143   0.1837   0.0356   0.0663   0.1315  -0.10    1.3
2026/04/23 07:38:48.000   3509417.8379    779142.6812   5250974.1821   2  18   0.1959   0.1142   0.1833   0.0355   0.0662   0.1314   0.00    1.2
2026/04/23 07:38:48.100   3509417.8352    779142.6813   5250974.1815   2  18   0.1956   0.1140   0.1829   0.0353   0.0660   0.1312   0.10    1.1
2026/04/23 07:38:48.200   3509417.8334    779142.6819   5250974.1784   2  18   0.1954   0.1139   0.1825   0.0352   0.0658   0.1310   0.20    1.1
2026/04/23 07:38:48.300   3509417.8331    779142.6818   5250974.1749   2  18   0.1952   0.1137   0.1821   0.0351   0.0657   0.1308   0.30    1.9
2026/04/23 07:38:48.400   3509417.8301    779142.6834   5250974.1724   2  18   0.1950   0.1136   0.1818   0.0350   0.0655   0.1306   0.40    1.9
2026/04/23 07:38:48.500   3509417.8307    779142.6847   5250974.1703   2  18   0.1947   0.1134   0.1814   0.0349   0.0654   0.1304  -0.50    1.9
2026/04/23 07:38:48.600   3509417.8343    779142.6862   5250974.1699   2  18   0.1945   0.1133   0.1810   0.0347   0.0652   0.1302  -0.40    1.7
2026/04/23 07:38:48.700   3509417.8364    779142.6878   5250974.1713   2  18   0.1943   0.1131   0.1806   0.0346   0.0650   0.1300  -0.30    1.6
2026/04/23 07:38:48.800   3509417.8369    779142.6882   5250974.1725   2  18   0.1941   0.1130   0.1802   0.0345   0.0649   0.1298  -0.20    1.5
2026/04/23 07:38:48.900   3509417.8357    779142.6899   5250974.1749   2  18   0.1938   0.1128   0.1798   0.0344   0.0647   0.1296  -0.10    1.3
2026/04/23 07:38:49.000   3509417.8398    779142.6920   5250974.1767   2  18   0.1936   0.1127   0.1794   0.0343   0.0646   0.1294   0.00    1.3
2026/04/23 07:38:49.100   3509417.8406    779142.6950   5250974.1792   2  18   0.1934   0.1125   0.1791   0.0341   0.0644   0.1292   0.10    1.5
2026/04/23 07:38:49.200   3509417.8400    779142.6982   5250974.1828   2  18   0.1932   0.1124   0.1787   0.0340   0.0643   0.1290   0.20    1.2
2026/04/23 07:38:49.300   3509417.8412    779142.7014   5250974.1875   2  18   0.1929   0.1123   0.1783   0.0339   0.0641   0.1288   0.30    1.9
2026/04/23 07:38:49.400   3509417.8422    779142.7036   5250974.1902   2  18   0.1927   0.1121   0.1779   0.0338   0.0639   0.1286   0.40    1.1
2026/04/23 07:38:49.500   3509417.8431    779142.7060   5250974.1902   2  18   0.1925   0.1120   0.1775   0.0336   0.0638   0.1284  -0.50    1.3
2026/04/23 07:38:49.600   3509417.8406    779142.7088   5250974.1876   2  18   0.1923   0.1118   0.1772   0.0335   0.0636   0.1282  -0.40    1.5
2026/04/23 07:38:49.700   3509417.8402    779142.7097   5250974.1828   2  18   0.1920   0.1117   0.1768   0.0334   0.0635   0.1281  -0.30    1.4
2026/04/23 07:38:49.800   3509417.8404    779142.7115   5250974.1799   2  18   0.1918   0.1116   0.1764   0.0333   0.0633   0.1279  -0.20    1.2
2026/04/23 07:38:49.900   3509417.8419    779142.7124   5250974.1801   2  18   0.1916   0.1114   0.1760   0.0332   0.0632   0.1277  -0.10    1.2
2026/04/23 07:38:50.000   3509417.8453    779142.7150   5250974.1777   2  17   0.1914   0.1113   0.1757   0.0330   0.0630   0.1275   0.00    1.1
2026/04/23 07:38:50.100   3509417.8498    779142.7145   5250974.1780   2  18   0.1912   0.1111   0.1753   0.0329   0.0629   0.1273   0.10    2.0
2026/04/23 07:38:50.200   3509417.8491    779142.7142   5250974.1751   2  18   0.1910   0.1110   0.1749   0.0328   0.0627   0.1271   0.20    2.0
2026/04/23 07:38:50.300   3509417.8481    779142.7157   5250974.1729   2  18   0.1907   0.1109   0.1746   0.0327   0.0626   0.1269   0.30    2.0
2026/04/23 07:38:50.400   3509417.8469    779142.7163   5250974.1722   2  18   0.1905   0.1107   0.1742   0.0326   0.0624   0.1268   0.40    1.7
2026/04/23 07:38:50.500   3509417.8476    779142.7188   5250974.1718   2  18   0.1903   0.1106   0.1738   0.0325   0.0623   0.1266  -0.50    1.6
2026/04/23 07:38:50.600   3509417.8524    779142.7206   5250974.1712   2  18   0.1901   0.1105   0.1735   0.0324   0.0621   0.1264  -0.40    1.5
2026/04/23 07:38:50.700   3509417.8518    779142.7209   5250974.1698   2  18   0.1899   0.1103   0.1731   0.0323   0.0620   0.1262  -0.30    1.3
2026/04/23 07:38:50.800   3509417.8501    779142.7222   5250974.1718   2  18   0.1897   0.1102   0.1728   0.0321   0.0618   0.1260  -0.20    1.3
2026/04/23 07:38:50.900   3509417.8486    779142.7233   5250974.1703   2  18   0.1894   0.1100   0.1724   0.0320   0.0617   0.1258  -0.10    1.5
2026/04/23 07:38:51.000   3509417.8461    779142.7256   5250974.1655   2  18   0.1892   0.1099   0.1720   0.0319   0.0615   0.1256   0.00    1.2
2026/04/23 07:38:51.100   3509417.8455    779142.7283   5250974.1631   2  18   0.1890   0.1098   0.1717   0.0318   0.0614   0.1255   0.10    2.0
2026/04/23 07:38:51.200   3509417.8439    779142.7311   5250974.1595   2  18   0.1888   0.1097   0.1713   0.0318   0.0613   0.1253   0.20    1.0
2026/04/23 07:38:51.300   3509417.8420    779142.7303   5250974.1567   2  18   0.1886   0.1095   0.1710   0.0317   0.0612   0.1251   0.30    1.3
2026/04/23 07:38:51.400   3509417.8382    779142.7283   5250974.1551   2  18   0.1884   0.1094   0.1706   0.0316   0.0610   0.1250   0.40    1.5
2026/04/23 07:38:51.500   3509417.8388    779142.7262   5250974.1510   2  18   0.1882   0.1093   0.1703   0.0315   0.0609   0.1248  -0.50    1.4
2026/04/23 07:38:51.600   3509417.8370    779142.7251   5250974.1458   2  18   0.1880   0.1092   0.1699   0.0315   0.0608   0.1246  -0.40    1.2
2026/04/23 07:38:51.700   3509417.8320    779142.7258   5250974.1428   2  18   0.1878   0.1091   0.1696   0.0314   0.0607   0.1244  -0.30    1.2
2026/04/23 07:38:51.800   3509417.8305    779142.7277   5250974.1438   2  18   0.1876   0.1090   0.1692   0.0313   0.0605   0.1243  -0.20    1.0
2026/04/23 07:38:51.900   3509417.8281    779142.7280   5250974.1427   2  18   0.1874   0.1088   0.1689   0.0313   0.0604   0.1241  -0.10    2.0
2026/04/23 07:38:52.000   3509417.8189    779142.7285   5250974.1397   2  18   0.1872   0.1087   0.1685   0.0312   0.0603   0.1239   0.00    2.0
2026/04/23 07:38:52.100   3509417.8149    779142.7297   5250974.1367   2  18   0.1870   0.1086   0.1682   0.0311   0.0602   0.1237   0.10    2.0
2026/04/23 07:38:52.200   3509417.8098    779142.7298   5250974.1366   2  18   0.1868   0.1085   0.1679   0.0311   0.0601   0.1236   0.20    1.7
2026/04/23 07:38:52.300   3509417.8067    779142.7290   5250974.1346   2  18   0.1866   0.1084   0.1675   0.0310   0.0599   0.1234   0.30    1.6
2026/04/23 07:38:52.400   3509417.8012    779142.7284   5250974.1268   2  18   0.1864   0.1083   0.1672   0.0309   0.0598   0.1232   0.40    1.5
2026/04/23 07:38:52.500   3509417.8013    779142.7289   5250974.1233   2  18   0.1862   0.1081   0.1668   0.0309   0.0597   0.1231  -0.50    1.3
2026/04/23 07:38:52.600   3509417.8010    779142.7295   5250974.1198   2  18   0.1860   0.1080   0.1665   0.0308   0.0596   0.1229  -0.40    1.3
2026/04/23 07:38:52.700   3509417.8009    779142.7313   5250974.1155   2  18   0.1858   0.1079   0.1662   0.0307   0.0595   0.1227  -0.30    1.5
2026/04/23 07:38:52.800   3509417.7993    779142.7317   5250974.1092   2  18   0.1856   0.1078   0.1658   0.0306   0.0593   0.1226  -0.20    1.1
2026/04/23 07:38:52.900   3509417.7997    779142.7326   5250974.1030   2  18   0.1854   0.1077   0.1655   0.0306   0.0592   0.1224  -0.10    2.0
2026/04/23 07:38:53.000   3509417.8019    779142.7333   5250974.0986   2  18   0.1852   0.1076   0.1652   0.0305   0.0591   0.1222   0.00    1.0
2026/04/23 07:38:53.100   3509417.8046    779142.7348   5250974.0961   2  18   0.1850   0.1075   0.1648   0.0304   0.0590   0.1220   0.10    1.2
2026/04/23 07:38:53.200   3509417.8061    779142.7361   5250974.0916   2  18   0.1848   0.1073   0.1645   0.0304   0.0588   0.1219   0.20    1.5
2026/04/23 07:38:53.300   3509417.8066    779142.7387   5250974.0831   2  18   0.1846   0.1072   0.1642   0.0303   0.0587   0.1217   0.30    1.4
2026/04/23 07:38:53.400   3509417.8033    779142.7403   5250974.0741   2  18   0.1844   0.1071   0.1638   0.0302   0.0586   0.1215   0.40    1.2
2026/04/23 07:38:53.500   3509417.8016    779142.7423   5250974.0702   2  18   0.1842   0.1070   0.1635   0.0301   0.0585   0.1214  -0.50    1.1
2026/04/23 07:38:53.600   3509417.8017    779142.7438   5250974.0649   2  18   0.1840   0.1069   0.1632   0.0301   0.0584   0.1212  -0.40    1.0
2026/04/23 07:38:53.700   3509417.7992    779142.7461   5250974.0596   2  18   0.1838   0.1068   0.1629   0.0300   0.0583   0.1210  -0.30    2.0
2026/04/23 07:38:53.800   3509417.7961    779142.7475   5250974.0567   2  18   0.1836   0.1067   0.1625   0.0299   0.0581   0.1209  -0.20    2.0
2026/04/23 07:38:53.900   3509417.7920    779142.7497   5250974.0561   2  18   0.1834   0.1065   0.1622   0.0299   0.0580   0.1207  -0.10    2.0
2026/04/23 07:38:54.000   3509417.7901    779142.7515   5250974.0593   2  18   0.1832   0.1064   0.1619   0.0298   0.0579   0.1205   0.00    1.8
2026/04/23 07:38:54.100   3509417.7900    779142.7530   5250974.0598   2  18   0.1830   0.1063   0.1616   0.0297   0.0578   0.1204   0.10    1.6
2026/04/23 07:38:54.200   3509417.7869    779142.7536   5250974.0560   2  18   0.1828   0.1062   0.1612   0.0297   0.0577   0.1202   0.20    1.5
2026/04/23 07:38:54.300   3509417.7824    779142.7544   5250974.0527   2  18   0.1826   0.1061   0.1609   0.0296   0.0575   0.1200   0.30    1.3
2026/04/23 07:38:54.400   3509417.7835    779142.7571   5250974.0485   2  18   0.1824   0.1060   0.1606   0.0295   0.0574   0.1199   0.40    1.3
2026/04/23 07:38:54.500   3509417.7846    779142.7603   5250974.0474   2  18   0.1822   0.1059   0.1603   0.0294   0.0573   0.1197  -0.50    1.5
2026/04/23 07:38:54.600   3509417.7849    779142.7627   5250974.0478   2  18   0.1820   0.1058   0.1600   0.0294   0.0572   0.1195  -0.40    1.1
2026/04/23 07:38:54.700   3509417.7832    779142.7641   5250974.0453   2  18   0.1818   0.1057   0.1597   0.0293   0.0571   0.1194  -0.30    2.1
2026/04/23 07:38:54.800   3509417.7831    779142.7659   5250974.0422   2  18   0.1816   0.1056   0.1593   0.0292   0.0570   0.1192  -0.20    1.0
2026/04/23 07:38:54.900   3509417.7823    779142.7673   5250974.0419   2  18   0.1814   0.1054   0.1590   0.0291   0.0569   0.1191  -0.10    1.2
2026/04/23 07:38:55.000   3509417.7795    779142.7686   5250974.0437   2  18   0.1812   0.1053   0.1587   0.0291   0.0567   0.1189   0.00    1.4
2026/04/23 07:38:55.100   3509417.7811    779142.7706   5250974.0424   2  18   0.1810   0.1052   0.1584   0.0290   0.0566   0.1187   0.10    1.4
2026/04/23 07:38:55.200   3509417.7825    779142.7723   5250974.0430   2  18   0.1808   0.1051   0.1581   0.0289   0.0565   0.1186   0.20    1.2
2026/04/23 07:38:55.300   3509417.7843    779142.7748   5250974.0412   2  18   0.1807   0.1050   0.1578   0.0289   0.0564   0.1184   0.30    1.1
2026/04/23 07:38:55.400   3509417.7879    779142.7762   5250974.0436   2  18   0.1805   0.1049   0.1575   0.0288   0.0563   0.1182   0.40    1.0
2026/04/23 07:38:55.500   3509417.7886    779142.7776   5250974.0437   2  17   0.1803   0.1048   0.1572   0.0289   0.0562   0.1181  -0.50    1.7
2026/04/23 07:38:55.600   3509417.7878    779142.7783   5250974.0448   2  18   0.1801   0.1047   0.1569   0.0288   0.0561   0.1180  -0.40    2.1
2026/04/23 07:38:55.700   3509417.7868    779142.7781   5250974.0437   2  18   0.1799   0.1046   0.1566   0.0287   0.0560   0.1178  -0.30    2.1
2026/04/23 07:38:55.800   3509417.7867    779142.7796   5250974.0445   2  18   0.1797   0.1045   0.1562   0.0286   0.0559   0.1176  -0.20    1.8
2026/04/23 07:38:55.900   3509417.7898    779142.7805   5250974.0473   2  18   0.1795   0.1044   0.1559   0.0285   0.0557   0.1175  -0.10    1.6
2026/04/23 07:38:56.000   3509417.7916    779142.7817   5250974.0486   2  18   0.1793   0.1043   0.1556   0.0284   0.0556   0.1173   0.00    1.5
2026/04/23 07:38:56.100   3509417.7903    779142.7825   5250974.0463   2  18   0.1791   0.1042   0.1553   0.0284   0.0555   0.1171   0.10    1.3
2026/04/23 07:38:56.200   3509417.7894    779142.7827   5250974.0466   2  18   0.1790   0.1041   0.1550   0.0283   0.0554   0.1170   0.20    1.3
2026/04/23 07:38:56.300   3509417.7883    779142.7822   5250974.0434   2  18   0.1788   0.1040   0.1547   0.0282   0.0553   0.1168   0.30    1.5
2026/04/23 07:38:56.400   3509417.7857    779142.7816   5250974.0441   2  18   0.1786   0.1039   0.1544   0.0281   0.0552   0.1167   0.40    1.1
2026/04/23 07:38:56.500   3509417.7871    779142.7808   5250974.0456   2  18   0.1784   0.1038   0.1541   0.0281   0.0551   0.1165  -0.50    2.1
2026/04/23 07:38:56.600   3509417.7895    779142.7815   5250974.0536   2  18   0.1782   0.1036   0.1538   0.0280   0.0550   0.1163  -0.40    1.0
2026/04/23 07:38:56.700   3509417.7923    779142.7833   5250974.0563   2  18   0.1780   0.1035   0.1535   0.0279   0.0548   0.1162  -0.30    1.1
2026/04/23 07:38:56.800   3509417.7878    779142.7817   5250974.0538   2  18   0.1778   0.1034   0.1532   0.0278   0.0547   0.1160  -0.20    1.4
2026/04/23 07:38:56.900   3509417.7893    779142.7808   5250974.0560   2  18   0.1776   0.1033   0.1529   0.0277   0.0546   0.1158  -0.10    1.4
2026/04/23 07:38:57.000   3509417.7918    779142.7801   5250974.0579   2  18   0.1774   0.1032   0.1526   0.0276   0.0545   0.1157   0.00    1.1
2026/04/23 07:38:57.100   3509417.7941    779142.7793   5250974.0580   2  18   0.1772   0.1031   0.1523   0.0274   0.0543   0.1155   0.10    1.1
2026/04/23 07:38:57.200   3509417.7963    779142.7792   5250974.0565   2  18   0.1770   0.1030   0.1520   0.0273   0.0542   0.1153   0.20    1.0
2026/04/23 07:38:57.300   3509417.7923    779142.7792   5250974.0550   2  18   0.1769   0.1028   0.1517   0.0272   0.0541   0.1152   0.30    2.1
2026/04/23 07:38:57.400   3509417.7977    779142.7823   5250974.0558   2  18   0.1767   0.1027   0.1514   0.0271   0.0540   0.1150   0.40    2.1
2026/04/23 07:38:57.500   3509417.8003    779142.7850   5250974.0580   2  18   0.1765   0.1026   0.1511   0.0270   0.0538   0.1148  -0.50    2.1
2026/04/23 07:38:57.600   3509417.7977    779142.7854   5250974.0601   2  18   0.1763   0.1025   0.1508   0.0269   0.0537   0.1147  -0.40    1.8
2026/04/23 07:38:57.700   3509417.7949    779142.7847   5250974.0610   2  18   0.1761   0.1024   0.1505   0.0267   0.0536   0.1145  -0.30    1.6
2026/04/23 07:38:57.800   3509417.7947    779142.7843   5250974.0613   2  18   0.1759   0.1023   0.1502   0.0267   0.0535   0.1144  -0.20    1.4
2026/04/23 07:38:57.900   3509417.7973    779142.7848   5250974.0622   2  18   0.1757   0.1022   0.1499   0.0266   0.0534   0.1142  -0.10    1.3
2026/04/23 07:38:58.000   3509417.7974    779142.7854   5250974.0648   2  18   0.1755   0.1021   0.1497   0.0265   0.0533   0.1141   0.00    1.3
2026/04/23 07:38:58.100   3509417.7972    779142.7848   5250974.0646   2  18   0.1754   0.1020   0.1494   0.0264   0.0531   0.1139   0.10    1.5
2026/04/23 07:38:58.200   3509417.7970    779142.7843   5250974.0623   2  18   0.1752   0.1019   0.1491   0.0264   0.0530   0.1137   0.20    1.1
2026/04/23 07:38:58.300   3509417.7935    779142.7856   5250974.0580   2  18   0.1750   0.1018   0.1488   0.0263   0.0529   0.1136   0.30    2.1
2026/04/23 07:38:58.400   3509417.7908    779142.7842   5250974.0529   2  18   0.1748   0.1017   0.1485   0.0262   0.0528   0.1134   0.40    1.1
2026/04/23 07:38:58.500   3509417.7871    779142.7803   5250974.0437   2  18   0.1746   0.1016   0.1482   0.0261   0.0527   0.1133  -0.50    1.0
2026/04/23 07:38:58.600   3509417.7821    779142.7779   5250974.0343   2  18   0.1744   0.1015   0.1480   0.0261   0.0526   0.1131  -0.40    1.5
2026/04/23 07:38:58.700   3509417.7807    779142.7777   5250974.0303   2  18   0.1743   0.1014   0.1477   0.0260   0.0525   0.1130  -0.30    1.4
2026/04/23 07:38:58.800   3509417.7829    779142.7782   5250974.0273   2  18   0.1741   0.1013   0.1474   0.0259   0.0524   0.1128  -0.20    1.1
2026/04/23 07:38:58.900   3509417.7883    779142.7786   5250974.0268   2  18   0.1739   0.1012   0.1471   0.0258   0.0523   0.1127  -0.10    1.1
2026/04/23 07:38:59.000   3509417.7906    779142.7780   5250974.0256   2  18   0.1737   0.1011   0.1468   0.0258   0.0522   0.1125   0.00    1.0
2026/04/23 07:38:59.100   3509417.7881    779142.7761   5250974.0188   2  18   0.1735   0.1010   0.1466   0.0257   0.0521   0.1124   0.10    2.2
2026/04/23 07:38:59.200   3509417.7856    779142.7746   5250974.0149   2  18   0.1734   0.1009   0.1463   0.0256   0.0520   0.1122   0.20    2.2
2026/04/23 07:38:59.300   3509417.7781    779142.7717   5250974.0099   2  18   0.1732   0.1008   0.1460   0.0256   0.0519   0.1121   0.30    2.2
2026/04/23 07:38:59.400   3509417.7814    779142.7728   5250974.0094   2  18   0.1730   0.1007   0.1457   0.0255   0.0518   0.1119   0.40    1.8
2026/04/23 07:38:59.500   3509417.7836    779142.7740   5250974.0078   2  18   0.1728   0.1006   0.1454   0.0254   0.0516   0.1118  -0.50    1.6
2026/04/23 07:38:59.600   3509417.7870    779142.7735   5250974.0071   2  18   0.1726   0.1005   0.1452   0.0252   0.0515   0.1116  -0.40    1.4
2026/04/23 07:38:59.700   3509417.7867    779142.7731   5250974.0071   2  18   0.1724   0.1004   0.1449   0.0251   0.0514   0.1115  -0.30    1.3
2026/04/23 07:38:59.800   3509417.7902    779142.7740   5250974.0069   2  18   0.1722   0.1002   0.1446   0.0250   0.0513   0.1113  -0.20    1.3
2026/04/23 07:38:59.900   3509417.7901    779142.7737   5250974.0040   2  18   0.1721   0.1001   0.1443   0.0249   0.0512   0.1111  -0.10    1.6
2026/04/23 07:39:00.000   3509417.7890    779142.7705   5250973.9999   2  18   0.1719   0.1000   0.1440   0.0248   0.0510   0.1110   0.00    1.1
2026/04/23 07:39:00.100   3509417.7921    779142.7709   5250973.9983   2  18   0.1717   0.0999   0.1438   0.0247   0.0509   0.1108   0.10    2.2
2026/04/23 07:39:00.200   3509417.7968    779142.7707   5250973.9940   2  18   0.1715   0.0998   0.1435   0.0247   0.0508   0.1107   0.20    1.1
2026/04/23 07:39:00.300   3509417.7987    779142.7716   5250973.9912   2  18   0.1713   0.0997   0.1432   0.0246   0.0507   0.1105   0.30    1.0
2026/04/23 07:39:00.400   3509417.8017    779142.7702   5250973.9898   2  18   0.1712   0.0996   0.1430   0.0245   0.0506   0.1104   0.40    1.5
2026/04/23 07:39:00.500   3509417.8008    779142.7698   5250973.9865   2  18   0.1710   0.0996   0.1427   0.0244   0.0505   0.1103  -0.50    1.4
2026/04/23 07:39:00.600   3509417.7984    779142.7677   5250973.9816   2  18   0.1708   0.0995   0.1424   0.0244   0.0504   0.1101  -0.40    1.1
2026/04/23 07:39:00.700   3509417.7971    779142.7655   5250973.9780   2  18   0.1706   0.0994   0.1422   0.0243   0.0503   0.1100  -0.30    1.1
2026/04/23 07:39:00.800   3509417.7935    779142.7621   5250973.9720   2  18   0.1705   0.0993   0.1419   0.0242   0.0502   0.1098  -0.20    1.0
2026/04/23 07:39:00.900   3509417.7950    779142.7620   5250973.9699   2  18   0.1703   0.0992   0.1416   0.0242   0.0501   0.1097  -0.10    2.2
2026/04/23 07:39:01.000   3509417.7941    779142.7611   5250973.9668   2  18   0.1701   0.0991   0.1414   0.0241   0.0500   0.1095   0.00    2.2
2026/04/23 07:39:01.100   3509417.7935    779142.7609   5250973.9663   2  18   0.1699   0.0990   0.1411   0.0240   0.0499   0.1094   0.10    2.2
2026/04/23 07:39:01.200   3509417.7963    779142.7606   5250973.9615   2  18   0.1698   0.0989   0.1408   0.0240   0.0498   0.1092   0.20    1.8
2026/04/23 07:39:01.300   3509417.7950    779142.7598   5250973.9585   2  18   0.1696   0.0988   0.1406   0.0239   0.0497   0.1091   0.30    1.6
2026/04/23 07:39:01.400   3509417.7948    779142.7599   5250973.9532   2  18   0.1694   0.0987   0.1403   0.0238   0.0496   0.1090   0.40    1.4
2026/04/23 07:39:01.500   3509417.7934    779142.7586   5250973.9481   2  18   0.1692   0.0986   0.1401   0.0238   0.0495   0.1088  -0.50    1.3
2026/04/23 07:39:01.600   3509417.7897    779142.7584   5250973.9455   2  18   0.1691   0.0985   0.1398   0.0237   0.0494   0.1087  -0.40    1.3
2026/04/23 07:39:01.700   3509417.7861    779142.7582   5250973.9407   2  18   0.1689   0.0984   0.1395   0.0236   0.0493   0.1085  -0.30    1.6
2026/04/23 07:39:01.800   3509417.7825    779142.7586   5250973.9357   2  18   0.1687   0.0983   0.1393   0.0235   0.0492   0.1084  -0.20    1.1
2026/04/23 07:39:01.900   3509417.7795    779142.7574   5250973.9328   2  18   0.1685   0.0982   0.1390   0.0235   0.0491   0.1082  -0.10    2.2
2026/04/23 07:39:02.000   3509417.7800    779142.7567   5250973.9283   2  18   0.1684   0.0981   0.1388   0.0234   0.0490   0.1081   0.00    1.1
2026/04/23 07:39:02.100   3509417.7774    779142.7570   5250973.9211   2  18   0.1682   0.0981   0.1385   0.0233   0.0489   0.1079   0.10    1.0
2026/04/23 07:39:02.200   3509417.7680    779142.7559   5250973.9097   2  18   0.1680   0.0980   0.1383   0.0233   0.0488   0.1078   0.20    1.5
2026/04/23 07:39:02.300   3509417.7660    779142.7550   5250973.9028   2  18   0.1678   0.0979   0.1380   0.0232   0.0487   0.1077   0.30    1.4
2026/04/23 07:39:02.400   3509417.7670    779142.7564   5250973.8976   2  18   0.1677   0.0978   0.1377   0.0231   0.0486   0.1075   0.40    1.1
2026/04/23 07:39:02.500   3509417.7680    779142.7569   5250973.8898   2  18   0.1675   0.0977   0.1375   0.0231   0.0485   0.1074  -0.50    1.1
2026/04/23 07:39:02.600   3509417.7648    779142.7574   5250973.8824   2  18   0.1673   0.0976   0.1372   0.0230   0.0484   0.1072  -0.40    1.0
2026/04/23 07:39:02.700   3509417.7608    779142.7585   5250973.8735   2  18   0.1672   0.0975   0.1370   0.0229   0.0483   0.1071  -0.30    2.2
2026/04/23 07:39:02.800   3509417.7604    779142.7572   5250973.8681   2  18   0.1670   0.0974   0.1367   0.0228   0.0482   0.1070  -0.20    2.2
2026/04/23 07:39:02.900   3509417.7578    779142.7572   5250973.8627   2  18   0.1668   0.0973   0.1365   0.0228   0.0481   0.1068  -0.10    2.2
2026/04/23 07:39:03.000   3509417.7517    779142.7551   5250973.8560   2  18   0.1666   0.0972   0.1362   0.0227   0.0481   0.1067   0.00    1.8
2026/04/23 07:39:03.100   3509417.7486    779142.7543   5250973.8493   2  18   0.1665   0.0971   0.1360   0.0226   0.0480   0.1065   0.10    1.6
2026/04/23 07:39:03.200   3509417.7489    779142.7544   5250973.8435   2  18   0.1663   0.0970   0.1357   0.0225   0.0478   0.1064   0.20    1.4
2026/04/23 07:39:03.300   3509417.7467    779142.7544   5250973.8384   2  18   0.1661   0.0969   0.1355   0.0224   0.0477   0.1062   0.30    1.3
2026/04/23 07:39:03.400   3509417.7447    779142.7560   5250973.8330   2  18   0.1659   0.0968   0.1352   0.0223   0.0476   0.1061   0.40    1.3
2026/04/23 07:39:03.500   3509417.7394    779142.7555   5250973.8261   2  18   0.1658   0.0967   0.1350   0.0222   0.0475   0.1060  -0.50    1.5
2026/04/23 07:39:03.600   3509417.7346    779142.7558   5250973.8214   2  18   0.1656   0.0966   0.1347   0.0221   0.0474   0.1058  -0.40    1.1
2026/04/23 07:39:03.700   3509417.7361    779142.7560   5250973.8183   2  18   0.1654   0.0965   0.1345   0.0219   0.0473   0.1057  -0.30    2.2
2026/04/23 07:39:03.800   3509417.7304    779142.7555   5250973.8133   2  18   0.1652   0.0964   0.1342   0.0218   0.0472   0.1055  -0.20    1.1
2026/04/23 07:39:03.900   3509417.7223    779142.7550   5250973.8064   2  18   0.1651   0.0963   0.1340   0.0217   0.0471   0.1054  -0.10    1.0
2026/04/23 07:39:04.000   3509417.7185    779142.7526   5250973.8006   2  18   0.1649   0.0962   0.1337   0.0216   0.0470   0.1052   0.00    1.5
2026/04/23 07:39:04.100   3509417.7154    779142.7498   5250973.7934   2  18   0.1647   0.0962   0.1335   0.0215   0.0469   0.1051   0.10    1.4
2026/04/23 07:39:04.200   3509417.7138    779142.7467   5250973.7889   2  18   0.1646   0.0961   0.1333   0.0214   0.0468   0.1049   0.20    1.1
2026/04/23 07:39:04.300   3509417.7111    779142.7449   5250973.7836   2  17   0.1644   0.0960   0.1330   0.0215   0.0467   0.1049   0.30    1.0
2026/04/23 07:39:04.400   3509417.7004    779142.7410   5250973.7741   2  18   0.1643   0.0959   0.1328   0.0213   0.0466   0.1047   0.40    1.0
2026/04/23 07:39:04.500   3509417.6953    779142.7386   5250973.7634   2  18   0.1641   0.0958   0.1326   0.0212   0.0465   0.1046  -0.50    2.2
2026/04/23 07:39:04.600   3509417.6956    779142.7391   5250973.7573   2  18   0.1639   0.0957   0.1323   0.0210   0.0464   0.1044  -0.40    2.2
2026/04/23 07:39:04.700   3509417.6907    779142.7382   5250973.7511   2  18   0.1637   0.0956   0.1321   0.0209   0.0463   0.1043  -0.30    2.2
2026/04/23 07:39:04.800   3509417.6822    779142.7359   5250973.7429   2  18   0.1636   0.0955   0.1318   0.0208   0.0461   0.1041  -0.20    1.7
2026/04/23 07:39:04.900   3509417.6766    779142.7348   5250973.7373   2  18   0.1634   0.0954   0.1316   0.0206   0.0460   0.1040  -0.10    1.6
2026/04/23 07:39:05.000   3509417.6687    779142.7311   5250973.7279   2  18   0.1632   0.0953   0.1314   0.0205   0.0459   0.1038   0.00    1.4
2026/04/23 07:39:05.100   3509417.6650    779142.7248   5250973.7216   2  18   0.1630   0.0952   0.1311   0.0204   0.0458   0.1037   0.10    1.3
2026/04/23 07:39:05.200   3509417.6652    779142.7235   5250973.7157   2  18   0.1629   0.0951   0.1309   0.0203   0.0457   0.1036   0.20    1.3
2026/04/23 07:39:05.300   3509417.6611    779142.7209   5250973.7078   2  18   0.1627   0.0950   0.1306   0.0202   0.0456   0.1034   0.30    1.5
2026/04/23 07:39:05.400   3509417.6580    779142.7194   5250973.7027   2  18   0.1625   0.0949   0.1304   0.0201   0.0455   0.1033   0.40    1.1
2026/04/23 07:39:05.500   3509417.6602    779142.7193   5250973.7026   2  18   0.1624   0.0948   0.1302   0.0200   0.0454   0.1031  -0.50    2.1
2026/04/23 07:39:05.600   3509417.6579    779142.7168   5250973.6971   2  18   0.1622   0.0947   0.1299   0.0198   0.0453   0.1030  -0.40    1.2
2026/04/23 07:39:05.700   3509417.6509    779142.7132   5250973.6885   2  18   0.1620   0.0946   0.1297   0.0197   0.0452   0.1029  -0.30    1.0
2026/04/23 07:39:05.800   3509417.6522    779142.7155   5250973.6866   2  18   0.1619   0.0945   0.1295   0.0196   0.0451   0.1027  -0.20    1.5
2026/04/23 07:39:05.900   3509417.6511    779142.7134   5250973.6863   2  17   0.1617   0.0945   0.1293   0.0197   0.0451   0.1026  -0.10    1.3
2026/04/23 07:39:06.000   3509417.6570    779142.7130   5250973.6886   2  18   0.1616   0.0944   0.1290   0.0195   0.0450   0.1025   0.00    1.1
2026/04/23 07:39:06.100   3509417.6588    779142.7125   5250973.6890   2  18   0.1614   0.0943   0.1288   0.0194   0.0448   0.1023   0.10    1.0
2026/04/23 07:39:06.200   3509417.6607    779142.7121   5250973.6884   2  18   0.1612   0.0942   0.1286   0.0193   0.0447   0.1022   0.20    1.0
2026/04/23 07:39:06.300   3509417.6548    779142.7097   5250973.6841   2  18   0.1610   0.0941   0.1283   0.0191   0.0446   0.1021   0.30    2.1
2026/04/23 07:39:06.400   3509417.6568    779142.7070   5250973.6810   2  18   0.1609   0.0940   0.1281   0.0190   0.0445   0.1019   0.40    2.1
2026/04/23 07:39:06.500   3509417.6586    779142.7027   5250973.6788   2  18   0.1607   0.0939   0.1279   0.0189   0.0444   0.1018  -0.50    2.1
2026/04/23 07:39:06.600   3509417.6577    779142.6999   5250973.6780   2  18   0.1605   0.0938   0.1276   0.0187   0.0443   0.1016  -0.40    1.7
2026/04/23 07:39:06.700   3509417.6594    779142.7003   5250973.6788   2  18   0.1604   0.0937   0.1274   0.0186   0.0442   0.1015  -0.30    1.6
2026/04/23 07:39:06.800   3509417.6574    779142.6983   5250973.6765   2  18   0.1602   0.0936   0.1272   0.0185   0.0441   0.1014  -0.20    1.4
2026/04/23 07:39:06.900   3509417.6530    779142.6936   5250973.6735   2  18   0.1600   0.0935   0.1270   0.0184   0.0440   0.1012  -0.10    1.3
2026/04/23 07:39:07.000   3509417.6512    779142.6911   5250973.6726   2  18   0.1599   0.0934   0.1267   0.0183   0.0439   0.1011   0.00    1.3
2026/04/23 07:39:07.100   3509417.6510    779142.6886   5250973.6734   2  18   0.1597   0.0933   0.1265   0.0182   0.0438   0.1009   0.10    1.5
2026/04/23 07:39:07.200   3509417.6532    779142.6848   5250973.6731   2  18   0.1596   0.0933   0.1263   0.0180   0.0437   0.1008   0.20    1.1
2026/04/23 07:39:07.300   3509417.6537    779142.6828   5250973.6745   2  18   0.1594   0.0932   0.1261   0.0179   0.0436   0.1007   0.30    2.1
2026/04/23 07:39:07.400   3509417.6603    779142.6880   5250973.6803   2  18   0.1592   0.0931   0.1258   0.0178   0.0435   0.1005   0.40    1.2
2026/04/23 07:39:07.500   3509417.6639    779142.6914   5250973.6861   2  18   0.1591   0.0930   0.1256   0.0177   0.0434   0.1004  -0.50    1.0
2026/04/23 07:39:07.600   3509417.6618    779142.6891   5250973.6877   2  17   0.1589   0.0929   0.1254   0.0178   0.0434   0.1003  -0.40    2.8
2026/04/23 07:39:07.700   3509417.6615    779142.6862   5250973.6908   2  18   0.1588   0.0928   0.1252   0.0179   0.0434   0.1002  -0.30    1.0
2026/04/23 07:39:07.800   3509417.6605    779142.6844   5250973.6920   2  18   0.1587   0.0928   0.1250   0.0179   0.0433   0.1001  -0.20    1.0
2026/04/23 07:39:07.900   3509417.6585    779142.6846   5250973.6905   2  18   0.1586   0.0927   0.1248   0.0178   0.0432   0.1000  -0.10    1.0
2026/04/23 07:39:08.000   3509417.6579    779142.6843   5250973.6895   2  18   0.1584   0.0926   0.1246   0.0178   0.0432   0.0999   0.00    1.1
2026/04/23 07:39:08.100   3509417.6575    779142.6836   5250973.6863   2  18   0.1583   0.0925   0.1244   0.0177   0.0431   0.0998   0.10    1.0
2026/04/23 07:39:08.200   3509417.6589    779142.6814   5250973.6842   2  18   0.1581   0.0924   0.1243   0.0176   0.0430   0.0997   0.20    1.1
2026/04/23 07:39:08.300   3509417.6571    779142.6782   5250973.6838   2  17   0.1581   0.0923   0.1241   0.0175   0.0429   0.0997   0.30    1.1
2026/04/23 07:39:08.400   3509417.6552    779142.6762   5250973.6789   2  18   0.1579   0.0922   0.1239   0.0174   0.0428   0.0996   0.40    1.1
2026/04/23 07:39:08.500   3509417.6528    779142.6754   5250973.6755   2  18   0.1578   0.0921   0.1237   0.0172   0.0427   0.0995  -0.50    2.9
2026/04/23 07:39:08.600   3509417.6539    779142.6746   5250973.6738   2  18   0.1576   0.0921   0.1235   0.0171   0.0427   0.0994  -0.40    1.5
2026/04/23 07:39:08.700   3509417.6551    779142.6727   5250973.6720   2  18   0.1574   0.0920   0.1233   0.0170   0.0426   0.0992  -0.30    1.8
2026/04/23 07:39:08.800   3509417.6551    779142.6702   5250973.6685   2  18   0.1573   0.0919   0.1231   0.0169   0.0425   0.0991  -0.20    1.1
2026/04/23 07:39:08.900   3509417.6589    779142.6687   5250973.6643   2  18   0.1571   0.0918   0.1229   0.0168   0.0424   0.0990  -0.10    1.0
2026/04/23 07:39:09.000   3509417.6586    779142.6668   5250973.6612   2  18   0.1570   0.0917   0.1227   0.0167   0.0423   0.0989   0.00    1.0
2026/04/23 07:39:09.100   3509417.6562    779142.6656   5250973.6610   2  18   0.1568   0.0916   0.1225   0.0165   0.0422   0.0988   0.10    1.1
2026/04/23 07:39:09.200   3509417.6584    779142.6637   5250973.6590   2  18   0.1567   0.0915   0.1223   0.0164   0.0421   0.0986   0.20    1.3
2026/04/23 07:39:09.300   3509417.6607    779142.6590   5250973.6572   2  18   0.1565   0.0914   0.1221   0.0163   0.0420   0.0985   0.30    1.4
2026/04/23 07:39:09.400   3509417.6596    779142.6565   5250973.6553   2  18   0.1564   0.0914   0.1219   0.0162   0.0419   0.0984   0.40    2.9
2026/04/23 07:39:09.500   3509413.7086    779144.3754   5250970.0475   1  18   0.0093   0.0063   0.0100   0.0025   0.0042   0.0052  -0.50    3.4
2026/04/23 07:39:09.600   3509413.7080    779144.3774   5250970.0481   1  18   0.0093   0.0062   0.0100   0.0025   0.0042   0.0052  -0.40    3.4
2026/04/23 07:39:09.700   3509413.7098    779144.3790   5250970.0495   1  18   0.0092   0.0062   0.0099   0.0024   0.0042   0.0051  -0.30    3.4
2026/04/23 07:39:09.800   3509413.7084    779144.3774   5250970.0490   1  18   0.0092   0.0062   0.0099   0.0024   0.0042   0.0051  -0.20    3.4
2026/04/23 07:39:09.900   3509413.7061    779144.3760   5250970.0475   1  18   0.0092   0.0062   0.0099   0.0024   0.0041   0.0051  -0.10    3.4
2026/04/23 07:39:10.000   3509413.7066    779144.3759   5250970.0465   1  18   0.0092   0.0062   0.0099   0.0024   0.0041   0.0050   0.00    3.4
2026/04/23 07:39:10.100   3509413.7050    779144.3775   5250970.0478   1  18   0.0092   0.0062   0.0098   0.0023   0.0041   0.0050   0.10    3.4
2026/04/23 07:39:10.200   3509413.7023    779144.3729   5250970.0458   1  18   0.0092   0.0062   0.0098   0.0023   0.0041   0.0050   0.20    3.4
2026/04/23 07:39:10.300   3509413.7011    779144.3735   5250970.0458   1  18   0.0092   0.0062   0.0098   0.0023   0.0041   0.0050   0.30    3.4
2026/04/23 07:39:10.400   3509413.7032    779144.3745   5250970.0464   1  18   0.0091   0.0062   0.0098   0.0023   0.0040   0.0049   0.40    3.4
2026/04/23 07:39:10.500   3509413.7039    779144.3749   5250970.0448   1  14   0.0094   0.0066   0.0100   0.0029   0.0042   0.0049  -0.50    3.7
2026/04/23 07:39:10.600   3509413.7010    779144.3550   5250970.0461   1  15   0.0094   0.0065   0.0101   0.0028   0.0042   0.0047  -0.40    3.5
2026/04/23 07:39:10.700   3509413.7061    779144.3576   5250970.0448   1  15   0.0093   0.0065   0.0101   0.0027   0.0042   0.0047  -0.30    3.8
2026/04/23 07:39:10.800   3509413.7096    779144.3603   5250970.0451   1  15   0.0093   0.0065   0.0101   0.0026   0.0041   0.0046  -0.20    4.0
2026/04/23 07:39:10.900   3509413.7102    779144.3587   5250970.0454   1  15   0.0093   0.0064   0.0101   0.0026   0.0041   0.0046  -0.10    4.3
2026/04/23 07:39:11.000   3509413.7087    779144.3569   5250970.0454   1  15   0.0093   0.0064   0.0101   0.0025   0.0041   0.0046   0.00    4.5
2026/04/23 07:39:11.100   3509413.7074    779144.3569   5250970.0453   1  15   0.0093   0.0064   0.0101   0.0025   0.0041   0.0046   0.10    4.7
2026/04/23 07:39:11.200   3509413.7094    779144.3589   5250970.0453   1  15   0.0093   0.0064   0.0101   0.0025   0.0041   0.0045   0.20    5.0
2026/04/23 07:39:11.300   3509413.7096    779144.3592   5250970.0457   1  15   0.0093   0.0064   0.0101   0.0025   0.0041   0.0045   0.30    5.2
2026/04/23 07:39:11.400   3509413.7097    779144.3595   5250970.0473   1  15   0.0093   0.0064   0.0101   0.0025   0.0041   0.0045   0.40    5.3
2026/04/23 07:39:11.500   3509413.7110    779144.3613   5250970.0478   1  15   0.0093   0.0064   0.0101   0.0025   0.0041   0.0045  -0.50    5.4
2026/04/23 07:39:11.600   3509413.7098    779144.3639   5250970.0505   1  15   0.0093   0.0064   0.0101   0.0025   0.0041   0.0045  -0.40    5.5
2026/04/23 07:39:11.700   3509413.7063    779144.3624   5250970.0521   1  15   0.0093   0.0064   0.0101   0.0025   0.0040   0.0045  -0.30    5.6
2026/04/23 07:39:11.800   3509413.7045    779144.3614   5250970.0531   1  15   0.0093   0.0064   0.0101   0.0025   0.0040   0.0045  -0.20    5.7
2026/04/23 07:39:11.900   3509413.7000    779144.3598   5250970.0536   1  15   0.0093   0.0064   0.0101   0.0025   0.0040   0.0045  -0.10    5.8
2026/04/23 07:39:12.000   3509413.7005    779144.3580   5250970.0523   1  15   0.0092   0.0064   0.0101   0.0025   0.0040   0.0045   0.00    5.8
2026/04/23 07:39:12.100   3509413.7013    779144.3591   5250970.0542   1  15   0.0092   0.0064   0.0101   0.0024   0.0040   0.0045   0.10    5.8
2026/04/23 07:39:12.200   3509413.7014    779144.3606   5250970.0544   1  15   0.0092   0.0064   0.0101   0.0024   0.0040   0.0045   0.20    5.8
2026/04/23 07:39:12.300   3509413.7035    779144.3613   5250970.0546   1  15   0.0092   0.0064   0.0101   0.0024   0.0040   0.0045   0.30    5.8
2026/04/23 07:39:12.400   3509413.7055    779144.3630   5250970.0541   1  15   0.0092   0.0064   0.0101   0.0024   0.0040   0.0045   0.40    5.9
2026/04/23 07:39:12.500   3509413.7043    779144.3619   5250970.0526   1  15   0.0093   0.0064   0.0101   0.0024   0.0040   0.0045  -0.50    5.9
2026/04/23 07:39:12.600   3509413.7045    779144.3601   5250970.0508   1  15   0.0093   0.0064   0.0101   0.0024   0.0040   0.0045  -0.40    5.9
2026/04/23 07:39:12.700   3509413.7045    779144.3605   5250970.0500   1  15   0.0093   0.0064   0.0101   0.0024   0.0040   0.0045  -0.30    5.9
2026/04/23 07:39:12.800   3509413.7064    779144.3611   5250970.0495   1  15   0.0092   0.0064   0.0101   0.0024   0.0040   0.0045  -0.20    5.9
2026/04/23 07:39:12.900   3509413.7078    779144.3596   5250970.0471   1  15   0.0092   0.0064   0.0101   0.0024   0.0040   0.0045  -0.10    5.9
2026/04/23 07:39:13.000   3509413.7123    779144.3582   5250970.0446   1  15   0.0092   0.0064   0.0101   0.0024   0.0040   0.0045   0.00    5.9
2026/04/23 07:39:13.100   3509413.7127    779144.3568   5250970.0411   1  15   0.0092   0.0064   0.0101   0.0024   0.0040   0.0045   0.10    5.9
2026/04/23 07:39:13.200   3509413.7138    779144.3582   5250970.0399   1  15   0.0092   0.0064   0.0101   0.0024   0.0040   0.0045   0.20    5.9
2026/04/23 07:39:13.300   3509413.7150    779144.3605   5250970.0392   1  15   0.0092   0.0064   0.0101   0.0024   0.0040   0.0045   0.30    5.9
2026/04/23 07:39:13.400   3509413.7143    779144.3607   5250970.0381   1  15   0.0092   0.0064   0.0101   0.0024   0.0040   0.0045   0.40    5.9
2026/04/23 07:39:13.500   3509413.7131    779144.3590   5250970.0360   1  15   0.0092   0.0064   0.0101   0.0024   0.0040   0.0045  -0.50    5.9
2026/04/23 07:39:13.600   3509413.7123    779144.3601   5250970.0347   1  15   0.0092   0.0064   0.0101   0.0024   0.0040   0.0045  -0.40    5.9
2026/04/23 07:39:13.700   3509413.7107    779144.3610   5250970.0329   1  15   0.0092   0.0064   0.0101   0.0024   0.0040   0.0045  -0.30    5.9
2026/04/23 07:39:13.800   3509413.7102    779144.3612   5250970.0300   1  15   0.0092   0.0064   0.0101   0.0024   0.0040   0.0045  -0.20    5.9
2026/04/23 07:39:13.900   3509413.7085    779144.3608   5250970.0305   1  15   0.0092   0.0064   0.0101   0.0024   0.0040   0.0045  -0.10    6.0
2026/04/23 07:39:14.000   3509413.7068    779144.3604   5250970.0316   1  15   0.0092   0.0064   0.0101   0.0024   0.0040   0.0045   0.00    6.0
2026/04/23 07:39:14.100   3509413.7034    779144.3590   5250970.0312   1  15   0.0092   0.0064   0.0101   0.0024   0.0040   0.0045   0.10    6.0
2026/04/23 07:39:14.200   3509413.7012    779144.3591   5250970.0297   1  15   0.0092   0.0064   0.0101   0.0024   0.0040   0.0045   0.20    6.0
2026/04/23 07:39:14.300   3509413.7020    779144.3581   5250970.0307   1  15   0.0092   0.0064   0.0101   0.0024   0.0040   0.0045   0.30    6.0
2026/04/23 07:39:14.400   3509413.7023    779144.3594   5250970.0307   1  15   0.0092   0.0064   0.0101   0.0024   0.0040   0.0045   0.40    6.0
2026/04/23 07:39:14.500   3509413.7027    779144.3620   5250970.0335   1  15   0.0092   0.0064   0.0101   0.0024   0.0040   0.0045  -0.50    6.0
2026/04/23 07:39:14.600   3509413.7017    779144.3608   5250970.0344   1  15   0.0092   0.0064   0.0101   0.0024   0.0040   0.0045  -0.40    6.0
2026/04/23 07:39:14.700   3509413.6985    779144.3600   5250970.0347   1  15   0.0092   0.0064   0.0101   0.0024   0.0040   0.0045  -0.30    6.0
2026/04/23 07:39:14.800   3509413.6977    779144.3606   5250970.0345   1  15   0.0092   0.0064   0.0101   0.0024   0.0040   0.0045  -0.20    6.0
2026/04/23 07:39:14.900   3509413.6985    779144.3606   5250970.0342   1  15   0.0092   0.0064   0.0101   0.0024   0.0040   0.0045  -0.10    6.0
2026/04/23 07:39:15.000   3509413.6968    779144.3586   5250970.0330   1  15   0.0092   0.0064   0.0101   0.0024   0.0040   0.0045   0.00    6.0
2026/04/23 07:39:15.100   3509413.6969    779144.3577   5250970.0333   1  15   0.0092   0.0064   0.0101   0.0024   0.0040   0.0045   0.10    6.0
2026/04/23 07:39:15.200   3509413.6963    779144.3608   5250970.0351   1  15   0.0092   0.0064   0.0101   0.0024   0.0040   0.0045   0.20    6.0
2026/04/23 07:39:15.300   3509413.6951    779144.3594   5250970.0350   1  15   0.0092   0.0064   0.0101   0.0024   0.0040   0.0045   0.30    6.0
2026/04/23 07:39:15.400   3509413.6978    779144.3597   5250970.0351   1  15   0.0092   0.0064   0.0101   0.0024   0.0040   0.0045   0.40    6.0
2026/04/23 07:39:15.500   3509413.7018    779144.3592   5250970.0329   1  14   0.0094   0.0067   0.0101   0.0031   0.0042   0.0046  -0.50    6.0
2026/04/23 07:39:15.600   3509413.7072    779144.3625   5250970.0344   1  15   0.0094   0.0066   0.0102   0.0028   0.0042   0.0046  -0.40    6.0
2026/04/23 07:39:15.700   3509413.7079    779144.3612   5250970.0352   1  14   0.0095   0.0068   0.0102   0.0033   0.0043   0.0048  -0.30    6.0
2026/04/23 07:39:15.800   3509413.7126    779144.3616   5250970.0355   1  15   0.0094   0.0066   0.0102   0.0029   0.0042   0.0047  -0.20    6.1
2026/04/23 07:39:15.900   3509413.7113    779144.3579   5250970.0349   1  15   0.0093   0.0065   0.0102   0.0026   0.0041   0.0047  -0.10    6.1
2026/04/23 07:39:16.000   3509413.7108    779144.3538   5250970.0328   1  15   0.0093   0.0064   0.0102   0.0025   0.0041   0.0046   0.00    6.1
2026/04/23 07:39:16.100   3509413.7152    779144.3534   5250970.0369   1  14   0.0098   0.0064   0.0102   0.0025   0.0040   0.0047   0.10    6.1
2026/04/23 07:39:16.200   3509413.7054    779144.3495   5250970.0298   1  15   0.0095   0.0064   0.0102   0.0024   0.0040   0.0046   0.20    6.1
2026/04/23 07:39:16.300   3509413.7063    779144.3498   5250970.0302   1  14   0.0096   0.0067   0.0102   0.0031   0.0042   0.0048   0.30    6.1
2026/04/23 07:39:16.400   3509413.7051    779144.3503   5250970.0295   1  14   0.0097   0.0069   0.0102   0.0035   0.0044   0.0050   0.40    6.1
2026/04/23 07:39:16.500   3509413.7015    779144.3496   5250970.0286   1  15   0.0095   0.0066   0.0102   0.0030   0.0043   0.0048  -0.50    6.1
2026/04/23 07:39:16.600   3509413.6999    779144.3519   5250970.0291   1  14   0.0096   0.0068   0.0103   0.0034   0.0044   0.0050  -0.40    6.1
2026/04/23 07:39:16.700   3509413.7019    779144.3570   5250970.0291   1  15   0.0095   0.0066   0.0103   0.0030   0.0043   0.0048  -0.30    6.1
2026/04/23 07:39:16.800   3509413.7029    779144.3584   5250970.0279   1  15   0.0094   0.0065   0.0102   0.0027   0.0042   0.0047  -0.20    6.1
2026/04/23 07:39:16.900   3509413.7113    779144.3602   5250970.0323   1  14   0.0098   0.0064   0.0102   0.0026   0.0041   0.0048  -0.10    6.1
2026/04/23 07:39:17.000   3509413.7017    779144.3586   5250970.0281   1  14   0.0098   0.0067   0.0102   0.0032   0.0043   0.0049   0.00    6.1
2026/04/23 07:39:17.100   3509413.7056    779144.3628   5250970.0304   1  15   0.0095   0.0065   0.0102   0.0028   0.0042   0.0048   0.10    6.2
2026/04/23 07:39:17.200   3509413.7025    779144.3612   5250970.0291   1  15   0.0094   0.0065   0.0102   0.0026   0.0041   0.0047   0.20    6.2
2026/04/23 07:39:17.300   3509413.7048    779144.3598   5250970.0272   1  15   0.0093   0.0064   0.0102   0.0025   0.0040   0.0046   0.30    6.2
2026/04/23 07:39:17.400   3509413.7052    779144.3575   5250970.0255   1  15   0.0093   0.0064   0.0102   0.0024   0.0040   0.0046   0.40    6.2
2026/04/23 07:39:17.500   3509413.7044    779144.3559   5250970.0256   1  15   0.0092   0.0064   0.0102   0.0024   0.0040   0.0045  -0.50    6.2
2026/04/23 07:39:17.600   3509413.7066    779144.3538   5250970.0244   1  15   0.0092   0.0064   0.0102   0.0024   0.0040   0.0045  -0.40    6.2
2026/04/23 07:39:17.700   3509413.7052    779144.3522   5250970.0240   1  15   0.0092   0.0064   0.0101   0.0024   0.0040   0.0045  -0.30    6.2
2026/04/23 07:39:17.800   3509413.7036    779144.3505   5250970.0243   1  15   0.0092   0.0064   0.0101   0.0023   0.0040   0.0045  -0.20    6.2
2026/04/23 07:39:17.900   3509413.6999    779144.3490   5250970.0235   1  15   0.0092   0.0064   0.0101   0.0024   0.0040   0.0045  -0.10    6.2
2026/04/23 07:39:18.000   3509413.6948    779144.3489   5250970.0237   1  15   0.0092   0.0064   0.0101   0.0024   0.0040   0.0045   0.00    6.2
2026/04/23 07:39:18.100   3509413.6915    779144.3508   5250970.0241   1  15   0.0092   0.0064   0.0101   0.0024   0.0040   0.0045   0.10    6.2
2026/04/23 07:39:18.200   3509413.6879    779144.3525   5250970.0237   1  15   0.0092   0.0064   0.0101   0.0024   0.0040   0.0045   0.20    6.2
2026/04/23 07:39:18.300   3509413.6974    779144.3553   5250970.0278   1  14   0.0097   0.0064   0.0101   0.0024   0.0040   0.0046   0.30    6.2
2026/04/23 07:39:18.400   3509413.6897    779144.3539   5250970.0240   1  15   0.0095   0.0064   0.0101   0.0024   0.0040   0.0045   0.40    6.2
2026/04/23 07:39:18.500   3509413.6865    779144.3539   5250970.0258   1  15   0.0094   0.0064   0.0101   0.0024   0.0040   0.0046  -0.50    6.2
2026/04/23 07:39:18.600   3509413.6979    779144.3545   5250970.0287   1  14   0.0098   0.0064   0.0102   0.0025   0.0040   0.0047  -0.40    6.2
2026/04/23 07:39:18.700   3509413.6922    779144.3516   5250970.0230   1  15   0.0096   0.0064   0.0101   0.0024   0.0040   0.0046  -0.30    6.3
2026/04/23 07:39:18.800   3509413.6985    779144.3509   5250970.0215   1  15   0.0094   0.0064   0.0101   0.0024   0.0040   0.0046  -0.20    6.3
2026/04/23 07:39:18.900   3509413.7019    779144.3486   5250970.0239   1  15   0.0093   0.0064   0.0101   0.0024   0.0040   0.0046  -0.10    6.3
2026/04/23 07:39:19.000   3509413.7025    779144.3434   5250970.0255   1  15   0.0093   0.0064   0.0101   0.0024   0.0040   0.0046   0.00    6.3
2026/04/23 07:39:19.100   3509413.7031    779144.3411   5250970.0281   1  15   0.0092   0.0064   0.0101   0.0024   0.0040   0.0045   0.10    6.3
2026/04/23 07:39:19.200   3509413.7063    779144.3427   5250970.0325   1  15   0.0092   0.0064   0.0101   0.0024   0.0040   0.0045   0.20    6.3
2026/04/23 07:39:19.300   3509413.7062    779144.3445   5250970.0357   1  15   0.0092   0.0064   0.0101   0.0024   0.0040   0.0045   0.30    6.3
2026/04/23 07:39:19.400   3509413.7064    779144.3487   5250970.0391   1  15   0.0092   0.0064   0.0101   0.0024   0.0040   0.0045   0.40    6.3
2026/04/23 07:39:19.500   3509413.7052    779144.3518   5250970.0420   1  15   0.0092   0.0064   0.0101   0.0023   0.0040   0.0044  -0.50    6.3
2026/04/23 07:39:19.600   3509413.7063    779144.3559   5250970.0439   1  15   0.0092   0.0064   0.0101   0.0023   0.0040   0.0044  -0.40    6.3
2026/04/23 07:39:19.700   3509413.7092    779144.3597   5250970.0463   1  15   0.0092   0.0064   0.0101   0.0023   0.0040   0.0044  -0.30    6.4
2026/04/23 07:39:19.800   3509413.7107    779144.3624   5250970.0488   1  15   0.0092   0.0064   0.0101   0.0023   0.0040   0.0044  -0.20    6.4
2026/04/23 07:39:19.900   3509413.7100    779144.3617   5250970.0498   1  15   0.0092   0.0064   0.0101   0.0023   0.0040   0.0044  -0.10    6.4
2026/04/23 07:39:20.000   3509413.7108    779144.3610   5250970.0504   1  15   0.0092   0.0064   0.0101   0.0023   0.0040   0.0044   0.00    6.4
2026/04/23 07:39:20.100   3509413.7124    779144.3613   5250970.0517   1  15   0.0092   0.0064   0.0101   0.0023   0.0040   0.0044   0.10    6.4
2026/04/23 07:39:20.200   3509413.7114    779144.3610   5250970.0536   1  15   0.0092   0.0064   0.0101   0.0023   0.0040   0.0044   0.20    6.4
2026/04/23 07:39:20.300   3509413.7136    779144.3595   5250970.0550   1  15   0.0092   0.0064   0.0101   0.0023   0.0040   0.0044   0.30    6.4
2026/04/23 07:39:20.400   3509413.7168    779144.3590   5250970.0553   1  15   0.0092   0.0064   0.0101   0.0023   0.0040   0.0044   0.40    6.4
2026/04/23 07:39:20.500   3509413.7196    779144.3591   5250970.0568   1  15   0.0092   0.0064   0.0101   0.0023   0.0040   0.0044  -0.50    6.4
2026/04/23 07:39:20.600   3509413.7241    779144.3605   5250970.0586   1  15   0.0092   0.0064   0.0101   0.0023   0.0040   0.0044  -0.40    6.4
2026/04/23 07:39:20.700   3509413.7256    779144.3608   5250970.0599   1  15   0.0092   0.0064   0.0101   0.0023   0.0040   0.0044  -0.30    6.4
2026/04/23 07:39:20.800   3509413.7311    779144.3624   5250970.0623   1  15   0.0092   0.0064   0.0101   0.0023   0.0040   0.0044  -0.20    6.5
2026/04/23 07:39:20.900   3509413.7348    779144.3631   5250970.0650   1  15   0.0092   0.0064   0.0101   0.0023   0.0040   0.0044  -0.10    6.5
2026/04/23 07:39:21.000   3509413.7413    779144.3626   5250970.0644   1  15   0.0092   0.0064   0.0101   0.0023   0.0040   0.0044   0.00    6.5
2026/04/23 07:39:21.100   3509413.7432    779144.3627   5250970.0666   1  15   0.0092   0.0064   0.0101   0.0023   0.0040   0.0044   0.10    6.5
2026/04/23 07:39:21.200   3509413.7447    779144.3648   5250970.0691   1  15   0.0092   0.0064   0.0101   0.0023   0.0040   0.0044   0.20    6.5
2026/04/23 07:39:21.300   3509413.7437    779144.3650   5250970.0705   1  15   0.0092   0.0064   0.0101   0.0023   0.0040   0.0044   0.30    6.5
2026/04/23 07:39:21.400   3509413.7425    779144.3658   5250970.0704   1  15   0.0092   0.0064   0.0101   0.0023   0.0040   0.0044   0.40    6.5
2026/04/23 07:39:21.500   3509413.7449    779144.3661   5250970.0699   1  15   0.0092   0.0064   0.0101   0.0023   0.0040   0.0044  -0.50    6.5
2026/04/23 07:39:21.600   3509413.7465    779144.3656   5250970.0698   1  15   0.0092   0.0064   0.0101   0.0023   0.0040   0.0044  -0.40    6.5
2026/04/23 07:39:21.700   3509413.7477    779144.3648   5250970.0684   1  15   0.0092   0.0064   0.0101   0.0023   0.0040   0.0044  -0.30    6.6
2026/04/23 07:39:21.800   3509413.7481    779144.3637   5250970.0679   1  15   0.0092   0.0064   0.0101   0.0023   0.0040   0.0044  -0.20    6.6
2026/04/23 07:39:21.900   3509413.7492    779144.3609   5250970.0694   1  15   0.0092   0.0064   0.0101   0.0023   0.0040   0.0044  -0.10    6.6
2026/04/23 07:39:22.000   3509413.7483    779144.3602   5250970.0719   1  15   0.0092   0.0064   0.0101   0.0023   0.0040   0.0044   0.00    6.6
2026/04/23 07:39:22.100   3509413.7402    779144.3619   5250970.0718   1  14   0.0097   0.0064   0.0101   0.0024   0.0040   0.0045   0.10    6.6
2026/04/23 07:39:22.200   3509413.7292    779144.3626   5250970.0667   1  14   0.0100   0.0064   0.0101   0.0024   0.0040   0.0046   0.20    6.6
2026/04/23 07:39:22.300   3509413.7233    779144.3642   5250970.0581   1  14   0.0102   0.0064   0.0101   0.0025   0.0040   0.0048   0.30    6.6
2026/04/23 07:39:22.400   3509413.7212    779144.3657   5250970.0488   1  14   0.0104   0.0064   0.0101   0.0025   0.0040   0.0049   0.40    6.6
2026/04/23 07:39:22.500   3509413.7145    779144.3674   5250970.0442   1  14   0.0104   0.0064   0.0102   0.0026   0.0040   0.0049  -0.50    6.6
2026/04/23 07:39:22.600   3509413.7076    779144.3680   5250970.0423   1  14   0.0105   0.0064   0.0102   0.0026   0.0040   0.0050  -0.40    6.6
2026/04/23 07:39:22.700   3509413.7042    779144.3673   5250970.0378   1  14   0.0105   0.0064   0.0102   0.0026   0.0040   0.0051  -0.30    6.6
2026/04/23 07:39:22.800   3509413.7001    779144.3643   5250970.0333   1  14   0.0105   0.0064   0.0102   0.0026   0.0041   0.0051  -0.20    6.6
2026/04/23 07:39:22.900   3509413.6960    779144.3594   5250970.0269   1  14   0.0105   0.0064   0.0103   0.0026   0.0041   0.0051  -0.10    6.6
2026/04/23 07:39:23.000   3509413.6918    779144.3559   5250970.0206   1  14   0.0105   0.0064   0.0103   0.0026   0.0041   0.0051   0.00    6.6
2026/04/23 07:39:23.100   3509413.6880    779144.3567   5250970.0183   1  14   0.0105   0.0064   0.0103   0.0026   0.0041   0.0051   0.10    6.6
2026/04/23 07:39:23.200   3509413.6878    779144.3585   5250970.0175   1  14   0.0105   0.0064   0.0103   0.0026   0.0041   0.0051   0.20    6.6
2026/04/23 07:39:23.300   3509413.6883    779144.3585   5250970.0163   1  14   0.0105   0.0064   0.0103   0.0026   0.0041   0.0051   0.30    6.7
2026/04/23 07:39:23.400   3509413.6841    779144.3541   5250970.0152   1  14   0.0105   0.0064   0.0103   0.0026   0.0041   0.0051   0.40    6.7
2026/04/23 07:39:23.500   3509413.6836    779144.3544   5250970.0157   1  14   0.0105   0.0064   0.0103   0.0026   0.0041   0.0051  -0.50    6.7
2026/04/23 07:39:23.600   3509413.6833    779144.3573   5250970.0198   1  14   0.0105   0.0064   0.0103   0.0026   0.0041   0.0051  -0.40    6.7
2026/04/23 07:39:23.700   3509413.6836    779144.3565   5250970.0222   1  14   0.0105   0.0064   0.0103   0.0026   0.0041   0.0051  -0.30    6.7
2026/04/23 07:39:23.800   3509413.6831    779144.3534   5250970.0209   1  14   0.0105   0.0064   0.0103   0.0026   0.0041   0.0051  -0.20    6.7
2026/04/23 07:39:23.900   3509413.6829    779144.3495   5250970.0175   1  14   0.0105   0.0064   0.0103   0.0026   0.0041   0.0051  -0.10    6.7
2026/04/23 07:39:24.000   3509413.6866    779144.3500   5250970.0165   1  14   0.0105   0.0064   0.0103   0.0026   0.0041   0.0051   0.00    6.7
2026/04/23 07:39:24.100   3509413.6883    779144.3479   5250970.0150   1  14   0.0105   0.0064   0.0103   0.0026   0.0041   0.0051   0.10    6.7
2026/04/23 07:39:24.200   3509413.6899    779144.3474   5250970.0128   1  14   0.0105   0.0064   0.0103   0.0026   0.0041   0.0051   0.20    6.7
2026/04/23 07:39:24.300   3509413.6867    779144.3471   5250970.0130   1  14   0.0105   0.0064   0.0103   0.0026   0.0041   0.0051   0.30    6.7
2026/04/23 07:39:24.400   3509413.6795    779144.3452   5250970.0113   1  14   0.0105   0.0064   0.0103   0.0026   0.0041   0.0051   0.40    6.7
2026/04/23 07:39:24.500   3509413.6758    779144.3419   5250970.0079   1  14   0.0105   0.0064   0.0103   0.0026   0.0041   0.0051  -0.50    6.7
2026/04/23 07:39:24.600   3509413.6768    779144.3430   5250970.0080   1  14   0.0108   0.0067   0.0104   0.0035   0.0044   0.0054  -0.40    6.7
2026/04/23 07:39:24.700   3509413.6776    779144.3451   5250970.0099   1  14   0.0111   0.0069   0.0105   0.0041   0.0046   0.0057  -0.30    6.7
2026/04/23 07:39:24.800   3509413.6776    779144.3460   5250970.0131   1  13   0.0114   0.0071   0.0106   0.0044   0.0048   0.0060  -0.20    6.7
2026/04/23 07:39:24.900   3509413.6807    779144.3455   5250970.0144   1  13   0.0115   0.0071   0.0107   0.0047   0.0050   0.0062  -0.10    6.7
2026/04/23 07:39:25.000   3509413.6830    779144.3450   5250970.0167   1  13   0.0117   0.0072   0.0107   0.0048   0.0051   0.0064   0.00    6.8
2026/04/23 07:39:25.100   3509413.6825    779144.3441   5250970.0201   1  13   0.0118   0.0072   0.0108   0.0049   0.0051   0.0066   0.10    6.8
2026/04/23 07:39:25.200   3509413.6807    779144.3443   5250970.0242   1  13   0.0118   0.0072   0.0109   0.0049   0.0052   0.0067   0.20    6.8
2026/04/23 07:39:25.300   3509413.6793    779144.3442   5250970.0273   1  13   0.0119   0.0072   0.0110   0.0050   0.0052   0.0068   0.30    6.8
2026/04/23 07:39:25.400   3509413.6805    779144.3442   5250970.0274   1  13   0.0119   0.0072   0.0110   0.0050   0.0052   0.0068   0.40    6.8
2026/04/23 07:39:25.500   3509413.6844    779144.3441   5250970.0284   1  13   0.0119   0.0072   0.0111   0.0050   0.0052   0.0069  -0.50    6.8
2026/04/23 07:39:25.600   3509413.6855    779144.3458   5250970.0318   1  13   0.0120   0.0072   0.0111   0.0050   0.0053   0.0069  -0.40    6.8
2026/04/23 07:39:25.700   3509413.6849    779144.3465   5250970.0347   1  13   0.0120   0.0072   0.0111   0.0050   0.0053   0.0070  -0.30    6.8
2026/04/23 07:39:25.800   3509413.6841    779144.3481   5250970.0359   1  13   0.0120   0.0072   0.0112   0.0050   0.0053   0.0070  -0.20    6.8
2026/04/23 07:39:25.900   3509413.6834    779144.3485   5250970.0369   1  13   0.0120   0.0072   0.0112   0.0050   0.0053   0.0070  -0.10    6.8
2026/04/23 07:39:26.000   3509413.6845    779144.3476   5250970.0378   1  13   0.0120   0.0072   0.0112   0.0050   0.0053   0.0070   0.00    6.8
2026/04/23 07:39:26.100   3509413.6854    779144.3475   5250970.0383   1  13   0.0120   0.0072   0.0112   0.0050   0.0053   0.0070   0.10    6.8
2026/04/23 07:39:26.200   3509413.6868    779144.3470   5250970.0399   1  13   0.0120   0.0072   0.0112   0.0050   0.0053   0.0070   0.20    6.9
2026/04/23 07:39:26.300   3509413.6895    779144.3462   5250970.0418   1  13   0.0120   0.0072   0.0112   0.0050   0.0053   0.0070   0.30    6.9
2026/04/23 07:39:26.400   3509413.6899    779144.3471   5250970.0444   1  13   0.0120   0.0072   0.0112   0.0050   0.0053   0.0070   0.40    6.9
2026/04/23 07:39:26.500   3509413.6907    779144.3485   5250970.0444   1  13   0.0120   0.0072   0.0112   0.0050   0.0053   0.0070  -0.50    6.9
2026/04/23 07:39:26.600   3509413.6919    779144.3492   5250970.0434   1  13   0.0120   0.0072   0.0112   0.0050   0.0053   0.0070  -0.40    6.9
2026/04/23 07:39:26.700   3509413.6955    779144.3483   5250970.0424   1  13   0.0120   0.0072   0.0112   0.0050   0.0053   0.0070  -0.30    6.9
2026/04/23 07:39:26.800   3509413.6975    779144.3470   5250970.0416   1  13   0.0120   0.0072   0.0112   0.0050   0.0053   0.0070  -0.20    6.9
2026/04/23 07:39:26.900   3509413.6949    779144.3469   5250970.0442   1  13   0.0120   0.0072   0.0112   0.0050   0.0053   0.0070  -0.10    6.9
2026/04/23 07:39:27.000   3509413.6937    779144.3466   5250970.0453   1  13   0.0120   0.0072   0.0112   0.0050   0.0053   0.0070   0.00    6.9
2026/04/23 07:39:27.100   3509413.6921    779144.3474   5250970.0473   1  13   0.0120   0.0072   0.0112   0.0050   0.0053   0.0070   0.10    6.9
2026/04/23 07:39:27.200   3509413.6922    779144.3492   5250970.0476   1  13   0.0120   0.0072   0.0112   0.0050   0.0053   0.0070   0.20    6.9
2026/04/23 07:39:27.300   3509413.6917    779144.3502   5250970.0458   1  13   0.0120   0.0072   0.0112   0.0050   0.0053   0.0070   0.30    6.9
2026/04/23 07:39:27.400   3509413.6912    779144.3501   5250970.0435   1  14   0.0120   0.0072   0.0112   0.0050   0.0053   0.0070   0.40    6.9
2026/04/23 07:39:27.500   3509413.6902    779144.3501   5250970.0404   1  14   0.0120   0.0072   0.0112   0.0050   0.0053   0.0070  -0.50    6.9
2026/04/23 07:39:27.600   3509413.6897    779144.3496   5250970.0391   1  14   0.0120   0.0072   0.0112   0.0050   0.0053   0.0070  -0.40    6.9
2026/04/23 07:39:27.700   3509413.6870    779144.3499   5250970.0378   1  13   0.0120   0.0072   0.0112   0.0050   0.0053   0.0070  -0.30    6.9
2026/04/23 07:39:27.800   3509413.6844    779144.3497   5250970.0352   1  14   0.0119   0.0072   0.0112   0.0050   0.0053   0.0071  -0.20    6.9
2026/04/23 07:39:27.900   3509413.6814    779144.3489   5250970.0344   1  14   0.0118   0.0072   0.0112   0.0050   0.0053   0.0071  -0.10    6.9
2026/04/23 07:39:28.000   3509413.6787    779144.3483   5250970.0324   1  13   0.0118   0.0072   0.0112   0.0050   0.0053   0.0071   0.00    7.0
2026/04/23 07:39:28.100   3509413.6784    779144.3470   5250970.0299   1  13   0.0119   0.0072   0.0112   0.0050   0.0053   0.0070   0.10    7.0
2026/04/23 07:39:28.200   3509413.6779    779144.3462   5250970.0294   1  14   0.0116   0.0072   0.0112   0.0050   0.0053   0.0071   0.20    7.0
2026/04/23 07:39:28.300   3509413.6740    779144.3460   5250970.0278   1  14   0.0115   0.0072   0.0112   0.0049   0.0053   0.0071   0.30    7.0
2026/04/23 07:39:28.400   3509413.6761    779144.3456   5250970.0258   1  14   0.0114   0.0072   0.0112   0.0049   0.0053   0.0070   0.40    7.0
2026/04/23 07:39:28.500   3509413.6802    779144.3435   5250970.0227   1  14   0.0113   0.0072   0.0112   0.0049   0.0053   0.0070  -0.50    7.0
2026/04/23 07:39:28.600   3509413.6808    779144.3427   5250970.0191   1  14   0.0112   0.0072   0.0112   0.0048   0.0053   0.0069  -0.40    7.0
2026/04/23 07:39:28.700   3509413.6795    779144.3422   5250970.0188   1  14   0.0111   0.0072   0.0112   0.0048   0.0053   0.0069  -0.30    7.0
2026/04/23 07:39:28.800   3509413.6800    779144.3419   5250970.0191   1  14   0.0111   0.0072   0.0112   0.0048   0.0053   0.0069  -0.20    7.0
2026/04/23 07:39:28.900   3509413.6785    779144.3400   5250970.0180   1  14   0.0110   0.0072   0.0111   0.0047   0.0052   0.0068  -0.10    7.0
2026/04/23 07:39:29.000   3509413.6787    779144.3382   5250970.0174   1  14   0.0110   0.0072   0.0111   0.0047   0.0052   0.0068   0.00    7.0
2026/04/23 07:39:29.100   3509413.6766    779144.3371   5250970.0169   1  14   0.0109   0.0072   0.0111   0.0047   0.0052   0.0067   0.10    7.0
2026/04/23 07:39:29.200   3509413.6735    779144.3395   5250970.0180   1  14   0.0109   0.0072   0.0111   0.0046   0.0052   0.0067   0.20    7.0
2026/04/23 07:39:29.300   3509413.6728    779144.3398   5250970.0184   1  14   0.0108   0.0072   0.0110   0.0046   0.0052   0.0066   0.30    7.0
2026/04/23 07:39:29.400   3509413.6727    779144.3391   5250970.0172   1  14   0.0108   0.0072   0.0110   0.0046   0.0051   0.0066   0.40    7.1
2026/04/23 07:39:29.500   3509413.6747    779144.3382   5250970.0174   1  14   0.0107   0.0072   0.0110   0.0046   0.0051   0.0065  -0.50    7.1
2026/04/23 07:39:29.600   3509413.6735    779144.3375   5250970.0176   1  14   0.0107   0.0072   0.0110   0.0045   0.0051   0.0065  -0.40    7.1
2026/04/23 07:39:29.700   3509413.6724    779144.3374   5250970.0197   1  14   0.0106   0.0072   0.0110   0.0045   0.0051   0.0064  -0.30    7.1
2026/04/23 07:39:29.800   3509413.6749    779144.3376   5250970.0193   1  13   0.0110   0.0072   0.0109   0.0046   0.0051   0.0064  -0.20    7.1
2026/04/23 07:39:29.900   3509413.6742    779144.3363   5250970.0207   1  14   0.0108   0.0071   0.0109   0.0045   0.0051   0.0064  -0.10    7.1
2026/04/23 07:39:30.000   3509413.6756    779144.3356   5250970.0215   1  13   0.0112   0.0071   0.0109   0.0046   0.0051   0.0064   0.00    7.1
2026/04/23 07:39:30.100   3509413.6752    779144.3375   5250970.0226   1  13   0.0114   0.0072   0.0109   0.0047   0.0051   0.0065   0.10    7.1
2026/04/23 07:39:30.200   3509413.6747    779144.3399   5250970.0241   1  14   0.0110   0.0071   0.0109   0.0046   0.0051   0.0064   0.20    7.1
2026/04/23 07:39:30.300   3509413.6776    779144.3422   5250970.0271   1  14   0.0107   0.0071   0.0109   0.0045   0.0051   0.0064   0.30    7.1
2026/04/23 07:39:30.400   3509413.6796    779144.3452   5250970.0265   1  14   0.0106   0.0071   0.0109   0.0044   0.0050   0.0063   0.40    7.1
2026/04/23 07:39:30.500   3509413.6807    779144.3454   5250970.0258   1  14   0.0105   0.0071   0.0109   0.0044   0.0050   0.0062  -0.50    7.2
2026/04/23 07:39:30.600   3509413.6812    779144.3468   5250970.0273   1  14   0.0104   0.0071   0.0109   0.0044   0.0050   0.0061  -0.40    7.2
2026/04/23 07:39:30.700   3509413.6822    779144.3477   5250970.0261   1  14   0.0104   0.0071   0.0108   0.0043   0.0050   0.0060  -0.30    7.2
2026/04/23 07:39:30.800   3509413.6816    779144.3491   5250970.0271   1  14   0.0104   0.0071   0.0108   0.0043   0.0050   0.0060  -0.20    7.2
2026/04/23 07:39:30.900   3509413.6812    779144.3486   5250970.0265   1  14   0.0103   0.0071   0.0108   0.0043   0.0049   0.0060  -0.10    7.2
2026/04/23 07:39:31.000   3509413.6831    779144.3466   5250970.0270   1  14   0.0103   0.0071   0.0108   0.0043   0.0049   0.0060   0.00    7.2
2026/04/23 07:39:31.100   3509413.6824    779144.3451   5250970.0283   1  13   0.0108   0.0071   0.0108   0.0044   0.0049   0.0061   0.10    7.2
2026/04/23 07:39:31.200   3509413.6807    779144.3437   5250970.0294   1  13   0.0112   0.0071   0.0108   0.0046   0.0050   0.0062   0.20    7.2
2026/04/23 07:39:31.300   3509413.6791    779144.3441   5250970.0298   1  13   0.0115   0.0071   0.0108   0.0047   0.0050   0.0064   0.30    7.2
2026/04/23 07:39:31.400   3509413.6789    779144.3452   5250970.0298   1  14   0.0109   0.0071   0.0108   0.0045   0.0050   0.0063   0.40    7.2
2026/04/23 07:39:31.500   3509413.6796    779144.3459   5250970.0288   1  13   0.0113   0.0072   0.0108   0.0047   0.0050   0.0064  -0.50    7.3
2026/04/23 07:39:31.600   3509413.6810    779144.3459   5250970.0278   1  13   0.0115   0.0072   0.0109   0.0048   0.0051   0.0065  -0.40    7.3
2026/04/23 07:39:31.700   3509413.6825    779144.3464   5250970.0260   1  13   0.0117   0.0072   0.0109   0.0048   0.0051   0.0066  -0.30    7.3
2026/04/23 07:39:31.800   3509413.6863    779144.3455   5250970.0235   1  13   0.0118   0.0072   0.0110   0.0049   0.0051   0.0067  -0.20    7.3
2026/04/23 07:39:31.900   3509413.6884    779144.3444   5250970.0244   1  13   0.0119   0.0072   0.0110   0.0049   0.0052   0.0068  -0.10    7.3
2026/04/23 07:39:32.000   3509413.6892    779144.3434   5250970.0255   1  13   0.0119   0.0072   0.0110   0.0050   0.0052   0.0069   0.00    7.3
2026/04/23 07:39:32.100   3509413.6911    779144.3436   5250970.0224   1  13   0.0119   0.0072   0.0111   0.0050   0.0052   0.0069   0.10    7.3
2026/04/23 07:39:32.200   3509413.6933    779144.3430   5250970.0203   1  13   0.0120   0.0072   0.0111   0.0050   0.0052   0.0070   0.20    7.3
2026/04/23 07:39:32.300   3509413.6927    779144.3428   5250970.0204   1  13   0.0120   0.0072   0.0111   0.0050   0.0053   0.0070   0.30    7.3
2026/04/23 07:39:32.400   3509413.6901    779144.3439   5250970.0208   1  13   0.0120   0.0072   0.0112   0.0050   0.0053   0.0070   0.40    7.3
2026/04/23 07:39:32.500   3509413.6894    779144.3450   5250970.0220   1  13   0.0120   0.0072   0.0112   0.0051   0.0053   0.0070  -0.50    7.3
2026/04/23 07:39:32.600   3509413.6874    779144.3464   5250970.0230   1  13   0.0120   0.0072   0.0112   0.0051   0.0053   0.0070  -0.40    7.3
2026/04/23 07:39:32.700   3509413.6882    779144.3470   5250970.0224   1  13   0.0120   0.0072   0.0112   0.0051   0.0053   0.0071  -0.30    7.3
2026/04/23 07:39:32.800   3509413.6911    779144.3480   5250970.0205   1  13   0.0120   0.0072   0.0112   0.0051   0.0053   0.0071  -0.20    7.3
2026/04/23 07:39:32.900   3509413.6916    779144.3472   5250970.0208   1  13   0.0120   0.0072   0.0112   0.0051   0.0053   0.0071  -0.10    7.3
2026/04/23 07:39:33.000   3509413.6921    779144.3449   5250970.0205   1  13   0.0120   0.0072   0.0112   0.0051   0.0053   0.0071   0.00    7.3
2026/04/23 07:39:33.100   3509413.6917    779144.3447   5250970.0226   1  13   0.0120   0.0072   0.0112   0.0051   0.0053   0.0071   0.10    7.4
2026/04/23 07:39:33.200   3509413.6933    779144.3448   5250970.0221   1  13   0.0120   0.0072   0.0112   0.0051   0.0053   0.0071   0.20    7.4
2026/04/23 07:39:33.300   3509413.6953    779144.3450   5250970.0214   1  13   0.0120   0.0072   0.0112   0.0051   0.0053   0.0070   0.30    7.4
2026/04/23 07:39:33.400   3509413.6961    779144.3451   5250970.0198   1  13   0.0120   0.0072   0.0112   0.0051   0.0053   0.0070   0.40    7.4
2026/04/23 07:39:33.500   3509413.6961    779144.3450   5250970.0193   1  13   0.0120   0.0072   0.0112   0.0051   0.0053   0.0070  -0.50    7.4
2026/04/23 07:39:33.600   3509413.6944    779144.3461   5250970.0182   1  13   0.0120   0.0072   0.0112   0.0051   0.0053   0.0071  -0.40    7.4
2026/04/23 07:39:33.700   3509413.6924    779144.3452   5250970.0184   1  13   0.0120   0.0072   0.0112   0.0051   0.0053   0.0071  -0.30    7.4
2026/04/23 07:39:33.800   3509413.6899    779144.3444   5250970.0216   1  13   0.0120   0.0072   0.0112   0.0051   0.0053   0.0071  -0.20    7.4
2026/04/23 07:39:33.900   3509413.6889    779144.3466   5250970.0220   1  13   0.0120   0.0072   0.0112   0.0051   0.0053   0.0071  -0.10    7.4
2026/04/23 07:39:34.000   3509413.6909    779144.3480   5250970.0200   1  13   0.0120   0.0072   0.0112   0.0051   0.0053   0.0071   0.00    7.4
2026/04/23 07:39:34.100   3509413.6885    779144.3481   5250970.0223   1  13   0.0120   0.0072   0.0112   0.0051   0.0053   0.0071   0.10    7.4
2026/04/23 07:39:34.200   3509413.6870    779144.3478   5250970.0250   1  13   0.0120   0.0072   0.0112   0.0051   0.0053   0.0071   0.20    7.4
2026/04/23 07:39:34.300   3509413.6875    779144.3477   5250970.0277   1  13   0.0120   0.0072   0.0112   0.0051   0.0053   0.0071   0.30    7.4
2026/04/23 07:39:34.400   3509413.6866    779144.3484   5250970.0305   1  13   0.0120   0.0072   0.0112   0.0051   0.0053   0.0071   0.40    7.4
2026/04/23 07:39:34.500   3509413.6875    779144.3479   5250970.0306   1  13   0.0120   0.0072   0.0112   0.0051   0.0053   0.0071  -0.50    7.4
2026/04/23 07:39:34.600   3509413.6885    779144.3464   5250970.0321   1  13   0.0120   0.0072   0.0112   0.0051   0.0053   0.0071  -0.40    7.5
2026/04/23 07:39:34.700   3509413.6876    779144.3465   5250970.0370   1  13   0.0120   0.0072   0.0112   0.0051   0.0053   0.0071  -0.30    7.5
2026/04/23 07:39:34.800   3509413.6861    779144.3466   5250970.0412   1  13   0.0120   0.0072   0.0112   0.0051   0.0053   0.0071  -0.20    7.5
2026/04/23 07:39:34.900   3509413.6810    779144.3485   5250970.0465   1  13   0.0120   0.0072   0.0112   0.0051   0.0053   0.0071  -0.10    7.5
2026/04/23 07:39:35.000   3509413.6829    779144.3507   5250970.0450   1  13   0.0120   0.0072   0.0112   0.0051   0.0053   0.0071   0.00    7.5
2026/04/23 07:39:35.100   3509413.6863    779144.3491   5250970.0431   1  13   0.0120   0.0072   0.0112   0.0051   0.0053   0.0071   0.10    7.5
2026/04/23 07:39:35.200   3509413.6899    779144.3485   5250970.0385   1  13   0.0120   0.0072   0.0112   0.0051   0.0053   0.0071   0.20    7.5
2026/04/23 07:39:35.300   3509413.6934    779144.3466   5250970.0324   1  13   0.0120   0.0072   0.0112   0.0051   0.0053   0.0071   0.30    7.5
2026/04/23 07:39:35.400   3509413.6951    779144.3451   5250970.0276   1  13   0.0120   0.0072   0.0112   0.0051   0.0053   0.0071   0.40    7.5
2026/04/23 07:39:35.500   3509413.6945    779144.3456   5250970.0239   1  13   0.0120   0.0072   0.0112   0.0051   0.0053   0.0071  -0.50    7.6
2026/04/23 07:39:35.600   3509413.6937    779144.3466   5250970.0211   1  13   0.0120   0.0072   0.0112   0.0051   0.0053   0.0071  -0.40    7.6
2026/04/23 07:39:35.700   3509413.6925    779144.3482   5250970.0184   1  13   0.0120   0.0072   0.0112   0.0051   0.0053   0.0071  -0.30    7.6
2026/04/23 07:39:35.800   3509413.6907    779144.3474   5250970.0175   1  13   0.0120   0.0072   0.0112   0.0051   0.0053   0.0071  -0.20    7.6
2026/04/23 07:39:35.900   3509413.6881    779144.3473   5250970.0170   1  13   0.0120   0.0072   0.0112   0.0051   0.0053   0.0071  -0.10    7.6
2026/04/23 07:39:36.000   3509413.6728    779144.3488   5250970.0402   1  12   0.0122   0.0072   0.0115   0.0051   0.0053   0.0067   0.00   10.1
2026/04/23 07:39:36.100   3509413.6709    779144.3497   5250970.0405   1  11   0.0124   0.0072   0.0122   0.0051   0.0053   0.0059   0.10    7.3
2026/04/23 07:39:36.200   3509413.6706    779144.3486   5250970.0379   1  12   0.0124   0.0072   0.0121   0.0051   0.0053   0.0060   0.20   10.1
2026/04/23 07:39:36.300   3509413.6790    779144.3449   5250970.0052   1  12   0.0123   0.0072   0.0122   0.0050   0.0054   0.0062   0.30    5.4
2026/04/23 07:39:36.400   3509413.6824    779144.3461   5250970.0088   1  13   0.0121   0.0072   0.0118   0.0050   0.0054   0.0067   0.40    7.6
2026/04/23 07:39:36.500   3509413.6835    779144.3456   5250970.0065   1  13   0.0120   0.0073   0.0115   0.0051   0.0054   0.0070  -0.50    7.6
2026/04/23 07:39:36.600   3509413.6802    779144.3428   5250970.0071   1  13   0.0120   0.0073   0.0114   0.0051   0.0054   0.0071  -0.40    7.6
2026/04/23 07:39:36.700   3509413.6812    779144.3371   5250970.0015   1  13   0.0120   0.0072   0.0113   0.0051   0.0054   0.0071  -0.30    7.7
2026/04/23 07:39:36.800   3509413.6754    779144.3352   5250970.0015   1  13   0.0120   0.0072   0.0113   0.0051   0.0053   0.0071  -0.20    7.7
2026/04/23 07:39:36.900   3509413.6732    779144.3340   5250969.9991   1  13   0.0121   0.0072   0.0112   0.0051   0.0053   0.0071  -0.10    7.7
2026/04/23 07:39:37.000   3509413.6662    779144.3337   5250970.0049   1  13   0.0121   0.0072   0.0112   0.0051   0.0053   0.0071   0.00    7.7
2026/04/23 07:39:37.100   3509413.6393    779144.3340   5250970.0430   1  12   0.0122   0.0072   0.0115   0.0051   0.0053   0.0067   0.10   10.3
2026/04/23 07:39:37.200   3509413.6336    779144.3345   5250970.0515   1  13   0.0123   0.0072   0.0117   0.0052   0.0052   0.0064   0.20   10.3
2026/04/23 07:39:37.300   3509413.6338    779144.3356   5250970.0526   1  12   0.0124   0.0072   0.0118   0.0052   0.0052   0.0063   0.30   10.3
2026/04/23 07:39:37.400   3509413.6333    779144.3357   5250970.0536   1  12   0.0124   0.0072   0.0119   0.0052   0.0052   0.0062   0.40   10.3
2026/04/23 07:39:37.500   3509413.6333    779144.3370   5250970.0540   1  12   0.0124   0.0072   0.0119   0.0052   0.0052   0.0062  -0.50   10.3
2026/04/23 07:39:37.600   3509413.6352    779144.3384   5250970.0549   1  12   0.0124   0.0072   0.0120   0.0052   0.0052   0.0062  -0.40   10.3
2026/04/23 07:39:37.700   3509413.6356    779144.3393   5250970.0581   1  12   0.0124   0.0072   0.0120   0.0052   0.0052   0.0062  -0.30   10.4
2026/04/23 07:39:37.800   3509413.6368    779144.3393   5250970.0602   1  12   0.0124   0.0072   0.0120   0.0052   0.0052   0.0062  -0.20   10.4
2026/04/23 07:39:37.900   3509413.6431    779144.3395   5250970.0566   1  12   0.0124   0.0072   0.0120   0.0052   0.0052   0.0062  -0.10   10.4
2026/04/23 07:39:38.000   3509413.6488    779144.3399   5250970.0540   1  12   0.0124   0.0072   0.0120   0.0052   0.0052   0.0062   0.00   10.4
2026/04/23 07:39:38.100   3509413.6490    779144.3411   5250970.0558   1  12   0.0124   0.0072   0.0120   0.0052   0.0052   0.0062   0.10   10.4
2026/04/23 07:39:38.200   3509413.6493    779144.3428   5250970.0587   1  12   0.0124   0.0072   0.0120   0.0052   0.0052   0.0062   0.20   10.4
2026/04/23 07:39:38.300   3509413.6485    779144.3425   5250970.0621   1  12   0.0124   0.0072   0.0120   0.0052   0.0052   0.0062   0.30   10.4
2026/04/23 07:39:38.400   3509413.6485    779144.3424   5250970.0626   1  12   0.0124   0.0072   0.0120   0.0052   0.0052   0.0062   0.40   10.4
2026/04/23 07:39:38.500   3509413.6506    779144.3412   5250970.0607   1  12   0.0124   0.0073   0.0120   0.0052   0.0053   0.0062  -0.50   10.4
2026/04/23 07:39:38.600   3509413.6511    779144.3415   5250970.0596   1  12   0.0124   0.0073   0.0120   0.0052   0.0053   0.0062  -0.40   10.4
2026/04/23 07:39:38.700   3509413.6548    779144.3428   5250970.0562   1  12   0.0124   0.0073   0.0120   0.0052   0.0053   0.0062  -0.30   10.5
2026/04/23 07:39:38.800   3509413.6602    779144.3446   5250970.0517   1  12   0.0124   0.0072   0.0120   0.0052   0.0053   0.0062  -0.20   10.5
2026/04/23 07:39:38.900   3509413.6632    779144.3448   5250970.0466   1  12   0.0124   0.0072   0.0120   0.0052   0.0052   0.0062  -0.10   10.5
2026/04/23 07:39:39.000   3509413.6645    779144.3446   5250970.0435   1  12   0.0124   0.0072   0.0120   0.0052   0.0052   0.0062   0.00   10.5
2026/04/23 07:39:39.100   3509413.6683    779144.3450   5250970.0404   1  12   0.0124   0.0072   0.0120   0.0052   0.0052   0.0062   0.10   10.5
2026/04/23 07:39:39.200   3509413.6692    779144.3436   5250970.0394   1  12   0.0124   0.0072   0.0120   0.0052   0.0052   0.0062   0.20   10.5
2026/04/23 07:39:39.300   3509413.6680    779144.3429   5250970.0412   1  12   0.0124   0.0072   0.0120   0.0052   0.0052   0.0062   0.30   10.5
2026/04/23 07:39:39.400   3509413.6679    779144.3435   5250970.0403   1  12   0.0124   0.0072   0.0120   0.0052   0.0052   0.0062   0.40   10.5
2026/04/23 07:39:39.500   3509413.6652    779144.3439   5250970.0424   1  12   0.0124   0.0073   0.0120   0.0052   0.0053   0.0062  -0.50   10.6
2026/04/23 07:39:39.600   3509413.6639    779144.3443   5250970.0435   1  12   0.0124   0.0073   0.0120   0.0052   0.0053   0.0062  -0.40   10.6
2026/04/23 07:39:39.700   3509413.6628    779144.3440   5250970.0458   1  12   0.0124   0.0073   0.0120   0.0052   0.0053   0.0062  -0.30   10.6
2026/04/23 07:39:39.800   3509413.6629    779144.3443   5250970.0471   1  12   0.0124   0.0072   0.0120   0.0052   0.0053   0.0062  -0.20   10.6
2026/04/23 07:39:39.900   3509413.6650    779144.3440   5250970.0457   1  12   0.0124   0.0072   0.0120   0.0052   0.0053   0.0062  -0.10   10.6
2026/04/23 07:39:40.000   3509413.6658    779144.3433   5250970.0459   1  12   0.0124   0.0072   0.0120   0.0052   0.0052   0.0062   0.00   10.6
2026/04/23 07:39:40.100   3509413.6671    779144.3436   5250970.0464   1  12   0.0124   0.0072   0.0120   0.0052   0.0052   0.0062   0.10   10.6
2026/04/23 07:39:40.200   3509413.6691    779144.3423   5250970.0459   1  12   0.0124   0.0072   0.0120   0.0052   0.0052   0.0062   0.20   10.6
2026/04/23 07:39:40.300   3509413.6677    779144.3408   5250970.0500   1  12   0.0124   0.0072   0.0120   0.0052   0.0052   0.0062   0.30   10.7
2026/04/23 07:39:40.400   3509413.6670    779144.3412   5250970.0506   1  12   0.0124   0.0072   0.0120   0.0052   0.0052   0.0062   0.40   10.7
2026/04/23 07:39:40.500   3509413.6638    779144.3429   5250970.0535   1  12   0.0124   0.0073   0.0120   0.0052   0.0053   0.0062  -0.50   10.7
2026/04/23 07:39:40.600   3509413.6622    779144.3442   5250970.0560   1  12   0.0124   0.0073   0.0120   0.0052   0.0053   0.0062  -0.40   10.7
2026/04/23 07:39:40.700   3509413.6608    779144.3454   5250970.0574   1  12   0.0124   0.0073   0.0120   0.0052   0.0053   0.0062  -0.30   10.7
2026/04/23 07:39:40.800   3509413.6581    779144.3458   5250970.0568   1  12   0.0124   0.0072   0.0120   0.0052   0.0053   0.0062  -0.20   10.8
2026/04/23 07:39:40.900   3509413.6555    779144.3451   5250970.0548   1  12   0.0124   0.0072   0.0120   0.0052   0.0053   0.0062  -0.10   10.8
2026/04/23 07:39:41.000   3509413.6561    779144.3448   5250970.0502   1  12   0.0124   0.0072   0.0120   0.0052   0.0052   0.0062   0.00   10.8
2026/04/23 07:39:41.100   3509413.6574    779144.3439   5250970.0478   1  12   0.0124   0.0072   0.0120   0.0052   0.0052   0.0062   0.10   10.8
2026/04/23 07:39:41.200   3509413.6592    779144.3439   5250970.0469   1  12   0.0124   0.0072   0.0120   0.0052   0.0052   0.0062   0.20   10.8
2026/04/23 07:39:41.300   3509413.6638    779144.3434   5250970.0448   1  12   0.0124   0.0072   0.0120   0.0052   0.0052   0.0062   0.30   10.8
2026/04/23 07:39:41.400   3509413.6639    779144.3444   5250970.0454   1  12   0.0124   0.0073   0.0120   0.0052   0.0053   0.0062   0.40   10.9
2026/04/23 07:39:41.500   3509413.6634    779144.3447   5250970.0444   1  12   0.0124   0.0073   0.0120   0.0052   0.0053   0.0062  -0.50   10.9
2026/04/23 07:39:41.600   3509413.6664    779144.3431   5250970.0388   1  12   0.0124   0.0073   0.0120   0.0052   0.0053   0.0062  -0.40   10.9
2026/04/23 07:39:41.700   3509413.6682    779144.3421   5250970.0359   1  12   0.0124   0.0073   0.0120   0.0052   0.0053   0.0062  -0.30   10.9
2026/04/23 07:39:41.800   3509413.6673    779144.3414   5250970.0356   1  12   0.0124   0.0072   0.0120   0.0052   0.0053   0.0062  -0.20   10.9
2026/04/23 07:39:41.900   3509413.6634    779144.3415   5250970.0393   1  13   0.0124   0.0072   0.0120   0.0052   0.0053   0.0062  -0.10   10.9
2026/04/23 07:39:42.000   3509413.6636    779144.3423   5250970.0388   1  13   0.0124   0.0072   0.0120   0.0052   0.0052   0.0062   0.00   10.9
2026/04/23 07:39:42.100   3509413.6656    779144.3432   5250970.0358   1  13   0.0124   0.0072   0.0120   0.0052   0.0053   0.0062   0.10   10.9
2026/04/23 07:39:42.200   3509413.6664    779144.3436   5250970.0324   1  13   0.0124   0.0072   0.0119   0.0052   0.0053   0.0063   0.20   11.0
2026/04/23 07:39:42.300   3509413.6663    779144.3434   5250970.0330   1  13   0.0124   0.0072   0.0119   0.0052   0.0053   0.0063   0.30   11.0
2026/04/23 07:39:42.400   3509413.6665    779144.3441   5250970.0319   1  13   0.0123   0.0072   0.0119   0.0051   0.0053   0.0064   0.40   11.0
2026/04/23 07:39:42.500   3509413.6673    779144.3444   5250970.0298   1  13   0.0123   0.0073   0.0118   0.0051   0.0053   0.0065  -0.50   11.0
2026/04/23 07:39:42.600   3509413.6659    779144.3461   5250970.0321   1  13   0.0122   0.0073   0.0118   0.0051   0.0053   0.0066  -0.40   11.0
2026/04/23 07:39:42.700   3509413.6648    779144.3466   5250970.0361   1  13   0.0122   0.0072   0.0117   0.0051   0.0053   0.0067  -0.30   11.0
2026/04/23 07:39:42.800   3509413.6647    779144.3468   5250970.0354   1  13   0.0121   0.0072   0.0117   0.0051   0.0054   0.0068  -0.20   11.0
2026/04/23 07:39:42.900   3509413.6625    779144.3466   5250970.0356   1  13   0.0121   0.0072   0.0116   0.0051   0.0054   0.0069  -0.10   11.0
2026/04/23 07:39:43.000   3509413.6589    779144.3462   5250970.0379   1  13   0.0121   0.0072   0.0116   0.0051   0.0054   0.0069   0.00   11.1
2026/04/23 07:39:43.100   3509413.6578    779144.3459   5250970.0379   1  13   0.0120   0.0072   0.0115   0.0051   0.0054   0.0069   0.10   11.1
2026/04/23 07:39:43.200   3509413.6577    779144.3468   5250970.0380   1  13   0.0120   0.0072   0.0115   0.0051   0.0054   0.0070   0.20   11.1
2026/04/23 07:39:43.300   3509413.6564    779144.3475   5250970.0382   1  13   0.0120   0.0072   0.0115   0.0051   0.0054   0.0070   0.30   11.1
2026/04/23 07:39:43.400   3509413.6581    779144.3452   5250970.0352   1  13   0.0120   0.0072   0.0115   0.0051   0.0054   0.0070   0.40   11.1
2026/04/23 07:39:43.500   3509413.6569    779144.3439   5250970.0348   1  13   0.0120   0.0072   0.0115   0.0051   0.0054   0.0070  -0.50   11.1
2026/04/23 07:39:43.600   3509413.6533    779144.3420   5250970.0383   1  13   0.0120   0.0072   0.0115   0.0051   0.0054   0.0070  -0.40   11.1
2026/04/23 07:39:43.700   3509413.6524    779144.3406   5250970.0391   1  13   0.0120   0.0072   0.0115   0.0051   0.0054   0.0070  -0.30   11.2
2026/04/23 07:39:43.800   3509413.6520    779144.3407   5250970.0389   1  13   0.0120   0.0072   0.0114   0.0051   0.0054   0.0070  -0.20   11.2
2026/04/23 07:39:43.900   3509413.6522    779144.3392   5250970.0404   1  13   0.0120   0.0072   0.0114   0.0051   0.0053   0.0070  -0.10   11.2
2026/04/23 07:39:44.000   3509413.6522    779144.3388   5250970.0433   1  13   0.0120   0.0072   0.0114   0.0051   0.0053   0.0070   0.00   11.2
2026/04/23 07:39:44.100   3509413.6529    779144.3382   5250970.0452   1  13   0.0120   0.0072   0.0114   0.0051   0.0053   0.0070   0.10   11.2
2026/04/23 07:39:44.200   3509413.6518    779144.3395   5250970.0479   1  13   0.0120   0.0072   0.0114   0.0051   0.0053   0.0070   0.20   11.2
2026/04/23 07:39:44.300   3509413.6524    779144.3399   5250970.0484   1  13   0.0120   0.0072   0.0114   0.0051   0.0053   0.0070   0.30   11.3
2026/04/23 07:39:44.400   3509413.6541    779144.3398   5250970.0486   1  13   0.0120   0.0072   0.0114   0.0051   0.0053   0.0070   0.40   11.3
2026/04/23 07:39:44.500   3509413.6546    779144.3404   5250970.0480   1  13   0.0120   0.0072   0.0114   0.0051   0.0053   0.0070  -0.50   11.3
2026/04/23 07:39:44.600   3509413.6548    779144.3409   5250970.0475   1  13   0.0120   0.0072   0.0114   0.0051   0.0053   0.0070  -0.40   11.3
2026/04/23 07:39:44.700   3509413.6563    779144.3409   5250970.0469   1  13   0.0120   0.0072   0.0114   0.0051   0.0053   0.0070  -0.30   11.3
2026/04/23 07:39:44.800   3509413.6584    779144.3403   5250970.0462   1  13   0.0120   0.0072   0.0114   0.0051   0.0053   0.0070  -0.20   11.4
2026/04/23 07:39:44.900   3509413.6592    779144.3405   5250970.0467   1  13   0.0120   0.0072   0.0114   0.0051   0.0053   0.0070  -0.10   11.4
2026/04/23 07:39:45.000   3509413.6585    779144.3410   5250970.0458   1  13   0.0120   0.0072   0.0113   0.0051   0.0053   0.0070   0.00   11.4
2026/04/23 07:39:45.100   3509413.6566    779144.3412   5250970.0454   1  13   0.0120   0.0072   0.0113   0.0051   0.0053   0.0070   0.10   11.4
2026/04/23 07:39:45.200   3509413.6568    779144.3411   5250970.0436   1  13   0.0120   0.0072   0.0113   0.0051   0.0053   0.0070   0.20   11.4
2026/04/23 07:39:45.300   3509413.6566    779144.3396   5250970.0431   1  13   0.0120   0.0072   0.0113   0.0051   0.0053   0.0070   0.30   11.5
2026/04/23 07:39:45.400   3509413.6548    779144.3399   5250970.0446   1  13   0.0120   0.0072   0.0113   0.0051   0.0053   0.0070   0.40   11.5
2026/04/23 07:39:45.500   3509413.6543    779144.3399   5250970.0437   1  13   0.0120   0.0072   0.0113   0.0051   0.0053   0.0070  -0.50   11.5
2026/04/23 07:39:45.600   3509413.6530    779144.3395   5250970.0429   1  13   0.0120   0.0072   0.0113   0.0051   0.0053   0.0070  -0.40   11.5
2026/04/23 07:39:45.700   3509413.6519    779144.3399   5250970.0405   1  13   0.0120   0.0072   0.0113   0.0051   0.0053   0.0070  -0.30   11.5
2026/04/23 07:39:45.800   3509413.6522    779144.3388   5250970.0377   1  13   0.0120   0.0072   0.0113   0.0051   0.0053   0.0071  -0.20   11.5
2026/04/23 07:39:45.900   3509413.6514    779144.3384   5250970.0350   1  13   0.0120   0.0072   0.0113   0.0051   0.0053   0.0071  -0.10   11.5
2026/04/23 07:39:46.000   3509413.6498    779144.3375   5250970.0332   1  13   0.0120   0.0072   0.0113   0.0051   0.0053   0.0071   0.00   11.6
2026/04/23 07:39:46.100   3509413.6480    779144.3365   5250970.0320   1  13   0.0120   0.0072   0.0113   0.0051   0.0053   0.0071   0.10   11.6
2026/04/23 07:39:46.200   3509413.6463    779144.3367   5250970.0296   1  13   0.0120   0.0072   0.0113   0.0051   0.0053   0.0070   0.20   11.6
2026/04/23 07:39:46.300   3509413.6456    779144.3362   5250970.0260   1  13   0.0120   0.0072   0.0113   0.0051   0.0053   0.0070   0.30   11.6
2026/04/23 07:39:46.400   3509413.6429    779144.3363   5250970.0245   1  13   0.0120   0.0072   0.0113   0.0051   0.0053   0.0071   0.40   11.6
2026/04/23 07:39:46.500   3509413.6388    779144.3361   5250970.0262   1  13   0.0120   0.0072   0.0113   0.0051   0.0053   0.0071  -0.50   11.6
2026/04/23 07:39:46.600   3509413.6387    779144.3350   5250970.0233   1  13   0.0120   0.0072   0.0113   0.0051   0.0053   0.0071  -0.40   11.6
2026/04/23 07:39:46.700   3509413.6381    779144.3334   5250970.0219   1  13   0.0120   0.0072   0.0113   0.0051   0.0053   0.0071  -0.30   11.6
2026/04/23 07:39:46.800   3509413.6385    779144.3330   5250970.0207   1  13   0.0120   0.0072   0.0113   0.0051   0.0053   0.0071  -0.20   11.6
2026/04/23 07:39:46.900   3509413.6383    779144.3322   5250970.0200   1  13   0.0120   0.0072   0.0113   0.0051   0.0053   0.0071  -0.10   11.7
2026/04/23 07:39:47.000   3509413.6385    779144.3313   5250970.0186   1  13   0.0120   0.0072   0.0113   0.0051   0.0053   0.0071   0.00   11.7
2026/04/23 07:39:47.100   3509413.6385    779144.3306   5250970.0194   1  13   0.0120   0.0072   0.0113   0.0051   0.0053   0.0071   0.10   11.7
2026/04/23 07:39:47.200   3509413.6393    779144.3313   5250970.0177   1  13   0.0120   0.0072   0.0113   0.0051   0.0053   0.0071   0.20   11.7
2026/04/23 07:39:47.300   3509413.6406    779144.3311   5250970.0155   1  13   0.0120   0.0072   0.0113   0.0051   0.0053   0.0071   0.30   11.7
2026/04/23 07:39:47.400   3509413.6389    779144.3305   5250970.0170   1  13   0.0120   0.0072   0.0113   0.0051   0.0053   0.0071   0.40   11.7
2026/04/23 07:39:47.500   3509413.6404    779144.3302   5250970.0166   1  13   0.0120   0.0072   0.0113   0.0051   0.0053   0.0071  -0.50   11.7
2026/04/23 07:39:47.600   3509413.6390    779144.3309   5250970.0175   1  13   0.0120   0.0072   0.0113   0.0051   0.0053   0.0071  -0.40   11.7
2026/04/23 07:39:47.700   3509413.6376    779144.3303   5250970.0185   1  13   0.0120   0.0072   0.0113   0.0051   0.0053   0.0071  -0.30   11.7
2026/04/23 07:39:47.800   3509413.6387    779144.3293   5250970.0195   1  13   0.0120   0.0072   0.0113   0.0051   0.0053   0.0071  -0.20   11.7
2026/04/23 07:39:47.900   3509413.6379    779144.3295   5250970.0195   1  13   0.0120   0.0072   0.0113   0.0051   0.0053   0.0071  -0.10   11.8
2026/04/23 07:39:48.000   3509413.6362    779144.3306   5250970.0194   1  13   0.0120   0.0072   0.0113   0.0051   0.0053   0.0071   0.00   11.8
2026/04/23 07:39:48.100   3509413.6348    779144.3309   5250970.0209   1  13   0.0120   0.0072   0.0113   0.0051   0.0053   0.0071   0.10   11.8
2026/04/23 07:39:48.200   3509413.6348    779144.3313   5250970.0220   1  13   0.0120   0.0072   0.0113   0.0051   0.0053   0.0071   0.20   11.8
2026/04/23 07:39:48.300   3509413.6347    779144.3308   5250970.0234   1  13   0.0120   0.0072   0.0113   0.0051   0.0053   0.0071   0.30   11.8
2026/04/23 07:39:48.400   3509413.6345    779144.3317   5250970.0240   1  13   0.0120   0.0072   0.0113   0.0051   0.0053   0.0071   0.40   11.8
2026/04/23 07:39:48.500   3509413.6351    779144.3321   5250970.0243   1  13   0.0120   0.0072   0.0113   0.0051   0.0053   0.0071  -0.50   11.8
2026/04/23 07:39:48.600   3509413.6365    779144.3321   5250970.0233   1  13   0.0120   0.0072   0.0113   0.0051   0.0053   0.0071  -0.40   11.8
2026/04/23 07:39:48.700   3509413.6370    779144.3319   5250970.0235   1  13   0.0120   0.0072   0.0113   0.0051   0.0053   0.0071  -0.30   11.9
2026/04/23 07:39:48.800   3509413.6376    779144.3318   5250970.0232   1  13   0.0120   0.0072   0.0113   0.0051   0.0053   0.0071  -0.20   11.9
2026/04/23 07:39:48.900   3509413.6362    779144.3327   5250970.0225   1  13   0.0120   0.0072   0.0113   0.0051   0.0053   0.0071  -0.10   11.9
2026/04/23 07:39:49.000   3509413.6360    779144.3317   5250970.0208   1  13   0.0120   0.0072   0.0113   0.0051   0.0053   0.0071   0.00   11.9
2026/04/23 07:39:49.100   3509413.6366    779144.3309   5250970.0217   1  13   0.0120   0.0072   0.0113   0.0051   0.0053   0.0071   0.10   11.9
2026/04/23 07:39:49.200   3509413.6361    779144.3312   5250970.0214   1  13   0.0120   0.0072   0.0113   0.0051   0.0053   0.0071   0.20   11.9
2026/04/23 07:39:49.300   3509413.6342    779144.3321   5250970.0217   1  13   0.0120   0.0072   0.0113   0.0051   0.0053   0.0071   0.30   11.9
2026/04/23 07:39:49.400   3509413.6326    779144.3331   5250970.0203   1  13   0.0120   0.0072   0.0113   0.0051   0.0053   0.0071   0.40   11.9
2026/04/23 07:39:49.500   3509413.6343    779144.3321   5250970.0179   1  13   0.0120   0.0073   0.0113   0.0051   0.0053   0.0071  -0.50   11.9
2026/04/23 07:39:49.600   3509413.6343    779144.3308   5250970.0191   1  13   0.0120   0.0072   0.0113   0.0051   0.0053   0.0071  -0.40   12.0
2026/04/23 07:39:49.700   3509413.6339    779144.3295   5250970.0192   1  13   0.0120   0.0072   0.0113   0.0051   0.0053   0.0071  -0.30   12.0
2026/04/23 07:39:49.800   3509413.6337    779144.3284   5250970.0199   1  13   0.0120   0.0072   0.0113   0.0051   0.0053   0.0071  -0.20   12.0
2026/04/23 07:39:49.900   3509413.6333    779144.3283   5250970.0208   1  13   0.0120   0.0072   0.0113   0.0051   0.0053   0.0071  -0.10   12.0
2026/04/23 07:39:50.000   3509413.6325    779144.3288   5250970.0209   1  13   0.0120   0.0072   0.0113   0.0051   0.0053   0.0071   0.00   12.0
2026/04/23 07:39:50.100   3509413.6331    779144.3290   5250970.0214   1  13   0.0120   0.0072   0.0113   0.0051   0.0053   0.0071   0.10   12.0
2026/04/23 07:39:50.200   3509413.6338    779144.3298   5250970.0213   1  13   0.0120   0.0072   0.0113   0.0051   0.0053   0.0071   0.20   12.0
2026/04/23 07:39:50.300   3509413.6349    779144.3296   5250970.0205   1  13   0.0120   0.0072   0.0113   0.0051   0.0053   0.0071   0.30   12.0
2026/04/23 07:39:50.400   3509413.6351    779144.3292   5250970.0205   1  13   0.0120   0.0072   0.0113   0.0051   0.0053   0.0071   0.40   12.0
2026/04/23 07:39:50.500   3509413.6352    779144.3291   5250970.0220   1  13   0.0120   0.0073   0.0113   0.0051   0.0053   0.0071  -0.50   12.0
2026/04/23 07:39:50.600   3509413.6352    779144.3290   5250970.0232   1  13   0.0120   0.0072   0.0113   0.0051   0.0053   0.0071  -0.40   12.0
2026/04/23 07:39:50.700   3509413.6348    779144.3287   5250970.0240   1  13   0.0120   0.0072   0.0113   0.0051   0.0053   0.0071  -0.30   12.1
2026/04/23 07:39:50.800   3509413.6348    779144.3291   5250970.0233   1  13   0.0120   0.0072   0.0113   0.0051   0.0053   0.0071  -0.20   12.1
2026/04/23 07:39:50.900   3509413.6334    779144.3301   5250970.0246   1  13   0.0120   0.0072   0.0113   0.0051   0.0053   0.0071  -0.10   12.1
2026/04/23 07:39:51.000   3509413.6316    779144.3310   5250970.0262   1  13   0.0120   0.0072   0.0113   0.0051   0.0053   0.0071   0.00   12.1
2026/04/23 07:39:51.100   3509413.6322    779144.3302   5250970.0245   1  13   0.0120   0.0072   0.0113   0.0051   0.0053   0.0071   0.10   12.1
2026/04/23 07:39:51.200   3509413.6332    779144.3297   5250970.0241   1  13   0.0120   0.0072   0.0113   0.0051   0.0053   0.0071   0.20   12.1
2026/04/23 07:39:51.300   3509413.6347    779144.3297   5250970.0234   1  13   0.0120   0.0072   0.0113   0.0051   0.0053   0.0071   0.30   12.1
2026/04/23 07:39:51.400   3509413.6369    779144.3297   5250970.0225   1  13   0.0120   0.0072   0.0113   0.0051   0.0053   0.0071   0.40   12.1
2026/04/23 07:39:51.500   3509413.6382    779144.3294   5250970.0217   1  13   0.0120   0.0073   0.0113   0.0051   0.0053   0.0071  -0.50   12.1
2026/04/23 07:39:51.600   3509413.6403    779144.3284   5250970.0194   1  13   0.0120   0.0073   0.0113   0.0051   0.0053   0.0071  -0.40   12.1
2026/04/23 07:39:51.700   3509413.6410    779144.3283   5250970.0188   1  13   0.0120   0.0072   0.0113   0.0051   0.0053   0.0071  -0.30   12.1
2026/04/23 07:39:51.800   3509413.6411    779144.3286   5250970.0198   1  13   0.0120   0.0072   0.0113   0.0051   0.0053   0.0071  -0.20   12.1
2026/04/23 07:39:51.900   3509413.6486    779144.3399   5250970.0149   1  13   0.0120   0.0072   0.0113   0.0051   0.0053   0.0071  -0.10   12.2
2026/04/23 07:39:52.000   3509413.6703    779144.4086   5250969.9930   1  13   0.0120   0.0072   0.0113   0.0051   0.0053   0.0071   0.00   12.2
2026/04/23 07:39:52.100   3509413.6930    779144.5626   5250969.9551   1  13   0.0120   0.0072   0.0113   0.0051   0.0053   0.0071   0.10   12.2
2026/04/23 07:39:52.200   3509413.6946    779144.7031   5250969.9309   1  13   0.0120   0.0072   0.0113   0.0051   0.0053   0.0071   0.20   12.2
2026/04/23 07:39:52.300   3509413.6792    779144.8268   5250969.9189   1  13   0.0120   0.0072   0.0113   0.0051   0.0053   0.0071   0.30   12.2
2026/04/23 07:39:52.400   3509413.6715    779144.9190   5250969.9077   1  13   0.0120   0.0072   0.0113   0.0051   0.0053   0.0071   0.40   12.2
2026/04/23 07:39:52.500   3509413.6708    779144.9735   5250969.8982   1  13   0.0120   0.0073   0.0113   0.0051   0.0053   0.0071  -0.50   12.2
2026/04/23 07:39:52.600   3509413.6562    779144.9874   5250969.8926   1  13   0.0127   0.0073   0.0113   0.0049   0.0053   0.0073  -0.40   12.2
2026/04/23 07:39:52.700   3509413.6472    779144.9732   5250969.8921   1  13   0.0132   0.0073   0.0113   0.0047   0.0053   0.0076  -0.30   12.2
2026/04/23 07:39:52.800   3509413.6514    779144.9366   5250969.8953   1  13   0.0135   0.0073   0.0114   0.0047   0.0052   0.0078  -0.20   12.2
2026/04/23 07:39:52.900   3509413.6602    779144.8977   5250969.9003   1  13   0.0137   0.0073   0.0115   0.0048   0.0052   0.0080  -0.10   12.2
2026/04/23 07:39:53.000   3509413.6629    779144.8617   5250969.9083   1  13   0.0138   0.0072   0.0115   0.0049   0.0053   0.0081   0.00   12.2
2026/04/23 07:39:53.100   3509413.6627    779144.8351   5250969.9085   1  13   0.0138   0.0072   0.0116   0.0050   0.0053   0.0083   0.10   12.2
2026/04/23 07:39:53.200   3509413.6561    779144.8170   5250969.9103   1  13   0.0137   0.0072   0.0116   0.0051   0.0053   0.0084   0.20   12.2
2026/04/23 07:39:53.300   3509413.6595    779144.8013   5250969.9126   1  13   0.0137   0.0072   0.0117   0.0052   0.0054   0.0084   0.30   12.2
2026/04/23 07:39:53.400   3509413.6640    779144.7908   5250969.9106   1  13   0.0136   0.0073   0.0117   0.0053   0.0054   0.0084   0.40   12.2
2026/04/23 07:39:53.500   3509413.6638    779144.7874   5250969.9127   1  13   0.0135   0.0073   0.0118   0.0054   0.0055   0.0085  -0.50   12.2
2026/04/23 07:39:53.600   3509413.6653    779144.7890   5250969.9114   1  13   0.0135   0.0073   0.0118   0.0054   0.0055   0.0085  -0.40   12.2
2026/04/23 07:39:53.700   3509413.6629    779144.7959   5250969.9090   1  13   0.0134   0.0073   0.0118   0.0054   0.0055   0.0084  -0.30   12.2
2026/04/23 07:39:53.800   3509413.6626    779144.8043   5250969.9077   1  13   0.0133   0.0073   0.0118   0.0054   0.0055   0.0084  -0.20   12.2
2026/04/23 07:39:53.900   3509413.6633    779144.8082   5250969.9093   1  13   0.0132   0.0073   0.0118   0.0054   0.0055   0.0084  -0.10   12.3
2026/04/23 07:39:54.000   3509413.6629    779144.8145   5250969.9070   1  13   0.0131   0.0073   0.0118   0.0054   0.0055   0.0083   0.00   12.3
2026/04/23 07:39:54.100   3509413.6661    779144.8230   5250969.9020   1  13   0.0131   0.0073   0.0118   0.0054   0.0055   0.0082   0.10   12.3
2026/04/23 07:39:54.200   3509413.6656    779144.8293   5250969.8996   1  13   0.0130   0.0073   0.0117   0.0054   0.0055   0.0082   0.20   12.3
2026/04/23 07:39:54.300   3509413.6695    779144.8328   5250969.8967   1  13   0.0130   0.0073   0.0117   0.0054   0.0055   0.0081   0.30   12.3
2026/04/23 07:39:54.400   3509413.6657    779144.8365   5250969.8970   1  13   0.0129   0.0073   0.0117   0.0054   0.0055   0.0081   0.40   12.3
2026/04/23 07:39:54.500   3509413.6660    779144.8386   5250969.8948   1  13   0.0129   0.0073   0.0117   0.0053   0.0055   0.0080  -0.50   12.3
2026/04/23 07:39:54.600   3509413.6621    779144.8410   5250969.8936   1  13   0.0128   0.0073   0.0116   0.0053   0.0055   0.0080  -0.40   12.3
2026/04/23 07:39:54.700   3509413.6602    779144.8422   5250969.8968   1  13   0.0128   0.0073   0.0116   0.0053   0.0055   0.0079  -0.30   12.3
2026/04/23 07:39:54.800   3509413.6577    779144.8415   5250969.8991   1  13   0.0127   0.0073   0.0116   0.0053   0.0054   0.0079  -0.20   12.3
2026/04/23 07:39:54.900   3509413.6558    779144.8401   5250969.9013   1  13   0.0127   0.0072   0.0116   0.0053   0.0054   0.0078  -0.10   12.3
2026/04/23 07:39:55.000   3509413.6559    779144.8393   5250969.9031   1  13   0.0126   0.0072   0.0115   0.0053   0.0054   0.0078   0.00   12.3
2026/04/23 07:39:55.100   3509413.6554    779144.8383   5250969.9040   1  13   0.0126   0.0072   0.0115   0.0052   0.0054   0.0077   0.10   12.3
2026/04/23 07:39:55.200   3509413.6571    779144.8378   5250969.9027   1  13   0.0126   0.0072   0.0115   0.0052   0.0054   0.0077   0.20   12.3
2026/04/23 07:39:55.300   3509413.6574    779144.8357   5250969.9029   1  13   0.0125   0.0072   0.0115   0.0052   0.0054   0.0076   0.30   12.3
2026/04/23 07:39:55.400   3509413.6591    779144.8350   5250969.9020   1  13   0.0125   0.0072   0.0115   0.0052   0.0054   0.0076   0.40   12.3
2026/04/23 07:39:55.500   3509413.6613    779144.8346   5250969.9016   1  13   0.0125   0.0073   0.0114   0.0052   0.0054   0.0076  -0.50   12.3
2026/04/23 07:39:55.600   3509413.6635    779144.8339   5250969.9012   1  13   0.0125   0.0073   0.0114   0.0052   0.0054   0.0075  -0.40   12.3
2026/04/23 07:39:55.700   3509413.6649    779144.8336   5250969.9021   1  13   0.0124   0.0073   0.0114   0.0052   0.0054   0.0075  -0.30   12.3
2026/04/23 07:39:55.800   3509413.6668    779144.8338   5250969.9015   1  13   0.0124   0.0072   0.0114   0.0052   0.0054   0.0075  -0.20   12.3
2026/04/23 07:39:55.900   3509413.6685    779144.8351   5250969.9012   1  13   0.0124   0.0072   0.0114   0.0052   0.0054   0.0075  -0.10   12.3
2026/04/23 07:39:56.000   3509413.6712    779144.8362   5250969.8989   1  13   0.0124   0.0072   0.0114   0.0052   0.0054   0.0074   0.00   12.3
2026/04/23 07:39:56.100   3509413.6716    779144.8370   5250969.8974   1  13   0.0123   0.0072   0.0114   0.0052   0.0054   0.0074   0.10   12.3
2026/04/23 07:39:56.200   3509413.6700    779144.8361   5250969.8997   1  13   0.0123   0.0072   0.0114   0.0052   0.0054   0.0074   0.20   12.4
2026/04/23 07:39:56.300   3509413.6712    779144.8363   5250969.9013   1  13   0.0123   0.0072   0.0114   0.0051   0.0054   0.0074   0.30   12.4
2026/04/23 07:39:56.400   3509413.6723    779144.8448   5250969.9002   1  13   0.0123   0.0072   0.0114   0.0051   0.0054   0.0074   0.40   12.4
2026/04/23 07:39:56.500   3509413.6745    779144.8708   5250969.8967   1  13   0.0123   0.0073   0.0114   0.0052   0.0054   0.0074  -0.50   12.4
2026/04/23 07:39:56.600   3509413.6862    779144.9135   5250969.8901   1  13   0.0123   0.0073   0.0114   0.0052   0.0054   0.0074  -0.40   12.4
2026/04/23 07:39:56.700   3509413.6959    779144.9650   5250969.8813   1  13   0.0123   0.0072   0.0114   0.0051   0.0054   0.0073  -0.30   12.3
2026/04/23 07:39:56.800   3509413.6940    779145.0109   5250969.8720   1  13   0.0123   0.0072   0.0113   0.0051   0.0054   0.0073  -0.20   12.3
2026/04/23 07:39:56.900   3509413.6954    779145.0398   5250969.8639   1  13   0.0123   0.0072   0.0113   0.0051   0.0053   0.0073  -0.10   12.3
2026/04/23 07:39:57.000   3509413.6985    779145.0569   5250969.8579   1  13   0.0122   0.0072   0.0113   0.0051   0.0053   0.0073   0.00   12.3
2026/04/23 07:39:57.100   3509413.7050    779145.0694   5250969.8527   1  13   0.0122   0.0072   0.0113   0.0051   0.0053   0.0073   0.10   12.3
2026/04/23 07:39:57.200   3509413.7159    779145.0892   5250969.8441   1  13   0.0122   0.0072   0.0113   0.0051   0.0053   0.0073   0.20   12.3
2026/04/23 07:39:57.300   3509413.7200    779145.1211   5250969.8307   1  13   0.0122   0.0072   0.0113   0.0051   0.0053   0.0073   0.30   12.3
2026/04/23 07:39:57.400   3509413.7212    779145.1567   5250969.8148   1  13   0.0122   0.0072   0.0113   0.0051   0.0053   0.0073   0.40   12.3
2026/04/23 07:39:57.500   3509413.7262    779145.1850   5250969.8042   1  13   0.0122   0.0073   0.0113   0.0051   0.0053   0.0073  -0.50   12.3
2026/04/23 07:39:57.600   3509413.7278    779145.2054   5250969.7949   1  13   0.0122   0.0073   0.0113   0.0051   0.0054   0.0073  -0.40   12.3
2026/04/23 07:39:57.700   3509413.7247    779145.2172   5250969.7911   1  13   0.0122   0.0072   0.0113   0.0051   0.0053   0.0073  -0.30   12.3
2026/04/23 07:39:57.800   3509413.7257    779145.2195   5250969.7854   1  13   0.0122   0.0072   0.0113   0.0051   0.0053   0.0073  -0.20   12.3
2026/04/23 07:39:57.900   3509413.7224    779145.2214   5250969.7839   1  13   0.0122   0.0072   0.0113   0.0051   0.0053   0.0073  -0.10   12.3
2026/04/23 07:39:58.000   3509413.7184    779145.2343   5250969.7788   1  13   0.0122   0.0072   0.0113   0.0051   0.0053   0.0073   0.00   12.4
2026/04/23 07:39:58.100   3509413.7179    779145.2582   5250969.7712   1  13   0.0122   0.0072   0.0113   0.0051   0.0053   0.0073   0.10   12.4
2026/04/23 07:39:58.200   3509413.7212    779145.2873   5250969.7623   1  13   0.0122   0.0072   0.0113   0.0051   0.0053   0.0073   0.20   12.4
2026/04/23 07:39:58.300   3509413.7290    779145.3213   5250969.7495   1  13   0.0122   0.0072   0.0113   0.0051   0.0053   0.0073   0.30   12.4
2026/04/23 07:39:58.400   3509413.7339    779145.3543   5250969.7431   1  13   0.0122   0.0072   0.0113   0.0051   0.0053   0.0073   0.40   12.3
2026/04/23 07:39:58.500   3509413.7333    779145.3841   5250969.7426   1  13   0.0122   0.0073   0.0113   0.0051   0.0054   0.0073  -0.50   12.3
2026/04/23 07:39:58.600   3509413.7333    779145.4055   5250969.7389   1  13   0.0122   0.0073   0.0113   0.0051   0.0054   0.0073  -0.40   12.4
2026/04/23 07:39:58.700   3509413.7326    779145.4219   5250969.7381   1  13   0.0122   0.0072   0.0113   0.0051   0.0054   0.0073  -0.30   12.4
2026/04/23 07:39:58.800   3509413.7342    779145.4451   5250969.7334   1  13   0.0122   0.0072   0.0113   0.0051   0.0053   0.0073  -0.20   12.4
2026/04/23 07:39:58.900   3509413.7417    779145.4784   5250969.7198   1  13   0.0122   0.0072   0.0113   0.0051   0.0053   0.0073  -0.10   12.4
2026/04/23 07:39:59.000   3509413.7412    779145.5114   5250969.7122   1  13   0.0122   0.0072   0.0113   0.0051   0.0053   0.0073   0.00   12.4
2026/04/23 07:39:59.100   3509413.7468    779145.5382   5250969.7043   1  13   0.0122   0.0072   0.0113   0.0051   0.0053   0.0073   0.10   12.4
2026/04/23 07:39:59.200   3509413.7426    779145.5615   5250969.7008   1  13   0.0122   0.0072   0.0113   0.0051   0.0053   0.0073   0.20   12.4
2026/04/23 07:39:59.300   3509413.7404    779145.5849   5250969.6983   1  13   0.0122   0.0072   0.0113   0.0051   0.0053   0.0073   0.30   12.4
2026/04/23 07:39:59.400   3509413.7374    779145.6085   5250969.6966   1  13   0.0122   0.0072   0.0113   0.0051   0.0053   0.0073   0.40   12.4
2026/04/23 07:39:59.500   3509413.7353    779145.6385   5250969.6919   1  13   0.0122   0.0073   0.0113   0.0051   0.0054   0.0073  -0.50   12.4
2026/04/23 07:39:59.600   3509413.7380    779145.6715   5250969.6865   1  13   0.0122   0.0073   0.0113   0.0051   0.0054   0.0073  -0.40   12.4
2026/04/23 07:39:59.700   3509413.7428    779145.7021   5250969.6797   1  13   0.0122   0.0073   0.0113   0.0051   0.0054   0.0073  -0.30   12.4
2026/04/23 07:39:59.800   3509413.7466    779145.7317   5250969.6735   1  13   0.0122   0.0072   0.0113   0.0051   0.0054   0.0073  -0.20   12.4
2026/04/23 07:39:59.900   3509413.7479    779145.7590   5250969.6677   1  13   0.0122   0.0072   0.0113   0.0051   0.0053   0.0073  -0.10   12.4
2026/04/23 07:40:00.000   3509413.7562    779145.7883   5250969.6599   1  13   0.0122   0.0072   0.0113   0.0051   0.0053   0.0073   0.00   12.4
2026/04/23 07:40:00.100   3509413.7655    779145.8240   5250969.6503   1  13   0.0122   0.0072   0.0113   0.0051   0.0053   0.0073   0.10   12.4
2026/04/23 07:40:00.200   3509413.7645    779145.8638   5250969.6472   1  13   0.0122   0.0072   0.0113   0.0051   0.0053   0.0073   0.20   12.4
2026/04/23 07:40:00.300   3509413.7675    779145.9039   5250969.6446   1  13   0.0122   0.0072   0.0113   0.0051   0.0053   0.0073   0.30   12.4
2026/04/23 07:40:00.400   3509413.7653    779145.9417   5250969.6430   1  13   0.0122   0.0072   0.0113   0.0051   0.0053   0.0073   0.40   12.4
2026/04/23 07:40:00.500   3509413.7696    779145.9775   5250969.6358   1  13   0.0122   0.0073   0.0113   0.0051   0.0054   0.0073  -0.50   12.4
2026/04/23 07:40:00.600   3509413.7736    779146.0235   5250969.6247   1  13   0.0122   0.0073   0.0113   0.0051   0.0054   0.0073  -0.40   12.4
2026/04/23 07:40:00.700   3509413.7783    779146.0671   5250969.6139   1  13   0.0122   0.0073   0.0113   0.0051   0.0054   0.0073  -0.30   12.4
2026/04/23 07:40:00.800   3509413.7742    779146.1068   5250969.6082   1  13   0.0122   0.0072   0.0113   0.0051   0.0054   0.0073  -0.20   12.4
2026/04/23 07:40:00.900   3509413.7720    779146.1420   5250969.6026   1  13   0.0121   0.0072   0.0113   0.0051   0.0053   0.0073  -0.10   12.4
2026/04/23 07:40:01.000   3509413.7701    779146.1744   5250969.5980   1  13   0.0121   0.0072   0.0113   0.0051   0.0053   0.0073   0.00   12.4
2026/04/23 07:40:01.100   3509413.7678    779146.2109   5250969.5921   1  13   0.0121   0.0072   0.0113   0.0051   0.0053   0.0073   0.10   12.4
2026/04/23 07:40:01.200   3509413.7672    779146.2510   5250969.5836   1  13   0.0121   0.0072   0.0113   0.0051   0.0053   0.0072   0.20   12.4
2026/04/23 07:40:01.300   3509413.7703    779146.2906   5250969.5738   1  13   0.0121   0.0072   0.0113   0.0051   0.0053   0.0072   0.30   12.4
2026/04/23 07:40:01.400   3509413.7718    779146.3268   5250969.5628   1  13   0.0121   0.0072   0.0113   0.0051   0.0053   0.0072   0.40   12.4
2026/04/23 07:40:01.500   3509413.7817    779146.3587   5250969.5484   1  13   0.0121   0.0073   0.0113   0.0051   0.0054   0.0072  -0.50   12.4
2026/04/23 07:40:01.600   3509413.7932    779146.3898   5250969.5367   1  13   0.0121   0.0073   0.0113   0.0051   0.0054   0.0072  -0.40   12.4
2026/04/23 07:40:01.700   3509413.8036    779146.4231   5250969.5277   1  13   0.0121   0.0073   0.0113   0.0051   0.0054   0.0072  -0.30   12.4
2026/04/23 07:40:01.800   3509413.8135    779146.4571   5250969.5179   1  13   0.0121   0.0072   0.0113   0.0051   0.0054   0.0072  -0.20   12.5
2026/04/23 07:40:01.900   3509413.8172    779146.4924   5250969.5117   1  12   0.0127   0.0073   0.0113   0.0049   0.0053   0.0074  -0.10   12.5
2026/04/23 07:40:02.000   3509413.8208    779146.5265   5250969.5064   1  12   0.0132   0.0073   0.0114   0.0047   0.0053   0.0076   0.00   12.5
2026/04/23 07:40:02.100   3509413.8275    779146.5617   5250969.4983   1  12   0.0136   0.0073   0.0114   0.0047   0.0053   0.0078   0.10   12.5
2026/04/23 07:40:02.200   3509413.8319    779146.6008   5250969.4895   1  12   0.0138   0.0073   0.0115   0.0047   0.0053   0.0080   0.20   12.4
2026/04/23 07:40:02.300   3509413.8339    779146.6420   5250969.4816   1  12   0.0140   0.0073   0.0115   0.0047   0.0053   0.0082   0.30   12.4
2026/04/23 07:40:02.400   3509413.8375    779146.6807   5250969.4750   1  12   0.0141   0.0073   0.0116   0.0048   0.0053   0.0083   0.40   12.4
2026/04/23 07:40:02.500   3509413.8380    779146.7213   5250969.4677   1  12   0.0142   0.0073   0.0117   0.0049   0.0054   0.0084  -0.50   12.4
2026/04/23 07:40:02.600   3509413.8299    779146.7654   5250969.4606   1  12   0.0142   0.0073   0.0117   0.0049   0.0054   0.0085  -0.40   12.4
2026/04/23 07:40:02.700   3509413.8235    779146.8110   5250969.4543   1  12   0.0142   0.0073   0.0118   0.0049   0.0054   0.0085  -0.30   12.4
2026/04/23 07:40:02.800   3509413.8274    779146.8543   5250969.4482   1  12   0.0143   0.0073   0.0118   0.0050   0.0055   0.0086  -0.20   12.4
2026/04/23 07:40:02.900   3509413.8308    779146.8931   5250969.4434   1  12   0.0143   0.0073   0.0118   0.0050   0.0055   0.0086  -0.10   12.4
2026/04/23 07:40:03.000   3509413.8300    779146.9297   5250969.4361   1  12   0.0143   0.0073   0.0118   0.0050   0.0055   0.0086   0.00   12.4
2026/04/23 07:40:03.100   3509413.8258    779146.9644   5250969.4296   1  12   0.0143   0.0073   0.0119   0.0050   0.0055   0.0086   0.10   12.4
2026/04/23 07:40:03.200   3509413.8278    779147.0049   5250969.4197   1  12   0.0143   0.0073   0.0119   0.0050   0.0055   0.0087   0.20   12.4
2026/04/23 07:40:03.300   3509413.8345    779147.0613   5250969.4065   1  12   0.0143   0.0074   0.0119   0.0050   0.0055   0.0087   0.30   12.4
2026/04/23 07:40:03.400   3509413.8461    779147.1417   5250969.3878   1  12   0.0143   0.0074   0.0119   0.0050   0.0055   0.0087   0.40   12.4
2026/04/23 07:40:03.500   3509413.8526    779147.2239   5250969.3707   1  12   0.0143   0.0074   0.0119   0.0050   0.0055   0.0087  -0.50   12.4
2026/04/23 07:40:03.600   3509413.8505    779147.2957   5250969.3603   1  12   0.0143   0.0074   0.0119   0.0050   0.0056   0.0087  -0.40   12.4
2026/04/23 07:40:03.700   3509413.8575    779147.3490   5250969.3505   1  12   0.0143   0.0074   0.0119   0.0050   0.0055   0.0087  -0.30   12.4
2026/04/23 07:40:03.800   3509413.8649    779147.3928   5250969.3443   1  12   0.0143   0.0074   0.0119   0.0050   0.0055   0.0087  -0.20   12.4
2026/04/23 07:40:03.900   3509413.8691    779147.4257   5250969.3362   1  12   0.0143   0.0074   0.0119   0.0050   0.0055   0.0087  -0.10   12.4
2026/04/23 07:40:04.000   3509413.8740    779147.4471   5250969.3303   1  12   0.0143   0.0073   0.0119   0.0050   0.0055   0.0087   0.00   12.4
2026/04/23 07:40:04.100   3509413.8874    779147.4788   5250969.3238   1  12   0.0143   0.0073   0.0119   0.0050   0.0055   0.0087   0.10   12.4
2026/04/23 07:40:04.200   3509413.9074    779147.5326   5250969.3181   1  12   0.0143   0.0074   0.0119   0.0050   0.0055   0.0087   0.20   12.4
2026/04/23 07:40:04.300   3509413.9901    779147.6029   5250969.3670   1  11   0.0149   0.0074   0.0120   0.0045   0.0054   0.0091   0.30   17.1
2026/04/23 07:40:04.400   3509414.0000    779147.6735   5250969.3550   1  11   0.0155   0.0075   0.0122   0.0041   0.0052   0.0095   0.40   17.1
2026/04/23 07:40:04.500   3509414.0055    779147.7435   5250969.3441   1  11   0.0159   0.0075   0.0124   0.0039   0.0051   0.0099  -0.50   17.1
2026/04/23 07:40:04.600   3509414.0181    779147.8064   5250969.3261   1  11   0.0162   0.0075   0.0125   0.0039   0.0051   0.0102  -0.40   17.1
2026/04/23 07:40:04.700   3509414.0288    779147.8592   5250969.3148   1  11   0.0165   0.0075   0.0127   0.0039   0.0051   0.0105  -0.30   17.1
2026/04/23 07:40:04.800   3509414.0381    779147.9072   5250969.3074   1  11   0.0167   0.0075   0.0128   0.0040   0.0052   0.0107  -0.20   17.1
2026/04/23 07:40:04.900   3509414.0508    779147.9510   5250969.2964   1  11   0.0168   0.0075   0.0129   0.0041   0.0052   0.0109  -0.10   17.1
2026/04/23 07:40:05.000   3509414.0602    779147.9973   5250969.2902   1  11   0.0169   0.0075   0.0130   0.0042   0.0053   0.0110   0.00   17.1
2026/04/23 07:40:05.100   3509414.0723    779148.0568   5250969.2731   1  11   0.0170   0.0075   0.0131   0.0043   0.0053   0.0111   0.10   17.1
2026/04/23 07:40:05.200   3509414.0854    779148.1195   5250969.2565   1  11   0.0171   0.0076   0.0131   0.0043   0.0054   0.0112   0.20   17.1
2026/04/23 07:40:05.300   3509414.0889    779148.1837   5250969.2395   1  11   0.0171   0.0076   0.0132   0.0044   0.0054   0.0113   0.30   17.1
2026/04/23 07:40:05.400   3509414.0882    779148.2551   5250969.2347   1  11   0.0172   0.0076   0.0132   0.0044   0.0055   0.0113   0.40   17.1
2026/04/23 07:40:05.500   3509414.0911    779148.3248   5250969.2282   1  11   0.0172   0.0076   0.0133   0.0045   0.0055   0.0114  -0.50   17.1
2026/04/23 07:40:05.600   3509414.0949    779148.3957   5250969.2159   1  11   0.0172   0.0076   0.0133   0.0045   0.0055   0.0114  -0.40   17.1
2026/04/23 07:40:05.700   3509414.0949    779148.4618   5250969.2030   1  11   0.0172   0.0076   0.0133   0.0045   0.0055   0.0114  -0.30   17.1
2026/04/23 07:40:05.800   3509414.1007    779148.5255   5250969.1835   1  11   0.0172   0.0076   0.0133   0.0045   0.0055   0.0114  -0.20   17.1
2026/04/23 07:40:05.900   3509414.1129    779148.5809   5250969.1644   1  11   0.0172   0.0076   0.0133   0.0045   0.0055   0.0115  -0.10   17.1
2026/04/23 07:40:06.000   3509414.1249    779148.6348   5250969.1470   1  11   0.0172   0.0076   0.0133   0.0045   0.0055   0.0115   0.00   17.1
2026/04/23 07:40:06.100   3509414.1201    779148.6833   5250969.1390   1  11   0.0172   0.0076   0.0133   0.0045   0.0055   0.0115   0.10   17.2
2026/04/23 07:40:06.200   3509414.1186    779148.7309   5250969.1328   1  11   0.0172   0.0076   0.0133   0.0045   0.0055   0.0115   0.20   17.1
2026/04/23 07:40:06.300   3509414.1164    779148.7798   5250969.1294   1  11   0.0172   0.0076   0.0133   0.0045   0.0055   0.0115   0.30   17.1
2026/04/23 07:40:06.400   3509414.1205    779148.8322   5250969.1166   1  11   0.0172   0.0076   0.0133   0.0045   0.0055   0.0115   0.40   17.1
2026/04/23 07:40:06.500   3509414.1298    779148.8885   5250969.0925   1  11   0.0173   0.0076   0.0133   0.0045   0.0055   0.0115  -0.50   17.1
2026/04/23 07:40:06.600   3509414.1371    779148.9440   5250969.0802   1  11   0.0173   0.0076   0.0133   0.0045   0.0055   0.0115  -0.40   17.1
2026/04/23 07:40:06.700   3509414.1376    779149.0028   5250969.0666   1  11   0.0173   0.0076   0.0133   0.0045   0.0056   0.0115  -0.30   17.1
2026/04/23 07:40:06.800   3509414.1509    779149.0626   5250969.0557   1  11   0.0173   0.0076   0.0133   0.0045   0.0056   0.0115  -0.20   17.1
2026/04/23 07:40:06.900   3509414.1654    779149.1211   5250969.0357   1  12   0.0173   0.0076   0.0133   0.0045   0.0055   0.0115  -0.10   17.1
2026/04/23 07:40:07.000   3509414.1768    779149.1786   5250969.0151   1  13   0.0173   0.0076   0.0133   0.0045   0.0055   0.0115   0.00   17.1
2026/04/23 07:40:07.100   3509414.1931    779149.2291   5250968.9964   1  13   0.0172   0.0076   0.0133   0.0046   0.0056   0.0115   0.10   17.1
2026/04/23 07:40:07.200   3509414.1992    779149.2567   5250968.9867   1  13   0.0172   0.0075   0.0133   0.0046   0.0056   0.0115   0.20   17.1
2026/04/23 07:40:07.300   3509414.2060    779149.2587   5250968.9829   1  13   0.0172   0.0075   0.0133   0.0046   0.0056   0.0115   0.30   17.1
2026/04/23 07:40:07.400   3509414.2086    779149.2436   5250968.9805   1  13   0.0171   0.0074   0.0133   0.0046   0.0055   0.0114   0.40   17.1
2026/04/23 07:40:07.500   3509414.2025    779149.2269   5250968.9829   1  13   0.0170   0.0073   0.0133   0.0046   0.0055   0.0114  -0.50   17.1
2026/04/23 07:40:07.600   3509414.2019    779149.2174   5250968.9826   1  13   0.0169   0.0072   0.0133   0.0046   0.0055   0.0113  -0.40   17.1
2026/04/23 07:40:07.700   3509414.2061    779149.2265   5250968.9773   1  13   0.0168   0.0073   0.0133   0.0048   0.0056   0.0113  -0.30   17.1
2026/04/23 07:40:07.800   3509414.2133    779149.2618   5250968.9670   1  13   0.0167   0.0073   0.0133   0.0050   0.0056   0.0112  -0.20   17.1
2026/04/23 07:40:07.900   3509414.2047    779149.3094   5250968.9539   1  13   0.0166   0.0073   0.0132   0.0051   0.0057   0.0112  -0.10   17.1
2026/04/23 07:40:08.000   3509414.1934    779149.3565   5250968.9495   1  13   0.0165   0.0072   0.0132   0.0051   0.0057   0.0111   0.00   17.1
2026/04/23 07:40:08.100   3509414.1767    779149.4016   5250968.9450   1  13   0.0163   0.0072   0.0132   0.0051   0.0057   0.0110   0.10   17.1
2026/04/23 07:40:08.200   3509414.1698    779149.4450   5250968.9411   1  13   0.0162   0.0071   0.0131   0.0050   0.0056   0.0109   0.20   17.1
2026/04/23 07:40:08.300   3509414.1603    779149.4908   5250968.9353   1  13   0.0161   0.0071   0.0131   0.0049   0.0056   0.0107   0.30   17.1
2026/04/23 07:40:08.400   3509414.1507    779149.5357   5250968.9267   1  13   0.0159   0.0070   0.0130   0.0048   0.0055   0.0106   0.40   17.1
2026/04/23 07:40:08.500   3509414.1416    779149.5805   5250968.9244   1  13   0.0158   0.0069   0.0129   0.0046   0.0054   0.0105  -0.50   17.0
2026/04/23 07:40:08.600   3509414.1409    779149.6195   5250968.9235   1  13   0.0156   0.0069   0.0129   0.0045   0.0054   0.0103  -0.40   17.0
2026/04/23 07:40:08.700   3509414.1321    779149.6605   5250968.9215   1  13   0.0155   0.0068   0.0128   0.0043   0.0053   0.0101  -0.30   17.0
2026/04/23 07:40:08.800   3509414.1282    779149.6945   5250968.9237   1  13   0.0153   0.0068   0.0127   0.0042   0.0052   0.0100  -0.20   17.0
2026/04/23 07:40:08.900   3509414.1308    779149.7276   5250968.9254   1  13   0.0152   0.0068   0.0125   0.0041   0.0051   0.0098  -0.10   17.0
2026/04/23 07:40:09.000   3509414.1300    779149.7611   5250968.9240   1  13   0.0150   0.0067   0.0124   0.0040   0.0050   0.0096   0.00   17.0
2026/04/23 07:40:09.100   3509414.1156    779149.7979   5250968.9250   1  13   0.0149   0.0067   0.0123   0.0038   0.0050   0.0095   0.10   17.0
2026/04/23 07:40:09.200   3509414.0980    779149.8354   5250968.9266   1  13   0.0148   0.0067   0.0122   0.0037   0.0049   0.0093   0.20   17.0
2026/04/23 07:40:09.300   3509414.0790    779149.8699   5250968.9324   1  13   0.0146   0.0067   0.0121   0.0037   0.0048   0.0091   0.30   17.0
2026/04/23 07:40:09.400   3509414.0622    779149.9028   5250968.9381   1  13   0.0145   0.0067   0.0120   0.0036   0.0048   0.0090   0.40   17.1
2026/04/23 07:40:09.500   3509414.0409    779149.9363   5250968.9434   1  13   0.0144   0.0067   0.0120   0.0035   0.0047   0.0088  -0.50   17.1
2026/04/23 07:40:09.600   3509414.0286    779149.9684   5250968.9470   1  13   0.0143   0.0067   0.0119   0.0034   0.0047   0.0087  -0.40   17.1
2026/04/23 07:40:09.700   3509414.0149    779150.0098   5250968.9499   1  13   0.0142   0.0067   0.0118   0.0033   0.0047   0.0085  -0.30   17.1
2026/04/23 07:40:09.800   3509413.9996    779150.0544   5250968.9521   1  13   0.0141   0.0066   0.0117   0.0033   0.0046   0.0084  -0.20   17.1
2026/04/23 07:40:09.900   3509413.9764    779150.0997   5250968.9573   1  13   0.0140   0.0066   0.0116   0.0032   0.0046   0.0083  -0.10   17.1
2026/04/23 07:40:10.000   3509413.9574    779150.1412   5250968.9642   1  13   0.0139   0.0066   0.0115   0.0031   0.0045   0.0082   0.00   17.1
2026/04/23 07:40:10.100   3509413.9375    779150.1771   5250968.9751   1  13   0.0138   0.0066   0.0115   0.0031   0.0045   0.0081   0.10   17.1
2026/04/23 07:40:10.200   3509413.9161    779150.2188   5250968.9839   1  13   0.0138   0.0066   0.0114   0.0030   0.0044   0.0079   0.20   17.1
2026/04/23 07:40:10.300   3509413.9041    779150.2678   5250968.9869   1  13   0.0137   0.0066   0.0114   0.0029   0.0044   0.0079   0.30   17.1
2026/04/23 07:40:10.400   3509413.8894    779150.3181   5250968.9884   1  13   0.0137   0.0066   0.0113   0.0029   0.0044   0.0078   0.40   17.1
2026/04/23 07:40:10.500   3509413.8747    779150.3691   5250968.9934   1  13   0.0136   0.0066   0.0113   0.0028   0.0044   0.0077  -0.50   17.1
2026/04/23 07:40:10.600   3509413.8643    779150.4154   5250968.9983   1  13   0.0136   0.0066   0.0113   0.0028   0.0043   0.0076  -0.40   17.1
2026/04/23 07:40:10.700   3509413.8531    779150.4563   5250969.0010   1  13   0.0135   0.0066   0.0112   0.0027   0.0043   0.0076  -0.30   17.1
2026/04/23 07:40:10.800   3509413.8432    779150.4976   5250969.0023   1  13   0.0135   0.0066   0.0112   0.0027   0.0043   0.0075  -0.20   17.1
2026/04/23 07:40:10.900   3509413.8373    779150.5444   5250969.0007   1  13   0.0134   0.0066   0.0111   0.0027   0.0043   0.0074  -0.10   17.1
2026/04/23 07:40:11.000   3509413.8350    779150.5938   5250968.9971   1  13   0.0134   0.0065   0.0111   0.0026   0.0042   0.0074   0.00   17.1
2026/04/23 07:40:11.100   3509413.8266    779150.6413   5250968.9962   1  13   0.0133   0.0065   0.0111   0.0026   0.0042   0.0074   0.10   17.1
2026/04/23 07:40:11.200   3509413.8144    779150.6834   5250968.9965   1  13   0.0133   0.0065   0.0111   0.0026   0.0042   0.0073   0.20   17.1
2026/04/23 07:40:11.300   3509413.8095    779150.7243   5250968.9908   1  13   0.0133   0.0065   0.0111   0.0026   0.0042   0.0073   0.30   17.1
2026/04/23 07:40:11.400   3509413.8030    779150.7605   5250968.9865   1  13   0.0133   0.0065   0.0111   0.0025   0.0042   0.0072   0.40   17.1
2026/04/23 07:40:11.500   3509413.7919    779150.8033   5250968.9870   1  13   0.0133   0.0065   0.0110   0.0025   0.0042   0.0072  -0.50   17.1
2026/04/23 07:40:11.600   3509413.7902    779150.8561   5250968.9877   1  13   0.0132   0.0065   0.0110   0.0025   0.0042   0.0072  -0.40   17.1
2026/04/23 07:40:11.700   3509413.7939    779150.9048   5250968.9767   1  13   0.0132   0.0065   0.0110   0.0025   0.0042   0.0072  -0.30   17.1
2026/04/23 07:40:11.800   3509413.7939    779150.9541   5250968.9659   1  13   0.0132   0.0065   0.0110   0.0025   0.0042   0.0072  -0.20   17.1
2026/04/23 07:40:11.900   3509413.7875    779150.9997   5250968.9589   1  13   0.0132   0.0065   0.0110   0.0025   0.0041   0.0071  -0.10   17.1
2026/04/23 07:40:12.000   3509413.7785    779151.0428   5250968.9539   1  13   0.0132   0.0065   0.0110   0.0024   0.0041   0.0071   0.00   17.1
2026/04/23 07:40:12.100   3509413.7672    779151.0902   5250968.9561   1  13   0.0132   0.0065   0.0110   0.0024   0.0041   0.0071   0.10   17.2
2026/04/23 07:40:12.200   3509413.7589    779151.1358   5250968.9573   1  13   0.0132   0.0065   0.0110   0.0024   0.0041   0.0071   0.20   17.2
2026/04/23 07:40:12.300   3509413.7501    779151.1813   5250968.9563   1  13   0.0131   0.0065   0.0110   0.0024   0.0041   0.0071   0.30   17.2
2026/04/23 07:40:12.400   3509413.7491    779151.2204   5250968.9505   1  13   0.0131   0.0065   0.0110   0.0024   0.0041   0.0071   0.40   17.2
2026/04/23 07:40:12.500   3509413.7477    779151.2583   5250968.9413   1  13   0.0131   0.0065   0.0110   0.0024   0.0041   0.0071  -0.50   17.2
2026/04/23 07:40:12.600   3509413.7491    779151.3022   5250968.9328   1  13   0.0131   0.0065   0.0110   0.0024   0.0041   0.0071  -0.40   17.2
2026/04/23 07:40:12.700   3509413.7496    779151.3482   5250968.9242   1  13   0.0131   0.0065   0.0110   0.0024   0.0041   0.0071  -0.30   17.2
2026/04/23 07:40:12.800   3509413.7579    779151.3998   5250968.9097   1  13   0.0131   0.0065   0.0110   0.0024   0.0041   0.0070  -0.20   17.2
2026/04/23 07:40:12.900   3509413.7680    779151.4498   5250968.8955   1  13   0.0131   0.0065   0.0109   0.0024   0.0041   0.0070  -0.10   17.2
2026/04/23 07:40:13.000   3509413.7740    779151.4960   5250968.8833   1  13   0.0131   0.0065   0.0109   0.0024   0.0041   0.0070   0.00   17.2
2026/04/23 07:40:13.100   3509413.7709    779151.5397   5250968.8765   1  13   0.0131   0.0065   0.0109   0.0024   0.0041   0.0070   0.10   17.2
2026/04/23 07:40:13.200   3509413.7637    779151.5794   5250968.8725   1  13   0.0131   0.0065   0.0109   0.0024   0.0041   0.0070   0.20   17.1
2026/04/23 07:40:13.300   3509413.7580    779151.6182   5250968.8652   1  13   0.0131   0.0065   0.0109   0.0023   0.0041   0.0070   0.30   17.1
2026/04/23 07:40:13.400   3509413.7560    779151.6626   5250968.8562   1  13   0.0131   0.0065   0.0109   0.0023   0.0041   0.0070   0.40   17.1
2026/04/23 07:40:13.500   3509413.7492    779151.7051   5250968.8529   1  13   0.0131   0.0065   0.0109   0.0023   0.0041   0.0070  -0.50   17.1
2026/04/23 07:40:13.600   3509413.7398    779151.7483   5250968.8523   1  13   0.0131   0.0065   0.0109   0.0023   0.0041   0.0070  -0.40   17.1
2026/04/23 07:40:13.700   3509413.7365    779151.7888   5250968.8446   1  13   0.0131   0.0065   0.0109   0.0023   0.0041   0.0070  -0.30   17.1
2026/04/23 07:40:13.800   3509413.7392    779151.8290   5250968.8338   1  13   0.0131   0.0065   0.0109   0.0023   0.0041   0.0070  -0.20   17.1
2026/04/23 07:40:13.900   3509413.7400    779151.8778   5250968.8199   1  13   0.0131   0.0065   0.0109   0.0023   0.0041   0.0070  -0.10   17.1
2026/04/23 07:40:14.000   3509413.7468    779151.9250   5250968.8069   1  13   0.0130   0.0065   0.0109   0.0023   0.0041   0.0070   0.00   17.1
2026/04/23 07:40:14.100   3509413.7590    779151.9697   5250968.7940   1  13   0.0130   0.0065   0.0109   0.0023   0.0041   0.0070   0.10   17.1
2026/04/23 07:40:14.200   3509413.7673    779152.0083   5250968.7859   1  13   0.0130   0.0065   0.0109   0.0023   0.0041   0.0070   0.20   17.1
2026/04/23 07:40:14.300   3509413.7725    779152.0497   5250968.7809   1  13   0.0130   0.0065   0.0109   0.0023   0.0041   0.0069   0.30   17.1
2026/04/23 07:40:14.400   3509413.7792    779152.0931   5250968.7694   1  13   0.0130   0.0065   0.0109   0.0023   0.0041   0.0069   0.40   17.1
2026/04/23 07:40:14.500   3509413.7793    779152.1392   5250968.7612   1  13   0.0130   0.0065   0.0109   0.0023   0.0041   0.0069  -0.50   17.1
2026/04/23 07:40:14.600   3509413.7863    779152.1832   5250968.7524   1  13   0.0130   0.0065   0.0109   0.0023   0.0041   0.0069  -0.40   17.1
2026/04/23 07:40:14.700   3509413.8007    779152.2210   5250968.7371   1  13   0.0130   0.0065   0.0109   0.0023   0.0041   0.0069  -0.30   17.1
2026/04/23 07:40:14.800   3509413.8044    779152.2625   5250968.7262   1  13   0.0130   0.0065   0.0109   0.0023   0.0041   0.0069  -0.20   17.1
2026/04/23 07:40:14.900   3509413.8021    779152.3056   5250968.7193   1  13   0.0130   0.0065   0.0109   0.0023   0.0041   0.0069  -0.10   17.1
2026/04/23 07:40:15.000   3509413.7956    779152.3519   5250968.7153   1  13   0.0130   0.0065   0.0109   0.0023   0.0041   0.0069   0.00   17.1
2026/04/23 07:40:15.100   3509413.7963    779152.3956   5250968.7081   1  13   0.0130   0.0065   0.0109   0.0023   0.0041   0.0069   0.10   17.1
2026/04/23 07:40:15.200   3509413.8047    779152.4343   5250968.6968   1  13   0.0130   0.0065   0.0109   0.0023   0.0041   0.0069   0.20   17.0
2026/04/23 07:40:15.300   3509413.8097    779152.4755   5250968.6913   1  13   0.0130   0.0065   0.0109   0.0023   0.0041   0.0069   0.30   17.0
2026/04/23 07:40:15.400   3509413.8072    779152.5196   5250968.6896   1  13   0.0130   0.0065   0.0109   0.0023   0.0041   0.0069   0.40   17.0
2026/04/23 07:40:15.500   3509413.8099    779152.5698   5250968.6804   1  13   0.0130   0.0065   0.0109   0.0023   0.0041   0.0069  -0.50   17.0
2026/04/23 07:40:15.600   3509413.8177    779152.6209   5250968.6660   1  13   0.0130   0.0065   0.0109   0.0023   0.0041   0.0069  -0.40   17.0
2026/04/23 07:40:15.700   3509413.8239    779152.6686   5250968.6514   1  13   0.0130   0.0065   0.0109   0.0023   0.0041   0.0069  -0.30   17.0
2026/04/23 07:40:15.800   3509413.8324    779152.7125   5250968.6384   1  13   0.0130   0.0065   0.0109   0.0022   0.0041   0.0069  -0.20   17.0
2026/04/23 07:40:15.900   3509413.8366    779152.7509   5250968.6288   1  13   0.0130   0.0065   0.0109   0.0022   0.0040   0.0069  -0.10   17.0
2026/04/23 07:40:16.000   3509413.8408    779152.7863   5250968.6185   1  13   0.0129   0.0065   0.0109   0.0022   0.0040   0.0068   0.00   17.0
2026/04/23 07:40:16.100   3509413.8419    779152.8305   5250968.6057   1  13   0.0129   0.0065   0.0109   0.0022   0.0040   0.0068   0.10   17.0
2026/04/23 07:40:16.200   3509413.8394    779152.8806   5250968.5959   1  13   0.0129   0.0065   0.0109   0.0022   0.0040   0.0068   0.20   17.0
2026/04/23 07:40:16.300   3509413.8456    779152.9302   5250968.5899   1  13   0.0129   0.0065   0.0109   0.0022   0.0040   0.0068   0.30   17.0
2026/04/23 07:40:16.400   3509413.8467    779152.9784   5250968.5868   1  13   0.0129   0.0065   0.0109   0.0022   0.0040   0.0068   0.40   17.0
2026/04/23 07:40:16.500   3509413.8525    779153.0229   5250968.5824   1  13   0.0129   0.0065   0.0109   0.0022   0.0040   0.0068  -0.50   16.9
2026/04/23 07:40:16.600   3509413.8580    779153.0664   5250968.5736   1  13   0.0129   0.0065   0.0109   0.0022   0.0040   0.0068  -0.40   16.9
2026/04/23 07:40:16.700   3509413.8661    779153.1143   5250968.5589   1  13   0.0129   0.0065   0.0109   0.0022   0.0040   0.0068  -0.30   16.9
2026/04/23 07:40:16.800   3509413.8630    779153.1657   5250968.5499   1  13   0.0129   0.0065   0.0108   0.0022   0.0040   0.0068  -0.20   16.9
2026/04/23 07:40:16.900   3509413.8657    779153.2123   5250968.5379   1  13   0.0129   0.0065   0.0108   0.0022   0.0040   0.0068  -0.10   16.9
2026/04/23 07:40:17.000   3509413.8782    779153.2507   5250968.5232   1  14   0.0129   0.0065   0.0108   0.0022   0.0040   0.0068   0.00   16.9
2026/04/23 07:40:17.100   3509413.8856    779153.2866   5250968.5185   1  14   0.0129   0.0065   0.0108   0.0022   0.0040   0.0068   0.10   16.9
2026/04/23 07:40:17.200   3509413.8864    779153.3313   5250968.5123   1  14   0.0129   0.0065   0.0108   0.0022   0.0040   0.0068   0.20   16.9
2026/04/23 07:40:17.300   3509413.8916    779153.3814   5250968.5021   1  14   0.0128   0.0065   0.0108   0.0022   0.0040   0.0068   0.30   16.9
2026/04/23 07:40:17.400   3509413.8940    779153.4314   5250968.4909   1  14   0.0128   0.0065   0.0108   0.0022   0.0040   0.0068   0.40   16.9
2026/04/23 07:40:17.500   3509413.8934    779153.4807   5250968.4810   1  14   0.0127   0.0065   0.0108   0.0023   0.0040   0.0068  -0.50   16.9
2026/04/23 07:40:17.600   3509413.8978    779153.5225   5250968.4705   1  14   0.0126   0.0065   0.0108   0.0023   0.0040   0.0068  -0.40   16.9
2026/04/23 07:40:17.700   3509413.9073    779153.5604   5250968.4609   1  14   0.0124   0.0065   0.0108   0.0023   0.0040   0.0068  -0.30   16.9
2026/04/23 07:40:17.800   3509413.9122    779153.6069   5250968.4478   1  14   0.0123   0.0065   0.0108   0.0023   0.0040   0.0068  -0.20   16.9
2026/04/23 07:40:17.900   3509413.9083    779153.6564   5250968.4381   1  14   0.0122   0.0065   0.0108   0.0024   0.0040   0.0068  -0.10   16.9
2026/04/23 07:40:18.000   3509413.9067    779153.7068   5250968.4259   1  14   0.0121   0.0065   0.0108   0.0024   0.0040   0.0068   0.00   16.9
2026/04/23 07:40:18.100   3509413.9112    779153.7474   5250968.4103   1  14   0.0120   0.0065   0.0108   0.0024   0.0040   0.0067   0.10   16.9
2026/04/23 07:40:18.200   3509413.9170    779153.7834   5250968.3968   1  14   0.0119   0.0065   0.0108   0.0024   0.0040   0.0067   0.20   16.9
2026/04/23 07:40:18.300   3509413.9141    779153.8292   5250968.3862   1  14   0.0118   0.0065   0.0108   0.0023   0.0040   0.0066   0.30   16.9
2026/04/23 07:40:18.400   3509413.9153    779153.8832   5250968.3739   1  14   0.0117   0.0065   0.0108   0.0023   0.0040   0.0066   0.40   16.9
2026/04/23 07:40:18.500   3509413.9124    779153.9330   5250968.3611   1  14   0.0117   0.0065   0.0108   0.0023   0.0040   0.0065  -0.50   16.9
2026/04/23 07:40:18.600   3509413.9127    779153.9836   5250968.3501   1  14   0.0116   0.0065   0.0107   0.0023   0.0040   0.0065  -0.40   16.9
2026/04/23 07:40:18.700   3509413.9179    779154.0230   5250968.3390   1  14   0.0115   0.0065   0.0107   0.0022   0.0040   0.0064  -0.30   16.9
2026/04/23 07:40:18.800   3509413.9176    779154.0567   5250968.3313   1  14   0.0115   0.0065   0.0107   0.0022   0.0040   0.0063  -0.20   16.9
2026/04/23 07:40:18.900   3509413.9276    779154.0907   5250968.3173   1  14   0.0114   0.0065   0.0107   0.0022   0.0040   0.0063  -0.10   16.9
2026/04/23 07:40:19.000   3509413.9327    779154.1327   5250968.3016   1  14   0.0114   0.0065   0.0106   0.0022   0.0039   0.0062   0.00   16.9
2026/04/23 07:40:19.100   3509413.9371    779154.1823   5250968.2880   1  14   0.0114   0.0065   0.0106   0.0021   0.0039   0.0062   0.10   16.9
2026/04/23 07:40:19.200   3509413.9548    779154.2512   5250968.2664   1  14   0.0113   0.0065   0.0106   0.0021   0.0039   0.0061   0.20   16.9
2026/04/23 07:40:19.300   3509413.9659    779154.3613   5250968.2391   1  14   0.0113   0.0065   0.0105   0.0021   0.0039   0.0061   0.30   16.9
2026/04/23 07:40:19.400   3509413.9774    779154.4798   5250968.2188   1  14   0.0113   0.0065   0.0105   0.0021   0.0039   0.0060   0.40   16.9
2026/04/23 07:40:19.500   3509413.9897    779154.5938   5250968.1891   1  14   0.0112   0.0065   0.0105   0.0020   0.0039   0.0060  -0.50   16.9
2026/04/23 07:40:19.600   3509414.0012    779154.6903   5250968.1713   1  14   0.0112   0.0065   0.0105   0.0020   0.0039   0.0059  -0.40   16.9
2026/04/23 07:40:19.700   3509414.0181    779154.7644   5250968.1491   1  14   0.0112   0.0065   0.0105   0.0020   0.0039   0.0059  -0.30   16.9
2026/04/23 07:40:19.800   3509414.0404    779154.8253   5250968.1276   1  14   0.0111   0.0065   0.0105   0.0020   0.0039   0.0059  -0.20   16.9
2026/04/23 07:40:19.900   3509414.0526    779154.8755   5250968.1187   1  14   0.0111   0.0065   0.0105   0.0020   0.0039   0.0058  -0.10   16.9
2026/04/23 07:40:20.000   3509414.0639    779154.9156   5250968.1037   1  14   0.0111   0.0065   0.0104   0.0020   0.0039   0.0058   0.00   16.8
2026/04/23 07:40:20.100   3509414.0767    779154.9692   5250968.0872   1  14   0.0111   0.0064   0.0104   0.0020   0.0039   0.0058   0.10   16.8
2026/04/23 07:40:20.200   3509414.0868    779155.0359   5250968.0660   1  14   0.0110   0.0065   0.0104   0.0019   0.0038   0.0057   0.20   16.8
2026/04/23 07:40:20.300   3509414.0953    779155.1021   5250968.0451   1  14   0.0110   0.0065   0.0104   0.0019   0.0038   0.0057   0.30   16.8
2026/04/23 07:40:20.400   3509414.1027    779155.1675   5250968.0280   1  14   0.0110   0.0065   0.0104   0.0019   0.0038   0.0057   0.40   16.8
2026/04/23 07:40:20.500   3509414.1185    779155.2334   5250968.0079   1  14   0.0110   0.0065   0.0104   0.0019   0.0038   0.0057  -0.50   16.8
2026/04/23 07:40:20.600   3509414.1262    779155.2984   5250967.9893   1  14   0.0110   0.0065   0.0104   0.0019   0.0038   0.0057  -0.40   16.8
2026/04/23 07:40:20.700   3509414.1342    779155.3622   5250967.9744   1  14   0.0110   0.0065   0.0104   0.0019   0.0038   0.0057  -0.30   16.8
2026/04/23 07:40:20.800   3509414.1478    779155.4290   5250967.9590   1  14   0.0110   0.0065   0.0104   0.0019   0.0038   0.0056  -0.20   16.8
2026/04/23 07:40:20.900   3509414.1588    779155.5010   5250967.9434   1  14   0.0109   0.0064   0.0104   0.0019   0.0038   0.0056  -0.10   16.8
2026/04/23 07:40:21.000   3509414.1707    779155.5756   5250967.9216   1  14   0.0109   0.0064   0.0104   0.0019   0.0038   0.0056   0.00   16.8
2026/04/23 07:40:21.100   3509414.1839    779155.6501   5250967.9011   1  14   0.0109   0.0064   0.0104   0.0019   0.0038   0.0056   0.10   16.8
2026/04/23 07:40:21.200   3509414.1962    779155.7213   5250967.8821   1  14   0.0109   0.0064   0.0104   0.0019   0.0038   0.0056   0.20   16.8
2026/04/23 07:40:21.300   3509414.2064    779155.7949   5250967.8615   1  14   0.0109   0.0065   0.0104   0.0019   0.0038   0.0056   0.30   16.7
2026/04/23 07:40:21.400   3509414.2169    779155.8706   5250967.8389   1  15   0.0109   0.0065   0.0104   0.0019   0.0038   0.0056   0.40   16.8
2026/04/23 07:40:21.500   3509414.2244    779155.9441   5250967.8188   1  15   0.0109   0.0065   0.0104   0.0019   0.0038   0.0056  -0.50   16.7
2026/04/23 07:40:21.600   3509414.2336    779156.0182   5250967.7991   1  15   0.0109   0.0065   0.0104   0.0018   0.0038   0.0056  -0.40   16.8
2026/04/23 07:40:21.700   3509414.2403    779156.0871   5250967.7823   1  15   0.0109   0.0064   0.0104   0.0018   0.0038   0.0056  -0.30   16.8
2026/04/23 07:40:21.800   3509414.2376    779156.1567   5250967.7696   1  15   0.0109   0.0064   0.0104   0.0017   0.0038   0.0056  -0.20   16.7
2026/04/23 07:40:21.900   3509414.2380    779156.2275   5250967.7509   1  15   0.0108   0.0064   0.0104   0.0016   0.0038   0.0056  -0.10   16.7
2026/04/23 07:40:22.000   3509414.2398    779156.2938   5250967.7312   1  15   0.0108   0.0063   0.0104   0.0014   0.0038   0.0056   0.00   16.7
2026/04/23 07:40:22.100   3509414.2460    779156.3591   5250967.7156   1  15   0.0108   0.0063   0.0103   0.0013   0.0038   0.0055   0.10   16.7
2026/04/23 07:40:22.200   3509414.2465    779156.4220   5250967.7007   1  15   0.0108   0.0063   0.0103   0.0011   0.0038   0.0055   0.20   16.7
2026/04/23 07:40:22.300   3509414.2506    779156.4839   5250967.6862   1  15   0.0107   0.0062   0.0103   0.0008   0.0038   0.0055   0.30   16.7
2026/04/23 07:40:22.400   3509414.2618    779156.5512   5250967.6714   1  15   0.0107   0.0062   0.0103   0.0006   0.0038   0.0055   0.40   16.7
2026/04/23 07:40:22.500   3509414.2697    779156.6214   5250967.6534   1  15   0.0107   0.0062   0.0103   0.0001   0.0037   0.0054  -0.50   16.7
2026/04/23 07:40:22.600   3509414.2786    779156.6908   5250967.6346   1  15   0.0107   0.0062   0.0103  -0.0005   0.0037   0.0054  -0.40   16.7
2026/04/23 07:40:22.700   3509414.2882    779156.7615   5250967.6167   1  15   0.0106   0.0062   0.0103  -0.0007   0.0037   0.0054  -0.30   16.7
2026/04/23 07:40:22.800   3509414.2958    779156.8352   5250967.6006   1  15   0.0106   0.0062   0.0103  -0.0008   0.0037   0.0054  -0.20   16.7
2026/04/23 07:40:22.900   3509414.3070    779156.9159   5250967.5823   1  15   0.0106   0.0062   0.0103  -0.0009   0.0037   0.0053  -0.10   16.7
2026/04/23 07:40:23.000   3509414.3235    779156.9983   5250967.5626   1  15   0.0106   0.0061   0.0103  -0.0010   0.0036   0.0053   0.00   16.7
2026/04/23 07:40:23.100   3509414.3385    779157.0802   5250967.5371   1  15   0.0105   0.0061   0.0103  -0.0010   0.0036   0.0053   0.10   16.7
2026/04/23 07:40:23.200   3509414.1751    779157.1648   5250967.3939   1  15   0.0103   0.0061   0.0102  -0.0011   0.0036   0.0050   0.20    3.0
2026/04/23 07:40:23.300   3509414.1896    779157.2456   5250967.3757   1  15   0.0103   0.0061   0.0101  -0.0011   0.0036   0.0049   0.30    3.0
2026/04/23 07:40:23.400   3509414.2043    779157.3265   5250967.3563   1  15   0.0103   0.0061   0.0101  -0.0012   0.0036   0.0049   0.40    3.0
2026/04/23 07:40:23.500   3509414.2163    779157.4032   5250967.3281   1  15   0.0103   0.0062   0.0101  -0.0012   0.0036   0.0049  -0.50    3.0
2026/04/23 07:40:23.600   3509414.2294    779157.4869   5250967.3044   1  15   0.0103   0.0061   0.0101  -0.0013   0.0035   0.0049  -0.40    3.0
2026/04/23 07:40:23.700   3509414.2420    779157.5637   5250967.2787   1  15   0.0103   0.0061   0.0101  -0.0013   0.0035   0.0048  -0.30    3.0
2026/04/23 07:40:23.800   3509414.2594    779157.6439   5250967.2545   1  15   0.0103   0.0061   0.0101  -0.0013   0.0035   0.0048  -0.20    3.0
2026/04/23 07:40:23.900   3509414.2764    779157.7231   5250967.2296   1  15   0.0102   0.0061   0.0101  -0.0014   0.0035   0.0048  -0.10    3.0
2026/04/23 07:40:24.000   3509414.2920    779157.7929   5250967.2103   1  15   0.0102   0.0061   0.0101  -0.0014   0.0035   0.0048   0.00    3.1
2026/04/23 07:40:24.100   3509414.3105    779157.8698   5250967.1914   1  15   0.0102   0.0061   0.0100  -0.0014   0.0035   0.0047   0.10    3.1
2026/04/23 07:40:24.200   3509414.3240    779157.9390   5250967.1668   1  15   0.0102   0.0061   0.0100  -0.0014   0.0035   0.0047   0.20    3.1
2026/04/23 07:40:24.300   3509414.3387    779158.0149   5250967.1460   1  15   0.0102   0.0061   0.0100  -0.0015   0.0035   0.0047   0.30    3.1
2026/04/23 07:40:24.400   3509414.3513    779158.0951   5250967.1211   1  15   0.0107   0.0061   0.0100  -0.0018   0.0035   0.0047   0.40    3.1
2026/04/23 07:40:24.500   3509414.3695    779158.1674   5250967.0949   1  15   0.0111   0.0061   0.0100  -0.0020   0.0034   0.0048  -0.50    3.1
2026/04/23 07:40:24.600   3509414.3935    779158.2411   5250967.0703   1  15   0.0113   0.0061   0.0100  -0.0021   0.0034   0.0049  -0.40    3.1
2026/04/23 07:40:24.700   3509414.4180    779158.3135   5250967.0438   1  15   0.0114   0.0061   0.0100  -0.0021   0.0034   0.0050  -0.30    3.1
2026/04/23 07:40:24.800   3509414.4421    779158.3835   5250967.0107   1  15   0.0114   0.0061   0.0101  -0.0020   0.0034   0.0052  -0.20    3.1
2026/04/23 07:40:24.900   3509414.4720    779158.4528   5250966.9761   1  15   0.0113   0.0061   0.0101  -0.0019   0.0034   0.0053  -0.10    3.1
2026/04/23 07:40:25.000   3509414.5042    779158.5269   5250966.9405   1  15   0.0113   0.0061   0.0101  -0.0019   0.0034   0.0053   0.00    3.1
2026/04/23 07:40:25.100   3509414.5287    779158.6044   5250966.9054   1  15   0.0112   0.0061   0.0101  -0.0018   0.0034   0.0054   0.10    3.1
2026/04/23 07:40:25.200   3509414.5508    779158.6795   5250966.8754   1  15   0.0111   0.0061   0.0101  -0.0017   0.0034   0.0054   0.20    3.1
2026/04/23 07:40:25.300   3509414.5722    779158.7492   5250966.8502   1  15   0.0110   0.0061   0.0102  -0.0017   0.0034   0.0054   0.30    3.1
2026/04/23 07:40:25.400   3509414.5881    779158.8210   5250966.8269   1  15   0.0109   0.0061   0.0102  -0.0016   0.0034   0.0054   0.40    3.1
2026/04/23 07:40:25.500   3509414.5983    779158.8974   5250966.8054   1  15   0.0109   0.0061   0.0102  -0.0016   0.0034   0.0054  -0.50    3.1
2026/04/23 07:40:25.600   3509414.6123    779158.9756   5250966.7876   1  15   0.0108   0.0061   0.0102  -0.0016   0.0034   0.0053  -0.40    3.1
2026/04/23 07:40:25.700   3509414.6229    779159.0555   5250966.7682   1  15   0.0107   0.0061   0.0102  -0.0016   0.0034   0.0053  -0.30    3.1
2026/04/23 07:40:25.800   3509414.6303    779159.1335   5250966.7475   1  15   0.0110   0.0061   0.0102  -0.0018   0.0034   0.0052  -0.20    3.1
2026/04/23 07:40:25.900   3509414.6485    779159.2067   5250966.7242   1  15   0.0112   0.0061   0.0102  -0.0020   0.0034   0.0051  -0.10    3.1
2026/04/23 07:40:26.000   3509414.6677    779159.2793   5250966.6985   1  15   0.0114   0.0061   0.0102  -0.0021   0.0034   0.0051   0.00    3.1
2026/04/23 07:40:26.100   3509414.6864    779159.3546   5250966.6733   1  15   0.0114   0.0061   0.0101  -0.0021   0.0034   0.0051   0.10    3.2
2026/04/23 07:40:26.200   3509414.6981    779159.4322   5250966.6527   1  15   0.0114   0.0061   0.0101  -0.0021   0.0034   0.0052   0.20    3.2
2026/04/23 07:40:26.300   3509414.7047    779159.5048   5250966.6345   1  15   0.0114   0.0061   0.0101  -0.0021   0.0034   0.0052   0.30    3.2
2026/04/23 07:40:26.400   3509414.7151    779159.5817   5250966.6172   1  15   0.0113   0.0061   0.0101  -0.0020   0.0034   0.0053   0.40    3.2
2026/04/23 07:40:26.500   3509414.7268    779159.6564   5250966.5955   1  14   0.0114   0.0061   0.0102  -0.0021   0.0034   0.0052  -0.50    3.2
2026/04/23 07:40:26.600   3509414.7320    779159.7411   5250966.5796   1  15   0.0112   0.0061   0.0102  -0.0019   0.0034   0.0053  -0.40    3.2
2026/04/23 07:40:26.700   3509414.7362    779159.8233   5250966.5659   1  15   0.0111   0.0061   0.0102  -0.0018   0.0034   0.0054  -0.30    3.2
2026/04/23 07:40:26.800   3509414.7403    779159.9085   5250966.5504   1  15   0.0110   0.0061   0.0102  -0.0017   0.0034   0.0054  -0.20    3.2
2026/04/23 07:40:26.900   3509414.7540    779159.9968   5250966.5309   1  15   0.0109   0.0061   0.0102  -0.0017   0.0034   0.0053  -0.10    3.2
2026/04/23 07:40:27.000   3509414.7674    779160.0798   5250966.5088   1  15   0.0108   0.0061   0.0102  -0.0017   0.0034   0.0053   0.00    3.2
2026/04/23 07:40:27.100   3509414.7819    779160.1595   5250966.4842   1  15   0.0107   0.0061   0.0102  -0.0017   0.0034   0.0053   0.10    3.2
2026/04/23 07:40:27.200   3509414.8075    779160.2400   5250966.4613   1  15   0.0107   0.0061   0.0102  -0.0017   0.0034   0.0052   0.20    3.2
2026/04/23 07:40:27.300   3509414.8193    779160.3134   5250966.4427   1  15   0.0107   0.0061   0.0102  -0.0017   0.0034   0.0052   0.30    3.2
2026/04/23 07:40:27.400   3509414.8217    779160.3844   5250966.4244   1  15   0.0106   0.0061   0.0102  -0.0017   0.0034   0.0052   0.40    3.2
2026/04/23 07:40:27.500   3509414.8293    779160.4616   5250966.4039   1  15   0.0109   0.0061   0.0102  -0.0019   0.0034   0.0050  -0.50    3.2
2026/04/23 07:40:27.600   3509414.8380    779160.5385   5250966.3849   1  15   0.0112   0.0061   0.0102  -0.0021   0.0034   0.0050  -0.40    3.2
2026/04/23 07:40:27.700   3509414.8402    779160.6140   5250966.3646   1  15   0.0113   0.0061   0.0101  -0.0022   0.0034   0.0050  -0.30    3.2
2026/04/23 07:40:27.800   3509414.8507    779160.6870   5250966.3427   1  14   0.0114   0.0061   0.0101  -0.0022   0.0034   0.0051  -0.20    3.2
2026/04/23 07:40:27.900   3509414.8542    779160.7597   5250966.3312   1  14   0.0115   0.0061   0.0101  -0.0022   0.0034   0.0051  -0.10    3.2
2026/04/23 07:40:28.000   3509414.8644    779160.8312   5250966.3094   1  15   0.0115   0.0061   0.0101  -0.0022   0.0034   0.0051   0.00    3.2
2026/04/23 07:40:28.100   3509414.8685    779160.9049   5250966.2864   1  15   0.0115   0.0061   0.0101  -0.0022   0.0034   0.0052   0.10    3.2
2026/04/23 07:40:28.200   3509414.8755    779160.9797   5250966.2649   1  15   0.0116   0.0061   0.0101  -0.0022   0.0034   0.0052   0.20    3.2
2026/04/23 07:40:28.300   3509414.8693    779161.0600   5250966.2506   1  15   0.0116   0.0061   0.0101  -0.0022   0.0034   0.0052   0.30    3.3
2026/04/23 07:40:28.400   3509414.8828    779161.1371   5250966.2318   1  14   0.0116   0.0061   0.0102  -0.0023   0.0034   0.0052   0.40    3.3
2026/04/23 07:40:28.500   3509414.8928    779161.2148   5250966.2093   1  14   0.0116   0.0061   0.0102  -0.0023   0.0034   0.0052  -0.50    3.3
2026/04/23 07:40:28.600   3509414.9142    779161.2949   5250966.1848   1  14   0.0116   0.0061   0.0102  -0.0023   0.0034   0.0052  -0.40    3.3
2026/04/23 07:40:28.700   3509414.9385    779161.3743   5250966.1576   1  15   0.0116   0.0061   0.0102  -0.0023   0.0034   0.0052  -0.30    3.3
2026/04/23 07:40:28.800   3509414.9561    779161.4505   5250966.1359   1  15   0.0116   0.0061   0.0102  -0.0023   0.0034   0.0052  -0.20    3.3
2026/04/23 07:40:28.900   3509414.9737    779161.5281   5250966.1103   1  15   0.0115   0.0061   0.0102  -0.0022   0.0034   0.0052  -0.10    3.3
2026/04/23 07:40:29.000   3509414.9959    779161.6061   5250966.0801   1  15   0.0115   0.0061   0.0102  -0.0022   0.0034   0.0053   0.00    3.3
2026/04/23 07:40:29.100   3509415.0127    779161.6838   5250966.0559   1  15   0.0114   0.0061   0.0102  -0.0021   0.0034   0.0053   0.10    3.3
2026/04/23 07:40:29.200   3509415.0291    779161.7532   5250966.0332   1  15   0.0113   0.0061   0.0102  -0.0021   0.0034   0.0053   0.20    3.3
2026/04/23 07:40:29.300   3509415.0476    779161.8264   5250966.0157   1  15   0.0112   0.0061   0.0102  -0.0020   0.0034   0.0053   0.30    3.3
2026/04/23 07:40:29.400   3509415.0653    779161.8992   5250965.9932   1  15   0.0111   0.0061   0.0102  -0.0019   0.0034   0.0053   0.40    3.3
2026/04/23 07:40:29.500   3509415.0855    779161.9773   5250965.9717   1  15   0.0110   0.0061   0.0102  -0.0019   0.0034   0.0053  -0.50    3.3
2026/04/23 07:40:29.600   3509415.0922    779162.0562   5250965.9464   1  15   0.0109   0.0061   0.0102  -0.0018   0.0034   0.0053  -0.40    3.3
2026/04/23 07:40:29.700   3509415.1023    779162.1328   5250965.9240   1  15   0.0111   0.0061   0.0102  -0.0020   0.0034   0.0052  -0.30    3.3
2026/04/23 07:40:29.800   3509415.1162    779162.2045   5250965.9001   1  14   0.0113   0.0061   0.0102  -0.0021   0.0034   0.0052  -0.20    3.3
2026/04/23 07:40:29.900   3509415.1332    779162.2692   5250965.8804   1  14   0.0114   0.0061   0.0102  -0.0022   0.0034   0.0051  -0.10    3.3
2026/04/23 07:40:30.000   3509415.1374    779162.3343   5250965.8620   1  15   0.0113   0.0061   0.0102  -0.0022   0.0034   0.0052   0.00    3.3
2026/04/23 07:40:30.100   3509415.1552    779162.4073   5250965.8431   1  15   0.0113   0.0061   0.0102  -0.0022   0.0034   0.0052   0.10    3.3
2026/04/23 07:40:30.200   3509415.1546    779162.4822   5250965.8291   1  15   0.0113   0.0061   0.0101  -0.0021   0.0034   0.0052   0.20    3.3
2026/04/23 07:40:30.300   3509415.1672    779162.5526   5250965.8130   1  15   0.0113   0.0061   0.0101  -0.0021   0.0033   0.0052   0.30    3.3
2026/04/23 07:40:30.400   3509415.1703    779162.6289   5250965.8020   1  15   0.0112   0.0061   0.0102  -0.0021   0.0033   0.0053   0.40    3.3
2026/04/23 07:40:30.500   3509415.1599    779162.7104   5250965.7969   1  15   0.0111   0.0061   0.0102  -0.0020   0.0033   0.0053  -0.50    3.3
2026/04/23 07:40:30.600   3509415.1401    779162.7930   5250965.7929   1  14   0.0113   0.0061   0.0102  -0.0021   0.0034   0.0052  -0.40    3.3
2026/04/23 07:40:30.700   3509415.1375    779162.8679   5250965.7820   1  15   0.0111   0.0061   0.0102  -0.0020   0.0033   0.0053  -0.30    3.3
2026/04/23 07:40:30.800   3509415.1220    779162.9453   5250965.7826   1  15   0.0109   0.0061   0.0102  -0.0019   0.0033   0.0053  -0.20    3.3
2026/04/23 07:40:30.900   3509415.0983    779163.0227   5250965.7853   1  15   0.0108   0.0061   0.0102  -0.0018   0.0033   0.0053  -0.10    3.3
2026/04/23 07:40:31.000   3509415.0658    779163.0938   5250965.7920   1  15   0.0107   0.0061   0.0102  -0.0018   0.0033   0.0052   0.00    3.3
2026/04/23 07:40:31.100   3509415.0432    779163.1678   5250965.7962   1  15   0.0107   0.0061   0.0102  -0.0018   0.0034   0.0052   0.10    3.3
2026/04/23 07:40:31.200   3509415.0088    779163.2411   5250965.8038   1  15   0.0106   0.0061   0.0101  -0.0018   0.0034   0.0052   0.20    3.3
2026/04/23 07:40:31.300   3509414.9679    779163.3134   5250965.8168   1  15   0.0106   0.0061   0.0101  -0.0018   0.0034   0.0051   0.30    3.3
2026/04/23 07:40:31.400   3509414.9242    779163.3792   5250965.8355   1  15   0.0106   0.0061   0.0101  -0.0018   0.0034   0.0051   0.40    3.3
2026/04/23 07:40:31.500   3509414.8806    779163.4408   5250965.8468   1  15   0.0105   0.0061   0.0101  -0.0018   0.0034   0.0050  -0.50    3.3
2026/04/23 07:40:31.600   3509414.8445    779163.5017   5250965.8589   1  15   0.0109   0.0061   0.0101  -0.0020   0.0034   0.0049  -0.40    3.3
2026/04/23 07:40:31.700   3509414.8042    779163.5620   5250965.8698   1  15   0.0111   0.0061   0.0101  -0.0022   0.0034   0.0049  -0.30    3.3
2026/04/23 07:40:31.800   3509414.7620    779163.6170   5250965.8847   1  15   0.0113   0.0061   0.0101  -0.0023   0.0034   0.0049  -0.20    3.3
2026/04/23 07:40:31.900   3509414.7178    779163.6848   5250965.9007   1  15   0.0113   0.0061   0.0101  -0.0023   0.0033   0.0050  -0.10    3.3
2026/04/23 07:40:32.000   3509414.6731    779163.7426   5250965.9166   1  15   0.0113   0.0061   0.0101  -0.0022   0.0033   0.0051   0.00    3.3
2026/04/23 07:40:32.100   3509414.6231    779163.8005   5250965.9382   1  15   0.0113   0.0061   0.0101  -0.0022   0.0033   0.0051   0.10    3.3
2026/04/23 07:40:32.200   3509414.4998    779163.8684   5250965.9591   1  15   0.0114   0.0062   0.0101  -0.0027   0.0035   0.0050   0.20    6.0
2026/04/23 07:40:32.300   3509414.4467    779163.9278   5250965.9849   1  15   0.0115   0.0063   0.0101  -0.0029   0.0036   0.0050   0.30    6.0
2026/04/23 07:40:32.400   3509414.3937    779163.9804   5250966.0103   1  15   0.0114   0.0063   0.0102  -0.0030   0.0036   0.0049   0.40    6.0
2026/04/23 07:40:32.500   3509414.3459    779164.0320   5250966.0342   1  15   0.0114   0.0063   0.0102  -0.0030   0.0036   0.0049  -0.50    6.0
2026/04/23 07:40:32.600   3509414.2951    779164.0767   5250966.0587   1  15   0.0113   0.0063   0.0102  -0.0029   0.0036   0.0049  -0.40    6.0
2026/04/23 07:40:32.700   3509414.2474    779164.1178   5250966.0867   1  15   0.0112   0.0063   0.0102  -0.0028   0.0036   0.0050  -0.30    6.0
2026/04/23 07:40:32.800   3509414.1812    779164.1682   5250966.1252   1  15   0.0111   0.0063   0.0102  -0.0027   0.0036   0.0050  -0.20    6.0
2026/04/23 07:40:32.900   3509414.1224    779164.2217   5250966.1562   1  15   0.0110   0.0062   0.0102  -0.0026   0.0035   0.0050  -0.10    6.0
2026/04/23 07:40:33.000   3509414.0680    779164.2736   5250966.1856   1  15   0.0109   0.0062   0.0102  -0.0025   0.0035   0.0050   0.00    6.0
2026/04/23 07:40:33.100   3509414.0136    779164.3297   5250966.2124   1  15   0.0108   0.0062   0.0102  -0.0024   0.0035   0.0050   0.10    6.0
2026/04/23 07:40:33.200   3509413.9652    779164.3875   5250966.2329   1  15   0.0111   0.0062   0.0102  -0.0025   0.0035   0.0049   0.20    6.0
2026/04/23 07:40:33.300   3509413.9196    779164.4437   5250966.2512   1  15   0.0113   0.0062   0.0101  -0.0026   0.0035   0.0048   0.30    6.0
2026/04/23 07:40:33.400   3509413.8681    779164.5000   5250966.2710   1  15   0.0115   0.0062   0.0101  -0.0026   0.0034   0.0048   0.40    6.0
2026/04/23 07:40:33.500   3509413.8219    779164.5540   5250966.2938   1  15   0.0116   0.0062   0.0101  -0.0027   0.0034   0.0049  -0.50    6.0
2026/04/23 07:40:33.600   3509413.7706    779164.6021   5250966.3218   1  15   0.0116   0.0062   0.0101  -0.0026   0.0034   0.0049  -0.40    6.0
2026/04/23 07:40:33.700   3509413.7185    779164.6489   5250966.3484   1  15   0.0116   0.0061   0.0101  -0.0026   0.0034   0.0050  -0.30    6.0
2026/04/23 07:40:33.800   3509413.6595    779164.6953   5250966.3817   1  15   0.0116   0.0061   0.0101  -0.0026   0.0034   0.0050  -0.20    6.0
2026/04/23 07:40:33.900   3509413.6013    779164.7367   5250966.4106   1  15   0.0116   0.0061   0.0101  -0.0025   0.0034   0.0051  -0.10    6.0
2026/04/23 07:40:34.000   3509413.5526    779164.7778   5250966.4401   1  14   0.0116   0.0061   0.0101  -0.0025   0.0034   0.0051   0.00    6.0
2026/04/23 07:40:34.100   3509413.4920    779164.8226   5250966.4746   1  15   0.0116   0.0061   0.0101  -0.0025   0.0034   0.0051   0.10    6.0
2026/04/23 07:40:34.200   3509413.4332    779164.8648   5250966.5086   1  15   0.0116   0.0061   0.0101  -0.0025   0.0034   0.0051   0.20    6.0
2026/04/23 07:40:34.300   3509413.3690    779164.9062   5250966.5439   1  15   0.0116   0.0061   0.0102  -0.0025   0.0034   0.0051   0.30    6.0
2026/04/23 07:40:34.400   3509413.3119    779164.9428   5250966.5780   1  15   0.0116   0.0061   0.0102  -0.0025   0.0034   0.0051   0.40    6.0
2026/04/23 07:40:34.500   3509413.2512    779164.9741   5250966.6105   1  15   0.0116   0.0061   0.0102  -0.0025   0.0034   0.0051  -0.50    6.0
2026/04/23 07:40:34.600   3509413.1774    779165.0030   5250966.6500   1  15   0.0116   0.0061   0.0102  -0.0025   0.0034   0.0051  -0.40    6.0
2026/04/23 07:40:34.700   3509413.1094    779165.0289   5250966.6902   1  15   0.0118   0.0063   0.0102  -0.0030   0.0035   0.0049  -0.30    6.0
2026/04/23 07:40:34.800   3509413.0493    779165.0521   5250966.7261   1  15   0.0119   0.0063   0.0102  -0.0032   0.0036   0.0048  -0.20    6.0
2026/04/23 07:40:34.900   3509412.9861    779165.0663   5250966.7656   1  14   0.0119   0.0064   0.0102  -0.0033   0.0037   0.0048  -0.10    6.0
2026/04/23 07:40:35.000   3509412.9241    779165.0752   5250966.8020   1  15   0.0119   0.0063   0.0102  -0.0033   0.0036   0.0048   0.00    5.9
2026/04/23 07:40:35.100   3509412.8564    779165.0901   5250966.8481   1  14   0.0120   0.0064   0.0102  -0.0034   0.0037   0.0047   0.10    5.9
2026/04/23 07:40:35.200   3509412.7975    779165.1058   5250966.8846   1  15   0.0119   0.0063   0.0102  -0.0032   0.0036   0.0048   0.20    5.9
2026/04/23 07:40:35.300   3509412.7352    779165.1272   5250966.9225   1  16   0.0119   0.0063   0.0102  -0.0031   0.0035   0.0049   0.30    5.9
2026/04/23 07:40:35.400   3509412.6803    779165.1508   5250966.9551   1  16   0.0118   0.0062   0.0102  -0.0030   0.0035   0.0050   0.40    5.9
2026/04/23 07:40:35.500   3509412.6241    779165.1746   5250966.9869   1  15   0.0118   0.0062   0.0102  -0.0029   0.0035   0.0050  -0.50    5.9
2026/04/23 07:40:35.600   3509412.5620    779165.2027   5250967.0236   1  16   0.0115   0.0062   0.0102  -0.0027   0.0034   0.0051  -0.40    5.9
2026/04/23 07:40:35.700   3509412.4879    779165.2381   5250967.0641   1  16   0.0114   0.0062   0.0102  -0.0027   0.0035   0.0051  -0.30    5.9
2026/04/23 07:40:35.800   3509412.4145    779165.2723   5250967.1045   1  16   0.0113   0.0062   0.0102  -0.0026   0.0035   0.0051  -0.20    5.9
2026/04/23 07:40:35.900   3509412.3502    779165.3032   5250967.1450   1  15   0.0113   0.0062   0.0102  -0.0026   0.0036   0.0050  -0.10    5.9
2026/04/23 07:40:36.000   3509412.2788    779165.3306   5250967.1854   1  16   0.0110   0.0062   0.0102  -0.0023   0.0035   0.0051   0.00    5.9
2026/04/23 07:40:36.100   3509412.2133    779165.3599   5250967.2209   1  15   0.0111   0.0061   0.0102  -0.0022   0.0035   0.0050   0.10    5.9
2026/04/23 07:40:36.200   3509412.1496    779165.3890   5250967.2597   1  16   0.0108   0.0061   0.0102  -0.0018   0.0035   0.0051   0.20    5.9
2026/04/23 07:40:36.300   3509412.0843    779165.4151   5250967.2974   1  16   0.0105   0.0061   0.0102  -0.0015   0.0034   0.0051   0.30    5.9
2026/04/23 07:40:36.400   3509412.0176    779165.4319   5250967.3390   1  15   0.0107   0.0061   0.0102  -0.0015   0.0034   0.0050   0.40    5.9
2026/04/23 07:40:36.500   3509411.9487    779165.4423   5250967.3823   1  15   0.0107   0.0060   0.0102  -0.0014   0.0034   0.0049  -0.50    5.9
2026/04/23 07:40:36.600   3509411.8887    779165.4458   5250967.4174   1  16   0.0104   0.0060   0.0102  -0.0010   0.0034   0.0050  -0.40    5.9
2026/04/23 07:40:36.700   3509411.8245    779165.4522   5250967.4619   1  16   0.0102   0.0060   0.0101  -0.0007   0.0034   0.0050  -0.30    5.9
2026/04/23 07:40:36.800   3509411.7638    779165.4578   5250967.5100   1  15   0.0103   0.0060   0.0101  -0.0008   0.0034   0.0049  -0.20    5.9
2026/04/23 07:40:36.900   3509411.6971    779165.4650   5250967.5541   1  16   0.0101   0.0060   0.0101  -0.0005   0.0034   0.0049  -0.10    5.9
2026/04/23 07:40:37.000   3509411.6339    779165.4681   5250967.5955   1  16   0.0103   0.0060   0.0101  -0.0007   0.0034   0.0048   0.00    5.9
2026/04/23 07:40:37.100   3509411.5602    779165.4680   5250967.6435   1  16   0.0104   0.0060   0.0100  -0.0008   0.0033   0.0047   0.10    5.9
2026/04/23 07:40:37.200   3509411.4949    779165.4665   5250967.6935   1  16   0.0106   0.0061   0.0100   0.0016   0.0035   0.0049   0.20    5.9
2026/04/23 07:40:37.300   3509411.4390    779165.4505   5250967.7339   1  16   0.0108   0.0062   0.0101   0.0022   0.0036   0.0051   0.30    5.9
2026/04/23 07:40:37.400   3509411.3767    779165.4447   5250967.7812   1  16   0.0110   0.0063   0.0101   0.0025   0.0037   0.0052   0.40    5.9
2026/04/23 07:40:37.500   3509411.3000    779165.4457   5250967.8324   1  16   0.0111   0.0063   0.0101   0.0026   0.0038   0.0053  -0.50    5.9
2026/04/23 07:40:37.600   3509411.4100    779165.4403   5250967.9892   1  15   0.0115   0.0064   0.0103   0.0020   0.0037   0.0058  -0.40   25.1
2026/04/23 07:40:37.700   3509411.1709    779165.4504   5250967.9237   1  16   0.0112   0.0063   0.0103   0.0022   0.0038   0.0057  -0.30    5.9
2026/04/23 07:40:37.800   3509411.0881    779165.4673   5250967.9653   1  15   0.0112   0.0062   0.0103   0.0023   0.0038   0.0056  -0.20    5.9
2026/04/23 07:40:37.900   3509411.1998    779165.4717   5250968.1109   1  15   0.0114   0.0062   0.0104   0.0016   0.0037   0.0061  -0.10   25.0
2026/04/23 07:40:38.000   3509411.1422    779165.4803   5250968.1524   1  15   0.0117   0.0064   0.0105   0.0014   0.0036   0.0062   0.00   25.0
2026/04/23 07:40:38.100   3509411.0751    779165.4974   5250968.1932   1  15   0.0119   0.0064   0.0105   0.0013   0.0035   0.0063   0.10   25.0
2026/04/23 07:40:38.200   3509411.0070    779165.5129   5250968.2407   1  15   0.0120   0.0065   0.0106   0.0012   0.0035   0.0064   0.20   25.0
2026/04/23 07:40:38.300   3509410.9426    779165.5375   5250968.2852   1  15   0.0121   0.0064   0.0106   0.0012   0.0035   0.0065   0.30   25.0
2026/04/23 07:40:38.400   3509410.8839    779165.5632   5250968.3261   1  14   0.0121   0.0064   0.0107   0.0010   0.0035   0.0066   0.40   25.0
2026/04/23 07:40:38.500   3509410.8212    779165.5932   5250968.3679   1  14   0.0122   0.0064   0.0107   0.0009   0.0035   0.0066  -0.50   25.0
2026/04/23 07:40:38.600   3509410.7542    779165.6167   5250968.4074   1  14   0.0121   0.0064   0.0107   0.0006   0.0035   0.0067  -0.40   25.0
2026/04/23 07:40:38.700   3509410.6886    779165.6405   5250968.4504   1  14   0.0121   0.0063   0.0107   0.0002   0.0035   0.0067  -0.30   25.0
2026/04/23 07:40:38.800   3509410.6224    779165.6607   5250968.4885   1  14   0.0121   0.0063   0.0107  -0.0006   0.0035   0.0067  -0.20   25.0
2026/04/23 07:40:38.900   3509410.5546    779165.6770   5250968.5292   1  14   0.0120   0.0063   0.0107  -0.0008   0.0035   0.0067  -0.10   25.0
2026/04/23 07:40:39.000   3509410.4907    779165.6921   5250968.5731   1  14   0.0120   0.0062   0.0107  -0.0010   0.0035   0.0066   0.00   24.9
2026/04/23 07:40:39.100   3509410.4334    779165.7145   5250968.6271   1  14   0.0120   0.0063   0.0107  -0.0012   0.0035   0.0066   0.10   17.5
2026/04/23 07:40:39.200   3509410.3559    779165.7355   5250968.6808   1  15   0.0119   0.0064   0.0107  -0.0014   0.0034   0.0066   0.20   17.5
2026/04/23 07:40:39.300   3509410.2874    779165.7576   5250968.7272   1  15   0.0119   0.0064   0.0107  -0.0015   0.0034   0.0065   0.30   17.4
2026/04/23 07:40:39.400   3509410.1844    779165.7754   5250968.7509   1  15   0.0111   0.0064   0.0105  -0.0010   0.0035   0.0058   0.40    3.9
2026/04/23 07:40:39.500   3509410.1206    779165.7913   5250968.7910   1  15   0.0111   0.0064   0.0105  -0.0010   0.0035   0.0058  -0.50    4.0
2026/04/23 07:40:39.600   3509410.0634    779165.8042   5250968.8290   1  14   0.0111   0.0064   0.0105  -0.0005   0.0034   0.0057  -0.40    4.1
2026/04/23 07:40:39.700   3509410.0054    779165.8219   5250968.8669   1  13   0.0111   0.0065   0.0105   0.0003   0.0034   0.0057  -0.30    4.2
2026/04/23 07:40:39.800   3509409.9467    779165.8370   5250968.9001   1  15   0.0110   0.0064   0.0105   0.0012   0.0034   0.0056  -0.20    4.2
2026/04/23 07:40:39.900   3509409.8773    779165.8505   5250968.9350   1  15   0.0111   0.0065   0.0105  -0.0008   0.0036   0.0054  -0.10    4.3
2026/04/23 07:40:40.000   3509409.8147    779165.8581   5250968.9696   1  15   0.0111   0.0066   0.0105  -0.0013   0.0037   0.0053   0.00    4.3
2026/04/23 07:40:40.100   3509409.7514    779165.8666   5250969.0120   1  15   0.0111   0.0066   0.0104  -0.0015   0.0037   0.0052   0.10    4.4
2026/04/23 07:40:40.200   3509409.6872    779165.8754   5250969.0560   1  15   0.0110   0.0065   0.0104  -0.0015   0.0037   0.0052   0.20    4.5
2026/04/23 07:40:40.300   3509409.6210    779165.8876   5250969.1026   1  14   0.0111   0.0065   0.0104  -0.0019   0.0037   0.0051   0.30    4.5
2026/04/23 07:40:40.400   3509409.5559    779165.8886   5250969.1472   1  15   0.0110   0.0064   0.0104  -0.0015   0.0037   0.0051   0.40    4.6
2026/04/23 07:40:40.500   3509409.4831    779165.8850   5250969.1910   1  15   0.0109   0.0063   0.0104  -0.0012   0.0037   0.0051  -0.50    4.6
2026/04/23 07:40:40.600   3509409.4125    779165.8956   5250969.2394   1  15   0.0108   0.0063   0.0103  -0.0009   0.0036   0.0051  -0.40    4.7
2026/04/23 07:40:40.700   3509409.3463    779165.9023   5250969.2870   1  14   0.0110   0.0065   0.0104   0.0009   0.0038   0.0053  -0.30    4.7
2026/04/23 07:40:40.800   3509409.2752    779165.9207   5250969.3309   1  15   0.0110   0.0066   0.0104   0.0020   0.0040   0.0054  -0.20    4.8
2026/04/23 07:40:40.900   3509409.2081    779165.9359   5250969.3693   1  14   0.0111   0.0067   0.0105   0.0020   0.0041   0.0056  -0.10    4.8
2026/04/23 07:40:41.000   3509409.1379    779165.9522   5250969.4157   1  15   0.0110   0.0066   0.0105   0.0025   0.0042   0.0057   0.00    4.9
2026/04/23 07:40:41.100   3509409.0677    779165.9713   5250969.4588   1  15   0.0110   0.0065   0.0105   0.0026   0.0042   0.0057   0.10    4.9
2026/04/23 07:40:41.200   3509409.0033    779165.9915   5250969.4998   1  15   0.0110   0.0065   0.0106   0.0026   0.0042   0.0058   0.20    5.0
2026/04/23 07:40:41.300   3509408.9340    779166.0099   5250969.5393   1  15   0.0109   0.0064   0.0106   0.0026   0.0042   0.0058   0.30    5.0
2026/04/23 07:40:41.400   3509408.8630    779166.0249   5250969.5740   1  15   0.0109   0.0064   0.0106   0.0025   0.0042   0.0057   0.40    5.1
2026/04/23 07:40:41.500   3509408.7979    779166.0407   5250969.6154   1  14   0.0113   0.0066   0.0106   0.0028   0.0043   0.0060  -0.50    5.1
2026/04/23 07:40:41.600   3509408.7347    779166.0647   5250969.6573   1  14   0.0116   0.0068   0.0107   0.0030   0.0043   0.0063  -0.40    5.2
2026/04/23 07:40:41.700   3509408.7075    779166.0789   5250969.7308   1  13   0.0132   0.0069   0.0110   0.0021   0.0042   0.0073  -0.30    6.8
2026/04/23 07:40:41.800   3509408.6334    779166.0948   5250969.7779   1  14   0.0140   0.0069   0.0111   0.0010   0.0042   0.0078  -0.20    6.8
2026/04/23 07:40:41.900   3509408.5617    779166.1106   5250969.8252   1  15   0.0141   0.0068   0.0112   0.0021   0.0043   0.0079  -0.10    6.8
2026/04/23 07:40:42.000   3509408.4961    779166.1303   5250969.8693   1  15   0.0142   0.0067   0.0113   0.0025   0.0043   0.0081   0.00    6.8
2026/04/23 07:40:42.100   3509408.4192    779166.1446   5250969.9112   1  13   0.0147   0.0067   0.0114   0.0014   0.0042   0.0085   0.10    6.8
2026/04/23 07:40:42.200   3509408.3891    779166.1512   5250970.0463   1  14   0.0148   0.0066   0.0118   0.0019   0.0042   0.0081   0.20   22.0
2026/04/23 07:40:42.300   3509408.3153    779166.1653   5250970.0940   1  14   0.0148   0.0066   0.0121   0.0020   0.0043   0.0079   0.30   22.0
2026/04/23 07:40:42.400   3509408.2408    779166.1757   5250970.1403   1  14   0.0147   0.0065   0.0123   0.0019   0.0043   0.0077   0.40   22.0
2026/04/23 07:40:42.500   3509408.2895    779166.1754   5250970.2283   1  14   0.0134   0.0064   0.0120   0.0022   0.0047   0.0067  -0.50    6.5
2026/04/23 07:40:42.600   3509408.2211    779166.1704   5250970.2774   1  14   0.0132   0.0064   0.0119   0.0021   0.0047   0.0067  -0.40    6.6
2026/04/23 07:40:42.700   3509408.1519    779166.1727   5250970.3273   1  14   0.0130   0.0064   0.0119   0.0020   0.0046   0.0066  -0.30    6.8
2026/04/23 07:40:42.800   3509408.0633    779166.1677   5250970.3913   1  14   0.0131   0.0064   0.0118   0.0022   0.0045   0.0064  -0.20    7.3
2026/04/23 07:40:42.900   3509407.9962    779166.1604   5250970.4371   1  14   0.0129   0.0064   0.0117   0.0021   0.0044   0.0064  -0.10    7.5
2026/04/23 07:40:43.000   3509407.9351    779166.1664   5250970.4710   1  14   0.0128   0.0064   0.0116   0.0021   0.0044   0.0064   0.00    7.7
2026/04/23 07:40:43.100   3509407.8732    779166.1761   5250970.5114   1  14   0.0127   0.0064   0.0115   0.0019   0.0043   0.0064   0.10    7.9
2026/04/23 07:40:43.200   3509407.8115    779166.1870   5250970.5574   1  14   0.0126   0.0064   0.0114   0.0019   0.0042   0.0063   0.20    8.1
2026/04/23 07:40:43.300   3509407.7436    779166.2004   5250970.6072   1  14   0.0125   0.0064   0.0113   0.0018   0.0042   0.0063   0.30    8.3
2026/04/23 07:40:43.400   3509407.6778    779166.2170   5250970.6531   1  14   0.0125   0.0064   0.0112   0.0017   0.0041   0.0062   0.40    8.5
2026/04/23 07:40:43.500   3509407.5082    779166.2308   5250970.6382   1  13   0.0134   0.0066   0.0115  -0.0014   0.0039   0.0071  -0.50   28.0
2026/04/23 07:40:43.600   3509407.5431    779166.2548   5250970.7285   1  13   0.0127   0.0069   0.0113  -0.0007   0.0035   0.0064  -0.40    7.1
2026/04/23 07:40:43.700   3509407.4841    779166.2605   5250970.7839   1  13   0.0126   0.0070   0.0113   0.0004   0.0033   0.0063  -0.30    7.1
2026/04/23 07:40:43.800   3509407.4082    779166.2652   5250970.8579   1  14   0.0124   0.0067   0.0111   0.0009   0.0036   0.0062  -0.20    8.7
2026/04/23 07:40:43.900   3509407.2195    779166.2956   5250970.7673   1  12   0.0133   0.0070   0.0116  -0.0026   0.0029   0.0072  -0.10   43.4
2026/04/23 07:40:44.000   3509407.1388    779166.3211   5250970.8125   1  12   0.0136   0.0073   0.0117  -0.0035   0.0023   0.0075   0.00   43.4
2026/04/23 07:40:44.100   3509407.0604    779166.3412   5250970.8596   1  12   0.0138   0.0074   0.0117  -0.0040   0.0017   0.0077   0.10   43.1
2026/04/23 07:40:44.200   3509406.9813    779166.3594   5250970.9094   1  12   0.0140   0.0074   0.0118  -0.0044   0.0012   0.0079   0.20   43.2
2026/04/23 07:40:44.300   3509406.9034    779166.3733   5250970.9545   1  12   0.0142   0.0074   0.0119  -0.0045   0.0007   0.0081   0.30   43.1
2026/04/23 07:40:44.400   3509406.8396    779166.3730   5250970.9997   1  11   0.0145   0.0074   0.0121  -0.0046   0.0002   0.0079   0.40   42.9
2026/04/23 07:40:44.500   3509406.7687    779166.3783   5250971.0409   1  11   0.0147   0.0074   0.0123  -0.0047  -0.0002   0.0077  -0.50   42.7
2026/04/23 07:40:44.600   3509406.7003    779166.3875   5250971.0813   1  11   0.0148   0.0073   0.0125  -0.0048   0.0002   0.0076  -0.40   42.3
2026/04/23 07:40:44.700   3509406.6388    779166.3897   5250971.1233   1  12   0.0148   0.0073   0.0126  -0.0048   0.0005   0.0075  -0.30   41.9
2026/04/23 07:40:44.800   3509406.5664    779166.3934   5250971.1671   1  12   0.0148   0.0073   0.0126  -0.0048   0.0006   0.0075  -0.20   41.7
2026/04/23 07:40:44.900   3509406.4984    779166.3998   5250971.2094   1  12   0.0148   0.0073   0.0126  -0.0048   0.0007   0.0076  -0.10   41.5
2026/04/23 07:40:45.000   3509406.4257    779166.4056   5250971.2512   1  12   0.0147   0.0073   0.0126  -0.0048   0.0008   0.0077   0.00   41.4
2026/04/23 07:40:45.100   3509406.3734    779166.4043   5250971.2937   1  12   0.0147   0.0073   0.0126  -0.0048   0.0008   0.0078   0.10   41.2
2026/04/23 07:40:45.200   3509406.2966    779166.4114   5250971.3346   1  12   0.0146   0.0073   0.0125  -0.0048   0.0008   0.0078   0.20   41.2
2026/04/23 07:40:45.300   3509406.2272    779166.4188   5250971.3748   1  12   0.0145   0.0073   0.0125  -0.0048   0.0007   0.0079   0.30   40.9
2026/04/23 07:40:45.400   3509406.1498    779166.4335   5250971.4186   1  12   0.0145   0.0073   0.0124  -0.0048   0.0007   0.0080   0.40   40.7
2026/04/23 07:40:45.500   3509406.0756    779166.4438   5250971.4625   1  12   0.0144   0.0073   0.0124  -0.0048   0.0005   0.0081  -0.50   40.6
2026/04/23 07:40:45.600   3509406.0081    779166.4482   5250971.5013   1  11   0.0148   0.0076   0.0125  -0.0044   0.0009   0.0080  -0.40   40.3
2026/04/23 07:40:45.700   3509405.9419    779166.4595   5250971.5377   1  12   0.0149   0.0077   0.0124  -0.0041   0.0013   0.0084  -0.30   40.0
2026/04/23 07:40:45.800   3509405.8740    779166.4754   5250971.5751   1  12   0.0150   0.0078   0.0124  -0.0039   0.0015   0.0086  -0.20   39.8
2026/04/23 07:40:45.900   3509405.8202    779166.4864   5250971.6177   1  12   0.0150   0.0077   0.0124  -0.0038   0.0017   0.0088  -0.10   39.5
2026/04/23 07:40:46.000   3509405.7578    779166.4956   5250971.6656   1  12   0.0151   0.0077   0.0124  -0.0038   0.0018   0.0090   0.00   39.1
2026/04/23 07:40:46.100   3509405.6888    779166.5130   5250971.7010   1  12   0.0151   0.0076   0.0124  -0.0039   0.0018   0.0091   0.10   38.9
2026/04/23 07:40:46.200   3509405.6057    779166.5404   5250971.7402   1  12   0.0152   0.0076   0.0125  -0.0040   0.0018   0.0092   0.20   38.8
2026/04/23 07:40:46.300   3509405.5238    779166.5537   5250971.7875   1  12   0.0152   0.0076   0.0125  -0.0040   0.0015   0.0092   0.30   38.7
2026/04/23 07:40:46.400   3509405.4469    779166.5616   5250971.8388   1  12   0.0152   0.0076   0.0125  -0.0041   0.0013   0.0092   0.40   38.5
2026/04/23 07:40:46.500   3509405.3645    779166.5794   5250971.8878   1  12   0.0152   0.0075   0.0126  -0.0041   0.0011   0.0092  -0.50   38.6
2026/04/23 07:40:46.600   3509405.2895    779166.6020   5250971.9257   1  12   0.0153   0.0076   0.0126  -0.0039   0.0011   0.0093  -0.40   38.6
2026/04/23 07:40:46.700   3509405.2289    779166.6144   5250971.9635   1  12   0.0153   0.0077   0.0126  -0.0038   0.0012   0.0093  -0.30   38.4
2026/04/23 07:40:46.800   3509405.1676    779166.6247   5250972.0151   1  12   0.0153   0.0077   0.0126  -0.0037   0.0014   0.0093  -0.20   38.2
2026/04/23 07:40:46.900   3509405.1071    779166.6380   5250972.0654   1  12   0.0156   0.0077   0.0128  -0.0036   0.0015   0.0090  -0.10   38.1
2026/04/23 07:40:47.000   3509405.0318    779166.6614   5250972.1047   1  12   0.0157   0.0076   0.0129  -0.0037   0.0016   0.0088   0.00   37.9
2026/04/23 07:40:47.100   3509404.9752    779166.6772   5250972.1465   1  13   0.0157   0.0075   0.0130  -0.0038   0.0017   0.0087   0.10   37.7
2026/04/23 07:40:47.200   3509404.8943    779166.6969   5250972.1913   1  12   0.0157   0.0075   0.0130  -0.0039   0.0018   0.0087   0.20   37.7
2026/04/23 07:40:47.300   3509404.8258    779166.7118   5250972.2438   1  13   0.0156   0.0074   0.0130  -0.0040   0.0018   0.0088   0.30   37.5
2026/04/23 07:40:47.400   3509404.7591    779166.7259   5250972.2906   1  13   0.0155   0.0074   0.0130  -0.0042   0.0018   0.0088   0.40   37.4
2026/04/23 07:40:47.500   3509404.6859    779166.7480   5250972.3367   1  12   0.0154   0.0074   0.0129  -0.0043   0.0017   0.0089  -0.50   37.4
2026/04/23 07:40:47.600   3509404.6049    779166.7583   5250972.3819   1  13   0.0154   0.0074   0.0129  -0.0040   0.0019   0.0090  -0.40   37.4
2026/04/23 07:40:47.700   3509404.5416    779166.7620   5250972.4296   1  13   0.0154   0.0073   0.0128  -0.0038   0.0020   0.0090  -0.30   37.3
2026/04/23 07:40:47.800   3509404.4802    779166.7637   5250972.4754   1  12   0.0154   0.0074   0.0128  -0.0037   0.0020   0.0091  -0.20   37.2
2026/04/23 07:40:47.900   3509404.4221    779166.7670   5250972.5206   1  12   0.0154   0.0075   0.0127  -0.0037   0.0020   0.0092  -0.10   36.9
2026/04/23 07:40:48.000   3509404.3532    779166.7710   5250972.5665   1  13   0.0153   0.0072   0.0126  -0.0035   0.0024   0.0092   0.00   36.7
2026/04/23 07:40:48.100   3509404.3021    779166.7735   5250972.6031   1  12   0.0153   0.0073   0.0126  -0.0036   0.0022   0.0092   0.10   36.4
2026/04/23 07:40:48.200   3509404.2400    779166.7752   5250972.6470   1  12   0.0154   0.0073   0.0128  -0.0038   0.0021   0.0090   0.20   36.2
2026/04/23 07:40:48.300   3509404.1752    779166.7832   5250972.6916   1  12   0.0155   0.0070   0.0128  -0.0037   0.0026   0.0088   0.30   36.1
2026/04/23 07:40:48.400   3509404.0975    779166.7923   5250972.7376   1  13   0.0155   0.0069   0.0129  -0.0038   0.0028   0.0086   0.40   36.0
2026/04/23 07:40:48.500   3509404.0204    779166.8130   5250972.7796   1  13   0.0155   0.0068   0.0129  -0.0038   0.0029   0.0084  -0.50   36.1
2026/04/23 07:40:48.600   3509403.9443    779166.8321   5250972.8253   1  13   0.0154   0.0068   0.0129  -0.0039   0.0029   0.0084  -0.40   36.1
2026/04/23 07:40:48.700   3509403.8596    779166.8467   5250972.8746   1  13   0.0153   0.0068   0.0128  -0.0039   0.0029   0.0084  -0.30   36.1
2026/04/23 07:40:48.800   3509403.7884    779166.8497   5250972.9253   1  13   0.0152   0.0068   0.0128  -0.0040   0.0028   0.0084  -0.20   36.1
2026/04/23 07:40:48.900   3509403.7316    779166.8523   5250972.9702   1  13   0.0151   0.0067   0.0127  -0.0040   0.0028   0.0084  -0.10   35.8
2026/04/23 07:40:49.000   3509403.6735    779166.8517   5250973.0216   1  13   0.0149   0.0067   0.0126  -0.0040   0.0028   0.0084   0.00   35.5
2026/04/23 07:40:49.100   3509403.5986    779166.8547   5250973.0780   1  13   0.0148   0.0067   0.0125  -0.0039   0.0028   0.0084   0.10   35.4
2026/04/23 07:40:49.200   3509403.5146    779166.8636   5250973.1301   1  13   0.0147   0.0067   0.0124  -0.0039   0.0027   0.0084   0.20   35.2
2026/04/23 07:40:49.300   3509403.4495    779166.8637   5250973.1774   1  13   0.0146   0.0067   0.0123  -0.0039   0.0027   0.0084   0.30   35.0
2026/04/23 07:40:49.400   3509403.3753    779166.8600   5250973.2236   1  13   0.0145   0.0067   0.0122  -0.0039   0.0027   0.0084   0.40   34.8
2026/04/23 07:40:49.500   3509403.3110    779166.8547   5250973.2702   1  13   0.0145   0.0067   0.0122  -0.0039   0.0027   0.0083  -0.50   34.5
2026/04/23 07:40:49.600   3509403.2493    779166.8444   5250973.3167   1  13   0.0144   0.0066   0.0121  -0.0039   0.0027   0.0083  -0.40   34.2
2026/04/23 07:40:49.700   3509403.1851    779166.8363   5250973.3740   1  13   0.0143   0.0066   0.0120  -0.0039   0.0027   0.0082  -0.30   33.8
2026/04/23 07:40:49.800   3509403.1283    779166.8245   5250973.4205   1  13   0.0143   0.0066   0.0120  -0.0039   0.0027   0.0082  -0.20   33.4
2026/04/23 07:40:49.900   3509403.0699    779166.8150   5250973.4663   1  13   0.0142   0.0066   0.0119  -0.0039   0.0027   0.0081  -0.10   33.1
2026/04/23 07:40:50.000   3509403.0195    779166.7976   5250973.5044   1  13   0.0141   0.0066   0.0118  -0.0039   0.0027   0.0081   0.00   32.8
2026/04/23 07:40:50.100   3509402.9411    779166.7812   5250973.5498   1  13   0.0141   0.0066   0.0118  -0.0039   0.0027   0.0080   0.10   32.8
2026/04/23 07:40:50.200   3509402.8730    779166.7532   5250973.5937   1  13   0.0142   0.0068   0.0118  -0.0034   0.0031   0.0081   0.20   32.6
2026/04/23 07:40:50.300   3509402.8346    779166.7327   5250973.6146   1  13   0.0143   0.0069   0.0118  -0.0030   0.0035   0.0083   0.30   20.7
2026/04/23 07:40:50.400   3509402.7661    779166.7082   5250973.6469   1  13   0.0144   0.0070   0.0119  -0.0028   0.0037   0.0084   0.40   20.6
2026/04/23 07:40:50.500   3509402.5442    779166.6959   5250973.5987   1  12   0.0156   0.0072   0.0126  -0.0039   0.0036   0.0088  -0.50  118.2
2026/04/23 07:40:50.600   3509402.4755    779166.6615   5250973.6394   1  12   0.0160   0.0072   0.0129  -0.0044   0.0038   0.0086  -0.40  119.2
2026/04/23 07:40:50.700   3509402.4061    779166.6245   5250973.6900   1  12   0.0163   0.0072   0.0131  -0.0047   0.0038   0.0084  -0.30  120.2
2026/04/23 07:40:50.800   3509402.3401    779166.5872   5250973.7383   1  12   0.0165   0.0073   0.0132  -0.0047   0.0038   0.0084  -0.20  120.9
2026/04/23 07:40:50.900   3509402.2715    779166.5477   5250973.7851   1  12   0.0166   0.0073   0.0133  -0.0048   0.0038   0.0084  -0.10  121.7
2026/04/23 07:40:51.000   3509402.2150    779166.5016   5250973.8421   1  12   0.0167   0.0073   0.0133  -0.0048   0.0038   0.0085   0.00  122.3
2026/04/23 07:40:51.100   3509402.1626    779166.4543   5250973.8833   1  11   0.0167   0.0073   0.0134  -0.0048   0.0038   0.0085   0.10  123.2
2026/04/23 07:40:51.200   3509402.1073    779166.4105   5250973.9300   1  11   0.0170   0.0073   0.0138  -0.0048   0.0039   0.0080   0.20  124.1
2026/04/23 07:40:51.300   3509402.0544    779166.3674   5250973.9658   1  12   0.0167   0.0072   0.0136  -0.0047   0.0038   0.0084   0.30  125.1
2026/04/23 07:40:51.400   3509402.0066    779166.3203   5250974.0044   1  11   0.0167   0.0072   0.0135  -0.0048   0.0038   0.0085   0.40  126.4
2026/04/23 07:40:51.500   3509401.9590    779166.2628   5250974.0401   1  11   0.0168   0.0071   0.0138  -0.0048   0.0038   0.0080  -0.50  127.3
2026/04/23 07:40:51.600   3509401.9265    779166.2068   5250974.0693   1  10   0.0170   0.0071   0.0141  -0.0050   0.0040   0.0075  -0.40  128.4
2026/04/23 07:40:51.700   3509401.8987    779166.1412   5250974.0862   1  11   0.0174   0.0072   0.0138  -0.0045   0.0041   0.0083  -0.30  128.9
2026/04/23 07:40:51.800   3509401.8547    779166.0801   5250974.1136   1  12   0.0173   0.0071   0.0136  -0.0033   0.0040   0.0091  -0.20  129.7
2026/04/23 07:40:51.900   3509401.8194    779166.0144   5250974.1289   1  12   0.0177   0.0072   0.0136  -0.0033   0.0042   0.0095  -0.10  130.7
2026/04/23 07:40:52.000   3509401.7958    779165.9428   5250974.1579   1  12   0.0183   0.0072   0.0140  -0.0035   0.0044   0.0092   0.00  131.9
2026/04/23 07:40:52.100   3509401.7686    779165.8690   5250974.1778   1  12   0.0187   0.0072   0.0143  -0.0038   0.0045   0.0090   0.10  133.1
2026/04/23 07:40:52.200   3509401.7386    779165.7922   5250974.2009   1  12   0.0190   0.0072   0.0146  -0.0041   0.0046   0.0089   0.20  134.2
2026/04/23 07:40:52.300   3509401.7006    779165.7088   5250974.2336   1  12   0.0210   0.0075   0.0152  -0.0060   0.0053   0.0068   0.30  193.0
2026/04/23 07:40:52.400   3509401.6887    779165.6196   5250974.2500   1  12   0.0227   0.0077   0.0157  -0.0075   0.0060   0.0041   0.40  191.7
2026/04/23 07:40:52.500   3509401.6930    779165.5302   5250974.2666   1  12   0.0239   0.0081   0.0165  -0.0083   0.0058  -0.0027  -0.50  190.8
2026/04/23 07:40:52.600   3509401.7005    779165.4392   5250974.2815   1  13   0.0244   0.0082   0.0170  -0.0086   0.0054  -0.0041  -0.40  190.1
2026/04/23 07:40:52.700   3509401.6757    779165.3576   5250974.3092   1  13   0.0243   0.0081   0.0172  -0.0085   0.0050  -0.0034  -0.30  189.4
2026/04/23 07:40:52.800   3509401.6853    779165.2781   5250974.3724   1  13   0.0183   0.0075   0.0155  -0.0052   0.0020   0.0098  -0.20   25.8
2026/04/23 07:40:52.900   3509401.6701    779165.1943   5250974.3927   1  13   0.0180   0.0073   0.0155  -0.0050   0.0018   0.0100  -0.10   29.9
2026/04/23 07:40:53.000   3509401.7939    779165.0904   5250974.4755   1  13   0.0158   0.0070   0.0152  -0.0032   0.0026   0.0092   0.00   15.0
2026/04/23 07:40:53.100   3509401.7744    779165.0186   5250974.5123   1  13   0.0158   0.0070   0.0153  -0.0034   0.0027   0.0089   0.10   16.0
2026/04/23 07:40:53.200   3509401.7425    779164.9569   5250974.5495   1  13   0.0156   0.0068   0.0153  -0.0030   0.0028   0.0087   0.20   17.4
2026/04/23 07:40:53.300   3509401.7291    779164.8836   5250974.5847   1  13   0.0157   0.0068   0.0153  -0.0032   0.0030   0.0084   0.30   18.0
2026/04/23 07:40:53.400   3509401.7082    779164.8159   5250974.6160   1  13   0.0157   0.0068   0.0152  -0.0034   0.0031   0.0083   0.40   18.4
2026/04/23 07:40:53.500   3509401.6954    779164.7437   5250974.6394   1  14   0.0150   0.0066   0.0150  -0.0026   0.0032   0.0084  -0.50   18.3
2026/04/23 07:40:53.600   3509401.6630    779164.6793   5250974.6699   1  14   0.0146   0.0065   0.0148  -0.0021   0.0032   0.0084  -0.40   19.0
2026/04/23 07:40:53.700   3509401.6454    779164.6057   5250974.6976   1  14   0.0143   0.0065   0.0146  -0.0019   0.0033   0.0084  -0.30   19.3
2026/04/23 07:40:53.800   3509401.6184    779164.5347   5250974.7236   1  14   0.0140   0.0065   0.0143  -0.0018   0.0033   0.0084  -0.20   20.4
2026/04/23 07:40:53.900   3509401.5972    779164.4560   5250974.7527   1  14   0.0137   0.0064   0.0141  -0.0017   0.0034   0.0083  -0.10   21.2
2026/04/23 07:40:54.000   3509401.5937    779164.3724   5250974.7777   1  14   0.0135   0.0064   0.0138  -0.0017   0.0033   0.0083   0.00   21.5
2026/04/23 07:40:54.100   3509401.5980    779164.2819   5250974.7955   1  14   0.0134   0.0064   0.0136  -0.0017   0.0033   0.0082   0.10   21.4
2026/04/23 07:40:54.200   3509401.6012    779164.1992   5250974.8046   1  14   0.0132   0.0064   0.0134  -0.0017   0.0033   0.0081   0.20   20.6
2026/04/23 07:40:54.300   3509401.6014    779164.1147   5250974.8141   1  15   0.0131   0.0064   0.0132  -0.0017   0.0033   0.0081   0.30   20.2
2026/04/23 07:40:54.400   3509401.5971    779164.0285   5250974.8266   1  15   0.0129   0.0064   0.0130  -0.0017   0.0032   0.0080   0.40   19.7
2026/04/23 07:40:54.500   3509401.5899    779163.9466   5250974.8442   1  15   0.0128   0.0064   0.0128  -0.0016   0.0032   0.0079  -0.50   19.8
2026/04/23 07:40:54.600   3509401.5764    779163.8602   5250974.8651   1  15   0.0127   0.0063   0.0127  -0.0015   0.0032   0.0077  -0.40   19.7
2026/04/23 07:40:54.700   3509401.5628    779163.7796   5250974.8867   1  15   0.0126   0.0063   0.0125  -0.0014   0.0032   0.0076  -0.30   19.3
2026/04/23 07:40:54.800   3509401.5505    779163.6999   5250974.9096   1  15   0.0125   0.0063   0.0124  -0.0012   0.0032   0.0075  -0.20   19.1
2026/04/23 07:40:54.900   3509401.5341    779163.6234   5250974.9304   1  15   0.0124   0.0064   0.0123   0.0012   0.0035   0.0075  -0.10   18.7
2026/04/23 07:40:55.000   3509401.5194    779163.5448   5250974.9533   1  15   0.0124   0.0065   0.0123   0.0020   0.0037   0.0075   0.00   18.1
2026/04/23 07:40:55.100   3509401.4887    779163.4713   5250974.7880   1  14   0.0125   0.0065   0.0116   0.0023   0.0039   0.0071   0.10    4.6
2026/04/23 07:40:55.200   3509401.4697    779163.3959   5250974.8095   1  14   0.0125   0.0065   0.0118   0.0024   0.0040   0.0069   0.20    4.7
2026/04/23 07:40:55.300   3509401.4535    779163.3179   5250974.8374   1  15   0.0123   0.0065   0.0116   0.0025   0.0041   0.0072   0.30    4.7
2026/04/23 07:40:55.400   3509401.4327    779163.2395   5250974.8560   1  15   0.0122   0.0064   0.0115   0.0025   0.0041   0.0072   0.40    4.7
2026/04/23 07:40:55.500   3509401.4108    779163.1658   5250974.8824   1  15   0.0121   0.0064   0.0114   0.0025   0.0041   0.0072  -0.50    4.8
2026/04/23 07:40:55.600   3509401.3884    779163.0853   5250974.8999   1  15   0.0121   0.0064   0.0114   0.0024   0.0041   0.0072  -0.40    4.8
2026/04/23 07:40:55.700   3509401.3701    779163.0069   5250974.9242   1  15   0.0120   0.0063   0.0113   0.0024   0.0040   0.0071  -0.30    4.9
2026/04/23 07:40:55.800   3509401.3575    779162.9305   5250974.9448   1  15   0.0119   0.0063   0.0113   0.0023   0.0040   0.0070  -0.20    4.9
2026/04/23 07:40:55.900   3509401.3509    779162.8506   5250974.9610   1  15   0.0119   0.0062   0.0112   0.0022   0.0039   0.0069  -0.10    4.9
2026/04/23 07:40:56.000   3509401.2268    779162.7774   5250974.9275   1  13   0.0127   0.0063   0.0116   0.0010   0.0039   0.0071   0.00    5.6
2026/04/23 07:40:56.100   3509401.3267    779162.6832   5250975.0009   1  14   0.0120   0.0063   0.0116   0.0017   0.0039   0.0062   0.10    4.9
2026/04/23 07:40:56.200   3509401.3146    779162.5989   5250975.0214   1  15   0.0120   0.0062   0.0117   0.0018   0.0039   0.0060   0.20    4.9
2026/04/23 07:40:56.300   3509401.3021    779162.5184   5250975.0415   1  15   0.0119   0.0062   0.0117   0.0019   0.0039   0.0059   0.30    4.9
2026/04/23 07:40:56.400   3509401.2897    779162.4422   5250975.0607   1  15   0.0118   0.0062   0.0117   0.0019   0.0039   0.0058   0.40    4.9
2026/04/23 07:40:56.500   3509401.2841    779162.3654   5250975.0768   1  15   0.0117   0.0062   0.0116   0.0018   0.0039   0.0058  -0.50    4.9
2026/04/23 07:40:56.600   3509401.2693    779162.2854   5250975.1009   1  15   0.0116   0.0062   0.0116   0.0018   0.0039   0.0058  -0.40    4.8
2026/04/23 07:40:56.700   3509401.2555    779162.2104   5250975.1234   1  15   0.0115   0.0062   0.0115   0.0018   0.0039   0.0058  -0.30    4.7
2026/04/23 07:40:56.800   3509401.2362    779162.1302   5250975.1457   1  15   0.0114   0.0062   0.0114   0.0018   0.0039   0.0059  -0.20    4.6
2026/04/23 07:40:56.900   3509401.2226    779162.0515   5250975.1685   1  15   0.0114   0.0061   0.0113   0.0018   0.0038   0.0059  -0.10    4.5
2026/04/23 07:40:57.000   3509401.2100    779161.9767   5250975.1867   1  15   0.0113   0.0061   0.0112   0.0018   0.0038   0.0059   0.00    4.4
2026/04/23 07:40:57.100   3509401.2094    779161.8926   5250975.2034   1  15   0.0112   0.0061   0.0111   0.0017   0.0038   0.0059   0.10    4.3
2026/04/23 07:40:57.200   3509401.2025    779161.8068   5250975.2214   1  15   0.0113   0.0061   0.0112   0.0017   0.0038   0.0056   0.20    4.2
2026/04/23 07:40:57.300   3509401.1920    779161.7237   5250975.2434   1  15   0.0114   0.0061   0.0112   0.0017   0.0037   0.0054   0.30    4.1
2026/04/23 07:40:57.400   3509401.1784    779161.6467   5250975.2602   1  15   0.0114   0.0061   0.0113   0.0017   0.0037   0.0052   0.40    4.1
2026/04/23 07:40:57.500   3509401.1699    779161.5702   5250975.2816   1  15   0.0114   0.0061   0.0113   0.0016   0.0037   0.0051  -0.50    4.0
2026/04/23 07:40:57.600   3509401.1646    779161.4887   5250975.3013   1  15   0.0113   0.0061   0.0113   0.0016   0.0037   0.0051  -0.40    3.9
2026/04/23 07:40:57.700   3509401.1635    779161.4080   5250975.3199   1  14   0.0115   0.0062   0.0113   0.0007   0.0036   0.0052  -0.30    3.9
2026/04/23 07:40:57.800   3509401.1612    779161.3261   5250975.3375   1  14   0.0116   0.0062   0.0113  -0.0010   0.0035   0.0052  -0.20    3.8
2026/04/23 07:40:57.900   3509401.1615    779161.2414   5250975.3556   1  14   0.0117   0.0062   0.0113  -0.0013   0.0035   0.0053  -0.10    3.7
2026/04/23 07:40:58.000   3509401.1572    779161.1591   5250975.3756   1  14   0.0117   0.0062   0.0113  -0.0015   0.0034   0.0054   0.00    3.7
2026/04/23 07:40:58.100   3509401.1502    779161.0801   5250975.3964   1  14   0.0117   0.0062   0.0113  -0.0015   0.0034   0.0055   0.10    3.6
2026/04/23 07:40:58.200   3509401.1521    779161.0036   5250975.4117   1  14   0.0116   0.0062   0.0112  -0.0015   0.0034   0.0056   0.20    3.6
2026/04/23 07:40:58.300   3509401.1430    779160.9241   5250975.4353   1  14   0.0116   0.0062   0.0112  -0.0015   0.0034   0.0057   0.30    3.5
2026/04/23 07:40:58.400   3509401.1343    779160.8403   5250975.4577   1  14   0.0116   0.0062   0.0112  -0.0015   0.0034   0.0058   0.40    3.5
2026/04/23 07:40:58.500   3509401.1203    779160.7539   5250975.4847   1  14   0.0115   0.0062   0.0111  -0.0015   0.0034   0.0059  -0.50    3.4
2026/04/23 07:40:58.600   3509401.1080    779160.6705   5250975.5077   1  14   0.0115   0.0062   0.0111  -0.0015   0.0034   0.0060  -0.40    3.4
2026/04/23 07:40:58.700   3509400.9711    779160.6209   5250975.7166   2  14   0.0177   0.0095   0.0192   0.0065   0.0089   0.0116  -0.30    3.3
2026/04/23 07:40:58.800   3509400.9599    779160.5355   5250975.7385   2  13   0.0178   0.0095   0.0193   0.0065   0.0089   0.0115  -0.20    3.3
2026/04/23 07:40:58.900   3509400.9475    779160.4417   5250975.7648   2  14   0.0177   0.0094   0.0192   0.0065   0.0089   0.0116  -0.10    3.2
2026/04/23 07:40:59.000   3509400.9297    779160.3430   5250975.7899   2  14   0.0176   0.0094   0.0191   0.0065   0.0089   0.0117   0.00    3.2
2026/04/23 07:40:59.100   3509400.9108    779160.2448   5250975.8225   2  14   0.0176   0.0094   0.0191   0.0065   0.0089   0.0117   0.10    3.1
2026/04/23 07:40:59.200   3509400.9006    779160.1577   5250975.8464   2  14   0.0176   0.0094   0.0191   0.0065   0.0089   0.0117   0.20    3.1
2026/04/23 07:40:59.300   3509400.8868    779160.0683   5250975.8716   2  14   0.0176   0.0094   0.0191   0.0065   0.0089   0.0117   0.30    3.0
2026/04/23 07:40:59.400   3509400.8717    779159.9862   5250975.8941   2  14   0.0175   0.0094   0.0191   0.0065   0.0089   0.0117   0.40    3.0
2026/04/23 07:40:59.500   3509400.8549    779159.8902   5250975.9257   2  14   0.0175   0.0094   0.0191   0.0065   0.0089   0.0117  -0.50    3.0
2026/04/23 07:40:59.600   3509400.8408    779159.7876   5250975.9484   2  14   0.0175   0.0094   0.0190   0.0065   0.0089   0.0117  -0.40    2.0
2026/04/23 07:40:59.700   3509400.8305    779159.6936   5250975.9695   2  14   0.0175   0.0094   0.0190   0.0065   0.0089   0.0117  -0.30    1.3
2026/04/23 07:40:59.800   3509400.8170    779159.6019   5250975.9883   2  14   0.0175   0.0094   0.0190   0.0065   0.0089   0.0117  -0.20    1.2
2026/04/23 07:40:59.900   3509400.8066    779159.5125   5250976.0113   2  14   0.0175   0.0094   0.0190   0.0065   0.0089   0.0117  -0.10    1.2
2026/04/23 07:41:00.000   3509400.7934    779159.4275   5250976.0357   2  14   0.0174   0.0094   0.0190   0.0065   0.0089   0.0117   0.00    1.6
2026/04/23 07:41:00.100   3509400.7776    779159.3284   5250976.0666   2  14   0.0174   0.0094   0.0190   0.0065   0.0089   0.0116   0.10    1.0
2026/04/23 07:41:00.200   3509400.7611    779159.2326   5250976.0904   2  14   0.0174   0.0094   0.0190   0.0065   0.0089   0.0116   0.20    1.3
2026/04/23 07:41:00.300   3509400.7423    779159.1301   5250976.1200   2  14   0.0174   0.0094   0.0190   0.0065   0.0089   0.0116   0.30    1.1
2026/04/23 07:41:00.400   3509400.7276    779159.0317   5250976.1437   2  14   0.0174   0.0094   0.0190   0.0065   0.0088   0.0116   0.40    1.1
2026/04/23 07:41:00.500   3509400.7122    779158.9378   5250976.1688   2  14   0.0174   0.0094   0.0190   0.0065   0.0088   0.0116  -0.50    1.0
2026/04/23 07:41:00.600   3509400.6950    779158.8481   5250976.1972   2  14   0.0173   0.0094   0.0190   0.0065   0.0088   0.0116  -0.40    1.3
2026/04/23 07:41:00.700   3509400.6761    779158.7552   5250976.2195   2  14   0.0173   0.0094   0.0189   0.0065   0.0088   0.0116  -0.30    1.1
2026/04/23 07:41:00.800   3509400.6635    779158.6660   5250976.2468   2  14   0.0173   0.0094   0.0189   0.0065   0.0088   0.0116  -0.20    1.3
2026/04/23 07:41:00.900   3509400.6482    779158.5804   5250976.2732   2  14   0.0173   0.0094   0.0189   0.0066   0.0088   0.0116  -0.10    1.1
2026/04/23 07:41:01.000   3509400.6303    779158.4939   5250976.2985   2  14   0.0173   0.0094   0.0189   0.0066   0.0088   0.0116   0.00    1.1
2026/04/23 07:41:01.100   3509400.6173    779158.4041   5250976.3226   2  14   0.0173   0.0094   0.0189   0.0066   0.0088   0.0116   0.10    1.0
2026/04/23 07:41:01.200   3509400.6059    779158.3087   5250976.3452   2  14   0.0172   0.0094   0.0189   0.0066   0.0088   0.0116   0.20    1.4
2026/04/23 07:41:01.300   3509400.5990    779158.2144   5250976.3614   2  14   0.0172   0.0094   0.0189   0.0066   0.0088   0.0116   0.30    1.0
2026/04/23 07:41:01.400   3509400.5908    779158.1131   5250976.3802   2  14   0.0172   0.0094   0.0189   0.0066   0.0088   0.0116   0.40    1.1
2026/04/23 07:41:01.500   3509400.5857    779158.0187   5250976.4017   2  14   0.0172   0.0094   0.0189   0.0066   0.0088   0.0116  -0.50    1.7
2026/04/23 07:41:01.600   3509400.5789    779157.9190   5250976.4175   2  14   0.0172   0.0094   0.0189   0.0066   0.0088   0.0116  -0.40    1.0
2026/04/23 07:41:01.700   3509400.5731    779157.8233   5250976.4374   2  14   0.0172   0.0094   0.0189   0.0066   0.0088   0.0116  -0.30    1.3
2026/04/23 07:41:01.800   3509400.5679    779157.7200   5250976.4602   2  14   0.0172   0.0094   0.0189   0.0066   0.0088   0.0116  -0.20    1.2
2026/04/23 07:41:01.900   3509400.5566    779157.6243   5250976.4814   2  14   0.0172   0.0094   0.0189   0.0066   0.0088   0.0116  -0.10    1.1
2026/04/23 07:41:02.000   3509400.5442    779157.5290   5250976.4997   2  14   0.0171   0.0094   0.0189   0.0066   0.0088   0.0116   0.00    1.0
2026/04/23 07:41:02.100   3509400.5255    779157.4370   5250976.5134   2  14   0.0171   0.0094   0.0189   0.0066   0.0088   0.0116   0.10    1.2
2026/04/23 07:41:02.200   3509400.5124    779157.3412   5250976.5338   2  14   0.0171   0.0094   0.0189   0.0066   0.0088   0.0116   0.20    1.1
2026/04/23 07:41:02.300   3509400.5002    779157.2444   5250976.5538   2  14   0.0171   0.0094   0.0189   0.0066   0.0088   0.0116   0.30    1.3
2026/04/23 07:41:02.400   3509400.4844    779157.1558   5250976.5778   2  14   0.0171   0.0094   0.0189   0.0066   0.0088   0.0116   0.40    1.1
2026/04/23 07:41:02.500   3509400.4660    779157.0644   5250976.6053   2  14   0.0171   0.0094   0.0189   0.0066   0.0088   0.0116  -0.50    1.1
2026/04/23 07:41:02.600   3509400.4476    779156.9741   5250976.6318   2  14   0.0171   0.0094   0.0188   0.0066   0.0088   0.0116  -0.40    1.0
2026/04/23 07:41:02.700   3509400.4340    779156.8846   5250976.6504   2  14   0.0171   0.0094   0.0188   0.0066   0.0088   0.0116  -0.30    1.4
2026/04/23 07:41:02.800   3509400.4254    779156.7944   5250976.6719   2  14   0.0171   0.0094   0.0188   0.0066   0.0088   0.0116  -0.20    1.0
2026/04/23 07:41:02.900   3509400.4066    779156.7022   5250976.6925   2  14   0.0170   0.0094   0.0188   0.0066   0.0088   0.0116  -0.10    1.1
2026/04/23 07:41:03.000   3509400.3905    779156.6057   5250976.7159   2  14   0.0170   0.0094   0.0188   0.0066   0.0088   0.0116   0.00    1.7
2026/04/23 07:41:03.100   3509400.3852    779156.5127   5250976.7312   2  14   0.0170   0.0094   0.0188   0.0066   0.0088   0.0116   0.10    1.5
2026/04/23 07:41:03.200   3509400.3743    779156.4238   5250976.7532   2  14   0.0170   0.0094   0.0188   0.0066   0.0088   0.0116   0.20    1.5
2026/04/23 07:41:03.300   3509400.3642    779156.3260   5250976.7729   2  14   0.0170   0.0094   0.0188   0.0066   0.0088   0.0116   0.30    1.9
2026/04/23 07:41:03.400   3509400.3548    779156.2284   5250976.8008   2  14   0.0170   0.0094   0.0188   0.0066   0.0088   0.0116   0.40    1.7
2026/04/23 07:41:03.500   3509400.3365    779156.1306   5250976.8266   2  14   0.0170   0.0094   0.0188   0.0066   0.0088   0.0116  -0.50    1.6
2026/04/23 07:41:03.600   3509400.3255    779156.0348   5250976.8505   2  14   0.0170   0.0094   0.0188   0.0066   0.0088   0.0116  -0.40    1.9
2026/04/23 07:41:03.700   3509400.3143    779155.9368   5250976.8733   2  14   0.0170   0.0094   0.0188   0.0066   0.0088   0.0116  -0.30    1.8
2026/04/23 07:41:03.800   3509400.3058    779155.8430   5250976.8917   2  14   0.0170   0.0094   0.0188   0.0066   0.0088   0.0116  -0.20    2.1
2026/04/23 07:41:03.900   3509400.3044    779155.7451   5250976.9089   2  14   0.0169   0.0094   0.0188   0.0066   0.0088   0.0116  -0.10    1.7
2026/04/23 07:41:04.000   3509400.2973    779155.6508   5250976.9310   2  14   0.0169   0.0094   0.0188   0.0066   0.0088   0.0116   0.00    1.6
2026/04/23 07:41:04.100   3509400.2983    779155.5535   5250976.9500   2  14   0.0169   0.0094   0.0188   0.0066   0.0088   0.0116   0.10    1.0
2026/04/23 07:41:04.200   3509400.3141    779155.4580   5250976.9521   2  14   0.0169   0.0094   0.0188   0.0066   0.0088   0.0116   0.20    1.4
2026/04/23 07:41:04.300   3509400.3173    779155.3625   5250976.9629   2  14   0.0169   0.0094   0.0188   0.0066   0.0088   0.0116   0.30    1.0
2026/04/23 07:41:04.400   3509400.3180    779155.2669   5250976.9844   2  14   0.0169   0.0094   0.0188   0.0066   0.0088   0.0116   0.40    1.1
2026/04/23 07:41:04.500   3509400.3126    779155.1752   5250977.0028   2  14   0.0169   0.0094   0.0188   0.0066   0.0088   0.0116  -0.50    1.7
2026/04/23 07:41:04.600   3509400.3075    779155.0773   5250977.0243   2  14   0.0169   0.0094   0.0188   0.0066   0.0088   0.0116  -0.40    1.4
2026/04/23 07:41:04.700   3509400.2997    779154.9875   5250977.0442   2  14   0.0169   0.0094   0.0188   0.0066   0.0088   0.0116  -0.30    1.5
2026/04/23 07:41:04.800   3509400.2914    779154.8962   5250977.0661   2  14   0.0169   0.0094   0.0188   0.0066   0.0088   0.0116  -0.20    1.9
2026/04/23 07:41:04.900   3509400.2879    779154.7985   5250977.0862   2  14   0.0169   0.0094   0.0188   0.0066   0.0088   0.0116  -0.10    1.7
2026/04/23 07:41:05.000   3509400.2809    779154.7032   5250977.1040   2  14   0.0169   0.0094   0.0188   0.0066   0.0088   0.0116   0.00    1.6
2026/04/23 07:41:05.100   3509400.2728    779154.6063   5250977.1265   2  14   0.0168   0.0094   0.0188   0.0066   0.0088   0.0116   0.10    1.9
2026/04/23 07:41:05.200   3509400.2607    779154.5168   5250977.1484   2  14   0.0168   0.0094   0.0188   0.0066   0.0088   0.0116   0.20    1.8
2026/04/23 07:41:05.300   3509400.2492    779154.4359   5250977.1722   2  14   0.0168   0.0094   0.0188   0.0066   0.0088   0.0116   0.30    2.0
2026/04/23 07:41:05.400   3509400.2356    779154.3519   5250977.1909   2  14   0.0168   0.0094   0.0188   0.0066   0.0088   0.0116   0.40    1.7
2026/04/23 07:41:05.500   3509400.2245    779154.2653   5250977.2118   2  14   0.0168   0.0094   0.0188   0.0066   0.0088   0.0116  -0.50    1.6
2026/04/23 07:41:05.600   3509400.2153    779154.1701   5250977.2324   2  14   0.0168   0.0094   0.0188   0.0066   0.0088   0.0116  -0.40    1.0
2026/04/23 07:41:05.700   3509400.1976    779154.0780   5250977.2626   2  14   0.0168   0.0094   0.0188   0.0066   0.0088   0.0116  -0.30    1.3
2026/04/23 07:41:05.800   3509400.1857    779153.9832   5250977.2831   2  14   0.0168   0.0094   0.0188   0.0066   0.0088   0.0116  -0.20    1.0
2026/04/23 07:41:05.900   3509400.1660    779153.8905   5250977.3101   2  14   0.0168   0.0094   0.0188   0.0066   0.0088   0.0116  -0.10    1.1
2026/04/23 07:41:06.000   3509400.1508    779153.7823   5250977.3381   2  14   0.0168   0.0094   0.0188   0.0066   0.0088   0.0116   0.00    1.7
2026/04/23 07:41:06.100   3509400.1389    779153.6798   5250977.3611   2  14   0.0168   0.0094   0.0188   0.0066   0.0088   0.0116   0.10    1.3
2026/04/23 07:41:06.200   3509400.1359    779153.5847   5250977.3790   2  14   0.0168   0.0094   0.0187   0.0066   0.0088   0.0115   0.20    1.5
2026/04/23 07:41:06.300   3509400.1349    779153.4812   5250977.3954   2  14   0.0168   0.0094   0.0187   0.0066   0.0088   0.0115   0.30    1.8
2026/04/23 07:41:06.400   3509400.1314    779153.3790   5250977.4128   2  14   0.0168   0.0094   0.0187   0.0066   0.0088   0.0115   0.40    1.6
2026/04/23 07:41:06.500   3509400.1326    779153.2843   5250977.4293   2  14   0.0168   0.0094   0.0188   0.0066   0.0088   0.0115  -0.50    1.5
2026/04/23 07:41:06.600   3509400.1336    779153.1841   5250977.4420   2  14   0.0168   0.0094   0.0188   0.0066   0.0088   0.0115  -0.40    1.9
2026/04/23 07:41:06.700   3509400.1213    779153.0936   5250977.4563   2  14   0.0167   0.0094   0.0187   0.0066   0.0088   0.0115  -0.30    1.7
2026/04/23 07:41:06.800   3509400.1130    779153.0063   5250977.4756   2  14   0.0167   0.0094   0.0187   0.0066   0.0088   0.0115  -0.20    2.0
2026/04/23 07:41:06.900   3509400.1076    779152.9176   5250977.4960   2  14   0.0167   0.0094   0.0187   0.0066   0.0088   0.0115  -0.10    1.6
2026/04/23 07:41:07.000   3509400.0965    779152.8197   5250977.5184   2  14   0.0167   0.0094   0.0187   0.0066   0.0088   0.0115   0.00    1.6
2026/04/23 07:41:07.100   3509400.0789    779152.7217   5250977.5427   2  14   0.0167   0.0094   0.0187   0.0066   0.0088   0.0115   0.10    1.0
2026/04/23 07:41:07.200   3509400.0731    779152.6238   5250977.5579   2  14   0.0167   0.0094   0.0187   0.0066   0.0088   0.0115   0.20    1.3
2026/04/23 07:41:07.300   3509400.0586    779152.5218   5250977.5868   2  14   0.0167   0.0094   0.0187   0.0066   0.0088   0.0115   0.30    1.0
2026/04/23 07:41:07.400   3509400.0523    779152.4220   5250977.6067   2  14   0.0167   0.0094   0.0187   0.0066   0.0088   0.0115   0.40    1.0
2026/04/23 07:41:07.500   3509400.0508    779152.3254   5250977.6173   2  14   0.0167   0.0094   0.0187   0.0066   0.0088   0.0115  -0.50    1.5
2026/04/23 07:41:07.600   3509400.0503    779152.2292   5250977.6339   2  14   0.0167   0.0094   0.0187   0.0066   0.0088   0.0115  -0.40    1.0
2026/04/23 07:41:07.700   3509400.0418    779152.1314   5250977.6488   2  14   0.0167   0.0094   0.0187   0.0066   0.0088   0.0115  -0.30    1.3
2026/04/23 07:41:07.800   3509400.0369    779152.0311   5250977.6698   2  14   0.0167   0.0094   0.0187   0.0066   0.0088   0.0115  -0.20    1.2
2026/04/23 07:41:07.900   3509400.0240    779151.9242   5250977.6915   2  14   0.0168   0.0094   0.0189   0.0066   0.0088   0.0113  -0.10    1.0
2026/04/23 07:41:08.000   3509400.0115    779151.8308   5250977.7172   2  14   0.0168   0.0094   0.0190   0.0066   0.0088   0.0112   0.00    1.1
2026/04/23 07:41:08.100   3509399.9998    779151.7356   5250977.7398   2  14   0.0168   0.0094   0.0190   0.0066   0.0088   0.0112   0.10    1.0
2026/04/23 07:41:08.200   3509399.9931    779151.6474   5250977.7573   2  14   0.0168   0.0094   0.0191   0.0066   0.0088   0.0112   0.20    1.0
2026/04/23 07:41:08.300   3509400.0014    779151.5606   5250977.7680   2  14   0.0168   0.0094   0.0191   0.0066   0.0088   0.0112   0.30    1.0
2026/04/23 07:41:08.400   3509400.0038    779151.4674   5250977.7751   2  14   0.0168   0.0094   0.0191   0.0066   0.0088   0.0112   0.40    1.1
2026/04/23 07:41:08.500   3509400.0035    779151.3708   5250977.7886   2  14   0.0167   0.0094   0.0190   0.0066   0.0088   0.0113  -0.50    1.0
2026/04/23 07:41:08.600   3509400.0021    779151.2744   5250977.8104   2  14   0.0167   0.0094   0.0190   0.0066   0.0088   0.0113  -0.40    1.1
2026/04/23 07:41:08.700   3509399.9926    779151.1796   5250977.8293   2  14   0.0167   0.0094   0.0190   0.0066   0.0088   0.0114  -0.30    1.1
2026/04/23 07:41:08.800   3509399.9932    779151.0832   5250977.8509   2  14   0.0167   0.0094   0.0190   0.0066   0.0088   0.0114  -0.20    1.0
2026/04/23 07:41:08.900   3509399.9899    779150.9901   5250977.8698   2  14   0.0167   0.0094   0.0190   0.0066   0.0088   0.0113  -0.10    1.0
2026/04/23 07:41:09.000   3509399.9840    779150.8936   5250977.8879   2  14   0.0168   0.0094   0.0191   0.0066   0.0088   0.0112   0.00    1.1
2026/04/23 07:41:09.100   3509399.9729    779150.7927   5250977.9146   2  14   0.0168   0.0094   0.0191   0.0066   0.0088   0.0112   0.10    1.0
2026/04/23 07:41:09.200   3509399.9638    779150.6907   5250977.9344   2  14   0.0168   0.0094   0.0191   0.0066   0.0088   0.0112   0.20    1.0
2026/04/23 07:41:09.300   3509399.9575    779150.6014   5250977.9555   2  14   0.0168   0.0094   0.0191   0.0066   0.0088   0.0112   0.30    1.0
2026/04/23 07:41:09.400   3509399.9471    779150.5026   5250977.9797   2  14   0.0167   0.0094   0.0191   0.0066   0.0088   0.0112   0.40    1.1
2026/04/23 07:41:09.500   3509399.9347    779150.3970   5250978.0033   2  14   0.0167   0.0094   0.0190   0.0066   0.0088   0.0113  -0.50    1.1
2026/04/23 07:41:09.600   3509399.9241    779150.2868   5250978.0300   2  14   0.0167   0.0094   0.0190   0.0066   0.0088   0.0113  -0.40    1.1
2026/04/23 07:41:09.700   3509399.9213    779150.1832   5250978.0498   2  14   0.0166   0.0094   0.0190   0.0066   0.0088   0.0114  -0.30    1.1
2026/04/23 07:41:09.800   3509399.9306    779150.0839   5250978.0648   2  14   0.0166   0.0094   0.0189   0.0066   0.0088   0.0114  -0.20    1.0
2026/04/23 07:41:09.900   3509399.9353    779149.9912   5250978.0711   2  14   0.0166   0.0094   0.0189   0.0067   0.0088   0.0114  -0.10    1.1
2026/04/23 07:41:10.000   3509399.9296    779149.8954   5250978.0867   2  14   0.0166   0.0094   0.0189   0.0067   0.0088   0.0115   0.00    1.0
2026/04/23 07:41:10.100   3509399.9243    779149.8008   5250978.0997   2  14   0.0166   0.0094   0.0189   0.0067   0.0088   0.0115   0.10    1.1
2026/04/23 07:41:10.200   3509399.9207    779149.7070   5250978.1141   2  14   0.0166   0.0094   0.0189   0.0067   0.0088   0.0115   0.20    1.1
2026/04/23 07:41:10.300   3509399.9154    779149.6135   5250978.1313   2  14   0.0166   0.0094   0.0188   0.0067   0.0088   0.0115   0.30    1.0
2026/04/23 07:41:10.400   3509399.9091    779149.5170   5250978.1462   2  14   0.0166   0.0094   0.0188   0.0067   0.0088   0.0115   0.40    1.2
2026/04/23 07:41:10.500   3509399.8998    779149.4181   5250978.1574   2  14   0.0166   0.0094   0.0188   0.0067   0.0088   0.0115  -0.50    1.4
2026/04/23 07:41:10.600   3509399.8916    779149.3254   5250978.1753   2  14   0.0166   0.0094   0.0188   0.0067   0.0088   0.0115  -0.40    1.1
2026/04/23 07:41:10.700   3509399.8839    779149.2287   5250978.1948   2  14   0.0166   0.0094   0.0188   0.0067   0.0088   0.0115  -0.30    1.0
2026/04/23 07:41:10.800   3509399.8760    779149.1250   5250978.2160   2  14   0.0165   0.0094   0.0188   0.0067   0.0088   0.0115  -0.20    1.0
2026/04/23 07:41:10.900   3509399.8578    779149.0203   5250978.2414   2  14   0.0165   0.0094   0.0188   0.0067   0.0088   0.0115  -0.10    1.1
2026/04/23 07:41:11.000   3509399.8395    779148.9223   5250978.2665   2  14   0.0165   0.0094   0.0188   0.0067   0.0088   0.0115   0.00    1.1
2026/04/23 07:41:11.100   3509399.8349    779148.8298   5250978.2846   2  14   0.0165   0.0094   0.0188   0.0067   0.0088   0.0115   0.10    1.2
2026/04/23 07:41:11.200   3509399.8345    779148.7410   5250978.2969   2  14   0.0165   0.0094   0.0188   0.0067   0.0088   0.0115   0.20    1.1
2026/04/23 07:41:11.300   3509399.8340    779148.6452   5250978.3084   2  14   0.0165   0.0094   0.0188   0.0067   0.0088   0.0115   0.30    1.1
2026/04/23 07:41:11.400   3509399.8264    779148.5556   5250978.3227   2  14   0.0165   0.0094   0.0188   0.0067   0.0088   0.0115   0.40    1.1
2026/04/23 07:41:11.500   3509399.8270    779148.4634   5250978.3348   2  14   0.0165   0.0094   0.0188   0.0067   0.0088   0.0115  -0.50    1.0
2026/04/23 07:41:11.600   3509399.8324    779148.3693   5250978.3510   2  14   0.0165   0.0094   0.0188   0.0067   0.0088   0.0115  -0.40    1.2
2026/04/23 07:41:11.700   3509399.8317    779148.2719   5250978.3719   2  14   0.0165   0.0094   0.0187   0.0067   0.0088   0.0115  -0.30    1.1
2026/04/23 07:41:11.800   3509399.8316    779148.1728   5250978.3826   2  14   0.0165   0.0094   0.0187   0.0067   0.0088   0.0115  -0.20    1.1
2026/04/23 07:41:11.900   3509399.8261    779148.0714   5250978.4022   2  14   0.0165   0.0094   0.0187   0.0067   0.0088   0.0115  -0.10    1.1
2026/04/23 07:41:12.000   3509399.8203    779147.9680   5250978.4201   2  13   0.0166   0.0094   0.0189   0.0067   0.0088   0.0113   0.00    1.3
2026/04/23 07:41:12.100   3509399.8103    779147.8712   5250978.4403   2  14   0.0167   0.0094   0.0190   0.0067   0.0088   0.0112   0.10    1.0
2026/04/23 07:41:12.200   3509399.8008    779147.7713   5250978.4579   2  14   0.0167   0.0094   0.0190   0.0067   0.0088   0.0111   0.20    1.0
2026/04/23 07:41:12.300   3509399.7942    779147.6643   5250978.4772   2  14   0.0167   0.0094   0.0191   0.0067   0.0088   0.0111   0.30    1.0
2026/04/23 07:41:12.400   3509399.7779    779147.5531   5250978.5016   2  14   0.0167   0.0094   0.0191   0.0067   0.0088   0.0111   0.40    1.0
2026/04/23 07:41:12.500   3509399.7568    779147.4447   5250978.5274   2  14   0.0166   0.0094   0.0191   0.0067   0.0088   0.0112  -0.50    1.1
2026/04/23 07:41:12.600   3509399.7451    779147.3308   5250978.5522   2  14   0.0166   0.0094   0.0190   0.0067   0.0088   0.0112  -0.40    1.1
2026/04/23 07:41:12.700   3509399.7328    779147.2251   5250978.5755   2  14   0.0166   0.0094   0.0190   0.0067   0.0088   0.0113  -0.30    1.1
2026/04/23 07:41:12.800   3509399.7221    779147.1207   5250978.5945   2  14   0.0165   0.0094   0.0190   0.0067   0.0088   0.0113  -0.20    1.0
2026/04/23 07:41:12.900   3509399.7163    779147.0108   5250978.6159   2  14   0.0165   0.0094   0.0189   0.0067   0.0088   0.0114  -0.10    1.1
2026/04/23 07:41:13.000   3509399.7127    779146.9006   5250978.6321   2  14   0.0165   0.0094   0.0189   0.0067   0.0088   0.0114   0.00    1.0
2026/04/23 07:41:13.100   3509399.7111    779146.7973   5250978.6529   2  14   0.0165   0.0094   0.0189   0.0067   0.0088   0.0114   0.10    1.1
2026/04/23 07:41:13.200   3509399.7170    779146.6963   5250978.6691   2  14   0.0165   0.0094   0.0189   0.0067   0.0088   0.0114   0.20    1.1
2026/04/23 07:41:13.300   3509399.7232    779146.5959   5250978.6799   2  14   0.0165   0.0094   0.0189   0.0067   0.0088   0.0115   0.30    1.0
2026/04/23 07:41:13.400   3509399.7246    779146.4968   5250978.6978   2  14   0.0165   0.0094   0.0188   0.0067   0.0088   0.0115   0.40    1.2
2026/04/23 07:41:13.500   3509399.7270    779146.3920   5250978.7159   2  14   0.0165   0.0094   0.0188   0.0067   0.0088   0.0115  -0.50    1.3
2026/04/23 07:41:13.600   3509399.7258    779146.2969   5250978.7300   2  14   0.0165   0.0094   0.0188   0.0067   0.0088   0.0115  -0.40    1.1
2026/04/23 07:41:13.700   3509399.7325    779146.1954   5250978.7423   2  15   0.0165   0.0094   0.0188   0.0067   0.0088   0.0115  -0.30    1.0
2026/04/23 07:41:13.800   3509399.7435    779146.0964   5250978.7513   2  15   0.0164   0.0094   0.0188   0.0067   0.0088   0.0115  -0.20    1.0
2026/04/23 07:41:13.900   3509399.7413    779145.9908   5250978.7681   2  15   0.0164   0.0094   0.0188   0.0067   0.0088   0.0115  -0.10    1.0
2026/04/23 07:41:14.000   3509399.7471    779145.8852   5250978.7799   2  15   0.0164   0.0094   0.0188   0.0067   0.0088   0.0115   0.00    1.0
2026/04/23 07:41:14.100   3509399.7463    779145.7756   5250978.7943   2  15   0.0164   0.0093   0.0188   0.0067   0.0088   0.0115   0.10    1.0
2026/04/23 07:41:14.200   3509399.7465    779145.6683   5250978.8059   2  15   0.0164   0.0093   0.0188   0.0068   0.0088   0.0115   0.20    1.0
2026/04/23 07:41:14.300   3509399.7412    779145.5627   5250978.8239   2  15   0.0164   0.0093   0.0188   0.0068   0.0088   0.0115   0.30    1.0
2026/04/23 07:41:14.400   3509399.7300    779145.4573   5250978.8436   2  15   0.0164   0.0093   0.0187   0.0068   0.0088   0.0115   0.40    1.0
2026/04/23 07:41:14.500   3509399.7239    779145.3522   5250978.8641   2  15   0.0163   0.0093   0.0187   0.0069   0.0088   0.0115  -0.50    1.1
2026/04/23 07:41:14.600   3509399.7220    779145.2442   5250978.8803   2  15   0.0163   0.0093   0.0187   0.0069   0.0088   0.0114  -0.40    1.0
2026/04/23 07:41:14.700   3509399.7201    779145.1384   5250978.8965   2  15   0.0163   0.0093   0.0187   0.0069   0.0088   0.0114  -0.30    1.1
2026/04/23 07:41:14.800   3509399.7173    779145.0332   5250978.9121   2  15   0.0163   0.0093   0.0187   0.0069   0.0088   0.0114  -0.20    1.1
2026/04/23 07:41:14.900   3509399.7047    779144.9300   5250978.9399   2  15   0.0162   0.0093   0.0187   0.0069   0.0088   0.0114  -0.10    1.0
2026/04/23 07:41:15.000   3509399.6876    779144.8225   5250978.9670   2  15   0.0162   0.0093   0.0187   0.0070   0.0088   0.0114   0.00    1.0
2026/04/23 07:41:15.100   3509399.6749    779144.7100   5250978.9911   2  15   0.0162   0.0093   0.0187   0.0070   0.0088   0.0114   0.10    1.1
2026/04/23 07:41:15.200   3509399.6665    779144.6059   5250979.0088   2  15   0.0162   0.0093   0.0187   0.0070   0.0088   0.0114   0.20    1.0
2026/04/23 07:41:15.300   3509399.6582    779144.5030   5250979.0332   2  15   0.0162   0.0093   0.0187   0.0070   0.0088   0.0113   0.30    1.0
2026/04/23 07:41:15.400   3509399.6498    779144.3993   5250979.0534   2  15   0.0161   0.0093   0.0187   0.0070   0.0089   0.0113   0.40    1.0
2026/04/23 07:41:15.500   3509399.6405    779144.2960   5250979.0690   2  15   0.0161   0.0093   0.0187   0.0070   0.0089   0.0113  -0.50    1.0
2026/04/23 07:41:15.600   3509399.6355    779144.1956   5250979.0905   2  15   0.0161   0.0093   0.0186   0.0070   0.0089   0.0113  -0.40    1.0
2026/04/23 07:41:15.700   3509399.6270    779144.0938   5250979.1099   2  15   0.0161   0.0093   0.0186   0.0070   0.0089   0.0113  -0.30    1.0
2026/04/23 07:41:15.800   3509399.6218    779143.9891   5250979.1304   2  15   0.0161   0.0093   0.0186   0.0070   0.0089   0.0113  -0.20    1.0
2026/04/23 07:41:15.900   3509399.6191    779143.8754   5250979.1554   2  15   0.0161   0.0093   0.0186   0.0070   0.0089   0.0113  -0.10    1.1
2026/04/23 07:41:16.000   3509399.6176    779143.7589   5250979.1742   2  15   0.0161   0.0093   0.0186   0.0070   0.0089   0.0113   0.00    1.1
2026/04/23 07:41:16.100   3509399.6192    779143.6493   5250979.1882   2  15   0.0161   0.0093   0.0186   0.0070   0.0089   0.0113   0.10    1.0
2026/04/23 07:41:16.200   3509399.6300    779143.5538   5250979.2007   2  15   0.0161   0.0093   0.0186   0.0070   0.0089   0.0112   0.20    1.2
2026/04/23 07:41:16.300   3509399.6327    779143.4557   5250979.2125   2  15   0.0160   0.0093   0.0186   0.0070   0.0089   0.0112   0.30    1.1
2026/04/23 07:41:16.400   3509399.6297    779143.3537   5250979.2249   2  15   0.0160   0.0093   0.0186   0.0070   0.0089   0.0112   0.40    1.0
2026/04/23 07:41:16.500   3509399.6193    779143.2568   5250979.2475   2  15   0.0160   0.0093   0.0186   0.0070   0.0089   0.0112  -0.50    1.0
2026/04/23 07:41:16.600   3509399.6159    779143.1565   5250979.2692   2  15   0.0160   0.0093   0.0186   0.0070   0.0089   0.0112  -0.40    1.2
2026/04/23 07:41:16.700   3509399.6121    779143.0555   5250979.2843   2  15   0.0160   0.0093   0.0186   0.0070   0.0089   0.0112  -0.30    1.0
2026/04/23 07:41:16.800   3509399.6098    779142.9508   5250979.3044   2  15   0.0160   0.0093   0.0186   0.0070   0.0089   0.0112  -0.20    1.1
2026/04/23 07:41:16.900   3509399.6000    779142.8413   5250979.3289   2  15   0.0160   0.0093   0.0185   0.0070   0.0089   0.0112  -0.10    1.0
2026/04/23 07:41:17.000   3509399.5869    779142.7291   5250979.3538   2  15   0.0160   0.0092   0.0185   0.0070   0.0089   0.0112   0.00    1.0
2026/04/23 07:41:17.100   3509399.5737    779142.6153   5250979.3764   2  15   0.0160   0.0092   0.0185   0.0070   0.0089   0.0112   0.10    1.0
2026/04/23 07:41:17.200   3509399.5600    779142.5074   5250979.3955   2  15   0.0160   0.0092   0.0185   0.0070   0.0089   0.0112   0.20    1.0
2026/04/23 07:41:17.300   3509399.5477    779142.4055   5250979.4126   2  15   0.0160   0.0093   0.0185   0.0070   0.0089   0.0112   0.30    1.0
2026/04/23 07:41:17.400   3509399.5346    779142.3046   5250979.4367   2  15   0.0160   0.0093   0.0185   0.0070   0.0089   0.0112   0.40    1.1
2026/04/23 07:41:17.500   3509399.5176    779142.1974   5250979.4637   2  15   0.0160   0.0093   0.0185   0.0070   0.0089   0.0112  -0.50    1.0
2026/04/23 07:41:17.600   3509399.5110    779142.0905   5250979.4800   2  15   0.0160   0.0093   0.0185   0.0070   0.0089   0.0112  -0.40    1.1
2026/04/23 07:41:17.700   3509399.5102    779141.9872   5250979.4911   2  15   0.0160   0.0093   0.0185   0.0070   0.0089   0.0112  -0.30    1.0
2026/04/23 07:41:17.800   3509399.5062    779141.8851   5250979.5111   2  15   0.0160   0.0093   0.0185   0.0070   0.0089   0.0112  -0.20    1.2
2026/04/23 07:41:17.900   3509399.5023    779141.7800   5250979.5292   2  15   0.0160   0.0092   0.0185   0.0070   0.0089   0.0112  -0.10    1.1
2026/04/23 07:41:18.000   3509399.5056    779141.6709   5250979.5429   2  15   0.0160   0.0092   0.0185   0.0070   0.0089   0.0112   0.00    1.0
2026/04/23 07:41:18.100   3509399.5100    779141.5632   5250979.5592   2  15   0.0159   0.0092   0.0185   0.0070   0.0089   0.0112   0.10    1.0
2026/04/23 07:41:18.200   3509399.5150    779141.4538   5250979.5701   2  15   0.0159   0.0092   0.0185   0.0070   0.0089   0.0112   0.20    1.1
2026/04/23 07:41:18.300   3509399.5205    779141.3444   5250979.5838   2  15   0.0159   0.0092   0.0185   0.0070   0.0089   0.0112   0.30    1.0
2026/04/23 07:41:18.400   3509399.5262    779141.2348   5250979.5991   2  15   0.0159   0.0093   0.0185   0.0070   0.0089   0.0112   0.40    1.1
2026/04/23 07:41:18.500   3509399.5307    779141.1300   5250979.6124   2  15   0.0159   0.0093   0.0185   0.0070   0.0089   0.0112  -0.50    1.0
2026/04/23 07:41:18.600   3509399.5287    779141.0254   5250979.6305   2  15   0.0159   0.0093   0.0185   0.0070   0.0089   0.0112  -0.40    1.0
2026/04/23 07:41:18.700   3509399.5321    779140.9177   5250979.6431   2  15   0.0159   0.0093   0.0185   0.0070   0.0089   0.0112  -0.30    1.0
2026/04/23 07:41:18.800   3509399.5325    779140.8140   5250979.6591   2  15   0.0159   0.0092   0.0185   0.0070   0.0089   0.0112  -0.20    1.0
2026/04/23 07:41:18.900   3509399.5351    779140.7069   5250979.6731   2  15   0.0163   0.0093   0.0185   0.0068   0.0089   0.0112  -0.10    1.0
2026/04/23 07:41:19.000   3509399.5261    779140.5970   5250979.6926   2  15   0.0165   0.0093   0.0185   0.0067   0.0088   0.0113   0.00    1.0
2026/04/23 07:41:19.100   3509399.5154    779140.4909   5250979.7126   2  15   0.0166   0.0093   0.0185   0.0066   0.0088   0.0113   0.10    1.0
2026/04/23 07:41:19.200   3509399.5083    779140.3862   5250979.7338   2  15   0.0168   0.0093   0.0185   0.0065   0.0088   0.0114   0.20    1.0
2026/04/23 07:41:19.300   3509399.5108    779140.2793   5250979.7484   2  15   0.0168   0.0093   0.0185   0.0065   0.0088   0.0114   0.30    1.0
2026/04/23 07:41:19.400   3509399.5142    779140.1693   5250979.7584   2  14   0.0169   0.0095   0.0186   0.0067   0.0089   0.0115   0.40    1.2
2026/04/23 07:41:19.500   3509399.4995    779140.0673   5250979.7787   2  13   0.0171   0.0096   0.0188   0.0069   0.0090   0.0114  -0.50    1.0
2026/04/23 07:41:19.600   3509399.4898    779139.9598   5250979.7998   2  15   0.0171   0.0096   0.0188   0.0070   0.0091   0.0116  -0.40    1.0
2026/04/23 07:41:19.700   3509399.4744    779139.8546   5250979.8187   2  15   0.0172   0.0096   0.0188   0.0071   0.0091   0.0117  -0.30    1.0
2026/04/23 07:41:19.800   3509399.4649    779139.7468   5250979.8379   2  15   0.0172   0.0096   0.0188   0.0071   0.0091   0.0118  -0.20    1.0
2026/04/23 07:41:19.900   3509399.4507    779139.6385   5250979.8546   2  15   0.0171   0.0096   0.0188   0.0071   0.0091   0.0119  -0.10    1.0
2026/04/23 07:41:20.000   3509399.4432    779139.5334   5250979.8696   2  15   0.0171   0.0096   0.0188   0.0072   0.0091   0.0120   0.00    1.0
2026/04/23 07:41:20.100   3509399.4396    779139.4277   5250979.8835   2  15   0.0171   0.0095   0.0189   0.0072   0.0091   0.0120   0.10    1.0
2026/04/23 07:41:20.200   3509399.4328    779139.3288   5250979.8987   2  15   0.0170   0.0095   0.0189   0.0072   0.0091   0.0120   0.20    1.0
2026/04/23 07:41:20.300   3509399.4233    779139.2272   5250979.9180   2  15   0.0169   0.0095   0.0189   0.0072   0.0091   0.0120   0.30    1.0
2026/04/23 07:41:20.400   3509399.4092    779139.1216   5250979.9419   2  15   0.0169   0.0094   0.0189   0.0072   0.0091   0.0120   0.40    1.0
2026/04/23 07:41:20.500   3509399.4057    779139.0176   5250979.9621   2  15   0.0168   0.0094   0.0189   0.0072   0.0091   0.0120  -0.50    1.0
2026/04/23 07:41:20.600   3509399.4049    779138.9103   5250979.9793   2  15   0.0167   0.0094   0.0189   0.0072   0.0091   0.0120  -0.40    1.1
2026/04/23 07:41:20.700   3509399.3931    779138.7982   5250980.0029   2  15   0.0167   0.0094   0.0189   0.0072   0.0090   0.0119  -0.30    1.0
2026/04/23 07:41:20.800   3509399.3815    779138.6893   5250980.0216   2  15   0.0166   0.0093   0.0189   0.0072   0.0090   0.0119  -0.20    1.0
2026/04/23 07:41:20.900   3509399.3746    779138.5865   5250980.0418   2  15   0.0166   0.0093   0.0188   0.0072   0.0090   0.0119  -0.10    1.0
2026/04/23 07:41:21.000   3509399.3798    779138.4980   5250980.0562   2  15   0.0165   0.0093   0.0188   0.0072   0.0090   0.0118   0.00    1.1
2026/04/23 07:41:21.100   3509399.3694    779138.3953   5250980.0752   2  15   0.0165   0.0093   0.0188   0.0072   0.0090   0.0118   0.10    1.0
2026/04/23 07:41:21.200   3509399.3601    779138.2717   5250980.1021   2  15   0.0164   0.0093   0.0188   0.0072   0.0090   0.0118   0.20    1.0
2026/04/23 07:41:21.300   3509399.3575    779138.1402   5250980.1248   2  14   0.0165   0.0093   0.0189   0.0072   0.0090   0.0115   0.30    1.0
2026/04/23 07:41:21.400   3509399.3465    779138.0086   5250980.1540   2  15   0.0164   0.0093   0.0188   0.0071   0.0090   0.0116   0.40    1.0
2026/04/23 07:41:21.500   3509399.3337    779137.8867   5250980.1846   2  15   0.0164   0.0093   0.0188   0.0071   0.0090   0.0116  -0.50    1.0
2026/04/23 07:41:21.600   3509399.3220    779137.7785   5250980.2102   2  15   0.0163   0.0093   0.0187   0.0071   0.0090   0.0116  -0.40    1.0
2026/04/23 07:41:21.700   3509399.3046    779137.6722   5250980.2412   2  15   0.0163   0.0093   0.0187   0.0071   0.0090   0.0116  -0.30    1.0
2026/04/23 07:41:21.800   3509399.2898    779137.5555   5250980.2730   2  15   0.0163   0.0093   0.0187   0.0071   0.0090   0.0116  -0.20    1.0
2026/04/23 07:41:21.900   3509399.2689    779137.4411   5250980.3011   2  15   0.0162   0.0093   0.0187   0.0071   0.0089   0.0115  -0.10    1.1
2026/04/23 07:41:22.000   3509399.2500    779137.3258   5250980.3336   2  15   0.0163   0.0094   0.0187   0.0072   0.0090   0.0115   0.00    1.0
2026/04/23 07:41:22.100   3509399.2372    779137.2143   5250980.3578   2  15   0.0163   0.0095   0.0187   0.0073   0.0091   0.0116   0.10    1.0
2026/04/23 07:41:22.200   3509399.2266    779137.1086   5250980.3783   2  15   0.0163   0.0095   0.0187   0.0074   0.0091   0.0116   0.20    1.0
2026/04/23 07:41:22.300   3509399.2154    779136.9975   5250980.3998   2  15   0.0163   0.0095   0.0187   0.0074   0.0091   0.0116   0.30    1.0
2026/04/23 07:41:22.400   3509399.2030    779136.8759   5250980.4245   2  15   0.0163   0.0095   0.0187   0.0074   0.0091   0.0116   0.40    1.0
2026/04/23 07:41:22.500   3509399.1930    779136.7563   5250980.4454   2  15   0.0163   0.0095   0.0187   0.0074   0.0091   0.0116  -0.50    1.1
2026/04/23 07:41:22.600   3509399.1900    779136.6323   5250980.4634   2  15   0.0163   0.0095   0.0187   0.0074   0.0091   0.0116  -0.40    1.0
2026/04/23 07:41:22.700   3509399.1793    779136.5147   5250980.4898   2  15   0.0163   0.0095   0.0187   0.0074   0.0091   0.0116  -0.30    1.0
2026/04/23 07:41:22.800   3509399.1757    779136.4008   5250980.5069   2  15   0.0166   0.0096   0.0187   0.0073   0.0091   0.0117  -0.20    1.0
2026/04/23 07:41:22.900   3509399.1732    779136.2921   5250980.5236   2  15   0.0168   0.0096   0.0187   0.0072   0.0091   0.0117  -0.10    1.0
2026/04/23 07:41:23.000   3509399.1646    779136.1754   5250980.5455   2  15   0.0169   0.0096   0.0187   0.0071   0.0091   0.0118   0.00    1.0
2026/04/23 07:41:23.100   3509399.1563    779136.0537   5250980.5648   2  15   0.0170   0.0095   0.0187   0.0071   0.0091   0.0118   0.10    1.0
2026/04/23 07:41:23.200   3509399.1509    779135.9366   5250980.5885   2  15   0.0171   0.0095   0.0189   0.0071   0.0091   0.0116   0.20    1.0
2026/04/23 07:41:23.300   3509399.1354    779135.8182   5250980.6143   2  15   0.0171   0.0095   0.0191   0.0071   0.0091   0.0115   0.30    1.0
2026/04/23 07:41:23.400   3509399.1197    779135.6985   5250980.6373   2  15   0.0171   0.0094   0.0191   0.0071   0.0091   0.0115   0.40    1.0
2026/04/23 07:41:23.500   3509399.1094    779135.5824   5250980.6631   2  15   0.0170   0.0094   0.0192   0.0071   0.0091   0.0115  -0.50    1.0
2026/04/23 07:41:23.600   3509399.0904    779135.4670   5250980.6842   2  15   0.0170   0.0094   0.0192   0.0071   0.0091   0.0115  -0.40    1.0
2026/04/23 07:41:23.700   3509399.0768    779135.3590   5250980.7096   2  15   0.0169   0.0094   0.0192   0.0072   0.0091   0.0115  -0.30    1.0
2026/04/23 07:41:23.800   3509399.0559    779135.2399   5250980.7398   2  15   0.0168   0.0094   0.0192   0.0072   0.0091   0.0115  -0.20    1.1
2026/04/23 07:41:23.900   3509399.0413    779135.1245   5250980.7690   2  15   0.0167   0.0093   0.0192   0.0072   0.0091   0.0115  -0.10    1.0
2026/04/23 07:41:24.000   3509399.0298    779135.0059   5250980.7963   2  15   0.0167   0.0093   0.0192   0.0072   0.0091   0.0115   0.00    1.0
2026/04/23 07:41:24.100   3509399.0214    779134.8954   5250980.8213   2  15   0.0166   0.0093   0.0192   0.0072   0.0091   0.0115   0.10    1.0
2026/04/23 07:41:24.200   3509399.0166    779134.7826   5250980.8444   2  15   0.0165   0.0093   0.0191   0.0072   0.0091   0.0115   0.20    1.0
2026/04/23 07:41:24.300   3509399.0045    779134.6673   5250980.8706   2  15   0.0164   0.0093   0.0191   0.0072   0.0090   0.0115   0.30    1.1
2026/04/23 07:41:24.400   3509398.9909    779134.5510   5250980.8985   2  15   0.0164   0.0094   0.0190   0.0073   0.0091   0.0116   0.40    1.0
2026/04/23 07:41:24.500   3509398.9795    779134.4342   5250980.9258   2  15   0.0164   0.0095   0.0190   0.0074   0.0091   0.0116  -0.50    1.0
2026/04/23 07:41:24.600   3509398.9690    779134.3163   5250980.9480   2  14   0.0164   0.0096   0.0190   0.0074   0.0092   0.0116  -0.40    1.0
2026/04/23 07:41:24.700   3509398.9636    779134.1944   5250980.9718   2  15   0.0164   0.0095   0.0190   0.0074   0.0092   0.0117  -0.30    1.0
2026/04/23 07:41:24.800   3509398.9584    779134.0711   5250980.9944   2  14   0.0164   0.0095   0.0189   0.0075   0.0092   0.0117  -0.20    1.1
2026/04/23 07:41:24.900   3509398.9570    779133.9514   5250981.0162   2  15   0.0166   0.0095   0.0189   0.0072   0.0092   0.0117  -0.10    1.0
2026/04/23 07:41:25.000   3509398.9621    779133.8380   5250981.0318   2  15   0.0168   0.0095   0.0189   0.0071   0.0092   0.0117   0.00    1.0
2026/04/23 07:41:25.100   3509398.9774    779133.7246   5250981.0382   2  15   0.0169   0.0096   0.0189   0.0071   0.0091   0.0117   0.10    1.0
2026/04/23 07:41:25.200   3509398.9895    779133.6156   5250981.0465   2  15   0.0170   0.0096   0.0189   0.0071   0.0091   0.0118   0.20    1.0
2026/04/23 07:41:25.300   3509399.0103    779133.5010   5250981.0501   2  15   0.0170   0.0096   0.0189   0.0072   0.0091   0.0118   0.30    1.0
2026/04/23 07:41:25.400   3509399.0308    779133.3803   5250981.0544   2  15   0.0171   0.0096   0.0190   0.0072   0.0091   0.0117   0.40    1.0
2026/04/23 07:41:25.500   3509399.0471    779133.2582   5250981.0669   2  14   0.0171   0.0096   0.0191   0.0073   0.0092   0.0116  -0.50    1.0
2026/04/23 07:41:25.600   3509399.0581    779133.1413   5250981.0780   2  15   0.0171   0.0096   0.0192   0.0073   0.0092   0.0116  -0.40    1.0
2026/04/23 07:41:25.700   3509399.0602    779133.0210   5250981.0950   2  15   0.0170   0.0096   0.0192   0.0074   0.0092   0.0116  -0.30    1.0
2026/04/23 07:41:25.800   3509399.0608    779132.9011   5250981.1077   2  15   0.0171   0.0096   0.0192   0.0072   0.0092   0.0116  -0.20    1.0
2026/04/23 07:41:25.900   3509399.0580    779132.7814   5250981.1230   2  15   0.0171   0.0096   0.0192   0.0072   0.0092   0.0116  -0.10    1.0
2026/04/23 07:41:26.000   3509399.0612    779132.6585   5250981.1405   2  14   0.0171   0.0096   0.0192   0.0071   0.0092   0.0117   0.00    1.0
2026/04/23 07:41:26.100   3509399.0468    779132.5385   5250981.1607   2  14   0.0171   0.0096   0.0192   0.0072   0.0092   0.0117   0.10    1.0
2026/04/23 07:41:26.200   3509399.0423    779132.4224   5250981.1762   2  14   0.0171   0.0096   0.0191   0.0072   0.0092   0.0118   0.20    1.0
2026/04/23 07:41:26.300   3509399.0348    779132.3074   5250981.1899   2  14   0.0170   0.0096   0.0191   0.0073   0.0092   0.0119   0.30    1.0
2026/04/23 07:41:26.400   3509399.0290    779132.1956   5250981.2073   2  14   0.0170   0.0096   0.0191   0.0073   0.0092   0.0119   0.40    1.0
2026/04/23 07:41:26.500   3509399.0204    779132.0782   5250981.2256   2  14   0.0169   0.0096   0.0191   0.0074   0.0092   0.0119  -0.50    1.0
2026/04/23 07:41:26.600   3509399.0128    779131.9651   5250981.2446   2  14   0.0168   0.0096   0.0191   0.0074   0.0092   0.0119  -0.40    1.0
2026/04/23 07:41:26.700   3509399.0134    779131.8469   5250981.2577   2  14   0.0168   0.0096   0.0190   0.0074   0.0092   0.0120  -0.30    1.0
2026/04/23 07:41:26.800   3509399.0065    779131.7355   5250981.2781   2  14   0.0167   0.0096   0.0190   0.0075   0.0092   0.0120  -0.20    1.1
2026/04/23 07:41:26.900   3509398.9985    779131.6199   5250981.2943   2  14   0.0167   0.0096   0.0190   0.0075   0.0092   0.0119  -0.10    1.0
2026/04/23 07:41:27.000   3509398.9884    779131.5105   5250981.3154   2  14   0.0166   0.0096   0.0190   0.0075   0.0092   0.0119   0.00    1.0
2026/04/23 07:41:27.100   3509398.9813    779131.3963   5250981.3332   2  14   0.0166   0.0096   0.0190   0.0075   0.0092   0.0119   0.10    1.0
2026/04/23 07:41:27.200   3509398.9714    779131.2794   5250981.3625   2  14   0.0165   0.0096   0.0190   0.0075   0.0092   0.0119   0.20    1.1
2026/04/23 07:41:27.300   3509398.9603    779131.1599   5250981.3836   2  14   0.0165   0.0096   0.0190   0.0075   0.0092   0.0119   0.30    1.1
2026/04/23 07:41:27.400   3509398.9558    779131.0407   5250981.4036   2  14   0.0165   0.0096   0.0189   0.0075   0.0092   0.0119   0.40    1.0
2026/04/23 07:41:27.500   3509398.9535    779130.9246   5250981.4262   2  14   0.0166   0.0096   0.0191   0.0075   0.0092   0.0117  -0.50    1.0
2026/04/23 07:41:27.600   3509398.9464    779130.8105   5250981.4504   2  14   0.0166   0.0096   0.0192   0.0075   0.0092   0.0115  -0.40    1.0
2026/04/23 07:41:27.700   3509398.9449    779130.6931   5250981.4691   2  14   0.0166   0.0096   0.0192   0.0075   0.0092   0.0115  -0.30    1.0
2026/04/23 07:41:27.800   3509398.9459    779130.5768   5250981.4882   2  14   0.0165   0.0096   0.0192   0.0075   0.0092   0.0115  -0.20    1.0
2026/04/23 07:41:27.900   3509398.9464    779130.4576   5250981.5014   2  13   0.0168   0.0098   0.0193   0.0079   0.0094   0.0117  -0.10    1.0
2026/04/23 07:41:28.000   3509398.9467    779130.3425   5250981.5202   2  14   0.0166   0.0097   0.0192   0.0077   0.0094   0.0117   0.00    1.1
2026/04/23 07:41:28.100   3509398.9539    779130.2231   5250981.5314   2  14   0.0165   0.0096   0.0192   0.0076   0.0093   0.0117   0.10    1.0
2026/04/23 07:41:28.200   3509398.9555    779130.1036   5250981.5477   2  14   0.0165   0.0096   0.0192   0.0076   0.0093   0.0117   0.20    1.0
2026/04/23 07:41:28.300   3509398.9583    779129.9841   5250981.5592   2  14   0.0164   0.0096   0.0191   0.0075   0.0093   0.0117   0.30    1.1
2026/04/23 07:41:28.400   3509398.9527    779129.8709   5250981.5791   2  14   0.0164   0.0096   0.0191   0.0075   0.0092   0.0117   0.40    1.0
2026/04/23 07:41:28.500   3509398.9448    779129.7583   5250981.5976   2  14   0.0163   0.0096   0.0191   0.0075   0.0092   0.0117  -0.50    1.0
2026/04/23 07:41:28.600   3509398.9366    779129.6445   5250981.6190   2  14   0.0163   0.0096   0.0190   0.0075   0.0092   0.0117  -0.40    1.0
2026/04/23 07:41:28.700   3509398.9304    779129.5314   5250981.6376   2  14   0.0163   0.0096   0.0190   0.0075   0.0092   0.0117  -0.30    1.0
2026/04/23 07:41:28.800   3509398.9233    779129.4147   5250981.6590   2  14   0.0163   0.0096   0.0190   0.0075   0.0092   0.0117  -0.20    1.1
2026/04/23 07:41:28.900   3509398.9181    779129.2993   5250981.6753   2  14   0.0163   0.0096   0.0189   0.0075   0.0092   0.0117  -0.10    1.0
2026/04/23 07:41:29.000   3509398.9079    779129.1862   5250981.6928   2  14   0.0163   0.0096   0.0189   0.0075   0.0092   0.0117   0.00    1.0
2026/04/23 07:41:29.100   3509398.8997    779129.0767   5250981.7236   2  14   0.0162   0.0096   0.0189   0.0075   0.0092   0.0117   0.10    1.1
2026/04/23 07:41:29.200   3509398.8879    779128.9674   5250981.7419   2  14   0.0165   0.0098   0.0189   0.0079   0.0094   0.0118   0.20    1.0
2026/04/23 07:41:29.300   3509398.8750    779128.8617   5250981.7595   2  14   0.0167   0.0100   0.0190   0.0082   0.0095   0.0120   0.30    1.1
2026/04/23 07:41:29.400   3509398.8604    779128.7463   5250981.7800   2  14   0.0169   0.0100   0.0190   0.0084   0.0096   0.0122   0.40    1.0
2026/04/23 07:41:29.500   3509398.8464    779128.6353   5250981.7989   2  14   0.0171   0.0101   0.0192   0.0085   0.0097   0.0121  -0.50    1.0
2026/04/23 07:41:29.600   3509398.8392    779128.5238   5250981.8158   2  14   0.0172   0.0101   0.0194   0.0085   0.0098   0.0121  -0.40    1.0
2026/04/23 07:41:29.700   3509398.8272    779128.4144   5250981.8331   2  14   0.0172   0.0100   0.0195   0.0085   0.0098   0.0122  -0.30    1.0
2026/04/23 07:41:29.800   3509398.8170    779128.2985   5250981.8545   2  13   0.0177   0.0101   0.0196   0.0084   0.0099   0.0123  -0.20    1.0
2026/04/23 07:41:29.900   3509398.8064    779128.1829   5250981.8754   2  14   0.0179   0.0100   0.0197   0.0082   0.0099   0.0124  -0.10    1.0
2026/04/23 07:41:30.000   3509398.7983    779128.0758   5250981.8949   2  14   0.0181   0.0100   0.0197   0.0081   0.0098   0.0126   0.00    1.0
2026/04/23 07:41:30.100   3509398.7863    779127.9630   5250981.9162   2  14   0.0181   0.0099   0.0197   0.0080   0.0098   0.0127   0.10    1.0
2026/04/23 07:41:30.200   3509398.7684    779127.8530   5250981.9407   2  13   0.0182   0.0100   0.0198   0.0082   0.0098   0.0129   0.20    1.0
2026/04/23 07:41:30.300   3509398.7541    779127.7515   5250981.9680   2  14   0.0182   0.0099   0.0198   0.0081   0.0098   0.0129   0.30    1.0
2026/04/23 07:41:30.400   3509398.7246    779127.6455   5250981.9988   2  14   0.0182   0.0099   0.0197   0.0080   0.0098   0.0130   0.40    1.0
2026/04/23 07:41:30.500   3509398.6893    779127.5550   5250982.0301   2  14   0.0184   0.0100   0.0198   0.0082   0.0098   0.0130  -0.50    1.0
2026/04/23 07:41:30.600   3509398.6371    779127.4651   5250982.0723   2  14   0.0185   0.0101   0.0199   0.0084   0.0099   0.0130  -0.40    1.0
2026/04/23 07:41:30.700   3509398.5732    779127.3778   5250982.1243   2  14   0.0186   0.0102   0.0200   0.0086   0.0100   0.0130  -0.30    1.0
2026/04/23 07:41:30.800   3509398.5068    779127.2914   5250982.1772   2  14   0.0186   0.0102   0.0200   0.0087   0.0100   0.0131  -0.20    1.0
2026/04/23 07:41:30.900   3509398.4456    779127.1927   5250982.2299   2  14   0.0185   0.0102   0.0200   0.0088   0.0100   0.0132  -0.10    1.0
2026/04/23 07:41:31.000   3509398.3920    779127.0919   5250982.2839   2  14   0.0184   0.0102   0.0200   0.0088   0.0101   0.0132   0.00    1.0
2026/04/23 07:41:31.100   3509398.3385    779127.0038   5250982.3323   2  13   0.0184   0.0102   0.0200   0.0089   0.0101   0.0133   0.10    1.0
2026/04/23 07:41:31.200   3509398.2829    779126.9226   5250982.3777   2  14   0.0183   0.0102   0.0200   0.0089   0.0101   0.0134   0.20    1.0
2026/04/23 07:41:31.300   3509398.2191    779126.8421   5250982.4324   2  14   0.0182   0.0102   0.0199   0.0090   0.0101   0.0134   0.30    1.0
2026/04/23 07:41:31.400   3509398.1582    779126.7702   5250982.4798   2  14   0.0181   0.0102   0.0199   0.0090   0.0101   0.0134   0.40    1.0
2026/04/23 07:41:31.500   3509398.0846    779126.7013   5250982.5353   2  14   0.0183   0.0102   0.0199   0.0088   0.0101   0.0134  -0.50    1.0
2026/04/23 07:41:31.600   3509398.0141    779126.6416   5250982.5872   2  14   0.0184   0.0102   0.0199   0.0087   0.0101   0.0134  -0.40    1.0
2026/04/23 07:41:31.700   3509397.9329    779126.5831   5250982.6427   2  14   0.0185   0.0101   0.0199   0.0085   0.0100   0.0135  -0.30    1.0
2026/04/23 07:41:31.800   3509397.8498    779126.5294   5250982.7005   2  14   0.0185   0.0101   0.0198   0.0084   0.0100   0.0135  -0.20    1.0
2026/04/23 07:41:31.900   3509397.7630    779126.4902   5250982.7595   2  13   0.0185   0.0100   0.0198   0.0083   0.0099   0.0135  -0.10    1.0
2026/04/23 07:41:32.000   3509397.6760    779126.4668   5250982.8166   2  13   0.0185   0.0100   0.0198   0.0083   0.0099   0.0134   0.00    1.0
2026/04/23 07:41:32.100   3509397.5823    779126.4465   5250982.8742   2  13   0.0184   0.0099   0.0198   0.0082   0.0099   0.0134   0.10    1.1
2026/04/23 07:41:32.200   3509397.4914    779126.4263   5250982.9388   2  13   0.0184   0.0099   0.0197   0.0081   0.0098   0.0134   0.20    1.0
2026/04/23 07:41:32.300   3509397.3956    779126.4081   5250983.0048   2  13   0.0183   0.0099   0.0197   0.0081   0.0098   0.0133   0.30    1.0
2026/04/23 07:41:32.400   3509397.3010    779126.3998   5250983.0701   2  13   0.0183   0.0099   0.0197   0.0080   0.0098   0.0133   0.40    1.0
2026/04/23 07:41:32.500   3509397.2125    779126.3807   5250983.1383   2  13   0.0182   0.0099   0.0197   0.0080   0.0097   0.0132  -0.50    1.0
2026/04/23 07:41:32.600   3509397.1237    779126.3591   5250983.2074   2  12   0.0183   0.0100   0.0197   0.0082   0.0098   0.0133  -0.40    1.2
2026/04/23 07:41:32.700   3509397.0221    779126.3253   5250983.2724   2  13   0.0182   0.0099   0.0196   0.0080   0.0097   0.0132  -0.30    1.0
2026/04/23 07:41:32.800   3509396.9414    779126.2966   5250983.3353   2  13   0.0183   0.0101   0.0196   0.0083   0.0098   0.0132  -0.20    1.0
2026/04/23 07:41:32.900   3509396.8550    779126.2671   5250983.4015   2  13   0.0184   0.0101   0.0196   0.0084   0.0099   0.0133  -0.10    1.0
2026/04/23 07:41:33.000   3509396.7698    779126.2378   5250983.4682   2  13   0.0185   0.0102   0.0196   0.0085   0.0099   0.0133   0.00    1.0
2026/04/23 07:41:33.100   3509396.6852    779126.2129   5250983.5278   2  13   0.0185   0.0102   0.0196   0.0086   0.0099   0.0133   0.10    1.0
2026/04/23 07:41:33.200   3509396.6032    779126.1954   5250983.5924   2  13   0.0186   0.0101   0.0196   0.0085   0.0099   0.0134   0.20    1.0
2026/04/23 07:41:33.300   3509396.5176    779126.1835   5250983.6544   2  13   0.0186   0.0101   0.0196   0.0085   0.0099   0.0134   0.30    1.0
2026/04/23 07:41:33.400   3509396.4215    779126.1828   5250983.7162   2  13   0.0185   0.0101   0.0196   0.0084   0.0099   0.0134   0.40    1.0
2026/04/23 07:41:33.500   3509396.3238    779126.1883   5250983.7860   2  13   0.0185   0.0100   0.0196   0.0084   0.0099   0.0134  -0.50    1.1
2026/04/23 07:41:33.600   3509396.2340    779126.1941   5250983.8503   2  13   0.0186   0.0101   0.0197   0.0085   0.0099   0.0134  -0.40    1.0
2026/04/23 07:41:33.700   3509396.1417    779126.1983   5250983.9156   2  12   0.0186   0.0102   0.0197   0.0086   0.0099   0.0135  -0.30    1.3
2026/04/23 07:41:33.800   3509396.0422    779126.1945   5250983.9804   2  13   0.0187   0.0102   0.0197   0.0086   0.0099   0.0135  -0.20    1.0
2026/04/23 07:41:33.900   3509395.9433    779126.1894   5250984.0486   2  13   0.0187   0.0102   0.0197   0.0087   0.0100   0.0135  -0.10    1.0
2026/04/23 07:41:34.000   3509395.8423    779126.1881   5250984.1143   2  13   0.0187   0.0102   0.0197   0.0087   0.0100   0.0135   0.00    1.0
2026/04/23 07:41:34.100   3509395.7449    779126.1843   5250984.1762   2  13   0.0188   0.0102   0.0197   0.0087   0.0100   0.0136   0.10    1.0
2026/04/23 07:41:34.200   3509395.6495    779126.1770   5250984.2330   2  13   0.0188   0.0103   0.0197   0.0087   0.0100   0.0136   0.20    1.0
2026/04/23 07:41:34.300   3509395.5542    779126.1669   5250984.2959   2  13   0.0188   0.0103   0.0197   0.0087   0.0100   0.0136   0.30    1.0
2026/04/23 07:41:34.400   3509395.4519    779126.1648   5250984.3555   2  13   0.0188   0.0102   0.0197   0.0087   0.0100   0.0136   0.40    1.0
2026/04/23 07:41:34.500   3509395.3569    779126.1677   5250984.4200   2  12   0.0188   0.0103   0.0197   0.0087   0.0100   0.0136  -0.50    1.1
2026/04/23 07:41:34.600   3509395.2661    779126.1729   5250984.4810   2  13   0.0188   0.0103   0.0197   0.0088   0.0100   0.0136  -0.40    1.0
2026/04/23 07:41:34.700   3509395.1813    779126.1753   5250984.5369   2  13   0.0188   0.0103   0.0197   0.0088   0.0100   0.0136  -0.30    1.0
2026/04/23 07:41:34.800   3509395.0858    779126.1811   5250984.6039   2  13   0.0188   0.0103   0.0197   0.0088   0.0100   0.0137  -0.20    1.0
2026/04/23 07:41:34.900   3509394.9959    779126.1835   5250984.6625   2  12   0.0188   0.0103   0.0197   0.0088   0.0100   0.0137  -0.10    1.2
2026/04/23 07:41:35.000   3509394.9128    779126.1861   5250984.7204   2  13   0.0188   0.0103   0.0197   0.0088   0.0100   0.0137   0.00    1.0
2026/04/23 07:41:35.100   3509394.8238    779126.1946   5250984.7821   2  13   0.0189   0.0103   0.0197   0.0088   0.0100   0.0137   0.10    1.1
2026/04/23 07:41:35.200   3509394.7334    779126.2125   5250984.8422   2  13   0.0188   0.0103   0.0197   0.0088   0.0100   0.0137   0.20    1.0
2026/04/23 07:41:35.300   3509394.6430    779126.2416   5250984.9015   2  13   0.0188   0.0102   0.0197   0.0088   0.0100   0.0137   0.30    1.0
2026/04/23 07:41:35.400   3509394.5475    779126.2566   5250984.9630   2  13   0.0188   0.0103   0.0197   0.0088   0.0100   0.0137   0.40    1.0
2026/04/23 07:41:35.500   3509394.4511    779126.2648   5250985.0263   2  13   0.0189   0.0103   0.0197   0.0088   0.0100   0.0137  -0.50    1.0
2026/04/23 07:41:35.600   3509394.3530    779126.2732   5250985.0915   2  13   0.0189   0.0103   0.0197   0.0088   0.0100   0.0137  -0.40    1.0
2026/04/23 07:41:35.700   3509394.2561    779126.2822   5250985.1511   2  13   0.0189   0.0103   0.0197   0.0088   0.0100   0.0137  -0.30    1.0
2026/04/23 07:41:35.800   3509394.1562    779126.3021   5250985.2138   2  13   0.0189   0.0103   0.0197   0.0088   0.0100   0.0137  -0.20    1.0
2026/04/23 07:41:35.900   3509394.0555    779126.3200   5250985.2732   2  13   0.0188   0.0102   0.0197   0.0088   0.0100   0.0137  -0.10    1.0
2026/04/23 07:41:36.000   3509393.9589    779126.3428   5250985.3358   2  13   0.0188   0.0102   0.0197   0.0087   0.0100   0.0137   0.00    1.0
2026/04/23 07:41:36.100   3509393.8699    779126.3754   5250985.3880   2  13   0.0188   0.0104   0.0197   0.0087   0.0099   0.0136   0.10    1.1
2026/04/23 07:41:36.200   3509393.7772    779126.4095   5250985.4442   2  13   0.0188   0.0106   0.0197   0.0088   0.0099   0.0136   0.20    1.0
2026/04/23 07:41:36.300   3509393.6855    779126.4394   5250985.4993   2  13   0.0188   0.0106   0.0197   0.0088   0.0099   0.0136   0.30    1.0
2026/04/23 07:41:36.400   3509393.5938    779126.4683   5250985.5551   2  13   0.0188   0.0106   0.0197   0.0088   0.0099   0.0136   0.40    1.1
2026/04/23 07:41:36.500   3509393.4975    779126.4915   5250985.6120   2  13   0.0188   0.0106   0.0197   0.0088   0.0099   0.0136  -0.50    1.0
2026/04/23 07:41:36.600   3509393.4031    779126.5138   5250985.6738   2  13   0.0188   0.0106   0.0197   0.0087   0.0099   0.0136  -0.40    1.0
2026/04/23 07:41:36.700   3509393.3002    779126.5464   5250985.7351   2  13   0.0188   0.0106   0.0197   0.0088   0.0098   0.0136  -0.30    1.0
2026/04/23 07:41:36.800   3509393.1990    779126.5832   5250985.7958   2  13   0.0188   0.0106   0.0197   0.0088   0.0098   0.0136  -0.20    1.0
2026/04/23 07:41:36.900   3509393.1127    779126.6289   5250985.8454   2  13   0.0188   0.0106   0.0197   0.0088   0.0099   0.0136  -0.10    1.0
2026/04/23 07:41:37.000   3509393.0202    779126.6827   5250985.8950   2  13   0.0188   0.0105   0.0197   0.0088   0.0099   0.0136   0.00    1.0
2026/04/23 07:41:37.100   3509392.9367    779126.7344   5250985.9421   2  13   0.0187   0.0105   0.0197   0.0087   0.0099   0.0136   0.10    1.2
2026/04/23 07:41:37.200   3509392.8510    779126.7884   5250985.9881   2  13   0.0187   0.0104   0.0197   0.0086   0.0099   0.0136   0.20    1.0
2026/04/23 07:41:37.300   3509392.7587    779126.8406   5250986.0420   2  13   0.0187   0.0103   0.0197   0.0085   0.0099   0.0136   0.30    1.1
2026/04/23 07:41:37.400   3509392.6742    779126.8903   5250986.0960   2  13   0.0186   0.0102   0.0197   0.0085   0.0099   0.0136   0.40    1.2
2026/04/23 07:41:37.500   3509392.5834    779126.9452   5250986.1417   2  12   0.0186   0.0101   0.0199   0.0083   0.0099   0.0133  -0.50    1.0
2026/04/23 07:41:37.600   3509392.5048    779127.0047   5250986.1866   2  13   0.0185   0.0101   0.0198   0.0083   0.0098   0.0134  -0.40    1.1
2026/04/23 07:41:37.700   3509392.4300    779127.0604   5250986.2324   2  13   0.0184   0.0100   0.0197   0.0082   0.0098   0.0134  -0.30    1.1
2026/04/23 07:41:37.800   3509392.3602    779127.1297   5250986.2676   2  13   0.0183   0.0100   0.0197   0.0081   0.0098   0.0134  -0.20    1.2
2026/04/23 07:41:37.900   3509392.2879    779127.2059   5250986.3037   2  13   0.0183   0.0100   0.0196   0.0081   0.0097   0.0133  -0.10    1.1
2026/04/23 07:41:38.000   3509392.2111    779127.2907   5250986.3455   2  13   0.0182   0.0100   0.0196   0.0080   0.0097   0.0133   0.00    1.2
2026/04/23 07:41:38.100   3509392.1464    779127.3754   5250986.3780   2  13   0.0181   0.0099   0.0195   0.0080   0.0097   0.0132   0.10    1.1
2026/04/23 07:41:38.200   3509392.0730    779127.4589   5250986.4068   2  13   0.0181   0.0099   0.0195   0.0080   0.0096   0.0131   0.20    1.1
2026/04/23 07:41:38.300   3509392.0006    779127.5385   5250986.4452   2  13   0.0180   0.0099   0.0195   0.0079   0.0096   0.0131   0.30    1.2
2026/04/23 07:41:38.400   3509391.9255    779127.6116   5250986.4878   2  13   0.0180   0.0099   0.0194   0.0079   0.0096   0.0130   0.40    1.1
2026/04/23 07:41:38.500   3509391.8391    779127.6837   5250986.5352   2  13   0.0179   0.0099   0.0194   0.0078   0.0096   0.0130  -0.50    1.4
2026/04/23 07:41:38.600   3509391.7677    779127.7589   5250986.5691   2  13   0.0179   0.0099   0.0194   0.0078   0.0095   0.0129  -0.40    1.1
2026/04/23 07:41:38.700   3509391.6947    779127.8335   5250986.6051   2  12   0.0180   0.0099   0.0195   0.0077   0.0096   0.0126  -0.30    1.3
2026/04/23 07:41:38.800   3509391.6175    779127.9118   5250986.6425   2  13   0.0178   0.0099   0.0194   0.0077   0.0095   0.0127  -0.20    1.2
2026/04/23 07:41:38.900   3509391.5375    779127.9940   5250986.6860   2  13   0.0178   0.0099   0.0193   0.0077   0.0095   0.0127  -0.10    1.5
2026/04/23 07:41:39.000   3509391.4743    779128.0782   5250986.7184   2  13   0.0178   0.0099   0.0194   0.0077   0.0095   0.0125   0.00    1.0
2026/04/23 07:41:39.100   3509391.4075    779128.1641   5250986.7482   2  13   0.0178   0.0098   0.0195   0.0076   0.0095   0.0123   0.10    1.0
2026/04/23 07:41:39.200   3509391.3399    779128.2518   5250986.7770   2  13   0.0178   0.0098   0.0196   0.0076   0.0095   0.0122   0.20    1.0
2026/04/23 07:41:39.300   3509391.2715    779128.3381   5250986.8054   2  13   0.0178   0.0098   0.0196   0.0075   0.0095   0.0122   0.30    1.0
2026/04/23 07:41:39.400   3509391.2029    779128.4307   5250986.8323   2  13   0.0179   0.0098   0.0198   0.0075   0.0095   0.0118   0.40    1.1
2026/04/23 07:41:39.500   3509391.1421    779128.5231   5250986.8584   2  13   0.0180   0.0098   0.0200   0.0075   0.0095   0.0116  -0.50    1.2
2026/04/23 07:41:39.600   3509391.0883    779128.6187   5250986.8749   2  13   0.0179   0.0098   0.0200   0.0075   0.0095   0.0116  -0.40    1.2
2026/04/23 07:41:39.700   3509391.0440    779128.7129   5250986.8890   2  13   0.0179   0.0098   0.0200   0.0075   0.0095   0.0116  -0.30    1.3
2026/04/23 07:41:39.800   3509391.0023    779128.8079   5250986.8985   2  13   0.0178   0.0098   0.0200   0.0075   0.0095   0.0117  -0.20    1.3
2026/04/23 07:41:39.900   3509390.9610    779128.9145   5250986.9077   2  13   0.0177   0.0098   0.0199   0.0075   0.0095   0.0118  -0.10    1.6
2026/04/23 07:41:40.000   3509390.9289    779129.0217   5250986.9137   2  13   0.0176   0.0098   0.0198   0.0075   0.0094   0.0119   0.00    1.4
2026/04/23 07:41:40.100   3509390.9001    779129.1306   5250986.9098   2  13   0.0175   0.0098   0.0198   0.0074   0.0094   0.0119   0.10    1.5
2026/04/23 07:41:40.200   3509390.8772    779129.2461   5250986.9057   2  13   0.0176   0.0098   0.0198   0.0075   0.0094   0.0119   0.20    1.1
2026/04/23 07:41:40.300   3509390.8518    779129.3604   5250986.9060   2  13   0.0176   0.0098   0.0198   0.0075   0.0094   0.0118   0.30    1.1
2026/04/23 07:41:40.400   3509390.8263    779129.4764   5250986.9042   2  13   0.0176   0.0098   0.0198   0.0075   0.0094   0.0118   0.40    1.0
2026/04/23 07:41:40.500   3509390.8096    779129.5951   5250986.8946   2  13   0.0176   0.0098   0.0197   0.0074   0.0094   0.0118  -0.50    1.1
2026/04/23 07:41:40.600   3509390.7980    779129.7104   5250986.8833   2  13   0.0176   0.0098   0.0197   0.0074   0.0094   0.0118  -0.40    1.1
2026/04/23 07:41:40.700   3509390.7665    779129.8215   5250986.8857   2  13   0.0176   0.0098   0.0197   0.0074   0.0093   0.0118  -0.30    1.2
2026/04/23 07:41:40.800   3509390.7350    779129.9254   5250986.8881   2  13   0.0176   0.0098   0.0196   0.0074   0.0093   0.0119  -0.20    1.3
2026/04/23 07:41:40.900   3509390.7058    779130.0349   5250986.8894   2  12   0.0176   0.0098   0.0196   0.0074   0.0093   0.0118  -0.10    1.6
2026/04/23 07:41:41.000   3509390.6814    779130.1409   5250986.8914   2  12   0.0176   0.0098   0.0196   0.0074   0.0093   0.0118   0.00    1.6
2026/04/23 07:41:41.100   3509390.6571    779130.2495   5250986.8905   2  12   0.0176   0.0098   0.0196   0.0074   0.0093   0.0118   0.10    1.2
2026/04/23 07:41:41.200   3509390.6363    779130.3610   5250986.8894   2  12   0.0176   0.0098   0.0196   0.0074   0.0093   0.0117   0.20    1.7
2026/04/23 07:41:41.300   3509390.6163    779130.4719   5250986.8882   2  12   0.0176   0.0098   0.0196   0.0074   0.0093   0.0117   0.30    1.7
2026/04/23 07:41:41.400   3509390.5897    779130.5793   5250986.8923   2  12   0.0176   0.0098   0.0196   0.0074   0.0093   0.0117   0.40    1.7
2026/04/23 07:41:41.500   3509390.5619    779130.6867   5250986.8918   2  12   0.0176   0.0098   0.0196   0.0074   0.0093   0.0117  -0.50    1.6
2026/04/23 07:41:41.600   3509390.5358    779130.7949   5250986.8924   2  12   0.0176   0.0098   0.0196   0.0074   0.0093   0.0117  -0.40    1.7
2026/04/23 07:41:41.700   3509390.5083    779130.9011   5250986.8959   2  12   0.0176   0.0098   0.0196   0.0074   0.0093   0.0117  -0.30    1.5
2026/04/23 07:41:41.800   3509390.4737    779131.0118   5250986.8998   2  12   0.0176   0.0098   0.0196   0.0074   0.0093   0.0117  -0.20    1.7
2026/04/23 07:41:41.900   3509390.4601    779131.1219   5250986.8913   2  12   0.0176   0.0097   0.0196   0.0074   0.0093   0.0117  -0.10    2.1
2026/04/23 07:41:42.000   3509390.4452    779131.2301   5250986.8846   2  12   0.0176   0.0097   0.0196   0.0074   0.0093   0.0117   0.00    1.7
2026/04/23 07:41:42.100   3509390.4191    779131.3402   5250986.8847   2  12   0.0176   0.0097   0.0195   0.0074   0.0093   0.0117   0.10    1.4
2026/04/23 07:41:42.200   3509390.3983    779131.4513   5250986.8821   2  12   0.0179   0.0099   0.0196   0.0078   0.0094   0.0119   0.20    1.0
2026/04/23 07:41:42.300   3509390.3797    779131.5659   5250986.8762   2  12   0.0182   0.0101   0.0196   0.0082   0.0095   0.0120   0.30    1.0
2026/04/23 07:41:42.400   3509390.3610    779131.6788   5250986.8723   2  13   0.0185   0.0102   0.0197   0.0084   0.0096   0.0122   0.40    1.0
2026/04/23 07:41:42.500   3509390.3515    779131.7929   5250986.8578   2  13   0.0186   0.0102   0.0197   0.0086   0.0097   0.0124  -0.50    1.0
2026/04/23 07:41:42.600   3509390.3460    779131.9149   5250986.8462   2  13   0.0187   0.0102   0.0198   0.0086   0.0098   0.0125  -0.40    1.0
2026/04/23 07:41:42.700   3509390.3334    779132.0352   5250986.8369   2  13   0.0188   0.0102   0.0198   0.0086   0.0098   0.0127  -0.30    1.0
2026/04/23 07:41:42.800   3509390.3348    779132.1439   5250986.8298   2  13   0.0188   0.0101   0.0198   0.0085   0.0098   0.0128  -0.20    1.1
2026/04/23 07:41:42.900   3509390.3364    779132.2539   5250986.8157   2  13   0.0187   0.0101   0.0199   0.0085   0.0098   0.0129  -0.10    1.1
2026/04/23 07:41:43.000   3509390.3378    779132.3631   5250986.8047   2  13   0.0187   0.0100   0.0199   0.0084   0.0098   0.0130   0.00    1.0
2026/04/23 07:41:43.100   3509390.3243    779132.4693   5250986.7924   2  13   0.0186   0.0100   0.0199   0.0083   0.0098   0.0131   0.10    1.1
2026/04/23 07:41:43.200   3509390.3148    779132.5826   5250986.7817   2  13   0.0185   0.0100   0.0199   0.0082   0.0098   0.0131   0.20    1.1
2026/04/23 07:41:43.300   3509390.3174    779132.6880   5250986.7653   2  13   0.0184   0.0099   0.0198   0.0082   0.0098   0.0131   0.30    1.1
2026/04/23 07:41:43.400   3509390.3081    779132.7924   5250986.7585   2  13   0.0184   0.0099   0.0198   0.0081   0.0097   0.0131   0.40    1.1
2026/04/23 07:41:43.500   3509390.2998    779132.8988   5250986.7578   2  13   0.0183   0.0099   0.0198   0.0081   0.0097   0.0131  -0.50    1.1
2026/04/23 07:41:43.600   3509390.2945    779133.0058   5250986.7507   2  13   0.0182   0.0099   0.0197   0.0080   0.0097   0.0131  -0.40    1.2
2026/04/23 07:41:43.700   3509390.2933    779133.1116   5250986.7404   2  13   0.0182   0.0099   0.0197   0.0080   0.0097   0.0131  -0.30    1.1
2026/04/23 07:41:43.800   3509390.2957    779133.2206   5250986.7205   2  13   0.0181   0.0099   0.0197   0.0080   0.0096   0.0130  -0.20    1.2
2026/04/23 07:41:43.900   3509390.2963    779133.3285   5250986.7088   2  13   0.0180   0.0099   0.0196   0.0079   0.0096   0.0130  -0.10    1.2
2026/04/23 07:41:44.000   3509390.2949    779133.4283   5250986.6943   2  13   0.0180   0.0099   0.0196   0.0079   0.0096   0.0129   0.00    1.1
2026/04/23 07:41:44.100   3509390.2872    779133.5247   5250986.6919   2  13   0.0179   0.0098   0.0195   0.0079   0.0096   0.0129   0.10    1.2
2026/04/23 07:41:44.200   3509390.2867    779133.6185   5250986.6764   2  13   0.0179   0.0098   0.0195   0.0078   0.0095   0.0128   0.20    1.2
2026/04/23 07:41:44.300   3509390.2875    779133.7174   5250986.6618   2  13   0.0178   0.0098   0.0194   0.0078   0.0095   0.0128   0.30    1.1
2026/04/23 07:41:44.400   3509390.2867    779133.8175   5250986.6471   2  13   0.0178   0.0098   0.0194   0.0078   0.0095   0.0127   0.40    1.2
2026/04/23 07:41:44.500   3509390.2859    779133.9230   5250986.6318   2  13   0.0178   0.0098   0.0194   0.0077   0.0095   0.0127  -0.50    1.3
2026/04/23 07:41:44.600   3509390.2778    779134.0228   5250986.6248   2  13   0.0177   0.0098   0.0194   0.0077   0.0095   0.0126  -0.40    1.2
2026/04/23 07:41:44.700   3509390.2815    779134.1183   5250986.6101   2  13   0.0177   0.0098   0.0193   0.0077   0.0094   0.0126  -0.30    1.3
2026/04/23 07:41:44.800   3509390.2779    779134.2108   5250986.6009   2  13   0.0177   0.0098   0.0193   0.0077   0.0094   0.0125  -0.20    1.1
2026/04/23 07:41:44.900   3509390.2780    779134.3041   5250986.5889   2  13   0.0176   0.0098   0.0193   0.0076   0.0094   0.0125  -0.10    1.2
2026/04/23 07:41:45.000   3509390.2774    779134.4026   5250986.5777   2  13   0.0176   0.0098   0.0192   0.0076   0.0094   0.0125   0.00    1.2
2026/04/23 07:41:45.100   3509390.2852    779134.5033   5250986.5580   2  13   0.0176   0.0098   0.0192   0.0076   0.0094   0.0124   0.10    1.3
2026/04/23 07:41:45.200   3509390.2901    779134.6040   5250986.5403   2  13   0.0175   0.0098   0.0192   0.0076   0.0094   0.0124   0.20    1.2
2026/04/23 07:41:45.300   3509390.2922    779134.7041   5250986.5226   2  13   0.0175   0.0098   0.0192   0.0076   0.0094   0.0124   0.30    1.0
2026/04/23 07:41:45.400   3509390.3000    779134.8011   5250986.4976   2  13   0.0175   0.0098   0.0192   0.0075   0.0093   0.0124   0.40    1.2
2026/04/23 07:41:45.500   3509390.3095    779134.8991   5250986.4728   2  13   0.0175   0.0098   0.0192   0.0075   0.0093   0.0123  -0.50    1.2
2026/04/23 07:41:45.600   3509390.3162    779134.9901   5250986.4498   2  13   0.0175   0.0098   0.0191   0.0075   0.0093   0.0123  -0.40    1.2
2026/04/23 07:41:45.700   3509390.3177    779135.0803   5250986.4379   2  13   0.0174   0.0098   0.0191   0.0075   0.0093   0.0123  -0.30    1.2
2026/04/23 07:41:45.800   3509390.3150    779135.1699   5250986.4248   2  13   0.0174   0.0098   0.0191   0.0075   0.0093   0.0123  -0.20    1.4
2026/04/23 07:41:45.900   3509390.3208    779135.2612   5250986.4108   2  13   0.0174   0.0098   0.0191   0.0075   0.0093   0.0123  -0.10    1.3
2026/04/23 07:41:46.000   3509390.3152    779135.3565   5250986.4063   2  13   0.0174   0.0098   0.0191   0.0075   0.0093   0.0123   0.00    1.2
2026/04/23 07:41:46.100   3509390.3173    779135.4503   5250986.3910   2  13   0.0174   0.0097   0.0191   0.0075   0.0093   0.0123   0.10    1.1
2026/04/23 07:41:46.200   3509390.3216    779135.5445   5250986.3795   2  13   0.0174   0.0097   0.0191   0.0075   0.0093   0.0123   0.20    1.2
2026/04/23 07:41:46.300   3509390.3242    779135.6439   5250986.3617   2  13   0.0174   0.0097   0.0191   0.0075   0.0093   0.0123   0.30    1.1
2026/04/23 07:41:46.400   3509390.3275    779135.7431   5250986.3449   2  13   0.0174   0.0098   0.0191   0.0075   0.0093   0.0122   0.40    1.4
2026/04/23 07:41:46.500   3509390.3351    779135.8439   5250986.3267   2  13   0.0174   0.0098   0.0191   0.0074   0.0093   0.0122  -0.50    1.3
2026/04/23 07:41:46.600   3509390.3384    779135.9439   5250986.3068   2  13   0.0174   0.0098   0.0191   0.0074   0.0093   0.0122  -0.40    1.1
2026/04/23 07:41:46.700   3509390.3351    779136.0424   5250986.2977   2  13   0.0173   0.0097   0.0191   0.0074   0.0093   0.0122  -0.30    1.3
2026/04/23 07:41:46.800   3509390.3305    779136.1413   5250986.2862   2  13   0.0173   0.0097   0.0190   0.0074   0.0093   0.0122  -0.20    1.3
2026/04/23 07:41:46.900   3509390.3271    779136.2376   5250986.2729   2  13   0.0173   0.0097   0.0190   0.0074   0.0093   0.0122  -0.10    1.2
2026/04/23 07:41:47.000   3509390.3359    779136.3338   5250986.2544   2  13   0.0173   0.0097   0.0190   0.0074   0.0093   0.0122   0.00    1.3
2026/04/23 07:41:47.100   3509390.3406    779136.4282   5250986.2357   2  13   0.0173   0.0097   0.0190   0.0074   0.0093   0.0122   0.10    1.4
2026/04/23 07:41:47.200   3509390.3459    779136.5235   5250986.2172   2  13   0.0173   0.0097   0.0190   0.0074   0.0093   0.0122   0.20    1.3
2026/04/23 07:41:47.300   3509390.3489    779136.6199   5250986.1993   2  13   0.0173   0.0097   0.0190   0.0074   0.0093   0.0122   0.30    1.2
2026/04/23 07:41:47.400   3509390.3537    779136.7168   5250986.1838   2  13   0.0173   0.0097   0.0190   0.0074   0.0093   0.0122   0.40    1.1
2026/04/23 07:41:47.500   3509390.3554    779136.8143   5250986.1654   2  13   0.0173   0.0097   0.0190   0.0074   0.0093   0.0122  -0.50    1.2
2026/04/23 07:41:47.600   3509390.3593    779136.9038   5250986.1427   2  13   0.0173   0.0097   0.0190   0.0074   0.0093   0.0122  -0.40    1.1
2026/04/23 07:41:47.700   3509390.3662    779136.9944   5250986.1252   2  13   0.0173   0.0097   0.0190   0.0074   0.0093   0.0122  -0.30    1.4
2026/04/23 07:41:47.800   3509390.3706    779137.0816   5250986.1100   2  13   0.0173   0.0097   0.0190   0.0074   0.0093   0.0122  -0.20    1.2
2026/04/23 07:41:47.900   3509390.3728    779137.1813   5250986.0920   2  13   0.0173   0.0097   0.0190   0.0074   0.0093   0.0122  -0.10    1.2
2026/04/23 07:41:48.000   3509390.3769    779137.2801   5250986.0703   2  13   0.0173   0.0097   0.0190   0.0074   0.0093   0.0122   0.00    1.2
2026/04/23 07:41:48.100   3509390.3839    779137.3718   5250986.0479   2  13   0.0173   0.0097   0.0190   0.0074   0.0093   0.0122   0.10    1.3
2026/04/23 07:41:48.200   3509390.3879    779137.4624   5250986.0324   2  13   0.0173   0.0097   0.0190   0.0074   0.0093   0.0122   0.20    1.3
2026/04/23 07:41:48.300   3509390.3877    779137.5579   5250986.0155   2  13   0.0173   0.0097   0.0190   0.0074   0.0093   0.0122   0.30    1.2
2026/04/23 07:41:48.400   3509390.3898    779137.6534   5250985.9989   2  13   0.0173   0.0097   0.0190   0.0074   0.0093   0.0122   0.40    1.5
2026/04/23 07:41:48.500   3509390.3924    779137.7485   5250985.9825   2  13   0.0173   0.0097   0.0190   0.0074   0.0093   0.0122  -0.50    1.3
2026/04/23 07:41:48.600   3509390.3981    779137.8440   5250985.9606   2  13   0.0173   0.0097   0.0190   0.0074   0.0093   0.0122  -0.40    1.1
2026/04/23 07:41:48.700   3509390.3951    779137.9398   5250985.9439   2  13   0.0173   0.0097   0.0190   0.0074   0.0092   0.0122  -0.30    1.1
2026/04/23 07:41:48.800   3509390.4017    779138.0374   5250985.9261   2  13   0.0173   0.0097   0.0190   0.0074   0.0092   0.0122  -0.20    1.2
2026/04/23 07:41:48.900   3509390.4116    779138.1336   5250985.9106   2  13   0.0173   0.0097   0.0190   0.0074   0.0092   0.0122  -0.10    1.1
2026/04/23 07:41:49.000   3509390.4192    779138.2283   5250985.8915   2  13   0.0173   0.0097   0.0190   0.0074   0.0092   0.0122   0.00    1.3
2026/04/23 07:41:49.100   3509390.4272    779138.3245   5250985.8719   2  13   0.0173   0.0097   0.0190   0.0074   0.0092   0.0122   0.10    1.1
2026/04/23 07:41:49.200   3509390.4355    779138.4185   5250985.8578   2  13   0.0173   0.0097   0.0190   0.0074   0.0092   0.0122   0.20    1.3
2026/04/23 07:41:49.300   3509390.4423    779138.5139   5250985.8383   2  13   0.0173   0.0097   0.0190   0.0074   0.0092   0.0122   0.30    1.1
2026/04/23 07:41:49.400   3509390.4658    779138.6127   5250985.8127   2  13   0.0173   0.0097   0.0190   0.0074   0.0092   0.0122   0.40    1.3
2026/04/23 07:41:49.500   3509390.4775    779138.7108   5250985.7961   2  13   0.0173   0.0097   0.0190   0.0074   0.0092   0.0122  -0.50    1.3
2026/04/23 07:41:49.600   3509390.4859    779138.8031   5250985.7739   2  13   0.0173   0.0097   0.0190   0.0074   0.0092   0.0122  -0.40    1.2
2026/04/23 07:41:49.700   3509390.4955    779138.8938   5250985.7532   2  13   0.0173   0.0097   0.0190   0.0074   0.0092   0.0122  -0.30    1.5
2026/04/23 07:41:49.800   3509390.5001    779138.9847   5250985.7328   2  13   0.0173   0.0097   0.0190   0.0074   0.0092   0.0122  -0.20    1.3
2026/04/23 07:41:49.900   3509390.5032    779139.0781   5250985.7131   2  13   0.0173   0.0097   0.0190   0.0074   0.0092   0.0122  -0.10    1.1
2026/04/23 07:41:50.000   3509390.5094    779139.1715   5250985.6919   2  13   0.0173   0.0097   0.0190   0.0074   0.0092   0.0122   0.00    1.1
2026/04/23 07:41:50.100   3509390.5142    779139.2682   5250985.6741   2  13   0.0173   0.0097   0.0190   0.0074   0.0092   0.0122   0.10    1.1
2026/04/23 07:41:50.200   3509390.5179    779139.3631   5250985.6569   2  13   0.0173   0.0097   0.0190   0.0074   0.0092   0.0122   0.20    1.0
2026/04/23 07:41:50.300   3509390.5155    779139.4598   5250985.6433   2  13   0.0173   0.0097   0.0190   0.0074   0.0092   0.0122   0.30    1.3
2026/04/23 07:41:50.400   3509390.5169    779139.5608   5250985.6307   2  13   0.0173   0.0097   0.0190   0.0074   0.0092   0.0122   0.40    1.0
2026/04/23 07:41:50.500   3509390.5187    779139.6595   5250985.6131   2  13   0.0173   0.0097   0.0190   0.0074   0.0092   0.0122  -0.50    1.3
2026/04/23 07:41:50.600   3509390.5250    779139.7595   5250985.5938   2  13   0.0173   0.0097   0.0190   0.0074   0.0092   0.0122  -0.40    1.1
2026/04/23 07:41:50.700   3509390.5327    779139.8579   5250985.5720   2  13   0.0173   0.0097   0.0190   0.0074   0.0092   0.0122  -0.30    1.3
2026/04/23 07:41:50.800   3509390.5445    779139.9540   5250985.5499   2  13   0.0172   0.0097   0.0190   0.0074   0.0092   0.0122  -0.20    1.3
2026/04/23 07:41:50.900   3509390.5526    779140.0517   5250985.5317   2  13   0.0172   0.0097   0.0190   0.0074   0.0092   0.0122  -0.10    1.2
2026/04/23 07:41:51.000   3509390.5521    779140.1489   5250985.5231   2  13   0.0172   0.0097   0.0190   0.0074   0.0092   0.0122   0.00    1.6
2026/04/23 07:41:51.100   3509390.5592    779140.2444   5250985.5089   2  13   0.0172   0.0097   0.0190   0.0074   0.0092   0.0122   0.10    1.3
2026/04/23 07:41:51.200   3509390.5622    779140.3407   5250985.4963   2  13   0.0172   0.0097   0.0190   0.0074   0.0092   0.0122   0.20    1.1
2026/04/23 07:41:51.300   3509390.5705    779140.4320   5250985.4745   2  13   0.0172   0.0097   0.0190   0.0074   0.0092   0.0122   0.30    1.1
2026/04/23 07:41:51.400   3509390.5841    779140.5273   5250985.4567   2  13   0.0172   0.0097   0.0190   0.0074   0.0092   0.0122   0.40    1.1
2026/04/23 07:41:51.500   3509390.5977    779140.6188   5250985.4359   2  13   0.0172   0.0097   0.0190   0.0074   0.0092   0.0122  -0.50    1.0
2026/04/23 07:41:51.600   3509390.6034    779140.7120   5250985.4219   2  13   0.0172   0.0097   0.0190   0.0074   0.0092   0.0122  -0.40    1.3
2026/04/23 07:41:51.700   3509390.6103    779140.8053   5250985.3986   2  13   0.0172   0.0097   0.0190   0.0074   0.0092   0.0122  -0.30    1.0
2026/04/23 07:41:51.800   3509390.6269    779140.8931   5250985.3756   2  13   0.0172   0.0097   0.0190   0.0074   0.0092   0.0122  -0.20    1.4
2026/04/23 07:41:51.900   3509390.6369    779140.9849   5250985.3555   2  13   0.0172   0.0097   0.0190   0.0074   0.0092   0.0122  -0.10    1.0
2026/04/23 07:41:52.000   3509390.6417    779141.0766   5250985.3390   2  13   0.0172   0.0097   0.0190   0.0074   0.0092   0.0122   0.00    1.2
2026/04/23 07:41:52.100   3509390.6441    779141.1734   5250985.3230   2  13   0.0172   0.0097   0.0190   0.0074   0.0092   0.0122   0.10    1.4
2026/04/23 07:41:52.200   3509390.6394    779141.2731   5250985.3106   2  13   0.0172   0.0097   0.0189   0.0074   0.0092   0.0122   0.20    1.1
2026/04/23 07:41:52.300   3509390.6346    779141.3755   5250985.3010   2  13   0.0172   0.0097   0.0190   0.0074   0.0092   0.0122   0.30    1.6
2026/04/23 07:41:52.400   3509390.6358    779141.4776   5250985.2863   2  13   0.0172   0.0097   0.0190   0.0074   0.0092   0.0122   0.40    1.4
2026/04/23 07:41:52.500   3509390.6359    779141.5795   5250985.2700   2  13   0.0172   0.0097   0.0190   0.0074   0.0092   0.0122  -0.50    1.1
2026/04/23 07:41:52.600   3509390.6352    779141.6810   5250985.2512   2  13   0.0172   0.0097   0.0190   0.0074   0.0092   0.0122  -0.40    1.0
2026/04/23 07:41:52.700   3509390.6434    779141.7834   5250985.2301   2  13   0.0172   0.0097   0.0190   0.0074   0.0092   0.0122  -0.30    1.1
2026/04/23 07:41:52.800   3509390.6418    779141.8833   5250985.2114   2  13   0.0172   0.0097   0.0189   0.0074   0.0092   0.0122  -0.20    1.0
2026/04/23 07:41:52.900   3509390.6515    779141.9806   5250985.1888   2  13   0.0172   0.0097   0.0189   0.0074   0.0092   0.0122  -0.10    1.3
2026/04/23 07:41:53.000   3509390.6611    779142.0778   5250985.1707   2  13   0.0172   0.0097   0.0189   0.0074   0.0092   0.0122   0.00    1.1
2026/04/23 07:41:53.100   3509390.6685    779142.1752   5250985.1499   2  13   0.0172   0.0097   0.0189   0.0074   0.0092   0.0122   0.10    1.5
2026/04/23 07:41:53.200   3509390.6680    779142.2719   5250985.1329   2  13   0.0172   0.0097   0.0189   0.0074   0.0092   0.0122   0.20    1.0
2026/04/23 07:41:53.300   3509390.6670    779142.3685   5250985.1155   2  13   0.0172   0.0097   0.0189   0.0074   0.0092   0.0122   0.30    1.2
2026/04/23 07:41:53.400   3509390.6728    779142.4617   5250985.0970   2  13   0.0172   0.0097   0.0189   0.0074   0.0092   0.0122   0.40    1.4
2026/04/23 07:41:53.500   3509390.6680    779142.5569   5250985.0834   2  13   0.0172   0.0097   0.0189   0.0074   0.0092   0.0122  -0.50    1.1
2026/04/23 07:41:53.600   3509390.6545    779142.6499   5250985.0764   2  13   0.0172   0.0097   0.0189   0.0074   0.0092   0.0122  -0.40    1.7
2026/04/23 07:41:53.700   3509390.6484    779142.7464   5250985.0658   2  13   0.0172   0.0097   0.0189   0.0074   0.0092   0.0122  -0.30    1.8
2026/04/23 07:41:53.800   3509390.6465    779142.8474   5250985.0506   2  13   0.0172   0.0097   0.0189   0.0074   0.0092   0.0122  -0.20    1.7
2026/04/23 07:41:53.900   3509390.6517    779142.9430   5250985.0328   2  13   0.0172   0.0097   0.0189   0.0074   0.0092   0.0122  -0.10    1.6
2026/04/23 07:41:54.000   3509390.6586    779143.0373   5250985.0177   2  13   0.0172   0.0097   0.0189   0.0074   0.0092   0.0122   0.00    1.7
2026/04/23 07:41:54.100   3509390.6598    779143.1320   5250985.0026   2  13   0.0172   0.0097   0.0189   0.0074   0.0092   0.0122   0.10    1.7
2026/04/23 07:41:54.200   3509390.6603    779143.2332   5250984.9921   2  13   0.0172   0.0097   0.0189   0.0074   0.0092   0.0122   0.20    1.7
2026/04/23 07:41:54.300   3509390.6717    779143.3296   5250984.9739   2  13   0.0172   0.0097   0.0189   0.0074   0.0092   0.0122   0.30    1.7
2026/04/23 07:41:54.400   3509390.6781    779143.4290   5250984.9523   2  13   0.0172   0.0097   0.0189   0.0074   0.0092   0.0122   0.40    1.7
2026/04/23 07:41:54.500   3509390.6953    779143.5203   5250984.9307   2  13   0.0172   0.0097   0.0189   0.0074   0.0092   0.0122  -0.50    1.5
2026/04/23 07:41:54.600   3509390.7013    779143.6115   5250984.9144   2  13   0.0172   0.0097   0.0189   0.0074   0.0092   0.0122  -0.40    1.2
2026/04/23 07:41:54.700   3509390.7125    779143.7049   5250984.8908   2  13   0.0172   0.0097   0.0189   0.0074   0.0092   0.0122  -0.30    1.2
2026/04/23 07:41:54.800   3509390.7251    779143.8020   5250984.8719   2  13   0.0172   0.0097   0.0189   0.0074   0.0092   0.0122  -0.20    1.2
2026/04/23 07:41:54.900   3509390.7314    779143.8984   5250984.8534   2  13   0.0172   0.0097   0.0189   0.0074   0.0092   0.0122  -0.10    1.4
2026/04/23 07:41:55.000   3509390.7447    779143.9938   5250984.8339   2  13   0.0172   0.0097   0.0189   0.0074   0.0092   0.0122   0.00    1.1
2026/04/23 07:41:55.100   3509390.7494    779144.0942   5250984.8213   2  13   0.0172   0.0097   0.0189   0.0074   0.0092   0.0122   0.10    1.2
2026/04/23 07:41:55.200   3509390.7528    779144.1934   5250984.8080   2  13   0.0172   0.0097   0.0189   0.0074   0.0092   0.0122   0.20    1.4
2026/04/23 07:41:55.300   3509390.7655    779144.2870   5250984.7910   2  13   0.0172   0.0097   0.0189   0.0074   0.0092   0.0122   0.30    1.1
2026/04/23 07:41:55.400   3509390.7798    779144.3841   5250984.7683   2  13   0.0172   0.0097   0.0189   0.0074   0.0092   0.0122   0.40    1.7
2026/04/23 07:41:55.500   3509390.7976    779144.4768   5250984.7461   2  13   0.0172   0.0097   0.0189   0.0074   0.0092   0.0122  -0.50    1.9
2026/04/23 07:41:55.600   3509390.8048    779144.5664   5250984.7327   2  13   0.0172   0.0097   0.0189   0.0074   0.0092   0.0122  -0.40    1.7
2026/04/23 07:41:55.700   3509390.8151    779144.6584   5250984.7131   2  13   0.0172   0.0097   0.0189   0.0074   0.0092   0.0122  -0.30    1.6
2026/04/23 07:41:55.800   3509390.8206    779144.7540   5250984.6919   2  13   0.0172   0.0097   0.0189   0.0074   0.0092   0.0122  -0.20    1.7
2026/04/23 07:41:55.900   3509390.8285    779144.8514   5250984.6737   2  13   0.0172   0.0097   0.0189   0.0074   0.0092   0.0122  -0.10    1.6
2026/04/23 07:41:56.000   3509390.8252    779144.9564   5250984.6635   2  13   0.0172   0.0097   0.0189   0.0074   0.0092   0.0122   0.00    1.7
2026/04/23 07:41:56.100   3509390.8243    779145.0557   5250984.6511   2  13   0.0172   0.0097   0.0189   0.0074   0.0092   0.0122   0.10    1.7
2026/04/23 07:41:56.200   3509390.8350    779145.1599   5250984.6295   2  13   0.0172   0.0097   0.0189   0.0074   0.0092   0.0122   0.20    1.7
2026/04/23 07:41:56.300   3509390.8521    779145.2596   5250984.6009   2  13   0.0172   0.0097   0.0189   0.0074   0.0092   0.0122   0.30    1.4
2026/04/23 07:41:56.400   3509390.8682    779145.3579   5250984.5810   2  13   0.0172   0.0097   0.0189   0.0074   0.0092   0.0122   0.40    1.1
2026/04/23 07:41:56.500   3509390.8753    779145.4532   5250984.5573   2  13   0.0172   0.0097   0.0189   0.0073   0.0092   0.0122  -0.50    1.2
2026/04/23 07:41:56.600   3509390.8755    779145.5417   5250984.5433   2  13   0.0172   0.0097   0.0189   0.0073   0.0092   0.0122  -0.40    1.3
2026/04/23 07:41:56.700   3509390.8729    779145.6345   5250984.5235   2  13   0.0172   0.0097   0.0189   0.0074   0.0092   0.0122  -0.30    1.4
2026/04/23 07:41:56.800   3509390.8709    779145.7344   5250984.5114   2  13   0.0172   0.0097   0.0189   0.0074   0.0092   0.0122  -0.20    1.1
2026/04/23 07:41:56.900   3509390.8775    779145.8318   5250984.4923   2  13   0.0172   0.0097   0.0189   0.0074   0.0092   0.0122  -0.10    1.1
2026/04/23 07:41:57.000   3509390.8750    779145.9303   5250984.4768   2  13   0.0172   0.0097   0.0189   0.0074   0.0092   0.0122   0.00    1.4
2026/04/23 07:41:57.100   3509390.8658    779146.0301   5250984.4632   2  13   0.0172   0.0097   0.0189   0.0074   0.0092   0.0122   0.10    1.1
2026/04/23 07:41:57.200   3509390.8613    779146.1245   5250984.4469   2  13   0.0172   0.0097   0.0189   0.0074   0.0092   0.0122   0.20    1.7
2026/04/23 07:41:57.300   3509390.8654    779146.2163   5250984.4315   2  13   0.0172   0.0097   0.0189   0.0074   0.0092   0.0122   0.30    1.9
2026/04/23 07:41:57.400   3509390.8733    779146.3068   5250984.4101   2  13   0.0172   0.0097   0.0189   0.0073   0.0092   0.0122   0.40    1.7
2026/04/23 07:41:57.500   3509390.8769    779146.3930   5250984.3933   2  13   0.0172   0.0097   0.0189   0.0073   0.0092   0.0122  -0.50    1.6
2026/04/23 07:41:57.600   3509390.8755    779146.4834   5250984.3808   2  13   0.0172   0.0097   0.0189   0.0073   0.0092   0.0122  -0.40    1.7
2026/04/23 07:41:57.700   3509390.8724    779146.5794   5250984.3706   2  13   0.0172   0.0097   0.0189   0.0073   0.0092   0.0122  -0.30    1.5
2026/04/23 07:41:57.800   3509390.8705    779146.6794   5250984.3584   2  13   0.0172   0.0097   0.0189   0.0074   0.0092   0.0122  -0.20    1.7
2026/04/23 07:41:57.900   3509390.8733    779146.7879   5250984.3354   2  13   0.0172   0.0097   0.0189   0.0074   0.0092   0.0122  -0.10    1.6
2026/04/23 07:41:58.000   3509390.8864    779146.9003   5250984.3116   2  13   0.0172   0.0097   0.0189   0.0074   0.0092   0.0122   0.00    1.7
2026/04/23 07:41:58.100   3509390.8904    779147.0107   5250984.2899   2  13   0.0172   0.0097   0.0189   0.0074   0.0092   0.0122   0.10    1.4
2026/04/23 07:41:58.200   3509390.8920    779147.1140   5250984.2774   2  13   0.0172   0.0097   0.0189   0.0074   0.0092   0.0122   0.20    1.1
2026/04/23 07:41:58.300   3509390.8932    779147.2168   5250984.2584   2  13   0.0172   0.0097   0.0189   0.0073   0.0092   0.0122   0.30    1.1
2026/04/23 07:41:58.400   3509390.8970    779147.3135   5250984.2411   2  13   0.0172   0.0097   0.0189   0.0073   0.0092   0.0122   0.40    1.3
2026/04/23 07:41:58.500   3509390.9053    779147.4156   5250984.2227   2  13   0.0172   0.0097   0.0189   0.0073   0.0092   0.0122  -0.50    1.3
2026/04/23 07:41:58.600   3509390.9059    779147.5082   5250984.2029   2  13   0.0172   0.0097   0.0189   0.0073   0.0092   0.0122  -0.40    1.2
2026/04/23 07:41:58.700   3509390.9179    779147.6011   5250984.1831   2  13   0.0172   0.0097   0.0189   0.0073   0.0092   0.0122  -0.30    1.1
2026/04/23 07:41:58.800   3509390.9349    779147.6858   5250984.1568   2  13   0.0172   0.0097   0.0189   0.0073   0.0092   0.0122  -0.20    1.4
2026/04/23 07:41:58.900   3509390.9440    779147.7763   5250984.1319   2  13   0.0172   0.0097   0.0189   0.0074   0.0092   0.0122  -0.10    1.0
2026/04/23 07:41:59.000   3509390.9402    779147.8638   5250984.1165   2  13   0.0172   0.0097   0.0189   0.0074   0.0092   0.0122   0.00    1.7
2026/04/23 07:41:59.100   3509390.9334    779147.9579   5250984.1146   2  13   0.0172   0.0097   0.0189   0.0074   0.0092   0.0122   0.10    2.0
2026/04/23 07:41:59.200   3509390.9292    779148.0572   5250984.1037   2  13   0.0172   0.0097   0.0189   0.0073   0.0092   0.0122   0.20    1.6
2026/04/23 07:41:59.300   3509390.9305    779148.1526   5250984.0898   2  13   0.0172   0.0097   0.0189   0.0073   0.0092   0.0122   0.30    1.6
2026/04/23 07:41:59.400   3509390.9332    779148.2514   5250984.0738   2  13   0.0172   0.0097   0.0189   0.0073   0.0092   0.0122   0.40    1.6
2026/04/23 07:41:59.500   3509390.9371    779148.3485   5250984.0563   2  13   0.0172   0.0097   0.0189   0.0073   0.0092   0.0122  -0.50    1.4
2026/04/23 07:41:59.600   3509390.9401    779148.4479   5250984.0378   2  13   0.0172   0.0097   0.0189   0.0073   0.0092   0.0122  -0.40    1.6
2026/04/23 07:41:59.700   3509390.9408    779148.5480   5250984.0207   2  13   0.0174   0.0098   0.0189   0.0071   0.0093   0.0120  -0.30    1.1
2026/04/23 07:41:59.800   3509390.9470    779148.6474   5250984.0007   2  13   0.0175   0.0098   0.0190   0.0070   0.0093   0.0119  -0.20    1.1
2026/04/23 07:41:59.900   3509390.9591    779148.7409   5250983.9796   2  13   0.0176   0.0098   0.0190   0.0069   0.0093   0.0119  -0.10    1.1
2026/04/23 07:42:00.000   3509390.9666    779148.8324   5250983.9636   2  13   0.0176   0.0098   0.0190   0.0069   0.0093   0.0119   0.00    1.0
2026/04/23 07:42:00.100   3509390.9723    779148.9273   5250983.9493   2  13   0.0176   0.0098   0.0190   0.0070   0.0093   0.0119   0.10    1.1
2026/04/23 07:42:00.200   3509390.9697    779149.0229   5250983.9370   2  13   0.0175   0.0098   0.0190   0.0070   0.0093   0.0119   0.20    1.0
2026/04/23 07:42:00.300   3509390.9740    779149.1191   5250983.9232   2  13   0.0175   0.0098   0.0189   0.0070   0.0093   0.0120   0.30    1.2
2026/04/23 07:42:00.400   3509390.9789    779149.2195   5250983.9066   2  13   0.0174   0.0098   0.0189   0.0071   0.0093   0.0120   0.40    1.1
2026/04/23 07:42:00.500   3509390.9824    779149.3265   5250983.8870   2  13   0.0174   0.0098   0.0189   0.0071   0.0093   0.0120  -0.50    1.1
2026/04/23 07:42:00.600   3509390.9882    779149.4293   5250983.8657   2  13   0.0174   0.0098   0.0189   0.0072   0.0092   0.0121  -0.40    1.2
2026/04/23 07:42:00.700   3509390.9843    779149.5248   5250983.8603   2  13   0.0173   0.0097   0.0189   0.0072   0.0092   0.0121  -0.30    1.1
2026/04/23 07:42:00.800   3509390.9858    779149.6174   5250983.8481   2  13   0.0173   0.0097   0.0189   0.0072   0.0092   0.0121  -0.20    1.3
2026/04/23 07:42:00.900   3509390.9949    779149.7040   5250983.8273   2  13   0.0173   0.0097   0.0189   0.0072   0.0092   0.0121  -0.10    1.4
2026/04/23 07:42:01.000   3509390.9968    779149.8067   5250983.8096   2  13   0.0173   0.0097   0.0189   0.0072   0.0092   0.0121   0.00    1.2
2026/04/23 07:42:01.100   3509391.0047    779149.8986   5250983.7946   2  13   0.0173   0.0097   0.0189   0.0073   0.0092   0.0121   0.10    1.5
2026/04/23 07:42:01.200   3509391.0063    779149.9937   5250983.7771   2  13   0.0173   0.0097   0.0189   0.0073   0.0092   0.0121   0.20    1.1
2026/04/23 07:42:01.300   3509391.0111    779150.0844   5250983.7628   2  13   0.0173   0.0097   0.0189   0.0073   0.0092   0.0121   0.30    1.1
2026/04/23 07:42:01.400   3509391.0216    779150.1772   5250983.7463   2  13   0.0172   0.0097   0.0189   0.0073   0.0092   0.0121   0.40    1.2
2026/04/23 07:42:01.500   3509391.0292    779150.2747   5250983.7274   2  13   0.0172   0.0097   0.0189   0.0073   0.0092   0.0121  -0.50    1.0
2026/04/23 07:42:01.600   3509391.0339    779150.3713   5250983.7127   2  13   0.0172   0.0097   0.0189   0.0073   0.0092   0.0121  -0.40    1.2
2026/04/23 07:42:01.700   3509391.0372    779150.4746   5250983.6940   2  13   0.0172   0.0097   0.0189   0.0073   0.0092   0.0121  -0.30    1.0
2026/04/23 07:42:01.800   3509391.0456    779150.5710   5250983.6729   2  13   0.0172   0.0097   0.0189   0.0073   0.0092   0.0121  -0.20    1.2
2026/04/23 07:42:01.900   3509391.0503    779150.6690   5250983.6533   2  13   0.0172   0.0097   0.0189   0.0073   0.0092   0.0121  -0.10    1.2
2026/04/23 07:42:02.000   3509391.0447    779150.7729   5250983.6420   2  13   0.0172   0.0097   0.0189   0.0073   0.0092   0.0121   0.00    1.2
2026/04/23 07:42:02.100   3509391.0373    779150.8741   5250983.6327   2  13   0.0172   0.0097   0.0189   0.0073   0.0092   0.0121   0.10    1.4
2026/04/23 07:42:02.200   3509391.0396    779150.9727   5250983.6172   2  13   0.0172   0.0097   0.0189   0.0073   0.0092   0.0121   0.20    1.4
2026/04/23 07:42:02.300   3509391.0459    779151.0678   5250983.5951   2  13   0.0172   0.0097   0.0189   0.0073   0.0092   0.0121   0.30    1.3
2026/04/23 07:42:02.400   3509391.0454    779151.1614   5250983.5740   2  13   0.0172   0.0097   0.0189   0.0073   0.0092   0.0121   0.40    1.6
2026/04/23 07:42:02.500   3509391.0481    779151.2543   5250983.5599   2  13   0.0172   0.0097   0.0189   0.0073   0.0092   0.0121  -0.50    1.1
2026/04/23 07:42:02.600   3509391.0583    779151.3460   5250983.5397   2  13   0.0172   0.0097   0.0189   0.0073   0.0092   0.0121  -0.40    1.2
2026/04/23 07:42:02.700   3509391.0664    779151.4382   5250983.5165   2  13   0.0172   0.0097   0.0189   0.0073   0.0092   0.0121  -0.30    1.3
2026/04/23 07:42:02.800   3509391.0683    779151.5384   5250983.4971   2  13   0.0172   0.0097   0.0189   0.0073   0.0092   0.0121  -0.20    1.0
2026/04/23 07:42:02.900   3509391.0594    779151.6378   5250983.4879   2  13   0.0172   0.0097   0.0189   0.0073   0.0092   0.0121  -0.10    1.2
2026/04/23 07:42:03.000   3509391.0484    779151.7396   5250983.4801   2  13   0.0172   0.0097   0.0189   0.0073   0.0092   0.0121   0.00    1.0
2026/04/23 07:42:03.100   3509391.0462    779151.8383   5250983.4620   2  13   0.0172   0.0097   0.0189   0.0073   0.0092   0.0121   0.10    1.3
2026/04/23 07:42:03.200   3509391.0503    779151.9366   5250983.4414   2  13   0.0172   0.0097   0.0189   0.0073   0.0092   0.0121   0.20    1.2
2026/04/23 07:42:03.300   3509391.0559    779152.0304   5250983.4238   2  13   0.0172   0.0097   0.0189   0.0073   0.0092   0.0121   0.30    1.3
2026/04/23 07:42:03.400   3509391.0617    779152.1232   5250983.4063   2  13   0.0172   0.0097   0.0189   0.0073   0.0092   0.0121   0.40    1.3
2026/04/23 07:42:03.500   3509391.0652    779152.2197   5250983.3893   2  13   0.0172   0.0097   0.0189   0.0073   0.0092   0.0121  -0.50    1.4
2026/04/23 07:42:03.600   3509391.0705    779152.3175   5250983.3705   2  13   0.0172   0.0097   0.0189   0.0073   0.0092   0.0121  -0.40    1.3
2026/04/23 07:42:03.700   3509391.0801    779152.4129   5250983.3482   2  13   0.0172   0.0097   0.0189   0.0073   0.0092   0.0121  -0.30    1.6
2026/04/23 07:42:03.800   3509391.0879    779152.5069   5250983.3302   2  13   0.0172   0.0097   0.0189   0.0073   0.0092   0.0121  -0.20    1.1
2026/04/23 07:42:03.900   3509391.0992    779152.5983   5250983.3104   2  13   0.0172   0.0097   0.0189   0.0073   0.0092   0.0121  -0.10    1.1
2026/04/23 07:42:04.000   3509391.1038    779152.6931   5250983.2911   2  13   0.0172   0.0097   0.0189   0.0073   0.0092   0.0121   0.00    1.3
2026/04/23 07:42:04.100   3509391.1012    779152.7926   5250983.2772   2  13   0.0172   0.0097   0.0189   0.0073   0.0092   0.0121   0.10    1.1
2026/04/23 07:42:04.200   3509391.1003    779152.8928   5250983.2598   2  13   0.0172   0.0097   0.0189   0.0073   0.0092   0.0121   0.20    1.2
2026/04/23 07:42:04.300   3509391.1055    779152.9942   5250983.2426   2  13   0.0172   0.0097   0.0189   0.0073   0.0092   0.0121   0.30    1.0
2026/04/23 07:42:04.400   3509391.1030    779153.0970   5250983.2301   2  13   0.0172   0.0097   0.0189   0.0073   0.0092   0.0121   0.40    1.4
2026/04/23 07:42:04.500   3509391.1053    779153.1968   5250983.2177   2  13   0.0172   0.0097   0.0189   0.0073   0.0092   0.0121  -0.50    1.2
2026/04/23 07:42:04.600   3509391.1092    779153.2944   5250983.2005   2  13   0.0172   0.0097   0.0189   0.0073   0.0092   0.0121  -0.40    1.4
2026/04/23 07:42:04.700   3509391.1124    779153.3904   5250983.1894   2  13   0.0172   0.0097   0.0189   0.0073   0.0092   0.0121  -0.30    1.3
2026/04/23 07:42:04.800   3509391.1193    779153.4881   5250983.1709   2  13   0.0172   0.0097   0.0189   0.0073   0.0092   0.0121  -0.20    1.4
2026/04/23 07:42:04.900   3509391.1358    779153.5834   5250983.1454   2  13   0.0172   0.0097   0.0189   0.0073   0.0092   0.0121  -0.10    1.3
2026/04/23 07:42:05.000   3509391.1418    779153.6795   5250983.1310   2  13   0.0172   0.0097   0.0189   0.0073   0.0092   0.0121   0.00    1.7
2026/04/23 07:42:05.100   3509391.1463    779153.7735   5250983.1093   2  13   0.0172   0.0097   0.0189   0.0073   0.0092   0.0121   0.10    1.1
2026/04/23 07:42:05.200   3509391.1536    779153.8667   5250983.0919   2  13   0.0172   0.0097   0.0189   0.0073   0.0092   0.0121   0.20    1.1
2026/04/23 07:42:05.300   3509391.1621    779153.9629   5250983.0748   2  13   0.0172   0.0097   0.0189   0.0073   0.0092   0.0121   0.30    1.3
2026/04/23 07:42:05.400   3509391.1717    779154.0596   5250983.0561   2  13   0.0172   0.0097   0.0189   0.0073   0.0092   0.0121   0.40    1.1
2026/04/23 07:42:05.500   3509391.1830    779154.1548   5250983.0359   2  13   0.0172   0.0097   0.0189   0.0073   0.0092   0.0121  -0.50    1.2
2026/04/23 07:42:05.600   3509391.1869    779154.2543   5250983.0196   2  13   0.0172   0.0097   0.0189   0.0073   0.0092   0.0121  -0.40    1.0
2026/04/23 07:42:05.700   3509391.1947    779154.3469   5250983.0023   2  13   0.0172   0.0097   0.0189   0.0073   0.0092   0.0121  -0.30    1.4
2026/04/23 07:42:05.800   3509391.2077    779154.4372   5250982.9760   2  13   0.0172   0.0097   0.0189   0.0073   0.0092   0.0121  -0.20    1.2
2026/04/23 07:42:05.900   3509391.2134    779154.5299   5250982.9577   2  13   0.0172   0.0097   0.0189   0.0073   0.0092   0.0121  -0.10    1.3
2026/04/23 07:42:06.000   3509391.2211    779154.6234   5250982.9408   2  13   0.0172   0.0097   0.0189   0.0073   0.0092   0.0121   0.00    1.3
2026/04/23 07:42:06.100   3509391.2240    779154.7141   5250982.9255   2  13   0.0172   0.0097   0.0189   0.0073   0.0092   0.0121   0.10    1.4
2026/04/23 07:42:06.200   3509391.2356    779154.8075   5250982.9064   2  13   0.0172   0.0097   0.0189   0.0073   0.0092   0.0121   0.20    1.3
2026/04/23 07:42:06.300   3509391.2441    779154.9008   5250982.8883   2  13   0.0172   0.0097   0.0189   0.0073   0.0092   0.0121   0.30    1.7
2026/04/23 07:42:06.400   3509391.2480    779154.9951   5250982.8743   2  13   0.0172   0.0097   0.0189   0.0073   0.0092   0.0121   0.40    1.1
2026/04/23 07:42:06.500   3509391.2496    779155.0941   5250982.8574   2  13   0.0172   0.0097   0.0189   0.0073   0.0092   0.0121  -0.50    1.1
2026/04/23 07:42:06.600   3509391.2597    779155.1891   5250982.8392   2  13   0.0172   0.0097   0.0189   0.0073   0.0092   0.0121  -0.40    1.3
2026/04/23 07:42:06.700   3509391.2734    779155.2902   5250982.8161   2  13   0.0172   0.0097   0.0189   0.0073   0.0092   0.0121  -0.30    1.1
2026/04/23 07:42:06.800   3509391.2840    779155.3874   5250982.7966   2  13   0.0172   0.0097   0.0189   0.0073   0.0092   0.0121  -0.20    1.2
2026/04/23 07:42:06.900   3509391.3019    779155.4830   5250982.7710   2  13   0.0172   0.0097   0.0189   0.0073   0.0092   0.0121  -0.10    1.0
2026/04/23 07:42:07.000   3509391.3173    779155.5775   5250982.7473   2  13   0.0172   0.0097   0.0189   0.0073   0.0092   0.0121   0.00    1.4
2026/04/23 07:42:07.100   3509391.3242    779155.6686   5250982.7241   2  13   0.0172   0.0097   0.0189   0.0073   0.0092   0.0121   0.10    1.2
2026/04/23 07:42:07.200   3509391.3324    779155.7612   5250982.7005   2  13   0.0172   0.0097   0.0189   0.0073   0.0092   0.0121   0.20    1.3
2026/04/23 07:42:07.300   3509391.3324    779155.8554   5250982.6905   2  13   0.0172   0.0097   0.0189   0.0073   0.0092   0.0121   0.30    1.3
2026/04/23 07:42:07.400   3509391.3175    779155.9508   5250982.6839   2  13   0.0172   0.0097   0.0189   0.0073   0.0092   0.0121   0.40    1.4
2026/04/23 07:42:07.500   3509391.3077    779156.0465   5250982.6785   2  13   0.0172   0.0097   0.0189   0.0073   0.0092   0.0121  -0.50    1.2
2026/04/23 07:42:07.600   3509391.3104    779156.1452   5250982.6619   2  13   0.0172   0.0097   0.0189   0.0073   0.0092   0.0121  -0.40    1.7
2026/04/23 07:42:07.700   3509391.3219    779156.2435   5250982.6375   2  13   0.0172   0.0097   0.0189   0.0073   0.0092   0.0121  -0.30    1.1
2026/04/23 07:42:07.800   3509391.3281    779156.3424   5250982.6132   2  13   0.0172   0.0097   0.0189   0.0073   0.0092   0.0121  -0.20    1.1
2026/04/23 07:42:07.900   3509391.3337    779156.4361   5250982.5872   2  13   0.0172   0.0097   0.0189   0.0073   0.0092   0.0121  -0.10    1.3
2026/04/23 07:42:08.000   3509391.3389    779156.5324   5250982.5710   2  13   0.0172   0.0097   0.0189   0.0073   0.0092   0.0121   0.00    1.2
2026/04/23 07:42:08.100   3509391.3463    779156.6272   5250982.5538   2  13   0.0171   0.0097   0.0189   0.0073   0.0092   0.0121   0.10    1.2
2026/04/23 07:42:08.200   3509391.3538    779156.7170   5250982.5328   2  13   0.0171   0.0097   0.0189   0.0073   0.0092   0.0121   0.20    1.1
2026/04/23 07:42:08.300   3509391.3588    779156.8106   5250982.5097   2  13   0.0172   0.0097   0.0189   0.0073   0.0092   0.0121   0.30    1.3
2026/04/23 07:42:08.400   3509391.3620    779156.9035   5250982.4912   2  13   0.0172   0.0097   0.0189   0.0073   0.0092   0.0121   0.40    1.3
2026/04/23 07:42:08.500   3509391.3673    779156.9951   5250982.4738   2  13   0.0172   0.0097   0.0189   0.0073   0.0092   0.0121  -0.50    1.3
2026/04/23 07:42:08.600   3509391.3707    779157.0899   5250982.4577   2  13   0.0172   0.0097   0.0189   0.0073   0.0092   0.0121  -0.40    1.3
2026/04/23 07:42:08.700   3509391.3807    779157.1794   5250982.4346   2  13   0.0172   0.0097   0.0189   0.0073   0.0092   0.0121  -0.30    1.4
2026/04/23 07:42:08.800   3509391.3935    779157.2645   5250982.4097   2  13   0.0172   0.0097   0.0189   0.0073   0.0092   0.0121  -0.20    1.2
2026/04/23 07:42:08.900   3509391.3938    779157.3399   5250982.3981   2  13   0.0171   0.0097   0.0189   0.0073   0.0092   0.0121  -0.10    1.8
2026/04/23 07:42:09.000   3509391.3908    779157.4042   5250982.3946   2  13   0.0171   0.0097   0.0189   0.0073   0.0092   0.0121   0.00    1.1
2026/04/23 07:42:09.100   3509391.3897    779157.4711   5250982.3788   2  13   0.0171   0.0097   0.0189   0.0073   0.0092   0.0121   0.10    1.1
2026/04/23 07:42:09.200   3509391.3828    779157.5512   5250982.3715   2  13   0.0171   0.0097   0.0189   0.0073   0.0092   0.0121   0.20    1.2
2026/04/23 07:42:09.300   3509391.3781    779157.6329   5250982.3616   2  13   0.0171   0.0097   0.0189   0.0073   0.0092   0.0121   0.30    1.2
2026/04/23 07:42:09.400   3509391.3736    779157.7192   5250982.3611   2  13   0.0172   0.0097   0.0189   0.0073   0.0092   0.0121   0.40    1.2
2026/04/23 07:42:09.500   3509391.3634    779157.8037   5250982.3548   2  13   0.0172   0.0097   0.0189   0.0073   0.0092   0.0121  -0.50    1.1
2026/04/23 07:42:09.600   3509391.3624    779157.8933   5250982.3458   2  13   0.0172   0.0097   0.0189   0.0073   0.0092   0.0121  -0.40    1.3
2026/04/23 07:42:09.700   3509391.3602    779157.9844   5250982.3407   2  13   0.0172   0.0097   0.0189   0.0073   0.0092   0.0121  -0.30    1.3
2026/04/23 07:42:09.800   3509391.3658    779158.0727   5250982.3294   2  13   0.0171   0.0097   0.0189   0.0073   0.0092   0.0121  -0.20    1.3
2026/04/23 07:42:09.900   3509391.3696    779158.1603   5250982.3198   2  13   0.0171   0.0097   0.0189   0.0073   0.0092   0.0121  -0.10    1.2
2026/04/23 07:42:10.000   3509391.3747    779158.2458   5250982.3067   2  13   0.0171   0.0097   0.0189   0.0073   0.0092   0.0121   0.00    1.4
2026/04/23 07:42:10.100   3509391.3788    779158.3329   5250982.2921   2  13   0.0171   0.0097   0.0189   0.0073   0.0092   0.0121   0.10    1.2
2026/04/23 07:42:10.200   3509391.3816    779158.4194   5250982.2788   2  13   0.0171   0.0097   0.0189   0.0073   0.0092   0.0121   0.20    1.8
2026/04/23 07:42:10.300   3509391.3817    779158.5112   5250982.2649   2  13   0.0171   0.0097   0.0189   0.0073   0.0092   0.0121   0.30    1.1
2026/04/23 07:42:10.400   3509391.3902    779158.6000   5250982.2506   2  13   0.0171   0.0097   0.0189   0.0073   0.0092   0.0121   0.40    1.1
2026/04/23 07:42:10.500   3509391.3918    779158.6881   5250982.2371   2  13   0.0171   0.0097   0.0189   0.0073   0.0092   0.0121  -0.50    1.2
2026/04/23 07:42:10.600   3509391.3883    779158.7735   5250982.2268   2  13   0.0171   0.0097   0.0189   0.0073   0.0092   0.0121  -0.40    1.2
2026/04/23 07:42:10.700   3509391.3995    779158.8596   5250982.2050   2  13   0.0171   0.0097   0.0189   0.0073   0.0092   0.0121  -0.30    1.1
2026/04/23 07:42:10.800   3509391.4164    779158.9393   5250982.1855   2  13   0.0171   0.0097   0.0189   0.0073   0.0092   0.0121  -0.20    1.1
2026/04/23 07:42:10.900   3509391.4210    779159.0171   5250982.1694   2  13   0.0171   0.0097   0.0189   0.0073   0.0092   0.0121  -0.10    1.3
2026/04/23 07:42:11.000   3509391.4223    779159.0954   5250982.1541   2  13   0.0171   0.0097   0.0189   0.0073   0.0092   0.0121   0.00    1.3
2026/04/23 07:42:11.100   3509391.4222    779159.1710   5250982.1404   2  13   0.0171   0.0097   0.0189   0.0073   0.0092   0.0121   0.10    1.3
2026/04/23 07:42:11.200   3509391.4239    779159.2526   5250982.1292   2  13   0.0171   0.0097   0.0189   0.0073   0.0092   0.0121   0.20    1.2
2026/04/23 07:42:11.300   3509391.4206    779159.3310   5250982.1174   2  13   0.0171   0.0097   0.0189   0.0073   0.0092   0.0121   0.30    1.4
2026/04/23 07:42:11.400   3509391.4223    779159.4145   5250982.1069   2  13   0.0171   0.0097   0.0189   0.0073   0.0092   0.0121   0.40    1.2
2026/04/23 07:42:11.500   3509391.4332    779159.4985   5250982.0837   2  13   0.0171   0.0097   0.0189   0.0073   0.0092   0.0121  -0.50    1.8
2026/04/23 07:42:11.600   3509391.4388    779159.5858   5250982.0612   2  13   0.0171   0.0097   0.0189   0.0073   0.0092   0.0121  -0.40    1.1
2026/04/23 07:42:11.700   3509391.4305    779159.6731   5250982.0508   2  13   0.0171   0.0097   0.0189   0.0073   0.0092   0.0121  -0.30    1.1
2026/04/23 07:42:11.800   3509391.4247    779159.7626   5250982.0407   2  13   0.0171   0.0097   0.0189   0.0073   0.0092   0.0121  -0.20    1.2
2026/04/23 07:42:11.900   3509391.4221    779159.8544   5250982.0266   2  13   0.0171   0.0097   0.0189   0.0073   0.0092   0.0121  -0.10    1.2
2026/04/23 07:42:12.000   3509391.4272    779159.9455   5250982.0052   2  13   0.0171   0.0097   0.0189   0.0073   0.0092   0.0121   0.00    1.1
2026/04/23 07:42:12.100   3509391.4271    779160.0333   5250981.9915   2  13   0.0171   0.0097   0.0189   0.0073   0.0092   0.0121   0.10    1.1
2026/04/23 07:42:12.200   3509391.4300    779160.1180   5250981.9813   2  13   0.0171   0.0097   0.0189   0.0073   0.0092   0.0121   0.20    1.3
2026/04/23 07:42:12.300   3509391.4334    779160.2052   5250981.9690   2  13   0.0171   0.0097   0.0189   0.0073   0.0092   0.0121   0.30    1.3
2026/04/23 07:42:12.400   3509391.4427    779160.2932   5250981.9437   2  13   0.0171   0.0097   0.0189   0.0073   0.0092   0.0121   0.40    1.3
2026/04/23 07:42:12.500   3509391.4482    779160.3805   5250981.9240   2  13   0.0171   0.0097   0.0189   0.0073   0.0092   0.0121  -0.50    1.2
2026/04/23 07:42:12.600   3509391.4531    779160.4651   5250981.8999   2  13   0.0171   0.0097   0.0189   0.0073   0.0092   0.0121  -0.40    1.4
2026/04/23 07:42:12.700   3509391.4551    779160.5484   5250981.8841   2  13   0.0171   0.0097   0.0189   0.0073   0.0092   0.0121  -0.30    1.2
2026/04/23 07:42:12.800   3509391.4562    779160.6297   5250981.8721   2  13   0.0171   0.0097   0.0189   0.0073   0.0092   0.0121  -0.20    1.8
2026/04/23 07:42:12.900   3509391.4620    779160.7157   5250981.8517   2  13   0.0171   0.0097   0.0189   0.0073   0.0092   0.0121  -0.10    1.6
2026/04/23 07:42:13.000   3509391.4710    779160.7992   5250981.8304   2  13   0.0171   0.0097   0.0189   0.0073   0.0092   0.0121   0.00    1.8
2026/04/23 07:42:13.100   3509391.4769    779160.8822   5250981.8170   2  13   0.0171   0.0097   0.0189   0.0073   0.0092   0.0121   0.10    1.5
2026/04/23 07:42:13.200   3509391.4694    779160.9596   5250981.8072   2  13   0.0171   0.0097   0.0189   0.0073   0.0092   0.0121   0.20    1.8
2026/04/23 07:42:13.300   3509391.4797    779161.0455   5250981.7951   2  13   0.0171   0.0097   0.0189   0.0073   0.0092   0.0121   0.30    1.8
2026/04/23 07:42:13.400   3509391.4824    779161.1270   5250981.7806   2  13   0.0171   0.0097   0.0189   0.0073   0.0092   0.0121   0.40    1.9
2026/04/23 07:42:13.500   3509391.4848    779161.2111   5250981.7624   2  13   0.0171   0.0097   0.0189   0.0073   0.0092   0.0121  -0.50    1.2
2026/04/23 07:42:13.600   3509391.4952    779161.3002   5250981.7401   2  13   0.0171   0.0097   0.0189   0.0073   0.0092   0.0121  -0.40    1.9
2026/04/23 07:42:13.700   3509391.5100    779161.3887   5250981.7196   2  13   0.0171   0.0097   0.0189   0.0073   0.0092   0.0121  -0.30    1.0
2026/04/23 07:42:13.800   3509391.5259    779161.4764   5250981.6913   2  13   0.0171   0.0097   0.0189   0.0073   0.0092   0.0121  -0.20    1.2
2026/04/23 07:42:13.900   3509391.5385    779161.5647   5250981.6708   2  13   0.0171   0.0097   0.0189   0.0073   0.0092   0.0122  -0.10    1.1
2026/04/23 07:42:14.000   3509391.5448    779161.6579   5250981.6517   2  13   0.0171   0.0097   0.0189   0.0073   0.0092   0.0122   0.00    1.2
2026/04/23 07:42:14.100   3509391.5585    779161.7521   5250981.6363   2  13   0.0171   0.0097   0.0189   0.0073   0.0092   0.0121   0.10    1.3
2026/04/23 07:42:14.200   3509391.5611    779161.8361   5250981.6211   2  13   0.0171   0.0097   0.0189   0.0073   0.0092   0.0121   0.20    1.2
2026/04/23 07:42:14.300   3509391.5705    779161.9175   5250981.5983   2  13   0.0171   0.0097   0.0189   0.0073   0.0092   0.0121   0.30    1.2
2026/04/23 07:42:14.400   3509391.5636    779161.9952   5250981.5803   2  13   0.0171   0.0097   0.0189   0.0073   0.0092   0.0121   0.40    1.4
2026/04/23 07:42:14.500   3509391.5624    779162.0760   5250981.5651   2  13   0.0171   0.0097   0.0189   0.0073   0.0092   0.0121  -0.50    1.2
2026/04/23 07:42:14.600   3509391.5624    779162.1634   5250981.5454   2  13   0.0171   0.0097   0.0189   0.0073   0.0092   0.0121  -0.40    1.9
2026/04/23 07:42:14.700   3509391.5743    779162.2443   5250981.5252   2  13   0.0171   0.0097   0.0189   0.0073   0.0092   0.0121  -0.30    1.6
2026/04/23 07:42:14.800   3509391.5563    779162.3318   5250981.5200   2  13   0.0171   0.0097   0.0189   0.0073   0.0092   0.0122  -0.20    1.9
2026/04/23 07:42:14.900   3509391.5470    779162.4175   5250981.5110   2  13   0.0171   0.0097   0.0189   0.0073   0.0092   0.0122  -0.10    1.5
2026/04/23 07:42:15.000   3509391.5379    779162.5055   5250981.5044   2  13   0.0171   0.0097   0.0189   0.0073   0.0092   0.0122   0.00    1.9
2026/04/23 07:42:15.100   3509391.5278    779162.5897   5250981.4925   2  13   0.0173   0.0097   0.0190   0.0073   0.0092   0.0119   0.10    1.0
2026/04/23 07:42:15.200   3509391.5203    779162.6760   5250981.4843   2  13   0.0173   0.0097   0.0192   0.0073   0.0092   0.0118   0.20    1.0
2026/04/23 07:42:15.300   3509391.5163    779162.7618   5250981.4756   2  13   0.0174   0.0097   0.0192   0.0073   0.0093   0.0117   0.30    1.0
2026/04/23 07:42:15.400   3509391.5150    779162.8518   5250981.4629   2  13   0.0174   0.0097   0.0193   0.0073   0.0093   0.0117   0.40    1.0
2026/04/23 07:42:15.500   3509391.5194    779162.9373   5250981.4502   2  13   0.0174   0.0097   0.0193   0.0073   0.0093   0.0117  -0.50    1.0
2026/04/23 07:42:15.600   3509391.5207    779163.0244   5250981.4385   2  13   0.0173   0.0097   0.0193   0.0073   0.0093   0.0117  -0.40    1.0
2026/04/23 07:42:15.700   3509391.5276    779163.1155   5250981.4271   2  13   0.0173   0.0097   0.0193   0.0073   0.0093   0.0118  -0.30    1.1
2026/04/23 07:42:15.800   3509391.5353    779163.2130   5250981.4136   2  13   0.0173   0.0097   0.0192   0.0073   0.0093   0.0119  -0.20    1.0
2026/04/23 07:42:15.900   3509391.5421    779163.3207   5250981.3944   2  13   0.0172   0.0097   0.0192   0.0073   0.0093   0.0119  -0.10    1.0
2026/04/23 07:42:16.000   3509391.5550    779163.4343   5250981.3781   2  13   0.0172   0.0097   0.0192   0.0073   0.0093   0.0120   0.00    1.1
2026/04/23 07:42:16.100   3509391.5645    779163.5412   5250981.3583   2  13   0.0172   0.0097   0.0191   0.0073   0.0093   0.0120   0.10    1.0
2026/04/23 07:42:16.200   3509391.5702    779163.6399   5250981.3424   2  13   0.0172   0.0097   0.0191   0.0073   0.0093   0.0120   0.20    1.2
2026/04/23 07:42:16.300   3509391.5726    779163.7407   5250981.3220   2  13   0.0171   0.0097   0.0191   0.0073   0.0092   0.0121   0.30    1.1
2026/04/23 07:42:16.400   3509391.5783    779163.8427   5250981.3065   2  13   0.0171   0.0097   0.0191   0.0073   0.0092   0.0121   0.40    1.0
2026/04/23 07:42:16.500   3509391.5842    779163.9415   5250981.2869   2  13   0.0171   0.0097   0.0191   0.0073   0.0092   0.0121  -0.50    1.1
2026/04/23 07:42:16.600   3509391.6012    779164.0403   5250981.2640   2  13   0.0171   0.0097   0.0190   0.0073   0.0092   0.0121  -0.40    1.1
2026/04/23 07:42:16.700   3509391.6161    779164.1407   5250981.2437   2  13   0.0171   0.0097   0.0190   0.0073   0.0092   0.0121  -0.30    1.0
2026/04/23 07:42:16.800   3509391.6295    779164.2349   5250981.2271   2  13   0.0171   0.0097   0.0190   0.0073   0.0092   0.0121  -0.20    1.2
2026/04/23 07:42:16.900   3509391.6293    779164.3308   5250981.2193   2  13   0.0171   0.0097   0.0190   0.0073   0.0092   0.0121  -0.10    1.1
2026/04/23 07:42:17.000   3509391.6410    779164.4306   5250981.1997   2  13   0.0171   0.0097   0.0190   0.0073   0.0092   0.0121   0.00    1.3
2026/04/23 07:42:17.100   3509391.6403    779164.5284   5250981.1855   2  13   0.0171   0.0097   0.0190   0.0073   0.0092   0.0121   0.10    1.1
2026/04/23 07:42:17.200   3509391.6476    779164.6260   5250981.1667   2  13   0.0171   0.0097   0.0190   0.0073   0.0092   0.0121   0.20    1.1
2026/04/23 07:42:17.300   3509391.6599    779164.7193   5250981.1481   2  13   0.0171   0.0097   0.0190   0.0073   0.0092   0.0121   0.30    1.1
2026/04/23 07:42:17.400   3509391.6606    779164.8146   5250981.1299   2  13   0.0171   0.0097   0.0190   0.0073   0.0092   0.0121   0.40    1.1
2026/04/23 07:42:17.500   3509391.6611    779164.9101   5250981.1111   2  13   0.0171   0.0097   0.0190   0.0073   0.0092   0.0121  -0.50    1.3
2026/04/23 07:42:17.600   3509391.6621    779165.0063   5250981.0901   2  13   0.0171   0.0097   0.0190   0.0073   0.0092   0.0121  -0.40    1.1
2026/04/23 07:42:17.700   3509391.6688    779165.1050   5250981.0668   2  13   0.0171   0.0097   0.0190   0.0073   0.0092   0.0121  -0.30    1.1
2026/04/23 07:42:17.800   3509391.6722    779165.1966   5250981.0499   2  13   0.0171   0.0097   0.0190   0.0073   0.0092   0.0121  -0.20    1.1
2026/04/23 07:42:17.900   3509391.6737    779165.2870   5250981.0319   2  13   0.0171   0.0097   0.0189   0.0073   0.0092   0.0121  -0.10    1.1
2026/04/23 07:42:18.000   3509391.6769    779165.3715   5250981.0073   2  13   0.0171   0.0097   0.0189   0.0073   0.0092   0.0121   0.00    1.0
2026/04/23 07:42:18.100   3509391.6830    779165.4632   5250980.9846   2  11   0.0176   0.0099   0.0192   0.0078   0.0094   0.0121   0.10    1.3
2026/04/23 07:42:18.200   3509391.6976    779165.5553   5250980.9530   2  13   0.0174   0.0098   0.0191   0.0076   0.0093   0.0122   0.20    1.0
2026/04/23 07:42:18.300   3509391.7031    779165.6519   5250980.9334   2  13   0.0173   0.0098   0.0190   0.0075   0.0093   0.0122   0.30    1.1
2026/04/23 07:42:18.400   3509391.7051    779165.7566   5250980.9084   2  13   0.0176   0.0100   0.0191   0.0079   0.0094   0.0124   0.40    1.0
2026/04/23 07:42:18.500   3509391.7229    779165.8535   5250980.8820   2  13   0.0179   0.0101   0.0191   0.0082   0.0096   0.0127  -0.50    1.0
2026/04/23 07:42:18.600   3509391.7391    779165.9578   5250980.8515   2  13   0.0181   0.0104   0.0192   0.0085   0.0096   0.0129  -0.40    1.0
2026/04/23 07:42:18.700   3509391.7533    779166.0666   5250980.8208   2  12   0.0182   0.0106   0.0193   0.0086   0.0097   0.0130  -0.30    1.0
2026/04/23 07:42:18.800   3509391.7637    779166.1670   5250980.7919   2  10   0.0185   0.0107   0.0196   0.0088   0.0097   0.0130  -0.20    2.2
2026/04/23 07:42:18.900   3509391.7726    779166.2662   5250980.7777   2  11   0.0186   0.0108   0.0196   0.0089   0.0098   0.0132  -0.10    2.4
2026/04/23 07:42:19.000   3509391.7839    779166.3649   5250980.7579   2  12   0.0185   0.0106   0.0196   0.0087   0.0097   0.0133   0.00    1.0
2026/04/23 07:42:19.100   3509391.8059    779166.4504   5250980.7324   2  12   0.0184   0.0105   0.0196   0.0086   0.0097   0.0134   0.10    1.1
2026/04/23 07:42:19.200   3509391.8325    779166.5264   5250980.7035   2  11   0.0185   0.0104   0.0198   0.0085   0.0097   0.0132   0.20    1.0
2026/04/23 07:42:19.300   3509391.8751    779166.6067   5250980.6654   2  11   0.0185   0.0104   0.0199   0.0084   0.0097   0.0131   0.30    1.0
2026/04/23 07:42:19.400   3509391.9251    779166.6826   5250980.6243   2  11   0.0188   0.0104   0.0203   0.0084   0.0096   0.0126   0.40    1.1
2026/04/23 07:42:19.500   3509391.9778    779166.7516   5250980.5771   2  11   0.0189   0.0104   0.0207   0.0084   0.0095   0.0123  -0.50    1.1
2026/04/23 07:42:19.600   3509392.0374    779166.8243   5250980.5264   2  11   0.0189   0.0104   0.0209   0.0084   0.0095   0.0120  -0.40    1.1
2026/04/23 07:42:19.700   3509392.1002    779166.8839   5250980.4777   2  11   0.0189   0.0104   0.0210   0.0083   0.0094   0.0119  -0.30    1.1
2026/04/23 07:42:19.800   3509392.1657    779166.9471   5250980.4268   2  11   0.0188   0.0103   0.0210   0.0082   0.0094   0.0119  -0.20    1.1
2026/04/23 07:42:19.900   3509392.2400    779167.0073   5250980.3750   2  12   0.0187   0.0103   0.0209   0.0082   0.0095   0.0120  -0.10    1.0
2026/04/23 07:42:20.000   3509392.3100    779167.0578   5250980.3216   2  10   0.0188   0.0105   0.0209   0.0085   0.0095   0.0121   0.00    1.4
2026/04/23 07:42:20.100   3509392.3882    779167.1066   5250980.2593   2  10   0.0188   0.0107   0.0208   0.0087   0.0096   0.0122   0.10    1.4
2026/04/23 07:42:20.200   3509392.4658    779167.1428   5250980.2051   2  10   0.0189   0.0107   0.0207   0.0088   0.0097   0.0124   0.20    1.4
2026/04/23 07:42:20.300   3509392.5369    779167.1814   5250980.1489   2  10   0.0190   0.0108   0.0207   0.0089   0.0098   0.0125   0.30    1.5
2026/04/23 07:42:20.400   3509392.6132    779167.2185   5250980.0893   2  10   0.0190   0.0108   0.0206   0.0090   0.0098   0.0127   0.40    1.5
2026/04/23 07:42:20.500   3509392.6898    779167.2465   5250980.0322   2  10   0.0190   0.0109   0.0206   0.0090   0.0099   0.0128  -0.50    1.6
2026/04/23 07:42:20.600   3509392.7672    779167.2700   5250979.9768   2  10   0.0191   0.0109   0.0206   0.0091   0.0099   0.0129  -0.40    1.6
2026/04/23 07:42:20.700   3509392.8449    779167.2880   5250979.9182   2  10   0.0191   0.0109   0.0206   0.0091   0.0099   0.0130  -0.30    1.7
2026/04/23 07:42:20.800   3509392.9234    779167.3031   5250979.8599   2  10   0.0191   0.0109   0.0206   0.0091   0.0099   0.0130  -0.20    1.7
2026/04/23 07:42:20.900   3509393.0150    779167.3191   5250979.8009   2  10   0.0191   0.0109   0.0206   0.0091   0.0099   0.0131  -0.10    1.8
2026/04/23 07:42:21.000   3509393.0987    779167.3272   5250979.7460   2  11   0.0191   0.0109   0.0205   0.0091   0.0099   0.0131   0.00    1.1
2026/04/23 07:42:21.100   3509393.1830    779167.3370   5250979.6828   2  10   0.0191   0.0109   0.0205   0.0091   0.0099   0.0132   0.10    1.8
2026/04/23 07:42:21.200   3509393.2698    779167.3401   5250979.6220   2  11   0.0191   0.0109   0.0205   0.0091   0.0099   0.0132   0.20    1.1
2026/04/23 07:42:21.300   3509393.3579    779167.3375   5250979.5655   2  11   0.0191   0.0108   0.0205   0.0091   0.0100   0.0132   0.30    1.3
2026/04/23 07:42:21.400   3509393.4417    779167.3446   5250979.5103   2  10   0.0192   0.0109   0.0205   0.0091   0.0100   0.0132   0.40    2.0
2026/04/23 07:42:21.500   3509393.5156    779167.3478   5250979.4587   2  10   0.0192   0.0109   0.0205   0.0091   0.0100   0.0132  -0.50    2.0
2026/04/23 07:42:21.600   3509393.5929    779167.3673   5250979.3995   2  11   0.0192   0.0109   0.0205   0.0091   0.0100   0.0133  -0.40    1.1
2026/04/23 07:42:21.700   3509393.6839    779167.3809   5250979.3387   2  11   0.0192   0.0109   0.0205   0.0091   0.0100   0.0133  -0.30    1.2
2026/04/23 07:42:21.800   3509393.7649    779167.3980   5250979.2813   2  11   0.0192   0.0108   0.0205   0.0091   0.0100   0.0133  -0.20    1.4
2026/04/23 07:42:21.900   3509393.8532    779167.4211   5250979.2141   2  10   0.0192   0.0108   0.0205   0.0091   0.0100   0.0133  -0.10    2.1
2026/04/23 07:42:22.000   3509393.9367    779167.4270   5250979.1605   2  10   0.0194   0.0109   0.0208   0.0093   0.0098   0.0129   0.00    1.1
2026/04/23 07:42:22.100   3509394.0036    779167.4334   5250979.1097   2  11   0.0197   0.0109   0.0210   0.0094   0.0097   0.0125   0.10    1.1
2026/04/23 07:42:22.200   3509394.0835    779167.4435   5250979.0505   2  11   0.0198   0.0109   0.0211   0.0094   0.0096   0.0123   0.20    1.1
2026/04/23 07:42:22.300   3509394.1700    779167.4519   5250978.9886   2  10   0.0198   0.0109   0.0212   0.0094   0.0096   0.0122   0.30    1.2
2026/04/23 07:42:22.400   3509394.2517    779167.4542   5250978.9328   2  10   0.0198   0.0109   0.0212   0.0094   0.0096   0.0123   0.40    1.2
2026/04/23 07:42:22.500   3509394.3338    779167.4655   5250978.8708   2  10   0.0197   0.0109   0.0212   0.0094   0.0097   0.0123  -0.50    1.3
2026/04/23 07:42:22.600   3509394.4217    779167.4689   5250978.8080   2  10   0.0196   0.0109   0.0211   0.0093   0.0097   0.0125  -0.40    1.3
2026/04/23 07:42:22.700   3509394.5026    779167.4676   5250978.7455   2  11   0.0195   0.0108   0.0211   0.0092   0.0099   0.0126  -0.30    1.3
2026/04/23 07:42:22.800   3509394.5716    779167.4555   5250978.7021   2  10   0.0195   0.0108   0.0210   0.0092   0.0099   0.0128  -0.20    1.4
2026/04/23 07:42:22.900   3509394.6571    779167.4442   5250978.6456   2  10   0.0196   0.0109   0.0211   0.0093   0.0098   0.0126  -0.10    1.1
2026/04/23 07:42:23.000   3509394.7461    779167.4413   5250978.5828   2  10   0.0197   0.0109   0.0212   0.0094   0.0097   0.0124   0.00    1.1
2026/04/23 07:42:23.100   3509394.8344    779167.4296   5250978.5299   2  10   0.0197   0.0109   0.0212   0.0094   0.0097   0.0124   0.10    1.1
2026/04/23 07:42:23.200   3509394.9222    779167.4249   5250978.4779   2   9   0.0199   0.0110   0.0213   0.0096   0.0096   0.0121   0.20    1.4
2026/04/23 07:42:23.300   3509395.0091    779167.4150   5250978.4211   2  10   0.0200   0.0110   0.0213   0.0096   0.0095   0.0121   0.30    1.1
2026/04/23 07:42:23.400   3509395.0939    779167.4162   5250978.3624   2  10   0.0201   0.0112   0.0215   0.0098   0.0093   0.0119   0.40    1.3
2026/04/23 07:42:23.500   3509395.1844    779167.4208   5250978.3052   2   9   0.0204   0.0113   0.0218   0.0101   0.0089   0.0114  -0.50    1.6
2026/04/23 07:42:23.600   3509395.2799    779167.4193   5250978.2444   2   9   0.0205   0.0114   0.0220   0.0102   0.0087   0.0111  -0.40    1.9
2026/04/23 07:42:23.700   3509395.3769    779167.4160   5250978.1813   2   9   0.0207   0.0114   0.0221   0.0103   0.0086   0.0108  -0.30    1.5
2026/04/23 07:42:23.800   3509395.4654    779167.4065   5250978.1227   2   8   0.0207   0.0114   0.0222   0.0104   0.0085   0.0106  -0.20    1.8
2026/04/23 07:42:23.900   3509395.5510    779167.4011   5250978.0638   2   9   0.0208   0.0114   0.0223   0.0104   0.0085   0.0105  -0.10    1.5
2026/04/23 07:42:24.000   3509395.6390    779167.3947   5250978.0041   2   9   0.0208   0.0114   0.0223   0.0104   0.0085   0.0105   0.00    1.9
2026/04/23 07:42:24.100   3509395.7302    779167.3872   5250977.9406   2   9   0.0207   0.0114   0.0223   0.0103   0.0085   0.0106   0.10    2.3
2026/04/23 07:42:24.200   3509395.8284    779167.3787   5250977.8761   2   9   0.0207   0.0113   0.0223   0.0103   0.0086   0.0107   0.20    2.8
2026/04/23 07:42:24.300   3509395.9127    779167.3765   5250977.8159   2   9   0.0207   0.0113   0.0223   0.0103   0.0086   0.0107   0.30    1.3
2026/04/23 07:42:24.400   3509395.9880    779167.3723   5250977.7554   2   9   0.0207   0.0113   0.0223   0.0103   0.0087   0.0107   0.40    1.6
2026/04/23 07:42:24.500   3509396.0801    779167.3627   5250977.7000   2   9   0.0208   0.0114   0.0223   0.0104   0.0086   0.0106  -0.50    1.2
2026/04/23 07:42:24.600   3509396.1251    779167.2838   5250977.6371   1   7   0.0168   0.0089   0.0160   0.0076   0.0021   0.0005  -0.40    5.4
2026/04/23 07:42:24.700   3509396.2039    779167.2691   5250977.5887   1   8   0.0169   0.0090   0.0161   0.0076   0.0020  -0.0008  -0.30    5.4
2026/04/23 07:42:24.800   3509396.2931    779167.2554   5250977.5377   1   9   0.0169   0.0089   0.0161   0.0077   0.0020  -0.0010  -0.20    5.4
2026/04/23 07:42:24.900   3509396.3676    779167.2365   5250977.4916   1   9   0.0168   0.0089   0.0160   0.0076   0.0021  -0.0007  -0.10    5.4
2026/04/23 07:42:25.000   3509396.4565    779167.2174   5250977.4287   1   8   0.0168   0.0089   0.0160   0.0076   0.0021  -0.0005   0.00    5.4
2026/04/23 07:42:25.100   3509396.5467    779167.2041   5250977.3686   1   9   0.0168   0.0089   0.0160   0.0076   0.0022   0.0010   0.10    5.4
2026/04/23 07:42:25.200   3509396.6336    779167.1942   5250977.3105   1   9   0.0167   0.0089   0.0160   0.0075   0.0024   0.0017   0.20    5.4
2026/04/23 07:42:25.300   3509396.6781    779167.1981   5250977.2140   1   9   0.0170   0.0091   0.0160   0.0072   0.0017   0.0022   0.30  219.4
2026/04/23 07:42:25.400   3509396.8014    779167.1852   5250977.1430   1   9   0.0164   0.0088   0.0155   0.0068   0.0035   0.0044   0.40   18.3
2026/04/23 07:42:25.500   3509396.9343    779167.1831   5250977.0584   1   9   0.0164   0.0087   0.0156   0.0069   0.0035   0.0043  -0.50    7.0
2026/04/23 07:42:25.600   3509397.0579    779167.1771   5250976.9785   1   9   0.0161   0.0085   0.0153   0.0067   0.0041   0.0051  -0.40    8.4
2026/04/23 07:42:25.700   3509397.1713    779167.1723   5250976.9012   1   9   0.0160   0.0085   0.0151   0.0065   0.0044   0.0055  -0.30    8.8
2026/04/23 07:42:25.800   3509397.2818    779167.1668   5250976.8292   1   9   0.0159   0.0084   0.0150   0.0065   0.0046   0.0057  -0.20    8.5
2026/04/23 07:42:25.900   3509397.3736    779167.1688   5250976.7656   1   9   0.0159   0.0084   0.0150   0.0065   0.0046   0.0057  -0.10    9.1
2026/04/23 07:42:26.000   3509397.4758    779167.1669   5250976.6908   1   9   0.0159   0.0085   0.0150   0.0065   0.0045   0.0057   0.00    8.8
2026/04/23 07:42:26.100   3509397.5782    779167.1580   5250976.6299   1   9   0.0159   0.0085   0.0150   0.0065   0.0045   0.0057   0.10    8.3
2026/04/23 07:42:26.200   3509397.5362    779167.0795   5250976.7365   1   9   0.0166   0.0088   0.0158   0.0073   0.0030   0.0029   0.20   55.5
2026/04/23 07:42:26.300   3509397.5707    779167.0879   5250976.6388   1   9   0.0172   0.0090   0.0163   0.0067   0.0016   0.0048   0.30  206.1
2026/04/23 07:42:26.400   3509397.6611    779167.0748   5250976.5847   1  10   0.0173   0.0091   0.0163   0.0066   0.0018   0.0047   0.40  204.6
2026/04/23 07:42:26.500   3509397.7443    779167.0621   5250976.5323   1   9   0.0174   0.0091   0.0163   0.0065   0.0021   0.0047  -0.50  204.0
2026/04/23 07:42:26.600   3509397.8370    779167.0466   5250976.4693   1   9   0.0174   0.0090   0.0163   0.0064   0.0024   0.0048  -0.40  202.6
2026/04/23 07:42:26.700   3509397.9346    779167.0332   5250976.3993   1  10   0.0174   0.0091   0.0163   0.0063   0.0022   0.0048  -0.30  202.2
2026/04/23 07:42:26.800   3509398.0298    779167.0272   5250976.3330   1   9   0.0174   0.0091   0.0163   0.0063   0.0022   0.0050  -0.20  201.4
2026/04/23 07:42:26.900   3509398.1174    779167.0243   5250976.2783   1   9   0.0173   0.0091   0.0163   0.0062   0.0022   0.0052  -0.10  201.1
2026/04/23 07:42:27.000   3509398.2024    779167.0189   5250976.2263   1   9   0.0173   0.0093   0.0164   0.0066  -0.0001   0.0049   0.00  200.5
2026/04/23 07:42:27.100   3509398.2858    779167.0079   5250976.1719   1   9   0.0172   0.0095   0.0165   0.0068  -0.0019   0.0048   0.10  199.9
2026/04/23 07:42:27.200   3509398.3708    779166.9909   5250976.1166   1   9   0.0171   0.0095   0.0166   0.0070  -0.0024   0.0047   0.20  199.2
2026/04/23 07:42:27.300   3509398.4615    779166.9719   5250976.0547   1   9   0.0169   0.0095   0.0166   0.0071  -0.0024   0.0047   0.30  198.5
2026/04/23 07:42:27.400   3509398.5987    779167.0303   5250975.8591   1   9   0.0166   0.0086   0.0151   0.0065   0.0046   0.0062   0.40   10.2
2026/04/23 07:42:27.500   3509398.6791    779167.0111   5250975.7958   1   9   0.0164   0.0085   0.0151   0.0066   0.0046   0.0062  -0.50   10.5
2026/04/23 07:42:27.600   3509398.7545    779166.9885   5250975.7433   1  10   0.0162   0.0085   0.0151   0.0067   0.0046   0.0061  -0.40   11.7
2026/04/23 07:42:27.700   3509398.8337    779166.9716   5250975.6809   1  10   0.0161   0.0085   0.0151   0.0067   0.0046   0.0061  -0.30   12.0
2026/04/23 07:42:27.800   3509398.9187    779166.9442   5250975.6213   1  10   0.0159   0.0084   0.0151   0.0066   0.0047   0.0060  -0.20   12.4
2026/04/23 07:42:27.900   3509399.0059    779166.9210   5250975.5597   1  10   0.0157   0.0083   0.0150   0.0066   0.0048   0.0060  -0.10   12.1
2026/04/23 07:42:28.000   3509399.0973    779166.9025   5250975.5031   1  10   0.0155   0.0082   0.0150   0.0065   0.0049   0.0060   0.00   11.9
2026/04/23 07:42:28.100   3509399.1793    779166.8896   5250975.4525   1  10   0.0154   0.0081   0.0149   0.0063   0.0051   0.0060   0.10   12.1
2026/04/23 07:42:28.200   3509399.2599    779166.8715   5250975.4044   1   9   0.0153   0.0081   0.0149   0.0064   0.0050   0.0059   0.20   12.1
2026/04/23 07:42:28.300   3509399.3468    779166.8561   5250975.3458   1  10   0.0152   0.0082   0.0149   0.0064   0.0050   0.0057   0.30   11.9
2026/04/23 07:42:28.400   3509399.4414    779166.8438   5250975.2925   1  11   0.0150   0.0079   0.0148   0.0061   0.0053   0.0059   0.40   11.8
2026/04/23 07:42:28.500   3509399.5351    779166.8284   5250975.2328   1  11   0.0149   0.0078   0.0147   0.0059   0.0055   0.0060  -0.50   11.6
2026/04/23 07:42:28.600   3509399.6335    779166.8177   5250975.1652   1  11   0.0148   0.0077   0.0146   0.0057   0.0056   0.0060  -0.40   11.3
2026/04/23 07:42:28.700   3509399.7251    779166.8106   5250975.1099   1  11   0.0147   0.0077   0.0146   0.0056   0.0055   0.0060  -0.30   11.2
2026/04/23 07:42:28.800   3509399.8182    779166.8006   5250975.0545   1  10   0.0146   0.0079   0.0146   0.0057   0.0052   0.0056  -0.20   11.1
2026/04/23 07:42:28.900   3509399.9068    779166.7848   5250974.9936   1  11   0.0145   0.0077   0.0145   0.0054   0.0053   0.0057  -0.10   11.2
2026/04/23 07:42:29.000   3509399.9863    779166.7739   5250974.9399   1  11   0.0143   0.0075   0.0145   0.0051   0.0053   0.0057   0.00   11.2
2026/04/23 07:42:29.100   3509400.0672    779166.7644   5250974.8861   1  11   0.0142   0.0074   0.0144   0.0049   0.0053   0.0056   0.10   11.6
2026/04/23 07:42:29.200   3509400.1509    779166.7544   5250974.8268   1  12   0.0141   0.0073   0.0143   0.0048   0.0053   0.0055   0.20   11.4
2026/04/23 07:42:29.300   3509400.2404    779166.7344   5250974.7720   1  12   0.0140   0.0072   0.0143   0.0046   0.0053   0.0053   0.30   11.5
2026/04/23 07:42:29.400   3509400.3257    779166.7179   5250974.7199   1  10   0.0140   0.0073   0.0144   0.0048   0.0049   0.0048   0.40   11.4
2026/04/23 07:42:29.500   3509400.4139    779166.7028   5250974.6588   1  12   0.0138   0.0072   0.0142   0.0045   0.0051   0.0050  -0.50   11.3
2026/04/23 07:42:29.600   3509400.5001    779166.6877   5250974.6038   1  12   0.0136   0.0071   0.0141   0.0043   0.0051   0.0050  -0.40   10.9
2026/04/23 07:42:29.700   3509400.5777    779166.6648   5250974.5536   1  12   0.0135   0.0070   0.0139   0.0041   0.0051   0.0051  -0.30   10.5
2026/04/23 07:42:29.800   3509400.6663    779166.6495   5250974.4978   1  12   0.0133   0.0070   0.0137   0.0040   0.0051   0.0051  -0.20   10.2
2026/04/23 07:42:29.900   3509400.7551    779166.6308   5250974.4375   1  12   0.0132   0.0069   0.0136   0.0039   0.0051   0.0052  -0.10    9.9
2026/04/23 07:42:30.000   3509400.8491    779166.6171   5250974.3789   1  12   0.0130   0.0069   0.0134   0.0039   0.0050   0.0052   0.00    9.5
2026/04/23 07:42:30.100   3509401.0038    779166.5993   5250974.2761   1  12   0.0136   0.0070   0.0137   0.0031   0.0054   0.0036   0.10    9.0
2026/04/23 07:42:30.200   3509401.1124    779166.5946   5250974.2048   1  11   0.0143   0.0071   0.0142   0.0021   0.0057  -0.0028   0.20    8.8
2026/04/23 07:42:30.300   3509401.2128    779166.5933   5250974.1379   1  12   0.0142   0.0071   0.0141   0.0016   0.0058  -0.0026   0.30    8.7
2026/04/23 07:42:30.400   3509401.3063    779166.5841   5250974.0709   1  12   0.0141   0.0071   0.0139   0.0015   0.0058  -0.0023   0.40    8.6
2026/04/23 07:42:30.500   3509401.4007    779166.5733   5250974.0064   1  12   0.0139   0.0071   0.0138   0.0015   0.0057  -0.0020  -0.50    8.4
2026/04/23 07:42:30.600   3509401.4989    779166.5645   5250973.9329   1  12   0.0138   0.0070   0.0136   0.0017   0.0056  -0.0015  -0.40    8.3
2026/04/23 07:42:30.700   3509401.5894    779166.5532   5250973.8767   1  12   0.0136   0.0070   0.0135   0.0020   0.0055  -0.0007  -0.30    8.3
2026/04/23 07:42:30.800   3509401.6793    779166.5399   5250973.8189   1  12   0.0138   0.0073   0.0135   0.0026   0.0057   0.0012  -0.20    8.2
2026/04/23 07:42:30.900   3509401.7712    779166.5283   5250973.7575   1  12   0.0139   0.0075   0.0135   0.0031   0.0059   0.0019  -0.10    8.0
2026/04/23 07:42:31.000   3509401.8604    779166.5119   5250973.6991   1  12   0.0139   0.0075   0.0135   0.0034   0.0061   0.0026   0.00    7.9
2026/04/23 07:42:31.100   3509401.9445    779166.4952   5250973.6433   1  12   0.0140   0.0075   0.0135   0.0036   0.0061   0.0031   0.10    7.8
2026/04/23 07:42:31.200   3509402.0368    779166.4764   5250973.5859   1  12   0.0139   0.0075   0.0135   0.0037   0.0061   0.0035   0.20    7.7
2026/04/23 07:42:31.300   3509402.1259    779166.4641   5250973.5275   1  12   0.0139   0.0074   0.0135   0.0038   0.0061   0.0039   0.30    7.6
2026/04/23 07:42:31.400   3509402.2094    779166.4451   5250973.4710   1  12   0.0138   0.0073   0.0135   0.0038   0.0060   0.0042   0.40    7.5
2026/04/23 07:42:31.500   3509402.2953    779166.4208   5250973.4172   1  12   0.0137   0.0073   0.0135   0.0039   0.0060   0.0045  -0.50    7.5
2026/04/23 07:42:31.600   3509402.3874    779166.4007   5250973.3596   1  12   0.0136   0.0072   0.0134   0.0038   0.0059   0.0047  -0.40    7.4
2026/04/23 07:42:31.700   3509402.4834    779166.3901   5250973.2975   1  12   0.0135   0.0071   0.0134   0.0038   0.0058   0.0048  -0.30    7.3
2026/04/23 07:42:31.800   3509402.4929    779166.3953   5250973.3259   1  12   0.0127   0.0070   0.0127   0.0043   0.0053   0.0064  -0.20    5.1
2026/04/23 07:42:31.900   3509402.5853    779166.3739   5250973.2703   1  12   0.0127   0.0069   0.0127   0.0042   0.0053   0.0063  -0.10    5.3
2026/04/23 07:42:32.000   3509402.6793    779166.3580   5250973.2069   1  12   0.0127   0.0069   0.0127   0.0041   0.0052   0.0062   0.00    5.4
2026/04/23 07:42:32.100   3509402.7714    779166.3463   5250973.1548   1  12   0.0126   0.0069   0.0126   0.0040   0.0052   0.0061   0.10    5.5
2026/04/23 07:42:32.200   3509402.8598    779166.3337   5250973.1030   1  12   0.0126   0.0069   0.0126   0.0040   0.0051   0.0061   0.20    5.7
2026/04/23 07:42:32.300   3509402.9531    779166.3219   5250973.0418   1  12   0.0125   0.0068   0.0125   0.0039   0.0051   0.0060   0.30    5.8
2026/04/23 07:42:32.400   3509403.0515    779166.3061   5250972.9786   1  12   0.0125   0.0068   0.0124   0.0038   0.0050   0.0059   0.40    5.9
2026/04/23 07:42:32.500   3509403.1463    779166.2943   5250972.9207   1  12   0.0124   0.0068   0.0124   0.0038   0.0050   0.0058  -0.50    6.1
2026/04/23 07:42:32.600   3509403.2317    779166.2839   5250972.8661   1  12   0.0131   0.0069   0.0123   0.0032   0.0049   0.0057  -0.40    6.1
2026/04/23 07:42:32.700   3509403.3237    779166.2637   5250972.8126   1  12   0.0136   0.0069   0.0123   0.0027   0.0049   0.0057  -0.30    6.1
2026/04/23 07:42:32.800   3509403.4077    779166.2395   5250972.7564   1  12   0.0139   0.0069   0.0122   0.0025   0.0048   0.0058  -0.20    6.1
2026/04/23 07:42:32.900   3509403.4988    779166.2144   5250972.7009   1  12   0.0140   0.0068   0.0122   0.0024   0.0047   0.0059  -0.10    6.0
2026/04/23 07:42:33.000   3509403.5883    779166.1879   5250972.6464   1  12   0.0140   0.0068   0.0121   0.0025   0.0047   0.0060   0.00    6.0
2026/04/23 07:42:33.100   3509403.6859    779166.1687   5250972.5914   1  12   0.0139   0.0068   0.0121   0.0027   0.0046   0.0061   0.10    5.9
2026/04/23 07:42:33.200   3509403.7801    779166.1547   5250972.5320   1  12   0.0138   0.0070   0.0121   0.0029   0.0044   0.0061   0.20    5.8
2026/04/23 07:42:33.300   3509403.8134    779166.1386   5250972.5577   1  12   0.0136   0.0071   0.0120   0.0030   0.0042   0.0064   0.30    4.5
2026/04/23 07:42:33.400   3509403.9073    779166.1379   5250972.4815   1  12   0.0134   0.0071   0.0120   0.0032   0.0042   0.0064   0.40    4.5
2026/04/23 07:42:33.500   3509404.0002    779166.1297   5250972.4107   1  12   0.0133   0.0070   0.0120   0.0032   0.0042   0.0064  -0.50    4.4
2026/04/23 07:42:33.600   3509404.0956    779166.1172   5250972.3512   1  12   0.0131   0.0070   0.0120   0.0032   0.0042   0.0063  -0.40    4.3
2026/04/23 07:42:33.700   3509404.1910    779166.1029   5250972.2887   1  12   0.0134   0.0070   0.0120   0.0027   0.0043   0.0062  -0.30    4.3
2026/04/23 07:42:33.800   3509404.2777    779166.0863   5250972.2288   1  12   0.0136   0.0070   0.0120   0.0021   0.0043   0.0060  -0.20    4.2
2026/04/23 07:42:33.900   3509404.3718    779166.0755   5250972.1686   1  12   0.0137   0.0070   0.0119   0.0017   0.0044   0.0060  -0.10    4.2
2026/04/23 07:42:34.000   3509404.4706    779166.0483   5250972.1083   1  12   0.0138   0.0069   0.0119   0.0015   0.0044   0.0059   0.00    4.1
2026/04/23 07:42:34.100   3509404.5676    779166.0318   5250972.0441   1  12   0.0139   0.0069   0.0119   0.0011   0.0044   0.0059   0.10    4.1
2026/04/23 07:42:34.200   3509404.6631    779166.0136   5250971.9791   1  12   0.0139   0.0069   0.0118   0.0009   0.0044   0.0058   0.20    4.0
2026/04/23 07:42:34.300   3509404.7535    779165.9963   5250971.9162   1  12   0.0139   0.0068   0.0118   0.0008   0.0044   0.0058   0.30    4.0
2026/04/23 07:42:34.400   3509404.8619    779165.9770   5250971.8554   1  12   0.0140   0.0068   0.0118   0.0007   0.0044   0.0058   0.40    3.9
2026/04/23 07:42:34.500   3509404.9744    779165.9599   5250971.7897   1  12   0.0140   0.0068   0.0118   0.0005   0.0044   0.0058  -0.50    3.9
2026/04/23 07:42:34.600   3509405.0743    779165.9485   5250971.7194   1  12   0.0140   0.0068   0.0118   0.0004   0.0044   0.0058  -0.40    3.8
2026/04/23 07:42:34.700   3509405.2956    779165.9206   5250971.7765   2  12   0.0189   0.0100   0.0197   0.0073   0.0091   0.0108  -0.30    3.8
2026/04/23 07:42:34.800   3509405.3865    779165.8960   5250971.7162   2  12   0.0189   0.0101   0.0197   0.0072   0.0090   0.0108  -0.20    3.8
2026/04/23 07:42:34.900   3509405.4850    779165.8764   5250971.6579   2  12   0.0189   0.0101   0.0197   0.0072   0.0090   0.0108  -0.10    3.7
2026/04/23 07:42:35.000   3509405.5649    779165.8521   5250971.6050   2  12   0.0189   0.0101   0.0198   0.0072   0.0090   0.0108   0.00    3.7
2026/04/23 07:42:35.100   3509405.6615    779165.8296   5250971.5451   2  11   0.0195   0.0103   0.0198   0.0065   0.0088   0.0111   0.10    3.4
2026/04/23 07:42:35.200   3509405.7518    779165.8254   5250971.4806   2  12   0.0193   0.0101   0.0198   0.0068   0.0089   0.0111   0.20    3.6
2026/04/23 07:42:35.300   3509405.8347    779165.8206   5250971.4126   2  12   0.0191   0.0101   0.0198   0.0071   0.0089   0.0110   0.30    3.6
2026/04/23 07:42:35.400   3509405.9226    779165.8165   5250971.3466   2  13   0.0189   0.0101   0.0198   0.0072   0.0089   0.0110   0.40    3.6
2026/04/23 07:42:35.500   3509406.0191    779165.8074   5250971.2826   2  12   0.0189   0.0101   0.0198   0.0073   0.0089   0.0109  -0.50    3.5
2026/04/23 07:42:35.600   3509406.1104    779165.7961   5250971.2218   2  12   0.0188   0.0101   0.0198   0.0073   0.0089   0.0109  -0.40    3.5
2026/04/23 07:42:35.700   3509406.2033    779165.7804   5250971.1526   2  12   0.0188   0.0101   0.0198   0.0073   0.0089   0.0109  -0.30    3.4
2026/04/23 07:42:35.800   3509406.3130    779165.7495   5250971.1009   2  12   0.0188   0.0101   0.0198   0.0073   0.0089   0.0109  -0.20    3.4
2026/04/23 07:42:35.900   3509406.4053    779165.7339   5250971.0409   2  11   0.0192   0.0103   0.0198   0.0067   0.0087   0.0113  -0.10    3.1
2026/04/23 07:42:36.000   3509406.5212    779165.7126   5250970.9810   2  12   0.0190   0.0101   0.0198   0.0071   0.0087   0.0112   0.00    1.7
2026/04/23 07:42:36.100   3509406.6135    779165.6904   5250970.9146   2  11   0.0193   0.0102   0.0199   0.0068   0.0085   0.0116   0.10    1.0
2026/04/23 07:42:36.200   3509406.7146    779165.6729   5250970.8488   2  11   0.0195   0.0103   0.0200   0.0066   0.0084   0.0119   0.20    1.0
2026/04/23 07:42:36.300   3509406.8074    779165.6485   5250970.7916   2  11   0.0197   0.0103   0.0201   0.0065   0.0083   0.0122   0.30    1.0
2026/04/23 07:42:36.400   3509406.9153    779165.6242   5250970.7325   2  11   0.0201   0.0103   0.0202   0.0061   0.0082   0.0125   0.40    1.0
2026/04/23 07:42:36.500   3509407.0099    779165.6008   5250970.6719   2  11   0.0204   0.0104   0.0204   0.0060   0.0080   0.0127  -0.50    1.0
2026/04/23 07:42:36.600   3509407.1110    779165.5795   5250970.6143   2  10   0.0206   0.0105   0.0205   0.0060   0.0079   0.0129  -0.40    1.1
2026/04/23 07:42:36.700   3509407.2020    779165.5542   5250970.5600   2  11   0.0207   0.0105   0.0206   0.0061   0.0078   0.0131  -0.30    1.0
2026/04/23 07:42:36.800   3509407.3050    779165.5381   5250970.4978   2  10   0.0207   0.0104   0.0207   0.0063   0.0078   0.0132  -0.20    1.1
2026/04/23 07:42:36.900   3509407.4099    779165.5256   5250970.4347   2  11   0.0207   0.0104   0.0208   0.0064   0.0078   0.0133  -0.10    1.0
2026/04/23 07:42:37.000   3509407.5195    779165.5177   5250970.3668   2  10   0.0206   0.0104   0.0208   0.0066   0.0078   0.0134   0.00    1.1
2026/04/23 07:42:37.100   3509407.6187    779165.5016   5250970.3100   2  11   0.0205   0.0103   0.0209   0.0068   0.0078   0.0135   0.10    1.0
2026/04/23 07:42:37.200   3509407.7106    779165.4794   5250970.2485   2  11   0.0203   0.0103   0.0209   0.0069   0.0079   0.0135   0.20    1.0
2026/04/23 07:42:37.300   3509407.7997    779165.4684   5250970.1914   2  11   0.0202   0.0103   0.0209   0.0071   0.0079   0.0135   0.30    1.0
2026/04/23 07:42:37.400   3509407.8890    779165.4483   5250970.1419   2  11   0.0201   0.0102   0.0210   0.0071   0.0080   0.0135   0.40    1.1
2026/04/23 07:42:37.500   3509407.9941    779165.4351   5250970.0855   2  11   0.0199   0.0102   0.0210   0.0072   0.0080   0.0134  -0.50    1.1
2026/04/23 07:42:37.600   3509408.0888    779165.4198   5250970.0262   2  11   0.0198   0.0102   0.0209   0.0072   0.0080   0.0134  -0.40    1.1
2026/04/23 07:42:37.700   3509408.1885    779165.4044   5250969.9616   2  11   0.0201   0.0105   0.0210   0.0076   0.0084   0.0136  -0.30    1.0
2026/04/23 07:42:37.800   3509408.2888    779165.3932   5250969.8921   2  11   0.0204   0.0108   0.0211   0.0080   0.0087   0.0139  -0.20    1.0
2026/04/23 07:42:37.900   3509408.3880    779165.3846   5250969.8313   2  11   0.0206   0.0109   0.0212   0.0083   0.0090   0.0141  -0.10    1.0
2026/04/23 07:42:38.000   3509408.4828    779165.3708   5250969.7693   2  11   0.0207   0.0109   0.0213   0.0084   0.0091   0.0143   0.00    1.0
2026/04/23 07:42:38.100   3509408.5877    779165.3512   5250969.7204   2  11   0.0208   0.0109   0.0214   0.0085   0.0092   0.0145   0.10    1.0
2026/04/23 07:42:38.200   3509408.6753    779165.3315   5250969.6661   2  10   0.0208   0.0109   0.0215   0.0084   0.0091   0.0146   0.20    1.8
2026/04/23 07:42:38.300   3509408.7734    779165.3151   5250969.6052   2  11   0.0208   0.0109   0.0216   0.0083   0.0089   0.0147   0.30    1.2
2026/04/23 07:42:38.400   3509408.8664    779165.2956   5250969.5424   2  11   0.0208   0.0109   0.0217   0.0082   0.0088   0.0148   0.40    1.0
2026/04/23 07:42:38.500   3509408.9576    779165.2786   5250969.4760   2  11   0.0208   0.0108   0.0218   0.0081   0.0087   0.0149  -0.50    1.0
2026/04/23 07:42:38.600   3509409.0538    779165.2560   5250969.4142   2  10   0.0208   0.0110   0.0220   0.0079   0.0084   0.0149  -0.40    1.2
2026/04/23 07:42:38.700   3509409.1419    779165.2482   5250969.3437   2  12   0.0214   0.0110   0.0221   0.0073   0.0080   0.0151  -0.30    1.2
2026/04/23 07:42:38.800   3509409.2314    779165.2311   5250969.2828   2  12   0.0221   0.0113   0.0223   0.0063   0.0076   0.0155  -0.20    1.1
2026/04/23 07:42:38.900   3509409.3210    779165.2079   5250969.2319   2  11   0.0226   0.0115   0.0230   0.0068   0.0070   0.0154  -0.10    1.1
2026/04/23 07:42:39.000   3509409.4172    779165.1885   5250969.1732   2  13   0.0229   0.0116   0.0237   0.0073   0.0065   0.0153   0.00    1.0
2026/04/23 07:42:39.100   3509409.5067    779165.1705   5250969.1106   2  13   0.0231   0.0115   0.0242   0.0077   0.0063   0.0155   0.10    1.0
2026/04/23 07:42:39.200   3509409.6118    779165.1572   5250969.0406   2  11   0.0234   0.0115   0.0247   0.0076   0.0063   0.0159   0.20    1.8
2026/04/23 07:42:39.300   3509409.7155    779165.1441   5250968.9754   2  11   0.0232   0.0114   0.0250   0.0080   0.0066   0.0162   0.30    1.2
2026/04/23 07:42:39.400   3509409.7838    779165.1321   5250968.9332   2  11   0.0231   0.0112   0.0252   0.0083   0.0070   0.0166   0.40    1.2
2026/04/23 07:42:39.500   3509409.8348    779165.1200   5250968.8990   2  11   0.0229   0.0111   0.0253   0.0084   0.0074   0.0169  -0.50    1.2
2026/04/23 07:42:39.600   3509409.8752    779165.1125   5250968.8701   2  11   0.0228   0.0110   0.0254   0.0086   0.0077   0.0171  -0.40    1.2
2026/04/23 07:42:39.700   3509409.9138    779165.1050   5250968.8496   2  11   0.0227   0.0110   0.0254   0.0087   0.0080   0.0173  -0.30    1.2
2026/04/23 07:42:39.800   3509409.9341    779165.0950   5250968.8447   2  12   0.0225   0.0109   0.0254   0.0088   0.0082   0.0175  -0.20    1.0
2026/04/23 07:42:39.900   3509409.9429    779165.0963   5250968.8403   2  12   0.0224   0.0109   0.0253   0.0088   0.0084   0.0175  -0.10    1.0
2026/04/23 07:42:40.000   3509409.9430    779165.0998   5250968.8456   2  12   0.0223   0.0108   0.0252   0.0088   0.0085   0.0175   0.00    1.0
2026/04/23 07:42:40.100   3509409.9177    779165.1009   5250968.8627   2  12   0.0222   0.0108   0.0251   0.0088   0.0086   0.0175   0.10    1.0
2026/04/23 07:42:40.200   3509409.8965    779165.0976   5250968.8770   2  12   0.0220   0.0108   0.0250   0.0088   0.0086   0.0175   0.20    1.0
2026/04/23 07:42:40.300   3509409.8759    779165.0951   5250968.8881   2  12   0.0225   0.0112   0.0249   0.0095   0.0087   0.0175   0.30    1.1
2026/04/23 07:42:40.400   3509409.8690    779165.0977   5250968.8969   2  13   0.0228   0.0112   0.0248   0.0098   0.0089   0.0175   0.40    1.0
2026/04/23 07:42:40.500   3509409.8585    779165.0981   5250968.9064   2  12   0.0231   0.0114   0.0247   0.0102   0.0089   0.0175  -0.50    1.3
2026/04/23 07:42:40.600   3509409.8497    779165.1005   5250968.9119   2  12   0.0232   0.0114   0.0246   0.0103   0.0089   0.0174  -0.40    1.0
2026/04/23 07:42:40.700   3509409.8592    779165.1069   5250968.9128   2  12   0.0232   0.0113   0.0245   0.0102   0.0088   0.0174  -0.30    1.1
2026/04/23 07:42:40.800   3509409.8745    779165.1140   5250968.9093   2  13   0.0231   0.0110   0.0243   0.0099   0.0088   0.0173  -0.20    1.0
2026/04/23 07:42:40.900   3509409.8678    779165.1174   5250968.9055   2  13   0.0231   0.0109   0.0244   0.0098   0.0087   0.0170  -0.10    1.2
2026/04/23 07:42:41.000   3509409.8710    779165.1177   5250968.9034   2  13   0.0231   0.0108   0.0245   0.0097   0.0086   0.0167   0.00    1.1
2026/04/23 07:42:41.100   3509409.8785    779165.1153   5250968.9094   2  12   0.0230   0.0108   0.0245   0.0096   0.0084   0.0164   0.10    1.0
2026/04/23 07:42:41.200   3509409.8879    779165.1202   5250968.9055   2  13   0.0230   0.0107   0.0245   0.0095   0.0083   0.0162   0.20    1.0
2026/04/23 07:42:41.300   3509409.8916    779165.1223   5250968.9031   2  13   0.0229   0.0106   0.0245   0.0094   0.0082   0.0160   0.30    1.1
2026/04/23 07:42:41.400   3509409.9005    779165.1260   5250968.8966   2  13   0.0228   0.0106   0.0244   0.0093   0.0082   0.0159   0.40    1.0
2026/04/23 07:42:41.500   3509409.9058    779165.1283   5250968.8866   2  13   0.0226   0.0105   0.0242   0.0092   0.0082   0.0158  -0.50    1.1
2026/04/23 07:42:41.600   3509409.9084    779165.1262   5250968.8854   2  12   0.0225   0.0106   0.0241   0.0092   0.0080   0.0157  -0.40    1.1
2026/04/23 07:42:41.700   3509409.9084    779165.1294   5250968.8836   2  11   0.0225   0.0107   0.0242   0.0093   0.0078   0.0154  -0.30    1.0
2026/04/23 07:42:41.800   3509409.9048    779165.1256   5250968.8850   2  12   0.0224   0.0107   0.0241   0.0093   0.0077   0.0152  -0.20    1.0
2026/04/23 07:42:41.900   3509409.9059    779165.1197   5250968.8887   2  11   0.0224   0.0107   0.0241   0.0093   0.0075   0.0150  -0.10    1.1
2026/04/23 07:42:42.000   3509409.9121    779165.1135   5250968.8887   2  11   0.0223   0.0107   0.0241   0.0093   0.0074   0.0148   0.00    1.1
2026/04/23 07:42:42.100   3509409.9018    779165.1171   5250968.8871   2  11   0.0222   0.0107   0.0240   0.0092   0.0074   0.0147   0.10    1.1
2026/04/23 07:42:42.200   3509409.9016    779165.1138   5250968.8846   2  11   0.0221   0.0107   0.0239   0.0092   0.0074   0.0147   0.20    1.1
2026/04/23 07:42:42.300   3509409.9009    779165.1101   5250968.8828   2  11   0.0220   0.0107   0.0237   0.0091   0.0074   0.0147   0.30    1.1
2026/04/23 07:42:42.400   3509409.8962    779165.1066   5250968.8838   2  12   0.0219   0.0106   0.0236   0.0090   0.0074   0.0147   0.40    1.1
2026/04/23 07:42:42.500   3509409.8890    779165.1075   5250968.8832   2  11   0.0218   0.0106   0.0235   0.0089   0.0074   0.0148  -0.50    1.1
2026/04/23 07:42:42.600   3509409.8870    779165.1049   5250968.8850   2  11   0.0217   0.0106   0.0234   0.0089   0.0074   0.0148  -0.40    1.2
2026/04/23 07:42:42.700   3509409.8876    779165.1035   5250968.8845   2  12   0.0216   0.0105   0.0233   0.0088   0.0075   0.0148  -0.30    1.1
2026/04/23 07:42:42.800   3509409.8904    779165.1042   5250968.8826   2  11   0.0216   0.0105   0.0232   0.0087   0.0075   0.0148  -0.20    1.1
2026/04/23 07:42:42.900   3509409.8922    779165.1038   5250968.8782   2  11   0.0215   0.0105   0.0231   0.0087   0.0075   0.0148  -0.10    1.2
2026/04/23 07:42:43.000   3509409.8925    779165.1089   5250968.8752   2  12   0.0214   0.0104   0.0230   0.0086   0.0075   0.0148   0.00    1.2
2026/04/23 07:42:43.100   3509409.8895    779165.1096   5250968.8770   2  11   0.0214   0.0104   0.0229   0.0086   0.0075   0.0148   0.10    1.2
2026/04/23 07:42:43.200   3509409.8854    779165.1128   5250968.8769   2  11   0.0214   0.0105   0.0229   0.0086   0.0074   0.0148   0.20    1.2
2026/04/23 07:42:43.300   3509409.8828    779165.1157   5250968.8754   2  11   0.0214   0.0105   0.0229   0.0086   0.0074   0.0148   0.30    1.2
2026/04/23 07:42:43.400   3509409.8817    779165.1169   5250968.8739   2  11   0.0214   0.0105   0.0228   0.0086   0.0074   0.0148   0.40    1.2
2026/04/23 07:42:43.500   3509409.8776    779165.1166   5250968.8737   2  11   0.0213   0.0105   0.0228   0.0086   0.0074   0.0148  -0.50    1.3
2026/04/23 07:42:43.600   3509409.8762    779165.1163   5250968.8746   2  11   0.0213   0.0105   0.0228   0.0085   0.0074   0.0148  -0.40    1.3
2026/04/23 07:42:43.700   3509409.8767    779165.1175   5250968.8738   2  11   0.0213   0.0104   0.0228   0.0085   0.0073   0.0148  -0.30    1.3
2026/04/23 07:42:43.800   3509409.8782    779165.1166   5250968.8756   2  11   0.0213   0.0104   0.0228   0.0085   0.0073   0.0148  -0.20    1.3
2026/04/23 07:42:43.900   3509409.8804    779165.1130   5250968.8771   2  11   0.0213   0.0104   0.0228   0.0085   0.0073   0.0148  -0.10    1.3
2026/04/23 07:42:44.000   3509409.8801    779165.1110   5250968.8777   2  11   0.0213   0.0104   0.0227   0.0085   0.0073   0.0148   0.00    1.3
2026/04/23 07:42:44.100   3509409.8804    779165.1090   5250968.8787   2  11   0.0213   0.0104   0.0227   0.0085   0.0073   0.0148   0.10    1.3
2026/04/23 07:42:44.200   3509409.8796    779165.1083   5250968.8812   2  11   0.0213   0.0104   0.0227   0.0085   0.0073   0.0148   0.20    1.3
2026/04/23 07:42:44.300   3509409.8795    779165.1067   5250968.8858   2  11   0.0213   0.0104   0.0227   0.0085   0.0073   0.0148   0.30    1.3
2026/04/23 07:42:44.400   3509409.8795    779165.1061   5250968.8889   2  11   0.0213   0.0104   0.0227   0.0085   0.0073   0.0148   0.40    1.3
2026/04/23 07:42:44.500   3509409.8783    779165.1073   5250968.8910   2  11   0.0213   0.0104   0.0227   0.0085   0.0073   0.0148  -0.50    1.3
2026/04/23 07:42:44.600   3509409.8786    779165.1079   5250968.8929   2  11   0.0213   0.0104   0.0227   0.0085   0.0073   0.0148  -0.40    1.3
2026/04/23 07:42:44.700   3509409.8776    779165.1097   5250968.8944   2  11   0.0213   0.0104   0.0227   0.0084   0.0073   0.0149  -0.30    1.3
2026/04/23 07:42:44.800   3509409.8792    779165.1106   5250968.8969   2  11   0.0213   0.0104   0.0227   0.0084   0.0073   0.0149  -0.20    1.3
2026/04/23 07:42:44.900   3509409.8811    779165.1116   5250968.8988   2  11   0.0213   0.0104   0.0227   0.0084   0.0073   0.0149  -0.10    1.3
2026/04/23 07:42:45.000   3509409.8818    779165.1125   5250968.9014   2  11   0.0214   0.0104   0.0227   0.0084   0.0073   0.0149   0.00    1.3
2026/04/23 07:42:45.100   3509409.8840    779165.1131   5250968.9048   2  12   0.0214   0.0104   0.0227   0.0084   0.0073   0.0149   0.10    1.0
2026/04/23 07:42:45.200   3509409.8849    779165.1143   5250968.9074   2  12   0.0214   0.0103   0.0227   0.0084   0.0073   0.0150   0.20    1.1
2026/04/23 07:42:45.300   3509409.8866    779165.1142   5250968.9106   2  12   0.0214   0.0103   0.0227   0.0084   0.0074   0.0150   0.30    1.1
2026/04/23 07:42:45.400   3509410.1480    779165.0727   5250969.1415   1  11   0.0113   0.0069   0.0114   0.0040   0.0030   0.0037   0.40    3.6
2026/04/23 07:42:45.500   3509410.1496    779165.0729   5250969.1443   1  12   0.0112   0.0068   0.0114   0.0039   0.0031   0.0037  -0.50    3.6
2026/04/23 07:42:45.600   3509410.1512    779165.0752   5250969.1472   1  12   0.0112   0.0067   0.0114   0.0038   0.0032   0.0038  -0.40    3.5
2026/04/23 07:42:45.700   3509410.1542    779165.0754   5250969.1485   1  12   0.0112   0.0067   0.0114   0.0038   0.0033   0.0038  -0.30    3.5
2026/04/23 07:42:45.800   3509410.1535    779165.0755   5250969.1487   1  12   0.0112   0.0066   0.0114   0.0037   0.0033   0.0038  -0.20    3.5
2026/04/23 07:42:45.900   3509410.1530    779165.0750   5250969.1492   1  12   0.0112   0.0066   0.0114   0.0037   0.0034   0.0039  -0.10    3.5
2026/04/23 07:42:46.000   3509410.1546    779165.0726   5250969.1504   1  12   0.0112   0.0066   0.0113   0.0037   0.0034   0.0039   0.00    3.5
2026/04/23 07:42:46.100   3509410.1531    779165.0712   5250969.1523   1  12   0.0112   0.0065   0.0113   0.0036   0.0035   0.0039   0.10    3.5
2026/04/23 07:42:46.200   3509410.1536    779165.0709   5250969.1529   1  12   0.0112   0.0065   0.0113   0.0036   0.0035   0.0039   0.20    3.5
2026/04/23 07:42:46.300   3509410.1519    779165.0717   5250969.1530   1  12   0.0112   0.0065   0.0113   0.0036   0.0035   0.0039   0.30    3.5
2026/04/23 07:42:46.400   3509410.1497    779165.0699   5250969.1511   1  12   0.0112   0.0065   0.0113   0.0036   0.0035   0.0039   0.40    3.5
2026/04/23 07:42:46.500   3509410.1486    779165.0716   5250969.1482   1  12   0.0112   0.0065   0.0113   0.0036   0.0036   0.0040  -0.50    3.5
2026/04/23 07:42:46.600   3509410.1471    779165.0715   5250969.1469   1  12   0.0112   0.0065   0.0113   0.0036   0.0036   0.0040  -0.40    3.5
2026/04/23 07:42:46.700   3509410.1447    779165.0733   5250969.1467   1  12   0.0112   0.0065   0.0113   0.0036   0.0036   0.0040  -0.30    3.5
2026/04/23 07:42:46.800   3509410.1452    779165.0731   5250969.1450   1  12   0.0112   0.0065   0.0113   0.0036   0.0036   0.0040  -0.20    3.5
2026/04/23 07:42:46.900   3509410.1440    779165.0732   5250969.1438   1  12   0.0112   0.0065   0.0113   0.0036   0.0036   0.0040  -0.10    3.5
2026/04/23 07:42:47.000   3509410.1437    779165.0730   5250969.1433   1  12   0.0112   0.0065   0.0113   0.0036   0.0036   0.0040   0.00    3.6
2026/04/23 07:42:47.100   3509410.1427    779165.0712   5250969.1431   1  12   0.0112   0.0065   0.0113   0.0036   0.0036   0.0040   0.10    3.6
2026/04/23 07:42:47.200   3509410.1420    779165.0699   5250969.1424   1  12   0.0112   0.0065   0.0113   0.0036   0.0036   0.0040   0.20    3.6
2026/04/23 07:42:47.300   3509410.1420    779165.0696   5250969.1412   1  12   0.0112   0.0065   0.0113   0.0036   0.0036   0.0040   0.30    3.6
2026/04/23 07:42:47.400   3509410.1413    779165.0687   5250969.1405   1  12   0.0112   0.0065   0.0113   0.0036   0.0036   0.0040   0.40    3.6
2026/04/23 07:42:47.500   3509410.1407    779165.0685   5250969.1398   1  12   0.0112   0.0065   0.0113   0.0036   0.0036   0.0040  -0.50    3.6
2026/04/23 07:42:47.600   3509410.1410    779165.0672   5250969.1388   1  12   0.0112   0.0065   0.0113   0.0036   0.0036   0.0040  -0.40    3.6
2026/04/23 07:42:47.700   3509410.1402    779165.0649   5250969.1392   1  12   0.0112   0.0065   0.0113   0.0036   0.0036   0.0040  -0.30    3.6
2026/04/23 07:42:47.800   3509410.1401    779165.0656   5250969.1396   1  12   0.0112   0.0065   0.0113   0.0036   0.0036   0.0040  -0.20    3.6
2026/04/23 07:42:47.900   3509410.1396    779165.0653   5250969.1399   1  12   0.0112   0.0065   0.0113   0.0036   0.0036   0.0040  -0.10    3.6
2026/04/23 07:42:48.000   3509410.1375    779165.0654   5250969.1388   1  12   0.0112   0.0065   0.0113   0.0036   0.0036   0.0040   0.00    3.6
2026/04/23 07:42:48.100   3509410.1345    779165.0636   5250969.1372   1  12   0.0112   0.0065   0.0113   0.0036   0.0036   0.0040   0.10    3.6
2026/04/23 07:42:48.200   3509410.1337    779165.0643   5250969.1369   1  12   0.0112   0.0065   0.0113   0.0036   0.0036   0.0040   0.20    3.6
2026/04/23 07:42:48.300   3509410.1324    779165.0665   5250969.1374   1  12   0.0112   0.0065   0.0113   0.0036   0.0037   0.0040   0.30    3.6
2026/04/23 07:42:48.400   3509410.1310    779165.0673   5250969.1368   1  12   0.0112   0.0065   0.0113   0.0036   0.0037   0.0040   0.40    3.6
2026/04/23 07:42:48.500   3509410.1303    779165.0689   5250969.1361   1  12   0.0112   0.0065   0.0113   0.0036   0.0037   0.0040  -0.50    3.6
2026/04/23 07:42:48.600   3509410.1312    779165.0674   5250969.1342   1  12   0.0112   0.0065   0.0113   0.0036   0.0037   0.0040  -0.40    3.6
2026/04/23 07:42:48.700   3509410.1335    779165.0668   5250969.1321   1  12   0.0112   0.0065   0.0113   0.0036   0.0037   0.0040  -0.30    3.6
2026/04/23 07:42:48.800   3509410.1311    779165.0661   5250969.1329   1  12   0.0112   0.0065   0.0113   0.0036   0.0037   0.0040  -0.20    3.7
2026/04/23 07:42:48.900   3509410.1287    779165.0635   5250969.1321   1  12   0.0112   0.0065   0.0112   0.0036   0.0037   0.0040  -0.10    3.7
2026/04/23 07:42:49.000   3509410.1274    779165.0642   5250969.1326   1  12   0.0112   0.0065   0.0112   0.0036   0.0037   0.0040   0.00    3.7
2026/04/23 07:42:49.100   3509410.1248    779165.0645   5250969.1353   1  12   0.0112   0.0065   0.0112   0.0036   0.0037   0.0040   0.10    3.7
2026/04/23 07:42:49.200   3509410.1253    779165.0625   5250969.1354   1  12   0.0112   0.0065   0.0112   0.0036   0.0037   0.0040   0.20    3.7
2026/04/23 07:42:49.300   3509410.1257    779165.0631   5250969.1346   1  12   0.0112   0.0065   0.0112   0.0036   0.0037   0.0040   0.30    3.7
2026/04/23 07:42:49.400   3509410.1249    779165.0645   5250969.1338   1  12   0.0112   0.0065   0.0112   0.0036   0.0037   0.0040   0.40    3.7
2026/04/23 07:42:49.500   3509410.1260    779165.0644   5250969.1331   1  12   0.0112   0.0065   0.0113   0.0036   0.0037   0.0040  -0.50    3.7
2026/04/23 07:42:49.600   3509410.1273    779165.0655   5250969.1334   1  12   0.0112   0.0065   0.0113   0.0036   0.0037   0.0040  -0.40    3.7
2026/04/23 07:42:49.700   3509410.1280    779165.0651   5250969.1349   1  12   0.0112   0.0065   0.0113   0.0036   0.0037   0.0040  -0.30    3.7
2026/04/23 07:42:49.800   3509410.1282    779165.0631   5250969.1342   1  12   0.0112   0.0065   0.0112   0.0036   0.0037   0.0040  -0.20    3.7
2026/04/23 07:42:49.900   3509410.1306    779165.0610   5250969.1320   1  12   0.0112   0.0065   0.0112   0.0036   0.0037   0.0040  -0.10    3.7
2026/04/23 07:42:50.000   3509410.1314    779165.0633   5250969.1292   1  12   0.0112   0.0064   0.0112   0.0036   0.0037   0.0040   0.00    3.7
2026/04/23 07:42:50.100   3509410.1313    779165.0649   5250969.1261   1  12   0.0112   0.0064   0.0112   0.0036   0.0037   0.0040   0.10    3.7
2026/04/23 07:42:50.200   3509410.1317    779165.0639   5250969.1246   1  12   0.0112   0.0064   0.0112   0.0036   0.0037   0.0040   0.20    3.7
2026/04/23 07:42:50.300   3509410.1336    779165.0603   5250969.1220   1  12   0.0112   0.0065   0.0112   0.0035   0.0037   0.0040   0.30    3.6
2026/04/23 07:42:50.400   3509410.1366    779165.0578   5250969.1214   1  12   0.0112   0.0065   0.0112   0.0036   0.0037   0.0040   0.40    3.6
2026/04/23 07:42:50.500   3509410.1356    779165.0567   5250969.1227   1  12   0.0112   0.0065   0.0113   0.0036   0.0037   0.0040  -0.50    3.6
2026/04/23 07:42:50.600   3509410.1353    779165.0575   5250969.1225   1  12   0.0112   0.0065   0.0113   0.0036   0.0037   0.0040  -0.40    3.6
2026/04/23 07:42:50.700   3509410.1370    779165.0582   5250969.1237   1  12   0.0112   0.0065   0.0113   0.0036   0.0037   0.0040  -0.30    3.6
2026/04/23 07:42:50.800   3509410.1367    779165.0572   5250969.1247   1  12   0.0112   0.0065   0.0112   0.0036   0.0037   0.0040  -0.20    3.6
2026/04/23 07:42:50.900   3509410.1360    779165.0559   5250969.1267   1  12   0.0112   0.0064   0.0112   0.0035   0.0037   0.0040  -0.10    3.6
2026/04/23 07:42:51.000   3509410.1358    779165.0547   5250969.1290   1  12   0.0112   0.0064   0.0112   0.0035   0.0037   0.0040   0.00    3.6
2026/04/23 07:42:51.100   3509410.1375    779165.0555   5250969.1294   1  12   0.0112   0.0064   0.0112   0.0035   0.0037   0.0040   0.10    3.6
2026/04/23 07:42:51.200   3509410.1390    779165.0545   5250969.1276   1  12   0.0112   0.0064   0.0112   0.0035   0.0037   0.0040   0.20    3.6
2026/04/23 07:42:51.300   3509410.1390    779165.0558   5250969.1273   1  12   0.0112   0.0064   0.0112   0.0035   0.0037   0.0040   0.30    3.6
2026/04/23 07:42:51.400   3509410.1392    779165.0593   5250969.1279   1  12   0.0112   0.0065   0.0112   0.0035   0.0037   0.0040   0.40    3.6
2026/04/23 07:42:51.500   3509410.1362    779165.0623   5250969.1299   1  12   0.0112   0.0065   0.0113   0.0035   0.0037   0.0040  -0.50    3.6
2026/04/23 07:42:51.600   3509410.1332    779165.0599   5250969.1314   1  12   0.0112   0.0065   0.0113   0.0035   0.0037   0.0040  -0.40    3.6
2026/04/23 07:42:51.700   3509410.1293    779165.0584   5250969.1316   1  12   0.0112   0.0065   0.0112   0.0035   0.0037   0.0040  -0.30    3.5
2026/04/23 07:42:51.800   3509410.1276    779165.0590   5250969.1315   1  12   0.0112   0.0064   0.0112   0.0035   0.0037   0.0040  -0.20    3.5
2026/04/23 07:42:51.900   3509410.1235    779165.0604   5250969.1306   1  12   0.0112   0.0064   0.0112   0.0035   0.0037   0.0040  -0.10    3.5
2026/04/23 07:42:52.000   3509410.1224    779165.0620   5250969.1315   1  12   0.0112   0.0064   0.0112   0.0035   0.0037   0.0040   0.00    3.5
2026/04/23 07:42:52.100   3509410.1227    779165.0615   5250969.1319   1  12   0.0112   0.0064   0.0112   0.0035   0.0037   0.0040   0.10    3.5
2026/04/23 07:42:52.200   3509410.1238    779165.0616   5250969.1310   1  12   0.0112   0.0064   0.0112   0.0035   0.0037   0.0040   0.20    3.5
2026/04/23 07:42:52.300   3509410.1264    779165.0605   5250969.1307   1  13   0.0112   0.0064   0.0112   0.0035   0.0037   0.0040   0.30    3.5
2026/04/23 07:42:52.400   3509410.1281    779165.0608   5250969.1276   1  13   0.0112   0.0065   0.0112   0.0035   0.0037   0.0040   0.40    3.5
2026/04/23 07:42:52.500   3509410.1276    779165.0627   5250969.1245   1  13   0.0112   0.0065   0.0112   0.0035   0.0037   0.0040  -0.50    3.5
2026/04/23 07:42:52.600   3509410.1275    779165.0628   5250969.1229   1  13   0.0112   0.0064   0.0112   0.0035   0.0037   0.0040  -0.40    3.5
2026/04/23 07:42:52.700   3509410.1244    779165.0609   5250969.1220   1  13   0.0111   0.0064   0.0112   0.0035   0.0037   0.0041  -0.30    3.5
2026/04/23 07:42:52.800   3509410.1205    779165.0598   5250969.1225   1  13   0.0111   0.0064   0.0112   0.0035   0.0038   0.0041  -0.20    3.4
2026/04/23 07:42:52.900   3509410.1197    779165.0590   5250969.1214   1  13   0.0111   0.0064   0.0112   0.0034   0.0038   0.0042  -0.10    3.4
2026/04/23 07:42:53.000   3509410.1147    779165.0590   5250969.1196   1  13   0.0111   0.0064   0.0112   0.0034   0.0038   0.0042   0.00    3.4
2026/04/23 07:42:53.100   3509410.1141    779165.0602   5250969.1183   1  13   0.0111   0.0064   0.0112   0.0034   0.0038   0.0042   0.10    3.4
2026/04/23 07:42:53.200   3509410.1164    779165.0594   5250969.1172   1  13   0.0110   0.0064   0.0112   0.0033   0.0038   0.0043   0.20    3.4
2026/04/23 07:42:53.300   3509410.1172    779165.0603   5250969.1164   1  13   0.0110   0.0064   0.0112   0.0033   0.0039   0.0043   0.30    3.4
2026/04/23 07:42:53.400   3509410.1166    779165.0610   5250969.1142   1  13   0.0110   0.0064   0.0112   0.0033   0.0039   0.0043   0.40    3.4
2026/04/23 07:42:53.500   3509410.1192    779165.0605   5250969.1131   1  13   0.0110   0.0064   0.0112   0.0033   0.0039   0.0043  -0.50    3.4
2026/04/23 07:42:53.600   3509410.1205    779165.0602   5250969.1144   1  13   0.0110   0.0064   0.0112   0.0033   0.0039   0.0043  -0.40    3.4
2026/04/23 07:42:53.700   3509410.1243    779165.0607   5250969.1150   1  13   0.0110   0.0064   0.0112   0.0032   0.0039   0.0043  -0.30    3.4
2026/04/23 07:42:53.800   3509410.1235    779165.0607   5250969.1150   1  13   0.0110   0.0064   0.0112   0.0032   0.0039   0.0044  -0.20    3.4
2026/04/23 07:42:53.900   3509410.1234    779165.0585   5250969.1153   1  13   0.0110   0.0064   0.0111   0.0032   0.0039   0.0044  -0.10    3.4
2026/04/23 07:42:54.000   3509410.1263    779165.0592   5250969.1158   1  13   0.0110   0.0063   0.0111   0.0032   0.0039   0.0044   0.00    3.4
2026/04/23 07:42:54.100   3509410.1251    779165.0593   5250969.1184   1  13   0.0110   0.0063   0.0111   0.0032   0.0039   0.0044   0.10    3.3
2026/04/23 07:42:54.200   3509410.1231    779165.0586   5250969.1212   1  13   0.0110   0.0063   0.0111   0.0032   0.0039   0.0044   0.20    3.3
2026/04/23 07:42:54.300   3509410.1242    779165.0592   5250969.1216   1  13   0.0110   0.0064   0.0111   0.0032   0.0039   0.0044   0.30    3.3
2026/04/23 07:42:54.400   3509410.1238    779165.0616   5250969.1221   1  13   0.0110   0.0064   0.0111   0.0032   0.0039   0.0044   0.40    3.3
2026/04/23 07:42:54.500   3509410.1204    779165.0647   5250969.1216   1  13   0.0110   0.0064   0.0112   0.0032   0.0039   0.0044  -0.50    3.3
2026/04/23 07:42:54.600   3509410.1192    779165.0642   5250969.1200   1  13   0.0110   0.0064   0.0112   0.0032   0.0039   0.0044  -0.40    3.3
2026/04/23 07:42:54.700   3509410.1184    779165.0646   5250969.1189   1  13   0.0110   0.0064   0.0112   0.0032   0.0039   0.0044  -0.30    3.3
2026/04/23 07:42:54.800   3509410.1159    779165.0636   5250969.1200   1  13   0.0110   0.0063   0.0111   0.0032   0.0039   0.0044  -0.20    3.3
2026/04/23 07:42:54.900   3509410.1164    779165.0644   5250969.1197   1  13   0.0110   0.0063   0.0111   0.0032   0.0039   0.0044  -0.10    3.3
2026/04/23 07:42:55.000   3509410.1172    779165.0631   5250969.1206   1  13   0.0110   0.0063   0.0111   0.0032   0.0039   0.0044   0.00    3.3
2026/04/23 07:42:55.100   3509410.1191    779165.0629   5250969.1204   1  13   0.0110   0.0063   0.0111   0.0032   0.0039   0.0044   0.10    3.3
2026/04/23 07:42:55.200   3509410.1175    779165.0630   5250969.1209   1  13   0.0110   0.0063   0.0111   0.0032   0.0039   0.0044   0.20    3.3
2026/04/23 07:42:55.300   3509410.1176    779165.0620   5250969.1193   1  13   0.0110   0.0063   0.0111   0.0032   0.0039   0.0044   0.30    3.3
2026/04/23 07:42:55.400   3509410.1152    779165.0613   5250969.1182   1  13   0.0110   0.0063   0.0111   0.0032   0.0039   0.0044   0.40    3.3
2026/04/23 07:42:55.500   3509410.1132    779165.0603   5250969.1163   1  13   0.0110   0.0064   0.0112   0.0032   0.0039   0.0044  -0.50    3.2
2026/04/23 07:42:55.600   3509410.1125    779165.0606   5250969.1159   1  13   0.0110   0.0064   0.0112   0.0032   0.0039   0.0044  -0.40    3.2
2026/04/23 07:42:55.700   3509410.1130    779165.0609   5250969.1157   1  13   0.0110   0.0063   0.0111   0.0032   0.0039   0.0044  -0.30    3.2
2026/04/23 07:42:55.800   3509410.1124    779165.0605   5250969.1148   1  13   0.0110   0.0063   0.0111   0.0032   0.0039   0.0044  -0.20    3.2
2026/04/23 07:42:55.900   3509410.1124    779165.0596   5250969.1145   1  13   0.0110   0.0063   0.0111   0.0032   0.0039   0.0044  -0.10    3.2
2026/04/23 07:42:56.000   3509410.1092    779165.0576   5250969.1149   1  13   0.0110   0.0063   0.0111   0.0032   0.0039   0.0044   0.00    3.2
2026/04/23 07:42:56.100   3509410.1081    779165.0573   5250969.1135   1  13   0.0110   0.0063   0.0111   0.0032   0.0039   0.0044   0.10    3.2
2026/04/23 07:42:56.200   3509410.1064    779165.0554   5250969.1110   1  13   0.0110   0.0063   0.0111   0.0032   0.0039   0.0044   0.20    3.2
2026/04/23 07:42:56.300   3509410.1065    779165.0547   5250969.1097   1  13   0.0110   0.0063   0.0111   0.0032   0.0039   0.0044   0.30    3.2
2026/04/23 07:42:56.400   3509410.1104    779165.0574   5250969.1084   1  13   0.0110   0.0063   0.0111   0.0032   0.0039   0.0044   0.40    3.2
2026/04/23 07:42:56.500   3509410.1133    779165.0575   5250969.1069   1  13   0.0110   0.0064   0.0111   0.0032   0.0039   0.0044  -0.50    3.2
2026/04/23 07:42:56.600   3509410.1165    779165.0559   5250969.1078   1  13   0.0110   0.0064   0.0111   0.0032   0.0039   0.0044  -0.40    3.2
2026/04/23 07:42:56.700   3509410.1174    779165.0566   5250969.1080   1  13   0.0110   0.0063   0.0111   0.0032   0.0039   0.0044  -0.30    3.2
2026/04/23 07:42:56.800   3509410.1174    779165.0578   5250969.1089   1  13   0.0110   0.0063   0.0111   0.0032   0.0039   0.0044  -0.20    3.2
2026/04/23 07:42:56.900   3509410.1174    779165.0577   5250969.1093   1  13   0.0110   0.0063   0.0111   0.0032   0.0039   0.0044  -0.10    3.2
2026/04/23 07:42:57.000   3509410.1204    779165.0575   5250969.1098   1  13   0.0109   0.0063   0.0111   0.0032   0.0039   0.0044   0.00    3.2
2026/04/23 07:42:57.100   3509410.1223    779165.0585   5250969.1110   1  13   0.0109   0.0063   0.0111   0.0032   0.0039   0.0044   0.10    3.2
2026/04/23 07:42:57.200   3509410.1188    779165.0561   5250969.1127   1  13   0.0109   0.0063   0.0111   0.0032   0.0039   0.0044   0.20    3.2
2026/04/23 07:42:57.300   3509410.1156    779165.0557   5250969.1127   1  13   0.0110   0.0063   0.0111   0.0032   0.0039   0.0044   0.30    3.1
2026/04/23 07:42:57.400   3509410.1167    779165.0563   5250969.1119   1  13   0.0110   0.0063   0.0111   0.0032   0.0039   0.0044   0.40    3.1
2026/04/23 07:42:57.500   3509410.1200    779165.0567   5250969.1105   1  13   0.0110   0.0064   0.0111   0.0032   0.0039   0.0044  -0.50    3.1
2026/04/23 07:42:57.600   3509410.1200    779165.0582   5250969.1108   1  13   0.0110   0.0063   0.0111   0.0032   0.0039   0.0044  -0.40    3.1
2026/04/23 07:42:57.700   3509410.1177    779165.0573   5250969.1121   1  13   0.0110   0.0063   0.0111   0.0032   0.0039   0.0044  -0.30    3.1
2026/04/23 07:42:57.800   3509410.1154    779165.0587   5250969.1124   1  13   0.0110   0.0063   0.0111   0.0032   0.0039   0.0044  -0.20    3.1
2026/04/23 07:42:57.900   3509410.1141    779165.0616   5250969.1118   1  13   0.0109   0.0063   0.0111   0.0032   0.0039   0.0044  -0.10    3.1
2026/04/23 07:42:58.000   3509410.1141    779165.0608   5250969.1105   1  13   0.0109   0.0063   0.0111   0.0032   0.0039   0.0044   0.00    3.1
2026/04/23 07:42:58.100   3509410.1141    779165.0587   5250969.1102   1  13   0.0109   0.0063   0.0111   0.0032   0.0039   0.0044   0.10    3.1
2026/04/23 07:42:58.200   3509410.1137    779165.0595   5250969.1087   1  13   0.0109   0.0063   0.0111   0.0032   0.0039   0.0044   0.20    3.1
2026/04/23 07:42:58.300   3509410.1124    779165.0596   5250969.1083   1  13   0.0109   0.0063   0.0111   0.0032   0.0039   0.0044   0.30    3.1
2026/04/23 07:42:58.400   3509410.1122    779165.0592   5250969.1103   1  13   0.0110   0.0063   0.0111   0.0032   0.0039   0.0044   0.40    3.1
2026/04/23 07:42:58.500   3509410.1122    779165.0600   5250969.1106   1  13   0.0110   0.0064   0.0111   0.0032   0.0039   0.0044  -0.50    3.1
2026/04/23 07:42:58.600   3509410.1144    779165.0598   5250969.1098   1  13   0.0110   0.0063   0.0111   0.0032   0.0039   0.0044  -0.40    3.1
2026/04/23 07:42:58.700   3509410.1175    779165.0591   5250969.1094   1  13   0.0110   0.0063   0.0111   0.0032   0.0039   0.0044  -0.30    3.1
2026/04/23 07:42:58.800   3509410.1194    779165.0594   5250969.1107   1  13   0.0109   0.0063   0.0111   0.0032   0.0039   0.0044  -0.20    3.1
2026/04/23 07:42:58.900   3509410.1240    779165.0610   5250969.1116   1  13   0.0109   0.0063   0.0111   0.0032   0.0039   0.0044  -0.10    3.1
2026/04/23 07:42:59.000   3509410.1259    779165.0596   5250969.1124   1  13   0.0109   0.0063   0.0111   0.0032   0.0039   0.0044   0.00    3.1
2026/04/23 07:42:59.100   3509410.1254    779165.0576   5250969.1141   1  13   0.0109   0.0063   0.0111   0.0032   0.0039   0.0044   0.10    3.1
2026/04/23 07:42:59.200   3509410.1263    779165.0561   5250969.1149   1  13   0.0109   0.0063   0.0111   0.0032   0.0039   0.0044   0.20    3.1
2026/04/23 07:42:59.300   3509410.1273    779165.0540   5250969.1161   1  13   0.0109   0.0063   0.0111   0.0032   0.0039   0.0044   0.30    3.1
2026/04/23 07:42:59.400   3509410.1279    779165.0547   5250969.1169   1  13   0.0110   0.0063   0.0111   0.0032   0.0039   0.0044   0.40    3.1
2026/04/23 07:42:59.500   3509410.1248    779165.0565   5250969.1181   1  13   0.0110   0.0063   0.0111   0.0032   0.0039   0.0044  -0.50    3.0
2026/04/23 07:42:59.600   3509410.1211    779165.0564   5250969.1205   1  13   0.0110   0.0063   0.0111   0.0032   0.0039   0.0044  -0.40    3.0
2026/04/23 07:42:59.700   3509410.1175    779165.0552   5250969.1214   1  13   0.0110   0.0063   0.0111   0.0032   0.0039   0.0044  -0.30    3.0
2026/04/23 07:42:59.800   3509410.1177    779165.0563   5250969.1219   1  13   0.0109   0.0063   0.0111   0.0032   0.0039   0.0044  -0.20    3.0
2026/04/23 07:42:59.900   3509410.1170    779165.0554   5250969.1217   1  13   0.0109   0.0063   0.0111   0.0032   0.0039   0.0044  -0.10    3.0
2026/04/23 07:43:00.000   3509410.1232    779165.0710   5250969.1387   2  13   0.0165   0.0087   0.0185   0.0066   0.0065   0.0096   0.00    3.0
2026/04/23 07:43:00.100   3509410.1216    779165.0724   5250969.1386   2  13   0.0165   0.0087   0.0185   0.0066   0.0065   0.0096   0.10    3.0
2026/04/23 07:43:00.200   3509410.1189    779165.0734   5250969.1369   2  13   0.0165   0.0087   0.0185   0.0066   0.0065   0.0096   0.20    3.0
2026/04/23 07:43:00.300   3509410.1186    779165.0737   5250969.1367   2  13   0.0165   0.0087   0.0185   0.0066   0.0065   0.0096   0.30    2.1
2026/04/23 07:43:00.400   3509410.1179    779165.0746   5250969.1333   2  13   0.0165   0.0087   0.0185   0.0066   0.0065   0.0096   0.40    1.0
2026/04/23 07:43:00.500   3509410.1151    779165.0745   5250969.1332   2  13   0.0165   0.0087   0.0185   0.0066   0.0065   0.0096  -0.50    1.6
2026/04/23 07:43:00.600   3509410.1156    779165.0752   5250969.1340   2  13   0.0165   0.0087   0.0185   0.0066   0.0065   0.0096  -0.40    1.0
2026/04/23 07:43:00.700   3509410.1196    779165.0745   5250969.1344   2  13   0.0165   0.0087   0.0185   0.0066   0.0065   0.0096  -0.30    1.0
2026/04/23 07:43:00.800   3509410.1215    779165.0730   5250969.1325   2  13   0.0165   0.0087   0.0185   0.0066   0.0065   0.0096  -0.20    1.0
2026/04/23 07:43:00.900   3509410.1227    779165.0725   5250969.1310   2  13   0.0165   0.0087   0.0185   0.0066   0.0065   0.0096  -0.10    1.2
2026/04/23 07:43:01.000   3509410.1220    779165.0722   5250969.1315   2  13   0.0165   0.0087   0.0185   0.0066   0.0065   0.0096   0.00    1.2
2026/04/23 07:43:01.100   3509410.1213    779165.0720   5250969.1329   2  13   0.0165   0.0087   0.0185   0.0066   0.0065   0.0096   0.10    1.1
2026/04/23 07:43:01.200   3509410.1226    779165.0710   5250969.1327   2  13   0.0165   0.0087   0.0185   0.0066   0.0065   0.0096   0.20    1.3
2026/04/23 07:43:01.300   3509410.1218    779165.0702   5250969.1325   2  13   0.0165   0.0087   0.0185   0.0066   0.0065   0.0096   0.30    1.1
2026/04/23 07:43:01.400   3509410.1221    779165.0693   5250969.1325   2  13   0.0165   0.0087   0.0185   0.0066   0.0065   0.0096   0.40    1.1
2026/04/23 07:43:01.500   3509410.1232    779165.0708   5250969.1322   2  13   0.0165   0.0087   0.0185   0.0066   0.0065   0.0096  -0.50    1.2
2026/04/23 07:43:01.600   3509410.1235    779165.0717   5250969.1311   2  13   0.0165   0.0087   0.0185   0.0066   0.0065   0.0096  -0.40    1.0
2026/04/23 07:43:01.700   3509410.1242    779165.0719   5250969.1312   2  13   0.0165   0.0087   0.0185   0.0066   0.0065   0.0096  -0.30    1.4
2026/04/23 07:43:01.800   3509410.1243    779165.0710   5250969.1328   2  13   0.0165   0.0087   0.0185   0.0066   0.0065   0.0096  -0.20    1.5
2026/04/23 07:43:01.900   3509410.1232    779165.0719   5250969.1334   2  13   0.0165   0.0087   0.0185   0.0066   0.0065   0.0096  -0.10    1.5
2026/04/23 07:43:02.000   3509410.1224    779165.0725   5250969.1331   2  13   0.0165   0.0087   0.0185   0.0066   0.0065   0.0096   0.00    1.1
2026/04/23 07:43:02.100   3509410.1204    779165.0719   5250969.1340   2  13   0.0165   0.0087   0.0185   0.0066   0.0065   0.0096   0.10    1.0
2026/04/23 07:43:02.200   3509410.1197    779165.0732   5250969.1337   2  13   0.0165   0.0087   0.0185   0.0066   0.0065   0.0096   0.20    1.0
2026/04/23 07:43:02.300   3509410.1191    779165.0718   5250969.1342   2  13   0.0165   0.0087   0.0185   0.0066   0.0065   0.0096   0.30    1.2
2026/04/23 07:43:02.400   3509410.1179    779165.0704   5250969.1356   2  13   0.0165   0.0087   0.0185   0.0066   0.0065   0.0096   0.40    1.1
2026/04/23 07:43:02.500   3509410.1143    779165.0710   5250969.1361   2  13   0.0165   0.0087   0.0185   0.0066   0.0065   0.0096  -0.50    1.1
2026/04/23 07:43:02.600   3509410.1139    779165.0699   5250969.1343   2  13   0.0165   0.0087   0.0185   0.0066   0.0065   0.0096  -0.40    1.3
2026/04/23 07:43:02.700   3509410.1148    779165.0718   5250969.1318   2  13   0.0165   0.0087   0.0185   0.0066   0.0065   0.0096  -0.30    1.1
2026/04/23 07:43:02.800   3509410.1140    779165.0739   5250969.1308   2  13   0.0165   0.0087   0.0185   0.0066   0.0065   0.0096  -0.20    1.1
2026/04/23 07:43:02.900   3509410.1136    779165.0739   5250969.1306   2  13   0.0165   0.0087   0.0185   0.0066   0.0065   0.0096  -0.10    1.2
2026/04/23 07:43:03.000   3509410.1126    779165.0728   5250969.1291   2  13   0.0165   0.0087   0.0185   0.0066   0.0065   0.0096   0.00    1.0
2026/04/23 07:43:03.100   3509410.1122    779165.0719   5250969.1287   2  13   0.0165   0.0087   0.0185   0.0066   0.0065   0.0096   0.10    1.4
2026/04/23 07:43:03.200   3509410.1114    779165.0719   5250969.1293   2  13   0.0165   0.0087   0.0185   0.0066   0.0065   0.0096   0.20    1.4
2026/04/23 07:43:03.300   3509410.1147    779165.0746   5250969.1280   2  13   0.0165   0.0087   0.0185   0.0066   0.0065   0.0096   0.30    1.5
2026/04/23 07:43:03.400   3509410.1139    779165.0747   5250969.1281   2  13   0.0165   0.0087   0.0185   0.0066   0.0065   0.0096   0.40    1.1
2026/04/23 07:43:03.500   3509410.1167    779165.0736   5250969.1280   2  13   0.0165   0.0087   0.0185   0.0066   0.0065   0.0096  -0.50    1.0
2026/04/23 07:43:03.600   3509410.1218    779165.0704   5250969.1268   2  13   0.0165   0.0087   0.0185   0.0066   0.0065   0.0096  -0.40    1.0
2026/04/23 07:43:03.700   3509410.1239    779165.0717   5250969.1273   2  13   0.0165   0.0087   0.0185   0.0066   0.0065   0.0096  -0.30    1.2
2026/04/23 07:43:03.800   3509410.1262    779165.0716   5250969.1286   2  13   0.0165   0.0087   0.0185   0.0066   0.0065   0.0096  -0.20    1.1
2026/04/23 07:43:03.900   3509410.1264    779165.0708   5250969.1294   2  13   0.0165   0.0087   0.0185   0.0066   0.0065   0.0096  -0.10    1.1
2026/04/23 07:43:04.000   3509410.1272    779165.0704   5250969.1297   2  13   0.0165   0.0087   0.0185   0.0066   0.0065   0.0096   0.00    1.2
2026/04/23 07:43:04.100   3509410.1302    779165.0704   5250969.1292   2  13   0.0165   0.0087   0.0185   0.0066   0.0065   0.0096   0.10    1.2
2026/04/23 07:43:04.200   3509410.1338    779165.0693   5250969.1281   2  13   0.0165   0.0087   0.0185   0.0066   0.0065   0.0096   0.20    1.1
2026/04/23 07:43:04.300   3509410.1306    779165.0673   5250969.1295   2  13   0.0165   0.0087   0.0185   0.0066   0.0065   0.0096   0.30    1.1
2026/04/23 07:43:04.400   3509410.1290    779165.0678   5250969.1308   2  13   0.0165   0.0087   0.0185   0.0066   0.0065   0.0096   0.40    1.0
2026/04/23 07:43:04.500   3509410.1328    779165.0681   5250969.1303   2  13   0.0165   0.0087   0.0185   0.0066   0.0065   0.0096  -0.50    1.4
2026/04/23 07:43:04.600   3509410.1347    779165.0685   5250969.1310   2  13   0.0165   0.0087   0.0185   0.0066   0.0065   0.0096  -0.40    1.4
2026/04/23 07:43:04.700   3509410.1361    779165.0687   5250969.1306   2  13   0.0165   0.0087   0.0185   0.0066   0.0065   0.0096  -0.30    1.4
2026/04/23 07:43:04.800   3509410.1362    779165.0706   5250969.1315   2  13   0.0165   0.0087   0.0185   0.0066   0.0065   0.0096  -0.20    1.1
2026/04/23 07:43:04.900   3509410.1340    779165.0719   5250969.1324   2  13   0.0165   0.0087   0.0185   0.0066   0.0065   0.0096  -0.10    1.0
2026/04/23 07:43:05.000   3509410.1354    779165.0728   5250969.1334   2  13   0.0165   0.0087   0.0185   0.0066   0.0065   0.0096   0.00    1.0
2026/04/23 07:43:05.100   3509410.1368    779165.0718   5250969.1343   2  13   0.0165   0.0087   0.0185   0.0066   0.0065   0.0096   0.10    1.2
2026/04/23 07:43:05.200   3509410.1358    779165.0703   5250969.1342   2  13   0.0165   0.0087   0.0185   0.0066   0.0065   0.0096   0.20    1.1
2026/04/23 07:43:05.300   3509410.1347    779165.0701   5250969.1338   2  13   0.0165   0.0087   0.0185   0.0066   0.0065   0.0096   0.30    1.1
2026/04/23 07:43:05.400   3509410.1342    779165.0696   5250969.1344   2  13   0.0165   0.0087   0.0185   0.0066   0.0065   0.0096   0.40    1.2
2026/04/23 07:43:05.500   3509410.1347    779165.0694   5250969.1340   2  13   0.0165   0.0087   0.0185   0.0066   0.0065   0.0096  -0.50    1.2
2026/04/23 07:43:05.600   3509410.1376    779165.0696   5250969.1333   2  13   0.0165   0.0087   0.0185   0.0066   0.0065   0.0096  -0.40    1.1
2026/04/23 07:43:05.700   3509410.1397    779165.0686   5250969.1329   2  13   0.0165   0.0087   0.0185   0.0066   0.0065   0.0096  -0.30    1.1
2026/04/23 07:43:05.800   3509410.1387    779165.0678   5250969.1340   2  13   0.0165   0.0087   0.0185   0.0066   0.0065   0.0096  -0.20    1.0
2026/04/23 07:43:05.900   3509410.1363    779165.0671   5250969.1357   2  13   0.0165   0.0087   0.0185   0.0066   0.0065   0.0096  -0.10    1.4
2026/04/23 07:43:06.000   3509410.1368    779165.0670   5250969.1349   2  13   0.0165   0.0087   0.0185   0.0066   0.0065   0.0096   0.00    1.3
2026/04/23 07:43:06.100   3509410.1371    779165.0670   5250969.1351   2  13   0.0165   0.0087   0.0185   0.0066   0.0065   0.0096   0.10    1.4
2026/04/23 07:43:06.200   3509410.1356    779165.0682   5250969.1346   2  13   0.0165   0.0087   0.0185   0.0066   0.0065   0.0096   0.20    1.1
2026/04/23 07:43:06.300   3509410.1291    779165.0693   5250969.1359   2  13   0.0165   0.0087   0.0185   0.0066   0.0065   0.0096   0.30    1.0
2026/04/23 07:43:06.400   3509410.1246    779165.0715   5250969.1352   2  13   0.0165   0.0087   0.0185   0.0066   0.0065   0.0096   0.40    1.0
2026/04/23 07:43:06.500   3509410.1233    779165.0716   5250969.1351   2  13   0.0165   0.0087   0.0185   0.0066   0.0065   0.0096  -0.50    1.3
2026/04/23 07:43:06.600   3509410.1229    779165.0721   5250969.1334   2  13   0.0165   0.0087   0.0185   0.0066   0.0065   0.0096  -0.40    1.1
2026/04/23 07:43:06.700   3509410.1245    779165.0716   5250969.1335   2  13   0.0165   0.0087   0.0185   0.0066   0.0065   0.0096  -0.30    1.0
2026/04/23 07:43:06.800   3509410.1250    779165.0721   5250969.1325   2  13   0.0165   0.0087   0.0185   0.0066   0.0065   0.0096  -0.20    1.2
2026/04/23 07:43:06.900   3509410.1271    779165.0706   5250969.1317   2  13   0.0165   0.0087   0.0185   0.0066   0.0065   0.0096  -0.10    1.2
2026/04/23 07:43:07.000   3509410.1272    779165.0695   5250969.1318   2  13   0.0165   0.0087   0.0185   0.0066   0.0065   0.0096   0.00    1.1
2026/04/23 07:43:07.100   3509410.1258    779165.0673   5250969.1336   2  13   0.0165   0.0087   0.0185   0.0066   0.0065   0.0096   0.10    1.1
2026/04/23 07:43:07.200   3509410.1273    779165.0664   5250969.1333   2  13   0.0165   0.0087   0.0185   0.0066   0.0065   0.0096   0.20    1.1
2026/04/23 07:43:07.300   3509410.1279    779165.0669   5250969.1341   2  13   0.0165   0.0087   0.0185   0.0066   0.0065   0.0096   0.30    1.4
2026/04/23 07:43:07.400   3509410.1278    779165.0673   5250969.1346   2  13   0.0165   0.0087   0.0185   0.0066   0.0065   0.0096   0.40    1.3
2026/04/23 07:43:07.500   3509410.1260    779165.0671   5250969.1350   2  13   0.0165   0.0087   0.0185   0.0066   0.0065   0.0096  -0.50    1.3
2026/04/23 07:43:07.600   3509410.1250    779165.0675   5250969.1358   2  13   0.0165   0.0087   0.0185   0.0066   0.0065   0.0096  -0.40    1.1
2026/04/23 07:43:07.700   3509410.1229    779165.0675   5250969.1361   2  13   0.0165   0.0087   0.0185   0.0066   0.0065   0.0096  -0.30    1.1
2026/04/23 07:43:07.800   3509410.1209    779165.0684   5250969.1352   2  13   0.0165   0.0087   0.0185   0.0066   0.0065   0.0096  -0.20    1.0
2026/04/23 07:43:07.900   3509410.1204    779165.0691   5250969.1337   2  13   0.0165   0.0087   0.0185   0.0066   0.0065   0.0096  -0.10    1.3
2026/04/23 07:43:08.000   3509410.1162    779165.0694   5250969.1324   2  13   0.0165   0.0087   0.0185   0.0066   0.0065   0.0096   0.00    1.0
2026/04/23 07:43:08.100   3509410.1118    779165.0721   5250969.1306   2  13   0.0165   0.0087   0.0185   0.0066   0.0065   0.0096   0.10    1.0
2026/04/23 07:43:08.200   3509410.1094    779165.0697   5250969.1295   2  13   0.0165   0.0087   0.0185   0.0066   0.0065   0.0096   0.20    1.2
2026/04/23 07:43:08.300   3509410.1062    779165.0694   5250969.1284   2  13   0.0165   0.0087   0.0185   0.0066   0.0065   0.0096   0.30    1.2
2026/04/23 07:43:08.400   3509410.1031    779165.0690   5250969.1273   2  13   0.0165   0.0087   0.0185   0.0066   0.0065   0.0096   0.40    1.1
2026/04/23 07:43:08.500   3509410.1032    779165.0689   5250969.1269   2  13   0.0165   0.0087   0.0185   0.0066   0.0065   0.0096  -0.50    1.1
2026/04/23 07:43:08.600   3509410.1052    779165.0672   5250969.1264   2  13   0.0165   0.0087   0.0185   0.0066   0.0065   0.0096  -0.40    1.1
2026/04/23 07:43:08.700   3509410.1048    779165.0666   5250969.1266   2  13   0.0165   0.0087   0.0185   0.0066   0.0065   0.0096  -0.30    1.4
2026/04/23 07:43:08.800   3509410.1052    779165.0671   5250969.1263   2  13   0.0165   0.0087   0.0185   0.0066   0.0065   0.0096  -0.20    1.3
2026/04/23 07:43:08.900   3509410.1067    779165.0652   5250969.1254   2  13   0.0165   0.0087   0.0185   0.0066   0.0065   0.0096  -0.10    1.3
2026/04/23 07:43:09.000   3509410.1051    779165.0647   5250969.1269   2  13   0.0165   0.0087   0.0185   0.0066   0.0065   0.0096   0.00    1.2
2026/04/23 07:43:09.100   3509410.1056    779165.0651   5250969.1263   2  13   0.0165   0.0087   0.0185   0.0066   0.0065   0.0096   0.10    1.1
2026/04/23 07:43:09.200   3509410.1071    779165.0659   5250969.1256   2  13   0.0165   0.0087   0.0185   0.0066   0.0065   0.0096   0.20    1.0
2026/04/23 07:43:09.300   3509410.1083    779165.0660   5250969.1244   2  13   0.0165   0.0087   0.0185   0.0066   0.0065   0.0096   0.30    1.3
2026/04/23 07:43:09.400   3509410.1079    779165.0651   5250969.1244   2  13   0.0165   0.0087   0.0185   0.0066   0.0065   0.0096   0.40    1.0
2026/04/23 07:43:09.500   3509410.1096    779165.0659   5250969.1254   2  13   0.0165   0.0087   0.0185   0.0066   0.0065   0.0096  -0.50    1.0
2026/04/23 07:43:09.600   3509410.1122    779165.0672   5250969.1268   2  13   0.0165   0.0087   0.0185   0.0066   0.0065   0.0096  -0.40    1.1
2026/04/23 07:43:09.700   3509410.1188    779165.0672   5250969.1266   2  13   0.0165   0.0087   0.0185   0.0066   0.0065   0.0096  -0.30    1.1
2026/04/23 07:43:09.800   3509410.1231    779165.0678   5250969.1292   2  13   0.0165   0.0087   0.0185   0.0066   0.0065   0.0096  -0.20    1.1
2026/04/23 07:43:09.900   3509410.1239    779165.0673   5250969.1312   2  13   0.0165   0.0087   0.0185   0.0066   0.0065   0.0096  -0.10    1.1
2026/04/23 07:43:10.000   3509410.1267    779165.0669   5250969.1329   2  13   0.0165   0.0087   0.0185   0.0066   0.0065   0.0096   0.00    1.1
2026/04/23 07:43:10.100   3509410.1302    779165.0661   5250969.1349   2  13   0.0165   0.0087   0.0185   0.0066   0.0065   0.0096   0.10    1.4
2026/04/23 07:43:10.200   3509410.1332    779165.0639   5250969.1356   2  13   0.0165   0.0087   0.0185   0.0066   0.0065   0.0096   0.20    1.2
2026/04/23 07:43:10.300   3509410.1345    779165.0647   5250969.1386   2  13   0.0165   0.0087   0.0185   0.0066   0.0065   0.0096   0.30    1.3
2026/04/23 07:43:10.400   3509410.1366    779165.0651   5250969.1412   2  13   0.0165   0.0087   0.0185   0.0066   0.0065   0.0096   0.40    1.2
2026/04/23 07:43:10.500   3509410.1395    779165.0661   5250969.1428   2  13   0.0165   0.0087   0.0185   0.0066   0.0065   0.0096  -0.50    1.1
2026/04/23 07:43:10.600   3509410.1467    779165.0646   5250969.1433   2  13   0.0165   0.0087   0.0185   0.0066   0.0065   0.0096  -0.40    1.0
2026/04/23 07:43:10.700   3509410.1506    779165.0642   5250969.1464   2  13   0.0165   0.0087   0.0185   0.0066   0.0065   0.0096  -0.30    1.3
2026/04/23 07:43:10.800   3509410.1527    779165.0649   5250969.1493   2  13   0.0165   0.0087   0.0185   0.0066   0.0065   0.0096  -0.20    1.0
2026/04/23 07:43:10.900   3509410.1537    779165.0657   5250969.1518   2  13   0.0165   0.0087   0.0185   0.0066   0.0065   0.0096  -0.10    1.0
2026/04/23 07:43:11.000   3509410.1540    779165.0666   5250969.1540   2  13   0.0165   0.0087   0.0185   0.0066   0.0065   0.0096   0.00    1.1
2026/04/23 07:43:11.100   3509410.1540    779165.0657   5250969.1561   2  13   0.0165   0.0087   0.0185   0.0066   0.0065   0.0096   0.10    1.1
2026/04/23 07:43:11.200   3509410.1522    779165.0656   5250969.1567   2  13   0.0165   0.0087   0.0185   0.0066   0.0065   0.0096   0.20    1.1
2026/04/23 07:43:11.300   3509410.1512    779165.0665   5250969.1572   2  13   0.0165   0.0087   0.0185   0.0066   0.0065   0.0096   0.30    1.1
2026/04/23 07:43:11.400   3509410.1512    779165.0670   5250969.1580   2  13   0.0165   0.0087   0.0185   0.0066   0.0065   0.0096   0.40    1.1
2026/04/23 07:43:11.500   3509410.1514    779165.0680   5250969.1588   2  13   0.0165   0.0087   0.0185   0.0066   0.0065   0.0096  -0.50    1.4
2026/04/23 07:43:11.600   3509410.1491    779165.0686   5250969.1591   2  13   0.0165   0.0087   0.0185   0.0066   0.0065   0.0096  -0.40    1.2
2026/04/23 07:43:11.700   3509410.1471    779165.0669   5250969.1580   2  13   0.0165   0.0087   0.0185   0.0066   0.0065   0.0096  -0.30    1.3
2026/04/23 07:43:11.800   3509410.1448    779165.0657   5250969.1563   2  13   0.0165   0.0087   0.0185   0.0066   0.0065   0.0096  -0.20    1.2
2026/04/23 07:43:11.900   3509410.1447    779165.0644   5250969.1535   2  13   0.0165   0.0087   0.0185   0.0066   0.0065   0.0096  -0.10    1.1
2026/04/23 07:43:12.000   3509410.1440    779165.0650   5250969.1523   2  13   0.0165   0.0087   0.0185   0.0066   0.0065   0.0096   0.00    1.0
2026/04/23 07:43:12.100   3509410.1437    779165.0653   5250969.1504   2  13   0.0165   0.0087   0.0185   0.0066   0.0065   0.0096   0.10    1.3
2026/04/23 07:43:12.200   3509410.1435    779165.0662   5250969.1495   2  13   0.0165   0.0087   0.0185   0.0066   0.0065   0.0096   0.20    1.0
2026/04/23 07:43:12.300   3509410.1444    779165.0636   5250969.1486   2  13   0.0165   0.0087   0.0185   0.0066   0.0065   0.0096   0.30    1.0
2026/04/23 07:43:12.400   3509410.1470    779165.0641   5250969.1483   2  13   0.0165   0.0087   0.0185   0.0066   0.0065   0.0096   0.40    1.1
2026/04/23 07:43:12.500   3509410.1500    779165.0644   5250969.1485   2  13   0.0165   0.0087   0.0185   0.0066   0.0065   0.0096  -0.50    1.1
2026/04/23 07:43:12.600   3509410.1517    779165.0619   5250969.1481   2  13   0.0165   0.0087   0.0185   0.0066   0.0065   0.0096  -0.40    1.0
2026/04/23 07:43:12.700   3509410.1514    779165.0613   5250969.1496   2  13   0.0165   0.0087   0.0185   0.0066   0.0065   0.0096  -0.30    1.1
2026/04/23 07:43:12.800   3509410.1512    779165.0607   5250969.1513   2  13   0.0165   0.0087   0.0185   0.0066   0.0065   0.0096  -0.20    1.1
2026/04/23 07:43:12.900   3509410.1506    779165.0621   5250969.1540   2  13   0.0165   0.0087   0.0185   0.0066   0.0065   0.0096  -0.10    1.4
2026/04/23 07:43:13.000   3509410.1495    779165.0630   5250969.1548   2  13   0.0165   0.0087   0.0185   0.0066   0.0065   0.0096   0.00    1.2
2026/04/23 07:43:13.100   3509410.1499    779165.0645   5250969.1551   2  13   0.0165   0.0087   0.0185   0.0066   0.0065   0.0096   0.10    1.2
2026/04/23 07:43:13.200   3509410.1482    779165.0646   5250969.1559   2  13   0.0165   0.0087   0.0185   0.0066   0.0065   0.0096   0.20    1.2
2026/04/23 07:43:13.300   3509410.1449    779165.0656   5250969.1579   2  13   0.0165   0.0087   0.0185   0.0066   0.0065   0.0096   0.30    1.1
2026/04/23 07:43:13.400   3509410.1452    779165.0654   5250969.1580   2  13   0.0165   0.0087   0.0185   0.0066   0.0065   0.0096   0.40    1.0
2026/04/23 07:43:13.500   3509410.1456    779165.0660   5250969.1570   2  13   0.0165   0.0087   0.0185   0.0066   0.0065   0.0096  -0.50    1.3
2026/04/23 07:43:13.600   3509410.1455    779165.0682   5250969.1557   2  13   0.0165   0.0087   0.0185   0.0066   0.0065   0.0096  -0.40    1.0
2026/04/23 07:43:13.700   3509410.1452    779165.0669   5250969.1546   2  13   0.0165   0.0087   0.0185   0.0066   0.0065   0.0096  -0.30    1.1
2026/04/23 07:43:13.800   3509410.1438    779165.0647   5250969.1539   2  13   0.0165   0.0087   0.0185   0.0066   0.0065   0.0096  -0.20    1.1
2026/04/23 07:43:13.900   3509410.1427    779165.0632   5250969.1534   2  13   0.0165   0.0087   0.0185   0.0066   0.0065   0.0096  -0.10    1.1
2026/04/23 07:43:14.000   3509410.1427    779165.0621   5250969.1525   2  13   0.0165   0.0087   0.0185   0.0066   0.0065   0.0096   0.00    1.0
2026/04/23 07:43:14.100   3509410.1416    779165.0624   5250969.1505   2  13   0.0165   0.0087   0.0185   0.0066   0.0065   0.0096   0.10    1.1
2026/04/23 07:43:14.200   3509410.1379    779165.0613   5250969.1482   2  13   0.0165   0.0087   0.0185   0.0066   0.0065   0.0096   0.20    1.1
2026/04/23 07:43:14.300   3509410.1334    779165.0601   5250969.1466   2  13   0.0165   0.0087   0.0185   0.0066   0.0065   0.0096   0.30    1.4
2026/04/23 07:43:14.400   3509410.1275    779165.0602   5250969.1457   2  13   0.0165   0.0087   0.0185   0.0066   0.0065   0.0096   0.40    1.1
2026/04/23 07:43:14.500   3509410.1204    779165.0610   5250969.1444   2  13   0.0165   0.0087   0.0185   0.0066   0.0065   0.0096  -0.50    1.2
2026/04/23 07:43:14.600   3509410.1150    779165.0613   5250969.1428   2  13   0.0165   0.0087   0.0185   0.0066   0.0065   0.0096  -0.40    1.2
2026/04/23 07:43:14.700   3509410.1127    779165.0608   5250969.1394   2  13   0.0165   0.0087   0.0185   0.0066   0.0065   0.0096  -0.30    1.1
2026/04/23 07:43:14.800   3509410.1098    779165.0591   5250969.1369   2  13   0.0165   0.0087   0.0185   0.0066   0.0065   0.0096  -0.20    1.0
2026/04/23 07:43:14.900   3509410.1095    779165.0589   5250969.1350   2  13   0.0165   0.0087   0.0185   0.0066   0.0065   0.0096  -0.10    1.4
2026/04/23 07:43:15.000   3509410.1077    779165.0596   5250969.1322   2  13   0.0165   0.0087   0.0185   0.0066   0.0065   0.0096   0.00    1.0
2026/04/23 07:43:15.100   3509410.1045    779165.0607   5250969.1297   2  13   0.0165   0.0087   0.0185   0.0066   0.0065   0.0096   0.10    1.1
2026/04/23 07:43:15.200   3509410.1060    779165.0604   5250969.1237   2  13   0.0165   0.0087   0.0185   0.0066   0.0065   0.0096   0.20    1.1
2026/04/23 07:43:15.300   3509410.1056    779165.0604   5250969.1214   2  13   0.0165   0.0087   0.0185   0.0066   0.0065   0.0096   0.30    1.1
2026/04/23 07:43:15.400   3509410.1057    779165.0628   5250969.1194   2  13   0.0165   0.0087   0.0185   0.0066   0.0065   0.0096   0.40    1.0
2026/04/23 07:43:15.500   3509410.1049    779165.0633   5250969.1185   2  13   0.0165   0.0087   0.0185   0.0066   0.0065   0.0096  -0.50    1.0
2026/04/23 07:43:15.600   3509410.1066    779165.0623   5250969.1172   2  13   0.0165   0.0087   0.0185   0.0066   0.0065   0.0096  -0.40    1.2
2026/04/23 07:43:15.700   3509410.1063    779165.0610   5250969.1155   2  13   0.0165   0.0087   0.0185   0.0066   0.0065   0.0096  -0.30    1.4
2026/04/23 07:43:15.800   3509410.1048    779165.0605   5250969.1147   2  13   0.0165   0.0087   0.0185   0.0066   0.0065   0.0096  -0.20    1.1
2026/04/23 07:43:15.900   3509410.1055    779165.0600   5250969.1154   2  13   0.0165   0.0087   0.0185   0.0066   0.0065   0.0096  -0.10    1.2
2026/04/23 07:43:16.000   3509410.1055    779165.0591   5250969.1161   2  13   0.0165   0.0087   0.0185   0.0066   0.0065   0.0096   0.00    1.2
2026/04/23 07:43:16.100   3509410.1075    779165.0582   5250969.1154   2  13   0.0165   0.0087   0.0185   0.0066   0.0065   0.0096   0.10    1.1
2026/04/23 07:43:16.200   3509410.1132    779165.0572   5250969.1150   2  13   0.0165   0.0087   0.0185   0.0066   0.0065   0.0096   0.20    1.0
2026/04/23 07:43:16.300   3509410.1187    779165.0558   5250969.1146   2  13   0.0165   0.0087   0.0185   0.0066   0.0065   0.0096   0.30    1.4
2026/04/23 07:43:16.400   3509410.1195    779165.0547   5250969.1161   2  13   0.0165   0.0087   0.0185   0.0066   0.0065   0.0096   0.40    1.0
2026/04/23 07:43:16.500   3509410.1176    779165.0563   5250969.1177   2  13   0.0165   0.0087   0.0185   0.0066   0.0065   0.0096  -0.50    1.1
2026/04/23 07:43:16.600   3509410.1163    779165.0606   5250969.1218   2  13   0.0165   0.0087   0.0185   0.0066   0.0065   0.0096  -0.40    1.0
2026/04/23 07:43:16.700   3509410.1105    779165.0614   5250969.1254   2  13   0.0167   0.0087   0.0188   0.0066   0.0065   0.0092  -0.30    1.0
2026/04/23 07:43:16.800   3509410.1115    779165.0622   5250969.1268   2  13   0.0168   0.0087   0.0190   0.0066   0.0064   0.0089  -0.20    1.0
2026/04/23 07:43:16.900   3509410.1051    779165.0595   5250969.1276   2  13   0.0169   0.0087   0.0191   0.0066   0.0064   0.0087  -0.10    1.0
2026/04/23 07:43:17.000   3509410.1020    779165.0591   5250969.1266   2  13   0.0169   0.0087   0.0192   0.0066   0.0065   0.0087   0.00    1.0
2026/04/23 07:43:17.100   3509410.0968    779165.0600   5250969.1242   2  13   0.0168   0.0087   0.0192   0.0066   0.0065   0.0087   0.10    1.1
2026/04/23 07:43:17.200   3509410.0953    779165.0599   5250969.1255   2  13   0.0168   0.0087   0.0192   0.0066   0.0065   0.0088   0.20    1.0
2026/04/23 07:43:17.300   3509410.0918    779165.0634   5250969.1342   2  13   0.0167   0.0087   0.0191   0.0066   0.0065   0.0089   0.30    1.1
2026/04/23 07:43:17.400   3509410.0893    779165.0656   5250969.1443   2  12   0.0168   0.0087   0.0192   0.0066   0.0065   0.0088   0.40    1.0
2026/04/23 07:43:17.500   3509410.0870    779165.0660   5250969.1521   2  13   0.0167   0.0087   0.0191   0.0066   0.0065   0.0090  -0.50    1.0
2026/04/23 07:43:17.600   3509410.0889    779165.0673   5250969.1566   2  13   0.0166   0.0087   0.0190   0.0066   0.0065   0.0092  -0.40    1.0
2026/04/23 07:43:17.700   3509410.0916    779165.0667   5250969.1566   2  12   0.0170   0.0088   0.0190   0.0063   0.0066   0.0093  -0.30    1.0
2026/04/23 07:43:17.800   3509410.0943    779165.0641   5250969.1595   2  12   0.0173   0.0088   0.0189   0.0062   0.0066   0.0094  -0.20    1.1
2026/04/23 07:43:17.900   3509410.1041    779165.0618   5250969.1616   2  12   0.0172   0.0087   0.0190   0.0065   0.0065   0.0092  -0.10    1.3
2026/04/23 07:43:18.000   3509410.1188    779165.0580   5250969.1575   2  11   0.0176   0.0088   0.0191   0.0063   0.0065   0.0089   0.00    1.3
2026/04/23 07:43:18.100   3509410.1289    779165.0548   5250969.1544   2  10   0.0185   0.0089   0.0195   0.0058   0.0068   0.0079   0.10    1.0
2026/04/23 07:43:18.200   3509410.1447    779165.0519   5250969.1484   2  10   0.0193   0.0089   0.0198   0.0053   0.0070   0.0067   0.20    1.0
2026/04/23 07:43:18.300   3509410.1536    779165.0543   5250969.1478   2  10   0.0199   0.0090   0.0201   0.0049   0.0072   0.0056   0.30    1.0
2026/04/23 07:43:18.400   3509410.1641    779165.0541   5250969.1448   2  10   0.0203   0.0090   0.0203   0.0047   0.0074   0.0047   0.40    1.0
2026/04/23 07:43:18.500   3509410.1793    779165.0528   5250969.1400   2  10   0.0205   0.0090   0.0205   0.0045   0.0074   0.0041  -0.50    1.0
2026/04/23 07:43:18.600   3509410.1808    779165.0535   5250969.1439   2  10   0.0206   0.0090   0.0205   0.0044   0.0075   0.0037  -0.40    1.0
2026/04/23 07:43:18.700   3509410.1826    779165.0545   5250969.1445   2  10   0.0206   0.0090   0.0206   0.0044   0.0075   0.0036  -0.30    1.0
2026/04/23 07:43:18.800   3509410.1839    779165.0524   5250969.1463   2  10   0.0206   0.0090   0.0206   0.0044   0.0075   0.0036  -0.20    1.0
2026/04/23 07:43:18.900   3509410.1842    779165.0523   5250969.1493   2  10   0.0206   0.0090   0.0206   0.0044   0.0075   0.0037  -0.10    1.0
2026/04/23 07:43:19.000   3509410.1872    779165.0512   5250969.1495   2  10   0.0206   0.0090   0.0206   0.0045   0.0075   0.0037   0.00    1.0
2026/04/23 07:43:19.100   3509410.1863    779165.0507   5250969.1501   2  10   0.0206   0.0090   0.0206   0.0044   0.0075   0.0037   0.10    1.0
2026/04/23 07:43:19.200   3509410.1789    779165.0502   5250969.1531   2  10   0.0206   0.0090   0.0206   0.0044   0.0075   0.0037   0.20    1.0
2026/04/23 07:43:19.300   3509410.1715    779165.0515   5250969.1565   2  10   0.0207   0.0090   0.0206   0.0044   0.0075   0.0036   0.30    1.0
2026/04/23 07:43:19.400   3509410.1675    779165.0559   5250969.1564   2  10   0.0207   0.0090   0.0206   0.0044   0.0075   0.0036   0.40    1.0
2026/04/23 07:43:19.500   3509410.1617    779165.0578   5250969.1594   2  11   0.0195   0.0090   0.0206   0.0053   0.0074   0.0049  -0.50    1.0
2026/04/23 07:43:19.600   3509410.1526    779165.0569   5250969.1669   2  11   0.0189   0.0089   0.0206   0.0056   0.0074   0.0053  -0.40    1.0
2026/04/23 07:43:19.700   3509410.1484    779165.0569   5250969.1598   2  11   0.0186   0.0089   0.0206   0.0057   0.0074   0.0054  -0.30    1.0
2026/04/23 07:43:19.800   3509410.1441    779165.0545   5250969.1562   2  11   0.0184   0.0089   0.0206   0.0058   0.0074   0.0054  -0.20    1.0
2026/04/23 07:43:19.900   3509410.1396    779165.0532   5250969.1614   2  11   0.0183   0.0089   0.0205   0.0058   0.0074   0.0054  -0.10    1.0
2026/04/23 07:43:20.000   3509410.1351    779165.0524   5250969.1658   2  11   0.0183   0.0089   0.0205   0.0058   0.0073   0.0054   0.00    1.0
2026/04/23 07:43:20.100   3509410.1328    779165.0528   5250969.1668   2  11   0.0183   0.0089   0.0205   0.0057   0.0073   0.0053   0.10    1.0
2026/04/23 07:43:20.200   3509410.1313    779165.0512   5250969.1654   2  11   0.0183   0.0089   0.0205   0.0057   0.0073   0.0053   0.20    1.0
2026/04/23 07:43:20.300   3509410.1310    779165.0497   5250969.1646   2  11   0.0183   0.0089   0.0205   0.0057   0.0073   0.0053   0.30    1.0
2026/04/23 07:43:20.400   3509410.1295    779165.0516   5250969.1668   2  11   0.0183   0.0089   0.0205   0.0057   0.0073   0.0053   0.40    1.0
2026/04/23 07:43:20.500   3509410.1311    779165.0569   5250969.1656   2  11   0.0183   0.0089   0.0205   0.0058   0.0073   0.0054  -0.50    1.0
2026/04/23 07:43:20.600   3509410.1337    779165.0601   5250969.1605   2  11   0.0183   0.0089   0.0205   0.0058   0.0073   0.0054  -0.40    1.0
2026/04/23 07:43:20.700   3509410.1416    779165.0612   5250969.1535   2  11   0.0183   0.0089   0.0205   0.0058   0.0073   0.0054  -0.30    1.0
2026/04/23 07:43:20.800   3509410.1454    779165.0596   5250969.1499   2  11   0.0183   0.0089   0.0205   0.0058   0.0073   0.0054  -0.20    1.0
2026/04/23 07:43:20.900   3509410.1453    779165.0562   5250969.1468   2  12   0.0183   0.0089   0.0205   0.0058   0.0073   0.0055  -0.10    1.0
2026/04/23 07:43:21.000   3509410.1490    779165.0552   5250969.1396   2  12   0.0183   0.0089   0.0205   0.0058   0.0073   0.0055   0.00    1.0
2026/04/23 07:43:21.100   3509410.1422    779165.0541   5250969.1440   2  12   0.0182   0.0089   0.0205   0.0058   0.0073   0.0055   0.10    1.0
2026/04/23 07:43:21.200   3509410.1309    779165.0563   5250969.1535   2  12   0.0182   0.0089   0.0204   0.0059   0.0072   0.0057   0.20    1.1
2026/04/23 07:43:21.300   3509410.1328    779165.0592   5250969.1561   2  12   0.0181   0.0089   0.0204   0.0059   0.0072   0.0059   0.30    1.0
2026/04/23 07:43:21.400   3509410.1313    779165.0598   5250969.1605   2  12   0.0180   0.0089   0.0203   0.0060   0.0071   0.0062   0.40    1.1
2026/04/23 07:43:21.500   3509410.1311    779165.0601   5250969.1647   2  12   0.0178   0.0088   0.0203   0.0061   0.0071   0.0065  -0.50    1.0
2026/04/23 07:43:21.600   3509410.1309    779165.0589   5250969.1648   2  12   0.0177   0.0088   0.0202   0.0062   0.0070   0.0068  -0.40    1.1
2026/04/23 07:43:21.700   3509410.1341    779165.0586   5250969.1625   2  13   0.0176   0.0088   0.0201   0.0063   0.0069   0.0070  -0.30    1.0
2026/04/23 07:43:21.800   3509410.1356    779165.0596   5250969.1628   2  13   0.0175   0.0088   0.0200   0.0063   0.0069   0.0073  -0.20    1.0
2026/04/23 07:43:21.900   3509410.1364    779165.0598   5250969.1621   2  13   0.0174   0.0088   0.0199   0.0064   0.0068   0.0075  -0.10    1.0
2026/04/23 07:43:22.000   3509410.1388    779165.0611   5250969.1581   2  13   0.0173   0.0088   0.0198   0.0064   0.0068   0.0077   0.00    1.0
2026/04/23 07:43:22.100   3509410.1421    779165.0607   5250969.1531   2  13   0.0172   0.0088   0.0198   0.0065   0.0068   0.0079   0.10    1.1
2026/04/23 07:43:22.200   3509410.1419    779165.0587   5250969.1502   2  13   0.0171   0.0088   0.0197   0.0065   0.0068   0.0082   0.20    1.0
2026/04/23 07:43:22.300   3509410.1391    779165.0589   5250969.1511   2  13   0.0170   0.0088   0.0196   0.0065   0.0068   0.0083   0.30    1.0
2026/04/23 07:43:22.400   3509410.1360    779165.0581   5250969.1507   2  13   0.0169   0.0088   0.0195   0.0065   0.0068   0.0085   0.40    1.0
2026/04/23 07:43:22.500   3509410.1335    779165.0564   5250969.1464   2  13   0.0168   0.0088   0.0194   0.0065   0.0068   0.0087  -0.50    1.0
2026/04/23 07:43:22.600   3509410.1297    779165.0552   5250969.1460   2  13   0.0168   0.0088   0.0194   0.0065   0.0068   0.0088  -0.40    1.1
2026/04/23 07:43:22.700   3509410.1283    779165.0554   5250969.1444   2  13   0.0167   0.0088   0.0193   0.0065   0.0068   0.0089  -0.30    1.1
2026/04/23 07:43:22.800   3509410.1284    779165.0560   5250969.1414   2  13   0.0167   0.0088   0.0192   0.0065   0.0067   0.0090  -0.20    1.0
2026/04/23 07:43:22.900   3509410.1282    779165.0558   5250969.1391   2  13   0.0167   0.0088   0.0192   0.0065   0.0067   0.0091  -0.10    1.1
2026/04/23 07:43:23.000   3509410.1269    779165.0556   5250969.1394   2  13   0.0167   0.0087   0.0191   0.0065   0.0067   0.0091   0.00    1.0
2026/04/23 07:43:23.100   3509410.1275    779165.0559   5250969.1365   2  13   0.0167   0.0087   0.0191   0.0065   0.0067   0.0091   0.10    1.1
2026/04/23 07:43:23.200   3509410.1294    779165.0571   5250969.1346   2  13   0.0166   0.0087   0.0190   0.0065   0.0067   0.0092   0.20    1.0
2026/04/23 07:43:23.300   3509410.1299    779165.0567   5250969.1335   2  13   0.0166   0.0087   0.0190   0.0065   0.0067   0.0092   0.30    1.0
2026/04/23 07:43:23.400   3509410.1313    779165.0541   5250969.1337   2  13   0.0166   0.0087   0.0190   0.0065   0.0067   0.0092   0.40    1.1
2026/04/23 07:43:23.500   3509410.1297    779165.0529   5250969.1333   2  13   0.0166   0.0088   0.0190   0.0065   0.0067   0.0092  -0.50    1.1
2026/04/23 07:43:23.600   3509410.1274    779165.0542   5250969.1353   2  13   0.0166   0.0088   0.0190   0.0065   0.0067   0.0092  -0.40    1.0
2026/04/23 07:43:23.700   3509410.1288    779165.0545   5250969.1359   2  13   0.0166   0.0087   0.0189   0.0065   0.0067   0.0092  -0.30    1.1
2026/04/23 07:43:23.800   3509410.1248    779165.0538   5250969.1364   2  13   0.0166   0.0087   0.0189   0.0065   0.0066   0.0092  -0.20    1.0
2026/04/23 07:43:23.900   3509410.1226    779165.0530   5250969.1361   2  13   0.0166   0.0087   0.0189   0.0065   0.0066   0.0093  -0.10    1.0
2026/04/23 07:43:24.000   3509410.1234    779165.0514   5250969.1338   2  13   0.0166   0.0087   0.0189   0.0065   0.0066   0.0093   0.00    1.2
2026/04/23 07:43:24.100   3509410.1248    779165.0528   5250969.1328   2  13   0.0166   0.0087   0.0188   0.0065   0.0066   0.0093   0.10    1.1
2026/04/23 07:43:24.200   3509410.1242    779165.0526   5250969.1314   2  13   0.0166   0.0087   0.0188   0.0065   0.0066   0.0093   0.20    1.0
2026/04/23 07:43:24.300   3509410.1221    779165.0511   5250969.1298   2  13   0.0166   0.0087   0.0188   0.0065   0.0066   0.0093   0.30    1.2
2026/04/23 07:43:24.400   3509410.1217    779165.0514   5250969.1293   2  13   0.0166   0.0087   0.0188   0.0065   0.0066   0.0093   0.40    1.1
2026/04/23 07:43:24.500   3509410.1237    779165.0531   5250969.1284   2  13   0.0166   0.0087   0.0188   0.0065   0.0066   0.0093  -0.50    1.2
2026/04/23 07:43:24.600   3509410.1243    779165.0550   5250969.1276   2  13   0.0166   0.0087   0.0188   0.0065   0.0066   0.0093  -0.40    1.0
2026/04/23 07:43:24.700   3509410.1248    779165.0555   5250969.1268   2  13   0.0166   0.0087   0.0188   0.0065   0.0066   0.0093  -0.30    1.0
2026/04/23 07:43:24.800   3509410.1258    779165.0560   5250969.1273   2  13   0.0166   0.0087   0.0188   0.0065   0.0066   0.0093  -0.20    1.1
2026/04/23 07:43:24.900   3509410.1279    779165.0541   5250969.1264   2  13   0.0166   0.0087   0.0188   0.0065   0.0066   0.0093  -0.10    1.1
2026/04/23 07:43:25.000   3509410.1272    779165.0530   5250969.1275   2  13   0.0166   0.0087   0.0187   0.0065   0.0066   0.0093   0.00    1.0
2026/04/23 07:43:25.100   3509410.1273    779165.0519   5250969.1280   2  13   0.0166   0.0087   0.0187   0.0065   0.0066   0.0093   0.10    1.1
2026/04/23 07:43:25.200   3509410.1276    779165.0522   5250969.1288   2  13   0.0166   0.0087   0.0187   0.0065   0.0066   0.0093   0.20    1.0
2026/04/23 07:43:25.300   3509410.1277    779165.0517   5250969.1303   2  13   0.0166   0.0087   0.0187   0.0066   0.0066   0.0094   0.30    1.1
2026/04/23 07:43:25.400   3509410.1304    779165.0507   5250969.1301   2  13   0.0166   0.0087   0.0187   0.0066   0.0066   0.0094   0.40    1.3
2026/04/23 07:43:25.500   3509410.1342    779165.0522   5250969.1301   2  13   0.0166   0.0087   0.0187   0.0066   0.0066   0.0094  -0.50    1.1
2026/04/23 07:43:25.600   3509410.1375    779165.0518   5250969.1299   2  13   0.0166   0.0087   0.0187   0.0066   0.0066   0.0094  -0.40    1.1
2026/04/23 07:43:25.700   3509410.1378    779165.0537   5250969.1310   2  13   0.0166   0.0087   0.0187   0.0066   0.0066   0.0094  -0.30    1.2
2026/04/23 07:43:25.800   3509410.1363    779165.0544   5250969.1321   2  13   0.0166   0.0087   0.0187   0.0066   0.0066   0.0094  -0.20    1.1
2026/04/23 07:43:25.900   3509410.1366    779165.0527   5250969.1329   2  13   0.0166   0.0087   0.0187   0.0066   0.0066   0.0094  -0.10    1.2
2026/04/23 07:43:26.000   3509410.1363    779165.0537   5250969.1342   2  13   0.0166   0.0087   0.0187   0.0066   0.0066   0.0094   0.00    1.0
2026/04/23 07:43:26.100   3509410.1362    779165.0534   5250969.1342   2  13   0.0166   0.0087   0.0187   0.0066   0.0066   0.0094   0.10    1.0
2026/04/23 07:43:26.200   3509410.1357    779165.0547   5250969.1363   2  13   0.0166   0.0087   0.0187   0.0066   0.0066   0.0094   0.20    1.1
2026/04/23 07:43:26.300   3509410.1355    779165.0574   5250969.1359   2  13   0.0166   0.0087   0.0187   0.0066   0.0066   0.0094   0.30    1.2
2026/04/23 07:43:26.400   3509410.1360    779165.0556   5250969.1356   2  13   0.0166   0.0087   0.0187   0.0066   0.0066   0.0094   0.40    1.1
2026/04/23 07:43:26.500   3509410.1364    779165.0541   5250969.1355   2  13   0.0166   0.0087   0.0187   0.0066   0.0066   0.0094  -0.50    1.1
2026/04/23 07:43:26.600   3509410.1364    779165.0536   5250969.1352   2  13   0.0166   0.0087   0.0187   0.0066   0.0066   0.0094  -0.40    1.0
2026/04/23 07:43:26.700   3509410.1370    779165.0536   5250969.1350   2  13   0.0166   0.0087   0.0187   0.0066   0.0066   0.0094  -0.30    1.1
2026/04/23 07:43:26.800   3509410.1346    779165.0536   5250969.1353   2  13   0.0166   0.0087   0.0187   0.0066   0.0066   0.0094  -0.20    1.4
2026/04/23 07:43:26.900   3509410.1317    779165.0545   5250969.1366   2  13   0.0166   0.0087   0.0187   0.0066   0.0066   0.0094  -0.10    1.1
2026/04/23 07:43:27.000   3509410.1307    779165.0541   5250969.1368   2  13   0.0166   0.0087   0.0187   0.0066   0.0066   0.0094   0.00    1.1
2026/04/23 07:43:27.100   3509410.1297    779165.0547   5250969.1366   2  13   0.0166   0.0087   0.0187   0.0066   0.0066   0.0094   0.10    1.3
2026/04/23 07:43:27.200   3509410.1271    779165.0555   5250969.1380   2  13   0.0166   0.0087   0.0186   0.0066   0.0066   0.0094   0.20    1.1
2026/04/23 07:43:27.300   3509410.1252    779165.0549   5250969.1380   2  13   0.0166   0.0087   0.0187   0.0066   0.0066   0.0094   0.30    1.2
2026/04/23 07:43:27.400   3509410.1220    779165.0550   5250969.1381   2  13   0.0166   0.0087   0.0187   0.0066   0.0066   0.0094   0.40    1.0
2026/04/23 07:43:27.500   3509410.1213    779165.0550   5250969.1354   2  13   0.0166   0.0087   0.0187   0.0066   0.0066   0.0094  -0.50    1.1
2026/04/23 07:43:27.600   3509410.1198    779165.0541   5250969.1342   2  13   0.0166   0.0087   0.0187   0.0066   0.0066   0.0094  -0.40    1.1
2026/04/23 07:43:27.700   3509410.1162    779165.0539   5250969.1349   2  13   0.0166   0.0087   0.0187   0.0066   0.0066   0.0094  -0.30    1.2
2026/04/23 07:43:27.800   3509410.1156    779165.0528   5250969.1357   2  13   0.0166   0.0087   0.0186   0.0066   0.0066   0.0095  -0.20    1.1
2026/04/23 07:43:27.900   3509410.1139    779165.0530   5250969.1351   2  13   0.0166   0.0087   0.0186   0.0066   0.0066   0.0095  -0.10    1.1
2026/04/23 07:43:28.000   3509410.1146    779165.0520   5250969.1345   2  13   0.0166   0.0087   0.0186   0.0066   0.0065   0.0095   0.00    1.0
2026/04/23 07:43:28.100   3509410.1131    779165.0514   5250969.1346   2  13   0.0166   0.0087   0.0186   0.0066   0.0065   0.0095   0.10    1.1
2026/04/23 07:43:28.200   3509410.1125    779165.0496   5250969.1348   2  13   0.0166   0.0087   0.0186   0.0066   0.0065   0.0095   0.20    1.4
2026/04/23 07:43:28.300   3509410.1115    779165.0495   5250969.1337   2  13   0.0166   0.0087   0.0186   0.0066   0.0065   0.0095   0.30    1.1
2026/04/23 07:43:28.400   3509410.1104    779165.0513   5250969.1345   2  13   0.0166   0.0087   0.0186   0.0066   0.0065   0.0095   0.40    1.1
2026/04/23 07:43:28.500   3509410.1096    779165.0515   5250969.1336   2  13   0.0166   0.0087   0.0186   0.0066   0.0065   0.0095  -0.50    1.3
2026/04/23 07:43:28.600   3509410.1111    779165.0524   5250969.1316   2  13   0.0166   0.0087   0.0186   0.0066   0.0065   0.0095  -0.40    1.0
2026/04/23 07:43:28.700   3509410.1115    779165.0525   5250969.1298   2  13   0.0166   0.0087   0.0186   0.0066   0.0065   0.0095  -0.30    1.2
2026/04/23 07:43:28.800   3509410.1019    779165.0583   5250969.1351   2  13   0.0166   0.0087   0.0186   0.0066   0.0065   0.0095  -0.20    1.0
2026/04/23 07:43:28.900   3509410.0600    779165.0757   5250969.1711   2  12   0.0170   0.0088   0.0186   0.0063   0.0065   0.0095  -0.10    1.2
2026/04/23 07:43:29.000   3509410.0011    779165.0976   5250969.2238   2  13   0.0168   0.0087   0.0186   0.0065   0.0065   0.0095   0.00    1.1
2026/04/23 07:43:29.100   3509409.9245    779165.1087   5250969.2832   2  13   0.0168   0.0088   0.0186   0.0064   0.0066   0.0094   0.10    1.0
2026/04/23 07:43:29.200   3509409.8526    779165.1207   5250969.3307   2  13   0.0168   0.0088   0.0187   0.0063   0.0066   0.0094   0.20    1.0
2026/04/23 07:43:29.300   3509409.7953    779165.1377   5250969.3678   2  13   0.0168   0.0088   0.0187   0.0063   0.0067   0.0094   0.30    1.1
2026/04/23 07:43:29.400   3509409.7594    779165.1493   5250969.3947   2  13   0.0168   0.0088   0.0187   0.0063   0.0067   0.0093   0.40    1.0
2026/04/23 07:43:29.500   3509409.7279    779165.1558   5250969.4068   2  12   0.0173   0.0089   0.0187   0.0060   0.0067   0.0093  -0.50    1.2
2026/04/23 07:43:29.600   3509409.7144    779165.1577   5250969.4102   2  12   0.0177   0.0089   0.0187   0.0058   0.0067   0.0093  -0.40    1.1
2026/04/23 07:43:29.700   3509409.7201    779165.1542   5250969.4055   2  12   0.0179   0.0089   0.0187   0.0057   0.0066   0.0094  -0.30    1.2
2026/04/23 07:43:29.800   3509409.7263    779165.1463   5250969.4015   2  12   0.0181   0.0089   0.0187   0.0057   0.0066   0.0095  -0.20    1.2
2026/04/23 07:43:29.900   3509409.7394    779165.1413   5250969.3942   2  12   0.0182   0.0089   0.0187   0.0058   0.0066   0.0096  -0.10    1.2
2026/04/23 07:43:30.000   3509409.7510    779165.1380   5250969.3845   2  12   0.0182   0.0088   0.0187   0.0058   0.0066   0.0097   0.00    1.2
2026/04/23 07:43:30.100   3509409.7629    779165.1335   5250969.3737   2  12   0.0182   0.0088   0.0187   0.0059   0.0066   0.0097   0.10    1.1
2026/04/23 07:43:30.200   3509409.7744    779165.1302   5250969.3666   2  12   0.0182   0.0088   0.0187   0.0059   0.0066   0.0098   0.20    1.2
2026/04/23 07:43:30.300   3509409.7813    779165.1295   5250969.3598   2  12   0.0182   0.0088   0.0187   0.0060   0.0066   0.0098   0.30    1.3
2026/04/23 07:43:30.400   3509409.7914    779165.1259   5250969.3523   2  12   0.0183   0.0089   0.0187   0.0058   0.0066   0.0098   0.40    1.0
2026/04/23 07:43:30.500   3509409.8001    779165.1262   5250969.3457   2  12   0.0184   0.0089   0.0187   0.0057   0.0067   0.0097  -0.50    1.0
2026/04/23 07:43:30.600   3509409.8070    779165.1253   5250969.3398   2  12   0.0184   0.0089   0.0188   0.0057   0.0067   0.0097  -0.40    1.1
2026/04/23 07:43:30.700   3509409.8088    779165.1225   5250969.3369   2  12   0.0184   0.0089   0.0188   0.0057   0.0067   0.0097  -0.30    1.0
2026/04/23 07:43:30.800   3509409.8101    779165.1200   5250969.3366   2  12   0.0184   0.0089   0.0188   0.0057   0.0067   0.0098  -0.20    1.1
2026/04/23 07:43:30.900   3509409.8075    779165.1212   5250969.3397   2  12   0.0184   0.0089   0.0187   0.0057   0.0067   0.0098  -0.10    1.2
2026/04/23 07:43:31.000   3509409.8028    779165.1214   5250969.3405   2  12   0.0184   0.0089   0.0187   0.0058   0.0066   0.0098   0.00    1.2
2026/04/23 07:43:31.100   3509409.8027    779165.1200   5250969.3422   2  12   0.0183   0.0089   0.0187   0.0058   0.0066   0.0098   0.10    1.1
2026/04/23 07:43:31.200   3509409.7937    779165.1221   5250969.3454   2  12   0.0183   0.0088   0.0187   0.0059   0.0066   0.0099   0.20    1.2
2026/04/23 07:43:31.300   3509409.7881    779165.1229   5250969.3495   2  12   0.0182   0.0088   0.0187   0.0059   0.0066   0.0099   0.30    1.2
2026/04/23 07:43:31.400   3509409.7820    779165.1231   5250969.3510   2  12   0.0182   0.0088   0.0187   0.0060   0.0066   0.0099   0.40    1.2
2026/04/23 07:43:31.500   3509409.7790    779165.1250   5250969.3517   2  12   0.0182   0.0088   0.0187   0.0060   0.0066   0.0099  -0.50    1.2
2026/04/23 07:43:31.600   3509409.7771    779165.1265   5250969.3525   2  12   0.0182   0.0088   0.0187   0.0060   0.0066   0.0099  -0.40    1.2
2026/04/23 07:43:31.700   3509409.7763    779165.1281   5250969.3548   2  12   0.0182   0.0088   0.0187   0.0060   0.0066   0.0099  -0.30    1.0
2026/04/23 07:43:31.800   3509409.7736    779165.1281   5250969.3579   2  12   0.0181   0.0088   0.0187   0.0060   0.0066   0.0099  -0.20    1.2
2026/04/23 07:43:31.900   3509409.7780    779165.1262   5250969.3575   2  12   0.0181   0.0088   0.0187   0.0060   0.0066   0.0099  -0.10    1.7
2026/04/23 07:43:32.000   3509409.7786    779165.1245   5250969.3573   2  12   0.0181   0.0088   0.0187   0.0060   0.0066   0.0099   0.00    1.2
2026/04/23 07:43:32.100   3509409.7816    779165.1206   5250969.3554   2  12   0.0181   0.0088   0.0187   0.0061   0.0066   0.0099   0.10    1.2
2026/04/23 07:43:32.200   3509409.7811    779165.1187   5250969.3548   2  12   0.0181   0.0088   0.0187   0.0061   0.0066   0.0099   0.20    1.2
2026/04/23 07:43:32.300   3509409.7775    779165.1196   5250969.3552   2  12   0.0181   0.0088   0.0187   0.0061   0.0066   0.0099   0.30    1.2
2026/04/23 07:43:32.400   3509409.7771    779165.1211   5250969.3559   2  12   0.0181   0.0088   0.0187   0.0061   0.0066   0.0099   0.40    1.2
2026/04/23 07:43:32.500   3509409.7786    779165.1210   5250969.3570   2  12   0.0181   0.0088   0.0188   0.0061   0.0066   0.0099  -0.50    1.1
2026/04/23 07:43:32.600   3509409.7787    779165.1219   5250969.3592   2  11   0.0182   0.0089   0.0188   0.0059   0.0067   0.0098  -0.40    1.2
2026/04/23 07:43:32.700   3509409.7772    779165.1235   5250969.3618   2  12   0.0182   0.0089   0.0188   0.0060   0.0066   0.0099  -0.30    1.2
2026/04/23 07:43:32.800   3509409.7783    779165.1232   5250969.3631   2  12   0.0181   0.0088   0.0187   0.0060   0.0066   0.0099  -0.20    1.3
2026/04/23 07:43:32.900   3509409.7803    779165.1222   5250969.3614   2  12   0.0181   0.0088   0.0187   0.0061   0.0066   0.0099  -0.10    1.2
2026/04/23 07:43:33.000   3509409.7799    779165.1214   5250969.3611   2  12   0.0181   0.0088   0.0187   0.0061   0.0066   0.0099   0.00    1.0
2026/04/23 07:43:33.100   3509409.7769    779165.1202   5250969.3623   2  12   0.0180   0.0088   0.0187   0.0061   0.0066   0.0099   0.10    1.2
2026/04/23 07:43:33.200   3509409.7752    779165.1209   5250969.3633   2  12   0.0180   0.0088   0.0187   0.0061   0.0066   0.0099   0.20    1.1
2026/04/23 07:43:33.300   3509409.7734    779165.1203   5250969.3632   2  12   0.0180   0.0088   0.0187   0.0061   0.0066   0.0099   0.30    1.2
2026/04/23 07:43:33.400   3509409.7724    779165.1199   5250969.3634   2  12   0.0180   0.0088   0.0187   0.0061   0.0066   0.0099   0.40    1.2
2026/04/23 07:43:33.500   3509409.7718    779165.1207   5250969.3636   2  12   0.0180   0.0088   0.0188   0.0061   0.0066   0.0099  -0.50    1.3
2026/04/23 07:43:33.600   3509409.7706    779165.1199   5250969.3631   2  12   0.0180   0.0088   0.0188   0.0061   0.0066   0.0099  -0.40    1.2
2026/04/23 07:43:33.700   3509409.7732    779165.1192   5250969.3635   2  12   0.0180   0.0088   0.0188   0.0061   0.0066   0.0099  -0.30    1.3
2026/04/23 07:43:33.800   3509409.7718    779165.1193   5250969.3627   2  12   0.0180   0.0088   0.0187   0.0061   0.0066   0.0099  -0.20    1.1
2026/04/23 07:43:33.900   3509409.7734    779165.1178   5250969.3623   2  12   0.0180   0.0088   0.0187   0.0061   0.0066   0.0099  -0.10    1.3
2026/04/23 07:43:34.000   3509409.7741    779165.1164   5250969.3624   2  12   0.0180   0.0088   0.0187   0.0061   0.0066   0.0099   0.00    1.3
2026/04/23 07:43:34.100   3509409.7745    779165.1155   5250969.3632   2  12   0.0180   0.0088   0.0187   0.0061   0.0066   0.0099   0.10    1.3
2026/04/23 07:43:34.200   3509409.7715    779165.1182   5250969.3639   2  12   0.0180   0.0088   0.0187   0.0061   0.0066   0.0099   0.20    1.0
2026/04/23 07:43:34.300   3509409.7768    779165.1184   5250969.3637   2  12   0.0180   0.0088   0.0187   0.0061   0.0066   0.0099   0.30    1.3
2026/04/23 07:43:34.400   3509409.7781    779165.1177   5250969.3637   2  12   0.0180   0.0088   0.0187   0.0061   0.0066   0.0099   0.40    1.5
2026/04/23 07:43:34.500   3509409.7759    779165.1194   5250969.3652   2  12   0.0180   0.0088   0.0187   0.0061   0.0066   0.0099  -0.50    1.3
2026/04/23 07:43:34.600   3509409.7762    779165.1207   5250969.3671   2  12   0.0180   0.0088   0.0187   0.0061   0.0066   0.0099  -0.40    1.3
2026/04/23 07:43:34.700   3509409.7760    779165.1226   5250969.3691   2  12   0.0180   0.0088   0.0187   0.0061   0.0066   0.0099  -0.30    1.3
2026/04/23 07:43:34.800   3509409.7760    779165.1224   5250969.3690   2  12   0.0180   0.0088   0.0187   0.0061   0.0066   0.0099  -0.20    1.2
2026/04/23 07:43:34.900   3509409.7792    779165.1211   5250969.3694   2  12   0.0180   0.0088   0.0187   0.0061   0.0066   0.0099  -0.10    1.3
2026/04/23 07:43:35.000   3509409.7793    779165.1207   5250969.3707   2  12   0.0180   0.0088   0.0187   0.0061   0.0066   0.0099   0.00    1.1
2026/04/23 07:43:35.100   3509409.7792    779165.1200   5250969.3739   2  12   0.0180   0.0088   0.0187   0.0061   0.0066   0.0099   0.10    1.3
2026/04/23 07:43:35.200   3509409.7776    779165.1186   5250969.3745   2  12   0.0180   0.0088   0.0187   0.0061   0.0066   0.0099   0.20    1.3
2026/04/23 07:43:35.300   3509409.7776    779165.1185   5250969.3754   2  12   0.0180   0.0088   0.0187   0.0061   0.0066   0.0099   0.30    1.3
2026/04/23 07:43:35.400   3509409.7767    779165.1190   5250969.3773   2  12   0.0180   0.0088   0.0187   0.0061   0.0066   0.0099   0.40    1.0
2026/04/23 07:43:35.500   3509409.7771    779165.1203   5250969.3775   2  12   0.0180   0.0088   0.0187   0.0061   0.0066   0.0099  -0.50    1.3
2026/04/23 07:43:35.600   3509409.7796    779165.1197   5250969.3786   2  12   0.0180   0.0088   0.0187   0.0061   0.0066   0.0099  -0.40    1.1
2026/04/23 07:43:35.700   3509409.7826    779165.1196   5250969.3803   2  12   0.0180   0.0088   0.0187   0.0061   0.0066   0.0099  -0.30    1.3
2026/04/23 07:43:35.800   3509409.7808    779165.1203   5250969.3794   2  12   0.0180   0.0088   0.0187   0.0061   0.0066   0.0100  -0.20    1.2
2026/04/23 07:43:35.900   3509409.7834    779165.1214   5250969.3797   2  12   0.0180   0.0088   0.0187   0.0061   0.0066   0.0100  -0.10    1.3
2026/04/23 07:43:36.000   3509409.7822    779165.1204   5250969.3793   2  12   0.0180   0.0088   0.0187   0.0061   0.0066   0.0100   0.00    1.2
2026/04/23 07:43:36.100   3509409.7834    779165.1194   5250969.3786   2  12   0.0180   0.0088   0.0187   0.0061   0.0066   0.0100   0.10    1.3
2026/04/23 07:43:36.200   3509409.7860    779165.1208   5250969.3785   2  12   0.0180   0.0088   0.0187   0.0061   0.0066   0.0100   0.20    1.1
2026/04/23 07:43:36.300   3509409.7894    779165.1199   5250969.3791   2  12   0.0180   0.0088   0.0187   0.0061   0.0066   0.0100   0.30    1.3
2026/04/23 07:43:36.400   3509409.7915    779165.1194   5250969.3794   2  12   0.0180   0.0088   0.0187   0.0061   0.0066   0.0100   0.40    1.3
2026/04/23 07:43:36.500   3509409.7878    779165.1209   5250969.3804   2  12   0.0180   0.0088   0.0187   0.0061   0.0066   0.0100  -0.50    1.3
2026/04/23 07:43:36.600   3509409.7884    779165.1204   5250969.3810   2  12   0.0180   0.0088   0.0187   0.0061   0.0066   0.0100  -0.40    1.3
2026/04/23 07:43:36.700   3509409.7887    779165.1199   5250969.3817   2  12   0.0180   0.0088   0.0187   0.0061   0.0066   0.0100  -0.30    1.0
2026/04/23 07:43:36.800   3509409.7860    779165.1197   5250969.3825   2  12   0.0180   0.0088   0.0187   0.0061   0.0066   0.0100  -0.20    1.3
2026/04/23 07:43:36.900   3509409.7852    779165.1207   5250969.3826   2  12   0.0180   0.0088   0.0187   0.0061   0.0066   0.0100  -0.10    1.4
2026/04/23 07:43:37.000   3509409.7845    779165.1206   5250969.3813   2  12   0.0180   0.0088   0.0187   0.0061   0.0066   0.0100   0.00    1.3
2026/04/23 07:43:37.100   3509409.7849    779165.1214   5250969.3812   2  12   0.0180   0.0088   0.0187   0.0061   0.0066   0.0100   0.10    1.3
2026/04/23 07:43:37.200   3509409.7857    779165.1209   5250969.3820   2  12   0.0180   0.0088   0.0187   0.0061   0.0066   0.0100   0.20    1.3
2026/04/23 07:43:37.300   3509409.7829    779165.1207   5250969.3822   2  12   0.0180   0.0088   0.0187   0.0061   0.0066   0.0100   0.30    1.2
2026/04/23 07:43:37.400   3509409.7788    779165.1205   5250969.3832   2  12   0.0180   0.0088   0.0187   0.0061   0.0066   0.0100   0.40    1.3
2026/04/23 07:43:37.500   3509409.7801    779165.1181   5250969.3814   2  12   0.0180   0.0088   0.0187   0.0061   0.0066   0.0100  -0.50    1.2
2026/04/23 07:43:37.600   3509409.7791    779165.1159   5250969.3810   2  12   0.0180   0.0088   0.0187   0.0061   0.0066   0.0100  -0.40    1.3
2026/04/23 07:43:37.700   3509409.7792    779165.1160   5250969.3811   2  12   0.0180   0.0088   0.0187   0.0061   0.0066   0.0100  -0.30    1.3
2026/04/23 07:43:37.800   3509409.7770    779165.1181   5250969.3793   2  12   0.0180   0.0088   0.0187   0.0061   0.0066   0.0100  -0.20    1.3
2026/04/23 07:43:37.900   3509409.7770    779165.1197   5250969.3774   2  12   0.0180   0.0088   0.0187   0.0061   0.0066   0.0100  -0.10    1.0
2026/04/23 07:43:38.000   3509409.7760    779165.1208   5250969.3761   2  12   0.0180   0.0088   0.0187   0.0061   0.0066   0.0100   0.00    1.3
2026/04/23 07:43:38.100   3509409.7717    779165.1220   5250969.3757   2  12   0.0180   0.0088   0.0187   0.0061   0.0066   0.0100   0.10    1.2
2026/04/23 07:43:38.200   3509409.7693    779165.1216   5250969.3750   2  12   0.0180   0.0088   0.0187   0.0061   0.0066   0.0100   0.20    1.3
2026/04/23 07:43:38.300   3509409.7682    779165.1211   5250969.3746   2  12   0.0180   0.0088   0.0187   0.0061   0.0066   0.0100   0.30    1.1
2026/04/23 07:43:38.400   3509409.7683    779165.1214   5250969.3738   2  12   0.0180   0.0088   0.0187   0.0061   0.0066   0.0100   0.40    1.3
2026/04/23 07:43:38.500   3509409.7719    779165.1192   5250969.3738   2  12   0.0180   0.0088   0.0187   0.0061   0.0066   0.0100  -0.50    1.2
2026/04/23 07:43:38.600   3509409.7727    779165.1212   5250969.3738   2  12   0.0180   0.0088   0.0187   0.0061   0.0066   0.0100  -0.40    1.3
2026/04/23 07:43:38.700   3509409.7708    779165.1212   5250969.3732   2  12   0.0180   0.0088   0.0187   0.0061   0.0066   0.0100  -0.30    1.1
2026/04/23 07:43:38.800   3509409.7710    779165.1208   5250969.3724   2  12   0.0180   0.0088   0.0187   0.0061   0.0066   0.0100  -0.20    1.3
2026/04/23 07:43:38.900   3509409.7707    779165.1199   5250969.3722   2  12   0.0180   0.0088   0.0187   0.0062   0.0066   0.0100  -0.10    1.3
2026/04/23 07:43:39.000   3509409.7736    779165.1189   5250969.3735   2  12   0.0180   0.0088   0.0187   0.0062   0.0066   0.0100   0.00    1.3
2026/04/23 07:43:39.100   3509409.7755    779165.1187   5250969.3758   2  12   0.0180   0.0088   0.0187   0.0062   0.0066   0.0100   0.10    1.3
2026/04/23 07:43:39.200   3509409.7738    779165.1197   5250969.3755   2  12   0.0180   0.0088   0.0187   0.0062   0.0066   0.0100   0.20    1.0
2026/04/23 07:43:39.300   3509409.7749    779165.1196   5250969.3763   2  12   0.0180   0.0088   0.0187   0.0062   0.0066   0.0100   0.30    1.3
2026/04/23 07:43:39.400   3509409.7766    779165.1198   5250969.3771   2  12   0.0180   0.0088   0.0187   0.0062   0.0066   0.0100   0.40    1.4
2026/04/23 07:43:39.500   3509409.7764    779165.1203   5250969.3779   2  12   0.0180   0.0088   0.0187   0.0062   0.0066   0.0100  -0.50    1.3
2026/04/23 07:43:39.600   3509409.7774    779165.1203   5250969.3789   2  12   0.0180   0.0088   0.0187   0.0062   0.0066   0.0100  -0.40    1.3
2026/04/23 07:43:39.700   3509409.7769    779165.1196   5250969.3788   2  12   0.0180   0.0088   0.0187   0.0062   0.0066   0.0100  -0.30    1.3
2026/04/23 07:43:39.800   3509409.7746    779165.1185   5250969.3791   2  12   0.0180   0.0088   0.0187   0.0062   0.0066   0.0100  -0.20    1.2
2026/04/23 07:43:39.900   3509409.7741    779165.1197   5250969.3799   2  12   0.0180   0.0088   0.0187   0.0062   0.0066   0.0100  -0.10    1.4
2026/04/23 07:43:40.000   3509409.7772    779165.1205   5250969.3804   2  12   0.0180   0.0088   0.0187   0.0062   0.0066   0.0100   0.00    1.2
2026/04/23 07:43:40.100   3509409.7813    779165.1205   5250969.3810   2  12   0.0180   0.0088   0.0187   0.0062   0.0066   0.0100   0.10    1.4
2026/04/23 07:43:40.200   3509409.7806    779165.1205   5250969.3818   2  12   0.0180   0.0088   0.0187   0.0062   0.0066   0.0100   0.20    1.3
2026/04/23 07:43:40.300   3509409.7781    779165.1216   5250969.3828   2  12   0.0180   0.0088   0.0187   0.0062   0.0066   0.0100   0.30    1.4
2026/04/23 07:43:40.400   3509409.7776    779165.1224   5250969.3843   2  12   0.0180   0.0088   0.0187   0.0062   0.0066   0.0100   0.40    1.0
2026/04/23 07:43:40.500   3509409.7756    779165.1223   5250969.3843   2  12   0.0180   0.0088   0.0187   0.0062   0.0066   0.0100  -0.50    1.4
2026/04/23 07:43:40.600   3509409.7743    779165.1225   5250969.3837   2  12   0.0180   0.0088   0.0187   0.0062   0.0066   0.0100  -0.40    1.2
2026/04/23 07:43:40.700   3509409.7727    779165.1231   5250969.3831   2  12   0.0180   0.0088   0.0187   0.0062   0.0066   0.0100  -0.30    1.4
2026/04/23 07:43:40.800   3509409.7717    779165.1240   5250969.3833   2  12   0.0180   0.0088   0.0187   0.0062   0.0066   0.0100  -0.20    1.1
2026/04/23 07:43:40.900   3509409.7706    779165.1234   5250969.3845   2  12   0.0180   0.0088   0.0187   0.0062   0.0066   0.0100  -0.10    1.4
2026/04/23 07:43:41.000   3509409.7677    779165.1243   5250969.3842   2  12   0.0180   0.0088   0.0187   0.0062   0.0066   0.0100   0.00    1.1
2026/04/23 07:43:41.100   3509409.7673    779165.1241   5250969.3838   2  12   0.0180   0.0088   0.0187   0.0062   0.0066   0.0100   0.10    1.4
2026/04/23 07:43:41.200   3509409.7675    779165.1235   5250969.3832   2  12   0.0180   0.0088   0.0187   0.0062   0.0066   0.0100   0.20    1.0
2026/04/23 07:43:41.300   3509409.7670    779165.1221   5250969.3837   2  12   0.0180   0.0088   0.0187   0.0062   0.0066   0.0100   0.30    1.4
2026/04/23 07:43:41.400   3509409.7688    779165.1204   5250969.3836   2  12   0.0180   0.0088   0.0187   0.0062   0.0066   0.0100   0.40    1.4
2026/04/23 07:43:41.500   3509409.7682    779165.1213   5250969.3834   2  12   0.0180   0.0088   0.0187   0.0062   0.0066   0.0100  -0.50    1.3
2026/04/23 07:43:41.600   3509409.7705    779165.1220   5250969.3826   2  12   0.0180   0.0088   0.0187   0.0062   0.0066   0.0100  -0.40    1.4
2026/04/23 07:43:41.700   3509409.7710    779165.1231   5250969.3827   2  12   0.0180   0.0088   0.0187   0.0062   0.0066   0.0100  -0.30    1.0
2026/04/23 07:43:41.800   3509409.7727    779165.1220   5250969.3821   2  12   0.0180   0.0088   0.0187   0.0062   0.0066   0.0100  -0.20    1.4
2026/04/23 07:43:41.900   3509409.7715    779165.1221   5250969.3827   2  12   0.0180   0.0088   0.0187   0.0062   0.0066   0.0100  -0.10    1.3
2026/04/23 07:43:42.000   3509409.7721    779165.1231   5250969.3832   2  12   0.0180   0.0088   0.0187   0.0062   0.0066   0.0100   0.00    1.4
2026/04/23 07:43:42.100   3509409.7748    779165.1225   5250969.3841   2  12   0.0180   0.0088   0.0187   0.0062   0.0066   0.0100   0.10    1.3
2026/04/23 07:43:42.200   3509409.7756    779165.1220   5250969.3855   2  12   0.0180   0.0088   0.0187   0.0062   0.0066   0.0100   0.20    1.4
2026/04/23 07:43:42.300   3509409.7744    779165.1228   5250969.3860   2  12   0.0180   0.0088   0.0187   0.0062   0.0066   0.0100   0.30    1.3
2026/04/23 07:43:42.400   3509409.7718    779165.1233   5250969.3877   2  12   0.0180   0.0088   0.0187   0.0062   0.0066   0.0100   0.40    1.4
2026/04/23 07:43:42.500   3509409.7704    779165.1229   5250969.3901   2  12   0.0180   0.0088   0.0187   0.0062   0.0066   0.0100  -0.50    1.2
2026/04/23 07:43:42.600   3509409.7692    779165.1233   5250969.3914   2  12   0.0180   0.0088   0.0187   0.0062   0.0066   0.0100  -0.40    1.4
2026/04/23 07:43:42.700   3509409.7689    779165.1232   5250969.3913   2  12   0.0180   0.0088   0.0187   0.0062   0.0066   0.0100  -0.30    1.3
2026/04/23 07:43:42.800   3509409.7702    779165.1226   5250969.3913   2  12   0.0180   0.0088   0.0187   0.0062   0.0066   0.0100  -0.20    1.4
2026/04/23 07:43:42.900   3509409.7715    779165.1224   5250969.3906   2  12   0.0180   0.0088   0.0187   0.0062   0.0066   0.0100  -0.10    1.0
2026/04/23 07:43:43.000   3509409.7711    779165.1228   5250969.3915   2  12   0.0180   0.0088   0.0187   0.0062   0.0066   0.0100   0.00    1.4
2026/04/23 07:43:43.100   3509409.7684    779165.1243   5250969.3932   2  12   0.0180   0.0088   0.0187   0.0062   0.0066   0.0100   0.10    1.2
2026/04/23 07:43:43.200   3509409.7696    779165.1254   5250969.3940   2  12   0.0180   0.0088   0.0187   0.0062   0.0066   0.0100   0.20    1.4
2026/04/23 07:43:43.300   3509409.7696    779165.1259   5250969.3933   2  12   0.0180   0.0088   0.0187   0.0062   0.0066   0.0100   0.30    1.1
2026/04/23 07:43:43.400   3509409.7707    779165.1274   5250969.3930   2  12   0.0180   0.0088   0.0187   0.0062   0.0066   0.0100   0.40    1.4
2026/04/23 07:43:43.500   3509409.7694    779165.1259   5250969.3928   2  12   0.0180   0.0088   0.0187   0.0062   0.0066   0.0100  -0.50    1.1
2026/04/23 07:43:43.600   3509409.7688    779165.1258   5250969.3915   2  12   0.0180   0.0088   0.0187   0.0062   0.0066   0.0100  -0.40    1.4
2026/04/23 07:43:43.700   3509409.7660    779165.1262   5250969.3921   2  12   0.0180   0.0088   0.0187   0.0062   0.0066   0.0100  -0.30    1.0
2026/04/23 07:43:43.800   3509409.7649    779165.1253   5250969.3934   2  12   0.0180   0.0088   0.0187   0.0062   0.0066   0.0100  -0.20    1.4
2026/04/23 07:43:43.900   3509409.7636    779165.1258   5250969.3940   2  12   0.0180   0.0088   0.0187   0.0062   0.0066   0.0100  -0.10    1.4
2026/04/23 07:43:44.000   3509409.7608    779165.1259   5250969.3933   2  12   0.0179   0.0088   0.0187   0.0062   0.0066   0.0100   0.00    1.3
2026/04/23 07:43:44.100   3509409.7620    779165.1238   5250969.3932   2  12   0.0179   0.0088   0.0187   0.0062   0.0066   0.0100   0.10    1.4
2026/04/23 07:43:44.200   3509409.7632    779165.1241   5250969.3916   2  12   0.0179   0.0088   0.0187   0.0062   0.0066   0.0100   0.20    1.1
2026/04/23 07:43:44.300   3509409.7627    779165.1239   5250969.3903   2  12   0.0179   0.0088   0.0187   0.0062   0.0066   0.0100   0.30    1.4
2026/04/23 07:43:44.400   3509409.7620    779165.1243   5250969.3910   2  12   0.0180   0.0088   0.0187   0.0062   0.0066   0.0100   0.40    1.3
2026/04/23 07:43:44.500   3509409.7604    779165.1236   5250969.3902   2  12   0.0180   0.0088   0.0187   0.0062   0.0066   0.0100  -0.50    1.4
2026/04/23 07:43:44.600   3509409.7595    779165.1246   5250969.3910   2  12   0.0180   0.0088   0.0187   0.0062   0.0066   0.0100  -0.40    1.3
2026/04/23 07:43:44.700   3509409.7579    779165.1245   5250969.3919   2  12   0.0180   0.0088   0.0187   0.0062   0.0066   0.0100  -0.30    1.4
2026/04/23 07:43:44.800   3509409.7577    779165.1237   5250969.3928   2  12   0.0180   0.0088   0.0187   0.0062   0.0066   0.0100  -0.20    1.3
2026/04/23 07:43:44.900   3509409.7585    779165.1221   5250969.3929   2  12   0.0179   0.0088   0.0187   0.0062   0.0066   0.0100  -0.10    1.4
2026/04/23 07:43:45.000   3509409.7589    779165.1215   5250969.3940   2  12   0.0179   0.0088   0.0187   0.0062   0.0066   0.0100   0.00    1.2
2026/04/23 07:43:45.100   3509409.7559    779165.1232   5250969.3949   2  12   0.0179   0.0088   0.0187   0.0062   0.0066   0.0100   0.10    1.4
2026/04/23 07:43:45.200   3509409.7573    779165.1246   5250969.3959   2  12   0.0179   0.0088   0.0187   0.0062   0.0066   0.0100   0.20    1.4
2026/04/23 07:43:45.300   3509409.7578    779165.1261   5250969.3975   2  12   0.0179   0.0088   0.0187   0.0062   0.0066   0.0100   0.30    1.4
2026/04/23 07:43:45.400   3509409.7587    779165.1261   5250969.3967   2  12   0.0180   0.0088   0.0187   0.0062   0.0066   0.0100   0.40    1.0
2026/04/23 07:43:45.500   3509409.7613    779165.1252   5250969.3973   2  12   0.0180   0.0088   0.0187   0.0062   0.0066   0.0100  -0.50    1.4
2026/04/23 07:43:45.600   3509409.7585    779165.1261   5250969.3975   2  12   0.0180   0.0088   0.0187   0.0062   0.0066   0.0100  -0.40    1.2
2026/04/23 07:43:45.700   3509409.7584    779165.1271   5250969.3970   2  12   0.0180   0.0088   0.0187   0.0062   0.0066   0.0100  -0.30    1.4
2026/04/23 07:43:45.800   3509409.7569    779165.1278   5250969.3979   2  12   0.0179   0.0088   0.0187   0.0062   0.0066   0.0100  -0.20    1.1
2026/04/23 07:43:45.900   3509409.7590    779165.1268   5250969.3974   2  12   0.0179   0.0088   0.0187   0.0062   0.0066   0.0100  -0.10    1.4
2026/04/23 07:43:46.000   3509409.7593    779165.1272   5250969.3978   2  12   0.0179   0.0088   0.0187   0.0062   0.0066   0.0100   0.00    1.1
2026/04/23 07:43:46.100   3509409.7589    779165.1260   5250969.3997   2  12   0.0179   0.0088   0.0187   0.0062   0.0066   0.0100   0.10    1.4
2026/04/23 07:43:46.200   3509409.7593    779165.1274   5250969.4004   2  12   0.0179   0.0088   0.0187   0.0062   0.0066   0.0100   0.20    1.0
2026/04/23 07:43:46.300   3509409.7610    779165.1290   5250969.4006   2  12   0.0179   0.0088   0.0187   0.0062   0.0066   0.0100   0.30    1.4
2026/04/23 07:43:46.400   3509409.7600    779165.1300   5250969.4003   2  12   0.0179   0.0088   0.0187   0.0062   0.0066   0.0100   0.40    1.4
2026/04/23 07:43:46.500   3509409.7589    779165.1287   5250969.3987   2  12   0.0180   0.0088   0.0187   0.0062   0.0066   0.0100  -0.50    1.2
2026/04/23 07:43:46.600   3509409.7575    779165.1259   5250969.3976   2  12   0.0180   0.0088   0.0187   0.0062   0.0066   0.0100  -0.40    1.4
2026/04/23 07:43:46.700   3509409.7578    779165.1248   5250969.3979   2  12   0.0179   0.0088   0.0187   0.0062   0.0066   0.0100  -0.30    1.1
2026/04/23 07:43:46.800   3509409.7605    779165.1246   5250969.3977   2  12   0.0179   0.0088   0.0187   0.0062   0.0066   0.0100  -0.20    1.4
2026/04/23 07:43:46.900   3509409.7599    779165.1253   5250969.3969   2  12   0.0179   0.0088   0.0187   0.0062   0.0066   0.0100  -0.10    1.2
2026/04/23 07:43:47.000   3509409.7572    779165.1263   5250969.3962   2  12   0.0179   0.0088   0.0187   0.0062   0.0066   0.0100   0.00    1.4
2026/04/23 07:43:47.100   3509409.7558    779165.1259   5250969.3952   2  12   0.0179   0.0088   0.0187   0.0062   0.0066   0.0100   0.10    1.3
2026/04/23 07:43:47.200   3509409.7553    779165.1244   5250969.3966   2  12   0.0179   0.0088   0.0187   0.0062   0.0066   0.0100   0.20    1.4
2026/04/23 07:43:47.300   3509409.7548    779165.1243   5250969.3971   2  12   0.0179   0.0088   0.0187   0.0062   0.0066   0.0100   0.30    1.3
2026/04/23 07:43:47.400   3509409.7586    779165.1224   5250969.3958   2  12   0.0179   0.0088   0.0187   0.0062   0.0066   0.0100   0.40    1.4
2026/04/23 07:43:47.500   3509409.7605    779165.1220   5250969.3947   2  12   0.0180   0.0088   0.0187   0.0062   0.0066   0.0100  -0.50    1.2
2026/04/23 07:43:47.600   3509409.7597    779165.1211   5250969.3943   2  12   0.0180   0.0088   0.0187   0.0062   0.0066   0.0100  -0.40    1.4
2026/04/23 07:43:47.700   3509409.7563    779165.1216   5250969.3932   2  12   0.0179   0.0088   0.0187   0.0062   0.0066   0.0100  -0.30    1.4
2026/04/23 07:43:47.800   3509409.7519    779165.1215   5250969.3933   2  12   0.0179   0.0088   0.0187   0.0062   0.0066   0.0100  -0.20    1.4
2026/04/23 07:43:47.900   3509409.7486    779165.1228   5250969.3946   2  12   0.0179   0.0088   0.0187   0.0062   0.0066   0.0100  -0.10    1.0
2026/04/23 07:43:48.000   3509409.7500    779165.1237   5250969.3973   2  12   0.0179   0.0088   0.0187   0.0062   0.0066   0.0100   0.00    1.4
2026/04/23 07:43:48.100   3509409.7536    779165.1250   5250969.3993   2  12   0.0179   0.0088   0.0187   0.0062   0.0066   0.0100   0.10    1.2
2026/04/23 07:43:48.200   3509409.7557    779165.1254   5250969.3982   2  12   0.0179   0.0088   0.0187   0.0062   0.0066   0.0100   0.20    1.4
2026/04/23 07:43:48.300   3509409.7533    779165.1277   5250969.3984   2  12   0.0179   0.0088   0.0187   0.0062   0.0066   0.0100   0.30    1.1
2026/04/23 07:43:48.400   3509409.7546    779165.1286   5250969.3990   2  12   0.0179   0.0088   0.0187   0.0062   0.0066   0.0100   0.40    1.4
2026/04/23 07:43:48.500   3509409.7548    779165.1288   5250969.3981   2  12   0.0179   0.0088   0.0187   0.0062   0.0066   0.0100  -0.50    1.0
2026/04/23 07:43:48.600   3509409.7539    779165.1287   5250969.3970   2  12   0.0179   0.0088   0.0187   0.0062   0.0066   0.0100  -0.40    1.4
2026/04/23 07:43:48.700   3509409.7584    779165.1281   5250969.3972   2  12   0.0179   0.0088   0.0187   0.0062   0.0066   0.0100  -0.30    1.1
2026/04/23 07:43:48.800   3509409.7607    779165.1270   5250969.3975   2  12   0.0179   0.0088   0.0187   0.0062   0.0066   0.0100  -0.20    1.4
2026/04/23 07:43:48.900   3509409.7642    779165.1259   5250969.3956   2  12   0.0179   0.0088   0.0187   0.0062   0.0066   0.0100  -0.10    1.4
2026/04/23 07:43:49.000   3509409.7615    779165.1277   5250969.3953   2  12   0.0179   0.0088   0.0187   0.0062   0.0066   0.0100   0.00    1.2
2026/04/23 07:43:49.100   3509409.7596    779165.1285   5250969.3948   2  12   0.0179   0.0088   0.0187   0.0062   0.0066   0.0100   0.10    1.4
2026/04/23 07:43:49.200   3509409.7591    779165.1279   5250969.3957   2  12   0.0179   0.0088   0.0187   0.0062   0.0066   0.0100   0.20    1.1
2026/04/23 07:43:49.300   3509409.7560    779165.1260   5250969.3962   2  12   0.0179   0.0088   0.0187   0.0062   0.0066   0.0100   0.30    1.4
2026/04/23 07:43:49.400   3509409.7510    779165.1235   5250969.3953   2  12   0.0179   0.0088   0.0187   0.0062   0.0066   0.0100   0.40    1.2
2026/04/23 07:43:49.500   3509409.7492    779165.1205   5250969.3942   2  12   0.0179   0.0088   0.0187   0.0062   0.0066   0.0100  -0.50    1.4
2026/04/23 07:43:49.600   3509409.7466    779165.1185   5250969.3919   2  12   0.0179   0.0088   0.0187   0.0062   0.0066   0.0100  -0.40    1.3
2026/04/23 07:43:49.700   3509409.7415    779165.1171   5250969.3904   2  12   0.0179   0.0088   0.0187   0.0062   0.0066   0.0100  -0.30    1.4
2026/04/23 07:43:49.800   3509409.7411    779165.1176   5250969.3886   2  12   0.0179   0.0088   0.0187   0.0062   0.0066   0.0100  -0.20    1.3
2026/04/23 07:43:49.900   3509409.7421    779165.1145   5250969.3846   2  11   0.0182   0.0091   0.0188   0.0067   0.0069   0.0103  -0.10    1.0
2026/04/23 07:43:50.000   3509409.7493    779165.1217   5250969.3912   2  12   0.0181   0.0090   0.0188   0.0065   0.0068   0.0103   0.00    1.4
2026/04/23 07:43:50.100   3509409.7571    779165.1265   5250969.3965   2  12   0.0181   0.0089   0.0188   0.0064   0.0067   0.0102   0.10    1.1
2026/04/23 07:43:50.200   3509409.7649    779165.1311   5250969.4040   2  12   0.0180   0.0088   0.0188   0.0063   0.0067   0.0102   0.20    1.4
2026/04/23 07:43:50.300   3509409.7719    779165.1351   5250969.4105   2  12   0.0180   0.0088   0.0188   0.0063   0.0066   0.0102   0.30    1.4
2026/04/23 07:43:50.400   3509409.7788    779165.1379   5250969.4146   2  12   0.0180   0.0088   0.0188   0.0062   0.0066   0.0101   0.40    1.4
2026/04/23 07:43:50.500   3509409.7823    779165.1387   5250969.4178   2  12   0.0180   0.0088   0.0187   0.0062   0.0066   0.0101  -0.50    1.0
2026/04/23 07:43:50.600   3509409.7830    779165.1383   5250969.4213   2  12   0.0180   0.0088   0.0187   0.0062   0.0066   0.0101  -0.40    1.4
2026/04/23 07:43:50.700   3509409.7841    779165.1356   5250969.4243   2  12   0.0180   0.0088   0.0187   0.0062   0.0066   0.0101  -0.30    1.1
2026/04/23 07:43:50.800   3509409.7820    779165.1307   5250969.4217   2  12   0.0179   0.0088   0.0187   0.0062   0.0066   0.0101  -0.20    1.4
2026/04/23 07:43:50.900   3509409.7721    779165.1236   5250969.4175   2  12   0.0179   0.0088   0.0187   0.0062   0.0066   0.0101  -0.10    1.1
2026/04/23 07:43:51.000   3509409.7664    779165.1179   5250969.4137   2  12   0.0179   0.0088   0.0187   0.0062   0.0066   0.0101   0.00    1.4
2026/04/23 07:43:51.100   3509409.7589    779165.1168   5250969.4113   2  12   0.0179   0.0088   0.0187   0.0062   0.0066   0.0101   0.10    1.0
2026/04/23 07:43:51.200   3509409.7549    779165.1142   5250969.4069   2  12   0.0179   0.0088   0.0187   0.0062   0.0066   0.0101   0.20    1.4
2026/04/23 07:43:51.300   3509409.7485    779165.1123   5250969.4021   2  12   0.0179   0.0088   0.0187   0.0062   0.0066   0.0101   0.30    1.1
2026/04/23 07:43:51.400   3509409.7458    779165.1128   5250969.3998   2  12   0.0179   0.0088   0.0187   0.0062   0.0066   0.0100   0.40    1.4
2026/04/23 07:43:51.500   3509409.7437    779165.1138   5250969.3998   2  12   0.0179   0.0088   0.0187   0.0062   0.0066   0.0100  -0.50    1.4
2026/04/23 07:43:51.600   3509409.7385    779165.1142   5250969.3963   2  12   0.0179   0.0088   0.0187   0.0062   0.0066   0.0100  -0.40    1.2
2026/04/23 07:43:51.700   3509409.7351    779165.1150   5250969.3925   2  12   0.0179   0.0088   0.0187   0.0062   0.0066   0.0101  -0.30    1.4
2026/04/23 07:43:51.800   3509409.7382    779165.1177   5250969.3913   2  12   0.0179   0.0088   0.0187   0.0062   0.0066   0.0101  -0.20    1.1
2026/04/23 07:43:51.900   3509409.7404    779165.1183   5250969.3894   2  12   0.0179   0.0088   0.0187   0.0062   0.0066   0.0101  -0.10    1.4
2026/04/23 07:43:52.000   3509409.7430    779165.1189   5250969.3882   2  12   0.0179   0.0088   0.0187   0.0062   0.0066   0.0101   0.00    1.2
2026/04/23 07:43:52.100   3509409.7474    779165.1206   5250969.3901   2  12   0.0179   0.0088   0.0187   0.0062   0.0066   0.0101   0.10    1.4
2026/04/23 07:43:52.200   3509409.7481    779165.1246   5250969.3909   2  12   0.0179   0.0088   0.0187   0.0062   0.0066   0.0101   0.20    1.3
2026/04/23 07:43:52.300   3509409.7494    779165.1241   5250969.3921   2  12   0.0179   0.0088   0.0187   0.0062   0.0066   0.0101   0.30    1.4
2026/04/23 07:43:52.400   3509409.7521    779165.1237   5250969.3938   2  12   0.0179   0.0088   0.0187   0.0062   0.0066   0.0101   0.40    1.3
2026/04/23 07:43:52.500   3509409.7503    779165.1242   5250969.3963   2  12   0.0179   0.0088   0.0187   0.0062   0.0066   0.0101  -0.50    1.4
2026/04/23 07:43:52.600   3509409.7526    779165.1232   5250969.3977   2  12   0.0179   0.0088   0.0187   0.0062   0.0066   0.0101  -0.40    1.1
2026/04/23 07:43:52.700   3509409.7540    779165.1234   5250969.3989   2  12   0.0179   0.0088   0.0187   0.0062   0.0066   0.0101  -0.30    1.4
2026/04/23 07:43:52.800   3509409.7563    779165.1238   5250969.4003   2  12   0.0179   0.0088   0.0187   0.0062   0.0066   0.0101  -0.20    1.4
2026/04/23 07:43:52.900   3509409.7564    779165.1229   5250969.4037   2  12   0.0179   0.0088   0.0187   0.0062   0.0066   0.0101  -0.10    1.4
2026/04/23 07:43:53.000   3509409.7577    779165.1228   5250969.4056   2  12   0.0179   0.0088   0.0187   0.0062   0.0066   0.0101   0.00    1.0
2026/04/23 07:43:53.100   3509409.7584    779165.1225   5250969.4069   2  12   0.0179   0.0088   0.0187   0.0062   0.0066   0.0101   0.10    1.4
2026/04/23 07:43:53.200   3509409.7561    779165.1223   5250969.4088   2  12   0.0179   0.0088   0.0187   0.0062   0.0066   0.0101   0.20    1.1
2026/04/23 07:43:53.300   3509409.7557    779165.1234   5250969.4096   2  12   0.0179   0.0088   0.0187   0.0062   0.0066   0.0101   0.30    1.4
2026/04/23 07:43:53.400   3509409.7567    779165.1236   5250969.4107   2  12   0.0179   0.0088   0.0187   0.0062   0.0066   0.0101   0.40    1.1
2026/04/23 07:43:53.500   3509409.7562    779165.1230   5250969.4112   2  12   0.0179   0.0088   0.0187   0.0062   0.0066   0.0101  -0.50    1.4
2026/04/23 07:43:53.600   3509409.7577    779165.1226   5250969.4107   2  12   0.0179   0.0088   0.0187   0.0062   0.0066   0.0101  -0.40    1.0
2026/04/23 07:43:53.700   3509409.7589    779165.1225   5250969.4118   2  12   0.0179   0.0088   0.0187   0.0062   0.0066   0.0101  -0.30    1.4
2026/04/23 07:43:53.800   3509409.7598    779165.1235   5250969.4113   2  12   0.0179   0.0088   0.0187   0.0062   0.0066   0.0101  -0.20    1.1
2026/04/23 07:43:53.900   3509409.7585    779165.1240   5250969.4117   2  12   0.0179   0.0088   0.0187   0.0062   0.0066   0.0101  -0.10    1.4
2026/04/23 07:43:54.000   3509409.7573    779165.1235   5250969.4114   2  12   0.0179   0.0088   0.0187   0.0062   0.0066   0.0101   0.00    1.4
2026/04/23 07:43:54.100   3509409.7582    779165.1234   5250969.4113   2  12   0.0179   0.0088   0.0187   0.0062   0.0066   0.0101   0.10    1.1
2026/04/23 07:43:54.200   3509409.7593    779165.1225   5250969.4100   2  12   0.0179   0.0088   0.0187   0.0062   0.0066   0.0101   0.20    1.4
2026/04/23 07:43:54.300   3509409.7569    779165.1231   5250969.4103   2  12   0.0179   0.0088   0.0187   0.0062   0.0066   0.0101   0.30    1.1
2026/04/23 07:43:54.400   3509409.7556    779165.1243   5250969.4105   2  12   0.0179   0.0088   0.0187   0.0062   0.0066   0.0101   0.40    1.4
2026/04/23 07:43:54.500   3509409.7515    779165.1239   5250969.4119   2  12   0.0179   0.0088   0.0187   0.0062   0.0066   0.0101  -0.50    1.1
2026/04/23 07:43:54.600   3509409.7509    779165.1246   5250969.4121   2  12   0.0179   0.0088   0.0187   0.0062   0.0066   0.0101  -0.40    1.4
2026/04/23 07:43:54.700   3509409.7528    779165.1239   5250969.4113   2  12   0.0179   0.0088   0.0187   0.0062   0.0066   0.0101  -0.30    1.3
2026/04/23 07:43:54.800   3509409.7578    779165.1236   5250969.4106   2  12   0.0179   0.0088   0.0187   0.0062   0.0066   0.0101  -0.20    1.4
2026/04/23 07:43:54.900   3509409.7588    779165.1236   5250969.4113   2  12   0.0179   0.0088   0.0187   0.0062   0.0066   0.0101  -0.10    1.2
2026/04/23 07:43:55.000   3509409.7588    779165.1225   5250969.4120   2  12   0.0179   0.0088   0.0187   0.0062   0.0066   0.0101   0.00    1.4
2026/04/23 07:43:55.100   3509409.7572    779165.1231   5250969.4134   2  12   0.0179   0.0088   0.0187   0.0062   0.0066   0.0101   0.10    1.1
2026/04/23 07:43:55.200   3509409.7579    779165.1240   5250969.4133   2  12   0.0179   0.0088   0.0187   0.0062   0.0066   0.0101   0.20    1.4
2026/04/23 07:43:55.300   3509409.7585    779165.1235   5250969.4127   2  12   0.0179   0.0088   0.0187   0.0062   0.0066   0.0101   0.30    1.4
2026/04/23 07:43:55.400   3509409.7605    779165.1226   5250969.4133   2  12   0.0179   0.0088   0.0187   0.0062   0.0066   0.0101   0.40    1.4
2026/04/23 07:43:55.500   3509409.7604    779165.1226   5250969.4146   2  12   0.0179   0.0088   0.0187   0.0062   0.0066   0.0101  -0.50    1.0
2026/04/23 07:43:55.600   3509409.7610    779165.1233   5250969.4146   2  12   0.0179   0.0088   0.0187   0.0062   0.0066   0.0101  -0.40    1.4
2026/04/23 07:43:55.700   3509409.7619    779165.1229   5250969.4157   2  12   0.0179   0.0088   0.0187   0.0062   0.0066   0.0101  -0.30    1.1
2026/04/23 07:43:55.800   3509409.7599    779165.1215   5250969.4177   2  12   0.0179   0.0088   0.0187   0.0062   0.0066   0.0101  -0.20    1.4
2026/04/23 07:43:55.900   3509409.7546    779165.1223   5250969.4188   2  12   0.0179   0.0088   0.0187   0.0062   0.0066   0.0101  -0.10    1.1
2026/04/23 07:43:56.000   3509409.7549    779165.1226   5250969.4185   2  12   0.0179   0.0088   0.0187   0.0062   0.0066   0.0101   0.00    1.4
2026/04/23 07:43:56.100   3509409.7554    779165.1204   5250969.4169   2  12   0.0179   0.0088   0.0187   0.0062   0.0066   0.0101   0.10    1.0
2026/04/23 07:43:56.200   3509409.7535    779165.1198   5250969.4168   2  12   0.0179   0.0088   0.0187   0.0062   0.0066   0.0101   0.20    1.4
2026/04/23 07:43:56.300   3509409.7530    779165.1183   5250969.4150   2  12   0.0179   0.0088   0.0187   0.0062   0.0066   0.0101   0.30    1.2
2026/04/23 07:43:56.400   3509409.7507    779165.1177   5250969.4139   2  12   0.0179   0.0088   0.0187   0.0062   0.0066   0.0101   0.40    1.4
2026/04/23 07:43:56.500   3509409.7448    779165.1175   5250969.4125   2  12   0.0179   0.0088   0.0187   0.0062   0.0066   0.0101  -0.50    1.4
2026/04/23 07:43:56.600   3509409.7457    779165.1176   5250969.4120   2  12   0.0179   0.0088   0.0187   0.0062   0.0066   0.0101  -0.40    1.1
2026/04/23 07:43:56.700   3509409.7435    779165.1160   5250969.4106   2  12   0.0179   0.0088   0.0187   0.0062   0.0066   0.0101  -0.30    1.4
2026/04/23 07:43:56.800   3509409.7384    779165.1147   5250969.4060   2  11   0.0182   0.0091   0.0188   0.0067   0.0069   0.0104  -0.20    1.1
2026/04/23 07:43:56.900   3509409.7467    779165.1222   5250969.4094   2  12   0.0181   0.0090   0.0188   0.0065   0.0068   0.0103  -0.10    1.4
2026/04/23 07:43:57.000   3509409.7546    779165.1274   5250969.4148   2  12   0.0180   0.0089   0.0188   0.0064   0.0067   0.0103   0.00    1.1
2026/04/23 07:43:57.100   3509409.7567    779165.1305   5250969.4185   2  12   0.0180   0.0088   0.0188   0.0063   0.0067   0.0102   0.10    1.4
2026/04/23 07:43:57.200   3509409.7593    779165.1306   5250969.4204   2  12   0.0180   0.0088   0.0187   0.0063   0.0066   0.0102   0.20    1.3
2026/04/23 07:43:57.300   3509409.7571    779165.1271   5250969.4169   2  11   0.0182   0.0091   0.0188   0.0068   0.0070   0.0105   0.30    1.0
2026/04/23 07:43:57.400   3509409.7484    779165.1230   5250969.4152   2  11   0.0184   0.0093   0.0190   0.0072   0.0072   0.0107   0.40    1.0
2026/04/23 07:43:57.500   3509409.7449    779165.1175   5250969.4121   2  11   0.0186   0.0095   0.0191   0.0074   0.0075   0.0110  -0.50    1.0
2026/04/23 07:43:57.600   3509409.7390    779165.1137   5250969.4094   2  11   0.0188   0.0096   0.0192   0.0077   0.0077   0.0112  -0.40    1.0
2026/04/23 07:43:57.700   3509409.7378    779165.1093   5250969.4060   2  11   0.0189   0.0096   0.0193   0.0078   0.0078   0.0114  -0.30    1.0
2026/04/23 07:43:57.800   3509409.7457    779165.1174   5250969.4116   2  12   0.0186   0.0092   0.0192   0.0071   0.0073   0.0110  -0.20    1.4
2026/04/23 07:43:57.900   3509409.7390    779165.1159   5250969.4080   2  11   0.0187   0.0093   0.0192   0.0074   0.0075   0.0112  -0.10    1.5
2026/04/23 07:43:58.000   3509409.7395    779165.1192   5250969.4103   2  12   0.0185   0.0090   0.0191   0.0068   0.0071   0.0109   0.00    1.4
2026/04/23 07:43:58.100   3509409.7391    779165.1174   5250969.4112   2  12   0.0183   0.0089   0.0190   0.0066   0.0069   0.0107   0.10    1.1
2026/04/23 07:43:58.200   3509409.7434    779165.1189   5250969.4146   2  12   0.0182   0.0088   0.0190   0.0064   0.0067   0.0106   0.20    1.4
2026/04/23 07:43:58.300   3509409.7405    779165.1160   5250969.4131   2  11   0.0184   0.0091   0.0190   0.0068   0.0070   0.0108   0.30    1.2
2026/04/23 07:43:58.400   3509409.7410    779165.1156   5250969.4144   2  12   0.0182   0.0090   0.0190   0.0066   0.0068   0.0106   0.40    1.4
2026/04/23 07:43:58.500   3509409.7387    779165.1157   5250969.4141   2  12   0.0182   0.0089   0.0189   0.0064   0.0067   0.0105  -0.50    1.0
2026/04/23 07:43:58.600   3509409.7367    779165.1137   5250969.4118   2  11   0.0183   0.0092   0.0190   0.0069   0.0071   0.0107  -0.40    1.0
2026/04/23 07:43:58.700   3509409.7424    779165.1152   5250969.4142   2  12   0.0182   0.0090   0.0189   0.0066   0.0069   0.0105  -0.30    1.4
2026/04/23 07:43:58.800   3509409.7422    779165.1145   5250969.4159   2  12   0.0181   0.0089   0.0189   0.0064   0.0068   0.0104  -0.20    1.0
2026/04/23 07:43:58.900   3509409.7429    779165.1138   5250969.4164   2  12   0.0181   0.0088   0.0188   0.0063   0.0067   0.0103  -0.10    1.4
2026/04/23 07:43:59.000   3509409.7425    779165.1160   5250969.4186   2  12   0.0180   0.0088   0.0188   0.0063   0.0066   0.0103   0.00    1.1
2026/04/23 07:43:59.100   3509409.7435    779165.1147   5250969.4194   2  12   0.0180   0.0088   0.0188   0.0062   0.0066   0.0102   0.10    1.4
2026/04/23 07:43:59.200   3509409.7429    779165.1125   5250969.4178   2  11   0.0182   0.0091   0.0189   0.0067   0.0069   0.0105   0.20    1.2
2026/04/23 07:43:59.300   3509409.7409    779165.1102   5250969.4172   2  11   0.0184   0.0093   0.0190   0.0071   0.0072   0.0107   0.30    1.0
2026/04/23 07:43:59.400   3509409.7387    779165.1080   5250969.4164   2  11   0.0186   0.0095   0.0191   0.0074   0.0075   0.0110   0.40    1.0
2026/04/23 07:43:59.500   3509409.7350    779165.1068   5250969.4158   2  11   0.0188   0.0096   0.0192   0.0077   0.0077   0.0112  -0.50    1.0
2026/04/23 07:43:59.600   3509409.7313    779165.1072   5250969.4142   2  11   0.0189   0.0096   0.0193   0.0078   0.0078   0.0114  -0.40    1.0
2026/04/23 07:43:59.700   3509409.7272    779165.1076   5250969.4123   2  11   0.0190   0.0096   0.0194   0.0079   0.0079   0.0116  -0.30    1.0
2026/04/23 07:43:59.800   3509409.7248    779165.1079   5250969.4108   2  11   0.0191   0.0096   0.0195   0.0079   0.0079   0.0117  -0.20    1.0
2026/04/23 07:43:59.900   3509409.7213    779165.1088   5250969.4088   2  11   0.0192   0.0096   0.0195   0.0080   0.0080   0.0118  -0.10    1.0
2026/04/23 07:44:00.000   3509409.7215    779165.1077   5250969.4070   2  11   0.0192   0.0096   0.0196   0.0080   0.0080   0.0119   0.00    1.0
