% program   : RTKPOST-EX 2.5.0
% inp file  : C:\Users\holge\git\GNSS_IMU\data\run4.obs
% inp file  : C:\Users\holge\Downloads\BUDD00DNK_R_20261130000_01D_01S_MO.rnx
% inp file  : C:\Users\holge\Downloads\BUDD00DNK_R_20261130000_01D_MN.rnx
% inp file  : C:\Users\holge\git\GNSS_IMU\data\COD0OPSRAP_20261130000_01D_05M_ORB.SP3
% obs start : 2026/04/23 07:43:00.0 GPST (week2415 373380.0s)
% obs end   : 2026/04/23 07:48:00.0 GPST (week2415 373680.0s)
% pos mode  : Kinematic
% freqs     : L1+L2/E5b+L5+L6
% solution  : Forward
% elev mask : 15.0 deg
% dynamics  : on
% tidecorr  : solid
% ionos opt : Iono-Free LC
% tropo opt : Saastamoinen
% ephemeris : Precise
% navi sys  : GPS GLONASS Galileo BDS
% amb res   : Fix and Hold
% amb glo   : Fix and Hold
% amb bds   : on
% val thres : 3.0
% antenna1  :                       ( 0.0000  0.0000  0.0762)
% antenna2  :                       ( 0.0000  0.0000  0.2567)
% ref pos   :   3513649.6252    778954.5456   5248201.7777
%
% (x/y/z-ecef=WGS84,Q=1:fix,2:float,3:sbas,4:dgps,5:single,6:ppp,ns=# of satellites)
%  GPST                      x-ecef(m)      y-ecef(m)      z-ecef(m)   Q  ns   sdx(m)   sdy(m)   sdz(m)  sdxy(m)  sdyz(m)  sdzx(m) age(s)  ratio
2026/04/23 07:43:07.700   3509418.7878    779162.1415   5250975.0902   2  16   5.0820   2.4168   5.6356   1.3434   1.9970   4.0334  -0.30    0.0
2026/04/23 07:43:07.800   3509418.8676    779162.1940   5250975.1872   2  16   3.6712   1.7272   4.0580   0.9715   1.4399   2.9326  -0.20    0.0
2026/04/23 07:43:07.900   3509418.8765    779162.1973   5250975.2894   2  16   3.0197   1.4154   3.3341   0.7995   1.1835   2.4174  -0.10    0.0
2026/04/23 07:43:08.000   3509418.8752    779162.1765   5250975.4071   2  16   2.6249   1.2280   2.8965   0.6951   1.0284   2.1037   0.00    0.0
2026/04/23 07:43:08.100   3509418.8849    779162.1760   5250975.4597   2  16   2.3530   1.0995   2.5956   0.6233   0.9217   1.8871   0.10    0.0
2026/04/23 07:43:08.200   3509418.9373    779162.1623   5250975.5109   2  16   2.1512   1.0045   2.3724   0.5699   0.8425   1.7260   0.20    0.0
2026/04/23 07:43:08.300   3509419.0009    779162.1506   5250975.5790   2  16   1.9938   0.9304   2.1984   0.5282   0.7808   1.6001   0.30    0.0
2026/04/23 07:43:08.400   3509419.0559    779162.1440   5250975.6263   2  16   1.8665   0.8707   2.0577   0.4945   0.7308   1.4983   0.40    0.0
2026/04/23 07:43:08.500   3509419.0991    779162.1440   5250975.6895   2  16   1.7608   0.8211   1.9410   0.4666   0.6894   1.4137  -0.50    0.0
2026/04/23 07:43:08.600   3509419.1413    779162.1484   5250975.7683   2  16   1.6713   0.7792   1.8421   0.4429   0.6543   1.3420  -0.40    0.0
2026/04/23 07:43:08.700   3509419.1984    779162.1519   5250975.8553   2  16   1.5941   0.7431   1.7568   0.4224   0.6240   1.2802  -0.30    0.0
2026/04/23 07:43:08.800   3509419.2334    779162.1690   5250975.9177   2  16   1.5268   0.7115   1.6824   0.4046   0.5976   1.2262  -0.20    0.0
2026/04/23 07:43:08.900   3509419.2729    779162.1788   5250975.9570   2  16   1.4672   0.6837   1.6167   0.3888   0.5743   1.1784  -0.10    0.0
2026/04/23 07:43:09.000   3509419.3263    779162.1850   5250976.0149   2  16   1.4142   0.6589   1.5581   0.3748   0.5535   1.1359   0.00    0.0
2026/04/23 07:43:09.100   3509419.3824    779162.1904   5250976.0838   2  16   1.3665   0.6366   1.5054   0.3621   0.5348   1.0976   0.10    0.0
2026/04/23 07:43:09.200   3509419.4360    779162.1939   5250976.1397   2  16   1.3233   0.6165   1.4577   0.3507   0.5178   1.0629   0.20    0.0
2026/04/23 07:43:09.300   3509419.4801    779162.1979   5250976.1874   2  16   1.2839   0.5981   1.4142   0.3403   0.5024   1.0313   0.30    0.0
2026/04/23 07:43:09.400   3509419.5149    779162.2006   5250976.2233   2  16   1.2479   0.5813   1.3744   0.3307   0.4882   1.0023   0.40    0.0
2026/04/23 07:43:09.500   3509419.5491    779162.2118   5250976.2611   2  16   1.2147   0.5658   1.3377   0.3219   0.4752   0.9757  -0.50    0.0
2026/04/23 07:43:09.600   3509419.5758    779162.2209   5250976.2856   2  16   1.1841   0.5515   1.3038   0.3138   0.4632   0.9510  -0.40    0.0
2026/04/23 07:43:09.700   3509419.6051    779162.2285   5250976.3211   2  16   1.1556   0.5383   1.2723   0.3062   0.4520   0.9281  -0.30    0.0
2026/04/23 07:43:09.800   3509419.6200    779162.2349   5250976.3340   2  16   1.1291   0.5259   1.2430   0.2992   0.4416   0.9068  -0.20    0.0
2026/04/23 07:43:09.900   3509419.6267    779162.2382   5250976.3420   2  16   1.1043   0.5143   1.2156   0.2926   0.4318   0.8869  -0.10    0.0
2026/04/23 07:43:10.000   3509419.6445    779162.2428   5250976.3627   2  16   1.0811   0.5035   1.1899   0.2864   0.4227   0.8682   0.00    0.0
2026/04/23 07:43:10.100   3509419.6680    779162.2483   5250976.3882   2  16   1.0592   0.4934   1.1657   0.2806   0.4141   0.8506   0.10    0.0
2026/04/23 07:43:10.200   3509419.6903    779162.2554   5250976.4108   2  16   1.0387   0.4838   1.1429   0.2752   0.4060   0.8340   0.20    0.0
2026/04/23 07:43:10.300   3509419.7015    779162.2640   5250976.4267   2  16   1.0193   0.4748   1.1214   0.2700   0.3984   0.8184   0.30    0.0
2026/04/23 07:43:10.400   3509419.7144    779162.2731   5250976.4551   2  16   1.0009   0.4662   1.1011   0.2651   0.3912   0.8036   0.40    0.0
2026/04/23 07:43:10.500   3509419.7252    779162.2830   5250976.4846   2  16   0.9835   0.4581   1.0818   0.2605   0.3843   0.7895  -0.50    0.0
2026/04/23 07:43:10.600   3509419.7502    779162.2903   5250976.5220   2  16   0.9669   0.4504   1.0634   0.2561   0.3778   0.7762  -0.40    0.0
2026/04/23 07:43:10.700   3509419.7746    779162.2987   5250976.5466   2  16   0.9512   0.4431   1.0460   0.2519   0.3716   0.7635  -0.30    0.0
2026/04/23 07:43:10.800   3509419.8014    779162.3066   5250976.5779   2  16   0.9362   0.4361   1.0293   0.2479   0.3657   0.7514  -0.20    0.0
2026/04/23 07:43:10.900   3509419.8321    779162.3156   5250976.6201   2  16   0.9218   0.4294   1.0134   0.2441   0.3600   0.7398  -0.10    0.0
2026/04/23 07:43:11.000   3509419.8650    779162.3223   5250976.6578   2  16   0.9081   0.4231   0.9982   0.2404   0.3546   0.7287   0.00    0.0
2026/04/23 07:43:11.100   3509419.8912    779162.3245   5250976.6824   2  16   0.8950   0.4170   0.9836   0.2369   0.3494   0.7181   0.10    0.0
2026/04/23 07:43:11.200   3509419.9128    779162.3259   5250976.6984   2  16   0.8825   0.4111   0.9697   0.2336   0.3445   0.7080   0.20    0.0
2026/04/23 07:43:11.300   3509419.9333    779162.3313   5250976.7142   2  16   0.8704   0.4055   0.9563   0.2303   0.3397   0.6982   0.30    0.0
2026/04/23 07:43:11.400   3509419.9547    779162.3349   5250976.7222   2  16   0.8588   0.4002   0.9434   0.2272   0.3351   0.6889   0.40    0.0
2026/04/23 07:43:11.500   3509419.9819    779162.3397   5250976.7442   2  16   0.8477   0.3950   0.9310   0.2243   0.3307   0.6799  -0.50    0.0
2026/04/23 07:43:11.600   3509420.0061    779162.3440   5250976.7599   2  16   0.8370   0.3900   0.9191   0.2214   0.3265   0.6712  -0.40    0.0
2026/04/23 07:43:11.700   3509420.0293    779162.3472   5250976.7715   2  16   0.8266   0.3852   0.9076   0.2186   0.3224   0.6628  -0.30    0.0
2026/04/23 07:43:11.800   3509420.0561    779162.3498   5250976.7902   2  16   0.8167   0.3806   0.8964   0.2160   0.3185   0.6547  -0.20    0.0
2026/04/23 07:43:11.900   3509420.0850    779162.3537   5250976.8070   2  16   0.8071   0.3761   0.8857   0.2134   0.3146   0.6469  -0.10    0.0
2026/04/23 07:43:12.000   3509420.1139    779162.3593   5250976.8194   2  16   0.7978   0.3718   0.8754   0.2109   0.3110   0.6394   0.00    0.0
2026/04/23 07:43:12.100   3509420.1398    779162.3648   5250976.8315   2  16   0.7888   0.3677   0.8653   0.2085   0.3074   0.6321   0.10    0.0
2026/04/23 07:43:12.200   3509420.1706    779162.3701   5250976.8496   2  16   0.7801   0.3636   0.8556   0.2062   0.3039   0.6251   0.20    0.0
2026/04/23 07:43:12.300   3509420.1987    779162.3746   5250976.8617   2  16   0.7717   0.3597   0.8462   0.2039   0.3006   0.6182   0.30    0.0
2026/04/23 07:43:12.400   3509420.2305    779162.3798   5250976.8749   2  16   0.7635   0.3560   0.8371   0.2017   0.2974   0.6116   0.40    0.0
2026/04/23 07:43:12.500   3509420.2632    779162.3845   5250976.8890   2  16   0.7556   0.3523   0.8283   0.1996   0.2942   0.6052  -0.50    0.0
2026/04/23 07:43:12.600   3509420.2928    779162.3872   5250976.9041   2  16   0.7479   0.3488   0.8197   0.1975   0.2912   0.5989  -0.40    0.0
2026/04/23 07:43:12.700   3509420.3232    779162.3910   5250976.9201   2  16   0.7405   0.3453   0.8113   0.1955   0.2882   0.5929  -0.30    0.0
2026/04/23 07:43:12.800   3509420.3478    779162.3939   5250976.9334   2  16   0.7332   0.3420   0.8032   0.1936   0.2853   0.5870  -0.20    0.0
2026/04/23 07:43:12.900   3509420.3782    779162.3977   5250976.9517   2  16   0.7262   0.3387   0.7953   0.1917   0.2825   0.5812  -0.10    0.0
2026/04/23 07:43:13.000   3509420.4067    779162.4020   5250976.9681   2  16   0.7194   0.3355   0.7877   0.1898   0.2798   0.5757   0.00    0.0
2026/04/23 07:43:13.100   3509420.4358    779162.4067   5250976.9786   2  16   0.7127   0.3325   0.7802   0.1880   0.2771   0.5702   0.10    0.0
2026/04/23 07:43:13.200   3509420.4644    779162.4094   5250976.9947   2  16   0.7062   0.3295   0.7729   0.1863   0.2745   0.5650   0.20    0.0
2026/04/23 07:43:13.300   3509420.4849    779162.4132   5250977.0033   2  16   0.6999   0.3266   0.7658   0.1846   0.2720   0.5598   0.30    0.0
2026/04/23 07:43:13.400   3509420.5099    779162.4171   5250977.0184   2  16   0.6938   0.3237   0.7589   0.1829   0.2695   0.5548   0.40    0.0
2026/04/23 07:43:13.500   3509420.5359    779162.4210   5250977.0319   2  16   0.6878   0.3209   0.7522   0.1813   0.2671   0.5499  -0.50    0.0
2026/04/23 07:43:13.600   3509420.5613    779162.4257   5250977.0467   2  16   0.6819   0.3182   0.7456   0.1797   0.2648   0.5451  -0.40    0.0
2026/04/23 07:43:13.700   3509420.5852    779162.4289   5250977.0629   2  16   0.6762   0.3156   0.7391   0.1781   0.2625   0.5404  -0.30    0.0
2026/04/23 07:43:13.800   3509420.6058    779162.4315   5250977.0743   2  16   0.6706   0.3130   0.7329   0.1766   0.2603   0.5359  -0.20    0.0
2026/04/23 07:43:13.900   3509420.6310    779162.4358   5250977.0939   2  16   0.6652   0.3105   0.7267   0.1752   0.2581   0.5314  -0.10    0.0
2026/04/23 07:43:14.000   3509420.6498    779162.4413   5250977.1073   2  16   0.6599   0.3081   0.7207   0.1737   0.2560   0.5271   0.00    0.0
2026/04/23 07:43:14.100   3509420.6695    779162.4488   5250977.1168   2  16   0.6547   0.3057   0.7148   0.1723   0.2539   0.5228   0.10    0.0
2026/04/23 07:43:14.200   3509420.6791    779162.4549   5250977.1113   2  16   0.6496   0.3033   0.7091   0.1709   0.2518   0.5187   0.20    0.0
2026/04/23 07:43:14.300   3509420.6920    779162.4608   5250977.1104   2  16   0.6447   0.3011   0.7035   0.1696   0.2498   0.5146   0.30    0.0
2026/04/23 07:43:14.400   3509420.7085    779162.4684   5250977.1229   2  16   0.6398   0.2988   0.6980   0.1682   0.2479   0.5106   0.40    0.0
2026/04/23 07:43:14.500   3509420.7238    779162.4762   5250977.1347   2  16   0.6350   0.2966   0.6926   0.1669   0.2460   0.5067  -0.50    0.0
2026/04/23 07:43:14.600   3509420.7386    779162.4821   5250977.1396   2  16   0.6304   0.2945   0.6873   0.1657   0.2441   0.5029  -0.40    0.0
2026/04/23 07:43:14.700   3509420.7519    779162.4878   5250977.1337   2  16   0.6258   0.2924   0.6821   0.1644   0.2422   0.4991  -0.30    0.0
2026/04/23 07:43:14.800   3509420.7608    779162.4929   5250977.1287   2  16   0.6214   0.2903   0.6771   0.1632   0.2404   0.4954  -0.20    0.0
2026/04/23 07:43:14.900   3509420.7748    779162.4993   5250977.1299   2  16   0.6170   0.2883   0.6721   0.1620   0.2387   0.4918  -0.10    0.0
2026/04/23 07:43:15.000   3509420.7840    779162.5071   5250977.1303   2  16   0.6127   0.2864   0.6672   0.1608   0.2369   0.4883   0.00    0.0
2026/04/23 07:43:15.100   3509420.7888    779162.5165   5250977.1273   2  16   0.6085   0.2844   0.6624   0.1597   0.2352   0.4848   0.10    0.0
2026/04/23 07:43:15.200   3509420.8003    779162.5268   5250977.1281   2  16   0.6044   0.2825   0.6577   0.1585   0.2335   0.4814   0.20    0.0
2026/04/23 07:43:15.300   3509420.8100    779162.5377   5250977.1294   2  16   0.6003   0.2807   0.6531   0.1574   0.2319   0.4781   0.30    0.0
2026/04/23 07:43:15.400   3509420.8229    779162.5500   5250977.1420   2  16   0.5963   0.2789   0.6486   0.1563   0.2303   0.4748   0.40    0.0
2026/04/23 07:43:15.500   3509420.8266    779162.5589   5250977.1449   2  16   0.5924   0.2771   0.6441   0.1553   0.2287   0.4716  -0.50    0.0
2026/04/23 07:43:15.600   3509420.8257    779162.5670   5250977.1409   2  16   0.5886   0.2753   0.6397   0.1542   0.2271   0.4684  -0.40    0.0
2026/04/23 07:43:15.700   3509420.8204    779162.5766   5250977.1365   2  16   0.5849   0.2736   0.6354   0.1532   0.2256   0.4653  -0.30    0.0
2026/04/23 07:43:15.800   3509420.8166    779162.5868   5250977.1390   2  16   0.5812   0.2719   0.6312   0.1521   0.2241   0.4622  -0.20    0.0
2026/04/23 07:43:15.900   3509420.8134    779162.5965   5250977.1375   2  16   0.5775   0.2702   0.6271   0.1511   0.2226   0.4592  -0.10    0.0
2026/04/23 07:43:16.000   3509420.8034    779162.6052   5250977.1237   2  16   0.5740   0.2686   0.6230   0.1502   0.2212   0.4563   0.00    0.0
2026/04/23 07:43:16.100   3509420.7947    779162.6158   5250977.1233   2  16   0.5705   0.2670   0.6190   0.1492   0.2197   0.4534   0.10    0.0
2026/04/23 07:43:16.200   3509420.7987    779162.6259   5250977.1305   2  16   0.5670   0.2654   0.6150   0.1482   0.2183   0.4505   0.20    0.0
2026/04/23 07:43:16.300   3509420.8018    779162.6362   5250977.1511   2  16   0.5637   0.2639   0.6111   0.1473   0.2169   0.4477   0.30    0.0
2026/04/23 07:43:16.400   3509420.7953    779162.6460   5250977.1716   2  16   0.5603   0.2624   0.6073   0.1464   0.2156   0.4449   0.40    0.0
2026/04/23 07:43:16.500   3509420.7821    779162.6559   5250977.1830   2  16   0.5571   0.2609   0.6035   0.1455   0.2142   0.4422  -0.50    1.7
2026/04/23 07:43:16.600   3509420.7679    779162.6678   5250977.1754   2  16   0.5538   0.2594   0.5998   0.1446   0.2129   0.4395  -0.40    1.4
2026/04/23 07:43:16.700   3509420.7385    779162.6770   5250977.1605   2  16   0.5507   0.2579   0.5962   0.1437   0.2117   0.4370  -0.30    1.5
2026/04/23 07:43:16.800   3509420.7316    779162.6887   5250977.1800   2  16   0.5477   0.2565   0.5928   0.1429   0.2105   0.4345  -0.20    1.0
2026/04/23 07:43:16.900   3509420.7041    779162.6962   5250977.1735   2  16   0.5446   0.2551   0.5894   0.1422   0.2093   0.4321  -0.10    1.0
2026/04/23 07:43:17.000   3509420.6747    779162.7066   5250977.1553   2  16   0.5417   0.2538   0.5861   0.1414   0.2081   0.4297   0.00    1.0
2026/04/23 07:43:17.100   3509420.6349    779162.7150   5250977.1295   2  16   0.5387   0.2524   0.5828   0.1406   0.2069   0.4273   0.10    1.3
2026/04/23 07:43:17.200   3509420.6068    779162.7248   5250977.1114   2  16   0.5358   0.2511   0.5796   0.1398   0.2058   0.4249   0.20    1.6
2026/04/23 07:43:17.300   3509420.5951    779162.7409   5250977.1127   2  16   0.5330   0.2498   0.5764   0.1390   0.2047   0.4226   0.30    1.5
2026/04/23 07:43:17.400   3509420.5846    779162.7559   5250977.1180   2  15   0.5302   0.2485   0.5736   0.1383   0.2036   0.4202   0.40    1.5
2026/04/23 07:43:17.500   3509420.5660    779162.7642   5250977.1060   2  16   0.5274   0.2472   0.5705   0.1375   0.2025   0.4180  -0.50    1.6
2026/04/23 07:43:17.600   3509420.5534    779162.7737   5250977.1058   2  16   0.5247   0.2460   0.5675   0.1368   0.2015   0.4158  -0.40    1.6
2026/04/23 07:43:17.700   3509420.5255    779162.7843   5250977.0932   2  15   0.5226   0.2448   0.5647   0.1357   0.2003   0.4140  -0.30    1.3
2026/04/23 07:43:17.800   3509420.4978    779162.7925   5250977.0768   2  15   0.5207   0.2436   0.5619   0.1347   0.1991   0.4123  -0.20    1.0
2026/04/23 07:43:17.900   3509420.4960    779162.7968   5250977.0635   2  15   0.5180   0.2424   0.5592   0.1340   0.1982   0.4100  -0.10    1.0
2026/04/23 07:43:18.000   3509420.4725    779162.8005   5250977.0244   2  14   0.5162   0.2413   0.5569   0.1329   0.1971   0.4082   0.00    1.0
2026/04/23 07:43:18.100   3509420.4474    779162.8071   5250976.9974   2  13   0.5144   0.2402   0.5546   0.1317   0.1962   0.4063   0.10    1.3
2026/04/23 07:43:18.200   3509420.4322    779162.8147   5250976.9655   2  13   0.5126   0.2391   0.5523   0.1305   0.1953   0.4045   0.20    1.3
2026/04/23 07:43:18.300   3509420.4005    779162.8259   5250976.9292   2  13   0.5109   0.2381   0.5501   0.1293   0.1945   0.4027   0.30    1.3
2026/04/23 07:43:18.400   3509420.3716    779162.8342   5250976.8975   2  13   0.5092   0.2371   0.5479   0.1281   0.1936   0.4009   0.40    1.3
2026/04/23 07:43:18.500   3509420.3570    779162.8431   5250976.8831   2  13   0.5075   0.2361   0.5457   0.1269   0.1928   0.3991  -0.50    1.3
2026/04/23 07:43:18.600   3509420.3330    779162.8513   5250976.8626   2  13   0.5058   0.2351   0.5436   0.1257   0.1919   0.3973  -0.40    1.3
2026/04/23 07:43:18.700   3509420.3100    779162.8614   5250976.8472   2  13   0.5042   0.2341   0.5414   0.1246   0.1911   0.3955  -0.30    1.3
2026/04/23 07:43:18.800   3509420.2844    779162.8681   5250976.8299   2  13   0.5025   0.2331   0.5393   0.1235   0.1903   0.3938  -0.20    1.3
2026/04/23 07:43:18.900   3509420.2514    779162.8755   5250976.7983   2  13   0.5009   0.2322   0.5372   0.1224   0.1894   0.3921  -0.10    1.3
2026/04/23 07:43:19.000   3509420.2246    779162.8830   5250976.7757   2  13   0.4993   0.2312   0.5351   0.1213   0.1886   0.3904   0.00    1.3
2026/04/23 07:43:19.100   3509420.1865    779162.8909   5250976.7555   2  13   0.4977   0.2303   0.5330   0.1202   0.1878   0.3887   0.10    1.3
2026/04/23 07:43:19.200   3509420.1442    779162.8969   5250976.7326   2  13   0.4962   0.2293   0.5310   0.1191   0.1870   0.3870   0.20    1.3
2026/04/23 07:43:19.300   3509420.1077    779162.9054   5250976.7183   2  13   0.4946   0.2284   0.5290   0.1180   0.1863   0.3854   0.30    1.3
2026/04/23 07:43:19.400   3509420.0774    779162.9180   5250976.7203   2  13   0.4931   0.2275   0.5270   0.1170   0.1855   0.3837   0.40    1.3
2026/04/23 07:43:19.500   3509420.0373    779162.9291   5250976.7058   2  14   0.4911   0.2266   0.5248   0.1162   0.1848   0.3817  -0.50    1.5
2026/04/23 07:43:19.600   3509419.9807    779162.9354   5250976.6790   2  14   0.4891   0.2257   0.5227   0.1154   0.1842   0.3798  -0.40    1.5
2026/04/23 07:43:19.700   3509419.9318    779162.9422   5250976.6454   2  14   0.4871   0.2248   0.5205   0.1147   0.1835   0.3778  -0.30    1.5
2026/04/23 07:43:19.800   3509419.8739    779162.9467   5250976.5989   2  14   0.4851   0.2240   0.5184   0.1139   0.1828   0.3759  -0.20    1.5
2026/04/23 07:43:19.900   3509419.8111    779162.9501   5250976.5451   2  14   0.4832   0.2231   0.5164   0.1132   0.1822   0.3740  -0.10    1.5
2026/04/23 07:43:20.000   3509419.7429    779162.9524   5250976.4840   2  14   0.4812   0.2222   0.5143   0.1124   0.1815   0.3721   0.00    1.5
2026/04/23 07:43:20.100   3509419.6932    779162.9609   5250976.4484   2  14   0.4793   0.2214   0.5123   0.1117   0.1809   0.3702   0.10    1.5
2026/04/23 07:43:20.200   3509419.6387    779162.9663   5250976.4110   2  14   0.4775   0.2205   0.5103   0.1110   0.1803   0.3684   0.20    1.5
2026/04/23 07:43:20.300   3509419.5891    779162.9723   5250976.3753   2  13   0.4757   0.2197   0.5083   0.1104   0.1797   0.3667   0.30    1.5
2026/04/23 07:43:20.400   3509419.5314    779162.9799   5250976.3397   2  14   0.4738   0.2189   0.5063   0.1098   0.1790   0.3649   0.40    1.5
2026/04/23 07:43:20.500   3509419.4902    779162.9911   5250976.3317   2  14   0.4718   0.2180   0.5042   0.1094   0.1783   0.3633  -0.50    1.5
2026/04/23 07:43:20.600   3509419.4483    779162.9993   5250976.3216   2  14   0.4699   0.2172   0.5022   0.1090   0.1775   0.3617  -0.40    1.5
2026/04/23 07:43:20.700   3509419.4107    779163.0061   5250976.3010   2  14   0.4679   0.2163   0.5002   0.1086   0.1768   0.3601  -0.30    1.5
2026/04/23 07:43:20.800   3509419.3633    779163.0112   5250976.2697   2  14   0.4660   0.2155   0.4982   0.1083   0.1761   0.3585  -0.20    1.6
2026/04/23 07:43:20.900   3509419.3084    779163.0144   5250976.2272   2  15   0.4641   0.2146   0.4962   0.1079   0.1754   0.3570  -0.10    1.1
2026/04/23 07:43:21.000   3509419.2654    779163.0199   5250976.2003   2  15   0.4622   0.2138   0.4942   0.1075   0.1746   0.3554   0.00    1.8
2026/04/23 07:43:21.100   3509419.2087    779163.0232   5250976.1688   2  15   0.4603   0.2130   0.4922   0.1072   0.1739   0.3539   0.10    2.3
2026/04/23 07:43:21.200   3509419.1480    779163.0295   5250976.1373   2  14   0.4585   0.2122   0.4904   0.1069   0.1733   0.3525   0.20    2.5
2026/04/23 07:43:21.300   3509419.1074    779163.0373   5250976.1133   2  15   0.4567   0.2114   0.4883   0.1066   0.1726   0.3511   0.30    2.4
2026/04/23 07:43:21.400   3509419.0580    779163.0445   5250976.0822   2  14   0.4550   0.2106   0.4863   0.1063   0.1719   0.3497   0.40    2.3
2026/04/23 07:43:21.500   3509419.0098    779163.0491   5250976.0503   2  15   0.4531   0.2098   0.4843   0.1060   0.1712   0.3484  -0.50    2.2
2026/04/23 07:43:21.600   3509418.9588    779163.0550   5250976.0193   2  15   0.4513   0.2091   0.4822   0.1056   0.1705   0.3470  -0.40    2.1
2026/04/23 07:43:21.700   3509418.9118    779163.0610   5250975.9877   2  16   0.4496   0.2083   0.4802   0.1053   0.1698   0.3456  -0.30    1.6
2026/04/23 07:43:21.800   3509418.8621    779163.0669   5250975.9481   2  16   0.4478   0.2075   0.4783   0.1049   0.1691   0.3443  -0.20    1.0
2026/04/23 07:43:21.900   3509418.8160    779163.0711   5250975.9128   2  16   0.4461   0.2068   0.4763   0.1046   0.1684   0.3430  -0.10    1.9
2026/04/23 07:43:22.000   3509418.7713    779163.0763   5250975.8733   2  16   0.4443   0.2060   0.4744   0.1043   0.1678   0.3416   0.00    1.1
2026/04/23 07:43:22.100   3509418.7268    779163.0823   5250975.8358   2  16   0.4426   0.2053   0.4724   0.1039   0.1671   0.3403   0.10    1.1
2026/04/23 07:43:22.200   3509418.6761    779163.0868   5250975.7991   2  16   0.4409   0.2046   0.4705   0.1036   0.1664   0.3390   0.20    1.3
2026/04/23 07:43:22.300   3509418.6216    779163.0897   5250975.7578   2  16   0.4393   0.2038   0.4687   0.1033   0.1658   0.3378   0.30    1.0
2026/04/23 07:43:22.400   3509418.5625    779163.0914   5250975.7076   2  16   0.4376   0.2031   0.4668   0.1029   0.1651   0.3365   0.40    1.1
2026/04/23 07:43:22.500   3509418.5032    779163.0930   5250975.6508   2  16   0.4360   0.2024   0.4650   0.1026   0.1645   0.3352  -0.50    1.4
2026/04/23 07:43:22.600   3509418.4430    779163.0941   5250975.5920   2  16   0.4344   0.2017   0.4631   0.1023   0.1639   0.3340  -0.40    1.3
2026/04/23 07:43:22.700   3509418.3928    779163.0966   5250975.5459   2  16   0.4328   0.2010   0.4613   0.1020   0.1632   0.3327  -0.30    1.8
2026/04/23 07:43:22.800   3509418.3486    779163.1012   5250975.5111   2  16   0.4312   0.2004   0.4595   0.1016   0.1626   0.3315  -0.20    1.1
2026/04/23 07:43:22.900   3509418.3045    779163.1054   5250975.4712   2  16   0.4296   0.1997   0.4577   0.1013   0.1620   0.3303  -0.10    1.1
2026/04/23 07:43:23.000   3509418.2624    779163.1082   5250975.4336   2  16   0.4281   0.1990   0.4560   0.1010   0.1614   0.3291   0.00    1.0
2026/04/23 07:43:23.100   3509418.2216    779163.1118   5250975.3978   2  16   0.4265   0.1983   0.4542   0.1007   0.1608   0.3279   0.10    1.0
2026/04/23 07:43:23.200   3509418.1906    779163.1163   5250975.3749   2  16   0.4250   0.1977   0.4525   0.1004   0.1602   0.3267   0.20    1.0
2026/04/23 07:43:23.300   3509418.1548    779163.1182   5250975.3441   2  16   0.4235   0.1970   0.4508   0.1000   0.1596   0.3255   0.30    1.0
2026/04/23 07:43:23.400   3509418.1211    779163.1202   5250975.3149   2  16   0.4220   0.1964   0.4491   0.0997   0.1590   0.3243   0.40    1.1
2026/04/23 07:43:23.500   3509418.0814    779163.1226   5250975.2791   2  16   0.4205   0.1957   0.4474   0.0994   0.1584   0.3231  -0.50    1.7
2026/04/23 07:43:23.600   3509418.0448    779163.1259   5250975.2470   2  16   0.4190   0.1951   0.4457   0.0991   0.1578   0.3220  -0.40    1.5
2026/04/23 07:43:23.700   3509418.0111    779163.1300   5250975.2201   2  16   0.4176   0.1945   0.4440   0.0988   0.1572   0.3209  -0.30    1.7
2026/04/23 07:43:23.800   3509417.9620    779163.1305   5250975.1790   2  16   0.4161   0.1939   0.4424   0.0985   0.1567   0.3197  -0.20    1.4
2026/04/23 07:43:23.900   3509417.9194    779163.1332   5250975.1448   2  16   0.4147   0.1932   0.4408   0.0982   0.1561   0.3186  -0.10    1.7
2026/04/23 07:43:24.000   3509417.8838    779163.1361   5250975.1164   2  16   0.4133   0.1926   0.4391   0.0979   0.1555   0.3175   0.00    1.7
2026/04/23 07:43:24.100   3509417.8544    779163.1406   5250975.0967   2  16   0.4119   0.1920   0.4375   0.0976   0.1550   0.3164   0.10    1.2
2026/04/23 07:43:24.200   3509417.8184    779163.1446   5250975.0749   2  16   0.4105   0.1914   0.4359   0.0973   0.1544   0.3153   0.20    1.7
2026/04/23 07:43:24.300   3509417.7787    779163.1475   5250975.0452   2  16   0.4091   0.1908   0.4344   0.0970   0.1539   0.3142   0.30    1.3
2026/04/23 07:43:24.400   3509417.7436    779163.1516   5250975.0214   2  16   0.4077   0.1902   0.4328   0.0967   0.1533   0.3131   0.40    1.7
2026/04/23 07:43:24.500   3509417.7160    779163.1569   5250975.0082   2  16   0.4064   0.1896   0.4312   0.0964   0.1528   0.3120  -0.50    1.0
2026/04/23 07:43:24.600   3509417.6901    779163.1617   5250975.0009   2  16   0.4050   0.1891   0.4297   0.0961   0.1523   0.3109  -0.40    1.0
2026/04/23 07:43:24.700   3509417.6593    779163.1646   5250974.9810   2  16   0.4037   0.1885   0.4281   0.0958   0.1517   0.3099  -0.30    1.1
2026/04/23 07:43:24.800   3509417.6274    779163.1679   5250974.9656   2  16   0.4024   0.1879   0.4266   0.0955   0.1512   0.3088  -0.20    1.8
2026/04/23 07:43:24.900   3509417.5935    779163.1698   5250974.9423   2  16   0.4011   0.1874   0.4251   0.0953   0.1507   0.3078  -0.10    1.1
2026/04/23 07:43:25.000   3509417.5593    779163.1714   5250974.9242   2  16   0.3998   0.1868   0.4236   0.0950   0.1501   0.3067   0.00    1.8
2026/04/23 07:43:25.100   3509417.5280    779163.1742   5250974.9153   2  16   0.3985   0.1862   0.4221   0.0947   0.1496   0.3057   0.10    1.5
2026/04/23 07:43:25.200   3509417.5000    779163.1780   5250974.9116   2  16   0.3972   0.1857   0.4206   0.0944   0.1491   0.3047   0.20    1.8
2026/04/23 07:43:25.300   3509417.4703    779163.1806   5250974.9007   2  16   0.3959   0.1851   0.4192   0.0941   0.1486   0.3037   0.30    1.8
2026/04/23 07:43:25.400   3509417.4428    779163.1831   5250974.8913   2  16   0.3947   0.1846   0.4177   0.0938   0.1481   0.3027   0.40    1.8
2026/04/23 07:43:25.500   3509417.4195    779163.1876   5250974.8799   2  16   0.3934   0.1841   0.4163   0.0936   0.1476   0.3017  -0.50    1.8
2026/04/23 07:43:25.600   3509417.3923    779163.1910   5250974.8576   2  16   0.3922   0.1835   0.4148   0.0933   0.1471   0.3007  -0.40    1.2
2026/04/23 07:43:25.700   3509417.3637    779163.1949   5250974.8403   2  16   0.3909   0.1830   0.4134   0.0930   0.1466   0.2997  -0.30    1.8
2026/04/23 07:43:25.800   3509417.3343    779163.1976   5250974.8301   2  16   0.3897   0.1825   0.4120   0.0927   0.1461   0.2987  -0.20    1.2
2026/04/23 07:43:25.900   3509417.3092    779163.1993   5250974.8226   2  16   0.3885   0.1820   0.4106   0.0925   0.1456   0.2977  -0.10    1.6
2026/04/23 07:43:26.000   3509417.2876    779163.2026   5250974.8194   2  16   0.3873   0.1814   0.4092   0.0922   0.1451   0.2967   0.00    1.2
2026/04/23 07:43:26.100   3509417.2661    779163.2048   5250974.8137   2  16   0.3861   0.1809   0.4078   0.0919   0.1446   0.2958   0.10    1.3
2026/04/23 07:43:26.200   3509417.2442    779163.2076   5250974.8038   2  16   0.3849   0.1804   0.4064   0.0916   0.1442   0.2948   0.20    1.1
2026/04/23 07:43:26.300   3509417.2242    779163.2118   5250974.7997   2  16   0.3838   0.1799   0.4050   0.0914   0.1437   0.2939   0.30    2.0
2026/04/23 07:43:26.400   3509417.2036    779163.2132   5250974.7944   2  16   0.3826   0.1794   0.4037   0.0911   0.1432   0.2929   0.40    1.2
2026/04/23 07:43:26.500   3509417.1833    779163.2145   5250974.7836   2  16   0.3814   0.1789   0.4023   0.0908   0.1427   0.2920  -0.50    2.0
2026/04/23 07:43:26.600   3509417.1637    779163.2180   5250974.7780   2  16   0.3803   0.1784   0.4010   0.0906   0.1423   0.2911  -0.40    1.5
2026/04/23 07:43:26.700   3509417.1484    779163.2222   5250974.7736   2  16   0.3791   0.1779   0.3996   0.0903   0.1418   0.2901  -0.30    2.0
2026/04/23 07:43:26.800   3509417.1314    779163.2260   5250974.7725   2  16   0.3780   0.1775   0.3983   0.0900   0.1413   0.2892  -0.20    1.2
2026/04/23 07:43:26.900   3509417.1119    779163.2304   5250974.7692   2  16   0.3769   0.1770   0.3970   0.0898   0.1409   0.2883  -0.10    2.0
2026/04/23 07:43:27.000   3509417.0973    779163.2337   5250974.7675   2  16   0.3758   0.1765   0.3957   0.0895   0.1404   0.2874   0.00    2.0
2026/04/23 07:43:27.100   3509417.0843    779163.2371   5250974.7686   2  16   0.3747   0.1760   0.3943   0.0893   0.1400   0.2865   0.10    2.0
2026/04/23 07:43:27.200   3509417.0684    779163.2407   5250974.7640   2  16   0.3736   0.1756   0.3931   0.0890   0.1395   0.2856   0.20    1.1
2026/04/23 07:43:27.300   3509417.0567    779163.2436   5250974.7679   2  16   0.3725   0.1751   0.3918   0.0887   0.1391   0.2847   0.30    2.0
2026/04/23 07:43:27.400   3509417.0467    779163.2463   5250974.7752   2  16   0.3714   0.1746   0.3905   0.0885   0.1386   0.2838   0.40    1.0
2026/04/23 07:43:27.500   3509417.0412    779163.2500   5250974.7824   2  16   0.3703   0.1742   0.3892   0.0882   0.1382   0.2829  -0.50    1.1
2026/04/23 07:43:27.600   3509417.0331    779163.2527   5250974.7856   2  16   0.3692   0.1737   0.3880   0.0880   0.1377   0.2820  -0.40    1.1
2026/04/23 07:43:27.700   3509417.0204    779163.2542   5250974.7802   2  16   0.3682   0.1733   0.3867   0.0877   0.1373   0.2812  -0.30    1.1
2026/04/23 07:43:27.800   3509417.0156    779163.2556   5250974.7839   2  16   0.3671   0.1728   0.3854   0.0875   0.1368   0.2803  -0.20    1.1
2026/04/23 07:43:27.900   3509417.0062    779163.2572   5250974.7778   2  16   0.3661   0.1724   0.3842   0.0872   0.1364   0.2794  -0.10    1.0
2026/04/23 07:43:28.000   3509417.0016    779163.2585   5250974.7746   2  16   0.3650   0.1719   0.3830   0.0870   0.1360   0.2786   0.00    1.2
2026/04/23 07:43:28.100   3509416.9928    779163.2588   5250974.7703   2  16   0.3640   0.1715   0.3817   0.0867   0.1356   0.2777   0.10    1.4
2026/04/23 07:43:28.200   3509416.9880    779163.2590   5250974.7746   2  16   0.3630   0.1710   0.3805   0.0865   0.1351   0.2769   0.20    1.1
2026/04/23 07:43:28.300   3509416.9817    779163.2603   5250974.7727   2  16   0.3620   0.1706   0.3793   0.0862   0.1347   0.2760   0.30    1.2
2026/04/23 07:43:28.400   3509416.9737    779163.2620   5250974.7689   2  16   0.3610   0.1702   0.3781   0.0860   0.1343   0.2752   0.40    1.1
2026/04/23 07:43:28.500   3509416.9654    779163.2625   5250974.7663   2  16   0.3599   0.1697   0.3769   0.0857   0.1339   0.2744  -0.50    2.0
2026/04/23 07:43:28.600   3509416.9653    779163.2646   5250974.7723   2  16   0.3590   0.1693   0.3757   0.0855   0.1334   0.2735  -0.40    1.3
2026/04/23 07:43:28.700   3509416.9650    779163.2660   5250974.7797   2  16   0.3580   0.1689   0.3745   0.0852   0.1330   0.2727  -0.30    2.0
2026/04/23 07:43:28.800   3509416.9538    779163.2729   5250974.7934   2  16   0.3570   0.1685   0.3734   0.0850   0.1326   0.2719  -0.20    1.5
2026/04/23 07:43:28.900   3509416.9035    779163.2923   5250974.8234   2  15   0.3562   0.1681   0.3722   0.0846   0.1322   0.2712  -0.10    1.5
2026/04/23 07:43:29.000   3509416.8640    779163.3153   5250974.9121   2  16   0.3552   0.1676   0.3711   0.0844   0.1318   0.2704   0.00    2.0
2026/04/23 07:43:29.100   3509416.8103    779163.3315   5250975.0193   2  16   0.3543   0.1672   0.3699   0.0842   0.1314   0.2696   0.10    1.2
2026/04/23 07:43:29.200   3509416.7491    779163.3485   5250975.1109   2  16   0.3533   0.1668   0.3687   0.0839   0.1310   0.2688   0.20    1.2
2026/04/23 07:43:29.300   3509416.7087    779163.3692   5250975.1988   2  16   0.3524   0.1664   0.3676   0.0837   0.1306   0.2680   0.30    1.5
2026/04/23 07:43:29.400   3509416.6837    779163.3845   5250975.2599   2  16   0.3514   0.1660   0.3665   0.0835   0.1302   0.2672   0.40    1.3
2026/04/23 07:43:29.500   3509416.6637    779163.3941   5250975.3076   2  15   0.3507   0.1656   0.3654   0.0831   0.1297   0.2665  -0.50    1.2
2026/04/23 07:43:29.600   3509416.6637    779163.3994   5250975.3582   2  15   0.3500   0.1652   0.3643   0.0828   0.1293   0.2659  -0.40    1.1
2026/04/23 07:43:29.700   3509416.6854    779163.4010   5250975.4054   2  15   0.3493   0.1649   0.3632   0.0824   0.1289   0.2652  -0.30    1.4
2026/04/23 07:43:29.800   3509416.7013    779163.3980   5250975.4465   2  15   0.3486   0.1645   0.3621   0.0821   0.1285   0.2646  -0.20    1.0
2026/04/23 07:43:29.900   3509416.7271    779163.3964   5250975.4797   2  15   0.3478   0.1641   0.3611   0.0817   0.1280   0.2639  -0.10    1.7
2026/04/23 07:43:30.000   3509416.7459    779163.3948   5250975.5033   2  15   0.3471   0.1637   0.3600   0.0814   0.1276   0.2633   0.00    1.7
2026/04/23 07:43:30.100   3509416.7646    779163.3926   5250975.5312   2  15   0.3464   0.1634   0.3590   0.0810   0.1272   0.2626   0.10    1.7
2026/04/23 07:43:30.200   3509416.7912    779163.3906   5250975.5683   2  15   0.3457   0.1630   0.3579   0.0807   0.1268   0.2620   0.20    1.7
2026/04/23 07:43:30.300   3509416.8072    779163.3902   5250975.5992   2  15   0.3450   0.1626   0.3569   0.0803   0.1264   0.2613   0.30    1.7
2026/04/23 07:43:30.400   3509416.8205    779163.3864   5250975.6198   2  15   0.3443   0.1623   0.3559   0.0800   0.1261   0.2606   0.40    1.3
2026/04/23 07:43:30.500   3509416.8405    779163.3877   5250975.6577   2  15   0.3436   0.1619   0.3549   0.0796   0.1257   0.2600  -0.50    1.5
2026/04/23 07:43:30.600   3509416.8536    779163.3865   5250975.6849   2  15   0.3429   0.1616   0.3538   0.0793   0.1253   0.2593  -0.40    1.6
2026/04/23 07:43:30.700   3509416.8593    779163.3828   5250975.7105   2  15   0.3423   0.1612   0.3528   0.0789   0.1249   0.2587  -0.30    1.6
2026/04/23 07:43:30.800   3509416.8672    779163.3805   5250975.7461   2  15   0.3416   0.1609   0.3518   0.0785   0.1245   0.2580  -0.20    1.6
2026/04/23 07:43:30.900   3509416.8658    779163.3797   5250975.7624   2  15   0.3409   0.1605   0.3508   0.0782   0.1242   0.2574  -0.10    1.0
2026/04/23 07:43:31.000   3509416.8635    779163.3786   5250975.7864   2  15   0.3402   0.1602   0.3499   0.0779   0.1238   0.2567   0.00    1.0
2026/04/23 07:43:31.100   3509416.8769    779163.3768   5250975.8230   2  15   0.3396   0.1598   0.3489   0.0776   0.1235   0.2561   0.10    1.0
2026/04/23 07:43:31.200   3509416.8751    779163.3777   5250975.8540   2  15   0.3389   0.1595   0.3479   0.0773   0.1231   0.2555   0.20    1.1
2026/04/23 07:43:31.300   3509416.8802    779163.3785   5250975.8875   2  15   0.3382   0.1592   0.3470   0.0770   0.1227   0.2549   0.30    1.0
2026/04/23 07:43:31.400   3509416.8808    779163.3782   5250975.9137   2  15   0.3375   0.1588   0.3460   0.0767   0.1224   0.2543   0.40    1.1
2026/04/23 07:43:31.500   3509416.8866    779163.3792   5250975.9408   2  15   0.3369   0.1585   0.3450   0.0764   0.1220   0.2537  -0.50    1.1
2026/04/23 07:43:31.600   3509416.8946    779163.3803   5250975.9714   2  15   0.3362   0.1581   0.3441   0.0761   0.1217   0.2531  -0.40    1.2
2026/04/23 07:43:31.700   3509416.9048    779163.3813   5250976.0020   2  15   0.3356   0.1578   0.3431   0.0758   0.1213   0.2525  -0.30    1.3
2026/04/23 07:43:31.800   3509416.9082    779163.3797   5250976.0260   2  15   0.3349   0.1575   0.3422   0.0755   0.1210   0.2520  -0.20    1.2
2026/04/23 07:43:31.900   3509416.9211    779163.3762   5250976.0515   2  15   0.3342   0.1571   0.3412   0.0752   0.1206   0.2514  -0.10    1.0
2026/04/23 07:43:32.000   3509416.9259    779163.3727   5250976.0735   2  15   0.3336   0.1568   0.3403   0.0749   0.1202   0.2508   0.00    1.2
2026/04/23 07:43:32.100   3509416.9316    779163.3677   5250976.0935   2  15   0.3329   0.1565   0.3394   0.0746   0.1199   0.2502   0.10    1.1
2026/04/23 07:43:32.200   3509416.9345    779163.3639   5250976.1146   2  15   0.3323   0.1562   0.3384   0.0743   0.1195   0.2496   0.20    1.2
2026/04/23 07:43:32.300   3509416.9359    779163.3629   5250976.1376   2  15   0.3316   0.1559   0.3375   0.0740   0.1192   0.2490   0.30    1.5
2026/04/23 07:43:32.400   3509416.9460    779163.3627   5250976.1706   2  15   0.3310   0.1555   0.3366   0.0737   0.1188   0.2484   0.40    1.2
2026/04/23 07:43:32.500   3509416.9546    779163.3603   5250976.1992   2  15   0.3303   0.1552   0.3356   0.0735   0.1185   0.2478  -0.50    1.1
2026/04/23 07:43:32.600   3509416.9655    779163.3584   5250976.2234   2  14   0.3297   0.1549   0.3347   0.0731   0.1182   0.2472  -0.40    1.2
2026/04/23 07:43:32.700   3509416.9747    779163.3583   5250976.2511   2  15   0.3291   0.1546   0.3338   0.0728   0.1178   0.2466  -0.30    1.2
2026/04/23 07:43:32.800   3509416.9840    779163.3562   5250976.2760   2  15   0.3284   0.1543   0.3329   0.0725   0.1175   0.2461  -0.20    1.1
2026/04/23 07:43:32.900   3509416.9928    779163.3535   5250976.2999   2  15   0.3278   0.1540   0.3320   0.0722   0.1171   0.2455  -0.10    1.2
2026/04/23 07:43:33.000   3509416.9977    779163.3508   5250976.3254   2  15   0.3271   0.1537   0.3310   0.0720   0.1168   0.2449   0.00    1.3
2026/04/23 07:43:33.100   3509416.9988    779163.3472   5250976.3457   2  15   0.3265   0.1534   0.3301   0.0717   0.1165   0.2443   0.10    1.2
2026/04/23 07:43:33.200   3509417.0031    779163.3459   5250976.3696   2  15   0.3259   0.1531   0.3292   0.0714   0.1161   0.2438   0.20    1.0
2026/04/23 07:43:33.300   3509417.0042    779163.3440   5250976.3911   2  15   0.3252   0.1528   0.3283   0.0711   0.1158   0.2432   0.30    1.1
2026/04/23 07:43:33.400   3509417.0079    779163.3423   5250976.4147   2  15   0.3246   0.1525   0.3274   0.0708   0.1155   0.2426   0.40    1.1
2026/04/23 07:43:33.500   3509417.0111    779163.3413   5250976.4347   2  15   0.3240   0.1522   0.3266   0.0706   0.1151   0.2421  -0.50    1.1
2026/04/23 07:43:33.600   3509417.0130    779163.3388   5250976.4556   2  15   0.3234   0.1519   0.3257   0.0703   0.1148   0.2415  -0.40    1.7
2026/04/23 07:43:33.700   3509417.0209    779163.3369   5250976.4784   2  15   0.3228   0.1516   0.3248   0.0700   0.1145   0.2409  -0.30    1.1
2026/04/23 07:43:33.800   3509417.0228    779163.3356   5250976.4992   2  15   0.3221   0.1513   0.3239   0.0697   0.1141   0.2404  -0.20    1.1
2026/04/23 07:43:33.900   3509417.0285    779163.3326   5250976.5234   2  15   0.3215   0.1510   0.3230   0.0695   0.1138   0.2398  -0.10    1.1
2026/04/23 07:43:34.000   3509417.0328    779163.3301   5250976.5448   2  15   0.3209   0.1507   0.3221   0.0692   0.1135   0.2392   0.00    1.1
2026/04/23 07:43:34.100   3509417.0349    779163.3283   5250976.5634   2  15   0.3203   0.1504   0.3213   0.0689   0.1132   0.2387   0.10    1.0
2026/04/23 07:43:34.200   3509417.0365    779163.3289   5250976.5853   2  15   0.3197   0.1501   0.3204   0.0686   0.1129   0.2381   0.20    1.1
2026/04/23 07:43:34.300   3509417.0505    779163.3278   5250976.6152   2  15   0.3191   0.1498   0.3195   0.0684   0.1125   0.2376   0.30    1.0
2026/04/23 07:43:34.400   3509417.0557    779163.3256   5250976.6391   2  15   0.3185   0.1495   0.3187   0.0681   0.1122   0.2370   0.40    1.1
2026/04/23 07:43:34.500   3509417.0581    779163.3252   5250976.6638   2  15   0.3179   0.1492   0.3178   0.0679   0.1119   0.2365  -0.50    1.2
2026/04/23 07:43:34.600   3509417.0665    779163.3244   5250976.6875   2  15   0.3173   0.1490   0.3170   0.0676   0.1116   0.2359  -0.40    1.1
2026/04/23 07:43:34.700   3509417.0750    779163.3245   5250976.7093   2  15   0.3167   0.1487   0.3161   0.0673   0.1113   0.2354  -0.30    1.1
2026/04/23 07:43:34.800   3509417.0771    779163.3222   5250976.7256   2  15   0.3161   0.1484   0.3153   0.0671   0.1110   0.2348  -0.20    1.1
2026/04/23 07:43:34.900   3509417.0881    779163.3193   5250976.7487   2  15   0.3155   0.1481   0.3144   0.0668   0.1107   0.2343  -0.10    1.3
2026/04/23 07:43:35.000   3509417.0929    779163.3174   5250976.7747   2  15   0.3149   0.1478   0.3136   0.0665   0.1103   0.2337   0.00    1.1
2026/04/23 07:43:35.100   3509417.1006    779163.3161   5250976.8028   2  15   0.3143   0.1476   0.3128   0.0663   0.1100   0.2332   0.10    1.1
2026/04/23 07:43:35.200   3509417.0999    779163.3129   5250976.8207   2  15   0.3137   0.1473   0.3119   0.0660   0.1097   0.2326   0.20    1.6
2026/04/23 07:43:35.300   3509417.1028    779163.3111   5250976.8380   2  15   0.3131   0.1470   0.3111   0.0658   0.1094   0.2321   0.30    1.1
2026/04/23 07:43:35.400   3509417.1028    779163.3096   5250976.8520   2  15   0.3125   0.1467   0.3103   0.0655   0.1091   0.2316   0.40    1.0
2026/04/23 07:43:35.500   3509417.1052    779163.3088   5250976.8668   2  15   0.3119   0.1465   0.3095   0.0653   0.1088   0.2310  -0.50    1.1
2026/04/23 07:43:35.600   3509417.1090    779163.3065   5250976.8847   2  15   0.3114   0.1462   0.3086   0.0650   0.1085   0.2305  -0.40    1.1
2026/04/23 07:43:35.700   3509417.1118    779163.3044   5250976.9014   2  15   0.3108   0.1459   0.3078   0.0648   0.1082   0.2300  -0.30    1.1
2026/04/23 07:43:35.800   3509417.1042    779163.3026   5250976.9102   2  15   0.3102   0.1457   0.3070   0.0645   0.1079   0.2294  -0.20    1.0
2026/04/23 07:43:35.900   3509417.1079    779163.3011   5250976.9238   2  15   0.3096   0.1454   0.3062   0.0643   0.1076   0.2289  -0.10    1.1
2026/04/23 07:43:36.000   3509417.1041    779163.2969   5250976.9348   2  15   0.3090   0.1451   0.3054   0.0640   0.1073   0.2284   0.00    1.1
2026/04/23 07:43:36.100   3509417.1023    779163.2933   5250976.9441   2  15   0.3085   0.1449   0.3046   0.0638   0.1070   0.2279   0.10    1.1
2026/04/23 07:43:36.200   3509417.1055    779163.2923   5250976.9574   2  15   0.3079   0.1446   0.3038   0.0635   0.1067   0.2273   0.20    1.1
2026/04/23 07:43:36.300   3509417.1053    779163.2889   5250976.9675   2  15   0.3073   0.1444   0.3030   0.0633   0.1065   0.2268   0.30    1.1
2026/04/23 07:43:36.400   3509417.1066    779163.2856   5250976.9796   2  15   0.3068   0.1441   0.3022   0.0630   0.1062   0.2263   0.40    1.6
2026/04/23 07:43:36.500   3509417.0980    779163.2846   5250976.9895   2  15   0.3062   0.1438   0.3014   0.0628   0.1059   0.2258  -0.50    1.1
2026/04/23 07:43:36.600   3509417.0964    779163.2820   5250977.0039   2  15   0.3056   0.1436   0.3006   0.0626   0.1056   0.2253  -0.40    1.1
2026/04/23 07:43:36.700   3509417.0973    779163.2795   5250977.0187   2  15   0.3051   0.1433   0.2998   0.0623   0.1053   0.2248  -0.30    1.1
2026/04/23 07:43:36.800   3509417.0903    779163.2768   5250977.0279   2  15   0.3045   0.1431   0.2991   0.0621   0.1050   0.2242  -0.20    1.1
2026/04/23 07:43:36.900   3509417.0867    779163.2749   5250977.0378   2  15   0.3040   0.1428   0.2983   0.0618   0.1047   0.2237  -0.10    1.0
2026/04/23 07:43:37.000   3509417.0843    779163.2724   5250977.0513   2  15   0.3034   0.1426   0.2975   0.0616   0.1044   0.2232   0.00    1.1
2026/04/23 07:43:37.100   3509417.0825    779163.2709   5250977.0611   2  15   0.3028   0.1423   0.2967   0.0614   0.1042   0.2227   0.10    1.1
2026/04/23 07:43:37.200   3509417.0812    779163.2690   5250977.0735   2  15   0.3023   0.1421   0.2959   0.0611   0.1039   0.2222   0.20    1.1
2026/04/23 07:43:37.300   3509417.0765    779163.2675   5250977.0909   2  15   0.3017   0.1418   0.2952   0.0609   0.1036   0.2217   0.30    1.1
2026/04/23 07:43:37.400   3509417.0702    779163.2655   5250977.1004   2  15   0.3012   0.1416   0.2944   0.0607   0.1033   0.2212   0.40    1.1
2026/04/23 07:43:37.500   3509417.0681    779163.2613   5250977.1082   2  15   0.3006   0.1413   0.2936   0.0604   0.1030   0.2207  -0.50    1.1
2026/04/23 07:43:37.600   3509417.0655    779163.2578   5250977.1175   2  15   0.3001   0.1411   0.2929   0.0602   0.1028   0.2202  -0.40    1.1
2026/04/23 07:43:37.700   3509417.0670    779163.2567   5250977.1287   2  15   0.2996   0.1409   0.2921   0.0600   0.1025   0.2197  -0.30    1.4
2026/04/23 07:43:37.800   3509417.0635    779163.2581   5250977.1386   2  15   0.2990   0.1406   0.2914   0.0597   0.1022   0.2192  -0.20    1.1
2026/04/23 07:43:37.900   3509417.0595    779163.2589   5250977.1417   2  15   0.2985   0.1404   0.2906   0.0595   0.1019   0.2187  -0.10    1.1
2026/04/23 07:43:38.000   3509417.0587    779163.2586   5250977.1479   2  15   0.2979   0.1401   0.2899   0.0593   0.1017   0.2182   0.00    1.7
2026/04/23 07:43:38.100   3509417.0542    779163.2589   5250977.1573   2  15   0.2974   0.1399   0.2891   0.0590   0.1014   0.2177   0.10    1.7
2026/04/23 07:43:38.200   3509417.0463    779163.2582   5250977.1618   2  15   0.2969   0.1397   0.2884   0.0588   0.1011   0.2172   0.20    1.7
2026/04/23 07:43:38.300   3509417.0445    779163.2580   5250977.1659   2  14   0.2963   0.1394   0.2876   0.0586   0.1009   0.2167   0.30    1.7
2026/04/23 07:43:38.400   3509417.0434    779163.2577   5250977.1694   2  15   0.2958   0.1392   0.2869   0.0584   0.1006   0.2162   0.40    1.7
2026/04/23 07:43:38.500   3509417.0492    779163.2554   5250977.1777   2  15   0.2953   0.1390   0.2862   0.0582   0.1003   0.2157  -0.50    1.7
2026/04/23 07:43:38.600   3509417.0539    779163.2564   5250977.1883   2  15   0.2947   0.1387   0.2854   0.0579   0.1001   0.2152  -0.40    1.8
2026/04/23 07:43:38.700   3509417.0507    779163.2556   5250977.1933   2  15   0.2942   0.1385   0.2847   0.0577   0.0998   0.2148  -0.30    1.8
2026/04/23 07:43:38.800   3509417.0501    779163.2547   5250977.2005   2  15   0.2937   0.1383   0.2840   0.0575   0.0995   0.2143  -0.20    1.8
2026/04/23 07:43:38.900   3509417.0496    779163.2537   5250977.2053   2  15   0.2932   0.1380   0.2832   0.0573   0.0993   0.2138  -0.10    1.8
2026/04/23 07:43:39.000   3509417.0558    779163.2525   5250977.2160   2  15   0.2926   0.1378   0.2825   0.0570   0.0990   0.2133   0.00    1.1
2026/04/23 07:43:39.100   3509417.0599    779163.2524   5250977.2215   2  14   0.2921   0.1376   0.2818   0.0569   0.0988   0.2128   0.10    1.1
2026/04/23 07:43:39.200   3509417.0575    779163.2528   5250977.2298   2  15   0.2916   0.1374   0.2811   0.0566   0.0985   0.2124   0.20    1.1
2026/04/23 07:43:39.300   3509417.0609    779163.2524   5250977.2339   2  15   0.2911   0.1371   0.2804   0.0564   0.0982   0.2119   0.30    1.1
2026/04/23 07:43:39.400   3509417.0655    779163.2524   5250977.2455   2  15   0.2906   0.1369   0.2797   0.0562   0.0980   0.2114   0.40    1.1
2026/04/23 07:43:39.500   3509417.0678    779163.2533   5250977.2559   2  15   0.2901   0.1367   0.2790   0.0560   0.0977   0.2109  -0.50    1.0
2026/04/23 07:43:39.600   3509417.0708    779163.2539   5250977.2661   2  15   0.2896   0.1365   0.2783   0.0558   0.0974   0.2104  -0.40    1.1
2026/04/23 07:43:39.700   3509417.0690    779163.2547   5250977.2769   2  15   0.2891   0.1362   0.2776   0.0556   0.0972   0.2099  -0.30    1.1
2026/04/23 07:43:39.800   3509417.0647    779163.2537   5250977.2893   2  15   0.2886   0.1360   0.2769   0.0554   0.0969   0.2094  -0.20    1.1
2026/04/23 07:43:39.900   3509417.0635    779163.2546   5250977.3008   2  15   0.2881   0.1358   0.2762   0.0552   0.0966   0.2090  -0.10    1.2
2026/04/23 07:43:40.000   3509417.0698    779163.2563   5250977.3085   2  15   0.2876   0.1356   0.2755   0.0550   0.0964   0.2085   0.00    1.1
2026/04/23 07:43:40.100   3509417.0797    779163.2577   5250977.3203   2  15   0.2870   0.1354   0.2748   0.0548   0.0961   0.2080   0.10    1.5
2026/04/23 07:43:40.200   3509417.0859    779163.2584   5250977.3323   2  15   0.2865   0.1352   0.2741   0.0546   0.0959   0.2076   0.20    1.0
2026/04/23 07:43:40.300   3509417.0873    779163.2592   5250977.3474   2  15   0.2860   0.1349   0.2734   0.0544   0.0956   0.2071   0.30    1.0
2026/04/23 07:43:40.400   3509417.0929    779163.2609   5250977.3592   2  15   0.2855   0.1347   0.2727   0.0541   0.0954   0.2066   0.40    1.0
2026/04/23 07:43:40.500   3509417.0911    779163.2608   5250977.3712   2  15   0.2851   0.1345   0.2720   0.0539   0.0951   0.2061  -0.50    1.0
2026/04/23 07:43:40.600   3509417.0916    779163.2627   5250977.3795   2  15   0.2846   0.1343   0.2713   0.0537   0.0949   0.2057  -0.40    1.0
2026/04/23 07:43:40.700   3509417.0940    779163.2642   5250977.3865   2  15   0.2841   0.1341   0.2707   0.0535   0.0946   0.2052  -0.30    1.0
2026/04/23 07:43:40.800   3509417.1006    779163.2661   5250977.4010   2  15   0.2836   0.1339   0.2700   0.0533   0.0944   0.2048  -0.20    1.2
2026/04/23 07:43:40.900   3509417.1070    779163.2674   5250977.4120   2  14   0.2831   0.1337   0.2693   0.0531   0.0941   0.2043  -0.10    1.0
2026/04/23 07:43:41.000   3509417.1094    779163.2693   5250977.4196   2  15   0.2826   0.1335   0.2686   0.0529   0.0939   0.2039   0.00    1.1
2026/04/23 07:43:41.100   3509417.1147    779163.2709   5250977.4262   2  15   0.2821   0.1333   0.2679   0.0527   0.0937   0.2034   0.10    1.0
2026/04/23 07:43:41.200   3509417.1156    779163.2714   5250977.4358   2  15   0.2816   0.1330   0.2673   0.0525   0.0934   0.2030   0.20    1.0
2026/04/23 07:43:41.300   3509417.1138    779163.2698   5250977.4470   2  15   0.2811   0.1328   0.2666   0.0523   0.0932   0.2025   0.30    1.0
2026/04/23 07:43:41.400   3509417.1173    779163.2688   5250977.4593   2  14   0.2807   0.1326   0.2660   0.0522   0.0929   0.2021   0.40    1.4
2026/04/23 07:43:41.500   3509417.1200    779163.2704   5250977.4665   2  14   0.2802   0.1324   0.2653   0.0520   0.0927   0.2016  -0.50    1.0
2026/04/23 07:43:41.600   3509417.1273    779163.2719   5250977.4760   2  15   0.2797   0.1322   0.2646   0.0518   0.0925   0.2012  -0.40    1.8
2026/04/23 07:43:41.700   3509417.1334    779163.2731   5250977.4864   2  15   0.2792   0.1320   0.2640   0.0516   0.0922   0.2007  -0.30    1.8
2026/04/23 07:43:41.800   3509417.1403    779163.2727   5250977.5003   2  14   0.2788   0.1318   0.2633   0.0514   0.0920   0.2003  -0.20    1.8
2026/04/23 07:43:41.900   3509417.1425    779163.2735   5250977.5120   2  15   0.2783   0.1316   0.2627   0.0512   0.0918   0.1999  -0.10    1.8
2026/04/23 07:43:42.000   3509417.1485    779163.2752   5250977.5284   2  14   0.2778   0.1314   0.2620   0.0510   0.0915   0.1994   0.00    1.8
2026/04/23 07:43:42.100   3509417.1587    779163.2755   5250977.5455   2  15   0.2773   0.1312   0.2614   0.0508   0.0913   0.1990   0.10    1.8
2026/04/23 07:43:42.200   3509417.1640    779163.2764   5250977.5597   2  15   0.2768   0.1310   0.2607   0.0506   0.0911   0.1985   0.20    1.8
2026/04/23 07:43:42.300   3509417.1677    779163.2776   5250977.5716   2  15   0.2764   0.1308   0.2601   0.0504   0.0908   0.1981   0.30    1.8
2026/04/23 07:43:42.400   3509417.1713    779163.2784   5250977.5866   2  14   0.2759   0.1306   0.2594   0.0502   0.0906   0.1977   0.40    1.8
2026/04/23 07:43:42.500   3509417.1769    779163.2787   5250977.6013   2  15   0.2754   0.1304   0.2588   0.0500   0.0904   0.1972  -0.50    1.8
2026/04/23 07:43:42.600   3509417.1762    779163.2785   5250977.6109   2  15   0.2750   0.1302   0.2582   0.0498   0.0901   0.1968  -0.40    1.0
2026/04/23 07:43:42.700   3509417.1740    779163.2771   5250977.6149   2  14   0.2745   0.1300   0.2575   0.0497   0.0899   0.1964  -0.30    1.1
2026/04/23 07:43:42.800   3509417.1745    779163.2757   5250977.6260   2  14   0.2741   0.1299   0.2569   0.0495   0.0897   0.1959  -0.20    1.0
2026/04/23 07:43:42.900   3509417.1765    779163.2743   5250977.6351   2  14   0.2736   0.1297   0.2563   0.0493   0.0895   0.1955  -0.10    1.2
2026/04/23 07:43:43.000   3509417.1807    779163.2737   5250977.6472   2  14   0.2731   0.1295   0.2557   0.0492   0.0892   0.1950   0.00    1.0
2026/04/23 07:43:43.100   3509417.1813    779163.2742   5250977.6579   2  14   0.2727   0.1293   0.2550   0.0490   0.0890   0.1946   0.10    1.0
2026/04/23 07:43:43.200   3509417.1863    779163.2748   5250977.6702   2  14   0.2722   0.1291   0.2544   0.0488   0.0888   0.1942   0.20    1.0
2026/04/23 07:43:43.300   3509417.1908    779163.2762   5250977.6778   2  14   0.2718   0.1289   0.2538   0.0486   0.0885   0.1938   0.30    1.1
2026/04/23 07:43:43.400   3509417.1972    779163.2782   5250977.6886   2  14   0.2713   0.1287   0.2532   0.0484   0.0883   0.1933   0.40    1.0
2026/04/23 07:43:43.500   3509417.1978    779163.2772   5250977.6943   2  14   0.2708   0.1285   0.2526   0.0482   0.0881   0.1929  -0.50    1.2
2026/04/23 07:43:43.600   3509417.2012    779163.2775   5250977.7025   2  14   0.2704   0.1283   0.2520   0.0481   0.0879   0.1925  -0.40    1.0
2026/04/23 07:43:43.700   3509417.2020    779163.2781   5250977.7100   2  14   0.2699   0.1282   0.2514   0.0479   0.0877   0.1921  -0.30    1.5
2026/04/23 07:43:43.800   3509417.2035    779163.2782   5250977.7225   2  14   0.2695   0.1280   0.2507   0.0477   0.0875   0.1917  -0.20    1.0
2026/04/23 07:43:43.900   3509417.2027    779163.2794   5250977.7309   2  14   0.2690   0.1278   0.2501   0.0475   0.0872   0.1912  -0.10    1.0
2026/04/23 07:43:44.000   3509417.1998    779163.2798   5250977.7311   2  14   0.2686   0.1276   0.2495   0.0473   0.0870   0.1908   0.00    1.0
2026/04/23 07:43:44.100   3509417.2034    779163.2784   5250977.7350   2  14   0.2681   0.1274   0.2489   0.0471   0.0868   0.1904   0.10    1.0
2026/04/23 07:43:44.200   3509417.2072    779163.2791   5250977.7416   2  14   0.2677   0.1272   0.2483   0.0469   0.0866   0.1900   0.20    1.0
2026/04/23 07:43:44.300   3509417.2095    779163.2793   5250977.7479   2  14   0.2672   0.1270   0.2477   0.0467   0.0864   0.1896   0.30    1.2
2026/04/23 07:43:44.400   3509417.2127    779163.2800   5250977.7544   2  14   0.2668   0.1269   0.2471   0.0465   0.0862   0.1892   0.40    1.0
2026/04/23 07:43:44.500   3509417.2129    779163.2798   5250977.7600   2  14   0.2663   0.1267   0.2465   0.0464   0.0860   0.1888  -0.50    1.0
2026/04/23 07:43:44.600   3509417.2209    779163.2810   5250977.7705   2  14   0.2659   0.1265   0.2459   0.0462   0.0857   0.1883  -0.40    1.0
2026/04/23 07:43:44.700   3509417.2238    779163.2815   5250977.7781   2  14   0.2654   0.1263   0.2453   0.0460   0.0855   0.1879  -0.30    1.0
2026/04/23 07:43:44.800   3509417.2290    779163.2810   5250977.7806   2  14   0.2650   0.1261   0.2447   0.0458   0.0853   0.1875  -0.20    1.0
2026/04/23 07:43:44.900   3509417.2369    779163.2804   5250977.7894   2  14   0.2645   0.1260   0.2441   0.0456   0.0851   0.1871  -0.10    1.4
2026/04/23 07:43:45.000   3509417.2440    779163.2804   5250977.7948   2  14   0.2641   0.1258   0.2435   0.0454   0.0849   0.1867   0.00    1.0
2026/04/23 07:43:45.100   3509417.2449    779163.2825   5250977.7980   2  14   0.2636   0.1256   0.2430   0.0453   0.0847   0.1863   0.10    1.0
2026/04/23 07:43:45.200   3509417.2517    779163.2848   5250977.8035   2  14   0.2632   0.1254   0.2424   0.0451   0.0845   0.1859   0.20    1.8
2026/04/23 07:43:45.300   3509417.2642    779163.2874   5250977.8146   2  14   0.2628   0.1252   0.2418   0.0449   0.0843   0.1855   0.30    1.8
2026/04/23 07:43:45.400   3509417.2708    779163.2888   5250977.8174   2  14   0.2623   0.1251   0.2412   0.0447   0.0841   0.1851   0.40    1.8
2026/04/23 07:43:45.500   3509417.2797    779163.2891   5250977.8205   2  14   0.2619   0.1249   0.2406   0.0445   0.0839   0.1847  -0.50    1.8
2026/04/23 07:43:45.600   3509417.2796    779163.2907   5250977.8248   2  14   0.2615   0.1247   0.2401   0.0443   0.0837   0.1843  -0.40    1.8
2026/04/23 07:43:45.700   3509417.2839    779163.2919   5250977.8280   2  14   0.2610   0.1245   0.2395   0.0442   0.0835   0.1839  -0.30    1.8
2026/04/23 07:43:45.800   3509417.2878    779163.2926   5250977.8343   2  14   0.2606   0.1244   0.2389   0.0440   0.0833   0.1835  -0.20    1.8
2026/04/23 07:43:45.900   3509417.2941    779163.2921   5250977.8339   2  14   0.2602   0.1242   0.2383   0.0438   0.0831   0.1831  -0.10    1.7
2026/04/23 07:43:46.000   3509417.3003    779163.2926   5250977.8406   2  14   0.2597   0.1240   0.2378   0.0436   0.0829   0.1827   0.00    1.7
2026/04/23 07:43:46.100   3509417.3053    779163.2919   5250977.8468   2  14   0.2593   0.1239   0.2372   0.0434   0.0827   0.1823   0.10    1.7
2026/04/23 07:43:46.200   3509417.3125    779163.2928   5250977.8528   2  14   0.2589   0.1237   0.2366   0.0433   0.0825   0.1819   0.20    1.0
2026/04/23 07:43:46.300   3509417.3200    779163.2943   5250977.8626   2  14   0.2584   0.1235   0.2361   0.0431   0.0823   0.1815   0.30    1.1
2026/04/23 07:43:46.400   3509417.3222    779163.2947   5250977.8648   2  14   0.2580   0.1233   0.2355   0.0429   0.0821   0.1812   0.40    1.0
2026/04/23 07:43:46.500   3509417.3238    779163.2929   5250977.8656   2  14   0.2576   0.1232   0.2350   0.0427   0.0819   0.1808  -0.50    1.2
2026/04/23 07:43:46.600   3509417.3207    779163.2901   5250977.8628   2  14   0.2572   0.1230   0.2344   0.0426   0.0817   0.1804  -0.40    1.0
2026/04/23 07:43:46.700   3509417.3220    779163.2894   5250977.8626   2  14   0.2568   0.1228   0.2338   0.0424   0.0815   0.1800  -0.30    1.1
2026/04/23 07:43:46.800   3509417.3340    779163.2892   5250977.8694   2  14   0.2563   0.1227   0.2333   0.0422   0.0813   0.1796  -0.20    1.0
2026/04/23 07:43:46.900   3509417.3369    779163.2900   5250977.8704   2  14   0.2559   0.1225   0.2327   0.0421   0.0811   0.1792  -0.10    1.1
2026/04/23 07:43:47.000   3509417.3372    779163.2911   5250977.8735   2  14   0.2555   0.1223   0.2322   0.0419   0.0809   0.1788   0.00    1.0
2026/04/23 07:43:47.100   3509417.3364    779163.2905   5250977.8726   2  14   0.2551   0.1222   0.2316   0.0417   0.0807   0.1785   0.10    1.2
2026/04/23 07:43:47.200   3509417.3373    779163.2892   5250977.8738   2  14   0.2547   0.1220   0.2311   0.0415   0.0805   0.1781   0.20    1.1
2026/04/23 07:43:47.300   3509417.3406    779163.2889   5250977.8779   2  14   0.2542   0.1218   0.2305   0.0414   0.0803   0.1777   0.30    1.4
2026/04/23 07:43:47.400   3509417.3509    779163.2877   5250977.8781   2  14   0.2538   0.1217   0.2300   0.0412   0.0801   0.1773   0.40    1.1
2026/04/23 07:43:47.500   3509417.3571    779163.2880   5250977.8786   2  14   0.2534   0.1215   0.2295   0.0410   0.0799   0.1770  -0.50    1.1
2026/04/23 07:43:47.600   3509417.3575    779163.2878   5250977.8753   2  14   0.2530   0.1214   0.2289   0.0409   0.0797   0.1766  -0.40    1.1
2026/04/23 07:43:47.700   3509417.3557    779163.2889   5250977.8761   2  14   0.2526   0.1212   0.2284   0.0407   0.0795   0.1762  -0.30    1.0
2026/04/23 07:43:47.800   3509417.3523    779163.2892   5250977.8767   2  14   0.2522   0.1210   0.2279   0.0405   0.0793   0.1758  -0.20    1.1
2026/04/23 07:43:47.900   3509417.3556    779163.2901   5250977.8793   2  14   0.2518   0.1209   0.2273   0.0403   0.0792   0.1755  -0.10    1.2
2026/04/23 07:43:48.000   3509417.3673    779163.2911   5250977.8866   2  14   0.2514   0.1207   0.2268   0.0402   0.0790   0.1751   0.00    1.1
2026/04/23 07:43:48.100   3509417.3838    779163.2924   5250977.8953   2  14   0.2510   0.1206   0.2263   0.0400   0.0788   0.1747   0.10    1.0
2026/04/23 07:43:48.200   3509417.3931    779163.2934   5250977.8985   2  14   0.2506   0.1204   0.2257   0.0398   0.0786   0.1743   0.20    1.1
2026/04/23 07:43:48.300   3509417.3925    779163.2960   5250977.9014   2  14   0.2502   0.1202   0.2252   0.0397   0.0784   0.1740   0.30    1.0
2026/04/23 07:43:48.400   3509417.3975    779163.2974   5250977.9065   2  14   0.2497   0.1201   0.2247   0.0395   0.0782   0.1736   0.40    1.1
2026/04/23 07:43:48.500   3509417.4001    779163.2978   5250977.9085   2  14   0.2493   0.1199   0.2242   0.0393   0.0780   0.1732  -0.50    1.3
2026/04/23 07:43:48.600   3509417.4027    779163.2978   5250977.9095   2  14   0.2489   0.1198   0.2236   0.0392   0.0779   0.1729  -0.40    1.1
2026/04/23 07:43:48.700   3509417.4166    779163.2977   5250977.9190   2  14   0.2485   0.1196   0.2231   0.0390   0.0777   0.1725  -0.30    1.1
2026/04/23 07:43:48.800   3509417.4239    779163.2971   5250977.9222   2  14   0.2481   0.1195   0.2226   0.0388   0.0775   0.1721  -0.20    1.7
2026/04/23 07:43:48.900   3509417.4287    779163.2968   5250977.9257   2  14   0.2477   0.1193   0.2221   0.0387   0.0773   0.1718  -0.10    1.7
2026/04/23 07:43:49.000   3509417.4280    779163.2981   5250977.9290   2  14   0.2473   0.1191   0.2216   0.0385   0.0771   0.1714   0.00    1.7
2026/04/23 07:43:49.100   3509417.4250    779163.2990   5250977.9327   2  14   0.2469   0.1190   0.2210   0.0383   0.0769   0.1711   0.10    1.7
2026/04/23 07:43:49.200   3509417.4244    779163.2984   5250977.9381   2  14   0.2466   0.1188   0.2205   0.0382   0.0768   0.1707   0.20    1.7
2026/04/23 07:43:49.300   3509417.4165    779163.2961   5250977.9375   2  14   0.2462   0.1187   0.2200   0.0380   0.0766   0.1703   0.30    1.7
2026/04/23 07:43:49.400   3509417.4046    779163.2924   5250977.9306   2  14   0.2458   0.1185   0.2195   0.0378   0.0764   0.1700   0.40    1.7
2026/04/23 07:43:49.500   3509417.3969    779163.2893   5250977.9258   2  14   0.2454   0.1184   0.2190   0.0377   0.0762   0.1696  -0.50    1.7
2026/04/23 07:43:49.600   3509417.3856    779163.2870   5250977.9192   2  14   0.2450   0.1182   0.2185   0.0375   0.0760   0.1693  -0.40    1.7
2026/04/23 07:43:49.700   3509417.3731    779163.2851   5250977.9174   2  14   0.2446   0.1181   0.2180   0.0373   0.0759   0.1689  -0.30    1.7
2026/04/23 07:43:49.800   3509417.3678    779163.2856   5250977.9124   2  14   0.2442   0.1179   0.2175   0.0372   0.0757   0.1686  -0.20    1.1
2026/04/23 07:43:49.900   3509417.3688    779163.2859   5250977.9112   2  13   0.2440   0.1178   0.2171   0.0373   0.0756   0.1684  -0.10    1.1
2026/04/23 07:43:50.000   3509417.3858    779163.2909   5250977.9195   2  14   0.2436   0.1177   0.2166   0.0371   0.0754   0.1680   0.00    1.1
2026/04/23 07:43:50.100   3509417.4078    779163.2934   5250977.9313   2  14   0.2432   0.1175   0.2161   0.0369   0.0752   0.1676   0.10    1.2
2026/04/23 07:43:50.200   3509417.4327    779163.2960   5250977.9480   2  14   0.2428   0.1173   0.2156   0.0367   0.0750   0.1673   0.20    1.1
2026/04/23 07:43:50.300   3509417.4544    779163.2983   5250977.9644   2  14   0.2424   0.1172   0.2151   0.0365   0.0749   0.1669   0.30    1.1
2026/04/23 07:43:50.400   3509417.4741    779163.3004   5250977.9750   2  14   0.2420   0.1170   0.2146   0.0363   0.0747   0.1666   0.40    1.1
2026/04/23 07:43:50.500   3509417.4894    779163.3002   5250977.9817   2  14   0.2416   0.1169   0.2141   0.0361   0.0745   0.1662  -0.50    1.1
2026/04/23 07:43:50.600   3509417.5012    779163.2988   5250977.9915   2  14   0.2412   0.1168   0.2136   0.0360   0.0743   0.1659  -0.40    1.1
2026/04/23 07:43:50.700   3509417.5088    779163.2957   5250977.9914   2  14   0.2408   0.1166   0.2131   0.0358   0.0742   0.1655  -0.30    1.2
2026/04/23 07:43:50.800   3509417.5063    779163.2912   5250977.9898   2  14   0.2404   0.1165   0.2126   0.0357   0.0740   0.1652  -0.20    1.1
2026/04/23 07:43:50.900   3509417.4888    779163.2845   5250977.9843   2  14   0.2401   0.1163   0.2121   0.0355   0.0738   0.1648  -0.10    1.3
2026/04/23 07:43:51.000   3509417.4777    779163.2796   5250977.9795   2  14   0.2397   0.1162   0.2116   0.0353   0.0736   0.1645   0.00    1.1
2026/04/23 07:43:51.100   3509417.4656    779163.2785   5250977.9732   2  14   0.2393   0.1160   0.2112   0.0352   0.0735   0.1641   0.10    1.1
2026/04/23 07:43:51.200   3509417.4536    779163.2766   5250977.9613   2  14   0.2389   0.1159   0.2107   0.0350   0.0733   0.1638   0.20    1.1
2026/04/23 07:43:51.300   3509417.4398    779163.2744   5250977.9515   2  14   0.2385   0.1157   0.2102   0.0349   0.0731   0.1635   0.30    1.0
2026/04/23 07:43:51.400   3509417.4316    779163.2745   5250977.9439   2  14   0.2382   0.1156   0.2097   0.0347   0.0730   0.1631   0.40    1.1
2026/04/23 07:43:51.500   3509417.4247    779163.2748   5250977.9385   2  14   0.2378   0.1155   0.2093   0.0346   0.0728   0.1628  -0.50    1.3
2026/04/23 07:43:51.600   3509417.4073    779163.2742   5250977.9297   2  14   0.2374   0.1153   0.2088   0.0344   0.0726   0.1624  -0.40    1.1
2026/04/23 07:43:51.700   3509417.3956    779163.2745   5250977.9260   2  14   0.2371   0.1152   0.2083   0.0342   0.0725   0.1621  -0.30    1.0
2026/04/23 07:43:51.800   3509417.3970    779163.2765   5250977.9260   2  14   0.2367   0.1150   0.2078   0.0341   0.0723   0.1618  -0.20    1.1
2026/04/23 07:43:51.900   3509417.3933    779163.2762   5250977.9201   2  14   0.2363   0.1149   0.2074   0.0339   0.0721   0.1614  -0.10    1.1
2026/04/23 07:43:52.000   3509417.3925    779163.2763   5250977.9155   2  14   0.2359   0.1147   0.2069   0.0338   0.0720   0.1611   0.00    1.1
2026/04/23 07:43:52.100   3509417.3986    779163.2768   5250977.9202   2  14   0.2356   0.1146   0.2064   0.0336   0.0718   0.1608   0.10    1.2
2026/04/23 07:43:52.200   3509417.3974    779163.2794   5250977.9214   2  14   0.2352   0.1145   0.2060   0.0335   0.0717   0.1604   0.20    1.1
2026/04/23 07:43:52.300   3509417.3952    779163.2782   5250977.9240   2  14   0.2348   0.1143   0.2055   0.0333   0.0715   0.1601   0.30    1.1
2026/04/23 07:43:52.400   3509417.4004    779163.2767   5250977.9296   2  14   0.2345   0.1142   0.2050   0.0331   0.0713   0.1598   0.40    1.7
2026/04/23 07:43:52.500   3509417.3939    779163.2757   5250977.9301   2  14   0.2341   0.1141   0.2046   0.0330   0.0712   0.1595  -0.50    1.7
2026/04/23 07:43:52.600   3509417.3951    779163.2740   5250977.9329   2  14   0.2337   0.1139   0.2041   0.0328   0.0710   0.1591  -0.40    1.7
2026/04/23 07:43:52.700   3509417.3961    779163.2730   5250977.9352   2  14   0.2334   0.1138   0.2037   0.0327   0.0708   0.1588  -0.30    1.7
2026/04/23 07:43:52.800   3509417.4007    779163.2720   5250977.9388   2  14   0.2330   0.1136   0.2032   0.0325   0.0707   0.1585  -0.20    1.7
2026/04/23 07:43:52.900   3509417.4002    779163.2699   5250977.9434   2  14   0.2327   0.1135   0.2028   0.0324   0.0705   0.1582  -0.10    1.7
2026/04/23 07:43:53.000   3509417.4010    779163.2689   5250977.9478   2  14   0.2323   0.1134   0.2023   0.0322   0.0704   0.1578   0.00    1.7
2026/04/23 07:43:53.100   3509417.4003    779163.2676   5250977.9499   2  14   0.2319   0.1132   0.2019   0.0321   0.0702   0.1575   0.10    1.7
2026/04/23 07:43:53.200   3509417.3958    779163.2661   5250977.9513   2  14   0.2316   0.1131   0.2014   0.0319   0.0700   0.1572   0.20    1.7
2026/04/23 07:43:53.300   3509417.3952    779163.2653   5250977.9561   2  14   0.2312   0.1130   0.2010   0.0318   0.0699   0.1569   0.30    1.7
2026/04/23 07:43:53.400   3509417.3962    779163.2640   5250977.9598   2  14   0.2309   0.1128   0.2005   0.0316   0.0697   0.1566   0.40    1.1
2026/04/23 07:43:53.500   3509417.3949    779163.2621   5250977.9618   2  14   0.2305   0.1127   0.2001   0.0315   0.0696   0.1562  -0.50    1.0
2026/04/23 07:43:53.600   3509417.3932    779163.2604   5250977.9610   2  14   0.2302   0.1126   0.1996   0.0313   0.0694   0.1559  -0.40    1.1
2026/04/23 07:43:53.700   3509417.3924    779163.2588   5250977.9611   2  14   0.2298   0.1124   0.1992   0.0312   0.0693   0.1556  -0.30    1.2
2026/04/23 07:43:53.800   3509417.3912    779163.2580   5250977.9602   2  14   0.2295   0.1123   0.1988   0.0310   0.0691   0.1553  -0.20    1.1
2026/04/23 07:43:53.900   3509417.3872    779163.2563   5250977.9590   2  14   0.2291   0.1122   0.1983   0.0309   0.0690   0.1550  -0.10    1.1
2026/04/23 07:43:54.000   3509417.3839    779163.2540   5250977.9565   2  14   0.2288   0.1120   0.1979   0.0307   0.0688   0.1547   0.00    1.1
2026/04/23 07:43:54.100   3509417.3828    779163.2521   5250977.9533   2  14   0.2284   0.1119   0.1974   0.0306   0.0686   0.1544   0.10    1.0
2026/04/23 07:43:54.200   3509417.3799    779163.2505   5250977.9473   2  14   0.2281   0.1118   0.1970   0.0304   0.0685   0.1540   0.20    1.1
2026/04/23 07:43:54.300   3509417.3744    779163.2495   5250977.9436   2  14   0.2277   0.1116   0.1966   0.0303   0.0683   0.1537   0.30    1.2
2026/04/23 07:43:54.400   3509417.3730    779163.2487   5250977.9410   2  14   0.2274   0.1115   0.1961   0.0301   0.0682   0.1534   0.40    1.1
2026/04/23 07:43:54.500   3509417.3659    779163.2462   5250977.9361   2  14   0.2270   0.1114   0.1957   0.0300   0.0680   0.1531  -0.50    1.2
2026/04/23 07:43:54.600   3509417.3644    779163.2448   5250977.9339   2  14   0.2267   0.1113   0.1953   0.0298   0.0679   0.1528  -0.40    1.1
2026/04/23 07:43:54.700   3509417.3649    779163.2431   5250977.9306   2  14   0.2263   0.1111   0.1949   0.0297   0.0677   0.1525  -0.30    1.1
2026/04/23 07:43:54.800   3509417.3706    779163.2419   5250977.9347   2  14   0.2260   0.1110   0.1944   0.0295   0.0676   0.1522  -0.20    1.1
2026/04/23 07:43:54.900   3509417.3720    779163.2402   5250977.9343   2  14   0.2256   0.1109   0.1940   0.0294   0.0674   0.1519  -0.10    1.1
2026/04/23 07:43:55.000   3509417.3731    779163.2377   5250977.9349   2  14   0.2253   0.1107   0.1936   0.0292   0.0673   0.1516   0.00    1.1
2026/04/23 07:43:55.100   3509417.3723    779163.2364   5250977.9356   2  14   0.2250   0.1106   0.1932   0.0291   0.0671   0.1513   0.10    1.3
2026/04/23 07:43:55.200   3509417.3761    779163.2356   5250977.9374   2  14   0.2246   0.1105   0.1927   0.0289   0.0670   0.1510   0.20    1.1
2026/04/23 07:43:55.300   3509417.3783    779163.2343   5250977.9360   2  14   0.2243   0.1104   0.1923   0.0288   0.0668   0.1507   0.30    1.0
2026/04/23 07:43:55.400   3509417.3864    779163.2327   5250977.9400   2  14   0.2239   0.1102   0.1919   0.0286   0.0667   0.1504   0.40    1.1
2026/04/23 07:43:55.500   3509417.3909    779163.2319   5250977.9392   2  14   0.2236   0.1101   0.1915   0.0285   0.0665   0.1501  -0.50    1.1
2026/04/23 07:43:55.600   3509417.3950    779163.2322   5250977.9399   2  14   0.2233   0.1100   0.1911   0.0283   0.0664   0.1498  -0.40    1.1
2026/04/23 07:43:55.700   3509417.4008    779163.2310   5250977.9422   2  14   0.2229   0.1099   0.1907   0.0282   0.0663   0.1495  -0.30    1.2
2026/04/23 07:43:55.800   3509417.4005    779163.2284   5250977.9388   2  14   0.2226   0.1097   0.1902   0.0280   0.0661   0.1492  -0.20    1.1
2026/04/23 07:43:55.900   3509417.3946    779163.2276   5250977.9356   2  14   0.2223   0.1096   0.1898   0.0279   0.0660   0.1489  -0.10    1.1
2026/04/23 07:43:56.000   3509417.4007    779163.2269   5250977.9347   2  14   0.2219   0.1095   0.1894   0.0278   0.0658   0.1486   0.00    1.6
2026/04/23 07:43:56.100   3509417.4082    779163.2241   5250977.9320   2  14   0.2216   0.1094   0.1890   0.0276   0.0657   0.1483   0.10    1.1
2026/04/23 07:43:56.200   3509417.4091    779163.2231   5250977.9278   2  14   0.2213   0.1092   0.1886   0.0275   0.0655   0.1480   0.20    1.0
2026/04/23 07:43:56.300   3509417.4075    779163.2219   5250977.9213   2  14   0.2209   0.1091   0.1882   0.0273   0.0654   0.1477   0.30    1.1
2026/04/23 07:43:56.400   3509417.4045    779163.2209   5250977.9169   2  14   0.2206   0.1090   0.1878   0.0272   0.0652   0.1474   0.40    1.2
2026/04/23 07:43:56.500   3509417.3976    779163.2195   5250977.9122   2  14   0.2203   0.1089   0.1874   0.0270   0.0651   0.1471  -0.50    1.1
2026/04/23 07:43:56.600   3509417.3994    779163.2195   5250977.9059   2  14   0.2199   0.1087   0.1870   0.0269   0.0650   0.1468  -0.40    1.1
2026/04/23 07:43:56.700   3509417.3935    779163.2177   5250977.8998   2  14   0.2196   0.1086   0.1866   0.0267   0.0648   0.1466  -0.30    1.1
2026/04/23 07:43:56.800   3509417.3910    779163.2175   5250977.8974   2  13   0.2194   0.1085   0.1863   0.0270   0.0648   0.1464  -0.20    1.3
2026/04/23 07:43:56.900   3509417.4096    779163.2220   5250977.9027   2  14   0.2191   0.1084   0.1858   0.0267   0.0646   0.1461  -0.10    1.1
2026/04/23 07:43:57.000   3509417.4314    779163.2244   5250977.9138   2  14   0.2188   0.1083   0.1854   0.0265   0.0645   0.1458   0.00    1.1
2026/04/23 07:43:57.100   3509417.4433    779163.2240   5250977.9184   2  14   0.2184   0.1081   0.1850   0.0263   0.0643   0.1455   0.10    1.1
2026/04/23 07:43:57.200   3509417.4544    779163.2212   5250977.9234   2  14   0.2181   0.1080   0.1846   0.0261   0.0642   0.1452   0.20    1.1
2026/04/23 07:43:57.300   3509417.4619    779163.2181   5250977.9256   2  13   0.2179   0.1079   0.1843   0.0263   0.0641   0.1451   0.30    1.1
2026/04/23 07:43:57.400   3509417.4605    779163.2137   5250977.9264   2  13   0.2178   0.1078   0.1840   0.0265   0.0640   0.1449   0.40    1.1
2026/04/23 07:43:57.500   3509417.4644    779163.2094   5250977.9256   2  13   0.2176   0.1078   0.1837   0.0267   0.0640   0.1448  -0.50    1.1
2026/04/23 07:43:57.600   3509417.4652    779163.2057   5250977.9269   2  13   0.2175   0.1077   0.1834   0.0267   0.0639   0.1447  -0.40    1.1
2026/04/23 07:43:57.700   3509417.4733    779163.2020   5250977.9291   2  13   0.2173   0.1076   0.1830   0.0268   0.0638   0.1446  -0.30    1.1
2026/04/23 07:43:57.800   3509417.4899    779163.2029   5250977.9360   2  14   0.2169   0.1074   0.1826   0.0262   0.0636   0.1441  -0.20    1.1
2026/04/23 07:43:57.900   3509417.4883    779163.2010   5250977.9350   2  13   0.2167   0.1073   0.1823   0.0262   0.0635   0.1440  -0.10    1.1
2026/04/23 07:43:58.000   3509417.4883    779163.1986   5250977.9329   2  14   0.2163   0.1072   0.1819   0.0257   0.0633   0.1436   0.00    1.1
2026/04/23 07:43:58.100   3509417.4840    779163.1928   5250977.9292   2  14   0.2159   0.1071   0.1814   0.0254   0.0631   0.1433   0.10    1.1
2026/04/23 07:43:58.200   3509417.4928    779163.1900   5250977.9346   2  14   0.2155   0.1069   0.1810   0.0251   0.0629   0.1430   0.20    1.1
2026/04/23 07:43:58.300   3509417.4923    779163.1880   5250977.9308   2  13   0.2153   0.1069   0.1807   0.0253   0.0629   0.1428   0.30    1.1
2026/04/23 07:43:58.400   3509417.4900    779163.1834   5250977.9245   2  14   0.2149   0.1067   0.1803   0.0250   0.0627   0.1425   0.40    1.1
2026/04/23 07:43:58.500   3509417.4790    779163.1792   5250977.9151   2  14   0.2146   0.1066   0.1799   0.0248   0.0625   0.1421  -0.50    1.4
2026/04/23 07:43:58.600   3509417.4812    779163.1775   5250977.9121   2  13   0.2144   0.1065   0.1796   0.0250   0.0625   0.1420  -0.40    1.1
2026/04/23 07:43:58.700   3509417.4892    779163.1743   5250977.9113   2  14   0.2140   0.1064   0.1792   0.0247   0.0623   0.1416  -0.30    1.1
2026/04/23 07:43:58.800   3509417.4817    779163.1697   5250977.9065   2  14   0.2137   0.1063   0.1788   0.0245   0.0622   0.1413  -0.20    1.0
2026/04/23 07:43:58.900   3509417.4762    779163.1654   5250977.8977   2  14   0.2133   0.1062   0.1784   0.0243   0.0620   0.1410  -0.10    1.1
2026/04/23 07:43:59.000   3509417.4705    779163.1628   5250977.8934   2  14   0.2130   0.1060   0.1780   0.0241   0.0619   0.1407   0.00    1.1
2026/04/23 07:43:59.100   3509417.4666    779163.1575   5250977.8860   2  14   0.2126   0.1059   0.1776   0.0239   0.0618   0.1404   0.10    1.1
2026/04/23 07:43:59.200   3509417.4687    779163.1556   5250977.8800   2  13   0.2125   0.1058   0.1773   0.0242   0.0617   0.1402   0.20    1.6
2026/04/23 07:43:59.300   3509417.4699    779163.1532   5250977.8769   2  13   0.2123   0.1058   0.1770   0.0244   0.0617   0.1401   0.30    1.1
2026/04/23 07:43:59.400   3509417.4677    779163.1475   5250977.8721   2  13   0.2122   0.1057   0.1766   0.0244   0.0616   0.1400   0.40    1.1
2026/04/23 07:43:59.500   3509417.4609    779163.1426   5250977.8663   2  13   0.2120   0.1055   0.1763   0.0244   0.0615   0.1398  -0.50    1.1
2026/04/23 07:43:59.600   3509417.4554    779163.1384   5250977.8594   2  13   0.2119   0.1054   0.1760   0.0244   0.0614   0.1397  -0.40    1.1
2026/04/23 07:43:59.700   3509417.4522    779163.1334   5250977.8551   2  13   0.2117   0.1053   0.1757   0.0243   0.0613   0.1395  -0.30    1.1
2026/04/23 07:43:59.800   3509417.4502    779163.1294   5250977.8518   2  13   0.2115   0.1052   0.1754   0.0241   0.0611   0.1394  -0.20    1.1
2026/04/23 07:43:59.900   3509417.4474    779163.1253   5250977.8468   2  13   0.2114   0.1051   0.1751   0.0240   0.0610   0.1393  -0.10    1.1
2026/04/23 07:44:00.000   3509417.4497    779163.1199   5250977.8414   2  13   0.2112   0.1050   0.1748   0.0238   0.0609   0.1391   0.00    1.1
2026/04/23 07:44:00.100   3509417.4531    779163.1159   5250977.8357   2  13   0.2110   0.1049   0.1745   0.0237   0.0607   0.1389   0.10    1.1
2026/04/23 07:44:00.200   3509417.4500    779163.1109   5250977.8285   2  13   0.2108   0.1048   0.1742   0.0235   0.0606   0.1388   0.20    1.1
2026/04/23 07:44:00.300   3509417.4503    779163.1073   5250977.8247   2  13   0.2106   0.1047   0.1738   0.0233   0.0605   0.1386   0.30    1.1
2026/04/23 07:44:00.400   3509417.4553    779163.1027   5250977.8208   2  13   0.2105   0.1045   0.1735   0.0231   0.0603   0.1384   0.40    1.1
2026/04/23 07:44:00.500   3509417.4548    779163.0989   5250977.8145   2  13   0.2103   0.1044   0.1732   0.0230   0.0602   0.1383  -0.50    1.1
2026/04/23 07:44:00.600   3509417.4558    779163.0954   5250977.8101   2  13   0.2101   0.1043   0.1729   0.0228   0.0601   0.1381  -0.40    1.1
2026/04/23 07:44:00.700   3509417.4585    779163.0926   5250977.8070   2  13   0.2099   0.1042   0.1726   0.0226   0.0599   0.1379  -0.30    1.1
2026/04/23 07:44:00.800   3509417.4602    779163.0899   5250977.8027   2  13   0.2097   0.1041   0.1722   0.0224   0.0598   0.1377  -0.20    1.1
2026/04/23 07:44:00.900   3509417.4661    779163.0873   5250977.8010   2  13   0.2095   0.1040   0.1719   0.0223   0.0597   0.1375  -0.10    1.1
2026/04/23 07:44:01.000   3509417.4669    779163.0848   5250977.7953   2  13   0.2093   0.1039   0.1716   0.0221   0.0595   0.1373   0.00    1.1
2026/04/23 07:44:01.100   3509417.4721    779163.0826   5250977.7929   2  13   0.2091   0.1038   0.1713   0.0219   0.0594   0.1371   0.10    1.1
2026/04/23 07:44:01.200   3509417.4772    779163.0803   5250977.7930   2  13   0.2089   0.1037   0.1709   0.0217   0.0593   0.1370   0.20    1.1
2026/04/23 07:44:01.300   3509417.4797    779163.0780   5250977.7912   2  13   0.2086   0.1036   0.1706   0.0216   0.0591   0.1368   0.30    1.1
2026/04/23 07:44:01.400   3509417.4792    779163.0767   5250977.7844   2  13   0.2084   0.1035   0.1703   0.0214   0.0590   0.1366   0.40    1.1
2026/04/23 07:44:01.500   3509417.4804    779163.0754   5250977.7817   2  13   0.2082   0.1033   0.1700   0.0212   0.0589   0.1364  -0.50    1.1
2026/04/23 07:44:01.600   3509417.4798    779163.0736   5250977.7803   2  13   0.2080   0.1032   0.1696   0.0210   0.0588   0.1362  -0.40    1.1
2026/04/23 07:44:01.700   3509417.4769    779163.0723   5250977.7775   2  13   0.2078   0.1031   0.1693   0.0208   0.0586   0.1360  -0.30    1.1
2026/04/23 07:44:01.800   3509417.4815    779163.0696   5250977.7754   2  13   0.2076   0.1030   0.1690   0.0206   0.0585   0.1358  -0.20    1.1
2026/04/23 07:44:01.900   3509417.4792    779163.0679   5250977.7732   2  13   0.2074   0.1029   0.1687   0.0204   0.0584   0.1356  -0.10    1.1
2026/04/23 07:44:02.000   3509417.4864    779163.0649   5250977.7712   2  13   0.2072   0.1028   0.1683   0.0202   0.0582   0.1354   0.00    1.1
2026/04/23 07:44:02.100   3509417.4914    779163.0619   5250977.7718   2  13   0.2070   0.1027   0.1680   0.0200   0.0581   0.1352   0.10    1.1
2026/04/23 07:44:02.200   3509417.4959    779163.0596   5250977.7702   2  13   0.2068   0.1026   0.1677   0.0198   0.0580   0.1350   0.20    1.1
2026/04/23 07:44:02.300   3509417.4963    779163.0589   5250977.7668   2  13   0.2066   0.1025   0.1674   0.0196   0.0579   0.1348   0.30    1.1
2026/04/23 07:44:02.400   3509417.4992    779163.0568   5250977.7660   2  13   0.2064   0.1024   0.1671   0.0194   0.0577   0.1346   0.40    1.1
2026/04/23 07:44:02.500   3509417.5005    779163.0544   5250977.7628   2  13   0.2061   0.1023   0.1667   0.0192   0.0576   0.1344  -0.50    1.1
2026/04/23 07:44:02.600   3509417.5046    779163.0510   5250977.7583   2  13   0.2059   0.1022   0.1664   0.0190   0.0575   0.1342  -0.40    1.1
2026/04/23 07:44:02.700   3509417.5031    779163.0477   5250977.7529   2  13   0.2057   0.1021   0.1661   0.0188   0.0573   0.1340  -0.30    1.1
2026/04/23 07:44:02.800   3509417.5066    779163.0451   5250977.7495   2  13   0.2055   0.1020   0.1658   0.0186   0.0572   0.1338  -0.20    1.1
2026/04/23 07:44:02.900   3509417.5074    779163.0424   5250977.7445   2  13   0.2053   0.1019   0.1655   0.0184   0.0571   0.1336  -0.10    1.1
2026/04/23 07:44:03.000   3509417.5074    779163.0418   5250977.7398   2  13   0.2051   0.1018   0.1652   0.0182   0.0570   0.1335   0.00    1.1
2026/04/23 07:44:03.100   3509417.5103    779163.0400   5250977.7357   2  13   0.2049   0.1017   0.1649   0.0180   0.0568   0.1333   0.10    1.1
2026/04/23 07:44:03.200   3509417.5126    779163.0391   5250977.7342   2  13   0.2047   0.1016   0.1646   0.0177   0.0567   0.1331   0.20    1.1
2026/04/23 07:44:03.300   3509417.5058    779163.0379   5250977.7283   2  13   0.2045   0.1015   0.1643   0.0175   0.0566   0.1329   0.30    1.1
2026/04/23 07:44:03.400   3509417.5056    779163.0361   5250977.7222   2  13   0.2043   0.1014   0.1640   0.0173   0.0565   0.1327   0.40    1.1
2026/04/23 07:44:03.500   3509417.5070    779163.0324   5250977.7171   2  13   0.2041   0.1013   0.1636   0.0171   0.0564   0.1325  -0.50    1.1
2026/04/23 07:44:03.600   3509417.5078    779163.0281   5250977.7125   2  13   0.2039   0.1012   0.1633   0.0168   0.0562   0.1323  -0.40    1.1
2026/04/23 07:44:03.700   3509417.5076    779163.0245   5250977.7073   2  13   0.2037   0.1011   0.1630   0.0166   0.0561   0.1321  -0.30    1.1
2026/04/23 07:44:03.800   3509417.5027    779163.0227   5250977.7017   2  13   0.2035   0.1010   0.1627   0.0164   0.0560   0.1319  -0.20    1.1
2026/04/23 07:44:03.900   3509417.5030    779163.0203   5250977.6994   2  13   0.2033   0.1009   0.1624   0.0162   0.0559   0.1318  -0.10    1.1
2026/04/23 07:44:04.000   3509417.4980    779163.0169   5250977.6907   2  13   0.2031   0.1008   0.1621   0.0159   0.0557   0.1316   0.00    1.1
2026/04/23 07:44:04.100   3509417.4940    779163.0127   5250977.6847   2  13   0.2029   0.1007   0.1618   0.0157   0.0556   0.1314   0.10    1.1
2026/04/23 07:44:04.200   3509417.4943    779163.0097   5250977.6787   2  13   0.2027   0.1006   0.1615   0.0155   0.0555   0.1312   0.20    1.1
2026/04/23 07:44:04.300   3509417.4895    779163.0060   5250977.6742   2  13   0.2025   0.1005   0.1612   0.0153   0.0554   0.1310   0.30    1.1
2026/04/23 07:44:04.400   3509417.4903    779163.0015   5250977.6698   2  13   0.2024   0.1004   0.1610   0.0151   0.0553   0.1309   0.40    1.1
2026/04/23 07:44:04.500   3509417.4853    779162.9976   5250977.6638   2  13   0.2022   0.1003   0.1607   0.0149   0.0551   0.1307  -0.50    1.1
2026/04/23 07:44:04.600   3509417.4836    779162.9946   5250977.6588   2  13   0.2020   0.1002   0.1604   0.0147   0.0550   0.1305  -0.40    1.1
2026/04/23 07:44:04.700   3509417.4782    779162.9916   5250977.6506   2  13   0.2018   0.1001   0.1601   0.0145   0.0549   0.1303  -0.30    1.1
2026/04/23 07:44:04.800   3509417.4772    779162.9875   5250977.6436   2  13   0.2016   0.1000   0.1598   0.0142   0.0548   0.1301  -0.20    1.1
2026/04/23 07:44:04.900   3509417.4714    779162.9837   5250977.6354   2  13   0.2014   0.0999   0.1595   0.0140   0.0546   0.1300  -0.10    1.1
2026/04/23 07:44:05.000   3509417.4736    779162.9798   5250977.6309   2  13   0.2012   0.0998   0.1592   0.0138   0.0545   0.1298   0.00    1.1
2026/04/23 07:44:05.100   3509417.4767    779162.9760   5250977.6288   2  13   0.2010   0.0997   0.1589   0.0136   0.0544   0.1296   0.10    1.1
2026/04/23 07:44:05.200   3509417.4827    779162.9728   5250977.6256   2  13   0.2009   0.0996   0.1586   0.0134   0.0543   0.1294   0.20    1.1
2026/04/23 07:44:05.300   3509417.4776    779162.9691   5250977.6180   2  13   0.2007   0.0995   0.1583   0.0131   0.0542   0.1293   0.30    1.1
2026/04/23 07:44:05.400   3509417.4764    779162.9653   5250977.6138   2  13   0.2005   0.0994   0.1581   0.0129   0.0540   0.1291   0.40    1.1
2026/04/23 07:44:05.500   3509417.4708    779162.9617   5250977.6084   2  13   0.2003   0.0993   0.1578   0.0127   0.0539   0.1289  -0.50    1.1
2026/04/23 07:44:05.600   3509417.4674    779162.9589   5250977.6050   2  13   0.2001   0.0992   0.1575   0.0126   0.0538   0.1287  -0.40    1.1
2026/04/23 07:44:05.700   3509417.4711    779162.9559   5250977.6021   2  13   0.2000   0.0992   0.1572   0.0125   0.0537   0.1286  -0.30    1.1
2026/04/23 07:44:05.800   3509417.4643    779162.9525   5250977.5984   2  13   0.1998   0.0991   0.1569   0.0123   0.0536   0.1284  -0.20    1.1
2026/04/23 07:44:05.900   3509417.4604    779162.9493   5250977.5935   2  13   0.1996   0.0990   0.1567   0.0122   0.0535   0.1283  -0.10    1.1
2026/04/23 07:44:06.000   3509417.4600    779162.9466   5250977.5877   2  13   0.1994   0.0989   0.1564   0.0121   0.0534   0.1281   0.00    1.1
2026/04/23 07:44:06.100   3509417.4606    779162.9426   5250977.5855   2  13   0.1993   0.0988   0.1561   0.0120   0.0534   0.1279   0.10    1.1
2026/04/23 07:44:06.200   3509417.4546    779162.9393   5250977.5851   2  13   0.1991   0.0987   0.1558   0.0118   0.0533   0.1278   0.20    1.1
2026/04/23 07:44:06.300   3509417.4547    779162.9363   5250977.5831   2  13   0.1989   0.0987   0.1556   0.0116   0.0532   0.1276   0.30    1.1
2026/04/23 07:44:06.400   3509417.4571    779162.9328   5250977.5814   2  13   0.1987   0.0986   0.1553   0.0115   0.0531   0.1275   0.40    1.1
2026/04/23 07:44:06.500   3509417.4596    779162.9304   5250977.5791   2  13   0.1986   0.0985   0.1550   0.0114   0.0530   0.1273  -0.50    1.1
2026/04/23 07:44:06.600   3509417.4566    779162.9279   5250977.5772   2  13   0.1984   0.0984   0.1548   0.0112   0.0529   0.1271  -0.40    1.1
2026/04/23 07:44:06.700   3509417.4549    779162.9260   5250977.5722   2  13   0.1982   0.0983   0.1545   0.0109   0.0528   0.1270  -0.30    1.1
2026/04/23 07:44:06.800   3509417.4606    779162.9225   5250977.5694   2  13   0.1980   0.0982   0.1542   0.0106   0.0527   0.1268  -0.20    1.1
2026/04/23 07:44:06.900   3509417.4613    779162.9185   5250977.5657   2  13   0.1978   0.0981   0.1539   0.0103   0.0525   0.1266  -0.10    1.1
2026/04/23 07:44:07.000   3509417.4586    779162.9149   5250977.5614   2  13   0.1976   0.0980   0.1537   0.0100   0.0524   0.1265   0.00    1.1
2026/04/23 07:44:07.100   3509417.4613    779162.9117   5250977.5597   2  13   0.1975   0.0979   0.1534   0.0097   0.0523   0.1263   0.10    1.1
2026/04/23 07:44:07.200   3509417.4664    779162.9088   5250977.5580   2  13   0.1973   0.0979   0.1531   0.0094   0.0522   0.1261   0.20    1.1
2026/04/23 07:44:07.300   3509417.4646    779162.9066   5250977.5549   2  13   0.1971   0.0978   0.1528   0.0090   0.0521   0.1260   0.30    1.1
2026/04/23 07:44:07.400   3509417.4699    779162.9036   5250977.5537   2  13   0.1969   0.0977   0.1526   0.0087   0.0520   0.1258   0.40    1.1
2026/04/23 07:44:07.500   3509417.4658    779162.9003   5250977.5487   2  13   0.1967   0.0976   0.1523   0.0083   0.0519   0.1256  -0.50    1.2
2026/04/23 07:44:07.600   3509417.4657    779162.8966   5250977.5474   2  13   0.1965   0.0975   0.1520   0.0079   0.0518   0.1255  -0.40    1.2
2026/04/23 07:44:07.700   3509417.4598    779162.8926   5250977.5443   2  13   0.1964   0.0974   0.1518   0.0075   0.0517   0.1253  -0.30    1.2
2026/04/23 07:44:07.800   3509417.4567    779162.8893   5250977.5371   2  13   0.1962   0.0973   0.1515   0.0071   0.0515   0.1252  -0.20    1.2
2026/04/23 07:44:07.900   3509417.4548    779162.8864   5250977.5324   2  13   0.1960   0.0972   0.1512   0.0067   0.0514   0.1250  -0.10    1.2
2026/04/23 07:44:08.000   3509417.4505    779162.8837   5250977.5251   2  13   0.1958   0.0971   0.1510   0.0062   0.0513   0.1248   0.00    1.2
2026/04/23 07:44:08.100   3509417.4460    779162.8806   5250977.5223   2  13   0.1956   0.0970   0.1507   0.0057   0.0512   0.1247   0.10    1.2
2026/04/23 07:44:08.200   3509417.4440    779162.8767   5250977.5169   2  13   0.1954   0.0969   0.1504   0.0052   0.0511   0.1245   0.20    1.2
2026/04/23 07:44:08.300   3509417.4392    779162.8730   5250977.5105   2  13   0.1953   0.0968   0.1502   0.0045   0.0510   0.1243   0.30    1.2
2026/04/23 07:44:08.400   3509417.4366    779162.8688   5250977.5067   2  13   0.1951   0.0968   0.1499   0.0038   0.0509   0.1242   0.40    1.2
2026/04/23 07:44:08.500   3509417.4371    779162.8649   5250977.5040   2  13   0.1949   0.0967   0.1497   0.0030   0.0508   0.1240  -0.50    1.2
2026/04/23 07:44:08.600   3509417.4313    779162.8618   5250977.5001   2  13   0.1947   0.0966   0.1494   0.0018   0.0507   0.1238  -0.40    1.2
2026/04/23 07:44:08.700   3509417.4279    779162.8578   5250977.4946   2  13   0.1945   0.0965   0.1491  -0.0016   0.0506   0.1237  -0.30    1.2
2026/04/23 07:44:08.800   3509417.4308    779162.8554   5250977.4884   2  13   0.1944   0.0964   0.1489  -0.0029   0.0505   0.1235  -0.20    1.2
2026/04/23 07:44:08.900   3509417.4282    779162.8525   5250977.4839   2  13   0.1942   0.0963   0.1486  -0.0038   0.0504   0.1234  -0.10    1.2
2026/04/23 07:44:09.000   3509417.4250    779162.8496   5250977.4813   2  13   0.1940   0.0962   0.1484  -0.0045   0.0502   0.1232   0.00    1.2
2026/04/23 07:44:09.100   3509417.4243    779162.8473   5250977.4773   2  13   0.1938   0.0961   0.1481  -0.0051   0.0501   0.1230   0.10    1.2
2026/04/23 07:44:09.200   3509417.4235    779162.8450   5250977.4704   2  13   0.1936   0.0960   0.1478  -0.0056   0.0500   0.1229   0.20    1.2
2026/04/23 07:44:09.300   3509417.4242    779162.8426   5250977.4643   2  13   0.1935   0.0960   0.1476  -0.0061   0.0499   0.1227   0.30    1.2
2026/04/23 07:44:09.400   3509417.4196    779162.8406   5250977.4558   2  13   0.1933   0.0959   0.1473  -0.0066   0.0498   0.1226   0.40    1.2
2026/04/23 07:44:09.500   3509417.4192    779162.8374   5250977.4479   2  13   0.1931   0.0958   0.1471  -0.0070   0.0497   0.1224  -0.50    1.2
2026/04/23 07:44:09.600   3509417.4159    779162.8344   5250977.4400   2  13   0.1929   0.0957   0.1468  -0.0074   0.0496   0.1222  -0.40    1.2
2026/04/23 07:44:09.700   3509417.4134    779162.8316   5250977.4332   2  13   0.1927   0.0956   0.1466  -0.0077   0.0495   0.1221  -0.30    1.2
2026/04/23 07:44:09.800   3509417.4091    779162.8282   5250977.4274   2  13   0.1926   0.0955   0.1463  -0.0081   0.0494   0.1219  -0.20    1.2
2026/04/23 07:44:09.900   3509417.4076    779162.8260   5250977.4206   2  13   0.1924   0.0954   0.1461  -0.0084   0.0493   0.1218  -0.10    1.2
2026/04/23 07:44:10.000   3509417.4084    779162.8228   5250977.4138   2  13   0.1922   0.0953   0.1458  -0.0087   0.0492   0.1216   0.00    1.2
2026/04/23 07:44:10.100   3509417.4085    779162.8191   5250977.4079   2  13   0.1920   0.0953   0.1456  -0.0091   0.0491   0.1215   0.10    1.2
2026/04/23 07:44:10.200   3509417.4059    779162.8149   5250977.4030   2  13   0.1919   0.0952   0.1453  -0.0094   0.0490   0.1213   0.20    1.2
2026/04/23 07:44:10.300   3509417.4112    779162.8127   5250977.3992   2  13   0.1917   0.0951   0.1451  -0.0096   0.0489   0.1211   0.30    1.2
2026/04/23 07:44:10.400   3509417.4107    779162.8102   5250977.3913   2  13   0.1915   0.0950   0.1448  -0.0099   0.0488   0.1210   0.40    1.2
2026/04/23 07:44:10.500   3509417.4096    779162.8071   5250977.3849   2  13   0.1913   0.0949   0.1446  -0.0102   0.0487   0.1208  -0.50    1.2
2026/04/23 07:44:10.600   3509417.4101    779162.8039   5250977.3811   2  13   0.1912   0.0948   0.1443  -0.0104   0.0486   0.1207  -0.40    1.2
2026/04/23 07:44:10.700   3509417.4111    779162.8010   5250977.3762   2  13   0.1910   0.0947   0.1441  -0.0107   0.0485   0.1205  -0.30    1.2
2026/04/23 07:44:10.800   3509417.4107    779162.7986   5250977.3705   2  13   0.1908   0.0947   0.1438  -0.0109   0.0484   0.1204  -0.20    1.2
2026/04/23 07:44:10.900   3509417.4116    779162.7953   5250977.3625   2  13   0.1906   0.0946   0.1436  -0.0112   0.0483   0.1202  -0.10    1.2
2026/04/23 07:44:11.000   3509417.4100    779162.7922   5250977.3565   2  13   0.1905   0.0945   0.1433  -0.0114   0.0482   0.1201   0.00    1.2
2026/04/23 07:44:11.100   3509417.4072    779162.7882   5250977.3516   2  13   0.1903   0.0944   0.1431  -0.0116   0.0481   0.1199   0.10    1.2
2026/04/23 07:44:11.200   3509417.4079    779162.7848   5250977.3450   2  13   0.1901   0.0943   0.1428  -0.0119   0.0480   0.1198   0.20    1.2
2026/04/23 07:44:11.300   3509417.4032    779162.7810   5250977.3379   2  13   0.1899   0.0942   0.1426  -0.0121   0.0479   0.1196   0.30    1.2
2026/04/23 07:44:11.400   3509417.4015    779162.7774   5250977.3305   2  13   0.1898   0.0941   0.1424  -0.0123   0.0478   0.1195   0.40    1.2
2026/04/23 07:44:11.500   3509417.4007    779162.7740   5250977.3220   2  13   0.1896   0.0941   0.1421  -0.0125   0.0477   0.1193  -0.50    1.2
2026/04/23 07:44:11.600   3509417.3959    779162.7700   5250977.3125   2  13   0.1894   0.0940   0.1419  -0.0127   0.0476   0.1192  -0.40    1.2
2026/04/23 07:44:11.700   3509417.3954    779162.7656   5250977.3052   2  13   0.1892   0.0939   0.1416  -0.0129   0.0475   0.1190  -0.30    1.2
2026/04/23 07:44:11.800   3509417.3926    779162.7612   5250977.2977   2  13   0.1891   0.0938   0.1414  -0.0131   0.0474   0.1189  -0.20    1.2
2026/04/23 07:44:11.900   3509417.3948    779162.7568   5250977.2895   2  13   0.1889   0.0937   0.1412  -0.0133   0.0473   0.1187  -0.10    1.2
2026/04/23 07:44:12.000   3509417.3909    779162.7527   5250977.2808   2  13   0.1887   0.0936   0.1409  -0.0135   0.0472   0.1186   0.00    1.2
2026/04/23 07:44:12.100   3509417.3900    779162.7488   5250977.2723   2  13   0.1886   0.0936   0.1407  -0.0137   0.0471   0.1184   0.10    1.2
2026/04/23 07:44:12.200   3509417.3838    779162.7457   5250977.2628   2  12   0.1885   0.0935   0.1405  -0.0139   0.0470   0.1183   0.20    1.1
2026/04/23 07:44:12.300   3509417.3813    779162.7433   5250977.2536   2  13   0.1883   0.0934   0.1402  -0.0140   0.0469   0.1181   0.30    1.2
2026/04/23 07:44:12.400   3509417.3824    779162.7403   5250977.2474   2  13   0.1881   0.0933   0.1400  -0.0140   0.0468   0.1180   0.40    1.2
2026/04/23 07:44:12.500   3509417.3882    779162.7382   5250977.2422   2  13   0.1879   0.0933   0.1398  -0.0141   0.0467   0.1179  -0.50    1.2
2026/04/23 07:44:12.600   3509417.3937    779162.7382   5250977.2361   2  13   0.1878   0.0932   0.1395  -0.0142   0.0467   0.1177  -0.40    1.2
2026/04/23 07:44:12.700   3509417.3954    779162.7362   5250977.2306   2  13   0.1876   0.0931   0.1393  -0.0143   0.0466   0.1176  -0.30    1.2
2026/04/23 07:44:12.800   3509417.3970    779162.7338   5250977.2256   2  13   0.1874   0.0931   0.1391  -0.0144   0.0465   0.1174  -0.20    1.2
2026/04/23 07:44:12.900   3509417.3951    779162.7321   5250977.2200   2  13   0.1873   0.0930   0.1389  -0.0145   0.0464   0.1173  -0.10    1.2
2026/04/23 07:44:13.000   3509417.3978    779162.7298   5250977.2147   2  13   0.1871   0.0929   0.1386  -0.0145   0.0463   0.1172   0.00    1.2
2026/04/23 07:44:13.100   3509417.4027    779162.7288   5250977.2118   2  13   0.1870   0.0928   0.1384  -0.0146   0.0463   0.1170   0.10    1.2
2026/04/23 07:44:13.200   3509417.4047    779162.7276   5250977.2068   2  13   0.1868   0.0928   0.1382  -0.0147   0.0462   0.1169   0.20    1.2
2026/04/23 07:44:13.300   3509417.4099    779162.7269   5250977.2027   2  13   0.1866   0.0927   0.1380  -0.0148   0.0461   0.1167   0.30    1.2
2026/04/23 07:44:13.400   3509417.4070    779162.7263   5250977.1978   2  13   0.1865   0.0926   0.1377  -0.0149   0.0460   0.1166   0.40    1.2
2026/04/23 07:44:13.500   3509417.4074    779162.7263   5250977.1912   2  13   0.1863   0.0926   0.1375  -0.0150   0.0459   0.1165  -0.50    1.2
2026/04/23 07:44:13.600   3509417.4107    779162.7255   5250977.1880   2  13   0.1862   0.0925   0.1373  -0.0151   0.0459   0.1163  -0.40    1.2
2026/04/23 07:44:13.700   3509417.4139    779162.7247   5250977.1812   2  13   0.1860   0.0924   0.1371  -0.0152   0.0458   0.1162  -0.30    1.2
2026/04/23 07:44:13.800   3509417.4120    779162.7230   5250977.1747   2  13   0.1858   0.0923   0.1369  -0.0152   0.0457   0.1161  -0.20    1.2
2026/04/23 07:44:13.900   3509417.4099    779162.7220   5250977.1705   2  13   0.1857   0.0923   0.1366  -0.0153   0.0456   0.1159  -0.10    1.2
2026/04/23 07:44:14.000   3509417.4056    779162.7215   5250977.1637   2  13   0.1855   0.0922   0.1364  -0.0154   0.0455   0.1158   0.00    1.2
2026/04/23 07:44:14.100   3509417.4022    779162.7196   5250977.1588   2  13   0.1854   0.0921   0.1362  -0.0155   0.0455   0.1157   0.10    1.2
2026/04/23 07:44:14.200   3509417.4038    779162.7170   5250977.1534   2  13   0.1852   0.0921   0.1360  -0.0156   0.0454   0.1155   0.20    1.2
2026/04/23 07:44:14.300   3509417.4011    779162.7148   5250977.1488   2  13   0.1850   0.0920   0.1358  -0.0157   0.0453   0.1154   0.30    1.2
2026/04/23 07:44:14.400   3509417.3938    779162.7133   5250977.1396   2  13   0.1849   0.0919   0.1355  -0.0157   0.0452   0.1152   0.40    1.2
2026/04/23 07:44:14.500   3509417.3909    779162.7114   5250977.1334   2  13   0.1847   0.0919   0.1353  -0.0158   0.0451   0.1151  -0.50    1.2
2026/04/23 07:44:14.600   3509417.3936    779162.7093   5250977.1293   2  13   0.1846   0.0918   0.1351  -0.0160   0.0451   0.1150  -0.40    1.2
2026/04/23 07:44:14.700   3509417.3933    779162.7065   5250977.1271   2  13   0.1844   0.0917   0.1349  -0.0161   0.0450   0.1148  -0.30    1.2
2026/04/23 07:44:14.800   3509417.3894    779162.7053   5250977.1185   2  13   0.1842   0.0916   0.1347  -0.0163   0.0449   0.1147  -0.20    1.2
2026/04/23 07:44:14.900   3509417.3896    779162.7033   5250977.1081   2  13   0.1841   0.0915   0.1344  -0.0164   0.0448   0.1145  -0.10    1.2
2026/04/23 07:44:15.000   3509417.3876    779162.7015   5250977.1006   2  13   0.1839   0.0915   0.1342  -0.0165   0.0447   0.1144   0.00    1.2
2026/04/23 07:44:15.100   3509417.3905    779162.6992   5250977.0951   2  13   0.1837   0.0914   0.1340  -0.0167   0.0446   0.1143   0.10    1.2
2026/04/23 07:44:15.200   3509417.3875    779162.6981   5250977.0897   2  13   0.1836   0.0913   0.1338  -0.0168   0.0445   0.1141   0.20    1.2
2026/04/23 07:44:15.300   3509417.3817    779162.6982   5250977.0821   2  12   0.1835   0.0912   0.1336  -0.0170   0.0444   0.1140   0.30    1.0
2026/04/23 07:44:15.400   3509417.3737    779162.6964   5250977.0716   2  13   0.1833   0.0912   0.1334  -0.0171   0.0443   0.1139   0.40    1.2
2026/04/23 07:44:15.500   3509417.3679    779162.6937   5250977.0592   2  13   0.1832   0.0911   0.1331  -0.0172   0.0442   0.1137  -0.50    1.2
2026/04/23 07:44:15.600   3509417.3671    779162.6923   5250977.0513   2  13   0.1830   0.0910   0.1329  -0.0173   0.0441   0.1136  -0.40    1.2
2026/04/23 07:44:15.700   3509417.3568    779162.6913   5250977.0429   2  13   0.1828   0.0909   0.1327  -0.0175   0.0440   0.1134  -0.30    1.2
2026/04/23 07:44:15.800   3509417.3565    779162.6888   5250977.0350   2  13   0.1826   0.0908   0.1325  -0.0176   0.0440   0.1133  -0.20    1.2
2026/04/23 07:44:15.900   3509417.3655    779162.6865   5250977.0262   2  13   0.1825   0.0908   0.1323  -0.0177   0.0439   0.1132  -0.10    1.2
2026/04/23 07:44:16.000   3509417.3678    779162.6847   5250977.0187   2  13   0.1823   0.0907   0.1321  -0.0179   0.0438   0.1130   0.00    1.2
2026/04/23 07:44:16.100   3509417.3636    779162.6834   5250977.0130   2  13   0.1822   0.0906   0.1319  -0.0180   0.0437   0.1129   0.10    1.2
2026/04/23 07:44:16.200   3509417.3578    779162.6815   5250977.0064   2  13   0.1820   0.0905   0.1317  -0.0181   0.0436   0.1127   0.20    1.2
2026/04/23 07:44:16.300   3509417.3561    779162.6819   5250976.9974   2  13   0.1818   0.0905   0.1314  -0.0183   0.0435   0.1126   0.30    1.2
2026/04/23 07:44:16.400   3509417.3542    779162.6793   5250976.9874   2  13   0.1817   0.0904   0.1312  -0.0184   0.0434   0.1125   0.40    1.2
2026/04/23 07:44:16.500   3509417.3551    779162.6786   5250976.9800   2  13   0.1815   0.0903   0.1310  -0.0185   0.0433   0.1123  -0.50    1.2
2026/04/23 07:44:16.600   3509417.3551    779162.6788   5250976.9748   2  13   0.1814   0.0902   0.1308  -0.0186   0.0432   0.1122  -0.40    1.2
2026/04/23 07:44:16.700   3509417.3542    779162.6791   5250976.9711   2  13   0.1812   0.0902   0.1306  -0.0187   0.0432   0.1121  -0.30    1.2
2026/04/23 07:44:16.800   3509417.3509    779162.6799   5250976.9648   2  13   0.1811   0.0901   0.1304  -0.0188   0.0431   0.1119  -0.20    1.2
2026/04/23 07:44:16.900   3509417.3495    779162.6789   5250976.9605   2  13   0.1809   0.0900   0.1302  -0.0189   0.0430   0.1118  -0.10    1.2
2026/04/23 07:44:17.000   3509417.3479    779162.6779   5250976.9557   2  13   0.1808   0.0899   0.1300  -0.0191   0.0429   0.1117   0.00    1.2
2026/04/23 07:44:17.100   3509417.3536    779162.6775   5250976.9536   2  13   0.1806   0.0899   0.1298  -0.0192   0.0428   0.1115   0.10    1.2
2026/04/23 07:44:17.200   3509417.3588    779162.6771   5250976.9519   2  13   0.1804   0.0898   0.1296  -0.0193   0.0427   0.1114   0.20    1.2
2026/04/23 07:44:17.300   3509417.3530    779162.6769   5250976.9479   2  13   0.1803   0.0897   0.1294  -0.0194   0.0426   0.1113   0.30    1.2
2026/04/23 07:44:17.400   3509417.3497    779162.6740   5250976.9455   2  13   0.1801   0.0897   0.1292  -0.0195   0.0426   0.1111   0.40    1.2
2026/04/23 07:44:17.500   3509417.3460    779162.6737   5250976.9421   2  13   0.1800   0.0896   0.1290  -0.0196   0.0425   0.1110  -0.50    1.2
2026/04/23 07:44:17.600   3509417.3432    779162.6731   5250976.9374   2  13   0.1798   0.0895   0.1288  -0.0197   0.0424   0.1109  -0.40    1.2
2026/04/23 07:44:17.700   3509417.3463    779162.6723   5250976.9328   2  13   0.1797   0.0894   0.1286  -0.0198   0.0423   0.1107  -0.30    1.1
2026/04/23 07:44:17.800   3509417.3462    779162.6701   5250976.9264   2  13   0.1795   0.0894   0.1284  -0.0199   0.0422   0.1106  -0.20    1.1
2026/04/23 07:44:17.900   3509417.3504    779162.6680   5250976.9222   2  13   0.1793   0.0893   0.1282  -0.0200   0.0421   0.1105  -0.10    1.1
2026/04/23 07:44:18.000   3509417.3465    779162.6662   5250976.9178   2  13   0.1792   0.0892   0.1280  -0.0201   0.0420   0.1103   0.00    1.1
2026/04/23 07:44:18.100   3509417.3426    779162.6643   5250976.9135   2  14   0.1790   0.0891   0.1278  -0.0202   0.0419   0.1102   0.10    1.0
2026/04/23 07:44:18.200   3509417.3501    779162.6638   5250976.9091   2  14   0.1789   0.0891   0.1276  -0.0203   0.0419   0.1101   0.20    1.0
2026/04/23 07:44:18.300   3509417.3534    779162.6638   5250976.9063   2  14   0.1787   0.0890   0.1274  -0.0204   0.0418   0.1099   0.30    1.1
2026/04/23 07:44:18.400   3509417.3561    779162.6652   5250976.9011   2  14   0.1786   0.0889   0.1272  -0.0205   0.0417   0.1098   0.40    1.0
2026/04/23 07:44:18.500   3509417.3633    779162.6646   5250976.8959   2  14   0.1784   0.0888   0.1270  -0.0206   0.0416   0.1097  -0.50    1.0
2026/04/23 07:44:18.600   3509417.3644    779162.6644   5250976.8935   2  14   0.1783   0.0888   0.1268  -0.0207   0.0415   0.1095  -0.40    1.0
2026/04/23 07:44:18.700   3509417.3637    779162.6650   5250976.8896   2  14   0.1781   0.0887   0.1266  -0.0208   0.0414   0.1094  -0.30    1.2
2026/04/23 07:44:18.800   3509417.3704    779162.6632   5250976.8890   2  14   0.1779   0.0886   0.1264  -0.0210   0.0413   0.1093  -0.20    1.0
2026/04/23 07:44:18.900   3509417.3778    779162.6627   5250976.8844   2  14   0.1778   0.0885   0.1262  -0.0211   0.0412   0.1091  -0.10    1.3
2026/04/23 07:44:19.000   3509417.3772    779162.6634   5250976.8797   2  13   0.1777   0.0885   0.1260  -0.0213   0.0411   0.1090   0.00    1.0
2026/04/23 07:44:19.100   3509417.3804    779162.6601   5250976.8757   2  14   0.1775   0.0884   0.1258  -0.0214   0.0410   0.1089   0.10    1.0
2026/04/23 07:44:19.200   3509417.3804    779162.6581   5250976.8754   2  13   0.1774   0.0883   0.1256  -0.0215   0.0409   0.1088   0.20    1.1
2026/04/23 07:44:19.300   3509417.3834    779162.6537   5250976.8720   2  14   0.1772   0.0882   0.1254  -0.0216   0.0409   0.1086   0.30    1.0
2026/04/23 07:44:19.400   3509417.3836    779162.6509   5250976.8683   2  14   0.1771   0.0882   0.1252  -0.0217   0.0408   0.1085   0.40    1.1
2026/04/23 07:44:19.500   3509417.3816    779162.6485   5250976.8660   2  13   0.1770   0.0881   0.1250  -0.0218   0.0407   0.1084  -0.50    1.0
2026/04/23 07:44:19.600   3509417.3815    779162.6454   5250976.8606   2  14   0.1768   0.0880   0.1248  -0.0219   0.0406   0.1082  -0.40    1.0
2026/04/23 07:44:19.700   3509417.3935    779162.6368   5250976.8566   2  14   0.1766   0.0880   0.1246  -0.0219   0.0405   0.1081  -0.30    1.5
2026/04/23 07:44:19.800   3509417.4022    779162.6256   5250976.8264   2  14   0.1764   0.0879   0.1244  -0.0220   0.0404   0.1080  -0.20    1.0
2026/04/23 07:44:19.900   3509417.4258    779162.6227   5250976.7834   2  14   0.1763   0.0878   0.1242  -0.0221   0.0403   0.1078  -0.10    1.0
2026/04/23 07:44:20.000   3509417.4601    779162.6174   5250976.7397   2  14   0.1761   0.0877   0.1240  -0.0222   0.0403   0.1077   0.00    1.1
2026/04/23 07:44:20.100   3509417.4862    779162.6144   5250976.7053   2  14   0.1759   0.0877   0.1238  -0.0223   0.0402   0.1076   0.10    1.1
2026/04/23 07:44:20.200   3509417.5029    779162.6108   5250976.6766   2  14   0.1758   0.0876   0.1236  -0.0224   0.0401   0.1074   0.20    1.1
2026/04/23 07:44:20.300   3509417.5411    779162.6007   5250976.6450   2  14   0.1756   0.0875   0.1234  -0.0225   0.0400   0.1073   0.30    1.3
2026/04/23 07:44:20.400   3509417.5834    779162.5791   5250976.5812   2  14   0.1755   0.0875   0.1232  -0.0226   0.0399   0.1072   0.40    1.1
2026/04/23 07:44:20.500   3509417.6490    779162.5663   5250976.5040   2  14   0.1753   0.0874   0.1230  -0.0227   0.0398   0.1070  -0.50    1.0
2026/04/23 07:44:20.600   3509417.7320    779162.5599   5250976.4390   2  14   0.1751   0.0873   0.1228  -0.0228   0.0397   0.1069  -0.40    1.1
2026/04/23 07:44:20.700   3509417.8071    779162.5608   5250976.3703   2  14   0.1750   0.0872   0.1226  -0.0229   0.0396   0.1068  -0.30    1.0
2026/04/23 07:44:20.800   3509417.8859    779162.5555   5250976.3012   2  14   0.1748   0.0872   0.1225  -0.0230   0.0396   0.1066  -0.20    1.1
2026/04/23 07:44:20.900   3509417.9481    779162.5437   5250976.2436   2  14   0.1747   0.0871   0.1223  -0.0230   0.0395   0.1065  -0.10    1.1
2026/04/23 07:44:21.000   3509417.9984    779162.5303   5250976.1944   2  14   0.1745   0.0870   0.1221  -0.0231   0.0394   0.1063   0.00    1.1
2026/04/23 07:44:21.100   3509418.0505    779162.5156   5250976.1452   2  14   0.1743   0.0870   0.1219  -0.0232   0.0393   0.1062   0.10    1.1
2026/04/23 07:44:21.200   3509418.0946    779162.5029   5250976.0891   2  14   0.1741   0.0869   0.1217  -0.0233   0.0392   0.1060   0.20    1.2
2026/04/23 07:44:21.300   3509418.1469    779162.4891   5250976.0240   2  14   0.1739   0.0868   0.1215  -0.0233   0.0391   0.1059   0.30    1.0
2026/04/23 07:44:21.400   3509418.2068    779162.4796   5250975.9581   2  14   0.1738   0.0868   0.1213  -0.0234   0.0391   0.1058   0.40    1.0
2026/04/23 07:44:21.500   3509418.2619    779162.4666   5250975.8975   2  14   0.1736   0.0867   0.1211  -0.0235   0.0390   0.1056  -0.50    1.0
2026/04/23 07:44:21.600   3509418.2954    779162.4556   5250975.8325   2  14   0.1734   0.0866   0.1209  -0.0235   0.0389   0.1055  -0.40    1.5
2026/04/23 07:44:21.700   3509418.3354    779162.4460   5250975.7822   2  14   0.1732   0.0866   0.1207  -0.0236   0.0388   0.1053  -0.30    1.0
2026/04/23 07:44:21.800   3509418.3646    779162.4324   5250975.7309   2  14   0.1731   0.0865   0.1205  -0.0236   0.0387   0.1052  -0.20    1.9
2026/04/23 07:44:21.900   3509418.3904    779162.4101   5250975.6672   2  15   0.1729   0.0864   0.1204  -0.0237   0.0387   0.1051  -0.10    1.1
2026/04/23 07:44:22.000   3509418.4379    779162.3858   5250975.6001   2  14   0.1728   0.0864   0.1202  -0.0238   0.0386   0.1049   0.00    1.1
2026/04/23 07:44:22.100   3509418.4779    779162.3690   5250975.5390   2  16   0.1726   0.0863   0.1200  -0.0238   0.0385   0.1048   0.10    1.1
2026/04/23 07:44:22.200   3509418.5058    779162.3402   5250975.4870   2  16   0.1724   0.0862   0.1198  -0.0238   0.0384   0.1046   0.20    1.1
2026/04/23 07:44:22.300   3509418.5262    779162.3089   5250975.4478   2  16   0.1723   0.0862   0.1196  -0.0239   0.0383   0.1045   0.30    1.6
2026/04/23 07:44:22.400   3509418.5841    779162.2835   5250975.4013   2  16   0.1721   0.0861   0.1195  -0.0239   0.0382   0.1043   0.40    1.1
2026/04/23 07:44:22.500   3509418.6499    779162.2557   5250975.3544   2  16   0.1719   0.0860   0.1194  -0.0240   0.0381   0.1042  -0.50    1.2
2026/04/23 07:44:22.600   3509418.7206    779162.2162   5250975.3089   2  16   0.1718   0.0860   0.1193  -0.0240   0.0380   0.1040  -0.40    1.0
2026/04/23 07:44:22.700   3509418.7689    779162.1823   5250975.2662   2  15   0.1716   0.0859   0.1191  -0.0239   0.0380   0.1039  -0.30    1.0
2026/04/23 07:44:22.800   3509418.8300    779162.1462   5250975.2273   2  16   0.1715   0.0859   0.1190  -0.0240   0.0379   0.1038  -0.20    1.0
2026/04/23 07:44:22.900   3509418.8920    779162.1096   5250975.1830   2  16   0.1713   0.0858   0.1188  -0.0241   0.0379   0.1037  -0.10    1.1
2026/04/23 07:44:23.000   3509418.9271    779162.0771   5250975.1424   2  16   0.1712   0.0857   0.1187  -0.0242   0.0378   0.1036   0.00    1.0
2026/04/23 07:44:23.100   3509418.9744    779162.0435   5250975.1006   2  16   0.1710   0.0856   0.1186  -0.0243   0.0377   0.1034   0.10    1.0
2026/04/23 07:44:23.200   3509419.0215    779162.0062   5250975.0648   2  16   0.1708   0.0856   0.1184  -0.0243   0.0376   0.1033   0.20    1.0
2026/04/23 07:44:23.300   3509419.0545    779161.9580   5250975.0345   2  16   0.1707   0.0855   0.1183  -0.0244   0.0376   0.1032   0.30    1.0
2026/04/23 07:44:23.400   3509419.0832    779161.9153   5250975.0030   2  15   0.1705   0.0855   0.1181  -0.0245   0.0375   0.1030   0.40    1.1
2026/04/23 07:44:23.500   3509419.1103    779161.8778   5250974.9730   2  16   0.1703   0.0854   0.1180  -0.0246   0.0374   0.1029  -0.50    1.0
2026/04/23 07:44:23.600   3509419.1432    779161.8393   5250974.9348   2  15   0.1702   0.0853   0.1178  -0.0246   0.0374   0.1028  -0.40    1.1
2026/04/23 07:44:23.700   3509419.1929    779161.7926   5250974.9055   2  15   0.1700   0.0853   0.1177  -0.0247   0.0373   0.1026  -0.30    1.0
2026/04/23 07:44:23.800   3509419.2411    779161.7369   5250974.8799   2  16   0.1699   0.0852   0.1175  -0.0249   0.0372   0.1025  -0.20    1.0
2026/04/23 07:44:23.900   3509419.2854    779161.6769   5250974.8524   2  16   0.1699   0.0852   0.1174  -0.0250   0.0371   0.1025  -0.10    1.0
2026/04/23 07:44:24.000   3509419.3243    779161.6114   5250974.8290   2  16   0.1698   0.0851   0.1173  -0.0251   0.0370   0.1024   0.00    1.1
2026/04/23 07:44:24.100   3509419.3613    779161.5485   5250974.8066   2  18   0.1698   0.0850   0.1172  -0.0250   0.0369   0.1023   0.10    1.1
2026/04/23 07:44:24.200   3509419.3977    779161.4845   5250974.7864   2  18   0.1697   0.0850   0.1171  -0.0249   0.0369   0.1023   0.20    1.0
2026/04/23 07:44:24.300   3509419.4286    779161.4138   5250974.7684   2  18   0.1696   0.0849   0.1170  -0.0248   0.0369   0.1022   0.30    1.1
2026/04/23 07:44:24.400   3509419.4541    779161.3479   5250974.7519   2  18   0.1695   0.0849   0.1169  -0.0248   0.0369   0.1022   0.40    1.1
2026/04/23 07:44:24.500   3509419.4798    779161.2800   5250974.7365   2  18   0.1694   0.0848   0.1168  -0.0246   0.0369   0.1022  -0.50    1.0
2026/04/23 07:44:24.600   3509419.4955    779161.2087   5250974.7261   2  19   0.1693   0.0848   0.1167  -0.0246   0.0368   0.1021  -0.40    1.0
2026/04/23 07:44:24.700   3509419.5175    779161.1367   5250974.7178   2  19   0.1692   0.0847   0.1166  -0.0245   0.0368   0.1021  -0.30    1.0
2026/04/23 07:44:24.800   3509419.5281    779161.0723   5250974.7132   2  19   0.1691   0.0846   0.1165  -0.0245   0.0368   0.1020  -0.20    1.0
2026/04/23 07:44:24.900   3509419.5416    779161.0038   5250974.7051   2  17   0.1690   0.0846   0.1164  -0.0244   0.0368   0.1020  -0.10    1.0
2026/04/23 07:44:25.000   3509419.5623    779160.9403   5250974.6921   2  19   0.1689   0.0845   0.1163  -0.0244   0.0368   0.1019   0.00    1.0
2026/04/23 07:44:25.100   3509419.5700    779160.8734   5250974.6862   2  18   0.1688   0.0845   0.1162  -0.0243   0.0367   0.1019   0.10    1.0
2026/04/23 07:44:25.200   3509419.5764    779160.8112   5250974.6763   2  19   0.1686   0.0844   0.1161  -0.0243   0.0367   0.1018   0.20    1.0
2026/04/23 07:44:25.300   3509419.5706    779160.7443   5250974.6685   2  19   0.1685   0.0844   0.1160  -0.0243   0.0367   0.1017   0.30    1.3
2026/04/23 07:44:25.400   3509419.5719    779160.6743   5250974.6708   2  18   0.1684   0.0843   0.1159  -0.0243   0.0365   0.1017   0.40    1.1
2026/04/23 07:44:25.500   3509419.5811    779160.6032   5250974.6806   2  18   0.1682   0.0843   0.1159  -0.0242   0.0364   0.1016  -0.50    1.0
2026/04/23 07:44:25.600   3509419.5849    779160.5271   5250974.6856   2  17   0.1681   0.0842   0.1158  -0.0242   0.0364   0.1015  -0.40    1.3
2026/04/23 07:44:25.700   3509419.5874    779160.4500   5250974.6946   2  18   0.1680   0.0841   0.1158  -0.0241   0.0363   0.1014  -0.30    1.1
2026/04/23 07:44:25.800   3509419.5849    779160.3743   5250974.7096   2  19   0.1678   0.0841   0.1157  -0.0241   0.0363   0.1013  -0.20    1.0
2026/04/23 07:44:25.900   3509419.5761    779160.2971   5250974.7194   2  19   0.1677   0.0840   0.1156  -0.0240   0.0363   0.1012  -0.10    1.1
2026/04/23 07:44:26.000   3509419.5805    779160.2194   5250974.7285   2  18   0.1676   0.0840   0.1156  -0.0238   0.0363   0.1011   0.00    1.2
2026/04/23 07:44:26.100   3509419.5756    779160.1428   5250974.7374   2  19   0.1674   0.0839   0.1155  -0.0237   0.0363   0.1011   0.10    1.0
2026/04/23 07:44:26.200   3509419.5886    779160.0769   5250974.7378   2  19   0.1673   0.0839   0.1154  -0.0236   0.0362   0.1010   0.20    1.1
2026/04/23 07:44:26.300   3509419.6133    779160.0175   5250974.7252   2  19   0.1671   0.0838   0.1154  -0.0236   0.0362   0.1009   0.30    1.0
2026/04/23 07:44:26.400   3509419.6430    779159.9521   5250974.7128   2  19   0.1670   0.0837   0.1153  -0.0235   0.0362   0.1008   0.40    1.1
2026/04/23 07:44:26.500   3509419.6697    779159.8935   5250974.6975   2  19   0.1668   0.0837   0.1152  -0.0235   0.0362   0.1007  -0.50    1.2
2026/04/23 07:44:26.600   3509419.6958    779159.8329   5250974.6733   2  19   0.1667   0.0836   0.1152  -0.0235   0.0362   0.1006  -0.40    1.2
2026/04/23 07:44:26.700   3509419.7350    779159.7641   5250974.6559   2  19   0.1665   0.0835   0.1151  -0.0234   0.0361   0.1005  -0.30    1.2
2026/04/23 07:44:26.800   3509419.7757    779159.6913   5250974.6292   2  19   0.1664   0.0835   0.1150  -0.0234   0.0361   0.1004  -0.20    1.1
2026/04/23 07:44:26.900   3509419.8098    779159.6199   5250974.6045   2  19   0.1662   0.0834   0.1149  -0.0234   0.0360   0.1003  -0.10    1.1
2026/04/23 07:44:27.000   3509419.8382    779159.5477   5250974.5811   2  19   0.1661   0.0833   0.1149  -0.0234   0.0360   0.1002   0.00    1.0
2026/04/23 07:44:27.100   3509419.8687    779159.4724   5250974.5766   2  17   0.1660   0.0833   0.1148  -0.0235   0.0359   0.1001   0.10    1.2
2026/04/23 07:44:27.200   3509419.8922    779159.4007   5250974.5726   2  18   0.1659   0.0832   0.1148  -0.0236   0.0359   0.1001   0.20    1.2
2026/04/23 07:44:27.300   3509419.9177    779159.3256   5250974.5726   2  18   0.1658   0.0832   0.1147  -0.0237   0.0358   0.1000   0.30    1.1
2026/04/23 07:44:27.400   3509419.9325    779159.2525   5250974.5767   2  18   0.1657   0.0831   0.1147  -0.0238   0.0358   0.1000   0.40    1.1
2026/04/23 07:44:27.500   3509419.9505    779159.1745   5250974.5755   2  18   0.1656   0.0831   0.1146  -0.0238   0.0357   0.0999  -0.50    1.2
2026/04/23 07:44:27.600   3509419.9685    779159.0957   5250974.5743   2  18   0.1655   0.0830   0.1146  -0.0238   0.0357   0.0999  -0.40    1.0
2026/04/23 07:44:27.700   3509419.9883    779159.0230   5250974.5752   2  18   0.1654   0.0830   0.1145  -0.0238   0.0356   0.0998  -0.30    1.4
2026/04/23 07:44:27.800   3509420.0072    779158.9505   5250974.5697   2  18   0.1653   0.0829   0.1145  -0.0238   0.0356   0.0997  -0.20    2.0
2026/04/23 07:44:27.900   3509420.0292    779158.8748   5250974.5709   2  18   0.1652   0.0829   0.1144  -0.0237   0.0355   0.0997  -0.10    1.1
2026/04/23 07:44:28.000   3509420.0504    779158.7991   5250974.5746   2  18   0.1651   0.0828   0.1143  -0.0237   0.0355   0.0996   0.00    1.1
2026/04/23 07:44:28.100   3509420.0702    779158.7249   5250974.5729   2  19   0.1650   0.0828   0.1143  -0.0237   0.0355   0.0995   0.10    1.1
2026/04/23 07:44:28.200   3509420.0905    779158.6509   5250974.5701   2  19   0.1648   0.0827   0.1142  -0.0237   0.0354   0.0994   0.20    1.1
2026/04/23 07:44:28.300   3509420.1190    779158.5808   5250974.5684   2  19   0.1647   0.0826   0.1142  -0.0237   0.0354   0.0994   0.30    1.1
2026/04/23 07:44:28.400   3509420.1339    779158.5105   5250974.5597   2  18   0.1647   0.0826   0.1141  -0.0238   0.0353   0.0993   0.40    1.3
2026/04/23 07:44:28.500   3509420.1425    779158.4472   5250974.5496   2  18   0.1646   0.0826   0.1141  -0.0239   0.0353   0.0993  -0.50    1.3
2026/04/23 07:44:28.600   3509420.1591    779158.3802   5250974.5433   2  18   0.1646   0.0825   0.1140  -0.0240   0.0352   0.0992  -0.40    1.3
2026/04/23 07:44:28.700   3509420.1336    779158.3199   5250974.5254   2  19   0.1644   0.0824   0.1139  -0.0239   0.0352   0.0992  -0.30    1.0
2026/04/23 07:44:28.800   3509420.1235    779158.2536   5250974.5064   2  19   0.1642   0.0824   0.1139  -0.0238   0.0352   0.0991  -0.20    1.0
2026/04/23 07:44:28.900   3509420.1447    779158.1746   5250974.4897   2  18   0.1642   0.0823   0.1138  -0.0239   0.0351   0.0990  -0.10    1.0
2026/04/23 07:44:29.000   3509420.1723    779158.0994   5250974.4803   2  18   0.1641   0.0823   0.1138  -0.0240   0.0351   0.0990   0.00    1.2
2026/04/23 07:44:29.100   3509420.2012    779158.0226   5250974.4689   2  18   0.1641   0.0823   0.1137  -0.0241   0.0350   0.0989   0.10    1.1
2026/04/23 07:44:29.200   3509420.2327    779157.9473   5250974.4523   2  18   0.1640   0.0822   0.1137  -0.0241   0.0349   0.0989   0.20    1.7
2026/04/23 07:44:29.300   3509420.2665    779157.8743   5250974.4426   2  18   0.1639   0.0822   0.1136  -0.0241   0.0349   0.0988   0.30    1.1
2026/04/23 07:44:29.400   3509420.3083    779157.8029   5250974.4323   2  18   0.1638   0.0821   0.1136  -0.0241   0.0349   0.0988   0.40    1.7
2026/04/23 07:44:29.500   3509420.3401    779157.7347   5250974.4248   2  18   0.1637   0.0821   0.1135  -0.0241   0.0348   0.0987  -0.50    1.5
2026/04/23 07:44:29.600   3509420.3701    779157.6691   5250974.4155   2  18   0.1636   0.0820   0.1135  -0.0241   0.0348   0.0987  -0.40    1.7
2026/04/23 07:44:29.700   3509420.3862    779157.6015   5250974.4106   2  18   0.1635   0.0819   0.1134  -0.0241   0.0348   0.0986  -0.30    1.7
2026/04/23 07:44:29.800   3509420.4088    779157.5328   5250974.4164   2  18   0.1634   0.0819   0.1133  -0.0241   0.0347   0.0985  -0.20    1.0
2026/04/23 07:44:29.900   3509420.4224    779157.4561   5250974.4171   2  18   0.1633   0.0818   0.1133  -0.0241   0.0347   0.0985  -0.10    1.7
2026/04/23 07:44:30.000   3509420.4226    779157.3845   5250974.4234   2  18   0.1632   0.0818   0.1132  -0.0241   0.0347   0.0984   0.00    2.8
2026/04/23 07:44:30.100   3509420.4179    779157.3087   5250974.4303   2  18   0.1631   0.0817   0.1132  -0.0241   0.0346   0.0983   0.10    2.8
2026/04/23 07:44:30.200   3509420.4257    779157.2361   5250974.4407   2  18   0.1630   0.0817   0.1131  -0.0240   0.0346   0.0983   0.20    1.6
2026/04/23 07:44:30.300   3509420.4234    779157.1565   5250974.4490   2  19   0.1629   0.0816   0.1131  -0.0240   0.0346   0.0982   0.30    1.0
2026/04/23 07:44:30.400   3509420.4193    779157.0758   5250974.4550   2  19   0.1628   0.0816   0.1130  -0.0240   0.0346   0.0981   0.40    1.1
2026/04/23 07:44:30.500   3509420.4149    779157.0026   5250974.4624   2  19   0.1627   0.0815   0.1129  -0.0240   0.0345   0.0981  -0.50    1.0
2026/04/23 07:44:30.600   3509420.4130    779156.9278   5250974.4729   2  19   0.1626   0.0815   0.1129  -0.0240   0.0345   0.0980  -0.40    1.0
2026/04/23 07:44:30.700   3509420.4028    779156.8567   5250974.4888   2  19   0.1625   0.0814   0.1128  -0.0240   0.0345   0.0979  -0.30    1.1
2026/04/23 07:44:30.800   3509420.3909    779156.7753   5250974.5035   2  19   0.1624   0.0814   0.1128  -0.0240   0.0344   0.0979  -0.20    1.1
2026/04/23 07:44:30.900   3509420.3930    779156.6964   5250974.5145   2  19   0.1623   0.0813   0.1127  -0.0239   0.0344   0.0978  -0.10    1.1
2026/04/23 07:44:31.000   3509420.3905    779156.6168   5250974.5219   2  19   0.1622   0.0813   0.1127  -0.0239   0.0344   0.0977   0.00    1.0
2026/04/23 07:44:31.100   3509420.3763    779156.5345   5250974.5379   2  19   0.1621   0.0812   0.1126  -0.0239   0.0343   0.0977   0.10    1.0
2026/04/23 07:44:31.200   3509420.3671    779156.4528   5250974.5601   2  19   0.1620   0.0812   0.1125  -0.0239   0.0343   0.0976   0.20    1.0
2026/04/23 07:44:31.300   3509420.3619    779156.3741   5250974.5765   2  19   0.1618   0.0811   0.1125  -0.0238   0.0343   0.0975   0.30    1.0
2026/04/23 07:44:31.400   3509420.3537    779156.2993   5250974.5972   2  18   0.1618   0.0811   0.1124  -0.0239   0.0342   0.0975   0.40    1.2
2026/04/23 07:44:31.500   3509420.3410    779156.2202   5250974.6177   2  19   0.1617   0.0810   0.1124  -0.0239   0.0342   0.0974  -0.50    1.0
2026/04/23 07:44:31.600   3509420.3151    779156.1402   5250974.6376   2  19   0.1616   0.0810   0.1123  -0.0239   0.0342   0.0973  -0.40    1.5
2026/04/23 07:44:31.700   3509420.3000    779156.0624   5250974.6588   2  19   0.1614   0.0809   0.1123  -0.0238   0.0342   0.0973  -0.30    1.0
2026/04/23 07:44:31.800   3509420.2863    779155.9918   5250974.6729   2  19   0.1613   0.0809   0.1122  -0.0238   0.0341   0.0972  -0.20    1.3
2026/04/23 07:44:31.900   3509420.2706    779155.9315   5250974.6908   2  19   0.1612   0.0808   0.1121  -0.0238   0.0341   0.0971  -0.10    1.5
2026/04/23 07:44:32.000   3509420.2553    779155.8754   5250974.7059   2  19   0.1611   0.0808   0.1121  -0.0238   0.0341   0.0970   0.00    1.5
2026/04/23 07:44:32.100   3509420.2360    779155.8095   5250974.7183   2  19   0.1610   0.0807   0.1120  -0.0238   0.0340   0.0970   0.10    1.0
2026/04/23 07:44:32.200   3509414.5152    779157.7747   5250970.6300   1  19   0.0108   0.0058   0.0098  -0.0019   0.0030   0.0059   0.20    3.0
2026/04/23 07:44:32.300   3509414.5059    779157.7073   5250970.6443   1  19   0.0107   0.0058   0.0097  -0.0019   0.0030   0.0059   0.30    3.1
2026/04/23 07:44:32.400   3509414.4994    779157.6382   5250970.6556   1  19   0.0107   0.0058   0.0097  -0.0019   0.0030   0.0059   0.40    3.2
2026/04/23 07:44:32.500   3509414.4944    779157.5680   5250970.6638   1  19   0.0107   0.0058   0.0097  -0.0019   0.0030   0.0059  -0.50    3.3
2026/04/23 07:44:32.600   3509414.4889    779157.4953   5250970.6718   1  19   0.0107   0.0058   0.0097  -0.0019   0.0030   0.0059  -0.40    3.3
2026/04/23 07:44:32.700   3509414.4859    779157.4276   5250970.6818   1  19   0.0107   0.0058   0.0097  -0.0019   0.0030   0.0059  -0.30    3.3
2026/04/23 07:44:32.800   3509414.4828    779157.3551   5250970.6965   1  19   0.0107   0.0058   0.0097  -0.0019   0.0030   0.0059  -0.20    3.3
2026/04/23 07:44:32.900   3509414.4816    779157.2823   5250970.7022   1  19   0.0107   0.0058   0.0097  -0.0019   0.0030   0.0058  -0.10    3.3
2026/04/23 07:44:33.000   3509414.4767    779157.2137   5250970.7125   1  19   0.0107   0.0058   0.0097  -0.0019   0.0030   0.0058   0.00    3.3
2026/04/23 07:44:33.100   3509414.4660    779157.1427   5250970.7279   1  19   0.0107   0.0058   0.0097  -0.0019   0.0030   0.0058   0.10    3.4
2026/04/23 07:44:33.200   3509414.4597    779157.0768   5250970.7412   1  14   0.0109   0.0059   0.0099  -0.0020   0.0030   0.0055   0.20    4.4
2026/04/23 07:44:33.300   3509414.4498    779157.0116   5250970.7536   1  14   0.0111   0.0060   0.0100  -0.0020   0.0031   0.0053   0.30    4.8
2026/04/23 07:44:33.400   3509414.4373    779156.9450   5250970.7687   1  14   0.0112   0.0060   0.0101  -0.0021   0.0031   0.0052   0.40    5.0
2026/04/23 07:44:33.500   3509414.4313    779156.8797   5250970.7784   1  14   0.0112   0.0061   0.0101  -0.0021   0.0032   0.0052  -0.50    5.2
2026/04/23 07:44:33.600   3509414.4260    779156.8083   5250970.7959   1  14   0.0112   0.0061   0.0101  -0.0021   0.0032   0.0052  -0.40    5.4
2026/04/23 07:44:33.700   3509414.4154    779156.7369   5250970.8144   1  14   0.0112   0.0061   0.0101  -0.0021   0.0032   0.0052  -0.30    5.6
2026/04/23 07:44:33.800   3509414.4187    779156.6622   5250970.8267   1  14   0.0112   0.0060   0.0102  -0.0021   0.0032   0.0052  -0.20    5.7
2026/04/23 07:44:33.900   3509414.4224    779156.5879   5250970.8404   1  14   0.0112   0.0060   0.0102  -0.0020   0.0032   0.0052  -0.10    5.8
2026/04/23 07:44:34.000   3509414.4205    779156.5123   5250970.8585   1  14   0.0113   0.0060   0.0102  -0.0020   0.0032   0.0053   0.00    6.0
2026/04/23 07:44:34.100   3509414.4162    779156.4095   5250970.8787   1  14   0.0113   0.0060   0.0102  -0.0020   0.0032   0.0053   0.10    6.1
2026/04/23 07:44:34.200   3509414.3903    779156.2575   5250970.9441   1  14   0.0115   0.0060   0.0104  -0.0021   0.0032   0.0047   0.20    5.9
2026/04/23 07:44:34.300   3509414.3827    779156.0761   5250970.9757   1  14   0.0116   0.0061   0.0106  -0.0021   0.0032   0.0043   0.30    6.2
2026/04/23 07:44:34.400   3509414.3961    779155.8864   5250971.0064   1  14   0.0117   0.0061   0.0108  -0.0022   0.0033   0.0041   0.40    6.6
2026/04/23 07:44:34.500   3509414.4193    779155.7119   5250971.0086   1  14   0.0113   0.0061   0.0102  -0.0021   0.0032   0.0052  -0.50    3.7
2026/04/23 07:44:34.600   3509414.4373    779155.5650   5250971.0123   1  14   0.0113   0.0061   0.0102  -0.0021   0.0032   0.0052  -0.40    4.4
2026/04/23 07:44:34.700   3509414.4495    779155.4447   5250971.0238   1  14   0.0113   0.0061   0.0102  -0.0021   0.0032   0.0052  -0.30    5.2
2026/04/23 07:44:34.800   3509414.4477    779155.3011   5250971.0341   1  14   0.0113   0.0061   0.0102  -0.0020   0.0032   0.0053  -0.20    6.0
2026/04/23 07:44:34.900   3509414.4316    779155.1391   5250971.0193   1  13   0.0120   0.0062   0.0103  -0.0032   0.0028   0.0059  -0.10    7.6
2026/04/23 07:44:35.000   3509414.4811    779154.9835   5250971.0047   1  13   0.0123   0.0063   0.0104  -0.0036   0.0026   0.0061   0.00    8.4
2026/04/23 07:44:35.100   3509414.5530    779154.8783   5250970.9764   1  13   0.0126   0.0064   0.0104  -0.0039   0.0025   0.0063   0.10    9.4
2026/04/23 07:44:35.200   3509414.6354    779154.8152   5250970.9366   1  13   0.0128   0.0064   0.0105  -0.0040   0.0023   0.0065   0.20   10.1
2026/04/23 07:44:35.300   3509414.6938    779154.7822   5250970.9083   1  13   0.0129   0.0064   0.0105  -0.0040   0.0023   0.0067   0.30   10.8
2026/04/23 07:44:35.400   3509414.7140    779154.7768   5250970.8975   1  13   0.0130   0.0064   0.0106  -0.0041   0.0023   0.0068   0.40   11.6
2026/04/23 07:44:35.500   3509414.7214    779154.7910   5250970.8970   1  13   0.0130   0.0064   0.0107  -0.0041   0.0023   0.0069  -0.50   12.4
2026/04/23 07:44:35.600   3509414.7196    779154.7967   5250970.9040   1  13   0.0131   0.0064   0.0107  -0.0040   0.0023   0.0069  -0.40   13.3
2026/04/23 07:44:35.700   3509414.7332    779154.7481   5250970.9045   1  13   0.0131   0.0064   0.0107  -0.0040   0.0023   0.0070  -0.30   14.1
2026/04/23 07:44:35.800   3509414.7711    779154.6325   5250970.9004   1  13   0.0131   0.0064   0.0108  -0.0040   0.0024   0.0070  -0.20   14.2
2026/04/23 07:44:35.900   3509414.7941    779154.4963   5250970.9079   1  13   0.0131   0.0064   0.0108  -0.0040   0.0024   0.0071  -0.10   14.4
2026/04/23 07:44:36.000   3509414.7982    779154.3505   5250970.9322   1  13   0.0131   0.0064   0.0108  -0.0040   0.0024   0.0071   0.00   14.6
2026/04/23 07:44:36.100   3509414.7827    779154.1890   5250970.9725   1  13   0.0131   0.0064   0.0108  -0.0040   0.0024   0.0071   0.10   14.7
2026/04/23 07:44:36.200   3509414.7487    779154.0047   5250971.0202   1  13   0.0131   0.0064   0.0108  -0.0040   0.0024   0.0071   0.20   14.8
2026/04/23 07:44:36.300   3509414.7027    779153.8329   5250971.0791   1  13   0.0131   0.0064   0.0108  -0.0040   0.0024   0.0071   0.30   14.9
2026/04/23 07:44:36.400   3509414.6408    779153.6774   5250971.1435   1  13   0.0131   0.0064   0.0108  -0.0040   0.0024   0.0071   0.40   14.9
2026/04/23 07:44:36.500   3509414.5627    779153.5637   5250971.2090   1  13   0.0131   0.0064   0.0108  -0.0040   0.0024   0.0071  -0.50   15.0
2026/04/23 07:44:36.600   3509414.6348    779153.4397   5250971.3688   1  13   0.0131   0.0064   0.0108  -0.0039   0.0026   0.0070  -0.40    3.0
2026/04/23 07:44:36.700   3509414.5794    779153.4156   5250971.3940   1  13   0.0131   0.0064   0.0108  -0.0039   0.0026   0.0070  -0.30    3.0
2026/04/23 07:44:36.800   3509414.5537    779153.4283   5250971.3987   1  13   0.0131   0.0064   0.0108  -0.0039   0.0026   0.0070  -0.20    3.1
2026/04/23 07:44:36.900   3509414.5229    779153.4672   5250971.3923   1  13   0.0131   0.0064   0.0108  -0.0039   0.0026   0.0070  -0.10    3.1
2026/04/23 07:44:37.000   3509414.6670    779153.4626   5250971.7917   2  13   0.0350   0.0173   0.0429  -0.0090   0.0138   0.0216   0.00    2.6
2026/04/23 07:44:37.100   3509414.6119    779153.4050   5250971.8371   2  13   0.0351   0.0174   0.0429  -0.0088   0.0138   0.0217   0.10    1.1
2026/04/23 07:44:37.200   3509414.5434    779153.2809   5250971.8958   2  13   0.0351   0.0174   0.0429  -0.0087   0.0139   0.0218   0.20    1.1
2026/04/23 07:44:37.300   3509414.4930    779153.1172   5250971.9501   2  13   0.0351   0.0174   0.0429  -0.0087   0.0139   0.0218   0.30    1.1
2026/04/23 07:44:37.400   3509414.4755    779152.9296   5250971.9841   2  13   0.0352   0.0174   0.0430  -0.0086   0.0139   0.0219   0.40    1.1
2026/04/23 07:44:37.500   3509414.4876    779152.7333   5250972.0018   2  13   0.0352   0.0174   0.0430  -0.0087   0.0139   0.0219  -0.50    1.1
2026/04/23 07:44:37.600   3509414.5313    779152.5455   5250972.0056   2  13   0.0352   0.0173   0.0430  -0.0087   0.0139   0.0219  -0.40    1.1
2026/04/23 07:44:37.700   3509414.6015    779152.3849   5250971.9845   2  13   0.0352   0.0173   0.0430  -0.0087   0.0139   0.0219  -0.30    1.1
2026/04/23 07:44:37.800   3509414.6836    779152.2625   5250971.9578   2  13   0.0352   0.0173   0.0430  -0.0087   0.0139   0.0219  -0.20    1.0
2026/04/23 07:44:37.900   3509414.7720    779152.1890   5250971.9201   2  13   0.0352   0.0173   0.0430  -0.0087   0.0139   0.0219  -0.10    1.1
2026/04/23 07:44:38.000   3509414.8376    779152.1607   5250971.8887   2  13   0.0352   0.0173   0.0430  -0.0088   0.0139   0.0219   0.00    1.6
2026/04/23 07:44:38.100   3509414.8786    779152.1694   5250971.8683   2  13   0.0352   0.0173   0.0430  -0.0088   0.0139   0.0219   0.10    1.7
2026/04/23 07:44:38.200   3509414.8978    779152.1896   5250971.8589   2  13   0.0352   0.0173   0.0430  -0.0088   0.0139   0.0219   0.20    1.7
2026/04/23 07:44:38.300   3509414.9161    779152.1760   5250971.8603   2  13   0.0352   0.0173   0.0430  -0.0088   0.0139   0.0219   0.30    2.0
2026/04/23 07:44:38.400   3509414.9425    779152.0805   5250971.8625   2  13   0.0352   0.0173   0.0430  -0.0088   0.0138   0.0219   0.40    1.8
2026/04/23 07:44:38.500   3509414.9790    779151.9467   5250971.8655   2  13   0.0352   0.0173   0.0430  -0.0088   0.0138   0.0219  -0.50    1.8
2026/04/23 07:44:38.600   3509414.9819    779151.8250   5250971.8795   2  13   0.0352   0.0173   0.0429  -0.0089   0.0138   0.0219  -0.40    1.9
2026/04/23 07:44:38.700   3509414.9696    779151.6898   5250971.9114   2  13   0.0351   0.0173   0.0429  -0.0089   0.0138   0.0219  -0.30    1.9
2026/04/23 07:44:38.800   3509414.6190    779151.6012   5250971.4610   1  13   0.0131   0.0064   0.0109  -0.0039   0.0025   0.0071  -0.20    7.3
2026/04/23 07:44:38.900   3509414.5843    779151.4250   5250971.5190   1  13   0.0131   0.0064   0.0109  -0.0039   0.0025   0.0071  -0.10    7.6
2026/04/23 07:44:39.000   3509414.5308    779151.2922   5250971.5743   1  13   0.0131   0.0064   0.0109  -0.0039   0.0025   0.0071   0.00    7.8
2026/04/23 07:44:39.100   3509414.4748    779151.2006   5250971.6230   1  13   0.0131   0.0064   0.0109  -0.0039   0.0025   0.0071   0.10    8.0
2026/04/23 07:44:39.200   3509414.4176    779151.1578   5250971.6680   1  13   0.0131   0.0064   0.0109  -0.0039   0.0025   0.0071   0.20    8.3
2026/04/23 07:44:39.300   3509414.3841    779151.1519   5250971.6914   1  13   0.0131   0.0064   0.0109  -0.0039   0.0025   0.0071   0.30    8.5
2026/04/23 07:44:39.400   3509414.3644    779151.1706   5250971.6989   1  13   0.0131   0.0064   0.0109  -0.0039   0.0025   0.0071   0.40    8.7
2026/04/23 07:44:39.500   3509414.3466    779151.2045   5250971.6963   1  13   0.0131   0.0064   0.0109  -0.0039   0.0025   0.0071  -0.50    9.0
2026/04/23 07:44:39.600   3509414.3410    779151.2368   5250971.6837   1  13   0.0135   0.0067   0.0111  -0.0033   0.0031   0.0076  -0.40    9.8
2026/04/23 07:44:39.700   3509414.3374    779151.2663   5250971.6810   1  13   0.0136   0.0068   0.0112  -0.0029   0.0033   0.0077  -0.30    9.7
2026/04/23 07:44:39.800   3509414.3236    779151.2570   5250971.6902   1  13   0.0136   0.0068   0.0112  -0.0027   0.0035   0.0078  -0.20    9.8
2026/04/23 07:44:39.900   3509414.2989    779151.1820   5250971.7205   1  13   0.0137   0.0068   0.0112  -0.0026   0.0035   0.0079  -0.10    9.8
2026/04/23 07:44:40.000   3509414.2791    779151.0525   5250971.7510   1  13   0.0137   0.0067   0.0113  -0.0026   0.0036   0.0079   0.00    9.9
2026/04/23 07:44:40.100   3509414.3015    779150.9025   5250971.7695   1  13   0.0137   0.0067   0.0113  -0.0027   0.0035   0.0080   0.10    9.9
2026/04/23 07:44:40.200   3509414.3334    779150.7913   5250971.7690   1  13   0.0137   0.0066   0.0113  -0.0028   0.0035   0.0080   0.20   10.0
2026/04/23 07:44:40.300   3509414.3675    779150.6559   5250971.7724   1  13   0.0137   0.0066   0.0114  -0.0029   0.0034   0.0080   0.30   10.1
2026/04/23 07:44:40.400   3509414.4167    779150.4766   5250971.7687   1  13   0.0137   0.0066   0.0114  -0.0030   0.0034   0.0081   0.40   10.2
2026/04/23 07:44:40.500   3509414.4671    779150.3307   5250971.7551   1  13   0.0138   0.0065   0.0114  -0.0031   0.0033   0.0081  -0.50   10.2
2026/04/23 07:44:40.600   3509414.5350    779150.2602   5250971.7217   1  13   0.0137   0.0065   0.0114  -0.0032   0.0033   0.0081  -0.40   10.3
2026/04/23 07:44:40.700   3509414.5982    779150.2338   5250971.6891   1  13   0.0137   0.0065   0.0114  -0.0033   0.0032   0.0081  -0.30   10.3
2026/04/23 07:44:40.800   3509414.6439    779150.2353   5250971.6655   1  13   0.0137   0.0065   0.0114  -0.0033   0.0032   0.0080  -0.20   10.4
2026/04/23 07:44:40.900   3509414.6569    779150.2584   5250971.6541   1  13   0.0137   0.0065   0.0114  -0.0033   0.0031   0.0080  -0.10   10.4
2026/04/23 07:44:41.000   3509414.6536    779150.2912   5250971.6543   1  13   0.0137   0.0065   0.0113  -0.0034   0.0031   0.0080   0.00   10.5
2026/04/23 07:44:41.100   3509414.6474    779150.3238   5250971.6542   1  13   0.0136   0.0064   0.0113  -0.0034   0.0031   0.0079   0.10   10.5
2026/04/23 07:44:41.200   3509414.6340    779150.3534   5250971.6598   1  13   0.0136   0.0064   0.0113  -0.0034   0.0030   0.0079   0.20   10.6
2026/04/23 07:44:41.300   3509414.6257    779150.3412   5250971.6773   1  13   0.0136   0.0064   0.0113  -0.0034   0.0030   0.0079   0.30   10.7
2026/04/23 07:44:41.400   3509414.6335    779150.2662   5250971.6835   1  13   0.0136   0.0065   0.0113  -0.0035   0.0030   0.0078   0.40   10.7
2026/04/23 07:44:41.500   3509414.6450    779150.1509   5250971.7015   1  13   0.0135   0.0065   0.0112  -0.0035   0.0030   0.0078  -0.50   10.8
2026/04/23 07:44:41.600   3509414.6304    779150.0307   5250971.7248   1  13   0.0135   0.0065   0.0112  -0.0035   0.0029   0.0077  -0.40   10.9
2026/04/23 07:44:41.700   3509414.6001    779149.9279   5250971.7570   1  13   0.0135   0.0064   0.0112  -0.0035   0.0029   0.0077  -0.30   10.9
2026/04/23 07:44:41.800   3509414.5516    779149.7985   5250971.8055   1  13   0.0135   0.0064   0.0112  -0.0035   0.0029   0.0077  -0.20   11.0
2026/04/23 07:44:41.900   3509414.5196    779149.6187   5250971.8518   1  13   0.0134   0.0064   0.0111  -0.0036   0.0029   0.0076  -0.10   11.1
2026/04/23 07:44:42.000   3509414.4875    779149.4364   5250971.9019   1  13   0.0134   0.0064   0.0111  -0.0036   0.0029   0.0076   0.00   11.1
2026/04/23 07:44:42.100   3509414.4411    779149.2993   5250971.9502   1  13   0.0134   0.0064   0.0111  -0.0036   0.0028   0.0075   0.10   11.2
2026/04/23 07:44:42.200   3509414.3908    779149.2134   5250972.0034   1  13   0.0134   0.0064   0.0111  -0.0036   0.0028   0.0075   0.20   11.2
2026/04/23 07:44:42.300   3509414.3524    779149.1795   5250972.0300   1  13   0.0133   0.0064   0.0111  -0.0036   0.0028   0.0075   0.30   11.3
2026/04/23 07:44:42.400   3509414.3370    779149.1831   5250972.0429   1  13   0.0133   0.0064   0.0110  -0.0036   0.0028   0.0075   0.40   11.3
2026/04/23 07:44:42.500   3509414.3295    779149.2126   5250972.0424   1  13   0.0133   0.0064   0.0110  -0.0037   0.0028   0.0074  -0.50   11.4
2026/04/23 07:44:42.600   3509414.3301    779149.2549   5250972.0314   1  13   0.0133   0.0064   0.0110  -0.0037   0.0028   0.0074  -0.40   11.4
2026/04/23 07:44:42.700   3509414.3352    779149.3012   5250972.0233   1  13   0.0133   0.0064   0.0110  -0.0037   0.0028   0.0074  -0.30   11.5
2026/04/23 07:44:42.800   3509414.3290    779149.3263   5250972.0130   1  13   0.0133   0.0064   0.0110  -0.0037   0.0027   0.0074  -0.20   11.5
2026/04/23 07:44:42.900   3509414.2962    779149.2963   5250972.0318   1  13   0.0133   0.0064   0.0110  -0.0037   0.0027   0.0074  -0.10   11.5
2026/04/23 07:44:43.000   3509414.2484    779149.1701   5250972.0830   1  13   0.0132   0.0064   0.0110  -0.0037   0.0027   0.0074   0.00   11.5
2026/04/23 07:44:43.100   3509414.1900    779148.9712   5250972.1488   1  13   0.0132   0.0064   0.0110  -0.0037   0.0027   0.0073   0.10   11.5
2026/04/23 07:44:43.200   3509414.1648    779148.7880   5250972.1976   1  13   0.0132   0.0064   0.0110  -0.0037   0.0027   0.0073   0.20   11.5
2026/04/23 07:44:43.300   3509414.1482    779148.6377   5250972.2622   1  13   0.0135   0.0064   0.0112  -0.0038   0.0028   0.0069   0.30   11.8
2026/04/23 07:44:43.400   3509414.1727    779148.5264   5250972.2679   1  13   0.0136   0.0064   0.0114  -0.0039   0.0029   0.0066   0.40   11.9
2026/04/23 07:44:43.500   3509414.1994    779148.4559   5250972.2626   1  13   0.0137   0.0064   0.0114  -0.0039   0.0029   0.0065  -0.50   11.9
2026/04/23 07:44:43.600   3509414.2197    779148.3791   5250972.2744   1  13   0.0137   0.0064   0.0115  -0.0039   0.0029   0.0065  -0.40   12.0
2026/04/23 07:44:43.700   3509414.2712    779148.2718   5250972.2396   1  13   0.0132   0.0064   0.0110  -0.0037   0.0027   0.0073  -0.30    4.3
2026/04/23 07:44:43.800   3509414.2955    779148.2125   5250972.2342   1  13   0.0132   0.0064   0.0109  -0.0037   0.0027   0.0073  -0.20    4.9
2026/04/23 07:44:43.900   3509414.3230    779148.1950   5250972.2190   1  13   0.0132   0.0064   0.0109  -0.0037   0.0027   0.0073  -0.10    5.6
2026/04/23 07:44:44.000   3509414.3389    779148.1702   5250972.2102   1  13   0.0132   0.0064   0.0109  -0.0037   0.0027   0.0073   0.00    6.1
2026/04/23 07:44:44.100   3509414.3489    779148.0825   5250972.2246   1  13   0.0132   0.0064   0.0109  -0.0037   0.0027   0.0073   0.10    6.8
2026/04/23 07:44:44.200   3509414.3803    779147.9498   5250972.2279   1  13   0.0132   0.0064   0.0109  -0.0037   0.0027   0.0073   0.20    7.2
2026/04/23 07:44:44.300   3509414.4087    779147.8804   5250972.2091   1  13   0.0132   0.0064   0.0109  -0.0038   0.0027   0.0073   0.30    7.7
2026/04/23 07:44:44.400   3509414.4504    779147.8453   5250972.1849   1  13   0.0132   0.0064   0.0109  -0.0038   0.0027   0.0073   0.40    8.3
2026/04/23 07:44:44.500   3509414.4937    779147.8382   5250972.1637   1  14   0.0132   0.0064   0.0109  -0.0038   0.0026   0.0073  -0.50    8.8
2026/04/23 07:44:44.600   3509414.5101    779147.8513   5250972.1538   1  14   0.0132   0.0064   0.0109  -0.0038   0.0026   0.0073  -0.40    9.3
2026/04/23 07:44:44.700   3509414.5099    779147.8743   5250972.1523   1  14   0.0132   0.0064   0.0109  -0.0037   0.0026   0.0073  -0.30    9.8
2026/04/23 07:44:44.800   3509414.4937    779147.9004   5250972.1592   1  14   0.0132   0.0064   0.0109  -0.0037   0.0027   0.0073  -0.20   10.3
2026/04/23 07:44:44.900   3509414.4801    779147.9233   5250972.1652   1  14   0.0131   0.0063   0.0109  -0.0036   0.0027   0.0072  -0.10   10.8
2026/04/23 07:44:45.000   3509414.4637    779147.9364   5250972.1730   1  14   0.0130   0.0063   0.0109  -0.0035   0.0027   0.0072   0.00   11.3
2026/04/23 07:44:45.100   3509414.4589    779147.9143   5250972.1819   1  14   0.0130   0.0062   0.0109  -0.0033   0.0027   0.0072   0.10   11.8
2026/04/23 07:44:45.200   3509414.4643    779147.8417   5250972.1868   1  14   0.0129   0.0062   0.0109  -0.0032   0.0027   0.0072   0.20   12.3
2026/04/23 07:44:45.300   3509414.4647    779147.7542   5250972.2040   1  14   0.0128   0.0062   0.0109  -0.0030   0.0028   0.0071   0.30   12.8
2026/04/23 07:44:45.400   3509414.4520    779147.6870   5250972.2234   1  14   0.0127   0.0062   0.0109  -0.0029   0.0028   0.0071   0.40   13.3
2026/04/23 07:44:45.500   3509414.4457    779147.6320   5250972.2389   1  14   0.0127   0.0061   0.0109  -0.0028   0.0029   0.0071  -0.50   13.6
2026/04/23 07:44:45.600   3509414.4330    779147.5221   5250972.2653   1  14   0.0126   0.0061   0.0109  -0.0027   0.0029   0.0070  -0.40   14.0
2026/04/23 07:44:45.700   3509414.4293    779147.3573   5250972.2835   1  14   0.0125   0.0061   0.0109  -0.0026   0.0029   0.0069  -0.30   14.2
2026/04/23 07:44:45.800   3509414.4378    779147.2212   5250972.2980   1  14   0.0124   0.0061   0.0108  -0.0025   0.0030   0.0069  -0.20   14.3
2026/04/23 07:44:45.900   3509414.4324    779147.1224   5250972.3222   1  14   0.0124   0.0061   0.0108  -0.0025   0.0030   0.0068  -0.10   14.5
2026/04/23 07:44:46.000   3509414.4029    779147.0044   5250972.3577   1  14   0.0123   0.0061   0.0108  -0.0024   0.0030   0.0067   0.00   14.5
2026/04/23 07:44:46.100   3509414.3719    779146.8423   5250972.4061   1  14   0.0122   0.0061   0.0108  -0.0024   0.0030   0.0067   0.10   14.6
2026/04/23 07:44:46.200   3509414.3302    779146.7061   5250972.4567   1  14   0.0122   0.0061   0.0107  -0.0024   0.0030   0.0066   0.20   14.8
2026/04/23 07:44:46.300   3509414.2897    779146.6285   5250972.4942   1  13   0.0124   0.0062   0.0107  -0.0030   0.0029   0.0067   0.30   14.8
2026/04/23 07:44:46.400   3509414.2477    779146.5961   5250972.5330   1  13   0.0126   0.0063   0.0107  -0.0034   0.0028   0.0067   0.40   14.8
2026/04/23 07:44:46.500   3509414.2097    779146.5998   5250972.5544   1  13   0.0128   0.0064   0.0107  -0.0036   0.0027   0.0068  -0.50   14.9
2026/04/23 07:44:46.600   3509414.1886    779146.6281   5250972.5549   1  13   0.0129   0.0064   0.0107  -0.0038   0.0026   0.0069  -0.40   14.9
2026/04/23 07:44:46.700   3509414.1841    779146.6669   5250972.5448   1  13   0.0130   0.0064   0.0107  -0.0038   0.0025   0.0069  -0.30   14.9
2026/04/23 07:44:46.800   3509414.1824    779146.7089   5250972.5308   1  13   0.0130   0.0064   0.0107  -0.0038   0.0025   0.0070  -0.20   14.8
2026/04/23 07:44:46.900   3509414.1656    779146.7363   5250972.5293   1  13   0.0131   0.0064   0.0108  -0.0038   0.0025   0.0071  -0.10   14.9
2026/04/23 07:44:47.000   3509414.1206    779146.7094   5250972.5501   1  13   0.0131   0.0064   0.0108  -0.0038   0.0025   0.0071   0.00   14.9
2026/04/23 07:44:47.100   3509414.0613    779146.6023   5250972.6034   1  13   0.0131   0.0064   0.0108  -0.0038   0.0025   0.0071   0.10   14.9
2026/04/23 07:44:47.200   3509413.9991    779146.4776   5250972.6596   1  13   0.0131   0.0064   0.0108  -0.0038   0.0026   0.0071   0.20   15.0
2026/04/23 07:44:47.300   3509413.9909    779146.3659   5250972.6857   1  13   0.0131   0.0064   0.0108  -0.0038   0.0026   0.0072   0.30   15.0
2026/04/23 07:44:47.400   3509414.0154    779146.2949   5250972.6859   1  13   0.0131   0.0064   0.0109  -0.0038   0.0026   0.0072   0.40   15.0
2026/04/23 07:44:47.500   3509414.0271    779146.2364   5250972.6907   1  13   0.0132   0.0064   0.0109  -0.0038   0.0026   0.0072  -0.50   15.0
2026/04/23 07:44:47.600   3509414.0331    779146.1483   5250972.7069   1  13   0.0132   0.0064   0.0109  -0.0038   0.0026   0.0072  -0.40   15.0
2026/04/23 07:44:47.700   3509414.0564    779146.0845   5250972.7054   1  13   0.0132   0.0064   0.0109  -0.0038   0.0026   0.0072  -0.30   15.0
2026/04/23 07:44:47.800   3509414.0736    779146.0688   5250972.6888   1  13   0.0132   0.0064   0.0109  -0.0038   0.0026   0.0072  -0.20   14.9
2026/04/23 07:44:47.900   3509414.0688    779146.0599   5250972.6979   1  13   0.0131   0.0064   0.0109  -0.0038   0.0026   0.0072  -0.10   14.9
2026/04/23 07:44:48.000   3509414.0506    779145.9921   5250972.7252   1  13   0.0131   0.0064   0.0109  -0.0038   0.0026   0.0072   0.00   14.9
2026/04/23 07:44:48.100   3509414.0376    779145.8524   5250972.7559   1  13   0.0131   0.0064   0.0109  -0.0038   0.0026   0.0072   0.10   15.0
2026/04/23 07:44:48.200   3509414.0363    779145.7464   5250972.7695   1  13   0.0131   0.0064   0.0109  -0.0038   0.0026   0.0072   0.20   15.0
2026/04/23 07:44:48.300   3509414.0389    779145.6532   5250972.7817   1  13   0.0131   0.0064   0.0109  -0.0038   0.0026   0.0072   0.30   14.9
2026/04/23 07:44:48.400   3509414.0427    779145.5080   5250972.8047   1  13   0.0131   0.0064   0.0109  -0.0038   0.0026   0.0072   0.40   14.9
2026/04/23 07:44:48.500   3509414.0572    779145.3173   5250972.8242   1  13   0.0132   0.0064   0.0109  -0.0038   0.0026   0.0072  -0.50   14.9
2026/04/23 07:44:48.600   3509414.0891    779145.1932   5250972.8266   1  13   0.0132   0.0064   0.0109  -0.0038   0.0026   0.0072  -0.40   14.9
2026/04/23 07:44:48.700   3509414.1231    779145.1305   5250972.8097   1  13   0.0132   0.0064   0.0109  -0.0038   0.0026   0.0072  -0.30   15.0
2026/04/23 07:44:48.800   3509414.1711    779145.0896   5250972.7922   1  13   0.0131   0.0064   0.0109  -0.0038   0.0026   0.0072  -0.20   15.0
2026/04/23 07:44:48.900   3509414.2215    779144.9990   5250972.7885   1  14   0.0131   0.0064   0.0109  -0.0038   0.0026   0.0072  -0.10   15.0
2026/04/23 07:44:49.000   3509414.2652    779144.8697   5250972.7835   1  14   0.0131   0.0064   0.0109  -0.0038   0.0026   0.0072   0.00   15.1
2026/04/23 07:44:49.100   3509414.3090    779144.7898   5250972.7673   1  14   0.0131   0.0064   0.0109  -0.0038   0.0026   0.0072   0.10   15.0
2026/04/23 07:44:49.200   3509414.3399    779144.7831   5250972.7492   1  14   0.0131   0.0063   0.0109  -0.0037   0.0026   0.0072   0.20   15.1
2026/04/23 07:44:49.300   3509414.3617    779144.8066   5250972.7362   1  14   0.0131   0.0063   0.0109  -0.0036   0.0026   0.0072   0.30   15.2
2026/04/23 07:44:49.400   3509414.3846    779144.7892   5250972.7318   1  14   0.0130   0.0063   0.0109  -0.0035   0.0026   0.0072   0.40   15.2
2026/04/23 07:44:49.500   3509414.4258    779144.7126   5250972.7220   1  14   0.0129   0.0063   0.0109  -0.0034   0.0027   0.0071  -0.50   15.1
2026/04/23 07:44:49.600   3509414.4611    779144.6586   5250972.7120   1  14   0.0129   0.0062   0.0109  -0.0032   0.0027   0.0071  -0.40   15.2
2026/04/23 07:44:49.700   3509414.4877    779144.6565   5250972.6952   1  14   0.0128   0.0062   0.0109  -0.0031   0.0027   0.0071  -0.30   15.3
2026/04/23 07:44:49.800   3509414.5092    779144.6709   5250972.6840   1  14   0.0127   0.0061   0.0109  -0.0029   0.0028   0.0070  -0.20   15.3
2026/04/23 07:44:49.900   3509414.5146    779144.6826   5250972.6815   1  14   0.0126   0.0061   0.0109  -0.0028   0.0028   0.0070  -0.10   15.3
2026/04/23 07:44:50.000   3509414.5070    779144.6941   5250972.6816   1  14   0.0125   0.0061   0.0108  -0.0027   0.0029   0.0069   0.00   15.3
2026/04/23 07:44:50.100   3509414.4945    779144.7050   5250972.6879   1  14   0.0124   0.0061   0.0108  -0.0026   0.0029   0.0069   0.10   15.3
2026/04/23 07:44:50.200   3509414.4837    779144.7128   5250972.7000   1  14   0.0124   0.0061   0.0108  -0.0025   0.0029   0.0068   0.20   15.4
2026/04/23 07:44:50.300   3509414.4893    779144.6760   5250972.7001   1  14   0.0123   0.0061   0.0108  -0.0025   0.0029   0.0067   0.30   15.4
2026/04/23 07:44:50.400   3509414.5119    779144.6052   5250972.6986   1  14   0.0123   0.0061   0.0108  -0.0025   0.0030   0.0067   0.40   15.4
2026/04/23 07:44:50.500   3509414.5133    779144.5439   5250972.7076   1  14   0.0122   0.0061   0.0107  -0.0024   0.0030   0.0066  -0.50   15.5
2026/04/23 07:44:50.600   3509414.4991    779144.4928   5250972.7220   1  15   0.0122   0.0061   0.0107  -0.0024   0.0030   0.0065  -0.40   15.6
2026/04/23 07:44:50.700   3509414.4992    779144.3929   5250972.7285   1  15   0.0121   0.0061   0.0107  -0.0024   0.0030   0.0065  -0.30   15.6
2026/04/23 07:44:50.800   3509414.5315    779144.2147   5250972.7299   1  15   0.0120   0.0061   0.0106  -0.0023   0.0030   0.0064  -0.20   15.6
2026/04/23 07:44:50.900   3509414.5586    779144.0410   5250972.7313   1  15   0.0120   0.0061   0.0106  -0.0023   0.0030   0.0064  -0.10   15.6
2026/04/23 07:44:51.000   3509414.5817    779143.9169   5250972.7331   1  14   0.0121   0.0062   0.0106  -0.0028   0.0029   0.0065   0.00   15.6
2026/04/23 07:44:51.100   3509414.5701    779143.8190   5250972.7534   1  14   0.0123   0.0062   0.0106  -0.0030   0.0027   0.0066   0.10   15.6
2026/04/23 07:44:51.200   3509414.6897    779143.6588   5250972.9011   1  14   0.0122   0.0062   0.0105  -0.0031   0.0026   0.0065   0.20    3.4
2026/04/23 07:44:51.300   3509414.6588    779143.5882   5250972.9269   1  14   0.0122   0.0062   0.0106  -0.0031   0.0025   0.0066   0.30    3.4
2026/04/23 07:44:51.400   3509414.6351    779143.5555   5250972.9424   1  14   0.0121   0.0062   0.0106  -0.0030   0.0025   0.0067   0.40    3.4
2026/04/23 07:44:51.500   3509414.5938    779143.4948   5250972.9757   1  14   0.0121   0.0062   0.0106  -0.0028   0.0025   0.0067  -0.50    3.4
2026/04/23 07:44:51.600   3509414.5514    779143.3736   5250973.0187   1  14   0.0120   0.0061   0.0106  -0.0027   0.0025   0.0067  -0.40    3.4
2026/04/23 07:44:51.700   3509414.5083    779143.2574   5250973.0640   1  14   0.0119   0.0061   0.0107  -0.0026   0.0026   0.0067  -0.30    3.4
2026/04/23 07:44:51.800   3509414.4626    779143.1917   5250973.0974   1  14   0.0118   0.0061   0.0107  -0.0024   0.0026   0.0067  -0.20    3.4
2026/04/23 07:44:51.900   3509414.4071    779143.1503   5250973.1387   1  14   0.0117   0.0061   0.0107  -0.0023   0.0027   0.0067  -0.10    3.4
2026/04/23 07:44:52.000   3509414.3686    779143.1415   5250973.1596   1  14   0.0116   0.0061   0.0107  -0.0022   0.0027   0.0066   0.00    3.4
2026/04/23 07:44:52.100   3509414.3564    779143.1566   5250973.1608   1  14   0.0116   0.0061   0.0107  -0.0022   0.0027   0.0066   0.10    3.4
2026/04/23 07:44:52.200   3509414.3594    779143.1820   5250973.1514   1  14   0.0115   0.0061   0.0107  -0.0021   0.0028   0.0065   0.20    3.4
2026/04/23 07:44:52.300   3509414.3634    779143.2081   5250973.1377   1  14   0.0114   0.0061   0.0106  -0.0021   0.0028   0.0065   0.30    3.5
2026/04/23 07:44:52.400   3509414.3718    779143.2354   5250973.1284   1  14   0.0114   0.0061   0.0106  -0.0021   0.0028   0.0064   0.40    3.5
2026/04/23 07:44:52.500   3509414.3807    779143.2507   5250973.1183   1  14   0.0114   0.0061   0.0106  -0.0021   0.0028   0.0063  -0.50    3.5
2026/04/23 07:44:52.600   3509414.3874    779143.2615   5250973.1084   1  14   0.0113   0.0061   0.0106  -0.0021   0.0028   0.0063  -0.40    3.5
2026/04/23 07:44:52.700   3509414.3994    779143.2696   5250973.0990   1  14   0.0113   0.0061   0.0106  -0.0020   0.0028   0.0062  -0.30    3.5
2026/04/23 07:44:52.800   3509414.4239    779143.2861   5250973.0842   1  14   0.0112   0.0061   0.0105  -0.0020   0.0028   0.0062  -0.20    3.5
2026/04/23 07:44:52.900   3509414.4720    779143.3304   5250973.0592   1  14   0.0112   0.0061   0.0105  -0.0020   0.0028   0.0061  -0.10    3.5
2026/04/23 07:44:53.000   3509414.5381    779143.3912   5250973.0079   1  14   0.0111   0.0061   0.0105  -0.0020   0.0028   0.0061   0.00    3.5
2026/04/23 07:44:53.100   3509414.5977    779143.4530   5250972.9546   1  14   0.0111   0.0061   0.0104  -0.0020   0.0028   0.0060   0.10    3.5
2026/04/23 07:44:53.200   3509414.6503    779143.5198   5250972.9116   1  14   0.0111   0.0061   0.0104  -0.0020   0.0028   0.0060   0.20    3.5
2026/04/23 07:44:53.300   3509414.6866    779143.5594   5250972.8833   1  14   0.0110   0.0061   0.0104  -0.0020   0.0028   0.0059   0.30    3.5
2026/04/23 07:44:53.400   3509414.6985    779143.5649   5250972.8776   1  14   0.0110   0.0061   0.0104  -0.0020   0.0028   0.0059   0.40    3.5
2026/04/23 07:44:53.500   3509414.6941    779143.5667   5250972.8870   1  14   0.0110   0.0061   0.0104  -0.0020   0.0028   0.0058  -0.50    3.5
2026/04/23 07:44:53.600   3509414.6937    779143.5948   5250972.8847   1  14   0.0110   0.0061   0.0104  -0.0020   0.0028   0.0058  -0.40    3.5
2026/04/23 07:44:53.700   3509414.7051    779143.6493   5250972.8729   1  14   0.0109   0.0061   0.0103  -0.0019   0.0029   0.0058  -0.30    3.5
2026/04/23 07:44:53.800   3509414.7298    779143.7078   5250972.8552   1  14   0.0109   0.0061   0.0103  -0.0019   0.0029   0.0058  -0.20    3.5
2026/04/23 07:44:53.900   3509414.7517    779143.7731   5250972.8375   1  14   0.0109   0.0061   0.0103  -0.0019   0.0029   0.0057  -0.10    3.5
2026/04/23 07:44:54.000   3509414.7646    779143.8367   5250972.8252   1  14   0.0109   0.0061   0.0103  -0.0019   0.0029   0.0057   0.00    3.5
2026/04/23 07:44:54.100   3509414.7697    779143.8925   5250972.8187   1  14   0.0109   0.0061   0.0103  -0.0019   0.0029   0.0057   0.10    3.5
2026/04/23 07:44:54.200   3509414.7707    779143.9518   5250972.8130   1  14   0.0108   0.0061   0.0103  -0.0019   0.0029   0.0057   0.20    3.5
2026/04/23 07:44:54.300   3509414.7664    779144.0230   5250972.8039   1  15   0.0108   0.0061   0.0103  -0.0019   0.0029   0.0056   0.30    3.6
2026/04/23 07:44:54.400   3509414.7640    779144.0903   5250972.8014   1  15   0.0108   0.0061   0.0103  -0.0019   0.0029   0.0056   0.40    3.6
2026/04/23 07:44:54.500   3509414.7508    779144.1520   5250972.8050   1  15   0.0108   0.0061   0.0103  -0.0019   0.0029   0.0056  -0.50    3.6
2026/04/23 07:44:54.600   3509414.7296    779144.2205   5250972.8091   1  15   0.0108   0.0061   0.0103  -0.0018   0.0029   0.0056  -0.40    3.6
2026/04/23 07:44:54.700   3509414.6952    779144.2841   5250972.8191   1  15   0.0108   0.0061   0.0103  -0.0017   0.0029   0.0056  -0.30    3.6
2026/04/23 07:44:54.800   3509414.6569    779144.3404   5250972.8359   1  15   0.0107   0.0060   0.0103  -0.0015   0.0029   0.0056  -0.20    3.6
2026/04/23 07:44:54.900   3509414.6067    779144.3867   5250972.8696   1  15   0.0107   0.0060   0.0103  -0.0014   0.0029   0.0056  -0.10    3.6
2026/04/23 07:44:55.000   3509414.5612    779144.4205   5250972.8933   1  15   0.0106   0.0060   0.0103  -0.0012   0.0029   0.0055   0.00    3.6
2026/04/23 07:44:55.100   3509414.5176    779144.4454   5250972.9191   1  15   0.0106   0.0060   0.0103  -0.0010   0.0030   0.0055   0.10    3.6
2026/04/23 07:44:55.200   3509414.4770    779144.4743   5250972.9454   1  15   0.0106   0.0059   0.0103  -0.0007   0.0030   0.0055   0.20    3.6
2026/04/23 07:44:55.300   3509414.4442    779144.5191   5250972.9640   1  15   0.0105   0.0059   0.0103  -0.0005   0.0030   0.0055   0.30    3.6
2026/04/23 07:44:55.400   3509414.4149    779144.5702   5250972.9759   1  15   0.0105   0.0059   0.0103   0.0001   0.0030   0.0054   0.40    3.6
2026/04/23 07:44:55.500   3509414.3771    779144.6242   5250972.9920   1  15   0.0105   0.0059   0.0103   0.0004   0.0030   0.0054  -0.50    3.6
2026/04/23 07:44:55.600   3509414.3330    779144.6771   5250973.0085   1  15   0.0104   0.0059   0.0102   0.0006   0.0031   0.0054  -0.40    3.6
2026/04/23 07:44:55.700   3509414.2935    779144.7273   5250973.0203   1  15   0.0104   0.0059   0.0102   0.0007   0.0031   0.0053  -0.30    3.6
2026/04/23 07:44:55.800   3509414.2604    779144.7802   5250973.0288   1  15   0.0104   0.0059   0.0102   0.0008   0.0031   0.0053  -0.20    3.6
2026/04/23 07:44:55.900   3509414.2357    779144.8413   5250973.0314   1  15   0.0103   0.0059   0.0102   0.0008   0.0031   0.0053  -0.10    3.6
2026/04/23 07:44:56.000   3509414.2084    779144.9043   5250973.0295   1  15   0.0103   0.0059   0.0102   0.0008   0.0031   0.0052   0.00    3.6
2026/04/23 07:44:56.100   3509414.1866    779144.9640   5250973.0260   1  15   0.0103   0.0059   0.0102   0.0009   0.0031   0.0052   0.10    3.6
2026/04/23 07:44:56.200   3509414.1774    779145.0272   5250973.0201   1  15   0.0103   0.0059   0.0101   0.0009   0.0031   0.0052   0.20    3.6
2026/04/23 07:44:56.300   3509414.1694    779145.0967   5250973.0105   1  15   0.0103   0.0059   0.0101   0.0009   0.0031   0.0051   0.30    3.6
2026/04/23 07:44:56.400   3509414.1549    779145.1600   5250972.9970   1  15   0.0103   0.0059   0.0101   0.0009   0.0031   0.0051   0.40    3.6
2026/04/23 07:44:56.500   3509414.1542    779145.2193   5250972.9863   1  15   0.0102   0.0059   0.0101   0.0009   0.0031   0.0051  -0.50    3.6
2026/04/23 07:44:56.600   3509414.1563    779145.2774   5250972.9688   1  15   0.0102   0.0059   0.0101   0.0009   0.0031   0.0051  -0.40    3.6
2026/04/23 07:44:56.700   3509414.1640    779145.3432   5250972.9509   1  15   0.0102   0.0059   0.0101   0.0009   0.0031   0.0050  -0.30    3.6
2026/04/23 07:44:56.800   3509414.1688    779145.4006   5250972.9263   1  15   0.0102   0.0059   0.0101   0.0010   0.0031   0.0050  -0.20    3.6
2026/04/23 07:44:56.900   3509414.1813    779145.4572   5250972.9063   1  15   0.0102   0.0059   0.0101   0.0010   0.0031   0.0050  -0.10    3.6
2026/04/23 07:44:57.000   3509414.1952    779145.5156   5250972.8855   1  15   0.0102   0.0059   0.0101   0.0010   0.0031   0.0050   0.00    3.7
2026/04/23 07:44:57.100   3509414.2152    779145.5730   5250972.8549   1  15   0.0102   0.0059   0.0100   0.0010   0.0031   0.0050   0.10    3.7
2026/04/23 07:44:57.200   3509414.2395    779145.6276   5250972.8289   1  15   0.0101   0.0059   0.0100   0.0010   0.0031   0.0049   0.20    3.7
2026/04/23 07:44:57.300   3509414.2787    779145.6746   5250972.7959   1  15   0.0101   0.0059   0.0100   0.0010   0.0031   0.0049   0.30    3.7
2026/04/23 07:44:57.400   3509414.3326    779145.7136   5250972.7485   1  15   0.0101   0.0059   0.0100   0.0010   0.0031   0.0049   0.40    3.7
2026/04/23 07:44:57.500   3509414.3848    779145.7470   5250972.7108   1  15   0.0101   0.0059   0.0100   0.0010   0.0031   0.0049  -0.50    3.7
2026/04/23 07:44:57.600   3509414.4450    779145.7795   5250972.6713   1  15   0.0101   0.0059   0.0100   0.0011   0.0031   0.0049  -0.40    3.7
2026/04/23 07:44:57.700   3509414.5026    779145.8090   5250972.6295   1  15   0.0101   0.0059   0.0100   0.0011   0.0031   0.0049  -0.30    3.7
2026/04/23 07:44:57.800   3509414.5484    779145.8454   5250972.5960   1  15   0.0101   0.0059   0.0100   0.0011   0.0031   0.0049  -0.20    3.7
2026/04/23 07:44:57.900   3509414.5952    779145.8810   5250972.5665   1  15   0.0101   0.0059   0.0100   0.0011   0.0031   0.0049  -0.10    3.7
2026/04/23 07:44:58.000   3509414.6310    779145.9206   5250972.5415   1  15   0.0101   0.0059   0.0100   0.0011   0.0031   0.0048   0.00    3.7
2026/04/23 07:44:58.100   3509414.6662    779145.9652   5250972.5209   1  15   0.0101   0.0059   0.0100   0.0011   0.0031   0.0048   0.10    3.7
2026/04/23 07:44:58.200   3509414.7011    779146.0173   5250972.4925   1  15   0.0101   0.0059   0.0100   0.0011   0.0031   0.0048   0.20    3.7
2026/04/23 07:44:58.300   3509414.7294    779146.0733   5250972.4669   1  15   0.0101   0.0059   0.0100   0.0011   0.0031   0.0048   0.30    3.7
2026/04/23 07:44:58.400   3509414.7545    779146.1308   5250972.4443   1  15   0.0101   0.0059   0.0100   0.0011   0.0032   0.0048   0.40    3.7
2026/04/23 07:44:58.500   3509414.7737    779146.1874   5250972.4231   1  15   0.0101   0.0059   0.0100   0.0011   0.0032   0.0048  -0.50    3.7
2026/04/23 07:44:58.600   3509414.7891    779146.2520   5250972.4046   1  15   0.0101   0.0059   0.0100   0.0011   0.0032   0.0048  -0.40    3.7
2026/04/23 07:44:58.700   3509414.8033    779146.3133   5250972.3870   1  15   0.0101   0.0059   0.0100   0.0012   0.0032   0.0048  -0.30    3.7
2026/04/23 07:44:58.800   3509414.8140    779146.3726   5250972.3773   1  15   0.0100   0.0059   0.0100   0.0012   0.0032   0.0048  -0.20    3.7
2026/04/23 07:44:58.900   3509414.8135    779146.4372   5250972.3741   1  15   0.0100   0.0059   0.0100   0.0012   0.0032   0.0048  -0.10    3.7
2026/04/23 07:44:59.000   3509414.8134    779146.5104   5250972.3659   1  15   0.0100   0.0059   0.0100   0.0012   0.0032   0.0048   0.00    3.7
2026/04/23 07:44:59.100   3509414.8120    779146.5835   5250972.3573   1  15   0.0100   0.0059   0.0100   0.0012   0.0032   0.0048   0.10    3.7
2026/04/23 07:44:59.200   3509414.8087    779146.6496   5250972.3511   1  15   0.0100   0.0059   0.0100   0.0012   0.0032   0.0048   0.20    3.7
2026/04/23 07:44:59.300   3509414.8010    779146.7172   5250972.3500   1  15   0.0100   0.0059   0.0100   0.0012   0.0032   0.0048   0.30    3.7
2026/04/23 07:44:59.400   3509414.7809    779146.7802   5250972.3547   1  15   0.0100   0.0059   0.0100   0.0012   0.0032   0.0048   0.40    3.7
2026/04/23 07:44:59.500   3509414.7488    779146.8442   5250972.3649   1  15   0.0100   0.0059   0.0100   0.0012   0.0032   0.0048  -0.50    3.7
2026/04/23 07:44:59.600   3509414.7146    779146.9043   5250972.3796   1  15   0.0100   0.0059   0.0100   0.0012   0.0032   0.0048  -0.40    3.7
2026/04/23 07:44:59.700   3509414.6739    779146.9612   5250972.3975   1  15   0.0100   0.0059   0.0100   0.0012   0.0032   0.0048  -0.30    3.7
2026/04/23 07:44:59.800   3509414.6211    779147.0131   5250972.4215   1  15   0.0100   0.0059   0.0100   0.0012   0.0032   0.0048  -0.20    3.7
2026/04/23 07:44:59.900   3509414.5796    779147.0611   5250972.4444   1  15   0.0100   0.0059   0.0100   0.0012   0.0032   0.0048  -0.10    3.7
2026/04/23 07:45:00.000   3509414.5351    779147.1050   5250972.4661   1  15   0.0100   0.0059   0.0100   0.0012   0.0032   0.0048   0.00    3.7
2026/04/23 07:45:00.100   3509414.4965    779147.1545   5250972.4839   1  15   0.0100   0.0059   0.0100   0.0012   0.0032   0.0048   0.10    3.7
2026/04/23 07:45:00.200   3509414.4633    779147.2111   5250972.4951   1  15   0.0100   0.0059   0.0100   0.0012   0.0032   0.0047   0.20    3.7
2026/04/23 07:45:00.300   3509414.4338    779147.2653   5250972.5041   1  15   0.0100   0.0059   0.0100   0.0012   0.0032   0.0047   0.30    3.7
2026/04/23 07:45:00.400   3509414.4113    779147.3230   5250972.5096   1  15   0.0100   0.0059   0.0100   0.0012   0.0032   0.0047   0.40    3.7
2026/04/23 07:45:00.500   3509414.3987    779147.3848   5250972.5029   1  15   0.0100   0.0059   0.0100   0.0012   0.0032   0.0047  -0.50    3.7
2026/04/23 07:45:00.600   3509414.3844    779147.4542   5250972.4973   1  15   0.0100   0.0059   0.0100   0.0012   0.0032   0.0047  -0.40    3.7
2026/04/23 07:45:00.700   3509414.3794    779147.5202   5250972.4862   1  15   0.0100   0.0059   0.0100   0.0012   0.0032   0.0047  -0.30    3.7
2026/04/23 07:45:00.800   3509414.3771    779147.5777   5250972.4726   1  15   0.0100   0.0059   0.0100   0.0013   0.0032   0.0047  -0.20    3.7
2026/04/23 07:45:00.900   3509414.3733    779147.6410   5250972.4601   1  15   0.0100   0.0059   0.0100   0.0013   0.0032   0.0047  -0.10    3.7
2026/04/23 07:45:01.000   3509414.3747    779147.7109   5250972.4412   1  15   0.0100   0.0059   0.0100   0.0013   0.0032   0.0047   0.00    3.7
2026/04/23 07:45:01.100   3509414.3861    779147.7764   5250972.4229   1  15   0.0103   0.0061   0.0100   0.0022   0.0034   0.0050   0.10    3.5
2026/04/23 07:45:01.200   3509414.3905    779147.8326   5250972.4104   1  15   0.0104   0.0062   0.0101   0.0027   0.0035   0.0051   0.20    3.5
2026/04/23 07:45:01.300   3509414.4088    779147.8924   5250972.3831   1  15   0.0105   0.0062   0.0101   0.0029   0.0036   0.0053   0.30    3.5
2026/04/23 07:45:01.400   3509414.4249    779147.9429   5250972.3583   1  15   0.0106   0.0062   0.0102   0.0029   0.0037   0.0054   0.40    3.5
2026/04/23 07:45:01.500   3509414.4504    779147.9979   5250972.3312   1  15   0.0106   0.0062   0.0102   0.0029   0.0038   0.0055  -0.50    3.5
2026/04/23 07:45:01.600   3509414.4813    779148.0528   5250972.2982   1  15   0.0106   0.0062   0.0103   0.0029   0.0038   0.0056  -0.40    3.5
2026/04/23 07:45:01.700   3509414.5147    779148.1027   5250972.2651   1  15   0.0106   0.0062   0.0103   0.0028   0.0038   0.0056  -0.30    3.5
2026/04/23 07:45:01.800   3509414.5581    779148.1409   5250972.2267   1  15   0.0106   0.0061   0.0103   0.0027   0.0038   0.0056  -0.20    3.5
2026/04/23 07:45:01.900   3509414.6160    779148.1716   5250972.1850   1  15   0.0106   0.0061   0.0103   0.0026   0.0038   0.0056  -0.10    3.5
2026/04/23 07:45:02.000   3509414.6745    779148.1907   5250972.1468   1  15   0.0106   0.0061   0.0103   0.0025   0.0037   0.0056   0.00    3.5
2026/04/23 07:45:02.100   3509414.7300    779148.2099   5250972.1074   1  15   0.0105   0.0060   0.0103   0.0024   0.0037   0.0056   0.10    3.5
2026/04/23 07:45:02.200   3509414.7823    779148.2370   5250972.0687   1  15   0.0105   0.0060   0.0103   0.0024   0.0037   0.0056   0.20    3.5
2026/04/23 07:45:02.300   3509414.8281    779148.2659   5250972.0373   1  15   0.0105   0.0060   0.0103   0.0023   0.0037   0.0055   0.30    3.5
2026/04/23 07:45:02.400   3509414.8708    779148.3004   5250972.0092   1  15   0.0104   0.0060   0.0103   0.0023   0.0036   0.0055   0.40    3.5
2026/04/23 07:45:02.500   3509414.9115    779148.3447   5250971.9776   1  15   0.0104   0.0060   0.0103   0.0022   0.0036   0.0055  -0.50    3.5
2026/04/23 07:45:02.600   3509414.9466    779148.3907   5250971.9537   1  15   0.0104   0.0060   0.0103   0.0022   0.0036   0.0054  -0.40    3.5
2026/04/23 07:45:02.700   3509414.9814    779148.4459   5250971.9339   1  15   0.0104   0.0060   0.0103   0.0021   0.0036   0.0054  -0.30    3.5
2026/04/23 07:45:02.800   3509415.0092    779148.5104   5250971.9095   1  15   0.0103   0.0060   0.0103   0.0021   0.0035   0.0054  -0.20    3.5
2026/04/23 07:45:02.900   3509415.0346    779148.5795   5250971.8860   1  15   0.0103   0.0060   0.0102   0.0021   0.0035   0.0053  -0.10    3.5
2026/04/23 07:45:03.000   3509415.0564    779148.6465   5250971.8658   1  15   0.0103   0.0060   0.0102   0.0021   0.0035   0.0053   0.00    3.5
2026/04/23 07:45:03.100   3509415.0739    779148.7123   5250971.8489   1  15   0.0103   0.0060   0.0102   0.0020   0.0035   0.0052   0.10    3.5
2026/04/23 07:45:03.200   3509415.0869    779148.7822   5250971.8370   1  15   0.0103   0.0060   0.0102   0.0020   0.0035   0.0052   0.20    3.5
2026/04/23 07:45:03.300   3509415.0932    779148.8526   5250971.8329   1  15   0.0102   0.0060   0.0102   0.0020   0.0035   0.0052   0.30    3.5
2026/04/23 07:45:03.400   3509415.0996    779148.9154   5250971.8245   1  15   0.0102   0.0060   0.0101   0.0019   0.0034   0.0051   0.40    3.5
2026/04/23 07:45:03.500   3509415.0972    779148.9817   5250971.8209   1  15   0.0102   0.0060   0.0101   0.0019   0.0034   0.0051  -0.50    3.5
2026/04/23 07:45:03.600   3509415.1001    779149.0536   5250971.8123   1  15   0.0102   0.0060   0.0101   0.0019   0.0034   0.0051  -0.40    3.5
2026/04/23 07:45:03.700   3509415.0988    779149.1250   5250971.8090   1  15   0.0102   0.0060   0.0101   0.0019   0.0034   0.0051  -0.30    3.5
2026/04/23 07:45:03.800   3509415.0939    779149.1871   5250971.8099   1  15   0.0102   0.0059   0.0101   0.0018   0.0034   0.0050  -0.20    3.5
2026/04/23 07:45:03.900   3509415.0785    779149.2438   5250971.8128   1  15   0.0102   0.0059   0.0101   0.0018   0.0034   0.0050  -0.10    3.5
2026/04/23 07:45:04.000   3509415.0465    779149.3025   5250971.8233   1  15   0.0101   0.0059   0.0101   0.0018   0.0034   0.0050   0.00    3.5
2026/04/23 07:45:04.100   3509415.0021    779149.3570   5250971.8399   1  15   0.0101   0.0059   0.0101   0.0018   0.0034   0.0050   0.10    3.5
2026/04/23 07:45:04.200   3509414.9507    779149.4026   5250971.8660   1  15   0.0101   0.0059   0.0101   0.0018   0.0033   0.0050   0.20    3.5
2026/04/23 07:45:04.300   3509414.9017    779149.4427   5250971.8925   1  15   0.0101   0.0059   0.0101   0.0018   0.0033   0.0050   0.30    3.5
2026/04/23 07:45:04.400   3509414.8455    779149.4833   5250971.9195   1  15   0.0101   0.0059   0.0101   0.0017   0.0033   0.0049   0.40    3.5
2026/04/23 07:45:04.500   3509414.7943    779149.5204   5250971.9444   1  15   0.0101   0.0059   0.0101   0.0017   0.0033   0.0049  -0.50    3.5
2026/04/23 07:45:04.600   3509414.7475    779149.5551   5250971.9673   1  15   0.0101   0.0059   0.0101   0.0017   0.0033   0.0049  -0.40    3.5
2026/04/23 07:45:04.700   3509414.7042    779149.6056   5250971.9821   1  15   0.0101   0.0059   0.0100   0.0017   0.0033   0.0049  -0.30    3.5
2026/04/23 07:45:04.800   3509414.6652    779149.6688   5250971.9959   1  15   0.0101   0.0059   0.0100   0.0017   0.0033   0.0049  -0.20    3.5
2026/04/23 07:45:04.900   3509414.6303    779149.7299   5250972.0056   1  15   0.0101   0.0059   0.0100   0.0017   0.0033   0.0049  -0.10    3.5
2026/04/23 07:45:05.000   3509414.6041    779149.7889   5250972.0136   1  15   0.0101   0.0059   0.0100   0.0017   0.0033   0.0049   0.00    3.5
2026/04/23 07:45:05.100   3509414.5868    779149.8487   5250972.0106   1  15   0.0101   0.0059   0.0100   0.0017   0.0033   0.0049   0.10    3.5
2026/04/23 07:45:05.200   3509414.5656    779149.9156   5250972.0069   1  15   0.0101   0.0059   0.0100   0.0017   0.0033   0.0049   0.20    3.5
2026/04/23 07:45:05.300   3509414.5520    779149.9791   5250971.9953   1  15   0.0101   0.0059   0.0100   0.0017   0.0033   0.0049   0.30    3.5
2026/04/23 07:45:05.400   3509414.5494    779150.0490   5250971.9799   1  15   0.0101   0.0059   0.0100   0.0017   0.0033   0.0049   0.40    3.5
2026/04/23 07:45:05.500   3509414.5401    779150.1174   5250971.9684   1  15   0.0101   0.0059   0.0100   0.0016   0.0033   0.0049  -0.50    3.5
2026/04/23 07:45:05.600   3509414.5324    779150.1889   5250971.9468   1  15   0.0101   0.0059   0.0100   0.0016   0.0033   0.0049  -0.40    3.5
2026/04/23 07:45:05.700   3509414.5378    779150.2552   5250971.9254   1  15   0.0101   0.0059   0.0100   0.0016   0.0033   0.0049  -0.30    3.5
2026/04/23 07:45:05.800   3509414.5506    779150.3185   5250971.9038   1  15   0.0101   0.0059   0.0100   0.0016   0.0033   0.0049  -0.20    3.5
2026/04/23 07:45:05.900   3509414.5748    779150.3816   5250971.8759   1  15   0.0101   0.0059   0.0100   0.0016   0.0033   0.0049  -0.10    3.5
2026/04/23 07:45:06.000   3509414.6110    779150.4414   5250971.8443   1  15   0.0100   0.0059   0.0100   0.0016   0.0033   0.0049   0.00    3.5
2026/04/23 07:45:06.100   3509414.7693    779150.4446   5250971.8566   2  15   0.0224   0.0106   0.0194  -0.0107  -0.0035   0.0143   0.10    2.8
2026/04/23 07:45:06.200   3509414.8132    779150.4849   5250971.8138   2  15   0.0225   0.0106   0.0195  -0.0107  -0.0035   0.0142   0.20    2.3
2026/04/23 07:45:06.300   3509414.8644    779150.5217   5250971.7776   2  15   0.0225   0.0106   0.0195  -0.0107  -0.0035   0.0142   0.30    1.1
2026/04/23 07:45:06.400   3509414.9098    779150.5519   5250971.7463   2  15   0.0225   0.0106   0.0195  -0.0107  -0.0034   0.0142   0.40    1.0
2026/04/23 07:45:06.500   3509414.9520    779150.5859   5250971.7129   2  15   0.0225   0.0106   0.0196  -0.0107  -0.0034   0.0142  -0.50    1.0
2026/04/23 07:45:06.600   3509414.9948    779150.6276   5250971.6786   2  15   0.0224   0.0106   0.0195  -0.0107  -0.0034   0.0142  -0.40    1.0
2026/04/23 07:45:06.700   3509415.0315    779150.6791   5250971.6503   2  15   0.0226   0.0106   0.0195  -0.0108  -0.0034   0.0143  -0.30    1.0
2026/04/23 07:45:06.800   3509415.0583    779150.7346   5250971.6307   2  15   0.0228   0.0107   0.0195  -0.0109  -0.0034   0.0144  -0.20    1.0
2026/04/23 07:45:06.900   3509415.0824    779150.7898   5250971.6140   2  15   0.0229   0.0107   0.0195  -0.0110  -0.0035   0.0144  -0.10    1.0
2026/04/23 07:45:07.000   3509415.0959    779150.8505   5250971.5951   2  15   0.0229   0.0106   0.0195  -0.0109  -0.0035   0.0145   0.00    1.0
2026/04/23 07:45:07.100   3509415.1097    779150.9145   5250971.5769   2  15   0.0229   0.0106   0.0194  -0.0109  -0.0035   0.0146   0.10    1.0
2026/04/23 07:45:07.200   3509415.1194    779150.9821   5250971.5592   2  15   0.0229   0.0106   0.0194  -0.0109  -0.0035   0.0146   0.20    1.1
2026/04/23 07:45:07.300   3509415.1241    779151.0440   5250971.5465   2  15   0.0228   0.0106   0.0194  -0.0109  -0.0035   0.0147   0.30    1.0
2026/04/23 07:45:07.400   3509415.1229    779151.1116   5250971.5390   2  15   0.0228   0.0106   0.0194  -0.0108  -0.0035   0.0147   0.40    1.1
2026/04/23 07:45:07.500   3509415.1180    779151.1814   5250971.5267   2  15   0.0228   0.0106   0.0195  -0.0108  -0.0035   0.0147  -0.50    1.0
2026/04/23 07:45:07.600   3509415.1031    779151.2454   5250971.5294   2  15   0.0227   0.0106   0.0195  -0.0108  -0.0035   0.0147  -0.40    1.0
2026/04/23 07:45:07.700   3509415.0718    779151.3068   5250971.5371   2  15   0.0227   0.0106   0.0195  -0.0108  -0.0035   0.0147  -0.30    1.0
2026/04/23 07:45:07.800   3509415.0430    779151.3695   5250971.5516   2  15   0.0228   0.0106   0.0194  -0.0108  -0.0034   0.0147  -0.20    1.2
2026/04/23 07:45:07.900   3509415.0094    779151.4276   5250971.5767   2  15   0.0229   0.0106   0.0194  -0.0109  -0.0034   0.0147  -0.10    1.0
2026/04/23 07:45:08.000   3509414.9675    779151.4797   5250971.6003   2  15   0.0229   0.0107   0.0194  -0.0109  -0.0034   0.0147   0.00    1.0
2026/04/23 07:45:08.100   3509414.9232    779151.5226   5250971.6257   2  15   0.0229   0.0106   0.0194  -0.0109  -0.0035   0.0147   0.10    1.0
2026/04/23 07:45:08.200   3509414.8823    779151.5674   5250971.6412   2  15   0.0229   0.0106   0.0194  -0.0109  -0.0035   0.0147   0.20    1.0
2026/04/23 07:45:08.300   3509414.8493    779151.6218   5250971.6504   2  15   0.0229   0.0106   0.0194  -0.0109  -0.0035   0.0147   0.30    1.0
2026/04/23 07:45:08.400   3509414.8211    779151.6774   5250971.6565   2  15   0.0228   0.0106   0.0194  -0.0108  -0.0035   0.0147   0.40    1.0
2026/04/23 07:45:08.500   3509414.8010    779151.7320   5250971.6593   2  15   0.0228   0.0106   0.0194  -0.0108  -0.0035   0.0147  -0.50    1.0
2026/04/23 07:45:08.600   3509414.7791    779151.7991   5250971.6626   2  15   0.0228   0.0106   0.0194  -0.0108  -0.0035   0.0147  -0.40    1.0
2026/04/23 07:45:08.700   3509414.7547    779151.8665   5250971.6637   2  15   0.0227   0.0106   0.0194  -0.0108  -0.0035   0.0147  -0.30    1.1
2026/04/23 07:45:08.800   3509414.7372    779151.9325   5250971.6583   2  15   0.0227   0.0106   0.0194  -0.0108  -0.0035   0.0147  -0.20    1.2
2026/04/23 07:45:08.900   3509414.7302    779151.9974   5250971.6490   2  15   0.0227   0.0106   0.0194  -0.0107  -0.0035   0.0147  -0.10    1.0
2026/04/23 07:45:09.000   3509414.7219    779152.0646   5250971.6394   2  15   0.0226   0.0106   0.0194  -0.0107  -0.0035   0.0147   0.00    1.1
2026/04/23 07:45:09.100   3509414.7204    779152.1343   5250971.6207   2  15   0.0227   0.0106   0.0194  -0.0108  -0.0035   0.0147   0.10    1.0
2026/04/23 07:45:09.200   3509414.7179    779152.1946   5250971.6016   2  15   0.0229   0.0106   0.0195  -0.0109  -0.0034   0.0145   0.20    1.0
2026/04/23 07:45:09.300   3509414.7244    779152.2502   5250971.5824   2  15   0.0231   0.0107   0.0196  -0.0109  -0.0034   0.0143   0.30    1.0
2026/04/23 07:45:09.400   3509414.7345    779152.3155   5250971.5602   2  15   0.0231   0.0106   0.0197  -0.0109  -0.0034   0.0143   0.40    1.0
2026/04/23 07:45:09.500   3509414.7603    779152.3806   5250971.5303   2  15   0.0231   0.0106   0.0197  -0.0109  -0.0035   0.0143  -0.50    1.0
2026/04/23 07:45:09.600   3509414.7901    779152.4314   5250971.4990   2  14   0.0231   0.0107   0.0197  -0.0110  -0.0034   0.0143  -0.40    1.0
2026/04/23 07:45:09.700   3509414.8359    779152.4676   5250971.4589   2  14   0.0231   0.0107   0.0197  -0.0110  -0.0034   0.0143  -0.30    1.0
2026/04/23 07:45:09.800   3509414.8934    779152.4970   5250971.4114   2  14   0.0231   0.0107   0.0197  -0.0110  -0.0034   0.0144  -0.20    1.1
2026/04/23 07:45:09.900   3509414.9515    779152.5261   5250971.3683   2  14   0.0231   0.0107   0.0196  -0.0110  -0.0034   0.0144  -0.10    1.3
2026/04/23 07:45:10.000   3509415.0154    779152.5549   5250971.3275   2  14   0.0231   0.0107   0.0196  -0.0110  -0.0034   0.0145   0.00    1.0
2026/04/23 07:45:10.100   3509415.0693    779152.5847   5250971.2892   2  14   0.0231   0.0107   0.0196  -0.0110  -0.0034   0.0145   0.10    1.0
2026/04/23 07:45:10.200   3509415.1133    779152.6254   5250971.2587   2  14   0.0231   0.0107   0.0196  -0.0110  -0.0034   0.0145   0.20    1.0
2026/04/23 07:45:10.300   3509415.1597    779152.6616   5250971.2313   2  14   0.0231   0.0107   0.0196  -0.0110  -0.0034   0.0146   0.30    1.1
2026/04/23 07:45:10.400   3509415.2025    779152.7076   5250971.2052   2  14   0.0230   0.0107   0.0195  -0.0110  -0.0034   0.0146   0.40    1.5
2026/04/23 07:45:10.500   3509415.2410    779152.7652   5250971.1773   2  14   0.0230   0.0107   0.0195  -0.0110  -0.0034   0.0146  -0.50    1.1
2026/04/23 07:45:10.600   3509415.2727    779152.8266   5250971.1483   2  14   0.0230   0.0107   0.0195  -0.0110  -0.0034   0.0146  -0.40    1.1
2026/04/23 07:45:10.700   3509415.3024    779152.8869   5250971.1228   2  14   0.0230   0.0107   0.0195  -0.0110  -0.0034   0.0146  -0.30    1.0
2026/04/23 07:45:10.800   3509415.3202    779152.9464   5250971.1115   2  14   0.0230   0.0107   0.0195  -0.0110  -0.0034   0.0146  -0.20    1.0
2026/04/23 07:45:10.900   3509415.3369    779153.0153   5250971.0945   2  14   0.0230   0.0107   0.0195  -0.0110  -0.0034   0.0146  -0.10    1.0
2026/04/23 07:45:11.000   3509415.3456    779153.0846   5250971.0791   2  14   0.0230   0.0107   0.0195  -0.0110  -0.0034   0.0146   0.00    1.3
2026/04/23 07:45:11.100   3509415.3579    779153.1533   5250971.0671   2  14   0.0230   0.0107   0.0195  -0.0110  -0.0034   0.0146   0.10    1.0
2026/04/23 07:45:11.200   3509415.3615    779153.2212   5250971.0561   2  14   0.0230   0.0107   0.0195  -0.0110  -0.0034   0.0146   0.20    1.0
2026/04/23 07:45:11.300   3509415.3708    779153.2886   5250971.0407   2  14   0.0230   0.0107   0.0195  -0.0110  -0.0034   0.0146   0.30    1.1
2026/04/23 07:45:11.400   3509415.3719    779153.3550   5250971.0276   2  14   0.0230   0.0107   0.0195  -0.0110  -0.0034   0.0146   0.40    1.6
2026/04/23 07:45:11.500   3509415.3706    779153.4101   5250971.0247   2  14   0.0230   0.0107   0.0195  -0.0110  -0.0034   0.0146  -0.50    1.0
2026/04/23 07:45:11.600   3509415.3626    779153.4698   5250971.0271   2  14   0.0230   0.0107   0.0195  -0.0110  -0.0034   0.0146  -0.40    1.0
2026/04/23 07:45:11.700   3509415.3516    779153.5358   5250971.0301   2  14   0.0230   0.0107   0.0194  -0.0110  -0.0034   0.0146  -0.30    1.0
2026/04/23 07:45:11.800   3509415.3386    779153.6027   5250971.0325   2  14   0.0230   0.0107   0.0194  -0.0110  -0.0034   0.0146  -0.20    1.1
2026/04/23 07:45:11.900   3509415.3133    779153.6692   5250971.0417   2  14   0.0230   0.0107   0.0194  -0.0110  -0.0034   0.0146  -0.10    2.0
2026/04/23 07:45:12.000   3509415.2701    779153.7270   5250971.0564   2  14   0.0230   0.0107   0.0194  -0.0110  -0.0034   0.0146   0.00    1.6
2026/04/23 07:45:12.100   3509415.2198    779153.7764   5250971.0814   2  14   0.0230   0.0107   0.0194  -0.0110  -0.0034   0.0146   0.10    2.5
2026/04/23 07:45:12.200   3509415.1692    779153.8195   5250971.1068   2  14   0.0230   0.0107   0.0194  -0.0110  -0.0034   0.0146   0.20    2.5
2026/04/23 07:45:12.300   3509415.1814    779153.8633   5250971.2662   1  14   0.0114   0.0060   0.0103  -0.0020   0.0031   0.0055   0.30    5.7
2026/04/23 07:45:12.400   3509415.1366    779153.9071   5250971.2905   1  14   0.0114   0.0060   0.0103  -0.0020   0.0031   0.0055   0.40    5.8
2026/04/23 07:45:12.500   3509415.0824    779153.9526   5250971.3140   1  14   0.0114   0.0060   0.0103  -0.0020   0.0031   0.0055  -0.50    5.9
2026/04/23 07:45:12.600   3509415.0345    779153.9974   5250971.3389   1  14   0.0114   0.0060   0.0103  -0.0020   0.0031   0.0055  -0.40    6.0
2026/04/23 07:45:12.700   3509414.9990    779154.0408   5250971.3557   1  14   0.0114   0.0060   0.0103  -0.0020   0.0031   0.0055  -0.30    6.2
2026/04/23 07:45:12.800   3509414.9624    779154.0917   5250971.3651   1  14   0.0114   0.0060   0.0103  -0.0020   0.0031   0.0055  -0.20    6.3
2026/04/23 07:45:12.900   3509414.9297    779154.1491   5250971.3753   1  14   0.0113   0.0060   0.0103  -0.0020   0.0031   0.0055  -0.10    6.3
2026/04/23 07:45:13.000   3509414.9049    779154.2115   5250971.3769   1  14   0.0113   0.0060   0.0102  -0.0020   0.0031   0.0055   0.00    6.3
2026/04/23 07:45:13.100   3509414.8835    779154.2740   5250971.3737   1  14   0.0113   0.0060   0.0102  -0.0020   0.0031   0.0055   0.10    6.3
2026/04/23 07:45:13.200   3509414.8568    779154.3414   5250971.3734   1  14   0.0113   0.0060   0.0102  -0.0020   0.0031   0.0055   0.20    6.3
2026/04/23 07:45:13.300   3509414.8386    779154.4092   5250971.3651   1  14   0.0113   0.0060   0.0102  -0.0020   0.0031   0.0055   0.30    6.3
2026/04/23 07:45:13.400   3509414.8241    779154.4712   5250971.3545   1  14   0.0114   0.0060   0.0103  -0.0020   0.0031   0.0055   0.40    6.3
2026/04/23 07:45:13.500   3509414.8208    779154.5327   5250971.3350   1  14   0.0114   0.0060   0.0103  -0.0020   0.0031   0.0055  -0.50    6.3
2026/04/23 07:45:13.600   3509414.8242    779154.6003   5250971.3152   1  14   0.0114   0.0060   0.0103  -0.0020   0.0031   0.0055  -0.40    6.3
2026/04/23 07:45:13.700   3509414.8354    779154.6642   5250971.2950   1  14   0.0114   0.0060   0.0103  -0.0020   0.0031   0.0055  -0.30    6.3
2026/04/23 07:45:13.800   3509414.8442    779154.7225   5250971.2742   1  14   0.0113   0.0060   0.0103  -0.0020   0.0031   0.0055  -0.20    6.3
2026/04/23 07:45:13.900   3509414.8602    779154.7771   5250971.2497   1  14   0.0113   0.0060   0.0103  -0.0020   0.0031   0.0055  -0.10    6.3
2026/04/23 07:45:14.000   3509414.8838    779154.8400   5250971.2153   1  14   0.0113   0.0060   0.0102  -0.0020   0.0031   0.0055   0.00    6.3
2026/04/23 07:45:14.100   3509414.9047    779154.9000   5250971.1885   1  13   0.0118   0.0062   0.0103  -0.0029   0.0029   0.0058   0.10    6.3
2026/04/23 07:45:14.200   3509414.9247    779154.9553   5250971.1627   1  14   0.0116   0.0061   0.0103  -0.0025   0.0030   0.0057   0.20    6.3
2026/04/23 07:45:14.300   3509414.9524    779155.0054   5250971.1385   1  14   0.0115   0.0061   0.0103  -0.0022   0.0031   0.0057   0.30    6.3
2026/04/23 07:45:14.400   3509414.9987    779155.0487   5250971.1013   1  15   0.0115   0.0060   0.0103  -0.0021   0.0031   0.0056   0.40    6.3
2026/04/23 07:45:14.500   3509415.0511    779155.0894   5250971.0629   1  14   0.0119   0.0062   0.0104  -0.0029   0.0029   0.0059  -0.50    6.3
2026/04/23 07:45:14.600   3509415.1088    779155.1124   5250971.0185   1  14   0.0122   0.0063   0.0104  -0.0034   0.0027   0.0062  -0.40    6.3
2026/04/23 07:45:14.700   3509415.1752    779155.1248   5250970.9762   1  14   0.0124   0.0063   0.0105  -0.0036   0.0025   0.0064  -0.30    6.3
2026/04/23 07:45:14.800   3509415.2245    779155.1406   5250970.9350   1  14   0.0125   0.0063   0.0105  -0.0037   0.0024   0.0066  -0.20    6.3
2026/04/23 07:45:14.900   3509415.2911    779155.1525   5250970.9034   1  14   0.0128   0.0065   0.0107  -0.0031   0.0027   0.0070  -0.10    6.1
2026/04/23 07:45:15.000   3509415.3449    779155.1644   5250970.8631   1  14   0.0130   0.0066   0.0108  -0.0026   0.0029   0.0073   0.00    6.1
2026/04/23 07:45:15.100   3509415.3942    779155.1835   5250970.8270   1  14   0.0131   0.0066   0.0109  -0.0022   0.0031   0.0076   0.10    6.1
2026/04/23 07:45:15.200   3509415.4415    779155.2205   5250970.7863   1  14   0.0131   0.0066   0.0110  -0.0020   0.0033   0.0078   0.20    6.1
2026/04/23 07:45:15.300   3509415.4901    779155.2594   5250970.7534   1  14   0.0131   0.0066   0.0111  -0.0019   0.0033   0.0079   0.30    6.1
2026/04/23 07:45:15.400   3509415.5053    779155.3114   5250970.7466   1  14   0.0133   0.0065   0.0115  -0.0020   0.0034   0.0076   0.40    5.4
2026/04/23 07:45:15.500   3509415.5412    779155.3688   5250970.7168   1  14   0.0133   0.0065   0.0117  -0.0022   0.0035   0.0074  -0.50    5.4
2026/04/23 07:45:15.600   3509415.5711    779155.4274   5250970.6922   1  14   0.0133   0.0065   0.0118  -0.0023   0.0035   0.0074  -0.40    5.4
2026/04/23 07:45:15.700   3509415.5960    779155.4832   5250970.6736   1  14   0.0132   0.0065   0.0118  -0.0024   0.0035   0.0073  -0.30    5.4
2026/04/23 07:45:15.800   3509415.6186    779155.5384   5250970.6564   1  14   0.0131   0.0064   0.0118  -0.0025   0.0035   0.0073  -0.20    5.4
2026/04/23 07:45:15.900   3509415.6440    779155.5972   5250970.6341   1  14   0.0129   0.0064   0.0118  -0.0025   0.0034   0.0073  -0.10    5.4
2026/04/23 07:45:16.000   3509415.6730    779155.6579   5250970.6098   1  14   0.0128   0.0064   0.0117  -0.0026   0.0034   0.0073   0.00    5.3
2026/04/23 07:45:16.100   3509415.6927    779155.7174   5250970.5935   1  14   0.0126   0.0064   0.0116  -0.0026   0.0033   0.0073   0.10    5.3
2026/04/23 07:45:16.200   3509415.7071    779155.7803   5250970.5818   1  14   0.0125   0.0064   0.0115  -0.0027   0.0033   0.0073   0.20    5.3
2026/04/23 07:45:16.300   3509415.7200    779155.8438   5250970.5707   1  14   0.0124   0.0064   0.0115  -0.0027   0.0033   0.0072   0.30    5.3
2026/04/23 07:45:16.400   3509415.7240    779155.9120   5250970.5583   1  14   0.0123   0.0064   0.0114  -0.0027   0.0032   0.0072   0.40    5.3
2026/04/23 07:45:16.500   3509415.7215    779155.9741   5250970.5479   1  14   0.0123   0.0064   0.0113  -0.0027   0.0032   0.0071  -0.50    5.3
2026/04/23 07:45:16.600   3509415.7195    779156.0365   5250970.5455   1  14   0.0122   0.0064   0.0112  -0.0028   0.0032   0.0070  -0.40    5.3
2026/04/23 07:45:16.700   3509415.7187    779156.1013   5250970.5371   1  14   0.0121   0.0064   0.0112  -0.0028   0.0031   0.0070  -0.30    5.3
2026/04/23 07:45:16.800   3509415.7065    779156.1683   5250970.5362   1  14   0.0120   0.0064   0.0111  -0.0028   0.0031   0.0069  -0.20    5.2
2026/04/23 07:45:16.900   3509415.6817    779156.2309   5250970.5371   1  14   0.0120   0.0064   0.0110  -0.0028   0.0031   0.0068  -0.10    5.2
2026/04/23 07:45:17.000   3509415.6513    779156.2864   5250970.5512   1  14   0.0124   0.0064   0.0110  -0.0031   0.0030   0.0069   0.00    5.2
2026/04/23 07:45:17.100   3509415.6115    779156.3416   5250970.5666   1  14   0.0127   0.0064   0.0110  -0.0032   0.0030   0.0069   0.10    5.2
2026/04/23 07:45:17.200   3509415.5823    779156.3900   5250970.5621   1  14   0.0129   0.0064   0.0108  -0.0033   0.0028   0.0071   0.20    3.5
2026/04/23 07:45:17.300   3509415.5363    779156.4356   5250970.5836   1  14   0.0130   0.0064   0.0108  -0.0034   0.0028   0.0072   0.30    3.6
2026/04/23 07:45:17.400   3509415.4938    779156.4833   5250970.6028   1  14   0.0130   0.0064   0.0108  -0.0034   0.0028   0.0073   0.40    3.7
2026/04/23 07:45:17.500   3509415.4494    779156.5299   5250970.6277   1  14   0.0130   0.0064   0.0109  -0.0034   0.0027   0.0074  -0.50    3.9
2026/04/23 07:45:17.600   3509415.4194    779156.5771   5250970.6396   1  14   0.0129   0.0064   0.0109  -0.0033   0.0027   0.0074  -0.40    4.0
2026/04/23 07:45:17.700   3509415.3931    779156.6324   5250970.6529   1  14   0.0128   0.0064   0.0109  -0.0033   0.0027   0.0074  -0.30    4.1
2026/04/23 07:45:17.800   3509415.3696    779156.6965   5250970.6561   1  14   0.0127   0.0064   0.0109  -0.0032   0.0027   0.0075  -0.20    4.2
2026/04/23 07:45:17.900   3509415.3455    779156.7703   5250970.6569   1  14   0.0126   0.0063   0.0110  -0.0031   0.0027   0.0074  -0.10    4.3
2026/04/23 07:45:18.000   3509415.3306    779156.8322   5250970.6552   1  14   0.0125   0.0063   0.0110  -0.0031   0.0027   0.0074   0.00    4.4
2026/04/23 07:45:18.100   3509415.3282    779156.8928   5250970.6468   1  14   0.0124   0.0063   0.0110  -0.0031   0.0028   0.0074   0.10    4.5
2026/04/23 07:45:18.200   3509415.3216    779156.9574   5250970.6326   1  14   0.0123   0.0063   0.0110  -0.0030   0.0028   0.0073   0.20    4.6
2026/04/23 07:45:18.300   3509415.3221    779157.0216   5250970.6235   1  14   0.0122   0.0063   0.0110  -0.0030   0.0028   0.0072   0.30    4.7
2026/04/23 07:45:18.400   3509415.3298    779157.0826   5250970.6040   1  14   0.0122   0.0063   0.0109  -0.0030   0.0028   0.0072   0.40    4.8
2026/04/23 07:45:18.500   3509415.3273    779157.1400   5250970.5846   1  14   0.0121   0.0063   0.0109  -0.0030   0.0028   0.0071  -0.50    4.9
2026/04/23 07:45:18.600   3509415.3332    779157.2141   5250970.5592   1  14   0.0120   0.0063   0.0109  -0.0030   0.0028   0.0070  -0.40    5.0
2026/04/23 07:45:18.700   3509415.3415    779157.2877   5250970.5340   1  14   0.0120   0.0063   0.0109  -0.0030   0.0028   0.0070  -0.30    5.0
2026/04/23 07:45:18.800   3509415.3550    779157.3484   5250970.5091   1  14   0.0119   0.0063   0.0108  -0.0030   0.0028   0.0069  -0.20    5.1
2026/04/23 07:45:18.900   3509415.3798    779157.3987   5250970.4809   1  14   0.0119   0.0063   0.0108  -0.0030   0.0028   0.0068  -0.10    5.2
2026/04/23 07:45:19.000   3509415.4098    779157.4540   5250970.4521   1  14   0.0118   0.0063   0.0108  -0.0030   0.0028   0.0068   0.00    5.3
2026/04/23 07:45:19.100   3509415.4247    779157.5133   5250970.4151   1  14   0.0115   0.0063   0.0106  -0.0032   0.0026   0.0064   0.10    3.0
2026/04/23 07:45:19.200   3509415.4531    779157.5668   5250970.3884   1  14   0.0115   0.0063   0.0106  -0.0032   0.0026   0.0064   0.20    3.1
2026/04/23 07:45:19.300   3509415.4936    779157.6126   5250970.3527   1  14   0.0115   0.0063   0.0106  -0.0032   0.0026   0.0063   0.30    3.1
2026/04/23 07:45:19.400   3509415.5369    779157.6579   5250970.3203   1  14   0.0114   0.0063   0.0106  -0.0032   0.0026   0.0063   0.40    3.1
2026/04/23 07:45:19.500   3509415.5800    779157.6999   5250970.2904   1  14   0.0114   0.0063   0.0105  -0.0032   0.0026   0.0062  -0.50    3.2
2026/04/23 07:45:19.600   3509415.6175    779157.7241   5250970.2615   1  14   0.0114   0.0063   0.0105  -0.0032   0.0026   0.0062  -0.40    3.2
2026/04/23 07:45:19.700   3509415.6671    779157.7485   5250970.2354   1  14   0.0114   0.0063   0.0105  -0.0032   0.0026   0.0062  -0.30    3.2
2026/04/23 07:45:19.800   3509415.7166    779157.7790   5250970.2044   1  14   0.0113   0.0063   0.0105  -0.0032   0.0026   0.0061  -0.20    3.3
2026/04/23 07:45:19.900   3509415.7638    779157.8056   5250970.1746   1  14   0.0113   0.0063   0.0105  -0.0032   0.0026   0.0061  -0.10    3.3
2026/04/23 07:45:20.000   3509415.8111    779157.8235   5250970.1344   1  14   0.0113   0.0063   0.0105  -0.0032   0.0026   0.0061   0.00    3.3
2026/04/23 07:45:20.100   3509415.8560    779157.8418   5250970.0994   1  14   0.0113   0.0063   0.0104  -0.0032   0.0026   0.0060   0.10    3.4
2026/04/23 07:45:20.200   3509415.9089    779157.8641   5250970.0613   1  14   0.0112   0.0063   0.0104  -0.0032   0.0026   0.0060   0.20    3.4
2026/04/23 07:45:20.300   3509415.9550    779157.8781   5250970.0256   1  14   0.0112   0.0063   0.0104  -0.0032   0.0026   0.0060   0.30    3.4
2026/04/23 07:45:20.400   3509416.0148    779157.8771   5250969.9884   1  14   0.0117   0.0063   0.0104  -0.0034   0.0026   0.0061   0.40    3.5
2026/04/23 07:45:20.500   3509416.0753    779157.8711   5250969.9494   1  14   0.0121   0.0064   0.0105  -0.0036   0.0026   0.0062  -0.50    3.5
2026/04/23 07:45:20.600   3509416.1328    779157.8683   5250969.9084   1  14   0.0124   0.0064   0.0105  -0.0037   0.0025   0.0064  -0.40    3.5
2026/04/23 07:45:20.700   3509416.1907    779157.8508   5250969.8759   1  14   0.0125   0.0063   0.0105  -0.0037   0.0025   0.0066  -0.30    3.5
2026/04/23 07:45:20.800   3509416.2473    779157.8234   5250969.8468   1  14   0.0126   0.0063   0.0106  -0.0037   0.0025   0.0067  -0.20    3.6
2026/04/23 07:45:20.900   3509416.2888    779157.7968   5250969.8148   1  14   0.0126   0.0063   0.0106  -0.0036   0.0024   0.0068  -0.10    3.6
2026/04/23 07:45:21.000   3509416.3302    779157.7739   5250969.7820   1  14   0.0125   0.0063   0.0106  -0.0036   0.0024   0.0069   0.00    3.6
2026/04/23 07:45:21.100   3509416.3885    779157.7471   5250969.7501   1  14   0.0124   0.0063   0.0107  -0.0035   0.0025   0.0070   0.10    3.7
2026/04/23 07:45:21.200   3509416.4384    779157.7130   5250969.7284   1  14   0.0124   0.0063   0.0107  -0.0035   0.0025   0.0070   0.20    3.7
2026/04/23 07:45:21.300   3509416.4870    779157.6813   5250969.6971   1  14   0.0123   0.0063   0.0108  -0.0034   0.0025   0.0070   0.30    3.7
2026/04/23 07:45:21.400   3509416.5278    779157.6386   5250969.6731   1  14   0.0122   0.0063   0.0108  -0.0034   0.0025   0.0070   0.40    3.7
2026/04/23 07:45:21.500   3509416.5626    779157.5944   5250969.6554   1  14   0.0121   0.0063   0.0108  -0.0033   0.0025   0.0070  -0.50    3.8
2026/04/23 07:45:21.600   3509416.5988    779157.5445   5250969.6407   1  14   0.0120   0.0063   0.0108  -0.0033   0.0026   0.0069  -0.40    3.8
2026/04/23 07:45:21.700   3509416.6278    779157.4887   5250969.6278   1  14   0.0120   0.0063   0.0108  -0.0033   0.0026   0.0069  -0.30    3.8
2026/04/23 07:45:21.800   3509416.6664    779157.4342   5250969.6141   1  14   0.0119   0.0063   0.0108  -0.0033   0.0026   0.0068  -0.20    3.9
2026/04/23 07:45:21.900   3509416.6949    779157.3847   5250969.6075   1  14   0.0118   0.0063   0.0108  -0.0032   0.0026   0.0068  -0.10    3.9
2026/04/23 07:45:22.000   3509416.7200    779157.3316   5250969.6055   1  14   0.0118   0.0063   0.0107  -0.0032   0.0026   0.0067   0.00    3.9
2026/04/23 07:45:22.100   3509416.7483    779157.2707   5250969.6031   1  14   0.0117   0.0063   0.0107  -0.0032   0.0026   0.0067   0.10    3.9
2026/04/23 07:45:22.200   3509416.7712    779157.2091   5250969.6012   1  14   0.0117   0.0063   0.0107  -0.0032   0.0026   0.0066   0.20    4.0
2026/04/23 07:45:22.300   3509416.7932    779157.1475   5250969.6028   1  14   0.0116   0.0063   0.0107  -0.0032   0.0026   0.0065   0.30    4.0
2026/04/23 07:45:22.400   3509416.8170    779157.0812   5250969.6052   1  14   0.0116   0.0063   0.0106  -0.0032   0.0026   0.0065   0.40    4.0
2026/04/23 07:45:22.500   3509416.8392    779157.0112   5250969.6061   1  14   0.0116   0.0063   0.0106  -0.0032   0.0026   0.0064  -0.50    4.0
2026/04/23 07:45:22.600   3509416.8570    779156.9469   5250969.6067   1  14   0.0115   0.0063   0.0106  -0.0032   0.0026   0.0064  -0.40    4.1
2026/04/23 07:45:22.700   3509416.8650    779156.8898   5250969.6170   1  14   0.0115   0.0063   0.0106  -0.0032   0.0026   0.0063  -0.30    4.1
2026/04/23 07:45:22.800   3509416.8728    779156.8359   5250969.6276   1  14   0.0114   0.0063   0.0105  -0.0032   0.0026   0.0063  -0.20    4.1
2026/04/23 07:45:22.900   3509416.8733    779156.7707   5250969.6469   1  14   0.0114   0.0063   0.0105  -0.0032   0.0026   0.0062  -0.10    4.1
2026/04/23 07:45:23.000   3509416.8623    779156.7088   5250969.6678   1  14   0.0114   0.0063   0.0105  -0.0032   0.0026   0.0062   0.00    4.2
2026/04/23 07:45:23.100   3509416.8487    779156.6539   5250969.6899   1  14   0.0113   0.0063   0.0105  -0.0032   0.0026   0.0062   0.10    4.2
2026/04/23 07:45:23.200   3509416.8294    779156.5978   5250969.7144   1  15   0.0113   0.0063   0.0105  -0.0032   0.0026   0.0061   0.20    4.2
2026/04/23 07:45:23.300   3509416.8062    779156.5362   5250969.7472   1  15   0.0113   0.0063   0.0105  -0.0032   0.0026   0.0061   0.30    4.2
2026/04/23 07:45:23.400   3509416.7816    779156.4800   5250969.7714   1  15   0.0113   0.0063   0.0105  -0.0032   0.0026   0.0061   0.40    4.3
2026/04/23 07:45:23.500   3509416.7478    779156.4350   5250969.8012   1  15   0.0113   0.0063   0.0105  -0.0031   0.0026   0.0060  -0.50    4.3
2026/04/23 07:45:23.600   3509416.7119    779156.3800   5250969.8293   1  15   0.0112   0.0063   0.0105  -0.0031   0.0027   0.0060  -0.40    4.3
2026/04/23 07:45:23.700   3509416.6709    779156.3246   5250969.8642   1  15   0.0111   0.0062   0.0104  -0.0030   0.0027   0.0060  -0.30    4.3
2026/04/23 07:45:23.800   3509416.6346    779156.2833   5250969.8947   1  15   0.0111   0.0062   0.0104  -0.0028   0.0027   0.0060  -0.20    4.3
2026/04/23 07:45:23.900   3509416.5903    779156.2442   5250969.9244   1  15   0.0110   0.0061   0.0104  -0.0027   0.0027   0.0059  -0.10    4.4
2026/04/23 07:45:24.000   3509416.5454    779156.2009   5250969.9598   1  15   0.0110   0.0061   0.0104  -0.0026   0.0027   0.0059   0.00    4.4
2026/04/23 07:45:24.100   3509416.4960    779156.1636   5250969.9971   1  15   0.0109   0.0061   0.0104  -0.0025   0.0028   0.0059   0.10    4.4
2026/04/23 07:45:24.200   3509416.4481    779156.1436   5250970.0311   1  15   0.0108   0.0061   0.0104  -0.0024   0.0028   0.0058   0.20    4.4
2026/04/23 07:45:24.300   3509416.3996    779156.1289   5250970.0647   1  15   0.0108   0.0061   0.0104  -0.0023   0.0028   0.0058   0.30    4.5
2026/04/23 07:45:24.400   3509416.3528    779156.1087   5250970.1009   1  15   0.0107   0.0061   0.0104  -0.0022   0.0028   0.0057   0.40    4.5
2026/04/23 07:45:24.500   3509416.2961    779156.0949   5250970.1406   1  15   0.0107   0.0061   0.0104  -0.0022   0.0029   0.0057  -0.50    4.5
2026/04/23 07:45:24.600   3509416.2478    779156.0886   5250970.1763   1  15   0.0107   0.0061   0.0104  -0.0021   0.0029   0.0056  -0.40    4.5
2026/04/23 07:45:24.700   3509416.1992    779156.0851   5250970.2150   1  15   0.0106   0.0060   0.0103  -0.0021   0.0029   0.0056  -0.30    4.5
2026/04/23 07:45:24.800   3509416.1491    779156.0859   5250970.2497   1  15   0.0106   0.0060   0.0103  -0.0021   0.0029   0.0056  -0.20    4.6
2026/04/23 07:45:24.900   3509416.0911    779156.0926   5250970.2839   1  15   0.0105   0.0060   0.0103  -0.0020   0.0029   0.0055  -0.10    4.6
2026/04/23 07:45:25.000   3509416.0390    779156.1017   5250970.3127   1  15   0.0105   0.0060   0.0103  -0.0020   0.0029   0.0055   0.00    4.6
2026/04/23 07:45:25.100   3509415.9851    779156.1164   5250970.3494   1  15   0.0105   0.0060   0.0102  -0.0020   0.0029   0.0054   0.10    4.6
2026/04/23 07:45:25.200   3509415.9268    779156.1347   5250970.3853   1  15   0.0105   0.0060   0.0102  -0.0020   0.0029   0.0054   0.20    4.6
2026/04/23 07:45:25.300   3509415.8704    779156.1561   5250970.4179   1  15   0.0104   0.0060   0.0102  -0.0020   0.0030   0.0053   0.30    4.7
2026/04/23 07:45:25.400   3509415.8140    779156.1831   5250970.4444   1  15   0.0104   0.0060   0.0102  -0.0020   0.0030   0.0053   0.40    4.7
2026/04/23 07:45:25.500   3509415.7677    779156.2158   5250970.4635   1  15   0.0109   0.0061   0.0102  -0.0022   0.0030   0.0053  -0.50    4.7
2026/04/23 07:45:25.600   3509415.7024    779156.2474   5250970.5000   1  15   0.0112   0.0061   0.0102  -0.0023   0.0029   0.0054  -0.40    4.7
2026/04/23 07:45:25.700   3509415.6497    779156.2764   5250970.5262   1  15   0.0114   0.0060   0.0102  -0.0023   0.0029   0.0055  -0.30    4.7
2026/04/23 07:45:25.800   3509415.5993    779156.3134   5250970.5459   1  15   0.0114   0.0060   0.0102  -0.0023   0.0029   0.0056  -0.20    4.8
2026/04/23 07:45:25.900   3509415.5629    779156.3610   5250970.5618   1  15   0.0115   0.0060   0.0102  -0.0022   0.0029   0.0057  -0.10    4.8
2026/04/23 07:45:26.000   3509415.5221    779156.4096   5250970.5744   1  15   0.0114   0.0060   0.0102  -0.0022   0.0029   0.0058   0.00    4.8
2026/04/23 07:45:26.100   3509415.4885    779156.4636   5250970.5820   1  15   0.0114   0.0060   0.0102  -0.0021   0.0030   0.0058   0.10    4.8
2026/04/23 07:45:26.200   3509415.4573    779156.5163   5250970.5959   1  14   0.0114   0.0060   0.0103  -0.0021   0.0030   0.0058   0.20    4.8
2026/04/23 07:45:26.300   3509415.4237    779156.5782   5250970.6042   1  15   0.0113   0.0060   0.0103  -0.0020   0.0030   0.0058   0.30    4.9
2026/04/23 07:45:26.400   3509415.3892    779156.6412   5250970.6177   1  15   0.0111   0.0060   0.0103  -0.0020   0.0030   0.0058   0.40    4.9
2026/04/23 07:45:26.500   3509415.3645    779156.7001   5250970.6238   1  15   0.0110   0.0060   0.0103  -0.0019   0.0030   0.0058  -0.50    4.9
2026/04/23 07:45:26.600   3509415.3378    779156.7509   5250970.6284   1  15   0.0110   0.0060   0.0103  -0.0019   0.0030   0.0058  -0.40    4.9
2026/04/23 07:45:26.700   3509415.3242    779156.7673   5250970.6279   1  15   0.0109   0.0060   0.0103  -0.0018   0.0030   0.0058  -0.30    4.9
2026/04/23 07:45:26.800   3509415.3326    779156.7587   5250970.6252   1  15   0.0108   0.0060   0.0103  -0.0018   0.0030   0.0057  -0.20    5.0
2026/04/23 07:45:26.900   3509415.3492    779156.7364   5250970.6221   1  15   0.0108   0.0060   0.0103  -0.0018   0.0030   0.0057  -0.10    5.0
2026/04/23 07:45:27.000   3509415.3590    779156.7162   5250970.6195   1  15   0.0107   0.0060   0.0103  -0.0018   0.0031   0.0056   0.00    5.0
2026/04/23 07:45:27.100   3509415.3735    779156.6943   5250970.6173   1  15   0.0107   0.0060   0.0103  -0.0018   0.0031   0.0056   0.10    5.0
2026/04/23 07:45:27.200   3509415.3734    779156.6653   5250970.6309   1  15   0.0106   0.0060   0.0102  -0.0018   0.0031   0.0055   0.20    5.0
2026/04/23 07:45:27.300   3509415.3624    779156.5743   5250970.6460   1  14   0.0109   0.0062   0.0103  -0.0025   0.0029   0.0057   0.30    5.1
2026/04/23 07:45:27.400   3509415.3458    779156.4624   5250970.6597   1  15   0.0108   0.0061   0.0102  -0.0022   0.0029   0.0056   0.40    5.1
2026/04/23 07:45:27.500   3509415.3383    779156.3747   5250970.6643   1  15   0.0107   0.0061   0.0102  -0.0020   0.0030   0.0055  -0.50    5.1
2026/04/23 07:45:27.600   3509415.3244    779156.3075   5250970.6812   1  15   0.0106   0.0060   0.0102  -0.0019   0.0030   0.0054  -0.40    5.1
2026/04/23 07:45:27.700   3509415.3264    779156.2485   5250970.7024   1  14   0.0108   0.0062   0.0102  -0.0026   0.0029   0.0056  -0.30    5.1
2026/04/23 07:45:27.800   3509415.3139    779156.1970   5250970.7303   1  14   0.0110   0.0062   0.0103  -0.0029   0.0027   0.0057  -0.20    5.1
2026/04/23 07:45:27.900   3509415.2886    779156.1279   5250970.7569   1  14   0.0111   0.0063   0.0103  -0.0031   0.0026   0.0058  -0.10    5.2
2026/04/23 07:45:28.000   3509415.2604    779156.0614   5250970.7929   1  14   0.0112   0.0063   0.0103  -0.0032   0.0026   0.0059   0.00    5.2
2026/04/23 07:45:28.100   3509415.2248    779155.9827   5250970.8332   1  14   0.0113   0.0063   0.0103  -0.0033   0.0025   0.0060   0.10    5.2
2026/04/23 07:45:28.200   3509415.1772    779155.8489   5250970.8860   1  14   0.0113   0.0063   0.0103  -0.0033   0.0025   0.0060   0.20    5.2
2026/04/23 07:45:28.300   3509415.1268    779155.7070   5250970.9404   1  14   0.0113   0.0063   0.0104  -0.0033   0.0025   0.0060   0.30    5.2
2026/04/23 07:45:28.400   3509415.0733    779155.5906   5250970.9961   1  14   0.0113   0.0063   0.0104  -0.0032   0.0025   0.0060   0.40    5.2
2026/04/23 07:45:28.500   3509415.0236    779155.5125   5250971.0442   1  14   0.0113   0.0063   0.0104  -0.0032   0.0026   0.0060  -0.50    5.3
2026/04/23 07:45:28.600   3509414.9877    779155.4727   5250971.0736   1  14   0.0113   0.0063   0.0104  -0.0032   0.0026   0.0060  -0.40    5.3
2026/04/23 07:45:28.700   3509414.9706    779155.4661   5250971.0872   1  14   0.0113   0.0063   0.0104  -0.0032   0.0026   0.0060  -0.30    5.3
2026/04/23 07:45:28.800   3509414.9644    779155.4841   5250971.0902   1  14   0.0113   0.0063   0.0104  -0.0032   0.0026   0.0060  -0.20    5.3
2026/04/23 07:45:28.900   3509414.9596    779155.5125   5250971.0849   1  14   0.0112   0.0063   0.0104  -0.0032   0.0026   0.0060  -0.10    5.3
2026/04/23 07:45:29.000   3509414.9271    779155.5077   5250971.1043   1  14   0.0112   0.0063   0.0104  -0.0032   0.0026   0.0060   0.00    5.4
2026/04/23 07:45:29.100   3509414.8693    779155.4262   5250971.1561   1  14   0.0112   0.0063   0.0104  -0.0032   0.0026   0.0060   0.10    5.4
2026/04/23 07:45:29.200   3509414.8235    779155.3181   5250971.2001   1  14   0.0112   0.0063   0.0104  -0.0032   0.0026   0.0060   0.20    5.4
2026/04/23 07:45:29.300   3509414.8044    779155.2465   5250971.2251   1  14   0.0112   0.0063   0.0104  -0.0032   0.0026   0.0060   0.30    5.4
2026/04/23 07:45:29.400   3509414.8176    779155.2104   5250971.2223   1  14   0.0112   0.0063   0.0104  -0.0032   0.0026   0.0059   0.40    5.4
2026/04/23 07:45:29.500   3509414.8340    779155.2002   5250971.2062   1  14   0.0112   0.0063   0.0104  -0.0032   0.0026   0.0059  -0.50    5.5
2026/04/23 07:45:29.600   3509414.8463    779155.2081   5250971.1978   1  14   0.0112   0.0063   0.0104  -0.0032   0.0026   0.0059  -0.40    5.5
2026/04/23 07:45:29.700   3509414.8493    779155.2225   5250971.1880   1  14   0.0112   0.0063   0.0104  -0.0032   0.0026   0.0059  -0.30    5.5
2026/04/23 07:45:29.800   3509414.8431    779155.2250   5250971.1926   1  14   0.0111   0.0063   0.0104  -0.0032   0.0026   0.0059  -0.20    5.5
2026/04/23 07:45:29.900   3509414.8358    779155.1951   5250971.2060   1  14   0.0111   0.0063   0.0104  -0.0032   0.0027   0.0059  -0.10    5.5
2026/04/23 07:45:30.000   3509414.8357    779155.1278   5250971.2230   1  14   0.0111   0.0063   0.0104  -0.0032   0.0027   0.0059   0.00    5.5
2026/04/23 07:45:30.100   3509414.8484    779155.0699   5250971.2331   1  14   0.0111   0.0063   0.0104  -0.0032   0.0027   0.0059   0.10    5.6
2026/04/23 07:45:30.200   3509414.8565    779155.0419   5250971.2332   1  14   0.0111   0.0063   0.0104  -0.0032   0.0027   0.0059   0.20    5.6
2026/04/23 07:45:30.300   3509414.8705    779155.0347   5250971.2286   1  14   0.0111   0.0063   0.0104  -0.0032   0.0027   0.0059   0.30    5.6
2026/04/23 07:45:30.400   3509414.8783    779155.0446   5250971.2280   1  14   0.0111   0.0063   0.0104  -0.0032   0.0027   0.0059   0.40    5.6
2026/04/23 07:45:30.500   3509414.8651    779155.0462   5250971.2446   1  14   0.0111   0.0063   0.0104  -0.0032   0.0027   0.0059  -0.50    5.6
2026/04/23 07:45:30.600   3509414.8237    779154.9911   5250971.2793   1  14   0.0111   0.0063   0.0104  -0.0032   0.0027   0.0059  -0.40    5.7
2026/04/23 07:45:30.700   3509414.7955    779154.8700   5250971.3128   1  14   0.0111   0.0063   0.0104  -0.0032   0.0027   0.0059  -0.30    5.7
2026/04/23 07:45:30.800   3509414.7966    779154.7825   5250971.3280   1  14   0.0111   0.0063   0.0104  -0.0032   0.0027   0.0059  -0.20    5.7
2026/04/23 07:45:30.900   3509414.8299    779154.7410   5250971.3160   1  14   0.0111   0.0063   0.0104  -0.0032   0.0027   0.0059  -0.10    5.7
2026/04/23 07:45:31.000   3509414.8598    779154.7206   5250971.3021   1  14   0.0111   0.0063   0.0104  -0.0032   0.0027   0.0059   0.00    5.7
2026/04/23 07:45:31.100   3509414.8676    779154.7215   5250971.2982   1  14   0.0111   0.0063   0.0104  -0.0032   0.0027   0.0059   0.10    5.8
2026/04/23 07:45:31.200   3509414.8675    779154.7323   5250971.3024   1  14   0.0111   0.0063   0.0104  -0.0032   0.0027   0.0059   0.20    5.8
2026/04/23 07:45:31.300   3509414.8405    779154.7053   5250971.3216   1  14   0.0111   0.0063   0.0104  -0.0032   0.0027   0.0059   0.30    5.8
2026/04/23 07:45:31.400   3509414.8240    779154.5984   5250971.3453   1  14   0.0111   0.0063   0.0104  -0.0032   0.0027   0.0059   0.40    5.8
2026/04/23 07:45:31.500   3509414.8373    779154.4663   5250971.3489   1  14   0.0111   0.0063   0.0104  -0.0032   0.0027   0.0059  -0.50    5.8
2026/04/23 07:45:31.600   3509414.8639    779154.3755   5250971.3414   1  14   0.0111   0.0063   0.0104  -0.0032   0.0027   0.0059  -0.40    5.8
2026/04/23 07:45:31.700   3509414.9027    779154.3123   5250971.3238   1  14   0.0111   0.0063   0.0104  -0.0032   0.0027   0.0059  -0.30    5.8
2026/04/23 07:45:31.800   3509414.9281    779154.2810   5250971.3061   1  14   0.0111   0.0063   0.0104  -0.0032   0.0027   0.0059  -0.20    5.8
2026/04/23 07:45:31.900   3509414.9388    779154.2779   5250971.3008   1  14   0.0111   0.0063   0.0104  -0.0032   0.0027   0.0059  -0.10    5.8
2026/04/23 07:45:32.000   3509414.9345    779154.2913   5250971.3010   1  14   0.0111   0.0063   0.0104  -0.0031   0.0027   0.0059   0.00    5.8
2026/04/23 07:45:32.100   3509414.7363    779154.2907   5250971.1187   1  14   0.0110   0.0063   0.0103  -0.0031   0.0027   0.0057   0.10    3.0
2026/04/23 07:45:32.200   3509414.7552    779154.1910   5250971.1268   1  14   0.0110   0.0063   0.0103  -0.0031   0.0027   0.0057   0.20    3.0
2026/04/23 07:45:32.300   3509414.7812    779154.0903   5250971.1295   1  14   0.0110   0.0063   0.0103  -0.0031   0.0027   0.0057   0.30    3.0
2026/04/23 07:45:32.400   3509414.8122    779154.0101   5250971.1245   1  14   0.0110   0.0063   0.0103  -0.0031   0.0027   0.0057   0.40    3.0
2026/04/23 07:45:32.500   3509414.8317    779153.9531   5250971.1227   1  14   0.0110   0.0063   0.0103  -0.0031   0.0027   0.0057  -0.50    3.0
2026/04/23 07:45:32.600   3509414.8407    779153.9223   5250971.1283   1  14   0.0110   0.0063   0.0103  -0.0031   0.0027   0.0057  -0.40    3.0
2026/04/23 07:45:32.700   3509414.8365    779153.9249   5250971.1347   1  14   0.0110   0.0063   0.0103  -0.0031   0.0027   0.0057  -0.30    3.0
2026/04/23 07:45:32.800   3509414.8386    779153.9155   5250971.1416   1  14   0.0110   0.0063   0.0103  -0.0031   0.0027   0.0057  -0.20    3.0
2026/04/23 07:45:32.900   3509414.8416    779153.8625   5250971.1461   1  14   0.0110   0.0063   0.0103  -0.0031   0.0027   0.0057  -0.10    3.0
2026/04/23 07:45:33.000   3509414.8514    779153.7988   5250971.1482   1  14   0.0110   0.0063   0.0103  -0.0031   0.0027   0.0057   0.00    3.0
2026/04/23 07:45:33.100   3509414.8647    779153.7557   5250971.1473   1  14   0.0110   0.0063   0.0103  -0.0031   0.0027   0.0057   0.10    3.0
2026/04/23 07:45:33.200   3509414.8690    779153.7393   5250971.1471   1  14   0.0110   0.0063   0.0103  -0.0031   0.0027   0.0057   0.20    3.1
2026/04/23 07:45:33.300   3509414.8687    779153.7465   5250971.1513   1  14   0.0110   0.0063   0.0103  -0.0031   0.0027   0.0057   0.30    3.1
2026/04/23 07:45:33.400   3509414.8478    779153.7159   5250971.1702   1  14   0.0110   0.0063   0.0103  -0.0031   0.0027   0.0057   0.40    3.1
2026/04/23 07:45:33.500   3509414.8319    779153.6184   5250971.1894   1  14   0.0110   0.0063   0.0103  -0.0031   0.0027   0.0057  -0.50    3.1
2026/04/23 07:45:33.600   3509414.8405    779153.4985   5250971.1955   1  14   0.0110   0.0063   0.0103  -0.0031   0.0027   0.0057  -0.40    3.1
2026/04/23 07:45:33.700   3509414.8436    779153.4111   5250971.1959   1  14   0.0110   0.0063   0.0103  -0.0031   0.0027   0.0057  -0.30    3.1
2026/04/23 07:45:33.800   3509414.8554    779153.3509   5250971.1954   1  14   0.0110   0.0063   0.0103  -0.0031   0.0027   0.0057  -0.20    3.1
2026/04/23 07:45:33.900   3509414.8612    779153.3239   5250971.1917   1  14   0.0110   0.0063   0.0103  -0.0031   0.0027   0.0057  -0.10    3.1
2026/04/23 07:45:34.000   3509414.8581    779153.3119   5250971.1993   1  14   0.0110   0.0063   0.0103  -0.0031   0.0027   0.0057   0.00    3.1
2026/04/23 07:45:34.100   3509414.8477    779153.2512   5250971.2196   1  14   0.0110   0.0063   0.0103  -0.0031   0.0027   0.0057   0.10    3.1
2026/04/23 07:45:34.200   3509414.8467    779153.1202   5250971.2442   1  14   0.0110   0.0063   0.0103  -0.0031   0.0027   0.0057   0.20    3.1
2026/04/23 07:45:34.300   3509414.8531    779153.0375   5250971.2618   1  14   0.0110   0.0063   0.0103  -0.0031   0.0027   0.0057   0.30    3.1
2026/04/23 07:45:34.400   3509414.8679    779152.9754   5250971.2730   1  14   0.0110   0.0063   0.0103  -0.0031   0.0027   0.0057   0.40    3.1
2026/04/23 07:45:34.500   3509414.8768    779152.9428   5250971.2817   1  14   0.0110   0.0063   0.0103  -0.0031   0.0027   0.0057  -0.50    3.1
2026/04/23 07:45:34.600   3509414.8809    779152.9413   5250971.2837   1  14   0.0110   0.0063   0.0103  -0.0031   0.0027   0.0057  -0.40    3.1
2026/04/23 07:45:34.700   3509414.8759    779152.9639   5250971.2826   1  14   0.0110   0.0063   0.0103  -0.0031   0.0027   0.0057  -0.30    3.1
2026/04/23 07:45:34.800   3509414.8633    779152.9850   5250971.2916   1  14   0.0116   0.0063   0.0103  -0.0034   0.0027   0.0059  -0.20    3.1
2026/04/23 07:45:34.900   3509414.8345    779152.9458   5250971.3154   1  14   0.0120   0.0063   0.0104  -0.0035   0.0026   0.0061  -0.10    3.1
2026/04/23 07:45:35.000   3509414.8273    779152.8367   5250971.3304   1  14   0.0123   0.0063   0.0104  -0.0036   0.0026   0.0063   0.00    3.1
2026/04/23 07:45:35.100   3509414.8274    779152.7711   5250971.3375   1  14   0.0125   0.0063   0.0104  -0.0036   0.0025   0.0065   0.10    3.1
2026/04/23 07:45:35.200   3509414.8413    779152.7405   5250971.3336   1  14   0.0125   0.0063   0.0105  -0.0036   0.0025   0.0066   0.20    3.1
2026/04/23 07:45:35.300   3509414.8562    779152.7302   5250971.3251   1  14   0.0125   0.0063   0.0105  -0.0036   0.0025   0.0068   0.30    3.1
2026/04/23 07:45:35.400   3509414.8460    779152.7327   5250971.3297   1  14   0.0125   0.0063   0.0106  -0.0035   0.0025   0.0068   0.40    3.1
2026/04/23 07:45:35.500   3509414.8110    779152.6954   5250971.3545   1  14   0.0124   0.0063   0.0106  -0.0035   0.0025   0.0069  -0.50    3.1
2026/04/23 07:45:35.600   3509414.7973    779152.5732   5250971.3795   1  14   0.0123   0.0063   0.0107  -0.0034   0.0025   0.0069  -0.40    3.1
2026/04/23 07:45:35.700   3509414.8043    779152.3934   5250971.3957   1  14   0.0122   0.0063   0.0107  -0.0034   0.0025   0.0069  -0.30    3.1
2026/04/23 07:45:35.800   3509414.8388    779152.2728   5250971.3985   1  14   0.0121   0.0063   0.0107  -0.0033   0.0026   0.0069  -0.20    3.1
2026/04/23 07:45:35.900   3509414.8884    779152.1923   5250971.3781   1  14   0.0120   0.0063   0.0107  -0.0033   0.0026   0.0069  -0.10    3.1
2026/04/23 07:45:36.000   3509414.9260    779152.1559   5250971.3635   1  14   0.0119   0.0063   0.0107  -0.0032   0.0026   0.0068   0.00    3.1
2026/04/23 07:45:36.100   3509414.9467    779152.1534   5250971.3534   1  14   0.0119   0.0063   0.0107  -0.0032   0.0026   0.0068   0.10    3.2
2026/04/23 07:45:36.200   3509414.9492    779152.1709   5250971.3539   1  14   0.0118   0.0063   0.0107  -0.0032   0.0026   0.0067   0.20    3.2
2026/04/23 07:45:36.300   3509414.9426    779152.1982   5250971.3619   1  14   0.0118   0.0063   0.0107  -0.0032   0.0026   0.0067   0.30    3.2
2026/04/23 07:45:36.400   3509414.9466    779152.1635   5250971.3766   1  14   0.0117   0.0063   0.0107  -0.0032   0.0026   0.0066   0.40    3.2
2026/04/23 07:45:36.500   3509415.1040    779152.0370   5250971.4382   2  13   0.0211   0.0093   0.0176  -0.0096  -0.0040   0.0141  -0.50    2.6
2026/04/23 07:45:36.600   3509415.1191    779151.9588   5250971.4366   2  14   0.0210   0.0093   0.0175  -0.0096  -0.0040   0.0141  -0.40    1.2
2026/04/23 07:45:36.700   3509415.1330    779151.8947   5250971.4284   2  14   0.0210   0.0093   0.0174  -0.0096  -0.0040   0.0142  -0.30    1.2
2026/04/23 07:45:36.800   3509415.1396    779151.8569   5250971.4287   2  14   0.0209   0.0093   0.0174  -0.0096  -0.0040   0.0142  -0.20    1.1
2026/04/23 07:45:36.900   3509415.1341    779151.8457   5250971.4307   2  14   0.0209   0.0093   0.0174  -0.0095  -0.0040   0.0142  -0.10    1.0
2026/04/23 07:45:37.000   3509415.1220    779151.8061   5250971.4488   2  14   0.0209   0.0093   0.0173  -0.0095  -0.0040   0.0141   0.00    1.0
2026/04/23 07:45:37.100   3509415.1145    779151.6977   5250971.4664   2  14   0.0209   0.0093   0.0173  -0.0095  -0.0040   0.0141   0.10    1.1
2026/04/23 07:45:37.200   3509415.1055    779151.6220   5250971.4823   2  14   0.0209   0.0093   0.0173  -0.0095  -0.0040   0.0141   0.20    1.1
2026/04/23 07:45:37.300   3509415.1085    779151.5614   5250971.4866   2  14   0.0208   0.0093   0.0173  -0.0095  -0.0040   0.0141   0.30    1.0
2026/04/23 07:45:37.400   3509415.1088    779151.5353   5250971.4926   2  14   0.0208   0.0093   0.0173  -0.0095  -0.0040   0.0141   0.40    1.0
2026/04/23 07:45:37.500   3509415.1075    779151.5226   5250971.4990   2  14   0.0208   0.0093   0.0173  -0.0095  -0.0040   0.0140  -0.50    1.1
2026/04/23 07:45:37.600   3509415.0952    779151.4506   5250971.5161   2  14   0.0208   0.0093   0.0173  -0.0095  -0.0040   0.0140  -0.40    1.1
2026/04/23 07:45:37.700   3509415.0745    779151.2956   5250971.5488   2  14   0.0208   0.0093   0.0173  -0.0095  -0.0040   0.0140  -0.30    1.2
2026/04/23 07:45:37.800   3509415.0791    779151.1760   5250971.5676   2  14   0.0208   0.0095   0.0173  -0.0094  -0.0038   0.0141  -0.20    1.0
2026/04/23 07:45:37.900   3509415.0724    779151.0675   5250971.5872   2  12   0.0216   0.0099   0.0174  -0.0093  -0.0031   0.0142  -0.10    1.0
2026/04/23 07:45:38.000   3509415.0760    779150.9923   5250971.6032   2  13   0.0220   0.0099   0.0175  -0.0095  -0.0029   0.0143   0.00    1.0
2026/04/23 07:45:38.100   3509415.0801    779150.9549   5250971.6172   2  14   0.0224   0.0099   0.0175  -0.0096  -0.0029   0.0145   0.10    1.0
2026/04/23 07:45:38.200   3509415.0785    779150.9491   5250971.6267   2  13   0.0226   0.0098   0.0176  -0.0097  -0.0030   0.0146   0.20    1.1
2026/04/23 07:45:38.300   3509415.0685    779150.9149   5250971.6442   2  13   0.0227   0.0098   0.0176  -0.0098  -0.0032   0.0148   0.30    1.4
2026/04/23 07:45:38.400   3509415.0521    779150.8393   5250971.6692   2  14   0.0228   0.0097   0.0177  -0.0098  -0.0033   0.0149   0.40    1.0
2026/04/23 07:45:38.500   3509415.0609    779150.7679   5250971.6711   2  13   0.0228   0.0097   0.0178  -0.0098  -0.0034   0.0150  -0.50    1.1
2026/04/23 07:45:38.600   3509415.0888    779150.7311   5250971.6578   2  14   0.0228   0.0096   0.0178  -0.0097  -0.0035   0.0151  -0.40    1.0
2026/04/23 07:45:38.700   3509415.1024    779150.7220   5250971.6447   2  14   0.0227   0.0096   0.0178  -0.0097  -0.0035   0.0151  -0.30    1.0
2026/04/23 07:45:38.800   3509415.1080    779150.7321   5250971.6350   2  14   0.0226   0.0095   0.0179  -0.0097  -0.0036   0.0152  -0.20    1.0
2026/04/23 07:45:38.900   3509415.1019    779150.7323   5250971.6415   2  14   0.0226   0.0095   0.0179  -0.0097  -0.0036   0.0152  -0.10    1.0
2026/04/23 07:45:39.000   3509415.0797    779150.6745   5250971.6590   2  14   0.0226   0.0095   0.0179  -0.0097  -0.0037   0.0152   0.00    1.0
2026/04/23 07:45:39.100   3509415.0890    779150.5321   5250971.6672   2  14   0.0225   0.0094   0.0179  -0.0096  -0.0037   0.0152   0.10    1.0
2026/04/23 07:45:39.200   3509415.1084    779150.4072   5250971.6702   2  14   0.0225   0.0094   0.0179  -0.0096  -0.0037   0.0152   0.20    1.0
2026/04/23 07:45:39.300   3509415.1454    779150.3348   5250971.6535   2  14   0.0225   0.0096   0.0179  -0.0095  -0.0036   0.0152   0.30    1.0
2026/04/23 07:45:39.400   3509415.1999    779150.2867   5250971.6281   2  14   0.0224   0.0096   0.0179  -0.0094  -0.0034   0.0152   0.40    1.0
2026/04/23 07:45:39.500   3509415.2339    779150.2728   5250971.6114   2  14   0.0224   0.0097   0.0179  -0.0094  -0.0033   0.0152  -0.50    1.0
2026/04/23 07:45:39.600   3509415.2451    779150.2806   5250971.6095   2  14   0.0223   0.0097   0.0180  -0.0093  -0.0033   0.0152  -0.40    1.0
2026/04/23 07:45:39.700   3509415.2454    779150.2503   5250971.6232   2  14   0.0222   0.0096   0.0180  -0.0093  -0.0032   0.0152  -0.30    1.1
2026/04/23 07:45:39.800   3509415.2503    779150.1716   5250971.6406   2  14   0.0221   0.0096   0.0179  -0.0093  -0.0032   0.0152  -0.20    1.1
2026/04/23 07:45:39.900   3509415.2894    779150.0515   5250971.6258   2  14   0.0220   0.0095   0.0179  -0.0093  -0.0033   0.0152  -0.10    1.1
2026/04/23 07:45:40.000   3509415.3279    779149.9542   5250971.6053   2  13   0.0221   0.0095   0.0179  -0.0094  -0.0033   0.0151   0.00    1.2
2026/04/23 07:45:40.100   3509415.3789    779149.8748   5250971.5936   2  14   0.0220   0.0095   0.0179  -0.0093  -0.0034   0.0151   0.10    1.1
2026/04/23 07:45:40.200   3509415.4063    779149.8213   5250971.5848   2  14   0.0218   0.0095   0.0179  -0.0093  -0.0034   0.0150   0.20    1.1
2026/04/23 07:45:40.300   3509415.4156    779149.7868   5250971.5891   2  14   0.0218   0.0094   0.0179  -0.0094  -0.0035   0.0150   0.30    1.1
2026/04/23 07:45:40.400   3509415.4192    779149.7175   5250971.5985   2  14   0.0217   0.0094   0.0179  -0.0094  -0.0035   0.0149   0.40    1.1
2026/04/23 07:45:40.500   3509415.4435    779149.5976   5250971.5965   2  14   0.0216   0.0094   0.0178  -0.0094  -0.0035   0.0149  -0.50    1.1
2026/04/23 07:45:40.600   3509415.4780    779149.5057   5250971.5932   2  14   0.0216   0.0094   0.0178  -0.0094  -0.0036   0.0148  -0.40    1.1
2026/04/23 07:45:40.700   3509415.5021    779149.4312   5250971.5948   2  14   0.0215   0.0094   0.0178  -0.0094  -0.0036   0.0148  -0.30    1.1
2026/04/23 07:45:40.800   3509415.5171    779149.3824   5250971.5996   2  14   0.0215   0.0094   0.0177  -0.0094  -0.0036   0.0147  -0.20    1.2
2026/04/23 07:45:40.900   3509415.5147    779149.3511   5250971.6104   2  14   0.0214   0.0094   0.0177  -0.0094  -0.0036   0.0147  -0.10    1.2
2026/04/23 07:45:41.000   3509415.4940    779149.2695   5250971.6357   2  14   0.0214   0.0094   0.0177  -0.0094  -0.0037   0.0146   0.00    1.1
2026/04/23 07:45:41.100   3509415.4936    779149.1165   5250971.6495   2  14   0.0214   0.0094   0.0178  -0.0094  -0.0036   0.0144   0.10    1.1
2026/04/23 07:45:41.200   3509415.5102    779149.0086   5250971.6553   2  13   0.0217   0.0094   0.0178  -0.0095  -0.0036   0.0143   0.20    1.1
2026/04/23 07:45:41.300   3509415.5239    779148.9255   5250971.6680   2  12   0.0221   0.0095   0.0179  -0.0098  -0.0035   0.0141   0.30    1.0
2026/04/23 07:45:41.400   3509415.5226    779148.8814   5250971.6856   2  13   0.0225   0.0096   0.0179  -0.0100  -0.0034   0.0141   0.40    1.0
2026/04/23 07:45:41.500   3509415.4954    779148.8204   5250971.7139   2  14   0.0227   0.0096   0.0179  -0.0101  -0.0035   0.0141  -0.50    1.0
2026/04/23 07:45:41.600   3509415.4714    779148.7010   5250971.7449   2  13   0.0228   0.0096   0.0179  -0.0102  -0.0035   0.0141  -0.40    1.1
2026/04/23 07:45:41.700   3509415.4516    779148.5867   5250971.7700   2  13   0.0229   0.0098   0.0179  -0.0101  -0.0033   0.0142  -0.30    1.0
2026/04/23 07:45:41.800   3509415.4274    779148.5147   5250971.7934   2  13   0.0230   0.0099   0.0180  -0.0100  -0.0031   0.0144  -0.20    1.0
2026/04/23 07:45:41.900   3509415.3936    779148.4788   5250971.8154   2  13   0.0231   0.0099   0.0180  -0.0100  -0.0030   0.0145  -0.10    1.0
2026/04/23 07:45:42.000   3509415.3618    779148.4705   5250971.8289   2  13   0.0231   0.0099   0.0180  -0.0099  -0.0029   0.0146   0.00    1.0
2026/04/23 07:45:42.100   3509415.3007    779148.4253   5250971.8598   2  13   0.0231   0.0098   0.0180  -0.0099  -0.0029   0.0148   0.10    1.1
2026/04/23 07:45:42.200   3509415.2448    779148.3128   5250971.8988   2  13   0.0230   0.0098   0.0180  -0.0098  -0.0030   0.0149   0.20    1.1
2026/04/23 07:45:42.300   3509415.2148    779148.2144   5250971.9365   2  12   0.0234   0.0099   0.0182  -0.0094  -0.0024   0.0153   0.30    1.2
2026/04/23 07:45:42.400   3509415.1863    779148.1345   5250971.9614   2  12   0.0237   0.0099   0.0183  -0.0090  -0.0017   0.0157   0.40    1.1
2026/04/23 07:45:42.500   3509415.1673    779148.0802   5250971.9757   2  12   0.0241   0.0099   0.0185  -0.0088  -0.0010   0.0160  -0.50    1.1
2026/04/23 07:45:42.600   3509415.1513    779148.0039   5250971.9953   2  12   0.0243   0.0099   0.0187  -0.0086   0.0007   0.0164  -0.40    1.1
2026/04/23 07:45:42.700   3509415.1457    779147.9504   5250972.0074   2  12   0.0245   0.0099   0.0189  -0.0084   0.0011   0.0167  -0.30    1.1
2026/04/23 07:45:42.800   3509415.1622    779147.9287   5250972.0044   2  12   0.0246   0.0098   0.0190  -0.0084   0.0012   0.0169  -0.20    1.7
2026/04/23 07:45:42.900   3509415.1687    779147.9424   5250972.0001   2  12   0.0247   0.0098   0.0191  -0.0083   0.0013   0.0171  -0.10    1.7
2026/04/23 07:45:43.000   3509415.1438    779147.9279   5250972.0153   2  12   0.0248   0.0098   0.0192  -0.0083   0.0012   0.0172   0.00    1.7
2026/04/23 07:45:43.100   3509415.1146    779147.8513   5250972.0419   2  12   0.0248   0.0098   0.0193  -0.0083   0.0010   0.0173   0.10    1.7
2026/04/23 07:45:43.200   3509415.1213    779147.7479   5250972.0646   2  12   0.0248   0.0098   0.0193  -0.0084   0.0009   0.0174   0.20    1.7
2026/04/23 07:45:43.300   3509415.1478    779147.6894   5250972.0602   2  12   0.0248   0.0098   0.0194  -0.0084   0.0007   0.0174   0.30    1.7
2026/04/23 07:45:43.400   3509415.1809    779147.6630   5250972.0419   2  12   0.0248   0.0098   0.0194  -0.0084   0.0004   0.0174   0.40    1.7
2026/04/23 07:45:43.500   3509415.1831    779147.6301   5250972.0502   2  12   0.0247   0.0098   0.0194  -0.0084  -0.0004   0.0174  -0.50    1.8
2026/04/23 07:45:43.600   3509415.1875    779147.5452   5250972.0597   2  13   0.0247   0.0097   0.0193  -0.0085  -0.0007   0.0173  -0.40    1.0
2026/04/23 07:45:43.700   3509415.2049    779147.4518   5250972.0583   2  12   0.0247   0.0097   0.0194  -0.0085  -0.0006   0.0171  -0.30    1.0
2026/04/23 07:45:43.800   3509415.2377    779147.4178   5250972.0357   2  13   0.0246   0.0097   0.0193  -0.0085  -0.0009   0.0171  -0.20    1.0
2026/04/23 07:45:43.900   3509415.2715    779147.4255   5250972.0124   2  13   0.0245   0.0097   0.0192  -0.0085  -0.0011   0.0171  -0.10    1.0
2026/04/23 07:45:44.000   3509415.2934    779147.4410   5250972.0004   2  13   0.0243   0.0097   0.0191  -0.0085  -0.0012   0.0170   0.00    1.1
2026/04/23 07:45:44.100   3509415.2850    779147.4555   5250972.0015   2  13   0.0242   0.0096   0.0191  -0.0084  -0.0013   0.0169   0.10    1.0
2026/04/23 07:45:44.200   3509415.2649    779147.4073   5250972.0249   2  13   0.0241   0.0096   0.0190  -0.0084  -0.0014   0.0168   0.20    1.0
2026/04/23 07:45:44.300   3509415.2641    779147.2774   5250972.0551   2  13   0.0240   0.0096   0.0190  -0.0083  -0.0014   0.0167   0.30    1.0
2026/04/23 07:45:44.400   3509415.2808    779147.1609   5250972.0714   2  13   0.0239   0.0096   0.0189  -0.0083  -0.0014   0.0167   0.40    1.0
2026/04/23 07:45:44.500   3509415.2886    779147.0662   5250972.0803   2  12   0.0239   0.0096   0.0190  -0.0083  -0.0014   0.0164  -0.50    1.1
2026/04/23 07:45:44.600   3509415.2801    779147.0004   5250972.1038   2  13   0.0237   0.0095   0.0189  -0.0083  -0.0014   0.0164  -0.40    1.0
2026/04/23 07:45:44.700   3509415.2692    779146.9717   5250972.1205   2  13   0.0235   0.0095   0.0188  -0.0083  -0.0015   0.0163  -0.30    1.0
2026/04/23 07:45:44.800   3509415.2521    779146.9629   5250972.1303   2  13   0.0234   0.0095   0.0187  -0.0083  -0.0015   0.0163  -0.20    1.2
2026/04/23 07:45:44.900   3509415.2458    779146.9720   5250972.1390   2  13   0.0233   0.0095   0.0186  -0.0083  -0.0016   0.0162  -0.10    1.0
2026/04/23 07:45:45.000   3509415.2386    779146.9880   5250972.1449   2  13   0.0232   0.0095   0.0186  -0.0083  -0.0017   0.0161   0.00    1.2
2026/04/23 07:45:45.100   3509415.2223    779146.9737   5250972.1526   2  13   0.0231   0.0095   0.0185  -0.0083  -0.0017   0.0160   0.10    1.1
2026/04/23 07:45:45.200   3509415.1954    779146.8803   5250972.1835   2  13   0.0230   0.0095   0.0185  -0.0083  -0.0018   0.0159   0.20    1.1
2026/04/23 07:45:45.300   3509415.1725    779146.7143   5250972.2194   2  13   0.0230   0.0095   0.0184  -0.0083  -0.0019   0.0158   0.30    1.1
2026/04/23 07:45:45.400   3509415.1790    779146.5857   5250972.2496   2  12   0.0231   0.0097   0.0185  -0.0079   0.0007   0.0159   0.40    1.1
2026/04/23 07:45:45.500   3509415.1732    779146.4748   5250972.2843   2  13   0.0230   0.0096   0.0184  -0.0081  -0.0011   0.0158  -0.50    1.0
2026/04/23 07:45:45.600   3509415.1581    779146.3932   5250972.3273   2  13   0.0229   0.0095   0.0184  -0.0082  -0.0015   0.0157  -0.40    1.2
2026/04/23 07:45:45.700   3509415.0870    779146.2801   5250972.3919   2  12   0.0230   0.0096   0.0183  -0.0085  -0.0021   0.0157  -0.30    1.2
2026/04/23 07:45:45.800   3509415.0148    779146.1409   5250972.4510   2  12   0.0231   0.0096   0.0183  -0.0087  -0.0024   0.0157  -0.20    1.2
2026/04/23 07:45:45.900   3509414.9572    779146.0456   5250972.4967   2  12   0.0231   0.0096   0.0183  -0.0088  -0.0027   0.0158  -0.10    1.5
2026/04/23 07:45:46.000   3509414.8986    779145.9836   5250972.5387   2  12   0.0232   0.0096   0.0183  -0.0089  -0.0028   0.0158   0.00    1.2
2026/04/23 07:45:46.100   3509414.8501    779145.9544   5250972.5663   2  12   0.0232   0.0096   0.0183  -0.0090  -0.0029   0.0158   0.10    1.2
2026/04/23 07:45:46.200   3509414.7905    779145.9381   5250972.5967   2  12   0.0232   0.0096   0.0183  -0.0090  -0.0029   0.0158   0.20    1.2
2026/04/23 07:45:46.300   3509414.7261    779145.8677   5250972.6517   2  12   0.0233   0.0096   0.0183  -0.0090  -0.0029   0.0158   0.30    1.2
2026/04/23 07:45:46.400   3509414.6803    779145.7566   5250972.6898   2  12   0.0233   0.0096   0.0183  -0.0090  -0.0029   0.0158   0.40    1.2
2026/04/23 07:45:46.500   3509414.6825    779145.6744   5250972.7012   2  12   0.0233   0.0096   0.0183  -0.0090  -0.0029   0.0159  -0.50    1.5
2026/04/23 07:45:46.600   3509414.7068    779145.6159   5250972.6838   2  12   0.0233   0.0096   0.0183  -0.0089  -0.0029   0.0159  -0.40    1.2
2026/04/23 07:45:46.700   3509414.7322    779145.5890   5250972.6737   2  12   0.0233   0.0096   0.0183  -0.0089  -0.0028   0.0159  -0.30    1.2
2026/04/23 07:45:46.800   3509414.7101    779145.5327   5250972.6916   2  12   0.0233   0.0096   0.0183  -0.0089  -0.0028   0.0159  -0.20    1.2
2026/04/23 07:45:46.900   3509414.6899    779145.4096   5250972.7300   2  12   0.0233   0.0096   0.0183  -0.0089  -0.0028   0.0159  -0.10    1.4
2026/04/23 07:45:47.000   3509414.6783    779145.2909   5250972.7597   2  12   0.0233   0.0096   0.0183  -0.0089  -0.0028   0.0159   0.00    1.2
2026/04/23 07:45:47.100   3509414.6865    779145.2201   5250972.7599   2  12   0.0232   0.0096   0.0183  -0.0089  -0.0028   0.0159   0.10    1.2
2026/04/23 07:45:47.200   3509414.7046    779145.1794   5250972.7531   2  12   0.0232   0.0096   0.0183  -0.0089  -0.0028   0.0159   0.20    1.2
2026/04/23 07:45:47.300   3509414.7261    779145.0778   5250972.7726   2  12   0.0232   0.0096   0.0184  -0.0089  -0.0028   0.0159   0.30    1.2
2026/04/23 07:45:47.400   3509414.7529    779144.9458   5250972.7693   2  12   0.0232   0.0096   0.0184  -0.0089  -0.0028   0.0159   0.40    1.9
2026/04/23 07:45:47.500   3509414.7954    779144.8708   5250972.7519   2  12   0.0233   0.0096   0.0184  -0.0089  -0.0028   0.0159  -0.50    1.9
2026/04/23 07:45:47.600   3509414.8509    779144.8430   5250972.7266   2  12   0.0232   0.0096   0.0184  -0.0089  -0.0028   0.0159  -0.40    1.9
2026/04/23 07:45:47.700   3509414.8807    779144.8367   5250972.7173   2  12   0.0232   0.0096   0.0184  -0.0089  -0.0028   0.0159  -0.30    1.9
2026/04/23 07:45:47.800   3509414.8995    779144.7871   5250972.7174   2  12   0.0232   0.0096   0.0184  -0.0089  -0.0028   0.0159  -0.20    1.9
2026/04/23 07:45:47.900   3509414.9297    779144.6775   5250972.7197   2  11   0.0234   0.0096   0.0185  -0.0090  -0.0027   0.0157  -0.10    2.0
2026/04/23 07:45:48.000   3509414.9709    779144.5822   5250972.7087   2  12   0.0233   0.0096   0.0184  -0.0089  -0.0028   0.0158   0.00    1.9
2026/04/23 07:45:48.100   3509414.9960    779144.5213   5250972.7023   2  12   0.0233   0.0096   0.0184  -0.0089  -0.0028   0.0158   0.10    1.9
2026/04/23 07:45:48.200   3509415.0065    779144.4739   5250972.7081   2  12   0.0232   0.0096   0.0184  -0.0089  -0.0028   0.0159   0.20    1.9
2026/04/23 07:45:48.300   3509415.0075    779144.4047   5250972.7258   2  13   0.0234   0.0096   0.0185  -0.0090  -0.0027   0.0157   0.30    1.0
2026/04/23 07:45:48.400   3509414.9972    779144.2918   5250972.7501   2  13   0.0235   0.0096   0.0186  -0.0090  -0.0027   0.0156   0.40    1.0
2026/04/23 07:45:48.500   3509414.9893    779144.1774   5250972.7765   2  12   0.0235   0.0096   0.0186  -0.0090  -0.0027   0.0155  -0.50    1.0
2026/04/23 07:45:48.600   3509414.9692    779144.1261   5250972.7937   2  12   0.0235   0.0096   0.0187  -0.0090  -0.0026   0.0155  -0.40    1.0
2026/04/23 07:45:48.700   3509414.9396    779144.1005   5250972.8126   2  12   0.0235   0.0096   0.0187  -0.0089  -0.0026   0.0155  -0.30    1.0
2026/04/23 07:45:48.800   3509414.8897    779144.0353   5250972.8499   2  12   0.0234   0.0096   0.0187  -0.0089  -0.0026   0.0154  -0.20    1.0
2026/04/23 07:45:48.900   3509414.8432    779143.9202   5250972.8920   2  12   0.0234   0.0095   0.0187  -0.0088  -0.0025   0.0154  -0.10    1.0
2026/04/23 07:45:49.000   3509414.7984    779143.8236   5250972.9202   2  12   0.0233   0.0095   0.0187  -0.0087  -0.0025   0.0154   0.00    1.0
2026/04/23 07:45:49.100   3509414.7656    779143.7731   5250972.9474   2  12   0.0233   0.0095   0.0187  -0.0087  -0.0025   0.0154   0.10    1.0
2026/04/23 07:45:49.200   3509414.7366    779143.7636   5250972.9725   2  12   0.0232   0.0095   0.0187  -0.0086  -0.0024   0.0154   0.20    1.1
2026/04/23 07:45:49.300   3509414.7190    779143.7743   5250972.9886   2  12   0.0231   0.0095   0.0187  -0.0086  -0.0024   0.0153   0.30    1.1
2026/04/23 07:45:49.400   3509414.7082    779143.7911   5250972.9936   2  12   0.0231   0.0094   0.0187  -0.0085  -0.0023   0.0153   0.40    1.1
2026/04/23 07:45:49.500   3509414.6780    779143.7858   5250973.0177   2  12   0.0230   0.0094   0.0187  -0.0085  -0.0023   0.0153  -0.50    1.2
2026/04/23 07:45:49.600   3509414.6280    779143.7113   5250973.0489   2  12   0.0230   0.0094   0.0186  -0.0085  -0.0023   0.0152  -0.40    1.1
2026/04/23 07:45:49.700   3509414.5785    779143.5525   5250973.0996   2  12   0.0229   0.0094   0.0186  -0.0085  -0.0023   0.0152  -0.30    1.1
2026/04/23 07:45:49.800   3509414.5460    779143.4181   5250973.1437   2  12   0.0229   0.0094   0.0186  -0.0085  -0.0022   0.0152  -0.20    1.1
2026/04/23 07:45:49.900   3509414.5442    779143.3266   5250973.1561   2  12   0.0228   0.0094   0.0186  -0.0085  -0.0022   0.0151  -0.10    1.2
2026/04/23 07:45:50.000   3509414.5538    779143.2624   5250973.1594   2  12   0.0228   0.0094   0.0185  -0.0085  -0.0022   0.0151   0.00    1.1
2026/04/23 07:45:50.100   3509414.5554    779143.1731   5250973.1721   2  12   0.0227   0.0094   0.0185  -0.0085  -0.0022   0.0150   0.10    1.1
2026/04/23 07:45:50.200   3509414.5611    779143.0400   5250973.1811   2  12   0.0227   0.0094   0.0185  -0.0085  -0.0022   0.0150   0.20    1.3
2026/04/23 07:45:50.300   3509414.5854    779142.9378   5250973.1848   2  12   0.0226   0.0094   0.0185  -0.0085  -0.0023   0.0149   0.30    1.1
2026/04/23 07:45:50.400   3509414.6221    779142.8892   5250973.1670   2  12   0.0226   0.0094   0.0185  -0.0085  -0.0023   0.0149   0.40    1.2
2026/04/23 07:45:50.500   3509414.6447    779142.8803   5250973.1497   2  12   0.0226   0.0094   0.0184  -0.0085  -0.0023   0.0149  -0.50    1.1
2026/04/23 07:45:50.600   3509414.6532    779142.8548   5250973.1543   2  12   0.0226   0.0094   0.0184  -0.0085  -0.0023   0.0148  -0.40    1.2
2026/04/23 07:45:50.700   3509414.6686    779142.7524   5250973.1683   2  12   0.0227   0.0095   0.0184  -0.0087  -0.0021   0.0148  -0.30    1.0
2026/04/23 07:45:50.800   3509414.6935    779142.6277   5250973.1714   2  12   0.0228   0.0095   0.0184  -0.0088  -0.0021   0.0147  -0.20    1.0
2026/04/23 07:45:50.900   3509414.7313    779142.5721   5250973.1627   2  12   0.0229   0.0095   0.0184  -0.0088  -0.0021   0.0147  -0.10    1.0
2026/04/23 07:45:51.000   3509414.7685    779142.5450   5250973.1386   2  12   0.0229   0.0095   0.0183  -0.0089  -0.0021   0.0146   0.00    1.1
2026/04/23 07:45:51.100   3509414.7883    779142.5453   5250973.1260   2  12   0.0229   0.0095   0.0183  -0.0089  -0.0021   0.0146   0.10    1.1
2026/04/23 07:45:51.200   3509414.7849    779142.4942   5250973.1366   2  12   0.0228   0.0095   0.0183  -0.0088  -0.0021   0.0146   0.20    1.2
2026/04/23 07:45:51.300   3509414.7936    779142.3874   5250973.1461   2  12   0.0228   0.0095   0.0183  -0.0088  -0.0022   0.0146   0.30    1.1
2026/04/23 07:45:51.400   3509414.8308    779142.3031   5250973.1497   2  12   0.0228   0.0095   0.0183  -0.0088  -0.0022   0.0146   0.40    1.1
2026/04/23 07:45:51.500   3509414.8747    779142.2850   5250973.1286   2  12   0.0227   0.0095   0.0183  -0.0087  -0.0022   0.0146  -0.50    1.1
2026/04/23 07:45:51.600   3509414.9179    779142.2933   5250973.1054   2  11   0.0227   0.0095   0.0183  -0.0088  -0.0021   0.0146  -0.40    1.4
2026/04/23 07:45:51.700   3509414.9365    779142.2969   5250973.1036   2  11   0.0230   0.0096   0.0183  -0.0090  -0.0025   0.0147  -0.30    1.1
2026/04/23 07:45:51.800   3509414.9391    779142.2522   5250973.1131   2  11   0.0232   0.0096   0.0183  -0.0091  -0.0028   0.0148  -0.20    1.2
2026/04/23 07:45:51.900   3509414.9516    779142.1147   5250973.1254   2  11   0.0233   0.0096   0.0183  -0.0092  -0.0029   0.0150  -0.10    1.2
2026/04/23 07:45:52.000   3509414.9632    779141.9809   5250973.1337   2  11   0.0235   0.0096   0.0184  -0.0093  -0.0030   0.0151   0.00    1.2
2026/04/23 07:45:52.100   3509414.9765    779141.8974   5250973.1378   2  11   0.0236   0.0096   0.0184  -0.0093  -0.0031   0.0152   0.10    1.2
2026/04/23 07:45:52.200   3509414.9607    779141.8427   5250973.1482   2  11   0.0236   0.0096   0.0184  -0.0093  -0.0031   0.0152   0.20    1.2
2026/04/23 07:45:52.300   3509414.9366    779141.7621   5250973.1791   2  10   0.0239   0.0099   0.0186  -0.0088  -0.0021   0.0155   0.30    1.2
2026/04/23 07:45:52.400   3509414.9037    779141.6253   5250973.2138   2  11   0.0239   0.0097   0.0186  -0.0090  -0.0025   0.0156   0.40    1.2
2026/04/23 07:45:52.500   3509414.8858    779141.4902   5250973.2522   2  11   0.0244   0.0100   0.0188  -0.0088  -0.0008   0.0158  -0.50    1.0
2026/04/23 07:45:52.600   3509414.8582    779141.3961   5250973.2862   2  11   0.0250   0.0102   0.0190  -0.0085   0.0020   0.0162  -0.40    1.0
2026/04/23 07:45:52.700   3509414.8150    779141.3410   5250973.3192   2  11   0.0254   0.0103   0.0192  -0.0083   0.0028   0.0165  -0.30    1.0
2026/04/23 07:45:52.800   3509414.7774    779141.3124   5250973.3502   2  11   0.0258   0.0104   0.0194  -0.0081   0.0032   0.0169  -0.20    1.0
2026/04/23 07:45:52.900   3509414.7298    779141.2457   5250973.3920   2  10   0.0261   0.0104   0.0196  -0.0079   0.0035   0.0172  -0.10    1.1
2026/04/23 07:45:53.000   3509414.6902    779141.2008   5250973.4225   2  10   0.0263   0.0104   0.0198  -0.0077   0.0037   0.0175   0.00    1.1
2026/04/23 07:45:53.100   3509414.6561    779141.1961   5250973.4434   2  11   0.0264   0.0103   0.0200  -0.0077   0.0036   0.0177   0.10    1.0
2026/04/23 07:45:53.200   3509414.6378    779141.2093   5250973.4542   2  11   0.0265   0.0102   0.0201  -0.0077   0.0036   0.0179   0.20    1.0
2026/04/23 07:45:53.300   3509414.6143    779141.2252   5250973.4653   2  11   0.0265   0.0101   0.0202  -0.0077   0.0035   0.0181   0.30    1.0
2026/04/23 07:45:53.400   3509414.5523    779141.1886   5250973.4940   2  11   0.0265   0.0101   0.0203  -0.0077   0.0035   0.0182   0.40    1.0
2026/04/23 07:45:53.500   3509414.4849    779141.0768   5250973.5376   2  11   0.0265   0.0100   0.0204  -0.0077   0.0034   0.0182  -0.50    1.0
2026/04/23 07:45:53.600   3509414.4510    779140.9915   5250973.5628   2  11   0.0264   0.0100   0.0204  -0.0077   0.0033   0.0182  -0.40    1.1
2026/04/23 07:45:53.700   3509414.4540    779140.9261   5250973.5663   2  11   0.0263   0.0100   0.0204  -0.0078   0.0032   0.0182  -0.30    1.1
2026/04/23 07:45:53.800   3509414.4381    779140.8574   5250973.5846   2  11   0.0262   0.0099   0.0204  -0.0078   0.0031   0.0182  -0.20    1.1
2026/04/23 07:45:53.900   3509414.4125    779140.7427   5250973.6119   2  11   0.0261   0.0099   0.0204  -0.0079   0.0030   0.0181  -0.10    1.1
2026/04/23 07:45:54.000   3509414.3972    779140.6499   5250973.6267   2  11   0.0260   0.0098   0.0203  -0.0079   0.0028   0.0180   0.00    1.1
2026/04/23 07:45:54.100   3509414.4172    779140.5873   5250973.6238   2  11   0.0259   0.0098   0.0203  -0.0080   0.0027   0.0179   0.10    1.1
2026/04/23 07:45:54.200   3509414.4110    779140.5402   5250973.6274   2  11   0.0257   0.0098   0.0202  -0.0081   0.0025   0.0178   0.20    1.1
2026/04/23 07:45:54.300   3509414.3856    779140.4426   5250973.6493   2  12   0.0256   0.0098   0.0201  -0.0081   0.0024   0.0177   0.30    1.0
2026/04/23 07:45:54.400   3509414.3754    779140.3013   5250973.6783   2  12   0.0258   0.0099   0.0201  -0.0084   0.0023   0.0176   0.40    1.0
2026/04/23 07:45:54.500   3509414.3924    779140.2186   5250973.6810   2  12   0.0258   0.0099   0.0200  -0.0087   0.0022   0.0174  -0.50    1.0
2026/04/23 07:45:54.600   3509414.4046    779140.1646   5250973.6741   2  12   0.0259   0.0099   0.0199  -0.0088   0.0020   0.0173  -0.40    1.0
2026/04/23 07:45:54.700   3509414.4132    779140.0555   5250973.6902   2  12   0.0258   0.0099   0.0198  -0.0088   0.0018   0.0172  -0.30    1.0
2026/04/23 07:45:54.800   3509414.4365    779139.8818   5250973.7007   2  12   0.0257   0.0098   0.0197  -0.0087   0.0015   0.0171  -0.20    1.0
2026/04/23 07:45:54.900   3509414.4671    779139.7483   5250973.7036   2  12   0.0255   0.0097   0.0197  -0.0086   0.0013   0.0170  -0.10    1.0
2026/04/23 07:45:55.000   3509414.5183    779139.6819   5250973.6813   2  12   0.0253   0.0097   0.0196  -0.0085   0.0011   0.0169   0.00    1.2
2026/04/23 07:45:55.100   3509414.5653    779139.6274   5250973.6548   2  12   0.0251   0.0096   0.0195  -0.0084   0.0009   0.0168   0.10    1.1
2026/04/23 07:45:55.200   3509414.6215    779139.5622   5250973.6382   2  12   0.0249   0.0096   0.0195  -0.0084   0.0007   0.0167   0.20    1.1
2026/04/23 07:45:55.300   3509414.6647    779139.5320   5250973.6179   2  12   0.0248   0.0097   0.0194  -0.0083  -0.0001   0.0166   0.30    1.0
2026/04/23 07:45:55.400   3509414.6954    779139.5221   5250973.6023   2  12   0.0247   0.0097   0.0194  -0.0083  -0.0006   0.0164   0.40    1.0
2026/04/23 07:45:55.500   3509414.7199    779139.4590   5250973.6024   2  12   0.0245   0.0097   0.0193  -0.0084  -0.0007   0.0163  -0.50    1.1
2026/04/23 07:45:55.600   3509414.7520    779139.3109   5250973.5982   2  12   0.0244   0.0097   0.0193  -0.0083  -0.0008   0.0162  -0.40    1.1
2026/04/23 07:45:55.700   3509414.7686    779139.1893   5250973.5973   2  12   0.0243   0.0097   0.0192  -0.0083  -0.0010   0.0161  -0.30    1.4
2026/04/23 07:45:55.800   3509414.7705    779139.1033   5250973.6086   2  12   0.0241   0.0096   0.0192  -0.0083  -0.0011   0.0160  -0.20    1.1
2026/04/23 07:45:55.900   3509414.7543    779138.9705   5250973.6333   2  12   0.0240   0.0096   0.0191  -0.0083  -0.0012   0.0159  -0.10    1.1
2026/04/23 07:45:56.000   3509414.7218    779138.8349   5250973.6685   2  12   0.0238   0.0096   0.0190  -0.0083  -0.0014   0.0158   0.00    1.1
2026/04/23 07:45:56.100   3509414.6812    779138.7346   5250973.7069   2  12   0.0237   0.0096   0.0190  -0.0083  -0.0015   0.0158   0.10    1.0
2026/04/23 07:45:56.200   3509414.6297    779138.6692   5250973.7374   2  11   0.0238   0.0098   0.0190  -0.0079   0.0014   0.0159   0.20    1.1
2026/04/23 07:45:56.300   3509414.5676    779138.5936   5250973.7901   2  11   0.0239   0.0100   0.0191  -0.0075   0.0024   0.0160   0.30    1.1
2026/04/23 07:45:56.400   3509414.4880    779138.4705   5250973.8446   2  12   0.0237   0.0097   0.0190  -0.0079   0.0015   0.0158   0.40    1.2
2026/04/23 07:45:56.500   3509414.4151    779138.3900   5250973.9020   2  12   0.0235   0.0096   0.0189  -0.0081  -0.0004   0.0157  -0.50    1.1
2026/04/23 07:45:56.600   3509414.3395    779138.3420   5250973.9526   2  12   0.0234   0.0095   0.0188  -0.0082  -0.0013   0.0156  -0.40    1.2
2026/04/23 07:45:56.700   3509414.2744    779138.3150   5250973.9947   2  12   0.0233   0.0095   0.0188  -0.0083  -0.0017   0.0155  -0.30    1.2
2026/04/23 07:45:56.800   3509414.1836    779138.2587   5250974.0616   2  12   0.0232   0.0095   0.0187  -0.0083  -0.0018   0.0154  -0.20    1.2
2026/04/23 07:45:56.900   3509414.0941    779138.1346   5250974.1399   2  12   0.0231   0.0095   0.0186  -0.0084  -0.0019   0.0153  -0.10    1.1
2026/04/23 07:45:57.000   3509414.0383    779138.0340   5250974.1944   2  12   0.0232   0.0097   0.0187  -0.0080   0.0006   0.0154   0.00    1.0
2026/04/23 07:45:57.100   3509414.0232    779137.9649   5250974.2090   2  12   0.0233   0.0099   0.0188  -0.0076   0.0021   0.0155   0.10    1.0
2026/04/23 07:45:57.200   3509414.0354    779137.9275   5250974.2074   2  12   0.0234   0.0100   0.0189  -0.0074   0.0027   0.0157   0.20    1.0
2026/04/23 07:45:57.300   3509414.0401    779137.8462   5250974.2229   2  12   0.0235   0.0101   0.0189  -0.0072   0.0032   0.0158   0.30    1.0
2026/04/23 07:45:57.400   3509414.0496    779137.7117   5250974.2281   2  12   0.0236   0.0101   0.0190  -0.0070   0.0035   0.0159   0.40    1.0
2026/04/23 07:45:57.500   3509414.0754    779137.6281   5250974.2242   2  12   0.0237   0.0101   0.0191  -0.0069   0.0036   0.0160  -0.50    1.0
2026/04/23 07:45:57.600   3509414.1182    779137.5805   5250974.2138   2  12   0.0237   0.0101   0.0192  -0.0069   0.0037   0.0161  -0.40    1.0
2026/04/23 07:45:57.700   3509414.1527    779137.5515   5250974.2034   2  12   0.0237   0.0101   0.0192  -0.0070   0.0037   0.0161  -0.30    1.1
2026/04/23 07:45:57.800   3509414.1825    779137.4880   5250974.1988   2  12   0.0237   0.0100   0.0193  -0.0070   0.0037   0.0161  -0.20    1.1
2026/04/23 07:45:57.900   3509414.2147    779137.4541   5250974.1877   2  12   0.0237   0.0099   0.0193  -0.0071   0.0036   0.0162  -0.10    1.1
2026/04/23 07:45:58.000   3509414.2443    779137.4503   5250974.1737   2  12   0.0237   0.0099   0.0193  -0.0072   0.0035   0.0161   0.00    1.1
2026/04/23 07:45:58.100   3509414.2667    779137.4360   5250974.1659   2  12   0.0236   0.0098   0.0193  -0.0073   0.0033   0.0161   0.10    1.1
2026/04/23 07:45:58.200   3509414.2825    779137.4315   5250974.1608   2  12   0.0236   0.0098   0.0193  -0.0074   0.0032   0.0161   0.20    1.1
2026/04/23 07:45:58.300   3509414.2891    779137.4253   5250974.1622   2  12   0.0235   0.0097   0.0193  -0.0074   0.0031   0.0160   0.30    1.1
2026/04/23 07:45:58.400   3509414.2841    779137.3916   5250974.1794   2  12   0.0235   0.0097   0.0193  -0.0075   0.0030   0.0160   0.40    1.1
2026/04/23 07:45:58.500   3509414.2843    779137.2963   5250974.2007   2  12   0.0234   0.0097   0.0192  -0.0076   0.0028   0.0159  -0.50    1.1
2026/04/23 07:45:58.600   3509414.3039    779137.1600   5250974.2072   2  12   0.0234   0.0097   0.0192  -0.0076   0.0027   0.0159  -0.40    1.2
2026/04/23 07:45:58.700   3509414.3577    779137.0393   5250974.1862   2  12   0.0233   0.0097   0.0191  -0.0077   0.0026   0.0158  -0.30    1.1
2026/04/23 07:45:58.800   3509414.4254    779136.9472   5250974.1501   2  12   0.0233   0.0096   0.0191  -0.0077   0.0024   0.0157  -0.20    1.0
2026/04/23 07:45:58.900   3509414.4968    779136.8769   5250974.1164   2  12   0.0232   0.0096   0.0190  -0.0078   0.0023   0.0157  -0.10    1.1
2026/04/23 07:45:59.000   3509414.5534    779136.8322   5250974.0889   2  12   0.0231   0.0096   0.0190  -0.0078   0.0022   0.0156   0.00    1.1
2026/04/23 07:45:59.100   3509414.6001    779136.7976   5250974.0642   2  12   0.0231   0.0096   0.0189  -0.0078   0.0020   0.0155   0.10    1.1
2026/04/23 07:45:59.200   3509414.6627    779136.7556   5250974.0386   2  12   0.0230   0.0096   0.0189  -0.0079   0.0019   0.0155   0.20    1.1
2026/04/23 07:45:59.300   3509414.7290    779136.7015   5250973.9977   2  12   0.0230   0.0096   0.0188  -0.0079   0.0017   0.0154   0.30    1.2
2026/04/23 07:45:59.400   3509414.8132    779136.6443   5250973.9536   2  12   0.0230   0.0096   0.0188  -0.0079   0.0016   0.0153   0.40    1.2
2026/04/23 07:45:59.500   3509414.8943    779136.6059   5250973.9008   2  12   0.0229   0.0096   0.0187  -0.0080   0.0014   0.0153  -0.50    1.2
2026/04/23 07:45:59.600   3509414.9841    779136.5702   5250973.8414   2  12   0.0229   0.0096   0.0187  -0.0080   0.0013   0.0152  -0.40    1.2
2026/04/23 07:45:59.700   3509415.0760    779136.5530   5250973.7795   2  12   0.0228   0.0095   0.0187  -0.0080   0.0011   0.0152  -0.30    1.2
2026/04/23 07:45:59.800   3509415.1760    779136.5394   5250973.7097   2  12   0.0228   0.0095   0.0186  -0.0081   0.0008   0.0151  -0.20    1.4
2026/04/23 07:45:59.900   3509415.2757    779136.5309   5250973.6442   2  12   0.0228   0.0095   0.0186  -0.0081   0.0005   0.0151  -0.10    1.2
2026/04/23 07:46:00.000   3509415.3773    779136.5242   5250973.5730   2  12   0.0227   0.0095   0.0186  -0.0081  -0.0004   0.0151   0.00    1.0
2026/04/23 07:46:00.100   3509415.4675    779136.5326   5250973.5112   2  12   0.0227   0.0095   0.0185  -0.0081  -0.0007   0.0150   0.10    1.2
2026/04/23 07:46:00.200   3509415.5578    779136.5559   5250973.4470   2  12   0.0227   0.0095   0.0185  -0.0081  -0.0009   0.0150   0.20    1.2
2026/04/23 07:46:00.300   3509415.6340    779136.5820   5250973.3817   2  12   0.0226   0.0095   0.0185  -0.0082  -0.0010   0.0150   0.30    1.2
2026/04/23 07:46:00.400   3509415.7166    779136.6157   5250973.3211   2  12   0.0226   0.0095   0.0185  -0.0082  -0.0011   0.0149   0.40    1.2
2026/04/23 07:46:00.500   3509415.7946    779136.6618   5250973.2640   2  12   0.0226   0.0095   0.0185  -0.0082  -0.0012   0.0149  -0.50    1.1
2026/04/23 07:46:00.600   3509415.8585    779136.7185   5250973.2115   2  12   0.0226   0.0095   0.0184  -0.0082  -0.0013   0.0149  -0.40    1.2
2026/04/23 07:46:00.700   3509415.9263    779136.7864   5250973.1601   2  12   0.0226   0.0095   0.0184  -0.0082  -0.0014   0.0149  -0.30    1.3
2026/04/23 07:46:00.800   3509415.9883    779136.8567   5250973.1125   2  12   0.0225   0.0095   0.0184  -0.0082  -0.0015   0.0148  -0.20    1.2
2026/04/23 07:46:00.900   3509416.0453    779136.9440   5250973.0603   2  12   0.0225   0.0095   0.0184  -0.0082  -0.0015   0.0148  -0.10    1.1
2026/04/23 07:46:01.000   3509416.0966    779137.0306   5250973.0138   2  12   0.0225   0.0095   0.0184  -0.0082  -0.0016   0.0148   0.00    1.2
2026/04/23 07:46:01.100   3509416.1289    779137.1173   5250972.9725   2  12   0.0225   0.0095   0.0184  -0.0083  -0.0016   0.0148   0.10    1.3
2026/04/23 07:46:01.200   3509416.1735    779137.2059   5250972.9318   2  12   0.0225   0.0095   0.0184  -0.0083  -0.0016   0.0148   0.20    1.2
2026/04/23 07:46:01.300   3509416.2077    779137.2993   5250972.8929   2  12   0.0225   0.0095   0.0184  -0.0083  -0.0017   0.0148   0.30    1.0
2026/04/23 07:46:01.400   3509416.2315    779137.3986   5250972.8644   2  12   0.0225   0.0095   0.0184  -0.0083  -0.0017   0.0147   0.40    1.2
2026/04/23 07:46:01.500   3509416.2532    779137.4959   5250972.8383   2  12   0.0225   0.0095   0.0184  -0.0083  -0.0017   0.0147  -0.50    1.1
2026/04/23 07:46:01.600   3509416.2707    779137.5981   5250972.8123   2  12   0.0225   0.0095   0.0183  -0.0083  -0.0017   0.0147  -0.40    1.2
2026/04/23 07:46:01.700   3509416.2780    779137.7113   5250972.7905   2  12   0.0224   0.0095   0.0183  -0.0083  -0.0018   0.0147  -0.30    1.2
2026/04/23 07:46:01.800   3509416.2825    779137.8297   5250972.7669   2  12   0.0224   0.0094   0.0183  -0.0083  -0.0018   0.0147  -0.20    1.3
2026/04/23 07:46:01.900   3509416.3075    779137.9435   5250972.7414   2  12   0.0224   0.0094   0.0183  -0.0083  -0.0018   0.0147  -0.10    1.2
2026/04/23 07:46:02.000   3509416.3336    779138.0510   5250972.7116   2  12   0.0224   0.0094   0.0183  -0.0083  -0.0018   0.0147   0.00    1.3
2026/04/23 07:46:02.100   3509416.3630    779138.1504   5250972.6804   2  12   0.0224   0.0094   0.0183  -0.0083  -0.0018   0.0147   0.10    1.3
2026/04/23 07:46:02.200   3509416.3922    779138.2465   5250972.6464   2  12   0.0224   0.0094   0.0183  -0.0083  -0.0018   0.0147   0.20    1.3
2026/04/23 07:46:02.300   3509416.4183    779138.3405   5250972.6180   2  12   0.0224   0.0094   0.0183  -0.0083  -0.0018   0.0147   0.30    1.7
2026/04/23 07:46:02.400   3509416.4487    779138.4393   5250972.5917   2  12   0.0224   0.0094   0.0183  -0.0083  -0.0019   0.0147   0.40    1.3
2026/04/23 07:46:02.500   3509416.4493    779138.5322   5250972.5791   2  12   0.0224   0.0094   0.0183  -0.0083  -0.0019   0.0147  -0.50    1.1
2026/04/23 07:46:02.600   3509416.4452    779138.6347   5250972.5676   2  12   0.0224   0.0094   0.0183  -0.0083  -0.0019   0.0146  -0.40    1.3
2026/04/23 07:46:02.700   3509416.4353    779138.7445   5250972.5653   2  12   0.0224   0.0094   0.0183  -0.0083  -0.0019   0.0146  -0.30    1.2
2026/04/23 07:46:02.800   3509416.4200    779138.8512   5250972.5588   2  12   0.0224   0.0094   0.0183  -0.0083  -0.0019   0.0146  -0.20    1.3
2026/04/23 07:46:02.900   3509416.3960    779138.9600   5250972.5582   2  12   0.0224   0.0094   0.0183  -0.0083  -0.0019   0.0146  -0.10    1.3
2026/04/23 07:46:03.000   3509416.3729    779139.0698   5250972.5635   2  12   0.0223   0.0094   0.0183  -0.0083  -0.0019   0.0146   0.00    1.2
2026/04/23 07:46:03.100   3509416.3421    779139.1773   5250972.5731   2  12   0.0223   0.0094   0.0183  -0.0083  -0.0019   0.0146   0.10    1.3
2026/04/23 07:46:03.200   3509416.3074    779139.2878   5250972.5824   2  12   0.0223   0.0094   0.0183  -0.0083  -0.0019   0.0146   0.20    1.4
2026/04/23 07:46:03.300   3509416.2716    779139.3979   5250972.5943   2  12   0.0223   0.0094   0.0183  -0.0083  -0.0019   0.0146   0.30    1.3
2026/04/23 07:46:03.400   3509416.2271    779139.5127   5250972.6144   2  12   0.0223   0.0094   0.0183  -0.0083  -0.0019   0.0146   0.40    1.0
2026/04/23 07:46:03.500   3509416.1869    779139.6214   5250972.6292   2  12   0.0225   0.0097   0.0184  -0.0080   0.0007   0.0148  -0.50    1.0
2026/04/23 07:46:03.600   3509416.1450    779139.7311   5250972.6462   2  12   0.0226   0.0099   0.0185  -0.0076   0.0021   0.0149  -0.40    1.0
2026/04/23 07:46:03.700   3509416.0990    779139.8436   5250972.6655   2  12   0.0228   0.0100   0.0186  -0.0073   0.0028   0.0151  -0.30    1.0
2026/04/23 07:46:03.800   3509416.0599    779139.9534   5250972.6815   2  12   0.0229   0.0101   0.0187  -0.0072   0.0032   0.0153  -0.20    1.0
2026/04/23 07:46:03.900   3509416.0211    779140.0785   5250972.6965   2  12   0.0230   0.0101   0.0188  -0.0071   0.0034   0.0154  -0.10    1.0
2026/04/23 07:46:04.000   3509415.9679    779140.2393   5250972.7151   2  12   0.0230   0.0100   0.0189  -0.0071   0.0035   0.0155   0.00    1.0
2026/04/23 07:46:04.100   3509415.9197    779140.4048   5250972.7359   2  12   0.0231   0.0100   0.0189  -0.0071   0.0035   0.0156   0.10    1.0
2026/04/23 07:46:04.200   3509415.8600    779140.5551   5250972.7551   2  12   0.0231   0.0100   0.0190  -0.0070   0.0036   0.0157   0.20    1.0
2026/04/23 07:46:04.300   3509415.8067    779140.6828   5250972.7725   2  12   0.0232   0.0101   0.0191  -0.0069   0.0037   0.0157   0.30    1.0
2026/04/23 07:46:04.400   3509415.7627    779140.8003   5250972.7858   2  12   0.0232   0.0102   0.0191  -0.0068   0.0038   0.0158   0.40    1.2
2026/04/23 07:46:04.500   3509415.7132    779140.9436   5250972.8009   2  12   0.0233   0.0102   0.0192  -0.0068   0.0039   0.0158  -0.50    1.0
2026/04/23 07:46:04.600   3509415.6628    779141.0969   5250972.8130   2  12   0.0233   0.0102   0.0192  -0.0068   0.0039   0.0159  -0.40    1.0
2026/04/23 07:46:04.700   3509415.6324    779141.2423   5250972.8090   2  12   0.0233   0.0101   0.0192  -0.0068   0.0039   0.0159  -0.30    1.0
2026/04/23 07:46:04.800   3509415.6196    779141.3634   5250972.7999   2  12   0.0233   0.0101   0.0192  -0.0069   0.0039   0.0159  -0.20    1.1
2026/04/23 07:46:04.900   3509415.6169    779141.4768   5250972.7877   2  12   0.0233   0.0100   0.0192  -0.0070   0.0038   0.0159  -0.10    1.0
2026/04/23 07:46:05.000   3509415.6125    779141.6343   5250972.7700   2  12   0.0232   0.0099   0.0192  -0.0070   0.0037   0.0159   0.00    1.0
2026/04/23 07:46:05.100   3509415.6026    779141.8054   5250972.7421   2  12   0.0232   0.0099   0.0192  -0.0071   0.0036   0.0158   0.10    1.0
2026/04/23 07:46:05.200   3509415.6239    779141.9357   5250972.7096   2  12   0.0232   0.0098   0.0192  -0.0072   0.0034   0.0158   0.20    1.1
2026/04/23 07:46:05.300   3509415.6607    779142.0326   5250972.6716   2  12   0.0231   0.0098   0.0192  -0.0073   0.0033   0.0158   0.30    1.1
2026/04/23 07:46:05.400   3509415.6983    779142.1000   5250972.6288   2  12   0.0231   0.0097   0.0191  -0.0074   0.0032   0.0157   0.40    1.1
2026/04/23 07:46:05.500   3509415.7664    779142.1922   5250972.5720   2  12   0.0230   0.0097   0.0191  -0.0075   0.0030   0.0157  -0.50    1.0
2026/04/23 07:46:05.600   3509415.8236    779142.3293   5250972.5004   2  12   0.0230   0.0097   0.0191  -0.0075   0.0029   0.0156  -0.40    1.1
2026/04/23 07:46:05.700   3509415.8866    779142.4396   5250972.4451   2  12   0.0230   0.0099   0.0191  -0.0073   0.0031   0.0156  -0.30    1.0
2026/04/23 07:46:05.800   3509415.9543    779142.5206   5250972.3871   2  12   0.0231   0.0100   0.0191  -0.0071   0.0034   0.0156  -0.20    1.0
2026/04/23 07:46:05.900   3509416.0205    779142.5683   5250972.3331   2  12   0.0231   0.0101   0.0191  -0.0070   0.0036   0.0157  -0.10    1.0
2026/04/23 07:46:06.000   3509416.0663    779142.5968   5250972.2892   2  12   0.0231   0.0101   0.0191  -0.0070   0.0036   0.0157   0.00    1.0
2026/04/23 07:46:06.100   3509416.1442    779142.6542   5250972.2456   2  12   0.0231   0.0100   0.0191  -0.0070   0.0037   0.0157   0.10    1.0
2026/04/23 07:46:06.200   3509416.1966    779142.7623   5250972.2006   2  11   0.0232   0.0101   0.0191  -0.0069   0.0038   0.0157   0.20    1.2
2026/04/23 07:46:06.300   3509416.2220    779142.8486   5250972.1911   2  12   0.0231   0.0100   0.0191  -0.0070   0.0037   0.0157   0.30    1.0
2026/04/23 07:46:06.400   3509416.1998    779142.9210   5250972.1997   2  12   0.0232   0.0100   0.0191  -0.0069   0.0038   0.0158   0.40    1.0
2026/04/23 07:46:06.500   3509416.1976    779142.9652   5250972.2093   2  12   0.0232   0.0101   0.0191  -0.0069   0.0038   0.0158  -0.50    1.0
2026/04/23 07:46:06.600   3509416.2149    779143.0504   5250972.2020   2  12   0.0232   0.0101   0.0192  -0.0068   0.0039   0.0158  -0.40    1.0
2026/04/23 07:46:06.700   3509416.2330    779143.2090   5250972.1773   2  11   0.0236   0.0102   0.0192  -0.0072   0.0036   0.0160  -0.30    1.0
2026/04/23 07:46:06.800   3509416.2461    779143.3663   5250972.1548   2  11   0.0240   0.0101   0.0193  -0.0074   0.0034   0.0163  -0.20    1.0
2026/04/23 07:46:06.900   3509416.2143    779143.4997   5250972.1485   2  11   0.0243   0.0101   0.0194  -0.0076   0.0032   0.0165  -0.10    1.0
2026/04/23 07:46:07.000   3509416.1664    779143.6003   5250972.1548   2  11   0.0245   0.0100   0.0195  -0.0077   0.0031   0.0167   0.00    1.0
2026/04/23 07:46:07.100   3509416.1178    779143.6823   5250972.1653   2  11   0.0246   0.0100   0.0196  -0.0078   0.0029   0.0168   0.10    1.0
2026/04/23 07:46:07.200   3509416.0617    779143.7702   5250972.1770   2  11   0.0247   0.0099   0.0197  -0.0078   0.0028   0.0169   0.20    1.0
2026/04/23 07:46:07.300   3509416.0221    779143.8642   5250972.1795   2  11   0.0248   0.0099   0.0197  -0.0079   0.0028   0.0170   0.30    1.0
2026/04/23 07:46:07.400   3509415.9571    779143.9855   5250972.1834   2  11   0.0248   0.0098   0.0198  -0.0079   0.0027   0.0170   0.40    1.0
2026/04/23 07:46:07.500   3509415.8473    779144.1020   5250972.2121   2  11   0.0248   0.0098   0.0198  -0.0080   0.0026   0.0171  -0.50    1.0
2026/04/23 07:46:07.600   3509415.7617    779144.1746   5250972.2508   2  11   0.0248   0.0098   0.0198  -0.0080   0.0025   0.0170  -0.40    1.0
2026/04/23 07:46:07.700   3509415.6853    779144.2191   5250972.3035   2  10   0.0249   0.0100   0.0198  -0.0078   0.0030   0.0171  -0.30    1.4
2026/04/23 07:46:07.800   3509415.6213    779144.2295   5250972.3321   2  11   0.0248   0.0099   0.0198  -0.0079   0.0027   0.0170  -0.20    1.0
2026/04/23 07:46:07.900   3509415.5864    779144.2395   5250972.3464   2  11   0.0247   0.0098   0.0197  -0.0081   0.0025   0.0170  -0.10    1.0
2026/04/23 07:46:08.000   3509415.5527    779144.3052   5250972.3584   2  11   0.0246   0.0098   0.0197  -0.0081   0.0022   0.0169   0.00    1.0
2026/04/23 07:46:08.100   3509415.4985    779144.4213   5250972.3634   2  11   0.0246   0.0097   0.0196  -0.0082   0.0020   0.0168   0.10    1.0
2026/04/23 07:46:08.200   3509415.4448    779144.5144   5250972.3682   2  11   0.0245   0.0097   0.0196  -0.0083   0.0018   0.0167   0.20    1.0
2026/04/23 07:46:08.300   3509415.4295    779144.5798   5250972.3608   2  11   0.0244   0.0097   0.0195  -0.0083   0.0016   0.0166   0.30    1.1
2026/04/23 07:46:08.400   3509415.4230    779144.6441   5250972.3461   2  11   0.0245   0.0100   0.0195  -0.0080   0.0025   0.0167   0.40    1.0
2026/04/23 07:46:08.500   3509415.4224    779144.7507   5250972.3219   2  11   0.0246   0.0102   0.0196  -0.0077   0.0031   0.0168  -0.50    1.0
2026/04/23 07:46:08.600   3509415.4228    779144.9111   5250972.2955   2  11   0.0247   0.0102   0.0197  -0.0075   0.0035   0.0169  -0.40    1.0
2026/04/23 07:46:08.700   3509415.4461    779145.0552   5250972.2786   2  11   0.0248   0.0102   0.0197  -0.0074   0.0037   0.0169  -0.30    1.0
2026/04/23 07:46:08.800   3509415.4677    779145.1711   5250972.2438   2  11   0.0248   0.0102   0.0197  -0.0073   0.0037   0.0170  -0.20    1.0
2026/04/23 07:46:08.900   3509415.4840    779145.2535   5250972.2036   2  11   0.0248   0.0101   0.0198  -0.0074   0.0037   0.0171  -0.10    1.0
2026/04/23 07:46:09.000   3509415.5046    779145.3047   5250972.1663   2  11   0.0249   0.0101   0.0198  -0.0074   0.0037   0.0171   0.00    1.0
2026/04/23 07:46:09.100   3509415.5376    779145.3955   5250972.1216   2  11   0.0249   0.0100   0.0198  -0.0075   0.0035   0.0171   0.10    1.0
2026/04/23 07:46:09.200   3509415.5888    779145.5360   5250972.0718   2  11   0.0249   0.0100   0.0199  -0.0076   0.0034   0.0171   0.20    1.0
2026/04/23 07:46:09.300   3509415.6218    779145.6477   5250972.0227   2  11   0.0249   0.0099   0.0199  -0.0077   0.0032   0.0171   0.30    1.0
2026/04/23 07:46:09.400   3509415.6646    779145.7114   5250971.9872   2  11   0.0249   0.0099   0.0199  -0.0078   0.0030   0.0171   0.40    1.0
2026/04/23 07:46:09.500   3509415.6971    779145.7473   5250971.9581   2  11   0.0248   0.0098   0.0199  -0.0079   0.0029   0.0171  -0.50    1.0
2026/04/23 07:46:09.600   3509415.7670    779145.8035   5250971.9191   2  11   0.0248   0.0098   0.0199  -0.0080   0.0027   0.0171  -0.40    1.0
2026/04/23 07:46:09.700   3509415.8261    779145.9176   5250971.8509   2  11   0.0247   0.0098   0.0198  -0.0080   0.0025   0.0170  -0.30    1.0
2026/04/23 07:46:09.800   3509415.8750    779145.9998   5250971.7957   2  11   0.0247   0.0098   0.0198  -0.0081   0.0024   0.0170  -0.20    1.0
2026/04/23 07:46:09.900   3509415.9287    779146.0475   5250971.7534   2  11   0.0246   0.0098   0.0197  -0.0081   0.0022   0.0169  -0.10    1.0
2026/04/23 07:46:10.000   3509415.9626    779146.0688   5250971.7258   2  11   0.0246   0.0098   0.0197  -0.0082   0.0021   0.0168   0.00    1.0
2026/04/23 07:46:10.100   3509415.9824    779146.0666   5250971.7123   2  11   0.0245   0.0097   0.0196  -0.0082   0.0019   0.0168   0.10    1.0
2026/04/23 07:46:10.200   3509416.0225    779146.0784   5250971.6919   2  11   0.0244   0.0097   0.0196  -0.0083   0.0018   0.0167   0.20    1.0
2026/04/23 07:46:10.300   3509416.0983    779146.1352   5250971.6409   2  11   0.0244   0.0097   0.0195  -0.0083   0.0016   0.0166   0.30    1.0
2026/04/23 07:46:10.400   3509416.1800    779146.2422   5250971.5700   2  11   0.0243   0.0097   0.0195  -0.0083   0.0015   0.0165   0.40    1.0
2026/04/23 07:46:10.500   3509416.2410    779146.3323   5250971.5358   2  11   0.0243   0.0097   0.0194  -0.0084   0.0013   0.0165  -0.50    1.0
2026/04/23 07:46:10.600   3509416.2375    779146.3968   5250971.5233   2  10   0.0244   0.0100   0.0195  -0.0080   0.0024   0.0165  -0.40    1.3
2026/04/23 07:46:10.700   3509416.2254    779146.4326   5250971.5277   2  11   0.0243   0.0098   0.0194  -0.0082   0.0018   0.0164  -0.30    1.0
2026/04/23 07:46:10.800   3509416.2271    779146.4755   5250971.5197   2  11   0.0242   0.0098   0.0193  -0.0084   0.0013   0.0164  -0.20    1.0
2026/04/23 07:46:10.900   3509416.2503    779146.5765   5250971.4899   2  11   0.0241   0.0097   0.0193  -0.0085   0.0007   0.0163  -0.10    1.0
2026/04/23 07:46:11.000   3509416.2835    779146.7061   5250971.4454   2  11   0.0241   0.0097   0.0192  -0.0085  -0.0006   0.0162   0.00    1.0
2026/04/23 07:46:11.100   3509416.2720    779146.8206   5250971.4365   2  11   0.0240   0.0097   0.0192  -0.0086  -0.0010   0.0161   0.10    1.0
2026/04/23 07:46:11.200   3509416.2401    779146.9080   5250971.4386   2  11   0.0240   0.0097   0.0191  -0.0086  -0.0013   0.0161   0.20    1.0
2026/04/23 07:46:11.300   3509416.2125    779146.9903   5250971.4370   2  11   0.0239   0.0097   0.0191  -0.0086  -0.0014   0.0160   0.30    1.0
2026/04/23 07:46:11.400   3509416.1926    779147.1266   5250971.4212   2  11   0.0239   0.0097   0.0190  -0.0086  -0.0015   0.0159   0.40    1.1
2026/04/23 07:46:11.500   3509416.1637    779147.2834   5250971.4077   2  11   0.0239   0.0097   0.0190  -0.0087  -0.0016   0.0159  -0.50    1.1
2026/04/23 07:46:11.600   3509416.1066    779147.3942   5250971.4145   2  11   0.0238   0.0097   0.0190  -0.0087  -0.0017   0.0159  -0.40    1.1
2026/04/23 07:46:11.700   3509416.0505    779147.4579   5250971.4391   2  11   0.0238   0.0097   0.0190  -0.0087  -0.0017   0.0158  -0.30    1.1
2026/04/23 07:46:11.800   3509416.0171    779147.4888   5250971.4615   2  11   0.0238   0.0097   0.0189  -0.0087  -0.0018   0.0158  -0.20    1.1
2026/04/23 07:46:11.900   3509415.9837    779147.5499   5250971.4806   2  11   0.0237   0.0096   0.0189  -0.0087  -0.0019   0.0158  -0.10    1.1
2026/04/23 07:46:12.000   3509415.9499    779147.6635   5250971.4875   2  11   0.0237   0.0096   0.0189  -0.0087  -0.0019   0.0157   0.00    1.1
2026/04/23 07:46:12.100   3509415.8804    779147.7741   5250971.5101   2  11   0.0237   0.0096   0.0189  -0.0087  -0.0020   0.0157   0.10    1.1
2026/04/23 07:46:12.200   3509415.8003    779147.8658   5250971.5459   2  11   0.0237   0.0096   0.0189  -0.0088  -0.0020   0.0157   0.20    1.1
2026/04/23 07:46:12.300   3509415.7027    779147.9325   5250971.6012   2  11   0.0237   0.0096   0.0188  -0.0088  -0.0020   0.0157   0.30    1.1
2026/04/23 07:46:12.400   3509415.6065    779147.9889   5250971.6564   2  11   0.0237   0.0096   0.0188  -0.0088  -0.0021   0.0157   0.40    1.1
2026/04/23 07:46:12.500   3509415.5280    779148.0130   5250971.7075   2  11   0.0237   0.0096   0.0188  -0.0088  -0.0021   0.0157  -0.50    1.1
2026/04/23 07:46:12.600   3509415.4581    779148.0210   5250971.7543   2  11   0.0237   0.0096   0.0188  -0.0088  -0.0021   0.0156  -0.40    1.1
2026/04/23 07:46:12.700   3509415.4124    779148.0334   5250971.7895   2  11   0.0236   0.0096   0.0188  -0.0088  -0.0021   0.0156  -0.30    1.1
2026/04/23 07:46:12.800   3509415.3592    779148.0777   5250971.8155   2  11   0.0236   0.0096   0.0188  -0.0088  -0.0022   0.0156  -0.20    1.1
2026/04/23 07:46:12.900   3509415.2854    779148.1670   5250971.8537   2  11   0.0236   0.0096   0.0188  -0.0088  -0.0022   0.0156  -0.10    1.1
2026/04/23 07:46:13.000   3509415.2167    779148.2928   5250971.8832   2  11   0.0236   0.0096   0.0188  -0.0088  -0.0022   0.0156   0.00    1.1
2026/04/23 07:46:13.100   3509415.1604    779148.4447   5250971.8943   2  11   0.0236   0.0096   0.0188  -0.0088  -0.0022   0.0156   0.10    1.1
2026/04/23 07:46:13.200   3509415.1185    779148.6052   5250971.8908   2  11   0.0236   0.0096   0.0188  -0.0088  -0.0022   0.0156   0.20    1.1
2026/04/23 07:46:13.300   3509415.0988    779148.7593   5250971.8813   2  11   0.0236   0.0096   0.0188  -0.0088  -0.0022   0.0156   0.30    1.1
2026/04/23 07:46:13.400   3509415.1080    779148.8998   5250971.8572   2  11   0.0236   0.0096   0.0188  -0.0088  -0.0023   0.0156   0.40    1.1
2026/04/23 07:46:13.500   3509415.1083    779149.0638   5250971.8433   2  11   0.0236   0.0096   0.0188  -0.0088  -0.0023   0.0156  -0.50    1.1
2026/04/23 07:46:13.600   3509415.1093    779149.2337   5250971.8203   2  11   0.0236   0.0096   0.0188  -0.0088  -0.0023   0.0156  -0.40    1.1
2026/04/23 07:46:13.700   3509415.1317    779149.4159   5250971.7809   2  11   0.0236   0.0096   0.0188  -0.0088  -0.0023   0.0156  -0.30    1.1
2026/04/23 07:46:13.800   3509415.1535    779149.5890   5250971.7315   2  11   0.0236   0.0096   0.0188  -0.0088  -0.0023   0.0156  -0.20    1.1
2026/04/23 07:46:13.900   3509415.2114    779149.7600   5250971.6715   2  11   0.0236   0.0096   0.0188  -0.0088  -0.0023   0.0156  -0.10    1.1
2026/04/23 07:46:14.000   3509415.2918    779149.9305   5250971.5930   2  11   0.0236   0.0096   0.0188  -0.0088  -0.0023   0.0156   0.00    1.1
2026/04/23 07:46:14.100   3509415.3839    779150.0640   5250971.5094   2  11   0.0236   0.0096   0.0188  -0.0088  -0.0023   0.0156   0.10    1.1
2026/04/23 07:46:14.200   3509415.4832    779150.1555   5250971.4372   2  11   0.0236   0.0096   0.0188  -0.0088  -0.0023   0.0156   0.20    1.1
2026/04/23 07:46:14.300   3509415.5950    779150.2444   5250971.3567   2  11   0.0236   0.0096   0.0188  -0.0089  -0.0023   0.0156   0.30    1.1
2026/04/23 07:46:14.400   3509415.7090    779150.3420   5250971.2640   2  11   0.0236   0.0096   0.0188  -0.0089  -0.0023   0.0155   0.40    1.1
2026/04/23 07:46:14.500   3509415.8287    779150.4431   5250971.1699   2  11   0.0236   0.0096   0.0188  -0.0089  -0.0023   0.0155  -0.50    1.1
2026/04/23 07:46:14.600   3509415.9466    779150.5454   5250971.0679   2  11   0.0236   0.0096   0.0188  -0.0089  -0.0023   0.0155  -0.40    1.1
2026/04/23 07:46:14.700   3509416.0545    779150.6453   5250970.9817   2  11   0.0236   0.0096   0.0188  -0.0089  -0.0024   0.0155  -0.30    1.1
2026/04/23 07:46:14.800   3509416.1278    779150.7430   5250970.9096   2  11   0.0236   0.0096   0.0187  -0.0089  -0.0024   0.0155  -0.20    1.1
2026/04/23 07:46:14.900   3509416.1713    779150.8318   5250970.8614   2  11   0.0235   0.0096   0.0187  -0.0089  -0.0024   0.0155  -0.10    1.1
2026/04/23 07:46:15.000   3509416.1953    779150.9039   5250970.8339   2  11   0.0235   0.0096   0.0187  -0.0089  -0.0024   0.0155   0.00    1.1
2026/04/23 07:46:15.100   3509416.2074    779150.9765   5250970.8084   2  11   0.0235   0.0096   0.0187  -0.0089  -0.0024   0.0155   0.10    1.1
2026/04/23 07:46:15.200   3509416.2293    779151.0434   5250970.7913   2  11   0.0235   0.0096   0.0187  -0.0089  -0.0024   0.0155   0.20    1.1
2026/04/23 07:46:15.300   3509416.2342    779151.1399   5250970.7757   2  11   0.0235   0.0096   0.0187  -0.0089  -0.0024   0.0155   0.30    1.1
2026/04/23 07:46:15.400   3509416.2167    779151.2497   5250970.7641   2  11   0.0235   0.0096   0.0187  -0.0089  -0.0024   0.0155   0.40    1.1
2026/04/23 07:46:15.500   3509416.1946    779151.3754   5250970.7551   2  11   0.0235   0.0096   0.0187  -0.0089  -0.0024   0.0155  -0.50    1.1
2026/04/23 07:46:15.600   3509416.1660    779151.5001   5250970.7516   2  11   0.0235   0.0096   0.0187  -0.0089  -0.0024   0.0155  -0.40    1.1
2026/04/23 07:46:15.700   3509416.1327    779151.6418   5250970.7521   2  11   0.0235   0.0096   0.0187  -0.0089  -0.0024   0.0155  -0.30    1.1
2026/04/23 07:46:15.800   3509416.0911    779151.7833   5250970.7527   2  11   0.0235   0.0096   0.0187  -0.0089  -0.0024   0.0155  -0.20    1.1
2026/04/23 07:46:15.900   3509416.0278    779151.9381   5250970.7707   2  11   0.0235   0.0096   0.0187  -0.0089  -0.0024   0.0155  -0.10    1.1
2026/04/23 07:46:16.000   3509415.9517    779152.0834   5250970.7934   2  11   0.0235   0.0096   0.0187  -0.0089  -0.0024   0.0155   0.00    1.1
2026/04/23 07:46:16.100   3509415.8664    779152.2200   5250970.8248   2  11   0.0235   0.0096   0.0187  -0.0089  -0.0024   0.0155   0.10    1.1
2026/04/23 07:46:16.200   3509415.7727    779152.3514   5250970.8607   2  11   0.0235   0.0096   0.0187  -0.0089  -0.0024   0.0155   0.20    1.1
2026/04/23 07:46:16.300   3509415.6828    779152.4573   5250970.9122   2  11   0.0235   0.0096   0.0187  -0.0089  -0.0024   0.0155   0.30    1.1
2026/04/23 07:46:16.400   3509415.5731    779152.5565   5250970.9666   2  11   0.0235   0.0096   0.0187  -0.0089  -0.0024   0.0155   0.40    1.1
2026/04/23 07:46:16.500   3509415.4482    779152.6596   5250971.0296   2  11   0.0235   0.0096   0.0187  -0.0089  -0.0024   0.0155  -0.50    1.1
2026/04/23 07:46:16.600   3509415.3434    779152.7677   5250971.0732   2  11   0.0235   0.0096   0.0187  -0.0089  -0.0024   0.0155  -0.40    1.1
2026/04/23 07:46:16.700   3509415.2622    779152.8896   5250971.1068   2  11   0.0235   0.0096   0.0187  -0.0089  -0.0025   0.0155  -0.30    1.1
2026/04/23 07:46:16.800   3509415.2056    779153.0217   5250971.1251   2  11   0.0235   0.0096   0.0187  -0.0089  -0.0025   0.0155  -0.20    1.1
2026/04/23 07:46:16.900   3509415.1587    779153.1660   5250971.1263   2  11   0.0235   0.0096   0.0187  -0.0089  -0.0025   0.0155  -0.10    1.1
2026/04/23 07:46:17.000   3509415.1457    779153.3166   5250971.1081   2  11   0.0235   0.0096   0.0187  -0.0089  -0.0025   0.0155   0.00    1.1
2026/04/23 07:46:17.100   3509415.1510    779153.4618   5250971.0808   2  11   0.0235   0.0096   0.0187  -0.0089  -0.0025   0.0155   0.10    1.1
2026/04/23 07:46:17.200   3509415.1611    779153.6178   5250971.0443   2  11   0.0235   0.0096   0.0187  -0.0089  -0.0025   0.0155   0.20    1.1
2026/04/23 07:46:17.300   3509415.1896    779153.7673   5250971.0019   2  11   0.0235   0.0096   0.0187  -0.0089  -0.0025   0.0155   0.30    1.1
2026/04/23 07:46:17.400   3509415.2360    779153.9039   5250970.9532   2  11   0.0235   0.0096   0.0187  -0.0089  -0.0025   0.0155   0.40    1.1
2026/04/23 07:46:17.500   3509415.2832    779154.0395   5250970.9007   2  11   0.0238   0.0097   0.0187  -0.0092  -0.0025   0.0155  -0.50    1.0
2026/04/23 07:46:17.600   3509415.3416    779154.1711   5250970.8389   2  11   0.0241   0.0097   0.0187  -0.0094  -0.0025   0.0155  -0.40    1.0
2026/04/23 07:46:17.700   3509415.4106    779154.2952   5250970.7763   2  11   0.0243   0.0098   0.0187  -0.0095  -0.0025   0.0155  -0.30    1.0
2026/04/23 07:46:17.800   3509415.5010    779154.3989   5250970.7095   2  11   0.0244   0.0098   0.0187  -0.0096  -0.0026   0.0155  -0.20    1.1
2026/04/23 07:46:17.900   3509415.5938    779154.5020   5250970.6381   2  11   0.0244   0.0097   0.0187  -0.0095  -0.0027   0.0156  -0.10    1.1
2026/04/23 07:46:18.000   3509415.6969    779154.6051   5250970.5575   2  11   0.0244   0.0097   0.0187  -0.0095  -0.0027   0.0156   0.00    1.1
2026/04/23 07:46:18.100   3509415.8142    779154.7117   5250970.4659   2  11   0.0244   0.0097   0.0187  -0.0094  -0.0027   0.0157   0.10    1.1
2026/04/23 07:46:18.200   3509415.9470    779154.7965   5250970.3680   2  11   0.0243   0.0097   0.0187  -0.0094  -0.0028   0.0157   0.20    1.1
2026/04/23 07:46:18.300   3509416.0720    779154.8465   5250970.2761   2  11   0.0243   0.0097   0.0187  -0.0093  -0.0028   0.0157   0.30    1.1
2026/04/23 07:46:18.400   3509416.1837    779154.8872   5250970.2021   2  11   0.0242   0.0096   0.0188  -0.0093  -0.0028   0.0157   0.40    1.1
2026/04/23 07:46:18.500   3509416.2762    779154.9316   5250970.1351   2  11   0.0242   0.0096   0.0188  -0.0092  -0.0028   0.0157  -0.50    1.1
2026/04/23 07:46:18.600   3509416.3596    779154.9953   5250970.0615   2  11   0.0241   0.0096   0.0188  -0.0092  -0.0028   0.0158  -0.40    1.1
2026/04/23 07:46:18.700   3509416.4443    779155.0945   5250969.9918   2  11   0.0241   0.0096   0.0188  -0.0091  -0.0028   0.0158  -0.30    1.2
2026/04/23 07:46:18.800   3509416.4962    779155.2174   5250969.9366   2  11   0.0240   0.0096   0.0188  -0.0091  -0.0028   0.0158  -0.20    1.2
2026/04/23 07:46:18.900   3509416.5291    779155.3621   5250969.8906   2  11   0.0240   0.0096   0.0188  -0.0091  -0.0027   0.0158  -0.10    1.2
2026/04/23 07:46:19.000   3509416.5360    779155.5164   5250969.8441   2  11   0.0242   0.0099   0.0189  -0.0086  -0.0013   0.0160   0.00    1.0
2026/04/23 07:46:19.100   3509416.5221    779155.6871   5250969.8156   2  11   0.0245   0.0101   0.0191  -0.0081   0.0019   0.0163   0.10    1.0
2026/04/23 07:46:19.200   3509416.4953    779155.8647   5250969.8026   2  11   0.0247   0.0102   0.0193  -0.0077   0.0028   0.0166   0.20    1.0
2026/04/23 07:46:19.300   3509416.4558    779156.0473   5250969.7964   2  11   0.0250   0.0102   0.0195  -0.0075   0.0033   0.0169   0.30    1.0
2026/04/23 07:46:19.400   3509416.3964    779156.2180   5250969.8047   2  11   0.0251   0.0102   0.0197  -0.0074   0.0035   0.0171   0.40    1.0
2026/04/23 07:46:19.500   3509416.3207    779156.3821   5250969.8211   2  11   0.0253   0.0101   0.0198  -0.0074   0.0036   0.0173  -0.50    1.0
2026/04/23 07:46:19.600   3509416.2306    779156.5387   5250969.8505   2  11   0.0254   0.0101   0.0199  -0.0074   0.0036   0.0174  -0.40    1.0
2026/04/23 07:46:19.700   3509416.1280    779156.6823   5250969.8922   2  11   0.0254   0.0100   0.0200  -0.0075   0.0035   0.0175  -0.30    1.0
2026/04/23 07:46:19.800   3509416.0133    779156.8134   5250969.9465   2  11   0.0255   0.0099   0.0201  -0.0076   0.0034   0.0176  -0.20    1.0
2026/04/23 07:46:19.900   3509415.8719    779156.9335   5250970.0115   2  11   0.0255   0.0099   0.0201  -0.0077   0.0033   0.0176  -0.10    1.0
2026/04/23 07:46:20.000   3509415.7444    779157.0529   5250970.0701   2  11   0.0255   0.0098   0.0201  -0.0077   0.0031   0.0176   0.00    1.0
2026/04/23 07:46:20.100   3509415.6524    779157.1758   5250970.1093   2  11   0.0254   0.0098   0.0201  -0.0078   0.0029   0.0176   0.10    1.0
2026/04/23 07:46:20.200   3509415.5779    779157.3106   5250970.1339   2  11   0.0254   0.0098   0.0201  -0.0079   0.0028   0.0176   0.20    1.0
2026/04/23 07:46:20.300   3509415.5253    779157.4521   5250970.1429   2  11   0.0253   0.0098   0.0200  -0.0080   0.0026   0.0175   0.30    1.0
2026/04/23 07:46:20.400   3509415.5087    779157.6069   5250970.1297   2  11   0.0253   0.0098   0.0200  -0.0080   0.0025   0.0174   0.40    1.0
2026/04/23 07:46:20.500   3509415.5129    779157.7643   5250970.1036   2  11   0.0252   0.0098   0.0199  -0.0081   0.0024   0.0174  -0.50    1.0
2026/04/23 07:46:20.600   3509415.5393    779157.9251   5250970.0667   2  11   0.0251   0.0098   0.0199  -0.0081   0.0022   0.0173  -0.40    1.1
2026/04/23 07:46:20.700   3509415.5591    779158.0876   5250970.0093   2  11   0.0254   0.0098   0.0198  -0.0085   0.0021   0.0172  -0.30    1.0
2026/04/23 07:46:20.800   3509415.6114    779158.2387   5250969.9496   2  11   0.0255   0.0098   0.0198  -0.0087   0.0019   0.0171  -0.20    1.0
2026/04/23 07:46:20.900   3509415.6802    779158.3838   5250969.8788   2  11   0.0256   0.0099   0.0197  -0.0088   0.0016   0.0171  -0.10    1.1
2026/04/23 07:46:21.000   3509415.7697    779158.5143   5250969.8079   2  11   0.0256   0.0098   0.0196  -0.0089   0.0013   0.0170   0.00    1.1
2026/04/23 07:46:21.100   3509415.8614    779158.6348   5250969.7262   2  11   0.0256   0.0098   0.0196  -0.0089   0.0009   0.0170   0.10    1.1
2026/04/23 07:46:21.200   3509415.9609    779158.7558   5250969.6411   2  11   0.0255   0.0098   0.0195  -0.0089   0.0004   0.0169   0.20    1.1
2026/04/23 07:46:21.300   3509416.0643    779158.8802   5250969.5572   2  11   0.0254   0.0098   0.0195  -0.0088  -0.0006   0.0169   0.30    1.1
2026/04/23 07:46:21.400   3509416.1615    779159.0017   5250969.4724   2  11   0.0253   0.0097   0.0194  -0.0088  -0.0009   0.0169   0.40    1.1
2026/04/23 07:46:21.500   3509416.2420    779159.1350   5250969.3982   2  11   0.0252   0.0097   0.0194  -0.0088  -0.0011   0.0168  -0.50    1.1
2026/04/23 07:46:21.600   3509416.3187    779159.2667   5250969.3237   2  11   0.0251   0.0097   0.0194  -0.0087  -0.0012   0.0167  -0.40    1.1
2026/04/23 07:46:21.700   3509416.3819    779159.4095   5250969.2578   2  10   0.0252   0.0100   0.0195  -0.0083   0.0017   0.0169  -0.30    1.2
2026/04/23 07:46:21.800   3509416.4329    779159.5575   5250969.1976   2  11   0.0250   0.0098   0.0194  -0.0084   0.0010   0.0168  -0.20    1.2
2026/04/23 07:46:21.900   3509416.4684    779159.7048   5250969.1510   2  11   0.0249   0.0097   0.0194  -0.0085  -0.0008   0.0167  -0.10    1.2
2026/04/23 07:46:22.000   3509416.4894    779159.8502   5250969.1178   2  11   0.0248   0.0097   0.0193  -0.0086  -0.0013   0.0166   0.00    1.2
2026/04/23 07:46:22.100   3509416.5047    779159.9745   5250969.0946   2  11   0.0247   0.0097   0.0193  -0.0087  -0.0016   0.0165   0.10    1.2
2026/04/23 07:46:22.200   3509416.5002    779160.0859   5250969.0786   2  11   0.0246   0.0096   0.0192  -0.0087  -0.0017   0.0165   0.20    1.2
2026/04/23 07:46:22.300   3509416.4937    779160.1678   5250969.0706   2  11   0.0245   0.0096   0.0192  -0.0087  -0.0018   0.0164   0.30    1.2
2026/04/23 07:46:22.400   3509416.4670    779160.2478   5250969.0693   2  11   0.0244   0.0096   0.0191  -0.0087  -0.0019   0.0163   0.40    1.2
2026/04/23 07:46:22.500   3509416.4496    779160.3114   5250969.0649   2  10   0.0246   0.0097   0.0191  -0.0090  -0.0018   0.0162  -0.50    1.3
2026/04/23 07:46:22.600   3509416.4163    779160.3646   5250969.0724   2  11   0.0244   0.0097   0.0191  -0.0089  -0.0019   0.0162  -0.40    1.2
2026/04/23 07:46:22.700   3509416.3801    779160.3951   5250969.0840   2  11   0.0243   0.0097   0.0191  -0.0088  -0.0020   0.0162  -0.30    1.2
2026/04/23 07:46:22.800   3509416.3594    779160.4039   5250969.0980   2  11   0.0243   0.0096   0.0190  -0.0088  -0.0021   0.0161  -0.20    1.2
2026/04/23 07:46:22.900   3509416.3309    779160.3964   5250969.1112   2  11   0.0242   0.0096   0.0190  -0.0088  -0.0021   0.0161  -0.10    1.2
2026/04/23 07:46:23.000   3509416.3197    779160.3770   5250969.1223   2  11   0.0241   0.0096   0.0190  -0.0088  -0.0021   0.0160   0.00    1.2
2026/04/23 07:46:23.100   3509416.3155    779160.3588   5250969.1262   2  11   0.0241   0.0096   0.0189  -0.0088  -0.0021   0.0160   0.10    1.2
2026/04/23 07:46:23.200   3509416.3198    779160.3387   5250969.1265   2  11   0.0241   0.0096   0.0189  -0.0088  -0.0021   0.0160   0.20    1.2
2026/04/23 07:46:23.300   3509416.3166    779160.3279   5250969.1276   2  11   0.0240   0.0096   0.0189  -0.0088  -0.0021   0.0159   0.30    1.2
2026/04/23 07:46:23.400   3509416.3255    779160.3186   5250969.1225   2  11   0.0240   0.0096   0.0189  -0.0088  -0.0022   0.0159   0.40    1.2
2026/04/23 07:46:23.500   3509416.3333    779160.3168   5250969.1185   2  11   0.0240   0.0096   0.0189  -0.0088  -0.0022   0.0159  -0.50    1.2
2026/04/23 07:46:23.600   3509416.3444    779160.3170   5250969.1131   2  11   0.0240   0.0096   0.0189  -0.0088  -0.0022   0.0159  -0.40    1.2
2026/04/23 07:46:23.700   3509416.3529    779160.3178   5250969.1101   2  11   0.0240   0.0096   0.0189  -0.0088  -0.0022   0.0158  -0.30    1.2
2026/04/23 07:46:23.800   3509416.3590    779160.3218   5250969.1044   2  11   0.0239   0.0096   0.0189  -0.0088  -0.0022   0.0158  -0.20    1.2
2026/04/23 07:46:23.900   3509416.3683    779160.3284   5250969.0980   2  11   0.0239   0.0096   0.0189  -0.0088  -0.0022   0.0158  -0.10    1.2
2026/04/23 07:46:24.000   3509416.3728    779160.3362   5250969.0930   2  11   0.0239   0.0096   0.0188  -0.0088  -0.0023   0.0158   0.00    1.2
2026/04/23 07:46:24.100   3509416.3797    779160.3421   5250969.0893   2  11   0.0239   0.0096   0.0188  -0.0088  -0.0023   0.0158   0.10    1.2
2026/04/23 07:46:24.200   3509416.3874    779160.3497   5250969.0893   2  11   0.0239   0.0096   0.0188  -0.0088  -0.0023   0.0158   0.20    1.2
2026/04/23 07:46:24.300   3509416.3910    779160.3538   5250969.0878   2  11   0.0239   0.0096   0.0188  -0.0088  -0.0023   0.0158   0.30    1.2
2026/04/23 07:46:24.400   3509416.3929    779160.3588   5250969.0859   2  11   0.0239   0.0096   0.0188  -0.0088  -0.0023   0.0158   0.40    1.2
2026/04/23 07:46:24.500   3509416.3840    779160.3619   5250969.0853   2  11   0.0239   0.0096   0.0188  -0.0088  -0.0023   0.0158  -0.50    1.2
2026/04/23 07:46:24.600   3509416.3918    779160.3616   5250969.0855   2  11   0.0238   0.0096   0.0188  -0.0088  -0.0023   0.0157  -0.40    1.2
2026/04/23 07:46:24.700   3509416.3949    779160.3624   5250969.0861   2  12   0.0238   0.0096   0.0188  -0.0088  -0.0023   0.0157  -0.30    1.0
2026/04/23 07:46:24.800   3509416.3944    779160.3628   5250969.0865   2  12   0.0238   0.0096   0.0188  -0.0088  -0.0023   0.0157  -0.20    1.0
2026/04/23 07:46:24.900   3509416.3956    779160.3622   5250969.0863   2  12   0.0238   0.0096   0.0188  -0.0088  -0.0023   0.0157  -0.10    1.0
2026/04/23 07:46:25.000   3509416.3960    779160.3616   5250969.0870   2  12   0.0238   0.0096   0.0188  -0.0088  -0.0023   0.0157   0.00    1.0
2026/04/23 07:46:25.100   3509416.3955    779160.3606   5250969.0883   2  12   0.0237   0.0095   0.0188  -0.0087  -0.0023   0.0157   0.10    1.0
2026/04/23 07:46:25.200   3509416.3981    779160.3589   5250969.0892   2  12   0.0237   0.0095   0.0188  -0.0087  -0.0023   0.0157   0.20    1.0
2026/04/23 07:46:25.300   3509416.4002    779160.3577   5250969.0915   2  12   0.0236   0.0095   0.0188  -0.0086  -0.0023   0.0157   0.30    1.0
2026/04/23 07:46:25.400   3509416.4041    779160.3564   5250969.0921   2  12   0.0236   0.0095   0.0188  -0.0086  -0.0022   0.0157   0.40    1.0
2026/04/23 07:46:25.500   3509416.4053    779160.3559   5250969.0930   2  12   0.0235   0.0095   0.0188  -0.0085  -0.0022   0.0157  -0.50    1.1
2026/04/23 07:46:25.600   3509416.4086    779160.3564   5250969.0936   2  12   0.0234   0.0094   0.0188  -0.0084  -0.0021   0.0156  -0.40    1.0
2026/04/23 07:46:25.700   3509416.4097    779160.3570   5250969.0941   2  12   0.0234   0.0094   0.0188  -0.0084  -0.0021   0.0156  -0.30    1.1
2026/04/23 07:46:25.800   3509416.4104    779160.3566   5250969.0957   2  12   0.0233   0.0094   0.0188  -0.0084  -0.0020   0.0156  -0.20    1.1
2026/04/23 07:46:25.900   3509416.4123    779160.3580   5250969.0970   2  12   0.0232   0.0094   0.0188  -0.0083  -0.0020   0.0155  -0.10    1.1
2026/04/23 07:46:26.000   3509416.4130    779160.3596   5250969.0967   2  12   0.0232   0.0094   0.0187  -0.0083  -0.0020   0.0155   0.00    1.1
2026/04/23 07:46:26.100   3509416.4127    779160.3607   5250969.0970   2  12   0.0231   0.0094   0.0187  -0.0083  -0.0019   0.0154   0.10    1.2
2026/04/23 07:46:26.200   3509416.4120    779160.3601   5250969.0953   2  12   0.0231   0.0094   0.0187  -0.0083  -0.0019   0.0154   0.20    1.1
2026/04/23 07:46:26.300   3509416.4130    779160.3586   5250969.0956   2  12   0.0230   0.0094   0.0187  -0.0083  -0.0019   0.0154   0.30    1.2
2026/04/23 07:46:26.400   3509416.4140    779160.3586   5250969.0961   2  12   0.0230   0.0094   0.0187  -0.0083  -0.0019   0.0153   0.40    1.1
2026/04/23 07:46:26.500   3509416.4121    779160.3589   5250969.0979   2  12   0.0229   0.0094   0.0187  -0.0083  -0.0019   0.0153  -0.50    1.6
2026/04/23 07:46:26.600   3509416.4108    779160.3578   5250969.0994   2  12   0.0229   0.0094   0.0186  -0.0083  -0.0019   0.0152  -0.40    1.1
2026/04/23 07:46:26.700   3509416.4126    779160.3572   5250969.1008   2  12   0.0229   0.0094   0.0186  -0.0083  -0.0019   0.0152  -0.30    1.1
2026/04/23 07:46:26.800   3509416.4169    779160.3571   5250969.1028   2  12   0.0228   0.0094   0.0186  -0.0083  -0.0019   0.0152  -0.20    1.1
2026/04/23 07:46:26.900   3509416.4174    779160.3571   5250969.1038   2  12   0.0228   0.0094   0.0185  -0.0083  -0.0020   0.0151  -0.10    1.2
2026/04/23 07:46:27.000   3509416.4187    779160.3574   5250969.1047   2  12   0.0228   0.0094   0.0185  -0.0083  -0.0020   0.0151   0.00    1.2
2026/04/23 07:46:27.100   3509416.4197    779160.3568   5250969.1067   2  12   0.0227   0.0094   0.0185  -0.0083  -0.0020   0.0151   0.10    1.5
2026/04/23 07:46:27.200   3509416.4208    779160.3576   5250969.1091   2  12   0.0227   0.0094   0.0185  -0.0083  -0.0020   0.0150   0.20    1.2
2026/04/23 07:46:27.300   3509416.4234    779160.3576   5250969.1100   2  12   0.0227   0.0094   0.0185  -0.0083  -0.0020   0.0150   0.30    1.0
2026/04/23 07:46:27.400   3509416.4240    779160.3573   5250969.1106   2  12   0.0227   0.0094   0.0184  -0.0083  -0.0020   0.0150   0.40    1.2
2026/04/23 07:46:27.500   3509416.4240    779160.3565   5250969.1082   2  12   0.0226   0.0094   0.0184  -0.0083  -0.0020   0.0149  -0.50    1.2
2026/04/23 07:46:27.600   3509416.4226    779160.3567   5250969.1074   2  12   0.0226   0.0094   0.0184  -0.0083  -0.0020   0.0149  -0.40    1.2
2026/04/23 07:46:27.700   3509416.4227    779160.3562   5250969.1098   2  12   0.0226   0.0094   0.0184  -0.0083  -0.0020   0.0149  -0.30    1.2
2026/04/23 07:46:27.800   3509416.4241    779160.3563   5250969.1122   2  12   0.0226   0.0094   0.0184  -0.0083  -0.0020   0.0149  -0.20    1.2
2026/04/23 07:46:27.900   3509416.4238    779160.3554   5250969.1123   2  12   0.0226   0.0094   0.0184  -0.0083  -0.0020   0.0149  -0.10    1.1
2026/04/23 07:46:28.000   3509416.4226    779160.3574   5250969.1132   2  12   0.0225   0.0094   0.0184  -0.0083  -0.0020   0.0148   0.00    1.2
2026/04/23 07:46:28.100   3509416.4221    779160.3575   5250969.1136   2  12   0.0225   0.0094   0.0183  -0.0083  -0.0020   0.0148   0.10    1.1
2026/04/23 07:46:28.200   3509416.4232    779160.3577   5250969.1126   2  12   0.0225   0.0094   0.0183  -0.0083  -0.0020   0.0148   0.20    1.2
2026/04/23 07:46:28.300   3509416.4247    779160.3567   5250969.1114   2  12   0.0225   0.0094   0.0183  -0.0083  -0.0020   0.0148   0.30    1.1
2026/04/23 07:46:28.400   3509416.4248    779160.3572   5250969.1111   2  12   0.0225   0.0094   0.0183  -0.0083  -0.0020   0.0148   0.40    1.2
2026/04/23 07:46:28.500   3509416.4252    779160.3569   5250969.1104   2  12   0.0225   0.0094   0.0183  -0.0083  -0.0020   0.0148  -0.50    1.2
2026/04/23 07:46:28.600   3509416.4251    779160.3574   5250969.1086   2  12   0.0225   0.0094   0.0183  -0.0083  -0.0020   0.0148  -0.40    1.2
2026/04/23 07:46:28.700   3509416.4291    779160.3566   5250969.1076   2  12   0.0225   0.0094   0.0183  -0.0083  -0.0020   0.0147  -0.30    1.3
2026/04/23 07:46:28.800   3509416.4288    779160.3568   5250969.1066   2  12   0.0224   0.0094   0.0183  -0.0083  -0.0020   0.0147  -0.20    1.3
2026/04/23 07:46:28.900   3509416.4280    779160.3562   5250969.1057   2  12   0.0224   0.0094   0.0183  -0.0083  -0.0020   0.0147  -0.10    1.2
2026/04/23 07:46:29.000   3509416.4267    779160.3571   5250969.1046   2  12   0.0224   0.0094   0.0183  -0.0083  -0.0020   0.0147   0.00    2.1
2026/04/23 07:46:29.100   3509416.4272    779160.3566   5250969.1048   2  12   0.0224   0.0094   0.0183  -0.0083  -0.0020   0.0147   0.10    2.1
2026/04/23 07:46:29.200   3509416.4297    779160.3551   5250969.1043   2  12   0.0224   0.0094   0.0183  -0.0083  -0.0020   0.0147   0.20    2.1
2026/04/23 07:46:29.300   3509416.4336    779160.3532   5250969.1036   2  12   0.0224   0.0094   0.0183  -0.0083  -0.0020   0.0147   0.30    2.1
2026/04/23 07:46:29.400   3509416.4346    779160.3523   5250969.1046   2  12   0.0224   0.0094   0.0183  -0.0083  -0.0020   0.0147   0.40    2.1
2026/04/23 07:46:29.500   3509416.4352    779160.3528   5250969.1055   2  12   0.0224   0.0094   0.0183  -0.0083  -0.0020   0.0147  -0.50    2.1
2026/04/23 07:46:29.600   3509416.4353    779160.3524   5250969.1061   2  12   0.0224   0.0094   0.0183  -0.0083  -0.0020   0.0147  -0.40    2.1
2026/04/23 07:46:29.700   3509416.4358    779160.3543   5250969.1054   2  12   0.0224   0.0094   0.0183  -0.0083  -0.0020   0.0147  -0.30    2.1
2026/04/23 07:46:29.800   3509416.4370    779160.3547   5250969.1061   2  12   0.0224   0.0094   0.0183  -0.0083  -0.0020   0.0147  -0.20    2.1
2026/04/23 07:46:29.900   3509416.4358    779160.3538   5250969.1074   2  12   0.0224   0.0094   0.0183  -0.0083  -0.0020   0.0147  -0.10    2.1
2026/04/23 07:46:30.000   3509416.4342    779160.3533   5250969.1090   2  12   0.0224   0.0094   0.0183  -0.0083  -0.0020   0.0147   0.00    1.2
2026/04/23 07:46:30.100   3509416.4375    779160.3537   5250969.1063   2  12   0.0224   0.0094   0.0183  -0.0083  -0.0020   0.0147   0.10    1.3
2026/04/23 07:46:30.200   3509416.4389    779160.3517   5250969.1057   2  12   0.0224   0.0094   0.0183  -0.0083  -0.0021   0.0147   0.20    1.2
2026/04/23 07:46:30.300   3509416.4391    779160.3486   5250969.1060   2  12   0.0223   0.0094   0.0183  -0.0083  -0.0021   0.0147   0.30    1.4
2026/04/23 07:46:30.400   3509416.4424    779160.3470   5250969.1017   2  12   0.0223   0.0094   0.0183  -0.0083  -0.0020   0.0146   0.40    1.2
2026/04/23 07:46:30.500   3509416.4477    779160.3459   5250969.0995   2  12   0.0223   0.0094   0.0183  -0.0083  -0.0020   0.0146  -0.50    1.9
2026/04/23 07:46:30.600   3509416.4501    779160.3461   5250969.0992   2  12   0.0223   0.0094   0.0183  -0.0083  -0.0020   0.0146  -0.40    1.9
2026/04/23 07:46:30.700   3509416.4512    779160.3486   5250969.1020   2  12   0.0223   0.0094   0.0183  -0.0083  -0.0020   0.0146  -0.30    1.9
2026/04/23 07:46:30.800   3509416.4479    779160.3506   5250969.1036   2  12   0.0223   0.0094   0.0183  -0.0083  -0.0021   0.0146  -0.20    2.0
2026/04/23 07:46:30.900   3509416.4477    779160.3512   5250969.1038   2  12   0.0223   0.0094   0.0183  -0.0083  -0.0021   0.0146  -0.10    2.0
2026/04/23 07:46:31.000   3509416.4498    779160.3517   5250969.1040   2  12   0.0223   0.0094   0.0182  -0.0083  -0.0021   0.0146   0.00    2.0
2026/04/23 07:46:31.100   3509416.4528    779160.3499   5250969.1018   2  12   0.0223   0.0094   0.0182  -0.0083  -0.0021   0.0146   0.10    2.0
2026/04/23 07:46:31.200   3509416.4530    779160.3495   5250969.0995   2  12   0.0223   0.0094   0.0182  -0.0083  -0.0021   0.0146   0.20    2.0
2026/04/23 07:46:31.300   3509416.4528    779160.3501   5250969.0981   2  12   0.0223   0.0094   0.0182  -0.0083  -0.0021   0.0146   0.30    2.0
2026/04/23 07:46:31.400   3509416.4561    779160.3502   5250969.0989   2  12   0.0223   0.0094   0.0182  -0.0083  -0.0021   0.0146   0.40    2.0
2026/04/23 07:46:31.500   3509416.4583    779160.3489   5250969.1004   2  12   0.0223   0.0094   0.0183  -0.0083  -0.0021   0.0146  -0.50    1.2
2026/04/23 07:46:31.600   3509416.4618    779160.3491   5250969.1025   2  12   0.0223   0.0094   0.0183  -0.0083  -0.0021   0.0146  -0.40    1.2
2026/04/23 07:46:31.700   3509416.4585    779160.3476   5250969.1063   2  12   0.0223   0.0094   0.0182  -0.0083  -0.0021   0.0146  -0.30    1.2
2026/04/23 07:46:31.800   3509416.4522    779160.3466   5250969.1122   2  12   0.0223   0.0094   0.0182  -0.0083  -0.0021   0.0146  -0.20    1.3
2026/04/23 07:46:31.900   3509416.4499    779160.3489   5250969.1142   2  12   0.0223   0.0094   0.0182  -0.0083  -0.0021   0.0146  -0.10    1.2
2026/04/23 07:46:32.000   3509416.4541    779160.3520   5250969.1151   2  12   0.0223   0.0094   0.0182  -0.0083  -0.0021   0.0146   0.00    1.2
2026/04/23 07:46:32.100   3509416.4544    779160.3530   5250969.1143   2  12   0.0223   0.0094   0.0182  -0.0083  -0.0021   0.0146   0.10    1.2
2026/04/23 07:46:32.200   3509416.4537    779160.3546   5250969.1124   2  12   0.0223   0.0094   0.0182  -0.0083  -0.0021   0.0146   0.20    1.2
2026/04/23 07:46:32.300   3509416.4417    779160.3567   5250969.1101   2  12   0.0223   0.0094   0.0182  -0.0083  -0.0021   0.0146   0.30    1.2
2026/04/23 07:46:32.400   3509416.4311    779160.3585   5250969.1100   2  12   0.0223   0.0094   0.0182  -0.0083  -0.0021   0.0146   0.40    1.1
2026/04/23 07:46:32.500   3509416.4298    779160.3589   5250969.1111   2  12   0.0223   0.0094   0.0182  -0.0083  -0.0021   0.0146  -0.50    1.2
2026/04/23 07:46:32.600   3509416.4365    779160.3552   5250969.1117   2  12   0.0223   0.0094   0.0182  -0.0083  -0.0021   0.0146  -0.40    1.1
2026/04/23 07:46:32.700   3509416.4415    779160.3529   5250969.1117   2  12   0.0223   0.0094   0.0182  -0.0083  -0.0021   0.0146  -0.30    1.2
2026/04/23 07:46:32.800   3509416.4463    779160.3522   5250969.1101   2  12   0.0223   0.0094   0.0182  -0.0083  -0.0021   0.0146  -0.20    1.2
2026/04/23 07:46:32.900   3509416.4490    779160.3518   5250969.1075   2  12   0.0223   0.0094   0.0182  -0.0083  -0.0021   0.0146  -0.10    1.1
2026/04/23 07:46:33.000   3509416.4505    779160.3514   5250969.1044   2  12   0.0223   0.0094   0.0182  -0.0083  -0.0021   0.0146   0.00    1.1
2026/04/23 07:46:33.100   3509416.4536    779160.3502   5250969.1008   2  12   0.0223   0.0094   0.0182  -0.0083  -0.0021   0.0146   0.10    1.4
2026/04/23 07:46:33.200   3509416.4561    779160.3500   5250969.0996   2  12   0.0222   0.0094   0.0182  -0.0083  -0.0021   0.0146   0.20    1.1
2026/04/23 07:46:33.300   3509416.4555    779160.3497   5250969.0995   2  12   0.0222   0.0094   0.0182  -0.0083  -0.0021   0.0146   0.30    2.2
2026/04/23 07:46:33.400   3509416.4558    779160.3487   5250969.0986   2  12   0.0222   0.0094   0.0182  -0.0083  -0.0021   0.0146   0.40    2.2
2026/04/23 07:46:33.500   3509416.4534    779160.3486   5250969.0969   2  12   0.0223   0.0094   0.0182  -0.0083  -0.0021   0.0146  -0.50    2.2
2026/04/23 07:46:33.600   3509416.4535    779160.3482   5250969.0973   2  12   0.0222   0.0094   0.0182  -0.0083  -0.0021   0.0146  -0.40    2.2
2026/04/23 07:46:33.700   3509416.4532    779160.3493   5250969.0964   2  12   0.0222   0.0094   0.0182  -0.0083  -0.0021   0.0146  -0.30    2.2
2026/04/23 07:46:33.800   3509416.4524    779160.3499   5250969.0965   2  12   0.0222   0.0094   0.0182  -0.0083  -0.0021   0.0146  -0.20    2.2
2026/04/23 07:46:33.900   3509416.4530    779160.3480   5250969.0957   2  12   0.0222   0.0094   0.0182  -0.0083  -0.0021   0.0146  -0.10    2.2
2026/04/23 07:46:34.000   3509416.4512    779160.3464   5250969.0961   2  12   0.0222   0.0094   0.0182  -0.0083  -0.0021   0.0146   0.00    2.2
2026/04/23 07:46:34.100   3509416.4495    779160.3483   5250969.0955   2  12   0.0222   0.0094   0.0182  -0.0083  -0.0021   0.0146   0.10    2.2
2026/04/23 07:46:34.200   3509416.4489    779160.3482   5250969.0932   2  12   0.0222   0.0094   0.0182  -0.0083  -0.0021   0.0145   0.20    2.2
2026/04/23 07:46:34.300   3509416.4462    779160.3482   5250969.0916   2  12   0.0222   0.0094   0.0182  -0.0083  -0.0021   0.0145   0.30    1.1
2026/04/23 07:46:34.400   3509416.4429    779160.3477   5250969.0918   2  12   0.0222   0.0094   0.0182  -0.0083  -0.0021   0.0145   0.40    1.1
2026/04/23 07:46:34.500   3509416.4398    779160.3465   5250969.0905   2  12   0.0222   0.0094   0.0182  -0.0083  -0.0021   0.0145  -0.50    1.1
2026/04/23 07:46:34.600   3509416.4415    779160.3455   5250969.0892   2  12   0.0222   0.0094   0.0182  -0.0083  -0.0021   0.0145  -0.40    1.5
2026/04/23 07:46:34.700   3509416.4430    779160.3448   5250969.0904   2  12   0.0222   0.0094   0.0182  -0.0083  -0.0021   0.0145  -0.30    1.1
2026/04/23 07:46:34.800   3509416.4428    779160.3439   5250969.0906   2  12   0.0222   0.0094   0.0182  -0.0083  -0.0021   0.0145  -0.20    2.0
2026/04/23 07:46:34.900   3509416.4418    779160.3435   5250969.0910   2  12   0.0222   0.0094   0.0182  -0.0083  -0.0021   0.0145  -0.10    2.0
2026/04/23 07:46:35.000   3509416.4421    779160.3430   5250969.0911   2  12   0.0222   0.0094   0.0182  -0.0083  -0.0021   0.0145   0.00    2.0
2026/04/23 07:46:35.100   3509416.4434    779160.3438   5250969.0922   2  12   0.0222   0.0094   0.0182  -0.0083  -0.0021   0.0145   0.10    2.0
2026/04/23 07:46:35.200   3509416.4419    779160.3426   5250969.0936   2  12   0.0222   0.0094   0.0182  -0.0083  -0.0021   0.0145   0.20    2.0
2026/04/23 07:46:35.300   3509416.4396    779160.3425   5250969.0933   2  12   0.0222   0.0094   0.0182  -0.0083  -0.0021   0.0145   0.30    2.0
2026/04/23 07:46:35.400   3509416.4439    779160.3438   5250969.0940   2  12   0.0222   0.0094   0.0182  -0.0083  -0.0021   0.0145   0.40    2.0
2026/04/23 07:46:35.500   3509416.4430    779160.3436   5250969.0930   2  12   0.0222   0.0094   0.0182  -0.0083  -0.0021   0.0145  -0.50    2.0
2026/04/23 07:46:35.600   3509416.4382    779160.3417   5250969.0893   2  12   0.0222   0.0094   0.0182  -0.0083  -0.0021   0.0145  -0.40    2.0
2026/04/23 07:46:35.700   3509416.4340    779160.3393   5250969.0894   2  12   0.0222   0.0094   0.0182  -0.0083  -0.0021   0.0145  -0.30    2.0
2026/04/23 07:46:35.800   3509416.4361    779160.3408   5250969.0914   2  12   0.0222   0.0094   0.0182  -0.0083  -0.0021   0.0145  -0.20    1.1
2026/04/23 07:46:35.900   3509416.4393    779160.3417   5250969.0933   2  12   0.0222   0.0094   0.0182  -0.0083  -0.0021   0.0145  -0.10    1.2
2026/04/23 07:46:36.000   3509416.4435    779160.3447   5250969.0939   2  12   0.0222   0.0094   0.0182  -0.0083  -0.0021   0.0145   0.00    1.1
2026/04/23 07:46:36.100   3509416.4450    779160.3451   5250969.0942   2  12   0.0222   0.0093   0.0182  -0.0083  -0.0021   0.0145   0.10    1.2
2026/04/23 07:46:36.200   3509416.4436    779160.3447   5250969.0929   2  12   0.0222   0.0094   0.0182  -0.0083  -0.0021   0.0145   0.20    1.1
2026/04/23 07:46:36.300   3509416.4433    779160.3461   5250969.0921   2  12   0.0222   0.0094   0.0182  -0.0083  -0.0021   0.0145   0.30    1.1
2026/04/23 07:46:36.400   3509416.4441    779160.3472   5250969.0919   2  12   0.0222   0.0094   0.0182  -0.0083  -0.0021   0.0145   0.40    1.1
2026/04/23 07:46:36.500   3509416.4466    779160.3466   5250969.0908   2  12   0.0224   0.0097   0.0183  -0.0079   0.0005   0.0147  -0.50    1.0
2026/04/23 07:46:36.600   3509416.4466    779160.3466   5250969.0910   2  12   0.0225   0.0099   0.0184  -0.0075   0.0021   0.0149  -0.40    1.0
2026/04/23 07:46:36.700   3509416.4498    779160.3482   5250969.0892   2  12   0.0227   0.0100   0.0185  -0.0072   0.0028   0.0151  -0.30    1.0
2026/04/23 07:46:36.800   3509416.4540    779160.3473   5250969.0874   2  11   0.0228   0.0101   0.0187  -0.0070   0.0033   0.0153  -0.20    1.2
2026/04/23 07:46:36.900   3509416.4525    779160.3462   5250969.0872   2  12   0.0229   0.0100   0.0188  -0.0070   0.0034   0.0154  -0.10    1.0
2026/04/23 07:46:37.000   3509416.4469    779160.3432   5250969.0889   2  11   0.0230   0.0101   0.0189  -0.0068   0.0037   0.0155   0.00    1.1
2026/04/23 07:46:37.100   3509416.4440    779160.3416   5250969.0913   2  12   0.0230   0.0099   0.0189  -0.0070   0.0036   0.0156   0.10    1.0
2026/04/23 07:46:37.200   3509416.4416    779160.3391   5250969.0934   2  12   0.0230   0.0098   0.0190  -0.0070   0.0035   0.0157   0.20    1.0
2026/04/23 07:46:37.300   3509416.4412    779160.3412   5250969.0945   2  12   0.0231   0.0098   0.0190  -0.0071   0.0034   0.0157   0.30    1.0
2026/04/23 07:46:37.400   3509416.4412    779160.3427   5250969.0994   2  12   0.0231   0.0098   0.0191  -0.0072   0.0033   0.0157   0.40    1.0
2026/04/23 07:46:37.500   3509416.4412    779160.3421   5250969.1007   2  12   0.0231   0.0097   0.0191  -0.0072   0.0032   0.0157  -0.50    1.0
2026/04/23 07:46:37.600   3509416.4399    779160.3431   5250969.0982   2  12   0.0230   0.0097   0.0191  -0.0073   0.0031   0.0157  -0.40    1.0
2026/04/23 07:46:37.700   3509416.4411    779160.3446   5250969.0936   2  12   0.0230   0.0097   0.0191  -0.0073   0.0031   0.0157  -0.30    1.1
2026/04/23 07:46:37.800   3509416.4481    779160.3429   5250969.0901   2  12   0.0230   0.0097   0.0190  -0.0074   0.0030   0.0156  -0.20    1.0
2026/04/23 07:46:37.900   3509416.4451    779160.3399   5250969.0950   2  12   0.0229   0.0096   0.0190  -0.0074   0.0028   0.0156  -0.10    1.0
2026/04/23 07:46:38.000   3509416.4491    779160.3374   5250969.0977   2  12   0.0229   0.0096   0.0190  -0.0075   0.0027   0.0155   0.00    1.0
2026/04/23 07:46:38.100   3509416.4517    779160.3375   5250969.0964   2  12   0.0229   0.0096   0.0189  -0.0075   0.0026   0.0155   0.10    1.1
2026/04/23 07:46:38.200   3509416.4535    779160.3405   5250969.0937   2  12   0.0228   0.0096   0.0189  -0.0076   0.0025   0.0154   0.20    1.0
2026/04/23 07:46:38.300   3509416.4441    779160.3407   5250969.0928   2  12   0.0228   0.0096   0.0189  -0.0076   0.0024   0.0154   0.30    1.2
2026/04/23 07:46:38.400   3509416.4306    779160.3420   5250969.0957   2  12   0.0228   0.0096   0.0188  -0.0077   0.0023   0.0153   0.40    1.0
2026/04/23 07:46:38.500   3509416.4201    779160.3429   5250969.1001   2  12   0.0227   0.0096   0.0188  -0.0077   0.0022   0.0153  -0.50    1.1
2026/04/23 07:46:38.600   3509416.4164    779160.3440   5250969.1044   2  12   0.0227   0.0095   0.0188  -0.0077   0.0021   0.0152  -0.40    1.0
2026/04/23 07:46:38.700   3509416.4142    779160.3442   5250969.1081   2  12   0.0227   0.0095   0.0187  -0.0078   0.0019   0.0152  -0.30    1.2
2026/04/23 07:46:38.800   3509416.4172    779160.3431   5250969.1086   2  12   0.0226   0.0095   0.0187  -0.0078   0.0018   0.0151  -0.20    1.0
2026/04/23 07:46:38.900   3509416.4200    779160.3431   5250969.1095   2  12   0.0226   0.0095   0.0186  -0.0078   0.0017   0.0151  -0.10    1.0
2026/04/23 07:46:39.000   3509416.4166    779160.3422   5250969.1102   2  12   0.0226   0.0095   0.0186  -0.0078   0.0015   0.0151   0.00    1.0
2026/04/23 07:46:39.100   3509416.4181    779160.3421   5250969.1093   2  12   0.0225   0.0095   0.0186  -0.0079   0.0014   0.0150   0.10    1.1
2026/04/23 07:46:39.200   3509416.4204    779160.3415   5250969.1087   2  12   0.0225   0.0095   0.0185  -0.0079   0.0012   0.0150   0.20    1.0
2026/04/23 07:46:39.300   3509416.4232    779160.3400   5250969.1081   2  12   0.0225   0.0095   0.0185  -0.0079   0.0010   0.0149   0.30    1.2
2026/04/23 07:46:39.400   3509416.4203    779160.3390   5250969.1063   2  12   0.0225   0.0095   0.0185  -0.0079   0.0009   0.0149   0.40    1.1
2026/04/23 07:46:39.500   3509416.4188    779160.3393   5250969.1043   2  12   0.0224   0.0095   0.0185  -0.0080   0.0007   0.0149  -0.50    1.2
2026/04/23 07:46:39.600   3509416.4164    779160.3390   5250969.1039   2  12   0.0224   0.0095   0.0185  -0.0080   0.0004   0.0149  -0.40    1.1
2026/04/23 07:46:39.700   3509416.4172    779160.3380   5250969.1032   2  12   0.0224   0.0095   0.0184  -0.0080  -0.0003   0.0148  -0.30    1.1
2026/04/23 07:46:39.800   3509416.4194    779160.3370   5250969.1026   2  12   0.0224   0.0094   0.0184  -0.0080  -0.0006   0.0148  -0.20    1.1
2026/04/23 07:46:39.900   3509416.4240    779160.3383   5250969.1038   2  12   0.0224   0.0094   0.0184  -0.0080  -0.0008   0.0148  -0.10    1.1
2026/04/23 07:46:40.000   3509416.4282    779160.3388   5250969.1016   2  12   0.0224   0.0094   0.0184  -0.0080  -0.0009   0.0148   0.00    1.1
2026/04/23 07:46:40.100   3509416.4323    779160.3379   5250969.0997   2  12   0.0223   0.0094   0.0184  -0.0081  -0.0010   0.0148   0.10    1.1
2026/04/23 07:46:40.200   3509416.4284    779160.3374   5250969.0979   2  12   0.0223   0.0094   0.0183  -0.0081  -0.0011   0.0147   0.20    1.3
2026/04/23 07:46:40.300   3509416.4268    779160.3362   5250969.0960   2  12   0.0223   0.0094   0.0183  -0.0081  -0.0012   0.0147   0.30    1.1
2026/04/23 07:46:40.400   3509416.4265    779160.3358   5250969.0960   2  12   0.0223   0.0094   0.0183  -0.0081  -0.0012   0.0147   0.40    1.1
2026/04/23 07:46:40.500   3509416.4233    779160.3364   5250969.0975   2  12   0.0223   0.0094   0.0183  -0.0081  -0.0013   0.0147  -0.50    1.1
2026/04/23 07:46:40.600   3509416.4205    779160.3345   5250969.0986   2  12   0.0223   0.0094   0.0183  -0.0081  -0.0013   0.0147  -0.40    1.2
2026/04/23 07:46:40.700   3509416.4194    779160.3342   5250969.0998   2  12   0.0223   0.0094   0.0183  -0.0081  -0.0014   0.0147  -0.30    1.1
2026/04/23 07:46:40.800   3509416.4199    779160.3345   5250969.1018   2  12   0.0223   0.0094   0.0183  -0.0081  -0.0014   0.0147  -0.20    1.3
2026/04/23 07:46:40.900   3509416.4202    779160.3338   5250969.1040   2  12   0.0223   0.0094   0.0183  -0.0081  -0.0014   0.0147  -0.10    1.1
2026/04/23 07:46:41.000   3509416.4216    779160.3313   5250969.1078   2  12   0.0223   0.0094   0.0183  -0.0081  -0.0015   0.0147   0.00    1.2
2026/04/23 07:46:41.100   3509416.4218    779160.3314   5250969.1107   2  12   0.0223   0.0094   0.0183  -0.0081  -0.0015   0.0146   0.10    1.1
2026/04/23 07:46:41.200   3509416.4216    779160.3359   5250969.1113   2  12   0.0223   0.0094   0.0183  -0.0081  -0.0015   0.0146   0.20    1.2
2026/04/23 07:46:41.300   3509416.4243    779160.3383   5250969.1111   2  12   0.0223   0.0094   0.0183  -0.0081  -0.0015   0.0146   0.30    1.1
2026/04/23 07:46:41.400   3509416.4239    779160.3420   5250969.1129   2  12   0.0223   0.0094   0.0183  -0.0081  -0.0015   0.0146   0.40    1.1
2026/04/23 07:46:41.500   3509416.4300    779160.3410   5250969.1130   2  12   0.0223   0.0094   0.0183  -0.0081  -0.0015   0.0146  -0.50    1.1
2026/04/23 07:46:41.600   3509416.4386    779160.3383   5250969.1113   2  12   0.0222   0.0094   0.0183  -0.0081  -0.0016   0.0146  -0.40    1.2
2026/04/23 07:46:41.700   3509416.4421    779160.3375   5250969.1110   2  12   0.0222   0.0094   0.0183  -0.0082  -0.0016   0.0146  -0.30    1.1
2026/04/23 07:46:41.800   3509416.4453    779160.3366   5250969.1111   2  12   0.0222   0.0094   0.0183  -0.0082  -0.0016   0.0146  -0.20    1.2
2026/04/23 07:46:41.900   3509416.4466    779160.3351   5250969.1120   2  12   0.0222   0.0094   0.0183  -0.0082  -0.0016   0.0146  -0.10    1.1
2026/04/23 07:46:42.000   3509416.4508    779160.3369   5250969.1110   2  12   0.0222   0.0094   0.0183  -0.0082  -0.0016   0.0146   0.00    1.3
2026/04/23 07:46:42.100   3509416.4543    779160.3379   5250969.1090   2  12   0.0222   0.0094   0.0183  -0.0082  -0.0016   0.0146   0.10    1.1
2026/04/23 07:46:42.200   3509416.4538    779160.3368   5250969.1096   2  12   0.0222   0.0094   0.0183  -0.0082  -0.0016   0.0146   0.20    1.1
2026/04/23 07:46:42.300   3509416.4540    779160.3378   5250969.1130   2  12   0.0222   0.0094   0.0183  -0.0082  -0.0016   0.0146   0.30    1.1
2026/04/23 07:46:42.400   3509416.4534    779160.3396   5250969.1178   2  12   0.0222   0.0094   0.0183  -0.0082  -0.0016   0.0146   0.40    1.1
2026/04/23 07:46:42.500   3509416.4520    779160.3417   5250969.1232   2  12   0.0222   0.0094   0.0183  -0.0082  -0.0016   0.0146  -0.50    1.1
2026/04/23 07:46:42.600   3509416.4514    779160.3422   5250969.1269   2  12   0.0222   0.0094   0.0183  -0.0082  -0.0016   0.0146  -0.40    1.1
2026/04/23 07:46:42.700   3509416.4495    779160.3417   5250969.1275   2  12   0.0222   0.0094   0.0183  -0.0082  -0.0016   0.0146  -0.30    1.4
2026/04/23 07:46:42.800   3509416.4497    779160.3408   5250969.1267   2  12   0.0222   0.0094   0.0183  -0.0082  -0.0017   0.0146  -0.20    1.1
2026/04/23 07:46:42.900   3509416.4499    779160.3386   5250969.1258   2  12   0.0222   0.0094   0.0182  -0.0082  -0.0017   0.0146  -0.10    1.1
2026/04/23 07:46:43.000   3509416.4505    779160.3359   5250969.1262   2  12   0.0222   0.0094   0.0182  -0.0082  -0.0017   0.0146   0.00    1.1
2026/04/23 07:46:43.100   3509416.4492    779160.3369   5250969.1271   2  12   0.0222   0.0094   0.0182  -0.0082  -0.0017   0.0146   0.10    1.2
2026/04/23 07:46:43.200   3509416.4465    779160.3359   5250969.1307   2  12   0.0222   0.0094   0.0182  -0.0082  -0.0017   0.0146   0.20    1.1
2026/04/23 07:46:43.300   3509416.4448    779160.3350   5250969.1322   2  12   0.0222   0.0094   0.0182  -0.0082  -0.0017   0.0146   0.30    1.4
2026/04/23 07:46:43.400   3509416.4431    779160.3347   5250969.1349   2  12   0.0222   0.0094   0.0182  -0.0082  -0.0017   0.0146   0.40    1.1
2026/04/23 07:46:43.500   3509416.4431    779160.3348   5250969.1349   2  12   0.0222   0.0094   0.0183  -0.0082  -0.0017   0.0146  -0.50    1.3
2026/04/23 07:46:43.600   3509416.4432    779160.3359   5250969.1341   2  12   0.0222   0.0094   0.0183  -0.0082  -0.0017   0.0146  -0.40    1.1
2026/04/23 07:46:43.700   3509416.4442    779160.3363   5250969.1319   2  12   0.0222   0.0094   0.0182  -0.0082  -0.0017   0.0146  -0.30    1.1
2026/04/23 07:46:43.800   3509416.4458    779160.3367   5250969.1311   2  12   0.0222   0.0094   0.0182  -0.0082  -0.0017   0.0146  -0.20    1.1
2026/04/23 07:46:43.900   3509416.4448    779160.3380   5250969.1306   2  12   0.0222   0.0094   0.0182  -0.0082  -0.0017   0.0146  -0.10    1.1
2026/04/23 07:46:44.000   3509416.4445    779160.3388   5250969.1301   2  12   0.0222   0.0094   0.0182  -0.0082  -0.0017   0.0146   0.00    1.1
2026/04/23 07:46:44.100   3509416.4462    779160.3364   5250969.1285   2  12   0.0222   0.0094   0.0182  -0.0082  -0.0017   0.0146   0.10    1.2
2026/04/23 07:46:44.200   3509416.4443    779160.3354   5250969.1275   2  12   0.0222   0.0094   0.0182  -0.0082  -0.0017   0.0146   0.20    1.1
2026/04/23 07:46:44.300   3509416.4412    779160.3366   5250969.1275   2  12   0.0222   0.0094   0.0182  -0.0082  -0.0017   0.0146   0.30    1.2
2026/04/23 07:46:44.400   3509416.4398    779160.3393   5250969.1269   2  12   0.0222   0.0094   0.0182  -0.0082  -0.0017   0.0146   0.40    1.1
2026/04/23 07:46:44.500   3509416.4405    779160.3398   5250969.1263   2  12   0.0222   0.0094   0.0182  -0.0082  -0.0017   0.0146  -0.50    1.4
2026/04/23 07:46:44.600   3509416.4395    779160.3396   5250969.1271   2  12   0.0222   0.0094   0.0182  -0.0082  -0.0018   0.0146  -0.40    1.1
2026/04/23 07:46:44.700   3509416.4383    779160.3406   5250969.1292   2  12   0.0222   0.0094   0.0182  -0.0082  -0.0018   0.0146  -0.30    1.1
2026/04/23 07:46:44.800   3509416.4395    779160.3389   5250969.1299   2  12   0.0222   0.0094   0.0182  -0.0082  -0.0018   0.0146  -0.20    1.0
2026/04/23 07:46:44.900   3509416.4427    779160.3389   5250969.1318   2  12   0.0222   0.0094   0.0182  -0.0082  -0.0018   0.0146  -0.10    1.1
2026/04/23 07:46:45.000   3509416.4442    779160.3385   5250969.1331   2  12   0.0222   0.0094   0.0182  -0.0082  -0.0018   0.0146   0.00    1.1
2026/04/23 07:46:45.100   3509416.4445    779160.3397   5250969.1311   2  12   0.0222   0.0094   0.0182  -0.0082  -0.0018   0.0146   0.10    1.1
2026/04/23 07:46:45.200   3509416.4469    779160.3399   5250969.1294   2  12   0.0222   0.0094   0.0182  -0.0082  -0.0018   0.0146   0.20    1.5
2026/04/23 07:46:45.300   3509416.4439    779160.3414   5250969.1274   2  12   0.0222   0.0094   0.0182  -0.0082  -0.0018   0.0146   0.30    1.1
2026/04/23 07:46:45.400   3509416.4449    779160.3402   5250969.1288   2  12   0.0222   0.0094   0.0182  -0.0082  -0.0018   0.0146   0.40    1.0
2026/04/23 07:46:45.500   3509416.4460    779160.3399   5250969.1296   2  12   0.0222   0.0094   0.0182  -0.0082  -0.0018   0.0145  -0.50    1.1
2026/04/23 07:46:45.600   3509416.4451    779160.3404   5250969.1308   2  12   0.0222   0.0094   0.0182  -0.0082  -0.0018   0.0145  -0.40    1.3
2026/04/23 07:46:45.700   3509416.4428    779160.3401   5250969.1337   2  12   0.0222   0.0094   0.0182  -0.0082  -0.0018   0.0145  -0.30    1.1
2026/04/23 07:46:45.800   3509416.4424    779160.3401   5250969.1367   2  12   0.0222   0.0094   0.0182  -0.0082  -0.0018   0.0145  -0.20    1.5
2026/04/23 07:46:45.900   3509416.4423    779160.3402   5250969.1398   2  12   0.0222   0.0094   0.0182  -0.0082  -0.0018   0.0145  -0.10    1.1
2026/04/23 07:46:46.000   3509416.4406    779160.3393   5250969.1429   2  12   0.0222   0.0094   0.0182  -0.0082  -0.0018   0.0145   0.00    1.3
2026/04/23 07:46:46.100   3509416.4418    779160.3400   5250969.1450   2  12   0.0222   0.0094   0.0182  -0.0082  -0.0018   0.0145   0.10    1.1
2026/04/23 07:46:46.200   3509416.4438    779160.3407   5250969.1453   2  12   0.0222   0.0094   0.0182  -0.0082  -0.0018   0.0145   0.20    1.1
2026/04/23 07:46:46.300   3509416.4458    779160.3425   5250969.1450   2  12   0.0222   0.0094   0.0182  -0.0082  -0.0018   0.0145   0.30    1.1
2026/04/23 07:46:46.400   3509416.4469    779160.3438   5250969.1439   2  12   0.0222   0.0094   0.0182  -0.0082  -0.0018   0.0145   0.40    1.1
2026/04/23 07:46:46.500   3509416.4481    779160.3470   5250969.1418   2  12   0.0222   0.0094   0.0182  -0.0082  -0.0018   0.0145  -0.50    1.1
2026/04/23 07:46:46.600   3509416.4493    779160.3488   5250969.1408   2  12   0.0222   0.0094   0.0182  -0.0082  -0.0018   0.0145  -0.40    1.2
2026/04/23 07:46:46.700   3509416.4492    779160.3489   5250969.1387   2  12   0.0222   0.0094   0.0182  -0.0082  -0.0019   0.0145  -0.30    1.1
2026/04/23 07:46:46.800   3509416.4499    779160.3485   5250969.1355   2  12   0.0222   0.0094   0.0182  -0.0082  -0.0019   0.0145  -0.20    1.2
2026/04/23 07:46:46.900   3509416.4476    779160.3463   5250969.1348   2  12   0.0222   0.0094   0.0182  -0.0082  -0.0019   0.0145  -0.10    1.1
2026/04/23 07:46:47.000   3509416.4465    779160.3439   5250969.1339   2  12   0.0221   0.0094   0.0182  -0.0082  -0.0019   0.0145   0.00    1.4
2026/04/23 07:46:47.100   3509416.4454    779160.3417   5250969.1321   2  12   0.0221   0.0094   0.0182  -0.0082  -0.0019   0.0145   0.10    1.1
2026/04/23 07:46:47.200   3509416.4449    779160.3416   5250969.1293   2  12   0.0221   0.0094   0.0182  -0.0082  -0.0019   0.0145   0.20    1.0
2026/04/23 07:46:47.300   3509416.4491    779160.3389   5250969.1276   2  12   0.0222   0.0094   0.0182  -0.0082  -0.0019   0.0145   0.30    1.0
2026/04/23 07:46:47.400   3509416.4464    779160.3386   5250969.1258   2  12   0.0221   0.0094   0.0182  -0.0082  -0.0019   0.0145   0.40    1.0
2026/04/23 07:46:47.500   3509416.4433    779160.3383   5250969.1244   2  12   0.0222   0.0094   0.0182  -0.0082  -0.0019   0.0145  -0.50    1.2
2026/04/23 07:46:47.600   3509416.4444    779160.3391   5250969.1235   2  12   0.0222   0.0094   0.0182  -0.0082  -0.0019   0.0145  -0.40    1.0
2026/04/23 07:46:47.700   3509416.4452    779160.3386   5250969.1249   2  12   0.0221   0.0094   0.0182  -0.0082  -0.0019   0.0145  -0.30    1.6
2026/04/23 07:46:47.800   3509416.4421    779160.3367   5250969.1256   2  12   0.0221   0.0094   0.0182  -0.0082  -0.0019   0.0145  -0.20    1.6
2026/04/23 07:46:47.900   3509416.4398    779160.3362   5250969.1261   2  12   0.0221   0.0093   0.0182  -0.0082  -0.0019   0.0145  -0.10    1.6
2026/04/23 07:46:48.000   3509416.4375    779160.3358   5250969.1276   2  12   0.0221   0.0093   0.0182  -0.0082  -0.0019   0.0145   0.00    1.6
2026/04/23 07:46:48.100   3509416.4358    779160.3365   5250969.1278   2  12   0.0221   0.0093   0.0182  -0.0082  -0.0019   0.0145   0.10    1.6
2026/04/23 07:46:48.200   3509416.4317    779160.3371   5250969.1287   2  12   0.0221   0.0093   0.0182  -0.0082  -0.0019   0.0145   0.20    1.6
2026/04/23 07:46:48.300   3509416.4293    779160.3368   5250969.1279   2  12   0.0221   0.0094   0.0182  -0.0082  -0.0019   0.0145   0.30    1.6
2026/04/23 07:46:48.400   3509416.4291    779160.3380   5250969.1279   2  12   0.0221   0.0094   0.0182  -0.0082  -0.0019   0.0145   0.40    1.6
2026/04/23 07:46:48.500   3509416.4290    779160.3389   5250969.1260   2  12   0.0221   0.0094   0.0182  -0.0082  -0.0019   0.0145  -0.50    1.6
2026/04/23 07:46:48.600   3509416.4293    779160.3398   5250969.1236   2  12   0.0221   0.0094   0.0182  -0.0082  -0.0019   0.0145  -0.40    1.6
2026/04/23 07:46:48.700   3509416.4305    779160.3401   5250969.1224   2  12   0.0221   0.0094   0.0182  -0.0082  -0.0019   0.0145  -0.30    1.0
2026/04/23 07:46:48.800   3509416.4274    779160.3402   5250969.1230   2  12   0.0221   0.0093   0.0182  -0.0082  -0.0019   0.0145  -0.20    1.0
2026/04/23 07:46:48.900   3509416.4210    779160.3400   5250969.1248   2  12   0.0221   0.0093   0.0182  -0.0082  -0.0019   0.0145  -0.10    1.0
2026/04/23 07:46:49.000   3509416.4197    779160.3417   5250969.1271   2  12   0.0221   0.0093   0.0182  -0.0082  -0.0019   0.0145   0.00    1.4
2026/04/23 07:46:49.100   3509416.4260    779160.3404   5250969.1227   2  12   0.0221   0.0093   0.0182  -0.0082  -0.0019   0.0145   0.10    1.0
2026/04/23 07:46:49.200   3509416.4292    779160.3368   5250969.1200   2  12   0.0221   0.0093   0.0182  -0.0082  -0.0019   0.0145   0.20    1.5
2026/04/23 07:46:49.300   3509416.4351    779160.3358   5250969.1170   2  11   0.0223   0.0093   0.0184  -0.0082  -0.0021   0.0142   0.30    1.2
2026/04/23 07:46:49.400   3509416.4381    779160.3353   5250969.1142   2  11   0.0225   0.0094   0.0186  -0.0082  -0.0021   0.0140   0.40    1.2
2026/04/23 07:46:49.500   3509416.4395    779160.3348   5250969.1093   2  11   0.0226   0.0094   0.0187  -0.0082  -0.0021   0.0138  -0.50    1.2
2026/04/23 07:46:49.600   3509416.4394    779160.3349   5250969.1081   2  11   0.0226   0.0094   0.0188  -0.0082  -0.0021   0.0137  -0.40    1.2
2026/04/23 07:46:49.700   3509416.4388    779160.3382   5250969.1071   2  11   0.0226   0.0094   0.0188  -0.0082  -0.0021   0.0137  -0.30    1.2
2026/04/23 07:46:49.800   3509416.4354    779160.3421   5250969.1080   2  11   0.0226   0.0093   0.0188  -0.0082  -0.0021   0.0137  -0.20    1.2
2026/04/23 07:46:49.900   3509416.4347    779160.3442   5250969.1091   2  11   0.0226   0.0093   0.0188  -0.0082  -0.0021   0.0137  -0.10    1.2
2026/04/23 07:46:50.000   3509416.4344    779160.3457   5250969.1109   2  11   0.0226   0.0093   0.0188  -0.0082  -0.0021   0.0137   0.00    1.2
2026/04/23 07:46:50.100   3509416.4316    779160.3460   5250969.1119   2  11   0.0226   0.0093   0.0188  -0.0082  -0.0021   0.0137   0.10    1.2
2026/04/23 07:46:50.200   3509416.4248    779160.3449   5250969.1132   2  11   0.0226   0.0093   0.0188  -0.0082  -0.0021   0.0137   0.20    1.2
2026/04/23 07:46:50.300   3509416.4229    779160.3433   5250969.1109   2  11   0.0226   0.0093   0.0188  -0.0082  -0.0021   0.0137   0.30    1.2
2026/04/23 07:46:50.400   3509416.4219    779160.3420   5250969.1086   2  11   0.0226   0.0094   0.0188  -0.0082  -0.0021   0.0137   0.40    1.2
2026/04/23 07:46:50.500   3509416.4211    779160.3391   5250969.1058   2  11   0.0226   0.0094   0.0188  -0.0082  -0.0021   0.0137  -0.50    1.2
2026/04/23 07:46:50.600   3509416.4214    779160.3413   5250969.1074   2  11   0.0226   0.0094   0.0188  -0.0082  -0.0021   0.0137  -0.40    1.2
2026/04/23 07:46:50.700   3509416.4230    779160.3391   5250969.1080   2  11   0.0226   0.0094   0.0188  -0.0082  -0.0021   0.0137  -0.30    1.2
2026/04/23 07:46:50.800   3509416.4267    779160.3399   5250969.1096   2  11   0.0226   0.0093   0.0188  -0.0082  -0.0021   0.0137  -0.20    1.2
2026/04/23 07:46:50.900   3509416.4251    779160.3392   5250969.1104   2  10   0.0228   0.0096   0.0189  -0.0077  -0.0006   0.0139  -0.10    1.4
2026/04/23 07:46:51.000   3509416.4254    779160.3387   5250969.1115   2  11   0.0228   0.0095   0.0189  -0.0079  -0.0013   0.0138   0.00    1.2
2026/04/23 07:46:51.100   3509416.4238    779160.3350   5250969.1100   2  11   0.0227   0.0094   0.0189  -0.0080  -0.0016   0.0138   0.10    1.2
2026/04/23 07:46:51.200   3509416.4201    779160.3350   5250969.1082   2  11   0.0227   0.0094   0.0189  -0.0081  -0.0018   0.0138   0.20    1.2
2026/04/23 07:46:51.300   3509416.4162    779160.3368   5250969.1088   2  11   0.0227   0.0094   0.0189  -0.0081  -0.0020   0.0137   0.30    1.2
2026/04/23 07:46:51.400   3509416.4166    779160.3374   5250969.1103   2  11   0.0227   0.0093   0.0189  -0.0082  -0.0020   0.0137   0.40    1.2
2026/04/23 07:46:51.500   3509416.4222    779160.3394   5250969.1120   2  11   0.0227   0.0094   0.0189  -0.0082  -0.0021   0.0137  -0.50    1.2
2026/04/23 07:46:51.600   3509416.4263    779160.3401   5250969.1118   2  11   0.0227   0.0094   0.0189  -0.0082  -0.0021   0.0137  -0.40    1.2
2026/04/23 07:46:51.700   3509416.4271    779160.3408   5250969.1119   2  11   0.0226   0.0093   0.0188  -0.0082  -0.0021   0.0137  -0.30    1.2
2026/04/23 07:46:51.800   3509416.4272    779160.3410   5250969.1126   2  11   0.0226   0.0093   0.0188  -0.0082  -0.0021   0.0137  -0.20    1.2
2026/04/23 07:46:51.900   3509416.4266    779160.3422   5250969.1128   2  11   0.0226   0.0093   0.0188  -0.0082  -0.0021   0.0137  -0.10    1.2
2026/04/23 07:46:52.000   3509416.4259    779160.3410   5250969.1126   2  11   0.0226   0.0093   0.0188  -0.0082  -0.0021   0.0137   0.00    1.2
2026/04/23 07:46:52.100   3509416.4277    779160.3416   5250969.1136   2  11   0.0226   0.0093   0.0188  -0.0082  -0.0021   0.0137   0.10    1.2
2026/04/23 07:46:52.200   3509416.4298    779160.3429   5250969.1137   2  11   0.0226   0.0093   0.0188  -0.0082  -0.0021   0.0137   0.20    1.2
2026/04/23 07:46:52.300   3509416.4305    779160.3418   5250969.1107   2  11   0.0226   0.0093   0.0188  -0.0082  -0.0021   0.0137   0.30    1.2
2026/04/23 07:46:52.400   3509416.4320    779160.3407   5250969.1084   2  11   0.0226   0.0093   0.0188  -0.0082  -0.0021   0.0137   0.40    1.2
2026/04/23 07:46:52.500   3509416.4296    779160.3410   5250969.1097   2  11   0.0226   0.0093   0.0188  -0.0082  -0.0021   0.0137  -0.50    1.2
2026/04/23 07:46:52.600   3509416.4291    779160.3398   5250969.1113   2  11   0.0226   0.0093   0.0188  -0.0082  -0.0021   0.0137  -0.40    1.2
2026/04/23 07:46:52.700   3509416.4308    779160.3392   5250969.1094   2  11   0.0226   0.0093   0.0188  -0.0082  -0.0021   0.0137  -0.30    1.2
2026/04/23 07:46:52.800   3509416.4326    779160.3386   5250969.1083   2  11   0.0226   0.0093   0.0188  -0.0082  -0.0021   0.0137  -0.20    1.2
2026/04/23 07:46:52.900   3509416.4340    779160.3411   5250969.1076   2  11   0.0226   0.0093   0.0188  -0.0082  -0.0021   0.0137  -0.10    1.2
2026/04/23 07:46:53.000   3509416.4346    779160.3404   5250969.1059   2  11   0.0226   0.0093   0.0188  -0.0082  -0.0021   0.0137   0.00    1.2
2026/04/23 07:46:53.100   3509416.4332    779160.3394   5250969.1056   2  11   0.0226   0.0093   0.0188  -0.0082  -0.0021   0.0137   0.10    1.2
2026/04/23 07:46:53.200   3509416.4352    779160.3393   5250969.1062   2  11   0.0226   0.0093   0.0188  -0.0082  -0.0021   0.0137   0.20    1.2
2026/04/23 07:46:53.300   3509416.4346    779160.3401   5250969.1073   2  11   0.0226   0.0093   0.0188  -0.0082  -0.0021   0.0137   0.30    1.2
2026/04/23 07:46:53.400   3509416.4349    779160.3391   5250969.1075   2  11   0.0226   0.0093   0.0188  -0.0082  -0.0021   0.0137   0.40    1.2
2026/04/23 07:46:53.500   3509416.4346    779160.3390   5250969.1055   2  11   0.0226   0.0093   0.0188  -0.0082  -0.0021   0.0137  -0.50    1.2
2026/04/23 07:46:53.600   3509416.4357    779160.3394   5250969.1033   2  11   0.0226   0.0093   0.0188  -0.0082  -0.0021   0.0137  -0.40    1.2
2026/04/23 07:46:53.700   3509416.4338    779160.3376   5250969.1045   2  11   0.0226   0.0093   0.0188  -0.0082  -0.0021   0.0137  -0.30    1.2
2026/04/23 07:46:53.800   3509416.4328    779160.3366   5250969.1040   2  11   0.0226   0.0093   0.0188  -0.0082  -0.0021   0.0137  -0.20    1.2
2026/04/23 07:46:53.900   3509416.4328    779160.3357   5250969.1028   2  12   0.0226   0.0093   0.0188  -0.0082  -0.0021   0.0137  -0.10    1.0
2026/04/23 07:46:54.000   3509416.4354    779160.3349   5250969.1041   2  12   0.0226   0.0093   0.0188  -0.0082  -0.0021   0.0137   0.00    1.0
2026/04/23 07:46:54.100   3509416.4396    779160.3346   5250969.1047   2  12   0.0226   0.0093   0.0188  -0.0082  -0.0021   0.0137   0.10    1.0
2026/04/23 07:46:54.200   3509416.4417    779160.3358   5250969.1040   2  12   0.0226   0.0093   0.0188  -0.0082  -0.0021   0.0137   0.20    1.0
2026/04/23 07:46:54.300   3509416.4407    779160.3388   5250969.1063   2  12   0.0225   0.0093   0.0187  -0.0082  -0.0021   0.0138   0.30    1.0
2026/04/23 07:46:54.400   3509416.4400    779160.3391   5250969.1073   2  12   0.0225   0.0093   0.0187  -0.0082  -0.0020   0.0138   0.40    1.0
2026/04/23 07:46:54.500   3509416.4388    779160.3388   5250969.1083   2  12   0.0225   0.0093   0.0187  -0.0082  -0.0020   0.0139  -0.50    1.0
2026/04/23 07:46:54.600   3509416.4426    779160.3385   5250969.1078   2  12   0.0224   0.0093   0.0186  -0.0082  -0.0020   0.0140  -0.40    1.0
2026/04/23 07:46:54.700   3509416.4469    779160.3373   5250969.1057   2  12   0.0223   0.0093   0.0186  -0.0082  -0.0019   0.0141  -0.30    1.0
2026/04/23 07:46:54.800   3509416.4500    779160.3377   5250969.1066   2  12   0.0223   0.0093   0.0185  -0.0082  -0.0019   0.0141  -0.20    1.0
2026/04/23 07:46:54.900   3509416.4506    779160.3354   5250969.1101   2  12   0.0223   0.0093   0.0185  -0.0082  -0.0019   0.0142  -0.10    1.0
2026/04/23 07:46:55.000   3509416.4535    779160.3348   5250969.1130   2  12   0.0222   0.0093   0.0184  -0.0082  -0.0019   0.0142   0.00    1.1
2026/04/23 07:46:55.100   3509416.4557    779160.3380   5250969.1131   2  12   0.0222   0.0093   0.0184  -0.0082  -0.0019   0.0143   0.10    1.0
2026/04/23 07:46:55.200   3509416.4545    779160.3405   5250969.1110   2  12   0.0222   0.0093   0.0184  -0.0082  -0.0019   0.0143   0.20    1.0
2026/04/23 07:46:55.300   3509416.4542    779160.3384   5250969.1088   2  12   0.0222   0.0093   0.0183  -0.0082  -0.0019   0.0143   0.30    1.0
2026/04/23 07:46:55.400   3509416.4585    779160.3351   5250969.1063   2  12   0.0222   0.0093   0.0183  -0.0082  -0.0019   0.0143   0.40    1.2
2026/04/23 07:46:55.500   3509416.4637    779160.3353   5250969.1038   2  12   0.0222   0.0093   0.0183  -0.0082  -0.0019   0.0144  -0.50    1.0
2026/04/23 07:46:55.600   3509416.4617    779160.3392   5250969.1024   2  12   0.0222   0.0093   0.0183  -0.0082  -0.0019   0.0144  -0.40    1.0
2026/04/23 07:46:55.700   3509416.4575    779160.3416   5250969.1003   2  12   0.0222   0.0093   0.0183  -0.0082  -0.0019   0.0144  -0.30    1.0
2026/04/23 07:46:55.800   3509416.4566    779160.3388   5250969.0984   2  12   0.0222   0.0093   0.0183  -0.0082  -0.0020   0.0144  -0.20    1.0
2026/04/23 07:46:55.900   3509416.4582    779160.3337   5250969.1004   2  12   0.0222   0.0093   0.0183  -0.0082  -0.0020   0.0144  -0.10    1.0
2026/04/23 07:46:56.000   3509416.4597    779160.3264   5250969.1072   2  12   0.0221   0.0093   0.0183  -0.0082  -0.0020   0.0144   0.00    1.1
2026/04/23 07:46:56.100   3509416.4595    779160.3202   5250969.1101   2  12   0.0221   0.0093   0.0182  -0.0082  -0.0020   0.0144   0.10    1.0
2026/04/23 07:46:56.200   3509416.4586    779160.3160   5250969.1122   2  12   0.0221   0.0093   0.0182  -0.0082  -0.0020   0.0144   0.20    1.0
2026/04/23 07:46:56.300   3509416.4569    779160.3211   5250969.1108   2  12   0.0221   0.0093   0.0182  -0.0082  -0.0020   0.0144   0.30    1.1
2026/04/23 07:46:56.400   3509416.4546    779160.3306   5250969.1089   2  12   0.0222   0.0093   0.0182  -0.0082  -0.0020   0.0144   0.40    1.1
2026/04/23 07:46:56.500   3509416.4503    779160.3364   5250969.1079   2  12   0.0222   0.0093   0.0182  -0.0082  -0.0020   0.0144  -0.50    1.1
2026/04/23 07:46:56.600   3509416.4493    779160.3371   5250969.1073   2  12   0.0222   0.0093   0.0182  -0.0082  -0.0020   0.0144  -0.40    1.1
2026/04/23 07:46:56.700   3509416.4508    779160.3372   5250969.1082   2  12   0.0222   0.0093   0.0182  -0.0082  -0.0020   0.0144  -0.30    1.1
2026/04/23 07:46:56.800   3509416.4535    779160.3353   5250969.1081   2  12   0.0221   0.0093   0.0182  -0.0082  -0.0020   0.0144  -0.20    1.1
2026/04/23 07:46:56.900   3509416.4599    779160.3312   5250969.1086   2  12   0.0221   0.0093   0.0182  -0.0082  -0.0020   0.0144  -0.10    1.1
2026/04/23 07:46:57.000   3509416.4606    779160.3293   5250969.1108   2  12   0.0221   0.0093   0.0182  -0.0082  -0.0020   0.0144   0.00    1.0
2026/04/23 07:46:57.100   3509416.4567    779160.3281   5250969.1122   2  12   0.0221   0.0093   0.0182  -0.0082  -0.0020   0.0144   0.10    1.1
2026/04/23 07:46:57.200   3509416.4601    779160.3293   5250969.1085   2  12   0.0221   0.0093   0.0182  -0.0082  -0.0020   0.0144   0.20    1.1
2026/04/23 07:46:57.300   3509416.4552    779160.3322   5250969.1048   2  12   0.0221   0.0093   0.0182  -0.0082  -0.0020   0.0144   0.30    1.1
2026/04/23 07:46:57.400   3509416.4533    779160.3335   5250969.1010   2  12   0.0221   0.0093   0.0182  -0.0082  -0.0020   0.0144   0.40    1.4
2026/04/23 07:46:57.500   3509416.4465    779160.3347   5250969.1010   2  12   0.0221   0.0093   0.0182  -0.0082  -0.0020   0.0144  -0.50    1.1
2026/04/23 07:46:57.600   3509416.4466    779160.3349   5250969.1022   2  12   0.0221   0.0093   0.0182  -0.0082  -0.0020   0.0144  -0.40    1.0
2026/04/23 07:46:57.700   3509416.4483    779160.3354   5250969.1027   2  12   0.0221   0.0093   0.0182  -0.0082  -0.0020   0.0144  -0.30    1.1
2026/04/23 07:46:57.800   3509416.4490    779160.3342   5250969.1024   2  12   0.0221   0.0093   0.0182  -0.0082  -0.0020   0.0144  -0.20    1.2
2026/04/23 07:46:57.900   3509416.4501    779160.3355   5250969.1018   2  12   0.0221   0.0093   0.0182  -0.0082  -0.0020   0.0144  -0.10    1.1
2026/04/23 07:46:58.000   3509416.4496    779160.3342   5250969.1034   2  12   0.0221   0.0093   0.0182  -0.0082  -0.0020   0.0144   0.00    1.1
2026/04/23 07:46:58.100   3509416.4533    779160.3336   5250969.1054   2  12   0.0221   0.0093   0.0182  -0.0082  -0.0020   0.0144   0.10    1.1
2026/04/23 07:46:58.200   3509416.4545    779160.3343   5250969.1065   2  12   0.0221   0.0093   0.0182  -0.0082  -0.0020   0.0144   0.20    1.0
2026/04/23 07:46:58.300   3509416.4510    779160.3329   5250969.1079   2  12   0.0221   0.0093   0.0182  -0.0082  -0.0020   0.0144   0.30    1.1
2026/04/23 07:46:58.400   3509416.4491    779160.3336   5250969.1097   2  12   0.0221   0.0093   0.0182  -0.0082  -0.0020   0.0144   0.40    1.0
2026/04/23 07:46:58.500   3509416.4506    779160.3344   5250969.1103   2  12   0.0221   0.0093   0.0182  -0.0082  -0.0020   0.0144  -0.50    1.1
2026/04/23 07:46:58.600   3509416.4516    779160.3330   5250969.1114   2  12   0.0221   0.0093   0.0182  -0.0082  -0.0020   0.0144  -0.40    1.0
2026/04/23 07:46:58.700   3509416.4501    779160.3331   5250969.1111   2  12   0.0221   0.0093   0.0182  -0.0082  -0.0020   0.0144  -0.30    1.1
2026/04/23 07:46:58.800   3509416.4512    779160.3327   5250969.1112   2  12   0.0221   0.0093   0.0182  -0.0082  -0.0020   0.0144  -0.20    1.1
2026/04/23 07:46:58.900   3509416.4483    779160.3349   5250969.1124   2  12   0.0221   0.0093   0.0182  -0.0082  -0.0020   0.0144  -0.10    1.1
2026/04/23 07:46:59.000   3509416.4466    779160.3351   5250969.1115   2  12   0.0221   0.0093   0.0182  -0.0082  -0.0020   0.0144   0.00    1.1
2026/04/23 07:46:59.100   3509416.4453    779160.3354   5250969.1099   2  12   0.0221   0.0093   0.0182  -0.0082  -0.0020   0.0144   0.10    1.1
2026/04/23 07:46:59.200   3509416.4420    779160.3346   5250969.1090   2  12   0.0221   0.0093   0.0181  -0.0082  -0.0020   0.0144   0.20    1.1
2026/04/23 07:46:59.300   3509416.4396    779160.3361   5250969.1098   2  12   0.0221   0.0093   0.0182  -0.0082  -0.0020   0.0144   0.30    1.1
2026/04/23 07:46:59.400   3509416.4404    779160.3346   5250969.1091   2  12   0.0221   0.0093   0.0182  -0.0082  -0.0020   0.0144   0.40    1.0
2026/04/23 07:46:59.500   3509416.4398    779160.3346   5250969.1070   2  12   0.0221   0.0093   0.0182  -0.0082  -0.0020   0.0144  -0.50    1.1
2026/04/23 07:46:59.600   3509416.4424    779160.3352   5250969.1055   2  12   0.0221   0.0093   0.0182  -0.0082  -0.0020   0.0144  -0.40    1.1
2026/04/23 07:46:59.700   3509416.4433    779160.3357   5250969.1047   2  12   0.0221   0.0093   0.0182  -0.0082  -0.0020   0.0144  -0.30    1.1
2026/04/23 07:46:59.800   3509416.4430    779160.3348   5250969.1038   2  12   0.0221   0.0093   0.0182  -0.0082  -0.0020   0.0144  -0.20    1.5
2026/04/23 07:46:59.900   3509416.4432    779160.3348   5250969.1031   2  12   0.0221   0.0093   0.0181  -0.0082  -0.0020   0.0144  -0.10    1.1
2026/04/23 07:47:00.000   3509416.4434    779160.3350   5250969.1035   2  12   0.0221   0.0093   0.0181  -0.0082  -0.0020   0.0144   0.00    1.1
2026/04/23 07:47:00.100   3509416.4418    779160.3348   5250969.1054   2  12   0.0221   0.0093   0.0181  -0.0082  -0.0020   0.0144   0.10    1.1
2026/04/23 07:47:00.200   3509416.4402    779160.3339   5250969.1079   2  12   0.0221   0.0093   0.0181  -0.0082  -0.0020   0.0144   0.20    1.2
2026/04/23 07:47:00.300   3509416.4398    779160.3324   5250969.1093   2  12   0.0221   0.0093   0.0181  -0.0082  -0.0020   0.0144   0.30    1.1
2026/04/23 07:47:00.400   3509416.4412    779160.3302   5250969.1096   2  12   0.0221   0.0093   0.0181  -0.0082  -0.0020   0.0144   0.40    1.1
2026/04/23 07:47:00.500   3509416.4428    779160.3305   5250969.1097   2  12   0.0221   0.0093   0.0182  -0.0082  -0.0020   0.0144  -0.50    1.1
2026/04/23 07:47:00.600   3509416.4423    779160.3312   5250969.1099   2  12   0.0221   0.0093   0.0182  -0.0082  -0.0020   0.0144  -0.40    1.0
2026/04/23 07:47:00.700   3509416.4417    779160.3326   5250969.1092   2  12   0.0221   0.0093   0.0181  -0.0082  -0.0020   0.0144  -0.30    1.1
2026/04/23 07:47:00.800   3509416.4429    779160.3308   5250969.1075   2  12   0.0221   0.0093   0.0181  -0.0082  -0.0020   0.0144  -0.20    1.0
2026/04/23 07:47:00.900   3509416.4457    779160.3314   5250969.1074   2  12   0.0221   0.0093   0.0181  -0.0082  -0.0020   0.0144  -0.10    1.1
2026/04/23 07:47:01.000   3509416.4444    779160.3306   5250969.1073   2  12   0.0221   0.0093   0.0181  -0.0082  -0.0020   0.0144   0.00    1.0
2026/04/23 07:47:01.100   3509416.4446    779160.3298   5250969.1058   2  12   0.0221   0.0093   0.0181  -0.0082  -0.0020   0.0144   0.10    1.1
2026/04/23 07:47:01.200   3509416.4464    779160.3305   5250969.1060   2  12   0.0221   0.0093   0.0181  -0.0082  -0.0020   0.0144   0.20    1.0
2026/04/23 07:47:01.300   3509416.4454    779160.3318   5250969.1057   2  12   0.0221   0.0093   0.0181  -0.0082  -0.0020   0.0144   0.30    1.1
2026/04/23 07:47:01.400   3509416.4481    779160.3315   5250969.1063   2  12   0.0221   0.0093   0.0181  -0.0082  -0.0020   0.0144   0.40    1.2
2026/04/23 07:47:01.500   3509416.4474    779160.3318   5250969.1077   2  12   0.0221   0.0093   0.0181  -0.0082  -0.0020   0.0144  -0.50    1.1
2026/04/23 07:47:01.600   3509416.4451    779160.3327   5250969.1092   2  12   0.0221   0.0093   0.0181  -0.0082  -0.0020   0.0144  -0.40    1.0
2026/04/23 07:47:01.700   3509416.4453    779160.3334   5250969.1109   2  12   0.0221   0.0093   0.0181  -0.0082  -0.0020   0.0144  -0.30    1.1
2026/04/23 07:47:01.800   3509416.4441    779160.3332   5250969.1112   2  12   0.0221   0.0093   0.0181  -0.0082  -0.0020   0.0144  -0.20    1.0
2026/04/23 07:47:01.900   3509416.4416    779160.3338   5250969.1107   2  12   0.0221   0.0093   0.0181  -0.0082  -0.0020   0.0144  -0.10    1.1
2026/04/23 07:47:02.000   3509416.4408    779160.3330   5250969.1115   2  12   0.0221   0.0093   0.0181  -0.0082  -0.0020   0.0144   0.00    1.1
2026/04/23 07:47:02.100   3509416.4442    779160.3326   5250969.1125   2  12   0.0221   0.0093   0.0181  -0.0082  -0.0020   0.0144   0.10    1.1
2026/04/23 07:47:02.200   3509416.4440    779160.3330   5250969.1121   2  12   0.0221   0.0093   0.0181  -0.0082  -0.0020   0.0144   0.20    1.5
2026/04/23 07:47:02.300   3509416.4436    779160.3331   5250969.1106   2  12   0.0221   0.0093   0.0181  -0.0082  -0.0020   0.0144   0.30    1.1
2026/04/23 07:47:02.400   3509416.4443    779160.3322   5250969.1088   2  12   0.0221   0.0093   0.0181  -0.0082  -0.0020   0.0144   0.40    1.1
2026/04/23 07:47:02.500   3509416.4469    779160.3321   5250969.1100   2  12   0.0221   0.0093   0.0181  -0.0082  -0.0020   0.0144  -0.50    1.1
2026/04/23 07:47:02.600   3509416.4507    779160.3310   5250969.1096   2  12   0.0221   0.0093   0.0181  -0.0082  -0.0020   0.0144  -0.40    1.2
2026/04/23 07:47:02.700   3509416.4501    779160.3321   5250969.1088   2  12   0.0221   0.0093   0.0181  -0.0082  -0.0020   0.0144  -0.30    1.1
2026/04/23 07:47:02.800   3509416.4508    779160.3324   5250969.1067   2  12   0.0221   0.0093   0.0181  -0.0082  -0.0020   0.0144  -0.20    1.1
2026/04/23 07:47:02.900   3509416.4512    779160.3324   5250969.1059   2  12   0.0221   0.0093   0.0181  -0.0082  -0.0020   0.0144  -0.10    1.1
2026/04/23 07:47:03.000   3509416.4541    779160.3325   5250969.1054   2  12   0.0221   0.0093   0.0181  -0.0082  -0.0020   0.0144   0.00    1.0
2026/04/23 07:47:03.100   3509416.4543    779160.3326   5250969.1063   2  12   0.0221   0.0093   0.0181  -0.0082  -0.0020   0.0144   0.10    1.1
2026/04/23 07:47:03.200   3509416.4533    779160.3321   5250969.1077   2  12   0.0221   0.0093   0.0181  -0.0082  -0.0020   0.0144   0.20    1.1
2026/04/23 07:47:03.300   3509416.4535    779160.3308   5250969.1079   2  12   0.0221   0.0093   0.0181  -0.0082  -0.0020   0.0144   0.30    1.1
2026/04/23 07:47:03.400   3509416.4544    779160.3302   5250969.1076   2  12   0.0221   0.0093   0.0181  -0.0082  -0.0020   0.0144   0.40    1.1
2026/04/23 07:47:03.500   3509416.4533    779160.3311   5250969.1082   2  12   0.0221   0.0093   0.0181  -0.0082  -0.0020   0.0144  -0.50    1.1
2026/04/23 07:47:03.600   3509416.4545    779160.3307   5250969.1076   2  12   0.0221   0.0093   0.0181  -0.0082  -0.0020   0.0144  -0.40    1.0
2026/04/23 07:47:03.700   3509416.4556    779160.3303   5250969.1063   2  12   0.0221   0.0093   0.0181  -0.0082  -0.0020   0.0144  -0.30    1.1
2026/04/23 07:47:03.800   3509416.4554    779160.3311   5250969.1059   2  12   0.0221   0.0093   0.0181  -0.0082  -0.0020   0.0144  -0.20    1.2
2026/04/23 07:47:03.900   3509416.4548    779160.3307   5250969.1062   2  12   0.0221   0.0093   0.0181  -0.0082  -0.0020   0.0144  -0.10    1.1
2026/04/23 07:47:04.000   3509416.4551    779160.3309   5250969.1075   2  12   0.0221   0.0093   0.0181  -0.0082  -0.0020   0.0144   0.00    1.0
2026/04/23 07:47:04.100   3509416.4552    779160.3299   5250969.1063   2  12   0.0221   0.0093   0.0181  -0.0082  -0.0020   0.0144   0.10    1.1
2026/04/23 07:47:04.200   3509416.4562    779160.3295   5250969.1055   2  12   0.0221   0.0093   0.0181  -0.0082  -0.0020   0.0144   0.20    1.0
2026/04/23 07:47:04.300   3509416.4600    779160.3289   5250969.1057   2  12   0.0221   0.0093   0.0181  -0.0082  -0.0020   0.0144   0.30    1.1
2026/04/23 07:47:04.400   3509416.4616    779160.3294   5250969.1057   2  12   0.0221   0.0093   0.0181  -0.0082  -0.0020   0.0144   0.40    1.1
2026/04/23 07:47:04.500   3509416.4619    779160.3296   5250969.1063   2  12   0.0221   0.0093   0.0181  -0.0082  -0.0020   0.0144  -0.50    1.1
2026/04/23 07:47:04.600   3509416.4595    779160.3286   5250969.1066   2  12   0.0221   0.0093   0.0181  -0.0082  -0.0020   0.0144  -0.40    1.4
2026/04/23 07:47:04.700   3509416.4604    779160.3284   5250969.1060   2  12   0.0221   0.0093   0.0181  -0.0082  -0.0020   0.0144  -0.30    1.1
2026/04/23 07:47:04.800   3509416.4599    779160.3296   5250969.1049   2  12   0.0221   0.0093   0.0181  -0.0082  -0.0020   0.0144  -0.20    1.1
2026/04/23 07:47:04.900   3509416.4586    779160.3290   5250969.1046   2  12   0.0221   0.0093   0.0181  -0.0082  -0.0020   0.0144  -0.10    1.1
2026/04/23 07:47:05.000   3509416.4588    779160.3297   5250969.1069   2  12   0.0221   0.0093   0.0181  -0.0082  -0.0020   0.0144   0.00    1.1
2026/04/23 07:47:05.100   3509416.4584    779160.3271   5250969.1073   2  12   0.0221   0.0093   0.0181  -0.0082  -0.0020   0.0144   0.10    1.1
2026/04/23 07:47:05.200   3509416.4577    779160.3266   5250969.1084   2  12   0.0221   0.0093   0.0181  -0.0082  -0.0020   0.0144   0.20    1.1
2026/04/23 07:47:05.300   3509416.4569    779160.3269   5250969.1076   2  12   0.0221   0.0093   0.0181  -0.0082  -0.0020   0.0144   0.30    1.1
2026/04/23 07:47:05.400   3509416.4568    779160.3275   5250969.1075   2  12   0.0221   0.0093   0.0181  -0.0082  -0.0020   0.0144   0.40    1.1
2026/04/23 07:47:05.500   3509416.4566    779160.3275   5250969.1068   2  12   0.0221   0.0093   0.0181  -0.0082  -0.0020   0.0144  -0.50    1.1
2026/04/23 07:47:05.600   3509416.4575    779160.3275   5250969.1072   2  12   0.0221   0.0093   0.0181  -0.0082  -0.0020   0.0144  -0.40    1.1
2026/04/23 07:47:05.700   3509416.4571    779160.3267   5250969.1062   2  12   0.0221   0.0093   0.0181  -0.0082  -0.0020   0.0144  -0.30    1.1
2026/04/23 07:47:05.800   3509416.4563    779160.3276   5250969.1058   2  12   0.0221   0.0093   0.0181  -0.0082  -0.0020   0.0144  -0.20    1.1
2026/04/23 07:47:05.900   3509416.4558    779160.3287   5250969.1062   2  12   0.0221   0.0093   0.0181  -0.0082  -0.0020   0.0144  -0.10    1.1
2026/04/23 07:47:06.000   3509416.4536    779160.3289   5250969.1062   2  12   0.0221   0.0093   0.0181  -0.0082  -0.0020   0.0144   0.00    1.1
2026/04/23 07:47:06.100   3509416.4512    779160.3280   5250969.1055   2  12   0.0221   0.0093   0.0181  -0.0082  -0.0020   0.0144   0.10    1.1
2026/04/23 07:47:06.200   3509416.4523    779160.3266   5250969.1052   2  12   0.0221   0.0093   0.0181  -0.0082  -0.0020   0.0144   0.20    1.2
2026/04/23 07:47:06.300   3509416.4532    779160.3269   5250969.1048   2  12   0.0221   0.0093   0.0181  -0.0082  -0.0020   0.0144   0.30    1.1
2026/04/23 07:47:06.400   3509416.4521    779160.3272   5250969.1057   2  12   0.0221   0.0093   0.0181  -0.0082  -0.0020   0.0144   0.40    1.1
2026/04/23 07:47:06.500   3509416.4539    779160.3277   5250969.1066   2  12   0.0221   0.0093   0.0181  -0.0082  -0.0020   0.0144  -0.50    1.1
2026/04/23 07:47:06.600   3509416.4546    779160.3278   5250969.1062   2  12   0.0221   0.0093   0.0181  -0.0082  -0.0020   0.0144  -0.40    1.0
2026/04/23 07:47:06.700   3509416.4547    779160.3287   5250969.1055   2  12   0.0221   0.0093   0.0181  -0.0082  -0.0020   0.0144  -0.30    1.1
2026/04/23 07:47:06.800   3509416.4521    779160.3285   5250969.1052   2  12   0.0221   0.0093   0.0181  -0.0082  -0.0020   0.0144  -0.20    1.0
2026/04/23 07:47:06.900   3509416.4516    779160.3287   5250969.1056   2  12   0.0221   0.0093   0.0181  -0.0082  -0.0020   0.0144  -0.10    1.1
2026/04/23 07:47:07.000   3509416.4524    779160.3273   5250969.1047   2  12   0.0221   0.0093   0.0181  -0.0082  -0.0020   0.0144   0.00    1.4
2026/04/23 07:47:07.100   3509416.4500    779160.3278   5250969.1054   2  12   0.0221   0.0093   0.0181  -0.0082  -0.0020   0.0144   0.10    1.1
2026/04/23 07:47:07.200   3509416.4494    779160.3276   5250969.1042   2  12   0.0221   0.0093   0.0181  -0.0082  -0.0020   0.0144   0.20    1.2
2026/04/23 07:47:07.300   3509416.4492    779160.3276   5250969.1033   2  12   0.0221   0.0093   0.0181  -0.0082  -0.0020   0.0144   0.30    1.1
2026/04/23 07:47:07.400   3509416.4458    779160.3271   5250969.1022   2  12   0.0221   0.0093   0.0181  -0.0082  -0.0020   0.0144   0.40    1.1
2026/04/23 07:47:07.500   3509416.4442    779160.3266   5250969.0994   2  12   0.0221   0.0093   0.0181  -0.0082  -0.0020   0.0144  -0.50    1.1
2026/04/23 07:47:07.600   3509416.4452    779160.3262   5250969.0989   2  12   0.0221   0.0093   0.0181  -0.0082  -0.0020   0.0144  -0.40    1.1
2026/04/23 07:47:07.700   3509416.4452    779160.3254   5250969.0977   2  12   0.0221   0.0093   0.0181  -0.0082  -0.0020   0.0144  -0.30    1.1
2026/04/23 07:47:07.800   3509416.4433    779160.3259   5250969.0969   2  12   0.0221   0.0093   0.0181  -0.0082  -0.0020   0.0144  -0.20    1.1
2026/04/23 07:47:07.900   3509416.4430    779160.3260   5250969.0973   2  12   0.0221   0.0093   0.0181  -0.0082  -0.0020   0.0144  -0.10    1.1
2026/04/23 07:47:08.000   3509416.4428    779160.3260   5250969.0976   2  12   0.0221   0.0093   0.0181  -0.0082  -0.0020   0.0144   0.00    1.1
2026/04/23 07:47:08.100   3509416.4417    779160.3271   5250969.0991   2  12   0.0221   0.0093   0.0181  -0.0082  -0.0020   0.0144   0.10    1.1
2026/04/23 07:47:08.200   3509416.4416    779160.3284   5250969.0993   2  12   0.0221   0.0093   0.0181  -0.0082  -0.0020   0.0144   0.20    1.1
2026/04/23 07:47:08.300   3509416.4417    779160.3273   5250969.0986   2  12   0.0221   0.0093   0.0181  -0.0082  -0.0020   0.0144   0.30    1.1
2026/04/23 07:47:08.400   3509416.4418    779160.3274   5250969.0986   2  12   0.0221   0.0093   0.0181  -0.0082  -0.0020   0.0144   0.40    1.1
2026/04/23 07:47:08.500   3509416.4426    779160.3277   5250969.0988   2  12   0.0221   0.0093   0.0181  -0.0082  -0.0020   0.0144  -0.50    1.1
2026/04/23 07:47:08.600   3509416.4430    779160.3272   5250969.0991   2  12   0.0221   0.0093   0.0181  -0.0082  -0.0020   0.0144  -0.40    1.3
2026/04/23 07:47:08.700   3509416.4446    779160.3271   5250969.0982   2  12   0.0221   0.0093   0.0181  -0.0082  -0.0020   0.0144  -0.30    1.1
2026/04/23 07:47:08.800   3509416.4422    779160.3271   5250969.0970   2  12   0.0221   0.0093   0.0181  -0.0082  -0.0020   0.0144  -0.20    1.1
2026/04/23 07:47:08.900   3509416.4438    779160.3270   5250969.0982   2  12   0.0221   0.0093   0.0181  -0.0082  -0.0020   0.0144  -0.10    1.1
2026/04/23 07:47:09.000   3509416.4451    779160.3266   5250969.1001   2  12   0.0221   0.0093   0.0181  -0.0082  -0.0020   0.0144   0.00    1.0
2026/04/23 07:47:09.100   3509416.4463    779160.3262   5250969.1010   2  12   0.0221   0.0093   0.0181  -0.0082  -0.0020   0.0144   0.10    1.1
2026/04/23 07:47:09.200   3509416.4457    779160.3255   5250969.1003   2  12   0.0221   0.0093   0.0181  -0.0082  -0.0020   0.0144   0.20    1.0
2026/04/23 07:47:09.300   3509416.4454    779160.3264   5250969.1002   2  12   0.0221   0.0093   0.0181  -0.0082  -0.0020   0.0144   0.30    1.1
2026/04/23 07:47:09.400   3509416.4457    779160.3265   5250969.1005   2  12   0.0221   0.0093   0.0181  -0.0082  -0.0020   0.0144   0.40    1.4
2026/04/23 07:47:09.500   3509416.4465    779160.3270   5250969.1010   2  12   0.0221   0.0093   0.0181  -0.0082  -0.0020   0.0144  -0.50    1.1
2026/04/23 07:47:09.600   3509416.4465    779160.3264   5250969.1019   2  12   0.0221   0.0093   0.0181  -0.0082  -0.0020   0.0144  -0.40    1.2
2026/04/23 07:47:09.700   3509416.4456    779160.3258   5250969.1015   2  12   0.0221   0.0093   0.0181  -0.0082  -0.0020   0.0144  -0.30    1.1
2026/04/23 07:47:09.800   3509416.4493    779160.3255   5250969.1004   2  12   0.0221   0.0093   0.0181  -0.0082  -0.0020   0.0144  -0.20    1.1
2026/04/23 07:47:09.900   3509416.4497    779160.3264   5250969.1004   2  12   0.0221   0.0093   0.0181  -0.0082  -0.0020   0.0144  -0.10    1.1
2026/04/23 07:47:10.000   3509416.4495    779160.3271   5250969.1017   2  12   0.0221   0.0093   0.0181  -0.0082  -0.0020   0.0144   0.00    1.1
2026/04/23 07:47:10.100   3509416.4492    779160.3277   5250969.1011   2  12   0.0221   0.0093   0.0181  -0.0082  -0.0020   0.0144   0.10    1.1
2026/04/23 07:47:10.200   3509416.4498    779160.3269   5250969.1006   2  12   0.0221   0.0093   0.0181  -0.0082  -0.0020   0.0144   0.20    1.1
2026/04/23 07:47:10.300   3509416.4489    779160.3278   5250969.1015   2  12   0.0221   0.0093   0.0181  -0.0082  -0.0020   0.0144   0.30    1.1
2026/04/23 07:47:10.400   3509416.4508    779160.3257   5250969.1011   2  12   0.0221   0.0093   0.0181  -0.0082  -0.0020   0.0144   0.40    1.1
2026/04/23 07:47:10.500   3509416.4508    779160.3247   5250969.1011   2  12   0.0221   0.0093   0.0181  -0.0082  -0.0020   0.0144  -0.50    1.1
2026/04/23 07:47:10.600   3509416.4496    779160.3253   5250969.1018   2  12   0.0221   0.0093   0.0181  -0.0082  -0.0020   0.0144  -0.40    1.1
2026/04/23 07:47:10.700   3509416.4462    779160.3259   5250969.1016   2  12   0.0221   0.0093   0.0181  -0.0082  -0.0020   0.0144  -0.30    1.1
2026/04/23 07:47:10.800   3509416.4451    779160.3250   5250969.1012   2  12   0.0221   0.0093   0.0181  -0.0082  -0.0020   0.0144  -0.20    1.2
2026/04/23 07:47:10.900   3509416.4477    779160.3255   5250969.1010   2  12   0.0221   0.0093   0.0181  -0.0082  -0.0020   0.0144  -0.10    1.1
2026/04/23 07:47:11.000   3509416.4487    779160.3258   5250969.1005   2  12   0.0221   0.0093   0.0181  -0.0082  -0.0020   0.0144   0.00    1.2
2026/04/23 07:47:11.100   3509416.4479    779160.3252   5250969.0998   2  12   0.0221   0.0093   0.0181  -0.0082  -0.0020   0.0144   0.10    1.1
2026/04/23 07:47:11.200   3509416.4469    779160.3253   5250969.0990   2  12   0.0221   0.0093   0.0181  -0.0082  -0.0020   0.0144   0.20    1.1
2026/04/23 07:47:11.300   3509416.4488    779160.3256   5250969.0997   2  12   0.0221   0.0093   0.0181  -0.0082  -0.0020   0.0144   0.30    1.1
2026/04/23 07:47:11.400   3509416.4495    779160.3254   5250969.1001   2  12   0.0221   0.0093   0.0181  -0.0082  -0.0020   0.0144   0.40    1.0
2026/04/23 07:47:11.500   3509416.4457    779160.3264   5250969.1003   2  12   0.0221   0.0093   0.0181  -0.0082  -0.0020   0.0144  -0.50    1.1
2026/04/23 07:47:11.600   3509416.4453    779160.3268   5250969.1000   2  12   0.0221   0.0093   0.0181  -0.0082  -0.0020   0.0144  -0.40    1.0
2026/04/23 07:47:11.700   3509416.4447    779160.3264   5250969.1002   2  12   0.0221   0.0093   0.0181  -0.0082  -0.0020   0.0144  -0.30    1.1
2026/04/23 07:47:11.800   3509416.4465    779160.3260   5250969.1000   2  12   0.0221   0.0093   0.0181  -0.0082  -0.0020   0.0144  -0.20    1.4
2026/04/23 07:47:11.900   3509416.4489    779160.3276   5250969.1010   2  12   0.0221   0.0093   0.0181  -0.0082  -0.0020   0.0145  -0.10    1.1
2026/04/23 07:47:12.000   3509416.4492    779160.3276   5250969.1022   2  12   0.0221   0.0093   0.0181  -0.0082  -0.0020   0.0145   0.00    1.2
2026/04/23 07:47:12.100   3509416.4491    779160.3284   5250969.1026   2  12   0.0221   0.0093   0.0181  -0.0082  -0.0020   0.0145   0.10    1.1
2026/04/23 07:47:12.200   3509416.4492    779160.3273   5250969.1016   2  12   0.0221   0.0093   0.0181  -0.0082  -0.0020   0.0144   0.20    1.1
2026/04/23 07:47:12.300   3509416.4495    779160.3275   5250969.1025   2  12   0.0221   0.0093   0.0181  -0.0082  -0.0020   0.0144   0.30    1.1
2026/04/23 07:47:12.400   3509416.4499    779160.3268   5250969.1030   2  12   0.0221   0.0093   0.0181  -0.0082  -0.0020   0.0144   0.40    1.0
2026/04/23 07:47:12.500   3509416.4503    779160.3261   5250969.1029   2  12   0.0221   0.0093   0.0181  -0.0082  -0.0020   0.0144  -0.50    1.0
2026/04/23 07:47:12.600   3509416.4512    779160.3254   5250969.1027   2  12   0.0221   0.0093   0.0181  -0.0082  -0.0020   0.0144  -0.40    1.1
2026/04/23 07:47:12.700   3509416.4516    779160.3257   5250969.1030   2  12   0.0221   0.0093   0.0181  -0.0082  -0.0020   0.0144  -0.30    1.0
2026/04/23 07:47:12.800   3509416.4508    779160.3244   5250969.1032   2  12   0.0221   0.0093   0.0181  -0.0082  -0.0020   0.0145  -0.20    1.2
2026/04/23 07:47:12.900   3509416.4518    779160.3254   5250969.1040   2  12   0.0221   0.0093   0.0181  -0.0082  -0.0020   0.0145  -0.10    1.0
2026/04/23 07:47:13.000   3509416.4528    779160.3263   5250969.1047   2  12   0.0221   0.0093   0.0181  -0.0082  -0.0020   0.0145   0.00    1.0
2026/04/23 07:47:13.100   3509416.4527    779160.3256   5250969.1043   2  12   0.0221   0.0093   0.0181  -0.0082  -0.0020   0.0145   0.10    1.0
2026/04/23 07:47:13.200   3509416.4554    779160.3255   5250969.1060   2  12   0.0221   0.0093   0.0181  -0.0082  -0.0020   0.0145   0.20    1.2
2026/04/23 07:47:13.300   3509416.4568    779160.3257   5250969.1065   2  12   0.0221   0.0093   0.0181  -0.0082  -0.0020   0.0145   0.30    1.0
2026/04/23 07:47:13.400   3509416.4589    779160.3253   5250969.1062   2  12   0.0221   0.0093   0.0181  -0.0082  -0.0020   0.0144   0.40    1.2
2026/04/23 07:47:13.500   3509416.4579    779160.3253   5250969.1054   2  12   0.0221   0.0093   0.0181  -0.0082  -0.0020   0.0144  -0.50    1.0
2026/04/23 07:47:13.600   3509416.4562    779160.3248   5250969.1060   2  12   0.0221   0.0093   0.0181  -0.0082  -0.0020   0.0144  -0.40    1.1
2026/04/23 07:47:13.700   3509416.4541    779160.3257   5250969.1059   2  12   0.0221   0.0093   0.0181  -0.0082  -0.0020   0.0145  -0.30    1.0
2026/04/23 07:47:13.800   3509416.4554    779160.3253   5250969.1049   2  12   0.0221   0.0093   0.0181  -0.0082  -0.0020   0.0145  -0.20    1.0
2026/04/23 07:47:13.900   3509416.4546    779160.3252   5250969.1045   2  12   0.0221   0.0093   0.0181  -0.0082  -0.0020   0.0145  -0.10    1.0
2026/04/23 07:47:14.000   3509416.4555    779160.3248   5250969.1057   2  12   0.0221   0.0093   0.0181  -0.0082  -0.0020   0.0145   0.00    1.0
2026/04/23 07:47:14.100   3509416.4574    779160.3257   5250969.1068   2  12   0.0221   0.0093   0.0181  -0.0082  -0.0020   0.0145   0.10    1.0
2026/04/23 07:47:14.200   3509416.4581    779160.3262   5250969.1070   2  12   0.0221   0.0093   0.0181  -0.0082  -0.0020   0.0145   0.20    1.3
2026/04/23 07:47:14.300   3509416.4615    779160.3244   5250969.1072   2  12   0.0221   0.0093   0.0181  -0.0082  -0.0020   0.0145   0.30    1.0
2026/04/23 07:47:14.400   3509416.4602    779160.3253   5250969.1076   2  12   0.0221   0.0093   0.0181  -0.0082  -0.0020   0.0145   0.40    1.2
2026/04/23 07:47:14.500   3509416.4605    779160.3274   5250969.1080   2  12   0.0221   0.0093   0.0181  -0.0082  -0.0020   0.0144  -0.50    1.0
2026/04/23 07:47:14.600   3509416.4615    779160.3279   5250969.1074   2  12   0.0221   0.0093   0.0181  -0.0082  -0.0020   0.0145  -0.40    1.1
2026/04/23 07:47:14.700   3509416.4596    779160.3264   5250969.1069   2  12   0.0221   0.0093   0.0181  -0.0082  -0.0020   0.0145  -0.30    1.0
2026/04/23 07:47:14.800   3509416.4584    779160.3265   5250969.1059   2  12   0.0221   0.0093   0.0181  -0.0082  -0.0020   0.0145  -0.20    1.0
2026/04/23 07:47:14.900   3509416.4571    779160.3272   5250969.1063   2  12   0.0221   0.0093   0.0181  -0.0082  -0.0020   0.0145  -0.10    1.0
2026/04/23 07:47:15.000   3509416.4562    779160.3270   5250969.1051   2  12   0.0221   0.0093   0.0181  -0.0082  -0.0020   0.0145   0.00    1.1
2026/04/23 07:47:15.100   3509416.4556    779160.3257   5250969.1038   2  12   0.0221   0.0093   0.0181  -0.0082  -0.0020   0.0145   0.10    1.0
2026/04/23 07:47:15.200   3509416.4557    779160.3249   5250969.1025   2  12   0.0221   0.0093   0.0181  -0.0082  -0.0020   0.0145   0.20    1.2
2026/04/23 07:47:15.300   3509416.4534    779160.3258   5250969.1024   2  12   0.0221   0.0093   0.0181  -0.0082  -0.0020   0.0145   0.30    1.0
2026/04/23 07:47:15.400   3509416.4536    779160.3245   5250969.1031   2  12   0.0221   0.0093   0.0181  -0.0082  -0.0020   0.0145   0.40    1.0
2026/04/23 07:47:15.500   3509416.4535    779160.3236   5250969.1033   2  12   0.0221   0.0093   0.0181  -0.0082  -0.0020   0.0145  -0.50    1.0
2026/04/23 07:47:15.600   3509416.4518    779160.3255   5250969.1038   2  12   0.0221   0.0093   0.0181  -0.0082  -0.0020   0.0145  -0.40    1.3
2026/04/23 07:47:15.700   3509416.4501    779160.3263   5250969.1054   2  12   0.0221   0.0093   0.0181  -0.0082  -0.0020   0.0145  -0.30    1.0
2026/04/23 07:47:15.800   3509416.4499    779160.3251   5250969.1057   2  12   0.0221   0.0093   0.0181  -0.0082  -0.0020   0.0145  -0.20    1.2
2026/04/23 07:47:15.900   3509416.4508    779160.3250   5250969.1064   2  12   0.0221   0.0093   0.0181  -0.0082  -0.0020   0.0145  -0.10    1.0
2026/04/23 07:47:16.000   3509416.4517    779160.3242   5250969.1067   2  12   0.0221   0.0093   0.0181  -0.0082  -0.0020   0.0145   0.00    1.1
2026/04/23 07:47:16.100   3509416.4507    779160.3243   5250969.1066   2  12   0.0221   0.0093   0.0181  -0.0082  -0.0020   0.0145   0.10    1.0
2026/04/23 07:47:16.200   3509416.4497    779160.3240   5250969.1074   2  12   0.0221   0.0093   0.0181  -0.0082  -0.0020   0.0145   0.20    1.0
2026/04/23 07:47:16.300   3509416.4499    779160.3234   5250969.1052   2  12   0.0221   0.0093   0.0181  -0.0082  -0.0020   0.0145   0.30    1.0
2026/04/23 07:47:16.400   3509416.4518    779160.3235   5250969.1044   2  12   0.0221   0.0093   0.0181  -0.0082  -0.0020   0.0145   0.40    1.0
2026/04/23 07:47:16.500   3509416.4512    779160.3239   5250969.1039   2  12   0.0221   0.0093   0.0181  -0.0082  -0.0020   0.0145  -0.50    1.0
2026/04/23 07:47:16.600   3509416.4516    779160.3233   5250969.1053   2  12   0.0221   0.0093   0.0181  -0.0082  -0.0020   0.0145  -0.40    1.3
2026/04/23 07:47:16.700   3509416.4515    779160.3230   5250969.1050   2  12   0.0221   0.0093   0.0181  -0.0082  -0.0020   0.0145  -0.30    1.0
2026/04/23 07:47:16.800   3509416.4545    779160.3238   5250969.1053   2  12   0.0221   0.0093   0.0181  -0.0082  -0.0020   0.0145  -0.20    1.2
2026/04/23 07:47:16.900   3509416.4584    779160.3232   5250969.1062   2  12   0.0221   0.0093   0.0181  -0.0082  -0.0020   0.0145  -0.10    1.0
2026/04/23 07:47:17.000   3509416.4601    779160.3256   5250969.1074   2  12   0.0221   0.0093   0.0181  -0.0082  -0.0020   0.0145   0.00    1.1
2026/04/23 07:47:17.100   3509416.4634    779160.3256   5250969.1076   2  12   0.0221   0.0093   0.0181  -0.0082  -0.0020   0.0145   0.10    1.0
2026/04/23 07:47:17.200   3509416.4637    779160.3250   5250969.1082   2  12   0.0221   0.0093   0.0181  -0.0082  -0.0020   0.0145   0.20    1.1
2026/04/23 07:47:17.300   3509416.4616    779160.3247   5250969.1082   2  12   0.0221   0.0093   0.0181  -0.0082  -0.0020   0.0145   0.30    1.0
2026/04/23 07:47:17.400   3509416.4613    779160.3235   5250969.1075   2  12   0.0221   0.0093   0.0181  -0.0082  -0.0020   0.0145   0.40    1.1
2026/04/23 07:47:17.500   3509416.4630    779160.3232   5250969.1076   2  12   0.0221   0.0093   0.0181  -0.0082  -0.0020   0.0145  -0.50    1.0
2026/04/23 07:47:17.600   3509416.4617    779160.3248   5250969.1094   2  12   0.0221   0.0093   0.0181  -0.0082  -0.0020   0.0145  -0.40    1.2
2026/04/23 07:47:17.700   3509416.4607    779160.3256   5250969.1113   2  12   0.0221   0.0093   0.0181  -0.0082  -0.0020   0.0145  -0.30    1.0
2026/04/23 07:47:17.800   3509416.4618    779160.3255   5250969.1116   2  12   0.0221   0.0093   0.0181  -0.0082  -0.0020   0.0145  -0.20    1.0
2026/04/23 07:47:17.900   3509416.4618    779160.3248   5250969.1102   2  12   0.0221   0.0093   0.0181  -0.0082  -0.0020   0.0145  -0.10    1.0
2026/04/23 07:47:18.000   3509416.4591    779160.3233   5250969.1088   2  12   0.0221   0.0093   0.0181  -0.0082  -0.0020   0.0145   0.00    1.3
2026/04/23 07:47:18.100   3509416.4584    779160.3231   5250969.1077   2  12   0.0221   0.0093   0.0181  -0.0082  -0.0020   0.0145   0.10    1.0
2026/04/23 07:47:18.200   3509416.4575    779160.3234   5250969.1073   2  12   0.0221   0.0093   0.0181  -0.0082  -0.0020   0.0145   0.20    1.2
2026/04/23 07:47:18.300   3509416.4590    779160.3225   5250969.1073   2  12   0.0221   0.0093   0.0181  -0.0082  -0.0020   0.0145   0.30    1.0
2026/04/23 07:47:18.400   3509416.4607    779160.3219   5250969.1087   2  12   0.0221   0.0093   0.0181  -0.0082  -0.0020   0.0145   0.40    1.1
2026/04/23 07:47:18.500   3509416.4595    779160.3227   5250969.1100   2  12   0.0221   0.0093   0.0181  -0.0082  -0.0020   0.0145  -0.50    1.0
2026/04/23 07:47:18.600   3509416.4579    779160.3218   5250969.1102   2  12   0.0221   0.0093   0.0181  -0.0082  -0.0020   0.0145  -0.40    1.0
2026/04/23 07:47:18.700   3509416.4572    779160.3234   5250969.1097   2  12   0.0221   0.0093   0.0181  -0.0082  -0.0020   0.0145  -0.30    1.0
2026/04/23 07:47:18.800   3509416.4589    779160.3236   5250969.1100   2  12   0.0221   0.0093   0.0181  -0.0082  -0.0020   0.0145  -0.20    1.0
2026/04/23 07:47:18.900   3509416.4603    779160.3233   5250969.1116   2  12   0.0221   0.0093   0.0181  -0.0082  -0.0020   0.0145  -0.10    1.0
2026/04/23 07:47:19.000   3509416.4605    779160.3230   5250969.1116   2  12   0.0221   0.0093   0.0181  -0.0082  -0.0020   0.0145   0.00    1.3
2026/04/23 07:47:19.100   3509416.4609    779160.3236   5250969.1130   2  12   0.0221   0.0093   0.0181  -0.0082  -0.0020   0.0145   0.10    1.0
2026/04/23 07:47:19.200   3509416.4611    779160.3237   5250969.1130   2  12   0.0221   0.0093   0.0181  -0.0082  -0.0020   0.0145   0.20    1.2
2026/04/23 07:47:19.300   3509416.4627    779160.3233   5250969.1126   2  12   0.0221   0.0093   0.0181  -0.0082  -0.0020   0.0145   0.30    1.0
2026/04/23 07:47:19.400   3509416.4632    779160.3242   5250969.1124   2  12   0.0221   0.0093   0.0181  -0.0082  -0.0020   0.0145   0.40    1.1
2026/04/23 07:47:19.500   3509416.4661    779160.3246   5250969.1129   2  12   0.0221   0.0093   0.0181  -0.0082  -0.0020   0.0145  -0.50    1.0
2026/04/23 07:47:19.600   3509416.4664    779160.3244   5250969.1138   2  12   0.0221   0.0093   0.0181  -0.0082  -0.0020   0.0145  -0.40    1.1
2026/04/23 07:47:19.700   3509416.4682    779160.3246   5250969.1128   2  12   0.0221   0.0093   0.0181  -0.0082  -0.0020   0.0145  -0.30    1.0
2026/04/23 07:47:19.800   3509416.4673    779160.3248   5250969.1122   2  12   0.0221   0.0093   0.0181  -0.0082  -0.0020   0.0145  -0.20    1.1
2026/04/23 07:47:19.900   3509416.4663    779160.3259   5250969.1129   2  12   0.0221   0.0093   0.0181  -0.0082  -0.0020   0.0145  -0.10    1.0
2026/04/23 07:47:20.000   3509416.4662    779160.3252   5250969.1131   2  12   0.0221   0.0093   0.0181  -0.0082  -0.0020   0.0145   0.00    1.2
2026/04/23 07:47:20.100   3509416.4651    779160.3256   5250969.1134   2  12   0.0221   0.0093   0.0181  -0.0082  -0.0020   0.0145   0.10    1.0
2026/04/23 07:47:20.200   3509416.4643    779160.3240   5250969.1150   2  12   0.0221   0.0093   0.0181  -0.0082  -0.0020   0.0145   0.20    1.1
2026/04/23 07:47:20.300   3509416.4623    779160.3242   5250969.1159   2  12   0.0221   0.0093   0.0181  -0.0082  -0.0020   0.0145   0.30    1.0
2026/04/23 07:47:20.400   3509416.4610    779160.3245   5250969.1151   2  12   0.0221   0.0093   0.0181  -0.0082  -0.0020   0.0145   0.40    1.4
2026/04/23 07:47:20.500   3509416.4611    779160.3253   5250969.1171   2  12   0.0221   0.0093   0.0181  -0.0082  -0.0020   0.0145  -0.50    1.0
2026/04/23 07:47:20.600   3509416.4619    779160.3260   5250969.1163   2  12   0.0221   0.0093   0.0181  -0.0082  -0.0020   0.0145  -0.40    1.1
2026/04/23 07:47:20.700   3509416.4621    779160.3253   5250969.1147   2  12   0.0221   0.0093   0.0181  -0.0082  -0.0020   0.0145  -0.30    1.0
2026/04/23 07:47:20.800   3509416.4634    779160.3249   5250969.1152   2  12   0.0221   0.0093   0.0181  -0.0082  -0.0020   0.0145  -0.20    1.1
2026/04/23 07:47:20.900   3509416.4623    779160.3249   5250969.1153   2  12   0.0221   0.0093   0.0181  -0.0082  -0.0020   0.0145  -0.10    1.0
2026/04/23 07:47:21.000   3509416.4637    779160.3251   5250969.1150   2  12   0.0221   0.0093   0.0181  -0.0082  -0.0020   0.0145   0.00    1.0
2026/04/23 07:47:21.100   3509416.4631    779160.3249   5250969.1146   2  12   0.0221   0.0093   0.0181  -0.0082  -0.0020   0.0145   0.10    1.0
2026/04/23 07:47:21.200   3509416.4608    779160.3252   5250969.1151   2  12   0.0221   0.0093   0.0181  -0.0082  -0.0020   0.0145   0.20    1.0
2026/04/23 07:47:21.300   3509416.4614    779160.3254   5250969.1156   2  12   0.0221   0.0093   0.0181  -0.0082  -0.0020   0.0145   0.30    1.0
2026/04/23 07:47:21.400   3509416.4613    779160.3253   5250969.1159   2  12   0.0221   0.0093   0.0181  -0.0082  -0.0020   0.0145   0.40    1.3
2026/04/23 07:47:21.500   3509416.4639    779160.3260   5250969.1178   2  12   0.0221   0.0093   0.0181  -0.0082  -0.0020   0.0145  -0.50    1.0
2026/04/23 07:47:21.600   3509416.4641    779160.3241   5250969.1159   2  12   0.0221   0.0093   0.0181  -0.0082  -0.0020   0.0145  -0.40    1.3
2026/04/23 07:47:21.700   3509416.4605    779160.3238   5250969.1154   2  12   0.0221   0.0093   0.0181  -0.0082  -0.0020   0.0145  -0.30    1.0
2026/04/23 07:47:21.800   3509416.4599    779160.3238   5250969.1156   2  12   0.0221   0.0093   0.0181  -0.0082  -0.0020   0.0145  -0.20    1.0
2026/04/23 07:47:21.900   3509416.4627    779160.3233   5250969.1156   2  12   0.0221   0.0093   0.0181  -0.0082  -0.0020   0.0145  -0.10    1.0
2026/04/23 07:47:22.000   3509416.4618    779160.3229   5250969.1163   2  12   0.0221   0.0093   0.0181  -0.0082  -0.0020   0.0145   0.00    1.1
2026/04/23 07:47:22.100   3509416.4619    779160.3230   5250969.1163   2  12   0.0221   0.0093   0.0181  -0.0082  -0.0020   0.0145   0.10    1.0
2026/04/23 07:47:22.200   3509416.4595    779160.3234   5250969.1155   2  12   0.0221   0.0093   0.0181  -0.0082  -0.0020   0.0145   0.20    1.1
2026/04/23 07:47:22.300   3509416.4610    779160.3239   5250969.1153   2  12   0.0221   0.0093   0.0181  -0.0082  -0.0020   0.0145   0.30    1.0
2026/04/23 07:47:22.400   3509416.4624    779160.3228   5250969.1148   2  12   0.0221   0.0093   0.0181  -0.0082  -0.0020   0.0145   0.40    1.2
2026/04/23 07:47:22.500   3509416.4632    779160.3224   5250969.1171   2  12   0.0221   0.0093   0.0181  -0.0082  -0.0020   0.0145  -0.50    1.0
2026/04/23 07:47:22.600   3509416.4646    779160.3230   5250969.1169   2  12   0.0221   0.0093   0.0181  -0.0082  -0.0020   0.0145  -0.40    1.1
2026/04/23 07:47:22.700   3509416.4670    779160.3227   5250969.1154   2  12   0.0221   0.0093   0.0181  -0.0082  -0.0020   0.0145  -0.30    1.0
2026/04/23 07:47:22.800   3509416.4652    779160.3238   5250969.1162   2  12   0.0221   0.0093   0.0181  -0.0082  -0.0020   0.0145  -0.20    1.4
2026/04/23 07:47:22.900   3509416.4651    779160.3238   5250969.1176   2  12   0.0221   0.0093   0.0181  -0.0081  -0.0020   0.0145  -0.10    1.0
2026/04/23 07:47:23.000   3509416.4650    779160.3231   5250969.1184   2  12   0.0221   0.0093   0.0181  -0.0081  -0.0020   0.0145   0.00    1.1
2026/04/23 07:47:23.100   3509416.4652    779160.3240   5250969.1200   2  12   0.0221   0.0093   0.0181  -0.0081  -0.0020   0.0145   0.10    1.0
2026/04/23 07:47:23.200   3509416.4658    779160.3243   5250969.1203   2  12   0.0221   0.0093   0.0181  -0.0081  -0.0020   0.0145   0.20    1.1
2026/04/23 07:47:23.300   3509416.4661    779160.3241   5250969.1188   2  12   0.0221   0.0093   0.0181  -0.0081  -0.0020   0.0145   0.30    1.0
2026/04/23 07:47:23.400   3509416.4685    779160.3230   5250969.1178   2  12   0.0221   0.0093   0.0181  -0.0081  -0.0020   0.0145   0.40    1.0
2026/04/23 07:47:23.500   3509416.4679    779160.3235   5250969.1181   2  12   0.0221   0.0093   0.0181  -0.0081  -0.0020   0.0145  -0.50    1.0
2026/04/23 07:47:23.600   3509416.4664    779160.3229   5250969.1174   2  12   0.0221   0.0093   0.0181  -0.0081  -0.0020   0.0145  -0.40    1.1
2026/04/23 07:47:23.700   3509416.4660    779160.3227   5250969.1173   2  12   0.0221   0.0093   0.0181  -0.0081  -0.0020   0.0145  -0.30    1.0
2026/04/23 07:47:23.800   3509416.4677    779160.3239   5250969.1178   2  12   0.0221   0.0093   0.0181  -0.0081  -0.0020   0.0145  -0.20    1.3
2026/04/23 07:47:23.900   3509416.4672    779160.3236   5250969.1178   2  12   0.0221   0.0093   0.0181  -0.0081  -0.0020   0.0145  -0.10    1.0
2026/04/23 07:47:24.000   3509416.4681    779160.3229   5250969.1174   2  12   0.0221   0.0093   0.0181  -0.0081  -0.0020   0.0145   0.00    1.3
2026/04/23 07:47:24.100   3509416.4679    779160.3228   5250969.1166   2  12   0.0221   0.0093   0.0181  -0.0081  -0.0020   0.0145   0.10    1.0
2026/04/23 07:47:24.200   3509416.4678    779160.3231   5250969.1173   2  12   0.0221   0.0093   0.0181  -0.0081  -0.0020   0.0145   0.20    1.0
2026/04/23 07:47:24.300   3509416.4673    779160.3239   5250969.1176   2  12   0.0221   0.0093   0.0181  -0.0081  -0.0020   0.0145   0.30    1.0
2026/04/23 07:47:24.400   3509416.4686    779160.3249   5250969.1165   2  12   0.0221   0.0093   0.0181  -0.0081  -0.0020   0.0145   0.40    1.2
2026/04/23 07:47:24.500   3509416.4690    779160.3243   5250969.1140   2  12   0.0221   0.0093   0.0181  -0.0081  -0.0020   0.0145  -0.50    1.0
2026/04/23 07:47:24.600   3509416.4679    779160.3218   5250969.1121   2  12   0.0221   0.0093   0.0181  -0.0081  -0.0020   0.0145  -0.40    1.2
2026/04/23 07:47:24.700   3509416.4676    779160.3210   5250969.1135   2  12   0.0221   0.0093   0.0181  -0.0081  -0.0020   0.0145  -0.30    1.0
2026/04/23 07:47:24.800   3509416.4685    779160.3222   5250969.1135   2  12   0.0221   0.0093   0.0181  -0.0081  -0.0020   0.0145  -0.20    1.2
2026/04/23 07:47:24.900   3509416.4704    779160.3210   5250969.1128   2  12   0.0221   0.0093   0.0181  -0.0081  -0.0020   0.0145  -0.10    1.0
2026/04/23 07:47:25.000   3509416.4698    779160.3207   5250969.1130   2  12   0.0221   0.0093   0.0181  -0.0081  -0.0020   0.0145   0.00    1.1
2026/04/23 07:47:25.100   3509416.4660    779160.3200   5250969.1127   2  12   0.0221   0.0093   0.0181  -0.0081  -0.0020   0.0145   0.10    1.0
2026/04/23 07:47:25.200   3509416.4644    779160.3210   5250969.1137   2  12   0.0221   0.0093   0.0181  -0.0081  -0.0020   0.0145   0.20    1.4
2026/04/23 07:47:25.300   3509416.4686    779160.3212   5250969.1136   2  12   0.0221   0.0093   0.0181  -0.0081  -0.0020   0.0145   0.30    1.0
2026/04/23 07:47:25.400   3509416.4688    779160.3212   5250969.1122   2  12   0.0221   0.0093   0.0181  -0.0081  -0.0020   0.0145   0.40    1.1
2026/04/23 07:47:25.500   3509416.4686    779160.3212   5250969.1115   2  12   0.0221   0.0093   0.0181  -0.0081  -0.0020   0.0145  -0.50    1.0
2026/04/23 07:47:25.600   3509416.4689    779160.3218   5250969.1109   2  12   0.0221   0.0093   0.0181  -0.0081  -0.0020   0.0145  -0.40    1.1
2026/04/23 07:47:25.700   3509416.4697    779160.3197   5250969.1083   2  12   0.0221   0.0093   0.0181  -0.0081  -0.0020   0.0145  -0.30    1.0
2026/04/23 07:47:25.800   3509416.4717    779160.3191   5250969.1075   2  12   0.0221   0.0093   0.0181  -0.0081  -0.0020   0.0145  -0.20    1.0
2026/04/23 07:47:25.900   3509416.4718    779160.3202   5250969.1067   2  12   0.0221   0.0093   0.0181  -0.0081  -0.0020   0.0145  -0.10    1.0
2026/04/23 07:47:26.000   3509416.4713    779160.3218   5250969.1080   2  12   0.0221   0.0093   0.0181  -0.0081  -0.0020   0.0145   0.00    1.1
2026/04/23 07:47:26.100   3509416.4722    779160.3220   5250969.1082   2  12   0.0221   0.0093   0.0181  -0.0081  -0.0020   0.0145   0.10    1.0
2026/04/23 07:47:26.200   3509416.4720    779160.3213   5250969.1074   2  12   0.0221   0.0093   0.0181  -0.0081  -0.0020   0.0145   0.20    1.3
2026/04/23 07:47:26.300   3509416.4710    779160.3211   5250969.1063   2  12   0.0221   0.0093   0.0181  -0.0081  -0.0020   0.0145   0.30    1.0
2026/04/23 07:47:26.400   3509416.4677    779160.3188   5250969.1058   2  12   0.0221   0.0093   0.0181  -0.0081  -0.0020   0.0145   0.40    1.3
2026/04/23 07:47:26.500   3509416.4654    779160.3188   5250969.1056   2  12   0.0221   0.0093   0.0181  -0.0081  -0.0020   0.0145  -0.50    1.0
2026/04/23 07:47:26.600   3509416.4618    779160.3189   5250969.1052   2  12   0.0221   0.0093   0.0181  -0.0081  -0.0020   0.0145  -0.40    1.0
2026/04/23 07:47:26.700   3509416.4615    779160.3193   5250969.1044   2  12   0.0221   0.0093   0.0181  -0.0081  -0.0020   0.0145  -0.30    1.0
2026/04/23 07:47:26.800   3509416.4614    779160.3186   5250969.1048   2  12   0.0221   0.0093   0.0181  -0.0081  -0.0020   0.0145  -0.20    1.2
2026/04/23 07:47:26.900   3509416.4599    779160.3179   5250969.1039   2  12   0.0221   0.0093   0.0181  -0.0081  -0.0020   0.0145  -0.10    1.0
2026/04/23 07:47:27.000   3509416.4587    779160.3179   5250969.1038   2  12   0.0221   0.0093   0.0181  -0.0081  -0.0020   0.0145   0.00    1.2
2026/04/23 07:47:27.100   3509416.4570    779160.3179   5250969.1035   2  12   0.0221   0.0093   0.0181  -0.0081  -0.0020   0.0145   0.10    1.0
2026/04/23 07:47:27.200   3509416.4572    779160.3193   5250969.1034   2  12   0.0221   0.0093   0.0181  -0.0081  -0.0020   0.0145   0.20    1.2
2026/04/23 07:47:27.300   3509416.4583    779160.3187   5250969.1032   2  12   0.0221   0.0093   0.0181  -0.0081  -0.0020   0.0145   0.30    1.0
2026/04/23 07:47:27.400   3509416.4589    779160.3183   5250969.1033   2  12   0.0221   0.0093   0.0181  -0.0081  -0.0020   0.0145   0.40    1.1
2026/04/23 07:47:27.500   3509416.4565    779160.3194   5250969.1037   2  12   0.0221   0.0093   0.0181  -0.0081  -0.0020   0.0145  -0.50    1.0
2026/04/23 07:47:27.600   3509416.4572    779160.3209   5250969.1033   2  12   0.0221   0.0093   0.0181  -0.0081  -0.0020   0.0145  -0.40    1.4
2026/04/23 07:47:27.700   3509416.4580    779160.3203   5250969.1033   2  12   0.0221   0.0093   0.0181  -0.0081  -0.0020   0.0145  -0.30    1.0
2026/04/23 07:47:27.800   3509416.4599    779160.3208   5250969.1030   2  12   0.0221   0.0093   0.0181  -0.0081  -0.0020   0.0145  -0.20    1.1
2026/04/23 07:47:27.900   3509416.4625    779160.3204   5250969.1032   2  12   0.0221   0.0093   0.0181  -0.0081  -0.0020   0.0145  -0.10    1.0
2026/04/23 07:47:28.000   3509416.4628    779160.3203   5250969.1026   2  12   0.0221   0.0093   0.0181  -0.0081  -0.0020   0.0145   0.00    1.1
2026/04/23 07:47:28.100   3509416.4645    779160.3205   5250969.1024   2  12   0.0221   0.0093   0.0181  -0.0081  -0.0020   0.0145   0.10    1.0
2026/04/23 07:47:28.200   3509416.4626    779160.3198   5250969.1023   2  12   0.0221   0.0093   0.0181  -0.0081  -0.0020   0.0145   0.20    1.0
2026/04/23 07:47:28.300   3509416.4628    779160.3202   5250969.1012   2  12   0.0221   0.0093   0.0181  -0.0081  -0.0020   0.0145   0.30    1.0
2026/04/23 07:47:28.400   3509416.4639    779160.3199   5250969.1014   2  12   0.0221   0.0093   0.0181  -0.0081  -0.0020   0.0145   0.40    1.1
2026/04/23 07:47:28.500   3509416.4648    779160.3196   5250969.1027   2  12   0.0221   0.0093   0.0181  -0.0081  -0.0020   0.0145  -0.50    1.0
2026/04/23 07:47:28.600   3509416.4653    779160.3189   5250969.1029   2  12   0.0221   0.0093   0.0181  -0.0081  -0.0020   0.0145  -0.40    1.3
2026/04/23 07:47:28.700   3509416.4675    779160.3195   5250969.1028   2  12   0.0221   0.0093   0.0181  -0.0081  -0.0020   0.0145  -0.30    1.0
2026/04/23 07:47:28.800   3509416.4696    779160.3193   5250969.1036   2  12   0.0221   0.0093   0.0181  -0.0081  -0.0020   0.0145  -0.20    1.3
2026/04/23 07:47:28.900   3509416.4696    779160.3190   5250969.1040   2  12   0.0221   0.0093   0.0181  -0.0081  -0.0020   0.0145  -0.10    1.0
2026/04/23 07:47:29.000   3509416.4709    779160.3187   5250969.1038   2  12   0.0221   0.0093   0.0181  -0.0081  -0.0020   0.0145   0.00    1.0
2026/04/23 07:47:29.100   3509416.4717    779160.3192   5250969.1043   2  12   0.0221   0.0093   0.0181  -0.0081  -0.0020   0.0145   0.10    1.0
2026/04/23 07:47:29.200   3509416.4723    779160.3191   5250969.1045   2  12   0.0221   0.0093   0.0181  -0.0081  -0.0020   0.0145   0.20    1.2
2026/04/23 07:47:29.300   3509416.4722    779160.3186   5250969.1030   2  12   0.0221   0.0093   0.0181  -0.0081  -0.0020   0.0145   0.30    1.0
2026/04/23 07:47:29.400   3509416.4748    779160.3178   5250969.1027   2  12   0.0221   0.0093   0.0181  -0.0081  -0.0020   0.0145   0.40    1.2
2026/04/23 07:47:29.500   3509416.4769    779160.3172   5250969.1018   2  12   0.0221   0.0093   0.0181  -0.0081  -0.0020   0.0145  -0.50    1.0
2026/04/23 07:47:29.600   3509416.4754    779160.3175   5250969.1016   2  12   0.0221   0.0093   0.0181  -0.0081  -0.0020   0.0145  -0.40    1.3
2026/04/23 07:47:29.700   3509416.4746    779160.3162   5250969.1006   2  12   0.0221   0.0093   0.0181  -0.0081  -0.0020   0.0145  -0.30    1.0
2026/04/23 07:47:29.800   3509416.4749    779160.3162   5250969.1004   2  12   0.0221   0.0093   0.0181  -0.0081  -0.0020   0.0145  -0.20    1.2
2026/04/23 07:47:29.900   3509416.4769    779160.3158   5250969.0997   2  12   0.0221   0.0093   0.0181  -0.0081  -0.0020   0.0145  -0.10    1.0
2026/04/23 07:47:30.000   3509416.4770    779160.3157   5250969.0996   2  12   0.0221   0.0093   0.0181  -0.0081  -0.0020   0.0145   0.00    1.5
2026/04/23 07:47:30.100   3509416.4757    779160.3165   5250969.1017   2  12   0.0221   0.0093   0.0181  -0.0081  -0.0020   0.0145   0.10    1.0
2026/04/23 07:47:30.200   3509416.4769    779160.3178   5250969.1020   2  12   0.0221   0.0093   0.0181  -0.0081  -0.0020   0.0145   0.20    1.0
2026/04/23 07:47:30.300   3509416.4779    779160.3180   5250969.1027   2  12   0.0221   0.0093   0.0181  -0.0081  -0.0020   0.0145   0.30    1.0
2026/04/23 07:47:30.400   3509416.4778    779160.3177   5250969.1038   2  12   0.0221   0.0093   0.0181  -0.0081  -0.0020   0.0145   0.40    1.1
2026/04/23 07:47:30.500   3509416.4753    779160.3186   5250969.1053   2  12   0.0221   0.0093   0.0181  -0.0081  -0.0020   0.0145  -0.50    1.0
2026/04/23 07:47:30.600   3509416.4729    779160.3178   5250969.1054   2  12   0.0221   0.0093   0.0181  -0.0081  -0.0019   0.0145  -0.40    1.0
2026/04/23 07:47:30.700   3509416.4733    779160.3177   5250969.1051   2  12   0.0221   0.0093   0.0181  -0.0081  -0.0019   0.0145  -0.30    1.0
2026/04/23 07:47:30.800   3509416.4748    779160.3179   5250969.1053   2  12   0.0221   0.0093   0.0181  -0.0081  -0.0020   0.0145  -0.20    1.1
2026/04/23 07:47:30.900   3509416.4748    779160.3180   5250969.1058   2  12   0.0221   0.0093   0.0181  -0.0081  -0.0020   0.0145  -0.10    1.0
2026/04/23 07:47:31.000   3509416.4747    779160.3176   5250969.1070   2  12   0.0221   0.0093   0.0181  -0.0081  -0.0020   0.0145   0.00    1.2
2026/04/23 07:47:31.100   3509416.4752    779160.3178   5250969.1077   2  12   0.0221   0.0093   0.0181  -0.0081  -0.0020   0.0145   0.10    1.0
2026/04/23 07:47:31.200   3509416.4753    779160.3177   5250969.1081   2  12   0.0221   0.0093   0.0181  -0.0081  -0.0020   0.0145   0.20    1.3
2026/04/23 07:47:31.300   3509416.4758    779160.3174   5250969.1086   2  12   0.0221   0.0093   0.0181  -0.0081  -0.0020   0.0145   0.30    1.0
2026/04/23 07:47:31.400   3509416.4737    779160.3185   5250969.1087   2  12   0.0221   0.0093   0.0181  -0.0081  -0.0020   0.0145   0.40    1.0
2026/04/23 07:47:31.500   3509416.4757    779160.3178   5250969.1089   2  12   0.0221   0.0093   0.0181  -0.0081  -0.0019   0.0145  -0.50    1.0
2026/04/23 07:47:31.600   3509416.4766    779160.3162   5250969.1080   2  12   0.0221   0.0093   0.0181  -0.0081  -0.0019   0.0145  -0.40    1.2
2026/04/23 07:47:31.700   3509416.4759    779160.3163   5250969.1071   2  12   0.0221   0.0093   0.0181  -0.0081  -0.0019   0.0145  -0.30    1.0
2026/04/23 07:47:31.800   3509416.4770    779160.3166   5250969.1086   2  12   0.0221   0.0093   0.0181  -0.0081  -0.0019   0.0145  -0.20    1.2
2026/04/23 07:47:31.900   3509416.4784    779160.3161   5250969.1093   2  12   0.0221   0.0093   0.0181  -0.0081  -0.0019   0.0145  -0.10    1.0
2026/04/23 07:47:32.000   3509416.4770    779160.3163   5250969.1104   2  12   0.0221   0.0093   0.0181  -0.0081  -0.0020   0.0145   0.00    1.3
2026/04/23 07:47:32.100   3509416.4766    779160.3159   5250969.1102   2  12   0.0221   0.0093   0.0181  -0.0081  -0.0020   0.0145   0.10    1.0
2026/04/23 07:47:32.200   3509416.4759    779160.3162   5250969.1085   2  12   0.0221   0.0093   0.0181  -0.0081  -0.0020   0.0145   0.20    1.2
2026/04/23 07:47:32.300   3509416.4758    779160.3164   5250969.1070   2  12   0.0221   0.0093   0.0181  -0.0081  -0.0020   0.0145   0.30    1.0
2026/04/23 07:47:32.400   3509416.4757    779160.3154   5250969.1060   2  12   0.0221   0.0093   0.0181  -0.0081  -0.0019   0.0145   0.40    1.5
2026/04/23 07:47:32.500   3509416.4759    779160.3162   5250969.1065   2  12   0.0221   0.0093   0.0181  -0.0081  -0.0019   0.0145  -0.50    1.0
2026/04/23 07:47:32.600   3509416.4745    779160.3175   5250969.1064   2  12   0.0221   0.0093   0.0181  -0.0081  -0.0019   0.0145  -0.40    1.0
2026/04/23 07:47:32.700   3509416.4746    779160.3187   5250969.1044   2  12   0.0221   0.0093   0.0181  -0.0081  -0.0019   0.0145  -0.30    1.0
2026/04/23 07:47:32.800   3509416.4769    779160.3185   5250969.1029   2  12   0.0221   0.0093   0.0181  -0.0081  -0.0019   0.0145  -0.20    1.1
2026/04/23 07:47:32.900   3509416.4763    779160.3193   5250969.1025   2  12   0.0221   0.0093   0.0181  -0.0081  -0.0019   0.0145  -0.10    1.0
2026/04/23 07:47:33.000   3509416.4761    779160.3187   5250969.1013   2  12   0.0221   0.0093   0.0181  -0.0081  -0.0019   0.0145   0.00    1.0
2026/04/23 07:47:33.100   3509416.4773    779160.3183   5250969.1007   2  12   0.0221   0.0093   0.0181  -0.0081  -0.0019   0.0145   0.10    1.0
2026/04/23 07:47:33.200   3509416.4778    779160.3166   5250969.0996   2  12   0.0221   0.0093   0.0181  -0.0081  -0.0019   0.0145   0.20    1.1
2026/04/23 07:47:33.300   3509416.4780    779160.3155   5250969.0997   2  12   0.0221   0.0093   0.0181  -0.0081  -0.0019   0.0145   0.30    1.0
2026/04/23 07:47:33.400   3509416.4762    779160.3150   5250969.0998   2  12   0.0221   0.0093   0.0181  -0.0081  -0.0019   0.0145   0.40    1.2
2026/04/23 07:47:33.500   3509416.4747    779160.3140   5250969.1003   2  12   0.0221   0.0093   0.0181  -0.0081  -0.0019   0.0145  -0.50    1.0
2026/04/23 07:47:33.600   3509416.4731    779160.3150   5250969.1009   2  12   0.0221   0.0093   0.0181  -0.0081  -0.0019   0.0145  -0.40    1.3
2026/04/23 07:47:33.700   3509416.4737    779160.3153   5250969.1016   2  12   0.0221   0.0093   0.0181  -0.0081  -0.0019   0.0145  -0.30    1.0
2026/04/23 07:47:33.800   3509416.4754    779160.3157   5250969.1036   2  12   0.0221   0.0093   0.0181  -0.0081  -0.0019   0.0145  -0.20    1.0
2026/04/23 07:47:33.900   3509416.4744    779160.3159   5250969.1038   2  12   0.0221   0.0093   0.0181  -0.0081  -0.0019   0.0145  -0.10    1.0
2026/04/23 07:47:34.000   3509416.4765    779160.3169   5250969.1045   2  12   0.0221   0.0093   0.0181  -0.0081  -0.0019   0.0145   0.00    1.2
2026/04/23 07:47:34.100   3509416.4789    779160.3180   5250969.1046   2  12   0.0221   0.0093   0.0181  -0.0081  -0.0019   0.0145   0.10    1.0
2026/04/23 07:47:34.200   3509416.4800    779160.3180   5250969.1075   2  12   0.0221   0.0093   0.0181  -0.0081  -0.0019   0.0145   0.20    1.2
2026/04/23 07:47:34.300   3509416.4787    779160.3181   5250969.1079   2  12   0.0221   0.0093   0.0181  -0.0081  -0.0019   0.0145   0.30    1.0
2026/04/23 07:47:34.400   3509416.4817    779160.3183   5250969.1080   2  12   0.0221   0.0093   0.0181  -0.0081  -0.0019   0.0145   0.40    1.3
2026/04/23 07:47:34.500   3509416.4817    779160.3183   5250969.1081   2  12   0.0221   0.0093   0.0181  -0.0081  -0.0019   0.0145  -0.50    1.0
2026/04/23 07:47:34.600   3509416.4821    779160.3187   5250969.1090   2  12   0.0221   0.0093   0.0181  -0.0081  -0.0019   0.0145  -0.40    1.2
2026/04/23 07:47:34.700   3509416.4813    779160.3185   5250969.1081   2  12   0.0221   0.0093   0.0181  -0.0081  -0.0019   0.0145  -0.30    1.0
2026/04/23 07:47:34.800   3509416.4793    779160.3190   5250969.1092   2  12   0.0221   0.0093   0.0181  -0.0081  -0.0019   0.0145  -0.20    1.5
2026/04/23 07:47:34.900   3509416.4779    779160.3175   5250969.1110   2  12   0.0221   0.0093   0.0181  -0.0081  -0.0019   0.0145  -0.10    1.0
2026/04/23 07:47:35.000   3509416.4771    779160.3168   5250969.1121   2  12   0.0221   0.0093   0.0181  -0.0081  -0.0019   0.0145   0.00    1.0
2026/04/23 07:47:35.100   3509416.4780    779160.3168   5250969.1129   2  12   0.0221   0.0093   0.0181  -0.0081  -0.0019   0.0145   0.10    1.0
2026/04/23 07:47:35.200   3509416.4794    779160.3160   5250969.1138   2  12   0.0221   0.0093   0.0181  -0.0081  -0.0019   0.0145   0.20    1.1
2026/04/23 07:47:35.300   3509416.4789    779160.3178   5250969.1149   2  12   0.0221   0.0093   0.0181  -0.0081  -0.0019   0.0145   0.30    1.0
2026/04/23 07:47:35.400   3509416.4814    779160.3178   5250969.1170   2  12   0.0221   0.0093   0.0181  -0.0081  -0.0019   0.0145   0.40    1.0
2026/04/23 07:47:35.500   3509416.4806    779160.3179   5250969.1181   2  12   0.0221   0.0093   0.0181  -0.0081  -0.0019   0.0145  -0.50    1.0
2026/04/23 07:47:35.600   3509416.4825    779160.3188   5250969.1183   2  12   0.0221   0.0093   0.0181  -0.0081  -0.0019   0.0145  -0.40    1.1
2026/04/23 07:47:35.700   3509416.4844    779160.3190   5250969.1193   2  12   0.0221   0.0093   0.0181  -0.0081  -0.0019   0.0145  -0.30    1.0
2026/04/23 07:47:35.800   3509416.4819    779160.3172   5250969.1185   2  12   0.0221   0.0093   0.0181  -0.0081  -0.0019   0.0145  -0.20    1.2
2026/04/23 07:47:35.900   3509416.4812    779160.3177   5250969.1189   2  12   0.0221   0.0093   0.0181  -0.0081  -0.0019   0.0145  -0.10    1.0
2026/04/23 07:47:36.000   3509416.4843    779160.3176   5250969.1193   2  12   0.0221   0.0093   0.0181  -0.0081  -0.0019   0.0145   0.00    1.3
2026/04/23 07:47:36.100   3509416.4853    779160.3192   5250969.1195   2  12   0.0221   0.0093   0.0181  -0.0081  -0.0019   0.0145   0.10    1.0
2026/04/23 07:47:36.200   3509416.4858    779160.3183   5250969.1188   2  12   0.0221   0.0093   0.0181  -0.0081  -0.0019   0.0145   0.20    1.0
2026/04/23 07:47:36.300   3509416.4879    779160.3182   5250969.1172   2  12   0.0221   0.0093   0.0181  -0.0081  -0.0019   0.0145   0.30    1.0
2026/04/23 07:47:36.400   3509416.4886    779160.3170   5250969.1173   2  12   0.0221   0.0093   0.0181  -0.0081  -0.0019   0.0145   0.40    1.3
2026/04/23 07:47:36.500   3509416.4883    779160.3162   5250969.1168   2  12   0.0221   0.0093   0.0181  -0.0081  -0.0019   0.0145  -0.50    1.0
2026/04/23 07:47:36.600   3509416.4885    779160.3165   5250969.1162   2  12   0.0221   0.0093   0.0181  -0.0081  -0.0019   0.0145  -0.40    1.2
2026/04/23 07:47:36.700   3509416.4859    779160.3153   5250969.1152   2  12   0.0221   0.0093   0.0181  -0.0081  -0.0019   0.0145  -0.30    1.0
2026/04/23 07:47:36.800   3509416.4860    779160.3140   5250969.1135   2  12   0.0221   0.0093   0.0181  -0.0081  -0.0019   0.0145  -0.20    1.3
2026/04/23 07:47:36.900   3509416.4824    779160.3144   5250969.1137   2  12   0.0221   0.0093   0.0181  -0.0081  -0.0019   0.0145  -0.10    1.0
2026/04/23 07:47:37.000   3509416.4817    779160.3157   5250969.1136   2  12   0.0221   0.0093   0.0181  -0.0081  -0.0019   0.0145   0.00    1.2
2026/04/23 07:47:37.100   3509416.4834    779160.3155   5250969.1139   2  12   0.0221   0.0093   0.0181  -0.0081  -0.0019   0.0145   0.10    1.0
2026/04/23 07:47:37.200   3509416.4796    779160.3153   5250969.1136   2  12   0.0221   0.0093   0.0181  -0.0081  -0.0019   0.0145   0.20    1.5
2026/04/23 07:47:37.300   3509416.4784    779160.3158   5250969.1147   2  12   0.0221   0.0093   0.0181  -0.0081  -0.0019   0.0145   0.30    1.0
2026/04/23 07:47:37.400   3509416.4796    779160.3163   5250969.1156   2  12   0.0221   0.0093   0.0181  -0.0081  -0.0019   0.0145   0.40    1.0
2026/04/23 07:47:37.500   3509416.4794    779160.3143   5250969.1161   2  12   0.0221   0.0093   0.0181  -0.0081  -0.0019   0.0145  -0.50    1.0
2026/04/23 07:47:37.600   3509416.4793    779160.3150   5250969.1169   2  12   0.0221   0.0093   0.0181  -0.0081  -0.0019   0.0145  -0.40    1.1
2026/04/23 07:47:37.700   3509416.4762    779160.3140   5250969.1167   2  12   0.0221   0.0093   0.0181  -0.0081  -0.0019   0.0145  -0.30    1.0
2026/04/23 07:47:37.800   3509416.4741    779160.3138   5250969.1168   2  12   0.0221   0.0093   0.0181  -0.0081  -0.0019   0.0145  -0.20    1.0
2026/04/23 07:47:37.900   3509416.4734    779160.3142   5250969.1169   2  12   0.0221   0.0093   0.0181  -0.0081  -0.0019   0.0145  -0.10    1.0
2026/04/23 07:47:38.000   3509416.4739    779160.3159   5250969.1171   2  12   0.0221   0.0093   0.0181  -0.0081  -0.0019   0.0145   0.00    1.0
2026/04/23 07:47:38.100   3509416.4740    779160.3152   5250969.1169   2  12   0.0221   0.0093   0.0181  -0.0081  -0.0019   0.0145   0.10    1.0
2026/04/23 07:47:38.200   3509416.4759    779160.3168   5250969.1169   2  12   0.0221   0.0093   0.0181  -0.0081  -0.0019   0.0145   0.20    1.2
2026/04/23 07:47:38.300   3509416.4754    779160.3177   5250969.1181   2  12   0.0221   0.0093   0.0181  -0.0081  -0.0019   0.0145   0.30    1.0
2026/04/23 07:47:38.400   3509416.4762    779160.3165   5250969.1180   2  12   0.0221   0.0093   0.0181  -0.0081  -0.0019   0.0145   0.40    1.3
2026/04/23 07:47:38.500   3509416.4753    779160.3168   5250969.1177   2  12   0.0221   0.0093   0.0181  -0.0081  -0.0019   0.0145  -0.50    1.0
2026/04/23 07:47:38.600   3509416.4769    779160.3166   5250969.1177   2  12   0.0221   0.0093   0.0181  -0.0081  -0.0019   0.0145  -0.40    1.0
2026/04/23 07:47:38.700   3509416.4771    779160.3167   5250969.1184   2  12   0.0221   0.0093   0.0181  -0.0081  -0.0019   0.0145  -0.30    1.0
2026/04/23 07:47:38.800   3509416.4772    779160.3164   5250969.1170   2  12   0.0221   0.0093   0.0181  -0.0081  -0.0019   0.0145  -0.20    1.3
2026/04/23 07:47:38.900   3509416.4782    779160.3162   5250969.1154   2  12   0.0221   0.0093   0.0181  -0.0081  -0.0019   0.0145  -0.10    1.0
2026/04/23 07:47:39.000   3509416.4799    779160.3159   5250969.1147   2  12   0.0221   0.0093   0.0181  -0.0081  -0.0019   0.0145   0.00    1.2
2026/04/23 07:47:39.100   3509416.4818    779160.3164   5250969.1149   2  12   0.0221   0.0093   0.0181  -0.0081  -0.0019   0.0145   0.10    1.0
2026/04/23 07:47:39.200   3509416.4839    779160.3155   5250969.1131   2  12   0.0221   0.0093   0.0181  -0.0081  -0.0019   0.0145   0.20    1.3
2026/04/23 07:47:39.300   3509416.4841    779160.3165   5250969.1121   2  12   0.0221   0.0093   0.0181  -0.0081  -0.0019   0.0145   0.30    1.0
2026/04/23 07:47:39.400   3509416.4823    779160.3151   5250969.1116   2  12   0.0221   0.0093   0.0181  -0.0081  -0.0019   0.0145   0.40    1.2
2026/04/23 07:47:39.500   3509416.4831    779160.3154   5250969.1119   2  12   0.0221   0.0093   0.0181  -0.0081  -0.0019   0.0145  -0.50    1.0
2026/04/23 07:47:39.600   3509416.4840    779160.3143   5250969.1111   2  12   0.0221   0.0093   0.0181  -0.0081  -0.0019   0.0145  -0.40    1.5
2026/04/23 07:47:39.700   3509416.4855    779160.3157   5250969.1118   2  12   0.0221   0.0093   0.0181  -0.0081  -0.0019   0.0145  -0.30    1.0
2026/04/23 07:47:39.800   3509416.4854    779160.3163   5250969.1122   2  12   0.0221   0.0093   0.0181  -0.0081  -0.0019   0.0145  -0.20    1.0
2026/04/23 07:47:39.900   3509416.4870    779160.3152   5250969.1115   2  12   0.0221   0.0093   0.0181  -0.0081  -0.0019   0.0145  -0.10    1.0
2026/04/23 07:47:40.000   3509416.4884    779160.3140   5250969.1103   2  12   0.0221   0.0093   0.0181  -0.0081  -0.0019   0.0145   0.00    1.1
2026/04/23 07:47:40.100   3509416.4885    779160.3134   5250969.1111   2  12   0.0221   0.0093   0.0181  -0.0081  -0.0019   0.0145   0.10    1.0
2026/04/23 07:47:40.200   3509416.4903    779160.3142   5250969.1135   2  12   0.0221   0.0093   0.0181  -0.0081  -0.0019   0.0145   0.20    1.0
2026/04/23 07:47:40.300   3509416.4879    779160.3146   5250969.1120   2  12   0.0221   0.0093   0.0181  -0.0081  -0.0019   0.0145   0.30    1.0
2026/04/23 07:47:40.400   3509416.4888    779160.3147   5250969.1123   2  12   0.0221   0.0093   0.0181  -0.0081  -0.0019   0.0145   0.40    1.0
2026/04/23 07:47:40.500   3509416.4882    779160.3146   5250969.1126   2  12   0.0221   0.0093   0.0181  -0.0081  -0.0019   0.0145  -0.50    1.0
2026/04/23 07:47:40.600   3509416.4897    779160.3149   5250969.1146   2  12   0.0221   0.0093   0.0181  -0.0081  -0.0019   0.0145  -0.40    1.2
2026/04/23 07:47:40.700   3509416.4889    779160.3140   5250969.1146   2  12   0.0221   0.0093   0.0181  -0.0081  -0.0019   0.0145  -0.30    1.0
2026/04/23 07:47:40.800   3509416.4899    779160.3134   5250969.1145   2  12   0.0221   0.0093   0.0181  -0.0081  -0.0019   0.0145  -0.20    1.3
2026/04/23 07:47:40.900   3509416.4890    779160.3140   5250969.1149   2  12   0.0221   0.0093   0.0181  -0.0081  -0.0019   0.0145  -0.10    1.0
2026/04/23 07:47:41.000   3509416.4883    779160.3143   5250969.1147   2  12   0.0221   0.0093   0.0181  -0.0081  -0.0019   0.0145   0.00    1.0
2026/04/23 07:47:41.100   3509416.4872    779160.3131   5250969.1136   2  12   0.0221   0.0093   0.0181  -0.0081  -0.0019   0.0145   0.10    1.0
2026/04/23 07:47:41.200   3509416.4876    779160.3129   5250969.1130   2  12   0.0221   0.0093   0.0181  -0.0081  -0.0019   0.0145   0.20    1.3
2026/04/23 07:47:41.300   3509416.4862    779160.3135   5250969.1132   2  12   0.0221   0.0093   0.0181  -0.0081  -0.0019   0.0145   0.30    1.0
2026/04/23 07:47:41.400   3509416.4855    779160.3141   5250969.1143   2  12   0.0221   0.0093   0.0181  -0.0081  -0.0019   0.0145   0.40    1.2
2026/04/23 07:47:41.500   3509416.4873    779160.3135   5250969.1139   2  12   0.0221   0.0093   0.0181  -0.0081  -0.0019   0.0145  -0.50    1.0
2026/04/23 07:47:41.600   3509416.4865    779160.3139   5250969.1145   2  12   0.0221   0.0093   0.0181  -0.0081  -0.0019   0.0145  -0.40    1.3
2026/04/23 07:47:41.700   3509416.4858    779160.3129   5250969.1146   2  12   0.0221   0.0093   0.0181  -0.0081  -0.0019   0.0145  -0.30    1.0
2026/04/23 07:47:41.800   3509416.4835    779160.3125   5250969.1152   2  12   0.0221   0.0093   0.0181  -0.0081  -0.0019   0.0145  -0.20    1.2
2026/04/23 07:47:41.900   3509416.4836    779160.3128   5250969.1146   2  12   0.0221   0.0093   0.0181  -0.0081  -0.0019   0.0145  -0.10    1.0
2026/04/23 07:47:42.000   3509416.4842    779160.3126   5250969.1139   2  12   0.0221   0.0093   0.0181  -0.0081  -0.0019   0.0145   0.00    1.5
2026/04/23 07:47:42.100   3509416.4826    779160.3125   5250969.1135   2  12   0.0221   0.0093   0.0181  -0.0081  -0.0019   0.0145   0.10    1.0
2026/04/23 07:47:42.200   3509416.4818    779160.3128   5250969.1148   2  12   0.0221   0.0093   0.0181  -0.0081  -0.0019   0.0145   0.20    1.0
2026/04/23 07:47:42.300   3509416.4833    779160.3123   5250969.1142   2  12   0.0221   0.0093   0.0181  -0.0081  -0.0019   0.0145   0.30    1.0
2026/04/23 07:47:42.400   3509416.4849    779160.3131   5250969.1148   2  12   0.0221   0.0093   0.0181  -0.0081  -0.0019   0.0145   0.40    1.1
2026/04/23 07:47:42.500   3509416.4860    779160.3105   5250969.1137   2  12   0.0221   0.0093   0.0181  -0.0081  -0.0019   0.0145  -0.50    1.0
2026/04/23 07:47:42.600   3509416.4865    779160.3104   5250969.1134   2  12   0.0221   0.0093   0.0181  -0.0081  -0.0019   0.0145  -0.40    1.0
2026/04/23 07:47:42.700   3509416.4896    779160.3112   5250969.1135   2  12   0.0221   0.0093   0.0181  -0.0081  -0.0019   0.0145  -0.30    1.0
2026/04/23 07:47:42.800   3509416.4866    779160.3127   5250969.1138   2  12   0.0221   0.0093   0.0181  -0.0081  -0.0019   0.0145  -0.20    1.0
2026/04/23 07:47:42.900   3509416.4874    779160.3134   5250969.1147   2  12   0.0221   0.0093   0.0181  -0.0081  -0.0019   0.0145  -0.10    1.0
2026/04/23 07:47:43.000   3509416.4873    779160.3142   5250969.1159   2  12   0.0221   0.0093   0.0181  -0.0081  -0.0019   0.0145   0.00    1.2
2026/04/23 07:47:43.100   3509416.4872    779160.3148   5250969.1159   2  12   0.0221   0.0093   0.0181  -0.0081  -0.0019   0.0145   0.10    1.0
2026/04/23 07:47:43.200   3509416.4853    779160.3142   5250969.1174   2  12   0.0221   0.0093   0.0181  -0.0081  -0.0019   0.0145   0.20    1.3
2026/04/23 07:47:43.300   3509416.4857    779160.3132   5250969.1174   2  12   0.0221   0.0093   0.0181  -0.0081  -0.0019   0.0145   0.30    1.0
2026/04/23 07:47:43.400   3509416.4847    779160.3123   5250969.1161   2  12   0.0221   0.0093   0.0181  -0.0081  -0.0019   0.0145   0.40    1.0
2026/04/23 07:47:43.500   3509416.4821    779160.3126   5250969.1160   2  12   0.0221   0.0093   0.0181  -0.0081  -0.0019   0.0145  -0.50    1.0
2026/04/23 07:47:43.600   3509416.4832    779160.3127   5250969.1166   2  12   0.0221   0.0093   0.0181  -0.0081  -0.0019   0.0145  -0.40    1.3
2026/04/23 07:47:43.700   3509416.4841    779160.3124   5250969.1175   2  12   0.0221   0.0093   0.0181  -0.0081  -0.0019   0.0145  -0.30    1.0
2026/04/23 07:47:43.800   3509416.4836    779160.3128   5250969.1164   2  12   0.0221   0.0093   0.0181  -0.0081  -0.0019   0.0145  -0.20    1.2
2026/04/23 07:47:43.900   3509416.4830    779160.3140   5250969.1151   2  12   0.0221   0.0093   0.0181  -0.0081  -0.0019   0.0145  -0.10    1.0
2026/04/23 07:47:44.000   3509416.4834    779160.3118   5250969.1138   2  12   0.0221   0.0093   0.0181  -0.0081  -0.0019   0.0145   0.00    1.3
2026/04/23 07:47:44.100   3509416.4859    779160.3111   5250969.1129   2  12   0.0221   0.0093   0.0181  -0.0081  -0.0019   0.0145   0.10    1.0
2026/04/23 07:47:44.200   3509416.4863    779160.3123   5250969.1130   2  12   0.0221   0.0093   0.0181  -0.0081  -0.0019   0.0145   0.20    1.2
2026/04/23 07:47:44.300   3509416.4853    779160.3128   5250969.1136   2  12   0.0221   0.0093   0.0181  -0.0081  -0.0019   0.0145   0.30    1.0
2026/04/23 07:47:44.400   3509416.4859    779160.3122   5250969.1134   2  12   0.0221   0.0093   0.0181  -0.0081  -0.0019   0.0145   0.40    1.6
2026/04/23 07:47:44.500   3509416.4850    779160.3118   5250969.1139   2  12   0.0221   0.0093   0.0181  -0.0081  -0.0019   0.0145  -0.50    1.0
2026/04/23 07:47:44.600   3509416.4857    779160.3124   5250969.1141   2  12   0.0221   0.0093   0.0181  -0.0081  -0.0019   0.0145  -0.40    1.0
2026/04/23 07:47:44.700   3509416.4850    779160.3123   5250969.1131   2  12   0.0221   0.0093   0.0181  -0.0081  -0.0019   0.0145  -0.30    1.0
2026/04/23 07:47:44.800   3509416.4829    779160.3123   5250969.1133   2  12   0.0221   0.0093   0.0181  -0.0081  -0.0019   0.0145  -0.20    1.0
2026/04/23 07:47:44.900   3509416.4874    779160.3131   5250969.1129   2  12   0.0221   0.0093   0.0181  -0.0081  -0.0019   0.0145  -0.10    1.0
2026/04/23 07:47:45.000   3509416.4846    779160.3137   5250969.1120   2  12   0.0221   0.0093   0.0181  -0.0081  -0.0019   0.0145   0.00    1.0
2026/04/23 07:47:45.100   3509416.4846    779160.3117   5250969.1099   2  12   0.0221   0.0093   0.0181  -0.0081  -0.0019   0.0145   0.10    1.0
2026/04/23 07:47:45.200   3509416.4819    779160.3103   5250969.1079   2  12   0.0221   0.0093   0.0181  -0.0081  -0.0019   0.0145   0.20    1.0
2026/04/23 07:47:45.300   3509416.4799    779160.3092   5250969.1075   2  12   0.0221   0.0093   0.0181  -0.0081  -0.0019   0.0145   0.30    1.0
2026/04/23 07:47:45.400   3509416.4814    779160.3079   5250969.1059   2  12   0.0221   0.0093   0.0181  -0.0081  -0.0019   0.0145   0.40    1.2
2026/04/23 07:47:45.500   3509416.4828    779160.3068   5250969.1073   2  12   0.0221   0.0093   0.0181  -0.0081  -0.0019   0.0145  -0.50    1.0
2026/04/23 07:47:45.600   3509416.4833    779160.3075   5250969.1070   2  12   0.0221   0.0093   0.0181  -0.0081  -0.0019   0.0145  -0.40    1.3
2026/04/23 07:47:45.700   3509416.4815    779160.3080   5250969.1060   2  12   0.0221   0.0093   0.0181  -0.0081  -0.0019   0.0145  -0.30    1.0
2026/04/23 07:47:45.800   3509416.4801    779160.3080   5250969.1057   2  12   0.0221   0.0093   0.0181  -0.0081  -0.0019   0.0145  -0.20    1.0
2026/04/23 07:47:45.900   3509416.4827    779160.3078   5250969.1053   2  12   0.0221   0.0093   0.0181  -0.0081  -0.0019   0.0145  -0.10    1.0
2026/04/23 07:47:46.000   3509416.4837    779160.3086   5250969.1048   2  12   0.0221   0.0093   0.0181  -0.0081  -0.0019   0.0145   0.00    1.3
2026/04/23 07:47:46.100   3509416.4832    779160.3099   5250969.1049   2  12   0.0221   0.0093   0.0181  -0.0081  -0.0019   0.0145   0.10    1.0
2026/04/23 07:47:46.200   3509416.4835    779160.3105   5250969.1056   2  12   0.0221   0.0093   0.0181  -0.0081  -0.0019   0.0145   0.20    1.2
2026/04/23 07:47:46.300   3509416.4848    779160.3103   5250969.1059   2  12   0.0221   0.0093   0.0181  -0.0081  -0.0019   0.0145   0.30    1.0
2026/04/23 07:47:46.400   3509416.4855    779160.3104   5250969.1052   2  12   0.0221   0.0093   0.0181  -0.0081  -0.0019   0.0145   0.40    1.3
2026/04/23 07:47:46.500   3509416.4862    779160.3098   5250969.1063   2  12   0.0221   0.0093   0.0181  -0.0081  -0.0019   0.0145  -0.50    1.0
2026/04/23 07:47:46.600   3509416.4874    779160.3092   5250969.1063   2  12   0.0221   0.0093   0.0181  -0.0081  -0.0019   0.0145  -0.40    1.2
2026/04/23 07:47:46.700   3509416.4872    779160.3100   5250969.1063   2  12   0.0221   0.0093   0.0181  -0.0081  -0.0019   0.0145  -0.30    1.0
2026/04/23 07:47:46.800   3509416.4868    779160.3105   5250969.1064   2  12   0.0221   0.0093   0.0181  -0.0081  -0.0019   0.0145  -0.20    1.6
2026/04/23 07:47:46.900   3509416.4874    779160.3106   5250969.1085   2  12   0.0221   0.0093   0.0181  -0.0081  -0.0019   0.0145  -0.10    1.6
2026/04/23 07:47:47.000   3509416.4893    779160.3103   5250969.1110   2  12   0.0221   0.0093   0.0181  -0.0081  -0.0019   0.0145   0.00    1.6
2026/04/23 07:47:47.100   3509416.4889    779160.3110   5250969.1111   2  12   0.0221   0.0093   0.0181  -0.0081  -0.0019   0.0145   0.10    1.6
2026/04/23 07:47:47.200   3509416.4873    779160.3102   5250969.1104   2  12   0.0221   0.0093   0.0181  -0.0081  -0.0019   0.0145   0.20    1.6
2026/04/23 07:47:47.300   3509416.4859    779160.3087   5250969.1085   2  12   0.0221   0.0093   0.0181  -0.0081  -0.0019   0.0145   0.30    1.6
2026/04/23 07:47:47.400   3509416.4872    779160.3091   5250969.1100   2  12   0.0221   0.0093   0.0181  -0.0081  -0.0019   0.0145   0.40    1.6
2026/04/23 07:47:47.500   3509416.4877    779160.3103   5250969.1101   2  12   0.0221   0.0093   0.0181  -0.0081  -0.0019   0.0145  -0.50    1.6
2026/04/23 07:47:47.600   3509416.4869    779160.3093   5250969.1078   2  12   0.0221   0.0093   0.0181  -0.0081  -0.0019   0.0145  -0.40    1.6
2026/04/23 07:47:47.700   3509416.4857    779160.3083   5250969.1082   2  12   0.0221   0.0093   0.0181  -0.0081  -0.0019   0.0145  -0.30    1.6
2026/04/23 07:47:47.800   3509416.4851    779160.3084   5250969.1081   2  12   0.0221   0.0093   0.0181  -0.0081  -0.0019   0.0145  -0.20    1.0
2026/04/23 07:47:47.900   3509416.4871    779160.3093   5250969.1087   2  12   0.0221   0.0093   0.0181  -0.0081  -0.0019   0.0145  -0.10    1.1
2026/04/23 07:47:48.000   3509416.4865    779160.3079   5250969.1071   2  12   0.0221   0.0093   0.0181  -0.0081  -0.0019   0.0145   0.00    1.0
2026/04/23 07:47:48.100   3509416.4874    779160.3076   5250969.1074   2  12   0.0221   0.0093   0.0181  -0.0081  -0.0019   0.0145   0.10    1.0
2026/04/23 07:47:48.200   3509416.4865    779160.3084   5250969.1082   2  12   0.0221   0.0093   0.0181  -0.0081  -0.0019   0.0145   0.20    1.0
2026/04/23 07:47:48.300   3509416.4869    779160.3095   5250969.1096   2  12   0.0221   0.0093   0.0181  -0.0081  -0.0019   0.0145   0.30    1.0
2026/04/23 07:47:48.400   3509416.4861    779160.3091   5250969.1084   2  12   0.0221   0.0093   0.0181  -0.0081  -0.0019   0.0145   0.40    1.0
2026/04/23 07:47:48.500   3509416.4843    779160.3099   5250969.1077   2  12   0.0221   0.0093   0.0181  -0.0081  -0.0019   0.0145  -0.50    1.0
2026/04/23 07:47:48.600   3509416.4837    779160.3082   5250969.1059   2  12   0.0221   0.0093   0.0181  -0.0081  -0.0019   0.0145  -0.40    1.0
2026/04/23 07:47:48.700   3509416.4829    779160.3079   5250969.1040   2  12   0.0221   0.0093   0.0181  -0.0081  -0.0019   0.0145  -0.30    1.2
2026/04/23 07:47:48.800   3509416.4843    779160.3075   5250969.1031   2  12   0.0221   0.0093   0.0181  -0.0081  -0.0019   0.0145  -0.20    1.0
2026/04/23 07:47:48.900   3509416.4844    779160.3081   5250969.1026   2  12   0.0221   0.0093   0.0181  -0.0081  -0.0019   0.0145  -0.10    1.3
2026/04/23 07:47:49.000   3509416.4845    779160.3081   5250969.1036   2  12   0.0221   0.0093   0.0181  -0.0081  -0.0019   0.0145   0.00    1.0
2026/04/23 07:47:49.100   3509416.4841    779160.3074   5250969.1037   2  12   0.0221   0.0093   0.0181  -0.0081  -0.0019   0.0145   0.10    1.0
2026/04/23 07:47:49.200   3509416.4862    779160.3067   5250969.1041   2  12   0.0221   0.0093   0.0181  -0.0081  -0.0019   0.0145   0.20    1.0
2026/04/23 07:47:49.300   3509416.4857    779160.3064   5250969.1058   2  12   0.0221   0.0093   0.0181  -0.0081  -0.0019   0.0145   0.30    1.4
2026/04/23 07:47:49.400   3509416.4846    779160.3073   5250969.1067   2  12   0.0221   0.0093   0.0181  -0.0081  -0.0019   0.0145   0.40    1.0
2026/04/23 07:47:49.500   3509416.4835    779160.3060   5250969.1060   2  12   0.0221   0.0093   0.0181  -0.0081  -0.0019   0.0145  -0.50    1.2
2026/04/23 07:47:49.600   3509416.4846    779160.3054   5250969.1055   2  12   0.0221   0.0093   0.0181  -0.0081  -0.0019   0.0145  -0.40    1.0
2026/04/23 07:47:49.700   3509416.4855    779160.3056   5250969.1049   2  12   0.0221   0.0093   0.0181  -0.0080  -0.0019   0.0145  -0.30    1.3
2026/04/23 07:47:49.800   3509416.4881    779160.3064   5250969.1065   2  12   0.0221   0.0093   0.0181  -0.0080  -0.0019   0.0145  -0.20    1.0
2026/04/23 07:47:49.900   3509416.4885    779160.3063   5250969.1056   2  12   0.0221   0.0093   0.0181  -0.0080  -0.0019   0.0145  -0.10    1.2
2026/04/23 07:47:50.000   3509416.4874    779160.3052   5250969.1039   2  12   0.0221   0.0093   0.0181  -0.0080  -0.0019   0.0145   0.00    1.0
2026/04/23 07:47:50.100   3509416.4874    779160.3070   5250969.1039   2  12   0.0221   0.0093   0.0181  -0.0080  -0.0019   0.0145   0.10    1.6
2026/04/23 07:47:50.200   3509416.4891    779160.3076   5250969.1037   2  12   0.0221   0.0093   0.0181  -0.0080  -0.0019   0.0145   0.20    1.6
2026/04/23 07:47:50.300   3509416.4898    779160.3071   5250969.1042   2  12   0.0221   0.0093   0.0181  -0.0080  -0.0019   0.0145   0.30    1.6
2026/04/23 07:47:50.400   3509416.4884    779160.3072   5250969.1058   2  12   0.0221   0.0093   0.0181  -0.0080  -0.0019   0.0145   0.40    1.6
2026/04/23 07:47:50.500   3509416.4897    779160.3071   5250969.1065   2  12   0.0221   0.0093   0.0181  -0.0080  -0.0019   0.0145  -0.50    1.6
2026/04/23 07:47:50.600   3509416.4880    779160.3078   5250969.1076   2  12   0.0221   0.0093   0.0181  -0.0080  -0.0019   0.0145  -0.40    1.6
2026/04/23 07:47:50.700   3509416.4873    779160.3079   5250969.1082   2  12   0.0221   0.0093   0.0181  -0.0080  -0.0019   0.0145  -0.30    1.6
2026/04/23 07:47:50.800   3509416.4904    779160.3075   5250969.1087   2  12   0.0221   0.0093   0.0181  -0.0080  -0.0019   0.0145  -0.20    1.6
2026/04/23 07:47:50.900   3509416.4915    779160.3068   5250969.1109   2  12   0.0221   0.0093   0.0181  -0.0080  -0.0019   0.0145  -0.10    1.6
2026/04/23 07:47:51.000   3509416.4924    779160.3063   5250969.1127   2  12   0.0221   0.0093   0.0181  -0.0080  -0.0019   0.0145   0.00    1.6
2026/04/23 07:47:51.100   3509416.4936    779160.3050   5250969.1131   2  12   0.0221   0.0093   0.0181  -0.0080  -0.0019   0.0145   0.10    1.0
2026/04/23 07:47:51.200   3509416.4928    779160.3043   5250969.1147   2  12   0.0221   0.0093   0.0181  -0.0080  -0.0019   0.0145   0.20    1.1
2026/04/23 07:47:51.300   3509416.4927    779160.3049   5250969.1158   2  12   0.0221   0.0093   0.0181  -0.0080  -0.0019   0.0145   0.30    1.0
2026/04/23 07:47:51.400   3509416.4913    779160.3045   5250969.1157   2  12   0.0221   0.0093   0.0181  -0.0080  -0.0019   0.0145   0.40    1.0
2026/04/23 07:47:51.500   3509416.4947    779160.3059   5250969.1174   2  12   0.0221   0.0093   0.0181  -0.0080  -0.0018   0.0145  -0.50    1.0
2026/04/23 07:47:51.600   3509416.4946    779160.3076   5250969.1200   2  12   0.0221   0.0093   0.0181  -0.0080  -0.0018   0.0145  -0.40    1.0
2026/04/23 07:47:51.700   3509416.4933    779160.3081   5250969.1197   2  12   0.0221   0.0093   0.0181  -0.0080  -0.0018   0.0145  -0.30    1.0
2026/04/23 07:47:51.800   3509416.4967    779160.3093   5250969.1194   2  12   0.0221   0.0093   0.0181  -0.0080  -0.0018   0.0145  -0.20    1.0
2026/04/23 07:47:51.900   3509416.4986    779160.3083   5250969.1204   2  12   0.0221   0.0093   0.0181  -0.0080  -0.0018   0.0145  -0.10    1.0
2026/04/23 07:47:52.000   3509416.5013    779160.3075   5250969.1199   2  12   0.0221   0.0093   0.0181  -0.0080  -0.0019   0.0145   0.00    1.2
2026/04/23 07:47:52.100   3509416.5031    779160.3055   5250969.1194   2  12   0.0221   0.0093   0.0181  -0.0080  -0.0019   0.0145   0.10    1.0
2026/04/23 07:47:52.200   3509416.5021    779160.3042   5250969.1183   2  12   0.0221   0.0093   0.0181  -0.0080  -0.0019   0.0145   0.20    1.3
2026/04/23 07:47:52.300   3509416.5018    779160.3059   5250969.1189   2  12   0.0221   0.0093   0.0181  -0.0080  -0.0019   0.0145   0.30    1.0
2026/04/23 07:47:52.400   3509416.4984    779160.3069   5250969.1204   2  12   0.0221   0.0093   0.0181  -0.0080  -0.0018   0.0145   0.40    1.0
2026/04/23 07:47:52.500   3509416.4971    779160.3068   5250969.1186   2  12   0.0221   0.0093   0.0181  -0.0080  -0.0018   0.0145  -0.50    1.0
2026/04/23 07:47:52.600   3509416.4968    779160.3069   5250969.1196   2  12   0.0221   0.0093   0.0181  -0.0080  -0.0018   0.0145  -0.40    1.4
2026/04/23 07:47:52.700   3509416.4949    779160.3054   5250969.1183   2  12   0.0221   0.0093   0.0181  -0.0080  -0.0018   0.0145  -0.30    1.0
2026/04/23 07:47:52.800   3509416.4951    779160.3047   5250969.1186   2  12   0.0221   0.0093   0.0181  -0.0080  -0.0018   0.0145  -0.20    1.2
2026/04/23 07:47:52.900   3509416.4938    779160.3050   5250969.1191   2  12   0.0221   0.0093   0.0181  -0.0080  -0.0018   0.0145  -0.10    1.0
2026/04/23 07:47:53.000   3509416.4914    779160.3065   5250969.1187   2  12   0.0221   0.0093   0.0181  -0.0080  -0.0018   0.0145   0.00    1.3
2026/04/23 07:47:53.100   3509416.4915    779160.3058   5250969.1200   2  12   0.0221   0.0092   0.0181  -0.0080  -0.0018   0.0145   0.10    1.0
2026/04/23 07:47:53.200   3509416.4919    779160.3052   5250969.1199   2  12   0.0221   0.0093   0.0181  -0.0080  -0.0018   0.0145   0.20    1.2
2026/04/23 07:47:53.300   3509416.4923    779160.3054   5250969.1189   2  12   0.0221   0.0093   0.0181  -0.0080  -0.0018   0.0145   0.30    1.0
2026/04/23 07:47:53.400   3509416.4912    779160.3051   5250969.1176   2  12   0.0221   0.0093   0.0181  -0.0080  -0.0018   0.0145   0.40    1.6
2026/04/23 07:47:53.500   3509416.4947    779160.3059   5250969.1163   2  12   0.0221   0.0093   0.0181  -0.0080  -0.0018   0.0145  -0.50    1.6
2026/04/23 07:47:53.600   3509416.4940    779160.3048   5250969.1154   2  12   0.0221   0.0093   0.0181  -0.0080  -0.0018   0.0145  -0.40    1.6
2026/04/23 07:47:53.700   3509416.4962    779160.3050   5250969.1134   2  12   0.0221   0.0093   0.0181  -0.0080  -0.0018   0.0145  -0.30    1.6
2026/04/23 07:47:53.800   3509416.4994    779160.3054   5250969.1140   2  12   0.0221   0.0093   0.0181  -0.0080  -0.0018   0.0145  -0.20    1.6
2026/04/23 07:47:53.900   3509416.4994    779160.3046   5250969.1143   2  12   0.0221   0.0093   0.0181  -0.0080  -0.0018   0.0145  -0.10    1.6
2026/04/23 07:47:54.000   3509416.5015    779160.3047   5250969.1140   2  12   0.0221   0.0093   0.0181  -0.0080  -0.0018   0.0145   0.00    1.6
2026/04/23 07:47:54.100   3509416.5017    779160.3033   5250969.1125   2  12   0.0221   0.0092   0.0181  -0.0080  -0.0018   0.0145   0.10    1.6
2026/04/23 07:47:54.200   3509416.5000    779160.3045   5250969.1122   2  12   0.0221   0.0092   0.0181  -0.0080  -0.0018   0.0145   0.20    1.6
2026/04/23 07:47:54.300   3509416.5011    779160.3053   5250969.1115   2  12   0.0221   0.0093   0.0181  -0.0080  -0.0018   0.0145   0.30    1.6
2026/04/23 07:47:54.400   3509416.5012    779160.3037   5250969.1097   2  13   0.0221   0.0093   0.0181  -0.0080  -0.0018   0.0145   0.40    1.0
2026/04/23 07:47:54.500   3509416.5003    779160.3028   5250969.1092   2  13   0.0221   0.0093   0.0181  -0.0080  -0.0018   0.0145  -0.50    1.0
2026/04/23 07:47:54.600   3509416.4994    779160.3028   5250969.1090   2  13   0.0221   0.0093   0.0181  -0.0080  -0.0018   0.0145  -0.40    1.0
2026/04/23 07:47:54.700   3509416.4971    779160.3033   5250969.1088   2  13   0.0220   0.0092   0.0181  -0.0080  -0.0019   0.0145  -0.30    1.0
2026/04/23 07:47:54.800   3509416.4991    779160.3034   5250969.1091   2  13   0.0220   0.0092   0.0181  -0.0080  -0.0019   0.0145  -0.20    1.0
2026/04/23 07:47:54.900   3509416.4973    779160.3033   5250969.1100   2  13   0.0219   0.0092   0.0181  -0.0079  -0.0019   0.0145  -0.10    1.0
2026/04/23 07:47:55.000   3509416.4939    779160.3041   5250969.1106   2  13   0.0219   0.0092   0.0181  -0.0079  -0.0019   0.0145   0.00    1.0
2026/04/23 07:47:55.100   3509416.4933    779160.3036   5250969.1125   2  13   0.0218   0.0092   0.0181  -0.0078  -0.0020   0.0146   0.10    1.0
2026/04/23 07:47:55.200   3509416.4925    779160.3031   5250969.1134   2  13   0.0217   0.0092   0.0181  -0.0078  -0.0020   0.0146   0.20    1.0
2026/04/23 07:47:55.300   3509416.4933    779160.3035   5250969.1145   2  13   0.0217   0.0092   0.0181  -0.0078  -0.0020   0.0146   0.30    1.0
2026/04/23 07:47:55.400   3509416.4901    779160.3029   5250969.1150   2  13   0.0216   0.0092   0.0181  -0.0078  -0.0020   0.0146   0.40    1.0
2026/04/23 07:47:55.500   3509416.4904    779160.3034   5250969.1160   2  13   0.0216   0.0092   0.0181  -0.0077  -0.0020   0.0146  -0.50    1.0
2026/04/23 07:47:55.600   3509416.4887    779160.3026   5250969.1166   2  13   0.0215   0.0092   0.0181  -0.0077  -0.0020   0.0145  -0.40    1.0
2026/04/23 07:47:55.700   3509416.4873    779160.3024   5250969.1184   2  13   0.0215   0.0092   0.0181  -0.0077  -0.0019   0.0145  -0.30    1.1
2026/04/23 07:47:55.800   3509416.4877    779160.3041   5250969.1199   2  13   0.0215   0.0092   0.0181  -0.0077  -0.0019   0.0145  -0.20    1.0
2026/04/23 07:47:55.900   3509416.4899    779160.3029   5250969.1196   2  13   0.0214   0.0092   0.0181  -0.0077  -0.0019   0.0145  -0.10    1.0
2026/04/23 07:47:56.000   3509416.4892    779160.3027   5250969.1184   2  13   0.0214   0.0092   0.0180  -0.0077  -0.0020   0.0145   0.00    1.0
2026/04/23 07:47:56.100   3509416.4892    779160.3028   5250969.1181   2  13   0.0214   0.0092   0.0180  -0.0077  -0.0020   0.0145   0.10    1.0
2026/04/23 07:47:56.200   3509416.4906    779160.3034   5250969.1181   2  13   0.0214   0.0092   0.0180  -0.0077  -0.0020   0.0144   0.20    1.0
2026/04/23 07:47:56.300   3509416.4910    779160.3024   5250969.1176   2  13   0.0213   0.0092   0.0180  -0.0077  -0.0020   0.0144   0.30    1.1
2026/04/23 07:47:56.400   3509416.4911    779160.3019   5250969.1164   2  13   0.0213   0.0092   0.0180  -0.0077  -0.0020   0.0144   0.40    1.1
2026/04/23 07:47:56.500   3509416.4921    779160.3014   5250969.1164   2  13   0.0213   0.0092   0.0180  -0.0077  -0.0020   0.0144  -0.50    1.0
2026/04/23 07:47:56.600   3509416.4934    779160.3023   5250969.1160   2  13   0.0213   0.0092   0.0180  -0.0077  -0.0020   0.0144  -0.40    1.0
2026/04/23 07:47:56.700   3509416.4938    779160.3025   5250969.1163   2  13   0.0213   0.0092   0.0180  -0.0077  -0.0020   0.0144  -0.30    1.1
2026/04/23 07:47:56.800   3509416.4946    779160.3021   5250969.1171   2  13   0.0213   0.0092   0.0180  -0.0077  -0.0020   0.0143  -0.20    1.1
2026/04/23 07:47:56.900   3509416.4940    779160.3023   5250969.1170   2  13   0.0213   0.0092   0.0180  -0.0077  -0.0020   0.0143  -0.10    1.0
2026/04/23 07:47:57.000   3509416.4949    779160.3020   5250969.1172   2  13   0.0213   0.0092   0.0180  -0.0077  -0.0020   0.0143   0.00    1.2
2026/04/23 07:47:57.100   3509416.4961    779160.3019   5250969.1179   2  13   0.0212   0.0092   0.0179  -0.0077  -0.0020   0.0143   0.10    1.0
2026/04/23 07:47:57.200   3509416.4951    779160.3020   5250969.1177   2  13   0.0212   0.0092   0.0179  -0.0077  -0.0020   0.0143   0.20    1.0
2026/04/23 07:47:57.300   3509416.4956    779160.3013   5250969.1198   2  13   0.0212   0.0092   0.0179  -0.0077  -0.0020   0.0143   0.30    1.0
2026/04/23 07:47:57.400   3509416.4959    779160.3004   5250969.1187   2  13   0.0212   0.0092   0.0179  -0.0077  -0.0020   0.0143   0.40    1.0
2026/04/23 07:47:57.500   3509416.4964    779160.3015   5250969.1182   2  13   0.0212   0.0092   0.0179  -0.0077  -0.0020   0.0143  -0.50    1.0
2026/04/23 07:47:57.600   3509416.4947    779160.3033   5250969.1194   2  13   0.0212   0.0092   0.0179  -0.0077  -0.0020   0.0143  -0.40    1.1
2026/04/23 07:47:57.700   3509416.4948    779160.3022   5250969.1182   2  13   0.0212   0.0092   0.0179  -0.0077  -0.0020   0.0143  -0.30    1.1
2026/04/23 07:47:57.800   3509416.4957    779160.3023   5250969.1178   2  13   0.0212   0.0092   0.0179  -0.0077  -0.0020   0.0143  -0.20    1.0
2026/04/23 07:47:57.900   3509416.4969    779160.3017   5250969.1165   2  13   0.0212   0.0092   0.0179  -0.0077  -0.0020   0.0143  -0.10    1.0
2026/04/23 07:47:58.000   3509416.4979    779160.3018   5250969.1175   2  13   0.0212   0.0092   0.0179  -0.0077  -0.0020   0.0142   0.00    1.1
2026/04/23 07:47:58.100   3509416.4983    779160.3003   5250969.1164   2  13   0.0212   0.0092   0.0179  -0.0077  -0.0020   0.0142   0.10    1.1
2026/04/23 07:47:58.200   3509416.4985    779160.3008   5250969.1152   2  13   0.0212   0.0092   0.0179  -0.0077  -0.0020   0.0142   0.20    1.0
2026/04/23 07:47:58.300   3509416.4993    779160.3020   5250969.1159   2  13   0.0212   0.0092   0.0179  -0.0077  -0.0020   0.0142   0.30    1.2
2026/04/23 07:47:58.400   3509416.5000    779160.3019   5250969.1149   2  13   0.0212   0.0092   0.0179  -0.0077  -0.0020   0.0142   0.40    1.0
2026/04/23 07:47:58.500   3509416.5006    779160.3030   5250969.1158   2  13   0.0212   0.0092   0.0179  -0.0077  -0.0020   0.0142  -0.50    1.0
2026/04/23 07:47:58.600   3509416.5000    779160.3036   5250969.1176   2  13   0.0212   0.0092   0.0179  -0.0077  -0.0020   0.0142  -0.40    1.0
2026/04/23 07:47:58.700   3509416.4990    779160.3037   5250969.1167   2  13   0.0212   0.0092   0.0179  -0.0077  -0.0020   0.0142  -0.30    1.0
2026/04/23 07:47:58.800   3509416.4987    779160.3045   5250969.1169   2  13   0.0211   0.0092   0.0179  -0.0077  -0.0020   0.0142  -0.20    1.0
2026/04/23 07:47:58.900   3509416.4970    779160.3036   5250969.1164   2  13   0.0211   0.0092   0.0179  -0.0077  -0.0020   0.0142  -0.10    1.2
2026/04/23 07:47:59.000   3509416.4975    779160.3023   5250969.1154   2  13   0.0211   0.0092   0.0179  -0.0077  -0.0020   0.0142   0.00    1.1
2026/04/23 07:47:59.100   3509416.4998    779160.3008   5250969.1142   2  13   0.0211   0.0092   0.0179  -0.0077  -0.0020   0.0142   0.10    1.0
2026/04/23 07:47:59.200   3509416.4999    779160.3007   5250969.1135   2  13   0.0211   0.0092   0.0179  -0.0077  -0.0020   0.0142   0.20    1.1
2026/04/23 07:47:59.300   3509416.4990    779160.3013   5250969.1139   2  13   0.0211   0.0092   0.0179  -0.0077  -0.0020   0.0142   0.30    1.2
2026/04/23 07:47:59.400   3509416.4969    779160.2993   5250969.1129   2  13   0.0211   0.0092   0.0179  -0.0077  -0.0020   0.0142   0.40    1.1
2026/04/23 07:47:59.500   3509416.4955    779160.2993   5250969.1120   2  13   0.0211   0.0092   0.0179  -0.0077  -0.0020   0.0142  -0.50    1.0
2026/04/23 07:47:59.600   3509416.4953    779160.2991   5250969.1109   2  13   0.0211   0.0092   0.0179  -0.0077  -0.0020   0.0142  -0.40    1.3
2026/04/23 07:47:59.700   3509416.4950    779160.2992   5250969.1105   2  13   0.0211   0.0092   0.0179  -0.0077  -0.0020   0.0142  -0.30    1.0
2026/04/23 07:47:59.800   3509416.4952    779160.3007   5250969.1102   2  13   0.0211   0.0092   0.0179  -0.0077  -0.0020   0.0142  -0.20    1.0
2026/04/23 07:47:59.900   3509416.4948    779160.2996   5250969.1082   2  13   0.0211   0.0092   0.0179  -0.0077  -0.0020   0.0142  -0.10    1.0
2026/04/23 07:48:00.000   3509416.4956    779160.2999   5250969.1071   2  13   0.0211   0.0092   0.0179  -0.0077  -0.0020   0.0142   0.00    1.0
