datetime,X-ECEF,Y-ECEF,Z-ECEF,cdt,variance,VX-ECEF,VY-ECEF,VZ-ECEF
2026-04-23 07:43:00.000,3509412.4092589025,779163.1240433515,5250973.088845463,-78053.07183115084,38.42488235281683,,,
2026-04-23 07:43:00.100,3509412.3740892964,779163.180983606,5250973.095194217,-78058.0814758719,38.192902840742285,-0.3516960609704256,0.5694025452248752,0.06348754279315472
2026-04-23 07:43:00.200,3509412.4055066244,779163.1237426229,5250973.131951014,-78063.01784336692,37.94913243537945,0.3141732793301344,-0.5724098312202841,0.3675679676234722
2026-04-23 07:43:00.300,3509412.4017702457,779163.0530695728,5250973.045916934,-78068.01681367536,38.067281915391646,-0.03736378625035286,-0.7067305012606084,-0.8603408001363277
2026-04-23 07:43:00.400,3509412.427587379,779163.0640670477,5250973.048774002,-78073.00736980842,37.682533770112435,0.2581713302060962,0.10997474892064929,0.028570685535669327
2026-04-23 07:43:00.500,3509412.404318039,779163.0655144996,5250973.0011912715,-78078.01478267848,38.041053758693934,-0.23269339930266142,0.01447451882995665,-0.47582730650901794
2026-04-23 07:43:00.600,3509412.4150239765,779163.0661333416,5250973.077207678,-78082.90813956896,38.09711561710984,0.10705937631428242,0.006188420811668038,0.7601640652865171
2026-04-23 07:43:00.700,3509412.3218681756,779163.0593435047,5250972.951706304,-78087.9985440052,37.83954502882721,-0.9315580083057284,-0.06789836916141212,-1.2550137378275394
2026-04-23 07:43:00.800,3509412.287864789,779163.0384680032,5250972.88737252,-78093.01526037575,38.18053776379934,-0.3400338673964143,-0.20875501562841237,-0.643337843939662
2026-04-23 07:43:00.900,3509412.332796406,779163.0617950087,5250972.968318399,-78097.93732380148,37.96384404978724,0.44931617099791765,0.23327005561441183,0.8094587922096252
2026-04-23 07:43:01.000,3509412.3508771206,779163.106791576,5250973.010157397,-78102.85298480824,38.132083580882174,0.18080714624375105,0.44996567303314805,0.418389979749918
2026-04-23 07:43:01.100,3509412.365519134,779163.1079876736,5250973.00092985,-78107.81624516471,38.29948837895065,0.14642013236880302,0.01196097582578659,-0.09227546863257885
2026-04-23 07:43:01.200,3509412.2688856944,779163.1064883355,5250972.943603947,-78112.84528655204,38.57870878095057,-0.9663343941792846,-0.014993380755186081,-0.5732590332627296
2026-04-23 07:43:01.300,3509412.4080045028,779163.1552921386,5250973.072411257,-78117.66470627324,38.60159462620717,1.391188083216548,0.4880380304530263,1.2880731001496315
2026-04-23 07:43:01.400,3509412.4591415306,779163.1824545865,5250973.136500784,-78122.55415881718,38.5051416921608,0.5113702779635787,0.2716244792100042,0.6408952735364437
2026-04-23 07:43:01.500,3509412.3940732847,779163.2079643278,5250973.188030499,-78127.54516680288,38.52414429348324,-0.6506824586540461,0.2550974127370864,0.5152971483767033
2026-04-23 07:43:01.600,3509412.4589201654,779163.143659584,5250973.08892724,-78132.56153501624,38.454957698245124,0.6484688073396683,-0.6430474377702922,-0.9910325892269611
2026-04-23 07:43:01.700,3509412.399069887,779163.0863463847,5250973.021706845,-78137.5862395061,38.763615765334336,-0.5985027831047773,-0.5731319927144796,-0.6722039543092251
2026-04-23 07:43:01.800,3509412.4397325637,779162.9848569456,5250973.043923798,-78142.48290776828,39.15158935411896,0.4066267656162381,-1.0148943914100528,0.22216953337192535
2026-04-23 07:43:01.900,3509412.4978651144,779162.9491800698,5250973.033102664,-78147.45024769312,38.915963859539055,0.5813255067914724,-0.3567687573377043,-0.10821133852005005
2026-04-23 07:43:02.000,3509412.6114159445,779163.018301091,5250973.074917022,-78152.33452001862,38.84322467075283,1.135508301667869,0.6912102119531482,0.41814357973635197
2026-04-23 07:43:02.100,3509412.5602770606,779162.9748952239,5250972.987766629,-78157.38813561866,38.89543237596322,-0.5113888392224908,-0.4340586718171835,-0.8715039305388927
2026-04-23 07:43:02.200,3509412.605492045,779162.9927524969,5250973.14134332,-78162.25102200707,38.9298557479853,0.4521498456597328,0.178572729928419,1.5357669070363045
2026-04-23 07:43:02.300,3509412.6075116973,779163.0295829613,5250973.266930747,-78167.16275474567,39.24902054069133,0.020196521654725075,0.3683046449441463,1.2558742705732584
2026-04-23 07:43:02.400,3509412.6024243864,779162.9707628913,5250973.233228947,-78172.18141541393,39.20324418989559,-0.05087310913950205,-0.5882007000036538,-0.3370179980993271
2026-04-23 07:43:02.500,3509412.6324696955,779162.9656139807,5250973.204566968,-78177.15957024365,39.231451153998655,0.30045309104025364,-0.051489106845110655,-0.28661979362368584
2026-04-23 07:43:02.600,3509412.60776319,779162.9076496849,5250973.155914876,-78182.17447571289,39.52157234296527,-0.24706505704671144,-0.579642957309261,-0.4865209199488163
2026-04-23 07:43:02.700,3509412.661180538,779162.8750965026,5250973.177828904,-78187.12771875528,39.114063623874124,0.5341734830290079,-0.32553182332776487,0.2191402856260538
2026-04-23 07:43:02.800,3509412.7133649983,779162.8697658817,5250973.201255823,-78192.02816443813,39.516956108676744,0.5218446021899581,-0.0533062091562897,0.2342691831290722
2026-04-23 07:43:02.900,3509412.7469317038,779162.8833617639,5250973.321032192,-78196.91788537022,40.04100933459344,0.33566705416888,0.13595882221125066,1.197763690724969
2026-04-23 07:43:03.000,3509412.779403866,779162.8987027275,5250973.392074599,-78201.86491190156,39.76882337059234,0.32472162041813135,0.15340963611379266,0.7104240730404854
2026-04-23 07:43:03.100,3509412.7695838315,779162.8601020689,5250973.361307409,-78206.85117380395,40.28275467112251,-0.09820034261792898,-0.3860065864864737,-0.30767190270125866
2026-04-23 07:43:03.200,3509412.760866968,779162.9028813142,5250973.383103574,-78211.8182138865,40.74461057556003,-0.08716863580048084,0.42779245297424495,0.2179616503417492
2026-04-23 07:43:03.300,3509412.82091181,779162.9395459569,5250973.458517913,-78216.6813427614,40.076377639042825,0.6004484184086323,0.36664642742834985,0.7541433908045292
2026-04-23 07:43:03.400,3509412.7626937088,779162.9629778167,5250973.301556496,-78221.7758572062,40.286938753438356,-0.5821810103952885,0.23431859794072807,-1.5696141682565212
2026-04-23 07:43:03.500,3509412.845028059,779163.011197741,5250973.4113322105,-78226.69928392813,40.06081767003139,0.8233435032889247,0.48219924326986074,1.0977571457624435
2026-04-23 07:43:03.600,3509412.910008563,779163.0057717565,5250973.482474075,-78231.60090627568,39.91363329995723,0.6498050410300493,-0.054259845055639744,0.711418641731143
2026-04-23 07:43:03.700,3509412.874180888,779162.9923878482,5250973.423097827,-78236.63236664447,39.79425266904756,-0.35827675368636847,-0.13383908313699067,-0.593762481585145
2026-04-23 07:43:03.800,3509412.9016216705,779163.0251477713,5250973.449909667,-78241.52924557273,39.6275593849927,0.2744078263640404,0.3275992313865572,0.26811840012669563
2026-04-23 07:43:03.900,3509412.8345525223,779162.943109302,5250973.492107051,-78246.50107849817,40.19449560524371,-0.6706914817914367,-0.8203846937976778,0.42197384871542454
2026-04-23 07:43:04.000,3509412.8118324983,779162.8597255076,5250973.42770166,-78251.52454457065,40.30625054393708,-0.2272002398967743,-0.8338379440829158,-0.6440539099276066
2026-04-23 07:43:04.100,3509412.937467047,779162.8114727209,5250973.503175939,-78256.37632394755,39.87854772173348,1.2563454871997237,-0.4825278662610799,0.7547427900135517
2026-04-23 07:43:04.200,3509412.897169523,779162.7897808542,5250973.43936275,-78261.42756562527,39.51174957137926,-0.4029752407222986,-0.2169186668470502,-0.6381318904459476
2026-04-23 07:43:04.300,3509412.9295399096,779162.7685059732,5250973.42404739,-78266.3955643871,39.6369503893594,0.3237038664519787,-0.2127488108817488,-0.15315360389649868
2026-04-23 07:43:04.400,3509412.9398535998,779162.7210393483,5250973.342006499,-78271.37188356258,39.950875770979835,0.10313690174371004,-0.474666248774156,-0.8204089105129242
2026-04-23 07:43:04.500,3509413.1080126027,779162.6792159539,5250973.54717941,-78276.13107508757,39.77818503585399,1.6815900290384889,-0.41823394363746047,2.0517291128635406
2026-04-23 07:43:04.600,3509413.2242492875,779162.6669300093,5250973.593945256,-78281.02120075347,39.71188284750158,1.1623668484389782,-0.12285944656468928,0.4676584620028734
2026-04-23 07:43:04.700,3509413.1720473436,779162.6351468059,5250973.412130887,-78286.10994389823,39.850131266455946,-0.5220194393768907,-0.31783203361555934,-1.8181436974555254
2026-04-23 07:43:04.800,3509413.2865976733,779162.6155123353,5250973.60115418,-78290.92318733377,39.59954401738805,1.1455032974481583,-0.19634470576420426,1.8902329355478287
2026-04-23 07:43:04.900,3509413.408034826,779162.6293990563,5250973.688135202,-78295.80566020455,39.55740265151696,1.2143715284764767,0.13886720989830792,0.8698102179914713
2026-04-23 07:43:05.000,3509413.528475757,779162.5952155406,5250973.87102618,-78300.63102109908,39.378851407629334,1.204409310594201,-0.34183515701442957,1.8289097771048546
2026-04-23 07:43:05.100,3509413.54444492,779162.5685682567,5250973.822066736,-78305.62484927342,39.10114911869619,0.15969162806868553,-0.26647283928468823,-0.4895944334566593
2026-04-23 07:43:05.200,3509413.50743767,779162.546465354,5250973.801262122,-78310.64177005783,38.79518022293828,-0.37007249891757965,-0.2210290264338255,-0.20804614759981632
2026-04-23 07:43:05.300,3509413.5353365,779162.5436495583,5250973.813530588,-78315.61770595881,38.7954977483324,0.2789882989600301,-0.028157957131043077,0.1226846594363451
2026-04-23 07:43:05.400,3509413.5705953254,779162.5159527685,5250973.829433307,-78320.5792742496,38.739082653600086,0.3525882540270686,-0.2769678982440382,0.1590271946042776
2026-04-23 07:43:05.500,3509413.6212185626,779162.4718741385,5250973.8434224175,-78325.51147197658,38.462151860232076,0.5062323715537786,-0.44078630045987666,0.13989110477268696
2026-04-23 07:43:05.600,3509413.5656248126,779162.4553350818,5250973.759580435,-78330.56240833274,38.387659589426015,-0.5559374997392297,-0.1653905666898936,-0.8384198229759932
2026-04-23 07:43:05.700,3509413.592664667,779162.3978075748,5250973.783064851,-78335.51916081467,38.115680822431564,0.2703985432162881,-0.5752750695683062,0.23484415374696255
2026-04-23 07:43:05.800,3509413.6670074644,779162.3964396743,5250973.805816535,-78340.41898982215,38.07238516054153,0.7434279751032591,-0.013679005205631256,0.22751684300601482
2026-04-23 07:43:05.900,3509413.6687956783,779162.3398889554,5250973.781854978,-78345.4234464964,37.517585898653444,0.01788213849067688,-0.5655071896035224,-0.2396155707538128
2026-04-23 07:43:06.000,3509413.6740092025,779162.2649532659,5250973.684193123,-78350.46964322799,37.85614204801289,0.05213524214923382,-0.7493568945210427,-0.9766185469925404
2026-04-23 07:43:06.100,3509413.642817484,779162.25025789,5250973.672884084,-78355.46185823123,38.0497374912229,-0.3119171829894185,-0.14695375924929976,-0.1130903884768486
2026-04-23 07:43:06.200,3509413.7757283314,779162.2735803983,5250973.844635382,-78360.30139265354,37.80943762693905,1.329108471982181,0.23322508321143687,1.7175129801034927
2026-04-23 07:43:06.300,3509413.831370224,779162.2017023705,5250973.856886271,-78365.24006485267,37.901732213213734,0.5564189236611128,-0.7187802775297314,0.12250889092683792
2026-04-23 07:43:06.400,3509413.744797324,779162.1588430261,5250973.813885501,-78370.27735961445,38.48064856476047,-0.8657289994880557,-0.4285934439394623,-0.4300077073276043
2026-04-23 07:43:06.500,3509413.6848162753,779162.0811185025,5250973.769219061,-78375.27683970304,38.64767461838286,-0.599810485728085,-0.777245236095041,-0.44666439294815063
2026-04-23 07:43:06.600,3509413.8492094036,779162.1204195345,5250973.91657521,-78380.07531291801,37.88025793859693,1.6439312836155295,0.3930103196762502,1.4735614880919456
2026-04-23 07:43:06.700,3509413.8920154427,779162.0971017715,5250973.9820183925,-78384.9880640897,37.676177682303354,0.42806039098650217,-0.23317762999795377,0.6544318236410618
2026-04-23 07:43:06.800,3509413.9006648483,779161.997455353,5250973.993822478,-78389.921847294,38.02336046112122,0.08649405557662249,-0.9964641847182065,0.11804085224866867
2026-04-23 07:43:06.900,3509413.931736511,779161.9612085639,5250973.924949413,-78394.93364503155,38.51769040289999,0.3107166290283203,-0.36246789153665304,-0.6887306459248066
2026-04-23 07:43:07.000,3509414.0376774585,779161.966350934,5250974.052179576,-78399.76852580777,38.35589494310054,1.059409473091364,0.05142370122484863,1.2723016273230314
2026-04-23 07:43:07.100,3509414.0832876433,779161.9457406112,5250974.096972527,-78404.67769309768,38.247366936519306,0.4561018478125334,-0.2061032282654196,0.44792951084673405
2026-04-23 07:43:07.200,3509414.1230590744,779161.9678500853,5250974.308658442,-78409.5008806178,38.1654007870488,0.39771431125700474,0.22109474171884358,2.1168591547757387
2026-04-23 07:43:07.300,3509414.2466975874,779161.8762870687,5250974.283611636,-78414.42962794303,38.3015089818493,1.2363851303234696,-0.9156301664188504,-0.25046806782484055
2026-04-23 07:43:07.400,3509414.279036077,779161.8369926893,5250974.166953209,-78419.4652474626,38.06697625598141,0.32338489778339863,-0.3929437941405922,-1.1665842682123184
2026-04-23 07:43:07.500,3509414.2658103504,779161.8482272506,5250974.15808724,-78424.44073857737,37.806265650699416,-0.13225726783275604,0.11234561330638826,-0.08865969255566597
2026-04-23 07:43:07.600,3509414.223105749,779161.7795044422,5250974.06531519,-78429.47563889548,38.2977868432707,-0.4270460130646825,-0.6872280838433653,-0.9277204982936382
2026-04-23 07:43:07.700,3509414.2306036255,779161.7825300101,5250974.07110386,-78434.43272478564,37.92963677099183,0.07497876416891813,0.030255678575485945,0.057886699214577675
2026-04-23 07:43:07.800,3509414.169332778,779161.7503697218,5250973.867295258,-78439.54199876849,37.84487746774105,-0.612708474509418,-0.3216028830502182,-2.0380860194563866
2026-04-23 07:43:07.900,3509414.172114683,779161.7128046696,5250973.943506414,-78444.47827137627,37.904013413928276,0.027819047681987286,-0.37565052160061896,0.7621115632355213
2026-04-23 07:43:08.000,3509414.1410716306,779161.6362057875,5250973.901863428,-78449.48569223312,38.109409921413125,-0.31043052207678556,-0.7659888209309429,-0.41642986238002777
2026-04-23 07:43:08.100,3509414.127807,779161.6699485099,5250973.802110971,-78454.5202793938,38.14557427763278,-0.1326463045552373,0.33742722356691957,-0.997524568811059
2026-04-23 07:43:08.200,3509414.2312600575,779161.6939740189,5250973.907061411,-78459.40613876066,37.27606930120628,1.0345305735245347,0.24025509017519653,1.0495044011622667
2026-04-23 07:43:08.300,3509414.3966222145,779161.7409622137,5250974.091160876,-78464.18774763803,37.30793446505441,1.653621569275856,0.46988194808363914,1.8409946467727423
2026-04-23 07:43:08.400,3509414.3639843017,779161.6731828869,5250974.015159057,-78469.22540705968,37.20535496610568,-0.32637912780046463,-0.6777932681143284,-0.7600181829184294
2026-04-23 07:43:08.500,3509414.367273237,779161.7020314853,5250974.164100774,-78474.10076958392,37.24318571636813,0.032889354042708874,0.2884859836194664,1.4894171617925167
2026-04-23 07:43:08.600,3509414.3602084634,779161.6655291583,5250974.239619613,-78479.03985761158,37.433446638110944,-0.07064773701131344,-0.36502326955087483,0.7551883906126022
2026-04-23 07:43:08.700,3509414.4624028294,779161.6305766794,5250974.313738432,-78483.93506200922,36.80525513779965,1.021943660452962,-0.3495247894898057,0.7411881908774376
2026-04-23 07:43:08.800,3509414.415749975,779161.653083343,5250974.14408892,-78489.03189604518,36.631001941456795,-0.46652854420244694,0.2250666357576847,-1.6964951157569885
2026-04-23 07:43:08.900,3509414.489572091,779161.6314537126,5250974.1809599195,-78493.94382107472,36.336958846181325,0.7382211601361632,-0.2162963035516441,0.3687099926173687
2026-04-23 07:43:09.000,3509414.5508442465,779161.5628737033,5250974.275855229,-78498.83920216658,36.52111744598417,0.6127215549349785,-0.6858000927604735,0.9489530976861715
2026-04-23 07:43:09.100,3509414.5230391836,779161.5335838553,5250974.255502683,-78503.82344074456,36.96923689115966,-0.2780506294220686,-0.29289848054759204,-0.20352546125650406
2026-04-23 07:43:09.200,3509414.6340108635,779161.5725052719,5250974.389913633,-78508.66778527203,36.6537464832976,1.1097167991101742,0.38921416620723903,1.3441094942390919
2026-04-23 07:43:09.300,3509414.713772216,779161.6108978282,5250974.424253589,-78513.60376579803,36.17983098860762,0.7976135239005089,0.38392556365579367,0.34339956007897854
2026-04-23 07:43:09.400,3509414.771220171,779161.6589683759,5250974.419784143,-78518.56877405172,36.59256946441581,0.5744795501232147,0.4807054763659835,-0.044694459065794945
2026-04-23 07:43:09.500,3509414.7328195465,779161.7259700914,5250974.301273926,-78523.62603579914,36.531367436076074,-0.3840062441304326,0.6700171553529799,-1.1851021647453308
2026-04-23 07:43:09.600,3509414.7530218503,779161.7709036717,5250974.337864698,-78528.58595493276,36.54977806122702,0.20202303770929575,0.44933580327779055,0.3659077174961567
2026-04-23 07:43:09.700,3509414.735692543,779161.790545287,5250974.399517083,-78533.50525372171,36.80660902213011,-0.1732930727303028,0.1964161521755159,0.6165238469839096
2026-04-23 07:43:09.800,3509414.645336527,779161.8125299071,5250974.277393026,-78538.56071499873,36.77762172910261,-0.9035601606592536,0.21984620136208832,-1.2212405633181334
2026-04-23 07:43:09.900,3509414.615104853,779161.7479571851,5250974.220145037,-78543.62589867588,36.71312135457736,-0.3023167373612523,-0.6457272195257246,-0.5724798887968063
2026-04-23 07:43:10.000,3509414.572247937,779161.7309012064,5250974.134047943,-78548.65365191449,37.242408548901274,-0.42856916319578886,-0.17055978765711188,-0.8609709423035383
2026-04-23 07:43:10.100,3509414.588317787,779161.7118474899,5250974.150202791,-78553.6001125405,37.593714219311416,0.16069849953055382,-0.19053716445341706,0.16154848039150238
2026-04-23 07:43:10.200,3509414.628186327,779161.7453928128,5250974.270264367,-78558.5035005554,37.92085599462912,0.3986854013055563,0.33545322832651436,1.2006157543510199
2026-04-23 07:43:10.300,3509414.6668714085,779161.8290969369,5250974.377463273,-78563.39778283854,37.80338919283819,0.3868508152663708,0.8370412408839911,1.0719890613108873
2026-04-23 07:43:10.400,3509414.664723381,779161.70922392,5250974.207391081,-78568.44447629688,37.929496670815645,-0.021480275318026543,-1.1987301683984697,-1.7007219139486551
2026-04-23 07:43:10.500,3509414.617141234,779161.5910858873,5250974.015208043,-78573.52296905426,38.07804701949801,-0.4758214671164751,-1.1813803273253143,-1.9218303821980953
2026-04-23 07:43:10.600,3509414.676501494,779161.5161633146,5250973.988261531,-78578.45601326725,38.065984014003185,0.5936025967821479,-0.7492257270496339,-0.26946512050926685
2026-04-23 07:43:10.700,3509414.77423245,779161.5117752331,5250973.973422899,-78583.38458047526,38.133401465294476,0.9773095604032278,-0.04388081491924822,-0.14838632196187973
2026-04-23 07:43:10.800,3509414.885896249,779161.524250022,5250974.1257140925,-78588.2051519091,38.36372963309571,1.1166379926726222,0.12474788934923708,1.522911936044693
2026-04-23 07:43:10.900,3509414.9701184384,779161.4953615669,5250974.156958915,-78593.15640191267,38.25114081084903,0.8422218915075064,-0.28888455126434565,0.3124482277780771
2026-04-23 07:43:11.000,3509415.042874069,779161.5094704168,5250974.239029941,-78598.05394294664,38.56242695001746,0.727556305937469,0.14108849922195077,0.8207102585583925
2026-04-23 07:43:11.100,3509415.000383835,779161.4448839311,5250974.037646474,-78603.13096170017,38.709600564791735,-0.4249023413285613,-0.6458648573607206,-2.0138346683233976
2026-04-23 07:43:11.200,3509414.9326154157,779161.360510383,5250973.837116102,-78608.25775519825,38.85899869027594,-0.6776841916143894,-0.8437354804482311,-2.0053037256002426
2026-04-23 07:43:11.300,3509414.8827048345,779161.393906902,5250973.725290627,-78613.33812627161,39.355079208293354,-0.49910581205040216,0.3339651902206242,-1.1182547453790903
2026-04-23 07:43:11.400,3509414.9637171626,779161.4079290689,5250973.857352928,-78618.20976465268,39.084011357433795,0.8101232815533876,0.14022166840732098,1.3206230103969574
2026-04-23 07:43:11.500,3509414.9463082305,779161.4064196697,5250973.866737446,-78623.203748988,39.4978916771065,-0.17408932093530893,-0.015093991532921791,0.09384517557919025
2026-04-23 07:43:11.600,3509415.0486938027,779161.409383879,5250973.798137765,-78628.16413739025,39.25882265233445,1.023855721578002,0.029642092995345592,-0.6859968043863773
2026-04-23 07:43:11.700,3509415.0757449227,779161.3501196458,5250973.717595282,-78633.15528542142,38.86598087792047,0.27051120065152645,-0.592642332194373,-0.8054248336702585
2026-04-23 07:43:11.800,3509415.0711690444,779161.227952423,5250973.634886815,-78638.17486022356,39.49977226755011,-0.04575878381729126,-1.221672227839008,-0.8270846679806709
2026-04-23 07:43:11.900,3509415.007570591,779161.2752451651,5250973.643086033,-78643.18889822983,39.91164057248766,-0.6359845353290439,0.4729274206329137,0.08199217729270458
2026-04-23 07:43:12.000,3509415.149382532,779161.3619192482,5250973.743932645,-78648.06168410962,39.71700911404785,1.4181194128468633,0.866740831406787,1.0084661189466715
2026-04-23 07:43:12.100,3509415.1660077646,779161.32173021,5250973.681947392,-78653.06032372055,39.85921888404058,0.1662523252889514,-0.4018903826363385,-0.6198525242507458
2026-04-23 07:43:12.200,3509415.122037612,779161.2269742861,5250973.648363671,-78658.04921314829,39.840372416930116,-0.43970152735710144,-0.9475592384114861,-0.3358372114598751
2026-04-23 07:43:12.300,3509415.0049741524,779161.1959202666,5250973.377779197,-78663.25374794829,40.15376622018161,-1.170634594745934,-0.3105401957873255,-2.7058447431772947
2026-04-23 07:43:12.400,3509415.0459144795,779161.1223820883,5250973.405883193,-78668.19454485597,39.745849261190166,0.4094032710418105,-0.7353817822877318,0.2810399606823921
2026-04-23 07:43:12.500,3509415.0732611893,779161.1173026394,5250973.412777676,-78673.12481341648,39.907220964807244,0.2734670974314213,-0.050794489216059446,0.06894483231008053
2026-04-23 07:43:12.600,3509415.0503345993,779161.0318636533,5250973.323411331,-78678.12858088079,40.074586836305585,-0.2292658993974328,-0.8543898607604206,-0.8936634566634893
2026-04-23 07:43:12.700,3509415.1078701383,779161.0481975002,5250973.435820715,-78683.03197718276,39.62896087618618,0.5753553891554475,0.1633384684100747,1.1240938398987055
2026-04-23 07:43:12.800,3509415.0821283353,779161.0713929211,5250973.482048144,-78688.0031189761,39.919821071780945,-0.25741802994161844,0.23195420973934233,0.46227429062128067
2026-04-23 07:43:12.900,3509415.084600538,779161.0091761217,5250973.348591916,-78693.07781505224,40.10480508329025,0.024722027592360973,-0.6221679947338998,-1.334562273696065
2026-04-23 07:43:13.000,3509415.0840382315,779160.9971757655,5250973.352301713,-78698.06217303193,40.41154433235232,-0.005623064935207367,-0.12000356218777597,0.03709796816110611
2026-04-23 07:43:13.100,3509415.1367326514,779160.9902987303,5250973.301253229,-78703.07229074977,40.386068722278786,0.5269441986456513,-0.06877035135403275,-0.5104848369956017
2026-04-23 07:43:13.200,3509415.1779205385,779160.9238870379,5250973.411914158,-78707.9751161192,40.31718009185361,0.4118788708001375,-0.6641169241629541,1.106609283015132
2026-04-23 07:43:13.300,3509415.116143788,779160.9027886338,5250973.259815401,-78713.08012195544,40.39597000650907,-0.617767502553761,-0.21098404075019062,-1.5209875628352165
2026-04-23 07:43:13.400,3509415.1807145835,779160.9837485696,5250973.360004238,-78717.97339911856,40.43483874862307,0.6457079527899623,0.8095993578899652,1.0018883645534515
2026-04-23 07:43:13.500,3509415.1875549825,779160.8578054764,5250973.260205488,-78722.99827388025,40.74895726001683,0.06840399000793695,-1.2594309321139008,-0.9979875013232231
2026-04-23 07:43:13.600,3509415.2536163805,779160.8885809549,5250973.271668862,-78727.94760808181,40.902634427970284,0.6606139801442623,0.30775478458963335,0.11463373899459839
2026-04-23 07:43:13.700,3509415.3090768782,779160.88621026,5250973.244674367,-78732.9254539167,40.39523864516564,0.5546049773693085,-0.02370694885030389,-0.2699449472129345
2026-04-23 07:43:13.800,3509415.3454612736,779160.9316523832,5250973.255208688,-78737.87911784551,40.43432422426525,0.3638439532369375,0.45442123198881745,0.10534320957958698
2026-04-23 07:43:13.900,3509415.3265555436,779160.822307632,5250973.12059541,-78742.90913381128,40.81349814052822,-0.18905729986727238,-1.093447512248531,-1.3461327832192183
2026-04-23 07:43:14.000,3509415.302659995,779160.8420699507,5250973.003787768,-78747.9372661872,41.23673532127224,-0.23895548656582832,0.1976231869775802,-1.1680764146149158
2026-04-23 07:43:14.100,3509415.368328142,779160.8308496391,5250972.95872874,-78752.91506276232,41.392172045770266,0.6566814705729485,-0.112203115131706,-0.450590280815959
2026-04-23 07:43:14.200,3509415.415682671,779160.8757282866,5250972.874633282,-78757.93160519894,41.62659059624471,0.4735452914610505,0.4487864742986858,-0.8409545756876469
2026-04-23 07:43:14.300,3509415.404602315,779160.7224678593,5250972.798101565,-78762.95224413068,41.12305047393783,-0.11080356314778328,-1.53260427294299,-0.7653171755373478
2026-04-23 07:43:14.400,3509415.42000356,779160.6813886642,5250972.7736680405,-78767.94219408321,41.02301813292191,0.15401245094835758,-0.4107919509988278,-0.2443352434784174
2026-04-23 07:43:14.500,3509415.513951034,779160.6848729498,5250972.887272148,-78772.77695450919,40.85403351840653,0.9394747391343117,0.03484285669401288,1.1360410787165165
2026-04-23 07:43:14.600,3509415.560407262,779160.7071721622,5250972.985535728,-78777.72402652756,40.87270021332851,0.46456228010356426,0.22299212403595448,0.9826357942074537
2026-04-23 07:43:14.700,3509415.3949529007,779160.6763559231,5250972.7467915015,-78782.9325934624,41.508827230106895,-1.6545436112210155,-0.30816239188425243,-2.3874422628432512
2026-04-23 07:43:14.800,3509415.223184692,779160.6380737986,5250972.513852101,-78788.1255277826,41.714030439508605,-1.7176820849999785,-0.3828212444204837,-2.329394007101655
2026-04-23 07:43:14.900,3509415.1828350993,779160.6672740056,5250972.444336182,-78793.1765990729,41.97230174783725,-0.4034959292039275,0.29200206976383924,-0.6951591838151217
2026-04-23 07:43:15.000,3509415.113831334,779160.7427300888,5250972.431679874,-78798.2052292366,41.689668746974085,-0.6900376547127962,0.754560831701383,-0.12656308710575104
2026-04-23 07:43:15.100,3509415.010496867,779160.7088283545,5250972.28355405,-78803.31351489946,42.08672820925752,-1.0333446692675352,-0.3390173427760601,-1.4812582358717918
2026-04-23 07:43:15.200,3509414.833173103,779160.6949042049,5250972.172119347,-78808.42679052333,42.13032419297951,-1.773237637244165,-0.13924149563536048,-1.1143470276147127
2026-04-23 07:43:15.300,3509414.7756683943,779160.6897300319,5250971.997183732,-78813.53709137124,42.29551931689968,-0.5750470887869596,-0.05174173042178154,-1.7493561562150717
2026-04-23 07:43:15.400,3509414.7127515986,779160.6900471419,5250971.885751282,-78818.59799824444,42.67786902372512,-0.6291679572314024,0.003171099815517664,-1.1143244989216328
2026-04-23 07:43:15.500,3509414.6148215514,779160.6874067993,5250971.88125463,-78823.61120569833,42.77932824913847,-0.9793004719540477,-0.026403425727039576,-0.04496651701629162
2026-04-23 07:43:15.600,3509414.528754146,779160.7595622404,5250971.816674803,-78828.68315561509,42.67954749025018,-0.8606740552932024,0.7215544115751982,-0.6457982677966356
2026-04-23 07:43:15.700,3509414.40004497,779160.7653140374,5250971.569225735,-78833.87766173623,42.647921450368095,-1.2870917562395334,0.057517969980835915,-2.4744906835258007
2026-04-23 07:43:15.800,3509414.374208137,779160.8333013736,5250971.738337266,-78838.80067322764,42.38955633490641,-0.2583683328703046,0.6798733619507402,1.6911153122782707
2026-04-23 07:43:15.900,3509414.323951531,779160.9349311576,5250971.792160183,-78843.78624747769,42.28255692904583,-0.5025660572573543,1.016297839814797,0.5382291693240404
2026-04-23 07:43:16.000,3509414.2345803743,779160.9258495625,5250971.659486464,-78848.95194142005,42.140681163658975,-0.893711568787694,-0.09081595111638308,-1.3267371896654367
2026-04-23 07:43:16.100,3509414.1599674798,779160.9581256375,5250971.566163789,-78854.00805741354,42.307197106633275,-0.7461289456114173,0.3227607498411089,-0.9332267567515373
2026-04-23 07:43:16.200,3509414.236756508,779160.9630617286,5250971.659556768,-78858.90614737131,42.459386250857335,0.7678902801126242,0.04936091136187315,0.933929793536663
2026-04-23 07:43:16.300,3509414.267677475,779160.9958903551,5250971.795696101,-78863.80028121802,42.6510399172029,0.3092096745967865,0.3282862645573914,1.3613933324813843
2026-04-23 07:43:16.400,3509414.199628618,779161.0092687492,5250971.824526376,-78868.75926204174,43.58575479262334,-0.6804885715246201,0.1337839406915009,0.2883027493953705
2026-04-23 07:43:16.500,3509414.122719244,779161.0064430009,5250971.784144475,-78873.81342602852,43.543694580532026,-0.7690937398001552,-0.02825748291797936,-0.4038190096616745
2026-04-23 07:43:16.600,3509413.9683721834,779161.087864238,5250971.623713667,-78878.99432420134,42.74416182489494,-1.5434706071391702,0.814212370896712,-1.6043080855160952
2026-04-23 07:43:16.700,3509413.858918727,779161.1589943281,5250971.670082899,-78884.0382625103,42.01965733613854,-1.0945345647633076,0.7113009016029537,0.4636923223733902
2026-04-23 07:43:16.800,3509413.8016028292,779161.195374603,5250971.719528507,-78889.03999150475,42.106261359626465,-0.5731589766219258,0.3638027491979301,0.49445608630776405
2026-04-23 07:43:16.900,3509413.641894388,779161.1610063436,5250971.494798463,-78894.22919434546,42.4328257132186,-1.5970844123512506,-0.3436825948301703,-2.247300446033478
2026-04-23 07:43:17.000,3509413.5675259717,779161.300456976,5250971.376865946,-78899.33548099325,42.59361909681787,-0.7436841633170843,1.3945063250139356,-1.179325170814991
2026-04-23 07:43:17.100,3509413.4570260486,779161.2546437166,5250971.130050492,-78904.53064060347,43.20462673821732,-1.1049992311745882,-0.458132594358176,-2.4681545421481133
2026-04-23 07:43:17.200,3509413.346536261,779161.3094534945,5250971.0767296925,-78909.61455176349,43.59148264956533,-1.1048978753387928,0.5480977788101882,-0.5332079902291298
2026-04-23 07:43:17.300,3509413.2746400572,779161.3351153309,5250970.779958166,-78914.84519938008,44.27222705572165,-0.718962037935853,0.2566183637827635,-2.967715263366699
2026-04-23 07:43:17.400,3509412.6199528384,779161.6773932944,5250974.569643424,-78917.911358898,50.5201663586745,-6.546872188337147,3.4227796352934092,37.896852577105165
2026-04-23 07:43:17.500,3509413.4217555476,779161.4513278106,5250971.161079493,-78924.73205222537,44.73192039967743,8.018027092330158,-2.2606548375915736,-34.08563930541277
2026-04-23 07:43:17.600,3509413.2541025993,779161.3860553498,5250971.221319661,-78929.69400613157,45.04443023206138,-1.6765294829383492,-0.6527246080804616,0.6024016719311476
2026-04-23 07:43:17.700,3509412.0771109783,779162.0315019388,5250971.218338345,-78935.42878889795,53.15891366890206,-11.769916210323572,6.454465889837593,-0.02981315366923809
2026-04-23 07:43:17.800,3509411.9287954625,779162.0403720768,5250971.206804764,-78940.5176398752,53.28751614894385,-1.4831551583483815,0.08870137971825898,-0.11533580720424652
2026-04-23 07:43:17.900,3509412.535910861,779161.5948302139,5250973.695050033,-78943.59696003153,54.55834472206391,6.0711539862677455,-4.455418628640473,24.882452683523297
2026-04-23 07:43:18.000,3509411.087287819,779162.554980535,5250974.705133155,-78948.8478246274,65.36184989519991,-14.48623042088002,9.601503210142255,10.100831221789122
2026-04-23 07:43:18.100,3509403.181585813,779165.8359432048,5250986.292972065,-78948.86272666625,46.70483213150146,-79.05702006071806,32.80962669872679,115.87838909588754
2026-04-23 07:43:18.200,3509403.0396726015,779165.8021336589,5250986.079387674,-78954.04915941124,48.89533308700044,-1.4191321143880486,-0.33809545915573835,-2.1358439046889544
2026-04-23 07:43:18.300,3509402.829434677,779165.9091995087,5250986.1526370235,-78959.0933755266,48.97792164189587,-2.1023792447522283,1.0706584982108325,0.7324934937059879
2026-04-23 07:43:18.400,3509402.7893906785,779165.9072388845,5250986.145029181,-78964.09259253976,49.83490705881338,-0.4004399850964546,-0.019606242422014475,-0.07607842795550823
2026-04-23 07:43:18.500,3509402.9039572636,779165.8580142506,5250986.019230007,-78969.11816424376,49.957157214389206,1.1456658504903316,-0.4922463383991271,-1.25799173489213
2026-04-23 07:43:18.600,3509402.9613392954,779165.8553820528,5250986.065531297,-78974.06998970585,49.324384085274296,0.573820318095386,-0.026321978075429797,0.46301289461553097
2026-04-23 07:43:18.700,3509402.8515788373,779165.9372066088,5250986.036711723,-78979.10939861093,48.94694252184118,-1.097604581154883,0.8182455599308014,-0.28819574043154716
2026-04-23 07:43:18.800,3509402.8604546464,779165.8691125908,5250986.137275626,-78984.00983969406,49.3307082689279,0.08875809144228697,-0.6809401803184301,1.0056390333920717
2026-04-23 07:43:18.900,3509402.688419113,779165.8633404158,5250986.210117221,-78988.99559962208,50.55942626727989,-1.7203553346917033,-0.05772175034508109,0.7284159492701292
2026-04-23 07:43:19.000,3509402.5987021825,779165.8905824755,5250986.287618131,-78993.9629500796,50.573173351958495,-0.8971693040803075,0.2724205970298499,0.7750091049820185
2026-04-23 07:43:19.100,3509402.554412922,779165.926179148,5250986.484426233,-78998.82901576025,50.719146681781275,-0.44289260637015104,0.3559667256195098,1.9680810160934925
2026-04-23 07:43:19.200,3509402.412311724,779166.0142904611,5250986.71222413,-79003.71021049928,50.33868028230228,-1.4210119796916842,0.8811131305992603,2.277978966012597
2026-04-23 07:43:19.300,3509402.4634870165,779166.0621509199,5250986.741136998,-79008.65433465927,49.61270943153977,0.5117529258131981,0.4786045884247869,0.2891286835074425
2026-04-23 07:43:19.400,3509402.4441571026,779166.0554274295,5250986.577034935,-79013.75826515992,48.50175086442248,-0.19329913891851902,-0.0672349042724818,-1.6410206258296967
2026-04-23 07:43:19.500,3509406.4347256673,779164.0159842366,5250982.962514925,-79019.0188999717,43.83018421208639,39.90568564739078,-20.3944319288712,-36.14520010538399
2026-04-23 07:43:19.600,3509406.3547251993,779164.0288471648,5250982.955243278,-79024.02691910756,43.50341803036258,-0.8000046806409955,0.12862928211688995,-0.07271646521985531
2026-04-23 07:43:19.700,3509406.332493334,779164.0724098721,5250983.025028529,-79028.94158145702,43.0737954949128,-0.2223186520859599,0.435627072583884,0.6978525035083294
2026-04-23 07:43:19.800,3509406.242529281,779164.0357711053,5250983.05742555,-79033.92162566574,42.98141422652014,-0.8996405312791467,-0.36638766760006547,0.32397021539509296
2026-04-23 07:43:19.900,3509406.313809177,779164.032963603,5250982.882188697,-79038.9903326688,42.440411638512884,0.7127989595755935,-0.028075022855773568,-1.7523685283958912
2026-04-23 07:43:20.000,3509406.309365818,779164.0504428069,5250982.883056552,-79043.98271682387,41.74595819016664,-0.044433590956032276,0.17479203874245286,0.008678548038005829
2026-04-23 07:43:20.100,3509406.261200474,779164.1534957248,5250982.98247007,-79048.93611161064,40.216683993380755,-0.48165343701839447,1.0305291786789894,0.9941351786255836
2026-04-23 07:43:20.200,3509406.128648706,779164.1623425537,5250983.160057951,-79053.84180079795,39.925836102495055,-1.3255176832899451,0.08846828946843743,1.775878807529807
2026-04-23 07:43:20.300,3509406.031748043,779164.1643848795,5250983.353837501,-79058.7100935434,39.887091875349405,-0.969006628729403,0.020423257956281304,1.9377955049276352
2026-04-23 07:43:20.400,3509405.9963930272,779164.1720433686,5250983.524460341,-79063.57348104815,39.19023765032179,-0.3535501565784216,0.07658489048480988,1.7062283959239721
2026-04-23 07:43:20.500,3509405.9441228104,779164.2273144926,5250983.855367593,-79068.35069350664,37.87842501194335,-0.5227021686732769,0.552711240015924,3.3090725168585777
2026-04-23 07:43:20.600,3509405.9257583744,779164.2184374147,5250984.107755501,-79073.18252315279,36.639566089865504,-0.18364435993134975,-0.08877077838405967,2.5238790828734636
2026-04-23 07:43:20.700,3509405.959392885,779164.299783252,5250984.163305589,-79078.10450694711,36.625726543762454,0.33634510822594166,0.8134583721403033,0.5555008817464113
2026-04-23 07:43:20.800,3509405.890033175,779164.432164639,5250984.130370522,-79083.16139689562,36.14331512118152,-0.6935971044003963,1.323813870549202,-0.329350670799613
2026-04-23 07:43:20.900,3509410.7373496145,779162.7500176568,5250975.344244815,-79092.90517945694,49.03224302513074,48.47316439729184,-16.821469821734354,-87.86125706508756
2026-04-23 07:43:21.000,3509410.7606222415,779162.753571231,5250975.51190533,-79097.77343001886,48.65729888151989,0.23272627033293247,0.035535742063075304,1.6766051482409239
2026-04-23 07:43:21.100,3509410.708365323,779162.848233685,5250975.616249278,-79102.71211255927,48.2133965386495,-0.5225691851228476,0.9466245397925377,1.0434394795447588
2026-04-23 07:43:21.200,3509410.6574511193,779162.8623343953,5250975.548814356,-79107.77051984731,47.89369182382363,-0.5091420374810696,0.1410071027930826,-0.6743492186069489
2026-04-23 07:43:21.300,3509410.6662528254,779162.9053338451,5250975.5703725405,-79112.74639384514,47.2125363432619,0.0880170613527298,0.4299944976810366,0.21558184176683426
2026-04-23 07:43:21.400,3509410.6402680706,779162.9395819377,5250975.707379329,-79117.62709185929,47.177507618692,-0.2598475478589535,0.3424809267744422,1.370067885145545
2026-04-23 07:43:21.500,3509410.6100841165,779162.9885234942,5250976.005330111,-79122.44540329126,47.844100117599815,-0.30183954164385796,0.4894155648071319,2.9795078188180923
2026-04-23 07:43:21.600,3509410.5895237583,779163.084398305,5250976.032741763,-79127.43863340949,47.794184924085826,-0.20560358185321093,0.9587481082417071,0.2741165179759264
2026-04-23 07:43:21.700,3509411.3094880725,779162.8748811983,5250972.523234741,-79134.21896174816,42.543177716695205,7.199643142521381,-2.095171067630872,-35.09507021866739
2026-04-23 07:43:21.800,3509411.250455082,779162.8325596402,5250972.342710744,-79139.31906835326,42.78095896495384,-0.5903299059718847,-0.42321558110415936,-1.8052399717271328
2026-04-23 07:43:21.900,3509411.222723232,779162.7919122059,5250972.304074753,-79144.35245281014,42.95987866447637,-0.2773184981197119,-0.4064743430353701,-0.3863599058240652
2026-04-23 07:43:22.000,3509411.1818385953,779162.7822695513,5250972.164492427,-79149.39199127829,43.58440150757263,-0.4088463680818677,-0.09642654564231634,-1.3958232570439577
2026-04-23 07:43:22.100,3509411.215711405,779162.8346174551,5250972.058644638,-79154.4238102714,43.6217692674306,0.3387280972674489,0.5234790383838117,-1.0584778897464275
2026-04-23 07:43:22.200,3509411.3235935117,779162.8209683027,5250971.965679205,-79159.41392659706,43.369188377177096,1.0788210667669773,-0.1364915247540921,-0.9296543337404728
2026-04-23 07:43:22.300,3509411.377796431,779162.7989659567,5250971.977651063,-79164.35038136548,43.637209300681754,0.5420291936025023,-0.2200234599877149,0.11971858330070972
2026-04-23 07:43:22.400,3509411.3728345362,779162.7899309448,5250971.995623564,-79169.31194363536,43.93153816286219,-0.04961894825100899,-0.09035011869855225,0.1797250099480152
2026-04-23 07:43:22.500,3509411.38198641,779162.8049113265,5250971.974613239,-79174.30298782344,43.99598715993361,0.09151873644441366,0.14980381703935564,-0.210103252902627
2026-04-23 07:43:22.600,3509411.3896491723,779162.7769856498,5250971.923914515,-79179.34043719494,43.60382114655905,0.0766276242211461,-0.2792567666620016,-0.5069872364401817
2026-04-23 07:43:22.700,3509411.414412428,779162.8068303991,5250972.004937312,-79184.25351644515,43.41632157193805,0.2476325584575534,0.2984474925324321,0.8102279622107744
2026-04-23 07:43:22.800,3509411.5704647754,779162.8972318528,5250972.243339751,-79189.05207379666,42.64204138201042,1.560523472726345,0.9040145366452634,2.384024392813444
2026-04-23 07:43:22.900,3509411.600047396,779162.8969071001,5250972.299871943,-79193.9993487175,42.40609647137423,0.295826205983758,-0.0032475264742970467,0.565321920439601
2026-04-23 07:43:23.000,3509411.6891051233,779162.9287337074,5250972.377073368,-79198.92779673963,42.08363449213578,0.8905772725120187,0.31826607300899923,0.7720142509788275
2026-04-23 07:43:23.100,3509411.754180278,779162.9179237136,5250972.425321717,-79203.83349059668,42.03494439611682,0.6507515488192439,-0.10809993837028742,0.48248348757624626
2026-04-23 07:43:23.200,3509411.8522387026,779162.9187206995,5250972.504025089,-79208.74188156996,41.599323227684415,0.9805842442438006,0.007969859289005399,0.7870337180793285
2026-04-23 07:43:23.300,3509411.9331917046,779162.9211546023,5250972.4641374815,-79213.70243501214,41.52484599558881,0.8095300197601318,0.024339028168469667,-0.3988760709762573
2026-04-23 07:43:23.400,3509411.9462635214,779162.9425106257,5250972.50163536,-79218.65205218518,41.56521993744298,0.13071816880255938,0.21356023382395506,0.37497878074645996
2026-04-23 07:43:23.500,3509412.0047774436,779162.9682525866,5250972.586180908,-79223.55657339153,41.2034961342324,0.5851392215117812,0.2574196085333824,0.8454554807394743
2026-04-23 07:43:23.600,3509412.0396216237,779162.9852233134,5250972.671325738,-79228.47392575374,41.315701845004206,0.3484418010339141,0.1697072689421475,0.8514482993632555
2026-04-23 07:43:23.700,3509412.019716835,779162.9902546344,5250972.612080781,-79233.49572386449,41.235189771792214,-0.19904788583517075,0.050313209649175406,-0.5924495682120323
2026-04-23 07:43:23.800,3509411.9889484723,779163.014543537,5250972.579585384,-79238.50485135826,41.19959605029445,-0.30768362805247307,0.24288902641274035,-0.3249539714306593
2026-04-23 07:43:23.900,3509411.981913442,779163.0207317588,5250972.598011479,-79243.48662604408,41.56946691158534,-0.07035030517727137,0.06188221741467714,0.18426095135509968
2026-04-23 07:43:24.000,3509412.0798024097,779163.0397593512,5250972.752274722,-79248.34358141223,41.70159567905418,0.9788896795362234,0.19027592381462455,1.5426324307918549
2026-04-23 07:43:24.100,3509412.164511222,779163.0503560514,5250972.801275484,-79253.23737919233,41.596732042604316,0.8470881218090653,0.10596700245514512,0.4900076240301132
2026-04-23 07:43:24.200,3509412.032462715,779163.0269347349,5250972.72954646,-79258.29518676092,40.576587289501745,-1.3204850675538182,-0.2342131652403623,-0.7172902394086123
2026-04-23 07:43:24.300,3509411.9286360187,779163.0093478456,5250972.570836556,-79263.38660657124,41.00729309176191,-1.038266965188086,-0.1758688932750374,-1.5870990417897701
2026-04-23 07:43:24.400,3509412.0031888597,779163.0539795331,5250972.741605668,-79268.23217098824,41.360881515218715,0.7455284101888537,0.44631687575019896,1.7076911218464375
2026-04-23 07:43:24.500,3509412.006531355,779163.0573282221,5250972.861457319,-79273.14059060132,41.409786161415695,0.03342495299875736,0.033486889442428946,1.1985165067017078
2026-04-23 07:43:24.600,3509412.0112682576,779162.9733087298,5250972.895502185,-79278.10021936403,41.657761838052,0.0473690265789628,-0.840194922639057,0.3404486645013094
2026-04-23 07:43:24.700,3509412.086152359,779162.9502433513,5250972.933994074,-79283.01105448564,42.4498128879167,0.748841012828052,-0.23065378540195525,0.38491888903081417
2026-04-23 07:43:24.800,3509411.7886812296,779162.9573937027,5250973.713337242,-79287.62733804858,40.91667902583261,-2.9747112933546305,0.07150351419113576,7.793431673198938
2026-04-23 07:43:24.900,3509411.8956187507,779162.9570704887,5250973.69502306,-79292.61704602814,40.50840814500729,1.0693752113729715,-0.0032321398612111807,-0.18314181827008724
2026-04-23 07:43:25.000,3509411.988488734,779162.8994025855,5250973.69867438,-79297.56454466452,39.94298244618133,0.9286998305469751,-0.576679032528773,0.0365132000297308
2026-04-23 07:43:25.100,3509412.041969512,779162.935322419,5250973.675478416,-79302.54575884884,39.633728153664336,0.5348077835515141,0.3591983357910067,-0.231959642842412
2026-04-23 07:43:25.200,3509412.1182467868,779162.9382555722,5250973.748847187,-79307.43084524896,40.09551164611087,0.7627727463841438,0.02933153184130788,0.7336877100169659
2026-04-23 07:43:25.300,3509412.197591229,779162.9653793566,5250973.903081344,-79312.28590999576,40.0859320570762,0.7934444211423397,0.27123784413561225,1.5423415787518024
2026-04-23 07:43:25.400,3509412.219676054,779162.9253722753,5250973.81694748,-79317.33613365906,39.63594299689516,0.22084825206547976,-0.4000708134844899,-0.861338647082448
2026-04-23 07:43:25.500,3509412.280541146,779162.9697163136,5250973.955333799,-79322.19924802656,39.60842316353159,0.6086509209126234,0.44344038353301585,1.3838631939142942
2026-04-23 07:43:25.600,3509412.305074488,779162.9658728696,5250973.892400775,-79327.21849015083,39.62699692459812,0.24533341638743877,-0.038434440502896905,-0.6293302401900291
2026-04-23 07:43:25.700,3509412.3357370184,779163.0019587927,5250974.048018501,-79332.11052501295,39.61273286575266,0.30662530567497015,0.3608592308592051,1.5561772603541613
2026-04-23 07:43:25.800,3509412.338607678,779163.0255284258,5250974.1644926425,-79337.03107395896,39.900278279174834,0.028706598095595837,0.23569633136503398,1.164741413667798
2026-04-23 07:43:25.900,3509412.43803615,779162.9955887736,5250974.21022649,-79341.94123294768,39.578914363191664,0.9942847164347768,-0.29939652187749743,0.4573384765535593
2026-04-23 07:43:26.000,3509412.489733823,779163.0013522896,5250974.308202409,-79346.84135057616,39.25759061311371,0.5169767327606678,0.057635159464553,0.9797591902315617
2026-04-23 07:43:26.100,3509412.5778905684,779162.9849298551,5250974.3749405965,-79351.73017318077,39.72380002864517,0.8815674530342221,-0.1642243447713554,0.6673818733543158
2026-04-23 07:43:26.200,3509412.491274256,779162.9939698672,5250974.309456925,-79356.7822661351,40.144428619155605,-0.866163126192987,0.09040012140758336,-0.6548367161303759
2026-04-23 07:43:26.300,3509412.5431535263,779162.99011592,5250974.301910129,-79361.77419299335,39.81212186768796,0.5187927046790719,-0.0385394727345556,-0.07546795532107353
2026-04-23 07:43:26.400,3509412.6184165375,779163.0147892132,5250974.274650396,-79366.727851398,39.47327467119593,0.7526301126927137,0.24673293228261173,-0.2725973352789879
2026-04-23 07:43:26.500,3509412.728072366,779162.9880163051,5250974.359719048,-79371.58018463058,39.450244382615544,1.0965582868084311,-0.26772908051498234,0.8506865240633488
2026-04-23 07:43:26.600,3509412.68978943,779163.1126081529,5250974.365923955,-79376.59635150612,38.77199044680538,-0.38282936438918114,1.2459184776525944,0.06204906851053238
2026-04-23 07:43:26.700,3509412.765213326,779163.1485643676,5250974.493501518,-79381.47873148389,38.694159835710096,0.7542389631271362,0.35956214647740126,1.2757756281644106
2026-04-23 07:43:26.800,3509412.8230967065,779163.2089909583,5250974.555455482,-79386.39323828195,38.789282517497206,0.5788338044658303,0.6042659073136747,0.619539637118578
2026-04-23 07:43:26.900,3509412.9177795313,779163.2144039094,5250974.591626481,-79391.29643888028,38.78873076335841,0.9468282479792833,0.05412951111793518,0.3617099951952696
2026-04-23 07:43:27.000,3509412.89980109,779163.2193259775,5250974.638657792,-79396.25083222795,39.326941435447594,-0.17978441435843706,0.04922068095766008,0.4703131038695574
2026-04-23 07:43:27.100,3509412.915205033,779163.1590896661,5250974.640204736,-79401.22553056673,39.80634993767045,0.1540394313633442,-0.6023631140124053,0.015469444915652275
2026-04-23 07:43:27.200,3509413.0218033,779163.175014653,5250974.649321049,-79406.13128337121,39.60581317730757,1.0659826686605811,0.1592498691752553,0.0911631342023611
2026-04-23 07:43:27.300,3509413.071739624,779163.1813926139,5250974.712189667,-79411.03045487785,39.4399292361111,0.49936323892325163,0.06377960904501379,0.6286861747503281
2026-04-23 07:43:27.400,3509413.2080252487,779163.1703092497,5250974.871014629,-79415.87203213651,39.67012628193812,1.3628562493249774,-0.11083364253863692,1.5882496163249016
2026-04-23 07:43:27.500,3509413.2026102017,779163.1488807849,5250974.838969543,-79420.84148392158,40.214161262227,-0.0541504705324769,-0.21428464795462787,-0.32045085914433
2026-04-23 07:43:27.600,3509413.286938749,779163.1645969084,5250974.933686884,-79425.7226798824,40.074226784042324,0.843285471200943,0.15716123511083424,0.9471734147518873
2026-04-23 07:43:27.700,3509413.2809815216,779163.2241289937,5250974.902412671,-79430.68959936626,40.378974510646195,-0.05957227200269699,0.5953208531718701,-0.3127421345561743
2026-04-23 07:43:27.800,3509413.258926206,779163.1748306099,5250974.864800257,-79435.70865770712,40.5368496121966,-0.22055315785109997,-0.4929838376119733,-0.37612413987517357
2026-04-23 07:43:27.900,3509413.300644408,779163.0774885989,5250974.8816302875,-79440.6373171178,40.73794098798424,0.4171820217743516,-0.9734201105311513,0.1683003082871437
2026-04-23 07:43:28.000,3509413.390730585,779163.0930457639,5250974.942868505,-79445.53676611512,40.26038475864684,0.9008617699146271,0.1555716502480209,0.6123821716755629
2026-04-23 07:43:28.100,3509413.479141115,779163.1134211387,5250975.0502202585,-79450.40121731085,40.549796638736716,0.8841053023934364,0.20375374821014702,1.0735175386071205
2026-04-23 07:43:28.200,3509413.4662726694,779163.0976707018,5250975.089441709,-79455.33924705152,41.412142476415546,-0.12868445832282305,-0.15750436927191913,0.39221450686454773
2026-04-23 07:43:28.300,3509413.4983139685,779162.9979911451,5250975.1237578625,-79460.28486863812,41.7829962749258,0.32041299156844616,-0.996795566752553,0.3431615326553583
2026-04-23 07:43:28.400,3509413.6102917925,779162.9856027012,5250975.189604624,-79465.20120012124,41.61584186097461,1.1197782400995493,-0.12388443923555315,0.6584676168859005
2026-04-23 07:43:28.500,3509413.5849160203,779162.9668575774,5250975.169595426,-79470.1582877542,42.01427141976854,-0.2537577226758003,-0.18745123757980764,-0.2000919822603464
2026-04-23 07:43:28.600,3509413.667845553,779162.9578922268,5250975.125587942,-79475.12843838184,41.31291693363635,0.8292953250929713,-0.08965350687503815,-0.4400748386979103
2026-04-23 07:43:28.700,3509413.6868812554,779162.8932306219,5250975.132172828,-79480.10469954899,41.402378925446996,0.1903570257127285,-0.6466160481795669,0.06584885530173779
2026-04-23 07:43:28.800,3509413.62854463,779162.913221447,5250975.056747866,-79485.18122620879,41.67775132807928,-0.58336625341326,0.19990825094282627,-0.7542496174573898
2026-04-23 07:43:28.900,3509413.4868584224,779163.0252394608,5250975.073648548,-79490.19326966457,49.66478983711091,-1.4168620761483908,1.1201801372226328,0.16900681890547276
2026-04-23 07:43:29.000,3509413.4444863284,779162.9595448539,5250975.05330423,-79495.1817775578,42.16475548289515,-0.4237209400162101,-0.6569460686296225,-0.20344317890703678
2026-04-23 07:43:29.100,3509413.5201194226,779162.8163788293,5250974.896416036,-79500.18191079164,41.541662817444816,0.7563309418037534,-1.4316602458711714,-1.5688819345086813
2026-04-23 07:43:29.200,3509413.5923948013,779162.7889153748,5250974.785502133,-79505.19216797853,41.106934133629586,0.7227537874132395,-0.27463454520329833,-1.10913903452456
2026-04-23 07:43:29.300,3509413.5921556884,779162.7760018571,5250974.720375735,-79510.21493930955,40.549052132914916,-0.0023911288008093834,-0.12913517653942108,-0.651263976469636
2026-04-23 07:43:29.400,3509413.576068945,779162.7990314747,5250974.658751552,-79515.27047996236,40.295198838285735,-0.16086743213236332,0.2302961761597544,-0.6162418331950903
2026-04-23 07:43:29.500,3509413.306857064,779162.9444354126,5250974.634101391,-79520.49393166749,47.811181575708666,-2.6921188132837415,1.4540393790230155,-0.24650161154568195
2026-04-23 07:43:29.600,3509413.1875971234,779162.8274773157,5250974.529397997,-79525.57770900991,48.0655646473547,-1.1925994046032429,-1.1695809697266668,-1.0470339376479387
2026-04-23 07:43:29.700,3509413.1149544455,779162.7513201331,5250974.42962235,-79530.6286319552,48.199460297494284,-0.7264267792925239,-0.7615718257147819,-0.9977564681321383
2026-04-23 07:43:29.800,3509413.073710784,779162.6495053264,5250974.371983073,-79535.64667204904,48.25904695651986,-0.41243661660701036,-1.0181480669416487,-0.576392775401473
2026-04-23 07:43:29.900,3509413.023315423,779162.607795321,5250974.337012338,-79540.63733564068,48.29478214423779,-0.5039536068215966,-0.41710005374625325,-0.34970734268426895
2026-04-23 07:43:30.000,3509412.998701973,779162.5404425594,5250974.268274861,-79545.63891398329,48.28998001561109,-0.24613450281322002,-0.673527616309002,-0.6873747706413269
2026-04-23 07:43:30.100,3509412.9977514236,779162.4763077183,5250974.230490066,-79550.60986878349,48.3057661022164,-0.009505492635071278,-0.6413484108634293,-0.3778479527682066
2026-04-23 07:43:30.200,3509412.9645834165,779162.414186239,5250974.15257179,-79555.60877590586,48.71194452304096,-0.33168007154017687,-0.6212147930637002,-0.7791827619075775
2026-04-23 07:43:30.300,3509412.804894154,779162.4480624951,5250974.140270196,-79560.67640903978,40.84616035438774,-1.59689262509346,0.33876256085932255,-0.12301594018936157
2026-04-23 07:43:30.400,3509412.9447609903,779162.2821832993,5250974.0972190965,-79565.57305070436,49.02856283917528,1.3986683636903763,-1.6587919578887522,-0.4305109940469265
2026-04-23 07:43:30.500,3509412.7548544337,779162.3228667284,5250974.070434678,-79570.6632633543,40.87527149645637,-1.8990655662491918,0.40683429106138647,-0.26784418150782585
2026-04-23 07:43:30.600,3509412.7000359343,779162.3324376554,5250974.053248592,-79575.69111581414,40.82613841506839,-0.5481849936768413,0.09570927009917796,-0.17186086624860764
2026-04-23 07:43:30.700,3509412.6402059784,779162.3742067817,5250974.0872695185,-79580.69944076745,40.69908531204179,-0.5982995592057705,0.41769126313738525,0.3402092680335045
2026-04-23 07:43:30.800,3509412.697941962,779162.3288970886,5250974.085370325,-79585.65271827116,40.39411384263922,0.5773598374798894,-0.45309693086892366,-0.01899193972349167
2026-04-23 07:43:30.900,3509412.920595063,779162.1221636013,5250974.001018441,-79590.49705855339,48.154347839306,2.2265310073271394,-2.067334873136133,-0.8435188326984644
2026-04-23 07:43:31.000,3509412.9022752224,779162.0904532918,5250974.000092096,-79595.44377515638,48.13528750702911,-0.18319840542972088,-0.31710309558548033,-0.009263455867767334
2026-04-23 07:43:31.100,3509413.2034395207,779162.1983292208,5250974.02160975,-79600.21444374522,46.84394773026897,3.0116429831832647,1.0787592898122966,0.21517653949558735
2026-04-23 07:43:31.200,3509413.263567981,779162.1483218303,5250973.960657213,-79605.16881227208,46.81330932142099,0.6012846017256379,-0.5000739044044167,-0.6095253676176071
2026-04-23 07:43:31.300,3509413.1781331776,779162.1235784941,5250973.926269328,-79610.19172590371,46.27077669187893,-0.8543480327352881,-0.24743336252868176,-0.3438788466155529
2026-04-23 07:43:31.400,3509413.175051241,779162.1029925522,5250973.948125556,-79615.14442803101,45.97452892619022,-0.0308193638920784,-0.20585941849276423,0.2185622788965702
2026-04-23 07:43:31.500,3509413.2280455697,779162.0959031917,5250973.885156796,-79620.10671051647,45.59919063745095,0.529943285509944,-0.0708936050068587,-0.6296875979751348
2026-04-23 07:43:31.600,3509413.2281852397,779162.0516708579,5250973.906288462,-79625.0791072212,45.28381328886024,0.00139669980853796,-0.44232333777472377,0.211316654458642
2026-04-23 07:43:31.700,3509413.130140799,779161.9523509186,5250973.789467278,-79630.16723903251,45.33887169405148,-0.9804444061592221,-0.9931993938516825,-1.1682118382304907
2026-04-23 07:43:31.800,3509413.1871510027,779161.9464914266,5250973.84120565,-79635.08840599687,45.04185101048394,0.5701020359992981,-0.05859491997398436,0.5173837207257748
2026-04-23 07:43:31.900,3509413.1739903283,779161.8711311386,5250973.760432127,-79640.1079196778,44.57107777382628,-0.131606743671,-0.7536028791218996,-0.8077352307736874
2026-04-23 07:43:32.000,3509413.1324945753,779161.8479298335,5250973.82112178,-79645.07011919848,44.66745060098303,-0.4149575298652053,-0.23201305186375976,0.6068965326994658
2026-04-23 07:43:32.100,3509412.9933037325,779161.8548332754,5250973.757114222,-79650.11963025008,44.15348678082163,-1.391908428631723,0.06903441972099245,-0.6400755792856216
2026-04-23 07:43:32.200,3509412.8833478694,779161.7903006993,5250973.649227458,-79655.20679041838,44.07149233935741,-1.0995586309581995,-0.6453257612884045,-1.0788676422089338
2026-04-23 07:43:32.300,3509412.9059175923,779161.7312872295,5250973.586568621,-79660.20490169757,43.85093161756116,0.22569722961634398,-0.5901346984319389,-0.6265883706510067
2026-04-23 07:43:32.400,3509412.8607661994,779161.6660221826,5250973.5420659,-79665.23315663618,43.91659341484065,-0.4515139292925596,-0.6526504689827561,-0.44502721168100834
2026-04-23 07:43:32.500,3509412.8513179785,779161.6067406643,5250973.454151845,-79670.27060818576,43.92553551547399,-0.09448220953345299,-0.592815182171762,-0.8791405521333218
2026-04-23 07:43:32.600,3509412.8893261747,779161.613086191,5250973.280507858,-79675.34420736117,43.53470968235065,0.3800819627940655,0.0634552666451782,-1.7364398669451475
2026-04-23 07:43:32.700,3509412.856170275,779161.6483583081,5250973.263210764,-79680.34688976189,43.3451728500428,-0.33155899960547686,0.3527211712207645,-0.17297093756496906
2026-04-23 07:43:32.800,3509412.854603835,779161.6591302621,5250973.302019905,-79685.30080084958,43.190810104724186,-0.015664398670196533,0.10771953966468573,0.38809141144156456
2026-04-23 07:43:32.900,3509412.8694442078,779161.6807319374,5250973.367562272,-79690.24937120063,42.69031242455371,0.1484037283807993,0.21601675311103463,0.6554236635565758
2026-04-23 07:43:33.000,3509412.788490677,779161.618959605,5250973.305574948,-79695.3066347312,43.10313244570339,-0.8095353096723557,-0.6177233241032809,-0.6198732368648052
2026-04-23 07:43:33.100,3509412.7927986914,779161.7048753382,5250973.29357392,-79700.26227782526,42.99720962213883,0.04308014642447233,0.8591573324520141,-0.12001028284430504
2026-04-23 07:43:33.200,3509412.7285364433,779161.6366723196,5250973.149140589,-79705.33952820775,43.05078264221443,-0.6426224811002612,-0.6820301862899214,-1.4443333074450493
2026-04-23 07:43:33.300,3509412.675982842,779161.6385595972,5250973.020480664,-79710.40158492631,43.28738362199692,-0.5255360109731555,0.0188727758359164,-1.2865992449223995
2026-04-23 07:43:33.400,3509412.5563221606,779161.6135417916,5250972.889652953,-79715.52814759318,43.344320050211,-1.1966068157926202,-0.2501780563034117,-1.3082771189510822
2026-04-23 07:43:33.500,3509412.5912395744,779161.5757283226,5250972.83896567,-79720.50960306366,43.17709738987695,0.3491741372272372,-0.37813468952663243,-0.5068728234618902
2026-04-23 07:43:33.600,3509412.674563909,779161.593497843,5250972.903333824,-79725.40474930422,42.954619187674346,0.8332433458417654,0.17769520403817296,0.6436815392225981
2026-04-23 07:43:33.700,3509412.70154249,779161.5560213259,5250972.955267303,-79730.33795174288,43.15582452947875,0.26978581212460995,-0.37476517143659294,0.5193347856402397
2026-04-23 07:43:33.800,3509412.7281908267,779161.5942252715,5250973.0494304225,-79735.21877541153,43.075796135672554,0.2664833655580878,0.3820394561626017,0.9416311979293823
2026-04-23 07:43:33.900,3509412.68264937,779161.5834067164,5250973.085742061,-79740.19078128402,42.520112511388966,-0.45541456900537014,-0.10818555136211216,0.3631163854151964
2026-04-23 07:43:34.000,3509412.6763116037,779161.5467406561,5250973.080117654,-79745.15127674794,42.70092153818283,-0.06337766069918871,-0.3666606021579355,-0.05624406971037388
2026-04-23 07:43:34.100,3509412.609298316,779161.5616734063,5250973.021128373,-79750.18456096419,43.08846993350606,-0.6701328791677952,0.1493275014217943,-0.5898928083479404
2026-04-23 07:43:34.200,3509412.5911574047,779161.5307837281,5250972.987014024,-79755.17990227006,43.06110825637294,-0.18140911124646664,-0.3088967816438526,-0.34114349633455276
2026-04-23 07:43:34.300,3509412.592682028,779161.5311217724,5250973.0622557495,-79760.09826020466,42.77722326898543,0.015246234834194183,0.003380442503839731,0.7524172589182854
2026-04-23 07:43:34.400,3509412.6488517234,779161.5434389733,5250973.162069933,-79764.9765148301,42.409897871350964,0.5616969522088766,0.1231720088981092,0.9981418307870626
2026-04-23 07:43:34.500,3509412.5803288147,779161.5353194922,5250973.120529924,-79770.00291705091,42.251135396464626,-0.6852290872484446,-0.0811948103364557,-0.4154000896960497
2026-04-23 07:43:34.600,3509412.6285888567,779161.5487431204,5250973.076482469,-79774.96311091831,42.325540864662344,0.4826004197821021,0.1342362817376852,-0.4404745437204838
2026-04-23 07:43:34.700,3509412.7658808576,779161.614348373,5250973.115732166,-79779.81667965706,42.13434258307895,1.3729200093075633,0.6560525263193995,0.39249696768820286
2026-04-23 07:43:34.800,3509412.766771531,779161.6443708278,5250973.152556771,-79784.7870405358,42.17786709437292,0.00890673603862524,0.30022454797290266,0.368246054276824
2026-04-23 07:43:34.900,3509412.8065906325,779161.7027435481,5250973.093148001,-79789.74747480129,42.24315195902117,0.39819101337343454,0.583727202611044,-0.5940877087414265
2026-04-23 07:43:35.000,3509412.848898952,779161.7581498831,5250973.093660734,-79794.69669551657,42.047668658857916,0.42308319360017776,0.5540633504278958,0.005127331241965294
2026-04-23 07:43:35.100,3509412.952280591,779161.8125188575,5250973.178185471,-79799.57453480108,41.41001500236869,1.0338163888081908,0.5436897440813482,0.8452473767101765
2026-04-23 07:43:35.200,3509413.0371119417,779161.8337103961,5250973.239461334,-79804.45254977478,41.417914648095056,0.8483135094866157,0.21191538544371724,0.6127586308866739
2026-04-23 07:43:35.300,3509412.8518359545,779161.7714719782,5250973.072981561,-79809.5740150993,41.38037851376301,-1.8527598725631833,-0.6223841791506857,-1.6647977381944656
2026-04-23 07:43:35.400,3509412.880405945,779161.8025190778,5250973.003144375,-79814.59615152447,41.700470075675085,0.28569990303367376,0.31047099619172513,-0.6983718555420637
2026-04-23 07:43:35.500,3509412.864438875,779161.8235372608,5250972.945490724,-79819.59532873557,41.68476021741466,-0.15967069659382105,0.21018182975240052,-0.5765365064144135
2026-04-23 07:43:35.600,3509412.903860623,779161.832608369,5250972.96059931,-79824.55707922197,40.96515893373685,0.3942174790427089,0.09071108186617494,0.15108585357666016
2026-04-23 07:43:35.700,3509412.9082000246,779161.8037025193,5250972.76964014,-79829.62626085343,40.894768161127345,0.04339401610195637,-0.289058496709913,-1.9095916952937841
2026-04-23 07:43:35.800,3509412.870910883,779161.8255774418,5250972.802848252,-79834.59297524639,40.75008925779527,-0.37289141677320004,0.2187492256052792,0.3320811130106449
2026-04-23 07:43:35.900,3509412.912242566,779161.7004736965,5250972.703301236,-79839.5834437433,41.0581810637313,0.41331682819873095,-1.2510374537669122,-0.995470155030489
2026-04-23 07:43:36.000,3509412.9738910263,779161.7251664199,5250972.746016143,-79844.50592248427,40.3426319901337,0.6164846057072282,0.24692723411135375,0.42714906856417656
2026-04-23 07:43:36.100,3509412.946615383,779161.6898817823,5250972.617828546,-79849.52426923293,40.33950282528848,-0.27275643311440945,-0.3528463758993894,-1.2818759679794312
2026-04-23 07:43:36.200,3509412.9850663156,779161.6330590481,5250972.514202022,-79854.53394129175,40.28405304354419,0.3845093259587884,-0.568227341864258,-1.0362652409821749
2026-04-23 07:43:36.300,3509412.953198822,779161.6771315237,5250972.554632984,-79859.5044169102,40.22631847164122,-0.3186749340966344,0.44072475633583963,0.4043096210807562
2026-04-23 07:43:36.400,3509412.8904039543,779161.7167259599,5250972.534170469,-79864.50817900525,40.083311498401706,-0.6279486790299416,0.3959443618077785,-0.20462514832615852
2026-04-23 07:43:36.500,3509412.857701828,779161.7425019486,5250972.517706005,-79869.47817971894,40.18256140941483,-0.32702126540243626,0.2577598870266229,-0.16464464366436005
2026-04-23 07:43:36.600,3509412.8631661134,779161.7582481522,5250972.511505634,-79874.42672901165,40.49037896348547,0.05464285612106323,0.15746203600428998,-0.062003713101148605
2026-04-23 07:43:36.700,3509412.801073492,779161.7273410618,5250972.477070473,-79879.43045429951,40.660082832126754,-0.6209262134507298,-0.30907090404070914,-0.3443516045808792
2026-04-23 07:43:36.800,3509412.7528653885,779161.7177650542,5250972.44007079,-79884.45227122886,40.58395081075924,-0.4820810351520777,-0.09576007607392967,-0.36999682895839214
2026-04-23 07:43:36.900,3509412.73647413,779161.772378452,5250972.445653559,-79889.39406983052,40.787488775799176,-0.1639125868678093,0.5461339780595154,0.055827684700489044
2026-04-23 07:43:37.000,3509412.7925109286,779161.7590017001,5250972.439106262,-79894.32464968902,40.67230389268177,0.5603679874911904,-0.133767519146204,-0.06547296419739723
2026-04-23 07:43:37.100,3509412.8737104484,779161.7735518224,5250972.500081509,-79899.2268875355,40.808441417851476,0.8119951980188489,0.14550122315995395,0.6097524706274271
2026-04-23 07:43:37.200,3509412.82703932,779161.8289665487,5250972.537556372,-79904.18543840261,40.6216627798241,-0.4667112836614251,0.5541472625918686,0.37474862299859524
2026-04-23 07:43:37.300,3509412.760311197,779161.7864001775,5250972.342436336,-79909.29509264599,40.82188008869498,-0.6672812299802899,-0.4256637115031481,-1.951200356706977
2026-04-23 07:43:37.400,3509412.801967543,779161.7628433304,5250972.3326852,-79914.21968145741,40.86550964244553,0.41656346060335636,-0.23556847125291824,-0.09751136414706707
2026-04-23 07:43:37.500,3509412.876472888,779161.790678799,5250972.39089848,-79919.10398430722,40.82989442486906,0.7450534496456385,0.27835468645207584,0.5821328051388264
2026-04-23 07:43:37.600,3509412.804715614,779161.7910447048,5250972.338815753,-79924.12148224135,40.63508578794269,-0.7175727421417832,0.003659058129414916,-0.520827267318964
2026-04-23 07:43:37.700,3509412.704109483,779161.7990263728,5250972.196023538,-79929.17474545723,40.68582580705835,-1.006061309017241,0.07981667993590236,-1.4279221557080746
2026-04-23 07:43:37.800,3509412.7544083125,779161.8266310047,5250972.1645622915,-79934.12438940913,40.51076036305529,0.5029882956296206,0.27604631846770644,-0.3146124631166458
2026-04-23 07:43:37.900,3509412.80677925,779161.8201426942,5250972.118061367,-79939.09855664498,40.70110811324614,0.523709375411272,-0.06488310522399843,-0.4650092404335737
2026-04-23 07:43:38.000,3509412.740370309,779161.802278285,5250972.112675365,-79944.07812669459,40.72034625453036,-0.6640894105657935,-0.1786440913565457,-0.053860023617744446
2026-04-23 07:43:38.100,3509412.729072659,779161.805067962,5250972.052787093,-79949.07608017712,40.88824290361744,-0.11297650169581175,0.027896770043298602,-0.5988827161490917
2026-04-23 07:43:38.200,3509412.7060317057,779161.7761578463,5250972.063484993,-79954.04123973288,41.130051251662934,-0.2304095309227705,-0.2891011571045965,0.10697899386286736
2026-04-23 07:43:38.300,3509412.7154199546,779161.8048904635,5250972.118149207,-79958.96740696304,40.83401046240176,0.09388248901814222,0.287326171528548,0.5466421414166689
2026-04-23 07:43:38.400,3509412.6769232485,779161.7992345828,5250972.073674303,-79963.96677463321,40.94369461496342,-0.38496706169098616,-0.056558806682005525,-0.4447490442544222
2026-04-23 07:43:38.500,3509412.673870395,779161.8215391382,5250972.043551735,-79968.93112932082,41.198379291862196,-0.03052853513509035,0.22304555401206017,-0.30122567899525166
2026-04-23 07:43:38.600,3509412.706393714,779161.7865919193,5250972.101333193,-79973.83143312455,41.07354548795375,0.32523319125175476,-0.34947218955494463,0.5778145790100098
2026-04-23 07:43:38.700,3509412.765597617,779161.8410730528,5250972.257367424,-79978.6620207263,40.594326511602134,0.5920390272513032,0.5448113358579576,1.5603423118591309
2026-04-23 07:43:38.800,3509412.746918503,779161.852351145,5250972.233323341,-79983.6654754641,40.73671975842878,-0.1867911359295249,0.11278092162683606,-0.2404408250004053
2026-04-23 07:43:38.900,3509412.7079557595,779161.8851214681,5250972.318716291,-79988.60538476563,40.12397554726293,-0.389627437107265,0.3277032310143113,0.8539295010268688
2026-04-23 07:43:39.000,3509412.736178528,779161.9261560168,5250972.433918663,-79993.50788649784,40.114412777275014,0.282227685675025,0.41034548659808934,1.1520237196236849
2026-04-23 07:43:39.100,3509412.782162196,779161.9323952243,5250972.432616413,-79998.4562736548,40.40498603354963,0.45983667951077223,0.06239207577891648,-0.01302250660955906
2026-04-23 07:43:39.200,3509412.9196385755,779161.9952780057,5250972.608509414,-80003.24517426307,40.561665110259085,1.3747637951746583,0.6288278137799352,1.7589300125837326
2026-04-23 07:43:39.300,3509412.979128855,779162.0993955921,5250972.699756099,-80008.09586887341,40.815454344640315,0.5949027929455042,1.041175863938406,0.9124668501317501
2026-04-23 07:43:39.400,3509412.9826065237,779162.0648661642,5250972.600268156,-80013.10591700245,40.95298982298972,0.03477668855339289,-0.34529427881352603,-0.9948794264346361
2026-04-23 07:43:39.500,3509413.0377867077,779162.0928549415,5250972.72775962,-80017.94913666154,40.898799513722274,0.551801840774715,0.27988777263090014,1.27491463907063
2026-04-23 07:43:39.600,3509412.963371472,779162.0675934677,5250972.716659007,-80022.97129691338,41.05681674252979,-0.744152357801795,-0.252614738419652,-0.11100613512098789
2026-04-23 07:43:39.700,3509412.8959689867,779161.9545995713,5250972.499928423,-80028.06111278018,41.26849366309239,-0.6740248529240489,-1.129938963567838,-2.1673058345913887
2026-04-23 07:43:39.800,3509412.9001513165,779162.0279378202,5250972.653741076,-80032.9528564513,41.45072572909729,0.041823298670351505,0.7333824888337404,1.5381265245378017
2026-04-23 07:43:39.900,3509412.905927644,779161.9924814337,5250972.696261964,-80037.89886645472,41.52097630206216,0.05776327569037676,-0.3545638651121408,0.4252088814973831
2026-04-23 07:43:40.000,3509412.890807049,779162.026544195,5250972.725795817,-80042.81688834356,41.84806538384207,-0.1512059522792697,0.3406276134774089,0.2953385282307863
2026-04-23 07:43:40.100,3509413.0365673327,779162.040785193,5250972.888912896,-80047.60944863089,41.70988326944051,1.4576028380542994,0.1424099795985967,1.6311707906425
2026-04-23 07:43:40.200,3509412.962159842,779162.0892501997,5250972.917641811,-80052.57804669155,41.925102590592516,-0.74407490901649,0.48465006751939654,0.2872891537845135
2026-04-23 07:43:40.300,3509412.900883473,779162.061500985,5250972.919848078,-80057.54435312974,41.94556303531949,-0.6127636879682541,-0.2774921478703618,0.022062668576836586
2026-04-23 07:43:40.400,3509412.923124892,779162.1595717613,5250973.068610174,-80062.38116132285,41.85876971542392,0.22241419181227684,0.9807077632285655,1.4876209571957588
2026-04-23 07:43:40.500,3509412.939260392,779162.1081754322,5250973.037763603,-80067.36950364747,41.6045093383707,0.16135499812662601,-0.5139632907230407,-0.3084657061845064
2026-04-23 07:43:40.600,3509412.9746302324,779162.2260664027,5250973.21898794,-80072.20908173968,41.611917037691484,0.3536984045058489,1.1789097054861486,1.8122433684766293
2026-04-23 07:43:40.700,3509413.004949876,779162.2494235168,5250973.249072838,-80077.10983294061,41.28285059029449,0.30319643672555685,0.23357114056125283,0.3008489776402712
2026-04-23 07:43:40.800,3509412.959113215,779162.2325768757,5250973.193537017,-80082.10363436703,41.39381475625782,-0.45836661010980606,-0.1684664108324796,-0.5553582031279802
2026-04-23 07:43:40.900,3509412.989660023,779162.1850514037,5250973.117864113,-80087.08847056555,41.42233330610197,0.30546807684004307,-0.4752547200769186,-0.7567290402948856
2026-04-23 07:43:41.000,3509412.951731843,779162.1515610925,5250973.12325754,-80092.04841101148,41.48576649265031,-0.3792817983776331,-0.33490311237983406,0.05393426865339279
2026-04-23 07:43:41.100,3509412.9479929544,779162.1519293174,5250973.183130714,-80096.97269175065,41.68703259537911,-0.03738888539373875,0.0036822492256760597,0.5987317394465208
2026-04-23 07:43:41.200,3509413.0928399474,779162.2695770534,5250973.411458442,-80101.72970532246,41.70094200572453,1.4484699303284287,1.1764773598406464,2.283277278766036
2026-04-23 07:43:41.300,3509413.0960833468,779162.2465173219,5250973.365663759,-80106.70854559937,41.192651751932075,0.03243399318307638,-0.23059731465764344,-0.4579468257725239
2026-04-23 07:43:41.400,3509413.2531763837,779162.3379200379,5250973.561418505,-80111.46863529808,41.11937260222125,1.5709303691983223,0.9140271600335836,1.9575474597513676
2026-04-23 07:43:41.500,3509413.3367870366,779162.2775583839,5250973.524034159,-80116.4207120735,41.10907170082712,0.8361065294593573,-0.6036165403202176,-0.3738434612751007
2026-04-23 07:43:41.600,3509413.393615325,779162.3280664145,5250973.600674587,-80121.29092682211,40.91357133267189,0.5682828836143017,0.5050803057383746,0.7664042804390192
2026-04-23 07:43:41.700,3509413.39587655,779162.3279104558,5250973.678697453,-80126.20375881619,40.951335444526634,0.022612251341342926,-0.001559586962684989,0.7802286557853222
2026-04-23 07:43:41.800,3509413.448552907,779162.3708844739,5250973.797512137,-80131.09187035667,40.958776207538534,0.5267635686323047,0.42974018142558634,1.1881468445062637
2026-04-23 07:43:41.900,3509413.4158680225,779162.3760566278,5250973.771841644,-80136.07740964001,41.375094523680424,-0.3268488449975848,0.051721539348363876,-0.256704930216074
2026-04-23 07:43:42.000,3509413.4499756023,779162.3948390406,5250973.807306294,-80141.00564413826,41.104644676991846,0.34107579849660397,0.1878241274971515,0.3546465002000332
2026-04-23 07:43:42.100,3509413.4107434405,779162.4164431748,5250973.796196946,-80145.98982540597,41.230655457210865,-0.39232161827385426,0.21604134235531092,-0.11109348386526108
2026-04-23 07:43:42.200,3509413.3894539196,779162.427787858,5250973.836074992,-80150.93139511421,41.331469751906766,-0.21289520896971226,0.11344683123752475,0.3987804614007473
2026-04-23 07:43:42.300,3509413.4018944465,779162.3475504791,5250973.78290297,-80155.8988823152,41.01918926932628,0.12440526857972145,-0.8023737883195281,-0.5317202210426331
2026-04-23 07:43:42.400,3509413.381065515,779162.3485316639,5250973.845805911,-80160.85792302593,41.0060660395766,-0.20828931592404842,0.009811847703531384,0.6290294136852026
2026-04-23 07:43:42.500,3509413.395300088,779162.4356553304,5250973.871822665,-80165.80415043783,41.00779265576593,0.14234573114663363,0.8712366654071957,0.2601675409823656
2026-04-23 07:43:42.600,3509413.4636366665,779162.4940023627,5250973.941749297,-80170.68528046203,40.85650874904208,0.6833657855167985,0.5834703228902072,0.6992663163691759
2026-04-23 07:43:42.700,3509413.4773740117,779162.4834740543,5250973.940343608,-80175.63702883096,34.018738778065966,0.1373734511435032,-0.10528308455832303,-0.014056889340281487
2026-04-23 07:43:42.800,3509413.243070458,779162.4230784593,5250973.751540889,-80180.7989330257,34.26850271066399,-2.3430355358868837,-0.603955949191004,-1.8880271911621094
2026-04-23 07:43:42.900,3509413.0318684448,779162.3719035849,5250973.585724777,-80185.94966464127,34.21396449871231,-2.112020133063197,-0.5117487441748381,-1.65816112421453
2026-04-23 07:43:43.000,3509413.065499052,779162.4291311018,5250973.683756576,-80190.83227891105,34.30741067789422,0.33630607184022665,0.572275168960914,0.9803179930895567
2026-04-23 07:43:43.100,3509412.907720051,779162.547173576,5250973.711837584,-80195.82913023324,34.20369839761709,-1.577790011651814,1.1804247414693236,0.2808100823312998
2026-04-23 07:43:43.200,3509412.741848948,779162.5586856713,5250973.636657998,-80200.89731422722,33.84857785462136,-1.6587110282853246,0.11512095341458917,-0.7517958618700504
2026-04-23 07:43:43.300,3509412.737217752,779162.5980707506,5250973.685176987,-80205.84765544537,33.832544529404004,-0.046311961486935616,0.3938507928978652,0.48518989235162735
2026-04-23 07:43:43.400,3509412.7164797257,779162.5965337141,5250973.675981861,-80210.84391694737,33.63360132385943,-0.207380261272192,-0.01537036499939859,-0.09195126593112946
2026-04-23 07:43:43.500,3509412.7743605804,779162.6975530287,5250973.792173234,-80215.73180991865,33.4353228035033,0.5788085469976068,1.0101931460667402,1.1619137320667505
2026-04-23 07:43:43.600,3509413.493329962,779162.3487342375,5250973.778889013,-80220.26117734268,39.389873996303876,7.1896938141435385,-3.48818791215308,-0.13284220360219479
2026-04-23 07:43:43.700,3509413.4284399566,779162.4001327637,5250973.837256036,-80225.2308127396,38.96383416398208,-0.6489000516012311,0.5139852617867291,0.5836702231317759
2026-04-23 07:43:43.800,3509412.817133748,779162.6952273924,5250973.874121394,-80230.59512192967,32.80661905257876,-6.113062086515129,2.9509462870191783,0.36865358240902424
2026-04-23 07:43:43.900,3509412.7898723334,779162.6993830425,5250973.919010942,-80235.551049497,32.80475044924222,-0.2726141456514597,0.04155650152824819,0.4488954786211252
2026-04-23 07:43:44.000,3509413.393488157,779162.2586819408,5250973.80238763,-80240.16253620495,38.89028325153622,6.036158236674964,-4.40701101673767,-1.1662331223487854
2026-04-23 07:43:44.100,3509412.449431798,779162.7122970223,5250973.784583559,-80245.74799067105,33.37811293717683,-9.440563591197133,4.536150814965367,-0.17804070375859737
2026-04-23 07:43:44.200,3509412.3659628867,779162.7475903315,5250973.88750407,-80250.69222528771,33.19953724551397,-0.834689112380147,0.35293309134431183,1.0292051080614328
2026-04-23 07:43:44.300,3509412.3609009767,779162.78326005,5250973.867453458,-80255.67158217267,33.27842442837193,-0.05061910022050142,0.3566971851978451,-0.20050612278282642
2026-04-23 07:43:44.400,3509412.355276749,779162.8351618005,5250973.889625864,-80260.62663596561,33.56912403767846,-0.056242276914417744,0.5190175049938262,0.22172406315803528
2026-04-23 07:43:44.500,3509412.251447625,779162.8783154252,5250973.926669833,-80265.58274058602,33.955843188026364,-1.0382912401109934,0.43153624748811126,0.3704396914690733
2026-04-23 07:43:44.600,3509413.417669395,779162.1604386437,5250973.758670887,-80269.83799315974,39.272504102347746,11.662217699922621,-7.178767815930769,-1.6799894627183676
2026-04-23 07:43:44.700,3509413.4116545273,779162.0889557999,5250973.660343865,-80274.86134506624,39.47600472181843,-0.06014867685735226,-0.7148284371942282,-0.9832702204585075
2026-04-23 07:43:44.800,3509413.448877709,779162.1558183141,5250973.743949135,-80279.73638874118,39.32321277653674,0.37223181687295437,0.6686251412611455,0.8360526990145445
2026-04-23 07:43:44.900,3509413.7198975426,779162.4412821084,5250974.34411939,-80284.24039202888,39.183104618436715,2.7101983362808824,2.854637943673879,6.001702547073364
2026-04-23 07:43:45.000,3509413.666245699,779162.4054745305,5250974.308431214,-80289.23811182877,39.41023654029449,-0.5365184368565679,-0.3580757789313793,-0.35688175819814205
2026-04-23 07:43:45.100,3509413.5892473743,779162.3355851587,5250974.09530123,-80294.3208797637,40.04510336801637,-0.7699832459911704,-0.6988937186542898,-2.1312998328357935
2026-04-23 07:43:45.200,3509413.6480701067,779162.319073944,5250974.117482617,-80299.21639961867,39.65870774986353,0.5882273241877556,-0.1651121466420591,0.2218138612806797
2026-04-23 07:43:45.300,3509413.7709334646,779162.3744499625,5250974.178731772,-80304.0680302893,39.53238298062324,1.2286335788667202,0.5537601851392537,0.6124915555119514
2026-04-23 07:43:45.400,3509413.7770435666,779162.4346026218,5250974.303820005,-80308.96015650652,39.12290726456737,0.06110101938247681,0.6015265930909663,1.250882325693965
2026-04-23 07:43:45.500,3509413.799119802,779162.5077978563,5250974.279447276,-80313.92599990909,38.902293410181166,0.22076235618442297,0.731952345231548,-0.24372728541493416
2026-04-23 07:43:45.600,3509413.739108122,779162.4779154318,5250974.1966984,-80318.94573645337,39.31271538444222,-0.600116802379489,-0.29882424511015415,-0.8274887595325708
2026-04-23 07:43:45.700,3509413.6457288046,779162.3891621727,5250974.163266643,-80323.95742839856,39.41538345037505,-0.9337931731715798,-0.8875325915869325,-0.33431757241487503
2026-04-23 07:43:45.800,3509413.727539954,779162.4155821404,5250974.167784689,-80328.87239550878,39.28351525013088,0.8181114913895726,0.26419967762194574,0.045180460438132286
2026-04-23 07:43:45.900,3509413.5549763623,779162.4055190065,5250973.930338078,-80334.02827558214,39.61529889824356,-1.7256359150633216,-0.10063133900985122,-2.374466108158231
2026-04-23 07:43:46.000,3509413.4903290537,779162.3975360919,5250973.853576525,-80339.05827724907,39.51226564737876,-0.6464730855077505,-0.0798291468527168,-0.7676155306398869
2026-04-23 07:43:46.100,3509413.5879072994,779162.3679228598,5250973.744816863,-80344.00412896699,39.05214710748032,0.9757824568077922,-0.2961323200725019,-1.087596621364355
2026-04-23 07:43:46.200,3509413.657024695,779162.4694824335,5250973.909575448,-80348.84172715692,38.64350737428303,0.6911739567294717,1.0155957366805524,1.647585853934288
2026-04-23 07:43:46.300,3509413.5437262324,779162.4845166329,5250973.925520028,-80353.85549946394,38.92835593050282,-1.1329846270382404,0.15034199343062937,0.15944579616189003
2026-04-23 07:43:46.400,3509413.508761012,779162.4868964774,5250973.998398543,-80358.78978155066,39.134888844059546,-0.34965220373123884,0.023798445472493768,0.728785153478384
2026-04-23 07:43:46.500,3509413.5349413916,779162.5187102689,5250974.097627254,-80363.67811363576,39.633125435859725,0.26180379558354616,0.3181379148736596,0.9922871086746454
2026-04-23 07:43:46.600,3509413.494429539,779162.4748114668,5250973.900687244,-80368.73014058301,39.45478222516422,-0.40511852595955133,-0.4389880213420838,-1.9694001041352749
2026-04-23 07:43:46.700,3509413.490469414,779162.4518325836,5250973.876110728,-80373.68868033348,39.963492844670355,-0.03960125148296356,-0.2297888312023133,-0.24576515890657902
2026-04-23 07:43:46.800,3509413.3938520146,779162.3737901602,5250973.794350419,-80378.73059597633,40.38923909540985,-0.9661739924922585,-0.7804242346901447,-0.8176030870527029
2026-04-23 07:43:46.900,3509413.5459455103,779162.4680805375,5250973.970900276,-80383.50361212573,40.10529710724913,1.5209349570795894,0.942903773393482,1.7654985655099154
2026-04-23 07:43:47.000,3509413.5564028854,779162.5603896445,5250973.989809716,-80388.4242251009,40.11333489202546,0.10457375086843967,0.9230910695623606,0.18909440375864506
2026-04-23 07:43:47.100,3509413.5435602483,779162.4690909118,5250973.872274287,-80393.45001867188,40.748789474530994,-0.1284263702109456,-0.9129873267374933,-1.175354290753603
2026-04-23 07:43:47.200,3509413.4745186227,779162.4273924606,5250973.864174203,-80398.41900782993,40.482722693638934,-0.6904162559658289,-0.41698451153934,-0.08100084029138088
2026-04-23 07:43:47.300,3509413.4842825644,779162.3370470335,5250973.68451724,-80403.45895600357,40.55838517868645,0.09763941634446383,-0.9034542716108263,-1.7965696286410093
2026-04-23 07:43:47.400,3509413.6223346987,779162.3422734665,5250973.680839275,-80408.35888905964,40.48116779837196,1.3805213430896401,0.05226433044299483,-0.036779651418328285
2026-04-23 07:43:47.500,3509413.5636815666,779162.2910690497,5250973.556026421,-80413.39800099298,40.775256551909294,-0.5865313205868006,-0.5120441678445786,-1.2481285445392132
2026-04-23 07:43:47.600,3509413.4915372594,779162.223040016,5250973.438321293,-80418.4398240486,40.86033597786242,-0.7214430719614029,-0.6802903371863067,-1.1770512722432613
2026-04-23 07:43:47.700,3509413.593612283,779162.3306926409,5250973.560911001,-80423.25844187343,40.89965159915647,1.0207502357661724,1.0765262483619153,1.2258970737457275
2026-04-23 07:43:47.800,3509413.6535315276,779162.2681123256,5250973.550214387,-80428.1765375891,40.98028707897991,0.5991924460977316,-0.6258031527977437,-0.10696614161133766
2026-04-23 07:43:47.900,3509413.6289689178,779162.2514726832,5250973.555648544,-80433.13141744357,41.08885794568765,-0.2456260984763503,-0.16639642417430878,0.054341573268175125
2026-04-23 07:43:48.000,3509413.4787253793,779162.2703952569,5250973.756997274,-80438.05363325622,41.37603333882306,-1.5024353843182325,0.18922573770396411,2.0134873036295176
2026-04-23 07:43:48.100,3509413.27783933,779162.1683527149,5250973.610952222,-80443.1872504575,41.16707270389885,-2.008860493078828,-1.0204254207201302,-1.4604505244642496
2026-04-23 07:43:48.200,3509413.280106861,779162.1664454676,5250973.752368924,-80448.0619228851,40.53603755207463,0.02267531119287014,-0.019072472350671887,1.4141670241951942
2026-04-23 07:43:48.300,3509413.2496133707,779162.186591796,5250973.7601773925,-80452.99144479235,40.805535777197655,-0.30493490397930145,0.2014632837381214,0.0780846830457449
2026-04-23 07:43:48.400,3509413.3589493823,779162.2313016928,5250973.912107402,-80457.78228986224,40.946335133330315,1.0933601157739758,0.4470989678520709,1.5193000994622707
2026-04-23 07:43:48.500,3509413.3548372565,779162.2942011867,5250974.040104739,-80462.65221347607,40.94213801817609,-0.04112125840038061,0.62899493961595,1.2799733690917492
2026-04-23 07:43:48.600,3509413.450606541,779162.3418101845,5250974.186732784,-80467.45721131709,40.80404935905049,0.9576928429305553,0.4760899778921157,1.4662804454565048
2026-04-23 07:43:48.700,3509413.5820397646,779162.3016366353,5250974.249722198,-80472.30578063017,40.78521327799662,1.3143322383984923,-0.40173549205064774,0.6298941373825073
2026-04-23 07:43:48.800,3509413.527327501,779162.2814656323,5250974.16166479,-80477.28683441933,40.72334089540125,-0.5471226340159774,-0.20171003066934645,-0.8805740810930729
2026-04-23 07:43:48.900,3509413.387904833,779162.300679744,5250974.073593598,-80482.35136939888,40.65288817055823,-1.3942266814410686,0.1921411172952503,-0.880711916834116
2026-04-23 07:43:49.000,3509413.4533735337,779162.3231638636,5250974.176889934,-80487.18438274486,40.32512425737352,0.6546870060265064,0.22484119632281363,1.0329633578658104
2026-04-23 07:43:49.100,3509413.47237707,779162.3444031042,5250974.12860365,-80492.1246477472,40.67167238434503,0.1900353655219078,0.21239240537397563,-0.48286283388733864
2026-04-23 07:43:49.200,3509413.394955222,779162.3482120291,5250973.944514144,-80497.16379033939,40.90542572052618,-0.774218481965363,0.03808924928307533,-1.8408950604498386
2026-04-23 07:43:49.300,3509413.2506057746,779162.2597697771,5250973.87840531,-80502.1555363802,41.05353813698563,-1.4434944745153189,-0.8844225201755762,-0.661088339984417
2026-04-23 07:43:49.400,3509413.1793905986,779162.2027487048,5250973.838573119,-80507.12681527734,41.38250420240901,-0.7121517602354288,-0.5702107225079089,-0.3983219154179096
2026-04-23 07:43:49.500,3509413.1656574956,779162.1460001573,5250973.878744515,-80512.01202761332,41.47961708875998,-0.13733102940022945,-0.5674854747485369,0.4017139598727226
2026-04-23 07:43:49.600,3509413.637345859,779162.6426367082,5250974.757774337,-80516.21029556441,51.61741465093593,4.716883632354438,4.96636550873518,8.790298225358129
2026-04-23 07:43:49.700,3509413.53021362,779162.5981281282,5250974.673912191,-80521.24288801357,51.83126350093917,-1.0713223880156875,-0.4450858000200242,-0.8386214636266232
2026-04-23 07:43:49.800,3509413.5607383815,779162.6344538456,5250974.61855809,-80526.19584042038,51.54096737431148,0.3052476141601801,0.36325717344880104,-0.5535410065203905
2026-04-23 07:43:49.900,3509413.5712120538,779162.5846989623,5250974.6942340275,-80531.05865441177,52.35225610107029,0.10473672300577164,-0.4975488327909261,0.7567593734711409
2026-04-23 07:43:50.000,3509413.691947237,779162.6142105323,5250974.808292201,-80535.83704309152,52.16421908903373,1.2073518335819244,0.2951156999915838,1.1405817326158285
2026-04-23 07:43:50.100,3509413.678579423,779162.6044020458,5250974.879145268,-80540.70245326818,52.79169439776579,-0.13367814011871815,-0.09808486443944275,0.7085306756198406
2026-04-23 07:43:50.200,3509413.641433456,779162.6335061374,5250974.92239122,-80545.62917166621,52.227748672754615,-0.3714596712961793,0.2910409157630056,0.43245951645076275
2026-04-23 07:43:50.300,3509413.775668478,779162.7044818118,5250974.934746593,-80550.47731368261,52.03924510637578,1.3423502212390304,0.7097567443270236,0.12355373241007328
2026-04-23 07:43:50.400,3509413.8365907026,779162.7954691715,5250975.027711754,-80555.34227258718,51.3609415288605,0.6092222454026341,0.9098735963925719,0.9296516049653292
2026-04-23 07:43:50.500,3509413.786227971,779162.7818570207,5250974.971660214,-80560.31850231247,51.50524535408948,-0.5036273179575801,-0.13612150796689093,-0.5605154018849134
2026-04-23 07:43:50.600,3509413.698549851,779162.8046249578,5250975.036951873,-80565.22174322524,51.7619573257396,-0.8767812000587583,0.22767937160097063,0.6529165990650654
2026-04-23 07:43:50.700,3509413.7018416612,779162.8311103369,5250975.028728047,-80570.1220909119,51.96429232082317,0.032918103970587254,0.2648537908680737,-0.08223826065659523
2026-04-23 07:43:50.800,3509413.752271805,779162.8478361567,5250975.099195873,-80574.96898682918,51.8951572745606,0.504301437176764,0.1672581979073584,0.7046782597899437
2026-04-23 07:43:50.900,3509413.7501337696,779162.8529312592,5250975.138873206,-80579.84153593,52.10637130491126,-0.021380353718996048,0.0509510247502476,0.3967733308672905
2026-04-23 07:43:51.000,3509413.747429652,779162.8479757494,5250975.065960607,-80584.84766615763,52.455662615399945,-0.027041174471378326,-0.04955509793944657,-0.7291259989142418
2026-04-23 07:43:51.100,3509413.7001918694,779162.853032342,5250975.039362745,-80589.80334748855,52.5834407170929,-0.4723778273910284,0.05056592635810375,-0.2659786120057106
2026-04-23 07:43:51.200,3509413.693865809,779162.8674214719,5250975.017157822,-80594.7312023433,52.179625448774495,-0.06326060276478529,0.143891298212111,-0.22204923443496227
2026-04-23 07:43:51.300,3509413.702950773,779162.8759397236,5250975.013557969,-80599.68543815115,52.14971041235077,0.09084963705390692,0.08518251706846058,-0.03599853254854679
2026-04-23 07:43:51.400,3509413.6996165803,779162.8656780694,5250974.956232697,-80604.64677478462,52.748160299732035,-0.03334192559123039,-0.1026165415532887,-0.5732527188956738
2026-04-23 07:43:51.500,3509413.640581865,779162.7782582192,5250974.886758697,-80609.66109659422,53.12398672896318,-0.5903471540659666,-0.8741985016968101,-0.6947399955242872
2026-04-23 07:43:51.600,3509413.6463202713,779162.8100456168,5250974.966329166,-80614.5220692384,53.416975999741666,0.0573840644210577,0.31787397572770715,0.795704685151577
2026-04-23 07:43:51.700,3509413.6861390686,779162.8563900815,5250974.959343971,-80619.41792572208,53.69673941168175,0.3981879726052284,0.46344464644789696,-0.06985194981098175
2026-04-23 07:43:51.800,3509413.7330119135,779162.8660611546,5250974.979439254,-80624.30567160704,53.96292339055991,0.4687284491956234,0.09671073174104095,0.20095283165574074
2026-04-23 07:43:51.900,3509413.6300791833,779162.8164098404,5250974.93013154,-80629.29119079292,54.23472185536421,-1.0293273022398353,-0.49651314271613955,-0.49307714216411114
2026-04-23 07:43:52.000,3509413.6114339144,779162.8256167105,5250974.97652894,-80634.21750661769,53.473613699091395,-0.18645268864929676,0.0920687010511756,0.46397400088608265
2026-04-23 07:43:52.100,3509413.586043182,779162.7877017439,5250975.005821899,-80639.15594619185,53.597949057091085,-0.2539073256775737,-0.3791496658232063,0.2929295878857374
2026-04-23 07:43:52.200,3509413.5150713064,779162.8130464874,5250974.932105763,-80644.1599664002,53.89215502951606,-0.7097187545150518,0.2534474350977689,-0.7371613569557667
2026-04-23 07:43:52.300,3509413.4540231326,779162.7518639722,5250974.884279008,-80649.13376013094,54.67848126461413,-0.6104817381128669,-0.6118251523002982,-0.4782675486057997
2026-04-23 07:43:52.400,3509413.4850624916,779162.7245315643,5250974.971172598,-80653.99273555742,54.95525231179585,0.3103935904800892,-0.27332407888025045,0.868935901671648
2026-04-23 07:43:52.500,3509413.516660909,779162.735392456,5250974.928690254,-80658.91564909821,54.76706536151027,0.31598417554050684,0.10860891663469374,-0.42482344433665276
2026-04-23 07:43:52.600,3509413.5076683243,779162.7493021045,5250974.879106101,-80663.85338030345,55.14952318073257,-0.08992584887892008,0.1390964852180332,-0.4958415310829878
2026-04-23 07:43:52.700,3509413.3889259077,779162.7310003743,5250974.778941543,-80668.89244866306,54.95328277283595,-1.1874241661280394,-0.18301730160601437,-1.001645578071475
2026-04-23 07:43:52.800,3509413.292190503,779162.7183034024,5250974.75162901,-80673.87464106415,55.31253821581897,-0.9673540480434895,-0.1269697188399732,-0.27312532998621464
2026-04-23 07:43:52.900,3509413.318931593,779162.7230402642,5250974.894073612,-80678.68666345933,55.2441024868194,0.2674109023064375,0.04736861796118319,1.4244460221379995
2026-04-23 07:43:53.000,3509413.217756064,779162.7416983173,5250974.865831793,-80683.62223000405,54.95621231898785,-1.0117552895098925,0.18658053129911423,-0.2824181877076626
2026-04-23 07:43:53.100,3509413.2457240275,779162.7359028719,5250974.888125717,-80688.49716873743,55.23135961686834,0.27967963367700577,-0.05795445409603417,0.22293923422694206
2026-04-23 07:43:53.200,3509413.296265437,779162.6857149948,5250974.921610588,-80693.35567956879,55.89636478431969,0.50541409291327,-0.5018787714652717,0.334848714992404
2026-04-23 07:43:53.300,3509413.3420131574,779162.7024074725,5250974.939374399,-80698.24868948467,55.347861848948476,0.457477206364274,0.16692477744072676,0.1776381116360426
2026-04-23 07:43:53.400,3509413.414985235,779162.7506824302,5250974.94046865,-80703.10138695396,54.84041580817191,0.7297207741066813,0.48274957691319287,0.010942509397864342
2026-04-23 07:43:53.500,3509413.3548708283,779162.7483558264,5250974.873872693,-80708.05962290506,55.175027018231404,-0.6011440651491284,-0.023266038624569774,-0.6659595761448145
2026-04-23 07:43:53.600,3509413.4153313623,779162.7754084985,5250974.91811448,-80712.89790767735,55.300848125967896,0.6046053394675255,0.2705267211422324,0.4424178693443537
2026-04-23 07:43:53.700,3509413.3342329534,779162.7723754809,5250975.0084763,-80717.7873240546,55.41248122418342,-0.8109840890392661,-0.030330176232382655,0.9036182053387165
2026-04-23 07:43:53.800,3509413.312656276,779162.7348586237,5250975.024320134,-80722.67695972291,56.08970167447695,-0.21576677449047565,-0.3751685714814812,0.15843833796679974
2026-04-23 07:43:53.900,3509413.3636545492,779162.7047829172,5250975.087202075,-80727.51977159288,57.14757097025299,0.5099827330559492,-0.3007570654153824,0.6288194097578526
2026-04-23 07:43:54.000,3509413.4434271944,779162.6918227054,5250975.083880636,-80732.41736722944,57.07864034910385,0.7977264514192939,-0.1296021172311157,-0.03321439027786255
2026-04-23 07:43:54.100,3509413.47900114,779162.7122604966,5250975.116355871,-80737.32822961076,56.16025534149688,0.35573945846408606,0.20437791128642857,0.3247523494064808
2026-04-23 07:43:54.200,3509413.482819498,779162.6884542861,5250975.004468985,-80742.29138529513,56.5930963535208,0.03818357829004526,-0.23806210490874946,-1.1188688594847918
2026-04-23 07:43:54.300,3509413.502371126,779162.6948131912,5250974.986359576,-80747.20316440139,56.60676705486682,0.19551627803593874,0.06358905113302171,-0.18109409138560295
2026-04-23 07:43:54.400,3509413.3967697676,779162.690031563,5250974.938147977,-80752.19923540232,56.63240944440087,-1.0560135822743177,-0.047816281439736485,-0.482115987688303
2026-04-23 07:43:54.500,3509413.442657338,779162.6835942152,5250974.993987853,-80757.07099821299,56.307066761655236,0.458875703625381,-0.06437347852624953,0.5583987571299076
2026-04-23 07:43:54.600,3509413.3764956417,779162.6354011238,5250974.984234073,-80762.0040230671,56.53157590953411,-0.6616169633343816,-0.4819309141021222,-0.09753779508173466
2026-04-23 07:43:54.700,3509413.3046105364,779162.637596938,5250974.945045163,-80766.96890892033,56.34646587612981,-0.7188510522246361,0.021958141587674618,-0.3918891027569771
2026-04-23 07:43:54.800,3509413.2636872046,779162.5829265811,5250974.879024568,-80771.92946383433,57.37823594450698,-0.4092333186417818,-0.5467035679612309,-0.6602059490978718
2026-04-23 07:43:54.900,3509413.37694419,779162.6005303359,5250974.924423927,-80776.77524647347,57.0593985476308,1.1325698532164097,0.17603754764422774,0.4539935942739248
2026-04-23 07:43:55.000,3509413.32596914,779162.5882478826,5250974.835239372,-80781.7909922344,56.594414342786294,-0.5097504984587431,-0.12282453360967338,-0.8918455522507429
2026-04-23 07:43:55.100,3509413.3313173745,779162.6425963619,5250974.819101083,-80786.72438634274,56.68172243213081,0.05348234437406063,0.5434847937431186,-0.16138289123773575
2026-04-23 07:43:55.200,3509413.4052387597,779162.6649759641,5250974.796305912,-80791.58088489884,56.81519232305661,0.739213852211833,0.22379602189175785,-0.22795171476900578
2026-04-23 07:43:55.300,3509413.372584964,779162.6491307142,5250974.7497719135,-80796.54251062512,56.86825978061693,-0.32653795555233955,-0.15845249872654676,-0.4653399810194969
2026-04-23 07:43:55.400,3509413.3836920294,779162.6551856385,5250974.789591141,-80801.44159627988,56.60247829009378,0.11107065249234438,0.06054924218915403,0.39819227531552315
2026-04-23 07:43:55.500,3509413.4758343105,779162.6506454857,5250974.859108183,-80806.28612783008,56.54808201206004,0.9214228112250566,-0.045401527313515544,0.6951704155653715
2026-04-23 07:43:55.600,3509413.432093536,779162.6270981902,5250974.837693777,-80811.24118802603,56.724377750694565,-0.43740774504840374,-0.23547295480966568,-0.21414405666291714
2026-04-23 07:43:55.700,3509413.516709395,779162.6485627671,5250974.899393857,-80816.08250412098,56.70356052688392,0.846158592030406,0.21464576828293502,0.6170008052140474
2026-04-23 07:43:55.800,3509413.611519936,779162.6384197606,5250975.046141595,-80820.86392930485,56.6264143997431,0.9481054078787565,-0.10143006453290582,1.4674773719161749
2026-04-23 07:43:55.900,3509413.667539485,779162.6219820958,5250975.0666089,-80825.74201724917,56.41585739795404,0.5601954879239202,-0.16437664860859513,0.20467305555939674
2026-04-23 07:43:56.000,3509413.682998163,779162.6720719637,5250975.124302694,-80830.6383103257,56.26643385898557,0.15458678361028433,0.5008986790198833,0.57693793438375
2026-04-23 07:43:56.100,3509413.693686454,779162.6922831308,5250975.213276154,-80835.4944417648,56.10638039715939,0.10688290931284428,0.2021116716787219,0.8897346071898937
2026-04-23 07:43:56.200,3509413.783261324,779162.6955025896,5250975.251229695,-80840.3677916084,55.58740933902833,0.8957486972212791,0.03219458740204573,0.37953540682792664
2026-04-23 07:43:56.300,3509413.835741742,779162.748646147,5250975.346107115,-80845.18526932101,55.1318172779998,0.5248041823506355,0.531435573939234,0.9487741999328136
2026-04-23 07:43:56.400,3509413.855535767,779162.7568867168,5250975.396506627,-80850.05661588481,54.948746482535874,0.19794024992734194,0.08240569848567247,0.5039951205253601
2026-04-23 07:43:56.500,3509413.8281382197,779162.7544192866,5250975.427015545,-80854.98053598299,55.35484433991779,-0.27397547382861376,-0.024674301967024803,0.3050891775637865
2026-04-23 07:43:56.600,3509413.874449594,779162.7734017536,5250975.417014753,-80859.86915000013,55.34861540438269,0.4631137428805232,0.1898246700875461,-0.10000791400671005
2026-04-23 07:43:56.700,3509413.854028814,779162.7016599944,5250975.301239929,-80864.8973572778,55.651226469321365,-0.20420779939740896,-0.7174175919499248,-1.1577482428401709
2026-04-23 07:43:56.800,3509413.8903981894,779162.7126032598,5250975.3047266165,-80869.79103536512,55.38141493408522,0.3636937541887164,0.10943265398964286,0.03486687317490578
2026-04-23 07:43:56.900,3509413.860331077,779162.7397570792,5250975.235838193,-80874.77643884163,54.93397954079728,-0.30067112296819687,0.2715381933376193,-0.6888842303305864
2026-04-23 07:43:57.000,3509413.8533734204,779162.7468634595,5250975.229224522,-80879.70147096593,55.25202322491941,-0.0695765670388937,0.07106380304321647,-0.06613671779632568
2026-04-23 07:43:57.100,3509413.862349842,779162.6844116559,5250975.176886362,-80884.65296667485,55.916273361852404,0.08976421784609556,-0.6245180359110236,-0.5233815964311361
2026-04-23 07:43:57.200,3509413.8685559896,779162.68244811,5250975.172220099,-80889.57571499272,55.842930067621985,0.06206147372722626,-0.01963545917533338,-0.04666263237595558
2026-04-23 07:43:57.300,3509413.7859241404,779162.6889079558,5250975.105410736,-80894.59630712448,55.84838707010552,-0.8263184921815991,0.06459845812059939,-0.6680936273187399
2026-04-23 07:43:57.400,3509413.8368057483,779162.6897302769,5250975.215620346,-80899.41393136856,55.732172263568025,0.508816079236567,0.00822321162559092,1.102096103131771
2026-04-23 07:43:57.500,3509413.8204889763,779162.7053720407,5250975.223141854,-80904.32544692032,55.520937791297534,-0.1631677197292447,0.1564176380634308,0.07521507330238819
2026-04-23 07:43:57.600,3509413.8454511664,779162.7285071783,5250975.1839338215,-80909.2471168521,55.36203241221744,0.24962190072983503,0.2313513751141727,-0.39208032190799713
2026-04-23 07:43:57.700,3509413.912366169,779162.7762348232,5250975.218776169,-80914.13371673293,55.487161373514965,0.6691500265151262,0.4772764490917325,0.34842347726225853
2026-04-23 07:43:57.800,3509413.9595325864,779162.7819551184,5250975.187995001,-80919.04623984105,55.23534497172211,0.47166417352855206,0.057202952448278666,-0.3078116849064827
2026-04-23 07:43:57.900,3509413.8805264276,779162.7833568595,5250975.104385878,-80924.0519178802,55.503379087654864,-0.7900615874677896,0.014017410576343536,-0.8360912278294563
2026-04-23 07:43:58.000,3509413.815477457,779162.7533917851,5250975.062749675,-80929.01744205739,55.21241515526958,-0.6504897074773908,-0.299650743836537,-0.4163620341569185
2026-04-23 07:43:58.100,3509413.815837468,779162.7555206409,5250975.064975981,-80933.92163312102,55.496291845619545,0.0036001112312078476,0.021288557909429073,0.0222630612552166
2026-04-23 07:43:58.200,3509413.8362884168,779162.7488671172,5250975.065541633,-80938.8482886917,55.62278124843485,0.20450948737561703,-0.06653523654676974,0.005656527355313301
2026-04-23 07:43:58.300,3509413.8780449717,779162.7754355263,5250975.063815162,-80943.74378418068,55.48221080376254,0.417565549723804,0.2656840905547142,-0.01726471818983555
2026-04-23 07:43:58.400,3509413.9440489425,779162.7636732139,5250975.109054772,-80948.5897232078,55.49659458535413,0.6600397080183029,-0.11762312380596995,0.45239610597491264
2026-04-23 07:43:58.500,3509413.9867626443,779162.7302803558,5250975.169865228,-80953.4698647493,55.45645284105789,0.42713701725006104,-0.3339285810943693,0.6081045605242252
2026-04-23 07:43:58.600,3509413.9575991663,779162.7196290048,5250975.115100415,-80958.41041467802,55.430146997642574,-0.29163477942347527,-0.10651350952684879,-0.5476481281220913
2026-04-23 07:43:58.700,3509413.924049408,779162.7056782553,5250975.052647807,-80963.3448251107,56.00631253495531,-0.3354975813999772,-0.13950749533250928,-0.6245260871946812
2026-04-23 07:43:58.800,3509413.9462802312,779162.6452527374,5250974.99751789,-80968.27576246574,56.1584479900423,0.22230823058634996,-0.6042551784776151,-0.5512991640716791
2026-04-23 07:43:58.900,3509413.9590114425,779162.6834232836,5250974.96208515,-80973.17947306222,56.69251218465407,0.12731211259961128,0.38170546176843345,-0.3543274011462927
2026-04-23 07:43:59.000,3509413.931173475,779162.718718769,5250974.961136623,-80978.1172402643,57.18118794844784,-0.278379675000906,0.35295485402457416,-0.009485268965363503
2026-04-23 07:43:59.100,3509413.922420328,779162.7559608879,5250974.964223746,-80983.04776982506,57.407743217686246,-0.08753146976232529,0.372421188512817,0.030871229246258736
2026-04-23 07:43:59.200,3509413.9976327885,779162.726380233,5250975.018135257,-80987.8823635797,57.11928737115235,0.7521246047690511,-0.2958065492566675,0.5391151085495949
2026-04-23 07:43:59.300,3509413.991422518,779162.6245891813,5250975.038070066,-80992.80640780032,57.05971124432167,-0.062102703377604485,-1.017910516820848,0.1993480883538723
2026-04-23 07:43:59.400,3509413.915420838,779162.6659470118,5250975.0461776145,-80997.7349024264,56.94889564946425,-0.7600167999044061,0.41357830516062677,0.08107548579573631
2026-04-23 07:43:59.500,3509413.82150671,779162.6780845147,5250975.058282458,-81002.67616935115,57.0997749396042,-0.9391412837430835,0.12137502897530794,0.12104843743145466
2026-04-23 07:43:59.600,3509413.8156326287,779162.7120620477,5250975.03381919,-81007.61331780504,57.49278316783395,-0.05874081049114466,0.3397753299213946,-0.24463267996907234
2026-04-23 07:43:59.700,3509413.889362934,779162.6898772096,5250975.06663282,-81012.4875793315,57.42480789423014,0.7373030530288815,-0.22184838075190783,0.3281363006681204
2026-04-23 07:43:59.800,3509413.831993658,779162.7168383176,5250975.125373903,-81017.39007415294,57.78304133228685,-0.5736927594989538,0.269611079711467,0.5874108243733644
2026-04-23 07:43:59.900,3509413.834205762,779162.742197086,5250975.166972896,-81022.29030163829,58.0091380057343,0.02212103921920061,0.25358768412843347,0.41598993353545666
2026-04-23 07:44:00.000,3509413.799684847,779162.7480264746,5250975.14189118,-81027.24681424352,58.06758260841086,-0.3452091524377465,0.05829388624988496,-0.2508171647787094
2026-04-23 07:44:00.100,3509413.74478123,779162.7569011865,5250975.192900793,-81032.15082240105,58.13393639224045,-0.5490361666306853,0.08874711929820478,0.5100961308926344
2026-04-23 07:44:00.200,3509413.7780719264,779162.7424639042,5250975.2188802315,-81037.0525449805,58.72492135533029,0.3329069633036852,-0.1443728234153241,0.2597943879663944
2026-04-23 07:44:00.300,3509413.7887722733,779162.7731170884,5250975.289693236,-81041.88294457176,58.875493261112865,0.10700346902012825,0.3065318416338414,0.7081300485879183
2026-04-23 07:44:00.400,3509413.7674384387,779162.7603077973,5250975.291654031,-81046.80676931678,58.82795041003427,-0.21333834622055292,-0.12809291016310453,0.019607944414019585
2026-04-23 07:44:00.500,3509413.734577574,779162.8371186187,5250975.285754969,-81051.74611646215,58.349831514413594,-0.32860864885151386,0.7681082130875438,-0.058990614488720894
2026-04-23 07:44:00.600,3509413.7943364885,779162.8012513024,5250975.320514173,-81056.60888351731,59.15110430893697,0.5975891463458538,-0.358673162991181,0.34759203903377056
2026-04-23 07:44:00.700,3509413.668489994,779162.8144284815,5250975.2494085645,-81061.6157215223,60.04391062677247,-1.258464944548905,0.13177179149352014,-0.7110560871660709
2026-04-23 07:44:00.800,3509413.676451423,779162.8570506679,5250975.293105305,-81066.52800838838,59.57799214293704,0.07961429189890623,0.4262218635994941,0.4369674064218998
2026-04-23 07:44:00.900,3509413.7014722507,779162.8410546086,5250975.348035197,-81071.42432948196,59.73977607610128,0.25020827539265156,-0.15996059286408126,0.5492989160120487
2026-04-23 07:44:01.000,3509413.652277039,779162.8674272214,5250975.322229835,-81076.36224656412,60.41212644527395,-0.49195211846381426,0.263726128032431,-0.25805361568927765
2026-04-23 07:44:01.100,3509413.580914171,779162.8240929677,5250975.304791573,-81081.33523291316,60.92018700148406,-0.7136286795139313,-0.433342537144199,-0.1743826176971197
2026-04-23 07:44:01.200,3509413.622124892,779162.8336711323,5250975.299824513,-81086.23891676722,60.792549253084076,0.41210721246898174,0.09578164666891098,-0.04967060871422291
2026-04-23 07:44:01.300,3509413.62805591,779162.8152710048,5250975.291715329,-81091.13123779744,61.03843650511311,0.0593101792037487,-0.18400127533823252,-0.08109183982014656
2026-04-23 07:44:01.400,3509413.5649920115,779162.8658059087,5250975.23510332,-81096.08872279101,60.862909305736515,-0.6306389858946204,0.5053490388672799,-0.5661200825124979
2026-04-23 07:44:01.500,3509413.5726771713,779162.8133732935,5250975.266226822,-81100.9674785714,61.40547058207758,0.07685159798711538,-0.5243261519353837,0.31123501248657703
2026-04-23 07:44:01.600,3509413.6245596926,779162.8403086287,5250975.355786501,-81105.78866677175,61.20764740541817,0.5188252124935389,0.26935335248708725,0.8955967985093594
2026-04-23 07:44:01.700,3509413.5535117546,779162.9030350742,5250975.320777007,-81110.76010436188,61.17558671937876,-0.7104793796315789,0.6272644549608231,-0.3500949405133724
2026-04-23 07:44:01.800,3509413.477526805,779162.8693194477,5250975.283891556,-81115.70787598345,61.78194447096599,-0.7598494971171021,-0.33715626574121416,-0.36885451525449753
2026-04-23 07:44:01.900,3509413.3773036595,779162.8010094849,5250975.307389584,-81120.67071153934,61.86390293214735,-1.0022314544767141,-0.683099627494812,0.2349802851676941
2026-04-23 07:44:02.000,3509413.3900661003,779162.7975937387,5250975.221566394,-81125.6062490154,62.26245265717683,0.12762440834194422,-0.03415746265091002,-0.8582319039851427
2026-04-23 07:44:02.100,3509413.419333396,779162.8278288158,5250975.244406023,-81130.46592202132,61.787020033063634,0.29267295729368925,0.3023507713805884,0.22839629091322422
2026-04-23 07:44:02.200,3509413.290224011,779162.8332094689,5250975.204961411,-81135.46476073166,61.57080741619826,-1.2910938495770097,0.05380653077736497,-0.39444612339138985
2026-04-23 07:44:02.300,3509413.2931165863,779162.8637909429,5250975.267778462,-81140.35159679518,61.06443468673155,0.028925752267241478,0.30581474071368575,0.6281705107539892
2026-04-23 07:44:02.400,3509413.254592606,779162.8411621946,5250975.159366264,-81145.32623763857,61.84752022025515,-0.3852398041635752,-0.22628748323768377,-1.0841219779103994
2026-04-23 07:44:02.500,3509413.3210097156,779162.8299934334,5250975.153954937,-81150.21023518954,62.14225377890089,0.664171096868813,-0.11168761178851128,-0.05411326885223389
2026-04-23 07:44:02.600,3509413.3120907266,779162.8482820925,5250975.208623591,-81155.11511676009,61.24970735652377,-0.08918988984078169,0.1828865904826671,0.5466865375638008
2026-04-23 07:44:02.700,3509413.23726905,779162.8463445558,5250975.109933352,-81160.1120221228,61.15077603349205,-0.7482167659327388,-0.01937536639161408,-0.9869023878127337
2026-04-23 07:44:02.800,3509413.1640799274,779162.817508199,5250975.0928119505,-81165.06082467888,61.38338841925512,-0.7318912260234356,-0.28836356825195253,-0.17121401615440845
2026-04-23 07:44:02.900,3509413.2060075724,779162.8808056765,5250975.216561759,-81169.89026851484,60.77900871792632,0.41927644982934,0.6329747743438929,1.2374980840831995
2026-04-23 07:44:03.000,3509413.27331619,779162.855683742,5250975.23969877,-81174.7558729361,60.66515285466877,0.6730861775577068,-0.2512193447910249,0.2313701156526804
2026-04-23 07:44:03.100,3509413.2741379156,779162.8459863618,5250975.205048445,-81179.66564190929,60.37099910566051,0.008217254653573036,-0.09697380126453936,-0.34650325775146484
2026-04-23 07:44:03.200,3509413.213300095,779162.8005591083,5250975.155123264,-81184.65712693377,61.01088358970376,-0.6083782063797116,-0.45427253586240113,-0.49925181083381176
2026-04-23 07:44:03.300,3509413.207383714,779162.7793217622,5250975.184065509,-81189.5284538449,61.724166057552274,-0.05916380789130926,-0.21237346110865474,0.28942245058715343
2026-04-23 07:44:03.400,3509413.222402003,779162.8155025413,5250975.198992469,-81194.44513949484,61.257593680589316,0.15018288977444172,0.3618077910505235,0.14926960691809654
2026-04-23 07:44:03.500,3509413.2580971173,779162.8292724786,5250975.244311991,-81199.35629271591,61.124918215860085,0.3569511417299509,0.13769937329925597,0.4531952179968357
2026-04-23 07:44:03.600,3509413.223697187,779162.8442748096,5250975.259718406,-81204.26238462252,61.11767528755946,-0.34399930387735367,0.1500233099795878,0.1540641486644745
2026-04-23 07:44:03.700,3509413.250954365,779162.8871954742,5250975.2906390475,-81209.12915547575,60.77702412519288,0.27257177978754044,0.42920664651319385,0.30920641496777534
2026-04-23 07:44:03.800,3509413.279444669,779162.8839832008,5250975.284200086,-81214.01490110937,61.18776821684656,0.2849030401557684,-0.032122734701260924,-0.06438961252570152
2026-04-23 07:44:03.900,3509413.2522042706,779162.8882154756,5250975.295875767,-81218.95649782284,60.46834823612745,-0.27240398339927197,0.042322748340666294,0.11675680987536907
2026-04-23 07:44:04.000,3509413.2918465296,779162.8945781641,5250975.32404261,-81223.83884397829,59.80177702104532,0.39642259012907743,0.06362688494846225,0.2816684264689684
2026-04-23 07:44:04.100,3509413.2876932397,779162.9143504289,5250975.311652163,-81228.74930540417,60.14194576139698,-0.04153289832174778,0.19772264757193625,-0.12390446849167347
2026-04-23 07:44:04.200,3509413.2838231875,779162.9039018208,5250975.259841833,-81233.68718698912,60.06130096614062,-0.0387005228549242,-0.10448608081787825,-0.5181032977998257
2026-04-23 07:44:04.300,3509413.283488347,779162.9208139491,5250975.206306563,-81238.64806871265,59.774633393706246,-0.003348402678966522,0.16912128310650587,-0.5353527050465345
2026-04-23 07:44:04.400,3509413.301027131,779162.937435922,5250975.242075947,-81243.50367233942,59.83789791261682,0.17538783606141806,0.16621972899883986,0.3576938435435295
2026-04-23 07:44:04.500,3509413.2601361307,779162.9421653308,5250975.167982008,-81248.4657640588,60.236150660339284,-0.4089100006967783,0.04729408770799637,-0.7409393880516291
2026-04-23 07:44:04.600,3509413.256412021,779162.9523740633,5250975.107541928,-81253.40491705644,59.83818261985094,-0.03724109847098589,0.10208732564933598,-0.6044008024036884
2026-04-23 07:44:04.700,3509413.2194307,779162.961635885,5250975.032508622,-81258.35166245574,59.448538178155005,-0.36981320939958096,0.09261821629479527,-0.7503330614417791
2026-04-23 07:44:04.800,3509413.3388760006,779162.9412464239,5250975.091311542,-81263.14839808889,59.44789562209226,1.1944530066102743,-0.20389461074955761,0.5880292039364576
2026-04-23 07:44:04.900,3509413.4123068787,779162.9879929563,5250975.160292958,-81267.96070881702,59.14707667100565,0.7343087811022997,0.46746532432734966,0.68981415592134
2026-04-23 07:44:05.000,3509413.4167864234,779163.0178541315,5250975.200946841,-81272.83442045574,59.24152351913756,0.044795447029173374,0.29861175222322345,0.4065388347953558
2026-04-23 07:44:05.100,3509413.407656263,779163.0460791872,5250975.2799629,-81277.70243175978,58.94967851724853,-0.09130160324275494,0.2822505566291511,0.7901605870574713
2026-04-23 07:44:05.200,3509413.484906135,779163.0361541207,5250975.447792169,-81282.51313065948,58.56862228495169,0.7724987203255296,-0.09925066493451595,1.6782926861196756
2026-04-23 07:44:05.300,3509413.535536203,779163.0868145911,5250975.471328158,-81287.33854931188,58.333989162781755,0.5063006794080138,0.506604703841731,0.23535989224910736
2026-04-23 07:44:05.400,3509413.496113353,779163.0589073595,5250975.412430992,-81292.30372746199,58.1308673847428,-0.39422850124537945,-0.2790723158977926,-0.5889716558158398
2026-04-23 07:44:05.500,3509413.487415079,779163.0668687177,5250975.431722585,-81297.19935263008,57.74361925869973,-0.08698273915797472,0.07961358176544309,0.192915927618742
2026-04-23 07:44:05.600,3509413.460470195,779163.1452888829,5250975.386365876,-81302.1238960834,57.69843095035843,-0.2694488409906626,0.784201652277261,-0.45356709510087967
2026-04-23 07:44:05.700,3509413.5290949172,779163.0995749114,5250975.3166559795,-81307.0550394607,58.268237639012995,0.6862472230568528,-0.4571397148538381,-0.6970989610999823
2026-04-23 07:44:05.800,3509413.5061300504,779163.0671779453,5250975.259593426,-81312.0018685007,57.99963721653494,-0.2296486683189869,-0.32396966125816107,-0.5706255324184895
2026-04-23 07:44:05.900,3509413.5024498403,779163.0631125127,5250975.27161234,-81316.87317759581,57.897712318263395,-0.03680210094898939,-0.04065432585775852,0.1201891340315342
2026-04-23 07:44:06.000,3509413.474555634,779163.0620037175,5250975.259191026,-81321.77488585,58.004325266178235,-0.2789420634508133,-0.011087951716035604,-0.12421313673257828
2026-04-23 07:44:06.100,3509413.5002289135,779163.0862046405,5250975.2901885,-81326.63967468507,57.893682428709134,0.2567327953875065,0.24200922925956547,0.3099747374653816
2026-04-23 07:44:06.200,3509413.486251904,779163.0657361206,5250975.358842692,-81331.53912804113,57.91442343900364,-0.1397700933739543,-0.2046851988416165,0.6865419261157513
2026-04-23 07:44:06.300,3509413.4663539524,779163.0258848143,5250975.27517376,-81336.50889567462,58.04706014641754,-0.19897951744496822,-0.39851306239143014,-0.8366893231868744
2026-04-23 07:44:06.400,3509413.5246572215,779163.0161357302,5250975.2645002995,-81341.384752763,58.56011639183455,0.5830326909199357,-0.0974908412899822,-0.10673460550606251
2026-04-23 07:44:06.500,3509413.576131594,779163.0679178132,5250975.3319806205,-81346.23646295763,58.84789556076597,0.5147437239065766,0.5178208299912512,0.6748032104223967
2026-04-23 07:44:06.600,3509413.5828064294,779163.0736136592,5250975.341384191,-81351.10911353801,58.92822498521795,0.06674835458397865,0.05695846048183739,0.09403570555150509
2026-04-23 07:44:06.700,3509413.5701170554,779163.1115967853,5250975.391155511,-81356.00917752026,58.259189222283936,-0.12689373921602964,0.37983126007020473,0.49771320074796677
2026-04-23 07:44:06.800,3509413.5429734685,779163.1254759601,5250975.355827906,-81360.96945501257,58.835205749847965,-0.2714358689263463,0.13879174832254648,-0.35327604971826077
2026-04-23 07:44:06.900,3509413.499878634,779163.0917350387,5250975.297013141,-81365.91902013497,58.871920009918256,-0.4309483477845788,-0.33740921411663294,-0.5881476495414972
2026-04-23 07:44:07.000,3509413.5734320614,779163.133116578,5250975.332414557,-81370.77322678494,57.96841913094924,0.7355342758819461,0.41381539311259985,0.3540141601115465
2026-04-23 07:44:07.100,3509413.7196448473,779163.103929334,5250975.39811855,-81375.57863303056,57.77754618277726,1.4621278597041965,-0.29187244013883173,0.6570399273186922
2026-04-23 07:44:07.200,3509413.699746236,779163.1182408163,5250975.445863992,-81380.48663936763,57.63293248069076,-0.1989861112087965,0.14311482314951718,0.47745442017912865
2026-04-23 07:44:07.300,3509413.733457837,779163.096134955,5250975.431032174,-81385.37911946715,57.50110357922782,0.33711600583046675,-0.2210586133878678,-0.14831817708909512
2026-04-23 07:44:07.400,3509413.700763472,779163.1553328417,5250975.424028038,-81390.2755724422,57.830075591300854,-0.3269436489790678,0.5919788673054427,-0.07004136219620705
2026-04-23 07:44:07.500,3509413.7397093866,779163.1491856537,5250975.488441374,-81395.11220269997,57.78267422369011,0.389459147118032,-0.06147188018076122,0.644133361056447
2026-04-23 07:44:07.600,3509413.818013704,779163.1166984861,5250975.483704627,-81399.95956670854,58.40108641875115,0.7830431731417775,-0.3248716751113534,-0.04736747592687607
2026-04-23 07:44:07.700,3509413.8417873387,779163.1255469526,5250975.532914213,-81404.78779427515,58.31416694585373,0.23773634806275368,0.08848466444760561,0.4920958634465933
2026-04-23 07:44:07.800,3509413.810747034,779163.1232444075,5250975.536691907,-81409.67090396036,58.27915201404836,-0.3104030480608344,-0.023025451228022575,0.03777693957090378
2026-04-23 07:44:07.900,3509413.828239062,779163.1229524156,5250975.560370158,-81414.56885574853,58.07860579287964,0.17492027953267097,-0.0029199186246842146,0.23678251542150974
2026-04-23 07:44:08.000,3509413.7955206134,779163.1221530642,5250975.490436669,-81419.51936845756,57.98375794405694,-0.3271844843402505,-0.007993513718247414,-0.6993348896503448
2026-04-23 07:44:08.100,3509413.805637009,779163.1038827735,5250975.419982463,-81424.41386925014,58.46254252787598,0.1011639554053545,-0.1827029068954289,-0.7045420631766319
2026-04-23 07:44:08.200,3509413.805950991,779163.0973004096,5250975.354082385,-81429.35852818744,58.01173282827863,0.0031398190185427666,-0.06582363974303007,-0.6590007804334164
2026-04-23 07:44:08.300,3509413.7906787125,779163.1085899699,5250975.3919155095,-81434.27249010923,57.477461618148716,-0.1527227833867073,0.112895603524521,0.3783312439918518
2026-04-23 07:44:08.400,3509413.777317107,779163.1240797027,5250975.404981817,-81439.17190077483,57.76949213412061,-0.1336160534992814,0.15489732730202377,0.130663076415658
2026-04-23 07:44:08.500,3509413.847265505,779163.0598595086,5250975.430432079,-81444.01020242817,57.78136818001391,0.6994839804247022,-0.6422019400633872,0.254502622410655
2026-04-23 07:44:08.600,3509413.861149662,779163.0700852285,5250975.491787628,-81448.87125804785,57.46666033927401,0.13884156942367554,0.10225719888694584,0.6135554891079664
2026-04-23 07:44:08.700,3509413.836269048,779163.0627800935,5250975.415900823,-81453.80364931283,57.68401099340757,-0.24880614131689072,-0.07305135019123554,-0.7588680554181337
2026-04-23 07:44:08.800,3509413.882421739,779163.0441386703,5250975.410981096,-81458.68611448632,58.127941199654956,0.4615269089117646,-0.18641423201188445,-0.04919726401567459
2026-04-23 07:44:08.900,3509413.855208675,779163.0364284434,5250975.3947465625,-81463.62545606152,57.22830516064116,-0.2721306402236223,-0.07710226927883923,-0.16234533861279488
2026-04-23 07:44:09.000,3509413.8923447323,779163.0436039799,5250975.363914855,-81468.55084521083,57.23662615674787,0.37136057391762733,0.07175536477006972,-0.30831707641482353
2026-04-23 07:44:09.100,3509413.8534407783,779163.0781254796,5250975.41335396,-81473.40968248843,56.99564474661508,-0.389039539732039,0.34521499765105546,0.49439105205237865
2026-04-23 07:44:09.200,3509413.8424638547,779163.0595262701,5250975.362575581,-81478.31587537203,57.03204277984947,-0.10976923629641533,-0.18599209492094815,-0.5077837873250246
2026-04-23 07:44:09.300,3509413.879639166,779163.0357459291,5250975.307958669,-81483.21350880941,56.960731371197646,0.37175311241298914,-0.2378034102730453,-0.5461691226810217
2026-04-23 07:44:09.400,3509413.8463371587,779163.0117965594,5250975.334573468,-81488.08292616504,57.056667077158394,-0.33302007243037224,-0.2394936967175454,0.2661479916423559
2026-04-23 07:44:09.500,3509413.8106356896,779162.9734383536,5250975.331543303,-81493.02531295054,56.991456200389976,-0.3570146905258298,-0.38358205812983215,-0.0303016509860754
2026-04-23 07:44:09.600,3509413.784448851,779162.9464791678,5250975.308380435,-81497.93910263432,56.75181425678389,-0.2618683874607086,-0.2695918583776802,-0.2316286787390709
2026-04-23 07:44:09.700,3509413.7853542576,779162.9289250617,5250975.298431611,-81502.80644933027,57.119416291225875,0.009054066613316536,-0.17554106074385345,-0.09948824532330036
2026-04-23 07:44:09.800,3509413.8790811556,779162.9465306759,5250975.387518432,-81507.62288850456,57.11147893743556,0.9372689807787538,0.17605614149942994,0.8908682130277157
2026-04-23 07:44:09.900,3509413.9359586085,779162.9680156047,5250975.446861209,-81512.458998121,57.67288859024906,0.5687745288014412,0.2148492878768593,0.5934277735650539
2026-04-23 07:44:10.000,3509413.9747989266,779162.9753735069,5250975.4603654975,-81517.31739560443,57.54560026758063,0.38840318098664284,0.07357902242802083,0.13504288159310818
2026-04-23 07:44:10.100,3509414.030559012,779162.9563962735,5250975.456963227,-81522.1494007316,58.25996642629161,0.5576008558273315,-0.1897723344154656,-0.034022703766822815
2026-04-23 07:44:10.200,3509414.02561995,779162.9657410111,5250975.453074207,-81527.05382010745,57.84996349270076,-0.049390620552003384,0.09344737627543509,-0.038890205323696136
2026-04-23 07:44:10.300,3509414.058979422,779162.9737186013,5250975.510981337,-81531.8639674467,57.596949281847046,0.3335947170853615,0.07977590197697282,0.5790713056921959
2026-04-23 07:44:10.400,3509414.1224198975,779162.9391852574,5250975.535935034,-81536.68686643282,57.63333612928052,0.634404756128788,-0.3453334385994822,0.24953696876764297
2026-04-23 07:44:10.500,3509414.1125035556,779162.9370744821,5250975.538441963,-81541.57803274503,57.79598783869315,-0.09916341863572598,-0.02110775327309966,0.025069285184144974
2026-04-23 07:44:10.600,3509414.088238958,779162.9752579536,5250975.509430506,-81546.48083753492,58.11820889336238,-0.24264597799628973,0.38183471537195146,-0.2901145629584789
2026-04-23 07:44:10.700,3509414.0247161314,779162.9557574154,5250975.413806455,-81551.43982440238,57.49886599848383,-0.6352282641455531,-0.19500538241118193,-0.9562405105680227
2026-04-23 07:44:10.800,3509414.0870547644,779162.9100646618,5250975.426103894,-81556.28076455655,57.58933099781491,0.6233863299712539,-0.4569275362882763,0.12297438457608223
2026-04-23 07:44:10.900,3509414.111607404,779162.9275499075,5250975.491218365,-81561.11372328598,57.8391776962559,0.24552639573812485,0.17485245713032782,0.6511447113007307
2026-04-23 07:44:11.000,3509413.9209295176,779162.9302988554,5250975.397497736,-81566.13774525176,57.99175499585065,-1.9067788636311889,0.027489479398354888,-0.9372062887996435
2026-04-23 07:44:11.100,3509413.8022861592,779162.9298585695,5250975.305620767,-81571.14522607019,58.30472394888978,-1.186433583498001,-0.004402858903631568,-0.9187696874141693
2026-04-23 07:44:11.200,3509413.8757333504,779162.9264397381,5250975.318846239,-81575.98457317335,58.01055383280789,0.7344719115644693,-0.034188313875347376,0.1322547160089016
2026-04-23 07:44:11.300,3509413.923357784,779162.9029988344,5250975.3306349525,-81580.81848386105,57.93958528977002,0.47624433413147926,-0.23440903751179576,0.11788713745772839
2026-04-23 07:44:11.400,3509413.9596976773,779162.9876863107,5250975.473344306,-81585.5972706401,57.36406279214808,0.36339893471449614,0.8468747627921402,1.4270935393869877
2026-04-23 07:44:11.500,3509413.862031603,779162.940322675,5250975.389328279,-81590.57333740384,57.52747976537822,-0.9766607405617833,-0.4736363561823964,-0.8401602786034346
2026-04-23 07:44:11.600,3509413.791016563,779162.9735312087,5250975.266078895,-81595.52576421754,58.053001368737974,-0.7101504039019346,0.3320853365585208,-1.2324938364326954
2026-04-23 07:44:11.700,3509413.8332135025,779163.0025515959,5250975.385645872,-81600.32774308948,57.4274591174225,0.4219693969935179,0.2902038721367717,1.1956697702407837
2026-04-23 07:44:11.800,3509413.787598701,779162.9530780885,5250975.3243078925,-81605.2972352483,57.696795671576986,-0.45614801347255707,-0.4947350744623691,-0.6133797951042652
2026-04-23 07:44:11.900,3509413.8049590504,779162.9654921377,5250975.312973189,-81610.18317991433,57.76276294836118,0.1736034918576479,0.12414049240760505,-0.11334703303873539
2026-04-23 07:44:12.000,3509413.831436317,779162.9682192786,5250975.317496493,-81615.06298676302,57.42015532912887,0.2647726656869054,0.027271409053355455,0.045233042910695076
2026-04-23 07:44:12.100,3509413.848468736,779162.960255426,5250975.283962931,-81619.92942012452,57.000244703232156,0.17032418865710497,-0.07963852607645094,-0.33533562906086445
2026-04-23 07:44:12.200,3509413.7956865337,779162.9873887115,5250975.291055319,-81624.84011060647,56.92903027768395,-0.527822021394968,0.2713328553363681,0.07092388346791267
2026-04-23 07:44:12.300,3509413.754616669,779162.9856348723,5250975.266281813,-81629.7532124466,56.66356681186051,-0.4106986476108432,-0.01753839198499918,-0.2477350551635027
2026-04-23 07:44:12.400,3509413.714804631,779162.9549947617,5250975.186489992,-81634.68245391698,56.81409118744681,-0.39812037721276283,-0.30640110606327653,-0.7979182153940201
2026-04-23 07:44:12.500,3509413.7548337895,779162.9505407044,5250975.219386584,-81639.53110824397,56.90980983158204,0.4002915835008025,-0.044540573144331574,0.32896592281758785
2026-04-23 07:44:12.600,3509413.7006478314,779163.0108835744,5250975.22650728,-81644.41165769559,56.25225710526555,-0.5418595811352134,0.603428699541837,0.07120695896446705
2026-04-23 07:44:12.700,3509413.707905999,779163.010213014,5250975.19612997,-81649.2928676471,56.330400280601964,0.07258167490363121,-0.006705604027956724,-0.30377309769392014
2026-04-23 07:44:12.800,3509413.6821905733,779163.0619840755,5250975.185550875,-81654.16190929618,56.06625231421388,-0.257154256105423,0.5177106149494648,-0.10579095222055912
2026-04-23 07:44:12.900,3509413.7038411363,779163.0260625851,5250975.237406313,-81658.99015164518,56.18864375050919,0.2165056299418211,-0.3592149040196091,0.5185543838888407
2026-04-23 07:44:13.000,3509413.67741711,779163.0095676634,5250975.277995443,-81663.84303531273,56.25909494685449,-0.2642402611672878,-0.16494921641424298,0.4058912955224514
2026-04-23 07:44:13.100,3509413.6949723097,779162.9743570754,5250975.32485896,-81668.69297170069,56.12634551131298,0.17555199563503265,-0.3521058801561594,0.4686351679265499
2026-04-23 07:44:13.200,3509413.690687297,779162.9258589029,5250975.335626303,-81673.55522074051,55.92232488174638,-0.0428501283749938,-0.48498172545805573,0.10767343454062939
2026-04-23 07:44:13.300,3509413.640903423,779162.8860689081,5250975.24463002,-81678.49114504653,56.371843162528286,-0.49783873837441206,-0.39789994712918997,-0.9099628310650587
2026-04-23 07:44:13.400,3509413.5416898457,779162.9202113481,5250975.179007322,-81683.42103541171,56.40397668609514,-0.9921357734128833,0.34142439952120185,-0.6562269851565361
2026-04-23 07:44:13.500,3509413.490250614,779162.9386184138,5250975.13615727,-81688.30086136279,56.38296992725375,-0.5143923172727227,0.18407065654173493,-0.4285005200654268
2026-04-23 07:44:13.600,3509413.5498128952,779162.967435739,5250975.249868276,-81693.12924454261,55.807505685169325,0.595622812397778,0.28817325248382986,1.1371100600808859
2026-04-23 07:44:13.700,3509413.4911089665,779163.0033857313,5250975.297029081,-81698.0209358321,55.49321555069804,-0.5870392872020602,0.35949992248788476,0.4716080520302057
2026-04-23 07:44:13.800,3509413.467053622,779162.9530295464,5250975.114793887,-81702.97975694142,55.20936331037069,-0.2405534451827407,-0.5035618483088911,-1.82235193438828
2026-04-23 07:44:13.900,3509413.5405503274,779162.9569978768,5250975.1256640935,-81707.81565509031,55.00313965127213,0.7349670538678765,0.03968330333009362,0.10870206169784069
2026-04-23 07:44:14.000,3509413.4788072035,779163.0186710233,5250975.102555662,-81712.74216205764,54.68415677471061,-0.6174312392249703,0.6167314655613154,-0.2310843113809824
2026-04-23 07:44:14.100,3509413.5000100136,779162.9639700815,5250975.1423693,-81717.59479240868,54.01384185231464,0.21202810108661652,-0.5470094177871943,0.3981363773345947
2026-04-23 07:44:14.200,3509413.468443238,779162.9804751313,5250975.156011804,-81722.47142280173,53.7238055549182,-0.31566775403916836,0.16505049774423242,0.13642503879964352
2026-04-23 07:44:14.300,3509413.4448013315,779162.9865928632,5250975.205100251,-81727.32642354316,54.16620981205169,-0.23641906678676605,0.0611773191485554,0.49088447354733944
2026-04-23 07:44:14.400,3509413.3859611964,779163.015937556,5250975.216324083,-81732.21861952783,53.81921253505322,-0.5884013511240482,0.29344692826271057,0.11223831214010715
2026-04-23 07:44:14.500,3509413.3530663154,779163.020060434,5250975.18778778,-81737.12768353343,53.739131210952024,-0.3289488097652793,0.04122877959161997,-0.2853630296885967
2026-04-23 07:44:14.600,3509413.3466732306,779163.03427599,5250975.1556138955,-81742.02462651594,53.69628391473873,-0.06393084768205881,0.14215555973351002,-0.32173884101212025
2026-04-23 07:44:14.700,3509413.283200599,779163.0697855995,5250975.046412531,-81746.97444054081,53.64354617002136,-0.6347263185307384,0.3550960950087756,-1.092013642191887
2026-04-23 07:44:14.800,3509413.283265564,779163.047973105,5250974.979889264,-81751.89857792524,53.71021339102607,0.0006496533751487732,-0.21812494494952261,-0.6652326695621014
2026-04-23 07:44:14.900,3509413.3281197418,779163.0347382154,5250975.014280102,-81756.71083777671,53.13391275951237,0.4485417762771249,-0.1323488960042596,0.34390837885439396
2026-04-23 07:44:15.000,3509413.354822991,779163.0017066647,5250974.992354369,-81761.55895470393,53.6851219507759,0.2670324919745326,-0.330315507017076,-0.21925733424723148
2026-04-23 07:44:15.100,3509413.4863814786,779163.0509258925,5250975.063480267,-81766.35532414765,53.27639812111783,1.315584876574576,0.49219227861613035,0.7112589851021767
2026-04-23 07:44:15.200,3509413.483558432,779163.0697898671,5250975.038110543,-81771.23771093099,52.88463108162286,-0.028230464085936546,0.1886397460475564,-0.2536972425878048
2026-04-23 07:44:15.300,3509413.4060405204,779163.1024335236,5250974.994462044,-81776.15491872624,52.382152582998785,-0.7751791179180145,0.3264365647919476,-0.4364849906414747
2026-04-23 07:44:15.400,3509413.3453110945,779163.0710951184,5250974.842652226,-81781.16942938048,52.4338072892265,-0.6072942586615682,-0.31338405213318765,-1.5180981811136007
2026-04-23 07:44:15.500,3509413.440571987,779163.049984618,5250974.8531490015,-81786.00174094654,52.16773897199213,0.9526089252904058,-0.21110500441864133,0.1049677561968565
2026-04-23 07:44:15.600,3509413.4415670484,779163.1349560778,5250974.758571689,-81790.91795793649,51.95921652880719,0.009950613602995872,0.8497145981527865,-0.9457731246948242
2026-04-23 07:44:15.700,3509413.5423797434,779163.1162892581,5250974.788279592,-81795.7513510457,51.96929154583412,1.008126949891448,-0.18666819669306278,0.29707903042435646
2026-04-23 07:44:15.800,3509413.6287459475,779163.1342358286,5250974.762476495,-81800.60191177765,51.82463475273793,0.8636620407924056,0.17946570529602468,-0.25803097523748875
2026-04-23 07:44:15.900,3509413.571128358,779163.1434752845,5250974.810943711,-81805.45517863764,51.40743299108402,-0.5761758936569095,0.09239455801434815,0.48467216081917286
2026-04-23 07:44:16.000,3509413.508489606,779163.1236762292,5250974.722438681,-81810.37670529318,52.111633839959346,-0.6263875216245651,-0.19799055298790336,-0.8850502967834473
2026-04-23 07:44:16.100,3509413.4761545905,779163.0929807004,5250974.607863087,-81815.32766235062,52.42718438908441,-0.3233501547947526,-0.30695528723299503,-1.1457559373229742
2026-04-23 07:44:16.200,3509413.6007120237,779163.079476163,5250974.581090106,-81820.15220121376,52.30293711546082,1.2455743318423629,-0.1350453740451485,-0.26772981509566307
2026-04-23 07:44:16.300,3509413.5660853884,779163.124250039,5250974.612481636,-81825.03477497773,52.548149861195064,-0.34626635257154703,0.44773875968530774,0.3139153029769659
2026-04-23 07:44:16.400,3509413.564042188,779163.1072877649,5250974.6204763455,-81829.91190099096,53.09733949182832,-0.020432001911103725,-0.16962274094112217,0.0799470953643322
2026-04-23 07:44:16.500,3509413.5482463213,779163.1105405195,5250974.650280522,-81834.74888884599,52.433284499291275,-0.15795866958796978,0.032527545699849725,0.2980417665094137
2026-04-23 07:44:16.600,3509413.6826400035,779163.1280763171,5250974.7724308595,-81839.45505719539,52.65485489680175,1.3439368223771453,0.17535797669552267,1.221503373235464
2026-04-23 07:44:16.700,3509413.7084182296,779163.0808539604,5250974.788530547,-81844.2851280722,52.69439824604128,0.2577822608873248,-0.47222356777638197,0.16099687665700912
2026-04-23 07:44:16.800,3509413.7543007815,779163.0351081106,5250974.777792279,-81849.14507210205,52.68908745477776,0.45882551930844784,-0.4574584972579032,-0.10738268494606018
2026-04-23 07:44:16.900,3509413.730140926,779163.0157103263,5250974.713323416,-81854.07242413714,52.47452773042126,-0.24159855674952269,-0.1939778437372297,-0.6446886248886585
2026-04-23 07:44:17.000,3509413.689888015,779162.9856525991,5250974.73154012,-81858.96764648025,52.230353805561094,-0.40252910926938057,-0.30057727126404643,0.1821670401841402
2026-04-23 07:44:17.100,3509413.68207829,779162.9867456239,5250974.745597451,-81863.81970065013,52.565159834166,-0.07809725124388933,0.01093024737201631,0.14057330787181854
2026-04-23 07:44:17.200,3509413.699022896,779162.9746372801,5250974.66555617,-81868.71646320632,52.91997862017169,0.16944606322795153,-0.12108343769796193,-0.8004128094762564
2026-04-23 07:44:17.300,3509413.769288979,779162.9573600292,5250974.82683134,-81873.48204281939,53.459624798674895,0.7026608288288116,-0.17277250881306827,1.6127516981214285
2026-04-23 07:44:17.400,3509413.783358982,779163.0225225801,5250974.952912358,-81878.26173440815,53.17650614884614,0.1407000282779336,0.6516255089081824,1.2608101777732372
2026-04-23 07:44:17.500,3509413.659678394,779162.9709721148,5250974.820891453,-81883.2627631218,53.407798984411386,-1.2368058785796165,-0.5155046528670937,-1.3202090468257666
2026-04-23 07:44:17.600,3509413.550248321,779162.944386342,5250974.787434681,-81888.21468025373,53.58442863158911,-1.0943007282912731,-0.26585772866383195,-0.334567716345191
2026-04-23 07:44:17.700,3509413.503734503,779162.903094656,5250974.738451723,-81893.13110621188,53.341489828748834,-0.46513818204402924,-0.41291686007753015,-0.489829583093524
2026-04-23 07:44:17.800,3509413.4435275523,779162.8930137331,5250974.741583525,-81898.00877040348,53.750150922512965,-0.6020695064216852,-0.10080922860652208,0.031318021938204765
2026-04-23 07:44:17.900,3509413.413600714,779162.8558170894,5250974.653245504,-81902.9339399071,53.78127585620652,-0.2992683835327625,-0.3719664365053177,-0.8833802118897438
2026-04-23 07:44:18.000,3509413.416393868,779162.876188377,5250974.515272752,-81907.86581969682,53.92067992688742,0.02793154213577509,0.2037128759548068,-1.379727516323328
2026-04-23 07:44:18.100,3509413.5633124206,779162.9054006569,5250974.618182591,-81912.55573778156,54.24612994345984,1.4691855246201158,0.29212279827333987,1.0290983878076077
2026-04-23 07:44:18.200,3509413.6195289544,779162.8698918186,5250974.621147477,-81917.41188754224,54.34252121984023,0.5621653376147151,-0.35508838249370456,0.029648859053850174
2026-04-23 07:44:18.300,3509414.3975969595,779162.4666187841,5250974.587134703,-81921.77610525026,44.142218615248,7.780680051073432,-4.0327303449157625,-0.34012774005532265
2026-04-23 07:44:18.400,3509414.3627207796,779162.3937513124,5250974.501334543,-81926.6776288113,44.3301919382041,-0.3487617988139391,-0.7286747172474861,-0.858001597225666
2026-04-23 07:44:18.500,3509414.347151479,779162.3264917693,5250974.410053263,-81931.58578207475,44.87728082308537,-0.15569300390779972,-0.6725954310968518,-0.9128127992153168
2026-04-23 07:44:18.600,3509414.3792347484,779162.2899398516,5250974.380084381,-81936.45054567512,45.02301381072594,0.3208326920866966,-0.3655191767029464,-0.29968881979584694
2026-04-23 07:44:18.700,3509414.326680502,779162.2751732697,5250974.272650679,-81941.42341137068,45.230625084931724,-0.5255424650385976,-0.1476658193860203,-1.0743370279669762
2026-04-23 07:44:18.800,3509414.314113588,779162.317939422,5250974.307814581,-81946.27101511045,45.366184145311976,-0.12566913850605488,0.42766152299009264,0.35163902677595615
2026-04-23 07:44:18.900,3509414.3504242967,779162.3046392448,5250974.408779841,-81951.07172570011,45.20479715798628,0.3631070861592889,-0.13300177175551653,1.0096525959670544
2026-04-23 07:44:19.000,3509414.337727014,779162.3159647244,5250974.327068173,-81955.99858210917,45.84782371007836,-0.126972827129066,0.11325479601509869,-0.8171166758984327
2026-04-23 07:44:19.100,3509414.2899554865,779162.283506351,5250974.197924568,-81960.97864476385,46.318295717069155,-0.4777152743190527,-0.32458373345434666,-1.2914360500872135
2026-04-23 07:44:19.200,3509414.2905931654,779162.2782770533,5250974.166194776,-81965.85254511381,45.803433944841736,0.006376788951456547,-0.052292977925390005,-0.3172979224473238
2026-04-23 07:44:19.300,3509414.278954508,779162.2552760879,5250974.161873483,-81970.72854080016,45.9614082682644,-0.11638657655566931,-0.23000965360552073,-0.043212929740548134
2026-04-23 07:44:19.400,3509414.2816284173,779162.2281703526,5250974.19526222,-81975.55406272878,46.00093966506479,0.026739095337688923,-0.27105735265649855,0.3338873665779829
2026-04-23 07:44:19.500,3509414.281009468,779162.1620999197,5250974.130664309,-81980.45107187987,46.325739015114976,-0.006189495325088501,-0.660704328911379,-0.6459791120141745
2026-04-23 07:44:19.600,3509414.276689929,779162.1518235527,5250974.119793294,-81985.31621420383,46.473561386583846,-0.04319538827985525,-0.10276367072947323,-0.10871014557778835
2026-04-23 07:44:19.700,3509414.270952876,779162.1105435176,5250974.124896967,-81990.1397688238,46.39181426634788,-0.057370527647435665,-0.41280035045929253,0.05103672854602337
2026-04-23 07:44:19.800,3509414.311769177,779162.139817623,5250974.02448576,-81995.02177365283,45.95191556250187,0.4081630101427436,0.2927410532720387,-1.0041120648384094
2026-04-23 07:44:19.900,3509414.3435624745,779162.1425822416,5250973.99555223,-81999.87810044788,45.625666988061106,0.3179329726845026,0.027646186063066125,-0.28933530673384666
2026-04-23 07:44:20.000,3509414.277969017,779162.0873054509,5250973.807267099,-82004.9036341064,45.823462782842526,-0.6559345731511712,-0.5527679063379765,-1.8828513100743294
2026-04-23 07:44:20.100,3509414.1378046055,779162.1567764941,5250973.720686187,-82009.81581526296,45.68414894461715,-1.401644116267562,0.6947104318533093,-0.865809116512537
2026-04-23 07:44:20.200,3509413.9127486125,779162.2886951303,5250973.691342157,-82014.75773258922,45.19159761266202,-2.250559930689633,1.3191863615065813,-0.2934402972459793
2026-04-23 07:44:20.300,3509413.809431572,779162.3130637713,5250973.652228737,-82019.64700284247,44.84652658877664,-1.033170404843986,0.2436864108312875,-0.391134200617671
2026-04-23 07:44:20.400,3509413.8234860986,779162.3364349403,5250973.5990343345,-82024.49995462473,44.286447949289794,0.14054526574909687,0.2337116899434477,-0.5319440271705389
2026-04-23 07:44:20.500,3509413.9190593213,779162.3791178194,5250973.627247703,-82029.29943879013,44.153657347034546,0.9557322273030877,0.42682879022322595,0.28213368728756905
2026-04-23 07:44:20.600,3509413.9780747443,779162.4276023977,5250973.63159167,-82034.15390920763,44.11263405410337,0.590154230594635,0.48484578379429877,0.04343966953456402
2026-04-23 07:44:20.700,3509414.0638102912,779162.4714492012,5250973.662436052,-82038.98555279478,43.73617924416371,0.8573554689064622,0.43846803484484553,0.30844382010400295
2026-04-23 07:44:20.800,3509414.104337148,779162.5379511265,5250973.63724588,-82043.90238298147,43.34405977323097,0.40526856668293476,0.6650192523375154,-0.2519017178565264
2026-04-23 07:44:20.900,3509414.148630551,779162.630266522,5250973.679034471,-82048.76816460802,43.41733235710656,0.44293403159826994,0.9231539559550583,0.41788590140640736
2026-04-23 07:44:21.000,3509414.1835047025,779162.6452499147,5250973.687784804,-82053.62497932914,43.54462296108292,0.34874151460826397,0.14983392669819295,0.08750333450734615
2026-04-23 07:44:21.100,3509414.079774743,779162.650557174,5250973.657024066,-82058.5757530867,43.40493307567372,-1.03729959577322,0.053072592709213495,-0.3076073806732893
2026-04-23 07:44:21.200,3509414.049322096,779162.6782089575,5250973.6500387415,-82063.45949313356,43.11977721728721,-0.30452646780759096,0.2765178354457021,-0.06985324434936047
2026-04-23 07:44:21.300,3509414.0220212527,779162.7332417312,5250973.584949947,-82068.38327848988,43.30160073344475,-0.2730084350332618,0.5503277364186943,-0.6508879456669092
2026-04-23 07:44:21.400,3509413.966122102,779162.774310211,5250973.506887633,-82073.3195161354,43.484670061768625,-0.5589915066957474,0.41068479768000543,-0.7806231360882521
2026-04-23 07:44:21.500,3509413.8959219474,779162.8174974683,5250973.414989821,-82078.26717021134,43.82160921098777,-0.7020015455782413,0.4318725736811757,-0.918978126719594
2026-04-23 07:44:21.600,3509413.9299843647,779162.8586315807,5250973.362905024,-82083.17991393711,43.91300841475055,0.3406241722404957,0.4113411239814013,-0.5208479706197977
2026-04-23 07:44:21.700,3509413.888299716,779162.8090692223,5250973.29946067,-82088.10382973381,44.026718971448254,-0.41684648487716913,-0.4956235841382295,-0.634443536400795
2026-04-23 07:44:21.800,3509413.908855976,779162.7537991529,5250973.340348641,-82092.94798127927,43.901891397238636,0.20556259900331497,-0.5527006939519197,0.4088797140866518
2026-04-23 07:44:21.900,3509413.997358662,779162.7570983028,5250973.357370796,-82097.74512611871,43.77359904448666,0.8850268600508571,0.03299149917438626,0.17022154293954372
2026-04-23 07:44:22.000,3509414.0720189163,779162.7348849498,5250973.233541457,-82102.65160575,43.96845049611994,0.7466025417670608,-0.22213353076949716,-1.2382933869957924
2026-04-23 07:44:22.100,3509414.1026353124,779162.7054911586,5250973.128175105,-82107.58186944027,43.712746228838306,0.30616396106779575,-0.2939379110466689,-1.053663520142436
2026-04-23 07:44:22.200,3509414.055546064,779162.6323290521,5250973.021318169,-82112.55160957167,43.69235806571284,-0.47089248429983854,-0.7316210656426847,-1.0685693565756083
2026-04-23 07:44:22.300,3509414.0508492794,779162.5753631364,5250973.022087421,-82117.42580736954,43.856471999224766,-0.046967845410108566,-0.5696591571904719,0.007692519575357437
2026-04-23 07:44:22.400,3509414.0914133843,779162.5616868417,5250973.066757462,-82122.2722799506,43.681606082423485,0.4056410491466522,-0.1367629470769316,0.446700407192111
2026-04-23 07:44:22.500,3509414.1451030103,779162.5596185902,5250973.0791351665,-82127.12941843156,43.866677464316076,0.5368962604552507,-0.020682514877989888,0.12377704493701458
2026-04-23 07:44:22.600,3509414.241355105,779162.5004098866,5250973.112202846,-82131.9423743232,44.180843411866604,0.9625209448859096,-0.5920870357658714,0.33067679964005947
2026-04-23 07:44:22.700,3509414.2734164195,779162.4605106622,5250973.079223821,-82136.8136433672,44.45405116217751,0.32061314675956964,-0.39899224415421486,-0.3297902550548315
2026-04-23 07:44:22.800,3509414.310763935,779162.4089117664,5250973.051301775,-82141.69196083519,44.43648516026194,0.3734751557931304,-0.515988958068192,-0.2792204637080431
2026-04-23 07:44:22.900,3509414.3551901705,779162.3024943569,5250973.009120876,-82146.5863554806,44.435474138246704,0.44426235370337963,-1.0641740949358791,-0.4218089859932661
2026-04-23 07:44:23.000,3509418.143521179,779164.653268294,5250976.218954225,-82147.72591107147,52.14447854951736,37.88331008516252,23.507739370688796,32.098333491012454
2026-04-23 07:44:23.100,3509414.462034504,779162.2203163198,5250972.850383277,-82156.35724891121,44.67900016795916,-36.814866750501096,-24.329519741004333,-33.68570948019624
2026-04-23 07:44:23.200,3509414.539767921,779162.2044323785,5250972.917762871,-82161.14995335454,44.65699466778765,0.7773341704159975,-0.1588394131977111,0.6737959384918213
2026-04-23 07:44:23.300,3509414.626670794,779162.1742836713,5250972.932509831,-82165.97109045491,44.67997892624488,0.8690287312492728,-0.30148707213811576,0.14746960252523422
2026-04-23 07:44:23.400,3509414.687316208,779162.1301436947,5250972.942013913,-82170.81998763382,44.5074052114359,0.6064541405066848,-0.4413997661322355,0.09504081681370735
2026-04-23 07:44:23.500,3509414.7885012235,779162.0779661583,5250973.006283641,-82175.64636531631,44.16806568526297,1.0118501540273428,-0.5217753641773015,0.6426972802728415
2026-04-23 07:44:23.600,3509414.832753432,779162.033244089,5250973.058598017,-82180.48552293869,44.023445633575065,0.44252208434045315,-0.4472206928767264,0.5231437645852566
2026-04-23 07:44:23.700,3509414.975287354,779162.0381302062,5250973.117111209,-82185.23779980066,43.73882956112103,1.4253392210230231,0.04886117181740701,0.5851319152861834
2026-04-23 07:44:23.800,3509415.0866225357,779162.0456147946,5250973.160060714,-82190.00705334378,43.89825235994773,1.1133518163114786,0.07484588422812521,0.42949505150318146
2026-04-23 07:44:23.900,3509415.097993204,779161.9882826168,5250972.9399069315,-82194.98295302101,44.29872730525475,0.11370668187737465,-0.5733217776287347,-2.201537825167179
2026-04-23 07:44:24.000,3509415.0823530834,779161.9030948495,5250972.707265965,-82199.98447217458,44.79897213255653,-0.1564012048766017,-0.8518776728305966,-2.3264096677303314
2026-04-23 07:44:24.100,3509415.035213871,779161.8310915865,5250972.589244504,-82204.94293865429,45.05649175521084,-0.47139212489128113,-0.7200326304882765,-1.1802146025002003
2026-04-23 07:44:24.200,3509415.070787995,779161.7383439536,5250972.5278210435,-82209.8356455232,45.42308396812644,0.35574124194681644,-0.9274763287976384,-0.614234609529376
2026-04-23 07:44:24.300,3509415.127881391,779161.6822929521,5250972.537251434,-82214.64281094514,45.55408276454094,0.5709339585155249,-0.5605100153479725,0.09430390782654285
2026-04-23 07:44:24.400,3509415.190271705,779161.6401381071,5250972.537548978,-82219.48280637772,45.70660204528643,0.6239031394943595,-0.42154844966717064,0.0029754359275102615
2026-04-23 07:44:24.500,3509415.2026135353,779161.5518622723,5250972.497305754,-82224.36446043786,45.6410762300727,0.12341830413788557,-0.8827583480160683,-0.4024322424083948
2026-04-23 07:44:24.600,3509415.2434131987,779161.4807153936,5250972.482706729,-82229.22646831097,45.35837397136338,0.4079966340214014,-0.71146878763102,-0.14599024318158627
2026-04-23 07:44:24.700,3509415.286119953,779161.3623435206,5250972.522273372,-82234.04156215973,45.24781916296987,0.4270675405859947,-1.1837187292985618,0.39566642604768276
2026-04-23 07:44:24.800,3509415.341222304,779161.3592807481,5250972.520248401,-82238.8952254617,45.21206224901226,0.5510235112160444,-0.030627725645899773,-0.020249709486961365
2026-04-23 07:44:24.900,3509415.501082399,779161.3836999797,5250972.599028736,-82243.65373430616,44.54085298303085,1.5986009500920773,0.2441923168953508,0.787803353741765
2026-04-23 07:44:25.000,3509415.647201932,779161.4045563921,5250972.6380426865,-82248.45302101003,43.79417962487982,1.4611953310668468,0.20856412360444665,0.39013950154185295
2026-04-23 07:44:25.100,3509415.6516418825,779161.3351656218,5250972.611407008,-82253.3088436417,44.107770334066934,0.04439950454980135,-0.693907702807337,-0.26635678485035896
2026-04-23 07:44:25.200,3509415.6465025144,779161.2116553411,5250972.685455301,-82258.1127988341,44.47422821285049,-0.051393681205809116,-1.2351028074044734,0.7404829282313585
2026-04-23 07:44:25.300,3509415.765291687,779161.2008143787,5250972.9520957945,-82262.77598082028,44.194048741340424,1.1878917273133993,-0.108409624081105,2.6664049364626408
2026-04-23 07:44:25.400,3509415.9325910853,779161.2519117988,5250973.196439471,-82267.44138923268,44.02602813745119,1.6729939822107553,0.5109742016065866,2.4434367660433054
2026-04-23 07:44:25.500,3509415.938300947,779161.2144539149,5250973.199047189,-82272.29668544747,44.29219429731545,0.05709861870855093,-0.3745788394007832,0.026077181100845337
2026-04-23 07:44:25.600,3509415.947101101,779161.1706602126,5250973.178075082,-82277.16645520774,44.294999908052354,0.08800153620541096,-0.437937022652477,-0.20972107537090778
2026-04-23 07:44:25.700,3509415.994961237,779161.102137604,5250973.226559889,-82281.98677056287,44.15786048748719,0.4786013625562191,-0.6852260860614479,0.48484806902706623
2026-04-23 07:44:25.800,3509415.9832780138,779161.0436533177,5250973.24231398,-82286.86076580425,43.66839534767199,-0.1168322330340743,-0.5848428630270064,0.15754091553390026
2026-04-23 07:44:25.900,3509418.8877953426,779162.8418746277,5250975.773470623,-82288.83270253873,51.69108347083192,29.045173288322985,17.982213100185618,25.31156643293798
2026-04-23 07:44:26.000,3509418.9414027636,779162.753894248,5250975.796910381,-82293.63363794223,51.634687270594604,0.5360742099583149,-0.8798037969972938,0.23439757525920868
2026-04-23 07:44:26.100,3509419.030008962,779162.6567079955,5250975.899930748,-82298.38064909786,51.212957136133696,0.8860619831830263,-0.9718625259120017,1.0302036721259356
2026-04-23 07:44:26.200,3509419.1519010486,779162.593083054,5250976.03299589,-82303.10319428644,51.028824735504124,1.218920866958797,-0.6362494151107967,1.330651417374611
2026-04-23 07:44:26.300,3509419.222827583,779162.5038455856,5250976.025579511,-82307.91846846501,51.350806042066665,0.7092653447762132,-0.8923746831715107,-0.07416378706693649
2026-04-23 07:44:26.400,3509419.2089215494,779162.4397206962,5250975.973666512,-82312.80538648908,51.844434616867495,-0.1390603370964527,-0.6412488943897188,-0.5191299878060818
2026-04-23 07:44:26.500,3509419.237795037,779162.3229787806,5250975.92694269,-82317.66213187973,52.327123450316165,0.2887348784133792,-1.1674191558267921,-0.4672382213175297
2026-04-23 07:44:26.600,3509419.244637408,779162.2593643989,5250975.815104445,-82322.563737072,52.53546638990862,0.06842370610684156,-0.6361438171006739,-1.1183824483305216
2026-04-23 07:44:26.700,3509419.1791311703,779162.1458226449,5250975.6631709775,-82327.5408476304,53.160564383611316,-0.6550623755902052,-1.13541753962636,-1.5193346794694662
2026-04-23 07:44:26.800,3509419.2968206024,779162.0311424441,5250975.704598353,-82332.29514104631,52.962971116277714,1.1768943211063743,-1.146802008152008,0.4142737574875355
2026-04-23 07:44:26.900,3509419.3729817476,779161.9448896971,5250975.733872349,-82337.05943572948,52.532508291728234,0.7616114523261786,-0.8625274698715657,0.29273996129631996
2026-04-23 07:44:27.000,3509419.3938185647,779161.8277432626,5250975.707361313,-82341.93369077712,52.49663780924626,0.20836817100644112,-1.1714643449522555,-0.26511036790907383
2026-04-23 07:44:27.100,3509421.1217637975,779161.358286278,5250977.635140223,-82344.72321437488,64.88097714792633,17.279452327638865,-4.694569846615195,19.27778910845518
2026-04-23 07:44:27.200,3509421.1835586275,779161.3479220297,5250977.629842975,-82349.54924313069,63.98910938051166,0.6179483002051711,-0.10364248300902545,-0.05297248251736164
2026-04-23 07:44:27.300,3509421.2035104358,779161.2831662211,5250977.631949629,-82354.39642081887,63.481342644371104,0.19951808266341686,-0.6475580856204033,0.021066535264253616
2026-04-23 07:44:27.400,3509421.22843529,779161.2263279895,5250977.636767259,-82359.25002349506,63.077733655479726,0.24924854282289743,-0.5683823162689805,0.04817630164325237
2026-04-23 07:44:27.500,3509421.1835001074,779161.1602196502,5250977.595226316,-82364.12890108157,62.59515222955926,-0.4493518266826868,-0.6610833923332393,-0.4154094308614731
2026-04-23 07:44:27.600,3509421.201078732,779161.0873363925,5250977.59505354,-82368.95319671783,61.850660429600765,0.1757862465456128,-0.7288325775880367,-0.0017277617007493973
2026-04-23 07:44:27.700,3509421.2634747564,779161.0071686606,5250977.615859987,-82373.73484354625,61.9035020139742,0.623960243538022,-0.8016773185227066,0.20806447602808475
2026-04-23 07:44:27.800,3509421.315562755,779160.9318793106,5250977.692416807,-82378.49071624431,61.867503069676566,0.5208799848333001,-0.7528935000300407,0.7655681949108839
2026-04-23 07:44:27.900,3509421.3438840597,779160.8609982821,5250977.790060754,-82383.27406149635,61.51832970045305,0.28321304824203253,-0.7088102854322642,0.9764394722878933
2026-04-23 07:44:28.000,3509421.3097186983,779160.7521163705,5250977.762209425,-82388.15635559426,61.483273040871694,-0.3416536143049598,-1.088819116121158,-0.2785132918506861
2026-04-23 07:44:28.100,3509421.191973444,779160.6871336639,5250977.732046649,-82393.07900168703,61.5010358624833,-1.1774525418877602,-0.6498270656447858,-0.3016277588903904
2026-04-23 07:44:28.200,3509421.0696590636,779160.5881855115,5250977.713985966,-82398.02298651592,61.414309744643454,-1.2231438048183918,-0.9894815238658339,-0.18060683272778988
2026-04-23 07:44:28.300,3509421.1589919664,779160.5488788149,5250977.692323521,-82402.85142076742,61.8382623879619,0.8933290280401707,-0.393066966207698,-0.21662444807589054
2026-04-23 07:44:28.400,3509462.79505818,779161.2717338755,5251005.00009372,-82368.57129160126,19.01388729328725,416.3606621371582,7.228550605941564,273.07770199142396
2026-04-23 07:44:28.500,3509462.9876531884,779161.1637854078,5251005.210686436,-82373.15708144625,19.12263488077962,1.925950082950294,-1.07948467717506,2.105927160009742
2026-04-23 07:44:28.600,3509463.034228265,779161.058454488,5251005.352018427,-82377.87075728111,19.447041027547055,0.46575076412409544,-1.0533091973047704,1.4133199118077755
2026-04-23 07:44:28.700,3509419.592695341,779160.1485158926,5250976.903461419,-82423.47246900458,66.5759957511085,-434.41532923839986,-9.099385954905301,-284.4855700805783
2026-04-23 07:44:28.800,3509419.6443772856,779160.0454484839,5250976.932189986,-82428.25477710133,66.8342600023971,0.5168194463476539,-1.0306740866508335,0.2872856706380844
2026-04-23 07:44:28.900,3509463.0948355324,779160.7708783058,5251005.400930352,-82392.2750172159,20.04272341505259,434.50458246748894,7.254298218758777,284.68740365467966
2026-04-23 07:44:29.000,3509463.172658171,779160.7211044302,5251005.339053286,-82397.1062437827,19.706873338315482,0.7782263867557049,-0.4977387562394142,-0.6187706533819437
2026-04-23 07:44:29.100,3509463.281831624,779160.6872441403,5251005.328169487,-82401.90146690578,19.1561967016142,1.0917345294728875,-0.3386028984095901,-0.10883798822760582
2026-04-23 07:44:29.200,3509463.2984807603,779160.649377978,5251005.2442366015,-82406.78643108711,18.912374969306423,0.16649136319756508,-0.3786616225261241,-0.8393288590013981
2026-04-23 07:44:29.300,3509463.2693218663,779160.5916191563,5251005.140123264,-82411.69375809377,18.89930226447272,-0.2915889397263527,-0.5775882175657898,-1.041133375838399
2026-04-23 07:44:29.400,3509463.354267677,779160.4870508476,5251005.064682727,-82416.5268192754,19.31814939346225,0.8494581049308181,-1.045683086849749,-0.7544053718447685
2026-04-23 07:44:29.500,3509463.363919506,779160.4066976506,5251004.997382337,-82421.41665132146,19.54344619709838,0.09651829022914171,-0.803531970595941,-0.6730038952082396
2026-04-23 07:44:29.600,3509463.1508809286,779160.3485782992,5251004.888007361,-82426.45387538134,19.57605142729515,-2.1303857723250985,-0.5811935139354318,-1.0937497578561306
2026-04-23 07:44:29.700,3509462.963087814,779160.2524818674,5251004.749215772,-82431.49096936815,19.96947566033308,-1.8779311468824744,-0.9609643172007054,-1.3879158906638622
2026-04-23 07:44:29.800,3509462.9089830345,779160.1029347734,5251004.608157895,-82436.44249008573,20.278819632696205,-0.5410477938130498,-1.4954709401354194,-1.410578778013587
2026-04-23 07:44:29.900,3509463.0039836755,779159.9491870614,5251004.580009003,-82441.22790727978,20.48435266161786,0.950006409548223,-1.5374771202914417,-0.28148891404271126
2026-04-23 07:44:30.000,3509463.10491668,779159.8414026856,5251004.582671751,-82445.9952265553,20.962596780270708,1.009330046363175,-1.0778437578119338,0.02662748098373413
2026-04-23 07:44:30.100,3509463.1144467653,779159.7596152433,5251004.581789511,-82450.81443244903,21.302164484208543,0.09530085138976574,-0.8178744232282043,-0.008822400122880936
2026-04-23 07:44:30.200,3509463.036198871,779159.6444055784,5251004.512353232,-82455.74987947948,21.52280995125249,-0.7824789406731725,-1.1520966491661966,-0.6943627912551165
2026-04-23 07:44:30.300,3509416.6260645795,779157.3473572937,5250972.520360084,-82504.87971992233,42.88174416091595,-464.10134291741997,-22.970482846722007,-319.9199314787984
2026-04-23 07:44:30.400,3509416.607913885,779157.2874344528,5250972.469422934,-82509.75399162884,42.997828560984956,-0.18150694668293,-0.5992284091189504,-0.5093715060502291
2026-04-23 07:44:30.500,3509416.6747316415,779157.1591257472,5250972.469340633,-82514.54214512973,42.75830010251559,0.66817756742239,-1.2830870563630015,-0.0008230097591876984
2026-04-23 07:44:30.600,3509416.787846166,779157.0181155335,5250972.522146296,-82519.27186260624,42.43875989671524,1.1311452463269234,-1.4101021364331245,0.5280566308647394
2026-04-23 07:44:30.700,3509416.4727990227,779156.5531667433,5250971.857405422,-82524.60486349335,35.26244898863499,-3.150471434928477,-4.649487902643159,-6.647408735007048
2026-04-23 07:44:30.800,3509416.506283583,779156.402775932,5250971.822994505,-82529.40976357699,35.279692966355974,0.33484560437500477,-1.5039081126451492,-0.34410917200148106
2026-04-23 07:44:30.900,3509416.539111244,779156.2790511812,5250971.789413551,-82534.19525761229,35.368853421828064,0.3282766090705991,-1.2372475082520396,-0.3358095418661833
2026-04-23 07:44:31.000,3509416.520909806,779156.2159647885,5250971.734625729,-82539.04599856012,35.15167646588626,-0.1820143824443221,-0.6308639270719141,-0.5478782206773758
2026-04-23 07:44:31.100,3509416.587689392,779156.1348775644,5250971.8198291585,-82543.7853901643,34.943814133398966,0.667795860208571,-0.8108722406905144,0.8520342968404293
2026-04-23 07:44:31.200,3509416.6725695324,779156.0313815685,5250971.942400989,-82548.50560832497,34.36063153016124,0.8488014061003923,-1.034959958633408,1.22571830637753
2026-04-23 07:44:31.300,3509416.3091211575,779156.1444971955,5250972.038195558,-82553.54533102221,41.117305322899824,-3.6344837490469217,1.1311562696937472,0.9579456876963377
2026-04-23 07:44:31.400,3509419.007316303,779154.0631492564,5250973.786463614,-82555.67090890234,47.425878951800534,26.981951454654336,-20.81347939092666,17.48268055729568
2026-04-23 07:44:31.500,3509416.0649962886,779156.1351155582,5250971.97092148,-82563.3849554601,41.516717906864386,-29.423200143501163,20.719663017662242,-18.15542133525014
2026-04-23 07:44:31.600,3509415.9651042377,779156.1223080469,5250971.901749842,-82568.31220553923,41.66345203704553,-0.9989205095916986,-0.12807511258870363,-0.6917163822799921
2026-04-23 07:44:31.700,3509415.9544598283,779156.0539016612,5250971.993997981,-82573.12381395717,41.609918618002744,-0.10644409339874983,-0.6840638571884483,0.9224813897162676
2026-04-23 07:44:31.800,3509415.8922750866,779155.987279444,5250972.029389001,-82577.96429513616,41.612791139958354,-0.6218474172055721,-0.6662221718579531,0.35391020588576794
2026-04-23 07:44:31.900,3509415.8490002425,779155.945344656,5250972.070497749,-82582.80882778131,41.32001450774854,-0.4327484406530857,-0.41934787994250655,0.411087479442358
2026-04-23 07:44:32.000,3509415.8955228827,779155.855354545,5250972.11941643,-82587.56458985219,40.97208842273834,0.4652264015749097,-0.899901109514758,0.48918680287897587
2026-04-23 07:44:32.100,3509415.8426002427,779155.8316010726,5250972.095023614,-82592.41988481338,41.178581926255546,-0.5292263999581337,-0.23753472487442195,-0.24392815306782722
2026-04-23 07:44:32.200,3509415.7472769716,779155.8156967162,5250972.0884036375,-82597.29262369887,41.16929057120979,-0.9532327111810446,-0.1590435637626797,-0.06619976833462715
2026-04-23 07:44:32.300,3509415.681611259,779155.7717223315,5250972.106858272,-82602.12951287524,40.95806128947953,-0.656657125800848,-0.43974384665489197,0.18454634584486485
2026-04-23 07:44:32.400,3509415.736041594,779155.681639663,5250972.131470887,-82606.91917129981,40.86783036731144,0.54430334828794,-0.9008266858290881,0.24612614884972572
2026-04-23 07:44:32.500,3509415.73321156,779155.6372097346,5250972.123833487,-82611.74124174468,40.705034892386365,-0.028300336562097073,-0.44429928297176957,-0.07637400180101395
2026-04-23 07:44:32.600,3509415.6814693105,779155.5719657155,5250972.039343975,-82616.60504594531,40.88489949309984,-0.5174224963411689,-0.6524401914793998,-0.8448951225727797
2026-04-23 07:44:32.700,3509415.6021244223,779155.5140641668,5250972.073690878,-82621.41491946092,40.87032625559901,-0.7934488821774721,-0.5790154868736863,0.34346903674304485
2026-04-23 07:44:32.800,3509415.5318494635,779155.4845189013,5250972.083246176,-82626.2413501822,40.745058763706204,-0.7027495885267854,-0.29545265482738614,0.09555297903716564
2026-04-23 07:44:32.900,3509415.5463860347,779155.4838520889,5250972.101012612,-82631.04716763194,40.72945902512123,0.14536571223288774,-0.0066681241150945425,0.17766435630619526
2026-04-23 07:44:33.000,3509415.6079553366,779155.4044752324,5250972.195256886,-82635.77147666084,40.97909469099438,0.615693018771708,-0.7937685656361282,0.9424427431076765
2026-04-23 07:44:33.100,3509415.596144969,779155.3364639237,5250972.246771089,-82640.5535960268,41.10243216510139,-0.11810367461293936,-0.6801130867097527,0.5151420272886753
2026-04-23 07:44:33.200,3509415.573772012,779155.2486860249,5250972.273967827,-82645.32863871256,41.214531293431534,-0.22372957319021225,-0.8777789876330644,0.27196737937629223
2026-04-23 07:44:33.300,3509415.585661586,779155.1207873208,5250972.2403405765,-82650.13585967358,41.379760649921124,0.11889574117958546,-1.2789870414417237,-0.33627250231802464
2026-04-23 07:44:33.400,3509415.598913195,779155.0262109588,5250972.20314084,-82654.95932768725,41.52331400543379,0.13251609168946743,-0.945763619383797,-0.37199736572802067
2026-04-23 07:44:33.500,3509415.7049790607,779154.9153325427,5250972.277166516,-82659.68588946153,41.409451802246814,1.0606586560606956,-1.108784161042422,0.7402567565441132
2026-04-23 07:44:33.600,3509415.7321217107,779154.8123377858,5250972.263063451,-82664.48580305623,41.64210633920302,0.27142649982124567,-1.0299475688952953,-0.14103064313530922
2026-04-23 07:44:33.700,3509415.662770593,779154.7929834668,5250972.285063756,-82669.32896117079,41.84560553654252,-0.6935111759230494,-0.1935431908350438,0.2200030442327261
2026-04-23 07:44:33.800,3509415.68316915,779154.7199267098,5250972.27301558,-82674.13316258405,42.192140972957716,0.20398556720465422,-0.7305675698444247,-0.12048175558447838
2026-04-23 07:44:33.900,3509415.666825434,779154.6661703814,5250972.310011539,-82678.92602105356,42.37367477871601,-0.16343715600669384,-0.5375632841605693,0.36995958536863327
2026-04-23 07:44:34.000,3509415.6428739363,779154.6186397152,5250972.339897708,-82683.72429149222,42.76996557312631,-0.23951497860252857,-0.4753066611010581,0.29886169359087944
2026-04-23 07:44:34.100,3509415.6574812094,779154.4961386673,5250972.364721435,-82688.4942927558,42.77937166667946,0.14607273042201996,-1.2250104791019112,0.2482372708618641
2026-04-23 07:44:34.200,3509415.6532792933,779154.2885098938,5250972.353526033,-82693.31172164397,42.7052751465317,-0.042019160464406013,-2.0762877352535725,-0.11195401661098003
2026-04-23 07:44:34.300,3509415.742424729,779154.049755442,5250972.429289732,-82698.0328810519,42.81755820161893,0.8914543548598886,-2.3875445185694844,0.7576369866728783
2026-04-23 07:44:34.400,3509415.757218734,779153.8972490295,5250972.488158317,-82702.78519153013,43.26484954493439,0.14794005081057549,-1.525064124725759,0.5886858515441418
2026-04-23 07:44:34.500,3509415.771904848,779153.7698678669,5250972.530467037,-82707.53864769496,43.69283561358374,0.1468611415475607,-1.273811626015231,0.4230871982872486
2026-04-23 07:44:34.600,3509415.817658323,779153.6731288955,5250972.6115834005,-82712.28292580896,43.49592373306929,0.45753474812954664,-0.9673897142056376,0.8111636340618134
2026-04-23 07:44:34.700,3509415.767906585,779153.5958077274,5250972.6216558125,-82717.09747355097,43.41135313610663,-0.4975173808634281,-0.7732116803526878,0.10072411969304085
2026-04-23 07:44:34.800,3509415.7142207697,779153.4174823678,5250972.62279932,-82721.91907604512,43.40247642747106,-0.5368581507354975,-1.7832535959314555,0.011435076594352722
2026-04-23 07:44:34.900,3509418.7547299517,779150.9947322741,5250974.496594089,-82723.76826717533,49.965445208469966,30.405091820284724,-24.227500937413424,18.73794768936932
2026-04-23 07:44:35.000,3509418.900561319,779150.7709637689,5250974.558315234,-82728.48459525545,50.2811365765935,1.4583136746659875,-2.237685051513836,0.617211451753974
2026-04-23 07:44:35.100,3509419.044682927,779150.6346765204,5250974.5611398155,-82733.25365134649,50.63291924668935,1.4412160776555538,-1.3628724857699126,0.02824581228196621
2026-04-23 07:44:35.200,3509419.132317895,779150.5834917895,5250974.523415842,-82738.05908466193,50.993678364570215,0.8763496810570359,-0.5118473083712161,-0.37723973393440247
2026-04-23 07:44:35.300,3509419.1186553836,779150.5923354322,5250974.494130003,-82742.87758724354,51.09214653038866,-0.13662511482834816,0.0884364265948534,-0.29285838827490807
2026-04-23 07:44:35.400,3509419.094087236,779150.5701484553,5250974.412267765,-82747.72170524187,50.57712474562938,-0.24568147491663694,-0.22186976857483387,-0.8186223823577166
2026-04-23 07:44:35.500,3509419.067766931,779150.5058129088,5250974.321805194,-82752.56810565789,50.427869763323145,-0.26320305187255144,-0.6433554657269269,-0.9046257100999355
2026-04-23 07:44:35.600,3509419.110011325,779150.4132454091,5250974.29749952,-82757.37485410842,50.14350072260909,0.42244394309818745,-0.925674996105954,-0.24305674247443676
2026-04-23 07:44:35.700,3509419.1189783732,779150.2678645261,5250974.249087596,-82762.20711558212,49.754480863906544,0.08967048022896051,-1.4538088301196694,-0.48411923460662365
2026-04-23 07:44:35.800,3509419.1420694976,779150.0947274992,5250974.215169887,-82767.03887942461,49.64056605106603,0.2309112437069416,-1.7313702695537359,-0.3391770925372839
2026-04-23 07:44:35.900,3509419.139386511,779149.9228381262,5250974.195638662,-82771.86474609548,49.66822117579998,-0.02682986669242382,-1.7188937298487872,-0.19531224854290485
2026-04-23 07:44:36.000,3509419.1043754066,779149.7556789673,5250974.178143293,-82776.69013630397,49.68264455041946,-0.3501110430806875,-1.6715915885288268,-0.17495369538664818
2026-04-23 07:44:36.100,3509419.0633255583,779149.5932801671,5250974.1906651985,-82781.50115574073,49.58398214996773,-0.41049848310649395,-1.623988002538681,0.12521905824542046
2026-04-23 07:44:36.200,3509419.075425369,779149.3884540672,5250974.236741476,-82786.28105404112,49.56858310053696,0.12099810875952244,-2.0482609991449863,0.46076277270913124
2026-04-23 07:44:36.300,3509416.4793622424,779150.8671776007,5250973.500020709,-82793.1100109775,34.64739240479193,-25.96063126809895,14.787235335679725,-7.367207668721676
2026-04-23 07:44:36.400,3509415.8925819574,779151.4171728059,5250972.404922038,-82798.89702928794,31.300774776992824,-5.867802849970758,5.499952051322907,-10.950986705720425
2026-04-23 07:44:36.500,3509415.817025588,779151.3794777856,5250972.440549629,-82803.74604124167,31.61624302154823,-0.7555636949837208,-0.3769502032082528,0.35627590492367744
2026-04-23 07:44:36.600,3509415.7716778545,779151.3047656096,5250972.519000575,-82808.53797874093,31.508490536061714,-0.45347733423113823,-0.747121759923175,0.7845094613730907
2026-04-23 07:44:36.700,3509416.3245943915,779150.5814076365,5250973.870929082,-82812.2487145038,34.581931775576855,5.529165370389819,-7.233579730382189,13.519285069778562
2026-04-23 07:44:36.800,3509416.351203273,779150.5874509946,5250973.97342658,-82816.97851634845,34.56177736101548,0.26608881540596485,0.06043358123861253,1.0249749850481749
2026-04-23 07:44:36.900,3509416.3368643792,779150.6522717739,5250974.080077074,-82821.70771359213,34.45259372211864,-0.14338893815875053,0.6482077925466001,1.066504931077361
2026-04-23 07:44:37.000,3509416.3166815885,779150.611452075,5250974.239102127,-82826.43138795233,34.601872488107965,-0.20182790700346231,-0.40819698944687843,1.5902505349367857
2026-04-23 07:44:37.100,3509416.2652529343,779150.4864456801,5250974.338102818,-82831.19290459467,34.46129290185255,-0.5142865423113108,-1.2500639481004328,0.9900069050490856
2026-04-23 07:44:37.200,3509416.179753769,779150.3464198434,5250974.477432167,-82835.96520946383,34.46299498989251,-0.8549916511401534,-1.4002583676483482,1.393293496221304
2026-04-23 07:44:37.300,3509416.173915838,779150.1883367068,5250974.554744026,-82840.73892264426,34.74650281056658,-0.058379312977194786,-1.5808313654270023,0.7731185853481293
2026-04-23 07:44:37.400,3509416.228644928,779150.0068530773,5250974.580288092,-82845.51038813824,35.05567716543653,0.547290900722146,-1.814836295088753,0.2554406598210335
2026-04-23 07:44:37.500,3509416.7380899405,779150.2229659458,5250974.768490014,-82849.96437661104,41.912236411811605,5.0944501254707575,2.16112868511118,1.8820192199200392
2026-04-23 07:44:37.600,3509416.271518096,779149.7172608695,5250974.449192853,-82855.20331965285,35.45033769264227,-4.665718446485698,-5.0570507638622075,-3.192971609532833
2026-04-23 07:44:37.700,3509416.380472433,779149.5816461057,5250974.468433716,-82859.97123776554,35.21871939977428,1.0895433695986867,-1.3561476371251047,0.19240863621234894
2026-04-23 07:44:37.800,3509416.654903917,779149.2869550954,5250974.512899972,-82864.58238705159,41.91581564517264,2.7443148428574204,-2.9469101037830114,0.44466255232691765
2026-04-23 07:44:37.900,3509416.742067128,779149.2465933728,5250974.434056685,-82869.39549063044,41.697894617166675,0.8716321084648371,-0.40361722582019866,-0.7884328626096249
2026-04-23 07:44:38.000,3509416.860897354,779149.2465892934,5250974.437264671,-82874.15330656357,41.53399893757792,1.1883022589609027,-4.07942570745945e-05,0.03207985311746597
2026-04-23 07:44:38.100,3509416.9363538227,779149.2332359637,5250974.411624114,-82878.90193961874,41.73505025160319,0.7545646885409951,-0.13353329617530107,-0.2564055658876896
2026-04-23 07:44:38.200,3509416.9267631536,779149.2247181651,5250974.331047091,-82883.74806737732,41.793996891196294,-0.09590669069439173,-0.08517798618413508,-0.8057702332735062
2026-04-23 07:44:38.300,3509416.9942769376,779149.1352313457,5250974.270812438,-82888.53166845972,42.094189518732,0.6751378392800689,-0.894868194591254,-0.6023465283215046
2026-04-23 07:44:38.400,3509417.1369858324,779148.940168046,5250974.243217098,-82893.26681979769,42.11092053940376,1.4270889479666948,-1.9506329961586744,-0.2759534027427435
2026-04-23 07:44:38.500,3509417.1772965146,779148.7729889868,5250974.286840231,-82898.02885996262,41.96611746134632,0.40310682263225317,-1.6717905923724174,0.43623133562505245
2026-04-23 07:44:38.600,3509418.9576447266,779147.6242875124,5250974.888312074,-82901.39744989167,51.46158992308425,17.80348211992532,-11.48701474419795,6.014718431979418
2026-04-23 07:44:38.700,3509419.043788324,779147.4747315365,5250975.055171935,-82906.06009782427,51.59126739005466,0.8614359749481082,-1.4955597592052072,1.6685986053198576
2026-04-23 07:44:38.800,3509419.1438975465,779147.2586505492,5250975.182103325,-82910.74273381068,51.66456067461391,1.0010922234505415,-2.160809872439131,1.2693138979375362
2026-04-23 07:44:38.900,3509419.2206636406,779147.0764258148,5250975.219470024,-82915.50821426853,51.485253864739235,0.7676609419286251,-1.8222473445348442,0.37366699427366257
2026-04-23 07:44:39.000,3509419.2413054556,779146.9831119267,5250975.281118659,-82920.28355229297,51.544537522675235,0.20641814917325974,-0.9331388806458563,0.6164863519370556
2026-04-23 07:44:39.100,3509419.2659277585,779146.9699692759,5250975.409295539,-82925.0138132545,51.15897540438827,0.2462230296805501,-0.13142650830559433,1.2817688006907701
2026-04-23 07:44:39.200,3509419.284170298,779146.925533119,5250975.473434609,-82929.80495279086,50.69350197411839,0.1824253937229514,-0.44436156866140664,0.6413906998932362
2026-04-23 07:44:39.300,3509419.2455789167,779146.8957456951,5250975.442794428,-82934.67302608397,50.71017448620616,-0.38591381162405014,-0.29787423904053867,-0.3064018115401268
2026-04-23 07:44:39.400,3509419.1721972967,779146.9341139864,5250975.423646299,-82939.51653342001,50.65996803679559,-0.7338161999359727,0.3836829133797437,-0.19148129038512707
2026-04-23 07:44:39.500,3509419.120495155,779146.9784691096,5250975.381888621,-82944.3715808417,50.947929081085384,-0.5170214176177979,0.443551231874153,-0.41757678613066673
2026-04-23 07:44:39.600,3509419.0998948067,779146.9947125325,5250975.402592633,-82949.13770216053,51.37194472503635,-0.20600348245352507,0.16243422869592905,0.20704012364149094
2026-04-23 07:44:39.700,3509419.0166056156,779147.034865168,5250975.4696125155,-82953.90854999742,51.51244229678915,-0.8328919112682343,0.4015263554174453,0.6701988261193037
2026-04-23 07:44:39.800,3509418.9883254636,779146.9460444411,5250975.504246209,-82958.67376441501,52.07001460172058,-0.2828015200793743,-0.8882072695996612,0.34633693285286427
2026-04-23 07:44:39.900,3509418.911863081,779146.8001458296,5250975.538946068,-82963.44779402755,52.34937841133768,-0.7646238245069981,-1.4589861151762307,0.34699859097599983
2026-04-23 07:44:40.000,3509418.8829673016,779146.6507908874,5250975.607150717,-82968.1982839917,52.53570912884689,-0.2889577951282263,-1.493549421429634,0.6820464879274368
2026-04-23 07:44:40.100,3509419.042884711,779146.4769922409,5250975.733423912,-82972.88768171014,52.71623721689699,1.5991740953177214,-1.7379864654503763,1.2627319525927305
2026-04-23 07:44:40.200,3509419.146965281,779146.4272975997,5250975.781119451,-82977.64280117914,52.57844035239182,1.0408056993037462,-0.49694641144014895,0.47695538960397243
2026-04-23 07:44:40.300,3509419.115402443,779146.3540198101,5250975.819735881,-82982.48669227741,52.2640952932855,-0.3156283823773265,-0.7327778963372111,0.3861643001437187
2026-04-23 07:44:40.400,3509419.204228508,779146.1653891946,5250975.80452996,-82987.31614791552,51.95652711125245,0.8882606495171785,-1.886306154774502,-0.15205920673906803
2026-04-23 07:44:40.500,3509419.247490728,779146.0834767168,5250975.79367134,-82992.16185420686,51.90261229909658,0.4326221998780966,-0.8191247784998268,-0.10858620516955853
2026-04-23 07:44:40.600,3509419.2079766425,779146.1226281445,5250975.678366021,-82997.07397726744,51.6700810158417,-0.39514085277915,0.39151427685283124,-1.1530531849712133
2026-04-23 07:44:40.700,3509419.2698259456,779146.1315490067,5250975.64547931,-83001.88067731372,51.48085143635733,0.6184930307790637,0.08920862223021686,-0.32886710949242115
2026-04-23 07:44:40.800,3509419.2756321304,779146.1370666263,5250975.656591703,-83006.67029777699,51.85075826750571,0.058061848394572735,0.05517619661986828,0.11112392880022526
2026-04-23 07:44:40.900,3509419.293569845,779146.1256139745,5250975.698220346,-83011.45768015305,52.55188750039939,0.1793771469965577,-0.11452651815488935,0.41628642939031124
2026-04-23 07:44:41.000,3509419.312321928,779146.1471856674,5250975.744168955,-83016.2574500292,52.660363707511685,0.18752082716673613,0.21571692894212902,0.4594860877841711
2026-04-23 07:44:41.100,3509419.304448622,779146.1935586159,5250975.709734564,-83021.05862760669,51.938558086217924,-0.07873306050896645,0.4637294844724238,-0.3443439118564129
2026-04-23 07:44:41.200,3509419.3391703996,779146.180134913,5250975.641084582,-83025.84499206803,51.747629599203776,0.3472177777439356,-0.13423702912405133,-0.6864998210221529
2026-04-23 07:44:41.300,3509419.349123202,779146.1228511278,5250975.626032727,-83030.62827898806,51.5172570649968,0.09952802211046219,-0.5728378519415855,-0.15051854774355888
2026-04-23 07:44:41.400,3509419.3483863883,779146.0251527798,5250975.639708074,-83035.4170658991,51.29185884482212,-0.007368135266005993,-0.9769834799226373,0.13675346970558167
2026-04-23 07:44:41.500,3509419.42335173,779145.8713007456,5250975.643012556,-83040.17545468561,51.1517524668453,0.7496534194797277,-1.5385203412733972,0.03304482437670231
2026-04-23 07:44:41.600,3509419.4593930887,779145.779883106,5250975.677020825,-83044.97767540798,51.06332500925151,0.3604135848581791,-0.9141763963270932,0.3400826919823885
2026-04-23 07:44:41.700,3509419.4618356247,779145.765390236,5250975.77508026,-83049.73518666814,50.77357822459246,0.024425359442830086,-0.1449286995921284,0.9805943444371223
2026-04-23 07:44:41.800,3509419.423181297,779145.6266328882,5250975.851614331,-83054.52287250504,50.78290582590073,-0.3865432785823941,-1.3875734782777727,0.7653407100588083
2026-04-23 07:44:41.900,3509419.3827090184,779145.3903073147,5250975.901469545,-83059.3177992876,51.08929364734219,-0.40472278371453285,-2.363255735253915,0.49855214543640614
2026-04-23 07:44:42.000,3509419.3689161246,779145.2117588482,5250975.9960963605,-83064.07755706429,51.117857442558154,-0.1379289384931326,-1.785484665306285,0.9462681505829096
2026-04-23 07:44:42.100,3509419.367857755,779145.094998439,5250976.070423142,-83068.83025442199,50.75289097920006,-0.010583694092929363,-1.1676040920428932,0.7432678155601025
2026-04-23 07:44:42.200,3509419.278013601,779145.0779934819,5250976.120603916,-83073.64567809184,50.39402542653818,-0.8984415419399738,-0.17004957073368132,0.5018077418208122
2026-04-23 07:44:42.300,3509416.2123241355,779147.4117979492,5250974.221592946,-83081.48928846513,31.527575581595748,-30.65689465496689,23.338044673437253,-18.990109702572227
2026-04-23 07:44:42.400,3509416.2004552116,779147.4007945132,5250974.141425622,-83086.33232010016,31.669769226466205,-0.11868923902511597,-0.11003436055034399,-0.8016732428222895
2026-04-23 07:44:42.500,3509416.203836624,779147.3992812682,5250974.042597619,-83091.18834903908,31.654257668224766,0.03381412476301193,-0.015132449334487319,-0.9882800281047821
2026-04-23 07:44:42.600,3509416.2064764625,779147.4184466512,5250974.041436089,-83095.95949053639,31.500283604975802,0.02639838494360447,0.19165382953360677,-0.011615296825766563
2026-04-23 07:44:42.700,3509416.234145811,779147.423320818,5250973.958012724,-83100.75460922248,31.49611896627918,0.27669348288327456,0.04874166799709201,-0.8342336490750313
2026-04-23 07:44:42.800,3509416.1691494677,779147.3635783631,5250973.833828879,-83105.59635034137,31.354828002636307,-0.6499634310603142,-0.5974245490506291,-1.2418384570628405
2026-04-23 07:44:42.900,3509416.0310153496,779147.2463431845,5250973.777824993,-83110.45106632927,31.280767885157278,-1.3813411816954613,-1.1723517859354615,-0.5600388534367085
2026-04-23 07:44:43.000,3509415.971339032,779147.0288431655,5250973.77823781,-83115.25680964926,31.41197239738504,-0.5967631749808788,-2.1750001900363714,0.004128171131014824
2026-04-23 07:44:43.100,3509415.941888422,779146.7759993554,5250973.772521552,-83120.06261231366,31.654712230849864,-0.29450610280036926,-2.528438101289794,-0.057162586599588394
2026-04-23 07:44:43.200,3509415.9720386183,779146.6378361651,5250973.747113116,-83124.89606730302,31.847582440648132,0.3015019651502371,-1.3816319021862,-0.25408435612916946
2026-04-23 07:44:43.300,3509416.3164697983,779147.0541092985,5250974.567643916,-83129.12033688722,44.14584704955405,3.4443118004128337,4.162731333635747,8.205308001488447
2026-04-23 07:44:43.400,3509416.4395904867,779147.0350111856,5250974.572283553,-83133.86553933093,44.019869451601856,1.2312068836763501,-0.19098112941719592,0.046396367251873016
2026-04-23 07:44:43.500,3509416.5400051204,779147.0425815119,5250974.609269578,-83138.58262199677,44.017810759883695,1.0041463375091553,0.07570326328277588,0.3698602505028248
2026-04-23 07:44:43.600,3509416.4373130254,779146.9972274298,5250974.659180039,-83143.3500613062,43.808673703345725,-1.0269209509715438,-0.45354082132689655,0.49910460598766804
2026-04-23 07:44:43.700,3509416.3829627107,779146.8482067916,5250974.685976127,-83148.1272213281,43.639270480811476,-0.5435031466186047,-1.4902063820045441,0.2679608855396509
2026-04-23 07:44:43.800,3509416.376644542,779146.8406904686,5250974.694166938,-83152.89732413656,43.664270992469355,-0.06318168714642525,-0.075163230067119,0.08190810680389404
2026-04-23 07:44:43.900,3509416.4030552916,779146.8423756757,5250974.685281412,-83157.64721570423,43.9068412984876,0.2641074964776635,0.016852071275934577,-0.08885526098310947
2026-04-23 07:44:44.000,3509416.4029116663,779146.8102613237,5250974.707244651,-83162.40631760067,44.10014510394354,-0.0014362530782818794,-0.3211435198318213,0.21963239647448063
2026-04-23 07:44:44.100,3509416.429851193,779146.6500589494,5250974.797784023,-83167.14019227585,44.01831208172669,0.2693952666595578,-1.6020237433258444,0.9053937159478664
2026-04-23 07:44:44.200,3509416.4293104624,779146.4945105907,5250974.89724679,-83171.87510256575,43.980449427702084,-0.005407305434346199,-1.55548358685337,0.9946276713162661
2026-04-23 07:44:44.300,3509416.494204717,779146.4747127237,5250974.948387797,-83176.61485256228,44.03782323039195,0.6489425478503108,-0.19797866931185126,0.5114100687205791
2026-04-23 07:44:44.400,3509416.64046845,779146.4845279575,5250974.95875231,-83181.32365715959,44.569079470333115,1.4626373257488012,0.09815233759582043,0.10364512912929058
2026-04-23 07:44:44.500,3509416.6669767434,779146.4903814113,5250974.954943199,-83186.06054379143,45.38996161887532,0.26508293580263853,0.058534537674859166,-0.038091111928224564
2026-04-23 07:44:44.600,3509416.6932516326,779146.461965268,5250974.938170769,-83190.87365283958,45.444357856342286,0.2627488924190402,-0.28416143264621496,-0.16772429458796978
2026-04-23 07:44:44.700,3509416.6926280367,779146.4293338446,5250974.905711674,-83195.69676906538,45.17467392010237,-0.006235959008336067,-0.32631423440761864,-0.3245909512042999
2026-04-23 07:44:44.800,3509416.67402176,779146.387559995,5250974.885893539,-83200.51390566316,44.95289459642727,-0.18606276717036963,-0.4177384951617569,-0.19818135537207127
2026-04-23 07:44:44.900,3509416.656699418,779146.3458568029,5250974.882504582,-83205.33191077659,44.63987151596473,-0.17322341911494732,-0.41703192167915404,-0.033889561891555786
2026-04-23 07:44:45.000,3509416.6456040456,779146.2989235247,5250974.874897534,-83210.14868481115,44.457980421508,-0.1109537249431014,-0.46933278208598495,-0.07607048377394676
2026-04-23 07:44:45.100,3509416.6461807545,779146.2286207946,5250974.971671065,-83214.86822706353,44.32766364827176,0.005767089314758778,-0.7030273007694632,0.9677353128790855
2026-04-23 07:44:45.200,3509416.6950473404,779146.1386655819,5250975.067113786,-83219.54469425275,44.55317517573916,0.48866585828363895,-0.8995521266479045,0.9544272068887949
2026-04-23 07:44:45.300,3509416.6938388227,779146.0962458663,5250975.155434021,-83224.23145682534,44.912440655266536,-0.01208517700433731,-0.42419715668074787,0.8832023479044437
2026-04-23 07:44:45.400,3509416.6608266803,779146.068297435,5250975.156660637,-83228.99186851426,44.746316033824755,-0.330121424049139,-0.27948431321419775,0.012266160920262337
2026-04-23 07:44:45.500,3509416.6181840603,779146.0241663137,5250975.152549233,-83233.76567343768,44.84478663159702,-0.4264261992648244,-0.44131121248938143,-0.04111403599381447
2026-04-23 07:44:45.600,3509416.5894266856,779145.8469149105,5250975.177200761,-83238.52304568369,45.22758944979498,-0.28757374733686447,-1.7725140321999788,0.24651527404785156
2026-04-23 07:44:45.700,3509416.6469064,779145.6608057984,5250975.190015153,-83243.2520510711,45.50172992260447,0.5747971450909972,-1.8610911210998893,0.1281439233571291
2026-04-23 07:44:45.800,3509416.7321095094,779145.5395145611,5250975.215500245,-83247.96825412057,45.463023607321745,0.8520310930907726,-1.2129123730119318,0.2548509184271097
2026-04-23 07:44:45.900,3509416.77130582,779145.5122468327,5250975.247377326,-83252.6796409017,56.93826080075322,0.391963105648756,-0.27267728350125253,0.3187708090990782
2026-04-23 07:44:46.000,3509416.6552356975,779145.4003667323,5250975.2518418385,-83257.49313837443,56.79270607960505,-1.1607012245804071,-1.1188010044861585,0.04464512690901756
2026-04-23 07:44:46.100,3509416.59890574,779145.1644682819,5250975.350869687,-83262.28087614279,56.15333917469053,-0.5632995767518878,-2.3589845036622137,0.9902784880250692
2026-04-23 07:44:46.200,3509416.6235319506,779145.055279686,5250975.524488679,-83267.00609596804,55.28039313295749,0.24626210797578096,-1.0918859590310603,1.7361899185925722
2026-04-23 07:44:46.300,3509419.9961390556,779142.7408932102,5250977.845996579,-83268.38531235991,66.03440771701452,33.72607104945928,-23.143864758312702,23.215079000219703
2026-04-23 07:44:46.400,3509419.934547326,779142.754819805,5250977.887666926,-83273.19594287641,66.0263536902524,-0.615917295217514,0.13926594867371023,0.4167034663259983
2026-04-23 07:44:46.500,3509419.9710876006,779142.7653202774,5250977.904673415,-83277.96681934678,66.10974239576156,0.36540274508297443,0.10500472388230264,0.1700648944824934
2026-04-23 07:44:46.600,3509419.988094035,779142.789379487,5250977.873091924,-83282.73383996982,66.17474728824726,0.17006434500217438,0.24059209623374045,-0.31581491231918335
2026-04-23 07:44:46.700,3509419.94828009,779142.8025147519,5250977.7933811145,-83287.55372291115,66.14850581729623,-0.39813945069909096,0.13135264860466123,-0.7971080951392651
2026-04-23 07:44:46.800,3509419.866132733,779142.7914257224,5250977.663523384,-83292.43760055248,66.1490554220534,-0.8214735705405474,-0.11089029489085078,-1.2985773012042046
2026-04-23 07:44:46.900,3509419.749326071,779142.8090469682,5250977.541179474,-83297.33521790165,66.08951078369718,-1.1680666217580438,0.17621245817281306,-1.2234390992671251
2026-04-23 07:44:47.000,3509419.677759413,779142.7298200972,5250977.489856105,-83302.165941328,66.11051598829039,-0.7156665762886405,-0.7922687102109194,-0.5132336914539337
2026-04-23 07:44:47.100,3509419.543370799,779142.5468259498,5250977.497358928,-83307.0217047272,66.51817043236586,-1.3438861398026347,-1.8299414741341025,0.07502823136746883
2026-04-23 07:44:47.200,3509419.4950896716,779142.4250433946,5250977.548592421,-83311.85361042642,66.79796209174557,-0.4828112758696079,-1.2178255524486303,0.5123349279165268
2026-04-23 07:44:47.300,3509419.5894646333,779142.343857899,5250977.601272771,-83316.62921461373,67.07369220905382,0.9437496168538928,-0.8118549559731036,0.5268034990876913
2026-04-23 07:44:47.400,3509419.6224669167,779142.3575458465,5250977.591333863,-83321.43812396568,67.11367611200784,0.33002283424139023,0.1368794753216207,-0.0993890780955553
2026-04-23 07:44:47.500,3509419.570692745,779142.3642548856,5250977.672128253,-83326.22108779366,66.98793236376483,-0.5177417164668441,0.06709039094857872,0.80794389359653
2026-04-23 07:44:47.600,3509419.5077062775,779142.2900519145,5250977.763385822,-83330.97704493035,66.69973287021614,-0.6298646749928594,-0.7420297106727958,0.9125756938010454
2026-04-23 07:44:47.700,3509419.4958133115,779142.2878940242,5250977.772574651,-83335.79279318161,65.89324391905119,-0.11892965994775295,-0.02157890354283154,0.09188828989863396
2026-04-23 07:44:47.800,3509419.5040705693,779142.3094275313,5250977.722943718,-83340.5973805343,65.42365374505525,0.08257257752120495,0.21533507155254483,-0.49630933441221714
2026-04-23 07:44:47.900,3509419.4700955623,779142.3126822406,5250977.777605546,-83345.35847289643,65.01157214760447,-0.3397500701248646,0.032547092996537685,0.5466182809323072
2026-04-23 07:44:48.000,3509419.518189217,779142.203064164,5250977.928714993,-83350.02642300684,63.93956280285002,0.48093654680997133,-1.096180765889585,1.5110944770276546
2026-04-23 07:44:48.100,3509419.5493767755,779142.0171064995,5250977.969417578,-83354.80558054803,63.749965742881564,0.3118755854666233,-1.8595766450744122,0.4070258419960737
2026-04-23 07:44:48.200,3509419.5206988496,779141.980606454,5250977.935232876,-83359.67694107222,64.08677732725066,-0.28677925933152437,-0.3650004556402564,-0.3418470174074173
2026-04-23 07:44:48.300,3509415.9581438596,779144.353415369,5250975.733840556,-83367.9745804443,43.15671535889312,-35.62554989941418,23.728089150972664,-22.01392319984734
2026-04-23 07:44:48.400,3509415.884620185,779144.1072675583,5250975.672012569,-83372.85981295998,43.6837301527156,-0.7352367462590337,-2.4614781071431935,-0.6182798650115728
2026-04-23 07:44:48.500,3509415.8589686835,779143.832558997,5250975.614309754,-83377.73701558827,44.19803742142581,-0.2565150149166584,-2.7470856136642396,-0.577028151601553
2026-04-23 07:44:48.600,3509415.9007109185,779143.7720179788,5250975.544888309,-83382.60750989399,44.26193746986411,0.4174223495647311,-0.6054101814515889,-0.6942144501954317
2026-04-23 07:44:48.700,3509416.0034214407,779143.7429599147,5250975.515480684,-83387.42294463693,44.44648072756536,1.0271052224561572,-0.2905806410126388,-0.2940762508660555
2026-04-23 07:44:48.800,3509416.110563306,779143.7476438297,5250975.597010047,-83392.13995245149,44.35129441287451,1.0714186541736126,0.04683914943598211,0.8152936305850744
2026-04-23 07:44:48.900,3509416.1784877335,779143.590092257,5250975.685062017,-83396.87668986514,44.460605633756096,0.6792442733421922,-1.5755157265812159,0.8805197011679411
2026-04-23 07:44:49.000,3509416.2334760022,779143.3947391408,5250975.658834774,-83401.67595835208,44.66097070687728,0.5498826876282692,-1.9535311625804752,-0.2622724324464798
2026-04-23 07:44:49.100,3509416.2799807894,779143.3668447037,5250975.61818363,-83406.50348746341,44.64888840864951,0.4650478716939688,-0.2789443708024919,-0.40651144459843636
2026-04-23 07:44:49.200,3509416.341378284,779143.424960763,5250975.628203092,-83411.27462182248,44.56351884287422,0.6139749474823475,0.5811605928465724,0.10019462555646896
2026-04-23 07:44:49.300,3509416.2192664384,779143.5128620485,5250975.51585136,-83416.18750614657,45.317002622462,-1.2211184576153755,0.8790128550026566,-1.1235173232853413
2026-04-23 07:44:49.400,3509416.1713999715,779143.4561345603,5250975.445498264,-83421.04944650082,46.236512704885676,-0.4786646692082286,-0.5672748817596585,-0.7035309541970491
2026-04-23 07:44:49.500,3509416.1817194237,779143.3126456001,5250975.412796808,-83425.86374459518,46.46318375687033,0.1031945226714015,-1.4348896022420377,-0.327014559879899
2026-04-23 07:44:49.600,3509416.1712253257,779143.2517236883,5250975.342744812,-83430.72220325825,46.615643984600226,-0.1049409806728363,-0.6092191173229367,-0.7005199603736401
2026-04-23 07:44:49.700,3509416.176668961,779143.2936122213,5250975.306117006,-83435.5083625265,46.53566877724931,0.05443635396659374,0.41888532927259803,-0.3662780672311783
2026-04-23 07:44:49.800,3509416.1725383583,779143.3141742026,5250975.261041311,-83440.30712551842,46.61419813763647,-0.04130602814257145,0.20561981364153326,-0.45075695030391216
2026-04-23 07:44:49.900,3509416.168377302,779143.281568437,5250975.190015693,-83445.11670204316,47.00505223905088,-0.041610561311244965,-0.3260576562024653,-0.7102561742067337
2026-04-23 07:44:50.000,3509416.175348063,779143.2237704379,5250975.091319362,-83449.9378877665,47.303237325715166,0.06970760878175497,-0.5779799912124872,-0.986963314935565
2026-04-23 07:44:50.100,3509416.178517382,779143.1961708886,5250975.150605872,-83454.64589469896,46.81334797034508,0.03169319126754999,-0.27599549270235,0.5928651057183743
2026-04-23 07:44:50.200,3509416.195483071,779143.1891897881,5250975.205408801,-83459.34693811032,46.70468652028988,0.16965688671916723,-0.069811005378142,0.5480292905122042
2026-04-23 07:44:50.300,3509416.2779497844,779143.126539024,5250975.23710489,-83464.05066886601,46.34635114603161,0.8246671361848712,-0.6265076412819326,0.3169608861207962
2026-04-23 07:44:50.400,3509416.295732309,779143.0594769826,5250975.29807282,-83468.76514237194,46.04492927361887,0.17782524693757296,-0.670620413729921,0.6096792966127396
2026-04-23 07:44:50.500,3509416.2615702627,779143.0564659855,5250975.3834335385,-83473.51010695542,45.42222470413413,-0.34162046387791634,-0.030109970830380917,0.8536071889102459
2026-04-23 07:44:50.600,3509416.292218588,779143.0503697073,5250975.397379172,-83478.26629047531,45.25061901551061,0.30648325104266405,-0.06096278200857341,0.13945633545517921
2026-04-23 07:44:50.700,3509416.3704884774,779142.9223306387,5250975.404858626,-83483.00795809028,44.70784109723391,0.7826988957822323,-1.2803906854242086,0.07479454390704632
2026-04-23 07:44:50.800,3509416.429975478,779142.7056395228,5250975.364729305,-83487.80276016529,44.35771851858361,0.5948700057342649,-2.1669111598748714,-0.4012932162731886
2026-04-23 07:44:50.900,3509416.4508593776,779142.5381834742,5250975.364152552,-83492.57838130744,44.06515619844083,0.2088389964774251,-1.67456048540771,-0.00576753169298172
2026-04-23 07:44:51.000,3509417.533919947,779141.5991274467,5250976.784924822,-83495.89560975914,51.05883601411153,10.830605695955455,-9.390560275642201,14.207722702994943
2026-04-23 07:44:51.100,3509417.4588277014,779141.565570327,5250976.876389244,-83500.61101945213,51.02509336694855,-0.7509224582463503,-0.33557119662873447,0.9146442171186209
2026-04-23 07:44:51.200,3509417.369768782,779141.4841136471,5250976.941483263,-83505.37473312329,51.05578912959687,-0.8905891934409738,-0.8145667985081673,0.6509401928633451
2026-04-23 07:44:51.300,3509417.3062818935,779141.4466162481,5250976.990392125,-83510.13995573741,50.9878381102342,-0.6348688853904605,-0.3749739902559668,0.4890886228531599
2026-04-23 07:44:51.400,3509417.318176805,779141.4462188224,5250977.04920653,-83514.86005496435,50.89401017618273,0.11894911527633667,-0.003974257269874215,0.5881440453231335
2026-04-23 07:44:51.500,3509417.2825367264,779141.3655304878,5250977.142965093,-83519.58575883253,50.57162984026435,-0.35640078596770763,-0.8068833453580737,0.9375856351107359
2026-04-23 07:44:51.600,3509417.204943511,779141.1736855285,5250977.16443418,-83524.381042641,50.589332830652744,-0.7759321527555585,-1.9184495939407498,0.21469086408615112
2026-04-23 07:44:51.700,3509417.151354809,779141.0548973533,5250977.144752915,-83529.22005067788,50.945993075431694,-0.5358870234340429,-1.187881751684472,-0.19681264646351337
2026-04-23 07:44:51.800,3509417.111331615,779141.0150956422,5250977.11143015,-83534.03635199448,51.05847653488601,-0.40023193694651127,-0.39801711100153625,-0.33322764560580254
2026-04-23 07:44:51.900,3509417.0780145605,779140.9857110843,5250977.096554194,-83538.84575835931,51.548333188096755,-0.33317054621875286,-0.2938455785624683,-0.14875956811010838
2026-04-23 07:44:52.000,3509417.0754621383,779140.9745952422,5250977.0864191735,-83543.65307438605,51.86292296451939,-0.025524222292006016,-0.11115842149592936,-0.1013502012938261
2026-04-23 07:44:52.100,3509417.078334159,779140.9981001059,5250977.128951571,-83548.37626670298,52.15867998909654,0.028720209375023842,0.23504863725975156,0.4253239743411541
2026-04-23 07:44:52.200,3509417.047210171,779141.0259935722,5250977.091059157,-83553.15778233786,52.17756792512151,-0.3112398833036423,0.27893466292880476,-0.3789241425693035
2026-04-23 07:44:52.300,3509416.9937913427,779141.0371429789,5250977.045252721,-83557.9491406003,52.078206908577634,-0.5341882817447186,0.11149406665936112,-0.45806435868144035
2026-04-23 07:44:52.400,3509416.9611687902,779141.074157959,5250977.032869254,-83562.72338679877,52.24422305708186,-0.3262255247682333,0.37014980101957917,-0.12383466586470604
2026-04-23 07:44:52.500,3509416.977391064,779141.0870674866,5250977.115674454,-83567.42980362123,52.32456087449175,0.1622227393090725,0.12909527635201812,0.828051995486021
2026-04-23 07:44:52.600,3509416.992030608,779141.0855731175,5250977.164129923,-83572.14292759499,52.17200132345087,0.1463954383507371,-0.01494369120337069,0.4845546931028366
2026-04-23 07:44:52.700,3509416.990276923,779141.1379650218,5250977.18743624,-83576.88530935995,52.21634173649741,-0.01753685064613819,0.523919042898342,0.23306316696107388
2026-04-23 07:44:52.800,3509417.0262679257,779141.1962869833,5250977.155672844,-83581.65123415615,52.366798714193145,0.35991002805531025,0.5832196155097336,-0.31763396225869656
2026-04-23 07:44:52.900,3509417.132754307,779141.2973043264,5250977.141213313,-83586.39691591387,52.27012109961045,1.0648638103157282,1.0101734311319888,-0.1445953082293272
2026-04-23 07:44:53.000,3509417.260377762,779141.402375237,5250977.179453824,-83591.09570459947,52.02177753305672,1.276234551332891,1.050709105329588,0.3824051097035408
2026-04-23 07:44:53.100,3509417.2881244263,779141.4564759441,5250977.118084498,-83595.8950018818,52.37654882069036,0.27746664360165596,0.5410070717334747,-0.6136932596564293
2026-04-23 07:44:53.200,3509417.305228491,779141.5047973115,5250977.03650419,-83600.71253109864,52.907642260125755,0.1710406458005309,0.48321367357857525,-0.8158030733466148
2026-04-23 07:44:53.300,3509417.3112139134,779141.5216161005,5250976.962314539,-83605.54717575065,53.267729562909814,0.059854225255548954,0.1681878895033151,-0.7418965175747871
2026-04-23 07:44:53.400,3509417.275090283,779141.5060685324,5250976.919189333,-83610.36925555332,53.30256544959777,-0.36123630590736866,-0.15547568094916642,-0.4312520567327738
2026-04-23 07:44:53.500,3509417.181439289,779141.488007489,5250976.819696782,-83615.26058932634,53.48404799995625,-0.9365099389106035,-0.18061043345369399,-0.9949255082756281
2026-04-23 07:44:53.600,3509417.173377105,779141.5388774229,5250976.714667508,-83620.04925524644,53.40347408361597,-0.08062183856964111,0.5086993391159922,-1.0502927377820015
2026-04-23 07:44:53.700,3509417.224131518,779141.5915249952,5250976.691213026,-83624.77374558836,53.28784281281296,0.5075441300868988,0.5264757224358618,-0.23454482667148113
2026-04-23 07:44:53.800,3509417.2721194304,779141.6641236817,5250976.672031143,-83629.48708453252,53.05854370370846,0.4798791231587529,0.7259868655819446,-0.19181882962584496
2026-04-23 07:44:53.900,3509417.3566860505,779141.7718415074,5250976.703835777,-83634.15305369736,52.64345421074848,0.8456662017852068,1.0771782568190247,0.31804634258151054
2026-04-23 07:44:54.000,3509417.4042404643,779141.8281059931,5250976.6851990335,-83638.85886795755,52.67969904143967,0.4755441378802061,0.5626448569819331,-0.18636743538081646
2026-04-23 07:44:54.100,3509417.3893061527,779141.8128982113,5250976.621959253,-83643.70096560041,53.07919714752094,-0.14934311620891094,-0.1520778180565685,-0.6323978025466204
2026-04-23 07:44:54.200,3509417.407664889,779141.8599467454,5250976.603131018,-83648.49675446961,53.11202893101524,0.1835873629897833,0.47048534150235355,-0.18828235566616058
2026-04-23 07:44:54.300,3509416.3539937087,779142.8031176273,5250975.23240578,-83654.69330283249,45.352642112797625,-10.536711802706122,9.431708818301558,-13.707252377644181
2026-04-23 07:44:54.400,3509416.315578967,779142.8481845974,5250975.250644702,-83659.47187559814,45.678357311953604,-0.3841474186629057,0.45066970167681575,0.18238922581076622
2026-04-23 07:44:54.500,3509416.254687382,779142.8841895782,5250975.266545648,-83664.26802327768,45.788485316950485,-0.6089158495888114,0.36004980793222785,0.15900945290923119
2026-04-23 07:44:54.600,3509416.2594790556,779142.927533697,5250975.284214707,-83669.03823682452,45.85260526112393,0.047916737385094166,0.43344118748791516,0.17669059336185455
2026-04-23 07:44:54.700,3509416.195153659,779142.9566678648,5250975.235235827,-83673.84686356041,46.01812979162028,-0.6432539643719792,0.29134167823940516,-0.48978880047798157
2026-04-23 07:44:54.800,3509416.1684827628,779142.9447389978,5250975.200561637,-83678.65703121583,45.92873909325101,-0.2667089644819498,-0.11928866966627538,-0.3467418998479843
2026-04-23 07:44:54.900,3509416.1587542323,779142.9371527593,5250975.185944607,-83683.44194434359,45.64111546660497,-0.09728530421853065,-0.07586238556541502,-0.14617030508816242
2026-04-23 07:44:55.000,3509416.1824779054,779142.9236984402,5250975.178220499,-83688.2128794422,45.720886039716945,0.23723673075437546,-0.1345431909430772,-0.0772410724312067
2026-04-23 07:44:55.100,3509416.1835253923,779142.9637669044,5250975.185115388,-83692.98269068218,45.564765505793034,0.010474869050085545,0.4006846423726529,0.0689488835632801
2026-04-23 07:44:55.200,3509416.1947481516,779143.0075190761,5250975.227494645,-83697.76011662831,44.91790382356312,0.11222759261727333,0.4375217168126255,0.42379257269203663
2026-04-23 07:44:55.300,3509416.1951318267,779143.0485413058,5250975.191257524,-83702.57198648564,44.7152750232431,0.0038367509841918945,0.4102222970686853,-0.36237120628356934
2026-04-23 07:44:55.400,3509416.112329037,779143.0810202385,5250975.162082675,-83707.3940826796,44.72720497979675,-0.8280278975144029,0.3247893264051527,-0.2917484939098358
2026-04-23 07:44:55.500,3509415.9791533668,779143.1201871492,5250975.120965791,-83712.2360048218,45.125928659062204,-1.3317567016929388,0.39166910690255463,-0.4111688397824764
2026-04-23 07:44:55.600,3509415.8994553736,779143.1866335745,5250975.124316892,-83717.02955173544,45.49634666878191,-0.7969799311831594,0.6644642539322376,0.03351100720465183
2026-04-23 07:44:55.700,3509415.879342129,779143.2937435338,5250975.226988351,-83721.74974307524,45.33919137452681,-0.20113244652748108,1.071099592372775,1.0267145931720734
2026-04-23 07:44:55.800,3509415.828832393,779143.3819101196,5250975.203976419,-83726.53760316096,45.436815781040636,-0.505097359418869,0.8816658577416092,-0.23011932149529457
2026-04-23 07:44:55.900,3509415.8118357817,779143.4508181956,5250975.188825869,-83731.3050290842,45.21818834780099,-0.1699661137536168,0.6890807603485882,-0.15150549821555614
2026-04-23 07:44:56.000,3509415.826087885,779143.4818255359,5250975.133615217,-83736.07188528603,45.216796878763255,0.1425210339948535,0.3100734029430896,-0.5521065182983875
2026-04-23 07:44:56.100,3509415.827032246,779143.5098168774,5250975.145882528,-83740.8113419542,45.24654063491249,0.009443610906600952,0.27991341543383896,0.12267311103641987
2026-04-23 07:44:56.200,3509415.8030681256,779143.5775164776,5250975.196003453,-83745.55447198362,45.09989346796638,-0.23964120540767908,0.6769960012752563,0.5012092459946871
2026-04-23 07:44:56.300,3509415.772061045,779143.606800554,5250975.199414229,-83750.32940227675,45.140568655763225,-0.3100708080455661,0.2928407641593367,0.03410776145756245
2026-04-23 07:44:56.400,3509415.742544369,779143.620106418,5250975.17170478,-83755.13689857915,45.24412977551001,-0.2951667597517371,0.133058640640229,-0.2770944871008396
2026-04-23 07:44:56.500,3509415.7434405866,779143.6493471884,5250975.187383983,-83759.89393843958,45.259780933565644,0.0089621776714921,0.29240770381875336,0.1567920297384262
2026-04-23 07:44:56.600,3509415.723208452,779143.6726016648,5250975.171396238,-83764.66273103212,45.30576995431499,-0.20232134498655796,0.23254476371221244,-0.15987745486199856
2026-04-23 07:44:56.700,3509415.637081992,779143.6960781283,5250975.106861391,-83769.49199642458,45.08897353830725,-0.8612646022811532,0.23476463509723544,-0.6453484669327736
2026-04-23 07:44:56.800,3509415.612224122,779143.76261239,5250975.112632948,-83774.2681163072,44.866334495116575,-0.248578698374331,0.6653426168486476,0.05771556869149208
2026-04-23 07:44:56.900,3509415.5918512475,779143.7806577788,5250975.084356722,-83779.04774397878,45.16184880548188,-0.20372874569147825,0.1804538886062801,-0.2827622555196285
2026-04-23 07:44:57.000,3509415.5516817044,779143.8208594071,5250975.053408047,-83783.85573409562,45.17952893792894,-0.40169543121010065,0.40201628231443465,-0.30948675237596035
2026-04-23 07:44:57.100,3509415.5665698615,779143.8913940968,5250974.992340531,-83788.62871262082,45.04113507464747,0.148881571367383,0.7053468970116228,-0.6106751598417759
2026-04-23 07:44:57.200,3509415.630222873,779143.9593176873,5250975.019382524,-83793.34170134392,44.928387379451955,0.6365301134064794,0.6792359054088593,0.27041993103921413
2026-04-23 07:44:57.300,3509415.6801925967,779143.9694383625,5250974.969475059,-83798.09018007261,45.17627280920989,0.499697239138186,0.10120675200596452,-0.4990746546536684
2026-04-23 07:44:57.400,3509415.7040008428,779143.9809275961,5250974.890630753,-83802.90187307676,45.47991378350141,0.2380824601277709,0.11489233584143221,-0.7884430605918169
2026-04-23 07:44:57.500,3509415.755530624,779143.9698202274,5250974.835601582,-83807.68858435843,45.67783338575709,0.5152978142723441,-0.11107368743978441,-0.5502917058765888
2026-04-23 07:44:57.600,3509415.8604867985,779144.0142108899,5250974.849096785,-83812.41575298381,45.61630038023473,1.0495617426931858,0.4439066257327795,0.13495203107595444
2026-04-23 07:44:57.700,3509415.9097155733,779144.0543951511,5250974.896140296,-83817.13509200397,45.384538308543206,0.4922877484932542,0.4018426116090268,0.470435107126832
2026-04-23 07:44:57.800,3509415.9727116446,779144.0884756694,5250974.876522271,-83821.86737394433,45.266416346943515,0.6299607129767537,0.34080518293194473,-0.19618025049567223
2026-04-23 07:44:57.900,3509416.067965129,779144.1310990881,5250974.846358801,-83826.5986460656,45.305619266157166,0.952534843236208,0.4262341873254627,-0.3016346972435713
2026-04-23 07:44:58.000,3509416.082261797,779144.1255994701,5250974.7192451935,-83831.42262741207,45.42645261483682,0.14296668116003275,-0.054996180115267634,-1.2711360771209002
2026-04-23 07:44:58.100,3509416.0868959995,779144.1509800438,5250974.5618449915,-83836.2698955832,45.75492400949949,0.0463420245796442,0.2538057370111346,-1.574002020061016
2026-04-23 07:44:58.200,3509416.0890587345,779144.1649505502,5250974.423091239,-83841.11559562286,45.67547072859226,0.02162734977900982,0.13970506377518177,-1.3875375222414732
2026-04-23 07:44:58.300,3509416.0892208926,779144.1680958462,5250974.304627103,-83845.94477484134,45.6193525349308,0.0016215816140174866,0.031452960101887584,-1.1846413649618626
2026-04-23 07:44:58.400,3509416.1327525727,779144.2108129557,5250974.254978725,-83850.69900898475,45.75514003708135,0.4353168001398444,0.42717109550721943,-0.49648378044366837
2026-04-23 07:44:58.500,3509416.0853612125,779144.2564651145,5250974.166920474,-83855.52937022196,46.11161306514361,-0.4739136015996337,0.45652158791199327,-0.8805825095623732
2026-04-23 07:44:58.600,3509416.099203054,779144.3457709899,5250974.195241829,-83860.24601921381,46.34685109816583,0.13841841369867325,0.8930587535724044,0.2832135558128357
2026-04-23 07:44:58.700,3509416.1841116166,779144.474487717,5250974.291088596,-83864.8980644369,46.276527526991124,0.8490856271237135,1.287167271366343,0.9584676660597324
2026-04-23 07:44:58.800,3509416.279762496,779144.5794980621,5250974.359623341,-83869.54054670065,45.78416280234837,0.9565087920054793,1.0501034511253238,0.6853474490344524
2026-04-23 07:44:58.900,3509416.365384175,779144.6499236948,5250974.36639735,-83874.23829613563,45.69721572333999,0.8562167920172215,0.7042563264258206,0.06774009205400944
2026-04-23 07:44:59.000,3509416.4300033185,779144.6879987237,5250974.346783359,-83878.9423572502,45.76703322537831,0.6461914349347353,0.3807502891868353,-0.19613991491496563
2026-04-23 07:44:59.100,3509416.4501089347,779144.7430234982,5250974.332355913,-83883.71468277529,45.98106821119562,0.20105616189539433,0.5502477451227605,-0.14427445828914642
2026-04-23 07:44:59.200,3509416.4460106064,779144.7778290311,5250974.291832694,-83888.50442571635,45.99640463152306,-0.04098328296095133,0.3480553289409727,-0.4052321892231703
2026-04-23 07:44:59.300,3509416.4435135773,779144.8228625865,5250974.29159587,-83893.24784935488,45.83492877967159,-0.02497029025107622,0.4503355536144227,-0.002368241548538208
2026-04-23 07:44:59.400,3509416.3958508414,779144.9005712083,5250974.250739165,-83898.04626616546,45.87454781963737,-0.47662735916674137,0.7770862185861915,-0.4085670504719019
2026-04-23 07:44:59.500,3509416.3468906223,779144.9825897027,5250974.255442623,-83902.82916165088,45.89302720562142,-0.48960219137370586,0.8201849437318742,0.04703458398580551
2026-04-23 07:44:59.600,3509416.3424521033,779145.011915844,5250974.223361315,-83907.62212857493,46.08898289884123,-0.04438519012182951,0.29326141346246004,-0.3208130784332752
2026-04-23 07:44:59.700,3509416.3483050196,779145.0689217248,5250974.2930235965,-83912.3295561657,46.03166599580969,0.05852916277945042,0.5700588074978441,0.6966228131204844
2026-04-23 07:44:59.800,3509416.3382057287,779145.1165637166,5250974.411483692,-83917.03078283246,46.12593038358962,-0.10099290870130062,0.47641991754062474,1.18460095487535
2026-04-23 07:44:59.900,3509416.3128825543,779145.1588355566,5250974.532977433,-83921.7642062978,46.01119176322756,-0.2532317442819476,0.422718400368467,1.2149374093860388
2026-04-23 07:45:00.000,3509416.335128189,779145.2315196206,5250974.684870626,-83926.45213708402,45.34531470413123,0.2224563481286168,0.7268406404182315,1.5189319290220737
2026-04-23 07:45:00.100,3509416.337776428,779145.278659415,5250974.694060937,-83931.19690442622,45.25000080074679,0.026482390239834785,0.47139794332906604,0.09190310724079609
2026-04-23 07:45:00.200,3509416.309851694,779145.3433118071,5250974.73632332,-83935.94575073858,45.18221510137143,-0.2792473416775465,0.6465239217504859,0.4226238373667002
2026-04-23 07:45:00.300,3509416.30321494,779145.403931977,5250974.770357927,-83940.68626561933,45.06911344124025,-0.06636754143983126,0.606201698537916,0.34034607000648975
2026-04-23 07:45:00.400,3509416.2351563107,779145.4885260253,5250974.74850631,-83945.46261698229,45.144308804107915,-0.6805862905457616,0.8459404832683504,-0.218516169115901
2026-04-23 07:45:00.500,3509416.163518025,779145.564300497,5250974.616766647,-83950.31332138488,45.630049483842626,-0.7163828564807773,0.7577447162475437,-1.317396629601717
2026-04-23 07:45:00.600,3509416.0716655115,779145.705787129,5250974.554320359,-83955.1113788299,45.60947162902365,-0.9185251360759139,1.4148663205560297,-0.6244628876447678
2026-04-23 07:45:00.700,3509419.3503807667,779145.0345208348,5250986.940763636,-83952.51585808754,59.03264744386764,32.78715255204588,-6.712662942009047,123.86443276889622
2026-04-23 07:45:00.800,3509419.388550541,779145.108449098,5250987.032579597,-83957.21594347284,59.49619123726677,0.3816977422684431,0.7392826315481216,0.9181596152484417
2026-04-23 07:45:00.900,3509419.394833528,779145.1178887215,5250987.036800447,-83961.9597078786,60.19005718589146,0.0628298707306385,0.09439623565413058,0.04220849834382534
2026-04-23 07:45:01.000,3509419.429035702,779145.1985282487,5250987.146656387,-83966.63801933832,60.38423885765759,0.34202173817902803,0.8063952717930079,1.098559396341443
2026-04-23 07:45:01.100,3509419.4111926304,779145.2992204083,5250987.092596432,-83971.4231581222,60.09526723815047,-0.1784307137131691,1.006921596126631,-0.5405995436012745
2026-04-23 07:45:01.200,3509419.445013673,779145.3671288354,5250987.215078244,-83976.07994937936,60.28560270209561,0.33821042627096176,0.67908427095972,1.224818117916584
2026-04-23 07:45:01.300,3509419.4636111557,779145.4545768083,5250987.275369265,-83980.77440739049,60.36586773533372,0.18597482703626156,0.8744797285180539,0.6029102113097906
2026-04-23 07:45:01.400,3509419.553178663,779145.5295647697,5250987.338055251,-83985.46573083597,60.89949940737181,0.8956750715151429,0.7498796144500375,0.6268598604947329
2026-04-23 07:45:01.500,3509419.638948054,779145.6358607162,5250987.453494727,-83990.12729036104,61.12198204776694,0.8576939115300775,1.0629594651982188,1.154394755139947
2026-04-23 07:45:01.600,3509419.686254543,779145.7436359469,5250987.423369937,-83994.87522139603,61.2637839995021,0.4730648873373866,1.0777523065917194,-0.301247900351882
2026-04-23 07:45:01.700,3509419.796597729,779145.8208113762,5250987.580603335,-83999.49795562422,61.63437849072465,1.103431861847639,0.7717542932368815,1.5723339840769768
2026-04-23 07:45:01.800,3509419.835629356,779145.8660916894,5250987.475982164,-84004.28515313394,61.59608424306805,0.39031627122312784,0.4528031323570758,-1.0462117101997137
2026-04-23 07:45:01.900,3509419.8454940584,779145.8278170578,5250987.289499063,-84009.13590582443,61.94498999928847,0.09864702355116606,-0.38274631602689624,-1.8648310098797083
2026-04-23 07:45:02.000,3509419.9860804095,779145.8771809163,5250987.505872874,-84013.72810595074,62.51043243261854,1.4058635104447603,0.493638584157452,2.1637381054461002
2026-04-23 07:45:02.100,3509420.0575851705,779145.9600026935,5250987.52848281,-84018.45154474095,62.77412878819978,0.7150476099923253,0.8282177720684558,0.22609936073422432
2026-04-23 07:45:02.200,3509420.112700371,779145.9779767643,5250987.557471577,-84023.16482936437,63.45523256840791,0.5511520057916641,0.17974070855416358,0.2898876741528511
2026-04-23 07:45:02.300,3509420.134048293,779145.9925994863,5250987.47681844,-84027.96205691807,63.22835715590988,0.21347921807318926,0.1462272193748504,-0.8065313752740622
2026-04-23 07:45:02.400,3509420.142833355,779146.0154148054,5250987.4262553435,-84032.75622213117,62.779920418495564,0.08785062003880739,0.228153191274032,-0.505630960687995
2026-04-23 07:45:02.500,3509420.1417854778,779146.0166397181,5250987.27349855,-84037.5879472136,62.4408007423426,-0.010478771291673183,0.01224912703037262,-1.5275679342448711
2026-04-23 07:45:02.600,3509420.152368595,779146.0606031811,5250987.138710798,-84042.40805323268,61.95487699133127,0.10583117138594389,0.4396346304565668,-1.347877522930503
2026-04-23 07:45:02.700,3509420.1979653784,779146.1449245964,5250987.0854922775,-84047.15168612622,61.83633033582442,0.4559678351506591,0.8432141528464854,-0.5321852024644613
2026-04-23 07:45:02.800,3509420.2831360498,779146.1950391898,5250987.1478506895,-84051.86771343576,62.27270536625077,0.8517067134380341,0.5011459335219115,0.6235841196030378
2026-04-23 07:45:02.900,3509420.3284801273,779146.264958784,5250987.10191737,-84056.63723552934,62.31651294886934,0.4534407751634717,0.6991959421429783,-0.4593331925570965
2026-04-23 07:45:03.000,3509420.3961004284,779146.3051216758,5250987.093395627,-84061.37071344363,61.881935200744884,0.6762030115351081,0.40162891848012805,-0.0852174311876297
2026-04-23 07:45:03.100,3509420.389016056,779146.352687628,5250987.050653094,-84066.1483830006,61.35164180729477,-0.07084372453391552,0.47565952176228166,-0.42742532677948475
2026-04-23 07:45:03.200,3509420.3921100344,779146.4409437795,5250986.969679486,-84070.94300068577,60.601496992309215,0.03093978390097618,0.8825615153182298,-0.8097360841929913
2026-04-23 07:45:03.300,3509420.3990056715,779146.4787193447,5250986.930242408,-84075.72845490191,59.98631253955376,0.06895637139678001,0.3777556517161429,-0.39437077939510345
2026-04-23 07:45:03.400,3509420.4199705366,779146.57437667,5250986.913310255,-84080.47772397602,59.34285042571802,0.2096486510708928,0.9565732523333281,-0.16932153142988682
2026-04-23 07:45:03.500,3509420.507063242,779146.6440425748,5250987.002793156,-84085.17311941176,59.579505061431675,0.8709270553663373,0.6966590485535562,0.8948290068656206
2026-04-23 07:45:03.600,3509420.433223073,779146.7009081404,5250986.750702962,-84090.07776896244,58.977045912010716,-0.7384016923606396,0.5686556559521705,-2.520901933312416
2026-04-23 07:45:03.700,3509420.3839323367,779146.7699584444,5250986.757881334,-84094.83363067142,59.04831560906907,-0.49290736205875874,0.6905030400957912,0.07178371772170067
2026-04-23 07:45:03.800,3509420.3321225257,779146.8495433797,5250986.82542669,-84099.54592182767,59.058749967310334,-0.5180981103330851,0.7958493533078581,0.6754535622894764
2026-04-23 07:45:03.900,3509420.2718974366,779146.9342016253,5250986.895326334,-84104.27335647667,58.80112531310483,-0.6022508908063173,0.846582455560565,0.6989964377135038
2026-04-23 07:45:04.000,3509420.1439228915,779147.0092546425,5250986.860703053,-84109.12899708691,58.22683758811957,-1.2797454511746764,0.7505301723722368,-0.34623281098902225
2026-04-23 07:45:04.100,3509420.002553208,779147.088958007,5250986.844139774,-84113.96507399918,57.77860949221864,-1.4136968366801739,0.7970336452126503,-0.16563278622925282
2026-04-23 07:45:04.200,3509419.864977175,779147.1274883368,5250986.865651991,-84118.75134104917,57.81780338142463,-1.3757603289559484,0.3853032970800996,0.2151221688836813
2026-04-23 07:45:04.300,3509419.7141856356,779147.1035867566,5250986.58684008,-84123.69339140809,57.25998129656084,-1.507915393449366,-0.23901580134406686,-2.788119111210108
2026-04-23 07:45:04.400,3509419.7574157943,779147.124053782,5250986.679310991,-84128.38443404376,57.88647302180522,0.43230158742517233,0.20467025344260037,0.9247091133147478
2026-04-23 07:45:04.500,3509419.7443537605,779147.1168070614,5250986.603894235,-84133.16605223449,58.188553433848085,-0.1306203380227089,-0.07246720604598522,-0.7541675679385662
2026-04-23 07:45:04.600,3509419.7628946616,779147.2016600055,5250986.650504132,-84137.89090402103,58.752756238086235,0.18540901131927967,0.8485294412821531,0.46609897166490555
2026-04-23 07:45:04.700,3509419.7520543793,779147.2766932639,5250986.556458439,-84142.68363691698,58.861186798654444,-0.10840282309800386,0.7503325841389596,-0.9404569305479527
2026-04-23 07:45:04.800,3509419.7372632925,779147.335576697,5250986.489731462,-84147.45698628634,58.4434927292974,-0.1479108678176999,0.5888343311380595,-0.6672697700560093
2026-04-23 07:45:04.900,3509419.6821517227,779147.3593765661,5250986.590143997,-84152.16242762298,58.622864141619274,-0.5511156981810927,0.2379986911546439,1.0041253548115492
2026-04-23 07:45:05.000,3509419.6356970095,779147.3316086383,5250986.4571024105,-84156.95443758121,58.428131336866805,-0.46454713214188814,-0.2776792785152793,-1.3304158672690392
2026-04-23 07:45:05.100,3509419.5969485412,779147.3829244708,5250986.324261779,-84161.72708045896,58.29019968880306,-0.3874846827238798,0.5131583253387362,-1.3284063152968884
2026-04-23 07:45:05.200,3509419.591229102,779147.5240983876,5250986.433260565,-84166.38125511938,58.27413985957714,-0.05719439126551151,1.4117391675245017,1.0899878572672606
2026-04-23 07:45:05.300,3509419.670651094,779147.6692408478,5250986.4161780095,-84171.07235793887,57.8643181920791,0.7942199194803834,1.451424602419138,-0.1708255521953106
2026-04-23 07:45:05.400,3509419.7421739902,779147.7339397095,5250986.440031124,-84175.75624871589,57.9626002993567,0.7152289617806673,0.6469886167906225,0.23853114806115627
2026-04-23 07:45:05.500,3509419.7421138366,779147.7700135178,5250986.544009782,-84180.43859934762,58.19142883365134,-0.0006015365943312645,0.3607380832545459,1.0397865809500217
2026-04-23 07:45:05.600,3509419.794025185,779147.7849720592,5250986.803675968,-84185.05337602545,59.5266289375301,0.5191134847700596,0.14958541374653578,2.5966618582606316
2026-04-23 07:45:05.700,3509419.7514078734,779147.8141826709,5250986.7318734545,-84189.85774419608,59.57967173259504,-0.4261731170117855,0.2921061171218753,-0.7180251367390156
2026-04-23 07:45:05.800,3509419.7564123506,779147.8423095676,5250986.710476066,-84194.65645306546,59.70791754536551,0.05004477221518755,0.281268967082724,-0.2139738854020834
2026-04-23 07:45:05.900,3509416.121544824,779148.4500170324,5250973.487178004,-84207.35796734712,37.48884340050651,-36.34867526590824,6.077074648346752,-132.2329806163907
2026-04-23 07:45:06.000,3509419.685949678,779147.9466278505,5250986.493425608,-84204.3056377296,59.8879596089402,35.644048540852964,-5.033891819184646,130.06247603334486
2026-04-23 07:45:06.100,3509419.728420623,779147.9301928328,5250986.568377412,-84209.02822782758,60.647395185765426,0.4247094504535198,-0.1643501769285649,0.7495180424302816
2026-04-23 07:45:06.200,3509419.8535622936,779147.9096357138,5250986.961217833,-84213.54478657713,62.42476829525005,1.2514167046174407,-0.2055711904540658,3.9284042082726955
2026-04-23 07:45:06.300,3509419.4903558283,779148.0232538438,5250987.103675831,-84218.45158439933,54.921391298491045,-3.6320646526291966,1.1361812998075038,1.4245799835771322
2026-04-23 07:45:06.400,3509419.430185775,779148.1088225624,5250986.975201675,-84223.29110171796,54.348390785246295,-0.6017005350440741,0.8556871861219406,-1.2847415637224913
2026-04-23 07:45:06.500,3509419.4522776017,779148.1597978167,5250986.840648117,-84228.0812842027,53.94665584661052,0.22091826889663935,0.5097525427117944,-1.3455355819314718
2026-04-23 07:45:06.600,3509419.4552881545,779148.2285703801,5250986.797926053,-84232.82789170895,53.84815117543824,0.0301055284217,0.6877256347797811,-0.42722063139081
2026-04-23 07:45:06.700,3509419.4182900796,779148.3149756497,5250986.760809191,-84237.58362525937,54.15396718410221,-0.3699807496741414,0.8640526956878603,-0.3711686283349991
2026-04-23 07:45:06.800,3509419.3501414736,779148.4242625003,5250986.761640533,-84242.3597408006,53.94181660597447,-0.6814860599115491,1.0928685055114329,0.00831342302262783
2026-04-23 07:45:06.900,3509419.3192700683,779148.5280102656,5250986.892921381,-84247.05996581915,54.127184173632955,-0.3087140526622534,1.0374776530079544,1.3128084782510996
2026-04-23 07:45:07.000,3509419.380506509,779148.6287428857,5250987.04410398,-84251.69532082495,54.05733778058865,0.6123644066974521,1.0073262010701,1.5118259936571121
2026-04-23 07:45:07.100,3509419.4489091085,779148.7672882966,5250987.181991645,-84256.33878225712,53.661487050077966,0.6840259954333305,1.385454109404236,1.3788766507059336
2026-04-23 07:45:07.200,3509419.461964354,779148.9083475355,5250987.159772394,-84261.07797473305,53.03386695118879,0.13055245392024517,1.410592389293015,-0.22219250909984112
2026-04-23 07:45:07.300,3509419.4790973677,779148.9893849158,5250987.249773795,-84265.77546394763,53.34852758966267,0.17133013810962439,0.8103738026693463,0.9000140056014061
2026-04-23 07:45:07.400,3509419.5193271358,779149.0254127799,5250987.267385846,-84270.48081414963,53.20799261193445,0.4022976802662015,0.3602786408737302,0.17612051218748093
2026-04-23 07:45:07.500,3509419.556705856,779149.0391228586,5250987.275975029,-84275.19844353532,53.184843542873466,0.37378720473498106,0.1371007866691798,0.085891829803586
2026-04-23 07:45:07.600,3509419.60434592,779149.0266326109,5250987.366711248,-84279.87175690729,53.25433435566235,0.476400637999177,-0.12490247609093785,0.907362187281251
2026-04-23 07:45:07.700,3509419.5553799015,779149.0150782851,5250987.392173464,-84284.61404898869,53.198248790695295,-0.48966018483042717,-0.1155432581435889,0.25462216697633266
2026-04-23 07:45:07.800,3509419.455752627,779149.0560807466,5250987.278752611,-84289.4260109049,52.50610819859082,-0.9962727455422282,0.4100246145389974,-1.134208533912897
2026-04-23 07:45:07.900,3509419.419669294,779149.1343673316,5250987.412602236,-84294.10371241115,52.75730396573838,-0.3608333319425583,0.782865850487724,1.338496245443821
2026-04-23 07:45:08.000,3509419.375304506,779149.2260818885,5250987.392375653,-84298.86059779373,52.537566275622524,-0.4436478763818741,0.9171455691102892,-0.20226582884788513
2026-04-23 07:45:08.100,3509416.329774469,779149.7094803142,5250973.941906024,-84311.3104974776,31.53408905604066,-30.45530037023127,4.833984256256372,-134.5046962890774
2026-04-23 07:45:08.200,3509419.343982842,779149.4107546979,5250987.645061162,-84308.20999461139,53.23242795986701,30.14208372682333,-2.9872561630327255,137.03155138529837
2026-04-23 07:45:08.300,3509419.3241767217,779149.480740946,5250987.609083638,-84312.95924671863,52.91286324944717,-0.19806120079010725,0.6998624815605581,-0.3597752470523119
2026-04-23 07:45:08.400,3509416.315701038,779149.9231312837,5250974.064877886,-84325.44179271748,31.234700121794884,-30.084756836295128,4.423903377028182,-135.44205751270056
2026-04-23 07:45:08.500,3509419.433757238,779149.6054837247,5250987.696245165,-84322.35140448342,53.169365507027415,31.18056199979037,-3.1764755898620933,136.31367278285325
2026-04-23 07:45:08.600,3509419.420363784,779149.6904817809,5250987.65387953,-84327.12862713858,52.80814247125889,-0.13393454253673553,0.8499805617611855,-0.4236563481390476
2026-04-23 07:45:08.700,3509419.3982054926,779149.7359465278,5250987.74566193,-84331.81969160649,53.3811071432352,-0.22158291190862656,0.45464746886864305,0.9178240038454533
2026-04-23 07:45:08.800,3509419.4875824074,779149.8072011924,5250988.044985844,-84336.36387502095,54.51699920393049,0.8937691478058696,0.7125466456636786,2.9932391364127398
2026-04-23 07:45:08.900,3509416.305103113,779150.3104273883,5250973.848949102,-84349.24131608775,30.52551424494415,-31.824792944826186,5.032261959277093,-141.96036742068827
2026-04-23 07:45:09.000,3509419.4288551738,779149.9427305995,5250987.402320987,-84346.16981509316,51.95020390238744,31.237520608119667,-3.6769678874406964,135.53371884860098
2026-04-23 07:45:09.100,3509419.826422868,779149.8933525505,5250987.144129808,-84350.82733691715,59.63065263531811,3.975676940754056,-0.49378049094229937,-2.5819117855280638
2026-04-23 07:45:09.200,3509419.93506948,779149.9406328612,5250987.207848833,-84355.50920648633,60.375533004147435,1.0864661214873195,0.47280310769565403,0.6371902488172054
2026-04-23 07:45:09.300,3509420.026239208,779150.0049034315,5250987.380966616,-84360.11491716113,60.66910393280923,0.9116972796618938,0.6427057029213756,1.7311778292059898
2026-04-23 07:45:09.400,3509420.0834047473,779150.0547680596,5250987.438372677,-84364.80216420004,61.31707278668373,0.5716553935781121,0.49864628119394183,0.5740606132894754
2026-04-23 07:45:09.500,3509420.2107258774,779150.1068461572,5250987.576100099,-84369.44613974857,62.11527895464592,1.2732113013044,0.5207809759303927,1.3772742170840502
2026-04-23 07:45:09.600,3509416.557555539,779150.6655307285,5250973.6859196015,-84382.44261413085,43.83585037584998,-36.53170338366181,5.58684571296908,-138.90180497430265
2026-04-23 07:45:09.700,3509416.611958297,779150.6525141909,5250973.649828317,-84387.18107119336,43.963201709796934,0.5440275790169835,-0.13016537646763027,-0.36091284826397896
2026-04-23 07:45:09.800,3509416.6023499,779150.6811390481,5250973.560209374,-84391.98228981502,44.22453877658598,-0.09608396794646978,0.28624857193790376,-0.8961894270032644
2026-04-23 07:45:09.900,3509416.6252156147,779150.6781734338,5250973.525504575,-84396.73426809425,44.10584153385169,0.22865714505314827,-0.029656143160536885,-0.34704798832535744
2026-04-23 07:45:10.000,3509416.6517756986,779150.6884864906,5250973.4665365545,-84401.49309069214,43.98073472875948,0.2656008396297693,0.10313056875020266,-0.5896802060306072
2026-04-23 07:45:10.100,3509416.635767811,779150.7577029039,5250973.425310103,-84406.24767017031,44.12624251813791,-0.16007887665182352,0.6921641330700368,-0.4122645128518343
2026-04-23 07:45:10.200,3509416.656875575,779150.8164798643,5250973.386516246,-84411.0189335374,43.99571237247621,0.2110776398330927,0.5877696035895497,-0.3879385720938444
2026-04-23 07:45:10.300,3509416.6268356703,779150.858609557,5250973.267195961,-84415.83881108397,43.990626994226616,-0.3003990463912487,0.42129692737944424,-1.1932028457522392
2026-04-23 07:45:10.400,3509416.488323473,779150.9642988225,5250973.067567319,-84420.771419919,44.41885472969153,-1.3851219741627574,1.0568926541600376,-1.996286427602172
2026-04-23 07:45:10.500,3509416.361325768,779151.0889032483,5250972.929653677,-84425.67655107767,44.69773330687445,-1.269977050833404,1.2460442585870624,-1.3791364151984453
2026-04-23 07:45:10.600,3509416.322699211,779151.136463952,5250972.861037933,-84430.49236411469,44.95867301435188,-0.38626556750386953,0.4756070370785892,-0.686157438904047
2026-04-23 07:45:10.700,3509416.2835688554,779151.1036444737,5250972.7569026025,-84435.29826918695,44.75896907206729,-0.39130355697125196,-0.32819478306919336,-1.0413533076643944
2026-04-23 07:45:10.800,3509416.321340835,779151.0739482753,5250972.717684363,-84440.04624174484,44.7470092636842,0.37771979812532663,-0.2969619841314852,-0.392182394862175
2026-04-23 07:45:10.900,3509416.4101879257,779151.1032940838,5250972.785130471,-84444.71597070993,44.64572415855743,0.8884709049016237,0.29345808550715446,0.6744610797613859
2026-04-23 07:45:11.000,3509416.4988897117,779151.1170491077,5250972.812974098,-84449.41792389247,44.4160766627942,0.8870178600773215,0.13755023828707635,0.2784362714737654
2026-04-23 07:45:11.100,3509416.5372231025,779151.1438050844,5250972.825912855,-84454.10953957289,44.355346802696246,0.3833339083939791,0.26755976723507047,0.12938756495714188
2026-04-23 07:45:11.200,3509416.562407577,779151.1827124405,5250972.895767343,-84458.78757826235,44.67273371344582,0.2518447441980243,0.3890735609456897,0.6985448859632015
2026-04-23 07:45:11.300,3509416.5969690946,779151.2466602373,5250972.932911972,-84463.48593249122,44.892640203058555,0.34561517648398876,0.6394779682159424,0.3714462835341692
2026-04-23 07:45:11.400,3509416.5470507387,779151.3124079069,5250972.882988702,-84468.26020289835,44.78159080070158,-0.49918355885893106,0.6574766954872757,-0.49923270009458065
2026-04-23 07:45:11.500,3509416.5850334475,779151.343071442,5250972.844851252,-84473.003140599,44.741560338834304,0.37982708774507046,0.3066353511530906,-0.38137449882924557
2026-04-23 07:45:11.600,3509416.5917066885,779151.4167527098,5250972.753891959,-84477.74368687927,44.602790845873514,0.06673241034150124,0.7368126779329032,-0.9095929283648729
2026-04-23 07:45:11.700,3509416.639366863,779151.4976473931,5250972.724791496,-84482.46873646736,44.20656263941213,0.4766017431393266,0.8089468337129802,-0.29100462794303894
2026-04-23 07:45:11.800,3509416.673584714,779151.5816599394,5250972.654716766,-84487.18413944129,44.10246908826179,0.34217851236462593,0.8401254622731358,-0.7007472962141037
2026-04-23 07:45:11.900,3509416.6145813568,779151.6784773069,5250972.615119981,-84491.91703623704,43.997654689570915,-0.5900335730984807,0.9681736747734249,-0.3959678579121828
2026-04-23 07:45:12.000,3509416.576889365,779151.7705285557,5250972.611267552,-84496.64349630958,43.75833767707161,-0.3769199177622795,0.9205124888103455,-0.038524288684129715
2026-04-23 07:45:12.100,3509416.491613907,779151.8177797348,5250972.590544718,-84501.428492904,44.00165101980974,-0.8527545817196369,0.47251179115846753,-0.20722833462059498
2026-04-23 07:45:12.200,3509416.3915109667,779151.8298340847,5250972.545554083,-84506.23862135844,44.23882124230927,-1.0010294010862708,0.12054349877871573,-0.44990635477006435
2026-04-23 07:45:12.300,3509416.3990336745,779151.8571026697,5250972.534240444,-84510.98700184637,31.67061250184568,0.07522707805037498,0.27268584934063256,-0.11313638649880886
2026-04-23 07:45:12.400,3509416.3539841366,779151.8855046489,5250972.51463867,-84515.75415760242,31.562713142076934,-0.45049537904560566,0.28401979245245457,-0.19601774401962757
2026-04-23 07:45:12.500,3509416.281332029,779151.8735410338,5250972.391243039,-84520.58302160933,31.786779754604137,-0.7265210757032037,-0.11963615077547729,-1.2339563108980656
2026-04-23 07:45:12.600,3509416.222115578,779151.8818697582,5250972.3707124945,-84525.34431571071,31.951057029104984,-0.592164508998394,0.08328724419698119,-0.20530544221401215
2026-04-23 07:45:12.700,3509416.2023166986,779151.8830940799,5250972.414393592,-84530.05428525619,31.768649080946947,-0.19798879511654377,0.012243216624483466,0.43681097216904163
2026-04-23 07:45:12.800,3509416.219211956,779151.9073964504,5250972.462965255,-84534.76811553029,31.78604391260941,0.16895257402211428,0.2430237049702555,0.48571662977337837
2026-04-23 07:45:12.900,3509416.2026546653,779151.9424209297,5250972.4246243555,-84539.53314986458,32.16939087095529,-0.1655729068443179,0.3502447926439345,-0.3834089916199446
2026-04-23 07:45:13.000,3509416.158552532,779152.0048823089,5250972.46550731,-84544.27623096996,32.358549121382616,-0.4410213325172663,0.6246137921698391,0.40882954373955727
2026-04-23 07:45:13.100,3509416.124080254,779152.0847749861,5250972.530227975,-84548.96779181014,32.39987987570983,-0.34472277853637934,0.7989267725497484,0.6472066510468721
2026-04-23 07:45:13.200,3509416.131901596,779152.1349294902,5250972.553921802,-84553.68949666744,32.48052610741833,0.078213419765234,0.5015450401697308,0.23693826980888844
2026-04-23 07:45:13.300,3509416.1741820257,779152.1807658392,5250972.553085056,-84558.41284433435,32.355894587655165,0.42280429508537054,0.4583634901791811,-0.00836745835840702
2026-04-23 07:45:13.400,3509416.251496251,779152.1980084484,5250972.476688501,-84563.15518625372,32.06508142351549,0.7731422549113631,0.17242609173990786,-0.7639655470848083
2026-04-23 07:45:13.500,3509416.314635019,779152.2272142918,5250972.423493951,-84567.91102185957,31.909183849579726,0.6313876761123538,0.2920584345702082,-0.5319455079734325
2026-04-23 07:45:13.600,3509416.3629056984,779152.2906344617,5250972.409629267,-84572.64308087484,31.916660077887645,0.4827067954465747,0.6342016987036914,-0.1386468391865492
2026-04-23 07:45:13.700,3509416.3797324365,779152.3496449363,5250972.420347163,-84577.35253043525,31.76733833141318,0.16826738137751818,0.590104745933786,0.10717896744608879
2026-04-23 07:45:13.800,3509416.369543002,779152.4092722369,5250972.45849472,-84582.0706660927,31.532089378069944,-0.10189434513449669,0.5962730059400201,0.38147556595504284
2026-04-23 07:45:13.900,3509416.324003838,779152.4673278888,5250972.41775143,-84586.8376590003,31.474062806364227,-0.4553916398435831,0.5805565195623785,-0.40743290446698666
2026-04-23 07:45:14.000,3509416.3028218513,779152.5630394908,5250972.420978433,-84591.60452946927,31.87354958812282,-0.21181986667215824,0.9571160201448947,0.0322700385004282
2026-04-23 07:45:14.100,3509416.8526820536,779151.871404241,5250973.705173868,-84595.25755033901,35.05036088152871,5.49860202241689,-6.916352498810738,12.841954343020916
2026-04-23 07:45:14.200,3509416.1160519677,779152.7810692203,5250972.122475337,-84601.35743120797,32.681213223520906,-7.366300858557224,9.096649793209508,-15.826985305175185
2026-04-23 07:45:14.300,3509416.0704867793,779152.8991720796,5250971.950315074,-84606.22951750069,33.346659144572705,-0.4556518839672208,1.181028593564406,-1.7216026317328215
2026-04-23 07:45:14.400,3509416.0687757637,779153.0071178614,5250971.773436554,-84611.07548583797,34.09121753096125,-0.017110155895352364,1.079457817832008,-1.7687852028757334
2026-04-23 07:45:14.500,3509417.068606092,779151.8655199865,5250973.563900257,-84614.15088431186,42.48509783111562,9.998303283937275,-11.415978749282658,17.904637036845088
2026-04-23 07:45:14.600,3509417.1295230854,779151.9166704635,5250973.487550094,-84618.90993862148,42.33581031424475,0.609169933013618,0.5115047702565789,-0.7635016366839409
2026-04-23 07:45:14.700,3509417.213899197,779151.9427532835,5250973.404337379,-84623.6701845803,42.142318284486905,0.8437611162662506,0.2608282002620399,-0.832127146422863
2026-04-23 07:45:14.800,3509417.2723349333,779152.0236341142,5250973.444592105,-84628.39888766441,41.59853615968632,0.5843573622405529,0.8088083064649254,0.4025472607463598
2026-04-23 07:45:14.900,3509417.30604711,779152.0339199704,5250973.433477962,-84633.15431008612,41.36982000939528,0.33712176606059074,0.10285856202244759,-0.11114142835140228
2026-04-23 07:45:15.000,3509417.2987474217,779152.1099054812,5250973.359702686,-84637.9557126025,41.340357708356265,-0.07299688179045916,0.7598551083356142,-0.737752765417099
2026-04-23 07:45:15.100,3509417.274618002,779152.1913743474,5250973.299006825,-84642.7604885787,41.236856226769135,-0.24129419587552547,0.8146886620670557,-0.6069586053490639
2026-04-23 07:45:15.200,3509417.377082144,779152.2418038897,5250973.330929656,-84647.45622432324,40.99409195483659,1.0246414178982377,0.5042954231612384,0.31922830268740654
2026-04-23 07:45:15.300,3509417.476466784,779152.2563155408,5250973.304941684,-84652.15409948645,40.80713996436454,0.9938463987782598,0.14511651010252535,-0.2598797157406807
2026-04-23 07:45:15.400,3509417.4239545367,779152.3265010915,5250973.240221048,-84656.95624291238,40.94966033807699,-0.5251224711537361,0.7018555072136223,-0.647206362336874
2026-04-23 07:45:15.500,3509417.3904755623,779152.4174873154,5250973.228063605,-84661.72098396359,40.92157974933773,-0.33478974364697933,0.9098622389137745,-0.12157442979514599
2026-04-23 07:45:15.600,3509417.3988270885,779152.5141373802,5250973.21198204,-84666.46161711382,41.04444459782415,0.08351526223123074,0.9665006480645388,-0.1608156505972147
2026-04-23 07:45:15.700,3509417.42867542,779152.5925845193,5250973.252382197,-84671.17248856647,41.280385287938294,0.29848331585526466,0.7844713912345469,0.40400157682597637
2026-04-23 07:45:15.800,3509417.4793435144,779152.6475062032,5250973.27781585,-84675.87150945335,41.315996327825374,0.5066809430718422,0.5492168385535479,0.2543365303426981
2026-04-23 07:45:15.900,3509417.580556061,779152.6807797399,5250973.3441134235,-84680.5227909245,40.97644420091187,1.0121254669502378,0.3327353671193123,0.6629757303744555
2026-04-23 07:45:16.000,3509417.665687157,779152.7018319368,5250973.371336977,-84685.2163801058,40.666379694234635,0.851310957223177,0.21052196971140802,0.27223553508520126
2026-04-23 07:45:16.100,3509417.6976677314,779152.7305204821,5250973.312789308,-84689.9970224657,40.46920159643223,0.3198057459667325,0.2868854522239417,-0.585476690903306
2026-04-23 07:45:16.200,3509417.7783410954,779152.7114591323,5250973.248863034,-84694.7326458817,40.264482133018056,0.8067336399108171,-0.19061349797993898,-0.6392627395689487
2026-04-23 07:45:16.300,3509417.7637513243,779152.8079683367,5250973.1731131645,-84699.53198721781,39.924708776214615,-0.14589771162718534,0.9650920447893441,-0.7574986945837736
2026-04-23 07:45:16.400,3509417.7226846437,779152.91982595,5250973.0959518645,-84704.3191459611,40.10904821063195,-0.4106668056920171,1.118576133158058,-0.7716129999607801
2026-04-23 07:45:16.500,3509417.7767153783,779152.9884606412,5250973.169677158,-84709.01056636758,39.873566766915495,0.5403073458001018,0.6863469118252397,0.7372529339045286
2026-04-23 07:45:16.600,3509417.830722712,779153.0659353525,5250973.244405885,-84713.71145662815,39.528805259349475,0.540073337033391,0.774747112300247,0.7472872734069824
2026-04-23 07:45:16.700,3509417.8499585474,779153.1358806741,5250973.27348665,-84718.42855702102,39.33959737518606,0.19235835410654545,0.6994532165117562,0.290807643905282
2026-04-23 07:45:16.800,3509417.822605586,779153.2140125347,5250973.3102459125,-84723.17508039459,39.268548109664216,-0.27352961245924234,0.781318605877459,0.36759262904524803
2026-04-23 07:45:16.900,3509417.811268507,779153.2521908915,5250973.326055252,-84727.90880613698,39.223391083740594,-0.11337079107761383,0.3817835683003068,0.15809339471161366
2026-04-23 07:45:17.000,3509417.7936347616,779153.3067416635,5250973.314233758,-84732.64310928441,39.114915934439566,-0.17633745446801186,0.5455077195074409,-0.11821494437754154
2026-04-23 07:45:17.100,3509417.7869852055,779153.3371788779,5250973.33872094,-84737.355065875,39.28027389735888,-0.0664955610409379,0.3043721441645175,0.2448718249797821
2026-04-23 07:45:17.200,3509417.7879939745,779153.3443639968,5250973.277530174,-84742.12104490111,39.950982421373524,0.010087690316140652,0.0718511885497719,-0.6119076628237963
2026-04-23 07:45:17.300,3509417.759476582,779153.3765293127,5250973.215498469,-84746.89288128106,40.37380356121152,-0.28517392463982105,0.3216531593352556,-0.6203170493245125
2026-04-23 07:45:17.400,3509417.7895196197,779153.4078873005,5250973.230511018,-84751.59360705245,40.09490183016554,0.30043037608265877,0.3135798778384924,0.15012549236416817
2026-04-23 07:45:17.500,3509417.7884444594,779153.4557793464,5250973.258859846,-84756.30667101702,39.74156841046472,-0.010751602239906788,0.47892045928165317,0.28348827734589577
2026-04-23 07:45:17.600,3509417.7064001802,779153.4990800407,5250973.266689078,-84761.09942331792,39.975059470796694,-0.8204427920281887,0.43300694320350885,0.07829232141375542
2026-04-23 07:45:17.700,3509417.623165017,779153.5455721254,5250973.2171688955,-84765.89631555996,40.256903588364914,-0.8323516324162483,0.46492084627971053,-0.4952018242329359
2026-04-23 07:45:17.800,3509417.6239663665,779153.5987744012,5250973.117769306,-84770.69429957577,40.194876046118424,0.008013495244085789,0.5320227588526905,-0.9939958993345499
2026-04-23 07:45:17.900,3509417.610808895,779153.6434972469,5250973.023716404,-84775.48487105893,40.46510329754132,-0.13157471548765898,0.447228456614539,-0.9405290149152279
2026-04-23 07:45:18.000,3509417.6406124104,779153.6420548229,5250973.086998405,-84780.18755912031,40.551350309913055,0.29803515411913395,-0.014424240216612816,0.6328200083225965
2026-04-23 07:45:18.100,3509417.6131247007,779153.7266782598,5250973.16870468,-84784.88629072634,40.682662033735646,-0.27487709652632475,0.8462343690916896,0.8170627523213625
2026-04-23 07:45:18.200,3509417.6147412853,779153.8322975966,5250973.233223177,-84789.5921863204,40.585636625910624,0.016165846027433872,1.0561933682765812,0.6451849639415741
2026-04-23 07:45:18.300,3509416.919871977,779154.7917373381,5250971.892450128,-84795.5600746758,31.034575411272005,-6.948693082667887,9.59439741447568,-13.407730488106608
2026-04-23 07:45:18.400,3509416.8862775196,779154.8891861241,5250971.901828687,-84800.3071754066,30.87875952411437,-0.3359445743262768,0.9744878602214158,0.09378558956086636
2026-04-23 07:45:18.500,3509416.8216116084,779154.9755665967,5250971.903458432,-84805.05911729911,30.911740510571672,-0.6466591125354171,0.863804726395756,0.01629745587706566
2026-04-23 07:45:18.600,3509416.768364992,779155.115496795,5250971.909973021,-84809.80970108301,30.790464726418644,-0.5324661638587713,1.3993019831832498,0.06514588370919228
2026-04-23 07:45:18.700,3509416.741596538,779155.2612843896,5250971.911024012,-84814.54793835932,30.753688753249584,-0.26768453884869814,1.457875946070999,0.010509910061955452
2026-04-23 07:45:18.800,3509416.7992718006,779155.3086000344,5250971.9937313795,-84819.19059513122,30.678375293025056,0.5767526244744658,0.4731564479880035,0.8270736783742905
2026-04-23 07:45:18.900,3509416.820111583,779155.3699543534,5250972.011002717,-84823.91171096347,30.67042029837243,0.20839782431721687,0.6135431898292154,0.1727133709937334
2026-04-23 07:45:19.000,3509416.8194775786,779155.4963311134,5250972.001189639,-84828.67651347983,30.679457251302104,-0.006340043619275093,1.263767599593848,-0.09813077747821808
2026-04-23 07:45:19.100,3509416.9096434377,779155.6347671851,5250972.070270961,-84833.34952188173,30.655258373569094,0.9016585908830166,1.3843607169110328,0.690813222900033
2026-04-23 07:45:19.200,3509416.9811683265,779155.7128408684,5250972.094473731,-84838.05666457616,35.861780209189334,0.7152488874271512,0.7807368331123143,0.24202769622206688
2026-04-23 07:45:19.300,3509417.1055400926,779155.7603534837,5250972.071932231,-84842.75784731528,30.882711668914794,1.243717661127448,0.47512615332379937,-0.22541499696671963
2026-04-23 07:45:19.400,3509417.0974431364,779155.807009016,5250972.026332375,-84847.52488124982,30.918295252755193,-0.08096956182271242,0.4665553232189268,-0.4559985641390085
2026-04-23 07:45:19.500,3509416.8844862576,779155.7652107669,5250971.67641144,-84852.5460796859,36.267527077025996,-2.1295687882229686,-0.41798249119892716,-3.49920934997499
2026-04-23 07:45:19.600,3509416.783904072,779155.7204471471,5250971.453539969,-84857.4580435302,36.47402443443329,-1.0058218566700816,-0.4476361977867782,-2.2287147026509047
2026-04-23 07:45:19.700,3509416.7250906094,779155.7508579139,5250971.434954118,-84862.26397922655,31.48618563266304,-0.5881346249952912,0.3041076671797782,-0.18585851415991783
2026-04-23 07:45:19.800,3509416.71635668,779155.8685846939,5250971.540091131,-84866.97767786264,31.47185284417185,-0.08733929600566626,1.1772678000852466,1.0513701289892197
2026-04-23 07:45:19.900,3509416.571581186,779156.0124673329,5250971.562155425,-84871.80387772086,31.488537361472417,-1.4477549400180578,1.4388263900764287,0.2206429373472929
2026-04-23 07:45:20.000,3509416.65713167,779156.0771032408,5250971.5189941395,-84876.51924647506,31.600423285593536,0.8555048424750566,0.6463590788189322,-0.4316128510981798
2026-04-23 07:45:20.100,3509416.7588645713,779156.1218909173,5250971.47216564,-84881.24988943104,31.9930232486119,1.0173290129750967,0.4478767653927207,-0.4682849906384945
2026-04-23 07:45:20.200,3509416.803479299,779156.1263489637,5250971.476442971,-84885.97797727963,32.1865408792158,0.4461472760885954,0.04458046401850879,0.04277330823242664
2026-04-23 07:45:20.300,3509416.7802563906,779156.1402609638,5250971.447074142,-84890.76657098622,32.39169715845349,-0.232229083776474,0.13912000111304224,-0.2936882898211479
2026-04-23 07:45:20.400,3509416.754061511,779156.174445411,5250971.399406422,-84895.55056505356,32.62210966738174,-0.2619487978518009,0.34184447140432894,-0.4766772035509348
2026-04-23 07:45:20.500,3509416.712284408,779156.3135697329,5250971.384088408,-84900.34131171012,38.312567504000086,-0.4177710274234414,1.3912432198412716,-0.15318013727664948
2026-04-23 07:45:20.600,3509416.806323248,779156.346242824,5250971.390978992,-84905.0404105783,38.50597195646342,0.9403883991762996,0.32673091045580804,0.06890583783388138
2026-04-23 07:45:20.700,3509416.8788401843,779156.2814878373,5250971.344200606,-84909.77041984617,38.64573729325118,0.7251693634316325,-0.6475498666986823,-0.46778385527431965
2026-04-23 07:45:20.800,3509416.904133766,779156.2574790565,5250971.3388439035,-84914.50659972378,38.80783058274738,0.25293581653386354,-0.24008780834265053,-0.053567029535770416
2026-04-23 07:45:20.900,3509416.9658107967,779156.2759760502,5250971.333911286,-84919.21785144706,39.07710501462595,0.616770307533443,0.18496993696317077,-0.049326177686452866
2026-04-23 07:45:21.000,3509417.009099327,779156.2987889772,5250971.346981531,-84923.94211537307,39.631507143361624,0.4328853031620383,0.228129270253703,0.13070245273411274
2026-04-23 07:45:21.100,3509417.0379960327,779156.3445486164,5250971.345057428,-84928.70513370112,40.030392113044336,0.28896705713123083,0.45759639237076044,-0.019241031259298325
2026-04-23 07:45:21.200,3509417.1058752644,779156.3437290546,5250971.361133962,-84933.4174967672,39.98383358082005,0.6787923164665699,-0.0081956188660115,0.16076534055173397
2026-04-23 07:45:21.300,3509417.2200364745,779156.2899937967,5250971.301714931,-84938.12619976494,39.67525084094776,1.1416121013462543,-0.5373525782488286,-0.5941903125494719
2026-04-23 07:45:21.400,3509417.3589446116,779156.2302403232,5250971.273547608,-84942.798827309,39.53383839368365,1.3890813710168004,-0.5975347349885851,-0.28167322278022766
2026-04-23 07:45:21.500,3509417.494854016,779156.179503157,5250971.286705341,-84947.46771187014,39.226821405695794,1.3590940460562706,-0.5073716619517654,0.13157732784748077
2026-04-23 07:45:21.600,3509417.5559008815,779156.1317792435,5250971.338049481,-84952.13723117174,39.267577135961034,0.6104686530306935,-0.47723913565278053,0.5134413950145245
2026-04-23 07:45:21.700,3509417.622456371,779156.0869628744,5250971.439512922,-84956.78084298175,39.15221122764951,0.6655548932030797,-0.4481636907439679,1.0146344173699617
2026-04-23 07:45:21.800,3509417.672034021,779156.0480482866,5250971.47128448,-84961.47906428478,39.1261573311294,0.49577650148421526,-0.38914587814360857,0.3177155740559101
2026-04-23 07:45:21.900,3509417.7277607433,779156.0245364095,5250971.516939079,-84966.17575907148,39.26642388310496,0.5572672234848142,-0.23511877050623298,0.4565459955483675
2026-04-23 07:45:22.000,3509417.815551486,779155.979453342,5250971.582228718,-84970.87166405957,39.435069264654594,0.8779074251651764,-0.45083067496307194,0.6528963893651962
2026-04-23 07:45:22.100,3509417.8616439984,779155.8759082324,5250971.56515615,-84975.59888415247,39.82645198122105,0.4609251255169511,-1.0354510962497443,-0.17072568647563457
2026-04-23 07:45:22.200,3509417.9250518694,779155.7994537667,5250971.549141722,-84980.298893953,40.131758000852564,0.6340787094086409,-0.7645446574315429,-0.1601442787796259
2026-04-23 07:45:22.300,3509417.9993734183,779155.7527037911,5250971.622347394,-84984.94443449077,40.27960832831182,0.7432154892012477,-0.4674997553229332,0.7320567220449448
2026-04-23 07:45:22.400,3509418.1004386228,779155.6519491876,5250971.631014247,-84989.62003876582,40.22964935234541,1.010652044788003,-1.0075460351072252,0.08666853420436382
2026-04-23 07:45:22.500,3509418.1534922193,779155.5329867043,5250971.503898724,-84994.38115998478,40.324190221240045,0.5305359652265906,-1.1896248336415738,-1.27115523442626
2026-04-23 07:45:22.600,3509418.1028689723,779155.4282474846,5250971.397146422,-84999.18329547075,40.1263364244275,-0.506232469342649,-1.0473921964876354,-1.0675230156630278
2026-04-23 07:45:22.700,3509418.095165656,779155.332387315,5250971.309457253,-85003.95057559424,39.865171412053606,-0.07703316397964954,-0.958601696183905,-0.8768916968256235
2026-04-23 07:45:22.800,3509418.052610991,779155.2762428493,5250971.298100137,-85008.70735464517,39.5017454680505,-0.4255466489121318,-0.5614446569234133,-0.1135711558163166
2026-04-23 07:45:22.900,3509418.05046253,779155.2111338284,5250971.354544245,-85013.4029540903,39.24713882315449,-0.021484610624611378,-0.651090209139511,0.5644410755485296
2026-04-23 07:45:23.000,3509418.0146456123,779155.1801217346,5250971.403674438,-85018.13158417829,39.083034818232015,-0.35816917661577463,-0.310120937647298,0.4913019295781851
2026-04-23 07:45:23.100,3509417.9971660846,779155.1504768616,5250971.40989782,-85022.86714812634,38.9244440968917,-0.17479527741670609,-0.2964487299323082,0.0622338242828846
2026-04-23 07:45:23.200,3509418.020572207,779155.0779573041,5250971.411754255,-85027.58538437297,38.82062500807729,0.23406122345477343,-0.7251955755054951,0.01856435090303421
2026-04-23 07:45:23.300,3509417.935229485,779155.0062974792,5250971.366218649,-85032.39098236362,39.15607129692712,-0.8534272201359272,-0.7165982492733747,-0.4553560633212328
2026-04-23 07:45:23.400,3509417.9577101516,779154.9110520995,5250971.4095511865,-85037.08113097321,39.11899959882263,0.22480666637420654,-0.9524537960533053,0.4333253763616085
2026-04-23 07:45:23.500,3509417.9852528214,779154.7783092908,5250971.397173286,-85041.77334617356,38.79611727493279,0.2754266979172826,-1.3274280878249556,-0.12377900071442127
2026-04-23 07:45:23.600,3509417.9257251387,779154.7000679452,5250971.395461385,-85046.49765583123,38.6861298301102,-0.5952768260613084,-0.7824134558904916,-0.017119012773036957
2026-04-23 07:45:23.700,3509417.8995617433,779154.6320007927,5250971.417214936,-85051.21719774354,38.713294395365686,-0.2616339549422264,-0.6806715251877904,0.2175355050712824
2026-04-23 07:45:23.800,3509417.93905674,779154.555001094,5250971.438822399,-85055.89681234842,38.912614016095766,0.3949499689042568,-0.7699969864916056,0.21607463248074055
2026-04-23 07:45:23.900,3509417.8603424462,779154.4840775055,5250971.463751816,-85060.62032820261,39.02962965269308,-0.7871429389342666,-0.7092358847148716,0.24929417297244072
2026-04-23 07:45:24.000,3509417.800916156,779154.4257265088,5250971.469202443,-85065.36408916028,39.069711777699276,-0.5942629044875503,-0.5835099669639021,0.054506268352270126
2026-04-23 07:45:24.100,3509417.738403949,779154.4056424319,5250971.481814665,-85070.10334682313,39.18891528569167,-0.6251220684498549,-0.2008407691027969,0.12612221762537956
2026-04-23 07:45:24.200,3509417.6889714953,779154.3970176354,5250971.50239972,-85074.81784158305,39.56261293630781,-0.4943245369940996,-0.08624796522781253,0.20585055463016033
2026-04-23 07:45:24.300,3509417.8189945407,779154.2623984718,5250971.4470843095,-85079.46200785882,34.33068779288251,1.3002304546535015,-1.3461916358210146,-0.553154107183218
2026-04-23 07:45:24.400,3509417.7702219095,779154.2710763917,5250971.419714921,-85084.23688580212,34.40794044292115,-0.4877263121306896,0.08677919860929251,-0.2736938837915659
2026-04-23 07:45:24.500,3509417.6882288316,779154.2940608048,5250971.412322397,-85089.00349538572,34.38471846893288,-0.8199307788163424,0.22984413080848753,-0.07392523810267448
2026-04-23 07:45:24.600,3509417.5211629765,779154.3530559671,5250971.4148119595,-85093.83055067045,34.17302692834553,-1.6706585511565208,0.5899516236968338,0.024895621463656425
2026-04-23 07:45:24.700,3509417.434178232,779154.3508074662,5250971.420753153,-85098.5743733464,34.013209236264466,-0.8698474429547787,-0.022485009394586086,0.05941193550825119
2026-04-23 07:45:24.800,3509417.3432695237,779154.338509497,5250971.516464166,-85103.30149297099,33.78552216952558,-0.9090870851650834,-0.12297969195060432,0.9571101330220699
2026-04-23 07:45:24.900,3509417.327889774,779154.3224278719,5250971.718338995,-85107.95502886122,33.271926847588,-0.15379749704152346,-0.16081625130027533,2.018748288974166
2026-04-23 07:45:25.000,3509417.300285044,779154.3218298906,5250971.823560025,-85112.63784764128,33.03156273587897,-0.2760472986847162,-0.005979812704026699,1.0522102937102318
2026-04-23 07:45:25.100,3509417.27489209,779154.3298600642,5250971.893398258,-85117.33048261395,32.76659316661228,-0.25392954237759113,0.08030173601582646,0.6983823329210281
2026-04-23 07:45:25.200,3509417.2531407904,779154.3451598717,5250971.960132156,-85122.01971759423,32.546991322642334,-0.21751299500465393,0.15299807535484433,0.667338976636529
2026-04-23 07:45:25.300,3509417.1828278834,779154.403693127,5250971.990280318,-85126.74052200117,32.36213517652773,-0.7031290698796511,0.5853325524367392,0.3014816250652075
2026-04-23 07:45:25.400,3509417.179565453,779154.4401109832,5250972.046826147,-85131.40704333672,32.18394626667676,-0.03262430429458618,0.364178562304005,0.5654582846909761
2026-04-23 07:45:25.500,3509417.181527979,779154.4489766158,5250972.05626816,-85136.1047127562,32.27076202447174,0.01962526235729456,0.08865632582455873,0.09442013688385487
2026-04-23 07:45:25.600,3509417.1670094556,779154.4554550628,5250972.111215789,-85140.82272133247,32.41070852958121,-0.14518523588776588,0.06478447001427412,0.5494762863963842
2026-04-23 07:45:25.700,3509417.1560399416,779154.4582354284,5250972.173638673,-85145.49280176245,32.18624564169803,-0.10969514027237892,0.027803656412288547,0.6242288369685411
2026-04-23 07:45:25.800,3509417.12772851,779154.4852594873,5250972.228203242,-85150.19386525342,31.918430734717585,-0.28311431407928467,0.27024058857932687,0.5456456914544106
2026-04-23 07:45:25.900,3509417.1369783203,779154.508911233,5250972.223171236,-85154.92832500685,31.769806745523784,0.09249810129404068,0.23651745752431452,-0.050320057198405266
2026-04-23 07:45:26.000,3509417.0665460527,779154.580386302,5250972.154824995,-85159.72107970064,31.570317579755166,-0.7043226761743426,0.714750689221546,-0.683462405577302
2026-04-23 07:45:26.100,3509417.044959034,779154.6508911474,5250972.081356536,-85164.49764338603,31.386295254520576,-0.21587018854916096,0.7050484546925873,-0.7346845977008343
2026-04-23 07:45:26.200,3509417.05218083,779154.7264471543,5250972.151227165,-85169.18809987685,30.890399712697583,0.07221796084195375,0.7555600686464459,0.6987062934786081
2026-04-23 07:45:26.300,3509417.05175282,779154.777622996,5250972.215505512,-85173.9044032834,30.8452873779737,-0.004280097782611847,0.5117584171239287,0.6427834741771221
2026-04-23 07:45:26.400,3509417.0388486306,779154.8245109145,5250972.245570349,-85178.60042182989,30.73331454689613,-0.1290418952703476,0.46887918491847813,0.30064836144447327
2026-04-23 07:45:26.500,3509416.983530542,779154.8732330409,5250972.211055942,-85183.33030189355,30.716870330277583,-0.5531808873638511,0.4872212640475482,-0.3451440669596195
2026-04-23 07:45:26.600,3509416.956675512,779154.8808145593,5250972.244714739,-85188.0263569542,30.677363377006383,-0.26855030097067356,0.07581518380902708,0.33658796921372414
2026-04-23 07:45:26.700,3509417.0256727594,779154.8220035589,5250972.33975514,-85192.65086497589,30.81479719214477,0.6899724761024117,-0.588110004318878,0.9504040144383907
2026-04-23 07:45:26.800,3509417.09290443,779154.738974689,5250972.445758345,-85197.25975864552,30.824721466012033,0.6723167048767209,-0.8302886981982738,1.0600320436060429
2026-04-23 07:45:26.900,3509417.127888404,779154.6895462535,5250972.480850736,-85201.93373408049,30.766545011184885,0.3498397395014763,-0.49428435508161783,0.35092391073703766
2026-04-23 07:45:27.000,3509417.1774943527,779154.6679551252,5250972.498894693,-85206.62431124331,30.886630270011683,0.49605948850512505,-0.21591128315776587,0.18043957650661469
2026-04-23 07:45:27.100,3509417.1207154416,779154.6371638716,5250972.475989892,-85211.34592288779,31.081471718956028,-0.5677891103550792,-0.3079125366639346,-0.22904801182448864
2026-04-23 07:45:27.200,3509417.1085965442,779154.5675658161,5250972.4799353285,-85216.02484265792,31.21849695825323,-0.12118897400796413,-0.695980554446578,0.03945436328649521
2026-04-23 07:45:27.300,3509417.4014620925,779154.0360244458,5250973.2358843,-85220.10190848104,35.62677289920321,2.928655482828617,-5.315413703210652,7.559489719569683
2026-04-23 07:45:27.400,3509417.0449680984,779154.3834872865,5250972.481310645,-85225.48367521862,31.17731421045766,-3.56493994127959,3.474628407275304,-7.545736553147435
2026-04-23 07:45:27.500,3509416.9898929186,779154.3725038792,5250972.475647747,-85230.22588819363,31.055857896897887,-0.5507517978549004,-0.10983407264575362,-0.056628985330462456
2026-04-23 07:45:27.600,3509416.9361339123,779154.3473880314,5250972.517533965,-85234.98834001106,31.070262317531437,-0.5375900631770492,-0.25115847820416093,0.41886218823492527
2026-04-23 07:45:27.700,3509417.2353083915,779153.8592179861,5250973.34312302,-85239.08377282882,35.32021906584226,2.9917447920888662,-4.881700453115627,8.255890542641282
2026-04-23 07:45:27.800,3509417.2091273977,779153.7918140142,5250973.432402404,-85243.80470368644,35.26523084608424,-0.26180993765592575,-0.6740397191606462,0.8927938435226679
2026-04-23 07:45:27.900,3509417.1766527123,779153.6811093068,5250973.549420276,-85248.4982205567,35.23360011034274,-0.32474685460329056,-1.1070470744743943,1.1701787170022726
2026-04-23 07:45:28.000,3509417.2190106604,779153.5219261511,5250973.607970372,-85253.15634737024,35.18387614305839,0.42357948143035173,-1.5918315562885255,0.5855009611696005
2026-04-23 07:45:28.100,3509417.2026068876,779153.3938299445,5250973.656872393,-85257.84122420485,35.04004720985937,-0.16403772868216038,-1.2809620657935739,0.48902020789682865
2026-04-23 07:45:28.200,3509417.1237152102,779153.1879044471,5250973.760446404,-85262.5588217221,34.870111510152064,-0.7889167731627822,-2.059254974592477,1.035740114748478
2026-04-23 07:45:28.300,3509417.460680797,779152.6558730124,5250973.947335593,-85266.93101384879,41.39591744983199,3.3696558699011803,-5.320314347045496,1.8688918929547071
2026-04-23 07:45:28.400,3509417.4063314013,779152.5811203041,5250973.996614376,-85271.68366051644,41.405124277741464,-0.5434939591214061,-0.7475270831491798,0.49278782680630684
2026-04-23 07:45:28.500,3509417.384302668,779152.520187055,5250974.061935109,-85276.40078728485,41.38860429370831,-0.22028733510524035,-0.6093324907124043,0.6532073300331831
2026-04-23 07:45:28.600,3509417.3507942157,779152.5178815793,5250973.991401793,-85281.1277069026,41.429073157352434,-0.33508452121168375,-0.02305475645698607,-0.7053331565111876
2026-04-23 07:45:28.700,3509417.275902667,779152.5443418783,5250973.9103238005,-85285.91021306065,41.62330825036433,-0.7489154860377312,0.2646029891911894,-0.8107799291610718
2026-04-23 07:45:28.800,3509417.201730706,779152.5461306373,5250973.844202846,-85290.69734393895,41.69520205098682,-0.7417196128517389,0.017887590220198035,-0.6612095423042774
2026-04-23 07:45:28.900,3509417.0571275544,779152.6022908726,5250973.795741148,-85295.51278300938,41.91279023078562,-1.4460315136238933,0.56160235311836,-0.4846169799566269
2026-04-23 07:45:29.000,3509416.91837893,779152.5643783978,5250973.8517057905,-85300.27087816833,41.850728508578186,-1.3874862436205149,-0.37912474828772247,0.5596464220434427
2026-04-23 07:45:29.100,3509416.8490981236,779152.3758483294,5250973.990343535,-85304.97581637527,41.79041449125141,-0.6928080646321177,-1.8853006837889552,1.3863774482160807
2026-04-23 07:45:29.200,3509416.7792135985,779152.2698424634,5250974.046605922,-85309.74659503109,42.162540228569036,-0.6988452514633536,-1.0600586596410722,0.5626238696277142
2026-04-23 07:45:29.300,3509416.7612446877,779152.2802273548,5250974.126558498,-85314.47810532154,42.279246317877686,-0.1796891074627638,0.10384891415014863,0.7995257526636124
2026-04-23 07:45:29.400,3509416.815296506,779152.2539951297,5250974.186800863,-85319.1459622463,42.25974559931594,0.5405181832611561,-0.2623222512193024,0.6024236511439085
2026-04-23 07:45:29.500,3509416.851733864,779152.2308171769,5250974.167098857,-85323.87739662519,42.225276175516704,0.36437357775866985,-0.23177952854894102,-0.19702005200088024
2026-04-23 07:45:29.600,3509416.899770493,779152.2182898922,5250974.169769676,-85328.5858494724,42.10230083449404,0.4803662933409214,-0.12527284678071737,0.026708189398050308
2026-04-23 07:45:29.700,3509416.837516928,779152.2217452427,5250974.102768339,-85333.36551777546,41.913673889341545,-0.6225356506183743,0.034553505247458816,-0.6700133718550205
2026-04-23 07:45:29.800,3509416.723312033,779152.2181438478,5250974.0231887065,-85338.21202725597,42.02525908291277,-1.1420489521697164,-0.03601394942961633,-0.7957963272929192
2026-04-23 07:45:29.900,3509416.6056329333,779152.2116960313,5250974.01189566,-85343.0440213055,42.274985610965125,-1.1767909955233335,-0.0644781650044024,-0.11293046176433563
2026-04-23 07:45:30.000,3509416.5882837134,779152.1917535366,5250974.03972328,-85347.82613180931,42.24874334929279,-0.17349219880998135,-0.19942494691349566,0.27827619574964046
2026-04-23 07:45:30.100,3509416.7066520243,779152.1267640267,5250974.010425884,-85352.55661444445,41.91166314721765,1.1836831085383892,-0.6498950987588614,-0.2929739560931921
2026-04-23 07:45:30.200,3509416.780647321,779152.1183951438,5250973.977369625,-85357.27698151922,41.75980684198322,0.7399529684334993,-0.08368882932700217,-0.3305625915527344
2026-04-23 07:45:30.300,3509415.9247719673,779153.1883783665,5250972.682002372,-85363.30670318406,31.695716473031837,-8.55875353794545,10.699832227546722,-12.953672530129552
2026-04-23 07:45:30.400,3509415.956443114,779153.2116855615,5250972.652573563,-85368.03871454847,31.67439339773633,0.31671146862208843,0.2330719493329525,-0.2942880894988775
2026-04-23 07:45:30.500,3509415.907298939,779153.2057858137,5250972.643174262,-85372.7962005632,31.68113240018914,-0.491441753692925,-0.05899747717194259,-0.09399301372468472
2026-04-23 07:45:30.600,3509415.888939441,779153.0349470566,5250972.798935325,-85377.46667072183,31.493849321128184,-0.18359497655183077,-1.7083875718526542,1.5576106309890747
2026-04-23 07:45:30.700,3509415.868703428,779152.8408169795,5250972.872001904,-85382.18818458494,31.379587652504252,-0.20236012991517782,-1.9413007702678442,0.7306657917797565
2026-04-23 07:45:30.800,3509415.8567950195,779152.7977400445,5250972.91197944,-85386.91446966866,31.325809373367925,-0.11908408720046282,-0.43076934991404414,0.39977535605430603
2026-04-23 07:45:30.900,3509415.753561864,779152.9467587766,5250972.898984358,-85391.72003674576,36.20241686163797,-1.0323315532878041,1.4901873201597482,-0.12995081953704357
2026-04-23 07:45:31.000,3509415.70921575,779152.9753032159,5250972.940552474,-85396.45198025182,36.17137662471959,-0.4434611415490508,0.2854443935211748,0.41568116284906864
2026-04-23 07:45:31.100,3509415.7388552907,779152.9733843624,5250973.043677384,-85401.09203452576,36.41126060070172,0.2963954070582986,-0.019188534934073687,1.031249100342393
2026-04-23 07:45:31.200,3509415.7681440753,779152.9602140466,5250973.189755962,-85405.70107465479,36.86234428823518,0.29288784600794315,-0.13170315767638385,1.4607857819646597
2026-04-23 07:45:31.300,3509415.7091392297,779152.8572840391,5250973.321738726,-85410.35405453999,37.111028544866876,-0.5900484556332231,-1.0293000750243664,1.3198276422917843
2026-04-23 07:45:31.400,3509415.66728554,779152.7470152914,5250973.390381573,-85415.09154600574,37.07068434553633,-0.4185368958860636,-1.10268747783266,0.6864284630864859
2026-04-23 07:45:31.500,3509415.775793568,779152.6361294179,5250973.416769107,-85419.80386910915,37.03216195022727,1.0850802809000015,-1.108858734369278,0.26387534104287624
2026-04-23 07:45:31.600,3509415.8365137014,779152.5970331094,5250973.3978836825,-85424.51091644418,36.76688672832284,0.607201331295073,-0.39096308522857726,-0.18885424360632896
2026-04-23 07:45:31.700,3509415.8400220275,779152.5941481341,5250973.354765219,-85429.25989527216,36.50685944770934,0.03508326131850481,-0.0288497528526932,-0.43118463829159737
2026-04-23 07:45:31.800,3509415.8347217487,779152.6029511916,5250973.360899138,-85433.96320353723,36.31694845700312,-0.05300278775393963,0.08803057484328747,0.06133919581770897
2026-04-23 07:45:31.900,3509416.559807791,779151.7397575057,5250974.512778515,-85437.51433360287,41.53898991133967,7.250860421918333,-8.631936858873814,11.51879376731813
2026-04-23 07:45:32.000,3509416.5922430726,779151.723176867,5250974.606769604,-85442.14689851072,41.304064838274364,0.3243528166785836,-0.16580638708546758,0.9399108868092299
2026-04-23 07:45:32.100,3509416.6029791674,779151.6015156722,5250974.58701664,-85446.83486467169,41.38292191124148,0.10736094787716866,-1.2166119483299553,-0.19752963446080685
2026-04-23 07:45:32.200,3509416.5779456603,779151.420601384,5250974.450926746,-85451.60070989816,41.574300543910645,-0.2503350703045726,-1.809142881538719,-1.3608989398926497
2026-04-23 07:45:32.300,3509416.6522256304,779151.2901979263,5250974.362757701,-85456.32550417824,41.721181501400835,0.7427997002378106,-1.3040345767512918,-0.8816904481500387
2026-04-23 07:45:32.400,3509416.6748239254,779151.2572765695,5250974.265636939,-85461.07847727278,42.11276390350734,0.22598295006901026,-0.3292135684750974,-0.9712076280266047
2026-04-23 07:45:32.500,3509416.607005277,779151.2354238378,5250974.159892593,-85465.86154722229,42.608010118021625,-0.6781864818185568,-0.21852731704711914,-1.0574434604495764
2026-04-23 07:45:32.600,3509416.5162479933,779151.2459987509,5250974.041667303,-85470.66162250169,42.9323880408243,-0.9075728384777904,0.10574913118034601,-1.1822528950870037
2026-04-23 07:45:32.700,3509416.4718409134,779151.2829818017,5250973.933254537,-85475.45046535021,43.08354387025027,-0.4440707992762327,0.3698305075522512,-1.0841276589781046
2026-04-23 07:45:32.800,3509416.4873318174,779151.2402265464,5250973.856956255,-85480.17476673028,43.1015606469207,0.15490903984755278,-0.42755255242809653,-0.7629828248172998
2026-04-23 07:45:32.900,3509416.497635086,779151.0941433843,5250973.698487412,-85484.95390490821,43.41847942625844,0.10303268674761057,-1.4608316216617823,-1.584688425064087
2026-04-23 07:45:33.000,3509416.4859553673,779151.0363209624,5250973.571215743,-85489.75459143241,43.53438445964737,-0.11679718736559153,-0.578224218916148,-1.2727166898548603
2026-04-23 07:45:33.100,3509416.6356216655,779151.0298592801,5250973.604725303,-85494.4088993568,42.91725626792358,1.4966629818081856,-0.06461682263761759,0.3350955992937088
2026-04-23 07:45:33.200,3509416.6758653927,779151.061615954,5250973.626053995,-85499.09378066938,42.85340178497581,0.40243727155029774,0.3175667393952608,0.21328692324459553
2026-04-23 07:45:33.300,3509416.7050681766,779151.110277116,5250973.76359215,-85503.7085505285,42.743322070693,0.29202783945947886,0.48661161912605166,1.3753815460950136
2026-04-23 07:45:33.400,3509416.7791171875,779151.0154427349,5250973.950957178,-85508.29204115769,42.3418109633486,0.7404901087284088,-0.948343810159713,1.8736502807587385
2026-04-23 07:45:33.500,3509416.8836074276,779150.8421918328,5250974.009357664,-85512.9246673077,41.790100204954584,1.0449024010449648,-1.7325090209487826,0.5840048566460609
2026-04-23 07:45:33.600,3509416.9582494893,779150.737917203,5250973.994889465,-85517.6185686462,41.0992967430006,0.7464206172153354,-1.042746298480779,-0.14468198642134666
2026-04-23 07:45:33.700,3509417.127607161,779150.6979621497,5250974.039942843,-85522.22258794513,40.675901798516726,1.6935767186805606,-0.3995505324564874,0.45053377747535706
2026-04-23 07:45:33.800,3509417.1903532743,779150.6832280229,5250974.113696386,-85526.87970593337,40.63634823478593,0.6274611316621304,-0.14734126860275865,0.7375354319810867
2026-04-23 07:45:33.900,3509417.2903486653,779150.6638806859,5250974.139232803,-85531.54011765697,40.47246689844667,0.9999539097771049,-0.19347336958162487,0.2553641702979803
2026-04-23 07:45:34.000,3509417.374970597,779150.6097681916,5250974.171422029,-85536.19888945024,40.63537224436414,0.8462193189188838,-0.5411249434109777,0.32189225777983665
2026-04-23 07:45:34.100,3509417.2468280606,779150.4518079702,5250974.109342617,-85540.94905075892,41.398928048187926,-1.281425366178155,-1.5796022140420973,-0.6207941193133593
2026-04-23 07:45:34.200,3509417.1612783214,779150.2571891871,5250974.0104485685,-85545.69970892018,41.728197363985956,-0.8554973918944597,-1.9461878307629377,-0.9889404848217964
2026-04-23 07:45:34.300,3509417.1241250616,779150.2635802146,5250973.932693213,-85550.46464515495,41.57402954105869,-0.37153259851038456,0.06391027476638556,-0.7775535527616739
2026-04-23 07:45:34.400,3509417.0633488484,779150.2471599646,5250973.833311098,-85555.22578103606,41.786139373688414,-0.6077621318399906,-0.16420249943621457,-0.9938211552798748
2026-04-23 07:45:34.500,3509417.0310283913,779150.2321615875,5250973.841830174,-85559.92584814774,42.24398330349314,-0.3232045704498887,-0.1499837718438357,0.08519076742231846
2026-04-23 07:45:34.600,3509416.9636883624,779150.2742019257,5250973.868665944,-85564.6306608437,42.38522065675214,-0.6734002893790603,0.4204033827409148,0.26835769414901733
2026-04-23 07:45:34.700,3509416.9841146367,779150.294933123,5250973.904835297,-85569.2797743272,42.40723928138884,0.2042627427726984,0.20731197320856154,0.3616935294121504
2026-04-23 07:45:34.800,3509416.9101586104,779150.326091659,5250973.935150311,-85573.97553518954,42.55039920627543,-0.7395602623000741,0.3115853597410023,0.3031501453369856
2026-04-23 07:45:34.900,3509416.81147314,779150.2035216097,5250973.981937671,-85578.69850155081,42.702130232452184,-0.9868547040969133,-1.2257004936691374,0.4678735975176096
2026-04-23 07:45:35.000,3509416.7980444776,779149.988083099,5250973.961124333,-85583.39998888387,42.60881622915928,-0.13428662437945604,-2.1543851064052433,-0.20813338458538055
2026-04-23 07:45:35.100,3509416.9477464813,779149.9755608641,5250974.003358219,-85588.0571649237,42.12296947500321,1.4970200369134545,-0.1252223493065685,0.4223388619720936
2026-04-23 07:45:35.200,3509417.0345401736,779149.9894400365,5250973.990709578,-85592.77041725669,42.10893184810583,0.8679369231685996,0.1387917238753289,-0.12648641131818295
2026-04-23 07:45:35.300,3509417.049635254,779150.0507148207,5250974.051294268,-85597.47754492176,41.850816248686336,0.15095080249011517,0.6127478426788002,0.6058469042181969
2026-04-23 07:45:35.400,3509417.063761031,779150.0860282305,5250974.165928955,-85602.10849565847,41.67274668619681,0.14125776942819357,0.3531340975314379,1.1463468708097935
2026-04-23 07:45:35.500,3509417.097741932,779149.9591881766,5250974.264033606,-85606.73459329274,41.726039766829985,0.339809013530612,-1.2684005394112319,0.9810465108603239
2026-04-23 07:45:35.600,3509417.087040193,779149.7540694574,5250974.313779826,-85611.43655488135,42.118436985786616,-0.10701739229261875,-2.0511871913913637,0.49746220000088215
2026-04-23 07:45:35.700,3509417.244001265,779149.5120259051,5250974.382106842,-85616.03919164081,41.806822394609114,1.5696107223629951,-2.4204355233814567,0.6832701526582241
2026-04-23 07:45:35.800,3509417.534706563,779149.4098865747,5250974.455393907,-85620.56667169658,41.179366338359955,2.907052980735898,-1.0213933035265654,0.73287065140903
2026-04-23 07:45:35.900,3509417.6301996233,779149.4172178685,5250974.48788218,-85625.24897526021,40.927208754336284,0.9549306007102132,0.0733129377476871,0.32488273456692696
2026-04-23 07:45:36.000,3509417.6040764614,779149.4829118231,5250974.4579575285,-85629.9837894586,40.86957430785692,-0.26123161893337965,0.6569395458791405,-0.29924651607871056
2026-04-23 07:45:36.100,3509417.6181630823,779149.5079849544,5250974.617746341,-85634.6058399534,40.4041178676831,0.1408662088215351,0.2507313131354749,1.5978881251066923
2026-04-23 07:45:36.200,3509417.6665815464,779149.4979469666,5250974.798961307,-85639.20344766062,40.04924116827309,0.4841846413910389,-0.10037987842224538,1.8121496587991714
2026-04-23 07:45:36.300,3509416.606337434,779150.7388621434,5250973.376256622,-85645.4476138925,36.31149968858794,-10.602441122755408,12.409151768079028,-14.2270468454808
2026-04-23 07:45:36.400,3509416.6255390863,779150.6131385228,5250973.442780989,-85650.12766619949,36.14059611753184,0.19201652146875858,-1.2572362052742392,0.6652436684817076
2026-04-23 07:45:36.500,3509416.6731394017,779150.4557604693,5250973.387223239,-85654.86194024229,36.0355265457268,0.47600315418094397,-1.5737805352546275,-0.5555775016546249
2026-04-23 07:45:36.600,3509416.7345906706,779150.3971912876,5250973.3501719395,-85659.56198908004,35.891262712251326,0.6145126884803176,-0.5856918171048164,-0.3705129958689213
2026-04-23 07:45:36.700,3509416.7709493414,779150.367550912,5250973.371773337,-85664.23679012012,35.700670518712506,0.3635867079719901,-0.29640375636518,0.21601397544145584
2026-04-23 07:45:36.800,3509416.775762902,779150.3586687816,5250973.402994271,-85668.91981151147,35.60452508394233,0.04813560750335455,-0.08882130379788578,0.31220934353768826
2026-04-23 07:45:36.900,3509416.722073556,779150.3647093722,5250973.460952903,-85673.58829551184,35.720849784079945,-0.536893461830914,0.060405905824154615,0.5795863177627325
2026-04-23 07:45:37.000,3509416.6712826993,779150.2416712114,5250973.467811921,-85678.29097484547,35.97556785529131,-0.5079085659235716,-1.2303816073108464,0.06859017536044121
2026-04-23 07:45:37.100,3509416.597271241,779150.0831045939,5250973.41973908,-85683.0602208739,36.01316752010093,-0.7401145854964852,-1.5856661752332002,-0.4807284101843834
2026-04-23 07:45:37.200,3509416.5851568663,779150.0507177574,5250973.462751294,-85687.77023514535,35.66353130982225,-0.12114374432712793,-0.3238683647941798,0.4301221389323473
2026-04-23 07:45:37.300,3509417.6608922407,779148.789397342,5250975.032536429,-85690.85663058194,38.82544597203234,10.75735374353826,-12.61320415418595,15.697851357981563
2026-04-23 07:45:37.400,3509417.6909985743,779148.7615469901,5250975.095399139,-85695.53076912937,38.61476055870244,0.30106333550065756,-0.2785035187844187,0.6286271009594202
2026-04-23 07:45:37.500,3509417.7444136483,779148.6913411388,5250975.1398478905,-85700.1687186673,38.29518797550826,0.5341507401317358,-0.7020585134159774,0.44448751024901867
2026-04-23 07:45:37.600,3509417.7844472234,779148.4708186545,5250975.042393231,-85704.90667305434,38.09873301727669,0.40033575147390366,-2.205224842764437,-0.9745465964078903
2026-04-23 07:45:37.700,3509417.811263164,779148.2228897811,5250975.023623429,-85709.61675529234,38.136788009867665,0.26815940625965595,-2.4792887340299785,-0.1876980159431696
2026-04-23 07:45:37.800,3509417.828589042,779148.1497261892,5250974.951154174,-85714.37947833097,38.046070894963776,0.17325878143310547,-0.7316359190735966,-0.7246925495564938
2026-04-23 07:45:37.900,3509417.807653678,779148.052426592,5250974.874985958,-85719.15639594,38.015359155773595,-0.20935364067554474,-0.9729959722608328,-0.7616821583360434
2026-04-23 07:45:38.000,3509417.784074741,779147.9843250993,5250974.801725842,-85723.91586899932,38.17512947473919,-0.2357893716543913,-0.6810149271041155,-0.7326011639088392
2026-04-23 07:45:38.100,3509417.827311272,779147.9136769146,5250974.76193565,-85728.60351731791,38.41470112410856,0.4323653085157275,-0.7064818462822586,-0.3979019168764353
2026-04-23 07:45:38.200,3509417.84169344,779147.9035356636,5250974.714041609,-85733.3231074629,38.25430148890296,0.1438216818496585,-0.10141251026652753,-0.47894041053950787
2026-04-23 07:45:38.300,3509417.822606882,779147.8227833186,5250974.726128415,-85738.04306376837,38.10654709277292,-0.19086557906121016,-0.8075234503485262,0.12086805887520313
2026-04-23 07:45:38.400,3509417.733112474,779147.6904678266,5250974.703249946,-85742.83174297084,38.32000061453037,-0.8949440810829401,-1.323154920246452,-0.22878468967974186
2026-04-23 07:45:38.500,3509417.6935221874,779147.6265499176,5250974.692084706,-85747.59040322619,38.38183500136748,-0.39590286556631327,-0.63917908933945,-0.11165239848196507
2026-04-23 07:45:38.600,3509417.7664067866,779147.6476588363,5250974.680226798,-85752.30607274774,38.35122937639495,0.7288459921255708,0.2110891870688647,-0.11857908219099045
2026-04-23 07:45:38.700,3509417.809171674,779147.6947280009,5250974.695538476,-85756.99527058218,38.365612665658645,0.4276488721370697,0.47069164575077593,0.15311677940189838
2026-04-23 07:45:38.800,3509417.8823701586,779147.7057253201,5250974.792367659,-85761.61748844,38.34679544288309,0.7319848472252488,0.10997319244779646,0.968291824683547
2026-04-23 07:45:38.900,3509417.8966718507,779147.7038244782,5250974.880306992,-85766.28790623642,38.35197637145076,0.14301692135632038,-0.01900841947644949,0.8793933317065239
2026-04-23 07:45:39.000,3509417.9416408166,779147.5585803128,5250974.988108683,-85770.92250651332,38.217071570076214,0.4496896592900157,-1.4524416544009,1.0780169162899256
2026-04-23 07:45:39.100,3509419.4615576877,779146.4909678277,5250975.484845292,-85774.43114610898,47.024530891243785,15.199168710969388,-10.676124850288033,4.967366084456444
2026-04-23 07:45:39.200,3509419.556491619,779146.3716053362,5250975.535534425,-85779.1295539187,47.06876552910644,0.9493393125012517,-1.1936249153222889,0.5068913288414478
2026-04-23 07:45:39.300,3509419.6707854248,779146.3634521102,5250975.565344747,-85783.79381343359,47.342167676282294,1.1429380578920245,-0.08153225993737578,0.2981032244861126
2026-04-23 07:45:39.400,3509419.689012383,779146.333343878,5250975.52500948,-85788.53089844761,47.95230519207253,0.18226958345621824,-0.3010823216754943,-0.4033526685088873
2026-04-23 07:45:39.500,3509419.648917419,779146.3331868515,5250975.448387127,-85793.30684258977,48.207421124996834,-0.4009496420621872,-0.0015702657401561737,-0.7662235293537378
2026-04-23 07:45:39.600,3509419.5934605976,779146.3640534767,5250975.492988924,-85797.99932363602,47.85010242583558,-0.5545682134106755,0.30866625253111124,0.44601796194911003
2026-04-23 07:45:39.700,3509419.610275155,779146.2951652984,5250975.59837877,-85802.6259480299,48.02686007196451,0.16814557369798422,-0.6888817832805216,1.0538984648883343
2026-04-23 07:45:39.800,3509419.621227777,779146.1716507581,5250975.5944605,-85807.34229864593,47.975996149612435,0.10952622164040804,-1.2351454026065767,-0.039182696491479874
2026-04-23 07:45:39.900,3509419.687564453,779146.021665213,5250975.533243799,-85812.09447453199,48.05439245800794,0.6633667601272464,-1.4998554508201778,-0.6121670175343752
2026-04-23 07:45:40.000,3509419.7384759663,779145.9581741213,5250975.545921542,-85816.81011590327,47.91424519100448,0.5091151315718889,-0.6349109171424061,0.1267774309962988
2026-04-23 07:45:40.100,3509419.8293102426,779145.8788224388,5250975.605085411,-85821.47585508428,47.82639180927001,0.908342762850225,-0.79351682565175,0.5916386935859919
2026-04-23 07:45:40.200,3509419.8295340254,779145.863170375,5250975.608410076,-85826.1973916896,47.84628917748677,0.0022378284484148026,-0.15652063768357038,0.03324665129184723
2026-04-23 07:45:40.300,3509419.8120769598,779145.8544612925,5250975.612111023,-85830.92408594422,47.877688138150106,-0.17457065638154745,-0.08709082496352494,0.0370094645768404
2026-04-23 07:45:40.400,3509419.8882536734,779145.7395530861,5250975.6637203675,-85835.59249187703,47.829108454066805,0.7617671368643641,-1.1490820639301091,0.516093447804451
2026-04-23 07:45:40.500,3509419.9906335324,779145.5601778892,5250975.743113784,-85840.21900117671,48.00808900287725,1.0237985895946622,-1.793751969235018,0.793934166431427
2026-04-23 07:45:40.600,3509420.0484577403,779145.5297468769,5250975.78148236,-85844.90823276617,48.444754543088756,0.5782420793548226,-0.304310122737661,0.3836857620626688
2026-04-23 07:45:40.700,3509420.0427633687,779145.4660375647,5250975.7574950205,-85849.64288113575,48.44669884483215,-0.05694371648132801,-0.637093122350052,-0.23987339809536934
2026-04-23 07:45:40.800,3509420.1079418026,779145.4025867236,5250975.759805721,-85854.30654908114,48.66029247371327,0.6517843389883637,-0.6345084111671895,0.023107007145881653
2026-04-23 07:45:40.900,3509420.152099479,779145.3503916363,5250975.761014349,-85858.97280561832,48.52883312838349,0.4415767639875412,-0.521950873080641,0.012086275964975357
2026-04-23 07:45:41.000,3509420.1047469433,779145.2310830312,5250975.732049775,-85863.74104258388,48.172581964121036,-0.47352535650134087,-1.1930860509164631,-0.2896457351744175
2026-04-23 07:45:41.100,3509420.044667433,779145.0385116644,5250975.680832796,-85868.5270949138,48.07724710771221,-0.6007951032370329,-1.925713667878881,-0.5121697951108217
2026-04-23 07:45:41.200,3509420.0262401258,779145.006126262,5250975.601148533,-85873.30576245686,48.0269119289792,-0.1842730725184083,-0.32385402359068394,-0.7968426309525967
2026-04-23 07:45:41.300,3509420.001778823,779144.9916254963,5250975.630419623,-85878.01644289229,48.053718921722805,-0.24461302906274796,-0.1450076571200043,0.29271090403199196
2026-04-23 07:45:41.400,3509420.020422022,779145.0050818309,5250975.7888066145,-85882.61917198161,47.981870490110076,0.18643199000507593,0.1345633459277451,1.5838699135929346
2026-04-23 07:45:41.500,3509420.0359334666,779144.9597455607,5250975.932731978,-85887.24528054148,48.149294451141174,0.1551144476979971,-0.4533627023920417,1.439253631979227
2026-04-23 07:45:41.600,3509420.060742473,779144.7369458509,5250976.049414368,-85891.88716605473,48.336323261220215,0.24809006601572037,-2.2279970976524055,1.1668239068239927
2026-04-23 07:45:41.700,3509420.0385370767,779144.6032347473,5250976.058661433,-85896.62211979144,48.35166545192477,-0.22205396555364132,-1.3371110358275473,0.09247064590454102
2026-04-23 07:45:41.800,3509420.023197202,779144.5533459999,5250976.003453802,-85901.36815663632,48.49595118669405,-0.15339874662458897,-0.49888747395016253,-0.552076306194067
2026-04-23 07:45:41.900,3509419.937489033,779144.5241673122,5250975.882782155,-85906.19155399174,48.593776915951835,-0.8570816880092025,-0.2917868772055954,-1.206716476008296
2026-04-23 07:45:42.000,3509419.8740612487,779144.5416600048,5250975.873621366,-85910.92917865286,48.2196945293571,-0.6342778448015451,0.17492692568339407,-0.09160788729786873
2026-04-23 07:45:42.100,3509419.8488296717,779144.4813874429,5250975.921185548,-85915.609538391,48.04365167093857,-0.2523157699033618,-0.602725618518889,0.4756418243050575
2026-04-23 07:45:42.200,3509419.7907051546,779144.2739200155,5250975.896786205,-85920.30824853343,48.54570184584904,-0.5812451709061861,-2.0746742736082524,-0.24399343878030777
2026-04-23 07:45:42.300,3509417.047057253,779146.313263835,5250973.974863642,-85927.85387335301,35.6974070892086,-27.436479018069804,20.3934381948784,-19.219225626438856
2026-04-23 07:45:42.400,3509417.0589040807,779146.2389188588,5250974.004708444,-85932.5670302865,35.60396756524887,0.11846827808767557,-0.743449762230739,0.29844801872968674
2026-04-23 07:45:42.500,3509416.9702422204,779146.2355114023,5250974.022963525,-85937.307908135,35.64317583025831,-0.8866186020895839,-0.034074565628543496,0.182550810277462
2026-04-23 07:45:42.600,3509416.975470771,779146.1555012937,5250974.084952069,-85941.96670460326,36.231934954867334,0.05228550639003515,-0.8001010853331536,0.6198854465037584
2026-04-23 07:45:42.700,3509416.8602727414,779146.2318062208,5250974.138185436,-85946.75438771336,31.68664384630705,-1.1519802967086434,0.763049271190539,0.5323336645960808
2026-04-23 07:45:42.800,3509416.8750529345,779146.2212199419,5250974.082864191,-85951.47498018813,32.041393502015374,0.14780193101614714,-0.10586278978735209,-0.5532124452292919
2026-04-23 07:45:42.900,3509416.9144588015,779146.2345226664,5250974.040378885,-85956.17066894971,32.27327223138834,0.39405866991728544,0.1330272457562387,-0.42485306039452553
2026-04-23 07:45:43.000,3509416.834247332,779146.1720078012,5250974.051903236,-85960.89693403145,32.67134894521477,-0.8021146943792701,-0.625148651888594,0.11524350382387638
2026-04-23 07:45:43.100,3509416.7676689546,779146.0159691125,5250974.012386443,-85965.65237965352,33.03478173610457,-0.6657837750390172,-1.5603868872858584,-0.3951679263263941
2026-04-23 07:45:43.200,3509416.740155354,779145.8613555108,5250973.970370643,-85970.41309065164,33.28512776075287,-0.27513600420206785,-1.5461360174231231,-0.420158002525568
2026-04-23 07:45:43.300,3509416.9787754994,779146.0636389374,5250974.267909379,-85974.8818167525,39.00484250038888,2.3862014524638653,2.022834266535938,2.9753873590379953
2026-04-23 07:45:43.400,3509416.957303489,779146.0848901632,5250974.208301671,-85979.64857500012,39.107053134773615,-0.21472010295838118,0.2125122572761029,-0.5960770789533854
2026-04-23 07:45:43.500,3509416.8482584716,779146.0514060908,5250974.235863689,-85984.38714704251,39.12719115476136,-1.0904501751065254,-0.33484072308056056,0.2756201848387718
2026-04-23 07:45:43.600,3509416.7838264857,779145.8935735949,5250974.248228491,-85989.14967060556,39.1012189453837,-0.6443198584020138,-1.5783249598462135,0.12364801950752735
2026-04-23 07:45:43.700,3509416.704202371,779145.8018666083,5250974.216205894,-85993.9477451449,38.93729573131033,-0.796241145581007,-0.9170698653906584,-0.3202259726822376
2026-04-23 07:45:43.800,3509416.7756881383,779145.8241891016,5250974.187365476,-85998.6515392347,39.05609824654801,0.7148576714098454,0.2232249325606972,-0.28840417973697186
2026-04-23 07:45:43.900,3509416.8111855877,779145.8864034867,5250974.244035869,-86003.31111428555,39.19423178647502,0.35497449338436127,0.6221438513603061,0.5667039286345243
2026-04-23 07:45:44.000,3509416.7730652746,779145.9414669911,5250974.223919484,-86008.05745178378,39.511473743647024,-0.38120313081890345,0.5506350437644869,-0.2011638507246971
2026-04-23 07:45:44.100,3509416.7515161876,779145.940245809,5250974.2741142325,-86012.72640689886,39.53744585417835,-0.21549087017774582,-0.01221182057633996,0.5019474867731333
2026-04-23 07:45:44.200,3509416.7195642437,779145.8008480029,5250974.34487543,-86017.42594699224,39.57214293934138,-0.3195194387808442,-1.3939780613873154,0.7076119724661112
2026-04-23 07:45:44.300,3509416.6832779087,779145.5856957264,5250974.38134603,-86022.16193883785,39.53915604841395,-0.36286334972828627,-2.1515227644704282,0.3647060040384531
2026-04-23 07:45:44.400,3509416.69499904,779145.4522521361,5250974.385023722,-86026.8581873992,39.464948746960296,0.11721131391823292,-1.3344359037000686,0.03677692264318466
2026-04-23 07:45:44.500,3509416.322917295,779145.4118988242,5250974.338272207,-86031.77672133382,47.31235627252302,-3.720817449502647,-0.40353311924263835,-0.4675151500850916
2026-04-23 07:45:44.600,3509416.300671507,779145.3989395659,5250974.411514276,-86036.46428218366,47.15299967657472,-0.22245788015425205,-0.12959258281625807,0.7324206829071045
2026-04-23 07:45:44.700,3509416.295650852,779145.4001593144,5250974.501441811,-86041.13222126335,47.05480103255188,-0.050206552259624004,0.012197485193610191,0.8992753550410271
2026-04-23 07:45:44.800,3509416.2832011688,779145.4081761073,5250974.575251892,-86045.80931505929,46.706188067464026,-0.12449683155864477,0.0801679294090718,0.7381008099764585
2026-04-23 07:45:44.900,3509416.2899698685,779145.3827540398,5250974.598998713,-86050.50068246275,46.201736651727956,0.06768699735403061,-0.25422067497856915,0.23746821098029613
2026-04-23 07:45:45.000,3509416.3118996024,779145.3479808852,5250974.585125375,-86055.20656221308,46.10187752737511,0.2192973392084241,-0.3477315464988351,-0.1387333869934082
2026-04-23 07:45:45.100,3509416.33794744,779145.2168587855,5250974.620746197,-86059.87345291955,46.14612627495047,0.2604783745482564,-1.3112209970131516,0.35620822571218014
2026-04-23 07:45:45.200,3509416.287118485,779145.0424275283,5250974.611173581,-86064.6061830817,46.11027379157925,-0.5082895467057824,-1.7443125718273222,-0.09572615846991539
2026-04-23 07:45:45.300,3509416.261264371,779144.8497912261,5250974.643751143,-86069.32472131078,46.21561202596187,-0.2585411397740245,-1.9263630220666528,0.3257756121456623
2026-04-23 07:45:45.400,3509416.3845404545,779144.7846346012,5250974.756013945,-86073.92867000267,45.88245737806266,1.232760832644999,-0.6515662488527596,1.1226280219852924
2026-04-23 07:45:45.500,3509416.3978126645,779144.7535639257,5250974.798009422,-86078.58848955466,46.11781694671739,0.13272210024297237,-0.31070675468072295,0.4199547693133354
2026-04-23 07:45:45.600,3509416.2473371113,779144.7316040834,5250974.65004404,-86083.41537536618,46.12314409205114,-1.5047555323690176,-0.21959842299111187,-1.4796538185328245
2026-04-23 07:45:45.700,3509416.9863275234,779143.8579328576,5250975.890588421,-86086.93831712515,57.82551585423765,7.38990412093699,-8.736712258541957,12.405443815514445
2026-04-23 07:45:45.800,3509416.798696906,779143.72551018,5250975.700127352,-86091.80929949692,58.02352627304317,-1.8763061752542853,-1.3242267759051174,-1.9046106934547424
2026-04-23 07:45:45.900,3509416.723402198,779143.654372489,5250975.486094328,-86096.65819696912,58.60230570380039,-0.7529470790177584,-0.7113769103307277,-2.140330243855715
2026-04-23 07:45:46.000,3509416.710578444,779143.5982101278,5250975.818984329,-86101.16830900498,57.60353209711438,-0.12823753990232944,-0.5616236117202789,3.328900011256337
2026-04-23 07:45:46.100,3509416.67737365,779143.5973413894,5250975.994893011,-86105.80331244669,58.002462326601204,-0.3320479393005371,-0.008687383960932493,1.7590868193656206
2026-04-23 07:45:46.200,3509416.658495906,779143.5544482175,5250975.973608631,-86110.53209972275,58.65420498371473,-0.1887774420902133,-0.42893171892501414,-0.21284379996359348
2026-04-23 07:45:46.300,3509416.634818922,779143.4182049627,5250975.882036594,-86115.25908350303,58.882422328980525,-0.23676984012126923,-1.3624325476121157,-0.9157203696668148
2026-04-23 07:45:46.400,3509416.672054586,779143.219921548,5250975.982675205,-86119.87372531966,59.678712785417034,0.3723566420376301,-1.9828341470565647,1.006386112421751
2026-04-23 07:45:46.500,3509416.80441987,779143.1081126799,5250975.761490831,-86124.69523227516,60.325387690879566,1.323652840219438,-1.1180886812508106,-2.211843738332391
2026-04-23 07:45:46.600,3509416.950141882,779143.0928710427,5250975.880073931,-86129.29423791614,59.68302423206844,1.4572201203554869,-0.15241637243889272,1.1858309991657734
2026-04-23 07:45:46.700,3509417.0399955395,779143.1474935292,5250976.041238713,-86133.87155091243,58.85573452274833,0.8985365740954876,0.5462248658295721,1.6116478201001883
2026-04-23 07:45:46.800,3509417.0011355146,779143.0780686629,5250976.178552957,-86138.50575115043,58.49046461549133,-0.3886002488434315,-0.6942486634943634,1.3731424417346716
2026-04-23 07:45:46.900,3509416.9988144296,779142.906560132,5250976.287756294,-86143.14369556753,58.46301503486086,-0.02321084961295128,-1.7150853085331619,1.0920333676040173
2026-04-23 07:45:47.000,3509417.029531284,779142.8058300158,5250976.365136357,-86147.79435464696,58.3544393807574,0.3071685414761305,-1.0073011624626815,0.7738006301224232
2026-04-23 07:45:47.100,3509417.087821177,779142.777186686,5250976.423291891,-86152.46927355307,58.28754532187832,0.5828989343717694,-0.2864332974422723,0.581555338576436
2026-04-23 07:45:47.200,3509417.128362648,779142.7783000644,5250976.486393862,-86157.11090118739,58.26928856886507,0.4054147098213434,0.01113378326408565,0.6310197152197361
2026-04-23 07:45:47.300,3509417.166923612,779142.5973361,5250976.6113968715,-86161.7652063054,58.415731916004695,0.38560963701456785,-1.809639644343406,1.2500300910323858
2026-04-23 07:45:47.400,3509417.2099486664,779142.4553046278,5250976.584389556,-86166.44887479299,58.24942222412956,0.4302505450323224,-1.420314721763134,-0.27007315307855606
2026-04-23 07:45:47.500,3509417.273889365,779142.468367393,5250976.581809773,-86171.1317313845,57.56056389772192,0.6394069874659181,0.13062765239737928,-0.025797830894589424
2026-04-23 07:45:47.600,3509417.3576084184,779142.4901041578,5250976.609515405,-86175.77644120617,57.27646600142468,0.8371905330568552,0.21736764814704657,0.2770563215017319
2026-04-23 07:45:47.700,3509417.3573909635,779142.5054759047,5250976.651030353,-86180.4250045822,57.56693026667485,-0.002174549736082554,0.15371746849268675,0.4151494801044464
2026-04-23 07:45:47.800,3509417.3902909704,779142.3935570272,5250976.656563617,-86185.12662439009,57.4684319460565,0.32900006975978613,-1.1191887746099383,0.05533264018595219
2026-04-23 07:45:47.900,3509417.4520256026,779142.196208118,5250976.640462834,-86189.80323987395,57.677851612262366,0.6173463212326169,-1.9734890921972692,-0.1610078290104866
2026-04-23 07:45:48.000,3509417.478823673,779142.1139524602,5250976.583144712,-86194.53634778461,57.43270198123052,0.26798070408403873,-0.8225565776228905,-0.5731812212616205
2026-04-23 07:45:48.100,3509417.479002145,779142.0759718211,5250976.508437359,-86199.28498950526,57.011171571674026,0.00178472138941288,-0.37980639142915606,-0.7470735348761082
2026-04-23 07:45:48.200,3509417.501959647,779142.0710064679,5250976.520183495,-86203.95739768824,56.71220502009413,0.2295750193297863,-0.049653531750664115,0.11746136471629143
2026-04-23 07:45:48.300,3509416.5937631615,779142.7957787876,5250975.367540602,-86209.87443524384,47.20161236915739,-9.081964856013656,7.24772319663316,-11.526428936049342
2026-04-23 07:45:48.400,3509416.5670001497,779142.6060124408,5250975.373814084,-86214.5954764066,46.87751566704549,-0.2676301170140505,-1.8976634682621807,0.06273481994867325
2026-04-23 07:45:48.500,3509416.547839148,779142.5316990236,5250975.448360154,-86219.27214722687,46.58984424008925,-0.19161001779139042,-0.7431341719347984,0.7454607076942921
2026-04-23 07:45:48.600,3509416.5694507076,779142.5279056105,5250975.489680663,-86223.93063123089,46.26788398652608,0.216115596704185,-0.037934130523353815,0.4132050834596157
2026-04-23 07:45:48.700,3509416.529226464,779142.5239538788,5250975.525268393,-86228.62053241378,46.13754332767273,-0.4022424342110753,-0.03951731720007956,0.355877298861742
2026-04-23 07:45:48.800,3509416.447587556,779142.4003655392,5250975.626902911,-86233.28707482424,46.420242820558414,-0.8163890801370144,-1.2358833954203874,1.0163451824337244
2026-04-23 07:45:48.900,3509416.406667171,779142.2296784052,5250975.668718951,-86237.96981352383,46.60074601883687,-0.409203851595521,-1.706871340284124,0.4181603994220495
2026-04-23 07:45:49.000,3509416.4128307775,779142.1846817404,5250975.771473882,-86242.63496061767,46.59721709269403,0.0616360642015934,-0.44996664859354496,1.027549309656024
2026-04-23 07:45:49.100,3509416.398285058,779142.2007030105,5250975.795326915,-86247.33496362976,46.425924314525496,-0.14545719604939222,0.16021270188502967,0.2385303284972906
2026-04-23 07:45:49.200,3509416.351778881,779142.2311961468,5250975.755750521,-86252.09492545038,45.941910967679966,-0.46506176702678204,0.3049313626252115,-0.395763935521245
2026-04-23 07:45:49.300,3509416.2826504447,779142.2918460199,5250975.731794776,-86256.84306561208,45.500003973860366,-0.6912843650206923,0.6064987310674042,-0.23955744691193104
2026-04-23 07:45:49.400,3509416.26833766,779142.3024477146,5250975.792138781,-86261.5216366577,45.670211414783076,-0.14312784653156996,0.10601694695651531,0.6034400500357151
2026-04-23 07:45:49.500,3509416.1985508585,779142.2431648785,5250975.86189608,-86266.20741728377,45.96253448823371,-0.6978680146858096,-0.592828361550346,0.69757298566401
2026-04-23 07:45:49.600,3509416.1745866737,779142.1123475519,5250975.921908006,-86270.89787959274,46.04328344403491,-0.23964184802025557,-1.3081732660066336,0.6001192610710859
2026-04-23 07:45:49.700,3509416.086697243,779141.8840458895,5250975.903349569,-86275.64519303279,46.24724211035963,-0.8788943057879806,-2.2830166236963123,-0.18558437004685402
2026-04-23 07:45:49.800,3509416.130587116,779141.8320867148,5250975.912068761,-86280.36448520019,46.26522269985414,0.4388987272977829,-0.5195917468518019,0.08719191886484623
2026-04-23 07:45:49.900,3509419.1936320276,779143.7872313503,5250978.587788455,-86282.0304587625,55.63800366410998,30.630449117161334,19.551446355180815,26.757196942344308
2026-04-23 07:45:50.000,3509419.1199390558,779143.7326924028,5250978.484945686,-86286.84188877595,55.43091580263794,-0.7369297184050083,-0.5453894753009081,-1.0284276958554983
2026-04-23 07:45:50.100,3509419.057600548,779143.5712037864,5250978.442718696,-86291.61339667169,54.99185738414109,-0.623385077342391,-1.6148861637338996,-0.4222698975354433
2026-04-23 07:45:50.200,3509418.978844812,779143.3994365209,5250978.440479799,-86296.34994027822,54.67508544020759,-0.787557358853519,-1.7176726553589106,-0.022388966754078865
2026-04-23 07:45:50.300,3509418.996012958,779143.3697732391,5250978.510001903,-86301.0665581867,54.77535063204393,0.17168146092444658,-0.29663281748071313,0.6952210422605276
2026-04-23 07:45:50.400,3509419.0042963224,779143.4303290597,5250978.467710733,-86305.82589646993,54.99848262194098,0.08283364120870829,0.6055582058615983,-0.42291169986128807
2026-04-23 07:45:50.500,3509418.9856746797,779143.5244162093,5250978.465701311,-86310.55166605304,54.71295744945282,-0.18621642608195543,0.9408714959863573,-0.02009422518312931
2026-04-23 07:45:50.600,3509419.0148073104,779143.4989015948,5250978.52708537,-86315.20771488069,54.515621408480136,0.2913263067603111,-0.2551461453549564,0.6138405948877335
2026-04-23 07:45:50.700,3509419.056774066,779143.3647573132,5250978.55490688,-86319.86351459616,54.132277466483636,0.4196675540879369,-1.3414428161922842,0.27821509167551994
2026-04-23 07:45:50.800,3509419.09041874,779143.2316168153,5250978.558451752,-86324.55432907451,54.02413913323826,0.33644674345850945,-1.3314049784094095,0.03544872626662254
2026-04-23 07:45:50.900,3509419.186035525,779143.249416213,5250978.557291458,-86329.21428311222,54.2953207241826,0.9561678487807512,0.17799397697672248,-0.011602938175201416
2026-04-23 07:45:51.000,3509419.1910286252,779143.216915659,5250978.448587375,-86333.9769508273,54.753947142496564,0.04993100184947252,-0.32500553992576897,-1.0870408359915018
2026-04-23 07:45:51.100,3509419.13090229,779143.2295713531,5250978.372395297,-86338.74370368829,54.838413199515045,-0.6012633536010981,0.12655694037675858,-0.7619207818061113
2026-04-23 07:45:51.200,3509419.0632154676,779143.1226865922,5250978.362267836,-86343.48375887753,55.087048937823404,-0.6768682226538658,-1.0688476089853793,-0.10127460584044456
2026-04-23 07:45:51.300,3509419.009914446,779142.9519400918,5250978.303994864,-86348.24839222616,55.27550818555339,-0.5330102145671844,-1.7074650037102401,-0.5827297177165747
2026-04-23 07:45:51.400,3509419.0659602857,779142.8944958198,5250978.303004882,-86352.93908072449,55.71224885461944,0.5604583956301212,-0.5744427198078483,-0.009899819269776344
2026-04-23 07:45:51.500,3509419.1180131147,779142.9238086153,5250978.3169211615,-86357.58479418441,55.96468509575587,0.5205282894894481,0.29312795493751764,0.13916279189288616
2026-04-23 07:45:51.600,3509419.1417419566,779142.9181151218,5250978.361144506,-86362.25832605033,55.239949880884716,0.23728841915726662,-0.056934935273602605,0.4422334488481283
2026-04-23 07:45:51.700,3509421.339342515,779142.3319151287,5250980.892807076,-86364.26283029787,66.30927297860697,21.97600558400154,-5.861999930348247,25.316625693812966
2026-04-23 07:45:51.800,3509421.301573194,779142.1707667123,5250980.882089898,-86368.99540505283,66.48595315731022,-0.37769320886582136,-1.6114841646049172,-0.10717177763581276
2026-04-23 07:45:51.900,3509421.336250997,779141.9486925044,5250980.808087341,-86373.71707887773,66.44968488899013,0.3467780305072665,-2.220742078498006,-0.7400255743414164
2026-04-23 07:45:52.000,3509421.3838297436,779141.8199944132,5250980.766179636,-86378.44647045144,66.26202366247902,0.4757874645292759,-1.2869809125550091,-0.41907704435288906
2026-04-23 07:45:52.100,3509421.349920845,779141.7866992464,5250980.702948827,-86383.18944281712,66.1532807208067,-0.3390889847651124,-0.33295166795141995,-0.6323080882430077
2026-04-23 07:45:52.200,3509421.302426064,779141.8161211008,5250980.653815131,-86387.9137841418,65.91002957054675,-0.4749478120356798,0.29421854414977133,-0.4913369659334421
2026-04-23 07:45:52.300,3509421.2690897197,779141.7336798458,5250980.65813302,-86392.60172952406,66.2843913409211,-0.3333634417504072,-0.8244125498458743,0.04317888990044594
2026-04-23 07:45:52.400,3509421.249216498,779141.5195110271,5250980.680602271,-86397.27277345202,66.32603804008819,-0.1987322187051177,-2.14168818667531,0.22469251416623592
2026-04-23 07:45:52.500,3509421.210804358,779141.372265608,5250980.666843435,-86402.00005385389,66.46914023256562,-0.38412139751017094,-1.4724541909527034,-0.13758836314082146
2026-04-23 07:45:52.600,3509421.150762972,779141.3334714257,5250980.711100906,-86406.69226585899,66.31397866860144,-0.6004138616845012,-0.38794182357378304,0.44257471337914467
2026-04-23 07:45:52.700,3509421.096561509,779141.3214307949,5250980.707722482,-86411.41126299844,66.29087617587872,-0.5420146277174354,-0.12040630797855556,-0.03378423862159252
2026-04-23 07:45:52.800,3509421.104747435,779141.3432870384,5250980.823164305,-86416.01677320412,66.23089216862849,0.08185925893485546,0.21856243489310145,1.1544182244688272
2026-04-23 07:45:52.900,3509421.134018153,779141.2900235725,5250981.047483613,-86420.5532054442,66.2274943984681,0.2927071787416935,-0.5326346587389708,2.24319308064878
2026-04-23 07:45:53.000,3509421.17065418,779141.297683709,5250981.153099405,-86425.15911887866,66.32041276572484,0.3663602704182267,0.0766013644170016,1.0561579186469316
2026-04-23 07:45:53.100,3509421.198010466,779141.2770503537,5250981.138994219,-86429.82270625001,66.5421396578678,0.2735628606751561,-0.20633355248719454,-0.14105185866355896
2026-04-23 07:45:53.200,3509421.1998582147,779141.2648915582,5250981.094860775,-86434.51569739902,66.52876173426915,0.018477486446499825,-0.12158795492723584,-0.44133443385362625
2026-04-23 07:45:53.300,3509421.1974871205,779141.2526758049,5250981.105116353,-86439.16922019715,66.53544697801733,-0.023710941895842552,-0.12215753318741918,0.10255577974021435
2026-04-23 07:45:53.400,3509421.137166036,779141.1369229909,5250981.136159281,-86443.8493085105,66.19818172055338,-0.6032108468934894,-1.1575281398836523,0.31042927876114845
2026-04-23 07:45:53.500,3509421.038106373,779140.9402405155,5250981.153131414,-86448.57924481705,65.63848691688311,-0.9905966278165579,-1.9668247539084405,0.16972132958471775
2026-04-23 07:45:53.600,3509421.0456954236,779140.9169820494,5250981.131721485,-86453.3163289483,65.17739569559654,0.07589050568640232,-0.23258466157130897,-0.21409928798675537
2026-04-23 07:45:53.700,3509421.1331679006,779140.943643219,5250981.097167976,-86458.0022789861,64.56190716019302,0.8747247699648142,0.26661169598810375,-0.3455350920557976
2026-04-23 07:45:53.800,3509421.1230217996,779140.8967942954,5250981.1966674365,-86462.64381486733,64.30078267123154,-0.10146101005375385,-0.46848923549987376,0.9949946030974388
2026-04-23 07:45:53.900,3509421.070379635,779140.767837815,5250981.237674196,-86467.31747632014,64.28207763709791,-0.5264216475188732,-1.289564804174006,0.41006759740412235
2026-04-23 07:45:54.000,3509421.088512707,779140.6999593532,5250981.287278288,-86472.00303606805,64.1959794816258,0.18133072182536125,-0.6787846179213375,0.4960409179329872
2026-04-23 07:45:54.100,3509421.0988081596,779140.7328251596,5250981.268354625,-86476.70242747571,64.38250731692084,0.10295452550053596,0.32865806366316974,-0.1892366260290146
2026-04-23 07:45:54.200,3509421.0420485525,779140.7001100803,5250981.281131465,-86481.42627359527,64.88896260274906,-0.5675960704684258,-0.32715079258196056,0.12776839546859264
2026-04-23 07:45:54.300,3509415.5857088994,779138.9080417857,5250975.941136049,-86492.01953618665,45.12633680263686,-54.563396531157196,-17.92068294598721,-53.39995415881276
2026-04-23 07:45:54.400,3509415.549791904,779138.6946110254,5250975.94506679,-86496.7310790382,45.52809586884584,-0.35916995257139206,-2.134307603118941,0.03930740989744663
2026-04-23 07:45:54.500,3509415.6033619884,779138.6486565798,5250975.926068964,-86501.42882642319,45.29523067875835,0.5357008427381516,-0.4595444560982287,-0.18997825682163239
2026-04-23 07:45:54.600,3509415.640411892,779138.6337617256,5250975.988528906,-86506.05823104779,45.13466340550139,0.3704990353435278,-0.14894854160957038,0.6245994195342064
2026-04-23 07:45:54.700,3509415.6500387657,779138.4645557732,5250976.074201413,-86510.71830755728,44.934279957263506,0.09626873768866062,-1.6920595243573189,0.8567250706255436
2026-04-23 07:45:54.800,3509415.688227372,779138.2581704516,5250976.141259856,-86515.35023376587,44.937387831297286,0.38188606034964323,-2.0638532156590372,0.6705844216048717
2026-04-23 07:45:54.900,3509415.7086120243,779138.1762304746,5250976.186294138,-86520.04134259898,44.862641399932066,0.203846525400877,-0.8193997701164335,0.45034282840788364
2026-04-23 07:45:55.000,3509415.7496338813,779138.1610791525,5250976.116066306,-86524.76325016272,44.87924585952878,0.4102185694500804,-0.15151322120800614,-0.7022783253341913
2026-04-23 07:45:55.100,3509415.812069464,779138.1198611612,5250976.100977183,-86529.441423645,44.46806751280906,0.6243558274582028,-0.41217991267330945,-0.150891225785017
2026-04-23 07:45:55.200,3509415.921213159,779138.0623676215,5250976.057178244,-86534.1116726987,44.129134968503,1.0914369486272335,-0.5749353975988925,-0.4379893932491541
2026-04-23 07:45:55.300,3509415.894059975,779137.973093025,5250976.029611508,-86538.82487327214,43.97922164914534,-0.27153183706104755,-0.8927459642291069,-0.2756673563271761
2026-04-23 07:45:55.400,3509415.893973999,779137.8939121774,5250976.026025803,-86543.50919577616,44.256318624510556,-0.0008597597479820251,-0.7918084762059152,-0.035857055336236954
2026-04-23 07:45:55.500,3509415.9336305344,779137.759486069,5250976.053222086,-86548.150412993,44.60833825563212,0.39656535256654024,-1.3442610844504088,0.2719628345221281
2026-04-23 07:45:55.600,3509415.9950693343,779137.5539813569,5250976.013021229,-86552.79538400112,44.82372767120506,0.6143879983574152,-2.0550471206661314,-0.4020085744559765
2026-04-23 07:45:55.700,3509416.050411535,779137.5053380494,5250976.039139726,-86557.43690141711,44.68031674284554,0.553422006778419,-0.48643307527527213,0.26118497364223003
2026-04-23 07:45:55.800,3509416.0883188965,779137.4975232352,5250976.042845251,-86562.03955660507,45.05256670985023,0.3790736151859164,-0.07814814220182598,0.0370552483946085
2026-04-23 07:45:55.900,3509416.0859153904,779137.3224898851,5250976.061222675,-86566.69511381273,44.94838226244078,-0.02403506077826023,-1.7503335000947118,0.18377424217760563
2026-04-23 07:45:56.000,3509416.0274009453,779137.1806250344,5250976.146949832,-86571.36079316254,44.996512388990524,-0.5851444508880377,-1.4186485076788813,0.857271570712328
2026-04-23 07:45:56.100,3509416.0037442883,779137.1377662012,5250976.251769609,-86575.99562927244,44.825153765605165,-0.23656656965613365,-0.4285883321426809,1.048197764903307
2026-04-23 07:45:56.200,3509416.0157883046,779137.1261633052,5250976.353585464,-86580.60038340287,44.54630402936149,0.12044016271829605,-0.11602895916439593,1.0181585513055325
2026-04-23 07:45:56.300,3509415.9507175167,779137.0086397337,5250976.389761259,-86585.26565843128,44.802779640549986,-0.6507078791037202,-1.1752357159275562,0.36175794899463654
2026-04-23 07:45:56.400,3509415.868168683,779136.8328417524,5250976.411741715,-86589.97633125435,44.85095221121462,-0.8254883391782641,-1.7579798121005297,0.21980456076562405
2026-04-23 07:45:56.500,3509415.8559898557,779136.8111455216,5250976.472493552,-86594.6515790191,45.23382602504448,-0.12178827077150345,-0.21696230862289667,0.6075183674693108
2026-04-23 07:45:56.600,3509415.7803954207,779136.8060467936,5250976.463331319,-86599.36281303669,45.41102839032005,-0.7559443498030305,-0.05098727997392416,-0.09162232279777527
2026-04-23 07:45:56.700,3509415.7043039715,779136.7767722824,5250976.450985621,-86604.07035724519,45.38800197470819,-0.7609144924208522,-0.2927451115101576,-0.12345698662102222
2026-04-23 07:45:56.800,3509415.658474755,779136.6976194449,5250976.585555714,-86608.6997249597,45.31787804479451,-0.4582921648398042,-0.7915283751208335,1.345700928941369
2026-04-23 07:45:56.900,3509415.61211715,779136.5570266694,5250976.736087372,-86613.3165023146,45.591690597154845,-0.46357605140656233,-1.4059277554042637,1.5053165797144175
2026-04-23 07:45:57.000,3509415.637969749,779136.4686818459,5250976.766214795,-86617.98082645166,45.70831232882712,0.25852599181234837,-0.8834482345264405,0.3012742381542921
2026-04-23 07:45:57.100,3509418.847734581,779138.4786070138,5250979.578570046,-86619.44364731699,54.40200231385338,32.09764832165092,20.09925167891197,28.123552510514855
2026-04-23 07:45:57.200,3509418.865917473,779138.4805992197,5250979.590931387,-86624.074576327,54.24446770346174,0.18182891886681318,0.019922058563679457,0.1236134022474289
2026-04-23 07:45:57.300,3509418.8698189547,779138.3461298452,5250979.619741226,-86628.74165453922,54.36066082784805,0.03901481628417969,-1.344693744322285,0.2880983892828226
2026-04-23 07:45:57.400,3509418.830223319,779138.1420179157,5250979.570225253,-86633.4464807281,54.43246970776051,-0.3959563560783863,-2.0411192951723933,-0.4951597284525633
2026-04-23 07:45:57.500,3509418.8518620436,779138.1083711352,5250979.53241083,-86638.15161975235,54.50772520192559,0.21638724487274885,-0.3364678053185344,-0.3781442251056433
2026-04-23 07:45:57.600,3509418.817143111,779138.0954312282,5250979.476390682,-86642.85144021045,54.432659259132805,-0.3471893258392811,-0.12939907028339803,-0.5602014809846878
2026-04-23 07:45:57.700,3509418.805459599,779138.0476625352,5250979.438872754,-86647.53085543761,54.29838102462319,-0.11683512013405561,-0.4776869295164943,-0.3751792851835489
2026-04-23 07:45:57.800,3509418.847017463,779137.9363522056,5250979.3638905175,-86652.22885202123,54.41611298012116,0.4155786382034421,-1.1131032963749021,-0.749822361394763
2026-04-23 07:45:57.900,3509418.8721639174,779137.9058858169,5250979.333516358,-86656.91218947887,54.477951393107936,0.2514645457267761,-0.3046638867817819,-0.3037415910512209
2026-04-23 07:45:58.000,3509418.9165824438,779137.8751998977,5250979.34002701,-86661.57347970325,54.48550099298703,0.44418526347726583,-0.306859192205593,0.06510651670396328
2026-04-23 07:45:58.100,3509418.983221821,779137.8095720899,5250979.286987734,-86666.27418438654,54.44314799311952,0.6663937726989388,-0.6562780775129795,-0.5303927604109049
2026-04-23 07:45:58.200,3509419.0191399097,779137.778433426,5250979.339235221,-86670.91699489666,53.91967650350139,0.35918088629841805,-0.31138663878664374,0.5224748700857162
2026-04-23 07:45:58.300,3509419.015396719,779137.7473967135,5250979.413681916,-86675.56776957733,53.289243473764316,-0.03743190784007311,-0.31036712578497827,0.7444669492542744
2026-04-23 07:45:58.400,3509419.0495817433,779137.7185479236,5250979.577926665,-86680.14275251851,52.29180585303989,0.34185024444013834,-0.2884878986515105,1.6424474865198135
2026-04-23 07:45:58.500,3509419.024681886,779137.5806792944,5250979.611715812,-86684.81592665339,51.94031223146013,-0.24899857118725777,-1.3786862918641418,0.3378914762288332
2026-04-23 07:45:58.600,3509419.043570684,779137.3992362025,5250979.5177336335,-86689.54515496713,52.052414613941274,0.18888797610998154,-1.8144309194758534,-0.9398217871785164
2026-04-23 07:45:58.700,3509419.08026256,779137.3014854724,5250979.432867562,-86694.29949460183,51.80549314517117,0.36691876128315926,-0.9775073011405766,-0.8486607111990452
2026-04-23 07:45:58.800,3509419.14179212,779137.2017552084,5250979.368613868,-86699.02693081631,52.39121221573564,0.6152956001460552,-0.997302639298141,-0.6425369437783957
2026-04-23 07:45:58.900,3509419.1951760063,779137.1734190154,5250979.282546093,-86703.76396160117,52.583803515129816,0.5338388634845614,-0.2833619306329638,-0.8606777526438236
2026-04-23 07:45:59.000,3509419.2309295977,779137.1480939166,5250979.2701672,-86708.45185765169,52.86494119042654,0.3575359145179391,-0.2532509877346456,-0.12378892861306667
2026-04-23 07:45:59.100,3509419.299628133,779137.1589984953,5250979.295515169,-86713.04557376534,52.79293300902631,0.6869853520765901,0.10904578724876046,0.25347969494760036
2026-04-23 07:45:59.200,3509419.3619564567,779137.1186748154,5250979.310562768,-86717.64954377242,52.84806024508796,0.6232832372188568,-0.4032367991749197,0.15047598630189896
2026-04-23 07:45:59.300,3509419.436907273,779137.0571170534,5250979.26499437,-86722.29853041562,52.7013329964924,0.749508161097765,-0.6155776197556406,-0.4556839819997549
2026-04-23 07:45:59.400,3509419.548350555,779137.0409866597,5250979.244166118,-86726.92583103948,52.573610768932404,1.1144328210502863,-0.1613039372023195,-0.20828251726925373
2026-04-23 07:45:59.500,3509419.618607471,779137.0496421442,5250979.191971713,-86731.58003037966,52.54418140218977,0.7025691634044051,0.08655484532937407,-0.5219440534710884
2026-04-23 07:45:59.600,3509419.7397236144,779137.0363071155,5250979.206871904,-86736.22258274179,52.31426895765283,1.2111614318564534,-0.13335028779692948,0.14900191687047482
2026-04-23 07:45:59.700,3509419.8644580436,779137.044797213,5250979.18511382,-86740.89454935947,52.205077338604426,1.247344291768968,0.08490097592584789,-0.21758084185421467
2026-04-23 07:45:59.800,3509420.0017407364,779137.0607190399,5250979.203007775,-86745.52250189225,52.86963156204085,1.3728269282728434,0.15921826823614538,0.178939551115036
2026-04-23 07:45:59.900,3509420.109069522,779137.0467810496,5250979.163311768,-86750.19658106688,53.122601630055634,1.0732878558337688,-0.13937990297563374,-0.39696007035672665
2026-04-23 07:46:00.000,3509420.1659655985,779137.0377271688,5250979.052431237,-86754.9310770155,53.362242548902984,0.568960765376687,-0.090538808144629,-1.108805313706398
2026-04-23 07:46:00.100,3509420.206586896,779137.0195926669,5250978.99088511,-86759.63649270097,53.51661633727507,0.4062129743397236,-0.18134501879103482,-0.6154612731188536
2026-04-23 07:46:00.200,3509420.277496544,779137.040229512,5250978.829858662,-86764.39455076877,53.58516259316464,0.7090964820235968,0.20636845147237182,-1.6102644801139832
2026-04-23 07:46:00.300,3509417.3989850758,779135.1385158674,5250976.007376162,-86772.14293009616,44.70482623521759,-28.785114684142172,-19.01713644620031,-28.22482499293983
2026-04-23 07:46:00.400,3509417.432247128,779135.1557955311,5250975.837224476,-86776.92575378591,44.85306500430015,0.3326205210760236,0.17279663705267012,-1.7015168629586697
2026-04-23 07:46:00.500,3509417.43939489,779135.1713225526,5250975.660194848,-86781.72517757163,44.99315106230753,0.0714776199311018,0.1552702148910612,-1.7702962830662727
2026-04-23 07:46:00.600,3509417.437094836,779135.229475139,5250975.532348518,-86786.4820204751,45.13423143871171,-0.02300053834915161,0.5815258645452559,-1.2784632947295904
2026-04-23 07:46:00.700,3509417.5468188925,779135.3533803797,5250975.528429161,-86791.11345462588,45.216504129092655,1.0972405644133687,1.2390524067450315,-0.03919357433915138
2026-04-23 07:46:00.800,3509417.7238399335,779135.4686927745,5250975.550365317,-86795.69286860785,45.256070998565704,1.7702104104682803,1.1531239480245858,0.2193615585565567
2026-04-23 07:46:00.900,3509417.834668458,779135.5677182893,5250975.426092001,-86800.37771528016,45.42639512268145,1.1082852445542812,0.9902551479171962,-1.242733160033822
2026-04-23 07:46:01.000,3509417.8617794006,779135.6308301835,5250975.321820196,-86805.11769311488,45.28537192139062,0.27110942639410496,0.6311189418192953,-1.0427180491387844
2026-04-23 07:46:01.100,3509417.8826949364,779135.7437711887,5250975.242349976,-86809.84965360074,45.20450240661726,0.20915535744279623,1.1294100515078753,-0.7947022002190351
2026-04-23 07:46:01.200,3509417.885025711,779135.889970413,5250975.129046721,-86814.58788008525,45.47940484233183,0.023307744413614273,1.4619922428391874,-1.1330325435847044
2026-04-23 07:46:01.300,3509417.8911827644,779135.9490087044,5250974.905402908,-86819.38881792627,45.8397943697192,0.061570536345243454,0.5903829145245254,-2.2364381328225136
2026-04-23 07:46:01.400,3509417.789029271,779135.9698510449,5250974.777020226,-86824.18813410886,46.291809113305014,-1.0215349355712533,0.20842340542003512,-1.283826818689704
2026-04-23 07:46:01.500,3509417.644484628,779136.0929843845,5250974.743446454,-86828.9802348604,46.47964694391087,-1.4454464288428426,1.231333395699039,-0.33573771826922894
2026-04-23 07:46:01.600,3509417.601681129,779136.2545680748,5250974.775578684,-86833.67903392931,46.30342755560824,-0.42803498916327953,1.6158369032200426,0.32132229767739773
2026-04-23 07:46:01.700,3509417.597327697,779136.3411176067,5250974.704704507,-86838.35905948094,46.51727715592823,-0.04353431984782219,0.8654953190125525,-0.708741769194603
2026-04-23 07:46:01.800,3509417.520473023,779136.3758521971,5250974.505765594,-86843.16495772415,46.784299958109884,-0.7685467414557934,0.3473459032829851,-1.9893891364336014
2026-04-23 07:46:01.900,3509417.5696402458,779136.5278303819,5250974.468693841,-86847.82543769314,46.778897739129825,0.49167222809046507,1.5197818481829017,-0.3707175236195326
2026-04-23 07:46:02.000,3509417.592112355,779136.7171236381,5250974.486715695,-86852.50510579,46.70730831814777,0.224721091799438,1.892932562623173,0.18021853640675545
2026-04-23 07:46:02.100,3509417.6189074214,779136.8509292558,5250974.392566911,-86857.26640568387,47.00661624419807,0.2679506642743945,1.3380561769008636,-0.9414878394454718
2026-04-23 07:46:02.200,3509417.5499510295,779136.9994064041,5250974.34445211,-86862.03947364357,46.89629254959467,-0.6895639188587666,1.4847714826464653,-0.48114800825715065
2026-04-23 07:46:02.300,3509417.558360374,779137.1447089417,5250974.424581145,-86866.69456382125,46.66318358617816,0.08409344591200352,1.453025375958532,0.8012903481721878
2026-04-23 07:46:02.400,3509417.5907105235,779137.2618650349,5250974.39649079,-86871.38521159552,46.754449973197275,0.3235014947131276,1.1715609324164689,-0.2809035498648882
2026-04-23 07:46:02.500,3509417.5989702493,779137.3909957238,5250974.352247375,-86876.10751286134,46.81173398045195,0.08259725756943226,1.2913068884517998,-0.44243414886295795
2026-04-23 07:46:02.600,3509417.6279164385,779137.5837707347,5250974.416230401,-86880.74750161366,46.52108826550956,0.2894618920981884,1.9277501094620675,0.6398302596062422
2026-04-23 07:46:02.700,3509417.7208550842,779137.7917618478,5250974.559949373,-86885.31713191673,46.01694140716022,0.9293864574283361,2.079911130713299,1.437189718708396
2026-04-23 07:46:02.800,3509417.713869939,779137.9818061453,5250974.628602436,-86889.97627200023,45.847136211556645,-0.06985145155340433,1.9004429748747498,0.6865306291729212
2026-04-23 07:46:02.900,3509417.692262405,779138.1279824489,5250974.647537908,-86894.68197791488,46.048821667583624,-0.21607534028589725,1.461763036204502,0.18935471773147583
2026-04-23 07:46:03.000,3509417.7154046413,779138.2523800209,5250974.713236177,-86899.31604667028,46.241788747046776,0.23142236284911633,1.243975720135495,0.6569826975464821
2026-04-23 07:46:03.100,3509417.7250924367,779138.3830190499,5250974.831033734,-86903.93348575539,46.41770137222291,0.09687795303761959,1.306390289682895,1.1779755633324385
2026-04-23 07:46:03.200,3509417.703838044,779138.4826253909,5250974.882916568,-86908.60863484473,46.39857570267292,-0.21254392806440592,0.9960634098388255,0.5188283417373896
2026-04-23 07:46:03.300,3509417.63066602,779138.5449196156,5250974.905327849,-86913.3218364303,46.35857134180755,-0.7317202398553491,0.622942247428,0.22411281242966652
2026-04-23 07:46:03.400,3509417.5727813407,779138.6469475058,5250974.947525342,-86918.02825688144,46.07503102726292,-0.5788467917591333,1.020278901560232,0.4219749290496111
2026-04-23 07:46:03.500,3509417.5547996014,779138.7813462991,5250975.008996734,-86922.68587904185,45.894130561121116,-0.1798173924908042,1.3439879333600402,0.6147139240056276
2026-04-23 07:46:03.600,3509417.5069103185,779138.8958723069,5250975.013107634,-86927.37948334435,45.66857809650888,-0.47889282926917076,1.1452600779011846,0.0411089975386858
2026-04-23 07:46:03.700,3509417.4476888934,779138.9841229736,5250974.980123114,-86932.10680020491,45.515678989361575,-0.5922142509371042,0.8825066674035043,-0.3298452030867338
2026-04-23 07:46:03.800,3509417.4097167426,779139.0695566972,5250975.049266164,-86936.7594154697,45.46891931265513,-0.3797215083613992,0.8543372352141887,0.6914305035024881
2026-04-23 07:46:03.900,3509417.409462184,779139.220551486,5250975.132903902,-86941.35924317353,45.302010943207016,-0.0025455839931964874,1.5099478885531425,0.8363773766905069
2026-04-23 07:46:04.000,3509417.415768189,779139.4561520078,5250975.172496184,-86945.97647209828,45.00316739807711,0.06306004710495472,2.3560052178800106,0.3959228191524744
2026-04-23 07:46:04.100,3509417.4091382157,779139.6443548918,5250975.10038483,-86950.68996897551,44.42067037822844,-0.0662997318431735,1.882028840482235,-0.7211135420948267
2026-04-23 07:46:04.200,3509417.3326388476,779139.7475173951,5250975.082627348,-86955.41441651422,44.46637069655749,-0.7649936806410551,1.0316250321920961,-0.17757481895387173
2026-04-23 07:46:04.300,3509417.292047536,779139.8562865867,5250975.133066734,-86960.09778836054,44.31557738298293,-0.40591311641037464,1.0876919166184962,0.5043938662856817
2026-04-23 07:46:04.400,3509417.322709541,779140.0040241354,5250975.2553581195,-86964.67963949117,44.31848034646113,0.30662004835903645,1.4773754868656397,1.2229138519614935
2026-04-23 07:46:04.500,3509417.2930557006,779140.1988899029,5250975.331968716,-86969.29434008632,44.73656047299798,-0.29653840232640505,1.9486576749477535,0.7661059685051441
2026-04-23 07:46:04.600,3509417.2093995167,779140.3314107185,5250975.326807839,-86973.99049704864,45.13844146517438,-0.8365618390962481,1.3252081559039652,-0.051608774811029434
2026-04-23 07:46:04.700,3509417.171359902,779140.4484244921,5250975.276375965,-86978.69728992497,45.19785455133048,-0.3803961491212249,1.170137736480683,-0.5043187364935875
2026-04-23 07:46:04.800,3509417.160096666,779140.535754274,5250975.196033052,-86983.3936094731,45.310509846070815,-0.11263235937803984,0.8732978184707463,-0.8034291304647923
2026-04-23 07:46:04.900,3509417.172702218,779140.6315178201,5250975.124410757,-86988.06645049597,45.12550613367999,0.12605552095919847,0.9576354606542736,-0.7162229530513287
2026-04-23 07:46:05.000,3509417.199890044,779140.818490626,5250975.123758251,-86992.69425968759,44.85795709022256,0.2718782611191273,1.8697280599735677,-0.006525060161948204
2026-04-23 07:46:05.100,3509417.237007841,779140.9874817884,5250975.102895324,-86997.34861503683,44.61118333149923,0.3711779695004225,1.6899116232525557,-0.20862926729023457
2026-04-23 07:46:05.200,3509417.276815812,779141.0326322617,5250975.114370727,-87001.97688461593,44.74206017603545,0.39807971101254225,0.4515047336462885,0.11475402861833572
2026-04-23 07:46:05.300,3509417.336593235,779141.0779773619,5250975.141779704,-87006.59097368727,45.21349833147217,0.5977742280811071,0.453451001085341,0.27408977039158344
2026-04-23 07:46:05.400,3509417.4127024575,779141.1378652633,5250975.1105884025,-87011.23000675323,45.42650770921823,0.7610922260209918,0.5988790141418576,-0.3119130153208971
2026-04-23 07:46:05.500,3509417.5009114016,779141.2754037125,5250975.06711213,-87015.86573906962,45.76159588690937,0.8820894407108426,1.375384492566809,-0.43476272374391556
2026-04-23 07:46:05.600,3509417.5582230743,779141.419230216,5250974.988868917,-87020.53856519173,46.111069740761295,0.5731167271733284,1.438265034230426,-0.7824321277439594
2026-04-23 07:46:05.700,3509417.6364037315,779141.5255842939,5250975.0281941835,-87025.18785676394,46.500603521683075,0.7818065723404288,1.0635407792869955,0.39325266145169735
2026-04-23 07:46:05.800,3509417.685373259,779141.6105516402,5250975.021538538,-87029.84964109014,46.41981675966792,0.4896952724084258,0.849673462798819,-0.06655645556747913
2026-04-23 07:46:05.900,3509417.7620384963,779141.6036758878,5250974.93436334,-87034.52249568104,46.16072872189391,0.766652375459671,-0.06875752354972064,-0.8717519789934158
2026-04-23 07:46:06.000,3509417.810014469,779141.5978557058,5250974.86357676,-87039.19586904108,46.381193315943435,0.4797597276046872,-0.05820182035677135,-0.7078658044338226
2026-04-23 07:46:06.100,3509417.9187516426,779141.6842677636,5250974.85018102,-87043.77758085816,46.41925638138736,1.0873717349022627,0.8641205786261708,-0.1339573971927166
2026-04-23 07:46:06.200,3509417.91440569,779141.8571679256,5250974.788533525,-87048.447985498,46.527165992240846,-0.04345952533185482,1.729001619387418,-0.6164749525487423
2026-04-23 07:46:06.300,3509417.823451737,779141.944772599,5250974.82712804,-87053.10307717898,46.693943334276085,-0.9095395309850574,0.8760467346291989,0.38594515062868595
2026-04-23 07:46:06.400,3509417.687661972,779142.0274951834,5250974.860178507,-87057.78553697119,47.21757353889994,-1.357897650450468,0.8272258436772972,0.33050467260181904
2026-04-23 07:46:06.500,3509417.650196281,779142.0988404335,5250974.921821379,-87062.4182712183,47.31483333040281,-0.37465691100806,0.7134525012224913,0.6164287216961384
2026-04-23 07:46:06.600,3509417.717071319,779142.251237645,5250974.89985138,-87067.04246239288,47.10153449451978,0.6687503820285201,1.523972115246579,-0.21969999186694622
2026-04-23 07:46:06.700,3509421.112508777,779140.2252977664,5250976.785062948,-87068.43641466911,72.17419658837174,33.95437458064407,-20.259398786583915,18.85211568325758
2026-04-23 07:46:06.800,3509421.0949157644,779140.3662875226,5250976.75975719,-87073.12108401161,71.89567987687958,-0.17593012657016516,1.4098975621163845,-0.25305758230388165
2026-04-23 07:46:06.900,3509421.0430478416,779140.4474257885,5250976.827715096,-87077.77439832296,71.73692962177212,-0.5186792276799679,0.8113826590124518,0.6795790605247021
2026-04-23 07:46:07.000,3509420.9278822322,779140.4822413728,5250976.844258303,-87082.4660823571,71.11445215867376,-1.151656094007194,0.3481558430939913,0.1654320675879717
2026-04-23 07:46:07.100,3509420.88483756,779140.4539904521,5250976.779358903,-87087.20668900726,71.51555966612979,-0.4304467234760523,-0.28250920702703297,-0.6489939987659454
2026-04-23 07:46:07.200,3509420.8383459044,779140.5156181759,5250976.766718555,-87091.91842882634,72.01050298082843,-0.464916555210948,0.6162772374227643,-0.12640347704291344
2026-04-23 07:46:07.300,3509420.8047706704,779140.6502488698,5250976.740621353,-87096.61511418046,72.16808786889807,-0.3357523400336504,1.3463069393765181,-0.2609720267355442
2026-04-23 07:46:07.400,3509420.7267927807,779140.82181218,5250976.842219236,-87101.24787281948,72.00951151866751,-0.779778896830976,1.7156331019941717,1.0159788373857737
2026-04-23 07:46:07.500,3509420.680155375,779140.9195229952,5250976.97601705,-87105.84998192925,72.41784345915353,-0.4663740564137697,0.9771081525832415,1.3379781413823366
2026-04-23 07:46:07.600,3509420.5147192194,779140.9164419696,5250976.962011801,-87110.61373670245,73.05993746712458,-1.6543615562841296,-0.03081025672145188,-0.14005249366164207
2026-04-23 07:46:07.700,3509420.4340486084,779140.9247693053,5250976.984141745,-87115.31142079916,73.22491254572572,-0.8067061100155115,0.08327335701324046,0.2212994359433651
2026-04-23 07:46:07.800,3509420.4078411846,779140.89628629,5250976.95943913,-87120.00263670506,73.34373422907106,-0.2620742376893759,-0.28483015252277255,-0.24702615104615688
2026-04-23 07:46:07.900,3509420.478130184,779140.8682521025,5250976.993045716,-87124.60286680933,73.3287846877424,0.7028899947181344,-0.2803418750409037,0.33606586046516895
2026-04-23 07:46:08.000,3509420.4694251544,779140.9692162442,5250977.025884346,-87129.24089225184,73.12449568968462,-0.08705029729753733,1.0096414166036993,0.32838630490005016
2026-04-23 07:46:08.100,3509420.3811278897,779141.1468929492,5250977.084929358,-87133.87968728482,72.5918337335424,-0.8829726465046406,1.7767670506145805,0.5904501210898161
2026-04-23 07:46:08.200,3509420.395921371,779141.1892470048,5250977.180936767,-87138.5026488158,72.41864346185686,0.14793481212109327,0.42354055563919246,0.9600740857422352
2026-04-23 07:46:08.300,3509420.377944507,779141.2411845992,5250977.18668501,-87143.17399442589,72.42121415955002,-0.17976863775402308,0.5193759442772716,0.05748243071138859
2026-04-23 07:46:08.400,3509420.4587981617,779141.2828724037,5250977.277507604,-87147.7583703485,72.29768867980283,0.8085365453734994,0.4168780450709164,0.9082259424030781
2026-04-23 07:46:08.500,3509420.495031435,779141.4190687268,5250977.278129397,-87152.37177035173,72.46701600602772,0.36233273334801197,1.3619632308837026,0.0062179286032915115
2026-04-23 07:46:08.600,3509420.430299368,779141.5420049404,5250977.185758451,-87157.06265432182,72.23885891681844,-0.6473206682130694,1.2293621362186968,-0.9237094596028328
2026-04-23 07:46:08.700,3509420.3662127038,779141.6579484644,5250977.164654016,-87161.7667244345,71.94925668281398,-0.6408666446805,1.1594352393876761,-0.21104435436427593
2026-04-23 07:46:08.800,3509420.377127438,779141.7389642163,5250977.189031868,-87166.41725411163,71.94794554147437,0.10914734099060297,0.8101575192995369,0.2437785267829895
2026-04-23 07:46:08.900,3509420.417646468,779141.7658223272,5250977.154755725,-87171.08436940736,71.86012906372643,0.40519030299037695,0.26858110912144184,-0.3427614364773035
2026-04-23 07:46:09.000,3509420.523715826,779141.8133150799,5250977.298845171,-87175.63756967803,71.98869341207404,1.0606935806572437,0.4749275266658515,1.4408944640308619
2026-04-23 07:46:09.100,3509420.5121064023,779141.9885458476,5250977.288274355,-87180.28756755337,72.31048777781066,-0.11609423905611038,1.752307676943019,-0.1057081576436758
2026-04-23 07:46:09.200,3509420.4697568645,779142.1534236718,5250977.1055656625,-87185.00746814604,72.74114310031813,-0.4234953783452511,1.6487782425247133,-1.827086927369237
2026-04-23 07:46:09.300,3509420.4551876597,779142.20002352,5250976.893853317,-87189.75909430555,72.2237811138716,-0.145692047663033,0.46599848195910454,-2.117123454809189
2026-04-23 07:46:09.400,3509420.5032342486,779142.2372782051,5250976.89274992,-87194.3581572936,71.85229983991634,0.4804658889770508,0.3725468507036567,-0.011033974587917328
2026-04-23 07:46:09.500,3509420.5068936325,779142.260193324,5250976.920854989,-87198.98414611307,71.25292806225256,0.03659383859485388,0.22915118839591742,0.28105069883167744
2026-04-23 07:46:09.600,3509420.656273804,779142.3192017004,5250976.914231236,-87203.58446080747,70.72946990195773,1.4938017167150974,0.5900837644003332,-0.06623753346502781
2026-04-23 07:46:09.700,3509420.7701273975,779142.460994946,5250976.821985097,-87208.218805831,70.76482472941136,1.1385359335690737,1.4179324556607753,-0.9224613942205906
2026-04-23 07:46:09.800,3509420.8261950696,779142.4896712059,5250976.7762437,-87212.91229123359,71.12761495874815,0.5606767209246755,0.2867625991348177,-0.45741396956145763
2026-04-23 07:46:09.900,3509420.917434657,779142.4972632552,5250976.757848704,-87217.57598663817,71.38508994732565,0.9123958740383387,0.07592049310915172,-0.18394995480775833
2026-04-23 07:46:10.000,3509420.9476238517,779142.4465003116,5250976.708445068,-87222.25956148353,71.62374387745018,0.30189194716513157,-0.5076294357422739,-0.49403635784983635
2026-04-23 07:46:10.100,3509420.866221605,779142.439570532,5250976.574589303,-87226.99684660812,71.51591205044805,-0.8140224684029818,-0.06929779658094049,-1.338557656854391
2026-04-23 07:46:10.200,3509420.9120269134,779142.4949047761,5250976.483905502,-87231.67127601888,71.28610856962705,0.45805308502167463,0.5533424415625632,-0.9068380109965801
2026-04-23 07:46:10.300,3509420.989861547,779142.5925919976,5250976.276380605,-87236.3868424211,71.366674445649,0.7783463364467025,0.976872214814648,-2.0752489659935236
2026-04-23 07:46:10.400,3509421.0286787865,779142.7867412114,5250976.128056033,-87241.1085098163,71.09966007813311,0.38817239459604025,1.9414921384304762,-1.48324572481215
2026-04-23 07:46:10.500,3509421.037483921,779142.8747014754,5250976.129184794,-87245.7948308479,70.90360775393357,0.0880513433367014,0.8796026394702494,0.011287610977888107
2026-04-23 07:46:10.600,3509420.988859286,779142.8834780598,5250976.167574014,-87250.47669031177,71.34116847753417,-0.48624634742736816,0.08776584407314658,0.38389219902455807
2026-04-23 07:46:10.700,3509420.902735344,779142.9071149956,5250976.11516625,-87255.22800848924,71.49731232225757,-0.8612394193187356,0.23636935860849917,-0.5240776389837265
2026-04-23 07:46:10.800,3509420.9173399387,779142.9682019745,5250975.985302473,-87259.97025000789,70.95971563516729,0.14604594558477402,0.6108697887975723,-1.2986377626657486
2026-04-23 07:46:10.900,3509420.9490151163,779143.0920158747,5250975.84982412,-87264.6844529428,70.79317654438461,0.3167517762631178,1.2381390016525984,-1.3547835312783718
2026-04-23 07:46:11.000,3509420.9194135712,779143.2742075007,5250975.733180614,-87269.43133658981,71.09323378031347,-0.29601545073091984,1.8219162605237216,-1.1664350610226393
2026-04-23 07:46:11.100,3509420.8428834057,779143.4069758165,5250975.765215509,-87274.13915003174,70.92706304474919,-0.7653016550466418,1.327683157287538,0.32034894451498985
2026-04-23 07:46:11.200,3509420.8125898284,779143.4821549371,5250975.856690734,-87278.78841037083,71.18620422487784,-0.3029357735067606,0.7517912064213306,0.9147522505372763
2026-04-23 07:46:11.300,3509420.861739616,779143.5589075043,5250975.908353008,-87283.40941510334,71.80253176693041,0.4914978751912713,0.7675256719812751,0.5166227463632822
2026-04-23 07:46:11.400,3509420.8679651925,779143.6812633057,5250975.846863695,-87288.1097327249,72.53031512907098,0.06225576624274254,1.2235580140259117,-0.6148931290954351
2026-04-23 07:46:11.500,3509420.767286695,779143.8607195894,5250975.781599767,-87292.88093777123,72.72407937146896,-1.0067849745973945,1.794562836876139,-0.6526392884552479
2026-04-23 07:46:11.600,3509420.610458146,779143.9571376402,5250975.837853874,-87297.65881082288,72.56153263903832,-1.5682854922488332,0.9641805081628263,0.5625410750508308
2026-04-23 07:46:11.700,3509420.4700900367,779143.9655584667,5250975.794712144,-87302.43966789592,72.56035213154738,-1.4036810910329223,0.0842082651797682,-0.4314173012971878
2026-04-23 07:46:11.800,3509420.425976748,779143.9681962937,5250975.7204761,-87307.16733753955,72.48883966815943,-0.4411328863352537,0.026378269540145993,-0.7423604372888803
2026-04-23 07:46:11.900,3509420.4150014874,779144.0917100229,5250975.732717817,-87311.865070789,72.3518888003416,-0.10975260753184557,1.235137291951105,0.12241716496646404
2026-04-23 07:46:12.000,3509420.3812076934,779144.2944210366,5250975.681882894,-87316.592543104,72.38978173440378,-0.33793793991208076,2.027110137278214,-0.5083492305129766
2026-04-23 07:46:12.100,3509420.263143152,779144.4218678751,5250975.7597206915,-87321.30183565312,72.03345796747244,-1.180645413696766,1.274468385381624,0.778377978131175
2026-04-23 07:46:12.200,3509420.3253359925,779144.5496002379,5250975.993162179,-87325.81868094925,71.88349997651771,0.6219284050166607,1.277323627145961,2.334414878860116
2026-04-23 07:46:12.300,3509417.422497984,779146.6417316856,5250974.26033546,-87333.28221408915,46.364609038631855,-29.02838008478284,20.92131447745487,-17.328267190605402
2026-04-23 07:46:12.400,3509417.329599898,779146.6991449855,5250974.381318413,-87337.95543958848,46.478932542212654,-0.9289808617904782,0.5741329991724342,1.2098295241594315
2026-04-23 07:46:12.500,3509417.296628114,779146.7259458046,5250974.439452494,-87342.61222920528,46.805472796866,-0.3297178400680423,0.2680081909056753,0.5813408084213734
2026-04-23 07:46:12.600,3509417.2301383154,779146.7602704018,5250974.416235805,-87347.31664230682,47.03400698188084,-0.6648979848250747,0.34324597218073905,-0.23216689005494118
2026-04-23 07:46:12.700,3509416.9289825438,779146.5912424105,5250973.931598393,-87352.39848138724,39.28216058174245,-3.011557715944946,-1.6902799136005342,-4.846374113112688
2026-04-23 07:46:12.800,3509416.925509215,779146.7615625368,5250974.010585882,-87357.03168531212,39.278694232903476,-0.034733288921415806,1.7032012634444982,0.7898748852312565
2026-04-23 07:46:12.900,3509416.837831934,779146.8669767441,5250974.071032311,-87361.66554110564,39.41636914837023,-0.876772808842361,1.0541420732624829,0.6044642906636
2026-04-23 07:46:13.000,3509416.764130632,779147.0160272117,5250974.142296807,-87366.29567891758,39.53704886133152,-0.7370130205526948,1.4905046753119677,0.7126449607312679
2026-04-23 07:46:13.100,3509416.706345033,779147.1829673902,5250974.182030431,-87370.95001245502,39.26134037409772,-0.57785599026829,1.6694017848931253,0.3973362408578396
2026-04-23 07:46:13.200,3509416.6132156607,779147.2590805196,5250974.058265538,-87375.71736260266,39.15221583047356,-0.9312937222421169,0.7611312938388437,-1.23764893040061
2026-04-23 07:46:13.300,3509416.8287903205,779147.6107691621,5250974.38251334,-87380.09962240318,46.55875967951247,2.155746598728001,3.516886425204575,3.2424780167639256
2026-04-23 07:46:13.400,3509416.8364482108,779147.7108848409,5250974.253668834,-87384.81496954091,46.30816021496268,0.0765789020806551,1.00115678855218,-1.2884450517594814
2026-04-23 07:46:13.500,3509416.78038152,779147.8750275206,5250974.275350477,-87389.46429868261,46.14500027924281,-0.5606669094413519,1.6414267965592444,0.21681642159819603
2026-04-23 07:46:13.600,3509416.8085830077,779148.0518788114,5250974.322643406,-87394.05246477092,46.07694216211737,0.28201487846672535,1.7685129086021334,0.47292929142713547
2026-04-23 07:46:13.700,3509416.8783221273,779148.196802669,5250974.302265328,-87398.66751692983,46.17452219489563,0.697391196154058,1.4492385752964765,-0.20378077402710915
2026-04-23 07:46:13.800,3509416.9120972757,779148.3006773533,5250974.176777202,-87403.3445932962,46.194795061303275,0.3377514844760299,1.0387468431144953,-1.2548812665045261
2026-04-23 07:46:13.900,3509416.969106465,779148.438815012,5250974.041416737,-87408.02487852202,46.042647451887284,0.5700918938964605,1.3813765870872885,-1.353604644536972
2026-04-23 07:46:14.000,3509417.032000386,779148.6180654995,5250973.950661958,-87412.69256092094,46.005887887919606,0.6289392104372382,1.7925048747565597,-0.9075477905571461
2026-04-23 07:46:14.100,3509417.1214156435,779148.7185601015,5250973.934307485,-87417.3261034886,46.08590802748385,0.8941525733098388,1.0049460199661553,-0.16354473307728767
2026-04-23 07:46:14.200,3509417.213652932,779148.7730537982,5250973.924176803,-87421.94658288315,45.86663757229981,0.922372885979712,0.5449369677808136,-0.10130682028830051
2026-04-23 07:46:14.300,3509417.361464737,779148.8528497978,5250973.854551025,-87426.55081951818,45.77627307992234,1.478118048980832,0.7979599956888705,-0.6962577812373638
2026-04-23 07:46:14.400,3509417.500602297,779148.9920922312,5250973.777738772,-87431.17184038965,45.427273862144446,1.391375600360334,1.392424333607778,-0.768122524023056
2026-04-23 07:46:14.500,3509418.6045530587,779148.3251861287,5250974.913721594,-87434.51920813057,54.02684694302841,11.039507617242634,-6.6690610244404525,11.359828216955066
2026-04-23 07:46:14.600,3509418.7408672636,779148.4460861121,5250974.812366612,-87439.17700895024,54.04836829278604,1.3631420489400625,1.2089998333249241,-1.013549817726016
2026-04-23 07:46:14.700,3509418.885815175,779148.5002171486,5250974.733621379,-87443.803576324,54.13404826010393,1.449479111470282,0.5413103650789708,-0.7874523289501667
2026-04-23 07:46:14.800,3509418.9223743565,779148.5695355857,5250974.675817138,-87448.45996693564,54.002962701532866,0.36559181753546,0.6931843713391572,-0.5780424177646637
2026-04-23 07:46:14.900,3509418.9536240026,779148.6775932242,5250974.757930196,-87453.05862110143,53.914192159304434,0.31249646097421646,1.0805763851385564,0.821130583062768
2026-04-23 07:46:15.000,3509419.010882503,779148.7336528223,5250974.788792925,-87457.6646095325,53.936182749356114,0.5725850025191903,0.5605959810782224,0.3086272906512022
2026-04-23 07:46:15.100,3509419.030706124,779148.8000089368,5250974.790794527,-87462.2908237418,54.219168143339374,0.19823621027171612,0.6635611446108669,0.02001602202653885
2026-04-23 07:46:15.200,3509419.0512056053,779148.8914400679,5250974.756348318,-87466.94607745537,54.49897338312661,0.20499481353908777,0.9143113112077117,-0.34446208737790585
2026-04-23 07:46:15.300,3509421.0977117815,779147.7633955486,5250975.389149728,-87469.94086035098,71.27336096224525,20.46506176237017,-11.280445193406194,6.328014098107815
2026-04-23 07:46:15.400,3509418.986415074,779149.1440133774,5250974.62478155,-87476.35050423811,55.54010682165292,-21.112967072986066,13.806178288068622,-7.643681783229113
2026-04-23 07:46:15.500,3509419.017829104,779149.2267407443,5250974.638113854,-87480.96466436629,55.55870082789077,0.3141402965411544,0.8272736694198102,0.13332304544746876
2026-04-23 07:46:15.600,3509419.031525536,779149.289341605,5250974.684646007,-87485.55069674064,55.71759709469494,0.1369643211364746,0.6260086072143167,0.46532152220606804
2026-04-23 07:46:15.700,3509421.1368734324,779148.0991836495,5250975.481813241,-87488.39991651561,72.41800399426657,21.053478964604437,-11.901579555124044,7.971672341227531
2026-04-23 07:46:15.800,3509421.092806599,779148.2375587088,5250975.507138007,-87493.06216522896,72.86005558456871,-0.44066833332180977,1.3837505923584104,0.25324766524136066
2026-04-23 07:46:15.900,3509421.0663665873,779148.4281211711,5250975.638478958,-87497.6615300727,72.98126319234254,-0.2644001180306077,1.905624623177573,1.3134095072746277
2026-04-23 07:46:16.000,3509421.0128122317,779148.563725535,5250975.689345544,-87502.2947839744,72.71236512006426,-0.5355435563251376,1.3560436386615038,0.5086658615618944
2026-04-23 07:46:16.100,3509420.924138611,779148.7003148312,5250975.701546588,-87506.96604455022,72.2192117645398,-0.8867362048476934,1.3658929627854377,0.12201043777167797
2026-04-23 07:46:16.200,3509420.759505637,779148.8322807829,5250975.644084911,-87511.69099780587,71.832823131816,-1.6463297419250011,1.319659516448155,-0.5746167711913586
2026-04-23 07:46:16.300,3509420.6079869377,779148.9273966651,5250975.6197265815,-87516.38346867517,72.26378996644463,-1.5151869924739003,0.9511588222812861,-0.24358329363167286
2026-04-23 07:46:16.400,3509420.459901325,779149.054232038,5250975.686147273,-87521.05254362343,72.59877085632708,-1.4808561280369759,1.2683537288103253,0.6642069108784199
2026-04-23 07:46:16.500,3509420.3305695388,779149.1501758957,5250975.707040931,-87525.71294637806,73.13101828220921,-1.29331786185503,0.9594385768286884,0.20893658511340618
2026-04-23 07:46:16.600,3509420.2842638646,779149.2885021797,5250975.807299752,-87530.28684465129,72.98181831422515,-0.46305674128234386,1.3832628400996327,1.0025882069021463
2026-04-23 07:46:16.700,3509420.266452662,779149.4300190463,5250975.877949863,-87534.85222585594,72.95525203741629,-0.17811202444136143,1.415168666280806,0.7065011095255613
2026-04-23 07:46:16.800,3509420.3168131146,779149.5519554676,5250975.946610311,-87539.37464826638,73.03511331092726,0.5036045238375664,1.2193642125930637,0.6866044830530882
2026-04-23 07:46:16.900,3509420.384707518,779149.7181437614,5250975.9618820455,-87543.91744323353,72.61918087792533,0.6789440335705876,1.6618829383514822,0.15271734446287155
2026-04-23 07:46:17.000,3509420.4167601005,779149.8705344197,5250975.925767287,-87548.51436987925,72.2619986313414,0.3205258259549737,1.5239065827336162,-0.3611475881189108
2026-04-23 07:46:17.100,3509420.3547470784,779150.0304591228,5250975.919954737,-87553.16556191574,72.23564450010873,-0.6201302213594317,1.5992470318451524,-0.05812549963593483
2026-04-23 07:46:17.200,3509420.2712162244,779150.180274375,5250975.807738352,-87557.8843800189,72.38303602931029,-0.8353085396811366,1.4981525216717273,-1.122163850814104
2026-04-23 07:46:17.300,3509420.2306758016,779150.3557847068,5250975.746849096,-87562.55177563222,72.46978956100926,-0.4054042277857661,1.7551033175550401,-0.6088925525546074
2026-04-23 07:46:17.400,3509420.282784626,779150.5064421884,5250975.766353602,-87567.11671841392,72.16799309645081,0.5210882425308228,1.5065748163033277,0.19504505209624767
2026-04-23 07:46:17.500,3509420.3425812707,779150.6413396365,5250975.699466357,-87571.73252024259,72.03011947405025,0.5979664484038949,1.3489744812250137,-0.6688724458217621
2026-04-23 07:46:17.600,3509420.421578479,779150.76266277,5250975.577233739,-87576.34460011315,71.96304276498647,0.7899720827117562,1.2132313346955925,-1.2223261781036854
2026-04-23 07:46:17.700,3509420.5297603323,779150.838855372,5250975.5454661185,-87580.91062087429,71.9532154922113,1.08181853312999,0.7619260204955935,-0.3176762070506811
2026-04-23 07:46:17.800,3509420.661376141,779150.9392768535,5250975.504479031,-87585.4739945665,72.23551108119497,1.3161580869928002,1.004214814165607,-0.4098708741366863
2026-04-23 07:46:17.900,3509420.824589813,779151.0258786494,5250975.531156293,-87590.00664775053,72.54967662962339,1.6321367211639881,0.8660179597791284,0.2667726203799248
2026-04-23 07:46:18.000,3509420.905814109,779151.156109721,5250975.414316437,-87594.66780984044,72.80606238220301,0.8122429577633739,1.3023107161279768,-1.1683985590934753
2026-04-23 07:46:18.100,3509421.095750118,779151.2254816939,5250975.234760855,-87599.3047546372,72.83529676318666,1.899360092356801,0.6937197281513363,-1.7955558188259602
2026-04-23 07:46:18.200,3509421.3110750294,779151.2349159932,5250975.15657785,-87603.8830181661,72.7681260143974,2.1532491128891706,0.09434299310669303,-0.7818300556391478
2026-04-23 07:46:18.300,3509419.3791628666,779152.4960603395,5250974.293930108,-87610.25127279067,56.05924962669459,-19.319121628068388,12.61144346324727,-8.626477420330048
2026-04-23 07:46:18.400,3509419.4593921583,779152.5675454222,5250974.166388834,-87614.94250278182,56.15788295512513,0.8022929169237614,0.7148508273530751,-1.2754127383232117
2026-04-23 07:46:18.500,3509419.488097832,779152.6347175662,5250974.045624027,-87619.6324717424,55.82615089078868,0.2870567375794053,0.6717214395757765,-1.2076480686664581
2026-04-23 07:46:18.600,3509419.4676448083,779152.7582928614,5250973.85575471,-87624.38999299199,55.73013450765818,-0.20453023724257946,1.2357529520522803,-1.8986931722611189
2026-04-23 07:46:18.700,3509418.9418152315,779152.5672611017,5250972.886638422,-87629.82672637184,45.04068015755351,-5.258295768871903,-1.91031759721227,-9.691162882372737
2026-04-23 07:46:18.800,3509419.0038194912,779152.6994085547,5250972.909274429,-87634.4304101057,44.949860424542045,0.620042597874999,1.3214745302684605,0.22636007517576218
2026-04-23 07:46:18.900,3509421.1213511038,779151.4273684446,5250973.550000689,-87637.35950377805,54.173430646720895,21.175316125154495,-12.720401100814342,6.407262599095702
2026-04-23 07:46:19.000,3509419.065957264,779152.9818585935,5250972.901424773,-87643.67944336442,44.74789003205506,-20.553938397206366,15.544901489047334,-6.485759159550071
2026-04-23 07:46:19.100,3509419.078168903,779153.1500525988,5250972.924705457,-87648.28215636914,44.72080229011203,0.1221163896843791,1.6819400526583195,0.23280683904886246
2026-04-23 07:46:19.200,3509421.156814205,779151.9378254176,5250973.528868416,-87651.24302136697,54.29540814855332,20.786453019827604,-12.12227181182243,6.04162959381938
2026-04-23 07:46:19.300,3509421.114359112,779152.1365086322,5250973.573583949,-87655.89706227838,54.30365978068451,-0.4245509300380945,1.9868321460671723,0.44715533033013344
2026-04-23 07:46:19.400,3509421.0091307224,779152.3056361579,5250973.56710847,-87660.5785658729,54.463438440830046,-1.0522838961333036,1.691275256453082,-0.064754793420434
2026-04-23 07:46:19.500,3509420.9653413948,779152.4460550408,5250973.573571088,-87665.22079064051,54.55379163062699,-0.4378932761028409,1.4041888294741511,0.0646261777728796
2026-04-23 07:46:19.600,3509420.901068542,779152.5617228637,5250973.663840902,-87669.81776295054,54.801575219343505,-0.6427285261452198,1.1566782288718969,0.9026981424540281
2026-04-23 07:46:19.700,3509420.802177924,779152.708891696,5250973.730565097,-87674.44584307818,54.63244351756824,-0.9889061795547605,1.4716883224900812,0.6672419514507055
2026-04-23 07:46:19.800,3509420.642805909,779152.8632433973,5250973.758182571,-87679.12748519807,54.38513779360368,-1.5937201539054513,1.54351701377891,0.2761747408658266
2026-04-23 07:46:19.900,3509420.519714789,779152.9936577431,5250973.837026037,-87683.74470060869,54.038399928458084,-1.2309111980721354,1.30414345767349,0.7884346600621939
2026-04-23 07:46:20.000,3509420.4600686245,779153.1187192008,5250973.888997606,-87688.32740554347,53.98149250130461,-0.5964616453275084,1.2506145774386823,0.5197156872600317
2026-04-23 07:46:20.100,3509420.364199589,779153.2927065362,5250973.844500979,-87692.97678225697,53.9118403551891,-0.9586903546005487,1.7398733540903777,-0.4449662659317255
2026-04-23 07:46:20.200,3509420.331579538,779153.4883840583,5250973.908635016,-87697.5357161938,53.79821403004307,-0.3262005094438791,1.956775221042335,0.6413403619080782
2026-04-23 07:46:20.300,3509420.289126286,779153.6844517781,5250973.932960929,-87702.13039012154,53.82627183496535,-0.42453252244740725,1.9606771972030401,0.2432591374963522
2026-04-23 07:46:20.400,3509420.2454111082,779153.8472132446,5250973.870753599,-87706.78003063523,53.739614768753526,-0.43715177569538355,1.6276146657764912,-0.6220733001828194
2026-04-23 07:46:20.500,3509420.2265398973,779154.0184363713,5250973.790021004,-87711.41578378665,53.99526446589599,-0.18871210981160402,1.712231267010793,-0.8073259517550468
2026-04-23 07:46:20.600,3509420.2435575286,779154.1746079276,5250973.785736329,-87716.0014938141,54.265840205898684,0.17017631325870752,1.5617155621293932,-0.04284675233066082
2026-04-23 07:46:20.700,3509420.2936763167,779154.296346836,5250973.731233033,-87720.59170392173,54.32064600122269,0.5011878814548254,1.2173890846315771,-0.5450329557061195
2026-04-23 07:46:20.800,3509420.2828899766,779154.4302110941,5250973.6581888385,-87725.24474167179,54.368555918368116,-0.10786340106278658,1.3386425806675106,-0.7304419483989477
2026-04-23 07:46:20.900,3509420.348057048,779154.5494006317,5250973.539807621,-87729.87519892635,54.66726382328034,0.6516707129776478,1.1918953759595752,-1.1838121712207794
2026-04-23 07:46:21.000,3509420.402342824,779154.6936945149,5250973.46491498,-87734.48039935001,54.87905259998002,0.5428577587008476,1.4429388323333114,-0.7489264104515314
2026-04-23 07:46:21.100,3509420.4648006363,779154.8082814404,5250973.424146818,-87739.08254156652,54.64604306467903,0.6245781248435378,1.1458692548330873,-0.40768162347376347
2026-04-23 07:46:21.200,3509420.5340086035,779154.9438399203,5250973.361614016,-87743.70861251137,54.687705565827386,0.6920796725898981,1.355584799312055,-0.6253280211240053
2026-04-23 07:46:21.300,3509420.6292777457,779155.0712121031,5250973.332580609,-87748.29432599145,54.767871213586524,0.9526914218440652,1.2737218278925866,-0.29033406637609005
2026-04-23 07:46:21.400,3509420.6833174992,779155.2184090555,5250973.299288733,-87752.90662110622,54.552149093118956,0.5403975350782275,1.4719695236999542,-0.33291876316070557
2026-04-23 07:46:21.500,3509420.710011884,779155.3904730773,5250973.298006583,-87757.52709593694,54.38240752959726,0.2669438486918807,1.7206402181182057,-0.0128214992582798
2026-04-23 07:46:21.600,3509420.726010982,779155.5703536391,5250973.226651005,-87762.1808714139,54.10807942088778,0.1599909784272313,1.7988056177273393,-0.7135557755827904
2026-04-23 07:46:21.700,3509420.760891945,779155.7474637303,5250973.142528146,-87766.82049306843,54.05508995057642,0.34880963154137135,1.7711009120102972,-0.841228598728776
2026-04-23 07:46:21.800,3509420.850785998,779155.8622160464,5250973.083090428,-87771.41651269583,54.01829901107349,0.8989405306056142,1.1475231614895165,-0.5943771731108427
2026-04-23 07:46:21.900,3509420.9504598808,779155.9480476555,5250973.070788566,-87775.98484886416,54.02759303368761,0.9967388259246945,0.8583160908892751,-0.12301862239837646
2026-04-23 07:46:22.000,3509421.006396864,779156.0785933901,5250973.064595083,-87780.60281323394,53.90596161126956,0.5593698332086205,1.3054573454428464,-0.061934832483530045
2026-04-23 07:46:22.100,3509420.9847008367,779156.201405669,5250972.967180923,-87785.31503940426,54.09225456634612,-0.21696027368307114,1.2281227891799062,-0.974141601473093
2026-04-23 07:46:22.200,3509420.9583329386,779156.295417532,5250972.881308302,-87790.00541625012,54.376042088401974,-0.2636789809912443,0.94011862995103,-0.8587262034416199
2026-04-23 07:46:22.300,3509420.9022486354,779156.3706887715,5250972.713398006,-87794.76783371286,55.02804256799562,-0.5608430318534374,0.752712395042181,-1.6791029646992683
2026-04-23 07:46:22.400,3509420.8984962055,779156.3901002624,5250972.523379514,-87799.51685315308,55.303048955523586,-0.03752429969608784,0.1941149088088423,-1.9001849181950092
2026-04-23 07:46:22.500,3509420.87251974,779156.3983824716,5250972.4900053805,-87804.16449568988,55.32139871086754,-0.2597646554931998,0.08282209280878305,-0.3337413351982832
2026-04-23 07:46:22.600,3509420.785207425,779156.414902736,5250972.503320194,-87808.80728942319,55.64106198734535,-0.8731231512501836,0.16520264325663447,0.13314813375473022
2026-04-23 07:46:22.700,3509420.729014443,779156.4433264693,5250972.440489416,-87813.48530294793,56.21342245453507,-0.5619298201054335,0.2842373331077397,-0.6283077783882618
2026-04-23 07:46:22.800,3509420.7141986834,779156.423955734,5250972.378600236,-87818.15247799394,55.9963348068085,-0.14815759379416704,-0.19370735273696482,-0.6188917998224497
2026-04-23 07:46:22.900,3509420.6928121718,779156.3985599844,5250972.392561329,-87822.79678989097,55.669172649680384,-0.21386511623859406,-0.2539574960246682,0.13961092568933964
2026-04-23 07:46:23.000,3509420.689114542,779156.3862059343,5250972.433357634,-87827.41484287116,55.4560150295037,-0.03697629552334547,-0.12354050064459443,0.40796305052936077
2026-04-23 07:46:23.100,3509420.696728013,779156.3668258961,5250972.441525429,-87832.01518417799,55.3118507833628,0.07613470777869225,-0.19380038254894316,0.08167794905602932
2026-04-23 07:46:23.200,3509420.6321970765,779156.3649763241,5250972.40656292,-87836.66997979967,54.94835762502142,-0.6453093653544784,-0.01849571941420436,-0.3496250882744789
2026-04-23 07:46:23.300,3509420.596007493,779156.3522658749,5250972.409570821,-87841.28346388957,54.832290036436625,-0.36189583595842123,-0.12710449285805225,0.030079009011387825
2026-04-23 07:46:23.400,3509420.5866955817,779156.3488471211,5250972.417330449,-87845.88152194425,55.08861250498217,-0.09311911184340715,-0.03418753738515079,0.07759628817439079
2026-04-23 07:46:23.500,3509420.620435009,779156.317399276,5250972.486942171,-87850.43828989512,54.94963528283004,0.33739427104592323,-0.31447845161892474,0.6961172167211771
2026-04-23 07:46:23.600,3509420.640275601,779156.291038769,5250972.548154053,-87854.99948905197,54.598255136300565,0.19840592052787542,-0.2636050700675696,0.6121188215911388
2026-04-23 07:46:23.700,3509420.668623598,779156.2790590652,5250972.5786037855,-87859.58959308168,54.480356672773226,0.2834799699485302,-0.11979703791439533,0.30449732206761837
2026-04-23 07:46:23.800,3509420.6873128675,779156.3128841426,5250972.650500214,-87864.15677322305,54.18962931288112,0.18689269665628672,0.33825077465735376,0.7189642824232578
2026-04-23 07:46:23.900,3509420.6657238333,779156.3215567742,5250972.645142849,-87868.77372006424,53.978867282351715,-0.21589034236967564,0.0867263157851994,-0.05357365123927593
2026-04-23 07:46:24.000,3509420.649129109,779156.3385302082,5250972.70440523,-87873.3799862298,53.89401839793033,-0.16594724263995886,0.16973434016108513,0.5926238093525171
2026-04-23 07:46:24.100,3509420.663603267,779156.3402108328,5250972.714404629,-87877.98220217996,54.071508511146014,0.1447415817528963,0.016806245548650622,0.09999399073421955
2026-04-23 07:46:24.200,3509420.6778476187,779156.3137007095,5250972.671469504,-87882.58845067842,54.117605000819516,0.14244351536035538,-0.26510123279877007,-0.4293512459844351
2026-04-23 07:46:24.300,3509420.6893769214,779156.329905391,5250972.659556782,-87887.20174900613,53.76871295044316,0.11529302690178156,0.16204681480303407,-0.11912722140550613
2026-04-23 07:46:24.400,3509420.7062582476,779156.3315132966,5250972.724775075,-87891.75517202963,53.6068159211014,0.16881326213479042,0.016079056076705456,0.6521829310804605
2026-04-23 07:46:24.500,3509420.7242425582,779156.3062464221,5250972.734426989,-87896.34250831726,53.6655213721746,0.17984310630708933,-0.2526687446516007,0.09651914238929749
2026-04-23 07:46:24.600,3509420.8451621747,779156.4537917819,5250972.884171248,-87900.83700104294,56.115653633681475,1.2091961642727256,1.475453597959131,1.4974425919353962
2026-04-23 07:46:24.700,3509417.606888119,779158.802975755,5250970.811076098,-87908.65926224351,49.077160843906576,-32.38274055533111,23.49183973041363,-20.730951502919197
2026-04-23 07:46:24.800,3509417.720063389,779158.7410690521,5250970.8419941645,-87913.19221600624,49.000313801076324,1.1317526968196034,-0.6190670281648636,0.3091806638985872
2026-04-23 07:46:24.900,3509417.8233923097,779158.7315231396,5250970.992818072,-87917.6762929945,48.904231133604426,1.0332892090082169,-0.09545912500470877,1.5082390792667866
2026-04-23 07:46:25.000,3509417.7950711357,779158.7067739033,5250970.963235992,-87922.27871925665,48.91673284226964,-0.2832117397338152,-0.24749236297793686,-0.2958208043128252
2026-04-23 07:46:25.100,3509417.8504027254,779158.7011165039,5250970.960115592,-87926.85308453272,48.93590482318147,0.5533158965408802,-0.05657399422489107,-0.031204000115394592
2026-04-23 07:46:25.200,3509417.9938759836,779158.6745650358,5250971.0648779245,-87931.33730610818,48.40457082713601,1.4347325824201107,-0.2655146806500852,1.0476233251392841
2026-04-23 07:46:25.300,3509417.936447594,779158.7049240863,5250971.014801944,-87936.02260445937,48.76893806561712,-0.5742838978767395,0.30359050491824746,-0.5007598083466291
2026-04-23 07:46:25.400,3509418.0328123146,779158.679981114,5250971.061543459,-87940.58414520974,48.335298800175664,0.9636472072452307,-0.24942972348071635,0.4674151539802551
2026-04-23 07:46:25.500,3509418.004933374,779158.6927091705,5250971.029801525,-87945.20874300256,47.929208868694346,-0.2787894057109952,0.1272805652115494,-0.3174193389713764
2026-04-23 07:46:25.600,3509418.0061354167,779158.6062381045,5250970.992499625,-87949.84834779063,47.90093825600788,0.01202042680233717,-0.8647106599528342,-0.3730189986526966
2026-04-23 07:46:25.700,3509418.054569407,779158.5738760111,5250970.979120223,-87954.46175777027,47.98548837897791,0.48433990217745304,-0.3236209345050156,-0.13379402458667755
2026-04-23 07:46:25.800,3509418.1055572648,779158.5733540514,5250971.030322526,-87959.03829894103,47.796408062649085,0.5098785785958171,-0.005219596205279231,0.5120230279862881
2026-04-23 07:46:25.900,3509418.0596412458,779158.5753439942,5250971.011337603,-87963.6711663937,47.6562928669763,-0.4591601900756359,0.0198994274251163,-0.1898492220789194
2026-04-23 07:46:26.000,3509418.112167491,779158.5456135655,5250971.01364124,-87968.27015253952,47.410168929531494,0.5252624535933137,-0.29730428708717227,0.02303636632859707
2026-04-23 07:46:26.100,3509418.126163792,779158.5782478894,5250971.134471928,-87972.84616806549,47.0024578154418,0.13996300753206015,0.3263432392850518,1.2083068769425154
2026-04-23 07:46:26.200,3509417.9881605413,779158.5820491244,5250971.19695779,-87977.52811089008,47.33054855789479,-1.380032505840063,0.03801234997808933,0.6248586252331734
2026-04-23 07:46:26.300,3509418.071503105,779158.5663366067,5250971.312551245,-87982.05822426127,46.84456965604643,0.8334256382659078,-0.15712517662905157,1.1559345480054617
2026-04-23 07:46:26.400,3509418.1622155597,779158.5073509819,5250971.329491654,-87986.64805948641,46.53243686802865,0.9071245463564992,-0.5898562481161207,0.16940409317612648
2026-04-23 07:46:26.500,3509418.1233826326,779158.5686324725,5250971.383561802,-87991.27453218363,46.71926374757218,-0.38832927122712135,0.6128149060532451,0.5407014768570662
2026-04-23 07:46:26.600,3509418.063137394,779158.6234099912,5250971.44120723,-87995.91886188094,46.642342577927764,-0.6024523871019483,0.5477751861326396,0.5764542799443007
2026-04-23 07:46:26.700,3509418.071579304,779158.555557487,5250971.303806022,-88000.6264644475,46.42995917261935,0.08441910147666931,-0.6785250420216471,-1.3740120828151703
2026-04-23 07:46:26.800,3509418.1207160065,779158.5090206657,5250971.332495181,-88005.18199522623,46.20182728948783,0.49136702436953783,-0.46536821289919317,0.2868915908038616
2026-04-23 07:46:26.900,3509418.1166888606,779158.495918971,5250971.408583522,-88009.77616514712,46.2117886770844,-0.0402714591473341,-0.13101694639772177,0.7608834095299244
2026-04-23 07:46:27.000,3509418.1133309826,779158.4903882792,5250971.406495341,-88014.40712940422,46.5361202760819,-0.0335787795484066,-0.055306918220594525,-0.020881807431578636
2026-04-23 07:46:27.100,3509418.185499276,779158.4417682769,5250971.347439257,-88019.03093778291,46.40419874884769,0.7216829340904951,-0.4862000234425068,-0.5905608367174864
2026-04-23 07:46:27.200,3509418.1699516647,779158.4539202665,5250971.336783505,-88023.67534655594,46.37394445627307,-0.1554761128500104,0.12151989620178938,-0.10655752383172512
2026-04-23 07:46:27.300,3509418.141943724,779158.476411348,5250971.420479656,-88028.280583197,46.08443403119649,-0.28007940854877234,0.22491081501357257,0.8369615115225315
2026-04-23 07:46:27.400,3509418.1887694364,779158.4771941763,5250971.436697988,-88032.87050875623,46.23424374345871,0.468257125467062,0.007828283123672009,0.16218331642448902
2026-04-23 07:46:27.500,3509418.095837413,779158.5068308258,5250971.498338223,-88037.50980549213,45.81966954305197,-0.9293202357366681,0.29636649531312287,0.616402355954051
2026-04-23 07:46:27.600,3509418.079266968,779158.4977419925,5250971.4726044,-88042.16945862,45.81346949392693,-0.1657044468447566,-0.09088833350688219,-0.25733823888003826
2026-04-23 07:46:27.700,3509418.110544242,779158.5238178513,5250971.530077158,-88046.79145944107,45.84679965672303,0.31277273781597614,0.26075858855620027,0.5747275799512863
2026-04-23 07:46:27.800,3509418.0912264953,779158.5613498742,5250971.462892941,-88051.50688506075,46.038020064258305,-0.19317746628075838,0.3753202292136848,-0.6718421634286642
2026-04-23 07:46:27.900,3509418.0345303337,779158.5336286838,5250971.348911062,-88056.22991295454,46.005924989937675,-0.5669616162776947,-0.2772119047585875,-1.1398187931627035
2026-04-23 07:46:28.000,3509418.0384224392,779158.50520704,5250971.239627827,-88060.91876550808,45.92940083075676,0.038921055383980274,-0.28421643772162497,-1.0928323492407799
2026-04-23 07:46:28.100,3509418.0258951876,779158.5169508217,5250971.2472340595,-88065.56900111299,46.27944867883001,-0.12527251616120338,0.1174378173891455,0.07606232538819313
2026-04-23 07:46:28.200,3509418.091764319,779158.5023456353,5250971.220289325,-88070.16848242527,46.281924434971,0.6586913159117103,-0.1460518641397357,-0.26944734156131744
2026-04-23 07:46:28.300,3509418.0631619534,779158.4684086145,5250971.283344499,-88074.76008790804,46.281980506683745,-0.28602365870028734,-0.3393702080938965,0.6305517349392176
2026-04-23 07:46:28.400,3509417.9835317577,779158.4880525592,5250971.410398867,-88079.35282167114,46.23934401813449,-0.7963019562885165,0.19643944688141346,1.2705436814576387
2026-04-23 07:46:28.500,3509417.9606640744,779158.4733808985,5250971.367183335,-88084.04969507302,46.7807311892397,-0.22867683321237564,-0.14671660726889968,-0.4321553185582161
2026-04-23 07:46:28.600,3509417.8488143464,779158.5041520945,5250971.2716803895,-88088.78829398232,46.81782688162875,-1.1184972804039717,0.3077119600493461,-0.9550294559448957
2026-04-23 07:46:28.700,3509417.8028556975,779158.5255289925,5250971.233192756,-88093.4835468921,46.99104075064199,-0.4595864890143275,0.21376898046582937,-0.38487633690238
2026-04-23 07:46:28.800,3509417.7977746595,779158.5294821571,5250971.226486992,-88098.10448865665,47.10236491309753,-0.05081037990748882,0.03953164559789002,-0.06705763749778271
2026-04-23 07:46:28.900,3509417.812422777,779158.5296774334,5250971.315064213,-88102.69450219837,46.76352093387979,0.1464811759069562,0.0019527634140104055,0.8857722114771605
2026-04-23 07:46:29.000,3509417.771918746,779158.5780030699,5250971.378315144,-88107.33458535583,46.638758611045944,-0.40504030883312225,0.4832563642412424,0.6325093097984791
2026-04-23 07:46:29.100,3509417.7306680945,779158.6736803143,5250971.442979416,-88111.9793437214,46.75643556511288,-0.41250651702284813,0.9567724447697401,0.646642716601491
2026-04-23 07:46:29.200,3509417.7318187747,779158.6970422186,5250971.412249404,-88116.6680279626,47.21859995307127,0.011506802402436733,0.23361904313787818,-0.30730011872947216
2026-04-23 07:46:29.300,3509417.7811633125,779158.7184690909,5250971.537085923,-88121.23352122724,47.00412171925701,0.49344537779688835,0.21426872233860195,1.248365193605423
2026-04-23 07:46:29.400,3509417.761309816,779158.7403654957,5250971.601432969,-88125.83190165045,46.99739226326788,-0.19853496458381414,0.21896404796279967,0.6434704549610615
2026-04-23 07:46:29.500,3509417.6738178986,779158.7898041266,5250971.70896054,-88130.44763912733,46.95498890111801,-0.8749191742390394,0.4943863092921674,1.075275707989931
2026-04-23 07:46:29.600,3509417.6073595895,779158.7879336532,5250971.711730416,-88135.13219917116,47.48207658384296,-0.6645830906927586,-0.018704733811318874,0.027698762714862823
2026-04-23 07:46:29.700,3509417.6822145674,779158.7867736511,5250971.753157281,-88139.69404033826,47.47504025695628,0.748549778945744,-0.011600020807236433,0.4142686538398266
2026-04-23 07:46:29.800,3509417.7545853104,779158.7949048867,5250971.748744476,-88144.30130030343,47.264585685622606,0.7237074291333556,0.08131235605105758,-0.04412805661559105
2026-04-23 07:46:29.900,3509417.764270288,779158.8683377,5250971.832990622,-88148.90277706573,47.68687551424689,0.0968497758731246,0.734328132821247,0.8424614649266005
2026-04-23 07:46:30.000,3509417.7106856164,779158.8362320254,5250971.901820959,-88153.50393773263,48.06971263065254,-0.5358467157930136,-0.32105674617923796,0.6883033644407988
2026-04-23 07:46:30.100,3509417.7477730047,779158.7762929884,5250971.91308536,-88158.12050420078,48.05534110551592,0.3708738833665848,-0.5993903696071357,0.11264401488006115
2026-04-23 07:46:30.200,3509417.885391917,779158.6924635813,5250971.992065533,-88162.65276146927,47.866892857798646,1.37618912383914,-0.8382940711453557,0.7898017298430204
2026-04-23 07:46:30.300,3509417.948861728,779158.701261923,5250972.131035627,-88167.17138452442,47.840093396536076,0.6346981087699533,0.0879834161605686,1.3897009380161762
2026-04-23 07:46:30.400,3509417.945427215,779158.7604528427,5250972.056563615,-88171.86085891377,47.8599969570363,-0.034345127642154694,0.5919091973919421,-0.7447201199829578
2026-04-23 07:46:30.500,3509417.9830561182,779158.6843303078,5250972.047620753,-88176.47015328052,47.80177598294902,0.37628903053700924,-0.7612253492698073,-0.08942862041294575
2026-04-23 07:46:30.600,3509417.871935787,779158.6939720024,5250972.023109879,-88181.18081816565,47.6870650112739,-1.1112033110111952,0.09641694603487849,-0.2451087348163128
2026-04-23 07:46:30.700,3509417.8078108015,779158.7746630124,5250972.010977495,-88185.85356873047,47.1782055401327,-0.6412498559802771,0.806910099927336,-0.1213238388299942
2026-04-23 07:46:30.800,3509417.6756860805,779158.8275397082,5250971.852480146,-88190.68221499301,47.9956779860401,-1.321247210726142,0.5287669587414712,-1.584973493590951
2026-04-23 07:46:30.900,3509417.6529108332,779158.851409598,5250971.837682169,-88195.36009813206,48.06676652462759,-0.2277524722740054,0.238698897883296,-0.14797977171838284
2026-04-23 07:46:31.000,3509417.731526035,779158.7853733114,5250971.961038185,-88199.91120488956,47.90242451649657,0.7861520163714886,-0.6603628664743155,1.2335601635277271
2026-04-23 07:46:31.100,3509417.7586770854,779158.7589038848,5250971.982008078,-88204.52484137919,47.5827812549196,0.271510505117476,-0.26469426578842103,0.20969892852008343
2026-04-23 07:46:31.200,3509417.687579171,779158.7093734384,5250972.000996929,-88209.14948803576,47.80871187080231,-0.7109791459515691,-0.49530446412973106,0.1898885052651167
2026-04-23 07:46:31.300,3509423.9091875353,779155.080628977,5250971.294661651,-88210.11808429833,78.36127713746109,62.216083644889295,-36.2874446134083,-7.063352772966027
2026-04-23 07:46:31.400,3509423.9599858755,779155.043132059,5250971.270107424,-88214.75352223388,79.0391925039042,0.5079834023490548,-0.3749691799748689,-0.24554227478802204
2026-04-23 07:46:31.500,3509423.9596259343,779155.0369157464,5250971.269637341,-88219.37100476712,79.67538552638088,-0.003599412739276886,-0.06216312642209232,-0.0047008320689201355
2026-04-23 07:46:31.600,3509424.019131501,779155.0342074261,5250971.267411762,-88223.99375403595,79.46123513997208,0.5950556695461273,-0.027083202730864286,-0.02225578762590885
2026-04-23 07:46:31.700,3509424.032172397,779155.0812561422,5250971.283862106,-88228.65448692857,78.86397430177534,0.13040895573794842,0.4704871610738337,0.16450343653559685
2026-04-23 07:46:31.800,3509424.007985024,779155.1168414375,5250971.335819164,-88233.29663440296,77.74869019989548,-0.24187372997403145,0.35585295292548835,0.5195705872029066
2026-04-23 07:46:31.900,3509423.952142918,779155.1657907906,5250971.120889488,-88238.1053275289,77.1197362443374,-0.5584210576489568,0.4894935304764658,-2.1492967661470175
2026-04-23 07:46:32.000,3509423.8936991133,779155.1848884245,5250971.115253356,-88242.77107201147,76.89266136477046,-0.5844380473718047,0.19097633892670274,-0.05636131390929222
2026-04-23 07:46:32.100,3509423.7989237253,779155.1285777022,5250971.208153469,-88247.35011737204,77.79536884726228,-0.9477538801729679,-0.5631072225514799,0.929001122713089
2026-04-23 07:46:32.200,3509423.7098024427,779155.175560267,5250971.201889415,-88252.04414612627,76.94557098462768,-0.8912128256633878,0.4698256473056972,-0.06264053285121918
2026-04-23 07:46:32.300,3509423.651543476,779155.2375099306,5250971.256046746,-88256.70808926299,75.83657210823395,-0.582589665427804,0.6194966367911547,0.5415733065456152
2026-04-23 07:46:32.400,3509423.6530171465,779155.2473698847,5250971.374993882,-88261.32865391795,75.42940728624804,0.014736703597009182,0.0985995412338525,1.1894713621586561
2026-04-23 07:46:32.500,3509417.6137676155,779158.8005787705,5250972.004375924,-88269.56740588174,47.45070682951922,-60.39249530993402,35.53208885714412,6.293820422142744
2026-04-23 07:46:32.600,3509417.550204882,779158.8126430832,5250971.934637088,-88274.29360349907,47.53455098258037,-0.6356273358687758,0.12064312701113522,-0.6973883602768183
2026-04-23 07:46:32.700,3509423.5209638253,779155.3403231724,5250971.31583228,-88275.39179999028,74.08706157055308,59.70758943352848,-34.723199107684195,-6.1880480870604515
2026-04-23 07:46:32.800,3509423.420867492,779155.4518025381,5250971.430906234,-88280.03438796996,73.05306727920735,-1.0009633330628276,1.1147936573252082,1.1507395468652248
2026-04-23 07:46:32.900,3509423.284877775,779155.5397593883,5250971.309345936,-88284.83373625138,71.88011079289393,-1.3598971720784903,0.8795685018412769,-1.2156029790639877
2026-04-23 07:46:33.000,3509423.1022456833,779155.7216502213,5250971.328583415,-88289.61878490947,69.33409297284346,-1.8263209145516157,1.8189083295874298,0.19237478263676167
2026-04-23 07:46:33.100,3509417.6422737795,779158.9995874576,5250972.017494849,-88297.46240879546,47.68887216176191,-54.59971903823316,32.779372363584116,6.8891143426299095
2026-04-23 07:46:33.200,3509417.6069993814,779158.9795015639,5250972.032824616,-88302.12592204097,48.194974520054686,-0.35274398047477007,-0.20085893687792122,0.15329767018556595
2026-04-23 07:46:33.300,3509417.5609720666,779159.025196469,5250972.000718705,-88306.83176207078,48.77514989913413,-0.46027314849197865,0.45694905100390315,-0.3210591059178114
2026-04-23 07:46:33.400,3509417.624700889,779159.0321054205,5250972.028570507,-88311.44801772272,48.40812372297052,0.637288223952055,0.06908951443620026,0.2785180136561394
2026-04-23 07:46:33.500,3509417.5583379883,779159.0449107182,5250971.896980923,-88316.18211423497,48.37590747680901,-0.6636290065944195,0.12805297737941146,-1.3158958405256271
2026-04-23 07:46:33.600,3509417.536179416,779159.0476137565,5250971.858839276,-88320.85092432774,48.3696792508391,-0.2215857245028019,0.02703038277104497,-0.38141646422445774
2026-04-23 07:46:33.700,3509417.5396967293,779159.0132310067,5250971.96080724,-88325.44431046584,48.43337050436223,0.035173133946955204,-0.3438274981454015,1.0196796339005232
2026-04-23 07:46:33.800,3509417.54982392,779159.0313654848,5250971.896597319,-88330.12211367866,48.36384486720196,0.10127190500497818,0.1813447813037783,-0.6420992035418749
2026-04-23 07:46:33.900,3509417.560905215,779159.0493507938,5250971.854131658,-88334.76967650655,48.39592019363012,0.1108129508793354,0.1798530900850892,-0.4246566165238619
2026-04-23 07:46:34.000,3509417.454599362,779159.1523651641,5250971.847460273,-88339.51219344398,48.22488993090841,-1.0630585299804807,1.0301437031012028,-0.06671384908258915
2026-04-23 07:46:34.100,3509417.4805146335,779159.1668933695,5250971.754040928,-88344.20889371197,48.47971912063271,0.2591527160257101,0.14528205385431647,-0.9341934509575367
2026-04-23 07:46:34.200,3509417.5309708877,779159.1606567655,5250971.834306445,-88348.80004644426,48.559434485020105,0.5045625427737832,-0.0623660406563431,0.8026551734656096
2026-04-23 07:46:34.300,3509417.54485148,779159.1764452343,5250971.854237745,-88353.43930132939,48.750799092056404,0.13880592305213213,0.15788468881510198,0.1993129961192608
2026-04-23 07:46:34.400,3509417.531467646,779159.1772611821,5250971.865931109,-88358.0926306255,48.5988230192598,-0.13383834157139063,0.008159477729350328,0.11693364009261131
2026-04-23 07:46:34.500,3509417.5222624573,779159.2092187973,5250971.846102052,-88362.75657011513,48.77035152071047,-0.09205188602209091,0.3195761516690254,-0.19829056225717068
2026-04-23 07:46:34.600,3509417.5284727383,779159.2030951872,5250971.784440173,-88367.42012563758,49.08297790981972,0.062102810479700565,-0.06123610073700547,-0.6166187953203917
2026-04-23 07:46:34.700,3509417.4679782614,779159.2322933,5250971.841666124,-88372.05630567382,49.14865555627892,-0.6049447692930698,0.2919811278115958,0.5722595099359751
2026-04-23 07:46:34.800,3509417.511184754,779159.3104871357,5250971.937283013,-88376.66833309845,49.11531344470308,0.4320649243891239,0.7819383568130434,0.9561688918620348
2026-04-23 07:46:34.900,3509417.544225324,779159.3176364241,5250971.822108836,-88381.36898142965,49.6629773442835,0.33040570095181465,0.07149288430809975,-1.1517417710274458
2026-04-23 07:46:35.000,3509417.5976182236,779159.2974858524,5250971.720620876,-88386.04304005022,50.007713443032216,0.5339289968833327,-0.2015057171229273,-1.014879597350955
2026-04-23 07:46:35.100,3509417.669397803,779159.2434735611,5250971.809182334,-88390.61165139571,50.058724897106174,0.7177957938984036,-0.540122912498191,0.885614575818181
2026-04-23 07:46:35.200,3509417.5973433424,779159.2644757316,5250971.812419497,-88395.29772821456,49.5101186324065,-0.7205446064472198,0.21002170513384044,0.032371636480093
2026-04-23 07:46:35.300,3509417.5854196753,779159.2643396966,5250971.776175567,-88399.9535936655,49.649342050952576,-0.11923667043447495,-0.001360350288450718,-0.3624393045902252
2026-04-23 07:46:35.400,3509417.669529434,779159.2254697521,5250971.837763607,-88404.49628854926,49.7994304966076,0.841097584925592,-0.388699445175007,0.6158803962171078
2026-04-23 07:46:35.500,3509417.637048969,779159.248462708,5250971.797253323,-88409.23311578274,50.003726110962006,-0.3248046478256583,0.22992955869995058,-0.40510283783078194
2026-04-23 07:46:35.600,3509417.587358013,779159.2129418809,5250971.748936158,-88413.92013162513,50.19795760740265,-0.49690956249833107,-0.3552082704845816,-0.4831716511398554
2026-04-23 07:46:35.700,3509417.536964302,779159.2594315523,5250971.721199762,-88418.60523231677,50.30799787593358,-0.5039371084421873,0.4648967133834958,-0.27736395597457886
2026-04-23 07:46:35.800,3509417.5428290223,779159.2247608983,5250971.755973787,-88423.20593357636,50.15557511588945,0.058647203259170055,-0.3467065398581326,0.34774024970829487
2026-04-23 07:46:35.900,3509417.648572149,779159.2218667063,5250971.709669,-88427.82432891228,49.978582134539955,1.0574312694370747,-0.028941920027136803,-0.4630478750914335
2026-04-23 07:46:36.000,3509417.6018184135,779159.2129935693,5250971.633500219,-88432.52740792705,49.910995719734686,-0.4675373574718833,-0.08873136946931481,-0.7616878021508455
2026-04-23 07:46:36.100,3509417.56285815,779159.2313581057,5250971.512704976,-88437.27335553276,49.687739123215266,-0.389602635987103,0.1836453634314239,-1.2079524341970682
2026-04-23 07:46:36.200,3509417.564247704,779159.1981721307,5250971.502458419,-88441.9249487974,49.8763977676842,0.013895542360842228,-0.331859749276191,-0.10246557183563709
2026-04-23 07:46:36.300,3509417.643117109,779159.1806356286,5250971.474575269,-88446.56382933934,49.98249035182907,0.7886940473690629,-0.1753650209866464,-0.27883149683475494
2026-04-23 07:46:36.400,3509417.598716238,779159.1975642728,5250971.4966355115,-88451.21466832473,49.47224235842447,-0.4440087080001831,0.16928644152358174,0.22060242481529713
2026-04-23 07:46:36.500,3509417.679957028,779159.2294160748,5250971.596746351,-88455.76826060293,49.47738600678436,0.8124078996479511,0.3185180202126503,1.0011083912104368
2026-04-23 07:46:36.600,3509417.6884108097,779159.1911634131,5250971.444648655,-88460.49064646682,49.879037503601346,0.08453781716525555,-0.38252661703154445,-1.5209769550710917
2026-04-23 07:46:36.700,3509417.745508952,779159.07973403,5250971.416286621,-88465.12382025478,49.79813741509581,0.5709814233705401,-1.114293831633404,-0.28362033888697624
2026-04-23 07:46:36.800,3509417.5767253893,779159.0001351748,5250971.227494533,-88469.95843375442,50.121743396801165,-1.6878356272354722,-0.7959885511081666,-1.887920880690217
2026-04-23 07:46:36.900,3509417.4645498795,779158.9994054137,5250971.116889984,-88474.69539935343,50.72577631299532,-1.1217550979927182,-0.007297610864043236,-1.106045488268137
2026-04-23 07:46:37.000,3509417.3161499063,779158.9522739389,5250971.095948947,-88479.4251966932,51.3215778433615,-1.4839997328817844,-0.47131474828347564,-0.2094103768467903
2026-04-23 07:46:37.100,3509417.4530410348,779158.9275595589,5250971.114035668,-88483.9664764067,51.02146879552693,1.3689112849533558,-0.24714380037039518,0.18086721189320087
2026-04-23 07:46:37.200,3509417.50761361,779158.8873806122,5250971.059728499,-88488.61187645564,51.27510084208708,0.5457257525995374,-0.4017894668504596,-0.5430716928094625
2026-04-23 07:46:37.300,3509417.449327579,779158.9380084368,5250970.866476056,-88493.39588308497,52.04315642188011,-0.5828603124246001,0.5062782461754978,-1.932524424046278
2026-04-23 07:46:37.400,3509417.4304205524,779158.91647296,5250970.731026102,-88498.15661732246,52.6432980203988,-0.18907026387751102,-0.21535476786084473,-1.3544995430856943
2026-04-23 07:46:37.500,3509417.432368424,779158.8857414969,5250970.623475859,-88502.86529394926,52.82888820553707,0.01947871409356594,-0.3073146310634911,-1.0755024291574955
2026-04-23 07:46:37.600,3509417.4475779273,779158.8971680045,5250970.601349199,-88507.5094718369,52.64132086437287,0.1520950347185135,0.11426507611759007,-0.22126659750938416
2026-04-23 07:46:37.700,3509417.5168488845,779158.8759066301,5250970.5920761945,-88512.13509914758,52.40053243625046,0.6927095726132393,-0.21261374466121197,-0.09273004718124866
2026-04-23 07:46:37.800,3509417.3640474794,779158.9124483626,5250970.735224845,-88516.79287004036,51.88206416757181,-1.5280140517279506,0.36541732493788004,1.4314865041524172
2026-04-23 07:46:37.900,3509417.2792253685,779158.9271721178,5250970.85106608,-88521.43362031791,52.091945697260506,-0.8482211083173752,0.1472375518642366,1.1584123503416777
2026-04-23 07:46:38.000,3509417.2791972253,779158.8766756551,5250970.63766514,-88526.18145269525,52.54013732889299,-0.0002814317122101784,-0.5049646261613816,-2.1340093947947025
2026-04-23 07:46:38.100,3509417.298677051,779158.8821919621,5250970.607153502,-88530.85432329334,52.87289093931141,0.19479825627058744,0.05516306962817907,-0.305116381496191
2026-04-23 07:46:38.200,3509417.323537495,779158.8586765737,5250970.621584844,-88535.51210406609,52.63801571244719,0.24860444013029337,-0.23515388369560242,0.1443134155124426
2026-04-23 07:46:38.300,3509417.32485519,779158.8508586287,5250970.598857943,-88540.17160496912,52.50616379166784,0.013176947832107544,-0.0781794497743249,-0.2272690087556839
2026-04-23 07:46:38.400,3509417.2892578873,779158.8222648693,5250970.678154364,-88544.77814838865,52.40141167826954,-0.35597302485257387,-0.2859375940170139,0.7929642125964165
2026-04-23 07:46:38.500,3509417.3655214184,779158.792459749,5250970.656610522,-88549.41824853963,52.91183440218325,0.7626353111118078,-0.298051203135401,-0.21543841809034348
2026-04-23 07:46:38.600,3509417.3916136296,779158.767374264,5250970.6330261575,-88554.02997732257,52.902484962239555,0.2609221125021577,-0.2508548507466912,-0.23584364913403988
2026-04-23 07:46:38.700,3509417.3202601396,779158.7939784162,5250970.606086091,-88558.7483430628,53.19037097880789,-0.7135348999872804,0.2660415228456259,-0.2694006636738777
2026-04-23 07:46:38.800,3509417.304326942,779158.7527298961,5250970.555398363,-88563.42279808145,53.36073153249782,-0.1593319745734334,-0.4124852013774216,-0.5068772844970226
2026-04-23 07:46:38.900,3509417.280003792,779158.7523342839,5250970.447522276,-88568.11798107406,53.28058059399391,-0.24323150049895048,-0.003956122091040015,-1.0787608660757542
2026-04-23 07:46:39.000,3509417.2672115215,779158.7468313958,5250970.4800705565,-88572.72569151377,53.07372840750743,-0.12792270630598068,-0.05502888117916882,0.3254828043282032
2026-04-23 07:46:39.100,3509417.2866018224,779158.7548780387,5250970.473639189,-88577.37831246066,52.91587265778729,0.1939030084758997,0.08046642877161503,-0.06431367248296738
2026-04-23 07:46:39.200,3509417.308380316,779158.7557125862,5250970.421841727,-88582.03830355678,53.10199975754633,0.21778493653982878,0.00834547565318644,-0.5179746262729168
2026-04-23 07:46:39.300,3509417.3665366117,779158.7455685677,5250970.398485649,-88586.65837985635,52.919734517767054,0.5815629567950964,-0.10144018568098545,-0.23356077261269093
2026-04-23 07:46:39.400,3509417.3286380023,779158.6988939693,5250970.428537825,-88591.2697954756,52.55275361471579,-0.37898609414696693,-0.46674598357640207,0.30052175745368004
2026-04-23 07:46:39.500,3509417.3496827018,779158.675378693,5250970.443674037,-88595.87292736936,52.43290382224035,0.21044699475169182,-0.23515276261605322,0.1513621211051941
2026-04-23 07:46:39.600,3509417.3078198917,779158.7135798781,5250970.4342199955,-88600.52708407152,52.39241239230593,-0.41862810030579567,0.3820118505973369,-0.09454041719436646
2026-04-23 07:46:39.700,3509417.3189237406,779158.7150725324,5250970.5127876,-88605.11286248043,52.342214374019726,0.11103848926723003,0.014926543226465583,0.7856760453432798
2026-04-23 07:46:39.800,3509417.2566524865,779158.7016464507,5250970.640140314,-88609.72944428561,52.03206355524314,-0.6227125413715839,-0.13426081743091345,1.2735271360725164
2026-04-23 07:46:39.900,3509417.2259673793,779158.7170074066,5250970.69778209,-88614.34384131624,52.470409765386,-0.30685107223689556,0.1536095596384257,0.57641776278615
2026-04-23 07:46:40.000,3509417.243720657,779158.7314216786,5250970.697848471,-88618.99319772965,52.389337391434665,0.17753277905285358,0.1441427192185074,0.0006638094782829285
2026-04-23 07:46:40.100,3509417.270707031,779158.7287778965,5250970.788539026,-88623.53791734326,51.69323814420882,0.269863735884428,-0.026437820633873343,0.9069055505096912
2026-04-23 07:46:40.200,3509417.280006967,779158.7467787187,5250970.625196186,-88628.24317732712,52.10409594390401,0.0929993623867631,0.18000822165049613,-1.6334284003823996
2026-04-23 07:46:40.300,3509417.2723358264,779158.7379756456,5250970.51597087,-88632.9839201088,52.15970117319081,-0.07671140599995852,-0.08803073083981872,-1.0922531597316265
2026-04-23 07:46:40.400,3509417.3503577053,779158.7155242695,5250970.584936737,-88637.59224588356,52.34370856828697,0.7802187884226441,-0.2245137607678771,0.6896586716175079
2026-04-23 07:46:40.500,3509417.334164867,779158.7089592243,5250970.632485358,-88642.21250721625,52.86159938640729,-0.16192838083952665,-0.0656504521612078,0.475486209616065
2026-04-23 07:46:40.600,3509417.292557784,779158.7633523876,5250970.603587246,-88646.89601317007,52.621557340937976,-0.41607083287090063,0.5439316330011934,-0.2889811247587204
2026-04-23 07:46:40.700,3509417.2452541683,779158.7573252323,5250970.467941162,-88651.61748741797,52.945930044612666,-0.4730361560359597,-0.060271553229540586,-1.3564608339220285
2026-04-23 07:46:40.800,3509417.3045414677,779158.7164333414,5250970.565204321,-88656.1651116273,52.52815056084239,0.5928729940205812,-0.4089189087972045,0.9726315923035145
2026-04-23 07:46:40.900,3509417.3675094084,779158.6609407953,5250970.581768353,-88660.73313022635,52.36188155928797,0.6296794069930911,-0.5549254606012255,0.1656403113156557
2026-04-23 07:46:41.000,3509417.2586269584,779158.713753769,5250970.555475683,-88665.46030738736,52.37636929357167,-1.0888245003297925,0.5281297373585403,-0.2629266958683729
2026-04-23 07:46:41.100,3509417.2128979363,779158.747691454,5250970.534319016,-88670.14712574436,52.701814790733025,-0.4572902200743556,0.33937684958800673,-0.21156666800379753
2026-04-23 07:46:41.200,3509417.1558387266,779158.7340518568,5250970.415529966,-88674.92236062135,52.826400175871605,-0.5705920979380608,-0.13639597222208977,-1.1878904979676008
2026-04-23 07:46:41.300,3509417.302523686,779158.6790051158,5250970.348380508,-88679.52853863816,52.23310248407421,1.4668495953083038,-0.550467410357669,-0.671494584530592
2026-04-23 07:46:41.400,3509417.2037923746,779158.7128081731,5250970.3475184655,-88684.21509994776,52.480035528313294,-0.9873131150379777,0.3380305739119649,-0.008620424196124077
2026-04-23 07:46:41.500,3509417.2309821085,779158.753378188,5250970.45559705,-88688.81436915555,52.192541372041546,0.27189733926206827,0.4057001485489309,1.0807858407497406
2026-04-23 07:46:41.600,3509417.2037696377,779158.7289479839,5250970.47731572,-88693.4388842746,51.85475327199348,-0.272124707698822,-0.24430204066447914,0.2171867061406374
2026-04-23 07:46:41.700,3509417.193054763,779158.7174062902,5250970.435928782,-88698.09376357452,51.88575590578049,-0.10714874602854252,-0.11541693704202771,-0.41386937722563744
2026-04-23 07:46:41.800,3509417.2287240736,779158.6783197377,5250970.426769413,-88702.7438053147,51.62070485272689,0.35669310484081507,-0.39086552569642663,-0.09159369394183159
2026-04-23 07:46:41.900,3509417.194065854,779158.6771767974,5250970.303769981,-88707.47873851968,51.89201064888484,-0.34658219665288925,-0.011429402511566877,-1.2299943249672651
2026-04-23 07:46:42.000,3509417.1847122484,779158.6988027835,5250970.327038834,-88712.1394591367,51.78757718822461,-0.09353605564683676,0.21625986089929938,0.23268853314220905
2026-04-23 07:46:42.100,3509417.1209286232,779158.7078928039,5250970.277441299,-88716.82826632311,51.75815317503034,-0.6378362514078617,0.09090020437724888,-0.4959753528237343
2026-04-23 07:46:42.200,3509417.131217148,779158.729028461,5250970.272015756,-88721.48789233963,51.40430533222546,0.10288524907082319,0.21135657094419003,-0.05425542593002319
2026-04-23 07:46:42.300,3509417.404225313,779158.5874051925,5250970.297570834,-88725.93087816222,42.908668299454526,2.7300816494971514,-1.416232684860006,0.255550779402256
2026-04-23 07:46:42.400,3509417.424466985,779158.5882588726,5250970.3016040865,-88730.5932717794,43.21487481080024,0.20241671707481146,0.008536800742149353,0.040332525968551636
2026-04-23 07:46:42.500,3509417.4440902947,779158.5914142696,5250970.2974354355,-88735.26629237132,42.985030440512396,0.19623309839516878,0.03155397018417716,-0.04168651066720486
2026-04-23 07:46:42.600,3509417.40119428,779158.6496657897,5250970.293204082,-88739.95371547528,43.21339275763546,-0.42896014638245106,0.5825152003671974,-0.042313532903790474
2026-04-23 07:46:42.700,3509417.4014827223,779158.6524413531,5250970.115021136,-88744.71383373196,43.3471327917518,0.002884422428905964,0.027755633927881718,-1.7818294651806355
2026-04-23 07:46:42.800,3509417.3765728837,779158.6436726823,5250970.084165307,-88749.3927988561,43.48400304210522,-0.24909838568419218,-0.08768670726567507,-0.30855828896164894
2026-04-23 07:46:42.900,3509417.2882785653,779158.6515771062,5250970.003221599,-88754.14137318665,43.554534507847215,-0.8829431841149926,0.07904423866420984,-0.8094370737671852
2026-04-23 07:46:43.000,3509417.265227888,779158.6617133786,5250970.05879803,-88758.76909729224,43.40814909277122,-0.23050677496939898,0.10136272408999503,0.5557643063366413
2026-04-23 07:46:43.100,3509417.22845608,779158.6773904325,5250970.043766288,-88763.4343795134,43.3085761117049,-0.36771807819604874,0.15677053830586374,-0.15031741932034492
2026-04-23 07:46:43.200,3509417.235266649,779158.6889322726,5250969.9869475225,-88768.11963284873,43.034140406598624,0.06810569204390049,0.1154184015467763,-0.5681876558810472
2026-04-23 07:46:43.300,3509417.2838337985,779158.6570037117,5250970.063036606,-88772.7237643623,42.82993071031448,0.48567149322479963,-0.31928560929372907,0.7608908321708441
2026-04-23 07:46:43.400,3509417.3267844436,779158.6741704076,5250970.163677631,-88777.31550010607,42.760961511071635,0.42950645089149475,0.1716669590678066,1.006410252302885
2026-04-23 07:46:43.500,3509417.3199613253,779158.6625182169,5250970.178883066,-88781.97122343634,42.49539529885286,-0.06823118310421705,-0.11652190703898668,0.15205435454845428
2026-04-23 07:46:43.600,3509417.209885446,779158.707638821,5250970.157791692,-88786.67833399413,42.07934374829083,-1.1007587937638164,0.45120604103431106,-0.21091374568641186
2026-04-23 07:46:43.700,3509417.2306150845,779158.7333796625,5250970.256002533,-88791.28210272794,42.23404852470687,0.20729638636112213,0.25740841520018876,0.9821084141731262
2026-04-23 07:46:43.800,3509417.194711109,779158.8008990765,5250970.346215483,-88795.9191420809,42.12621620711784,-0.3590397536754608,0.6751941400580108,0.9021294955164194
2026-04-23 07:46:43.900,3509417.1692778636,779158.8168058931,5250970.347522979,-88800.59585520485,42.035725941222445,-0.25433245580643415,0.15906816581264138,0.013074958696961403
2026-04-23 07:46:44.000,3509417.6428048452,779158.5577756712,5250970.24402265,-88805.00081792317,42.080636719172766,4.735269816592336,-2.5903022184502333,-1.0350032895803452
2026-04-23 07:46:44.100,3509417.5738912118,779158.6057423934,5250970.15050391,-88809.7499319549,42.01959790191561,-0.689136334694922,0.4796672216616571,-0.9351873956620693
2026-04-23 07:46:44.200,3509417.612450723,779158.5630057642,5250970.161322996,-88814.39030220167,41.69303811694987,0.3855951130390167,-0.4273662925697863,0.10819085873663425
2026-04-23 07:46:44.300,3509417.5996887446,779158.5572017982,5250970.059220309,-88819.1047386927,41.66786665911764,-0.12761978432536125,-0.05803965963423252,-1.0210268665105104
2026-04-23 07:46:44.400,3509417.484766338,779158.6019834075,5250970.057934065,-88823.83380847593,41.550256039391925,-1.1492240661755204,0.44781609321944416,-0.012862440198659897
2026-04-23 07:46:44.500,3509417.4595705797,779158.65783883,5250970.226842493,-88828.40925903564,41.20582205191911,-0.2519575832411647,0.5585542251355946,1.6890842746943235
2026-04-23 07:46:44.600,3509417.425947668,779158.6675675962,5250970.331221942,-88832.99800370012,41.09849136688682,-0.3362291166558862,0.09728766162879765,1.0437944903969765
2026-04-23 07:46:44.700,3509417.4031731053,779158.6114940497,5250970.466722245,-88837.55985468236,41.0194200155324,-0.227745627053082,-0.5607354652602226,1.355003034695983
2026-04-23 07:46:44.800,3509417.359469631,779158.6408615874,5250970.621364252,-88842.17150619945,40.9383630918146,-0.4370347410440445,0.2936753770336509,1.5464200638234615
2026-04-23 07:46:44.900,3509417.311314992,779158.6463371842,5250970.639196665,-88846.85612097409,40.92506654006291,-0.48154639080166817,0.05475596874020994,0.1783241331577301
2026-04-23 07:46:45.000,3509417.305168683,779158.6512487853,5250970.680466129,-88851.48641955422,40.9339077015234,-0.061463089659810066,0.049116010777652264,0.41269464418292046
2026-04-23 07:46:45.100,3509417.295032084,779158.6819448904,5250970.824999872,-88856.05535200554,40.396420384272865,-0.10136599186807871,0.3069610509555787,1.4453374221920967
2026-04-23 07:46:45.200,3509417.30437598,779158.6790554061,5250970.9324663915,-88860.6556942323,40.280076834285765,0.09343896061182022,-0.02889484283514321,1.0746651981025934
2026-04-23 07:46:45.300,3509417.230703097,779158.6623080883,5250970.986325496,-88865.34843765541,40.3446638276423,-0.7367288321256638,-0.16747317858971655,0.538591044023633
2026-04-23 07:46:45.400,3509417.2775818617,779158.7167258493,5250971.140030325,-88869.90348639252,40.497224350031054,0.46878764871507883,0.5441776104271412,1.5370482951402664
2026-04-23 07:46:45.500,3509417.269687359,779158.7071498757,5250971.13185089,-88874.57512986436,40.185970637306255,-0.07894502487033606,-0.09575973614118993,-0.08179435506463051
2026-04-23 07:46:45.600,3509417.3451028387,779158.6575211139,5250971.071499228,-88879.24050380212,40.475548411934135,0.7541547948494554,-0.49628761829808354,-0.6035166233778
2026-04-23 07:46:45.700,3509417.337169105,779158.6511977437,5250970.993615394,-88883.94032842835,40.865158913172884,-0.07933733519166708,-0.06323370151221752,-0.7788383308798075
2026-04-23 07:46:45.800,3509417.360060049,779158.7225722906,5250971.083738652,-88888.55824470508,40.614868267721214,0.2289094403386116,0.7137454685289413,0.9012325759977102
2026-04-23 07:46:45.900,3509417.385369088,779158.7326167404,5250971.128928032,-88893.18178284288,40.38213916622474,0.2530903881415725,0.10044449823908508,0.4518937971442938
2026-04-23 07:46:46.000,3509417.3132278468,779158.7300126049,5250971.001141399,-88897.97589484473,40.507112412845885,-0.7214124128222466,-0.026041355449706316,-1.2778663262724876
2026-04-23 07:46:46.100,3509417.3197290567,779158.7243653914,5250970.971331377,-88902.66122381066,40.39148566363645,0.06501209922134876,-0.05647213431075215,-0.29810022562742233
2026-04-23 07:46:46.200,3509417.3597093876,779158.7227358822,5250971.180539479,-88907.18074622743,40.029437314439384,0.3998033097013831,-0.016295092646032572,2.09208101965487
2026-04-23 07:46:46.300,3509417.353947978,779158.7186609815,5250971.2466656715,-88911.79393420357,40.09908178979326,-0.05761409644037485,-0.04074900643900037,0.6612619291990995
2026-04-23 07:46:46.400,3509417.30295546,779158.6867917471,5250971.200287903,-88916.51108073353,40.01649855249178,-0.5099251819774508,-0.3186923440080136,-0.46377768740057945
2026-04-23 07:46:46.500,3509417.239971178,779158.7244329639,5250971.16224726,-88921.21871013149,39.857720475785904,-0.6298428168520331,0.37641216767951846,-0.38040642626583576
2026-04-23 07:46:46.600,3509417.1740145623,779158.702693889,5250970.939076332,-88926.0252288957,39.96997602851858,-0.6595661584287882,-0.21739074843935668,-2.2317092772573233
2026-04-23 07:46:46.700,3509417.1289378502,779158.7066721922,5250970.919390839,-88930.72262215175,39.71542659728643,-0.45076712034642696,0.039783031679689884,-0.19685493782162666
2026-04-23 07:46:46.800,3509417.1152867433,779158.7179748788,5250971.1691794805,-88935.22416473815,39.219753192793895,-0.13651106972247362,0.11302686645649374,2.4978864192962646
2026-04-23 07:46:46.900,3509417.112466116,779158.7494103585,5250971.5014905725,-88939.68118529163,38.778460333048784,-0.02820627298206091,0.3143547964282334,3.323110919445753
2026-04-23 07:46:47.000,3509417.1287973127,779158.7629726742,5250971.735079466,-88944.20362492108,38.42147356726479,0.16331196762621403,0.1356231572572142,2.3358889389783144
2026-04-23 07:46:47.100,3509417.142881861,779158.7719758969,5250971.718100244,-88948.8719201963,38.64956510733565,0.14084548223763704,0.0900322268716991,-0.16979222185909748
2026-04-23 07:46:47.200,3509417.101476128,779158.7741881596,5250971.6312356135,-88953.60111967247,38.87461198274698,-0.4140573274344206,0.02212262712419033,-0.8686463069170713
2026-04-23 07:46:47.300,3509417.2053966178,779158.746584512,5250971.786113997,-88958.09740402718,38.7223690630997,1.0392048954963684,-0.2760364767163992,1.5487838350236416
2026-04-23 07:46:47.400,3509417.2330344343,779158.7068768952,5250971.751901013,-88962.75648088403,39.12217193902021,0.276378164999187,-0.397076167864725,-0.3421298414468765
2026-04-23 07:46:47.500,3509417.275613128,779158.6499103061,5250971.711869018,-88967.41545698304,38.800152276407225,0.4257869394496083,-0.5696658906526864,-0.40031994692981243
2026-04-23 07:46:47.600,3509417.223384309,779158.6313998989,5250971.707347957,-88972.08038045069,39.13466072901103,-0.5222881911322474,-0.18510407186113298,-0.04521060734987259
2026-04-23 07:46:47.700,3509417.1456895494,779158.6626119725,5250971.698228725,-88976.80932304886,39.47653224605469,-0.7769475970417261,0.3121207363437861,-0.09119232185184956
2026-04-23 07:46:47.800,3509417.1212411467,779158.6891487079,5250971.718015999,-88981.45470851849,39.59333628979265,-0.2444840269163251,0.26536735356785357,0.1978727336972952
2026-04-23 07:46:47.900,3509417.0879122997,779158.6687305294,5250971.8042884935,-88986.0780195771,39.53518254059039,-0.3332884702831507,-0.20418178522959352,0.8627249486744404
2026-04-23 07:46:48.000,3509417.1219746806,779158.6425600286,5250971.814669888,-88990.72615356931,39.422597608815686,0.3406238090246916,-0.26170500786975026,0.10381394065916538
2026-04-23 07:46:48.100,3509417.154486068,779158.6879022352,5250971.877513933,-88995.36616368557,39.56991367629755,0.3251138748601079,0.4534220660571009,0.6284404546022415
2026-04-23 07:46:48.200,3509417.101214967,779158.7249394361,5250971.701326475,-89000.17515617519,39.853298950627256,-0.5327110085636377,0.37037200876511633,-1.76187458448112
2026-04-23 07:46:48.300,3509417.1448005587,779158.6817738172,5250971.506664115,-89004.90580772134,39.55612182728628,0.4358559148386121,-0.43165618903003633,-1.946623595431447
2026-04-23 07:46:48.400,3509417.1042786413,779158.7376526803,5250971.346688022,-89009.71994230873,40.122853581984295,-0.40521917399019003,0.5587886308785528,-1.5997609309852123
2026-04-23 07:46:48.500,3509417.0815081494,779158.7215236648,5250971.436272634,-89014.34989490036,39.69235090038469,-0.22770491894334555,-0.1612901547923684,0.8958461228758097
2026-04-23 07:46:48.600,3509417.1324783787,779158.7323392341,5250971.475970668,-89018.98497764237,39.84371867149045,0.509702293202281,0.10815569316036999,0.3969803359359503
2026-04-23 07:46:48.700,3509417.1136430143,779158.7294271383,5250971.661827454,-89023.56997467237,39.85722362840453,-0.18835364375263453,-0.029120957478880882,1.8585678655654192
2026-04-23 07:46:48.800,3509417.094707513,779158.7132042157,5250971.745635524,-89028.18988997022,39.99247518303049,-0.18935501109808683,-0.1622292259708047,0.8380807004868984
2026-04-23 07:46:48.900,3509417.152927352,779158.710840059,5250971.866097643,-89032.73784120913,39.507557584720836,0.5821983888745308,-0.023641567677259445,1.204621186479926
2026-04-23 07:46:49.000,3509417.109657127,779158.7882128793,5250971.761826668,-89037.49608434568,39.684392757128364,-0.43270225170999765,0.7737282034941018,-1.0427097510546446
2026-04-23 07:46:49.100,3509417.1294399602,779158.8134867643,5250971.739156347,-89042.18075367458,39.859651188839855,0.1978283328935504,0.2527388499584049,-0.2267032116651535
2026-04-23 07:46:49.200,3509417.11448593,779158.8549372745,5250971.841143156,-89046.78409541969,40.01576084951862,-0.1495403004810214,0.4145051015075296,1.0198680963367224
2026-04-23 07:46:49.300,3509416.495143084,779158.9580573678,5250975.104122334,-89049.6886692586,45.81942630427686,-6.193428463302553,1.031200933502987,32.62979177758098
2026-04-23 07:46:49.400,3509416.503066429,779158.951867979,5250975.114797438,-89054.34783845396,45.833873315921224,0.0792334508150816,-0.06189388805069029,0.10675103403627872
2026-04-23 07:46:49.500,3509416.4951655804,779158.9877379707,5250975.304805427,-89058.91496355584,45.425079550603115,-0.07900848519057035,0.35869991639629006,1.9000798929482698
2026-04-23 07:46:49.600,3509416.4925107313,779158.9608289037,5250975.28140737,-89063.56988014186,45.60014232826264,-0.02654849085956812,-0.2690906694624573,-0.23398056626319885
2026-04-23 07:46:49.700,3509416.457295218,779158.9653890107,5250975.343130382,-89068.2638586825,46.026730865896425,-0.35215513315051794,0.04560107016004622,0.6172301154583693
2026-04-23 07:46:49.800,3509416.4241057127,779158.9418527875,5250975.361189123,-89072.94819823964,45.72854188421065,-0.33189505338668823,-0.23536223219707608,0.18058741465210915
2026-04-23 07:46:49.900,3509416.4540187656,779158.9813352682,5250975.462354981,-89077.55725912162,45.37879580641349,0.29913052916526794,0.39482480729930103,1.0116585809737444
2026-04-23 07:46:50.000,3509416.3821868664,779159.0190481837,5250975.342435119,-89082.31997081001,45.37676793495088,-0.7183189922943711,0.3771291545126587,-1.1991986259818077
2026-04-23 07:46:50.100,3509416.320870993,779159.0090668862,5250975.439987236,-89086.95753237764,45.25976882793482,-0.6131587317213416,-0.09981297538615763,0.9755211696028709
2026-04-23 07:46:50.200,3509416.3823653543,779158.9958125346,5250975.3804214755,-89091.65548835062,45.28846295310815,0.6149436114355922,-0.1325435156468302,-0.5956576019525528
2026-04-23 07:46:50.300,3509416.393065318,779158.9850292886,5250975.407466817,-89096.29787377143,44.695914083073234,0.10699963662773371,-0.10783246019855142,0.27045341208577156
2026-04-23 07:46:50.400,3509416.4077795576,779159.035218323,5250975.34737497,-89100.99468203644,44.805481648066255,0.1471423963084817,0.5018903443124145,-0.6009184662252665
2026-04-23 07:46:50.500,3509416.4093319117,779159.0580570579,5250975.506202281,-89105.62111319185,44.12647543355716,0.015523540787398815,0.2283873490523547,1.5882731135934591
2026-04-23 07:46:50.600,3509416.40184294,779159.0488985099,5250975.460715602,-89110.31977887363,44.14465100466389,-0.07488971576094627,-0.09158547967672348,-0.45486679300665855
2026-04-23 07:46:50.700,3509416.510537708,779159.1621986112,5250975.665584304,-89114.82032307747,43.989713305862395,1.086947680450976,1.1330010124947876,2.048687022179365
2026-04-23 07:46:50.800,3509416.536078537,779159.1030527122,5250975.577266883,-89119.51792870172,43.68949280746389,0.25540828704833984,-0.5914589902386069,-0.8831742126494646
2026-04-23 07:46:50.900,3509416.4574394743,779159.0288546522,5250975.313873898,-89124.39347507582,43.35596553777496,-0.7863906258717179,-0.7419805997051299,-2.6339298486709595
2026-04-23 07:46:51.000,3509416.395777549,779159.072236777,5250975.405215843,-89129.06167658298,43.21596504842441,-0.6166192516684532,0.43382124858908355,0.9134194441139698
2026-04-23 07:46:51.100,3509416.403281202,779159.0698866058,5250975.495830652,-89133.67441456317,43.15823539669329,0.07503652945160866,-0.023501712130382657,0.9061480965465307
2026-04-23 07:46:51.200,3509416.4485846437,779159.0438964376,5250975.5267093945,-89138.29712306772,42.5032759067043,0.4530344158411026,-0.2599016821477562,0.3087874222546816
2026-04-23 07:46:51.300,3509416.4137777714,779158.9897039148,5250975.338455714,-89143.1118151497,42.328258301297225,-0.3480687225237489,-0.5419252277351916,-1.8825368024408817
2026-04-23 07:46:51.400,3509416.264801458,779159.0306118443,5250975.444551598,-89147.83228699538,42.30441554027571,-1.4897631341591477,0.40907929418608546,1.0609588399529457
2026-04-23 07:46:51.500,3509416.280414201,779158.9981899494,5250975.580360779,-89152.42053239173,42.157395483023315,0.15612742863595486,-0.3242189483717084,1.3580918032675982
2026-04-23 07:46:51.600,3509416.241538763,779158.9804035785,5250975.449673621,-89157.1806428273,42.24202536409288,-0.38875437807291746,-0.17786370939575136,-1.3068715762346983
2026-04-23 07:46:51.700,3509416.2237005145,779159.0035773499,5250975.428388668,-89161.88266525403,42.42554693143373,-0.17838248517364264,0.23173771449364722,-0.21284952759742737
2026-04-23 07:46:51.800,3509416.2500843043,779158.9900555873,5250975.426151019,-89166.50496399669,41.98101167914538,0.26383789721876383,-0.1352176268119365,-0.022376496344804764
2026-04-23 07:46:51.900,3509416.179012378,779159.0118282819,5250975.43446204,-89171.21492240959,41.87250403769754,-0.7107192603871226,0.21772694657556713,0.08311021141707897
2026-04-23 07:46:52.000,3509416.107478167,779159.068666416,5250975.437165095,-89175.9238800576,41.81480150607501,-0.7153421128168702,0.5683813407085836,0.027030548080801964
2026-04-23 07:46:52.100,3509416.0930533092,779158.9796760223,5250975.390201582,-89180.61814760318,42.335249606810216,-0.14424857683479786,-0.8899039367679507,-0.46963512897491455
2026-04-23 07:46:52.200,3509416.1415727227,779158.9836771063,5250975.37973052,-89185.27349841209,41.9260789864639,0.4851941345259547,0.04001084016636014,-0.10471061803400517
2026-04-23 07:46:52.300,3509416.2453805148,779158.9361610783,5250975.238454364,-89189.96976800585,42.21774884294386,1.0380779206752777,-0.47516028047539294,-1.4127615559846163
2026-04-23 07:46:52.400,3509416.192246508,779158.9553367426,5250975.394051128,-89194.57689399646,41.98023563412161,-0.5313400691375136,0.19175664288923144,1.5559676382690668
2026-04-23 07:46:52.500,3509416.1196438423,779158.9649514694,5250975.48222373,-89199.23482907035,42.10291006293575,-0.7260266551747918,0.09614726877771318,0.8817260153591633
2026-04-23 07:46:52.600,3509416.117173042,779158.9214945085,5250975.555306732,-89203.86288163903,41.84786123570082,-0.024708001874387264,-0.43456960935145617,0.7308300212025642
2026-04-23 07:46:52.700,3509416.044331299,779158.9668052454,5250975.55453987,-89208.56380386355,42.20355988459467,-0.7284174300730228,0.45310736866667867,-0.007668621838092804
2026-04-23 07:46:52.800,3509416.051421536,779159.018811482,5250975.61952334,-89213.17186149192,42.167982192893426,0.07090236991643906,0.5200623662676662,0.6498347036540508
2026-04-23 07:46:52.900,3509416.0466015255,779159.0114666794,5250975.565079861,-89217.86554077301,41.995286904186806,-0.048200106248259544,-0.07344802608713508,-0.5444347858428955
2026-04-23 07:46:53.000,3509415.9629636873,779159.0195406277,5250975.458529601,-89222.6353661954,41.73788517953752,-0.8363783825188875,0.08073948323726654,-1.065502604469657
2026-04-23 07:46:53.100,3509415.9543198016,779159.0111537057,5250975.430644521,-89227.32611880347,41.89139945035687,-0.08643885608762503,-0.0838692206889391,-0.2788508031517267
2026-04-23 07:46:53.200,3509416.0337610003,779158.9788192697,5250975.653155864,-89231.81291082028,41.866150731844286,0.7944119861349463,-0.32334435964003205,2.2251134365797043
2026-04-23 07:46:53.300,3509416.1322227945,779158.9742423783,5250975.721822215,-89236.3726016303,41.51550328615852,0.9846179420128465,-0.04576891427859664,0.6866635102778673
2026-04-23 07:46:53.400,3509416.0632232856,779159.0047817474,5250975.731454634,-89241.08132111633,41.66916611957241,-0.6899950886145234,0.3053936909418553,0.09632418863475323
2026-04-23 07:46:53.500,3509416.0214334712,779159.0801749076,5250975.70672831,-89245.80187105351,42.087508767942225,-0.4178981436416507,0.7539316022302955,-0.24726323783397675
2026-04-23 07:46:53.600,3509415.999400016,779159.0652360462,5250975.78273708,-89250.41053292608,42.289734376400254,-0.22033455315977335,-0.14938861364498734,0.7600876968353987
2026-04-23 07:46:53.700,3509416.0140035446,779159.087010734,5250975.96395504,-89254.97467861578,42.43097582682767,0.14603528659790754,0.21774687804281712,1.8121796008199453
2026-04-23 07:46:53.800,3509416.0702181603,779159.0750673339,5250975.9360856805,-89259.6321480561,42.177988559975134,0.5621461570262909,-0.11943400138989091,-0.27869359590113163
2026-04-23 07:46:53.900,3509417.099816566,779158.8860650698,5250971.3538502315,-89266.68689413513,39.13337341406385,10.29598405584693,-1.890022640582174,-45.822354489937425
2026-04-23 07:46:54.000,3509417.0680610007,779158.8713800948,5250971.195796671,-89271.4605239444,38.99459004627861,-0.31755565200001,-0.14684975030831993,-1.580535601824522
2026-04-23 07:46:54.100,3509417.0329419267,779158.8833811046,5250971.08403738,-89276.2277109249,39.14713922228521,-0.35119073931127787,0.12001009774394333,-1.1175929103046656
2026-04-23 07:46:54.200,3509416.9799909494,779158.9508781111,5250971.131466834,-89280.93309185146,39.044665669603596,-0.529509773477912,0.6749700650107116,0.4742945358157158
2026-04-23 07:46:54.300,3509416.9911738983,779158.9609491503,5250971.339592834,-89285.4900254655,38.75572598629261,0.1118294894695282,0.10071039199829102,2.0812600012868643
2026-04-23 07:46:54.400,3509416.9766646693,779158.993801571,5250971.4219993865,-89290.14308253188,38.87756202064707,-0.14509228989481926,0.3285242069978267,0.824065525084734
2026-04-23 07:46:54.500,3509416.992442339,779158.9877316531,5250971.571165273,-89294.73488973203,38.83037001719064,0.15777669847011566,-0.06069917813874781,1.491658864542842
2026-04-23 07:46:54.600,3509416.899216202,779159.0568087472,5250971.571540874,-89299.4748201676,38.88362024746077,-0.9322613710537553,0.6907709408551455,0.0037560146301984787
2026-04-23 07:46:54.700,3509417.0086673265,779159.0854383268,5250971.531785365,-89304.14589129307,39.273534319160674,1.0945112444460392,0.28629579581320286,-0.3975550923496485
2026-04-23 07:46:54.800,3509416.9480695114,779159.0709053682,5250971.563030085,-89308.78922714382,39.2022901972744,-0.6059781508520246,-0.1453295862302184,0.3124471940100193
2026-04-23 07:46:54.900,3509416.9460982145,779159.068931206,5250971.558885208,-89313.42899360212,39.13495701943998,-0.019712969660758972,-0.019741621799767017,-0.04144876264035702
2026-04-23 07:46:55.000,3509416.9987081117,779159.0557636638,5250971.512525096,-89318.10417486701,39.45748797367377,0.5260989721864462,-0.13167542172595859,-0.46360112726688385
2026-04-23 07:46:55.100,3509417.06712549,779159.0609904362,5250971.61066125,-89322.69892059147,39.44340549390208,0.6841737823560834,0.05226772394962609,0.9813615400344133
2026-04-23 07:46:55.200,3509417.1302581066,779159.0521973841,5250971.573557597,-89327.36141370737,39.42020510734693,0.6313261669129133,-0.08793052169494331,-0.3710365295410156
2026-04-23 07:46:55.300,3509417.167470913,779159.0409551478,5250971.583765931,-89332.00316624262,39.80889688677437,0.37212806288152933,-0.1124223624356091,0.10208334773778915
2026-04-23 07:46:55.400,3509417.234017329,779158.9960287346,5250971.587036611,-89336.59120671594,39.829024391893526,0.6654641591012478,-0.4492641321849078,0.032706791535019875
2026-04-23 07:46:55.500,3509417.2716658823,779158.9402310811,5250971.406441121,-89341.34472128192,39.974024244264854,0.37648553494364023,-0.5579765350557864,-1.8059548921883106
2026-04-23 07:46:55.600,3509417.3386935955,779158.9531489238,5250971.454286482,-89345.96298429594,40.07582258722153,0.6702771317213774,0.12917842715978622,0.47845360822975636
2026-04-23 07:46:55.700,3509417.3142005247,779158.9767657524,5250971.321000515,-89350.73791269718,40.4691365973289,-0.24493070784956217,0.2361682860646397,-1.3328596763312817
2026-04-23 07:46:55.800,3509417.275750789,779158.9675113246,5250971.192186602,-89355.48732441936,40.47042621118697,-0.3844973584637046,-0.09254427859559655,-1.288139121606946
2026-04-23 07:46:55.900,3509417.198386185,779158.9888365316,5250971.315560183,-89360.10123295987,41.036282155005374,-0.7736460398882627,0.21325207082554698,1.2337358016520739
2026-04-23 07:46:56.000,3509417.225751173,779159.0337036599,5250971.2235425385,-89364.79976465015,41.77539258432541,0.2736498834565282,0.44867128250189126,-0.9201764408499002
2026-04-23 07:46:56.100,3509417.2248638836,779159.0603693441,5250971.202351934,-89369.46866871713,41.999406740215896,-0.008872896432876587,0.26665684184990823,-0.2119060419499874
2026-04-23 07:46:56.200,3509417.269263772,779159.0178218063,5250971.294565206,-89374.04876398997,43.00039700146318,0.4439988825470209,-0.4254753782879561,0.922132721170783
2026-04-23 07:46:56.300,3509417.2119217427,779158.9724981029,5250971.332572347,-89378.70890943645,43.65498615144039,-0.5734202917665243,-0.4532370332162827,0.38007140159606934
2026-04-23 07:46:56.400,3509417.216741001,779158.9704656155,5250971.164856655,-89383.46722228042,43.002143923236105,0.04819258116185665,-0.020324874203652143,-1.6771569196134806
2026-04-23 07:46:56.500,3509417.234921053,779159.0123585955,5250971.20999491,-89388.0914928086,43.071771477304566,0.18180052284151316,0.4189297999255359,0.45138255693018436
2026-04-23 07:46:56.600,3509417.210093979,779159.0322769263,5250971.185854814,-89392.81820385485,43.43739011870457,-0.24827074259519577,0.19918330828659236,-0.2414009626954794
2026-04-23 07:46:56.700,3509417.1092360565,779159.0845534938,5250971.100295385,-89397.5826198988,43.29746365572115,-1.0085792234167457,0.5227656743954867,-0.8555942866951227
2026-04-23 07:46:56.800,3509417.172777147,779159.0553375204,5250971.237314996,-89402.11859349093,42.96160729456031,0.635410905815661,-0.2921597333624959,1.370196109637618
2026-04-23 07:46:56.900,3509417.161936174,779159.0339830689,5250971.252378789,-89406.77116299902,43.197378636768036,-0.10840972885489464,-0.213544515427202,0.1506379246711731
2026-04-23 07:46:57.000,3509417.0693115313,779159.0285756417,5250971.148727116,-89411.55521169286,43.8327551699858,-0.9262464288622141,-0.0540742720477283,-1.0365167260169983
2026-04-23 07:46:57.100,3509416.9982553697,779159.0595981182,5250971.1309925085,-89416.26346610741,44.05175940431608,-0.7105616154149175,0.31022476498037577,-0.17734607681632042
2026-04-23 07:46:57.200,3509417.0251034503,779159.0659881297,5250971.185655846,-89420.91701196127,43.77093489418104,0.26848080568015575,0.06390011520124972,0.5466333776712418
2026-04-23 07:46:57.300,3509416.9296124135,779159.1863317217,5250971.237135106,-89425.66067810322,43.566770389160446,-0.9549103677272797,1.2034359201788902,0.5147925950586796
2026-04-23 07:46:57.400,3509417.3164354046,779158.9806091981,5250971.273289974,-89430.05056101651,52.22623862211856,3.8682299107313156,-2.0572252362035215,0.36154868081212044
2026-04-23 07:46:57.500,3509417.2954242583,779158.9802158561,5250971.31870535,-89434.71164558851,52.30638701577423,-0.21011146251112223,-0.003933419939130545,0.4541537631303072
2026-04-23 07:46:57.600,3509417.3361225724,779158.9434010556,5250971.2858714005,-89439.35768114918,52.509872525368884,0.4069831408560276,-0.3681480046361685,-0.32833949662745
2026-04-23 07:46:57.700,3509417.3404146964,779158.95720666,5250971.232475024,-89444.02398879151,52.3087854610918,0.042921239510178566,0.13805604306980968,-0.533963767811656
2026-04-23 07:46:57.800,3509417.3743917746,779158.8937837139,5250971.230105986,-89448.64486454373,52.29065645082456,0.339770782738924,-0.6342294602654874,-0.023690378293395042
2026-04-23 07:46:57.900,3509417.4049999164,779158.8677612033,5250971.295231354,-89453.27279988477,52.09300717752749,0.3060814179480076,-0.2602251060307026,0.6512536853551865
2026-04-23 07:46:58.000,3509417.386142921,779158.8946691051,5250971.275730242,-89457.94461688648,51.50568303491982,-0.18856995273381472,0.26907901745289564,-0.19501112401485443
2026-04-23 07:46:58.100,3509417.4666095995,779158.9021084564,5250971.256757071,-89462.57838432078,51.92373575159189,0.8046667836606503,0.07439351291395724,-0.18973170779645443
2026-04-23 07:46:58.200,3509417.4434136148,779158.9068153873,5250971.104756335,-89467.342323779,52.31448348990815,-0.2319598477333784,0.04706930951215327,-1.5200073644518852
2026-04-23 07:46:58.300,3509417.409459175,779158.9353259624,5250971.184642359,-89472.01015223963,52.536811983617326,-0.3395443968474865,0.285105750663206,0.7988602388650179
2026-04-23 07:46:58.400,3509417.417506753,779158.903588633,5250971.214600609,-89476.64457607605,52.06981672197652,0.08047577925026417,-0.3173732932191342,0.29958250001072884
2026-04-23 07:46:58.500,3509417.3295388124,779158.8906720045,5250971.089187413,-89481.4072207708,52.186000336177095,-0.8796794060617685,-0.12916628504171968,-1.2541319523006678
2026-04-23 07:46:58.600,3509417.268647943,779158.9002536542,5250971.074132777,-89486.10732100102,52.37519616069932,-0.6089086923748255,0.09581649675965309,-0.15054636634886265
2026-04-23 07:46:58.700,3509417.3179303044,779158.8987052875,5250971.126168052,-89490.72921445782,52.983148998998146,0.49282361287623644,-0.015483667375519872,0.5203527491539717
2026-04-23 07:46:58.800,3509417.30544569,779158.9352719453,5250971.0780145265,-89495.4331361381,53.0105651869269,-0.1248461427167058,0.36566657829098403,-0.48153525218367577
2026-04-23 07:46:58.900,3509417.310317172,779158.9467880726,5250971.056591862,-89500.1075259044,53.18985060698348,0.04871482029557228,0.11516127269715071,-0.21422664634883404
2026-04-23 07:46:59.000,3509417.3715882245,779158.9155203106,5250971.111365206,-89504.69934843264,53.06722341590768,0.6127105234190822,-0.3126776195131242,0.5477334372699261
2026-04-23 07:46:59.100,3509417.255184545,779158.9377464108,5250971.088781584,-89509.440131414,53.28830385662061,-1.1640367936342955,0.222261002054438,-0.22583621554076672
2026-04-23 07:46:59.200,3509417.339917811,779158.8975072794,5250971.206375779,-89514.02556917725,53.03384384978184,0.8473326591774821,-0.4023913142737001,1.1759419459849596
2026-04-23 07:46:59.300,3509417.401147444,779158.8372668995,5250971.1014744695,-89518.68532640762,52.77854516828087,0.6122963270172477,-0.6024037988390774,-1.049013091251254
2026-04-23 07:46:59.400,3509417.3454102976,779158.8213406001,5250970.961843154,-89523.44859419024,53.02079578764303,-0.557371461763978,-0.15926299383863807,-1.396313151344657
2026-04-23 07:46:59.500,3509417.35811895,779158.7969295572,5250970.867361104,-89528.15657427476,53.02840577019399,0.12708652298897505,-0.24411042919382453,-0.9448205027729273
2026-04-23 07:46:59.600,3509417.330845166,779158.7496364971,5250970.617174064,-89532.96663202494,53.07450571989371,-0.27273783925920725,-0.472930601099506,-2.5018704030662775
2026-04-23 07:46:59.700,3509417.3670733823,779158.749399761,5250970.665398729,-89537.62237461083,52.64765528524049,0.36228216253221035,-0.0023673614487051964,0.48224665224552155
2026-04-23 07:46:59.800,3509417.3926193276,779158.7841669462,5250970.701937302,-89542.27757428816,53.04292377137456,0.2554594539105892,0.3476718522142619,0.3653857298195362
2026-04-23 07:46:59.900,3509417.45680378,779158.7765733248,5250970.78477313,-89546.86528352444,53.05625032463536,0.6418445240706205,-0.07593621383421123,0.8283582795411348
2026-04-23 07:47:00.000,3509417.500615792,779158.7356462781,5250970.675040167,-89551.5553808737,53.359391594566105,0.43812011834234,-0.4092704667709768,-1.097329631447792
2026-04-23 07:47:00.100,3509417.470895629,779158.7636575262,5250970.595940925,-89556.25894129834,53.108202732355586,-0.29720162972807884,0.28011248097755015,-0.7909924164414406
2026-04-23 07:47:00.200,3509417.4410882792,779158.743118691,5250970.55373912,-89560.93105051167,52.77022116314523,-0.29807349666953087,-0.20538835204206407,-0.4220180492848158
2026-04-23 07:47:00.300,3509417.6366103855,779158.6501430407,5250970.509857302,-89565.5266262089,43.94840656942181,1.9552210625261068,-0.9297565033193678,-0.43881818652153015
2026-04-23 07:47:00.400,3509417.552375832,779158.6778151486,5250970.338157179,-89570.33916813968,44.005613785380056,-0.8423455338925123,0.27672107913531363,-1.7170012276619673
2026-04-23 07:47:00.500,3509417.5094257845,779158.6529725516,5250970.29999431,-89575.03813609957,44.14372285658872,-0.4295004764571786,-0.2484259696211666,-0.38162868469953537
2026-04-23 07:47:00.600,3509417.531175001,779158.6822728761,5250970.303379865,-89579.69085696882,44.15852080579062,0.21749216597527266,0.29300324502401054,0.03385554999113083
2026-04-23 07:47:00.700,3509417.5732988357,779158.6674623071,5250970.186553627,-89584.40074167802,44.14723052139771,0.4212383460253477,-0.1481056900229305,-1.168262381106615
2026-04-23 07:47:00.800,3509417.5115774143,779158.6654125914,5250970.132705458,-89589.11664242983,43.61524863360197,-0.6172142131254077,-0.020497157238423824,-0.5384816881269217
2026-04-23 07:47:00.900,3509417.482763086,779158.6884849628,5250970.122315697,-89593.80469824796,43.48587996158634,-0.28814328368753195,0.23072371375747025,-0.10389761067926884
2026-04-23 07:47:01.000,3509417.4379540295,779158.7096507337,5250970.114172919,-89598.49026765526,43.52008131204236,-0.4480905644595623,0.21165770944207907,-0.08142778649926186
2026-04-23 07:47:01.100,3509417.4430843997,779158.7079008864,5250970.223302231,-89603.09256047675,43.46608037993729,0.05130370147526264,-0.017498473171144724,1.0912931244820356
2026-04-23 07:47:01.200,3509417.3976442628,779158.6765295605,5250970.2461384805,-89607.75570434255,43.29932415346436,-0.45440136920660734,-0.3137132595293224,0.22836249321699142
2026-04-23 07:47:01.300,3509417.383482131,779158.6738950228,5250970.2964141425,-89612.40560833519,43.21962740319742,-0.1416213158518076,-0.026345376390963793,0.5027566198259592
2026-04-23 07:47:01.400,3509417.3915592567,779158.6942093711,5250970.3711238,-89617.0648323928,43.23634903937465,0.08077125530689955,0.20314348279498518,0.7470965757966042
2026-04-23 07:47:01.500,3509417.3699420327,779158.7162714275,5250970.376391692,-89621.76041216699,43.14408070736624,-0.21617223974317312,0.22062056348659098,0.052678920328617096
2026-04-23 07:47:01.600,3509417.3814483276,779158.7147454078,5250970.388165734,-89626.40854055955,43.01127463865774,0.11506294831633568,-0.015260196523740888,0.11774041689932346
2026-04-23 07:47:01.700,3509417.3916118704,779158.7371780013,5250970.303701762,-89631.12272081865,43.24803622268635,0.10163542814552784,0.2243259351234883,-0.8446397166699171
2026-04-23 07:47:01.800,3509417.340574604,779158.7417305745,5250970.336980786,-89635.81520779888,43.34772736180844,-0.5103726638481021,0.04552573198452592,0.33279024064540863
2026-04-23 07:47:01.900,3509417.291197895,779158.764609029,5250970.382413306,-89640.4924956222,43.78634414237513,-0.49376708921045065,0.2287845453247428,0.4543252009898424
2026-04-23 07:47:02.000,3509417.278160762,779158.7996257072,5250970.412793004,-89645.15427794903,43.9703343182708,-0.13037133030593395,0.35016678157262504,0.3037969768047333
2026-04-23 07:47:02.100,3509417.272030216,779158.8182519965,5250970.4899633955,-89649.78427325988,43.735358058425625,-0.06130545865744352,0.18626289325766265,0.7717039156705141
2026-04-23 07:47:02.200,3509417.3855375787,779158.7942704546,5250970.6103239,-89654.32978256668,43.36942086516444,1.1350736254826188,-0.23981541977263987,1.2036050483584404
2026-04-23 07:47:02.300,3509417.4188982276,779158.8147186629,5250970.6662332965,-89658.95193606926,43.4617786765719,0.3336064890027046,0.20448208320885897,0.5590939614921808
2026-04-23 07:47:02.400,3509417.443711974,779158.7788450368,5250970.645053204,-89663.64330786034,43.43184457507086,0.24813746567815542,-0.35873626125976443,-0.21180092357099056
2026-04-23 07:47:02.500,3509417.4020110467,779158.7618732564,5250970.639743648,-89668.2983768056,43.5009976457364,-0.41700927540659904,-0.1697178033646196,-0.05309556610882282
2026-04-23 07:47:02.600,3509417.4406032637,779158.7456905631,5250970.699740925,-89672.94028422706,43.67966952997816,0.3859221702441573,-0.161826933035627,0.5999727733433247
2026-04-23 07:47:02.700,3509417.4347244604,779158.7747961415,5250970.726175347,-89677.62928627485,44.08091432174285,-0.058788033202290535,0.29105578432790935,0.26434422470629215
2026-04-23 07:47:02.800,3509417.3731525145,779158.8482409469,5250970.761575081,-89682.33105856918,44.16567019616503,-0.6157194590196013,0.7344480534084141,0.35399734042584896
2026-04-23 07:47:02.900,3509417.3481486244,779158.8675265771,5250970.774488541,-89687.02294020893,43.96175560102213,-0.2500389004126191,0.19285630201920867,0.12913459911942482
2026-04-23 07:47:03.000,3509417.34082261,779158.909750123,5250970.72520256,-89691.72854245653,43.84377289177828,-0.07326014339923859,0.42223545955494046,-0.49285980872809887
2026-04-23 07:47:03.100,3509417.2996148467,779158.9013100042,5250970.769472392,-89696.39100974945,43.75540356256135,-0.41207763366401196,-0.0844011886510998,0.44269831851124763
2026-04-23 07:47:03.200,3509417.3293330558,779158.8827381675,5250970.744949302,-89701.0919450631,44.20108803847796,0.2971820905804634,-0.18571836641058326,-0.24523090571165085
2026-04-23 07:47:03.300,3509417.2520254995,779158.930727714,5250970.729591074,-89705.80543513522,44.03689375354966,-0.7730755629017949,0.47989546437747777,-0.1535822730511427
2026-04-23 07:47:03.400,3509417.178771853,779158.9208461503,5250970.715473807,-89710.51930397193,44.14992404548284,-0.7325364649295807,-0.09881563717499375,-0.14117266982793808
2026-04-23 07:47:03.500,3509417.9596333085,779158.5003540498,5250970.663827171,-89714.74526493381,44.63214449674271,7.808614554814994,-4.204921004129574,-0.5164663679897785
2026-04-23 07:47:03.600,3509417.899055615,779158.4930207155,5250970.594101921,-89719.48920147087,44.33822052657619,-0.605776933953166,-0.07333334302529693,-0.6972524989396334
2026-04-23 07:47:03.700,3509417.8847542815,779158.5364439271,5250970.628528823,-89724.16142137839,43.95989219634124,-0.1430133357644081,0.4342321155127138,0.34426902420818806
2026-04-23 07:47:03.800,3509417.906827749,779158.5254649586,5250970.656269066,-89728.82301303718,43.4705729137176,0.2207346772775054,-0.10978968464769423,0.2774024289101362
2026-04-23 07:47:03.900,3509417.9254921675,779158.4940823102,5250970.659961694,-89733.46652447633,43.77067756409402,0.18664418254047632,-0.31382648390717804,0.036926278844475746
2026-04-23 07:47:04.000,3509417.912195147,779158.493170617,5250970.632813168,-89738.16730797244,43.58561314956196,-0.13297020457684994,-0.009116932051256299,-0.27148526161909103
2026-04-23 07:47:04.100,3509417.8853811636,779158.5108872151,5250970.692839801,-89742.80801226785,43.31469954352729,-0.2681398345157504,0.17716598114930093,0.6002663355320692
2026-04-23 07:47:04.200,3509417.8776124856,779158.512238319,5250970.715848933,-89747.46095182619,43.4603926750112,-0.0776867801323533,0.013511038850992918,0.23009131662547588
2026-04-23 07:47:04.300,3509417.9038349963,779158.5203161199,5250970.716682645,-89752.1278744788,43.47037060089605,0.2622251072898507,0.08077800855971873,0.008337115868926048
2026-04-23 07:47:04.400,3509417.907699535,779158.5448792748,5250970.747219985,-89756.80364286275,43.38928256230067,0.038645388558506966,0.24563154904171824,0.3053734079003334
2026-04-23 07:47:04.500,3509417.8790315506,779158.5264053718,5250970.7146995785,-89761.49272802357,43.86361450553559,-0.28667984530329704,-0.18473902950063348,-0.32520406879484653
2026-04-23 07:47:04.600,3509417.8877826096,779158.5662544011,5250970.714907667,-89766.16660617368,43.92504004927732,0.08751058951020241,0.398490292718634,0.002080881968140602
2026-04-23 07:47:04.700,3509418.0280910307,779158.5421413466,5250970.803036451,-89770.72994745102,43.692385811917,1.403084211051464,-0.24113054503686726,0.8812878467142582
2026-04-23 07:47:04.800,3509417.99345223,779158.5278721676,5250970.756874362,-89775.42545164457,44.01189902309961,-0.3463880065828562,-0.1426917896606028,-0.46162089332938194
2026-04-23 07:47:04.900,3509417.921815473,779158.5266530283,5250970.7342308285,-89780.13602491726,43.88072352541326,-0.716367568820715,-0.012191393179818988,-0.22643533535301685
2026-04-23 07:47:05.000,3509417.8705183,779158.5219814543,5250970.728472368,-89784.83805262485,44.088106614077255,-0.5129717290401459,-0.04671573988161981,-0.05758460611104965
2026-04-23 07:47:05.100,3509417.8517761636,779158.4611427595,5250970.580162145,-89789.57613180531,44.5889688561254,-0.18742136657238007,-0.6083869480062276,-1.4831022266298532
2026-04-23 07:47:05.200,3509417.8636378637,779158.4435874539,5250970.537519836,-89794.26902680653,44.69162243673001,0.11861700098961592,-0.1755530561786145,-0.42642309330403805
2026-04-23 07:47:05.300,3509417.958997441,779158.4342350749,5250970.613310605,-89798.87491946419,44.64018286834652,0.9535957733169198,-0.09352379012852907,0.7579076942056417
2026-04-23 07:47:05.400,3509417.9926447426,779158.4350578819,5250970.605354154,-89803.54953404864,44.33060970918715,0.33647301606833935,0.008228069636970758,-0.0795645173639059
2026-04-23 07:47:05.500,3509417.94108926,779158.4624123061,5250970.691270996,-89808.16544664452,44.099014928691496,-0.5155548267066479,0.27354424237273633,0.8591684233397245
2026-04-23 07:47:05.600,3509417.9800117537,779158.4317391997,5250970.6967554325,-89812.81985812794,44.157884674852625,0.3892249381169677,-0.30673106433823705,0.054844366386532784
2026-04-23 07:47:05.700,3509417.8992180857,779158.5042250155,5250970.8600901235,-89817.45573811735,43.986077524951476,-0.8079366805031896,0.7248581585008651,1.6333469096571207
2026-04-23 07:47:05.800,3509417.9168934096,779158.4805559089,5250970.846850649,-89822.1337009352,44.221320395341614,0.17675323877483606,-0.2366910665296018,-0.13239474035799503
2026-04-23 07:47:05.900,3509417.9089915976,779158.5074083555,5250970.816106937,-89826.84933055527,44.35347193101165,-0.07901811972260475,0.2685244660824537,-0.30743712559342384
2026-04-23 07:47:06.000,3509417.8338863947,779158.4965212309,5250970.777239825,-89831.60590142065,44.31693103674986,-0.7510520284995437,-0.10887124575674534,-0.3886711224913597
2026-04-23 07:47:06.100,3509417.7785272305,779158.5143359209,5250970.702532177,-89836.35186952232,44.09363800285545,-0.5535916425287724,0.17814690014347434,-0.747076477855444
2026-04-23 07:47:06.200,3509417.770470259,779158.5096590562,5250970.754870581,-89841.01095018949,44.176461409106075,-0.08056971710175276,-0.0467686471529305,0.5233840458095074
2026-04-23 07:47:06.300,3509417.8157482976,779158.5696472593,5250970.71387228,-89845.71898111781,44.01749883706168,0.4527803882956505,0.5998820310924202,-0.4099830146878958
2026-04-23 07:47:06.400,3509417.813618762,779158.5826160163,5250970.653348411,-89850.45380585632,43.96627738478676,-0.021295356564223766,0.12968756956979632,-0.6052386853843927
2026-04-23 07:47:06.500,3509417.811232043,779158.5499156043,5250970.589883054,-89855.1832146154,44.27057707353136,-0.02386718988418579,-0.3270041197538376,-0.634653577581048
2026-04-23 07:47:06.600,3509417.833841476,779158.5141917949,5250970.665920127,-89859.82350253861,44.229940370219005,0.2260943315923214,-0.3572380938567221,0.7603707350790501
2026-04-23 07:47:06.700,3509417.8164873277,779158.5002619022,5250970.719550633,-89864.47313249433,44.04275191547466,-0.17354148440063,-0.13929892680607736,0.5363050568848848
2026-04-23 07:47:06.800,3509417.8392958418,779158.4722082756,5250970.526550449,-89869.25824021827,44.16257458158318,0.22808514069765806,-0.2805362665094435,-1.9300018344074488
2026-04-23 07:47:06.900,3509417.9067131137,779158.4752947671,5250970.469960516,-89873.95205646564,44.1903751803682,0.6741727190092206,0.030864914879202843,-0.5658993311226368
2026-04-23 07:47:07.000,3509417.936280677,779158.4749515094,5250970.619167743,-89878.57916256848,44.047610371966755,0.295675634406507,-0.0034325767774134874,1.492072269320488
2026-04-23 07:47:07.100,3509417.9584355317,779158.4513123118,5250970.657357231,-89883.22396969024,44.22528777645212,0.22154854610562325,-0.2363919757772237,0.38189487531781197
2026-04-23 07:47:07.200,3509417.9658360467,779158.4562507784,5250970.608952268,-89887.89075956408,43.58831122076912,0.07400515023618937,0.049384665908291936,-0.4840496275573969
2026-04-23 07:47:07.300,3509417.934231958,779158.4711145218,5250970.486877335,-89892.65940000209,43.66338731381159,-0.31604088842868805,0.1486374344676733,-1.2207493279129267
2026-04-23 07:47:07.400,3509418.0115552293,779158.4507207095,5250970.4999105595,-89897.31448254755,43.37813018612215,0.7732327142730355,-0.20393812330439687,0.13033224269747734
2026-04-23 07:47:07.500,3509417.921713239,779158.4948337396,5250970.583772344,-89901.99523811933,43.56521209753387,-0.8984199026599526,0.44113030075095594,0.8386178407818079
2026-04-23 07:47:07.600,3509417.9292928465,779158.4980922617,5250970.617391183,-89906.69314548302,43.59894377025077,0.07579607423394918,0.03258522134274244,0.3361883945763111
2026-04-23 07:47:07.700,3509417.9652737095,779158.4843508932,5250970.702686714,-89911.30866919926,43.39383669895625,0.359808630309999,-0.1374136854428798,0.8529553096741438
2026-04-23 07:47:07.800,3509417.9984903005,779158.4900547354,5250970.67729135,-89916.02419545778,43.17214921743834,0.33216590993106365,0.05703842267394066,-0.25395363569259644
2026-04-23 07:47:07.900,3509417.976542429,779158.5031485577,5250970.643920251,-89920.74513145359,43.181131893596465,-0.21947871427983046,0.13093822286464274,-0.3337109927088022
2026-04-23 07:47:08.000,3509417.97720293,779158.543070629,5250970.7162315305,-89925.39707451279,42.682912034668114,0.00660500954836607,0.3992207127157599,0.7231127936393023
2026-04-23 07:47:08.100,3509418.007136193,779158.572334772,5250970.666963573,-89930.10491115524,42.803415903423286,0.2993326308205724,0.2926414296962321,-0.4926795791834593
2026-04-23 07:47:08.200,3509417.9682181636,779158.5705058447,5250970.612539604,-89934.83249410539,42.389273676838634,-0.3891802951693535,-0.018289273139089346,-0.5442396830767393
2026-04-23 07:47:08.300,3509417.9459109027,779158.5930935096,5250970.610588413,-89939.5277331255,42.35215464176757,-0.22307260893285275,0.22587664891034365,-0.019511915743350983
2026-04-23 07:47:08.400,3509417.90662808,779158.5435258741,5250970.584990836,-89944.23736469632,42.70364158731846,-0.39282822515815496,-0.4956763540394604,-0.2559757698327303
2026-04-23 07:47:08.500,3509417.8640013617,779158.5561527091,5250970.455341936,-89948.98944046095,42.443370861023475,-0.42626718524843454,0.12626834912225604,-1.2964889965951443
2026-04-23 07:47:08.600,3509417.922526836,779158.5668287504,5250970.519868744,-89953.60282423643,42.339427106032026,0.5852547427639365,0.10676041361875832,0.6452680751681328
2026-04-23 07:47:08.700,3509417.919714166,779158.5692360366,5250970.633873857,-89958.20639967624,42.12180580211956,-0.028126700781285763,0.024072861997410655,1.1400511302053928
2026-04-23 07:47:08.800,3509417.963327174,779158.5760174188,5250970.6810640255,-89962.83813734955,42.17419747317035,0.43613008223474026,0.06781382136978209,0.47190168872475624
2026-04-23 07:47:08.900,3509417.9769029133,779158.6008359387,5250970.58492599,-89967.55817744526,41.69302882793098,0.13575739227235317,0.24818519945256412,-0.9613803587853909
2026-04-23 07:47:09.000,3509417.990033531,779158.5257026971,5250970.5694847815,-89972.2012105705,41.48377112433463,0.13130617793649435,-0.7513324159663171,-0.15441208146512508
2026-04-23 07:47:09.100,3509417.9651605296,779158.5037777562,5250970.505855163,-89976.93169463045,41.688885725904036,-0.24873001500964165,-0.2192494086921215,-0.6362961884588003
2026-04-23 07:47:09.200,3509417.9479521345,779158.5233809018,5250970.388269205,-89981.70748356503,41.604488736229285,-0.17208395060151815,0.19603145541623235,-1.1758595798164606
2026-04-23 07:47:09.300,3509417.9370464375,779158.4808927204,5250970.237629993,-89986.46134395112,41.46222131868769,-0.10905697010457516,-0.42488181381486356,-1.5063921175897121
2026-04-23 07:47:09.400,3509417.8922978006,779158.4860166088,5250970.173845593,-89991.19732849377,41.47275644586359,-0.4474863689392805,0.05123888375237584,-0.6378440000116825
2026-04-23 07:47:09.500,3509417.936790014,779158.4978898749,5250970.204999028,-89995.83201080008,41.62678249979028,0.44492213521152735,0.1187326607760042,0.3115343488752842
2026-04-23 07:47:09.600,3509417.923277473,779158.4616125746,5250970.165757716,-90000.52564573112,41.780274712313165,-0.13512541074305773,-0.3627730021253228,-0.3924131207168102
2026-04-23 07:47:09.700,3509417.909874307,779158.4925257083,5250970.259864368,-90005.15757485526,41.746665890565076,-0.13403166085481644,0.3091313363984227,0.9410665184259415
2026-04-23 07:47:09.800,3509417.9527182262,779158.4775799286,5250970.260389757,-90009.83304839657,41.6673124968923,0.4284391924738884,-0.14945779694244266,0.005253897979855537
2026-04-23 07:47:09.900,3509417.9667731025,779158.4498845644,5250970.344486627,-90014.45331764787,41.538039860010365,0.14054876286536455,-0.2769536420237273,0.840968694537878
2026-04-23 07:47:10.000,3509418.017820781,779158.4430560049,5250970.176334696,-90019.21945129806,41.42827124360878,0.5104767857119441,-0.06828559446148574,-1.6815193090587854
2026-04-23 07:47:10.100,3509418.0045027398,779158.4533734648,5250970.2237754995,-90023.88503599372,41.58469374086378,-0.1331804133951664,0.10317459818907082,0.4744080360978842
2026-04-23 07:47:10.200,3509417.9758637175,779158.4507672873,5250970.251574135,-90028.57162287048,41.15636766193861,-0.2863902226090431,-0.02606177469715476,0.2779863588511944
2026-04-23 07:47:10.300,3509417.963836698,779158.4231104447,5250970.277834257,-90033.242891486,41.081955249895245,-0.12027019634842873,-0.2765684260521084,0.2626012172549963
2026-04-23 07:47:10.400,3509417.970020555,779158.4128141716,5250970.296940986,-90037.930827981,41.09282662191303,0.06183857098221779,-0.10296273045241833,0.19106728956103325
2026-04-23 07:47:10.500,3509417.9924653345,779158.3935330597,5250970.31338517,-90042.61165390632,41.00598178034439,0.2244477951899171,-0.1928111189045012,0.16444183886051178
2026-04-23 07:47:10.600,3509417.969587182,779158.4213887091,5250970.254267474,-90047.33105024713,41.1205875242594,-0.22878152318298817,0.27855649357661605,-0.591176962479949
2026-04-23 07:47:10.700,3509417.8742029956,779158.4462225481,5250970.077924511,-90052.1554888939,41.09993241298202,-0.9538418659940362,0.24833839037455618,-1.7634296230971813
2026-04-23 07:47:10.800,3509417.8652178375,779158.4303415616,5250970.022275413,-90056.87320345911,41.17785029955977,-0.08985158056020737,-0.15880986582487822,-0.5564909800887108
2026-04-23 07:47:10.900,3509417.897843262,779158.3927833445,5250970.11189225,-90061.51213443867,41.359652594485155,0.32625424675643444,-0.3755821706727147,0.8961683697998524
2026-04-23 07:47:11.000,3509417.9340042803,779158.3262462971,5250970.068514696,-90066.20807941025,41.42940212436847,0.36161018069833517,-0.6653704738710076,-0.43377554044127464
2026-04-23 07:47:11.100,3509417.9871767983,779158.2864774961,5250970.018824449,-90070.90159496448,41.21012142124837,0.5317251803353429,-0.3976880095433444,-0.49690247513353825
2026-04-23 07:47:11.200,3509417.913930114,779158.2980061664,5250969.928341798,-90075.68537658361,41.17366176556781,-0.7324668439105153,0.1152867020573467,-0.9048265125602484
2026-04-23 07:47:11.300,3509417.882212442,779158.317278187,5250969.983978688,-90080.37562058792,41.26536086491932,-0.31717672012746334,0.1927202066872269,0.5563689023256302
2026-04-23 07:47:11.400,3509417.8861763487,779158.3049155002,5250970.095313181,-90084.96591766062,41.27207756830052,0.039639067836105824,-0.12362686800770462,1.1133449338376522
2026-04-23 07:47:11.500,3509417.890261531,779158.2939063502,5250970.012138342,-90089.7338500821,41.14052425703444,0.04085182212293148,-0.1100915006827563,-0.8317483961582184
2026-04-23 07:47:11.600,3509417.9147821404,779158.3172445128,5250970.036138286,-90094.42930305703,41.32578574638606,0.2452060952782631,0.23338162689469755,0.2399994432926178
2026-04-23 07:47:11.700,3509417.9318237742,779158.2862601782,5250970.008859777,-90099.11941989577,41.42768488359448,0.1704163383692503,-0.30984334647655487,-0.27278508991003036
2026-04-23 07:47:11.800,3509417.96264386,779158.3370010304,5250970.137000602,-90103.73946684683,41.46378595472928,0.30820085667073727,0.5074085225351155,1.2814082484692335
2026-04-23 07:47:11.900,3509417.8910881947,779158.342606587,5250970.225590509,-90108.38820360812,41.484084744126235,-0.7155566522851586,0.05605556536465883,0.8858990762382746
2026-04-23 07:47:12.000,3509417.8675204376,779158.2724640245,5250970.166704341,-90113.12495077307,41.6476548599618,-0.23567757103592157,-0.7014256250113249,-0.5888616852462292
2026-04-23 07:47:12.100,3509417.827684732,779158.2324962122,5250970.168655307,-90117.82284240393,41.138778039696795,-0.39835705421864986,-0.3996781224850565,0.019509661942720413
2026-04-23 07:47:12.200,3509417.9225349003,779158.1472583669,5250970.03711161,-90122.51549544049,40.23724089251238,0.9485016809776425,-0.8523784531280398,-1.3154369685798883
2026-04-23 07:47:12.300,3509417.9076503385,779158.1522684861,5250969.966674238,-90127.25424538848,40.23101936428403,-0.14884561765938997,0.050101191736757755,-0.7043737173080444
2026-04-23 07:47:12.400,3509417.897341835,779158.177773842,5250970.090383231,-90131.90905180099,40.29162728393987,-0.1030850363895297,0.2550535590853542,1.2370899226516485
2026-04-23 07:47:12.500,3509417.9025092567,779158.1832720042,5250970.045912295,-90136.6226222913,39.93713682669076,0.051674218848347664,0.054981622379273176,-0.4447093605995178
2026-04-23 07:47:12.600,3509417.87528132,779158.159412569,5250970.032576187,-90141.35634957,39.634516300662746,-0.27227936778217554,-0.23859435226768255,-0.13336108066141605
2026-04-23 07:47:12.700,3509417.8130825753,779158.1658439726,5250969.869059069,-90146.18546567025,39.678712035232856,-0.6219874462112784,0.06431403569877148,-1.6351711750030518
2026-04-23 07:47:12.800,3509417.8288510744,779158.1486152502,5250970.025515504,-90150.79700759867,39.221167454046956,0.15768499113619328,-0.17228722339496017,1.5645643509924412
2026-04-23 07:47:12.900,3509417.8068460734,779158.1507393407,5250970.1586308805,-90155.43302279715,39.116734337673854,-0.22005001083016396,0.021240904461592436,1.3311537634581327
2026-04-23 07:47:13.000,3509417.835160033,779158.1774948962,5250970.213679094,-90160.08146431578,38.907977518055,0.2831395948305726,0.26755555532872677,0.5504821334034204
2026-04-23 07:47:13.100,3509417.8342072247,779158.1488689438,5250970.241669182,-90164.77016551321,39.083958768857265,-0.009528081864118576,-0.28625952429138124,0.2799008786678314
2026-04-23 07:47:13.200,3509417.8583607445,779158.1448453997,5250970.233030542,-90169.4546316208,38.924630453551636,0.2415351988747716,-0.04023544141091406,-0.08638639934360981
2026-04-23 07:47:13.300,3509417.8514479212,779158.1447361277,5250970.151282619,-90174.20042047054,38.72006279017097,-0.06912823300808668,-0.0010927196126431227,-0.8174792304635048
2026-04-23 07:47:13.400,3509417.8183518234,779158.1922314756,5250970.235716044,-90178.8801863044,38.66623461945107,-0.33096097875386477,0.47495347913354635,0.844334252178669
2026-04-23 07:47:13.500,3509417.879581546,779158.1905282029,5250970.337801798,-90183.50299137124,38.63317100247093,0.6122972257435322,-0.01703272690065205,1.0208575427532196
2026-04-23 07:47:13.600,3509417.8367254636,779158.194602096,5250970.311980142,-90188.27606831068,38.30222319350379,-0.4285608232021332,0.04073893069289625,-0.2582165598869324
2026-04-23 07:47:13.700,3509417.847123416,779158.2096518484,5250970.356121177,-90192.97857030625,38.134602740295804,0.10397952515631914,0.15049752430059016,0.44141034595668316
2026-04-23 07:47:13.800,3509417.819222718,779158.2267348181,5250970.426501804,-90197.67144568377,37.82588210229914,-0.27900698129087687,0.17082969658076763,0.703806271776557
2026-04-23 07:47:13.900,3509417.828104126,779158.2764630049,5250970.451008355,-90202.36942395545,37.77684803154512,0.08881407789885998,0.49728186801075935,0.24506551213562489
2026-04-23 07:47:14.000,3509417.8521264317,779158.2722281226,5250970.620460335,-90206.97924881759,37.48175346078546,0.24022305849939585,-0.04234882304444909,1.6945197992026806
2026-04-23 07:47:14.100,3509417.8491517613,779158.2754865121,5250970.611174957,-90211.69211951357,37.29299444330227,-0.029746703803539276,0.032583895372226834,-0.09285378269851208
2026-04-23 07:47:14.200,3509417.8503958406,779158.2965818223,5250970.666122894,-90216.35031194845,37.352340933616084,0.012440793216228485,0.2109531022142619,0.5494793690741062
2026-04-23 07:47:14.300,3509417.89407086,779158.3100620351,5250970.7667943295,-90220.98555876635,37.20366683336323,0.4367501940578222,0.13480212772265077,1.0067143570631742
2026-04-23 07:47:14.400,3509417.8366199196,779158.2936781895,5250970.692957337,-90225.7349011865,37.08535290038245,-0.574509403668344,-0.16383845591917634,-0.7383699249476194
2026-04-23 07:47:14.500,3509417.7990631843,779158.3052168189,5250970.637651132,-90230.49070257963,37.17116352165124,-0.3755673533305526,0.11538629420101643,-0.5530620459467173
2026-04-23 07:47:14.600,3509417.8445082703,779158.3440092646,5250970.742944066,-90235.12525245648,36.92358067789616,0.4544508596882224,0.3879244567360729,1.0529293399304152
2026-04-23 07:47:14.700,3509417.9025802035,779158.3555335761,5250970.837962765,-90239.75400309601,36.889455723104305,0.5807193322107196,0.11524311499670148,0.9501869883388281
2026-04-23 07:47:14.800,3509417.9151514955,779158.3381091462,5250970.796844199,-90244.47382599952,36.790095409692206,0.12571291998028755,-0.17424429883249104,-0.411185659468174
2026-04-23 07:47:14.900,3509417.977529113,779158.3337565722,5250970.786034245,-90249.17792053627,36.52096846283889,0.623776176944375,-0.043525740038603544,-0.1080995425581932
2026-04-23 07:47:15.000,3509418.036448924,779158.3111185669,5250970.872167109,-90253.82665168642,36.461866735329075,0.5891981068998575,-0.2263800532091409,0.8613286353647709
2026-04-23 07:47:15.100,3509418.067079777,779158.3050298641,5250970.999798786,-90258.47815921952,36.24264343362318,0.3063085302710533,-0.06088702823035419,1.276316773146391
2026-04-23 07:47:15.200,3509418.106292685,779158.2999419809,5250970.939789176,-90263.19841489599,35.86044926992435,0.3921290813013911,-0.05087883211672306,-0.6000960990786552
2026-04-23 07:47:15.300,3509418.0830450803,779158.30519915,5250970.933409956,-90267.91797712853,35.98205244707848,-0.23247604724019766,0.052571691339835525,-0.06379219703376293
2026-04-23 07:47:15.400,3509418.108498748,779158.3600686255,5250971.052801043,-90272.56075904668,36.42929764026892,0.25453667622059584,0.5486947554163635,1.1939108651131392
2026-04-23 07:47:15.500,3509418.1747566597,779158.3738437985,5250971.002723821,-90277.29394778765,36.33899154162185,0.6625791173428297,0.1377517299260944,-0.500772213563323
2026-04-23 07:47:15.600,3509418.2158948337,779158.3966967294,5250970.9856672725,-90282.01417705174,36.56360030770372,0.4113817401230335,0.2285293082240969,-0.17056548967957497
2026-04-23 07:47:15.700,3509418.240620855,779158.4058696415,5250970.952284912,-90286.72018433668,36.385564857179325,0.24726021103560925,0.09172912104986608,-0.3338236082345247
2026-04-23 07:47:15.800,3509418.152285992,779158.3860896371,5250971.005124308,-90291.43411313524,36.362175620863226,-0.8833486260846257,-0.19780004397034645,0.5283939652144909
2026-04-23 07:47:15.900,3509418.177873551,779158.3761880792,5250970.997557212,-90296.11801952128,35.92709017609895,0.2558755874633789,-0.09901557816192508,-0.07567096501588821
2026-04-23 07:47:16.000,3509418.1953735296,779158.371854214,5250970.932037732,-90300.84913766937,35.90990799379468,0.1749997865408659,-0.04333865246735513,-0.6551948003470898
2026-04-23 07:47:16.100,3509418.192998161,779158.3239011783,5250970.877456756,-90305.59434232934,35.951807241793595,-0.02375368494540453,-0.47953035682439804,-0.5458097532391548
2026-04-23 07:47:16.200,3509418.16923241,779158.3269606968,5250970.895293477,-90310.3032604113,36.1405306678156,-0.23765751160681248,0.030595185235142708,0.17836720682680607
2026-04-23 07:47:16.300,3509418.1128085544,779158.351078639,5250970.940516579,-90315.0101759684,36.244585393445526,-0.5642385547980666,0.2411794220097363,0.4522310197353363
2026-04-23 07:47:16.400,3509418.188557207,779158.3384668384,5250971.037646397,-90319.6430942654,35.84730750999833,0.7574865268543363,-0.12611800688318908,0.9712981805205345
2026-04-23 07:47:16.500,3509418.195482193,779158.3666201021,5250971.119441537,-90324.30666540346,35.68242009221407,0.06924985907971859,0.281532637309283,0.8179514016956091
2026-04-23 07:47:16.600,3509418.1876861216,779158.3853562574,5250971.082751743,-90329.0417474964,35.65105654019401,-0.07796071469783783,0.1873615535441786,-0.3668979462236166
2026-04-23 07:47:16.700,3509418.196197165,779158.3826418691,5250971.136698867,-90333.71756791082,35.43731483719102,0.085110436193645,-0.027143883053213358,0.5394712463021278
2026-04-23 07:47:16.800,3509418.181481443,779158.4023716982,5250971.259782707,-90338.3468328652,34.94568228772605,-0.14715722296386957,0.1972982904408127,1.2308384012430906
2026-04-23 07:47:16.900,3509418.1223729313,779158.3945076595,5250971.069460723,-90343.16416904712,35.04075795966742,-0.5910851154476404,-0.0786403869278729,-1.903219847008586
2026-04-23 07:47:17.000,3509418.1144669764,779158.3937107858,5250970.872159601,-90348.022059001,35.12817098702261,-0.07905954960733652,-0.007968737045302987,-1.973011214286089
2026-04-23 07:47:17.100,3509417.9994952963,779158.4177882554,5250970.855034628,-90352.79236087123,35.37311230666785,-1.1497168010100722,0.24077469599433243,-0.17124973237514496
2026-04-23 07:47:17.200,3509417.9555401313,779158.4446127653,5250970.834137305,-90357.52388844869,35.62825908305059,-0.43955164961516857,0.26824509957805276,-0.2089732326567173
2026-04-23 07:47:17.300,3509417.916439222,779158.4896142855,5250970.783815864,-90362.26823281427,35.88805851574492,-0.39100909139961004,0.4500152019318193,-0.5032144114375114
2026-04-23 07:47:17.400,3509417.874136837,779158.551573994,5250970.77564532,-90367.01150513854,35.967596042673016,-0.42302384972572327,0.6195970845874399,-0.08170543238520622
2026-04-23 07:47:17.500,3509417.853937534,779158.6115395619,5250970.697029729,-90371.772367685,36.045869790123604,-0.20199303049594164,0.599655678961426,-0.7861559092998505
2026-04-23 07:47:17.600,3509417.8504089937,779158.6100593616,5250970.812945151,-90376.40952619172,36.12426469518586,-0.0352854048833251,-0.014802003279328346,1.1591542139649391
2026-04-23 07:47:17.700,3509417.782218278,779158.5552387137,5250970.671948752,-90381.21698127438,36.23671011446633,-0.6819071574136615,-0.5482064781244844,-1.409963984042406
2026-04-23 07:47:17.800,3509417.809140731,779158.5213641846,5250970.609870861,-90385.94497231994,36.45813318829596,0.26922453194856644,-0.33874529181048274,-0.6207789108157158
2026-04-23 07:47:17.900,3509417.8333536554,779158.5252155067,5250970.74305777,-90390.59689405479,36.61583067766502,0.24212924297899008,0.03851322107948363,1.3318690843880177
2026-04-23 07:47:18.000,3509417.875595925,779158.491567907,5250970.663486214,-90395.32854169322,36.541659826065306,0.4224226949736476,-0.3364759963005781,-0.7957155536860228
2026-04-23 07:47:18.100,3509417.8834608993,779158.4870757458,5250970.676196562,-90400.03397091881,36.50336688360221,0.07864974439144135,-0.044921612134203315,0.12710347771644592
2026-04-23 07:47:18.200,3509417.8767989166,779158.4965131605,5250970.543545973,-90404.83695800253,36.67971502691788,-0.06661982741206884,0.09437414701096714,-1.326505895704031
2026-04-23 07:47:18.300,3509417.892609528,779158.4963003839,5250970.526017093,-90409.54850080959,36.65606208195512,0.15810611192137003,-0.0021277659106999636,-0.17528879456222057
2026-04-23 07:47:18.400,3509417.8363939943,779158.4700398772,5250970.467758572,-90414.31026149934,36.836046492790224,-0.5621553352102637,-0.2626050671096891,-0.5825852137058973
2026-04-23 07:47:18.500,3509417.8116817162,779158.4889648556,5250970.499931675,-90419.04938103941,36.890263204162515,-0.2471227804198861,0.18924978328868747,0.32173103652894497
2026-04-23 07:47:18.600,3509417.769368085,779158.5170661078,5250970.424299936,-90423.84708257168,36.97975782903103,-0.42313631158322096,0.28101252275519073,-0.7563173957169056
2026-04-23 07:47:18.700,3509417.7487043976,779158.4722203861,5250970.384243464,-90428.59315056875,36.8288624991855,-0.20663687493652105,-0.44845721684396267,-0.40056471712887287
2026-04-23 07:47:18.800,3509417.738076239,779158.4420755836,5250970.260771072,-90433.37413516885,37.124743714543065,-0.10628158692270517,-0.3014480252750218,-1.2347239255905151
2026-04-23 07:47:18.900,3509417.782737999,779158.4430034483,5250970.194468435,-90438.11976501447,37.390849808573314,0.44661760330200195,0.00927864690311253,-0.6630263663828373
2026-04-23 07:47:19.000,3509417.7250133576,779158.4426749805,5250970.132690204,-90442.88707154525,37.409445406458815,-0.5772464163601398,-0.0032846780959516764,-0.6177823059260845
2026-04-23 07:47:19.100,3509417.653216419,779158.46881448,5250970.193877029,-90447.61630257177,37.182276528205186,-0.7179693877696991,0.26139499503187835,0.6118682492524385
2026-04-23 07:47:19.200,3509417.7068523113,779158.47941418,5250970.120513749,-90452.36825571474,37.19891280352412,0.5363589245826006,0.10599700035527349,-0.7336327992379665
2026-04-23 07:47:19.300,3509417.677973226,779158.4689203132,5250970.025485676,-90457.14946669931,37.45096108148959,-0.2887908509001136,-0.10493866866454482,-0.9502807352691889
2026-04-23 07:47:19.400,3509417.6863585515,779158.4527452606,5250969.927856695,-90461.91545818179,37.606651867284526,0.08385325316339731,-0.16175052616745234,-0.9762898087501526
2026-04-23 07:47:19.500,3509417.750557011,779158.4613857294,5250969.974593251,-90466.58809549331,37.56413287688157,0.6419845949858427,0.08640468819066882,0.46736556105315685
2026-04-23 07:47:19.600,3509417.7726086937,779158.4378187923,5250969.9687367575,-90471.27264835028,37.423447594400855,0.22051682695746422,-0.23566937074065208,-0.0585649348795414
2026-04-23 07:47:19.700,3509417.7441449678,779158.4087656072,5250969.92361802,-90476.01662856681,37.39862281462126,-0.28463725931942463,-0.29053185135126114,-0.4511873796582222
2026-04-23 07:47:19.800,3509417.668030831,779158.4394877171,5250969.940978317,-90480.76584905019,37.325051671557425,-0.7611413672566414,0.3072210995014757,0.1736029703170061
2026-04-23 07:47:19.900,3509417.7119827196,779158.4307304171,5250969.945850694,-90485.48589191318,37.43874118279823,0.4395188856869936,-0.08757299976423383,0.048723770305514336
2026-04-23 07:47:20.000,3509417.6937069874,779158.4445769332,5250969.843918752,-90490.26465539682,37.34812484190095,-0.18275732174515724,0.13846516027115285,-1.0193194169551134
2026-04-23 07:47:20.100,3509417.695407198,779158.4114486735,5250969.9039250435,-90494.92181621624,37.038697793432,0.017002103850245476,-0.3312825970351696,0.6000629160553217
2026-04-23 07:47:20.200,3509417.629636338,779158.3715311503,5250969.718730858,-90499.76726744948,37.16813588549274,-0.6577085983008146,-0.3991752315778285,-1.8519418593496084
2026-04-23 07:47:20.300,3509417.653764668,779158.3807998662,5250969.542919858,-90504.56278884987,37.372629209066325,0.24128329940140247,0.0926871586125344,-1.7581099923700094
2026-04-23 07:47:20.400,3509417.5649797358,779158.4623887694,5250969.683251005,-90509.26440066035,37.28495452976491,-0.8878493215888739,0.8158890320919454,1.403311463072896
2026-04-23 07:47:20.500,3509417.5159848025,779158.4754507956,5250969.605786628,-90514.03586191904,37.45943433042534,-0.48994933255016804,0.1306202623527497,-0.7746437657624483
2026-04-23 07:47:20.600,3509417.5260774163,779158.4224342065,5250969.544768193,-90518.73453509905,37.121984433186235,0.10092613752931356,-0.5301658913958818,-0.6101843528449535
2026-04-23 07:47:20.700,3509417.5169796906,779158.3856602447,5250969.60371779,-90523.4283642067,37.04917110141748,-0.09097725618630648,-0.36773961735889316,0.5894959717988968
2026-04-23 07:47:20.800,3509417.462552794,779158.4827067301,5250969.649676505,-90528.16503426417,37.566561433402846,-0.5442689685150981,0.9704648540355265,0.45958714559674263
2026-04-23 07:47:20.900,3509417.3408685173,779158.4908608536,5250969.597736655,-90532.96707384655,37.834063947041024,-1.2168427649885416,0.08154123439453542,-0.5193984974175692
2026-04-23 07:47:21.000,3509417.3675817973,779158.4704202166,5250969.586959262,-90537.65688329983,37.93520212529095,0.26713280007243156,-0.20440637017600238,-0.1077739242464304
2026-04-23 07:47:21.100,3509417.299486606,779158.5041037212,5250969.590387892,-90542.36689930486,37.881370169286406,-0.680951913818717,0.3368350467644632,0.034286295995116234
2026-04-23 07:47:21.200,3509417.3664657334,779158.4631691541,5250969.643446216,-90546.99641484929,38.18122465213431,0.6697912747040391,-0.409345671068877,0.530583243817091
2026-04-23 07:47:21.300,3509417.410617461,779158.4441915159,5250969.609454124,-90551.68635429355,38.29523285366897,0.44151727575808764,-0.18977638217620552,-0.3399209212511778
2026-04-23 07:47:21.400,3509417.3585351976,779158.445935572,5250969.444902079,-90556.53749864206,38.46595249427548,-0.5208226339891553,0.017440561205148697,-1.6455204505473375
2026-04-23 07:47:21.500,3509417.441373843,779158.4321685121,5250969.465307506,-90561.20071650285,38.54167740021126,0.828386452049017,-0.13767059892416,0.20405426621437073
2026-04-23 07:47:21.600,3509417.4233463495,779158.4036587963,5250969.519200787,-90565.89400686079,38.67213762976524,-0.1802749326452613,-0.28509715804830194,0.5389328114688396
2026-04-23 07:47:21.700,3509417.3652287023,779158.413147237,5250969.5353043275,-90570.60950040343,38.619750561022855,-0.5811764718964696,0.09488440700806677,0.16103540547192097
2026-04-23 07:47:21.800,3509417.3763783146,779158.3608267568,5250969.5156645635,-90575.30744040948,38.83623763663696,0.11149612255394459,-0.5232048023026437,-0.19639763981103897
2026-04-23 07:47:21.900,3509417.420498623,779158.3591186232,5250969.635456727,-90579.96365990493,38.85750747827308,0.44120308477431536,-0.017081336118280888,1.197921633720398
2026-04-23 07:47:22.000,3509417.417501438,779158.3772892485,5250969.616720069,-90584.69792584529,38.94823999000697,-0.029971851035952568,0.18170625320635736,-0.18736657686531544
2026-04-23 07:47:22.100,3509417.4409854305,779158.4115757829,5250969.716866659,-90589.37111547537,38.84499023133964,0.2348399255424738,0.34286534413695335,1.0014658980071545
2026-04-23 07:47:22.200,3509417.462619991,779158.456153693,5250969.691153568,-90594.10595475882,38.87560356401005,0.2163456054404378,0.4457791009917855,-0.25713090784847736
2026-04-23 07:47:22.300,3509417.4901137706,779158.4294567952,5250969.689858529,-90598.82295328578,39.302122914192154,0.2749377954751253,-0.26696897810325027,-0.012950394302606583
2026-04-23 07:47:22.400,3509417.492575455,779158.4152214257,5250969.620617793,-90603.56980373967,39.23135993526526,0.0246168440207839,-0.1423536951187998,-0.6924073584377766
2026-04-23 07:47:22.500,3509417.5026751314,779158.410209884,5250969.650968968,-90608.25193158606,38.93980340193593,0.10099676437675953,-0.05011541652493179,0.30351174995303154
2026-04-23 07:47:22.600,3509417.4817392053,779158.3885639267,5250969.572336998,-90612.98968223168,38.916566426313686,-0.20935926120728254,-0.21645957371219993,-0.7863197010010481
2026-04-23 07:47:22.700,3509417.537279095,779158.3276483256,5250969.690630906,-90617.59641775354,38.99032788212133,0.5553988972678781,-0.6091560109052807,1.1829390842467546
2026-04-23 07:47:22.800,3509417.5816874322,779158.2764854691,5250969.727379553,-90622.26187609299,38.841111530216914,0.44408337213099003,-0.5116285651456565,0.3674864675849676
2026-04-23 07:47:22.900,3509417.5924779954,779158.2382070288,5250969.695615002,-90626.99292854907,38.65317466586042,0.10790563188493252,-0.38278440246358514,-0.3176455106586218
2026-04-23 07:47:23.000,3509417.5770221744,779158.2083154107,5250969.652200647,-90631.73736918905,38.74594151707835,-0.15455821063369513,-0.29891618178226054,-0.43414355255663395
2026-04-23 07:47:23.100,3509417.6042911042,779158.1525132468,5250969.750497359,-90636.37243450312,38.419204706472506,0.2726892987266183,-0.558021639008075,0.9829671215265989
2026-04-23 07:47:23.200,3509417.6325833015,779158.123425447,5250969.784028135,-90641.05267560467,38.146266141120364,0.2829219726845622,-0.2908779971767217,0.33530776388943195
2026-04-23 07:47:23.300,3509417.686240206,779158.1045905988,5250969.812984988,-90645.72889553897,38.25708108400841,0.5365690449252725,-0.18834848189726472,0.2895685285329819
2026-04-23 07:47:23.400,3509417.763669264,779158.0926591796,5250969.733436238,-90650.48014796946,38.413165861513,0.7742905803024769,-0.11931419256143272,-0.7954875007271767
2026-04-23 07:47:23.500,3509417.736238444,779158.085171275,5250969.57830111,-90655.31085656618,38.981969376875945,-0.2743081981316209,-0.07487904629670084,-1.5513512771576643
2026-04-23 07:47:23.600,3509417.6915067714,779158.0787270613,5250969.534627019,-90660.081898983,38.98614545965105,-0.4473167285323143,-0.0644421367906034,-0.4367409087717533
2026-04-23 07:47:23.700,3509417.631341562,779158.052070894,5250969.527859506,-90664.84053077128,38.71598686624298,-0.6016520923003554,-0.2665616723243147,-0.06767513230443001
2026-04-23 07:47:23.800,3509417.6924115224,779158.0679629298,5250969.770218429,-90669.41977084745,38.367978200105455,0.6106996024027467,0.1589203579351306,2.4235892295837402
2026-04-23 07:47:23.900,3509417.691488153,779158.0642034976,5250969.894757169,-90674.08955347985,38.75617837249174,-0.009233695454895496,-0.03759432234801352,1.245387401431799
2026-04-23 07:47:24.000,3509417.661552652,779158.0804524041,5250969.9278782355,-90678.80573581273,38.753977893628104,-0.2993550105020404,0.1624890649691224,0.3312106616795063
2026-04-23 07:47:24.100,3509417.7644844665,779158.0433224116,5250969.990428034,-90683.4400525331,38.255792097659246,1.0293181473389268,-0.37129992502741516,0.6254979874938726
2026-04-23 07:47:24.200,3509417.801064138,779158.01902617,5250970.037527666,-90688.13160928106,38.417965459529604,0.3657967131584883,-0.24296241579577327,0.4709963221102953
2026-04-23 07:47:24.300,3509417.762710959,779158.0185227058,5250970.034233669,-90692.89657747866,38.44219788824588,-0.3835317865014076,-0.005034642526879907,-0.0329399760812521
2026-04-23 07:47:24.400,3509417.7666207855,779158.0569579037,5250970.004012901,-90697.6610276569,38.441852505642686,0.039098262786865234,0.3843519790098071,-0.30220767483115196
2026-04-23 07:47:24.500,3509417.8600187595,779158.0453545924,5250970.167623962,-90702.27215390102,38.04838985190644,0.9339797403663397,-0.11603311286307871,1.6361106093972921
2026-04-23 07:47:24.600,3509417.9566504243,779158.0214941443,5250970.241345707,-90706.93010407867,37.97686985942054,0.9663166478276253,-0.2386044804006815,0.7372174505144358
2026-04-23 07:47:24.700,3509417.9573339764,779158.0555566056,5250970.332929473,-90711.61179878653,38.1000258713824,0.006835521198809147,0.3406246122904122,0.9158376604318619
2026-04-23 07:47:24.800,3509417.9677985264,779158.0993110975,5250970.489999136,-90716.26750977614,37.85336909786749,0.10464549995958805,0.43754491955041885,1.5706966258585453
2026-04-23 07:47:24.900,3509418.0014560283,779158.0692642293,5250970.328153329,-90721.07219171469,37.910785923072865,0.3365750191733241,-0.3004686825443059,-1.6184580698609352
2026-04-23 07:47:25.000,3509418.087319066,779158.0686465994,5250970.24283086,-90725.83909920313,37.774358870515535,0.8586303750053048,-0.0061762984842062,-0.8532246854156256
2026-04-23 07:47:25.100,3509418.099483412,779158.0811293591,5250970.195981032,-90730.62535518142,37.87167119801698,0.12164346408098936,0.12482759659178555,-0.46849828213453293
2026-04-23 07:47:25.200,3509418.088512596,779158.0997588898,5250970.116945714,-90735.40292562022,38.360622156982565,-0.10970816016197205,0.18629530677571893,-0.7903531845659018
2026-04-23 07:47:25.300,3509418.1555991583,779158.0910379693,5250970.071705475,-90740.1123657085,38.58062917487768,0.6708656204864383,-0.08720920421183109,-0.45240238308906555
2026-04-23 07:47:25.400,3509418.2563025253,779158.050130556,5250970.091847616,-90744.77490670048,38.33623767337762,1.007033670321107,-0.4090741334948689,0.20142140798270702
2026-04-23 07:47:25.500,3509418.2260352606,779158.0713081178,5250970.1699833935,-90749.48378438056,38.08582261881666,-0.3026726469397545,0.21177561837248504,0.7813577726483345
2026-04-23 07:47:25.600,3509418.2604070217,779158.067396189,5250970.336409753,-90754.10618706106,37.77941258222999,0.3437176113948226,-0.0391192885581404,1.6642635967582464
2026-04-23 07:47:25.700,3509418.3157700757,779158.0269523092,5250970.347616196,-90758.78370535001,37.54608758342979,0.5536305392161012,-0.4044387978501618,0.1120644249022007
2026-04-23 07:47:25.800,3509418.2655695477,779158.0201918596,5250970.308444124,-90763.5765281112,37.35606872245339,-0.502005279995501,-0.0676044961437583,-0.3917207196354866
2026-04-23 07:47:25.900,3509418.2500612554,779157.9950264092,5250970.3289900385,-90768.294521592,37.244707080169825,-0.15508292242884636,-0.2516545040998608,0.20545914769172668
2026-04-23 07:47:26.000,3509418.212944358,779158.0612961625,5250970.339459258,-90773.06653489551,37.35831434055388,-0.3711689729243517,0.6626975338440388,0.10469219647347927
2026-04-23 07:47:26.100,3509418.2299394542,779158.0446772678,5250970.294804414,-90777.78673824192,37.334802769200174,0.16995096113532782,-0.1661889476235956,-0.446548443287611
2026-04-23 07:47:26.200,3509418.245185981,779158.0371413731,5250970.343855842,-90782.46696516793,37.1334365528397,0.15246526803821325,-0.07535894634202123,0.49051428213715553
2026-04-23 07:47:26.300,3509418.2172913416,779158.0774189555,5250970.342971273,-90787.24283364948,37.02541449452181,-0.27894639410078526,0.4027758236043155,-0.008845692500472069
2026-04-23 07:47:26.400,3509418.1907073925,779158.1111160628,5250970.216031851,-90792.07585603646,37.10583937969468,-0.26583949103951454,0.3369710734114051,-1.269394215196371
2026-04-23 07:47:26.500,3509418.188133835,779158.1639980127,5250970.255902887,-90796.80583035946,37.12873390247211,-0.025735576637089252,0.5288194981403649,0.398710360750556
2026-04-23 07:47:26.600,3509418.175846622,779158.1874824382,5250970.295844887,-90801.53822730853,37.08301659490229,-0.12287213001400232,0.23484425502829254,0.39942000061273575
2026-04-23 07:47:26.700,3509418.155114147,779158.2092277273,5250970.329265135,-90806.24786441638,37.099148442433155,-0.20732474979013205,0.2174528909381479,0.33420247957110405
2026-04-23 07:47:26.800,3509418.117227064,779158.1586471928,5250970.208296327,-90811.04391525322,37.34073302970997,-0.37887082900851965,-0.5058053450193256,-1.2096880842000246
2026-04-23 07:47:26.900,3509418.0932340324,779158.1468515513,5250970.298446582,-90815.71244818078,37.27630250098429,-0.23993031587451696,-0.11795641505159438,0.9015025477856398
2026-04-23 07:47:27.000,3509418.078895048,779158.119524012,5250970.155574932,-90820.50552522982,37.5121172380406,-0.14338984619826078,-0.2732753928285092,-1.4287164993584156
2026-04-23 07:47:27.100,3509418.050676907,779158.1241770227,5250970.246146412,-90825.21089755761,37.45845283222141,-0.28218140825629234,0.046530107501894236,0.9057147987186909
2026-04-23 07:47:27.200,3509418.0977708627,779158.12801516,5250970.3332344415,-90829.86621133589,37.176542083978944,0.4709395579993725,0.0383813725784421,0.8708802983164787
2026-04-23 07:47:27.300,3509418.1289864965,779158.1518422297,5250970.25585681,-90834.61128275485,36.930409107831615,0.312156337313354,0.23827069671824574,-0.77377631329
2026-04-23 07:47:27.400,3509418.183153717,779158.1055269215,5250970.187206527,-90839.32971292501,37.05567323074783,0.5416722036898136,-0.46315308194607496,-0.6865028291940689
2026-04-23 07:47:27.500,3509418.2813598895,779158.1184715359,5250970.327118645,-90843.95210277691,37.08865831785895,0.9820617269724607,0.12944614398293197,1.39912118203938
2026-04-23 07:47:27.600,3509418.292055082,779158.1229333828,5250970.31420667,-90848.66225088335,37.25674926540058,0.10695192497223616,0.04461846896447241,-0.12911975383758545
2026-04-23 07:47:27.700,3509418.220743475,779158.1176603388,5250970.326242068,-90853.40975272494,37.24112926999091,-0.7131160702556372,-0.052730439929291606,0.12035397812724113
2026-04-23 07:47:27.800,3509418.225631801,779158.1112333951,5250970.361582879,-90858.10274575741,37.17571346470617,0.048883259296417236,-0.06426943698897958,0.35340811125934124
2026-04-23 07:47:27.900,3509418.2121854895,779158.1478744651,5250970.477220845,-90862.77829331715,37.42985149374939,-0.13446311466395855,0.36641070037148893,1.1563796643167734
2026-04-23 07:47:28.000,3509418.1546005425,779158.1148121945,5250970.372053724,-90867.56034757626,37.65522572221759,-0.5758494697511196,-0.33062270609661937,-1.051671216264367
2026-04-23 07:47:28.100,3509418.172327903,779158.1021116369,5250970.281253125,-90872.33522691709,37.9653378049915,0.17727360595017672,-0.12700557592324913,-0.9080059919506311
2026-04-23 07:47:28.200,3509418.173926082,779158.0691968962,5250970.108203485,-90877.19871948335,38.2798166762856,0.015981788747012615,-0.32914740731939673,-1.7304963991045952
2026-04-23 07:47:28.300,3509418.1171404603,779158.0820471407,5250970.234647144,-90881.85138038166,37.90888212181879,-0.5678562168031931,0.12850244529545307,1.2644365895539522
2026-04-23 07:47:28.400,3509417.9959906824,779158.0770725484,5250970.19389636,-90886.6487175024,37.821665427336875,-1.2114977790042758,-0.049745922442525625,-0.4075078386813402
2026-04-23 07:47:28.500,3509417.9303613594,779158.1030919844,5250970.09322479,-90891.46070132549,38.199266025382606,-0.6562932301312685,0.2601943595800549,-1.0067156981676817
2026-04-23 07:47:28.600,3509417.9134286814,779158.0846917328,5250969.966335609,-90896.2411546639,38.32348358673876,-0.16932677943259478,-0.1840025163255632,-1.2688918132334948
2026-04-23 07:47:28.700,3509417.907704908,779158.0027702147,5250969.8251244845,-90901.03486145694,38.88291336318617,-0.05723773501813412,-0.8192151808179915,-1.4121112413704395
2026-04-23 07:47:28.800,3509417.867333271,779158.0232811944,5250969.82355551,-90905.75622052206,39.00045455556671,-0.4037163686007261,0.20510979695245624,-0.015689749270677567
2026-04-23 07:47:28.900,3509417.8432040503,779158.0186010812,5250969.668390127,-90910.5698664668,39.176477119344206,-0.24129220750182867,-0.046801131684333086,-1.5516538266092539
2026-04-23 07:47:29.000,3509417.8661311828,779158.0277339133,5250969.676522992,-90915.26909359665,39.15886519316095,0.22927132435142994,0.09132832055911422,0.08132864721119404
2026-04-23 07:47:29.100,3509417.828004975,779158.0582865513,5250969.598352281,-90920.05960235093,39.16000071418507,-0.38126207888126373,0.30552637996152043,-0.781707102432847
2026-04-23 07:47:29.200,3509417.801217975,779158.0723432173,5250969.632634107,-90924.78292884935,39.07074194980685,-0.2678699977695942,0.14056666055694222,0.3428182564675808
2026-04-23 07:47:29.300,3509417.8028106736,779158.0589805457,5250969.586009979,-90929.52002464942,39.11941912997283,0.015926985070109367,-0.13362671597860754,-0.4662412777543068
2026-04-23 07:47:29.400,3509417.7822978557,779158.1050414239,5250969.612550689,-90934.2676120344,39.181549355458564,-0.2051281789317727,0.4606087820138782,0.26540709659457207
2026-04-23 07:47:29.500,3509417.7385596302,779158.122637342,5250969.657691352,-90938.98674745802,39.74377173995074,-0.4373822547495365,0.1759591803420335,0.4514066316187382
2026-04-23 07:47:29.600,3509417.788974309,779158.0611420519,5250969.644157997,-90943.71209638665,39.636081130368716,0.5041467864066362,-0.6149529002141207,-0.13533354736864567
2026-04-23 07:47:29.700,3509417.8193821404,779158.0749157899,5250969.585351182,-90948.46436274587,39.38293732855135,0.304078315384686,0.1377373794093728,-0.588068151846528
2026-04-23 07:47:29.800,3509417.7833512495,779158.1069403857,5250969.56347057,-90953.241588825,39.00924375852586,-0.3603089088574052,0.32024595770053566,-0.21880611777305603
2026-04-23 07:47:29.900,3509417.8255154304,779158.1063166147,5250969.518754261,-90958.00243514967,39.08289871564834,0.42164180893450975,-0.006237709894776344,-0.44716309756040573
2026-04-23 07:47:30.000,3509417.892020179,779158.081694093,5250969.488635913,-90962.73799154366,39.595791913401364,0.6650474853813648,-0.24622521712444723,-0.30118348076939583
2026-04-23 07:47:30.100,3509417.818866784,779158.0879600061,5250969.470907098,-90967.54213056207,39.824136159657755,-0.7315339474007487,0.06265913136303425,-0.17728814855217934
2026-04-23 07:47:30.200,3509417.754637498,779158.0902571959,5250969.4752043905,-90972.31801483767,39.95119129730189,-0.6422928627580404,0.02297189785167575,0.042972927913069725
2026-04-23 07:47:30.300,3509417.8113974975,779158.067910761,5250969.482449553,-90977.03267538208,39.89245823743871,0.5675999959930778,-0.22346434881910682,0.0724516250193119
2026-04-23 07:47:30.400,3509417.7801046018,779158.074911606,5250969.390073457,-90981.87488294984,40.19721392922599,-0.31292895786464214,0.07000845042057335,-0.923760961741209
2026-04-23 07:47:30.500,3509417.820286295,779158.1068842756,5250969.216896376,-90986.73068968824,40.13404073587884,0.401816931553185,0.31972669530659914,-1.7317708116024733
2026-04-23 07:47:30.600,3509417.8327779123,779158.0636039624,5250969.227515307,-90991.49774714505,40.64632593031817,0.12491617351770401,-0.4328031314071268,0.10618931613862514
2026-04-23 07:47:30.700,3509417.808594753,779158.0581650987,5250969.166923253,-90996.30075271604,40.3754490539927,-0.24183159228414297,-0.05438863765448332,-0.6059205438941717
2026-04-23 07:47:30.800,3509417.804553388,779158.0372803042,5250969.279472078,-91001.03521903875,40.40412756325023,-0.04041364882141352,-0.20884794415906072,1.1254882533103228
2026-04-23 07:47:30.900,3509417.7838264317,779158.0895298381,5250969.313151616,-91005.7953507881,40.41023797484606,-0.2072695642709732,0.5224953382275999,0.336795374751091
2026-04-23 07:47:31.000,3509417.8461964694,779158.0671297392,5250969.373680819,-91010.50345820653,40.22003254983722,0.6237003766000271,-0.22400098852813244,0.6052920315414667
2026-04-23 07:47:31.100,3509417.887453893,779158.0032331375,5250969.434178605,-91015.21141315514,39.665291613548824,0.4125742381438613,-0.6389660167042166,0.6049778591841459
2026-04-23 07:47:31.200,3509417.8445459767,779158.0305345564,5250969.505476976,-91019.97364217445,39.56791166373371,-0.42907916475087404,0.27301418827846646,0.7129837106913328
2026-04-23 07:47:31.300,3509417.87065597,779157.978528958,5250969.478506519,-91024.73101242946,39.49916483444775,0.2610999345779419,-0.5200559832155704,-0.2697045635432005
2026-04-23 07:47:31.400,3509417.838387105,779158.0123805517,5250969.467497459,-91029.52278745298,39.33632563007389,-0.32268865033984184,0.3385159361641854,-0.11009060777723789
2026-04-23 07:47:31.500,3509417.8416363164,779158.0581299295,5250969.41782946,-91034.31816018684,39.32863845343907,0.03249211236834526,0.4574937780853361,-0.4966799821704626
2026-04-23 07:47:31.600,3509417.8936318285,779158.0304211947,5250969.2810310805,-91039.15059137755,39.61945045445356,0.5199551209807396,-0.27708734734915197,-1.3679837994277477
2026-04-23 07:47:31.700,3509417.9037093497,779158.0064427077,5250969.102420871,-91044.02789622739,39.786852264164374,0.10077521204948425,-0.23978487006388605,-1.7861020937561989
2026-04-23 07:47:31.800,3509417.8957449617,779157.9992465097,5250969.129481321,-91048.77580437833,39.837125892038124,-0.07964388001710176,-0.07196197984740138,0.27060450054705143
2026-04-23 07:47:31.900,3509418.0186290606,779157.9635473415,5250969.147427194,-91053.49564253131,39.877648423778,1.2288409890607,-0.3569916822016239,0.17945872619748116
2026-04-23 07:47:32.000,3509418.0134355305,779157.9398023172,5250969.07577258,-91058.35354251254,39.79508016377122,-0.051935301162302494,-0.23745024343952537,-0.7165461406111717
2026-04-23 07:47:32.100,3509417.9625139274,779157.9116128425,5250969.157940869,-91063.11540994013,39.42051991414746,-0.5092160310596228,-0.2818947471678257,0.821682894602418
2026-04-23 07:47:32.200,3509417.895783112,779157.8852880135,5250969.134983396,-91067.92482694358,39.567915083141834,-0.6673081545159221,-0.26324828970246017,-0.22957473061978817
2026-04-23 07:47:32.300,3509417.8811738635,779157.8564540948,5250969.191418153,-91072.66292140694,39.535779679200864,-0.14609248377382755,-0.2883391873911023,0.5643475707620382
2026-04-23 07:47:32.400,3509417.8459611847,779157.8520937131,5250969.273498833,-91077.42220444986,39.70934098626039,-0.3521267883479595,-0.043603816302493215,0.8208067994564772
2026-04-23 07:47:32.500,3509417.9097192227,779157.8748409343,5250969.345856373,-91082.144362757,39.74468220725985,0.6375803798437119,0.2274722116999328,0.7235754001885653
2026-04-23 07:47:32.600,3509417.8813720127,779157.863038714,5250969.3732979065,-91086.90351737813,39.79503638431044,-0.2834721002727747,-0.118022202514112,0.2744153328239918
2026-04-23 07:47:32.700,3509417.9138856316,779157.8620472483,5250969.469418581,-91091.59445249804,39.55814024070171,0.3251361893489957,-0.009914657566696405,0.961206741631031
2026-04-23 07:47:32.800,3509417.9471586873,779157.8690318522,5250969.498980728,-91096.34184822628,39.76181325171765,0.3327305568382144,0.0698460394050926,0.29562147334218025
2026-04-23 07:47:32.900,3509417.9332726435,779157.9422397282,5250969.544262817,-91101.14744356398,40.22229200481632,-0.13886043801903725,0.7320787594653666,0.4528208915144205
2026-04-23 07:47:33.000,3509417.9766103975,779157.9449338431,5250969.522174749,-91105.93788209953,40.40779151900059,0.4333775397390127,0.026941149262711406,-0.22088068537414074
2026-04-23 07:47:33.100,3509418.0021329527,779157.907415955,5250969.521818336,-91110.69179051268,40.46262915717134,0.25522555224597454,-0.3751788812223822,-0.0035641249269247055
2026-04-23 07:47:33.200,3509417.9603668186,779157.8388705786,5250969.473536172,-91115.47594914149,40.35990727308814,-0.41766134090721607,-0.6854537641629577,-0.4828216414898634
2026-04-23 07:47:33.300,3509417.9028395014,779157.9052309442,5250969.392752437,-91120.34291313929,40.33937365733642,-0.5752731719985604,0.6636036559939384,-0.807837350293994
2026-04-23 07:47:33.400,3509417.8832936054,779157.9422185089,5250969.497328494,-91125.08123006758,40.233733194617635,-0.19545895978808403,0.3698756475932896,1.0457605682313442
2026-04-23 07:47:33.500,3509417.8935909057,779157.9549652166,5250969.517482363,-91129.86581729818,40.49204813935006,0.10297300294041634,0.12746707652695477,0.20153868943452835
2026-04-23 07:47:33.600,3509417.906514071,779157.9288804041,5250969.499584424,-91134.64216173955,40.260163499114114,0.1292316522449255,-0.2608481247443706,-0.17897938378155231
2026-04-23 07:47:33.700,3509417.9280629535,779157.920395557,5250969.534353908,-91139.42015646183,40.52355681618393,0.21548882592469454,-0.08484847145155072,0.3476948384195566
2026-04-23 07:47:33.800,3509417.9427213892,779157.9583404893,5250969.540913583,-91144.23670171035,40.88847365331998,0.14658435713499784,0.3794493235182017,0.06559674628078938
2026-04-23 07:47:33.900,3509417.930872884,779157.9445170331,5250969.524514468,-91149.01965339221,40.938180525651276,-0.1184850512072444,-0.13823456247337162,-0.1639911439269781
2026-04-23 07:47:34.000,3509417.9327516453,779157.9372581131,5250969.442557305,-91153.83455776368,40.45214187091357,0.018787612207233906,-0.0725891999900341,-0.8195716328918934
2026-04-23 07:47:34.100,3509417.9474086007,779157.963321465,5250969.493638228,-91158.59228412711,40.469387679933355,0.14656955376267433,0.2606335189193487,0.510809225961566
2026-04-23 07:47:34.200,3509417.997989592,779157.9706172213,5250969.51677228,-91163.34674248053,41.065242570564955,0.5058099143207073,0.07295756367966533,0.23134052753448486
2026-04-23 07:47:34.300,3509418.021361766,779157.9921546798,5250969.458186416,-91168.14074890091,40.76465954617076,0.2337217377498746,0.21537458524107933,-0.5858586449176073
2026-04-23 07:47:34.400,3509417.99804682,779157.9976079972,5250969.501487921,-91172.89694446255,40.8548457619288,-0.23314945865422487,0.05453317309729755,0.4330150503665209
2026-04-23 07:47:34.500,3509417.9974660603,779158.0516988987,5250969.486065892,-91177.70642507913,41.17238109661583,-0.005807597190141678,0.5409090151078999,-0.15422029420733452
2026-04-23 07:47:34.600,3509418.0127967647,779158.0236072375,5250969.530388467,-91182.46296855721,41.063755855096794,0.15330704394727945,-0.2809166116639972,0.4432257544249296
2026-04-23 07:47:34.700,3509418.0483868276,779158.0291476889,5250969.418412711,-91187.2737245104,41.093440644396615,0.35590062849223614,0.05540451384149492,-1.1197575647383928
2026-04-23 07:47:34.800,3509418.090496512,779158.0239217393,5250969.389534074,-91192.06881336971,41.006420317621995,0.4210968455299735,-0.05225949571467936,-0.2887863665819168
2026-04-23 07:47:34.900,3509418.1259689177,779158.026821914,5250969.50436077,-91196.76869122841,40.89503653656149,0.3547240560874343,0.029001747025176883,1.1482669599354267
2026-04-23 07:47:35.000,3509418.0972804185,779157.993039548,5250969.473233718,-91201.58099108166,40.6521937776969,-0.28688499238342047,-0.33782365964725614,-0.3112705145031214
2026-04-23 07:47:35.100,3509418.0556009347,779158.0009285355,5250969.539750608,-91206.37697539832,40.5963840962845,-0.41679483838379383,0.07888987427577376,0.6651688925921917
2026-04-23 07:47:35.200,3509417.9940885003,779157.9806791736,5250969.416516671,-91211.26189204163,41.109215641189365,-0.615124343894422,-0.2024936187081039,-1.2323393672704697
2026-04-23 07:47:35.300,3509418.0471256105,779158.0350907649,5250969.471123087,-91215.99214648081,41.24034701132748,0.5303711025044322,0.5441159126348794,0.5460641626268625
2026-04-23 07:47:35.400,3509418.0548607274,779158.0751233362,5250969.4750467455,-91220.81767695537,41.433489095868374,0.07735116872936487,0.4003257129807025,0.039236582815647125
2026-04-23 07:47:35.500,3509417.9933401216,779158.1346134255,5250969.608964272,-91225.57330308518,41.107591910548265,-0.6152060581371188,0.594900893047452,1.3391752634197474
2026-04-23 07:47:35.600,3509417.9790354343,779158.089924043,5250969.54819077,-91230.38565541104,41.17138218592775,-0.14304687269032001,-0.44689382426440716,-0.6077350210398436
2026-04-23 07:47:35.700,3509417.994266451,779158.0675818082,5250969.51949425,-91235.17852454835,41.4726504273298,0.1523101655766368,-0.2234223484992981,-0.2869651932269335
2026-04-23 07:47:35.800,3509417.9700921737,779158.055053572,5250969.527314367,-91239.97286431516,41.35183567951487,-0.2417427720502019,-0.1252823614049703,0.07820116356015205
2026-04-23 07:47:35.900,3509418.042532116,779158.1036658922,5250969.5610705195,-91244.73409513754,41.35710767987677,0.7243994250893593,0.4861232009716332,0.3375615272670984
2026-04-23 07:47:36.000,3509418.0058616027,779158.1202081178,5250969.629659209,-91249.50451480814,41.084286534213724,-0.36670513451099396,0.1654222561046481,0.685886899009347
2026-04-23 07:47:36.100,3509417.97552889,779158.0971459389,5250969.616276034,-91254.30349638173,41.47994396123596,-0.30332712922245264,-0.23062178865075111,-0.13383175246417522
2026-04-23 07:47:36.200,3509418.0697769616,779158.055554709,5250969.619607881,-91259.05001518392,41.2839348046248,0.9424807177856565,-0.4159122984856367,0.03331846557557583
2026-04-23 07:47:36.300,3509418.1534152306,779158.0214814043,5250969.69025753,-91263.7802241143,41.34852288217672,0.8363826898857951,-0.3407330473419279,0.7064964901655912
2026-04-23 07:47:36.400,3509418.137250806,779158.0376021758,5250969.657203062,-91268.63787669904,41.588986318858154,-0.16164424363523722,0.16120771528221667,-0.3305446729063988
2026-04-23 07:47:36.500,3509418.1480604345,779158.0117812374,5250969.674608179,-91273.42532455022,41.52181139544763,0.10809628292918205,-0.25820938404649496,0.1740511693060398
2026-04-23 07:47:36.600,3509418.128877332,779158.0523845459,5250969.7317437045,-91278.19814607348,41.706695198913486,-0.19183102529495955,0.40603308472782373,0.5713552515953779
2026-04-23 07:47:36.700,3509418.0839841263,779158.0665118665,5250969.7903096825,-91282.99780841284,41.31343612373819,-0.44893205631524324,0.14127320609986782,0.5856597796082497
2026-04-23 07:47:36.800,3509418.037704914,779158.0844727299,5250969.864627104,-91287.78002545715,41.162755770768946,-0.46279212459921837,0.1796086342073977,0.7431742176413536
2026-04-23 07:47:36.900,3509418.083907427,779158.1094085204,5250969.934310883,-91292.50359663181,40.960204378930015,0.4620251292362809,0.24935790454037488,0.6968377903103828
2026-04-23 07:47:37.000,3509418.071967832,779158.1814013274,5250969.911594452,-91297.3371396537,40.79329510725773,-0.11939594987779856,0.7199280697386712,-0.22716430947184563
2026-04-23 07:47:37.100,3509418.0680947294,779158.1638865522,5250969.9368046075,-91302.1287473718,41.31552341597588,-0.03873102366924286,-0.17514775157906115,0.2521015517413616
2026-04-23 07:47:37.200,3509418.036644788,779158.128325486,5250970.067432542,-91306.85578793653,41.11820825755067,-0.3144994145259261,-0.3556106623727828,1.3062793482095003
2026-04-23 07:47:37.300,3509418.0067124953,779158.16547001,5250970.075748656,-91311.70734062034,41.2700027423311,-0.2993229264393449,0.3714452404528856,0.08316113613545895
2026-04-23 07:47:37.400,3509417.9336660765,779158.2311901218,5250970.072880177,-91316.57156284865,40.844383105217176,-0.7304641883820295,0.6572011183016002,-0.028684791177511215
2026-04-23 07:47:37.500,3509417.933909559,779158.2255360197,5250970.065796809,-91321.3696011264,40.59529422854552,0.0024348264560103416,-0.056541021913290024,-0.07083367556333542
2026-04-23 07:47:37.600,3509417.8391792118,779158.2894813777,5250970.010730603,-91326.24716597244,41.060521339951656,-0.9473034739494324,0.6394535803701729,-0.5506620649248362
2026-04-23 07:47:37.700,3509417.8504002914,779158.3032545458,5250970.051330182,-91331.01322576821,41.19157493961245,0.11221079621464014,0.13773168087936938,0.40599578991532326
2026-04-23 07:47:37.800,3509417.877470149,779158.2862949797,5250969.953733222,-91335.85988444928,41.200560218876554,0.2706985780969262,-0.1695956604089588,-0.9759696014225483
2026-04-23 07:47:37.900,3509417.9561160738,779158.2893712053,5250970.018213665,-91340.61252572837,41.21931735095353,0.7864592457190156,0.03076225519180298,0.644804434850812
2026-04-23 07:47:38.000,3509417.9413960637,779158.3078397443,5250970.145257499,-91345.35591212181,41.27517948477819,-0.14720010105520487,0.1846853899769485,1.270438339561224
2026-04-23 07:47:38.100,3509417.901538079,779158.3501830776,5250970.188977934,-91350.17440740368,41.060885681032794,-0.3985798452049494,0.4234333336353302,0.43720435351133347
2026-04-23 07:47:38.200,3509417.917703271,779158.2860034344,5250970.103233094,-91355.0062633348,41.270152914809195,0.16165191773325205,-0.6417964317370206,-0.8574484009295702
2026-04-23 07:47:38.300,3509417.942772642,779158.33317056,5250970.238026517,-91359.76183454509,41.33045570757607,0.2506937086582184,0.4716712550725788,1.3479342311620712
2026-04-23 07:47:38.400,3509417.9480964146,779158.3246346064,5250970.355925911,-91364.5190109439,41.42932778308043,0.053237727843225,-0.08535953587852418,1.1789939366281033
2026-04-23 07:47:38.500,3509417.922955025,779158.3177506691,5250970.29989166,-91369.36833844664,41.533947702439356,-0.25141389574855566,-0.06883937283419073,-0.5603425111621618
2026-04-23 07:47:38.600,3509417.8931679837,779158.3158949818,5250970.368280562,-91374.15627422328,41.29600454942483,-0.2978704124689102,-0.018556872382760048,0.6838890165090561
2026-04-23 07:47:38.700,3509417.9174679276,779158.379104464,5250970.416307691,-91378.96435051411,40.99289723594004,0.24299943819642067,0.6320948211941868,0.4802712891250849
2026-04-23 07:47:38.800,3509417.8113983865,779158.4106800985,5250970.496277202,-91383.79266852641,41.08502154732593,-1.0606954107061028,0.31575634493492544,0.7996951136738062
2026-04-23 07:47:38.900,3509417.7642805926,779158.465366961,5250970.472156391,-91388.63983042636,41.10385720939076,-0.47117793932557106,0.5468686250969768,-0.24120811372995377
2026-04-23 07:47:39.000,3509417.8092352836,779158.4555696205,5250970.518519751,-91393.4208050298,41.008808189483524,0.4495469108223915,-0.09797340491786599,0.4636336024850607
2026-04-23 07:47:39.100,3509417.816790473,779158.462850118,5250970.604028724,-91398.19035330272,40.65020403542969,0.07555189542472363,0.07280497578904033,0.855089733377099
2026-04-23 07:47:39.200,3509417.873000231,779158.4637670257,5250970.609785427,-91402.99539862663,40.81934488042371,0.562097579240799,0.00916907680220902,0.05756703205406666
2026-04-23 07:47:39.300,3509417.8276733127,779158.4480126399,5250970.603959522,-91407.8327308775,40.93187067048449,-0.45326918363571167,-0.15754385851323605,-0.05825905129313469
2026-04-23 07:47:39.400,3509417.847658752,779158.4568036424,5250970.579579163,-91412.65579781355,40.49762123443474,0.19985439255833626,0.08791002561338246,-0.2438035886734724
2026-04-23 07:47:39.500,3509417.822862907,779158.4416812038,5250970.5065907715,-91417.51646742782,40.435169294916854,-0.2479584515094757,-0.151224386645481,-0.7298839185386896
2026-04-23 07:47:39.600,3509417.8316723346,779158.3882392037,5250970.488033867,-91422.34999002013,40.99183483833119,0.08809427730739117,-0.534420000622049,-0.18556904047727585
2026-04-23 07:47:39.700,3509417.8550017416,779158.3999567681,5250970.484905384,-91427.15479659563,41.48559237608766,0.2332940697669983,0.11717564426362514,-0.031284838914871216
2026-04-23 07:47:39.800,3509417.935093762,779158.3317783192,5250970.57863736,-91431.8702037863,41.0976592435679,0.8009202033281326,-0.6817844894248992,0.9373197611421347
2026-04-23 07:47:39.900,3509417.901103472,779158.3889018571,5250970.592867672,-91436.71107987648,41.233993552797244,-0.339902900159359,0.5712353787384927,0.14230312779545784
2026-04-23 07:47:40.000,3509417.930738093,779158.3740141676,5250970.6104179565,-91441.49846333665,41.38529433301125,0.2963462099432945,-0.14887689496390522,0.17550284042954445
2026-04-23 07:47:40.100,3509417.891424489,779158.3486162551,5250970.602289722,-91446.32656026367,41.38444374560314,-0.3931360365822911,-0.25397912482731044,-0.08128234185278416
2026-04-23 07:47:40.200,3509417.9108885527,779158.3802327801,5250970.6469824705,-91451.11668907126,41.592709014539814,0.19464063458144665,0.3161652502603829,0.44692748226225376
2026-04-23 07:47:40.300,3509417.9162054528,779158.3423520317,5250970.650927367,-91455.9273489746,41.63453581921335,0.05316900089383125,-0.37880748393945396,0.03944896161556244
2026-04-23 07:47:40.400,3509417.895221161,779158.3104403256,5250970.685987472,-91460.72616623675,41.684707936412266,-0.20984291564673185,-0.3191170608624816,0.3506010491400957
2026-04-23 07:47:40.500,3509417.879506299,779158.3028754331,5250970.727471362,-91465.53367635435,41.6023045077519,-0.15714862383902073,-0.07564892526715994,0.41483890265226364
2026-04-23 07:47:40.600,3509417.952631423,779158.3374788488,5250970.71301459,-91470.33920502065,41.67184688340446,0.7312512397766113,0.3460341563913971,-0.1445677224546671
2026-04-23 07:47:40.700,3509418.0055765314,779158.3544703798,5250970.851905292,-91475.06390030235,41.8307350831087,0.5294510861858726,0.16991531010717154,1.3889070227742195
2026-04-23 07:47:40.800,3509417.9982672646,779158.329663845,5250970.922750952,-91479.83487583304,42.03205313530744,-0.07309266831725836,-0.24806534755043685,0.7084565982222557
2026-04-23 07:47:40.900,3509417.9353440413,779158.381032253,5250970.887447885,-91484.70241610745,42.35627150865731,-0.6292322324588895,0.513684080215171,-0.3530306648463011
2026-04-23 07:47:41.000,3509417.9530174476,779158.3947612245,5250970.864680112,-91489.52054137463,42.61059655725688,0.17673406284302473,0.1372897147666663,-0.22767772898077965
2026-04-23 07:47:41.100,3509417.9556809934,779158.3907133997,5250970.981250775,-91494.26872131208,42.94522241305049,0.026635457761585712,-0.04047824768349528,1.1657066270709038
2026-04-23 07:47:41.200,3509417.9231873853,779158.415211521,5250971.084003876,-91499.03784341551,43.10425866483427,-0.32493608072400093,0.24498121230863035,1.0275310091674328
2026-04-23 07:47:41.300,3509417.892352723,779158.3969135428,5250971.01734403,-91503.89676197585,42.98679540436057,-0.3083466226235032,-0.18297978211194277,-0.6665984634310007
2026-04-23 07:47:41.400,3509417.9477882413,779158.3798183274,5250971.053435604,-91508.66397903432,42.88166438514323,0.554355182684958,-0.17095215385779738,0.360915744677186
2026-04-23 07:47:41.500,3509417.9582884354,779158.4180382319,5250971.116883842,-91513.4441423196,43.1510998671995,0.10500194039195776,0.3821990452706814,0.6344823818653822
2026-04-23 07:47:41.600,3509417.929642284,779158.4373204622,5250971.141876293,-91518.26564130103,43.111015467050315,-0.28646151535212994,0.1928223029244691,0.24992451071739197
2026-04-23 07:47:41.700,3509417.8596464605,779158.3866711289,5250971.047956931,-91523.15415349301,42.96476883817593,-0.6999582331627607,-0.5064933327957988,-0.939193619415164
2026-04-23 07:47:41.800,3509417.8566172556,779158.3578717543,5250971.0432306165,-91527.9812189491,42.70474611020419,-0.030292049050331116,-0.2879937458783388,-0.04726314917206764
2026-04-23 07:47:41.900,3509417.879633873,779158.409640076,5250971.077318313,-91532.79397763142,42.642063591548435,0.2301661716774106,0.5176832166034728,0.34087696112692356
2026-04-23 07:47:42.000,3509417.8788328134,779158.452862425,5250971.086365149,-91537.63871356854,42.47554869184195,-0.008010594174265862,0.43222349020652473,0.09046836756169796
2026-04-23 07:47:42.100,3509417.90348349,779158.4437717038,5250971.0715797115,-91542.45565708623,42.03518882677642,0.24650676641613245,-0.09090721257962286,-0.1478543784469366
2026-04-23 07:47:42.200,3509417.929777727,779158.4354698104,5250971.051626439,-91547.28277864521,42.160384506768246,0.2629423700273037,-0.08301893365569413,-0.19953272305428982
2026-04-23 07:47:42.300,3509417.9303679033,779158.4540221959,5250971.0850389125,-91552.0993979567,42.34947856830026,0.005901763215661049,0.18552385503426194,0.33412473276257515
2026-04-23 07:47:42.400,3509417.9297159333,779158.429329653,5250971.125894805,-91556.89962992436,42.403657128118176,-0.006519700400531292,-0.24692542850971222,0.40855892933905125
2026-04-23 07:47:42.500,3509417.932828733,779158.4399863747,5250971.199619152,-91561.68669851388,42.28668346444636,0.031127999536693096,0.10656721657142043,0.7372434623539448
2026-04-23 07:47:42.600,3509417.937580528,779158.4392349463,5250971.227038774,-91566.50058712736,42.43404476972148,0.04751794971525669,-0.007514284225180745,0.274196220561862
2026-04-23 07:47:42.700,3509417.8896192457,779158.4626574714,5250971.262572888,-91571.34680504863,42.79905934716348,-0.47961282543838024,0.23422525147907436,0.35534114576876163
2026-04-23 07:47:42.800,3509417.8508677506,779158.4311708813,5250971.240646828,-91576.2192332989,42.650762214334314,-0.3875149507075548,-0.3148659016005695,-0.21926060318946838
2026-04-23 07:47:42.900,3509417.782655875,779158.4114081538,5250971.179597837,-91581.123142753,42.78197574721212,-0.6821187539026141,-0.19762727431952953,-0.6104899104684591
2026-04-23 07:47:43.000,3509417.7921135933,779158.4159633055,5250971.208876929,-91585.94114161032,42.769448133412766,0.0945771811529994,0.04555151681415737,0.2927909232676029
2026-04-23 07:47:43.100,3509417.7615381726,779158.4190755497,5250971.186837601,-91590.80145000573,42.89145944792458,-0.3057542070746422,0.03112244186922908,-0.22039328701794147
2026-04-23 07:47:43.200,3509417.84024274,779158.4436248619,5250971.191737483,-91595.59433230893,43.09223065998997,0.7870456762611866,0.24549312191084027,0.04899882711470127
2026-04-23 07:47:43.300,3509417.869906434,779158.4159758469,5250971.298247811,-91600.36588240862,42.988741438077334,0.29663693625479937,-0.2764901495538652,1.065103281289339
2026-04-23 07:47:43.400,3509417.8449883005,779158.4032082363,5250971.199269708,-91605.26903905501,43.44291463003781,-0.2491813339293003,-0.12767610605806112,-0.9897810313850641
2026-04-23 07:47:43.500,3509417.889971182,779158.3740729383,5250971.144911662,-91610.10440126563,43.64578291236368,0.44982881750911474,-0.2913529798388481,-0.5435804650187492
2026-04-23 07:47:43.600,3509417.933725204,779158.4248171084,5250971.226996476,-91614.8769319855,43.32537064541258,0.43754021637141705,0.5074417009018362,0.8208481408655643
2026-04-23 07:47:43.700,3509417.880212454,779158.4855519895,5250971.170919332,-91619.75851659015,43.3645330646911,-0.5351274972781539,0.6073488108813763,-0.5607714410871267
2026-04-23 07:47:43.800,3509417.874333624,779158.4125742743,5250971.163479992,-91624.58346487992,43.417265066983596,-0.05878830328583717,-0.7297771517187357,-0.07439339533448219
2026-04-23 07:47:43.900,3509417.8666907833,779158.4438882399,5250971.072130138,-91629.50431741268,43.570992130499036,-0.07642840500921011,0.3131396556273103,-0.9134985413402319
2026-04-23 07:47:44.000,3509417.914802475,779158.4702537939,5250971.061783593,-91634.32987868076,43.56817815791178,0.4811169160529971,0.26365553960204124,-0.10346544906497002
2026-04-23 07:47:44.100,3509417.928580349,779158.459958262,5250971.009959421,-91639.1907169857,43.14274260838712,0.13777873944491148,-0.1029553182888776,-0.5182417202740908
2026-04-23 07:47:44.200,3509417.9445439493,779158.4613187613,5250970.940271541,-91644.05428624754,43.049656888057285,0.15963600482791662,0.013604993000626564,-0.6968788057565689
2026-04-23 07:47:44.300,3509417.960588571,779158.4390529387,5250970.957848261,-91648.85056103935,42.678660771639606,0.1604462182149291,-0.22265822626650333,0.1757672056555748
2026-04-23 07:47:44.400,3509418.064288968,779158.4678365634,5250971.031367728,-91653.61781921968,42.41982041733116,1.0370039707049727,0.28783624642528594,0.7351946644484997
2026-04-23 07:47:44.500,3509418.024921564,779158.5026227994,5250971.051580904,-91658.46198657346,42.23945872854994,-0.393674043007195,0.3478623600676656,0.20213176496326923
2026-04-23 07:47:44.600,3509417.983868536,779158.4989506627,5250971.117280638,-91663.26384040414,42.374369652155416,-0.4105302784591913,-0.03672136692330241,0.656997337937355
2026-04-23 07:47:44.700,3509417.925568406,779158.5641238043,5250971.072833787,-91668.14440205623,42.29490560801846,-0.5830013006925583,0.6517314165830612,-0.4444685112684965
2026-04-23 07:47:44.800,3509417.9963611616,779158.5397337538,5250971.097901525,-91672.93809919072,42.25065515754941,0.7079275557771325,-0.24390050559304655,0.2506773825734854
2026-04-23 07:47:44.900,3509418.0548220426,779158.4848019257,5250971.029823355,-91677.8106738708,42.15097858117028,0.5846088100224733,-0.5493182805366814,-0.6807816959917545
2026-04-23 07:47:45.000,3509417.995195915,779158.5509134113,5250970.902580713,-91682.73566414723,41.94626159620852,-0.5962612759321928,0.6611148559022695,-1.27242642454803
2026-04-23 07:47:45.100,3509417.979020617,779158.5362368608,5250970.930485439,-91687.55759033641,41.93863743821607,-0.16175298020243645,-0.14676550519652665,0.2790472563356161
2026-04-23 07:47:45.200,3509418.025883438,779158.5242828658,5250970.882033295,-91692.40209232186,41.86580709661608,0.46862821094691753,-0.11953994981013238,-0.4845214355736971
2026-04-23 07:47:45.300,3509418.010181981,779158.5190561231,5250970.881984447,-91697.26706372785,42.03114958623908,-0.15701456926763058,-0.05226742709055543,-0.0004884786903858185
2026-04-23 07:47:45.400,3509418.1178269004,779158.5245002133,5250970.9104573475,-91702.0760954191,42.37911189741898,1.076449193060398,0.05444090231321752,0.28472900390625
2026-04-23 07:47:45.500,3509418.154501297,779158.5151781061,5250970.917146797,-91706.8932578041,42.20761054273264,0.36674396600574255,-0.09322107187472284,0.06689449772238731
2026-04-23 07:47:45.600,3509418.1183612617,779158.517898514,5250970.803704274,-91711.81591437075,42.12495405976005,-0.3614003537222743,0.02720407908782363,-1.1344252340495586
2026-04-23 07:47:45.700,3509418.085543069,779158.5206496638,5250970.79758322,-91716.67425652553,42.232588316133096,-0.3281819261610508,0.027511497028172016,-0.06121054291725159
2026-04-23 07:47:45.800,3509418.164074527,779158.5091061473,5250970.838980552,-91721.4541128476,41.83422609318581,0.7853145804256201,-0.11543516418896616,0.41397332213819027
2026-04-23 07:47:45.900,3509418.122048878,779158.4595559268,5250970.618097207,-91726.42658118966,42.228382334651265,-0.4202564898878336,-0.49550220486707985,-2.2088334523141384
2026-04-23 07:47:46.000,3509418.142092003,779158.4659490114,5250970.569387822,-91731.30122825828,42.399375263818364,0.2004312491044402,0.06393084535375237,-0.4870938416570425
2026-04-23 07:47:46.100,3509418.1175803104,779158.4353668008,5250970.511431745,-91736.19917372956,42.41430167567627,-0.24511692579835653,-0.30582210631109774,-0.5795607715845108
2026-04-23 07:47:46.200,3509418.1360381753,779158.3858608637,5250970.631092743,-91740.96241327951,42.6380764808658,0.18457864876836538,-0.49505937029607594,1.196609977632761
2026-04-23 07:47:46.300,3509418.1612703265,779158.3857373454,5250970.641303108,-91745.80222633122,42.491577634851005,0.2523215115070343,-0.0012351828627288342,0.10210365056991577
2026-04-23 07:47:46.400,3509418.224628197,779158.3928175053,5250970.625175611,-91750.63385410205,42.65616272734183,0.6335787056013942,0.07080159848555923,-0.1612749695777893
2026-04-23 07:47:46.500,3509418.2555386336,779158.4025861558,5250970.550461387,-91755.50903511557,42.353870771502166,0.30910436529666185,0.0976865051779896,-0.7471422385424376
2026-04-23 07:47:46.600,3509418.2418792155,779158.4293663722,5250970.471624281,-91760.41912096142,42.49751168030262,-0.1365941809490323,0.26780216372571886,-0.7883710600435734
2026-04-23 07:47:46.700,3509418.2240530034,779158.4157632741,5250970.414038305,-91765.30131716057,42.27946952262503,-0.17826212104409933,-0.13603098108433187,-0.5758597608655691
2026-04-23 07:47:46.800,3509418.2047669687,779158.3802509569,5250970.429663317,-91770.14263075875,42.2339277281336,-0.19286034628748894,-0.3551231720484793,0.1562501210719347
2026-04-23 07:47:46.900,3509418.12165431,779158.374664176,5250970.302793682,-91775.08852607248,42.48548674668684,-0.8311265893280506,-0.055867808405309916,-1.2686963565647602
2026-04-23 07:47:47.000,3509418.1653104215,779158.3249463103,5250970.288081753,-91779.94225611689,42.13428075499538,0.4365611169487238,-0.49717865767888725,-0.1471192855387926
2026-04-23 07:47:47.100,3509418.1860516127,779158.3389440037,5250970.376013329,-91784.752042709,42.020881967961145,0.2074119122698903,0.1399769342970103,0.8793157618492842
2026-04-23 07:47:47.200,3509418.1863122964,779158.3460202067,5250970.341737144,-91789.6298378381,41.85647611060043,0.0026068370789289474,0.07076203008182347,-0.3427618555724621
2026-04-23 07:47:47.300,3509418.2020430807,779158.3832922685,5250970.293688044,-91794.50287305689,41.57416962173041,0.157307842746377,0.37272061803378165,-0.4804909974336624
2026-04-23 07:47:47.400,3509418.2066792543,779158.374804634,5250970.174461566,-91799.42697004804,41.96025012041979,0.04636173602193594,-0.08487634477205575,-1.1922647804021835
2026-04-23 07:47:47.500,3509418.280323936,779158.3514587781,5250970.30285746,-91804.17295285422,41.87351598711478,0.7364468183368444,-0.23345855879597366,1.2839589454233646
2026-04-23 07:47:47.600,3509418.2219696688,779158.3609904678,5250970.173414921,-91809.1533386591,41.61517005813121,-0.5835426738485694,0.09531689691357315,-1.2944253906607628
2026-04-23 07:47:47.700,3509418.211138108,779158.3443645561,5250970.192062269,-91813.97818114625,40.9956186162216,-0.108315609395504,-0.16625911695882678,0.18647347576916218
2026-04-23 07:47:47.800,3509418.1887045945,779158.347832154,5250970.183082606,-91818.83440416078,40.83491008251748,-0.22433513309806585,0.034675978822633624,-0.08979663252830505
2026-04-23 07:47:47.900,3509418.1492875842,779158.3326020481,5250970.137177667,-91823.71803847706,41.05257630041773,-0.3941701026633382,-0.1523010595701635,-0.4590493906289339
2026-04-23 07:47:48.000,3509418.2272695187,779158.2924104653,5250970.157217494,-91828.50752196467,41.51882891717508,0.7798193441703916,-0.4019158275332302,0.20039827562868595
2026-04-23 07:47:48.100,3509418.199905133,779158.381341476,5250970.258512321,-91833.35607026603,41.16756524289368,-0.2736438577994704,0.8893101068679243,1.0129482671618462
2026-04-23 07:47:48.200,3509418.203768254,779158.3781831989,5250970.187385547,-91838.25621117553,41.01858113160167,0.038631209172308445,-0.031582771334797144,-0.711267739534378
2026-04-23 07:47:48.300,3509418.247335275,779158.362230368,5250970.307785647,-91843.05899706266,41.02973866583503,0.4356702137738466,-0.15952830901369452,1.2040010001510382
2026-04-23 07:47:48.400,3509418.1886842786,779158.420798757,5250970.238846079,-91848.00525600977,41.52818968586378,-0.5865099653601646,0.5856838903855532,-0.6893956754356623
2026-04-23 07:47:48.500,3509418.2464272147,779158.365665356,5250970.167850375,-91852.88727201574,41.48996320853937,0.5774293607100844,-0.5513340095058084,-0.709957042708993
2026-04-23 07:47:48.600,3509418.284333838,779158.3964520895,5250970.253927284,-91857.70213500645,41.58841981028964,0.3790662344545126,0.3078673349227756,0.8607690874487162
2026-04-23 07:47:48.700,3509418.321137241,779158.4025747506,5250970.180255545,-91862.60168124232,42.2773117462141,0.36803402937948704,0.06122661055997014,-0.7367173861712217
2026-04-23 07:47:48.800,3509418.3612548974,779158.3978557079,5250970.160091884,-91867.43217526324,42.50542220270311,0.40117656346410513,-0.04719042684882879,-0.20163660869002342
2026-04-23 07:47:48.900,3509418.3264243715,779158.4109434373,5250970.111232331,-91872.35090000955,42.5255568718267,-0.3483052598312497,0.13087729341350496,-0.48859553411602974
2026-04-23 07:47:49.000,3509418.4284497555,779158.4859116576,5250970.263334274,-91877.08796356744,42.59137928453821,1.0202538408339024,0.7496822031680495,1.5210194326937199
2026-04-23 07:47:49.100,3509418.4647115353,779158.4770552911,5250970.298906379,-91881.91007016375,42.683493742477545,0.36261779721826315,-0.08856366504915059,0.3557210508733988
2026-04-23 07:47:49.200,3509418.374452362,779158.4809874999,5250970.183793599,-91886.88627327982,43.10070677732085,-0.9025917341932654,0.03932208870537579,-1.1511278059333563
2026-04-23 07:47:49.300,3509418.4231016575,779158.4682483127,5250970.178346799,-91891.72878685141,43.02314143719746,0.48649295698851347,-0.12739187222905457,-0.054468000307679176
2026-04-23 07:47:49.400,3509418.3652663464,779158.5031092523,5250970.199505978,-91896.5938935249,42.957740010357774,-0.5783531116321683,0.3486093960236758,0.21159179508686066
2026-04-23 07:47:49.500,3509418.322465694,779158.5049815804,5250970.174792912,-91901.47754094233,43.11992691553532,-0.4280065232887864,0.01872328110039234,-0.24713066406548023
2026-04-23 07:47:49.600,3509418.3083244087,779158.5413427246,5250970.186467193,-91906.34484899961,43.19782092933988,-0.14141285326331854,0.36361144157126546,0.1167428120970726
2026-04-23 07:47:49.700,3509418.384124001,779158.5644868745,5250970.2689915355,-91911.11293703322,42.98299567590837,0.7579959230497479,0.23144149919971824,0.8252434246242046
2026-04-23 07:47:49.800,3509418.3380926405,779158.604468815,5250970.184529439,-91916.0704764797,43.327890814811646,-0.46031360514461994,0.3998194052837789,-0.8446209691464901
2026-04-23 07:47:49.900,3509418.3876729975,779158.6376799159,5250970.153718484,-91920.95823765386,43.143435526602616,0.49580357037484646,0.33211100846529007,-0.30810954980552197
2026-04-23 07:47:50.000,3509418.3825186016,779158.6855758836,5250970.202285579,-91925.8433769944,43.22386820082291,-0.05154395941644907,0.4789596772752702,0.48567095771431923
2026-04-23 07:47:50.100,3509418.2406173516,779158.7932620196,5250970.1564741,-91930.82873540433,43.57079661990786,-1.419012499973178,1.0768613603431731,-0.4581147897988558
2026-04-23 07:47:50.200,3509418.2796152364,779158.7706643045,5250970.331707798,-91935.59491047436,43.14748664806627,0.3899788483977318,-0.22597715142183006,1.7523369751870632
2026-04-23 07:47:50.300,3509418.195624533,779158.8130559607,5250970.199858572,-91940.59888524175,43.30111934042265,-0.8399070333689451,0.4239165619947016,-1.3184922561049461
2026-04-23 07:47:50.400,3509418.2209510333,779158.8435719355,5250970.216349321,-91945.47180406789,43.46332044106901,0.25326500181108713,0.305159748531878,0.16490749083459377
2026-04-23 07:47:50.500,3509418.2045949,779158.7920392927,5250970.248023035,-91950.3294200261,43.6494527710577,-0.1635613339021802,-0.515326427994296,0.31673713587224483
2026-04-23 07:47:50.600,3509418.222211959,779158.7771987933,5250970.368245817,-91955.11600131253,43.65961189109341,0.176170589402318,-0.14840499497950077,1.2022278178483248
2026-04-23 07:47:50.700,3509418.2164600603,779158.8087750863,5250970.304210908,-91960.0395818425,43.92437808273721,-0.057518985122442245,0.3157629305496812,-0.6403490900993347
2026-04-23 07:47:50.800,3509418.064529502,779158.8225375621,5250970.113880237,-91965.12603658682,44.26340611370187,-1.5193055849522352,0.1376247580628842,-1.9033067114651203
2026-04-23 07:47:50.900,3509418.104592946,779158.8104704029,5250970.066307308,-91970.03887445391,44.66734260116482,0.40063444059342146,-0.12067159172147512,-0.47572928480803967
2026-04-23 07:47:51.000,3509418.0401792824,779158.8598996612,5250970.116541398,-91974.91900235545,44.72981363661273,-0.6441366346552968,0.49429258215241134,0.5023408960551023
2026-04-23 07:47:51.100,3509418.052879291,779158.8706930382,5250970.132682683,-91979.78007316768,44.85301554447705,0.12700008694082499,0.1079337706323713,0.16141285188496113
2026-04-23 07:47:51.200,3509418.063813214,779158.8414478278,5250970.0641703205,-91984.67925525128,45.034463114006115,0.10933923069387674,-0.29245210462249815,-0.6851236242800951
2026-04-23 07:47:51.300,3509418.055862793,779158.8319760562,5250970.063887359,-91989.55730605837,45.02233900273534,-0.07950421422719955,-0.09471771540120244,-0.002829618752002716
2026-04-23 07:47:51.400,3509418.028436871,779158.8616449938,5250970.063256093,-91994.46190369171,45.1266474210861,-0.27425921987742186,0.2966893755365163,-0.006312653422355652
2026-04-23 07:47:51.500,3509418.046869608,779158.9031864363,5250970.09807532,-91999.34709089824,45.489574012935215,0.18432737328112125,0.41541442507877946,0.3481922671198845
2026-04-23 07:47:51.600,3509418.030986169,779158.8874536202,5250970.0810255,-92004.23597871192,45.39718707058393,-0.15883439220488071,-0.15732816071249545,-0.170498201623559
2026-04-23 07:47:51.700,3509417.9846247686,779158.9117879872,5250970.179001297,-92009.09761415246,45.26213203968808,-0.4636140028014779,0.2433436701539904,0.9797579701989889
2026-04-23 07:47:51.800,3509417.973647418,779158.9190601645,5250970.208295144,-92013.98490965796,45.19056270291653,-0.10977350641041994,0.0727217725943774,0.29293847270309925
2026-04-23 07:47:51.900,3509417.8884260776,779158.9655433254,5250970.175150973,-92018.94286566651,45.41972846356699,-0.8522134041413665,0.4648316092789173,-0.33144171349704266
2026-04-23 07:47:52.000,3509417.8645585678,779158.9260087593,5250970.246559366,-92023.81146858481,45.35468131618461,-0.23867509793490171,-0.3953456610906869,0.7140839286148548
2026-04-23 07:47:52.100,3509417.7894055354,779158.9438756619,5250970.119895623,-92028.82375126869,45.520924691242705,-0.7515303231775761,0.1786690263543278,-1.2666374258697033
2026-04-23 07:47:52.200,3509417.779611624,779158.9395807436,5250970.196008568,-92033.67743883657,45.77519533881165,-0.09793911594897509,-0.0429491838440299,0.7611294463276863
2026-04-23 07:47:52.300,3509417.7476959373,779158.9014425718,5250970.120208321,-92038.6360430297,46.066008324035344,-0.31915686558932066,-0.38138171774335206,-0.7580024655908346
2026-04-23 07:47:52.400,3509417.717272403,779158.8726340069,5250970.082586474,-92043.54345068379,46.13375878071843,-0.30423534102737904,-0.28808564879000187,-0.37621847353875637
2026-04-23 07:47:52.500,3509417.7658860832,779158.8172796285,5250970.038660726,-92048.41467000321,46.27442845258748,0.486136800609529,-0.5535437841899693,-0.4392574820667505
2026-04-23 07:47:52.600,3509417.7501662206,779158.8446299894,5250970.027566333,-92053.3249768066,46.25712278767329,-0.15719862654805183,0.27350360876880586,-0.11094392277300358
2026-04-23 07:47:52.700,3509417.6636576583,779158.8196658142,5250969.877798082,-92058.33241438014,46.598913509379265,-0.8650856232270598,-0.24964175187051296,-1.4976825099438429
2026-04-23 07:47:52.800,3509417.666453235,779158.8008536578,5250969.991660024,-92063.14264467881,46.3661525821333,0.027955765835940838,-0.18812156398780644,1.1386194173246622
2026-04-23 07:47:52.900,3509417.528735619,779158.8144078123,5250969.8405124275,-92068.18694894729,46.44003912918564,-1.377176158130169,0.13554154546000063,-1.5114759653806686
2026-04-23 07:47:53.000,3509417.5130329346,779158.8374802903,5250969.876018229,-92073.07780663087,46.35218620213746,-0.157026844099164,0.23072478012181818,0.3550580143928528
2026-04-23 07:47:53.100,3509417.54281208,779158.8350856105,5250969.952027078,-92077.89175253364,46.293827690347086,0.2977914549410343,-0.023946798173710704,0.7600884884595871
2026-04-23 07:47:53.200,3509417.634097737,779158.8063918737,5250970.012544038,-92082.67798409716,45.809623965891916,0.9128565667197108,-0.2869373676367104,0.6051695998758078
2026-04-23 07:47:53.300,3509417.6623007846,779158.8154285908,5250969.950773397,-92087.58321078501,46.260467532953335,0.28203047811985016,0.09036717005074024,-0.6177064031362534
2026-04-23 07:47:53.400,3509417.651436808,779158.8242763664,5250969.931171937,-92092.47530484073,46.35024923703994,-0.10863976553082466,0.0884777563624084,-0.19601460546255112
2026-04-23 07:47:53.500,3509417.6152224513,779158.7539672304,5250969.867061133,-92097.42973930584,46.011167710875725,-0.36214356776326895,-0.7030913594644517,-0.6411080434918404
2026-04-23 07:47:53.600,3509417.6005620966,779158.7211781988,5250969.761927729,-92102.40047887823,46.32276669046291,-0.1466035470366478,-0.3278903162572533,-1.0513340402394533
2026-04-23 07:47:53.700,3509417.6238715053,779158.6949159316,5250969.804797154,-92107.24278306738,46.053828047995495,0.2330940868705511,-0.262622672598809,0.42869425378739834
2026-04-23 07:47:53.800,3509417.5707109077,779158.730215304,5250969.779228749,-92112.166195014,46.357759172851836,-0.531605975702405,0.35299372393637896,-0.2556840516626835
2026-04-23 07:47:53.900,3509417.655687079,779158.7395572814,5250969.861676692,-92116.97048400583,46.41743744458835,0.8497617114335299,0.09341977420262992,0.8244794327765703
2026-04-23 07:47:54.000,3509417.6470781,779158.7648153984,5250969.933710104,-92121.83895393972,46.62624696320996,-0.0860897870734334,0.2525811700616032,0.720334118232131
2026-04-23 07:47:54.100,3509417.6530515505,779158.731165723,5250970.02907113,-92126.65344381686,46.42805568733794,0.059734503738582134,-0.3364967543166131,0.953610260039568
2026-04-23 07:47:54.200,3509417.6783969495,779158.7293132512,5250970.007653409,-92131.54011447076,45.90656649052287,0.253453990444541,-0.01852471730671823,-0.21417721174657345
2026-04-23 07:47:54.300,3509417.67016343,779158.7272643051,5250970.071804101,-92136.40028841986,45.619395167059025,-0.08233519736677408,-0.020489461021497846,0.6415069196373224
2026-04-23 07:47:54.400,3509417.651921864,779158.6991823436,5250970.115209193,-92141.27162064228,45.56574530401222,-0.1824156567454338,-0.2808196155820042,0.4340509232133627
2026-04-23 07:47:54.500,3509417.6746104737,779158.6842923743,5250970.269049424,-92146.06763899434,45.27715290852137,0.22688609547913074,-0.14889969257637858,1.5384023077785969
2026-04-23 07:47:54.600,3509417.66954574,779158.6662056849,5250970.308378912,-92150.95724373503,45.2583661142552,-0.050647337920963764,-0.1808668940793723,0.39329487830400467
2026-04-23 07:47:54.700,3509417.623641394,779158.6804805077,5250970.323757623,-92155.87676838953,45.28981574122536,-0.4590434581041336,0.1427482278086245,0.15378711745142937
2026-04-23 07:47:54.800,3509417.641641325,779158.7088593632,5250970.378357558,-92160.71754240603,45.68521693008992,0.17999930772930384,0.2837885555345565,0.5459993425756693
2026-04-23 07:47:54.900,3509417.72382929,779158.7452423972,5250970.427664129,-92165.56021681978,45.87290940879054,0.8218796504661441,0.3638303396292031,0.4930657148361206
2026-04-23 07:47:55.000,3509417.7550412533,779158.754874317,5250970.4579933835,-92170.40512371394,45.914396791131225,0.3121196338906884,0.0963191979099065,0.3032925445586443
2026-04-23 07:47:55.100,3509417.723552633,779158.7585009629,5250970.425528799,-92175.30415744688,45.86567385021078,-0.31488620210438967,0.03626645891927183,-0.32464584335684776
2026-04-23 07:47:55.200,3509417.8454397535,779158.7462962201,5250970.502028281,-92180.10965566523,45.739989437736206,1.2188712041825056,-0.12204742757603526,0.7649948168545961
2026-04-23 07:47:55.300,3509417.8843279323,779158.7622825122,5250970.498493387,-92185.00907431553,45.25992847842113,0.38888178765773773,0.15986292040906847,-0.035348935052752495
2026-04-23 07:47:55.400,3509417.9148277813,779158.7422476773,5250970.55414645,-92189.82170878387,45.19502965334635,0.3049984900280833,-0.20034834858961403,0.5565306264907122
2026-04-23 07:47:55.500,3509418.0099527775,779158.6781156546,5250970.583044439,-92194.61585423292,45.37444220357108,0.9512499626725912,-0.641320226714015,0.28897988609969616
2026-04-23 07:47:55.600,3509418.018828788,779158.7326649707,5250970.643976778,-92199.47709473668,45.362956829498984,0.08876010309904814,0.5454931606072932,0.6093233916908503
2026-04-23 07:47:55.700,3509418.0493918955,779158.7280135725,5250970.678761092,-92204.35066278912,45.28275267332861,0.30563107691705227,-0.04651398165151477,0.3478431422263384
2026-04-23 07:47:55.800,3509418.0696293386,779158.745582854,5250970.808550615,-92209.17703730466,45.12649946379155,0.20237443037331104,0.17569281510077417,1.2978952284902334
2026-04-23 07:47:55.900,3509418.0746294376,779158.7117006266,5250970.857154239,-92214.03892653124,44.897050414913394,0.050000990740954876,-0.33882227377034724,0.4860362410545349
2026-04-23 07:47:56.000,3509418.057284072,779158.7269480075,5250970.817494028,-92218.95283640786,44.764750324430615,-0.17345365602523088,0.15247380826622248,-0.39660210721194744
2026-04-23 07:47:56.100,3509418.051417764,779158.7060587626,5250970.79776244,-92223.86143398212,44.517983280197065,-0.05866308230906725,-0.20889244857244194,-0.19731588661670685
2026-04-23 07:47:56.200,3509418.0703149717,779158.7255990886,5250970.86927418,-92228.72408112702,44.500990809700546,0.1889720791950822,0.19540325971320271,0.7151174079626799
2026-04-23 07:47:56.300,3509418.1068005115,779158.7386392326,5250970.904530208,-92233.61699082342,44.454227058560186,0.36485539749264717,0.13040143996477127,0.3525602724403143
2026-04-23 07:47:56.400,3509418.0764786787,779158.6774247761,5250970.949958861,-92238.509209466,44.43396265303971,-0.3032183274626732,-0.6121445645112544,0.4542865324765444
2026-04-23 07:47:56.500,3509418.0459172074,779158.6551704231,5250970.950217018,-92243.39921017247,44.36485628051068,-0.3056147135794163,-0.22254353039897978,0.0025815702974796295
2026-04-23 07:47:56.600,3509418.0604197034,779158.6687287514,5250971.011412695,-92248.24382844707,44.309932727938396,0.14502495992928743,0.13558328268118203,0.6119567714631557
2026-04-23 07:47:56.700,3509418.0492881886,779158.669373649,5250971.026114884,-92253.11141908384,43.52836535351069,-0.11131514795124531,0.006448976928368211,0.14702188782393932
2026-04-23 07:47:56.800,3509418.0281280107,779158.6140030944,5250970.904083556,-92258.07412350796,43.60661387806929,-0.21160177886486053,-0.5537055467721075,-1.2203132826834917
2026-04-23 07:47:56.900,3509418.0987594686,779158.6154184173,5250971.038043059,-92262.85788007759,43.1078362414527,0.7063145795837045,0.014153228839859366,1.3395950384438038
2026-04-23 07:47:57.000,3509418.0198639715,779158.6191857548,5250971.006361839,-92267.79811500451,43.085965712057856,-0.78895497135818,0.03767337533645332,-0.31681220047175884
2026-04-23 07:47:57.100,3509418.0431675278,779158.6579213472,5250970.9767996995,-92272.7224135913,43.50885751501562,0.23303556255996227,0.38735592388547957,-0.2956213988363743
2026-04-23 07:47:57.200,3509418.009229711,779158.6383301514,5250970.994423751,-92277.63079836893,43.358222294273695,-0.33937816973775625,-0.19591195741668344,0.17624051310122013
2026-04-23 07:47:57.300,3509417.979017319,779158.6309164761,5250970.997697028,-92282.54467259212,43.50571150119064,-0.3021239163354039,-0.07413675310090184,0.032732775434851646
2026-04-23 07:47:57.400,3509417.9003029335,779158.6983575014,5250970.941346987,-92287.54396233348,43.76488382107917,-0.7871438562870026,0.6744102528318763,-0.5635004118084908
2026-04-23 07:47:57.500,3509417.897063441,779158.7069328759,5250971.008286016,-92292.40713816784,43.777230746527756,-0.03239492420107126,0.0857537449337542,0.6693902891129255
2026-04-23 07:47:57.600,3509417.919822905,779158.680972435,5250971.071702956,-92297.26384120532,43.305507067765994,0.22759464103728533,-0.25960440863855183,0.6341694016009569
2026-04-23 07:47:57.700,3509417.8975353935,779158.6925735871,5250971.015827598,-92302.2348566963,43.28388643891341,-0.22287511732429266,0.11601152014918625,-0.5587535817176104
2026-04-23 07:47:57.800,3509417.947306404,779158.6753460618,5250971.115124272,-92307.07217355222,43.109545595825715,0.49771010410040617,-0.1722752524074167,0.9929667413234711
2026-04-23 07:47:57.900,3509417.9608703246,779158.6720606104,5250971.207310241,-92311.92470254503,42.810783030056065,0.13563920743763447,-0.03285451442934573,0.921859685331583
2026-04-23 07:47:58.000,3509417.912881047,779158.6915813134,5250971.268856204,-92316.80682663825,42.72333931616415,-0.4798927763476968,0.19520703004673123,0.6154596339911222
2026-04-23 07:47:58.100,3509417.9289305275,779158.6446056443,5250971.249796841,-92321.69373765065,42.48720114674611,0.1604948053136468,-0.46975669101811945,-0.19059362821280956
2026-04-23 07:47:58.200,3509417.9380001435,779158.590598041,5250971.207239438,-92326.62696707438,42.47429220451399,0.09069615975022316,-0.5400760332122445,-0.42557403445243835
2026-04-23 07:47:58.300,3509417.9431904647,779158.5667853126,5250971.221390683,-92331.5317532031,42.09546063821047,0.05190321244299412,-0.23812728351913393,0.1415124535560608
2026-04-23 07:47:58.400,3509417.8889021133,779158.5472590226,5250971.155288793,-92336.47749480144,41.72747679932416,-0.5428835144266486,-0.19526290008798242,-0.6610189005732536
2026-04-23 07:47:58.500,3509417.8785877065,779158.4978542556,5250971.181621928,-92341.37237082126,41.767484948029285,-0.10314406827092171,-0.4940476699266583,0.2633313462138176
2026-04-23 07:47:58.600,3509417.840858558,779158.4723252935,5250971.127469219,-92346.34112798043,41.76037764569413,-0.377291482873261,-0.255289621418342,-0.541527085006237
2026-04-23 07:47:58.700,3509417.8309566197,779158.4953173408,5250971.263234841,-92351.19141069484,41.37082898051551,-0.09901938494294882,0.2299204736482352,1.3576562143862247
2026-04-23 07:47:58.800,3509417.7977522626,779158.5316785609,5250971.2457416905,-92356.16305854238,41.674501946792425,-0.33204357139766216,0.36361220059916377,-0.1749315019696951
2026-04-23 07:47:58.900,3509417.847140062,779158.5067226145,5250971.269024096,-92361.07014523716,41.688602826920686,0.49387799575924873,-0.2495594637002796,0.2328240592032671
2026-04-23 07:47:59.000,3509417.878498705,779158.4788255808,5250971.365481808,-92365.8801503254,41.51010949925796,0.3135864296928048,-0.2789703372400254,0.9645771142095327
2026-04-23 07:47:59.100,3509417.907467749,779158.4789699519,5250971.405449651,-92370.7377382278,41.36438539541836,0.28969043865799904,0.0014437106437981129,0.3996784333139658
2026-04-23 07:47:59.200,3509417.873482293,779158.562346778,5250971.480146908,-92375.63673590538,41.3206852086379,-0.33985455986112356,0.8337682613637298,0.7469725701957941
2026-04-23 07:47:59.300,3509417.90297799,779158.5532873035,5250971.401835524,-92380.58531804706,41.64908953909975,0.29495697002857924,-0.09059474454261363,-0.7831138465553522
2026-04-23 07:47:59.400,3509418.031711465,779158.5230787075,5250971.50980837,-92385.38456595363,41.57869132266248,1.2873347522690892,-0.30208596028387547,1.079728463664651
2026-04-23 07:47:59.500,3509418.1045944607,779158.509562286,5250971.675379748,-92390.16399799829,41.3377783054818,0.7288299547508359,-0.1351642154622823,1.6557137854397297
2026-04-23 07:47:59.600,3509418.070300325,779158.5019775229,5250971.582484121,-92395.13008120192,41.65783519054387,-0.34294135868549347,-0.07584763108752668,-0.9289562702178955
2026-04-23 07:47:59.700,3509418.129554116,779158.4494380341,5250971.54547526,-92400.03475192604,41.987951464514744,0.5925379134714603,-0.525394887663424,-0.3700886107981205
2026-04-23 07:47:59.800,3509418.094973392,779158.4748719315,5250971.505496298,-92405.00274623862,41.89694392245599,-0.3458072431385517,0.25433897390030324,-0.39978962391614914
2026-04-23 07:47:59.900,3509418.148712406,779158.4414082698,5250971.594197504,-92409.8299007813,41.82000818565749,0.5373901408165693,-0.3346366167534143,0.8870120625942945
2026-04-23 07:48:00.000,3509418.2010443374,779158.4138135316,5250971.539915586,-92414.74839760958,41.28643536266056,0.5233193142339587,-0.2759473817422986,-0.542819183319807
