datetime,X-ECEF,Y-ECEF,Z-ECEF,cdt,std_X,std_Y,std_Z,PDOP,nsats,VX-ECEF,VY-ECEF,VZ-ECEF,cdtdot,std_VX,std_VY,std_VZ,std_V3D
2026-04-23 07:43:07.700,3509418.7878,779162.1415,5250975.0902,,5.082,2.4168,5.6356,7.964146759069674,16,0.7979999994859099,0.5249999999068677,0.9699999913573265,,62.69324799370343,29.70545754571035,69.44591518584804,98.16105484355799
2026-04-23 07:43:07.800,3509418.8676,779162.194,5250975.1872,,3.6712,1.7272,4.058,5.738317983520955,16,0.8869999973103404,0.5579999997280538,1.9919999968260527,,59.11456004234489,28.0076407431972,65.4799283521294,92.55582189144019
2026-04-23 07:43:07.900,3509418.8765,779162.1973,5250975.2894,,3.0197,1.4154,3.3341,4.715736216117267,16,0.07600000128149986,-0.17500000074505806,2.199000008404255,,45.13070955568946,21.192460546147068,49.856871392015755,70.50963731292339
2026-04-23 07:43:08.000,3509418.8752,779162.1765,5250975.4071,,2.6249,1.228,2.8965,4.097291332087578,16,0.08400000166147947,-0.21300000022165477,1.7029999941587448,,38.282106903878734,17.9227715769632,42.253239130272604,59.766894406519064
2026-04-23 07:43:08.100,3509418.8849,779162.176,5250975.4597,,2.353,1.0995,2.5956,3.671872629871576,16,0.6209999974817038,-0.14199999975971878,1.0379999969154596,,33.93782764114403,15.865069334862673,37.440611653657584,52.96485599904903
2026-04-23 07:43:08.200,3509418.9373,779162.1623,5250975.5109,,2.1512,1.0045,2.3724,3.3563318444397,16,1.159999999217689,-0.25399999925866723,1.193000003695488,,30.841283112088576,14.403278828100216,34.014852520626924,48.12119467552733
2026-04-23 07:43:08.300,3509419.0009,779162.1506,5250975.579,,1.9938,0.9304,2.1984,3.1102805596923244,16,1.186000001616776,-0.18299999996088445,1.1539999954402447,,28.4806665827891,13.293377072813364,31.40447587526338,44.43088281814801
2026-04-23 07:43:08.400,3509419.0559,779162.144,5250975.6263,,1.8665,0.8707,2.0577,2.9113690988948826,16,0.9820000035688281,-0.06600000080652535,1.1050000041723251,,26.600103533633092,12.409066725584161,29.326512851002246,41.49210528522263
2026-04-23 07:43:08.500,3509419.0991,779162.144,5250975.6895,,1.7608,0.8211,1.941,2.746288923256255,16,0.8539999974891543,0.04399999976158142,1.4199999999254942,,25.054073401345338,11.684481717217926,27.61785962018056,39.07658988448198
2026-04-23 07:43:08.600,3509419.1413,779162.1484,5250975.7683,,1.6713,0.7792,1.8421,2.6064782254989205,16,0.9929999988526106,0.07900000084191561,1.6579999960958958,,23.75199244274046,11.074307292106354,26.17981520179239,37.04295008500268
2026-04-23 07:43:08.700,3509419.1984,779162.1519,5250975.8553,,1.5941,0.7431,1.7568,2.48589996982984,16,0.921000000089407,0.20600000047124922,1.4940000046044588,,22.637053540600196,10.551705501955597,24.947549318520245,35.30091923732298
2026-04-23 07:43:08.800,3509419.2334,779162.169,5250975.9177,,1.5268,0.7115,1.6824,2.380718431482396,16,0.7450000010430813,0.2689999993890524,1.0170000046491623,,21.665250171645837,10.097738855803312,23.87480917201224,33.78392972997664
2026-04-23 07:43:08.900,3509419.2729,779162.1788,5250975.957,,1.4672,0.6837,1.6167,2.2877588203304997,16,0.9290000004693866,0.1600000006146729,0.9719999972730875,,20.81124667097096,9.69732674503649,22.930646240348306,32.449355478961365
2026-04-23 07:43:09.000,3509419.3263,779162.185,5250976.0149,,1.4142,0.6589,1.5581,2.2049459086335883,16,1.0949999978765845,0.11599999968893826,1.2679999973624945,,20.049932892655775,9.34186945958891,22.09060445076141,31.261240202525553
2026-04-23 07:43:09.100,3509419.3824,779162.1904,5250976.0838,,1.3665,0.6366,1.5054,2.130448537280354,16,1.0970000037923455,0.08899999898858368,1.2480000033974648,,19.367716773022057,9.02342207812535,21.336740378980103,30.195812441462806
2026-04-23 07:43:09.200,3509419.436,779162.1939,5250976.1397,,1.3233,0.6165,1.4577,2.0630279760584926,16,0.9769999980926514,0.0750000006519258,1.0360000003129244,,18.750257224902274,8.734890783518704,20.654759257856288,29.231653100705746
2026-04-23 07:43:09.300,3509419.4801,779162.1979,5250976.1874,,1.2839,0.5981,1.4142,2.001520536991814,16,0.7889999961480498,0.06700000027194619,0.835999995470047,,18.188945269036356,8.473381497371637,20.034631641235634,28.355288554342028
2026-04-23 07:43:09.400,3509419.5149,779162.2006,5250976.2233,,1.2479,0.5813,1.3744,1.9452864724764836,16,0.6900000013411045,0.13900000019930303,0.7369999960064888,,17.674544690033745,8.23318437786984,19.466388802240644,27.552044352461397
2026-04-23 07:43:09.500,3509419.5491,779162.2118,5250976.2611,,1.2147,0.5658,1.3377,1.8934273210239678,16,0.6090000038966537,0.20299999974668026,0.6230000033974648,,17.20275332613939,8.012876761812825,18.944312602995126,26.814695523164158
2026-04-23 07:43:09.600,3509419.5758,779162.2209,5250976.2856,,1.1841,0.5515,1.3038,1.84557294626899,16,0.5599999986588955,0.16699999920092523,0.6000000052154064,,16.76576109217831,7.809587249016429,18.46127996645953,26.132341188649743
2026-04-23 07:43:09.700,3509419.6051,779162.2285,5250976.3211,,1.1556,0.5383,1.2723,1.8010900976908402,16,0.44199999887496233,0.1400000008288771,0.48399999737739563,,16.361416870185785,7.620518748746702,18.013726543944205,25.500247292918555
2026-04-23 07:43:09.800,3509419.62,779162.2349,5250976.334,,1.1291,0.5259,1.243,1.7596836704362522,16,0.21600000094622374,0.09700000053271651,0.20899999886751175,,15.984022804037787,7.444940429580346,17.596677669378387,24.911025430519715
2026-04-23 07:43:09.900,3509419.6267,779162.2382,5250976.342,,1.1043,0.5143,1.2156,1.7209492554982557,16,0.24499999824911356,0.07899999967776239,0.2870000060647726,,15.63215922385644,7.280680325354217,17.2072978994379,24.36111263879382
2026-04-23 07:43:10.000,3509419.6445,779162.2428,5250976.3627,,1.0811,0.5035,1.1899,1.6846814149862281,16,0.4130000015720725,0.1009999995585531,0.4619999974966049,,15.30157877475393,7.1270474251263405,16.84203031109967,23.845064541745323
2026-04-23 07:43:10.100,3509419.668,779162.2483,5250976.3882,,1.0592,0.4934,1.1657,1.6505164918897357,16,0.45799999963492155,0.12600000016391277,0.480999993160367,,14.992247663375894,6.982654867598713,16.49873455753501,23.36093322194128
2026-04-23 07:43:10.200,3509419.6903,779162.2554,5250976.4108,,1.0387,0.4838,1.1429,1.6183882537883176,16,0.3349999990314245,0.15699999989010394,0.38499999791383743,,14.699922210678533,6.847471066021382,16.175272640669768,22.904475938121788
2026-04-23 07:43:10.300,3509419.7015,779162.264,5250976.4267,,1.0193,0.4748,1.1214,1.5880634401685596,16,0.2410000003874302,0.17699999967589974,0.4430000018328428,,14.424626511629336,6.7186671297214895,15.870228794822085,22.47386259635846
2026-04-23 07:43:10.400,3509419.7144,779162.2731,5250976.4551,,1.0009,0.4662,1.1011,1.559347446850765,16,0.23700000252574682,0.19000000087544322,0.5790000036358833,,14.16419690628452,6.597656023164591,15.581492868143282,22.06663678497473
2026-04-23 07:43:10.500,3509419.7252,779162.283,5250976.4846,,0.9835,0.4581,1.0818,1.5321289436597694,16,0.35800000187009573,0.1720000000204891,0.6689999997615814,,13.916524063141628,6.482303602886863,15.307647663831302,21.679805787875498
2026-04-23 07:43:10.600,3509419.7502,779162.2903,5250976.522,,0.9669,0.4504,1.0634,1.5061790497812668,16,0.49399999901652336,0.15699999989010394,0.6199999991804361,,13.682301304970592,6.373328957460143,15.047947501237504,21.313503114223153
2026-04-23 07:43:10.700,3509419.7746,779162.2987,5250976.5466,,0.9512,0.4431,1.046,1.4816325624121522,16,0.5120000010356307,0.16300000017508864,0.5590000003576279,,13.458699974366024,6.269317107947244,14.79958800102219,20.96350989219124
2026-04-23 07:43:10.800,3509419.8014,779162.3066,5250976.5779,,0.9362,0.4361,1.0293,1.4581193846870015,16,0.5750000011175871,0.16899999929592013,0.7349999994039536,,13.245741504347727,6.170267174118151,14.563981461125252,20.63083665293291
2026-04-23 07:43:10.900,3509419.8321,779162.3156,5250976.6201,,0.9218,0.4294,1.0134,1.4356459034176918,16,0.6359999999403954,0.15699999989010394,0.7990000024437904,,13.042683964583363,6.076156844585235,14.338276500332947,20.31298747107377
2026-04-23 07:43:11.000,3509419.865,779162.3223,5250976.6578,,0.9081,0.4231,0.9982,1.4142356451454616,16,0.5909999972209334,0.0890000001527369,0.6230000033974648,,12.848113635861102,5.98559403902403,14.122494538855378,20.008653427954613
2026-04-23 07:43:11.100,3509419.8912,779162.3245,5250976.6824,,0.895,0.417,0.9836,1.3936939979780354,16,0.47799999825656414,0.03600000054575503,0.4059999994933605,,12.662747964008442,5.899295042630094,13.916613560776918,19.718493882647323
2026-04-23 07:43:11.200,3509419.9128,779162.3259,5250976.6984,,0.8825,0.4111,0.9697,1.374091536252225,16,0.4210000019520521,0.06799999973736703,0.3179999999701977,,12.484474998973724,5.816521726943001,13.71852269743357,19.439442018741175
2026-04-23 07:43:11.300,3509419.9333,779162.3313,5250976.7142,,0.8704,0.4055,0.9563,1.3551885846626661,16,0.419000000692904,0.08999999961815774,0.23799999617040157,,12.313990782845337,5.73727505005643,13.528938058842607,19.17245052151654
2026-04-23 07:43:11.400,3509419.9547,779162.3349,5250976.7222,,0.8588,0.4002,0.9434,1.3370493782953567,16,0.48599999863654375,0.08400000049732625,0.29999999329447746,,12.149861933371916,5.660876698886843,13.346425326655824,18.915383659867963
2026-04-23 07:43:11.500,3509419.9819,779162.3397,5250976.7442,,0.8477,0.395,0.931,1.3196140685821744,16,0.513999997638166,0.0910000002477318,0.3770000021904707,,11.992107571232005,5.58802326408901,13.170984663266449,18.66846230946727
2026-04-23 07:43:11.600,3509420.0061,779162.344,5250976.7599,,0.837,0.39,0.9191,1.3028483449734278,16,0.47400000039488077,0.07499999948777258,0.27300000190734863,,11.840028927329529,5.517282302003405,13.001918166178404,18.430316464998644
2026-04-23 07:43:11.700,3509420.0293,779162.3472,5250976.7715,,0.8266,0.3852,0.9076,1.2866174101107135,16,0.5000000027939677,0.05799999926239252,0.3029999975115061,,11.6943058366027,5.449370238844118,12.83852705726011,18.20110441704019
2026-04-23 07:43:11.800,3509420.0561,779162.3498,5250976.7902,,0.8167,0.3806,0.8964,1.2709792327178284,16,0.5569999990984797,0.06500000017695129,0.35500000230968,,11.552826364141373,5.383588487245286,12.681491434370013,17.97973990356924
2026-04-23 07:43:11.900,3509420.085,779162.3537,5250976.807,,0.8071,0.3761,0.8857,1.2559164422842788,16,0.5780000006780028,0.09500000043772161,0.29200000688433647,,11.417021196441741,5.3206353004129125,12.529397910514295,17.766354296816214
2026-04-23 07:43:12.000,3509420.1139,779162.3593,5250976.8194,,0.7978,0.3718,0.8754,1.2413884323611204,16,0.5480000004172325,0.11100000003352761,0.24500000290572643,,11.285459007058595,5.259795623405914,12.38228000006461,17.559837499248108
2026-04-23 07:43:12.100,3509420.1398,779162.3648,5250976.8315,,0.7888,0.3677,0.8653,1.2272541790517562,16,0.5669999960809946,0.10799999930895865,0.30199999921023846,,11.158139853936229,5.20038652409607,12.240819090240652,17.360465345145563
2026-04-23 07:43:12.200,3509420.1706,779162.3701,5250976.8496,,0.7801,0.3636,0.8556,1.213594796462147,16,0.5890000006183982,0.09799999999813735,0.30199999921023846,,11.0350637968251,5.14380578949089,12.102886143395715,17.1671553846291
2026-04-23 07:43:12.300,3509420.1987,779162.3746,5250976.8617,,0.7717,0.3597,0.8462,1.2003996917693707,16,0.5990000022575259,0.09700000053271651,0.25299999862909317,,10.915531411708729,5.088624175550794,11.969911319638086,16.98003825084031
2026-04-23 07:43:12.400,3509420.2305,779162.3798,5250976.8749,,0.7635,0.356,0.8371,1.1876045890783682,16,0.6449999986216426,0.09900000062771142,0.27300000190734863,,10.800241895439195,5.034872193015429,11.841179544285273,16.799068307498487
2026-04-23 07:43:12.500,3509420.2632,779162.3845,5250976.889,,0.7556,0.3523,0.8283,1.1752138273522823,16,0.6229999987408519,0.07400000002235174,0.2919999975711107,,10.687781154196598,4.983948635369349,11.71599120860032,16.623262615984864
2026-04-23 07:43:12.600,3509420.2928,779162.3872,5250976.9041,,0.7479,0.3488,0.8197,1.1631525867228254,16,0.6000000005587935,0.06499999901279807,0.3109999932348728,,10.579563365281196,4.933025238127208,11.59434594964287,16.452682364891142
2026-04-23 07:43:12.700,3509420.3232,779162.391,5250976.9201,,0.7405,0.3453,0.8113,1.1514252168508383,16,0.5500000016763806,0.06700000027194619,0.2930000051856041,,10.473474351904432,4.884930296329723,11.476229040935003,16.2868057641761
2026-04-23 07:43:12.800,3509420.3478,779162.3939,5250976.9334,,0.7332,0.342,0.8032,1.140033543366159,16,0.5500000016763806,0.06700000027194619,0.31600000336766243,,10.371628078561242,4.836835535760959,11.360940894133723,16.125651149643538
2026-04-23 07:43:12.900,3509420.3782,779162.3977,5250976.9517,,0.7262,0.3387,0.7953,1.1289757393318955,16,0.5890000006183982,0.08099999977275729,0.3469999972730875,,10.271896611629227,4.790868919100167,11.249895688405292,15.969484587800572
2026-04-23 07:43:13.000,3509420.4067,779162.402,5250976.9681,,0.7194,0.3355,0.7877,1.1182879325111221,16,0.5759999994188547,0.09000000078231096,0.2689999993890524,,10.175007272724674,4.746303193012431,11.140978996479618,15.817066099627958
2026-04-23 07:43:13.100,3509420.4358,779162.4067,5250976.9786,,0.7127,0.3325,0.7802,1.107794917843551,16,0.5769999977201223,0.07400000002235174,0.2659999951720238,,10.080946384144696,4.702451488319682,11.035604650403165,15.669176749274353
2026-04-23 07:43:13.200,3509420.4644,779162.4094,5250976.9947,,0.7062,0.3295,0.7729,1.0975714555326228,16,0.4909999994561076,0.06499999901279807,0.24699999950826168,,9.989000450495533,4.660727518317285,10.932345036633265,15.52477629468457
2026-04-23 07:43:13.300,3509420.4849,779162.4132,5250977.0033,,0.6999,0.3266,0.7658,1.0876475578053766,16,0.4550000000745058,0.07699999958276749,0.2370000071823597,,9.899883231634604,4.619003572200394,10.831914050619124,15.384188116374553
2026-04-23 07:43:13.400,3509420.5099,779162.4171,5250977.0184,,0.6938,0.3237,0.7589,1.0779932003496127,16,0.5099999997764826,0.07800000021234155,0.28599999845027924,,9.812893813753412,4.578693809374023,10.734311715242853,15.247385677551414
2026-04-23 07:43:13.500,3509420.5359,779162.421,5250977.0319,,0.6878,0.3209,0.7522,1.0685740451648635,16,0.5140000022947788,0.08600000059232116,0.2829999942332506,,9.728031918121978,4.539085039961248,10.638837201499044,15.113661204354159
2026-04-23 07:43:13.600,3509420.5613,779162.4257,5250977.0467,,0.6819,0.3182,0.7456,1.059319692066564,16,0.49300000071525574,0.07900000084191561,0.31000000424683094,,9.645285273126968,4.50089068963022,10.54549026835642,14.983220948781337
2026-04-23 07:43:13.700,3509420.5852,779162.4289,5250977.0629,,0.6762,0.3156,0.7391,1.0502945348805734,16,0.4449999984353781,0.05799999926239252,0.27600000612437725,,9.563953000720987,4.463409459146673,10.454959445162855,14.855887654394804
2026-04-23 07:43:13.800,3509420.6058,779162.4315,5250977.0743,,0.6706,0.313,0.7329,1.0415448958158262,16,0.45799999963492155,0.06899999920278788,0.3099999949336052,,9.485449277709517,4.4273424308494596,10.365142063667047,14.731302691887095
2026-04-23 07:43:13.900,3509420.631,779162.4358,5250977.0939,,0.6652,0.3105,0.7267,1.0329541035302585,16,0.4399999976158142,0.09799999999813735,0.32999999821186066,,9.408359952722897,4.391976889738833,10.27886618260983,14.610331549968329
2026-04-23 07:43:14.000,3509420.6498,779162.4413,5250977.1073,,0.6599,0.3081,0.7207,1.0245985116132075,16,0.38499999791383743,0.13000000035390258,0.2290000021457672,,9.333397720016006,4.357324178896953,10.19329156847777,14.491438161894077
2026-04-23 07:43:14.100,3509420.6695,779162.4488,5250977.1168,,0.6547,0.3057,0.7148,1.0163776955443284,16,0.2930000005289912,0.1360000006388873,0.03999999724328518,,9.259849728802298,4.323384091195229,10.110545484789633,14.375659880506356
2026-04-23 07:43:14.200,3509420.6791,779162.4549,5250977.1113,,0.6496,0.3033,0.7091,1.0083619687394005,16,0.22499999962747097,0.11999999987892807,-0.06400000303983688,,9.188417600435887,4.290847235686677,10.02921377775945,14.262661637997304
2026-04-23 07:43:14.300,3509420.692,779162.4608,5250977.1104,,0.6447,0.3011,0.7035,1.0006055916293892,16,0.2940000034868717,0.13500000000931323,0.11599999852478504,,9.117698174429773,4.257608835954755,9.950009095473229,14.15140749183628
2026-04-23 07:43:14.400,3509420.7085,779162.4684,5250977.1229,,0.6398,0.2988,0.698,0.9928894601112451,16,0.3179999999701977,0.1540000003296882,0.24300000630319118,,9.049105425399794,4.226497012893774,9.8722186462821,14.043158013780234
2026-04-23 07:43:14.500,3509420.7238,779162.4762,5250977.1347,,0.635,0.2966,0.6926,0.9853381754504389,16,0.30099999625235796,0.13700000010430813,0.16700000502169132,,8.981916276608239,4.195374715088033,9.79584243442084,13.936804440042918
2026-04-23 07:43:14.600,3509420.7386,779162.4821,5250977.1396,,0.6304,0.2945,0.6873,0.9780162064096893,16,0.28100000228732824,0.11599999968893826,-0.010000001639127731,,8.915439641431039,4.164964825781845,9.720880464237794,13.832118890466493
2026-04-23 07:43:14.700,3509420.7519,779162.4878,5250977.1337,,0.6258,0.2924,0.6821,0.9707645492085092,16,0.22200000006705523,0.10799999930895865,-0.10900000110268593,,8.851791457100646,4.135267101409532,9.648034514863637,13.730958305959566
2026-04-23 07:43:14.800,3509420.7608,779162.4929,5250977.1287,,0.6214,0.2903,0.6771,0.9637823717001676,16,0.22899999748915434,0.11500000022351742,-0.03800000064074993,,8.788143376163136,4.10627142307958,9.575901106423354,13.630510298591172
2026-04-23 07:43:14.900,3509420.7748,779162.4993,5250977.1299,,0.617,0.2883,0.6721,0.9568303402380173,16,0.23200000170618296,0.142000000923872,0.01600000075995922,,8.726621625806862,4.077978052908082,9.50589422411169,13.533139140642868
2026-04-23 07:43:15.000,3509420.784,779162.5071,5250977.1303,,0.6127,0.2864,0.6672,0.9500432042807317,16,0.14000000432133675,0.1720000000204891,-0.026000002399086952,,8.66580204020378,4.04969443291713,9.436589267314753,13.436717121380504
2026-04-23 07:43:15.100,3509420.7888,779162.5165,5250977.1273,,0.6085,0.2844,0.6624,0.9433606786378156,16,0.1629999978467822,0.19699999946169555,-0.02199999988079071,,8.606396748930415,4.0228250024081325,9.368698575576012,13.34262714011
2026-04-23 07:43:15.200,3509420.8003,779162.5268,5250977.1281,,0.6044,0.2825,0.6577,0.936843049822114,16,0.2119999984279275,0.2119999995920807,0.021000001579523087,,8.547703434256478,3.9959460707071615,9.302222153872696,13.249987018861564
2026-04-23 07:43:15.300,3509420.81,779162.5377,5250977.1294,,0.6003,0.2807,0.6531,0.9304258111209082,16,0.22600000258535147,0.23200000054202974,0.13899999670684338,,8.490424312129518,3.969779087052577,9.237160007274962,13.159467162465202
2026-04-23 07:43:15.400,3509420.8229,779162.55,5250977.142,,0.5963,0.2789,0.6486,0.9241433113971015,16,0.16599999740719795,0.2119999995920807,0.1549999974668026,,8.433847579841599,3.9443237696720588,9.172809929350983,13.070115416475861
2026-04-23 07:43:15.500,3509420.8266,779162.5589,5250977.1449,,0.5924,0.2771,0.6441,0.9179253673365826,16,0.0279999990016222,0.1699999999254942,-0.010999999940395355,,8.378685159379126,3.9188684591346,9.109874038646199,12.98266921707551
2026-04-23 07:43:15.600,3509420.8257,779162.567,5250977.1409,,0.5886,0.2753,0.6397,0.9118421683602925,16,-0.06199999712407589,0.17700000084005296,-0.0839999970048666,,8.324937056819108,3.894115689087832,9.047640410626409,12.896841124864647
2026-04-23 07:43:15.700,3509420.8204,779162.5766,5250977.1365,,0.5849,0.2736,0.6354,0.905923909608307,16,-0.09099999908357859,0.1980000000912696,-0.018999995663762093,,8.271900628029812,3.8693629966701235,8.986821073104771,12.812465141415995
2026-04-23 07:43:15.800,3509420.8166,779162.5868,5250977.139,,0.5812,0.2719,0.6312,0.9000758245836847,16,-0.07000000216066837,0.19899999955669045,0.010000001639127731,,8.219575779807617,3.845321833084976,8.927416031528944,12.729755810698018
2026-04-23 07:43:15.900,3509420.8134,779162.5965,5250977.1375,,0.5775,0.2702,0.6271,0.8942978810217544,16,-0.13199999928474426,0.1839999994263053,-0.15300000086426735,,8.168656193034446,3.821983385625845,8.868722794179554,12.648665739911067
2026-04-23 07:43:16.000,3509420.8034,779162.6052,5250977.1237,,0.574,0.2686,0.623,0.8886793347434156,16,-0.18699999898672104,0.19300000043585896,-0.142000000923872,,8.117736753553912,3.798645021583354,8.811443752303024,12.568567738608882
2026-04-23 07:43:16.100,3509420.7947,779162.6158,5250977.1233,,0.5705,0.267,0.619,0.8831309359319263,16,-0.046999999321997166,0.20699999993667006,0.06799999624490738,,8.068240204654295,3.7760180084316333,8.754164723147492,12.48960415705798
2026-04-23 07:43:16.200,3509420.7987,779162.6259,5250977.1305,,0.567,0.2654,0.615,0.8775825659161649,16,0.071000000461936,0.2039999992121011,0.2780000027269125,,8.020149250481564,3.754093898665828,8.69829989135808,12.412752958147518
2026-04-23 07:43:16.300,3509420.8018,779162.6362,5250977.1511,,0.5637,0.2639,0.6111,0.8722637846431548,16,-0.03400000277906656,0.20099999965168536,0.4110000003129244,,7.971355530899371,3.732169878234377,8.64313768257801,12.335940580271938
2026-04-23 07:43:16.400,3509420.7953,779162.646,5250977.1716,,0.5603,0.2624,0.6073,0.8669504830150335,16,-0.19700000062584877,0.19700000062584877,0.3189999982714653,,7.9253902112135775,3.7109570194223482,8.588687094079047,12.261670277739487
2026-04-23 07:43:16.500,3509420.7821,779162.6559,5250977.183,,0.5571,0.2609,0.6035,0.8617664822908815,16,-0.27400000020861626,0.21800000104121864,0.03800000064074993,,7.878010726065304,3.6897441645729314,8.535650707473916,12.187477097414376
2026-04-23 07:43:16.600,3509420.7679,779162.6678,5250977.1754,,0.5538,0.2594,0.5998,0.8565879055882122,16,-0.43599999975413084,0.21100000012665987,-0.22499999962747097,,7.8334596443716995,3.668531313754866,8.48331709887117,12.115604854896844
2026-04-23 07:43:16.700,3509420.7385,779162.677,5250977.1605,,0.5507,0.2579,0.5962,0.8516086777387839,16,-0.3629999980330467,0.20900000003166497,0.04599999636411667,,7.788900628458421,3.648021518576884,8.433100734605272,12.045423280233866
2026-04-23 07:43:16.800,3509420.7316,779162.6887,5250977.18,,0.5477,0.2565,0.5928,0.8468644401555658,16,-0.34399999771267176,0.1919999998062849,0.12999999336898327,,7.745060684074721,3.627511819415617,8.383595887207349,11.976205033315019
2026-04-23 07:43:16.900,3509420.7041,779162.6962,5250977.1735,,0.5446,0.2551,0.5894,0.8420555385483787,16,-0.5690000019967556,0.17899999977089465,-0.24699999950826168,,7.703338107599846,3.608416411668698,8.336216467918764,11.910272540962275
2026-04-23 07:43:17.000,3509420.6747,779162.7066,5250977.1553,,0.5417,0.2538,0.5861,0.8374762922017553,16,-0.6920000026002526,0.1879999996162951,-0.4399999976158142,,7.6602013681103704,3.588617700452362,8.288837071628322,11.843212486483553
2026-04-23 07:43:17.100,3509420.6349,779162.715,5250977.1295,,0.5387,0.2524,0.5828,0.8328020713230725,16,-0.6789999967440963,0.1819999993313104,-0.4389999993145466,,7.619189786322427,3.5702331856616873,8.242871890306192,11.778945411198745
2026-04-23 07:43:17.200,3509420.6068,779162.7248,5250977.1114,,0.5358,0.2511,0.5796,0.8282928286542145,16,-0.3979999991133809,0.2590000000782311,-0.1679999940097332,,7.578170557595018,3.551137845817872,8.19690673364044,11.714458118069311
2026-04-23 07:43:17.300,3509420.5951,779162.7409,5250977.1127,,0.533,0.2498,0.5764,0.8238482870043489,16,-0.22200000006705523,0.3110000002197921,0.06599999964237213,,7.537862296433917,3.532753317173448,8.15446577036166,11.653112288140024
2026-04-23 07:43:17.400,3509420.5846,779162.7559,5250977.118,,0.5302,0.2485,0.5736,0.8196836279931422,15,-0.2909999992698431,0.23300000000745058,-0.0670000072568655,,7.498264865953989,3.5143687911202486,8.10991498105868,11.59074997573496
2026-04-23 07:43:17.500,3509420.566,779162.7642,5250977.106,,0.5274,0.2472,0.5705,0.8153090518324938,16,-0.3120000008493662,0.1780000003054738,-0.12199999764561653,,7.459370817971178,3.4966877183986558,8.068910769118716,11.531537581779803
2026-04-23 07:43:17.600,3509420.5534,779162.7737,5250977.1058,,0.5247,0.246,0.5675,0.8110994636911062,16,-0.4050000011920929,0.20100000081583858,-0.12799999676644802,,7.42469878176886,3.479006754808044,8.027180949748173,11.474548967170778
2026-04-23 07:43:17.700,3509420.5255,779162.7843,5250977.0932,,0.5226,0.2448,0.5647,0.8074180391841639,15,-0.5560000007972121,0.1879999996162951,-0.2900000009685755,,7.3921484021899895,3.4620363949560096,7.986162157131546,11.419647104880255
2026-04-23 07:43:17.800,3509420.4978,779162.7925,5250977.0768,,0.5207,0.2436,0.5619,0.8038663197323296,15,-0.29500000178813934,0.12499999953433871,-0.2969999983906746,,7.358225057716024,3.4450660371029174,7.947268272809216,11.365343329613935
2026-04-23 07:43:17.900,3509420.496,779162.7968,5250977.0635,,0.518,0.2424,0.5592,0.7998664888592345,15,-0.25299999862909317,0.08000000030733645,-0.5239999946206808,,7.332059260535201,3.4287993525431024,7.911189670334037,11.318245447064662
2026-04-23 07:43:18.000,3509420.4725,779162.8005,5250977.0244,,0.5162,0.2413,0.5569,0.7967595245743849,14,-0.48599999863654375,0.102999999653548,-0.6610000040382147,,7.3002147913605935,3.4125327837253074,7.875822496730104,11.26796769608433
2026-04-23 07:43:18.100,3509420.4474,779162.8071,5250976.9974,,0.5144,0.2402,0.5546,0.7936526696231796,13,-0.4029999999329448,0.14199999975971878,-0.5890000052750111,,7.2747591025407825,3.3969765969167347,7.843295863347244,11.224030470379166
2026-04-23 07:43:18.200,3509420.4322,779162.8147,5250976.9655,,0.5126,0.2391,0.5523,0.7905459252946662,13,-0.4689999995753169,0.18800000078044832,-0.681999996304512,,7.2500080689610265,3.3821243324277717,7.811473420552617,11.18125659306681
2026-04-23 07:43:18.300,3509420.4005,779162.8259,5250976.9292,,0.5109,0.2381,0.5501,0.7876042343715529,13,-0.605999999679625,0.19500000053085387,-0.6799999997019768,,7.225257088851579,3.36727218977023,7.779651020450725,11.138484277494852
2026-04-23 07:43:18.400,3509420.3716,779162.8342,5250976.8975,,0.5092,0.2371,0.5479,0.7846626408846034,13,-0.4350000014528632,0.1720000000204891,-0.4609999991953373,,7.201215591828923,3.3531301793995416,7.7485385718856685,11.09688415727586
2026-04-23 07:43:18.500,3509420.357,779162.8431,5250976.8831,,0.5075,0.2361,0.5457,0.7817211459337657,13,-0.38600000087171793,0.17099999939091504,-0.3490000031888485,,7.177174095700898,3.338988170089855,7.718130408330764,11.05577708711604
2026-04-23 07:43:18.600,3509420.333,779162.8513,5250976.8626,,0.5058,0.2351,0.5436,0.7788495425947171,13,-0.46999999787658453,0.18299999996088445,-0.3590000048279762,,7.153837361863911,3.32484616185471,7.687017952366184,11.014637352178237
2026-04-23 07:43:18.700,3509420.31,779162.8614,5250976.8472,,0.5042,0.2341,0.5414,0.7759732018568681,13,-0.4860000032931566,0.1679999998304993,-0.32699999399483204,,7.129795859630204,3.3107041547078775,7.657319700783036,10.974028248551214
2026-04-23 07:43:18.800,3509420.2844,779162.8681,5250976.8299,,0.5025,0.2331,0.5393,0.7731017720843744,13,-0.5860000010579824,0.14099999913014472,-0.4889999981969595,,7.107168564203328,3.297266291945496,7.62691156366717,10.934056429340393
2026-04-23 07:43:18.900,3509420.2514,779162.8755,5250976.7983,,0.5009,0.2322,0.5372,0.7703255740269825,13,-0.5979999992996454,0.14900000067427754,-0.542000001296401,,7.083831872651976,3.283124274224172,7.597213304890156,10.893907884684907
2026-04-23 07:43:19.000,3509420.2246,779162.883,5250976.7757,,0.4993,0.2312,0.5351,0.7675193417758278,13,-0.6490000011399388,0.1540000003296882,-0.42799999937415123,,7.061204571459461,3.2703964591468107,7.567515047887252,10.85464817486039
2026-04-23 07:43:19.100,3509420.1865,779162.8909,5250976.7555,,0.4977,0.2303,0.533,0.7647433425666417,13,-0.8039999986067414,0.13900000019930303,-0.43100000359117985,,7.039282136695474,3.256254443375087,7.538521141444123,10.815913599876804
2026-04-23 07:43:19.200,3509420.1442,779162.8969,5250976.7326,,0.4962,0.2293,0.531,0.7620721291321445,13,-0.7879999978467822,0.14500000048428774,-0.37200000137090683,,7.0166548297604034,3.2435266300741232,7.50952728205977,10.777147581804751
2026-04-23 07:43:19.300,3509420.1077,779162.9054,5250976.7183,,0.4946,0.2284,0.529,0.7593659987120835,13,-0.6680000014603138,0.21099999896250665,-0.12299999594688416,,6.99544173015543,3.2300888532670426,7.48124321219408,10.739584675395971
2026-04-23 07:43:19.400,3509420.0774,779162.918,5250976.7203,,0.4931,0.2275,0.527,0.7567250887872028,13,-0.7040000008419156,0.23699999903328717,-0.12500000186264515,,6.9699954806298114,3.2173610304098603,7.451550442693118,10.698497698275212
2026-04-23 07:43:19.500,3509420.0373,779162.9291,5250976.7058,,0.4911,0.2266,0.5248,0.753619141211262,14,-0.9669999964535236,0.174000000115484,-0.4130000062286854,,6.945260398286013,3.2046332083406983,7.4225621587158175,10.658365024711811
2026-04-23 07:43:19.600,3509419.9807,779162.9354,5250976.679,,0.4891,0.2257,0.5227,0.7505828335367123,14,-1.0550000006332994,0.13100000098347664,-0.6039999984204769,,6.916976362544546,3.1919053870689837,7.391449722483405,10.614440682391136
2026-04-23 07:43:19.700,3509419.9318,779162.9422,5250976.6454,,0.4871,0.2248,0.5205,0.7474768892748457,14,-1.0680000018328428,0.11300000012852252,-0.8009999990463257,,6.888692328737,3.179881916046569,7.361751489964871,10.57171301161737
2026-04-23 07:43:19.800,3509419.8739,779162.9467,5250976.5989,,0.4851,0.224,0.5184,0.7444706642977948,14,-1.2069999985396862,0.07899999967776239,-1.0030000004917383,,6.861112519118164,3.1671540852948725,7.332047531215274,10.529228414276137
2026-04-23 07:43:19.900,3509419.8111,779162.9501,5250976.5451,,0.4832,0.2231,0.5164,0.7415691538892377,14,-1.3100000005215406,0.05699999979697168,-1.1489999946206808,,6.832828477285229,3.1551361301851935,7.302349279512723,10.48650246745787
2026-04-23 07:43:20.000,3509419.7429,779162.9524,5250976.484,,0.4812,0.2222,0.5143,0.7385328496417746,14,-1.178999999538064,0.10799999930895865,-0.9669999964535236,,6.8059586393101155,3.1431126292260028,7.274065232041846,10.445681164959995
2026-04-23 07:43:20.100,3509419.6932,779162.9609,5250976.4484,,0.4793,0.2214,0.5123,0.7356614302789022,14,-1.0419999994337559,0.13900000019930303,-0.7299999985843897,,6.779083197601279,3.1303848006275525,7.245071290194459,10.404149941249404
2026-04-23 07:43:20.200,3509419.6387,779162.9663,5250976.411,,0.4775,0.2205,0.5103,0.7328250746255889,14,-1.0410000011324883,0.11400000075809658,-0.7309999968856573,,6.752917739762568,3.119071175847066,7.216787235328473,10.36400120609796
2026-04-23 07:43:20.300,3509419.5891,779162.9723,5250976.3753,,0.4757,0.2197,0.5083,0.7300188148260289,13,-1.0729999979957938,0.1360000006388873,-0.7129999995231628,,6.726757688515322,3.107047794933319,7.188503182165254,10.323642428910446
2026-04-23 07:43:20.400,3509419.5314,779162.9799,5250976.3397,,0.4738,0.2189,0.5063,0.7271473990876952,14,-0.9890000009909272,0.1879999996162951,-0.4360000044107437,,6.6998935066163545,3.0950297252207446,7.159514857865719,10.282336067256312
2026-04-23 07:43:20.500,3509419.4902,779162.9911,5250976.3317,,0.4718,0.218,0.5042,0.7241110964486043,14,-0.8310000039637089,0.1939999999012798,-0.18099999986588955,,6.6730236774643625,3.083716102367402,7.131230819430822,10.24172851622225
2026-04-23 07:43:20.600,3509419.4483,779162.9993,5250976.3216,,0.4699,0.2172,0.5022,0.7212396897010037,14,-0.7949999999254942,0.1500000001396984,-0.3070000000298023,,6.644739648774811,3.070988277411687,7.102236830745648,10.199279484355744
2026-04-23 07:43:20.700,3509419.4107,779163.0061,5250976.301,,0.4679,0.2163,0.5002,0.7182730260840928,14,-0.849999999627471,0.118999999249354,-0.5190000031143427,,6.617869823440167,3.059674655907062,7.073952784688345,10.158672058886435
2026-04-23 07:43:20.800,3509419.3633,779163.0112,5250976.2697,,0.466,0.2155,0.4982,0.7154016284577496,14,-1.022999999113381,0.0829999998677522,-0.7380000036209822,,6.590289978445561,3.0469468324865794,7.045668740439051,10.117176236480216
2026-04-23 07:43:20.900,3509419.3084,779163.0144,5250976.2272,,0.4641,0.2146,0.4962,0.712500112280693,15,-0.9789999993517995,0.087000000057742,-0.6940000038594007,,6.563420145015859,3.035633212362785,7.017384698019626,10.076568910100303
2026-04-23 07:43:21.000,3509419.2654,779163.0199,5250976.2003,,0.4622,0.2138,0.4942,0.70962871982467,15,-0.9970000013709068,0.08800000068731606,-0.5839999951422215,,6.536550313429859,3.0236097631804273,6.989100657452287,10.035747804722874
2026-04-23 07:43:21.100,3509419.2087,779163.0232,5250976.1688,,0.4603,0.213,0.4922,0.7067573345922913,15,-1.1739999987185001,0.09599999990314245,-0.6300000008195639,,6.510384704454875,3.0122961341807017,6.962225218994283,9.996580265270719
2026-04-23 07:43:21.200,3509419.148,779163.0295,5250976.1373,,0.4585,0.2122,0.4904,0.7040903706201357,14,-1.0129999974742532,0.14099999913014472,-0.5549999978393316,,6.484219151139171,3.0009825057803985,6.933236834264354,9.95594129151031
2026-04-23 07:43:21.300,3509419.1074,779163.0373,5250976.1133,,0.4567,0.2114,0.4883,0.7012144750359907,15,-0.8999999985098839,0.1500000001396984,-0.5509999953210354,,6.459467857339334,2.989668877986323,6.906372781714001,9.917702859029403
2026-04-23 07:43:21.400,3509419.058,779163.0445,5250976.0822,,0.455,0.2106,0.4863,0.6984733710027892,14,-0.9759999997913837,0.11799999978393316,-0.6300000008195639,,6.4333078583260725,2.978355250805383,6.877378715760823,9.877063733721677
2026-04-23 07:43:21.500,3509419.0098,779163.0491,5250976.0503,,0.4531,0.2098,0.4843,0.6956019982720003,15,-0.992000000551343,0.10500000091269612,-0.6290000025182962,,6.408562163231313,2.9677461144781234,6.848390540849725,9.837562655454855
2026-04-23 07:43:21.600,3509418.9588,779163.055,5250976.0193,,0.4513,0.2091,0.4822,0.6927563352290617,15,-0.98000000230968,0.11900000041350722,-0.6259999983012676,,6.383100892199652,2.956432478511897,6.820106524094767,9.79787339171108
2026-04-23 07:43:21.700,3509418.9118,779163.061,5250975.9877,,0.4496,0.2083,0.4802,0.6900152824394544,16,-0.9670000011101365,0.118999999249354,-0.7120000012218952,,6.357645240181304,2.9458285761394873,6.79181662002148,9.758398024266072
2026-04-23 07:43:21.800,3509418.8621,779163.0669,5250975.9481,,0.4478,0.2075,0.4783,0.6872786771026728,16,-0.9579999977722764,0.1009999995585531,-0.7490000035613775,,6.333603792470759,2.935219412582303,6.7635325829037,9.71984686093356
2026-04-23 07:43:21.900,3509418.816,779163.0711,5250975.9128,,0.4461,0.2068,0.4763,0.6845678490843694,16,-0.9079999988898635,0.09399999980814755,-0.7479999959468842,,6.308148143472852,2.9239057782356803,6.736662749462822,9.681145748308927
2026-04-23 07:43:22.000,3509418.7713,779163.0763,5250975.8733,,0.4443,0.206,0.4744,0.6818312474505697,16,-0.8920000027865171,0.11200000066310167,-0.7700000051409006,,6.284106698648584,2.9140063486547176,6.7083787162025965,9.642809497236788
2026-04-23 07:43:22.100,3509418.7268,779163.0823,5250975.8358,,0.4426,0.2053,0.4724,0.6791204679583733,16,-0.9520000033080578,0.10500000091269612,-0.7419999968260527,,6.259355398122077,2.9033973203817625,6.681508886471677,9.604780424351198
2026-04-23 07:43:22.200,3509418.6761,779163.0868,5250975.7991,,0.4409,0.2046,0.4705,0.6764792827574249,16,-1.0519999964162707,0.07400000002235174,-0.7799999974668026,,6.236018361101898,2.8927932867731836,6.654633348276972,9.567670719668397
2026-04-23 07:43:22.300,3509418.6216,779163.0897,5250975.7578,,0.4393,0.2038,0.4687,0.6739425939944736,16,-1.1359999980777502,0.045999999856576324,-0.9150000009685755,,6.211976899506307,2.882893858608048,6.627763499099828,9.530319144708638
2026-04-23 07:43:22.400,3509418.5625,779163.0914,5250975.7076,,0.4376,0.2031,0.4668,0.6713014300595523,16,-1.1840000003576279,0.032999999821186066,-1.069999998435378,,6.189349642733071,2.872284804820023,6.602307854076482,9.494658393012358
2026-04-23 07:43:22.500,3509418.5032,779163.093,5250975.6508,,0.436,0.2024,0.465,0.6687950059622156,16,-1.1950000002980232,0.026999999536201358,-1.1560000013560057,,6.166012650003242,2.8623853688837912,6.575438008224242,9.4577664910908
2026-04-23 07:43:22.600,3509418.443,779163.0941,5250975.592,,0.4344,0.2017,0.4631,0.6662190780816772,16,-1.1040000012144446,0.03600000054575503,-1.048999996855855,,6.143385385925255,2.8524859333570776,6.549982366388478,9.422320786303128
2026-04-23 07:43:22.700,3509418.3928,779163.0966,5250975.5459,,0.4328,0.201,0.4613,0.6637126863334767,16,-0.9439999982714653,0.071000000461936,-0.8090000040829182,,6.120758122977905,2.8432912267300368,6.523816827594104,9.386595282635765
2026-04-23 07:43:22.800,3509418.3486,779163.1012,5250975.5111,,0.4312,0.2004,0.4595,0.661236606669655,16,-0.882999999448657,0.08799999952316284,-0.7470000069588423,,6.0981308611737735,2.8333917837108227,6.498361178020193,9.35115003622549
2026-04-23 07:43:22.900,3509418.3045,779163.1054,5250975.4712,,0.4296,0.1997,0.4577,0.6587302482807359,16,-0.8620000025257468,0.06999999983236194,-0.7749999966472387,,6.076208110326703,2.8242018341471273,6.473609889389382,9.31686889464481
2026-04-23 07:43:23.000,3509418.2624,779163.1082,5250975.4336,,0.4281,0.199,0.456,0.6563585986333995,16,-0.8290000027045608,0.06399999954737723,-0.7339999917894602,,6.053580841122055,2.814302400240599,6.448154232026401,9.281424028671461
2026-04-23 07:43:23.100,3509418.2216,779163.1118,5250975.3978,,0.4265,0.1983,0.4542,0.6538522616004322,16,-0.7180000003427267,0.08099999977275729,-0.5869999993592501,,6.032367777249659,2.805107662817953,6.424112779209281,9.248097912543962
2026-04-23 07:43:23.200,3509418.1906,779163.1163,5250975.3749,,0.425,0.1977,0.4525,0.6515109669069278,16,-0.6679999968037009,0.06400000071153045,-0.5370000004768372,,6.010445075033961,2.795208221224315,6.399361530652882,9.213602281409807
2026-04-23 07:43:23.300,3509418.1548,779163.1182,5250975.3441,,0.4235,0.197,0.4508,0.6491393455953813,16,-0.6949999975040555,0.039000000106170774,-0.6000000052154064,,5.98923200418885,2.7867229858742686,6.375320070396466,9.18049187135417
2026-04-23 07:43:23.400,3509418.1211,779163.1202,5250975.3149,,0.422,0.1964,0.4491,0.646798090597058,16,-0.7340000011026859,0.04399999976158142,-0.6500000040978193,,5.9680189342863175,2.7768235449880496,6.351278611429355,9.146952443300444
2026-04-23 07:43:23.500,3509418.0814,779163.1226,5250975.2791,,0.4205,0.1957,0.4474,0.6444264892134711,16,-0.7630000030621886,0.05699999979697168,-0.6789999920874834,,5.946805865336449,2.7683383102503925,6.327237153766246,9.113842603424747
2026-04-23 07:43:23.600,3509418.0448,779163.1259,5250975.247,,0.419,0.1951,0.4457,0.6420852747104546,16,-0.703000002540648,0.07400000002235174,-0.5900000035762787,,5.926297410694135,2.759143707747025,6.303195697422062,9.080977425365619
2026-04-23 07:43:23.700,3509418.0111,779163.13,5250975.2201,,0.4176,0.1945,0.444,0.6398093544173921,16,-0.8279999997466803,0.045999999856576324,-0.6800000090152025,,5.905084334706829,2.750658466622128,6.2798586767538005,9.048357198961588
2026-04-23 07:43:23.800,3509417.962,779163.1305,5250975.179,,0.4161,0.1939,0.4424,0.6375375910485592,16,-0.9169999975711107,0.032000000355765224,-0.752999996766448,,5.885285464614269,2.741468402152394,6.256521717376198,9.01644597388572
2026-04-23 07:43:23.900,3509417.9194,779163.1332,5250975.1448,,0.4147,0.1932,0.4408,0.6353006925858022,16,-0.7819999987259507,0.05600000033155084,-0.6259999983012676,,5.864777063111606,2.7329831686272787,6.233189953787708,8.984289843944262
2026-04-23 07:43:24.000,3509417.8838,779163.1361,5250975.1164,,0.4133,0.1926,0.4391,0.6330248494332589,16,-0.6499999994412065,0.07400000002235174,-0.48100000247359276,,5.84497818644347,2.7237885380476947,6.210562695923776,8.952870098465631
2026-04-23 07:43:24.100,3509417.8544,779163.1406,5250975.0967,,0.4119,0.192,0.4375,0.6308184049312449,16,-0.6539999973028898,0.0849999999627471,-0.4149999935179949,,5.825179310544868,2.7153032979761207,6.187225711092169,8.921174137970853
2026-04-23 07:43:24.200,3509417.8184,779163.1446,5250975.0749,,0.4105,0.1914,0.4359,0.628611978886817,16,-0.7569999992847443,0.06899999920278788,-0.5150000005960464,,5.805380435423677,2.706818058163496,6.16530299336537,8.890459324466875
2026-04-23 07:43:24.300,3509417.7787,779163.1475,5250975.0452,,0.4091,0.1908,0.4344,0.6264749077177793,16,-0.748000000603497,0.06999999983236194,-0.5350000038743019,,5.785581561087874,2.6983328186122626,6.142675719912292,8.859256120013688
2026-04-23 07:43:24.400,3509417.7436,779163.1516,5250975.0214,,0.4077,0.1902,0.4328,0.6242685079354876,16,-0.6270000012591481,0.09399999980814755,-0.36999999545514584,,5.766487405691613,2.6898475793248955,6.120758122977905,8.829005436627616
2026-04-23 07:43:24.500,3509417.716,779163.1569,5250975.0082,,0.4064,0.1896,0.4312,0.622127446750262,16,-0.5350000038743019,0.10100000072270632,-0.2049999963492155,,5.746688524707076,2.6820672996776196,6.09883538062801,8.7985059527172
2026-04-23 07:43:24.600,3509417.6901,779163.1617,5250975.0009,,0.405,0.1891,0.4297,0.6200208867449548,16,-0.5670000007376075,0.0770000007469207,-0.272000003606081,,5.728303850181133,2.6735820540989574,6.076208110326703,8.768227357909922
2026-04-23 07:43:24.700,3509417.6593,779163.1646,5250974.981,,0.4037,0.1885,0.4281,0.6178798831488204,16,-0.6269999966025352,0.061999999452382326,-0.35300000570714474,,5.709209752671556,2.665806069465669,6.054995045414984,8.738681994442869
2026-04-23 07:43:24.800,3509417.6274,779163.1679,5250974.9656,,0.4024,0.1879,0.4266,0.615808192540502,16,-0.6579999998211861,0.05200000014156103,-0.3869999945163727,,5.690825071990879,2.6580257711316495,6.033072351629805,8.709107474362686
2026-04-23 07:43:24.900,3509417.5935,779163.1698,5250974.9423,,0.4011,0.1874,0.4251,0.6137670404966367,16,-0.6810000026598573,0.03499999991618097,-0.41399999521672726,,5.67244039193009,2.649540526204496,6.0118592797902375,8.679809732937697
2026-04-23 07:43:25.000,3509417.5593,779163.1714,5250974.9242,,0.3998,0.1868,0.4236,0.6116953817056329,16,-0.6550000002607703,0.04399999976158142,-0.26999999769032,,5.654055712495235,2.6417645618033414,5.9906462088826435,8.650728755428643
2026-04-23 07:43:25.100,3509417.528,779163.1742,5250974.9153,,0.3985,0.1862,0.4221,0.6096237364145198,16,-0.5929999984800816,0.06599999964237213,-0.12600000016391277,,5.6356710336924385,2.6339842444479427,5.96943313891696,8.621646768454388
2026-04-23 07:43:25.200,3509417.5,779163.178,5250974.9116,,0.3972,0.1857,0.4206,0.6075826610429234,16,-0.5769999977201223,0.06399999954737723,-0.14600000344216824,,5.617286355527907,2.625499000190249,5.948924692749102,8.592837482461773
2026-04-23 07:43:25.300,3509417.4703,779163.1806,5250974.9007,,0.3959,0.1851,0.4192,0.6055802671818163,16,-0.5720000015571713,0.05100000067614019,-0.20299999974668026,,5.5996065040322245,2.618427963492599,5.927711615792388,8.564433606491441
2026-04-23 07:43:25.400,3509417.4428,779163.1831,5250974.8913,,0.3947,0.1846,0.4177,0.6036046222487035,16,-0.5080000031739473,0.06999999983236194,-0.20800000056624413,,5.581221819637704,2.6106478123255155,5.90791274478559,8.536331296288822
2026-04-23 07:43:25.500,3509417.4195,779163.1876,5250974.8799,,0.3934,0.1841,0.4163,0.6016328282266519,16,-0.5049999989569187,0.07899999967776239,-0.3370000049471855,,5.564251342274178,2.6028716833528307,5.886699669594161,8.508176479128768
2026-04-23 07:43:25.600,3509417.3923,779163.191,5250974.8576,,0.3922,0.1835,0.4148,0.5996266588469862,16,-0.5579999973997474,0.0730000005569309,-0.3959999978542328,,5.545866659053389,2.595800647199241,5.866900800252208,8.480291445463417
2026-04-23 07:43:25.700,3509417.3637,779163.1949,5250974.8403,,0.3909,0.183,0.4134,0.5976548920572808,16,-0.5799999972805381,0.06599999964237213,-0.2749999985098839,,5.528896182783685,2.5880204790534402,5.846392391894337,8.452623675522293
2026-04-23 07:43:25.800,3509417.3343,779163.1976,5250974.8301,,0.3897,0.1825,0.412,0.5957485543415107,16,-0.5450000008568168,0.04399999976158142,-0.17700000666081905,,5.511216381163055,2.5809494377069844,5.82659351594051,8.425200175663482
2026-04-23 07:43:25.900,3509417.3092,779163.1993,5250974.8226,,0.3885,0.182,0.4106,0.5938422433609789,16,-0.46700000297278166,0.05000000004656613,-0.10699999518692493,,5.494245899120278,2.5731733326769883,5.806794640763525,8.39802494637876
2026-04-23 07:43:26.000,3509417.2876,779163.2026,5250974.8194,,0.3873,0.1814,0.4092,0.5919053049263877,16,-0.430999998934567,0.054999999701976776,-0.08899999782443047,,5.477275417577611,2.566102297259406,5.786995766371357,8.371066061141795
2026-04-23 07:43:26.100,3509417.2661,779163.2048,5250974.8137,,0.3861,0.1809,0.4078,0.5899990338975141,16,-0.4339999984949827,0.05000000004656613,-0.15600000508129597,,5.460304936539717,2.5583221063814463,5.767196892772086,8.343890099947386
2026-04-23 07:43:26.200,3509417.2442,779163.2076,5250974.8038,,0.3849,0.1804,0.4064,0.5880927902975857,16,-0.419000000692904,0.07000000099651515,-0.139999995008111,,5.444039401033023,2.5512510656538683,5.747398019973908,8.317393281551619
2026-04-23 07:43:26.300,3509417.2242,779163.2118,5250974.7997,,0.3838,0.1799,0.405,0.5862520362437985,16,-0.4059999994933605,0.05600000033155084,-0.09399999864399433,,5.427068914248279,2.544180025076842,5.728303850181133,8.290922385356167
2026-04-23 07:43:26.400,3509417.2036,779163.2132,5250974.7944,,0.3826,0.1794,0.4037,0.5844149296518699,16,-0.40899999905377626,0.026999999536201358,-0.16100000590085983,,5.41080770310681,2.537108984651625,5.708504970655627,8.26442926039058
2026-04-23 07:43:26.500,3509417.1833,779163.2145,5250974.7836,,0.3814,0.1789,0.4023,0.5825087638825703,16,-0.3990000020712614,0.047999999951571226,-0.1640000008046627,,5.3945421492467736,2.5300379443794907,5.690120297498112,8.238910486223284
2026-04-23 07:43:26.600,3509417.1637,779163.218,5250974.778,,0.3803,0.1784,0.401,0.5807371608567855,16,-0.3490000031888485,0.07699999958276749,-0.09999999776482582,,5.377571663864648,2.522966904261726,5.670321419461157,8.211953726123888
2026-04-23 07:43:26.700,3509417.1484,779163.2222,5250974.7736,,0.3791,0.1779,0.3996,0.5788310461611402,16,-0.32300000078976154,0.08000000030733645,-0.054999999701976776,,5.362015386027906,2.5166010808231007,5.651936747699853,8.187116647513946
2026-04-23 07:43:26.800,3509417.1314,779163.226,5250974.7725,,0.378,0.1775,0.3983,0.5770902355784578,16,-0.36499999929219484,0.08200000040233135,-0.04399999976158142,,5.345749900621987,2.509530035683972,5.632842621625427,8.161108932001827
2026-04-23 07:43:26.900,3509417.1119,779163.2304,5250974.7692,,0.3769,0.177,0.397,0.5753187029812259,16,-0.340999998152256,0.07699999958276749,-0.04999999888241291,,5.33019361749646,2.503167992764369,5.614457943559645,8.136273840032672
2026-04-23 07:43:27.000,3509417.0973,779163.2337,5250974.7675,,0.3758,0.1765,0.3957,0.5735471907349908,16,-0.2759999968111515,0.06700000027194619,-0.0059999991208314896,,5.314637334757659,2.4960969532452055,5.595368531205072,8.110734800250839
2026-04-23 07:43:27.100,3509417.0843,779163.2371,5250974.7686,,0.3747,0.176,0.3943,0.5717067255158015,16,-0.288999998010695,0.06999999983236194,-0.034999996423721313,,5.299081052408992,2.4897311099795494,5.577688589371049,8.086385533722714
2026-04-23 07:43:27.200,3509417.0684,779163.2407,5250974.764,,0.3736,0.1756,0.3931,0.5700350252396778,16,-0.2760000014677644,0.06500000017695129,-0.0069999974220991135,,5.283524770453905,2.4826600653331496,5.558594516602195,8.06084412453187
2026-04-23 07:43:27.300,3509417.0567,779163.2436,5250974.7679,,0.3725,0.1751,0.3918,0.5682635832076519,16,-0.21700000390410423,0.05600000033155084,0.1119999960064888,,5.267968488895885,2.4762980434511515,5.540919237816051,8.036499860013688
2026-04-23 07:43:27.400,3509417.0467,779163.2463,5250974.7752,,0.3714,0.1746,0.3905,0.5664921623464882,16,-0.15500000212341547,0.06399999954737723,0.14499999582767487,,5.252412207738459,2.46993218530388,5.522534563042589,8.011665681991479
2026-04-23 07:43:27.500,3509417.0412,779163.25,5250974.7824,,0.3703,0.1742,0.3892,0.564751600263337,16,-0.13599999714642763,0.06399999954737723,0.10400000028312206,,5.236855926985198,2.4628611410308943,5.504854675647668,7.987100224737386
2026-04-23 07:43:27.600,3509417.0331,779163.2527,5250974.7856,,0.3692,0.1737,0.388,0.5630491363993022,16,-0.20800000056624413,0.04199999966658652,-0.02199999988079071,,5.2220046916869,2.457204305710048,5.486469994449982,7.962947883792784
2026-04-23 07:43:27.700,3509417.0204,779163.2542,5250974.7802,,0.3682,0.1733,0.3867,0.561374224559696,16,-0.17500000074505806,0.02900000079534948,-0.016999999061226845,,5.206448405583215,2.450133261681903,5.468794748388351,7.9383861080196905
2026-04-23 07:43:27.800,3509417.0156,779163.2556,5250974.7839,,0.3671,0.1728,0.3854,0.5596029038523657,16,-0.14199999626725912,0.03000000026077032,-0.023999996483325958,,5.192306327635148,2.4444764265584564,5.451114840103811,7.915185594791823
2026-04-23 07:43:27.900,3509417.0062,779163.2572,5250974.7778,,0.3661,0.1724,0.3842,0.5579969623573232,16,-0.13999999966472387,0.02899999963119626,-0.09300000034272671,,5.176750042256241,2.4374053827789908,5.433435009273599,7.890621141583215
2026-04-23 07:43:28.000,3509417.0016,779163.2585,5250974.7746,,0.365,0.1719,0.383,0.556294535295827,16,-0.13400000054389238,0.015999999595806003,-0.07500000298023224,,5.162607964972741,2.4317485478560483,5.4157596881693335,7.867424928145167
2026-04-23 07:43:28.100,3509416.9928,779163.2588,5250974.7703,,0.364,0.1715,0.3817,0.5546198157296581,16,-0.1360000018030405,0.004999999655410647,0.0,,5.147756793011884,2.4246775043291837,5.398789216111331,7.843811955930611
2026-04-23 07:43:28.200,3509416.988,779163.259,5250974.7746,,0.363,0.171,0.3805,0.5529830467564082,16,-0.11100000236183405,0.01500000013038516,0.023999996483325958,,5.1336147109030295,2.419020669609915,5.381109365177408,7.820613722720232
2026-04-23 07:43:28.300,3509416.9817,779163.2603,5250974.7727,,0.362,0.1706,0.3793,0.5513772302153944,16,-0.14299999922513962,0.03000000026077032,-0.05700000561773777,,5.119472629089836,2.4126549691159735,5.364138887090824,7.797684912844324
2026-04-23 07:43:28.400,3509416.9737,779163.262,5250974.7689,,0.361,0.1702,0.3781,0.5497714525145881,16,-0.1629999978467822,0.02199999988079071,-0.06399999372661114,,5.10462545149005,2.406292791827295,5.347168409541633,7.774294566068358
2026-04-23 07:43:28.500,3509416.9654,779163.2625,5250974.7663,,0.3599,0.1697,0.3769,0.5480690741138383,16,-0.08400000166147947,0.026000000070780516,0.034000007435679436,,5.091188466360285,2.4006359574079528,5.330197932534963,7.752048954953779
2026-04-23 07:43:28.600,3509416.9653,779163.2646,5250974.7723,,0.359,0.1693,0.3757,0.5465290294211278,16,-0.004000002518296242,0.03499999991618097,0.1339999958872795,,5.076337360735592,2.394270243727721,5.313227456076014,7.728655575195468
2026-04-23 07:43:28.700,3509416.965,779163.266,5250974.7797,,0.358,0.1689,0.3745,0.5449233524083915,16,-0.11500000022351742,0.0829999998677522,0.210999995470047,,5.062904304843219,2.3886134053044246,5.296961865069447,7.706898143870852
2026-04-23 07:43:28.800,3509416.9538,779163.2729,5250974.7934,,0.357,0.1685,0.3734,0.5433864278761478,16,-0.6149999983608723,0.2630000002682209,0.43700000271201134,,5.050172670315343,2.3829565669562673,5.279991382568725,7.685117760971526
2026-04-23 07:43:28.900,3509416.9035,779163.2923,5250974.8234,,0.3562,0.1681,0.3722,0.5419122530447157,15,-0.8979999972507358,0.42400000034831464,1.1870000045746565,,5.036030579732414,2.376594412178906,5.2644351073975635,7.6631639679704096
2026-04-23 07:43:29.000,3509416.864,779163.3153,5250974.9121,,0.3552,0.1676,0.3711,0.5403443439141378,16,-0.9320000000298023,0.3919999999925494,1.9589999970048666,,5.024011644094786,2.3709375782588626,5.247464625893155,7.641853374672927
2026-04-23 07:43:29.100,3509416.8103,779163.3315,5250975.0193,,0.3543,0.1672,0.3699,0.5388045471226092,16,-1.1489999992772937,0.3319999994710088,1.9879999943077564,,5.009869559180158,2.364571842850202,5.231203494416939,7.619414872547628
2026-04-23 07:43:29.200,3509416.7491,779163.3485,5250975.1109,,0.3533,0.1668,0.3687,0.5371990506320725,16,-1.0160000016912818,0.37699999986216426,1.7950000055134296,,4.997141683002393,2.358915004827431,5.214937871154362,7.598123584148917
2026-04-23 07:43:29.300,3509416.7087,779163.3692,5250975.1988,,0.3524,0.1664,0.3676,0.5357279906818385,16,-0.6540000019595027,0.3600000008009374,1.4900000020861626,,4.982999598635344,2.3532581668826733,5.1986723305090115,7.57590278448714
2026-04-23 07:43:29.400,3509416.6837,779163.3845,5250975.2599,,0.3514,0.166,0.3665,0.5341911736447917,16,-0.44999999925494194,0.2490000007674098,1.0879999957978725,,4.971682310848109,2.347601329016492,5.183116051180023,7.556027329225325
2026-04-23 07:43:29.500,3509416.6637,779163.3941,5250975.3076,,0.3507,0.1656,0.3654,0.5328517711333988,15,-0.20000000018626451,0.14899999951012433,0.9829999972134829,,4.959656842968069,2.3419444912294574,5.167559772271628,7.5356866973090115
2026-04-23 07:43:29.600,3509416.6637,779163.3994,5250975.3582,,0.35,0.1652,0.3643,0.5315124927976764,15,0.21699999924749136,0.06899999920278788,0.977999996393919,,4.94975736779087,2.336993153605718,5.1520034937876344,7.516965810751037
2026-04-23 07:43:29.700,3509416.6854,779163.401,5250975.4054,,0.3493,0.1649,0.3632,0.530204432271176,15,0.3759999992325902,-0.0139999995008111,0.882999999448657,,4.939857892692865,2.3313363120751154,5.1364472157319,7.498027407258524
2026-04-23 07:43:29.800,3509416.7013,779163.398,5250975.4465,,0.3486,0.1645,0.3621,0.5288654082089318,15,0.4169999994337559,-0.045999999856576324,0.743000004440546,,4.929252783130522,2.3263881877279204,5.121595942672557,7.479328846895288
2026-04-23 07:43:29.900,3509416.7271,779163.3964,5250975.4797,,0.3478,0.1641,0.3611,0.527529013420115,15,0.44600000139325857,-0.032000000355765224,0.568000003695488,,4.91935331115788,2.3207313502428497,5.106039659070422,7.460393555302561
2026-04-23 07:43:30.000,3509416.7459,779163.3948,5250975.5033,,0.3471,0.1637,0.36,0.5261901747467355,15,0.3750000009313226,-0.03799999947659671,0.5150000005960464,,4.908745257191495,2.315779998186356,5.091897583416225,7.44217965383798
2026-04-23 07:43:30.100,3509416.7646,779163.3926,5250975.5312,,0.3464,0.1634,0.359,0.5249509691390235,15,0.4529999988153577,-0.04199999966658652,0.6500000040978193,,4.898845782426713,2.3101231568901257,5.076341300582536,7.42324726787408
2026-04-23 07:43:30.200,3509416.7912,779163.3906,5250975.5683,,0.3457,0.163,0.3579,0.5236123566150821,15,0.426000002771616,-0.023999999975785613,0.6799999997019768,,4.888946307743622,2.3051750475831545,5.062199225633065,7.405503966645349
2026-04-23 07:43:30.300,3509416.8072,779163.3902,5250975.5992,,0.345,0.1626,0.3569,0.522342196266011,15,0.2930000005289912,-0.04200000083073974,0.5150000005960464,,4.879046833142719,2.300223684775026,5.047348016533038,7.387276155661164
2026-04-23 07:43:30.400,3509416.8205,779163.3864,5250975.6198,,0.3443,0.1623,0.3559,0.5211032431294206,15,0.3329999977722764,-0.025000000605359674,0.5850000027567148,,4.869147358624505,2.2945668436548106,5.0332059365776,7.36931441858739
2026-04-23 07:43:30.500,3509416.8405,779163.3877,5250975.6577,,0.3436,0.1619,0.3549,0.5198332232553052,15,0.33100000116974115,0.0010000006295740604,0.6509999930858612,,4.859247884189486,2.29032421285721,5.018358795462914,7.351312807927573
2026-04-23 07:43:30.600,3509416.8536,779163.3865,5250975.6849,,0.3429,0.1616,0.3538,0.518526190273934,15,0.18800000194460154,-0.04899999941699207,0.527999997138977,,4.850054123409346,2.2846673718508783,5.00421672192562,7.3338199459763125
2026-04-23 07:43:30.700,3509416.8593,779163.3828,5250975.7105,,0.3423,0.1612,0.3528,0.5173225009604744,15,0.1360000018030405,-0.06000000052154064,0.6120000034570694,,4.840154646289723,2.2804247411392464,4.98936549072124,7.315818614481908
2026-04-23 07:43:30.800,3509416.8672,779163.3805,5250975.7461,,0.3416,0.1609,0.3518,0.5160839175948037,15,0.06499999668449163,-0.030999999726191163,0.5190000031143427,,4.830963671980984,2.274767900248287,4.97522341206905,7.2983304255151396
2026-04-23 07:43:30.900,3509416.8658,779163.3797,5250975.7624,,0.3409,0.1605,0.3508,0.5148142383423364,15,-0.03700000233948231,-0.018999999156221747,0.4029999952763319,,4.821064197871669,2.2705252696237492,4.961786472632614,7.281295901142872
2026-04-23 07:43:31.000,3509416.8635,779163.3786,5250975.7864,,0.3402,0.1602,0.3499,0.51364393308984,15,0.11100000236183405,-0.02900000079534948,0.6059999950230122,,4.8118704263518985,2.2648684288496757,4.947644388999677,7.263808298681896
2026-04-23 07:43:31.100,3509416.8769,779163.3768,5250975.823,,0.3396,0.1598,0.3489,0.512440640464825,15,0.11599999852478504,-0.009000001009553671,0.6760000064969063,,4.801970949516458,2.2606257983133786,4.934211385824486,7.246778318673752
2026-04-23 07:43:31.200,3509416.8751,779163.3777,5250975.854,,0.3389,0.1595,0.3479,0.5112023767550381,15,0.032999999821186066,0.017000000225380063,0.6450000032782555,,4.7927799866048515,2.2556746219257775,4.9207744309204005,7.229995089901513
2026-04-23 07:43:31.300,3509416.8802,779163.3785,5250975.8875,,0.3382,0.1592,0.347,0.5100322342754426,15,0.0570000009611249,0.005000000819563866,0.5970000009983778,,4.782880512829062,2.2507263272108404,4.906632348158968,7.212264276910545
2026-04-23 07:43:31.400,3509416.8808,779163.3782,5250975.9137,,0.3375,0.1588,0.346,0.5087629015563143,15,0.06399999838322401,0.00699999975040555,0.5329999979585409,,4.77368673040031,2.246483696802627,4.893199362380404,7.195705246881642
2026-04-23 07:43:31.500,3509416.8866,779163.3792,5250975.9408,,0.3369,0.1585,0.345,0.5075912331788247,15,0.13800000306218863,0.02099999925121665,0.5769999977201223,,4.763787253855907,2.2408268563188902,4.879762391756386,7.178234810870985
2026-04-23 07:43:31.600,3509416.8946,779163.3803,5250975.9714,,0.3362,0.1581,0.3441,0.5063900275479366,15,0.18200000282377005,0.02100000041536987,0.6120000034570694,,4.755301988307367,2.236584226001784,4.865620309888555,7.161666496004962
2026-04-23 07:43:31.700,3509416.9048,779163.3813,5250976.002,,0.3356,0.1578,0.3431,0.5052185764597339,15,0.13599999714642763,-0.0059999991208314896,0.5459999945014715,,4.745402511905602,2.2316330343495094,4.8528924364753845,7.1448999993002
2026-04-23 07:43:31.800,3509416.9082,779163.3797,5250976.026,,0.3349,0.1575,0.3422,0.5040487079638236,15,0.1629999978467822,-0.05099999951198697,0.494999997317791,,4.736211566220411,2.226684755415548,4.8387503552053595,7.1276454737872585
2026-04-23 07:43:31.900,3509416.9211,779163.3762,5250976.0515,,0.3342,0.1571,0.3412,0.5027797629181191,15,0.17700000200420618,-0.07000000099651515,0.47500000335276127,,4.727017770222575,2.222442125230711,4.826022482334702,7.1115707828861545
2026-04-23 07:43:32.000,3509416.9259,779163.3727,5250976.0735,,0.3336,0.1568,0.3403,0.5016764794167652,15,0.10499999858438969,-0.08500000112690032,0.4200000036507845,,4.717118294043514,2.217490924445915,4.81258558365459,7.094325267423251
2026-04-23 07:43:32.100,3509416.9316,779163.3677,5250976.0935,,0.3329,0.1565,0.3394,0.5005067631910681,15,0.08599999826401472,-0.08799999952316284,0.4110000003129244,,4.708633028809953,2.2132482915389318,4.799152529353489,7.078245404053182
2026-04-23 07:43:32.200,3509416.9345,779163.3639,5250976.1146,,0.3323,0.1562,0.3384,0.4993358489033208,15,0.0430000014603138,-0.047999999951571226,0.44099999591708183,,4.698733552777812,2.2090056586618334,4.7864246572990155,7.061704043642723
2026-04-23 07:43:32.300,3509416.9359,779163.3629,5250976.1376,,0.3316,0.1559,0.3375,0.4981662573880331,15,0.11500000022351742,-0.011999999405816197,0.5599999986588955,,4.6902482876709195,2.204057394896966,4.7729877435417745,7.045403466090497
2026-04-23 07:43:32.400,3509416.946,779163.3627,5250976.1706,,0.331,0.1555,0.3366,0.49703200098182815,15,0.18699999898672104,-0.026000000070780516,0.6159999966621399,,4.680348811787429,2.1998147649290836,4.759554706062323,7.028386087858293
2026-04-23 07:43:32.500,3509416.9546,779163.3603,5250976.1992,,0.3303,0.1552,0.3356,0.49579480634633516,15,0.19499999936670065,-0.04300000029616058,0.527999997138977,,4.671863546808703,2.1948635492895683,4.746826834844515,7.012567290229733
2026-04-23 07:43:32.600,3509416.9655,779163.3584,5250976.2234,,0.3297,0.1549,0.3347,0.4946920152984077,14,0.201000003144145,-0.019999999785795808,0.5190000031143427,,4.66266983604887,2.1906209165439825,4.733389905765211,6.996019582591232
2026-04-23 07:43:32.700,3509416.9747,779163.3583,5250976.2511,,0.3291,0.1546,0.3338,0.49358931309338533,15,0.1850000023841858,-0.02199999988079071,0.5260000005364418,,4.653478806226585,2.1863782838292187,4.720662029842848,6.979954512745767
2026-04-23 07:43:32.800,3509416.984,779163.3562,5250976.276,,0.3284,0.1543,0.3329,0.4924200036554161,15,0.18099999986588955,-0.047999999951571226,0.48799999989569187,,4.644993541437921,2.182135651145455,4.7079341541699575,6.964361061863463
2026-04-23 07:43:32.900,3509416.9928,779163.3535,5250976.2999,,0.3278,0.154,0.332,0.49131745338426563,15,0.13700000010430813,-0.054000000236555934,0.4940000083297491,,4.6350940659278965,2.1778930184928735,4.694501144956725,6.9473488468623765
2026-04-23 07:43:33.000,3509416.9977,779163.3508,5250976.3254,,0.3271,0.1537,0.331,0.4900807076390582,15,0.06000000052154064,-0.06300000008195639,0.4580000042915344,,4.6266088012711855,2.1736503858716563,4.6817732751597445,6.931757785727946
2026-04-23 07:43:33.100,3509416.9988,779163.3472,5250976.3457,,0.3265,0.1534,0.3301,0.4889783430787094,15,0.05399999674409628,-0.04900000058114529,0.44199999421834946,,4.617415077724766,2.1694077532819875,4.66833632036082,6.91521626559864
2026-04-23 07:43:33.200,3509417.0031,779163.3459,5250976.3696,,0.3259,0.1531,0.3292,0.48787607032934094,15,0.05399999674409628,-0.031999999191612005,0.45399999246001244,,4.608224061392849,2.165165120724052,4.6556084457351,6.899156397705447
2026-04-23 07:43:33.300,3509417.0042,779163.344,5250976.3911,,0.3252,0.1528,0.3283,0.4867070679577193,15,0.04800000227987766,-0.03599999938160181,0.45099999755620956,,4.599738796931843,2.1609224881980382,4.642880571369459,6.883569059724759
2026-04-23 07:43:33.400,3509417.0079,779163.3423,5250976.4147,,0.3246,0.1525,0.3274,0.4856049526106586,15,0.06899999920278788,-0.027000000700354576,0.4360000044107437,,4.5905450656757525,2.156679855704133,4.630857911877668,6.867984930094124
2026-04-23 07:43:33.500,3509417.0111,779163.3413,5250976.4347,,0.324,0.1522,0.3266,0.48457032513351456,15,0.050999997183680534,-0.03499999991618097,0.40900000371038914,,4.582059798824105,2.152437223242527,4.618130032816313,6.852399798610703
2026-04-23 07:43:33.600,3509417.013,779163.3388,5250976.4556,,0.3234,0.1519,0.3257,0.4834683650457391,15,0.09800000116229057,-0.04399999976158142,0.43700000271201134,,4.573574532026345,2.1481945908134112,4.606111158016055,6.837293616629316
2026-04-23 07:43:33.700,3509417.0209,779163.3369,5250976.4784,,0.3228,0.1516,0.3248,0.48236649966596973,15,0.09800000116229057,-0.032000000355765224,0.4360000044107437,,4.564383529021197,2.143951958416979,4.593383284682435,6.821238670505525
2026-04-23 07:43:33.800,3509417.0228,779163.3356,5250976.4992,,0.3221,0.1513,0.3239,0.48119778677795266,15,0.07600000128149986,-0.04300000029616058,0.44999999925494194,,4.555898264886958,2.139709326053424,4.580655411619608,6.805657132121775
2026-04-23 07:43:33.900,3509417.0285,779163.3326,5250976.5234,,0.3215,0.151,0.323,0.480096084133166,15,0.1000000024214387,-0.054999999701976776,0.45599999837577343,,4.546704520859037,2.135466693722943,4.567927538829835,6.789602492046202
2026-04-23 07:43:34.000,3509417.0328,779163.3301,5250976.5448,,0.3209,0.1507,0.3221,0.47899447804750317,15,0.06399999838322401,-0.04299999913200736,0.40000000037252903,,4.538219254289065,2.131224061425734,4.555904849752681,6.774497693556327
2026-04-23 07:43:34.100,3509417.0349,779163.3283,5250976.5634,,0.3203,0.1504,0.3213,0.47796018662645945,15,0.036999997682869434,-0.012000000569969416,0.4050000011920929,,4.5297339877745575,2.126981429161994,4.5431769721198405,6.758919810147181
2026-04-23 07:43:34.200,3509417.0365,779163.3289,5250976.5853,,0.3197,0.1501,0.3204,0.47685874218682417,15,0.1560000004246831,-0.005000000819563866,0.5179999954998493,,4.521248721315827,2.122738796931926,4.531158130103163,6.7438196891672595
2026-04-23 07:43:34.300,3509417.0505,779163.3278,5250976.6152,,0.3191,0.1498,0.3195,0.47575739615900875,15,0.1919999998062849,-0.032999999821186066,0.5379999987781048,,4.512763454913186,2.1184961647357308,4.5191354261628405,6.728717931374446
2026-04-23 07:43:34.400,3509417.0557,779163.3256,5250976.6391,,0.3185,0.1495,0.3187,0.4747232772889907,15,0.07600000128149986,-0.026000000070780516,0.4860000032931566,,4.504278188566954,2.1142535325736125,4.506407549256946,6.713143749391935
2026-04-23 07:43:34.500,3509417.0581,779163.3252,5250976.6638,,0.3179,0.1492,0.3178,0.4736220961906233,15,0.1080000028014183,-0.011999999405816197,0.48399999737739563,,4.495792922277448,2.1107167029234404,4.495093881110827,6.6987422700086015
2026-04-23 07:43:34.600,3509417.0665,779163.3244,5250976.6875,,0.3173,0.149,0.317,0.4726196039099521,15,0.16900000162422657,-0.00699999975040555,0.4550000000745058,,4.487307656044992,2.1064740682002236,4.482366004689934,6.68317050508215
2026-04-23 07:43:34.700,3509417.075,779163.3245,5250976.7093,,0.3167,0.1487,0.3161,0.4715185998452235,15,0.10599999688565731,-0.02199999988079071,0.3809999953955412,,4.478822389869908,2.1029398469761325,4.471052336978398,6.668771626019292
2026-04-23 07:43:34.800,3509417.0771,779163.3222,5250976.7256,,0.3161,0.1484,0.3153,0.4704847075091814,15,0.13099999632686377,-0.05200000014156103,0.39400000125169754,,4.4703371237525245,2.0986972149407355,4.458324461050362,6.65320231166917
2026-04-23 07:43:34.900,3509417.0881,779163.3193,5250976.7487,,0.3155,0.1481,0.3144,0.4693838727523561,15,0.15800000168383121,-0.047999999951571226,0.4910000041127205,,4.461851857693171,2.094454582940389,4.447010793780469,6.638581700935825
2026-04-23 07:43:35.000,3509417.0929,779163.3174,5250976.7747,,0.3149,0.1478,0.3136,0.46835009341303646,15,0.12500000186264515,-0.031999999191612005,0.5409999936819077,,4.453366591692177,2.090917741088826,4.4349881623291845,6.623709761153488
2026-04-23 07:43:35.100,3509417.1006,779163.3161,5250976.8028,,0.3143,0.1476,0.3128,0.46734793248713535,15,0.0699999975040555,-0.04500000039115548,0.46000000089406967,,4.444881325749878,2.0866751064792046,4.422969251532278,6.608618615111633
2026-04-23 07:43:35.200,3509417.0999,779163.3129,5250976.8207,,0.3137,0.1473,0.3119,0.4662473485179299,15,0.02199999988079071,-0.05000000004656613,0.3520000074058771,,4.4363960598666115,2.08314089777912,4.411655584925007,6.59422406352711
2026-04-23 07:43:35.300,3509417.1028,779163.3111,5250976.838,,0.3131,0.147,0.3111,0.4652137358247282,15,0.029000001959502697,-0.032999999821186066,0.3129999991506338,,4.427910794042716,2.0788982659091326,4.3996329392348175,6.579132313610967
2026-04-23 07:43:35.400,3509417.1028,779163.3096,5250976.852,,0.3125,0.1467,0.3103,0.46418016976169935,15,0.02400000113993883,-0.02300000051036477,0.2879999950528145,,4.419425528278534,2.0753614143083605,4.388319268239265,6.5647386086576205
2026-04-23 07:43:35.500,3509417.1052,779163.3088,5250976.8668,,0.3119,0.1465,0.3095,0.46317827021569136,15,0.06200000178068876,-0.03100000089034438,0.3270000033080578,,4.4116460646792595,2.071118779790285,4.376300378173326,6.5501266399971225
2026-04-23 07:43:35.600,3509417.109,779163.3065,5250976.8847,,0.3114,0.1462,0.3086,0.46214538837902513,15,0.06599999964237213,-0.04399999976158142,0.3459999989718199,,4.403160796518792,2.0675845810994042,4.364986712465457,6.535735612767701
2026-04-23 07:43:35.700,3509417.1118,779163.3044,5250976.9014,,0.3108,0.1459,0.3078,0.461112014590815,15,-0.04800000227987766,-0.038999998942017555,0.2549999952316284,,4.395383942273985,2.0640477223165163,4.352964047634669,6.521348710197914
2026-04-23 07:43:35.800,3509417.1042,779163.3026,5250976.9102,,0.3102,0.1457,0.307,0.4601103454607383,15,-0.038999998942017555,-0.032999999821186066,0.22400000132620335,,4.386898676741919,2.059805087866325,4.34165037744865,6.506735356536333
2026-04-23 07:43:35.900,3509417.1079,779163.3011,5250976.9238,,0.3096,0.1454,0.3062,0.45907707413897286,15,-0.000999998301267624,-0.0570000009611249,0.24600000120699406,,4.378413411271256,2.056270896550355,4.330336707462827,6.492347033238442
2026-04-23 07:43:36.000,3509417.1041,779163.2969,5250976.9348,,0.309,0.1451,0.3054,0.45804385161248484,15,-0.05600000265985727,-0.07800000021234155,0.20299999974668026,,4.3706339357123,2.052734030506631,4.319023037678775,6.478434841842587
2026-04-23 07:43:36.100,3509417.1023,779163.2933,5250976.9441,,0.3085,0.1449,0.3046,0.4571098555052166,15,0.0139999995008111,-0.045999999856576324,0.2259999979287386,,4.3621486678012245,2.0484913961254514,4.3077093680980845,6.463823790915096
2026-04-23 07:43:36.200,3509417.1055,779163.2923,5250976.9574,,0.3079,0.1446,0.3038,0.45607675889043064,15,0.03000000026077032,-0.04399999976158142,0.23400000296533108,,4.354371826107641,2.0456629732191955,4.29639569872236,6.450140075998349
2026-04-23 07:43:36.300,3509417.1053,779163.2889,5250976.9675,,0.3073,0.1444,0.303,0.4550754333074903,15,0.010999999940395355,-0.06700000027194619,0.2220000047236681,,4.346592343434106,2.0414203388817307,4.285082029553227,6.436007302668324
2026-04-23 07:43:36.400,3509417.1066,779163.2856,5250976.9796,,0.3068,0.1441,0.3022,0.4541099976877849,15,-0.07299999706447124,-0.04300000029616058,0.2199999988079071,,4.3381070756725215,2.037886159725317,4.273768360592324,6.421623548605134
2026-04-23 07:43:36.500,3509417.098,779163.2846,5250976.9895,,0.3062,0.1438,0.3014,0.45307707953503895,15,-0.10199999902397394,-0.03599999938160181,0.24299999698996544,,4.330330241448104,2.034349281711476,4.26245469184131,6.407718548750405
2026-04-23 07:43:36.600,3509417.0964,779163.282,5250977.0039,,0.3056,0.1436,0.3006,0.452075967067483,15,-0.0070000020787119865,-0.05100000067614019,0.2919999975711107,,4.322550751581756,2.030106647444907,4.251141023301861,6.3935888200602955
2026-04-23 07:43:36.700,3509417.0973,779163.2795,5250977.0187,,0.3051,0.1433,0.2998,0.4511107846194768,15,-0.06100000347942114,-0.05200000014156103,0.24000000208616257,,4.314065483972166,2.0272782246154573,4.240532631639567,6.379900861298707
2026-04-23 07:43:36.800,3509417.0903,779163.2768,5250977.0279,,0.3045,0.1431,0.2991,0.45017626547831235,15,-0.10600000154227018,-0.045999999856576324,0.19100000150501728,,4.306994427672271,2.0230355903938024,4.229218958625813,6.366252194187723
2026-04-23 07:43:36.900,3509417.0867,779163.2749,5250977.0378,,0.304,0.1428,0.2983,0.44921123093707266,15,-0.05999999586492777,-0.04399999976158142,0.23400000296533108,,4.298509160162392,2.020207167594452,4.218614227444837,6.352568299514771
2026-04-23 07:43:37.000,3509417.0843,779163.2724,5250977.0513,,0.3034,0.1426,0.2975,0.44821040817901586,15,-0.0419999985024333,-0.039999999571591616,0.2329999953508377,,4.290732338424292,2.015964533418185,4.207300559741364,6.338444209741062
2026-04-23 07:43:37.100,3509417.0825,779163.2709,5250977.0611,,0.3028,0.1423,0.2967,0.44717783934358823,15,-0.031000003218650818,-0.034000000450760126,0.22199999541044235,,4.282952836536961,2.0131361106492527,4.195986892257887,6.324769402911065
2026-04-23 07:43:37.200,3509417.0812,779163.269,5250977.0735,,0.3023,0.1421,0.2959,0.4462448991305111,15,-0.06000000052154064,-0.034000000450760126,0.29800000600516796,,4.274467569183325,2.008893476518852,4.1853784775095315,6.310635387977982
2026-04-23 07:43:37.300,3509417.0765,779163.2675,5250977.0909,,0.3017,0.1418,0.2952,0.4452787553881276,15,-0.10999999940395355,-0.03499999991618097,0.2689999993890524,,4.267396513097887,2.0060650537806595,4.1740648054384595,6.297442893746636
2026-04-23 07:43:37.400,3509417.0702,779163.2655,5250977.1004,,0.3012,0.1416,0.2944,0.4443459913175768,15,-0.08400000166147947,-0.061999999452382326,0.17299999482929707,,4.258911245846759,2.0018224196966123,4.163460099484562,6.283312661327621
2026-04-23 07:43:37.500,3509417.0681,779163.2613,5250977.1082,,0.3006,0.1413,0.2936,0.44331366998999705,15,-0.046999999321997166,-0.07699999958276749,0.17099999822676182,,4.251840189847215,1.9989939969894857,4.152851670840171,6.270590004138366
2026-04-23 07:43:37.600,3509417.0655,779163.2578,5250977.1175,,0.3001,0.1411,0.2929,0.44244731889796773,15,-0.010999999940395355,-0.045999999856576324,0.20500000566244125,,4.244060791270549,1.9954573410624443,4.141537999342757,6.2566955335864
2026-04-23 07:43:37.700,3509417.067,779163.2567,5250977.1287,,0.2996,0.1409,0.2921,0.4415148695117753,15,-0.01999999862164259,0.0029999995604157448,0.21100000478327274,,4.236283866787021,1.991922940276556,4.131638536948749,6.243740465458186
2026-04-23 07:43:37.800,3509417.0635,779163.2581,5250977.1386,,0.299,0.1406,0.2914,0.44054888491517036,15,-0.07499999832361937,0.02199999988079071,0.12999999336898327,,4.229212810914106,1.989094517613479,4.12032486583279,6.230554951206192
2026-04-23 07:43:37.900,3509417.0595,779163.2589,5250977.1417,,0.2985,0.1404,0.2906,0.43961661706536986,15,-0.04800000227987766,0.004999999655410647,0.09300000034272671,,4.220727543919413,1.9848518836427065,4.110425403775137,6.216894321122083
2026-04-23 07:43:38.000,3509417.0587,779163.2586,5250977.1479,,0.2979,0.1401,0.2899,0.4386506924649726,15,-0.052999998442828655,0.0,0.15600000508129597,,4.213656488134741,1.9820234610114986,4.099111733046564,6.2037113891605244
2026-04-23 07:43:38.100,3509417.0542,779163.2589,5250977.1573,,0.2974,0.1399,0.2891,0.4377186082404997,15,-0.12399999890476465,-0.003999999025836587,0.13899999670684338,,4.205877078565183,1.9784867955081225,4.089212271330506,6.190756738880959
2026-04-23 07:43:38.200,3509417.0463,779163.2582,5250977.1618,,0.2969,0.1397,0.2884,0.4368526753952641,15,-0.09700000286102295,-0.008999999845400453,0.0860000029206276,,4.198100165551079,1.9749524044897893,4.077898600995371,6.176871295405142
2026-04-23 07:43:38.300,3509417.0445,779163.258,5250977.1659,,0.2963,0.1394,0.2876,0.43582084622009537,14,-0.029000001959502697,-0.005000000819563866,0.07600000128149986,,4.191029109896518,1.9721239819037744,4.067999139626261,6.164626103828196
2026-04-23 07:43:38.400,3509417.0434,779163.2577,5250977.1694,,0.2958,0.1392,0.2869,0.434955043653939,15,0.046999999321997166,-0.026000000070780516,0.11799999512732029,,4.183249693718987,1.9685873107383374,4.057390787193168,6.151205898033328
2026-04-23 07:43:38.500,3509417.0492,779163.2554,5250977.1777,,0.2953,0.139,0.2862,0.4340893110870158,15,0.10500000324100256,-0.013000000035390258,0.1889999955892563,,4.175472787601423,1.965052925495901,4.046786008674044,6.1377913780121265
2026-04-23 07:43:38.600,3509417.0539,779163.2564,5250977.1883,,0.2947,0.1387,0.2854,0.4330576635968933,15,0.015000002458691597,0.0020000000949949026,0.15600000508129597,,4.168401732079095,1.9622245029557654,4.0368865478237055,6.125549036617044
2026-04-23 07:43:38.700,3509417.0507,779163.2556,5250977.1933,,0.2942,0.1385,0.2847,0.4321920637864606,15,-0.03800000064074993,-0.016999999061226845,0.12200000695884228,,4.160622309222504,1.9586878260713214,4.0262781821429074,6.1121315430870755
2026-04-23 07:43:38.800,3509417.0501,779163.2547,5250977.2005,,0.2937,0.1383,0.284,0.43132653523751585,15,-0.010999999940395355,-0.019000000320374966,0.11999999172985554,,4.153551251639975,1.9551534466634581,4.01567341799604,6.099200439401873
2026-04-23 07:43:38.900,3509417.0496,779163.2537,5250977.2053,,0.2932,0.138,0.2832,0.43036319545239926,15,0.0570000009611249,-0.02200000104494393,0.1549999974668026,,4.145774354689363,1.9523250241698997,4.005773957676593,6.086480345815634
2026-04-23 07:43:39.000,3509417.0558,779163.2525,5250977.216,,0.2926,0.1378,0.2825,0.4294296799244319,15,0.10300000198185444,-0.013000000035390258,0.16200000420212746,,4.138703299343891,1.9487883415086409,3.9951655785461506,6.073548303915925
2026-04-23 07:43:39.100,3509417.0599,779163.2524,5250977.2215,,0.2921,0.1376,0.2818,0.4285643592274094,14,0.016999999061226845,0.003000000724568963,0.13799999840557575,,4.130923867611216,1.9459599173672617,3.9852661140756953,6.060828161233413
2026-04-23 07:43:39.200,3509417.0575,779163.2528,5250977.2298,,0.2916,0.1374,0.2811,0.42769911152584833,15,0.009999996982514858,0.0,0.12400000356137753,,4.123852810176425,1.9424255455486574,3.9753666497569755,6.048364985680014
2026-04-23 07:43:39.300,3509417.0609,779163.2524,5250977.2339,,0.2911,0.1371,0.2804,0.42680180411989826,15,0.07999999914318323,-0.004000000189989805,0.1570000033825636,,4.116781752777284,1.9395971231160352,3.9654671855911254,6.036129471772454
2026-04-23 07:43:39.400,3509417.0655,779163.2524,5250977.2455,,0.2906,0.1369,0.2797,0.4259366854357582,15,0.06899999920278788,0.008999999845400453,0.2199999988079071,,4.109710695413972,1.9360604329410793,3.9555677215792926,6.023667321491119
2026-04-23 07:43:39.500,3509417.0678,779163.2533,5250977.2559,,0.2901,0.1367,0.279,0.42507164102066375,15,0.052999998442828655,0.01500000013038516,0.20599999465048313,,4.102639638086679,1.9332320088390837,3.945668257722638,6.011433772404051
2026-04-23 07:43:39.600,3509417.0708,779163.2539,5250977.2661,,0.2896,0.1365,0.2783,0.4242066713289644,15,0.012000002898275852,0.014000000664964318,0.20999999716877937,,4.0955685807955895,1.9296976447101757,3.9357687940223323,5.998974162304752
2026-04-23 07:43:39.700,3509417.069,779163.2547,5250977.2769,,0.2891,0.1362,0.2776,0.4233095911977427,15,-0.060999998822808266,-0.0020000000949949026,0.23200000636279583,,4.088497523540891,1.9268692223397,3.9258693304795558,5.986742603453066
2026-04-23 07:43:39.800,3509417.0647,779163.2537,5250977.2893,,0.2886,0.136,0.2769,0.42244475378444457,15,-0.054999999701976776,-0.0010000006295740604,0.23900000378489494,,4.081426466322774,1.9233325245521118,3.9159698670955065,5.974284057525219
2026-04-23 07:43:39.900,3509417.0635,779163.2546,5250977.3008,,0.2881,0.1358,0.2762,0.421579992409507,15,0.05100000184029341,0.026000000070780516,0.1919999998062849,,4.074355409141426,1.9205041004902852,3.9060704038713894,5.9620545116595505
2026-04-23 07:43:40.000,3509417.0698,779163.2563,5250977.3085,,0.2876,0.1356,0.2755,0.4207153075418103,15,0.16199999954551458,0.030999999726191163,0.19499999471008778,,4.066578537296433,1.9176756764374938,3.8961709408084237,5.949343577236063
2026-04-23 07:43:40.100,3509417.0797,779163.2577,5250977.3203,,0.287,0.1354,0.2748,0.4197823245445191,15,0.1609999965876341,0.02100000041536987,0.23799999617040157,,4.059507482441681,1.9148472523937776,3.886271477907842,5.937116050743829
2026-04-23 07:43:40.200,3509417.0859,779163.2584,5250977.3323,,0.2865,0.1352,0.2741,0.4189177723611162,15,0.07599999662488699,0.01500000013038516,0.2710000053048134,,4.051728026410459,1.9113128995536024,3.8763720151708863,5.92417732685307
2026-04-23 07:43:40.300,3509417.0873,779163.2592,5250977.3474,,0.286,0.1349,0.2734,0.41802101621808435,15,0.07000000216066837,0.024999999441206455,0.2689999993890524,,4.04465696938566,1.9084844772750966,3.8664725525988155,5.911951708192481
2026-04-23 07:43:40.400,3509417.0929,779163.2609,5250977.3592,,0.2855,0.1347,0.2727,0.41715660129021087,15,0.03800000064074993,0.01600000075995922,0.23799999617040157,,4.0382918418559095,1.9049477683128218,3.8565730901928976,5.899981610140831
2026-04-23 07:43:40.500,3509417.0911,779163.2608,5250977.3712,,0.2851,0.1345,0.272,0.4163607330188571,15,-0.013000001199543476,0.017999999690800905,0.20299999974668026,,4.031220782839858,1.9021193443104456,3.846673627954417,5.887758232128761
2026-04-23 07:43:40.600,3509417.0916,779163.2627,5250977.3795,,0.2846,0.1343,0.2713,0.41549649818018924,15,0.029000001959502697,0.03399999928660691,0.15300000086426735,,4.024858009917866,1.8992909203173693,3.8374795113459563,5.876481685498561
2026-04-23 07:43:40.700,3509417.094,779163.2642,5250977.3865,,0.2841,0.1341,0.2707,0.41469761272522415,15,0.09000000078231096,0.034000000450760126,0.21499999798834324,,4.017786953037704,1.8964624963336343,3.8275800448847566,5.864260481936319
2026-04-23 07:43:40.800,3509417.1006,779163.2661,5250977.401,,0.2836,0.1339,0.27,0.41383350516844336,15,0.12999999802559614,0.032000000355765224,0.2549999952316284,,4.010715896196089,1.8936340723592822,3.8183894510644145,5.852502883382459
2026-04-23 07:43:40.900,3509417.107,779163.2674,5250977.412,,0.2831,0.1337,0.2693,0.4129694782910718,14,0.08799999952316284,0.032000000355765224,0.18600000068545341,,4.003644839393225,1.8908056483943558,3.8084899894840216,5.840283725984552
2026-04-23 07:43:41.000,3509417.1094,779163.2693,5250977.4196,,0.2826,0.1335,0.2686,0.4121055326005707,15,0.07699999958276749,0.03499999991618097,0.142000000923872,,3.996573782629316,1.8879772244388966,3.7985905280774865,5.828065716856665
2026-04-23 07:43:41.100,3509417.1147,779163.2709,5250977.4262,,0.2821,0.1333,0.2679,0.41124166860861755,15,0.06200000178068876,0.02099999925121665,0.16200000420212746,,3.9895027259045706,1.884442888495165,3.7893963899280845,5.816079607433172
2026-04-23 07:43:41.200,3509417.1156,779163.2714,5250977.4358,,0.2816,0.133,0.2673,0.41041058709541106,15,-0.008999998681247234,-0.010999999940395355,0.20800000056624413,,3.9824316692191966,1.8816144663559533,3.7794969241950707,5.803863540780399
2026-04-23 07:43:41.300,3509417.1138,779163.2698,5250977.447,,0.2811,0.1328,0.2666,0.4095468349285586,15,0.016999999061226845,-0.026000000070780516,0.2350000012665987,,3.9760665235883565,1.878077740669965,3.7710116679745234,5.792824009065009
2026-04-23 07:43:41.400,3509417.1173,779163.2688,5250977.4593,,0.2807,0.1326,0.266,0.4088168905512589,14,0.06200000178068876,0.006000000284984708,0.19500000402331352,,3.9689954648500168,1.8752493167576412,3.7611122025273316,5.780609829421114
2026-04-23 07:43:41.500,3509417.12,779163.2704,5250977.4665,,0.2802,0.1324,0.2653,0.40795329389526935,14,0.09999999776482582,0.03100000089034438,0.16699999570846558,,3.9626327107114028,1.8724208928550226,3.751921640972796,5.76934433016439
2026-04-23 07:43:41.600,3509417.1273,779163.2719,5250977.476,,0.2797,0.1322,0.2646,0.40708978125224415,15,0.13400000054389238,0.026999999536201358,0.19899999722838402,,3.955561654177571,1.869592468962153,3.742727481396421,5.75759090245217
2026-04-23 07:43:41.700,3509417.1334,779163.2731,5250977.4864,,0.2792,0.132,0.264,0.4062913240520895,15,0.13000000268220901,0.007999999215826392,0.24300000630319118,,3.9491965005555243,1.8667640450790774,3.732828016397219,5.745865121981197
2026-04-23 07:43:41.800,3509417.1403,779163.2727,5250977.5003,,0.2788,0.1318,0.2633,0.40549669542426603,14,0.09099999908357859,0.004000000189989805,0.2560000028461218,,3.942125441941187,1.86393562120584,3.7243427608102877,5.734573916168489
2026-04-23 07:43:41.900,3509417.1425,779163.2735,5250977.512,,0.2783,0.1316,0.2627,0.40469833209441325,15,0.08200000040233135,0.025000000605359674,0.28099999763071537,,3.9357626960984318,1.8611071973424849,3.714443296107776,5.722852173523268
2026-04-23 07:43:42.000,3509417.1485,779163.2752,5250977.5284,,0.2778,0.1314,0.262,0.4038351148674419,14,0.16199999954551458,0.019999999785795808,0.3349999990314245,,3.9286916397192586,1.8582787734890587,3.7059580407770403,5.711562220618803
2026-04-23 07:43:42.100,3509417.1587,779163.2755,5250977.5455,,0.2773,0.1312,0.2614,0.4030368345449334,15,0.1549999974668026,0.011999999405816197,0.3129999991506338,,3.921620583381314,1.8554503496456056,3.69605857637565,5.69935548987778
2026-04-23 07:43:42.200,3509417.164,779163.2764,5250977.5597,,0.2768,0.131,0.2607,0.4021737559811679,15,0.09000000078231096,0.02100000041536987,0.26100000366568565,,3.9152554195096894,1.8526219258121717,3.687573321304947,5.688552539970075
2026-04-23 07:43:42.300,3509417.1677,779163.2776,5250977.5716,,0.2764,0.1308,0.2601,0.40144440461912034,15,0.07300000172108412,0.019999999785795808,0.2689999993890524,,3.9081843610556546,1.849793501988803,3.6776738572092005,5.676347945642514
2026-04-23 07:43:42.400,3509417.1713,779163.2784,5250977.5866,,0.2759,0.1306,0.2594,0.40058148983696185,14,0.09199999738484621,0.010999999940395355,0.2969999983906746,,3.9018216258563125,1.8469650781755458,3.6691886024024436,5.665548252375934
2026-04-23 07:43:42.500,3509417.1769,779163.2787,5250977.6013,,0.2754,0.1304,0.2588,0.3997833913508663,15,0.04900000058114529,0.0010000006295740604,0.24299999698996544,,3.8954564559240032,1.8441366543724462,3.6599945355150463,5.654288726267875
2026-04-23 07:43:42.600,3509417.1762,779163.2785,5250977.6109,,0.275,0.1302,0.2582,0.3990542319033843,15,-0.028999997302889824,-0.01600000075995922,0.1360000018030405,,3.8883853975654215,1.8413082305795518,3.6508038840781354,5.642546056524483
2026-04-23 07:43:42.700,3509417.174,779163.2771,5250977.6149,,0.2745,0.13,0.2575,0.3981915368261862,14,-0.016999999061226845,-0.02800000016577542,0.1510000042617321,,3.8827285509033462,1.8391859612339367,3.6423186296643517,5.632465801050194
2026-04-23 07:43:42.800,3509417.1745,779163.2757,5250977.626,,0.2741,0.1299,0.2569,0.39749519493951124,14,0.024999999441206455,-0.0279999990016222,0.2019999921321869,,3.8756574926068996,1.8363575359934676,3.6331245505762664,5.620722729329388
2026-04-23 07:43:42.900,3509417.1765,779163.2743,5250977.6351,,0.2736,0.1297,0.2563,0.3966972901344298,14,0.06199999712407589,-0.019999999785795808,0.21199999377131462,,3.869294767783918,1.8342371711422705,3.624639292398624,5.6101584647851075
2026-04-23 07:43:43.000,3509417.1807,779163.2737,5250977.6472,,0.2731,0.1295,0.2557,0.3958994190447872,14,0.04799999762326479,-0.0010000006295740604,0.2280000038444996,,3.8629295877610814,1.8314087473854657,3.615448658188911,5.5989063217739234
2026-04-23 07:43:43.100,3509417.1813,779163.2742,5250977.6579,,0.2727,0.1293,0.255,0.3951060364003567,14,0.05600000265985727,0.010999999940395355,0.23000000044703484,,3.855858529562515,1.8285803236390792,3.6069634043056213,5.587623466197414
2026-04-23 07:43:43.200,3509417.1863,779163.2748,5250977.6702,,0.2722,0.1291,0.2544,0.39430826772970407,14,0.09500000160187483,0.019999999785795808,0.19899999722838402,,3.8502016830290846,1.8257518999031601,3.5977693088912748,5.576859958794016
2026-04-23 07:43:43.300,3509417.1908,779163.2762,5250977.6778,,0.2718,0.1289,0.2538,0.3935795853445654,14,0.10899999644607306,0.03399999928660691,0.18400000408291817,,3.8431306248942407,1.8229234761777575,3.589284051172322,5.565578406598904
2026-04-23 07:43:43.400,3509417.1972,779163.2782,5250977.6886,,0.2713,0.1287,0.2532,0.3927818987682604,14,0.07000000216066837,0.010000000474974513,0.16499999910593033,,3.8367679106247747,1.82009505246292,3.5807987935654806,5.554786584559302
2026-04-23 07:43:43.500,3509417.1978,779163.2772,5250977.6943,,0.2708,0.1285,0.2526,0.3919842471324581,14,0.04000000189989805,-0.00699999975040555,0.13899999670684338,,3.830402720341557,1.817266628758697,3.5723135360715466,5.543993777052784
2026-04-23 07:43:43.600,3509417.2012,779163.2775,5250977.7025,,0.2704,0.1283,0.252,0.3912557347822521,14,0.0419999985024333,0.008999999845400453,0.1570000033825636,,3.8233316623071025,1.8151443468771291,3.5638282786913287,5.532945508497258
2026-04-23 07:43:43.700,3509417.202,779163.2781,5250977.71,,0.2699,0.1282,0.2514,0.3904909858114525,14,0.022999998182058334,0.00699999975040555,0.2000000048428774,,3.8176748159056184,1.8123159216869447,3.554637674925533,5.522189692504233
2026-04-23 07:43:43.800,3509417.2035,779163.2782,5250977.7225,,0.2695,0.128,0.2507,0.389698267894534,14,0.0069999974220991135,0.013000000035390258,0.20899999886751175,,3.810603757936529,1.8101955695449041,3.546152421992038,5.511143801426342
2026-04-23 07:43:43.900,3509417.2027,779163.2794,5250977.7309,,0.269,0.1278,0.2501,0.3889008228327629,14,-0.036999997682869434,0.01600000075995922,0.0860000029206276,,3.804946911587598,1.8073671458782248,3.5369582977468084,5.500388259023175
2026-04-23 07:43:44.000,3509417.1998,779163.2798,5250977.7311,,0.2686,0.1276,0.2495,0.3881726033609276,14,0.0070000020787119865,-0.010000000474974513,0.04100000485777855,,3.79787585368453,1.8045387222223854,3.5284730408492564,5.489111312407501
2026-04-23 07:43:44.100,3509417.2034,779163.2784,5250977.735,,0.2681,0.1274,0.2489,0.3873752444336112,14,0.07400000002235174,-0.00699999975040555,0.10499999858438969,,3.792219007388682,1.8017102985774376,3.519987784069712,5.478813648957226
2026-04-23 07:43:44.200,3509417.2072,779163.2791,5250977.7416,,0.2677,0.1272,0.2483,0.38664715180639825,14,0.060999998822808266,0.009000001009553671,0.12899999506771564,,3.7851479495523024,1.7988818749434325,3.5115025274090295,5.467537928537853
2026-04-23 07:43:44.300,3509417.2095,779163.2793,5250977.7479,,0.2672,0.127,0.2477,0.3858498801347488,14,0.054999999701976776,0.008999999845400453,0.12799999676644802,,3.7794911033100735,1.7967595832498013,3.5030172708680722,5.457474507498866
2026-04-23 07:43:44.400,3509417.2127,779163.28,5250977.7544,,0.2668,0.1269,0.2471,0.38515485197515037,14,0.03400000277906656,0.004999999655410647,0.12099999934434891,,3.7724200455410584,1.7939311580994406,3.494532014447714,5.446200143219124
2026-04-23 07:43:44.500,3509417.2129,779163.2798,5250977.76,,0.2663,0.1267,0.2465,0.3843576849758568,14,0.08200000040233135,0.009999999310821295,0.1609999965876341,,3.7667631993529938,1.7918108159066348,3.4860467581488344,5.436139530953929
2026-04-23 07:43:44.600,3509417.2209,779163.281,5250977.7705,,0.2659,0.1265,0.2459,0.3836298606730191,14,0.10899999644607306,0.017000000225380063,0.18099999986588955,,3.759692141652026,1.7889823923113384,3.477561501972323,5.424866542137234
2026-04-23 07:43:44.700,3509417.2238,779163.2815,5250977.7781,,0.2654,0.1263,0.2453,0.38283278334019416,14,0.08099999744445086,0.0,0.10100000537931919,,3.754035295518677,1.78615396872722,3.4690762459190774,5.414574498517866
2026-04-23 07:43:44.800,3509417.229,779163.281,5250977.7806,,0.265,0.1261,0.2447,0.3821050902565942,14,0.13100000098347664,-0.010999999940395355,0.11300000362098217,,3.746964237886452,1.7840316701224783,3.4605909899900045,5.403535879403411
2026-04-23 07:43:44.900,3509417.2369,779163.2804,5250977.7894,,0.2645,0.126,0.2441,0.38134113337011,14,0.1500000013038516,-0.0059999991208314896,0.142000000923872,,3.7413073918083772,1.7812032450004125,3.45210573418602,5.393245775968309
2026-04-23 07:43:45.000,3509417.244,779163.2804,5250977.7948,,0.2641,0.1258,0.2435,0.38061358357263075,14,0.07999999914318323,0.02099999925121665,0.0860000029206276,,3.7342363342455975,1.7790829098161782,3.4443259137311615,5.3826608661516095
2026-04-23 07:43:45.100,3509417.2449,779163.2825,5250977.798,,0.2636,0.1256,0.243,0.3798806654727245,14,0.07699999958276749,0.04399999976158142,0.08700000122189522,,3.7285794882233634,1.776254486271604,3.4358406540466917,5.372372474056504
2026-04-23 07:43:45.200,3509417.2517,779163.2848,5250977.8035,,0.2632,0.1254,0.2424,0.37915321441338196,14,0.1930000027641654,0.04900000058114529,0.16599999740719795,,3.7222143946849697,1.7734260627384497,3.428064176762156,5.362046624191176
2026-04-23 07:43:45.300,3509417.2642,779163.2874,5250977.8146,,0.2628,0.1252,0.2418,0.37842584478336044,14,0.19100000150501728,0.039999999571591616,0.13899999670684338,,3.7158515847649243,1.7713037571235486,3.419578921446323,5.351503527047329
2026-04-23 07:43:45.400,3509417.2708,779163.2888,5250977.8174,,0.2623,0.1251,0.2412,0.3776622035629194,14,0.1549999974668026,0.017000000225380063,0.05900000222027302,,3.7101947388243652,1.7684753320303905,3.4110936662601334,5.341218025881362
2026-04-23 07:43:45.500,3509417.2797,779163.2891,5250977.8205,,0.2619,0.1249,0.2406,0.3769349811306985,14,0.08799999952316284,0.019000000320374966,0.07399999536573887,,3.703829639710768,1.7663550039558864,3.403313826258166,5.331126428814083
2026-04-23 07:43:45.600,3509417.2796,779163.2907,5250977.8248,,0.2615,0.1247,0.2401,0.3762716438957366,14,0.04200000315904617,0.0279999990016222,0.07499999366700649,,3.6974668355510643,1.7635265804631353,3.394828567100259,5.320352243977837
2026-04-23 07:43:45.700,3509417.2839,779163.2919,5250977.828,,0.261,0.1245,0.2395,0.37547503245888403,14,0.08200000040233135,0.019000000320374966,0.0950000062584877,,3.6918099896934025,1.7614042693260397,3.387052110611822,5.310755878403751
2026-04-23 07:43:45.800,3509417.2878,779163.2926,5250977.8343,,0.2606,0.1244,0.2389,0.37478117615483303,14,0.10199999902397394,0.0020000000949949026,0.05900000222027302,,3.6854448849494412,1.7585758442558,3.378566855931669,5.299981792421555
2026-04-23 07:43:45.900,3509417.2941,779163.2921,5250977.8339,,0.2602,0.1242,0.2383,0.3740542340356543,14,0.12499999720603228,0.0,0.06299999542534351,,3.679082086608017,1.7564555217824331,3.3707870000935984,5.289894705946424
2026-04-23 07:43:46.000,3509417.3003,779163.2926,5250977.8406,,0.2597,0.124,0.2378,0.37332148344289,14,0.11200000066310167,-0.0020000000949949026,0.1290000043809414,,3.673425240834499,1.7543332066628619,3.362301741367065,5.279849524370936
2026-04-23 07:43:46.100,3509417.3053,779163.2919,5250977.8468,,0.2593,0.1239,0.2372,0.37262788408813424,14,0.1220000023022294,0.0020000000949949026,0.12200000695884228,,3.6670601304041908,1.751504781609231,3.354525301737937,5.269529295866946
2026-04-23 07:43:46.200,3509417.3125,779163.2928,5250977.8528,,0.2589,0.1237,0.2366,0.37190114277856157,14,0.146999997086823,0.023999999975785613,0.15799999237060547,,3.6606973379398626,1.7493844631755477,3.3467454340000224,5.259444457354788
2026-04-23 07:43:46.300,3509417.32,779163.2943,5250977.8626,,0.2584,0.1235,0.2361,0.37116845232320056,14,0.09699999820441008,0.018999999156221747,0.11999999172985554,,3.655040492251762,1.7465560397536632,3.3382601756004573,5.249167553050674
2026-04-23 07:43:46.400,3509417.3222,779163.2947,5250977.8648,,0.258,0.1233,0.2355,0.3704418172938903,14,0.03800000064074993,-0.0139999995008111,0.030000004917383194,,3.648675376078283,1.744433719004537,3.3311891270235616,5.23953261274324
2026-04-23 07:43:46.500,3509417.3238,779163.2929,5250977.8656,,0.2576,0.1232,0.235,0.3698121144581394,14,-0.014999997802078724,-0.045999999856576324,-0.019999993965029716,,3.64301852863803,1.7416052939744986,3.322703868839352,5.229257499875101
2026-04-23 07:43:46.600,3509417.3207,779163.2901,5250977.8628,,0.2572,0.123,0.2344,0.3690856269214503,14,-0.01799999736249447,-0.03499999991618097,-0.030000004917383194,,3.6373616812189566,1.7394849812516346,3.3149274501865045,5.219669721352108
2026-04-23 07:43:46.700,3509417.322,779163.2894,5250977.8626,,0.2568,0.1228,0.2338,0.36835922684249406,14,0.1329999975860119,-0.008999999845400453,0.06599999964237213,,3.6309988983749357,1.7373626564422295,3.3071475624773683,5.209587987547575
2026-04-23 07:43:46.800,3509417.334,779163.2892,5250977.8694,,0.2563,0.1227,0.2333,0.36765999238426794,14,0.1489999983459711,0.006000000284984708,0.07800000719726086,,3.625342052827567,1.7345342314292906,3.298662304631985,5.1993160127078255
2026-04-23 07:43:46.900,3509417.3369,779163.29,5250977.8704,,0.2559,0.1225,0.2327,0.3669337133597838,14,0.03200000151991844,0.019000000320374966,0.0409999955445528,,3.618976927254441,1.7324139228256046,3.2915912565201655,5.18968447981185
2026-04-23 07:43:47.000,3509417.3372,779163.2911,5250977.8735,,0.2555,0.1223,0.2322,0.36627091066586215,14,-0.005000000819563866,0.004999999655410647,0.02199999988079071,,3.6133200799264933,1.7302915939228276,3.283105998897994,5.17965018123811
2026-04-23 07:43:47.100,3509417.3364,779163.2905,5250977.8726,,0.2551,0.1222,0.2316,0.3655781858918828,14,0.000999998301267624,-0.019000000320374966,0.003000004217028618,,3.6076632326202507,1.7274631689271986,3.2760349509735085,5.170277361999063
2026-04-23 07:43:47.200,3509417.3373,779163.2892,5250977.8738,,0.2547,0.122,0.2311,0.3649154696638661,14,0.04200000315904617,-0.015999999595806003,0.05299999378621578,,3.6013004595562417,1.7253428644765074,3.2675496935777426,5.159753288675729
2026-04-23 07:43:47.300,3509417.3406,779163.2889,5250977.8779,,0.2542,0.1218,0.2305,0.3641196643961982,14,0.1360000018030405,-0.01500000013038516,0.0430000014603138,,3.5956436141531043,1.7232205314468603,3.2604786458432753,5.150617729942691
2026-04-23 07:43:47.400,3509417.3509,779163.2877,5250977.8781,,0.2538,0.1217,0.23,0.3634904813059071,14,0.16499999910593033,-0.009000001009553671,0.00700000673532486,,3.5892784790261114,1.7203921064687548,3.2526988793923115,5.140303395715081
2026-04-23 07:43:47.500,3509417.3571,779163.288,5250977.8786,,0.2534,0.1215,0.2295,0.36282786552303287,14,0.06599999964237213,0.0010000006295740604,-0.0279999990016222,,3.5836216318132696,1.7189778939823512,3.2449223411354544,5.130959949171305
2026-04-23 07:43:47.600,3509417.3575,779163.2878,5250977.8753,,0.253,0.1214,0.2289,0.3621355685375299,14,-0.0139999995008111,0.009000001009553671,-0.02500000409781933,,3.5779647846226768,1.716149469014864,3.2378512936822776,5.121589792242248
2026-04-23 07:43:47.700,3509417.3557,779163.2889,5250977.8761,,0.2526,0.1212,0.2284,0.36147304187172796,14,-0.05200000014156103,0.0139999995008111,0.013999994844198227,,3.57230793745444,1.7140291712803486,3.230071516236134,5.112009585280528
2026-04-23 07:43:47.800,3509417.3523,779163.2892,5250977.8767,,0.2522,0.121,0.2279,0.3608105458547463,14,-0.001000002957880497,0.011999999405816197,0.03200000151991844,,3.566651090308666,1.7119068315769992,3.2222949895998036,5.102431773184233
2026-04-23 07:43:47.900,3509417.3556,779163.2901,5250977.8793,,0.2518,0.1209,0.2273,0.36011850827192987,14,0.1500000013038516,0.019000000320374966,0.0989999994635582,,3.5609942431854615,1.7090784066273845,3.21522394243387,5.093063321813307
2026-04-23 07:43:48.000,3509417.3673,779163.2911,5250977.8866,,0.2514,0.1207,0.2268,0.3594561030223301,14,0.28200000058859587,0.02300000051036477,0.15999999828636646,,3.5553373960849344,1.7076641941552795,3.207444153839627,5.083722946817618
2026-04-23 07:43:48.100,3509417.3838,779163.2924,5250977.8953,,0.251,0.1206,0.2263,0.35882732616120533,14,0.25799999944865704,0.022999999346211553,0.11900000274181366,,3.5496805490071917,1.7048357692164953,3.1996676389900247,5.073910720538941
2026-04-23 07:43:48.200,3509417.3931,779163.2934,5250977.8985,,0.2506,0.1204,0.2257,0.3581019547559047,14,0.08700000122189522,0.03599999938160181,0.060999998822808266,,3.5440237019523444,1.70271547828755,3.192596592117457,5.064782028873504
2026-04-23 07:43:48.300,3509417.3925,779163.296,5250977.9014,,0.2502,0.1202,0.2252,0.3574396732317217,14,0.04399999976158142,0.040000000735744834,0.07999999448657036,,3.5376609504021155,1.7005931318219532,3.184816792218981,5.054712652564931
2026-04-23 07:43:48.400,3509417.3975,779163.2974,5250977.9065,,0.2497,0.1201,0.2247,0.3567410685637413,14,0.07600000128149986,0.017999999690800905,0.071000000461936,,3.5320041053203775,1.6977647069014008,3.1777457418742614,5.045346965274043
2026-04-23 07:43:48.500,3509417.4001,779163.2978,5250977.9085,,0.2493,0.1199,0.2242,0.3560788395847189,14,0.05200000014156103,0.003999999025836587,0.030000004917383194,,3.5256389491835374,1.6963504944438812,3.1699692427529955,5.0355178482456004
2026-04-23 07:43:48.600,3509417.4027,779163.2978,5250977.9095,,0.2489,0.1198,0.2236,0.35538740833068355,14,0.16499999910593033,-0.0009999994654208422,0.10499999858438969,,3.519982102227226,1.6935220695343771,3.1628981962750555,5.0261532010077055
2026-04-23 07:43:48.700,3509417.4166,779163.2977,5250977.919,,0.2485,0.1196,0.2231,0.3547252739797377,14,0.2119999984279275,-0.00699999975040555,0.1269999984651804,,3.514325255294393,1.6921078570824024,3.1551183812972847,5.0168200087306305
2026-04-23 07:43:48.800,3509417.4239,779163.2971,5250977.9222,,0.2481,0.1195,0.2226,0.3540969076397025,14,0.12099999934434891,-0.008999999845400453,0.06699999794363976,,3.5086684083851525,1.6892794321840303,3.1480473312833146,5.0074565400011215
2026-04-23 07:43:48.900,3509417.4287,779163.2968,5250977.9257,,0.2477,0.1193,0.2221,0.35343484548074766,14,0.041000000201165676,0.010000000474974513,0.06799999624490738,,3.5030115614996187,1.6871591507620138,3.140976281349478,4.998332521951695
2026-04-23 07:43:49.000,3509417.428,779163.2981,5250977.929,,0.2473,0.1191,0.2216,0.3527728164130564,14,-0.03700000233948231,0.02199999988079071,0.07000000216066837,,3.497354714637907,1.6850367948504863,3.133199802119233,4.988765378327588
2026-04-23 07:43:49.100,3509417.425,779163.299,5250977.9327,,0.2469,0.119,0.221,0.35208182287644446,14,-0.03599999938160181,0.0029999995604157448,0.09100000374019146,,3.4924038998947413,1.6822083699708548,3.12612875614553,4.979898693748699
2026-04-23 07:43:49.200,3509417.4244,779163.2984,5250977.9381,,0.2466,0.1188,0.2205,0.3514900425332132,14,-0.0849999999627471,-0.02899999963119626,0.04800000227987766,,3.486747051335958,1.6807941575338725,3.1183489221060556,4.970570792172666
2026-04-23 07:43:49.300,3509417.4165,779163.2961,5250977.9375,,0.2462,0.1187,0.22,0.3508619814114946,14,-0.1979999989271164,-0.059999999357387424,-0.07500000298023224,,3.48179838589198,1.6779657326655988,3.1112778725147647,4.9617072666573145
2026-04-23 07:43:49.400,3509417.4046,779163.2924,5250977.9306,,0.2458,0.1185,0.2195,0.35020014277552775,14,-0.19599999766796827,-0.06800000090152025,-0.11699999682605267,,3.4761415391206385,1.6765515202343173,3.1042068230064825,4.952825961004486
2026-04-23 07:43:49.500,3509417.3969,779163.2893,5250977.9258,,0.2454,0.1184,0.219,0.3495721956906756,14,-0.18999999854713678,-0.054000000236555934,-0.11399999260902405,,3.4704846923736747,1.673723095377488,3.0971357735817784,4.943466698583091
2026-04-23 07:43:49.600,3509417.3856,779163.287,5250977.9192,,0.245,0.1182,0.2185,0.348910432632789,14,-0.23800000082701445,-0.04199999966658652,-0.08400000631809235,,3.464827845651209,1.6723088829519501,3.0900647242412247,4.9345870141279295
2026-04-23 07:43:49.700,3509417.3731,779163.2851,5250977.9174,,0.2446,0.1181,0.218,0.3482826007712702,14,-0.1780000003054738,-0.014000000664964318,-0.06800000555813313,,3.4591709989533617,1.669480458106653,3.0829936749854028,4.925228827171383
2026-04-23 07:43:49.800,3509417.3678,779163.2856,5250977.9124,,0.2442,0.1179,0.2175,0.34762091421547126,14,-0.0430000014603138,0.00800000037997961,-0.06199999712407589,,3.4549263378543973,1.6680662456869033,3.076628186830511,4.9177842571629755
2026-04-23 07:43:49.900,3509417.3688,779163.2859,5250977.9112,,0.244,0.1178,0.2171,0.347196270141256,13,0.17999999690800905,0.05300000077113509,0.071000000461936,,3.4492694878771073,1.6659441767358232,3.0695571341807595,4.908666926977221
2026-04-23 07:43:50.000,3509417.3858,779163.2909,5250977.9195,,0.2436,0.1177,0.2166,0.34656862235349584,14,0.39000000339001417,0.07499999948777258,0.201000003144145,,3.445028882317244,1.663823608439308,3.06319473752486,4.900989185868502
2026-04-23 07:43:50.100,3509417.4078,779163.2934,5250977.9313,,0.2432,0.1175,0.2161,0.34590706844469077,14,0.4689999995753169,0.05099999951198697,0.2850000001490116,,3.4393720357065183,1.661703342958664,3.056123688596389,4.891873874089559
2026-04-23 07:43:50.200,3509417.4327,779163.296,5250977.948,,0.2428,0.1173,0.2156,0.34524555029717613,14,0.46600000001490116,0.04900000058114529,0.3309999965131283,,3.4337151891209614,1.659580971209299,3.049052639755503,4.88275854410189
2026-04-23 07:43:50.300,3509417.4544,779163.2983,5250977.9644,,0.2424,0.1172,0.2151,0.3446180639490623,14,0.414000004529953,0.04399999976158142,0.26999999769032,,3.428058342560697,1.6567525463991295,3.0419815910028123,4.873403841259207
2026-04-23 07:43:50.400,3509417.4741,779163.3004,5250977.975,,0.242,0.117,0.2146,0.3439566251724191,14,0.34999999683350325,0.019000000320374966,0.1730000041425228,,3.4224014960258535,1.655338333997011,3.0349105423389338,4.86453070706723
2026-04-23 07:43:50.500,3509417.4894,779163.3002,5250977.9817,,0.2416,0.1169,0.2141,0.34332925887549987,14,0.27099999599158764,-0.015999999595806003,0.16499999910593033,,3.4167446495165543,1.6532162592958004,3.0278394937644895,4.8554175927514205
2026-04-23 07:43:50.600,3509417.5012,779163.2988,5250977.9915,,0.2412,0.1168,0.2136,0.3427019696470973,14,0.19400000106543303,-0.04500000039115548,0.0969999935477972,,3.4110878030329266,1.6510956968025807,3.020768445280108,4.846305706411843
2026-04-23 07:43:50.700,3509417.5088,779163.2957,5250977.9914,,0.2408,0.1166,0.2131,0.3420406554782633,14,0.05100000184029341,-0.07600000011734664,-0.016999999061226845,,3.4054309565751,1.6496814844084298,3.0136973968864225,4.837435374245325
2026-04-23 07:43:50.800,3509417.5063,779163.2912,5250977.9898,,0.2404,0.1165,0.2126,0.34141348830999635,14,-0.20000000018626451,-0.11200000066310167,-0.071000000461936,,3.4004801131604934,1.6468530596261466,3.006626348584074,4.828580743862528
2026-04-23 07:43:50.900,3509417.4888,779163.2845,5250977.9843,,0.2401,0.1163,0.2121,0.3408226958405206,14,-0.28599999845027924,-0.11599999968893826,-0.10299999266862869,,3.394823264913801,1.6454388472380248,2.999555300373707,4.819712232073612
2026-04-23 07:43:51.000,3509417.4777,779163.2796,5250977.9795,,0.2397,0.1162,0.2116,0.3401956642874803,14,-0.23199999704957008,-0.059999999357387424,-0.11099999770522118,,3.3898746289501624,1.6426104224678475,2.993189770128182,4.811299616527742
2026-04-23 07:43:51.100,3509417.4656,779163.2785,5250977.9732,,0.2393,0.116,0.2112,0.3395967167096879,14,-0.2410000003874302,-0.03000000026077032,-0.18200000748038292,,3.3842177825902398,1.641196210085802,2.9861187183365634,4.802432716863402
2026-04-23 07:43:51.200,3509417.4536,779163.2766,5250977.9613,,0.2389,0.1159,0.2107,0.33896977741385736,14,-0.2580000041052699,-0.041000000201165676,-0.2169999945908785,,3.378560936256737,1.6383677853278245,2.9797563658796,4.793523860376623
2026-04-23 07:43:51.300,3509417.4398,779163.2744,5250977.9515,,0.2385,0.1157,0.2102,0.3383087051791603,14,-0.22000000346451998,-0.02099999925121665,-0.1739999931305647,,3.3736100841679972,1.6369535729519027,2.972685318024765,4.785156214795919
2026-04-23 07:43:51.400,3509417.4316,779163.2745,5250977.9439,,0.2382,0.1156,0.2097,0.3377524093178315,14,-0.15099999960511923,0.004000000189989805,-0.13000000268220901,,3.3679532360173883,1.63483148978725,2.9663197737263594,4.776487831032337
2026-04-23 07:43:51.500,3509417.4247,779163.2748,5250977.9385,,0.2378,0.1155,0.2093,0.33718775185347405,14,-0.24299999698996544,-0.003000000724568963,-0.142000000923872,,3.3630046089769188,1.6327109358364693,2.95924872222664,4.7678819196788
2026-04-23 07:43:51.600,3509417.4073,779163.2742,5250977.9297,,0.2374,0.1153,0.2088,0.33652680428162035,14,-0.2909999992698431,-0.0029999995604157448,-0.12500000186264515,,3.3580537518032676,1.631296723468787,2.95288638453971,4.759957142664207
2026-04-23 07:43:51.700,3509417.3956,779163.2745,5250977.926,,0.2371,0.1152,0.2083,0.33597074277383143,14,-0.10300000198185444,0.02300000051036477,-0.03700000233948231,,3.352396903709344,1.628468298739647,2.9458153370501687,4.750610697584048
2026-04-23 07:43:51.800,3509417.397,779163.2765,5250977.926,,0.2367,0.115,0.2078,0.335309901434479,14,-0.022999998182058334,0.016999999061226845,-0.05900000222027302,,3.3474482819007076,1.6270540863782001,2.9394497784449385,4.7426870021117775
2026-04-23 07:43:51.900,3509417.3933,779163.2762,5250977.9201,,0.2363,0.1149,0.2074,0.3347453659126591,14,-0.044999998062849045,-0.0020000000949949026,-0.10499999858438969,,3.3417914357422123,1.6242256616615807,2.9323787272451693,4.733341737081741
2026-04-23 07:43:52.000,3509417.3925,779163.2763,5250977.9155,,0.2359,0.1147,0.2069,0.33408458509784617,14,0.052999998442828655,0.006000000284984708,0.000999998301267624,,3.336840571558671,1.6228114493064187,2.9260164046019974,4.725419981334992
2026-04-23 07:43:52.100,3509417.3986,779163.2768,5250977.9202,,0.2356,0.1146,0.2064,0.33352882933863454,14,0.04900000058114529,0.030999999726191163,0.05900000222027302,,3.3311837235433295,1.6206893595010734,2.9196508352883566,4.7167552406288795
2026-04-23 07:43:52.200,3509417.3974,779163.2794,5250977.9214,,0.2352,0.1145,0.206,0.3329643974961888,14,-0.03399999812245369,0.0139999995008111,0.03800000064074993,,3.326235108948253,1.6185688122535906,2.912579784314929,4.708155265069324
2026-04-23 07:43:52.300,3509417.3952,779163.2782,5250977.924,,0.2348,0.1143,0.2055,0.3323037465933841,14,0.03000000026077032,-0.026999999536201358,0.08200000040233135,,3.32128423956758,1.6171545999068855,2.9062174729362558,4.700235951524135
2026-04-23 07:43:52.400,3509417.4004,779163.2767,5250977.9296,,0.2345,0.1142,0.205,0.3317482328513597,14,-0.013000001199543476,-0.024999999441206455,0.06100000813603401,,3.3156273916108248,1.6150325074127763,2.899851892769698,4.691572870584022
2026-04-23 07:43:52.500,3509417.3939,779163.2757,5250977.9301,,0.2341,0.1141,0.2046,0.3311839066138329,14,-0.05300000309944153,-0.027000000700354576,0.032999999821186066,,3.310678782364728,1.6129119628795614,2.89278084202727,4.682975549797372
2026-04-23 07:43:52.600,3509417.3951,779163.274,5250977.9329,,0.2337,0.1139,0.2041,0.3305233879773109,14,0.02199999988079071,-0.026999999536201358,0.050999997183680534,,3.305727907738324,1.6114977505414023,2.8871240014935275,4.675494305418412
2026-04-23 07:43:52.700,3509417.3961,779163.273,5250977.9352,,0.2334,0.1138,0.2037,0.3300298319849283,14,0.05600000265985727,-0.019999999785795808,0.05899999290704727,,3.3000710598409846,1.6086693258715417,2.880052950902118,4.666153769433665
2026-04-23 07:43:52.800,3509417.4007,779163.272,5250977.9388,,0.233,0.1136,0.2032,0.32936939748555877,14,0.041000000201165676,-0.03100000089034438,0.08200000040233135,,3.295828423932289,1.607255113539851,2.8743961104899927,4.6591744976980625
2026-04-23 07:43:52.900,3509417.4002,779163.2699,5250977.9434,,0.2327,0.1135,0.2028,0.32887593405416576,14,0.0029999995604157448,-0.030999999726191163,0.09000000543892384,,3.290171576073199,1.6051330162949113,2.8673250600516154,4.650078924061397
2026-04-23 07:43:53.000,3509417.401,779163.2689,5250977.9478,,0.2323,0.1134,0.2023,0.32825011805024534,14,0.000999998301267624,-0.022999999346211553,0.06500000134110451,,3.2852229756897775,1.603012476557809,2.861668219762731,4.642357590707548
2026-04-23 07:43:53.100,3509417.4003,779163.2676,5250977.9499,,0.2319,0.1132,0.2019,0.32765143063933044,14,-0.05200000014156103,-0.02800000016577542,0.034999996423721313,,3.280272092372826,1.6015982642348237,2.8545971694794345,4.6340076607619025
2026-04-23 07:43:53.200,3509417.3958,779163.2661,5250977.9513,,0.2316,0.1131,0.2014,0.32709651480870294,14,-0.050999997183680534,-0.02300000051036477,0.06199999712407589,,3.2746152445745436,1.5994761642487831,2.848940329315446,4.625785338728981
2026-04-23 07:43:53.300,3509417.3952,779163.2653,5250977.9561,,0.2312,0.113,0.201,0.3265324486172852,14,0.003999997861683369,-0.02100000041536987,0.08500000461935997,,3.2703726087404776,1.597355627279035,2.8418692791893156,4.617694554645207
2026-04-23 07:43:53.400,3509417.3962,779163.264,5250977.9598,,0.2309,0.1128,0.2005,0.3259430931926615,14,-0.0029999995604157448,-0.031999999191612005,0.056999996304512024,,3.264715760981345,1.5959414149648476,2.8362124391519052,4.609717887246464
2026-04-23 07:43:53.500,3509417.3949,779163.2621,5250977.9618,,0.2305,0.1127,0.2001,0.3253790866051474,14,-0.03000000026077032,-0.03599999938160181,0.011999998241662979,,3.2604731251767736,1.5938193122182953,2.829141389185065,4.601628624737115
2026-04-23 07:43:53.600,3509417.3932,779163.2604,5250977.961,,0.2302,0.1126,0.1996,0.32482450646464467,14,-0.02500000409781933,-0.033000000985339284,-0.0069999974220991135,,3.254816277457147,1.591698778035593,2.8234845492759475,4.593408211774782
2026-04-23 07:43:53.700,3509417.3924,779163.2588,5250977.9611,,0.2298,0.1124,0.1992,0.32422590889686775,14,-0.01999999862164259,-0.023999999975785613,-0.008000005036592484,,3.2505736416823416,1.590284565730297,2.8171190958140193,4.585999781945045
2026-04-23 07:43:53.800,3509417.3912,779163.258,5250977.9602,,0.2295,0.1123,0.1988,0.3237328837174253,14,-0.05199999548494816,-0.024999999441206455,-0.021000001579523087,,3.2449167940025823,1.588162460203615,2.8107566596914784,4.57734617436785
2026-04-23 07:43:53.900,3509417.3872,779163.2563,5250977.959,,0.2291,0.1122,0.1983,0.3231076291268902,14,-0.07300000172108412,-0.040000000735744834,-0.03699999302625656,,3.240674158257815,1.5860419288278604,2.8050998199707613,4.570129429239395
2026-04-23 07:43:54.000,3509417.3839,779163.254,5250977.9565,,0.2288,0.112,0.1979,0.32257999007998,14,-0.044000004418194294,-0.04199999966658652,-0.056999996304512024,,3.235017310618291,1.5846277165315517,2.798028770402477,4.5612878663815986
2026-04-23 07:43:54.100,3509417.3828,779163.2521,5250977.9533,,0.2284,0.1119,0.1974,0.32195485708403276,14,-0.03999999724328518,-0.03499999991618097,-0.09200000204145908,,3.230774674903838,1.5825056082049123,2.7923719308143746,4.554071804440505
2026-04-23 07:43:54.200,3509417.3799,779163.2505,5250977.9473,,0.2281,0.1118,0.197,0.3214620506373964,14,-0.0839999970048666,-0.026000000070780516,-0.09700000286102295,,3.2251178273049184,1.5803850796562209,2.786006460868316,4.545419012588388
2026-04-23 07:43:54.300,3509417.3744,779163.2495,5250977.9436,,0.2277,0.1116,0.1966,0.3208635379721417,14,-0.06899999920278788,-0.017999999690800905,-0.06300000473856926,,3.22087519162106,1.5789708673689962,2.7796440419593296,4.5380179594179655
2026-04-23 07:43:54.400,3509417.373,779163.2487,5250977.941,,0.2274,0.1115,0.1961,0.32030956901098034,14,-0.0849999999627471,-0.032999999821186066,-0.07500000298023224,,3.2152183440631212,1.5768487562223588,2.7739872025660106,4.5297997748244905
2026-04-23 07:43:54.500,3509417.3659,779163.2462,5250977.9361,,0.227,0.1114,0.1957,0.31974591475107234,14,-0.0860000029206276,-0.039000000106170774,-0.071000000461936,,3.21097570841014,1.575434543229264,2.767621722707061,4.522398589244429
2026-04-23 07:43:54.600,3509417.3644,779163.2448,5250977.9339,,0.2267,0.1113,0.1953,0.3192533006877141,14,-0.010000001639127731,-0.03100000089034438,-0.054999999701976776,,3.2053188608935614,1.5733140182430205,2.7619648802980823,4.514181653411834
2026-04-23 07:43:54.700,3509417.3649,779163.2431,5250977.9306,,0.2263,0.1111,0.1949,0.3186548446203195,14,0.06200000178068876,-0.02899999963119626,0.008000005036592484,,3.2010762252717444,1.5718998059672886,2.7556024749589696,4.5067841084303115
2026-04-23 07:43:54.800,3509417.3706,779163.2419,5250977.9347,,0.226,0.111,0.1944,0.3181011788723833,14,0.071000000461936,-0.02899999963119626,0.03700000233948231,,3.1954193777969113,1.5697776912671424,2.749945635826279,4.498567327494388
2026-04-23 07:43:54.900,3509417.372,779163.2402,5250977.9343,,0.2256,0.1109,0.194,0.31753766705699654,14,0.024999999441206455,-0.04199999966658652,0.001999996602535248,,3.1911767422065482,1.5676571691540213,2.7435801428061106,4.490923067700002
2026-04-23 07:43:55.000,3509417.3731,779163.2377,5250977.9349,,0.2253,0.1107,0.1936,0.3170103152895817,14,0.0029999995604157448,-0.03799999947659671,0.01300000585615635,,3.1862259806862414,1.566242956887596,2.7379233006057713,4.483455921496274
2026-04-23 07:43:55.100,3509417.3723,779163.2364,5250977.9356,,0.225,0.1106,0.1932,0.31651792998185746,14,0.03000000026077032,-0.02100000041536987,0.02500000409781933,,3.181277259215235,1.564120839321566,2.7315609090774453,4.475312726503032
2026-04-23 07:43:55.200,3509417.3761,779163.2356,5250977.9374,,0.2246,0.1105,0.1927,0.3158934947098468,14,0.06000000052154064,-0.02100000041536987,0.003999993205070496,,3.1770346236703184,1.562706626337778,2.725904070212303,4.468350254847979
2026-04-23 07:43:55.300,3509417.3783,779163.2343,5250977.936,,0.2243,0.1104,0.1923,0.3154012365226237,14,0.10300000198185444,-0.02899999963119626,0.026000002399086952,,3.1713777762984967,1.5605861078453824,2.719538563800852,4.45970357759347
2026-04-23 07:43:55.400,3509417.3864,779163.2327,5250977.94,,0.2239,0.1102,0.1919,0.3148028907109971,14,0.12600000016391277,-0.023999999975785613,0.03200000151991844,,3.1671351407857538,1.559171895590733,2.713881721814715,4.4527425256801
2026-04-23 07:43:55.500,3509417.3909,779163.2319,5250977.9392,,0.2236,0.1101,0.1915,0.3143107061491861,14,0.08599999826401472,-0.005000000819563866,-0.00100000761449337,,3.1621843716013776,1.5570497744131366,2.708224879879807,4.44503048358501
2026-04-23 07:43:55.600,3509417.395,779163.2322,5250977.9399,,0.2233,0.11,0.1911,0.31381857816260655,14,0.0989999994635582,-0.008999999845400453,0.030000004917383194,,3.157235657976768,1.5556355614346185,2.7025680379964534,4.43756836567055
2026-04-23 07:43:55.700,3509417.4008,779163.231,5250977.9422,,0.2229,0.1099,0.1907,0.31325534313080755,14,0.054999999701976776,-0.03799999947659671,-0.010999999940395355,,3.1529930225105156,1.5535150465959446,2.696205667229412,4.429932166523546
2026-04-23 07:43:55.800,3509417.4005,779163.2284,5250977.9388,,0.2226,0.1097,0.1902,0.31266737917473897,14,-0.06199999712407589,-0.034000000450760126,-0.06599999964237213,,3.1480422487635074,1.5521008343532323,2.6905488287708144,4.422469898145153
2026-04-23 07:43:55.900,3509417.3946,779163.2276,5250977.9356,,0.2223,0.1096,0.1898,0.3121754154317729,14,0.002000001259148121,-0.01500000013038516,-0.0409999955445528,,3.1430935398107382,1.5499787095311985,2.6841833022355237,4.414330187015919
2026-04-23 07:43:56.000,3509417.4007,779163.2269,5250977.9347,,0.2219,0.1095,0.1894,0.3116122911568156,14,0.13599999714642763,-0.03499999991618097,-0.036000004038214684,,3.1388509043916057,1.5485644965580219,2.6785264605749184,4.4073734808840515
2026-04-23 07:43:56.100,3509417.4082,779163.2241,5250977.932,,0.2216,0.1094,0.189,0.31112042684465446,14,0.0839999970048666,-0.03800000064074993,-0.06900000385940075,,3.1339001260410324,1.5464439854065195,2.6728696189675993,4.39966487360117
2026-04-23 07:43:56.200,3509417.4091,779163.2231,5250977.9278,,0.2213,0.1092,0.1886,0.3105934480957382,14,-0.0069999974220991135,-0.02199999988079071,-0.10700000450015068,,3.1289514218025176,1.5450297731759084,2.667212777413906,4.392206506984843
2026-04-23 07:43:56.300,3509417.4075,779163.2219,5250977.9213,,0.2209,0.1091,0.1882,0.31003041786250585,14,-0.04599999636411667,-0.02199999988079071,-0.10900000110268593,,3.124708786431145,1.542907644676116,2.6615559359141785,4.385002736601198
2026-04-23 07:43:56.400,3509417.4045,779163.2209,5250977.9169,,0.2206,0.109,0.1878,0.30953868901964415,14,-0.09900000412017107,-0.023999999975785613,-0.09099999442696571,,3.1197580034355226,1.5414934317083544,2.655899094468764,4.377544060315098
2026-04-23 07:43:56.500,3509417.3976,779163.2195,5250977.9122,,0.2203,0.1089,0.1874,0.3090470190763859,14,-0.05100000184029341,-0.0139999995008111,-0.10999999940395355,,3.114809303954256,1.5393729242779346,2.6502422530780083,4.36983866979091
2026-04-23 07:43:56.600,3509417.3994,779163.2195,5250977.9059,,0.2199,0.1087,0.187,0.30844886123959026,14,-0.041000000201165676,-0.017999999690800905,-0.12400000356137753,,3.110566668631296,1.5379587120595921,2.644585411742264,4.362885971464301
2026-04-23 07:43:56.700,3509417.3935,779163.2177,5250977.8998,,0.2196,0.1086,0.1866,0.30795726976319293,14,-0.08400000166147947,-0.019999999785795808,-0.08499999530613422,,3.1063221017788867,1.5358365798482598,2.6396342549679113,4.356110650568922
2026-04-23 07:43:56.800,3509417.391,779163.2175,5250977.8974,,0.2194,0.1085,0.1863,0.30759762677888136,13,0.16100000124424696,0.04299999913200736,0.02900000661611557,,3.1020794638435683,1.5344223668859887,2.6332717292372236,4.348731884124382
2026-04-23 07:43:56.900,3509417.4096,779163.222,5250977.9027,,0.2191,0.1084,0.1858,0.30704561550362514,14,0.40400000289082527,0.06899999920278788,0.1640000008046627,,3.098544819750071,1.5330081539248248,2.628323610212411,4.342715625043851
2026-04-23 07:43:57.000,3509417.4314,779163.2244,5250977.9138,,0.2188,0.1083,0.1854,0.3065542203265191,14,0.33700000029057264,0.020000000949949026,0.15699999406933784,,3.0935961274865855,1.5308876510051284,2.6219580469565105,4.33458394773939
2026-04-23 07:43:57.100,3509417.4433,779163.224,5250977.9184,,0.2184,0.1081,0.185,0.3059561569898537,14,0.23000000044703484,-0.031999999191612005,0.09599999524652958,,3.0893534922374934,1.5294734388017333,2.6163012059011863,4.327635150980267
2026-04-23 07:43:57.200,3509417.4544,779163.2212,5250977.9234,,0.2181,0.108,0.1846,0.3054648424941895,14,0.18600000068545341,-0.05899999989196658,0.07199999876320362,,3.0851089121779807,1.5273513020913034,2.611350033986252,4.320861951046342
2026-04-23 07:43:57.300,3509417.4619,779163.2181,5250977.9256,,0.2179,0.1079,0.1843,0.30510540801500063,13,0.060999998822808266,-0.0750000006519258,0.030000004917383194,,3.082279189171545,1.5259370891357218,2.606399048495836,4.3153499278737515
2026-04-23 07:43:57.400,3509417.4605,779163.2137,5250977.9264,,0.2178,0.1078,0.184,0.3048174535685252,13,0.024999999441206455,-0.087000000057742,0.0,,3.079450762717274,1.525229490929152,2.602156413438669,4.310517370339667
2026-04-23 07:43:57.500,3509417.4644,779163.2094,5250977.9256,,0.2176,0.1078,0.1837,0.30449349746751575,13,0.046999999321997166,-0.07999999914318323,0.005000000819563866,,3.0780365494906,1.5238152775188996,2.597913778399891,4.306446098582914
2026-04-23 07:43:57.600,3509417.4652,779163.2057,5250977.9269,,0.2175,0.1077,0.1834,0.3042056869948358,13,0.08900000248104334,-0.07400000002235174,0.03500000573694706,,3.0752081230381787,1.5231086632279391,2.592965290936228,4.301189835382763
2026-04-23 07:43:57.700,3509417.4733,779163.202,5250977.9291,,0.2173,0.1076,0.183,0.3037861912595765,13,0.24699999950826168,-0.02800000016577542,0.09099999442696571,,3.0716747874734396,1.520988165634434,2.588017001489751,4.294929917938126
2026-04-23 07:43:57.800,3509417.4899,779163.2029,5250977.936,,0.2169,0.1074,0.1826,0.30318827483924904,14,0.14999999664723873,-0.010000000474974513,0.05899999290704727,,3.0688463630491505,1.5195739534487946,2.5830658141054013,4.289423271256871
2026-04-23 07:43:57.900,3509417.4883,779163.201,5250977.935,,0.2167,0.1073,0.1823,0.3028291102255528,13,-0.01600000075995922,-0.04300000029616058,-0.03099999390542507,,3.063189514215534,1.517451811425984,2.5774089702645173,4.281217934186485
2026-04-23 07:43:58.000,3509417.4883,779163.1986,5250977.9329,,0.2163,0.1072,0.1819,0.3022666703425967,14,-0.042999996803700924,-0.08200000040233135,-0.05799999460577965,,3.05894916597187,1.5160375984783492,2.571755237187241,4.274279471443111
2026-04-23 07:43:58.100,3509417.484,779163.1928,5250977.9292,,0.2159,0.1071,0.1814,0.30164412807147434,14,0.04500000271946192,-0.08600000059232116,0.016999999061226845,,3.053292321413067,1.51391710473196,2.56609840029567,4.266075479876088
2026-04-23 07:43:58.200,3509417.4928,779163.19,5250977.9346,,0.2155,0.1069,0.181,0.3010462755125863,14,0.08299999870359898,-0.047999999951571226,0.01600000075995922,,3.049047392219412,1.5132091725865262,2.560438439017818,4.259382232202224
2026-04-23 07:43:58.300,3509417.4923,779163.188,5250977.9308,,0.2153,0.1069,0.1807,0.30072277931676544,13,-0.0279999990016222,-0.06599999964237213,-0.10100000537931919,,3.043390543456426,1.5103807466993215,2.5547815953619204,4.250927545842201
2026-04-23 07:43:58.400,3509417.49,779163.1834,5250977.9245,,0.2149,0.1067,0.1803,0.3001249573094513,14,-0.13300000224262476,-0.08799999952316284,-0.1570000033825636,,3.0398560821196776,1.5096744682215435,2.549833327886354,4.245172788002862
2026-04-23 07:43:58.500,3509417.479,779163.1792,5250977.9151,,0.2146,0.1066,0.1799,0.2996343271389311,14,-0.08800000417977571,-0.05899999989196658,-0.12399999424815178,,3.035611470527808,1.50755232081676,2.544882119077424,4.238404888634402
2026-04-23 07:43:58.600,3509417.4812,779163.1775,5250977.9121,,0.2144,0.1065,0.1796,0.2992754082780609,13,0.10200000368058681,-0.04900000058114529,-0.03800000064074993,,3.030662633814592,1.5061381078772291,2.5392252755515803,4.230961238300346
2026-04-23 07:43:58.700,3509417.4892,779163.1743,5250977.9113,,0.214,0.1064,0.1792,0.29871324041628955,14,0.005000000819563866,-0.07800000021234155,-0.056000007316470146,,3.0271281770020906,1.5047238949388688,2.5342770172181255,4.22495668616851
2026-04-23 07:43:58.800,3509417.4817,779163.1697,5250977.9065,,0.2137,0.1063,0.1788,0.2982227690837841,14,-0.13000000268220901,-0.08899999898858368,-0.1360000018030405,,3.0214713303289833,1.5033096820016825,2.5286201770926366,4.217007114056128
2026-04-23 07:43:58.900,3509417.4762,779163.1654,5250977.8977,,0.2133,0.1062,0.1784,0.29766069609540324,14,-0.11200000066310167,-0.06899999920278788,-0.1309999916702509,,3.0172286953427974,1.5011891952715353,2.5229633370304847,4.209819711104028
2026-04-23 07:43:59.000,3509417.4705,779163.1628,5250977.8934,,0.213,0.106,0.178,0.2971346496119226,14,-0.09599999990314245,-0.07900000084191561,-0.11699999682605267,,3.011571848719535,1.4997749831224683,2.5173064970320955,4.201871249812397
2026-04-23 07:43:59.100,3509417.4666,779163.1575,5250977.886,,0.2126,0.1059,0.1776,0.2965726386570413,14,-0.01799999736249447,-0.07199999992735684,-0.13400000520050526,,3.0087414312300087,1.4976528302647445,2.512355269463298,4.196119397729287
2026-04-23 07:43:59.200,3509417.4687,779163.1556,5250977.88,,0.2125,0.1058,0.1773,0.29628563920649276,13,0.032999999821186066,-0.04300000029616058,-0.09100000374019146,,3.0044974621390512,1.4969452227787095,2.507404235459452,4.189859902192435
2026-04-23 07:43:59.300,3509417.4699,779163.1532,5250977.8769,,0.2123,0.1058,0.177,0.2959627172466153,13,-0.010000001639127731,-0.08100000093691051,-0.07899999618530273,,3.0030832489293395,1.4955310093742624,2.502455793815347,4.185380149998324
2026-04-23 07:43:59.400,3509417.4677,779163.1475,5250977.8721,,0.2122,0.1057,0.1766,0.29561611931692766,13,-0.09000000078231096,-0.10599999921396375,-0.10599999688565731,,3.000254822510914,1.4941181345529542,2.498213161441593,4.180309438307169
2026-04-23 07:43:59.500,3509417.4609,779163.1426,5250977.8663,,0.212,0.1055,0.1763,0.2952218487849434,13,-0.12300000060349703,-0.09099999908357859,-0.1269999984651804,,2.998840609302201,1.4927039224173024,2.493262120195147,4.175831174748327
2026-04-23 07:43:59.600,3509417.4554,779163.1384,5250977.8594,,0.2119,0.1054,0.176,0.2949351962719946,13,-0.08699999656528234,-0.09199999971315265,-0.1119999960064888,,2.996012182885777,1.4905817656203904,2.48901948566097,4.170508482187754
2026-04-23 07:43:59.700,3509417.4522,779163.1334,5250977.8551,,0.2117,0.1053,0.1757,0.2945767641888952,13,-0.05200000014156103,-0.09000000078231096,-0.07600000128149986,,2.993891447597925,1.489167552695129,2.4847768511478043,4.1659479113402265
2026-04-23 07:43:59.800,3509417.4502,779163.1294,5250977.8518,,0.2115,0.1052,0.1754,0.2942183712822841,13,-0.04800000227987766,-0.08100000093691051,-0.08299999870359898,,2.991769543263652,1.4877533397710792,2.4805342166557587,4.161387388840409
2026-04-23 07:43:59.900,3509417.4474,779163.1253,5250977.8468,,0.2114,0.1051,0.1751,0.2939319308955732,13,-0.004999996162950993,-0.09499999927356839,-0.10400000028312206,,2.9889411168505813,1.486339126848244,2.4762915821849414,4.1563196460330145
2026-04-23 07:44:00.000,3509417.4497,779163.1199,5250977.8414,,0.2112,0.105,0.1748,0.2935736364185313,13,0.0570000009611249,-0.09399999980814755,-0.11100000701844692,,2.986820382949065,1.4849249139266265,2.472048947735461,4.151761553846752
2026-04-23 07:44:00.100,3509417.4531,779163.1159,5250977.8357,,0.211,0.1049,0.1745,0.2932153815883471,13,0.0029999995604157448,-0.09000000078231096,-0.1290000043809414,,2.983991957093718,1.4835107010062312,2.467806313307428,4.146695069570464
2026-04-23 07:44:00.200,3509417.45,779163.1109,5250977.8285,,0.2108,0.1048,0.1742,0.2928571665505217,13,-0.0279999990016222,-0.08599999942816794,-0.10999999940395355,,2.9811635312407807,1.4820964880870608,2.462857892774165,4.141209364424841
2026-04-23 07:44:00.300,3509417.4503,779163.1073,5250977.8247,,0.2106,0.1047,0.1738,0.29243954930891275,13,0.052999998442828655,-0.08199999923817813,-0.07699999958276749,,2.979041624415476,1.4799760133191346,2.4586152606701193,4.13640024659123
2026-04-23 07:44:00.400,3509417.4553,779163.1027,5250977.8208,,0.2105,0.1045,0.1735,0.29211769888180344,13,0.044999998062849045,-0.08400000049732625,-0.10199999436736107,,2.9762131980085025,1.478561801210893,2.453664198703645,4.130914910767347
2026-04-23 07:44:00.500,3509417.4548,779163.0989,5250977.8145,,0.2103,0.1044,0.1732,0.2917596442279158,13,0.005000000819563866,-0.0730000005569309,-0.10699999518692493,,2.9740924666190187,1.476439636422702,2.449421564369841,4.1261078512322
2026-04-23 07:44:00.600,3509417.4558,779163.0954,5250977.8101,,0.2101,0.1043,0.1729,0.2914016300572116,13,0.03700000233948231,-0.06300000008195639,-0.07500000298023224,,2.971264040774565,1.47502542350971,2.445178930058084,4.121044770443533
2026-04-23 07:44:00.700,3509417.4585,779163.0926,5250977.807,,0.2099,0.1042,0.1726,0.29104365651908654,13,0.04399999976158142,-0.054999999701976776,-0.07400000467896461,,2.9684356149325524,1.473611210597965,2.44023052189747,4.115563752391645
2026-04-23 07:44:00.800,3509417.4602,779163.0899,5250977.8027,,0.2097,0.1041,0.1722,0.2906264612866488,13,0.07599999662488699,-0.052999999606981874,-0.06000000052154064,,2.9656071890929856,1.4721969976874698,2.4359878899534784,4.110502037464523
2026-04-23 07:44:00.900,3509417.4661,779163.0873,5250977.801,,0.2095,0.104,0.1719,0.2902685997485777,13,0.06699999794363976,-0.05100000067614019,-0.07399999536573887,,2.9627787632558724,1.470782784778228,2.4310368158462756,4.105021315413599
2026-04-23 07:44:01.000,3509417.4669,779163.0848,5250977.7953,,0.2093,0.1039,0.1716,0.2899107793787599,13,0.06000000052154064,-0.047000000486150384,-0.08100000210106373,,2.959950337421221,1.4693685718702438,2.4267941816313967,4.099960975424034
2026-04-23 07:44:01.100,3509417.4721,779163.0826,5250977.7929,,0.2091,0.1038,0.1713,0.28955300032981873,13,0.10300000198185444,-0.04499999922700226,-0.02300000749528408,,2.9571219115890366,1.4679543589635204,2.421845783694742,4.094483728139604
2026-04-23 07:44:01.200,3509417.4772,779163.0803,5250977.793,,0.2089,0.1037,0.1709,0.289136144402598,13,0.07600000128149986,-0.045999999856576324,-0.016999999061226845,,2.953587141087935,1.4665401460580614,2.4176031518841135,4.088914525885813
2026-04-23 07:44:01.300,3509417.4797,779163.078,5250977.7912,,0.2086,0.1036,0.1706,0.28870621745989467,13,0.01999999862164259,-0.03600000054575503,-0.08599999360740185,,2.9507587159915327,1.4651259331538704,2.412652067746197,4.083437400034437
2026-04-23 07:44:01.400,3509417.4792,779163.0767,5250977.7844,,0.2084,0.1035,0.1703,0.28834857377833517,13,0.0069999974220991135,-0.026000000070780516,-0.09499999694526196,,2.94722242119593,1.4630054682057754,2.40840943363042,4.077614621319675
2026-04-23 07:44:01.500,3509417.4804,779163.0754,5250977.7817,,0.2082,0.1033,0.17,0.2879550833029346,13,0.0059999991208314896,-0.030999999726191163,-0.04100000485777855,,2.9443939953749396,1.4615912561314808,2.4034610460750137,4.072140714661025
2026-04-23 07:44:01.600,3509417.4798,779163.0736,5250977.7803,,0.208,0.1032,0.1696,0.2875385191587381,13,-0.034999996423721313,-0.030999999726191163,-0.04200000315904617,,2.941565569556456,1.4594690815498628,2.3992184144008233,4.0668300923446505
2026-04-23 07:44:01.700,3509417.4769,779163.0723,5250977.7775,,0.2078,0.1031,0.1693,0.2871810230499223,13,0.017000003717839718,-0.039999999571591616,-0.04900000058114529,,2.9387371437404877,1.458054868652068,2.3942673200793596,4.061356423659465
2026-04-23 07:44:01.800,3509417.4815,779163.0696,5250977.7754,,0.2076,0.103,0.169,0.28682356946387794,13,0.022999998182058334,-0.04399999976158142,-0.0430000014603138,,2.935908717927041,1.456640655755564,2.3900246860649785,4.05630127086241
2026-04-23 07:44:01.900,3509417.4792,779163.0679,5250977.7732,,0.2074,0.1029,0.1687,0.2864661585597852,13,0.048999995924532413,-0.047000000486150384,-0.04199999384582043,,2.9330802921161228,1.455226442860354,2.385076309051767,4.050831149282823
2026-04-23 07:44:02.000,3509417.4864,779163.0649,5250977.7712,,0.2072,0.1028,0.1683,0.28604994319174404,13,0.1220000023022294,-0.06000000052154064,-0.013999994844198227,,2.930251866307741,1.4538122299664424,2.380833677517184,4.045777428381348
2026-04-23 07:44:02.100,3509417.4914,779163.0619,5250977.7718,,0.207,0.1027,0.168,0.2856926495379256,13,0.09500000160187483,-0.052999999606981874,-0.010000001639127731,,2.927423440501903,1.452398017073832,2.3758825728558217,4.040307661552521
2026-04-23 07:44:02.200,3509417.4959,779163.0596,5250977.7702,,0.2068,0.1026,0.1677,0.285335399135824,13,0.04900000058114529,-0.03000000026077032,-0.04999999888241291,,2.9245950146986166,1.4509838041825276,2.3716399389452016,4.035255382252776
2026-04-23 07:44:02.300,3509417.4963,779163.0589,5250977.7668,,0.2066,0.1025,0.1674,0.28497819214810105,13,0.032999999821186066,-0.02800000016577542,-0.04200000315904617,,2.921766588897888,1.4495695912925326,2.3673973050588697,4.030203716935411
2026-04-23 07:44:02.400,3509417.4992,779163.0568,5250977.766,,0.2064,0.1024,0.1671,0.2846210287382153,13,0.0419999985024333,-0.04499999922700226,-0.040000006556510925,,2.9182318276655126,1.4481553784038506,2.3624489412471963,4.024226136787046
2026-04-23 07:44:02.500,3509417.5005,779163.0544,5250977.7628,,0.2061,0.1023,0.1667,0.28413269787196266,13,0.05400000140070915,-0.05800000042654574,-0.07699999958276749,,2.9154034026185807,1.4467411655164857,2.358206309888937,4.019175786153175
2026-04-23 07:44:02.600,3509417.5046,779163.051,5250977.7583,,0.2059,0.1022,0.1664,0.28377563320341653,13,0.02599999774247408,-0.06700000027194619,-0.0989999994635582,,2.911867098615594,1.4453269526304418,2.3532551922815337,4.013196979964975
2026-04-23 07:44:02.700,3509417.5031,779163.0477,5250977.7529,,0.2057,0.1021,0.1661,0.2834186126562615,13,0.01999999862164259,-0.05899999989196658,-0.08799999952316284,,2.9090386728264717,1.443912739745723,2.349012558501976,4.008147951361077
2026-04-23 07:44:02.800,3509417.5066,779163.0451,5250977.7495,,0.2055,0.102,0.1658,0.28306163639744614,13,0.0430000014603138,-0.052999999606981874,-0.0839999970048666,,2.9062102470399487,1.4424985268623327,2.3447699247474154,4.003099549099423
2026-04-23 07:44:02.900,3509417.5074,779163.0424,5250977.7445,,0.2053,0.1019,0.1655,0.2827047045947414,13,0.00800000037997961,-0.032999999821186066,-0.09700000286102295,,2.903381821256033,1.441084313980275,2.3405272910179877,3.9980517755526876
2026-04-23 07:44:03.000,3509417.5074,779163.0418,5250977.7398,,0.2051,0.1018,0.1652,0.2823478174167458,13,0.029000001959502697,-0.023999999975785613,-0.08799999952316284,,2.9005533954747325,1.439670101099554,2.3362846573138296,3.9930046331052504
2026-04-23 07:44:03.100,3509417.5103,779163.04,5250977.7357,,0.2049,0.1017,0.1649,0.28199097503289,13,0.05200000014156103,-0.026999999536201358,-0.0559999980032444,,2.8977249696960543,1.4382558882201735,2.33204202363508,3.9879581241532613
2026-04-23 07:44:03.200,3509417.5126,779163.0391,5250977.7342,,0.2047,0.1016,0.1646,0.28163417761344234,13,-0.04500000271946192,-0.02100000041536987,-0.07400000467896461,,2.894896543920007,1.4368416753421371,2.327799389981877,3.9829122511047115
2026-04-23 07:44:03.300,3509417.5058,779163.0379,5250977.7283,,0.2045,0.1015,0.1643,0.28127742532951344,13,-0.07000000216066837,-0.03000000026077032,-0.12000000104308128,,2.8920681181465966,1.4354274624654497,2.323556756354361,3.977867016379506
2026-04-23 07:44:03.400,3509417.5056,779163.0361,5250977.7222,,0.2043,0.1014,0.164,0.2809207183530613,13,0.012000002898275852,-0.054999999701976776,-0.1119999960064888,,2.8892396923758334,1.4340132495901143,2.3186084188581737,3.972410477279507
2026-04-23 07:44:03.500,3509417.507,779163.0324,5250977.7171,,0.2041,0.1013,0.1636,0.2805057218667741,13,0.02199999988079071,-0.08000000030733645,-0.0969999935477972,,2.886411266607723,1.4325990367161356,2.314365787856362,3.9673667589472994
2026-04-23 07:44:03.600,3509417.5078,779163.0281,5250977.7125,,0.2039,0.1012,0.1633,0.2801491388528617,13,0.0059999991208314896,-0.07899999967776239,-0.09800000116229057,,2.883582840842274,1.4311848238435172,2.309414644449974,3.9619106501787744
2026-04-23 07:44:03.700,3509417.5076,779163.0245,5250977.7073,,0.2037,0.1011,0.163,0.2797926017606613,13,-0.050999997183680534,-0.054000000236555934,-0.1080000028014183,,2.8807544150794944,1.4297706109722634,2.3051720109354097,3.956868458768878
2026-04-23 07:44:03.800,3509417.5027,779163.0227,5250977.7017,,0.2035,0.101,0.1627,0.27943611076594954,13,-0.04600000102072954,-0.04200000083073974,-0.07899999618530273,,2.877925989319392,1.4283563981023784,2.3009293774472956,3.9518269192868254
2026-04-23 07:44:03.900,3509417.503,779163.0203,5250977.6994,,0.2033,0.1009,0.1624,0.2790796660453785,13,-0.046999999321997166,-0.05799999926239252,-0.10999999940395355,,2.8750975635619738,1.4269421852338655,2.296686743985779,3.94678603423089
2026-04-23 07:44:04.000,3509417.498,779163.0169,5250977.6907,,0.2031,0.1008,0.1621,0.2787232677764811,13,-0.09000000078231096,-0.07600000011734664,-0.14700000174343586,,2.8722691378072494,1.4255279723667298,2.292444110551007,3.9417458061118045
2026-04-23 07:44:04.100,3509417.494,779163.0127,5250977.6847,,0.2029,0.1007,0.1618,0.2783669161376761,13,-0.03700000233948231,-0.07199999992735684,-0.12000000104308128,,2.8694407120552254,1.4241137595009747,2.2882014771431294,3.9367062374528277
2026-04-23 07:44:04.200,3509417.4943,779163.0097,5250977.6787,,0.2027,0.1006,0.1615,0.2780106113082736,13,-0.044999998062849045,-0.06699999910779297,-0.10499999858438969,,2.8666122863059105,1.4226995466366046,2.283958843762295,3.9316673307898267
2026-04-23 07:44:04.300,3509417.4895,779163.006,5250977.6742,,0.2025,0.1005,0.1612,0.27765435346848066,13,-0.03999999724328518,-0.08200000040233135,-0.08899999782443047,,2.8644903560668515,1.4212853337736233,2.2804221100489266,3.9275542007717723
2026-04-23 07:44:04.400,3509417.4903,779163.0015,5250977.6698,,0.2024,0.1004,0.161,0.27742912608448306,13,-0.04200000315904617,-0.08400000049732625,-0.10400000028312206,,2.8616619297184633,1.4198711209120354,2.276179474470324,3.922516539162072
2026-04-23 07:44:04.500,3509417.4853,779162.9976,5250977.6638,,0.2022,0.1003,0.1607,0.2770729506826677,13,-0.06700000260025263,-0.0690000003669411,-0.10999999940395355,,2.859541221944527,1.418456908051845,2.272645154880101,3.9184068191039065
2026-04-23 07:44:04.600,3509417.4836,779162.9946,5250977.6588,,0.202,0.1002,0.1604,0.2767168227629105,13,-0.071000000461936,-0.06000000052154064,-0.13199999928474426,,2.8567127962047567,1.417042695193056,2.268402521599727,3.913370414361513
2026-04-23 07:44:04.700,3509417.4782,779162.9916,5250977.6506,,0.2018,0.1001,0.1601,0.2763607425087724,13,-0.06399999838322401,-0.07099999929778278,-0.15200000256299973,,2.853884370467731,1.4156284823356726,2.2641598883471103,3.9083346837240023
2026-04-23 07:44:04.800,3509417.4772,779162.9875,5250977.6436,,0.2016,0.1,0.1598,0.27600471010473715,13,-0.06799999624490738,-0.07899999967776239,-0.15200000256299973,,2.8510559447334596,1.4142142694796993,2.259917255122408,3.9032996298004075
2026-04-23 07:44:04.900,3509417.4714,779162.9837,5250977.6354,,0.2014,0.0999,0.1595,0.2756487257362167,13,-0.03599999938160181,-0.0770000007469207,-0.1269999984651804,,2.8482275190019495,1.4128000566251404,2.2556746219257775,3.8982652552128876
2026-04-23 07:44:05.000,3509417.4736,779162.9798,5250977.6309,,0.2012,0.0998,0.1592,0.27529278958955683,13,0.052999998442828655,-0.07699999958276749,-0.06599999964237213,,2.845399093273209,1.4113858437719997,2.2514319887573775,3.89323156259681
2026-04-23 07:44:05.100,3509417.4767,779162.976,5250977.6288,,0.201,0.0997,0.1589,0.27493690185204317,13,0.09099999908357859,-0.06999999983236194,-0.05300000309944153,,2.8432771584915875,1.4099716309202819,2.247189355617367,3.8887150834176567
2026-04-23 07:44:05.200,3509417.4827,779162.9728,5250977.6256,,0.2009,0.0996,0.1586,0.2746542007688941,13,0.008999998681247234,-0.0690000003669411,-0.1080000028014183,,2.840448732154833,1.4085574180699911,2.242946722505909,3.8836829170260536
2026-04-23 07:44:05.300,3509417.4776,779162.9691,5250977.618,,0.2007,0.0995,0.1583,0.2742984323688344,13,-0.06300000008195639,-0.07499999948777258,-0.11799999512732029,,2.8383280289635304,1.407143205221132,2.239409966933254,3.879576652161934
2026-04-23 07:44:05.400,3509417.4764,779162.9653,5250977.6138,,0.2005,0.0994,0.1581,0.27400040145955995,13,-0.06800000090152025,-0.07400000002235174,-0.09599999524652958,,2.83549960324455,1.4057289923737077,2.2351673315436584,3.874545779830198
2026-04-23 07:44:05.500,3509417.4708,779162.9617,5250977.6084,,0.2003,0.0993,0.1578,0.27364469664146607,13,-0.09000000078231096,-0.06400000071153045,-0.08799999952316284,,2.832671177528377,1.404314779527724,2.2316330343495094,3.869924030262093
2026-04-23 07:44:05.600,3509417.4674,779162.9589,5250977.605,,0.2001,0.0992,0.1575,0.2732890411267894,13,0.003000004217028618,-0.05800000042654574,-0.06300000473856926,,2.8305492399885925,1.4036071387678246,2.2273904013441377,3.8656681181912136
2026-04-23 07:44:05.700,3509417.4711,779162.9559,5250977.6021,,0.2,0.0992,0.1572,0.27304300027651324,13,-0.030999998562037945,-0.06399999954737723,-0.06600000895559788,,2.8277208136589436,1.402192925385091,2.2231477683680856,3.8606393252931563
2026-04-23 07:44:05.800,3509417.4643,779162.9525,5250977.5984,,0.1998,0.0991,0.1569,0.27268747679348976,13,-0.10699999984353781,-0.06599999964237213,-0.08599999360740185,,2.825600113250281,1.4014863538400937,2.219611001955072,3.856793097898823
2026-04-23 07:44:05.900,3509417.4604,779162.9493,5250977.5935,,0.1996,0.099,0.1567,0.2723895188879337,13,-0.0430000014603138,-0.05899999989196658,-0.10699999518692493,,2.8227716875439994,1.4000721409984556,2.2153683666604973,3.8517656990009135
2026-04-23 07:44:06.000,3509417.46,779162.9466,5250977.5877,,0.1994,0.0989,0.1564,0.2720340603674474,13,0.001999996602535248,-0.06700000027194619,-0.0800000037997961,,2.8206497478417982,1.3986579281582756,2.2118340805765695,3.847664096565603
2026-04-23 07:44:06.100,3509417.4606,779162.9426,5250977.5855,,0.1993,0.0988,0.1561,0.2717519825134676,13,-0.05400000140070915,-0.0730000005569309,-0.026000002399086952,,2.8178213215177426,1.3972437153195572,2.2075914477094716,3.842638026148182
2026-04-23 07:44:06.200,3509417.4546,779162.9393,5250977.5851,,0.1991,0.0987,0.1558,0.271396646994763,13,-0.058999997563660145,-0.06300000008195639,-0.023999996483325958,,2.815700623290765,1.3965360718577948,2.2040546726431263,3.8387940814792345
2026-04-23 07:44:06.300,3509417.4547,779162.9363,5250977.5831,,0.1989,0.0987,0.1556,0.271135132360231,13,0.02500000409781933,-0.06500000017695129,-0.03700000233948231,,2.8128721975944795,1.3951218584768859,2.1998120374250156,3.8337694244698644
2026-04-23 07:44:06.400,3509417.4571,779162.9328,5250977.5814,,0.1987,0.0986,0.1553,0.2707798736981757,13,0.04900000058114529,-0.05899999989196658,-0.040000006556510925,,2.810750255714655,1.394415289646524,2.196277760211581,3.829927806108099
2026-04-23 07:44:06.500,3509417.4596,779162.9304,5250977.5791,,0.1986,0.0985,0.155,0.2704980776271802,13,-0.005000000819563866,-0.04899999941699207,-0.04199999384582043,,2.8079218293962525,1.3930010768122183,2.192740978775195,3.8253091378344832
2026-04-23 07:44:06.600,3509417.4566,779162.9279,5250977.5772,,0.1984,0.0984,0.1548,0.27020022205764377,13,-0.04700000397861004,-0.04399999976158142,-0.068999994546175,,2.805801133366369,1.3915868639793922,2.1884983436137206,3.820806066787478
2026-04-23 07:44:06.700,3509417.4549,779162.926,5250977.5722,,0.1982,0.0983,0.1545,0.2698451037169287,13,0.03999999724328518,-0.054000000236555934,-0.07799999788403511,,2.8029727076801874,1.3901726511480506,2.1849640729311774,3.816189722747023
2026-04-23 07:44:06.800,3509417.4606,779162.9225,5250977.5694,,0.198,0.0982,0.1542,0.2694900369215901,13,0.06400000303983688,-0.07499999948777258,-0.06500000134110451,,2.800144281996911,1.388758438318198,2.1807214402577877,3.8111683248053994
2026-04-23 07:44:06.900,3509417.4613,779162.9185,5250977.5657,,0.1978,0.0981,0.1539,0.2691350218756377,13,-0.01999999862164259,-0.07600000011734664,-0.0800000037997961,,2.797315856316551,1.3873442254898385,2.177184649955074,3.8065513263320123
2026-04-23 07:44:07.000,3509417.4586,779162.9149,5250977.5614,,0.1976,0.098,0.1537,0.2688372184054879,13,0.0,-0.06799999973736703,-0.06000000052154064,,2.795193910983637,1.385930012662977,2.1729420148729233,3.8020504994016058
2026-04-23 07:44:07.100,3509417.4613,779162.9117,5250977.5597,,0.1975,0.0979,0.1534,0.268555804256769,13,0.07799999788403511,-0.060999999986961484,-0.03399999812245369,,2.7923654846742396,1.3852223648208977,2.1694077532819875,3.7976935105403125
2026-04-23 07:44:07.200,3509417.4664,779162.9088,5250977.558,,0.1973,0.0979,0.1531,0.26823741349781915,13,0.032999999821186066,-0.05100000067614019,-0.04800000227987766,,2.790244792128461,1.3838081514429663,2.165165120724052,3.7931953548426685
2026-04-23 07:44:07.300,3509417.4646,779162.9066,5250977.5549,,0.1971,0.0978,0.1528,0.26788260488505033,13,0.03500000108033419,-0.05200000014156103,-0.0430000014603138,,2.7874163664583733,1.3831015870137666,2.161628321428085,3.788838476367131
2026-04-23 07:44:07.400,3509417.4699,779162.9036,5250977.5537,,0.1969,0.0977,0.1526,0.2675848650428495,13,0.011999998241662979,-0.06300000008195639,-0.06199999712407589,,2.78458794079124,1.3816873741914266,2.157385686426977,3.78382121670673
2026-04-23 07:44:07.500,3509417.4658,779162.9003,5250977.5487,,0.1967,0.0976,0.1523,0.2672301255472519,13,-0.0419999985024333,-0.06999999983236194,-0.06300000473856926,,2.7817595151270713,1.3802731613706034,2.1538514340594617,3.7792083827172056
2026-04-23 07:44:07.600,3509417.4657,779162.8966,5250977.5474,,0.1965,0.0975,0.152,0.266875439109709,13,-0.06000000052154064,-0.07699999958276749,-0.04399999976158142,,2.7796375663024846,1.3788589485513014,2.1503146281416585,3.77511456779791
2026-04-23 07:44:07.700,3509417.4598,779162.8926,5250977.5443,,0.1964,0.0974,0.1518,0.2666513828953452,13,-0.09000000078231096,-0.07299999939277768,-0.10299999266862869,,2.7768091400022437,1.3774447357335247,2.146071993200601,3.77009920293883
2026-04-23 07:44:07.800,3509417.4567,779162.8893,5250977.5371,,0.1962,0.0973,0.1515,0.26629678931598105,13,-0.04999999888241291,-0.062000000616535544,-0.11900000274181366,,2.774688450979677,1.376030522917279,2.1425377476254646,3.766009028135753
2026-04-23 07:44:07.900,3509417.4548,779162.8864,5250977.5324,,0.196,0.0972,0.1512,0.2659422493700465,13,-0.06200000178068876,-0.05600000033155084,-0.12000000104308128,,2.771860025325954,1.3746163101025681,2.139000935016158,3.7613964162262925
2026-04-23 07:44:08.000,3509417.4505,779162.8837,5250977.5251,,0.1958,0.0971,0.151,0.2656445933950097,13,-0.08799999952316284,-0.05799999926239252,-0.10099999606609344,,2.7690315996752366,1.3732020972893972,2.134758300136107,3.7563829676964513
2026-04-23 07:44:08.100,3509417.446,779162.8806,5250977.5223,,0.1956,0.097,0.1507,0.26529012420367254,13,-0.06499999668449163,-0.06999999983236194,-0.08200000040233135,,2.7662031740275332,1.3717878844777716,2.131224061425734,3.7517726476960194
2026-04-23 07:44:08.200,3509417.444,779162.8767,5250977.5169,,0.1954,0.0969,0.1504,0.2649357091824354,13,-0.06800000090152025,-0.07600000011734664,-0.11800000444054604,,2.7640812216720403,1.3703736716676953,2.1276872420541513,3.74768221705096
2026-04-23 07:44:08.300,3509417.4392,779162.873,5250977.5105,,0.1953,0.0968,0.1502,0.2647118622200373,13,-0.07400000002235174,-0.07899999967776239,-0.10200000368058681,,2.761252795381111,1.3696660176846034,2.1234446072360824,3.7429292005059356
2026-04-23 07:44:08.400,3509417.4366,779162.8688,5250977.5067,,0.1951,0.0968,0.1499,0.26439413760520486,13,-0.020999996922910213,-0.08099999977275729,-0.06500000134110451,,2.7591321099215236,1.3682518043108876,2.120616184037083,3.7392427040779257
2026-04-23 07:44:08.500,3509417.4371,779162.8649,5250977.504,,0.1949,0.0967,0.1497,0.2640965543130012,13,-0.05300000309944153,-0.07000000099651515,-0.06599999964237213,,2.7563036842844437,1.3675452460522102,2.1163735492582587,3.7344915316546103
2026-04-23 07:44:08.600,3509417.4313,779162.8618,5250977.5001,,0.1947,0.0966,0.1494,0.263742317423655,13,-0.09200000204145908,-0.071000000461936,-0.09399999864399433,,2.75347525865042,1.3661310332468113,2.112839321860515,3.7298833761928805
2026-04-23 07:44:08.700,3509417.4279,779162.8578,5250977.4946,,0.1945,0.0965,0.1491,0.26338813564775465,13,-0.004999996162950993,-0.06399999954737723,-0.11699999682605267,,2.7513533033763586,1.364716820442981,2.109302491346369,3.7257957539296216
2026-04-23 07:44:08.800,3509417.4308,779162.8554,5250977.4884,,0.1944,0.0964,0.1489,0.2631644542866684,13,0.0029999995604157448,-0.052999999606981874,-0.10699999518692493,,2.748524877093165,1.3633026076407246,2.10505985663116,3.720787551043461
2026-04-23 07:44:08.900,3509417.4282,779162.8525,5250977.4839,,0.1942,0.0963,0.1486,0.2628103688974238,13,-0.058000003919005394,-0.05800000042654574,-0.071000000461936,,2.7464041945787945,1.3618883948400469,2.1022314335010783,3.717102769631208
2026-04-23 07:44:09.000,3509417.425,779162.8496,5250977.4813,,0.194,0.0962,0.1484,0.26251285682800374,13,-0.038999998942017555,-0.05200000014156103,-0.06599999964237213,,2.743575768955543,1.360474182040953,2.097988798826152,3.712095769238719
2026-04-23 07:44:09.100,3509417.4243,779162.8473,5250977.4773,,0.1938,0.0961,0.1481,0.2621588449776204,13,-0.014999997802078724,-0.045999999856576324,-0.10900000110268593,,2.7407473433353906,1.359059969243447,2.094454582940389,3.707489716776029
2026-04-23 07:44:09.200,3509417.4235,779162.845,5250977.4704,,0.1936,0.096,0.1478,0.2618048891827653,13,-0.001000002957880497,-0.047000000486150384,-0.13000000268220901,,2.7386253851156788,1.3583523107058786,2.090917741088826,3.7036639966390035
2026-04-23 07:44:09.300,3509417.4242,779162.8426,5250977.4643,,0.1935,0.096,0.1476,0.26161806130311416,13,-0.038999998942017555,-0.04399999976158142,-0.14600000344216824,,2.73579695884033,1.3569380973353207,2.0866751064792046,3.6986590813428584
2026-04-23 07:44:09.400,3509417.4196,779162.8406,5250977.4558,,0.1933,0.0959,0.1473,0.26126421492427926,13,-0.04999999888241291,-0.05200000014156103,-0.1640000008046627,,2.7336762792986296,1.3562315436532215,2.083846683419872,3.6952357164327148
2026-04-23 07:44:09.500,3509417.4192,779162.8374,5250977.4479,,0.1931,0.0958,0.1471,0.26096677949501546,13,-0.03700000233948231,-0.061999999452382326,-0.15799999237060547,,2.730847853689399,1.354817330860511,2.079604048851608,3.6902321065212136
2026-04-23 07:44:09.600,3509417.4159,779162.8344,5250977.44,,0.1929,0.0957,0.1468,0.26061300811739996,13,-0.05799999926239252,-0.05799999926239252,-0.14700000174343586,,2.7280194280833117,1.3534031180694095,2.0767756258199874,3.6860259087532197
2026-04-23 07:44:09.700,3509417.4134,779162.8316,5250977.4332,,0.1927,0.0956,0.1466,0.2603155969203536,13,-0.06800000090152025,-0.062000000616535544,-0.12600000016391277,,2.7258974668904914,1.351988905279921,2.072532991293504,3.681546414212375
2026-04-23 07:44:09.800,3509417.4091,779162.8282,5250977.4274,,0.1926,0.0955,0.1463,0.26003595905182036,13,-0.05799999926239252,-0.05600000033155084,-0.12600000016391277,,2.7230690406230975,1.3505746924920516,2.0697045682898807,3.6773406151728723
2026-04-23 07:44:09.900,3509417.4076,779162.826,5250977.4206,,0.1924,0.0954,0.1461,0.2597385801146992,13,-0.0069999974220991135,-0.054000000236555934,-0.1360000018030405,,2.720948364081906,1.3491604797058057,2.065461933805608,3.6728635967048926
2026-04-23 07:44:10.000,3509417.4084,779162.8228,5250977.4138,,0.1922,0.0953,0.1458,0.2593849841451891,13,0.008999998681247234,-0.0690000003669411,-0.1269999984651804,,2.718119938486894,1.3484528171204209,2.0626335108302687,3.6689178241001796
2026-04-23 07:44:10.100,3509417.4085,779162.8191,5250977.4079,,0.192,0.0953,0.1456,0.2591243909785414,13,-0.024999999441206455,-0.07899999967776239,-0.1080000028014183,,2.715997974962426,1.3470386037526911,2.058390876388642,3.664441430832263
2026-04-23 07:44:10.200,3509417.4059,779162.8149,5250977.403,,0.1919,0.0952,0.1453,0.25884501154165596,13,0.027000000700354576,-0.06399999954737723,-0.08700000122189522,,2.7131695487012975,1.3463320541382053,2.0555624534418797,3.6604966876094838
2026-04-23 07:44:10.300,3509417.4112,779162.8127,5250977.3992,,0.1917,0.0951,0.1451,0.2585476938593729,13,0.04799999762326479,-0.047000000486150384,-0.11699999682605267,,2.711048874513331,1.3449178413568612,2.0513198190433397,3.656022839097152
2026-04-23 07:44:10.400,3509417.4107,779162.8102,5250977.3913,,0.1915,0.095,0.1448,0.2581942873109318,13,-0.01600000075995922,-0.05600000033155084,-0.14299999922513962,,2.708220448929518,1.3435036285771618,2.0484913961254514,3.6518183142100593
2026-04-23 07:44:10.500,3509417.4096,779162.8071,5250977.3849,,0.1913,0.0949,0.1446,0.25789699494177903,13,-0.0059999991208314896,-0.06299999891780317,-0.10200000368058681,,2.7060984830563726,1.3420894157991115,2.0442487617704455,3.647345061822366
2026-04-23 07:44:10.600,3509417.4101,779162.8039,5250977.3811,,0.1912,0.0948,0.1443,0.2576178759325525,13,0.015000002458691597,-0.060999999986961484,-0.08700000122189522,,2.7032700568015766,1.3406752030227156,2.0414203388817307,3.6431409525298357
2026-04-23 07:44:10.700,3509417.4111,779162.801,5250977.3762,,0.191,0.0947,0.1441,0.25732061712968124,13,0.0059999991208314896,-0.05300000077113509,-0.10599999688565731,,2.7011493849841033,1.3399675369202046,2.037177704570713,3.638930337338158
2026-04-23 07:44:10.800,3509417.4107,779162.7986,5250977.3705,,0.1908,0.0947,0.1438,0.25700422175520776,13,0.005000000819563866,-0.05699999979697168,-0.13700000010430813,,2.6983209594116113,1.338553323554949,2.034349281711476,3.634726674730852
2026-04-23 07:44:10.900,3509417.4116,779162.7953,5250977.3625,,0.1906,0.0946,0.1436,0.25670699250312606,13,-0.0069999974220991135,-0.06399999954737723,-0.14000000432133675,,2.696198991172573,1.3378467774749094,2.030106647444907,3.6305173185098565
2026-04-23 07:44:11.000,3509417.41,779162.7922,5250977.3565,,0.1905,0.0945,0.1433,0.2564281380816076,13,-0.044000004418194294,-0.071000000461936,-0.10900000110268593,,2.6933705649241806,1.3364325647035094,2.0272782246154573,3.626314106637758
2026-04-23 07:44:11.100,3509417.4072,779162.7882,5250977.3516,,0.1903,0.0944,0.1431,0.2561309430740456,13,-0.021000001579523087,-0.07400000002235174,-0.11500000022351742,,2.691249895494656,1.335018351933785,2.0230355903938024,3.62184662844798
2026-04-23 07:44:11.200,3509417.4079,779162.7848,5250977.345,,0.1901,0.0943,0.1428,0.25577791147790696,13,-0.03999999724328518,-0.07199999992735684,-0.13700000010430813,,2.6884214699336115,1.333604139165742,2.020207167594452,3.617643846483509
2026-04-23 07:44:11.300,3509417.4032,779162.781,5250977.3379,,0.1899,0.0942,0.1426,0.2554807429142165,13,-0.06399999838322401,-0.07400000002235174,-0.14499999582767487,,2.6862994993112737,1.3321899263993855,2.01667052341229,3.6135709485216974
2026-04-23 07:44:11.400,3509417.4015,779162.7774,5250977.3305,,0.1898,0.0941,0.1424,0.25525792837833655,13,-0.024999999441206455,-0.06999999983236194,-0.15899999998509884,,2.683471073069356,1.3314822567349518,2.0131361106492527,3.6092352375537953
2026-04-23 07:44:11.500,3509417.4007,779162.774,5250977.322,,0.1896,0.0941,0.1421,0.25494191495319085,13,-0.05600000265985727,-0.07400000002235174,-0.18000000156462193,,2.681350406045431,1.3300680433722178,2.010307687892577,3.605559318607863
2026-04-23 07:44:11.600,3509417.3959,779162.77,5250977.3125,,0.1894,0.094,0.1419,0.2546447918179361,13,-0.05300000309944153,-0.08399999933317304,-0.1679999940097332,,2.6785219804959595,1.329361500871753,2.0060650537806595,3.600830320912108
2026-04-23 07:44:11.700,3509417.3954,779162.7656,5250977.3052,,0.1892,0.0939,0.1416,0.2542919778522319,13,-0.032999999821186066,-0.08800000068731606,-0.14800000004470348,,2.6764000074727243,1.3279472881104883,2.0032366310548535,3.597154152938125
2026-04-23 07:44:11.800,3509417.3926,779162.7612,5250977.2977,,0.1891,0.0938,0.1414,0.2540693015694734,13,-0.0059999991208314896,-0.08800000068731606,-0.1570000033825636,,2.6735715812373533,1.3265330753509312,1.9996999774966242,3.5925582806685266
2026-04-23 07:44:11.900,3509417.3948,779162.7568,5250977.2895,,0.1889,0.0937,0.1412,0.25377222070195155,13,-0.016999999061226845,-0.0849999999627471,-0.16900000162422657,,2.671450916636875,1.325118862593088,1.9961655742948776,3.5884909084460554
2026-04-23 07:44:12.000,3509417.3909,779162.7527,5250977.2808,,0.1887,0.0936,0.1409,0.25341953358018793,13,-0.04799999762326479,-0.08000000030733645,-0.17199999652802944,,2.6693289418878297,1.3244111899255457,1.9933371516128422,3.585076707687019
2026-04-23 07:44:12.100,3509417.39,779162.7488,5250977.2723,,0.1886,0.0936,0.1407,0.25323390373328764,13,-0.071000000461936,-0.06999999983236194,-0.18000000156462193,,2.667207153559693,1.3229969765649503,1.9898004925117492,3.581008377538371
2026-04-23 07:44:12.200,3509417.3838,779162.7457,5250977.2628,,0.1885,0.0935,0.1405,0.2530113633811731,12,-0.08700000122189522,-0.054999999701976776,-0.18699999898672104,,2.6650863025425644,1.3222904370825646,1.986266094963109,3.577204215585126
2026-04-23 07:44:12.300,3509417.3813,779162.7433,5250977.2536,,0.1883,0.0934,0.1402,0.25265884112771514,13,-0.0139999995008111,-0.054000000236555934,-0.15399999916553497,,2.6629656400336823,1.320876224329895,1.983437672325501,3.573531166787272
2026-04-23 07:44:12.400,3509417.3824,779162.7403,5250977.2474,,0.1881,0.0933,0.14,0.25236184339158724,13,0.06899999920278788,-0.05099999951198697,-0.1140000019222498,,2.6601372145060487,1.3201685498450566,1.9799010076263914,3.5691992099068948
2026-04-23 07:44:12.500,3509417.3882,779162.7382,5250977.2422,,0.1879,0.0933,0.1398,0.2521018444994007,13,0.1129999989643693,-0.02099999925121665,-0.11299999430775642,,2.658015236976643,1.3187543364857608,1.9763666157876683,3.565134359319435
2026-04-23 07:44:12.600,3509417.3937,779162.7382,5250977.2361,,0.1878,0.0932,0.1395,0.2518240060041933,13,0.07199999876320362,-0.019999999785795808,-0.11599999852478504,,2.6551868107536234,1.3180477988297692,1.9735381931951559,3.561196428168488
2026-04-23 07:44:12.700,3509417.3954,779162.7362,5250977.2306,,0.1876,0.0931,0.1393,0.25152705619873184,13,0.032999999821186066,-0.04399999976158142,-0.10500000789761543,,2.6530661507018625,1.3173401231269015,1.970001522842051,3.557393849435285
2026-04-23 07:44:12.800,3509417.397,779162.7338,5250977.2256,,0.1874,0.0931,0.1391,0.25126714866850386,13,-0.0029999995604157448,-0.041000000201165676,-0.10600000619888306,,2.6509441714227027,1.3159259097684795,1.9671730986367213,3.5537214297128017
2026-04-23 07:44:12.900,3509417.3951,779162.7321,5250977.22,,0.1873,0.093,0.1389,0.2510448167160597,13,0.00800000037997961,-0.040000000735744834,-0.10899999178946018,,2.6481157452045028,1.3152193733366309,1.9636387142241822,3.5493937510510154
2026-04-23 07:44:13.000,3509417.3978,779162.7298,5250977.2147,,0.1871,0.0929,0.1386,0.2506926006087934,13,0.07600000128149986,-0.032999999821186066,-0.08200000040233135,,2.6467015320961296,1.3138051605926961,1.960810291690657,3.54625013218188
2026-04-23 07:44:13.100,3509417.4027,779162.7288,5250977.2118,,0.187,0.0928,0.1384,0.25047035752759245,13,0.06899999920278788,-0.02199999988079071,-0.07900000549852848,,2.64387310588084,1.313097483052953,1.957273613984514,3.541921794732345
2026-04-23 07:44:13.200,3509417.4047,779162.7276,5250977.2068,,0.1868,0.0928,0.1382,0.25021055133626957,13,0.07199999876320362,-0.019000000320374966,-0.09099999442696571,,2.64175244865979,1.3116832696958516,1.9544451898173045,3.538251686921098
2026-04-23 07:44:13.300,3509417.4099,779162.7269,5250977.2027,,0.1866,0.0927,0.138,0.2499136850994759,13,0.023000002838671207,-0.013000000035390258,-0.08999999612569809,,2.6396304665615604,1.3109767351101238,1.9509108129281563,3.5344535645556303
2026-04-23 07:44:13.400,3509417.407,779162.7263,5250977.1978,,0.1865,0.0926,0.1377,0.24963633549625744,13,-0.024999999441206455,-0.006000000284984708,-0.11500000022351742,,2.636802040351152,1.3102690563391932,1.9480823904547775,3.530517667424991
2026-04-23 07:44:13.500,3509417.4074,779162.7263,5250977.1912,,0.1863,0.0926,0.1375,0.24937662280173736,13,0.036999997682869434,-0.00800000037997961,-0.09800000116229057,,2.6353878272466846,1.3088548429829796,1.9445457052998265,3.526985681853557
2026-04-23 07:44:13.600,3509417.4107,779162.7255,5250977.188,,0.1862,0.0925,0.1373,0.24915453036218307,13,0.06500000134110451,-0.015999999595806003,-0.09999999776482582,,2.632559401039224,1.308148309634653,1.9417172811714891,3.523050808603248
2026-04-23 07:44:13.700,3509417.4139,779162.7247,5250977.1812,,0.186,0.0924,0.1371,0.2488577304405069,13,0.013000001199543476,-0.024999999441206455,-0.1329999975860119,,2.6304387466732617,1.3067340968995949,1.9388888570518938,3.519382332171371
2026-04-23 07:44:13.800,3509417.412,779162.723,5250977.1747,,0.1858,0.0923,0.1369,0.2485609382022847,13,-0.04000000189989805,-0.027000000700354576,-0.10700000450015068,,2.628316761731736,1.306026416271891,1.935354489492816,3.515586864237605
2026-04-23 07:44:13.900,3509417.4099,779162.722,5250977.1705,,0.1857,0.0923,0.1366,0.24832104220142118,13,-0.06399999838322401,-0.01500000013038516,-0.10999999940395355,,2.6254883355292207,1.30461220291702,1.932526067094568,3.511389895753531
2026-04-23 07:44:14.000,3509417.4056,779162.7215,5250977.1637,,0.1855,0.0922,0.1364,0.2480242931650043,13,-0.07699999958276749,-0.023999999975785613,-0.11699999682605267,,2.624074122428709,1.3039056714348625,1.9289893727027112,3.5081241426152525
2026-04-23 07:44:14.100,3509417.4022,779162.7196,5250977.1588,,0.1854,0.0921,0.1362,0.24780236076357307,13,-0.018000002019107342,-0.04500000039115548,-0.10300000198185444,,2.62124569622918,1.3031979895625991,1.9261609486229339,3.504190348711097
2026-04-23 07:44:14.200,3509417.4038,779162.717,5250977.1534,,0.1852,0.0921,0.136,0.24754282457788998,13,-0.010999999940395355,-0.047999999951571226,-0.10000000707805157,,2.619125044742996,1.3017837762086297,1.9233325245521118,3.5005235322734225
2026-04-23 07:44:14.300,3509417.4011,779162.7148,5250977.1488,,0.185,0.092,0.1358,0.24724611220401424,13,-0.09999999776482582,-0.03700000001117587,-0.13799999840557575,,2.617003056933637,1.3010772459773479,1.9197981664747992,3.496731616810189
2026-04-23 07:44:14.400,3509417.3938,779162.7133,5250977.1396,,0.1849,0.0919,0.1355,0.24696937057052237,13,-0.10199999902397394,-0.03399999928660691,-0.15399999916553497,,2.614174630739117,1.3003695628551137,1.9169697441535172,3.4927987345393947
2026-04-23 07:44:14.500,3509417.3909,779162.7114,5250977.1334,,0.1847,0.0919,0.1353,0.24670993089050955,13,-0.002000001259148121,-0.039999999571591616,-0.10300000198185444,,2.6127604176426127,1.2989553495020527,1.9134330403753355,3.4892732767726864
2026-04-23 07:44:14.600,3509417.3936,779162.7093,5250977.1293,,0.1846,0.0918,0.1351,0.24648815387356854,13,0.02400000113993883,-0.04900000058114529,-0.06299999542534351,,2.609931991451118,1.2982488205270974,1.9106046163453074,3.4853414466878276
2026-04-23 07:44:14.700,3509417.3933,779162.7065,5250977.1271,,0.1844,0.0917,0.1349,0.24619151082033677,13,-0.0419999985024333,-0.039999999571591616,-0.1080000028014183,,2.607811342869725,1.2968346078047115,1.9077761923244558,3.481676320395105
2026-04-23 07:44:14.800,3509417.3894,779162.7053,5250977.1185,,0.1842,0.0916,0.1347,0.24589487591245165,13,-0.03700000233948231,-0.031999999191612005,-0.19000000320374966,,2.6056893521676754,1.2954203950841594,1.9042418438843316,3.4776239014591552
2026-04-23 07:44:14.900,3509417.3896,779162.7033,5250977.1081,,0.1841,0.0915,0.1344,0.24561844393286103,13,-0.018000002019107342,-0.03800000064074993,-0.1790000032633543,,2.6028609259812554,1.2947127094456128,1.901413421641911,3.473692415859527
2026-04-23 07:44:15.000,3509417.3876,779162.7015,5250977.1006,,0.1839,0.0915,0.1342,0.24535912455011738,13,0.009000003337860107,-0.041000000201165676,-0.13000000268220901,,2.6007402792282046,1.2932984960943856,1.8978767083243315,3.4696407595023437
2026-04-23 07:44:15.100,3509417.3905,779162.6992,5250977.0951,,0.1837,0.0914,0.134,0.24506254303748667,13,-0.000999998301267624,-0.03399999928660691,-0.10899999178946018,,2.5986182867054555,1.2925919696485817,1.8950482843452827,3.4662398936022876
2026-04-23 07:44:15.200,3509417.3875,779162.6981,5250977.0897,,0.1836,0.0913,0.1338,0.24484094837261192,13,-0.08800000417977571,-0.010000000474974513,-0.12999999336898327,,2.5964964856513864,1.291177756933568,1.8922198603756384,3.4625756309429545
2026-04-23 07:44:15.300,3509417.3817,779162.6982,5250977.0821,,0.1835,0.0912,0.1336,0.24461939824960735,12,-0.13800000306218863,-0.017000000225380063,-0.18099999986588955,,2.594375647434272,1.2904700693933198,1.88939143641544,3.4591759134221545
2026-04-23 07:44:15.400,3509417.3737,779162.6964,5250977.0716,,0.1833,0.0912,0.1334,0.24436016451132128,13,-0.13799999840557575,-0.04500000039115548,-0.2290000021457672,,2.5929614343449074,1.2890558560434842,1.8858570995703785,3.455657824495938
2026-04-23 07:44:15.500,3509417.3679,779162.6937,5250977.0592,,0.1832,0.0911,0.1331,0.2440841248422355,13,-0.06599999964237213,-0.041000000201165676,-0.20299999974668026,,2.5901330081677267,1.2883493315091212,1.8830286774236866,3.4517285524791768
2026-04-23 07:44:15.600,3509417.3671,779162.6923,5250977.0513,,0.183,0.091,0.1329,0.24378763299232387,13,-0.11099999770522118,-0.023999999975785613,-0.16300000250339508,,2.588012364730895,1.2869351187997007,1.8794919526297527,3.447680379617577
2026-04-23 07:44:15.700,3509417.3568,779162.6913,5250977.0429,,0.1828,0.0909,0.1327,0.24349114973649452,13,-0.10599999688565731,-0.03499999991618097,-0.16300000250339508,,2.5851839392971634,1.2855209060921569,1.8766635287125926,3.443487476382047
2026-04-23 07:44:15.800,3509417.3565,779162.6888,5250977.035,,0.1826,0.0908,0.1325,0.24319467510617912,13,0.08699999656528234,-0.047999999951571226,-0.16699999570846558,,2.5830619427338553,1.2848132159967844,1.873835104805116,3.4400889523382965
2026-04-23 07:44:15.900,3509417.3655,779162.6865,5250977.0262,,0.1825,0.0908,0.1323,0.24301065820247472,13,0.1129999989643693,-0.041000000201165676,-0.16300000250339508,,2.580233516563956,1.2833990026488253,1.8710066809073667,3.4358963895903494
2026-04-23 07:44:16.000,3509417.3678,779162.6847,5250977.0187,,0.1823,0.0907,0.1321,0.24271421466407772,13,-0.019000000320374966,-0.030999999726191163,-0.13199999928474426,,2.5788193034797917,1.2826924806827238,1.8681782570193883,3.4330305853574914
2026-04-23 07:44:16.100,3509417.3636,779162.6834,5250977.013,,0.1822,0.0906,0.1319,0.24249290711276483,13,-0.1000000024214387,-0.032000000355765224,-0.12299999594688416,,2.575990877313039,1.2812782679808472,1.865349833141226,3.428838433055719
2026-04-23 07:44:16.200,3509417.3578,779162.6815,5250977.0064,,0.182,0.0905,0.1317,0.24219649047828914,13,-0.07499999832361937,-0.01500000013038516,-0.15600000508129597,,2.5738702375994014,1.280570575954328,1.8618155118056137,3.425058539645709
2026-04-23 07:44:16.300,3509417.3561,779162.6819,5250976.9974,,0.1818,0.0905,0.1314,0.24188313293820218,13,-0.03599999938160181,-0.02199999988079071,-0.19000000320374966,,2.5717482380668604,1.279156362607793,1.8589870897884149,3.4213978137597505
2026-04-23 07:44:16.400,3509417.3542,779162.6793,5250976.9874,,0.1817,0.0904,0.1312,0.2416619332869784,13,-0.010000001639127731,-0.032999999821186066,-0.1739999931305647,,2.568919811905385,1.2784498425828053,1.8554503496456056,3.4170863319500717
2026-04-23 07:44:16.500,3509417.3551,779162.6786,5250976.98,,0.1815,0.0903,0.131,0.24136557335295356,13,0.008999998681247234,-0.004999999655410647,-0.12600000016391277,,2.5675055988254436,1.2770356298866528,1.8526219258121717,3.4139585527653966
2026-04-23 07:44:16.600,3509417.3551,779162.6788,5250976.9748,,0.1814,0.0902,0.1308,0.24114443804491947,13,-0.008999998681247234,0.004999999655410647,-0.08900000713765621,,2.5646771726671562,1.2763279359161577,1.849793501988803,3.4100319646595687
2026-04-23 07:44:16.700,3509417.3542,779162.6791,5250976.9711,,0.1812,0.0902,0.1306,0.2408855329819539,13,-0.0419999985024333,0.010999999940395355,-0.09999999776482582,,2.563262959588813,1.2749137225710607,1.8469650781755458,3.4069050471065374
2026-04-23 07:44:16.800,3509417.3509,779162.6799,5250976.9648,,0.1811,0.0901,0.1304,0.24066445520682941,13,-0.046999999321997166,-0.0019999989308416843,-0.10599999688565731,,2.5604345334337295,1.2742072045001156,1.8441366543724462,3.4029794298526106
2026-04-23 07:44:16.900,3509417.3495,779162.6789,5250976.9605,,0.1809,0.09,0.1302,0.24036815512875245,13,-0.03000000026077032,-0.019999999785795808,-0.09100000374019146,,2.5590203203569915,1.2727929918097443,1.8413082305795518,3.39985337919152
2026-04-23 07:44:17.000,3509417.3479,779162.6779,5250976.9557,,0.1808,0.0899,0.13,0.24014714239399146,13,0.041000000201165676,-0.014000000664964318,-0.06900000385940075,,2.556191894205128,1.2720852958823161,1.8384798067969088,3.395927855535214
2026-04-23 07:44:17.100,3509417.3536,779162.6775,5250976.9536,,0.1806,0.0899,0.1298,0.23988832818626254,13,0.10900000110268593,-0.00800000037997961,-0.03800000064074993,,2.5540712597733055,1.2706710825386718,1.8356513830245653,3.392270773390591
2026-04-23 07:44:17.200,3509417.3588,779162.6771,5250976.9519,,0.1804,0.0898,0.1296,0.23959206998563204,13,-0.0059999991208314896,-0.006000000284984708,-0.056999996304512024,,2.551949254981376,1.2699645664348276,1.8328229592625684,3.388878132951965
2026-04-23 07:44:17.300,3509417.353,779162.6769,5250976.9479,,0.1803,0.0897,0.1294,0.23937113443354024,13,-0.09099999908357859,-0.030999999726191163,-0.06399999372661114,,2.5491208288349143,1.2692568691955146,1.829994535510967,3.3849534708766678
2026-04-23 07:44:17.400,3509417.3497,779162.674,5250976.9455,,0.1801,0.0897,0.1292,0.23911240034761894,13,-0.07000000216066837,-0.031999999191612005,-0.058000003919005394,,2.5477066157624977,1.2678426558528466,1.8271661117698081,3.381829386589453
2026-04-23 07:44:17.500,3509417.346,779162.6737,5250976.9421,,0.18,0.0896,0.129,0.23889152349968384,13,-0.06500000134110451,-0.008999999845400453,-0.08100000210106373,,2.5448781896192982,1.2671361410677229,1.8243376880391415,3.377905712124007
2026-04-23 07:44:17.600,3509417.3432,779162.6731,5250976.9374,,0.1798,0.0895,0.1288,0.23859532686119397,13,0.0029999995604157448,-0.014000000664964318,-0.09300000034272671,,2.5434639765485176,1.265721928387116,1.821509264319015,3.3747825115109267
2026-04-23 07:44:17.700,3509417.3463,779162.6723,5250976.9328,,0.1797,0.0894,0.1286,0.23837451625540848,13,0.03000000026077032,-0.03000000026077032,-0.10999999940395355,,2.540635550408598,1.2650142291689843,1.8186808406094783,3.370858940982253
2026-04-23 07:44:17.800,3509417.3462,779162.6701,5250976.9264,,0.1795,0.0894,0.1284,0.2381158751532539,13,0.041000000201165676,-0.04300000029616058,-0.10599999688565731,,2.538514920184634,1.2636000158277934,1.8158524169105812,3.3672040330220554
2026-04-23 07:44:17.900,3509417.3504,779162.668,5250976.9222,,0.1793,0.0893,0.1282,0.23781972163805087,13,0.0029999995604157448,-0.039000000106170774,-0.0860000029206276,,2.5363929112028365,1.2628935030318271,1.8130239932223728,3.363814055503068
2026-04-23 07:44:18.000,3509417.3465,779162.6662,5250976.9178,,0.1792,0.0892,0.128,0.23759898989684278,13,-0.07799999788403511,-0.03700000001117587,-0.08700000122189522,,2.533564485068418,1.2614792903571583,1.8101955695449041,3.3596260208541064
2026-04-23 07:44:18.100,3509417.3426,779162.6643,5250976.9135,,0.179,0.0891,0.1278,0.23730286555370542,14,0.03599999938160181,-0.023999999975785613,-0.08700000122189522,,2.532150272002039,1.2607715891469,1.8073671458782248,3.3567701738427074
2026-04-23 07:44:18.200,3509417.3501,779162.6638,5250976.9091,,0.1789,0.0891,0.1276,0.2371197587718071,14,0.10799999814480543,-0.004999999655410647,-0.07199999876320362,,2.5293218458709443,1.259357375807201,1.8045387222223854,3.3525825866039454
2026-04-23 07:44:18.300,3509417.3534,779162.6638,5250976.9063,,0.1787,0.089,0.1274,0.23682366858065518,14,0.06000000052154064,0.014000000664964318,-0.07999999448657036,,2.5279076328062304,1.258650865013805,1.8017102985774376,3.3497281979289006
2026-04-23 07:44:18.400,3509417.3561,779162.6652,5250976.9011,,0.1786,0.0889,0.1272,0.23660306422360639,14,0.0989999994635582,0.00800000037997961,-0.10400000028312206,,2.5250792066784755,1.2572366523451342,1.7988818749434325,3.3455410623694335
2026-04-23 07:44:18.500,3509417.3633,779162.6646,5250976.8959,,0.1784,0.0888,0.127,0.2363070037049262,14,0.08299999870359898,-0.00800000037997961,-0.07600000128149986,,2.523664993615436,1.2565289491293068,1.796053451320422,3.3426872423246534
2026-04-23 07:44:18.600,3509417.3644,779162.6644,5250976.8935,,0.1783,0.0888,0.1268,0.23612405637715103,14,0.004000002518296242,0.004000000189989805,-0.06299999542534351,,2.5208365674910387,1.2551147357911148,1.7932250277084578,3.338500561629427
2026-04-23 07:44:18.700,3509417.3637,779162.665,5250976.8896,,0.1781,0.0887,0.1266,0.23582803056464682,14,0.06000000052154064,-0.012000000569969416,-0.044999998062849045,,2.5187159426977868,1.254408227013838,1.7903966041075927,3.3351146906815665
2026-04-23 07:44:18.800,3509417.3704,779162.6632,5250976.889,,0.1779,0.0886,0.1264,0.2355320148090276,14,0.1409999979659915,-0.02300000051036477,-0.052000004798173904,,2.5165939283086574,1.2529940143512257,1.7875681805178785,3.3314619913785597
2026-04-23 07:44:18.900,3509417.3778,779162.6627,5250976.8844,,0.1778,0.0885,0.1262,0.23531155942707108,14,0.06800000090152025,0.0020000000949949026,-0.09300000034272671,,2.5144721115971835,1.25228630911625,1.7847397569393697,3.328075570055464
2026-04-23 07:44:19.000,3509417.3772,779162.6634,5250976.8797,,0.1777,0.0885,0.126,0.2351287732286289,13,0.026000002399086952,-0.026000000070780516,-0.08700000122189522,,2.5123512891313586,1.2508720957795805,1.7819113333721182,3.324424461466977
2026-04-23 07:44:19.100,3509417.3804,779162.6601,5250976.8757,,0.1775,0.0884,0.1258,0.23483281286907073,14,0.03200000151991844,-0.052999999606981874,-0.0430000014603138,,2.5109370760733927,1.2501655890321088,1.7790829098161782,3.3215741749959458
2026-04-23 07:44:19.200,3509417.3804,779162.6581,5250976.8754,,0.1774,0.0883,0.1256,0.23461246769939573,13,0.03000000026077032,-0.06399999954737723,-0.03699999302625656,,2.508108649959168,1.248751376375618,1.776254486271604,3.3173888828414433
2026-04-23 07:44:19.300,3509417.3834,779162.6537,5250976.872,,0.1772,0.0882,0.1254,0.23431653804202554,14,0.03199999686330557,-0.07199999992735684,-0.071000000461936,,2.5066944369029103,1.248043669107776,1.7734260627384497,3.31453918365736
2026-04-23 07:44:19.400,3509417.3836,779162.6509,5250976.8683,,0.1771,0.0882,0.1252,0.23413391467277866,14,-0.018000002019107342,-0.05200000014156103,-0.06000000052154064,,2.5045726182325,1.2466294557726445,1.7705976392167702,3.3108888534651837
2026-04-23 07:44:19.500,3509417.3816,779162.6485,5250976.866,,0.177,0.0881,0.125,0.23391368066019566,13,-0.020999996922910213,-0.054999999701976776,-0.07699999958276749,,2.502451797737571,1.2459229510688048,1.7677692157066205,3.3075061602361377
2026-04-23 07:44:19.600,3509417.3815,779162.6454,5250976.8606,,0.1768,0.088,0.1248,0.2336178075404356,14,0.11899999808520079,-0.11700000031851232,-0.09400000795722008,,2.5003311780642177,1.2452152424380292,1.7649407922080558,3.3041236357013033
2026-04-23 07:44:19.700,3509417.3935,779162.6368,5250976.8566,,0.1766,0.088,0.1246,0.2333596366126756,14,0.20699999760836363,-0.1980000000912696,-0.3420000057667494,,2.497502752751236,1.2438010291039319,1.7621123687211322,3.299939544900785
2026-04-23 07:44:19.800,3509417.4022,779162.6256,5250976.8264,,0.1764,0.0879,0.1244,0.23306378955127285,14,0.32300000078976154,-0.14100000029429793,-0.7319999951869249,,2.4953807324735036,1.2430945257702648,1.759283945245906,3.2965571434452636
2026-04-23 07:44:19.900,3509417.4258,779162.6227,5250976.7834,,0.1763,0.0878,0.1242,0.23284365999528528,14,0.5789999989792705,-0.08200000040233135,-0.8669999986886978,,2.492552306371924,1.241680313124115,1.7564555217824331,3.2923734599829344
2026-04-23 07:44:20.000,3509417.4601,779162.6174,5250976.7397,,0.1761,0.0877,0.124,0.23254784453956998,14,0.6040000030770898,-0.0829999998677522,-0.781000005081296,,2.4904316894867846,1.240972602437298,1.7536270983307711,3.288992398896659
2026-04-23 07:44:20.100,3509417.4862,779162.6144,5250976.7053,,0.1759,0.0877,0.1238,0.23228977592653535,14,0.4280000040307641,-0.06599999964237213,-0.6309999991208315,,2.488309667223917,1.239558389104765,1.7507986748909767,3.2853441220060953
2026-04-23 07:44:20.200,3509417.5029,779162.6108,5250976.6766,,0.1758,0.0876,0.1236,0.23206973090000343,14,0.5489999987185001,-0.13700000010430813,-0.6030000001192093,,2.485481241128164,1.23885188783809,1.7479702514631075,3.281428195161369
2026-04-23 07:44:20.300,3509417.5411,779162.6007,5250976.645,,0.1756,0.0875,0.1234,0.23177396316238802,14,0.804999996908009,-0.31700000050477684,-0.953999999910593,,2.4840670280811663,1.238144175772757,1.7451418280472222,3.278583535614122
2026-04-23 07:44:20.400,3509417.5834,779162.5791,5250976.5812,,0.1755,0.0875,0.1232,0.23159175287561515,14,1.0790000017732382,-0.3440000000409782,-1.4099999982863665,,2.481238601988934,1.236729962441276,1.742313404643378,3.274401013926058
2026-04-23 07:44:20.500,3509417.649,779162.5663,5250976.504,,0.1753,0.0874,0.123,0.23129602244742561,14,1.4859999995678663,-0.1919999998062849,-1.4219999965280294,,2.4791179883176193,1.2360234625604805,1.7394849812516346,3.2710224701154225
2026-04-23 07:44:20.600,3509417.732,779162.5599,5250976.439,,0.1751,0.0873,0.1228,0.2310003030301043,14,1.5809999965131283,-0.054999999701976776,-1.3370000012218952,,2.4769959628550065,1.2346092499248498,1.7366565578720508,3.2673758583915626
2026-04-23 07:44:20.700,3509417.8071,779162.5608,5250976.3703,,0.175,0.0872,0.1226,0.230780415113588,14,1.5390000026673079,-0.04399999976158142,-1.3780000060796738,,2.47416753676868,1.2339015357799017,1.7345342314292906,3.263836239764489
2026-04-23 07:44:20.800,3509417.8859,779162.5555,5250976.3012,,0.1748,0.0872,0.1225,0.2305756491913229,14,1.4100000029429793,-0.17099999939091504,-1.2669999990612268,,2.472753323726408,1.232487322450012,1.7317058064232504,3.2607267594816953
2026-04-23 07:44:20.900,3509417.9481,779162.5437,5250976.2436,,0.1747,0.0871,0.1223,0.2303557900292502,14,1.1249999981373549,-0.25200000032782555,-1.067999992519617,,2.4699248976436508,1.2317808246599715,1.7295854994766808,3.257188818598025
2026-04-23 07:44:21.000,3509417.9984,779162.5303,5250976.1944,,0.1745,0.087,0.1221,0.23006012257668643,14,1.0239999974146485,-0.2809999999590218,-0.9839999955147505,,2.4678042872156616,1.2310731091206564,1.7267570761401267,3.2538114573527457
2026-04-23 07:44:21.100,3509418.0505,779162.5156,5250976.1452,,0.1743,0.087,0.1219,0.22980230634177717,14,0.9620000002905726,-0.27400000020861626,-1.0529999993741512,,2.4649758619507813,1.229658895791837,1.7239286528160032,3.2496302866633915
2026-04-23 07:44:21.200,3509418.0946,779162.5029,5250976.0891,,0.1741,0.0869,0.1217,0.22950666656984062,14,0.9640000015497208,-0.2650000003632158,-1.21199999935925,,2.462147436690175,1.2289523994036546,1.7211002295043714,3.2457171780671215
2026-04-23 07:44:21.300,3509418.1469,779162.4891,5250976.024,,0.1739,0.0868,0.1215,0.22921103812862068,14,1.121999998576939,-0.23300000000745058,-1.3100000005215406,,2.460025406372869,1.2282446824635553,1.718271806205293,3.242339895815983
2026-04-23 07:44:21.400,3509418.2068,779162.4796,5250975.9581,,0.1738,0.0868,0.1213,0.2290291902793179,14,1.1499999975785613,-0.22499999962747097,-1.2650000024586916,,2.457196980300928,1.2268304691358134,1.71544338291883,3.238159353706979
2026-04-23 07:44:21.500,3509418.2619,779162.4666,5250975.8975,,0.1736,0.0867,0.1211,0.22873360050504168,14,0.8860000036656857,-0.23999999975785613,-1.2560000084340572,,2.45507637355745,1.2261239741559578,1.7126149596450453,3.234784382304329
2026-04-23 07:44:21.600,3509418.2954,779162.4556,5250975.8325,,0.1734,0.0866,0.1209,0.22843802222922524,14,0.7350000040605664,-0.20600000047124922,-1.152999997138977,,2.4522479483119155,1.225416255808613,1.7097865363840015,3.2308721732683883
2026-04-23 07:44:21.700,3509418.3354,779162.446,5250975.7822,,0.1732,0.0866,0.1207,0.2281803891661157,14,0.6919999979436398,-0.23199999937787652,-1.015999997034669,,2.45012591513171,1.2240020424819558,1.7069581131357616,3.2272285323478407
2026-04-23 07:44:21.800,3509418.3646,779162.4324,5250975.7309,,0.1731,0.0865,0.1205,0.22796076416787164,14,0.5499999970197678,-0.35900000017136335,-1.1500000022351742,,2.4472974890682986,1.223295548916941,1.7048357692164953,3.223690741991235
2026-04-23 07:44:21.900,3509418.3904,779162.4101,5250975.6672,,0.1729,0.0864,0.1204,0.22771809326445713,15,0.7329999981448054,-0.46600000001490116,-1.3079999946057796,,2.4458832760375135,1.222587829155844,1.702007344284977,3.220853147847632
2026-04-23 07:44:22.000,3509418.4379,779162.3858,5250975.6001,,0.1728,0.0864,0.1202,0.22753645861707528,14,0.8749999990686774,-0.4110000003129244,-1.2820000015199184,,2.4430548499777895,1.2211736158302797,1.6998870550716008,3.2170480257528014
2026-04-23 07:44:22.100,3509418.4779,779162.369,5250975.539,,0.1726,0.0863,0.12,0.22724095141501235,16,0.6790000014007092,-0.45600000070407987,-1.131000006571412,,2.440934247373329,1.2204671236866644,1.6970586318686811,3.2136751547099465
2026-04-23 07:44:22.200,3509418.5058,779162.3402,5250975.487,,0.1724,0.0862,0.1198,0.22694545600209756,16,0.4830000037327409,-0.6010000000242144,-0.9119999967515469,,2.4388122108928356,1.2197594025052645,1.6942302086788559,3.2103012319718536
2026-04-23 07:44:22.300,3509418.5262,779162.3089,5250975.4478,,0.1723,0.0862,0.1196,0.22676395216171374,16,0.7830000016838312,-0.5669999995734543,-0.8569999970495701,,2.4359837848392996,1.2183451891808001,1.6921078570824024,3.2064951270819044
2026-04-23 07:44:22.400,3509418.5841,779162.2835,5250975.4013,,0.1721,0.0861,0.1195,0.22652123520765113,16,1.2369999988004565,-0.5319999996572733,-0.9340000059455633,,2.4338631843224054,1.2176386984651892,1.6899857987569007,3.2034959029160626
2026-04-23 07:44:22.500,3509418.6499,779162.2557,5250975.3544,,0.1719,0.086,0.1194,0.22627852306394436,16,1.3650000002235174,-0.6729999999515712,-0.9240000043064356,,2.4317411457636684,1.2169309758568887,1.6885715856901062,3.2008686321059785
2026-04-23 07:44:22.600,3509418.7206,779162.2162,5250975.3089,,0.1718,0.086,0.1193,0.22614979548962674,16,1.1899999994784594,-0.7339999999385327,-0.8819999918341637,,2.4289127197163753,1.2155167625335324,1.6864510072931262,3.1970634963979054
2026-04-23 07:44:22.700,3509418.7689,779162.1823,5250975.2662,,0.1716,0.0859,0.1191,0.2258543335869383,15,1.093999999575317,-0.7000000006519258,-0.8159999921917915,,2.4274985066936705,1.2155167625335324,1.6850367948504863,3.1952431832334764
2026-04-23 07:44:22.800,3509418.83,779162.1462,5250975.2273,,0.1715,0.0859,0.119,0.22572562991384032,16,1.230999999679625,-0.7270000001881272,-0.8320000022649765,,2.4246700806501487,1.2141025492107327,1.6822083699708548,3.191064869287367
2026-04-23 07:44:22.900,3509418.892,779162.1096,5250975.183,,0.1713,0.0858,0.1188,0.22543018875030912,16,0.9709999989718199,-0.6909999996423721,-0.8490000013262033,,2.4232558676293348,1.2133960606496133,1.6807941575338725,3.188976011198579
2026-04-23 07:44:23.000,3509418.9271,779162.0771,5250975.1424,,0.1712,0.0857,0.1187,0.22526344576961438,16,0.8240000018849969,-0.6609999993816018,-0.8240000065416098,,2.420427441589605,1.2119818480488886,1.678672094245925,3.1851701681385878
2026-04-23 07:44:23.100,3509418.9744,779162.0435,5250975.1006,,0.171,0.0856,0.1186,0.22502071015797634,16,0.9439999982714653,-0.7090000004973263,-0.7760000042617321,,2.418306845708377,1.2112741225668118,1.6765515202343173,3.182171899819367
2026-04-23 07:44:23.200,3509419.0215,779162.0062,5250975.0648,,0.1708,0.0856,0.1184,0.22476334220686434,16,0.8009999990463257,-0.8550000004470348,-0.6609999947249889,,2.4161848025347727,1.2098599092456943,1.6751373078049452,3.1792758609469547
2026-04-23 07:44:23.300,3509419.0545,779161.958,5250975.0345,,0.1707,0.0855,0.1183,0.22459659391896394,16,0.6170000042766333,-0.9089999995194376,-0.6180000025779009,,2.4133563765014068,1.2098599092456943,1.6723088829519501,3.175636471638402
2026-04-23 07:44:23.400,3509419.0832,779161.9153,5250975.003,,0.1705,0.0855,0.1181,0.22433927431459702,15,0.5579999973997474,-0.8019999996758997,-0.6149999983608723,,2.4112357827470956,1.2084456959251417,1.670894670528337,3.1727414013751574
2026-04-23 07:44:23.500,3509419.1103,779161.8778,5250974.973,,0.1703,0.0854,0.118,0.2240965193839476,16,0.5999999959021807,-0.7600000000093132,-0.681999996304512,,2.4091137374561624,1.2077392102602282,1.6680662456869033,3.1693702844571505
2026-04-23 07:44:23.600,3509419.1432,779161.8393,5250974.9348,,0.1702,0.0853,0.1178,0.2238771314806405,15,0.826000003144145,-0.8519999997224659,-0.6749999988824129,,2.406285311429216,1.2070314826051556,1.6666520332690922,3.1662064051479653
2026-04-23 07:44:23.700,3509419.1929,779161.7926,5250974.9055,,0.17,0.0853,0.1177,0.22367248377929727,15,0.9790000040084124,-1.023999999742955,-0.5489999987185001,,2.404871098416711,1.205617269285738,1.663823608439308,3.1631040134652544
2026-04-23 07:44:23.800,3509419.2411,779161.7369,5250974.8799,,0.1699,0.0852,0.1175,0.22345312707590376,16,0.9249999979510903,-1.1570000008214265,-0.5310000013560057,,2.4034560532699576,1.205617269285738,1.6624093960273445,3.161284390876595
2026-04-23 07:44:23.900,3509419.2854,779161.6769,5250974.8524,,0.1699,0.0852,0.1174,0.2234005595337666,16,0.8319999976083636,-1.2549999996554106,-0.509000001475215,,2.402041839768825,1.204203055966891,1.66028732453151,3.158554099584175
2026-04-23 07:44:24.000,3509419.3243,779161.6114,5250974.829,,0.1698,0.0851,0.1173,0.22323382360206978,16,0.7590000005438924,-1.283999999286607,-0.4580000042915344,,2.402041839768825,1.2034965724920033,1.6588731114826112,3.1575416070101117
2026-04-23 07:44:24.100,3509419.3613,779161.5485,5250974.8066,,0.1698,0.085,0.1172,0.22314318273252268,18,0.7340000011026859,-1.269000000320375,-0.426000002771616,,2.400627626267764,1.202788842648617,1.6574588984345886,3.155453057803269
2026-04-23 07:44:24.200,3509419.3977,779161.4845,5250974.7864,,0.1697,0.085,0.1171,0.2230145735148266,18,0.6730000022798777,-1.3470000005327165,-0.3819999936968088,,2.3999208320275898,1.2013746293309178,1.6560446853874444,3.153633618542268
2026-04-23 07:44:24.300,3509419.4286,779161.4138,5250974.7684,,0.1696,0.0849,0.117,0.2228478629020256,18,0.5640000011771917,-1.3659999996889383,-0.34500000067055225,,2.398506618710901,1.2013746293309178,1.654630472341181,3.1518148740051344
2026-04-23 07:44:24.400,3509419.4541,779161.3479,5250974.7519,,0.1695,0.0849,0.1169,0.22271926275021656,18,0.5119999963790178,-1.3379999995231628,-0.31900000758469105,,2.397092405394502,1.1999604160137949,1.6532162592958004,3.14945725482979
2026-04-23 07:44:24.500,3509419.4798,779161.28,5250974.7365,,0.1694,0.0848,0.1168,0.22255255559080872,18,0.41399999987334013,-1.392000000923872,-0.25799999944865704,,2.3956781920783934,1.1999604160137949,1.6518020462513054,3.147638638725862
2026-04-23 07:44:24.600,3509419.4955,779161.2087,5250974.7261,,0.1693,0.0848,0.1167,0.2224239645361983,19,0.3770000021904707,-1.4329999999608845,-0.18699999898672104,,2.3942639787625755,1.198546202697251,1.6503878332076978,3.1452810685215393
2026-04-23 07:44:24.700,3509419.5175,779161.1367,5250974.7178,,0.1692,0.0847,0.1166,0.22225726084877406,19,0.3260000003501773,-1.3639999995939434,-0.12899999506771564,,2.3928497654470493,1.1978397221665342,1.64897362016498,3.1431932807258285
2026-04-23 07:44:24.800,3509419.5281,779161.0723,5250974.7132,,0.1691,0.0846,0.1165,0.22209056711170783,19,0.2410000003874302,-1.3290000008419156,-0.1269999984651804,,2.3914355521318154,1.1971319893812877,1.6475594071231543,3.141105060325108
2026-04-23 07:44:24.900,3509419.5416,779161.0038,5250974.7051,,0.169,0.0846,0.1164,0.22196197872608722,17,0.34199999645352364,-1.319999999832362,-0.21100000478327274,,2.390021338816873,1.1957177760659077,1.646145194082223,3.1387476802062313
2026-04-23 07:44:25.000,3509419.5623,779160.9403,5250974.6921,,0.1689,0.0845,0.1163,0.22179528849820052,19,0.2839999971911311,-1.3039999990724027,-0.1889999955892563,,2.3886071255022245,1.1957177760659077,1.6447309810421886,3.1369292309518237
2026-04-23 07:44:25.100,3509419.57,779160.8734,5250974.6862,,0.1688,0.0845,0.1162,0.22166670927317886,18,0.14100000262260437,-1.2910000002011657,-0.15799999237060547,,2.386486329313453,1.1943035627511123,1.643316768003053,3.1340338224084308
2026-04-23 07:44:25.200,3509419.5764,779160.8112,5250974.6763,,0.1686,0.0844,0.1161,0.2214238695353326,19,0.006000003777444363,-1.2910000002011657,-0.17700000666081905,,2.3850721163101127,1.1943035627511123,1.6419025549648187,3.13221550982687
2026-04-23 07:44:25.300,3509419.5706,779160.7443,5250974.6685,,0.1685,0.0844,0.116,0.2212953004471627,19,-0.04500000271946192,-1.3690000004135072,-0.054999999701976776,,2.3829502722465694,1.192889349436904,1.640488341927488,3.129319255045736
2026-04-23 07:44:25.400,3509419.5719,779160.6743,5250974.6708,,0.1684,0.0843,0.1159,0.2211286051147612,18,0.10499999858438969,-1.4110000000800937,0.12099999934434891,,2.380829477304076,1.192889349436904,1.6397807780310147,3.127333528742977
2026-04-23 07:44:25.500,3509419.5811,779160.6032,5250974.6806,,0.1682,0.0843,0.1159,0.22097633357443505,18,0.13000000268220901,-1.4720000000670552,0.14800000004470348,,2.379415264303396,1.1914751361232847,1.6383665646002423,3.1249759999078393
2026-04-23 07:44:25.600,3509419.5849,779160.5271,5250974.6856,,0.1681,0.0842,0.1158,0.22080962388446748,17,0.06300000008195639,-1.5320000005885959,0.14000000432133675,,2.377293418995644,1.1907686593121267,1.6383665646002423,3.123091257072069
2026-04-23 07:44:25.700,3509419.5874,779160.45,5250974.6946,,0.168,0.0841,0.1158,0.22069537829324837,18,0.0,-1.5279999992344528,0.23999999277293682,,2.3751726253053693,1.1900609228102565,1.6369523511696973,3.1204651896792566
2026-04-23 07:44:25.800,3509419.5849,779160.3743,5250974.7096,,0.1678,0.0841,0.1157,0.22049068007514513,19,-0.1129999989643693,-1.528999999864027,0.2479999978095293,,2.3737584123073683,1.188646709497822,1.6362457028209423,3.118478795823373
2026-04-23 07:44:25.900,3509419.5761,779160.2971,5250974.7194,,0.1677,0.084,0.1156,0.22032396601368628,19,-0.04399999976158142,-1.549000000813976,0.18900000490248203,,2.3716365657494825,1.188646709497822,1.63553813773938,3.116492579808269
2026-04-23 07:44:26.000,3509419.5805,779160.2194,5250974.7285,,0.1676,0.084,0.1156,0.22024786037553234,18,-0.005000000819563866,-1.542999999364838,0.18000000156462193,,2.369515773317409,1.187232496185983,1.634123924309292,3.1135971158773894
2026-04-23 07:44:26.100,3509419.5756,779160.1428,5250974.7374,,0.1674,0.0839,0.1155,0.22000504539669083,19,0.08099999744445086,-1.4249999995809048,0.09300000034272671,,2.3681015603221076,1.187232496185983,1.6334172767544732,3.1121500606493897
2026-04-23 07:44:26.200,3509419.5886,779160.0769,5250974.7378,,0.1673,0.0839,0.1154,0.21987646531632257,19,0.3769999975338578,-1.253000000724569,-0.12199999764561653,,2.365273134333538,1.1858182828747412,1.6327097108794324,3.1090871650695155
2026-04-23 07:44:26.300,3509419.6133,779160.0175,5250974.7252,,0.1671,0.0838,0.1154,0.21968616251370954,19,0.5440000025555491,-1.247999999905005,-0.2500000037252903,,2.363858921340273,1.1851118090711947,1.6312954974498028,3.1069991953651996
2026-04-23 07:44:26.400,3509419.643,779159.9521,5250974.7128,,0.167,0.0837,0.1153,0.21951942966398216,19,0.5640000011771917,-1.2399999995250255,-0.2770000044256449,,2.3610304953557884,1.1844040695640994,1.6305888506916757,3.104206500862982
2026-04-23 07:44:26.500,3509419.6697,779159.8935,5250974.6975,,0.1668,0.0837,0.1152,0.21931477378416622,19,0.527999997138977,-1.1919999995734543,-0.39499999955296516,,2.359616282364571,1.182989856254059,1.6298812840204038,3.102219689190306
2026-04-23 07:44:26.600,3509419.6958,779159.8329,5250974.6733,,0.1667,0.0836,0.1152,0.2192005702547327,19,0.6529999990016222,-1.2939999997615814,-0.41600000113248825,,2.356787856384193,1.1822833839651135,1.6284670705912354,3.0990559852961677
2026-04-23 07:44:26.700,3509419.735,779159.7641,5250974.6559,,0.1665,0.0835,0.1151,0.21895778131868254,19,0.7990000024437904,-1.4160000008996576,-0.44099999591708183,,2.3553736433950343,1.1815756429446234,1.6277604246325685,3.0973391806516766
2026-04-23 07:44:26.800,3509419.7757,779159.6913,5250974.6292,,0.1664,0.0835,0.115,0.21882917995550777,19,0.748000000603497,-1.441999999806285,-0.5139999929815531,,2.3525452174187853,1.1801614296357936,1.626346211604405,3.093905622348555
2026-04-23 07:44:26.900,3509419.8098,779159.6199,5250974.6045,,0.1662,0.0834,0.1149,0.21858639024422358,19,0.625,-1.4359999995213002,-0.48100000247359276,,2.351131004431697,1.179454958868714,1.6256386437335941,3.092188868746539
2026-04-23 07:44:27.000,3509419.8382,779159.5477,5250974.5811,,0.1661,0.0833,0.1149,0.21847221791339969,19,0.5890000006183982,-1.4750000007916242,-0.2790000010281801,,2.3490091528131596,1.178747216327572,1.6242244303051225,3.089562104894478
2026-04-23 07:44:27.100,3509419.8687,779159.4724,5250974.5766,,0.166,0.0833,0.1148,0.2183436053563282,17,0.5400000000372529,-1.4699999999720603,-0.08500000461935997,,2.3475949395072395,1.1773330030199611,1.6242244303051225,3.0879475384144723
2026-04-23 07:44:27.200,3509419.8922,779159.4007,5250974.5726,,0.1659,0.0832,0.1148,0.21822944347635584,18,0.49000000115484,-1.4679999998770654,-0.040000006556510925,,2.3461807262016285,1.1773330030199611,1.6228102168768839,3.086128642814489
2026-04-23 07:44:27.300,3509419.9177,779159.3256,5250974.5726,,0.1658,0.0832,0.1147,0.21810082530792954,18,0.4029999999329448,-1.4820000005420297,0.04100000485777855,,2.3447665128963266,1.175918789712963,1.6228102168768839,3.084514224314746
2026-04-23 07:44:27.400,3509419.9325,779159.2525,5250974.5767,,0.1657,0.0831,0.1147,0.21798667390462195,18,0.32799999695271254,-1.511000000173226,0.02900000661611557,,2.3433522995913356,1.175918789712963,1.6213960034488797,3.082695249290789
2026-04-23 07:44:27.500,3509419.9505,779159.1745,5250974.5755,,0.1656,0.0831,0.1146,0.2178580501152069,18,0.359999998472631,-1.5679999999701977,-0.023999996483325958,,2.3419380862866546,1.1745045764065798,1.6213960034488797,3.0810809791370293
2026-04-23 07:44:27.600,3509419.9685,779159.0957,5250974.5743,,0.1655,0.083,0.1146,0.21774390921447148,18,0.3780000004917383,-1.5149999991990626,-0.003000004217028618,,2.340523872982286,1.1745045764065798,1.61998179002111,3.0792619245527004
2026-04-23 07:44:27.700,3509419.9883,779159.023,5250974.5752,,0.1654,0.083,0.1145,0.2176152797944115,18,0.38699999917298555,-1.4519999991171062,-0.046000005677342415,,2.339109659678229,1.1730903631008143,1.61998179002111,3.0776478031119807
2026-04-23 07:44:27.800,3509420.0072,779158.9505,5250974.5697,,0.1653,0.0829,0.1145,0.2175011494222502,18,0.40900000371038914,-1.4820000005420297,-0.0430000014603138,,2.3376954463744846,1.1730903631008143,1.6185675765935754,3.0758286688305643
2026-04-23 07:44:27.900,3509420.0292,779158.8748,5250974.5709,,0.1652,0.0829,0.1144,0.21737251436186683,18,0.43200000189244747,-1.514000000897795,0.04900000058114529,,2.3362812330710527,1.1716761497956678,1.6178609334550358,3.0738427090532783
2026-04-23 07:44:28.000,3509420.0504,779158.7991,5250974.5746,,0.1651,0.0828,0.1143,0.21720575498821387,18,0.4099999973550439,-1.4989999996032566,0.020000003278255463,,2.3348670197679353,1.1716761497956678,1.6171533631662767,3.072395482355746
2026-04-23 07:44:28.100,3509420.0702,779158.7249,5250974.5729,,0.165,0.0828,0.1143,0.21712975383396904,19,0.40099999867379665,-1.4819999993778765,-0.044999998062849045,,2.332746235663022,1.170261936491143,1.6157391497392144,3.0695001221697322
2026-04-23 07:44:28.200,3509420.0905,779158.6509,5250974.5701,,0.1648,0.0827,0.1142,0.21688699822718743,19,0.48799999989569187,-1.441000000340864,-0.044999998062849045,,2.3313320226857437,1.1695554711085747,1.6157391497392144,3.0681561237981354
2026-04-23 07:44:28.300,3509420.119,779158.5808,5250974.5684,,0.1647,0.0826,0.1142,0.21677289959771265,19,0.4339999984949827,-1.4040000003296882,-0.10400000028312206,,2.3299169513096385,1.1688477231872423,1.6143249363123893,3.066066372406181
2026-04-23 07:44:28.400,3509420.1339,779158.5105,5250974.5597,,0.1647,0.0826,0.1141,0.2167202344037123,18,0.2350000012665987,-1.335999999428168,-0.1880000066012144,,2.3285027378124337,1.1681404025201765,1.6143249363123893,3.0647221733788528
2026-04-23 07:44:28.500,3509420.1425,779158.4472,5250974.5496,,0.1646,0.0826,0.1141,0.21664424755806466,18,0.25200000032782555,-1.3029999996069819,-0.1640000008046627,,2.3285027378124337,1.1674335098839677,1.612910722885802,3.0637080474483853
2026-04-23 07:44:28.600,3509420.1591,779158.3802,5250974.5433,,0.1646,0.0825,0.114,0.21655348069241465,18,-0.08900000248104334,-1.2730000005103648,-0.24199999868869781,,2.326381739955848,1.1667270460566175,1.612204081374315,3.061454882894732
2026-04-23 07:44:28.700,3509420.1336,779158.3199,5250974.5254,,0.1644,0.0824,0.1139,0.21631072557781317,19,-0.35599999595433474,-1.265999999595806,-0.3689999971538782,,2.3249688169951868,1.1660192965813216,1.6114965094594527,3.0597388777475762
2026-04-23 07:44:28.800,3509420.1235,779158.2536,5250974.5064,,0.1642,0.0824,0.1139,0.21615876109933643,19,0.11100000236183405,-1.4529999997466803,-0.35699999891221523,,2.323553313354355,1.1646050832793062,1.6100822960333423,3.0573795969751614
2026-04-23 07:44:28.900,3509420.1447,779158.1746,5250974.4897,,0.1642,0.0823,0.1138,0.2160679754151457,18,0.48799999989569187,-1.5420000010635704,-0.26100000366568565,,2.321431670327602,1.1646050832793062,1.6100822960333423,3.055767497700046
2026-04-23 07:44:29.000,3509420.1723,779158.0994,5250974.4803,,0.1641,0.0823,0.1138,0.21599199059224394,18,0.5649999994784594,-1.5200000000186265,-0.20800000056624413,,2.321431670327602,1.163897761833057,1.6086680826074717,3.0547530178395763
2026-04-23 07:44:29.100,3509420.2012,779158.0226,5250974.4689,,0.1641,0.0823,0.1137,0.2159393201804618,18,0.6039999984204769,-1.5209999994840473,-0.27999999932944775,,2.320017456830875,1.163190869977924,1.6086680826074717,3.0534090783909056
2026-04-23 07:44:29.200,3509420.2327,779157.9473,5250974.4523,,0.164,0.0822,0.1137,0.21582523022112127,18,0.6529999990016222,-1.4830000000074506,-0.2630000002682209,,2.319310673454507,1.163190869977924,1.6072538691818412,3.0521271271033252
2026-04-23 07:44:29.300,3509420.2665,779157.8743,5250974.4426,,0.1639,0.0822,0.1136,0.21569656928194292,18,0.7560000009834766,-1.4439999999012798,-0.19999999552965164,,2.3178964601551986,1.1617766566771774,1.6072538691818412,3.0505137272269405
2026-04-23 07:44:29.400,3509420.3083,779157.8029,5250974.4323,,0.1638,0.0821,0.1136,0.21558249001252397,18,0.736000002361834,-1.3959999999497086,-0.17799999564886093,,2.3164822468562107,1.1617766566771774,1.6058396557564518,3.048694146679853
2026-04-23 07:44:29.500,3509420.3401,779157.7347,5250974.4248,,0.1637,0.0821,0.1135,0.21545382335897406,18,0.617999997921288,-1.3379999995231628,-0.16800000332295895,,2.3150680335575453,1.1603624433770683,1.6058396557564518,3.0470808981712314
2026-04-23 07:44:29.600,3509420.3701,779157.6691,5250974.4155,,0.1636,0.082,0.1135,0.21533975480621315,18,0.4609999991953373,-1.3320000004023314,-0.142000000923872,,2.313653820259202,1.1596559834709603,1.6044254423313038,3.0449921182164004
2026-04-23 07:44:29.700,3509420.3862,779157.6015,5250974.4106,,0.1635,0.0819,0.1134,0.21517300016498353,18,0.38699999917298555,-1.3630000001285225,0.009000003337860107,,2.3122396069611817,1.1589482300775993,1.6037188032819218,3.0432757022655705
2026-04-23 07:44:29.800,3509420.4088,779157.5328,5250974.4164,,0.1634,0.0819,0.1133,0.21504432101313442,18,0.3619999997317791,-1.4540000003762543,0.06500000134110451,,2.310825393663485,1.1575340167787727,1.603011228906398,3.041289857938569
2026-04-23 07:44:29.900,3509420.4224,779157.4561,5250974.4171,,0.1633,0.0818,0.1133,0.21493026776143,18,0.13800000306218863,-1.4830000000074506,0.06999999284744263,,2.309411180366112,1.1575340167787727,1.6015970154817345,3.039470019592231
2026-04-23 07:44:30.000,3509420.4226,779157.3845,5250974.4234,,0.1632,0.0818,0.1132,0.21480158286195195,18,-0.04500000271946192,-1.473999998997897,0.13199999928474426,,2.307996967069064,1.1561198034805908,1.6015970154817345,3.037857139498169
2026-04-23 07:44:30.100,3509420.4179,779157.3087,5250974.4303,,0.1631,0.0817,0.1132,0.2146875403930093,18,0.030999998562037945,-1.4840000006370246,0.1730000041425228,,2.306582753772342,1.1561198034805908,1.600182802057315,3.0360372197982026
2026-04-23 07:44:30.200,3509420.4257,779157.2361,5250974.4407,,0.163,0.0817,0.1131,0.21455884973591743,18,0.05500000435858965,-1.5220000001136214,0.18699999898672104,,2.305168540475945,1.154705590183056,1.600182802057315,3.0344244923873123
2026-04-23 07:44:30.300,3509420.4234,779157.1565,5250974.449,,0.1629,0.0816,0.1131,0.214444818076819,19,-0.06399999838322401,-1.6029999998863786,0.14299999922513962,,2.3037543271798753,1.154705590183056,1.5987685886331393,3.032604491192348
2026-04-23 07:44:30.400,3509420.4193,779157.0758,5250974.455,,0.1628,0.0816,0.113,0.2143161216521053,19,-0.0849999999627471,-1.5390000003390014,0.1339999958872795,,2.3023401138841324,1.153291376886171,1.5980619512396883,3.0306192436530197
2026-04-23 07:44:30.500,3509420.4149,779157.0026,5250974.4624,,0.1627,0.0815,0.1129,0.2141493637627719,19,-0.06300000008195639,-1.4800000004470348,0.1790000032633543,,2.3009259005887173,1.153291376886171,1.5973543752092083,3.029171834016684
2026-04-23 07:44:30.600,3509420.413,779156.9278,5250974.4729,,0.1626,0.0815,0.1129,0.21407339862766694,19,-0.12100000400096178,-1.459000000031665,0.26400000788271427,,2.2995116872936308,1.1518771635899376,1.5959401617855224,3.026813505982818
2026-04-23 07:44:30.700,3509420.4028,779156.8567,5250974.4888,,0.1625,0.0814,0.1128,0.21390663851316072,19,-0.2210000017657876,-1.524999999674037,0.30599999241530895,,2.2980974739988724,1.1518771635899376,1.5959401617855224,3.0257392485143195
2026-04-23 07:44:30.800,3509420.3909,779156.7753,5250974.5035,,0.1624,0.0814,0.1128,0.21383068067983135,19,-0.0979999965056777,-1.6029999998863786,0.25699999183416367,,2.2966832607044445,1.1504629502943586,1.5945259483620826,3.02338088900489
2026-04-23 07:44:30.900,3509420.393,779156.6964,5250974.5145,,0.1623,0.0813,0.1127,0.21366391833905882,19,-0.003999997861683369,-1.5850000001955777,0.18400000408291817,,2.2952690474103465,1.1504629502943586,1.5945259483620826,3.0223067349294643
2026-04-23 07:44:31.000,3509420.3905,779156.6168,5250974.5219,,0.1622,0.0813,0.1127,0.2135879678259054,19,-0.16700000036507845,-1.6190000006463379,0.23400000296533108,,2.293854834116579,1.1490487369994362,1.5931117349388901,3.019948343929081
2026-04-23 07:44:31.100,3509420.3763,779156.5345,5250974.5379,,0.1621,0.0812,0.1126,0.21342120325778316,19,-0.23400000296533108,-1.6399999998975545,0.38200000301003456,,2.2924406208231436,1.1490487369994362,1.5924050992131367,3.018501449395047
2026-04-23 07:44:31.200,3509420.3671,779156.4528,5250974.5601,,0.162,0.0812,0.1125,0.21329249869603947,19,-0.14400000218302011,-1.6039999993517995,0.3860000055283308,,2.290319846658977,1.1476345237051733,1.5916975215159441,3.015979277117135
2026-04-23 07:44:31.300,3509420.3619,779156.3741,5250974.5765,,0.1618,0.0811,0.1125,0.21310255746940251,19,-0.13400000054389238,-1.5350000001490116,0.37099999375641346,,2.2896121942372685,1.1476345237051733,1.5902833080932466,3.0146956728665004
2026-04-23 07:44:31.400,3509420.3537,779156.2993,5250974.5972,,0.1618,0.0811,0.1124,0.21304978291469814,18,-0.20899999886751175,-1.5390000003390014,0.411999998614192,,2.287490546428553,1.1462203104115718,1.5902833080932466,3.0125462652049015
2026-04-23 07:44:31.500,3509420.341,779156.2202,5250974.6177,,0.1617,0.081,0.1124,0.21293578844337088,19,-0.38600000087171793,-1.5909999993164092,0.40400000289082527,,2.2867837676527265,1.1462203104115718,1.5888690946707975,3.0112631900914932
2026-04-23 07:44:31.600,3509420.3151,779156.1402,5250974.6376,,0.1616,0.081,0.1123,0.21280707225090054,19,-0.41000000201165676,-1.577999999281019,0.4110000003129244,,2.284662994841909,1.1448060971186342,1.5888690946707975,3.0091146538475395
2026-04-23 07:44:31.700,3509420.3,779156.0624,5250974.6588,,0.1614,0.0809,0.1123,0.2126171676981894,19,-0.28799999970942736,-1.4840000006370246,0.352999996393919,,2.283248781889525,1.1448060971186342,1.5874548812485978,3.007294298867339
2026-04-23 07:44:31.800,3509420.2863,779155.9918,5250974.6729,,0.1613,0.0809,0.1122,0.21248844674475834,19,-0.29399999883025885,-1.3090000010561198,0.3199999965727329,,2.2811269144876616,1.1433918838263633,1.5867482472024348,3.004772037942313
2026-04-23 07:44:31.900,3509420.2706,779155.9315,5250974.6908,,0.1612,0.0808,0.1121,0.21232166634613622,19,-0.30999999959021807,-1.1639999994076788,0.3300000075250864,,2.2797127011972362,1.1433918838263633,1.586040667826648,3.0033248242572763
2026-04-23 07:44:32.000,3509420.2553,779155.8754,5250974.7059,,0.1611,0.0808,0.1121,0.21224575378555868,19,-0.3459999989718199,-1.2199999997392297,0.2749999985098839,,2.278298487907149,1.1419776705347613,1.5846264544049489,3.0009661777500924
2026-04-23 07:44:32.100,3509420.236,779155.8095,5250974.7183,,0.161,0.0807,0.112,0.21207897114046928,19,-57.40100000053644,18.992999999318272,-40.759000005200505,,1.6146160534318987,0.8100790084923815,1.1252755218167683,2.12825233466335
2026-04-23 07:44:32.200,3509414.5152,779157.7747,5250970.63,,0.0108,0.0058,0.0098,0.01569458505345076,19,-57.300999998115,18.97800000035204,-40.74000000022352,,1.6135516725534387,0.8090815780871542,1.1241925991572796,2.126492652232779
2026-04-23 07:44:32.300,3509414.5059,779157.7073,5250970.6443,,0.0107,0.0058,0.0097,0.015563418647585111,19,-0.15799999702721834,-1.3649999990593642,0.2560000028461218,,0.15202960238058902,0.0820243866176395,0.13788763541376725,0.22102940980783528
2026-04-23 07:44:32.400,3509414.4994,779157.6382,5250970.6556,,0.0107,0.0058,0.0097,0.015563418647585111,19,-0.11500000022351742,-1.3930000003892928,0.19500000402331352,,0.15132085117392113,0.0820243866176395,0.1371787155501902,0.22009997728305195
2026-04-23 07:44:32.500,3509414.4944,779157.568,5250970.6638,,0.0107,0.0058,0.0097,0.015563418647585111,19,-0.10499999858438969,-1.4290000009350479,0.1619999948889017,,0.15132085117392113,0.0820243866176395,0.1371787155501902,0.22009997728305195
2026-04-23 07:44:32.600,3509414.4889,779157.4953,5250970.6718,,0.0107,0.0058,0.0097,0.015563418647585111,19,-0.0849999999627471,-1.403999999165535,0.18000000156462193,,0.15132085117392113,0.0820243866176395,0.1371787155501902,0.22009997728305195
2026-04-23 07:44:32.700,3509414.4859,779157.4276,5250970.6818,,0.0107,0.0058,0.0097,0.015563418647585111,19,-0.06100000347942114,-1.40199999907054,0.24699999950826168,,0.15132085117392113,0.0820243866176395,0.1371787155501902,0.22009997728305195
2026-04-23 07:44:32.800,3509414.4828,779157.3551,5250970.6965,,0.0107,0.0058,0.0097,0.015563418647585111,19,-0.0430000014603138,-1.4530000009108335,0.20399999804794788,,0.15132085117392113,0.0820243866176395,0.1371787155501902,0.22009997728305195
2026-04-23 07:44:32.900,3509414.4816,779157.2823,5250970.7022,,0.0107,0.0058,0.0097,0.015563418647585111,19,-0.060999998822808266,-1.4140000008046627,0.1600000075995922,,0.15132085117392113,0.0820243866176395,0.1371787155501902,0.22009997728305195
2026-04-23 07:44:33.000,3509414.4767,779157.2137,5250970.7125,,0.0107,0.0058,0.0097,0.015563418647585111,19,-0.1560000004246831,-1.3959999999497086,0.2570000011473894,,0.15132085117392113,0.0820243866176395,0.1371787155501902,0.22009997728305195
2026-04-23 07:44:33.100,3509414.466,779157.1427,5250970.7279,,0.0107,0.0058,0.0097,0.015563418647585111,19,-0.1699999999254942,-1.368999999249354,0.28699999675154686,,0.1527416118809802,0.08273451516749221,0.13860014430006917,0.22222736105169405
2026-04-23 07:44:33.200,3509414.4597,779157.0768,5250970.7412,,0.0109,0.0059,0.0099,0.015862849680936902,14,-0.16199999954551458,-1.3109999999869615,0.2570000011473894,,0.15417522498767433,0.08345058418010025,0.13931618714277247,0.2239263271703441
2026-04-23 07:44:33.300,3509414.4498,779157.0116,5250970.7536,,0.0111,0.006,0.01,0.0161,14,-0.22400000132620335,-1.3180000009015203,0.2749999985098839,,0.1562849960808778,0.0841486779456457,0.14142842712835352,0.2269537397797181
2026-04-23 07:44:33.400,3509414.4373,779156.945,5250970.7687,,0.0112,0.006,0.0101,0.016231142904922006,14,-0.1850000023841858,-1.3189999992027879,0.2479999978095293,,0.15768639763784317,0.08556284240252893,0.14213022197970424,0.228882065701968
2026-04-23 07:44:33.500,3509414.4313,779156.8797,5250970.7784,,0.0112,0.0061,0.0101,0.016268374227316015,14,-0.1129999989643693,-1.366999999154359,0.272000003606081,,0.15839191898578664,0.08556284240252893,0.1428355697996826,0.229806440292695
2026-04-23 07:44:33.600,3509414.426,779156.8083,5250970.7959,,0.0112,0.0061,0.0101,0.016268374227316015,14,-0.15899999998509884,-1.4280000003054738,0.3599999938160181,,0.15839191898578664,0.08626702730475881,0.1428355697996826,0.23006955470031232
2026-04-23 07:44:33.700,3509414.4154,779156.7369,5250970.8144,,0.0112,0.0061,0.0101,0.016268374227316015,14,-0.07300000172108412,-1.4610000001266599,0.30799999833106995,,0.15839191898578664,0.08556284240252893,0.14354441821262157,0.23024769271373818
2026-04-23 07:44:33.800,3509414.4187,779156.6622,5250970.8267,,0.0112,0.006,0.0102,0.016293557008830208,14,0.07000000216066837,-1.4899999997578561,0.26000000536441803,,0.15839191898578664,0.08556284240252893,0.14354441821262157,0.23024769271373818
2026-04-23 07:44:33.900,3509414.4224,779156.5879,5250970.8404,,0.0112,0.006,0.0102,0.016293557008830208,14,0.018000002019107342,-1.4990000007674098,0.3179999999701977,,0.15910059710761612,0.0848528137423857,0.14424978336205568,0.23091340368198635
2026-04-23 07:44:34.000,3509414.4205,779156.5123,5250970.8585,,0.0113,0.006,0.0102,0.016362457028209425,14,-0.06200000178068876,-1.7840000009164214,0.3830000013113022,,0.15910059710761612,0.0848528137423857,0.14424978336205568,0.23091340368198635
2026-04-23 07:44:34.100,3509414.4162,779156.4095,5250970.8787,,0.0113,0.006,0.0102,0.016362457028209425,14,-0.30199999921023846,-2.5479999999515712,0.8559999987483025,,0.1612265486822812,0.0848528137423857,0.14567086187704115,0.23326808611552502
2026-04-23 07:44:34.200,3509414.3903,779156.2575,5250970.9441,,0.0115,0.006,0.0104,0.01662558269655533,14,-0.3349999990314245,-3.334000000031665,0.9700000006705523,,0.16194134740701646,0.08556284240252893,0.14710540438746633,0.23491700662148748
2026-04-23 07:44:34.300,3509414.3827,779156.0761,5250970.9757,,0.0116,0.0061,0.0106,0.016856156145456175,14,0.05799999926239252,-3.7109999998938292,0.6230000033974648,,0.16405486887014353,0.08556284240252893,0.14993331851193048,0.23814911295236854
2026-04-23 07:44:34.400,3509414.3961,779155.8864,5250971.0064,,0.0117,0.0061,0.0108,0.0170510996712822,14,0.36600000225007534,-3.641999999526888,0.32899999991059303,,0.16194134740701646,0.08626702730475881,0.14710540438746633,0.23517440336907416
2026-04-23 07:44:34.500,3509414.4193,779155.7119,5250971.0086,,0.0113,0.0061,0.0102,0.016399390232566577,14,0.411999998614192,-3.214000000152737,0.05899999290704727,,0.16265915283192642,0.08626702730475881,0.14855302083767935,0.2365755693219399
2026-04-23 07:44:34.600,3509414.4373,779155.565,5250971.0123,,0.0113,0.0061,0.0102,0.016399390232566577,14,0.30199999921023846,-2.672000000020489,0.15199999324977398,,0.15980613254815973,0.08626702730475881,0.14424978336205568,0.23192240081544513
2026-04-23 07:44:34.700,3509414.4495,779155.4447,5250971.0238,,0.0113,0.0061,0.0102,0.016399390232566577,14,0.10400000028312206,-2.63899999903515,0.21800000220537186,,0.15980613254815973,0.08626702730475881,0.14424978336205568,0.23192240081544513
2026-04-23 07:44:34.800,3509414.4477,779155.3011,5250971.0341,,0.0113,0.0061,0.0102,0.016399390232566577,14,-0.1790000032633543,-3.055999999633059,-0.044999998062849045,,0.16483021567661674,0.08697700845625812,0.1449586147836685,0.23610802612363685
2026-04-23 07:44:34.900,3509414.4316,779155.1391,5250971.0193,,0.012,0.0062,0.0103,0.01698617084572035,13,0.3340000007301569,-3.17600000067614,-0.293999994173646,,0.1670269439342048,0.08769264507357502,0.14567086187704115,0.23834428879249445
2026-04-23 07:44:35.000,3509414.4811,779154.9835,5250971.0047,,0.0123,0.0063,0.0104,0.01729566419655516,13,1.2140000006183982,-2.608000000473112,-0.42899999767541885,,0.174,0.08910667763978186,0.14637281168304447,0.2442150691501243
2026-04-23 07:44:35.100,3509414.553,779154.8783,5250970.9764,,0.0126,0.0064,0.0104,0.017546509624423886,13,1.5430000005289912,-1.683000000193715,-0.6810000073164701,,0.17751901306620652,0.08980534505250787,0.14778700890132393,0.24782856978161336
2026-04-23 07:44:35.200,3509414.6354,779154.8152,5250970.9366,,0.0128,0.0064,0.0105,0.017749647883831387,13,1.4080000016838312,-0.9609999996609986,-0.6809999980032444,,0.18032470712578463,0.09050966799187808,0.14778700890132393,0.250099980007996
2026-04-23 07:44:35.300,3509414.6938,779154.7822,5250970.9083,,0.0129,0.0064,0.0105,0.01782189664429687,13,0.786000001244247,-0.3839999996125698,-0.3909999970346689,,0.18243903091169938,0.09050966799187808,0.14920120642943877,0.25246187831036987
2026-04-23 07:44:35.400,3509414.714,779154.7768,5250970.8975,,0.013,0.0064,0.0106,0.017953272682160206,13,0.2760000014677644,0.08799999952316284,-0.11300000362098217,,0.1831420213932346,0.09050966799187808,0.14991330828181998,0.25339100220805
2026-04-23 07:44:35.500,3509414.7214,779154.791,5250970.897,,0.013,0.0064,0.0107,0.018012495662733687,13,0.0559999980032444,0.19899999955669045,0.06500000134110451,,0.1845562244954095,0.09050966799187808,0.15061540425866138,0.25482935466700063
2026-04-23 07:44:35.600,3509414.7196,779154.7967,5250970.904,,0.0131,0.0064,0.0107,0.01808480024772184,13,0.11799999978393316,-0.4290000000037253,0.07500000298023224,,0.1845562244954095,0.09050966799187808,0.15132085117392113,0.2552469392568694
2026-04-23 07:44:35.700,3509414.7332,779154.7481,5250970.9045,,0.0131,0.0064,0.0107,0.01808480024772184,13,0.5150000005960464,-1.6419999999925494,-0.036000004038214684,,0.18526197667087546,0.09050966799187808,0.15202960238058902,0.2561776727195405
2026-04-23 07:44:35.800,3509414.7711,779154.6325,5250970.9004,,0.0131,0.0064,0.0108,0.018144145061148514,13,0.6089999992400408,-2.517999999690801,0.03399999812245369,,0.18526197667087546,0.09050966799187808,0.15202960238058902,0.2561776727195405
2026-04-23 07:44:35.900,3509414.7941,779154.4963,5250970.9079,,0.0131,0.0064,0.0108,0.018144145061148514,13,0.2710000006482005,-2.8200000000651926,0.3179999999701977,,0.18526197667087546,0.09050966799187808,0.15273506473629425,0.2565969602314104
2026-04-23 07:44:36.000,3509414.7982,779154.3505,5250970.9322,,0.0131,0.0064,0.0108,0.018144145061148514,13,-0.1140000019222498,-3.072999999858439,0.6460000015795231,,0.18526197667087546,0.09050966799187808,0.15273506473629425,0.2565969602314104
2026-04-23 07:44:36.100,3509414.7827,779154.189,5250970.9725,,0.0131,0.0064,0.0108,0.018144145061148514,13,-0.49500000197440386,-3.4579999989364296,0.8800000045448542,,0.18526197667087546,0.09050966799187808,0.15273506473629425,0.2565969602314104
2026-04-23 07:44:36.200,3509414.7487,779154.0047,5250971.0202,,0.0131,0.0064,0.0108,0.018144145061148514,13,-0.8000000007450581,-3.560999999754131,1.0659999959170818,,0.18526197667087546,0.09050966799187808,0.15273506473629425,0.2565969602314104
2026-04-23 07:44:36.300,3509414.7027,779153.8329,5250971.0791,,0.0131,0.0064,0.0108,0.018144145061148514,13,-1.0789999971166253,-3.2730000000447035,1.2330000009387732,,0.18526197667087546,0.09050966799187808,0.15273506473629425,0.2565969602314104
2026-04-23 07:44:36.400,3509414.6408,779153.6774,5250971.1435,,0.0131,0.0064,0.0108,0.018144145061148514,13,-1.3999999966472387,-2.691999999806285,1.2990000005811453,,0.18526197667087546,0.09050966799187808,0.15273506473629425,0.2565969602314104
2026-04-23 07:44:36.500,3509414.5627,779153.5637,5250971.209,,0.0131,0.0064,0.0108,0.018144145061148514,13,-0.06000000052154064,-2.377000000560656,2.2530000004917383,,0.18526197667087546,0.09050966799187808,0.15273506473629425,0.2565969602314104
2026-04-23 07:44:36.600,3509414.6348,779153.4397,5250971.3688,,0.0131,0.0064,0.0108,0.018144145061148514,13,0.16700000036507845,-1.481000001076609,1.8500000052154064,,0.18526197667087546,0.09050966799187808,0.15273506473629425,0.2565969602314104
2026-04-23 07:44:36.700,3509414.5794,779153.4156,5250971.394,,0.0131,0.0064,0.0108,0.018144145061148514,13,-0.8110000006854534,-0.11399999959394336,0.29899999499320984,,0.18526197667087546,0.09050966799187808,0.15273506473629425,0.2565969602314104
2026-04-23 07:44:36.800,3509414.5537,779153.4283,5250971.3987,,0.0131,0.0064,0.0108,0.018144145061148514,13,-0.5649999994784594,0.5160000000614673,-0.016999999061226845,,0.18526197667087546,0.09050966799187808,0.15273506473629425,0.2565969602314104
2026-04-23 07:44:36.900,3509414.5229,779153.4672,5250971.3923,,0.0131,0.0064,0.0108,0.018144145061148514,13,1.1329999985173345,0.34299999941140413,3.930000001564622,,0.3737124563083227,0.18445866745696712,0.44238557842678367,0.6077754519557367
2026-04-23 07:44:37.000,3509414.667,779153.4626,5250971.7917,,0.035,0.0173,0.0429,0.05800603416886902,13,0.8899999968707561,-0.621999999275431,4.447999997064471,,0.37464916922368846,0.1853968716025165,0.44238557842678367,0.6086370018327837
2026-04-23 07:44:37.100,3509414.6119,779153.405,5250971.8371,,0.0351,0.0174,0.0429,0.05809629936579438,13,-1.236000000499189,-1.8169999995734543,1.0410000011324883,,0.4956823579672773,0.24536707195546836,0.6066976182580578,0.8209677216553645
2026-04-23 07:44:37.200,3509414.5434,779153.2809,5250971.8958,,0.0351,0.0174,0.0429,0.05809629936579438,13,-1.1890000011771917,-2.8780000004917383,1.1299999989569187,,0.4963889603929564,0.24607315985291853,0.6066976182580578,0.8216057448679385
2026-04-23 07:44:37.300,3509414.493,779153.1172,5250971.9501,,0.0351,0.0174,0.0429,0.05809629936579438,13,-0.6789999967440963,-3.5129999998025596,0.882999999448657,,0.4970965700947855,0.24607315985291853,0.6074051366262883,0.8225557731850162
2026-04-23 07:44:37.400,3509414.4755,779152.9296,5250971.9841,,0.0352,0.0174,0.043,0.05823057616063918,13,-0.05399999674409628,-3.839000000152737,0.5169999971985817,,0.4970965700947855,0.24607315985291853,0.6074051366262883,0.8225557731850162
2026-04-23 07:44:37.500,3509414.4876,779152.7333,5250972.0018,,0.0352,0.0174,0.043,0.05823057616063918,13,0.5579999973997474,-3.841000000247732,0.21499999798834324,,0.4978031739553294,0.24536707195546836,0.6081118318204307,0.8232939936620453
2026-04-23 07:44:37.600,3509414.5313,779152.5455,5250972.0056,,0.0352,0.0173,0.043,0.058200773190740344,13,1.138999997638166,-3.4840000001713634,-0.17299999482929707,,0.4978031739553294,0.24536707195546836,0.6081118318204307,0.8232939936620453
2026-04-23 07:44:37.700,3509414.6015,779152.3849,5250971.9845,,0.0352,0.0173,0.043,0.058200773190740344,13,1.5230000019073486,-2.830000000540167,-0.47799999825656414,,0.4978031739553294,0.2446589462905454,0.6081118318204307,0.8230832278694541
2026-04-23 07:44:37.800,3509414.6836,779152.2625,5250971.9578,,0.0352,0.0173,0.043,0.058200773190740344,13,1.7050000000745058,-1.958999999333173,-0.6440000049769878,,0.4978031739553294,0.2446589462905454,0.6081118318204307,0.8230832278694541
2026-04-23 07:44:37.900,3509414.772,779152.189,5250971.9201,,0.0352,0.0173,0.043,0.058200773190740344,13,1.5400000009685755,-1.0179999994579703,-0.6909999996423721,,0.4978031739553294,0.2446589462905454,0.6081118318204307,0.8230832278694541
2026-04-23 07:44:38.000,3509414.8376,779152.1607,5250971.8887,,0.0352,0.0173,0.043,0.058200773190740344,13,1.0660000005736947,-0.1959999999962747,-0.5179999954998493,,0.4978031739553294,0.2446589462905454,0.6081118318204307,0.8230832278694541
2026-04-23 07:44:38.100,3509414.8786,779152.1694,5250971.8683,,0.0352,0.0173,0.043,0.058200773190740344,13,0.6019999971613288,0.2890000003390014,-0.2979999966919422,,0.4978031739553294,0.2446589462905454,0.6081118318204307,0.8230832278694541
2026-04-23 07:44:38.200,3509414.8978,779152.1896,5250971.8589,,0.0352,0.0173,0.043,0.058200773190740344,13,0.3750000009313226,0.06599999964237213,-0.0800000037997961,,0.4978031739553294,0.2446589462905454,0.6081118318204307,0.8230832278694541
2026-04-23 07:44:38.300,3509414.9161,779152.176,5250971.8603,,0.0352,0.0173,0.043,0.058200773190740344,13,0.4469999996945262,-1.0910000000149012,0.03599999472498894,,0.4978031739553294,0.2446589462905454,0.6081118318204307,0.8230832278694541
2026-04-23 07:44:38.400,3509414.9425,779152.0805,5250971.8625,,0.0352,0.0173,0.043,0.058200773190740344,13,0.6289999978616834,-2.29300000006333,0.052000004798173904,,0.4978031739553294,0.2446589462905454,0.6081118318204307,0.8230832278694541
2026-04-23 07:44:38.500,3509414.979,779151.9467,5250971.8655,,0.0352,0.0173,0.043,0.058200773190740344,13,0.39400000125169754,-2.55500000086613,0.1699999999254942,,0.4978031739553294,0.2446589462905454,0.6074051366262883,0.8225612439204754
2026-04-23 07:44:38.600,3509414.9819,779151.825,5250971.8795,,0.0352,0.0173,0.0429,0.058126930075482225,13,-0.09399999864399433,-2.568999999202788,0.4589999932795763,,0.4970965700947855,0.2446589462905454,0.6074051366262883,0.8221338090603012
2026-04-23 07:44:38.700,3509414.9696,779151.6898,5250971.9114,,0.0351,0.0173,0.0429,0.05806642747750201,13,-3.629000000655651,-2.2379999991972,-4.18499999679625,,0.3755862084794914,0.18445866745696712,0.4426307716370383,0.6091075438705384
2026-04-23 07:44:38.800,3509414.619,779151.6012,5250971.461,,0.0131,0.0064,0.0109,0.01820384574753368,13,-3.8529999973252416,-2.6480000000447035,-3.9239999931305647,,0.37464916922368846,0.18445866745696712,0.4426307716370383,0.608530196457004
2026-04-23 07:44:38.900,3509414.5843,779151.425,5250971.519,,0.0131,0.0064,0.0109,0.01820384574753368,13,-0.8820000011473894,-3.090000000083819,1.1330000031739473,,0.18526197667087546,0.09050966799187808,0.15414927829866734,0.2574412554350992
2026-04-23 07:44:39.000,3509414.5308,779151.2922,5250971.5743,,0.0131,0.0064,0.0109,0.01820384574753368,13,-1.0950000025331974,-2.244000000646338,1.0399999935179949,,0.18526197667087546,0.09050966799187808,0.15414927829866734,0.2574412554350992
2026-04-23 07:44:39.100,3509414.4748,779151.2006,5250971.623,,0.0131,0.0064,0.0109,0.01820384574753368,13,-1.1320000002160668,-1.3439999998081475,0.9369999915361404,,0.18526197667087546,0.09050966799187808,0.15414927829866734,0.2574412554350992
2026-04-23 07:44:39.200,3509414.4176,779151.1578,5250971.668,,0.0131,0.0064,0.0109,0.01820384574753368,13,-0.9070000005885959,-0.4869999992661178,0.684000002220273,,0.18526197667087546,0.09050966799187808,0.15414927829866734,0.2574412554350992
2026-04-23 07:44:39.300,3509414.3841,779151.1519,5250971.6914,,0.0131,0.0064,0.0109,0.01820384574753368,13,-0.5319999996572733,0.12799999909475446,0.3090000059455633,,0.18526197667087546,0.09050966799187808,0.15414927829866734,0.2574412554350992
2026-04-23 07:44:39.400,3509414.3644,779151.1706,5250971.6989,,0.0131,0.0064,0.0109,0.01820384574753368,13,-0.3750000009313226,0.5259999993722886,0.04900000058114529,,0.18526197667087546,0.09050966799187808,0.15414927829866734,0.2574412554350992
2026-04-23 07:44:39.500,3509414.3466,779151.2045,5250971.6963,,0.0131,0.0064,0.0109,0.01820384574753368,13,-0.2339999983087182,0.6620000000111759,-0.15200000256299973,,0.1881116689628796,0.09265527507918801,0.1555699199716963,0.26109959785491815
2026-04-23 07:44:39.600,3509414.341,779151.2368,5250971.6837,,0.0135,0.0067,0.0111,0.018717638739969313,13,-0.09199999738484621,0.6180000002495944,-0.15300000086426735,,0.18883061192507955,0.09338094023943001,0.1562849960808778,0.26230135340863187
2026-04-23 07:44:39.700,3509414.3374,779151.2663,5250971.681,,0.0136,0.0068,0.0112,0.0188849146145806,13,-0.17400000244379044,0.20200000028125942,0.06500000134110451,,0.19162724232217088,0.09546203433826454,0.15768639763784317,0.26589283555598103
2026-04-23 07:44:39.800,3509414.3236,779151.257,5250971.6902,,0.0136,0.0068,0.0112,0.0188849146145806,13,-0.3850000025704503,-0.8429999998770654,0.39499999955296516,,0.1930414463269481,0.09616652224137046,0.15839191898578664,0.26758363178640054
2026-04-23 07:44:39.900,3509414.2989,779151.182,5250971.7205,,0.0137,0.0068,0.0112,0.018957056733575495,13,-0.4449999984353781,-2.044999999925494,0.6080000009387732,,0.1930414463269481,0.09546203433826454,0.15910059710761612,0.2677517506945566
2026-04-23 07:44:40.000,3509414.2791,779151.0525,5250971.751,,0.0137,0.0067,0.0113,0.018980779752159813,13,0.026000002399086952,-2.795000000623986,0.49000000581145287,,0.19374725804511403,0.09546203433826454,0.15910059710761612,0.26826106687329787
2026-04-23 07:44:40.100,3509414.3015,779150.9025,5250971.7695,,0.0137,0.0067,0.0113,0.018980779752159813,13,0.5429999995976686,-2.6119999994989485,0.18000000156462193,,0.19374725804511403,0.09404786015641185,0.15980613254815973,0.26818090908936826
2026-04-23 07:44:40.200,3509414.3334,779150.7913,5250971.769,,0.0137,0.0066,0.0113,0.018945711915892734,13,0.6600000010803342,-2.46599999954924,0.028999997302889824,,0.19374725804511403,0.09404786015641185,0.1605147968257132,0.2686037974415105
2026-04-23 07:44:40.300,3509414.3675,779150.6559,5250971.7724,,0.0137,0.0066,0.0114,0.019005525512334566,13,0.8330000005662441,-3.1469999998807907,-0.003000004217028618,,0.19374725804511403,0.09333809511662426,0.1605147968257132,0.2683561066940717
2026-04-23 07:44:40.400,3509414.4167,779150.4766,5250971.7687,,0.0137,0.0066,0.0114,0.019005525512334566,13,0.9959999984130263,-3.2519999996293336,-0.1730000041425228,,0.1944556504707436,0.09263368717696602,0.16122034611053285,0.2690464643885885
2026-04-23 07:44:40.500,3509414.4671,779150.3307,5250971.7551,,0.0138,0.0065,0.0114,0.019043371550227128,13,1.1830000020563602,-2.1640000003390014,-0.4700000025331974,,0.19374725804511403,0.09263368717696602,0.16122034611053285,0.26853491393113116
2026-04-23 07:44:40.600,3509414.535,779150.2602,5250971.7217,,0.0137,0.0065,0.0114,0.018971030546599203,13,1.3109999988228083,-0.9690000000409782,-0.6599999964237213,,0.1944556504707436,0.09192388155425117,0.16122034611053285,0.26880290177005156
2026-04-23 07:44:40.700,3509414.5982,779150.2338,5250971.6891,,0.0137,0.0065,0.0114,0.018971030546599203,13,1.088999998755753,-0.2490000007674098,-0.5619999952614307,,0.19374725804511403,0.09192388155425117,0.16122034611053285,0.26829088691194863
2026-04-23 07:44:40.800,3509414.6439,779150.2353,5250971.6655,,0.0137,0.0065,0.0114,0.018971030546599203,13,0.5869999993592501,0.24600000004284084,-0.3500000014901161,,0.19374725804511403,0.09192388155425117,0.16122034611053285,0.26829088691194863
2026-04-23 07:44:40.900,3509414.6569,779150.2584,5250971.6541,,0.0137,0.0065,0.0114,0.018971030546599203,13,0.09699999820441008,0.5590000003576279,-0.11200000531971455,,0.19374725804511403,0.09192388155425117,0.1605147968257132,0.2678675045614902
2026-04-23 07:44:41.000,3509414.6536,779150.2912,5250971.6543,,0.0137,0.0065,0.0113,0.01891110784697713,13,-0.09499999694526196,0.6539999996311963,0.000999998301267624,,0.1930414463269481,0.09121951545584969,0.1605147968257132,0.26711607963580175
2026-04-23 07:44:41.100,3509414.6474,779150.3238,5250971.6542,,0.0136,0.0064,0.0113,0.018804520733057783,13,-0.19599999766796827,0.6220000004395843,0.054999999701976776,,0.1930414463269481,0.09121951545584969,0.15980613254815973,0.2666908322383804
2026-04-23 07:44:41.200,3509414.634,779150.3534,5250971.6598,,0.0136,0.0064,0.0113,0.018804520733057783,13,-0.21699999924749136,0.174000000115484,0.23099999874830246,,0.1923330444827409,0.09050966799187808,0.15980613254815973,0.2659360825461637
2026-04-23 07:44:41.300,3509414.6257,779150.3412,5250971.6773,,0.0136,0.0064,0.0113,0.018804520733057783,13,-0.005000000819563866,-0.8720000006724149,0.2370000071823597,,0.1923330444827409,0.09121951545584969,0.15980613254815973,0.266178511529387
2026-04-23 07:44:41.400,3509414.6335,779150.2662,5250971.6835,,0.0136,0.0065,0.0113,0.01883878977004627,13,0.19299999810755253,-1.9030000001657754,0.24200000800192356,,0.19162724232217088,0.09121951545584969,0.15910059710761612,0.2652451696072899
2026-04-23 07:44:41.500,3509414.645,779150.1509,5250971.7015,,0.0135,0.0065,0.0112,0.018706683297688022,13,-0.030999998562037945,-2.3549999995157123,0.41299999691545963,,0.19162724232217088,0.09192388155425117,0.15910059710761612,0.26548822949426587
2026-04-23 07:44:41.600,3509414.6304,779150.0307,5250971.7248,,0.0135,0.0065,0.0112,0.018706683297688022,13,-0.4490000009536743,-2.2299999999813735,0.5549999978393316,,0.1909188309203678,0.09121951545584969,0.15839191898578664,0.26430853183353725
2026-04-23 07:44:41.700,3509414.6001,779149.9279,5250971.757,,0.0135,0.0064,0.0112,0.018672171807264413,13,-0.7880000025033951,-2.321999999694526,0.8069999981671572,,0.1909188309203678,0.09121951545584969,0.15839191898578664,0.26430853183353725
2026-04-23 07:44:41.800,3509414.5516,779149.7985,5250971.8055,,0.0135,0.0064,0.0112,0.018672171807264413,13,-0.804999996908009,-3.092000000178814,0.9480000007897615,,0.19021303845951257,0.09050966799187808,0.15768639763784317,0.2631311460089816
2026-04-23 07:44:41.900,3509414.5196,779149.6187,5250971.8518,,0.0134,0.0064,0.0111,0.018539956850003723,13,-0.6410000007599592,-3.6210000002756715,0.9640000015497208,,0.19021303845951257,0.09050966799187808,0.15768639763784317,0.2631311460089816
2026-04-23 07:44:42.000,3509414.4875,779149.4364,5250971.9019,,0.0134,0.0064,0.0111,0.018539956850003723,13,-0.7850000029429793,-3.194000000366941,0.9839999955147505,,0.18950461735799473,0.09050966799187808,0.15697770542341355,0.26219458423087233
2026-04-23 07:44:42.100,3509414.4411,779149.2993,5250971.9502,,0.0134,0.0064,0.0111,0.018539956850003723,13,-0.9669999964535236,-2.2299999999813735,1.0149999987334013,,0.18950461735799473,0.09050966799187808,0.15697770542341355,0.26219458423087233
2026-04-23 07:44:42.200,3509414.3908,779149.2134,5250972.0034,,0.0134,0.0064,0.0111,0.018539956850003723,13,-0.8869999973103404,-1.197999999858439,0.7980000041425228,,0.18879883474216674,0.09050966799187808,0.15697770542341355,0.261684925053011
2026-04-23 07:44:42.300,3509414.3524,779149.1795,5250972.03,,0.0133,0.0064,0.0111,0.018467809832245944,13,-0.5380000034347177,-0.3029999998398125,0.39499999955296516,,0.18879883474216674,0.09050966799187808,0.15627219842313606,0.26126232028365665
2026-04-23 07:44:42.400,3509414.337,779149.1831,5250972.0429,,0.0133,0.0064,0.011,0.018407878747970934,13,-0.2290000021457672,0.33100000000558794,0.12399999424815178,,0.18809040379562164,0.09050966799187808,0.15627219842313606,0.2607508389248249
2026-04-23 07:44:42.500,3509414.3295,779149.2126,5250972.0424,,0.0133,0.0064,0.011,0.018407878747970934,13,-0.06899999920278788,0.7180000003427267,-0.11500000022351742,,0.18809040379562164,0.09050966799187808,0.15556349186104043,0.26032671779899963
2026-04-23 07:44:42.600,3509414.3301,779149.2549,5250972.0314,,0.0133,0.0064,0.011,0.018407878747970934,13,0.0570000009611249,0.886000000173226,-0.19100000150501728,,0.18809040379562164,0.09050966799187808,0.15556349186104043,0.26032671779899963
2026-04-23 07:44:42.700,3509414.3352,779149.3012,5250972.0233,,0.0133,0.0064,0.011,0.018407878747970934,13,-0.010999999940395355,0.7139999989885837,-0.18399999476969242,,0.18809040379562164,0.09050966799187808,0.15556349186104043,0.26032671779899963
2026-04-23 07:44:42.800,3509414.329,779149.3263,5250972.013,,0.0133,0.0064,0.011,0.018407878747970934,13,-0.3899999987334013,-0.04899999941699207,0.08500000461935997,,0.18809040379562164,0.09050966799187808,0.15556349186104043,0.26032671779899963
2026-04-23 07:44:42.900,3509414.2962,779149.2963,5250972.0318,,0.0133,0.0064,0.011,0.018407878747970934,13,-0.8059999998658895,-1.561999999685213,0.6999999936670065,,0.18738463117342358,0.09050966799187808,0.15556349186104043,0.2598172434616301
2026-04-23 07:44:43.000,3509414.2484,779149.1701,5250972.083,,0.0132,0.0064,0.011,0.018335757415498272,13,-1.0620000027120113,-3.2510000001639128,1.169999996200204,,0.18738463117342358,0.09050966799187808,0.15556349186104043,0.2598172434616301
2026-04-23 07:44:43.100,3509414.19,779148.9712,5250972.1488,,0.0132,0.0064,0.011,0.018335757415498272,13,-0.8360000001266599,-3.821000000461936,1.145999999716878,,0.18667619023324852,0.09050966799187808,0.15556349186104043,0.25930676813380704
2026-04-23 07:44:43.200,3509414.1648,779148.788,5250972.1976,,0.0132,0.0064,0.011,0.018335757415498272,13,-0.4179999977350235,-3.335000000661239,1.134000001475215,,0.18880942773071474,0.09050966799187808,0.15698407562552325,0.2616963889701193
2026-04-23 07:44:43.300,3509414.1482,779148.6377,5250972.2622,,0.0135,0.0064,0.0112,0.018672171807264413,13,0.07900000084191561,-2.6159999996889383,0.7030000071972609,,0.18952572384771413,0.09050966799187808,0.1584171707865028,0.26307413403829727
2026-04-23 07:44:43.400,3509414.1727,779148.5264,5250972.2679,,0.0136,0.0064,0.0114,0.018864782002451022,13,0.5119999963790178,-1.8180000002030283,0.004000002518296242,,0.19233824372703415,0.09050966799187808,0.1598123900077838,0.26594360304395365
2026-04-23 07:44:43.500,3509414.1994,779148.4559,5250972.2626,,0.0137,0.0064,0.0114,0.01893700081850344,13,0.46999999787658453,-1.472999999532476,0.06500000134110451,,0.1930414463269481,0.09050966799187808,0.16192899678562822,0.26772747337544567
2026-04-23 07:44:43.600,3509414.2197,779148.3791,5250972.2744,,0.0137,0.0064,0.0115,0.018997368238785076,13,0.7180000003427267,-1.8409999995492399,-0.23000000044703484,,0.19024457942343587,0.09050966799187808,0.1584171707865028,0.263592488512097
2026-04-23 07:44:43.700,3509414.2712,779148.2718,5250972.2396,,0.0132,0.0064,0.011,0.018335757415498272,13,0.7580000022426248,-1.665999999968335,-0.40200000628829,,0.19024457942343587,0.09050966799187808,0.1584487298781533,0.26361145650369594
2026-04-23 07:44:43.800,3509414.2955,779148.2125,5250972.2342,,0.0132,0.0064,0.0109,0.018275940468276866,13,0.5180000001564622,-0.7680000003892928,-0.20600000396370888,,0.18667619023324852,0.09050966799187808,0.15485799947048262,0.25888414397177745
2026-04-23 07:44:43.900,3509414.323,779148.195,5250972.219,,0.0132,0.0064,0.0109,0.018275940468276866,13,0.4339999984949827,-0.4229999997187406,-0.24000000208616257,,0.18667619023324852,0.09050966799187808,0.15414927829866734,0.2584608287536043
2026-04-23 07:44:44.000,3509414.3389,779148.1702,5250972.2102,,0.0132,0.0064,0.0109,0.018275940468276866,13,0.25900000240653753,-1.124999999301508,0.056000007316470146,,0.18667619023324852,0.09050966799187808,0.15414927829866734,0.2584608287536043
2026-04-23 07:44:44.100,3509414.3489,779148.0825,5250972.2246,,0.0132,0.0064,0.0109,0.018275940468276866,13,0.41399999987334013,-2.2040000010747463,0.17700000666081905,,0.18667619023324852,0.09050966799187808,0.15414927829866734,0.2584608287536043
2026-04-23 07:44:44.200,3509414.3803,779147.9498,5250972.2279,,0.0132,0.0064,0.0109,0.018275940468276866,13,0.5979999992996454,-2.0209999999497086,-0.15500000678002834,,0.18667619023324852,0.09050966799187808,0.15414927829866734,0.2584608287536043
2026-04-23 07:44:44.300,3509414.4087,779147.8804,5250972.2091,,0.0132,0.0064,0.0109,0.018275940468276866,13,0.7010000012814999,-1.0449999989941716,-0.4300000052899122,,0.18667619023324852,0.09050966799187808,0.15414927829866734,0.2584608287536043
2026-04-23 07:44:44.400,3509414.4504,779147.8453,5250972.1849,,0.0132,0.0064,0.0109,0.018275940468276866,13,0.849999999627471,-0.42200000025331974,-0.45399999246001244,,0.18667619023324852,0.09050966799187808,0.15414927829866734,0.2584608287536043
2026-04-23 07:44:44.500,3509414.4937,779147.8382,5250972.1637,,0.0132,0.0064,0.0109,0.018275940468276866,14,0.5970000009983778,0.059999999357387424,-0.3109999932348728,,0.18667619023324852,0.09050966799187808,0.15414927829866734,0.2584608287536043
2026-04-23 07:44:44.600,3509414.5101,779147.8513,5250972.1538,,0.0132,0.0064,0.0109,0.018275940468276866,14,0.16199999954551458,0.36100000026635826,-0.1140000019222498,,0.18667619023324852,0.09050966799187808,0.15414927829866734,0.2584608287536043
2026-04-23 07:44:44.700,3509414.5099,779147.8743,5250972.1523,,0.0132,0.0064,0.0109,0.018275940468276866,14,-0.1640000008046627,0.49100000062026083,0.053999992087483406,,0.18667619023324852,0.09050966799187808,0.15414927829866734,0.2584608287536043
2026-04-23 07:44:44.800,3509414.4937,779147.9004,5250972.1592,,0.0132,0.0064,0.0109,0.018275940468276866,14,-0.2980000013485551,0.4899999999906868,0.12899999506771564,,0.18597042775667316,0.08980534505250787,0.15414927829866734,0.2577052579983575
2026-04-23 07:44:44.900,3509414.4801,779147.9233,5250972.1652,,0.0131,0.0063,0.0109,0.01816892952267689,14,-0.29999999795109034,0.3599999996367842,0.1380000077188015,,0.18526737435393204,0.08980534505250787,0.15414927829866734,0.25719836702436505
2026-04-23 07:44:45.000,3509414.4637,779147.9364,5250972.173,,0.013,0.0063,0.0109,0.018096961070853856,14,-0.2119999984279275,-0.09000000078231096,0.16700000502169132,,0.1845562244954095,0.0883911760301898,0.15414927829866734,0.25619523805098326
2026-04-23 07:44:45.100,3509414.4589,779147.9143,5250972.1819,,0.013,0.0062,0.0109,0.018062391868188442,14,0.0059999991208314896,-0.9470000001601875,0.13799999840557575,,0.1831420213932346,0.0883911760301898,0.15414927829866734,0.2551783689892229
2026-04-23 07:44:45.200,3509414.4643,779147.8417,5250972.1868,,0.0129,0.0062,0.0109,0.017990553076545478,14,0.05799999926239252,-1.6009999997913837,0.22099999710917473,,0.18243903091169938,0.08768124086713189,0.15414927829866734,0.25442877195789
2026-04-23 07:44:45.300,3509414.4647,779147.7542,5250972.204,,0.0128,0.0062,0.0109,0.01791898434621784,14,-0.12300000060349703,-1.5469999995548278,0.3659999929368496,,0.18102486017119307,0.08768124086713189,0.15414927829866734,0.2534166529650331
2026-04-23 07:44:45.400,3509414.452,779147.687,5250972.2234,,0.0127,0.0062,0.0109,0.017847688926020646,14,-0.18999999854713678,-1.2219999998342246,0.3490000031888485,,0.18031361568112375,0.08697700845625812,0.15414927829866734,0.2526657871576601
2026-04-23 07:44:45.500,3509414.4457,779147.632,5250972.2389,,0.0127,0.0061,0.0109,0.017813197354770424,14,-0.18999999854713678,-1.6490000009071082,0.41900000534951687,,0.17889941307897014,0.08697700845625812,0.15414927829866734,0.25165849876370155
2026-04-23 07:44:45.600,3509414.433,779147.5221,5250972.2653,,0.0126,0.0061,0.0109,0.017742040468897595,14,-0.1640000008046627,-2.7469999995082617,0.4459999967366457,,0.17819652072922187,0.08626702730475881,0.15414927829866734,0.25091432800858543
2026-04-23 07:44:45.700,3509414.4293,779147.3573,5250972.2835,,0.0125,0.0061,0.0109,0.017671162949845717,14,0.04799999762326479,-3.0089999991469085,0.3270000033080578,,0.1767823520603796,0.08626702730475881,0.15344380078712855,0.2494774538911282
2026-04-23 07:44:45.800,3509414.4378,779147.2212,5250972.298,,0.0124,0.0061,0.0108,0.017538814099020493,14,0.030999998562037945,-2.3490000003948808,0.3870000038295984,,0.17607100840286,0.08626702730475881,0.15344380078712855,0.24897389421383115
2026-04-23 07:44:45.900,3509414.4324,779147.1224,5250972.3222,,0.0124,0.0061,0.0108,0.017538814099020493,14,-0.3489999985322356,-2.1680000005289912,0.596999991685152,,0.1746568063374571,0.08626702730475881,0.15273506473629425,0.24753787588973125
2026-04-23 07:44:46.000,3509414.4029,779147.0044,5250972.3577,,0.0123,0.0061,0.0108,0.017468256925062674,14,-0.6049999967217445,-2.8009999997448176,0.8389999996870756,,0.17395401691251625,0.08626702730475881,0.15273506473629425,0.24704250646396864
2026-04-23 07:44:46.100,3509414.3719,779146.8423,5250972.4061,,0.0122,0.0061,0.0108,0.01739798838946618,14,-0.7269999990239739,-2.9830000002402812,0.9900000039488077,,0.17324260445975753,0.08626702730475881,0.15202960238058902,0.2461056683621895
2026-04-23 07:44:46.200,3509414.3302,779146.7061,5250972.4567,,0.0122,0.0061,0.0107,0.017336089524457355,14,-0.8220000006258488,-2.138000000268221,0.880999993532896,,0.17395401691251625,0.08697700845625812,0.15202960238058902,0.24685623346393337
2026-04-23 07:44:46.300,3509414.2897,779146.6285,5250972.4942,,0.0124,0.0062,0.0107,0.017512566916360377,13,-0.8250000001862645,-1.0999999998603016,0.7629999984055758,,0.17538529014715004,0.08769264507357502,0.15132085117392113,0.24768528418135785
2026-04-23 07:44:46.400,3509414.2477,779146.5961,5250972.533,,0.0126,0.0063,0.0107,0.01769011023142592,13,-0.8000000007450581,-0.2870000002440065,0.6020000018179417,,0.17821335527956372,0.08910667763978186,0.15132085117392113,0.2501959232281773
2026-04-23 07:44:46.500,3509414.2097,779146.5998,5250972.5544,,0.0128,0.0064,0.0107,0.017868687696638495,13,-0.5910000018775463,0.3200000000651926,0.21900000050663948,,0.18032470712578463,0.08980534505250787,0.15132085117392113,0.2519523764523764
2026-04-23 07:44:46.600,3509414.1886,779146.6281,5250972.5549,,0.0129,0.0064,0.0107,0.0179404570733301,13,-0.2559999981895089,0.6709999998565763,-0.09599999524652958,,0.18243903091169938,0.09050966799187808,0.15132085117392113,0.25372031846109605
2026-04-23 07:44:46.700,3509414.1841,779146.6669,5250972.5448,,0.013,0.0064,0.0107,0.018012495662733687,13,-0.06200000178068876,0.8079999999608845,-0.2410000003874302,,0.1831420213932346,0.09050966799187808,0.15132085117392113,0.25422627716268825
2026-04-23 07:44:46.800,3509414.1824,779146.7089,5250972.5308,,0.013,0.0064,0.0107,0.018012495662733687,13,-0.1850000023841858,0.6940000003669411,-0.15500000678002834,,0.1845562244954095,0.09050966799187808,0.15202960238058902,0.25566775314849544
2026-04-23 07:44:46.900,3509414.1656,779146.7363,5250972.5293,,0.0131,0.0064,0.0108,0.018144145061148514,13,-0.617999997921288,0.005000000819563866,0.19299999810755253,,0.1845562244954095,0.09050966799187808,0.15202960238058902,0.25566775314849544
2026-04-23 07:44:47.000,3509414.1206,779146.7094,5250972.5501,,0.0131,0.0064,0.0108,0.018144145061148514,13,-1.0429999977350235,-1.3399999996181577,0.7410000078380108,,0.18526197667087546,0.09050966799187808,0.15273506473629425,0.2565969602314104
2026-04-23 07:44:47.100,3509414.0613,779146.6023,5250972.6034,,0.0131,0.0064,0.0108,0.018144145061148514,13,-1.2149999989196658,-2.3180000006686896,1.0950000025331974,,0.18526197667087546,0.09050966799187808,0.15273506473629425,0.2565969602314104
2026-04-23 07:44:47.200,3509413.9991,779146.4776,5250972.6596,,0.0131,0.0064,0.0108,0.018144145061148514,13,-0.7040000008419156,-2.364000000525266,0.8229999989271164,,0.18526197667087546,0.09050966799187808,0.15273506473629425,0.2565969602314104
2026-04-23 07:44:47.300,3509413.9909,779146.3659,5250972.6857,,0.0131,0.0064,0.0108,0.018144145061148514,13,0.1629999978467822,-1.8270000000484288,0.2630000002682209,,0.18526197667087546,0.09050966799187808,0.15344380078712855,0.2570194545165793
2026-04-23 07:44:47.400,3509414.0154,779146.2949,5250972.6859,,0.0131,0.0064,0.0109,0.01820384574753368,13,0.3619999997317791,-1.2949999992270023,0.04999999888241291,,0.18597042775667316,0.09050966799187808,0.15344380078712855,0.25753058070838886
2026-04-23 07:44:47.500,3509414.0271,779146.2364,5250972.6907,,0.0132,0.0064,0.0109,0.018275940468276866,13,0.17700000200420618,-1.4659999997820705,0.20999999716877937,,0.18597042775667316,0.09050966799187808,0.15414927829866734,0.2579515458375855
2026-04-23 07:44:47.600,3509414.0331,779146.1483,5250972.7069,,0.0132,0.0064,0.0109,0.018275940468276866,13,0.2930000005289912,-1.5190000005532056,0.14700000174343586,,0.18667619023324852,0.09050966799187808,0.15414927829866734,0.2584608287536043
2026-04-23 07:44:47.700,3509414.0564,779146.0845,5250972.7054,,0.0132,0.0064,0.0109,0.018275940468276866,13,0.40499999653548,-0.7949999999254942,-0.18099999986588955,,0.18667619023324852,0.09050966799187808,0.15414927829866734,0.2584608287536043
2026-04-23 07:44:47.800,3509414.0736,779146.0688,5250972.6888,,0.0132,0.0064,0.0109,0.018275940468276866,13,0.12399999890476465,-0.24600000004284084,-0.07500000298023224,,0.18597042775667316,0.09050966799187808,0.15414927829866734,0.2579515458375855
2026-04-23 07:44:47.900,3509414.0688,779146.0599,5250972.6979,,0.0131,0.0064,0.0109,0.01820384574753368,13,-0.22999999579042196,-0.7669999997597188,0.3640000056475401,,0.18597042775667316,0.09050966799187808,0.15414927829866734,0.2579515458375855
2026-04-23 07:44:48.000,3509414.0506,779145.9921,5250972.7252,,0.0131,0.0064,0.0109,0.01820384574753368,13,-0.3120000008493662,-2.0750000001862645,0.580000001937151,,0.18526197667087546,0.09050966799187808,0.15414927829866734,0.2574412554350992
2026-04-23 07:44:48.100,3509414.0376,779145.8524,5250972.7559,,0.0131,0.0064,0.0109,0.01820384574753368,13,-0.1430000038817525,-2.4570000008679926,0.4430000018328428,,0.18526197667087546,0.09050966799187808,0.15414927829866734,0.2574412554350992
2026-04-23 07:44:48.200,3509414.0363,779145.7464,5250972.7695,,0.0131,0.0064,0.0109,0.01820384574753368,13,0.013000001199543476,-1.9920000003185123,0.25799999944865704,,0.18526197667087546,0.09050966799187808,0.15414927829866734,0.2574412554350992
2026-04-23 07:44:48.300,3509414.0389,779145.6532,5250972.7817,,0.0131,0.0064,0.0109,0.01820384574753368,13,0.06400000303983688,-2.3839999991469085,0.35199999809265137,,0.18526197667087546,0.09050966799187808,0.15414927829866734,0.2574412554350992
2026-04-23 07:44:48.400,3509414.0427,779145.508,5250972.8047,,0.0131,0.0064,0.0109,0.01820384574753368,13,0.18300000112503767,-3.3589999994728714,0.4249999951571226,,0.18597042775667316,0.09050966799187808,0.15414927829866734,0.2579515458375855
2026-04-23 07:44:48.500,3509414.0572,779145.3173,5250972.8242,,0.0132,0.0064,0.0109,0.018275940468276866,13,0.46399999875575304,-3.1480000005103648,0.21900000050663948,,0.18597042775667316,0.09050966799187808,0.15414927829866734,0.2579515458375855
2026-04-23 07:44:48.600,3509414.0891,779145.1932,5250972.8266,,0.0132,0.0064,0.0109,0.018275940468276866,13,0.6589999981224537,-1.8680000002495944,-0.14499999582767487,,0.18667619023324852,0.09050966799187808,0.15414927829866734,0.2584608287536043
2026-04-23 07:44:48.700,3509414.1231,779145.1305,5250972.8097,,0.0132,0.0064,0.0109,0.018275940468276866,13,0.8199999993667006,-1.0360000003129244,-0.34400000236928463,,0.18597042775667316,0.09050966799187808,0.15414927829866734,0.2579515458375855
2026-04-23 07:44:48.800,3509414.1711,779145.0896,5250972.7922,,0.0131,0.0064,0.0109,0.01820384574753368,13,0.9840000001713634,-1.3150000001769513,-0.21200000308454037,,0.18597042775667316,0.09050966799187808,0.15414927829866734,0.2579515458375855
2026-04-23 07:44:48.900,3509414.2215,779144.999,5250972.7885,,0.0131,0.0064,0.0109,0.01820384574753368,14,0.9409999987110496,-2.198999999091029,-0.08700000122189522,,0.18526197667087546,0.09050966799187808,0.15414927829866734,0.2574412554350992
2026-04-23 07:44:49.000,3509414.2652,779144.8697,5250972.7835,,0.0131,0.0064,0.0109,0.01820384574753368,14,0.8749999990686774,-2.0919999992474914,-0.21199999377131462,,0.18526197667087546,0.09050966799187808,0.15414927829866734,0.2574412554350992
2026-04-23 07:44:49.100,3509414.309,779144.7898,5250972.7673,,0.0131,0.0064,0.0109,0.01820384574753368,14,0.7470000023022294,-0.8660000003874302,-0.34299999475479126,,0.18526197667087546,0.08980534505250787,0.15414927829866734,0.25719447894540814
2026-04-23 07:44:49.200,3509414.3399,779144.7831,5250972.7492,,0.0131,0.0063,0.0109,0.01816892952267689,14,0.5269999988377094,0.1679999998304993,-0.31100000254809856,,0.18526197667087546,0.08980534505250787,0.15414927829866734,0.25719447894540814
2026-04-23 07:44:49.300,3509414.3617,779144.8066,5250972.7362,,0.0131,0.0063,0.0109,0.01816892952267689,14,0.4469999996945262,0.060999999986961484,-0.17400000244379044,,0.1845562244954095,0.08909545442950498,0.15414927829866734,0.2564390765854533
2026-04-23 07:44:49.400,3509414.3846,779144.7892,5250972.7318,,0.013,0.0063,0.0109,0.018096961070853856,14,0.6410000007599592,-0.9400000004097819,-0.142000000923872,,0.18385320231097418,0.08909545442950498,0.15414927829866734,0.25593358513489395
2026-04-23 07:44:49.500,3509414.4258,779144.7126,5250972.722,,0.0129,0.0063,0.0109,0.018025260053602554,14,0.7649999996647239,-1.3060000003315508,-0.1979999989271164,,0.1831420213932346,0.0883911760301898,0.15414927829866734,0.2551783689892229
2026-04-23 07:44:49.600,3509414.4611,779144.6586,5250972.712,,0.0129,0.0062,0.0109,0.017990553076545478,14,0.6190000008791685,-0.5609999992884696,-0.26800000108778477,,0.1817278184538625,0.0883911760301898,0.15414927829866734,0.2541653005427767
2026-04-23 07:44:49.700,3509414.4877,779144.6565,5250972.6952,,0.0128,0.0062,0.0109,0.01791898434621784,14,0.48100000247359276,0.12300000060349703,-0.27999999932944775,,0.18102486017119307,0.08697700845625812,0.15414927829866734,0.253173853310329
2026-04-23 07:44:49.800,3509414.5092,779144.6709,5250972.684,,0.0127,0.0061,0.0109,0.017813197354770424,14,0.2689999993890524,0.2609999990090728,-0.13700000010430813,,0.17961069010501574,0.08697700845625812,0.15414927829866734,0.2521646287646227
2026-04-23 07:44:49.900,3509414.5146,779144.6826,5250972.6815,,0.0126,0.0061,0.0109,0.017742040468897595,14,-0.02199999988079071,0.23199999937787652,-0.024000005796551704,,0.17819652072922187,0.08626702730475881,0.15344380078712855,0.2504815362456882
2026-04-23 07:44:50.000,3509414.507,779144.6941,5250972.6816,,0.0125,0.0061,0.0108,0.017609656441850308,14,-0.20099999848753214,0.22400000016205013,0.06400000303983688,,0.1767823520603796,0.08626702730475881,0.15344380078712855,0.2494774538911282
2026-04-23 07:44:50.100,3509414.4945,779144.705,5250972.6879,,0.0124,0.0061,0.0108,0.017538814099020493,14,-0.23300000000745058,0.18700000015087426,0.18400000408291817,,0.17607100840286,0.08626702730475881,0.15273506473629425,0.24853772349484493
2026-04-23 07:44:50.200,3509414.4837,779144.7128,5250972.7,,0.0124,0.0061,0.0108,0.017538814099020493,14,-0.05200000014156103,-0.28999999980442226,0.12199999764561653,,0.1746568063374571,0.08626702730475881,0.15273506473629425,0.24753787588973125
2026-04-23 07:44:50.300,3509414.4893,779144.676,5250972.7001,,0.0123,0.0061,0.0108,0.017468256925062674,14,0.281999995931983,-1.075999999884516,-0.014000004157423973,,0.1746568063374571,0.08626702730475881,0.15273506473629425,0.24753787588973125
2026-04-23 07:44:50.400,3509414.5119,779144.6052,5250972.6986,,0.0123,0.0061,0.0108,0.017468256925062674,14,0.24000000208616257,-1.3209999992977828,0.07500000298023224,,0.17324260445975753,0.08626702730475881,0.15202960238058902,0.2461056683621895
2026-04-23 07:44:50.500,3509414.5133,779144.5439,5250972.7076,,0.0122,0.0061,0.0107,0.017336089524457355,14,-0.12799999676644802,-1.1239999998360872,0.23400000296533108,,0.17324260445975753,0.08626702730475881,0.15202960238058902,0.2461056683621895
2026-04-23 07:44:50.600,3509414.4991,779144.4928,5250972.722,,0.0122,0.0061,0.0107,0.017336089524457355,15,-0.14100000262260437,-1.5100000007078052,0.20899999886751175,,0.17182840277439582,0.08626702730475881,0.15132085117392113,0.24467325150085367
2026-04-23 07:44:50.700,3509414.4992,779144.3929,5250972.7285,,0.0121,0.0061,0.0107,0.017265862272125305,15,0.32399999909102917,-2.780999999959022,0.07899999618530273,,0.17112568480505785,0.08626702730475881,0.15061540425866138,0.24374371786776372
2026-04-23 07:44:50.800,3509414.5315,779144.2147,5250972.7299,,0.012,0.0061,0.0106,0.017133884556632218,15,0.594000001437962,-3.5190000000875443,0.0279999990016222,,0.17041420128616042,0.08626702730475881,0.15061540425866138,0.24324473272817235
2026-04-23 07:44:50.900,3509414.5586,779144.041,5250972.7313,,0.012,0.0061,0.0106,0.017133884556632218,15,0.501999999396503,-2.9780000005848706,0.03200000151991844,,0.17041420128616042,0.08697700845625812,0.14990663761154807,0.24305966345734947
2026-04-23 07:44:51.000,3509414.5817,779143.9169,5250972.7331,,0.0121,0.0062,0.0106,0.017239779580957525,14,0.11500000022351742,-2.219999999506399,0.22099999710917473,,0.17184004189943622,0.08697700845625812,0.14990663761154807,0.244061467667471
2026-04-23 07:44:51.100,3509414.5701,779143.819,5250972.7534,,0.0123,0.0062,0.0106,0.017380736463107654,14,1.0800000000745058,-2.5809999997727573,1.6800000052899122,,0.17182840277439582,0.08768124086713189,0.14920120642943877,0.2438729177256056
2026-04-23 07:44:51.200,3509414.6897,779143.6588,5250972.9011,,0.0122,0.0062,0.0105,0.01724905794529081,14,0.8869999973103404,-2.308000000193715,1.735000004991889,,0.17324260445975753,0.08768124086713189,0.14990663761154807,0.24530185486457293
2026-04-23 07:44:51.300,3509414.6588,779143.5882,5250972.9269,,0.0122,0.0062,0.0106,0.017310112651279887,14,-0.5459999991580844,-1.0329999995883554,0.41299999691545963,,0.17182840277439582,0.08768124086713189,0.14920120642943877,0.2438729177256056
2026-04-23 07:44:51.400,3509414.6351,779143.5555,5250972.9424,,0.0121,0.0062,0.0106,0.017239779580957525,14,-0.6499999994412065,-0.9340000001247972,0.48799999989569187,,0.17182840277439582,0.08768124086713189,0.14990663761154807,0.24430513707247337
2026-04-23 07:44:51.500,3509414.5938,779143.4948,5250972.9757,,0.0121,0.0062,0.0106,0.017239779580957525,14,-0.8369999984279275,-1.8189999996684492,0.7629999984055758,,0.17041420128616042,0.08697700845625812,0.14990663761154807,0.24305966345734947
2026-04-23 07:44:51.600,3509414.5514,779143.3736,5250973.0187,,0.012,0.0061,0.0106,0.017133884556632218,14,-0.8550000004470348,-2.3739999998360872,0.882999999448657,,0.1697115199389835,0.08697700845625812,0.15061540425866138,0.24300617276110498
2026-04-23 07:44:51.700,3509414.5083,779143.2574,5250973.064,,0.0119,0.0061,0.0107,0.017126295571430503,14,-0.8880000002682209,-1.8190000008326024,0.7870000042021275,,0.1682973558912914,0.08626702730475881,0.15061540425866138,0.24176641619546746
2026-04-23 07:44:51.800,3509414.4626,779143.1917,5250973.0974,,0.0118,0.0061,0.0107,0.017056963387426263,14,-1.0119999991729856,-1.0710000002291054,0.7469999976456165,,0.16688319268278634,0.08626702730475881,0.15132085117392113,0.24122603507913482
2026-04-23 07:44:51.900,3509414.4071,779143.1503,5250973.1387,,0.0117,0.0061,0.0107,0.016987936896515714,14,-0.9400000004097819,-0.501999999396503,0.6219999957829714,,0.16546903033498442,0.08626702730475881,0.15132085117392113,0.24024986992712397
2026-04-23 07:44:52.000,3509414.3686,779143.1415,5250973.1596,,0.0116,0.0061,0.0107,0.016919219840169936,14,-0.5070000002160668,0.06300000008195639,0.22099999710917473,,0.1647573974060042,0.08626702730475881,0.15132085117392113,0.23976029696344636
2026-04-23 07:44:52.100,3509414.3564,779143.1566,5250973.1608,,0.0116,0.0061,0.0107,0.016919219840169936,14,-0.09200000204145908,0.4050000000279397,-0.08200000040233135,,0.1633431969810803,0.08626702730475881,0.15132085117392113,0.23879070333662486
2026-04-23 07:44:52.200,3509414.3594,779143.182,5250973.1514,,0.0115,0.0061,0.0107,0.01685081600398034,14,0.07000000216066837,0.5150000005960464,-0.23099999874830246,,0.16264070831129576,0.08626702730475881,0.15061540425866138,0.2378634061809424
2026-04-23 07:44:52.300,3509414.3634,779143.2081,5250973.1377,,0.0114,0.0061,0.0106,0.016719150696132862,14,0.12399999890476465,0.5339999997522682,-0.23000000044703484,,0.16192899678562822,0.08626702730475881,0.15061540425866138,0.23737733674468586
2026-04-23 07:44:52.400,3509414.3718,779143.2354,5250973.1284,,0.0114,0.0061,0.0106,0.016719150696132862,14,0.17299999948590994,0.4259999992791563,-0.19399999640882015,,0.16122034611053285,0.08626702730475881,0.14990663761154807,0.2364444966583067
2026-04-23 07:44:52.500,3509414.3807,779143.2507,5250973.1183,,0.0114,0.0061,0.0106,0.016719150696132862,14,0.1560000004246831,0.261000000173226,-0.19999999552965164,,0.1605147968257132,0.08626702730475881,0.14990663761154807,0.23596398030207913
2026-04-23 07:44:52.600,3509414.3874,779143.2615,5250973.1084,,0.0113,0.0061,0.0106,0.016651126088045816,14,0.18699999898672104,0.18900000024586916,-0.19299999810755253,,0.1605147968257132,0.08626702730475881,0.14990663761154807,0.23596398030207913
2026-04-23 07:44:52.700,3509414.3994,779143.2696,5250973.099,,0.0113,0.0061,0.0106,0.016651126088045816,14,0.36499999929219484,0.24600000004284084,-0.24199999868869781,,0.15910059710761612,0.08626702730475881,0.14920120642943877,0.2345548976252681
2026-04-23 07:44:52.800,3509414.4239,779143.2861,5250973.0842,,0.0112,0.0061,0.0105,0.016519685227025363,14,0.7260000007227063,0.6079999997746199,-0.3980000037699938,,0.15910059710761612,0.08626702730475881,0.14920120642943877,0.2345548976252681
2026-04-23 07:44:52.900,3509414.472,779143.3304,5250973.0592,,0.0112,0.0061,0.0105,0.016519685227025363,14,1.1420000018551946,1.0509999992791563,-0.7630000077188015,,0.15768639763784317,0.08626702730475881,0.14849242404917498,0.23314587708128146
2026-04-23 07:44:53.000,3509414.5381,779143.3912,5250973.0079,,0.0111,0.0061,0.0105,0.0164520515438045,14,1.2569999974220991,1.2260000000242144,-1.0460000019520521,,0.15768639763784317,0.08626702730475881,0.14778700890132393,0.23269722817429517
2026-04-23 07:44:53.100,3509414.5977,779143.453,5250972.9546,,0.0111,0.0061,0.0104,0.01638841053915846,14,1.121999998576939,1.286000000545755,-0.9629999939352274,,0.15697770542341355,0.08626702730475881,0.14778700890132393,0.23221757039466243
2026-04-23 07:44:53.200,3509414.6503,779143.5198,5250972.9116,,0.0111,0.0061,0.0104,0.01638841053915846,14,0.8890000032261014,1.0640000004786998,-0.7129999995231628,,0.15627219842313606,0.08626702730475881,0.14707821048680186,0.23128986142933286
2026-04-23 07:44:53.300,3509414.6866,779143.5594,5250972.8833,,0.011,0.0061,0.0104,0.016320845566330195,14,0.4820000007748604,0.450999999884516,-0.3399999998509884,,0.15627219842313606,0.08626702730475881,0.14707821048680186,0.23128986142933286
2026-04-23 07:44:53.400,3509414.6985,779143.5649,5250972.8776,,0.011,0.0061,0.0104,0.016320845566330195,14,0.07499999832361937,0.07299999939277768,0.03700000233948231,,0.15556349186104043,0.08626702730475881,0.14707821048680186,0.23081161149300958
2026-04-23 07:44:53.500,3509414.6941,779143.5667,5250972.887,,0.011,0.0061,0.0104,0.016320845566330195,14,-0.04799999762326479,0.2989999996498227,0.071000000461936,,0.15556349186104043,0.08626702730475881,0.14707821048680186,0.23081161149300958
2026-04-23 07:44:53.600,3509414.6937,779143.5948,5250972.8847,,0.011,0.0061,0.0104,0.016320845566330195,14,0.10999999940395355,0.8260000008158386,-0.14100000262260437,,0.15485799947048262,0.08626702730475881,0.14637281168304447,0.2298869287280162
2026-04-23 07:44:53.700,3509414.7051,779143.6493,5250972.8729,,0.0109,0.0061,0.0103,0.01618981161101018,14,0.3609999967738986,1.130000000121072,-0.29500000178813934,,0.15485799947048262,0.08626702730475881,0.14637281168304447,0.2298869287280162
2026-04-23 07:44:53.800,3509414.7298,779143.7078,5250972.8552,,0.0109,0.0061,0.0103,0.01618981161101018,14,0.46600000001490116,1.2379999994300306,-0.3539999946951866,,0.15414927829866734,0.08626702730475881,0.1456639969244288,0.22895851152556002
2026-04-23 07:44:53.900,3509414.7517,779143.7731,5250972.8375,,0.0109,0.0061,0.0103,0.01618981161101018,14,0.348000000230968,1.2890000001061708,-0.3000000026077032,,0.15414927829866734,0.08626702730475881,0.1456639969244288,0.22895851152556002
2026-04-23 07:44:54.000,3509414.7646,779143.8367,5250972.8252,,0.0109,0.0061,0.0103,0.01618981161101018,14,0.18000000156462193,1.1939999996684492,-0.1880000066012144,,0.15414927829866734,0.08626702730475881,0.1456639969244288,0.22895851152556002
2026-04-23 07:44:54.100,3509414.7697,779143.8925,5250972.8187,,0.0109,0.0061,0.0103,0.01618981161101018,14,0.06100000347942114,1.1510000005364418,-0.12199999764561653,,0.15344380078712855,0.08626702730475881,0.1456639969244288,0.22848413511664217
2026-04-23 07:44:54.200,3509414.7707,779143.9518,5250972.813,,0.0108,0.0061,0.0103,0.016122654868228125,14,-0.032999999821186066,1.30500000086613,-0.14800000004470348,,0.15344380078712855,0.08626702730475881,0.1456639969244288,0.22848413511664217
2026-04-23 07:44:54.300,3509414.7664,779144.023,5250972.8039,,0.0108,0.0061,0.0103,0.016122654868228125,15,-0.06700000260025263,1.3850000000093132,-0.11599999852478504,,0.15273506473629425,0.08626702730475881,0.1456639969244288,0.2280087717610882
2026-04-23 07:44:54.400,3509414.764,779144.0903,5250972.8014,,0.0108,0.0061,0.0103,0.016122654868228125,15,-0.1560000004246831,1.2899999995715916,0.010999999940395355,,0.15273506473629425,0.08626702730475881,0.1456639969244288,0.2280087717610882
2026-04-23 07:44:54.500,3509414.7508,779144.152,5250972.805,,0.0108,0.0061,0.0103,0.016122654868228125,15,-0.34399999771267176,1.302000000141561,0.07699999958276749,,0.15273506473629425,0.08626702730475881,0.1456639969244288,0.2280087717610882
2026-04-23 07:44:54.600,3509414.7296,779144.2205,5250972.8091,,0.0108,0.0061,0.0103,0.016122654868228125,15,-0.5560000007972121,1.321000000461936,0.14100000262260437,,0.15273506473629425,0.08626702730475881,0.1456639969244288,0.2280087717610882
2026-04-23 07:44:54.700,3509414.6952,779144.2841,5250972.8191,,0.0108,0.0061,0.0103,0.016122654868228125,15,-0.7270000036805868,1.1989999993238598,0.26800000108778477,,0.15202960238058902,0.08556284240252893,0.1456639969244288,0.22727076362788065
2026-04-23 07:44:54.800,3509414.6569,779144.3404,5250972.8359,,0.0107,0.006,0.0103,0.016018114745499856,15,-0.8850000007078052,1.0259999998379499,0.5049999989569187,,0.15202960238058902,0.08556284240252893,0.1456639969244288,0.22727076362788065
2026-04-23 07:44:54.900,3509414.6067,779144.3867,5250972.8696,,0.0107,0.006,0.0103,0.016018114745499856,15,-0.9569999994710088,0.8010000002104789,0.5739999935030937,,0.15061540425866138,0.0848528137423857,0.1456639969244288,0.22605972662108567
2026-04-23 07:44:55.000,3509414.5612,779144.4205,5250972.8933,,0.0106,0.006,0.0103,0.015951488958714795,15,-0.8909999998286366,0.5869999993592501,0.494999997317791,,0.15061540425866138,0.0848528137423857,0.1456639969244288,0.22605972662108567
2026-04-23 07:44:55.100,3509414.5176,779144.4454,5250972.9191,,0.0106,0.006,0.0103,0.015951488958714795,15,-0.8419999992474914,0.537999999942258,0.5209999997168779,,0.14990663761154807,0.0841486779456457,0.1456639969244288,0.22532421086070623
2026-04-23 07:44:55.200,3509414.477,779144.4743,5250972.9454,,0.0106,0.0059,0.0103,0.015914144651849815,15,-0.7340000011026859,0.7370000006631017,0.4490000009536743,,0.14920120642943877,0.0841486779456457,0.1456639969244288,0.22485550916088315
2026-04-23 07:44:55.300,3509414.4442,779144.5191,5250972.964,,0.0105,0.0059,0.0103,0.015847712768724702,15,-0.6209999974817038,0.9589999995660037,0.3050000034272671,,0.14920120642943877,0.08343860018001259,0.1456639969244288,0.2245907389007837
2026-04-23 07:44:55.400,3509414.4149,779144.5702,5250972.9759,,0.0105,0.0059,0.0103,0.015847712768724702,15,-0.6709999963641167,1.0509999992791563,0.27999999932944775,,0.14849242404917498,0.08343860018001259,0.1456639969244288,0.22412050330123748
2026-04-23 07:44:55.500,3509414.3771,779144.6242,5250972.992,,0.0105,0.0059,0.0103,0.015847712768724702,15,-0.819000001065433,1.0690000001341105,0.32600000500679016,,0.14778700890132393,0.08343860018001259,0.1449586147836685,0.223194982022446
2026-04-23 07:44:55.600,3509414.333,779144.6771,5250973.0085,,0.0104,0.0059,0.0102,0.015716551784663198,15,-0.8360000001266599,1.0310000006575137,0.28300000354647636,,0.14778700890132393,0.08343860018001259,0.1449586147836685,0.223194982022446
2026-04-23 07:44:55.700,3509414.2935,779144.7273,5250973.0203,,0.0104,0.0059,0.0102,0.015716551784663198,15,-0.7260000007227063,1.0310000006575137,0.20299999974668026,,0.14707821048680186,0.08343860018001259,0.14424978336205568,0.22226560687609764
2026-04-23 07:44:55.800,3509414.2604,779144.7802,5250973.0288,,0.0104,0.0059,0.0102,0.015716551784663198,15,-0.5780000006780028,1.1399999994318932,0.11099999770522118,,0.14637281168304447,0.08343860018001259,0.14424978336205568,0.221799458971387
2026-04-23 07:44:55.900,3509414.2357,779144.8413,5250973.0314,,0.0103,0.0059,0.0102,0.015650559095444484,15,-0.5200000014156103,1.2410000001545995,0.0069999974220991135,,0.14637281168304447,0.08343860018001259,0.14424978336205568,0.221799458971387
2026-04-23 07:44:56.000,3509414.2084,779144.9043,5250973.0295,,0.0103,0.0059,0.0102,0.015650559095444484,15,-0.4909999994561076,1.2270000006537884,-0.05400000140070915,,0.1456639969244288,0.08343860018001259,0.14424978336205568,0.22133232931499183
2026-04-23 07:44:56.100,3509414.1866,779144.964,5250973.026,,0.0103,0.0059,0.0102,0.015650559095444484,15,-0.30999999959021807,1.2289999995846301,-0.09399999864399433,,0.1456639969244288,0.08343860018001259,0.14354441821262157,0.220873266829646
2026-04-23 07:44:56.200,3509414.1774,779145.0272,5250973.0201,,0.0103,0.0059,0.0101,0.015585570249432646,15,-0.17200000118464231,1.3269999995827675,-0.1549999974668026,,0.1456639969244288,0.08343860018001259,0.14354441821262157,0.220873266829646
2026-04-23 07:44:56.300,3509414.1694,779145.0967,5250973.0105,,0.0103,0.0059,0.0101,0.015585570249432646,15,-0.22499999962747097,1.3280000002123415,-0.23099999874830246,,0.1456639969244288,0.08343860018001259,0.1428355697996826,0.2204132482406627
2026-04-23 07:44:56.400,3509414.1549,779145.16,5250972.997,,0.0103,0.0059,0.0101,0.015585570249432646,15,-0.15199999790638685,1.2260000000242144,-0.24199999868869781,,0.1449586147836685,0.08343860018001259,0.1428355697996826,0.21994772106116486
2026-04-23 07:44:56.500,3509414.1542,779145.2193,5250972.9863,,0.0102,0.0059,0.0101,0.015519664944836921,15,0.0139999995008111,1.1739999998826534,-0.28200000524520874,,0.1449586147836685,0.08343860018001259,0.1428355697996826,0.21994772106116486
2026-04-23 07:44:56.600,3509414.1563,779145.2774,5250972.9688,,0.0102,0.0059,0.0101,0.015519664944836921,15,0.0979999965056777,1.2390000000596046,-0.35400000400841236,,0.14424978336205568,0.08343860018001259,0.1428355697996826,0.21948120648474664
2026-04-23 07:44:56.700,3509414.164,779145.3432,5250972.9509,,0.0102,0.0059,0.0101,0.015519664944836921,15,0.12500000186264515,1.232000000309199,-0.4249999951571226,,0.14424978336205568,0.08343860018001259,0.1428355697996826,0.21948120648474664
2026-04-23 07:44:56.800,3509414.1688,779145.4006,5250972.9263,,0.0102,0.0059,0.0101,0.015519664944836921,15,0.17299999948590994,1.1399999994318932,-0.4459999967366457,,0.14424978336205568,0.08343860018001259,0.1428355697996826,0.21948120648474664
2026-04-23 07:44:56.900,3509414.1813,779145.4572,5250972.9063,,0.0102,0.0059,0.0101,0.015519664944836921,15,0.2639999985694885,1.1499999999068677,-0.4080000054091215,,0.14424978336205568,0.08343860018001259,0.1428355697996826,0.21948120648474664
2026-04-23 07:44:57.000,3509414.1952,779145.5156,5250972.8855,,0.0102,0.0059,0.0101,0.015519664944836921,15,0.33900000154972076,1.1580000002868474,-0.5140000022947788,,0.14424978336205568,0.08343860018001259,0.14213022197970424,0.2190228298602682
2026-04-23 07:44:57.100,3509414.2152,779145.573,5250972.8549,,0.0102,0.0059,0.01,0.01545477272560163,15,0.4430000018328428,1.1199999996460974,-0.565999997779727,,0.14354441821262157,0.08343860018001259,0.14213022197970424,0.21855891654197043
2026-04-23 07:44:57.200,3509414.2395,779145.6276,5250972.8289,,0.0101,0.0059,0.01,0.015388957079672423,15,0.6350000016391277,1.0160000005271286,-0.5899999942630529,,0.14354441821262157,0.08343860018001259,0.1414213562373095,0.21809860155443456
2026-04-23 07:44:57.300,3509414.2787,779145.6746,5250972.7959,,0.0101,0.0059,0.01,0.015388957079672423,15,0.9309999970719218,0.8600000001024455,-0.8040000032633543,,0.1428355697996826,0.08343860018001259,0.1414213562373095,0.21763271812850196
2026-04-23 07:44:57.400,3509414.3326,779145.7136,5250972.7485,,0.0101,0.0059,0.01,0.015388957079672423,15,1.0609999997541308,0.7239999994635582,-0.8510000072419643,,0.1428355697996826,0.08343860018001259,0.1414213562373095,0.21763271812850196
2026-04-23 07:44:57.500,3509414.3848,779145.747,5250972.7108,,0.0101,0.0059,0.01,0.015388957079672423,15,1.1239999998360872,0.6589999992866069,-0.7720000017434359,,0.1428355697996826,0.08343860018001259,0.1414213562373095,0.21763271812850196
2026-04-23 07:44:57.600,3509414.445,779145.7795,5250972.6713,,0.0101,0.0059,0.01,0.015388957079672423,15,1.1779999965801835,0.6200000003445894,-0.8129999972879887,,0.1428355697996826,0.08343860018001259,0.1414213562373095,0.21763271812850196
2026-04-23 07:44:57.700,3509414.5026,779145.809,5250972.6295,,0.0101,0.0059,0.01,0.015388957079672423,15,1.0340000037103891,0.6590000004507601,-0.752999996766448,,0.1428355697996826,0.08343860018001259,0.1414213562373095,0.21763271812850196
2026-04-23 07:44:57.800,3509414.5484,779145.8454,5250972.596,,0.0101,0.0059,0.01,0.015388957079672423,15,0.9260000009089708,0.7200000004377216,-0.6300000008195639,,0.1428355697996826,0.08343860018001259,0.1414213562373095,0.21763271812850196
2026-04-23 07:44:57.900,3509414.5952,779145.881,5250972.5665,,0.0101,0.0059,0.01,0.015388957079672423,15,0.8259999984875321,0.7519999996293336,-0.5449999962002039,,0.1428355697996826,0.08343860018001259,0.1414213562373095,0.21763271812850196
2026-04-23 07:44:58.000,3509414.631,779145.9206,5250972.5415,,0.0101,0.0059,0.01,0.015388957079672423,15,0.7099999999627471,0.8419999992474914,-0.45599999837577343,,0.1428355697996826,0.08343860018001259,0.1414213562373095,0.21763271812850196
2026-04-23 07:44:58.100,3509414.6662,779145.9652,5250972.5209,,0.0101,0.0059,0.01,0.015388957079672423,15,0.7010000012814999,0.9669999999459833,-0.49000000581145287,,0.1428355697996826,0.08343860018001259,0.1414213562373095,0.21763271812850196
2026-04-23 07:44:58.200,3509414.7011,779146.0173,5250972.4925,,0.0101,0.0059,0.01,0.015388957079672423,15,0.632000002078712,1.0810000007040799,-0.53999999538064,,0.1428355697996826,0.08343860018001259,0.1414213562373095,0.21763271812850196
2026-04-23 07:44:58.300,3509414.7294,779146.0733,5250972.4669,,0.0101,0.0059,0.01,0.015388957079672423,15,0.5339999962598085,1.1350000009406358,-0.4820000007748604,,0.1428355697996826,0.08343860018001259,0.1414213562373095,0.21763271812850196
2026-04-23 07:44:58.400,3509414.7545,779146.1308,5250972.4443,,0.0101,0.0059,0.01,0.015388957079672423,15,0.44299999717622995,1.1410000000614673,-0.43800000101327896,,0.1428355697996826,0.08343860018001259,0.1414213562373095,0.21763271812850196
2026-04-23 07:44:58.500,3509414.7737,779146.1874,5250972.4231,,0.0101,0.0059,0.01,0.015388957079672423,15,0.34600000362843275,1.21199999935925,-0.3969999961555004,,0.1428355697996826,0.08343860018001259,0.1414213562373095,0.21763271812850196
2026-04-23 07:44:58.600,3509414.7891,779146.252,5250972.4046,,0.0101,0.0059,0.01,0.015388957079672423,15,0.29600000008940697,1.2589999998454005,-0.3610000014305115,,0.1428355697996826,0.08343860018001259,0.1414213562373095,0.21763271812850196
2026-04-23 07:44:58.700,3509414.8033,779146.3133,5250972.387,,0.0101,0.0059,0.01,0.015388957079672423,15,0.24899999611079693,1.2060000002384186,-0.27300000190734863,,0.14213022197970424,0.08343860018001259,0.1414213562373095,0.2171704399774518
2026-04-23 07:44:58.800,3509414.814,779146.3726,5250972.3773,,0.01,0.0059,0.01,0.015323511346946561,15,0.10200000368058681,1.2390000000596046,-0.1290000043809414,,0.14213022197970424,0.08343860018001259,0.1414213562373095,0.2171704399774518
2026-04-23 07:44:58.900,3509414.8135,779146.4372,5250972.3741,,0.01,0.0059,0.01,0.015323511346946561,15,-0.0059999991208314896,1.3780000002589077,-0.1140000019222498,,0.1414213562373095,0.08343860018001259,0.1414213562373095,0.21670717570029838
2026-04-23 07:44:59.000,3509414.8134,779146.5104,5250972.3659,,0.01,0.0059,0.01,0.015323511346946561,15,-0.015000002458691597,1.4629999990575016,-0.1679999940097332,,0.1414213562373095,0.08343860018001259,0.1414213562373095,0.21670717570029838
2026-04-23 07:44:59.100,3509414.812,779146.5835,5250972.3573,,0.01,0.0059,0.01,0.015323511346946561,15,-0.046999999321997166,1.3919999997597188,-0.14800000004470348,,0.1414213562373095,0.08343860018001259,0.1414213562373095,0.21670717570029838
2026-04-23 07:44:59.200,3509414.8087,779146.6496,5250972.3511,,0.01,0.0059,0.01,0.015323511346946561,15,-0.10999999940395355,1.337000000057742,-0.07300000637769699,,0.1414213562373095,0.08343860018001259,0.1414213562373095,0.21670717570029838
2026-04-23 07:44:59.300,3509414.801,779146.7172,5250972.35,,0.01,0.0059,0.01,0.015323511346946561,15,-0.2779999980702996,1.3060000003315508,0.036000004038214684,,0.1414213562373095,0.08343860018001259,0.1414213562373095,0.21670717570029838
2026-04-23 07:44:59.400,3509414.7809,779146.7802,5250972.3547,,0.01,0.0059,0.01,0.015323511346946561,15,-0.5219999980181456,1.270000000949949,0.14900000765919685,,0.1414213562373095,0.08343860018001259,0.1414213562373095,0.21670717570029838
2026-04-23 07:44:59.500,3509414.7488,779146.8442,5250972.3649,,0.01,0.0059,0.01,0.015323511346946561,15,-0.6630000006407499,1.2410000001545995,0.24899999611079693,,0.1414213562373095,0.08343860018001259,0.1414213562373095,0.21670717570029838
2026-04-23 07:44:59.600,3509414.7146,779146.9043,5250972.3796,,0.01,0.0059,0.01,0.015323511346946561,15,-0.7490000035613775,1.1699999996926636,0.3259999956935644,,0.1414213562373095,0.08343860018001259,0.1414213562373095,0.21670717570029838
2026-04-23 07:44:59.700,3509414.6739,779146.9612,5250972.3975,,0.01,0.0059,0.01,0.015323511346946561,15,-0.9349999995902181,1.0879999992903322,0.41900000534951687,,0.1414213562373095,0.08343860018001259,0.1414213562373095,0.21670717570029838
2026-04-23 07:44:59.800,3509414.6211,779147.0131,5250972.4215,,0.01,0.0059,0.01,0.015323511346946561,15,-0.9429999999701977,0.9990000003017485,0.4690000042319298,,0.1414213562373095,0.08343860018001259,0.1414213562373095,0.21670717570029838
2026-04-23 07:44:59.900,3509414.5796,779147.0611,5250972.4444,,0.01,0.0059,0.01,0.015323511346946561,15,-0.8600000012665987,0.9189999999944121,0.4459999967366457,,0.1414213562373095,0.08343860018001259,0.1414213562373095,0.21670717570029838
2026-04-23 07:45:00.000,3509414.5351,779147.105,5250972.4661,,0.01,0.0059,0.01,0.015323511346946561,15,-0.830999999307096,0.933999998960644,0.39499999955296516,,0.1414213562373095,0.08343860018001259,0.1414213562373095,0.21670717570029838
2026-04-23 07:45:00.100,3509414.4965,779147.1545,5250972.4839,,0.01,0.0059,0.01,0.015323511346946561,15,-0.7180000003427267,1.0609999997541308,0.2900000009685755,,0.1414213562373095,0.08343860018001259,0.1414213562373095,0.21670717570029838
2026-04-23 07:45:00.200,3509414.4633,779147.2111,5250972.4951,,0.01,0.0059,0.01,0.015323511346946561,15,-0.6269999966025352,1.1080000002402812,0.2019999921321869,,0.1414213562373095,0.08343860018001259,0.1414213562373095,0.21670717570029838
2026-04-23 07:45:00.300,3509414.4338,779147.2653,5250972.5041,,0.01,0.0059,0.01,0.015323511346946561,15,-0.5200000014156103,1.1190000001806766,0.1450000051409006,,0.1414213562373095,0.08343860018001259,0.1414213562373095,0.21670717570029838
2026-04-23 07:45:00.400,3509414.4113,779147.323,5250972.5096,,0.01,0.0059,0.01,0.015323511346946561,15,-0.3510000044479966,1.1950000002980232,-0.011999998241662979,,0.1414213562373095,0.08343860018001259,0.1414213562373095,0.21670717570029838
2026-04-23 07:45:00.500,3509414.3987,779147.3848,5250972.5029,,0.01,0.0059,0.01,0.015323511346946561,15,-0.2689999993890524,1.3120000006165355,-0.1230000052601099,,0.1414213562373095,0.08343860018001259,0.1414213562373095,0.21670717570029838
2026-04-23 07:45:00.600,3509414.3844,779147.4542,5250972.4973,,0.01,0.0059,0.01,0.015323511346946561,15,-0.19299999810755253,1.354000000283122,-0.16699999570846558,,0.1414213562373095,0.08343860018001259,0.1414213562373095,0.21670717570029838
2026-04-23 07:45:00.700,3509414.3794,779147.5202,5250972.4862,,0.01,0.0059,0.01,0.015323511346946561,15,-0.07299999706447124,1.2349999998696148,-0.24699999950826168,,0.1414213562373095,0.08343860018001259,0.1414213562373095,0.21670717570029838
2026-04-23 07:45:00.800,3509414.3771,779147.5777,5250972.4726,,0.01,0.0059,0.01,0.015323511346946561,15,-0.060999998822808266,1.2079999991692603,-0.26100000366568565,,0.1414213562373095,0.08343860018001259,0.1414213562373095,0.21670717570029838
2026-04-23 07:45:00.900,3509414.3733,779147.641,5250972.4601,,0.01,0.0059,0.01,0.015323511346946561,15,-0.02400000113993883,1.3319999992381781,-0.31399999745190144,,0.1414213562373095,0.08343860018001259,0.1414213562373095,0.21670717570029838
2026-04-23 07:45:01.000,3509414.3747,779147.7109,5250972.4412,,0.01,0.0059,0.01,0.015323511346946561,15,0.12799999676644802,1.354000000283122,-0.37200000137090683,,0.14355835050598764,0.0848645980371085,0.1414213562373095,0.21865726605809377
2026-04-23 07:45:01.100,3509414.3861,779147.7764,5250972.4229,,0.0103,0.0061,0.01,0.015598076804529461,15,0.15800000168383121,1.217000000178814,-0.30799999833106995,,0.14427751037497147,0.08558621384311844,0.14213022197970424,0.2198681423035179
2026-04-23 07:45:01.200,3509414.3905,779147.8326,5250972.4104,,0.0104,0.0062,0.0101,0.015767371372552876,15,0.2270000008866191,1.1600000003818423,-0.39799999445676804,,0.14708500943332056,0.08697700845625812,0.14213022197970424,0.22226110770892868
2026-04-23 07:45:01.300,3509414.4088,779147.8924,5250972.3831,,0.0105,0.0062,0.0101,0.015833508770957877,15,0.34399999771267176,1.1030000005848706,-0.5209999997168779,,0.14849915824677254,0.08768124086713189,0.14354441821262157,0.22437691503361032
2026-04-23 07:45:01.400,3509414.4249,779147.9429,5250972.3583,,0.0106,0.0062,0.0102,0.0159637088422459,15,0.41600000113248825,1.0549999994691461,-0.5190000031143427,,0.14920120642943877,0.08768124086713189,0.14354441821262157,0.22484216686378025
2026-04-23 07:45:01.500,3509414.4504,779147.9979,5250972.3312,,0.0106,0.0062,0.0102,0.0159637088422459,15,0.5640000011771917,1.0989999992307276,-0.601000003516674,,0.14990663761154807,0.08768124086713189,0.1449586147836685,0.2262144999773445
2026-04-23 07:45:01.600,3509414.4813,779148.0528,5250972.2982,,0.0106,0.0062,0.0103,0.016027788368954715,15,0.6430000020191073,1.0480000008828938,-0.6609999947249889,,0.14990663761154807,0.08768124086713189,0.1449586147836685,0.2262144999773445
2026-04-23 07:45:01.700,3509414.5147,779148.1027,5250972.2651,,0.0106,0.0062,0.0103,0.016027788368954715,15,0.7679999992251396,0.8810000005178154,-0.7149999961256981,,0.14990663761154807,0.08697700845625812,0.1456639969244288,0.22639567133671085
2026-04-23 07:45:01.800,3509414.5581,779148.1409,5250972.2267,,0.0106,0.0061,0.0103,0.01598937146982332,15,1.0129999974742532,0.6889999995473772,-0.8010000083595514,,0.14990663761154807,0.08697700845625812,0.1456639969244288,0.22639567133671085
2026-04-23 07:45:01.900,3509414.616,779148.1716,5250972.185,,0.0106,0.0061,0.0103,0.01598937146982332,15,1.1640000017359853,0.4980000003706664,-0.7990000024437904,,0.14990663761154807,0.08626702730475881,0.1456639969244288,0.2261238598644557
2026-04-23 07:45:02.000,3509414.6745,779148.1907,5250972.1468,,0.0106,0.0061,0.0103,0.01598937146982332,15,1.1400000005960464,0.38300000014714897,-0.7759999949485064,,0.14920120642943877,0.08556284240252893,0.1456639969244288,0.22538855339169292
2026-04-23 07:45:02.100,3509414.73,779148.2099,5250972.1074,,0.0105,0.006,0.0103,0.015885213250063722,15,1.0779999988153577,0.4629999992903322,-0.781000005081296,,0.14920120642943877,0.08556284240252893,0.1456639969244288,0.22538855339169292
2026-04-23 07:45:02.200,3509414.7823,779148.237,5250972.0687,,0.0105,0.006,0.0103,0.015885213250063722,15,0.9810000006109476,0.5599999998230487,-0.7010000012814999,,0.14849242404917498,0.0848528137423857,0.1456639969244288,0.22465084019428905
2026-04-23 07:45:02.300,3509414.8281,779148.2659,5250972.0373,,0.0105,0.006,0.0103,0.015885213250063722,15,0.8850000007078052,0.6339999998454005,-0.5949999950826168,,0.14778700890132393,0.0848528137423857,0.1456639969244288,0.2241851913039753
2026-04-23 07:45:02.400,3509414.8708,779148.3004,5250972.0092,,0.0104,0.006,0.0103,0.015819292019556376,15,0.8339999988675117,0.7880000001750886,-0.5970000009983778,,0.14778700890132393,0.0848528137423857,0.1456639969244288,0.2241851913039753
2026-04-23 07:45:02.500,3509414.9115,779148.3447,5250971.9776,,0.0104,0.006,0.0103,0.015819292019556376,15,0.7579999975860119,0.9030000003986061,-0.5549999978393316,,0.14707821048680186,0.0848528137423857,0.1456639969244288,0.22371857321197092
2026-04-23 07:45:02.600,3509414.9466,779148.3907,5250971.9537,,0.0104,0.006,0.0103,0.015819292019556376,15,0.6990000000223517,1.0120000003371388,-0.43700000271201134,,0.14707821048680186,0.0848528137423857,0.1456639969244288,0.22371857321197092
2026-04-23 07:45:02.700,3509414.9814,779148.4459,5250971.9339,,0.0104,0.006,0.0103,0.015819292019556376,15,0.6260000029578805,1.1970000003930181,-0.4420000035315752,,0.14637281168304447,0.0848528137423857,0.1456639969244288,0.22325545905979544
2026-04-23 07:45:02.800,3509415.0092,779148.5104,5250971.9095,,0.0103,0.006,0.0103,0.015753729717117786,15,0.5319999996572733,1.335999999428168,-0.47899999655783176,,0.14637281168304447,0.0848528137423857,0.1449586147836685,0.22279587069782059
2026-04-23 07:45:02.900,3509415.0346,779148.5795,5250971.886,,0.0103,0.006,0.0102,0.015688530842625132,15,0.47199999913573265,1.3610000000335276,-0.43700000271201134,,0.1456639969244288,0.0848528137423857,0.1449586147836685,0.22233083456866706
2026-04-23 07:45:03.000,3509415.0564,779148.6465,5250971.8658,,0.0103,0.006,0.0102,0.015688530842625132,15,0.3930000029504299,1.3280000002123415,-0.3710000030696392,,0.1456639969244288,0.0848528137423857,0.14424978336205568,0.22186933091349062
2026-04-23 07:45:03.100,3509415.0739,779148.7123,5250971.8489,,0.0103,0.006,0.0102,0.015688530842625132,15,0.3049999987706542,1.3569999998435378,-0.2879999950528145,,0.1456639969244288,0.0848528137423857,0.14424978336205568,0.22186933091349062
2026-04-23 07:45:03.200,3509415.0869,779148.7822,5250971.837,,0.0103,0.006,0.0102,0.015688530842625132,15,0.19299999810755253,1.4029999997001141,-0.15999999828636646,,0.1449586147836685,0.0848528137423857,0.14424978336205568,0.22140686529554587
2026-04-23 07:45:03.300,3509415.0932,779148.8526,5250971.8329,,0.0102,0.006,0.0102,0.015623059879549846,15,0.1269999984651804,1.3320000004023314,-0.12500000186264515,,0.1449586147836685,0.0848528137423857,0.14354441821262157,0.22094795767329464
2026-04-23 07:45:03.400,3509415.0996,779148.9154,5250971.8245,,0.0102,0.006,0.0101,0.01555795616396961,15,0.04000000189989805,1.2910000002011657,-0.12000000104308128,,0.14424978336205568,0.0848528137423857,0.14354441821262157,0.22048355947779869
2026-04-23 07:45:03.500,3509415.0972,779148.9817,5250971.8209,,0.0102,0.006,0.0101,0.01555795616396961,15,0.005000000819563866,1.3819999992847443,-0.12199999764561653,,0.14424978336205568,0.0848528137423857,0.1428355697996826,0.22002272609891915
2026-04-23 07:45:03.600,3509415.1001,779149.0536,5250971.8123,,0.0102,0.006,0.0101,0.01555795616396961,15,0.015999996103346348,1.4329999999608845,-0.11899999342858791,,0.14424978336205568,0.0848528137423857,0.1428355697996826,0.22002272609891915
2026-04-23 07:45:03.700,3509415.0988,779149.125,5250971.809,,0.0102,0.006,0.0101,0.01555795616396961,15,-0.06199999712407589,1.334999999962747,-0.024000005796551704,,0.14424978336205568,0.0841486779456457,0.1428355697996826,0.21975213309544914
2026-04-23 07:45:03.800,3509415.0939,779149.1871,5250971.8099,,0.0102,0.0059,0.0101,0.015519664944836921,15,-0.20299999974668026,1.1880000005476177,0.03800000064074993,,0.14424978336205568,0.0841486779456457,0.1428355697996826,0.21975213309544914
2026-04-23 07:45:03.900,3509415.0785,779149.2438,5250971.8128,,0.0102,0.0059,0.0101,0.015519664944836921,15,-0.47400000039488077,1.1540000000968575,0.13400000520050526,,0.14354441821262157,0.08343860018001259,0.1428355697996826,0.21901826407859232
2026-04-23 07:45:04.000,3509415.0465,779149.3025,5250971.8233,,0.0101,0.0059,0.0101,0.015454125662747795,15,-0.7639999967068434,1.1319999990519136,0.27099999599158764,,0.14354441821262157,0.08343860018001259,0.1428355697996826,0.21901826407859232
2026-04-23 07:45:04.100,3509415.0021,779149.357,5250971.8399,,0.0101,0.0059,0.0101,0.015454125662747795,15,-0.9580000024288893,1.0010000003967434,0.4270000010728836,,0.1428355697996826,0.08343860018001259,0.1428355697996826,0.21855434106876026
2026-04-23 07:45:04.200,3509414.9507,779149.4026,5250971.866,,0.0101,0.0059,0.0101,0.015454125662747795,15,-1.0040000034496188,0.8570000005420297,0.5260000005364418,,0.1428355697996826,0.08343860018001259,0.1428355697996826,0.21855434106876026
2026-04-23 07:45:04.300,3509414.9017,779149.4427,5250971.8925,,0.0101,0.0059,0.0101,0.015454125662747795,15,-1.0520000010728836,0.8069999993313104,0.5349999945610762,,0.1428355697996826,0.08343860018001259,0.1428355697996826,0.21855434106876026
2026-04-23 07:45:04.400,3509414.8455,779149.4833,5250971.9195,,0.0101,0.0059,0.0101,0.015454125662747795,15,-1.0739999962970614,0.7770000002346933,0.5190000031143427,,0.1428355697996826,0.08343860018001259,0.1428355697996826,0.21855434106876026
2026-04-23 07:45:04.500,3509414.7943,779149.5204,5250971.9444,,0.0101,0.0059,0.0101,0.015454125662747795,15,-0.9799999976530671,0.7180000003427267,0.47799999825656414,,0.1428355697996826,0.08343860018001259,0.1428355697996826,0.21855434106876026
2026-04-23 07:45:04.600,3509414.7475,779149.5551,5250971.9673,,0.0101,0.0059,0.0101,0.015454125662747795,15,-0.9010000014677644,0.8519999997224659,0.37699999287724495,,0.1428355697996826,0.08343860018001259,0.14213022197970424,0.21809401642411008
2026-04-23 07:45:04.700,3509414.7042,779149.6056,5250971.9821,,0.0101,0.0059,0.01,0.015388957079672423,15,-0.8229999989271164,1.1369999998714775,0.286000007763505,,0.1428355697996826,0.08343860018001259,0.14213022197970424,0.21809401642411008
2026-04-23 07:45:04.800,3509414.6652,779149.6688,5250971.9959,,0.0101,0.0059,0.01,0.015388957079672423,15,-0.7390000019222498,1.2430000002495944,0.2350000012665987,,0.1428355697996826,0.08343860018001259,0.1414213562373095,0.21763271812850196
2026-04-23 07:45:04.900,3509414.6303,779149.7299,5250972.0056,,0.0101,0.0059,0.01,0.015388957079672423,15,-0.6110000004991889,1.201000000583008,0.1769999973475933,,0.1428355697996826,0.08343860018001259,0.1414213562373095,0.21763271812850196
2026-04-23 07:45:05.000,3509414.6041,779149.7889,5250972.0136,,0.0101,0.0059,0.01,0.015388957079672423,15,-0.43499999679625034,1.1879999993834645,0.04999999888241291,,0.1428355697996826,0.08343860018001259,0.1414213562373095,0.21763271812850196
2026-04-23 07:45:05.100,3509414.5868,779149.8487,5250972.0106,,0.0101,0.0059,0.01,0.015388957079672423,15,-0.3850000025704503,1.2669999990612268,-0.06699999794363976,,0.1428355697996826,0.08343860018001259,0.1414213562373095,0.21763271812850196
2026-04-23 07:45:05.200,3509414.5656,779149.9156,5250972.0069,,0.0101,0.0059,0.01,0.015388957079672423,15,-0.348000000230968,1.304000000236556,-0.15300000086426735,,0.1428355697996826,0.08343860018001259,0.1414213562373095,0.21763271812850196
2026-04-23 07:45:05.300,3509414.552,779149.9791,5250971.9953,,0.0101,0.0059,0.01,0.015388957079672423,15,-0.16199999954551458,1.3340000004973263,-0.27000000700354576,,0.1428355697996826,0.08343860018001259,0.1414213562373095,0.21763271812850196
2026-04-23 07:45:05.400,3509414.5494,779150.049,5250971.9799,,0.0101,0.0059,0.01,0.015388957079672423,15,-0.11900000274181366,1.3829999999143183,-0.2689999993890524,,0.1428355697996826,0.08343860018001259,0.1414213562373095,0.21763271812850196
2026-04-23 07:45:05.500,3509414.5401,779150.1174,5250971.9684,,0.0101,0.0059,0.01,0.015388957079672423,15,-0.1699999999254942,1.3989999995101243,-0.3309999965131283,,0.1428355697996826,0.08343860018001259,0.1414213562373095,0.21763271812850196
2026-04-23 07:45:05.600,3509414.5324,779150.1889,5250971.9468,,0.0101,0.0059,0.01,0.015388957079672423,15,-0.022999998182058334,1.3780000002589077,-0.4299999959766865,,0.1428355697996826,0.08343860018001259,0.1414213562373095,0.21763271812850196
2026-04-23 07:45:05.700,3509414.5378,779150.2552,5250971.9254,,0.0101,0.0059,0.01,0.015388957079672423,15,0.18200000282377005,1.2960000010207295,-0.4299999959766865,,0.1428355697996826,0.08343860018001259,0.1414213562373095,0.21763271812850196
2026-04-23 07:45:05.800,3509414.5506,779150.3185,5250971.9038,,0.0101,0.0059,0.01,0.015388957079672423,15,0.3700000001117587,1.263999999500811,-0.494999997317791,,0.1428355697996826,0.08343860018001259,0.1414213562373095,0.21763271812850196
2026-04-23 07:45:05.900,3509414.5748,779150.3816,5250971.8759,,0.0101,0.0059,0.01,0.015388957079672423,15,0.6039999984204769,1.2289999995846301,-0.5950000043958426,,0.14213022197970424,0.08343860018001259,0.1414213562373095,0.2171704399774518
2026-04-23 07:45:06.000,3509414.611,779150.4414,5250971.8443,,0.01,0.0059,0.01,0.015323511346946561,15,1.9449999975040555,0.6300000008195639,-0.19300000742077827,,0.2457173172570464,0.12131364309095659,0.21825672956406175,0.3503284173457814
2026-04-23 07:45:06.100,3509414.7693,779150.4446,5250971.8566,,0.0224,0.0106,0.0194,0.0314718922214728,15,2.022000001743436,0.43500000028871,-0.3050000034272671,,0.2462214450449026,0.12131364309095659,0.21914607000811123,0.35123638763658865
2026-04-23 07:45:06.200,3509414.8132,779150.4849,5250971.8138,,0.0225,0.0106,0.0195,0.031604746478970526,15,0.9510000003501773,0.7709999999497086,-0.7899999991059303,,0.3174917321758159,0.14990663761154807,0.2750654467576762,0.4460201789157078
2026-04-23 07:45:06.300,3509414.8644,779150.5217,5250971.7776,,0.0225,0.0106,0.0195,0.031604746478970526,15,0.965999998152256,0.6699999992270023,-0.6749999988824129,,0.31819805153394637,0.14990663761154807,0.2757716446627535,0.4469586110592344
2026-04-23 07:45:06.400,3509414.9098,779150.5519,5250971.7463,,0.0225,0.0106,0.0195,0.031604746478970526,15,0.8760000020265579,0.6419999990612268,-0.6469999998807907,,0.31819805153394637,0.14990663761154807,0.27647965567108185,0.44739579792394113
2026-04-23 07:45:06.500,3509414.952,779150.5859,5250971.7129,,0.0225,0.0106,0.0196,0.03166654385941099,15,0.849999999627471,0.7570000004488975,-0.6769999954849482,,0.3174917321758159,0.14990663761154807,0.2757716446627535,0.446456044868921
2026-04-23 07:45:06.600,3509414.9948,779150.6276,5250971.6786,,0.0224,0.0106,0.0195,0.03153363283860583,15,0.7949999999254942,0.9320000000298023,-0.6259999983012676,,0.3189059422462993,0.14990663761154807,0.27647965567108185,0.44789954230831713
2026-04-23 07:45:06.700,3509415.0315,779150.6791,5250971.6503,,0.0226,0.0106,0.0195,0.031676016163652905,15,0.6350000016391277,1.0699999995995313,-0.4790000058710575,,0.3196247800155676,0.15061540425866138,0.2757716446627535,0.4482131189512417
2026-04-23 07:45:06.800,3509415.0583,779150.7346,5250971.6307,,0.0228,0.0107,0.0195,0.03185247243150836,15,0.509000001475215,1.1070000007748604,-0.3629999980330467,,0.3217405787276451,0.15061540425866138,0.2757716446627535,0.4497243600251158
2026-04-23 07:45:06.900,3509415.0824,779150.7898,5250971.614,,0.0229,0.0107,0.0195,0.03192412880565419,15,0.3759999992325902,1.1589999997522682,-0.3560000006109476,,0.3231485726411305,0.15061540425866138,0.2757716446627535,0.4507327367742441
2026-04-23 07:45:07.000,3509415.0959,779150.8505,5250971.5951,,0.0229,0.0106,0.0195,0.0318907510102851,15,0.27299999725073576,1.246999999275431,-0.3710000030696392,,0.32385490578343873,0.15061540425866138,0.2750654467576762,0.4508081631913956
2026-04-23 07:45:07.100,3509415.1097,779150.9145,5250971.5769,,0.0229,0.0106,0.0194,0.03182970310888872,15,0.2350000012665987,1.3160000008065253,-0.3589999955147505,,0.32385490578343873,0.14990663761154807,0.2750654467576762,0.450571858863822
2026-04-23 07:45:07.200,3509415.1194,779150.9821,5250971.5592,,0.0229,0.0106,0.0194,0.03182970310888872,15,0.14400000218302011,1.2950000003911555,-0.3039999958127737,,0.3231485726411305,0.14990663761154807,0.2743574311003804,0.44963207180982984
2026-04-23 07:45:07.300,3509415.1241,779151.044,5250971.5465,,0.0228,0.0106,0.0194,0.03175783367926723,15,0.034999996423721313,1.2949999992270023,-0.20200000144541264,,0.3231485726411305,0.14990663761154807,0.2743574311003804,0.44963207180982984
2026-04-23 07:45:07.400,3509415.1229,779151.1116,5250971.539,,0.0228,0.0106,0.0194,0.03175783367926723,15,-0.06100000347942114,1.3740000000689179,-0.1979999989271164,,0.3224406922210657,0.14990663761154807,0.2750654467576762,0.4495564480685379
2026-04-23 07:45:07.500,3509415.118,779151.1814,5250971.5267,,0.0228,0.0106,0.0195,0.0318190194694934,15,-0.1979999989271164,1.338000000687316,-0.09599999524652958,,0.32173436247935966,0.14990663761154807,0.2750654467576762,0.44905010856250777
2026-04-23 07:45:07.600,3509415.1031,779151.2454,5250971.5294,,0.0227,0.0106,0.0195,0.031747440841743454,15,-0.4619999974966049,1.2540000001899898,0.10400000028312206,,0.32173436247935966,0.14990663761154807,0.2757716446627535,0.4494830363873591
2026-04-23 07:45:07.700,3509415.0718,779151.3068,5250971.5371,,0.0227,0.0106,0.0195,0.031747440841743454,15,-0.6009999988600612,1.2410000001545995,0.22199999541044235,,0.32173436247935966,0.14990663761154807,0.2750654467576762,0.44905010856250777
2026-04-23 07:45:07.800,3509415.043,779151.3695,5250971.5516,,0.0228,0.0106,0.0194,0.03175783367926723,15,-0.6240000016987324,1.2080000003334135,0.3959999978542328,,0.32244379355168246,0.14990663761154807,0.2750654467576762,0.44955867247779796
2026-04-23 07:45:07.900,3509415.0094,779151.4276,5250971.5767,,0.0229,0.0106,0.0194,0.03182970310888872,15,-0.755000002682209,1.1019999999552965,0.48700000159442425,,0.3231485726411305,0.15061540425866138,0.2743574311003804,0.4498688697831847
2026-04-23 07:45:08.000,3509414.9675,779151.4797,5250971.6003,,0.0229,0.0107,0.0194,0.03186314485420421,15,-0.861999997869134,0.9499999997206032,0.4899999964982271,,0.32385490578343873,0.14990663761154807,0.2743574311003804,0.4501399782289948
2026-04-23 07:45:08.100,3509414.9232,779151.5226,5250971.6257,,0.0229,0.0106,0.0194,0.03182970310888872,15,-0.8519999962300062,0.8770000003278255,0.40900000371038914,,0.32385490578343873,0.15061540425866138,0.2743574311003804,0.45037650915650557
2026-04-23 07:45:08.200,3509414.8823,779151.5674,5250971.6412,,0.0229,0.0106,0.0194,0.03182970310888872,15,-0.7390000019222498,0.9919999993871897,0.24699999950826168,,0.32385490578343873,0.14990663761154807,0.2743574311003804,0.4501399782289948
2026-04-23 07:45:08.300,3509414.8493,779151.6218,5250971.6504,,0.0229,0.0106,0.0194,0.03182970310888872,15,-0.6120000034570694,1.0999999998603016,0.1529999915510416,,0.3231485726411305,0.14990663761154807,0.2743574311003804,0.44963207180982984
2026-04-23 07:45:08.400,3509414.8211,779151.6774,5250971.6565,,0.0228,0.0106,0.0194,0.03175783367926723,15,-0.482999999076128,1.1019999999552965,0.08900000713765621,,0.3231485726411305,0.14990663761154807,0.2743574311003804,0.44963207180982984
2026-04-23 07:45:08.500,3509414.801,779151.732,5250971.6593,,0.0228,0.0106,0.0194,0.03175783367926723,15,-0.4199999989941716,1.2169999990146607,0.06100000813603401,,0.3224406922210657,0.14990663761154807,0.2743574311003804,0.4491235910080877
2026-04-23 07:45:08.600,3509414.7791,779151.7991,5250971.6626,,0.0228,0.0106,0.0194,0.03175783367926723,15,-0.4630000004544854,1.3450000004377216,0.04399999976158142,,0.32173436247935966,0.14990663761154807,0.2743574311003804,0.4486167629502936
2026-04-23 07:45:08.700,3509414.7547,779151.8665,5250971.6637,,0.0227,0.0106,0.0194,0.031686116833717574,15,-0.419000000692904,1.3340000004973263,-0.0430000014603138,,0.32173436247935966,0.14990663761154807,0.2743574311003804,0.4486167629502936
2026-04-23 07:45:08.800,3509414.7372,779151.9325,5250971.6583,,0.0227,0.0106,0.0194,0.031686116833717574,15,-0.24499999824911356,1.3089999998919666,-0.14700000174343586,,0.32102647865869255,0.14990663761154807,0.2743574311003804,0.44810936165181814
2026-04-23 07:45:08.900,3509414.7302,779151.9974,5250971.649,,0.0227,0.0106,0.0194,0.031686116833717574,15,-0.15300000086426735,1.321000000461936,-0.18900000490248203,,0.3203201523476161,0.14990663761154807,0.2743574311003804,0.44760361928831627
2026-04-23 07:45:09.000,3509414.7219,779152.0646,5250971.6394,,0.0226,0.0106,0.0194,0.031614553610639515,15,-0.09800000116229057,1.3690000004135072,-0.28300000354647636,,0.32102647865869255,0.14990663761154807,0.2743574311003804,0.44810936165181814
2026-04-23 07:45:09.100,3509414.7204,779152.1343,5250971.6207,,0.0227,0.0106,0.0194,0.031686116833717574,15,-0.03999999724328518,1.3000000000465661,-0.3780000004917383,,0.3217405787276451,0.14990663761154807,0.2750654467576762,0.4490545623863541
2026-04-23 07:45:09.200,3509414.7179,779152.1946,5250971.6016,,0.0229,0.0106,0.0195,0.0318907510102851,15,0.04000000189989805,1.1589999997522682,-0.3830000013113022,,0.32386725675807365,0.15061540425866138,0.2757752708275345,0.45125048476428253
2026-04-23 07:45:09.300,3509414.7244,779152.2502,5250971.5824,,0.0231,0.0107,0.0196,0.03212880327681067,15,0.16599999740719795,1.2089999997988343,-0.41399999521672726,,0.3252721937085923,0.14990663761154807,0.27718946588930826,0.4528885072509568
2026-04-23 07:45:09.400,3509414.7345,779152.3155,5250971.5602,,0.0231,0.0106,0.0197,0.03215680332371363,15,0.35900000017136335,1.304000000236556,-0.5209999997168779,,0.3266833329081849,0.15061540425866138,0.27789386463180504,0.45456792671722884
2026-04-23 07:45:09.500,3509414.7603,779152.3806,5250971.5303,,0.0231,0.0106,0.0197,0.03215680332371363,15,0.5560000007972121,1.1589999997522682,-0.6120000034570694,,0.3266833329081849,0.15061540425866138,0.2786000717874997,0.45499999999999996
2026-04-23 07:45:09.600,3509414.7901,779152.4314,5250971.499,,0.0231,0.0107,0.0197,0.032189905249938214,14,0.7559999963268638,0.8699999994132668,-0.7139999978244305,,0.3266833329081849,0.15061540425866138,0.2786000717874997,0.45499999999999996
2026-04-23 07:45:09.700,3509414.8359,779152.4676,5250971.4589,,0.0231,0.0107,0.0197,0.032189905249938214,14,1.0330000007525086,0.6559999997261912,-0.8760000020265579,,0.3266833329081849,0.15132085117392113,0.2786000717874997,0.4552340057596751
2026-04-23 07:45:09.800,3509414.8934,779152.497,5250971.4114,,0.0231,0.0107,0.0197,0.032189905249938214,14,1.1560000013560057,0.5850000004284084,-0.9059999976307154,,0.3266833329081849,0.15132085117392113,0.27789386463180504,0.4548021547882111
2026-04-23 07:45:09.900,3509414.9515,779152.5261,5250971.3683,,0.0231,0.0107,0.0196,0.03212880327681067,14,1.2199999997392297,0.5790000001434237,-0.8389999996870756,,0.3266833329081849,0.15132085117392113,0.27789386463180504,0.4548021547882111
2026-04-23 07:45:10.000,3509415.0154,779152.5549,5250971.3275,,0.0231,0.0107,0.0196,0.03212880327681067,14,1.1780000012367964,0.5859999998938292,-0.790999997407198,,0.3266833329081849,0.15132085117392113,0.2771858582251266,0.45436989336882777
2026-04-23 07:45:10.100,3509415.0693,779152.5847,5250971.2892,,0.0231,0.0107,0.0196,0.03212880327681067,14,0.9789999993517995,0.7050000003073364,-0.6879999954253435,,0.3266833329081849,0.15132085117392113,0.2771858582251266,0.45436989336882777
2026-04-23 07:45:10.200,3509415.1133,779152.6254,5250971.2587,,0.0231,0.0107,0.0196,0.03212880327681067,14,0.9040000010281801,0.7689999998547137,-0.5790000036358833,,0.3266833329081849,0.15132085117392113,0.2771858582251266,0.45436989336882777
2026-04-23 07:45:10.300,3509415.1597,779152.6616,5250971.2313,,0.0231,0.0107,0.0196,0.03212880327681067,14,0.8920000027865171,0.8219999994616956,-0.5350000038743019,,0.3259769930531907,0.15132085117392113,0.27647965567108185,0.4534313619501853
2026-04-23 07:45:10.400,3509415.2025,779152.7076,5250971.2052,,0.023,0.0107,0.0195,0.03199593724209372,14,0.8129999972879887,1.0360000003129244,-0.5400000046938658,,0.3259769930531907,0.15132085117392113,0.27647965567108185,0.4534313619501853
2026-04-23 07:45:10.500,3509415.241,779152.7652,5250971.1773,,0.023,0.0107,0.0195,0.03199593724209372,14,0.7019999995827675,1.1900000006426126,-0.5690000019967556,,0.3252691193458118,0.15132085117392113,0.2757716446627535,0.4524908838860734
2026-04-23 07:45:10.600,3509415.2727,779152.8266,5250971.1483,,0.023,0.0107,0.0195,0.03199593724209372,14,0.6140000000596046,1.217000000178814,-0.5449999962002039,,0.3252691193458118,0.15132085117392113,0.2757716446627535,0.4524908838860734
2026-04-23 07:45:10.700,3509415.3024,779152.8869,5250971.1228,,0.023,0.0107,0.0195,0.03199593724209372,14,0.4749999986961484,1.197999999858439,-0.3679999988526106,,0.3252691193458118,0.15132085117392113,0.2757716446627535,0.4524908838860734
2026-04-23 07:45:10.800,3509415.3202,779152.9464,5250971.1115,,0.023,0.0107,0.0195,0.03199593724209372,14,0.34500000067055225,1.283999999286607,-0.28300000354647636,,0.3252691193458118,0.15132085117392113,0.2757716446627535,0.4524908838860734
2026-04-23 07:45:10.900,3509415.3369,779153.0153,5250971.0945,,0.023,0.0107,0.0195,0.03199593724209372,14,0.25400000158697367,1.3819999992847443,-0.32399999909102917,,0.3252691193458118,0.15132085117392113,0.2757716446627535,0.4524908838860734
2026-04-23 07:45:11.000,3509415.3456,779153.0846,5250971.0791,,0.023,0.0107,0.0195,0.03199593724209372,14,0.21000000182539225,1.3800000003539026,-0.27400000020861626,,0.3252691193458118,0.15132085117392113,0.2757716446627535,0.4524908838860734
2026-04-23 07:45:11.100,3509415.3579,779153.1533,5250971.0671,,0.023,0.0107,0.0195,0.03199593724209372,14,0.15899999998509884,1.3660000008530915,-0.23000000044703484,,0.3252691193458118,0.15132085117392113,0.2757716446627535,0.4524908838860734
2026-04-23 07:45:11.200,3509415.3615,779153.2212,5250971.0561,,0.023,0.0107,0.0195,0.03199593724209372,14,0.12899999972432852,1.352999999653548,-0.2639999985694885,,0.3252691193458118,0.15132085117392113,0.2757716446627535,0.4524908838860734
2026-04-23 07:45:11.300,3509415.3708,779153.2886,5250971.0407,,0.023,0.0107,0.0195,0.03199593724209372,14,0.10400000028312206,1.3379999995231628,-0.2850000001490116,,0.3252691193458118,0.15132085117392113,0.2757716446627535,0.4524908838860734
2026-04-23 07:45:11.400,3509415.3719,779153.355,5250971.0276,,0.023,0.0107,0.0195,0.03199593724209372,14,-0.002000001259148121,1.215000000083819,-0.15999999828636646,,0.3252691193458118,0.15132085117392113,0.2757716446627535,0.4524908838860734
2026-04-23 07:45:11.500,3509415.3706,779153.4101,5250971.0247,,0.023,0.0107,0.0195,0.03199593724209372,14,-0.09300000034272671,1.1479999998118728,-0.005000000819563866,,0.3252691193458118,0.15132085117392113,0.2757716446627535,0.4524908838860734
2026-04-23 07:45:11.600,3509415.3626,779153.4698,5250971.0271,,0.023,0.0107,0.0195,0.03199593724209372,14,-0.18999999854713678,1.2569999997504056,0.05400000140070915,,0.3252691193458118,0.15132085117392113,0.2750654467576762,0.4520608366138345
2026-04-23 07:45:11.700,3509415.3516,779153.5358,5250971.0301,,0.023,0.0107,0.0194,0.03193509041790864,14,-0.24000000208616257,1.3290000008419156,0.05400000140070915,,0.3252691193458118,0.15132085117392113,0.2750654467576762,0.4520608366138345
2026-04-23 07:45:11.800,3509415.3386,779153.6027,5250971.0325,,0.023,0.0107,0.0194,0.03193509041790864,14,-0.3830000013113022,1.3340000004973263,0.11599999852478504,,0.3252691193458118,0.15132085117392113,0.2743574311003804,0.4516303798461746
2026-04-23 07:45:11.900,3509415.3133,779153.6692,5250971.0417,,0.023,0.0107,0.0194,0.03193509041790864,14,-0.6850000005215406,1.2429999990854412,0.23900000378489494,,0.3252691193458118,0.15132085117392113,0.2743574311003804,0.4516303798461746
2026-04-23 07:45:12.000,3509415.2701,779153.727,5250971.0564,,0.023,0.0107,0.0194,0.03193509041790864,14,-0.9349999995902181,1.0719999996945262,0.3969999961555004,,0.3252691193458118,0.15132085117392113,0.2743574311003804,0.4516303798461746
2026-04-23 07:45:12.100,3509415.2198,779153.7764,5250971.0814,,0.023,0.0107,0.0194,0.03193509041790864,14,-1.0089999996125698,0.9250000002793968,0.5040000006556511,,0.3252691193458118,0.15132085117392113,0.2743574311003804,0.4516303798461746
2026-04-23 07:45:12.200,3509415.1692,779153.8195,5250971.1068,,0.023,0.0107,0.0194,0.03193509041790864,14,-0.3839999996125698,0.8689999999478459,1.8480000086128712,,0.2567021620477708,0.12267436570041843,0.21964744478368056,0.3594301044709527
2026-04-23 07:45:12.300,3509415.1814,779153.8633,5250971.2662,,0.0114,0.006,0.0103,0.016493938280471406,14,-0.3260000003501773,0.8759999996982515,1.83699999935925,,0.2567021620477708,0.12267436570041843,0.21964744478368056,0.3594301044709527
2026-04-23 07:45:12.400,3509415.1366,779153.9071,5250971.2905,,0.0114,0.006,0.0103,0.016493938280471406,14,-0.9899999992921948,0.8929999999236315,0.47799999825656414,,0.16122034611053285,0.0848528137423857,0.1456639969244288,0.23325951213187426
2026-04-23 07:45:12.500,3509415.0824,779153.9526,5250971.314,,0.0114,0.006,0.0103,0.016493938280471406,14,-1.0209999978542328,0.9030000003986061,0.48399999737739563,,0.16122034611053285,0.0848528137423857,0.1456639969244288,0.23325951213187426
2026-04-23 07:45:12.600,3509415.0345,779153.9974,5250971.3389,,0.0114,0.006,0.0103,0.016493938280471406,14,-0.8340000035241246,0.8819999999832362,0.4169999994337559,,0.16122034611053285,0.0848528137423857,0.1456639969244288,0.23325951213187426
2026-04-23 07:45:12.700,3509414.999,779154.0408,5250971.3557,,0.0114,0.006,0.0103,0.016493938280471406,14,-0.7209999999031425,0.9429999999701977,0.2620000019669533,,0.16122034611053285,0.0848528137423857,0.1456639969244288,0.23325951213187426
2026-04-23 07:45:12.800,3509414.9624,779154.0917,5250971.3651,,0.0114,0.006,0.0103,0.016493938280471406,14,-0.6929999962449074,1.0830000007990748,0.19600000232458115,,0.1605147968257132,0.0848528137423857,0.1456639969244288,0.2327724210468242
2026-04-23 07:45:12.900,3509414.9297,779154.1491,5250971.3753,,0.0113,0.006,0.0103,0.016424980974113792,14,-0.5750000011175871,1.197999999858439,0.11799999512732029,,0.1605147968257132,0.0848528137423857,0.1449586147836685,0.23233165948703588
2026-04-23 07:45:13.000,3509414.9049,779154.2115,5250971.3769,,0.0113,0.006,0.0102,0.016362457028209425,14,-0.4620000021532178,1.248999999370426,-0.01600000075995922,,0.15980613254815973,0.0848528137423857,0.1449586147836685,0.23184261903282577
2026-04-23 07:45:13.100,3509414.8835,779154.274,5250971.3737,,0.0113,0.006,0.0102,0.016362457028209425,14,-0.4809999978169799,1.2990000005811453,-0.034999996423721313,,0.15980613254815973,0.0848528137423857,0.14424978336205568,0.23140008643040733
2026-04-23 07:45:13.200,3509414.8568,779154.3414,5250971.3734,,0.0113,0.006,0.0102,0.016362457028209425,14,-0.4490000009536743,1.3520000001881272,-0.0860000029206276,,0.15980613254815973,0.0848528137423857,0.14424978336205568,0.23140008643040733
2026-04-23 07:45:13.300,3509414.8386,779154.4092,5250971.3651,,0.0113,0.006,0.0102,0.016362457028209425,14,-0.3270000033080578,1.2979999999515712,-0.1889999955892563,,0.1605147968257132,0.0848528137423857,0.1449586147836685,0.23233165948703588
2026-04-23 07:45:13.400,3509414.8241,779154.4712,5250971.3545,,0.0114,0.006,0.0103,0.016493938280471406,14,-0.1780000003054738,1.2349999998696148,-0.30100000090897083,,0.1605147968257132,0.0848528137423857,0.1449586147836685,0.23233165948703588
2026-04-23 07:45:13.500,3509414.8208,779154.5327,5250971.335,,0.0114,0.006,0.0103,0.016493938280471406,14,0.001000002957880497,1.2910000002011657,-0.3930000029504299,,0.16122034611053285,0.0848528137423857,0.1456639969244288,0.23325951213187426
2026-04-23 07:45:13.600,3509414.8242,779154.6003,5250971.3152,,0.0114,0.006,0.0103,0.016493938280471406,14,0.14600000344216824,1.3150000001769513,-0.40000000037252903,,0.16122034611053285,0.0848528137423857,0.1456639969244288,0.23325951213187426
2026-04-23 07:45:13.700,3509414.8354,779154.6642,5250971.295,,0.0114,0.006,0.0103,0.016493938280471406,14,0.20000000018626451,1.2219999998342246,-0.41000000201165676,,0.1605147968257132,0.0848528137423857,0.1456639969244288,0.2327724210468242
2026-04-23 07:45:13.800,3509414.8442,779154.7225,5250971.2742,,0.0113,0.006,0.0103,0.016424980974113792,14,0.2479999978095293,1.1289999994914979,-0.45300000347197056,,0.1605147968257132,0.0848528137423857,0.1456639969244288,0.2327724210468242
2026-04-23 07:45:13.900,3509414.8602,779154.7771,5250971.2497,,0.0113,0.006,0.0103,0.016424980974113792,14,0.3959999978542328,1.1749999993480742,-0.5889999959617853,,0.15980613254815973,0.0848528137423857,0.1449586147836685,0.23184261903282577
2026-04-23 07:45:14.000,3509414.8838,779154.84,5250971.2153,,0.0113,0.006,0.0102,0.016362457028209425,14,0.4449999984353781,1.2290000007487833,-0.6119999941438437,,0.1633799253274404,0.08627861844049195,0.1456639969244288,0.23527643315895452
2026-04-23 07:45:14.100,3509414.9047,779154.9,5250971.1885,,0.0118,0.0062,0.0103,0.01684547416963975,13,0.40899999905377626,1.1530000006314367,-0.5260000005364418,,0.16194134740701646,0.08556284240252893,0.1449586147836685,0.2335786805339905
2026-04-23 07:45:14.200,3509414.9247,779154.9553,5250971.1627,,0.0116,0.0061,0.0103,0.01666913315082701,14,0.4769999999552965,1.0540000000037253,-0.49999999813735485,,0.16476953601925326,0.08697700845625812,0.1456639969244288,0.23649947145818317
2026-04-23 07:45:14.300,3509414.9524,779155.0054,5250971.1385,,0.0115,0.0061,0.0103,0.016599698792448013,14,0.7400000002235174,0.9340000001247972,-0.6140000000596046,,0.1633431969810803,0.08556284240252893,0.1456639969244288,0.23498936146132235
2026-04-23 07:45:14.400,3509414.9987,779155.0487,5250971.1013,,0.0115,0.006,0.0103,0.016563212248836275,15,0.9869999997317791,0.8400000003166497,-0.7560000009834766,,0.16548715962273325,0.08697700845625812,0.14637281168304447,0.23743630724891251
2026-04-23 07:45:14.500,3509415.0511,779155.0894,5250971.0629,,0.0119,0.0062,0.0104,0.016976748805351393,14,1.101000001654029,0.6369999994058162,-0.8279999997466803,,0.1676573887426379,0.087,0.14637281168304447,0.2389623401291509
2026-04-23 07:45:14.600,3509415.1088,779155.1124,5250971.0185,,0.0122,0.0063,0.0104,0.017224691579241704,14,1.2410000013187528,0.3539999993517995,-0.8669999986886978,,0.17186331778480243,0.0883911760301898,0.14778700890132393,0.24329200562287284
2026-04-23 07:45:14.700,3509415.1752,779155.1248,5250970.9762,,0.0124,0.0063,0.0105,0.017426990560621764,14,1.1569999996572733,0.28200000058859587,-0.8350000064820051,,0.1746682569902156,0.08909545442950498,0.14778700890132393,0.2455361480515649
2026-04-23 07:45:14.800,3509415.2245,779155.1406,5250970.935,,0.0125,0.0063,0.0105,0.017498285630312475,14,1.1590000009164214,0.276999999769032,-0.7280000019818544,,0.17821335527956372,0.09052071586106683,0.14991330828181998,0.24985595850409492
2026-04-23 07:45:14.900,3509415.2911,779155.1525,5250970.9034,,0.0128,0.0065,0.0107,0.01790474797365213,14,1.2039999989792705,0.23799999966286123,-0.7189999986439943,,0.18034688796871431,0.09124143795447329,0.1506286825275983,0.2520694348785667
2026-04-23 07:45:15.000,3509415.3449,779155.1644,5250970.8631,,0.013,0.0066,0.0108,0.01814386948806676,14,1.0309999994933605,0.3100000007543713,-0.7640000060200691,,0.18315294155431958,0.09263368717696602,0.1527416118809802,0.25584370228715814
2026-04-23 07:45:15.100,3509415.3942,779155.1835,5250970.827,,0.0131,0.0066,0.0109,0.018275119698650404,14,0.9660000028088689,0.5610000004526228,-0.7679999992251396,,0.1845562244954095,0.09333809511662426,0.15415576538034506,0.2579476691113916
2026-04-23 07:45:15.200,3509415.4415,779155.2205,5250970.7863,,0.0131,0.0066,0.011,0.018334939323597445,14,0.9590000007301569,0.7589999993797392,-0.7359999977052212,,0.18526197667087546,0.09333809511662426,0.1555699199716963,0.2592990551467552
2026-04-23 07:45:15.300,3509415.4901,779155.2594,5250970.7534,,0.0131,0.0066,0.0111,0.018395108045347275,14,0.6379999965429306,0.9089999995194376,-0.3969999961555004,,0.18668154702594467,0.09263368717696602,0.15913830462839548,0.26221365334398583
2026-04-23 07:45:15.400,3509415.5053,779155.3114,5250970.7466,,0.0133,0.0065,0.0115,0.018745399435594858,14,0.5109999980777502,1.0940000007394701,-0.36600000225007534,,0.18668154702594467,0.09263368717696602,0.16127616066858733,0.2635166028924933
2026-04-23 07:45:15.500,3509415.5412,779155.3688,5250970.7168,,0.0133,0.0065,0.0117,0.018868757245775355,14,0.6579999998211861,1.1600000003818423,-0.5439999978989363,,0.18809040379562164,0.09192388155425117,0.16476953601925326,0.26641508966272914
2026-04-23 07:45:15.600,3509415.5711,779155.4274,5250970.6922,,0.0133,0.0065,0.0118,0.0189309270771402,14,0.5480000004172325,1.143999999621883,-0.4319999925792217,,0.18738463117342358,0.09192388155425117,0.16617159805454118,0.26678830559078104
2026-04-23 07:45:15.700,3509415.596,779155.4832,5250970.6736,,0.0132,0.0065,0.0118,0.018860805921274943,14,0.47500000335276127,1.109999999171123,-0.3580000065267086,,0.18668154702594467,0.09121951545584969,0.16687720036002518,0.2664939023692662
2026-04-23 07:45:15.800,3509415.6186,779155.5384,5250970.6564,,0.0131,0.0064,0.0118,0.018756598838808706,14,0.47999999951571226,1.1399999994318932,-0.39499999955296516,,0.18456706098326425,0.09121951545584969,0.16687720036002518,0.265016980588037
2026-04-23 07:45:15.900,3509415.644,779155.5972,5250970.6341,,0.0129,0.0064,0.0118,0.01861746491872618,14,0.5439999978989363,1.1950000002980232,-0.46600000001490116,,0.18315294155431958,0.09050966799187808,0.16617159805454118,0.26334388164527384
2026-04-23 07:45:16.000,3509415.673,779155.6579,5250970.6098,,0.0128,0.0064,0.0117,0.018484858668650943,14,0.48700000159442425,1.2020000000484288,-0.4059999994933605,,0.18032470712578463,0.09050966799187808,0.16546903033498442,0.26093869011704646
2026-04-23 07:45:16.100,3509415.6927,779155.7174,5250970.5935,,0.0126,0.0064,0.0116,0.01828332573685652,14,0.3410000028088689,1.2239999999292195,-0.27999999932944775,,0.17891059219621405,0.09050966799187808,0.16405486887014353,0.25906562875070865
2026-04-23 07:45:16.200,3509415.7071,779155.7803,5250970.5818,,0.0125,0.0064,0.0115,0.01815103302845323,14,0.27300000190734863,1.2640000006649643,-0.2280000038444996,,0.1767823520603796,0.09050966799187808,0.1633431969810803,0.2571478174124758
2026-04-23 07:45:16.300,3509415.72,779155.8438,5250970.5707,,0.0124,0.0064,0.0115,0.018082311799103565,14,0.1689999969676137,1.3170000002719462,-0.2350000012665987,,0.1753681841155915,0.09050966799187808,0.16192899678562822,0.25527827953039794
2026-04-23 07:45:16.400,3509415.724,779155.912,5250970.5583,,0.0123,0.0064,0.0114,0.0179502089124333,14,0.014999997802078724,1.3029999996069819,-0.2280000038444996,,0.1746568063374571,0.09050966799187808,0.1612265486822812,0.25434425489874934
2026-04-23 07:45:16.500,3509415.7215,779155.9741,5250970.5479,,0.0123,0.0064,0.0113,0.017886866690396058,14,-0.044999998062849045,1.2450000003445894,-0.12799999676644802,,0.17324260445975753,0.09050966799187808,0.1598123900077838,0.252477721789468
2026-04-23 07:45:16.600,3509415.7195,779156.0365,5250970.5455,,0.0122,0.0064,0.0112,0.01775499929597295,14,-0.0279999990016222,1.2719999998807907,-0.10799999348819256,,0.17253985046939155,0.09050966799187808,0.15910059710761612,0.2515452245621053
2026-04-23 07:45:16.700,3509415.7187,779156.1013,5250970.5371,,0.0121,0.0064,0.0112,0.01768643548033351,14,-0.13000000268220901,1.317999999737367,-0.09300000034272671,,0.17112568480505785,0.09050966799187808,0.15768639763784317,0.24968179749433078
2026-04-23 07:45:16.800,3509415.7065,779156.1683,5250970.5362,,0.012,0.0064,0.0111,0.017554771431152274,14,-0.3700000001117587,1.2959999998565763,0.0,,0.17041420128616042,0.09050966799187808,0.15698407562552325,0.24875087939543047
2026-04-23 07:45:16.900,3509415.6817,779156.2309,5250970.5371,,0.012,0.0064,0.011,0.01749171232326898,14,-0.5519999982789159,1.180999999633059,0.14999999664723873,,0.1725572368809839,0.09050966799187808,0.15627219842313606,0.24977790134437433
2026-04-23 07:45:17.000,3509415.6513,779156.2864,5250970.5512,,0.0124,0.0064,0.011,0.017768511473953016,14,-0.7019999995827675,1.1070000007748604,0.2949999924749136,,0.17472549899771353,0.09050966799187808,0.15556349186104043,0.2508405868275706
2026-04-23 07:45:17.100,3509415.6115,779156.3416,5250970.5666,,0.0127,0.0064,0.011,0.0179791545963652,14,-0.6900000013411045,1.0360000003129244,0.10900000110268593,,0.178932948335403,0.09050966799187808,0.15415576538034506,0.25292884374859265
2026-04-23 07:45:17.200,3509415.5823,779156.39,5250970.5621,,0.0129,0.0064,0.0108,0.018000277775634465,14,-0.7520000031217933,0.9399999992456287,0.1699999999254942,,0.181738823590338,0.09050966799187808,0.15415576538034506,0.25492155656201376
2026-04-23 07:45:17.300,3509415.5363,779156.4356,5250970.5836,,0.013,0.0064,0.0108,0.01807207791041196,14,-0.8850000007078052,0.9329999994952232,0.4070000071078539,,0.1831420213932346,0.09050966799187808,0.15273506473629425,0.2550705784679997
2026-04-23 07:45:17.400,3509415.4938,779156.4833,5250970.6028,,0.013,0.0064,0.0108,0.01807207791041196,14,-0.8689999999478459,0.9429999999701977,0.4410000052303076,,0.18384776310850234,0.09050966799187808,0.15344380078712855,0.2560019531175494
2026-04-23 07:45:17.500,3509415.4494,779156.5299,5250970.6277,,0.013,0.0064,0.0109,0.01813201588351389,14,-0.7439999980852008,0.938000000314787,0.3679999988526106,,0.1831420213932346,0.09050966799187808,0.15344380078712855,0.2554955968309434
2026-04-23 07:45:17.600,3509415.4194,779156.5771,5250970.6396,,0.0129,0.0064,0.0109,0.018060454036374612,14,-0.5629999982193112,1.025000000372529,0.25200000032782555,,0.18243903091169938,0.09050966799187808,0.15414927829866734,0.25541730560007087
2026-04-23 07:45:17.700,3509415.3931,779156.6324,5250970.6529,,0.0128,0.0064,0.0109,0.01798916340467227,14,-0.4980000015348196,1.1939999996684492,0.16499999910593033,,0.18102486017119307,0.09050966799187808,0.15414927829866734,0.25440911933340754
2026-04-23 07:45:17.800,3509415.3696,779156.6965,5250970.6561,,0.0127,0.0064,0.0109,0.017918147225648082,14,-0.4760000016540289,1.3789999997243285,0.03999999724328518,,0.17961069010501574,0.08980534505250787,0.15485799947048262,0.2535862772312414
2026-04-23 07:45:17.900,3509415.3455,779156.7703,5250970.6569,,0.0126,0.0063,0.011,0.017873164241398332,14,-0.3899999987334013,1.3569999998435378,-0.009000003337860107,,0.17819652072922187,0.08980534505250787,0.15485799947048262,0.2525866188063018
2026-04-23 07:45:18.000,3509415.3306,779156.8322,5250970.6552,,0.0125,0.0063,0.011,0.017802808767158066,14,-0.17299999948590994,1.2250000005587935,-0.10099999606609344,,0.1767823520603796,0.08909545442950498,0.15556349186104043,0.251773707920426
2026-04-23 07:45:18.100,3509415.3282,779156.8928,5250970.6468,,0.0124,0.0063,0.011,0.017732738085247862,14,-0.09000000078231096,1.252000000094995,-0.2259999979287386,,0.1753681841155915,0.08909545442950498,0.15556349186104043,0.25078277452807635
2026-04-23 07:45:18.200,3509415.3216,779156.9574,5250970.6326,,0.0123,0.0063,0.011,0.017662955585065598,14,-0.060999998822808266,1.2879999994765967,-0.23300000466406345,,0.17395401691251625,0.08909545442950498,0.15556349186104043,0.2497959167000133
2026-04-23 07:45:18.300,3509415.3221,779157.0216,5250970.6235,,0.0122,0.0063,0.011,0.0175934646957329,14,0.08200000040233135,1.252000000094995,-0.28599999845027924,,0.17324260445975753,0.08909545442950498,0.15485799947048262,0.24886140721293046
2026-04-23 07:45:18.400,3509415.3298,779157.0826,5250970.604,,0.0122,0.0063,0.0109,0.01753111519556015,14,0.05200000014156103,1.1840000003576279,-0.3890000004321337,,0.17182840277439582,0.08909545442950498,0.15485799947048262,0.2478790027412568
2026-04-23 07:45:18.500,3509415.3273,779157.14,5250970.5846,,0.0121,0.0063,0.0109,0.017461672313956643,14,0.03400000277906656,1.3150000001769513,-0.4480000026524067,,0.17112568480505785,0.08909545442950498,0.15414927829866734,0.24694938752708012
2026-04-23 07:45:18.600,3509415.3332,779157.2141,5250970.5592,,0.012,0.0063,0.0109,0.017392527130926087,14,0.142000000923872,1.4769999997224659,-0.5059999972581863,,0.17041420128616042,0.08909545442950498,0.15414927829866734,0.24645689278249044
2026-04-23 07:45:18.700,3509415.3415,779157.2877,5250970.534,,0.012,0.0063,0.0109,0.017392527130926087,14,0.21799999754875898,1.3430000003427267,-0.5009999964386225,,0.169,0.08909545442950498,0.15344380078712855,0.24503877244224026
2026-04-23 07:45:18.800,3509415.355,779157.3484,5250970.5091,,0.0119,0.0063,0.0108,0.01726093856080833,14,0.3830000013113022,1.1100000003352761,-0.5310000013560057,,0.169,0.08909545442950498,0.15344380078712855,0.24503877244224026
2026-04-23 07:45:18.900,3509415.3798,779157.3987,5250970.4809,,0.0119,0.0063,0.0108,0.01726093856080833,14,0.5480000004172325,1.0560000000987202,-0.5700000002980232,,0.1675857989210303,0.08909545442950498,0.15273506473629425,0.24362060668178295
2026-04-23 07:45:19.000,3509415.4098,779157.454,5250970.4521,,0.0118,0.0063,0.0108,0.01719214937115194,14,0.44899999629706144,1.145999999716878,-0.6579999998211861,,0.16548715962273325,0.08909545442950498,0.15132745950421556,0.24129649810969075
2026-04-23 07:45:19.100,3509415.4247,779157.5133,5250970.4151,,0.0115,0.0063,0.0106,0.016861198059449987,14,0.4330000001937151,1.128000000026077,-0.6370000075548887,,0.16476953601925326,0.08909545442950498,0.15132745950421556,0.2408049002823655
2026-04-23 07:45:19.200,3509415.4531,779157.5668,5250970.3884,,0.0115,0.0063,0.0106,0.016861198059449987,14,0.6890000030398369,0.9930000000167638,-0.6240000016987324,,0.1626345596729059,0.08909545442950498,0.14990663761154807,0.2384533497353308
2026-04-23 07:45:19.300,3509415.4936,779157.6126,5250970.3527,,0.0115,0.0063,0.0106,0.016861198059449987,14,0.838000001385808,0.9109999996144325,-0.6809999980032444,,0.16192899678562822,0.08909545442950498,0.14990663761154807,0.23797268750846176
2026-04-23 07:45:19.400,3509415.5369,779157.6579,5250970.3203,,0.0114,0.0063,0.0106,0.01679315336677421,14,0.8639999991282821,0.8730000001378357,-0.622999994084239,,0.16192899678562822,0.08909545442950498,0.14920120642943877,0.23752894560453047
2026-04-23 07:45:19.500,3509415.58,779157.6999,5250970.2904,,0.0114,0.0063,0.0105,0.016730212192318423,14,0.8059999998658895,0.6620000000111759,-0.5879999976605177,,0.16122034611053285,0.08909545442950498,0.14920120642943877,0.237046408958246
2026-04-23 07:45:19.600,3509415.6175,779157.7241,5250970.2615,,0.0114,0.0063,0.0105,0.016730212192318423,14,0.8710000012069941,0.48599999980069697,-0.5500000063329935,,0.16122034611053285,0.08909545442950498,0.14849242404917498,0.23660092983756426
2026-04-23 07:45:19.700,3509415.6671,779157.7485,5250970.2354,,0.0114,0.0063,0.0105,0.016730212192318423,14,0.9909999975934625,0.5489999998826534,-0.5709999985992908,,0.1605147968257132,0.08909545442950498,0.14849242404917498,0.2361207318301381
2026-04-23 07:45:19.800,3509415.7166,779157.779,5250970.2044,,0.0113,0.0063,0.0105,0.016662232743543105,14,0.9669999964535236,0.5709999997634441,-0.6080000009387732,,0.1605147968257132,0.08909545442950498,0.14849242404917498,0.2361207318301381
2026-04-23 07:45:19.900,3509415.7638,779157.8056,5250970.1746,,0.0113,0.0063,0.0105,0.016662232743543105,14,0.9450000012293458,0.4450000007636845,-0.7000000029802322,,0.15980613254815973,0.08909545442950498,0.14849242404917498,0.23563955525335722
2026-04-23 07:45:20.000,3509415.8111,779157.8235,5250970.1344,,0.0113,0.0063,0.0105,0.016662232743543105,14,0.9220000030472875,0.3620000008959323,-0.7519999984651804,,0.15980613254815973,0.08909545442950498,0.14778700890132393,0.23519566322532393
2026-04-23 07:45:20.100,3509415.856,779157.8418,5250970.0994,,0.0113,0.0063,0.0104,0.016599397579430405,14,0.9780000010505319,0.4059999994933605,-0.7309999968856573,,0.15910059710761612,0.08909545442950498,0.14778700890132393,0.23471685069461884
2026-04-23 07:45:20.200,3509415.9089,779157.8641,5250970.0613,,0.0112,0.0063,0.0104,0.01653148511174964,14,0.9899999992921948,0.36299999919719994,-0.7379999943077564,,0.15910059710761612,0.08909545442950498,0.14707821048680186,0.23427121035244597
2026-04-23 07:45:20.300,3509415.955,779157.8781,5250970.0256,,0.0112,0.0063,0.0104,0.01653148511174964,14,1.0589999984949827,0.13000000035390258,-0.7290000002831221,,0.16196604582442578,0.08909545442950498,0.14707821048680186,0.23622658614135708
2026-04-23 07:45:20.400,3509416.0148,779157.8771,5250969.9884,,0.0117,0.0063,0.0104,0.016874240723659242,14,1.2030000006780028,-0.06999999983236194,-0.7620000001043081,,0.1648787433236923,0.08980534505250787,0.14778700890132393,0.23893723025095942
2026-04-23 07:45:20.500,3509416.0753,779157.8711,5250969.9494,,0.0121,0.0064,0.0105,0.017251666586159148,14,1.1799999978393316,-0.08800000068731606,-0.8000000007450581,,0.17048460341039595,0.08980534505250787,0.14778700890132393,0.24283945313725278
2026-04-23 07:45:20.600,3509416.1328,779157.8683,5250969.9084,,0.0124,0.0064,0.0105,0.01746339027795004,14,1.1540000000968575,-0.20299999974668026,-0.7349999994039536,,0.17397126199461796,0.08980534505250787,0.14849242404917498,0.24572545655670275
2026-04-23 07:45:20.700,3509416.1907,779157.8508,5250969.8759,,0.0125,0.0063,0.0105,0.017498285630312475,14,1.1450000014156103,-0.4489999997895211,-0.6159999966621399,,0.1767823520603796,0.08980534505250787,0.14920120642943877,0.2481491486989226
2026-04-23 07:45:20.800,3509416.2473,779157.8234,5250969.8468,,0.0126,0.0063,0.0106,0.01762980430974774,14,0.9810000006109476,-0.5400000000372529,-0.6110000051558018,,0.17748521065147935,0.08909545442950498,0.14920120642943877,0.24839484696748443
2026-04-23 07:45:20.900,3509416.2888,779157.7968,5250969.8148,,0.0126,0.0063,0.0106,0.01762980430974774,14,0.8290000027045608,-0.4949999996460974,-0.6480000074952841,,0.17748521065147935,0.08909545442950498,0.14990663761154807,0.24881921147692757
2026-04-23 07:45:21.000,3509416.3302,779157.7739,5250969.782,,0.0125,0.0063,0.0106,0.017558473737771172,14,0.996999996714294,-0.4969999997410923,-0.6469999998807907,,0.1767823520603796,0.08909545442950498,0.15061540425866138,0.24874685927665496
2026-04-23 07:45:21.100,3509416.3885,779157.7471,5250969.7501,,0.0124,0.0063,0.0107,0.017548219282878818,14,1.081999996677041,-0.609000000404194,-0.5359999928623438,,0.17607100840286,0.08909545442950498,0.15061540425866138,0.24824181758922081
2026-04-23 07:45:21.200,3509416.4384,779157.713,5250969.7284,,0.0124,0.0063,0.0107,0.017548219282878818,14,0.9850000031292439,-0.6579999998211861,-0.5299999937415123,,0.1746568063374571,0.08909545442950498,0.15202960238058902,0.24810481655945332
2026-04-23 07:45:21.300,3509416.487,779157.6813,5250969.6971,,0.0123,0.0063,0.0108,0.01753909917869216,14,0.8939999993890524,-0.7440000004135072,-0.5530000012367964,,0.17395401691251625,0.08909545442950498,0.15202960238058902,0.24761058135709788
2026-04-23 07:45:21.400,3509416.5278,779157.6386,5250969.6731,,0.0122,0.0063,0.0108,0.017469115604403104,14,0.7559999963268638,-0.8690000011119992,-0.4170000087469816,,0.17253985046939155,0.08909545442950498,0.15273506473629425,0.24705464982468958
2026-04-23 07:45:21.500,3509416.5626,779157.5944,5250969.6554,,0.0121,0.0063,0.0108,0.017399425277864783,14,0.7099999999627471,-0.9409999998752028,-0.32399999909102917,,0.17112568480505785,0.08909545442950498,0.15273506473629425,0.24606909598728566
2026-04-23 07:45:21.600,3509416.5988,779157.5445,5250969.6407,,0.012,0.0063,0.0108,0.017330031736843415,14,0.6520000007003546,-1.056999999564141,-0.2759999968111515,,0.17041420128616042,0.08909545442950498,0.15273506473629425,0.24557483584439183
2026-04-23 07:45:21.700,3509416.6278,779157.4887,5250969.6278,,0.012,0.0063,0.0108,0.017330031736843415,14,0.6760000018402934,-1.1029999994207174,-0.2660000044852495,,0.169,0.08909545442950498,0.15273506473629425,0.24459558458811148
2026-04-23 07:45:21.800,3509416.6664,779157.4342,5250969.6141,,0.0119,0.0063,0.0108,0.01726093856080833,14,0.6710000010207295,-1.039999999338761,-0.20299999974668026,,0.1682973558912914,0.08909545442950498,0.15273506473629425,0.2441106306574951
2026-04-23 07:45:21.900,3509416.6949,779157.3847,5250969.6075,,0.0118,0.0063,0.0108,0.01719214937115194,14,0.5360000021755695,-1.0259999998379499,-0.0860000029206276,,0.1675857989210303,0.08909545442950498,0.15202960238058902,0.24317894645713062
2026-04-23 07:45:22.000,3509416.72,779157.3316,5250969.6055,,0.0118,0.0063,0.0107,0.017129506706265653,14,0.5340000009164214,-1.1400000005960464,-0.04399999976158142,,0.16617159805454118,0.08909545442950498,0.15202960238058902,0.24220652344641752
2026-04-23 07:45:22.100,3509416.7483,779157.2707,5250969.6031,,0.0117,0.0063,0.0107,0.017060773722196776,14,0.5119999963790178,-1.2250000005587935,-0.04299999214708805,,0.16617159805454118,0.08909545442950498,0.15132085117392113,0.24176227993630434
2026-04-23 07:45:22.200,3509416.7712,779157.2091,5250969.6012,,0.0117,0.0063,0.0107,0.017060773722196776,14,0.4490000009536743,-1.232000000309199,-0.0029999949038028717,,0.1647573974060042,0.08909545442950498,0.15132085117392113,0.24079244174184533
2026-04-23 07:45:22.300,3509416.7932,779157.1475,5250969.6028,,0.0116,0.0063,0.0107,0.01699235122047564,14,0.45799999963492155,-1.2789999996311963,0.03999999724328518,,0.1647573974060042,0.08909545442950498,0.15061540425866138,0.2403497451631684
2026-04-23 07:45:22.400,3509416.817,779157.0812,5250969.6052,,0.0116,0.0063,0.0106,0.016929559947027564,14,0.4599999962374568,-1.3630000001285225,0.032999999821186066,,0.164048773235279,0.08909545442950498,0.15061540425866138,0.23986454510827562
2026-04-23 07:45:22.500,3509416.8392,779157.0112,5250969.6061,,0.0116,0.0063,0.0106,0.016929559947027564,14,0.40000000037252903,-1.3430000003427267,0.015000002458691597,,0.1633431969810803,0.08909545442950498,0.14990663761154807,0.23893723025095942
2026-04-23 07:45:22.600,3509416.857,779156.9469,5250969.6067,,0.0115,0.0063,0.0106,0.016861198059449987,14,0.2580000041052699,-1.213999999454245,0.10899999178946018,,0.1633431969810803,0.08909545442950498,0.14990663761154807,0.23893723025095942
2026-04-23 07:45:22.700,3509416.865,779156.8898,5250969.617,,0.0115,0.0063,0.0106,0.016861198059449987,14,0.15800000168383121,-1.1100000003352761,0.20899999886751175,,0.16192899678562822,0.08909545442950498,0.14920120642943877,0.23752894560453047
2026-04-23 07:45:22.800,3509416.8728,779156.8359,5250969.6276,,0.0114,0.0063,0.0105,0.016730212192318423,14,0.08299999870359898,-1.1910000001080334,0.2990000043064356,,0.16192899678562822,0.08909545442950498,0.14920120642943877,0.23752894560453047
2026-04-23 07:45:22.900,3509416.8733,779156.7707,5250969.6469,,0.0114,0.0063,0.0105,0.016730212192318423,14,-0.10499999858438969,-1.2709999992512167,0.4019999969750643,,0.16122034611053285,0.08909545442950498,0.14849242404917498,0.23660092983756426
2026-04-23 07:45:23.000,3509416.8623,779156.7088,5250969.6678,,0.0114,0.0063,0.0105,0.016730212192318423,14,-0.24600000120699406,-1.1679999995976686,0.4299999959766865,,0.1605147968257132,0.08909545442950498,0.14849242404917498,0.2361207318301381
2026-04-23 07:45:23.100,3509416.8487,779156.6539,5250969.6899,,0.0113,0.0063,0.0105,0.016662232743543105,14,-0.32899999991059303,-1.1100000003352761,0.46600000001490116,,0.1605147968257132,0.08909545442950498,0.14849242404917498,0.2361207318301381
2026-04-23 07:45:23.200,3509416.8294,779156.5978,5250969.7144,,0.0113,0.0063,0.0105,0.016662232743543105,15,-0.4249999998137355,-1.1770000006072223,0.5730000045150518,,0.15980613254815973,0.08909545442950498,0.14849242404917498,0.23563955525335722
2026-04-23 07:45:23.300,3509416.8062,779156.5362,5250969.7472,,0.0113,0.0063,0.0105,0.016662232743543105,15,-0.478000002913177,-1.1780000000726432,0.5700000002980232,,0.15980613254815973,0.08909545442950498,0.14849242404917498,0.23563955525335722
2026-04-23 07:45:23.400,3509416.7816,779156.48,5250969.7714,,0.0113,0.0063,0.0105,0.016662232743543105,15,-0.5839999997988343,-1.0119999991729856,0.53999999538064,,0.15980613254815973,0.08909545442950498,0.14849242404917498,0.23563955525335722
2026-04-23 07:45:23.500,3509416.7478,779156.435,5250969.8012,,0.0113,0.0063,0.0105,0.016662232743543105,15,-0.6969999987632036,-0.9999999997671694,0.5790000036358833,,0.15910059710761612,0.08909545442950498,0.14849242404917498,0.2351616465327626
2026-04-23 07:45:23.600,3509416.7119,779156.38,5250969.8293,,0.0112,0.0063,0.0105,0.016594577427581577,15,-0.7690000021830201,-1.1040000000502914,0.6300000008195639,,0.15839823231336891,0.0883911760301898,0.14778700890132393,0.23397435756937124
2026-04-23 07:45:23.700,3509416.6709,779156.3246,5250969.8642,,0.0111,0.0062,0.0104,0.01642589419179364,15,-0.7730000000447035,-0.9669999999459833,0.6539999973028898,,0.15768639763784317,0.0883911760301898,0.14778700890132393,0.23349304058151282
2026-04-23 07:45:23.800,3509416.6346,779156.2833,5250969.8947,,0.0111,0.0062,0.0104,0.01642589419179364,15,-0.8059999998658895,-0.8040000009350479,0.6020000018179417,,0.15627219842313606,0.08697700845625812,0.14707821048680186,0.23155560887182153
2026-04-23 07:45:23.900,3509416.5903,779156.2442,5250969.9244,,0.011,0.0061,0.0104,0.016320845566330195,15,-0.8919999981299043,-0.8239999995566905,0.651000002399087,,0.15627219842313606,0.08697700845625812,0.14707821048680186,0.23155560887182153
2026-04-23 07:45:24.000,3509416.5454,779156.2009,5250969.9598,,0.011,0.0061,0.0104,0.016320845566330195,15,-0.9429999999701977,-0.8059999998658895,0.7270000036805868,,0.15485799947048262,0.08626702730475881,0.14707821048680186,0.23033671005725506
2026-04-23 07:45:24.100,3509416.496,779156.1636,5250969.9971,,0.0109,0.0061,0.0104,0.01625361498252004,15,-0.973000000230968,-0.5730000010225922,0.7129999995231628,,0.15415576538034506,0.08626702730475881,0.14707821048680186,0.22986517787607585
2026-04-23 07:45:24.200,3509416.4481,779156.1436,5250970.0311,,0.0108,0.0061,0.0104,0.01618672295432278,15,-0.9639999968931079,-0.34699999960139394,0.6759999971836805,,0.15344380078712855,0.08626702730475881,0.14707821048680186,0.2293883170521114
2026-04-23 07:45:24.300,3509416.3996,779156.1289,5250970.0647,,0.0108,0.0061,0.0104,0.01618672295432278,15,-0.9530000016093254,-0.34899999969638884,0.6979999970644712,,0.15202960238058902,0.08626702730475881,0.14707821048680186,0.22844474167728177
2026-04-23 07:45:24.400,3509416.3528,779156.1087,5250970.1009,,0.0107,0.0061,0.0104,0.016120173696334665,15,-1.0350000020116568,-0.3399999998509884,0.7589999958872795,,0.15202960238058902,0.08626702730475881,0.14707821048680186,0.22844474167728177
2026-04-23 07:45:24.500,3509416.2961,779156.0949,5250970.1406,,0.0107,0.0061,0.0104,0.016120173696334665,15,-1.0499999998137355,-0.20099999965168536,0.7540000043809414,,0.15132085117392113,0.08626702730475881,0.14707821048680186,0.22797368269166507
2026-04-23 07:45:24.600,3509416.2478,779156.0886,5250970.1763,,0.0107,0.0061,0.0104,0.016120173696334665,15,-0.9689999977126718,-0.09799999999813735,0.7440000027418137,,0.15061540425866138,0.08556284240252893,0.14637281168304447,0.22678403823902596
2026-04-23 07:45:24.700,3509416.1992,779156.0851,5250970.215,,0.0106,0.006,0.0103,0.015951488958714795,15,-0.9869999997317791,-0.027000000700354576,0.7339999917894602,,0.15061540425866138,0.08556284240252893,0.14637281168304447,0.22678403823902596
2026-04-23 07:45:24.800,3509416.1491,779156.0859,5250970.2497,,0.0106,0.006,0.0103,0.015951488958714795,15,-1.0810000030323863,0.07499999948777258,0.6890000030398369,,0.14920120642943877,0.0848528137423857,0.1456639969244288,0.2251199680170553
2026-04-23 07:45:24.900,3509416.0911,779156.0926,5250970.2839,,0.0105,0.006,0.0103,0.015885213250063722,15,-1.101000001654029,0.158000000519678,0.6300000008195639,,0.14920120642943877,0.0848528137423857,0.1456639969244288,0.2251199680170553
2026-04-23 07:45:25.000,3509416.039,779156.1017,5250970.3127,,0.0105,0.006,0.0103,0.015885213250063722,15,-1.0599999967962503,0.23800000082701445,0.6549999956041574,,0.14849242404917498,0.0848528137423857,0.1449586147836685,0.22419411232233552
2026-04-23 07:45:25.100,3509415.9851,779156.1164,5250970.3494,,0.0105,0.006,0.0102,0.01582055624812225,15,-1.121999998576939,0.3300000005401671,0.7260000053793192,,0.14849242404917498,0.0848528137423857,0.1449586147836685,0.22419411232233552
2026-04-23 07:45:25.200,3509415.9268,779156.1347,5250970.3853,,0.0105,0.006,0.0102,0.01582055624812225,15,-1.1470000026747584,0.39699999964796007,0.6850000005215406,,0.14778700890132393,0.0848528137423857,0.14424978336205568,0.22326889617678497
2026-04-23 07:45:25.300,3509415.8704,779156.1561,5250970.4179,,0.0104,0.006,0.0102,0.015754364474646385,15,-1.1280000023543835,0.48399999970570207,0.5910000018775463,,0.14778700890132393,0.0848528137423857,0.14424978336205568,0.22326889617678497
2026-04-23 07:45:25.400,3509415.814,779156.1831,5250970.4444,,0.0104,0.006,0.0102,0.015754364474646385,15,-1.0269999969750643,0.5969999998342246,0.45599999837577343,,0.15065523555456012,0.08556284240252893,0.14424978336205568,0.22544622418661173
2026-04-23 07:45:25.500,3509415.7677,779156.2158,5250970.4635,,0.0109,0.0061,0.0102,0.01612637591029057,15,-1.1159999994561076,0.6429999996908009,0.5559999961405993,,0.15283978539634238,0.08556284240252893,0.14424978336205568,0.22691187716820818
2026-04-23 07:45:25.600,3509415.7024,779156.2474,5250970.5,,0.0112,0.0061,0.0102,0.01633064603743526,15,-1.1800000024959445,0.605999999679625,0.627000005915761,,0.15772444325468388,0.08556284240252893,0.14424978336205568,0.2302303194629239
2026-04-23 07:45:25.700,3509415.6497,779156.2764,5250970.5262,,0.0114,0.006,0.0102,0.016431676725154984,15,-1.0309999994933605,0.659999999916181,0.45900000259280205,,0.1598123900077838,0.08556284240252893,0.14424978336205568,0.23166570743206685
2026-04-23 07:45:25.800,3509415.5993,779156.3134,5250970.5459,,0.0114,0.006,0.0102,0.016431676725154984,15,-0.8680000016465783,0.8460000006016344,0.3560000006109476,,0.16192899678562822,0.0848528137423857,0.14424978336205568,0.2328712090405338
2026-04-23 07:45:25.900,3509415.5629,779156.361,5250970.5618,,0.0115,0.006,0.0102,0.016501212076693035,15,-0.771999997086823,0.9620000002905726,0.2850000001490116,,0.16122034611053285,0.0848528137423857,0.14424978336205568,0.232379000772445
2026-04-23 07:45:26.000,3509415.5221,779156.4096,5250970.5744,,0.0114,0.006,0.0102,0.016431676725154984,15,-0.7439999980852008,1.0259999998379499,0.20200000144541264,,0.16192899678562822,0.0848528137423857,0.14424978336205568,0.2328712090405338
2026-04-23 07:45:26.100,3509415.4885,779156.4636,5250970.582,,0.0114,0.006,0.0102,0.016431676725154984,15,-0.6480000028386712,1.0670000000391155,0.21499999798834324,,0.16122034611053285,0.0848528137423857,0.1449586147836685,0.23281967270830015
2026-04-23 07:45:26.200,3509415.4573,779156.5163,5250970.5959,,0.0114,0.006,0.0103,0.016493938280471406,14,-0.6479999981820583,1.145999999716878,0.22199999541044235,,0.1605147968257132,0.0848528137423857,0.1449586147836685,0.23233165948703588
2026-04-23 07:45:26.300,3509415.4237,779156.5782,5250970.6042,,0.0113,0.006,0.0103,0.016424980974113792,15,-0.6809999980032444,1.248999999370426,0.21800000220537186,,0.15911316727411343,0.0848528137423857,0.1456639969244288,0.23180811029815157
2026-04-23 07:45:26.400,3509415.3892,779156.6412,5250970.6177,,0.0111,0.006,0.0103,0.01628803241647069,15,-0.5920000001788139,1.2190000002738088,0.19600000232458115,,0.15769908052997642,0.0848528137423857,0.1456639969244288,0.23083977127003047
2026-04-23 07:45:26.500,3509415.3645,779156.7001,5250970.6238,,0.011,0.006,0.0103,0.01622004932174992,15,-0.5140000022947788,1.0970000002998859,0.10699999518692493,,0.15627219842313606,0.0848528137423857,0.1456639969244288,0.2298673530538863
2026-04-23 07:45:26.600,3509415.3378,779156.7509,5250970.6284,,0.011,0.006,0.0103,0.01622004932174992,15,-0.4029999999329448,0.6719999993219972,0.0409999955445528,,0.15485799947048262,0.0848528137423857,0.1456639969244288,0.22890827857462911
2026-04-23 07:45:26.700,3509415.3242,779156.7673,5250970.6279,,0.0109,0.006,0.0103,0.01615239920259526,15,-0.05200000014156103,0.07800000021234155,-0.03200000151991844,,0.15415576538034506,0.0848528137423857,0.1456639969244288,0.22843379784961768
2026-04-23 07:45:26.800,3509415.3326,779156.7587,5250970.6252,,0.0108,0.006,0.0103,0.016085086260259843,15,0.24999999906867743,-0.308999998960644,-0.05799999460577965,,0.15344380078712855,0.0848528137423857,0.1456639969244288,0.22795394271650576
2026-04-23 07:45:26.900,3509415.3492,779156.7364,5250970.6221,,0.0108,0.006,0.0103,0.016085086260259843,15,0.2640000032261014,-0.4249999998137355,-0.056999996304512024,,0.15202960238058902,0.0848528137423857,0.1456639969244288,0.22700440524359874
2026-04-23 07:45:27.000,3509415.359,779156.7162,5250970.6195,,0.0107,0.006,0.0103,0.016018114745499856,15,0.2430000016465783,-0.4210000007878989,-0.04800000227987766,,0.15202960238058902,0.0848528137423857,0.1456639969244288,0.22700440524359874
2026-04-23 07:45:27.100,3509415.3735,779156.6943,5250970.6173,,0.0107,0.006,0.0103,0.016018114745499856,15,0.14399999752640724,-0.5090000003110617,0.1140000019222498,,0.15061540425866138,0.0848528137423857,0.1449586147836685,0.22560585098795638
2026-04-23 07:45:27.200,3509415.3734,779156.6653,5250970.6309,,0.0106,0.006,0.0102,0.0158871016865884,15,-0.11100000236183405,-1.1999999999534339,0.28699999675154686,,0.1527416118809802,0.08627861844049195,0.1456639969244288,0.22801754318472953
2026-04-23 07:45:27.300,3509415.3624,779156.5743,5250970.646,,0.0109,0.0062,0.0103,0.016227754003558227,14,-0.2760000014677644,-2.029000000329688,0.2879999950528145,,0.15132745950421556,0.08556284240252893,0.14424978336205568,0.22589599376704314
2026-04-23 07:45:27.400,3509415.3458,779156.4624,5250970.6597,,0.0108,0.0061,0.0102,0.016058953888718905,15,-0.2410000003874302,-1.995999999344349,0.18300000578165054,,0.1527416118809802,0.08697700845625812,0.1449586147836685,0.22783327237258388
2026-04-23 07:45:27.500,3509415.3383,779156.3747,5250970.6643,,0.0107,0.0061,0.0102,0.015991872935963443,15,-0.21399999968707561,-1.5489999996498227,0.21500000730156898,,0.15132745950421556,0.08556284240252893,0.14424978336205568,0.22589599376704314
2026-04-23 07:45:27.600,3509415.3244,779156.3075,5250970.6812,,0.0106,0.006,0.0102,0.0158871016865884,15,-0.11899999808520079,-1.2620000005699694,0.3809999953955412,,0.15202960238058902,0.08697700845625812,0.14424978336205568,0.22690526657616386
2026-04-23 07:45:27.700,3509415.3264,779156.2485,5250970.7024,,0.0108,0.0062,0.0102,0.01609720472628711,14,-0.10499999858438969,-1.1049999995157123,0.49099999479949474,,0.15276125163142648,0.08627861844049195,0.1449586147836685,0.227580754898124
2026-04-23 07:45:27.800,3509415.3139,779156.197,5250970.7303,,0.011,0.0062,0.0103,0.01629509128541476,14,-0.3780000004917383,-1.2060000002384186,0.5450000055134296,,0.15487091398968367,0.0883911760301898,0.1449586147836685,0.229806440292695
2026-04-23 07:45:27.900,3509415.2886,779156.1279,5250970.7569,,0.0111,0.0063,0.0103,0.016400914608643017,14,-0.534999999217689,-1.356000000378117,0.6259999983012676,,0.15698407562552325,0.0883911760301898,0.1456639969244288,0.23167865676406188
2026-04-23 07:45:28.000,3509415.2604,779156.0614,5250970.7929,,0.0112,0.0063,0.0103,0.016468758301705688,14,-0.6380000011995435,-1.4519999991171062,0.7629999984055758,,0.15839823231336891,0.08909545442950498,0.1456639969244288,0.23290770704294006
2026-04-23 07:45:28.100,3509415.2248,779155.9827,5250970.8332,,0.0113,0.0063,0.0103,0.016536928372584796,14,-0.8320000022649765,-2.1250000002328306,0.9310000017285347,,0.15910059710761612,0.08909545442950498,0.1456639969244288,0.23338594644922386
2026-04-23 07:45:28.200,3509415.1772,779155.8489,5250970.886,,0.0113,0.0063,0.0103,0.016536928372584796,14,-0.9799999976530671,-2.756999999983236,1.0719999950379133,,0.15980613254815973,0.08909545442950498,0.14637281168304447,0.23430962421548115
2026-04-23 07:45:28.300,3509415.1268,779155.707,5250970.9404,,0.0113,0.0063,0.0104,0.016599397579430405,14,-1.0389999998733401,-2.582999999867752,1.101000001654029,,0.15980613254815973,0.08909545442950498,0.14637281168304447,0.23430962421548115
2026-04-23 07:45:28.400,3509415.0733,779155.5906,5250970.9961,,0.0113,0.0063,0.0104,0.016599397579430405,14,-1.032000002451241,-1.9450000009965152,1.0380000062286854,,0.15980613254815973,0.08909545442950498,0.14707821048680186,0.23475093184053603
2026-04-23 07:45:28.500,3509415.0236,779155.5125,5250971.0442,,0.0113,0.0063,0.0104,0.016599397579430405,14,-0.8559999987483025,-1.178999999538064,0.7749999966472387,,0.15980613254815973,0.08909545442950498,0.14707821048680186,0.23475093184053603
2026-04-23 07:45:28.600,3509414.9877,779155.4727,5250971.0736,,0.0113,0.0063,0.0104,0.016599397579430405,14,-0.5299999983981252,-0.46399999991990626,0.4299999959766865,,0.15980613254815973,0.08909545442950498,0.14707821048680186,0.23475093184053603
2026-04-23 07:45:28.700,3509414.9706,779155.4661,5250971.0872,,0.0113,0.0063,0.0104,0.016599397579430405,14,-0.23300000000745058,0.11399999959394336,0.1660000067204237,,0.15980613254815973,0.08909545442950498,0.14707821048680186,0.23475093184053603
2026-04-23 07:45:28.800,3509414.9644,779155.4841,5250971.0902,,0.0113,0.0063,0.0104,0.016599397579430405,14,-0.10999999940395355,0.46399999991990626,-0.022999998182058334,,0.15910059710761612,0.08909545442950498,0.14707821048680186,0.23427121035244597
2026-04-23 07:45:28.900,3509414.9596,779155.5125,5250971.0849,,0.0112,0.0063,0.0104,0.01653148511174964,14,-0.37299999967217445,0.23599999956786633,0.14099999330937862,,0.15910059710761612,0.08909545442950498,0.14707821048680186,0.23427121035244597
2026-04-23 07:45:29.000,3509414.9271,779155.5077,5250971.1043,,0.0112,0.0063,0.0104,0.01653148511174964,14,-0.9030000027269125,-0.8629999996628612,0.7120000012218952,,0.15839191898578664,0.08909545442950498,0.14707821048680186,0.2337905045120524
2026-04-23 07:45:29.100,3509414.8693,779155.4262,5250971.1561,,0.0112,0.0063,0.0104,0.01653148511174964,14,-1.0360000003129244,-1.8959999992512167,0.9580000024288893,,0.15839191898578664,0.08909545442950498,0.14707821048680186,0.2337905045120524
2026-04-23 07:45:29.200,3509414.8235,779155.3181,5250971.2001,,0.0112,0.0063,0.0104,0.01653148511174964,14,-0.6490000011399388,-1.7969999997876585,0.6900000013411045,,0.15839191898578664,0.08909545442950498,0.14707821048680186,0.2337905045120524
2026-04-23 07:45:29.300,3509414.8044,779155.2465,5250971.2251,,0.0112,0.0063,0.0104,0.01653148511174964,14,-0.058999997563660145,-1.07700000051409,0.22199999541044235,,0.15839191898578664,0.08909545442950498,0.14707821048680186,0.2337905045120524
2026-04-23 07:45:29.400,3509414.8176,779155.2104,5250971.2223,,0.0112,0.0063,0.0104,0.01653148511174964,14,0.29600000008940697,-0.4630000004544854,-0.18900000490248203,,0.15839191898578664,0.08909545442950498,0.14707821048680186,0.2337905045120524
2026-04-23 07:45:29.500,3509414.834,779155.2002,5250971.2062,,0.0112,0.0063,0.0104,0.01653148511174964,14,0.28699999675154686,-0.022999999346211553,-0.2449999935925007,,0.15839191898578664,0.08909545442950498,0.14707821048680186,0.2337905045120524
2026-04-23 07:45:29.600,3509414.8463,779155.2081,5250971.1978,,0.0112,0.0063,0.0104,0.01653148511174964,14,0.15300000086426735,0.22300000069662929,-0.18199999816715717,,0.15839191898578664,0.08909545442950498,0.14707821048680186,0.2337905045120524
2026-04-23 07:45:29.700,3509414.8493,779155.2225,5250971.188,,0.0112,0.0063,0.0104,0.01653148511174964,14,-0.03199999686330557,0.16899999929592013,-0.052000004798173904,,0.15768639763784317,0.08909545442950498,0.14707821048680186,0.23331309436034658
2026-04-23 07:45:29.800,3509414.8431,779155.225,5250971.1926,,0.0111,0.0063,0.0104,0.016463899902513984,14,-0.13499999884516,-0.27400000020861626,0.18000000156462193,,0.15768639763784317,0.08909545442950498,0.14707821048680186,0.23331309436034658
2026-04-23 07:45:29.900,3509414.8358,779155.1951,5250971.206,,0.0111,0.0063,0.0104,0.016463899902513984,14,-0.07400000002235174,-0.9719999996013939,0.30400000512599945,,0.15697770542341355,0.08909545442950498,0.14707821048680186,0.23283470531688355
2026-04-23 07:45:30.000,3509414.8357,779155.1278,5250971.223,,0.0111,0.0063,0.0104,0.016463899902513984,14,0.12600000016391277,-1.252000000094995,0.27099999599158764,,0.15697770542341355,0.08909545442950498,0.14707821048680186,0.23283470531688355
2026-04-23 07:45:30.100,3509414.8484,779155.0699,5250971.2331,,0.0111,0.0063,0.0104,0.016463899902513984,14,0.20800000056624413,-0.8590000006370246,0.10199999436736107,,0.15697770542341355,0.08909545442950498,0.14707821048680186,0.23283470531688355
2026-04-23 07:45:30.200,3509414.8565,779155.0419,5250971.2332,,0.0111,0.0063,0.0104,0.016463899902513984,14,0.2210000017657876,-0.3520000004209578,-0.044999998062849045,,0.15697770542341355,0.08909545442950498,0.14707821048680186,0.23283470531688355
2026-04-23 07:45:30.300,3509414.8705,779155.0347,5250971.2286,,0.0111,0.0063,0.0104,0.016463899902513984,14,0.21799999754875898,0.027000000700354576,-0.05199999548494816,,0.15697770542341355,0.08909545442950498,0.14707821048680186,0.23283470531688355
2026-04-23 07:45:30.400,3509414.8783,779155.0446,5250971.228,,0.0111,0.0063,0.0104,0.016463899902513984,14,-0.05400000140070915,0.11500000022351742,0.15999999828636646,,0.15697770542341355,0.08909545442950498,0.14707821048680186,0.23283470531688355
2026-04-23 07:45:30.500,3509414.8651,779155.0462,5250971.2446,,0.0111,0.0063,0.0104,0.016463899902513984,14,-0.5459999991580844,-0.5350000003818423,0.5129999946802855,,0.15697770542341355,0.08909545442950498,0.14707821048680186,0.23283470531688355
2026-04-23 07:45:30.600,3509414.8237,779154.9911,5250971.2793,,0.0111,0.0063,0.0104,0.016463899902513984,14,-0.696000000461936,-1.7619999998714775,0.6820000056177378,,0.15697770542341355,0.08909545442950498,0.14707821048680186,0.23283470531688355
2026-04-23 07:45:30.700,3509414.7955,779154.87,5250971.3128,,0.0111,0.0063,0.0104,0.016463899902513984,14,-0.2710000006482005,-2.08600000012666,0.48700000159442425,,0.15697770542341355,0.08909545442950498,0.14707821048680186,0.23283470531688355
2026-04-23 07:45:30.800,3509414.7966,779154.7825,5250971.328,,0.0111,0.0063,0.0104,0.016463899902513984,14,0.34399999771267176,-1.2899999995715916,0.031999992206692696,,0.15697770542341355,0.08909545442950498,0.14707821048680186,0.23283470531688355
2026-04-23 07:45:30.900,3509414.8299,779154.741,5250971.316,,0.0111,0.0063,0.0104,0.016463899902513984,14,0.632000002078712,-0.6189999997150153,-0.25899999774992466,,0.15697770542341355,0.08909545442950498,0.14707821048680186,0.23283470531688355
2026-04-23 07:45:31.000,3509414.8598,779154.7206,5250971.3021,,0.0111,0.0063,0.0104,0.016463899902513984,14,0.3770000021904707,-0.19500000053085387,-0.17799999564886093,,0.15697770542341355,0.08909545442950498,0.14707821048680186,0.23283470531688355
2026-04-23 07:45:31.100,3509414.8676,779154.7215,5250971.2982,,0.0111,0.0063,0.0104,0.016463899902513984,14,0.07699999958276749,0.11700000031851232,0.003000004217028618,,0.15697770542341355,0.08909545442950498,0.14707821048680186,0.23283470531688355
2026-04-23 07:45:31.200,3509414.8675,779154.7323,5250971.3024,,0.0111,0.0063,0.0104,0.016463899902513984,14,-0.2710000006482005,-0.16199999954551458,0.23400000296533108,,0.15697770542341355,0.08909545442950498,0.14707821048680186,0.23283470531688355
2026-04-23 07:45:31.300,3509414.8405,779154.7053,5250971.3216,,0.0111,0.0063,0.0104,0.016463899902513984,14,-0.4350000014528632,-1.339000000152737,0.42899999767541885,,0.15697770542341355,0.08909545442950498,0.14707821048680186,0.23283470531688355
2026-04-23 07:45:31.400,3509414.824,779154.5984,5250971.3453,,0.0111,0.0063,0.0104,0.016463899902513984,14,-0.03200000151991844,-2.3900000005960464,0.2729999925941229,,0.15697770542341355,0.08909545442950498,0.14707821048680186,0.23283470531688355
2026-04-23 07:45:31.500,3509414.8373,779154.4663,5250971.3489,,0.0111,0.0063,0.0104,0.016463899902513984,14,0.3990000020712614,-2.2290000005159527,-0.038999998942017555,,0.15697770542341355,0.08909545442950498,0.14707821048680186,0.23283470531688355
2026-04-23 07:45:31.600,3509414.8639,779154.3755,5250971.3414,,0.0111,0.0063,0.0104,0.016463899902513984,14,0.6540000019595027,-1.5399999998044223,-0.2509999927133322,,0.15697770542341355,0.08909545442950498,0.14707821048680186,0.23283470531688355
2026-04-23 07:45:31.700,3509414.9027,779154.3123,5250971.3238,,0.0111,0.0063,0.0104,0.016463899902513984,14,0.6419999990612268,-0.9450000000651926,-0.35300000570714474,,0.15697770542341355,0.08909545442950498,0.14707821048680186,0.23283470531688355
2026-04-23 07:45:31.800,3509414.9281,779154.281,5250971.3061,,0.0111,0.0063,0.0104,0.016463899902513984,14,0.3610000014305115,-0.3440000000409782,-0.23000000044703484,,0.15697770542341355,0.08909545442950498,0.14707821048680186,0.23283470531688355
2026-04-23 07:45:31.900,3509414.9388,779154.2779,5250971.3008,,0.0111,0.0063,0.0104,0.016463899902513984,14,0.06399999838322401,0.10300000081770122,-0.050999997183680534,,0.15697770542341355,0.08909545442950498,0.14707821048680186,0.23283470531688355
2026-04-23 07:45:32.000,3509414.9345,779154.2913,5250971.301,,0.0111,0.0063,0.0104,0.016463899902513984,14,-2.0250000013038516,0.12800000025890768,-1.8209999985992908,,0.15627219842313606,0.08909545442950498,0.14637281168304447,0.23191377708105226
2026-04-23 07:45:32.100,3509414.7363,779154.2907,5250971.1187,,0.011,0.0063,0.0103,0.016333401360402552,14,-1.7929999995976686,-1.0030000004917383,-1.7420000024139881,,0.15627219842313606,0.08909545442950498,0.14637281168304447,0.23191377708105226
2026-04-23 07:45:32.200,3509414.7552,779154.191,5250971.1268,,0.011,0.0063,0.0103,0.016333401360402552,14,0.4490000009536743,-2.0039999997243285,0.10799999348819256,,0.15556349186104043,0.08909545442950498,0.1456639969244288,0.23098917723564452
2026-04-23 07:45:32.300,3509414.7812,779154.0903,5250971.1295,,0.011,0.0063,0.0103,0.016333401360402552,14,0.5700000002980232,-1.8090000003576279,-0.022999998182058334,,0.15556349186104043,0.08909545442950498,0.1456639969244288,0.23098917723564452
2026-04-23 07:45:32.400,3509414.8122,779154.0101,5250971.1245,,0.011,0.0063,0.0103,0.016333401360402552,14,0.5049999989569187,-1.371999999973923,-0.06799999624490738,,0.15556349186104043,0.08909545442950498,0.1456639969244288,0.23098917723564452
2026-04-23 07:45:32.500,3509414.8317,779153.9531,5250971.1227,,0.011,0.0063,0.0103,0.016333401360402552,14,0.2850000001490116,-0.8779999997932464,0.03800000064074993,,0.15556349186104043,0.08909545442950498,0.1456639969244288,0.23098917723564452
2026-04-23 07:45:32.600,3509414.8407,779153.9223,5250971.1283,,0.011,0.0063,0.0103,0.016333401360402552,14,0.04800000227987766,-0.28200000058859587,0.12000000104308128,,0.15556349186104043,0.08909545442950498,0.1456639969244288,0.23098917723564452
2026-04-23 07:45:32.700,3509414.8365,779153.9249,5250971.1347,,0.011,0.0063,0.0103,0.016333401360402552,14,-0.021000001579523087,-0.06799999973736703,0.1329999975860119,,0.15556349186104043,0.08909545442950498,0.1456639969244288,0.23098917723564452
2026-04-23 07:45:32.800,3509414.8386,779153.9155,5250971.1416,,0.011,0.0063,0.0103,0.016333401360402552,14,0.050999997183680534,-0.6239999993704259,0.11399999260902405,,0.15556349186104043,0.08909545442950498,0.1456639969244288,0.23098917723564452
2026-04-23 07:45:32.900,3509414.8416,779153.8625,5250971.1461,,0.011,0.0063,0.0103,0.016333401360402552,14,0.1280000014230609,-1.1670000001322478,0.06599999964237213,,0.15556349186104043,0.08909545442950498,0.1456639969244288,0.23098917723564452
2026-04-23 07:45:33.000,3509414.8514,779153.7988,5250971.1482,,0.011,0.0063,0.0103,0.016333401360402552,14,0.23099999874830246,-1.0680000006686896,0.012000007554888725,,0.15556349186104043,0.08909545442950498,0.1456639969244288,0.23098917723564452
2026-04-23 07:45:33.100,3509414.8647,779153.7557,5250971.1473,,0.011,0.0063,0.0103,0.016333401360402552,14,0.17599999904632568,-0.5949999997392297,-0.010999999940395355,,0.15556349186104043,0.08909545442950498,0.1456639969244288,0.23098917723564452
2026-04-23 07:45:33.200,3509414.869,779153.7393,5250971.1471,,0.011,0.0063,0.0103,0.016333401360402552,14,0.04000000189989805,-0.09199999971315265,0.03999999724328518,,0.15556349186104043,0.08909545442950498,0.1456639969244288,0.23098917723564452
2026-04-23 07:45:33.300,3509414.8687,779153.7465,5250971.1513,,0.011,0.0063,0.0103,0.016333401360402552,14,-0.2119999984279275,-0.23400000063702464,0.23099999874830246,,0.15556349186104043,0.08909545442950498,0.1456639969244288,0.23098917723564452
2026-04-23 07:45:33.400,3509414.8478,779153.7159,5250971.1702,,0.011,0.0063,0.0103,0.016333401360402552,14,-0.3679999988526106,-1.2809999997261912,0.3809999953955412,,0.15556349186104043,0.08909545442950498,0.1456639969244288,0.23098917723564452
2026-04-23 07:45:33.500,3509414.8319,779153.6184,5250971.1894,,0.011,0.0063,0.0103,0.016333401360402552,14,-0.07300000172108412,-2.1739999996498227,0.2530000079423189,,0.15556349186104043,0.08909545442950498,0.1456639969244288,0.23098917723564452
2026-04-23 07:45:33.600,3509414.8405,779153.4985,5250971.1955,,0.011,0.0063,0.0103,0.016333401360402552,14,0.11699999682605267,-2.0730000000912696,0.06500000134110451,,0.15556349186104043,0.08909545442950498,0.1456639969244288,0.23098917723564452
2026-04-23 07:45:33.700,3509414.8436,779153.4111,5250971.1959,,0.011,0.0063,0.0103,0.016333401360402552,14,0.1489999983459711,-1.476000000257045,-0.00100000761449337,,0.15556349186104043,0.08909545442950498,0.1456639969244288,0.23098917723564452
2026-04-23 07:45:33.800,3509414.8554,779153.3509,5250971.1954,,0.011,0.0063,0.0103,0.016333401360402552,14,0.17600000370293856,-0.8720000006724149,-0.04199999384582043,,0.15556349186104043,0.08909545442950498,0.1456639969244288,0.23098917723564452
2026-04-23 07:45:33.900,3509414.8612,779153.3239,5250971.1917,,0.011,0.0063,0.0103,0.016333401360402552,14,0.027000000700354576,-0.3899999998975545,0.0390000082552433,,0.15556349186104043,0.08909545442950498,0.1456639969244288,0.23098917723564452
2026-04-23 07:45:34.000,3509414.8581,779153.3119,5250971.1993,,0.011,0.0063,0.0103,0.016333401360402552,14,-0.13500000350177288,-0.7269999990239739,0.2790000010281801,,0.15556349186104043,0.08909545442950498,0.1456639969244288,0.23098917723564452
2026-04-23 07:45:34.100,3509414.8477,779153.2512,5250971.2196,,0.011,0.0063,0.0103,0.016333401360402552,14,-0.11399999726563692,-1.9169999996665865,0.44899999164044857,,0.15556349186104043,0.08909545442950498,0.1456639969244288,0.23098917723564452
2026-04-23 07:45:34.200,3509414.8467,779153.1202,5250971.2442,,0.011,0.0063,0.0103,0.016333401360402552,14,0.05400000140070915,-2.1370000008028,0.42200000025331974,,0.15556349186104043,0.08909545442950498,0.1456639969244288,0.23098917723564452
2026-04-23 07:45:34.300,3509414.8531,779153.0375,5250971.2618,,0.011,0.0063,0.0103,0.016333401360402552,14,0.2119999984279275,-1.4480000000912696,0.28800000436604023,,0.15556349186104043,0.08909545442950498,0.1456639969244288,0.23098917723564452
2026-04-23 07:45:34.400,3509414.8679,779152.9754,5250971.273,,0.011,0.0063,0.0103,0.016333401360402552,14,0.23700000252574682,-0.9470000001601875,0.19899999722838402,,0.15556349186104043,0.08909545442950498,0.1456639969244288,0.23098917723564452
2026-04-23 07:45:34.500,3509414.8768,779152.9428,5250971.2817,,0.011,0.0063,0.0103,0.016333401360402552,14,0.13000000268220901,-0.34100000048056245,0.10699999518692493,,0.15556349186104043,0.08909545442950498,0.1456639969244288,0.23098917723564452
2026-04-23 07:45:34.600,3509414.8809,779152.9413,5250971.2837,,0.011,0.0063,0.0103,0.016333401360402552,14,-0.009000003337860107,0.21100000012665987,0.008999994024634361,,0.15556349186104043,0.08909545442950498,0.1456639969244288,0.23098917723564452
2026-04-23 07:45:34.700,3509414.8759,779152.9639,5250971.2826,,0.011,0.0063,0.0103,0.016333401360402552,14,-0.17600000370293856,0.4370000003837049,0.07900000549852848,,0.1598624408671405,0.08909545442950498,0.1456639969244288,0.23390596401118122
2026-04-23 07:45:34.800,3509414.8633,779152.985,5250971.2916,,0.0116,0.0063,0.0103,0.016743356891615255,14,-0.41399999987334013,-0.18099999986588955,0.3280000016093254,,0.16278820596099705,0.08909545442950498,0.14637281168304447,0.2363535487357869
2026-04-23 07:45:34.900,3509414.8345,779152.9458,5250971.3154,,0.012,0.0063,0.0104,0.01708361788380904,14,-0.359999998472631,-1.4830000000074506,0.38800000213086605,,0.1690709910067366,0.08909545442950498,0.14637281168304447,0.24072390824344805
2026-04-23 07:45:35.000,3509414.8273,779152.8367,5250971.3304,,0.0123,0.0063,0.0104,0.01729566419655516,14,-0.071000000461936,-1.7469999997410923,0.22100000642240047,,0.17327723451163457,0.08909545442950498,0.14707821048680186,0.2441208717008851
2026-04-23 07:45:35.100,3509414.8274,779152.7711,5250971.3375,,0.0125,0.0063,0.0104,0.017438463235044537,14,0.13999999966472387,-0.9620000002905726,0.031999992206692696,,0.1753681841155915,0.08909545442950498,0.14778700890132393,0.24603455041924496
2026-04-23 07:45:35.200,3509414.8413,779152.7405,5250971.3336,,0.0125,0.0063,0.0105,0.017498285630312475,14,0.28799999970942736,-0.4090000002179295,-0.12400000356137753,,0.1767766952966369,0.08909545442950498,0.14778700890132393,0.24704048251248217
2026-04-23 07:45:35.300,3509414.8562,779152.7302,5250971.3251,,0.0125,0.0063,0.0105,0.017498285630312475,14,0.046999999321997166,-0.07799999904818833,-0.038999998942017555,,0.1767766952966369,0.08909545442950498,0.14920120642943877,0.24788908810191707
2026-04-23 07:45:35.400,3509414.846,779152.7327,5250971.3297,,0.0125,0.0063,0.0106,0.017558473737771172,14,-0.4519999958574772,-0.348000000230968,0.2940000034868717,,0.17607100840286,0.08909545442950498,0.14920120642943877,0.2473863375370596
2026-04-23 07:45:35.500,3509414.811,779152.6954,5250971.3545,,0.0124,0.0063,0.0106,0.017487424052730006,14,-0.4869999969378114,-1.5950000006705523,0.4980000015348196,,0.1753681841155915,0.08909545442950498,0.15061540425866138,0.24774381929727327
2026-04-23 07:45:35.600,3509414.7973,779152.5732,5250971.3795,,0.0123,0.0063,0.0107,0.017477700077527362,14,-0.06700000260025263,-3.020000000251457,0.411999998614192,,0.17395401691251625,0.08909545442950498,0.15061540425866138,0.24674480744283148
2026-04-23 07:45:35.700,3509414.8043,779152.3934,5250971.3957,,0.0122,0.0063,0.0107,0.017407469661039194,14,0.41499999817460775,-3.003999999491498,0.19000000320374966,,0.17253985046939155,0.08909545442950498,0.15132085117392113,0.24618285886714367
2026-04-23 07:45:35.800,3509414.8388,779152.2728,5250971.3985,,0.0121,0.0063,0.0107,0.01733753154286965,14,0.8410000009462237,-2.010999999474734,-0.17599999904632568,,0.17112568480505785,0.08909545442950498,0.15132085117392113,0.24519380090043058
2026-04-23 07:45:35.900,3509414.8884,779152.1923,5250971.3781,,0.012,0.0063,0.0107,0.017267889274604466,14,0.8719999995082617,-1.1690000002272427,-0.3500000014901161,,0.1697115199389835,0.08909545442950498,0.15132085117392113,0.2442089269457609
2026-04-23 07:45:36.000,3509414.926,779152.1559,5250971.3635,,0.0119,0.0063,0.0107,0.017198546450209098,14,0.5830000014975667,-0.3890000004321337,-0.24699999950826168,,0.169,0.08909545442950498,0.15132085117392113,0.2437149974868186
2026-04-23 07:45:36.100,3509414.9467,779152.1534,5250971.3534,,0.0119,0.0063,0.0107,0.017198546450209098,14,0.23200000170618296,0.1500000001396984,-0.09599999524652958,,0.1675857989210303,0.08909545442950498,0.15132085117392113,0.24273648263085626
2026-04-23 07:45:36.200,3509414.9492,779152.1709,5250971.3539,,0.0118,0.0063,0.0107,0.017129506706265653,14,-0.041000000201165676,0.44800000032410026,0.08499999530613422,,0.1675857989210303,0.08909545442950498,0.15132085117392113,0.24273648263085626
2026-04-23 07:45:36.300,3509414.9426,779152.1982,5250971.3619,,0.0118,0.0063,0.0107,0.017129506706265653,14,-0.026000002399086952,-0.07400000002235174,0.22699999623000622,,0.16617159805454118,0.08909545442950498,0.15132085117392113,0.24176227993630434
2026-04-23 07:45:36.400,3509414.9466,779152.1635,5250971.3766,,0.0117,0.0063,0.0107,0.017060773722196776,14,1.6139999963343143,-1.611999999731779,0.7629999984055758,,0.24175400720567178,0.11232987136109432,0.2059732992404598,0.33687980052238214
2026-04-23 07:45:36.500,3509415.104,779152.037,5250971.4382,,0.0211,0.0093,0.0176,0.029007929950273945,13,1.7249999986961484,-2.047000000020489,0.5999999959021807,,0.24039342753078752,0.11232987136109432,0.20511947737842937,0.33538187190127017
2026-04-23 07:45:36.600,3509415.1191,779151.9588,5250971.4366,,0.021,0.0093,0.0175,0.028874556273646875,14,0.2900000009685755,-1.4230000006500632,-0.09800000116229057,,0.29769279467262894,0.13152186130069782,0.2474914139924858,0.40886550355832174
2026-04-23 07:45:36.700,3509415.133,779151.8947,5250971.4284,,0.021,0.0093,0.0174,0.02881405906844782,14,0.20500000100582838,-1.0190000000875443,-0.07899999618530273,,0.29627858511880334,0.13152186130069782,0.24678127967899022,0.40740643097526086
2026-04-23 07:45:36.800,3509415.1396,779151.8569,5250971.4287,,0.0209,0.0093,0.0174,0.028741259540945658,14,0.010999999940395355,-0.4899999999906868,0.02300000749528408,,0.29627858511880334,0.13152186130069782,0.24607315985291853,0.4069778863771347
2026-04-23 07:45:36.900,3509415.1341,779151.8457,5250971.4307,,0.0209,0.0093,0.0174,0.028741259540945658,14,-0.17599999904632568,-0.5079999996814877,0.201000003144145,,0.2955706345359768,0.13152186130069782,0.24536707195546836,0.40603571271502703
2026-04-23 07:45:37.000,3509415.122,779151.8061,5250971.4488,,0.0209,0.0093,0.0173,0.028680829834577655,14,-0.19599999766796827,-1.4799999992828816,0.35699999891221523,,0.2955706345359768,0.13152186130069782,0.24536707195546836,0.40603571271502703
2026-04-23 07:45:37.100,3509415.1145,779151.6977,5250971.4664,,0.0209,0.0093,0.0173,0.028680829834577655,14,-0.16499999910593033,-1.841000000713393,0.3349999990314245,,0.2955706345359768,0.13152186130069782,0.2446589462905454,0.40560818532174614
2026-04-23 07:45:37.200,3509415.1055,779151.622,5250971.4823,,0.0209,0.0093,0.0173,0.028680829834577655,14,-0.06000000052154064,-1.3630000001285225,0.20200000144541264,,0.2948643756034289,0.13152186130069782,0.2446589462905454,0.40509381629444796
2026-04-23 07:45:37.300,3509415.1085,779151.5614,5250971.4866,,0.0208,0.0093,0.0173,0.028608040827711356,14,0.032999999821186066,-0.866999999852851,0.10300000198185444,,0.2948643756034289,0.13152186130069782,0.2446589462905454,0.40509381629444796
2026-04-23 07:45:37.400,3509415.1088,779151.5353,5250971.4926,,0.0208,0.0093,0.0173,0.028608040827711356,14,-0.010000001639127731,-0.3879999998025596,0.12399999424815178,,0.2941564209736037,0.13152186130069782,0.2446589462905454,0.4045787933147262
2026-04-23 07:45:37.500,3509415.1075,779151.5226,5250971.499,,0.0208,0.0093,0.0173,0.028608040827711356,14,-0.1360000018030405,-0.8470000000670552,0.23499999195337296,,0.2941564209736037,0.13152186130069782,0.2446589462905454,0.4045787933147262
2026-04-23 07:45:37.600,3509415.0952,779151.4506,5250971.5161,,0.0208,0.0093,0.0173,0.028608040827711356,14,-0.32999999821186066,-2.2700000007171184,0.4980000015348196,,0.2941564209736037,0.13152186130069782,0.2446589462905454,0.4045787933147262
2026-04-23 07:45:37.700,3509415.0745,779151.2956,5250971.5488,,0.0208,0.0093,0.0173,0.028608040827711356,14,-0.1609999965876341,-2.746000000042841,0.5150000005960464,,0.2941564209736037,0.13294359706281456,0.2446589462905454,0.40504320757173545
2026-04-23 07:45:37.800,3509415.0791,779151.176,5250971.5676,,0.0208,0.0095,0.0173,0.02867368131231147,14,-0.021000001579523087,-2.2809999994933605,0.3839999996125698,,0.29986663702386096,0.13583077707206123,0.24536707195546836,0.410578859660358
2026-04-23 07:45:37.900,3509415.0724,779151.0675,5250971.5872,,0.0216,0.0099,0.0174,0.029450466889338105,12,-0.031000003218650818,-1.83699999935925,0.3560000006109476,,0.30276063152266014,0.13720787149431332,0.24607722365143833,0.413574660732497
2026-04-23 07:45:38.000,3509415.076,779150.9923,5250971.6032,,0.022,0.0099,0.0175,0.029803691046580122,13,0.07699999958276749,-1.1259999999310821,0.3000000026077032,,0.3111784054204276,0.1400071426749364,0.24678127967899022,0.4211116241568261
2026-04-23 07:45:38.100,3509415.0801,779150.9549,5250971.6172,,0.0224,0.0099,0.0175,0.03010016611249845,14,0.024999999441206455,-0.43200000072829425,0.2350000012665987,,0.31539816105995283,0.1393018305694509,0.24819548746905132,0.42483173139491354
2026-04-23 07:45:38.200,3509415.0785,779150.9491,5250971.6267,,0.0226,0.0098,0.0176,0.030274741947702875,13,-0.11599999852478504,-0.40000000037252903,0.26999999769032,,0.31891221362625793,0.1393018305694509,0.24819548746905132,0.4274470727470244
2026-04-23 07:45:38.300,3509415.0685,779150.9149,5250971.6442,,0.0227,0.0098,0.0176,0.03034946457517826,13,-0.2639999985694885,-1.0979999997653067,0.42500000447034836,,0.3210295936514264,0.13788763541376725,0.2496096953245206,0.42939259425379006
2026-04-23 07:45:38.400,3509415.0521,779150.8393,5250971.6692,,0.0228,0.0097,0.0177,0.030450287354965962,14,-0.07600000128149986,-1.4699999999720603,0.2689999993890524,,0.32173436247935966,0.13788763541376725,0.2503197954617253,0.43033242964015617
2026-04-23 07:45:38.500,3509415.0609,779150.7679,5250971.6711,,0.0228,0.0097,0.0178,0.03050852339920764,13,0.36700000055134296,-1.0820000001695007,-0.1140000019222498,,0.3224406922210657,0.1364734406395618,0.25102390324429263,0.43082014808966396
2026-04-23 07:45:38.600,3509415.0888,779150.7311,5250971.6578,,0.0228,0.0096,0.0178,0.030476876480374428,14,0.4150000028312206,-0.4590000002644956,-0.2639999985694885,,0.32173436247935966,0.1364734406395618,0.2517300141024109,0.4307040747427403
2026-04-23 07:45:38.700,3509415.1024,779150.722,5250971.6447,,0.0227,0.0096,0.0178,0.030402138082707277,14,0.1919999998062849,0.010000000474974513,-0.2280000038444996,,0.3210295936514264,0.13505924625881782,0.25243811122728677,0.4301464866763414
2026-04-23 07:45:38.800,3509415.108,779150.7321,5250971.635,,0.0226,0.0095,0.0179,0.03035490075753831,14,-0.005000000819563866,0.10300000081770122,-0.03200000151991844,,0.3203201523476161,0.13505924625881782,0.25243811122728677,0.4296172715336291
2026-04-23 07:45:38.900,3509415.1019,779150.7323,5250971.6415,,0.0226,0.0095,0.0179,0.03035490075753831,14,-0.2829999988898635,-0.5760000005830079,0.24000000208616257,,0.31961226509631946,0.13435028842544403,0.253144227664784,0.4292831233580002
2026-04-23 07:45:39.000,3509415.0797,779150.6745,5250971.659,,0.0226,0.0095,0.0179,0.03035490075753831,14,-0.12899999972432852,-2.002000000793487,0.2570000011473894,,0.3189059422462993,0.13364505228402582,0.253144227664784,0.42853704623987876
2026-04-23 07:45:39.100,3509415.089,779150.5321,5250971.6672,,0.0225,0.0094,0.0179,0.030249297512504318,14,0.28699999675154686,-2.67299999948591,0.1119999960064888,,0.3189059422462993,0.13364505228402582,0.253144227664784,0.42853704623987876
2026-04-23 07:45:39.200,3509415.1084,779150.4072,5250971.6702,,0.0225,0.0094,0.0179,0.030249297512504318,14,0.5639999965205789,-1.9729999999981374,-0.13700000010430813,,0.31819805153394637,0.13435773144854746,0.253144227664784,0.4282335811213315
2026-04-23 07:45:39.300,3509415.1454,779150.3348,5250971.6535,,0.0225,0.0096,0.0179,0.03031204381100027,14,0.9150000009685755,-1.2049999996088445,-0.42099999263882637,,0.3174917321758159,0.13435773144854746,0.253144227664784,0.4277090132321273
2026-04-23 07:45:39.400,3509415.1999,779150.2867,5250971.6281,,0.0224,0.0096,0.0179,0.030237890138037075,14,0.8850000007078052,-0.6199999991804361,-0.4210000019520521,,0.3174917321758159,0.1364734406395618,0.253144227664784,0.4283783374541715
2026-04-23 07:45:39.500,3509415.2339,779150.2728,5250971.6114,,0.0224,0.0097,0.0179,0.030269786916990345,14,0.45200000051409006,-0.060999999986961484,-0.18600000068545341,,0.3160775221365796,0.1364734406395618,0.2538523192724462,0.4277510958489761
2026-04-23 07:45:39.600,3509415.2451,779150.2806,5250971.6095,,0.0223,0.0097,0.018,0.030255247478743256,14,0.11500000022351742,-0.2250000007916242,0.11800000444054604,,0.31537279527568635,0.1364734406395618,0.2538523192724462,0.4272306168803916
2026-04-23 07:45:39.700,3509415.2454,779150.2503,5250971.6232,,0.0222,0.0096,0.018,0.030149626863362672,14,0.05200000014156103,-1.0900000005494803,0.3109999932348728,,0.31395859599635106,0.1364734406395618,0.2538523192724462,0.4261877520530124
2026-04-23 07:45:39.800,3509415.2503,779150.1716,5250971.6406,,0.0221,0.0096,0.0179,0.030016328889456153,14,0.4400000022724271,-1.9880000001285225,0.025999993085861206,,0.3125443968462721,0.13505924625881782,0.2538523192724462,0.42469518480905805
2026-04-23 07:45:39.900,3509415.2894,779150.0515,5250971.6258,,0.022,0.0095,0.0179,0.02991086759022546,14,0.7759999996051192,-2.1739999996498227,-0.352999996393919,,0.312541197284454,0.13505924625881782,0.253144227664784,0.4242699612275184
2026-04-23 07:45:40.000,3509415.3279,779149.9542,5250971.6053,,0.0221,0.0095,0.0179,0.02998449599376318,13,0.89499999769032,-1.7669999995268881,-0.3219999931752682,,0.31112698372208086,0.13435028842544403,0.253144227664784,0.42300354608442703
2026-04-23 07:45:40.100,3509415.3789,779149.8748,5250971.5936,,0.022,0.0095,0.0179,0.02991086759022546,14,0.7839999999850988,-1.3290000008419156,-0.2049999963492155,,0.31042712510346127,0.13435028842544403,0.253144227664784,0.4224890531126221
2026-04-23 07:45:40.200,3509415.4063,779149.8213,5250971.5848,,0.0218,0.0095,0.0179,0.029764072302022115,14,0.36700000055134296,-0.8799999998882413,-0.044999998062849045,,0.30971599894096524,0.13364505228402582,0.253144227664784,0.42174281262399715
2026-04-23 07:45:40.300,3509415.4156,779149.7868,5250971.5891,,0.0218,0.0094,0.0179,0.029732305662359924,14,0.12899999972432852,-1.037999999243766,0.13700000010430813,,0.3075922625814895,0.13364505228402582,0.253144227664784,0.42018567324457884
2026-04-23 07:45:40.400,3509415.4192,779149.7175,5250971.5985,,0.0217,0.0094,0.0179,0.029659062695911346,14,0.2790000010281801,-1.89200000022538,0.07399999536573887,,0.3068876015742571,0.13293607486307094,0.25243811122728677,0.4190190926437601
2026-04-23 07:45:40.500,3509415.4435,779149.5976,5250971.5965,,0.0216,0.0094,0.0178,0.02952558212804618,14,0.5880000023171306,-2.118000000482425,-0.05300000309944153,,0.30617805277321886,0.13293607486307094,0.25243811122728677,0.41849970131411085
2026-04-23 07:45:40.600,3509415.478,779149.5057,5250971.5932,,0.0216,0.0094,0.0178,0.02952558212804618,14,0.5860000010579824,-1.6639999998733401,-0.016999999061226845,,0.3047638429997889,0.13293607486307094,0.2517300141024109,0.4170383675394867
2026-04-23 07:45:40.700,3509415.5021,779149.4312,5250971.5948,,0.0215,0.0094,0.0178,0.029452504138018552,14,0.3909999970346689,-1.23299999977462,0.06400000303983688,,0.3047638429997889,0.13293607486307094,0.25102390324429263,0.41661252981637503
2026-04-23 07:45:40.800,3509415.5171,779149.3824,5250971.5996,,0.0215,0.0094,0.0177,0.02939217582963194,14,0.12600000016391277,-0.8010000002104789,0.15599999576807022,,0.30334963326168696,0.13293607486307094,0.25102390324429263,0.41557911400839187
2026-04-23 07:45:40.900,3509415.5147,779149.3511,5250971.6104,,0.0214,0.0094,0.0177,0.029319106398388063,14,-0.23099999874830246,-1.1289999994914979,0.3610000014305115,,0.30334963326168696,0.13293607486307094,0.2503158005400378,0.41515177947348364
2026-04-23 07:45:41.000,3509415.494,779149.2695,5250971.6357,,0.0214,0.0094,0.0177,0.029319106398388063,14,-0.21100000012665987,-2.345999999670312,0.39100000634789467,,0.30264170234784227,0.13293607486307094,0.25102390324429263,0.41506264587408964
2026-04-23 07:45:41.100,3509415.4936,779149.1165,5250971.6495,,0.0214,0.0094,0.0178,0.029379584748597108,14,0.16199999954551458,-2.609000001102686,0.1959999930113554,,0.30477040538739975,0.13293607486307094,0.25102390324429263,0.41661733041245413
2026-04-23 07:45:41.200,3509415.5102,779149.0086,5250971.6553,,0.0217,0.0094,0.0178,0.029598817543949284,13,0.3029999975115061,-1.909999999916181,0.18499999307096004,,0.307631272792608,0.13364505228402582,0.25243811122728677,0.41978923283
2026-04-23 07:45:41.300,3509415.5239,779148.9255,5250971.668,,0.0221,0.0095,0.0179,0.02998449599376318,12,0.12399999890476465,-1.2719999998807907,0.3030000068247318,,0.3125923863436216,0.13435773144854746,0.25243811122728677,0.42366378178928626
2026-04-23 07:45:41.400,3509415.5226,779148.8814,5250971.6856,,0.0225,0.0096,0.0179,0.03031204381100027,13,-0.2850000001490116,-1.0510000004433095,0.45900000259280205,,0.3168122472380132,0.13505924625881782,0.253144227664784,0.42742601699007515
2026-04-23 07:45:41.500,3509415.4954,779148.8204,5250971.7139,,0.0227,0.0096,0.0179,0.030460794474208974,14,-0.5119999963790178,-1.803999999538064,0.5929999984800816,,0.3203263960400391,0.13576450198781712,0.253144227664784,0.43025922418932516
2026-04-23 07:45:41.600,3509415.4714,779148.701,5250971.7449,,0.0228,0.0096,0.0179,0.030535389304870507,13,-0.43800000101327896,-2.3369999998249114,0.5609999969601631,,0.32244379355168246,0.1371860051171401,0.253144227664784,0.4322869417412467
2026-04-23 07:45:41.700,3509415.4516,779148.5867,5250971.77,,0.0229,0.0098,0.0179,0.03067344128069102,13,-0.4400000022724271,-1.8629999994300306,0.48499999567866325,,0.32385799357125644,0.13790213921473443,0.2538523192724462,0.43398387066802374
2026-04-23 07:45:41.800,3509415.4274,779148.5147,5250971.7934,,0.023,0.0099,0.018,0.030838450025901108,13,-0.5799999972805381,-1.0789999994449317,0.4540000017732382,,0.3252721937085923,0.1393018305694509,0.2538523192724462,0.4354859354789773
2026-04-23 07:45:41.900,3509415.3936,779148.4788,5250971.8154,,0.0231,0.0099,0.018,0.03091310401755217,13,-0.655999998562038,-0.44200000003911555,0.35500000230968,,0.3259769930531907,0.1400071426749364,0.2545584412271571,0.4366497452192088
2026-04-23 07:45:42.000,3509415.3618,779148.4705,5250971.8289,,0.0231,0.0099,0.018,0.03091310401755217,13,-0.9290000004693866,-0.5350000003818423,0.44400000013411045,,0.3266833329081849,0.1393018305694509,0.2545584412271571,0.43695194243760943
2026-04-23 07:45:42.100,3509415.3007,779148.4253,5250971.8598,,0.0231,0.0098,0.018,0.030881224069003482,13,-1.1700000008568168,-1.5770000009797513,0.6989999953657389,,0.3259769930531907,0.1393018305694509,0.2545584412271571,0.4364241056587044
2026-04-23 07:45:42.200,3509415.2448,779148.3128,5250971.8988,,0.023,0.0098,0.018,0.030806492822130858,13,-0.8589999983087182,-2.1089999994728714,0.767000000923872,,0.3288114961493895,0.1393018305694509,0.25597656142701813,0.43937000352777833
2026-04-23 07:45:42.300,3509415.2148,779148.2144,5250971.9365,,0.0234,0.0099,0.0182,0.03125395974912619,12,-0.584999998100102,-1.7829999991226941,0.6260000076144934,,0.33025596133908014,0.1393018305694509,0.2566885272075867,0.44086619285220774
2026-04-23 07:45:42.400,3509415.1863,779148.1345,5250971.9614,,0.0237,0.0099,0.0183,0.03153712098464284,12,-0.47500000335276127,-1.3420000008773059,0.3920000046491623,,0.3359121909070881,0.1400071426749364,0.25951685879726577,0.44697650944988154
2026-04-23 07:45:42.500,3509415.1673,779148.0802,5250971.9757,,0.0241,0.0099,0.0185,0.031954185954268965,12,-0.3500000014901161,-1.3060000003315508,0.338999992236495,,0.33943777043811724,0.1400071426749364,0.2616447973876033,0.4508636157420556
2026-04-23 07:45:42.600,3509415.1513,779148.0039,5250971.9953,,0.0243,0.0099,0.0187,0.032220955913814846,12,-0.21599999628961086,-1.2979999999515712,0.3169999923557043,,0.3436655350773481,0.1400071426749364,0.2644730610100015,0.4556906845657479
2026-04-23 07:45:42.700,3509415.1457,779147.9504,5250972.0074,,0.0245,0.0099,0.0189,0.032487997783797025,12,0.10900000110268593,-0.7519999996293336,0.09100000374019146,,0.3457817230566127,0.1393018305694509,0.2665876966403363,0.4583001200087122
2026-04-23 07:45:42.800,3509415.1622,779147.9287,5250972.0044,,0.0246,0.0098,0.019,0.03259140991120207,12,0.22999999579042196,-0.07999999914318323,-0.07299999706447124,,0.3478994107497166,0.1393018305694509,0.26870429843975324,0.46113013347644066
2026-04-23 07:45:42.900,3509415.1687,779147.9424,5250972.0001,,0.0247,0.0098,0.0191,0.03272521963257084,12,-0.1839999994263053,-0.00800000037997961,0.10900000110268593,,0.3493136126749142,0.1385929291125633,0.27011849251763564,0.46280881581923217
2026-04-23 07:45:43.000,3509415.1438,779147.9279,5250972.0153,,0.0248,0.0098,0.0192,0.03285909310982273,12,-0.5409999983385205,-0.9110000007785857,0.4179999977350235,,0.3500185709358862,0.1385929291125633,0.2715326867984773,0.4641669958107749
2026-04-23 07:45:43.100,3509415.1146,779147.8513,5250972.0419,,0.0248,0.0098,0.0193,0.032917624458639175,12,-0.22499999962747097,-1.8000000005122274,0.49300000071525574,,0.35072496346852755,0.1385929291125633,0.27223702907576697,0.4651118145134565
2026-04-23 07:45:43.200,3509415.1213,779147.7479,5250972.0646,,0.0248,0.0098,0.0193,0.032917624458639175,12,0.3319999994710088,-1.6189999994821846,0.18300000578165054,,0.35072496346852755,0.1385929291125633,0.2736512378923216,0.4659409833873814
2026-04-23 07:45:43.300,3509415.1478,779147.6894,5250972.0602,,0.0248,0.0098,0.0194,0.03297635516548183,12,0.5959999980404973,-0.8490000001620501,-0.22700000554323196,,0.35072496346852755,0.1385929291125633,0.2736512378923216,0.4659409833873814
2026-04-23 07:45:43.400,3509415.1809,779147.663,5250972.0419,,0.0248,0.0098,0.0194,0.03297635516548183,12,0.35300000105053186,-0.593000000808388,-0.09999999776482582,,0.3500185709358862,0.1385929291125633,0.2743574311003804,0.4658250744646535
2026-04-23 07:45:43.500,3509415.1831,779147.6301,5250972.0502,,0.0247,0.0098,0.0194,0.03290121578300717,12,0.06599999964237213,-1.17799999890849,0.17800000496208668,,0.3500185709358862,0.13788763541376725,0.2736512378923216,0.4651999570077366
2026-04-23 07:45:43.600,3509415.1875,779147.5452,5250972.0597,,0.0247,0.0097,0.0193,0.03281264999965715,13,0.21799999754875898,-1.7829999991226941,0.08099999278783798,,0.34931074990615446,0.13788763541376725,0.2743574311003804,0.4650838634053002
2026-04-23 07:45:43.700,3509415.2049,779147.4518,5250972.0583,,0.0247,0.0097,0.0194,0.03287156826194942,12,0.501999999396503,-1.2739999999757856,-0.24000000208616257,,0.3486043602710671,0.1371787155501902,0.2729432175380074,0.46350943895459124
2026-04-23 07:45:43.800,3509415.2377,779147.4178,5250972.0357,,0.0246,0.0097,0.0193,0.032737440339769996,13,0.6660000002011657,-0.2630000002682209,-0.4589999932795763,,0.3478994107497166,0.1371787155501902,0.2729468812791236,0.46298164110469864
2026-04-23 07:45:43.900,3509415.2715,779147.4255,5250972.0124,,0.0245,0.0097,0.0192,0.032603374058523454,13,0.5569999990984797,0.23199999937787652,-0.352999996393919,,0.3457817230566127,0.1371787155501902,0.2715326867984773,0.46055727114008305
2026-04-23 07:45:44.000,3509415.2934,779147.441,5250972.0004,,0.0243,0.0097,0.0191,0.032394289620240165,13,0.13500000350177288,0.3000000002793968,-0.10900000110268593,,0.3443675362167578,0.1364734406395618,0.27082282030877675,0.45886708315153746
2026-04-23 07:45:44.100,3509415.285,779147.4555,5250972.0015,,0.0242,0.0096,0.0191,0.03228947196842959,13,-0.2850000001490116,-0.33700000029057264,0.2449999935925007,,0.3422426040106637,0.1364734406395618,0.26940861159213153,0.456438385765264
2026-04-23 07:45:44.200,3509415.2649,779147.4073,5250972.0249,,0.0241,0.0096,0.019,0.03215540390043328,13,-0.20900000352412462,-1.7810000001918525,0.5360000021755695,,0.34082840257232083,0.13576450198781712,0.26940861159213153,0.4551670023189291
2026-04-23 07:45:44.300,3509415.2641,779147.2774,5250972.0551,,0.024,0.0096,0.019,0.032080523686498635,13,0.15899999998509884,-2.463999999454245,0.46500000171363354,,0.3394142012350102,0.13576450198781712,0.2679944029266283,0.4532714418535542
2026-04-23 07:45:44.400,3509415.2808,779147.1609,5250972.0714,,0.0239,0.0096,0.0189,0.03194651780711006,13,0.24500000290572643,-2.1120000001974404,0.2519999910145998,,0.33870488629483925,0.13576450198781712,0.26870057685088805,0.45315891252407253
2026-04-23 07:45:44.500,3509415.2886,779147.0662,5250972.0803,,0.0239,0.0096,0.019,0.032005780727862275,12,-0.0069999974220991135,-1.6049999999813735,0.32399999909102917,,0.3365857988685797,0.13505924625881782,0.26728636328851496,0.45052524901496915
2026-04-23 07:45:44.600,3509415.2801,779147.0004,5250972.1038,,0.0237,0.0095,0.0189,0.03176712136785453,13,-0.19400000106543303,-0.9450000000651926,0.40200000628829,,0.33518054836162553,0.13505924625881782,0.26729010456805163,0.44947858680920494
2026-04-23 07:45:44.700,3509415.2692,779146.9717,5250972.1205,,0.0235,0.0095,0.0188,0.03155851707542672,13,-0.27999999932944775,-0.37499999976716936,0.2650000061839819,,0.33305404966761776,0.13435028842544403,0.2658759109058209,0.44683889714303077
2026-04-23 07:45:44.800,3509415.2521,779146.9629,5250972.1303,,0.0234,0.0095,0.0187,0.03142451272494134,13,-0.2339999983087182,0.0029999995604157448,0.1850000023841858,,0.3309289954053588,0.13435028842544403,0.2644617174564213,0.4444142211945968
2026-04-23 07:45:44.900,3509415.2458,779146.972,5250972.139,,0.0233,0.0095,0.0186,0.031290573660449246,13,-0.13500000350177288,0.2509999996982515,0.1459999941289425,,0.3295147948120084,0.13435028842544403,0.26375177724519694,0.4429390477255307
2026-04-23 07:45:45.000,3509415.2386,779146.988,5250972.1449,,0.0232,0.0095,0.0186,0.03121618170116262,13,-0.2350000012665987,0.017000000225380063,0.13599999248981476,,0.32810059433045835,0.13435028842544403,0.2623375687925768,0.44104534914223953
2026-04-23 07:45:45.100,3509415.2223,779146.9737,5250972.1526,,0.0231,0.0095,0.0185,0.031082310081459515,13,-0.4319999972358346,-1.07700000051409,0.3860000055283308,,0.3266863939621606,0.13435028842544403,0.2623375687925768,0.43999431814513235
2026-04-23 07:45:45.200,3509415.1954,779146.8803,5250972.1835,,0.023,0.0095,0.0185,0.031008063467427304,13,-0.4980000015348196,-2.5939999998081475,0.6680000014603138,,0.3259769930531907,0.13435028842544403,0.26092336039534675,0.4386251246793781
2026-04-23 07:45:45.300,3509415.1725,779146.7143,5250972.2194,,0.023,0.0095,0.0184,0.030948505618203927,13,-0.1640000008046627,-2.945999999064952,0.6609999947249889,,0.3259769930531907,0.13577186748365805,0.26162950903902255,0.4394826503970321
2026-04-23 07:45:45.400,3509415.179,779146.5857,5250972.2496,,0.0231,0.0097,0.0185,0.031144020292826678,12,0.0070000020787119865,-2.395000000251457,0.6490000057965517,,0.3252691193458118,0.13505924625881782,0.26021529547664946,0.4378961063996801
2026-04-23 07:45:45.500,3509415.1732,779146.4748,5250972.2843,,0.023,0.0096,0.0184,0.030979347959568162,13,-0.20899999886751175,-1.9250000000465661,0.7770000025629997,,0.3252721937085923,0.13577186748365805,0.26092336039534675,0.43853962192714124
2026-04-23 07:45:45.600,3509415.1581,779146.3932,5250972.3273,,0.0229,0.0095,0.0184,0.03087426112476216,13,-0.8620000025257468,-1.9469999999273568,1.0759999975562096,,0.3252691193458118,0.13576450198781712,0.2595091520544121,0.43769509935570444
2026-04-23 07:45:45.700,3509415.087,779146.2801,5250972.3919,,0.023,0.0096,0.0183,0.030920058214692934,12,-1.4330000011250377,-2.5230000005103648,1.2370000034570694,,0.3252721937085923,0.13505924625881782,0.2595091520544121,0.4374791423599529
2026-04-23 07:45:45.800,3509415.0148,779146.1409,5250972.451,,0.0231,0.0096,0.0183,0.030994515643900614,12,-1.2979999976232648,-2.345000000204891,1.0479999985545874,,0.3259769930531907,0.13576450198781712,0.25880108191427637,0.4378024668729037
2026-04-23 07:45:45.900,3509414.9572,779146.0456,5250972.4967,,0.0231,0.0096,0.0183,0.030994515643900614,12,-1.1620000004768372,-1.5729999996256083,0.8770000003278255,,0.3273912033027155,0.13576450198781712,0.25880108191427637,0.43885646856347005
2026-04-23 07:45:46.000,3509414.8986,779145.9836,5250972.5387,,0.0232,0.0096,0.0183,0.031069116498542406,12,-1.0710000013932586,-0.9119999990798533,0.696000000461936,,0.3273912033027155,0.13576450198781712,0.25880108191427637,0.43885646856347005
2026-04-23 07:45:46.100,3509414.8501,779145.9544,5250972.5663,,0.0232,0.0096,0.0183,0.031069116498542406,12,-1.0809999983757734,-0.4550000000745058,0.5799999926239252,,0.328097546470558,0.13576450198781712,0.25880108191427637,0.43938365923188355
2026-04-23 07:45:46.200,3509414.7905,779145.9381,5250972.5967,,0.0232,0.0096,0.0183,0.031069116498542406,12,-1.2399999983608723,-0.8670000010170043,0.8540000021457672,,0.3288054135807378,0.13576450198781712,0.25880108191427637,0.4399124912979853
2026-04-23 07:45:46.300,3509414.7261,779145.8677,5250972.6517,,0.0233,0.0096,0.0183,0.03114385974795032,12,-1.1019999999552965,-1.8150000006426126,0.9310000017285347,,0.3288054135807378,0.13576450198781712,0.25880108191427637,0.4399124912979853
2026-04-23 07:45:46.400,3509414.6803,779145.7566,5250972.6898,,0.0233,0.0096,0.0183,0.03114385974795032,12,-0.43599999975413084,-1.9329999992623925,0.494999997317791,,0.32951176003293114,0.13576450198781712,0.25880108191427637,0.44044068840196854
2026-04-23 07:45:46.500,3509414.6825,779145.6744,5250972.7012,,0.0233,0.0096,0.0183,0.03114385974795032,12,0.26499999687075615,-1.406999999890104,-0.06000000052154064,,0.32951176003293114,0.13576450198781712,0.25880108191427637,0.44044068840196854
2026-04-23 07:45:46.600,3509414.7068,779145.6159,5250972.6838,,0.0233,0.0096,0.0183,0.03114385974795032,12,0.4969999985769391,-0.8539999998174608,-0.2749999985098839,,0.32951176003293114,0.13576450198781712,0.25880108191427637,0.44044068840196854
2026-04-23 07:45:46.700,3509414.7322,779145.589,5250972.6737,,0.0233,0.0096,0.0183,0.03114385974795032,12,0.032999999821186066,-0.8319999999366701,0.07799999788403511,,0.32951176003293114,0.13576450198781712,0.25880108191427637,0.44044068840196854
2026-04-23 07:45:46.800,3509414.7101,779145.5327,5250972.6916,,0.0233,0.0096,0.0183,0.03114385974795032,12,-0.42299999855458736,-1.7940000002272427,0.5630000028759241,,0.32951176003293114,0.13576450198781712,0.25880108191427637,0.44044068840196854
2026-04-23 07:45:46.900,3509414.6899,779145.4096,5250972.73,,0.0233,0.0096,0.0183,0.03114385974795032,12,-0.3179999999701977,-2.4179999995976686,0.6810000073164701,,0.32951176003293114,0.13576450198781712,0.25880108191427637,0.44044068840196854
2026-04-23 07:45:47.000,3509414.6783,779145.2909,5250972.7597,,0.0233,0.0096,0.0183,0.03114385974795032,12,-0.03400000277906656,-1.8949999997857958,0.29899999499320984,,0.3288054135807378,0.13576450198781712,0.25880108191427637,0.4399124912979853
2026-04-23 07:45:47.100,3509414.6865,779145.2201,5250972.7599,,0.0232,0.0096,0.0183,0.031069116498542406,12,0.2630000002682209,-1.1149999999906868,-0.06599999964237213,,0.3288054135807378,0.13576450198781712,0.25880108191427637,0.4399124912979853
2026-04-23 07:45:47.200,3509414.7046,779145.1794,5250972.7531,,0.0232,0.0096,0.0183,0.031069116498542406,12,0.39600000251084566,-1.4230000006500632,0.1269999984651804,,0.328097546470558,0.13576450198781712,0.2595091520544121,0.4398010914038299
2026-04-23 07:45:47.300,3509414.7261,779145.0778,5250972.7726,,0.0232,0.0096,0.0184,0.03112812233334995,12,0.4830000037327409,-2.3360000003594905,0.1619999948889017,,0.328097546470558,0.13576450198781712,0.2595091520544121,0.4398010914038299
2026-04-23 07:45:47.400,3509414.7529,779144.9458,5250972.7693,,0.0232,0.0096,0.0184,0.03112812233334995,12,0.6930000009015203,-2.0699999993667006,-0.2070000022649765,,0.3288054135807378,0.13576450198781712,0.26021529547664946,0.4407459585747781
2026-04-23 07:45:47.500,3509414.7954,779144.8708,5250972.7519,,0.0233,0.0096,0.0184,0.031202724240040326,12,0.9799999976530671,-1.0279999999329448,-0.4270000010728836,,0.328097546470558,0.13576450198781712,0.26021529547664946,0.4402181277503233
2026-04-23 07:45:47.600,3509414.8509,779144.843,5250972.7266,,0.0232,0.0096,0.0184,0.03112812233334995,12,0.8529999991878867,-0.34100000048056245,-0.3459999989718199,,0.3288054135807378,0.13576450198781712,0.26021529547664946,0.4407459585747781
2026-04-23 07:45:47.700,3509414.8807,779144.8367,5250972.7173,,0.0232,0.0096,0.0184,0.03112812233334995,12,0.48599999863654375,-0.5590000003576279,-0.09199999272823334,,0.328097546470558,0.13576450198781712,0.26021529547664946,0.4402181277503233
2026-04-23 07:45:47.800,3509414.8995,779144.7871,5250972.7174,,0.0232,0.0096,0.0184,0.03112812233334995,12,0.49000000115484,-1.5919999999459833,0.024000005796551704,,0.3295147948120084,0.13576450198781712,0.26092336039534675,0.44169333252835047
2026-04-23 07:45:47.900,3509414.9297,779144.6775,5250972.7197,,0.0234,0.0096,0.0185,0.03133640055909421,11,0.7140000024810433,-2.049000000115484,-0.08700000122189522,,0.3288054135807378,0.13576450198781712,0.26021529547664946,0.4407459585747781
2026-04-23 07:45:48.000,3509414.9709,779144.5822,5250972.7087,,0.0233,0.0096,0.0184,0.031202724240040326,12,0.6629999959841371,-1.561999999685213,-0.17400000244379044,,0.33021962388689136,0.13576450198781712,0.26092336039534675,0.4422194025594083
2026-04-23 07:45:48.100,3509414.996,779144.5213,5250972.7023,,0.0233,0.0096,0.0184,0.031202724240040326,12,0.3560000006109476,-1.0829999996349216,-0.0059999991208314896,,0.3288054135807378,0.13576450198781712,0.26021529547664946,0.4407459585747781
2026-04-23 07:45:48.200,3509415.0065,779144.4739,5250972.7081,,0.0232,0.0096,0.0184,0.03112812233334995,12,0.11500000022351742,-1.166000000666827,0.2350000012665987,,0.33021962388689136,0.13576450198781712,0.26092336039534675,0.4422194025594083
2026-04-23 07:45:48.300,3509415.0075,779144.4047,5250972.7258,,0.0234,0.0096,0.0185,0.03133640055909421,13,-0.09300000034272671,-1.820999999763444,0.41999999433755875,,0.33022568040659706,0.13576450198781712,0.2616333312099205,0.44264319716900646
2026-04-23 07:45:48.400,3509414.9972,779144.2918,5250972.7501,,0.0235,0.0096,0.0186,0.0314701445818096,13,-0.18199999816715717,-2.272999999113381,0.506999995559454,,0.3316338342208165,0.13576450198781712,0.2623375687925768,0.4441103466482176
2026-04-23 07:45:48.500,3509414.9893,779144.1774,5250972.7765,,0.0235,0.0096,0.0186,0.0314701445818096,12,-0.27999999932944775,-1.6570000001229346,0.4360000044107437,,0.3323401871576773,0.13576450198781712,0.26375177724519694,0.4454739049596508
2026-04-23 07:45:48.600,3509414.9692,779144.1261,5250972.7937,,0.0235,0.0096,0.0187,0.03152935140468322,12,-0.4969999985769391,-0.7690000010188669,0.3610000014305115,,0.3323401871576773,0.13576450198781712,0.26375177724519694,0.4454739049596508
2026-04-23 07:45:48.700,3509414.9396,779144.1005,5250972.8126,,0.0235,0.0096,0.0187,0.03152935140468322,12,-0.7949999999254942,-0.9080000000540167,0.5619999952614307,,0.3316338342208165,0.13576450198781712,0.2644579361637688,0.44536614150606463
2026-04-23 07:45:48.800,3509414.8897,779144.0353,5250972.8499,,0.0234,0.0096,0.0187,0.031454888332340336,12,-0.9640000015497208,-1.80299999890849,0.7940000016242266,,0.3316338342208165,0.13505924625881782,0.2644579361637688,0.44515165954986624
2026-04-23 07:45:48.900,3509414.8432,779143.9202,5250972.892,,0.0234,0.0095,0.0187,0.03142451272494134,12,-0.9129999997094274,-2.116999999852851,0.7029999978840351,,0.33021962388689136,0.13505924625881782,0.2644579361637688,0.44409908804229714
2026-04-23 07:45:49.000,3509414.7984,779143.8236,5250972.9202,,0.0233,0.0095,0.0187,0.03135011961699668,12,-0.7759999996051192,-1.4710000006016344,0.553999999538064,,0.33021962388689136,0.13435028842544403,0.2644579361637688,0.44388399385425015
2026-04-23 07:45:49.100,3509414.7656,779143.7731,5250972.9474,,0.0233,0.0095,0.0187,0.03135011961699668,12,-0.6180000025779009,-0.6000000005587935,0.5230000056326389,,0.3288054135807378,0.13435028842544403,0.2644579361637688,0.4428329256051316
2026-04-23 07:45:49.200,3509414.7366,779143.7636,5250972.9725,,0.0232,0.0095,0.0187,0.031275869292475306,12,-0.46600000001490116,0.012000000569969416,0.411999998614192,,0.32810059433045835,0.13435028842544403,0.2644579361637688,0.442309846148602
2026-04-23 07:45:49.300,3509414.719,779143.7743,5250972.9886,,0.0231,0.0095,0.0187,0.031201762770715374,12,-0.2839999971911311,0.2750000008381903,0.210999995470047,,0.3273912033027155,0.13364505228402582,0.2644579361637688,0.4415699265122116
2026-04-23 07:45:49.400,3509414.7082,779143.7911,5250972.9936,,0.0231,0.0094,0.0187,0.031171461306778673,12,-0.41000000201165676,0.1149999990593642,0.2909999992698431,,0.3259769930531907,0.13364505228402582,0.2644579361637688,0.44052241713674456
2026-04-23 07:45:49.500,3509414.678,779143.7858,5250973.0177,,0.023,0.0094,0.0187,0.031097427546342156,12,-0.8020000020042062,-0.7980000006500632,0.5530000012367964,,0.3259769930531907,0.13293607486307094,0.26375177724519694,0.4398840756381162
2026-04-23 07:45:49.600,3509414.628,779143.7113,5250973.0489,,0.023,0.0094,0.0186,0.031037396798056373,12,-0.9950000001117587,-2.3329999996349216,0.8190000057220459,,0.32456278283253603,0.13293607486307094,0.26375177724519694,0.4388370996167028
2026-04-23 07:45:49.700,3509414.5785,779143.5525,5250973.0996,,0.0229,0.0094,0.0186,0.030963365450157383,12,-0.8199999993667006,-2.931999999564141,0.9480000007897615,,0.32456278283253603,0.13293607486307094,0.26304372260139564,0.4384119067726148
2026-04-23 07:45:49.800,3509414.546,779143.4181,5250973.1437,,0.0229,0.0094,0.0186,0.030963365450157383,12,-0.34299999941140413,-2.25899999961257,0.5649999994784594,,0.3231485726411305,0.13293607486307094,0.26304372260139564,0.4373659794725694
2026-04-23 07:45:49.900,3509414.5442,779143.3266,5250973.1561,,0.0228,0.0094,0.0186,0.03088948041000366,12,0.07799999788403511,-1.5570000000298023,0.1570000033825636,,0.3231485726411305,0.13293607486307094,0.2623375687925768,0.43694164370084937
2026-04-23 07:45:50.000,3509414.5538,779143.2624,5250973.1594,,0.0228,0.0094,0.0185,0.030829369114531033,12,0.11200000066310167,-1.5350000001490116,0.15999999828636646,,0.32173436247935966,0.13293607486307094,0.2623375687925768,0.435896776771749
2026-04-23 07:45:50.100,3509414.5554,779143.1731,5250973.1721,,0.0227,0.0094,0.0185,0.030755487315274325,12,0.07300000172108412,-2.223999999696389,0.2169999945908785,,0.32173436247935966,0.13293607486307094,0.26162950903902255,0.43547100936801747
2026-04-23 07:45:50.200,3509414.5611,779143.04,5250973.1811,,0.0227,0.0094,0.0185,0.030755487315274325,12,0.3000000026077032,-2.3530000005848706,0.1269999984651804,,0.3203201523476161,0.13293607486307094,0.26162950903902255,0.43442720909261656
2026-04-23 07:45:50.300,3509414.5854,779142.9378,5250973.1848,,0.0226,0.0094,0.0185,0.03068175353528543,12,0.6099999975413084,-1.5080000006128103,-0.14099999330937862,,0.3203201523476161,0.13293607486307094,0.26162950903902255,0.43442720909261656
2026-04-23 07:45:50.400,3509414.6221,779142.8892,5250973.167,,0.0226,0.0094,0.0185,0.03068175353528543,12,0.5929999984800816,-0.5749999999534339,-0.35099999979138374,,0.31961226509631946,0.13293607486307094,0.26092336039534675,0.43348010334962317
2026-04-23 07:45:50.500,3509414.6447,779142.8803,5250973.1497,,0.0226,0.0094,0.0184,0.030621561031404,12,0.31100000254809856,-0.3440000000409782,-0.12700000777840614,,0.31961226509631946,0.13293607486307094,0.26092336039534675,0.43348010334962317
2026-04-23 07:45:50.600,3509414.6532,779142.8548,5250973.1543,,0.0226,0.0094,0.0184,0.030621561031404,12,0.23899999912828207,-1.2789999996311963,0.18600000068545341,,0.3203201523476161,0.13364505228402582,0.26021529547664946,0.433794882404115
2026-04-23 07:45:50.700,3509414.6686,779142.7524,5250973.1683,,0.0227,0.0095,0.0184,0.030726210309766484,12,0.4029999999329448,-2.2710000001825392,0.17100000753998756,,0.3210295936514264,0.13364505228402582,0.26021529547664946,0.4343190071825086
2026-04-23 07:45:50.800,3509414.6935,779142.6277,5250973.1714,,0.0228,0.0095,0.0184,0.030800162337234524,12,0.6270000012591481,-1.8030000000726432,-0.0559999980032444,,0.32244379355168246,0.13435028842544403,0.26021529547664946,0.4355823687891878
2026-04-23 07:45:50.900,3509414.7313,779142.5721,5250973.1627,,0.0229,0.0095,0.0184,0.03087426112476216,12,0.7499999972060323,-0.8269999991171062,-0.3280000016093254,,0.3231485726411305,0.13435028842544403,0.2595091520544121,0.43568337126863127
2026-04-23 07:45:51.000,3509414.7685,779142.545,5250973.1386,,0.0229,0.0095,0.0183,0.030814769186219778,12,0.5700000002980232,-0.26799999992363155,-0.36700000055134296,,0.32385490578343873,0.13435028842544403,0.2595091520544121,0.4362075194216624
2026-04-23 07:45:51.100,3509414.7883,779142.5453,5250973.126,,0.0229,0.0095,0.0183,0.030814769186219778,12,0.1640000008046627,-0.5080000008456409,-0.020000003278255463,,0.3231485726411305,0.13435028842544403,0.25880108191427637,0.4352619900703483
2026-04-23 07:45:51.200,3509414.7849,779142.4942,5250973.1366,,0.0228,0.0095,0.0183,0.030740526996133298,12,0.052999998442828655,-1.578999999910593,0.20099999383091927,,0.3231485726411305,0.13435028842544403,0.25880108191427637,0.4352619900703483
2026-04-23 07:45:51.300,3509414.7936,779142.3874,5250973.1461,,0.0228,0.0095,0.0183,0.030740526996133298,12,0.45900000259280205,-1.9109999993816018,0.13100000098347664,,0.3224406922210657,0.13435028842544403,0.25880108191427637,0.43473670192427966
2026-04-23 07:45:51.400,3509414.8308,779142.3031,5250973.1497,,0.0228,0.0095,0.0183,0.030740526996133298,12,0.8110000006854534,-1.023999999742955,-0.1749999914318323,,0.32173436247935966,0.13435028842544403,0.25880108191427637,0.43421308133219566
2026-04-23 07:45:51.500,3509414.8747,779142.285,5250973.1286,,0.0227,0.0095,0.0183,0.030666431158515986,12,0.8709999965503812,-0.09799999999813735,-0.4430000018328428,,0.32173436247935966,0.13435028842544403,0.25880108191427637,0.43421308133219566
2026-04-23 07:45:51.600,3509414.9179,779142.2933,5250973.1054,,0.0227,0.0095,0.0183,0.030666431158515986,11,0.617999997921288,0.118999999249354,-0.2500000037252903,,0.3231547616854809,0.13505924625881782,0.25880108191427637,0.43548593547897724
2026-04-23 07:45:51.700,3509414.9365,779142.2969,5250973.1036,,0.023,0.0096,0.0183,0.030920058214692934,11,0.21200000308454037,-0.4110000003129244,0.07699999958276749,,0.32458126871401555,0.13505924625881782,0.25880108191427637,0.4365455302714712
2026-04-23 07:45:51.800,3509414.9391,779142.2522,5250973.1131,,0.0232,0.0096,0.0183,0.031069116498542406,11,0.15099999960511923,-1.821999999228865,0.21800000220537186,,0.32739731214535034,0.13576450198781712,0.25880108191427637,0.4388610258384765
2026-04-23 07:45:51.900,3509414.9516,779142.1147,5250973.1254,,0.0233,0.0096,0.0183,0.03114385974795032,11,0.2410000003874302,-2.7130000002216548,0.20600000396370888,,0.33022568040659706,0.13576450198781712,0.2595091520544121,0.4413909831430633
2026-04-23 07:45:52.000,3509414.9632,779141.9809,5250973.1337,,0.0235,0.0096,0.0184,0.03135235238383238,11,0.2490000007674098,-2.173000000184402,0.12399999424815178,,0.3316398649137344,0.13576450198781712,0.2595091520544121,0.442449997174822
2026-04-23 07:45:52.100,3509414.9765,779141.8974,5250973.1378,,0.0236,0.0096,0.0184,0.03142737660066459,11,-0.024999999441206455,-1.3819999992847443,0.14499999582767487,,0.33304804458215936,0.13576450198781712,0.26021529547664946,0.44392003784465506
2026-04-23 07:45:52.200,3509414.9607,779141.8427,5250973.1482,,0.0236,0.0096,0.0184,0.03142737660066459,11,-0.39899999741464853,-1.352999999653548,0.4130000062286854,,0.335882419903156,0.13790213921473443,0.2616333312099205,0.44753323898901626
2026-04-23 07:45:52.300,3509414.9366,779141.7621,5250973.1791,,0.0239,0.0099,0.0186,0.03186188946060795,10,-0.5700000002980232,-2.174000000813976,0.6560000032186508,,0.335882419903156,0.1364734406395618,0.2616333312099205,0.4470950681902004
2026-04-23 07:45:52.400,3509414.9037,779141.6253,5250973.2138,,0.0239,0.0097,0.0186,0.03180031446385397,11,-0.5080000031739473,-2.7190000005066395,0.7309999968856573,,0.3415508746877981,0.14071602609511116,0.2644617174564213,0.4543104665314238
2026-04-23 07:45:52.500,3509414.8858,779141.4902,5250973.2522,,0.0244,0.01,0.0188,0.032385181796618034,11,-0.4550000000745058,-2.291999999433756,0.7239999994635582,,0.3458626895170972,0.14075865870347018,0.2658871941256291,0.45839938917934864
2026-04-23 07:45:52.600,3509414.8582,779141.3961,5250973.2862,,0.025,0.0102,0.019,0.033015753815413634,11,-0.707999998703599,-1.491999999852851,0.669999998062849,,0.35221016453248477,0.14355835050598764,0.2687154628970949,0.465691958272848
2026-04-23 07:45:52.700,3509414.815,779141.341,5250973.3192,,0.0254,0.0103,0.0192,0.0334647575816709,11,-0.8080000011250377,-0.8369999995920807,0.6400000024586916,,0.35925478424093393,0.14567086187704115,0.2715437349673161,0.4733075110327323
2026-04-23 07:45:52.800,3509414.7774,779141.3124,5250973.3502,,0.0258,0.0104,0.0194,0.03391400890487587,11,-0.8520000008866191,-0.9530000004451722,0.7280000019818544,,0.3641936298179857,0.14637281168304447,0.2743720102342802,0.4788966485579117
2026-04-23 07:45:52.900,3509414.7298,779141.2457,5250973.392,,0.0261,0.0104,0.0196,0.03425682413768095,10,-0.8719999995082617,-1.1160000006202608,0.7230000011622906,,0.3684195977414882,0.14707821048680186,0.27720028860013834,0.48394731118170287
2026-04-23 07:45:53.000,3509414.6902,779141.2008,5250973.4225,,0.0263,0.0104,0.0198,0.034523759934282944,10,-0.7370000006631017,-0.4960000002756715,0.5140000022947788,,0.3712371209887287,0.14637281168304447,0.2800285699709942,0.48750179486849066
2026-04-23 07:45:53.100,3509414.6561,779141.1961,5250973.4434,,0.0264,0.0103,0.02,0.03468501117197456,11,-0.5239999992772937,0.0849999999627471,0.3169999923557043,,0.3733550588916668,0.14567086187704115,0.28214358046923554,0.4901214135293417
2026-04-23 07:45:53.200,3509414.6378,779141.2093,5250973.4542,,0.0265,0.0102,0.0201,0.034789366191409696,11,-0.4179999977350235,0.2910000004339963,0.21900000050663948,,0.3740601555899799,0.14425671561490647,0.28426044395940847,0.4914621043376589
2026-04-23 07:45:53.300,3509414.6143,779141.2252,5250973.4653,,0.0265,0.0101,0.0202,0.03481809874188997,11,-0.8550000004470348,-0.20699999993667006,0.3980000037699938,,0.37476659402887014,0.14354441821262157,0.285674640106538,0.49261039371901194
2026-04-23 07:45:53.400,3509414.5523,779141.1886,5250973.494,,0.0265,0.0101,0.0203,0.034876209656440595,11,-1.2939999997615814,-1.4839999994728714,0.7230000011622906,,0.37476659402887014,0.14213022197970424,0.28708883642524313,0.4930223118683372
2026-04-23 07:45:53.500,3509414.4849,779141.0768,5250973.5376,,0.0265,0.01,0.0204,0.034905730188609436,11,-1.013000002130866,-1.9709999999031425,0.6880000047385693,,0.3740601555899799,0.14213022197970424,0.2877933286231632,0.49289654086836515
2026-04-23 07:45:53.600,3509414.451,779140.9915,5250973.5628,,0.0264,0.01,0.0204,0.03482987223634333,11,-0.30900000128895044,-1.5069999999832362,0.28699999675154686,,0.3733550588916668,0.1414213562373095,0.28849956672411137,0.49257080709274675
2026-04-23 07:45:53.700,3509414.454,779140.9261,5250973.5663,,0.0263,0.01,0.0204,0.03475413644445795,11,-0.12899999972432852,-1.3410000002477318,0.2179999928921461,,0.3719408555133463,0.14071602609511116,0.28849956672411137,0.49129726235752624
2026-04-23 07:45:53.800,3509414.4381,779140.8574,5250973.5846,,0.0262,0.0099,0.0204,0.03464981962435014,11,-0.41499999817460775,-1.8340000009629875,0.45599999837577343,,0.370526652212766,0.14071602609511116,0.28849956672411137,0.4902274982087399
2026-04-23 07:45:53.900,3509414.4125,779140.7427,5250973.6119,,0.0261,0.0099,0.0204,0.03457426788812744,11,-0.40899999905377626,-2.0750000001862645,0.4210000019520521,,0.369112448990819,0.1393018305694509,0.2877933286231632,0.48833799770241104
2026-04-23 07:45:54.000,3509414.3972,779140.6499,5250973.6267,,0.026,0.0098,0.0203,0.034411190040450505,11,0.046999999321997166,-1.5539999993052334,0.11900000274181366,,0.36769824584841304,0.1393018305694509,0.2877933286231632,0.48726994571797677
2026-04-23 07:45:54.100,3509414.4172,779140.5873,5250973.6238,,0.0259,0.0098,0.0203,0.03433569571160602,11,0.13799999840557575,-1.0969999991357327,0.0069999974220991135,,0.3655803605228268,0.1385929291125633,0.28637911935055593,0.48463388243085104
2026-04-23 07:45:54.200,3509414.411,779140.5402,5250973.6274,,0.0257,0.0098,0.0202,0.034125796693996756,11,-0.31599999871104956,-1.4470000006258488,0.2549999952316284,,0.3641661708615999,0.1385929291125633,0.285674640106538,0.4831511150768463
2026-04-23 07:45:54.300,3509414.3856,779140.4426,5250973.6493,,0.0256,0.0098,0.0201,0.03399132242205354,12,-0.3560000006109476,-2.3889999999664724,0.509000001475215,,0.3641606788218629,0.1393018305694509,0.28496491012052694,0.4829316721856209
2026-04-23 07:45:54.400,3509414.3754,779140.3013,5250973.6783,,0.0258,0.0099,0.0201,0.03417104037046575,12,0.06799999624490738,-2.239999999292195,0.31700000166893005,,0.363455636907725,0.1393018305694509,0.28355070093371304,0.4815661948268379
2026-04-23 07:45:54.500,3509414.3924,779140.2186,5250973.681,,0.0258,0.0099,0.02,0.03411231449198368,12,0.2920000022277236,-1.3670000003185123,-0.04199999384582043,,0.36557488972849317,0.1400071426749364,0.2828462479864281,0.4829585903573928
2026-04-23 07:45:54.600,3509414.4046,779140.1646,5250973.6741,,0.0259,0.0099,0.0199,0.03412960591627158,12,0.20800000056624413,-1.631000000052154,0.09200000204145908,,0.3648670990922585,0.1400071426749364,0.2814320521902223,0.4815952657574616
2026-04-23 07:45:54.700,3509414.4132,779140.0555,5250973.6902,,0.0258,0.0099,0.0198,0.03399544087079913,12,0.3189999982714653,-2.828000000445172,0.2659999951720238,,0.36486983980592314,0.1393018305694509,0.2800178565734692,0.48056737300819746
2026-04-23 07:45:54.800,3509414.4365,779139.8818,5250973.7007,,0.0257,0.0098,0.0197,0.03383223315124203,12,0.5390000017359853,-3.072000000393018,0.1339999958872795,,0.36275198138673204,0.13860014430006917,0.27930807363912696,0.4783429731897396
2026-04-23 07:45:54.900,3509414.4671,779139.7483,5250973.7036,,0.0255,0.0097,0.0197,0.03365159728749885,12,0.8180000027641654,-1.9990000000689179,-0.19399999640882015,,0.36063555010564335,0.13788763541376725,0.27789386463180504,0.47570579142995517
2026-04-23 07:45:55.000,3509414.5183,779139.6819,5250973.6813,,0.0253,0.0097,0.0196,0.033441590871248934,12,0.9819999989122152,-1.2089999997988343,-0.48799999989569187,,0.3578072106595953,0.1364734406395618,0.27718946588930826,0.47274200151879886
2026-04-23 07:45:55.100,3509414.5653,779139.6274,5250973.6548,,0.0251,0.0096,0.0195,0.033202710732709764,12,1.0319999977946281,-1.196999999228865,-0.43100000359117985,,0.35497887261075123,0.1364734406395618,0.27647965567108185,0.4701871967631615
2026-04-23 07:45:55.200,3509414.6215,779139.5622,5250973.6382,,0.0249,0.0096,0.0195,0.03305177756188009,12,0.9940000018104911,-0.953999999910593,-0.3689999971538782,,0.3528526604689272,0.1364734406395618,0.2750654467576762,0.4677510021368207
2026-04-23 07:45:55.300,3509414.6647,779139.532,5250973.6179,,0.0248,0.0097,0.0194,0.03294677525949998,12,0.7390000019222498,-0.4010000010021031,-0.3589999955147505,,0.3507278146939589,0.1364734406395618,0.2750654467576762,0.46615019038932076
2026-04-23 07:45:55.400,3509414.6954,779139.5221,5250973.6023,,0.0247,0.0097,0.0194,0.03287156826194942,12,0.5519999982789159,-0.7299999997485429,-0.1549999974668026,,0.348610097386751,0.1371787155501902,0.2736512378923216,0.4639310293567353
2026-04-23 07:45:55.500,3509414.7199,779139.459,5250973.6024,,0.0245,0.0097,0.0193,0.0326623636621724,12,0.565999997779727,-2.111999999033287,-0.04100000485777855,,0.3471959101141602,0.1371787155501902,0.2736512378923216,0.4628693120093403
2026-04-23 07:45:55.600,3509414.752,779139.3109,5250973.5982,,0.0244,0.0097,0.0193,0.03258742088597992,12,0.48700000159442425,-2.6970000006258488,-0.05100000649690628,,0.3450710071854777,0.1371787155501902,0.27223702907576697,0.46044000694987397
2026-04-23 07:45:55.700,3509414.7686,779139.1893,5250973.5973,,0.0243,0.0097,0.0192,0.03245335113667,12,0.1850000023841858,-2.0760000008158386,0.10400000028312206,,0.3429533495972885,0.1364734406395618,0.27223702907576697,0.4586447426930783
2026-04-23 07:45:55.800,3509414.7705,779139.1033,5250973.6086,,0.0241,0.0096,0.0192,0.03227398333023056,12,-0.14299999922513962,-2.187999999150634,0.36000000312924385,,0.34153916320094246,0.1364734406395618,0.27082282030877675,0.45674828954250063
2026-04-23 07:45:55.900,3509414.7543,779138.9705,5250973.6333,,0.024,0.0096,0.0191,0.03213985065304442,12,-0.48700000159442425,-2.6839999994263053,0.598999997600913,,0.3387107910887989,0.13576450198781712,0.27011849251763564,0.45400550657453487
2026-04-23 07:45:56.000,3509414.7218,779138.8349,5250973.6685,,0.0238,0.0096,0.019,0.03193117598836598,12,-0.7310000015422702,-2.3590000008698553,0.7359999977052212,,0.33729660537870815,0.13576450198781712,0.26940861159213153,0.45252845214417176
2026-04-23 07:45:56.100,3509414.6812,779138.7346,5250973.7069,,0.0237,0.0096,0.019,0.031856710439089594,12,-0.921000000089407,-1.6570000001229346,0.6890000030398369,,0.33658282784479665,0.1371860051171401,0.26870057685088805,0.45200442475710345
2026-04-23 07:45:56.200,3509414.6297,779138.6692,5250973.7374,,0.0238,0.0098,0.019,0.03199187396824388,11,-1.1359999980777502,-1.4099999994505197,0.8320000022649765,,0.3365857988685797,0.13862178760930763,0.26940861159213153,0.4528653221433498
2026-04-23 07:45:56.300,3509414.5676,779138.5936,5250973.7901,,0.0239,0.01,0.0191,0.032187264562245736,11,-1.4170000003650784,-1.9869999994989485,1.072000004351139,,0.33587646538571286,0.13788763541376725,0.26870057685088805,0.4516923731921981
2026-04-23 07:45:56.400,3509414.488,779138.4705,5250973.8446,,0.0237,0.0097,0.019,0.031886987941792184,12,-1.5250000031664968,-2.0360000000800937,1.1189999990165234,,0.33518054836162553,0.13862178760930763,0.26870429843975324,0.45140225963103014
2026-04-23 07:45:56.500,3509414.4151,779138.39,5250973.902,,0.0235,0.0096,0.0189,0.03164838068527361,12,-1.4850000012665987,-1.2850000010803342,1.0800000000745058,,0.33305404966761776,0.13577186748365805,0.26729010456805163,0.44811047744947896
2026-04-23 07:45:56.600,3509414.3395,779138.342,5250973.9526,,0.0234,0.0095,0.0188,0.03148412298286233,12,-1.4069999987259507,-0.7500000006984919,0.9269999992102385,,0.3309289954053588,0.13505924625881782,0.26658019431308094,0.4458923636933021
2026-04-23 07:45:56.700,3509414.2744,779138.315,5250973.9947,,0.0233,0.0095,0.0188,0.031409871059907266,12,-1.5589999966323376,-0.8329999994020909,1.0899999924004078,,0.3295147948120084,0.13435028842544403,0.2651659857523208,0.4437826044360008
2026-04-23 07:45:56.800,3509414.1836,779138.2587,5250974.0616,,0.0232,0.0095,0.0187,0.031275869292475306,12,-1.8030000012367964,-1.803999999538064,1.4520000014454126,,0.32810059433045835,0.13435028842544403,0.2644617174564213,0.44231210700137974
2026-04-23 07:45:56.900,3509414.0941,779138.1346,5250974.1399,,0.0231,0.0095,0.0186,0.03114193314487718,12,-1.4529999997466803,-2.2470000002067536,1.3280000071972609,,0.328097546470558,0.13577186748365805,0.2644579361637688,0.4427414595449583
2026-04-23 07:45:57.000,3509414.0383,779138.034,5250974.1944,,0.0232,0.0097,0.0187,0.03133719834318314,12,-0.7089999970048666,-1.6969999996945262,0.6909999996423721,,0.32810059433045835,0.13720787149431332,0.2644617174564213,0.4431884475028653
2026-04-23 07:45:57.100,3509414.0232,779137.9649,5250974.209,,0.0233,0.0099,0.0188,0.03153315715243243,12,-0.029000001959502697,-1.0649999999441206,0.12999999336898327,,0.3295147948120084,0.13931618714277247,0.2658759109058209,0.44573422574444516
2026-04-23 07:45:57.200,3509414.0354,779137.9275,5250974.2074,,0.0234,0.01,0.0189,0.03169810719901111,12,0.1689999969676137,-1.1869999999180436,0.13900000602006912,,0.3309289954053588,0.14142842712835352,0.26658019431308094,0.4478627021755663
2026-04-23 07:45:57.300,3509414.0401,779137.8462,5250974.2229,,0.0235,0.0101,0.0189,0.03180361614659566,12,0.142000000923872,-2.1580000000540167,0.2070000022649765,,0.33234319610908236,0.14213022197970424,0.2679944029266283,0.4499711101837539
2026-04-23 07:45:57.400,3509414.0496,779137.7117,5250974.2281,,0.0236,0.0101,0.019,0.031936969173670816,12,0.35300000105053186,-2.1810000005643815,0.012999996542930603,,0.3337573969217761,0.1428355697996826,0.26870429843975324,0.4516613775828081
2026-04-23 07:45:57.500,3509414.0754,779137.6281,5250974.2242,,0.0237,0.0101,0.0191,0.03207039132907486,12,0.6859999988228083,-1.3119999994523823,-0.14299999922513962,,0.33446225497057214,0.1428355697996826,0.27011849251763564,0.45302428190992144
2026-04-23 07:45:57.600,3509414.1182,779137.5805,5250974.2138,,0.0237,0.0101,0.0192,0.03213004824148261,12,0.7730000000447035,-0.7660000002942979,-0.20800000056624413,,0.3351686142824235,0.1428355697996826,0.27082282030877675,0.45396585774703363
2026-04-23 07:45:57.700,3509414.1527,779137.5515,5250974.2034,,0.0237,0.0101,0.0192,0.03213004824148261,12,0.6430000020191073,-0.9250000002793968,-0.14999999664723873,,0.3351686142824235,0.14213022197970424,0.27223702907576697,0.45458992509733426
2026-04-23 07:45:57.800,3509414.1825,779137.488,5250974.1988,,0.0237,0.01,0.0193,0.03215866912669117,12,0.6199999991804361,-0.9739999996963888,-0.1570000033825636,,0.3351686142824235,0.14142842712835352,0.27223702907576697,0.4543709937925175
2026-04-23 07:45:57.900,3509414.2147,779137.4541,5250974.1877,,0.0237,0.0099,0.0193,0.03212771389314839,12,0.617999997921288,-0.37699999986216426,-0.2510000020265579,,0.3351686142824235,0.14071602609511116,0.2729432175380074,0.45457342641205944
2026-04-23 07:45:58.000,3509414.2443,779137.4503,5250974.1737,,0.0237,0.0099,0.0193,0.03212771389314839,12,0.5200000014156103,-0.18099999986588955,-0.2179999928921461,,0.33446225497057214,0.1393018305694509,0.2729432175380074,0.4536165781802953
2026-04-23 07:45:58.100,3509414.2667,779137.436,5250974.1659,,0.0236,0.0098,0.0193,0.03202327278714654,12,0.38200000301003456,-0.18800000078044832,-0.1290000043809414,,0.33446225497057214,0.1393018305694509,0.2729432175380074,0.4536165781802953
2026-04-23 07:45:58.200,3509414.2825,779137.4315,5250974.1608,,0.0236,0.0098,0.0193,0.03202327278714654,12,0.22400000132620335,-0.10699999984353781,-0.03700000233948231,,0.33304804458215936,0.13788763541376725,0.2729432175380074,0.4521415707496934
2026-04-23 07:45:58.300,3509414.2891,779137.4253,5250974.1622,,0.0235,0.0097,0.0193,0.031919116529127184,12,0.015999996103346348,-0.39899999974295497,0.18600000068545341,,0.33304804458215936,0.13788763541376725,0.2729432175380074,0.4521415707496934
2026-04-23 07:45:58.400,3509414.2841,779137.3916,5250974.1794,,0.0235,0.0097,0.0193,0.031919116529127184,12,-0.04800000227987766,-1.2899999995715916,0.38499999791383743,,0.3316338342208165,0.1371787155501902,0.27223702907576697,0.4504575451693533
2026-04-23 07:45:58.500,3509414.2843,779137.2963,5250974.2007,,0.0234,0.0097,0.0192,0.03178505938330146,12,0.19800000358372927,-2.3159999994095415,0.2780000027269125,,0.3316338342208165,0.1371787155501902,0.27223702907576697,0.4504575451693533
2026-04-23 07:45:58.600,3509414.3039,779137.16,5250974.2072,,0.0234,0.0097,0.0192,0.03178505938330146,12,0.7340000011026859,-2.570000000996515,-0.14499999582767487,,0.33021962388689136,0.1371787155501902,0.27082282030877675,0.4485621473107154
2026-04-23 07:45:58.700,3509414.3577,779137.0393,5250974.1862,,0.0233,0.0097,0.0191,0.03165106633274778,12,1.2149999989196658,-2.1279999997932464,-0.5709999985992908,,0.33021962388689136,0.1364734406395618,0.27082282030877675,0.44834696385723405
2026-04-23 07:45:58.800,3509414.4254,779136.9472,5250974.1501,,0.0233,0.0096,0.0191,0.031620562929840446,12,1.3909999979659915,-1.6239999991375953,-0.698000006377697,,0.3288054135807378,0.1364734406395618,0.26940861159213153,0.4464515651221306
2026-04-23 07:45:58.900,3509414.4968,779136.8769,5250974.1164,,0.0232,0.0096,0.019,0.03148650504581288,12,1.2800000002607703,-1.150000001071021,-0.6120000034570694,,0.32810059433045835,0.13576450198781712,0.26940861159213153,0.4457162774680772
2026-04-23 07:45:59.000,3509414.5534,779136.8322,5250974.0889,,0.0231,0.0096,0.019,0.03141289544120376,12,1.0330000007525086,-0.7929999998304993,-0.5219999980181456,,0.3273912033027155,0.13576450198781712,0.2679944029266283,0.44433995994058423
2026-04-23 07:45:59.100,3509414.6001,779136.7976,5250974.0642,,0.0231,0.0096,0.0189,0.03135251186109336,12,1.0930000012740493,-0.7659999991301447,-0.5030000023543835,,0.3259769930531907,0.13576450198781712,0.2679944029266283,0.44329899616398855
2026-04-23 07:45:59.200,3509414.6627,779136.7556,5250974.0386,,0.023,0.0096,0.0189,0.0312789066305074,12,1.2889999989420176,-0.9610000008251518,-0.6649999972432852,,0.3259769930531907,0.13576450198781712,0.26658019431308094,0.44244547686692415
2026-04-23 07:45:59.300,3509414.729,779136.7015,5250973.9977,,0.023,0.0096,0.0188,0.031218584208768982,12,1.5049999998882413,-1.1129999998956919,-0.849999999627471,,0.3252691193458118,0.13576450198781712,0.26658019431308094,0.4419242016454858
2026-04-23 07:45:59.400,3509414.8132,779136.6443,5250973.9536,,0.023,0.0096,0.0188,0.031218584208768982,12,1.6529999999329448,-0.9560000000055879,-0.9690000023692846,,0.32456278283253603,0.13576450198781712,0.2651659857523208,0.4405519265648488
2026-04-23 07:45:59.500,3509414.8943,779136.6059,5250973.9008,,0.0229,0.0096,0.0187,0.03108472293587318,12,1.7089999979361892,-0.7410000008530915,-1.1219999939203262,,0.32456278283253603,0.13576450198781712,0.2651659857523208,0.4405519265648488
2026-04-23 07:45:59.600,3509414.9841,779136.5702,5250973.8414,,0.0229,0.0096,0.0187,0.03108472293587318,12,1.8170000007376075,-0.5290000000968575,-1.2129999976605177,,0.3231485726411305,0.13505924625881782,0.2644579361637688,0.43886672236568586
2026-04-23 07:45:59.700,3509415.076,779136.553,5250973.7795,,0.0228,0.0095,0.0187,0.030980316331503138,12,1.9189999997615814,-0.30799999949522316,-1.3170000072568655,,0.3231485726411305,0.13505924625881782,0.26375177724519694,0.4384415582492152
2026-04-23 07:45:59.800,3509415.176,779136.5394,5250973.7097,,0.0228,0.0095,0.0186,0.030920058214692934,12,1.9970000023022294,-0.22099999943748116,-1.3530000019818544,,0.3224406922210657,0.13435028842544403,0.26375177724519694,0.4377019533883759
2026-04-23 07:45:59.900,3509415.2757,779136.5309,5250973.6442,,0.0228,0.0095,0.0186,0.030920058214692934,12,2.0129999984055758,-0.1520000002346933,-1.3669999968260527,,0.32173436247935966,0.13435028842544403,0.26304372260139564,0.43675508010783337
2026-04-23 07:46:00.000,3509415.3773,779136.5242,5250973.573,,0.0227,0.0095,0.0186,0.030846393630374364,12,1.917999996803701,0.017000000225380063,-1.330000003799796,,0.32173436247935966,0.13435028842544403,0.2623375687925768,0.4363301502303043
2026-04-23 07:46:00.100,3509415.4675,779136.5326,5250973.5112,,0.0227,0.0095,0.0185,0.03078619820633915,12,1.8050000024959445,0.31700000050477684,-1.2600000016391277,,0.32102647865869255,0.13435028842544403,0.2623375687925768,0.43580844415866926
2026-04-23 07:46:00.200,3509415.5578,779136.5559,5250973.447,,0.0227,0.0095,0.0185,0.03078619820633915,12,1.6650000028312206,0.4940000001806766,-1.294999998062849,,0.3203201523476161,0.13435028842544403,0.26162950903902255,0.4348620470907986
2026-04-23 07:46:00.300,3509415.634,779136.582,5250973.3817,,0.0226,0.0095,0.0185,0.03071253815626445,12,1.5879999985918403,0.5979999992996454,-1.2589999940246344,,0.3203201523476161,0.13435028842544403,0.26162950903902255,0.4348620470907986
2026-04-23 07:46:00.400,3509415.7166,779136.6157,5250973.3211,,0.0226,0.0095,0.0185,0.03071253815626445,12,1.6060000006109476,0.7979999994859099,-1.176999993622303,,0.31961226509631946,0.13435028842544403,0.26162950903902255,0.43434087995490356
2026-04-23 07:46:00.500,3509415.7946,779136.6618,5250973.264,,0.0226,0.0095,0.0185,0.03071253815626445,12,1.4190000016242266,1.0279999999329448,-1.096000000834465,,0.31961226509631946,0.13435028842544403,0.26092336039534675,0.43391589046726553
2026-04-23 07:46:00.600,3509415.8585,779136.7185,5250973.2115,,0.0226,0.0095,0.0184,0.030652406104578478,12,1.3169999979436398,1.2459999998100102,-1.039000004529953,,0.31961226509631946,0.13435028842544403,0.26092336039534675,0.43391589046726553
2026-04-23 07:46:00.700,3509415.9263,779136.7864,5250973.1601,,0.0226,0.0095,0.0184,0.030652406104578478,12,1.2979999976232648,1.3820000004488975,-0.9900000039488077,,0.3189059422462993,0.13435028842544403,0.26021529547664946,0.43296997586437785
2026-04-23 07:46:00.800,3509415.9883,779136.8567,5250973.1125,,0.0225,0.0095,0.0184,0.030578750792012416,12,1.1899999994784594,1.5760000003501773,-0.9979999996721745,,0.3189059422462993,0.13435028842544403,0.26021529547664946,0.43296997586437785
2026-04-23 07:46:00.900,3509416.0453,779136.944,5250973.0603,,0.0225,0.0095,0.0184,0.030578750792012416,12,1.0829999996349216,1.739000000525266,-0.9869999997317791,,0.31819805153394637,0.13435028842544403,0.26021529547664946,0.43244884090490976
2026-04-23 07:46:01.000,3509416.0966,779137.0306,5250973.0138,,0.0225,0.0095,0.0184,0.030578750792012416,12,0.8360000001266599,1.7330000002402812,-0.8779999986290932,,0.31819805153394637,0.13435028842544403,0.26021529547664946,0.43244884090490976
2026-04-23 07:46:01.100,3509416.1289,779137.1173,5250972.9725,,0.0225,0.0095,0.0184,0.030578750792012416,12,0.7690000021830201,1.7529999988619238,-0.8199999947100878,,0.31819805153394637,0.13435028842544403,0.26021529547664946,0.43244884090490976
2026-04-23 07:46:01.200,3509416.1735,779137.2059,5250972.9318,,0.0225,0.0095,0.0184,0.030578750792012416,12,0.7880000025033951,1.81999999913387,-0.7959999982267618,,0.31819805153394637,0.13435028842544403,0.26021529547664946,0.43244884090490976
2026-04-23 07:46:01.300,3509416.2077,779137.2993,5250972.8929,,0.0225,0.0095,0.0184,0.030578750792012416,12,0.580000001937151,1.927000000141561,-0.6740000005811453,,0.31819805153394637,0.13435028842544403,0.26021529547664946,0.43244884090490976
2026-04-23 07:46:01.400,3509416.2315,779137.3986,5250972.8644,,0.0225,0.0095,0.0184,0.030578750792012416,12,0.4550000000745058,1.9660000002477318,-0.5460000038146973,,0.31819805153394637,0.13435028842544403,0.26021529547664946,0.43244884090490976
2026-04-23 07:46:01.500,3509416.2532,779137.4959,5250972.8383,,0.0225,0.0095,0.0184,0.030578750792012416,12,0.3919999999925494,1.994999999878928,-0.5209999997168779,,0.31819805153394637,0.13435028842544403,0.2595091520544121,0.43202430487184396
2026-04-23 07:46:01.600,3509416.2707,779137.5981,5250972.8123,,0.0225,0.0095,0.0183,0.030518682802506403,12,0.2479999978095293,2.153999999864027,-0.47799999825656414,,0.3174917321758159,0.13435028842544403,0.2595091520544121,0.43150434528518944
2026-04-23 07:46:01.700,3509416.278,779137.7113,5250972.7905,,0.0224,0.0095,0.0183,0.03044503243552222,12,0.11799999978393316,2.3160000005736947,-0.4540000017732382,,0.3174917321758159,0.13364505228402582,0.25880108191427637,0.43085960590428984
2026-04-23 07:46:01.800,3509416.2825,779137.8297,5250972.7669,,0.0224,0.0094,0.0183,0.030413977050034083,12,0.29500000178813934,2.3220000008586794,-0.4910000041127205,,0.3167838379715733,0.13364505228402582,0.25880108191427637,0.4303382390631815
2026-04-23 07:46:01.900,3509416.3075,779137.9435,5250972.7414,,0.0224,0.0094,0.0183,0.030413977050034083,12,0.5109999980777502,2.2129999997559935,-0.5530000012367964,,0.3167838379715733,0.13293607486307094,0.25880108191427637,0.43011858829862254
2026-04-23 07:46:02.000,3509416.3336,779138.051,5250972.7116,,0.0224,0.0094,0.0183,0.030413977050034083,12,0.5549999978393316,2.06899999990128,-0.6099999975413084,,0.3167838379715733,0.13293607486307094,0.25880108191427637,0.43011858829862254
2026-04-23 07:46:02.100,3509416.363,779138.1504,5250972.6804,,0.0224,0.0094,0.0183,0.030413977050034083,12,0.5860000010579824,1.9550000003073364,-0.6520000007003546,,0.3167838379715733,0.13293607486307094,0.25880108191427637,0.43011858829862254
2026-04-23 07:46:02.200,3509416.3922,779138.2465,5250972.6464,,0.0224,0.0094,0.0183,0.030413977050034083,12,0.5530000012367964,1.9010000000707805,-0.6240000016987324,,0.3167838379715733,0.13293607486307094,0.25880108191427637,0.43011858829862254
2026-04-23 07:46:02.300,3509416.4183,779138.3405,5250972.618,,0.0224,0.0094,0.0183,0.030413977050034083,12,0.5649999994784594,1.9279999996069819,-0.5470000021159649,,0.3167838379715733,0.13293607486307094,0.25880108191427637,0.43011858829862254
2026-04-23 07:46:02.400,3509416.4487,779138.4393,5250972.5917,,0.0224,0.0094,0.0183,0.030413977050034083,12,0.30999999959021807,1.9169999996665865,-0.3890000004321337,,0.3167838379715733,0.13293607486307094,0.25880108191427637,0.43011858829862254
2026-04-23 07:46:02.500,3509416.4493,779138.5322,5250972.5791,,0.0224,0.0094,0.0183,0.030413977050034083,12,-0.03500000108033419,1.9540000008419156,-0.2410000003874302,,0.3167838379715733,0.13293607486307094,0.25880108191427637,0.43011858829862254
2026-04-23 07:46:02.600,3509416.4452,779138.6347,5250972.5676,,0.0224,0.0094,0.0183,0.030413977050034083,12,-0.13999999966472387,2.1230000001378357,-0.13799999840557575,,0.3167838379715733,0.13293607486307094,0.25880108191427637,0.43011858829862254
2026-04-23 07:46:02.700,3509416.4353,779138.7445,5250972.5653,,0.0224,0.0094,0.0183,0.030413977050034083,12,-0.25200000032782555,2.1649999998044223,-0.08799999952316284,,0.3167838379715733,0.13293607486307094,0.25880108191427637,0.43011858829862254
2026-04-23 07:46:02.800,3509416.42,779138.8512,5250972.5588,,0.0224,0.0094,0.0183,0.030413977050034083,12,-0.39299999829381704,2.1549999993294477,-0.071000000461936,,0.3167838379715733,0.13293607486307094,0.25880108191427637,0.43011858829862254
2026-04-23 07:46:02.900,3509416.396,779138.96,5250972.5582,,0.0224,0.0094,0.0183,0.030413977050034083,12,-0.471000000834465,2.186000000219792,0.04700000397861004,,0.3160775221365796,0.13293607486307094,0.25880108191427637,0.4295986499047686
2026-04-23 07:46:03.000,3509416.3729,779139.0698,5250972.5635,,0.0223,0.0094,0.0183,0.03034040210676187,12,-0.5390000017359853,2.173000000184402,0.1489999983459711,,0.3160775221365796,0.13293607486307094,0.25880108191427637,0.4295986499047686
2026-04-23 07:46:03.100,3509416.3421,779139.1773,5250972.5731,,0.0223,0.0094,0.0183,0.03034040210676187,12,-0.6550000002607703,2.1799999999348074,0.1889999955892563,,0.31536962440920024,0.13293607486307094,0.25880108191427637,0.4290780814723586
2026-04-23 07:46:03.200,3509416.3074,779139.2878,5250972.5824,,0.0223,0.0094,0.0183,0.03034040210676187,12,-0.7049999991431832,2.206000000005588,0.21200000308454037,,0.31536962440920024,0.13293607486307094,0.25880108191427637,0.4290780814723586
2026-04-23 07:46:03.300,3509416.2716,779139.3979,5250972.5943,,0.0223,0.0094,0.0183,0.03034040210676187,12,-0.8030000003054738,2.2489999991375953,0.32000000588595867,,0.31536962440920024,0.13293607486307094,0.25880108191427637,0.4290780814723586
2026-04-23 07:46:03.400,3509416.2271,779139.5127,5250972.6144,,0.0223,0.0094,0.0183,0.03034040210676187,12,-0.8470000000670552,2.234999999636784,0.3490000031888485,,0.3167869946825469,0.13507405376311174,0.2595091520544121,0.43121224472410336
2026-04-23 07:46:03.500,3509416.1869,779139.6214,5250972.6292,,0.0225,0.0097,0.0184,0.030641475160311717,12,-0.8209999976679683,2.1840000001247972,0.3179999999701977,,0.3174980314899606,0.136517398158623,0.2602191384199094,0.43261530254950525
2026-04-23 07:46:03.600,3509416.145,779139.7311,5250972.6462,,0.0226,0.0099,0.0185,0.03083861216073123,12,-0.8790000015869737,2.222000000765547,0.3629999980330467,,0.3203263960400391,0.13931618714277247,0.2616333312099205,0.4364286883329279
2026-04-23 07:46:03.700,3509416.099,779139.8436,5250972.6655,,0.0228,0.01,0.0186,0.03107732292202789,12,-0.8509999979287386,2.223000000230968,0.352999996393919,,0.3217405787276451,0.14142842712835352,0.26304752422328553,0.4389908882881284
2026-04-23 07:46:03.800,3509416.0599,779139.9534,5250972.6815,,0.0229,0.0101,0.0187,0.03124275916112404,12,-0.778999999165535,2.3489999992307276,0.3099999949336052,,0.32385799357125644,0.14213022197970424,0.2644617174564213,0.4416163493350308
2026-04-23 07:46:03.900,3509416.0211,779140.0785,5250972.6965,,0.023,0.0101,0.0188,0.03137594620087177,12,-0.9200000017881393,2.8590000001713634,0.33599999733269215,,0.32456278283253603,0.14213022197970424,0.2658759109058209,0.4429808122255409
2026-04-23 07:46:04.000,3509415.9679,779140.2393,5250972.7151,,0.023,0.01,0.0189,0.03140398063940302,12,-1.0140000004321337,3.263000000733882,0.39400000125169754,,0.3259769930531907,0.14213022197970424,0.26658019431308094,0.44444009720096134
2026-04-23 07:46:04.100,3509415.9197,779140.4048,5250972.7359,,0.0231,0.01,0.0189,0.03147729340334076,12,-1.0790000017732382,3.157999999821186,0.40000000037252903,,0.3259769930531907,0.1414213562373095,0.2679944029266283,0.4450640403357701
2026-04-23 07:46:04.200,3509415.86,779140.5551,5250972.7551,,0.0231,0.01,0.019,0.031537438069697415,12,-1.1299999989569187,2.7799999993294477,0.36600000225007534,,0.3273912033027155,0.14213022197970424,0.26870429843975324,0.44675272802748495
2026-04-23 07:46:04.300,3509415.8067,779140.6828,5250972.7725,,0.0232,0.0101,0.0191,0.03170268127461776,12,-0.973000000230968,2.4520000000484288,0.3070000000298023,,0.3273912033027155,0.14284257068535275,0.26940861159213153,0.4474036209062237
2026-04-23 07:46:04.400,3509415.7627,779140.8003,5250972.7858,,0.0232,0.0102,0.0191,0.03173468134391773,12,-0.9349999995902181,2.608000000473112,0.284000001847744,,0.3288054135807378,0.14354441821262157,0.27082282030877675,0.44951418220118483
2026-04-23 07:46:04.500,3509415.7132,779140.9436,5250972.8009,,0.0233,0.0102,0.0192,0.03186800903727749,12,-0.9989999979734421,2.966000000014901,0.272000003606081,,0.3288054135807378,0.14424978336205568,0.27082282030877675,0.44973992484546
2026-04-23 07:46:04.600,3509415.6628,779141.0969,5250972.813,,0.0233,0.0102,0.0192,0.03186800903727749,12,-0.8080000011250377,2.987000000430271,0.08100000210106373,,0.32951176003293114,0.14354441821262157,0.27152900397563423,0.4504564351854683
2026-04-23 07:46:04.700,3509415.6324,779141.2423,5250972.809,,0.0233,0.0101,0.0192,0.0318361429824657,12,-0.43200000189244747,2.6650000002700835,-0.13100000098347664,,0.32951176003293114,0.14354441821262157,0.27152900397563423,0.4504564351854683
2026-04-23 07:46:04.800,3509415.6196,779141.3634,5250972.7999,,0.0233,0.0101,0.0192,0.0318361429824657,12,-0.15500000212341547,2.3449999990407377,-0.213000001385808,,0.32951176003293114,0.14213022197970424,0.27152900397563423,0.45000777771056355
2026-04-23 07:46:04.900,3509415.6169,779141.4768,5250972.7877,,0.0233,0.01,0.0192,0.031804559421567215,12,-0.071000000461936,2.709000000031665,-0.2990000043064356,,0.3288054135807378,0.14142842712835352,0.27152900397563423,0.44926940692640094
2026-04-23 07:46:05.000,3509415.6125,779141.6343,5250972.77,,0.0232,0.0099,0.0192,0.0317,12,-0.14299999922513962,3.2860000000800937,-0.45599999837577343,,0.3288054135807378,0.14071602609511116,0.27152900397563423,0.4490456546944865
2026-04-23 07:46:05.100,3509415.6026,779141.8054,5250972.7421,,0.0232,0.0099,0.0192,0.0317,12,0.1140000019222498,3.0139999999664724,-0.6039999984204769,,0.328097546470558,0.1393018305694509,0.27152900397563423,0.4480859292591098
2026-04-23 07:46:05.200,3509415.6239,779141.9357,5250972.7096,,0.0232,0.0098,0.0192,0.03166891220108452,12,0.5810000002384186,2.2720000008121133,-0.7050000037997961,,0.3273912033027155,0.1393018305694509,0.27152900397563423,0.44756898909553594
2026-04-23 07:46:05.300,3509415.6607,779142.0326,5250972.6716,,0.0231,0.0098,0.0192,0.03159572755927611,12,0.7439999980852008,1.6429999994579703,-0.8079999964684248,,0.3273912033027155,0.13788763541376725,0.27082282030877675,0.446702361757804
2026-04-23 07:46:05.400,3509415.6983,779142.1,5250972.6288,,0.0231,0.0097,0.0191,0.031504126713813224,12,1.0570000018924475,1.596000000135973,-0.9960000030696392,,0.3259769930531907,0.13788763541376725,0.27082282030877675,0.4456669159809823
2026-04-23 07:46:05.500,3509415.7664,779142.1922,5250972.572,,0.023,0.0097,0.0191,0.03143087653884313,12,1.2529999995604157,2.29300000006333,-1.2839999981224537,,0.3259769930531907,0.1371787155501902,0.27011479041326114,0.44501797716496794
2026-04-23 07:46:05.600,3509415.8236,779142.3293,5250972.5004,,0.023,0.0097,0.0191,0.03143087653884313,12,1.2019999977201223,2.4739999999292195,-1.268999995663762,,0.3252691193458118,0.13860014430006917,0.27011479041326114,0.4449404454530965
2026-04-23 07:46:05.700,3509415.8866,779142.4396,5250972.4451,,0.023,0.0099,0.0191,0.03149317386355335,12,1.307000000961125,1.91300000064075,-1.1330000031739473,,0.3259769930531907,0.13931618714277247,0.27011479041326114,0.44568150062572703
2026-04-23 07:46:05.800,3509415.9543,779142.5206,5250972.3871,,0.0231,0.01,0.0191,0.031597784732477686,12,1.3390000024810433,1.2870000000111759,-1.119999997317791,,0.3259769930531907,0.14142842712835352,0.27011479041326114,0.4463462781294361
2026-04-23 07:46:05.900,3509416.0205,779142.5683,5250972.3331,,0.0231,0.0101,0.0191,0.031629574767928825,12,1.1200000019744039,0.7620000001043081,-0.9789999946951866,,0.3266833329081849,0.14213022197970424,0.27011479041326114,0.4470850031034367
2026-04-23 07:46:06.000,3509416.0663,779142.5968,5250972.2892,,0.0231,0.0101,0.0191,0.031629574767928825,12,1.2369999988004565,0.8589999994728714,-0.8750000037252903,,0.3266833329081849,0.14213022197970424,0.27011479041326114,0.4470850031034367
2026-04-23 07:46:06.100,3509416.1442,779142.6542,5250972.2456,,0.0231,0.01,0.0191,0.031597784732477686,12,1.3029999984428287,1.6549999988637865,-0.8860000036656857,,0.3273912033027155,0.1428355697996826,0.27011479041326114,0.44782697551621425
2026-04-23 07:46:06.200,3509416.1966,779142.7623,5250972.2006,,0.0232,0.0101,0.0191,0.03170268127461776,11,0.7780000008642673,1.944000000366941,-0.5449999962002039,,0.3266833329081849,0.1414213562373095,0.27011479041326114,0.4468601570961546
2026-04-23 07:46:06.300,3509416.222,779142.8486,5250972.1911,,0.0231,0.01,0.0191,0.031597784732477686,12,0.03200000151991844,1.5870000002905726,-0.009000003337860107,,0.328097546470558,0.14213022197970424,0.27011479041326114,0.4481194037307467
2026-04-23 07:46:06.400,3509416.1998,779142.921,5250972.1997,,0.0232,0.01,0.0191,0.0316709646206111,12,-0.24399999994784594,1.1659999995026737,0.18199999816715717,,0.3273912033027155,0.14213022197970424,0.27011479041326114,0.4476025022271435
2026-04-23 07:46:06.500,3509416.1976,779142.9652,5250972.2093,,0.0232,0.0101,0.0191,0.03170268127461776,12,0.15099999960511923,1.2939999997615814,0.022999998182058334,,0.328097546470558,0.14213022197970424,0.27082282030877675,0.44854654162082214
2026-04-23 07:46:06.600,3509416.2149,779143.0504,5250972.202,,0.0232,0.0101,0.0192,0.031763028822831114,12,0.3539999993517995,2.4380000005476177,-0.32000000588595867,,0.33093806066996884,0.14354441821262157,0.27082282030877675,0.4510764901876399
2026-04-23 07:46:06.700,3509416.233,779143.209,5250972.1773,,0.0236,0.0102,0.0192,0.03208800398902992,11,0.3120000008493662,3.15900000045076,-0.47199999913573265,,0.333802336720401,0.1428355697996826,0.27223702907576697,0.4538050242119406
2026-04-23 07:46:06.800,3509416.2461,779143.3663,5250972.1548,,0.024,0.0101,0.0193,0.032411417741283706,11,-0.18699999898672104,2.9070000001229346,-0.2879999950528145,,0.338740313514645,0.14354441821262157,0.2729468812791236,0.4580938768418543
2026-04-23 07:46:06.900,3509416.2143,779143.4997,5250972.1485,,0.0243,0.0101,0.0194,0.0326934244153163,11,-0.7970000011846423,2.3400000005494803,0.0,,0.34296501279285035,0.14213022197970424,0.27436107595648473,0.4616275555033516
2026-04-23 07:46:07.000,3509416.1664,779143.6003,5250972.1548,,0.0245,0.01,0.0195,0.032870959827787205,11,-0.9649999998509884,1.8259999994188547,0.16800000332295895,,0.3457817230566127,0.14213022197970424,0.2757752708275345,0.4645621594576984
2026-04-23 07:46:07.100,3509416.1178,779143.6823,5250972.1653,,0.0246,0.01,0.0196,0.03300484812872194,11,-1.0470000002533197,1.698999999789521,0.2220000047236681,,0.3478994107497166,0.14071602609511116,0.27718946588930826,0.46655010449039663
2026-04-23 07:46:07.200,3509416.0617,779143.7702,5250972.177,,0.0247,0.0099,0.0197,0.03310876017008187,11,-0.9569999994710088,1.8189999996684492,0.14199999161064625,,0.3493136126749142,0.14071602609511116,0.27789386463180504,0.4680235036833086
2026-04-23 07:46:07.300,3509416.0221,779143.8642,5250972.1795,,0.0248,0.0099,0.0197,0.03318342959972643,11,-1.0459999972954392,2.152999999234453,0.06400000303983688,,0.3500185709358862,0.1393018305694509,0.27930807363912696,0.46896801596697396
2026-04-23 07:46:07.400,3509415.9571,779143.9855,5250972.1834,,0.0248,0.0098,0.0198,0.03321325036788781,11,-1.7480000015348196,2.378000000026077,0.32600000500679016,,0.35072496346852755,0.1393018305694509,0.27930807363912696,0.4694954738865966
2026-04-23 07:46:07.500,3509415.8473,779144.102,5250972.2121,,0.0248,0.0098,0.0198,0.03321325036788781,11,-1.9540000008419156,1.8910000007599592,0.6739999912679195,,0.35072496346852755,0.1385929291125633,0.2800142853498728,0.4697062912076013
2026-04-23 07:46:07.600,3509415.7617,779144.1746,5250972.2508,,0.0248,0.0098,0.0198,0.03321325036788781,11,-1.6200000001117587,1.1710000003222376,0.9140000026673079,,0.35143278162402547,0.1400142849854971,0.2800142853498728,0.47065592527875394
2026-04-23 07:46:07.700,3509415.6853,779144.2191,5250972.3035,,0.0249,0.01,0.0198,0.033347413692818816,10,-1.403999999165535,0.5489999998826534,0.8130000066012144,,0.35072496346852755,0.1393018305694509,0.2800142853498728,0.46991594993147445
2026-04-23 07:46:07.800,3509415.6213,779144.2295,5250972.3321,,0.0248,0.0099,0.0198,0.03324289397751044,11,-0.9890000009909272,0.20400000037625432,0.42899999767541885,,0.3507278146939589,0.1400142849854971,0.27930807363912696,0.4697094846817551
2026-04-23 07:46:07.900,3509415.5864,779144.2395,5250972.3464,,0.0247,0.0098,0.0197,0.03307899635720528,11,-0.6860000034794211,0.7569999992847443,0.2630000002682209,,0.3493136126749142,0.1393018305694509,0.27930807363912696,0.4684420988766914
2026-04-23 07:46:08.000,3509415.5527,779144.3052,5250972.3584,,0.0246,0.0098,0.0197,0.03300439364690707,11,-0.8789999969303608,1.8180000002030283,0.1699999999254942,,0.3486043602710671,0.13788763541376725,0.27789386463180504,0.46665083306472294
2026-04-23 07:46:08.100,3509415.4985,779144.4213,5250972.3634,,0.0246,0.0097,0.0196,0.03291519405988669,11,-1.0789999971166253,2.0920000004116446,0.09800000116229057,,0.3471901496298534,0.13788763541376725,0.27789386463180504,0.46559531784587355
2026-04-23 07:46:08.200,3509415.4448,779144.5144,5250972.3682,,0.0245,0.0097,0.0196,0.03284052374734605,11,-0.6900000013411045,1.5849999990314245,-0.026000002399086952,,0.34648520891951506,0.1371787155501902,0.27647965567108185,0.4640161635115742
2026-04-23 07:46:08.300,3509415.4295,779144.5798,5250972.3608,,0.0244,0.0097,0.0195,0.032706268512320384,11,-0.21800000220537186,1.2970000004861504,-0.22100000642240047,,0.3464823227814083,0.13931618714277247,0.27647965567108185,0.4646504062195577
2026-04-23 07:46:08.400,3509415.423,779144.6441,5250972.3461,,0.0245,0.01,0.0195,0.032870959827787205,11,-0.071000000461936,1.7090000002644956,-0.3890000004321337,,0.34648520891951506,0.14075865870347018,0.27647965567108185,0.46508708861889514
2026-04-23 07:46:08.500,3509415.4224,779144.7507,5250972.3219,,0.0246,0.0102,0.0196,0.033065994616826515,11,-0.002000001259148121,2.669999999925494,-0.5059999972581863,,0.3478994107497166,0.14284257068535275,0.27718946588930826,0.46719589039288434
2026-04-23 07:46:08.600,3509415.4228,779144.9111,5250972.2955,,0.0247,0.0102,0.0197,0.033199698793814375,11,0.23699999786913395,3.0449999996926636,-0.4330000001937151,,0.3493136126749142,0.14424978336205568,0.27789386463180504,0.46909807076985505
2026-04-23 07:46:08.700,3509415.4461,779145.0552,5250972.2786,,0.0248,0.0102,0.0197,0.03327416415178599,11,0.4490000009536743,2.6000000000931323,-0.5169999971985817,,0.3500185709358862,0.14424978336205568,0.2786000717874997,0.4700414875306221
2026-04-23 07:46:08.800,3509415.4677,779145.1711,5250972.2438,,0.0248,0.0102,0.0197,0.03327416415178599,11,0.3790000034496188,1.9830000004731119,-0.7500000018626451,,0.35072496346852755,0.14354441821262157,0.27930807363912696,0.4707717068813715
2026-04-23 07:46:08.900,3509415.484,779145.2535,5250972.2036,,0.0248,0.0101,0.0198,0.0333030028676094,11,0.3690000018104911,1.335999999428168,-0.7750000059604645,,0.35143278162402547,0.14354441821262157,0.27930807363912696,0.4712992679816084
2026-04-23 07:46:09.000,3509415.5046,779145.3047,5250972.1663,,0.0249,0.0101,0.0198,0.0333775373567314,11,0.5359999975189567,1.4199999999254942,-0.8199999947100878,,0.35143278162402547,0.14213022197970424,0.2800142853498728,0.47128971981149764
2026-04-23 07:46:09.100,3509415.5376,779145.3955,5250972.1216,,0.0249,0.01,0.0198,0.033347413692818816,11,0.8419999992474914,2.3129999998491257,-0.9449999965727329,,0.3521391770309006,0.14213022197970424,0.28072228269234345,0.4722372285197345
2026-04-23 07:46:09.200,3509415.5888,779145.536,5250972.0718,,0.0249,0.01,0.0199,0.03340688551780905,11,0.8419999992474914,2.5219999998807907,-0.9890000056475401,,0.3521391770309006,0.14071602609511116,0.28072228269234345,0.47181352248531405
2026-04-23 07:46:09.300,3509415.6218,779145.6477,5250972.0227,,0.0249,0.0099,0.0199,0.033377087949669905,11,0.7579999975860119,1.754000000655651,-0.8459999971091747,,0.3521391770309006,0.14071602609511116,0.2814284989122459,0.47223405213940256
2026-04-23 07:46:09.400,3509415.6646,779145.7114,5250971.9872,,0.0249,0.0099,0.0199,0.033377087949669905,11,0.7530000014230609,0.9960000007413328,-0.6459999922662973,,0.35143278162402547,0.1393018305694509,0.2814284989122459,0.47128759796964736
2026-04-23 07:46:09.500,3509415.6971,779145.7473,5250971.9581,,0.0248,0.0098,0.0199,0.033272961996191446,11,1.0240000020712614,0.921000000089407,-0.6810000073164701,,0.35143278162402547,0.1393018305694509,0.2814284989122459,0.47128759796964736
2026-04-23 07:46:09.600,3509415.767,779145.8035,5250971.9191,,0.0248,0.0098,0.0199,0.033272961996191446,11,1.290000001899898,1.702999999979511,-1.072000004351139,,0.3500185709358862,0.1385929291125633,0.28072228269234345,0.4696019591100531
2026-04-23 07:46:09.700,3509415.8261,779145.9176,5250971.8509,,0.0247,0.0098,0.0198,0.03313864813175094,11,1.0800000000745058,1.9629999995231628,-1.2339999992400408,,0.3500185709358862,0.1385929291125633,0.28072228269234345,0.4696019591100531
2026-04-23 07:46:09.800,3509415.875,779145.9998,5250971.7957,,0.0247,0.0098,0.0198,0.03313864813175094,11,1.0259999986737967,1.298999999416992,-0.9750000014901161,,0.3486043602710671,0.1385929291125633,0.27930807363912696,0.46770289714732355
2026-04-23 07:46:09.900,3509415.9287,779146.0475,5250971.7534,,0.0246,0.0098,0.0197,0.03300439364690707,11,0.8760000020265579,0.6900000001769513,-0.6989999953657389,,0.3486043602710671,0.1385929291125633,0.27930807363912696,0.46770289714732355
2026-04-23 07:46:10.000,3509415.9626,779146.0688,5250971.7258,,0.0246,0.0098,0.0197,0.03300439364690707,11,0.5370000004768372,0.19100000034086406,-0.4110000003129244,,0.3471901496298534,0.13788763541376725,0.27789386463180504,0.46559531784587355
2026-04-23 07:46:10.100,3509415.9824,779146.0666,5250971.7123,,0.0245,0.0097,0.0196,0.03284052374734605,11,0.598999997600913,0.09599999990314245,-0.33900000154972076,,0.34648520891951506,0.13788763541376725,0.27789386463180504,0.4650698872212648
2026-04-23 07:46:10.200,3509416.0225,779146.0784,5250971.6919,,0.0244,0.0097,0.0196,0.032765988463649316,11,1.1590000009164214,0.6859999999869615,-0.7139999978244305,,0.34577593901253456,0.1371787155501902,0.27647965567108185,0.46348678514063374
2026-04-23 07:46:10.300,3509416.0983,779146.1352,5250971.6409,,0.0244,0.0097,0.0195,0.032706268512320384,11,1.5750000020489097,1.6379999998025596,-1.2189999967813492,,0.3443617284194049,0.1371787155501902,0.27647965567108185,0.4624326978058536
2026-04-23 07:46:10.400,3509416.18,779146.2422,5250971.57,,0.0243,0.0097,0.0195,0.03263173302170756,11,1.4269999973475933,1.9709999999031425,-1.051000002771616,,0.3443617284194049,0.1371787155501902,0.2750654467576762,0.4615885613834034
2026-04-23 07:46:10.500,3509416.241,779146.3323,5250971.5358,,0.0243,0.0097,0.0194,0.03257207392844367,11,0.5749999964609742,1.546000000089407,-0.46700000762939453,,0.3443617284194049,0.13931618714277247,0.2757716446627535,0.46264889495166844
2026-04-23 07:46:10.600,3509416.2375,779146.3968,5250971.5233,,0.0244,0.01,0.0195,0.03279649371502997,10,-0.1560000004246831,1.002999999327585,-0.08099999278783798,,0.34365389565666205,0.13788763541376725,0.2743574311003804,0.4608503010740038
2026-04-23 07:46:10.700,3509416.2254,779146.4326,5250971.5277,,0.0243,0.0098,0.0194,0.03260199380406051,11,-0.10400000028312206,0.7869999995455146,-0.03599999472498894,,0.34365680554879163,0.1400142849854971,0.27436107595648473,0.4614953954266499
2026-04-23 07:46:10.800,3509416.2271,779146.4755,5250971.5197,,0.0242,0.0098,0.0193,0.03246798423062325,11,0.2490000007674098,1.4390000002458692,-0.3780000004917383,,0.3422426040106637,0.13788763541376725,0.2736512378923216,0.4593778401272747
2026-04-23 07:46:10.900,3509416.2503,779146.5765,5250971.4899,,0.0241,0.0097,0.0193,0.03236340525964473,11,0.5640000011771917,2.30600000009872,-0.743000004440546,,0.3415333073069155,0.13788763541376725,0.27223702907576697,0.4580076418576441
2026-04-23 07:46:11.000,3509416.2835,779146.7061,5250971.4454,,0.0241,0.0097,0.0192,0.03230386973723117,11,0.21699999924749136,2.4410000001080334,-0.5340000055730343,,0.34011909678816915,0.1371787155501902,0.27223702907576697,0.45674062661427434
2026-04-23 07:46:11.100,3509416.272,779146.8206,5250971.4365,,0.024,0.0097,0.0192,0.03222933446411824,11,-0.4339999984949827,2.019000001018867,-0.06799999624490738,,0.34011909678816915,0.1371787155501902,0.27082282030877675,0.45589911164642555
2026-04-23 07:46:11.200,3509416.2401,779146.908,5250971.4386,,0.024,0.0097,0.0191,0.03216986167206816,11,-0.5949999997392297,1.6969999996945262,0.005000000819563866,,0.33870488629483925,0.1371787155501902,0.27082282030877675,0.4548450285536822
2026-04-23 07:46:11.300,3509416.2125,779146.9903,5250971.437,,0.0239,0.0097,0.0191,0.032095326762630105,11,-0.4749999986961484,2.185999999055639,-0.17400000244379044,,0.33870488629483925,0.1371787155501902,0.26940861159213153,0.45400440526497093
2026-04-23 07:46:11.400,3509416.1926,779147.1266,5250971.4212,,0.0239,0.0097,0.019,0.032035917342882504,11,-0.48799999989569187,2.93100000009872,-0.29299999587237835,,0.3379970414071697,0.1371787155501902,0.26940861159213153,0.45347657050833395
2026-04-23 07:46:11.500,3509416.1637,779147.2834,5250971.4077,,0.0239,0.0097,0.019,0.032035917342882504,11,-0.8600000012665987,2.676000000210479,-0.06699999794363976,,0.3372906758272455,0.1371787155501902,0.26870057685088805,0.4525295570457249
2026-04-23 07:46:11.600,3509416.1066,779147.3942,5250971.4145,,0.0238,0.0097,0.019,0.03196138294880245,11,-1.1320000002160668,1.7450000008102506,0.31399999745190144,,0.3372906758272455,0.1371787155501902,0.26870057685088805,0.4525295570457249
2026-04-23 07:46:11.700,3509416.0505,779147.4579,5250971.4391,,0.0238,0.0097,0.019,0.03196138294880245,11,-0.8950000023469329,0.9460000006947666,0.4700000025331974,,0.33658282784479665,0.1371787155501902,0.2679944029266283,0.4515827720363123
2026-04-23 07:46:11.800,3509416.0171,779147.4888,5250971.4615,,0.0238,0.0097,0.0189,0.03190203755248244,11,-0.6679999968037009,0.9199999994598329,0.4150000028312206,,0.33587646538571286,0.1364734406395618,0.2679944029266283,0.4508425445762633
2026-04-23 07:46:11.900,3509415.9837,779147.5499,5250971.4806,,0.0237,0.0096,0.0189,0.03179716968536665,11,-0.6719999993219972,1.7469999997410923,0.2599999960511923,,0.33587646538571286,0.1364734406395618,0.26728636328851496,0.45042202432829587
2026-04-23 07:46:12.000,3509415.9499,779147.6635,5250971.4875,,0.0237,0.0096,0.0189,0.03179716968536665,11,-1.0330000007525086,2.242000000551343,0.2949999924749136,,0.3351686142824235,0.13576450198781712,0.26728636328851496,0.44967988614124155
2026-04-23 07:46:12.100,3509415.8804,779147.7741,5250971.5101,,0.0237,0.0096,0.0189,0.03179716968536665,11,-1.496000001206994,2.0230000000447035,0.5840000044554472,,0.3351686142824235,0.13576450198781712,0.26728636328851496,0.44967988614124155
2026-04-23 07:46:12.200,3509415.8003,779147.8658,5250971.5459,,0.0237,0.0096,0.0189,0.03179716968536665,11,-1.7770000034943223,1.5839999995660037,0.911000007763505,,0.3351686142824235,0.13576450198781712,0.26658019431308094,0.4492605034943534
2026-04-23 07:46:12.300,3509415.7027,779147.9325,5250971.6012,,0.0237,0.0096,0.0188,0.03173783231413261,11,-1.9379999954253435,1.230999999679625,1.1049999948590994,,0.3351686142824235,0.13576450198781712,0.26658019431308094,0.4492605034943534
2026-04-23 07:46:12.400,3509415.6065,779147.9889,5250971.6564,,0.0237,0.0096,0.0188,0.03173783231413261,11,-1.746999998576939,0.8050000004004687,1.0629999917000532,,0.3351686142824235,0.13576450198781712,0.26587214972614187,0.448840728989694
2026-04-23 07:46:12.500,3509415.528,779148.013,5250971.7075,,0.0237,0.0096,0.0188,0.03173783231413261,11,-1.484000002965331,0.3209999995306134,0.9790000040084124,,0.3351686142824235,0.13576450198781712,0.26587214972614187,0.448840728989694
2026-04-23 07:46:12.600,3509415.4581,779148.021,5250971.7543,,0.0237,0.0096,0.0188,0.03173783231413261,11,-1.1560000013560057,0.2039999992121011,0.8200000040233135,,0.33446225497057214,0.13576450198781712,0.26587214972614187,0.44831350637695494
2026-04-23 07:46:12.700,3509415.4124,779148.0334,5250971.7895,,0.0236,0.0096,0.0188,0.03166322788346128,11,-0.9890000009909272,0.5670000007376075,0.6119999941438437,,0.33446225497057214,0.13576450198781712,0.26587214972614187,0.44831350637695494
2026-04-23 07:46:12.800,3509415.3592,779148.0777,5250971.8155,,0.0236,0.0096,0.0188,0.03166322788346128,11,-1.2699999986216426,1.3360000005923212,0.6419999990612268,,0.33375440072005036,0.13576450198781712,0.26587214972614187,0.44778566301300887
2026-04-23 07:46:12.900,3509415.2854,779148.167,5250971.8537,,0.0236,0.0096,0.0188,0.03166322788346128,11,-1.4249999960884452,2.151000000303611,0.6770000047981739,,0.33375440072005036,0.13576450198781712,0.26587214972614187,0.44778566301300887
2026-04-23 07:46:13.000,3509415.2167,779148.2928,5250971.8832,,0.0236,0.0096,0.0188,0.03166322788346128,11,-1.25,2.776999999769032,0.4059999994933605,,0.33375440072005036,0.13576450198781712,0.26587214972614187,0.44778566301300887
2026-04-23 07:46:13.100,3509415.1604,779148.4447,5250971.8943,,0.0236,0.0096,0.0188,0.03166322788346128,11,-0.9820000035688281,3.123999999370426,0.07600000128149986,,0.33375440072005036,0.13576450198781712,0.26587214972614187,0.44778566301300887
2026-04-23 07:46:13.200,3509415.1185,779148.6052,5250971.8908,,0.0236,0.0096,0.0188,0.03166322788346128,11,-0.6160000013187528,3.14600000041537,-0.13000000268220901,,0.33375440072005036,0.13576450198781712,0.26587214972614187,0.44778566301300887
2026-04-23 07:46:13.300,3509415.0988,779148.7593,5250971.8813,,0.0236,0.0096,0.0188,0.03166322788346128,11,-0.10499999858438969,2.9460000002291054,-0.33599999733269215,,0.33375440072005036,0.13576450198781712,0.26587214972614187,0.44778566301300887
2026-04-23 07:46:13.400,3509415.108,779148.8998,5250971.8572,,0.0236,0.0096,0.0188,0.03166322788346128,11,0.09500000160187483,3.0449999996926636,-0.37999999709427357,,0.33375440072005036,0.13576450198781712,0.26587214972614187,0.44778566301300887
2026-04-23 07:46:13.500,3509415.1083,779149.0638,5250971.8433,,0.0236,0.0096,0.0188,0.03166322788346128,11,0.013000001199543476,3.3389999996870756,-0.36900000646710396,,0.33375440072005036,0.13576450198781712,0.26587214972614187,0.44778566301300887
2026-04-23 07:46:13.600,3509415.1093,779149.2337,5250971.8203,,0.0236,0.0096,0.0188,0.03166322788346128,11,0.2339999983087182,3.5210000001825392,-0.6240000016987324,,0.33375440072005036,0.13576450198781712,0.26587214972614187,0.44778566301300887
2026-04-23 07:46:13.700,3509415.1317,779149.4159,5250971.7809,,0.0236,0.0096,0.0188,0.03166322788346128,11,0.44199999887496233,3.5530000005383044,-0.8880000002682209,,0.33375440072005036,0.13576450198781712,0.26587214972614187,0.44778566301300887
2026-04-23 07:46:13.800,3509415.1535,779149.589,5250971.7315,,0.0236,0.0096,0.0188,0.03166322788346128,11,0.7970000011846423,3.4409999998752028,-1.093999994918704,,0.33375440072005036,0.13576450198781712,0.26587214972614187,0.44778566301300887
2026-04-23 07:46:13.900,3509415.2114,779149.76,5250971.6715,,0.0236,0.0096,0.0188,0.03166322788346128,11,1.3829999975860119,3.4149999998044223,-1.3849999941885471,,0.33375440072005036,0.13576450198781712,0.26587214972614187,0.44778566301300887
2026-04-23 07:46:14.000,3509415.2918,779149.9305,5250971.593,,0.0236,0.0096,0.0188,0.03166322788346128,11,1.7249999986961484,3.040000000037253,-1.6210000030696392,,0.33375440072005036,0.13576450198781712,0.26587214972614187,0.44778566301300887
2026-04-23 07:46:14.100,3509415.3839,779150.064,5250971.5094,,0.0236,0.0096,0.0188,0.03166322788346128,11,1.9140000035986304,2.2499999997671694,-1.5580000076442957,,0.33375440072005036,0.13576450198781712,0.26587214972614187,0.44778566301300887
2026-04-23 07:46:14.200,3509415.4832,779150.1555,5250971.4372,,0.0236,0.0096,0.0188,0.03166322788346128,11,2.111000004224479,1.803999999538064,-1.5269999951124191,,0.33375440072005036,0.13576450198781712,0.26587214972614187,0.44778566301300887
2026-04-23 07:46:14.300,3509415.595,779150.2444,5250971.3567,,0.0236,0.0096,0.0188,0.03166322788346128,11,2.2579999966546893,1.8649999995250255,-1.7319999914616346,,0.33375440072005036,0.13576450198781712,0.26587214972614187,0.44778566301300887
2026-04-23 07:46:14.400,3509415.709,779150.342,5250971.264,,0.0236,0.0096,0.0188,0.03166322788346128,11,2.336999997496605,1.9870000006631017,-1.8680000025779009,,0.33375440072005036,0.13576450198781712,0.26587214972614187,0.44778566301300887
2026-04-23 07:46:14.500,3509415.8287,779150.4431,5250971.1699,,0.0236,0.0096,0.0188,0.03166322788346128,11,2.3760000010952353,2.033999999985099,-1.9610000029206276,,0.33375440072005036,0.13576450198781712,0.26587214972614187,0.44778566301300887
2026-04-23 07:46:14.600,3509415.9466,779150.5454,5250971.0679,,0.0236,0.0096,0.0188,0.03166322788346128,11,2.258000001311302,2.0219999994151294,-1.8819999974220991,,0.33375440072005036,0.13576450198781712,0.26587214972614187,0.44778566301300887
2026-04-23 07:46:14.700,3509416.0545,779150.6453,5250970.9817,,0.0236,0.0096,0.0188,0.03166322788346128,11,1.8119999999180436,1.9760000007227063,-1.5830000024288893,,0.33375440072005036,0.13576450198781712,0.2651659857523208,0.4473667399349218
2026-04-23 07:46:14.800,3509416.1278,779150.743,5250970.9096,,0.0236,0.0096,0.0187,0.031603955448645984,11,1.1679999995976686,1.8650000006891787,-1.2030000053346157,,0.33304804458215936,0.13576450198781712,0.2651659857523208,0.44684001611314983
2026-04-23 07:46:14.900,3509416.1713,779150.8318,5250970.8614,,0.0235,0.0096,0.0187,0.03152935140468322,11,0.6749999988824129,1.6090000001713634,-0.7569999992847443,,0.33304804458215936,0.13576450198781712,0.2644579361637688,0.44642020563590085
2026-04-23 07:46:15.000,3509416.1953,779150.9039,5250970.8339,,0.0235,0.0096,0.0187,0.03152935140468322,11,0.3610000014305115,1.4469999994616956,-0.5299999937415123,,0.3323401871576773,0.13576450198781712,0.2644579361637688,0.4458923636933021
2026-04-23 07:46:15.100,3509416.2074,779150.9765,5250970.8084,,0.0235,0.0096,0.0187,0.03152935140468322,11,0.3399999998509884,1.3949999993201345,-0.426000002771616,,0.3323401871576773,0.13576450198781712,0.2644579361637688,0.4458923636933021
2026-04-23 07:46:15.200,3509416.2293,779151.0434,5250970.7913,,0.0235,0.0096,0.0187,0.03152935140468322,11,0.2679999964311719,1.6339999996125698,-0.3270000033080578,,0.3323401871576773,0.13576450198781712,0.2644579361637688,0.4458923636933021
2026-04-23 07:46:15.300,3509416.2342,779151.1399,5250970.7757,,0.0235,0.0096,0.0187,0.03152935140468322,11,-0.1259999955072999,2.0630000007804483,-0.27199999429285526,,0.3323401871576773,0.13576450198781712,0.2644579361637688,0.4458923636933021
2026-04-23 07:46:15.400,3509416.2167,779151.2497,5250970.7641,,0.0235,0.0096,0.0187,0.03152935140468322,11,-0.3959999978542328,2.3550000006798655,-0.20600000396370888,,0.3323401871576773,0.13576450198781712,0.2644579361637688,0.4458923636933021
2026-04-23 07:46:15.500,3509416.1946,779151.3754,5250970.7551,,0.0235,0.0096,0.0187,0.03152935140468322,11,-0.5070000002160668,2.5039999990258366,-0.12500000186264515,,0.3323401871576773,0.13576450198781712,0.2644579361637688,0.4458923636933021
2026-04-23 07:46:15.600,3509416.166,779151.5001,5250970.7516,,0.0235,0.0096,0.0187,0.03152935140468322,11,-0.6190000008791685,2.6639999996405095,-0.029999995604157448,,0.3323401871576773,0.13576450198781712,0.2644579361637688,0.4458923636933021
2026-04-23 07:46:15.700,3509416.1327,779151.6418,5250970.7521,,0.0235,0.0096,0.0187,0.03152935140468322,11,-0.7490000035613775,2.832000000635162,0.010999999940395355,,0.3323401871576773,0.13576450198781712,0.2644579361637688,0.4458923636933021
2026-04-23 07:46:15.800,3509416.0911,779151.7833,5250970.7527,,0.0235,0.0096,0.0187,0.03152935140468322,11,-1.0490000015124679,2.9630000004544854,0.18600000068545341,,0.3323401871576773,0.13576450198781712,0.2644579361637688,0.4458923636933021
2026-04-23 07:46:15.900,3509416.0278,779151.9381,5250970.7707,,0.0235,0.0096,0.0187,0.03152935140468322,11,-1.3939999975264072,3.000999999931082,0.40699999779462814,,0.3323401871576773,0.13576450198781712,0.2644579361637688,0.4458923636933021
2026-04-23 07:46:16.000,3509415.9517,779152.0834,5250970.7934,,0.0235,0.0096,0.0187,0.03152935140468322,11,-1.6139999963343143,2.8189999994356185,0.5409999936819077,,0.3323401871576773,0.13576450198781712,0.2644579361637688,0.4458923636933021
2026-04-23 07:46:16.100,3509415.8664,779152.22,5250970.8248,,0.0235,0.0096,0.0187,0.03152935140468322,11,-1.790000000037253,2.6800000004004687,0.6730000022798777,,0.3323401871576773,0.13576450198781712,0.2644579361637688,0.4458923636933021
2026-04-23 07:46:16.200,3509415.7727,779152.3514,5250970.8607,,0.0235,0.0096,0.0187,0.03152935140468322,11,-1.8360000010579824,2.3730000003706664,0.8740000054240227,,0.3323401871576773,0.13576450198781712,0.2644579361637688,0.4458923636933021
2026-04-23 07:46:16.300,3509415.6828,779152.4573,5250970.9122,,0.0235,0.0096,0.0187,0.03152935140468322,11,-1.995999999344349,2.0509999990463257,1.0589999984949827,,0.3323401871576773,0.13576450198781712,0.2644579361637688,0.4458923636933021
2026-04-23 07:46:16.400,3509415.5731,779152.5565,5250970.9666,,0.0235,0.0096,0.0187,0.03152935140468322,11,-2.346000000834465,2.0230000000447035,1.1739999987185001,,0.3323401871576773,0.13576450198781712,0.2644579361637688,0.4458923636933021
2026-04-23 07:46:16.500,3509415.4482,779152.6596,5250971.0296,,0.0235,0.0096,0.0187,0.03152935140468322,11,-2.2970000002533197,2.1120000001974404,1.0660000052303076,,0.3323401871576773,0.13576450198781712,0.2644579361637688,0.4458923636933021
2026-04-23 07:46:16.600,3509415.3434,779152.7677,5250971.0732,,0.0235,0.0096,0.0187,0.03152935140468322,11,-1.8599999975413084,2.2999999998137355,0.7720000017434359,,0.3323401871576773,0.13576450198781712,0.2644579361637688,0.4458923636933021
2026-04-23 07:46:16.700,3509415.2622,779152.8896,5250971.1068,,0.0235,0.0096,0.0187,0.03152935140468322,11,-1.378000001423061,2.540000000735745,0.5189999938011169,,0.3323401871576773,0.13576450198781712,0.2644579361637688,0.4458923636933021
2026-04-23 07:46:16.800,3509415.2056,779153.0217,5250971.1251,,0.0235,0.0096,0.0187,0.03152935140468322,11,-1.0350000020116568,2.7639999997336417,0.19499999471008778,,0.3323401871576773,0.13576450198781712,0.2644579361637688,0.4458923636933021
2026-04-23 07:46:16.900,3509415.1587,779153.166,5250971.1263,,0.0235,0.0096,0.0187,0.03152935140468322,11,-0.598999997600913,2.948999999789521,-0.1699999999254942,,0.3323401871576773,0.13576450198781712,0.2644579361637688,0.4458923636933021
2026-04-23 07:46:17.000,3509415.1457,779153.3166,5250971.1081,,0.0235,0.0096,0.0187,0.03152935140468322,11,-0.07699999958276749,2.9580000007990748,-0.4550000000745058,,0.3323401871576773,0.13576450198781712,0.2644579361637688,0.4458923636933021
2026-04-23 07:46:17.100,3509415.151,779153.4618,5250971.0808,,0.0235,0.0096,0.0187,0.03152935140468322,11,0.15399999916553497,3.0119999998714775,-0.6379999965429306,,0.3323401871576773,0.13576450198781712,0.2644579361637688,0.4458923636933021
2026-04-23 07:46:17.200,3509415.1611,779153.6178,5250971.0443,,0.0235,0.0096,0.0187,0.03152935140468322,11,0.38600000087171793,3.054999999003485,-0.7890000008046627,,0.3323401871576773,0.13576450198781712,0.2644579361637688,0.4458923636933021
2026-04-23 07:46:17.300,3509415.1896,779153.7673,5250971.0019,,0.0235,0.0096,0.0187,0.03152935140468322,11,0.7489999989047647,2.8610000002663583,-0.9109999984502792,,0.3323401871576773,0.13576450198781712,0.2644579361637688,0.4458923636933021
2026-04-23 07:46:17.400,3509415.236,779153.9039,5250970.9532,,0.0235,0.0096,0.0187,0.03152935140468322,11,0.9359999978914857,2.7220000000670552,-1.0119999945163727,,0.3344682346651173,0.1364734406395618,0.2644579361637688,0.44769632564942946
2026-04-23 07:46:17.500,3509415.2832,779154.0395,5250970.9007,,0.0238,0.0097,0.0187,0.031783958217943845,11,1.055999998934567,2.672000000020489,-1.143000004813075,,0.336609566114809,0.1364734406395618,0.2644579361637688,0.44929834186206385
2026-04-23 07:46:17.600,3509415.3416,779154.1711,5250970.8389,,0.0241,0.0097,0.0187,0.032009217422486295,11,1.2740000011399388,2.557000000961125,-1.2440000008791685,,0.34013673721019905,0.13788763541376725,0.2644579361637688,0.4523759498470271
2026-04-23 07:46:17.700,3509415.4106,779154.2952,5250970.7763,,0.0243,0.0098,0.0187,0.032190371231161655,11,1.5940000023692846,2.2779999999329448,-1.2939999997615814,,0.3429533495972885,0.13788763541376725,0.2644579361637688,0.454497524745735
2026-04-23 07:46:17.800,3509415.501,779154.3989,5250970.7095,,0.0244,0.0098,0.0187,0.032265926300046,11,1.8319999985396862,2.0679999992717057,-1.3819999992847443,,0.3443617284194049,0.13788763541376725,0.2644579361637688,0.4555611923770504
2026-04-23 07:46:17.900,3509415.5938,779154.502,5250970.6381,,0.0244,0.0097,0.0187,0.032235694501592485,11,1.9589999970048666,2.0620000001508743,-1.51999999769032,,0.34506810921903525,0.13788763541376725,0.2644579361637688,0.456095384760688
2026-04-23 07:46:18.000,3509415.6969,779154.6051,5250970.5575,,0.0244,0.0097,0.0187,0.032235694501592485,11,2.203999999910593,2.0970000000670552,-1.7219999991357327,,0.34506810921903525,0.1371787155501902,0.2644579361637688,0.4558815635666791
2026-04-23 07:46:18.100,3509415.8142,779154.7117,5250970.4659,,0.0244,0.0097,0.0187,0.032235694501592485,11,2.5010000029578805,1.9140000001061708,-1.8950000032782555,,0.3443617284194049,0.1371787155501902,0.2644579361637688,0.45534712033788016
2026-04-23 07:46:18.200,3509415.947,779154.7965,5250970.368,,0.0243,0.0097,0.0187,0.03216006840788744,11,2.578000002540648,1.3479999999981374,-1.8979999981820583,,0.3443617284194049,0.1371787155501902,0.2644579361637688,0.45534712033788016
2026-04-23 07:46:18.300,3509416.072,779154.8465,5250970.2761,,0.0243,0.0097,0.0187,0.03216006840788744,11,2.3669999977573752,0.9069999994244426,-1.6589999943971634,,0.34294751785076383,0.1364734406395618,0.2651659857523208,0.45447882238889853
2026-04-23 07:46:18.400,3509416.1837,779154.8872,5250970.2021,,0.0242,0.0096,0.0188,0.03211292574649654,11,2.0420000003650784,0.851000000257045,-1.4100000075995922,,0.34294751785076383,0.1364734406395618,0.2651659857523208,0.45447882238889853
2026-04-23 07:46:18.500,3509416.2762,779154.9316,5250970.1351,,0.0242,0.0096,0.0188,0.03211292574649654,11,1.759000001475215,1.0809999995399266,-1.406000005081296,,0.3415333073069155,0.13576450198781712,0.26587214972614187,0.45361327141079105
2026-04-23 07:46:18.600,3509416.3596,779154.9953,5250970.0615,,0.0241,0.0096,0.0188,0.03203763411989094,11,1.680999998934567,1.6289999999571592,-1.4329999964684248,,0.3415333073069155,0.13576450198781712,0.26587214972614187,0.45361327141079105
2026-04-23 07:46:18.700,3509416.4443,779155.0945,5250969.9918,,0.0241,0.0096,0.0188,0.03203763411989094,11,1.365999998524785,2.221000000135973,-1.2490000016987324,,0.34011909678816915,0.13576450198781712,0.26587214972614187,0.4525494448123873
2026-04-23 07:46:18.800,3509416.4962,779155.2174,5250969.9366,,0.024,0.0096,0.0188,0.031962478001556764,11,0.8479999983683228,2.676000000210479,-1.0120000038295984,,0.34011909678816915,0.13576450198781712,0.26587214972614187,0.4525494448123873
2026-04-23 07:46:18.900,3509416.5291,779155.3621,5250969.8906,,0.024,0.0096,0.0188,0.031962478001556764,11,0.3979999991133809,2.9899999999906868,-0.9249999932944775,,0.34082840257232083,0.13790213921473443,0.26658019431308094,0.454143149238211
2026-04-23 07:46:19.000,3509416.536,779155.5164,5250969.8441,,0.0242,0.0099,0.0189,0.032262361971808574,11,-0.0699999975040555,3.2499999995343387,-0.7499999925494194,,0.34296501279285035,0.139344895851983,0.26800186566514794,0.4570196932299526
2026-04-23 07:46:19.100,3509416.5221,779155.6871,5250969.8156,,0.0245,0.0101,0.0191,0.032666037408905294,11,-0.40699999779462814,3.4830000007059425,-0.4150000028312206,,0.34579329085452193,0.1421442928857856,0.270129598526337,0.46124613819521565
2026-04-23 07:46:19.200,3509416.4953,779155.8647,5250969.8026,,0.0247,0.0102,0.0193,0.03296391966984509,11,-0.6630000006407499,3.6019999999552965,-0.1919999998062849,,0.35003571246374277,0.14354441821262157,0.2729578722074159,0.46651473717343594
2026-04-23 07:46:19.300,3509416.4558,779156.0473,5250969.7964,,0.025,0.0102,0.0195,0.033306005464480426,11,-0.9890000009909272,3.5329999995883554,0.021000001579523087,,0.3521505359927768,0.14424978336205568,0.2757861490358064,0.4699744673915807
2026-04-23 07:46:19.400,3509416.3964,779156.218,5250969.8047,,0.0251,0.0102,0.0197,0.033498358168722236,11,-1.3510000007227063,3.3480000006966293,0.24699999950826168,,0.3556810368855781,0.14354441821262157,0.2779010615308981,0.47364860392489283
2026-04-23 07:46:19.500,3509416.3207,779156.3821,5250969.8211,,0.0253,0.0101,0.0198,0.03367699511536028,11,-1.6580000007525086,3.2070000004023314,0.4579999949783087,,0.35709522539513183,0.14354441821262157,0.2800178565734692,0.4759537792685336
2026-04-23 07:46:19.600,3509416.2306,779156.5387,5250969.8505,,0.0254,0.0101,0.0199,0.03381094497348455,11,-1.927000000141561,3.001999999396503,0.7109999936074018,,0.358503835404867,0.14213022197970424,0.2814320521902223,0.47742015039166497
2026-04-23 07:46:19.700,3509416.128,779156.6823,5250969.8922,,0.0254,0.01,0.02,0.03384021276528858,11,-2.172999996691942,2.7469999995082617,0.9599999990314245,,0.3599180462271932,0.14142842712835352,0.2828462479864281,0.4791085471999012
2026-04-23 07:46:19.800,3509416.0133,779156.8134,5250969.9465,,0.0255,0.0099,0.0201,0.03394510273957055,11,-2.5609999988228083,2.5120000005699694,1.193000003695488,,0.3599180462271932,0.14071602609511116,0.28355070093371304,0.47931513641861967
2026-04-23 07:46:19.900,3509415.8719,779156.9335,5250970.0115,,0.0255,0.0099,0.0201,0.03394510273957055,11,-2.689000000245869,2.395000000251457,1.2360000051558018,,0.3606244584051392,0.1393018305694509,0.2842569260369921,0.47985101854638174
2026-04-23 07:46:20.000,3509415.7444,779157.0529,5250970.0701,,0.0255,0.0098,0.0201,0.03391607288587521,11,-2.195000001229346,2.4229999992530793,0.977999996393919,,0.3599180462271932,0.1393018305694509,0.2842569260369921,0.4793203521654385
2026-04-23 07:46:20.100,3509415.6524,779157.1758,5250970.1093,,0.0254,0.0098,0.0201,0.03384095152326542,11,-1.6650000028312206,2.5769999995827675,0.6379999965429306,,0.3599180462271932,0.1385929291125633,0.2842569260369921,0.47911480878803986
2026-04-23 07:46:20.200,3509415.5779,779157.3106,5250970.1339,,0.0254,0.0098,0.0201,0.03384095152326542,11,-1.271000001579523,2.763000000268221,0.3360000066459179,,0.358503835404867,0.1385929291125633,0.28355070093371304,0.47763375090125276
2026-04-23 07:46:20.300,3509415.5253,779157.4521,5250970.1429,,0.0253,0.0098,0.02,0.03370652755772982,11,-0.6919999979436398,2.9630000004544854,-0.04199999384582043,,0.358503835404867,0.1385929291125633,0.28355070093371304,0.47763375090125276
2026-04-23 07:46:20.400,3509415.5087,779157.6069,5250970.1297,,0.0253,0.0098,0.02,0.03370652755772982,11,-0.12399999890476465,3.1220000004395843,-0.3930000029504299,,0.3570896246042441,0.1385929291125633,0.2821364917907643,0.47573311846034005
2026-04-23 07:46:20.500,3509415.5129,779157.7643,5250970.1036,,0.0252,0.0098,0.0199,0.033572161086233336,11,0.3059999970719218,3.1819999997969717,-0.6300000008195639,,0.356384623686264,0.1385929291125633,0.2821364917907643,0.47520416664839965
2026-04-23 07:46:20.600,3509415.5393,779157.9251,5250970.0667,,0.0251,0.0098,0.0199,0.033497164059066255,11,0.4620000021532178,3.2329999993089586,-0.9429999999701977,,0.3577988261579403,0.1385929291125633,0.28072228269234345,0.4754292797041427
2026-04-23 07:46:20.700,3509415.5591,779158.0876,5250970.0093,,0.0254,0.0098,0.0198,0.033663630226106044,11,0.7209999999031425,3.1359999999403954,-1.1710000038146973,,0.3578072106595953,0.1385929291125633,0.28072228269234345,0.47543558974902167
2026-04-23 07:46:20.800,3509415.6114,779158.2387,5250969.9496,,0.0255,0.0098,0.0198,0.033739146402954535,11,1.2109999964013696,2.9619999998249114,-1.3049999997019768,,0.3606272313622475,0.1393018305694509,0.27930807363912696,0.47693815112653754
2026-04-23 07:46:20.900,3509415.6802,779158.3838,5250969.8788,,0.0256,0.0099,0.0197,0.033785499848307705,11,1.5830000024288893,2.7560000005178154,-1.4169999957084656,,0.3613322570709679,0.1385929291125633,0.2786036611389018,0.4768532268948172
2026-04-23 07:46:21.000,3509415.7697,779158.5143,5250969.8079,,0.0256,0.0098,0.0196,0.033698071161418125,11,1.8119999999180436,2.5100000004749745,-1.5259999968111515,,0.3620386719675123,0.1393018305694509,0.27789386463180504,0.47718130726171576
2026-04-23 07:46:21.100,3509415.8614,779158.6348,5250969.7262,,0.0256,0.0098,0.0196,0.033698071161418125,11,1.9119999976828694,2.415000000037253,-1.6680000070482492,,0.3613322570709679,0.1385929291125633,0.27647965567108185,0.4756153908359148
2026-04-23 07:46:21.200,3509415.9609,779158.7558,5250969.6411,,0.0255,0.0098,0.0195,0.033563968776055074,11,2.029000003822148,2.4540000001434237,-1.69000000692904,,0.3606272313622475,0.1385929291125633,0.27647965567108185,0.4750799932642923
2026-04-23 07:46:21.300,3509416.0643,779158.8802,5250969.5572,,0.0254,0.0098,0.0195,0.03348805757281243,11,2.0060000009834766,2.4589999997988343,-1.6869999933987856,,0.3592130287169439,0.13788763541376725,0.2750654467576762,0.47297780074756146
2026-04-23 07:46:21.400,3509416.1615,779159.0017,5250969.4724,,0.0253,0.0097,0.0194,0.033324765565566995,11,1.7769999988377094,2.5479999999515712,-1.5899999998509884,,0.3577988261579403,0.13788763541376725,0.2750654467576762,0.4719046513862731
2026-04-23 07:46:21.500,3509416.242,779159.135,5250969.3982,,0.0252,0.0097,0.0194,0.033248909756561945,11,1.572000002488494,2.6500000001396984,-1.4870000071823597,,0.356384623686264,0.1371787155501902,0.2743574311003804,0.4702127178203499
2026-04-23 07:46:21.600,3509416.3187,779159.2667,5250969.3237,,0.0251,0.0097,0.0194,0.03317318193963311,11,1.398999998345971,2.744999999413267,-1.403999999165535,,0.3563818177180199,0.13931618714277247,0.2750654467576762,0.47125152519647084
2026-04-23 07:46:21.700,3509416.3819,779159.4095,5250969.2578,,0.0252,0.01,0.0195,0.033395957839235574,10,1.1419999971985817,2.9079999995883554,-1.2609999999403954,,0.3542612030691478,0.13788763541376725,0.2743574311003804,0.46881339571304914
2026-04-23 07:46:21.800,3509416.4329,779159.5575,5250969.1976,,0.025,0.0098,0.0194,0.033127028239792355,11,0.8650000020861626,2.952999999979511,-1.0680000018328428,,0.35426684857604157,0.13931618714277247,0.2750654467576762,0.46965412805595563
2026-04-23 07:46:21.900,3509416.4684,779159.7048,5250969.151,,0.0249,0.0097,0.0194,0.033022113802723164,11,0.5649999994784594,2.9269999999087304,-0.7979999948292971,,0.35214201680572,0.13788763541376725,0.2736512378923216,0.46679974293052046
2026-04-23 07:46:22.000,3509416.4894,779159.8502,5250969.1178,,0.0248,0.0097,0.0193,0.03288799172950516,11,0.3629999980330467,2.6970000006258488,-0.563999991863966,,0.3507278146939589,0.1371787155501902,0.2736512378923216,0.46552443544888167
2026-04-23 07:46:22.100,3509416.5047,779159.9745,5250969.0946,,0.0247,0.0097,0.0193,0.03281264999965715,11,0.1080000028014183,2.356999999610707,-0.3920000046491623,,0.3493136126749142,0.1364734406395618,0.27223702907576697,0.4634198959906663
2026-04-23 07:46:22.200,3509416.5002,779160.0859,5250969.0786,,0.0246,0.0096,0.0192,0.03264904286499069,11,-0.10999999940395355,1.9330000004265457,-0.24000000208616257,,0.3478994107497166,0.1364734406395618,0.27223702907576697,0.46235484208559985
2026-04-23 07:46:22.300,3509416.4937,779160.1678,5250969.0706,,0.0245,0.0096,0.0192,0.03257376244771242,11,-0.3319999994710088,1.6190000006463379,-0.09300000034272671,,0.34648520891951506,0.13576450198781712,0.27082282030877675,0.46024884573456565
2026-04-23 07:46:22.400,3509416.467,779160.2478,5250969.0693,,0.0244,0.0096,0.0191,0.032439636249501934,11,-0.4410000005736947,1.4359999995213002,-0.05700000561773777,,0.3471901496298534,0.1364734406395618,0.27082282030877675,0.4609891538854249
2026-04-23 07:46:22.500,3509416.4496,779160.3114,5250969.0649,,0.0246,0.0097,0.0191,0.03261993255664395,10,-0.5070000002160668,1.1679999995976686,0.031000003218650818,,0.34506810921903525,0.1364734406395618,0.27011479041326114,0.45897603423272554
2026-04-23 07:46:22.600,3509416.4163,779160.3646,5250969.0724,,0.0244,0.0097,0.0191,0.032469370181757454,11,-0.6949999975040555,0.8369999995920807,0.19100000150501728,,0.3457817230566127,0.1371787155501902,0.27011479041326114,0.45972274253075623
2026-04-23 07:46:22.700,3509416.3801,779160.3951,5250969.084,,0.0243,0.0097,0.0191,0.032394289620240165,11,-0.5690000019967556,0.3930000006221235,0.2560000028461218,,0.3443617284194049,0.1364734406395618,0.26940861159213153,0.4580294750340855
2026-04-23 07:46:22.800,3509416.3594,779160.4039,5250969.098,,0.0243,0.0096,0.019,0.032305572274763994,11,-0.4920000024139881,0.013000000035390258,0.272000003606081,,0.34294751785076383,0.1364734406395618,0.26940861159213153,0.456967176064102
2026-04-23 07:46:22.900,3509416.3309,779160.3964,5250969.1112,,0.0242,0.0096,0.019,0.032230420413019746,11,-0.3970000008121133,-0.2690000005532056,0.24299999698996544,,0.3422426040106637,0.13576450198781712,0.26870057685088805,0.4558091705966434
2026-04-23 07:46:23.000,3509416.3197,779160.377,5250969.1223,,0.0241,0.0096,0.019,0.03215540390043328,11,-0.15399999916553497,-0.3759999992325902,0.14999999664723873,,0.3415333073069155,0.13576450198781712,0.2679944029266283,0.45486041815044753
2026-04-23 07:46:23.100,3509416.3155,779160.3588,5250969.1262,,0.0241,0.0096,0.0189,0.03209641724554315,11,0.001000002957880497,-0.38300000014714897,0.04200000315904617,,0.3408254685319159,0.13576450198781712,0.2679944029266283,0.45432917581859084
2026-04-23 07:46:23.200,3509416.3198,779160.3387,5250969.1265,,0.0241,0.0096,0.0189,0.03209641724554315,11,0.010999999940395355,-0.3090000001247972,0.014000004157423973,,0.34011909678816915,0.13576450198781712,0.26728636328851496,0.4533817376119157
2026-04-23 07:46:23.300,3509416.3166,779160.3279,5250969.1276,,0.024,0.0096,0.0189,0.03202139909498022,11,0.056999996304512024,-0.20099999965168536,-0.040000006556510925,,0.34011909678816915,0.13576450198781712,0.26728636328851496,0.4533817376119157
2026-04-23 07:46:23.400,3509416.3255,779160.3186,5250969.1225,,0.024,0.0096,0.0189,0.03202139909498022,11,0.16700000036507845,-0.11100000003352761,-0.09100000374019146,,0.3394112549695428,0.13576450198781712,0.26728636328851496,0.4528509688628258
2026-04-23 07:46:23.500,3509416.3333,779160.3168,5250969.1185,,0.024,0.0096,0.0189,0.03202139909498022,11,0.18900000024586916,-0.015999999595806003,-0.09399999864399433,,0.3394112549695428,0.13576450198781712,0.26728636328851496,0.4528509688628258
2026-04-23 07:46:23.600,3509416.3444,779160.317,5250969.1131,,0.024,0.0096,0.0189,0.03202139909498022,11,0.19599999766796827,0.009999999310821295,-0.0839999970048666,,0.3394112549695428,0.13576450198781712,0.26728636328851496,0.4528509688628258
2026-04-23 07:46:23.700,3509416.3529,779160.3178,5250969.1101,,0.024,0.0096,0.0189,0.03202139909498022,11,0.14600000344216824,0.047999999951571226,-0.08700000122189522,,0.33870488629483925,0.13576450198781712,0.26728636328851496,0.4523217881110747
2026-04-23 07:46:23.800,3509416.359,779160.3218,5250969.1044,,0.0239,0.0096,0.0189,0.03194651780711006,11,0.15400000382214785,0.10600000037811697,-0.12099999934434891,,0.33870488629483925,0.13576450198781712,0.26728636328851496,0.4523217881110747
2026-04-23 07:46:23.900,3509416.3683,779160.3284,5250969.098,,0.0239,0.0096,0.0189,0.03194651780711006,11,0.13799999840557575,0.14399999985471368,-0.11399999260902405,,0.3379970414071697,0.13576450198781712,0.26658019431308094,0.45137456729417086
2026-04-23 07:46:24.000,3509416.3728,779160.3362,5250969.093,,0.0239,0.0096,0.0188,0.031887458349639596,11,0.11399999726563692,0.13700000010430813,-0.08700000122189522,,0.3379970414071697,0.13576450198781712,0.26658019431308094,0.45137456729417086
2026-04-23 07:46:24.100,3509416.3797,779160.3421,5250969.0893,,0.0239,0.0096,0.0188,0.031887458349639596,11,0.14599999878555536,0.13500000000931323,-0.03700000233948231,,0.3379970414071697,0.13576450198781712,0.26587214972614187,0.45095676067667506
2026-04-23 07:46:24.200,3509416.3874,779160.3497,5250969.0893,,0.0239,0.0096,0.0188,0.031887458349639596,11,0.1129999989643693,0.11700000031851232,-0.015000002458691597,,0.3379970414071697,0.13576450198781712,0.26587214972614187,0.45095676067667506
2026-04-23 07:46:24.300,3509416.391,779160.3538,5250969.0878,,0.0239,0.0096,0.0188,0.031887458349639596,11,0.054999999701976776,0.0910000002477318,-0.03399999812245369,,0.3379970414071697,0.13576450198781712,0.26587214972614187,0.45095676067667506
2026-04-23 07:46:24.400,3509416.3929,779160.3588,5250969.0859,,0.0239,0.0096,0.0188,0.031887458349639596,11,-0.0699999975040555,0.08099999977275729,-0.024999994784593582,,0.3379970414071697,0.13576450198781712,0.26587214972614187,0.45095676067667506
2026-04-23 07:46:24.500,3509416.384,779160.3619,5250969.0853,,0.0239,0.0096,0.0188,0.031887458349639596,11,-0.010999999940395355,0.0279999990016222,-0.004000002518296242,,0.3372906758272455,0.13576450198781712,0.26587214972614187,0.45042757464435945
2026-04-23 07:46:24.600,3509416.3918,779160.3616,5250969.0855,,0.0238,0.0096,0.0188,0.03181257612957492,11,0.10900000110268593,0.004999999655410647,0.007999995723366737,,0.3372906758272455,0.13576450198781712,0.26587214972614187,0.45042757464435945
2026-04-23 07:46:24.700,3509416.3949,779160.3624,5250969.0861,,0.0238,0.0096,0.0188,0.03181257612957492,12,0.026000002399086952,0.012000000569969416,0.010000001639127731,,0.33658282784479665,0.13576450198781712,0.26587214972614187,0.4498977661647144
2026-04-23 07:46:24.800,3509416.3944,779160.3628,5250969.0865,,0.0238,0.0096,0.0188,0.03181257612957492,12,0.0069999974220991135,-0.0020000000949949026,0.001999996602535248,,0.33658282784479665,0.13576450198781712,0.26587214972614187,0.4498977661647144
2026-04-23 07:46:24.900,3509416.3956,779160.3622,5250969.0863,,0.0238,0.0096,0.0188,0.03181257612957492,12,0.01600000075995922,-0.012000000569969416,0.005000000819563866,,0.33658282784479665,0.13576450198781712,0.26587214972614187,0.4498977661647144
2026-04-23 07:46:25.000,3509416.396,779160.3616,5250969.087,,0.0238,0.0096,0.0188,0.03181257612957492,12,-0.000999998301267624,-0.015999999595806003,0.020000003278255463,,0.33587646538571286,0.13505924625881782,0.26587214972614187,0.4491569881455703
2026-04-23 07:46:25.100,3509416.3955,779160.3606,5250969.0883,,0.0237,0.0095,0.0188,0.03170772776469484,12,0.020999996922910213,-0.026999999536201358,0.02199999988079071,,0.33587646538571286,0.13505924625881782,0.26587214972614187,0.4491569881455703
2026-04-23 07:46:25.200,3509416.3981,779160.3589,5250969.0892,,0.0237,0.0095,0.0188,0.03170772776469484,12,0.046999999321997166,-0.02899999963119626,0.03200000151991844,,0.33446225497057214,0.13435028842544403,0.26587214972614187,0.4478872626007576
2026-04-23 07:46:25.300,3509416.4002,779160.3577,5250969.0915,,0.0236,0.0095,0.0188,0.031633052334544005,12,0.06000000052154064,-0.024999999441206455,0.028999997302889824,,0.33446225497057214,0.13435028842544403,0.26587214972614187,0.4478872626007576
2026-04-23 07:46:25.400,3509416.4041,779160.3564,5250969.0921,,0.0236,0.0095,0.0188,0.031633052334544005,12,0.05100000184029341,-0.018000000854954123,0.015000002458691597,,0.33304804458215936,0.13435028842544403,0.26587214972614187,0.44683218326347085
2026-04-23 07:46:25.500,3509416.4053,779160.3559,5250969.093,,0.0235,0.0095,0.0188,0.03155851707542672,12,0.04500000271946192,0.0,0.015000002458691597,,0.33234319610908236,0.13364505228402582,0.26587214972614187,0.4460952813021003
2026-04-23 07:46:25.600,3509416.4086,779160.3564,5250969.0936,,0.0234,0.0094,0.0188,0.0314540935332748,12,0.04399999976158142,0.010999999940395355,0.010999999940395355,,0.3316338342208165,0.13364505228402582,0.26587214972614187,0.44556705443737643
2026-04-23 07:46:25.700,3509416.4097,779160.357,5250969.0941,,0.0234,0.0094,0.0188,0.0314540935332748,12,0.01799999736249447,0.0020000000949949026,0.021000001579523087,,0.33021962388689136,0.13293607486307094,0.26587214972614187,0.44430282465903814
2026-04-23 07:46:25.800,3509416.4104,779160.3566,5250969.0957,,0.0233,0.0094,0.0188,0.03137977055365447,12,0.02599999774247408,0.010000000474974513,0.028999997302889824,,0.3295147948120084,0.13293607486307094,0.26587214972614187,0.44377922438978595
2026-04-23 07:46:25.900,3509416.4123,779160.358,5250969.097,,0.0232,0.0094,0.0188,0.03130559055504304,12,0.026000002399086952,0.029999999096617103,0.009999992325901985,,0.3288054135807378,0.13293607486307094,0.2651659857523208,0.44282953831017197
2026-04-23 07:46:26.000,3509416.413,779160.3596,5250969.0967,,0.0232,0.0094,0.0187,0.031245639695803958,12,0.004000002518296242,0.026999999536201358,0.0,,0.3273912033027155,0.13293607486307094,0.2651659857523208,0.4417804884781581
2026-04-23 07:46:26.100,3509416.4127,779160.3607,5250969.097,,0.0231,0.0094,0.0187,0.031171461306778673,12,-0.010000001639127731,0.005000000819563866,-0.013999994844198227,,0.3273912033027155,0.13293607486307094,0.2644579361637688,0.44135586548725053
2026-04-23 07:46:26.200,3509416.412,779160.3601,5250969.0953,,0.0231,0.0094,0.0187,0.031171461306778673,12,0.0029999995604157448,-0.02099999925121665,-0.014000004157423973,,0.3259769930531907,0.13293607486307094,0.2644579361637688,0.440307846852631
2026-04-23 07:46:26.300,3509416.413,779160.3586,5250969.0956,,0.023,0.0094,0.0187,0.031097427546342156,12,0.01999999862164259,-0.01500000013038516,0.007999995723366737,,0.3259769930531907,0.13293607486307094,0.2644579361637688,0.440307846852631
2026-04-23 07:46:26.400,3509416.414,779160.3586,5250969.0961,,0.023,0.0094,0.0187,0.031097427546342156,12,-0.009000003337860107,0.0029999995604157448,0.02300000749528408,,0.32456278283253603,0.13293607486307094,0.2644579361637688,0.43926188088656176
2026-04-23 07:46:26.500,3509416.4121,779160.3589,5250969.0979,,0.0229,0.0094,0.0187,0.031023539449908034,12,-0.03199999686330557,-0.00800000037997961,0.032999999821186066,,0.32456278283253603,0.13293607486307094,0.26375177724519694,0.4388370996167028
2026-04-23 07:46:26.600,3509416.4108,779160.3578,5250969.0994,,0.0229,0.0094,0.0186,0.030963365450157383,12,0.005000000819563866,-0.017000000225380063,0.028999997302889824,,0.32385490578343873,0.13293607486307094,0.26375177724519694,0.43831381452105744
2026-04-23 07:46:26.700,3509416.4126,779160.3572,5250969.1008,,0.0229,0.0094,0.0186,0.030963365450157383,12,0.060999998822808266,-0.00699999975040555,0.034000007435679436,,0.3231485726411305,0.13293607486307094,0.26304372260139564,0.4373659794725694
2026-04-23 07:46:26.800,3509416.4169,779160.3571,5250969.1028,,0.0228,0.0094,0.0186,0.03088948041000366,12,0.04800000227987766,-0.0009999994654208422,0.029999995604157448,,0.3231485726411305,0.13293607486307094,0.2623375687925768,0.43694164370084937
2026-04-23 07:46:26.900,3509416.4174,779160.3571,5250969.1038,,0.0228,0.0094,0.0185,0.030829369114531033,12,0.01799999736249447,0.0029999995604157448,0.018999995663762093,,0.3224406922210657,0.13293607486307094,0.2623375687925768,0.4364183772482547
2026-04-23 07:46:27.000,3509416.4187,779160.3574,5250969.1047,,0.0228,0.0094,0.0185,0.030829369114531033,12,0.022999998182058334,-0.003000000724568963,0.02900000661611557,,0.32173436247935966,0.13293607486307094,0.26162950903902255,0.43547100936801747
2026-04-23 07:46:27.100,3509416.4197,779160.3568,5250969.1067,,0.0227,0.0094,0.0185,0.030755487315274325,12,0.021000001579523087,0.0020000000949949026,0.04399999976158142,,0.32173436247935966,0.13293607486307094,0.26162950903902255,0.43547100936801747
2026-04-23 07:46:27.200,3509416.4208,779160.3576,5250969.1091,,0.0227,0.0094,0.0185,0.030755487315274325,12,0.03700000233948231,0.00800000037997961,0.032999999821186066,,0.32102647865869255,0.13293607486307094,0.26162950903902255,0.43494827278654635
2026-04-23 07:46:27.300,3509416.4234,779160.3576,5250969.11,,0.0227,0.0094,0.0185,0.030755487315274325,12,0.03200000151991844,-0.0029999995604157448,0.015000002458691597,,0.32102647865869255,0.13293607486307094,0.26092336039534675,0.43452387736463916
2026-04-23 07:46:27.400,3509416.424,779160.3573,5250969.1106,,0.0227,0.0094,0.0184,0.030695439400666675,12,0.0059999991208314896,-0.010999999940395355,-0.018000006675720215,,0.3203201523476161,0.13293607486307094,0.26092336039534675,0.434002304141349
2026-04-23 07:46:27.500,3509416.424,779160.3565,5250969.1082,,0.0226,0.0094,0.0184,0.030621561031404,12,-0.0139999995008111,-0.006000000284984708,-0.03200000151991844,,0.3203201523476161,0.13293607486307094,0.26021529547664946,0.4335769827839111
2026-04-23 07:46:27.600,3509416.4226,779160.3567,5250969.1074,,0.0226,0.0094,0.0184,0.030621561031404,12,-0.013000001199543476,-0.0029999995604157448,0.01600000075995922,,0.31961226509631946,0.13293607486307094,0.26021529547664946,0.43305426911646994
2026-04-23 07:46:27.700,3509416.4227,779160.3562,5250969.1098,,0.0226,0.0094,0.0184,0.030621561031404,12,0.014999997802078724,-0.004000000189989805,0.04800000227987766,,0.31961226509631946,0.13293607486307094,0.26021529547664946,0.43305426911646994
2026-04-23 07:46:27.800,3509416.4241,779160.3563,5250969.1122,,0.0226,0.0094,0.0184,0.030621561031404,12,0.010999999940395355,-0.00800000037997961,0.02500000409781933,,0.31961226509631946,0.13293607486307094,0.26021529547664946,0.43305426911646994
2026-04-23 07:46:27.900,3509416.4238,779160.3554,5250969.1123,,0.0226,0.0094,0.0184,0.030621561031404,12,-0.014999997802078724,0.010999999940395355,0.009999992325901985,,0.3189059422462993,0.13293607486307094,0.26021529547664946,0.4325332357172105
2026-04-23 07:46:28.000,3509416.4226,779160.3574,5250969.1132,,0.0225,0.0094,0.0184,0.03054783134692216,12,-0.016999999061226845,0.02100000041536987,0.012999996542930603,,0.3189059422462993,0.13293607486307094,0.2595091520544121,0.4321087825999374
2026-04-23 07:46:28.100,3509416.4221,779160.3575,5250969.1136,,0.0225,0.0094,0.0183,0.030487702438852293,12,0.0059999991208314896,0.003000000724568963,-0.0059999991208314896,,0.31819805153394637,0.13293607486307094,0.2595091520544121,0.43158660776256713
2026-04-23 07:46:28.200,3509416.4232,779160.3577,5250969.1126,,0.0225,0.0094,0.0183,0.030487702438852293,12,0.02599999774247408,-0.00800000037997961,-0.02199999988079071,,0.31819805153394637,0.13293607486307094,0.25880108191427637,0.43116122274620194
2026-04-23 07:46:28.300,3509416.4247,779160.3567,5250969.1114,,0.0225,0.0094,0.0183,0.030487702438852293,12,0.01600000075995922,-0.005000000819563866,-0.01499999314546585,,0.31819805153394637,0.13293607486307094,0.25880108191427637,0.43116122274620194
2026-04-23 07:46:28.400,3509416.4248,779160.3572,5250969.1111,,0.0225,0.0094,0.0183,0.030487702438852293,12,0.005000000819563866,0.0020000000949949026,-0.010000001639127731,,0.31819805153394637,0.13293607486307094,0.25880108191427637,0.43116122274620194
2026-04-23 07:46:28.500,3509416.4252,779160.3569,5250969.1104,,0.0225,0.0094,0.0183,0.030487702438852293,12,0.0029999995604157448,0.0020000000949949026,-0.02500000409781933,,0.31819805153394637,0.13293607486307094,0.25880108191427637,0.43116122274620194
2026-04-23 07:46:28.600,3509416.4251,779160.3574,5250969.1086,,0.0225,0.0094,0.0183,0.030487702438852293,12,0.038999998942017555,-0.0029999995604157448,-0.0279999990016222,,0.31819805153394637,0.13293607486307094,0.25880108191427637,0.43116122274620194
2026-04-23 07:46:28.700,3509416.4291,779160.3566,5250969.1076,,0.0225,0.0094,0.0183,0.030487702438852293,12,0.036999997682869434,-0.006000000284984708,-0.020000003278255463,,0.3174917321758159,0.13293607486307094,0.25880108191427637,0.43064022106626315
2026-04-23 07:46:28.800,3509416.4288,779160.3568,5250969.1066,,0.0224,0.0094,0.0183,0.030413977050034083,12,-0.010999999940395355,-0.004000000189989805,-0.018999995663762093,,0.3174917321758159,0.13293607486307094,0.25880108191427637,0.43064022106626315
2026-04-23 07:46:28.900,3509416.428,779160.3562,5250969.1057,,0.0224,0.0094,0.0183,0.030413977050034083,12,-0.020999996922910213,0.003000000724568963,-0.019999993965029716,,0.3167838379715733,0.13293607486307094,0.25880108191427637,0.43011858829862254
2026-04-23 07:46:29.000,3509416.4267,779160.3571,5250969.1046,,0.0224,0.0094,0.0183,0.030413977050034083,12,-0.00800000037997961,0.004000000189989805,-0.009000003337860107,,0.3167838379715733,0.13293607486307094,0.25880108191427637,0.43011858829862254
2026-04-23 07:46:29.100,3509416.4272,779160.3566,5250969.1048,,0.0224,0.0094,0.0183,0.030413977050034083,12,0.03000000026077032,-0.019999999785795808,-0.003000004217028618,,0.3167838379715733,0.13293607486307094,0.25880108191427637,0.43011858829862254
2026-04-23 07:46:29.200,3509416.4297,779160.3551,5250969.1043,,0.0224,0.0094,0.0183,0.030413977050034083,12,0.06400000303983688,-0.034000000450760126,-0.011999998241662979,,0.3167838379715733,0.13293607486307094,0.25880108191427637,0.43011858829862254
2026-04-23 07:46:29.300,3509416.4336,779160.3532,5250969.1036,,0.0224,0.0094,0.0183,0.030413977050034083,12,0.048999995924532413,-0.02800000016577542,0.003000004217028618,,0.3167838379715733,0.13293607486307094,0.25880108191427637,0.43011858829862254
2026-04-23 07:46:29.400,3509416.4346,779160.3523,5250969.1046,,0.0224,0.0094,0.0183,0.030413977050034083,12,0.01600000075995922,-0.004000000189989805,0.018999995663762093,,0.3167838379715733,0.13293607486307094,0.25880108191427637,0.43011858829862254
2026-04-23 07:46:29.500,3509416.4352,779160.3528,5250969.1055,,0.0224,0.0094,0.0183,0.030413977050034083,12,0.0070000020787119865,0.0009999994654208422,0.015000002458691597,,0.3167838379715733,0.13293607486307094,0.25880108191427637,0.43011858829862254
2026-04-23 07:46:29.600,3509416.4353,779160.3524,5250969.1061,,0.0224,0.0094,0.0183,0.030413977050034083,12,0.0059999991208314896,0.01500000013038516,-0.000999998301267624,,0.3167838379715733,0.13293607486307094,0.25880108191427637,0.43011858829862254
2026-04-23 07:46:29.700,3509416.4358,779160.3543,5250969.1054,,0.0224,0.0094,0.0183,0.030413977050034083,12,0.016999999061226845,0.02300000051036477,0.0,,0.3167838379715733,0.13293607486307094,0.25880108191427637,0.43011858829862254
2026-04-23 07:46:29.800,3509416.437,779160.3547,5250969.1061,,0.0224,0.0094,0.0183,0.030413977050034083,12,0.0,-0.004999999655410647,0.020000003278255463,,0.3167838379715733,0.13293607486307094,0.25880108191427637,0.43011858829862254
2026-04-23 07:46:29.900,3509416.4358,779160.3538,5250969.1074,,0.0224,0.0094,0.0183,0.030413977050034083,12,-0.0279999990016222,-0.014000000664964318,0.028999997302889824,,0.3167838379715733,0.13293607486307094,0.25880108191427637,0.43011858829862254
2026-04-23 07:46:30.000,3509416.4342,779160.3533,5250969.109,,0.0224,0.0094,0.0183,0.030413977050034083,12,0.016999999061226845,-0.0010000006295740604,-0.010999999940395355,,0.3167838379715733,0.13293607486307094,0.25880108191427637,0.43011858829862254
2026-04-23 07:46:30.100,3509416.4375,779160.3537,5250969.1063,,0.0224,0.0094,0.0183,0.030413977050034083,12,0.046999999321997166,-0.015999999595806003,-0.032999999821186066,,0.3167838379715733,0.13293607486307094,0.25880108191427637,0.43011858829862254
2026-04-23 07:46:30.200,3509416.4389,779160.3517,5250969.1057,,0.0224,0.0094,0.0183,0.030413977050034083,12,0.01600000075995922,-0.05099999951198697,-0.003000004217028618,,0.3160775221365796,0.13293607486307094,0.25880108191427637,0.4295986499047686
2026-04-23 07:46:30.300,3509416.4391,779160.3486,5250969.106,,0.0223,0.0094,0.0183,0.03034040210676187,12,0.03500000108033419,-0.047000000486150384,-0.03999999724328518,,0.3160775221365796,0.13293607486307094,0.25880108191427637,0.4295986499047686
2026-04-23 07:46:30.400,3509416.4424,779160.347,5250969.1017,,0.0223,0.0094,0.0183,0.03034040210676187,12,0.08599999826401472,-0.027000000700354576,-0.06500000134110451,,0.31536962440920024,0.13293607486307094,0.25880108191427637,0.4290780814723586
2026-04-23 07:46:30.500,3509416.4477,779160.3459,5250969.0995,,0.0223,0.0094,0.0183,0.03034040210676187,12,0.07699999958276749,-0.008999999845400453,-0.02500000409781933,,0.31536962440920024,0.13293607486307094,0.25880108191427637,0.4290780814723586
2026-04-23 07:46:30.600,3509416.4501,779160.3461,5250969.0992,,0.0223,0.0094,0.0183,0.03034040210676187,12,0.03500000108033419,0.027000000700354576,0.02500000409781933,,0.31536962440920024,0.13293607486307094,0.25880108191427637,0.4290780814723586
2026-04-23 07:46:30.700,3509416.4512,779160.3486,5250969.102,,0.0223,0.0094,0.0183,0.03034040210676187,12,-0.02199999988079071,0.04500000039115548,0.04399999976158142,,0.31536962440920024,0.13293607486307094,0.25880108191427637,0.4290780814723586
2026-04-23 07:46:30.800,3509416.4479,779160.3506,5250969.1036,,0.0223,0.0094,0.0183,0.03034040210676187,12,-0.03500000108033419,0.026000000070780516,0.01799999736249447,,0.31536962440920024,0.13293607486307094,0.25880108191427637,0.4290780814723586
2026-04-23 07:46:30.900,3509416.4477,779160.3512,5250969.1038,,0.0223,0.0094,0.0183,0.03034040210676187,12,0.019000000320374966,0.010999999940395355,0.004000002518296242,,0.31536962440920024,0.13293607486307094,0.25809494377069847,0.4286525399434839
2026-04-23 07:46:31.000,3509416.4498,779160.3517,5250969.104,,0.0223,0.0094,0.0182,0.0302801915449688,12,0.05100000184029341,-0.013000000035390258,-0.019999993965029716,,0.31536962440920024,0.13293607486307094,0.25809494377069847,0.4286525399434839
2026-04-23 07:46:31.100,3509416.4528,779160.3499,5250969.1018,,0.0223,0.0094,0.0182,0.0302801915449688,12,0.03200000151991844,-0.02199999988079071,-0.04500000737607479,,0.31536962440920024,0.13293607486307094,0.2573868683519033,0.42822657554150007
2026-04-23 07:46:31.200,3509416.453,779160.3495,5250969.0995,,0.0223,0.0094,0.0182,0.0302801915449688,12,0.0,0.0020000000949949026,-0.03700000233948231,,0.31536962440920024,0.13293607486307094,0.2573868683519033,0.42822657554150007
2026-04-23 07:46:31.300,3509416.4528,779160.3501,5250969.0981,,0.0223,0.0094,0.0182,0.0302801915449688,12,0.030999998562037945,0.00699999975040555,-0.0059999991208314896,,0.31536962440920024,0.13293607486307094,0.2573868683519033,0.42822657554150007
2026-04-23 07:46:31.400,3509416.4561,779160.3502,5250969.0989,,0.0223,0.0094,0.0182,0.0302801915449688,12,0.054999999701976776,-0.012000000569969416,0.022999998182058334,,0.31536962440920024,0.13293607486307094,0.25809494377069847,0.4286525399434839
2026-04-23 07:46:31.500,3509416.4583,779160.3489,5250969.1004,,0.0223,0.0094,0.0183,0.03034040210676187,12,0.0570000009611249,-0.010999999940395355,0.036000004038214684,,0.31536962440920024,0.13293607486307094,0.25809494377069847,0.4286525399434839
2026-04-23 07:46:31.600,3509416.4618,779160.3491,5250969.1025,,0.0223,0.0094,0.0183,0.03034040210676187,12,0.002000001259148121,-0.013000000035390258,0.05900000222027302,,0.31536962440920024,0.13293607486307094,0.25809494377069847,0.4286525399434839
2026-04-23 07:46:31.700,3509416.4585,779160.3476,5250969.1063,,0.0223,0.0094,0.0182,0.0302801915449688,12,-0.09599999990314245,-0.024999999441206455,0.09700000286102295,,0.31536962440920024,0.13293607486307094,0.25809494377069847,0.4286525399434839
2026-04-23 07:46:31.800,3509416.4522,779160.3466,5250969.1122,,0.0223,0.0094,0.0182,0.0302801915449688,12,-0.0860000029206276,0.013000000035390258,0.07899999618530273,,0.31536962440920024,0.13293607486307094,0.2573868683519033,0.42822657554150007
2026-04-23 07:46:31.900,3509416.4499,779160.3489,5250969.1142,,0.0223,0.0094,0.0182,0.0302801915449688,12,0.019000000320374966,0.053999999072402716,0.028999997302889824,,0.31536962440920024,0.13293607486307094,0.2573868683519033,0.42822657554150007
2026-04-23 07:46:32.000,3509416.4541,779160.352,5250969.1151,,0.0223,0.0094,0.0182,0.0302801915449688,12,0.04500000271946192,0.041000000201165676,0.000999998301267624,,0.31536962440920024,0.13293607486307094,0.2573868683519033,0.42822657554150007
2026-04-23 07:46:32.100,3509416.4544,779160.353,5250969.1143,,0.0223,0.0094,0.0182,0.0302801915449688,12,-0.004000002518296242,0.026000000070780516,-0.027000000700354576,,0.31536962440920024,0.13293607486307094,0.2573868683519033,0.42822657554150007
2026-04-23 07:46:32.200,3509416.4537,779160.3546,5250969.1124,,0.0223,0.0094,0.0182,0.0302801915449688,12,-0.12700000312179327,0.03700000001117587,-0.04199999384582043,,0.31536962440920024,0.13293607486307094,0.2573868683519033,0.42822657554150007
2026-04-23 07:46:32.300,3509416.4417,779160.3567,5250969.1101,,0.0223,0.0094,0.0182,0.0302801915449688,12,-0.2259999979287386,0.039000000106170774,-0.023999996483325958,,0.31536962440920024,0.13293607486307094,0.2573868683519033,0.42822657554150007
2026-04-23 07:46:32.400,3509416.4311,779160.3585,5250969.11,,0.0223,0.0094,0.0182,0.0302801915449688,12,-0.11899999808520079,0.02199999988079071,0.010000001639127731,,0.31536962440920024,0.13293607486307094,0.2573868683519033,0.42822657554150007
2026-04-23 07:46:32.500,3509416.4298,779160.3589,5250969.1111,,0.0223,0.0094,0.0182,0.0302801915449688,12,0.05399999674409628,-0.032999999821186066,0.016999999061226845,,0.31536962440920024,0.13293607486307094,0.2573868683519033,0.42822657554150007
2026-04-23 07:46:32.600,3509416.4365,779160.3552,5250969.1117,,0.0223,0.0094,0.0182,0.0302801915449688,12,0.11700000148266554,-0.059999999357387424,0.0059999991208314896,,0.31536962440920024,0.13293607486307094,0.2573868683519033,0.42822657554150007
2026-04-23 07:46:32.700,3509416.4415,779160.3529,5250969.1117,,0.0223,0.0094,0.0182,0.0302801915449688,12,0.09800000116229057,-0.03000000026077032,-0.01600000075995922,,0.31536962440920024,0.13293607486307094,0.2573868683519033,0.42822657554150007
2026-04-23 07:46:32.800,3509416.4463,779160.3522,5250969.1101,,0.0223,0.0094,0.0182,0.0302801915449688,12,0.07499999832361937,-0.011000001104548573,-0.04200000315904617,,0.31536962440920024,0.13293607486307094,0.2573868683519033,0.42822657554150007
2026-04-23 07:46:32.900,3509416.449,779160.3518,5250969.1075,,0.0223,0.0094,0.0182,0.0302801915449688,12,0.0419999985024333,-0.007999999215826392,-0.05700000561773777,,0.31536962440920024,0.13293607486307094,0.2573868683519033,0.42822657554150007
2026-04-23 07:46:33.000,3509416.4505,779160.3514,5250969.1044,,0.0223,0.0094,0.0182,0.0302801915449688,12,0.04600000102072954,-0.015999999595806003,-0.06699999794363976,,0.31536962440920024,0.13293607486307094,0.2573868683519033,0.42822657554150007
2026-04-23 07:46:33.100,3509416.4536,779160.3502,5250969.1008,,0.0223,0.0094,0.0182,0.0302801915449688,12,0.05600000265985727,-0.014000000664964318,-0.047999992966651917,,0.31466331212901194,0.13293607486307094,0.2573868683519033,0.4277066751875635
2026-04-23 07:46:33.200,3509416.4561,779160.35,5250969.0996,,0.0222,0.0094,0.0182,0.030206621790594194,12,0.019000000320374966,-0.004999999655410647,-0.01300000585615635,,0.31466331212901194,0.13293607486307094,0.2573868683519033,0.4277066751875635
2026-04-23 07:46:33.300,3509416.4555,779160.3497,5250969.0995,,0.0222,0.0094,0.0182,0.030206621790594194,12,-0.0029999995604157448,-0.013000000035390258,-0.010000001639127731,,0.3139554108468271,0.13293607486307094,0.2573868683519033,0.42718614209732975
2026-04-23 07:46:33.400,3509416.4558,779160.3487,5250969.0986,,0.0222,0.0094,0.0182,0.030206621790594194,12,-0.021000001579523087,-0.010999999940395355,-0.025999993085861206,,0.31466331212901194,0.13293607486307094,0.2573868683519033,0.4277066751875635
2026-04-23 07:46:33.500,3509416.4534,779160.3486,5250969.0969,,0.0223,0.0094,0.0182,0.0302801915449688,12,-0.023000002838671207,-0.004999999655410647,-0.01300000585615635,,0.3139554108468271,0.13293607486307094,0.2573868683519033,0.42718614209732975
2026-04-23 07:46:33.600,3509416.4535,779160.3482,5250969.0973,,0.0222,0.0094,0.0182,0.030206621790594194,12,-0.002000001259148121,0.00699999975040555,-0.005000000819563866,,0.31466331212901194,0.13293607486307094,0.2573868683519033,0.4277066751875635
2026-04-23 07:46:33.700,3509416.4532,779160.3493,5250969.0964,,0.0222,0.0094,0.0182,0.030206621790594194,12,-0.010999999940395355,0.017000000225380063,-0.007999995723366737,,0.3139554108468271,0.13293607486307094,0.2573868683519033,0.42718614209732975
2026-04-23 07:46:33.800,3509416.4524,779160.3499,5250969.0965,,0.0222,0.0094,0.0182,0.030206621790594194,12,-0.001999996602535248,-0.013000000035390258,-0.0069999974220991135,,0.3139554108468271,0.13293607486307094,0.2573868683519033,0.42718614209732975
2026-04-23 07:46:33.900,3509416.453,779160.348,5250969.0957,,0.0222,0.0094,0.0182,0.030206621790594194,12,-0.011999998241662979,-0.03499999991618097,-0.004000002518296242,,0.3139554108468271,0.13293607486307094,0.2573868683519033,0.42718614209732975
2026-04-23 07:46:34.000,3509416.4512,779160.3464,5250969.0961,,0.0222,0.0094,0.0182,0.030206621790594194,12,-0.03500000108033419,0.0029999995604157448,-0.002000005915760994,,0.3139554108468271,0.13293607486307094,0.2573868683519033,0.42718614209732975
2026-04-23 07:46:34.100,3509416.4495,779160.3483,5250969.0955,,0.0222,0.0094,0.0182,0.030206621790594194,12,-0.022999998182058334,0.017999999690800905,-0.028999997302889824,,0.3139554108468271,0.13293607486307094,0.2573868683519033,0.42718614209732975
2026-04-23 07:46:34.200,3509416.4489,779160.3482,5250969.0932,,0.0222,0.0094,0.0182,0.030206621790594194,12,-0.032999999821186066,-0.0009999994654208422,-0.038999998942017555,,0.3139554108468271,0.13293607486307094,0.2573868683519033,0.42718614209732975
2026-04-23 07:46:34.300,3509416.4462,779160.3482,5250969.0916,,0.0222,0.0094,0.0182,0.030206621790594194,12,-0.06000000052154064,-0.004999999655410647,-0.014000004157423973,,0.3139554108468271,0.13293607486307094,0.2573868683519033,0.42718614209732975
2026-04-23 07:46:34.400,3509416.4429,779160.3477,5250969.0918,,0.0222,0.0094,0.0182,0.030206621790594194,12,-0.06400000303983688,-0.017000000225380063,-0.010999999940395355,,0.3139554108468271,0.13293607486307094,0.2573868683519033,0.42718614209732975
2026-04-23 07:46:34.500,3509416.4398,779160.3465,5250969.0905,,0.0222,0.0094,0.0182,0.030206621790594194,12,-0.0139999995008111,-0.02199999988079071,-0.025999993085861206,,0.3139554108468271,0.13293607486307094,0.2573868683519033,0.42718614209732975
2026-04-23 07:46:34.600,3509416.4415,779160.3455,5250969.0892,,0.0222,0.0094,0.0182,0.030206621790594194,12,0.03200000151991844,-0.017000000225380063,-0.000999998301267624,,0.3139554108468271,0.13293607486307094,0.2573868683519033,0.42718614209732975
2026-04-23 07:46:34.700,3509416.443,779160.3448,5250969.0904,,0.0222,0.0094,0.0182,0.030206621790594194,12,0.012999996542930603,-0.01600000075995922,0.013999994844198227,,0.3139554108468271,0.13293607486307094,0.2573868683519033,0.42718614209732975
2026-04-23 07:46:34.800,3509416.4428,779160.3439,5250969.0906,,0.0222,0.0094,0.0182,0.030206621790594194,12,-0.011999998241662979,-0.013000000035390258,0.0059999991208314896,,0.3139554108468271,0.13293607486307094,0.2573868683519033,0.42718614209732975
2026-04-23 07:46:34.900,3509416.4418,779160.3435,5250969.091,,0.0222,0.0094,0.0182,0.030206621790594194,12,-0.0069999974220991135,-0.008999999845400453,0.005000000819563866,,0.3139554108468271,0.13293607486307094,0.2573868683519033,0.42718614209732975
2026-04-23 07:46:35.000,3509416.4421,779160.343,5250969.0911,,0.0222,0.0094,0.0182,0.030206621790594194,12,0.01600000075995922,0.003000000724568963,0.011999998241662979,,0.3139554108468271,0.13293607486307094,0.2573868683519033,0.42718614209732975
2026-04-23 07:46:35.100,3509416.4434,779160.3438,5250969.0922,,0.0222,0.0094,0.0182,0.030206621790594194,12,-0.002000001259148121,-0.004000000189989805,0.02500000409781933,,0.3139554108468271,0.13293607486307094,0.2573868683519033,0.42718614209732975
2026-04-23 07:46:35.200,3509416.4419,779160.3426,5250969.0936,,0.0222,0.0094,0.0182,0.030206621790594194,12,-0.03800000064074993,-0.013000000035390258,0.010999999940395355,,0.3139554108468271,0.13293607486307094,0.2573868683519033,0.42718614209732975
2026-04-23 07:46:35.300,3509416.4396,779160.3425,5250969.0933,,0.0222,0.0094,0.0182,0.030206621790594194,12,0.01999999862164259,0.012000000569969416,0.003999993205070496,,0.3139554108468271,0.13293607486307094,0.2573868683519033,0.42718614209732975
2026-04-23 07:46:35.400,3509416.4439,779160.3438,5250969.094,,0.0222,0.0094,0.0182,0.030206621790594194,12,0.03399999812245369,0.010999999940395355,-0.0029999949038028717,,0.3139554108468271,0.13293607486307094,0.2573868683519033,0.42718614209732975
2026-04-23 07:46:35.500,3509416.443,779160.3436,5250969.093,,0.0222,0.0094,0.0182,0.030206621790594194,12,-0.056999996304512024,-0.02100000041536987,-0.04699999466538429,,0.3139554108468271,0.13293607486307094,0.2573868683519033,0.42718614209732975
2026-04-23 07:46:35.600,3509416.4382,779160.3417,5250969.0893,,0.0222,0.0094,0.0182,0.030206621790594194,12,-0.09000000078231096,-0.04300000029616058,-0.036000004038214684,,0.3139554108468271,0.13293607486307094,0.2573868683519033,0.42718614209732975
2026-04-23 07:46:35.700,3509416.434,779160.3393,5250969.0894,,0.0222,0.0094,0.0182,0.030206621790594194,12,-0.021000001579523087,-0.008999999845400453,0.021000001579523087,,0.3139554108468271,0.13293607486307094,0.2573868683519033,0.42718614209732975
2026-04-23 07:46:35.800,3509416.4361,779160.3408,5250969.0914,,0.0222,0.0094,0.0182,0.030206621790594194,12,0.05300000309944153,0.023999999975785613,0.038999998942017555,,0.3139554108468271,0.13293607486307094,0.2573868683519033,0.42718614209732975
2026-04-23 07:46:35.900,3509416.4393,779160.3417,5250969.0933,,0.0222,0.0094,0.0182,0.030206621790594194,12,0.07400000002235174,0.039000000106170774,0.024999994784593582,,0.3139554108468271,0.13293607486307094,0.2573868683519033,0.42718614209732975
2026-04-23 07:46:36.000,3509416.4435,779160.3447,5250969.0939,,0.0222,0.0094,0.0182,0.030206621790594194,12,0.056999996304512024,0.034000000450760126,0.009000003337860107,,0.3139554108468271,0.13223085872821064,0.2573868683519033,0.4269672118558988
2026-04-23 07:46:36.100,3509416.445,779160.3451,5250969.0942,,0.0222,0.0093,0.0182,0.030175652437022797,12,0.000999998301267624,0.0,-0.010000001639127731,,0.3139554108468271,0.13293607486307094,0.2573868683519033,0.42718614209732975
2026-04-23 07:46:36.200,3509416.4436,779160.3447,5250969.0929,,0.0222,0.0094,0.0182,0.030206621790594194,12,-0.016999999061226845,0.009999999310821295,-0.021000001579523087,,0.3139554108468271,0.13223085872821064,0.2573868683519033,0.4269672118558988
2026-04-23 07:46:36.300,3509416.4433,779160.3461,5250969.0921,,0.0222,0.0094,0.0182,0.030206621790594194,12,0.005000000819563866,0.024999999441206455,-0.009999992325901985,,0.3139554108468271,0.13293607486307094,0.2573868683519033,0.42718614209732975
2026-04-23 07:46:36.400,3509416.4441,779160.3472,5250969.0919,,0.0222,0.0094,0.0182,0.030206621790594194,12,0.032999999821186066,0.005000000819563866,-0.012999996542930603,,0.31537279527568635,0.13507405376311174,0.25809494377069847,0.42932272243616454
2026-04-23 07:46:36.500,3509416.4466,779160.3466,5250969.0908,,0.0224,0.0097,0.0183,0.030508031729365958,12,0.024999999441206455,-0.0059999991208314896,-0.009000003337860107,,0.3160838496348714,0.136517398158623,0.2588049458569136,0.43072729191450126
2026-04-23 07:46:36.600,3509416.4466,779160.3466,5250969.091,,0.0225,0.0099,0.0184,0.030705374122456153,12,0.03200000151991844,0.015999999595806003,-0.01600000075995922,,0.31891221362625793,0.13931618714277247,0.2602191384199094,0.43454343856512195
2026-04-23 07:46:36.700,3509416.4498,779160.3482,5250969.0892,,0.0227,0.01,0.0185,0.030944143226142164,12,0.07400000002235174,0.00699999975040555,-0.036000004038214684,,0.3203263960400391,0.14142842712835352,0.2623451924468981,0.43753399867895976
2026-04-23 07:46:36.800,3509416.454,779160.3473,5250969.0874,,0.0228,0.0101,0.0187,0.03116953640977036,11,0.027000000700354576,-0.019999999785795808,-0.020000003278255463,,0.32244379355168246,0.1414213562373095,0.26375936002348804,0.43993067635708244
2026-04-23 07:46:36.900,3509416.4525,779160.3462,5250969.0872,,0.0229,0.01,0.0188,0.03127059321471213,12,-0.071000000461936,-0.041000000201165676,0.015000002458691597,,0.32385799357125644,0.1428355697996826,0.2658759109058209,0.44269176635668295
2026-04-23 07:46:37.000,3509416.4469,779160.3432,5250969.0889,,0.023,0.0101,0.0189,0.03143596666240757,11,-0.0849999999627471,-0.045999999856576324,0.04100000485777855,,0.32456278283253603,0.14071602609511116,0.26658019431308094,0.4429525934002418
2026-04-23 07:46:37.100,3509416.444,779160.3416,5250969.0913,,0.023,0.0099,0.0189,0.031372280758657,12,-0.052999998442828655,-0.041000000201165676,0.044999998062849045,,0.3252691193458118,0.14073023839957066,0.2679944029266283,0.44432645656093894
2026-04-23 07:46:37.200,3509416.4416,779160.3391,5250969.0934,,0.023,0.0098,0.019,0.03140127385951086,12,-0.028000003658235073,-0.004000000189989805,0.031999992206692696,,0.3259769930531907,0.1393018305694509,0.2679944029266283,0.4443950944823761
2026-04-23 07:46:37.300,3509416.4412,779160.3412,5250969.0945,,0.0231,0.0098,0.019,0.031474592928265176,12,-0.004000002518296242,0.03600000054575503,0.06000000052154064,,0.3259769930531907,0.1385929291125633,0.26940861159213153,0.44502808900113255
2026-04-23 07:46:37.400,3509416.4412,779160.3427,5250969.0994,,0.0231,0.0098,0.0191,0.03153505985407353,12,0.0,0.008999999845400453,0.062000006437301636,,0.3266833329081849,0.13788763541376725,0.26940861159213153,0.44532684626013735
2026-04-23 07:46:37.500,3509416.4412,779160.3421,5250969.1007,,0.0231,0.0097,0.0191,0.031504126713813224,12,-0.012999996542930603,0.004000000189989805,-0.011999998241662979,,0.3259769930531907,0.13788763541376725,0.27011479041326114,0.4452370155321769
2026-04-23 07:46:37.600,3509416.4399,779160.3431,5250969.0982,,0.023,0.0097,0.0191,0.03143087653884313,12,-0.000999998301267624,0.024999999441206455,-0.071000000461936,,0.3259769930531907,0.1371787155501902,0.27011479041326114,0.44501797716496794
2026-04-23 07:46:37.700,3509416.4411,779160.3446,5250969.0936,,0.023,0.0097,0.0191,0.03143087653884313,12,0.08200000040233135,-0.0020000000949949026,-0.08100000210106373,,0.3252691193458118,0.1371787155501902,0.26940861159213153,0.4440709402786901
2026-04-23 07:46:37.800,3509416.4481,779160.3429,5250969.0901,,0.023,0.0097,0.019,0.03137020879751998,12,0.04000000189989805,-0.046999999321997166,0.013999994844198227,,0.32456278283253603,0.1364734406395618,0.26940861159213153,0.44333621552947816
2026-04-23 07:46:37.900,3509416.4451,779160.3399,5250969.095,,0.0229,0.0096,0.019,0.03126611584447291,12,0.009999996982514858,-0.055000000866129994,0.07600000128149986,,0.32456278283253603,0.1364734406395618,0.26870057685088805,0.44290631063465324
2026-04-23 07:46:38.000,3509416.4491,779160.3374,5250969.0977,,0.0229,0.0096,0.019,0.03126611584447291,12,0.06599999964237213,-0.023999999975785613,0.014000004157423973,,0.32385490578343873,0.13576450198781712,0.2679944029266283,0.44174087426906733
2026-04-23 07:46:38.100,3509416.4517,779160.3375,5250969.0964,,0.0229,0.0096,0.0189,0.03120544824225411,12,0.04399999976158142,0.03100000089034438,-0.03999999724328518,,0.3231485726411305,0.13576450198781712,0.2679944029266283,0.44122329947544703
2026-04-23 07:46:38.200,3509416.4535,779160.3405,5250969.0937,,0.0228,0.0096,0.0189,0.031132137735786793,12,-0.07600000128149986,0.031999999191612005,-0.036000004038214684,,0.3231485726411305,0.13576450198781712,0.26728636328851496,0.4407936024944101
2026-04-23 07:46:38.300,3509416.4441,779160.3407,5250969.0928,,0.0228,0.0096,0.0189,0.031132137735786793,12,-0.22899999748915434,0.014999998966231942,0.020000003278255463,,0.3224406922210657,0.13576450198781712,0.26658019431308094,0.4398465641561839
2026-04-23 07:46:38.400,3509416.4306,779160.342,5250969.0957,,0.0228,0.0096,0.0188,0.031071530377501523,12,-0.2399999974295497,0.02200000104494393,0.07300000637769699,,0.32173436247935966,0.13576450198781712,0.26658019431308094,0.4393290338686939
2026-04-23 07:46:38.500,3509416.4201,779160.3429,5250969.1001,,0.0227,0.0096,0.0188,0.03099822575567834,12,-0.142000000923872,0.020000000949949026,0.08699999190866947,,0.32173436247935966,0.13505924625881782,0.26587214972614187,0.43868211725576417
2026-04-23 07:46:38.600,3509416.4164,779160.344,5250969.1044,,0.0227,0.0095,0.0188,0.030967402215878556,12,-0.05900000222027302,0.013000000035390258,0.07999999448657036,,0.32102647865869255,0.13505924625881782,0.2651659857523208,0.43773507970003955
2026-04-23 07:46:38.700,3509416.4142,779160.3442,5250969.1081,,0.0227,0.0095,0.0187,0.0309067953693035,12,0.00800000037997961,-0.008999999845400453,0.04200000315904617,,0.3203201523476161,0.13435028842544403,0.2651659857523208,0.43699885583374243
2026-04-23 07:46:38.800,3509416.4172,779160.3431,5250969.1086,,0.0226,0.0095,0.0187,0.03083342342329181,12,0.05799999926239252,-0.010999999940395355,0.014000004157423973,,0.3203201523476161,0.13435028842544403,0.26375177724519694,0.4361421786527875
2026-04-23 07:46:38.900,3509416.42,779160.3431,5250969.1095,,0.0226,0.0095,0.0186,0.030772877668492425,12,-0.0059999991208314896,-0.009000001009553671,0.01600000075995922,,0.31961226509631946,0.13435028842544403,0.26375177724519694,0.43562254303467807
2026-04-23 07:46:39.000,3509416.4166,779160.3422,5250969.1102,,0.0226,0.0095,0.0186,0.030772877668492425,12,-0.019000000320374966,-0.010000000474974513,-0.002000005915760994,,0.3189059422462993,0.13435028842544403,0.26304372260139564,0.43467574121406866
2026-04-23 07:46:39.100,3509416.4181,779160.3421,5250969.1093,,0.0225,0.0095,0.0186,0.030699511396763305,12,0.03800000064074993,-0.00699999975040555,-0.015000002458691597,,0.3189059422462993,0.13435028842544403,0.2623375687925768,0.434248776624644
2026-04-23 07:46:39.200,3509416.4204,779160.3415,5250969.1087,,0.0225,0.0095,0.0185,0.03063902739970706,12,0.05100000184029341,-0.02100000041536987,-0.011999998241662979,,0.31819805153394637,0.13435028842544403,0.2623375687925768,0.4337291781745839
2026-04-23 07:46:39.300,3509416.4232,779160.34,5250969.1081,,0.0225,0.0095,0.0185,0.03063902739970706,12,-0.001000002957880497,-0.024999999441206455,-0.023999996483325958,,0.31819805153394637,0.13435028842544403,0.26162950903902255,0.43330128086586583
2026-04-23 07:46:39.400,3509416.4203,779160.339,5250969.1063,,0.0225,0.0095,0.0185,0.03063902739970706,12,-0.04399999976158142,-0.00699999975040555,-0.03800000064074993,,0.3174917321758159,0.13435028842544403,0.26162950903902255,0.43278285548297774
2026-04-23 07:46:39.500,3509416.4188,779160.3393,5250969.1043,,0.0224,0.0095,0.0185,0.030565667013824512,12,-0.038999998942017555,0.0,-0.023999996483325958,,0.3174917321758159,0.13435028842544403,0.26162950903902255,0.43278285548297774
2026-04-23 07:46:39.600,3509416.4164,779160.339,5250969.1039,,0.0224,0.0095,0.0185,0.030565667013824512,12,-0.01600000075995922,-0.013000000035390258,-0.010999999940395355,,0.3167838379715733,0.13435028842544403,0.26092336039534675,0.4318367747193377
2026-04-23 07:46:39.700,3509416.4172,779160.338,5250969.1032,,0.0224,0.0095,0.0184,0.03050524545057784,12,0.03000000026077032,-0.019999999785795808,-0.01300000585615635,,0.3167838379715733,0.13364505228402582,0.26092336039534675,0.4316178865617133
2026-04-23 07:46:39.800,3509416.4194,779160.337,5250969.1026,,0.0224,0.0094,0.0184,0.03047425142640915,12,0.06800000090152025,0.0029999995604157448,0.0059999991208314896,,0.3167838379715733,0.13364505228402582,0.26021529547664946,0.4311902132470077
2026-04-23 07:46:39.900,3509416.424,779160.3383,5250969.1038,,0.0224,0.0094,0.0184,0.03047425142640915,12,0.08799999952316284,0.017999999690800905,-0.010000001639127731,,0.3167838379715733,0.13293607486307094,0.26021529547664946,0.4309709967039545
2026-04-23 07:46:40.000,3509416.4282,779160.3388,5250969.1016,,0.0224,0.0094,0.0184,0.03047425142640915,12,0.08299999870359898,-0.003999999025836587,-0.0409999955445528,,0.3160775221365796,0.13293607486307094,0.26021529547664946,0.43045208792617085
2026-04-23 07:46:40.100,3509416.4323,779160.3379,5250969.0997,,0.0223,0.0094,0.0184,0.030400822357298168,12,0.002000001259148121,-0.014000000664964318,-0.03699999302625656,,0.3160775221365796,0.13293607486307094,0.2595091520544121,0.43002558063445473
2026-04-23 07:46:40.200,3509416.4284,779160.3374,5250969.0979,,0.0223,0.0094,0.0183,0.03034040210676187,12,-0.054999999701976776,-0.017000000225380063,-0.03700000233948231,,0.31536962440920024,0.13293607486307094,0.2595091520544121,0.429505529650085
2026-04-23 07:46:40.300,3509416.4268,779160.3362,5250969.096,,0.0223,0.0094,0.0183,0.03034040210676187,12,-0.019000000320374966,-0.015999999595806003,-0.01900000497698784,,0.31536962440920024,0.13293607486307094,0.25880108191427637,0.4290780814723586
2026-04-23 07:46:40.400,3509416.4265,779160.3358,5250969.096,,0.0223,0.0094,0.0183,0.03034040210676187,12,-0.03500000108033419,0.0020000000949949026,0.015000002458691597,,0.31536962440920024,0.13293607486307094,0.25880108191427637,0.4290780814723586
2026-04-23 07:46:40.500,3509416.4233,779160.3364,5250969.0975,,0.0223,0.0094,0.0183,0.03034040210676187,12,-0.06000000052154064,-0.013000000035390258,0.026000002399086952,,0.31536962440920024,0.13293607486307094,0.25880108191427637,0.4290780814723586
2026-04-23 07:46:40.600,3509416.4205,779160.3345,5250969.0986,,0.0223,0.0094,0.0183,0.03034040210676187,12,-0.038999998942017555,-0.02199999988079071,0.022999998182058334,,0.31536962440920024,0.13293607486307094,0.25880108191427637,0.4290780814723586
2026-04-23 07:46:40.700,3509416.4194,779160.3342,5250969.0998,,0.0223,0.0094,0.0183,0.03034040210676187,12,-0.0059999991208314896,0.0,0.03200000151991844,,0.31536962440920024,0.13293607486307094,0.25880108191427637,0.4290780814723586
2026-04-23 07:46:40.800,3509416.4199,779160.3345,5250969.1018,,0.0223,0.0094,0.0183,0.03034040210676187,12,0.00800000037997961,-0.004000000189989805,0.04200000315904617,,0.31536962440920024,0.13293607486307094,0.25880108191427637,0.4290780814723586
2026-04-23 07:46:40.900,3509416.4202,779160.3338,5250969.104,,0.0223,0.0094,0.0183,0.03034040210676187,12,0.016999999061226845,-0.032000000355765224,0.06000000052154064,,0.31536962440920024,0.13293607486307094,0.25880108191427637,0.4290780814723586
2026-04-23 07:46:41.000,3509416.4216,779160.3313,5250969.1078,,0.0223,0.0094,0.0183,0.03034040210676187,12,0.01600000075995922,-0.023999999975785613,0.06699999794363976,,0.31536962440920024,0.13293607486307094,0.25880108191427637,0.4290780814723586
2026-04-23 07:46:41.100,3509416.4218,779160.3314,5250969.1107,,0.0223,0.0094,0.0183,0.03034040210676187,12,0.0,0.045999999856576324,0.034999996423721313,,0.31536962440920024,0.13293607486307094,0.25880108191427637,0.4290780814723586
2026-04-23 07:46:41.200,3509416.4216,779160.3359,5250969.1113,,0.0223,0.0094,0.0183,0.03034040210676187,12,0.024999999441206455,0.06899999920278788,0.004000002518296242,,0.31536962440920024,0.13293607486307094,0.25880108191427637,0.4290780814723586
2026-04-23 07:46:41.300,3509416.4243,779160.3383,5250969.1111,,0.0223,0.0094,0.0183,0.03034040210676187,12,0.022999998182058334,0.060999999986961484,0.01600000075995922,,0.31536962440920024,0.13293607486307094,0.25880108191427637,0.4290780814723586
2026-04-23 07:46:41.400,3509416.4239,779160.342,5250969.1129,,0.0223,0.0094,0.0183,0.03034040210676187,12,0.0570000009611249,0.027000000700354576,0.018999995663762093,,0.31536962440920024,0.13293607486307094,0.25880108191427637,0.4290780814723586
2026-04-23 07:46:41.500,3509416.43,779160.341,5250969.113,,0.0223,0.0094,0.0183,0.03034040210676187,12,0.14700000174343586,-0.03700000001117587,-0.01600000075995922,,0.31466331212901194,0.13293607486307094,0.25880108191427637,0.4285592141116557
2026-04-23 07:46:41.600,3509416.4386,779160.3383,5250969.1113,,0.0222,0.0094,0.0183,0.03026697870617416,12,0.12099999934434891,-0.03499999991618097,-0.020000003278255463,,0.31466331212901194,0.13293607486307094,0.25880108191427637,0.4285592141116557
2026-04-23 07:46:41.700,3509416.4421,779160.3375,5250969.111,,0.0222,0.0094,0.0183,0.03026697870617416,12,0.06699999794363976,-0.016999999061226845,-0.001999996602535248,,0.3139554108468271,0.13293607486307094,0.25880108191427637,0.4280397177832917
2026-04-23 07:46:41.800,3509416.4453,779160.3366,5250969.1111,,0.0222,0.0094,0.0183,0.03026697870617416,12,0.044999998062849045,-0.023999999975785613,0.010000001639127731,,0.3139554108468271,0.13293607486307094,0.25880108191427637,0.4280397177832917
2026-04-23 07:46:41.900,3509416.4466,779160.3351,5250969.112,,0.0222,0.0094,0.0183,0.03026697870617416,12,0.05500000435858965,0.0029999995604157448,-0.00100000761449337,,0.3139554108468271,0.13293607486307094,0.25880108191427637,0.4280397177832917
2026-04-23 07:46:42.000,3509416.4508,779160.3369,5250969.111,,0.0222,0.0094,0.0183,0.03026697870617416,12,0.07699999958276749,0.02800000016577542,-0.029999995604157448,,0.3139554108468271,0.13293607486307094,0.25880108191427637,0.4280397177832917
2026-04-23 07:46:42.100,3509416.4543,779160.3379,5250969.109,,0.0222,0.0094,0.0183,0.03026697870617416,12,0.029999995604157448,-0.0009999994654208422,-0.013999994844198227,,0.3139554108468271,0.13293607486307094,0.25880108191427637,0.4280397177832917
2026-04-23 07:46:42.200,3509416.4538,779160.3368,5250969.1096,,0.0222,0.0094,0.0183,0.03026697870617416,12,-0.0029999995604157448,-0.0010000006295740604,0.03999999724328518,,0.3139554108468271,0.13293607486307094,0.25880108191427637,0.4280397177832917
2026-04-23 07:46:42.300,3509416.454,779160.3378,5250969.113,,0.0222,0.0094,0.0183,0.03026697870617416,12,-0.003999997861683369,0.0279999990016222,0.08200000040233135,,0.3139554108468271,0.13293607486307094,0.25880108191427637,0.4280397177832917
2026-04-23 07:46:42.400,3509416.4534,779160.3396,5250969.1178,,0.0222,0.0094,0.0183,0.03026697870617416,12,-0.01999999862164259,0.039000000106170774,0.10200000368058681,,0.3139554108468271,0.13293607486307094,0.25880108191427637,0.4280397177832917
2026-04-23 07:46:42.500,3509416.452,779160.3417,5250969.1232,,0.0222,0.0094,0.0183,0.03026697870617416,12,-0.01999999862164259,0.026000000070780516,0.09099999442696571,,0.3139554108468271,0.13293607486307094,0.25880108191427637,0.4280397177832917
2026-04-23 07:46:42.600,3509416.4514,779160.3422,5250969.1269,,0.0222,0.0094,0.0183,0.03026697870617416,12,-0.024999999441206455,0.0,0.0430000014603138,,0.3139554108468271,0.13293607486307094,0.25880108191427637,0.4280397177832917
2026-04-23 07:46:42.700,3509416.4495,779160.3417,5250969.1275,,0.0222,0.0094,0.0183,0.03026697870617416,12,-0.016999999061226845,-0.0139999995008111,-0.001999996602535248,,0.3139554108468271,0.13293607486307094,0.25880108191427637,0.4280397177832917
2026-04-23 07:46:42.800,3509416.4497,779160.3408,5250969.1267,,0.0222,0.0094,0.0183,0.03026697870617416,12,0.003999997861683369,-0.030999999726191163,-0.01700000837445259,,0.3139554108468271,0.13293607486307094,0.25809494377069847,0.42761314292243174
2026-04-23 07:46:42.900,3509416.4499,779160.3386,5250969.1258,,0.0222,0.0094,0.0182,0.030206621790594194,12,0.007999995723366737,-0.04900000058114529,-0.005000000819563866,,0.3139554108468271,0.13293607486307094,0.25809494377069847,0.42761314292243174
2026-04-23 07:46:43.000,3509416.4505,779160.3359,5250969.1262,,0.0222,0.0094,0.0182,0.030206621790594194,12,-0.0069999974220991135,-0.017000000225380063,0.01300000585615635,,0.3139554108468271,0.13293607486307094,0.2573868683519033,0.42718614209732975
2026-04-23 07:46:43.100,3509416.4492,779160.3369,5250969.1271,,0.0222,0.0094,0.0182,0.030206621790594194,12,-0.03999999724328518,0.0,0.044999998062849045,,0.3139554108468271,0.13293607486307094,0.2573868683519033,0.42718614209732975
2026-04-23 07:46:43.200,3509416.4465,779160.3359,5250969.1307,,0.0222,0.0094,0.0182,0.030206621790594194,12,-0.04399999976158142,-0.019000000320374966,0.050999997183680534,,0.3139554108468271,0.13293607486307094,0.2573868683519033,0.42718614209732975
2026-04-23 07:46:43.300,3509416.4448,779160.335,5250969.1322,,0.0222,0.0094,0.0182,0.030206621790594194,12,-0.03400000277906656,-0.011999999405816197,0.04200000315904617,,0.3139554108468271,0.13293607486307094,0.2573868683519033,0.42718614209732975
2026-04-23 07:46:43.400,3509416.4431,779160.3347,5250969.1349,,0.0222,0.0094,0.0182,0.030206621790594194,12,-0.017000003717839718,-0.0020000000949949026,0.027000000700354576,,0.3139554108468271,0.13293607486307094,0.25809494377069847,0.42761314292243174
2026-04-23 07:46:43.500,3509416.4431,779160.3348,5250969.1349,,0.0222,0.0094,0.0183,0.03026697870617416,12,0.001000002957880497,0.011999999405816197,-0.007999995723366737,,0.3139554108468271,0.13293607486307094,0.25809494377069847,0.42761314292243174
2026-04-23 07:46:43.600,3509416.4432,779160.3359,5250969.1341,,0.0222,0.0094,0.0183,0.03026697870617416,12,0.010999999940395355,0.01500000013038516,-0.029999995604157448,,0.3139554108468271,0.13293607486307094,0.25809494377069847,0.42761314292243174
2026-04-23 07:46:43.700,3509416.4442,779160.3363,5250969.1319,,0.0222,0.0094,0.0182,0.030206621790594194,12,0.02599999774247408,0.00800000037997961,-0.030000004917383194,,0.3139554108468271,0.13293607486307094,0.25809494377069847,0.42761314292243174
2026-04-23 07:46:43.800,3509416.4458,779160.3367,5250969.1311,,0.0222,0.0094,0.0182,0.030206621790594194,12,0.006000003777444363,0.017000000225380063,-0.01300000585615635,,0.3139554108468271,0.13293607486307094,0.2573868683519033,0.42718614209732975
2026-04-23 07:46:43.900,3509416.4448,779160.338,5250969.1306,,0.0222,0.0094,0.0182,0.030206621790594194,12,-0.012999996542930603,0.02100000041536987,-0.010000001639127731,,0.3139554108468271,0.13293607486307094,0.2573868683519033,0.42718614209732975
2026-04-23 07:46:44.000,3509416.4445,779160.3388,5250969.1301,,0.0222,0.0094,0.0182,0.030206621790594194,12,0.0139999995008111,-0.015999999595806003,-0.021000001579523087,,0.3139554108468271,0.13293607486307094,0.2573868683519033,0.42718614209732975
2026-04-23 07:46:44.100,3509416.4462,779160.3364,5250969.1285,,0.0222,0.0094,0.0182,0.030206621790594194,12,-0.002000001259148121,-0.034000000450760126,-0.025999993085861206,,0.3139554108468271,0.13293607486307094,0.2573868683519033,0.42718614209732975
2026-04-23 07:46:44.200,3509416.4443,779160.3354,5250969.1275,,0.0222,0.0094,0.0182,0.030206621790594194,12,-0.050000003539025784,0.0020000000949949026,-0.009999992325901985,,0.3139554108468271,0.13293607486307094,0.2573868683519033,0.42718614209732975
2026-04-23 07:46:44.300,3509416.4412,779160.3366,5250969.1275,,0.0222,0.0094,0.0182,0.030206621790594194,12,-0.04500000271946192,0.039000000106170774,-0.006000008434057236,,0.3139554108468271,0.13293607486307094,0.2573868683519033,0.42718614209732975
2026-04-23 07:46:44.400,3509416.4398,779160.3393,5250969.1269,,0.0222,0.0094,0.0182,0.030206621790594194,12,-0.0069999974220991135,0.031999999191612005,-0.012000007554888725,,0.3139554108468271,0.13293607486307094,0.2573868683519033,0.42718614209732975
2026-04-23 07:46:44.500,3509416.4405,779160.3398,5250969.1263,,0.0222,0.0094,0.0182,0.030206621790594194,12,-0.0029999995604157448,0.0029999995604157448,0.002000005915760994,,0.3139554108468271,0.13293607486307094,0.2573868683519033,0.42718614209732975
2026-04-23 07:46:44.600,3509416.4395,779160.3396,5250969.1271,,0.0222,0.0094,0.0182,0.030206621790594194,12,-0.02199999988079071,0.00800000037997961,0.02900000661611557,,0.3139554108468271,0.13293607486307094,0.2573868683519033,0.42718614209732975
2026-04-23 07:46:44.700,3509416.4383,779160.3406,5250969.1292,,0.0222,0.0094,0.0182,0.030206621790594194,12,0.0,-0.00699999975040555,0.0279999990016222,,0.3139554108468271,0.13293607486307094,0.2573868683519033,0.42718614209732975
2026-04-23 07:46:44.800,3509416.4395,779160.3389,5250969.1299,,0.0222,0.0094,0.0182,0.030206621790594194,12,0.04399999976158142,-0.017000000225380063,0.025999993085861206,,0.3139554108468271,0.13293607486307094,0.2573868683519033,0.42718614209732975
2026-04-23 07:46:44.900,3509416.4427,779160.3389,5250969.1318,,0.0222,0.0094,0.0182,0.030206621790594194,12,0.046999999321997166,-0.004000000189989805,0.03200000151991844,,0.3139554108468271,0.13293607486307094,0.2573868683519033,0.42718614209732975
2026-04-23 07:46:45.000,3509416.4442,779160.3385,5250969.1331,,0.0222,0.0094,0.0182,0.030206621790594194,12,0.018000002019107342,0.00800000037997961,-0.0069999974220991135,,0.3139554108468271,0.13293607486307094,0.2573868683519033,0.42718614209732975
2026-04-23 07:46:45.100,3509416.4445,779160.3397,5250969.1311,,0.0222,0.0094,0.0182,0.030206621790594194,12,0.027000000700354576,0.014000000664964318,-0.03700000233948231,,0.3139554108468271,0.13293607486307094,0.2573868683519033,0.42718614209732975
2026-04-23 07:46:45.200,3509416.4469,779160.3399,5250969.1294,,0.0222,0.0094,0.0182,0.030206621790594194,12,-0.006000003777444363,0.017000000225380063,-0.03700000233948231,,0.3139554108468271,0.13293607486307094,0.2573868683519033,0.42718614209732975
2026-04-23 07:46:45.300,3509416.4439,779160.3414,5250969.1274,,0.0222,0.0094,0.0182,0.030206621790594194,12,-0.01999999862164259,0.0029999995604157448,-0.0059999991208314896,,0.3139554108468271,0.13293607486307094,0.2573868683519033,0.42718614209732975
2026-04-23 07:46:45.400,3509416.4449,779160.3402,5250969.1288,,0.0222,0.0094,0.0182,0.030206621790594194,12,0.021000001579523087,-0.01500000013038516,0.02199999988079071,,0.3139554108468271,0.13293607486307094,0.2573868683519033,0.42718614209732975
2026-04-23 07:46:45.500,3509416.446,779160.3399,5250969.1296,,0.0222,0.0094,0.0182,0.030206621790594194,12,0.002000001259148121,0.0020000000949949026,0.020000003278255463,,0.3139554108468271,0.13293607486307094,0.2573868683519033,0.42718614209732975
2026-04-23 07:46:45.600,3509416.4451,779160.3404,5250969.1308,,0.0222,0.0094,0.0182,0.030206621790594194,12,-0.03200000151991844,0.0020000000949949026,0.04100000485777855,,0.3139554108468271,0.13293607486307094,0.2573868683519033,0.42718614209732975
2026-04-23 07:46:45.700,3509416.4428,779160.3401,5250969.1337,,0.0222,0.0094,0.0182,0.030206621790594194,12,-0.027000000700354576,-0.0029999995604157448,0.05899999290704727,,0.3139554108468271,0.13293607486307094,0.2573868683519033,0.42718614209732975
2026-04-23 07:46:45.800,3509416.4424,779160.3401,5250969.1367,,0.0222,0.0094,0.0182,0.030206621790594194,12,-0.004999996162950993,0.0009999994654208422,0.060999998822808266,,0.3139554108468271,0.13293607486307094,0.2573868683519033,0.42718614209732975
2026-04-23 07:46:45.900,3509416.4423,779160.3402,5250969.1398,,0.0222,0.0094,0.0182,0.030206621790594194,12,-0.018000002019107342,-0.00800000037997961,0.062000006437301636,,0.3139554108468271,0.13293607486307094,0.2573868683519033,0.42718614209732975
2026-04-23 07:46:46.000,3509416.4406,779160.3393,5250969.1429,,0.0222,0.0094,0.0182,0.030206621790594194,12,-0.005000000819563866,-0.0020000000949949026,0.05199999548494816,,0.3139554108468271,0.13293607486307094,0.2573868683519033,0.42718614209732975
2026-04-23 07:46:46.100,3509416.4418,779160.34,5250969.145,,0.0222,0.0094,0.0182,0.030206621790594194,12,0.03200000151991844,0.0139999995008111,0.023999996483325958,,0.3139554108468271,0.13293607486307094,0.2573868683519033,0.42718614209732975
2026-04-23 07:46:46.200,3509416.4438,779160.3407,5250969.1453,,0.0222,0.0094,0.0182,0.030206621790594194,12,0.03999999724328518,0.025000000605359674,0.0,,0.3139554108468271,0.13293607486307094,0.2573868683519033,0.42718614209732975
2026-04-23 07:46:46.300,3509416.4458,779160.3425,5250969.145,,0.0222,0.0094,0.0182,0.030206621790594194,12,0.030999998562037945,0.03100000089034438,-0.014000004157423973,,0.3139554108468271,0.13293607486307094,0.2573868683519033,0.42718614209732975
2026-04-23 07:46:46.400,3509416.4469,779160.3438,5250969.1439,,0.0222,0.0094,0.0182,0.030206621790594194,12,0.023000002838671207,0.04499999922700226,-0.031999992206692696,,0.3139554108468271,0.13293607486307094,0.2573868683519033,0.42718614209732975
2026-04-23 07:46:46.500,3509416.4481,779160.347,5250969.1418,,0.0222,0.0094,0.0182,0.030206621790594194,12,0.02400000113993883,0.05000000004656613,-0.03099999390542507,,0.3139554108468271,0.13293607486307094,0.2573868683519033,0.42718614209732975
2026-04-23 07:46:46.600,3509416.4493,779160.3488,5250969.1408,,0.0222,0.0094,0.0182,0.030206621790594194,12,0.010999999940395355,0.019000000320374966,-0.031000003218650818,,0.3139554108468271,0.13293607486307094,0.2573868683519033,0.42718614209732975
2026-04-23 07:46:46.700,3509416.4492,779160.3489,5250969.1387,,0.0222,0.0094,0.0182,0.030206621790594194,12,0.0059999991208314896,-0.003000000724568963,-0.05300000309944153,,0.3139554108468271,0.13293607486307094,0.2573868683519033,0.42718614209732975
2026-04-23 07:46:46.800,3509416.4499,779160.3485,5250969.1355,,0.0222,0.0094,0.0182,0.030206621790594194,12,-0.01600000075995922,-0.026000000070780516,-0.038999998942017555,,0.3139554108468271,0.13293607486307094,0.2573868683519033,0.42718614209732975
2026-04-23 07:46:46.900,3509416.4476,779160.3463,5250969.1348,,0.0222,0.0094,0.0182,0.030206621790594194,12,-0.03399999812245369,-0.045999999856576324,-0.01600000075995922,,0.3132491021535417,0.13293607486307094,0.2573868683519033,0.42666731770783656
2026-04-23 07:46:47.000,3509416.4465,779160.3439,5250969.1339,,0.0221,0.0094,0.0182,0.030133204277009773,12,-0.02199999988079071,-0.045999999856576324,-0.027000000700354576,,0.3132491021535417,0.13293607486307094,0.2573868683519033,0.42666731770783656
2026-04-23 07:46:47.100,3509416.4454,779160.3417,5250969.1321,,0.0221,0.0094,0.0182,0.030133204277009773,12,-0.01600000075995922,-0.022999999346211553,-0.04599999636411667,,0.312541197284454,0.13293607486307094,0.2573868683519033,0.42614786166306173
2026-04-23 07:46:47.200,3509416.4449,779160.3416,5250969.1293,,0.0221,0.0094,0.0182,0.030133204277009773,12,0.036999997682869434,-0.02800000016577542,-0.044999998062849045,,0.3132491021535417,0.13293607486307094,0.2573868683519033,0.42666731770783656
2026-04-23 07:46:47.300,3509416.4491,779160.3389,5250969.1276,,0.0222,0.0094,0.0182,0.030206621790594194,12,0.014999997802078724,-0.03000000026077032,-0.03500000573694706,,0.312541197284454,0.13293607486307094,0.2573868683519033,0.42614786166306173
2026-04-23 07:46:47.400,3509416.4464,779160.3386,5250969.1258,,0.0221,0.0094,0.0182,0.030133204277009773,12,-0.05799999926239252,-0.006000000284984708,-0.03200000151991844,,0.3139554108468271,0.13293607486307094,0.2573868683519033,0.42718614209732975
2026-04-23 07:46:47.500,3509416.4433,779160.3383,5250969.1244,,0.0222,0.0094,0.0182,0.030206621790594194,12,-0.01999999862164259,0.004999999655410647,-0.022999998182058334,,0.3132491021535417,0.13293607486307094,0.2573868683519033,0.42666731770783656
2026-04-23 07:46:47.600,3509416.4444,779160.3391,5250969.1235,,0.0222,0.0094,0.0182,0.030206621790594194,12,0.019000000320374966,0.003000000724568963,0.005000000819563866,,0.3132491021535417,0.13293607486307094,0.2573868683519033,0.42666731770783656
2026-04-23 07:46:47.700,3509416.4452,779160.3386,5250969.1249,,0.0221,0.0094,0.0182,0.030133204277009773,12,-0.022999998182058334,-0.023999999975785613,0.021000001579523087,,0.3132491021535417,0.13293607486307094,0.2573868683519033,0.42666731770783656
2026-04-23 07:46:47.800,3509416.4421,779160.3367,5250969.1256,,0.0221,0.0094,0.0182,0.030133204277009773,12,-0.05400000140070915,-0.023999999975785613,0.011999998241662979,,0.312541197284454,0.13223085872821064,0.2573868683519033,0.4259283977383992
2026-04-23 07:46:47.900,3509416.4398,779160.3362,5250969.1261,,0.0221,0.0093,0.0182,0.030102159390980574,12,-0.04600000102072954,-0.008999999845400453,0.020000003278255463,,0.312541197284454,0.13223085872821064,0.2573868683519033,0.4259283977383992
2026-04-23 07:46:48.000,3509416.4375,779160.3358,5250969.1276,,0.0221,0.0093,0.0182,0.030102159390980574,12,-0.03999999724328518,0.0029999995604157448,0.016999999061226845,,0.312541197284454,0.13152186130069782,0.2573868683519033,0.42570882067441357
2026-04-23 07:46:48.100,3509416.4358,779160.3365,5250969.1278,,0.0221,0.0093,0.0182,0.030102159390980574,12,-0.05799999926239252,0.013000000035390258,0.010999999940395355,,0.312541197284454,0.13152186130069782,0.2573868683519033,0.42570882067441357
2026-04-23 07:46:48.200,3509416.4317,779160.3371,5250969.1287,,0.0221,0.0093,0.0182,0.030102159390980574,12,-0.06500000134110451,0.003000000724568963,0.000999998301267624,,0.312541197284454,0.13223085872821064,0.2573868683519033,0.4259283977383992
2026-04-23 07:46:48.300,3509416.4293,779160.3368,5250969.1279,,0.0221,0.0094,0.0182,0.030133204277009773,12,-0.026000002399086952,0.008999999845400453,-0.008000005036592484,,0.312541197284454,0.13223085872821064,0.2573868683519033,0.4259283977383992
2026-04-23 07:46:48.400,3509416.4291,779160.338,5250969.1279,,0.0221,0.0094,0.0182,0.030133204277009773,12,-0.0029999995604157448,0.02099999925121665,-0.018999995663762093,,0.312541197284454,0.13293607486307094,0.2573868683519033,0.42614786166306173
2026-04-23 07:46:48.500,3509416.429,779160.3389,5250969.126,,0.0221,0.0094,0.0182,0.030133204277009773,12,0.002000001259148121,0.017999999690800905,-0.0430000014603138,,0.312541197284454,0.13293607486307094,0.2573868683519033,0.42614786166306173
2026-04-23 07:46:48.600,3509416.4293,779160.3398,5250969.1236,,0.0221,0.0094,0.0182,0.030133204277009773,12,0.014999997802078724,0.012000000569969416,-0.036000004038214684,,0.312541197284454,0.13293607486307094,0.2573868683519033,0.42614786166306173
2026-04-23 07:46:48.700,3509416.4305,779160.3401,5250969.1224,,0.0221,0.0094,0.0182,0.030133204277009773,12,-0.019000000320374966,0.004000000189989805,-0.0059999991208314896,,0.312541197284454,0.13223085872821064,0.2573868683519033,0.4259283977383992
2026-04-23 07:46:48.800,3509416.4274,779160.3402,5250969.123,,0.0221,0.0093,0.0182,0.030102159390980574,12,-0.09499999694526196,-0.0010000006295740604,0.024000005796551704,,0.312541197284454,0.13223085872821064,0.2573868683519033,0.4259283977383992
2026-04-23 07:46:48.900,3509416.421,779160.34,5250969.1248,,0.0221,0.0093,0.0182,0.030102159390980574,12,-0.07699999958276749,0.01500000013038516,0.04100000485777855,,0.312541197284454,0.13152186130069782,0.2573868683519033,0.42570882067441357
2026-04-23 07:46:49.000,3509416.4197,779160.3417,5250969.1271,,0.0221,0.0093,0.0182,0.030102159390980574,12,0.04999999888241291,0.004000000189989805,-0.021000001579523087,,0.312541197284454,0.13152186130069782,0.2573868683519033,0.42570882067441357
2026-04-23 07:46:49.100,3509416.426,779160.3404,5250969.1227,,0.0221,0.0093,0.0182,0.030102159390980574,12,0.09500000160187483,-0.04899999941699207,-0.071000000461936,,0.312541197284454,0.13152186130069782,0.2573868683519033,0.42570882067441357
2026-04-23 07:46:49.200,3509416.4292,779160.3368,5250969.12,,0.0221,0.0093,0.0182,0.030102159390980574,12,0.09099999908357859,-0.045999999856576324,-0.05700000561773777,,0.31395859599635106,0.13152186130069782,0.2588049458569136,0.4276072964765685
2026-04-23 07:46:49.300,3509416.4351,779160.3358,5250969.117,,0.0223,0.0093,0.0184,0.030370051037164888,11,0.08899999782443047,-0.01500000013038516,-0.058000003919005394,,0.3153823076838648,0.13223085872821064,0.2602306669091865,0.42973363843199425
2026-04-23 07:46:49.400,3509416.4381,779160.3353,5250969.1142,,0.0225,0.0094,0.0186,0.030668713699795104,11,0.04399999976158142,-0.010000000474974513,-0.07699999958276749,,0.3174980314899606,0.13223085872821064,0.2623451924468981,0.43256791374303294
2026-04-23 07:46:49.500,3509416.4395,779160.3348,5250969.1093,,0.0226,0.0094,0.0187,0.030802759616631755,11,0.013000001199543476,-0.004000000189989805,-0.060999998822808266,,0.3189059422462993,0.13293607486307094,0.2644617174564213,0.4351011376680139
2026-04-23 07:46:49.600,3509416.4394,779160.3349,5250969.1081,,0.0226,0.0094,0.0188,0.030863570759068044,11,-0.0069999974220991135,0.034000000450760126,-0.02199999988079071,,0.31961226509631946,0.13293607486307094,0.2651659857523208,0.436047015813662
2026-04-23 07:46:49.700,3509416.4388,779160.3382,5250969.1071,,0.0226,0.0094,0.0188,0.030863570759068044,11,-0.04000000189989805,0.07199999992735684,-0.000999998301267624,,0.31961226509631946,0.13223085872821064,0.26587214972614187,0.43626253563651324
2026-04-23 07:46:49.800,3509416.4354,779160.3421,5250969.108,,0.0226,0.0093,0.0188,0.030833261261177025,11,-0.041000000201165676,0.06000000052154064,0.020000003278255463,,0.31961226509631946,0.13223085872821064,0.26587214972614187,0.43626253563651324
2026-04-23 07:46:49.900,3509416.4347,779160.3442,5250969.1091,,0.0226,0.0093,0.0188,0.030833261261177025,11,-0.009999996982514858,0.03599999938160181,0.028999997302889824,,0.31961226509631946,0.13152186130069782,0.26587214972614187,0.4360481624774951
2026-04-23 07:46:50.000,3509416.4344,779160.3457,5250969.1109,,0.0226,0.0093,0.0188,0.030833261261177025,11,-0.031000003218650818,0.017999999690800905,0.0279999990016222,,0.31961226509631946,0.13152186130069782,0.26587214972614187,0.4360481624774951
2026-04-23 07:46:50.100,3509416.4316,779160.346,5250969.1119,,0.0226,0.0093,0.0188,0.030833261261177025,11,-0.09599999990314245,-0.007999999215826392,0.022999998182058334,,0.31961226509631946,0.13152186130069782,0.26587214972614187,0.4360481624774951
2026-04-23 07:46:50.200,3509416.4248,779160.3449,5250969.1132,,0.0226,0.0093,0.0188,0.030833261261177025,11,-0.08699999656528234,-0.027000000700354576,-0.010000001639127731,,0.31961226509631946,0.13152186130069782,0.26587214972614187,0.4360481624774951
2026-04-23 07:46:50.300,3509416.4229,779160.3433,5250969.1109,,0.0226,0.0093,0.0188,0.030833261261177025,11,-0.029000001959502697,-0.02900000079534948,-0.04599999636411667,,0.31961226509631946,0.13223085872821064,0.26587214972614187,0.43626253563651324
2026-04-23 07:46:50.400,3509416.4219,779160.342,5250969.1086,,0.0226,0.0094,0.0188,0.030863570759068044,11,-0.018000002019107342,-0.04199999966658652,-0.050999997183680534,,0.31961226509631946,0.13223085872821064,0.26587214972614187,0.43626253563651324
2026-04-23 07:46:50.500,3509416.4211,779160.3391,5250969.1058,,0.0226,0.0094,0.0188,0.030863570759068044,11,-0.005000000819563866,-0.00699999975040555,-0.011999998241662979,,0.31961226509631946,0.13293607486307094,0.26587214972614187,0.43647680350735707
2026-04-23 07:46:50.600,3509416.4214,779160.3413,5250969.1074,,0.0226,0.0094,0.0188,0.030863570759068044,11,0.019000000320374966,0.0,0.02199999988079071,,0.31961226509631946,0.13293607486307094,0.26587214972614187,0.43647680350735707
2026-04-23 07:46:50.700,3509416.423,779160.3391,5250969.108,,0.0226,0.0094,0.0188,0.030863570759068044,11,0.05300000309944153,-0.0139999995008111,0.02199999988079071,,0.31961226509631946,0.13223085872821064,0.26587214972614187,0.43626253563651324
2026-04-23 07:46:50.800,3509416.4267,779160.3399,5250969.1096,,0.0226,0.0093,0.0188,0.030833261261177025,11,0.021000001579523087,0.0010000006295740604,0.023999996483325958,,0.3210295936514264,0.13435773144854746,0.26658019431308094,0.43837997217026226
2026-04-23 07:46:50.900,3509416.4251,779160.3392,5250969.1104,,0.0228,0.0096,0.0189,0.031132137735786793,10,-0.013000001199543476,-0.012000000569969416,0.018999995663762093,,0.3210295936514264,0.13294359706281456,0.26658019431308094,0.4379486271242324
2026-04-23 07:46:51.000,3509416.4254,779160.3387,5250969.1115,,0.0228,0.0095,0.0189,0.031101446911679206,11,-0.013000001199543476,-0.04200000083073974,-0.003999993205070496,,0.32173436247935966,0.13435773144854746,0.26728636328851496,0.4393256195579766
2026-04-23 07:46:51.100,3509416.4238,779160.335,5250969.11,,0.0227,0.0094,0.0189,0.030997741853238277,11,-0.052999998442828655,-0.03700000001117587,-0.032999999821186066,,0.32173436247935966,0.13364505228402582,0.26728636328851496,0.4391081871247677
2026-04-23 07:46:51.200,3509416.4201,779160.335,5250969.1082,,0.0227,0.0094,0.0189,0.030997741853238277,11,-0.07600000128149986,0.018000000854954123,-0.012000007554888725,,0.32102647865869255,0.13293607486307094,0.26728636328851496,0.43837426931789686
2026-04-23 07:46:51.300,3509416.4162,779160.3368,5250969.1088,,0.0227,0.0094,0.0189,0.030997741853238277,11,-0.03500000108033419,0.023999999975785613,0.021000001579523087,,0.32102647865869255,0.13223085872821064,0.26728636328851496,0.4381609293398944
2026-04-23 07:46:51.400,3509416.4166,779160.3374,5250969.1103,,0.0227,0.0093,0.0189,0.03096756367556221,11,0.06000000052154064,0.026000000070780516,0.03200000151991844,,0.32102647865869255,0.13293607486307094,0.26728636328851496,0.43837426931789686
2026-04-23 07:46:51.500,3509416.4222,779160.3394,5250969.112,,0.0227,0.0094,0.0189,0.030997741853238277,11,0.09699999820441008,0.027000000700354576,0.015000002458691597,,0.32102647865869255,0.13223085872821064,0.26728636328851496,0.4381609293398944
2026-04-23 07:46:51.600,3509416.4263,779160.3401,5250969.1118,,0.0227,0.0094,0.0189,0.030997741853238277,11,0.04900000058114529,0.0139999995008111,-0.000999998301267624,,0.3203201523476161,0.13223085872821064,0.26658019431308094,0.43721276285122324
2026-04-23 07:46:51.700,3509416.4271,779160.3408,5250969.1119,,0.0226,0.0093,0.0188,0.030833261261177025,11,0.008999998681247234,0.008999999845400453,0.007999995723366737,,0.3203201523476161,0.13223085872821064,0.26658019431308094,0.43721276285122324
2026-04-23 07:46:51.800,3509416.4272,779160.341,5250969.1126,,0.0226,0.0093,0.0188,0.030833261261177025,11,-0.005000000819563866,0.0139999995008111,0.009000003337860107,,0.31961226509631946,0.13152186130069782,0.26587214972614187,0.4360481624774951
2026-04-23 07:46:51.900,3509416.4266,779160.3422,5250969.1128,,0.0226,0.0093,0.0188,0.030833261261177025,11,-0.012999996542930603,0.0,0.0,,0.31961226509631946,0.13152186130069782,0.26587214972614187,0.4360481624774951
2026-04-23 07:46:52.000,3509416.4259,779160.341,5250969.1126,,0.0226,0.0093,0.0188,0.030833261261177025,11,0.010999999940395355,-0.0059999991208314896,0.007999995723366737,,0.31961226509631946,0.13152186130069782,0.26587214972614187,0.4360481624774951
2026-04-23 07:46:52.100,3509416.4277,779160.3416,5250969.1136,,0.0226,0.0093,0.0188,0.030833261261177025,11,0.038999998942017555,0.019000000320374966,0.010999999940395355,,0.31961226509631946,0.13152186130069782,0.26587214972614187,0.4360481624774951
2026-04-23 07:46:52.200,3509416.4298,779160.3429,5250969.1137,,0.0226,0.0093,0.0188,0.030833261261177025,11,0.0279999990016222,0.0020000000949949026,-0.028999997302889824,,0.31961226509631946,0.13152186130069782,0.26587214972614187,0.4360481624774951
2026-04-23 07:46:52.300,3509416.4305,779160.3418,5250969.1107,,0.0226,0.0093,0.0188,0.030833261261177025,11,0.02199999988079071,-0.02200000104494393,-0.05299999378621578,,0.31961226509631946,0.13152186130069782,0.26587214972614187,0.4360481624774951
2026-04-23 07:46:52.400,3509416.432,779160.3407,5250969.1084,,0.0226,0.0093,0.0188,0.030833261261177025,11,-0.008999998681247234,-0.00800000037997961,-0.010000001639127731,,0.31961226509631946,0.13152186130069782,0.26587214972614187,0.4360481624774951
2026-04-23 07:46:52.500,3509416.4296,779160.341,5250969.1097,,0.0226,0.0093,0.0188,0.030833261261177025,11,-0.029000001959502697,-0.008999999845400453,0.028999997302889824,,0.31961226509631946,0.13152186130069782,0.26587214972614187,0.4360481624774951
2026-04-23 07:46:52.600,3509416.4291,779160.3398,5250969.1113,,0.0226,0.0093,0.0188,0.030833261261177025,11,0.012000002898275852,-0.017999999690800905,-0.0029999949038028717,,0.31961226509631946,0.13152186130069782,0.26587214972614187,0.4360481624774951
2026-04-23 07:46:52.700,3509416.4308,779160.3392,5250969.1094,,0.0226,0.0093,0.0188,0.030833261261177025,11,0.03500000108033419,-0.011999999405816197,-0.029999995604157448,,0.31961226509631946,0.13152186130069782,0.26587214972614187,0.4360481624774951
2026-04-23 07:46:52.800,3509416.4326,779160.3386,5250969.1083,,0.0226,0.0093,0.0188,0.030833261261177025,11,0.03199999686330557,0.018999999156221747,-0.018000006675720215,,0.31961226509631946,0.13152186130069782,0.26587214972614187,0.4360481624774951
2026-04-23 07:46:52.900,3509416.434,779160.3411,5250969.1076,,0.0226,0.0093,0.0188,0.030833261261177025,11,0.01999999862164259,0.017999999690800905,-0.024000005796551704,,0.31961226509631946,0.13152186130069782,0.26587214972614187,0.4360481624774951
2026-04-23 07:46:53.000,3509416.4346,779160.3404,5250969.1059,,0.0226,0.0093,0.0188,0.030833261261177025,11,-0.00800000037997961,-0.016999999061226845,-0.019999993965029716,,0.31961226509631946,0.13152186130069782,0.26587214972614187,0.4360481624774951
2026-04-23 07:46:53.100,3509416.4332,779160.3394,5250969.1056,,0.0226,0.0093,0.0188,0.030833261261177025,11,0.006000003777444363,-0.010999999940395355,0.003000004217028618,,0.31961226509631946,0.13152186130069782,0.26587214972614187,0.4360481624774951
2026-04-23 07:46:53.200,3509416.4352,779160.3393,5250969.1062,,0.0226,0.0093,0.0188,0.030833261261177025,11,0.0139999995008111,0.00699999975040555,0.016999999061226845,,0.31961226509631946,0.13152186130069782,0.26587214972614187,0.4360481624774951
2026-04-23 07:46:53.300,3509416.4346,779160.3401,5250969.1073,,0.0226,0.0093,0.0188,0.030833261261177025,11,-0.0029999995604157448,-0.0020000000949949026,0.012999996542930603,,0.31961226509631946,0.13152186130069782,0.26587214972614187,0.4360481624774951
2026-04-23 07:46:53.400,3509416.4349,779160.3391,5250969.1075,,0.0226,0.0093,0.0188,0.030833261261177025,11,0.0,-0.010999999940395355,-0.018000006675720215,,0.31961226509631946,0.13152186130069782,0.26587214972614187,0.4360481624774951
2026-04-23 07:46:53.500,3509416.4346,779160.339,5250969.1055,,0.0226,0.0093,0.0188,0.030833261261177025,11,0.007999995723366737,0.003000000724568963,-0.04200000315904617,,0.31961226509631946,0.13152186130069782,0.26587214972614187,0.4360481624774951
2026-04-23 07:46:53.600,3509416.4357,779160.3394,5250969.1033,,0.0226,0.0093,0.0188,0.030833261261177025,11,-0.007999995723366737,-0.014000000664964318,-0.009999992325901985,,0.31961226509631946,0.13152186130069782,0.26587214972614187,0.4360481624774951
2026-04-23 07:46:53.700,3509416.4338,779160.3376,5250969.1045,,0.0226,0.0093,0.0188,0.030833261261177025,11,-0.028999997302889824,-0.02800000016577542,0.00700000673532486,,0.31961226509631946,0.13152186130069782,0.26587214972614187,0.4360481624774951
2026-04-23 07:46:53.800,3509416.4328,779160.3366,5250969.104,,0.0226,0.0093,0.0188,0.030833261261177025,11,-0.010000001639127731,-0.018999999156221747,-0.016999999061226845,,0.31961226509631946,0.13152186130069782,0.26587214972614187,0.4360481624774951
2026-04-23 07:46:53.900,3509416.4328,779160.3357,5250969.1028,,0.0226,0.0093,0.0188,0.030833261261177025,12,0.02599999774247408,-0.017000000225380063,0.000999998301267624,,0.31961226509631946,0.13152186130069782,0.26587214972614187,0.4360481624774951
2026-04-23 07:46:54.000,3509416.4354,779160.3349,5250969.1041,,0.0226,0.0093,0.0188,0.030833261261177025,12,0.06800000090152025,-0.011000001104548573,0.018999995663762093,,0.31961226509631946,0.13152186130069782,0.26587214972614187,0.4360481624774951
2026-04-23 07:46:54.100,3509416.4396,779160.3346,5250969.1047,,0.0226,0.0093,0.0188,0.030833261261177025,12,0.06300000008195639,0.008999999845400453,-0.000999998301267624,,0.31961226509631946,0.13152186130069782,0.26587214972614187,0.4360481624774951
2026-04-23 07:46:54.200,3509416.4417,779160.3358,5250969.104,,0.0226,0.0093,0.0188,0.030833261261177025,12,0.010999999940395355,0.04200000083073974,0.01600000075995922,,0.3189059422462993,0.13152186130069782,0.2651659857523208,0.4350999885083887
2026-04-23 07:46:54.300,3509416.4407,779160.3388,5250969.1063,,0.0225,0.0093,0.0187,0.030699022785750037,12,-0.016999999061226845,0.032999999821186066,0.032999999821186066,,0.3189059422462993,0.13152186130069782,0.2651659857523208,0.4350999885083887
2026-04-23 07:46:54.400,3509416.44,779160.3391,5250969.1073,,0.0225,0.0093,0.0187,0.030699022785750037,12,-0.019000000320374966,0.0,0.020000003278255463,,0.31819805153394637,0.13152186130069782,0.2644579361637688,0.43414974375208376
2026-04-23 07:46:54.500,3509416.4388,779160.3388,5250969.1083,,0.0225,0.0093,0.0187,0.030699022785750037,12,0.026000002399086952,-0.006000000284984708,0.005000000819563866,,0.3174917321758159,0.13152186130069782,0.26375177724519694,0.4332020313895123
2026-04-23 07:46:54.600,3509416.4426,779160.3385,5250969.1078,,0.0224,0.0093,0.0186,0.030564849091726264,12,0.08099999744445086,-0.01500000013038516,-0.026000002399086952,,0.3167869946825469,0.13152186130069782,0.26375177724519694,0.43268579824163395
2026-04-23 07:46:54.700,3509416.4469,779160.3373,5250969.1057,,0.0223,0.0093,0.0186,0.03049163819803718,12,0.07400000002235174,-0.007999999215826392,-0.012000007554888725,,0.3160775221365796,0.13152186130069782,0.2623375687925768,0.43130499649320075
2026-04-23 07:46:54.800,3509416.45,779160.3377,5250969.1066,,0.0223,0.0093,0.0185,0.030430741035998448,12,0.03700000233948231,-0.019000000320374966,0.04399999976158142,,0.31536962440920024,0.13152186130069782,0.2623375687925768,0.43078649003885905
2026-04-23 07:46:54.900,3509416.4506,779160.3354,5250969.1101,,0.0223,0.0093,0.0185,0.030430741035998448,12,0.034999996423721313,-0.02900000079534948,0.06400000303983688,,0.31466331212901194,0.13152186130069782,0.26092336039534675,0.42940889604198934
2026-04-23 07:46:55.000,3509416.4535,779160.3348,5250969.113,,0.0222,0.0093,0.0184,0.0302966994902085,12,0.050999997183680534,0.026000000070780516,0.029999995604157448,,0.31466331212901194,0.13152186130069782,0.26092336039534675,0.42940889604198934
2026-04-23 07:46:55.100,3509416.4557,779160.338,5250969.1131,,0.0222,0.0093,0.0184,0.0302966994902085,12,0.010000001639127731,0.0570000009611249,-0.020000003278255463,,0.3139554108468271,0.13152186130069782,0.26021529547664946,0.4284600331419489
2026-04-23 07:46:55.200,3509416.4545,779160.3405,5250969.111,,0.0222,0.0093,0.0184,0.0302966994902085,12,-0.014999997802078724,0.004000000189989805,-0.0430000014603138,,0.3139554108468271,0.13152186130069782,0.2595091520544121,0.4280315408938925
2026-04-23 07:46:55.300,3509416.4542,779160.3384,5250969.1088,,0.0222,0.0093,0.0183,0.03023607117335187,12,0.04000000189989805,-0.054000000236555934,-0.04699999466538429,,0.3139554108468271,0.13152186130069782,0.2595091520544121,0.4280315408938925
2026-04-23 07:46:55.400,3509416.4585,779160.3351,5250969.1063,,0.0222,0.0093,0.0183,0.03023607117335187,12,0.09500000160187483,-0.030999999726191163,-0.04999999888241291,,0.3139554108468271,0.13152186130069782,0.25880108191427637,0.42760261926232396
2026-04-23 07:46:55.500,3509416.4637,779160.3353,5250969.1038,,0.0222,0.0093,0.0183,0.03023607117335187,12,0.03199999686330557,0.041000000201165676,-0.038999998942017555,,0.3139554108468271,0.13152186130069782,0.25880108191427637,0.42760261926232396
2026-04-23 07:46:55.600,3509416.4617,779160.3392,5250969.1024,,0.0222,0.0093,0.0183,0.03023607117335187,12,-0.06200000178068876,0.06300000008195639,-0.034999996423721313,,0.3139554108468271,0.13152186130069782,0.25880108191427637,0.42760261926232396
2026-04-23 07:46:55.700,3509416.4575,779160.3416,5250969.1003,,0.0222,0.0093,0.0183,0.03023607117335187,12,-0.050999997183680534,-0.004000000189989805,-0.040000006556510925,,0.3139554108468271,0.13152186130069782,0.25880108191427637,0.42760261926232396
2026-04-23 07:46:55.800,3509416.4566,779160.3388,5250969.0984,,0.0222,0.0093,0.0183,0.03023607117335187,12,0.0070000020787119865,-0.07900000084191561,0.000999998301267624,,0.3139554108468271,0.13152186130069782,0.25880108191427637,0.42760261926232396
2026-04-23 07:46:55.900,3509416.4582,779160.3337,5250969.1004,,0.0222,0.0093,0.0183,0.03023607117335187,12,0.030999998562037945,-0.12400000006891787,0.08800000883638859,,0.3132491021535417,0.13152186130069782,0.25880108191427637,0.4270843008119123
2026-04-23 07:46:56.000,3509416.4597,779160.3264,5250969.1072,,0.0221,0.0093,0.0183,0.030162725341056303,12,0.012999996542930603,-0.13500000000931323,0.09700000286102295,,0.3132491021535417,0.13152186130069782,0.25809494377069847,0.42665677071857183
2026-04-23 07:46:56.100,3509416.4595,779160.3202,5250969.1101,,0.0221,0.0093,0.0182,0.030102159390980574,12,-0.010999999940395355,-0.10400000028312206,0.04999999888241291,,0.312541197284454,0.13152186130069782,0.25809494377069847,0.4261373018171491
2026-04-23 07:46:56.200,3509416.4586,779160.316,5250969.1122,,0.0221,0.0093,0.0182,0.030102159390980574,12,-0.02599999774247408,0.008999999845400453,0.0069999974220991135,,0.312541197284454,0.13152186130069782,0.2573868683519033,0.42570882067441357
2026-04-23 07:46:56.300,3509416.4569,779160.3211,5250969.1108,,0.0221,0.0093,0.0182,0.030102159390980574,12,-0.04000000189989805,0.14599999994970858,-0.032999999821186066,,0.3132491021535417,0.13152186130069782,0.2573868683519033,0.4262288117900994
2026-04-23 07:46:56.400,3509416.4546,779160.3306,5250969.1089,,0.0222,0.0093,0.0182,0.030175652437022797,12,-0.06599999964237213,0.15300000086426735,-0.028999997302889824,,0.3132491021535417,0.13152186130069782,0.2573868683519033,0.4262288117900994
2026-04-23 07:46:56.500,3509416.4503,779160.3364,5250969.1079,,0.0222,0.0093,0.0182,0.030175652437022797,12,-0.052999998442828655,0.06500000017695129,-0.01600000075995922,,0.3139554108468271,0.13152186130069782,0.2573868683519033,0.4267481692989438
2026-04-23 07:46:56.600,3509416.4493,779160.3371,5250969.1073,,0.0222,0.0093,0.0182,0.030175652437022797,12,0.005000000819563866,0.007999999215826392,0.0029999949038028717,,0.3139554108468271,0.13152186130069782,0.2573868683519033,0.4267481692989438
2026-04-23 07:46:56.700,3509416.4508,779160.3372,5250969.1082,,0.0222,0.0093,0.0182,0.030175652437022797,12,0.0419999985024333,-0.017999999690800905,0.007999995723366737,,0.3132491021535417,0.13152186130069782,0.2573868683519033,0.4262288117900994
2026-04-23 07:46:56.800,3509416.4535,779160.3353,5250969.1081,,0.0221,0.0093,0.0182,0.030102159390980574,12,0.09099999908357859,-0.059999999357387424,0.004000002518296242,,0.3132491021535417,0.13152186130069782,0.2573868683519033,0.4262288117900994
2026-04-23 07:46:56.900,3509416.4599,779160.3312,5250969.1086,,0.0221,0.0093,0.0182,0.030102159390980574,12,0.071000000461936,-0.06000000052154064,0.027000000700354576,,0.312541197284454,0.13152186130069782,0.2573868683519033,0.42570882067441357
2026-04-23 07:46:57.000,3509416.4606,779160.3293,5250969.1108,,0.0221,0.0093,0.0182,0.030102159390980574,12,-0.03200000151991844,-0.030999999726191163,0.036000004038214684,,0.312541197284454,0.13152186130069782,0.2573868683519033,0.42570882067441357
2026-04-23 07:46:57.100,3509416.4567,779160.3281,5250969.1122,,0.0221,0.0093,0.0182,0.030102159390980574,12,-0.005000000819563866,0.0,-0.022999998182058334,,0.312541197284454,0.13152186130069782,0.2573868683519033,0.42570882067441357
2026-04-23 07:46:57.200,3509416.4601,779160.3293,5250969.1085,,0.0221,0.0093,0.0182,0.030102159390980574,12,-0.014999997802078724,0.04099999903701246,-0.07400000467896461,,0.312541197284454,0.13152186130069782,0.2573868683519033,0.42570882067441357
2026-04-23 07:46:57.300,3509416.4552,779160.3322,5250969.1048,,0.0221,0.0093,0.0182,0.030102159390980574,12,-0.06799999624490738,0.04199999966658652,-0.07500000298023224,,0.312541197284454,0.13152186130069782,0.2573868683519033,0.42570882067441357
2026-04-23 07:46:57.400,3509416.4533,779160.3335,5250969.101,,0.0221,0.0093,0.0182,0.030102159390980574,12,-0.08700000122189522,0.025000000605359674,-0.03800000064074993,,0.312541197284454,0.13152186130069782,0.2573868683519033,0.42570882067441357
2026-04-23 07:46:57.500,3509416.4465,779160.3347,5250969.101,,0.0221,0.0093,0.0182,0.030102159390980574,12,-0.06700000260025263,0.014000000664964318,0.011999998241662979,,0.312541197284454,0.13152186130069782,0.2573868683519033,0.42570882067441357
2026-04-23 07:46:57.600,3509416.4466,779160.3349,5250969.1022,,0.0221,0.0093,0.0182,0.030102159390980574,12,0.01799999736249447,0.00699999975040555,0.016999999061226845,,0.312541197284454,0.13152186130069782,0.2573868683519033,0.42570882067441357
2026-04-23 07:46:57.700,3509416.4483,779160.3354,5250969.1027,,0.0221,0.0093,0.0182,0.030102159390980574,12,0.02400000113993883,-0.00699999975040555,0.002000005915760994,,0.312541197284454,0.13152186130069782,0.2573868683519033,0.42570882067441357
2026-04-23 07:46:57.800,3509416.449,779160.3342,5250969.1024,,0.0221,0.0093,0.0182,0.030102159390980574,12,0.018000002019107342,0.0010000006295740604,-0.008999994024634361,,0.312541197284454,0.13152186130069782,0.2573868683519033,0.42570882067441357
2026-04-23 07:46:57.900,3509416.4501,779160.3355,5250969.1018,,0.0221,0.0093,0.0182,0.030102159390980574,12,0.0059999991208314896,0.0,0.010000001639127731,,0.312541197284454,0.13152186130069782,0.2573868683519033,0.42570882067441357
2026-04-23 07:46:58.000,3509416.4496,779160.3342,5250969.1034,,0.0221,0.0093,0.0182,0.030102159390980574,12,0.03200000151991844,-0.019000000320374966,0.03599999472498894,,0.312541197284454,0.13152186130069782,0.2573868683519033,0.42570882067441357
2026-04-23 07:46:58.100,3509416.4533,779160.3336,5250969.1054,,0.0221,0.0093,0.0182,0.030102159390980574,12,0.04900000058114529,0.0009999994654208422,0.03099999390542507,,0.312541197284454,0.13152186130069782,0.2573868683519033,0.42570882067441357
2026-04-23 07:46:58.200,3509416.4545,779160.3343,5250969.1065,,0.0221,0.0093,0.0182,0.030102159390980574,12,-0.023000002838671207,-0.00699999975040555,0.02500000409781933,,0.312541197284454,0.13152186130069782,0.2573868683519033,0.42570882067441357
2026-04-23 07:46:58.300,3509416.451,779160.3329,5250969.1079,,0.0221,0.0093,0.0182,0.030102159390980574,12,-0.05400000140070915,-0.00699999975040555,0.03200000151991844,,0.312541197284454,0.13152186130069782,0.2573868683519033,0.42570882067441357
2026-04-23 07:46:58.400,3509416.4491,779160.3336,5250969.1097,,0.0221,0.0093,0.0182,0.030102159390980574,12,-0.003999997861683369,0.01500000013038516,0.023999996483325958,,0.312541197284454,0.13152186130069782,0.2573868683519033,0.42570882067441357
2026-04-23 07:46:58.500,3509416.4506,779160.3344,5250969.1103,,0.0221,0.0093,0.0182,0.030102159390980574,12,0.024999999441206455,-0.006000000284984708,0.016999999061226845,,0.312541197284454,0.13152186130069782,0.2573868683519033,0.42570882067441357
2026-04-23 07:46:58.600,3509416.4516,779160.333,5250969.1114,,0.0221,0.0093,0.0182,0.030102159390980574,12,-0.005000000819563866,-0.013000000035390258,0.008000005036592484,,0.312541197284454,0.13152186130069782,0.2573868683519033,0.42570882067441357
2026-04-23 07:46:58.700,3509416.4501,779160.3331,5250969.1111,,0.0221,0.0093,0.0182,0.030102159390980574,12,-0.003999997861683369,-0.0029999995604157448,-0.001999996602535248,,0.312541197284454,0.13152186130069782,0.2573868683519033,0.42570882067441357
2026-04-23 07:46:58.800,3509416.4512,779160.3327,5250969.1112,,0.0221,0.0093,0.0182,0.030102159390980574,12,-0.018000002019107342,0.017999999690800905,0.012999996542930603,,0.312541197284454,0.13152186130069782,0.2573868683519033,0.42570882067441357
2026-04-23 07:46:58.900,3509416.4483,779160.3349,5250969.1124,,0.0221,0.0093,0.0182,0.030102159390980574,12,-0.04600000102072954,0.023999999975785613,0.0029999949038028717,,0.312541197284454,0.13152186130069782,0.2573868683519033,0.42570882067441357
2026-04-23 07:46:59.000,3509416.4466,779160.3351,5250969.1115,,0.0221,0.0093,0.0182,0.030102159390980574,12,-0.03000000026077032,0.004999999655410647,-0.02500000409781933,,0.312541197284454,0.13152186130069782,0.2573868683519033,0.42570882067441357
2026-04-23 07:46:59.100,3509416.4453,779160.3354,5250969.1099,,0.0221,0.0093,0.0182,0.030102159390980574,12,-0.04600000102072954,-0.005000000819563866,-0.024999994784593582,,0.312541197284454,0.13152186130069782,0.25668073554515153,0.42528225921145596
2026-04-23 07:46:59.200,3509416.442,779160.3346,5250969.109,,0.0221,0.0093,0.0181,0.03004180420680489,12,-0.056999996304512024,0.00699999975040555,-0.000999998301267624,,0.312541197284454,0.13152186130069782,0.2573868683519033,0.42570882067441357
2026-04-23 07:46:59.300,3509416.4396,779160.3361,5250969.1098,,0.0221,0.0093,0.0182,0.030102159390980574,12,-0.015999996103346348,0.0,0.000999998301267624,,0.312541197284454,0.13152186130069782,0.25668073554515153,0.42528225921145596
2026-04-23 07:46:59.400,3509416.4404,779160.3346,5250969.1091,,0.0221,0.0093,0.0182,0.030102159390980574,12,0.001999996602535248,-0.01500000013038516,-0.0279999990016222,,0.312541197284454,0.13152186130069782,0.2573868683519033,0.42570882067441357
2026-04-23 07:46:59.500,3509416.4398,779160.3346,5250969.107,,0.0221,0.0093,0.0182,0.030102159390980574,12,0.01999999862164259,0.006000000284984708,-0.036000004038214684,,0.312541197284454,0.13152186130069782,0.2573868683519033,0.42570882067441357
2026-04-23 07:46:59.600,3509416.4424,779160.3352,5250969.1055,,0.0221,0.0093,0.0182,0.030102159390980574,12,0.03500000108033419,0.011000001104548573,-0.022999998182058334,,0.312541197284454,0.13152186130069782,0.2573868683519033,0.42570882067441357
2026-04-23 07:46:59.700,3509416.4433,779160.3357,5250969.1047,,0.0221,0.0093,0.0182,0.030102159390980574,12,0.0059999991208314896,-0.004000000189989805,-0.016999999061226845,,0.312541197284454,0.13152186130069782,0.2573868683519033,0.42570882067441357
2026-04-23 07:46:59.800,3509416.443,779160.3348,5250969.1038,,0.0221,0.0093,0.0182,0.030102159390980574,12,-0.000999998301267624,-0.009000001009553671,-0.01600000075995922,,0.312541197284454,0.13152186130069782,0.25668073554515153,0.42528225921145596
2026-04-23 07:46:59.900,3509416.4432,779160.3348,5250969.1031,,0.0221,0.0093,0.0181,0.03004180420680489,12,0.004000002518296242,0.0020000000949949026,-0.0029999949038028717,,0.312541197284454,0.13152186130069782,0.25668073554515153,0.42528225921145596
2026-04-23 07:47:00.000,3509416.4434,779160.335,5250969.1035,,0.0221,0.0093,0.0181,0.03004180420680489,12,-0.0139999995008111,0.0,0.022999998182058334,,0.312541197284454,0.13152186130069782,0.2559726547895302,0.42485526947420577
2026-04-23 07:47:00.100,3509416.4418,779160.3348,5250969.1054,,0.0221,0.0093,0.0181,0.03004180420680489,12,-0.03200000151991844,-0.010999999940395355,0.04399999976158142,,0.312541197284454,0.13152186130069782,0.2559726547895302,0.42485526947420577
2026-04-23 07:47:00.200,3509416.4402,779160.3339,5250969.1079,,0.0221,0.0093,0.0181,0.03004180420680489,12,-0.020000003278255463,-0.023999999975785613,0.038999998942017555,,0.312541197284454,0.13152186130069782,0.2559726547895302,0.42485526947420577
2026-04-23 07:47:00.300,3509416.4398,779160.3324,5250969.1093,,0.0221,0.0093,0.0181,0.03004180420680489,12,0.009999996982514858,-0.03700000001117587,0.016999999061226845,,0.312541197284454,0.13152186130069782,0.2559726547895302,0.42485526947420577
2026-04-23 07:47:00.400,3509416.4412,779160.3302,5250969.1096,,0.0221,0.0093,0.0181,0.03004180420680489,12,0.03000000026077032,-0.018999999156221747,0.004000002518296242,,0.312541197284454,0.13152186130069782,0.25668073554515153,0.42528225921145596
2026-04-23 07:47:00.500,3509416.4428,779160.3305,5250969.1097,,0.0221,0.0093,0.0182,0.030102159390980574,12,0.011000004597008228,0.010000000474974513,0.0029999949038028717,,0.312541197284454,0.13152186130069782,0.25668073554515153,0.42528225921145596
2026-04-23 07:47:00.600,3509416.4423,779160.3312,5250969.1099,,0.0221,0.0093,0.0182,0.030102159390980574,12,-0.010999999940395355,0.02099999925121665,-0.005000000819563866,,0.312541197284454,0.13152186130069782,0.25668073554515153,0.42528225921145596
2026-04-23 07:47:00.700,3509416.4417,779160.3326,5250969.1092,,0.0221,0.0093,0.0181,0.03004180420680489,12,0.0059999991208314896,-0.004000000189989805,-0.023999996483325958,,0.312541197284454,0.13152186130069782,0.25668073554515153,0.42528225921145596
2026-04-23 07:47:00.800,3509416.4429,779160.3308,5250969.1075,,0.0221,0.0093,0.0181,0.03004180420680489,12,0.04000000189989805,-0.011999999405816197,-0.01799999736249447,,0.312541197284454,0.13152186130069782,0.2559726547895302,0.42485526947420577
2026-04-23 07:47:00.900,3509416.4457,779160.3314,5250969.1074,,0.0221,0.0093,0.0181,0.03004180420680489,12,0.014999997802078724,-0.0020000000949949026,-0.001999996602535248,,0.312541197284454,0.13152186130069782,0.2559726547895302,0.42485526947420577
2026-04-23 07:47:01.000,3509416.4444,779160.3306,5250969.1073,,0.0221,0.0093,0.0181,0.03004180420680489,12,-0.010999999940395355,-0.01600000075995922,-0.01600000075995922,,0.312541197284454,0.13152186130069782,0.2559726547895302,0.42485526947420577
2026-04-23 07:47:01.100,3509416.4446,779160.3298,5250969.1058,,0.0221,0.0093,0.0181,0.03004180420680489,12,0.01999999862164259,-0.0009999994654208422,-0.01300000585615635,,0.312541197284454,0.13152186130069782,0.2559726547895302,0.42485526947420577
2026-04-23 07:47:01.200,3509416.4464,779160.3305,5250969.106,,0.0221,0.0093,0.0181,0.03004180420680489,12,0.00800000037997961,0.020000000949949026,-0.000999998301267624,,0.312541197284454,0.13152186130069782,0.2559726547895302,0.42485526947420577
2026-04-23 07:47:01.300,3509416.4454,779160.3318,5250969.1057,,0.0221,0.0093,0.0181,0.03004180420680489,12,0.017000003717839718,0.009999999310821295,0.003000004217028618,,0.312541197284454,0.13152186130069782,0.2559726547895302,0.42485526947420577
2026-04-23 07:47:01.400,3509416.4481,779160.3315,5250969.1063,,0.0221,0.0093,0.0181,0.03004180420680489,12,0.01999999862164259,0.0,0.019999993965029716,,0.312541197284454,0.13152186130069782,0.2559726547895302,0.42485526947420577
2026-04-23 07:47:01.500,3509416.4474,779160.3318,5250969.1077,,0.0221,0.0093,0.0181,0.03004180420680489,12,-0.03000000026077032,0.012000000569969416,0.028999997302889824,,0.312541197284454,0.13152186130069782,0.2559726547895302,0.42485526947420577
2026-04-23 07:47:01.600,3509416.4451,779160.3327,5250969.1092,,0.0221,0.0093,0.0181,0.03004180420680489,12,-0.021000001579523087,0.015999999595806003,0.03200000151991844,,0.312541197284454,0.13152186130069782,0.2559726547895302,0.42485526947420577
2026-04-23 07:47:01.700,3509416.4453,779160.3334,5250969.1109,,0.0221,0.0093,0.0181,0.03004180420680489,12,-0.010000001639127731,0.004999999655410647,0.020000003278255463,,0.312541197284454,0.13152186130069782,0.2559726547895302,0.42485526947420577
2026-04-23 07:47:01.800,3509416.4441,779160.3332,5250969.1112,,0.0221,0.0093,0.0181,0.03004180420680489,12,-0.036999997682869434,0.004000000189989805,-0.001999996602535248,,0.312541197284454,0.13152186130069782,0.2559726547895302,0.42485526947420577
2026-04-23 07:47:01.900,3509416.4416,779160.3338,5250969.1107,,0.0221,0.0093,0.0181,0.03004180420680489,12,-0.032999999821186066,-0.0020000000949949026,0.0029999949038028717,,0.312541197284454,0.13152186130069782,0.2559726547895302,0.42485526947420577
2026-04-23 07:47:02.000,3509416.4408,779160.333,5250969.1115,,0.0221,0.0093,0.0181,0.03004180420680489,12,0.02599999774247408,-0.012000000569969416,0.01799999736249447,,0.312541197284454,0.13152186130069782,0.2559726547895302,0.42485526947420577
2026-04-23 07:47:02.100,3509416.4442,779160.3326,5250969.1125,,0.0221,0.0093,0.0181,0.03004180420680489,12,0.03200000151991844,0.0,0.0059999991208314896,,0.312541197284454,0.13152186130069782,0.2559726547895302,0.42485526947420577
2026-04-23 07:47:02.200,3509416.444,779160.333,5250969.1121,,0.0221,0.0093,0.0181,0.03004180420680489,12,-0.0059999991208314896,0.005000000819563866,-0.018999995663762093,,0.312541197284454,0.13152186130069782,0.2559726547895302,0.42485526947420577
2026-04-23 07:47:02.300,3509416.4436,779160.3331,5250969.1106,,0.0221,0.0093,0.0181,0.03004180420680489,12,0.0029999995604157448,-0.00800000037997961,-0.032999999821186066,,0.312541197284454,0.13152186130069782,0.2559726547895302,0.42485526947420577
2026-04-23 07:47:02.400,3509416.4443,779160.3322,5250969.1088,,0.0221,0.0093,0.0181,0.03004180420680489,12,0.032999999821186066,-0.010000000474974513,-0.0059999991208314896,,0.312541197284454,0.13152186130069782,0.2559726547895302,0.42485526947420577
2026-04-23 07:47:02.500,3509416.4469,779160.3321,5250969.11,,0.0221,0.0093,0.0181,0.03004180420680489,12,0.06399999838322401,-0.011999999405816197,0.008000005036592484,,0.312541197284454,0.13152186130069782,0.2559726547895302,0.42485526947420577
2026-04-23 07:47:02.600,3509416.4507,779160.331,5250969.1096,,0.0221,0.0093,0.0181,0.03004180420680489,12,0.03200000151991844,0.0,-0.012000007554888725,,0.312541197284454,0.13152186130069782,0.2559726547895302,0.42485526947420577
2026-04-23 07:47:02.700,3509416.4501,779160.3321,5250969.1088,,0.0221,0.0093,0.0181,0.03004180420680489,12,0.001000002957880497,0.0139999995008111,-0.028999997302889824,,0.312541197284454,0.13152186130069782,0.2559726547895302,0.42485526947420577
2026-04-23 07:47:02.800,3509416.4508,779160.3324,5250969.1067,,0.0221,0.0093,0.0181,0.03004180420680489,12,0.010999999940395355,0.0029999995604157448,-0.028999997302889824,,0.312541197284454,0.13152186130069782,0.2559726547895302,0.42485526947420577
2026-04-23 07:47:02.900,3509416.4512,779160.3324,5250969.1059,,0.0221,0.0093,0.0181,0.03004180420680489,12,0.032999999821186066,0.0010000006295740604,-0.01300000585615635,,0.312541197284454,0.13152186130069782,0.2559726547895302,0.42485526947420577
2026-04-23 07:47:03.000,3509416.4541,779160.3325,5250969.1054,,0.0221,0.0093,0.0181,0.03004180420680489,12,0.030999998562037945,0.0020000000949949026,0.004000002518296242,,0.312541197284454,0.13152186130069782,0.2559726547895302,0.42485526947420577
2026-04-23 07:47:03.100,3509416.4543,779160.3326,5250969.1063,,0.0221,0.0093,0.0181,0.03004180420680489,12,-0.00800000037997961,-0.004000000189989805,0.022999998182058334,,0.312541197284454,0.13152186130069782,0.2559726547895302,0.42485526947420577
2026-04-23 07:47:03.200,3509416.4533,779160.3321,5250969.1077,,0.0221,0.0093,0.0181,0.03004180420680489,12,-0.00800000037997961,-0.017999999690800905,0.01600000075995922,,0.312541197284454,0.13152186130069782,0.2559726547895302,0.42485526947420577
2026-04-23 07:47:03.300,3509416.4535,779160.3308,5250969.1079,,0.0221,0.0093,0.0181,0.03004180420680489,12,0.010999999940395355,-0.019000000320374966,-0.000999998301267624,,0.312541197284454,0.13152186130069782,0.2559726547895302,0.42485526947420577
2026-04-23 07:47:03.400,3509416.4544,779160.3302,5250969.1076,,0.0221,0.0093,0.0181,0.03004180420680489,12,-0.001999996602535248,0.0029999995604157448,0.0029999949038028717,,0.312541197284454,0.13152186130069782,0.2559726547895302,0.42485526947420577
2026-04-23 07:47:03.500,3509416.4533,779160.3311,5250969.1082,,0.0221,0.0093,0.0181,0.03004180420680489,12,0.000999998301267624,0.005000000819563866,0.0,,0.312541197284454,0.13152186130069782,0.2559726547895302,0.42485526947420577
2026-04-23 07:47:03.600,3509416.4545,779160.3307,5250969.1076,,0.0221,0.0093,0.0181,0.03004180420680489,12,0.022999998182058334,-0.007999999215826392,-0.018999995663762093,,0.312541197284454,0.13152186130069782,0.2559726547895302,0.42485526947420577
2026-04-23 07:47:03.700,3509416.4556,779160.3303,5250969.1063,,0.0221,0.0093,0.0181,0.03004180420680489,12,0.008999998681247234,0.003999999025836587,-0.016999999061226845,,0.312541197284454,0.13152186130069782,0.2559726547895302,0.42485526947420577
2026-04-23 07:47:03.800,3509416.4554,779160.3311,5250969.1059,,0.0221,0.0093,0.0181,0.03004180420680489,12,-0.00800000037997961,0.004000000189989805,-0.000999998301267624,,0.312541197284454,0.13152186130069782,0.2559726547895302,0.42485526947420577
2026-04-23 07:47:03.900,3509416.4548,779160.3307,5250969.1062,,0.0221,0.0093,0.0181,0.03004180420680489,12,-0.0029999995604157448,-0.0020000000949949026,0.01600000075995922,,0.312541197284454,0.13152186130069782,0.2559726547895302,0.42485526947420577
2026-04-23 07:47:04.000,3509416.4551,779160.3309,5250969.1075,,0.0221,0.0093,0.0181,0.03004180420680489,12,0.004000002518296242,-0.00800000037997961,0.000999998301267624,,0.312541197284454,0.13152186130069782,0.2559726547895302,0.42485526947420577
2026-04-23 07:47:04.100,3509416.4552,779160.3299,5250969.1063,,0.0221,0.0093,0.0181,0.03004180420680489,12,0.010999999940395355,-0.0139999995008111,-0.020000003278255463,,0.312541197284454,0.13152186130069782,0.2559726547895302,0.42485526947420577
2026-04-23 07:47:04.200,3509416.4562,779160.3295,5250969.1055,,0.0221,0.0093,0.0181,0.03004180420680489,12,0.04799999762326479,-0.010000000474974513,-0.0059999991208314896,,0.312541197284454,0.13152186130069782,0.2559726547895302,0.42485526947420577
2026-04-23 07:47:04.300,3509416.46,779160.3289,5250969.1057,,0.0221,0.0093,0.0181,0.03004180420680489,12,0.05400000140070915,-0.0009999994654208422,0.002000005915760994,,0.312541197284454,0.13152186130069782,0.2559726547895302,0.42485526947420577
2026-04-23 07:47:04.400,3509416.4616,779160.3294,5250969.1057,,0.0221,0.0093,0.0181,0.03004180420680489,12,0.019000000320374966,0.007000000914558768,0.0059999991208314896,,0.312541197284454,0.13152186130069782,0.2559726547895302,0.42485526947420577
2026-04-23 07:47:04.500,3509416.4619,779160.3296,5250969.1063,,0.0221,0.0093,0.0181,0.03004180420680489,12,-0.021000001579523087,-0.00800000037997961,0.008999994024634361,,0.312541197284454,0.13152186130069782,0.2559726547895302,0.42485526947420577
2026-04-23 07:47:04.600,3509416.4595,779160.3286,5250969.1066,,0.0221,0.0093,0.0181,0.03004180420680489,12,-0.014999997802078724,-0.012000000569969416,-0.003000004217028618,,0.312541197284454,0.13152186130069782,0.2559726547895302,0.42485526947420577
2026-04-23 07:47:04.700,3509416.4604,779160.3284,5250969.106,,0.0221,0.0093,0.0181,0.03004180420680489,12,0.004000002518296242,0.010000000474974513,-0.016999999061226845,,0.312541197284454,0.13152186130069782,0.2559726547895302,0.42485526947420577
2026-04-23 07:47:04.800,3509416.4599,779160.3296,5250969.1049,,0.0221,0.0093,0.0181,0.03004180420680489,12,-0.018000002019107342,0.006000000284984708,-0.013999994844198227,,0.312541197284454,0.13152186130069782,0.2559726547895302,0.42485526947420577
2026-04-23 07:47:04.900,3509416.4586,779160.329,5250969.1046,,0.0221,0.0093,0.0181,0.03004180420680489,12,-0.010999999940395355,0.0009999994654208422,0.020000003278255463,,0.312541197284454,0.13152186130069782,0.2559726547895302,0.42485526947420577
2026-04-23 07:47:05.000,3509416.4588,779160.3297,5250969.1069,,0.0221,0.0093,0.0181,0.03004180420680489,12,-0.002000001259148121,-0.019000000320374966,0.027000000700354576,,0.312541197284454,0.13152186130069782,0.2559726547895302,0.42485526947420577
2026-04-23 07:47:05.100,3509416.4584,779160.3271,5250969.1073,,0.0221,0.0093,0.0181,0.03004180420680489,12,-0.010999999940395355,-0.030999999726191163,0.015000002458691597,,0.312541197284454,0.13152186130069782,0.2559726547895302,0.42485526947420577
2026-04-23 07:47:05.200,3509416.4577,779160.3266,5250969.1084,,0.0221,0.0093,0.0181,0.03004180420680489,12,-0.014999997802078724,-0.0020000000949949026,0.0029999949038028717,,0.312541197284454,0.13152186130069782,0.2559726547895302,0.42485526947420577
2026-04-23 07:47:05.300,3509416.4569,779160.3269,5250969.1076,,0.0221,0.0093,0.0181,0.03004180420680489,12,-0.009000003337860107,0.008999999845400453,-0.009000003337860107,,0.312541197284454,0.13152186130069782,0.2559726547895302,0.42485526947420577
2026-04-23 07:47:05.400,3509416.4568,779160.3275,5250969.1075,,0.0221,0.0093,0.0181,0.03004180420680489,12,-0.0029999995604157448,0.006000000284984708,-0.007999995723366737,,0.312541197284454,0.13152186130069782,0.2559726547895302,0.42485526947420577
2026-04-23 07:47:05.500,3509416.4566,779160.3275,5250969.1068,,0.0221,0.0093,0.0181,0.03004180420680489,12,0.0070000020787119865,0.0,-0.0029999949038028717,,0.312541197284454,0.13152186130069782,0.2559726547895302,0.42485526947420577
2026-04-23 07:47:05.600,3509416.4575,779160.3275,5250969.1072,,0.0221,0.0093,0.0181,0.03004180420680489,12,0.005000000819563866,-0.00800000037997961,-0.0059999991208314896,,0.312541197284454,0.13152186130069782,0.2559726547895302,0.42485526947420577
2026-04-23 07:47:05.700,3509416.4571,779160.3267,5250969.1062,,0.0221,0.0093,0.0181,0.03004180420680489,12,-0.011999998241662979,0.0009999994654208422,-0.014000004157423973,,0.312541197284454,0.13152186130069782,0.2559726547895302,0.42485526947420577
2026-04-23 07:47:05.800,3509416.4563,779160.3276,5250969.1058,,0.0221,0.0093,0.0181,0.03004180420680489,12,-0.013000001199543476,0.019999999785795808,0.0,,0.312541197284454,0.13152186130069782,0.2559726547895302,0.42485526947420577
2026-04-23 07:47:05.900,3509416.4558,779160.3287,5250969.1062,,0.0221,0.0093,0.0181,0.03004180420680489,12,-0.027000000700354576,0.013000000035390258,0.004000002518296242,,0.312541197284454,0.13152186130069782,0.2559726547895302,0.42485526947420577
2026-04-23 07:47:06.000,3509416.4536,779160.3289,5250969.1062,,0.0221,0.0093,0.0181,0.03004180420680489,12,-0.04600000102072954,-0.00699999975040555,-0.00700000673532486,,0.312541197284454,0.13152186130069782,0.2559726547895302,0.42485526947420577
2026-04-23 07:47:06.100,3509416.4512,779160.328,5250969.1055,,0.0221,0.0093,0.0181,0.03004180420680489,12,-0.013000001199543476,-0.022999999346211553,-0.010000001639127731,,0.312541197284454,0.13152186130069782,0.2559726547895302,0.42485526947420577
2026-04-23 07:47:06.200,3509416.4523,779160.3266,5250969.1052,,0.0221,0.0093,0.0181,0.03004180420680489,12,0.01999999862164259,-0.010999999940395355,-0.0069999974220991135,,0.312541197284454,0.13152186130069782,0.2559726547895302,0.42485526947420577
2026-04-23 07:47:06.300,3509416.4532,779160.3269,5250969.1048,,0.0221,0.0093,0.0181,0.03004180420680489,12,-0.002000001259148121,0.006000000284984708,0.005000000819563866,,0.312541197284454,0.13152186130069782,0.2559726547895302,0.42485526947420577
2026-04-23 07:47:06.400,3509416.4521,779160.3272,5250969.1057,,0.0221,0.0093,0.0181,0.03004180420680489,12,0.0070000020787119865,0.00800000037997961,0.01799999736249447,,0.312541197284454,0.13152186130069782,0.2559726547895302,0.42485526947420577
2026-04-23 07:47:06.500,3509416.4539,779160.3277,5250969.1066,,0.0221,0.0093,0.0181,0.03004180420680489,12,0.024999999441206455,0.0059999991208314896,0.005000000819563866,,0.312541197284454,0.13152186130069782,0.2559726547895302,0.42485526947420577
2026-04-23 07:47:06.600,3509416.4546,779160.3278,5250969.1062,,0.0221,0.0093,0.0181,0.03004180420680489,12,0.00800000037997961,0.009999999310821295,-0.010999999940395355,,0.312541197284454,0.13152186130069782,0.2559726547895302,0.42485526947420577
2026-04-23 07:47:06.700,3509416.4547,779160.3287,5250969.1055,,0.0221,0.0093,0.0181,0.03004180420680489,12,-0.024999999441206455,0.00699999975040555,-0.010000001639127731,,0.312541197284454,0.13152186130069782,0.2559726547895302,0.42485526947420577
2026-04-23 07:47:06.800,3509416.4521,779160.3285,5250969.1052,,0.0221,0.0093,0.0181,0.03004180420680489,12,-0.031000003218650818,0.0,0.00100000761449337,,0.312541197284454,0.13152186130069782,0.2559726547895302,0.42485526947420577
2026-04-23 07:47:06.900,3509416.4516,779160.3287,5250969.1056,,0.0221,0.0093,0.0181,0.03004180420680489,12,0.0029999995604157448,-0.011999999405816197,-0.005000000819563866,,0.312541197284454,0.13152186130069782,0.2559726547895302,0.42485526947420577
2026-04-23 07:47:07.000,3509416.4524,779160.3273,5250969.1047,,0.0221,0.0093,0.0181,0.03004180420680489,12,-0.015999996103346348,-0.008999999845400453,-0.002000005915760994,,0.312541197284454,0.13152186130069782,0.2559726547895302,0.42485526947420577
2026-04-23 07:47:07.100,3509416.45,779160.3278,5250969.1054,,0.0221,0.0093,0.0181,0.03004180420680489,12,-0.03000000026077032,0.0029999995604157448,-0.005000000819563866,,0.312541197284454,0.13152186130069782,0.2559726547895302,0.42485526947420577
2026-04-23 07:47:07.200,3509416.4494,779160.3276,5250969.1042,,0.0221,0.0093,0.0181,0.03004180420680489,12,-0.00800000037997961,-0.0020000000949949026,-0.021000001579523087,,0.312541197284454,0.13152186130069782,0.2559726547895302,0.42485526947420577
2026-04-23 07:47:07.300,3509416.4492,779160.3276,5250969.1033,,0.0221,0.0093,0.0181,0.03004180420680489,12,-0.03599999938160181,-0.004999999655410647,-0.020000003278255463,,0.312541197284454,0.13152186130069782,0.2559726547895302,0.42485526947420577
2026-04-23 07:47:07.400,3509416.4458,779160.3271,5250969.1022,,0.0221,0.0093,0.0181,0.03004180420680489,12,-0.050000003539025784,-0.009999999310821295,-0.038999998942017555,,0.312541197284454,0.13152186130069782,0.2559726547895302,0.42485526947420577
2026-04-23 07:47:07.500,3509416.4442,779160.3266,5250969.0994,,0.0221,0.0093,0.0181,0.03004180420680489,12,-0.0059999991208314896,-0.008999999845400453,-0.032999999821186066,,0.312541197284454,0.13152186130069782,0.2559726547895302,0.42485526947420577
2026-04-23 07:47:07.600,3509416.4452,779160.3262,5250969.0989,,0.0221,0.0093,0.0181,0.03004180420680489,12,0.010000001639127731,-0.012000000569969416,-0.016999999061226845,,0.312541197284454,0.13152186130069782,0.2559726547895302,0.42485526947420577
2026-04-23 07:47:07.700,3509416.4452,779160.3254,5250969.0977,,0.0221,0.0093,0.0181,0.03004180420680489,12,-0.019000000320374966,-0.0029999995604157448,-0.019999993965029716,,0.312541197284454,0.13152186130069782,0.2559726547895302,0.42485526947420577
2026-04-23 07:47:07.800,3509416.4433,779160.3259,5250969.0969,,0.0221,0.0093,0.0181,0.03004180420680489,12,-0.02199999988079071,0.006000000284984708,-0.004000002518296242,,0.312541197284454,0.13152186130069782,0.2559726547895302,0.42485526947420577
2026-04-23 07:47:07.900,3509416.443,779160.326,5250969.0973,,0.0221,0.0093,0.0181,0.03004180420680489,12,-0.005000000819563866,0.0009999994654208422,0.0069999974220991135,,0.312541197284454,0.13152186130069782,0.2559726547895302,0.42485526947420577
2026-04-23 07:47:08.000,3509416.4428,779160.326,5250969.0976,,0.0221,0.0093,0.0181,0.03004180420680489,12,-0.013000001199543476,0.010999999940395355,0.018000006675720215,,0.312541197284454,0.13152186130069782,0.2559726547895302,0.42485526947420577
2026-04-23 07:47:08.100,3509416.4417,779160.3271,5250969.0991,,0.0221,0.0093,0.0181,0.03004180420680489,12,-0.011999998241662979,0.023999999975785613,0.016999999061226845,,0.312541197284454,0.13152186130069782,0.2559726547895302,0.42485526947420577
2026-04-23 07:47:08.200,3509416.4416,779160.3284,5250969.0993,,0.0221,0.0093,0.0181,0.03004180420680489,12,0.0,0.0020000000949949026,-0.005000000819563866,,0.312541197284454,0.13152186130069782,0.2559726547895302,0.42485526947420577
2026-04-23 07:47:08.300,3509416.4417,779160.3273,5250969.0986,,0.0221,0.0093,0.0181,0.03004180420680489,12,0.002000001259148121,-0.010000000474974513,-0.0069999974220991135,,0.312541197284454,0.13152186130069782,0.2559726547895302,0.42485526947420577
2026-04-23 07:47:08.400,3509416.4418,779160.3274,5250969.0986,,0.0221,0.0093,0.0181,0.03004180420680489,12,0.009000003337860107,0.004000000189989805,0.001999996602535248,,0.312541197284454,0.13152186130069782,0.2559726547895302,0.42485526947420577
2026-04-23 07:47:08.500,3509416.4426,779160.3277,5250969.0988,,0.0221,0.0093,0.0181,0.03004180420680489,12,0.011999998241662979,-0.0019999989308416843,0.005000000819563866,,0.312541197284454,0.13152186130069782,0.2559726547895302,0.42485526947420577
2026-04-23 07:47:08.600,3509416.443,779160.3272,5250969.0991,,0.0221,0.0093,0.0181,0.03004180420680489,12,0.01999999862164259,-0.006000000284984708,-0.0059999991208314896,,0.312541197284454,0.13152186130069782,0.2559726547895302,0.42485526947420577
2026-04-23 07:47:08.700,3509416.4446,779160.3271,5250969.0982,,0.0221,0.0093,0.0181,0.03004180420680489,12,-0.00800000037997961,-0.0010000006295740604,-0.021000001579523087,,0.312541197284454,0.13152186130069782,0.2559726547895302,0.42485526947420577
2026-04-23 07:47:08.800,3509416.4422,779160.3271,5250969.097,,0.0221,0.0093,0.0181,0.03004180420680489,12,-0.00800000037997961,-0.0009999994654208422,0.0,,0.312541197284454,0.13152186130069782,0.2559726547895302,0.42485526947420577
2026-04-23 07:47:08.900,3509416.4438,779160.327,5250969.0982,,0.0221,0.0093,0.0181,0.03004180420680489,12,0.029000001959502697,-0.004999999655410647,0.031000003218650818,,0.312541197284454,0.13152186130069782,0.2559726547895302,0.42485526947420577
2026-04-23 07:47:09.000,3509416.4451,779160.3266,5250969.1001,,0.0221,0.0093,0.0181,0.03004180420680489,12,0.024999999441206455,-0.00800000037997961,0.0279999990016222,,0.312541197284454,0.13152186130069782,0.2559726547895302,0.42485526947420577
2026-04-23 07:47:09.100,3509416.4463,779160.3262,5250969.101,,0.0221,0.0093,0.0181,0.03004180420680489,12,0.0059999991208314896,-0.010999999940395355,0.001999996602535248,,0.312541197284454,0.13152186130069782,0.2559726547895302,0.42485526947420577
2026-04-23 07:47:09.200,3509416.4457,779160.3255,5250969.1003,,0.0221,0.0093,0.0181,0.03004180420680489,12,-0.008999998681247234,0.0020000000949949026,-0.007999995723366737,,0.312541197284454,0.13152186130069782,0.2559726547895302,0.42485526947420577
2026-04-23 07:47:09.300,3509416.4454,779160.3264,5250969.1002,,0.0221,0.0093,0.0181,0.03004180420680489,12,0.0,0.009999999310821295,0.001999996602535248,,0.312541197284454,0.13152186130069782,0.2559726547895302,0.42485526947420577
2026-04-23 07:47:09.400,3509416.4457,779160.3265,5250969.1005,,0.0221,0.0093,0.0181,0.03004180420680489,12,0.010999999940395355,0.006000000284984708,0.007999995723366737,,0.312541197284454,0.13152186130069782,0.2559726547895302,0.42485526947420577
2026-04-23 07:47:09.500,3509416.4465,779160.327,5250969.101,,0.0221,0.0093,0.0181,0.03004180420680489,12,0.00800000037997961,-0.0009999994654208422,0.014000004157423973,,0.312541197284454,0.13152186130069782,0.2559726547895302,0.42485526947420577
2026-04-23 07:47:09.600,3509416.4465,779160.3264,5250969.1019,,0.0221,0.0093,0.0181,0.03004180420680489,12,-0.008999998681247234,-0.012000000569969416,0.005000000819563866,,0.312541197284454,0.13152186130069782,0.2559726547895302,0.42485526947420577
2026-04-23 07:47:09.700,3509416.4456,779160.3258,5250969.1015,,0.0221,0.0093,0.0181,0.03004180420680489,12,0.0279999990016222,-0.008999999845400453,-0.015000002458691597,,0.312541197284454,0.13152186130069782,0.2559726547895302,0.42485526947420577
2026-04-23 07:47:09.800,3509416.4493,779160.3255,5250969.1004,,0.0221,0.0093,0.0181,0.03004180420680489,12,0.041000000201165676,0.006000000284984708,-0.010999999940395355,,0.312541197284454,0.13152186130069782,0.2559726547895302,0.42485526947420577
2026-04-23 07:47:09.900,3509416.4497,779160.3264,5250969.1004,,0.0221,0.0093,0.0181,0.03004180420680489,12,0.002000001259148121,0.015999999595806003,0.01300000585615635,,0.312541197284454,0.13152186130069782,0.2559726547895302,0.42485526947420577
2026-04-23 07:47:10.000,3509416.4495,779160.3271,5250969.1017,,0.0221,0.0093,0.0181,0.03004180420680489,12,-0.005000000819563866,0.013000000035390258,0.0069999974220991135,,0.312541197284454,0.13152186130069782,0.2559726547895302,0.42485526947420577
2026-04-23 07:47:10.100,3509416.4492,779160.3277,5250969.1011,,0.0221,0.0093,0.0181,0.03004180420680489,12,0.0029999995604157448,-0.0020000000949949026,-0.011000009253621101,,0.312541197284454,0.13152186130069782,0.2559726547895302,0.42485526947420577
2026-04-23 07:47:10.200,3509416.4498,779160.3269,5250969.1006,,0.0221,0.0093,0.0181,0.03004180420680489,12,-0.0029999995604157448,0.0009999994654208422,0.004000002518296242,,0.312541197284454,0.13152186130069782,0.2559726547895302,0.42485526947420577
2026-04-23 07:47:10.300,3509416.4489,779160.3278,5250969.1015,,0.0221,0.0093,0.0181,0.03004180420680489,12,0.010000001639127731,-0.011999999405816197,0.005000000819563866,,0.312541197284454,0.13152186130069782,0.2559726547895302,0.42485526947420577
2026-04-23 07:47:10.400,3509416.4508,779160.3257,5250969.1011,,0.0221,0.0093,0.0181,0.03004180420680489,12,0.019000000320374966,-0.030999999726191163,-0.004000002518296242,,0.312541197284454,0.13152186130069782,0.2559726547895302,0.42485526947420577
2026-04-23 07:47:10.500,3509416.4508,779160.3247,5250969.1011,,0.0221,0.0093,0.0181,0.03004180420680489,12,-0.012000002898275852,-0.004000000189989805,0.00700000673532486,,0.312541197284454,0.13152186130069782,0.2559726547895302,0.42485526947420577
2026-04-23 07:47:10.600,3509416.4496,779160.3253,5250969.1018,,0.0221,0.0093,0.0181,0.03004180420680489,12,-0.04600000102072954,0.012000000569969416,0.005000000819563866,,0.312541197284454,0.13152186130069782,0.2559726547895302,0.42485526947420577
2026-04-23 07:47:10.700,3509416.4462,779160.3259,5250969.1016,,0.0221,0.0093,0.0181,0.03004180420680489,12,-0.044999998062849045,-0.003000000724568963,-0.0059999991208314896,,0.312541197284454,0.13152186130069782,0.2559726547895302,0.42485526947420577
2026-04-23 07:47:10.800,3509416.4451,779160.325,5250969.1012,,0.0221,0.0093,0.0181,0.03004180420680489,12,0.014999997802078724,-0.004000000189989805,-0.0059999991208314896,,0.312541197284454,0.13152186130069782,0.2559726547895302,0.42485526947420577
2026-04-23 07:47:10.900,3509416.4477,779160.3255,5250969.101,,0.0221,0.0093,0.0181,0.03004180420680489,12,0.03599999938160181,0.00800000037997961,-0.00700000673532486,,0.312541197284454,0.13152186130069782,0.2559726547895302,0.42485526947420577
2026-04-23 07:47:11.000,3509416.4487,779160.3258,5250969.1005,,0.0221,0.0093,0.0181,0.03004180420680489,12,0.002000001259148121,-0.003000000724568963,-0.011999998241662979,,0.312541197284454,0.13152186130069782,0.2559726547895302,0.42485526947420577
2026-04-23 07:47:11.100,3509416.4479,779160.3252,5250969.0998,,0.0221,0.0093,0.0181,0.03004180420680489,12,-0.018000002019107342,-0.004999999655410647,-0.01499999314546585,,0.312541197284454,0.13152186130069782,0.2559726547895302,0.42485526947420577
2026-04-23 07:47:11.200,3509416.4469,779160.3253,5250969.099,,0.0221,0.0093,0.0181,0.03004180420680489,12,0.008999998681247234,0.004000000189989805,-0.000999998301267624,,0.312541197284454,0.13152186130069782,0.2559726547895302,0.42485526947420577
2026-04-23 07:47:11.300,3509416.4488,779160.3256,5250969.0997,,0.0221,0.0093,0.0181,0.03004180420680489,12,0.026000002399086952,0.0009999994654208422,0.010999999940395355,,0.312541197284454,0.13152186130069782,0.2559726547895302,0.42485526947420577
2026-04-23 07:47:11.400,3509416.4495,779160.3254,5250969.1001,,0.0221,0.0093,0.0181,0.03004180420680489,12,-0.030999998562037945,0.00800000037997961,0.0059999991208314896,,0.312541197284454,0.13152186130069782,0.2559726547895302,0.42485526947420577
2026-04-23 07:47:11.500,3509416.4457,779160.3264,5250969.1003,,0.0221,0.0093,0.0181,0.03004180420680489,12,-0.04200000315904617,0.014000000664964318,-0.00100000761449337,,0.312541197284454,0.13152186130069782,0.2559726547895302,0.42485526947420577
2026-04-23 07:47:11.600,3509416.4453,779160.3268,5250969.1,,0.0221,0.0093,0.0181,0.03004180420680489,12,-0.010000001639127731,0.0,-0.000999998301267624,,0.312541197284454,0.13152186130069782,0.2559726547895302,0.42485526947420577
2026-04-23 07:47:11.700,3509416.4447,779160.3264,5250969.1002,,0.0221,0.0093,0.0181,0.03004180420680489,12,0.012000002898275852,-0.00800000037997961,0.0,,0.312541197284454,0.13152186130069782,0.2559726547895302,0.42485526947420577
2026-04-23 07:47:11.800,3509416.4465,779160.326,5250969.1,,0.0221,0.0093,0.0181,0.03004180420680489,12,0.04200000315904617,0.011999999405816197,0.007999995723366737,,0.312541197284454,0.13152186130069782,0.2559726547895302,0.42485526947420577
2026-04-23 07:47:11.900,3509416.4489,779160.3276,5250969.101,,0.0221,0.0093,0.0181,0.03004180420680489,12,0.027000000700354576,0.015999999595806003,0.02199999988079071,,0.312541197284454,0.13152186130069782,0.2559726547895302,0.42485526947420577
2026-04-23 07:47:12.000,3509416.4492,779160.3276,5250969.1022,,0.0221,0.0093,0.0181,0.03004180420680489,12,0.001999996602535248,0.00800000037997961,0.01600000075995922,,0.312541197284454,0.13152186130069782,0.2559726547895302,0.42485526947420577
2026-04-23 07:47:12.100,3509416.4491,779160.3284,5250969.1026,,0.0221,0.0093,0.0181,0.03004180420680489,12,0.0,-0.0029999995604157448,-0.0059999991208314896,,0.312541197284454,0.13152186130069782,0.2559726547895302,0.42485526947420577
2026-04-23 07:47:12.200,3509416.4492,779160.3273,5250969.1016,,0.0221,0.0093,0.0181,0.03004180420680489,12,0.004000002518296242,-0.008999999845400453,-0.000999998301267624,,0.312541197284454,0.13152186130069782,0.2559726547895302,0.42485526947420577
2026-04-23 07:47:12.300,3509416.4495,779160.3275,5250969.1025,,0.0221,0.0093,0.0181,0.03004180420680489,12,0.0069999974220991135,-0.004999999655410647,0.014000004157423973,,0.312541197284454,0.13152186130069782,0.2559726547895302,0.42485526947420577
2026-04-23 07:47:12.400,3509416.4499,779160.3268,5250969.103,,0.0221,0.0093,0.0181,0.03004180420680489,12,0.00800000037997961,-0.014000000664964318,0.004000002518296242,,0.312541197284454,0.13152186130069782,0.2559726547895302,0.42485526947420577
2026-04-23 07:47:12.500,3509416.4503,779160.3261,5250969.1029,,0.0221,0.0093,0.0181,0.03004180420680489,12,0.013000001199543476,-0.014000000664964318,-0.003000004217028618,,0.312541197284454,0.13152186130069782,0.2559726547895302,0.42485526947420577
2026-04-23 07:47:12.600,3509416.4512,779160.3254,5250969.1027,,0.0221,0.0093,0.0181,0.03004180420680489,12,0.012999996542930603,-0.003999999025836587,0.000999998301267624,,0.312541197284454,0.13152186130069782,0.2559726547895302,0.42485526947420577
2026-04-23 07:47:12.700,3509416.4516,779160.3257,5250969.103,,0.0221,0.0093,0.0181,0.03004180420680489,12,-0.003999997861683369,-0.009999999310821295,0.005000000819563866,,0.312541197284454,0.13152186130069782,0.2559726547895302,0.42485526947420577
2026-04-23 07:47:12.800,3509416.4508,779160.3244,5250969.1032,,0.0221,0.0093,0.0181,0.03004180420680489,12,0.002000001259148121,-0.003000000724568963,0.010000001639127731,,0.312541197284454,0.13152186130069782,0.2559726547895302,0.42485526947420577
2026-04-23 07:47:12.900,3509416.4518,779160.3254,5250969.104,,0.0221,0.0093,0.0181,0.03004180420680489,12,0.01999999862164259,0.018999999156221747,0.015000002458691597,,0.312541197284454,0.13152186130069782,0.2559726547895302,0.42485526947420577
2026-04-23 07:47:13.000,3509416.4528,779160.3263,5250969.1047,,0.0221,0.0093,0.0181,0.03004180420680489,12,0.008999998681247234,0.0020000000949949026,0.0029999949038028717,,0.312541197284454,0.13152186130069782,0.2559726547895302,0.42485526947420577
2026-04-23 07:47:13.100,3509416.4527,779160.3256,5250969.1043,,0.0221,0.0093,0.0181,0.03004180420680489,12,0.02599999774247408,-0.007999999215826392,0.012999996542930603,,0.312541197284454,0.13152186130069782,0.2559726547895302,0.42485526947420577
2026-04-23 07:47:13.200,3509416.4554,779160.3255,5250969.106,,0.0221,0.0093,0.0181,0.03004180420680489,12,0.041000000201165676,0.0010000006295740604,0.02199999988079071,,0.312541197284454,0.13152186130069782,0.2559726547895302,0.42485526947420577
2026-04-23 07:47:13.300,3509416.4568,779160.3257,5250969.1065,,0.0221,0.0093,0.0181,0.03004180420680489,12,0.03500000108033419,-0.0020000000949949026,0.002000005915760994,,0.312541197284454,0.13152186130069782,0.2559726547895302,0.42485526947420577
2026-04-23 07:47:13.400,3509416.4589,779160.3253,5250969.1062,,0.0221,0.0093,0.0181,0.03004180420680489,12,0.010999999940395355,-0.004000000189989805,-0.010999999940395355,,0.312541197284454,0.13152186130069782,0.2559726547895302,0.42485526947420577
2026-04-23 07:47:13.500,3509416.4579,779160.3253,5250969.1054,,0.0221,0.0093,0.0181,0.03004180420680489,12,-0.027000000700354576,-0.005000000819563866,-0.002000005915760994,,0.312541197284454,0.13152186130069782,0.2559726547895302,0.42485526947420577
2026-04-23 07:47:13.600,3509416.4562,779160.3248,5250969.106,,0.0221,0.0093,0.0181,0.03004180420680489,12,-0.03799999598413706,0.004000000189989805,0.005000000819563866,,0.312541197284454,0.13152186130069782,0.2559726547895302,0.42485526947420577
2026-04-23 07:47:13.700,3509416.4541,779160.3257,5250969.1059,,0.0221,0.0093,0.0181,0.03004180420680489,12,-0.00800000037997961,0.005000000819563866,-0.010999999940395355,,0.312541197284454,0.13152186130069782,0.2559726547895302,0.42485526947420577
2026-04-23 07:47:13.800,3509416.4554,779160.3253,5250969.1049,,0.0221,0.0093,0.0181,0.03004180420680489,12,0.004999996162950993,-0.005000000819563866,-0.013999994844198227,,0.312541197284454,0.13152186130069782,0.2559726547895302,0.42485526947420577
2026-04-23 07:47:13.900,3509416.4546,779160.3252,5250969.1045,,0.0221,0.0093,0.0181,0.03004180420680489,12,0.001000002957880497,-0.005000000819563866,0.008000005036592484,,0.312541197284454,0.13152186130069782,0.2559726547895302,0.42485526947420577
2026-04-23 07:47:14.000,3509416.4555,779160.3248,5250969.1057,,0.0221,0.0093,0.0181,0.03004180420680489,12,0.028000003658235073,0.005000000819563866,0.022999998182058334,,0.312541197284454,0.13152186130069782,0.2559726547895302,0.42485526947420577
2026-04-23 07:47:14.100,3509416.4574,779160.3257,5250969.1068,,0.0221,0.0093,0.0181,0.03004180420680489,12,0.02599999774247408,0.014000000664964318,0.012999996542930603,,0.312541197284454,0.13152186130069782,0.2559726547895302,0.42485526947420577
2026-04-23 07:47:14.200,3509416.4581,779160.3262,5250969.107,,0.0221,0.0093,0.0181,0.03004180420680489,12,0.041000000201165676,-0.013000000035390258,0.004000002518296242,,0.312541197284454,0.13152186130069782,0.2559726547895302,0.42485526947420577
2026-04-23 07:47:14.300,3509416.4615,779160.3244,5250969.1072,,0.0221,0.0093,0.0181,0.03004180420680489,12,0.021000001579523087,-0.008999999845400453,0.0059999991208314896,,0.312541197284454,0.13152186130069782,0.2559726547895302,0.42485526947420577
2026-04-23 07:47:14.400,3509416.4602,779160.3253,5250969.1076,,0.0221,0.0093,0.0181,0.03004180420680489,12,-0.010000001639127731,0.029999999096617103,0.007999995723366737,,0.312541197284454,0.13152186130069782,0.2559726547895302,0.42485526947420577
2026-04-23 07:47:14.500,3509416.4605,779160.3274,5250969.108,,0.0221,0.0093,0.0181,0.03004180420680489,12,0.013000001199543476,0.026000000070780516,-0.001999996602535248,,0.312541197284454,0.13152186130069782,0.2559726547895302,0.42485526947420577
2026-04-23 07:47:14.600,3509416.4615,779160.3279,5250969.1074,,0.0221,0.0093,0.0181,0.03004180420680489,12,-0.008999998681247234,-0.009999999310821295,-0.010999999940395355,,0.312541197284454,0.13152186130069782,0.2559726547895302,0.42485526947420577
2026-04-23 07:47:14.700,3509416.4596,779160.3264,5250969.1069,,0.0221,0.0093,0.0181,0.03004180420680489,12,-0.031000003218650818,-0.014000000664964318,-0.015000002458691597,,0.312541197284454,0.13152186130069782,0.2559726547895302,0.42485526947420577
2026-04-23 07:47:14.800,3509416.4584,779160.3265,5250969.1059,,0.0221,0.0093,0.0181,0.03004180420680489,12,-0.024999999441206455,0.00800000037997961,-0.0059999991208314896,,0.312541197284454,0.13152186130069782,0.2559726547895302,0.42485526947420577
2026-04-23 07:47:14.900,3509416.4571,779160.3272,5250969.1063,,0.0221,0.0093,0.0181,0.03004180420680489,12,-0.02199999988079071,0.005000000819563866,-0.007999995723366737,,0.312541197284454,0.13152186130069782,0.2559726547895302,0.42485526947420577
2026-04-23 07:47:15.000,3509416.4562,779160.327,5250969.1051,,0.0221,0.0093,0.0181,0.03004180420680489,12,-0.015000002458691597,-0.01500000013038516,-0.02500000409781933,,0.312541197284454,0.13152186130069782,0.2559726547895302,0.42485526947420577
2026-04-23 07:47:15.100,3509416.4556,779160.3257,5250969.1038,,0.0221,0.0093,0.0181,0.03004180420680489,12,-0.005000000819563866,-0.02100000041536987,-0.026000002399086952,,0.312541197284454,0.13152186130069782,0.2559726547895302,0.42485526947420577
2026-04-23 07:47:15.200,3509416.4557,779160.3249,5250969.1025,,0.0221,0.0093,0.0181,0.03004180420680489,12,-0.02199999988079071,0.0009999994654208422,-0.013999994844198227,,0.312541197284454,0.13152186130069782,0.2559726547895302,0.42485526947420577
2026-04-23 07:47:15.300,3509416.4534,779160.3258,5250969.1024,,0.0221,0.0093,0.0181,0.03004180420680489,12,-0.020999996922910213,-0.004000000189989805,0.0059999991208314896,,0.312541197284454,0.13152186130069782,0.2559726547895302,0.42485526947420577
2026-04-23 07:47:15.400,3509416.4536,779160.3245,5250969.1031,,0.0221,0.0093,0.0181,0.03004180420680489,12,0.000999998301267624,-0.02199999988079071,0.008999994024634361,,0.312541197284454,0.13152186130069782,0.2559726547895302,0.42485526947420577
2026-04-23 07:47:15.500,3509416.4535,779160.3236,5250969.1033,,0.0221,0.0093,0.0181,0.03004180420680489,12,-0.018000002019107342,0.010000000474974513,0.0069999974220991135,,0.312541197284454,0.13152186130069782,0.2559726547895302,0.42485526947420577
2026-04-23 07:47:15.600,3509416.4518,779160.3255,5250969.1038,,0.0221,0.0093,0.0181,0.03004180420680489,12,-0.03399999812245369,0.026999999536201358,0.021000001579523087,,0.312541197284454,0.13152186130069782,0.2559726547895302,0.42485526947420577
2026-04-23 07:47:15.700,3509416.4501,779160.3263,5250969.1054,,0.0221,0.0093,0.0181,0.03004180420680489,12,-0.019000000320374966,-0.004000000189989805,0.01900000497698784,,0.312541197284454,0.13152186130069782,0.2559726547895302,0.42485526947420577
2026-04-23 07:47:15.800,3509416.4499,779160.3251,5250969.1057,,0.0221,0.0093,0.0181,0.03004180420680489,12,0.0070000020787119865,-0.013000000035390258,0.010000001639127731,,0.312541197284454,0.13152186130069782,0.2559726547895302,0.42485526947420577
2026-04-23 07:47:15.900,3509416.4508,779160.325,5250969.1064,,0.0221,0.0093,0.0181,0.03004180420680489,12,0.018000002019107342,-0.008999999845400453,0.010000001639127731,,0.312541197284454,0.13152186130069782,0.2559726547895302,0.42485526947420577
2026-04-23 07:47:16.000,3509416.4517,779160.3242,5250969.1067,,0.0221,0.0093,0.0181,0.03004180420680489,12,-0.001000002957880497,-0.00699999975040555,0.001999996602535248,,0.312541197284454,0.13152186130069782,0.2559726547895302,0.42485526947420577
2026-04-23 07:47:16.100,3509416.4507,779160.3243,5250969.1066,,0.0221,0.0093,0.0181,0.03004180420680489,12,-0.01999999862164259,-0.0020000000949949026,0.0069999974220991135,,0.312541197284454,0.13152186130069782,0.2559726547895302,0.42485526947420577
2026-04-23 07:47:16.200,3509416.4497,779160.324,5250969.1074,,0.0221,0.0093,0.0181,0.03004180420680489,12,-0.00800000037997961,-0.008999999845400453,-0.013999994844198227,,0.312541197284454,0.13152186130069782,0.2559726547895302,0.42485526947420577
2026-04-23 07:47:16.300,3509416.4499,779160.3234,5250969.1052,,0.0221,0.0093,0.0181,0.03004180420680489,12,0.020999996922910213,-0.004999999655410647,-0.030000004917383194,,0.312541197284454,0.13152186130069782,0.2559726547895302,0.42485526947420577
2026-04-23 07:47:16.400,3509416.4518,779160.3235,5250969.1044,,0.0221,0.0093,0.0181,0.03004180420680489,12,0.013000001199543476,0.004999999655410647,-0.012999996542930603,,0.312541197284454,0.13152186130069782,0.2559726547895302,0.42485526947420577
2026-04-23 07:47:16.500,3509416.4512,779160.3239,5250969.1039,,0.0221,0.0093,0.0181,0.03004180420680489,12,-0.002000001259148121,-0.0020000000949949026,0.009000003337860107,,0.312541197284454,0.13152186130069782,0.2559726547895302,0.42485526947420577
2026-04-23 07:47:16.600,3509416.4516,779160.3233,5250969.1053,,0.0221,0.0093,0.0181,0.03004180420680489,12,0.0029999995604157448,-0.008999999845400453,0.010999999940395355,,0.312541197284454,0.13152186130069782,0.2559726547895302,0.42485526947420577
2026-04-23 07:47:16.700,3509416.4515,779160.323,5250969.105,,0.0221,0.0093,0.0181,0.03004180420680489,12,0.029000001959502697,0.004999999655410647,0.0,,0.312541197284454,0.13152186130069782,0.2559726547895302,0.42485526947420577
2026-04-23 07:47:16.800,3509416.4545,779160.3238,5250969.1053,,0.0221,0.0093,0.0181,0.03004180420680489,12,0.06899999920278788,0.0020000000949949026,0.011999998241662979,,0.312541197284454,0.13152186130069782,0.2559726547895302,0.42485526947420577
2026-04-23 07:47:16.900,3509416.4584,779160.3232,5250969.1062,,0.0221,0.0093,0.0181,0.03004180420680489,12,0.0559999980032444,0.017999999690800905,0.021000001579523087,,0.312541197284454,0.13152186130069782,0.2559726547895302,0.42485526947420577
2026-04-23 07:47:17.000,3509416.4601,779160.3256,5250969.1074,,0.0221,0.0093,0.0181,0.03004180420680489,12,0.04999999888241291,0.023999999975785613,0.013999994844198227,,0.312541197284454,0.13152186130069782,0.2559726547895302,0.42485526947420577
2026-04-23 07:47:17.100,3509416.4634,779160.3256,5250969.1076,,0.0221,0.0093,0.0181,0.03004180420680489,12,0.036000004038214684,-0.006000000284984708,0.007999995723366737,,0.312541197284454,0.13152186130069782,0.2559726547895302,0.42485526947420577
2026-04-23 07:47:17.200,3509416.4637,779160.325,5250969.1082,,0.0221,0.0093,0.0181,0.03004180420680489,12,-0.01799999736249447,-0.008999999845400453,0.0059999991208314896,,0.312541197284454,0.13152186130069782,0.2559726547895302,0.42485526947420577
2026-04-23 07:47:17.300,3509416.4616,779160.3247,5250969.1082,,0.0221,0.0093,0.0181,0.03004180420680489,12,-0.02400000113993883,-0.014999998966231942,-0.0069999974220991135,,0.312541197284454,0.13152186130069782,0.2559726547895302,0.42485526947420577
2026-04-23 07:47:17.400,3509416.4613,779160.3235,5250969.1075,,0.0221,0.0093,0.0181,0.03004180420680489,12,0.0139999995008111,-0.01500000013038516,-0.0059999991208314896,,0.312541197284454,0.13152186130069782,0.2559726547895302,0.42485526947420577
2026-04-23 07:47:17.500,3509416.463,779160.3232,5250969.1076,,0.0221,0.0093,0.0181,0.03004180420680489,12,0.003999997861683369,0.01299999887123704,0.01900000497698784,,0.312541197284454,0.13152186130069782,0.2559726547895302,0.42485526947420577
2026-04-23 07:47:17.600,3509416.4617,779160.3248,5250969.1094,,0.0221,0.0093,0.0181,0.03004180420680489,12,-0.022999998182058334,0.023999999975785613,0.03700000233948231,,0.312541197284454,0.13152186130069782,0.2559726547895302,0.42485526947420577
2026-04-23 07:47:17.700,3509416.4607,779160.3256,5250969.1113,,0.0221,0.0093,0.0181,0.03004180420680489,12,0.001000002957880497,0.007000000914558768,0.02199999988079071,,0.312541197284454,0.13152186130069782,0.2559726547895302,0.42485526947420577
2026-04-23 07:47:17.800,3509416.4618,779160.3255,5250969.1116,,0.0221,0.0093,0.0181,0.03004180420680489,12,0.010999999940395355,-0.00800000037997961,-0.010999999940395355,,0.312541197284454,0.13152186130069782,0.2559726547895302,0.42485526947420577
2026-04-23 07:47:17.900,3509416.4618,779160.3248,5250969.1102,,0.0221,0.0093,0.0181,0.03004180420680489,12,-0.027000000700354576,-0.02199999988079071,-0.028000008314847946,,0.312541197284454,0.13152186130069782,0.2559726547895302,0.42485526947420577
2026-04-23 07:47:18.000,3509416.4591,779160.3233,5250969.1088,,0.0221,0.0093,0.0181,0.03004180420680489,12,-0.03400000277906656,-0.016999999061226845,-0.02500000409781933,,0.312541197284454,0.13152186130069782,0.2559726547895302,0.42485526947420577
2026-04-23 07:47:18.100,3509416.4584,779160.3231,5250969.1077,,0.0221,0.0093,0.0181,0.03004180420680489,12,-0.01600000075995922,0.0009999994654208422,-0.01499999314546585,,0.312541197284454,0.13152186130069782,0.2559726547895302,0.42485526947420577
2026-04-23 07:47:18.200,3509416.4575,779160.3234,5250969.1073,,0.0221,0.0093,0.0181,0.03004180420680489,12,0.0059999991208314896,-0.006000000284984708,-0.003999993205070496,,0.312541197284454,0.13152186130069782,0.2559726547895302,0.42485526947420577
2026-04-23 07:47:18.300,3509416.459,779160.3225,5250969.1073,,0.0221,0.0093,0.0181,0.03004180420680489,12,0.03200000151991844,-0.01500000013038516,0.013999994844198227,,0.312541197284454,0.13152186130069782,0.2559726547895302,0.42485526947420577
2026-04-23 07:47:18.400,3509416.4607,779160.3219,5250969.1087,,0.0221,0.0093,0.0181,0.03004180420680489,12,0.005000000819563866,0.0020000000949949026,0.027000000700354576,,0.312541197284454,0.13152186130069782,0.2559726547895302,0.42485526947420577
2026-04-23 07:47:18.500,3509416.4595,779160.3227,5250969.11,,0.0221,0.0093,0.0181,0.03004180420680489,12,-0.028000003658235073,-0.0009999994654208422,0.015000002458691597,,0.312541197284454,0.13152186130069782,0.2559726547895302,0.42485526947420577
2026-04-23 07:47:18.600,3509416.4579,779160.3218,5250969.1102,,0.0221,0.0093,0.0181,0.03004180420680489,12,-0.022999998182058334,0.00699999975040555,-0.003000004217028618,,0.312541197284454,0.13152186130069782,0.2559726547895302,0.42485526947420577
2026-04-23 07:47:18.700,3509416.4572,779160.3234,5250969.1097,,0.0221,0.0093,0.0181,0.03004180420680489,12,0.010000001639127731,0.017999999690800905,-0.001999996602535248,,0.312541197284454,0.13152186130069782,0.2559726547895302,0.42485526947420577
2026-04-23 07:47:18.800,3509416.4589,779160.3236,5250969.11,,0.0221,0.0093,0.0181,0.03004180420680489,12,0.030999998562037945,-0.0009999994654208422,0.01900000497698784,,0.312541197284454,0.13152186130069782,0.2559726547895302,0.42485526947420577
2026-04-23 07:47:18.900,3509416.4603,779160.3233,5250969.1116,,0.0221,0.0093,0.0181,0.03004180420680489,12,0.01600000075995922,-0.006000000284984708,0.01600000075995922,,0.312541197284454,0.13152186130069782,0.2559726547895302,0.42485526947420577
2026-04-23 07:47:19.000,3509416.4605,779160.323,5250969.1116,,0.0221,0.0093,0.0181,0.03004180420680489,12,0.0059999991208314896,0.0029999995604157448,0.013999994844198227,,0.312541197284454,0.13152186130069782,0.2559726547895302,0.42485526947420577
2026-04-23 07:47:19.100,3509416.4609,779160.3236,5250969.113,,0.0221,0.0093,0.0181,0.03004180420680489,12,0.0059999991208314896,0.00699999975040555,0.013999994844198227,,0.312541197284454,0.13152186130069782,0.2559726547895302,0.42485526947420577
2026-04-23 07:47:19.200,3509416.4611,779160.3237,5250969.113,,0.0221,0.0093,0.0181,0.03004180420680489,12,0.018000002019107342,-0.0029999995604157448,-0.004000002518296242,,0.312541197284454,0.13152186130069782,0.2559726547895302,0.42485526947420577
2026-04-23 07:47:19.300,3509416.4627,779160.3233,5250969.1126,,0.0221,0.0093,0.0181,0.03004180420680489,12,0.021000001579523087,0.005000000819563866,-0.0059999991208314896,,0.312541197284454,0.13152186130069782,0.2559726547895302,0.42485526947420577
2026-04-23 07:47:19.400,3509416.4632,779160.3242,5250969.1124,,0.0221,0.0093,0.0181,0.03004180420680489,12,0.03399999812245369,0.013000000035390258,0.003000004217028618,,0.312541197284454,0.13152186130069782,0.2559726547895302,0.42485526947420577
2026-04-23 07:47:19.500,3509416.4661,779160.3246,5250969.1129,,0.0221,0.0093,0.0181,0.03004180420680489,12,0.03199999686330557,0.0020000000949949026,0.014000004157423973,,0.312541197284454,0.13152186130069782,0.2559726547895302,0.42485526947420577
2026-04-23 07:47:19.600,3509416.4664,779160.3244,5250969.1138,,0.0221,0.0093,0.0181,0.03004180420680489,12,0.021000001579523087,0.0,-0.000999998301267624,,0.312541197284454,0.13152186130069782,0.2559726547895302,0.42485526947420577
2026-04-23 07:47:19.700,3509416.4682,779160.3246,5250969.1128,,0.0221,0.0093,0.0181,0.03004180420680489,12,0.009000003337860107,0.003999999025836587,-0.01600000075995922,,0.312541197284454,0.13152186130069782,0.2559726547895302,0.42485526947420577
2026-04-23 07:47:19.800,3509416.4673,779160.3248,5250969.1122,,0.0221,0.0093,0.0181,0.03004180420680489,12,-0.019000000320374966,0.013000000035390258,0.000999998301267624,,0.312541197284454,0.13152186130069782,0.2559726547895302,0.42485526947420577
2026-04-23 07:47:19.900,3509416.4663,779160.3259,5250969.1129,,0.0221,0.0093,0.0181,0.03004180420680489,12,-0.010999999940395355,0.004000000189989805,0.008999994024634361,,0.312541197284454,0.13152186130069782,0.2559726547895302,0.42485526947420577
2026-04-23 07:47:20.000,3509416.4662,779160.3252,5250969.1131,,0.0221,0.0093,0.0181,0.03004180420680489,12,-0.011999998241662979,-0.003000000724568963,0.005000000819563866,,0.312541197284454,0.13152186130069782,0.2559726547895302,0.42485526947420577
2026-04-23 07:47:20.100,3509416.4651,779160.3256,5250969.1134,,0.0221,0.0093,0.0181,0.03004180420680489,12,-0.019000000320374966,-0.011999999405816197,0.01900000497698784,,0.312541197284454,0.13152186130069782,0.2559726547895302,0.42485526947420577
2026-04-23 07:47:20.200,3509416.4643,779160.324,5250969.115,,0.0221,0.0093,0.0181,0.03004180420680489,12,-0.028000003658235073,-0.0139999995008111,0.024999994784593582,,0.312541197284454,0.13152186130069782,0.2559726547895302,0.42485526947420577
2026-04-23 07:47:20.300,3509416.4623,779160.3242,5250969.1159,,0.0221,0.0093,0.0181,0.03004180420680489,12,-0.032999999821186066,0.004999999655410647,0.000999998301267624,,0.312541197284454,0.13152186130069782,0.2559726547895302,0.42485526947420577
2026-04-23 07:47:20.400,3509416.461,779160.3245,5250969.1151,,0.0221,0.0093,0.0181,0.03004180420680489,12,-0.011999998241662979,0.010999999940395355,0.012000007554888725,,0.312541197284454,0.13152186130069782,0.2559726547895302,0.42485526947420577
2026-04-23 07:47:20.500,3509416.4611,779160.3253,5250969.1171,,0.0221,0.0093,0.0181,0.03004180420680489,12,0.008999998681247234,0.01500000013038516,0.011999998241662979,,0.312541197284454,0.13152186130069782,0.2559726547895302,0.42485526947420577
2026-04-23 07:47:20.600,3509416.4619,779160.326,5250969.1163,,0.0221,0.0093,0.0181,0.03004180420680489,12,0.010000001639127731,0.0,-0.024000005796551704,,0.312541197284454,0.13152186130069782,0.2559726547895302,0.42485526947420577
2026-04-23 07:47:20.700,3509416.4621,779160.3253,5250969.1147,,0.0221,0.0093,0.0181,0.03004180420680489,12,0.014999997802078724,-0.010999999940395355,-0.010999999940395355,,0.312541197284454,0.13152186130069782,0.2559726547895302,0.42485526947420577
2026-04-23 07:47:20.800,3509416.4634,779160.3249,5250969.1152,,0.0221,0.0093,0.0181,0.03004180420680489,12,0.001999996602535248,-0.004000000189989805,0.0059999991208314896,,0.312541197284454,0.13152186130069782,0.2559726547895302,0.42485526947420577
2026-04-23 07:47:20.900,3509416.4623,779160.3249,5250969.1153,,0.0221,0.0093,0.0181,0.03004180420680489,12,0.003000004217028618,0.0020000000949949026,-0.001999996602535248,,0.312541197284454,0.13152186130069782,0.2559726547895302,0.42485526947420577
2026-04-23 07:47:21.000,3509416.4637,779160.3251,5250969.115,,0.0221,0.0093,0.0181,0.03004180420680489,12,0.00800000037997961,0.0,-0.0069999974220991135,,0.312541197284454,0.13152186130069782,0.2559726547895302,0.42485526947420577
2026-04-23 07:47:21.100,3509416.4631,779160.3249,5250969.1146,,0.0221,0.0093,0.0181,0.03004180420680489,12,-0.029000001959502697,0.0009999994654208422,0.000999998301267624,,0.312541197284454,0.13152186130069782,0.2559726547895302,0.42485526947420577
2026-04-23 07:47:21.200,3509416.4608,779160.3252,5250969.1151,,0.0221,0.0093,0.0181,0.03004180420680489,12,-0.016999999061226845,0.004999999655410647,0.010000001639127731,,0.312541197284454,0.13152186130069782,0.2559726547895302,0.42485526947420577
2026-04-23 07:47:21.300,3509416.4614,779160.3254,5250969.1156,,0.0221,0.0093,0.0181,0.03004180420680489,12,0.005000000819563866,0.0010000006295740604,0.007999995723366737,,0.312541197284454,0.13152186130069782,0.2559726547895302,0.42485526947420577
2026-04-23 07:47:21.400,3509416.4613,779160.3253,5250969.1159,,0.0221,0.0093,0.0181,0.03004180420680489,12,0.024999999441206455,0.006000000284984708,0.02199999988079071,,0.312541197284454,0.13152186130069782,0.2559726547895302,0.42485526947420577
2026-04-23 07:47:21.500,3509416.4639,779160.326,5250969.1178,,0.0221,0.0093,0.0181,0.03004180420680489,12,0.0279999990016222,-0.012000000569969416,0.0,,0.312541197284454,0.13152186130069782,0.2559726547895302,0.42485526947420577
2026-04-23 07:47:21.600,3509416.4641,779160.3241,5250969.1159,,0.0221,0.0093,0.0181,0.03004180420680489,12,-0.03399999812245369,-0.02199999988079071,-0.024000005796551704,,0.312541197284454,0.13152186130069782,0.2559726547895302,0.42485526947420577
2026-04-23 07:47:21.700,3509416.4605,779160.3238,5250969.1154,,0.0221,0.0093,0.0181,0.03004180420680489,12,-0.0419999985024333,-0.0029999995604157448,-0.0029999949038028717,,0.312541197284454,0.13152186130069782,0.2559726547895302,0.42485526947420577
2026-04-23 07:47:21.800,3509416.4599,779160.3238,5250969.1156,,0.0221,0.0093,0.0181,0.03004180420680489,12,0.02199999988079071,-0.004999999655410647,0.002000005915760994,,0.312541197284454,0.13152186130069782,0.2559726547895302,0.42485526947420577
2026-04-23 07:47:21.900,3509416.4627,779160.3233,5250969.1156,,0.0221,0.0093,0.0181,0.03004180420680489,12,0.019000000320374966,-0.008999999845400453,0.0069999974220991135,,0.312541197284454,0.13152186130069782,0.2559726547895302,0.42485526947420577
2026-04-23 07:47:22.000,3509416.4618,779160.3229,5250969.1163,,0.0221,0.0093,0.0181,0.03004180420680489,12,-0.00800000037997961,-0.003000000724568963,0.0069999974220991135,,0.312541197284454,0.13152186130069782,0.2559726547895302,0.42485526947420577
2026-04-23 07:47:22.100,3509416.4619,779160.323,5250969.1163,,0.0221,0.0093,0.0181,0.03004180420680489,12,-0.023000002838671207,0.004999999655410647,-0.007999995723366737,,0.312541197284454,0.13152186130069782,0.2559726547895302,0.42485526947420577
2026-04-23 07:47:22.200,3509416.4595,779160.3234,5250969.1155,,0.0221,0.0093,0.0181,0.03004180420680489,12,-0.008999998681247234,0.008999999845400453,-0.010000001639127731,,0.312541197284454,0.13152186130069782,0.2559726547895302,0.42485526947420577
2026-04-23 07:47:22.300,3509416.461,779160.3239,5250969.1153,,0.0221,0.0093,0.0181,0.03004180420680489,12,0.029000001959502697,-0.006000000284984708,-0.00700000673532486,,0.312541197284454,0.13152186130069782,0.2559726547895302,0.42485526947420577
2026-04-23 07:47:22.400,3509416.4624,779160.3228,5250969.1148,,0.0221,0.0093,0.0181,0.03004180420680489,12,0.02199999988079071,-0.01500000013038516,0.018000006675720215,,0.312541197284454,0.13152186130069782,0.2559726547895302,0.42485526947420577
2026-04-23 07:47:22.500,3509416.4632,779160.3224,5250969.1171,,0.0221,0.0093,0.0181,0.03004180420680489,12,0.02199999988079071,0.0020000000949949026,0.021000001579523087,,0.312541197284454,0.13152186130069782,0.2559726547895302,0.42485526947420577
2026-04-23 07:47:22.600,3509416.4646,779160.323,5250969.1169,,0.0221,0.0093,0.0181,0.03004180420680489,12,0.03800000064074993,0.003000000724568963,-0.01700000837445259,,0.312541197284454,0.13152186130069782,0.2559726547895302,0.42485526947420577
2026-04-23 07:47:22.700,3509416.467,779160.3227,5250969.1154,,0.0221,0.0093,0.0181,0.03004180420680489,12,0.0059999991208314896,0.00800000037997961,-0.0069999974220991135,,0.312541197284454,0.13152186130069782,0.2559726547895302,0.42485526947420577
2026-04-23 07:47:22.800,3509416.4652,779160.3238,5250969.1162,,0.0221,0.0093,0.0181,0.03004180420680489,12,-0.019000000320374966,0.010999999940395355,0.022000009194016457,,0.312541197284454,0.13152186130069782,0.2559726547895302,0.42485526947420577
2026-04-23 07:47:22.900,3509416.4651,779160.3238,5250969.1176,,0.0221,0.0093,0.0181,0.03004180420680489,12,-0.002000001259148121,-0.00699999975040555,0.02199999988079071,,0.312541197284454,0.13152186130069782,0.2559726547895302,0.42485526947420577
2026-04-23 07:47:23.000,3509416.465,779160.3231,5250969.1184,,0.0221,0.0093,0.0181,0.03004180420680489,12,0.000999998301267624,0.0020000000949949026,0.023999996483325958,,0.312541197284454,0.13152186130069782,0.2559726547895302,0.42485526947420577
2026-04-23 07:47:23.100,3509416.4652,779160.324,5250969.12,,0.0221,0.0093,0.0181,0.03004180420680489,12,0.00800000037997961,0.011999999405816197,0.018999995663762093,,0.312541197284454,0.13152186130069782,0.2559726547895302,0.42485526947420577
2026-04-23 07:47:23.200,3509416.4658,779160.3243,5250969.1203,,0.0221,0.0093,0.0181,0.03004180420680489,12,0.008999998681247234,0.0009999994654208422,-0.011999998241662979,,0.312541197284454,0.13152186130069782,0.2559726547895302,0.42485526947420577
2026-04-23 07:47:23.300,3509416.4661,779160.3241,5250969.1188,,0.0221,0.0093,0.0181,0.03004180420680489,12,0.027000000700354576,-0.013000000035390258,-0.024999994784593582,,0.312541197284454,0.13152186130069782,0.2559726547895302,0.42485526947420577
2026-04-23 07:47:23.400,3509416.4685,779160.323,5250969.1178,,0.0221,0.0093,0.0181,0.03004180420680489,12,0.018000002019107342,-0.0059999991208314896,-0.00700000673532486,,0.312541197284454,0.13152186130069782,0.2559726547895302,0.42485526947420577
2026-04-23 07:47:23.500,3509416.4679,779160.3235,5250969.1181,,0.0221,0.0093,0.0181,0.03004180420680489,12,-0.021000001579523087,-0.0009999994654208422,-0.004000002518296242,,0.312541197284454,0.13152186130069782,0.2559726547895302,0.42485526947420577
2026-04-23 07:47:23.600,3509416.4664,779160.3229,5250969.1174,,0.0221,0.0093,0.0181,0.03004180420680489,12,-0.019000000320374966,-0.00800000037997961,-0.007999995723366737,,0.312541197284454,0.13152186130069782,0.2559726547895302,0.42485526947420577
2026-04-23 07:47:23.700,3509416.466,779160.3227,5250969.1173,,0.0221,0.0093,0.0181,0.03004180420680489,12,0.013000001199543476,0.009999999310821295,0.004000002518296242,,0.312541197284454,0.13152186130069782,0.2559726547895302,0.42485526947420577
2026-04-23 07:47:23.800,3509416.4677,779160.3239,5250969.1178,,0.0221,0.0093,0.0181,0.03004180420680489,12,0.011999998241662979,0.008999999845400453,0.005000000819563866,,0.312541197284454,0.13152186130069782,0.2559726547895302,0.42485526947420577
2026-04-23 07:47:23.900,3509416.4672,779160.3236,5250969.1178,,0.0221,0.0093,0.0181,0.03004180420680489,12,0.004000002518296242,-0.009999999310821295,-0.004000002518296242,,0.312541197284454,0.13152186130069782,0.2559726547895302,0.42485526947420577
2026-04-23 07:47:24.000,3509416.4681,779160.3229,5250969.1174,,0.0221,0.0093,0.0181,0.03004180420680489,12,0.0070000020787119865,-0.00800000037997961,-0.011999998241662979,,0.312541197284454,0.13152186130069782,0.2559726547895302,0.42485526947420577
2026-04-23 07:47:24.100,3509416.4679,779160.3228,5250969.1166,,0.0221,0.0093,0.0181,0.03004180420680489,12,-0.0029999995604157448,0.0020000000949949026,-0.000999998301267624,,0.312541197284454,0.13152186130069782,0.2559726547895302,0.42485526947420577
2026-04-23 07:47:24.200,3509416.4678,779160.3231,5250969.1173,,0.0221,0.0093,0.0181,0.03004180420680489,12,-0.0059999991208314896,0.010999999940395355,0.010000001639127731,,0.312541197284454,0.13152186130069782,0.2559726547895302,0.42485526947420577
2026-04-23 07:47:24.300,3509416.4673,779160.3239,5250969.1176,,0.0221,0.0093,0.0181,0.03004180420680489,12,0.007999995723366737,0.017999999690800905,-0.008000005036592484,,0.312541197284454,0.13152186130069782,0.2559726547895302,0.42485526947420577
2026-04-23 07:47:24.400,3509416.4686,779160.3249,5250969.1165,,0.0221,0.0093,0.0181,0.03004180420680489,12,0.016999999061226845,0.004000000189989805,-0.036000004038214684,,0.312541197284454,0.13152186130069782,0.2559726547895302,0.42485526947420577
2026-04-23 07:47:24.500,3509416.469,779160.3243,5250969.114,,0.0221,0.0093,0.0181,0.03004180420680489,12,-0.0069999974220991135,-0.030999999726191163,-0.04399999976158142,,0.312541197284454,0.13152186130069782,0.2559726547895302,0.42485526947420577
2026-04-23 07:47:24.600,3509416.4679,779160.3218,5250969.1121,,0.0221,0.0093,0.0181,0.03004180420680489,12,-0.0139999995008111,-0.032999999821186066,-0.005000000819563866,,0.312541197284454,0.13152186130069782,0.2559726547895302,0.42485526947420577
2026-04-23 07:47:24.700,3509416.4676,779160.321,5250969.1135,,0.0221,0.0093,0.0181,0.03004180420680489,12,0.0059999991208314896,0.004000000189989805,0.014000004157423973,,0.312541197284454,0.13152186130069782,0.2559726547895302,0.42485526947420577
2026-04-23 07:47:24.800,3509416.4685,779160.3222,5250969.1135,,0.0221,0.0093,0.0181,0.03004180420680489,12,0.0279999990016222,0.0,-0.0069999974220991135,,0.312541197284454,0.13152186130069782,0.2559726547895302,0.42485526947420577
2026-04-23 07:47:24.900,3509416.4704,779160.321,5250969.1128,,0.0221,0.0093,0.0181,0.03004180420680489,12,0.013000001199543476,-0.01500000013038516,-0.005000000819563866,,0.312541197284454,0.13152186130069782,0.2559726547895302,0.42485526947420577
2026-04-23 07:47:25.000,3509416.4698,779160.3207,5250969.113,,0.0221,0.0093,0.0181,0.03004180420680489,12,-0.04399999976158142,-0.010000000474974513,-0.000999998301267624,,0.312541197284454,0.13152186130069782,0.2559726547895302,0.42485526947420577
2026-04-23 07:47:25.100,3509416.466,779160.32,5250969.1127,,0.0221,0.0093,0.0181,0.03004180420680489,12,-0.05400000140070915,0.0029999995604157448,0.0069999974220991135,,0.312541197284454,0.13152186130069782,0.2559726547895302,0.42485526947420577
2026-04-23 07:47:25.200,3509416.4644,779160.321,5250969.1137,,0.0221,0.0093,0.0181,0.03004180420680489,12,0.02599999774247408,0.012000000569969416,0.008999994024634361,,0.312541197284454,0.13152186130069782,0.2559726547895302,0.42485526947420577
2026-04-23 07:47:25.300,3509416.4686,779160.3212,5250969.1136,,0.0221,0.0093,0.0181,0.03004180420680489,12,0.04399999976158142,0.0020000000949949026,-0.01499999314546585,,0.312541197284454,0.13152186130069782,0.2559726547895302,0.42485526947420577
2026-04-23 07:47:25.400,3509416.4688,779160.3212,5250969.1122,,0.0221,0.0093,0.0181,0.03004180420680489,12,0.0,0.0,-0.021000001579523087,,0.312541197284454,0.13152186130069782,0.2559726547895302,0.42485526947420577
2026-04-23 07:47:25.500,3509416.4686,779160.3212,5250969.1115,,0.0221,0.0093,0.0181,0.03004180420680489,12,0.001000002957880497,0.006000000284984708,-0.01300000585615635,,0.312541197284454,0.13152186130069782,0.2559726547895302,0.42485526947420577
2026-04-23 07:47:25.600,3509416.4689,779160.3218,5250969.1109,,0.0221,0.0093,0.0181,0.03004180420680489,12,0.010999999940395355,-0.01500000013038516,-0.031999992206692696,,0.312541197284454,0.13152186130069782,0.2559726547895302,0.42485526947420577
2026-04-23 07:47:25.700,3509416.4697,779160.3197,5250969.1083,,0.0221,0.0093,0.0181,0.03004180420680489,12,0.0279999990016222,-0.027000000700354576,-0.03399999812245369,,0.312541197284454,0.13152186130069782,0.2559726547895302,0.42485526947420577
2026-04-23 07:47:25.800,3509416.4717,779160.3191,5250969.1075,,0.0221,0.0093,0.0181,0.03004180420680489,12,0.021000001579523087,0.004999999655410647,-0.01600000075995922,,0.312541197284454,0.13152186130069782,0.2559726547895302,0.42485526947420577
2026-04-23 07:47:25.900,3509416.4718,779160.3202,5250969.1067,,0.0221,0.0093,0.0181,0.03004180420680489,12,-0.004000002518296242,0.027000000700354576,0.005000000819563866,,0.312541197284454,0.13152186130069782,0.2559726547895302,0.42485526947420577
2026-04-23 07:47:26.000,3509416.4713,779160.3218,5250969.108,,0.0221,0.0093,0.0181,0.03004180420680489,12,0.004000002518296242,0.018000000854954123,0.01499999314546585,,0.312541197284454,0.13152186130069782,0.2559726547895302,0.42485526947420577
2026-04-23 07:47:26.100,3509416.4722,779160.322,5250969.1082,,0.0221,0.0093,0.0181,0.03004180420680489,12,0.0070000020787119865,-0.005000000819563866,-0.0059999991208314896,,0.312541197284454,0.13152186130069782,0.2559726547895302,0.42485526947420577
2026-04-23 07:47:26.200,3509416.472,779160.3213,5250969.1074,,0.0221,0.0093,0.0181,0.03004180420680489,12,-0.012000002898275852,-0.009000001009553671,-0.018999995663762093,,0.312541197284454,0.13152186130069782,0.2559726547895302,0.42485526947420577
2026-04-23 07:47:26.300,3509416.471,779160.3211,5250969.1063,,0.0221,0.0093,0.0181,0.03004180420680489,12,-0.0430000014603138,-0.024999999441206455,-0.01600000075995922,,0.312541197284454,0.13152186130069782,0.2559726547895302,0.42485526947420577
2026-04-23 07:47:26.400,3509416.4677,779160.3188,5250969.1058,,0.0221,0.0093,0.0181,0.03004180420680489,12,-0.0559999980032444,-0.022999999346211553,-0.0069999974220991135,,0.312541197284454,0.13152186130069782,0.2559726547895302,0.42485526947420577
2026-04-23 07:47:26.500,3509416.4654,779160.3188,5250969.1056,,0.0221,0.0093,0.0181,0.03004180420680489,12,-0.058999997563660145,0.0009999994654208422,-0.0059999991208314896,,0.312541197284454,0.13152186130069782,0.2559726547895302,0.42485526947420577
2026-04-23 07:47:26.600,3509416.4618,779160.3189,5250969.1052,,0.0221,0.0093,0.0181,0.03004180420680489,12,-0.038999998942017555,0.004999999655410647,-0.012000007554888725,,0.312541197284454,0.13152186130069782,0.2559726547895302,0.42485526947420577
2026-04-23 07:47:26.700,3509416.4615,779160.3193,5250969.1044,,0.0221,0.0093,0.0181,0.03004180420680489,12,-0.004000002518296242,-0.0029999995604157448,-0.004000002518296242,,0.312541197284454,0.13152186130069782,0.2559726547895302,0.42485526947420577
2026-04-23 07:47:26.800,3509416.4614,779160.3186,5250969.1048,,0.0221,0.0093,0.0181,0.03004180420680489,12,-0.01600000075995922,-0.0139999995008111,-0.0049999915063381195,,0.312541197284454,0.13152186130069782,0.2559726547895302,0.42485526947420577
2026-04-23 07:47:26.900,3509416.4599,779160.3179,5250969.1039,,0.0221,0.0093,0.0181,0.03004180420680489,12,-0.027000000700354576,-0.00699999975040555,-0.010000001639127731,,0.312541197284454,0.13152186130069782,0.2559726547895302,0.42485526947420577
2026-04-23 07:47:27.000,3509416.4587,779160.3179,5250969.1038,,0.0221,0.0093,0.0181,0.03004180420680489,12,-0.029000001959502697,0.0,-0.004000002518296242,,0.312541197284454,0.13152186130069782,0.2559726547895302,0.42485526947420577
2026-04-23 07:47:27.100,3509416.457,779160.3179,5250969.1035,,0.0221,0.0093,0.0181,0.03004180420680489,12,-0.014999997802078724,0.0139999995008111,-0.003999993205070496,,0.312541197284454,0.13152186130069782,0.2559726547895302,0.42485526947420577
2026-04-23 07:47:27.200,3509416.4572,779160.3193,5250969.1034,,0.0221,0.0093,0.0181,0.03004180420680489,12,0.013000001199543476,0.007999999215826392,-0.003000004217028618,,0.312541197284454,0.13152186130069782,0.2559726547895302,0.42485526947420577
2026-04-23 07:47:27.300,3509416.4583,779160.3187,5250969.1032,,0.0221,0.0093,0.0181,0.03004180420680489,12,0.016999999061226845,-0.009999999310821295,-0.00100000761449337,,0.312541197284454,0.13152186130069782,0.2559726547895302,0.42485526947420577
2026-04-23 07:47:27.400,3509416.4589,779160.3183,5250969.1033,,0.0221,0.0093,0.0181,0.03004180420680489,12,-0.018000002019107342,0.007000000914558768,0.005000000819563866,,0.312541197284454,0.13152186130069782,0.2559726547895302,0.42485526947420577
2026-04-23 07:47:27.500,3509416.4565,779160.3194,5250969.1037,,0.0221,0.0093,0.0181,0.03004180420680489,12,-0.016999999061226845,0.026000000070780516,0.0,,0.312541197284454,0.13152186130069782,0.2559726547895302,0.42485526947420577
2026-04-23 07:47:27.600,3509416.4572,779160.3209,5250969.1033,,0.0221,0.0093,0.0181,0.03004180420680489,12,0.015000002458691597,0.008999999845400453,-0.004000002518296242,,0.312541197284454,0.13152186130069782,0.2559726547895302,0.42485526947420577
2026-04-23 07:47:27.700,3509416.458,779160.3203,5250969.1033,,0.0221,0.0093,0.0181,0.03004180420680489,12,0.027000000700354576,-0.0010000006295740604,-0.0029999949038028717,,0.312541197284454,0.13152186130069782,0.2559726547895302,0.42485526947420577
2026-04-23 07:47:27.800,3509416.4599,779160.3208,5250969.103,,0.0221,0.0093,0.0181,0.03004180420680489,12,0.044999998062849045,0.0009999994654208422,-0.000999998301267624,,0.312541197284454,0.13152186130069782,0.2559726547895302,0.42485526947420577
2026-04-23 07:47:27.900,3509416.4625,779160.3204,5250969.1032,,0.0221,0.0093,0.0181,0.03004180420680489,12,0.028999997302889824,-0.004999999655410647,-0.004000002518296242,,0.312541197284454,0.13152186130069782,0.2559726547895302,0.42485526947420577
2026-04-23 07:47:28.000,3509416.4628,779160.3203,5250969.1026,,0.0221,0.0093,0.0181,0.03004180420680489,12,0.01999999862164259,0.0010000006295740604,-0.007999995723366737,,0.312541197284454,0.13152186130069782,0.2559726547895302,0.42485526947420577
2026-04-23 07:47:28.100,3509416.4645,779160.3205,5250969.1024,,0.0221,0.0093,0.0181,0.03004180420680489,12,-0.001999996602535248,-0.004999999655410647,-0.0029999949038028717,,0.312541197284454,0.13152186130069782,0.2559726547895302,0.42485526947420577
2026-04-23 07:47:28.200,3509416.4626,779160.3198,5250969.1023,,0.0221,0.0093,0.0181,0.03004180420680489,12,-0.016999999061226845,-0.003000000724568963,-0.011999998241662979,,0.312541197284454,0.13152186130069782,0.2559726547895302,0.42485526947420577
2026-04-23 07:47:28.300,3509416.4628,779160.3202,5250969.1012,,0.0221,0.0093,0.0181,0.03004180420680489,12,0.012999996542930603,0.0009999994654208422,-0.009000003337860107,,0.312541197284454,0.13152186130069782,0.2559726547895302,0.42485526947420577
2026-04-23 07:47:28.400,3509416.4639,779160.3199,5250969.1014,,0.0221,0.0093,0.0181,0.03004180420680489,12,0.020000003278255463,-0.0059999991208314896,0.01499999314546585,,0.312541197284454,0.13152186130069782,0.2559726547895302,0.42485526947420577
2026-04-23 07:47:28.500,3509416.4648,779160.3196,5250969.1027,,0.0221,0.0093,0.0181,0.03004180420680489,12,0.0139999995008111,-0.010000000474974513,0.015000002458691597,,0.312541197284454,0.13152186130069782,0.2559726547895302,0.42485526947420577
2026-04-23 07:47:28.600,3509416.4653,779160.3189,5250969.1029,,0.0221,0.0093,0.0181,0.03004180420680489,12,0.026999996043741703,-0.0010000006295740604,0.00100000761449337,,0.312541197284454,0.13152186130069782,0.2559726547895302,0.42485526947420577
2026-04-23 07:47:28.700,3509416.4675,779160.3195,5250969.1028,,0.0221,0.0093,0.0181,0.03004180420680489,12,0.0430000014603138,0.004000000189989805,0.0069999974220991135,,0.312541197284454,0.13152186130069782,0.2559726547895302,0.42485526947420577
2026-04-23 07:47:28.800,3509416.4696,779160.3193,5250969.1036,,0.0221,0.0093,0.0181,0.03004180420680489,12,0.021000001579523087,-0.004999999655410647,0.011999998241662979,,0.312541197284454,0.13152186130069782,0.2559726547895302,0.42485526947420577
2026-04-23 07:47:28.900,3509416.4696,779160.319,5250969.104,,0.0221,0.0093,0.0181,0.03004180420680489,12,0.013000001199543476,-0.006000000284984708,0.001999996602535248,,0.312541197284454,0.13152186130069782,0.2559726547895302,0.42485526947420577
2026-04-23 07:47:29.000,3509416.4709,779160.3187,5250969.1038,,0.0221,0.0093,0.0181,0.03004180420680489,12,0.021000001579523087,0.0020000000949949026,0.0029999949038028717,,0.312541197284454,0.13152186130069782,0.2559726547895302,0.42485526947420577
2026-04-23 07:47:29.100,3509416.4717,779160.3192,5250969.1043,,0.0221,0.0093,0.0181,0.03004180420680489,12,0.0139999995008111,0.004000000189989805,0.00700000673532486,,0.312541197284454,0.13152186130069782,0.2559726547895302,0.42485526947420577
2026-04-23 07:47:29.200,3509416.4723,779160.3191,5250969.1045,,0.0221,0.0093,0.0181,0.03004180420680489,12,0.005000000819563866,-0.006000000284984708,-0.012999996542930603,,0.312541197284454,0.13152186130069782,0.2559726547895302,0.42485526947420577
2026-04-23 07:47:29.300,3509416.4722,779160.3186,5250969.103,,0.0221,0.0093,0.0181,0.03004180420680489,12,0.024999999441206455,-0.013000000035390258,-0.018000006675720215,,0.312541197284454,0.13152186130069782,0.2559726547895302,0.42485526947420577
2026-04-23 07:47:29.400,3509416.4748,779160.3178,5250969.1027,,0.0221,0.0093,0.0181,0.03004180420680489,12,0.046999999321997166,-0.0139999995008111,-0.011999998241662979,,0.312541197284454,0.13152186130069782,0.2559726547895302,0.42485526947420577
2026-04-23 07:47:29.500,3509416.4769,779160.3172,5250969.1018,,0.0221,0.0093,0.0181,0.03004180420680489,12,0.0059999991208314896,-0.0029999995604157448,-0.010999999940395355,,0.312541197284454,0.13152186130069782,0.2559726547895302,0.42485526947420577
2026-04-23 07:47:29.600,3509416.4754,779160.3175,5250969.1016,,0.0221,0.0093,0.0181,0.03004180420680489,12,-0.023000002838671207,-0.010000000474974513,-0.012000007554888725,,0.312541197284454,0.13152186130069782,0.2559726547895302,0.42485526947420577
2026-04-23 07:47:29.700,3509416.4746,779160.3162,5250969.1006,,0.0221,0.0093,0.0181,0.03004180420680489,12,-0.005000000819563866,-0.013000000035390258,-0.011999998241662979,,0.312541197284454,0.13152186130069782,0.2559726547895302,0.42485526947420577
2026-04-23 07:47:29.800,3509416.4749,779160.3162,5250969.1004,,0.0221,0.0093,0.0181,0.03004180420680489,12,0.023000002838671207,-0.004000000189989805,-0.008999994024634361,,0.312541197284454,0.13152186130069782,0.2559726547895302,0.42485526947420577
2026-04-23 07:47:29.900,3509416.4769,779160.3158,5250969.0997,,0.0221,0.0093,0.0181,0.03004180420680489,12,0.021000001579523087,-0.004999999655410647,-0.007999995723366737,,0.312541197284454,0.13152186130069782,0.2559726547895302,0.42485526947420577
2026-04-23 07:47:30.000,3509416.477,779160.3157,5250969.0996,,0.0221,0.0093,0.0181,0.03004180420680489,12,-0.012000002898275852,0.00699999975040555,0.020000003278255463,,0.312541197284454,0.13152186130069782,0.2559726547895302,0.42485526947420577
2026-04-23 07:47:30.100,3509416.4757,779160.3165,5250969.1017,,0.0221,0.0093,0.0181,0.03004180420680489,12,-0.000999998301267624,0.02099999925121665,0.023999996483325958,,0.312541197284454,0.13152186130069782,0.2559726547895302,0.42485526947420577
2026-04-23 07:47:30.200,3509416.4769,779160.3178,5250969.102,,0.0221,0.0093,0.0181,0.03004180420680489,12,0.02199999988079071,0.01500000013038516,0.009999992325901985,,0.312541197284454,0.13152186130069782,0.2559726547895302,0.42485526947420577
2026-04-23 07:47:30.300,3509416.4779,779160.318,5250969.1027,,0.0221,0.0093,0.0181,0.03004180420680489,12,0.008999998681247234,-0.0009999994654208422,0.01799999736249447,,0.312541197284454,0.13152186130069782,0.2559726547895302,0.42485526947420577
2026-04-23 07:47:30.400,3509416.4778,779160.3177,5250969.1038,,0.0221,0.0093,0.0181,0.03004180420680489,12,-0.02599999774247408,0.006000000284984708,0.026000002399086952,,0.312541197284454,0.13152186130069782,0.2559726547895302,0.42485526947420577
2026-04-23 07:47:30.500,3509416.4753,779160.3186,5250969.1053,,0.0221,0.0093,0.0181,0.03004180420680489,12,-0.04900000058114529,0.0009999994654208422,0.01600000075995922,,0.312541197284454,0.13152186130069782,0.2559726547895302,0.42485526947420577
2026-04-23 07:47:30.600,3509416.4729,779160.3178,5250969.1054,,0.0221,0.0093,0.0181,0.03004180420680489,12,-0.01999999862164259,-0.008999999845400453,-0.001999996602535248,,0.312541197284454,0.13152186130069782,0.2559726547895302,0.42485526947420577
2026-04-23 07:47:30.700,3509416.4733,779160.3177,5250969.1051,,0.0221,0.0093,0.0181,0.03004180420680489,12,0.019000000320374966,0.0010000006295740604,-0.000999998301267624,,0.312541197284454,0.13152186130069782,0.2559726547895302,0.42485526947420577
2026-04-23 07:47:30.800,3509416.4748,779160.3179,5250969.1053,,0.0221,0.0093,0.0181,0.03004180420680489,12,0.014999997802078724,0.0029999995604157448,0.0069999974220991135,,0.312541197284454,0.13152186130069782,0.2559726547895302,0.42485526947420577
2026-04-23 07:47:30.900,3509416.4748,779160.318,5250969.1058,,0.0221,0.0093,0.0181,0.03004180420680489,12,-0.000999998301267624,-0.003000000724568963,0.016999999061226845,,0.312541197284454,0.13152186130069782,0.2559726547895302,0.42485526947420577
2026-04-23 07:47:31.000,3509416.4747,779160.3176,5250969.107,,0.0221,0.0093,0.0181,0.03004180420680489,12,0.004000002518296242,-0.0020000000949949026,0.018999995663762093,,0.312541197284454,0.13152186130069782,0.2559726547895302,0.42485526947420577
2026-04-23 07:47:31.100,3509416.4752,779160.3178,5250969.1077,,0.0221,0.0093,0.0181,0.03004180420680489,12,0.0059999991208314896,0.0010000006295740604,0.010999999940395355,,0.312541197284454,0.13152186130069782,0.2559726547895302,0.42485526947420577
2026-04-23 07:47:31.200,3509416.4753,779160.3177,5250969.1081,,0.0221,0.0093,0.0181,0.03004180420680489,12,0.0059999991208314896,-0.003999999025836587,0.009000003337860107,,0.312541197284454,0.13152186130069782,0.2559726547895302,0.42485526947420577
2026-04-23 07:47:31.300,3509416.4758,779160.3174,5250969.1086,,0.0221,0.0093,0.0181,0.03004180420680489,12,-0.01600000075995922,0.00800000037997961,0.0059999991208314896,,0.312541197284454,0.13152186130069782,0.2559726547895302,0.42485526947420577
2026-04-23 07:47:31.400,3509416.4737,779160.3185,5250969.1087,,0.0221,0.0093,0.0181,0.03004180420680489,12,-0.001000002957880497,0.003999999025836587,0.003000004217028618,,0.312541197284454,0.13152186130069782,0.2559726547895302,0.42485526947420577
2026-04-23 07:47:31.500,3509416.4757,779160.3178,5250969.1089,,0.0221,0.0093,0.0181,0.03004180420680489,12,0.029000001959502697,-0.02300000051036477,-0.0069999974220991135,,0.312541197284454,0.13152186130069782,0.2559726547895302,0.42485526947420577
2026-04-23 07:47:31.600,3509416.4766,779160.3162,5250969.108,,0.0221,0.0093,0.0181,0.03004180420680489,12,0.002000001259148121,-0.01500000013038516,-0.018000006675720215,,0.312541197284454,0.13152186130069782,0.2559726547895302,0.42485526947420577
2026-04-23 07:47:31.700,3509416.4759,779160.3163,5250969.1071,,0.0221,0.0093,0.0181,0.03004180420680489,12,0.003999997861683369,0.004000000189989805,0.0059999991208314896,,0.312541197284454,0.13152186130069782,0.2559726547895302,0.42485526947420577
2026-04-23 07:47:31.800,3509416.477,779160.3166,5250969.1086,,0.0221,0.0093,0.0181,0.03004180420680489,12,0.024999999441206455,-0.0019999989308416843,0.02199999988079071,,0.312541197284454,0.13152186130069782,0.2559726547895302,0.42485526947420577
2026-04-23 07:47:31.900,3509416.4784,779160.3161,5250969.1093,,0.0221,0.0093,0.0181,0.03004180420680489,12,0.0,-0.003000000724568963,0.01799999736249447,,0.312541197284454,0.13152186130069782,0.2559726547895302,0.42485526947420577
2026-04-23 07:47:32.000,3509416.477,779160.3163,5250969.1104,,0.0221,0.0093,0.0181,0.03004180420680489,12,-0.01799999736249447,-0.0020000000949949026,0.009000003337860107,,0.312541197284454,0.13152186130069782,0.2559726547895302,0.42485526947420577
2026-04-23 07:47:32.100,3509416.4766,779160.3159,5250969.1102,,0.0221,0.0093,0.0181,0.03004180420680489,12,-0.010999999940395355,-0.0009999994654208422,-0.018999995663762093,,0.312541197284454,0.13152186130069782,0.2559726547895302,0.42485526947420577
2026-04-23 07:47:32.200,3509416.4759,779160.3162,5250969.1085,,0.0221,0.0093,0.0181,0.03004180420680489,12,-0.00800000037997961,0.004999999655410647,-0.03200000151991844,,0.312541197284454,0.13152186130069782,0.2559726547895302,0.42485526947420577
2026-04-23 07:47:32.300,3509416.4758,779160.3164,5250969.107,,0.0221,0.0093,0.0181,0.03004180420680489,12,-0.002000001259148121,-0.00800000037997961,-0.02500000409781933,,0.312541197284454,0.13152186130069782,0.2559726547895302,0.42485526947420577
2026-04-23 07:47:32.400,3509416.4757,779160.3154,5250969.106,,0.0221,0.0093,0.0181,0.03004180420680489,12,0.000999998301267624,-0.0020000000949949026,-0.005000000819563866,,0.312541197284454,0.13152186130069782,0.2559726547895302,0.42485526947420577
2026-04-23 07:47:32.500,3509416.4759,779160.3162,5250969.1065,,0.0221,0.0093,0.0181,0.03004180420680489,12,-0.011999998241662979,0.02100000041536987,0.004000002518296242,,0.312541197284454,0.13152186130069782,0.2559726547895302,0.42485526947420577
2026-04-23 07:47:32.600,3509416.4745,779160.3175,5250969.1064,,0.0221,0.0093,0.0181,0.03004180420680489,12,-0.013000001199543476,0.024999999441206455,-0.021000001579523087,,0.312541197284454,0.13152186130069782,0.2559726547895302,0.42485526947420577
2026-04-23 07:47:32.700,3509416.4746,779160.3187,5250969.1044,,0.0221,0.0093,0.0181,0.03004180420680489,12,0.02400000113993883,0.010000000474974513,-0.034999996423721313,,0.312541197284454,0.13152186130069782,0.2559726547895302,0.42485526947420577
2026-04-23 07:47:32.800,3509416.4769,779160.3185,5250969.1029,,0.0221,0.0093,0.0181,0.03004180420680489,12,0.017000003717839718,0.006000000284984708,-0.018999995663762093,,0.312541197284454,0.13152186130069782,0.2559726547895302,0.42485526947420577
2026-04-23 07:47:32.900,3509416.4763,779160.3193,5250969.1025,,0.0221,0.0093,0.0181,0.03004180420680489,12,-0.00800000037997961,0.0019999989308416843,-0.01600000075995922,,0.312541197284454,0.13152186130069782,0.2559726547895302,0.42485526947420577
2026-04-23 07:47:33.000,3509416.4761,779160.3187,5250969.1013,,0.0221,0.0093,0.0181,0.03004180420680489,12,0.009999996982514858,-0.009999999310821295,-0.01799999736249447,,0.312541197284454,0.13152186130069782,0.2559726547895302,0.42485526947420577
2026-04-23 07:47:33.100,3509416.4773,779160.3183,5250969.1007,,0.0221,0.0093,0.0181,0.03004180420680489,12,0.016999999061226845,-0.02099999925121665,-0.016999999061226845,,0.312541197284454,0.13152186130069782,0.2559726547895302,0.42485526947420577
2026-04-23 07:47:33.200,3509416.4778,779160.3166,5250969.0996,,0.0221,0.0093,0.0181,0.03004180420680489,12,0.0070000020787119865,-0.02800000016577542,-0.010000001639127731,,0.312541197284454,0.13152186130069782,0.2559726547895302,0.42485526947420577
2026-04-23 07:47:33.300,3509416.478,779160.3155,5250969.0997,,0.0221,0.0093,0.0181,0.03004180420680489,12,-0.01600000075995922,-0.01600000075995922,0.001999996602535248,,0.312541197284454,0.13152186130069782,0.2559726547895302,0.42485526947420577
2026-04-23 07:47:33.400,3509416.4762,779160.315,5250969.0998,,0.0221,0.0093,0.0181,0.03004180420680489,12,-0.032999999821186066,-0.01500000013038516,0.0059999991208314896,,0.312541197284454,0.13152186130069782,0.2559726547895302,0.42485526947420577
2026-04-23 07:47:33.500,3509416.4747,779160.314,5250969.1003,,0.0221,0.0093,0.0181,0.03004180420680489,12,-0.030999998562037945,0.0,0.010999999940395355,,0.312541197284454,0.13152186130069782,0.2559726547895302,0.42485526947420577
2026-04-23 07:47:33.600,3509416.4731,779160.315,5250969.1009,,0.0221,0.0093,0.0181,0.03004180420680489,12,-0.010000001639127731,0.013000000035390258,0.012999996542930603,,0.312541197284454,0.13152186130069782,0.2559726547895302,0.42485526947420577
2026-04-23 07:47:33.700,3509416.4737,779160.3153,5250969.1016,,0.0221,0.0093,0.0181,0.03004180420680489,12,0.022999998182058334,0.007000000914558768,0.027000000700354576,,0.312541197284454,0.13152186130069782,0.2559726547895302,0.42485526947420577
2026-04-23 07:47:33.800,3509416.4754,779160.3157,5250969.1036,,0.0221,0.0093,0.0181,0.03004180420680489,12,0.0070000020787119865,0.006000000284984708,0.02199999988079071,,0.312541197284454,0.13152186130069782,0.2559726547895302,0.42485526947420577
2026-04-23 07:47:33.900,3509416.4744,779160.3159,5250969.1038,,0.0221,0.0093,0.0181,0.03004180420680489,12,0.010999999940395355,0.011999999405816197,0.009000003337860107,,0.312541197284454,0.13152186130069782,0.2559726547895302,0.42485526947420577
2026-04-23 07:47:34.000,3509416.4765,779160.3169,5250969.1045,,0.0221,0.0093,0.0181,0.03004180420680489,12,0.044999998062849045,0.02099999925121665,0.008000005036592484,,0.312541197284454,0.13152186130069782,0.2559726547895302,0.42485526947420577
2026-04-23 07:47:34.100,3509416.4789,779160.318,5250969.1046,,0.0221,0.0093,0.0181,0.03004180420680489,12,0.03500000108033419,0.010999999940395355,0.029999995604157448,,0.312541197284454,0.13152186130069782,0.2559726547895302,0.42485526947420577
2026-04-23 07:47:34.200,3509416.48,779160.318,5250969.1075,,0.0221,0.0093,0.0181,0.03004180420680489,12,-0.002000001259148121,0.0010000006295740604,0.032999999821186066,,0.312541197284454,0.13152186130069782,0.2559726547895302,0.42485526947420577
2026-04-23 07:47:34.300,3509416.4787,779160.3181,5250969.1079,,0.0221,0.0093,0.0181,0.03004180420680489,12,0.016999999061226845,0.003000000724568963,0.005000000819563866,,0.312541197284454,0.13152186130069782,0.2559726547895302,0.42485526947420577
2026-04-23 07:47:34.400,3509416.4817,779160.3183,5250969.108,,0.0221,0.0093,0.0181,0.03004180420680489,12,0.03000000026077032,0.0020000000949949026,0.001999996602535248,,0.312541197284454,0.13152186130069782,0.2559726547895302,0.42485526947420577
2026-04-23 07:47:34.500,3509416.4817,779160.3183,5250969.1081,,0.0221,0.0093,0.0181,0.03004180420680489,12,0.004000002518296242,0.003999999025836587,0.010000001639127731,,0.312541197284454,0.13152186130069782,0.2559726547895302,0.42485526947420577
2026-04-23 07:47:34.600,3509416.4821,779160.3187,5250969.109,,0.0221,0.0093,0.0181,0.03004180420680489,12,-0.003999997861683369,0.0020000000949949026,0.0,,0.312541197284454,0.13152186130069782,0.2559726547895302,0.42485526947420577
2026-04-23 07:47:34.700,3509416.4813,779160.3185,5250969.1081,,0.0221,0.0093,0.0181,0.03004180420680489,12,-0.028000003658235073,0.003000000724568963,0.001999996602535248,,0.312541197284454,0.13152186130069782,0.2559726547895302,0.42485526947420577
2026-04-23 07:47:34.800,3509416.4793,779160.319,5250969.1092,,0.0221,0.0093,0.0181,0.03004180420680489,12,-0.03400000277906656,-0.010000000474974513,0.028999997302889824,,0.312541197284454,0.13152186130069782,0.2559726547895302,0.42485526947420577
2026-04-23 07:47:34.900,3509416.4779,779160.3175,5250969.111,,0.0221,0.0093,0.0181,0.03004180420680489,12,-0.02199999988079071,-0.02199999988079071,0.028999997302889824,,0.312541197284454,0.13152186130069782,0.2559726547895302,0.42485526947420577
2026-04-23 07:47:35.000,3509416.4771,779160.3168,5250969.1121,,0.0221,0.0093,0.0181,0.03004180420680489,12,0.001000002957880497,-0.00699999975040555,0.01900000497698784,,0.312541197284454,0.13152186130069782,0.2559726547895302,0.42485526947420577
2026-04-23 07:47:35.100,3509416.478,779160.3168,5250969.1129,,0.0221,0.0093,0.0181,0.03004180420680489,12,0.023000002838671207,-0.00800000037997961,0.01700000837445259,,0.312541197284454,0.13152186130069782,0.2559726547895302,0.42485526947420577
2026-04-23 07:47:35.200,3509416.4794,779160.316,5250969.1138,,0.0221,0.0093,0.0181,0.03004180420680489,12,0.008999998681247234,0.009999999310821295,0.020000003278255463,,0.312541197284454,0.13152186130069782,0.2559726547895302,0.42485526947420577
2026-04-23 07:47:35.300,3509416.4789,779160.3178,5250969.1149,,0.0221,0.0093,0.0181,0.03004180420680489,12,0.01999999862164259,0.017999999690800905,0.031999992206692696,,0.312541197284454,0.13152186130069782,0.2559726547895302,0.42485526947420577
2026-04-23 07:47:35.400,3509416.4814,779160.3178,5250969.117,,0.0221,0.0093,0.0181,0.03004180420680489,12,0.016999999061226845,0.0010000006295740604,0.031999992206692696,,0.312541197284454,0.13152186130069782,0.2559726547895302,0.42485526947420577
2026-04-23 07:47:35.500,3509416.4806,779160.3179,5250969.1181,,0.0221,0.0093,0.0181,0.03004180420680489,12,0.010999999940395355,0.010000000474974513,0.01300000585615635,,0.312541197284454,0.13152186130069782,0.2559726547895302,0.42485526947420577
2026-04-23 07:47:35.600,3509416.4825,779160.3188,5250969.1183,,0.0221,0.0093,0.0181,0.03004180420680489,12,0.03800000064074993,0.010999999940395355,0.012000007554888725,,0.312541197284454,0.13152186130069782,0.2559726547895302,0.42485526947420577
2026-04-23 07:47:35.700,3509416.4844,779160.319,5250969.1193,,0.0221,0.0093,0.0181,0.03004180420680489,12,-0.0059999991208314896,-0.015999999595806003,0.001999996602535248,,0.312541197284454,0.13152186130069782,0.2559726547895302,0.42485526947420577
2026-04-23 07:47:35.800,3509416.4819,779160.3172,5250969.1185,,0.0221,0.0093,0.0181,0.03004180420680489,12,-0.03200000151991844,-0.013000000035390258,-0.004000002518296242,,0.312541197284454,0.13152186130069782,0.2559726547895302,0.42485526947420577
2026-04-23 07:47:35.900,3509416.4812,779160.3177,5250969.1189,,0.0221,0.0093,0.0181,0.03004180420680489,12,0.02400000113993883,0.003999999025836587,0.008000005036592484,,0.312541197284454,0.13152186130069782,0.2559726547895302,0.42485526947420577
2026-04-23 07:47:36.000,3509416.4843,779160.3176,5250969.1193,,0.0221,0.0093,0.0181,0.03004180420680489,12,0.041000000201165676,0.01500000013038516,0.0059999991208314896,,0.312541197284454,0.13152186130069782,0.2559726547895302,0.42485526947420577
2026-04-23 07:47:36.100,3509416.4853,779160.3192,5250969.1195,,0.0221,0.0093,0.0181,0.03004180420680489,12,0.014999997802078724,0.007000000914558768,-0.005000000819563866,,0.312541197284454,0.13152186130069782,0.2559726547895302,0.42485526947420577
2026-04-23 07:47:36.200,3509416.4858,779160.3183,5250969.1188,,0.0221,0.0093,0.0181,0.03004180420680489,12,0.026000002399086952,-0.010000000474974513,-0.022999998182058334,,0.312541197284454,0.13152186130069782,0.2559726547895302,0.42485526947420577
2026-04-23 07:47:36.300,3509416.4879,779160.3182,5250969.1172,,0.0221,0.0093,0.0181,0.03004180420680489,12,0.0279999990016222,-0.013000000035390258,-0.015000002458691597,,0.312541197284454,0.13152186130069782,0.2559726547895302,0.42485526947420577
2026-04-23 07:47:36.400,3509416.4886,779160.317,5250969.1173,,0.0221,0.0093,0.0181,0.03004180420680489,12,0.003999997861683369,-0.019999999785795808,-0.004000002518296242,,0.312541197284454,0.13152186130069782,0.2559726547895302,0.42485526947420577
2026-04-23 07:47:36.500,3509416.4883,779160.3162,5250969.1168,,0.0221,0.0093,0.0181,0.03004180420680489,12,-0.000999998301267624,-0.005000000819563866,-0.010999999940395355,,0.312541197284454,0.13152186130069782,0.2559726547895302,0.42485526947420577
2026-04-23 07:47:36.600,3509416.4885,779160.3165,5250969.1162,,0.0221,0.0093,0.0181,0.03004180420680489,12,-0.023999996483325958,-0.008999999845400453,-0.01600000075995922,,0.312541197284454,0.13152186130069782,0.2559726547895302,0.42485526947420577
2026-04-23 07:47:36.700,3509416.4859,779160.3153,5250969.1152,,0.0221,0.0093,0.0181,0.03004180420680489,12,-0.024999999441206455,-0.024999999441206455,-0.027000000700354576,,0.312541197284454,0.13152186130069782,0.2559726547895302,0.42485526947420577
2026-04-23 07:47:36.800,3509416.486,779160.314,5250969.1135,,0.0221,0.0093,0.0181,0.03004180420680489,12,-0.03500000108033419,-0.008999999845400453,-0.015000002458691597,,0.312541197284454,0.13152186130069782,0.2559726547895302,0.42485526947420577
2026-04-23 07:47:36.900,3509416.4824,779160.3144,5250969.1137,,0.0221,0.0093,0.0181,0.03004180420680489,12,-0.0430000014603138,0.017000000225380063,0.000999998301267624,,0.312541197284454,0.13152186130069782,0.2559726547895302,0.42485526947420577
2026-04-23 07:47:37.000,3509416.4817,779160.3157,5250969.1136,,0.0221,0.0093,0.0181,0.03004180420680489,12,0.009999996982514858,0.010999999940395355,0.002000005915760994,,0.312541197284454,0.13152186130069782,0.2559726547895302,0.42485526947420577
2026-04-23 07:47:37.100,3509416.4834,779160.3155,5250969.1139,,0.0221,0.0093,0.0181,0.03004180420680489,12,-0.020999996922910213,-0.004000000189989805,0.0,,0.312541197284454,0.13152186130069782,0.2559726547895302,0.42485526947420577
2026-04-23 07:47:37.200,3509416.4796,779160.3153,5250969.1136,,0.0221,0.0093,0.0181,0.03004180420680489,12,-0.04999999888241291,0.0029999995604157448,0.007999995723366737,,0.312541197284454,0.13152186130069782,0.2559726547895302,0.42485526947420577
2026-04-23 07:47:37.300,3509416.4784,779160.3158,5250969.1147,,0.0221,0.0093,0.0181,0.03004180420680489,12,0.0,0.009999999310821295,0.020000003278255463,,0.312541197284454,0.13152186130069782,0.2559726547895302,0.42485526947420577
2026-04-23 07:47:37.400,3509416.4796,779160.3163,5250969.1156,,0.0221,0.0093,0.0181,0.03004180420680489,12,0.010000001639127731,-0.01500000013038516,0.014000004157423973,,0.312541197284454,0.13152186130069782,0.2559726547895302,0.42485526947420577
2026-04-23 07:47:37.500,3509416.4794,779160.3143,5250969.1161,,0.0221,0.0093,0.0181,0.03004180420680489,12,-0.003000004217028618,-0.013000000035390258,0.012999996542930603,,0.312541197284454,0.13152186130069782,0.2559726547895302,0.42485526947420577
2026-04-23 07:47:37.600,3509416.4793,779160.315,5250969.1169,,0.0221,0.0093,0.0181,0.03004180420680489,12,-0.03200000151991844,-0.0029999995604157448,0.0059999991208314896,,0.312541197284454,0.13152186130069782,0.2559726547895302,0.42485526947420577
2026-04-23 07:47:37.700,3509416.4762,779160.314,5250969.1167,,0.0221,0.0093,0.0181,0.03004180420680489,12,-0.05199999548494816,-0.011999999405816197,-0.000999998301267624,,0.312541197284454,0.13152186130069782,0.2559726547895302,0.42485526947420577
2026-04-23 07:47:37.800,3509416.4741,779160.3138,5250969.1168,,0.0221,0.0093,0.0181,0.03004180420680489,12,-0.0279999990016222,0.0020000000949949026,0.001999996602535248,,0.312541197284454,0.13152186130069782,0.2559726547895302,0.42485526947420577
2026-04-23 07:47:37.900,3509416.4734,779160.3142,5250969.1169,,0.0221,0.0093,0.0181,0.03004180420680489,12,-0.002000001259148121,0.02100000041536987,0.003000004217028618,,0.312541197284454,0.13152186130069782,0.2559726547895302,0.42485526947420577
2026-04-23 07:47:38.000,3509416.4739,779160.3159,5250969.1171,,0.0221,0.0093,0.0181,0.03004180420680489,12,0.0059999991208314896,0.009999999310821295,0.0,,0.312541197284454,0.13152186130069782,0.2559726547895302,0.42485526947420577
2026-04-23 07:47:38.100,3509416.474,779160.3152,5250969.1169,,0.0221,0.0093,0.0181,0.03004180420680489,12,0.01999999862164259,0.008999999845400453,-0.002000005915760994,,0.312541197284454,0.13152186130069782,0.2559726547895302,0.42485526947420577
2026-04-23 07:47:38.200,3509416.4759,779160.3168,5250969.1169,,0.0221,0.0093,0.0181,0.03004180420680489,12,0.0139999995008111,0.025000000605359674,0.011999998241662979,,0.312541197284454,0.13152186130069782,0.2559726547895302,0.42485526947420577
2026-04-23 07:47:38.300,3509416.4754,779160.3177,5250969.1181,,0.0221,0.0093,0.0181,0.03004180420680489,12,0.0029999995604157448,-0.003000000724568963,0.010999999940395355,,0.312541197284454,0.13152186130069782,0.2559726547895302,0.42485526947420577
2026-04-23 07:47:38.400,3509416.4762,779160.3165,5250969.118,,0.0221,0.0093,0.0181,0.03004180420680489,12,-0.000999998301267624,-0.008999999845400453,-0.003999993205070496,,0.312541197284454,0.13152186130069782,0.2559726547895302,0.42485526947420577
2026-04-23 07:47:38.500,3509416.4753,779160.3168,5250969.1177,,0.0221,0.0093,0.0181,0.03004180420680489,12,0.0070000020787119865,0.0010000006295740604,-0.0029999949038028717,,0.312541197284454,0.13152186130069782,0.2559726547895302,0.42485526947420577
2026-04-23 07:47:38.600,3509416.4769,779160.3166,5250969.1177,,0.0221,0.0093,0.0181,0.03004180420680489,12,0.01799999736249447,-0.0010000006295740604,0.0069999974220991135,,0.312541197284454,0.13152186130069782,0.2559726547895302,0.42485526947420577
2026-04-23 07:47:38.700,3509416.4771,779160.3167,5250969.1184,,0.0221,0.0093,0.0181,0.03004180420680489,12,0.0029999995604157448,-0.0020000000949949026,-0.00700000673532486,,0.312541197284454,0.13152186130069782,0.2559726547895302,0.42485526947420577
2026-04-23 07:47:38.800,3509416.4772,779160.3164,5250969.117,,0.0221,0.0093,0.0181,0.03004180420680489,12,0.010999999940395355,-0.004999999655410647,-0.030000004917383194,,0.312541197284454,0.13152186130069782,0.2559726547895302,0.42485526947420577
2026-04-23 07:47:38.900,3509416.4782,779160.3162,5250969.1154,,0.0221,0.0093,0.0181,0.03004180420680489,12,0.027000000700354576,-0.004999999655410647,-0.022999998182058334,,0.312541197284454,0.13152186130069782,0.2559726547895302,0.42485526947420577
2026-04-23 07:47:39.000,3509416.4799,779160.3159,5250969.1147,,0.0221,0.0093,0.0181,0.03004180420680489,12,0.036000004038214684,0.0020000000949949026,-0.0049999915063381195,,0.312541197284454,0.13152186130069782,0.2559726547895302,0.42485526947420577
2026-04-23 07:47:39.100,3509416.4818,779160.3164,5250969.1149,,0.0221,0.0093,0.0181,0.03004180420680489,12,0.03999999724328518,-0.004000000189989805,-0.01600000075995922,,0.312541197284454,0.13152186130069782,0.2559726547895302,0.42485526947420577
2026-04-23 07:47:39.200,3509416.4839,779160.3155,5250969.1131,,0.0221,0.0093,0.0181,0.03004180420680489,12,0.022999998182058334,0.0009999994654208422,-0.028000008314847946,,0.312541197284454,0.13152186130069782,0.2559726547895302,0.42485526947420577
2026-04-23 07:47:39.300,3509416.4841,779160.3165,5250969.1121,,0.0221,0.0093,0.0181,0.03004180420680489,12,-0.01600000075995922,-0.004000000189989805,-0.01499999314546585,,0.312541197284454,0.13152186130069782,0.2559726547895302,0.42485526947420577
2026-04-23 07:47:39.400,3509416.4823,779160.3151,5250969.1116,,0.0221,0.0093,0.0181,0.03004180420680489,12,-0.010000001639127731,-0.010999999940395355,-0.001999996602535248,,0.312541197284454,0.13152186130069782,0.2559726547895302,0.42485526947420577
2026-04-23 07:47:39.500,3509416.4831,779160.3154,5250969.1119,,0.0221,0.0093,0.0181,0.03004180420680489,12,0.017000003717839718,-0.00800000037997961,-0.005000000819563866,,0.312541197284454,0.13152186130069782,0.2559726547895302,0.42485526947420577
2026-04-23 07:47:39.600,3509416.484,779160.3143,5250969.1111,,0.0221,0.0093,0.0181,0.03004180420680489,12,0.02400000113993883,0.003000000724568963,-0.000999998301267624,,0.312541197284454,0.13152186130069782,0.2559726547895302,0.42485526947420577
2026-04-23 07:47:39.700,3509416.4855,779160.3157,5250969.1118,,0.0221,0.0093,0.0181,0.03004180420680489,12,0.0139999995008111,0.019999999785795808,0.010999999940395355,,0.312541197284454,0.13152186130069782,0.2559726547895302,0.42485526947420577
2026-04-23 07:47:39.800,3509416.4854,779160.3163,5250969.1122,,0.0221,0.0093,0.0181,0.03004180420680489,12,0.015000002458691597,-0.005000000819563866,-0.003000004217028618,,0.312541197284454,0.13152186130069782,0.2559726547895302,0.42485526947420577
2026-04-23 07:47:39.900,3509416.487,779160.3152,5250969.1115,,0.0221,0.0093,0.0181,0.03004180420680489,12,0.03000000026077032,-0.022999999346211553,-0.01900000497698784,,0.312541197284454,0.13152186130069782,0.2559726547895302,0.42485526947420577
2026-04-23 07:47:40.000,3509416.4884,779160.314,5250969.1103,,0.0221,0.0093,0.0181,0.03004180420680489,12,0.014999997802078724,-0.017999999690800905,-0.003999993205070496,,0.312541197284454,0.13152186130069782,0.2559726547895302,0.42485526947420577
2026-04-23 07:47:40.100,3509416.4885,779160.3134,5250969.1111,,0.0221,0.0093,0.0181,0.03004180420680489,12,0.019000000320374966,0.0020000000949949026,0.03200000151991844,,0.312541197284454,0.13152186130069782,0.2559726547895302,0.42485526947420577
2026-04-23 07:47:40.200,3509416.4903,779160.3142,5250969.1135,,0.0221,0.0093,0.0181,0.03004180420680489,12,-0.0059999991208314896,0.012000000569969416,0.008999994024634361,,0.312541197284454,0.13152186130069782,0.2559726547895302,0.42485526947420577
2026-04-23 07:47:40.300,3509416.4879,779160.3146,5250969.112,,0.0221,0.0093,0.0181,0.03004180420680489,12,-0.015000002458691597,0.004999999655410647,-0.011999998241662979,,0.312541197284454,0.13152186130069782,0.2559726547895302,0.42485526947420577
2026-04-23 07:47:40.400,3509416.4888,779160.3147,5250969.1123,,0.0221,0.0093,0.0181,0.03004180420680489,12,0.0029999995604157448,0.0,0.0059999991208314896,,0.312541197284454,0.13152186130069782,0.2559726547895302,0.42485526947420577
2026-04-23 07:47:40.500,3509416.4882,779160.3146,5250969.1126,,0.0221,0.0093,0.0181,0.03004180420680489,12,0.008999998681247234,0.0020000000949949026,0.022999998182058334,,0.312541197284454,0.13152186130069782,0.2559726547895302,0.42485526947420577
2026-04-23 07:47:40.600,3509416.4897,779160.3149,5250969.1146,,0.0221,0.0093,0.0181,0.03004180420680489,12,0.0070000020787119865,-0.006000000284984708,0.020000003278255463,,0.312541197284454,0.13152186130069782,0.2559726547895302,0.42485526947420577
2026-04-23 07:47:40.700,3509416.4889,779160.314,5250969.1146,,0.0221,0.0093,0.0181,0.03004180420680489,12,0.002000001259148121,-0.01500000013038516,-0.000999998301267624,,0.312541197284454,0.13152186130069782,0.2559726547895302,0.42485526947420577
2026-04-23 07:47:40.800,3509416.4899,779160.3134,5250969.1145,,0.0221,0.0093,0.0181,0.03004180420680489,12,0.000999998301267624,0.0,0.003000004217028618,,0.312541197284454,0.13152186130069782,0.2559726547895302,0.42485526947420577
2026-04-23 07:47:40.900,3509416.489,779160.314,5250969.1149,,0.0221,0.0093,0.0181,0.03004180420680489,12,-0.01600000075995922,0.008999999845400453,0.001999996602535248,,0.312541197284454,0.13152186130069782,0.2559726547895302,0.42485526947420577
2026-04-23 07:47:41.000,3509416.4883,779160.3143,5250969.1147,,0.0221,0.0093,0.0181,0.03004180420680489,12,-0.018000002019107342,-0.008999999845400453,-0.01300000585615635,,0.312541197284454,0.13152186130069782,0.2559726547895302,0.42485526947420577
2026-04-23 07:47:41.100,3509416.4872,779160.3131,5250969.1136,,0.0221,0.0093,0.0181,0.03004180420680489,12,-0.0069999974220991135,-0.0139999995008111,-0.016999999061226845,,0.312541197284454,0.13152186130069782,0.2559726547895302,0.42485526947420577
2026-04-23 07:47:41.200,3509416.4876,779160.3129,5250969.113,,0.0221,0.0093,0.0181,0.03004180420680489,12,-0.009999996982514858,0.004000000189989805,-0.004000002518296242,,0.312541197284454,0.13152186130069782,0.2559726547895302,0.42485526947420577
2026-04-23 07:47:41.300,3509416.4862,779160.3135,5250969.1132,,0.0221,0.0093,0.0181,0.03004180420680489,12,-0.021000001579523087,0.011999999405816197,0.012999996542930603,,0.312541197284454,0.13152186130069782,0.2559726547895302,0.42485526947420577
2026-04-23 07:47:41.400,3509416.4855,779160.3141,5250969.1143,,0.0221,0.0093,0.0181,0.03004180420680489,12,0.010999999940395355,0.0,0.00700000673532486,,0.312541197284454,0.13152186130069782,0.2559726547895302,0.42485526947420577
2026-04-23 07:47:41.500,3509416.4873,779160.3135,5250969.1139,,0.0221,0.0093,0.0181,0.03004180420680489,12,0.010000001639127731,-0.0020000000949949026,0.002000005915760994,,0.312541197284454,0.13152186130069782,0.2559726547895302,0.42485526947420577
2026-04-23 07:47:41.600,3509416.4865,779160.3139,5250969.1145,,0.0221,0.0093,0.0181,0.03004180420680489,12,-0.015000002458691597,-0.006000000284984708,0.0069999974220991135,,0.312541197284454,0.13152186130069782,0.2559726547895302,0.42485526947420577
2026-04-23 07:47:41.700,3509416.4858,779160.3129,5250969.1146,,0.0221,0.0093,0.0181,0.03004180420680489,12,-0.03000000026077032,-0.0139999995008111,0.0069999974220991135,,0.312541197284454,0.13152186130069782,0.2559726547895302,0.42485526947420577
2026-04-23 07:47:41.800,3509416.4835,779160.3125,5250969.1152,,0.0221,0.0093,0.0181,0.03004180420680489,12,-0.02199999988079071,-0.0010000006295740604,0.0,,0.312541197284454,0.13152186130069782,0.2559726547895302,0.42485526947420577
2026-04-23 07:47:41.900,3509416.4836,779160.3128,5250969.1146,,0.0221,0.0093,0.0181,0.03004180420680489,12,0.0069999974220991135,0.0009999994654208422,-0.012999996542930603,,0.312541197284454,0.13152186130069782,0.2559726547895302,0.42485526947420577
2026-04-23 07:47:42.000,3509416.4842,779160.3126,5250969.1139,,0.0221,0.0093,0.0181,0.03004180420680489,12,-0.009999996982514858,-0.0029999995604157448,-0.010999999940395355,,0.312541197284454,0.13152186130069782,0.2559726547895302,0.42485526947420577
2026-04-23 07:47:42.100,3509416.4826,779160.3125,5250969.1135,,0.0221,0.0093,0.0181,0.03004180420680489,12,-0.023999996483325958,0.0020000000949949026,0.008999994024634361,,0.312541197284454,0.13152186130069782,0.2559726547895302,0.42485526947420577
2026-04-23 07:47:42.200,3509416.4818,779160.3128,5250969.1148,,0.0221,0.0093,0.0181,0.03004180420680489,12,0.0069999974220991135,-0.0020000000949949026,0.0069999974220991135,,0.312541197284454,0.13152186130069782,0.2559726547895302,0.42485526947420577
2026-04-23 07:47:42.300,3509416.4833,779160.3123,5250969.1142,,0.0221,0.0093,0.0181,0.03004180420680489,12,0.030999998562037945,0.003000000724568963,0.0,,0.312541197284454,0.13152186130069782,0.2559726547895302,0.42485526947420577
2026-04-23 07:47:42.400,3509416.4849,779160.3131,5250969.1148,,0.0221,0.0093,0.0181,0.03004180420680489,12,0.027000000700354576,-0.017999999690800905,-0.005000000819563866,,0.312541197284454,0.13152186130069782,0.2559726547895302,0.42485526947420577
2026-04-23 07:47:42.500,3509416.486,779160.3105,5250969.1137,,0.0221,0.0093,0.0181,0.03004180420680489,12,0.01600000075995922,-0.027000000700354576,-0.013999994844198227,,0.312541197284454,0.13152186130069782,0.2559726547895302,0.42485526947420577
2026-04-23 07:47:42.600,3509416.4865,779160.3104,5250969.1134,,0.0221,0.0093,0.0181,0.03004180420680489,12,0.03599999938160181,0.00699999975040555,-0.001999996602535248,,0.312541197284454,0.13152186130069782,0.2559726547895302,0.42485526947420577
2026-04-23 07:47:42.700,3509416.4896,779160.3112,5250969.1135,,0.0221,0.0093,0.0181,0.03004180420680489,12,0.000999998301267624,0.02300000051036477,0.004000002518296242,,0.312541197284454,0.13152186130069782,0.2559726547895302,0.42485526947420577
2026-04-23 07:47:42.800,3509416.4866,779160.3127,5250969.1138,,0.0221,0.0093,0.0181,0.03004180420680489,12,-0.02199999988079071,0.02199999988079071,0.011999998241662979,,0.312541197284454,0.13152186130069782,0.2559726547895302,0.42485526947420577
2026-04-23 07:47:42.900,3509416.4874,779160.3134,5250969.1147,,0.0221,0.0093,0.0181,0.03004180420680489,12,0.0070000020787119865,0.01500000013038516,0.02099999226629734,,0.312541197284454,0.13152186130069782,0.2559726547895302,0.42485526947420577
2026-04-23 07:47:43.000,3509416.4873,779160.3142,5250969.1159,,0.0221,0.0093,0.0181,0.03004180420680489,12,-0.002000001259148121,0.014000000664964318,0.011999998241662979,,0.312541197284454,0.13152186130069782,0.2559726547895302,0.42485526947420577
2026-04-23 07:47:43.100,3509416.4872,779160.3148,5250969.1159,,0.0221,0.0093,0.0181,0.03004180420680489,12,-0.020000003278255463,0.0,0.015000002458691597,,0.312541197284454,0.13152186130069782,0.2559726547895302,0.42485526947420577
2026-04-23 07:47:43.200,3509416.4853,779160.3142,5250969.1174,,0.0221,0.0093,0.0181,0.03004180420680489,12,-0.014999997802078724,-0.01600000075995922,0.015000002458691597,,0.312541197284454,0.13152186130069782,0.2559726547895302,0.42485526947420577
2026-04-23 07:47:43.300,3509416.4857,779160.3132,5250969.1174,,0.0221,0.0093,0.0181,0.03004180420680489,12,-0.0059999991208314896,-0.019000000320374966,-0.012999996542930603,,0.312541197284454,0.13152186130069782,0.2559726547895302,0.42485526947420577
2026-04-23 07:47:43.400,3509416.4847,779160.3123,5250969.1161,,0.0221,0.0093,0.0181,0.03004180420680489,12,-0.03599999938160181,-0.006000000284984708,-0.013999994844198227,,0.312541197284454,0.13152186130069782,0.2559726547895302,0.42485526947420577
2026-04-23 07:47:43.500,3509416.4821,779160.3126,5250969.116,,0.0221,0.0093,0.0181,0.03004180420680489,12,-0.014999997802078724,0.004000000189989805,0.005000000819563866,,0.312541197284454,0.13152186130069782,0.2559726547895302,0.42485526947420577
2026-04-23 07:47:43.600,3509416.4832,779160.3127,5250969.1166,,0.0221,0.0093,0.0181,0.03004180420680489,12,0.01999999862164259,-0.0019999989308416843,0.01499999314546585,,0.312541197284454,0.13152186130069782,0.2559726547895302,0.42485526947420577
2026-04-23 07:47:43.700,3509416.4841,779160.3124,5250969.1175,,0.0221,0.0093,0.0181,0.03004180420680489,12,0.003999997861683369,0.0009999994654208422,-0.002000005915760994,,0.312541197284454,0.13152186130069782,0.2559726547895302,0.42485526947420577
2026-04-23 07:47:43.800,3509416.4836,779160.3128,5250969.1164,,0.0221,0.0093,0.0181,0.03004180420680489,12,-0.010999999940395355,0.015999999595806003,-0.023999996483325958,,0.312541197284454,0.13152186130069782,0.2559726547895302,0.42485526947420577
2026-04-23 07:47:43.900,3509416.483,779160.314,5250969.1151,,0.0221,0.0093,0.0181,0.03004180420680489,12,-0.002000001259148121,-0.009999999310821295,-0.025999993085861206,,0.312541197284454,0.13152186130069782,0.2559726547895302,0.42485526947420577
2026-04-23 07:47:44.000,3509416.4834,779160.3118,5250969.1138,,0.0221,0.0093,0.0181,0.03004180420680489,12,0.029000001959502697,-0.02899999963119626,-0.02199999988079071,,0.312541197284454,0.13152186130069782,0.2559726547895302,0.42485526947420577
2026-04-23 07:47:44.100,3509416.4859,779160.3111,5250969.1129,,0.0221,0.0093,0.0181,0.03004180420680489,12,0.029000001959502697,0.004999999655410647,-0.008000005036592484,,0.312541197284454,0.13152186130069782,0.2559726547895302,0.42485526947420577
2026-04-23 07:47:44.200,3509416.4863,779160.3123,5250969.113,,0.0221,0.0093,0.0181,0.03004180420680489,12,-0.006000003777444363,0.016999999061226845,0.0069999974220991135,,0.312541197284454,0.13152186130069782,0.2559726547895302,0.42485526947420577
2026-04-23 07:47:44.300,3509416.4853,779160.3128,5250969.1136,,0.0221,0.0093,0.0181,0.03004180420680489,12,-0.003999997861683369,-0.0009999994654208422,0.004000002518296242,,0.312541197284454,0.13152186130069782,0.2559726547895302,0.42485526947420577
2026-04-23 07:47:44.400,3509416.4859,779160.3122,5250969.1134,,0.0221,0.0093,0.0181,0.03004180420680489,12,-0.0029999995604157448,-0.009999999310821295,0.003000004217028618,,0.312541197284454,0.13152186130069782,0.2559726547895302,0.42485526947420577
2026-04-23 07:47:44.500,3509416.485,779160.3118,5250969.1139,,0.0221,0.0093,0.0181,0.03004180420680489,12,-0.002000001259148121,0.0020000000949949026,0.0069999974220991135,,0.312541197284454,0.13152186130069782,0.2559726547895302,0.42485526947420577
2026-04-23 07:47:44.600,3509416.4857,779160.3124,5250969.1141,,0.0221,0.0093,0.0181,0.03004180420680489,12,0.0,0.004999999655410647,-0.008000005036592484,,0.312541197284454,0.13152186130069782,0.2559726547895302,0.42485526947420577
2026-04-23 07:47:44.700,3509416.485,779160.3123,5250969.1131,,0.0221,0.0093,0.0181,0.03004180420680489,12,-0.0279999990016222,-0.0010000006295740604,-0.007999995723366737,,0.312541197284454,0.13152186130069782,0.2559726547895302,0.42485526947420577
2026-04-23 07:47:44.800,3509416.4829,779160.3123,5250969.1133,,0.0221,0.0093,0.0181,0.03004180420680489,12,0.02400000113993883,0.00800000037997961,-0.001999996602535248,,0.312541197284454,0.13152186130069782,0.2559726547895302,0.42485526947420577
2026-04-23 07:47:44.900,3509416.4874,779160.3131,5250969.1129,,0.0221,0.0093,0.0181,0.03004180420680489,12,0.016999999061226845,0.014000000664964318,-0.01300000585615635,,0.312541197284454,0.13152186130069782,0.2559726547895302,0.42485526947420577
2026-04-23 07:47:45.000,3509416.4846,779160.3137,5250969.112,,0.0221,0.0093,0.0181,0.03004180420680489,12,-0.0279999990016222,-0.014000000664964318,-0.030000004917383194,,0.312541197284454,0.13152186130069782,0.2559726547895302,0.42485526947420577
2026-04-23 07:47:45.100,3509416.4846,779160.3117,5250969.1099,,0.0221,0.0093,0.0181,0.03004180420680489,12,-0.027000000700354576,-0.034000000450760126,-0.0409999955445528,,0.312541197284454,0.13152186130069782,0.2559726547895302,0.42485526947420577
2026-04-23 07:47:45.200,3509416.4819,779160.3103,5250969.1079,,0.0221,0.0093,0.0181,0.03004180420680489,12,-0.046999999321997166,-0.024999999441206455,-0.023999996483325958,,0.312541197284454,0.13152186130069782,0.2559726547895302,0.42485526947420577
2026-04-23 07:47:45.300,3509416.4799,779160.3092,5250969.1075,,0.0221,0.0093,0.0181,0.03004180420680489,12,-0.005000000819563866,-0.023999999975785613,-0.020000003278255463,,0.312541197284454,0.13152186130069782,0.2559726547895302,0.42485526947420577
2026-04-23 07:47:45.400,3509416.4814,779160.3079,5250969.1059,,0.0221,0.0093,0.0181,0.03004180420680489,12,0.028999997302889824,-0.023999999975785613,-0.001999996602535248,,0.312541197284454,0.13152186130069782,0.2559726547895302,0.42485526947420577
2026-04-23 07:47:45.500,3509416.4828,779160.3068,5250969.1073,,0.0221,0.0093,0.0181,0.03004180420680489,12,0.019000000320374966,-0.004000000189989805,0.010999999940395355,,0.312541197284454,0.13152186130069782,0.2559726547895302,0.42485526947420577
2026-04-23 07:47:45.600,3509416.4833,779160.3075,5250969.107,,0.0221,0.0093,0.0181,0.03004180420680489,12,-0.012999996542930603,0.011999999405816197,-0.01300000585615635,,0.312541197284454,0.13152186130069782,0.2559726547895302,0.42485526947420577
2026-04-23 07:47:45.700,3509416.4815,779160.308,5250969.106,,0.0221,0.0093,0.0181,0.03004180420680489,12,-0.03200000151991844,0.004999999655410647,-0.012999996542930603,,0.312541197284454,0.13152186130069782,0.2559726547895302,0.42485526947420577
2026-04-23 07:47:45.800,3509416.4801,779160.308,5250969.1057,,0.0221,0.0093,0.0181,0.03004180420680489,12,0.011999998241662979,-0.0020000000949949026,-0.0069999974220991135,,0.312541197284454,0.13152186130069782,0.2559726547895302,0.42485526947420577
2026-04-23 07:47:45.900,3509416.4827,779160.3078,5250969.1053,,0.0221,0.0093,0.0181,0.03004180420680489,12,0.036000004038214684,0.006000000284984708,-0.009000003337860107,,0.312541197284454,0.13152186130069782,0.2559726547895302,0.42485526947420577
2026-04-23 07:47:46.000,3509416.4837,779160.3086,5250969.1048,,0.0221,0.0093,0.0181,0.03004180420680489,12,0.005000000819563866,0.02100000041536987,-0.004000002518296242,,0.312541197284454,0.13152186130069782,0.2559726547895302,0.42485526947420577
2026-04-23 07:47:46.100,3509416.4832,779160.3099,5250969.1049,,0.0221,0.0093,0.0181,0.03004180420680489,12,-0.002000001259148121,0.019000000320374966,0.008000005036592484,,0.312541197284454,0.13152186130069782,0.2559726547895302,0.42485526947420577
2026-04-23 07:47:46.200,3509416.4835,779160.3105,5250969.1056,,0.0221,0.0093,0.0181,0.03004180420680489,12,0.01600000075995922,0.004000000189989805,0.010000001639127731,,0.312541197284454,0.13152186130069782,0.2559726547895302,0.42485526947420577
2026-04-23 07:47:46.300,3509416.4848,779160.3103,5250969.1059,,0.0221,0.0093,0.0181,0.03004180420680489,12,0.01999999862164259,-0.0010000006295740604,-0.004000002518296242,,0.312541197284454,0.13152186130069782,0.2559726547895302,0.42485526947420577
2026-04-23 07:47:46.400,3509416.4855,779160.3104,5250969.1052,,0.0221,0.0093,0.0181,0.03004180420680489,12,0.0139999995008111,-0.004999999655410647,0.004000002518296242,,0.312541197284454,0.13152186130069782,0.2559726547895302,0.42485526947420577
2026-04-23 07:47:46.500,3509416.4862,779160.3098,5250969.1063,,0.0221,0.0093,0.0181,0.03004180420680489,12,0.019000000320374966,-0.011999999405816197,0.010999999940395355,,0.312541197284454,0.13152186130069782,0.2559726547895302,0.42485526947420577
2026-04-23 07:47:46.600,3509416.4874,779160.3092,5250969.1063,,0.0221,0.0093,0.0181,0.03004180420680489,12,0.009999996982514858,0.0020000000949949026,0.0,,0.312541197284454,0.13152186130069782,0.2559726547895302,0.42485526947420577
2026-04-23 07:47:46.700,3509416.4872,779160.31,5250969.1063,,0.0221,0.0093,0.0181,0.03004180420680489,12,-0.0059999991208314896,0.013000000035390258,0.000999998301267624,,0.312541197284454,0.13152186130069782,0.2559726547895302,0.42485526947420577
2026-04-23 07:47:46.800,3509416.4868,779160.3105,5250969.1064,,0.0221,0.0093,0.0181,0.03004180420680489,12,0.002000001259148121,0.0059999991208314896,0.02199999988079071,,0.312541197284454,0.13152186130069782,0.2559726547895302,0.42485526947420577
2026-04-23 07:47:46.900,3509416.4874,779160.3106,5250969.1085,,0.0221,0.0093,0.0181,0.03004180420680489,12,0.024999999441206455,-0.0020000000949949026,0.04599999636411667,,0.312541197284454,0.13152186130069782,0.2559726547895302,0.42485526947420577
2026-04-23 07:47:47.000,3509416.4893,779160.3103,5250969.111,,0.0221,0.0093,0.0181,0.03004180420680489,12,0.015000002458691597,0.004000000189989805,0.026000002399086952,,0.312541197284454,0.13152186130069782,0.2559726547895302,0.42485526947420577
2026-04-23 07:47:47.100,3509416.4889,779160.311,5250969.1111,,0.0221,0.0093,0.0181,0.03004180420680489,12,-0.01999999862164259,-0.0010000006295740604,-0.0059999991208314896,,0.312541197284454,0.13152186130069782,0.2559726547895302,0.42485526947420577
2026-04-23 07:47:47.200,3509416.4873,779160.3102,5250969.1104,,0.0221,0.0093,0.0181,0.03004180420680489,12,-0.03000000026077032,-0.022999999346211553,-0.026000002399086952,,0.312541197284454,0.13152186130069782,0.2559726547895302,0.42485526947420577
2026-04-23 07:47:47.300,3509416.4859,779160.3087,5250969.1085,,0.0221,0.0093,0.0181,0.03004180420680489,12,-0.001000002957880497,-0.010999999940395355,-0.003999993205070496,,0.312541197284454,0.13152186130069782,0.2559726547895302,0.42485526947420577
2026-04-23 07:47:47.400,3509416.4872,779160.3091,5250969.11,,0.0221,0.0093,0.0181,0.03004180420680489,12,0.01799999736249447,0.015999999595806003,0.01600000075995922,,0.312541197284454,0.13152186130069782,0.2559726547895302,0.42485526947420577
2026-04-23 07:47:47.500,3509416.4877,779160.3103,5250969.1101,,0.0221,0.0093,0.0181,0.03004180420680489,12,-0.0029999995604157448,0.0020000000949949026,-0.02199999988079071,,0.312541197284454,0.13152186130069782,0.2559726547895302,0.42485526947420577
2026-04-23 07:47:47.600,3509416.4869,779160.3093,5250969.1078,,0.0221,0.0093,0.0181,0.03004180420680489,12,-0.01999999862164259,-0.019999999785795808,-0.01900000497698784,,0.312541197284454,0.13152186130069782,0.2559726547895302,0.42485526947420577
2026-04-23 07:47:47.700,3509416.4857,779160.3083,5250969.1082,,0.0221,0.0093,0.0181,0.03004180420680489,12,-0.01799999736249447,-0.008999999845400453,0.0029999949038028717,,0.312541197284454,0.13152186130069782,0.2559726547895302,0.42485526947420577
2026-04-23 07:47:47.800,3509416.4851,779160.3084,5250969.1081,,0.0221,0.0093,0.0181,0.03004180420680489,12,0.0139999995008111,0.009999999310821295,0.005000000819563866,,0.312541197284454,0.13152186130069782,0.2559726547895302,0.42485526947420577
2026-04-23 07:47:47.900,3509416.4871,779160.3093,5250969.1087,,0.0221,0.0093,0.0181,0.03004180420680489,12,0.0139999995008111,-0.004999999655410647,-0.010000001639127731,,0.312541197284454,0.13152186130069782,0.2559726547895302,0.42485526947420577
2026-04-23 07:47:48.000,3509416.4865,779160.3079,5250969.1071,,0.0221,0.0093,0.0181,0.03004180420680489,12,0.0029999995604157448,-0.017000000225380063,-0.012999996542930603,,0.312541197284454,0.13152186130069782,0.2559726547895302,0.42485526947420577
2026-04-23 07:47:48.100,3509416.4874,779160.3076,5250969.1074,,0.0221,0.0093,0.0181,0.03004180420680489,12,0.0,0.004999999655410647,0.010999999940395355,,0.312541197284454,0.13152186130069782,0.2559726547895302,0.42485526947420577
2026-04-23 07:47:48.200,3509416.4865,779160.3084,5250969.1082,,0.0221,0.0093,0.0181,0.03004180420680489,12,-0.005000000819563866,0.019000000320374966,0.02199999988079071,,0.312541197284454,0.13152186130069782,0.2559726547895302,0.42485526947420577
2026-04-23 07:47:48.300,3509416.4869,779160.3095,5250969.1096,,0.0221,0.0093,0.0181,0.03004180420680489,12,-0.004000002518296242,0.00699999975040555,0.002000005915760994,,0.312541197284454,0.13152186130069782,0.2559726547895302,0.42485526947420577
2026-04-23 07:47:48.400,3509416.4861,779160.3091,5250969.1084,,0.0221,0.0093,0.0181,0.03004180420680489,12,-0.02599999774247408,0.004000000189989805,-0.01900000497698784,,0.312541197284454,0.13152186130069782,0.2559726547895302,0.42485526947420577
2026-04-23 07:47:48.500,3509416.4843,779160.3099,5250969.1077,,0.0221,0.0093,0.0181,0.03004180420680489,12,-0.023999996483325958,-0.008999999845400453,-0.02500000409781933,,0.312541197284454,0.13152186130069782,0.2559726547895302,0.42485526947420577
2026-04-23 07:47:48.600,3509416.4837,779160.3082,5250969.1059,,0.0221,0.0093,0.0181,0.03004180420680489,12,-0.0139999995008111,-0.019999999785795808,-0.03699999302625656,,0.312541197284454,0.13152186130069782,0.2559726547895302,0.42485526947420577
2026-04-23 07:47:48.700,3509416.4829,779160.3079,5250969.104,,0.0221,0.0093,0.0181,0.03004180420680489,12,0.0059999991208314896,-0.00699999975040555,-0.0279999990016222,,0.312541197284454,0.13152186130069782,0.2559726547895302,0.42485526947420577
2026-04-23 07:47:48.800,3509416.4843,779160.3075,5250969.1031,,0.0221,0.0093,0.0181,0.03004180420680489,12,0.014999997802078724,0.0020000000949949026,-0.014000004157423973,,0.312541197284454,0.13152186130069782,0.2559726547895302,0.42485526947420577
2026-04-23 07:47:48.900,3509416.4844,779160.3081,5250969.1026,,0.0221,0.0093,0.0181,0.03004180420680489,12,0.001999996602535248,0.006000000284984708,0.005000000819563866,,0.312541197284454,0.13152186130069782,0.2559726547895302,0.42485526947420577
2026-04-23 07:47:49.000,3509416.4845,779160.3081,5250969.1036,,0.0221,0.0093,0.0181,0.03004180420680489,12,-0.0029999995604157448,-0.00699999975040555,0.010999999940395355,,0.312541197284454,0.13152186130069782,0.2559726547895302,0.42485526947420577
2026-04-23 07:47:49.100,3509416.4841,779160.3074,5250969.1037,,0.0221,0.0093,0.0181,0.03004180420680489,12,0.017000003717839718,-0.014000000664964318,0.005000000819563866,,0.312541197284454,0.13152186130069782,0.2559726547895302,0.42485526947420577
2026-04-23 07:47:49.200,3509416.4862,779160.3067,5250969.1041,,0.0221,0.0093,0.0181,0.03004180420680489,12,0.01600000075995922,-0.010000000474974513,0.021000001579523087,,0.312541197284454,0.13152186130069782,0.2559726547895302,0.42485526947420577
2026-04-23 07:47:49.300,3509416.4857,779160.3064,5250969.1058,,0.0221,0.0093,0.0181,0.03004180420680489,12,-0.01600000075995922,0.006000000284984708,0.026000002399086952,,0.312541197284454,0.13152186130069782,0.2559726547895302,0.42485526947420577
2026-04-23 07:47:49.400,3509416.4846,779160.3073,5250969.1067,,0.0221,0.0093,0.0181,0.03004180420680489,12,-0.02199999988079071,-0.004000000189989805,0.001999996602535248,,0.312541197284454,0.13152186130069782,0.2559726547895302,0.42485526947420577
2026-04-23 07:47:49.500,3509416.4835,779160.306,5250969.106,,0.0221,0.0093,0.0181,0.03004180420680489,12,0.0,-0.019000000320374966,-0.012000007554888725,,0.312541197284454,0.13152186130069782,0.2559726547895302,0.42485526947420577
2026-04-23 07:47:49.600,3509416.4846,779160.3054,5250969.1055,,0.0221,0.0093,0.0181,0.03004180420680489,12,0.01999999862164259,-0.004000000189989805,-0.010999999940395355,,0.312541197284454,0.13152186130069782,0.2559726547895302,0.42485526947420577
2026-04-23 07:47:49.700,3509416.4855,779160.3056,5250969.1049,,0.0221,0.0093,0.0181,0.03004180420680489,12,0.03500000108033419,0.010000000474974513,0.010000001639127731,,0.312541197284454,0.13152186130069782,0.2559726547895302,0.42485526947420577
2026-04-23 07:47:49.800,3509416.4881,779160.3064,5250969.1065,,0.0221,0.0093,0.0181,0.03004180420680489,12,0.03000000026077032,0.007000000914558768,0.00700000673532486,,0.312541197284454,0.13152186130069782,0.2559726547895302,0.42485526947420577
2026-04-23 07:47:49.900,3509416.4885,779160.3063,5250969.1056,,0.0221,0.0093,0.0181,0.03004180420680489,12,-0.0070000020787119865,-0.012000000569969416,-0.025999993085861206,,0.312541197284454,0.13152186130069782,0.2559726547895302,0.42485526947420577
2026-04-23 07:47:50.000,3509416.4874,779160.3052,5250969.1039,,0.0221,0.0093,0.0181,0.03004180420680489,12,-0.010999999940395355,0.00699999975040555,-0.016999999061226845,,0.312541197284454,0.13152186130069782,0.2559726547895302,0.42485526947420577
2026-04-23 07:47:50.100,3509416.4874,779160.307,5250969.1039,,0.0221,0.0093,0.0181,0.03004180420680489,12,0.016999999061226845,0.023999999975785613,-0.002000005915760994,,0.312541197284454,0.13152186130069782,0.2559726547895302,0.42485526947420577
2026-04-23 07:47:50.200,3509416.4891,779160.3076,5250969.1037,,0.0221,0.0093,0.0181,0.03004180420680489,12,0.02400000113993883,0.0009999994654208422,0.0029999949038028717,,0.312541197284454,0.13152186130069782,0.2559726547895302,0.42485526947420577
2026-04-23 07:47:50.300,3509416.4898,779160.3071,5250969.1042,,0.0221,0.0093,0.0181,0.03004180420680489,12,-0.0069999974220991135,-0.003999999025836587,0.021000001579523087,,0.312541197284454,0.13152186130069782,0.2559726547895302,0.42485526947420577
2026-04-23 07:47:50.400,3509416.4884,779160.3072,5250969.1058,,0.0221,0.0093,0.0181,0.03004180420680489,12,-0.001000002957880497,0.0,0.022999998182058334,,0.312541197284454,0.13152186130069782,0.2559726547895302,0.42485526947420577
2026-04-23 07:47:50.500,3509416.4897,779160.3071,5250969.1065,,0.0221,0.0093,0.0181,0.03004180420680489,12,-0.004000002518296242,0.0059999991208314896,0.01799999736249447,,0.312541197284454,0.13152186130069782,0.2559726547895302,0.42485526947420577
2026-04-23 07:47:50.600,3509416.488,779160.3078,5250969.1076,,0.0221,0.0093,0.0181,0.03004180420680489,12,-0.023999996483325958,0.00800000037997961,0.016999999061226845,,0.312541197284454,0.13152186130069782,0.2559726547895302,0.42485526947420577
2026-04-23 07:47:50.700,3509416.4873,779160.3079,5250969.1082,,0.0221,0.0093,0.0181,0.03004180420680489,12,0.02400000113993883,-0.0029999995604157448,0.010999999940395355,,0.312541197284454,0.13152186130069782,0.2559726547895302,0.42485526947420577
2026-04-23 07:47:50.800,3509416.4904,779160.3075,5250969.1087,,0.0221,0.0093,0.0181,0.03004180420680489,12,0.0419999985024333,-0.010999999940395355,0.027000000700354576,,0.312541197284454,0.13152186130069782,0.2559726547895302,0.42485526947420577
2026-04-23 07:47:50.900,3509416.4915,779160.3068,5250969.1109,,0.0221,0.0093,0.0181,0.03004180420680489,12,0.01999999862164259,-0.011999999405816197,0.040000006556510925,,0.312541197284454,0.13152186130069782,0.2559726547895302,0.42485526947420577
2026-04-23 07:47:51.000,3509416.4924,779160.3063,5250969.1127,,0.0221,0.0093,0.0181,0.03004180420680489,12,0.021000001579523087,-0.017999999690800905,0.02199999988079071,,0.312541197284454,0.13152186130069782,0.2559726547895302,0.42485526947420577
2026-04-23 07:47:51.100,3509416.4936,779160.305,5250969.1131,,0.0221,0.0093,0.0181,0.03004180420680489,12,0.004000002518296242,-0.020000000949949026,0.019999993965029716,,0.312541197284454,0.13152186130069782,0.2559726547895302,0.42485526947420577
2026-04-23 07:47:51.200,3509416.4928,779160.3043,5250969.1147,,0.0221,0.0093,0.0181,0.03004180420680489,12,-0.009000003337860107,-0.0010000006295740604,0.027000000700354576,,0.312541197284454,0.13152186130069782,0.2559726547895302,0.42485526947420577
2026-04-23 07:47:51.300,3509416.4927,779160.3049,5250969.1158,,0.0221,0.0093,0.0181,0.03004180420680489,12,-0.015000002458691597,0.0020000000949949026,0.010000001639127731,,0.312541197284454,0.13152186130069782,0.2559726547895302,0.42485526947420577
2026-04-23 07:47:51.400,3509416.4913,779160.3045,5250969.1157,,0.0221,0.0093,0.0181,0.03004180420680489,12,0.020000003278255463,0.010000000474974513,0.01600000075995922,,0.312541197284454,0.13152186130069782,0.2559726547895302,0.42485526947420577
2026-04-23 07:47:51.500,3509416.4947,779160.3059,5250969.1174,,0.0221,0.0093,0.0181,0.03004180420680489,12,0.032999999821186066,0.030999999726191163,0.0430000014603138,,0.312541197284454,0.13152186130069782,0.2559726547895302,0.42485526947420577
2026-04-23 07:47:51.600,3509416.4946,779160.3076,5250969.12,,0.0221,0.0093,0.0181,0.03004180420680489,12,-0.0139999995008111,0.02199999988079071,0.022999998182058334,,0.312541197284454,0.13152186130069782,0.2559726547895302,0.42485526947420577
2026-04-23 07:47:51.700,3509416.4933,779160.3081,5250969.1197,,0.0221,0.0093,0.0181,0.03004180420680489,12,0.021000001579523087,0.017000000225380063,-0.0059999991208314896,,0.312541197284454,0.13152186130069782,0.2559726547895302,0.42485526947420577
2026-04-23 07:47:51.800,3509416.4967,779160.3093,5250969.1194,,0.0221,0.0093,0.0181,0.03004180420680489,12,0.052999998442828655,0.0020000000949949026,0.00700000673532486,,0.312541197284454,0.13152186130069782,0.2559726547895302,0.42485526947420577
2026-04-23 07:47:51.900,3509416.4986,779160.3083,5250969.1204,,0.0221,0.0093,0.0181,0.03004180420680489,12,0.04600000102072954,-0.017999999690800905,0.005000000819563866,,0.312541197284454,0.13152186130069782,0.2559726547895302,0.42485526947420577
2026-04-23 07:47:52.000,3509416.5013,779160.3075,5250969.1199,,0.0221,0.0093,0.0181,0.03004180420680489,12,0.044999998062849045,-0.02800000016577542,-0.010000001639127731,,0.312541197284454,0.13152186130069782,0.2559726547895302,0.42485526947420577
2026-04-23 07:47:52.100,3509416.5031,779160.3055,5250969.1194,,0.0221,0.0093,0.0181,0.03004180420680489,12,0.00800000037997961,-0.032999999821186066,-0.01600000075995922,,0.312541197284454,0.13152186130069782,0.2559726547895302,0.42485526947420577
2026-04-23 07:47:52.200,3509416.5021,779160.3042,5250969.1183,,0.0221,0.0093,0.0181,0.03004180420680489,12,-0.012999996542930603,0.004000000189989805,-0.005000000819563866,,0.312541197284454,0.13152186130069782,0.2559726547895302,0.42485526947420577
2026-04-23 07:47:52.300,3509416.5018,779160.3059,5250969.1189,,0.0221,0.0093,0.0181,0.03004180420680489,12,-0.03700000233948231,0.026999999536201358,0.021000001579523087,,0.312541197284454,0.13152186130069782,0.2559726547895302,0.42485526947420577
2026-04-23 07:47:52.400,3509416.4984,779160.3069,5250969.1204,,0.0221,0.0093,0.0181,0.03004180420680489,12,-0.04700000397861004,0.008999999845400453,-0.003000004217028618,,0.312541197284454,0.13152186130069782,0.2559726547895302,0.42485526947420577
2026-04-23 07:47:52.500,3509416.4971,779160.3068,5250969.1186,,0.0221,0.0093,0.0181,0.03004180420680489,12,-0.01600000075995922,0.0,-0.008000005036592484,,0.312541197284454,0.13152186130069782,0.2559726547895302,0.42485526947420577
2026-04-23 07:47:52.600,3509416.4968,779160.3069,5250969.1196,,0.0221,0.0093,0.0181,0.03004180420680489,12,-0.02199999988079071,-0.014000000664964318,-0.0029999949038028717,,0.312541197284454,0.13152186130069782,0.2559726547895302,0.42485526947420577
2026-04-23 07:47:52.700,3509416.4949,779160.3054,5250969.1183,,0.0221,0.0093,0.0181,0.03004180420680489,12,-0.016999999061226845,-0.02199999988079071,-0.010000001639127731,,0.312541197284454,0.13152186130069782,0.2559726547895302,0.42485526947420577
2026-04-23 07:47:52.800,3509416.4951,779160.3047,5250969.1186,,0.0221,0.0093,0.0181,0.03004180420680489,12,-0.010999999940395355,-0.003999999025836587,0.007999995723366737,,0.312541197284454,0.13152186130069782,0.2559726547895302,0.42485526947420577
2026-04-23 07:47:52.900,3509416.4938,779160.305,5250969.1191,,0.0221,0.0093,0.0181,0.03004180420680489,12,-0.036999997682869434,0.017999999690800905,0.00100000761449337,,0.312541197284454,0.13152186130069782,0.2559726547895302,0.42485526947420577
2026-04-23 07:47:53.000,3509416.4914,779160.3065,5250969.1187,,0.0221,0.0093,0.0181,0.03004180420680489,12,-0.022999998182058334,0.007999999215826392,0.009000003337860107,,0.312541197284454,0.13081666560496025,0.2559726547895302,0.4246374924568013
2026-04-23 07:47:53.100,3509416.4915,779160.3058,5250969.12,,0.0221,0.0092,0.0181,0.030010997984072443,12,0.004999996162950993,-0.013000000035390258,0.011999998241662979,,0.312541197284454,0.13152186130069782,0.2559726547895302,0.42485526947420577
2026-04-23 07:47:53.200,3509416.4919,779160.3052,5250969.1199,,0.0221,0.0093,0.0181,0.03004180420680489,12,0.00800000037997961,-0.004000000189989805,-0.010999999940395355,,0.312541197284454,0.13081666560496025,0.2559726547895302,0.4246374924568013
2026-04-23 07:47:53.300,3509416.4923,779160.3054,5250969.1189,,0.0221,0.0093,0.0181,0.03004180420680489,12,-0.0069999974220991135,-0.0009999994654208422,-0.022999998182058334,,0.312541197284454,0.13152186130069782,0.2559726547895302,0.42485526947420577
2026-04-23 07:47:53.400,3509416.4912,779160.3051,5250969.1176,,0.0221,0.0093,0.0181,0.03004180420680489,12,0.02400000113993883,0.005000000819563866,-0.026000002399086952,,0.312541197284454,0.13152186130069782,0.2559726547895302,0.42485526947420577
2026-04-23 07:47:53.500,3509416.4947,779160.3059,5250969.1163,,0.0221,0.0093,0.0181,0.03004180420680489,12,0.0279999990016222,-0.0029999995604157448,-0.022000009194016457,,0.312541197284454,0.13152186130069782,0.2559726547895302,0.42485526947420577
2026-04-23 07:47:53.600,3509416.494,779160.3048,5250969.1154,,0.0221,0.0093,0.0181,0.03004180420680489,12,0.014999997802078724,-0.008999999845400453,-0.028999997302889824,,0.312541197284454,0.13152186130069782,0.2559726547895302,0.42485526947420577
2026-04-23 07:47:53.700,3509416.4962,779160.305,5250969.1134,,0.0221,0.0093,0.0181,0.03004180420680489,12,0.05400000140070915,0.0059999991208314896,-0.013999994844198227,,0.312541197284454,0.13152186130069782,0.2559726547895302,0.42485526947420577
2026-04-23 07:47:53.800,3509416.4994,779160.3054,5250969.114,,0.0221,0.0093,0.0181,0.03004180420680489,12,0.03200000151991844,-0.004000000189989805,0.008999994024634361,,0.312541197284454,0.13152186130069782,0.2559726547895302,0.42485526947420577
2026-04-23 07:47:53.900,3509416.4994,779160.3046,5250969.1143,,0.0221,0.0093,0.0181,0.03004180420680489,12,0.020999996922910213,-0.00699999975040555,0.0,,0.312541197284454,0.13152186130069782,0.2559726547895302,0.42485526947420577
2026-04-23 07:47:54.000,3509416.5015,779160.3047,5250969.114,,0.0221,0.0093,0.0181,0.03004180420680489,12,0.022999998182058334,-0.013000000035390258,-0.01799999736249447,,0.312541197284454,0.13081666560496025,0.2559726547895302,0.4246374924568013
2026-04-23 07:47:54.100,3509416.5017,779160.3033,5250969.1125,,0.0221,0.0092,0.0181,0.030010997984072443,12,-0.014999997802078724,-0.0020000000949949026,-0.01799999736249447,,0.312541197284454,0.13081666560496025,0.2559726547895302,0.4246374924568013
2026-04-23 07:47:54.200,3509416.5,779160.3045,5250969.1122,,0.0221,0.0092,0.0181,0.030010997984072443,12,-0.0059999991208314896,0.019999999785795808,-0.010000001639127731,,0.312541197284454,0.13081666560496025,0.2559726547895302,0.4246374924568013
2026-04-23 07:47:54.300,3509416.5011,779160.3053,5250969.1115,,0.0221,0.0093,0.0181,0.03004180420680489,12,0.011999998241662979,-0.007999999215826392,-0.02500000409781933,,0.312541197284454,0.13081666560496025,0.2559726547895302,0.4246374924568013
2026-04-23 07:47:54.400,3509416.5012,779160.3037,5250969.1097,,0.0221,0.0093,0.0181,0.03004180420680489,13,-0.00800000037997961,-0.025000000605359674,-0.022999998182058334,,0.312541197284454,0.13152186130069782,0.2559726547895302,0.42485526947420577
2026-04-23 07:47:54.500,3509416.5003,779160.3028,5250969.1092,,0.0221,0.0093,0.0181,0.03004180420680489,13,-0.01799999736249447,-0.009000001009553671,-0.0069999974220991135,,0.312541197284454,0.13152186130069782,0.2559726547895302,0.42485526947420577
2026-04-23 07:47:54.600,3509416.4994,779160.3028,5250969.109,,0.0221,0.0093,0.0181,0.03004180420680489,13,-0.03200000151991844,0.005000000819563866,-0.004000002518296242,,0.31183489221060556,0.13081666560496025,0.2559726547895302,0.42411790813404704
2026-04-23 07:47:54.700,3509416.4971,779160.3033,5250969.1088,,0.022,0.0092,0.0181,0.029937434759845404,13,-0.0029999995604157448,0.006000000284984708,0.000999998301267624,,0.31183489221060556,0.13081666560496025,0.2559726547895302,0.42411790813404704
2026-04-23 07:47:54.800,3509416.4991,779160.3034,5250969.1091,,0.022,0.0092,0.0181,0.029937434759845404,13,0.002000001259148121,0.0,0.012000007554888725,,0.31042068230064823,0.13010764773832473,0.2559726547895302,0.4228604970909437
2026-04-23 07:47:54.900,3509416.4973,779160.3033,5250969.11,,0.0219,0.0092,0.0181,0.0298640251808091,13,-0.05200000014156103,0.00699999975040555,0.015000002458691597,,0.31042068230064823,0.13010764773832473,0.2559726547895302,0.4228604970909437
2026-04-23 07:47:55.000,3509416.4939,779160.3041,5250969.1106,,0.0219,0.0092,0.0181,0.0298640251808091,13,-0.03999999724328518,0.0029999995604157448,0.024999994784593582,,0.3090064724241225,0.13010764773832473,0.2559726547895302,0.421823422773084
2026-04-23 07:47:55.100,3509416.4933,779160.3036,5250969.1125,,0.0218,0.0092,0.0181,0.029790770382788025,13,-0.0139999995008111,-0.009999999310821295,0.0279999990016222,,0.3083018001893599,0.13010764773832473,0.2559726547895302,0.4213074886588179
2026-04-23 07:47:55.200,3509416.4925,779160.3031,5250969.1134,,0.0217,0.0092,0.0181,0.02971767151039933,13,0.0,-0.0009999994654208422,0.020000003278255463,,0.3075922625814895,0.13010764773832473,0.2559726547895302,0.4207885454714755
2026-04-23 07:47:55.300,3509416.4933,779160.3035,5250969.1145,,0.0217,0.0092,0.0181,0.02971767151039933,13,-0.02400000113993883,-0.0020000000949949026,0.01600000075995922,,0.30617805277321886,0.13010764773832473,0.2559726547895302,0.41975588143586506
2026-04-23 07:47:55.400,3509416.4901,779160.3029,5250969.115,,0.0216,0.0092,0.0181,0.029644729717101487,13,-0.029000001959502697,-0.0010000006295740604,0.015000002458691597,,0.30617805277321886,0.13010764773832473,0.2559726547895302,0.41975588143586506
2026-04-23 07:47:55.500,3509416.4904,779160.3034,5250969.116,,0.0216,0.0092,0.0181,0.029644729717101487,13,-0.0139999995008111,-0.0029999995604157448,0.01600000075995922,,0.3047638429997889,0.13010764773832473,0.2559726547895302,0.41872544704137576
2026-04-23 07:47:55.600,3509416.4887,779160.3026,5250969.1166,,0.0215,0.0092,0.0181,0.02957194616524249,13,-0.030999998562037945,-0.009999999310821295,0.023999996483325958,,0.3047638429997889,0.13010764773832473,0.2559726547895302,0.41872544704137576
2026-04-23 07:47:55.700,3509416.4873,779160.3024,5250969.1184,,0.0215,0.0092,0.0181,0.02957194616524249,13,-0.010000001639127731,0.014999998966231942,0.032999999821186066,,0.30405591591021536,0.13010764773832473,0.2559726547895302,0.4182104733265296
2026-04-23 07:47:55.800,3509416.4877,779160.3041,5250969.1199,,0.0215,0.0092,0.0181,0.02957194616524249,13,0.02599999774247408,0.004999999655410647,0.011999998241662979,,0.30334963326168696,0.13010764773832473,0.2559726547895302,0.41769725878918573
2026-04-23 07:47:55.900,3509416.4899,779160.3029,5250969.1196,,0.0214,0.0092,0.0181,0.02949932202610765,13,0.015000002458691597,-0.0139999995008111,-0.015000002458691597,,0.30334963326168696,0.13010764773832473,0.255266527378738,0.4172649038680344
2026-04-23 07:47:56.000,3509416.4892,779160.3027,5250969.1184,,0.0214,0.0092,0.018,0.029438070588949948,13,-0.0069999974220991135,-0.0010000006295740604,-0.015000002458691597,,0.30264170234784227,0.13010764773832473,0.255266527378738,0.4167505248946904
2026-04-23 07:47:56.100,3509416.4892,779160.3028,5250969.1181,,0.0214,0.0092,0.018,0.029438070588949948,13,0.0139999995008111,0.00699999975040555,-0.003000004217028618,,0.30264170234784227,0.13010764773832473,0.2545584412271571,0.4163171867698954
2026-04-23 07:47:56.200,3509416.4906,779160.3034,5250969.1181,,0.0214,0.0092,0.018,0.029438070588949948,13,0.01799999736249447,-0.003999999025836587,-0.0049999915063381195,,0.30193542355940944,0.13010764773832473,0.2545584412271571,0.4158040403844099
2026-04-23 07:47:56.300,3509416.491,779160.3024,5250969.1176,,0.0213,0.0092,0.018,0.029365455896341878,13,0.005000000819563866,-0.01500000013038516,-0.016999999061226845,,0.30193542355940944,0.13010764773832473,0.2545584412271571,0.4158040403844099
2026-04-23 07:47:56.400,3509416.4911,779160.3019,5250969.1164,,0.0213,0.0092,0.018,0.029365455896341878,13,0.010999999940395355,-0.010000000474974513,-0.012000007554888725,,0.30122748878546923,0.13010764773832473,0.2545584412271571,0.41529025993875657
2026-04-23 07:47:56.500,3509416.4921,779160.3014,5250969.1164,,0.0213,0.0092,0.018,0.029365455896341878,13,0.022999998182058334,0.004000000189989805,-0.003999993205070496,,0.30122748878546923,0.13010764773832473,0.2545584412271571,0.41529025993875657
2026-04-23 07:47:56.600,3509416.4934,779160.3023,5250969.116,,0.0213,0.0092,0.018,0.029365455896341878,13,0.016999999061226845,0.010999999940395355,-0.000999998301267624,,0.30122748878546923,0.13010764773832473,0.2545584412271571,0.41529025993875657
2026-04-23 07:47:56.700,3509416.4938,779160.3025,5250969.1163,,0.0213,0.0092,0.018,0.029365455896341878,13,0.011999998241662979,-0.0020000000949949026,0.010999999940395355,,0.30122748878546923,0.13010764773832473,0.2545584412271571,0.41529025993875657
2026-04-23 07:47:56.800,3509416.4946,779160.3021,5250969.1171,,0.0213,0.0092,0.018,0.029365455896341878,13,0.002000001259148121,-0.0020000000949949026,0.0069999974220991135,,0.30122748878546923,0.13010764773832473,0.2545584412271571,0.41529025993875657
2026-04-23 07:47:56.900,3509416.494,779160.3023,5250969.117,,0.0213,0.0092,0.018,0.029365455896341878,13,0.0029999995604157448,-0.0009999994654208422,0.000999998301267624,,0.30122748878546923,0.13010764773832473,0.2545584412271571,0.41529025993875657
2026-04-23 07:47:57.000,3509416.4949,779160.302,5250969.1172,,0.0213,0.0092,0.018,0.029365455896341878,13,0.021000001579523087,-0.004000000189989805,0.009000003337860107,,0.3005212138934621,0.13010764773832473,0.2538523192724462,0.4143452666557203
2026-04-23 07:47:57.100,3509416.4961,779160.3019,5250969.1179,,0.0212,0.0092,0.0179,0.029231660917573603,13,0.002000001259148121,0.0,0.005000000819563866,,0.3005212138934621,0.13010764773832473,0.2538523192724462,0.4143452666557203
2026-04-23 07:47:57.200,3509416.4951,779160.302,5250969.1177,,0.0212,0.0092,0.0179,0.029231660917573603,13,-0.005000000819563866,-0.0059999991208314896,0.01900000497698784,,0.29981327522309614,0.13010764773832473,0.253144227664784,0.4133981132032414
2026-04-23 07:47:57.300,3509416.4956,779160.3013,5250969.1198,,0.0212,0.0092,0.0179,0.029231660917573603,13,0.00800000037997961,-0.01600000075995922,0.010000001639127731,,0.29981327522309614,0.13010764773832473,0.253144227664784,0.4133981132032414
2026-04-23 07:47:57.400,3509416.4959,779160.3004,5250969.1187,,0.0212,0.0092,0.0179,0.029231660917573603,13,0.00800000037997961,0.0019999989308416843,-0.01600000075995922,,0.29981327522309614,0.13010764773832473,0.253144227664784,0.4133981132032414
2026-04-23 07:47:57.500,3509416.4964,779160.3015,5250969.1182,,0.0212,0.0092,0.0179,0.029231660917573603,13,-0.011999998241662979,0.02900000079534948,0.0069999974220991135,,0.29981327522309614,0.13010764773832473,0.253144227664784,0.4133981132032414
2026-04-23 07:47:57.600,3509416.4947,779160.3033,5250969.1194,,0.0212,0.0092,0.0179,0.029231660917573603,13,-0.01600000075995922,0.007000000914558768,0.0,,0.29981327522309614,0.13010764773832473,0.253144227664784,0.4133981132032414
2026-04-23 07:47:57.700,3509416.4948,779160.3022,5250969.1182,,0.0212,0.0092,0.0179,0.029231660917573603,13,0.009999996982514858,-0.010000000474974513,-0.01600000075995922,,0.29981327522309614,0.13010764773832473,0.253144227664784,0.4133981132032414
2026-04-23 07:47:57.800,3509416.4957,779160.3023,5250969.1178,,0.0212,0.0092,0.0179,0.029231660917573603,13,0.021000001579523087,-0.005000000819563866,-0.01700000837445259,,0.29981327522309614,0.13010764773832473,0.253144227664784,0.4133981132032414
2026-04-23 07:47:57.900,3509416.4969,779160.3017,5250969.1165,,0.0212,0.0092,0.0179,0.029231660917573603,13,0.02199999988079071,-0.004999999655410647,-0.003000004217028618,,0.29981327522309614,0.13010764773832473,0.253144227664784,0.4133981132032414
2026-04-23 07:47:58.000,3509416.4979,779160.3018,5250969.1175,,0.0212,0.0092,0.0179,0.029231660917573603,13,0.0139999995008111,-0.0139999995008111,-0.000999998301267624,,0.29981327522309614,0.13010764773832473,0.253144227664784,0.4133981132032414
2026-04-23 07:47:58.100,3509416.4983,779160.3003,5250969.1164,,0.0212,0.0092,0.0179,0.029231660917573603,13,0.006000003777444363,-0.010000000474974513,-0.022999998182058334,,0.29981327522309614,0.13010764773832473,0.253144227664784,0.4133981132032414
2026-04-23 07:47:58.200,3509416.4985,779160.3008,5250969.1152,,0.0212,0.0092,0.0179,0.029231660917573603,13,0.009999996982514858,0.017000000225380063,-0.005000000819563866,,0.29981327522309614,0.13010764773832473,0.253144227664784,0.4133981132032414
2026-04-23 07:47:58.300,3509416.4993,779160.302,5250969.1159,,0.0212,0.0092,0.0179,0.029231660917573603,13,0.014999997802078724,0.010999999940395355,-0.0029999949038028717,,0.29981327522309614,0.13010764773832473,0.253144227664784,0.4133981132032414
2026-04-23 07:47:58.400,3509416.5,779160.3019,5250969.1149,,0.0212,0.0092,0.0179,0.029231660917573603,13,0.013000001199543476,0.009999999310821295,-0.000999998301267624,,0.29981327522309614,0.13010764773832473,0.253144227664784,0.4133981132032414
2026-04-23 07:47:58.500,3509416.5006,779160.303,5250969.1158,,0.0212,0.0092,0.0179,0.029231660917573603,13,0.0,0.017000000225380063,0.027000000700354576,,0.29981327522309614,0.13010764773832473,0.253144227664784,0.4133981132032414
2026-04-23 07:47:58.600,3509416.5,779160.3036,5250969.1176,,0.0212,0.0092,0.0179,0.029231660917573603,13,-0.01600000075995922,0.007000000914558768,0.009000003337860107,,0.29981327522309614,0.13010764773832473,0.253144227664784,0.4133981132032414
2026-04-23 07:47:58.700,3509416.499,779160.3037,5250969.1167,,0.0212,0.0092,0.0179,0.029231660917573603,13,-0.013000001199543476,0.008999999845400453,-0.00700000673532486,,0.2991070042643602,0.13010764773832473,0.253144227664784,0.4128861828639946
2026-04-23 07:47:58.800,3509416.4987,779160.3045,5250969.1169,,0.0211,0.0092,0.0179,0.02915921809651281,13,-0.01999999862164259,-0.0010000006295740604,-0.003000004217028618,,0.2991070042643602,0.13010764773832473,0.253144227664784,0.4128861828639946
2026-04-23 07:47:58.900,3509416.497,779160.3036,5250969.1164,,0.0211,0.0092,0.0179,0.02915921809651281,13,-0.011999998241662979,-0.02199999988079071,-0.015000002458691597,,0.29839906166072305,0.13010764773832473,0.253144227664784,0.4123736170028339
2026-04-23 07:47:59.000,3509416.4975,779160.3023,5250969.1154,,0.0211,0.0092,0.0179,0.02915921809651281,13,0.0279999990016222,-0.02800000016577542,-0.02199999988079071,,0.29839906166072305,0.13010764773832473,0.253144227664784,0.4123736170028339
2026-04-23 07:47:59.100,3509416.4998,779160.3008,5250969.1142,,0.0211,0.0092,0.0179,0.02915921809651281,13,0.02400000113993883,-0.015999999595806003,-0.018999995663762093,,0.29839906166072305,0.13010764773832473,0.253144227664784,0.4123736170028339
2026-04-23 07:47:59.200,3509416.4999,779160.3007,5250969.1135,,0.0211,0.0092,0.0179,0.02915921809651281,13,-0.00800000037997961,0.005000000819563866,-0.0029999949038028717,,0.29839906166072305,0.13010764773832473,0.253144227664784,0.4123736170028339
2026-04-23 07:47:59.300,3509416.499,779160.3013,5250969.1139,,0.0211,0.0092,0.0179,0.02915921809651281,13,-0.03000000026077032,-0.014000000664964318,-0.0059999991208314896,,0.29839906166072305,0.13010764773832473,0.253144227664784,0.4123736170028339
2026-04-23 07:47:59.400,3509416.4969,779160.2993,5250969.1129,,0.0211,0.0092,0.0179,0.02915921809651281,13,-0.034999996423721313,-0.020000000949949026,-0.01900000497698784,,0.29839906166072305,0.13010764773832473,0.253144227664784,0.4123736170028339
2026-04-23 07:47:59.500,3509416.4955,779160.2993,5250969.112,,0.0211,0.0092,0.0179,0.02915921809651281,13,-0.01600000075995922,-0.0020000000949949026,-0.020000003278255463,,0.29839906166072305,0.13010764773832473,0.253144227664784,0.4123736170028339
2026-04-23 07:47:59.600,3509416.4953,779160.2991,5250969.1109,,0.0211,0.0092,0.0179,0.02915921809651281,13,-0.005000000819563866,-0.0009999994654208422,-0.01499999314546585,,0.29839906166072305,0.13010764773832473,0.253144227664784,0.4123736170028339
2026-04-23 07:47:59.700,3509416.495,779160.2992,5250969.1105,,0.0211,0.0092,0.0179,0.02915921809651281,13,-0.001000002957880497,0.01600000075995922,-0.0069999974220991135,,0.29839906166072305,0.13010764773832473,0.253144227664784,0.4123736170028339
2026-04-23 07:47:59.800,3509416.4952,779160.3007,5250969.1102,,0.0211,0.0092,0.0179,0.02915921809651281,13,-0.002000001259148121,0.004000000189989805,-0.02300000749528408,,0.29839906166072305,0.13010764773832473,0.253144227664784,0.4123736170028339
2026-04-23 07:47:59.900,3509416.4948,779160.2996,5250969.1082,,0.0211,0.0092,0.0179,0.02915921809651281,13,0.004000002518296242,-0.00800000037997961,-0.031000003218650818,,0.29839906166072305,0.13010764773832473,0.253144227664784,0.4123736170028339
2026-04-23 07:48:00.000,3509416.4956,779160.2999,5250969.1071,,0.0211,0.0092,0.0179,0.02915921809651281,13,0.00800000037997961,0.0029999995604157448,-0.010999999940395355,,0.29839906166072305,0.13010764773832473,0.253144227664784,0.4123736170028339
