% program   : RTKPOST-EX 2.5.0
% inp file  : C:\Users\holge\git\GNSS_IMU\data\run4.obs
% inp file  : C:\Users\holge\git\GNSS_IMU\data\b32800DNK_R_20261130700_01H_01S_MO.rnx
% inp file  : C:\Users\holge\git\GNSS_IMU\data\b32800DNK_R_20261130700_01H_GN.rnx
% inp file  : C:\Users\holge\git\GNSS_IMU\data\COD0OPSRAP_20261130000_01D_05M_ORB.SP3
% obs start : 2026/04/23 07:43:00.0 GPST (week2415 373380.0s)
% obs end   : 2026/04/23 07:48:00.0 GPST (week2415 373680.0s)
% pos mode  : Kinematic
% freqs     : L1+L2/E5b+L5+L6
% solution  : Forward
% elev mask : 15.0 deg
% dynamics  : on
% tidecorr  : solid
% ionos opt : Iono-Free LC
% tropo opt : Saastamoinen
% ephemeris : Precise
% navi sys  : GPS GLONASS Galileo BDS
% amb res   : Fix and Hold
% amb glo   : Fix and Hold
% amb bds   : on
% val thres : 3.0
% antenna1  :                       ( 0.0000  0.0000  0.0762)
% antenna2  :                       ( 0.0000  0.0000  0.2567)
% ref pos   :   3509449.0069    779054.7259   5250988.6520
%
% (x/y/z-ecef=WGS84,Q=1:fix,2:float,3:sbas,4:dgps,5:single,6:ppp,ns=# of satellites)
%  GPST                      x-ecef(m)      y-ecef(m)      z-ecef(m)   Q  ns   sdx(m)   sdy(m)   sdz(m)  sdxy(m)  sdyz(m)  sdzx(m) age(s)  ratio
2026/04/23 07:43:00.000   3509409.8558    779162.8838   5250970.9596   2   8   7.1885   3.8289   8.0711   3.5676   3.7491   5.8162   0.00    0.0
2026/04/23 07:43:00.100   3509409.6934    779162.8918   5250970.8371   2   8   5.2552   2.7535   5.8852   2.6086   2.7438   4.2947   0.10    0.0
2026/04/23 07:43:00.200   3509409.6802    779162.8602   5250970.8266   2   8   4.3412   2.2614   4.8572   2.1551   2.2674   3.5601   0.20    0.0
2026/04/23 07:43:00.300   3509409.7175    779162.8436   5250970.8647   2   8   3.7820   1.9643   4.2295   1.8776   1.9757   3.1069   0.30    0.0
2026/04/23 07:43:00.400   3509409.7695    779162.8540   5250970.9075   2   8   3.3950   1.7601   3.7955   1.6855   1.7736   2.7919   0.40    0.0
2026/04/23 07:43:00.500   3509409.7859    779162.8504   5250970.9278   2   8   3.1067   1.6087   3.4724   1.5425   1.6231   2.5566  -0.50    0.0
2026/04/23 07:43:00.600   3509409.8123    779162.8518   5250970.9807   2   8   2.8812   1.4906   3.2198   1.4305   1.5053   2.3722  -0.40    0.0
2026/04/23 07:43:00.700   3509409.7939    779162.8489   5250970.9802   2   8   2.6986   1.3953   3.0153   1.3399   1.4099   2.2227  -0.30    0.0
2026/04/23 07:43:00.800   3509409.7791    779162.8456   5250970.9801   2   8   2.5469   1.3161   2.8453   1.2646   1.3306   2.0982  -0.20    0.0
2026/04/23 07:43:00.900   3509409.7593    779162.8339   5250970.9670   2   8   2.4181   1.2491   2.7011   1.2006   1.2633   1.9926  -0.10    0.0
2026/04/23 07:43:01.000   3509409.7367    779162.8258   5250970.9548   2   8   2.3071   1.1913   2.5768   1.1455   1.2052   1.9014   0.00    0.0
2026/04/23 07:43:01.100   3509409.7174    779162.8115   5250970.9358   2   8   2.2101   1.1409   2.4681   1.0973   1.1544   1.8216   0.10    0.0
2026/04/23 07:43:01.200   3509409.6864    779162.8004   5250970.9210   2   8   2.1243   1.0964   2.3721   1.0547   1.1096   1.7511   0.20    0.0
2026/04/23 07:43:01.300   3509409.6747    779162.7871   5250970.9163   2   8   2.0478   1.0567   2.2864   1.0167   1.0695   1.6881   0.30    0.0
2026/04/23 07:43:01.400   3509409.6671    779162.7686   5250970.9078   2   8   1.9790   1.0210   2.2093   0.9826   1.0335   1.6315   0.40    0.0
2026/04/23 07:43:01.500   3509409.6480    779162.7514   5250970.8991   2   8   1.9167   0.9887   2.1394   0.9516   1.0009   1.5802  -0.50    0.0
2026/04/23 07:43:01.600   3509409.6544    779162.7344   5250970.8923   2   8   1.8599   0.9593   2.0758   0.9234   0.9711   1.5334  -0.40    0.0
2026/04/23 07:43:01.700   3509409.6623    779162.7162   5250970.8935   2   8   1.8079   0.9323   2.0174   0.8976   0.9438   1.4904  -0.30    0.0
2026/04/23 07:43:01.800   3509409.6858    779162.6936   5250970.9115   2   8   1.7600   0.9075   1.9637   0.8738   0.9187   1.4509  -0.20    0.0
2026/04/23 07:43:01.900   3509409.7183    779162.6713   5250970.9274   2   8   1.7157   0.8846   1.9140   0.8517   0.8955   1.4144  -0.10    0.0
2026/04/23 07:43:02.000   3509409.7556    779162.6526   5250970.9345   2   8   1.6746   0.8633   1.8678   0.8313   0.8739   1.3804   0.00    0.0
2026/04/23 07:43:02.100   3509409.7979    779162.6404   5250970.9555   2   8   1.6362   0.8435   1.8248   0.8122   0.8538   1.3487   0.10    0.0
2026/04/23 07:43:02.200   3509409.8374    779162.6243   5250970.9782   2   8   1.6004   0.8250   1.7845   0.7944   0.8350   1.3191   0.20    0.0
2026/04/23 07:43:02.300   3509409.8720    779162.6063   5250970.9996   2   8   1.5669   0.8076   1.7468   0.7777   0.8173   1.2914   0.30    0.0
2026/04/23 07:43:02.400   3509409.9066    779162.5873   5250971.0203   2   8   1.5353   0.7913   1.7113   0.7621   0.8007   1.2653   0.40    0.0
2026/04/23 07:43:02.500   3509409.9446    779162.5716   5250971.0428   2   8   1.5056   0.7760   1.6779   0.7473   0.7851   1.2407  -0.50    0.0
2026/04/23 07:43:02.600   3509409.9879    779162.5579   5250971.0723   2   8   1.4775   0.7615   1.6463   0.7333   0.7703   1.2174  -0.40    0.0
2026/04/23 07:43:02.700   3509410.0289    779162.5381   5250971.0891   2   8   1.4509   0.7477   1.6163   0.7201   0.7563   1.1954  -0.30    0.0
2026/04/23 07:43:02.800   3509410.0759    779162.5200   5250971.1091   2   8   1.4257   0.7347   1.5879   0.7075   0.7430   1.1745  -0.20    0.0
2026/04/23 07:43:02.900   3509410.1214    779162.4988   5250971.1334   2   8   1.4018   0.7224   1.5609   0.6956   0.7304   1.1547  -0.10    0.0
2026/04/23 07:43:03.000   3509410.1706    779162.4824   5250971.1601   2   8   1.3790   0.7106   1.5352   0.6843   0.7184   1.1357   0.00    0.0
2026/04/23 07:43:03.100   3509410.2241    779162.4673   5250971.1934   2   8   1.3573   0.6994   1.5107   0.6734   0.7069   1.1177   0.10    0.0
2026/04/23 07:43:03.200   3509410.2623    779162.4466   5250971.2089   2   8   1.3366   0.6887   1.4873   0.6631   0.6959   1.1005   0.20    0.0
2026/04/23 07:43:03.300   3509410.3082    779162.4355   5250971.2286   2   8   1.3168   0.6785   1.4649   0.6532   0.6855   1.0840   0.30    0.0
2026/04/23 07:43:03.400   3509410.3461    779162.4242   5250971.2337   2   8   1.2978   0.6687   1.4435   0.6438   0.6754   1.0682   0.40    0.0
2026/04/23 07:43:03.500   3509410.3870    779162.4134   5250971.2392   2   8   1.2796   0.6593   1.4229   0.6347   0.6658   1.0531  -0.50    0.0
2026/04/23 07:43:03.600   3509410.4307    779162.4017   5250971.2522   2   8   1.2622   0.6503   1.4031   0.6260   0.6566   1.0386  -0.40    0.0
2026/04/23 07:43:03.700   3509410.4755    779162.3952   5250971.2683   2   8   1.2454   0.6416   1.3841   0.6177   0.6477   1.0246  -0.30    0.0
2026/04/23 07:43:03.800   3509410.5182    779162.3890   5250971.2798   2   8   1.2293   0.6333   1.3659   0.6096   0.6391   1.0112  -0.20    0.0
2026/04/23 07:43:03.900   3509410.5598    779162.3820   5250971.3024   2   8   1.2137   0.6253   1.3482   0.6019   0.6309   0.9982  -0.10    0.0
2026/04/23 07:43:04.000   3509410.6023    779162.3739   5250971.3299   2   8   1.1988   0.6176   1.3313   0.5944   0.6229   0.9858   0.00    0.0
2026/04/23 07:43:04.100   3509410.6537    779162.3662   5250971.3576   2   8   1.1844   0.6102   1.3149   0.5872   0.6152   0.9737   0.10    0.0
2026/04/23 07:43:04.200   3509410.6988    779162.3590   5250971.3845   2   8   1.1704   0.6030   1.2990   0.5802   0.6078   0.9621   0.20    0.0
2026/04/23 07:43:04.300   3509410.7382    779162.3473   5250971.3996   2   8   1.1570   0.5960   1.2837   0.5735   0.6006   0.9508   0.30    0.0
2026/04/23 07:43:04.400   3509410.7867    779162.3391   5250971.4242   2   8   1.1440   0.5893   1.2689   0.5670   0.5937   0.9400   0.40    0.0
2026/04/23 07:43:04.500   3509410.8446    779162.3293   5250971.4568   2   8   1.1314   0.5828   1.2545   0.5607   0.5870   0.9294  -0.50    0.0
2026/04/23 07:43:04.600   3509410.9084    779162.3211   5250971.4942   2   8   1.1192   0.5766   1.2406   0.5546   0.5805   0.9192  -0.40    0.0
2026/04/23 07:43:04.700   3509410.9692    779162.3143   5250971.5301   2   8   1.1074   0.5705   1.2271   0.5487   0.5742   0.9093  -0.30    0.0
2026/04/23 07:43:04.800   3509411.0380    779162.3106   5250971.5730   2   8   1.0959   0.5646   1.2141   0.5430   0.5680   0.8997  -0.20    0.0
2026/04/23 07:43:04.900   3509411.1058    779162.3046   5250971.6130   2   8   1.0848   0.5588   1.2013   0.5374   0.5621   0.8904  -0.10    0.0
2026/04/23 07:43:05.000   3509411.1774    779162.2967   5250971.6545   2   8   1.0740   0.5533   1.1890   0.5320   0.5563   0.8813   0.00    0.0
2026/04/23 07:43:05.100   3509411.2512    779162.2917   5250971.6978   2   8   1.0636   0.5479   1.1770   0.5268   0.5507   0.8725   0.10    0.0
2026/04/23 07:43:05.200   3509411.3223    779162.2888   5250971.7420   2   8   1.0534   0.5426   1.1653   0.5217   0.5452   0.8639   0.20    0.0
2026/04/23 07:43:05.300   3509411.3927    779162.2870   5250971.7909   2   8   1.0435   0.5375   1.1539   0.5167   0.5399   0.8556   0.30    0.0
2026/04/23 07:43:05.400   3509411.4620    779162.2858   5250971.8348   2   8   1.0338   0.5326   1.1428   0.5119   0.5347   0.8475   0.40    0.0
2026/04/23 07:43:05.500   3509411.5383    779162.2873   5250971.8850   2   8   1.0244   0.5277   1.1320   0.5072   0.5296   0.8396  -0.50    0.0
2026/04/23 07:43:05.600   3509411.6053    779162.2862   5250971.9192   2   8   1.0153   0.5230   1.1215   0.5026   0.5247   0.8318  -0.40    0.0
2026/04/23 07:43:05.700   3509411.6738    779162.2847   5250971.9618   2   8   1.0064   0.5184   1.1112   0.4981   0.5199   0.8243  -0.30    0.0
2026/04/23 07:43:05.800   3509411.7400    779162.2827   5250971.9997   2   8   0.9977   0.5140   1.1012   0.4938   0.5152   0.8170  -0.20    0.0
2026/04/23 07:43:05.900   3509411.8048    779162.2800   5250972.0368   2   8   0.9892   0.5096   1.0914   0.4895   0.5106   0.8098  -0.10    0.0
2026/04/23 07:43:06.000   3509411.8668    779162.2767   5250972.0670   2   8   0.9810   0.5053   1.0819   0.4853   0.5061   0.8028   0.00    0.0
2026/04/23 07:43:06.100   3509411.9242    779162.2752   5250972.0918   2   8   0.9729   0.5012   1.0725   0.4813   0.5017   0.7960   0.10    0.0
2026/04/23 07:43:06.200   3509411.9805    779162.2719   5250972.1245   2   8   0.9650   0.4971   1.0634   0.4773   0.4974   0.7893   0.20    0.0
2026/04/23 07:43:06.300   3509412.0302    779162.2651   5250972.1450   2   8   0.9573   0.4932   1.0545   0.4735   0.4933   0.7828   0.30    0.0
2026/04/23 07:43:06.400   3509412.0744    779162.2558   5250972.1600   2   8   0.9498   0.4893   1.0457   0.4697   0.4892   0.7764   0.40    0.0
2026/04/23 07:43:06.500   3509412.1171    779162.2442   5250972.1797   2   8   0.9425   0.4855   1.0372   0.4660   0.4851   0.7701  -0.50    0.0
2026/04/23 07:43:06.600   3509412.1679    779162.2363   5250972.2055   2   8   0.9353   0.4818   1.0288   0.4623   0.4812   0.7640  -0.40    0.0
2026/04/23 07:43:06.700   3509412.2196    779162.2283   5250972.2248   2   8   0.9282   0.4782   1.0206   0.4588   0.4774   0.7580  -0.30    0.0
2026/04/23 07:43:06.800   3509412.2692    779162.2161   5250972.2465   2   8   0.9213   0.4746   1.0126   0.4553   0.4736   0.7521  -0.20    0.0
2026/04/23 07:43:06.900   3509412.3210    779162.2041   5250972.2698   2   8   0.9146   0.4712   1.0047   0.4519   0.4699   0.7464  -0.10    0.0
2026/04/23 07:43:07.000   3509412.3736    779162.1921   5250972.2865   2   8   0.9080   0.4678   0.9970   0.4486   0.4663   0.7408   0.00    0.0
2026/04/23 07:43:07.100   3509412.4265    779162.1804   5250972.3089   2   8   0.9015   0.4644   0.9894   0.4453   0.4627   0.7352   0.10    0.0
2026/04/23 07:43:07.200   3509412.4784    779162.1682   5250972.3326   2   8   0.8952   0.4612   0.9820   0.4421   0.4593   0.7298   0.20    0.0
2026/04/23 07:43:07.300   3509412.5387    779162.1577   5250972.3642   2   8   0.8890   0.4580   0.9747   0.4390   0.4558   0.7245   0.30    0.0
2026/04/23 07:43:07.400   3509412.6028    779162.1493   5250972.4001   2   8   0.8829   0.4548   0.9675   0.4359   0.4525   0.7193   0.40    0.0
2026/04/23 07:43:07.500   3509412.6610    779162.1391   5250972.4278   2   8   0.8769   0.4518   0.9605   0.4329   0.4492   0.7142  -0.50    0.0
2026/04/23 07:43:07.600   3509412.7183    779162.1279   5250972.4582   2   8   0.8710   0.4488   0.9536   0.4299   0.4460   0.7091  -0.40    0.0
2026/04/23 07:43:07.700   3509412.7739    779162.1193   5250972.4971   2   8   0.8653   0.4458   0.9468   0.4270   0.4428   0.7042  -0.30    0.0
2026/04/23 07:43:07.800   3509412.8292    779162.1137   5250972.5328   2   8   0.8596   0.4429   0.9402   0.4242   0.4396   0.6993  -0.20    0.0
2026/04/23 07:43:07.900   3509412.8793    779162.1048   5250972.5585   2   8   0.8541   0.4400   0.9336   0.4214   0.4366   0.6946  -0.10    0.0
2026/04/23 07:43:08.000   3509412.9269    779162.0935   5250972.5829   2   8   0.8487   0.4373   0.9272   0.4186   0.4336   0.6899   0.00    0.0
2026/04/23 07:43:08.100   3509412.9725    779162.0843   5250972.6036   2   8   0.8433   0.4345   0.9209   0.4159   0.4306   0.6853   0.10    0.0
2026/04/23 07:43:08.200   3509413.0214    779162.0757   5250972.6285   2   8   0.8381   0.4318   0.9146   0.4132   0.4277   0.6807   0.20    0.0
2026/04/23 07:43:08.300   3509413.0718    779162.0654   5250972.6530   2   8   0.8329   0.4292   0.9085   0.4106   0.4248   0.6763   0.30    0.0
2026/04/23 07:43:08.400   3509413.1196    779162.0539   5250972.6720   2   8   0.8278   0.4265   0.9025   0.4080   0.4220   0.6719   0.40    0.0
2026/04/23 07:43:08.500   3509413.1682    779162.0434   5250972.6915   2   8   0.8229   0.4240   0.8966   0.4055   0.4192   0.6676  -0.50    0.0
2026/04/23 07:43:08.600   3509413.2235    779162.0334   5250972.7260   2   8   0.8180   0.4215   0.8907   0.4030   0.4164   0.6633  -0.40    0.0
2026/04/23 07:43:08.700   3509413.2839    779162.0269   5250972.7636   2   8   0.8131   0.4190   0.8850   0.4006   0.4137   0.6592  -0.30    0.0
2026/04/23 07:43:08.800   3509413.3452    779162.0251   5250972.8017   2   8   0.8084   0.4165   0.8793   0.3981   0.4111   0.6551  -0.20    0.0
2026/04/23 07:43:08.900   3509413.4110    779162.0236   5250972.8416   2   8   0.8037   0.4142   0.8737   0.3958   0.4085   0.6510  -0.10    0.0
2026/04/23 07:43:09.000   3509413.4791    779162.0224   5250972.8849   2   8   0.7991   0.4118   0.8682   0.3934   0.4059   0.6470   0.00    0.0
2026/04/23 07:43:09.100   3509413.5436    779162.0202   5250972.9237   2   8   0.7946   0.4095   0.8628   0.3911   0.4033   0.6431   0.10    0.0
2026/04/23 07:43:09.200   3509413.6101    779162.0184   5250972.9672   2   8   0.7902   0.4072   0.8575   0.3889   0.4008   0.6392   0.20    0.0
2026/04/23 07:43:09.300   3509413.6830    779162.0205   5250973.0224   2   8   0.7858   0.4049   0.8522   0.3866   0.3983   0.6354   0.30    0.0
2026/04/23 07:43:09.400   3509413.7568    779162.0237   5250973.0727   2   8   0.7815   0.4027   0.8470   0.3844   0.3959   0.6316   0.40    0.0
2026/04/23 07:43:09.500   3509413.8310    779162.0296   5250973.1209   2   8   0.7772   0.4005   0.8419   0.3823   0.3935   0.6279  -0.50    0.0
2026/04/23 07:43:09.600   3509413.9072    779162.0374   5250973.1669   2   8   0.7731   0.3984   0.8369   0.3801   0.3911   0.6243  -0.40    0.0
2026/04/23 07:43:09.700   3509413.9819    779162.0451   5250973.2129   2   8   0.7689   0.3963   0.8319   0.3780   0.3888   0.6207  -0.30    0.0
2026/04/23 07:43:09.800   3509414.0539    779162.0551   5250973.2563   2   8   0.7649   0.3942   0.8270   0.3760   0.3865   0.6171  -0.20    0.0
2026/04/23 07:43:09.900   3509414.1259    779162.0648   5250973.3039   2   8   0.7609   0.3921   0.8221   0.3739   0.3842   0.6136  -0.10    0.0
2026/04/23 07:43:10.000   3509414.1981    779162.0746   5250973.3573   2   8   0.7569   0.3901   0.8174   0.3719   0.3820   0.6101   0.00    0.0
2026/04/23 07:43:10.100   3509414.2729    779162.0858   5250973.4100   2   8   0.7530   0.3881   0.8126   0.3699   0.3797   0.6067   0.10    0.0
2026/04/23 07:43:10.200   3509414.3450    779162.0969   5250973.4619   2   8   0.7492   0.3861   0.8080   0.3679   0.3775   0.6033   0.20    0.0
2026/04/23 07:43:10.300   3509414.4142    779162.1082   5250973.5087   2   8   0.7454   0.3842   0.8034   0.3660   0.3754   0.6000   0.30    0.0
2026/04/23 07:43:10.400   3509414.4879    779162.1204   5250973.5579   2   8   0.7417   0.3823   0.7988   0.3641   0.3732   0.5967   0.40    0.0
2026/04/23 07:43:10.500   3509414.5646    779162.1334   5250973.6080   2   8   0.7380   0.3804   0.7944   0.3622   0.3711   0.5935  -0.50    0.0
2026/04/23 07:43:10.600   3509414.6427    779162.1454   5250973.6623   2   8   0.7344   0.3785   0.7899   0.3604   0.3691   0.5903  -0.40    0.0
2026/04/23 07:43:10.700   3509414.7226    779162.1575   5250973.7123   2   8   0.7308   0.3767   0.7856   0.3585   0.3670   0.5871  -0.30    0.0
2026/04/23 07:43:10.800   3509414.8050    779162.1697   5250973.7656   2   8   0.7273   0.3749   0.7812   0.3567   0.3650   0.5840  -0.20    0.0
2026/04/23 07:43:10.900   3509414.8864    779162.1827   5250973.8181   2   8   0.7238   0.3731   0.7769   0.3549   0.3629   0.5809  -0.10    0.0
2026/04/23 07:43:11.000   3509414.9663    779162.1941   5250973.8743   2   8   0.7203   0.3713   0.7727   0.3531   0.3610   0.5778   0.00    0.0
2026/04/23 07:43:11.100   3509415.0432    779162.2036   5250973.9229   2   8   0.7169   0.3696   0.7685   0.3514   0.3590   0.5748   0.10    0.0
2026/04/23 07:43:11.200   3509415.1171    779162.2128   5250973.9677   2   8   0.7136   0.3679   0.7644   0.3497   0.3570   0.5719   0.20    0.0
2026/04/23 07:43:11.300   3509415.1917    779162.2254   5250974.0135   2   8   0.7103   0.3662   0.7603   0.3480   0.3551   0.5689   0.30    0.0
2026/04/23 07:43:11.400   3509415.2630    779162.2347   5250974.0533   2   8   0.7070   0.3645   0.7563   0.3463   0.3532   0.5660   0.40    0.0
2026/04/23 07:43:11.500   3509415.3291    779162.2424   5250974.0879   2   8   0.7038   0.3628   0.7523   0.3446   0.3514   0.5631  -0.50    0.0
2026/04/23 07:43:11.600   3509415.3989    779162.2529   5250974.1311   2   8   0.7006   0.3612   0.7484   0.3430   0.3495   0.5603  -0.40    0.0
2026/04/23 07:43:11.700   3509415.4725    779162.2650   5250974.1764   2   8   0.6974   0.3596   0.7445   0.3413   0.3477   0.5575  -0.30    0.0
2026/04/23 07:43:11.800   3509415.5457    779162.2756   5250974.2202   2   8   0.6943   0.3580   0.7406   0.3397   0.3458   0.5547  -0.20    0.0
2026/04/23 07:43:11.900   3509415.6189    779162.2869   5250974.2678   2   8   0.6913   0.3564   0.7368   0.3382   0.3440   0.5519  -0.10    0.0
2026/04/23 07:43:12.000   3509415.6938    779162.2988   5250974.3153   2   8   0.6882   0.3549   0.7330   0.3366   0.3423   0.5492   0.00    0.0
2026/04/23 07:43:12.100   3509415.7685    779162.3096   5250974.3622   2   8   0.6852   0.3533   0.7293   0.3350   0.3405   0.5465   0.10    0.0
2026/04/23 07:43:12.200   3509415.8418    779162.3201   5250974.4071   2   8   0.6822   0.3518   0.7256   0.3335   0.3388   0.5439   0.20    0.0
2026/04/23 07:43:12.300   3509415.9163    779162.3312   5250974.4529   2   8   0.6793   0.3503   0.7219   0.3320   0.3370   0.5412   0.30    0.0
2026/04/23 07:43:12.400   3509415.9934    779162.3425   5250974.5008   2   8   0.6764   0.3488   0.7183   0.3305   0.3353   0.5386   0.40    0.0
2026/04/23 07:43:12.500   3509416.0682    779162.3533   5250974.5467   2   8   0.6735   0.3473   0.7147   0.3290   0.3336   0.5361  -0.50    0.0
2026/04/23 07:43:12.600   3509416.1423    779162.3629   5250974.5945   2   8   0.6707   0.3459   0.7112   0.3275   0.3320   0.5335  -0.40    0.0
2026/04/23 07:43:12.700   3509416.2155    779162.3728   5250974.6443   2   8   0.6679   0.3444   0.7076   0.3261   0.3303   0.5310  -0.30    0.0
2026/04/23 07:43:12.800   3509416.2889    779162.3835   5250974.6963   2   8   0.6651   0.3430   0.7042   0.3246   0.3287   0.5285  -0.20    0.0
2026/04/23 07:43:12.900   3509416.3626    779162.3943   5250974.7448   2   8   0.6624   0.3416   0.7007   0.3232   0.3270   0.5260  -0.10    0.0
2026/04/23 07:43:13.000   3509416.4325    779162.4043   5250974.7910   2   8   0.6597   0.3402   0.6973   0.3218   0.3254   0.5236   0.00    0.0
2026/04/23 07:43:13.100   3509416.5053    779162.4149   5250974.8336   2   8   0.6570   0.3389   0.6939   0.3204   0.3238   0.5211   0.10    0.0
2026/04/23 07:43:13.200   3509416.5749    779162.4234   5250974.8783   2   8   0.6543   0.3375   0.6906   0.3190   0.3223   0.5187   0.20    0.0
2026/04/23 07:43:13.300   3509416.6405    779162.4314   5250974.9213   2   8   0.6517   0.3362   0.6872   0.3177   0.3207   0.5164   0.30    0.0
2026/04/23 07:43:13.400   3509416.7043    779162.4388   5250974.9612   2   8   0.6491   0.3348   0.6840   0.3163   0.3191   0.5140   0.40    0.0
2026/04/23 07:43:13.500   3509416.7699    779162.4461   5250974.9981   2   8   0.6465   0.3335   0.6807   0.3150   0.3176   0.5117  -0.50    0.0
2026/04/23 07:43:13.600   3509416.8365    779162.4536   5250975.0374   2   8   0.6440   0.3322   0.6775   0.3137   0.3161   0.5094  -0.40    0.0
2026/04/23 07:43:13.700   3509416.9022    779162.4619   5250975.0766   2   8   0.6415   0.3309   0.6743   0.3124   0.3146   0.5071  -0.30    0.0
2026/04/23 07:43:13.800   3509416.9695    779162.4717   5250975.1167   2   8   0.6390   0.3296   0.6711   0.3111   0.3131   0.5048  -0.20    0.0
2026/04/23 07:43:13.900   3509417.0402    779162.4836   5250975.1617   2   8   0.6365   0.3284   0.6680   0.3098   0.3116   0.5026  -0.10    0.0
2026/04/23 07:43:14.000   3509417.1119    779162.4965   5250975.2041   2   8   0.6341   0.3271   0.6649   0.3085   0.3101   0.5003   0.00    0.0
2026/04/23 07:43:14.100   3509417.1780    779162.5093   5250975.2342   2   8   0.6317   0.3259   0.6618   0.3072   0.3087   0.4981   0.10    0.0
2026/04/23 07:43:14.200   3509417.2396    779162.5204   5250975.2604   2   8   0.6293   0.3247   0.6587   0.3060   0.3072   0.4959   0.20    0.0
2026/04/23 07:43:14.300   3509417.3014    779162.5309   5250975.2952   2   8   0.6269   0.3235   0.6557   0.3048   0.3058   0.4938   0.30    0.0
2026/04/23 07:43:14.400   3509417.3617    779162.5410   5250975.3357   2   8   0.6246   0.3223   0.6527   0.3035   0.3044   0.4916   0.40    0.0
2026/04/23 07:43:14.500   3509417.4231    779162.5520   5250975.3717   2   8   0.6222   0.3211   0.6498   0.3023   0.3030   0.4895  -0.50    0.0
2026/04/23 07:43:14.600   3509417.4825    779162.5614   5250975.4022   2   8   0.6199   0.3199   0.6468   0.3011   0.3016   0.4874  -0.40    0.0
2026/04/23 07:43:14.700   3509417.5348    779162.5671   5250975.4195   2   8   0.6177   0.3187   0.6439   0.2999   0.3002   0.4853  -0.30    0.0
2026/04/23 07:43:14.800   3509417.5844    779162.5733   5250975.4371   2   8   0.6154   0.3176   0.6410   0.2987   0.2989   0.4833  -0.20    0.0
2026/04/23 07:43:14.900   3509417.6312    779162.5770   5250975.4483   2   8   0.6132   0.3164   0.6381   0.2976   0.2975   0.4812  -0.10    0.0
2026/04/23 07:43:15.000   3509417.6760    779162.5834   5250975.4622   2   8   0.6109   0.3153   0.6353   0.2964   0.2961   0.4792   0.00    0.0
2026/04/23 07:43:15.100   3509417.7157    779162.5892   5250975.4713   2   8   0.6088   0.3142   0.6324   0.2953   0.2948   0.4771   0.10    0.0
2026/04/23 07:43:15.200   3509417.7522    779162.5950   5250975.4791   2   8   0.6066   0.3131   0.6296   0.2941   0.2935   0.4751   0.20    0.0
2026/04/23 07:43:15.300   3509417.7885    779162.6018   5250975.4858   2   8   0.6044   0.3120   0.6268   0.2930   0.2922   0.4732   0.30    0.0
2026/04/23 07:43:15.400   3509417.8246    779162.6086   5250975.4921   2   8   0.6023   0.3109   0.6241   0.2919   0.2909   0.4712   0.40    0.0
2026/04/23 07:43:15.500   3509417.8597    779162.6132   5250975.4994   2   8   0.6002   0.3098   0.6214   0.2908   0.2896   0.4692  -0.50    0.0
2026/04/23 07:43:15.600   3509417.8916    779162.6177   5250975.5007   2   8   0.5981   0.3087   0.6186   0.2897   0.2883   0.4673  -0.40    0.0
2026/04/23 07:43:15.700   3509417.9224    779162.6247   5250975.5029   2   8   0.5960   0.3077   0.6159   0.2886   0.2870   0.4654  -0.30    0.0
2026/04/23 07:43:15.800   3509417.9598    779162.6370   5250975.5258   2   8   0.5940   0.3066   0.6133   0.2875   0.2858   0.4635  -0.20    0.0
2026/04/23 07:43:15.900   3509417.9880    779162.6463   5250975.5343   2   8   0.5919   0.3056   0.6106   0.2864   0.2845   0.4616  -0.10    0.0
2026/04/23 07:43:16.000   3509418.0100    779162.6533   5250975.5289   2   8   0.5899   0.3045   0.6080   0.2854   0.2833   0.4597   0.00    0.0
2026/04/23 07:43:16.100   3509418.0389    779162.6632   5250975.5354   2   8   0.5879   0.3035   0.6054   0.2843   0.2820   0.4579   0.10    0.0
2026/04/23 07:43:16.200   3509418.0810    779162.6769   5250975.5594   2   8   0.5859   0.3025   0.6028   0.2833   0.2808   0.4560   0.20    0.0
2026/04/23 07:43:16.300   3509418.1271    779162.6922   5250975.5979   2   8   0.5839   0.3015   0.6002   0.2822   0.2796   0.4542   0.30    0.0
2026/04/23 07:43:16.400   3509418.1707    779162.7089   5250975.6415   2   8   0.5820   0.3005   0.5977   0.2812   0.2784   0.4524   0.40    0.0
2026/04/23 07:43:16.500   3509418.2096    779162.7243   5250975.6739   2   8   0.5800   0.2995   0.5951   0.2802   0.2772   0.4506  -0.50    0.0
2026/04/23 07:43:16.600   3509418.2373    779162.7397   5250975.6862   2   8   0.5781   0.2985   0.5926   0.2792   0.2760   0.4488  -0.40    0.0
2026/04/23 07:43:16.700   3509418.2670    779162.7556   5250975.7071   2   8   0.5764   0.2976   0.5906   0.2784   0.2751   0.4475  -0.30    0.0
2026/04/23 07:43:16.800   3509418.2912    779162.7693   5250975.7313   2   8   0.5748   0.2967   0.5888   0.2776   0.2743   0.4462  -0.20    0.0
2026/04/23 07:43:16.900   3509418.3113    779162.7825   5250975.7490   2   8   0.5731   0.2959   0.5870   0.2768   0.2735   0.4450  -0.10    0.0
2026/04/23 07:43:17.000   3509418.3323    779162.7976   5250975.7603   2   8   0.5715   0.2950   0.5854   0.2760   0.2727   0.4438   0.00    0.0
2026/04/23 07:43:17.100   3509418.3543    779162.8127   5250975.7682   2   8   0.5698   0.2941   0.5837   0.2752   0.2720   0.4426   0.10    0.0
2026/04/23 07:43:17.200   3509418.3741    779162.8278   5250975.7776   2   8   0.5682   0.2933   0.5821   0.2744   0.2712   0.4413   0.20    1.1
2026/04/23 07:43:17.300   3509418.3957    779162.8478   5250975.7935   2   8   0.5665   0.2924   0.5805   0.2736   0.2704   0.4401   0.30    1.1
2026/04/23 07:43:17.400   3509418.4169    779162.8666   5250975.8102   2   7   0.5650   0.2916   0.5791   0.2729   0.2696   0.4388   0.40    1.0
2026/04/23 07:43:17.500   3509418.4406    779162.8805   5250975.8203   2   8   0.5633   0.2908   0.5776   0.2721   0.2689   0.4376  -0.50    1.1
2026/04/23 07:43:17.600   3509418.4636    779162.8927   5250975.8302   2   8   0.5617   0.2899   0.5761   0.2713   0.2682   0.4364  -0.40    1.1
2026/04/23 07:43:17.700   3509418.4608    779162.9016   5250975.8212   2   7   0.5609   0.2891   0.5748   0.2706   0.2675   0.4357  -0.30    1.0
2026/04/23 07:43:17.800   3509418.4532    779162.9081   5250975.8099   2   7   0.5600   0.2883   0.5736   0.2699   0.2668   0.4351  -0.20    1.0
2026/04/23 07:43:17.900   3509418.4850    779162.9161   5250975.8143   2   7   0.5585   0.2875   0.5723   0.2692   0.2661   0.4338  -0.10    1.0
2026/04/23 07:43:18.000   3509418.4836    779162.9188   5250975.7893   2   6   0.5577   0.2867   0.5713   0.2685   0.2654   0.4330   0.00    1.2
2026/04/23 07:43:18.100   3509418.4763    779162.9274   5250975.7766   2   5   0.5570   0.2860   0.5704   0.2678   0.2649   0.4322   0.10    1.5
2026/04/23 07:43:18.200   3509418.4678    779162.9362   5250975.7660   2   5   0.5564   0.2853   0.5695   0.2672   0.2643   0.4314   0.20    1.4
2026/04/23 07:43:18.300   3509418.4590    779162.9464   5250975.7531   2   5   0.5557   0.2846   0.5686   0.2665   0.2638   0.4307   0.30    1.4
2026/04/23 07:43:18.400   3509418.4505    779162.9562   5250975.7394   2   5   0.5550   0.2839   0.5678   0.2658   0.2632   0.4299   0.40    1.4
2026/04/23 07:43:18.500   3509418.4387    779162.9637   5250975.7285   2   5   0.5544   0.2832   0.5669   0.2652   0.2627   0.4291  -0.50    1.4
2026/04/23 07:43:18.600   3509418.4244    779162.9714   5250975.7190   2   5   0.5537   0.2825   0.5661   0.2645   0.2622   0.4284  -0.40    1.4
2026/04/23 07:43:18.700   3509418.4099    779162.9811   5250975.7076   2   5   0.5530   0.2818   0.5653   0.2638   0.2617   0.4276  -0.30    1.4
2026/04/23 07:43:18.800   3509418.3980    779162.9888   5250975.6960   2   5   0.5523   0.2811   0.5645   0.2632   0.2612   0.4268  -0.20    1.4
2026/04/23 07:43:18.900   3509418.3841    779162.9950   5250975.6847   2   5   0.5516   0.2804   0.5637   0.2626   0.2607   0.4261  -0.10    1.3
2026/04/23 07:43:19.000   3509418.3676    779163.0012   5250975.6742   2   5   0.5509   0.2798   0.5629   0.2619   0.2602   0.4253   0.00    1.3
2026/04/23 07:43:19.100   3509418.3499    779163.0063   5250975.6648   2   5   0.5503   0.2791   0.5621   0.2613   0.2597   0.4245   0.10    1.3
2026/04/23 07:43:19.200   3509418.3326    779163.0112   5250975.6551   2   5   0.5496   0.2784   0.5613   0.2606   0.2592   0.4237   0.20    1.3
2026/04/23 07:43:19.300   3509418.3113    779163.0172   5250975.6455   2   5   0.5489   0.2778   0.5605   0.2600   0.2588   0.4230   0.30    1.3
2026/04/23 07:43:19.400   3509418.2907    779163.0277   5250975.6339   2   5   0.5482   0.2771   0.5598   0.2594   0.2583   0.4222   0.40    1.3
2026/04/23 07:43:19.500   3509418.2779    779163.0434   5250975.6384   2   6   0.5466   0.2764   0.5585   0.2585   0.2576   0.4205  -0.50    1.3
2026/04/23 07:43:19.600   3509418.2680    779163.0584   5250975.6434   2   6   0.5452   0.2758   0.5574   0.2577   0.2570   0.4191  -0.40    1.3
2026/04/23 07:43:19.700   3509418.2382    779163.0652   5250975.6230   2   6   0.5438   0.2751   0.5562   0.2570   0.2564   0.4177  -0.30    1.3
2026/04/23 07:43:19.800   3509418.2139    779163.0733   5250975.6181   2   6   0.5426   0.2744   0.5551   0.2562   0.2558   0.4163  -0.20    1.3
2026/04/23 07:43:19.900   3509418.1940    779163.0839   5250975.6180   2   6   0.5413   0.2737   0.5539   0.2555   0.2551   0.4150  -0.10    1.3
2026/04/23 07:43:20.000   3509418.1727    779163.0920   5250975.6099   2   6   0.5401   0.2731   0.5528   0.2547   0.2545   0.4136   0.00    1.3
2026/04/23 07:43:20.100   3509418.1484    779163.1037   5250975.6087   2   6   0.5389   0.2724   0.5516   0.2540   0.2539   0.4123   0.10    1.3
2026/04/23 07:43:20.200   3509418.1185    779163.1118   5250975.6089   2   6   0.5377   0.2717   0.5505   0.2533   0.2532   0.4111   0.20    1.3
2026/04/23 07:43:20.300   3509418.0848    779163.1169   5250975.6010   2   6   0.5365   0.2711   0.5493   0.2526   0.2526   0.4098   0.30    1.3
2026/04/23 07:43:20.400   3509418.0586    779163.1284   5250975.5908   2   6   0.5353   0.2704   0.5482   0.2519   0.2520   0.4086   0.40    1.3
2026/04/23 07:43:20.500   3509418.0410    779163.1381   5250975.5768   2   6   0.5341   0.2697   0.5470   0.2514   0.2513   0.4075  -0.50    1.3
2026/04/23 07:43:20.600   3509418.0224    779163.1454   5250975.5604   2   6   0.5328   0.2691   0.5458   0.2508   0.2506   0.4064  -0.40    1.3
2026/04/23 07:43:20.700   3509418.0017    779163.1516   5250975.5442   2   6   0.5315   0.2684   0.5447   0.2502   0.2500   0.4053  -0.30    1.3
2026/04/23 07:43:20.800   3509417.9783    779163.1574   5250975.5254   2   6   0.5303   0.2677   0.5435   0.2496   0.2493   0.4042  -0.20    1.3
2026/04/23 07:43:20.900   3509417.9543    779163.1645   5250975.5062   2   7   0.5290   0.2671   0.5424   0.2491   0.2486   0.4031  -0.10    2.5
2026/04/23 07:43:21.000   3509417.9272    779163.1689   5250975.4845   2   7   0.5278   0.2664   0.5412   0.2485   0.2480   0.4020   0.00    2.6
2026/04/23 07:43:21.100   3509417.8948    779163.1732   5250975.4652   2   7   0.5266   0.2658   0.5401   0.2479   0.2474   0.4010   0.10    3.3
2026/04/23 07:43:21.200   3509417.8608    779163.1791   5250975.4473   2   7   0.5253   0.2652   0.5390   0.2474   0.2467   0.3999   0.20    3.1
2026/04/23 07:43:21.300   3509417.8267    779163.1846   5250975.4317   2   7   0.5241   0.2645   0.5377   0.2468   0.2461   0.3990   0.30    3.0
2026/04/23 07:43:21.400   3509417.7939    779163.1905   5250975.4196   2   7   0.5228   0.2639   0.5364   0.2462   0.2455   0.3981   0.40    2.9
2026/04/23 07:43:21.500   3509417.7612    779163.1946   5250975.4077   2   7   0.5215   0.2633   0.5352   0.2457   0.2450   0.3972  -0.50    2.8
2026/04/23 07:43:21.600   3509417.7319    779163.2015   5250975.3997   2   7   0.5203   0.2626   0.5339   0.2451   0.2444   0.3963  -0.40    2.7
2026/04/23 07:43:21.700   3509417.7066    779163.2075   5250975.3890   2   8   0.5190   0.2620   0.5327   0.2445   0.2438   0.3954  -0.30    2.0
2026/04/23 07:43:21.800   3509417.6833    779163.2162   5250975.3780   2   8   0.5178   0.2614   0.5315   0.2440   0.2432   0.3945  -0.20    1.9
2026/04/23 07:43:21.900   3509417.6596    779163.2233   5250975.3726   2   8   0.5165   0.2608   0.5302   0.2434   0.2426   0.3937  -0.10    1.6
2026/04/23 07:43:22.000   3509417.6359    779163.2308   5250975.3657   2   8   0.5153   0.2602   0.5290   0.2429   0.2421   0.3928   0.00    1.4
2026/04/23 07:43:22.100   3509417.6116    779163.2395   5250975.3575   2   8   0.5141   0.2596   0.5278   0.2423   0.2415   0.3919   0.10    1.2
2026/04/23 07:43:22.200   3509417.5877    779163.2470   5250975.3476   2   8   0.5129   0.2590   0.5266   0.2418   0.2409   0.3911   0.20    1.1
2026/04/23 07:43:22.300   3509417.5627    779163.2530   5250975.3358   2   8   0.5117   0.2584   0.5254   0.2412   0.2404   0.3902   0.30    1.0
2026/04/23 07:43:22.400   3509417.5395    779163.2599   5250975.3264   2   8   0.5105   0.2578   0.5242   0.2407   0.2398   0.3893   0.40    1.1
2026/04/23 07:43:22.500   3509417.5157    779163.2662   5250975.3134   2   8   0.5093   0.2572   0.5230   0.2401   0.2392   0.3885  -0.50    1.1
2026/04/23 07:43:22.600   3509417.4914    779163.2710   5250975.2991   2   8   0.5081   0.2566   0.5218   0.2396   0.2387   0.3876  -0.40    1.1
2026/04/23 07:43:22.700   3509417.4690    779163.2747   5250975.2880   2   8   0.5070   0.2560   0.5207   0.2391   0.2381   0.3868  -0.30    1.1
2026/04/23 07:43:22.800   3509417.4469    779163.2787   5250975.2764   2   8   0.5058   0.2554   0.5195   0.2386   0.2376   0.3860  -0.20    1.1
2026/04/23 07:43:22.900   3509417.4237    779163.2830   5250975.2650   2   8   0.5047   0.2549   0.5183   0.2380   0.2370   0.3851  -0.10    1.1
2026/04/23 07:43:23.000   3509417.4010    779163.2856   5250975.2521   2   8   0.5035   0.2543   0.5172   0.2375   0.2365   0.3843   0.00    1.1
2026/04/23 07:43:23.100   3509417.3803    779163.2891   5250975.2420   2   8   0.5024   0.2537   0.5160   0.2370   0.2360   0.3834   0.10    1.1
2026/04/23 07:43:23.200   3509417.3617    779163.2925   5250975.2345   2   8   0.5013   0.2532   0.5149   0.2365   0.2354   0.3826   0.20    1.1
2026/04/23 07:43:23.300   3509417.3444    779163.2958   5250975.2278   2   8   0.5001   0.2526   0.5137   0.2360   0.2349   0.3818   0.30    1.1
2026/04/23 07:43:23.400   3509417.3286    779163.3010   5250975.2250   2   8   0.4990   0.2521   0.5126   0.2354   0.2343   0.3810   0.40    1.1
2026/04/23 07:43:23.500   3509417.3113    779163.3065   5250975.2182   2   8   0.4979   0.2515   0.5115   0.2349   0.2338   0.3802  -0.50    1.1
2026/04/23 07:43:23.600   3509417.2931    779163.3117   5250975.2115   2   8   0.4968   0.2509   0.5103   0.2344   0.2333   0.3794  -0.40    1.1
2026/04/23 07:43:23.700   3509417.2758    779163.3183   5250975.2051   2   8   0.4957   0.2504   0.5092   0.2339   0.2327   0.3786  -0.30    1.1
2026/04/23 07:43:23.800   3509417.2608    779163.3251   5250975.2025   2   8   0.4947   0.2499   0.5081   0.2334   0.2322   0.3778  -0.20    1.1
2026/04/23 07:43:23.900   3509417.2444    779163.3306   5250975.2006   2   8   0.4936   0.2493   0.5070   0.2329   0.2317   0.3770  -0.10    1.1
2026/04/23 07:43:24.000   3509417.2292    779163.3356   5250975.1972   2   8   0.4925   0.2488   0.5059   0.2324   0.2312   0.3762   0.00    1.1
2026/04/23 07:43:24.100   3509417.2175    779163.3423   5250975.1978   2   8   0.4914   0.2482   0.5048   0.2319   0.2307   0.3754   0.10    1.1
2026/04/23 07:43:24.200   3509417.2066    779163.3501   5250975.2033   2   8   0.4904   0.2477   0.5037   0.2314   0.2301   0.3746   0.20    1.1
2026/04/23 07:43:24.300   3509417.1929    779163.3570   5250975.2073   2   8   0.4893   0.2472   0.5026   0.2310   0.2296   0.3738   0.30    1.1
2026/04/23 07:43:24.400   3509417.1786    779163.3637   5250975.2098   2   8   0.4883   0.2467   0.5015   0.2305   0.2291   0.3730   0.40    1.1
2026/04/23 07:43:24.500   3509417.1665    779163.3698   5250975.2169   2   8   0.4872   0.2461   0.5004   0.2300   0.2286   0.3722  -0.50    1.1
2026/04/23 07:43:24.600   3509417.1547    779163.3755   5250975.2255   2   8   0.4862   0.2456   0.4994   0.2295   0.2281   0.3714  -0.40    1.1
2026/04/23 07:43:24.700   3509417.1440    779163.3814   5250975.2323   2   8   0.4852   0.2451   0.4983   0.2290   0.2276   0.3707  -0.30    1.2
2026/04/23 07:43:24.800   3509417.1296    779163.3865   5250975.2458   2   8   0.4842   0.2446   0.4972   0.2286   0.2271   0.3699  -0.20    1.2
2026/04/23 07:43:24.900   3509417.1181    779163.3920   5250975.2590   2   8   0.4831   0.2441   0.4961   0.2281   0.2266   0.3691  -0.10    1.2
2026/04/23 07:43:25.000   3509417.1094    779163.3975   5250975.2744   2   8   0.4821   0.2436   0.4951   0.2276   0.2260   0.3684   0.00    1.2
2026/04/23 07:43:25.100   3509417.1011    779163.4032   5250975.2931   2   8   0.4811   0.2430   0.4940   0.2271   0.2255   0.3676   0.10    1.2
2026/04/23 07:43:25.200   3509417.0937    779163.4086   5250975.3132   2   8   0.4801   0.2425   0.4930   0.2267   0.2250   0.3668   0.20    1.2
2026/04/23 07:43:25.300   3509417.0879    779163.4153   5250975.3334   2   8   0.4791   0.2420   0.4919   0.2262   0.2245   0.3661   0.30    1.2
2026/04/23 07:43:25.400   3509417.0843    779163.4222   5250975.3535   2   8   0.4781   0.2415   0.4909   0.2257   0.2240   0.3653   0.40    1.2
2026/04/23 07:43:25.500   3509417.0825    779163.4305   5250975.3743   2   8   0.4771   0.2410   0.4898   0.2253   0.2236   0.3646  -0.50    1.2
2026/04/23 07:43:25.600   3509417.0817    779163.4389   5250975.3957   2   8   0.4762   0.2406   0.4888   0.2248   0.2231   0.3638  -0.40    1.2
2026/04/23 07:43:25.700   3509417.0784    779163.4468   5250975.4160   2   8   0.4752   0.2401   0.4878   0.2244   0.2226   0.3631  -0.30    1.2
2026/04/23 07:43:25.800   3509417.0730    779163.4533   5250975.4361   2   8   0.4742   0.2396   0.4867   0.2239   0.2221   0.3623  -0.20    1.2
2026/04/23 07:43:25.900   3509417.0676    779163.4595   5250975.4547   2   8   0.4733   0.2391   0.4857   0.2234   0.2216   0.3616  -0.10    1.2
2026/04/23 07:43:26.000   3509417.0637    779163.4668   5250975.4760   2   8   0.4723   0.2386   0.4847   0.2230   0.2211   0.3609   0.00    1.2
2026/04/23 07:43:26.100   3509417.0622    779163.4736   5250975.4979   2   8   0.4713   0.2381   0.4836   0.2225   0.2206   0.3601   0.10    1.2
2026/04/23 07:43:26.200   3509417.0591    779163.4812   5250975.5185   2   8   0.4704   0.2376   0.4826   0.2221   0.2201   0.3594   0.20    1.2
2026/04/23 07:43:26.300   3509417.0558    779163.4886   5250975.5354   2   8   0.4695   0.2372   0.4816   0.2216   0.2196   0.3587   0.30    1.2
2026/04/23 07:43:26.400   3509417.0534    779163.4944   5250975.5552   2   8   0.4685   0.2367   0.4806   0.2212   0.2192   0.3579   0.40    1.2
2026/04/23 07:43:26.500   3509417.0512    779163.5005   5250975.5732   2   8   0.4676   0.2362   0.4796   0.2208   0.2187   0.3572  -0.50    1.2
2026/04/23 07:43:26.600   3509417.0465    779163.5086   5250975.5882   2   8   0.4667   0.2358   0.4786   0.2203   0.2182   0.3565  -0.40    1.2
2026/04/23 07:43:26.700   3509417.0432    779163.5165   5250975.6070   2   8   0.4657   0.2353   0.4776   0.2199   0.2177   0.3558  -0.30    1.2
2026/04/23 07:43:26.800   3509417.0386    779163.5227   5250975.6263   2   8   0.4648   0.2348   0.4766   0.2194   0.2172   0.3551  -0.20    1.2
2026/04/23 07:43:26.900   3509417.0324    779163.5279   5250975.6436   2   8   0.4639   0.2344   0.4756   0.2190   0.2168   0.3543  -0.10    1.2
2026/04/23 07:43:27.000   3509417.0238    779163.5317   5250975.6571   2   8   0.4630   0.2339   0.4746   0.2186   0.2163   0.3536   0.00    1.2
2026/04/23 07:43:27.100   3509417.0167    779163.5356   5250975.6686   2   8   0.4621   0.2334   0.4736   0.2181   0.2158   0.3529   0.10    1.2
2026/04/23 07:43:27.200   3509417.0095    779163.5403   5250975.6809   2   8   0.4612   0.2330   0.4726   0.2177   0.2153   0.3522   0.20    1.2
2026/04/23 07:43:27.300   3509417.0010    779163.5436   5250975.6928   2   8   0.4603   0.2325   0.4716   0.2173   0.2149   0.3515   0.30    1.2
2026/04/23 07:43:27.400   3509416.9914    779163.5451   5250975.7038   2   8   0.4594   0.2321   0.4706   0.2168   0.2144   0.3508   0.40    1.2
2026/04/23 07:43:27.500   3509416.9792    779163.5458   5250975.7098   2   8   0.4585   0.2316   0.4696   0.2164   0.2139   0.3501  -0.50    1.2
2026/04/23 07:43:27.600   3509416.9671    779163.5462   5250975.7149   2   8   0.4576   0.2312   0.4687   0.2160   0.2135   0.3494  -0.40    1.2
2026/04/23 07:43:27.700   3509416.9558    779163.5458   5250975.7189   2   8   0.4567   0.2307   0.4677   0.2156   0.2130   0.3487  -0.30    1.2
2026/04/23 07:43:27.800   3509416.9449    779163.5452   5250975.7243   2   8   0.4559   0.2303   0.4667   0.2152   0.2125   0.3480  -0.20    1.2
2026/04/23 07:43:27.900   3509416.9352    779163.5448   5250975.7299   2   8   0.4550   0.2299   0.4657   0.2147   0.2121   0.3473  -0.10    1.2
2026/04/23 07:43:28.000   3509416.9284    779163.5446   5250975.7380   2   8   0.4541   0.2294   0.4648   0.2143   0.2116   0.3466   0.00    1.2
2026/04/23 07:43:28.100   3509416.9237    779163.5444   5250975.7470   2   8   0.4533   0.2290   0.4638   0.2139   0.2111   0.3459   0.10    1.2
2026/04/23 07:43:28.200   3509416.9174    779163.5425   5250975.7585   2   8   0.4524   0.2286   0.4628   0.2135   0.2107   0.3452   0.20    1.2
2026/04/23 07:43:28.300   3509416.9122    779163.5420   5250975.7694   2   8   0.4515   0.2281   0.4619   0.2131   0.2102   0.3445   0.30    1.2
2026/04/23 07:43:28.400   3509416.9083    779163.5425   5250975.7783   2   8   0.4507   0.2277   0.4609   0.2127   0.2098   0.3439   0.40    1.2
2026/04/23 07:43:28.500   3509416.9047    779163.5419   5250975.7879   2   8   0.4498   0.2273   0.4600   0.2122   0.2093   0.3432  -0.50    1.2
2026/04/23 07:43:28.600   3509416.9017    779163.5413   5250975.7981   2   8   0.4490   0.2268   0.4590   0.2118   0.2088   0.3425  -0.40    1.2
2026/04/23 07:43:28.700   3509416.8996    779163.5419   5250975.8093   2   8   0.4482   0.2264   0.4581   0.2114   0.2084   0.3418  -0.30    1.2
2026/04/23 07:43:28.800   3509416.8880    779163.5466   5250975.8288   2   8   0.4473   0.2260   0.4571   0.2110   0.2079   0.3411  -0.20    1.2
2026/04/23 07:43:28.900   3509416.8594    779163.5737   5250975.8929   2   7   0.4469   0.2256   0.4563   0.2107   0.2075   0.3408  -0.10    1.0
2026/04/23 07:43:29.000   3509416.7885    779163.5891   5250975.9561   2   8   0.4461   0.2252   0.4554   0.2103   0.2071   0.3401   0.00    1.2
2026/04/23 07:43:29.100   3509416.7148    779163.6079   5250976.0386   2   8   0.4452   0.2247   0.4544   0.2099   0.2066   0.3394   0.10    1.2
2026/04/23 07:43:29.200   3509416.6571    779163.6302   5250976.1180   2   8   0.4444   0.2243   0.4535   0.2095   0.2062   0.3387   0.20    1.2
2026/04/23 07:43:29.300   3509416.6147    779163.6539   5250976.1911   2   8   0.4436   0.2239   0.4526   0.2091   0.2057   0.3381   0.30    1.2
2026/04/23 07:43:29.400   3509416.5905    779163.6739   5250976.2440   2   8   0.4427   0.2235   0.4516   0.2087   0.2053   0.3374   0.40    1.2
2026/04/23 07:43:29.500   3509416.5409    779163.6771   5250976.2410   2   7   0.4423   0.2231   0.4509   0.2083   0.2049   0.3370  -0.50    1.0
2026/04/23 07:43:29.600   3509416.5094    779163.6734   5250976.2363   2   7   0.4420   0.2227   0.4501   0.2080   0.2045   0.3367  -0.40    1.0
2026/04/23 07:43:29.700   3509416.5020    779163.6676   5250976.2330   2   7   0.4416   0.2223   0.4494   0.2077   0.2041   0.3364  -0.30    1.0
2026/04/23 07:43:29.800   3509416.5071    779163.6622   5250976.2393   2   7   0.4412   0.2219   0.4487   0.2074   0.2038   0.3361  -0.20    1.0
2026/04/23 07:43:29.900   3509416.5170    779163.6576   5250976.2464   2   7   0.4408   0.2216   0.4480   0.2071   0.2035   0.3358  -0.10    1.1
2026/04/23 07:43:30.000   3509416.5318    779163.6538   5250976.2500   2   7   0.4404   0.2212   0.4473   0.2067   0.2031   0.3355   0.00    1.1
2026/04/23 07:43:30.100   3509416.5440    779163.6491   5250976.2548   2   7   0.4400   0.2208   0.4466   0.2064   0.2028   0.3351   0.10    1.1
2026/04/23 07:43:30.200   3509416.5561    779163.6452   5250976.2617   2   7   0.4396   0.2205   0.4459   0.2061   0.2025   0.3348   0.20    1.1
2026/04/23 07:43:30.300   3509416.5644    779163.6394   5250976.2636   2   7   0.4391   0.2201   0.4452   0.2058   0.2021   0.3345   0.30    1.1
2026/04/23 07:43:30.400   3509416.5701    779163.6342   5250976.2681   2   7   0.4387   0.2197   0.4445   0.2055   0.2018   0.3341   0.40    1.1
2026/04/23 07:43:30.500   3509416.5751    779163.6312   5250976.2759   2   7   0.4383   0.2194   0.4438   0.2052   0.2015   0.3338  -0.50    1.1
2026/04/23 07:43:30.600   3509416.5777    779163.6268   5250976.2854   2   7   0.4379   0.2190   0.4431   0.2049   0.2012   0.3334  -0.40    1.1
2026/04/23 07:43:30.700   3509416.5765    779163.6223   5250976.2935   2   7   0.4374   0.2187   0.4424   0.2046   0.2008   0.3331  -0.30    1.1
2026/04/23 07:43:30.800   3509416.5729    779163.6188   5250976.3047   2   7   0.4370   0.2183   0.4417   0.2043   0.2005   0.3327  -0.20    1.1
2026/04/23 07:43:30.900   3509416.5680    779163.6164   5250976.3157   2   7   0.4366   0.2179   0.4410   0.2040   0.2002   0.3324  -0.10    1.1
2026/04/23 07:43:31.000   3509416.5641    779163.6142   5250976.3309   2   7   0.4361   0.2176   0.4403   0.2036   0.1998   0.3320   0.00    1.1
2026/04/23 07:43:31.100   3509416.5568    779163.6123   5250976.3451   2   7   0.4357   0.2172   0.4396   0.2033   0.1995   0.3317   0.10    1.1
2026/04/23 07:43:31.200   3509416.5507    779163.6119   5250976.3628   2   7   0.4353   0.2169   0.4389   0.2030   0.1992   0.3313   0.20    1.1
2026/04/23 07:43:31.300   3509416.5444    779163.6131   5250976.3813   2   7   0.4349   0.2165   0.4382   0.2027   0.1988   0.3309   0.30    1.2
2026/04/23 07:43:31.400   3509416.5379    779163.6135   5250976.3990   2   7   0.4344   0.2162   0.4374   0.2024   0.1985   0.3306   0.40    1.2
2026/04/23 07:43:31.500   3509416.5327    779163.6132   5250976.4125   2   7   0.4340   0.2158   0.4367   0.2021   0.1982   0.3302  -0.50    1.2
2026/04/23 07:43:31.600   3509416.5289    779163.6137   5250976.4281   2   7   0.4336   0.2155   0.4360   0.2018   0.1978   0.3298  -0.40    1.2
2026/04/23 07:43:31.700   3509416.5265    779163.6138   5250976.4458   2   7   0.4331   0.2151   0.4353   0.2015   0.1975   0.3294  -0.30    1.2
2026/04/23 07:43:31.800   3509416.5262    779163.6124   5250976.4645   2   7   0.4327   0.2148   0.4346   0.2011   0.1971   0.3291  -0.20    1.2
2026/04/23 07:43:31.900   3509416.5275    779163.6098   5250976.4805   2   7   0.4323   0.2144   0.4339   0.2008   0.1968   0.3287  -0.10    1.2
2026/04/23 07:43:32.000   3509416.5278    779163.6074   5250976.4972   2   7   0.4319   0.2141   0.4331   0.2005   0.1964   0.3283   0.00    1.2
2026/04/23 07:43:32.100   3509416.5267    779163.6059   5250976.5134   2   7   0.4314   0.2137   0.4324   0.2002   0.1961   0.3279   0.10    1.2
2026/04/23 07:43:32.200   3509416.5252    779163.6050   5250976.5283   2   7   0.4310   0.2134   0.4317   0.1999   0.1958   0.3276   0.20    1.2
2026/04/23 07:43:32.300   3509416.5243    779163.6048   5250976.5443   2   7   0.4306   0.2131   0.4310   0.1996   0.1954   0.3272   0.30    1.2
2026/04/23 07:43:32.400   3509416.5219    779163.6043   5250976.5600   2   7   0.4302   0.2127   0.4303   0.1993   0.1951   0.3268   0.40    1.2
2026/04/23 07:43:32.500   3509416.5179    779163.6016   5250976.5708   2   7   0.4297   0.2124   0.4296   0.1990   0.1948   0.3264  -0.50    1.2
2026/04/23 07:43:32.600   3509416.5149    779163.5999   5250976.5848   2   7   0.4293   0.2120   0.4289   0.1987   0.1944   0.3261  -0.40    1.1
2026/04/23 07:43:32.700   3509416.5139    779163.5997   5250976.5999   2   7   0.4289   0.2117   0.4282   0.1984   0.1941   0.3257  -0.30    1.1
2026/04/23 07:43:32.800   3509416.5167    779163.5982   5250976.6156   2   7   0.4285   0.2114   0.4274   0.1981   0.1937   0.3253  -0.20    1.1
2026/04/23 07:43:32.900   3509416.5182    779163.5969   5250976.6307   2   7   0.4280   0.2110   0.4267   0.1978   0.1934   0.3249  -0.10    1.1
2026/04/23 07:43:33.000   3509416.5183    779163.5957   5250976.6447   2   7   0.4276   0.2107   0.4260   0.1975   0.1931   0.3246   0.00    1.1
2026/04/23 07:43:33.100   3509416.5179    779163.5959   5250976.6591   2   7   0.4272   0.2104   0.4253   0.1972   0.1927   0.3242   0.10    1.1
2026/04/23 07:43:33.200   3509416.5187    779163.5963   5250976.6732   2   7   0.4268   0.2101   0.4246   0.1969   0.1924   0.3238   0.20    1.1
2026/04/23 07:43:33.300   3509416.5210    779163.5965   5250976.6896   2   7   0.4264   0.2097   0.4239   0.1966   0.1921   0.3234   0.30    1.1
2026/04/23 07:43:33.400   3509416.5225    779163.5971   5250976.7043   2   7   0.4259   0.2094   0.4232   0.1963   0.1917   0.3231   0.40    1.1
2026/04/23 07:43:33.500   3509416.5244    779163.5974   5250976.7174   2   7   0.4255   0.2091   0.4225   0.1960   0.1914   0.3227  -0.50    1.1
2026/04/23 07:43:33.600   3509416.5256    779163.5972   5250976.7301   2   7   0.4251   0.2088   0.4218   0.1957   0.1911   0.3223  -0.40    1.1
2026/04/23 07:43:33.700   3509416.5264    779163.5982   5250976.7437   2   7   0.4247   0.2084   0.4211   0.1954   0.1907   0.3219  -0.30    1.1
2026/04/23 07:43:33.800   3509416.5265    779163.5990   5250976.7566   2   7   0.4243   0.2081   0.4204   0.1951   0.1904   0.3216  -0.20    1.1
2026/04/23 07:43:33.900   3509416.5278    779163.5992   5250976.7707   2   7   0.4239   0.2078   0.4197   0.1948   0.1901   0.3212  -0.10    1.1
2026/04/23 07:43:34.000   3509416.5286    779163.5995   5250976.7850   2   7   0.4235   0.2075   0.4190   0.1945   0.1898   0.3208   0.00    1.1
2026/04/23 07:43:34.100   3509416.5291    779163.6004   5250976.7990   2   7   0.4231   0.2072   0.4183   0.1942   0.1894   0.3204   0.10    1.1
2026/04/23 07:43:34.200   3509416.5279    779163.6013   5250976.8116   2   7   0.4226   0.2068   0.4176   0.1939   0.1891   0.3201   0.20    1.1
2026/04/23 07:43:34.300   3509416.5273    779163.6019   5250976.8249   2   7   0.4222   0.2065   0.4169   0.1937   0.1888   0.3197   0.30    1.1
2026/04/23 07:43:34.400   3509416.5276    779163.6028   5250976.8380   2   7   0.4218   0.2062   0.4162   0.1934   0.1884   0.3193   0.40    1.1
2026/04/23 07:43:34.500   3509416.5291    779163.6037   5250976.8523   2   7   0.4214   0.2059   0.4155   0.1931   0.1881   0.3190  -0.50    1.1
2026/04/23 07:43:34.600   3509416.5288    779163.6040   5250976.8642   2   7   0.4210   0.2056   0.4148   0.1928   0.1878   0.3186  -0.40    1.1
2026/04/23 07:43:34.700   3509416.5294    779163.6057   5250976.8764   2   7   0.4206   0.2053   0.4141   0.1925   0.1875   0.3182  -0.30    1.1
2026/04/23 07:43:34.800   3509416.5306    779163.6063   5250976.8869   2   7   0.4202   0.2050   0.4134   0.1922   0.1871   0.3178  -0.20    1.1
2026/04/23 07:43:34.900   3509416.5330    779163.6070   5250976.8960   2   7   0.4198   0.2047   0.4128   0.1919   0.1868   0.3175  -0.10    1.1
2026/04/23 07:43:35.000   3509416.5342    779163.6076   5250976.9058   2   7   0.4194   0.2044   0.4121   0.1917   0.1865   0.3171   0.00    1.1
2026/04/23 07:43:35.100   3509416.5344    779163.6091   5250976.9160   2   7   0.4190   0.2040   0.4114   0.1914   0.1862   0.3167   0.10    1.1
2026/04/23 07:43:35.200   3509416.5339    779163.6091   5250976.9221   2   7   0.4186   0.2037   0.4107   0.1911   0.1858   0.3163   0.20    1.1
2026/04/23 07:43:35.300   3509416.5321    779163.6095   5250976.9284   2   7   0.4182   0.2034   0.4100   0.1908   0.1855   0.3160   0.30    1.1
2026/04/23 07:43:35.400   3509416.5318    779163.6113   5250976.9350   2   7   0.4178   0.2031   0.4093   0.1905   0.1852   0.3156   0.40    1.1
2026/04/23 07:43:35.500   3509416.5329    779163.6142   5250976.9439   2   7   0.4174   0.2028   0.4086   0.1903   0.1849   0.3152  -0.50    1.1
2026/04/23 07:43:35.600   3509416.5334    779163.6151   5250976.9523   2   7   0.4170   0.2025   0.4079   0.1900   0.1845   0.3149  -0.40    1.1
2026/04/23 07:43:35.700   3509416.5333    779163.6163   5250976.9563   2   7   0.4166   0.2022   0.4072   0.1897   0.1842   0.3145  -0.30    1.1
2026/04/23 07:43:35.800   3509416.5326    779163.6174   5250976.9592   2   7   0.4162   0.2019   0.4066   0.1894   0.1839   0.3141  -0.20    1.1
2026/04/23 07:43:35.900   3509416.5330    779163.6182   5250976.9624   2   7   0.4158   0.2016   0.4059   0.1891   0.1836   0.3137  -0.10    1.1
2026/04/23 07:43:36.000   3509416.5329    779163.6182   5250976.9649   2   7   0.4154   0.2013   0.4052   0.1889   0.1832   0.3134   0.00    1.1
2026/04/23 07:43:36.100   3509416.5325    779163.6186   5250976.9651   2   7   0.4150   0.2010   0.4045   0.1886   0.1829   0.3130   0.10    1.1
2026/04/23 07:43:36.200   3509416.5327    779163.6200   5250976.9651   2   7   0.4146   0.2007   0.4038   0.1883   0.1826   0.3126   0.20    1.1
2026/04/23 07:43:36.300   3509416.5334    779163.6208   5250976.9669   2   7   0.4142   0.2005   0.4031   0.1880   0.1823   0.3122   0.30    1.1
2026/04/23 07:43:36.400   3509416.5333    779163.6216   5250976.9690   2   7   0.4138   0.2002   0.4024   0.1878   0.1820   0.3119   0.40    1.1
2026/04/23 07:43:36.500   3509416.5319    779163.6228   5250976.9720   2   7   0.4134   0.1999   0.4018   0.1875   0.1816   0.3115  -0.50    1.1
2026/04/23 07:43:36.600   3509416.5308    779163.6238   5250976.9768   2   7   0.4130   0.1996   0.4011   0.1872   0.1813   0.3111  -0.40    1.1
2026/04/23 07:43:36.700   3509416.5287    779163.6255   5250976.9808   2   7   0.4126   0.1993   0.4004   0.1870   0.1810   0.3107  -0.30    1.1
2026/04/23 07:43:36.800   3509416.5258    779163.6262   5250976.9854   2   7   0.4122   0.1990   0.3997   0.1867   0.1807   0.3104  -0.20    1.1
2026/04/23 07:43:36.900   3509416.5226    779163.6270   5250976.9882   2   7   0.4119   0.1987   0.3990   0.1864   0.1803   0.3100  -0.10    1.1
2026/04/23 07:43:37.000   3509416.5205    779163.6286   5250976.9929   2   7   0.4115   0.1984   0.3983   0.1861   0.1800   0.3096   0.00    1.1
2026/04/23 07:43:37.100   3509416.5194    779163.6301   5250976.9980   2   7   0.4111   0.1981   0.3977   0.1859   0.1797   0.3092   0.10    1.1
2026/04/23 07:43:37.200   3509416.5164    779163.6314   5250977.0016   2   7   0.4107   0.1979   0.3970   0.1856   0.1794   0.3089   0.20    1.1
2026/04/23 07:43:37.300   3509416.5145    779163.6336   5250977.0067   2   7   0.4103   0.1976   0.3963   0.1853   0.1791   0.3085   0.30    1.1
2026/04/23 07:43:37.400   3509416.5119    779163.6347   5250977.0082   2   7   0.4099   0.1973   0.3956   0.1851   0.1787   0.3081   0.40    1.1
2026/04/23 07:43:37.500   3509416.5092    779163.6346   5250977.0085   2   7   0.4095   0.1970   0.3949   0.1848   0.1784   0.3077  -0.50    1.1
2026/04/23 07:43:37.600   3509416.5089    779163.6340   5250977.0130   2   7   0.4091   0.1967   0.3943   0.1845   0.1781   0.3073  -0.40    1.1
2026/04/23 07:43:37.700   3509416.5087    779163.6355   5250977.0166   2   7   0.4087   0.1964   0.3936   0.1843   0.1778   0.3070  -0.30    1.1
2026/04/23 07:43:37.800   3509416.5093    779163.6390   5250977.0193   2   7   0.4083   0.1962   0.3929   0.1840   0.1775   0.3066  -0.20    1.1
2026/04/23 07:43:37.900   3509416.5107    779163.6420   5250977.0194   2   7   0.4080   0.1959   0.3922   0.1837   0.1771   0.3062  -0.10    1.1
2026/04/23 07:43:38.000   3509416.5109    779163.6445   5250977.0220   2   7   0.4076   0.1956   0.3915   0.1835   0.1768   0.3058   0.00    1.1
2026/04/23 07:43:38.100   3509416.5103    779163.6469   5250977.0251   2   7   0.4072   0.1953   0.3908   0.1832   0.1765   0.3054   0.10    1.1
2026/04/23 07:43:38.200   3509416.5100    779163.6484   5250977.0285   2   7   0.4068   0.1951   0.3902   0.1829   0.1762   0.3051   0.20    1.1
2026/04/23 07:43:38.300   3509416.5103    779163.6503   5250977.0349   2   7   0.4064   0.1948   0.3895   0.1827   0.1759   0.3047   0.30    1.1
2026/04/23 07:43:38.400   3509416.5112    779163.6518   5250977.0392   2   7   0.4060   0.1945   0.3888   0.1824   0.1755   0.3043   0.40    1.1
2026/04/23 07:43:38.500   3509416.5111    779163.6529   5250977.0442   2   7   0.4056   0.1942   0.3881   0.1821   0.1752   0.3039  -0.50    1.1
2026/04/23 07:43:38.600   3509416.5112    779163.6538   5250977.0488   2   7   0.4053   0.1940   0.3875   0.1819   0.1749   0.3035  -0.40    1.1
2026/04/23 07:43:38.700   3509416.5110    779163.6544   5250977.0534   2   7   0.4049   0.1937   0.3868   0.1816   0.1746   0.3032  -0.30    1.1
2026/04/23 07:43:38.800   3509416.5108    779163.6553   5250977.0593   2   7   0.4045   0.1934   0.3861   0.1814   0.1743   0.3028  -0.20    1.1
2026/04/23 07:43:38.900   3509416.5102    779163.6572   5250977.0668   2   7   0.4041   0.1931   0.3854   0.1811   0.1740   0.3024  -0.10    1.1
2026/04/23 07:43:39.000   3509416.5088    779163.6584   5250977.0717   2   7   0.4037   0.1929   0.3847   0.1808   0.1736   0.3020   0.00    1.1
2026/04/23 07:43:39.100   3509416.5076    779163.6593   5250977.0747   2   7   0.4033   0.1926   0.3841   0.1806   0.1733   0.3016   0.10    1.1
2026/04/23 07:43:39.200   3509416.5074    779163.6603   5250977.0794   2   7   0.4029   0.1923   0.3834   0.1803   0.1730   0.3012   0.20    1.1
2026/04/23 07:43:39.300   3509416.5084    779163.6621   5250977.0851   2   7   0.4026   0.1921   0.3827   0.1800   0.1727   0.3009   0.30    1.1
2026/04/23 07:43:39.400   3509416.5090    779163.6645   5250977.0882   2   7   0.4022   0.1918   0.3820   0.1798   0.1724   0.3005   0.40    1.1
2026/04/23 07:43:39.500   3509416.5089    779163.6664   5250977.0928   2   7   0.4018   0.1915   0.3814   0.1795   0.1721   0.3001  -0.50    1.1
2026/04/23 07:43:39.600   3509416.5082    779163.6668   5250977.0969   2   7   0.4014   0.1913   0.3807   0.1793   0.1717   0.2997  -0.40    1.1
2026/04/23 07:43:39.700   3509416.5089    779163.6684   5250977.1042   2   7   0.4010   0.1910   0.3800   0.1790   0.1714   0.2993  -0.30    1.1
2026/04/23 07:43:39.800   3509416.5096    779163.6691   5250977.1105   2   7   0.4007   0.1907   0.3793   0.1788   0.1711   0.2989  -0.20    1.1
2026/04/23 07:43:39.900   3509416.5097    779163.6693   5250977.1156   2   7   0.4003   0.1905   0.3786   0.1785   0.1708   0.2986  -0.10    1.1
2026/04/23 07:43:40.000   3509416.5092    779163.6701   5250977.1219   2   7   0.3999   0.1902   0.3780   0.1782   0.1705   0.2982   0.00    1.1
2026/04/23 07:43:40.100   3509416.5105    779163.6720   5250977.1304   2   7   0.3995   0.1900   0.3773   0.1780   0.1701   0.2978   0.10    1.1
2026/04/23 07:43:40.200   3509416.5123    779163.6734   5250977.1391   2   7   0.3991   0.1897   0.3766   0.1777   0.1698   0.2974   0.20    1.1
2026/04/23 07:43:40.300   3509416.5144    779163.6753   5250977.1472   2   7   0.3988   0.1894   0.3760   0.1775   0.1695   0.2970   0.30    1.1
2026/04/23 07:43:40.400   3509416.5151    779163.6777   5250977.1562   2   7   0.3984   0.1892   0.3753   0.1772   0.1692   0.2966   0.40    1.1
2026/04/23 07:43:40.500   3509416.5172    779163.6803   5250977.1682   2   7   0.3980   0.1889   0.3746   0.1770   0.1689   0.2963  -0.50    1.1
2026/04/23 07:43:40.600   3509416.5180    779163.6829   5250977.1776   2   7   0.3976   0.1887   0.3739   0.1767   0.1686   0.2959  -0.40    1.1
2026/04/23 07:43:40.700   3509416.5175    779163.6847   5250977.1854   2   7   0.3973   0.1884   0.3733   0.1765   0.1683   0.2955  -0.30    1.1
2026/04/23 07:43:40.800   3509416.5165    779163.6858   5250977.1917   2   7   0.3969   0.1882   0.3726   0.1762   0.1679   0.2951  -0.20    1.1
2026/04/23 07:43:40.900   3509416.5172    779163.6884   5250977.2036   2   7   0.3965   0.1879   0.3719   0.1760   0.1676   0.2947  -0.10    1.1
2026/04/23 07:43:41.000   3509416.5176    779163.6910   5250977.2145   2   7   0.3961   0.1877   0.3712   0.1757   0.1673   0.2943   0.00    1.1
2026/04/23 07:43:41.100   3509416.5181    779163.6936   5250977.2251   2   7   0.3958   0.1874   0.3706   0.1754   0.1670   0.2939   0.10    1.1
2026/04/23 07:43:41.200   3509416.5203    779163.6956   5250977.2355   2   7   0.3954   0.1871   0.3699   0.1752   0.1667   0.2936   0.20    1.1
2026/04/23 07:43:41.300   3509416.5217    779163.6968   5250977.2454   2   7   0.3950   0.1869   0.3692   0.1749   0.1664   0.2932   0.30    1.1
2026/04/23 07:43:41.400   3509416.5235    779163.6975   5250977.2547   2   7   0.3946   0.1866   0.3686   0.1747   0.1661   0.2928   0.40    1.1
2026/04/23 07:43:41.500   3509416.5246    779163.6977   5250977.2620   2   7   0.3943   0.1864   0.3679   0.1744   0.1657   0.2924  -0.50    1.1
2026/04/23 07:43:41.600   3509416.5251    779163.6978   5250977.2691   2   7   0.3939   0.1861   0.3672   0.1742   0.1654   0.2920  -0.40    1.1
2026/04/23 07:43:41.700   3509416.5242    779163.6977   5250977.2762   2   7   0.3935   0.1859   0.3666   0.1739   0.1651   0.2916  -0.30    1.1
2026/04/23 07:43:41.800   3509416.5222    779163.6972   5250977.2820   2   7   0.3932   0.1856   0.3659   0.1737   0.1648   0.2913  -0.20    1.1
2026/04/23 07:43:41.900   3509416.5196    779163.6980   5250977.2867   2   7   0.3928   0.1854   0.3652   0.1735   0.1645   0.2909  -0.10    1.0
2026/04/23 07:43:42.000   3509416.5171    779163.6989   5250977.2924   2   7   0.3924   0.1852   0.3646   0.1732   0.1642   0.2905   0.00    1.0
2026/04/23 07:43:42.100   3509416.5148    779163.6994   5250977.2975   2   7   0.3920   0.1849   0.3639   0.1730   0.1639   0.2901   0.10    1.0
2026/04/23 07:43:42.200   3509416.5117    779163.7006   5250977.3032   2   7   0.3917   0.1847   0.3632   0.1727   0.1636   0.2897   0.20    1.0
2026/04/23 07:43:42.300   3509416.5086    779163.7014   5250977.3101   2   7   0.3913   0.1844   0.3626   0.1725   0.1633   0.2893   0.30    1.0
2026/04/23 07:43:42.400   3509416.5047    779163.7008   5250977.3177   2   7   0.3909   0.1842   0.3619   0.1722   0.1629   0.2889   0.40    1.0
2026/04/23 07:43:42.500   3509416.5008    779163.6993   5250977.3236   2   7   0.3906   0.1839   0.3612   0.1720   0.1626   0.2886  -0.50    1.0
2026/04/23 07:43:42.600   3509416.4981    779163.6983   5250977.3297   2   7   0.3902   0.1837   0.3606   0.1717   0.1623   0.2882  -0.40    1.0
2026/04/23 07:43:42.700   3509416.4963    779163.6978   5250977.3342   2   7   0.3898   0.1834   0.3599   0.1715   0.1620   0.2878  -0.30    1.0
2026/04/23 07:43:42.800   3509416.4952    779163.6971   5250977.3391   2   7   0.3895   0.1832   0.3593   0.1712   0.1617   0.2874  -0.20    1.0
2026/04/23 07:43:42.900   3509416.4931    779163.6961   5250977.3426   2   7   0.3891   0.1830   0.3586   0.1710   0.1614   0.2870  -0.10    1.0
2026/04/23 07:43:43.000   3509416.4920    779163.6958   5250977.3520   2   7   0.3887   0.1827   0.3579   0.1707   0.1611   0.2866   0.00    1.0
2026/04/23 07:43:43.100   3509416.4893    779163.6966   5250977.3611   2   7   0.3884   0.1825   0.3573   0.1705   0.1608   0.2862   0.10    1.0
2026/04/23 07:43:43.200   3509416.4880    779163.6971   5250977.3690   2   7   0.3880   0.1822   0.3566   0.1703   0.1605   0.2859   0.20    1.0
2026/04/23 07:43:43.300   3509416.4871    779163.6980   5250977.3766   2   7   0.3876   0.1820   0.3560   0.1700   0.1602   0.2855   0.30    1.0
2026/04/23 07:43:43.400   3509416.4869    779163.6990   5250977.3829   2   7   0.3873   0.1818   0.3553   0.1698   0.1598   0.2851   0.40    1.0
2026/04/23 07:43:43.500   3509416.4865    779163.6992   5250977.3875   2   7   0.3869   0.1815   0.3546   0.1695   0.1595   0.2847  -0.50    1.0
2026/04/23 07:43:43.600   3509416.4863    779163.6989   5250977.3923   2   7   0.3866   0.1813   0.3540   0.1693   0.1592   0.2843  -0.40    1.0
2026/04/23 07:43:43.700   3509416.4834    779163.6986   5250977.3961   2   7   0.3862   0.1811   0.3533   0.1691   0.1589   0.2839  -0.30    1.0
2026/04/23 07:43:43.800   3509416.4823    779163.7000   5250977.4026   2   7   0.3858   0.1808   0.3527   0.1688   0.1586   0.2835  -0.20    1.0
2026/04/23 07:43:43.900   3509416.4807    779163.7013   5250977.4081   2   7   0.3855   0.1806   0.3520   0.1686   0.1583   0.2832  -0.10    1.0
2026/04/23 07:43:44.000   3509416.4792    779163.7019   5250977.4141   2   7   0.3851   0.1804   0.3514   0.1683   0.1580   0.2828   0.00    1.0
2026/04/23 07:43:44.100   3509416.4780    779163.7014   5250977.4204   2   7   0.3847   0.1801   0.3507   0.1681   0.1577   0.2824   0.10    1.0
2026/04/23 07:43:44.200   3509416.4774    779163.7018   5250977.4252   2   7   0.3844   0.1799   0.3500   0.1679   0.1574   0.2820   0.20    1.0
2026/04/23 07:43:44.300   3509416.4780    779163.7016   5250977.4304   2   7   0.3840   0.1797   0.3494   0.1676   0.1571   0.2816   0.30    1.0
2026/04/23 07:43:44.400   3509416.4788    779163.7022   5250977.4368   2   7   0.3837   0.1794   0.3487   0.1674   0.1568   0.2812   0.40    1.0
2026/04/23 07:43:44.500   3509416.4789    779163.7026   5250977.4422   2   7   0.3833   0.1792   0.3481   0.1671   0.1565   0.2808  -0.50    1.0
2026/04/23 07:43:44.600   3509416.4788    779163.7026   5250977.4471   2   7   0.3829   0.1790   0.3474   0.1669   0.1562   0.2805  -0.40    1.0
2026/04/23 07:43:44.700   3509416.4784    779163.7021   5250977.4528   2   7   0.3826   0.1788   0.3468   0.1667   0.1559   0.2801  -0.30    1.0
2026/04/23 07:43:44.800   3509416.4774    779163.7012   5250977.4556   2   7   0.3822   0.1785   0.3461   0.1664   0.1556   0.2797  -0.20    1.0
2026/04/23 07:43:44.900   3509416.4745    779163.6997   5250977.4577   2   7   0.3819   0.1783   0.3455   0.1662   0.1553   0.2793  -0.10    1.0
2026/04/23 07:43:45.000   3509416.4714    779163.6975   5250977.4574   2   7   0.3815   0.1781   0.3448   0.1660   0.1550   0.2789   0.00    1.0
2026/04/23 07:43:45.100   3509416.4685    779163.6963   5250977.4556   2   7   0.3811   0.1778   0.3442   0.1657   0.1547   0.2785   0.10    1.0
2026/04/23 07:43:45.200   3509416.4658    779163.6961   5250977.4547   2   7   0.3808   0.1776   0.3435   0.1655   0.1544   0.2782   0.20    1.0
2026/04/23 07:43:45.300   3509416.4644    779163.6980   5250977.4567   2   7   0.3804   0.1774   0.3429   0.1653   0.1541   0.2778   0.30    1.0
2026/04/23 07:43:45.400   3509416.4630    779163.6990   5250977.4569   2   7   0.3801   0.1772   0.3422   0.1650   0.1537   0.2774   0.40    1.0
2026/04/23 07:43:45.500   3509416.4601    779163.6986   5250977.4558   2   7   0.3797   0.1770   0.3416   0.1648   0.1534   0.2770  -0.50    1.0
2026/04/23 07:43:45.600   3509416.4552    779163.6986   5250977.4535   2   7   0.3794   0.1767   0.3410   0.1646   0.1531   0.2766  -0.40    1.0
2026/04/23 07:43:45.700   3509416.4523    779163.6987   5250977.4513   2   7   0.3790   0.1765   0.3403   0.1643   0.1528   0.2762  -0.30    1.0
2026/04/23 07:43:45.800   3509416.4495    779163.6984   5250977.4513   2   7   0.3787   0.1763   0.3397   0.1641   0.1525   0.2759  -0.20    1.0
2026/04/23 07:43:45.900   3509416.4468    779163.6977   5250977.4497   2   7   0.3783   0.1761   0.3390   0.1639   0.1522   0.2755  -0.10    1.0
2026/04/23 07:43:46.000   3509416.4433    779163.6972   5250977.4490   2   7   0.3780   0.1758   0.3384   0.1636   0.1519   0.2751   0.00    1.0
2026/04/23 07:43:46.100   3509416.4391    779163.6961   5250977.4496   2   7   0.3776   0.1756   0.3377   0.1634   0.1516   0.2747   0.10    1.0
2026/04/23 07:43:46.200   3509416.4359    779163.6949   5250977.4481   2   7   0.3772   0.1754   0.3371   0.1632   0.1513   0.2743   0.20    1.0
2026/04/23 07:43:46.300   3509416.4318    779163.6948   5250977.4451   2   7   0.3769   0.1752   0.3365   0.1629   0.1510   0.2739   0.30    1.0
2026/04/23 07:43:46.400   3509416.4267    779163.6935   5250977.4416   2   7   0.3765   0.1750   0.3358   0.1627   0.1507   0.2736   0.40    1.0
2026/04/23 07:43:46.500   3509416.4221    779163.6914   5250977.4367   2   7   0.3762   0.1748   0.3352   0.1625   0.1505   0.2732  -0.50    1.0
2026/04/23 07:43:46.600   3509416.4169    779163.6893   5250977.4317   2   7   0.3758   0.1745   0.3346   0.1622   0.1502   0.2728  -0.40    1.0
2026/04/23 07:43:46.700   3509416.4113    779163.6881   5250977.4274   2   7   0.3755   0.1743   0.3339   0.1620   0.1499   0.2724  -0.30    1.0
2026/04/23 07:43:46.800   3509416.4064    779163.6867   5250977.4229   2   7   0.3751   0.1741   0.3333   0.1618   0.1496   0.2720  -0.20    1.0
2026/04/23 07:43:46.900   3509416.4011    779163.6861   5250977.4191   2   7   0.3748   0.1739   0.3326   0.1616   0.1493   0.2717  -0.10    1.0
2026/04/23 07:43:47.000   3509416.3955    779163.6856   5250977.4152   2   7   0.3744   0.1737   0.3320   0.1613   0.1490   0.2713   0.00    1.0
2026/04/23 07:43:47.100   3509416.3904    779163.6841   5250977.4085   2   7   0.3741   0.1735   0.3314   0.1611   0.1487   0.2709   0.10    1.0
2026/04/23 07:43:47.200   3509416.3844    779163.6829   5250977.4021   2   7   0.3737   0.1732   0.3307   0.1609   0.1484   0.2705   0.20    1.0
2026/04/23 07:43:47.300   3509416.3809    779163.6823   5250977.3984   2   7   0.3734   0.1730   0.3301   0.1607   0.1481   0.2701   0.30    1.0
2026/04/23 07:43:47.400   3509416.3785    779163.6825   5250977.3930   2   7   0.3730   0.1728   0.3295   0.1604   0.1478   0.2698   0.40    1.0
2026/04/23 07:43:47.500   3509416.3774    779163.6833   5250977.3901   2   7   0.3727   0.1726   0.3288   0.1602   0.1475   0.2694  -0.50    1.0
2026/04/23 07:43:47.600   3509416.3752    779163.6836   5250977.3863   2   7   0.3724   0.1724   0.3282   0.1600   0.1472   0.2690  -0.40    1.0
2026/04/23 07:43:47.700   3509416.3746    779163.6857   5250977.3862   2   7   0.3720   0.1722   0.3276   0.1598   0.1469   0.2686  -0.30    1.0
2026/04/23 07:43:47.800   3509416.3753    779163.6860   5250977.3903   2   7   0.3717   0.1720   0.3270   0.1595   0.1466   0.2682  -0.20    1.0
2026/04/23 07:43:47.900   3509416.3742    779163.6862   5250977.3905   2   7   0.3713   0.1718   0.3263   0.1593   0.1463   0.2679  -0.10    1.1
2026/04/23 07:43:48.000   3509416.3732    779163.6861   5250977.3907   2   7   0.3710   0.1716   0.3257   0.1591   0.1460   0.2675   0.00    1.1
2026/04/23 07:43:48.100   3509416.3706    779163.6858   5250977.3878   2   7   0.3706   0.1714   0.3251   0.1589   0.1457   0.2671   0.10    1.1
2026/04/23 07:43:48.200   3509416.3687    779163.6864   5250977.3881   2   7   0.3703   0.1711   0.3245   0.1586   0.1454   0.2667   0.20    1.1
2026/04/23 07:43:48.300   3509416.3668    779163.6880   5250977.3900   2   7   0.3699   0.1709   0.3238   0.1584   0.1451   0.2664   0.30    1.1
2026/04/23 07:43:48.400   3509416.3657    779163.6888   5250977.3912   2   7   0.3696   0.1707   0.3232   0.1582   0.1449   0.2660   0.40    1.1
2026/04/23 07:43:48.500   3509416.3648    779163.6897   5250977.3924   2   7   0.3693   0.1705   0.3226   0.1580   0.1446   0.2656  -0.50    1.1
2026/04/23 07:43:48.600   3509416.3623    779163.6899   5250977.3920   2   7   0.3689   0.1703   0.3220   0.1577   0.1443   0.2652  -0.40    1.1
2026/04/23 07:43:48.700   3509416.3608    779163.6883   5250977.3939   2   7   0.3686   0.1701   0.3213   0.1575   0.1440   0.2649  -0.30    1.1
2026/04/23 07:43:48.800   3509416.3583    779163.6876   5250977.3941   2   7   0.3682   0.1699   0.3207   0.1573   0.1437   0.2645  -0.20    1.1
2026/04/23 07:43:48.900   3509416.3546    779163.6881   5250977.3912   2   7   0.3679   0.1697   0.3201   0.1571   0.1434   0.2641  -0.10    1.0
2026/04/23 07:43:49.000   3509416.3527    779163.6888   5250977.3943   2   7   0.3675   0.1695   0.3195   0.1569   0.1431   0.2637   0.00    1.0
2026/04/23 07:43:49.100   3509416.3493    779163.6897   5250977.3959   2   7   0.3672   0.1693   0.3189   0.1566   0.1428   0.2634   0.10    1.0
2026/04/23 07:43:49.200   3509416.3466    779163.6895   5250977.3957   2   7   0.3669   0.1691   0.3182   0.1564   0.1425   0.2630   0.20    1.0
2026/04/23 07:43:49.300   3509416.3433    779163.6879   5250977.3948   2   7   0.3665   0.1689   0.3176   0.1562   0.1423   0.2626   0.30    1.0
2026/04/23 07:43:49.400   3509416.3397    779163.6850   5250977.3910   2   7   0.3662   0.1687   0.3170   0.1560   0.1420   0.2622   0.40    1.0
2026/04/23 07:43:49.500   3509416.3347    779163.6831   5250977.3890   2   7   0.3659   0.1685   0.3164   0.1558   0.1417   0.2619  -0.50    1.0
2026/04/23 07:43:49.600   3509416.3301    779163.6820   5250977.3868   2   7   0.3655   0.1683   0.3158   0.1556   0.1414   0.2615  -0.40    1.0
2026/04/23 07:43:49.700   3509416.3261    779163.6816   5250977.3872   2   7   0.3652   0.1681   0.3152   0.1553   0.1411   0.2611  -0.30    1.0
2026/04/23 07:43:49.800   3509416.3232    779163.6825   5250977.3858   2   7   0.3648   0.1679   0.3146   0.1551   0.1408   0.2608  -0.20    1.0
2026/04/23 07:43:49.900   3509416.3217    779163.6827   5250977.3861   2   7   0.3645   0.1677   0.3140   0.1549   0.1405   0.2604  -0.10    1.0
2026/04/23 07:43:50.000   3509416.3183    779163.6819   5250977.3869   2   7   0.3642   0.1675   0.3134   0.1547   0.1403   0.2600   0.00    1.0
2026/04/23 07:43:50.100   3509416.3149    779163.6803   5250977.3874   2   7   0.3638   0.1673   0.3127   0.1545   0.1400   0.2596   0.10    1.0
2026/04/23 07:43:50.200   3509416.3107    779163.6785   5250977.3870   2   7   0.3635   0.1671   0.3121   0.1543   0.1397   0.2593   0.20    1.0
2026/04/23 07:43:50.300   3509416.3076    779163.6777   5250977.3875   2   7   0.3632   0.1669   0.3115   0.1541   0.1394   0.2589   0.30    1.0
2026/04/23 07:43:50.400   3509416.3054    779163.6787   5250977.3873   2   7   0.3628   0.1667   0.3109   0.1538   0.1391   0.2585   0.40    1.0
2026/04/23 07:43:50.500   3509416.3023    779163.6789   5250977.3861   2   7   0.3625   0.1665   0.3103   0.1536   0.1388   0.2582  -0.50    1.0
2026/04/23 07:43:50.600   3509416.2982    779163.6783   5250977.3869   2   7   0.3622   0.1663   0.3097   0.1534   0.1386   0.2578  -0.40    1.0
2026/04/23 07:43:50.700   3509416.2920    779163.6775   5250977.3861   2   7   0.3618   0.1661   0.3091   0.1532   0.1383   0.2574  -0.30    1.0
2026/04/23 07:43:50.800   3509416.2866    779163.6782   5250977.3851   2   7   0.3615   0.1659   0.3085   0.1530   0.1380   0.2571  -0.20    1.0
2026/04/23 07:43:50.900   3509416.2806    779163.6788   5250977.3847   2   7   0.3612   0.1657   0.3079   0.1528   0.1377   0.2567  -0.10    1.0
2026/04/23 07:43:51.000   3509416.2754    779163.6797   5250977.3848   2   7   0.3608   0.1656   0.3073   0.1526   0.1374   0.2563   0.00    1.0
2026/04/23 07:43:51.100   3509416.2686    779163.6807   5250977.3830   2   7   0.3605   0.1654   0.3067   0.1524   0.1372   0.2560   0.10    1.0
2026/04/23 07:43:51.200   3509416.2630    779163.6811   5250977.3790   2   7   0.3602   0.1652   0.3061   0.1521   0.1369   0.2556   0.20    1.0
2026/04/23 07:43:51.300   3509416.2553    779163.6796   5250977.3748   2   7   0.3598   0.1650   0.3055   0.1519   0.1366   0.2552   0.30    1.0
2026/04/23 07:43:51.400   3509416.2478    779163.6777   5250977.3700   2   7   0.3595   0.1648   0.3049   0.1517   0.1363   0.2549   0.40    1.0
2026/04/23 07:43:51.500   3509416.2407    779163.6749   5250977.3669   2   7   0.3592   0.1646   0.3043   0.1515   0.1361   0.2545  -0.50    1.0
2026/04/23 07:43:51.600   3509416.2342    779163.6725   5250977.3649   2   7   0.3588   0.1644   0.3038   0.1513   0.1358   0.2541  -0.40    1.0
2026/04/23 07:43:51.700   3509416.2306    779163.6725   5250977.3668   2   7   0.3585   0.1642   0.3032   0.1511   0.1355   0.2538  -0.30    1.0
2026/04/23 07:43:51.800   3509416.2265    779163.6726   5250977.3645   2   7   0.3582   0.1640   0.3026   0.1509   0.1352   0.2534  -0.20    1.0
2026/04/23 07:43:51.900   3509416.2226    779163.6717   5250977.3615   2   7   0.3579   0.1638   0.3020   0.1507   0.1350   0.2530  -0.10    1.0
2026/04/23 07:43:52.000   3509416.2177    779163.6703   5250977.3605   2   7   0.3575   0.1637   0.3014   0.1505   0.1347   0.2527   0.00    1.0
2026/04/23 07:43:52.100   3509416.2142    779163.6692   5250977.3622   2   7   0.3572   0.1635   0.3008   0.1503   0.1344   0.2523   0.10    1.0
2026/04/23 07:43:52.200   3509416.2117    779163.6699   5250977.3638   2   7   0.3569   0.1633   0.3002   0.1501   0.1341   0.2520   0.20    1.0
2026/04/23 07:43:52.300   3509416.2074    779163.6696   5250977.3658   2   7   0.3566   0.1631   0.2996   0.1499   0.1339   0.2516   0.30    1.0
2026/04/23 07:43:52.400   3509416.2042    779163.6684   5250977.3690   2   7   0.3562   0.1629   0.2990   0.1496   0.1336   0.2512   0.40    1.0
2026/04/23 07:43:52.500   3509416.2010    779163.6675   5250977.3721   2   7   0.3559   0.1627   0.2985   0.1494   0.1333   0.2509  -0.50    1.0
2026/04/23 07:43:52.600   3509416.1956    779163.6669   5250977.3724   2   7   0.3556   0.1625   0.2979   0.1492   0.1330   0.2505  -0.40    1.0
2026/04/23 07:43:52.700   3509416.1923    779163.6660   5250977.3745   2   7   0.3553   0.1624   0.2973   0.1490   0.1328   0.2502  -0.30    1.0
2026/04/23 07:43:52.800   3509416.1889    779163.6651   5250977.3757   2   7   0.3549   0.1622   0.2967   0.1488   0.1325   0.2498  -0.20    1.0
2026/04/23 07:43:52.900   3509416.1847    779163.6647   5250977.3781   2   7   0.3546   0.1620   0.2961   0.1486   0.1322   0.2494  -0.10    1.0
2026/04/23 07:43:53.000   3509416.1806    779163.6644   5250977.3814   2   7   0.3543   0.1618   0.2956   0.1484   0.1320   0.2491   0.00    1.0
2026/04/23 07:43:53.100   3509416.1772    779163.6640   5250977.3852   2   7   0.3540   0.1616   0.2950   0.1482   0.1317   0.2487   0.10    1.0
2026/04/23 07:43:53.200   3509416.1740    779163.6637   5250977.3897   2   7   0.3536   0.1614   0.2944   0.1480   0.1314   0.2484   0.20    1.0
2026/04/23 07:43:53.300   3509416.1714    779163.6634   5250977.3923   2   7   0.3533   0.1613   0.2938   0.1478   0.1312   0.2480   0.30    1.0
2026/04/23 07:43:53.400   3509416.1681    779163.6634   5250977.3940   2   7   0.3530   0.1611   0.2933   0.1476   0.1309   0.2477   0.40    1.0
2026/04/23 07:43:53.500   3509416.1646    779163.6634   5250977.3970   2   7   0.3527   0.1609   0.2927   0.1474   0.1306   0.2473  -0.50    1.0
2026/04/23 07:43:53.600   3509416.1619    779163.6631   5250977.3981   2   7   0.3524   0.1607   0.2921   0.1472   0.1304   0.2469  -0.40    1.0
2026/04/23 07:43:53.700   3509416.1594    779163.6628   5250977.3979   2   7   0.3520   0.1605   0.2915   0.1470   0.1301   0.2466  -0.30    1.0
2026/04/23 07:43:53.800   3509416.1567    779163.6625   5250977.3976   2   7   0.3517   0.1604   0.2910   0.1468   0.1298   0.2462  -0.20    1.0
2026/04/23 07:43:53.900   3509416.1548    779163.6616   5250977.3995   2   7   0.3514   0.1602   0.2904   0.1466   0.1296   0.2459  -0.10    1.0
2026/04/23 07:43:54.000   3509416.1536    779163.6620   5250977.4009   2   7   0.3511   0.1600   0.2898   0.1464   0.1293   0.2455   0.00    1.0
2026/04/23 07:43:54.100   3509416.1504    779163.6615   5250977.3991   2   7   0.3508   0.1598   0.2893   0.1462   0.1290   0.2452   0.10    1.0
2026/04/23 07:43:54.200   3509416.1486    779163.6614   5250977.3996   2   7   0.3505   0.1596   0.2887   0.1460   0.1288   0.2448   0.20    1.0
2026/04/23 07:43:54.300   3509416.1475    779163.6613   5250977.4025   2   7   0.3501   0.1595   0.2881   0.1458   0.1285   0.2445   0.30    1.0
2026/04/23 07:43:54.400   3509416.1452    779163.6608   5250977.4025   2   7   0.3498   0.1593   0.2876   0.1456   0.1282   0.2441   0.40    1.0
2026/04/23 07:43:54.500   3509416.1447    779163.6598   5250977.4036   2   7   0.3495   0.1591   0.2870   0.1454   0.1280   0.2438  -0.50    1.0
2026/04/23 07:43:54.600   3509416.1441    779163.6585   5250977.4052   2   7   0.3492   0.1589   0.2865   0.1452   0.1277   0.2434  -0.40    1.0
2026/04/23 07:43:54.700   3509416.1449    779163.6583   5250977.4086   2   7   0.3489   0.1588   0.2859   0.1450   0.1275   0.2431  -0.30    1.0
2026/04/23 07:43:54.800   3509416.1443    779163.6577   5250977.4117   2   7   0.3486   0.1586   0.2853   0.1448   0.1272   0.2427  -0.20    1.0
2026/04/23 07:43:54.900   3509416.1445    779163.6568   5250977.4154   2   7   0.3482   0.1584   0.2848   0.1446   0.1269   0.2424  -0.10    1.0
2026/04/23 07:43:55.000   3509416.1440    779163.6559   5250977.4194   2   7   0.3479   0.1582   0.2842   0.1444   0.1267   0.2420   0.00    1.0
2026/04/23 07:43:55.100   3509416.1430    779163.6551   5250977.4229   2   7   0.3476   0.1581   0.2837   0.1443   0.1264   0.2417   0.10    1.0
2026/04/23 07:43:55.200   3509416.1434    779163.6549   5250977.4254   2   7   0.3473   0.1579   0.2831   0.1441   0.1262   0.2413   0.20    1.1
2026/04/23 07:43:55.300   3509416.1442    779163.6556   5250977.4279   2   7   0.3470   0.1577   0.2826   0.1439   0.1259   0.2410   0.30    1.1
2026/04/23 07:43:55.400   3509416.1420    779163.6556   5250977.4288   2   7   0.3467   0.1576   0.2820   0.1437   0.1256   0.2407   0.40    1.1
2026/04/23 07:43:55.500   3509416.1404    779163.6556   5250977.4303   2   7   0.3464   0.1574   0.2815   0.1435   0.1254   0.2403  -0.50    1.1
2026/04/23 07:43:55.600   3509416.1402    779163.6565   5250977.4342   2   7   0.3461   0.1572   0.2809   0.1433   0.1251   0.2400  -0.40    1.1
2026/04/23 07:43:55.700   3509416.1399    779163.6553   5250977.4380   2   7   0.3457   0.1570   0.2804   0.1431   0.1249   0.2396  -0.30    1.1
2026/04/23 07:43:55.800   3509416.1379    779163.6530   5250977.4384   2   7   0.3454   0.1569   0.2798   0.1429   0.1246   0.2393  -0.20    1.1
2026/04/23 07:43:55.900   3509416.1376    779163.6531   5250977.4410   2   7   0.3451   0.1567   0.2793   0.1427   0.1244   0.2389  -0.10    1.1
2026/04/23 07:43:56.000   3509416.1374    779163.6541   5250977.4445   2   7   0.3448   0.1565   0.2787   0.1425   0.1241   0.2386   0.00    1.1
2026/04/23 07:43:56.100   3509416.1348    779163.6534   5250977.4453   2   7   0.3445   0.1564   0.2782   0.1423   0.1239   0.2383   0.10    1.1
2026/04/23 07:43:56.200   3509416.1335    779163.6532   5250977.4481   2   7   0.3442   0.1562   0.2776   0.1421   0.1236   0.2379   0.20    1.1
2026/04/23 07:43:56.300   3509416.1327    779163.6534   5250977.4511   2   7   0.3439   0.1560   0.2771   0.1419   0.1233   0.2376   0.30    1.1
2026/04/23 07:43:56.400   3509416.1291    779163.6533   5250977.4517   2   7   0.3436   0.1559   0.2765   0.1418   0.1231   0.2372   0.40    1.1
2026/04/23 07:43:56.500   3509416.1243    779163.6524   5250977.4510   2   7   0.3433   0.1557   0.2760   0.1416   0.1228   0.2369  -0.50    1.1
2026/04/23 07:43:56.600   3509416.1221    779163.6528   5250977.4528   2   7   0.3430   0.1555   0.2755   0.1414   0.1226   0.2366  -0.40    1.1
2026/04/23 07:43:56.700   3509416.1200    779163.6527   5250977.4557   2   7   0.3427   0.1554   0.2749   0.1412   0.1223   0.2362  -0.30    1.1
2026/04/23 07:43:56.800   3509416.1162    779163.6513   5250977.4544   2   7   0.3424   0.1552   0.2744   0.1410   0.1221   0.2359  -0.20    1.1
2026/04/23 07:43:56.900   3509416.1127    779163.6508   5250977.4516   2   7   0.3421   0.1550   0.2739   0.1408   0.1218   0.2355  -0.10    1.1
2026/04/23 07:43:57.000   3509416.1085    779163.6507   5250977.4515   2   7   0.3417   0.1549   0.2733   0.1406   0.1216   0.2352   0.00    1.1
2026/04/23 07:43:57.100   3509416.1046    779163.6495   5250977.4504   2   7   0.3414   0.1547   0.2728   0.1404   0.1213   0.2349   0.10    1.1
2026/04/23 07:43:57.200   3509416.1011    779163.6477   5250977.4492   2   7   0.3411   0.1545   0.2723   0.1403   0.1211   0.2345   0.20    1.1
2026/04/23 07:43:57.300   3509416.0968    779163.6456   5250977.4467   2   7   0.3408   0.1544   0.2717   0.1401   0.1209   0.2342   0.30    1.1
2026/04/23 07:43:57.400   3509416.0936    779163.6436   5250977.4468   2   7   0.3405   0.1542   0.2712   0.1399   0.1206   0.2339   0.40    1.1
2026/04/23 07:43:57.500   3509416.0908    779163.6416   5250977.4482   2   7   0.3402   0.1541   0.2707   0.1397   0.1204   0.2335  -0.50    1.1
2026/04/23 07:43:57.600   3509416.0878    779163.6401   5250977.4492   2   7   0.3399   0.1539   0.2702   0.1395   0.1201   0.2332  -0.40    1.1
2026/04/23 07:43:57.700   3509416.0864    779163.6385   5250977.4518   2   7   0.3396   0.1537   0.2696   0.1393   0.1199   0.2329  -0.30    1.1
2026/04/23 07:43:57.800   3509416.0848    779163.6377   5250977.4534   2   7   0.3393   0.1536   0.2691   0.1391   0.1196   0.2325  -0.20    1.1
2026/04/23 07:43:57.900   3509416.0841    779163.6364   5250977.4550   2   7   0.3390   0.1534   0.2686   0.1390   0.1194   0.2322  -0.10    1.1
2026/04/23 07:43:58.000   3509416.0834    779163.6354   5250977.4578   2   7   0.3387   0.1532   0.2681   0.1388   0.1191   0.2319   0.00    1.1
2026/04/23 07:43:58.100   3509416.0821    779163.6333   5250977.4592   2   7   0.3384   0.1531   0.2675   0.1386   0.1189   0.2316   0.10    1.1
2026/04/23 07:43:58.200   3509416.0812    779163.6310   5250977.4618   2   7   0.3381   0.1529   0.2670   0.1384   0.1187   0.2312   0.20    1.1
2026/04/23 07:43:58.300   3509416.0811    779163.6307   5250977.4623   2   7   0.3378   0.1528   0.2665   0.1382   0.1184   0.2309   0.30    1.1
2026/04/23 07:43:58.400   3509416.0818    779163.6292   5250977.4635   2   7   0.3375   0.1526   0.2660   0.1381   0.1182   0.2306   0.40    1.1
2026/04/23 07:43:58.500   3509416.0826    779163.6279   5250977.4646   2   7   0.3372   0.1525   0.2655   0.1379   0.1179   0.2302  -0.50    1.1
2026/04/23 07:43:58.600   3509416.0844    779163.6264   5250977.4685   2   7   0.3369   0.1523   0.2650   0.1377   0.1177   0.2299  -0.40    1.1
2026/04/23 07:43:58.700   3509416.0858    779163.6246   5250977.4714   2   7   0.3366   0.1521   0.2644   0.1375   0.1175   0.2296  -0.30    1.1
2026/04/23 07:43:58.800   3509416.0873    779163.6223   5250977.4756   2   7   0.3363   0.1520   0.2639   0.1373   0.1172   0.2293  -0.20    1.1
2026/04/23 07:43:58.900   3509416.0885    779163.6210   5250977.4779   2   7   0.3360   0.1518   0.2634   0.1371   0.1170   0.2289  -0.10    1.1
2026/04/23 07:43:59.000   3509416.0898    779163.6190   5250977.4791   2   7   0.3358   0.1517   0.2629   0.1370   0.1167   0.2286   0.00    1.1
2026/04/23 07:43:59.100   3509416.0912    779163.6173   5250977.4791   2   7   0.3355   0.1515   0.2624   0.1368   0.1165   0.2283   0.10    1.1
2026/04/23 07:43:59.200   3509416.0919    779163.6156   5250977.4790   2   7   0.3352   0.1514   0.2619   0.1366   0.1163   0.2280   0.20    1.1
2026/04/23 07:43:59.300   3509416.0923    779163.6128   5250977.4820   2   7   0.3349   0.1512   0.2614   0.1364   0.1160   0.2276   0.30    1.1
2026/04/23 07:43:59.400   3509416.0917    779163.6100   5250977.4830   2   7   0.3346   0.1510   0.2609   0.1363   0.1158   0.2273   0.40    1.1
2026/04/23 07:43:59.500   3509416.0917    779163.6080   5250977.4845   2   7   0.3343   0.1509   0.2604   0.1361   0.1156   0.2270  -0.50    1.1
2026/04/23 07:43:59.600   3509416.0921    779163.6064   5250977.4854   2   7   0.3340   0.1507   0.2599   0.1359   0.1153   0.2267  -0.40    1.1
2026/04/23 07:43:59.700   3509416.0917    779163.6044   5250977.4869   2   7   0.3337   0.1506   0.2594   0.1357   0.1151   0.2264  -0.30    1.1
2026/04/23 07:43:59.800   3509416.0921    779163.6033   5250977.4909   2   7   0.3334   0.1504   0.2589   0.1356   0.1149   0.2260  -0.20    1.1
2026/04/23 07:43:59.900   3509416.0933    779163.6021   5250977.4954   2   7   0.3331   0.1503   0.2584   0.1354   0.1146   0.2257  -0.10    1.1
2026/04/23 07:44:00.000   3509416.0929    779163.5994   5250977.4954   2   7   0.3328   0.1501   0.2579   0.1352   0.1144   0.2254   0.00    1.1
2026/04/23 07:44:00.100   3509416.0923    779163.5969   5250977.4977   2   7   0.3325   0.1500   0.2574   0.1350   0.1142   0.2251   0.10    1.1
2026/04/23 07:44:00.200   3509416.0923    779163.5933   5250977.4979   2   7   0.3322   0.1498   0.2569   0.1349   0.1139   0.2248   0.20    1.1
2026/04/23 07:44:00.300   3509416.0927    779163.5913   5250977.5005   2   7   0.3319   0.1497   0.2564   0.1347   0.1137   0.2245   0.30    1.1
2026/04/23 07:44:00.400   3509416.0932    779163.5883   5250977.5020   2   7   0.3317   0.1495   0.2559   0.1345   0.1135   0.2241   0.40    1.1
2026/04/23 07:44:00.500   3509416.0938    779163.5851   5250977.5033   2   7   0.3314   0.1494   0.2554   0.1343   0.1132   0.2238  -0.50    1.1
2026/04/23 07:44:00.600   3509416.0955    779163.5823   5250977.5057   2   7   0.3311   0.1492   0.2549   0.1342   0.1130   0.2235  -0.40    1.1
2026/04/23 07:44:00.700   3509416.0969    779163.5801   5250977.5084   2   7   0.3308   0.1491   0.2544   0.1340   0.1128   0.2232  -0.30    1.1
2026/04/23 07:44:00.800   3509416.0988    779163.5782   5250977.5099   2   7   0.3305   0.1489   0.2539   0.1338   0.1125   0.2229  -0.20    1.1
2026/04/23 07:44:00.900   3509416.0994    779163.5759   5250977.5117   2   7   0.3302   0.1488   0.2534   0.1336   0.1123   0.2226  -0.10    1.1
2026/04/23 07:44:01.000   3509416.0986    779163.5739   5250977.5129   2   7   0.3299   0.1486   0.2529   0.1335   0.1121   0.2223   0.00    1.1
2026/04/23 07:44:01.100   3509416.0964    779163.5713   5250977.5126   2   7   0.3296   0.1485   0.2525   0.1333   0.1119   0.2220   0.10    1.1
2026/04/23 07:44:01.200   3509416.0952    779163.5694   5250977.5158   2   7   0.3294   0.1483   0.2520   0.1331   0.1116   0.2216   0.20    1.1
2026/04/23 07:44:01.300   3509416.0943    779163.5675   5250977.5190   2   7   0.3291   0.1482   0.2515   0.1330   0.1114   0.2213   0.30    1.1
2026/04/23 07:44:01.400   3509416.0936    779163.5653   5250977.5208   2   7   0.3288   0.1480   0.2510   0.1328   0.1112   0.2210   0.40    1.1
2026/04/23 07:44:01.500   3509416.0926    779163.5627   5250977.5237   2   7   0.3285   0.1479   0.2505   0.1326   0.1110   0.2207  -0.50    1.1
2026/04/23 07:44:01.600   3509416.0922    779163.5611   5250977.5257   2   7   0.3282   0.1477   0.2501   0.1324   0.1107   0.2204  -0.40    1.1
2026/04/23 07:44:01.700   3509416.0917    779163.5592   5250977.5277   2   7   0.3279   0.1476   0.2496   0.1323   0.1105   0.2201  -0.30    1.1
2026/04/23 07:44:01.800   3509416.0916    779163.5572   5250977.5317   2   7   0.3277   0.1474   0.2491   0.1321   0.1103   0.2198  -0.20    1.1
2026/04/23 07:44:01.900   3509416.0921    779163.5555   5250977.5371   2   7   0.3274   0.1473   0.2486   0.1319   0.1101   0.2195  -0.10    1.1
2026/04/23 07:44:02.000   3509416.0914    779163.5534   5250977.5421   2   7   0.3271   0.1472   0.2481   0.1318   0.1098   0.2192   0.00    1.1
2026/04/23 07:44:02.100   3509416.0906    779163.5507   5250977.5459   2   7   0.3268   0.1470   0.2477   0.1316   0.1096   0.2189   0.10    1.1
2026/04/23 07:44:02.200   3509416.0890    779163.5479   5250977.5488   2   7   0.3265   0.1469   0.2472   0.1314   0.1094   0.2186   0.20    1.1
2026/04/23 07:44:02.300   3509416.0877    779163.5464   5250977.5520   2   7   0.3262   0.1467   0.2467   0.1313   0.1092   0.2183   0.30    1.1
2026/04/23 07:44:02.400   3509416.0867    779163.5452   5250977.5575   2   7   0.3260   0.1466   0.2463   0.1311   0.1090   0.2180   0.40    1.1
2026/04/23 07:44:02.500   3509416.0855    779163.5435   5250977.5601   2   7   0.3257   0.1464   0.2458   0.1309   0.1087   0.2177  -0.50    1.1
2026/04/23 07:44:02.600   3509416.0822    779163.5407   5250977.5608   2   7   0.3254   0.1463   0.2453   0.1308   0.1085   0.2174  -0.40    1.1
2026/04/23 07:44:02.700   3509416.0807    779163.5381   5250977.5642   2   7   0.3251   0.1461   0.2449   0.1306   0.1083   0.2171  -0.30    1.1
2026/04/23 07:44:02.800   3509416.0783    779163.5360   5250977.5663   2   7   0.3249   0.1460   0.2444   0.1304   0.1081   0.2168  -0.20    1.1
2026/04/23 07:44:02.900   3509416.0777    779163.5343   5250977.5696   2   7   0.3246   0.1459   0.2439   0.1303   0.1079   0.2165  -0.10    1.1
2026/04/23 07:44:03.000   3509416.0765    779163.5330   5250977.5721   2   7   0.3243   0.1457   0.2435   0.1301   0.1077   0.2162   0.00    1.1
2026/04/23 07:44:03.100   3509416.0739    779163.5312   5250977.5728   2   7   0.3240   0.1456   0.2430   0.1300   0.1074   0.2159   0.10    1.1
2026/04/23 07:44:03.200   3509416.0712    779163.5292   5250977.5742   2   7   0.3237   0.1454   0.2425   0.1298   0.1072   0.2156   0.20    1.1
2026/04/23 07:44:03.300   3509416.0686    779163.5274   5250977.5761   2   7   0.3235   0.1453   0.2421   0.1296   0.1070   0.2153   0.30    1.1
2026/04/23 07:44:03.400   3509416.0657    779163.5255   5250977.5786   2   7   0.3232   0.1452   0.2416   0.1295   0.1068   0.2150   0.40    1.1
2026/04/23 07:44:03.500   3509416.0631    779163.5227   5250977.5802   2   7   0.3229   0.1450   0.2412   0.1293   0.1066   0.2147  -0.50    1.1
2026/04/23 07:44:03.600   3509416.0594    779163.5190   5250977.5796   2   7   0.3226   0.1449   0.2407   0.1291   0.1064   0.2144  -0.40    1.1
2026/04/23 07:44:03.700   3509416.0549    779163.5167   5250977.5801   2   7   0.3224   0.1447   0.2402   0.1290   0.1062   0.2141  -0.30    1.1
2026/04/23 07:44:03.800   3509416.0501    779163.5158   5250977.5807   2   7   0.3221   0.1446   0.2398   0.1288   0.1060   0.2138  -0.20    1.1
2026/04/23 07:44:03.900   3509416.0454    779163.5139   5250977.5826   2   7   0.3218   0.1445   0.2393   0.1287   0.1057   0.2135  -0.10    1.1
2026/04/23 07:44:04.000   3509416.0395    779163.5105   5250977.5806   2   7   0.3215   0.1443   0.2389   0.1285   0.1055   0.2132   0.00    1.1
2026/04/23 07:44:04.100   3509416.0343    779163.5070   5250977.5799   2   7   0.3213   0.1442   0.2384   0.1283   0.1053   0.2129   0.10    1.1
2026/04/23 07:44:04.200   3509416.0274    779163.5043   5250977.5799   2   7   0.3210   0.1440   0.2380   0.1282   0.1051   0.2126   0.20    1.1
2026/04/23 07:44:04.300   3509416.0231    779163.5022   5250977.5810   2   7   0.3207   0.1439   0.2375   0.1280   0.1049   0.2123   0.30    1.1
2026/04/23 07:44:04.400   3509416.0187    779163.4999   5250977.5821   2   7   0.3204   0.1438   0.2371   0.1279   0.1047   0.2121   0.40    1.1
2026/04/23 07:44:04.500   3509416.0153    779163.4983   5250977.5832   2   7   0.3202   0.1436   0.2366   0.1277   0.1045   0.2118  -0.50    1.1
2026/04/23 07:44:04.600   3509416.0112    779163.4962   5250977.5833   2   7   0.3199   0.1435   0.2362   0.1275   0.1043   0.2115  -0.40    1.1
2026/04/23 07:44:04.700   3509416.0070    779163.4935   5250977.5822   2   7   0.3196   0.1434   0.2358   0.1274   0.1041   0.2112  -0.30    1.1
2026/04/23 07:44:04.800   3509416.0036    779163.4911   5250977.5806   2   7   0.3194   0.1432   0.2353   0.1272   0.1039   0.2109  -0.20    1.1
2026/04/23 07:44:04.900   3509416.0002    779163.4891   5250977.5783   2   7   0.3191   0.1431   0.2349   0.1271   0.1037   0.2106  -0.10    1.1
2026/04/23 07:44:05.000   3509415.9981    779163.4862   5250977.5780   2   7   0.3188   0.1430   0.2344   0.1269   0.1034   0.2103   0.00    1.1
2026/04/23 07:44:05.100   3509415.9955    779163.4837   5250977.5773   2   7   0.3186   0.1428   0.2340   0.1268   0.1032   0.2100   0.10    1.1
2026/04/23 07:44:05.200   3509415.9935    779163.4811   5250977.5766   2   7   0.3183   0.1427   0.2335   0.1266   0.1030   0.2098   0.20    1.1
2026/04/23 07:44:05.300   3509415.9923    779163.4780   5250977.5752   2   7   0.3180   0.1426   0.2331   0.1264   0.1028   0.2095   0.30    1.1
2026/04/23 07:44:05.400   3509415.9927    779163.4758   5250977.5777   2   7   0.3178   0.1424   0.2327   0.1263   0.1026   0.2092   0.40    1.1
2026/04/23 07:44:05.500   3509415.9904    779163.4738   5250977.5790   2   7   0.3175   0.1423   0.2322   0.1261   0.1024   0.2089  -0.50    1.1
2026/04/23 07:44:05.600   3509415.9888    779163.4725   5250977.5792   2   7   0.3172   0.1422   0.2318   0.1260   0.1022   0.2086  -0.40    1.1
2026/04/23 07:44:05.700   3509415.9876    779163.4709   5250977.5793   2   7   0.3170   0.1420   0.2314   0.1258   0.1020   0.2083  -0.30    1.1
2026/04/23 07:44:05.800   3509415.9861    779163.4689   5250977.5795   2   7   0.3167   0.1419   0.2309   0.1257   0.1018   0.2081  -0.20    1.1
2026/04/23 07:44:05.900   3509415.9832    779163.4666   5250977.5798   2   7   0.3164   0.1418   0.2305   0.1255   0.1016   0.2078  -0.10    1.1
2026/04/23 07:44:06.000   3509415.9811    779163.4653   5250977.5786   2   7   0.3162   0.1416   0.2301   0.1254   0.1014   0.2075   0.00    1.1
2026/04/23 07:44:06.100   3509415.9775    779163.4635   5250977.5761   2   7   0.3159   0.1415   0.2296   0.1252   0.1012   0.2072   0.10    1.1
2026/04/23 07:44:06.200   3509415.9751    779163.4622   5250977.5774   2   7   0.3156   0.1414   0.2292   0.1251   0.1010   0.2069   0.20    1.1
2026/04/23 07:44:06.300   3509415.9731    779163.4613   5250977.5784   2   7   0.3154   0.1412   0.2288   0.1249   0.1008   0.2067   0.30    1.1
2026/04/23 07:44:06.400   3509415.9723    779163.4604   5250977.5789   2   7   0.3151   0.1411   0.2284   0.1248   0.1006   0.2064   0.40    1.1
2026/04/23 07:44:06.500   3509415.9720    779163.4597   5250977.5809   2   7   0.3148   0.1410   0.2280   0.1246   0.1004   0.2061  -0.50    1.1
2026/04/23 07:44:06.600   3509415.9725    779163.4591   5250977.5832   2   7   0.3146   0.1408   0.2275   0.1245   0.1002   0.2058  -0.40    1.1
2026/04/23 07:44:06.700   3509415.9721    779163.4586   5250977.5850   2   7   0.3143   0.1407   0.2271   0.1243   0.1000   0.2056  -0.30    1.1
2026/04/23 07:44:06.800   3509415.9715    779163.4576   5250977.5874   2   7   0.3141   0.1406   0.2267   0.1242   0.0998   0.2053  -0.20    1.1
2026/04/23 07:44:06.900   3509415.9705    779163.4567   5250977.5886   2   7   0.3138   0.1405   0.2263   0.1240   0.0996   0.2050  -0.10    1.1
2026/04/23 07:44:07.000   3509415.9693    779163.4552   5250977.5902   2   7   0.3135   0.1403   0.2258   0.1239   0.0994   0.2047   0.00    1.1
2026/04/23 07:44:07.100   3509415.9683    779163.4536   5250977.5923   2   7   0.3133   0.1402   0.2254   0.1237   0.0992   0.2045   0.10    1.1
2026/04/23 07:44:07.200   3509415.9700    779163.4526   5250977.5957   2   7   0.3130   0.1401   0.2250   0.1236   0.0990   0.2042   0.20    1.1
2026/04/23 07:44:07.300   3509415.9712    779163.4520   5250977.5995   2   7   0.3127   0.1399   0.2246   0.1234   0.0989   0.2039   0.30    1.1
2026/04/23 07:44:07.400   3509415.9716    779163.4516   5250977.6034   2   7   0.3125   0.1398   0.2242   0.1233   0.0987   0.2036   0.40    1.1
2026/04/23 07:44:07.500   3509415.9706    779163.4503   5250977.6056   2   7   0.3122   0.1397   0.2238   0.1231   0.0985   0.2034  -0.50    1.1
2026/04/23 07:44:07.600   3509415.9689    779163.4493   5250977.6077   2   7   0.3120   0.1396   0.2234   0.1230   0.0983   0.2031  -0.40    1.1
2026/04/23 07:44:07.700   3509415.9680    779163.4483   5250977.6090   2   7   0.3117   0.1394   0.2230   0.1228   0.0981   0.2028  -0.30    1.1
2026/04/23 07:44:07.800   3509415.9664    779163.4466   5250977.6105   2   7   0.3115   0.1393   0.2225   0.1227   0.0979   0.2026  -0.20    1.1
2026/04/23 07:44:07.900   3509415.9668    779163.4453   5250977.6121   2   7   0.3112   0.1392   0.2221   0.1225   0.0977   0.2023  -0.10    1.1
2026/04/23 07:44:08.000   3509415.9670    779163.4444   5250977.6128   2   7   0.3109   0.1391   0.2217   0.1224   0.0975   0.2020   0.00    1.1
2026/04/23 07:44:08.100   3509415.9653    779163.4438   5250977.6130   2   7   0.3107   0.1389   0.2213   0.1222   0.0973   0.2018   0.10    1.2
2026/04/23 07:44:08.200   3509415.9642    779163.4422   5250977.6138   2   7   0.3104   0.1388   0.2209   0.1221   0.0971   0.2015   0.20    1.2
2026/04/23 07:44:08.300   3509415.9631    779163.4395   5250977.6145   2   7   0.3102   0.1387   0.2205   0.1219   0.0969   0.2012   0.30    1.2
2026/04/23 07:44:08.400   3509415.9629    779163.4378   5250977.6163   2   7   0.3099   0.1386   0.2201   0.1218   0.0968   0.2010   0.40    1.2
2026/04/23 07:44:08.500   3509415.9634    779163.4373   5250977.6194   2   7   0.3097   0.1384   0.2197   0.1216   0.0966   0.2007  -0.50    1.2
2026/04/23 07:44:08.600   3509415.9630    779163.4364   5250977.6210   2   7   0.3094   0.1383   0.2193   0.1215   0.0964   0.2004  -0.40    1.2
2026/04/23 07:44:08.700   3509415.9629    779163.4340   5250977.6223   2   7   0.3092   0.1382   0.2189   0.1214   0.0962   0.2002  -0.30    1.2
2026/04/23 07:44:08.800   3509415.9631    779163.4337   5250977.6220   2   7   0.3089   0.1381   0.2185   0.1212   0.0960   0.1999  -0.20    1.2
2026/04/23 07:44:08.900   3509415.9621    779163.4328   5250977.6206   2   7   0.3086   0.1379   0.2181   0.1211   0.0958   0.1996  -0.10    1.2
2026/04/23 07:44:09.000   3509415.9606    779163.4319   5250977.6209   2   7   0.3084   0.1378   0.2177   0.1209   0.0956   0.1994   0.00    1.2
2026/04/23 07:44:09.100   3509415.9579    779163.4311   5250977.6204   2   7   0.3081   0.1377   0.2173   0.1208   0.0955   0.1991   0.10    1.2
2026/04/23 07:44:09.200   3509415.9562    779163.4307   5250977.6201   2   7   0.3079   0.1376   0.2169   0.1206   0.0953   0.1989   0.20    1.2
2026/04/23 07:44:09.300   3509415.9537    779163.4294   5250977.6184   2   7   0.3076   0.1375   0.2165   0.1205   0.0951   0.1986   0.30    1.2
2026/04/23 07:44:09.400   3509415.9506    779163.4273   5250977.6154   2   7   0.3074   0.1373   0.2161   0.1204   0.0949   0.1983   0.40    1.2
2026/04/23 07:44:09.500   3509415.9477    779163.4251   5250977.6113   2   7   0.3071   0.1372   0.2157   0.1202   0.0947   0.1981  -0.50    1.2
2026/04/23 07:44:09.600   3509415.9454    779163.4230   5250977.6089   2   7   0.3069   0.1371   0.2154   0.1201   0.0945   0.1978  -0.40    1.2
2026/04/23 07:44:09.700   3509415.9427    779163.4209   5250977.6063   2   7   0.3066   0.1370   0.2150   0.1199   0.0944   0.1976  -0.30    1.2
2026/04/23 07:44:09.800   3509415.9412    779163.4184   5250977.6047   2   7   0.3064   0.1369   0.2146   0.1198   0.0942   0.1973  -0.20    1.2
2026/04/23 07:44:09.900   3509415.9392    779163.4165   5250977.6025   2   7   0.3061   0.1367   0.2142   0.1197   0.0940   0.1971  -0.10    1.2
2026/04/23 07:44:10.000   3509415.9357    779163.4134   5250977.6000   2   7   0.3059   0.1366   0.2138   0.1195   0.0938   0.1968   0.00    1.2
2026/04/23 07:44:10.100   3509415.9311    779163.4097   5250977.5962   2   7   0.3056   0.1365   0.2134   0.1194   0.0936   0.1965   0.10    1.2
2026/04/23 07:44:10.200   3509415.9280    779163.4060   5250977.5936   2   7   0.3054   0.1364   0.2130   0.1192   0.0934   0.1963   0.20    1.2
2026/04/23 07:44:10.300   3509415.9259    779163.4039   5250977.5917   2   7   0.3051   0.1363   0.2126   0.1191   0.0933   0.1960   0.30    1.2
2026/04/23 07:44:10.400   3509415.9235    779163.4010   5250977.5896   2   7   0.3049   0.1361   0.2123   0.1190   0.0931   0.1958   0.40    1.2
2026/04/23 07:44:10.500   3509415.9198    779163.3978   5250977.5870   2   7   0.3047   0.1360   0.2119   0.1188   0.0929   0.1955  -0.50    1.2
2026/04/23 07:44:10.600   3509415.9170    779163.3951   5250977.5857   2   7   0.3044   0.1359   0.2115   0.1187   0.0927   0.1953  -0.40    1.2
2026/04/23 07:44:10.700   3509415.9151    779163.3924   5250977.5835   2   7   0.3042   0.1358   0.2111   0.1185   0.0926   0.1950  -0.30    1.2
2026/04/23 07:44:10.800   3509415.9128    779163.3898   5250977.5808   2   7   0.3039   0.1357   0.2108   0.1184   0.0924   0.1948  -0.20    1.2
2026/04/23 07:44:10.900   3509415.9107    779163.3870   5250977.5784   2   7   0.3037   0.1356   0.2104   0.1183   0.0922   0.1945  -0.10    1.2
2026/04/23 07:44:11.000   3509415.9088    779163.3841   5250977.5761   2   7   0.3034   0.1354   0.2100   0.1181   0.0920   0.1943   0.00    1.2
2026/04/23 07:44:11.100   3509415.9059    779163.3810   5250977.5733   2   7   0.3032   0.1353   0.2096   0.1180   0.0919   0.1940   0.10    1.2
2026/04/23 07:44:11.200   3509415.9030    779163.3787   5250977.5711   2   7   0.3029   0.1352   0.2092   0.1179   0.0917   0.1938   0.20    1.2
2026/04/23 07:44:11.300   3509415.9010    779163.3758   5250977.5693   2   7   0.3027   0.1351   0.2089   0.1177   0.0915   0.1935   0.30    1.2
2026/04/23 07:44:11.400   3509415.8992    779163.3734   5250977.5672   2   7   0.3024   0.1350   0.2085   0.1176   0.0913   0.1933   0.40    1.2
2026/04/23 07:44:11.500   3509415.8965    779163.3708   5250977.5635   2   7   0.3022   0.1349   0.2081   0.1174   0.0912   0.1930  -0.50    1.2
2026/04/23 07:44:11.600   3509415.8920    779163.3679   5250977.5597   2   7   0.3020   0.1347   0.2078   0.1173   0.0910   0.1928  -0.40    1.2
2026/04/23 07:44:11.700   3509415.8887    779163.3644   5250977.5570   2   7   0.3017   0.1346   0.2074   0.1172   0.0908   0.1925  -0.30    1.2
2026/04/23 07:44:11.800   3509415.8842    779163.3612   5250977.5523   2   7   0.3015   0.1345   0.2070   0.1170   0.0906   0.1923  -0.20    1.2
2026/04/23 07:44:11.900   3509415.8793    779163.3575   5250977.5467   2   7   0.3012   0.1344   0.2067   0.1169   0.0905   0.1921  -0.10    1.2
2026/04/23 07:44:12.000   3509415.8748    779163.3544   5250977.5420   2   7   0.3010   0.1343   0.2063   0.1168   0.0903   0.1918   0.00    1.2
2026/04/23 07:44:12.100   3509415.8698    779163.3517   5250977.5380   2   7   0.3008   0.1342   0.2059   0.1166   0.0901   0.1916   0.10    1.2
2026/04/23 07:44:12.200   3509415.8656    779163.3497   5250977.5341   2   7   0.3005   0.1340   0.2056   0.1165   0.0900   0.1913   0.20    1.2
2026/04/23 07:44:12.300   3509415.8615    779163.3464   5250977.5306   2   7   0.3003   0.1339   0.2052   0.1164   0.0898   0.1911   0.30    1.2
2026/04/23 07:44:12.400   3509415.8565    779163.3437   5250977.5274   2   7   0.3000   0.1338   0.2048   0.1162   0.0896   0.1908   0.40    1.2
2026/04/23 07:44:12.500   3509415.8525    779163.3418   5250977.5254   2   7   0.2998   0.1337   0.2045   0.1161   0.0894   0.1906  -0.50    1.2
2026/04/23 07:44:12.600   3509415.8487    779163.3406   5250977.5226   2   7   0.2996   0.1336   0.2041   0.1160   0.0893   0.1904  -0.40    1.2
2026/04/23 07:44:12.700   3509415.8439    779163.3380   5250977.5195   2   7   0.2993   0.1335   0.2038   0.1158   0.0891   0.1901  -0.30    1.2
2026/04/23 07:44:12.800   3509415.8385    779163.3354   5250977.5165   2   7   0.2991   0.1334   0.2034   0.1157   0.0889   0.1899  -0.20    1.2
2026/04/23 07:44:12.900   3509415.8342    779163.3339   5250977.5137   2   7   0.2988   0.1333   0.2030   0.1156   0.0888   0.1896  -0.10    1.2
2026/04/23 07:44:13.000   3509415.8287    779163.3315   5250977.5108   2   7   0.2986   0.1331   0.2027   0.1155   0.0886   0.1894   0.00    1.2
2026/04/23 07:44:13.100   3509415.8239    779163.3300   5250977.5099   2   7   0.2984   0.1330   0.2023   0.1153   0.0884   0.1892   0.10    1.2
2026/04/23 07:44:13.200   3509415.8198    779163.3280   5250977.5089   2   7   0.2981   0.1329   0.2020   0.1152   0.0883   0.1889   0.20    1.2
2026/04/23 07:44:13.300   3509415.8159    779163.3262   5250977.5072   2   7   0.2979   0.1328   0.2016   0.1151   0.0881   0.1887   0.30    1.2
2026/04/23 07:44:13.400   3509415.8109    779163.3237   5250977.5049   2   7   0.2977   0.1327   0.2013   0.1149   0.0879   0.1884   0.40    1.2
2026/04/23 07:44:13.500   3509415.8063    779163.3223   5250977.5024   2   7   0.2974   0.1326   0.2009   0.1148   0.0878   0.1882  -0.50    1.2
2026/04/23 07:44:13.600   3509415.8023    779163.3212   5250977.5015   2   7   0.2972   0.1325   0.2006   0.1147   0.0876   0.1880  -0.40    1.2
2026/04/23 07:44:13.700   3509415.7983    779163.3190   5250977.4993   2   7   0.2969   0.1324   0.2002   0.1145   0.0875   0.1877  -0.30    1.2
2026/04/23 07:44:13.800   3509415.7927    779163.3164   5250977.4966   2   7   0.2967   0.1323   0.1999   0.1144   0.0873   0.1875  -0.20    1.2
2026/04/23 07:44:13.900   3509415.7864    779163.3143   5250977.4947   2   7   0.2965   0.1322   0.1995   0.1143   0.0871   0.1873  -0.10    1.2
2026/04/23 07:44:14.000   3509415.7816    779163.3130   5250977.4927   2   7   0.2962   0.1320   0.1992   0.1142   0.0870   0.1870   0.00    1.2
2026/04/23 07:44:14.100   3509415.7749    779163.3108   5250977.4912   2   7   0.2960   0.1319   0.1988   0.1140   0.0868   0.1868   0.10    1.2
2026/04/23 07:44:14.200   3509415.7669    779163.3082   5250977.4882   2   7   0.2958   0.1318   0.1985   0.1139   0.0866   0.1866   0.20    1.2
2026/04/23 07:44:14.300   3509415.7606    779163.3058   5250977.4864   2   7   0.2955   0.1317   0.1982   0.1138   0.0865   0.1863   0.30    1.2
2026/04/23 07:44:14.400   3509415.7532    779163.3030   5250977.4831   2   7   0.2953   0.1316   0.1978   0.1137   0.0863   0.1861   0.40    1.2
2026/04/23 07:44:14.500   3509415.7450    779163.3010   5250977.4800   2   7   0.2951   0.1315   0.1975   0.1135   0.0862   0.1859  -0.50    1.2
2026/04/23 07:44:14.600   3509415.7382    779163.2993   5250977.4774   2   7   0.2949   0.1314   0.1971   0.1134   0.0860   0.1857  -0.40    1.2
2026/04/23 07:44:14.700   3509415.7332    779163.2984   5250977.4768   2   7   0.2946   0.1313   0.1968   0.1133   0.0858   0.1854  -0.30    1.2
2026/04/23 07:44:14.800   3509415.7296    779163.2967   5250977.4753   2   7   0.2944   0.1312   0.1965   0.1131   0.0857   0.1852  -0.20    1.2
2026/04/23 07:44:14.900   3509415.7242    779163.2941   5250977.4720   2   7   0.2942   0.1311   0.1961   0.1130   0.0855   0.1850  -0.10    1.2
2026/04/23 07:44:15.000   3509415.7182    779163.2922   5250977.4704   2   7   0.2939   0.1310   0.1958   0.1129   0.0854   0.1847   0.00    1.2
2026/04/23 07:44:15.100   3509415.7132    779163.2911   5250977.4687   2   7   0.2937   0.1309   0.1954   0.1128   0.0852   0.1845   0.10    1.2
2026/04/23 07:44:15.200   3509415.7064    779163.2904   5250977.4655   2   7   0.2935   0.1307   0.1951   0.1126   0.0851   0.1843   0.20    1.2
2026/04/23 07:44:15.300   3509415.7004    779163.2896   5250977.4638   2   7   0.2932   0.1306   0.1948   0.1125   0.0849   0.1841   0.30    1.2
2026/04/23 07:44:15.400   3509415.6929    779163.2875   5250977.4590   2   7   0.2930   0.1305   0.1944   0.1124   0.0847   0.1838   0.40    1.2
2026/04/23 07:44:15.500   3509415.6866    779163.2839   5250977.4547   2   7   0.2928   0.1304   0.1941   0.1123   0.0846   0.1836  -0.50    1.2
2026/04/23 07:44:15.600   3509415.6813    779163.2817   5250977.4523   2   7   0.2926   0.1303   0.1938   0.1122   0.0844   0.1834  -0.40    1.2
2026/04/23 07:44:15.700   3509415.6760    779163.2812   5250977.4514   2   7   0.2923   0.1302   0.1934   0.1120   0.0843   0.1832  -0.30    1.2
2026/04/23 07:44:15.800   3509415.6732    779163.2806   5250977.4502   2   7   0.2921   0.1301   0.1931   0.1119   0.0841   0.1829  -0.20    1.2
2026/04/23 07:44:15.900   3509415.6692    779163.2783   5250977.4458   2   7   0.2919   0.1300   0.1928   0.1118   0.0840   0.1827  -0.10    1.2
2026/04/23 07:44:16.000   3509415.6645    779163.2753   5250977.4412   2   7   0.2916   0.1299   0.1925   0.1117   0.0838   0.1825   0.00    1.2
2026/04/23 07:44:16.100   3509415.6617    779163.2733   5250977.4385   2   7   0.2914   0.1298   0.1921   0.1115   0.0837   0.1823   0.10    1.2
2026/04/23 07:44:16.200   3509415.6590    779163.2711   5250977.4352   2   7   0.2912   0.1297   0.1918   0.1114   0.0835   0.1820   0.20    1.2
2026/04/23 07:44:16.300   3509415.6555    779163.2704   5250977.4305   2   7   0.2910   0.1296   0.1915   0.1113   0.0834   0.1818   0.30    1.2
2026/04/23 07:44:16.400   3509415.6502    779163.2680   5250977.4226   2   7   0.2907   0.1295   0.1912   0.1112   0.0832   0.1816   0.40    1.2
2026/04/23 07:44:16.500   3509415.6449    779163.2676   5250977.4184   2   7   0.2905   0.1294   0.1908   0.1111   0.0830   0.1814  -0.50    1.2
2026/04/23 07:44:16.600   3509415.6405    779163.2681   5250977.4173   2   7   0.2903   0.1293   0.1905   0.1109   0.0829   0.1812  -0.40    1.2
2026/04/23 07:44:16.700   3509415.6345    779163.2677   5250977.4160   2   7   0.2901   0.1292   0.1902   0.1108   0.0827   0.1810  -0.30    1.2
2026/04/23 07:44:16.800   3509415.6265    779163.2665   5250977.4127   2   7   0.2898   0.1291   0.1899   0.1107   0.0826   0.1807  -0.20    1.2
2026/04/23 07:44:16.900   3509415.6232    779163.2648   5250977.4095   2   7   0.2896   0.1290   0.1895   0.1106   0.0824   0.1805  -0.10    1.2
2026/04/23 07:44:17.000   3509415.6177    779163.2635   5250977.4072   2   7   0.2894   0.1289   0.1892   0.1104   0.0823   0.1803   0.00    1.2
2026/04/23 07:44:17.100   3509415.6111    779163.2640   5250977.4054   2   7   0.2892   0.1288   0.1889   0.1103   0.0821   0.1801   0.10    1.2
2026/04/23 07:44:17.200   3509415.6079    779163.2643   5250977.4053   2   7   0.2889   0.1287   0.1886   0.1102   0.0820   0.1799   0.20    1.2
2026/04/23 07:44:17.300   3509415.6052    779163.2634   5250977.4061   2   7   0.2887   0.1286   0.1883   0.1101   0.0818   0.1796   0.30    1.2
2026/04/23 07:44:17.400   3509415.5999    779163.2617   5250977.4062   2   7   0.2885   0.1285   0.1880   0.1100   0.0817   0.1794   0.40    1.2
2026/04/23 07:44:17.500   3509415.5940    779163.2621   5250977.4059   2   7   0.2883   0.1284   0.1876   0.1099   0.0816   0.1792  -0.50    1.2
2026/04/23 07:44:17.600   3509415.5901    779163.2623   5250977.4039   2   7   0.2881   0.1283   0.1873   0.1097   0.0814   0.1790  -0.40    1.2
2026/04/23 07:44:17.700   3509415.5853    779163.2624   5250977.4020   2   7   0.2878   0.1282   0.1870   0.1096   0.0813   0.1788  -0.30    1.2
2026/04/23 07:44:17.800   3509415.5811    779163.2606   5250977.4007   2   7   0.2876   0.1281   0.1867   0.1095   0.0811   0.1786  -0.20    1.2
2026/04/23 07:44:17.900   3509415.5797    779163.2593   5250977.4013   2   7   0.2874   0.1280   0.1864   0.1094   0.0810   0.1784  -0.10    1.2
2026/04/23 07:44:18.000   3509415.5781    779163.2583   5250977.4015   2   7   0.2872   0.1279   0.1861   0.1093   0.0808   0.1782   0.00    1.2
2026/04/23 07:44:18.100   3509415.5770    779163.2578   5250977.4008   2   7   0.2870   0.1278   0.1858   0.1091   0.0807   0.1779   0.10    1.2
2026/04/23 07:44:18.200   3509415.5760    779163.2590   5250977.4006   2   7   0.2867   0.1277   0.1855   0.1090   0.0805   0.1777   0.20    1.2
2026/04/23 07:44:18.300   3509415.5754    779163.2616   5250977.3993   2   7   0.2865   0.1276   0.1852   0.1089   0.0804   0.1775   0.30    1.2
2026/04/23 07:44:18.400   3509415.5753    779163.2633   5250977.3983   2   7   0.2863   0.1275   0.1849   0.1088   0.0802   0.1773   0.40    1.2
2026/04/23 07:44:18.500   3509415.5729    779163.2631   5250977.3960   2   7   0.2861   0.1274   0.1845   0.1087   0.0801   0.1771  -0.50    1.2
2026/04/23 07:44:18.600   3509415.5723    779163.2630   5250977.3937   2   7   0.2859   0.1273   0.1842   0.1086   0.0800   0.1769  -0.40    1.2
2026/04/23 07:44:18.700   3509415.5720    779163.2642   5250977.3921   2   7   0.2857   0.1272   0.1839   0.1085   0.0798   0.1767  -0.30    1.2
2026/04/23 07:44:18.800   3509415.5719    779163.2648   5250977.3925   2   7   0.2854   0.1271   0.1836   0.1083   0.0797   0.1765  -0.20    1.2
2026/04/23 07:44:18.900   3509415.5706    779163.2646   5250977.3925   2   7   0.2852   0.1270   0.1833   0.1082   0.0795   0.1763  -0.10    1.2
2026/04/23 07:44:19.000   3509415.5714    779163.2637   5250977.3936   2   7   0.2850   0.1269   0.1830   0.1081   0.0794   0.1761   0.00    1.2
2026/04/23 07:44:19.100   3509415.5707    779163.2614   5250977.3937   2   7   0.2848   0.1268   0.1827   0.1080   0.0792   0.1758   0.10    1.2
2026/04/23 07:44:19.200   3509415.5697    779163.2603   5250977.3944   2   7   0.2846   0.1267   0.1824   0.1079   0.0791   0.1756   0.20    1.2
2026/04/23 07:44:19.300   3509415.5681    779163.2582   5250977.3953   2   7   0.2843   0.1266   0.1821   0.1078   0.0790   0.1754   0.30    1.2
2026/04/23 07:44:19.400   3509415.5666    779163.2572   5250977.3958   2   7   0.2841   0.1265   0.1818   0.1077   0.0788   0.1752   0.40    1.2
2026/04/23 07:44:19.500   3509415.5651    779163.2568   5250977.3965   2   7   0.2839   0.1264   0.1815   0.1075   0.0787   0.1750  -0.50    1.2
2026/04/23 07:44:19.600   3509415.5668    779163.2545   5250977.3982   2   7   0.2837   0.1263   0.1812   0.1074   0.0785   0.1748  -0.40    1.2
2026/04/23 07:44:19.700   3509415.5825    779163.2489   5250977.4002   2   7   0.2835   0.1262   0.1809   0.1073   0.0784   0.1746  -0.30    1.2
2026/04/23 07:44:19.800   3509415.6118    779163.2344   5250977.3810   2   7   0.2833   0.1261   0.1806   0.1072   0.0783   0.1744  -0.20    1.2
2026/04/23 07:44:19.900   3509415.6500    779163.2313   5250977.3429   2   7   0.2831   0.1260   0.1803   0.1071   0.0781   0.1742  -0.10    1.2
2026/04/23 07:44:20.000   3509415.6912    779163.2258   5250977.3034   2   7   0.2828   0.1259   0.1801   0.1070   0.0780   0.1740   0.00    1.2
2026/04/23 07:44:20.100   3509415.7206    779163.2207   5250977.2722   2   7   0.2826   0.1258   0.1798   0.1069   0.0778   0.1738   0.10    1.2
2026/04/23 07:44:20.200   3509415.7398    779163.2190   5250977.2475   2   7   0.2824   0.1257   0.1795   0.1067   0.0777   0.1736   0.20    1.2
2026/04/23 07:44:20.300   3509415.7680    779163.2129   5250977.2244   2   7   0.2822   0.1256   0.1792   0.1066   0.0776   0.1734   0.30    1.2
2026/04/23 07:44:20.400   3509415.8134    779163.1948   5250977.1769   2   7   0.2820   0.1255   0.1789   0.1065   0.0774   0.1732   0.40    1.2
2026/04/23 07:44:20.500   3509415.8778    779163.1816   5250977.1204   2   7   0.2818   0.1254   0.1786   0.1064   0.0773   0.1730  -0.50    1.2
2026/04/23 07:44:20.600   3509415.9547    779163.1710   5250977.0639   2   7   0.2816   0.1253   0.1783   0.1063   0.0772   0.1728  -0.40    1.2
2026/04/23 07:44:20.700   3509416.0330    779163.1666   5250977.0040   2   7   0.2814   0.1252   0.1780   0.1062   0.0770   0.1726  -0.30    1.2
2026/04/23 07:44:20.800   3509416.1025    779163.1607   5250976.9469   2   7   0.2812   0.1251   0.1777   0.1061   0.0769   0.1724  -0.20    1.2
2026/04/23 07:44:20.900   3509416.1602    779163.1533   5250976.8850   2   7   0.2809   0.1250   0.1774   0.1060   0.0768   0.1722  -0.10    1.2
2026/04/23 07:44:21.000   3509416.2160    779163.1456   5250976.8341   2   7   0.2807   0.1249   0.1772   0.1059   0.0766   0.1720   0.00    1.2
2026/04/23 07:44:21.100   3509416.2601    779163.1337   5250976.7864   2   7   0.2805   0.1249   0.1769   0.1058   0.0765   0.1718   0.10    1.2
2026/04/23 07:44:21.200   3509416.3027    779163.1165   5250976.7365   2   7   0.2803   0.1248   0.1766   0.1056   0.0764   0.1716   0.20    1.2
2026/04/23 07:44:21.300   3509416.3551    779163.0998   5250976.6787   2   7   0.2801   0.1247   0.1763   0.1055   0.0762   0.1714   0.30    1.2
2026/04/23 07:44:21.400   3509416.4084    779163.0864   5250976.6152   2   7   0.2799   0.1246   0.1760   0.1054   0.0761   0.1712   0.40    1.2
2026/04/23 07:44:21.500   3509416.4626    779163.0715   5250976.5552   2   7   0.2797   0.1245   0.1757   0.1053   0.0760   0.1710  -0.50    1.2
2026/04/23 07:44:21.600   3509416.5086    779163.0586   5250976.4989   2   7   0.2795   0.1244   0.1755   0.1052   0.0758   0.1708  -0.40    1.2
2026/04/23 07:44:21.700   3509416.5460    779163.0448   5250976.4463   2   7   0.2793   0.1243   0.1752   0.1051   0.0757   0.1706  -0.30    1.2
2026/04/23 07:44:21.800   3509416.5893    779163.0289   5250976.4007   2   7   0.2791   0.1242   0.1749   0.1050   0.0756   0.1704  -0.20    1.2
2026/04/23 07:44:21.900   3509416.6289    779163.0072   5250976.3526   2   7   0.2789   0.1241   0.1746   0.1049   0.0754   0.1702  -0.10    1.2
2026/04/23 07:44:22.000   3509416.6816    779162.9802   5250976.3073   2   7   0.2786   0.1240   0.1743   0.1048   0.0753   0.1701   0.00    1.2
2026/04/23 07:44:22.100   3509416.7212    779162.9522   5250976.2576   2   7   0.2785   0.1239   0.1741   0.1047   0.0751   0.1698   0.10    1.1
2026/04/23 07:44:22.200   3509416.7597    779162.9197   5250976.2060   2   7   0.2783   0.1238   0.1738   0.1046   0.0750   0.1696   0.20    1.0
2026/04/23 07:44:22.300   3509416.7951    779162.8902   5250976.1630   2   7   0.2781   0.1237   0.1736   0.1045   0.0749   0.1694   0.30    1.0
2026/04/23 07:44:22.400   3509416.8374    779162.8624   5250976.1147   2   7   0.2779   0.1237   0.1733   0.1044   0.0747   0.1692   0.40    1.1
2026/04/23 07:44:22.500   3509416.8889    779162.8409   5250976.0630   2   7   0.2777   0.1236   0.1730   0.1043   0.0746   0.1690  -0.50    1.1
2026/04/23 07:44:22.600   3509416.9551    779162.8058   5250976.0201   2   7   0.2775   0.1235   0.1728   0.1041   0.0745   0.1688  -0.40    1.2
2026/04/23 07:44:22.700   3509417.0129    779162.7736   5250975.9839   2   7   0.2773   0.1234   0.1725   0.1040   0.0744   0.1686  -0.30    1.2
2026/04/23 07:44:22.800   3509417.0752    779162.7408   5250975.9428   2   7   0.2770   0.1233   0.1723   0.1039   0.0743   0.1684  -0.20    1.3
2026/04/23 07:44:22.900   3509417.1348    779162.7062   5250975.8975   2   7   0.2768   0.1232   0.1720   0.1038   0.0742   0.1683  -0.10    1.2
2026/04/23 07:44:23.000   3509417.1871    779162.6720   5250975.8605   2   7   0.2766   0.1231   0.1717   0.1037   0.0741   0.1681   0.00    1.2
2026/04/23 07:44:23.100   3509417.2397    779162.6402   5250975.8177   2   7   0.2764   0.1230   0.1715   0.1036   0.0740   0.1679   0.10    1.2
2026/04/23 07:44:23.200   3509417.2848    779162.6067   5250975.7742   2   7   0.2762   0.1230   0.1712   0.1035   0.0739   0.1677   0.20    1.2
2026/04/23 07:44:23.300   3509417.3315    779162.5629   5250975.7439   2   7   0.2760   0.1229   0.1710   0.1034   0.0738   0.1675   0.30    1.2
2026/04/23 07:44:23.400   3509417.3729    779162.5156   5250975.7137   2   7   0.2758   0.1228   0.1707   0.1033   0.0737   0.1674   0.40    1.2
2026/04/23 07:44:23.500   3509417.4183    779162.4758   5250975.6887   2   7   0.2756   0.1227   0.1705   0.1032   0.0736   0.1672  -0.50    1.2
2026/04/23 07:44:23.600   3509417.4563    779162.4314   5250975.6545   2   7   0.2754   0.1227   0.1702   0.1031   0.0735   0.1670  -0.40    1.2
2026/04/23 07:44:23.700   3509417.4945    779162.3837   5250975.6235   2   7   0.2752   0.1226   0.1700   0.1030   0.0734   0.1668  -0.30    1.2
2026/04/23 07:44:23.800   3509417.5337    779162.3255   5250975.6009   2   7   0.2750   0.1225   0.1697   0.1029   0.0733   0.1666  -0.20    1.2
2026/04/23 07:44:23.900   3509417.5662    779162.2657   5250975.5705   2   7   0.2748   0.1224   0.1695   0.1028   0.0733   0.1665  -0.10    1.2
2026/04/23 07:44:24.000   3509417.5977    779162.2030   5250975.5446   2   7   0.2746   0.1224   0.1692   0.1027   0.0732   0.1663   0.00    1.2
2026/04/23 07:44:24.100   3509417.6311    779162.1396   5250975.5221   2   7   0.2744   0.1223   0.1690   0.1026   0.0731   0.1661   0.10    1.2
2026/04/23 07:44:24.200   3509417.6657    779162.0743   5250975.5047   2   7   0.2742   0.1222   0.1688   0.1025   0.0730   0.1659   0.20    1.2
2026/04/23 07:44:24.300   3509417.6906    779162.0035   5250975.4795   2   7   0.2740   0.1221   0.1685   0.1024   0.0729   0.1658   0.30    1.2
2026/04/23 07:44:24.400   3509417.7093    779161.9337   5250975.4586   2   7   0.2738   0.1221   0.1683   0.1023   0.0728   0.1656   0.40    1.2
2026/04/23 07:44:24.500   3509417.7400    779161.8620   5250975.4434   2   7   0.2736   0.1220   0.1681   0.1022   0.0727   0.1654  -0.50    1.2
2026/04/23 07:44:24.600   3509417.7542    779161.7935   5250975.4294   2   7   0.2734   0.1219   0.1678   0.1021   0.0727   0.1653  -0.40    1.2
2026/04/23 07:44:24.700   3509417.7713    779161.7202   5250975.4200   2   7   0.2732   0.1218   0.1676   0.1021   0.0726   0.1651  -0.30    1.2
2026/04/23 07:44:24.800   3509417.7856    779161.6588   5250975.4110   2   7   0.2730   0.1218   0.1674   0.1020   0.0725   0.1649  -0.20    1.2
2026/04/23 07:44:24.900   3509417.8021    779161.5887   5250975.3970   2   7   0.2728   0.1217   0.1671   0.1019   0.0724   0.1648  -0.10    1.2
2026/04/23 07:44:25.000   3509417.8155    779161.5258   5250975.3784   2   7   0.2726   0.1216   0.1669   0.1018   0.0723   0.1646   0.00    1.2
2026/04/23 07:44:25.100   3509417.8256    779161.4581   5250975.3674   2   7   0.2724   0.1216   0.1667   0.1017   0.0723   0.1644   0.10    1.2
2026/04/23 07:44:25.200   3509417.8290    779161.3946   5250975.3534   2   7   0.2722   0.1215   0.1665   0.1016   0.0722   0.1643   0.20    1.2
2026/04/23 07:44:25.300   3509417.8281    779161.3259   5250975.3440   2   7   0.2720   0.1214   0.1662   0.1015   0.0721   0.1641   0.30    1.2
2026/04/23 07:44:25.400   3509417.8339    779161.2568   5250975.3511   2   7   0.2717   0.1214   0.1661   0.1015   0.0719   0.1639   0.40    1.0
2026/04/23 07:44:25.500   3509417.8430    779161.1860   5250975.3613   2   7   0.2715   0.1213   0.1660   0.1014   0.0717   0.1637  -0.50    1.1
2026/04/23 07:44:25.600   3509417.8456    779161.1137   5250975.3682   2   7   0.2712   0.1213   0.1659   0.1013   0.0716   0.1635  -0.40    1.2
2026/04/23 07:44:25.700   3509417.8412    779161.0399   5250975.3792   2   8   0.2709   0.1212   0.1658   0.1012   0.0715   0.1633  -0.30    1.1
2026/04/23 07:44:25.800   3509417.8364    779160.9644   5250975.3896   2   8   0.2706   0.1211   0.1657   0.1012   0.0714   0.1630  -0.20    1.1
2026/04/23 07:44:25.900   3509417.8255    779160.8866   5250975.3952   2   8   0.2703   0.1210   0.1655   0.1011   0.0714   0.1628  -0.10    1.0
2026/04/23 07:44:26.000   3509417.8209    779160.8100   5250975.4053   2   8   0.2700   0.1209   0.1654   0.1010   0.0713   0.1626   0.00    1.0
2026/04/23 07:44:26.100   3509417.8151    779160.7321   5250975.4167   2   8   0.2698   0.1209   0.1652   0.1009   0.0713   0.1624   0.10    1.0
2026/04/23 07:44:26.200   3509417.8210    779160.6639   5250975.4082   2   8   0.2695   0.1208   0.1651   0.1009   0.0712   0.1622   0.20    1.0
2026/04/23 07:44:26.300   3509417.8348    779160.6000   5250975.3955   2   8   0.2692   0.1207   0.1649   0.1008   0.0712   0.1620   0.30    1.0
2026/04/23 07:44:26.400   3509417.8593    779160.5325   5250975.3837   2   8   0.2689   0.1207   0.1648   0.1007   0.0712   0.1618   0.40    1.0
2026/04/23 07:44:26.500   3509417.8920    779160.4727   5250975.3679   2   8   0.2686   0.1206   0.1647   0.1006   0.0711   0.1616  -0.50    1.0
2026/04/23 07:44:26.600   3509417.9204    779160.4066   5250975.3410   2   8   0.2683   0.1205   0.1645   0.1006   0.0711   0.1614  -0.40    1.0
2026/04/23 07:44:26.700   3509417.9560    779160.3349   5250975.3104   2   8   0.2681   0.1204   0.1644   0.1005   0.0710   0.1612  -0.30    1.0
2026/04/23 07:44:26.800   3509417.9867    779160.2633   5250975.2754   2   8   0.2678   0.1204   0.1642   0.1004   0.0709   0.1610  -0.20    1.0
2026/04/23 07:44:26.900   3509418.0194    779160.1904   5250975.2434   2   8   0.2675   0.1203   0.1641   0.1003   0.0709   0.1608  -0.10    1.1
2026/04/23 07:44:27.000   3509418.0433    779160.1189   5250975.2124   2   8   0.2672   0.1202   0.1639   0.1003   0.0708   0.1606   0.00    1.1
2026/04/23 07:44:27.100   3509418.0739    779160.0449   5250975.1981   2   7   0.2671   0.1202   0.1638   0.1001   0.0707   0.1605   0.10    1.1
2026/04/23 07:44:27.200   3509418.1061    779159.9718   5250975.1913   2   7   0.2669   0.1201   0.1637   0.1000   0.0706   0.1604   0.20    1.1
2026/04/23 07:44:27.300   3509418.1296    779159.8933   5250975.1870   2   7   0.2667   0.1200   0.1637   0.0999   0.0705   0.1603   0.30    1.1
2026/04/23 07:44:27.400   3509418.1448    779159.8182   5250975.1837   2   7   0.2665   0.1200   0.1636   0.0998   0.0704   0.1602   0.40    1.1
2026/04/23 07:44:27.500   3509418.1612    779159.7364   5250975.1822   2   7   0.2663   0.1199   0.1635   0.0997   0.0704   0.1600  -0.50    1.1
2026/04/23 07:44:27.600   3509418.1818    779159.6551   5250975.1835   2   7   0.2661   0.1198   0.1634   0.0996   0.0703   0.1599  -0.40    1.1
2026/04/23 07:44:27.700   3509418.1982    779159.5794   5250975.1811   2   7   0.2659   0.1198   0.1633   0.0996   0.0702   0.1598  -0.30    1.1
2026/04/23 07:44:27.800   3509418.2151    779159.5046   5250975.1857   2   7   0.2657   0.1197   0.1632   0.0995   0.0702   0.1597  -0.20    1.1
2026/04/23 07:44:27.900   3509418.2443    779159.4310   5250975.1918   2   7   0.2655   0.1197   0.1631   0.0994   0.0701   0.1595  -0.10    1.1
2026/04/23 07:44:28.000   3509418.2659    779159.3557   5250975.1949   2   7   0.2653   0.1196   0.1630   0.0993   0.0701   0.1594   0.00    1.1
2026/04/23 07:44:28.100   3509418.2860    779159.2805   5250975.1995   2   7   0.2651   0.1195   0.1629   0.0992   0.0700   0.1593   0.10    1.1
2026/04/23 07:44:28.200   3509418.3063    779159.2060   5250975.1986   2   7   0.2649   0.1195   0.1628   0.0992   0.0700   0.1591   0.20    1.1
2026/04/23 07:44:28.300   3509418.3385    779159.1378   5250975.1975   2   7   0.2647   0.1194   0.1627   0.0991   0.0699   0.1590   0.30    1.0
2026/04/23 07:44:28.400   3509418.3541    779159.0681   5250975.1936   2   6   0.2647   0.1193   0.1627   0.0989   0.0698   0.1589   0.40    1.3
2026/04/23 07:44:28.500   3509418.3712    779158.9994   5250975.1871   2   6   0.2647   0.1193   0.1626   0.0988   0.0698   0.1589  -0.50    1.3
2026/04/23 07:44:28.600   3509418.3855    779158.9304   5250975.1825   2   6   0.2647   0.1192   0.1626   0.0987   0.0697   0.1590  -0.40    1.3
2026/04/23 07:44:28.700   3509418.3198    779158.8652   5250975.1376   2   7   0.2643   0.1192   0.1625   0.0987   0.0697   0.1587  -0.30    1.1
2026/04/23 07:44:28.800   3509418.2833    779158.7924   5250975.1006   2   7   0.2640   0.1191   0.1623   0.0986   0.0696   0.1585  -0.20    1.1
2026/04/23 07:44:28.900   3509418.2969    779158.7115   5250975.0755   2   6   0.2640   0.1190   0.1623   0.0985   0.0695   0.1585  -0.10    1.2
2026/04/23 07:44:29.000   3509418.3159    779158.6300   5250975.0580   2   6   0.2640   0.1190   0.1622   0.0984   0.0695   0.1585   0.00    1.2
2026/04/23 07:44:29.100   3509418.3460    779158.5518   5250975.0417   2   6   0.2640   0.1189   0.1622   0.0983   0.0694   0.1585   0.10    1.2
2026/04/23 07:44:29.200   3509418.3769    779158.4749   5250975.0243   2   6   0.2640   0.1189   0.1622   0.0982   0.0693   0.1585   0.20    1.2
2026/04/23 07:44:29.300   3509418.4099    779158.3988   5250975.0079   2   6   0.2639   0.1188   0.1621   0.0981   0.0693   0.1585   0.30    1.2
2026/04/23 07:44:29.400   3509418.4501    779158.3260   5250974.9910   2   6   0.2639   0.1187   0.1621   0.0981   0.0692   0.1585   0.40    1.2
2026/04/23 07:44:29.500   3509418.4820    779158.2543   5250974.9763   2   6   0.2638   0.1187   0.1620   0.0980   0.0692   0.1584  -0.50    1.2
2026/04/23 07:44:29.600   3509418.5137    779158.1859   5250974.9639   2   6   0.2637   0.1186   0.1620   0.0980   0.0692   0.1584  -0.40    1.2
2026/04/23 07:44:29.700   3509418.5358    779158.1169   5250974.9554   2   6   0.2636   0.1185   0.1620   0.0979   0.0691   0.1584  -0.30    1.2
2026/04/23 07:44:29.800   3509418.5491    779158.0426   5250974.9545   2   6   0.2635   0.1185   0.1619   0.0979   0.0691   0.1583  -0.20    1.2
2026/04/23 07:44:29.900   3509418.5586    779157.9680   5250974.9550   2   6   0.2634   0.1184   0.1619   0.0978   0.0691   0.1583  -0.10    1.2
2026/04/23 07:44:30.000   3509418.5646    779157.8924   5250974.9622   2   6   0.2633   0.1183   0.1619   0.0978   0.0691   0.1582   0.00    1.2
2026/04/23 07:44:30.100   3509418.5731    779157.8168   5250974.9718   2   6   0.2632   0.1183   0.1618   0.0977   0.0690   0.1581   0.10    1.1
2026/04/23 07:44:30.200   3509418.5695    779157.7417   5250974.9774   2   6   0.2630   0.1182   0.1617   0.0977   0.0690   0.1581   0.20    1.1
2026/04/23 07:44:30.300   3509418.5778    779157.6626   5250974.9890   2   7   0.2629   0.1182   0.1617   0.0976   0.0690   0.1580   0.30    1.2
2026/04/23 07:44:30.400   3509418.5719    779157.5825   5250974.9999   2   7   0.2628   0.1181   0.1616   0.0976   0.0689   0.1579   0.40    1.2
2026/04/23 07:44:30.500   3509418.5690    779157.5091   5250975.0105   2   7   0.2627   0.1180   0.1616   0.0975   0.0689   0.1578  -0.50    1.2
2026/04/23 07:44:30.600   3509418.5587    779157.4321   5250975.0236   2   7   0.2625   0.1180   0.1615   0.0975   0.0689   0.1577  -0.40    1.3
2026/04/23 07:44:30.700   3509418.5574    779157.3591   5250975.0395   2   7   0.2624   0.1179   0.1614   0.0974   0.0689   0.1576  -0.30    1.3
2026/04/23 07:44:30.800   3509418.5516    779157.2784   5250975.0566   2   7   0.2622   0.1178   0.1613   0.0974   0.0688   0.1575  -0.20    1.3
2026/04/23 07:44:30.900   3509418.5469    779157.1990   5250975.0686   2   7   0.2620   0.1178   0.1612   0.0973   0.0688   0.1574  -0.10    1.3
2026/04/23 07:44:31.000   3509418.5433    779157.1156   5250975.0799   2   7   0.2619   0.1177   0.1611   0.0973   0.0688   0.1573   0.00    1.4
2026/04/23 07:44:31.100   3509418.5341    779157.0320   5250975.1012   2   7   0.2617   0.1177   0.1611   0.0972   0.0687   0.1572   0.10    1.4
2026/04/23 07:44:31.200   3509418.5255    779156.9513   5250975.1181   2   7   0.2616   0.1176   0.1610   0.0972   0.0687   0.1570   0.20    1.4
2026/04/23 07:44:31.300   3509418.5132    779156.8726   5250975.1348   2   7   0.2614   0.1175   0.1609   0.0971   0.0687   0.1569   0.30    1.4
2026/04/23 07:44:31.400   3509418.5058    779156.7978   5250975.1540   2   6   0.2613   0.1175   0.1608   0.0970   0.0686   0.1568   0.40    1.1
2026/04/23 07:44:31.500   3509418.4878    779156.7202   5250975.1733   2   7   0.2611   0.1174   0.1607   0.0970   0.0686   0.1567  -0.50    1.4
2026/04/23 07:44:31.600   3509418.4636    779156.6421   5250975.1871   2   7   0.2609   0.1173   0.1606   0.0969   0.0685   0.1566  -0.40    1.4
2026/04/23 07:44:31.700   3509418.4367    779156.5606   5250975.1999   2   7   0.2608   0.1173   0.1605   0.0969   0.0685   0.1564  -0.30    1.4
2026/04/23 07:44:31.800   3509418.4241    779156.4868   5250975.2192   2   7   0.2606   0.1172   0.1604   0.0968   0.0685   0.1563  -0.20    1.4
2026/04/23 07:44:31.900   3509418.4061    779156.4265   5250975.2358   2   7   0.2604   0.1172   0.1603   0.0968   0.0684   0.1562  -0.10    1.4
2026/04/23 07:44:32.000   3509418.3899    779156.3653   5250975.2506   2   7   0.2602   0.1171   0.1602   0.0967   0.0684   0.1560   0.00    1.3
2026/04/23 07:44:32.100   3509418.3749    779156.2988   5250975.2617   2   7   0.2601   0.1170   0.1600   0.0966   0.0683   0.1559   0.10    1.3
2026/04/23 07:44:32.200   3509418.3606    779156.2319   5250975.2727   2   7   0.2599   0.1170   0.1599   0.0966   0.0683   0.1558   0.20    1.3
2026/04/23 07:44:32.300   3509418.3439    779156.1652   5250975.2813   2   7   0.2598   0.1169   0.1598   0.0965   0.0682   0.1557   0.30    1.3
2026/04/23 07:44:32.400   3509418.3319    779156.0962   5250975.2914   2   7   0.2596   0.1169   0.1597   0.0964   0.0682   0.1555   0.40    1.3
2026/04/23 07:44:32.500   3509418.3143    779156.0311   5250975.2942   2   7   0.2594   0.1168   0.1596   0.0964   0.0682   0.1554  -0.50    1.3
2026/04/23 07:44:32.600   3509418.3000    779155.9611   5250975.2984   2   7   0.2593   0.1167   0.1595   0.0963   0.0681   0.1553  -0.40    1.3
2026/04/23 07:44:32.700   3509418.2884    779155.8925   5250975.3015   2   7   0.2591   0.1167   0.1594   0.0963   0.0681   0.1552  -0.30    1.3
2026/04/23 07:44:32.800   3509418.2815    779155.8211   5250975.3092   2   7   0.2590   0.1166   0.1593   0.0962   0.0680   0.1551  -0.20    1.2
2026/04/23 07:44:32.900   3509418.2704    779155.7482   5250975.3088   2   7   0.2588   0.1166   0.1593   0.0961   0.0680   0.1549  -0.10    1.2
2026/04/23 07:44:33.000   3509418.2625    779155.6785   5250975.3130   2   7   0.2587   0.1165   0.1592   0.0961   0.0679   0.1548   0.00    1.2
2026/04/23 07:44:33.100   3509418.2456    779155.6111   5250975.3185   2   7   0.2585   0.1164   0.1591   0.0960   0.0679   0.1547   0.10    1.2
2026/04/23 07:44:33.200   3509418.2283    779155.5426   5250975.3229   2   7   0.2584   0.1164   0.1590   0.0960   0.0679   0.1546   0.20    1.2
2026/04/23 07:44:33.300   3509418.2069    779155.4768   5250975.3248   2   7   0.2582   0.1163   0.1589   0.0959   0.0678   0.1545   0.30    1.2
2026/04/23 07:44:33.400   3509418.1902    779155.4119   5250975.3314   2   7   0.2581   0.1163   0.1588   0.0958   0.0678   0.1544   0.40    1.2
2026/04/23 07:44:33.500   3509418.1794    779155.3434   5250975.3394   2   7   0.2580   0.1162   0.1587   0.0958   0.0678   0.1543  -0.50    1.2
2026/04/23 07:44:33.600   3509418.1698    779155.2699   5250975.3548   2   7   0.2578   0.1161   0.1586   0.0957   0.0677   0.1542  -0.40    1.2
2026/04/23 07:44:33.700   3509418.1570    779155.1928   5250975.3636   2   7   0.2577   0.1161   0.1585   0.0957   0.0677   0.1541  -0.30    1.1
2026/04/23 07:44:33.800   3509418.1521    779155.1187   5250975.3738   2   7   0.2575   0.1160   0.1585   0.0956   0.0676   0.1540  -0.20    1.1
2026/04/23 07:44:33.900   3509418.1439    779155.0415   5250975.3779   2   7   0.2574   0.1160   0.1584   0.0956   0.0676   0.1539  -0.10    1.1
2026/04/23 07:44:34.000   3509418.1373    779154.9667   5250975.3875   2   7   0.2572   0.1159   0.1583   0.0955   0.0676   0.1538   0.00    1.1
2026/04/23 07:44:34.100   3509418.1221    779154.8708   5250975.4025   2   7   0.2571   0.1159   0.1582   0.0954   0.0675   0.1537   0.10    1.1
2026/04/23 07:44:34.200   3509418.1044    779154.7242   5250975.4262   2   7   0.2570   0.1158   0.1581   0.0954   0.0675   0.1536   0.20    1.1
2026/04/23 07:44:34.300   3509418.0981    779154.5476   5250975.4549   2   7   0.2568   0.1157   0.1580   0.0953   0.0675   0.1535   0.30    1.1
2026/04/23 07:44:34.400   3509418.0991    779154.3641   5250975.4744   2   7   0.2567   0.1157   0.1580   0.0953   0.0674   0.1534   0.40    1.1
2026/04/23 07:44:34.500   3509418.1019    779154.1914   5250975.4894   2   7   0.2566   0.1156   0.1579   0.0952   0.0674   0.1533  -0.50    1.1
2026/04/23 07:44:34.600   3509418.1032    779154.0372   5250975.4989   2   7   0.2564   0.1156   0.1578   0.0952   0.0674   0.1532  -0.40    1.1
2026/04/23 07:44:34.700   3509418.1057    779153.9115   5250975.5062   2   7   0.2563   0.1155   0.1577   0.0951   0.0673   0.1531  -0.30    1.1
2026/04/23 07:44:34.800   3509418.0952    779153.7621   5250975.5128   2   7   0.2562   0.1154   0.1577   0.0951   0.0673   0.1530  -0.20    1.1
2026/04/23 07:44:34.900   3509418.1135    779153.5870   5250975.5186   2   6   0.2561   0.1154   0.1576   0.0949   0.0672   0.1530  -0.10    1.1
2026/04/23 07:44:35.000   3509418.1539    779153.4256   5250975.5026   2   6   0.2561   0.1154   0.1575   0.0948   0.0672   0.1529   0.00    1.1
2026/04/23 07:44:35.100   3509418.2223    779153.3131   5250975.4710   2   6   0.2561   0.1153   0.1575   0.0947   0.0671   0.1529   0.10    1.1
2026/04/23 07:44:35.200   3509418.2912    779153.2375   5250975.4248   2   6   0.2560   0.1153   0.1575   0.0947   0.0670   0.1529   0.20    1.1
2026/04/23 07:44:35.300   3509418.3419    779153.1983   5250975.3856   2   6   0.2560   0.1152   0.1574   0.0946   0.0670   0.1529   0.30    1.1
2026/04/23 07:44:35.400   3509418.3687    779153.1849   5250975.3637   2   6   0.2559   0.1152   0.1574   0.0945   0.0669   0.1529   0.40    1.1
2026/04/23 07:44:35.500   3509418.3744    779153.1947   5250975.3489   2   6   0.2559   0.1151   0.1573   0.0944   0.0669   0.1528  -0.50    1.1
2026/04/23 07:44:35.600   3509418.3748    779153.2054   5250975.3406   2   6   0.2558   0.1150   0.1573   0.0944   0.0669   0.1528  -0.40    1.1
2026/04/23 07:44:35.700   3509418.3915    779153.1653   5250975.3402   2   6   0.2557   0.1150   0.1573   0.0943   0.0668   0.1528  -0.30    1.1
2026/04/23 07:44:35.800   3509418.4283    779153.0666   5250975.3336   2   6   0.2557   0.1149   0.1572   0.0943   0.0668   0.1528  -0.20    1.1
2026/04/23 07:44:35.900   3509418.4590    779152.9432   5250975.3395   2   6   0.2556   0.1149   0.1572   0.0942   0.0668   0.1527  -0.10    1.1
2026/04/23 07:44:36.000   3509418.4630    779152.8075   5250975.3557   2   6   0.2555   0.1148   0.1571   0.0941   0.0667   0.1527   0.00    1.1
2026/04/23 07:44:36.100   3509418.4428    779152.6551   5250975.3875   2   6   0.2555   0.1148   0.1571   0.0941   0.0667   0.1527   0.10    1.1
2026/04/23 07:44:36.200   3509418.4099    779152.4776   5250975.4259   2   6   0.2554   0.1147   0.1570   0.0940   0.0667   0.1526   0.20    1.1
2026/04/23 07:44:36.300   3509418.3653    779152.3069   5250975.4862   2   6   0.2553   0.1147   0.1570   0.0940   0.0666   0.1526   0.30    1.1
2026/04/23 07:44:36.400   3509418.2971    779152.1526   5250975.5528   2   6   0.2552   0.1146   0.1569   0.0939   0.0666   0.1525   0.40    1.1
2026/04/23 07:44:36.500   3509418.2269    779152.0273   5250975.6178   2   6   0.2551   0.1146   0.1569   0.0938   0.0665   0.1525  -0.50    1.1
2026/04/23 07:44:36.600   3509418.1639    779151.9554   5250975.6711   2   6   0.2551   0.1145   0.1568   0.0938   0.0665   0.1524  -0.40    1.1
2026/04/23 07:44:36.700   3509418.1152    779151.9206   5250975.7080   2   6   0.2550   0.1145   0.1568   0.0937   0.0665   0.1524  -0.30    1.1
2026/04/23 07:44:36.800   3509418.0859    779151.9180   5250975.7234   2   6   0.2549   0.1144   0.1567   0.0936   0.0664   0.1523  -0.20    1.1
2026/04/23 07:44:36.900   3509418.0656    779151.9480   5250975.7337   2   6   0.2548   0.1144   0.1566   0.0936   0.0664   0.1522  -0.10    1.1
2026/04/23 07:44:37.000   3509418.0235    779151.9513   5250975.7543   2   6   0.2547   0.1143   0.1566   0.0935   0.0663   0.1522   0.00    1.1
2026/04/23 07:44:37.100   3509417.9640    779151.8992   5250975.7966   2   6   0.2546   0.1143   0.1565   0.0934   0.0663   0.1521   0.10    1.1
2026/04/23 07:44:37.200   3509417.8921    779151.7898   5250975.8546   2   6   0.2546   0.1142   0.1564   0.0934   0.0663   0.1521   0.20    1.1
2026/04/23 07:44:37.300   3509417.8438    779151.6400   5250975.9049   2   6   0.2545   0.1142   0.1564   0.0933   0.0662   0.1520   0.30    1.1
2026/04/23 07:44:37.400   3509417.8252    779151.4674   5250975.9435   2   6   0.2544   0.1141   0.1563   0.0932   0.0662   0.1520   0.40    1.1
2026/04/23 07:44:37.500   3509417.8428    779151.2792   5250975.9606   2   6   0.2543   0.1140   0.1563   0.0932   0.0661   0.1519  -0.50    1.1
2026/04/23 07:44:37.600   3509417.8767    779151.0951   5250975.9635   2   6   0.2542   0.1140   0.1562   0.0931   0.0661   0.1518  -0.40    1.1
2026/04/23 07:44:37.700   3509417.9333    779150.9268   5250975.9447   2   6   0.2541   0.1139   0.1561   0.0930   0.0661   0.1518  -0.30    1.1
2026/04/23 07:44:37.800   3509418.0078    779150.7978   5250975.9099   2   6   0.2540   0.1139   0.1561   0.0930   0.0660   0.1517  -0.20    1.1
2026/04/23 07:44:37.900   3509418.0871    779150.7136   5250975.8669   2   6   0.2539   0.1138   0.1560   0.0929   0.0660   0.1516  -0.10    1.1
2026/04/23 07:44:38.000   3509418.1541    779150.6715   5250975.8318   2   6   0.2538   0.1138   0.1559   0.0928   0.0659   0.1516   0.00    1.1
2026/04/23 07:44:38.100   3509418.1930    779150.6670   5250975.8048   2   6   0.2538   0.1137   0.1559   0.0928   0.0659   0.1515   0.10    1.1
2026/04/23 07:44:38.200   3509418.2137    779150.6824   5250975.7898   2   6   0.2537   0.1137   0.1558   0.0927   0.0658   0.1515   0.20    1.1
2026/04/23 07:44:38.300   3509418.2362    779150.6666   5250975.7803   2   6   0.2536   0.1136   0.1557   0.0926   0.0658   0.1514   0.30    1.1
2026/04/23 07:44:38.400   3509418.2653    779150.5781   5250975.7728   2   6   0.2535   0.1136   0.1557   0.0926   0.0658   0.1513   0.40    1.1
2026/04/23 07:44:38.500   3509418.3053    779150.4557   5250975.7703   2   6   0.2534   0.1135   0.1556   0.0925   0.0657   0.1513  -0.50    1.1
2026/04/23 07:44:38.600   3509418.3219    779150.3406   5250975.7792   2   6   0.2533   0.1135   0.1555   0.0924   0.0657   0.1512  -0.40    1.1
2026/04/23 07:44:38.700   3509418.3125    779150.2171   5250975.8020   2   6   0.2532   0.1134   0.1555   0.0924   0.0656   0.1512  -0.30    1.1
2026/04/23 07:44:38.800   3509418.2829    779150.0650   5250975.8375   2   6   0.2531   0.1134   0.1554   0.0923   0.0656   0.1511  -0.20    1.1
2026/04/23 07:44:38.900   3509418.2503    779149.8929   5250975.8865   2   6   0.2531   0.1133   0.1553   0.0923   0.0656   0.1510  -0.10    1.1
2026/04/23 07:44:39.000   3509418.1947    779149.7561   5250975.9399   2   6   0.2530   0.1133   0.1553   0.0922   0.0655   0.1510   0.00    1.1
2026/04/23 07:44:39.100   3509418.1302    779149.6645   5250975.9947   2   6   0.2529   0.1132   0.1552   0.0921   0.0655   0.1509   0.10    1.1
2026/04/23 07:44:39.200   3509418.0743    779149.6137   5250976.0376   2   6   0.2528   0.1132   0.1551   0.0921   0.0654   0.1509   0.20    1.1
2026/04/23 07:44:39.300   3509418.0373    779149.5967   5250976.0669   2   6   0.2527   0.1131   0.1551   0.0920   0.0654   0.1508   0.30    1.1
2026/04/23 07:44:39.400   3509418.0130    779149.6063   5250976.0819   2   6   0.2526   0.1131   0.1550   0.0919   0.0653   0.1507   0.40    1.1
2026/04/23 07:44:39.500   3509417.9975    779149.6324   5250976.0886   2   6   0.2525   0.1130   0.1549   0.0919   0.0653   0.1507  -0.50    1.1
2026/04/23 07:44:39.600   3509417.9917    779149.6642   5250976.0904   2   6   0.2524   0.1130   0.1549   0.0918   0.0653   0.1506  -0.40    1.1
2026/04/23 07:44:39.700   3509417.9871    779149.6942   5250976.0886   2   6   0.2524   0.1129   0.1548   0.0917   0.0652   0.1506  -0.30    1.1
2026/04/23 07:44:39.800   3509417.9697    779149.6901   5250976.0974   2   6   0.2523   0.1129   0.1547   0.0917   0.0652   0.1505  -0.20    1.1
2026/04/23 07:44:39.900   3509417.9413    779149.6249   5250976.1201   2   6   0.2522   0.1128   0.1547   0.0916   0.0651   0.1504  -0.10    1.1
2026/04/23 07:44:40.000   3509417.9207    779149.5136   5250976.1459   2   6   0.2521   0.1128   0.1546   0.0915   0.0651   0.1504   0.00    1.1
2026/04/23 07:44:40.100   3509417.9307    779149.3779   5250976.1620   2   6   0.2520   0.1127   0.1545   0.0915   0.0651   0.1503   0.10    1.1
2026/04/23 07:44:40.200   3509417.9528    779149.2757   5250976.1531   2   6   0.2519   0.1127   0.1545   0.0914   0.0650   0.1502   0.20    1.1
2026/04/23 07:44:40.300   3509417.9813    779149.1465   5250976.1453   2   6   0.2518   0.1126   0.1544   0.0914   0.0650   0.1502   0.30    1.1
2026/04/23 07:44:40.400   3509418.0350    779148.9692   5250976.1428   2   6   0.2517   0.1126   0.1543   0.0913   0.0649   0.1501   0.40    1.1
2026/04/23 07:44:40.500   3509418.0812    779148.8187   5250976.1315   2   6   0.2517   0.1125   0.1543   0.0912   0.0649   0.1501  -0.50    1.1
2026/04/23 07:44:40.600   3509418.1443    779148.7399   5250976.0972   2   6   0.2516   0.1125   0.1542   0.0912   0.0648   0.1500  -0.40    1.0
2026/04/23 07:44:40.700   3509418.2013    779148.7009   5250976.0621   2   6   0.2515   0.1124   0.1541   0.0911   0.0648   0.1499  -0.30    1.0
2026/04/23 07:44:40.800   3509418.2399    779148.6943   5250976.0336   2   6   0.2514   0.1124   0.1541   0.0910   0.0648   0.1499  -0.20    1.0
2026/04/23 07:44:40.900   3509418.2543    779148.7080   5250976.0156   2   6   0.2513   0.1123   0.1540   0.0910   0.0647   0.1498  -0.10    1.0
2026/04/23 07:44:41.000   3509418.2564    779148.7318   5250976.0062   2   6   0.2512   0.1123   0.1539   0.0909   0.0647   0.1497   0.00    1.0
2026/04/23 07:44:41.100   3509418.2495    779148.7614   5250975.9994   2   6   0.2511   0.1122   0.1539   0.0908   0.0646   0.1497   0.10    1.0
2026/04/23 07:44:41.200   3509418.2413    779148.7927   5250975.9980   2   6   0.2510   0.1122   0.1538   0.0908   0.0646   0.1496   0.20    1.0
2026/04/23 07:44:41.300   3509418.2358    779148.7890   5250976.0029   2   6   0.2510   0.1121   0.1537   0.0907   0.0646   0.1496   0.30    1.0
2026/04/23 07:44:41.400   3509418.2421    779148.7216   5250976.0045   2   6   0.2509   0.1121   0.1537   0.0907   0.0645   0.1495   0.40    1.0
2026/04/23 07:44:41.500   3509418.2497    779148.6218   5250976.0157   2   6   0.2508   0.1120   0.1536   0.0906   0.0645   0.1494  -0.50    1.0
2026/04/23 07:44:41.600   3509418.2377    779148.5101   5250976.0354   2   6   0.2507   0.1120   0.1535   0.0905   0.0644   0.1494  -0.40    1.0
2026/04/23 07:44:41.700   3509418.2074    779148.4112   5250976.0668   2   6   0.2506   0.1119   0.1535   0.0905   0.0644   0.1493  -0.30    1.0
2026/04/23 07:44:41.800   3509418.1637    779148.2868   5250976.1120   2   6   0.2505   0.1119   0.1534   0.0904   0.0644   0.1492  -0.20    1.0
2026/04/23 07:44:41.900   3509418.1230    779148.1125   5250976.1543   2   6   0.2504   0.1118   0.1533   0.0904   0.0643   0.1492  -0.10    1.0
2026/04/23 07:44:42.000   3509418.0855    779147.9364   5250976.2101   2   6   0.2503   0.1118   0.1532   0.0903   0.0643   0.1491   0.00    1.0
2026/04/23 07:44:42.100   3509418.0379    779147.7938   5250976.2651   2   6   0.2502   0.1117   0.1532   0.0902   0.0642   0.1490   0.10    1.0
2026/04/23 07:44:42.200   3509417.9843    779147.6959   5250976.3163   2   6   0.2502   0.1117   0.1531   0.0902   0.0642   0.1490   0.20    1.0
2026/04/23 07:44:42.300   3509417.9390    779147.6457   5250976.3459   2   6   0.2501   0.1116   0.1530   0.0901   0.0642   0.1489   0.30    1.0
2026/04/23 07:44:42.400   3509417.9133    779147.6330   5250976.3611   2   6   0.2500   0.1116   0.1530   0.0901   0.0641   0.1489   0.40    1.0
2026/04/23 07:44:42.500   3509417.9035    779147.6480   5250976.3640   2   6   0.2499   0.1115   0.1529   0.0900   0.0641   0.1488  -0.50    1.0
2026/04/23 07:44:42.600   3509417.8959    779147.6796   5250976.3584   2   6   0.2498   0.1115   0.1528   0.0899   0.0640   0.1487  -0.40    1.0
2026/04/23 07:44:42.700   3509417.8920    779147.7208   5250976.3496   2   6   0.2497   0.1114   0.1528   0.0899   0.0640   0.1487  -0.30    1.0
2026/04/23 07:44:42.800   3509417.8805    779147.7493   5250976.3428   2   6   0.2496   0.1114   0.1527   0.0898   0.0640   0.1486  -0.20    1.0
2026/04/23 07:44:42.900   3509417.8479    779147.7350   5250976.3596   2   6   0.2496   0.1113   0.1526   0.0898   0.0639   0.1486  -0.10    1.0
2026/04/23 07:44:43.000   3509417.8009    779147.6300   5250976.4016   2   6   0.2495   0.1113   0.1526   0.0897   0.0639   0.1485   0.00    1.0
2026/04/23 07:44:43.100   3509417.7430    779147.4495   5250976.4621   2   6   0.2494   0.1112   0.1525   0.0896   0.0638   0.1484   0.10    1.0
2026/04/23 07:44:43.200   3509417.7122    779147.2777   5250976.5060   2   6   0.2493   0.1112   0.1524   0.0896   0.0638   0.1484   0.20    1.0
2026/04/23 07:44:43.300   3509417.7089    779147.1318   5250976.5191   2   6   0.2492   0.1111   0.1523   0.0895   0.0637   0.1483   0.30    1.0
2026/04/23 07:44:43.400   3509417.7291    779147.0154   5250976.5120   2   6   0.2491   0.1111   0.1523   0.0895   0.0637   0.1483   0.40    1.0
2026/04/23 07:44:43.500   3509417.7466    779146.9376   5250976.4991   2   6   0.2491   0.1110   0.1522   0.0894   0.0637   0.1482  -0.50    1.0
2026/04/23 07:44:43.600   3509417.7557    779146.8538   5250976.4983   2   6   0.2490   0.1110   0.1521   0.0893   0.0636   0.1481  -0.40    1.0
2026/04/23 07:44:43.700   3509417.7653    779146.7417   5250976.4997   2   6   0.2489   0.1109   0.1521   0.0893   0.0636   0.1481  -0.30    1.0
2026/04/23 07:44:43.800   3509417.7827    779146.6702   5250976.4910   2   6   0.2488   0.1109   0.1520   0.0892   0.0635   0.1480  -0.20    1.0
2026/04/23 07:44:43.900   3509417.8071    779146.6420   5250976.4683   2   6   0.2487   0.1109   0.1519   0.0892   0.0635   0.1480  -0.10    1.0
2026/04/23 07:44:44.000   3509417.8219    779146.6120   5250976.4553   2   6   0.2486   0.1108   0.1519   0.0891   0.0635   0.1479   0.00    1.0
2026/04/23 07:44:44.100   3509417.8320    779146.5265   5250976.4519   2   6   0.2485   0.1108   0.1518   0.0891   0.0634   0.1478   0.10    1.0
2026/04/23 07:44:44.200   3509417.8584    779146.4058   5250976.4509   2   6   0.2484   0.1107   0.1517   0.0890   0.0634   0.1477   0.20    1.0
2026/04/23 07:44:44.300   3509417.8893    779146.3316   5250976.4344   2   6   0.2483   0.1107   0.1516   0.0890   0.0634   0.1476   0.30    1.0
2026/04/23 07:44:44.400   3509417.9291    779146.2942   5250976.4064   2   6   0.2482   0.1106   0.1515   0.0889   0.0633   0.1476   0.40    1.0
2026/04/23 07:44:44.500   3509417.9620    779146.2868   5250976.3760   2   7   0.2480   0.1106   0.1515   0.0889   0.0633   0.1475  -0.50    1.0
2026/04/23 07:44:44.600   3509417.9742    779146.2945   5250976.3565   2   7   0.2479   0.1105   0.1514   0.0888   0.0633   0.1474  -0.40    1.0
2026/04/23 07:44:44.700   3509417.9716    779146.3145   5250976.3476   2   7   0.2478   0.1105   0.1513   0.0888   0.0632   0.1473  -0.30    1.0
2026/04/23 07:44:44.800   3509417.9532    779146.3411   5250976.3439   2   7   0.2477   0.1104   0.1512   0.0888   0.0632   0.1472  -0.20    1.0
2026/04/23 07:44:44.900   3509417.9333    779146.3652   5250976.3428   2   7   0.2476   0.1103   0.1511   0.0887   0.0632   0.1471  -0.10    1.0
2026/04/23 07:44:45.000   3509417.9172    779146.3803   5250976.3449   2   7   0.2474   0.1103   0.1511   0.0887   0.0632   0.1470   0.00    1.0
2026/04/23 07:44:45.100   3509417.9169    779146.3656   5250976.3472   2   7   0.2473   0.1102   0.1510   0.0887   0.0631   0.1469   0.10    1.0
2026/04/23 07:44:45.200   3509417.9321    779146.3003   5250976.3505   2   7   0.2472   0.1102   0.1509   0.0887   0.0631   0.1468   0.20    1.0
2026/04/23 07:44:45.300   3509417.9355    779146.2199   5250976.3646   2   7   0.2470   0.1101   0.1508   0.0886   0.0631   0.1467   0.30    1.0
2026/04/23 07:44:45.400   3509417.9243    779146.1548   5250976.3793   2   7   0.2469   0.1101   0.1507   0.0886   0.0631   0.1466   0.40    1.0
2026/04/23 07:44:45.500   3509417.9092    779146.1037   5250976.3948   2   7   0.2467   0.1100   0.1506   0.0886   0.0631   0.1465  -0.50    1.0
2026/04/23 07:44:45.600   3509417.8888    779145.9982   5250976.4209   2   7   0.2466   0.1100   0.1505   0.0886   0.0630   0.1464  -0.40    1.0
2026/04/23 07:44:45.700   3509417.8891    779145.8382   5250976.4423   2   7   0.2465   0.1099   0.1505   0.0885   0.0630   0.1463  -0.30    1.0
2026/04/23 07:44:45.800   3509417.9135    779145.6980   5250976.4603   2   7   0.2463   0.1099   0.1504   0.0885   0.0630   0.1462  -0.20    1.0
2026/04/23 07:44:45.900   3509417.9174    779145.5936   5250976.4861   2   7   0.2462   0.1098   0.1503   0.0884   0.0630   0.1461  -0.10    1.0
2026/04/23 07:44:46.000   3509417.8940    779145.4744   5250976.5249   2   7   0.2460   0.1098   0.1502   0.0884   0.0629   0.1460   0.00    1.0
2026/04/23 07:44:46.100   3509417.8584    779145.3092   5250976.5712   2   7   0.2459   0.1097   0.1501   0.0884   0.0629   0.1459   0.10    1.0
2026/04/23 07:44:46.200   3509417.8239    779145.1650   5250976.6260   2   7   0.2458   0.1097   0.1500   0.0883   0.0629   0.1458   0.20    1.0
2026/04/23 07:44:46.300   3509417.7901    779145.0767   5250976.6796   2   6   0.2457   0.1096   0.1499   0.0882   0.0628   0.1457   0.30    1.0
2026/04/23 07:44:46.400   3509417.7528    779145.0323   5250976.7282   2   6   0.2457   0.1096   0.1498   0.0881   0.0627   0.1457   0.40    1.0
2026/04/23 07:44:46.500   3509417.7179    779145.0278   5250976.7538   2   6   0.2456   0.1096   0.1498   0.0880   0.0626   0.1457  -0.50    1.0
2026/04/23 07:44:46.600   3509417.6916    779145.0505   5250976.7628   2   6   0.2456   0.1095   0.1497   0.0879   0.0626   0.1456  -0.40    1.0
2026/04/23 07:44:46.700   3509417.6731    779145.0875   5250976.7572   2   6   0.2455   0.1095   0.1496   0.0879   0.0625   0.1456  -0.30    1.0
2026/04/23 07:44:46.800   3509417.6604    779145.1343   5250976.7450   2   6   0.2455   0.1094   0.1496   0.0878   0.0625   0.1455  -0.20    1.0
2026/04/23 07:44:46.900   3509417.6473    779145.1719   5250976.7409   2   6   0.2454   0.1094   0.1495   0.0877   0.0624   0.1455  -0.10    1.0
2026/04/23 07:44:47.000   3509417.6067    779145.1628   5250976.7578   2   6   0.2453   0.1093   0.1494   0.0877   0.0624   0.1455   0.00    1.0
2026/04/23 07:44:47.100   3509417.5453    779145.0745   5250976.8039   2   6   0.2453   0.1093   0.1494   0.0876   0.0624   0.1454   0.10    1.0
2026/04/23 07:44:47.200   3509417.4953    779144.9612   5250976.8491   2   6   0.2452   0.1092   0.1493   0.0876   0.0623   0.1454   0.20    1.0
2026/04/23 07:44:47.300   3509417.4821    779144.8576   5250976.8654   2   6   0.2451   0.1092   0.1492   0.0875   0.0623   0.1453   0.30    1.0
2026/04/23 07:44:47.400   3509417.4897    779144.7886   5250976.8588   2   6   0.2450   0.1092   0.1492   0.0875   0.0623   0.1453   0.40    1.0
2026/04/23 07:44:47.500   3509417.4883    779144.7298   5250976.8567   2   6   0.2450   0.1091   0.1491   0.0874   0.0622   0.1452  -0.50    1.0
2026/04/23 07:44:47.600   3509417.4847    779144.6370   5250976.8614   2   6   0.2449   0.1091   0.1491   0.0874   0.0622   0.1452  -0.40    1.0
2026/04/23 07:44:47.700   3509417.4940    779144.5711   5250976.8549   2   6   0.2448   0.1090   0.1490   0.0873   0.0621   0.1451  -0.30    1.0
2026/04/23 07:44:47.800   3509417.5072    779144.5421   5250976.8344   2   6   0.2447   0.1090   0.1489   0.0873   0.0621   0.1451  -0.20    1.0
2026/04/23 07:44:47.900   3509417.4953    779144.5240   5250976.8290   2   6   0.2447   0.1089   0.1489   0.0872   0.0621   0.1450  -0.10    1.0
2026/04/23 07:44:48.000   3509417.4599    779144.4609   5250976.8377   2   6   0.2446   0.1089   0.1488   0.0872   0.0620   0.1449   0.00    1.0
2026/04/23 07:44:48.100   3509417.4393    779144.3246   5250976.8546   2   6   0.2445   0.1088   0.1487   0.0871   0.0620   0.1449   0.10    1.0
2026/04/23 07:44:48.200   3509417.4269    779144.2144   5250976.8599   2   6   0.2444   0.1088   0.1486   0.0870   0.0619   0.1448   0.20    1.0
2026/04/23 07:44:48.300   3509417.4168    779144.1201   5250976.8635   2   6   0.2444   0.1087   0.1486   0.0870   0.0619   0.1448   0.30    1.0
2026/04/23 07:44:48.400   3509417.4170    779143.9738   5250976.8766   2   6   0.2443   0.1087   0.1485   0.0869   0.0619   0.1447   0.40    1.0
2026/04/23 07:44:48.500   3509417.4292    779143.7851   5250976.8911   2   6   0.2442   0.1087   0.1484   0.0869   0.0618   0.1446  -0.50    1.0
2026/04/23 07:44:48.600   3509417.4510    779143.6569   5250976.8828   2   6   0.2441   0.1086   0.1483   0.0869   0.0618   0.1445  -0.40    1.0
2026/04/23 07:44:48.700   3509417.4796    779143.5848   5250976.8573   2   6   0.2439   0.1086   0.1483   0.0868   0.0618   0.1445  -0.30    1.0
2026/04/23 07:44:48.800   3509417.5186    779143.5323   5250976.8346   2   6   0.2438   0.1085   0.1482   0.0868   0.0617   0.1444  -0.20    1.0
2026/04/23 07:44:48.900   3509417.5476    779143.4396   5250976.8199   2   7   0.2437   0.1085   0.1481   0.0867   0.0617   0.1443  -0.10    1.0
2026/04/23 07:44:49.000   3509417.5831    779143.3121   5250976.8038   2   7   0.2436   0.1084   0.1480   0.0867   0.0617   0.1442   0.00    1.0
2026/04/23 07:44:49.100   3509417.6101    779143.2269   5250976.7823   2   7   0.2435   0.1084   0.1479   0.0867   0.0616   0.1441   0.10    1.0
2026/04/23 07:44:49.200   3509417.6349    779143.2111   5250976.7505   2   7   0.2434   0.1083   0.1478   0.0866   0.0616   0.1440   0.20    1.0
2026/04/23 07:44:49.300   3509417.6439    779143.2289   5250976.7189   2   7   0.2432   0.1083   0.1477   0.0866   0.0616   0.1439   0.30    1.0
2026/04/23 07:44:49.400   3509417.6547    779143.2163   5250976.7063   2   7   0.2431   0.1082   0.1477   0.0866   0.0616   0.1439   0.40    1.0
2026/04/23 07:44:49.500   3509417.6896    779143.1500   5250976.6968   2   7   0.2430   0.1082   0.1476   0.0866   0.0615   0.1438  -0.50    1.0
2026/04/23 07:44:49.600   3509417.7266    779143.1006   5250976.6768   2   7   0.2428   0.1081   0.1475   0.0865   0.0615   0.1437  -0.40    1.0
2026/04/23 07:44:49.700   3509417.7511    779143.0985   5250976.6516   2   7   0.2427   0.1081   0.1474   0.0865   0.0615   0.1436  -0.30    1.0
2026/04/23 07:44:49.800   3509417.7644    779143.1109   5250976.6344   2   7   0.2426   0.1080   0.1473   0.0865   0.0615   0.1435  -0.20    1.0
2026/04/23 07:44:49.900   3509417.7644    779143.1245   5250976.6279   2   7   0.2424   0.1080   0.1472   0.0865   0.0614   0.1434  -0.10    1.0
2026/04/23 07:44:50.000   3509417.7544    779143.1384   5250976.6281   2   7   0.2423   0.1079   0.1471   0.0864   0.0614   0.1433   0.00    1.0
2026/04/23 07:44:50.100   3509417.7381    779143.1517   5250976.6318   2   7   0.2422   0.1079   0.1470   0.0864   0.0614   0.1432   0.10    1.0
2026/04/23 07:44:50.200   3509417.7267    779143.1603   5250976.6371   2   7   0.2420   0.1078   0.1469   0.0864   0.0614   0.1430   0.20    1.0
2026/04/23 07:44:50.300   3509417.7340    779143.1278   5250976.6337   2   7   0.2418   0.1078   0.1468   0.0863   0.0613   0.1429   0.30    1.0
2026/04/23 07:44:50.400   3509417.7514    779143.0657   5250976.6281   2   7   0.2416   0.1077   0.1467   0.0863   0.0613   0.1427   0.40    1.0
2026/04/23 07:44:50.500   3509417.7527    779143.0086   5250976.6292   2   7   0.2414   0.1077   0.1466   0.0863   0.0613   0.1426  -0.50    1.0
2026/04/23 07:44:50.600   3509417.7410    779142.9565   5250976.6382   2   8   0.2412   0.1076   0.1465   0.0863   0.0613   0.1424  -0.40    1.0
2026/04/23 07:44:50.700   3509417.7417    779142.8605   5250976.6471   2   8   0.2410   0.1076   0.1464   0.0862   0.0612   0.1423  -0.30    1.0
2026/04/23 07:44:50.800   3509417.7639    779142.6934   5250976.6447   2   8   0.2408   0.1075   0.1463   0.0862   0.0612   0.1422  -0.20    1.0
2026/04/23 07:44:50.900   3509417.7960    779142.5174   5250976.6492   2   8   0.2406   0.1075   0.1461   0.0861   0.0611   0.1420  -0.10    1.0
2026/04/23 07:44:51.000   3509417.8126    779142.3927   5250976.6561   2   7   0.2405   0.1074   0.1460   0.0861   0.0611   0.1419   0.00    1.1
2026/04/23 07:44:51.100   3509417.8013    779142.2879   5250976.6788   2   7   0.2403   0.1074   0.1460   0.0860   0.0610   0.1419   0.10    1.1
2026/04/23 07:44:51.200   3509417.7696    779142.1803   5250976.7150   2   7   0.2402   0.1074   0.1459   0.0859   0.0610   0.1418   0.20    1.1
2026/04/23 07:44:51.300   3509417.7343    779142.1016   5250976.7469   2   7   0.2401   0.1073   0.1458   0.0859   0.0609   0.1417   0.30    1.1
2026/04/23 07:44:51.400   3509417.7055    779142.0590   5250976.7633   2   7   0.2399   0.1073   0.1457   0.0858   0.0609   0.1416   0.40    1.1
2026/04/23 07:44:51.500   3509417.6674    779141.9956   5250976.7952   2   7   0.2398   0.1072   0.1456   0.0858   0.0608   0.1415  -0.50    1.1
2026/04/23 07:44:51.600   3509417.6255    779141.8727   5250976.8394   2   7   0.2396   0.1072   0.1456   0.0858   0.0608   0.1414  -0.40    1.2
2026/04/23 07:44:51.700   3509417.5860    779141.7560   5250976.8847   2   7   0.2394   0.1071   0.1455   0.0857   0.0608   0.1413  -0.30    1.2
2026/04/23 07:44:51.800   3509417.5425    779141.6860   5250976.9183   2   7   0.2393   0.1071   0.1454   0.0857   0.0607   0.1412  -0.20    1.2
2026/04/23 07:44:51.900   3509417.4929    779141.6435   5250976.9576   2   7   0.2391   0.1071   0.1453   0.0857   0.0607   0.1411  -0.10    1.2
2026/04/23 07:44:52.000   3509417.4604    779141.6321   5250976.9821   2   7   0.2389   0.1070   0.1452   0.0856   0.0607   0.1410   0.00    1.2
2026/04/23 07:44:52.100   3509417.4470    779141.6430   5250976.9921   2   7   0.2388   0.1070   0.1451   0.0856   0.0606   0.1409   0.10    1.2
2026/04/23 07:44:52.200   3509417.4482    779141.6692   5250976.9913   2   7   0.2386   0.1069   0.1450   0.0855   0.0606   0.1408   0.20    1.2
2026/04/23 07:44:52.300   3509417.4568    779141.6987   5250976.9866   2   7   0.2385   0.1069   0.1449   0.0855   0.0606   0.1406   0.30    1.2
2026/04/23 07:44:52.400   3509417.4665    779141.7260   5250976.9806   2   7   0.2383   0.1068   0.1448   0.0854   0.0605   0.1405   0.40    1.2
2026/04/23 07:44:52.500   3509417.4784    779141.7484   5250976.9734   2   7   0.2381   0.1068   0.1447   0.0854   0.0605   0.1404  -0.50    1.2
2026/04/23 07:44:52.600   3509417.4925    779141.7667   5250976.9636   2   7   0.2380   0.1068   0.1446   0.0853   0.0604   0.1403  -0.40    1.2
2026/04/23 07:44:52.700   3509417.5047    779141.7816   5250976.9564   2   7   0.2378   0.1067   0.1445   0.0853   0.0604   0.1402  -0.30    1.2
2026/04/23 07:44:52.800   3509417.5314    779141.8046   5250976.9396   2   7   0.2377   0.1067   0.1444   0.0852   0.0604   0.1401  -0.20    1.3
2026/04/23 07:44:52.900   3509417.5813    779141.8529   5250976.9060   2   7   0.2375   0.1066   0.1443   0.0852   0.0603   0.1400  -0.10    1.3
2026/04/23 07:44:53.000   3509417.6460    779141.9125   5250976.8549   2   7   0.2374   0.1066   0.1442   0.0851   0.0603   0.1398   0.00    1.3
2026/04/23 07:44:53.100   3509417.7104    779141.9796   5250976.8036   2   7   0.2372   0.1065   0.1441   0.0851   0.0602   0.1397   0.10    1.3
2026/04/23 07:44:53.200   3509417.7658    779142.0432   5250976.7568   2   7   0.2371   0.1065   0.1440   0.0850   0.0602   0.1396   0.20    1.3
2026/04/23 07:44:53.300   3509417.8039    779142.0851   5250976.7283   2   7   0.2369   0.1064   0.1439   0.0850   0.0601   0.1395   0.30    1.3
2026/04/23 07:44:53.400   3509417.8189    779142.0977   5250976.7178   2   7   0.2367   0.1064   0.1438   0.0850   0.0601   0.1394   0.40    1.3
2026/04/23 07:44:53.500   3509417.8179    779142.1030   5250976.7209   2   7   0.2365   0.1064   0.1437   0.0849   0.0601   0.1393  -0.50    1.3
2026/04/23 07:44:53.600   3509417.8181    779142.1351   5250976.7136   2   7   0.2364   0.1063   0.1436   0.0849   0.0600   0.1391  -0.40    1.3
2026/04/23 07:44:53.700   3509417.8334    779142.1833   5250976.7019   2   7   0.2362   0.1063   0.1435   0.0849   0.0600   0.1390  -0.30    1.3
2026/04/23 07:44:53.800   3509417.8512    779142.2401   5250976.6822   2   7   0.2360   0.1062   0.1434   0.0848   0.0600   0.1389  -0.20    1.3
2026/04/23 07:44:53.900   3509417.8677    779142.3042   5250976.6588   2   7   0.2358   0.1062   0.1432   0.0848   0.0599   0.1388  -0.10    1.3
2026/04/23 07:44:54.000   3509417.8793    779142.3679   5250976.6426   2   7   0.2357   0.1061   0.1431   0.0848   0.0599   0.1386   0.00    1.3
2026/04/23 07:44:54.100   3509417.8804    779142.4223   5250976.6333   2   7   0.2355   0.1061   0.1430   0.0847   0.0599   0.1385   0.10    1.3
2026/04/23 07:44:54.200   3509417.8803    779142.4799   5250976.6250   2   7   0.2353   0.1060   0.1429   0.0847   0.0598   0.1384   0.20    1.4
2026/04/23 07:44:54.300   3509417.8778    779142.5498   5250976.6133   2   8   0.2352   0.1060   0.1428   0.0847   0.0598   0.1383   0.30    1.0
2026/04/23 07:44:54.400   3509417.8677    779142.6173   5250976.6070   2   8   0.2350   0.1059   0.1427   0.0846   0.0598   0.1381   0.40    1.0
2026/04/23 07:44:54.500   3509417.8485    779142.6781   5250976.6081   2   8   0.2348   0.1059   0.1426   0.0846   0.0597   0.1380  -0.50    1.1
2026/04/23 07:44:54.600   3509417.8311    779142.7460   5250976.6094   2   8   0.2347   0.1058   0.1425   0.0846   0.0597   0.1379  -0.40    1.1
2026/04/23 07:44:54.700   3509417.7988    779142.8075   5250976.6189   2   8   0.2345   0.1058   0.1424   0.0845   0.0597   0.1378  -0.30    1.1
2026/04/23 07:44:54.800   3509417.7618    779142.8637   5250976.6370   2   8   0.2343   0.1058   0.1423   0.0845   0.0596   0.1377  -0.20    1.1
2026/04/23 07:44:54.900   3509417.7097    779142.9141   5250976.6635   2   8   0.2341   0.1057   0.1422   0.0845   0.0596   0.1376  -0.10    1.1
2026/04/23 07:44:55.000   3509417.6652    779142.9511   5250976.6910   2   8   0.2340   0.1057   0.1421   0.0845   0.0596   0.1374   0.00    1.1
2026/04/23 07:44:55.100   3509417.6192    779142.9774   5250976.7199   2   8   0.2338   0.1056   0.1420   0.0844   0.0595   0.1373   0.10    1.1
2026/04/23 07:44:55.200   3509417.5784    779143.0070   5250976.7392   2   8   0.2336   0.1056   0.1419   0.0844   0.0595   0.1372   0.20    1.0
2026/04/23 07:44:55.300   3509417.5476    779143.0536   5250976.7559   2   8   0.2335   0.1055   0.1418   0.0844   0.0595   0.1371   0.30    1.0
2026/04/23 07:44:55.400   3509417.5127    779143.1028   5250976.7720   2   8   0.2333   0.1055   0.1417   0.0843   0.0595   0.1370   0.40    1.0
2026/04/23 07:44:55.500   3509417.4737    779143.1569   5250976.7940   2   8   0.2331   0.1054   0.1416   0.0843   0.0594   0.1369  -0.50    1.1
2026/04/23 07:44:55.600   3509417.4337    779143.2102   5250976.8151   2   8   0.2330   0.1054   0.1415   0.0843   0.0594   0.1367  -0.40    1.1
2026/04/23 07:44:55.700   3509417.3979    779143.2606   5250976.8313   2   8   0.2328   0.1053   0.1414   0.0843   0.0594   0.1366  -0.30    1.1
2026/04/23 07:44:55.800   3509417.3686    779143.3126   5250976.8399   2   8   0.2326   0.1053   0.1413   0.0842   0.0593   0.1365  -0.20    1.1
2026/04/23 07:44:55.900   3509417.3453    779143.3736   5250976.8484   2   8   0.2325   0.1052   0.1412   0.0842   0.0593   0.1364  -0.10    1.1
2026/04/23 07:44:56.000   3509417.3225    779143.4393   5250976.8490   2   8   0.2323   0.1052   0.1411   0.0842   0.0593   0.1363   0.00    1.1
2026/04/23 07:44:56.100   3509417.3038    779143.5001   5250976.8496   2   8   0.2322   0.1052   0.1410   0.0841   0.0592   0.1362   0.10    1.1
2026/04/23 07:44:56.200   3509417.2969    779143.5636   5250976.8479   2   8   0.2320   0.1051   0.1409   0.0841   0.0592   0.1361   0.20    1.1
2026/04/23 07:44:56.300   3509417.2925    779143.6302   5250976.8452   2   8   0.2318   0.1051   0.1408   0.0841   0.0592   0.1359   0.30    1.1
2026/04/23 07:44:56.400   3509417.2908    779143.7003   5250976.8356   2   8   0.2317   0.1050   0.1407   0.0840   0.0591   0.1358   0.40    1.1
2026/04/23 07:44:56.500   3509417.2977    779143.7647   5250976.8264   2   8   0.2315   0.1050   0.1406   0.0840   0.0591   0.1357  -0.50    1.2
2026/04/23 07:44:56.600   3509417.3086    779143.8277   5250976.8165   2   8   0.2314   0.1049   0.1405   0.0840   0.0591   0.1356  -0.40    1.2
2026/04/23 07:44:56.700   3509417.3205    779143.8938   5250976.7999   2   8   0.2312   0.1049   0.1404   0.0839   0.0590   0.1355  -0.30    1.2
2026/04/23 07:44:56.800   3509417.3377    779143.9561   5250976.7856   2   8   0.2310   0.1048   0.1403   0.0839   0.0590   0.1354  -0.20    1.2
2026/04/23 07:44:56.900   3509417.3574    779144.0137   5250976.7687   2   8   0.2309   0.1048   0.1402   0.0839   0.0590   0.1353  -0.10    1.2
2026/04/23 07:44:57.000   3509417.3776    779144.0749   5250976.7512   2   8   0.2307   0.1048   0.1401   0.0839   0.0589   0.1351   0.00    1.2
2026/04/23 07:44:57.100   3509417.4048    779144.1384   5250976.7304   2   8   0.2306   0.1047   0.1400   0.0838   0.0589   0.1350   0.10    1.2
2026/04/23 07:44:57.200   3509417.4384    779144.1987   5250976.6998   2   8   0.2304   0.1047   0.1399   0.0838   0.0589   0.1349   0.20    1.2
2026/04/23 07:44:57.300   3509417.4826    779144.2491   5250976.6712   2   8   0.2302   0.1046   0.1398   0.0838   0.0588   0.1348   0.30    1.2
2026/04/23 07:44:57.400   3509417.5388    779144.2894   5250976.6329   2   8   0.2301   0.1046   0.1397   0.0837   0.0588   0.1347   0.40    1.2
2026/04/23 07:44:57.500   3509417.5944    779144.3198   5250976.5977   2   8   0.2299   0.1045   0.1396   0.0837   0.0588   0.1346  -0.50    1.2
2026/04/23 07:44:57.600   3509417.6532    779144.3499   5250976.5587   2   8   0.2298   0.1045   0.1395   0.0837   0.0587   0.1345  -0.40    1.2
2026/04/23 07:44:57.700   3509417.7078    779144.3793   5250976.5186   2   8   0.2296   0.1045   0.1394   0.0836   0.0587   0.1344  -0.30    1.2
2026/04/23 07:44:57.800   3509417.7607    779144.4109   5250976.4806   2   8   0.2294   0.1044   0.1393   0.0836   0.0587   0.1343  -0.20    1.2
2026/04/23 07:44:57.900   3509417.8074    779144.4450   5250976.4456   2   8   0.2293   0.1044   0.1392   0.0836   0.0586   0.1341  -0.10    1.2
2026/04/23 07:44:58.000   3509417.8486    779144.4844   5250976.4182   2   8   0.2291   0.1043   0.1391   0.0835   0.0586   0.1340   0.00    1.2
2026/04/23 07:44:58.100   3509417.8861    779144.5262   5250976.3960   2   8   0.2290   0.1043   0.1390   0.0835   0.0586   0.1339   0.10    1.2
2026/04/23 07:44:58.200   3509417.9232    779144.5759   5250976.3676   2   8   0.2288   0.1042   0.1389   0.0835   0.0585   0.1338   0.20    1.2
2026/04/23 07:44:58.300   3509417.9575    779144.6329   5250976.3410   2   8   0.2287   0.1042   0.1388   0.0834   0.0585   0.1337   0.30    1.2
2026/04/23 07:44:58.400   3509417.9845    779144.6896   5250976.3144   2   8   0.2285   0.1041   0.1387   0.0834   0.0585   0.1336   0.40    1.2
2026/04/23 07:44:58.500   3509418.0039    779144.7472   5250976.2926   2   8   0.2284   0.1041   0.1386   0.0834   0.0584   0.1335  -0.50    1.2
2026/04/23 07:44:58.600   3509418.0240    779144.8120   5250976.2705   2   8   0.2282   0.1041   0.1385   0.0834   0.0584   0.1334  -0.40    1.2
2026/04/23 07:44:58.700   3509418.0373    779144.8750   5250976.2502   2   8   0.2280   0.1040   0.1384   0.0833   0.0584   0.1333  -0.30    1.2
2026/04/23 07:44:58.800   3509418.0479    779144.9351   5250976.2384   2   8   0.2279   0.1040   0.1383   0.0833   0.0583   0.1332  -0.20    1.2
2026/04/23 07:44:58.900   3509418.0526    779145.0008   5250976.2312   2   8   0.2277   0.1039   0.1382   0.0833   0.0583   0.1331  -0.10    1.2
2026/04/23 07:44:59.000   3509418.0553    779145.0726   5250976.2206   2   8   0.2276   0.1039   0.1381   0.0832   0.0582   0.1329   0.00    1.2
2026/04/23 07:44:59.100   3509418.0548    779145.1465   5250976.2094   2   8   0.2274   0.1038   0.1380   0.0832   0.0582   0.1328   0.10    1.2
2026/04/23 07:44:59.200   3509418.0516    779145.2129   5250976.2018   2   8   0.2273   0.1038   0.1379   0.0832   0.0582   0.1327   0.20    1.2
2026/04/23 07:44:59.300   3509418.0424    779145.2827   5250976.2012   2   8   0.2271   0.1038   0.1378   0.0831   0.0581   0.1326   0.30    1.2
2026/04/23 07:44:59.400   3509418.0207    779145.3426   5250976.2069   2   8   0.2270   0.1037   0.1377   0.0831   0.0581   0.1325   0.40    1.2
2026/04/23 07:44:59.500   3509417.9940    779145.4071   5250976.2208   2   8   0.2268   0.1037   0.1376   0.0831   0.0581   0.1324  -0.50    1.2
2026/04/23 07:44:59.600   3509417.9611    779145.4674   5250976.2352   2   8   0.2267   0.1036   0.1375   0.0830   0.0580   0.1323  -0.40    1.2
2026/04/23 07:44:59.700   3509417.9249    779145.5262   5250976.2540   2   8   0.2265   0.1036   0.1374   0.0830   0.0580   0.1322  -0.30    1.2
2026/04/23 07:44:59.800   3509417.8765    779145.5787   5250976.2801   2   8   0.2264   0.1035   0.1373   0.0830   0.0580   0.1321  -0.20    1.2
2026/04/23 07:44:59.900   3509417.8342    779145.6249   5250976.3064   2   8   0.2262   0.1035   0.1372   0.0829   0.0579   0.1320  -0.10    1.2
2026/04/23 07:45:00.000   3509417.7935    779145.6679   5250976.3340   2   8   0.2261   0.1035   0.1371   0.0829   0.0579   0.1319   0.00    1.2
2026/04/23 07:45:00.100   3509417.7568    779145.7140   5250976.3515   2   8   0.2259   0.1034   0.1370   0.0829   0.0579   0.1318   0.10    1.2
2026/04/23 07:45:00.200   3509417.7206    779145.7667   5250976.3656   2   8   0.2258   0.1034   0.1369   0.0828   0.0578   0.1316   0.20    1.2
2026/04/23 07:45:00.300   3509417.6930    779145.8214   5250976.3736   2   8   0.2256   0.1033   0.1368   0.0828   0.0578   0.1315   0.30    1.2
2026/04/23 07:45:00.400   3509417.6754    779145.8790   5250976.3816   2   8   0.2255   0.1033   0.1367   0.0828   0.0578   0.1314   0.40    1.2
2026/04/23 07:45:00.500   3509417.6629    779145.9412   5250976.3783   2   8   0.2253   0.1032   0.1366   0.0828   0.0577   0.1313  -0.50    1.2
2026/04/23 07:45:00.600   3509417.6557    779146.0120   5250976.3747   2   8   0.2252   0.1032   0.1365   0.0827   0.0577   0.1312  -0.40    1.1
2026/04/23 07:45:00.700   3509417.6492    779146.0776   5250976.3644   2   8   0.2250   0.1032   0.1364   0.0827   0.0576   0.1311  -0.30    1.1
2026/04/23 07:45:00.800   3509417.6498    779146.1361   5250976.3571   2   8   0.2249   0.1031   0.1363   0.0827   0.0576   0.1310  -0.20    1.1
2026/04/23 07:45:00.900   3509417.6510    779146.2012   5250976.3460   2   8   0.2247   0.1031   0.1362   0.0826   0.0576   0.1309  -0.10    1.1
2026/04/23 07:45:01.000   3509417.6552    779146.2736   5250976.3319   2   8   0.2246   0.1030   0.1361   0.0826   0.0575   0.1308   0.00    1.1
2026/04/23 07:45:01.100   3509417.6629    779146.3386   5250976.3169   2   8   0.2244   0.1030   0.1360   0.0826   0.0575   0.1307   0.10    1.1
2026/04/23 07:45:01.200   3509417.6766    779146.3997   5250976.3023   2   8   0.2243   0.1029   0.1359   0.0825   0.0575   0.1306   0.20    1.1
2026/04/23 07:45:01.300   3509417.6981    779146.4616   5250976.2762   2   8   0.2241   0.1029   0.1358   0.0825   0.0574   0.1305   0.30    1.1
2026/04/23 07:45:01.400   3509417.7234    779146.5129   5250976.2523   2   8   0.2240   0.1029   0.1357   0.0825   0.0574   0.1304   0.40    1.1
2026/04/23 07:45:01.500   3509417.7516    779146.5676   5250976.2284   2   8   0.2238   0.1028   0.1356   0.0824   0.0574   0.1303  -0.50    1.1
2026/04/23 07:45:01.600   3509417.7840    779146.6243   5250976.1974   2   8   0.2237   0.1028   0.1355   0.0824   0.0573   0.1302  -0.40    1.1
2026/04/23 07:45:01.700   3509417.8231    779146.6780   5250976.1633   2   8   0.2235   0.1027   0.1354   0.0824   0.0573   0.1301  -0.30    1.1
2026/04/23 07:45:01.800   3509417.8716    779146.7172   5250976.1272   2   8   0.2234   0.1027   0.1353   0.0823   0.0573   0.1299  -0.20    1.1
2026/04/23 07:45:01.900   3509417.9267    779146.7456   5250976.0883   2   8   0.2232   0.1026   0.1352   0.0823   0.0572   0.1298  -0.10    1.1
2026/04/23 07:45:02.000   3509417.9857    779146.7642   5250976.0471   2   8   0.2231   0.1026   0.1351   0.0823   0.0572   0.1297   0.00    1.1
2026/04/23 07:45:02.100   3509418.0448    779146.7850   5250976.0052   2   8   0.2229   0.1026   0.1350   0.0822   0.0571   0.1296   0.10    1.1
2026/04/23 07:45:02.200   3509418.0986    779146.8104   5250975.9675   2   8   0.2228   0.1025   0.1349   0.0822   0.0571   0.1295   0.20    1.1
2026/04/23 07:45:02.300   3509418.1439    779146.8396   5250975.9311   2   8   0.2227   0.1025   0.1348   0.0822   0.0571   0.1294   0.30    1.1
2026/04/23 07:45:02.400   3509418.1874    779146.8708   5250975.8957   2   8   0.2225   0.1024   0.1347   0.0821   0.0570   0.1293   0.40    1.1
2026/04/23 07:45:02.500   3509418.2275    779146.9131   5250975.8603   2   8   0.2224   0.1024   0.1346   0.0821   0.0570   0.1292  -0.50    1.1
2026/04/23 07:45:02.600   3509418.2656    779146.9562   5250975.8295   2   8   0.2222   0.1024   0.1345   0.0821   0.0570   0.1291  -0.40    1.1
2026/04/23 07:45:02.700   3509418.2971    779147.0096   5250975.8023   2   8   0.2221   0.1023   0.1344   0.0821   0.0569   0.1290  -0.30    1.1
2026/04/23 07:45:02.800   3509418.3274    779147.0704   5250975.7776   2   8   0.2219   0.1023   0.1343   0.0820   0.0569   0.1289  -0.20    1.1
2026/04/23 07:45:02.900   3509418.3564    779147.1410   5250975.7530   2   8   0.2218   0.1022   0.1342   0.0820   0.0568   0.1288  -0.10    1.1
2026/04/23 07:45:03.000   3509418.3745    779147.2061   5250975.7335   2   8   0.2216   0.1022   0.1341   0.0820   0.0568   0.1287   0.00    1.1
2026/04/23 07:45:03.100   3509418.3906    779147.2735   5250975.7118   2   8   0.2215   0.1021   0.1340   0.0819   0.0568   0.1286   0.10    1.1
2026/04/23 07:45:03.200   3509418.4040    779147.3461   5250975.6975   2   8   0.2214   0.1021   0.1339   0.0819   0.0567   0.1285   0.20    1.1
2026/04/23 07:45:03.300   3509418.4101    779147.4144   5250975.6849   2   8   0.2212   0.1021   0.1338   0.0819   0.0567   0.1284   0.30    1.1
2026/04/23 07:45:03.400   3509418.4142    779147.4776   5250975.6734   2   8   0.2211   0.1020   0.1337   0.0818   0.0567   0.1283   0.40    1.1
2026/04/23 07:45:03.500   3509418.4105    779147.5407   5250975.6622   2   8   0.2209   0.1020   0.1336   0.0818   0.0566   0.1282  -0.50    1.1
2026/04/23 07:45:03.600   3509418.4101    779147.6106   5250975.6532   2   8   0.2208   0.1019   0.1335   0.0818   0.0566   0.1281  -0.40    1.1
2026/04/23 07:45:03.700   3509418.4053    779147.6839   5250975.6461   2   8   0.2206   0.1019   0.1334   0.0817   0.0566   0.1280  -0.30    1.1
2026/04/23 07:45:03.800   3509418.3968    779147.7456   5250975.6441   2   8   0.2205   0.1019   0.1333   0.0817   0.0565   0.1279  -0.20    1.1
2026/04/23 07:45:03.900   3509418.3835    779147.8046   5250975.6457   2   8   0.2204   0.1018   0.1332   0.0817   0.0565   0.1278  -0.10    1.1
2026/04/23 07:45:04.000   3509418.3471    779147.8649   5250975.6559   2   8   0.2202   0.1018   0.1331   0.0816   0.0564   0.1277   0.00    1.1
2026/04/23 07:45:04.100   3509418.3013    779147.9202   5250975.6698   2   8   0.2201   0.1017   0.1330   0.0816   0.0564   0.1276   0.10    1.1
2026/04/23 07:45:04.200   3509418.2530    779147.9671   5250975.6958   2   8   0.2199   0.1017   0.1329   0.0816   0.0564   0.1274   0.20    1.1
2026/04/23 07:45:04.300   3509418.2003    779148.0077   5250975.7240   2   8   0.2198   0.1016   0.1328   0.0815   0.0563   0.1273   0.30    1.1
2026/04/23 07:45:04.400   3509418.1489    779148.0483   5250975.7505   2   8   0.2196   0.1016   0.1327   0.0815   0.0563   0.1272   0.40    1.1
2026/04/23 07:45:04.500   3509418.1021    779148.0895   5250975.7744   2   8   0.2195   0.1016   0.1326   0.0815   0.0563   0.1271  -0.50    1.1
2026/04/23 07:45:04.600   3509418.0593    779148.1262   5250975.7959   2   8   0.2194   0.1015   0.1325   0.0814   0.0562   0.1270  -0.40    1.1
2026/04/23 07:45:04.700   3509418.0213    779148.1742   5250975.8166   2   8   0.2192   0.1015   0.1324   0.0814   0.0562   0.1269  -0.30    1.1
2026/04/23 07:45:04.800   3509417.9824    779148.2336   5250975.8327   2   8   0.2191   0.1014   0.1323   0.0814   0.0561   0.1268  -0.20    1.1
2026/04/23 07:45:04.900   3509417.9500    779148.2959   5250975.8497   2   8   0.2189   0.1014   0.1322   0.0814   0.0561   0.1267  -0.10    1.1
2026/04/23 07:45:05.000   3509417.9222    779148.3536   5250975.8626   2   8   0.2188   0.1014   0.1321   0.0813   0.0561   0.1266   0.00    1.1
2026/04/23 07:45:05.100   3509417.9049    779148.4146   5250975.8651   2   8   0.2187   0.1013   0.1320   0.0813   0.0560   0.1265   0.10    1.1
2026/04/23 07:45:05.200   3509417.8906    779148.4837   5250975.8704   2   8   0.2185   0.1013   0.1319   0.0813   0.0560   0.1264   0.20    1.1
2026/04/23 07:45:05.300   3509417.8838    779148.5524   5250975.8679   2   8   0.2184   0.1012   0.1318   0.0812   0.0559   0.1263   0.30    1.1
2026/04/23 07:45:05.400   3509417.8830    779148.6207   5250975.8614   2   8   0.2182   0.1012   0.1317   0.0812   0.0559   0.1262   0.40    1.1
2026/04/23 07:45:05.500   3509417.8783    779148.6960   5250975.8525   2   8   0.2181   0.1012   0.1316   0.0812   0.0559   0.1261  -0.50    1.1
2026/04/23 07:45:05.600   3509417.8772    779148.7729   5250975.8400   2   8   0.2180   0.1011   0.1315   0.0811   0.0558   0.1260  -0.40    1.0
2026/04/23 07:45:05.700   3509417.8840    779148.8426   5250975.8231   2   8   0.2178   0.1011   0.1314   0.0811   0.0558   0.1259  -0.30    1.0
2026/04/23 07:45:05.800   3509417.8970    779148.9062   5250975.8016   2   8   0.2177   0.1010   0.1313   0.0811   0.0558   0.1258  -0.20    1.0
2026/04/23 07:45:05.900   3509417.9249    779148.9716   5250975.7775   2   8   0.2175   0.1010   0.1312   0.0810   0.0557   0.1257  -0.10    1.0
2026/04/23 07:45:06.000   3509417.9636    779149.0309   5250975.7469   2   8   0.2174   0.1009   0.1311   0.0810   0.0557   0.1256   0.00    1.0
2026/04/23 07:45:06.100   3509418.0053    779149.0749   5250975.7082   2   8   0.2173   0.1009   0.1310   0.0810   0.0556   0.1255   0.10    1.4
2026/04/23 07:45:06.200   3509418.0516    779149.1155   5250975.6684   2   8   0.2173   0.1009   0.1309   0.0810   0.0556   0.1254   0.20    1.4
2026/04/23 07:45:06.300   3509418.1115    779149.1542   5250975.6302   2   8   0.2172   0.1008   0.1308   0.0810   0.0556   0.1254   0.30    1.3
2026/04/23 07:45:06.400   3509418.1672    779149.1883   5250975.5947   2   8   0.2171   0.1008   0.1307   0.0810   0.0556   0.1253   0.40    1.3
2026/04/23 07:45:06.500   3509418.2168    779149.2242   5250975.5559   2   8   0.2170   0.1008   0.1306   0.0810   0.0556   0.1253  -0.50    1.3
2026/04/23 07:45:06.600   3509418.2570    779149.2645   5250975.5197   2   8   0.2168   0.1007   0.1306   0.0810   0.0556   0.1252  -0.40    1.3
2026/04/23 07:45:06.700   3509418.3002    779149.3149   5250975.4896   2   8   0.2168   0.1007   0.1305   0.0809   0.0556   0.1252  -0.30    1.0
2026/04/23 07:45:06.800   3509418.3316    779149.3665   5250975.4607   2   8   0.2167   0.1007   0.1305   0.0809   0.0555   0.1252  -0.20    1.0
2026/04/23 07:45:06.900   3509418.3556    779149.4183   5250975.4339   2   8   0.2167   0.1006   0.1304   0.0809   0.0555   0.1252  -0.10    1.0
2026/04/23 07:45:07.000   3509418.3690    779149.4796   5250975.4100   2   8   0.2166   0.1006   0.1304   0.0809   0.0555   0.1252   0.00    1.0
2026/04/23 07:45:07.100   3509418.3774    779149.5427   5250975.3893   2   8   0.2165   0.1005   0.1304   0.0809   0.0555   0.1251   0.10    1.0
2026/04/23 07:45:07.200   3509418.3800    779149.6098   5250975.3708   2   8   0.2164   0.1005   0.1304   0.0809   0.0555   0.1251   0.20    1.0
2026/04/23 07:45:07.300   3509418.3815    779149.6752   5250975.3558   2   8   0.2162   0.1005   0.1304   0.0809   0.0555   0.1251   0.30    1.0
2026/04/23 07:45:07.400   3509418.3779    779149.7409   5250975.3442   2   8   0.2161   0.1004   0.1304   0.0809   0.0556   0.1251   0.40    1.0
2026/04/23 07:45:07.500   3509418.3723    779149.8120   5250975.3327   2   8   0.2160   0.1004   0.1304   0.0809   0.0556   0.1250  -0.50    1.1
2026/04/23 07:45:07.600   3509418.3536    779149.8792   5250975.3328   2   8   0.2159   0.1004   0.1304   0.0809   0.0556   0.1250  -0.40    1.1
2026/04/23 07:45:07.700   3509418.3248    779149.9418   5250975.3410   2   8   0.2158   0.1003   0.1303   0.0809   0.0556   0.1250  -0.30    1.1
2026/04/23 07:45:07.800   3509418.2953    779150.0068   5250975.3521   2   8   0.2157   0.1003   0.1303   0.0808   0.0556   0.1249  -0.20    1.0
2026/04/23 07:45:07.900   3509418.2537    779150.0677   5250975.3698   2   8   0.2156   0.1003   0.1303   0.0808   0.0556   0.1249  -0.10    1.1
2026/04/23 07:45:08.000   3509418.2103    779150.1221   5250975.3942   2   8   0.2155   0.1002   0.1303   0.0808   0.0556   0.1249   0.00    1.1
2026/04/23 07:45:08.100   3509418.1584    779150.1705   5250975.4159   2   8   0.2154   0.1002   0.1303   0.0808   0.0556   0.1248   0.10    1.1
2026/04/23 07:45:08.200   3509418.1200    779150.2190   5250975.4335   2   8   0.2153   0.1002   0.1303   0.0808   0.0556   0.1248   0.20    1.1
2026/04/23 07:45:08.300   3509418.0841    779150.2704   5250975.4468   2   8   0.2152   0.1001   0.1302   0.0808   0.0556   0.1248   0.30    1.1
2026/04/23 07:45:08.400   3509418.0562    779150.3205   5250975.4570   2   8   0.2151   0.1001   0.1302   0.0808   0.0556   0.1247   0.40    1.1
2026/04/23 07:45:08.500   3509418.0303    779150.3749   5250975.4650   2   8   0.2149   0.1001   0.1302   0.0808   0.0556   0.1247  -0.50    1.1
2026/04/23 07:45:08.600   3509418.0055    779150.4386   5250975.4721   2   8   0.2148   0.1000   0.1302   0.0808   0.0556   0.1247  -0.40    1.1
2026/04/23 07:45:08.700   3509417.9783    779150.5083   5250975.4748   2   8   0.2147   0.1000   0.1302   0.0808   0.0556   0.1246  -0.30    1.0
2026/04/23 07:45:08.800   3509417.9605    779150.5767   5250975.4739   2   8   0.2146   0.1000   0.1301   0.0808   0.0556   0.1246  -0.20    1.0
2026/04/23 07:45:08.900   3509417.9474    779150.6408   5250975.4673   2   8   0.2145   0.0999   0.1301   0.0807   0.0556   0.1246  -0.10    1.0
2026/04/23 07:45:09.000   3509417.9382    779150.7094   5250975.4586   2   8   0.2144   0.0999   0.1301   0.0807   0.0557   0.1245   0.00    1.0
2026/04/23 07:45:09.100   3509417.9331    779150.7801   5250975.4432   2   8   0.2143   0.0999   0.1301   0.0807   0.0557   0.1245   0.10    1.0
2026/04/23 07:45:09.200   3509417.9402    779150.8446   5250975.4253   2   8   0.2142   0.0998   0.1301   0.0807   0.0557   0.1244   0.20    1.1
2026/04/23 07:45:09.300   3509417.9520    779150.9046   5250975.4088   2   8   0.2141   0.0998   0.1300   0.0807   0.0556   0.1244   0.30    1.1
2026/04/23 07:45:09.400   3509417.9672    779150.9733   5250975.3856   2   8   0.2140   0.0997   0.1300   0.0806   0.0556   0.1244   0.40    1.1
2026/04/23 07:45:09.500   3509417.9944    779151.0422   5250975.3565   2   8   0.2139   0.0997   0.1300   0.0806   0.0556   0.1243  -0.50    1.1
2026/04/23 07:45:09.600   3509418.0276    779151.0955   5250975.3246   2   7   0.2139   0.0997   0.1300   0.0806   0.0556   0.1243  -0.40    1.4
2026/04/23 07:45:09.700   3509418.0736    779151.1319   5250975.2861   2   7   0.2138   0.0996   0.1300   0.0806   0.0556   0.1243  -0.30    1.4
2026/04/23 07:45:09.800   3509418.1319    779151.1624   5250975.2418   2   7   0.2137   0.0996   0.1300   0.0806   0.0556   0.1243  -0.20    1.4
2026/04/23 07:45:09.900   3509418.1861    779151.1896   5250975.1977   2   7   0.2137   0.0996   0.1300   0.0806   0.0556   0.1243  -0.10    1.4
2026/04/23 07:45:10.000   3509418.2441    779151.2171   5250975.1526   2   7   0.2136   0.0995   0.1300   0.0805   0.0556   0.1243   0.00    1.4
2026/04/23 07:45:10.100   3509418.2955    779151.2478   5250975.1127   2   7   0.2136   0.0995   0.1299   0.0805   0.0556   0.1243   0.10    1.4
2026/04/23 07:45:10.200   3509418.3370    779151.2823   5250975.0783   2   7   0.2135   0.0995   0.1299   0.0805   0.0556   0.1242   0.20    1.4
2026/04/23 07:45:10.300   3509418.3801    779151.3204   5250975.0494   2   7   0.2134   0.0994   0.1299   0.0805   0.0556   0.1242   0.30    1.4
2026/04/23 07:45:10.400   3509418.4224    779151.3634   5250975.0170   2   7   0.2134   0.0994   0.1299   0.0805   0.0556   0.1242   0.40    1.4
2026/04/23 07:45:10.500   3509418.4609    779151.4184   5250974.9872   2   7   0.2133   0.0994   0.1299   0.0805   0.0556   0.1242  -0.50    1.4
2026/04/23 07:45:10.600   3509418.4908    779151.4759   5250974.9558   2   7   0.2132   0.0993   0.1299   0.0804   0.0556   0.1242  -0.40    1.4
2026/04/23 07:45:10.700   3509418.5160    779151.5367   5250974.9279   2   7   0.2132   0.0993   0.1299   0.0804   0.0556   0.1242  -0.30    1.4
2026/04/23 07:45:10.800   3509418.5297    779151.5957   5250974.9097   2   7   0.2131   0.0993   0.1299   0.0804   0.0556   0.1241  -0.20    1.4
2026/04/23 07:45:10.900   3509418.5427    779151.6657   5250974.8918   2   7   0.2130   0.0992   0.1299   0.0804   0.0556   0.1241  -0.10    1.4
2026/04/23 07:45:11.000   3509418.5488    779151.7327   5250974.8736   2   7   0.2130   0.0992   0.1298   0.0804   0.0556   0.1241   0.00    1.4
2026/04/23 07:45:11.100   3509418.5578    779151.8042   5250974.8582   2   7   0.2129   0.0992   0.1298   0.0803   0.0556   0.1241   0.10    1.4
2026/04/23 07:45:11.200   3509418.5616    779151.8727   5250974.8436   2   7   0.2129   0.0991   0.1298   0.0803   0.0556   0.1241   0.20    1.4
2026/04/23 07:45:11.300   3509418.5666    779151.9430   5250974.8305   2   7   0.2128   0.0991   0.1298   0.0803   0.0556   0.1241   0.30    1.4
2026/04/23 07:45:11.400   3509418.5649    779152.0107   5250974.8181   2   7   0.2127   0.0991   0.1298   0.0803   0.0556   0.1240   0.40    1.4
2026/04/23 07:45:11.500   3509418.5590    779152.0692   5250974.8118   2   7   0.2127   0.0990   0.1298   0.0803   0.0556   0.1240  -0.50    1.4
2026/04/23 07:45:11.600   3509418.5455    779152.1301   5250974.8108   2   7   0.2126   0.0990   0.1298   0.0803   0.0556   0.1240  -0.40    1.4
2026/04/23 07:45:11.700   3509418.5315    779152.1945   5250974.8112   2   7   0.2125   0.0990   0.1297   0.0802   0.0556   0.1240  -0.30    1.4
2026/04/23 07:45:11.800   3509418.5099    779152.2627   5250974.8139   2   7   0.2125   0.0989   0.1297   0.0802   0.0556   0.1240  -0.20    1.4
2026/04/23 07:45:11.900   3509418.4768    779152.3284   5250974.8218   2   7   0.2124   0.0989   0.1297   0.0802   0.0556   0.1240  -0.10    1.4
2026/04/23 07:45:12.000   3509418.4309    779152.3860   5250974.8362   2   7   0.2123   0.0989   0.1297   0.0802   0.0556   0.1240   0.00    1.4
2026/04/23 07:45:12.100   3509418.3804    779152.4363   5250974.8569   2   7   0.2123   0.0988   0.1297   0.0802   0.0556   0.1239   0.10    1.4
2026/04/23 07:45:12.200   3509418.3328    779152.4840   5250974.8790   2   7   0.2122   0.0988   0.1297   0.0802   0.0556   0.1239   0.20    1.4
2026/04/23 07:45:12.300   3509418.2843    779152.5263   5250974.9041   2   7   0.2122   0.0988   0.1297   0.0801   0.0556   0.1239   0.30    1.4
2026/04/23 07:45:12.400   3509418.2359    779152.5684   5250974.9297   2   7   0.2121   0.0987   0.1297   0.0801   0.0556   0.1239   0.40    1.4
2026/04/23 07:45:12.500   3509418.1786    779152.6128   5250974.9545   2   7   0.2120   0.0987   0.1296   0.0801   0.0556   0.1239  -0.50    1.4
2026/04/23 07:45:12.600   3509418.1285    779152.6549   5250974.9781   2   7   0.2120   0.0987   0.1296   0.0801   0.0556   0.1239  -0.40    1.4
2026/04/23 07:45:12.700   3509418.0842    779152.6932   5250974.9956   2   7   0.2119   0.0986   0.1296   0.0801   0.0556   0.1238  -0.30    1.4
2026/04/23 07:45:12.800   3509418.0435    779152.7453   5250975.0099   2   7   0.2118   0.0986   0.1296   0.0801   0.0556   0.1238  -0.20    1.4
2026/04/23 07:45:12.900   3509418.0102    779152.8029   5250975.0187   2   7   0.2118   0.0986   0.1296   0.0800   0.0556   0.1238  -0.10    1.4
2026/04/23 07:45:13.000   3509417.9815    779152.8631   5250975.0200   2   7   0.2117   0.0985   0.1296   0.0800   0.0556   0.1238   0.00    1.4
2026/04/23 07:45:13.100   3509417.9579    779152.9240   5250975.0217   2   7   0.2116   0.0985   0.1296   0.0800   0.0556   0.1238   0.10    1.4
2026/04/23 07:45:13.200   3509417.9292    779152.9916   5250975.0196   2   7   0.2116   0.0985   0.1295   0.0800   0.0556   0.1238   0.20    1.4
2026/04/23 07:45:13.300   3509417.9101    779153.0577   5250975.0155   2   7   0.2115   0.0984   0.1295   0.0800   0.0556   0.1237   0.30    1.4
2026/04/23 07:45:13.400   3509417.8982    779153.1215   5250975.0061   2   7   0.2115   0.0984   0.1295   0.0800   0.0556   0.1237   0.40    1.4
2026/04/23 07:45:13.500   3509417.8967    779153.1874   5250974.9923   2   7   0.2114   0.0984   0.1295   0.0799   0.0556   0.1237  -0.50    1.4
2026/04/23 07:45:13.600   3509417.8989    779153.2553   5250974.9755   2   7   0.2113   0.0983   0.1295   0.0799   0.0556   0.1237  -0.40    1.4
2026/04/23 07:45:13.700   3509417.9101    779153.3242   5250974.9583   2   7   0.2113   0.0983   0.1295   0.0799   0.0556   0.1237  -0.30    1.4
2026/04/23 07:45:13.800   3509417.9246    779153.3864   5250974.9392   2   7   0.2112   0.0983   0.1295   0.0799   0.0556   0.1237  -0.20    1.4
2026/04/23 07:45:13.900   3509417.9377    779153.4455   5250974.9164   2   7   0.2111   0.0982   0.1294   0.0799   0.0556   0.1237  -0.10    1.4
2026/04/23 07:45:14.000   3509417.9648    779153.5105   5250974.8929   2   7   0.2111   0.0982   0.1294   0.0799   0.0556   0.1236   0.00    1.4
2026/04/23 07:45:14.100   3509417.9853    779153.5719   5250974.8656   2   6   0.2111   0.0982   0.1294   0.0798   0.0555   0.1237   0.10    1.2
2026/04/23 07:45:14.200   3509418.0083    779153.6260   5250974.8417   2   7   0.2110   0.0981   0.1294   0.0798   0.0555   0.1237   0.20    1.4
2026/04/23 07:45:14.300   3509418.0391    779153.6780   5250974.8093   2   7   0.2110   0.0981   0.1294   0.0798   0.0555   0.1236   0.30    1.4
2026/04/23 07:45:14.400   3509418.0889    779153.7208   5250974.7748   2   7   0.2109   0.0981   0.1294   0.0798   0.0556   0.1236   0.40    1.4
2026/04/23 07:45:14.500   3509418.1385    779153.7593   5250974.7299   2   6   0.2109   0.0980   0.1294   0.0797   0.0555   0.1237  -0.50    1.2
2026/04/23 07:45:14.600   3509418.1934    779153.7845   5250974.6850   2   6   0.2110   0.0980   0.1294   0.0796   0.0555   0.1238  -0.40    1.2
2026/04/23 07:45:14.700   3509418.2517    779153.8005   5250974.6434   2   6   0.2111   0.0980   0.1295   0.0796   0.0555   0.1238  -0.30    1.2
2026/04/23 07:45:14.800   3509418.3101    779153.8165   5250974.6002   2   6   0.2111   0.0980   0.1295   0.0795   0.0554   0.1239  -0.20    1.2
2026/04/23 07:45:14.900   3509418.3679    779153.8282   5250974.5602   2   6   0.2111   0.0979   0.1295   0.0795   0.0554   0.1240  -0.10    1.2
2026/04/23 07:45:15.000   3509418.4186    779153.8412   5250974.5212   2   6   0.2112   0.0979   0.1295   0.0795   0.0554   0.1240   0.00    1.2
2026/04/23 07:45:15.100   3509418.4682    779153.8606   5250974.4813   2   6   0.2112   0.0979   0.1296   0.0795   0.0554   0.1241   0.10    1.2
2026/04/23 07:45:15.200   3509418.5170    779153.8927   5250974.4396   2   6   0.2112   0.0978   0.1296   0.0795   0.0554   0.1242   0.20    1.2
2026/04/23 07:45:15.300   3509418.5561    779153.9284   5250974.4023   2   6   0.2112   0.0978   0.1296   0.0795   0.0554   0.1242   0.30    1.2
2026/04/23 07:45:15.400   3509418.5920    779153.9706   5250974.3685   2   6   0.2112   0.0978   0.1296   0.0795   0.0555   0.1242   0.40    1.2
2026/04/23 07:45:15.500   3509418.6272    779154.0216   5250974.3364   2   6   0.2112   0.0977   0.1297   0.0794   0.0555   0.1243  -0.50    1.2
2026/04/23 07:45:15.600   3509418.6538    779154.0748   5250974.3089   2   6   0.2112   0.0977   0.1297   0.0794   0.0555   0.1243  -0.40    1.2
2026/04/23 07:45:15.700   3509418.6751    779154.1292   5250974.2839   2   6   0.2112   0.0977   0.1297   0.0794   0.0555   0.1243  -0.30    1.2
2026/04/23 07:45:15.800   3509418.6943    779154.1863   5250974.2603   2   6   0.2111   0.0977   0.1297   0.0794   0.0555   0.1244  -0.20    1.2
2026/04/23 07:45:15.900   3509418.7150    779154.2466   5250974.2393   2   6   0.2111   0.0976   0.1297   0.0794   0.0555   0.1244  -0.10    1.2
2026/04/23 07:45:16.000   3509418.7368    779154.3121   5250974.2165   2   6   0.2111   0.0976   0.1297   0.0794   0.0555   0.1244   0.00    1.2
2026/04/23 07:45:16.100   3509418.7512    779154.3763   5250974.1966   2   6   0.2111   0.0976   0.1297   0.0794   0.0555   0.1244   0.10    1.2
2026/04/23 07:45:16.200   3509418.7650    779154.4427   5250974.1813   2   6   0.2110   0.0975   0.1297   0.0793   0.0555   0.1244   0.20    1.2
2026/04/23 07:45:16.300   3509418.7733    779154.5087   5250974.1658   2   6   0.2110   0.0975   0.1297   0.0793   0.0555   0.1244   0.30    1.2
2026/04/23 07:45:16.400   3509418.7769    779154.5763   5250974.1504   2   6   0.2110   0.0975   0.1297   0.0793   0.0555   0.1244   0.40    1.2
2026/04/23 07:45:16.500   3509418.7788    779154.6403   5250974.1392   2   6   0.2109   0.0974   0.1296   0.0793   0.0554   0.1244  -0.50    1.2
2026/04/23 07:45:16.600   3509418.7796    779154.7022   5250974.1327   2   6   0.2109   0.0974   0.1296   0.0792   0.0554   0.1244  -0.40    1.2
2026/04/23 07:45:16.700   3509418.7779    779154.7672   5250974.1277   2   6   0.2109   0.0974   0.1296   0.0792   0.0554   0.1244  -0.30    1.2
2026/04/23 07:45:16.800   3509418.7666    779154.8344   5250974.1275   2   6   0.2108   0.0974   0.1296   0.0792   0.0554   0.1244  -0.20    1.2
2026/04/23 07:45:16.900   3509418.7468    779154.8984   5250974.1341   2   6   0.2108   0.0973   0.1296   0.0792   0.0554   0.1244  -0.10    1.2
2026/04/23 07:45:17.000   3509418.7173    779154.9557   5250974.1488   2   6   0.2107   0.0973   0.1296   0.0792   0.0554   0.1244   0.00    1.2
2026/04/23 07:45:17.100   3509418.6717    779155.0164   5250974.1672   2   6   0.2107   0.0973   0.1296   0.0791   0.0554   0.1244   0.10    1.2
2026/04/23 07:45:17.200   3509418.6205    779155.0704   5250974.1907   2   6   0.2107   0.0972   0.1296   0.0791   0.0554   0.1244   0.20    1.2
2026/04/23 07:45:17.300   3509418.5755    779155.1224   5250974.2109   2   6   0.2106   0.0972   0.1296   0.0791   0.0554   0.1244   0.30    1.1
2026/04/23 07:45:17.400   3509418.5322    779155.1673   5250974.2312   2   6   0.2106   0.0972   0.1296   0.0791   0.0554   0.1244   0.40    1.1
2026/04/23 07:45:17.500   3509418.4901    779155.2131   5250974.2530   2   6   0.2105   0.0971   0.1296   0.0790   0.0554   0.1244  -0.50    1.1
2026/04/23 07:45:17.600   3509418.4559    779155.2600   5250974.2695   2   6   0.2105   0.0971   0.1295   0.0790   0.0553   0.1244  -0.40    1.1
2026/04/23 07:45:17.700   3509418.4213    779155.3141   5250974.2824   2   6   0.2105   0.0971   0.1295   0.0790   0.0553   0.1244  -0.30    1.1
2026/04/23 07:45:17.800   3509418.3878    779155.3808   5250974.2905   2   6   0.2104   0.0971   0.1295   0.0790   0.0553   0.1244  -0.20    1.1
2026/04/23 07:45:17.900   3509418.3579    779155.4564   5250974.2962   2   6   0.2104   0.0970   0.1295   0.0789   0.0553   0.1244  -0.10    1.1
2026/04/23 07:45:18.000   3509418.3382    779155.5191   5250974.2992   2   6   0.2103   0.0970   0.1295   0.0789   0.0553   0.1244   0.00    1.1
2026/04/23 07:45:18.100   3509418.3282    779155.5798   5250974.2971   2   6   0.2103   0.0970   0.1295   0.0789   0.0553   0.1244   0.10    1.1
2026/04/23 07:45:18.200   3509418.3184    779155.6429   5250974.2849   2   6   0.2102   0.0969   0.1295   0.0789   0.0553   0.1244   0.20    1.1
2026/04/23 07:45:18.300   3509418.3203    779155.7094   5250974.2688   2   6   0.2102   0.0969   0.1295   0.0788   0.0553   0.1244   0.30    1.1
2026/04/23 07:45:18.400   3509418.3227    779155.7749   5250974.2517   2   6   0.2102   0.0969   0.1295   0.0788   0.0553   0.1244   0.40    1.1
2026/04/23 07:45:18.500   3509418.3296    779155.8407   5250974.2347   2   6   0.2101   0.0968   0.1295   0.0788   0.0552   0.1244  -0.50    1.1
2026/04/23 07:45:18.600   3509418.3397    779155.9172   5250974.2162   2   6   0.2101   0.0968   0.1295   0.0788   0.0552   0.1244  -0.40    1.1
2026/04/23 07:45:18.700   3509418.3575    779155.9901   5250974.1925   2   6   0.2100   0.0968   0.1294   0.0787   0.0552   0.1244  -0.30    1.1
2026/04/23 07:45:18.800   3509418.3795    779156.0501   5250974.1697   2   6   0.2100   0.0968   0.1294   0.0787   0.0552   0.1244  -0.20    1.1
2026/04/23 07:45:18.900   3509418.4068    779156.1058   5250974.1499   2   6   0.2100   0.0967   0.1294   0.0787   0.0552   0.1244  -0.10    1.1
2026/04/23 07:45:19.000   3509418.4403    779156.1619   5250974.1231   2   6   0.2099   0.0967   0.1294   0.0787   0.0552   0.1244   0.00    1.1
2026/04/23 07:45:19.100   3509418.4816    779156.2195   5250974.0905   2   6   0.2099   0.0967   0.1294   0.0786   0.0552   0.1244   0.10    1.1
2026/04/23 07:45:19.200   3509418.5168    779156.2706   5250974.0590   2   6   0.2098   0.0966   0.1294   0.0786   0.0552   0.1244   0.20    1.1
2026/04/23 07:45:19.300   3509418.5588    779156.3176   5250974.0235   2   6   0.2098   0.0966   0.1294   0.0786   0.0552   0.1243   0.30    1.1
2026/04/23 07:45:19.400   3509418.5974    779156.3647   5250973.9883   2   6   0.2098   0.0966   0.1294   0.0786   0.0552   0.1243   0.40    1.1
2026/04/23 07:45:19.500   3509418.6393    779156.4035   5250973.9542   2   6   0.2097   0.0965   0.1294   0.0785   0.0551   0.1243  -0.50    1.1
2026/04/23 07:45:19.600   3509418.6796    779156.4285   5250973.9251   2   6   0.2097   0.0965   0.1294   0.0785   0.0551   0.1243  -0.40    1.1
2026/04/23 07:45:19.700   3509418.7255    779156.4533   5250973.8982   2   6   0.2096   0.0965   0.1293   0.0785   0.0551   0.1243  -0.30    1.1
2026/04/23 07:45:19.800   3509418.7732    779156.4826   5250973.8624   2   6   0.2096   0.0965   0.1293   0.0785   0.0551   0.1243  -0.20    1.1
2026/04/23 07:45:19.900   3509418.8249    779156.5069   5250973.8261   2   6   0.2096   0.0964   0.1293   0.0784   0.0551   0.1243  -0.10    1.1
2026/04/23 07:45:20.000   3509418.8772    779156.5248   5250973.7873   2   6   0.2095   0.0964   0.1293   0.0784   0.0551   0.1243   0.00    1.1
2026/04/23 07:45:20.100   3509418.9274    779156.5461   5250973.7506   2   6   0.2095   0.0964   0.1293   0.0784   0.0551   0.1243   0.10    1.1
2026/04/23 07:45:20.200   3509418.9803    779156.5645   5250973.7130   2   6   0.2094   0.0963   0.1293   0.0784   0.0551   0.1243   0.20    1.1
2026/04/23 07:45:20.300   3509419.0324    779156.5773   5250973.6751   2   6   0.2094   0.0963   0.1293   0.0783   0.0551   0.1243   0.30    1.1
2026/04/23 07:45:20.400   3509419.0862    779156.5827   5250973.6395   2   6   0.2094   0.0963   0.1293   0.0783   0.0550   0.1243   0.40    1.1
2026/04/23 07:45:20.500   3509419.1458    779156.5839   5250973.6016   2   6   0.2093   0.0962   0.1292   0.0783   0.0550   0.1243  -0.50    1.1
2026/04/23 07:45:20.600   3509419.2091    779156.5833   5250973.5638   2   6   0.2093   0.0962   0.1292   0.0783   0.0550   0.1243  -0.40    1.1
2026/04/23 07:45:20.700   3509419.2615    779156.5699   5250973.5342   2   6   0.2092   0.0962   0.1292   0.0782   0.0550   0.1243  -0.30    1.1
2026/04/23 07:45:20.800   3509419.3152    779156.5447   5250973.5051   2   6   0.2092   0.0962   0.1292   0.0782   0.0550   0.1243  -0.20    1.1
2026/04/23 07:45:20.900   3509419.3681    779156.5156   5250973.4759   2   6   0.2092   0.0961   0.1292   0.0782   0.0550   0.1243  -0.10    1.1
2026/04/23 07:45:21.000   3509419.4275    779156.4881   5250973.4455   2   6   0.2091   0.0961   0.1292   0.0782   0.0550   0.1243   0.00    1.1
2026/04/23 07:45:21.100   3509419.4839    779156.4591   5250973.4180   2   6   0.2091   0.0961   0.1292   0.0782   0.0550   0.1243   0.10    1.1
2026/04/23 07:45:21.200   3509419.5303    779156.4273   5250973.3955   2   6   0.2090   0.0960   0.1292   0.0781   0.0550   0.1243   0.20    1.1
2026/04/23 07:45:21.300   3509419.5830    779156.3924   5250973.3664   2   6   0.2090   0.0960   0.1291   0.0781   0.0549   0.1243   0.30    1.1
2026/04/23 07:45:21.400   3509419.6327    779156.3483   5250973.3444   2   6   0.2090   0.0960   0.1291   0.0781   0.0549   0.1243   0.40    1.1
2026/04/23 07:45:21.500   3509419.6725    779156.3069   5250973.3299   2   6   0.2089   0.0960   0.1291   0.0781   0.0549   0.1243  -0.50    1.1
2026/04/23 07:45:21.600   3509419.7007    779156.2592   5250973.3238   2   6   0.2089   0.0959   0.1291   0.0780   0.0549   0.1243  -0.40    1.1
2026/04/23 07:45:21.700   3509419.7282    779156.2053   5250973.3146   2   6   0.2089   0.0959   0.1291   0.0780   0.0549   0.1243  -0.30    1.1
2026/04/23 07:45:21.800   3509419.7544    779156.1520   5250973.3031   2   6   0.2088   0.0959   0.1291   0.0780   0.0549   0.1243  -0.20    1.1
2026/04/23 07:45:21.900   3509419.7820    779156.0997   5250973.2973   2   6   0.2088   0.0958   0.1291   0.0780   0.0549   0.1243  -0.10    1.1
2026/04/23 07:45:22.000   3509419.8016    779156.0478   5250973.2942   2   6   0.2087   0.0958   0.1290   0.0779   0.0549   0.1243   0.00    1.1
2026/04/23 07:45:22.100   3509419.8282    779155.9884   5250973.2919   2   6   0.2087   0.0958   0.1290   0.0779   0.0549   0.1243   0.10    1.1
2026/04/23 07:45:22.200   3509419.8530    779155.9306   5250973.2896   2   6   0.2087   0.0957   0.1290   0.0779   0.0549   0.1242   0.20    1.1
2026/04/23 07:45:22.300   3509419.8720    779155.8708   5250973.2898   2   6   0.2086   0.0957   0.1290   0.0779   0.0548   0.1242   0.30    1.1
2026/04/23 07:45:22.400   3509419.8833    779155.8100   5250973.2915   2   6   0.2086   0.0957   0.1290   0.0779   0.0548   0.1242   0.40    1.1
2026/04/23 07:45:22.500   3509419.9024    779155.7436   5250973.2924   2   6   0.2086   0.0957   0.1290   0.0778   0.0548   0.1242  -0.50    1.1
2026/04/23 07:45:22.600   3509419.9145    779155.6806   5250973.2878   2   6   0.2085   0.0956   0.1290   0.0778   0.0548   0.1242  -0.40    1.1
2026/04/23 07:45:22.700   3509419.9247    779155.6208   5250973.2940   2   6   0.2085   0.0956   0.1290   0.0778   0.0548   0.1242  -0.30    1.1
2026/04/23 07:45:22.800   3509419.9222    779155.5662   5250973.3035   2   6   0.2084   0.0956   0.1289   0.0778   0.0548   0.1242  -0.20    1.1
2026/04/23 07:45:22.900   3509419.9175    779155.5039   5250973.3156   2   6   0.2084   0.0955   0.1289   0.0778   0.0548   0.1242  -0.10    1.1
2026/04/23 07:45:23.000   3509419.9089    779155.4423   5250973.3317   2   6   0.2083   0.0955   0.1289   0.0778   0.0548   0.1242   0.00    1.1
2026/04/23 07:45:23.100   3509419.8958    779155.3850   5250973.3518   2   6   0.2082   0.0955   0.1289   0.0777   0.0548   0.1242   0.10    1.1
2026/04/23 07:45:23.200   3509419.8787    779155.3283   5250973.3779   2   7   0.2082   0.0954   0.1288   0.0777   0.0548   0.1241   0.20    1.0
2026/04/23 07:45:23.300   3509419.8578    779155.2681   5250973.4068   2   7   0.2081   0.0954   0.1288   0.0777   0.0548   0.1241   0.30    1.0
2026/04/23 07:45:23.400   3509419.8315    779155.2177   5250973.4333   2   7   0.2081   0.0954   0.1288   0.0777   0.0548   0.1241   0.40    1.0
2026/04/23 07:45:23.500   3509419.7980    779155.1714   5250973.4609   2   7   0.2080   0.0954   0.1288   0.0777   0.0548   0.1241  -0.50    1.0
2026/04/23 07:45:23.600   3509419.7716    779155.1159   5250973.4912   2   7   0.2079   0.0953   0.1288   0.0777   0.0548   0.1241  -0.40    1.0
2026/04/23 07:45:23.700   3509419.7367    779155.0644   5250973.5250   2   7   0.2079   0.0953   0.1287   0.0777   0.0548   0.1240  -0.30    1.0
2026/04/23 07:45:23.800   3509419.6982    779155.0256   5250973.5576   2   7   0.2078   0.0952   0.1287   0.0777   0.0548   0.1240  -0.20    1.0
2026/04/23 07:45:23.900   3509419.6593    779154.9846   5250973.5909   2   7   0.2077   0.0952   0.1287   0.0777   0.0548   0.1240  -0.10    1.0
2026/04/23 07:45:24.000   3509419.6140    779154.9453   5250973.6297   2   7   0.2076   0.0952   0.1287   0.0777   0.0548   0.1239   0.00    1.1
2026/04/23 07:45:24.100   3509419.5687    779154.9087   5250973.6684   2   7   0.2075   0.0951   0.1286   0.0777   0.0548   0.1239   0.10    1.1
2026/04/23 07:45:24.200   3509419.5285    779154.8863   5250973.7042   2   7   0.2074   0.0951   0.1286   0.0777   0.0548   0.1238   0.20    1.1
2026/04/23 07:45:24.300   3509419.4805    779154.8709   5250973.7381   2   7   0.2073   0.0951   0.1286   0.0777   0.0548   0.1238   0.30    1.1
2026/04/23 07:45:24.400   3509419.4371    779154.8541   5250973.7758   2   7   0.2073   0.0950   0.1285   0.0777   0.0548   0.1238   0.40    1.1
2026/04/23 07:45:24.500   3509419.3890    779154.8400   5250973.8184   2   7   0.2072   0.0950   0.1285   0.0777   0.0548   0.1237  -0.50    1.1
2026/04/23 07:45:24.600   3509419.3424    779154.8320   5250973.8537   2   7   0.2071   0.0950   0.1285   0.0777   0.0548   0.1237  -0.40    1.1
2026/04/23 07:45:24.700   3509419.2904    779154.8318   5250973.8912   2   7   0.2070   0.0950   0.1284   0.0777   0.0548   0.1236  -0.30    1.1
2026/04/23 07:45:24.800   3509419.2373    779154.8336   5250973.9291   2   7   0.2069   0.0949   0.1284   0.0777   0.0548   0.1236  -0.20    1.1
2026/04/23 07:45:24.900   3509419.1799    779154.8414   5250973.9628   2   7   0.2068   0.0949   0.1283   0.0777   0.0548   0.1235  -0.10    1.1
2026/04/23 07:45:25.000   3509419.1280    779154.8494   5250973.9948   2   7   0.2068   0.0949   0.1283   0.0777   0.0548   0.1235   0.00    1.1
2026/04/23 07:45:25.100   3509419.0760    779154.8643   5250974.0304   2   7   0.2067   0.0948   0.1282   0.0776   0.0547   0.1234   0.10    1.1
2026/04/23 07:45:25.200   3509419.0209    779154.8842   5250974.0645   2   7   0.2066   0.0948   0.1282   0.0776   0.0547   0.1234   0.20    1.2
2026/04/23 07:45:25.300   3509418.9628    779154.9089   5250974.0946   2   7   0.2065   0.0948   0.1282   0.0776   0.0547   0.1233   0.30    1.2
2026/04/23 07:45:25.400   3509418.9050    779154.9378   5250974.1225   2   7   0.2064   0.0947   0.1281   0.0776   0.0547   0.1233   0.40    1.2
2026/04/23 07:45:25.500   3509418.8593    779154.9718   5250974.1506   2   7   0.2064   0.0947   0.1281   0.0776   0.0547   0.1233  -0.50    1.2
2026/04/23 07:45:25.600   3509418.7994    779155.0035   5250974.1869   2   7   0.2063   0.0947   0.1280   0.0776   0.0547   0.1232  -0.40    1.2
2026/04/23 07:45:25.700   3509418.7511    779155.0348   5250974.2133   2   7   0.2062   0.0947   0.1280   0.0775   0.0547   0.1232  -0.30    1.2
2026/04/23 07:45:25.800   3509418.7019    779155.0760   5250974.2379   2   7   0.2061   0.0946   0.1280   0.0775   0.0547   0.1231  -0.20    1.2
2026/04/23 07:45:25.900   3509418.6656    779155.1239   5250974.2570   2   7   0.2061   0.0946   0.1279   0.0775   0.0547   0.1231  -0.10    1.2
2026/04/23 07:45:26.000   3509418.6257    779155.1768   5250974.2713   2   7   0.2060   0.0946   0.1279   0.0775   0.0546   0.1231   0.00    1.2
2026/04/23 07:45:26.100   3509418.5954    779155.2317   5250974.2806   2   7   0.2059   0.0945   0.1279   0.0775   0.0546   0.1230   0.10    1.2
2026/04/23 07:45:26.200   3509418.5658    779155.2859   5250974.2912   2   7   0.2059   0.0945   0.1278   0.0775   0.0546   0.1230   0.20    1.2
2026/04/23 07:45:26.300   3509418.5325    779155.3477   5250974.3013   2   7   0.2058   0.0945   0.1278   0.0774   0.0546   0.1230   0.30    1.2
2026/04/23 07:45:26.400   3509418.4949    779155.4078   5250974.3154   2   7   0.2057   0.0944   0.1278   0.0774   0.0546   0.1229   0.40    1.2
2026/04/23 07:45:26.500   3509418.4690    779155.4698   5250974.3228   2   7   0.2057   0.0944   0.1277   0.0774   0.0546   0.1229  -0.50    1.2
2026/04/23 07:45:26.600   3509418.4377    779155.5205   5250974.3289   2   7   0.2056   0.0944   0.1277   0.0774   0.0546   0.1229  -0.40    1.2
2026/04/23 07:45:26.700   3509418.4214    779155.5421   5250974.3300   2   7   0.2055   0.0944   0.1277   0.0774   0.0546   0.1228  -0.30    1.2
2026/04/23 07:45:26.800   3509418.4263    779155.5360   5250974.3266   2   7   0.2055   0.0943   0.1276   0.0774   0.0546   0.1228  -0.20    1.2
2026/04/23 07:45:26.900   3509418.4424    779155.5168   5250974.3216   2   7   0.2054   0.0943   0.1276   0.0774   0.0546   0.1228  -0.10    1.2
2026/04/23 07:45:27.000   3509418.4565    779155.4965   5250974.3160   2   7   0.2053   0.0943   0.1276   0.0773   0.0545   0.1227   0.00    1.2
2026/04/23 07:45:27.100   3509418.4705    779155.4769   5250974.3119   2   7   0.2053   0.0942   0.1275   0.0773   0.0545   0.1227   0.10    1.2
2026/04/23 07:45:27.200   3509418.4768    779155.4489   5250974.3154   2   7   0.2052   0.0942   0.1275   0.0773   0.0545   0.1227   0.20    1.2
2026/04/23 07:45:27.300   3509418.4573    779155.3618   5250974.3268   2   6   0.2052   0.0942   0.1275   0.0772   0.0545   0.1227   0.30    1.1
2026/04/23 07:45:27.400   3509418.4418    779155.2515   5250974.3383   2   7   0.2051   0.0942   0.1275   0.0773   0.0545   0.1227   0.40    1.2
2026/04/23 07:45:27.500   3509418.4222    779155.1610   5250974.3423   2   7   0.2051   0.0941   0.1275   0.0773   0.0545   0.1227  -0.50    1.2
2026/04/23 07:45:27.600   3509418.3915    779155.0869   5250974.3480   2   7   0.2050   0.0941   0.1274   0.0773   0.0545   0.1226  -0.40    1.2
2026/04/23 07:45:27.700   3509418.3903    779155.0198   5250974.3706   2   6   0.2050   0.0941   0.1274   0.0772   0.0544   0.1227  -0.30    1.1
2026/04/23 07:45:27.800   3509418.3860    779154.9628   5250974.3939   2   6   0.2051   0.0941   0.1274   0.0771   0.0544   0.1227  -0.20    1.0
2026/04/23 07:45:27.900   3509418.3667    779154.8880   5250974.4197   2   6   0.2051   0.0940   0.1274   0.0770   0.0544   0.1228  -0.10    1.0
2026/04/23 07:45:28.000   3509418.3377    779154.8093   5250974.4509   2   6   0.2051   0.0940   0.1274   0.0770   0.0543   0.1228   0.00    1.0
2026/04/23 07:45:28.100   3509418.2992    779154.7322   5250974.4856   2   6   0.2051   0.0940   0.1275   0.0770   0.0543   0.1229   0.10    1.0
2026/04/23 07:45:28.200   3509418.2534    779154.6045   5250974.5388   2   6   0.2052   0.0940   0.1275   0.0769   0.0543   0.1229   0.20    1.0
2026/04/23 07:45:28.300   3509418.2063    779154.4668   5250974.5976   2   6   0.2052   0.0939   0.1275   0.0769   0.0543   0.1230   0.30    1.0
2026/04/23 07:45:28.400   3509418.1434    779154.3547   5250974.6487   2   6   0.2052   0.0939   0.1275   0.0769   0.0543   0.1230   0.40    1.0
2026/04/23 07:45:28.500   3509418.0903    779154.2726   5250974.6959   2   6   0.2052   0.0939   0.1275   0.0769   0.0543   0.1230  -0.50    1.0
2026/04/23 07:45:28.600   3509418.0514    779154.2286   5250974.7289   2   6   0.2052   0.0938   0.1275   0.0769   0.0543   0.1231  -0.40    1.0
2026/04/23 07:45:28.700   3509418.0290    779154.2172   5250974.7486   2   6   0.2051   0.0938   0.1275   0.0769   0.0543   0.1231  -0.30    1.0
2026/04/23 07:45:28.800   3509418.0214    779154.2309   5250974.7558   2   6   0.2051   0.0938   0.1275   0.0769   0.0543   0.1231  -0.20    1.0
2026/04/23 07:45:28.900   3509418.0191    779154.2618   5250974.7585   2   6   0.2051   0.0938   0.1275   0.0769   0.0543   0.1231  -0.10    1.0
2026/04/23 07:45:29.000   3509417.9825    779154.2603   5250974.7867   2   6   0.2051   0.0937   0.1275   0.0768   0.0543   0.1231   0.00    1.0
2026/04/23 07:45:29.100   3509417.9286    779154.1940   5250974.8369   2   6   0.2050   0.0937   0.1275   0.0768   0.0542   0.1231   0.10    1.0
2026/04/23 07:45:29.200   3509417.8855    779154.0959   5250974.8883   2   6   0.2050   0.0937   0.1275   0.0768   0.0542   0.1231   0.20    1.0
2026/04/23 07:45:29.300   3509417.8629    779154.0330   5250974.9122   2   6   0.2050   0.0937   0.1275   0.0768   0.0542   0.1231   0.30    1.0
2026/04/23 07:45:29.400   3509417.8772    779153.9950   5250974.9123   2   6   0.2050   0.0936   0.1275   0.0768   0.0542   0.1231   0.40    1.0
2026/04/23 07:45:29.500   3509417.8955    779153.9843   5250974.9028   2   6   0.2049   0.0936   0.1274   0.0767   0.0542   0.1231  -0.50    1.0
2026/04/23 07:45:29.600   3509417.9142    779153.9897   5250974.8942   2   6   0.2049   0.0936   0.1274   0.0767   0.0542   0.1231  -0.40    1.0
2026/04/23 07:45:29.700   3509417.9197    779154.0051   5250974.8889   2   6   0.2048   0.0935   0.1274   0.0767   0.0542   0.1231  -0.30    1.0
2026/04/23 07:45:29.800   3509417.9126    779154.0076   5250974.8929   2   6   0.2048   0.0935   0.1274   0.0767   0.0542   0.1231  -0.20    1.0
2026/04/23 07:45:29.900   3509417.9077    779153.9761   5250974.9079   2   6   0.2048   0.0935   0.1274   0.0767   0.0541   0.1231  -0.10    1.0
2026/04/23 07:45:30.000   3509417.9065    779153.9113   5250974.9194   2   6   0.2047   0.0935   0.1273   0.0766   0.0541   0.1231   0.00    1.0
2026/04/23 07:45:30.100   3509417.9164    779153.8507   5250974.9206   2   6   0.2047   0.0934   0.1273   0.0766   0.0541   0.1231   0.10    1.0
2026/04/23 07:45:30.200   3509417.9293    779153.8157   5250974.9133   2   6   0.2047   0.0934   0.1273   0.0766   0.0541   0.1231   0.20    1.0
2026/04/23 07:45:30.300   3509417.9407    779153.8054   5250974.9086   2   6   0.2046   0.0934   0.1273   0.0766   0.0541   0.1231   0.30    1.0
2026/04/23 07:45:30.400   3509417.9419    779153.8111   5250974.9058   2   6   0.2046   0.0934   0.1272   0.0765   0.0541   0.1231   0.40    1.0
2026/04/23 07:45:30.500   3509417.9283    779153.8169   5250974.9210   2   6   0.2045   0.0933   0.1272   0.0765   0.0541   0.1230  -0.50    1.0
2026/04/23 07:45:30.600   3509417.9027    779153.7684   5250974.9552   2   6   0.2045   0.0933   0.1272   0.0765   0.0540   0.1230  -0.40    1.0
2026/04/23 07:45:30.700   3509417.8839    779153.6558   5250974.9830   2   6   0.2045   0.0933   0.1272   0.0765   0.0540   0.1230  -0.30    1.0
2026/04/23 07:45:30.800   3509417.8905    779153.5628   5250975.0011   2   6   0.2044   0.0932   0.1271   0.0765   0.0540   0.1230  -0.20    1.0
2026/04/23 07:45:30.900   3509417.9069    779153.5179   5250974.9849   2   6   0.2044   0.0932   0.1271   0.0764   0.0540   0.1230  -0.10    1.0
2026/04/23 07:45:31.000   3509417.9222    779153.4970   5250974.9721   2   6   0.2043   0.0932   0.1271   0.0764   0.0540   0.1230   0.00    1.0
2026/04/23 07:45:31.100   3509417.9287    779153.4918   5250974.9619   2   6   0.2043   0.0932   0.1271   0.0764   0.0540   0.1230   0.10    1.0
2026/04/23 07:45:31.200   3509417.9240    779153.4992   5250974.9618   2   6   0.2043   0.0931   0.1270   0.0764   0.0539   0.1230   0.20    1.0
2026/04/23 07:45:31.300   3509417.9055    779153.4704   5250974.9859   2   6   0.2042   0.0931   0.1270   0.0763   0.0539   0.1230   0.30    1.0
2026/04/23 07:45:31.400   3509417.8936    779153.3667   5250975.0129   2   6   0.2042   0.0931   0.1270   0.0763   0.0539   0.1230   0.40    1.0
2026/04/23 07:45:31.500   3509417.9129    779153.2419   5250975.0250   2   6   0.2041   0.0931   0.1270   0.0763   0.0539   0.1229  -0.50    1.0
2026/04/23 07:45:31.600   3509417.9490    779153.1565   5250975.0184   2   6   0.2041   0.0930   0.1269   0.0763   0.0539   0.1229  -0.40    1.0
2026/04/23 07:45:31.700   3509417.9845    779153.0974   5250975.0031   2   6   0.2041   0.0930   0.1269   0.0763   0.0539   0.1229  -0.30    1.0
2026/04/23 07:45:31.800   3509418.0114    779153.0663   5250974.9897   2   6   0.2040   0.0930   0.1269   0.0762   0.0539   0.1229  -0.20    1.0
2026/04/23 07:45:31.900   3509418.0263    779153.0604   5250974.9841   2   6   0.2040   0.0929   0.1269   0.0762   0.0538   0.1229  -0.10    1.0
2026/04/23 07:45:32.000   3509418.0263    779153.0698   5250974.9825   2   6   0.2040   0.0929   0.1268   0.0762   0.0538   0.1229   0.00    1.0
2026/04/23 07:45:32.100   3509418.0182    779153.0338   5250974.9915   2   6   0.2039   0.0929   0.1268   0.0762   0.0538   0.1229   0.10    1.0
2026/04/23 07:45:32.200   3509418.0252    779152.9409   5250974.9945   2   6   0.2039   0.0929   0.1268   0.0761   0.0538   0.1229   0.20    1.0
2026/04/23 07:45:32.300   3509418.0437    779152.8407   5250974.9890   2   6   0.2038   0.0928   0.1268   0.0761   0.0538   0.1229   0.30    1.0
2026/04/23 07:45:32.400   3509418.0651    779152.7618   5250974.9789   2   6   0.2038   0.0928   0.1267   0.0761   0.0538   0.1229   0.40    1.0
2026/04/23 07:45:32.500   3509418.0799    779152.7049   5250974.9751   2   6   0.2038   0.0928   0.1267   0.0761   0.0537   0.1228  -0.50    1.0
2026/04/23 07:45:32.600   3509418.0785    779152.6732   5250974.9745   2   6   0.2037   0.0927   0.1267   0.0761   0.0537   0.1228  -0.40    1.0
2026/04/23 07:45:32.700   3509418.0749    779152.6689   5250974.9729   2   6   0.2037   0.0927   0.1267   0.0760   0.0537   0.1228  -0.30    1.0
2026/04/23 07:45:32.800   3509418.0672    779152.6605   5250974.9809   2   6   0.2036   0.0927   0.1266   0.0760   0.0537   0.1228  -0.20    1.0
2026/04/23 07:45:32.900   3509418.0699    779152.6088   5250974.9859   2   6   0.2036   0.0927   0.1266   0.0760   0.0537   0.1228  -0.10    1.0
2026/04/23 07:45:33.000   3509418.0782    779152.5523   5250974.9853   2   6   0.2036   0.0926   0.1266   0.0760   0.0537   0.1228   0.00    1.0
2026/04/23 07:45:33.100   3509418.0812    779152.5135   5250974.9791   2   6   0.2035   0.0926   0.1266   0.0759   0.0536   0.1228   0.10    1.0
2026/04/23 07:45:33.200   3509418.0817    779152.4970   5250974.9760   2   6   0.2035   0.0926   0.1265   0.0759   0.0536   0.1228   0.20    1.0
2026/04/23 07:45:33.300   3509418.0797    779152.4994   5250974.9793   2   6   0.2034   0.0926   0.1265   0.0759   0.0536   0.1227   0.30    1.0
2026/04/23 07:45:33.400   3509418.0617    779152.4662   5250974.9999   2   6   0.2034   0.0925   0.1265   0.0759   0.0536   0.1227   0.40    1.0
2026/04/23 07:45:33.500   3509418.0492    779152.3746   5250975.0174   2   6   0.2034   0.0925   0.1265   0.0759   0.0536   0.1227  -0.50    1.0
2026/04/23 07:45:33.600   3509418.0554    779152.2582   5250975.0277   2   6   0.2033   0.0925   0.1264   0.0758   0.0536   0.1227  -0.40    1.0
2026/04/23 07:45:33.700   3509418.0629    779152.1751   5250975.0284   2   6   0.2033   0.0924   0.1264   0.0758   0.0535   0.1227  -0.30    1.0
2026/04/23 07:45:33.800   3509418.0661    779152.1141   5250975.0277   2   6   0.2032   0.0924   0.1264   0.0758   0.0535   0.1227  -0.20    1.0
2026/04/23 07:45:33.900   3509418.0663    779152.0842   5250975.0216   2   6   0.2032   0.0924   0.1263   0.0758   0.0535   0.1227  -0.10    1.0
2026/04/23 07:45:34.000   3509418.0541    779152.0675   5250975.0216   2   6   0.2032   0.0924   0.1263   0.0757   0.0535   0.1227   0.00    1.0
2026/04/23 07:45:34.100   3509418.0310    779152.0054   5250975.0374   2   6   0.2031   0.0923   0.1263   0.0757   0.0535   0.1226   0.10    1.0
2026/04/23 07:45:34.200   3509418.0252    779151.8835   5250975.0602   2   6   0.2031   0.0923   0.1263   0.0757   0.0534   0.1226   0.20    1.0
2026/04/23 07:45:34.300   3509418.0194    779151.7996   5250975.0661   2   6   0.2030   0.0923   0.1262   0.0757   0.0534   0.1226   0.30    1.0
2026/04/23 07:45:34.400   3509418.0235    779151.7376   5250975.0702   2   6   0.2030   0.0923   0.1262   0.0757   0.0534   0.1226   0.40    1.0
2026/04/23 07:45:34.500   3509418.0273    779151.7011   5250975.0694   2   6   0.2030   0.0922   0.1262   0.0756   0.0534   0.1226  -0.50    1.0
2026/04/23 07:45:34.600   3509418.0278    779151.6953   5250975.0643   2   6   0.2029   0.0922   0.1261   0.0756   0.0534   0.1226  -0.40    1.0
2026/04/23 07:45:34.700   3509418.0220    779151.7095   5250975.0564   2   6   0.2029   0.0922   0.1261   0.0756   0.0534   0.1226  -0.30    1.0
2026/04/23 07:45:34.800   3509418.0034    779151.7288   5250975.0614   2   6   0.2028   0.0922   0.1261   0.0756   0.0533   0.1225  -0.20    1.0
2026/04/23 07:45:34.900   3509417.9790    779151.6929   5250975.0810   2   6   0.2028   0.0921   0.1260   0.0755   0.0533   0.1225  -0.10    1.0
2026/04/23 07:45:35.000   3509417.9610    779151.5946   5250975.1012   2   6   0.2028   0.0921   0.1260   0.0755   0.0533   0.1225   0.00    1.0
2026/04/23 07:45:35.100   3509417.9609    779151.5300   5250975.1037   2   6   0.2027   0.0921   0.1260   0.0755   0.0533   0.1225   0.10    1.0
2026/04/23 07:45:35.200   3509417.9744    779151.4973   5250975.0947   2   6   0.2027   0.0920   0.1260   0.0755   0.0533   0.1225   0.20    1.0
2026/04/23 07:45:35.300   3509417.9832    779151.4861   5250975.0832   2   6   0.2026   0.0920   0.1259   0.0755   0.0532   0.1225   0.30    1.0
2026/04/23 07:45:35.400   3509417.9762    779151.4904   5250975.0854   2   6   0.2026   0.0920   0.1259   0.0754   0.0532   0.1225   0.40    1.0
2026/04/23 07:45:35.500   3509417.9512    779151.4560   5250975.1084   2   6   0.2026   0.0920   0.1259   0.0754   0.0532   0.1224  -0.50    1.0
2026/04/23 07:45:35.600   3509417.9302    779151.3444   5250975.1349   2   6   0.2025   0.0919   0.1258   0.0754   0.0532   0.1224  -0.40    1.0
2026/04/23 07:45:35.700   3509417.9318    779151.1692   5250975.1528   2   6   0.2025   0.0919   0.1258   0.0754   0.0532   0.1224  -0.30    1.0
2026/04/23 07:45:35.800   3509417.9587    779151.0529   5250975.1488   2   6   0.2024   0.0919   0.1258   0.0753   0.0532   0.1224  -0.20    1.0
2026/04/23 07:45:35.900   3509418.0011    779150.9726   5250975.1317   2   6   0.2024   0.0919   0.1257   0.0753   0.0531   0.1224  -0.10    1.0
2026/04/23 07:45:36.000   3509418.0342    779150.9316   5250975.1146   2   6   0.2024   0.0918   0.1257   0.0753   0.0531   0.1224   0.00    1.0
2026/04/23 07:45:36.100   3509418.0491    779150.9237   5250975.1004   2   6   0.2023   0.0918   0.1257   0.0753   0.0531   0.1224   0.10    1.0
2026/04/23 07:45:36.200   3509418.0586    779150.9341   5250975.0941   2   6   0.2023   0.0918   0.1256   0.0753   0.0531   0.1223   0.20    1.0
2026/04/23 07:45:36.300   3509418.0565    779150.9538   5250975.0944   2   6   0.2022   0.0917   0.1256   0.0752   0.0531   0.1223   0.30    1.0
2026/04/23 07:45:36.400   3509418.0522    779150.9219   5250975.1049   2   6   0.2022   0.0917   0.1256   0.0752   0.0530   0.1223   0.40    1.0
2026/04/23 07:45:36.500   3509418.0629    779150.8333   5250975.1137   2   6   0.2022   0.0917   0.1256   0.0752   0.0530   0.1223  -0.50    1.0
2026/04/23 07:45:36.600   3509418.0879    779150.7636   5250975.1116   2   6   0.2021   0.0917   0.1255   0.0752   0.0530   0.1223  -0.40    1.0
2026/04/23 07:45:36.700   3509418.1084    779150.7044   5250975.1079   2   6   0.2021   0.0916   0.1255   0.0751   0.0530   0.1223  -0.30    1.0
2026/04/23 07:45:36.800   3509418.1171    779150.6683   5250975.1087   2   6   0.2020   0.0916   0.1255   0.0751   0.0530   0.1223  -0.20    1.0
2026/04/23 07:45:36.900   3509418.1188    779150.6575   5250975.1116   2   6   0.2020   0.0916   0.1254   0.0751   0.0530   0.1222  -0.10    1.0
2026/04/23 07:45:37.000   3509418.1089    779150.6148   5250975.1316   2   6   0.2020   0.0916   0.1254   0.0751   0.0529   0.1222   0.00    1.0
2026/04/23 07:45:37.100   3509418.1013    779150.5113   5250975.1546   2   6   0.2019   0.0915   0.1254   0.0751   0.0529   0.1222   0.10    1.0
2026/04/23 07:45:37.200   3509418.0996    779150.4378   5250975.1700   2   6   0.2019   0.0915   0.1253   0.0750   0.0529   0.1222   0.20    1.0
2026/04/23 07:45:37.300   3509418.1001    779150.3764   5250975.1780   2   6   0.2018   0.0915   0.1253   0.0750   0.0529   0.1222   0.30    1.0
2026/04/23 07:45:37.400   3509418.1054    779150.3417   5250975.1837   2   6   0.2018   0.0915   0.1253   0.0750   0.0529   0.1222   0.40    1.0
2026/04/23 07:45:37.500   3509418.1007    779150.3231   5250975.1885   2   6   0.2018   0.0914   0.1252   0.0750   0.0528   0.1221  -0.50    1.0
2026/04/23 07:45:37.600   3509418.0873    779150.2551   5250975.2030   2   6   0.2017   0.0914   0.1252   0.0749   0.0528   0.1221  -0.40    1.0
2026/04/23 07:45:37.700   3509418.0684    779150.1091   5250975.2320   2   6   0.2017   0.0914   0.1252   0.0749   0.0528   0.1221  -0.30    1.0
2026/04/23 07:45:37.800   3509418.0578    779149.9916   5250975.2496   2   6   0.2016   0.0914   0.1251   0.0749   0.0528   0.1221  -0.20    1.0
2026/04/23 07:45:37.900   3509418.0454    779149.8893   5250975.2637   2   6   0.2016   0.0913   0.1251   0.0749   0.0528   0.1221  -0.10    1.0
2026/04/23 07:45:38.000   3509418.0336    779149.8112   5250975.2755   2   6   0.2016   0.0913   0.1251   0.0749   0.0527   0.1221   0.00    1.0
2026/04/23 07:45:38.100   3509418.0266    779149.7657   5250975.2837   2   6   0.2015   0.0913   0.1250   0.0748   0.0527   0.1220   0.10    1.0
2026/04/23 07:45:38.200   3509418.0134    779149.7522   5250975.2868   2   6   0.2015   0.0912   0.1250   0.0748   0.0527   0.1220   0.20    1.0
2026/04/23 07:45:38.300   3509417.9943    779149.7181   5250975.2979   2   6   0.2014   0.0912   0.1250   0.0748   0.0527   0.1220   0.30    1.0
2026/04/23 07:45:38.400   3509417.9810    779149.6388   5250975.3208   2   6   0.2014   0.0912   0.1249   0.0748   0.0527   0.1220   0.40    1.0
2026/04/23 07:45:38.500   3509417.9907    779149.5647   5250975.3259   2   6   0.2014   0.0912   0.1249   0.0747   0.0526   0.1220  -0.50    1.0
2026/04/23 07:45:38.600   3509418.0095    779149.5250   5250975.3122   2   6   0.2013   0.0911   0.1249   0.0747   0.0526   0.1219  -0.40    1.0
2026/04/23 07:45:38.700   3509418.0269    779149.5122   5250975.2978   2   6   0.2013   0.0911   0.1248   0.0747   0.0526   0.1219  -0.30    1.0
2026/04/23 07:45:38.800   3509418.0295    779149.5203   5250975.2856   2   6   0.2012   0.0911   0.1248   0.0747   0.0526   0.1219  -0.20    1.0
2026/04/23 07:45:38.900   3509418.0171    779149.5218   5250975.2844   2   6   0.2012   0.0911   0.1247   0.0747   0.0526   0.1219  -0.10    1.0
2026/04/23 07:45:39.000   3509418.0027    779149.4691   5250975.3019   2   6   0.2012   0.0910   0.1247   0.0746   0.0525   0.1219   0.00    1.0
2026/04/23 07:45:39.100   3509418.0110    779149.3401   5250975.3119   2   6   0.2011   0.0910   0.1247   0.0746   0.0525   0.1219   0.10    1.0
2026/04/23 07:45:39.200   3509418.0321    779149.2175   5250975.3117   2   6   0.2011   0.0910   0.1246   0.0746   0.0525   0.1218   0.20    1.0
2026/04/23 07:45:39.300   3509418.0721    779149.1468   5250975.2899   2   6   0.2010   0.0910   0.1246   0.0746   0.0525   0.1218   0.30    1.0
2026/04/23 07:45:39.400   3509418.1151    779149.1025   5250975.2626   2   6   0.2010   0.0909   0.1246   0.0745   0.0525   0.1218   0.40    1.0
2026/04/23 07:45:39.500   3509418.1439    779149.0843   5250975.2396   2   6   0.2010   0.0909   0.1245   0.0745   0.0524   0.1218  -0.50    1.0
2026/04/23 07:45:39.600   3509418.1534    779149.0837   5250975.2281   2   6   0.2009   0.0909   0.1245   0.0745   0.0524   0.1218  -0.40    1.0
2026/04/23 07:45:39.700   3509418.1485    779149.0557   5250975.2353   2   6   0.2009   0.0908   0.1245   0.0745   0.0524   0.1217  -0.30    1.0
2026/04/23 07:45:39.800   3509418.1434    779148.9784   5250975.2436   2   6   0.2008   0.0908   0.1244   0.0745   0.0524   0.1217  -0.20    1.0
2026/04/23 07:45:39.900   3509418.1823    779148.8655   5250975.2357   2   6   0.2008   0.0908   0.1244   0.0744   0.0523   0.1217  -0.10    1.0
2026/04/23 07:45:40.000   3509418.2186    779148.7727   5250975.2158   2   6   0.2007   0.0908   0.1244   0.0744   0.0523   0.1217   0.00    1.0
2026/04/23 07:45:40.100   3509418.2691    779148.6914   5250975.1958   2   6   0.2007   0.0907   0.1243   0.0744   0.0523   0.1217   0.10    1.0
2026/04/23 07:45:40.200   3509418.2997    779148.6305   5250975.1838   2   6   0.2007   0.0907   0.1243   0.0744   0.0523   0.1217   0.20    1.0
2026/04/23 07:45:40.300   3509418.3094    779148.5914   5250975.1833   2   6   0.2006   0.0907   0.1242   0.0743   0.0523   0.1216   0.30    1.0
2026/04/23 07:45:40.400   3509418.3145    779148.5174   5250975.1927   2   6   0.2006   0.0907   0.1242   0.0743   0.0522   0.1216   0.40    1.0
2026/04/23 07:45:40.500   3509418.3328    779148.4004   5250975.1929   2   6   0.2005   0.0906   0.1242   0.0743   0.0522   0.1216  -0.50    1.0
2026/04/23 07:45:40.600   3509418.3564    779148.3083   5250975.1879   2   6   0.2005   0.0906   0.1241   0.0743   0.0522   0.1216  -0.40    1.0
2026/04/23 07:45:40.700   3509418.3669    779148.2329   5250975.1840   2   6   0.2005   0.0906   0.1241   0.0743   0.0522   0.1216  -0.30    1.0
2026/04/23 07:45:40.800   3509418.3740    779148.1804   5250975.1901   2   6   0.2004   0.0906   0.1241   0.0742   0.0522   0.1215  -0.20    1.0
2026/04/23 07:45:40.900   3509418.3730    779148.1467   5250975.1978   2   6   0.2004   0.0905   0.1240   0.0742   0.0521   0.1215  -0.10    1.0
2026/04/23 07:45:41.000   3509418.3604    779148.0652   5250975.2137   2   6   0.2003   0.0905   0.1240   0.0742   0.0521   0.1215   0.00    1.0
2026/04/23 07:45:41.100   3509418.3594    779147.9176   5250975.2331   2   6   0.2003   0.0905   0.1239   0.0742   0.0521   0.1215   0.10    1.0
2026/04/23 07:45:41.200   3509418.3713    779147.8113   5250975.2371   2   6   0.2003   0.0905   0.1239   0.0741   0.0521   0.1215   0.20    1.0
2026/04/23 07:45:41.300   3509418.3761    779147.7278   5250975.2439   2   6   0.2002   0.0904   0.1239   0.0741   0.0520   0.1214   0.30    1.0
2026/04/23 07:45:41.400   3509418.3652    779147.6814   5250975.2565   2   6   0.2002   0.0904   0.1238   0.0741   0.0520   0.1214   0.40    1.0
2026/04/23 07:45:41.500   3509418.3379    779147.6196   5250975.2816   2   6   0.2001   0.0904   0.1238   0.0741   0.0520   0.1214  -0.50    1.0
2026/04/23 07:45:41.600   3509418.3178    779147.5044   5250975.3126   2   6   0.2001   0.0904   0.1237   0.0741   0.0520   0.1214  -0.40    1.0
2026/04/23 07:45:41.700   3509418.2986    779147.3895   5250975.3349   2   6   0.2000   0.0903   0.1237   0.0740   0.0520   0.1214  -0.30    1.1
2026/04/23 07:45:41.800   3509418.2745    779147.3152   5250975.3587   2   6   0.2000   0.0903   0.1237   0.0740   0.0519   0.1213  -0.20    1.1
2026/04/23 07:45:41.900   3509418.2450    779147.2774   5250975.3866   2   6   0.2000   0.0903   0.1236   0.0740   0.0519   0.1213  -0.10    1.1
2026/04/23 07:45:42.000   3509418.2129    779147.2647   5250975.4050   2   6   0.1999   0.0902   0.1236   0.0740   0.0519   0.1213   0.00    1.1
2026/04/23 07:45:42.100   3509418.1595    779147.2194   5250975.4362   2   6   0.1999   0.0902   0.1235   0.0739   0.0519   0.1213   0.10    1.1
2026/04/23 07:45:42.200   3509418.1057    779147.1108   5250975.4805   2   6   0.1998   0.0902   0.1235   0.0739   0.0518   0.1212   0.20    1.1
2026/04/23 07:45:42.300   3509418.0669    779147.0167   5250975.5131   2   6   0.1998   0.0902   0.1235   0.0739   0.0518   0.1212   0.30    1.1
2026/04/23 07:45:42.400   3509418.0350    779146.9345   5250975.5380   2   6   0.1998   0.0901   0.1234   0.0739   0.0518   0.1212   0.40    1.1
2026/04/23 07:45:42.500   3509418.0124    779146.8801   5250975.5549   2   6   0.1997   0.0901   0.1234   0.0738   0.0518   0.1212  -0.50    1.1
2026/04/23 07:45:42.600   3509417.9980    779146.8085   5250975.5786   2   6   0.1997   0.0901   0.1233   0.0738   0.0518   0.1212  -0.40    1.1
2026/04/23 07:45:42.700   3509417.9948    779146.7524   5250975.5891   2   6   0.1996   0.0901   0.1233   0.0738   0.0517   0.1211  -0.30    1.1
2026/04/23 07:45:42.800   3509418.0045    779146.7294   5250975.5836   2   6   0.1996   0.0900   0.1233   0.0738   0.0517   0.1211  -0.20    1.1
2026/04/23 07:45:42.900   3509418.0117    779146.7397   5250975.5787   2   6   0.1995   0.0900   0.1232   0.0738   0.0517   0.1211  -0.10    1.1
2026/04/23 07:45:43.000   3509417.9885    779146.7209   5250975.5962   2   6   0.1995   0.0900   0.1232   0.0737   0.0517   0.1211   0.00    1.1
2026/04/23 07:45:43.100   3509417.9624    779146.6474   5250975.6236   2   6   0.1995   0.0900   0.1231   0.0737   0.0516   0.1210   0.10    1.1
2026/04/23 07:45:43.200   3509417.9579    779146.5496   5250975.6459   2   6   0.1994   0.0899   0.1231   0.0737   0.0516   0.1210   0.20    1.1
2026/04/23 07:45:43.300   3509417.9804    779146.4873   5250975.6364   2   6   0.1993   0.0899   0.1230   0.0737   0.0516   0.1210   0.30    1.1
2026/04/23 07:45:43.400   3509418.0112    779146.4576   5250975.6211   2   6   0.1993   0.0899   0.1230   0.0737   0.0516   0.1209   0.40    1.1
2026/04/23 07:45:43.500   3509418.0164    779146.4261   5250975.6243   2   6   0.1992   0.0899   0.1230   0.0737   0.0516   0.1209  -0.50    1.1
2026/04/23 07:45:43.600   3509418.0199    779146.3414   5250975.6356   2   7   0.1992   0.0898   0.1229   0.0736   0.0516   0.1209  -0.40    1.1
2026/04/23 07:45:43.700   3509418.0360    779146.2475   5250975.6353   2   7   0.1991   0.0898   0.1229   0.0736   0.0515   0.1208  -0.30    1.1
2026/04/23 07:45:43.800   3509418.0648    779146.2172   5250975.6102   2   7   0.1990   0.0898   0.1228   0.0736   0.0515   0.1208  -0.20    1.1
2026/04/23 07:45:43.900   3509418.0942    779146.2192   5250975.5860   2   7   0.1990   0.0897   0.1228   0.0736   0.0515   0.1208  -0.10    1.1
2026/04/23 07:45:44.000   3509418.1101    779146.2337   5250975.5668   2   7   0.1989   0.0897   0.1227   0.0736   0.0515   0.1207   0.00    1.1
2026/04/23 07:45:44.100   3509418.0987    779146.2458   5250975.5609   2   7   0.1988   0.0897   0.1227   0.0736   0.0515   0.1207   0.10    1.1
2026/04/23 07:45:44.200   3509418.0854    779146.2012   5250975.5759   2   7   0.1987   0.0896   0.1226   0.0736   0.0515   0.1206   0.20    1.1
2026/04/23 07:45:44.300   3509418.0890    779146.0788   5250975.5973   2   7   0.1987   0.0896   0.1226   0.0736   0.0515   0.1206   0.30    1.1
2026/04/23 07:45:44.400   3509418.1084    779145.9645   5250975.6096   2   7   0.1986   0.0896   0.1225   0.0736   0.0515   0.1205   0.40    1.1
2026/04/23 07:45:44.500   3509418.1176    779145.8673   5250975.6224   2   7   0.1985   0.0896   0.1224   0.0736   0.0515   0.1205  -0.50    1.1
2026/04/23 07:45:44.600   3509418.1070    779145.8032   5250975.6417   2   7   0.1984   0.0895   0.1224   0.0736   0.0515   0.1204  -0.40    1.1
2026/04/23 07:45:44.700   3509418.0952    779145.7687   5250975.6594   2   7   0.1983   0.0895   0.1223   0.0736   0.0514   0.1203  -0.30    1.1
2026/04/23 07:45:44.800   3509418.0836    779145.7549   5250975.6700   2   7   0.1982   0.0895   0.1223   0.0736   0.0514   0.1203  -0.20    1.1
2026/04/23 07:45:44.900   3509418.0747    779145.7566   5250975.6762   2   7   0.1981   0.0894   0.1222   0.0736   0.0514   0.1202  -0.10    1.1
2026/04/23 07:45:45.000   3509418.0658    779145.7675   5250975.6798   2   7   0.1980   0.0894   0.1221   0.0736   0.0514   0.1201   0.00    1.1
2026/04/23 07:45:45.100   3509418.0602    779145.7502   5250975.7009   2   7   0.1979   0.0894   0.1221   0.0736   0.0514   0.1201   0.10    1.1
2026/04/23 07:45:45.200   3509418.0343    779145.6662   5250975.7260   2   7   0.1979   0.0894   0.1220   0.0736   0.0514   0.1200   0.20    1.1
2026/04/23 07:45:45.300   3509418.0098    779145.5099   5250975.7596   2   7   0.1978   0.0893   0.1219   0.0736   0.0513   0.1199   0.30    1.2
2026/04/23 07:45:45.400   3509418.0303    779145.3711   5250975.7955   2   7   0.1977   0.0893   0.1219   0.0735   0.0513   0.1199   0.40    1.2
2026/04/23 07:45:45.500   3509418.0517    779145.2635   5250975.8428   2   7   0.1976   0.0893   0.1218   0.0735   0.0513   0.1198  -0.50    1.2
2026/04/23 07:45:45.600   3509418.0496    779145.1832   5250975.9018   2   7   0.1975   0.0893   0.1217   0.0735   0.0513   0.1197  -0.40    1.2
2026/04/23 07:45:45.700   3509417.9928    779145.0740   5250975.9662   2   6   0.1975   0.0892   0.1217   0.0734   0.0512   0.1197  -0.30    1.1
2026/04/23 07:45:45.800   3509417.9261    779144.9395   5250976.0323   2   6   0.1975   0.0892   0.1216   0.0733   0.0511   0.1197  -0.20    1.1
2026/04/23 07:45:45.900   3509417.8756    779144.8360   5250976.0854   2   6   0.1976   0.0892   0.1216   0.0733   0.0511   0.1198  -0.10    1.1
2026/04/23 07:45:46.000   3509417.8197    779144.7736   5250976.1319   2   6   0.1976   0.0892   0.1216   0.0732   0.0510   0.1198   0.00    1.1
2026/04/23 07:45:46.100   3509417.7697    779144.7427   5250976.1647   2   6   0.1976   0.0892   0.1215   0.0732   0.0510   0.1198   0.10    1.1
2026/04/23 07:45:46.200   3509417.7131    779144.7214   5250976.2032   2   6   0.1975   0.0891   0.1215   0.0732   0.0510   0.1198   0.20    1.1
2026/04/23 07:45:46.300   3509417.6471    779144.6508   5250976.2583   2   6   0.1975   0.0891   0.1215   0.0731   0.0509   0.1198   0.30    1.1
2026/04/23 07:45:46.400   3509417.5977    779144.5420   5250976.3098   2   6   0.1975   0.0891   0.1214   0.0731   0.0509   0.1198   0.40    1.1
2026/04/23 07:45:46.500   3509417.5929    779144.4620   5250976.3224   2   6   0.1975   0.0891   0.1214   0.0731   0.0509   0.1198  -0.50    1.1
2026/04/23 07:45:46.600   3509417.6131    779144.4029   5250976.3139   2   6   0.1975   0.0890   0.1214   0.0731   0.0509   0.1198  -0.40    1.1
2026/04/23 07:45:46.700   3509417.6300    779144.3725   5250976.3040   2   6   0.1974   0.0890   0.1214   0.0731   0.0509   0.1198  -0.30    1.1
2026/04/23 07:45:46.800   3509417.6171    779144.3177   5250976.3176   2   6   0.1974   0.0890   0.1213   0.0731   0.0509   0.1198  -0.20    1.1
2026/04/23 07:45:46.900   3509417.5938    779144.2039   5250976.3486   2   6   0.1974   0.0890   0.1213   0.0730   0.0508   0.1197  -0.10    1.1
2026/04/23 07:45:47.000   3509417.5831    779144.0857   5250976.3783   2   6   0.1973   0.0889   0.1212   0.0730   0.0508   0.1197   0.00    1.1
2026/04/23 07:45:47.100   3509417.5849    779144.0070   5250976.3848   2   6   0.1972   0.0889   0.1212   0.0730   0.0508   0.1197   0.10    1.1
2026/04/23 07:45:47.200   3509417.6044    779143.9639   5250976.3763   2   6   0.1972   0.0889   0.1212   0.0730   0.0508   0.1197   0.20    1.1
2026/04/23 07:45:47.300   3509417.6228    779143.8671   5250976.3890   2   6   0.1971   0.0889   0.1211   0.0730   0.0508   0.1196   0.30    1.1
2026/04/23 07:45:47.400   3509417.6562    779143.7346   5250976.3800   2   6   0.1971   0.0888   0.1211   0.0730   0.0508   0.1196   0.40    1.1
2026/04/23 07:45:47.500   3509417.6943    779143.6581   5250976.3563   2   6   0.1970   0.0888   0.1210   0.0730   0.0507   0.1196  -0.50    1.1
2026/04/23 07:45:47.600   3509417.7418    779143.6251   5250976.3240   2   6   0.1970   0.0888   0.1210   0.0730   0.0507   0.1195  -0.40    1.1
2026/04/23 07:45:47.700   3509417.7683    779143.6158   5250976.3068   2   6   0.1969   0.0887   0.1209   0.0729   0.0507   0.1195  -0.30    1.1
2026/04/23 07:45:47.800   3509417.7825    779143.5662   5250976.3078   2   6   0.1969   0.0887   0.1209   0.0729   0.0507   0.1195  -0.20    1.1
2026/04/23 07:45:47.900   3509417.8087    779143.4569   5250976.3083   2   6   0.1968   0.0887   0.1208   0.0729   0.0507   0.1194  -0.10    1.1
2026/04/23 07:45:48.000   3509417.8487    779143.3636   5250976.2984   2   6   0.1968   0.0887   0.1208   0.0729   0.0506   0.1194   0.00    1.1
2026/04/23 07:45:48.100   3509417.8733    779143.3006   5250976.2862   2   6   0.1967   0.0886   0.1207   0.0729   0.0506   0.1194   0.10    1.1
2026/04/23 07:45:48.200   3509417.8788    779143.2573   5250976.2861   2   6   0.1966   0.0886   0.1207   0.0729   0.0506   0.1193   0.20    1.1
2026/04/23 07:45:48.300   3509417.8717    779143.1934   5250976.3061   2   7   0.1966   0.0886   0.1206   0.0729   0.0506   0.1193   0.30    1.0
2026/04/23 07:45:48.400   3509417.8630    779143.0811   5250976.3305   2   7   0.1965   0.0886   0.1206   0.0728   0.0506   0.1192   0.40    1.0
2026/04/23 07:45:48.500   3509417.8548    779142.9703   5250976.3555   2   7   0.1965   0.0885   0.1205   0.0728   0.0505   0.1192  -0.50    1.0
2026/04/23 07:45:48.600   3509417.8355    779142.9164   5250976.3739   2   7   0.1964   0.0885   0.1205   0.0728   0.0505   0.1192  -0.40    1.0
2026/04/23 07:45:48.700   3509417.8063    779142.8909   5250976.3918   2   7   0.1963   0.0885   0.1204   0.0728   0.0505   0.1191  -0.30    1.0
2026/04/23 07:45:48.800   3509417.7617    779142.8260   5250976.4270   2   7   0.1962   0.0884   0.1203   0.0728   0.0505   0.1191  -0.20    1.0
2026/04/23 07:45:48.900   3509417.7147    779142.7099   5250976.4667   2   7   0.1962   0.0884   0.1203   0.0728   0.0505   0.1190  -0.10    1.0
2026/04/23 07:45:49.000   3509417.6762    779142.6063   5250976.5029   2   7   0.1961   0.0884   0.1202   0.0728   0.0505   0.1189   0.00    1.0
2026/04/23 07:45:49.100   3509417.6402    779142.5563   5250976.5302   2   7   0.1960   0.0883   0.1202   0.0728   0.0505   0.1189   0.10    1.0
2026/04/23 07:45:49.200   3509417.6045    779142.5436   5250976.5529   2   7   0.1959   0.0883   0.1201   0.0728   0.0505   0.1188   0.20    1.0
2026/04/23 07:45:49.300   3509417.5867    779142.5504   5250976.5682   2   7   0.1958   0.0883   0.1200   0.0728   0.0504   0.1188   0.30    1.1
2026/04/23 07:45:49.400   3509417.5769    779142.5654   5250976.5736   2   7   0.1957   0.0883   0.1200   0.0728   0.0504   0.1187   0.40    1.1
2026/04/23 07:45:49.500   3509417.5521    779142.5624   5250976.5974   2   7   0.1956   0.0882   0.1199   0.0728   0.0504   0.1186  -0.50    1.1
2026/04/23 07:45:49.600   3509417.5098    779142.4937   5250976.6349   2   7   0.1955   0.0882   0.1198   0.0728   0.0504   0.1186  -0.40    1.1
2026/04/23 07:45:49.700   3509417.4630    779142.3432   5250976.6886   2   7   0.1954   0.0882   0.1198   0.0728   0.0504   0.1185  -0.30    1.1
2026/04/23 07:45:49.800   3509417.4352    779142.2141   5250976.7330   2   7   0.1953   0.0882   0.1197   0.0728   0.0504   0.1184  -0.20    1.1
2026/04/23 07:45:49.900   3509417.4331    779142.1249   5250976.7508   2   7   0.1953   0.0881   0.1196   0.0728   0.0503   0.1183  -0.10    1.1
2026/04/23 07:45:50.000   3509417.4438    779142.0616   5250976.7557   2   7   0.1952   0.0881   0.1195   0.0728   0.0503   0.1183   0.00    1.1
2026/04/23 07:45:50.100   3509417.4523    779141.9713   5250976.7695   2   7   0.1951   0.0881   0.1195   0.0727   0.0503   0.1182   0.10    1.2
2026/04/23 07:45:50.200   3509417.4620    779141.8357   5250976.7818   2   7   0.1950   0.0880   0.1194   0.0727   0.0503   0.1181   0.20    1.2
2026/04/23 07:45:50.300   3509417.4826    779141.7279   5250976.7874   2   7   0.1949   0.0880   0.1193   0.0727   0.0502   0.1181   0.30    1.2
2026/04/23 07:45:50.400   3509417.5164    779141.6703   5250976.7757   2   7   0.1948   0.0880   0.1192   0.0727   0.0502   0.1180   0.40    1.2
2026/04/23 07:45:50.500   3509417.5423    779141.6566   5250976.7616   2   7   0.1948   0.0880   0.1192   0.0727   0.0502   0.1179  -0.50    1.2
2026/04/23 07:45:50.600   3509417.5547    779141.6279   5250976.7658   2   7   0.1947   0.0879   0.1191   0.0726   0.0502   0.1179  -0.40    1.2
2026/04/23 07:45:50.700   3509417.5706    779141.5302   5250976.7737   2   7   0.1946   0.0879   0.1190   0.0726   0.0501   0.1178  -0.30    1.2
2026/04/23 07:45:50.800   3509417.5950    779141.4102   5250976.7750   2   7   0.1945   0.0879   0.1189   0.0726   0.0501   0.1177  -0.20    1.2
2026/04/23 07:45:50.900   3509417.6263    779141.3542   5250976.7640   2   7   0.1945   0.0879   0.1189   0.0726   0.0501   0.1177  -0.10    1.2
2026/04/23 07:45:51.000   3509417.6612    779141.3259   5250976.7403   2   7   0.1944   0.0878   0.1188   0.0726   0.0500   0.1176   0.00    1.2
2026/04/23 07:45:51.100   3509417.6752    779141.3206   5250976.7244   2   7   0.1943   0.0878   0.1187   0.0725   0.0500   0.1176   0.10    1.2
2026/04/23 07:45:51.200   3509417.6763    779141.2715   5250976.7339   2   7   0.1942   0.0878   0.1187   0.0725   0.0500   0.1175   0.20    1.2
2026/04/23 07:45:51.300   3509417.6831    779141.1734   5250976.7409   2   7   0.1942   0.0878   0.1186   0.0725   0.0500   0.1174   0.30    1.2
2026/04/23 07:45:51.400   3509417.7250    779141.0944   5250976.7436   2   7   0.1941   0.0877   0.1185   0.0725   0.0499   0.1174   0.40    1.2
2026/04/23 07:45:51.500   3509417.7719    779141.0701   5250976.7266   2   7   0.1940   0.0877   0.1185   0.0725   0.0499   0.1173  -0.50    1.2
2026/04/23 07:45:51.600   3509417.8142    779141.0711   5250976.7117   2   7   0.1939   0.0877   0.1184   0.0725   0.0499   0.1173  -0.40    1.2
2026/04/23 07:45:51.700   3509417.8446    779141.0734   5250976.7140   2   6   0.1940   0.0877   0.1184   0.0724   0.0498   0.1173  -0.30    1.0
2026/04/23 07:45:51.800   3509417.8531    779141.0305   5250976.7261   2   6   0.1940   0.0877   0.1183   0.0723   0.0498   0.1173  -0.20    1.0
2026/04/23 07:45:51.900   3509417.8649    779140.9106   5250976.7349   2   6   0.1940   0.0876   0.1183   0.0722   0.0497   0.1173  -0.10    1.0
2026/04/23 07:45:52.000   3509417.8867    779140.7813   5250976.7483   2   6   0.1940   0.0876   0.1183   0.0722   0.0497   0.1174   0.00    1.0
2026/04/23 07:45:52.100   3509417.9028    779140.6993   5250976.7533   2   6   0.1941   0.0876   0.1182   0.0721   0.0496   0.1174   0.10    1.0
2026/04/23 07:45:52.200   3509417.8965    779140.6470   5250976.7626   2   6   0.1941   0.0876   0.1182   0.0721   0.0496   0.1174   0.20    1.0
2026/04/23 07:45:52.300   3509417.8747    779140.5665   5250976.7911   2   6   0.1941   0.0875   0.1182   0.0721   0.0496   0.1174   0.30    1.0
2026/04/23 07:45:52.400   3509417.8468    779140.4393   5250976.8287   2   6   0.1941   0.0875   0.1182   0.0721   0.0496   0.1174   0.40    1.0
2026/04/23 07:45:52.500   3509417.8310    779140.2993   5250976.8689   2   6   0.1940   0.0875   0.1182   0.0721   0.0495   0.1174  -0.50    1.0
2026/04/23 07:45:52.600   3509417.8005    779140.2031   5250976.9039   2   6   0.1940   0.0875   0.1181   0.0721   0.0495   0.1174  -0.40    1.0
2026/04/23 07:45:52.700   3509417.7565    779140.1465   5250976.9378   2   6   0.1940   0.0875   0.1181   0.0720   0.0495   0.1175  -0.30    1.0
2026/04/23 07:45:52.800   3509417.7139    779140.1122   5250976.9660   2   6   0.1940   0.0874   0.1181   0.0720   0.0495   0.1175  -0.20    1.0
2026/04/23 07:45:52.900   3509417.6672    779140.0452   5250977.0089   2   6   0.1940   0.0874   0.1181   0.0720   0.0495   0.1174  -0.10    1.0
2026/04/23 07:45:53.000   3509417.6249    779139.9984   5250977.0411   2   6   0.1939   0.0874   0.1180   0.0720   0.0495   0.1174   0.00    1.0
2026/04/23 07:45:53.100   3509417.5870    779139.9821   5250977.0608   2   6   0.1939   0.0874   0.1180   0.0720   0.0494   0.1174   0.10    1.0
2026/04/23 07:45:53.200   3509417.5690    779139.9939   5250977.0726   2   6   0.1939   0.0873   0.1179   0.0720   0.0494   0.1174   0.20    1.0
2026/04/23 07:45:53.300   3509417.5456    779140.0111   5250977.0923   2   6   0.1938   0.0873   0.1179   0.0719   0.0494   0.1174   0.30    1.0
2026/04/23 07:45:53.400   3509417.4986    779139.9796   5250977.1268   2   6   0.1938   0.0873   0.1179   0.0719   0.0494   0.1174   0.40    1.0
2026/04/23 07:45:53.500   3509417.4389    779139.8817   5250977.1748   2   6   0.1938   0.0873   0.1178   0.0719   0.0493   0.1173  -0.50    1.0
2026/04/23 07:45:53.600   3509417.4069    779139.8045   5250977.2051   2   6   0.1937   0.0872   0.1178   0.0719   0.0493   0.1173  -0.40    1.0
2026/04/23 07:45:53.700   3509417.4059    779139.7451   5250977.2103   2   6   0.1937   0.0872   0.1177   0.0718   0.0493   0.1173  -0.30    1.0
2026/04/23 07:45:53.800   3509417.3923    779139.6799   5250977.2263   2   6   0.1936   0.0872   0.1177   0.0718   0.0493   0.1173  -0.20    1.0
2026/04/23 07:45:53.900   3509417.3672    779139.5693   5250977.2553   2   6   0.1936   0.0872   0.1176   0.0718   0.0492   0.1172  -0.10    1.0
2026/04/23 07:45:54.000   3509417.3434    779139.4734   5250977.2744   2   6   0.1935   0.0871   0.1175   0.0718   0.0492   0.1172   0.00    1.0
2026/04/23 07:45:54.100   3509417.3570    779139.4117   5250977.2690   2   6   0.1935   0.0871   0.1175   0.0718   0.0492   0.1171   0.10    1.0
2026/04/23 07:45:54.200   3509417.3603    779139.3556   5250977.2760   2   6   0.1934   0.0871   0.1174   0.0718   0.0492   0.1171   0.20    1.0
2026/04/23 07:45:54.300   3509417.3479    779139.2560   5250977.2951   2   7   0.1933   0.0871   0.1174   0.0717   0.0491   0.1170   0.30    1.0
2026/04/23 07:45:54.400   3509417.3468    779139.1168   5250977.3238   2   7   0.1933   0.0870   0.1173   0.0717   0.0491   0.1170   0.40    1.0
2026/04/23 07:45:54.500   3509417.3595    779139.0322   5250977.3247   2   7   0.1932   0.0870   0.1172   0.0717   0.0491   0.1170  -0.50    1.0
2026/04/23 07:45:54.600   3509417.3674    779138.9760   5250977.3156   2   7   0.1932   0.0870   0.1172   0.0717   0.0491   0.1169  -0.40    1.0
2026/04/23 07:45:54.700   3509417.3660    779138.8665   5250977.3251   2   7   0.1931   0.0869   0.1171   0.0717   0.0491   0.1169  -0.30    1.0
2026/04/23 07:45:54.800   3509417.3893    779138.6971   5250977.3378   2   7   0.1930   0.0869   0.1171   0.0717   0.0490   0.1168  -0.20    1.0
2026/04/23 07:45:54.900   3509417.4153    779138.5596   5250977.3383   2   7   0.1929   0.0869   0.1170   0.0717   0.0490   0.1167  -0.10    1.0
2026/04/23 07:45:55.000   3509417.4575    779138.4873   5250977.3115   2   7   0.1928   0.0869   0.1169   0.0717   0.0490   0.1167   0.00    1.0
2026/04/23 07:45:55.100   3509417.4992    779138.4275   5250977.2836   2   7   0.1927   0.0868   0.1169   0.0717   0.0490   0.1166   0.10    1.0
2026/04/23 07:45:55.200   3509417.5490    779138.3671   5250977.2569   2   7   0.1926   0.0868   0.1168   0.0717   0.0490   0.1165   0.20    1.0
2026/04/23 07:45:55.300   3509417.5875    779138.3367   5250977.2331   2   7   0.1926   0.0868   0.1167   0.0717   0.0490   0.1165   0.30    1.0
2026/04/23 07:45:55.400   3509417.6135    779138.3254   5250977.2135   2   7   0.1925   0.0867   0.1166   0.0717   0.0490   0.1164   0.40    1.0
2026/04/23 07:45:55.500   3509417.6334    779138.2595   5250977.2058   2   7   0.1924   0.0867   0.1166   0.0717   0.0489   0.1163  -0.50    1.0
2026/04/23 07:45:55.600   3509417.6616    779138.1232   5250977.1945   2   7   0.1923   0.0867   0.1165   0.0717   0.0489   0.1163  -0.40    1.0
2026/04/23 07:45:55.700   3509417.6765    779138.0058   5250977.1856   2   7   0.1922   0.0867   0.1164   0.0717   0.0489   0.1162  -0.30    1.0
2026/04/23 07:45:55.800   3509417.6763    779137.9217   5250977.1931   2   7   0.1921   0.0866   0.1163   0.0717   0.0489   0.1161  -0.20    1.1
2026/04/23 07:45:55.900   3509417.6566    779137.7920   5250977.2129   2   7   0.1920   0.0866   0.1162   0.0717   0.0488   0.1160  -0.10    1.1
2026/04/23 07:45:56.000   3509417.6277    779137.6594   5250977.2457   2   7   0.1919   0.0866   0.1162   0.0716   0.0488   0.1160   0.00    1.1
2026/04/23 07:45:56.100   3509417.5877    779137.5588   5250977.2810   2   7   0.1918   0.0866   0.1161   0.0716   0.0488   0.1159   0.10    1.1
2026/04/23 07:45:56.200   3509417.5459    779137.4977   5250977.3122   2   7   0.1918   0.0865   0.1160   0.0716   0.0488   0.1158   0.20    1.1
2026/04/23 07:45:56.300   3509417.4855    779137.4191   5250977.3668   2   7   0.1917   0.0865   0.1159   0.0716   0.0487   0.1157   0.30    1.1
2026/04/23 07:45:56.400   3509417.4098    779137.2955   5250977.4226   2   7   0.1916   0.0865   0.1158   0.0715   0.0487   0.1157   0.40    1.1
2026/04/23 07:45:56.500   3509417.3393    779137.2063   5250977.4818   2   7   0.1915   0.0865   0.1158   0.0715   0.0487   0.1156  -0.50    1.1
2026/04/23 07:45:56.600   3509417.2646    779137.1517   5250977.5337   2   7   0.1914   0.0864   0.1157   0.0715   0.0486   0.1155  -0.40    1.1
2026/04/23 07:45:56.700   3509417.1950    779137.1230   5250977.5787   2   7   0.1914   0.0864   0.1156   0.0715   0.0486   0.1155  -0.30    1.1
2026/04/23 07:45:56.800   3509417.1024    779137.0623   5250977.6480   2   7   0.1913   0.0864   0.1155   0.0715   0.0486   0.1154  -0.20    1.1
2026/04/23 07:45:56.900   3509417.0145    779136.9487   5250977.7251   2   7   0.1912   0.0864   0.1154   0.0714   0.0485   0.1153  -0.10    1.1
2026/04/23 07:45:57.000   3509416.9551    779136.8451   5250977.7804   2   7   0.1911   0.0863   0.1154   0.0714   0.0485   0.1153   0.00    1.1
2026/04/23 07:45:57.100   3509416.9480    779136.7771   5250977.7969   2   7   0.1911   0.0863   0.1153   0.0714   0.0485   0.1152   0.10    1.1
2026/04/23 07:45:57.200   3509416.9587    779136.7360   5250977.8005   2   7   0.1910   0.0863   0.1152   0.0714   0.0485   0.1151   0.20    1.1
2026/04/23 07:45:57.300   3509416.9612    779136.6557   5250977.8180   2   7   0.1909   0.0863   0.1151   0.0714   0.0484   0.1151   0.30    1.1
2026/04/23 07:45:57.400   3509416.9728    779136.5237   5250977.8278   2   7   0.1908   0.0862   0.1151   0.0713   0.0484   0.1150   0.40    1.1
2026/04/23 07:45:57.500   3509417.0000    779136.4381   5250977.8223   2   7   0.1908   0.0862   0.1150   0.0713   0.0484   0.1150  -0.50    1.1
2026/04/23 07:45:57.600   3509417.0413    779136.3880   5250977.8037   2   7   0.1907   0.0862   0.1149   0.0713   0.0484   0.1149  -0.40    1.1
2026/04/23 07:45:57.700   3509417.0707    779136.3528   5250977.7893   2   7   0.1906   0.0862   0.1149   0.0713   0.0483   0.1148  -0.30    1.1
2026/04/23 07:45:57.800   3509417.0983    779136.2920   5250977.7836   2   7   0.1906   0.0861   0.1148   0.0713   0.0483   0.1148  -0.20    1.1
2026/04/23 07:45:57.900   3509417.1308    779136.2605   5250977.7677   2   7   0.1905   0.0861   0.1147   0.0713   0.0483   0.1147  -0.10    1.1
2026/04/23 07:45:58.000   3509417.1621    779136.2546   5250977.7508   2   7   0.1904   0.0861   0.1146   0.0712   0.0482   0.1147   0.00    1.1
2026/04/23 07:45:58.100   3509417.1848    779136.2372   5250977.7403   2   7   0.1903   0.0861   0.1146   0.0712   0.0482   0.1146   0.10    1.1
2026/04/23 07:45:58.200   3509417.1981    779136.2327   5250977.7331   2   7   0.1903   0.0860   0.1145   0.0712   0.0482   0.1146   0.20    1.1
2026/04/23 07:45:58.300   3509417.2050    779136.2268   5250977.7311   2   7   0.1902   0.0860   0.1144   0.0712   0.0482   0.1145   0.30    1.1
2026/04/23 07:45:58.400   3509417.2065    779136.1964   5250977.7429   2   7   0.1901   0.0860   0.1144   0.0712   0.0481   0.1145   0.40    1.1
2026/04/23 07:45:58.500   3509417.2064    779136.1049   5250977.7607   2   7   0.1901   0.0860   0.1143   0.0711   0.0481   0.1144  -0.50    1.1
2026/04/23 07:45:58.600   3509417.2304    779135.9739   5250977.7622   2   7   0.1900   0.0859   0.1142   0.0711   0.0481   0.1143  -0.40    1.0
2026/04/23 07:45:58.700   3509417.2905    779135.8572   5250977.7409   2   7   0.1900   0.0859   0.1142   0.0711   0.0481   0.1143  -0.30    1.0
2026/04/23 07:45:58.800   3509417.3639    779135.7628   5250977.7100   2   7   0.1899   0.0859   0.1141   0.0711   0.0480   0.1142  -0.20    1.0
2026/04/23 07:45:58.900   3509417.4335    779135.6921   5250977.6809   2   7   0.1898   0.0859   0.1140   0.0711   0.0480   0.1142  -0.10    1.0
2026/04/23 07:45:59.000   3509417.4919    779135.6424   5250977.6539   2   7   0.1898   0.0858   0.1140   0.0711   0.0480   0.1141   0.00    1.0
2026/04/23 07:45:59.100   3509417.5400    779135.6013   5250977.6294   2   7   0.1897   0.0858   0.1139   0.0710   0.0480   0.1141   0.10    1.0
2026/04/23 07:45:59.200   3509417.5995    779135.5562   5250977.6050   2   7   0.1896   0.0858   0.1138   0.0710   0.0479   0.1140   0.20    1.0
2026/04/23 07:45:59.300   3509417.6675    779135.5014   5250977.5660   2   7   0.1896   0.0858   0.1138   0.0710   0.0479   0.1140   0.30    1.0
2026/04/23 07:45:59.400   3509417.7520    779135.4447   5250977.5226   2   7   0.1895   0.0857   0.1137   0.0710   0.0479   0.1139   0.40    1.0
2026/04/23 07:45:59.500   3509417.8394    779135.4030   5250977.4750   2   7   0.1894   0.0857   0.1137   0.0710   0.0478   0.1139  -0.50    1.0
2026/04/23 07:45:59.600   3509417.9347    779135.3648   5250977.4202   2   7   0.1894   0.0857   0.1136   0.0710   0.0478   0.1139  -0.40    1.0
2026/04/23 07:45:59.700   3509418.0276    779135.3487   5250977.3618   2   7   0.1893   0.0857   0.1135   0.0709   0.0478   0.1138  -0.30    1.0
2026/04/23 07:45:59.800   3509418.1289    779135.3382   5250977.2990   2   7   0.1893   0.0856   0.1135   0.0709   0.0478   0.1138  -0.20    1.0
2026/04/23 07:45:59.900   3509418.2294    779135.3340   5250977.2381   2   7   0.1892   0.0856   0.1134   0.0709   0.0477   0.1137  -0.10    1.0
2026/04/23 07:46:00.000   3509418.3327    779135.3309   5250977.1708   2   7   0.1891   0.0856   0.1133   0.0709   0.0477   0.1137   0.00    1.0
2026/04/23 07:46:00.100   3509418.4208    779135.3419   5250977.1103   2   7   0.1891   0.0856   0.1133   0.0709   0.0477   0.1136   0.10    1.0
2026/04/23 07:46:00.200   3509418.5088    779135.3675   5250977.0467   2   7   0.1890   0.0855   0.1132   0.0708   0.0477   0.1136   0.20    1.0
2026/04/23 07:46:00.300   3509418.5933    779135.3948   5250976.9883   2   7   0.1890   0.0855   0.1131   0.0708   0.0476   0.1135   0.30    1.0
2026/04/23 07:46:00.400   3509418.6806    779135.4302   5250976.9296   2   7   0.1889   0.0855   0.1131   0.0708   0.0476   0.1135   0.40    1.0
2026/04/23 07:46:00.500   3509418.7576    779135.4766   5250976.8729   2   7   0.1888   0.0855   0.1130   0.0708   0.0476   0.1134  -0.50    1.0
2026/04/23 07:46:00.600   3509418.8283    779135.5330   5250976.8205   2   7   0.1888   0.0854   0.1129   0.0708   0.0476   0.1134  -0.40    1.0
2026/04/23 07:46:00.700   3509418.9007    779135.6028   5250976.7682   2   7   0.1887   0.0854   0.1129   0.0708   0.0475   0.1133  -0.30    1.0
2026/04/23 07:46:00.800   3509418.9643    779135.6761   5250976.7210   2   7   0.1886   0.0854   0.1128   0.0707   0.0475   0.1133  -0.20    1.0
2026/04/23 07:46:00.900   3509419.0274    779135.7603   5250976.6724   2   7   0.1886   0.0854   0.1128   0.0707   0.0475   0.1132  -0.10    1.0
2026/04/23 07:46:01.000   3509419.0808    779135.8463   5250976.6270   2   7   0.1885   0.0853   0.1127   0.0707   0.0475   0.1132   0.00    1.0
2026/04/23 07:46:01.100   3509419.1198    779135.9348   5250976.5893   2   7   0.1885   0.0853   0.1126   0.0707   0.0474   0.1131   0.10    1.0
2026/04/23 07:46:01.200   3509419.1650    779136.0287   5250976.5501   2   7   0.1884   0.0853   0.1126   0.0707   0.0474   0.1131   0.20    1.0
2026/04/23 07:46:01.300   3509419.2034    779136.1274   5250976.5172   2   7   0.1883   0.0853   0.1125   0.0707   0.0474   0.1130   0.30    1.0
2026/04/23 07:46:01.400   3509419.2363    779136.2294   5250976.4878   2   7   0.1883   0.0852   0.1124   0.0706   0.0473   0.1130   0.40    1.0
2026/04/23 07:46:01.500   3509419.2640    779136.3310   5250976.4640   2   7   0.1882   0.0852   0.1124   0.0706   0.0473   0.1129  -0.50    1.0
2026/04/23 07:46:01.600   3509419.2774    779136.4385   5250976.4443   2   7   0.1882   0.0852   0.1123   0.0706   0.0473   0.1129  -0.40    1.0
2026/04/23 07:46:01.700   3509419.2831    779136.5501   5250976.4279   2   7   0.1881   0.0852   0.1122   0.0706   0.0473   0.1128  -0.30    1.0
2026/04/23 07:46:01.800   3509419.2935    779136.6686   5250976.4088   2   7   0.1880   0.0851   0.1122   0.0706   0.0472   0.1128  -0.20    1.0
2026/04/23 07:46:01.900   3509419.3104    779136.7839   5250976.3844   2   7   0.1880   0.0851   0.1121   0.0706   0.0472   0.1127  -0.10    1.0
2026/04/23 07:46:02.000   3509419.3324    779136.8907   5250976.3575   2   7   0.1879   0.0851   0.1120   0.0705   0.0472   0.1127   0.00    1.0
2026/04/23 07:46:02.100   3509419.3618    779136.9896   5250976.3263   2   7   0.1878   0.0851   0.1120   0.0705   0.0472   0.1126   0.10    1.0
2026/04/23 07:46:02.200   3509419.3915    779137.0872   5250976.2961   2   7   0.1878   0.0850   0.1119   0.0705   0.0471   0.1126   0.20    1.0
2026/04/23 07:46:02.300   3509419.4190    779137.1803   5250976.2679   2   7   0.1877   0.0850   0.1118   0.0705   0.0471   0.1125   0.30    1.0
2026/04/23 07:46:02.400   3509419.4409    779137.2805   5250976.2393   2   7   0.1877   0.0850   0.1118   0.0705   0.0471   0.1125   0.40    1.0
2026/04/23 07:46:02.500   3509419.4456    779137.3741   5250976.2259   2   7   0.1876   0.0850   0.1117   0.0705   0.0471   0.1124  -0.50    1.0
2026/04/23 07:46:02.600   3509419.4397    779137.4763   5250976.2176   2   7   0.1875   0.0849   0.1116   0.0704   0.0470   0.1124  -0.40    1.0
2026/04/23 07:46:02.700   3509419.4309    779137.5845   5250976.2145   2   7   0.1875   0.0849   0.1116   0.0704   0.0470   0.1123  -0.30    1.0
2026/04/23 07:46:02.800   3509419.4155    779137.6968   5250976.2122   2   7   0.1874   0.0849   0.1115   0.0704   0.0470   0.1123  -0.20    1.0
2026/04/23 07:46:02.900   3509419.3938    779137.8085   5250976.2141   2   7   0.1874   0.0849   0.1114   0.0704   0.0469   0.1122  -0.10    1.0
2026/04/23 07:46:03.000   3509419.3698    779137.9177   5250976.2230   2   7   0.1873   0.0848   0.1114   0.0704   0.0469   0.1122   0.00    1.0
2026/04/23 07:46:03.100   3509419.3429    779138.0284   5250976.2316   2   7   0.1872   0.0848   0.1113   0.0703   0.0469   0.1121   0.10    1.0
2026/04/23 07:46:03.200   3509419.3126    779138.1405   5250976.2447   2   7   0.1872   0.0848   0.1112   0.0703   0.0469   0.1121   0.20    1.0
2026/04/23 07:46:03.300   3509419.2812    779138.2529   5250976.2616   2   7   0.1871   0.0848   0.1112   0.0703   0.0468   0.1120   0.30    1.0
2026/04/23 07:46:03.400   3509419.2418    779138.3643   5250976.2808   2   7   0.1871   0.0848   0.1111   0.0703   0.0468   0.1120   0.40    1.0
2026/04/23 07:46:03.500   3509419.2110    779138.4741   5250976.2979   2   7   0.1870   0.0847   0.1110   0.0703   0.0468   0.1119  -0.50    1.0
2026/04/23 07:46:03.600   3509419.1747    779138.5867   5250976.3147   2   7   0.1869   0.0847   0.1110   0.0703   0.0468   0.1119  -0.40    1.0
2026/04/23 07:46:03.700   3509419.1343    779138.7019   5250976.3345   2   7   0.1869   0.0847   0.1109   0.0702   0.0467   0.1118  -0.30    1.0
2026/04/23 07:46:03.800   3509419.0929    779138.8143   5250976.3520   2   7   0.1868   0.0847   0.1108   0.0702   0.0467   0.1118  -0.20    1.1
2026/04/23 07:46:03.900   3509419.0501    779138.9399   5250976.3718   2   7   0.1867   0.0846   0.1108   0.0702   0.0467   0.1117  -0.10    1.1
2026/04/23 07:46:04.000   3509418.9995    779139.0955   5250976.3926   2   7   0.1867   0.0846   0.1107   0.0702   0.0466   0.1117   0.00    1.1
2026/04/23 07:46:04.100   3509418.9456    779139.2613   5250976.4111   2   7   0.1866   0.0846   0.1106   0.0702   0.0466   0.1116   0.10    1.1
2026/04/23 07:46:04.200   3509418.8908    779139.4137   5250976.4341   2   7   0.1866   0.0846   0.1106   0.0701   0.0466   0.1116   0.20    1.1
2026/04/23 07:46:04.300   3509418.8427    779139.5432   5250976.4529   2   7   0.1865   0.0845   0.1105   0.0701   0.0466   0.1115   0.30    1.1
2026/04/23 07:46:04.400   3509418.8098    779139.6660   5250976.4691   2   7   0.1864   0.0845   0.1104   0.0701   0.0465   0.1115   0.40    1.1
2026/04/23 07:46:04.500   3509418.7569    779139.8129   5250976.4863   2   7   0.1864   0.0845   0.1104   0.0701   0.0465   0.1114  -0.50    1.1
2026/04/23 07:46:04.600   3509418.7123    779139.9688   5250976.5021   2   7   0.1863   0.0845   0.1103   0.0701   0.0465   0.1114  -0.40    1.1
2026/04/23 07:46:04.700   3509418.6836    779140.1136   5250976.5050   2   7   0.1863   0.0844   0.1102   0.0701   0.0465   0.1113  -0.30    1.1
2026/04/23 07:46:04.800   3509418.6698    779140.2371   5250976.5056   2   7   0.1862   0.0844   0.1102   0.0700   0.0464   0.1113  -0.20    1.1
2026/04/23 07:46:04.900   3509418.6631    779140.3563   5250976.4942   2   7   0.1861   0.0844   0.1101   0.0700   0.0464   0.1112  -0.10    1.1
2026/04/23 07:46:05.000   3509418.6576    779140.5154   5250976.4792   2   7   0.1861   0.0844   0.1100   0.0700   0.0464   0.1112   0.00    1.1
2026/04/23 07:46:05.100   3509418.6505    779140.6815   5250976.4580   2   7   0.1860   0.0843   0.1100   0.0700   0.0463   0.1111   0.10    1.1
2026/04/23 07:46:05.200   3509418.6704    779140.8156   5250976.4261   2   7   0.1859   0.0843   0.1099   0.0700   0.0463   0.1111   0.20    1.1
2026/04/23 07:46:05.300   3509418.7057    779140.9170   5250976.3817   2   7   0.1859   0.0843   0.1098   0.0699   0.0463   0.1110   0.30    1.1
2026/04/23 07:46:05.400   3509418.7479    779140.9891   5250976.3371   2   7   0.1858   0.0843   0.1098   0.0699   0.0463   0.1110   0.40    1.1
2026/04/23 07:46:05.500   3509418.8151    779141.0896   5250976.2770   2   7   0.1858   0.0842   0.1097   0.0699   0.0462   0.1109  -0.50    1.1
2026/04/23 07:46:05.600   3509418.8826    779141.2254   5250976.2048   2   7   0.1857   0.0842   0.1096   0.0699   0.0462   0.1109  -0.40    1.1
2026/04/23 07:46:05.700   3509418.9427    779141.3382   5250976.1423   2   7   0.1856   0.0842   0.1096   0.0699   0.0462   0.1108  -0.30    1.1
2026/04/23 07:46:05.800   3509419.0112    779141.4174   5250976.0827   2   7   0.1856   0.0842   0.1095   0.0699   0.0461   0.1108  -0.20    1.1
2026/04/23 07:46:05.900   3509419.0747    779141.4674   5250976.0268   2   7   0.1855   0.0842   0.1094   0.0698   0.0461   0.1107  -0.10    1.1
2026/04/23 07:46:06.000   3509419.1233    779141.4992   5250975.9828   2   7   0.1855   0.0841   0.1094   0.0698   0.0461   0.1107   0.00    1.1
2026/04/23 07:46:06.100   3509419.1974    779141.5549   5250975.9373   2   7   0.1854   0.0841   0.1093   0.0698   0.0461   0.1106   0.10    1.1
2026/04/23 07:46:06.200   3509419.2569    779141.6628   5250975.8921   2   7   0.1853   0.0841   0.1092   0.0698   0.0460   0.1106   0.20    1.1
2026/04/23 07:46:06.300   3509419.2816    779141.7479   5250975.8808   2   7   0.1853   0.0841   0.1092   0.0698   0.0460   0.1105   0.30    1.1
2026/04/23 07:46:06.400   3509419.2713    779141.8127   5250975.8908   2   7   0.1852   0.0840   0.1091   0.0697   0.0460   0.1105   0.40    1.1
2026/04/23 07:46:06.500   3509419.2710    779141.8571   5250975.8984   2   7   0.1852   0.0840   0.1090   0.0697   0.0459   0.1104  -0.50    1.1
2026/04/23 07:46:06.600   3509419.2912    779141.9399   5250975.8904   2   7   0.1851   0.0840   0.1090   0.0697   0.0459   0.1104  -0.40    1.1
2026/04/23 07:46:06.700   3509419.3307    779142.0868   5250975.8759   2   6   0.1851   0.0840   0.1089   0.0696   0.0458   0.1104  -0.30    1.1
2026/04/23 07:46:06.800   3509419.3446    779142.2417   5250975.8584   2   6   0.1852   0.0840   0.1089   0.0695   0.0458   0.1104  -0.20    1.1
2026/04/23 07:46:06.900   3509419.3125    779142.3752   5250975.8567   2   6   0.1853   0.0839   0.1089   0.0695   0.0457   0.1105  -0.10    1.1
2026/04/23 07:46:07.000   3509419.2637    779142.4837   5250975.8654   2   6   0.1853   0.0839   0.1089   0.0694   0.0457   0.1105   0.00    1.1
2026/04/23 07:46:07.100   3509419.2163    779142.5737   5250975.8763   2   6   0.1853   0.0839   0.1089   0.0694   0.0456   0.1106   0.10    1.1
2026/04/23 07:46:07.200   3509419.1720    779142.6664   5250975.8864   2   6   0.1854   0.0839   0.1088   0.0694   0.0456   0.1106   0.20    1.1
2026/04/23 07:46:07.300   3509419.1354    779142.7675   5250975.8906   2   6   0.1854   0.0839   0.1088   0.0694   0.0456   0.1106   0.30    1.1
2026/04/23 07:46:07.400   3509419.0694    779142.8953   5250975.9000   2   6   0.1854   0.0838   0.1088   0.0693   0.0456   0.1107   0.40    1.1
2026/04/23 07:46:07.500   3509418.9691    779143.0210   5250975.9266   2   6   0.1854   0.0838   0.1088   0.0693   0.0455   0.1107  -0.50    1.1
2026/04/23 07:46:07.600   3509418.8779    779143.0981   5250975.9652   2   6   0.1854   0.0838   0.1088   0.0693   0.0455   0.1107  -0.40    1.1
2026/04/23 07:46:07.700   3509418.7891    779143.1395   5250976.0136   2   6   0.1854   0.0838   0.1087   0.0693   0.0455   0.1107  -0.30    1.1
2026/04/23 07:46:07.800   3509418.7301    779143.1595   5250976.0474   2   6   0.1853   0.0838   0.1087   0.0693   0.0455   0.1107  -0.20    1.1
2026/04/23 07:46:07.900   3509418.7029    779143.1728   5250976.0655   2   6   0.1853   0.0837   0.1086   0.0693   0.0455   0.1107  -0.10    1.1
2026/04/23 07:46:08.000   3509418.6715    779143.2346   5250976.0829   2   6   0.1853   0.0837   0.1086   0.0693   0.0455   0.1106   0.00    1.1
2026/04/23 07:46:08.100   3509418.6114    779143.3479   5250976.0886   2   6   0.1852   0.0837   0.1085   0.0693   0.0454   0.1106   0.10    1.1
2026/04/23 07:46:08.200   3509418.5690    779143.4347   5250976.0941   2   6   0.1852   0.0837   0.1085   0.0693   0.0454   0.1106   0.20    1.1
2026/04/23 07:46:08.300   3509418.5504    779143.5013   5250976.0908   2   6   0.1851   0.0836   0.1084   0.0693   0.0454   0.1105   0.30    1.1
2026/04/23 07:46:08.400   3509418.5488    779143.5664   5250976.0834   2   6   0.1851   0.0836   0.1084   0.0692   0.0454   0.1105   0.40    1.1
2026/04/23 07:46:08.500   3509418.5536    779143.6739   5250976.0663   2   6   0.1850   0.0836   0.1083   0.0692   0.0454   0.1104  -0.50    1.1
2026/04/23 07:46:08.600   3509418.5475    779143.8311   5250976.0398   2   6   0.1850   0.0836   0.1083   0.0692   0.0453   0.1104  -0.40    1.1
2026/04/23 07:46:08.700   3509418.5522    779143.9794   5250976.0137   2   6   0.1849   0.0836   0.1082   0.0692   0.0453   0.1103  -0.30    1.1
2026/04/23 07:46:08.800   3509418.5672    779144.0947   5250975.9820   2   6   0.1849   0.0835   0.1081   0.0692   0.0453   0.1103  -0.20    1.1
2026/04/23 07:46:08.900   3509418.5965    779144.1792   5250975.9475   2   6   0.1848   0.0835   0.1081   0.0692   0.0452   0.1103  -0.10    1.1
2026/04/23 07:46:09.000   3509418.6247    779144.2354   5250975.9184   2   6   0.1847   0.0835   0.1080   0.0691   0.0452   0.1102   0.00    1.1
2026/04/23 07:46:09.100   3509418.6655    779144.3260   5250975.8734   2   6   0.1847   0.0835   0.1079   0.0691   0.0452   0.1102   0.10    1.1
2026/04/23 07:46:09.200   3509418.7063    779144.4651   5250975.8257   2   6   0.1846   0.0834   0.1078   0.0691   0.0452   0.1101   0.20    1.1
2026/04/23 07:46:09.300   3509418.7417    779144.5730   5250975.7796   2   6   0.1846   0.0834   0.1078   0.0691   0.0451   0.1101   0.30    1.1
2026/04/23 07:46:09.400   3509418.7898    779144.6406   5250975.7413   2   6   0.1845   0.0834   0.1077   0.0691   0.0451   0.1100   0.40    1.1
2026/04/23 07:46:09.500   3509418.8319    779144.6811   5250975.7078   2   6   0.1844   0.0834   0.1077   0.0691   0.0451   0.1100  -0.50    1.1
2026/04/23 07:46:09.600   3509418.8900    779144.7446   5250975.6597   2   6   0.1844   0.0833   0.1076   0.0690   0.0451   0.1099  -0.40    1.1
2026/04/23 07:46:09.700   3509418.9565    779144.8537   5250975.5907   2   6   0.1843   0.0833   0.1075   0.0690   0.0450   0.1099  -0.30    1.1
2026/04/23 07:46:09.800   3509419.0138    779144.9340   5250975.5315   2   6   0.1843   0.0833   0.1075   0.0690   0.0450   0.1098  -0.20    1.1
2026/04/23 07:46:09.900   3509419.0635    779144.9827   5250975.4805   2   6   0.1842   0.0833   0.1074   0.0690   0.0450   0.1098  -0.10    1.1
2026/04/23 07:46:10.000   3509419.0987    779145.0057   5250975.4467   2   6   0.1842   0.0833   0.1073   0.0689   0.0449   0.1097   0.00    1.1
2026/04/23 07:46:10.100   3509419.1123    779145.0069   5250975.4275   2   6   0.1842   0.0832   0.1073   0.0689   0.0449   0.1097   0.10    1.1
2026/04/23 07:46:10.200   3509419.1448    779145.0202   5250975.3980   2   6   0.1841   0.0832   0.1072   0.0689   0.0449   0.1097   0.20    1.1
2026/04/23 07:46:10.300   3509419.2051    779145.0733   5250975.3462   2   6   0.1841   0.0832   0.1071   0.0689   0.0448   0.1096   0.30    1.1
2026/04/23 07:46:10.400   3509419.2831    779145.1714   5250975.2729   2   6   0.1840   0.0832   0.1071   0.0688   0.0448   0.1096   0.40    1.1
2026/04/23 07:46:10.500   3509419.3256    779145.2556   5250975.2297   2   6   0.1840   0.0831   0.1070   0.0688   0.0448   0.1095  -0.50    1.1
2026/04/23 07:46:10.600   3509419.3234    779145.3149   5250975.2166   2   6   0.1839   0.0831   0.1070   0.0688   0.0447   0.1095  -0.40    1.1
2026/04/23 07:46:10.700   3509419.3110    779145.3539   5250975.2210   2   6   0.1839   0.0831   0.1069   0.0688   0.0447   0.1095  -0.30    1.1
2026/04/23 07:46:10.800   3509419.3172    779145.3975   5250975.2121   2   6   0.1838   0.0831   0.1068   0.0687   0.0447   0.1094  -0.20    1.1
2026/04/23 07:46:10.900   3509419.3403    779145.4971   5250975.1799   2   6   0.1838   0.0831   0.1068   0.0687   0.0446   0.1094  -0.10    1.1
2026/04/23 07:46:11.000   3509419.3618    779145.6259   5250975.1360   2   6   0.1837   0.0830   0.1067   0.0687   0.0446   0.1093   0.00    1.1
2026/04/23 07:46:11.100   3509419.3458    779145.7397   5250975.1222   2   6   0.1837   0.0830   0.1066   0.0687   0.0446   0.1093   0.10    1.1
2026/04/23 07:46:11.200   3509419.3120    779145.8286   5250975.1208   2   6   0.1837   0.0830   0.1066   0.0686   0.0445   0.1093   0.20    1.1
2026/04/23 07:46:11.300   3509419.2906    779145.9165   5250975.1210   2   6   0.1836   0.0830   0.1065   0.0686   0.0445   0.1092   0.30    1.1
2026/04/23 07:46:11.400   3509419.2809    779146.0480   5250975.1081   2   6   0.1836   0.0829   0.1065   0.0686   0.0445   0.1092   0.40    1.1
2026/04/23 07:46:11.500   3509419.2501    779146.2092   5250975.0913   2   6   0.1835   0.0829   0.1064   0.0686   0.0444   0.1091  -0.50    1.1
2026/04/23 07:46:11.600   3509419.2056    779146.3214   5250975.1054   2   6   0.1835   0.0829   0.1063   0.0685   0.0444   0.1091  -0.40    1.1
2026/04/23 07:46:11.700   3509419.1505    779146.3927   5250975.1309   2   6   0.1834   0.0829   0.1063   0.0685   0.0444   0.1091  -0.30    1.1
2026/04/23 07:46:11.800   3509419.1083    779146.4339   5250975.1544   2   6   0.1834   0.0829   0.1062   0.0685   0.0443   0.1090  -0.20    1.1
2026/04/23 07:46:11.900   3509419.0750    779146.4980   5250975.1725   2   6   0.1833   0.0828   0.1061   0.0685   0.0443   0.1090  -0.10    1.1
2026/04/23 07:46:12.000   3509419.0429    779146.6102   5250975.1824   2   6   0.1833   0.0828   0.1061   0.0684   0.0443   0.1089   0.00    1.1
2026/04/23 07:46:12.100   3509418.9805    779146.7200   5250975.2013   2   6   0.1832   0.0828   0.1060   0.0684   0.0442   0.1089   0.10    1.1
2026/04/23 07:46:12.200   3509418.9095    779146.8166   5250975.2418   2   6   0.1832   0.0828   0.1059   0.0684   0.0442   0.1088   0.20    1.1
2026/04/23 07:46:12.300   3509418.8147    779146.8858   5250975.2938   2   6   0.1832   0.0827   0.1059   0.0684   0.0442   0.1088   0.30    1.1
2026/04/23 07:46:12.400   3509418.7232    779146.9438   5250975.3522   2   6   0.1831   0.0827   0.1058   0.0683   0.0441   0.1088   0.40    1.1
2026/04/23 07:46:12.500   3509418.6425    779146.9718   5250975.4053   2   6   0.1831   0.0827   0.1058   0.0683   0.0441   0.1087  -0.50    1.1
2026/04/23 07:46:12.600   3509418.5752    779146.9798   5250975.4556   2   6   0.1830   0.0827   0.1057   0.0683   0.0441   0.1087  -0.40    1.1
2026/04/23 07:46:12.700   3509418.5332    779146.9925   5250975.4967   2   6   0.1830   0.0827   0.1056   0.0683   0.0440   0.1086  -0.30    1.1
2026/04/23 07:46:12.800   3509418.4943    779147.0298   5250975.5309   2   6   0.1829   0.0826   0.1056   0.0682   0.0440   0.1086  -0.20    1.1
2026/04/23 07:46:12.900   3509418.4327    779147.1102   5250975.5755   2   6   0.1829   0.0826   0.1055   0.0682   0.0440   0.1086  -0.10    1.2
2026/04/23 07:46:13.000   3509418.3597    779147.2302   5250975.6090   2   6   0.1828   0.0826   0.1054   0.0682   0.0439   0.1085   0.00    1.2
2026/04/23 07:46:13.100   3509418.3074    779147.3780   5250975.6293   2   6   0.1828   0.0826   0.1054   0.0682   0.0439   0.1085   0.10    1.2
2026/04/23 07:46:13.200   3509418.2840    779147.5344   5250975.6360   2   6   0.1827   0.0825   0.1053   0.0681   0.0439   0.1084   0.20    1.2
2026/04/23 07:46:13.300   3509418.2715    779147.6932   5250975.6316   2   6   0.1827   0.0825   0.1052   0.0681   0.0438   0.1084   0.30    1.2
2026/04/23 07:46:13.400   3509418.2777    779147.8366   5250975.6110   2   6   0.1826   0.0825   0.1052   0.0681   0.0438   0.1083   0.40    1.2
2026/04/23 07:46:13.500   3509418.2761    779148.0045   5250975.6003   2   6   0.1826   0.0825   0.1051   0.0681   0.0438   0.1083  -0.50    1.2
2026/04/23 07:46:13.600   3509418.2791    779148.1776   5250975.5777   2   6   0.1826   0.0825   0.1051   0.0681   0.0437   0.1083  -0.40    1.2
2026/04/23 07:46:13.700   3509418.2947    779148.3618   5250975.5415   2   6   0.1825   0.0824   0.1050   0.0680   0.0437   0.1082  -0.30    1.2
2026/04/23 07:46:13.800   3509418.3267    779148.5433   5250975.4955   2   6   0.1825   0.0824   0.1049   0.0680   0.0437   0.1082  -0.20    1.2
2026/04/23 07:46:13.900   3509418.3776    779148.7222   5250975.4323   2   6   0.1824   0.0824   0.1049   0.0680   0.0436   0.1081  -0.10    1.2
2026/04/23 07:46:14.000   3509418.4545    779148.8979   5250975.3549   2   6   0.1824   0.0824   0.1048   0.0680   0.0436   0.1081   0.00    1.2
2026/04/23 07:46:14.100   3509418.5451    779149.0360   5250975.2754   2   6   0.1823   0.0824   0.1047   0.0679   0.0436   0.1080   0.10    1.2
2026/04/23 07:46:14.200   3509418.6444    779149.1365   5250975.1957   2   6   0.1823   0.0823   0.1047   0.0679   0.0435   0.1080   0.20    1.2
2026/04/23 07:46:14.300   3509418.7539    779149.2301   5250975.1098   2   6   0.1822   0.0823   0.1046   0.0679   0.0435   0.1080   0.30    1.2
2026/04/23 07:46:14.400   3509418.8733    779149.3347   5250975.0185   2   6   0.1822   0.0823   0.1045   0.0679   0.0435   0.1079   0.40    1.2
2026/04/23 07:46:14.500   3509418.9958    779149.4334   5250974.9195   2   6   0.1821   0.0823   0.1045   0.0678   0.0435   0.1079  -0.50    1.2
2026/04/23 07:46:14.600   3509419.1205    779149.5393   5250974.8158   2   6   0.1821   0.0823   0.1044   0.0678   0.0434   0.1078  -0.40    1.2
2026/04/23 07:46:14.700   3509419.2323    779149.6387   5250974.7270   2   6   0.1821   0.0822   0.1044   0.0678   0.0434   0.1078  -0.30    1.2
2026/04/23 07:46:14.800   3509419.3112    779149.7282   5250974.6549   2   6   0.1820   0.0822   0.1043   0.0678   0.0434   0.1078  -0.20    1.2
2026/04/23 07:46:14.900   3509419.3568    779149.8135   5250974.6027   2   6   0.1820   0.0822   0.1042   0.0677   0.0433   0.1077  -0.10    1.2
2026/04/23 07:46:15.000   3509419.3818    779149.8832   5250974.5689   2   6   0.1819   0.0822   0.1042   0.0677   0.0433   0.1077   0.00    1.2
2026/04/23 07:46:15.100   3509419.3967    779149.9507   5250974.5439   2   6   0.1819   0.0821   0.1041   0.0677   0.0433   0.1076   0.10    1.2
2026/04/23 07:46:15.200   3509419.4055    779150.0180   5250974.5192   2   6   0.1818   0.0821   0.1040   0.0677   0.0432   0.1076   0.20    1.2
2026/04/23 07:46:15.300   3509419.4047    779150.1114   5250974.4989   2   6   0.1818   0.0821   0.1040   0.0676   0.0432   0.1075   0.30    1.2
2026/04/23 07:46:15.400   3509419.3926    779150.2152   5250974.4864   2   6   0.1817   0.0821   0.1039   0.0676   0.0432   0.1075   0.40    1.2
2026/04/23 07:46:15.500   3509419.3662    779150.3379   5250974.4757   2   6   0.1817   0.0821   0.1038   0.0676   0.0431   0.1074  -0.50    1.2
2026/04/23 07:46:15.600   3509419.3309    779150.4617   5250974.4743   2   6   0.1816   0.0820   0.1038   0.0676   0.0431   0.1074  -0.40    1.2
2026/04/23 07:46:15.700   3509419.2945    779150.6055   5250974.4777   2   6   0.1816   0.0820   0.1037   0.0676   0.0431   0.1073  -0.30    1.2
2026/04/23 07:46:15.800   3509419.2557    779150.7500   5250974.4789   2   6   0.1815   0.0820   0.1036   0.0676   0.0431   0.1073  -0.20    1.2
2026/04/23 07:46:15.900   3509419.1995    779150.9020   5250974.4967   2   6   0.1814   0.0820   0.1036   0.0675   0.0430   0.1072  -0.10    1.2
2026/04/23 07:46:16.000   3509419.1317    779151.0478   5250974.5247   2   6   0.1814   0.0819   0.1035   0.0675   0.0430   0.1072   0.00    1.2
2026/04/23 07:46:16.100   3509419.0505    779151.1889   5250974.5574   2   6   0.1813   0.0819   0.1034   0.0675   0.0430   0.1071   0.10    1.2
2026/04/23 07:46:16.200   3509418.9626    779151.3245   5250974.5958   2   6   0.1813   0.0819   0.1034   0.0675   0.0429   0.1071   0.20    1.2
2026/04/23 07:46:16.300   3509418.8644    779151.4426   5250974.6417   2   6   0.1812   0.0819   0.1033   0.0675   0.0429   0.1070   0.30    1.2
2026/04/23 07:46:16.400   3509418.7594    779151.5472   5250974.6986   2   6   0.1811   0.0819   0.1032   0.0675   0.0429   0.1070   0.40    1.2
2026/04/23 07:46:16.500   3509418.6504    779151.6505   5250974.7619   2   6   0.1811   0.0818   0.1032   0.0674   0.0429   0.1069  -0.50    1.2
2026/04/23 07:46:16.600   3509418.5547    779151.7603   5250974.8165   2   6   0.1810   0.0818   0.1031   0.0674   0.0428   0.1069  -0.40    1.2
2026/04/23 07:46:16.700   3509418.4695    779151.8835   5250974.8519   2   6   0.1810   0.0818   0.1030   0.0674   0.0428   0.1068  -0.30    1.2
2026/04/23 07:46:16.800   3509418.4082    779152.0157   5250974.8721   2   6   0.1809   0.0818   0.1029   0.0674   0.0428   0.1068  -0.20    1.2
2026/04/23 07:46:16.900   3509418.3717    779152.1555   5250974.8818   2   6   0.1808   0.0817   0.1029   0.0674   0.0428   0.1067  -0.10    1.2
2026/04/23 07:46:17.000   3509418.3528    779152.3010   5250974.8671   2   6   0.1808   0.0817   0.1028   0.0674   0.0427   0.1067   0.00    1.2
2026/04/23 07:46:17.100   3509418.3579    779152.4460   5250974.8437   2   6   0.1807   0.0817   0.1027   0.0673   0.0427   0.1066   0.10    1.2
2026/04/23 07:46:17.200   3509418.3702    779152.5955   5250974.8129   2   6   0.1807   0.0817   0.1027   0.0673   0.0427   0.1066   0.20    1.2
2026/04/23 07:46:17.300   3509418.4010    779152.7485   5250974.7746   2   6   0.1806   0.0817   0.1026   0.0673   0.0426   0.1065   0.30    1.2
2026/04/23 07:46:17.400   3509418.4410    779152.8871   5250974.7231   2   6   0.1806   0.0816   0.1025   0.0673   0.0426   0.1065   0.40    1.2
2026/04/23 07:46:17.500   3509418.4950    779153.0231   5250974.6648   2   6   0.1805   0.0816   0.1025   0.0673   0.0426   0.1064  -0.50    1.2
2026/04/23 07:46:17.600   3509418.5537    779153.1566   5250974.5979   2   6   0.1804   0.0816   0.1024   0.0673   0.0426   0.1064  -0.40    1.2
2026/04/23 07:46:17.700   3509418.6226    779153.2808   5250974.5307   2   6   0.1804   0.0816   0.1023   0.0672   0.0425   0.1063  -0.30    1.2
2026/04/23 07:46:17.800   3509418.7050    779153.3895   5250974.4551   2   6   0.1803   0.0815   0.1023   0.0672   0.0425   0.1063  -0.20    1.2
2026/04/23 07:46:17.900   3509418.7967    779153.4923   5250974.3829   2   6   0.1803   0.0815   0.1022   0.0672   0.0425   0.1062  -0.10    1.2
2026/04/23 07:46:18.000   3509418.8998    779153.6019   5250974.2975   2   6   0.1802   0.0815   0.1021   0.0672   0.0424   0.1062   0.00    1.2
2026/04/23 07:46:18.100   3509419.0189    779153.7110   5250974.2002   2   6   0.1802   0.0815   0.1021   0.0672   0.0424   0.1061   0.10    1.2
2026/04/23 07:46:18.200   3509419.1554    779153.7932   5250974.1013   2   6   0.1801   0.0815   0.1020   0.0672   0.0424   0.1061   0.20    1.2
2026/04/23 07:46:18.300   3509419.2785    779153.8460   5250974.0051   2   6   0.1800   0.0814   0.1019   0.0671   0.0424   0.1060   0.30    1.2
2026/04/23 07:46:18.400   3509419.3952    779153.8910   5250973.9237   2   6   0.1800   0.0814   0.1019   0.0671   0.0423   0.1060   0.40    1.2
2026/04/23 07:46:18.500   3509419.4888    779153.9353   5250973.8531   2   6   0.1800   0.0814   0.1018   0.0671   0.0423   0.1059  -0.50    1.2
2026/04/23 07:46:18.600   3509419.5790    779153.9921   5250973.7807   2   6   0.1799   0.0814   0.1017   0.0671   0.0423   0.1059  -0.40    1.2
2026/04/23 07:46:18.700   3509419.6585    779154.0873   5250973.7087   2   6   0.1799   0.0814   0.1017   0.0670   0.0422   0.1059  -0.30    1.2
2026/04/23 07:46:18.800   3509419.7115    779154.2041   5250973.6504   2   6   0.1798   0.0813   0.1016   0.0670   0.0422   0.1058  -0.20    1.2
2026/04/23 07:46:18.900   3509419.7422    779154.3435   5250973.6028   2   6   0.1798   0.0813   0.1016   0.0670   0.0422   0.1058  -0.10    1.2
2026/04/23 07:46:19.000   3509419.7581    779154.5007   5250973.5628   2   6   0.1797   0.0813   0.1015   0.0670   0.0421   0.1057   0.00    1.2
2026/04/23 07:46:19.100   3509419.7517    779154.6684   5250973.5383   2   6   0.1797   0.0813   0.1014   0.0669   0.0421   0.1057   0.10    1.2
2026/04/23 07:46:19.200   3509419.7292    779154.8440   5250973.5276   2   6   0.1796   0.0813   0.1014   0.0669   0.0421   0.1056   0.20    1.2
2026/04/23 07:46:19.300   3509419.6842    779155.0271   5250973.5240   2   6   0.1796   0.0812   0.1013   0.0669   0.0420   0.1056   0.30    1.2
2026/04/23 07:46:19.400   3509419.6250    779155.2051   5250973.5326   2   6   0.1796   0.0812   0.1012   0.0669   0.0420   0.1056   0.40    1.2
2026/04/23 07:46:19.500   3509419.5553    779155.3754   5250973.5504   2   6   0.1795   0.0812   0.1012   0.0668   0.0420   0.1055  -0.50    1.2
2026/04/23 07:46:19.600   3509419.4742    779155.5362   5250973.5849   2   6   0.1795   0.0812   0.1011   0.0668   0.0419   0.1055  -0.40    1.2
2026/04/23 07:46:19.700   3509419.3709    779155.6891   5250973.6243   2   6   0.1794   0.0811   0.1010   0.0668   0.0419   0.1054  -0.30    1.2
2026/04/23 07:46:19.800   3509419.2582    779155.8275   5250973.6790   2   6   0.1794   0.0811   0.1010   0.0668   0.0419   0.1054  -0.20    1.2
2026/04/23 07:46:19.900   3509419.1316    779155.9494   5250973.7475   2   6   0.1793   0.0811   0.1009   0.0668   0.0418   0.1053  -0.10    1.2
2026/04/23 07:46:20.000   3509419.0103    779156.0719   5250973.8115   2   6   0.1793   0.0811   0.1009   0.0667   0.0418   0.1053   0.00    1.2
2026/04/23 07:46:20.100   3509418.9209    779156.1978   5250973.8593   2   6   0.1792   0.0811   0.1008   0.0667   0.0418   0.1053   0.10    1.2
2026/04/23 07:46:20.200   3509418.8486    779156.3339   5250973.8934   2   6   0.1792   0.0810   0.1007   0.0667   0.0417   0.1052   0.20    1.2
2026/04/23 07:46:20.300   3509418.7928    779156.4745   5250973.9035   2   6   0.1791   0.0810   0.1007   0.0667   0.0417   0.1052   0.30    1.2
2026/04/23 07:46:20.400   3509418.7640    779156.6261   5250973.8983   2   6   0.1791   0.0810   0.1006   0.0666   0.0417   0.1051   0.40    1.2
2026/04/23 07:46:20.500   3509418.7617    779156.7791   5250973.8757   2   6   0.1791   0.0810   0.1005   0.0666   0.0417   0.1051  -0.50    1.2
2026/04/23 07:46:20.600   3509418.7809    779156.9368   5250973.8400   2   6   0.1790   0.0810   0.1005   0.0666   0.0416   0.1050  -0.40    1.2
2026/04/23 07:46:20.700   3509418.8174    779157.0923   5250973.7849   2   6   0.1790   0.0809   0.1004   0.0666   0.0416   0.1050  -0.30    1.2
2026/04/23 07:46:20.800   3509418.8726    779157.2434   5250973.7222   2   6   0.1789   0.0809   0.1003   0.0665   0.0416   0.1050  -0.20    1.2
2026/04/23 07:46:20.900   3509418.9414    779157.3842   5250973.6502   2   6   0.1789   0.0809   0.1003   0.0665   0.0415   0.1049  -0.10    1.2
2026/04/23 07:46:21.000   3509419.0261    779157.5192   5250973.5728   2   6   0.1788   0.0809   0.1002   0.0665   0.0415   0.1049   0.00    1.2
2026/04/23 07:46:21.100   3509419.1189    779157.6438   5250973.4872   2   6   0.1788   0.0809   0.1002   0.0665   0.0415   0.1048   0.10    1.2
2026/04/23 07:46:21.200   3509419.2215    779157.7655   5250973.3970   2   6   0.1787   0.0808   0.1001   0.0664   0.0414   0.1048   0.20    1.2
2026/04/23 07:46:21.300   3509419.3276    779157.8912   5250973.3167   2   6   0.1787   0.0808   0.1000   0.0664   0.0414   0.1047   0.30    1.2
2026/04/23 07:46:21.400   3509419.4278    779158.0146   5250973.2296   2   6   0.1786   0.0808   0.1000   0.0664   0.0414   0.1047   0.40    1.2
2026/04/23 07:46:21.500   3509419.5169    779158.1469   5250973.1528   2   6   0.1786   0.0808   0.0999   0.0664   0.0413   0.1047  -0.50    1.2
2026/04/23 07:46:21.600   3509419.5936    779158.2883   5250973.0788   2   6   0.1786   0.0808   0.0998   0.0664   0.0413   0.1046  -0.40    1.2
2026/04/23 07:46:21.700   3509419.6548    779158.4339   5250973.0061   2   6   0.1785   0.0807   0.0998   0.0663   0.0413   0.1046  -0.30    1.2
2026/04/23 07:46:21.800   3509419.7027    779158.5784   5250972.9417   2   6   0.1785   0.0807   0.0997   0.0663   0.0412   0.1045  -0.20    1.2
2026/04/23 07:46:21.900   3509419.7419    779158.7228   5250972.8932   2   6   0.1784   0.0807   0.0996   0.0663   0.0412   0.1045  -0.10    1.2
2026/04/23 07:46:22.000   3509419.7656    779158.8672   5250972.8531   2   6   0.1784   0.0807   0.0996   0.0663   0.0412   0.1044   0.00    1.2
2026/04/23 07:46:22.100   3509419.7739    779158.9928   5250972.8218   2   6   0.1783   0.0807   0.0995   0.0662   0.0411   0.1044   0.10    1.2
2026/04/23 07:46:22.200   3509419.7737    779159.1008   5250972.8054   2   6   0.1783   0.0806   0.0995   0.0662   0.0411   0.1044   0.20    1.2
2026/04/23 07:46:22.300   3509419.7630    779159.1901   5250972.7982   2   6   0.1782   0.0806   0.0994   0.0662   0.0411   0.1043   0.30    1.2
2026/04/23 07:46:22.400   3509419.7386    779159.2672   5250972.7928   2   6   0.1782   0.0806   0.0993   0.0662   0.0411   0.1043   0.40    1.2
2026/04/23 07:46:22.500   3509419.7205    779159.3375   5250972.7880   2   6   0.1781   0.0806   0.0993   0.0662   0.0410   0.1042  -0.50    1.2
2026/04/23 07:46:22.600   3509419.6933    779159.3919   5250972.7928   2   6   0.1781   0.0806   0.0992   0.0661   0.0410   0.1042  -0.40    1.2
2026/04/23 07:46:22.700   3509419.6634    779159.4236   5250972.8021   2   6   0.1780   0.0805   0.0991   0.0661   0.0410   0.1041  -0.30    1.2
2026/04/23 07:46:22.800   3509419.6345    779159.4349   5250972.8142   2   6   0.1780   0.0805   0.0991   0.0661   0.0409   0.1041  -0.20    1.2
2026/04/23 07:46:22.900   3509419.6082    779159.4282   5250972.8237   2   6   0.1779   0.0805   0.0990   0.0661   0.0409   0.1040  -0.10    1.2
2026/04/23 07:46:23.000   3509419.5931    779159.4099   5250972.8303   2   6   0.1778   0.0805   0.0989   0.0661   0.0409   0.1040   0.00    1.2
2026/04/23 07:46:23.100   3509419.5826    779159.3886   5250972.8340   2   6   0.1778   0.0804   0.0989   0.0661   0.0409   0.1039   0.10    1.2
2026/04/23 07:46:23.200   3509419.5768    779159.3694   5250972.8343   2   6   0.1777   0.0804   0.0988   0.0660   0.0408   0.1039   0.20    1.2
2026/04/23 07:46:23.300   3509419.5741    779159.3526   5250972.8337   2   6   0.1777   0.0804   0.0987   0.0660   0.0408   0.1038   0.30    1.2
2026/04/23 07:46:23.400   3509419.5733    779159.3400   5250972.8282   2   6   0.1776   0.0804   0.0987   0.0660   0.0408   0.1038   0.40    1.2
2026/04/23 07:46:23.500   3509419.5760    779159.3319   5250972.8205   2   6   0.1776   0.0804   0.0986   0.0660   0.0408   0.1037  -0.50    1.2
2026/04/23 07:46:23.600   3509419.5818    779159.3284   5250972.8134   2   6   0.1775   0.0803   0.0985   0.0660   0.0407   0.1037  -0.40    1.2
2026/04/23 07:46:23.700   3509419.5902    779159.3283   5250972.8069   2   6   0.1774   0.0803   0.0985   0.0660   0.0407   0.1036  -0.30    1.2
2026/04/23 07:46:23.800   3509419.5983    779159.3312   5250972.7999   2   6   0.1774   0.0803   0.0984   0.0659   0.0407   0.1036  -0.20    1.2
2026/04/23 07:46:23.900   3509419.6073    779159.3365   5250972.7918   2   6   0.1773   0.0803   0.0983   0.0659   0.0406   0.1035  -0.10    1.2
2026/04/23 07:46:24.000   3509419.6118    779159.3444   5250972.7852   2   6   0.1773   0.0803   0.0983   0.0659   0.0406   0.1035   0.00    1.2
2026/04/23 07:46:24.100   3509419.6159    779159.3514   5250972.7783   2   6   0.1772   0.0802   0.0982   0.0659   0.0406   0.1034   0.10    1.2
2026/04/23 07:46:24.200   3509419.6195    779159.3585   5250972.7740   2   6   0.1772   0.0802   0.0981   0.0659   0.0406   0.1034   0.20    1.2
2026/04/23 07:46:24.300   3509419.6224    779159.3661   5250972.7678   2   6   0.1771   0.0802   0.0981   0.0659   0.0405   0.1033   0.30    1.2
2026/04/23 07:46:24.400   3509419.6217    779159.3724   5250972.7630   2   6   0.1770   0.0802   0.0980   0.0658   0.0405   0.1033   0.40    1.2
2026/04/23 07:46:24.500   3509419.6220    779159.3766   5250972.7588   2   6   0.1770   0.0802   0.0979   0.0658   0.0405   0.1032  -0.50    1.2
2026/04/23 07:46:24.600   3509419.6203    779159.3806   5250972.7561   2   6   0.1769   0.0801   0.0979   0.0658   0.0405   0.1032  -0.40    1.2
2026/04/23 07:46:24.700   3509419.6184    779159.3836   5250972.7525   2   7   0.1769   0.0801   0.0978   0.0658   0.0404   0.1031  -0.30    1.1
2026/04/23 07:46:24.800   3509419.6146    779159.3860   5250972.7499   2   7   0.1768   0.0801   0.0977   0.0658   0.0404   0.1031  -0.20    1.1
2026/04/23 07:46:24.900   3509419.6123    779159.3874   5250972.7482   2   7   0.1768   0.0801   0.0977   0.0658   0.0404   0.1030  -0.10    1.2
2026/04/23 07:46:25.000   3509419.6113    779159.3880   5250972.7462   2   7   0.1767   0.0800   0.0976   0.0658   0.0403   0.1029   0.00    1.2
2026/04/23 07:46:25.100   3509419.6112    779159.3879   5250972.7465   2   7   0.1766   0.0800   0.0975   0.0658   0.0403   0.1029   0.10    1.2
2026/04/23 07:46:25.200   3509419.6107    779159.3866   5250972.7463   2   7   0.1765   0.0800   0.0975   0.0658   0.0403   0.1028   0.20    1.2
2026/04/23 07:46:25.300   3509419.6077    779159.3861   5250972.7465   2   7   0.1765   0.0800   0.0974   0.0658   0.0403   0.1028   0.30    1.2
2026/04/23 07:46:25.400   3509419.6072    779159.3853   5250972.7463   2   7   0.1764   0.0799   0.0973   0.0658   0.0403   0.1027   0.40    1.2
2026/04/23 07:46:25.500   3509419.6078    779159.3848   5250972.7462   2   7   0.1763   0.0799   0.0972   0.0658   0.0403   0.1026  -0.50    1.2
2026/04/23 07:46:25.600   3509419.6083    779159.3843   5250972.7447   2   7   0.1762   0.0799   0.0972   0.0658   0.0403   0.1025  -0.40    1.2
2026/04/23 07:46:25.700   3509419.6078    779159.3833   5250972.7437   2   7   0.1761   0.0799   0.0971   0.0658   0.0403   0.1025  -0.30    1.2
2026/04/23 07:46:25.800   3509419.6077    779159.3827   5250972.7438   2   7   0.1760   0.0798   0.0970   0.0658   0.0402   0.1024  -0.20    1.1
2026/04/23 07:46:25.900   3509419.6085    779159.3835   5250972.7442   2   7   0.1759   0.0798   0.0969   0.0658   0.0402   0.1023  -0.10    1.1
2026/04/23 07:46:26.000   3509419.6113    779159.3848   5250972.7445   2   7   0.1758   0.0798   0.0968   0.0658   0.0402   0.1022   0.00    1.1
2026/04/23 07:46:26.100   3509419.6139    779159.3858   5250972.7448   2   7   0.1757   0.0798   0.0967   0.0657   0.0402   0.1021   0.10    1.1
2026/04/23 07:46:26.200   3509419.6143    779159.3864   5250972.7438   2   7   0.1756   0.0798   0.0966   0.0657   0.0401   0.1020   0.20    1.1
2026/04/23 07:46:26.300   3509419.6160    779159.3866   5250972.7442   2   7   0.1756   0.0797   0.0966   0.0657   0.0401   0.1019   0.30    1.1
2026/04/23 07:46:26.400   3509419.6170    779159.3866   5250972.7462   2   7   0.1755   0.0797   0.0965   0.0657   0.0401   0.1019   0.40    1.1
2026/04/23 07:46:26.500   3509419.6183    779159.3869   5250972.7488   2   7   0.1754   0.0797   0.0964   0.0657   0.0400   0.1018  -0.50    1.1
2026/04/23 07:46:26.600   3509419.6196    779159.3869   5250972.7519   2   7   0.1753   0.0797   0.0963   0.0656   0.0400   0.1017  -0.40    1.1
2026/04/23 07:46:26.700   3509419.6211    779159.3879   5250972.7545   2   7   0.1752   0.0797   0.0962   0.0656   0.0400   0.1016  -0.30    1.1
2026/04/23 07:46:26.800   3509419.6217    779159.3888   5250972.7551   2   7   0.1751   0.0796   0.0961   0.0656   0.0399   0.1015  -0.20    1.1
2026/04/23 07:46:26.900   3509419.6230    779159.3893   5250972.7570   2   7   0.1751   0.0796   0.0960   0.0656   0.0399   0.1014  -0.10    1.1
2026/04/23 07:46:27.000   3509419.6247    779159.3900   5250972.7604   2   7   0.1750   0.0796   0.0959   0.0656   0.0399   0.1014   0.00    1.1
2026/04/23 07:46:27.100   3509419.6276    779159.3909   5250972.7638   2   7   0.1749   0.0796   0.0958   0.0655   0.0398   0.1013   0.10    1.1
2026/04/23 07:46:27.200   3509419.6299    779159.3919   5250972.7658   2   7   0.1748   0.0795   0.0957   0.0655   0.0398   0.1012   0.20    1.1
2026/04/23 07:46:27.300   3509419.6317    779159.3929   5250972.7681   2   7   0.1748   0.0795   0.0957   0.0655   0.0398   0.1011   0.30    1.1
2026/04/23 07:46:27.400   3509419.6338    779159.3939   5250972.7711   2   7   0.1747   0.0795   0.0956   0.0655   0.0397   0.1011   0.40    1.1
2026/04/23 07:46:27.500   3509419.6355    779159.3953   5250972.7731   2   7   0.1746   0.0795   0.0955   0.0655   0.0397   0.1010  -0.50    1.1
2026/04/23 07:46:27.600   3509419.6374    779159.3966   5250972.7752   2   7   0.1746   0.0795   0.0954   0.0654   0.0397   0.1009  -0.40    1.1
2026/04/23 07:46:27.700   3509419.6381    779159.3976   5250972.7777   2   7   0.1745   0.0794   0.0953   0.0654   0.0397   0.1008  -0.30    1.1
2026/04/23 07:46:27.800   3509419.6386    779159.3979   5250972.7794   2   7   0.1744   0.0794   0.0952   0.0654   0.0396   0.1008  -0.20    1.1
2026/04/23 07:46:27.900   3509419.6396    779159.3985   5250972.7813   2   7   0.1743   0.0794   0.0952   0.0654   0.0396   0.1007  -0.10    1.1
2026/04/23 07:46:28.000   3509419.6439    779159.3996   5250972.7834   2   7   0.1743   0.0794   0.0951   0.0654   0.0396   0.1006   0.00    1.1
2026/04/23 07:46:28.100   3509419.6470    779159.4012   5250972.7857   2   7   0.1742   0.0794   0.0950   0.0653   0.0395   0.1006   0.10    1.1
2026/04/23 07:46:28.200   3509419.6492    779159.4027   5250972.7867   2   7   0.1741   0.0793   0.0949   0.0653   0.0395   0.1005   0.20    1.1
2026/04/23 07:46:28.300   3509419.6519    779159.4033   5250972.7874   2   7   0.1741   0.0793   0.0949   0.0653   0.0395   0.1005   0.30    1.1
2026/04/23 07:46:28.400   3509419.6534    779159.4038   5250972.7881   2   7   0.1740   0.0793   0.0948   0.0653   0.0394   0.1004   0.40    1.1
2026/04/23 07:46:28.500   3509419.6539    779159.4048   5250972.7876   2   7   0.1739   0.0793   0.0947   0.0653   0.0394   0.1003  -0.50    1.1
2026/04/23 07:46:28.600   3509419.6537    779159.4053   5250972.7870   2   7   0.1739   0.0793   0.0947   0.0652   0.0394   0.1003  -0.40    1.1
2026/04/23 07:46:28.700   3509419.6544    779159.4049   5250972.7854   2   7   0.1738   0.0792   0.0946   0.0652   0.0394   0.1002  -0.30    1.1
2026/04/23 07:46:28.800   3509419.6557    779159.4050   5250972.7848   2   7   0.1738   0.0792   0.0945   0.0652   0.0393   0.1002  -0.20    1.1
2026/04/23 07:46:28.900   3509419.6574    779159.4047   5250972.7849   2   7   0.1737   0.0792   0.0944   0.0652   0.0393   0.1001  -0.10    1.1
2026/04/23 07:46:29.000   3509419.6579    779159.4053   5250972.7838   2   7   0.1736   0.0792   0.0944   0.0652   0.0393   0.1001   0.00    1.1
2026/04/23 07:46:29.100   3509419.6577    779159.4060   5250972.7837   2   7   0.1736   0.0792   0.0943   0.0652   0.0393   0.1000   0.10    1.1
2026/04/23 07:46:29.200   3509419.6585    779159.4053   5250972.7832   2   7   0.1735   0.0791   0.0942   0.0651   0.0392   0.0999   0.20    1.1
2026/04/23 07:46:29.300   3509419.6615    779159.4050   5250972.7838   2   7   0.1735   0.0791   0.0942   0.0651   0.0392   0.0999   0.30    1.1
2026/04/23 07:46:29.400   3509419.6620    779159.4055   5250972.7857   2   7   0.1734   0.0791   0.0941   0.0651   0.0392   0.0998   0.40    1.1
2026/04/23 07:46:29.500   3509419.6615    779159.4058   5250972.7871   2   7   0.1733   0.0791   0.0940   0.0651   0.0391   0.0998  -0.50    1.1
2026/04/23 07:46:29.600   3509419.6611    779159.4063   5250972.7888   2   7   0.1733   0.0791   0.0940   0.0651   0.0391   0.0997  -0.40    1.1
2026/04/23 07:46:29.700   3509419.6621    779159.4071   5250972.7891   2   7   0.1732   0.0790   0.0939   0.0651   0.0391   0.0997  -0.30    1.1
2026/04/23 07:46:29.800   3509419.6610    779159.4077   5250972.7891   2   7   0.1732   0.0790   0.0938   0.0650   0.0391   0.0996  -0.20    1.1
2026/04/23 07:46:29.900   3509419.6604    779159.4078   5250972.7901   2   7   0.1731   0.0790   0.0938   0.0650   0.0390   0.0996  -0.10    1.1
2026/04/23 07:46:30.000   3509419.6597    779159.4082   5250972.7923   2   7   0.1730   0.0790   0.0937   0.0650   0.0390   0.0995   0.00    1.1
2026/04/23 07:46:30.100   3509419.6642    779159.4089   5250972.7938   2   7   0.1730   0.0790   0.0936   0.0650   0.0390   0.0995   0.10    1.1
2026/04/23 07:46:30.200   3509419.6676    779159.4077   5250972.7970   2   7   0.1729   0.0789   0.0936   0.0650   0.0390   0.0994   0.20    1.1
2026/04/23 07:46:30.300   3509419.6729    779159.4070   5250972.8002   2   7   0.1729   0.0789   0.0935   0.0650   0.0389   0.0994   0.30    1.1
2026/04/23 07:46:30.400   3509419.6823    779159.4082   5250972.8027   2   7   0.1728   0.0789   0.0934   0.0649   0.0389   0.0993   0.40    1.1
2026/04/23 07:46:30.500   3509419.6889    779159.4088   5250972.8062   2   7   0.1728   0.0789   0.0934   0.0649   0.0389   0.0993  -0.50    1.1
2026/04/23 07:46:30.600   3509419.6897    779159.4098   5250972.8087   2   7   0.1727   0.0789   0.0933   0.0649   0.0389   0.0992  -0.40    1.1
2026/04/23 07:46:30.700   3509419.6870    779159.4129   5250972.8105   2   7   0.1727   0.0788   0.0932   0.0649   0.0388   0.0992  -0.30    1.1
2026/04/23 07:46:30.800   3509419.6833    779159.4161   5250972.8122   2   7   0.1726   0.0788   0.0932   0.0649   0.0388   0.0991  -0.20    1.1
2026/04/23 07:46:30.900   3509419.6808    779159.4184   5250972.8144   2   7   0.1725   0.0788   0.0931   0.0649   0.0388   0.0991  -0.10    1.1
2026/04/23 07:46:31.000   3509419.6813    779159.4193   5250972.8164   2   7   0.1725   0.0788   0.0930   0.0649   0.0387   0.0990   0.00    1.1
2026/04/23 07:46:31.100   3509419.6840    779159.4197   5250972.8179   2   7   0.1724   0.0788   0.0930   0.0648   0.0387   0.0990   0.10    1.1
2026/04/23 07:46:31.200   3509419.6852    779159.4190   5250972.8183   2   7   0.1724   0.0787   0.0929   0.0648   0.0387   0.0989   0.20    1.1
2026/04/23 07:46:31.300   3509419.6865    779159.4201   5250972.8181   2   7   0.1723   0.0787   0.0929   0.0648   0.0387   0.0989   0.30    1.1
2026/04/23 07:46:31.400   3509419.6867    779159.4210   5250972.8196   2   7   0.1723   0.0787   0.0928   0.0648   0.0386   0.0988   0.40    1.1
2026/04/23 07:46:31.500   3509419.6878    779159.4204   5250972.8230   2   7   0.1722   0.0787   0.0927   0.0648   0.0386   0.0987  -0.50    1.1
2026/04/23 07:46:31.600   3509419.6920    779159.4178   5250972.8280   2   7   0.1721   0.0787   0.0927   0.0648   0.0386   0.0987  -0.40    1.1
2026/04/23 07:46:31.700   3509419.6947    779159.4153   5250972.8353   2   7   0.1721   0.0786   0.0926   0.0647   0.0386   0.0986  -0.30    1.0
2026/04/23 07:46:31.800   3509419.6951    779159.4121   5250972.8436   2   7   0.1720   0.0786   0.0925   0.0647   0.0385   0.0986  -0.20    1.0
2026/04/23 07:46:31.900   3509419.7007    779159.4127   5250972.8493   2   7   0.1720   0.0786   0.0925   0.0647   0.0385   0.0985  -0.10    1.0
2026/04/23 07:46:32.000   3509419.7046    779159.4158   5250972.8518   2   7   0.1719   0.0786   0.0924   0.0647   0.0385   0.0985   0.00    1.0
2026/04/23 07:46:32.100   3509419.7045    779159.4207   5250972.8510   2   7   0.1719   0.0786   0.0923   0.0647   0.0385   0.0984   0.10    1.0
2026/04/23 07:46:32.200   3509419.7052    779159.4257   5250972.8487   2   7   0.1718   0.0785   0.0923   0.0647   0.0384   0.0984   0.20    1.0
2026/04/23 07:46:32.300   3509419.7052    779159.4300   5250972.8451   2   7   0.1718   0.0785   0.0922   0.0646   0.0384   0.0983   0.30    1.0
2026/04/23 07:46:32.400   3509419.7029    779159.4321   5250972.8424   2   7   0.1717   0.0785   0.0922   0.0646   0.0384   0.0983   0.40    1.0
2026/04/23 07:46:32.500   3509419.7025    779159.4335   5250972.8402   2   7   0.1716   0.0785   0.0921   0.0646   0.0384   0.0982  -0.50    1.0
2026/04/23 07:46:32.600   3509419.7021    779159.4340   5250972.8412   2   7   0.1716   0.0785   0.0920   0.0646   0.0383   0.0982  -0.40    1.0
2026/04/23 07:46:32.700   3509419.7022    779159.4340   5250972.8433   2   7   0.1715   0.0784   0.0920   0.0646   0.0383   0.0981  -0.30    1.0
2026/04/23 07:46:32.800   3509419.7010    779159.4342   5250972.8437   2   7   0.1715   0.0784   0.0919   0.0646   0.0383   0.0981  -0.20    1.0
2026/04/23 07:46:32.900   3509419.7011    779159.4331   5250972.8426   2   7   0.1714   0.0784   0.0918   0.0645   0.0382   0.0980  -0.10    1.0
2026/04/23 07:46:33.000   3509419.7013    779159.4324   5250972.8417   2   7   0.1714   0.0784   0.0918   0.0645   0.0382   0.0980   0.00    1.0
2026/04/23 07:46:33.100   3509419.7008    779159.4315   5250972.8406   2   7   0.1713   0.0784   0.0917   0.0645   0.0382   0.0979   0.10    1.0
2026/04/23 07:46:33.200   3509419.7002    779159.4320   5250972.8400   2   7   0.1712   0.0783   0.0916   0.0645   0.0382   0.0979   0.20    1.0
2026/04/23 07:46:33.300   3509419.6988    779159.4320   5250972.8390   2   7   0.1712   0.0783   0.0916   0.0645   0.0381   0.0978   0.30    1.0
2026/04/23 07:46:33.400   3509419.6978    779159.4322   5250972.8387   2   7   0.1711   0.0783   0.0915   0.0645   0.0381   0.0978   0.40    1.0
2026/04/23 07:46:33.500   3509419.6966    779159.4330   5250972.8374   2   7   0.1711   0.0783   0.0915   0.0644   0.0381   0.0977  -0.50    1.0
2026/04/23 07:46:33.600   3509419.6966    779159.4341   5250972.8371   2   7   0.1710   0.0783   0.0914   0.0644   0.0381   0.0977  -0.40    1.0
2026/04/23 07:46:33.700   3509419.6976    779159.4342   5250972.8374   2   7   0.1710   0.0782   0.0913   0.0644   0.0380   0.0976  -0.30    1.0
2026/04/23 07:46:33.800   3509419.6983    779159.4348   5250972.8382   2   7   0.1709   0.0782   0.0913   0.0644   0.0380   0.0976  -0.20    1.0
2026/04/23 07:46:33.900   3509419.6984    779159.4358   5250972.8376   2   7   0.1709   0.0782   0.0912   0.0644   0.0380   0.0975  -0.10    1.0
2026/04/23 07:46:34.000   3509419.6960    779159.4366   5250972.8376   2   7   0.1708   0.0782   0.0911   0.0644   0.0380   0.0975   0.00    1.0
2026/04/23 07:46:34.100   3509419.6943    779159.4381   5250972.8370   2   7   0.1707   0.0782   0.0911   0.0643   0.0379   0.0974   0.10    1.0
2026/04/23 07:46:34.200   3509419.6940    779159.4395   5250972.8362   2   7   0.1707   0.0781   0.0910   0.0643   0.0379   0.0974   0.20    1.0
2026/04/23 07:46:34.300   3509419.6927    779159.4404   5250972.8353   2   7   0.1706   0.0781   0.0909   0.0643   0.0379   0.0973   0.30    1.0
2026/04/23 07:46:34.400   3509419.6915    779159.4408   5250972.8351   2   7   0.1706   0.0781   0.0909   0.0643   0.0379   0.0973   0.40    1.0
2026/04/23 07:46:34.500   3509419.6919    779159.4412   5250972.8344   2   7   0.1705   0.0781   0.0908   0.0643   0.0378   0.0972  -0.50    1.0
2026/04/23 07:46:34.600   3509419.6921    779159.4413   5250972.8345   2   7   0.1705   0.0781   0.0908   0.0643   0.0378   0.0972  -0.40    1.0
2026/04/23 07:46:34.700   3509419.6910    779159.4422   5250972.8350   2   7   0.1704   0.0781   0.0907   0.0643   0.0378   0.0971  -0.30    1.0
2026/04/23 07:46:34.800   3509419.6878    779159.4430   5250972.8357   2   7   0.1704   0.0780   0.0906   0.0642   0.0378   0.0971  -0.20    1.0
2026/04/23 07:46:34.900   3509419.6865    779159.4428   5250972.8354   2   7   0.1703   0.0780   0.0906   0.0642   0.0377   0.0970  -0.10    1.0
2026/04/23 07:46:35.000   3509419.6867    779159.4434   5250972.8349   2   7   0.1702   0.0780   0.0905   0.0642   0.0377   0.0970   0.00    1.0
2026/04/23 07:46:35.100   3509419.6875    779159.4451   5250972.8356   2   7   0.1702   0.0780   0.0904   0.0642   0.0377   0.0969   0.10    1.0
2026/04/23 07:46:35.200   3509419.6857    779159.4448   5250972.8370   2   7   0.1701   0.0780   0.0904   0.0642   0.0376   0.0969   0.20    1.0
2026/04/23 07:46:35.300   3509419.6850    779159.4450   5250972.8383   2   7   0.1701   0.0779   0.0903   0.0642   0.0376   0.0968   0.30    1.0
2026/04/23 07:46:35.400   3509419.6856    779159.4459   5250972.8372   2   7   0.1700   0.0779   0.0903   0.0641   0.0376   0.0968   0.40    1.0
2026/04/23 07:46:35.500   3509419.6846    779159.4466   5250972.8358   2   7   0.1700   0.0779   0.0902   0.0641   0.0376   0.0967  -0.50    1.0
2026/04/23 07:46:35.600   3509419.6851    779159.4476   5250972.8329   2   7   0.1699   0.0779   0.0901   0.0641   0.0375   0.0967  -0.40    1.0
2026/04/23 07:46:35.700   3509419.6822    779159.4485   5250972.8320   2   7   0.1699   0.0779   0.0901   0.0641   0.0375   0.0966  -0.30    1.0
2026/04/23 07:46:35.800   3509419.6809    779159.4485   5250972.8312   2   7   0.1698   0.0778   0.0900   0.0641   0.0375   0.0966  -0.20    1.0
2026/04/23 07:46:35.900   3509419.6805    779159.4491   5250972.8304   2   7   0.1698   0.0778   0.0899   0.0641   0.0375   0.0966  -0.10    1.0
2026/04/23 07:46:36.000   3509419.6836    779159.4504   5250972.8290   2   7   0.1697   0.0778   0.0899   0.0640   0.0374   0.0965   0.00    1.0
2026/04/23 07:46:36.100   3509419.6836    779159.4515   5250972.8288   2   7   0.1696   0.0778   0.0898   0.0640   0.0374   0.0965   0.10    1.0
2026/04/23 07:46:36.200   3509419.6850    779159.4527   5250972.8280   2   7   0.1696   0.0778   0.0898   0.0640   0.0374   0.0964   0.20    1.1
2026/04/23 07:46:36.300   3509419.6858    779159.4547   5250972.8288   2   7   0.1695   0.0777   0.0897   0.0640   0.0374   0.0964   0.30    1.1
2026/04/23 07:46:36.400   3509419.6879    779159.4569   5250972.8281   2   7   0.1695   0.0777   0.0896   0.0640   0.0373   0.0963   0.40    1.1
2026/04/23 07:46:36.500   3509419.6881    779159.4578   5250972.8260   2   7   0.1694   0.0777   0.0896   0.0640   0.0373   0.0963  -0.50    1.1
2026/04/23 07:46:36.600   3509419.6890    779159.4589   5250972.8247   2   7   0.1694   0.0777   0.0895   0.0639   0.0373   0.0962  -0.40    1.1
2026/04/23 07:46:36.700   3509419.6918    779159.4612   5250972.8240   2   7   0.1693   0.0777   0.0895   0.0639   0.0373   0.0962  -0.30    1.1
2026/04/23 07:46:36.800   3509419.6945    779159.4618   5250972.8233   2   7   0.1693   0.0776   0.0894   0.0639   0.0372   0.0961  -0.20    1.1
2026/04/23 07:46:36.900   3509419.6916    779159.4600   5250972.8224   2   7   0.1692   0.0776   0.0893   0.0639   0.0372   0.0961  -0.10    1.1
2026/04/23 07:46:37.000   3509419.6867    779159.4577   5250972.8227   2   7   0.1692   0.0776   0.0893   0.0639   0.0372   0.0960   0.00    1.1
2026/04/23 07:46:37.100   3509419.6817    779159.4569   5250972.8242   2   7   0.1691   0.0776   0.0892   0.0639   0.0372   0.0960   0.10    1.1
2026/04/23 07:46:37.200   3509419.6773    779159.4568   5250972.8259   2   7   0.1690   0.0776   0.0891   0.0638   0.0371   0.0959   0.20    1.1
2026/04/23 07:46:37.300   3509419.6753    779159.4594   5250972.8266   2   7   0.1690   0.0776   0.0891   0.0638   0.0371   0.0959   0.30    1.1
2026/04/23 07:46:37.400   3509419.6674    779159.4604   5250972.8288   2   7   0.1689   0.0775   0.0890   0.0638   0.0371   0.0958   0.40    1.1
2026/04/23 07:46:37.500   3509419.6632    779159.4603   5250972.8282   2   7   0.1689   0.0775   0.0890   0.0638   0.0371   0.0958  -0.50    1.1
2026/04/23 07:46:37.600   3509419.6610    779159.4629   5250972.8246   2   7   0.1688   0.0775   0.0889   0.0638   0.0370   0.0957  -0.40    1.1
2026/04/23 07:46:37.700   3509419.6623    779159.4668   5250972.8194   2   7   0.1688   0.0775   0.0888   0.0638   0.0370   0.0957  -0.30    1.1
2026/04/23 07:46:37.800   3509419.6650    779159.4690   5250972.8161   2   7   0.1687   0.0775   0.0888   0.0638   0.0370   0.0956  -0.20    1.1
2026/04/23 07:46:37.900   3509419.6580    779159.4674   5250972.8153   2   7   0.1687   0.0774   0.0887   0.0637   0.0370   0.0956  -0.10    1.1
2026/04/23 07:46:38.000   3509419.6562    779159.4660   5250972.8148   2   7   0.1686   0.0774   0.0887   0.0637   0.0369   0.0955   0.00    1.1
2026/04/23 07:46:38.100   3509419.6576    779159.4650   5250972.8129   2   7   0.1686   0.0774   0.0886   0.0637   0.0369   0.0955   0.10    1.1
2026/04/23 07:46:38.200   3509419.6631    779159.4652   5250972.8127   2   7   0.1685   0.0774   0.0885   0.0637   0.0369   0.0954   0.20    1.1
2026/04/23 07:46:38.300   3509419.6638    779159.4657   5250972.8155   2   7   0.1685   0.0774   0.0885   0.0637   0.0369   0.0954   0.30    1.1
2026/04/23 07:46:38.400   3509419.6590    779159.4691   5250972.8231   2   7   0.1684   0.0773   0.0884   0.0637   0.0368   0.0953   0.40    1.1
2026/04/23 07:46:38.500   3509419.6513    779159.4728   5250972.8319   2   7   0.1683   0.0773   0.0884   0.0636   0.0368   0.0953  -0.50    1.1
2026/04/23 07:46:38.600   3509419.6476    779159.4757   5250972.8383   2   7   0.1683   0.0773   0.0883   0.0636   0.0368   0.0952  -0.40    1.1
2026/04/23 07:46:38.700   3509419.6459    779159.4769   5250972.8432   2   7   0.1682   0.0773   0.0882   0.0636   0.0368   0.0952  -0.30    1.1
2026/04/23 07:46:38.800   3509419.6489    779159.4772   5250972.8451   2   7   0.1682   0.0773   0.0882   0.0636   0.0367   0.0951  -0.20    1.1
2026/04/23 07:46:38.900   3509419.6543    779159.4785   5250972.8465   2   7   0.1681   0.0772   0.0881   0.0636   0.0367   0.0951  -0.10    1.1
2026/04/23 07:46:39.000   3509419.6591    779159.4794   5250972.8489   2   7   0.1681   0.0772   0.0880   0.0636   0.0367   0.0950   0.00    1.1
2026/04/23 07:46:39.100   3509419.6670    779159.4804   5250972.8499   2   7   0.1680   0.0772   0.0880   0.0635   0.0367   0.0950   0.10    1.1
2026/04/23 07:46:39.200   3509419.6771    779159.4816   5250972.8504   2   7   0.1680   0.0772   0.0879   0.0635   0.0366   0.0950   0.20    1.1
2026/04/23 07:46:39.300   3509419.6862    779159.4824   5250972.8522   2   7   0.1679   0.0772   0.0879   0.0635   0.0366   0.0949   0.30    1.1
2026/04/23 07:46:39.400   3509419.6932    779159.4829   5250972.8547   2   7   0.1679   0.0772   0.0878   0.0635   0.0366   0.0949   0.40    1.1
2026/04/23 07:46:39.500   3509419.6987    779159.4824   5250972.8564   2   7   0.1678   0.0771   0.0878   0.0635   0.0366   0.0948  -0.50    1.1
2026/04/23 07:46:39.600   3509419.7010    779159.4812   5250972.8568   2   7   0.1678   0.0771   0.0877   0.0635   0.0365   0.0948  -0.40    1.1
2026/04/23 07:46:39.700   3509419.7028    779159.4824   5250972.8573   2   7   0.1677   0.0771   0.0876   0.0634   0.0365   0.0947  -0.30    1.1
2026/04/23 07:46:39.800   3509419.7052    779159.4846   5250972.8591   2   7   0.1677   0.0771   0.0876   0.0634   0.0365   0.0947  -0.20    1.1
2026/04/23 07:46:39.900   3509419.7072    779159.4859   5250972.8616   2   7   0.1676   0.0771   0.0875   0.0634   0.0365   0.0946  -0.10    1.1
2026/04/23 07:46:40.000   3509419.7109    779159.4864   5250972.8626   2   7   0.1675   0.0770   0.0875   0.0634   0.0364   0.0946   0.00    1.1
2026/04/23 07:46:40.100   3509419.7145    779159.4869   5250972.8625   2   7   0.1675   0.0770   0.0874   0.0634   0.0364   0.0945   0.10    1.1
2026/04/23 07:46:40.200   3509419.7184    779159.4874   5250972.8617   2   7   0.1674   0.0770   0.0873   0.0634   0.0364   0.0945   0.20    1.1
2026/04/23 07:46:40.300   3509419.7221    779159.4866   5250972.8604   2   7   0.1674   0.0770   0.0873   0.0634   0.0364   0.0944   0.30    1.1
2026/04/23 07:46:40.400   3509419.7242    779159.4859   5250972.8603   2   7   0.1673   0.0770   0.0872   0.0633   0.0363   0.0944   0.40    1.1
2026/04/23 07:46:40.500   3509419.7235    779159.4860   5250972.8616   2   7   0.1673   0.0769   0.0872   0.0633   0.0363   0.0943  -0.50    1.1
2026/04/23 07:46:40.600   3509419.7214    779159.4854   5250972.8621   2   7   0.1672   0.0769   0.0871   0.0633   0.0363   0.0943  -0.40    1.1
2026/04/23 07:46:40.700   3509419.7205    779159.4866   5250972.8631   2   7   0.1672   0.0769   0.0870   0.0633   0.0363   0.0942  -0.30    1.1
2026/04/23 07:46:40.800   3509419.7238    779159.4870   5250972.8654   2   7   0.1671   0.0769   0.0870   0.0633   0.0362   0.0942  -0.20    1.1
2026/04/23 07:46:40.900   3509419.7269    779159.4857   5250972.8685   2   7   0.1671   0.0769   0.0869   0.0633   0.0362   0.0942  -0.10    1.1
2026/04/23 07:46:41.000   3509419.7311    779159.4853   5250972.8739   2   7   0.1670   0.0769   0.0869   0.0632   0.0362   0.0941   0.00    1.1
2026/04/23 07:46:41.100   3509419.7351    779159.4865   5250972.8782   2   7   0.1670   0.0768   0.0868   0.0632   0.0362   0.0941   0.10    1.1
2026/04/23 07:46:41.200   3509419.7385    779159.4888   5250972.8795   2   7   0.1669   0.0768   0.0867   0.0632   0.0361   0.0940   0.20    1.1
2026/04/23 07:46:41.300   3509419.7418    779159.4907   5250972.8803   2   7   0.1669   0.0768   0.0867   0.0632   0.0361   0.0940   0.30    1.2
2026/04/23 07:46:41.400   3509419.7455    779159.4920   5250972.8830   2   7   0.1668   0.0768   0.0866   0.0632   0.0361   0.0939   0.40    1.2
2026/04/23 07:46:41.500   3509419.7542    779159.4923   5250972.8857   2   7   0.1668   0.0768   0.0866   0.0632   0.0361   0.0939  -0.50    1.2
2026/04/23 07:46:41.600   3509419.7603    779159.4926   5250972.8875   2   7   0.1667   0.0767   0.0865   0.0631   0.0360   0.0938  -0.40    1.2
2026/04/23 07:46:41.700   3509419.7652    779159.4933   5250972.8900   2   7   0.1667   0.0767   0.0865   0.0631   0.0360   0.0938  -0.30    1.2
2026/04/23 07:46:41.800   3509419.7702    779159.4948   5250972.8933   2   7   0.1666   0.0767   0.0864   0.0631   0.0360   0.0937  -0.20    1.2
2026/04/23 07:46:41.900   3509419.7740    779159.4965   5250972.8954   2   7   0.1665   0.0767   0.0863   0.0631   0.0360   0.0937  -0.10    1.2
2026/04/23 07:46:42.000   3509419.7791    779159.4999   5250972.8957   2   7   0.1665   0.0767   0.0863   0.0631   0.0359   0.0936   0.00    1.2
2026/04/23 07:46:42.100   3509419.7842    779159.5034   5250972.8954   2   7   0.1664   0.0766   0.0862   0.0631   0.0359   0.0936   0.10    1.2
2026/04/23 07:46:42.200   3509419.7864    779159.5053   5250972.8969   2   7   0.1664   0.0766   0.0862   0.0631   0.0359   0.0935   0.20    1.2
2026/04/23 07:46:42.300   3509419.7882    779159.5070   5250972.8995   2   7   0.1663   0.0766   0.0861   0.0630   0.0359   0.0935   0.30    1.2
2026/04/23 07:46:42.400   3509419.7859    779159.5097   5250972.9015   2   7   0.1663   0.0766   0.0860   0.0630   0.0358   0.0934   0.40    1.2
2026/04/23 07:46:42.500   3509419.7848    779159.5132   5250972.9045   2   7   0.1662   0.0766   0.0860   0.0630   0.0358   0.0934  -0.50    1.2
2026/04/23 07:46:42.600   3509419.7870    779159.5148   5250972.9059   2   7   0.1662   0.0766   0.0859   0.0630   0.0358   0.0934  -0.40    1.2
2026/04/23 07:46:42.700   3509419.7912    779159.5148   5250972.9068   2   7   0.1661   0.0765   0.0859   0.0630   0.0358   0.0933  -0.30    1.2
2026/04/23 07:46:42.800   3509419.7973    779159.5140   5250972.9071   2   7   0.1661   0.0765   0.0858   0.0630   0.0357   0.0933  -0.20    1.2
2026/04/23 07:46:42.900   3509419.8041    779159.5123   5250972.9071   2   7   0.1660   0.0765   0.0858   0.0629   0.0357   0.0932  -0.10    1.2
2026/04/23 07:46:43.000   3509419.8065    779159.5102   5250972.9082   2   7   0.1660   0.0765   0.0857   0.0629   0.0357   0.0932   0.00    1.2
2026/04/23 07:46:43.100   3509419.8054    779159.5093   5250972.9085   2   7   0.1659   0.0765   0.0856   0.0629   0.0357   0.0931   0.10    1.2
2026/04/23 07:46:43.200   3509419.8015    779159.5078   5250972.9097   2   7   0.1659   0.0764   0.0856   0.0629   0.0357   0.0931   0.20    1.2
2026/04/23 07:46:43.300   3509419.8002    779159.5073   5250972.9097   2   7   0.1658   0.0764   0.0855   0.0629   0.0356   0.0930   0.30    1.2
2026/04/23 07:46:43.400   3509419.7976    779159.5080   5250972.9103   2   7   0.1658   0.0764   0.0855   0.0629   0.0356   0.0930   0.40    1.2
2026/04/23 07:46:43.500   3509419.7941    779159.5082   5250972.9111   2   7   0.1657   0.0764   0.0854   0.0628   0.0356   0.0929  -0.50    1.2
2026/04/23 07:46:43.600   3509419.7927    779159.5088   5250972.9102   2   7   0.1657   0.0764   0.0853   0.0628   0.0356   0.0929  -0.40    1.2
2026/04/23 07:46:43.700   3509419.7927    779159.5099   5250972.9073   2   7   0.1656   0.0764   0.0853   0.0628   0.0355   0.0929  -0.30    1.2
2026/04/23 07:46:43.800   3509419.7917    779159.5115   5250972.9045   2   7   0.1656   0.0763   0.0852   0.0628   0.0355   0.0928  -0.20    1.2
2026/04/23 07:46:43.900   3509419.7900    779159.5122   5250972.9020   2   7   0.1655   0.0763   0.0852   0.0628   0.0355   0.0928  -0.10    1.2
2026/04/23 07:46:44.000   3509419.7876    779159.5123   5250972.9010   2   7   0.1654   0.0763   0.0851   0.0628   0.0355   0.0927   0.00    1.3
2026/04/23 07:46:44.100   3509419.7868    779159.5126   5250972.8998   2   7   0.1654   0.0763   0.0851   0.0628   0.0354   0.0927   0.10    1.3
2026/04/23 07:46:44.200   3509419.7873    779159.5144   5250972.8994   2   7   0.1653   0.0763   0.0850   0.0627   0.0354   0.0926   0.20    1.3
2026/04/23 07:46:44.300   3509419.7866    779159.5164   5250972.8986   2   7   0.1653   0.0762   0.0849   0.0627   0.0354   0.0926   0.30    1.3
2026/04/23 07:46:44.400   3509419.7855    779159.5187   5250972.8966   2   7   0.1652   0.0762   0.0849   0.0627   0.0354   0.0925   0.40    1.3
2026/04/23 07:46:44.500   3509419.7852    779159.5196   5250972.8948   2   7   0.1652   0.0762   0.0848   0.0627   0.0353   0.0925  -0.50    1.3
2026/04/23 07:46:44.600   3509419.7835    779159.5205   5250972.8951   2   7   0.1651   0.0762   0.0848   0.0627   0.0353   0.0924  -0.40    1.3
2026/04/23 07:46:44.700   3509419.7802    779159.5199   5250972.8950   2   7   0.1651   0.0762   0.0847   0.0627   0.0353   0.0924  -0.30    1.3
2026/04/23 07:46:44.800   3509419.7807    779159.5198   5250972.8924   2   7   0.1650   0.0762   0.0847   0.0626   0.0353   0.0923  -0.20    1.3
2026/04/23 07:46:44.900   3509419.7814    779159.5204   5250972.8889   2   7   0.1650   0.0761   0.0846   0.0626   0.0352   0.0923  -0.10    1.3
2026/04/23 07:46:45.000   3509419.7827    779159.5204   5250972.8838   2   7   0.1649   0.0761   0.0845   0.0626   0.0352   0.0923   0.00    1.3
2026/04/23 07:46:45.100   3509419.7864    779159.5215   5250972.8798   2   7   0.1649   0.0761   0.0845   0.0626   0.0352   0.0922   0.10    1.3
2026/04/23 07:46:45.200   3509419.7892    779159.5226   5250972.8784   2   7   0.1648   0.0761   0.0844   0.0626   0.0352   0.0922   0.20    1.3
2026/04/23 07:46:45.300   3509419.7867    779159.5232   5250972.8763   2   7   0.1648   0.0761   0.0844   0.0626   0.0352   0.0921   0.30    1.3
2026/04/23 07:46:45.400   3509419.7841    779159.5228   5250972.8751   2   7   0.1647   0.0760   0.0843   0.0626   0.0351   0.0921   0.40    1.3
2026/04/23 07:46:45.500   3509419.7819    779159.5227   5250972.8739   2   7   0.1647   0.0760   0.0843   0.0625   0.0351   0.0920  -0.50    1.3
2026/04/23 07:46:45.600   3509419.7787    779159.5226   5250972.8719   2   7   0.1646   0.0760   0.0842   0.0625   0.0351   0.0920  -0.40    1.3
2026/04/23 07:46:45.700   3509419.7746    779159.5220   5250972.8720   2   7   0.1646   0.0760   0.0842   0.0625   0.0351   0.0919  -0.30    1.3
2026/04/23 07:46:45.800   3509419.7698    779159.5211   5250972.8727   2   7   0.1645   0.0760   0.0841   0.0625   0.0350   0.0919  -0.20    1.3
2026/04/23 07:46:45.900   3509419.7661    779159.5213   5250972.8729   2   7   0.1645   0.0760   0.0840   0.0625   0.0350   0.0919  -0.10    1.3
2026/04/23 07:46:46.000   3509419.7618    779159.5223   5250972.8728   2   7   0.1644   0.0759   0.0840   0.0625   0.0350   0.0918   0.00    1.3
2026/04/23 07:46:46.100   3509419.7585    779159.5237   5250972.8710   2   7   0.1644   0.0759   0.0839   0.0624   0.0350   0.0918   0.10    1.3
2026/04/23 07:46:46.200   3509419.7576    779159.5246   5250972.8685   2   7   0.1643   0.0759   0.0839   0.0624   0.0349   0.0917   0.20    1.3
2026/04/23 07:46:46.300   3509419.7582    779159.5261   5250972.8663   2   7   0.1643   0.0759   0.0838   0.0624   0.0349   0.0917   0.30    1.3
2026/04/23 07:46:46.400   3509419.7588    779159.5284   5250972.8638   2   7   0.1642   0.0759   0.0838   0.0624   0.0349   0.0916   0.40    1.3
2026/04/23 07:46:46.500   3509419.7613    779159.5315   5250972.8618   2   7   0.1642   0.0759   0.0837   0.0624   0.0349   0.0916  -0.50    1.3
2026/04/23 07:46:46.600   3509419.7628    779159.5344   5250972.8597   2   7   0.1641   0.0758   0.0837   0.0624   0.0348   0.0915  -0.40    1.3
2026/04/23 07:46:46.700   3509419.7654    779159.5375   5250972.8570   2   7   0.1641   0.0758   0.0836   0.0624   0.0348   0.0915  -0.30    1.3
2026/04/23 07:46:46.800   3509419.7662    779159.5393   5250972.8548   2   7   0.1640   0.0758   0.0835   0.0623   0.0348   0.0914  -0.20    1.3
2026/04/23 07:46:46.900   3509419.7662    779159.5405   5250972.8533   2   7   0.1640   0.0758   0.0835   0.0623   0.0348   0.0914  -0.10    1.3
2026/04/23 07:46:47.000   3509419.7673    779159.5421   5250972.8526   2   7   0.1639   0.0758   0.0834   0.0623   0.0348   0.0914   0.00    1.3
2026/04/23 07:46:47.100   3509419.7668    779159.5416   5250972.8528   2   7   0.1639   0.0757   0.0834   0.0623   0.0347   0.0913   0.10    1.3
2026/04/23 07:46:47.200   3509419.7671    779159.5424   5250972.8533   2   7   0.1638   0.0757   0.0833   0.0623   0.0347   0.0913   0.20    1.3
2026/04/23 07:46:47.300   3509419.7672    779159.5436   5250972.8536   2   7   0.1638   0.0757   0.0833   0.0623   0.0347   0.0912   0.30    1.3
2026/04/23 07:46:47.400   3509419.7673    779159.5451   5250972.8535   2   7   0.1637   0.0757   0.0832   0.0622   0.0347   0.0912   0.40    1.3
2026/04/23 07:46:47.500   3509419.7672    779159.5458   5250972.8534   2   7   0.1637   0.0757   0.0832   0.0622   0.0346   0.0911  -0.50    1.3
2026/04/23 07:46:47.600   3509419.7663    779159.5470   5250972.8526   2   7   0.1636   0.0757   0.0831   0.0622   0.0346   0.0911  -0.40    1.3
2026/04/23 07:46:47.700   3509419.7630    779159.5466   5250972.8539   2   7   0.1636   0.0756   0.0830   0.0622   0.0346   0.0910  -0.30    1.3
2026/04/23 07:46:47.800   3509419.7584    779159.5461   5250972.8553   2   7   0.1635   0.0756   0.0830   0.0622   0.0346   0.0910  -0.20    1.3
2026/04/23 07:46:47.900   3509419.7530    779159.5458   5250972.8556   2   7   0.1635   0.0756   0.0829   0.0622   0.0345   0.0910  -0.10    1.3
2026/04/23 07:46:48.000   3509419.7483    779159.5452   5250972.8563   2   7   0.1634   0.0756   0.0829   0.0622   0.0345   0.0909   0.00    1.3
2026/04/23 07:46:48.100   3509419.7430    779159.5444   5250972.8553   2   7   0.1634   0.0756   0.0828   0.0621   0.0345   0.0909   0.10    1.3
2026/04/23 07:46:48.200   3509419.7366    779159.5444   5250972.8533   2   7   0.1633   0.0755   0.0828   0.0621   0.0345   0.0908   0.20    1.3
2026/04/23 07:46:48.300   3509419.7340    779159.5449   5250972.8509   2   7   0.1633   0.0755   0.0827   0.0621   0.0345   0.0908   0.30    1.3
2026/04/23 07:46:48.400   3509419.7302    779159.5461   5250972.8475   2   7   0.1632   0.0755   0.0827   0.0621   0.0344   0.0907   0.40    1.3
2026/04/23 07:46:48.500   3509419.7265    779159.5471   5250972.8446   2   7   0.1632   0.0755   0.0826   0.0621   0.0344   0.0907  -0.50    1.3
2026/04/23 07:46:48.600   3509419.7263    779159.5482   5250972.8415   2   7   0.1631   0.0755   0.0826   0.0621   0.0344   0.0907  -0.40    1.3
2026/04/23 07:46:48.700   3509419.7257    779159.5479   5250972.8383   2   7   0.1631   0.0755   0.0825   0.0620   0.0344   0.0906  -0.30    1.3
2026/04/23 07:46:48.800   3509419.7212    779159.5474   5250972.8342   2   7   0.1630   0.0754   0.0824   0.0620   0.0343   0.0906  -0.20    1.3
2026/04/23 07:46:48.900   3509419.7133    779159.5457   5250972.8313   2   7   0.1630   0.0754   0.0824   0.0620   0.0343   0.0905  -0.10    1.3
2026/04/23 07:46:49.000   3509419.7066    779159.5454   5250972.8274   2   7   0.1629   0.0754   0.0823   0.0620   0.0343   0.0905   0.00    1.3
2026/04/23 07:46:49.100   3509419.7097    779159.5462   5250972.8214   2   7   0.1629   0.0754   0.0823   0.0620   0.0343   0.0904   0.10    1.3
2026/04/23 07:46:49.200   3509419.7069    779159.5451   5250972.8160   2   7   0.1628   0.0754   0.0822   0.0620   0.0342   0.0904   0.20    1.3
2026/04/23 07:46:49.300   3509419.7123    779159.5458   5250972.8117   2   6   0.1629   0.0754   0.0822   0.0620   0.0342   0.0903   0.30    1.6
2026/04/23 07:46:49.400   3509419.7173    779159.5475   5250972.8070   2   6   0.1629   0.0753   0.0821   0.0620   0.0342   0.0903   0.40    1.6
2026/04/23 07:46:49.500   3509419.7206    779159.5497   5250972.8027   2   6   0.1629   0.0753   0.0821   0.0621   0.0342   0.0902  -0.50    1.6
2026/04/23 07:46:49.600   3509419.7233    779159.5519   5250972.8014   2   6   0.1630   0.0753   0.0820   0.0621   0.0342   0.0902  -0.40    1.6
2026/04/23 07:46:49.700   3509419.7243    779159.5538   5250972.8004   2   6   0.1630   0.0753   0.0820   0.0621   0.0342   0.0902  -0.30    1.6
2026/04/23 07:46:49.800   3509419.7230    779159.5563   5250972.8002   2   6   0.1629   0.0753   0.0819   0.0621   0.0341   0.0902  -0.20    1.6
2026/04/23 07:46:49.900   3509419.7179    779159.5587   5250972.7999   2   6   0.1629   0.0753   0.0819   0.0621   0.0341   0.0902  -0.10    1.6
2026/04/23 07:46:50.000   3509419.7135    779159.5602   5250972.8002   2   6   0.1629   0.0753   0.0819   0.0621   0.0341   0.0902   0.00    1.6
2026/04/23 07:46:50.100   3509419.7101    779159.5617   5250972.8008   2   6   0.1629   0.0753   0.0819   0.0621   0.0341   0.0902   0.10    1.6
2026/04/23 07:46:50.200   3509419.7071    779159.5630   5250972.8006   2   6   0.1628   0.0752   0.0819   0.0621   0.0341   0.0901   0.20    1.6
2026/04/23 07:46:50.300   3509419.7047    779159.5645   5250972.7996   2   6   0.1628   0.0752   0.0819   0.0621   0.0341   0.0901   0.30    1.6
2026/04/23 07:46:50.400   3509419.7037    779159.5665   5250972.7995   2   6   0.1628   0.0752   0.0819   0.0621   0.0341   0.0901   0.40    1.6
2026/04/23 07:46:50.500   3509419.7074    779159.5684   5250972.7997   2   6   0.1627   0.0752   0.0819   0.0621   0.0341   0.0901  -0.50    1.6
2026/04/23 07:46:50.600   3509419.7126    779159.5696   5250972.7995   2   6   0.1627   0.0752   0.0819   0.0621   0.0341   0.0901  -0.40    1.6
2026/04/23 07:46:50.700   3509419.7167    779159.5697   5250972.8002   2   6   0.1626   0.0752   0.0819   0.0621   0.0341   0.0901  -0.30    1.6
2026/04/23 07:46:50.800   3509419.7185    779159.5706   5250972.8007   2   6   0.1626   0.0751   0.0819   0.0621   0.0341   0.0901  -0.20    1.6
2026/04/23 07:46:50.900   3509419.7194    779159.5720   5250972.8010   2   6   0.1626   0.0751   0.0819   0.0621   0.0341   0.0901  -0.10    1.6
2026/04/23 07:46:51.000   3509419.7222    779159.5726   5250972.8020   2   6   0.1626   0.0751   0.0819   0.0621   0.0341   0.0900   0.00    1.6
2026/04/23 07:46:51.100   3509419.7232    779159.5739   5250972.8028   2   6   0.1625   0.0751   0.0819   0.0620   0.0341   0.0900   0.10    1.6
2026/04/23 07:46:51.200   3509419.7206    779159.5753   5250972.8040   2   6   0.1625   0.0751   0.0819   0.0620   0.0341   0.0900   0.20    1.6
2026/04/23 07:46:51.300   3509419.7185    779159.5744   5250972.8051   2   6   0.1625   0.0751   0.0819   0.0620   0.0341   0.0900   0.30    1.6
2026/04/23 07:46:51.400   3509419.7166    779159.5736   5250972.8056   2   6   0.1624   0.0751   0.0819   0.0620   0.0341   0.0900   0.40    1.6
2026/04/23 07:46:51.500   3509419.7179    779159.5749   5250972.8048   2   6   0.1624   0.0750   0.0819   0.0620   0.0341   0.0900  -0.50    1.6
2026/04/23 07:46:51.600   3509419.7212    779159.5774   5250972.8044   2   6   0.1624   0.0750   0.0819   0.0620   0.0341   0.0900  -0.40    1.6
2026/04/23 07:46:51.700   3509419.7232    779159.5801   5250972.8037   2   6   0.1624   0.0750   0.0819   0.0620   0.0341   0.0900  -0.30    1.6
2026/04/23 07:46:51.800   3509419.7240    779159.5815   5250972.8044   2   6   0.1623   0.0750   0.0819   0.0620   0.0341   0.0900  -0.20    1.6
2026/04/23 07:46:51.900   3509419.7246    779159.5819   5250972.8051   2   6   0.1623   0.0750   0.0819   0.0620   0.0341   0.0900  -0.10    1.6
2026/04/23 07:46:52.000   3509419.7244    779159.5816   5250972.8053   2   6   0.1623   0.0750   0.0819   0.0620   0.0341   0.0900   0.00    1.6
2026/04/23 07:46:52.100   3509419.7256    779159.5825   5250972.8045   2   6   0.1623   0.0750   0.0819   0.0620   0.0341   0.0900   0.10    1.6
2026/04/23 07:46:52.200   3509419.7280    779159.5836   5250972.8043   2   6   0.1622   0.0749   0.0819   0.0621   0.0341   0.0900   0.20    1.6
2026/04/23 07:46:52.300   3509419.7296    779159.5848   5250972.8037   2   6   0.1622   0.0749   0.0819   0.0621   0.0341   0.0900   0.30    1.6
2026/04/23 07:46:52.400   3509419.7311    779159.5861   5250972.8038   2   6   0.1622   0.0749   0.0819   0.0621   0.0341   0.0900   0.40    1.6
2026/04/23 07:46:52.500   3509419.7327    779159.5874   5250972.8040   2   6   0.1622   0.0749   0.0819   0.0621   0.0341   0.0900  -0.50    1.6
2026/04/23 07:46:52.600   3509419.7338    779159.5877   5250972.8051   2   6   0.1621   0.0749   0.0819   0.0621   0.0341   0.0900  -0.40    1.6
2026/04/23 07:46:52.700   3509419.7358    779159.5883   5250972.8054   2   6   0.1621   0.0749   0.0819   0.0621   0.0341   0.0900  -0.30    1.6
2026/04/23 07:46:52.800   3509419.7386    779159.5883   5250972.8068   2   6   0.1621   0.0749   0.0819   0.0620   0.0341   0.0900  -0.20    1.6
2026/04/23 07:46:52.900   3509419.7404    779159.5896   5250972.8068   2   6   0.1621   0.0748   0.0819   0.0620   0.0341   0.0900  -0.10    1.6
2026/04/23 07:46:53.000   3509419.7418    779159.5907   5250972.8073   2   6   0.1620   0.0748   0.0819   0.0620   0.0342   0.0900   0.00    1.6
2026/04/23 07:46:53.100   3509419.7425    779159.5914   5250972.8082   2   6   0.1620   0.0748   0.0819   0.0620   0.0342   0.0900   0.10    1.6
2026/04/23 07:46:53.200   3509419.7447    779159.5921   5250972.8095   2   6   0.1620   0.0748   0.0819   0.0620   0.0342   0.0900   0.20    1.6
2026/04/23 07:46:53.300   3509419.7444    779159.5935   5250972.8101   2   6   0.1620   0.0748   0.0819   0.0620   0.0342   0.0900   0.30    1.6
2026/04/23 07:46:53.400   3509419.7454    779159.5941   5250972.8108   2   6   0.1619   0.0748   0.0819   0.0620   0.0342   0.0900   0.40    1.6
2026/04/23 07:46:53.500   3509419.7470    779159.5944   5250972.8105   2   6   0.1619   0.0748   0.0819   0.0620   0.0342   0.0900  -0.50    1.6
2026/04/23 07:46:53.600   3509419.7491    779159.5948   5250972.8103   2   6   0.1619   0.0747   0.0819   0.0620   0.0342   0.0899  -0.40    1.6
2026/04/23 07:46:53.700   3509419.7490    779159.5948   5250972.8114   2   6   0.1618   0.0747   0.0819   0.0620   0.0342   0.0899  -0.30    1.6
2026/04/23 07:46:53.800   3509419.7503    779159.5955   5250972.8113   2   6   0.1618   0.0747   0.0819   0.0620   0.0342   0.0899  -0.20    1.6
2026/04/23 07:46:53.900   3509419.7508    779159.5956   5250972.8106   2   7   0.1618   0.0747   0.0819   0.0620   0.0342   0.0899  -0.10    1.6
2026/04/23 07:46:54.000   3509419.7519    779159.5954   5250972.8093   2   7   0.1617   0.0747   0.0819   0.0620   0.0342   0.0899   0.00    1.6
2026/04/23 07:46:54.100   3509419.7543    779159.5962   5250972.8085   2   7   0.1617   0.0747   0.0819   0.0620   0.0342   0.0899   0.10    1.6
2026/04/23 07:46:54.200   3509419.7562    779159.5974   5250972.8078   2   7   0.1617   0.0746   0.0818   0.0620   0.0342   0.0899   0.20    1.7
2026/04/23 07:46:54.300   3509419.7581    779159.5982   5250972.8079   2   7   0.1616   0.0746   0.0818   0.0620   0.0342   0.0899   0.30    1.7
2026/04/23 07:46:54.400   3509419.7594    779159.5981   5250972.8085   2   7   0.1616   0.0746   0.0818   0.0620   0.0342   0.0900   0.40    1.8
2026/04/23 07:46:54.500   3509419.7603    779159.5980   5250972.8084   2   7   0.1615   0.0746   0.0818   0.0620   0.0342   0.0900  -0.50    1.8
2026/04/23 07:46:54.600   3509419.7627    779159.5986   5250972.8068   2   7   0.1615   0.0746   0.0818   0.0620   0.0342   0.0900  -0.40    1.8
2026/04/23 07:46:54.700   3509419.7679    779159.5986   5250972.8047   2   7   0.1615   0.0746   0.0818   0.0620   0.0342   0.0900  -0.30    1.9
2026/04/23 07:46:54.800   3509419.7721    779159.5986   5250972.8050   2   7   0.1614   0.0746   0.0818   0.0619   0.0342   0.0900  -0.20    1.9
2026/04/23 07:46:54.900   3509419.7723    779159.5986   5250972.8070   2   7   0.1614   0.0745   0.0817   0.0619   0.0342   0.0900  -0.10    1.9
2026/04/23 07:46:55.000   3509419.7730    779159.5996   5250972.8072   2   7   0.1613   0.0745   0.0817   0.0619   0.0342   0.0900   0.00    1.9
2026/04/23 07:46:55.100   3509419.7763    779159.6007   5250972.8063   2   7   0.1613   0.0745   0.0817   0.0619   0.0342   0.0900   0.10    1.9
2026/04/23 07:46:55.200   3509419.7837    779159.6033   5250972.8037   2   7   0.1613   0.0745   0.0817   0.0619   0.0342   0.0900   0.20    2.0
2026/04/23 07:46:55.300   3509419.7888    779159.6042   5250972.8029   2   7   0.1612   0.0745   0.0817   0.0619   0.0342   0.0900   0.30    2.0
2026/04/23 07:46:55.400   3509419.7951    779159.6054   5250972.8025   2   7   0.1612   0.0745   0.0817   0.0619   0.0342   0.0900   0.40    2.0
2026/04/23 07:46:55.500   3509419.8012    779159.6076   5250972.8027   2   7   0.1612   0.0744   0.0817   0.0619   0.0342   0.0900  -0.50    2.0
2026/04/23 07:46:55.600   3509419.8053    779159.6095   5250972.8031   2   7   0.1611   0.0744   0.0817   0.0619   0.0342   0.0900  -0.40    2.0
2026/04/23 07:46:55.700   3509419.8091    779159.6098   5250972.8043   2   7   0.1611   0.0744   0.0817   0.0619   0.0342   0.0900  -0.30    2.0
2026/04/23 07:46:55.800   3509419.8092    779159.6067   5250972.8064   2   7   0.1611   0.0744   0.0817   0.0619   0.0342   0.0900  -0.20    2.1
2026/04/23 07:46:55.900   3509419.8085    779159.6011   5250972.8101   2   7   0.1610   0.0744   0.0817   0.0619   0.0342   0.0900  -0.10    2.1
2026/04/23 07:46:56.000   3509419.8086    779159.5951   5250972.8169   2   7   0.1610   0.0744   0.0817   0.0619   0.0342   0.0900   0.00    2.1
2026/04/23 07:46:56.100   3509419.8073    779159.5911   5250972.8237   2   7   0.1610   0.0744   0.0816   0.0619   0.0342   0.0900   0.10    2.1
2026/04/23 07:46:56.200   3509419.8053    779159.5900   5250972.8280   2   7   0.1609   0.0743   0.0816   0.0619   0.0342   0.0900   0.20    2.2
2026/04/23 07:46:56.300   3509419.8059    779159.5990   5250972.8240   2   7   0.1609   0.0743   0.0816   0.0618   0.0342   0.0900   0.30    2.2
2026/04/23 07:46:56.400   3509419.8055    779159.6088   5250972.8180   2   7   0.1609   0.0743   0.0816   0.0618   0.0342   0.0900   0.40    2.2
2026/04/23 07:46:56.500   3509419.8031    779159.6149   5250972.8153   2   7   0.1608   0.0743   0.0816   0.0618   0.0343   0.0900  -0.50    2.2
2026/04/23 07:46:56.600   3509419.8056    779159.6168   5250972.8137   2   7   0.1608   0.0743   0.0816   0.0618   0.0343   0.0900  -0.40    2.2
2026/04/23 07:46:56.700   3509419.8165    779159.6164   5250972.8160   2   7   0.1608   0.0743   0.0816   0.0618   0.0343   0.0900  -0.30    2.2
2026/04/23 07:46:56.800   3509419.8258    779159.6148   5250972.8196   2   7   0.1607   0.0742   0.0816   0.0618   0.0343   0.0900  -0.20    2.2
2026/04/23 07:46:56.900   3509419.8324    779159.6143   5250972.8236   2   7   0.1607   0.0742   0.0816   0.0618   0.0343   0.0900  -0.10    2.2
2026/04/23 07:46:57.000   3509419.8323    779159.6140   5250972.8256   2   7   0.1607   0.0742   0.0816   0.0618   0.0343   0.0900   0.00    2.3
2026/04/23 07:46:57.100   3509419.8311    779159.6141   5250972.8262   2   7   0.1606   0.0742   0.0816   0.0618   0.0343   0.0900   0.10    2.3
2026/04/23 07:46:57.200   3509419.8346    779159.6169   5250972.8235   2   7   0.1606   0.0742   0.0816   0.0618   0.0343   0.0899   0.20    2.3
2026/04/23 07:46:57.300   3509419.8343    779159.6208   5250972.8211   2   7   0.1606   0.0742   0.0816   0.0618   0.0343   0.0899   0.30    2.3
2026/04/23 07:46:57.400   3509419.8333    779159.6231   5250972.8193   2   7   0.1605   0.0742   0.0816   0.0618   0.0343   0.0899   0.40    2.3
2026/04/23 07:46:57.500   3509419.8311    779159.6247   5250972.8201   2   7   0.1605   0.0741   0.0816   0.0618   0.0343   0.0899  -0.50    2.3
2026/04/23 07:46:57.600   3509419.8305    779159.6264   5250972.8203   2   7   0.1605   0.0741   0.0816   0.0618   0.0343   0.0899  -0.40    2.3
2026/04/23 07:46:57.700   3509419.8290    779159.6272   5250972.8205   2   7   0.1605   0.0741   0.0816   0.0618   0.0343   0.0899  -0.30    2.4
2026/04/23 07:46:57.800   3509419.8287    779159.6270   5250972.8212   2   7   0.1604   0.0741   0.0816   0.0618   0.0343   0.0899  -0.20    2.4
2026/04/23 07:46:57.900   3509419.8298    779159.6281   5250972.8210   2   7   0.1604   0.0741   0.0816   0.0618   0.0343   0.0899  -0.10    2.4
2026/04/23 07:46:58.000   3509419.8305    779159.6285   5250972.8232   2   7   0.1604   0.0741   0.0816   0.0618   0.0343   0.0899   0.00    2.4
2026/04/23 07:46:58.100   3509419.8337    779159.6289   5250972.8249   2   7   0.1603   0.0741   0.0816   0.0618   0.0343   0.0899   0.10    2.4
2026/04/23 07:46:58.200   3509419.8362    779159.6310   5250972.8254   2   7   0.1603   0.0740   0.0816   0.0617   0.0343   0.0899   0.20    2.4
2026/04/23 07:46:58.300   3509419.8367    779159.6308   5250972.8258   2   7   0.1603   0.0740   0.0816   0.0617   0.0343   0.0899   0.30    2.4
2026/04/23 07:46:58.400   3509419.8362    779159.6309   5250972.8261   2   7   0.1602   0.0740   0.0816   0.0617   0.0343   0.0899   0.40    2.4
2026/04/23 07:46:58.500   3509419.8365    779159.6314   5250972.8280   2   7   0.1602   0.0740   0.0816   0.0617   0.0343   0.0899  -0.50    2.5
2026/04/23 07:46:58.600   3509419.8358    779159.6329   5250972.8303   2   7   0.1602   0.0740   0.0816   0.0617   0.0343   0.0899  -0.40    2.5
2026/04/23 07:46:58.700   3509419.8364    779159.6346   5250972.8316   2   7   0.1601   0.0740   0.0816   0.0617   0.0343   0.0899  -0.30    2.5
2026/04/23 07:46:58.800   3509419.8365    779159.6365   5250972.8323   2   7   0.1601   0.0739   0.0816   0.0617   0.0343   0.0899  -0.20    2.5
2026/04/23 07:46:58.900   3509419.8344    779159.6382   5250972.8322   2   7   0.1601   0.0739   0.0816   0.0617   0.0343   0.0899  -0.10    2.5
2026/04/23 07:46:59.000   3509419.8338    779159.6395   5250972.8308   2   7   0.1600   0.0739   0.0816   0.0617   0.0343   0.0899   0.00    2.5
2026/04/23 07:46:59.100   3509419.8337    779159.6401   5250972.8294   2   7   0.1600   0.0739   0.0816   0.0617   0.0343   0.0899   0.10    2.5
2026/04/23 07:46:59.200   3509419.8308    779159.6399   5250972.8285   2   7   0.1600   0.0739   0.0815   0.0617   0.0343   0.0899   0.20    2.5
2026/04/23 07:46:59.300   3509419.8292    779159.6406   5250972.8276   2   7   0.1600   0.0739   0.0815   0.0617   0.0343   0.0898   0.30    2.5
2026/04/23 07:46:59.400   3509419.8297    779159.6413   5250972.8262   2   7   0.1599   0.0739   0.0815   0.0617   0.0343   0.0898   0.40    2.5
2026/04/23 07:46:59.500   3509419.8306    779159.6419   5250972.8249   2   7   0.1599   0.0738   0.0815   0.0617   0.0343   0.0898  -0.50    2.6
2026/04/23 07:46:59.600   3509419.8315    779159.6429   5250972.8234   2   7   0.1599   0.0738   0.0815   0.0617   0.0343   0.0898  -0.40    2.6
2026/04/23 07:46:59.700   3509419.8339    779159.6443   5250972.8218   2   7   0.1598   0.0738   0.0815   0.0617   0.0343   0.0898  -0.30    2.6
2026/04/23 07:46:59.800   3509419.8351    779159.6453   5250972.8213   2   7   0.1598   0.0738   0.0815   0.0617   0.0343   0.0898  -0.20    2.6
2026/04/23 07:46:59.900   3509419.8359    779159.6456   5250972.8204   2   7   0.1598   0.0738   0.0815   0.0617   0.0343   0.0898  -0.10    2.6
2026/04/23 07:47:00.000   3509419.8363    779159.6466   5250972.8201   2   7   0.1597   0.0738   0.0815   0.0616   0.0343   0.0898   0.00    2.6
2026/04/23 07:47:00.100   3509419.8363    779159.6470   5250972.8213   2   7   0.1597   0.0738   0.0815   0.0616   0.0343   0.0898   0.10    2.6
2026/04/23 07:47:00.200   3509419.8362    779159.6464   5250972.8228   2   7   0.1597   0.0737   0.0815   0.0616   0.0343   0.0898   0.20    2.6
2026/04/23 07:47:00.300   3509419.8371    779159.6462   5250972.8247   2   7   0.1596   0.0737   0.0815   0.0616   0.0343   0.0898   0.30    2.6
2026/04/23 07:47:00.400   3509419.8384    779159.6472   5250972.8258   2   7   0.1596   0.0737   0.0815   0.0616   0.0343   0.0898   0.40    2.6
2026/04/23 07:47:00.500   3509419.8401    779159.6482   5250972.8262   2   7   0.1596   0.0737   0.0815   0.0616   0.0343   0.0898  -0.50    2.6
2026/04/23 07:47:00.600   3509419.8414    779159.6493   5250972.8255   2   7   0.1596   0.0737   0.0815   0.0616   0.0343   0.0898  -0.40    2.6
2026/04/23 07:47:00.700   3509419.8442    779159.6498   5250972.8256   2   7   0.1595   0.0737   0.0815   0.0616   0.0343   0.0898  -0.30    2.6
2026/04/23 07:47:00.800   3509419.8456    779159.6503   5250972.8260   2   7   0.1595   0.0736   0.0815   0.0616   0.0343   0.0898  -0.20    2.6
2026/04/23 07:47:00.900   3509419.8465    779159.6514   5250972.8265   2   7   0.1595   0.0736   0.0815   0.0616   0.0343   0.0898  -0.10    2.6
2026/04/23 07:47:01.000   3509419.8473    779159.6525   5250972.8272   2   7   0.1594   0.0736   0.0815   0.0616   0.0343   0.0898   0.00    2.6
2026/04/23 07:47:01.100   3509419.8488    779159.6536   5250972.8266   2   7   0.1594   0.0736   0.0815   0.0616   0.0343   0.0898   0.10    2.6
2026/04/23 07:47:01.200   3509419.8506    779159.6548   5250972.8265   2   7   0.1594   0.0736   0.0815   0.0616   0.0343   0.0898   0.20    2.6
2026/04/23 07:47:01.300   3509419.8516    779159.6555   5250972.8265   2   7   0.1593   0.0736   0.0815   0.0616   0.0343   0.0898   0.30    2.6
2026/04/23 07:47:01.400   3509419.8534    779159.6568   5250972.8260   2   7   0.1593   0.0736   0.0815   0.0616   0.0343   0.0897   0.40    2.6
2026/04/23 07:47:01.500   3509419.8549    779159.6585   5250972.8273   2   7   0.1593   0.0735   0.0815   0.0616   0.0343   0.0897  -0.50    2.6
2026/04/23 07:47:01.600   3509419.8557    779159.6596   5250972.8286   2   7   0.1592   0.0735   0.0815   0.0616   0.0343   0.0897  -0.40    2.6
2026/04/23 07:47:01.700   3509419.8556    779159.6606   5250972.8298   2   7   0.1592   0.0735   0.0815   0.0616   0.0343   0.0897  -0.30    2.6
2026/04/23 07:47:01.800   3509419.8548    779159.6611   5250972.8298   2   7   0.1592   0.0735   0.0815   0.0615   0.0343   0.0897  -0.20    2.6
2026/04/23 07:47:01.900   3509419.8554    779159.6618   5250972.8297   2   7   0.1591   0.0735   0.0815   0.0615   0.0343   0.0897  -0.10    2.6
2026/04/23 07:47:02.000   3509419.8560    779159.6624   5250972.8298   2   7   0.1591   0.0735   0.0815   0.0615   0.0343   0.0897   0.00    2.6
2026/04/23 07:47:02.100   3509419.8578    779159.6628   5250972.8301   2   7   0.1591   0.0735   0.0815   0.0615   0.0343   0.0897   0.10    2.6
2026/04/23 07:47:02.200   3509419.8607    779159.6641   5250972.8293   2   7   0.1591   0.0734   0.0815   0.0615   0.0343   0.0897   0.20    2.6
2026/04/23 07:47:02.300   3509419.8625    779159.6653   5250972.8293   2   7   0.1590   0.0734   0.0815   0.0615   0.0343   0.0897   0.30    2.6
2026/04/23 07:47:02.400   3509419.8645    779159.6662   5250972.8287   2   7   0.1590   0.0734   0.0815   0.0615   0.0343   0.0897   0.40    2.6
2026/04/23 07:47:02.500   3509419.8662    779159.6670   5250972.8287   2   7   0.1590   0.0734   0.0815   0.0615   0.0343   0.0897  -0.50    2.6
2026/04/23 07:47:02.600   3509419.8687    779159.6682   5250972.8290   2   7   0.1589   0.0734   0.0815   0.0615   0.0343   0.0897  -0.40    2.6
2026/04/23 07:47:02.700   3509419.8710    779159.6691   5250972.8290   2   7   0.1589   0.0734   0.0815   0.0615   0.0343   0.0897  -0.30    2.6
2026/04/23 07:47:02.800   3509419.8735    779159.6699   5250972.8284   2   7   0.1589   0.0734   0.0815   0.0615   0.0343   0.0897  -0.20    2.6
2026/04/23 07:47:02.900   3509419.8754    779159.6708   5250972.8279   2   7   0.1588   0.0733   0.0815   0.0615   0.0343   0.0897  -0.10    2.6
2026/04/23 07:47:03.000   3509419.8766    779159.6710   5250972.8268   2   7   0.1588   0.0733   0.0814   0.0615   0.0343   0.0897   0.00    2.6
2026/04/23 07:47:03.100   3509419.8777    779159.6718   5250972.8269   2   7   0.1588   0.0733   0.0814   0.0615   0.0343   0.0897   0.10    2.6
2026/04/23 07:47:03.200   3509419.8780    779159.6727   5250972.8277   2   7   0.1587   0.0733   0.0814   0.0615   0.0343   0.0897   0.20    2.6
2026/04/23 07:47:03.300   3509419.8793    779159.6734   5250972.8277   2   7   0.1587   0.0733   0.0814   0.0615   0.0343   0.0896   0.30    2.6
2026/04/23 07:47:03.400   3509419.8804    779159.6741   5250972.8279   2   7   0.1587   0.0733   0.0814   0.0615   0.0343   0.0896   0.40    2.6
2026/04/23 07:47:03.500   3509419.8814    779159.6752   5250972.8281   2   7   0.1587   0.0733   0.0814   0.0614   0.0343   0.0896  -0.50    2.6
2026/04/23 07:47:03.600   3509419.8824    779159.6760   5250972.8286   2   7   0.1586   0.0732   0.0814   0.0614   0.0343   0.0896  -0.40    2.6
2026/04/23 07:47:03.700   3509419.8846    779159.6767   5250972.8286   2   7   0.1586   0.0732   0.0814   0.0614   0.0343   0.0896  -0.30    2.6
2026/04/23 07:47:03.800   3509419.8859    779159.6778   5250972.8290   2   7   0.1586   0.0732   0.0814   0.0614   0.0343   0.0896  -0.20    2.6
2026/04/23 07:47:03.900   3509419.8874    779159.6792   5250972.8299   2   7   0.1585   0.0732   0.0814   0.0614   0.0343   0.0896  -0.10    2.6
2026/04/23 07:47:04.000   3509419.8892    779159.6803   5250972.8308   2   7   0.1585   0.0732   0.0814   0.0614   0.0343   0.0896   0.00    2.6
2026/04/23 07:47:04.100   3509419.8910    779159.6820   5250972.8311   2   7   0.1585   0.0732   0.0814   0.0614   0.0343   0.0896   0.10    2.6
2026/04/23 07:47:04.200   3509419.8925    779159.6832   5250972.8309   2   7   0.1584   0.0731   0.0814   0.0614   0.0343   0.0896   0.20    2.6
2026/04/23 07:47:04.300   3509419.8944    779159.6833   5250972.8311   2   7   0.1584   0.0731   0.0814   0.0614   0.0343   0.0896   0.30    2.6
2026/04/23 07:47:04.400   3509419.8953    779159.6842   5250972.8308   2   7   0.1584   0.0731   0.0814   0.0614   0.0343   0.0896   0.40    2.6
2026/04/23 07:47:04.500   3509419.8958    779159.6848   5250972.8310   2   7   0.1584   0.0731   0.0814   0.0614   0.0343   0.0896  -0.50    2.6
2026/04/23 07:47:04.600   3509419.8972    779159.6854   5250972.8314   2   7   0.1583   0.0731   0.0814   0.0614   0.0343   0.0896  -0.40    2.6
2026/04/23 07:47:04.700   3509419.8989    779159.6857   5250972.8311   2   7   0.1583   0.0731   0.0814   0.0614   0.0343   0.0896  -0.30    2.6
2026/04/23 07:47:04.800   3509419.9000    779159.6862   5250972.8313   2   7   0.1583   0.0731   0.0814   0.0614   0.0343   0.0896  -0.20    2.6
2026/04/23 07:47:04.900   3509419.9002    779159.6866   5250972.8315   2   7   0.1582   0.0730   0.0814   0.0614   0.0343   0.0896  -0.10    2.7
2026/04/23 07:47:05.000   3509419.9012    779159.6878   5250972.8320   2   7   0.1582   0.0730   0.0814   0.0614   0.0343   0.0896   0.00    2.7
2026/04/23 07:47:05.100   3509419.8998    779159.6878   5250972.8336   2   7   0.1582   0.0730   0.0814   0.0613   0.0343   0.0896   0.10    2.7
2026/04/23 07:47:05.200   3509419.9007    779159.6884   5250972.8350   2   7   0.1581   0.0730   0.0814   0.0613   0.0343   0.0895   0.20    2.7
2026/04/23 07:47:05.300   3509419.9020    779159.6891   5250972.8352   2   7   0.1581   0.0730   0.0814   0.0613   0.0343   0.0895   0.30    2.7
2026/04/23 07:47:05.400   3509419.9018    779159.6898   5250972.8354   2   7   0.1581   0.0730   0.0814   0.0613   0.0343   0.0895   0.40    2.7
2026/04/23 07:47:05.500   3509419.9042    779159.6908   5250972.8351   2   7   0.1580   0.0730   0.0814   0.0613   0.0343   0.0895  -0.50    2.7
2026/04/23 07:47:05.600   3509419.9051    779159.6925   5250972.8361   2   7   0.1580   0.0729   0.0814   0.0613   0.0343   0.0895  -0.40    2.7
2026/04/23 07:47:05.700   3509419.9063    779159.6937   5250972.8363   2   7   0.1580   0.0729   0.0814   0.0613   0.0343   0.0895  -0.30    2.7
2026/04/23 07:47:05.800   3509419.9070    779159.6951   5250972.8357   2   7   0.1580   0.0729   0.0814   0.0613   0.0343   0.0895  -0.20    2.7
2026/04/23 07:47:05.900   3509419.9065    779159.6962   5250972.8358   2   7   0.1579   0.0729   0.0814   0.0613   0.0343   0.0895  -0.10    2.7
2026/04/23 07:47:06.000   3509419.9052    779159.6965   5250972.8360   2   7   0.1579   0.0729   0.0814   0.0613   0.0343   0.0895   0.00    2.7
2026/04/23 07:47:06.100   3509419.9039    779159.6966   5250972.8365   2   7   0.1579   0.0729   0.0813   0.0613   0.0343   0.0895   0.10    2.7
2026/04/23 07:47:06.200   3509419.9033    779159.6964   5250972.8362   2   7   0.1578   0.0729   0.0813   0.0613   0.0343   0.0895   0.20    2.7
2026/04/23 07:47:06.300   3509419.9031    779159.6973   5250972.8368   2   7   0.1578   0.0728   0.0813   0.0613   0.0343   0.0895   0.30    2.7
2026/04/23 07:47:06.400   3509419.9022    779159.6976   5250972.8367   2   7   0.1578   0.0728   0.0813   0.0613   0.0343   0.0895   0.40    2.7
2026/04/23 07:47:06.500   3509419.9022    779159.6984   5250972.8368   2   7   0.1577   0.0728   0.0813   0.0613   0.0343   0.0895  -0.50    2.7
2026/04/23 07:47:06.600   3509419.9023    779159.6992   5250972.8371   2   7   0.1577   0.0728   0.0813   0.0613   0.0343   0.0895  -0.40    2.7
2026/04/23 07:47:06.700   3509419.9023    779159.6999   5250972.8371   2   7   0.1577   0.0728   0.0813   0.0612   0.0343   0.0895  -0.30    2.7
2026/04/23 07:47:06.800   3509419.9021    779159.7007   5250972.8367   2   7   0.1577   0.0728   0.0813   0.0612   0.0343   0.0895  -0.20    2.7
2026/04/23 07:47:06.900   3509419.9029    779159.7018   5250972.8363   2   7   0.1576   0.0728   0.0813   0.0612   0.0343   0.0895  -0.10    2.7
2026/04/23 07:47:07.000   3509419.9035    779159.7030   5250972.8359   2   7   0.1576   0.0727   0.0813   0.0612   0.0343   0.0894   0.00    2.7
2026/04/23 07:47:07.100   3509419.9032    779159.7040   5250972.8363   2   7   0.1576   0.0727   0.0813   0.0612   0.0343   0.0894   0.10    2.7
2026/04/23 07:47:07.200   3509419.9028    779159.7051   5250972.8359   2   7   0.1575   0.0727   0.0813   0.0612   0.0343   0.0894   0.20    2.7
2026/04/23 07:47:07.300   3509419.9023    779159.7060   5250972.8349   2   7   0.1575   0.0727   0.0813   0.0612   0.0343   0.0894   0.30    2.7
2026/04/23 07:47:07.400   3509419.9014    779159.7068   5250972.8348   2   7   0.1575   0.0727   0.0813   0.0612   0.0343   0.0894   0.40    2.7
2026/04/23 07:47:07.500   3509419.9008    779159.7081   5250972.8339   2   7   0.1574   0.0727   0.0813   0.0612   0.0343   0.0894  -0.50    2.7
2026/04/23 07:47:07.600   3509419.9027    779159.7089   5250972.8332   2   7   0.1574   0.0727   0.0813   0.0612   0.0343   0.0894  -0.40    2.7
2026/04/23 07:47:07.700   3509419.9037    779159.7103   5250972.8327   2   7   0.1574   0.0726   0.0813   0.0612   0.0343   0.0894  -0.30    2.7
2026/04/23 07:47:07.800   3509419.9032    779159.7116   5250972.8326   2   7   0.1573   0.0726   0.0813   0.0612   0.0343   0.0894  -0.20    2.7
2026/04/23 07:47:07.900   3509419.9010    779159.7123   5250972.8331   2   7   0.1573   0.0726   0.0813   0.0612   0.0343   0.0894  -0.10    2.7
2026/04/23 07:47:08.000   3509419.9007    779159.7135   5250972.8334   2   7   0.1573   0.0726   0.0813   0.0612   0.0343   0.0894   0.00    2.7
2026/04/23 07:47:08.100   3509419.9015    779159.7149   5250972.8340   2   7   0.1573   0.0726   0.0813   0.0612   0.0343   0.0894   0.10    2.7
2026/04/23 07:47:08.200   3509419.9025    779159.7162   5250972.8339   2   7   0.1572   0.0726   0.0813   0.0612   0.0343   0.0894   0.20    2.7
2026/04/23 07:47:08.300   3509419.9032    779159.7169   5250972.8344   2   7   0.1572   0.0725   0.0813   0.0611   0.0343   0.0894   0.30    2.7
2026/04/23 07:47:08.400   3509419.9045    779159.7178   5250972.8344   2   7   0.1572   0.0725   0.0813   0.0611   0.0343   0.0894   0.40    2.7
2026/04/23 07:47:08.500   3509419.9067    779159.7182   5250972.8343   2   7   0.1571   0.0725   0.0813   0.0611   0.0343   0.0894  -0.50    2.7
2026/04/23 07:47:08.600   3509419.9084    779159.7196   5250972.8343   2   7   0.1571   0.0725   0.0813   0.0611   0.0343   0.0893  -0.40    2.7
2026/04/23 07:47:08.700   3509419.9112    779159.7211   5250972.8332   2   7   0.1571   0.0725   0.0813   0.0611   0.0343   0.0893  -0.30    2.7
2026/04/23 07:47:08.800   3509419.9110    779159.7218   5250972.8326   2   7   0.1570   0.0725   0.0813   0.0611   0.0343   0.0893  -0.20    2.7
2026/04/23 07:47:08.900   3509419.9122    779159.7226   5250972.8337   2   7   0.1570   0.0725   0.0812   0.0611   0.0343   0.0893  -0.10    2.7
2026/04/23 07:47:09.000   3509419.9131    779159.7227   5250972.8344   2   7   0.1570   0.0724   0.0812   0.0611   0.0343   0.0893   0.00    2.7
2026/04/23 07:47:09.100   3509419.9138    779159.7235   5250972.8338   2   7   0.1570   0.0724   0.0812   0.0611   0.0343   0.0893   0.10    2.8
2026/04/23 07:47:09.200   3509419.9164    779159.7246   5250972.8334   2   7   0.1569   0.0724   0.0812   0.0611   0.0343   0.0893   0.20    2.8
2026/04/23 07:47:09.300   3509419.9180    779159.7254   5250972.8336   2   7   0.1569   0.0724   0.0812   0.0611   0.0343   0.0893   0.30    2.8
2026/04/23 07:47:09.400   3509419.9202    779159.7262   5250972.8341   2   7   0.1569   0.0724   0.0812   0.0611   0.0343   0.0893   0.40    2.8
2026/04/23 07:47:09.500   3509419.9209    779159.7262   5250972.8347   2   7   0.1568   0.0724   0.0812   0.0611   0.0343   0.0893  -0.50    2.8
2026/04/23 07:47:09.600   3509419.9217    779159.7262   5250972.8350   2   7   0.1568   0.0724   0.0812   0.0611   0.0343   0.0893  -0.40    2.8
2026/04/23 07:47:09.700   3509419.9245    779159.7262   5250972.8354   2   7   0.1568   0.0723   0.0812   0.0611   0.0343   0.0893  -0.30    2.8
2026/04/23 07:47:09.800   3509419.9275    779159.7269   5250972.8351   2   7   0.1567   0.0723   0.0812   0.0610   0.0343   0.0893  -0.20    2.8
2026/04/23 07:47:09.900   3509419.9316    779159.7286   5250972.8357   2   7   0.1567   0.0723   0.0812   0.0610   0.0343   0.0893  -0.10    2.8
2026/04/23 07:47:10.000   3509419.9336    779159.7296   5250972.8363   2   7   0.1567   0.0723   0.0812   0.0610   0.0343   0.0893   0.00    2.8
2026/04/23 07:47:10.100   3509419.9363    779159.7301   5250972.8362   2   7   0.1566   0.0723   0.0812   0.0610   0.0343   0.0893   0.10    2.8
2026/04/23 07:47:10.200   3509419.9374    779159.7302   5250972.8364   2   7   0.1566   0.0723   0.0812   0.0610   0.0343   0.0893   0.20    2.8
2026/04/23 07:47:10.300   3509419.9378    779159.7308   5250972.8369   2   7   0.1566   0.0723   0.0812   0.0610   0.0343   0.0892   0.30    2.8
2026/04/23 07:47:10.400   3509419.9398    779159.7318   5250972.8377   2   7   0.1566   0.0722   0.0812   0.0610   0.0343   0.0892   0.40    2.8
2026/04/23 07:47:10.500   3509419.9421    779159.7330   5250972.8382   2   7   0.1565   0.0722   0.0812   0.0610   0.0343   0.0892  -0.50    2.8
2026/04/23 07:47:10.600   3509419.9442    779159.7342   5250972.8391   2   7   0.1565   0.0722   0.0812   0.0610   0.0343   0.0892  -0.40    2.8
2026/04/23 07:47:10.700   3509419.9437    779159.7354   5250972.8395   2   7   0.1565   0.0722   0.0812   0.0610   0.0343   0.0892  -0.30    2.8
2026/04/23 07:47:10.800   3509419.9437    779159.7370   5250972.8395   2   7   0.1564   0.0722   0.0812   0.0610   0.0343   0.0892  -0.20    2.8
2026/04/23 07:47:10.900   3509419.9460    779159.7379   5250972.8402   2   7   0.1564   0.0722   0.0812   0.0610   0.0343   0.0892  -0.10    2.8
2026/04/23 07:47:11.000   3509419.9473    779159.7388   5250972.8410   2   7   0.1564   0.0722   0.0812   0.0610   0.0343   0.0892   0.00    2.8
2026/04/23 07:47:11.100   3509419.9478    779159.7397   5250972.8409   2   7   0.1563   0.0721   0.0812   0.0610   0.0343   0.0892   0.10    2.8
2026/04/23 07:47:11.200   3509419.9487    779159.7399   5250972.8403   2   7   0.1563   0.0721   0.0812   0.0609   0.0343   0.0892   0.20    2.8
2026/04/23 07:47:11.300   3509419.9493    779159.7404   5250972.8409   2   7   0.1563   0.0721   0.0811   0.0609   0.0343   0.0892   0.30    2.8
2026/04/23 07:47:11.400   3509419.9516    779159.7412   5250972.8413   2   7   0.1563   0.0721   0.0811   0.0609   0.0343   0.0892   0.40    2.8
2026/04/23 07:47:11.500   3509419.9531    779159.7419   5250972.8409   2   7   0.1562   0.0721   0.0811   0.0609   0.0343   0.0892  -0.50    2.8
2026/04/23 07:47:11.600   3509419.9549    779159.7425   5250972.8413   2   7   0.1562   0.0721   0.0811   0.0609   0.0343   0.0892  -0.40    2.8
2026/04/23 07:47:11.700   3509419.9566    779159.7435   5250972.8412   2   7   0.1562   0.0721   0.0811   0.0609   0.0343   0.0892  -0.30    2.8
2026/04/23 07:47:11.800   3509419.9586    779159.7443   5250972.8419   2   7   0.1561   0.0720   0.0811   0.0609   0.0343   0.0891  -0.20    2.8
2026/04/23 07:47:11.900   3509419.9610    779159.7451   5250972.8428   2   7   0.1561   0.0720   0.0811   0.0609   0.0342   0.0891  -0.10    2.8
2026/04/23 07:47:12.000   3509419.9617    779159.7461   5250972.8439   2   7   0.1561   0.0720   0.0811   0.0609   0.0342   0.0891   0.00    2.8
2026/04/23 07:47:12.100   3509419.9623    779159.7468   5250972.8447   2   7   0.1560   0.0720   0.0811   0.0609   0.0342   0.0891   0.10    2.8
2026/04/23 07:47:12.200   3509419.9644    779159.7467   5250972.8442   2   7   0.1560   0.0720   0.0811   0.0609   0.0342   0.0891   0.20    2.8
2026/04/23 07:47:12.300   3509419.9650    779159.7469   5250972.8456   2   7   0.1560   0.0720   0.0811   0.0609   0.0342   0.0891   0.30    2.8
2026/04/23 07:47:12.400   3509419.9659    779159.7471   5250972.8469   2   7   0.1560   0.0720   0.0811   0.0609   0.0342   0.0891   0.40    2.8
2026/04/23 07:47:12.500   3509419.9679    779159.7470   5250972.8473   2   7   0.1559   0.0719   0.0811   0.0609   0.0342   0.0891  -0.50    2.8
2026/04/23 07:47:12.600   3509419.9690    779159.7469   5250972.8472   2   7   0.1559   0.0719   0.0811   0.0609   0.0342   0.0891  -0.40    2.8
2026/04/23 07:47:12.700   3509419.9697    779159.7476   5250972.8470   2   7   0.1559   0.0719   0.0811   0.0608   0.0342   0.0891  -0.30    2.8
2026/04/23 07:47:12.800   3509419.9711    779159.7479   5250972.8481   2   7   0.1558   0.0719   0.0811   0.0608   0.0342   0.0891  -0.20    2.8
2026/04/23 07:47:12.900   3509419.9722    779159.7481   5250972.8484   2   7   0.1558   0.0719   0.0811   0.0608   0.0342   0.0891  -0.10    2.8
2026/04/23 07:47:13.000   3509419.9735    779159.7487   5250972.8490   2   7   0.1558   0.0719   0.0811   0.0608   0.0342   0.0891   0.00    2.8
2026/04/23 07:47:13.100   3509419.9758    779159.7486   5250972.8491   2   7   0.1557   0.0719   0.0811   0.0608   0.0342   0.0891   0.10    2.8
2026/04/23 07:47:13.200   3509419.9778    779159.7488   5250972.8498   2   7   0.1557   0.0718   0.0811   0.0608   0.0342   0.0891   0.20    2.9
2026/04/23 07:47:13.300   3509419.9795    779159.7497   5250972.8504   2   7   0.1557   0.0718   0.0811   0.0608   0.0342   0.0890   0.30    2.9
2026/04/23 07:47:13.400   3509419.9808    779159.7502   5250972.8509   2   7   0.1557   0.0718   0.0810   0.0608   0.0342   0.0890   0.40    2.9
2026/04/23 07:47:13.500   3509419.9815    779159.7508   5250972.8515   2   7   0.1556   0.0718   0.0810   0.0608   0.0342   0.0890  -0.50    2.9
2026/04/23 07:47:13.600   3509419.9819    779159.7510   5250972.8514   2   7   0.1556   0.0718   0.0810   0.0608   0.0342   0.0890  -0.40    2.9
2026/04/23 07:47:13.700   3509419.9822    779159.7519   5250972.8507   2   7   0.1556   0.0718   0.0810   0.0608   0.0342   0.0890  -0.30    2.9
2026/04/23 07:47:13.800   3509419.9827    779159.7522   5250972.8504   2   7   0.1555   0.0718   0.0810   0.0608   0.0342   0.0890  -0.20    2.9
2026/04/23 07:47:13.900   3509419.9832    779159.7528   5250972.8509   2   7   0.1555   0.0717   0.0810   0.0608   0.0342   0.0890  -0.10    2.9
2026/04/23 07:47:14.000   3509419.9831    779159.7527   5250972.8519   2   7   0.1555   0.0717   0.0810   0.0608   0.0342   0.0890   0.00    2.9
2026/04/23 07:47:14.100   3509419.9832    779159.7530   5250972.8518   2   7   0.1554   0.0717   0.0810   0.0607   0.0342   0.0890   0.10    2.9
2026/04/23 07:47:14.200   3509419.9837    779159.7540   5250972.8518   2   7   0.1554   0.0717   0.0810   0.0607   0.0342   0.0890   0.20    2.9
2026/04/23 07:47:14.300   3509419.9853    779159.7542   5250972.8531   2   7   0.1554   0.0717   0.0810   0.0607   0.0342   0.0890   0.30    2.9
2026/04/23 07:47:14.400   3509419.9872    779159.7549   5250972.8541   2   7   0.1554   0.0717   0.0810   0.0607   0.0342   0.0890   0.40    2.9
2026/04/23 07:47:14.500   3509419.9890    779159.7564   5250972.8550   2   7   0.1553   0.0717   0.0810   0.0607   0.0342   0.0890  -0.50    2.9
2026/04/23 07:47:14.600   3509419.9901    779159.7575   5250972.8554   2   7   0.1553   0.0716   0.0810   0.0607   0.0342   0.0890  -0.40    2.9
2026/04/23 07:47:14.700   3509419.9908    779159.7584   5250972.8554   2   7   0.1553   0.0716   0.0810   0.0607   0.0342   0.0889  -0.30    2.9
2026/04/23 07:47:14.800   3509419.9902    779159.7595   5250972.8548   2   7   0.1552   0.0716   0.0810   0.0607   0.0342   0.0889  -0.20    2.9
2026/04/23 07:47:14.900   3509419.9899    779159.7594   5250972.8544   2   7   0.1552   0.0716   0.0810   0.0607   0.0342   0.0889  -0.10    2.9
2026/04/23 07:47:15.000   3509419.9908    779159.7595   5250972.8531   2   7   0.1552   0.0716   0.0810   0.0607   0.0342   0.0889   0.00    2.9
2026/04/23 07:47:15.100   3509419.9914    779159.7592   5250972.8533   2   7   0.1551   0.0716   0.0810   0.0607   0.0342   0.0889   0.10    2.9
2026/04/23 07:47:15.200   3509419.9919    779159.7589   5250972.8530   2   7   0.1551   0.0716   0.0809   0.0607   0.0342   0.0889   0.20    2.9
2026/04/23 07:47:15.300   3509419.9916    779159.7590   5250972.8539   2   7   0.1551   0.0715   0.0809   0.0607   0.0342   0.0889   0.30    2.9
2026/04/23 07:47:15.400   3509419.9909    779159.7593   5250972.8548   2   7   0.1550   0.0715   0.0809   0.0606   0.0342   0.0889   0.40    2.9
2026/04/23 07:47:15.500   3509419.9893    779159.7594   5250972.8555   2   7   0.1550   0.0715   0.0809   0.0606   0.0342   0.0889  -0.50    2.9
2026/04/23 07:47:15.600   3509419.9879    779159.7596   5250972.8551   2   7   0.1550   0.0715   0.0809   0.0606   0.0342   0.0889  -0.40    2.9
2026/04/23 07:47:15.700   3509419.9867    779159.7593   5250972.8560   2   7   0.1550   0.0715   0.0809   0.0606   0.0342   0.0889  -0.30    2.9
2026/04/23 07:47:15.800   3509419.9872    779159.7588   5250972.8568   2   7   0.1549   0.0715   0.0809   0.0606   0.0342   0.0889  -0.20    2.9
2026/04/23 07:47:15.900   3509419.9867    779159.7584   5250972.8576   2   7   0.1549   0.0715   0.0809   0.0606   0.0342   0.0889  -0.10    2.9
2026/04/23 07:47:16.000   3509419.9852    779159.7581   5250972.8583   2   7   0.1549   0.0714   0.0809   0.0606   0.0342   0.0888   0.00    2.9
2026/04/23 07:47:16.100   3509419.9856    779159.7582   5250972.8589   2   7   0.1548   0.0714   0.0809   0.0606   0.0342   0.0888   0.10    2.9
2026/04/23 07:47:16.200   3509419.9863    779159.7587   5250972.8592   2   7   0.1548   0.0714   0.0809   0.0606   0.0342   0.0888   0.20    2.9
2026/04/23 07:47:16.300   3509419.9864    779159.7589   5250972.8574   2   7   0.1548   0.0714   0.0809   0.0606   0.0342   0.0888   0.30    2.9
2026/04/23 07:47:16.400   3509419.9878    779159.7590   5250972.8566   2   7   0.1547   0.0714   0.0809   0.0606   0.0342   0.0888   0.40    2.9
2026/04/23 07:47:16.500   3509419.9890    779159.7593   5250972.8561   2   7   0.1547   0.0714   0.0809   0.0606   0.0342   0.0888  -0.50    2.9
2026/04/23 07:47:16.600   3509419.9901    779159.7594   5250972.8578   2   7   0.1547   0.0714   0.0809   0.0606   0.0342   0.0888  -0.40    2.9
2026/04/23 07:47:16.700   3509419.9898    779159.7599   5250972.8586   2   7   0.1547   0.0713   0.0809   0.0605   0.0342   0.0888  -0.30    2.9
2026/04/23 07:47:16.800   3509419.9928    779159.7597   5250972.8586   2   7   0.1546   0.0713   0.0809   0.0605   0.0342   0.0888  -0.20    2.9
2026/04/23 07:47:16.900   3509419.9966    779159.7599   5250972.8583   2   7   0.1546   0.0713   0.0808   0.0605   0.0342   0.0888  -0.10    2.9
2026/04/23 07:47:17.000   3509420.0011    779159.7599   5250972.8581   2   7   0.1546   0.0713   0.0808   0.0605   0.0342   0.0888   0.00    2.9
2026/04/23 07:47:17.100   3509420.0044    779159.7608   5250972.8579   2   7   0.1545   0.0713   0.0808   0.0605   0.0342   0.0888   0.10    2.9
2026/04/23 07:47:17.200   3509420.0069    779159.7612   5250972.8588   2   7   0.1545   0.0713   0.0808   0.0605   0.0342   0.0888   0.20    2.9
2026/04/23 07:47:17.300   3509420.0066    779159.7617   5250972.8593   2   7   0.1545   0.0713   0.0808   0.0605   0.0342   0.0887   0.30    2.9
2026/04/23 07:47:17.400   3509420.0073    779159.7621   5250972.8604   2   7   0.1544   0.0712   0.0808   0.0605   0.0342   0.0887   0.40    2.9
2026/04/23 07:47:17.500   3509420.0064    779159.7630   5250972.8605   2   7   0.1544   0.0712   0.0808   0.0605   0.0342   0.0887  -0.50    2.9
2026/04/23 07:47:17.600   3509420.0040    779159.7634   5250972.8621   2   7   0.1544   0.0712   0.0808   0.0605   0.0342   0.0887  -0.40    2.9
2026/04/23 07:47:17.700   3509420.0030    779159.7641   5250972.8633   2   7   0.1544   0.0712   0.0808   0.0605   0.0342   0.0887  -0.30    2.9
2026/04/23 07:47:17.800   3509420.0030    779159.7650   5250972.8640   2   7   0.1543   0.0712   0.0808   0.0605   0.0342   0.0887  -0.20    2.9
2026/04/23 07:47:17.900   3509420.0023    779159.7650   5250972.8634   2   7   0.1543   0.0712   0.0808   0.0605   0.0342   0.0887  -0.10    2.9
2026/04/23 07:47:18.000   3509419.9994    779159.7652   5250972.8633   2   7   0.1543   0.0712   0.0808   0.0604   0.0342   0.0887   0.00    2.9
2026/04/23 07:47:18.100   3509419.9968    779159.7654   5250972.8629   2   7   0.1542   0.0711   0.0808   0.0604   0.0342   0.0887   0.10    2.9
2026/04/23 07:47:18.200   3509419.9952    779159.7656   5250972.8618   2   7   0.1542   0.0711   0.0808   0.0604   0.0342   0.0887   0.20    2.9
2026/04/23 07:47:18.300   3509419.9936    779159.7662   5250972.8617   2   7   0.1542   0.0711   0.0808   0.0604   0.0341   0.0887   0.30    2.9
2026/04/23 07:47:18.400   3509419.9930    779159.7666   5250972.8615   2   7   0.1541   0.0711   0.0808   0.0604   0.0341   0.0887   0.40    2.9
2026/04/23 07:47:18.500   3509419.9917    779159.7672   5250972.8613   2   7   0.1541   0.0711   0.0807   0.0604   0.0341   0.0886  -0.50    2.9
2026/04/23 07:47:18.600   3509419.9906    779159.7675   5250972.8612   2   7   0.1541   0.0711   0.0807   0.0604   0.0341   0.0886  -0.40    2.9
2026/04/23 07:47:18.700   3509419.9894    779159.7687   5250972.8596   2   7   0.1540   0.0711   0.0807   0.0604   0.0341   0.0886  -0.30    2.9
2026/04/23 07:47:18.800   3509419.9904    779159.7693   5250972.8590   2   7   0.1540   0.0711   0.0807   0.0604   0.0341   0.0886  -0.20    2.9
2026/04/23 07:47:18.900   3509419.9913    779159.7699   5250972.8591   2   7   0.1540   0.0710   0.0807   0.0604   0.0341   0.0886  -0.10    2.9
2026/04/23 07:47:19.000   3509419.9920    779159.7699   5250972.8592   2   7   0.1540   0.0710   0.0807   0.0604   0.0341   0.0886   0.00    2.9
2026/04/23 07:47:19.100   3509419.9916    779159.7698   5250972.8583   2   7   0.1539   0.0710   0.0807   0.0604   0.0341   0.0886   0.10    2.9
2026/04/23 07:47:19.200   3509419.9917    779159.7701   5250972.8566   2   7   0.1539   0.0710   0.0807   0.0604   0.0341   0.0886   0.20    2.9
2026/04/23 07:47:19.300   3509419.9926    779159.7706   5250972.8557   2   7   0.1539   0.0710   0.0807   0.0603   0.0341   0.0886   0.30    2.9
2026/04/23 07:47:19.400   3509419.9939    779159.7707   5250972.8554   2   7   0.1538   0.0710   0.0807   0.0603   0.0341   0.0886   0.40    2.9
2026/04/23 07:47:19.500   3509419.9955    779159.7708   5250972.8556   2   7   0.1538   0.0710   0.0807   0.0603   0.0341   0.0886  -0.50    2.9
2026/04/23 07:47:19.600   3509419.9963    779159.7714   5250972.8554   2   7   0.1538   0.0709   0.0807   0.0603   0.0341   0.0886  -0.40    2.9
2026/04/23 07:47:19.700   3509419.9979    779159.7720   5250972.8542   2   7   0.1537   0.0709   0.0807   0.0603   0.0341   0.0885  -0.30    2.9
2026/04/23 07:47:19.800   3509419.9981    779159.7729   5250972.8536   2   7   0.1537   0.0709   0.0807   0.0603   0.0341   0.0885  -0.20    2.9
2026/04/23 07:47:19.900   3509419.9989    779159.7734   5250972.8534   2   7   0.1537   0.0709   0.0806   0.0603   0.0341   0.0885  -0.10    2.9
2026/04/23 07:47:20.000   3509419.9979    779159.7741   5250972.8534   2   7   0.1537   0.0709   0.0806   0.0603   0.0341   0.0885   0.00    2.9
2026/04/23 07:47:20.100   3509419.9971    779159.7746   5250972.8531   2   7   0.1536   0.0709   0.0806   0.0603   0.0341   0.0885   0.10    2.9
2026/04/23 07:47:20.200   3509419.9963    779159.7746   5250972.8535   2   7   0.1536   0.0709   0.0806   0.0603   0.0341   0.0885   0.20    2.9
2026/04/23 07:47:20.300   3509419.9960    779159.7756   5250972.8534   2   7   0.1536   0.0708   0.0806   0.0603   0.0341   0.0885   0.30    2.9
2026/04/23 07:47:20.400   3509419.9958    779159.7763   5250972.8529   2   7   0.1535   0.0708   0.0806   0.0603   0.0341   0.0885   0.40    2.9
2026/04/23 07:47:20.500   3509419.9950    779159.7767   5250972.8535   2   7   0.1535   0.0708   0.0806   0.0602   0.0341   0.0885  -0.50    2.9
2026/04/23 07:47:20.600   3509419.9964    779159.7778   5250972.8527   2   7   0.1535   0.0708   0.0806   0.0602   0.0341   0.0885  -0.40    2.9
2026/04/23 07:47:20.700   3509419.9989    779159.7789   5250972.8520   2   7   0.1534   0.0708   0.0806   0.0602   0.0341   0.0885  -0.30    2.9
2026/04/23 07:47:20.800   3509419.9989    779159.7790   5250972.8520   2   7   0.1534   0.0708   0.0806   0.0602   0.0341   0.0884  -0.20    2.9
2026/04/23 07:47:20.900   3509419.9985    779159.7794   5250972.8516   2   7   0.1534   0.0708   0.0806   0.0602   0.0341   0.0884  -0.10    2.9
2026/04/23 07:47:21.000   3509419.9976    779159.7797   5250972.8500   2   7   0.1533   0.0707   0.0806   0.0602   0.0341   0.0884   0.00    2.9
2026/04/23 07:47:21.100   3509419.9968    779159.7793   5250972.8486   2   7   0.1533   0.0707   0.0806   0.0602   0.0341   0.0884   0.10    2.9
2026/04/23 07:47:21.200   3509419.9961    779159.7788   5250972.8481   2   7   0.1533   0.0707   0.0806   0.0602   0.0341   0.0884   0.20    2.9
2026/04/23 07:47:21.300   3509419.9944    779159.7789   5250972.8476   2   7   0.1533   0.0707   0.0805   0.0602   0.0341   0.0884   0.30    2.9
2026/04/23 07:47:21.400   3509419.9944    779159.7796   5250972.8476   2   7   0.1532   0.0707   0.0805   0.0602   0.0341   0.0884   0.40    2.9
2026/04/23 07:47:21.500   3509419.9940    779159.7799   5250972.8467   2   7   0.1532   0.0707   0.0805   0.0602   0.0341   0.0884  -0.50    2.9
2026/04/23 07:47:21.600   3509419.9932    779159.7797   5250972.8456   2   7   0.1532   0.0707   0.0805   0.0602   0.0341   0.0884  -0.40    2.9
2026/04/23 07:47:21.700   3509419.9927    779159.7797   5250972.8452   2   7   0.1531   0.0706   0.0805   0.0601   0.0341   0.0884  -0.30    2.9
2026/04/23 07:47:21.800   3509419.9923    779159.7803   5250972.8443   2   7   0.1531   0.0706   0.0805   0.0601   0.0341   0.0884  -0.20    2.9
2026/04/23 07:47:21.900   3509419.9929    779159.7808   5250972.8440   2   7   0.1531   0.0706   0.0805   0.0601   0.0341   0.0883  -0.10    2.9
2026/04/23 07:47:22.000   3509419.9925    779159.7808   5250972.8440   2   7   0.1530   0.0706   0.0805   0.0601   0.0341   0.0883   0.00    2.9
2026/04/23 07:47:22.100   3509419.9925    779159.7812   5250972.8436   2   7   0.1530   0.0706   0.0805   0.0601   0.0341   0.0883   0.10    2.9
2026/04/23 07:47:22.200   3509419.9913    779159.7818   5250972.8425   2   7   0.1530   0.0706   0.0805   0.0601   0.0341   0.0883   0.20    2.9
2026/04/23 07:47:22.300   3509419.9916    779159.7824   5250972.8420   2   7   0.1530   0.0706   0.0805   0.0601   0.0340   0.0883   0.30    2.9
2026/04/23 07:47:22.400   3509419.9924    779159.7825   5250972.8414   2   7   0.1529   0.0705   0.0805   0.0601   0.0340   0.0883   0.40    2.9
2026/04/23 07:47:22.500   3509419.9933    779159.7828   5250972.8414   2   7   0.1529   0.0705   0.0805   0.0601   0.0340   0.0883  -0.50    2.9
2026/04/23 07:47:22.600   3509419.9954    779159.7834   5250972.8413   2   7   0.1529   0.0705   0.0804   0.0601   0.0340   0.0883  -0.40    2.9
2026/04/23 07:47:22.700   3509419.9976    779159.7836   5250972.8408   2   7   0.1528   0.0705   0.0804   0.0601   0.0340   0.0883  -0.30    2.9
2026/04/23 07:47:22.800   3509419.9988    779159.7843   5250972.8406   2   7   0.1528   0.0705   0.0804   0.0600   0.0340   0.0883  -0.20    2.9
2026/04/23 07:47:22.900   3509419.9997    779159.7844   5250972.8407   2   7   0.1528   0.0705   0.0804   0.0600   0.0340   0.0883  -0.10    2.9
2026/04/23 07:47:23.000   3509419.9993    779159.7845   5250972.8411   2   7   0.1527   0.0705   0.0804   0.0600   0.0340   0.0882   0.00    2.9
2026/04/23 07:47:23.100   3509419.9999    779159.7850   5250972.8414   2   7   0.1527   0.0704   0.0804   0.0600   0.0340   0.0882   0.10    2.9
2026/04/23 07:47:23.200   3509420.0010    779159.7858   5250972.8418   2   7   0.1527   0.0704   0.0804   0.0600   0.0340   0.0882   0.20    2.9
2026/04/23 07:47:23.300   3509420.0014    779159.7868   5250972.8411   2   7   0.1526   0.0704   0.0804   0.0600   0.0340   0.0882   0.30    2.9
2026/04/23 07:47:23.400   3509420.0025    779159.7876   5250972.8399   2   7   0.1526   0.0704   0.0804   0.0600   0.0340   0.0882   0.40    2.9
2026/04/23 07:47:23.500   3509420.0043    779159.7871   5250972.8391   2   7   0.1526   0.0704   0.0804   0.0600   0.0340   0.0882  -0.50    2.9
2026/04/23 07:47:23.600   3509420.0056    779159.7870   5250972.8378   2   7   0.1526   0.0704   0.0804   0.0600   0.0340   0.0882  -0.40    2.9
2026/04/23 07:47:23.700   3509420.0067    779159.7873   5250972.8377   2   7   0.1525   0.0704   0.0804   0.0600   0.0340   0.0882  -0.30    2.9
2026/04/23 07:47:23.800   3509420.0079    779159.7881   5250972.8368   2   7   0.1525   0.0704   0.0803   0.0600   0.0340   0.0882  -0.20    2.9
2026/04/23 07:47:23.900   3509420.0083    779159.7885   5250972.8365   2   7   0.1525   0.0703   0.0803   0.0600   0.0340   0.0882  -0.10    2.9
2026/04/23 07:47:24.000   3509420.0073    779159.7887   5250972.8364   2   7   0.1524   0.0703   0.0803   0.0599   0.0340   0.0881   0.00    2.9
2026/04/23 07:47:24.100   3509420.0076    779159.7892   5250972.8359   2   7   0.1524   0.0703   0.0803   0.0599   0.0340   0.0881   0.10    2.9
2026/04/23 07:47:24.200   3509420.0088    779159.7896   5250972.8357   2   7   0.1524   0.0703   0.0803   0.0599   0.0340   0.0881   0.20    2.9
2026/04/23 07:47:24.300   3509420.0104    779159.7895   5250972.8357   2   7   0.1523   0.0703   0.0803   0.0599   0.0340   0.0881   0.30    2.9
2026/04/23 07:47:24.400   3509420.0130    779159.7896   5250972.8348   2   7   0.1523   0.0703   0.0803   0.0599   0.0340   0.0881   0.40    2.9
2026/04/23 07:47:24.500   3509420.0141    779159.7894   5250972.8339   2   7   0.1523   0.0703   0.0803   0.0599   0.0340   0.0881  -0.50    2.9
2026/04/23 07:47:24.600   3509420.0145    779159.7891   5250972.8331   2   7   0.1522   0.0702   0.0803   0.0599   0.0340   0.0881  -0.40    2.9
2026/04/23 07:47:24.700   3509420.0149    779159.7893   5250972.8340   2   7   0.1522   0.0702   0.0803   0.0599   0.0340   0.0881  -0.30    2.9
2026/04/23 07:47:24.800   3509420.0171    779159.7903   5250972.8339   2   7   0.1522   0.0702   0.0803   0.0599   0.0340   0.0881  -0.20    2.9
2026/04/23 07:47:24.900   3509420.0192    779159.7914   5250972.8338   2   7   0.1522   0.0702   0.0802   0.0599   0.0340   0.0881  -0.10    2.9
2026/04/23 07:47:25.000   3509420.0200    779159.7918   5250972.8339   2   7   0.1521   0.0702   0.0802   0.0599   0.0340   0.0880   0.00    2.9
2026/04/23 07:47:25.100   3509420.0207    779159.7922   5250972.8336   2   7   0.1521   0.0702   0.0802   0.0598   0.0340   0.0880   0.10    2.9
2026/04/23 07:47:25.200   3509420.0213    779159.7928   5250972.8335   2   7   0.1521   0.0702   0.0802   0.0598   0.0340   0.0880   0.20    2.9
2026/04/23 07:47:25.300   3509420.0227    779159.7932   5250972.8329   2   7   0.1520   0.0701   0.0802   0.0598   0.0340   0.0880   0.30    2.9
2026/04/23 07:47:25.400   3509420.0244    779159.7933   5250972.8325   2   7   0.1520   0.0701   0.0802   0.0598   0.0339   0.0880   0.40    2.9
2026/04/23 07:47:25.500   3509420.0257    779159.7934   5250972.8327   2   7   0.1520   0.0701   0.0802   0.0598   0.0339   0.0880  -0.50    2.9
2026/04/23 07:47:25.600   3509420.0265    779159.7937   5250972.8315   2   7   0.1519   0.0701   0.0802   0.0598   0.0339   0.0880  -0.40    2.9
2026/04/23 07:47:25.700   3509420.0280    779159.7936   5250972.8300   2   7   0.1519   0.0701   0.0802   0.0598   0.0339   0.0880  -0.30    2.9
2026/04/23 07:47:25.800   3509420.0289    779159.7940   5250972.8290   2   7   0.1519   0.0701   0.0802   0.0598   0.0339   0.0880  -0.20    2.9
2026/04/23 07:47:25.900   3509420.0294    779159.7949   5250972.8280   2   7   0.1518   0.0701   0.0801   0.0598   0.0339   0.0879  -0.10    2.9
2026/04/23 07:47:26.000   3509420.0292    779159.7956   5250972.8278   2   7   0.1518   0.0700   0.0801   0.0598   0.0339   0.0879   0.00    2.9
2026/04/23 07:47:26.100   3509420.0295    779159.7963   5250972.8269   2   7   0.1518   0.0700   0.0801   0.0598   0.0339   0.0879   0.10    2.9
2026/04/23 07:47:26.200   3509420.0304    779159.7971   5250972.8254   2   7   0.1518   0.0700   0.0801   0.0597   0.0339   0.0879   0.20    2.9
2026/04/23 07:47:26.300   3509420.0320    779159.7974   5250972.8245   2   7   0.1517   0.0700   0.0801   0.0597   0.0339   0.0879   0.30    2.9
2026/04/23 07:47:26.400   3509420.0317    779159.7970   5250972.8245   2   7   0.1517   0.0700   0.0801   0.0597   0.0339   0.0879   0.40    2.9
2026/04/23 07:47:26.500   3509420.0302    779159.7969   5250972.8243   2   7   0.1517   0.0700   0.0801   0.0597   0.0339   0.0879  -0.50    2.9
2026/04/23 07:47:26.600   3509420.0273    779159.7978   5250972.8251   2   7   0.1516   0.0700   0.0801   0.0597   0.0339   0.0879  -0.40    2.9
2026/04/23 07:47:26.700   3509420.0258    779159.7979   5250972.8251   2   7   0.1516   0.0699   0.0801   0.0597   0.0339   0.0879  -0.30    2.9
2026/04/23 07:47:26.800   3509420.0254    779159.7987   5250972.8244   2   7   0.1516   0.0699   0.0801   0.0597   0.0339   0.0878  -0.20    2.9
2026/04/23 07:47:26.900   3509420.0251    779159.7993   5250972.8236   2   7   0.1515   0.0699   0.0801   0.0597   0.0339   0.0878  -0.10    2.9
2026/04/23 07:47:27.000   3509420.0241    779159.7998   5250972.8234   2   7   0.1515   0.0699   0.0800   0.0597   0.0339   0.0878   0.00    2.9
2026/04/23 07:47:27.100   3509420.0239    779159.8006   5250972.8236   2   7   0.1515   0.0699   0.0800   0.0597   0.0339   0.0878   0.10    2.9
2026/04/23 07:47:27.200   3509420.0245    779159.8014   5250972.8232   2   7   0.1514   0.0699   0.0800   0.0597   0.0339   0.0878   0.20    2.9
2026/04/23 07:47:27.300   3509420.0253    779159.8021   5250972.8226   2   7   0.1514   0.0699   0.0800   0.0596   0.0339   0.0878   0.30    2.9
2026/04/23 07:47:27.400   3509420.0263    779159.8025   5250972.8230   2   7   0.1514   0.0699   0.0800   0.0596   0.0339   0.0878   0.40    2.9
2026/04/23 07:47:27.500   3509420.0265    779159.8022   5250972.8222   2   7   0.1514   0.0698   0.0800   0.0596   0.0339   0.0878  -0.50    2.9
2026/04/23 07:47:27.600   3509420.0267    779159.8020   5250972.8205   2   7   0.1513   0.0698   0.0800   0.0596   0.0339   0.0878  -0.40    2.9
2026/04/23 07:47:27.700   3509420.0267    779159.8026   5250972.8204   2   7   0.1513   0.0698   0.0800   0.0596   0.0339   0.0877  -0.30    2.9
2026/04/23 07:47:27.800   3509420.0282    779159.8032   5250972.8198   2   7   0.1513   0.0698   0.0800   0.0596   0.0339   0.0877  -0.20    2.9
2026/04/23 07:47:27.900   3509420.0301    779159.8036   5250972.8194   2   7   0.1512   0.0698   0.0800   0.0596   0.0339   0.0877  -0.10    2.9
2026/04/23 07:47:28.000   3509420.0315    779159.8036   5250972.8179   2   7   0.1512   0.0698   0.0799   0.0596   0.0338   0.0877   0.00    2.9
2026/04/23 07:47:28.100   3509420.0319    779159.8038   5250972.8168   2   7   0.1512   0.0698   0.0799   0.0596   0.0338   0.0877   0.10    2.9
2026/04/23 07:47:28.200   3509420.0342    779159.8045   5250972.8169   2   7   0.1511   0.0697   0.0799   0.0596   0.0338   0.0877   0.20    2.9
2026/04/23 07:47:28.300   3509420.0376    779159.8053   5250972.8165   2   7   0.1511   0.0697   0.0799   0.0595   0.0338   0.0877   0.30    2.9
2026/04/23 07:47:28.400   3509420.0402    779159.8058   5250972.8164   2   7   0.1511   0.0697   0.0799   0.0595   0.0338   0.0877   0.40    2.9
2026/04/23 07:47:28.500   3509420.0420    779159.8060   5250972.8171   2   7   0.1510   0.0697   0.0799   0.0595   0.0338   0.0877  -0.50    2.9
2026/04/23 07:47:28.600   3509420.0451    779159.8061   5250972.8182   2   7   0.1510   0.0697   0.0799   0.0595   0.0338   0.0876  -0.40    2.9
2026/04/23 07:47:28.700   3509420.0489    779159.8070   5250972.8182   2   7   0.1510   0.0697   0.0799   0.0595   0.0338   0.0876  -0.30    2.9
2026/04/23 07:47:28.800   3509420.0505    779159.8073   5250972.8191   2   7   0.1509   0.0697   0.0799   0.0595   0.0338   0.0876  -0.20    2.9
2026/04/23 07:47:28.900   3509420.0510    779159.8081   5250972.8194   2   7   0.1509   0.0696   0.0798   0.0595   0.0338   0.0876  -0.10    2.9
2026/04/23 07:47:29.000   3509420.0524    779159.8091   5250972.8200   2   7   0.1509   0.0696   0.0798   0.0595   0.0338   0.0876   0.00    2.9
2026/04/23 07:47:29.100   3509420.0535    779159.8102   5250972.8207   2   7   0.1509   0.0696   0.0798   0.0595   0.0338   0.0876   0.10    2.9
2026/04/23 07:47:29.200   3509420.0540    779159.8107   5250972.8210   2   7   0.1508   0.0696   0.0798   0.0595   0.0338   0.0876   0.20    2.9
2026/04/23 07:47:29.300   3509420.0565    779159.8116   5250972.8208   2   7   0.1508   0.0696   0.0798   0.0594   0.0338   0.0876   0.30    2.9
2026/04/23 07:47:29.400   3509420.0580    779159.8122   5250972.8197   2   7   0.1508   0.0696   0.0798   0.0594   0.0338   0.0875   0.40    2.9
2026/04/23 07:47:29.500   3509420.0596    779159.8126   5250972.8198   2   7   0.1507   0.0696   0.0798   0.0594   0.0338   0.0875  -0.50    2.9
2026/04/23 07:47:29.600   3509420.0624    779159.8137   5250972.8209   2   7   0.1507   0.0695   0.0798   0.0594   0.0338   0.0875  -0.40    2.9
2026/04/23 07:47:29.700   3509420.0644    779159.8139   5250972.8216   2   7   0.1507   0.0695   0.0798   0.0594   0.0338   0.0875  -0.30    2.9
2026/04/23 07:47:29.800   3509420.0662    779159.8143   5250972.8236   2   7   0.1506   0.0695   0.0797   0.0594   0.0338   0.0875  -0.20    2.9
2026/04/23 07:47:29.900   3509420.0688    779159.8152   5250972.8246   2   7   0.1506   0.0695   0.0797   0.0594   0.0338   0.0875  -0.10    2.9
2026/04/23 07:47:30.000   3509420.0695    779159.8163   5250972.8255   2   7   0.1506   0.0695   0.0797   0.0594   0.0338   0.0875   0.00    2.9
2026/04/23 07:47:30.100   3509420.0695    779159.8168   5250972.8268   2   7   0.1505   0.0695   0.0797   0.0594   0.0338   0.0875   0.10    2.9
2026/04/23 07:47:30.200   3509420.0708    779159.8164   5250972.8270   2   7   0.1505   0.0695   0.0797   0.0594   0.0337   0.0875   0.20    2.9
2026/04/23 07:47:30.300   3509420.0705    779159.8169   5250972.8280   2   7   0.1505   0.0694   0.0797   0.0594   0.0337   0.0874   0.30    2.9
2026/04/23 07:47:30.400   3509420.0721    779159.8178   5250972.8283   2   7   0.1504   0.0694   0.0797   0.0593   0.0337   0.0874   0.40    2.9
2026/04/23 07:47:30.500   3509420.0744    779159.8184   5250972.8292   2   7   0.1504   0.0694   0.0797   0.0593   0.0337   0.0874  -0.50    2.9
2026/04/23 07:47:30.600   3509420.0758    779159.8190   5250972.8301   2   7   0.1504   0.0694   0.0797   0.0593   0.0337   0.0874  -0.40    2.9
2026/04/23 07:47:30.700   3509420.0765    779159.8198   5250972.8299   2   7   0.1504   0.0694   0.0796   0.0593   0.0337   0.0874  -0.30    2.9
2026/04/23 07:47:30.800   3509420.0769    779159.8209   5250972.8300   2   7   0.1503   0.0694   0.0796   0.0593   0.0337   0.0874  -0.20    2.9
2026/04/23 07:47:30.900   3509420.0772    779159.8215   5250972.8310   2   7   0.1503   0.0694   0.0796   0.0593   0.0337   0.0874  -0.10    2.9
2026/04/23 07:47:31.000   3509420.0776    779159.8222   5250972.8307   2   7   0.1503   0.0694   0.0796   0.0593   0.0337   0.0874   0.00    2.9
2026/04/23 07:47:31.100   3509420.0787    779159.8229   5250972.8310   2   7   0.1502   0.0693   0.0796   0.0593   0.0337   0.0873   0.10    2.9
2026/04/23 07:47:31.200   3509420.0790    779159.8234   5250972.8311   2   7   0.1502   0.0693   0.0796   0.0593   0.0337   0.0873   0.20    2.9
2026/04/23 07:47:31.300   3509420.0790    779159.8234   5250972.8318   2   7   0.1502   0.0693   0.0796   0.0593   0.0337   0.0873   0.30    2.9
2026/04/23 07:47:31.400   3509420.0794    779159.8237   5250972.8319   2   7   0.1501   0.0693   0.0796   0.0592   0.0337   0.0873   0.40    2.9
2026/04/23 07:47:31.500   3509420.0794    779159.8236   5250972.8308   2   7   0.1501   0.0693   0.0796   0.0592   0.0337   0.0873  -0.50    2.9
2026/04/23 07:47:31.600   3509420.0801    779159.8238   5250972.8299   2   7   0.1501   0.0693   0.0795   0.0592   0.0337   0.0873  -0.40    2.9
2026/04/23 07:47:31.700   3509420.0788    779159.8236   5250972.8287   2   7   0.1500   0.0693   0.0795   0.0592   0.0337   0.0873  -0.30    2.9
2026/04/23 07:47:31.800   3509420.0785    779159.8231   5250972.8284   2   7   0.1500   0.0692   0.0795   0.0592   0.0337   0.0872  -0.20    2.9
2026/04/23 07:47:31.900   3509420.0788    779159.8235   5250972.8282   2   7   0.1500   0.0692   0.0795   0.0592   0.0337   0.0872  -0.10    2.9
2026/04/23 07:47:32.000   3509420.0785    779159.8237   5250972.8288   2   7   0.1499   0.0692   0.0795   0.0592   0.0337   0.0872   0.00    2.9
2026/04/23 07:47:32.100   3509420.0804    779159.8244   5250972.8287   2   7   0.1499   0.0692   0.0795   0.0592   0.0337   0.0872   0.10    2.9
2026/04/23 07:47:32.200   3509420.0823    779159.8254   5250972.8275   2   7   0.1499   0.0692   0.0795   0.0592   0.0337   0.0872   0.20    2.9
2026/04/23 07:47:32.300   3509420.0838    779159.8262   5250972.8264   2   7   0.1498   0.0692   0.0795   0.0591   0.0336   0.0872   0.30    2.9
2026/04/23 07:47:32.400   3509420.0858    779159.8258   5250972.8259   2   7   0.1498   0.0692   0.0794   0.0591   0.0336   0.0872   0.40    2.9
2026/04/23 07:47:32.500   3509420.0879    779159.8257   5250972.8257   2   7   0.1498   0.0691   0.0794   0.0591   0.0336   0.0872  -0.50    2.9
2026/04/23 07:47:32.600   3509420.0898    779159.8263   5250972.8252   2   7   0.1498   0.0691   0.0794   0.0591   0.0336   0.0871  -0.40    2.9
2026/04/23 07:47:32.700   3509420.0924    779159.8271   5250972.8244   2   7   0.1497   0.0691   0.0794   0.0591   0.0336   0.0871  -0.30    2.9
2026/04/23 07:47:32.800   3509420.0946    779159.8281   5250972.8239   2   7   0.1497   0.0691   0.0794   0.0591   0.0336   0.0871  -0.20    2.9
2026/04/23 07:47:32.900   3509420.0966    779159.8295   5250972.8233   2   7   0.1497   0.0691   0.0794   0.0591   0.0336   0.0871  -0.10    2.9
2026/04/23 07:47:33.000   3509420.0985    779159.8300   5250972.8231   2   7   0.1496   0.0691   0.0794   0.0591   0.0336   0.0871   0.00    2.9
2026/04/23 07:47:33.100   3509420.0996    779159.8300   5250972.8229   2   7   0.1496   0.0691   0.0794   0.0591   0.0336   0.0871   0.10    2.9
2026/04/23 07:47:33.200   3509420.1019    779159.8304   5250972.8230   2   7   0.1496   0.0690   0.0793   0.0591   0.0336   0.0871   0.20    2.9
2026/04/23 07:47:33.300   3509420.1049    779159.8309   5250972.8239   2   7   0.1495   0.0690   0.0793   0.0590   0.0336   0.0871   0.30    2.9
2026/04/23 07:47:33.400   3509420.1057    779159.8312   5250972.8250   2   7   0.1495   0.0690   0.0793   0.0590   0.0336   0.0870   0.40    2.9
2026/04/23 07:47:33.500   3509420.1065    779159.8318   5250972.8263   2   7   0.1495   0.0690   0.0793   0.0590   0.0336   0.0870  -0.50    2.9
2026/04/23 07:47:33.600   3509420.1075    779159.8320   5250972.8274   2   7   0.1494   0.0690   0.0793   0.0590   0.0336   0.0870  -0.40    2.9
2026/04/23 07:47:33.700   3509420.1089    779159.8330   5250972.8285   2   7   0.1494   0.0690   0.0793   0.0590   0.0336   0.0870  -0.30    2.9
2026/04/23 07:47:33.800   3509420.1093    779159.8334   5250972.8304   2   7   0.1494   0.0690   0.0793   0.0590   0.0336   0.0870  -0.20    2.9
2026/04/23 07:47:33.900   3509420.1114    779159.8344   5250972.8313   2   7   0.1493   0.0690   0.0793   0.0590   0.0336   0.0870  -0.10    2.9
2026/04/23 07:47:34.000   3509420.1142    779159.8349   5250972.8320   2   7   0.1493   0.0689   0.0792   0.0590   0.0336   0.0870   0.00    2.9
2026/04/23 07:47:34.100   3509420.1171    779159.8359   5250972.8316   2   7   0.1493   0.0689   0.0792   0.0590   0.0336   0.0869   0.10    2.9
2026/04/23 07:47:34.200   3509420.1199    779159.8367   5250972.8330   2   7   0.1492   0.0689   0.0792   0.0590   0.0335   0.0869   0.20    2.9
2026/04/23 07:47:34.300   3509420.1227    779159.8377   5250972.8337   2   7   0.1492   0.0689   0.0792   0.0589   0.0335   0.0869   0.30    2.9
2026/04/23 07:47:34.400   3509420.1246    779159.8380   5250972.8345   2   7   0.1492   0.0689   0.0792   0.0589   0.0335   0.0869   0.40    2.9
2026/04/23 07:47:34.500   3509420.1257    779159.8389   5250972.8349   2   7   0.1492   0.0689   0.0792   0.0589   0.0335   0.0869  -0.50    2.9
2026/04/23 07:47:34.600   3509420.1265    779159.8397   5250972.8352   2   7   0.1491   0.0689   0.0792   0.0589   0.0335   0.0869  -0.40    2.9
2026/04/23 07:47:34.700   3509420.1264    779159.8404   5250972.8350   2   7   0.1491   0.0688   0.0791   0.0589   0.0335   0.0869  -0.30    2.9
2026/04/23 07:47:34.800   3509420.1253    779159.8400   5250972.8356   2   7   0.1491   0.0688   0.0791   0.0589   0.0335   0.0868  -0.20    2.9
2026/04/23 07:47:34.900   3509420.1244    779159.8400   5250972.8368   2   7   0.1490   0.0688   0.0791   0.0589   0.0335   0.0868  -0.10    2.8
2026/04/23 07:47:35.000   3509420.1237    779159.8400   5250972.8375   2   7   0.1490   0.0688   0.0791   0.0589   0.0335   0.0868   0.00    2.8
2026/04/23 07:47:35.100   3509420.1224    779159.8399   5250972.8375   2   7   0.1490   0.0688   0.0791   0.0589   0.0335   0.0868   0.10    2.8
2026/04/23 07:47:35.200   3509420.1209    779159.8399   5250972.8374   2   7   0.1489   0.0688   0.0791   0.0588   0.0335   0.0868   0.20    2.8
2026/04/23 07:47:35.300   3509420.1191    779159.8401   5250972.8374   2   7   0.1489   0.0688   0.0791   0.0588   0.0335   0.0868   0.30    2.8
2026/04/23 07:47:35.400   3509420.1186    779159.8402   5250972.8376   2   7   0.1489   0.0687   0.0791   0.0588   0.0335   0.0868   0.40    2.8
2026/04/23 07:47:35.500   3509420.1175    779159.8405   5250972.8378   2   7   0.1488   0.0687   0.0790   0.0588   0.0335   0.0867  -0.50    2.8
2026/04/23 07:47:35.600   3509420.1183    779159.8406   5250972.8375   2   7   0.1488   0.0687   0.0790   0.0588   0.0335   0.0867  -0.40    2.8
2026/04/23 07:47:35.700   3509420.1193    779159.8411   5250972.8369   2   7   0.1488   0.0687   0.0790   0.0588   0.0335   0.0867  -0.30    2.8
2026/04/23 07:47:35.800   3509420.1192    779159.8413   5250972.8363   2   7   0.1487   0.0687   0.0790   0.0588   0.0335   0.0867  -0.20    2.8
2026/04/23 07:47:35.900   3509420.1196    779159.8415   5250972.8361   2   7   0.1487   0.0687   0.0790   0.0588   0.0334   0.0867  -0.10    2.8
2026/04/23 07:47:36.000   3509420.1217    779159.8419   5250972.8358   2   7   0.1487   0.0687   0.0790   0.0588   0.0334   0.0867   0.00    2.8
2026/04/23 07:47:36.100   3509420.1226    779159.8424   5250972.8348   2   7   0.1486   0.0687   0.0790   0.0587   0.0334   0.0867   0.10    2.8
2026/04/23 07:47:36.200   3509420.1244    779159.8428   5250972.8340   2   7   0.1486   0.0686   0.0789   0.0587   0.0334   0.0866   0.20    2.8
2026/04/23 07:47:36.300   3509420.1267    779159.8439   5250972.8327   2   7   0.1486   0.0686   0.0789   0.0587   0.0334   0.0866   0.30    2.8
2026/04/23 07:47:36.400   3509420.1280    779159.8446   5250972.8320   2   7   0.1485   0.0686   0.0789   0.0587   0.0334   0.0866   0.40    2.8
2026/04/23 07:47:36.500   3509420.1293    779159.8448   5250972.8319   2   7   0.1485   0.0686   0.0789   0.0587   0.0334   0.0866  -0.50    2.8
2026/04/23 07:47:36.600   3509420.1305    779159.8453   5250972.8319   2   7   0.1485   0.0686   0.0789   0.0587   0.0334   0.0866  -0.40    2.8
2026/04/23 07:47:36.700   3509420.1313    779159.8457   5250972.8315   2   7   0.1484   0.0686   0.0789   0.0587   0.0334   0.0866  -0.30    2.8
2026/04/23 07:47:36.800   3509420.1328    779159.8467   5250972.8323   2   7   0.1484   0.0686   0.0789   0.0587   0.0334   0.0866  -0.20    2.8
2026/04/23 07:47:36.900   3509420.1323    779159.8477   5250972.8330   2   7   0.1484   0.0685   0.0788   0.0587   0.0334   0.0865  -0.10    2.8
2026/04/23 07:47:37.000   3509420.1326    779159.8485   5250972.8333   2   7   0.1484   0.0685   0.0788   0.0586   0.0334   0.0865   0.00    2.8
2026/04/23 07:47:37.100   3509420.1330    779159.8489   5250972.8333   2   7   0.1483   0.0685   0.0788   0.0586   0.0334   0.0865   0.10    2.8
2026/04/23 07:47:37.200   3509420.1328    779159.8486   5250972.8345   2   7   0.1483   0.0685   0.0788   0.0586   0.0334   0.0865   0.20    2.8
2026/04/23 07:47:37.300   3509420.1322    779159.8479   5250972.8340   2   7   0.1483   0.0685   0.0788   0.0586   0.0334   0.0865   0.30    2.8
2026/04/23 07:47:37.400   3509420.1302    779159.8475   5250972.8338   2   7   0.1482   0.0685   0.0788   0.0586   0.0334   0.0865   0.40    2.8
2026/04/23 07:47:37.500   3509420.1284    779159.8475   5250972.8333   2   7   0.1482   0.0685   0.0788   0.0586   0.0334   0.0865  -0.50    2.8
2026/04/23 07:47:37.600   3509420.1281    779159.8481   5250972.8328   2   7   0.1482   0.0684   0.0787   0.0586   0.0333   0.0864  -0.40    2.8
2026/04/23 07:47:37.700   3509420.1268    779159.8479   5250972.8322   2   7   0.1481   0.0684   0.0787   0.0586   0.0333   0.0864  -0.30    2.8
2026/04/23 07:47:37.800   3509420.1261    779159.8478   5250972.8311   2   7   0.1481   0.0684   0.0787   0.0586   0.0333   0.0864  -0.20    2.8
2026/04/23 07:47:37.900   3509420.1254    779159.8484   5250972.8306   2   7   0.1481   0.0684   0.0787   0.0585   0.0333   0.0864  -0.10    2.8
2026/04/23 07:47:38.000   3509420.1245    779159.8495   5250972.8289   2   7   0.1480   0.0684   0.0787   0.0585   0.0333   0.0864   0.00    2.8
2026/04/23 07:47:38.100   3509420.1230    779159.8502   5250972.8278   2   7   0.1480   0.0684   0.0787   0.0585   0.0333   0.0864   0.10    2.8
2026/04/23 07:47:38.200   3509420.1232    779159.8501   5250972.8263   2   7   0.1480   0.0684   0.0787   0.0585   0.0333   0.0863   0.20    2.8
2026/04/23 07:47:38.300   3509420.1232    779159.8502   5250972.8255   2   7   0.1479   0.0684   0.0786   0.0585   0.0333   0.0863   0.30    2.8
2026/04/23 07:47:38.400   3509420.1232    779159.8503   5250972.8248   2   7   0.1479   0.0683   0.0786   0.0585   0.0333   0.0863   0.40    2.8
2026/04/23 07:47:38.500   3509420.1236    779159.8504   5250972.8231   2   7   0.1479   0.0683   0.0786   0.0585   0.0333   0.0863  -0.50    2.8
2026/04/23 07:47:38.600   3509420.1237    779159.8505   5250972.8213   2   7   0.1478   0.0683   0.0786   0.0585   0.0333   0.0863  -0.40    2.8
2026/04/23 07:47:38.700   3509420.1240    779159.8512   5250972.8197   2   7   0.1478   0.0683   0.0786   0.0585   0.0333   0.0863  -0.30    2.8
2026/04/23 07:47:38.800   3509420.1249    779159.8515   5250972.8182   2   7   0.1478   0.0683   0.0786   0.0584   0.0333   0.0863  -0.20    2.8
2026/04/23 07:47:38.900   3509420.1252    779159.8518   5250972.8164   2   7   0.1477   0.0683   0.0785   0.0584   0.0333   0.0862  -0.10    2.8
2026/04/23 07:47:39.000   3509420.1253    779159.8520   5250972.8146   2   7   0.1477   0.0683   0.0785   0.0584   0.0333   0.0862   0.00    2.8
2026/04/23 07:47:39.100   3509420.1254    779159.8526   5250972.8137   2   7   0.1477   0.0682   0.0785   0.0584   0.0332   0.0862   0.10    2.8
2026/04/23 07:47:39.200   3509420.1266    779159.8531   5250972.8118   2   7   0.1476   0.0682   0.0785   0.0584   0.0332   0.0862   0.20    2.8
2026/04/23 07:47:39.300   3509420.1269    779159.8537   5250972.8100   2   7   0.1476   0.0682   0.0785   0.0584   0.0332   0.0862   0.30    2.8
2026/04/23 07:47:39.400   3509420.1271    779159.8546   5250972.8092   2   7   0.1476   0.0682   0.0785   0.0584   0.0332   0.0862   0.40    2.8
2026/04/23 07:47:39.500   3509420.1273    779159.8555   5250972.8089   2   7   0.1475   0.0682   0.0785   0.0584   0.0332   0.0861  -0.50    2.8
2026/04/23 07:47:39.600   3509420.1275    779159.8556   5250972.8081   2   7   0.1475   0.0682   0.0784   0.0584   0.0332   0.0861  -0.40    2.8
2026/04/23 07:47:39.700   3509420.1282    779159.8560   5250972.8077   2   7   0.1475   0.0682   0.0784   0.0583   0.0332   0.0861  -0.30    2.8
2026/04/23 07:47:39.800   3509420.1280    779159.8562   5250972.8065   2   7   0.1474   0.0681   0.0784   0.0583   0.0332   0.0861  -0.20    2.8
2026/04/23 07:47:39.900   3509420.1284    779159.8564   5250972.8056   2   7   0.1474   0.0681   0.0784   0.0583   0.0332   0.0861  -0.10    2.8
2026/04/23 07:47:40.000   3509420.1292    779159.8565   5250972.8056   2   7   0.1474   0.0681   0.0784   0.0583   0.0332   0.0861   0.00    2.8
2026/04/23 07:47:40.100   3509420.1305    779159.8570   5250972.8056   2   7   0.1473   0.0681   0.0784   0.0583   0.0332   0.0860   0.10    2.8
2026/04/23 07:47:40.200   3509420.1309    779159.8570   5250972.8057   2   7   0.1473   0.0681   0.0783   0.0583   0.0332   0.0860   0.20    2.8
2026/04/23 07:47:40.300   3509420.1305    779159.8576   5250972.8052   2   7   0.1473   0.0681   0.0783   0.0583   0.0332   0.0860   0.30    2.8
2026/04/23 07:47:40.400   3509420.1310    779159.8579   5250972.8051   2   7   0.1473   0.0681   0.0783   0.0583   0.0332   0.0860   0.40    2.8
2026/04/23 07:47:40.500   3509420.1303    779159.8578   5250972.8051   2   7   0.1472   0.0681   0.0783   0.0583   0.0332   0.0860  -0.50    2.8
2026/04/23 07:47:40.600   3509420.1306    779159.8584   5250972.8055   2   7   0.1472   0.0680   0.0783   0.0582   0.0331   0.0860  -0.40    2.7
2026/04/23 07:47:40.700   3509420.1300    779159.8586   5250972.8057   2   7   0.1472   0.0680   0.0783   0.0582   0.0331   0.0860  -0.30    2.7
2026/04/23 07:47:40.800   3509420.1311    779159.8590   5250972.8057   2   7   0.1471   0.0680   0.0783   0.0582   0.0331   0.0859  -0.20    2.7
2026/04/23 07:47:40.900   3509420.1311    779159.8593   5250972.8058   2   7   0.1471   0.0680   0.0782   0.0582   0.0331   0.0859  -0.10    2.7
2026/04/23 07:47:41.000   3509420.1311    779159.8592   5250972.8055   2   7   0.1471   0.0680   0.0782   0.0582   0.0331   0.0859   0.00    2.7
2026/04/23 07:47:41.100   3509420.1320    779159.8596   5250972.8051   2   7   0.1470   0.0680   0.0782   0.0582   0.0331   0.0859   0.10    2.7
2026/04/23 07:47:41.200   3509420.1326    779159.8602   5250972.8050   2   7   0.1470   0.0680   0.0782   0.0582   0.0331   0.0859   0.20    2.7
2026/04/23 07:47:41.300   3509420.1334    779159.8612   5250972.8053   2   7   0.1470   0.0679   0.0782   0.0582   0.0331   0.0859   0.30    2.7
2026/04/23 07:47:41.400   3509420.1341    779159.8616   5250972.8057   2   7   0.1469   0.0679   0.0782   0.0581   0.0331   0.0858   0.40    2.7
2026/04/23 07:47:41.500   3509420.1345    779159.8623   5250972.8061   2   7   0.1469   0.0679   0.0781   0.0581   0.0331   0.0858  -0.50    2.7
2026/04/23 07:47:41.600   3509420.1357    779159.8630   5250972.8076   2   7   0.1469   0.0679   0.0781   0.0581   0.0331   0.0858  -0.40    2.7
2026/04/23 07:47:41.700   3509420.1360    779159.8629   5250972.8080   2   7   0.1468   0.0679   0.0781   0.0581   0.0331   0.0858  -0.30    2.7
2026/04/23 07:47:41.800   3509420.1357    779159.8629   5250972.8084   2   7   0.1468   0.0679   0.0781   0.0581   0.0331   0.0858  -0.20    2.7
2026/04/23 07:47:41.900   3509420.1355    779159.8628   5250972.8087   2   7   0.1468   0.0679   0.0781   0.0581   0.0331   0.0858  -0.10    2.7
2026/04/23 07:47:42.000   3509420.1341    779159.8638   5250972.8090   2   7   0.1467   0.0678   0.0781   0.0581   0.0330   0.0857   0.00    2.7
2026/04/23 07:47:42.100   3509420.1330    779159.8650   5250972.8090   2   7   0.1467   0.0678   0.0780   0.0581   0.0330   0.0857   0.10    2.7
2026/04/23 07:47:42.200   3509420.1319    779159.8658   5250972.8092   2   7   0.1467   0.0678   0.0780   0.0581   0.0330   0.0857   0.20    2.7
2026/04/23 07:47:42.300   3509420.1311    779159.8664   5250972.8086   2   7   0.1466   0.0678   0.0780   0.0580   0.0330   0.0857   0.30    2.7
2026/04/23 07:47:42.400   3509420.1303    779159.8665   5250972.8082   2   7   0.1466   0.0678   0.0780   0.0580   0.0330   0.0857   0.40    2.7
2026/04/23 07:47:42.500   3509420.1310    779159.8673   5250972.8077   2   7   0.1466   0.0678   0.0780   0.0580   0.0330   0.0857  -0.50    2.7
2026/04/23 07:47:42.600   3509420.1309    779159.8679   5250972.8067   2   7   0.1465   0.0678   0.0780   0.0580   0.0330   0.0856  -0.40    2.7
2026/04/23 07:47:42.700   3509420.1321    779159.8684   5250972.8054   2   7   0.1465   0.0678   0.0779   0.0580   0.0330   0.0856  -0.30    2.7
2026/04/23 07:47:42.800   3509420.1314    779159.8687   5250972.8055   2   7   0.1465   0.0677   0.0779   0.0580   0.0330   0.0856  -0.20    2.7
2026/04/23 07:47:42.900   3509420.1317    779159.8690   5250972.8047   2   7   0.1464   0.0677   0.0779   0.0580   0.0330   0.0856  -0.10    2.7
2026/04/23 07:47:43.000   3509420.1293    779159.8681   5250972.8039   2   7   0.1464   0.0677   0.0779   0.0580   0.0330   0.0856   0.00    2.7
2026/04/23 07:47:43.100   3509420.1292    779159.8683   5250972.8039   2   7   0.1464   0.0677   0.0779   0.0579   0.0330   0.0855   0.10    2.7
2026/04/23 07:47:43.200   3509420.1285    779159.8678   5250972.8040   2   7   0.1463   0.0677   0.0779   0.0579   0.0330   0.0855   0.20    2.7
2026/04/23 07:47:43.300   3509420.1299    779159.8680   5250972.8042   2   7   0.1463   0.0677   0.0778   0.0579   0.0329   0.0855   0.30    2.7
2026/04/23 07:47:43.400   3509420.1310    779159.8683   5250972.8036   2   7   0.1463   0.0677   0.0778   0.0579   0.0329   0.0855   0.40    2.7
2026/04/23 07:47:43.500   3509420.1295    779159.8684   5250972.8033   2   7   0.1462   0.0676   0.0778   0.0579   0.0329   0.0855  -0.50    2.7
2026/04/23 07:47:43.600   3509420.1293    779159.8689   5250972.8026   2   7   0.1462   0.0676   0.0778   0.0579   0.0329   0.0855  -0.40    2.7
2026/04/23 07:47:43.700   3509420.1289    779159.8698   5250972.8024   2   7   0.1462   0.0676   0.0778   0.0579   0.0329   0.0854  -0.30    2.7
2026/04/23 07:47:43.800   3509420.1296    779159.8709   5250972.8019   2   7   0.1461   0.0676   0.0778   0.0579   0.0329   0.0854  -0.20    2.7
2026/04/23 07:47:43.900   3509420.1312    779159.8713   5250972.8015   2   7   0.1461   0.0676   0.0777   0.0578   0.0329   0.0854  -0.10    2.7
2026/04/23 07:47:44.000   3509420.1329    779159.8721   5250972.8022   2   7   0.1461   0.0676   0.0777   0.0578   0.0329   0.0854   0.00    2.7
2026/04/23 07:47:44.100   3509420.1348    779159.8725   5250972.8034   2   7   0.1460   0.0676   0.0777   0.0578   0.0329   0.0854   0.10    2.7
2026/04/23 07:47:44.200   3509420.1360    779159.8732   5250972.8036   2   7   0.1460   0.0676   0.0777   0.0578   0.0329   0.0854   0.20    2.7
2026/04/23 07:47:44.300   3509420.1370    779159.8737   5250972.8046   2   7   0.1460   0.0675   0.0777   0.0578   0.0329   0.0853   0.30    2.7
2026/04/23 07:47:44.400   3509420.1387    779159.8740   5250972.8052   2   7   0.1459   0.0675   0.0777   0.0578   0.0329   0.0853   0.40    2.7
2026/04/23 07:47:44.500   3509420.1395    779159.8747   5250972.8056   2   7   0.1459   0.0675   0.0776   0.0578   0.0329   0.0853  -0.50    2.7
2026/04/23 07:47:44.600   3509420.1405    779159.8756   5250972.8062   2   7   0.1459   0.0675   0.0776   0.0578   0.0328   0.0853  -0.40    2.7
2026/04/23 07:47:44.700   3509420.1397    779159.8765   5250972.8068   2   7   0.1458   0.0675   0.0776   0.0578   0.0328   0.0853  -0.30    2.7
2026/04/23 07:47:44.800   3509420.1392    779159.8767   5250972.8075   2   7   0.1458   0.0675   0.0776   0.0577   0.0328   0.0853  -0.20    2.7
2026/04/23 07:47:44.900   3509420.1404    779159.8776   5250972.8069   2   7   0.1458   0.0675   0.0776   0.0577   0.0328   0.0852  -0.10    2.7
2026/04/23 07:47:45.000   3509420.1404    779159.8789   5250972.8059   2   7   0.1457   0.0674   0.0775   0.0577   0.0328   0.0852   0.00    2.7
2026/04/23 07:47:45.100   3509420.1408    779159.8792   5250972.8053   2   7   0.1457   0.0674   0.0775   0.0577   0.0328   0.0852   0.10    2.7
2026/04/23 07:47:45.200   3509420.1397    779159.8790   5250972.8043   2   7   0.1457   0.0674   0.0775   0.0577   0.0328   0.0852   0.20    2.7
2026/04/23 07:47:45.300   3509420.1388    779159.8788   5250972.8033   2   7   0.1456   0.0674   0.0775   0.0577   0.0328   0.0852   0.30    2.7
2026/04/23 07:47:45.400   3509420.1405    779159.8790   5250972.8029   2   7   0.1456   0.0674   0.0775   0.0577   0.0328   0.0851   0.40    2.7
2026/04/23 07:47:45.500   3509420.1429    779159.8787   5250972.8032   2   7   0.1456   0.0674   0.0775   0.0577   0.0328   0.0851  -0.50    2.7
2026/04/23 07:47:45.600   3509420.1447    779159.8794   5250972.8031   2   7   0.1455   0.0674   0.0774   0.0576   0.0328   0.0851  -0.40    2.7
2026/04/23 07:47:45.700   3509420.1461    779159.8800   5250972.8029   2   7   0.1455   0.0674   0.0774   0.0576   0.0328   0.0851  -0.30    2.7
2026/04/23 07:47:45.800   3509420.1469    779159.8811   5250972.8026   2   7   0.1455   0.0673   0.0774   0.0576   0.0328   0.0851  -0.20    2.7
2026/04/23 07:47:45.900   3509420.1496    779159.8818   5250972.8023   2   7   0.1454   0.0673   0.0774   0.0576   0.0327   0.0851  -0.10    2.7
2026/04/23 07:47:46.000   3509420.1526    779159.8829   5250972.8025   2   7   0.1454   0.0673   0.0774   0.0576   0.0327   0.0850   0.00    2.7
2026/04/23 07:47:46.100   3509420.1532    779159.8832   5250972.8032   2   7   0.1454   0.0673   0.0773   0.0576   0.0327   0.0850   0.10    2.7
2026/04/23 07:47:46.200   3509420.1543    779159.8841   5250972.8041   2   7   0.1453   0.0673   0.0773   0.0576   0.0327   0.0850   0.20    2.7
2026/04/23 07:47:46.300   3509420.1554    779159.8844   5250972.8043   2   7   0.1453   0.0673   0.0773   0.0576   0.0327   0.0850   0.30    2.7
2026/04/23 07:47:46.400   3509420.1562    779159.8850   5250972.8042   2   7   0.1453   0.0673   0.0773   0.0575   0.0327   0.0850   0.40    2.7
2026/04/23 07:47:46.500   3509420.1575    779159.8855   5250972.8047   2   7   0.1452   0.0672   0.0773   0.0575   0.0327   0.0849  -0.50    2.7
2026/04/23 07:47:46.600   3509420.1581    779159.8861   5250972.8057   2   7   0.1452   0.0672   0.0773   0.0575   0.0327   0.0849  -0.40    2.7
2026/04/23 07:47:46.700   3509420.1591    779159.8869   5250972.8068   2   7   0.1452   0.0672   0.0772   0.0575   0.0327   0.0849  -0.30    2.7
2026/04/23 07:47:46.800   3509420.1605    779159.8872   5250972.8081   2   7   0.1451   0.0672   0.0772   0.0575   0.0327   0.0849  -0.20    2.7
2026/04/23 07:47:46.900   3509420.1609    779159.8876   5250972.8096   2   7   0.1451   0.0672   0.0772   0.0575   0.0327   0.0849  -0.10    2.7
2026/04/23 07:47:47.000   3509420.1619    779159.8879   5250972.8113   2   7   0.1451   0.0672   0.0772   0.0575   0.0327   0.0849   0.00    2.7
2026/04/23 07:47:47.100   3509420.1612    779159.8879   5250972.8124   2   7   0.1450   0.0672   0.0772   0.0575   0.0326   0.0848   0.10    2.7
2026/04/23 07:47:47.200   3509420.1620    779159.8883   5250972.8126   2   7   0.1450   0.0671   0.0771   0.0574   0.0326   0.0848   0.20    2.7
2026/04/23 07:47:47.300   3509420.1640    779159.8888   5250972.8122   2   7   0.1450   0.0671   0.0771   0.0574   0.0326   0.0848   0.30    2.6
2026/04/23 07:47:47.400   3509420.1654    779159.8892   5250972.8122   2   7   0.1449   0.0671   0.0771   0.0574   0.0326   0.0848   0.40    2.6
2026/04/23 07:47:47.500   3509420.1666    779159.8895   5250972.8126   2   7   0.1449   0.0671   0.0771   0.0574   0.0326   0.0848  -0.50    2.6
2026/04/23 07:47:47.600   3509420.1674    779159.8902   5250972.8126   2   7   0.1449   0.0671   0.0771   0.0574   0.0326   0.0847  -0.40    2.6
2026/04/23 07:47:47.700   3509420.1681    779159.8906   5250972.8128   2   7   0.1448   0.0671   0.0771   0.0574   0.0326   0.0847  -0.30    2.6
2026/04/23 07:47:47.800   3509420.1698    779159.8908   5250972.8128   2   7   0.1448   0.0671   0.0770   0.0574   0.0326   0.0847  -0.20    2.6
2026/04/23 07:47:47.900   3509420.1719    779159.8908   5250972.8133   2   7   0.1448   0.0671   0.0770   0.0574   0.0326   0.0847  -0.10    2.6
2026/04/23 07:47:48.000   3509420.1727    779159.8913   5250972.8133   2   7   0.1447   0.0670   0.0770   0.0573   0.0326   0.0847   0.00    2.6
2026/04/23 07:47:48.100   3509420.1738    779159.8915   5250972.8143   2   7   0.1447   0.0670   0.0770   0.0573   0.0326   0.0846   0.10    2.6
2026/04/23 07:47:48.200   3509420.1746    779159.8919   5250972.8150   2   7   0.1447   0.0670   0.0770   0.0573   0.0325   0.0846   0.20    2.6
2026/04/23 07:47:48.300   3509420.1760    779159.8921   5250972.8156   2   7   0.1446   0.0670   0.0769   0.0573   0.0325   0.0846   0.30    2.6
2026/04/23 07:47:48.400   3509420.1763    779159.8926   5250972.8157   2   7   0.1446   0.0670   0.0769   0.0573   0.0325   0.0846   0.40    2.6
2026/04/23 07:47:48.500   3509420.1761    779159.8930   5250972.8151   2   7   0.1446   0.0670   0.0769   0.0573   0.0325   0.0846  -0.50    2.6
2026/04/23 07:47:48.600   3509420.1779    779159.8933   5250972.8148   2   7   0.1445   0.0670   0.0769   0.0573   0.0325   0.0845  -0.40    2.6
2026/04/23 07:47:48.700   3509420.1776    779159.8936   5250972.8143   2   7   0.1445   0.0669   0.0769   0.0572   0.0325   0.0845  -0.30    2.6
2026/04/23 07:47:48.800   3509420.1780    779159.8935   5250972.8142   2   7   0.1445   0.0669   0.0768   0.0572   0.0325   0.0845  -0.20    2.6
2026/04/23 07:47:48.900   3509420.1781    779159.8938   5250972.8143   2   7   0.1444   0.0669   0.0768   0.0572   0.0325   0.0845  -0.10    2.6
2026/04/23 07:47:49.000   3509420.1772    779159.8938   5250972.8155   2   7   0.1444   0.0669   0.0768   0.0572   0.0325   0.0845   0.00    2.6
2026/04/23 07:47:49.100   3509420.1745    779159.8936   5250972.8156   2   7   0.1444   0.0669   0.0768   0.0572   0.0325   0.0845   0.10    2.6
2026/04/23 07:47:49.200   3509420.1727    779159.8931   5250972.8152   2   7   0.1443   0.0669   0.0768   0.0572   0.0325   0.0844   0.20    2.6
2026/04/23 07:47:49.300   3509420.1727    779159.8924   5250972.8163   2   7   0.1443   0.0669   0.0767   0.0572   0.0325   0.0844   0.30    2.6
2026/04/23 07:47:49.400   3509420.1725    779159.8921   5250972.8164   2   7   0.1443   0.0669   0.0767   0.0572   0.0324   0.0844   0.40    2.6
2026/04/23 07:47:49.500   3509420.1714    779159.8918   5250972.8161   2   7   0.1442   0.0668   0.0767   0.0571   0.0324   0.0844  -0.50    2.6
2026/04/23 07:47:49.600   3509420.1714    779159.8921   5250972.8159   2   7   0.1442   0.0668   0.0767   0.0571   0.0324   0.0844  -0.40    2.6
2026/04/23 07:47:49.700   3509420.1731    779159.8927   5250972.8154   2   7   0.1442   0.0668   0.0767   0.0571   0.0324   0.0843  -0.30    2.6
2026/04/23 07:47:49.800   3509420.1752    779159.8936   5250972.8160   2   7   0.1441   0.0668   0.0766   0.0571   0.0324   0.0843  -0.20    2.6
2026/04/23 07:47:49.900   3509420.1769    779159.8942   5250972.8159   2   7   0.1441   0.0668   0.0766   0.0571   0.0324   0.0843  -0.10    2.6
2026/04/23 07:47:50.000   3509420.1792    779159.8941   5250972.8155   2   7   0.1441   0.0668   0.0766   0.0571   0.0324   0.0843   0.00    2.6
2026/04/23 07:47:50.100   3509420.1801    779159.8943   5250972.8143   2   7   0.1440   0.0668   0.0766   0.0571   0.0324   0.0843   0.10    2.6
2026/04/23 07:47:50.200   3509420.1812    779159.8951   5250972.8136   2   7   0.1440   0.0667   0.0766   0.0571   0.0324   0.0842   0.20    2.6
2026/04/23 07:47:50.300   3509420.1820    779159.8958   5250972.8140   2   7   0.1440   0.0667   0.0765   0.0570   0.0324   0.0842   0.30    2.6
2026/04/23 07:47:50.400   3509420.1814    779159.8956   5250972.8141   2   7   0.1439   0.0667   0.0765   0.0570   0.0324   0.0842   0.40    2.6
2026/04/23 07:47:50.500   3509420.1829    779159.8959   5250972.8145   2   7   0.1439   0.0667   0.0765   0.0570   0.0323   0.0842  -0.50    2.6
2026/04/23 07:47:50.600   3509420.1833    779159.8969   5250972.8168   2   7   0.1439   0.0667   0.0765   0.0570   0.0323   0.0842  -0.40    2.6
2026/04/23 07:47:50.700   3509420.1846    779159.8972   5250972.8185   2   7   0.1438   0.0667   0.0765   0.0570   0.0323   0.0841  -0.30    2.6
2026/04/23 07:47:50.800   3509420.1864    779159.8970   5250972.8194   2   7   0.1438   0.0667   0.0764   0.0570   0.0323   0.0841  -0.20    2.6
2026/04/23 07:47:50.900   3509420.1871    779159.8976   5250972.8204   2   7   0.1438   0.0667   0.0764   0.0570   0.0323   0.0841  -0.10    2.6
2026/04/23 07:47:51.000   3509420.1877    779159.8969   5250972.8225   2   7   0.1437   0.0666   0.0764   0.0569   0.0323   0.0841   0.00    2.6
2026/04/23 07:47:51.100   3509420.1884    779159.8968   5250972.8233   2   7   0.1437   0.0666   0.0764   0.0569   0.0323   0.0841   0.10    2.6
2026/04/23 07:47:51.200   3509420.1885    779159.8971   5250972.8250   2   7   0.1437   0.0666   0.0764   0.0569   0.0323   0.0840   0.20    2.6
2026/04/23 07:47:51.300   3509420.1890    779159.8973   5250972.8265   2   7   0.1436   0.0666   0.0763   0.0569   0.0323   0.0840   0.30    2.6
2026/04/23 07:47:51.400   3509420.1896    779159.8976   5250972.8280   2   7   0.1436   0.0666   0.0763   0.0569   0.0323   0.0840   0.40    2.6
2026/04/23 07:47:51.500   3509420.1899    779159.8989   5250972.8293   2   7   0.1436   0.0666   0.0763   0.0569   0.0323   0.0840  -0.50    2.6
2026/04/23 07:47:51.600   3509420.1888    779159.8999   5250972.8311   2   7   0.1435   0.0666   0.0763   0.0569   0.0322   0.0840  -0.40    2.6
2026/04/23 07:47:51.700   3509420.1887    779159.9004   5250972.8313   2   7   0.1435   0.0665   0.0763   0.0569   0.0322   0.0839  -0.30    2.6
2026/04/23 07:47:51.800   3509420.1909    779159.9019   5250972.8314   2   7   0.1435   0.0665   0.0762   0.0568   0.0322   0.0839  -0.20    2.6
2026/04/23 07:47:51.900   3509420.1922    779159.9025   5250972.8327   2   7   0.1434   0.0665   0.0762   0.0568   0.0322   0.0839  -0.10    2.6
2026/04/23 07:47:52.000   3509420.1941    779159.9029   5250972.8332   2   7   0.1434   0.0665   0.0762   0.0568   0.0322   0.0839   0.00    2.6
2026/04/23 07:47:52.100   3509420.1951    779159.9030   5250972.8336   2   7   0.1433   0.0665   0.0762   0.0568   0.0322   0.0839   0.10    2.6
2026/04/23 07:47:52.200   3509420.1955    779159.9042   5250972.8336   2   7   0.1433   0.0665   0.0762   0.0568   0.0322   0.0838   0.20    2.6
2026/04/23 07:47:52.300   3509420.1958    779159.9056   5250972.8341   2   7   0.1433   0.0665   0.0761   0.0568   0.0322   0.0838   0.30    2.6
2026/04/23 07:47:52.400   3509420.1941    779159.9066   5250972.8349   2   7   0.1432   0.0665   0.0761   0.0568   0.0322   0.0838   0.40    2.6
2026/04/23 07:47:52.500   3509420.1949    779159.9081   5250972.8346   2   7   0.1432   0.0664   0.0761   0.0568   0.0322   0.0838  -0.50    2.6
2026/04/23 07:47:52.600   3509420.1964    779159.9086   5250972.8349   2   7   0.1432   0.0664   0.0761   0.0567   0.0322   0.0838  -0.40    2.6
2026/04/23 07:47:52.700   3509420.1969    779159.9087   5250972.8342   2   7   0.1431   0.0664   0.0761   0.0567   0.0321   0.0837  -0.30    2.6
2026/04/23 07:47:52.800   3509420.1970    779159.9088   5250972.8336   2   7   0.1431   0.0664   0.0760   0.0567   0.0321   0.0837  -0.20    2.6
2026/04/23 07:47:52.900   3509420.1948    779159.9096   5250972.8333   2   7   0.1431   0.0664   0.0760   0.0567   0.0321   0.0837  -0.10    2.6
2026/04/23 07:47:53.000   3509420.1951    779159.9107   5250972.8326   2   7   0.1430   0.0664   0.0760   0.0567   0.0321   0.0837   0.00    2.6
2026/04/23 07:47:53.100   3509420.1941    779159.9109   5250972.8333   2   7   0.1430   0.0664   0.0760   0.0567   0.0321   0.0836   0.10    2.6
2026/04/23 07:47:53.200   3509420.1942    779159.9113   5250972.8332   2   7   0.1430   0.0663   0.0760   0.0567   0.0321   0.0836   0.20    2.6
2026/04/23 07:47:53.300   3509420.1940    779159.9112   5250972.8336   2   7   0.1429   0.0663   0.0759   0.0566   0.0321   0.0836   0.30    2.6
2026/04/23 07:47:53.400   3509420.1941    779159.9118   5250972.8327   2   7   0.1429   0.0663   0.0759   0.0566   0.0321   0.0836   0.40    2.6
2026/04/23 07:47:53.500   3509420.1943    779159.9125   5250972.8305   2   7   0.1429   0.0663   0.0759   0.0566   0.0321   0.0836  -0.50    2.6
2026/04/23 07:47:53.600   3509420.1932    779159.9122   5250972.8294   2   7   0.1428   0.0663   0.0759   0.0566   0.0321   0.0835  -0.40    2.6
2026/04/23 07:47:53.700   3509420.1954    779159.9125   5250972.8278   2   7   0.1428   0.0663   0.0759   0.0566   0.0320   0.0835  -0.30    2.6
2026/04/23 07:47:53.800   3509420.1968    779159.9127   5250972.8272   2   7   0.1428   0.0663   0.0758   0.0566   0.0320   0.0835  -0.20    2.6
2026/04/23 07:47:53.900   3509420.1956    779159.9132   5250972.8265   2   7   0.1427   0.0663   0.0758   0.0566   0.0320   0.0835  -0.10    2.6
2026/04/23 07:47:54.000   3509420.1967    779159.9140   5250972.8259   2   7   0.1427   0.0662   0.0758   0.0565   0.0320   0.0835   0.00    2.6
2026/04/23 07:47:54.100   3509420.1987    779159.9148   5250972.8263   2   7   0.1427   0.0662   0.0758   0.0565   0.0320   0.0834   0.10    2.6
2026/04/23 07:47:54.200   3509420.2016    779159.9164   5250972.8256   2   7   0.1426   0.0662   0.0757   0.0565   0.0320   0.0834   0.20    2.6
2026/04/23 07:47:54.300   3509420.2051    779159.9171   5250972.8261   2   7   0.1426   0.0662   0.0757   0.0565   0.0320   0.0834   0.30    2.6
2026/04/23 07:47:54.400   3509420.2069    779159.9171   5250972.8265   2   8   0.1425   0.0662   0.0757   0.0565   0.0320   0.0833   0.40    1.2
2026/04/23 07:47:54.500   3509420.2098    779159.9170   5250972.8262   2   8   0.1425   0.0662   0.0757   0.0565   0.0320   0.0833  -0.50    1.2
2026/04/23 07:47:54.600   3509420.2107    779159.9178   5250972.8269   2   8   0.1424   0.0662   0.0756   0.0565   0.0320   0.0833  -0.40    1.4
2026/04/23 07:47:54.700   3509420.2131    779159.9180   5250972.8287   2   8   0.1424   0.0661   0.0756   0.0565   0.0319   0.0833  -0.30    1.6
2026/04/23 07:47:54.800   3509420.2162    779159.9181   5250972.8297   2   8   0.1423   0.0661   0.0756   0.0565   0.0319   0.0832  -0.20    1.7
2026/04/23 07:47:54.900   3509420.2165    779159.9184   5250972.8303   2   8   0.1422   0.0661   0.0756   0.0565   0.0319   0.0832  -0.10    1.9
2026/04/23 07:47:55.000   3509420.2167    779159.9188   5250972.8315   2   8   0.1422   0.0661   0.0755   0.0564   0.0319   0.0832   0.00    2.0
2026/04/23 07:47:55.100   3509420.2177    779159.9191   5250972.8330   2   8   0.1421   0.0661   0.0755   0.0564   0.0319   0.0832   0.10    2.2
2026/04/23 07:47:55.200   3509420.2184    779159.9194   5250972.8343   2   8   0.1421   0.0661   0.0755   0.0564   0.0319   0.0831   0.20    2.3
2026/04/23 07:47:55.300   3509420.2201    779159.9192   5250972.8367   2   8   0.1420   0.0661   0.0755   0.0564   0.0319   0.0831   0.30    2.4
2026/04/23 07:47:55.400   3509420.2217    779159.9194   5250972.8386   2   8   0.1419   0.0660   0.0754   0.0564   0.0319   0.0831   0.40    2.6
2026/04/23 07:47:55.500   3509420.2229    779159.9200   5250972.8403   2   8   0.1419   0.0660   0.0754   0.0564   0.0319   0.0830  -0.50    2.7
2026/04/23 07:47:55.600   3509420.2237    779159.9197   5250972.8417   2   8   0.1418   0.0660   0.0754   0.0564   0.0319   0.0830  -0.40    2.8
2026/04/23 07:47:55.700   3509420.2241    779159.9196   5250972.8435   2   8   0.1417   0.0660   0.0754   0.0564   0.0319   0.0829  -0.30    2.8
2026/04/23 07:47:55.800   3509420.2264    779159.9202   5250972.8448   2   8   0.1417   0.0660   0.0753   0.0564   0.0318   0.0829  -0.20    2.8
2026/04/23 07:47:55.900   3509420.2297    779159.9206   5250972.8455   2   8   0.1416   0.0660   0.0753   0.0564   0.0318   0.0829  -0.10    2.8
2026/04/23 07:47:56.000   3509420.2330    779159.9212   5250972.8454   2   8   0.1416   0.0660   0.0753   0.0563   0.0318   0.0828   0.00    2.8
2026/04/23 07:47:56.100   3509420.2371    779159.9216   5250972.8458   2   8   0.1415   0.0660   0.0752   0.0563   0.0318   0.0828   0.10    2.8
2026/04/23 07:47:56.200   3509420.2402    779159.9223   5250972.8460   2   8   0.1415   0.0659   0.0752   0.0563   0.0318   0.0828   0.20    2.8
2026/04/23 07:47:56.300   3509420.2427    779159.9226   5250972.8463   2   8   0.1414   0.0659   0.0752   0.0563   0.0318   0.0827   0.30    2.8
2026/04/23 07:47:56.400   3509420.2458    779159.9225   5250972.8462   2   8   0.1413   0.0659   0.0751   0.0563   0.0318   0.0827   0.40    2.9
2026/04/23 07:47:56.500   3509420.2486    779159.9226   5250972.8462   2   8   0.1413   0.0659   0.0751   0.0563   0.0317   0.0826  -0.50    2.9
2026/04/23 07:47:56.600   3509420.2504    779159.9229   5250972.8464   2   8   0.1412   0.0659   0.0751   0.0562   0.0317   0.0826  -0.40    2.9
2026/04/23 07:47:56.700   3509420.2524    779159.9232   5250972.8465   2   8   0.1412   0.0659   0.0751   0.0562   0.0317   0.0826  -0.30    2.9
2026/04/23 07:47:56.800   3509420.2543    779159.9230   5250972.8473   2   8   0.1411   0.0659   0.0750   0.0562   0.0317   0.0825  -0.20    2.9
2026/04/23 07:47:56.900   3509420.2559    779159.9232   5250972.8477   2   8   0.1411   0.0658   0.0750   0.0562   0.0317   0.0825  -0.10    2.9
2026/04/23 07:47:57.000   3509420.2587    779159.9235   5250972.8483   2   8   0.1410   0.0658   0.0750   0.0562   0.0317   0.0824   0.00    2.9
2026/04/23 07:47:57.100   3509420.2609    779159.9238   5250972.8492   2   8   0.1410   0.0658   0.0749   0.0562   0.0317   0.0824   0.10    2.9
2026/04/23 07:47:57.200   3509420.2618    779159.9238   5250972.8492   2   8   0.1409   0.0658   0.0749   0.0561   0.0317   0.0824   0.20    3.0
2026/04/23 07:47:57.300   3509420.2633    779159.9233   5250972.8507   2   8   0.1409   0.0658   0.0749   0.0561   0.0316   0.0823   0.30    3.0
2026/04/23 07:47:57.400   3509420.2649    779159.9229   5250972.8518   2   8   0.1408   0.0658   0.0748   0.0561   0.0316   0.0823   0.40    3.0
2026/04/23 07:47:57.500   3509420.2664    779159.9236   5250972.8526   2   8   0.1408   0.0658   0.0748   0.0561   0.0316   0.0823  -0.50    3.0
2026/04/23 07:47:57.600   3509420.2680    779159.9237   5250972.8543   2   8   0.1407   0.0657   0.0748   0.0561   0.0316   0.0822  -0.40    3.0
2026/04/23 07:47:57.700   3509420.2691    779159.9233   5250972.8546   2   8   0.1407   0.0657   0.0747   0.0561   0.0316   0.0822  -0.30    3.0
2026/04/23 07:47:57.800   3509420.2694    779159.9226   5250972.8551   2   8   0.1406   0.0657   0.0747   0.0560   0.0316   0.0822  -0.20    3.0
2026/04/23 07:47:57.900   3509420.2686    779159.9223   5250972.8554   2   8   0.1406   0.0657   0.0747   0.0560   0.0316   0.0821  -0.10    3.0
2026/04/23 07:47:58.000   3509420.2688    779159.9220   5250972.8554   2   8   0.1405   0.0657   0.0747   0.0560   0.0316   0.0821   0.00    3.0
2026/04/23 07:47:58.100   3509420.2706    779159.9216   5250972.8559   2   8   0.1405   0.0657   0.0746   0.0560   0.0315   0.0821   0.10    3.0
2026/04/23 07:47:58.200   3509420.2735    779159.9220   5250972.8558   2   8   0.1404   0.0657   0.0746   0.0560   0.0315   0.0820   0.20    3.0
2026/04/23 07:47:58.300   3509420.2757    779159.9221   5250972.8557   2   8   0.1404   0.0657   0.0746   0.0560   0.0315   0.0820   0.30    3.0
2026/04/23 07:47:58.400   3509420.2789    779159.9217   5250972.8555   2   8   0.1403   0.0656   0.0746   0.0560   0.0315   0.0820   0.40    3.0
2026/04/23 07:47:58.500   3509420.2803    779159.9215   5250972.8552   2   8   0.1403   0.0656   0.0745   0.0559   0.0315   0.0819  -0.50    3.0
2026/04/23 07:47:58.600   3509420.2808    779159.9214   5250972.8553   2   8   0.1402   0.0656   0.0745   0.0559   0.0315   0.0819  -0.40    3.0
2026/04/23 07:47:58.700   3509420.2810    779159.9223   5250972.8550   2   8   0.1402   0.0656   0.0745   0.0559   0.0315   0.0819  -0.30    3.0
2026/04/23 07:47:58.800   3509420.2814    779159.9233   5250972.8551   2   8   0.1401   0.0656   0.0744   0.0559   0.0315   0.0819  -0.20    3.0
2026/04/23 07:47:58.900   3509420.2825    779159.9230   5250972.8550   2   8   0.1401   0.0656   0.0744   0.0559   0.0315   0.0818  -0.10    3.0
2026/04/23 07:47:59.000   3509420.2833    779159.9227   5250972.8538   2   8   0.1400   0.0656   0.0744   0.0559   0.0314   0.0818   0.00    3.0
2026/04/23 07:47:59.100   3509420.2847    779159.9219   5250972.8538   2   8   0.1400   0.0655   0.0744   0.0559   0.0314   0.0818   0.10    3.0
2026/04/23 07:47:59.200   3509420.2859    779159.9211   5250972.8540   2   8   0.1399   0.0655   0.0743   0.0558   0.0314   0.0817   0.20    3.1
2026/04/23 07:47:59.300   3509420.2871    779159.9209   5250972.8544   2   8   0.1399   0.0655   0.0743   0.0558   0.0314   0.0817   0.30    3.1
2026/04/23 07:47:59.400   3509420.2880    779159.9206   5250972.8547   2   8   0.1399   0.0655   0.0743   0.0558   0.0314   0.0817   0.40    3.1
2026/04/23 07:47:59.500   3509420.2882    779159.9208   5250972.8549   2   8   0.1398   0.0655   0.0743   0.0558   0.0314   0.0816  -0.50    3.1
2026/04/23 07:47:59.600   3509420.2898    779159.9217   5250972.8553   2   8   0.1398   0.0655   0.0742   0.0558   0.0314   0.0816  -0.40    3.1
2026/04/23 07:47:59.700   3509420.2905    779159.9224   5250972.8559   2   8   0.1397   0.0655   0.0742   0.0558   0.0314   0.0816  -0.30    3.1
2026/04/23 07:47:59.800   3509420.2905    779159.9228   5250972.8561   2   8   0.1397   0.0655   0.0742   0.0558   0.0314   0.0816  -0.20    3.1
2026/04/23 07:47:59.900   3509420.2917    779159.9228   5250972.8565   2   8   0.1396   0.0654   0.0742   0.0557   0.0313   0.0815  -0.10    3.1
2026/04/23 07:48:00.000   3509420.2926    779159.9226   5250972.8565   2   8   0.1396   0.0654   0.0741   0.0557   0.0313   0.0815   0.00    3.1
